<document global-id="sr-01-129"><url>http://www.politika.rs/scc/clanak/352089/%D0%91%D0%B5%D0%BA%D0%B8%D0%BC%D0%BE%D0%B2%D0%B0-%D0%BA%D1%9A%D0%B8%D0%B3%D0%B0-%D0%B7%D0%B0%D1%80%D0%BE%D0%B1%D1%99%D0%B5%D0%BD%D0%B0-%D0%BD%D0%B0-%D0%B0%D0%B4%D0%BC%D0%B8%D0%BD%D0%B8%D1%81%D1%82%D1%80%D0%B0%D1%82%D0%B8%D0%B2%D0%BD%D0%BE%D0%BC-%D0%BF%D1%80%D0%B5%D0%BB%D0%B0%D0%B7%D1%83</url><source-id>sr-01</source-id><local-id>sr-01-129</local-id><source-name>Politika</source-name><article><article-title>Бекимова књига „заробљена” на административном прелазу</article-title><article-title-transliterated>Bekimova knjiga „zarobljena” na administrativnom prelazu</article-title-transliterated><article_time>2016-03-30</article_time><article-author>M. S.</article-author><article-text>
Цео тираж другог дела биографије познатог глумца Бекима Фехмијуа „Блиставо и страшно”, који је на албанском језику објавио „Самиздат Б92”, прослеђен је на Косово, али је задржан на административном прелазу са Косовом и дозвољено је само лагеровање у царинском магацину, без могућности да примерке преузме дистрибутер приштинска Рилиндја АГЕ.
Како преноси Б92, медији на Косову објавили су информацију о својеврсном „заробљавању” ове књиге која је у петак и суботу промовисана у Приштини и Призрену за време фестивала „Мирдита, добар дан”, а како су добили информације од представника власти, већ данас би требало да овај „неспоразум” буде решен.
Веран Матић, директор Б92, каже за наш лист да је овим поводом разговарао са председником Привредне коморе Србије и председником Привредне коморе Косова.
– Председник Привредне коморе Косова разговарао је са њиховим Министарством образовања и царином и добио сам обећање да ће убрзо све бити решено и да ће дистрибутер моћи да са царине преузме књиге у току дана. Не мислим да је ово толико драматично, реч је о брљотини и царинском рату Србије и Косова – сматра Веран Матић и додаје да су промоције ове књиге у Приштини и Призрену имале одличан публицитет и биле посећене. Додаје да ће на представљању књиге у Тирани да присуствује и албански премијер Еди Рама.
Матић наглашава да је први део књиге „Блиставо и страшно” објавила издавачка кућа „Коха”, а да за други део ове књиге није било издавача, па је „Самиздат” одлучио да је преведе на албански и дистрибуира у косовске књижаре, киоске и маркете.
– Издавач „Коха” из Приштине није хтео да објави други део књиге, не знам због чега, али „Самиздат Б92” ће и даље да фокусира своју издавачку продукцију у том смеру да култура треба да обнавља порушене мостове. Ускоро ћемо да објавимо књигу „Срби и Албанци кроз векове” Петрита Иманија, на српском и на албанском, и штампаћемо је у Србији – истиче Веран Матић.
Према његовим речима, највећи албанско-српски глумац Беким Фехмију још крајем осамдесетих побунио се против ширења мржње, повукао се из професионалног и јавног живота 1987. Након 14 година ћутања, 2001. године, објавио је књигу „Блиставо и страшно” која је до данас продата у 24.000 примерака. После његове смрти 2010. године, штампан је и други део књиге.
Глумица Бранка Петрић, супруга Бекима Фехмијуа, каже за наш лист да је све око издавања књиге препустила „Самиздату” и да не жели додатно да коментарише то што су књиге задржане на прелазу.
Преводилац књиге Антон Беришај оценио је на промоцији у Приштини да је књига „Блиставо и страшно” свеобухватни модел културног памћења на Балкану.
„Мислим да ће ова књига допринети томе да се боље упозна Беким Фехмију и као глумац и као уметник, али и да се упозна и културни контекст друге половине 20. века у Србији”, рекао је Беришај.
Б92 преноси да је редитељ Беким Љуми оценио на приштинској промоцији да „Блиставо и страшно” има магијску моћ, да се Бекимове успомене читају као документарни роман и да исписане на 800 страна представљају документ за „садашњост и будућност два народа и двеју земаља”.
</article-text><article-text-transliterated>
Ceo tiraž drugog dela biografije poznatog glumca Bekima Fehmijua „Blistavo i strašno”, koji je na albanskom jeziku objavio „Samizdat B92”, prosleđen je na Kosovo, ali je zadržan na administrativnom prelazu sa Kosovom i dozvoljeno je samo lagerovanje u carinskom magacinu, bez mogućnosti da primerke preuzme distributer prištinska Rilindja AGE.
Kako prenosi B92, mediji na Kosovu objavili su informaciju o svojevrsnom „zarobljavanju” ove knjige koja je u petak i subotu promovisana u Prištini i Prizrenu za vreme festivala „Mirdita, dobar dan”, a kako su dobili informacije od predstavnika vlasti, već danas bi trebalo da ovaj „nesporazum” bude rešen.
Veran Matić, direktor B92, kaže za naš list da je ovim povodom razgovarao sa predsednikom Privredne komore Srbije i predsednikom Privredne komore Kosova.
– Predsednik Privredne komore Kosova razgovarao je sa njihovim Ministarstvom obrazovanja i carinom i dobio sam obećanje da će ubrzo sve biti rešeno i da će distributer moći da sa carine preuzme knjige u toku dana. Ne mislim da je ovo toliko dramatično, reč je o brljotini i carinskom ratu Srbije i Kosova – smatra Veran Matić i dodaje da su promocije ove knjige u Prištini i Prizrenu imale odličan publicitet i bile posećene. Dodaje da će na predstavljanju knjige u Tirani da prisustvuje i albanski premijer Edi Rama.
Matić naglašava da je prvi deo knjige „Blistavo i strašno” objavila izdavačka kuća „Koha”, a da za drugi deo ove knjige nije bilo izdavača, pa je „Samizdat” odlučio da je prevede na albanski i distribuira u kosovske knjižare, kioske i markete.
– Izdavač „Koha” iz Prištine nije hteo da objavi drugi deo knjige, ne znam zbog čega, ali „Samizdat B92” će i dalje da fokusira svoju izdavačku produkciju u tom smeru da kultura treba da obnavlja porušene mostove. Uskoro ćemo da objavimo knjigu „Srbi i Albanci kroz vekove” Petrita Imanija, na srpskom i na albanskom, i štampaćemo je u Srbiji – ističe Veran Matić.
Prema njegovim rečima, najveći albansko-srpski glumac Bekim Fehmiju još krajem osamdesetih pobunio se protiv širenja mržnje, povukao se iz profesionalnog i javnog života 1987. Nakon 14 godina ćutanja, 2001. godine, objavio je knjigu „Blistavo i strašno” koja je do danas prodata u 24.000 primeraka. Posle njegove smrti 2010. godine, štampan je i drugi deo knjige.
Glumica Branka Petrić, supruga Bekima Fehmijua, kaže za naš list da je sve oko izdavanja knjige prepustila „Samizdatu” i da ne želi dodatno da komentariše to što su knjige zadržane na prelazu.
Prevodilac knjige Anton Berišaj ocenio je na promociji u Prištini da je knjiga „Blistavo i strašno” sveobuhvatni model kulturnog pamćenja na Balkanu.
„Mislim da će ova knjiga doprineti tome da se bolje upozna Bekim Fehmiju i kao glumac i kao umetnik, ali i da se upozna i kulturni kontekst druge polovine 20. veka u Srbiji”, rekao je Berišaj.
B92 prenosi da je reditelj Bekim Ljumi ocenio na prištinskoj promociji da „Blistavo i strašno” ima magijsku moć, da se Bekimove uspomene čitaju kao dokumentarni roman i da ispisane na 800 strana predstavljaju dokument za „sadašnjost i budućnost dva naroda i dveju zemalja”.
</article-text-transliterated></article><comments><comments-count>14</comments-count><comments-list><comment comment-id="1"><comment-parent-id /><comment-text>Izuzetan glumac, izuzetan čovek!!!</comment-text><comment-text-transliterated>Izuzetan glumac, izuzetan čovek!!!</comment-text-transliterated></comment><comment comment-id="2"><comment-parent-id /><comment-text>Велики глумац и још већи човек. Препоручујем да прво прочитате оба дела Бекимове књиге, па да онда коментаришете. Чуди ме да је уопште његова књига доступна на Косову, јер одудара од многих пропагандних лажи о положају и животу Албанаца на Косову, нарочито после Другог светског рата. Такође је препоручујем због бољег схватања и разумевања ''друге стране'', нарочито за оне који немају никаквог знања о животу Албанаца. </comment-text><comment-text-transliterated>Veliki glumac i još veći čovek. Preporučujem da prvo pročitate oba dela Bekimove knjige, pa da onda komentarišete. Čudi me da je uopšte njegova knjiga dostupna na Kosovu, jer odudara od mnogih propagandnih laži o položaju i životu Albanaca na Kosovu, naročito posle Drugog svetskog rata. Takođe je preporučujem zbog boljeg shvatanja i razumevanja ''druge strane'', naročito za one koji nemaju nikakvog znanja o životu Albanaca. </comment-text-transliterated></comment><comment comment-id="3"><comment-parent-id /><comment-text>Ime distributera u Prištini je Rilindija a ne Rilinđa, kako je Tanjug izvoleo objaviti bez ikakvog proveravanja. </comment-text><comment-text-transliterated>Ime distributera u Prištini je Rilindija a ne Rilinđa, kako je Tanjug izvoleo objaviti bez ikakvog proveravanja. </comment-text-transliterated></comment><comment comment-id="3-1"><comment-parent-id>3</comment-parent-id><comment-text>Рилиндја је тачан назив translate.google је крив.</comment-text><comment-text-transliterated>Rilindja je tačan naziv translate.google je kriv.</comment-text-transliterated></comment><comment comment-id="4"><comment-parent-id /><comment-text>Bekim je bio veliki glumac i osebujna ličnost, koji je uvijek bio svoj na svom.</comment-text><comment-text-transliterated>Bekim je bio veliki glumac i osebujna ličnost, koji je uvijek bio svoj na svom.</comment-text-transliterated></comment><comment comment-id="5"><comment-parent-id /><comment-text>Велики глумац, још већи човек, људина. Одиграти онако маестрално улогу у култном филму Цигани лете у небо и оставити неизбрисив траг, могао је само велики глумац, али још већи човек. Хвала му.</comment-text><comment-text-transliterated>Veliki glumac, još veći čovek, ljudina. Odigrati onako maestralno ulogu u kultnom filmu Cigani lete u nebo i ostaviti neizbrisiv trag, mogao je samo veliki glumac, ali još veći čovek. Hvala mu.</comment-text-transliterated></comment><comment comment-id="6"><comment-parent-id /><comment-text>nije srbski nego je Albanski glumac nema nisto sa srbskom</comment-text><comment-text-transliterated>nije srbski nego je Albanski glumac nema nisto sa srbskom</comment-text-transliterated></comment><comment comment-id="6-1"><comment-parent-id>6</comment-parent-id><comment-text>Glumio je u Srpskim filmovima i na srpskom jeziku, pa je srpski glumac. Ivo Andric je rodjen kao katolik u Bosni, ali je pisao na srpskom jeziku, pa je bio i ostao srpski knjizevnik. Moras da napravis razliku izmedju; Srbin glumac i srpski glumac.</comment-text><comment-text-transliterated>Glumio je u Srpskim filmovima i na srpskom jeziku, pa je srpski glumac. Ivo Andric je rodjen kao katolik u Bosni, ali je pisao na srpskom jeziku, pa je bio i ostao srpski knjizevnik. Moras da napravis razliku izmedju; Srbin glumac i srpski glumac.</comment-text-transliterated></comment><comment comment-id="6-2"><comment-parent-id>6</comment-parent-id><comment-text>Kako razumete tekst pisan ćirilicom a ne znate dovoljno jezik da latiničnim pismom prokomentarišete? I zašto se smarate? Mislite šta god hoćete.</comment-text><comment-text-transliterated>Kako razumete tekst pisan ćirilicom a ne znate dovoljno jezik da latiničnim pismom prokomentarišete? I zašto se smarate? Mislite šta god hoćete.</comment-text-transliterated></comment><comment comment-id="7"><comment-parent-id /><comment-text>vase ljisicarstve nemaju kraj viste izgubljeni u vreme vi zivite u bajke i sanove viste opasni i za sami sebe kraj vase ere!</comment-text><comment-text-transliterated>vase ljisicarstve nemaju kraj viste izgubljeni u vreme vi zivite u bajke i sanove viste opasni i za sami sebe kraj vase ere!</comment-text-transliterated></comment><comment comment-id="7-1"><comment-parent-id>7</comment-parent-id><comment-text>Kad se vratimo dole, ti ces morati ponovo u osnovnu skolu.</comment-text><comment-text-transliterated>Kad se vratimo dole, ti ces morati ponovo u osnovnu skolu.</comment-text-transliterated></comment><comment comment-id="8"><comment-parent-id /><comment-text>BEKIM FEHMIU jeste, zvezda nad zvedama. On zapravo nije samo glumac...nego on jeste i pisac i filozof i politolog itd itd...  </comment-text><comment-text-transliterated>BEKIM FEHMIU jeste, zvezda nad zvedama. On zapravo nije samo glumac...nego on jeste i pisac i filozof i politolog itd itd...  </comment-text-transliterated></comment><comment comment-id="9"><comment-parent-id /><comment-text>Ej, Bekime, tugo moja! I mrtvog te ranjavaju. </comment-text><comment-text-transliterated>Ej, Bekime, tugo moja! I mrtvog te ranjavaju. </comment-text-transliterated></comment><comment comment-id="10"><comment-parent-id /><comment-text>Zaista, to je bio i ostao jedan od velikih glumaca Jugoslovenskog filma.</comment-text><comment-text-transliterated>Zaista, to je bio i ostao jedan od velikih glumaca Jugoslovenskog filma.</comment-text-transliterated></comment></comments-list></comments></document>