<?xml version="1.0" encoding="utf-8"?>
<document global-id="sr-01-1197">
	<url>http://www.politika.rs/scc/clanak/345696/%D0%9A%D1%80%D0%B0%D0%B3%D1%83%D1%98%D0%B5%D0%B2%D0%B0%D1%86-%D0%BF%D0%BE-%D0%BF%D0%BB%D0%B0%D1%82%D0%B0%D0%BC%D0%B0-%D1%82%D0%B5%D0%BA-%D0%BD%D0%B0-38-%D0%BC%D0%B5%D1%81%D1%82%D1%83-%D0%A1%D1%80%D0%B1%D0%B8%D1%98%D0%B8</url>
	<source-id>sr-01</source-id>
	<local-id>1197</local-id>
	<source-name>Politika</source-name>
	<article>
		<article-title>Крагујевац по платама тек на 38. месту Србији</article-title>
		<article-title-transliterated>Kragujevac po platama tek na 38. mestu Srbiji</article-title-transliterated>
		<article-time>2015-12-21</article-time>
		<article-author>Brane Kartalović</article-author>
		<article-text>Крагујевац – У првих десет месеци ове године крагујевачка привреда остварила је суфицит у спољнотрговинској размени од 311 милиона долара. Извезено је робе за 1,3 милијарде, а увезено за скоро милијарду долара. Нажалост, то је једини позитиван резултат од којег је у Крагујевцу мало ко имао неку вајду. Ово је оцена овдашњих привредника који чине Привредни савет града, а изречена је протекле недеље на последњој седници овог тела у овој години.
Крагујевачки привредници се суочавају са мноштвом проблема. Тешко им, како су рекли, пада инертност локалне управе и незнање државних чиновника, такође и велики порески намети, али највећи проблем је недостатак кадрова, посебно оних високостручних који у све већем броју напуштају овај град. Прецизних података о томе нема, али је одлазак младих образованих људи јасно видљив када се погледа тржиште рада, на ком крагујевачки послодавци тешко налазе кадрове који испуњавају светске стандарде у погледу знања страних језика и познавања савремених технолошких процеса.
Такав тренд никог не треба да чуди, каже власник „Гома лајна” Ненад Цветковић, поготово ако се има у виду да се Крагујевац, град у коме ради највећи српски извозник – „Фијат”, налази тек на 38. месту у Србији по висини просечне плате. У октобру ове године, Крагујевчани су примили свега 39.550 динара, што је за око 5.000 динара мање од републичког просека.
– Мене је због тога срамота – рекао је Цветковић, власник фирме која „Фијату” испоручује гумене делове за аутомобиле.
– Ако се на том пољу нешто не промени, сви ће нам инжењери отићи у Немачку, Норвешку, Канаду... – упозорио је овај привредник, напомињући да крагујевачка управа мора да буде одлучнија и ефикаснија у привлачењу страних инвеститора.
– Код мене су били представници једне кинеске фирме која производи електроопрему. Питали су ме имамо ли ми земљу и под којим условима можемо да је понудимо, како не би отишли за Београд или Ниш. Хоће да запосле 1.300 људи. Имамо ли ми толико обучених кадрова? – упитао је Цветковић представнике локалне власти, напоменувши да је неко од надлежних у граду већ морао да разговора са овим потенцијалним инвеститором.
На велики, готово непреместиви јаз између стварних потреба послодаваца када су у питању такозвани људски ресурси и онога што нуди наш образовни систем указали су председник Привредне коморе Крагујевац Зоран Лучић и професор на Факултету инжењерских наука Бранислав Јеремић.
– Србија је постала земља диплома, а треба да буде земља знања. Тешке речи, али морамо да погледамо истини у очи. Студенти кажу: „Шта мене може да научи професор који није био у стању ништа да заради”. А страни инвеститори, с друге стране, нису заинтересовани за нашу памет, него за нашу радну снагу – резигниран је био професор Јеремић.
Огроман проблем Крагујевца је и велика незапосленост. Око 22.000 људи је без посла, а то је трећина радно способног становништва. Посао има 42.000 Крагујевчана, али велики број њих има уговор на одређено време. Трећину незапослених чине млади до 35 година живота, а они са више од 50 година тешко да могу да рачунају да ће се икад више запослити.
– Следећа година биће још тежа, биће нових отпуштања – упозорио је Цветковић.

Милојко Брзаковић, директор „Застава оружја”: „Неко нас је у држави, а то су они што у животу нису један шраф завили, сврстао у јавни сектор и забранио нам да запошљавамо људе. Мени људи требају и ја сам донео одлуку да запошљавам, а они нек ме вешају”. 

Милојко Брзаковић, директор „Застава оружја” која је 2015. имала позитиван биланс, први пут после 15 година, изразио је незадовољство због односа државних чиновника према овој фабрици, а није могао да сакрије ни љутњу због медијских извештаја о пословању овог предузећа.
– Неко нас је у држави, а то су они што у животу нису један шраф завили, сврстао у јавни сектор и забранио нам да запошљавамо људе. Мени људи требају и ја сам донео одлуку да запошљавам, а они нек ме вешају. И друго, нама је један пословни партнер уплатио 30 одсто аванса, а онда су сви медији известили како смо ми највећи порески дужник у земљи. „Ми вам дадосмо паре, а ви сте пред банкротом”, то ми је рекао тај наш партнер – пожалио се Брзаковић.
Љубинко Мијаиловић, директор „Униор компоненти”, негдашње „Застава алатнице” коју су купили Словенци, затражио је да се држави упути допис са захтевом да се на увезене машине не плаћа ПДВ, а Привредни савет је закључио да привредницима треба помоћи и кад је реч о наплати пореза на имовину. И у тој области је стање, благо речено, забрињавајуће.
– Око 30 одсто крагујевачких привредника није у стању да плати порез на имовину. Морамо да им помогнемо и омогућимо да репрограмирају дугове, јер ако они угасе фирме проблем ће се увећати. Много људи ће остати без посла, а онда град остаје без прихода по основу пореза на зараде – констатовао је Небојша Здравковић, заменик градоначелника.
Од 2.707 основаних привредних друштава у Крагујевцу, данас је активно њих 1.811, а од више од 15.000 предузетничких радњи, које су регистроване у АПР-у, „жива” је свега једна трећина – 5. 603.
Највећи крагујевачки извозници су: „Фијат”, „Форма идеале”, „Агромаркет”, „Застава оружје”, „Застава инпро”, „Тапацирница”, „Шумадија сировине”, „Вакер Нојзен”, „Униор компоненте”, „Милановић инжењеринг”, „ПМЦ аутомотив”, али њихови добри резултати утапају се у сивило једне шире слике о крагујевачкој привреди, поготово ако се погледа колико овде има незапослених и какву цркавицу примају они који раде.</article-text>
		<article-text-transliterated>Kragujevac – U prvih deset meseci ove godine kragujevačka privreda ostvarila je suficit u spoljnotrgovinskoj razmeni od 311 miliona dolara. Izvezeno je robe za 1,3 milijarde, a uvezeno za skoro milijardu dolara. Nažalost, to je jedini pozitivan rezultat od kojeg je u Kragujevcu malo ko imao neku vajdu. Ovo je ocena ovdašnjih privrednika koji čine Privredni savet grada, a izrečena je protekle nedelje na poslednjoj sednici ovog tela u ovoj godini.
Kragujevački privrednici se suočavaju sa mnoštvom problema. Teško im, kako su rekli, pada inertnost lokalne uprave i neznanje državnih činovnika, takođe i veliki poreski nameti, ali najveći problem je nedostatak kadrova, posebno onih visokostručnih koji u sve većem broju napuštaju ovaj grad. Preciznih podataka o tome nema, ali je odlazak mladih obrazovanih ljudi jasno vidljiv kada se pogleda tržište rada, na kom kragujevački poslodavci teško nalaze kadrove koji ispunjavaju svetske standarde u pogledu znanja stranih jezika i poznavanja savremenih tehnoloških procesa.
Takav trend nikog ne treba da čudi, kaže vlasnik „Goma lajna” Nenad Cvetković, pogotovo ako se ima u vidu da se Kragujevac, grad u kome radi najveći srpski izvoznik – „Fijat”, nalazi tek na 38. mestu u Srbiji po visini prosečne plate. U oktobru ove godine, Kragujevčani su primili svega 39.550 dinara, što je za oko 5.000 dinara manje od republičkog proseka.
– Mene je zbog toga sramota – rekao je Cvetković, vlasnik firme koja „Fijatu” isporučuje gumene delove za automobile.
– Ako se na tom polju nešto ne promeni, svi će nam inženjeri otići u Nemačku, Norvešku, Kanadu... – upozorio je ovaj privrednik, napominjući da kragujevačka uprava mora da bude odlučnija i efikasnija u privlačenju stranih investitora.
– Kod mene su bili predstavnici jedne kineske firme koja proizvodi elektroopremu. Pitali su me imamo li mi zemlju i pod kojim uslovima možemo da je ponudimo, kako ne bi otišli za Beograd ili Niš. Hoće da zaposle 1.300 ljudi. Imamo li mi toliko obučenih kadrova? – upitao je Cvetković predstavnike lokalne vlasti, napomenuvši da je neko od nadležnih u gradu već morao da razgovora sa ovim potencijalnim investitorom.
Na veliki, gotovo nepremestivi jaz između stvarnih potreba poslodavaca kada su u pitanju takozvani ljudski resursi i onoga što nudi naš obrazovni sistem ukazali su predsednik Privredne komore Kragujevac Zoran Lučić i profesor na Fakultetu inženjerskih nauka Branislav Jeremić.
– Srbija je postala zemlja diploma, a treba da bude zemlja znanja. Teške reči, ali moramo da pogledamo istini u oči. Studenti kažu: „Šta mene može da nauči profesor koji nije bio u stanju ništa da zaradi”. A strani investitori, s druge strane, nisu zainteresovani za našu pamet, nego za našu radnu snagu – rezigniran je bio profesor Jeremić.
Ogroman problem Kragujevca je i velika nezaposlenost. Oko 22.000 ljudi je bez posla, a to je trećina radno sposobnog stanovništva. Posao ima 42.000 Kragujevčana, ali veliki broj njih ima ugovor na određeno vreme. Trećinu nezaposlenih čine mladi do 35 godina života, a oni sa više od 50 godina teško da mogu da računaju da će se ikad više zaposliti.
– Sledeća godina biće još teža, biće novih otpuštanja – upozorio je Cvetković.

Milojko Brzaković, direktor „Zastava oružja”: „Neko nas je u državi, a to su oni što u životu nisu jedan šraf zavili, svrstao u javni sektor i zabranio nam da zapošljavamo ljude. Meni ljudi trebaju i ja sam doneo odluku da zapošljavam, a oni nek me vešaju”. 

Milojko Brzaković, direktor „Zastava oružja” koja je 2015. imala pozitivan bilans, prvi put posle 15 godina, izrazio je nezadovoljstvo zbog odnosa državnih činovnika prema ovoj fabrici, a nije mogao da sakrije ni ljutnju zbog medijskih izveštaja o poslovanju ovog preduzeća.
– Neko nas je u državi, a to su oni što u životu nisu jedan šraf zavili, svrstao u javni sektor i zabranio nam da zapošljavamo ljude. Meni ljudi trebaju i ja sam doneo odluku da zapošljavam, a oni nek me vešaju. I drugo, nama je jedan poslovni partner uplatio 30 odsto avansa, a onda su svi mediji izvestili kako smo mi najveći poreski dužnik u zemlji. „Mi vam dadosmo pare, a vi ste pred bankrotom”, to mi je rekao taj naš partner – požalio se Brzaković.
Ljubinko Mijailović, direktor „Unior komponenti”, negdašnje „Zastava alatnice” koju su kupili Slovenci, zatražio je da se državi uputi dopis sa zahtevom da se na uvezene mašine ne plaća PDV, a Privredni savet je zaključio da privrednicima treba pomoći i kad je reč o naplati poreza na imovinu. I u toj oblasti je stanje, blago rečeno, zabrinjavajuće.
– Oko 30 odsto kragujevačkih privrednika nije u stanju da plati porez na imovinu. Moramo da im pomognemo i omogućimo da reprogramiraju dugove, jer ako oni ugase firme problem će se uvećati. Mnogo ljudi će ostati bez posla, a onda grad ostaje bez prihoda po osnovu poreza na zarade – konstatovao je Nebojša Zdravković, zamenik gradonačelnika.
Od 2.707 osnovanih privrednih društava u Kragujevcu, danas je aktivno njih 1.811, a od više od 15.000 preduzetničkih radnji, koje su registrovane u APR-u, „živa” je svega jedna trećina – 5. 603.
Najveći kragujevački izvoznici su: „Fijat”, „Forma ideale”, „Agromarket”, „Zastava oružje”, „Zastava inpro”, „Tapacirnica”, „Šumadija sirovine”, „Vaker Nojzen”, „Unior komponente”, „Milanović inženjering”, „PMC automotiv”, ali njihovi dobri rezultati utapaju se u sivilo jedne šire slike o kragujevačkoj privredi, pogotovo ako se pogleda koliko ovde ima nezaposlenih i kakvu crkavicu primaju oni koji rade.</article-text-transliterated>
	</article>
	<comments>
		<comments-count>6</comments-count>
		<comments-list>
			<comment comment-id="1">
				<comment-parent-id/>
				<comment-text>Nikada nije bio problem rad ili znanje.Ko nezna nauci se.Ali je mnogo veci problem ne placanje tog znanja ili rada.Zato se i bezi u inostranstvo</comment-text>
				<comment-text-transliterated>Nikada nije bio problem rad ili znanje.Ko nezna nauci se.Ali je mnogo veci problem ne placanje tog znanja ili rada.Zato se i bezi u inostranstvo</comment-text-transliterated>
			</comment>
			<comment comment-id="1-1">
				<comment-parent-id>1</comment-parent-id>
				<comment-text>Miki mudro zboriš...ali...</comment-text>
				<comment-text-transliterated>Miki mudro zboriš...ali...</comment-text-transliterated>
			</comment>
			<comment comment-id="1-2">
				<comment-parent-id>1</comment-parent-id>
				<comment-text>Ja nekako nikada u životu nisam razmišljao kako će neko da plati moje znanje, nego sam uvek mislio kako ću ja, sa mojim znanjem, sam da nešto stvorim i zaradim... I nikada me nije zanimalo da odem u neku drugu zemlju, gde ću, makar živeo ceo život, uvek biti - stranac.</comment-text>
				<comment-text-transliterated>Ja nekako nikada u životu nisam razmišljao kako će neko da plati moje znanje, nego sam uvek mislio kako ću ja, sa mojim znanjem, sam da nešto stvorim i zaradim... I nikada me nije zanimalo da odem u neku drugu zemlju, gde ću, makar živeo ceo život, uvek biti - stranac.</comment-text-transliterated>
			</comment>
			<comment comment-id="2">
				<comment-parent-id/>
				<comment-text>I posle Saša Radulović spinuje. Kako da bude drugačije kada država daje 10.000e po radnom mestu bogatoj stranoj firmi. A od koga. Pa tog što mu je plata 40 ili manja od 40.000rs. Pa kako drugačije i da bude.</comment-text>
				<comment-text-transliterated>I posle Saša Radulović spinuje. Kako da bude drugačije kada država daje 10.000e po radnom mestu bogatoj stranoj firmi. A od koga. Pa tog što mu je plata 40 ili manja od 40.000rs. Pa kako drugačije i da bude.</comment-text-transliterated>
			</comment>
			<comment comment-id="2-1">
				<comment-parent-id>2</comment-parent-id>
				<comment-text>Zorane,evo ,ja da ti odgovorim,nisam u EPSu,vec u slicnom JP,sa daleko manje zaposlenih i puni budzet i donosi dobit.Sss,sto sam ja ima 45000 platu,sto je i neki vrh primanja za sss u toj JP,znaci ima i daleko manjih plata.I to nije kancelarijski posao.Toliko o urbanim legendama o platama.A sta i gde radi tvoja devojka,malo mi preterane te cifre...</comment-text>
				<comment-text-transliterated>Zorane,evo ,ja da ti odgovorim,nisam u EPSu,vec u slicnom JP,sa daleko manje zaposlenih i puni budzet i donosi dobit.Sss,sto sam ja ima 45000 platu,sto je i neki vrh primanja za sss u toj JP,znaci ima i daleko manjih plata.I to nije kancelarijski posao.Toliko o urbanim legendama o platama.A sta i gde radi tvoja devojka,malo mi preterane te cifre...</comment-text-transliterated>
			</comment>
			<comment comment-id="2-2">
				<comment-parent-id>2</comment-parent-id>
				<comment-text>Dušane, ja sanjam 40000 (diplomirio mašinstvo 2011 u Beogradu, plata kod privatnika 25 000 ). Moja devojka (SSS) u EPS snabdevanje prosećno oko 80 000 din., i neće da se još uda za mene i  zadirkuje me da neće  da me izdržava. Naravno šala sa puno istine koja me ipak povređuje.</comment-text>
				<comment-text-transliterated>Dušane, ja sanjam 40000 (diplomirio mašinstvo 2011 u Beogradu, plata kod privatnika 25 000 ). Moja devojka (SSS) u EPS snabdevanje prosećno oko 80 000 din., i neće da se još uda za mene i  zadirkuje me da neće  da me izdržava. Naravno šala sa puno istine koja me ipak povređuje.</comment-text-transliterated>
			</comment>
		</comments-list>
	</comments>
</document>
