<document global-id="sr-01-1128"><url>http://www.politika.rs/scc/clanak/323848/%D0%9A%D0%BE-%D1%98%D0%B5-%D0%BA%D0%BE-%D1%83-%D0%BF%D0%BE%D0%BB%D0%B8%D1%82%D0%B8%D1%87%D0%BA%D0%BE%D0%BC-%D1%80%D0%BE%D0%B4%D0%BE%D1%81%D0%BB%D0%BE%D0%B2%D1%83</url><source-id>sr-01</source-id><local-id>sr-01-1128</local-id><source-name>Politika</source-name><article><article-title>Ко је ко у политичком родослову</article-title><article-title-transliterated>Ko je ko u političkom rodoslovu</article-title-transliterated><article_time>2015-04-06</article_time><article-author /><article-text>
Ако ти је деда био конгресмен и твоје шансе да се нађеш у Конгресу веће су за 28.000 пута него обичних смртника, показало је једно истраживање објављено у „Њујорк тајмсу”. Можда у Србији тај проценат није исти, али је формула за успех идентична. Деценије иза нас показују да је презиме на гласу кључ који сва врата отвара. Речју, статус је наследна појава.
Презивати се Буш, Клинтон или Кенеди у Америци је нешто што је сваком члану ових политичких династија улазница у клуб политичке и економске елите баш као што је у Србији била велика предност ако си носио презиме Минић, Ђилас, Тадић, Марковић, Стамболић, у Хрватској Туђман, у Босни Изетбеговић или Поздерац, а у Словенији Церар. Довољно је било и бити им бар близак сродник, кум или пријатељ. Правила су и данас иста.
Добар политички педигре носио је са собом многе привилегије, почев од школовања на престижним светским универзитетима до брзог и лаког напредовања на друштвеној лествици. И очеви и деца знали су и те како добро да се прилагоде времену у коме живе, односно, како би се то модерним речником казало, мејнстрим идејама.
У каквој су вези левичарски покрет, комунизам и демократија или неолиберализам? Можда звучи чудно, али у родбинској. Наиме, првоборци комунизма одгајили су првоборце демократије и неолиберализма.
Истраживање из 2003. године посвећено родослову југословенских и српских политичара показало је, како каже Младен Лазић, професор социологије на Филозофском факултету у Београду, да међу члановима политичке елите нема оних који су потекли из нижих друштвених слојева. По правилу, на политички положај долази се из редова виших друштвених класа, нарочито из стручних кругова.
Чињеница је, објашњава социолог Владимир Вулетић, да су потомци припадника виших друштвених слојева, чим се мало стабилизовао поредак у бившој Југославији, имали много веће шансе да се попну на друштвеној хијерархији.
„То је последица две чињенице. Једна је да су им, наравно, на располагању биле најбоље школе. А, уколико то немате, мале су шансе да освојите богзна какве положаје. Још важније је оно што се назива социјални капитал. То су људи који су одрастали, који су се играли и дружили с људима који су потом били утицајни. Те везе и познанства која су они имали веома су важни. У таквом окружењу стичу се манири и наравно није исто да ли одрастате у кругу људи који чине дипломатски кор или у у радничкој породици”, каже Вулетић и додаје да се тако стиче и одређена култура понашања, што некога напросто препоручује уз то што му се отварају многе прилике за напредовање.
Док је његов отац Иво, како га је описао Радивој Цветићанин, новинар и бивши дипломата, „деценијама служио као Титов амбасадор у самим политичким центрима света”, а „познаваоци дипломатских прилика Титове епохе никад га, на пример, не би изоставили из ’ол старс’ екипе’”, дотле је Иван Вејвода неизоставно име међу српским европејцима данашњице. Вејвода млађи, садашњи потпредседник немачког Маршаловог фонда, а пре тога извршни директор Балканског фонда за демократију, матурирао је у енглеској гимназији у Паризу (1968), где му је отац службовао као амбасадор СФРЈ у Француској. Дипломирао је политичке науке на париском Институту за политичке студије. Стога многима нису нелогично звучале гласине да је виђен за шефа дипломатије када се формирала актуелна Влада Србије пре годину дана, што је он негирао, подсетивши да је наводно био „у игри” и 2007. и 2012.
Вук Јеремић се, за разлику од Вејводе, нашао у тој улози. И он има порекло на коме је могао да гради своју политичку каријеру.
Можда би присећање на Нурију Поздерца, потпредседника Првог заседања АВНОЈ-а, или пак Хамдију Поздерца, некадашњег председника Председништва БиХ, могло да делује као враћање у далеку прошлост, али спомињање њиховог потомка Вука Јеремића, могућег наследника Бан Ки Муна, свакако је поглед у будућност. Потомак једне од најугледнијих комунистичких породица из БиХ, које босански медији воле да називају „Бошњачки Кенедији”, није ништа мање амбициозан ни продоран од својих предака. Напротив. У томе их је увелико надмашио не задовољивши се каријером локалног карактера.
У једној биографској препоруци као студент написао је да намерава да до 35. године докторат наплати у Лондону, Њујорку, Токију, „вршећи сурово капиталистичко израбљивање на берзи”, а после, како је написао, бавиће се хуманитарним радом, „посматрањем птица и филателијом, паралелно с држањем знатног дела деоница ’Плејбоја’ и портфељом министарства за истраживање руда и губљења времена у Влади Србије”. Он не само да није губио време у Влади Србије већ је своју каријеру министра спољних послова заменио функцијом председавајућег Генералне скупштине УН, а сада је рад да, иако је тек напунио 40, своју каријеру крунише местом челног човека УН.
Истакнути функционер Српске напредне странке, некадашњи спољнополитички саветник председника Србије, а данас директор Канцеларије за КиМ, Марко Ђурић, потомак је једног од најугледнијих српских предратних политичара. Наиме, брат његовог прадеде по мајци био је чувени Никола Пашић, дугогодишњи председник владе Краљевине Србије. Ђурићев деда Најдан Пашић био је истакнути друштвени и политички теоретичар, један од оснивача . Ђурић је врло млад ушао у политику, с 26 година је постао један од оснивача СНС-а.
Иако је Радомир Николић приступио странци коју је основао његов отац Томислав још 2009. године, најшира јавност није знала да старији син председника Српске напредне странке има веће политичке амбиције. Практично, одласком Томислава Николића са чела партије, његов син почиње да се пробија на страначкој лествици што је у делу јавности протумачено као покушај председника Србије да преко сина сачува контролу у партији.
После партијских функција које су му повераване, од председника општинског одбора у родном Крагујевцу до председника Извршног одбора партије где се показао као човек који је у стању да изађе на крај с непослушним страначким кадровима, Николић јуниор је дочекао и да добије одговорно место градоначелника Крагујевца.
Чланови једне партије били су и Љубомир и Борис Тадић. Отац је био међу оснивачима Демократске странке, а његов син је петнаест година касније дошао на њено чело. Тадић старији био је филозоф и академик, у младости ултралевичар, члан Савеза комуниста. Крајем шездесетих нашао се у групи првих дисидената комунистичког режима док су га у зрелим годинама због ставова против америчке политике и Хашког трибунала етикетирали као ултрадесничара. 
Међутим, када је Борис 2004. изабран за председника Србије, његов отац је објашњавао да се њих двојица политички разликују. Како је рекао, „старији је социјалдемократа, а млађи је за демократски либерализам”. Борис је, пак, објашњавајући свој однос са оцем, 2012. године рекао да га он „нон-стоп саветује” те да се целог живота договарају око тога шта треба чинити. „Мој отац је остао у пољу науке, док сам се ја определио за политичку арену. Како су то два поља која се међусобно прожимају, он ми је много пута у животу помогао...”.
И у Партији уједињених пензионера Србије отац и син су дуго година радили раме уз раме. Милан Кркобабић наследио је прошле године оца Јована на месту председника странке. До очеве смрти млађи Кркобабић је био потпредседник странке и најзначајнији очев сарадник.
За разлику од њега, све до смрти оца 2010. године, Олгица Батић није била политички активна или бар није била позната широј јавности. Њен отац Владан Батић био је двехиљадитих један од најпознатијих српских политичара, оснивач Демохришћанске странке Србије. Иако такорећи политички натуршчик, Олгица је 2011. године успела да се избори за место председнице ДХСС-а. Врло брзо се снашла у новој улози и на изборима 2012. године била део Тадићеве коалиције „Избор за бољи живот”. 
Ни лидер Лиге социјалдемократа Војводине Ненад Чанак није без политичких корена. Његов отац Милан је био градоначелник Новог Сада, а први таст Живорад Жика Берисављевић, амбасадор СФРЈ у Лондону и креатор војвођанске политике до „јогурт револуције” 1988. године. На прозивке да своју политичку каријеру може да захвали управо тасту Жики Легенди, Чанак је одговарао да је то смешно.
„Кад се догодила окупација Војводине или, како је други зову, антибирократска револуција, сва врата су ми била затворена због брака са Жикином кћерком. Зато сам почео да се бавим политиком као видом самоодбране”, тврдио је Чанак.
Има доста појединачких случајева политичког наслеђивања партије, али број таквих људи у укупној политичкој елити не прелази границе просечног, каже социолог Лазић. Зашто? Зато што политичка елита економски стоји лошије од економске елите, тако да је уносније за њихове потомке да заузму неке положаје унутар економске него унутар политичке елите.
Он истиче да подаци показују да у време СФРЈ, као ни у већини европских социјалистичких земаља тог доба, није било личног наслеђивања положаја.
„Деца политичке елите најчешће нису улазила у политичку елиту или нису ништа чешће него из било ког другог друштвеног слоја. Али, они су завршавали стране универзитете и добијали добре послове у привилегованим друштвеним фирмама, врло често у представништвима у иностранству. А политичари су се углавном регрутовали из средње класе, а делом и из радничких слојева”, објашњава Лазић.
Нова председница Форума за међународне односе Европског покрета у Србији Јелица Минић, ћерка Милоша и Милке Минић, истакнутих кадрова из времена Јосипа Броза, не одудара од правила по коме деца истакнутих комуниста из доба СФРЈ нису ни издалека на трагу идеологије својих очева. Иако никада није била директно политички активна као њени родитељи, она је током каријере била и те како јавно ангажована. Врхунац њеног ангажовања за државу била је функција помоћника министра спољних послова СРЈ у време док је тим министарством руководио . Пре и после тога бавила се европским интеграцијама и регионалном сарадњом. 
Политичка каријера њеног оца, међутим, тешко да може да стане у неколико редова. Био је , ,  и министар иностраних послова Југославије, али је у српској јавности много више остао упамћен по „Београдском процесу” против Драже Михаиловића из 1946. године у коме је био главни тужилац. Све ове године Јелица Минић није могла да побегне од питања да ли јој је отац, за кога се тврдило да једини зна праву истину, одао тајну где је сахрањен четнички генерал Михаиловић.
Иако није имао епитет „државног непријатеља број један”, „издајника”, „марионете у рукама америчких империјалиста”, како су својевремено Јосип Броз и његови блиски сарадници називали његовог оца Милована, живот Алексе Ђиласа био је готово у потпуности одређен његовим пореклом. И отац и син су велики део свог живота провели у изгнанству, Милован Ђилас у САД, а син после студија филозофије у у Београду, Бечу и Грацу, магистрирао је на Лондонском универзитету и докторирао на Лондонској школи за економију и политичке науке.
Оно што је обојицу руководило да се врате из изгнанства, бар како тврди син, јесте реченица његовог оца да „владе и режими долазе и одлазе, а трају народи и домовине”.
Занимљиво је да је бивши градоначелник Београда и председник Демократске странке Драган Ђилас дуго морао да се брани од прозивки да је син Милована Ђиласа.
Владимир Гоати објашњава да је наше друштво после 1945. године као и друга друштва било хетерогено. У њему су настајали нови богаташи.
„Њихова деца су, додуше без своје кривице, порасла у једном неједнаком друштву. Ти људи су врло брзо схватали, још у 60-им годинама, да ће генерација која долази, да би могла да се пробија, морати да има школу и да зна страни језик. Југославија је увек, без обзира на несврстаност, нагињала према економски развијеним, западним земљама и очеви су одлучивали да та деца завршавају стране факултете чиме су стицали ненадокнадиву предност приликом запошљавања”, оцењује Гоати.
Али што се социјализам виши ближио крају то је регрутовање из нижих слојева било ређе, а из виших и средњих слојева чешће, каже Лазић и додаје да је кључно било универзитетско образовање. Према његовим речима, крај социјализма је био такав да је већина чланова политичке елите имала високо образовање, при чему је то било чак и важније него чланство у партији. 
О пореклу супруге некадашњег председника Слободана Милошевића, Мирјане Марковић, и њеној породичној вези с Јосипом Брозом у јавности се причало упола гласа. Њена тетка је, наводно, била Даворјанка Пауновић, Титова секретарица, али, како се касније писало, и много више од тога.
Јавни део њене биографије јесте да је била ћерка партијског руководиоца Моме Марковића и револуционарке Вере Милетић. Много значајнију улогу у политичком животу Србије од њеног оца имао је њен стриц Драгослав Дража Марковић, који је почетком седамдесетих важио за најмоћнијег човека у Србији. Међутим, у време успона Милошевића, Марковић се сукобио с његовом политиком и у каснијим годинама био један од оштријих критичара Милошевићевог режима.
Многи сматрају да је за почетак политичке каријере Ивана Стамболића, трагично преминулог председника Србије, пресудан био његов ујак Петар Стамболић, један од најутицајнијих политичара у другој половини 20. века. (Наводно, Иван Стамболић је узео мајчино презиме, а по оцу се презивао Чекеревац). После пораза на фамозној Осмој седници Централног комитета Савеза комуниста Србије, 1987, на којој је Слободан Милошевић доспео на врх тадашње политичке сцене, Иван Стамболић се повукао се из политике, али се 1995. прикључио групи најзначајнијих интелектуалаца која је отишла у окупирано Сарајево. Убијен је пет година касније.
Према потоњим Петровим казивањима он је подржавао политику свог сестрића према Косову.
Вулетић указује да је породична подршка нешто што је било доста типично за наше поднебље.
„Појединци су били близу традиционалним обрасцима – ’помоћи своме роду’, што се и у вицеве преточило када говоримо о Црногорцима. Отуда често постоји ситуација да то није директна веза родитељ–дете, него стриц–братанац”, сматра Вулетић.
На питање да ли је логично то што су многа деца комунизма данас највећи европејци, он одговара потврдно.
„То је разумљиво и логично. Та социјалистичка и самоуправна идеологија је заиста била космополитска. Уосталом била је основна парола ’Пролетери свих земаља уједините се’. Друго, глобално посматрано, у то време свет је био граница, национална трвења и сукоби су били у другом плану, а говорило се о братству и јединству”, каже Вулетић.
Он, међутим, указује и да су деца многих познатих политичких личности завршила на друштвеној маргини јер им њихови очеви и мајке, заузети сопственом каријером, нису поклањали довољно пажње и бриге, рачунајући да ће све моћи да заврше кроз ту врсту личних контаката. Такође, указује и да је релативно мали удео оних који су наследили очеве политичаре и да је то много карактеристичније за неке друге професије, као што су лекари или адвокати. Реч је о томе да су деца политичара уочљивија у јавности јер су медији заинтересованији за биографије политичара.
Биљана Чпајак - Јелена Церовина
---------------------------------------------------------------------------
Шта ради Бевцов унук и синови Туђмана, Глигорова и Церара 
И многа деца из породица комунистичких угледника у бившим југословенским републикама такође су добро прошла. Игор Шолтес, унук Едварда Кардеља, једног од најзначајнијих словеначких и југословенских руководилаца, недавно је први пут био у Београду у својству европског посланика. Као дете овде је веома често долазио да би посетио Бевца, како је био надимак његовог деде по мајци. У недавном интервјуу за наш лист рекао је да мисли да његов деда, у односу на све државе бивше Југославије, у Словенији има најлошију репутацију. „Зато ја увек кажем да је за неке ствари потребно време да би се могло реално оценити, без субјективних оцена”, нагласио је он.
Иако се до доласка вишестраначја у Хрватској бавио науком, Мирослав Туђман, најстарији син Фрање Туђмана – који је од партизанског комесара и најмлађег генерала ЈНА стигао до првог председника независне државе – ипак се упустио у политику. На почетку одбивши да се придружи оцу и Хрватској демократској заједници, после избијања рата 1991. кренуо је његовим стопама и био главни обавештајац у време очевог председниковања. Хрватску обавештајну службу напустио је 2000. године, када је новоизабрани председник Стјепан Месић почео да критикује његовог оца. Али, ни после тога се није повукао из политике, већ је 2009. био неуспели кандидат на изборима за трећег председника државе. Уочи тих избора, износећи детаље из приватног живота, рекао је, између осталог: „У нашој кући нису се причали вицеви, није се пило, него су се увек водили озбиљни разговори”.
Владимир Глигоров, син Кире Глигорова, некадашњег председника Савезне Скупштине СФРЈ, а касније првог председника независне Македоније, на кога је 1995. године извршен неуспели атентат, угледни је економиста и политиколог, професор Бечког института за међународне економске студије. Докторирао је на Универзитету Колумбија у Њујорку. Кратко је упливао и у политичке воде, био је један од оснивача Демократске странке, али је партију убрзо напустио.
Како се његов отац брзометно пео на ранг-листама најбољих светских спортиста, у сличном стилу и он је сео у премијерску столицу. Само месец дана од оснивања странке која је носила његово име, Миро Церар, син прослављеног југословенског гимнастичара Мирослава Церара, победио је на прошлогодишњим изборима у Словенији и дошао на место првог човека словеначке владе. Миро је и по мајци имао „препоруку”. Наиме, Зденка Церар била је прва жена државни тужилац Словеније и министарка правде у левичарским владама.
Словеначки премијер ипак је поручио да ће његова странка одиграти одлучујућу улогу на словеначкој политичкој сцени јер је настала „самостално, без икакве позадине, кумова, спонзора”. За Миру кажу да је драг и словеначким националистима јер је учествовао је у писању Устава самосталне Словеније, али био и против споразума о решавању граничних проблема који је Борут Пахор потписао с Хрватском.
---------------------------------------------------------------------------
КАРЛОВ УГАО
. Многа деца комунизма су се добро капитализовала.
. И у ПУПС-у баштине традицију монархизма. На пример, наследно право.
. Да су се Мира и Слоба угледали на Северну Кореју, Марко не би морао да носи гајбице.
. Буш Јуниор је наследио од оца део некретнина – целу Америку.
. У Азербејџану је председнички систем такав да иде с колена на колено.
. Само Тито није стварао своју династију. Он сам је био цела династија.
. Да ли ће шеици да се посвађају око наслеђа Београда на води!?
. Док се деца комунизма богате, многа деца капитализма постају левичари.
. Династија из Бајчетине се шири преко Крагујевца.
Драгутин Минић
</article-text><article-text-transliterated>
Ako ti je deda bio kongresmen i tvoje šanse da se nađeš u Kongresu veće su za 28.000 puta nego običnih smrtnika, pokazalo je jedno istraživanje objavljeno u „Njujork tajmsu”. Možda u Srbiji taj procenat nije isti, ali je formula za uspeh identična. Decenije iza nas pokazuju da je prezime na glasu ključ koji sva vrata otvara. Rečju, status je nasledna pojava.
Prezivati se Buš, Klinton ili Kenedi u Americi je nešto što je svakom članu ovih političkih dinastija ulaznica u klub političke i ekonomske elite baš kao što je u Srbiji bila velika prednost ako si nosio prezime Minić, Đilas, Tadić, Marković, Stambolić, u Hrvatskoj Tuđman, u Bosni Izetbegović ili Pozderac, a u Sloveniji Cerar. Dovoljno je bilo i biti im bar blizak srodnik, kum ili prijatelj. Pravila su i danas ista.
Dobar politički pedigre nosio je sa sobom mnoge privilegije, počev od školovanja na prestižnim svetskim univerzitetima do brzog i lakog napredovanja na društvenoj lestvici. I očevi i deca znali su i te kako dobro da se prilagode vremenu u kome žive, odnosno, kako bi se to modernim rečnikom kazalo, mejnstrim idejama.
U kakvoj su vezi levičarski pokret, komunizam i demokratija ili neoliberalizam? Možda zvuči čudno, ali u rodbinskoj. Naime, prvoborci komunizma odgajili su prvoborce demokratije i neoliberalizma.
Istraživanje iz 2003. godine posvećeno rodoslovu jugoslovenskih i srpskih političara pokazalo je, kako kaže Mladen Lazić, profesor sociologije na Filozofskom fakultetu u Beogradu, da među članovima političke elite nema onih koji su potekli iz nižih društvenih slojeva. Po pravilu, na politički položaj dolazi se iz redova viših društvenih klasa, naročito iz stručnih krugova.
Činjenica je, objašnjava sociolog Vladimir Vuletić, da su potomci pripadnika viših društvenih slojeva, čim se malo stabilizovao poredak u bivšoj Jugoslaviji, imali mnogo veće šanse da se popnu na društvenoj hijerarhiji.
„To je posledica dve činjenice. Jedna je da su im, naravno, na raspolaganju bile najbolje škole. A, ukoliko to nemate, male su šanse da osvojite bogzna kakve položaje. Još važnije je ono što se naziva socijalni kapital. To su ljudi koji su odrastali, koji su se igrali i družili s ljudima koji su potom bili uticajni. Te veze i poznanstva koja su oni imali veoma su važni. U takvom okruženju stiču se maniri i naravno nije isto da li odrastate u krugu ljudi koji čine diplomatski kor ili u u radničkoj porodici”, kaže Vuletić i dodaje da se tako stiče i određena kultura ponašanja, što nekoga naprosto preporučuje uz to što mu se otvaraju mnoge prilike za napredovanje.
Dok je njegov otac Ivo, kako ga je opisao Radivoj Cvetićanin, novinar i bivši diplomata, „decenijama služio kao Titov ambasador u samim političkim centrima sveta”, a „poznavaoci diplomatskih prilika Titove epohe nikad ga, na primer, ne bi izostavili iz ’ol stars’ ekipe’”, dotle je Ivan Vejvoda neizostavno ime među srpskim evropejcima današnjice. Vejvoda mlađi, sadašnji potpredsednik nemačkog Maršalovog fonda, a pre toga izvršni direktor Balkanskog fonda za demokratiju, maturirao je u engleskoj gimnaziji u Parizu (1968), gde mu je otac službovao kao ambasador SFRJ u Francuskoj. Diplomirao je političke nauke na pariskom Institutu za političke studije. Stoga mnogima nisu nelogično zvučale glasine da je viđen za šefa diplomatije kada se formirala aktuelna Vlada Srbije pre godinu dana, što je on negirao, podsetivši da je navodno bio „u igri” i 2007. i 2012.
Vuk Jeremić se, za razliku od Vejvode, našao u toj ulozi. I on ima poreklo na kome je mogao da gradi svoju političku karijeru.
Možda bi prisećanje na Nuriju Pozderca, potpredsednika Prvog zasedanja AVNOJ-a, ili pak Hamdiju Pozderca, nekadašnjeg predsednika Predsedništva BiH, moglo da deluje kao vraćanje u daleku prošlost, ali spominjanje njihovog potomka Vuka Jeremića, mogućeg naslednika Ban Ki Muna, svakako je pogled u budućnost. Potomak jedne od najuglednijih komunističkih porodica iz BiH, koje bosanski mediji vole da nazivaju „Bošnjački Kenediji”, nije ništa manje ambiciozan ni prodoran od svojih predaka. Naprotiv. U tome ih je uveliko nadmašio ne zadovoljivši se karijerom lokalnog karaktera.
U jednoj biografskoj preporuci kao student napisao je da namerava da do 35. godine doktorat naplati u Londonu, Njujorku, Tokiju, „vršeći surovo kapitalističko izrabljivanje na berzi”, a posle, kako je napisao, baviće se humanitarnim radom, „posmatranjem ptica i filatelijom, paralelno s držanjem znatnog dela deonica ’Plejboja’ i portfeljom ministarstva za istraživanje ruda i gubljenja vremena u Vladi Srbije”. On ne samo da nije gubio vreme u Vladi Srbije već je svoju karijeru ministra spoljnih poslova zamenio funkcijom predsedavajućeg Generalne skupštine UN, a sada je rad da, iako je tek napunio 40, svoju karijeru kruniše mestom čelnog čoveka UN.
Istaknuti funkcioner Srpske napredne stranke, nekadašnji spoljnopolitički savetnik predsednika Srbije, a danas direktor Kancelarije za KiM, Marko Đurić, potomak je jednog od najuglednijih srpskih predratnih političara. Naime, brat njegovog pradede po majci bio je čuveni Nikola Pašić, dugogodišnji predsednik vlade Kraljevine Srbije. Đurićev deda Najdan Pašić bio je istaknuti društveni i politički teoretičar, jedan od osnivača . Đurić je vrlo mlad ušao u politiku, s 26 godina je postao jedan od osnivača SNS-a.
Iako je Radomir Nikolić pristupio stranci koju je osnovao njegov otac Tomislav još 2009. godine, najšira javnost nije znala da stariji sin predsednika Srpske napredne stranke ima veće političke ambicije. Praktično, odlaskom Tomislava Nikolića sa čela partije, njegov sin počinje da se probija na stranačkoj lestvici što je u delu javnosti protumačeno kao pokušaj predsednika Srbije da preko sina sačuva kontrolu u partiji.
Posle partijskih funkcija koje su mu poveravane, od predsednika opštinskog odbora u rodnom Kragujevcu do predsednika Izvršnog odbora partije gde se pokazao kao čovek koji je u stanju da izađe na kraj s neposlušnim stranačkim kadrovima, Nikolić junior je dočekao i da dobije odgovorno mesto gradonačelnika Kragujevca.
Članovi jedne partije bili su i Ljubomir i Boris Tadić. Otac je bio među osnivačima Demokratske stranke, a njegov sin je petnaest godina kasnije došao na njeno čelo. Tadić stariji bio je filozof i akademik, u mladosti ultralevičar, član Saveza komunista. Krajem šezdesetih našao se u grupi prvih disidenata komunističkog režima dok su ga u zrelim godinama zbog stavova protiv američke politike i Haškog tribunala etiketirali kao ultradesničara. 
Međutim, kada je Boris 2004. izabran za predsednika Srbije, njegov otac je objašnjavao da se njih dvojica politički razlikuju. Kako je rekao, „stariji je socijaldemokrata, a mlađi je za demokratski liberalizam”. Boris je, pak, objašnjavajući svoj odnos sa ocem, 2012. godine rekao da ga on „non-stop savetuje” te da se celog života dogovaraju oko toga šta treba činiti. „Moj otac je ostao u polju nauke, dok sam se ja opredelio za političku arenu. Kako su to dva polja koja se međusobno prožimaju, on mi je mnogo puta u životu pomogao...”.
I u Partiji ujedinjenih penzionera Srbije otac i sin su dugo godina radili rame uz rame. Milan Krkobabić nasledio je prošle godine oca Jovana na mestu predsednika stranke. Do očeve smrti mlađi Krkobabić je bio potpredsednik stranke i najznačajniji očev saradnik.
Za razliku od njega, sve do smrti oca 2010. godine, Olgica Batić nije bila politički aktivna ili bar nije bila poznata široj javnosti. Njen otac Vladan Batić bio je dvehiljaditih jedan od najpoznatijih srpskih političara, osnivač Demohrišćanske stranke Srbije. Iako takoreći politički naturščik, Olgica je 2011. godine uspela da se izbori za mesto predsednice DHSS-a. Vrlo brzo se snašla u novoj ulozi i na izborima 2012. godine bila deo Tadićeve koalicije „Izbor za bolji život”. 
Ni lider Lige socijaldemokrata Vojvodine Nenad Čanak nije bez političkih korena. Njegov otac Milan je bio gradonačelnik Novog Sada, a prvi tast Živorad Žika Berisavljević, ambasador SFRJ u Londonu i kreator vojvođanske politike do „jogurt revolucije” 1988. godine. Na prozivke da svoju političku karijeru može da zahvali upravo tastu Žiki Legendi, Čanak je odgovarao da je to smešno.
„Kad se dogodila okupacija Vojvodine ili, kako je drugi zovu, antibirokratska revolucija, sva vrata su mi bila zatvorena zbog braka sa Žikinom kćerkom. Zato sam počeo da se bavim politikom kao vidom samoodbrane”, tvrdio je Čanak.
Ima dosta pojedinačkih slučajeva političkog nasleđivanja partije, ali broj takvih ljudi u ukupnoj političkoj eliti ne prelazi granice prosečnog, kaže sociolog Lazić. Zašto? Zato što politička elita ekonomski stoji lošije od ekonomske elite, tako da je unosnije za njihove potomke da zauzmu neke položaje unutar ekonomske nego unutar političke elite.
On ističe da podaci pokazuju da u vreme SFRJ, kao ni u većini evropskih socijalističkih zemalja tog doba, nije bilo ličnog nasleđivanja položaja.
„Deca političke elite najčešće nisu ulazila u političku elitu ili nisu ništa češće nego iz bilo kog drugog društvenog sloja. Ali, oni su završavali strane univerzitete i dobijali dobre poslove u privilegovanim društvenim firmama, vrlo često u predstavništvima u inostranstvu. A političari su se uglavnom regrutovali iz srednje klase, a delom i iz radničkih slojeva”, objašnjava Lazić.
Nova predsednica Foruma za međunarodne odnose Evropskog pokreta u Srbiji Jelica Minić, ćerka Miloša i Milke Minić, istaknutih kadrova iz vremena Josipa Broza, ne odudara od pravila po kome deca istaknutih komunista iz doba SFRJ nisu ni izdaleka na tragu ideologije svojih očeva. Iako nikada nije bila direktno politički aktivna kao njeni roditelji, ona je tokom karijere bila i te kako javno angažovana. Vrhunac njenog angažovanja za državu bila je funkcija pomoćnika ministra spoljnih poslova SRJ u vreme dok je tim ministarstvom rukovodio . Pre i posle toga bavila se evropskim integracijama i regionalnom saradnjom. 
Politička karijera njenog oca, međutim, teško da može da stane u nekoliko redova. Bio je , ,  i ministar inostranih poslova Jugoslavije, ali je u srpskoj javnosti mnogo više ostao upamćen po „Beogradskom procesu” protiv Draže Mihailovića iz 1946. godine u kome je bio glavni tužilac. Sve ove godine Jelica Minić nije mogla da pobegne od pitanja da li joj je otac, za koga se tvrdilo da jedini zna pravu istinu, odao tajnu gde je sahranjen četnički general Mihailović.
Iako nije imao epitet „državnog neprijatelja broj jedan”, „izdajnika”, „marionete u rukama američkih imperijalista”, kako su svojevremeno Josip Broz i njegovi bliski saradnici nazivali njegovog oca Milovana, život Alekse Đilasa bio je gotovo u potpunosti određen njegovim poreklom. I otac i sin su veliki deo svog života proveli u izgnanstvu, Milovan Đilas u SAD, a sin posle studija filozofije u u Beogradu, Beču i Gracu, magistrirao je na Londonskom univerzitetu i doktorirao na Londonskoj školi za ekonomiju i političke nauke.
Ono što je obojicu rukovodilo da se vrate iz izgnanstva, bar kako tvrdi sin, jeste rečenica njegovog oca da „vlade i režimi dolaze i odlaze, a traju narodi i domovine”.
Zanimljivo je da je bivši gradonačelnik Beograda i predsednik Demokratske stranke Dragan Đilas dugo morao da se brani od prozivki da je sin Milovana Đilasa.
Vladimir Goati objašnjava da je naše društvo posle 1945. godine kao i druga društva bilo heterogeno. U njemu su nastajali novi bogataši.
„Njihova deca su, doduše bez svoje krivice, porasla u jednom nejednakom društvu. Ti ljudi su vrlo brzo shvatali, još u 60-im godinama, da će generacija koja dolazi, da bi mogla da se probija, morati da ima školu i da zna strani jezik. Jugoslavija je uvek, bez obzira na nesvrstanost, naginjala prema ekonomski razvijenim, zapadnim zemljama i očevi su odlučivali da ta deca završavaju strane fakultete čime su sticali nenadoknadivu prednost prilikom zapošljavanja”, ocenjuje Goati.
Ali što se socijalizam viši bližio kraju to je regrutovanje iz nižih slojeva bilo ređe, a iz viših i srednjih slojeva češće, kaže Lazić i dodaje da je ključno bilo univerzitetsko obrazovanje. Prema njegovim rečima, kraj socijalizma je bio takav da je većina članova političke elite imala visoko obrazovanje, pri čemu je to bilo čak i važnije nego članstvo u partiji. 
O poreklu supruge nekadašnjeg predsednika Slobodana Miloševića, Mirjane Marković, i njenoj porodičnoj vezi s Josipom Brozom u javnosti se pričalo upola glasa. Njena tetka je, navodno, bila Davorjanka Paunović, Titova sekretarica, ali, kako se kasnije pisalo, i mnogo više od toga.
Javni deo njene biografije jeste da je bila ćerka partijskog rukovodioca Mome Markovića i revolucionarke Vere Miletić. Mnogo značajniju ulogu u političkom životu Srbije od njenog oca imao je njen stric Dragoslav Draža Marković, koji je početkom sedamdesetih važio za najmoćnijeg čoveka u Srbiji. Međutim, u vreme uspona Miloševića, Marković se sukobio s njegovom politikom i u kasnijim godinama bio jedan od oštrijih kritičara Miloševićevog režima.
Mnogi smatraju da je za početak političke karijere Ivana Stambolića, tragično preminulog predsednika Srbije, presudan bio njegov ujak Petar Stambolić, jedan od najuticajnijih političara u drugoj polovini 20. veka. (Navodno, Ivan Stambolić je uzeo majčino prezime, a po ocu se prezivao Čekerevac). Posle poraza na famoznoj Osmoj sednici Centralnog komiteta Saveza komunista Srbije, 1987, na kojoj je Slobodan Milošević dospeo na vrh tadašnje političke scene, Ivan Stambolić se povukao se iz politike, ali se 1995. priključio grupi najznačajnijih intelektualaca koja je otišla u okupirano Sarajevo. Ubijen je pet godina kasnije.
Prema potonjim Petrovim kazivanjima on je podržavao politiku svog sestrića prema Kosovu.
Vuletić ukazuje da je porodična podrška nešto što je bilo dosta tipično za naše podneblje.
„Pojedinci su bili blizu tradicionalnim obrascima – ’pomoći svome rodu’, što se i u viceve pretočilo kada govorimo o Crnogorcima. Otuda često postoji situacija da to nije direktna veza roditelj–dete, nego stric–bratanac”, smatra Vuletić.
Na pitanje da li je logično to što su mnoga deca komunizma danas najveći evropejci, on odgovara potvrdno.
„To je razumljivo i logično. Ta socijalistička i samoupravna ideologija je zaista bila kosmopolitska. Uostalom bila je osnovna parola ’Proleteri svih zemalja ujedinite se’. Drugo, globalno posmatrano, u to vreme svet je bio granica, nacionalna trvenja i sukobi su bili u drugom planu, a govorilo se o bratstvu i jedinstvu”, kaže Vuletić.
On, međutim, ukazuje i da su deca mnogih poznatih političkih ličnosti završila na društvenoj margini jer im njihovi očevi i majke, zauzeti sopstvenom karijerom, nisu poklanjali dovoljno pažnje i brige, računajući da će sve moći da završe kroz tu vrstu ličnih kontakata. Takođe, ukazuje i da je relativno mali udeo onih koji su nasledili očeve političare i da je to mnogo karakterističnije za neke druge profesije, kao što su lekari ili advokati. Reč je o tome da su deca političara uočljivija u javnosti jer su mediji zainteresovaniji za biografije političara.
Biljana Čpajak - Jelena Cerovina
---------------------------------------------------------------------------
Šta radi Bevcov unuk i sinovi Tuđmana, Gligorova i Cerara 
I mnoga deca iz porodica komunističkih uglednika u bivšim jugoslovenskim republikama takođe su dobro prošla. Igor Šoltes, unuk Edvarda Kardelja, jednog od najznačajnijih slovenačkih i jugoslovenskih rukovodilaca, nedavno je prvi put bio u Beogradu u svojstvu evropskog poslanika. Kao dete ovde je veoma često dolazio da bi posetio Bevca, kako je bio nadimak njegovog dede po majci. U nedavnom intervjuu za naš list rekao je da misli da njegov deda, u odnosu na sve države bivše Jugoslavije, u Sloveniji ima najlošiju reputaciju. „Zato ja uvek kažem da je za neke stvari potrebno vreme da bi se moglo realno oceniti, bez subjektivnih ocena”, naglasio je on.
Iako se do dolaska višestranačja u Hrvatskoj bavio naukom, Miroslav Tuđman, najstariji sin Franje Tuđmana – koji je od partizanskog komesara i najmlađeg generala JNA stigao do prvog predsednika nezavisne države – ipak se upustio u politiku. Na početku odbivši da se pridruži ocu i Hrvatskoj demokratskoj zajednici, posle izbijanja rata 1991. krenuo je njegovim stopama i bio glavni obaveštajac u vreme očevog predsednikovanja. Hrvatsku obaveštajnu službu napustio je 2000. godine, kada je novoizabrani predsednik Stjepan Mesić počeo da kritikuje njegovog oca. Ali, ni posle toga se nije povukao iz politike, već je 2009. bio neuspeli kandidat na izborima za trećeg predsednika države. Uoči tih izbora, iznoseći detalje iz privatnog života, rekao je, između ostalog: „U našoj kući nisu se pričali vicevi, nije se pilo, nego su se uvek vodili ozbiljni razgovori”.
Vladimir Gligorov, sin Kire Gligorova, nekadašnjeg predsednika Savezne Skupštine SFRJ, a kasnije prvog predsednika nezavisne Makedonije, na koga je 1995. godine izvršen neuspeli atentat, ugledni je ekonomista i politikolog, profesor Bečkog instituta za međunarodne ekonomske studije. Doktorirao je na Univerzitetu Kolumbija u Njujorku. Kratko je uplivao i u političke vode, bio je jedan od osnivača Demokratske stranke, ali je partiju ubrzo napustio.
Kako se njegov otac brzometno peo na rang-listama najboljih svetskih sportista, u sličnom stilu i on je seo u premijersku stolicu. Samo mesec dana od osnivanja stranke koja je nosila njegovo ime, Miro Cerar, sin proslavljenog jugoslovenskog gimnastičara Miroslava Cerara, pobedio je na prošlogodišnjim izborima u Sloveniji i došao na mesto prvog čoveka slovenačke vlade. Miro je i po majci imao „preporuku”. Naime, Zdenka Cerar bila je prva žena državni tužilac Slovenije i ministarka pravde u levičarskim vladama.
Slovenački premijer ipak je poručio da će njegova stranka odigrati odlučujuću ulogu na slovenačkoj političkoj sceni jer je nastala „samostalno, bez ikakve pozadine, kumova, sponzora”. Za Miru kažu da je drag i slovenačkim nacionalistima jer je učestvovao je u pisanju Ustava samostalne Slovenije, ali bio i protiv sporazuma o rešavanju graničnih problema koji je Borut Pahor potpisao s Hrvatskom.
---------------------------------------------------------------------------
KARLOV UGAO
. Mnoga deca komunizma su se dobro kapitalizovala.
. I u PUPS-u baštine tradiciju monarhizma. Na primer, nasledno pravo.
. Da su se Mira i Sloba ugledali na Severnu Koreju, Marko ne bi morao da nosi gajbice.
. Buš Junior je nasledio od oca deo nekretnina – celu Ameriku.
. U Azerbejdžanu je predsednički sistem takav da ide s kolena na koleno.
. Samo Tito nije stvarao svoju dinastiju. On sam je bio cela dinastija.
. Da li će šeici da se posvađaju oko nasleđa Beograda na vodi!?
. Dok se deca komunizma bogate, mnoga deca kapitalizma postaju levičari.
. Dinastija iz Bajčetine se širi preko Kragujevca.
Dragutin Minić
</article-text-transliterated></article><comments><comments-count>8</comments-count><comments-list><comment comment-id="1"><comment-parent-id /><comment-text>Imenjače i sugrađanine, odlično. Ne znam zašto bi se odmah trebalo pomišljati na nepotizam. Kad majstora obućara u esnafu zameni sin i postane vrstan obućar to onda nije problem za zavidne i bezobrazne. Kad vrsnog lekara zameni još vrsniji sin lekar, e tu nešto smrducka. Ljudska zloba ne poznaje granice.</comment-text><comment-text-transliterated>Imenjače i sugrađanine, odlično. Ne znam zašto bi se odmah trebalo pomišljati na nepotizam. Kad majstora obućara u esnafu zameni sin i postane vrstan obućar to onda nije problem za zavidne i bezobrazne. Kad vrsnog lekara zameni još vrsniji sin lekar, e tu nešto smrducka. Ljudska zloba ne poznaje granice.</comment-text-transliterated></comment><comment comment-id="2"><comment-parent-id /><comment-text>много се "захваљујем"уредницима и главној уредници Гђ_и Смаиловић што су "цензурисали"мој коментар на ову тему недеље.Знам да је то због реаговања на објављивања насловне фотографије и критике на рачун вас у уредништву.Па нека ми неко каже сада да цензуре нема.хвала........</comment-text><comment-text-transliterated>mnogo se "zahvaljujem"urednicima i glavnoj urednici Gđ_i Smailović što su "cenzurisali"moj komentar na ovu temu nedelje.Znam da je to zbog reagovanja na objavljivanja naslovne fotografije i kritike na račun vas u uredništvu.Pa neka mi neko kaže sada da cenzure nema.hvala........</comment-text-transliterated></comment><comment comment-id="3"><comment-parent-id /><comment-text>Тако је кроз читаву историју. Најчешће у неком ратном сукобу неко би освојио власт и основао наследну династију. Тако је и данас доласком на положај многи желе да то буде наследно. Троцки је написао да ће комунисти срушити социјализам јер им функције нису наследне. То се и догодило.</comment-text><comment-text-transliterated>Tako je kroz čitavu istoriju. Najčešće u nekom ratnom sukobu neko bi osvojio vlast i osnovao naslednu dinastiju. Tako je i danas dolaskom na položaj mnogi žele da to bude nasledno. Trocki je napisao da će komunisti srušiti socijalizam jer im funkcije nisu nasledne. To se i dogodilo.</comment-text-transliterated></comment><comment comment-id="4"><comment-parent-id /><comment-text>Elitizacija zanimanja nije nepoznat proces. Djeca ljekara su najčešće studirala medicinu, advokata pravo,... 
Ne mislim da je ne logično da djeca kojima su bila dostupna elitna obrazovanja, prije nego drugima, bude data priliku za nekim visokim društvenim angažmanom.
Bilo bi interesantnije reći ko je to negdje bio a da nije trebao...i zbog čega...</comment-text><comment-text-transliterated>Elitizacija zanimanja nije nepoznat proces. Djeca ljekara su najčešće studirala medicinu, advokata pravo,... 
Ne mislim da je ne logično da djeca kojima su bila dostupna elitna obrazovanja, prije nego drugima, bude data priliku za nekim visokim društvenim angažmanom.
Bilo bi interesantnije reći ko je to negdje bio a da nije trebao...i zbog čega...</comment-text-transliterated></comment><comment comment-id="5"><comment-parent-id /><comment-text>Zato policija nije smela da dira vučićevog sina na gej paradi...</comment-text><comment-text-transliterated>Zato policija nije smela da dira vučićevog sina na gej paradi...</comment-text-transliterated></comment><comment comment-id="6"><comment-parent-id /><comment-text>Kad bi ljudi znali istinu o tome koliko malo pameti upravlja svetom umrli bi od straha kao ste rece Andric.
Najskuplja od svih ljudskih gluposti je strastveno verovanje lazovima koji plasiraju ocitu neistinu.</comment-text><comment-text-transliterated>Kad bi ljudi znali istinu o tome koliko malo pameti upravlja svetom umrli bi od straha kao ste rece Andric.
Najskuplja od svih ljudskih gluposti je strastveno verovanje lazovima koji plasiraju ocitu neistinu.</comment-text-transliterated></comment><comment comment-id="7"><comment-parent-id /><comment-text>Kad bi ljudi znali istinu o tome koliko malo pameti upravlja svetom umrli bi od straha kao ste rece Andric.
Najskuplja od svih ljudskih gluposti je strastveno verovanje lazovima koji plasiraju ocitu neistinu.</comment-text><comment-text-transliterated>Kad bi ljudi znali istinu o tome koliko malo pameti upravlja svetom umrli bi od straha kao ste rece Andric.
Najskuplja od svih ljudskih gluposti je strastveno verovanje lazovima koji plasiraju ocitu neistinu.</comment-text-transliterated></comment><comment comment-id="8"><comment-parent-id /><comment-text>A sto se zaboravili Borku Pavicevic-njen otac je bio Dr.Vuko Pavicevic, filosofski apologeta komunizma.</comment-text><comment-text-transliterated>A sto se zaboravili Borku Pavicevic-njen otac je bio Dr.Vuko Pavicevic, filosofski apologeta komunizma.</comment-text-transliterated></comment></comments-list></comments></document>