<document global-id="sr-01-1219"><url>http://www.politika.rs/scc/clanak/430717/%D0%9A%D1%80%D1%83%D1%88%D0%B5%D0%B2%D0%B0%D1%87%D0%BA%D0%B0-%D0%B3%D0%B8%D0%BC%D0%BD%D0%B0%D0%B7%D0%B8%D1%98%D0%B0-%D1%81%D0%B5-%D0%B8%D0%B7%D0%B1%D0%BE%D1%80%D0%B8%D0%BB%D0%B0-%D0%B7%D0%B0-%D1%84%D0%B8%D0%BB%D0%BE%D0%BB%D0%BE%D1%88%D0%BA%D0%BE-%D0%BE%D0%B4%D0%B5%D1%99%D0%B5%D1%9A%D0%B5</url><source-id>sr-01</source-id><local-id>sr-01-1219</local-id><source-name>Politika</source-name><article><article-title>Крушевачка гимназија се изборила за филолошко одељење</article-title><article-title-transliterated>Kruševačka gimnazija se izborila za filološko odeljenje</article-title-transliterated><article_time>2019-05-30</article_time><article-author>R. Stanković</article-author><article-text>
Крушевац – Борба родитеља деце даровите за језике, синдиката и професора гимназије из Крушевца јуче је успешно окончана. Министар просвете, науке и технолошког развоја Младен Шарчевић после јучерашњег преподневног састанка са директорком гимназије Биљаном Дачић и начелником Школске управе Расинског округа Зораном Ацковићем одобрио је да тридесетак ученика полаже пријемни испит за филолошко одељење, али ће полагање тог испита бити одржано у крагујевачкој и краљевачкој гимназији, и то само из техничких разлога.
После састанка са министром просвете директорка Биљана Дачић и начелник Школске управе Зоран Ацковић саопштили су заинтересованим школарцима и њиховим родитељима добру вест коју су донели из Београда.
– Министар Младен Шарчевић је размотрио сву нашу аргументацију у корист постојања филолошког одељења и дао одобрење за полагање пријемног испита. У име ученика и родитеља захвална сам што је сагледао целокупну ситуацију и даровитима дао шансу да се упишу у филолошко одељење. Ја сам уверена да ће сасвим довољан број ученика за једно одељење (од 15 до 24) положити пријемни и да ће то одељење и после 17 година наставити да живи у нашој гимназији. Захвална сам и родитељима, синдикатима и медијима који су пратили нашу борбу да сачувамо одељење које је нашој школи доносило највише награда – рекла је на конференцији за новинаре директорка Биљана Дачић.
Начелник Школске управе Зоран Ацковић објаснио је да ће ученици пријемни испит полагати у Краљеву и Крагујевцу јер су гимназије у тим местима већ добиле тестове.
– Филолошко одељење овде ће постојати, наравно, ако довољан број ученика положи пријемни испит. Половина пријављених ученика полагаће у Краљеву, а половина у Крагујевцу и то је једино могуће у овом моменту. Ако више од 15 ученика положи пријемни за филолошко одељење, оно ће бити овде формирано, а ако га не буде, онда ћемо имати пет, уместо четири одељења друштвено-језичког смера – објаснио је начелник Ацковић.
</article-text><article-text-transliterated>
Kruševac – Borba roditelja dece darovite za jezike, sindikata i profesora gimnazije iz Kruševca juče je uspešno okončana. Ministar prosvete, nauke i tehnološkog razvoja Mladen Šarčević posle jučerašnjeg prepodnevnog sastanka sa direktorkom gimnazije Biljanom Dačić i načelnikom Školske uprave Rasinskog okruga Zoranom Ackovićem odobrio je da tridesetak učenika polaže prijemni ispit za filološko odeljenje, ali će polaganje tog ispita biti održano u kragujevačkoj i kraljevačkoj gimnaziji, i to samo iz tehničkih razloga.
Posle sastanka sa ministrom prosvete direktorka Biljana Dačić i načelnik Školske uprave Zoran Acković saopštili su zainteresovanim školarcima i njihovim roditeljima dobru vest koju su doneli iz Beograda.
– Ministar Mladen Šarčević je razmotrio svu našu argumentaciju u korist postojanja filološkog odeljenja i dao odobrenje za polaganje prijemnog ispita. U ime učenika i roditelja zahvalna sam što je sagledao celokupnu situaciju i darovitima dao šansu da se upišu u filološko odeljenje. Ja sam uverena da će sasvim dovoljan broj učenika za jedno odeljenje (od 15 do 24) položiti prijemni i da će to odeljenje i posle 17 godina nastaviti da živi u našoj gimnaziji. Zahvalna sam i roditeljima, sindikatima i medijima koji su pratili našu borbu da sačuvamo odeljenje koje je našoj školi donosilo najviše nagrada – rekla je na konferenciji za novinare direktorka Biljana Dačić.
Načelnik Školske uprave Zoran Acković objasnio je da će učenici prijemni ispit polagati u Kraljevu i Kragujevcu jer su gimnazije u tim mestima već dobile testove.
– Filološko odeljenje ovde će postojati, naravno, ako dovoljan broj učenika položi prijemni ispit. Polovina prijavljenih učenika polagaće u Kraljevu, a polovina u Kragujevcu i to je jedino moguće u ovom momentu. Ako više od 15 učenika položi prijemni za filološko odeljenje, ono će biti ovde formirano, a ako ga ne bude, onda ćemo imati pet, umesto četiri odeljenja društveno-jezičkog smera – objasnio je načelnik Acković.
</article-text-transliterated></article><comments><comments-count>2</comments-count><comments-list><comment comment-id="1"><comment-parent-id /><comment-text>Искрене честитке!</comment-text><comment-text-transliterated>Iskrene čestitke!</comment-text-transliterated></comment><comment comment-id="2"><comment-parent-id /><comment-text>Свака част на борби и срећно на пријемном :)</comment-text><comment-text-transliterated>Svaka čast na borbi i srećno na prijemnom :)</comment-text-transliterated></comment></comments-list></comments></document>