<document global-id="sr-01-1133">
    <url>
        http://www.politika.rs/scc/clanak/424965/%D0%9A%D0%BE-%D0%BC%D1%83%D1%82%D0%B8-%D0%A2%D1%83%D1%80%D1%81%D0%BA%D0%B8-%D1%82%D0%BE%D0%BA
    </url>
    <source-id>sr-01</source-id>
    <local-id>1133</local-id>
    <source-name>Politika</source-name>
    <article>
        <article-title>Ко мути „Турски ток”</article-title>
        <article-title-transliterated>Ko muti „Turski tok”</article-title-transliterated>
        <article-time>2019-03-14</article-time>
        <article-author>Jasna Petrović-Stojanović</article-author>
        <article-text>Дирк Бушле, други човек Енергетске заједнице, сматра да би наша земља због одлуке АЕРС да будемо
            изузети из трећег енергетског пакета могла имати последице по евроинтеграције, али упућени у преговоре тврде
            да се све ради по закону. Након што је прошле недеље Агенција за енергетику Србије (АЕРС) дала сагласност за
            изузеће српско-руске фирме „Гастранс” од примене трећег енергетског пакета за гасовод „Турски ток”, који би
            требало да се гради преко Србије, АЕРС је дао сагласност и на модел уговора о транспорту гаса, методологију
            за обрачун тарифа за услуге транспорта овог енергента, показујући тиме да је Србија спремна за почетак
            градње.
            Све би то било лепо да се дан пре давања ове сагласности није огласио Јанез Копач, директор Секретаријата
            Енергетске заједнице, рекавши да одлука АЕРС-а заправо крши трећи енергетски пакет и њен члан о изузећу, те
            да ће сада тај пројекат имати проблем легитимитета, што ће дати крила свима који га оспоравају.
            – Непоштовање трећег пакета је велики проблем и за ЕУ. Нажалост, одлука АЕРС-а је коначна и нас нису
            консултовали. Није добро ни за пројекат, ни за Србију – рекао је Kопач.
            Забринутост око будућности „Турског тока” изразио је пре два дана и његов заменик Дирк Бушле, у интервјуу
            Радију Слободна Европа, истичући да би Србија због овога могла имати последице по евроинтеграције и да ће
            наредне кораке утврдити након наставка дијалога са српском страном.
            Интересантно је, међутим, да у Енергетској заједници, према Бушлеовим речима, пре него што је из ње било шта
            коментарисано, уопште нису добили званичан документ и сагласност АЕРС-а, већ су га само видели на сајту, и
            то на српском језику, без превода на енглески.
            Будући да се нико од српских званичника у међувремену није огласио да каже да ли Србија оваквим решењем
            поштује правила ЕУ или не, остаје и даље нејасно да ли ће наша земља дати себи шансу да се претвори не само
            у транзитну територију за руски гас намењен другим тржиштима, већ и да ли ће постати регионално гасно
            чвориште, или „нова одлука АЕРС-а не побољшава имиџ Србије”, како каже Бушле.
            Упитани шта сада, у Савезу енергетичара Србије – „Сенергес” кажу да је решење АЕРС-а заснoвано на мишљењу
            Европске енергетске заједнице (ЕЕЗ), али не у потпуности. Заправо, они услови који су у фокусу њеног
            деловања и сматра их најзначајнијим, нису прихваћени. Решење наше агенције је коначно, а директор ЕЕЗ каже
            да више нема о чему да се разговара. С тим што то отвара питање легитимитета нашег крака „Турског тока”.
            У „Сенергесу” кажу да би пре одговора на ово питање можда требало обратити пажњу на комплексну ситуацију у
            вези са „Северним током 2” и транзитом гаса кроз Украјину. Правила тржишта гаса ЕУ примењиваће се на
            цевоводе који долазе из трећих земаља (укључујући и „Северни ток 2”). Комитет сталних представника држава
            управо је одобрио споразум између Савета ЕУ и Европског парламента „о директиви о гасу”. То није крај
            процедуре, јер ће у мају о компромисној верзији амандмана, према којима „Северни ток 2” неће бити блокиран,
            али ће морати да се повинује правилима ЕУ, расправљати министри ЕУ и Европски парламент.
            Ако се узме у обзир оно што је председник Русије Владимир Путин рекао у Београду – да Русија неће само
            напунити гасом обе цеви „Северног” и „Турског тока”, него ће и сачувати могућност испорука гаса кроз
            Украјину – слика о постигнутом ширем компромису могла би да изгледа тако да ЕУ кроз „Северни ток 2” добија
            нових 55 милијарди кубика гаса годишње, а да се после реконструкције гасовода кроз Украјину добије још већа
            могућност транзита од садашњих 50 до 60 милијарди кубних метара.
            Са таквим расплетом, кажу у „Сенергесу”, свиђало се то некоме или не, поставиће се питање које директор ЕЕЗ
            вероватно има на уму – када ће и коме у ЕУ у ближој будућности бити потребан балкански крак „Турског тока”
            са 12 милијарди кубних метара на излазу из Србије.
            Нама би, додају, транзитна такса и за те количине била драгоцена, финансијски, али и правде ради – да и ми
            ономе коме смо 40 година плаћали сада наплатимо транзит.
            Срећко Ђукић, стручњак за гасне прилике, каже да се ствари у вези са гасоводом „Турски ток” компликују из
            дана у дан, и то не само на политичком нивоу (нема назнака да ће добити подршку, будући да је реч о руском
            гасу који није у европском приоритету), него и у погледу регулативе.
            – Србија је новим решењем АЕРС-а још једанпут демонстрирала како олако прихвата европска правила, да их
            потом не би примењивала. У конкретном случају направљени су толики изузеци у односу на трећи енергетски
            пакет, па и наше законодавство, да практично ништа није остало од образовања заједничког гасног тржишта,
            због чега је Србија и ушла у Европску енергетску заједницу – каже Ђукић. – На српском делу гасовода нису
            раздвојени произвођач и дистрибутер гаса, у гасоводу скоро да нема места за гас других произвођача,
            „Србијагас” и „Гастранс” остају монополистички. Дакле, све супротно ономе што траже европска правила и ЕЕЗ.
            И супротно ономе што је руска страна изјављивала све до врха: да прихвата захтеве Брисела – закључује Ђукић.
            Упућени у преговоре кажу да нема разлога за бригу због негодовања представника ЕЕЗ, јер наша земља ради све
            по српским и европским законима и гасовод „Турски ток” ће бити готов до краја ове године.
        </article-text>
        <article-text-transliterated>Dirk Bušle, drugi čovek Energetske zajednice, smatra da bi naša zemlja zbog odluke
            AERS da budemo izuzeti iz trećeg energetskog paketa mogla imati posledice po evrointegracije, ali upućeni u
            pregovore tvrde da se sve radi po zakonu. Nakon što je prošle nedelje Agencija za energetiku Srbije (AERS)
            dala saglasnost za izuzeće srpsko-ruske firme „Gastrans” od primene trećeg energetskog paketa za gasovod
            „Turski tok”, koji bi trebalo da se gradi preko Srbije, AERS je dao saglasnost i na model ugovora o
            transportu gasa, metodologiju za obračun tarifa za usluge transporta ovog energenta, pokazujući time da je
            Srbija spremna za početak gradnje.
            Sve bi to bilo lepo da se dan pre davanja ove saglasnosti nije oglasio Janez Kopač, direktor Sekretarijata
            Energetske zajednice, rekavši da odluka AERS-a zapravo krši treći energetski paket i njen član o izuzeću, te
            da će sada taj projekat imati problem legitimiteta, što će dati krila svima koji ga osporavaju.
            – Nepoštovanje trećeg paketa je veliki problem i za EU. Nažalost, odluka AERS-a je konačna i nas nisu
            konsultovali. Nije dobro ni za projekat, ni za Srbiju – rekao je Kopač.
            Zabrinutost oko budućnosti „Turskog toka” izrazio je pre dva dana i njegov zamenik Dirk Bušle, u intervjuu
            Radiju Slobodna Evropa, ističući da bi Srbija zbog ovoga mogla imati posledice po evrointegracije i da će
            naredne korake utvrditi nakon nastavka dijaloga sa srpskom stranom.
            Interesantno je, međutim, da u Energetskoj zajednici, prema Bušleovim rečima, pre nego što je iz nje bilo
            šta komentarisano, uopšte nisu dobili zvaničan dokument i saglasnost AERS-a, već su ga samo videli na sajtu,
            i to na srpskom jeziku, bez prevoda na engleski.
            Budući da se niko od srpskih zvaničnika u međuvremenu nije oglasio da kaže da li Srbija ovakvim rešenjem
            poštuje pravila EU ili ne, ostaje i dalje nejasno da li će naša zemlja dati sebi šansu da se pretvori ne
            samo u tranzitnu teritoriju za ruski gas namenjen drugim tržištima, već i da li će postati regionalno gasno
            čvorište, ili „nova odluka AERS-a ne poboljšava imidž Srbije”, kako kaže Bušle.
            Upitani šta sada, u Savezu energetičara Srbije – „Senerges” kažu da je rešenje AERS-a zasnovano na mišljenju
            Evropske energetske zajednice (EEZ), ali ne u potpunosti. Zapravo, oni uslovi koji su u fokusu njenog
            delovanja i smatra ih najznačajnijim, nisu prihvaćeni. Rešenje naše agencije je konačno, a direktor EEZ kaže
            da više nema o čemu da se razgovara. S tim što to otvara pitanje legitimiteta našeg kraka „Turskog toka”.
            U „Senergesu” kažu da bi pre odgovora na ovo pitanje možda trebalo obratiti pažnju na kompleksnu situaciju u
            vezi sa „Severnim tokom 2” i tranzitom gasa kroz Ukrajinu. Pravila tržišta gasa EU primenjivaće se na
            cevovode koji dolaze iz trećih zemalja (uključujući i „Severni tok 2”). Komitet stalnih predstavnika država
            upravo je odobrio sporazum između Saveta EU i Evropskog parlamenta „o direktivi o gasu”. To nije kraj
            procedure, jer će u maju o kompromisnoj verziji amandmana, prema kojima „Severni tok 2” neće biti blokiran,
            ali će morati da se povinuje pravilima EU, raspravljati ministri EU i Evropski parlament.
            Ako se uzme u obzir ono što je predsednik Rusije Vladimir Putin rekao u Beogradu – da Rusija neće samo
            napuniti gasom obe cevi „Severnog” i „Turskog toka”, nego će i sačuvati mogućnost isporuka gasa kroz
            Ukrajinu – slika o postignutom širem kompromisu mogla bi da izgleda tako da EU kroz „Severni tok 2” dobija
            novih 55 milijardi kubika gasa godišnje, a da se posle rekonstrukcije gasovoda kroz Ukrajinu dobije još veća
            mogućnost tranzita od sadašnjih 50 do 60 milijardi kubnih metara.
            Sa takvim raspletom, kažu u „Senergesu”, sviđalo se to nekome ili ne, postaviće se pitanje koje direktor EEZ
            verovatno ima na umu – kada će i kome u EU u bližoj budućnosti biti potreban balkanski krak „Turskog toka”
            sa 12 milijardi kubnih metara na izlazu iz Srbije.
            Nama bi, dodaju, tranzitna taksa i za te količine bila dragocena, finansijski, ali i pravde radi – da i mi
            onome kome smo 40 godina plaćali sada naplatimo tranzit.
            Srećko Đukić, stručnjak za gasne prilike, kaže da se stvari u vezi sa gasovodom „Turski tok” komplikuju iz
            dana u dan, i to ne samo na političkom nivou (nema naznaka da će dobiti podršku, budući da je reč o ruskom
            gasu koji nije u evropskom prioritetu), nego i u pogledu regulative.
            – Srbija je novim rešenjem AERS-a još jedanput demonstrirala kako olako prihvata evropska pravila, da ih
            potom ne bi primenjivala. U konkretnom slučaju napravljeni su toliki izuzeci u odnosu na treći energetski
            paket, pa i naše zakonodavstvo, da praktično ništa nije ostalo od obrazovanja zajedničkog gasnog tržišta,
            zbog čega je Srbija i ušla u Evropsku energetsku zajednicu – kaže Đukić. – Na srpskom delu gasovoda nisu
            razdvojeni proizvođač i distributer gasa, u gasovodu skoro da nema mesta za gas drugih proizvođača,
            „Srbijagas” i „Gastrans” ostaju monopolistički. Dakle, sve suprotno onome što traže evropska pravila i EEZ.
            I suprotno onome što je ruska strana izjavljivala sve do vrha: da prihvata zahteve Brisela – zaključuje
            Đukić.
            Upućeni u pregovore kažu da nema razloga za brigu zbog negodovanja predstavnika EEZ, jer naša zemlja radi
            sve po srpskim i evropskim zakonima i gasovod „Turski tok” će biti gotov do kraja ove godine.
        </article-text-transliterated>
    </article>
    <comments>
        <comments-count>7</comments-count>
        <comment-list>
            <comment comment-id="1">
                <comment-parent-id/>
                <comment-text>Ја немам проблем одвајања дистрибутера од произвођача, па то је одскора остварено и у
                    електродистрибуцији. Конкуренција је увек добра за потрошаче. Проблем је што има неких који који су
                    много далеко и много против Руса па тврде пазар преко европских леђа.
                </comment-text>
                <comment-text-transliterated>Ja nemam problem odvajanja distributera od proizvođača, pa to je odskora
                    ostvareno i u elektrodistribuciji. Konkurencija je uvek dobra za potrošače. Problem je što ima nekih
                    koji koji su mnogo daleko i mnogo protiv Rusa pa tvrde pazar preko evropskih leđa.
                </comment-text-transliterated>
            </comment>
            <comment comment-id="2">
                <comment-parent-id/>
                <comment-text>Хоћу ли да дочекам први пут, да Србија у ових, последњих, 18-19 година, колико се труди да
                    уђе у ЕУ, направи један једини потез у корист Србије, макар он био и против интереса и мишљења целог
                    Запада? Ако пропусти да изгради овај гасовод у складу са својим стратешким и економским интересима,
                    можемо, одмах сви да се раселимо, а задњи нека "угаси светло".
                </comment-text>
                <comment-text-transliterated>Hoću li da dočekam prvi put, da Srbija u ovih, poslednjih, 18-19 godina,
                    koliko se trudi da uđe u EU, napravi jedan jedini potez u korist Srbije, makar on bio i protiv
                    interesa i mišljenja celog Zapada? Ako propusti da izgradi ovaj gasovod u skladu sa svojim
                    strateškim i ekonomskim interesima, možemo, odmah svi da se raselimo, a zadnji neka "ugasi svetlo".
                </comment-text-transliterated>
            </comment>
            <comment comment-id="3">
                <comment-parent-id/>
                <comment-text>EU ? šta je to... geografski pojam ili nešto što je bilo pa je htelo a sad ne zna ni šta
                    je? Ko još traba da dođe u Srbiju i srbima kaže nema tog puta, nema priključenja KO? O kom to putu u
                    EU nama pričaju kad smo ili nismo shvatili da to nije ulica u jednom smeru već ĆORSOKAK? Da li nam
                    SAD i TO mislim EU daje energente ili nam uzima jeftine sirovine i još jeftiniju radnu snagu kako da
                    se pokrene ta proizvodnja u tim HALAMA bez gasa na jeftinu struju ili termo elektrane koje nam gle
                    čuda ista EU sad traži da iz ekološlih razloga ugasimo... lud, zbunjen , ne normalan.
                </comment-text>
                <comment-text-transliterated>EU ? šta je to... geografski pojam ili nešto što je bilo pa je htelo a sad
                    ne zna ni šta je? Ko još traba da dođe u Srbiju i srbima kaže nema tog puta, nema priključenja KO? O
                    kom to putu u EU nama pričaju kad smo ili nismo shvatili da to nije ulica u jednom smeru već
                    ĆORSOKAK? Da li nam SAD i TO mislim EU daje energente ili nam uzima jeftine sirovine i još jeftiniju
                    radnu snagu kako da se pokrene ta proizvodnja u tim HALAMA bez gasa na jeftinu struju ili termo
                    elektrane koje nam gle čuda ista EU sad traži da iz ekološlih razloga ugasimo... lud, zbunjen , ne
                    normalan.
                </comment-text-transliterated>
            </comment>
            <comment comment-id="4">
                <comment-parent-id/>
                <comment-text>Zaključak je da se Rusija stalno i na svaki način suprostavlja Amerikancima, dok EU
                    političari po običaju rade za Američke interese a ne svoje.
                </comment-text>
                <comment-text-transliterated>Zaključak je da se Rusija stalno i na svaki način suprostavlja
                    Amerikancima, dok EU političari po običaju rade za Američke interese a ne svoje.
                </comment-text-transliterated>
            </comment>
            <comment comment-id="5">
                <comment-parent-id/>
                <comment-text>Traba biti mudar. Amerikanci su potplatili sve odgovorne u EU da trube o ruskom gasu i
                    podmecu nogu svakoj cevi koja dolazi iz Rusije. Ali to nije interes svakodnevnog Evropljanina.
                    Njegov interes je sto jevtiniji gas i to u izobilju. To znaci da kada Srbija izgradi gasovod to ne
                    da nece da smeta njenoj integraciji u EU vec ce postati jako vazno za EU da ukljuci tako vaznu
                    zemlju, skoro po svaku cenu. Naravno ovaj Kopac to shvata i sada se sluzi zastrasivanjem naroda u
                    Srbiji, ali realnost je da se pozicija Srbije sa gasom znatno ojacava u svakom smislu pa i oko
                    pregovora sa Kosovom. EU nece moci vise da drzi stranu beznacajnom Kosovu protiv vazne Srbije. Ako
                    zatreba treba izaci iz bilo kojeg potpisanog sporazuma koji nas tera da bilo sta slusamo EU oko
                    gasa. Uci cemo mi tamo ponovo vrlo brzo i to na njihov poziv...
                </comment-text>
                <comment-text-transliterated>Traba biti mudar. Amerikanci su potplatili sve odgovorne u EU da trube o
                    ruskom gasu i podmecu nogu svakoj cevi koja dolazi iz Rusije. Ali to nije interes svakodnevnog
                    Evropljanina. Njegov interes je sto jevtiniji gas i to u izobilju. To znaci da kada Srbija izgradi
                    gasovod to ne da nece da smeta njenoj integraciji u EU vec ce postati jako vazno za EU da ukljuci
                    tako vaznu zemlju, skoro po svaku cenu. Naravno ovaj Kopac to shvata i sada se sluzi zastrasivanjem
                    naroda u Srbiji, ali realnost je da se pozicija Srbije sa gasom znatno ojacava u svakom smislu pa i
                    oko pregovora sa Kosovom. EU nece moci vise da drzi stranu beznacajnom Kosovu protiv vazne Srbije.
                    Ako zatreba treba izaci iz bilo kojeg potpisanog sporazuma koji nas tera da bilo sta slusamo EU oko
                    gasa. Uci cemo mi tamo ponovo vrlo brzo i to na njihov poziv...
                </comment-text-transliterated>
            </comment>
            <comment comment-id="5-1">
                <comment-parent-id>5</comment-parent-id>
                <comment-text>Ljudmila, Закључак је да пара врти где бургија неће и да је одређен број утицајних
                    политичара ЕУ корумпиран, а можда и уцењен. Међутим, ако Србија одлучи онако како је сугерисао
                    slamkamenac, корумпираност неће имати снаге да спречи изградњу гасовода кроз Србију. Значи, не ради
                    се само о Русији и ЕУ, него и о одлукама Србије.
                </comment-text>
                <comment-text-transliterated>Ljudmila, Zaključak je da para vrti gde burgija neće i da je određen broj
                    uticajnih političara EU korumpiran, a možda i ucenjen. Međutim, ako Srbija odluči onako kako je
                    sugerisao slamkamenac, korumpiranost neće imati snage da spreči izgradnju gasovoda kroz Srbiju.
                    Znači, ne radi se samo o Rusiji i EU, nego i o odlukama Srbije.
                </comment-text-transliterated>
            </comment>
            <comment comment-id="5-2">
                <comment-parent-id>5</comment-parent-id>
                <comment-text>I koji je zakljucak, da Rusija i Evropa jos nemaju tu snagu da mogu da se suprotstave
                    Amerinakcima.
                </comment-text>
                <comment-text-transliterated>I koji je zakljucak, da Rusija i Evropa jos nemaju tu snagu da mogu da se
                    suprotstave Amerinakcima.
                </comment-text-transliterated>
            </comment>
        </comment-list>
    </comments>
</document>