<document global-id="sr-01-1311">
    <url>
        http://www.politika.rs/scc/clanak/429591/%D0%89%D1%83%D0%B1%D0%B0%D0%B2-%D0%BF%D1%80%D0%B5%D0%BA%D0%BE-%D0%B0%D0%BF%D0%BB%D0%B8%D0%BA%D0%B0%D1%86%D0%B8%D1%98%D0%B5
    </url>
    <source-id>sr-01</source-id>
    <local-id>1311</local-id>
    <source-name>Politika</source-name>
    <article>
        <article-title>Љубав преко апликације</article-title>
        <article-title-transliterated>Ljubav preko aplikacije</article-title-transliterated>
        <article-time>2019-05-15</article-time>
        <article-author>Katarina Đorđević</article-author>
        <article-text>Паметни телефони помажу усамљенима да пронађу сродну душу у близини, а превлачећи прстом десно или
            лево преко фотографије они се одмах и изјашњавају да ли им се „понуђена” особа свидела или не. Након
            површног прегледа гостију у омиљеном кафићу и констатације да нема ниједног младића који обећава добру
            забаву, две младе Београђанке дискретно су активирале апликацију „Тиндер” на свом телефону и за свега
            неколико секунди добиле информацију ко је у њиховом комшилуку расположен за флерт и забаву. На екрану су им
            се појавили профили младића који су од њих били удаљени свега 250 метара, што је могло да значи да
            највероватније испијају пиво у неком кафићу у крају.
            Од упознавања их је делило само превлачење палца преко екрана у десном правцу. Када су направиле и тај
            покрет, младићи су видели њихове фотографије и послали им сигнал да су им се допале. Виртуелним језиком
            речено, дошло је до „меча”, односно поклапања симпатија. Након што су испили заједничко пиће у башти кафића
            одшетали су заједно у луду београдску ноћ.
            „Тиндер” је једна од многих апликација које нуде „љубав преко мреже”. Никада неће одати тачну локацију онога
            ко жели да сретне ново лице, али ће показати у којем се крају налази и омогућити му да види кога има у
            комшилуку, а расположен је за емотивно дружење.
            Приликом претраживања листе потенцијалних партнера имате могућност да фотографију њега или ње превучете
            лево, што значи да вам се та особа не свиђа и желите да тражите даље. Ако фотографију превучете десно, значи
            да вам се особа допала. Уколико су осећања иста и са друге стране, тек тада можете размењивати поруке.
            Оно што је за хетеросексуалне особе „Тиндер”, то је за геј особе „Гиндер” – апликација која вам омогућава
            локацију хомосексуалних особа у блиском комшилуку. Припадници мањинске сексуалне оријентације тврде да им је
            ова апликација у огромној мери олакшала проналажење партнера и број неспоразума са особама супротне
            сексуалне оријентације практично елиминисала. На топ листи најпопуларнијих апликација за проналажење
            партнера налазе се и „Баду”, „Блендр”, „Хоторнот”, „Бамбл”…
            Да ли су ове апликације узрок или последица отуђености и живота у петој брзини, који често људима не оставља
            време за најближе и најмилије људе? Др Далибор Петровић, ванредни професор на Саобраћајном факултету,
            предавач на мастер студијама на Филозофском факултету и аутор књиге „Друштвеност у доба интернета”, сматра
            да су оне логична последица чињенице да велики део живота проводимо на социјалним мрежама.
            – Многобројна социолошка истраживања показују да партнере најчешће упознајемо преко заједничких пријатеља и
            на послу, али вртоглаво расте број особа које партнера упознају преко интернета. Могућност да некога
            упознамо у кафићу налази се у домену статистичке грешке. Ми се данас углавном налазимо на виртуелном тржишту
            романтике и себе нудимо као робу, а наши атрибути су физички изглед и социјално-економски статус. Велика
            предност ових апликација је што елиминишу страх од упознавања, јер је много лакше послати некоме поруку
            преко телефона него прићи особи уживо. На „Тиндеру” један мушкарац може да комуницира са сто жена, а даме су
            у идеалној позицији да буду биране – објашњава наш саговорник и додаје да је на „Тиндеру” велика
            диспропорција жена и мушкараца у корист припадника јачег пола. Један од начина да мушкарци повећају своје
            шансе су занимање (жене воле докторе и професоре), слика и социјални статус.
            Иако онлајн упознавање носи извесне безбедносне ризике, др Петровић примећује да су жене развиле бројне
            стратегије како да безбедно упознају особу са апликације. Већина њих сусрет заказује на отвореном простору,
            често воде другарицу или након упознавања одлазе у познати простор, као што је њен стан.
            Психолог и психотерапеут Горан Томин оцењује да су апликације за упознавање у масовној употреби, јер је тај
            пут једноставно – лакши.
            – Ми већ дуго имамо своје „аватаре” на мрежи, јер се практично од дајал-ап интернета на форумима налазимо
            под неким надимком и са неком профилном фотографијом. У том смислу, апликације за упознавање нису ништа
            ново. Мислим да оне ипак повезују људе. Предност онлајн комуникације је у томе што не морате много да се
            трудите, имате времена да смислите како ћете одговорити на неку поруку, а можете се консултовати и с
            пријатељима. Све те предности немате приликом директног упознавања с неким – примећује наш саговорник.
            На питање да ли би као психолог саветовао познанство преко апликације, он истиче да не би саветовао баш
            свакоме, али некоме можда и би.
            – Уколико неко пати од било које врсте анксиозности, или социјалне фобије, за такву особу су апликације за
            упознавање можда једини начин да са неким ступе у контакт. И у томе нема ничег лошег. До правог сусрета ће,
            ваљда, кад-тад доћи. И онда ће се лакше започети разговор – закључује Горан Томин.
        </article-text>
        <article-text-transliterated>Pametni telefoni pomažu usamljenima da pronađu srodnu dušu u blizini, a prevlačeći
            prstom desno ili levo preko fotografije oni se odmah i izjašnjavaju da li im se „ponuđena” osoba svidela ili
            ne. Nakon površnog pregleda gostiju u omiljenom kafiću i konstatacije da nema nijednog mladića koji obećava
            dobru zabavu, dve mlade Beograđanke diskretno su aktivirale aplikaciju „Tinder” na svom telefonu i za svega
            nekoliko sekundi dobile informaciju ko je u njihovom komšiluku raspoložen za flert i zabavu. Na ekranu su im
            se pojavili profili mladića koji su od njih bili udaljeni svega 250 metara, što je moglo da znači da
            najverovatnije ispijaju pivo u nekom kafiću u kraju.
            Od upoznavanja ih je delilo samo prevlačenje palca preko ekrana u desnom pravcu. Kada su napravile i taj
            pokret, mladići su videli njihove fotografije i poslali im signal da su im se dopale. Virtuelnim jezikom
            rečeno, došlo je do „meča”, odnosno poklapanja simpatija. Nakon što su ispili zajedničko piće u bašti kafića
            odšetali su zajedno u ludu beogradsku noć.
            „Tinder” je jedna od mnogih aplikacija koje nude „ljubav preko mreže”. Nikada neće odati tačnu lokaciju
            onoga ko želi da sretne novo lice, ali će pokazati u kojem se kraju nalazi i omogućiti mu da vidi koga ima u
            komšiluku, a raspoložen je za emotivno druženje.
            Prilikom pretraživanja liste potencijalnih partnera imate mogućnost da fotografiju njega ili nje prevučete
            levo, što znači da vam se ta osoba ne sviđa i želite da tražite dalje. Ako fotografiju prevučete desno,
            znači da vam se osoba dopala. Ukoliko su osećanja ista i sa druge strane, tek tada možete razmenjivati
            poruke.
            Ono što je za heteroseksualne osobe „Tinder”, to je za gej osobe „Ginder” – aplikacija koja vam omogućava
            lokaciju homoseksualnih osoba u bliskom komšiluku. Pripadnici manjinske seksualne orijentacije tvrde da im
            je ova aplikacija u ogromnoj meri olakšala pronalaženje partnera i broj nesporazuma sa osobama suprotne
            seksualne orijentacije praktično eliminisala. Na top listi najpopularnijih aplikacija za pronalaženje
            partnera nalaze se i „Badu”, „Blendr”, „Hotornot”, „Bambl”…
            Da li su ove aplikacije uzrok ili posledica otuđenosti i života u petoj brzini, koji često ljudima ne
            ostavlja vreme za najbliže i najmilije ljude? Dr Dalibor Petrović, vanredni profesor na Saobraćajnom
            fakultetu, predavač na master studijama na Filozofskom fakultetu i autor knjige „Društvenost u doba
            interneta”, smatra da su one logična posledica činjenice da veliki deo života provodimo na socijalnim
            mrežama.
            – Mnogobrojna sociološka istraživanja pokazuju da partnere najčešće upoznajemo preko zajedničkih prijatelja
            i na poslu, ali vrtoglavo raste broj osoba koje partnera upoznaju preko interneta. Mogućnost da nekoga
            upoznamo u kafiću nalazi se u domenu statističke greške. Mi se danas uglavnom nalazimo na virtuelnom tržištu
            romantike i sebe nudimo kao robu, a naši atributi su fizički izgled i socijalno-ekonomski status. Velika
            prednost ovih aplikacija je što eliminišu strah od upoznavanja, jer je mnogo lakše poslati nekome poruku
            preko telefona nego prići osobi uživo. Na „Tinderu” jedan muškarac može da komunicira sa sto žena, a dame su
            u idealnoj poziciji da budu birane – objašnjava naš sagovornik i dodaje da je na „Tinderu” velika
            disproporcija žena i muškaraca u korist pripadnika jačeg pola. Jedan od načina da muškarci povećaju svoje
            šanse su zanimanje (žene vole doktore i profesore), slika i socijalni status.
            Iako onlajn upoznavanje nosi izvesne bezbednosne rizike, dr Petrović primećuje da su žene razvile brojne
            strategije kako da bezbedno upoznaju osobu sa aplikacije. Većina njih susret zakazuje na otvorenom prostoru,
            često vode drugaricu ili nakon upoznavanja odlaze u poznati prostor, kao što je njen stan.
            Psiholog i psihoterapeut Goran Tomin ocenjuje da su aplikacije za upoznavanje u masovnoj upotrebi, jer je
            taj put jednostavno – lakši.
            – Mi već dugo imamo svoje „avatare” na mreži, jer se praktično od dajal-ap interneta na forumima nalazimo
            pod nekim nadimkom i sa nekom profilnom fotografijom. U tom smislu, aplikacije za upoznavanje nisu ništa
            novo. Mislim da one ipak povezuju ljude. Prednost onlajn komunikacije je u tome što ne morate mnogo da se
            trudite, imate vremena da smislite kako ćete odgovoriti na neku poruku, a možete se konsultovati i s
            prijateljima. Sve te prednosti nemate prilikom direktnog upoznavanja s nekim – primećuje naš sagovornik.
            Na pitanje da li bi kao psiholog savetovao poznanstvo preko aplikacije, on ističe da ne bi savetovao baš
            svakome, ali nekome možda i bi.
            – Ukoliko neko pati od bilo koje vrste anksioznosti, ili socijalne fobije, za takvu osobu su aplikacije za
            upoznavanje možda jedini način da sa nekim stupe u kontakt. I u tome nema ničeg lošeg. Do pravog susreta će,
            valjda, kad-tad doći. I onda će se lakše započeti razgovor – zaključuje Goran Tomin.
        </article-text-transliterated>
    </article>
    <comments>
        <comments-count>7</comments-count>
        <comment-list>
            <comment comment-id="1">
                <comment-parent-id/>
                <comment-text>Kakva bre ljubav preko aplikacije?? Tinder se koristi za traženje partnera za jednokratne
                    seksualne kontakte.
                </comment-text>
                <comment-text-transliterated>Kakva bre ljubav preko aplikacije?? Tinder se koristi za traženje partnera
                    za jednokratne seksualne kontakte.
                </comment-text-transliterated>
            </comment>
            <comment comment-id="2">
                <comment-parent-id/>
                <comment-text>Обавезно у апликацију унијети фамилијарно стабло по мушкој и женској линији,насљедне
                    болести,пороке чланова породице и дали жена жели потомство
                </comment-text>
                <comment-text-transliterated>Obavezno u aplikaciju unijeti familijarno stablo po muškoj i ženskoj
                    liniji,nasljedne bolesti,poroke članova porodice i dali žena želi potomstvo
                </comment-text-transliterated>
            </comment>
            <comment comment-id="3">
                <comment-parent-id/>
                <comment-text>"На питање да ли би као психолог саветовао познанство преко апликације, он истиче да не би
                    саветовао баш свакоме"Зашто, господин психолог не би саветовао свакоме?Колико су се на ФилоЗофском
                    факултету БУ у његово време проучавале друштвене мреже?---Права истине је да апликације попут
                    Тиндера не олакшавају налажење партнера, већ напротив- отежавају га, и ван мреже. Зашто? Жене у
                    изобиљу ''удварача'', свакодневно подижу критеријуме. Тако да, ако у стврном животу важи Паретов
                    однос, 80/20, ба друштвеним мрежама је присутан однос 90/10, ''10% мушкараца, ће привући пажњу
                    (размењиват ипоруке, упознати се, ''слушати плоче'') 90% жена''. Остатак мушкараца (њих 90%) поклања
                    новац власницима апликације и траћи време.
                </comment-text>
                <comment-text-transliterated>"Na pitanje da li bi kao psiholog savetovao poznanstvo preko aplikacije, on
                    ističe da ne bi savetovao baš svakome"Zašto, gospodin psiholog ne bi savetovao svakome?Koliko su se
                    na FiloZofskom fakultetu BU u njegovo vreme proučavale društvene mreže?---Prava istine je da
                    aplikacije poput Tindera ne olakšavaju nalaženje partnera, već naprotiv- otežavaju ga, i van mreže.
                    Zašto? Žene u izobilju ''udvarača'', svakodnevno podižu kriterijume. Tako da, ako u stvrnom životu
                    važi Paretov odnos, 80/20, ba društvenim mrežama je prisutan odnos 90/10, ''10% muškaraca, će
                    privući pažnju (razmenjivat iporuke, upoznati se, ''slušati ploče'') 90% žena''. Ostatak muškaraca
                    (njih 90%) poklanja novac vlasnicima aplikacije i traći vreme.
                </comment-text-transliterated>
            </comment>
            <comment comment-id="4">
                <comment-parent-id/>
                <comment-text>nekad bi: ljubav preko žice ... a sada preko aplikacije ...Ma dok ne dođe do susreta 1 na
                    1 i dok se pogledi ne ukrste nema tu ljubavi ...Ajd, nek im je sa srećom u potrazi preko aplikacije!
                </comment-text>
                <comment-text-transliterated>nekad bi: ljubav preko žice ... a sada preko aplikacije ...Ma dok ne dođe
                    do susreta 1 na 1 i dok se pogledi ne ukrste nema tu ljubavi ...Ajd, nek im je sa srećom u potrazi
                    preko aplikacije!
                </comment-text-transliterated>
            </comment>
            <comment comment-id="5">
                <comment-parent-id/>
                <comment-text>Апликације су упропастиле романтику.</comment-text>
                <comment-text-transliterated>Aplikacije su upropastile romantiku.</comment-text-transliterated>
            </comment>
            <comment comment-id="6">
                <comment-parent-id/>
                <comment-text>Ako je neko tutuban, neće njemu/njoj nikakav "finder" da pomogne. Otkriće se nakon
                    nekoliko susreta uživo. Tada prednosti i pogodnosti za tren postanu mane i neugodnosti.
                </comment-text>
                <comment-text-transliterated>Ako je neko tutuban, neće njemu/njoj nikakav "finder" da pomogne. Otkriće
                    se nakon nekoliko susreta uživo. Tada prednosti i pogodnosti za tren postanu mane i neugodnosti.
                </comment-text-transliterated>
            </comment>
            <comment comment-id="7">
                <comment-parent-id/>
                <comment-text>Итекако има лошег. Анкете су показале драстичан раст полно преносивих болести међу
                    популацијом која користи ове програме - који се сматрају погодним само за ту једну ствар - не и за
                    озбиљну везу... изнајмите стан, такси, пицу или жену... нема разлике. Ближе нам се последња времена.
                </comment-text>
                <comment-text-transliterated>Itekako ima lošeg. Ankete su pokazale drastičan rast polno prenosivih
                    bolesti među populacijom koja koristi ove programe - koji se smatraju pogodnim samo za tu jednu
                    stvar - ne i za ozbiljnu vezu... iznajmite stan, taksi, picu ili ženu... nema razlike. Bliže nam se
                    poslednja vremena.
                </comment-text-transliterated>
            </comment>
        </comment-list>
    </comments>
</document>