<document global-id="sr-01-1055"><url>http://www.politika.rs/scc/clanak/416183/%D0%9A%D0%B0%D1%80%D0%BB-%D0%9C%D0%B0%D0%BB%D0%B4%D0%B5%D0%BD-%D0%BC%D0%B8-%D1%98%D0%B5-%D0%B1%D0%B8%D0%BE-%D0%BA%D0%B0%D0%BE-%D1%81%D1%82%D0%B0%D1%80%D0%B8%D1%98%D0%B8-%D0%B1%D1%80%D0%B0%D1%82</url><source-id>sr-01</source-id><local-id>sr-01-1055</local-id><source-name>Politika</source-name><article><article-title>Карл Малден ми је био као старији брат</article-title><article-title-transliterated>Karl Malden mi je bio kao stariji brat</article-title-transliterated><article_time>2018-11-20</article_time><article-author>Aleksandra Mijalković</article-author><article-text>
Били су нераздвојна „холивудска тројка”: Карл Малден, Ден Тана и Кирк Даглас. Глумци и породични пријатељи. Везивала их је љубав према филму, а прву двојицу и – српско порекло. То су, додуше, открили случајно, јер се по имену и презимену никад не би рекло.
– У то време сви који су снимали у Холивуду добијали су ново име, да буде „памтљиво”. Ја сам имао среће да сам задржао барем почетна слова, па сам од Добривоја Танасијевића постао Ден Тана. Карл Малден је рођен као Младен Секуловић. Тако ми се представио кад смо се упознали у студију „Ворнер броса”, где ме је у разгледање одвео Роберт Мичам, с којим сам се спријатељио 1957, кад смо за „20. сенчери фокс” снимали „Непријатеље испод мора”. Мичам и Курт Јиргенс имали су главне улоге, мени је то био први филмски ангажман, глумио сам Немца. Карл ме је на најчистијем српском језику упитао: „Како си, брате Србине?”. Био сам запањен – каже за „Политику” Ден Тана.
Узгред, право име Кирка Дагласа, који у децембру пуни 102 године, јесте Исур Данилович и његов отац емигрирао је у Америку из Европе (као Јеврејин из Белорусије) – баш као и Малденов отац Петар, напустивши родно Подосје код Билеће, и као што је, много деценија касније, учинио наш саговорник, одлучивши да Београд и Југославију замени Калифорнијом, а фудбалску каријеру – филмском.
– Никад се нисам покајао. Да нисам остао у Холивуду, поред осталог, не бих упознао Карла Малдена, најбољег, најискренијег и најчаснијег човека на свету! Од њега сам толико научио, био ми је као старији брат и, захваљујући управо његовом утицају, постао сам боља особа – истиче Дан Тана, радостан што ће његов најдражи пријатељ најзад добити споменик у Београду, престоници земље коју је толико волео и чије је људе несебично помагао.
На откривање споменика, првобитно најављено за ово лето, требало је да дође и Мајкл Даглас (који се као дете дружио са две Малденове и две Танине кћерке), али ће се уместо тога чути само његова порука, уз многе друге из САД, јер је Карл Малден тамо био веома омиљен и поштован, нарочито међу Србима у дијаспори. Ценио га је, као глумца, и Тито, пасионирани филмофил, који се са њим сусрео у Холивуду.
– Један је био Карл Малден. Поштен, вредан, побожан, патриота. Није лагао, није мрзео, није завидео, није се бавио политиком, био је одан породици, пријатељима и филму. Цео живот, дуже од 70 година у браку, провео је са једном женом, својом Моном, и био јој је до краја веран. Како то знам? Па, сам ми је рекао 1981, на снимању „Сутона”.
Режисер је био Горан Паскаљевић, сценариста Филип Давид, ја продуцент, а Карл је глумио деду. Веома се детаљно припремао за сцену плеса са учитељицом, чак је за своје паре ангажовао најпознатију америчку кореографкињу, и на њен савет предложио режисеру да ту сцену поново сними... А онда је утврдио да се камера вртела у празно, без траке. Наљутио се, рекао да је преварен. Упитао сам га, па зар ти ниси никад никога преварио, ни своју жену? Одговорио је, помирљивије: „Једном замало да јесам, док сам снимао са Евом Маријом Сент” – сећа се Тана.
Како истиче наш саговорник, Карл Малден је, иако рођен у САД, прво проговорио и „пропевао” на српском, захваљујући оцу. Славио је Светог Луку, а сваке године у августу у својој кући је организовао „српски дан”, на који су долазили сви његови амерички пријатељи. На разне начине је помагао Србима у „старој домовини” и у расејању. Ипак, седамдесетих година прошлог века тадашње југословенске власти прогласиле су га националистом и забраниле му улазак у земљу.
– Било је то након што је у Њујорку, где је позван да отвори југословенски сајам, одбивши да за то узме хонорар, пред камерама изјавио да ће увек радо помоћи „земљацима” јер му је отац рекао да мора да буде добар Србин да би био добар Американац – прича наш саговорник.
Његова блискост са Малденом, верује, није била заснована само на српском пореклу, већ и на различитости карактера који су се на неки начин допуњавали.
– Карл је био прави светац, а ја његова супротност, неозбиљан, неодговоран, мангуп, прави ђаво... Сваки од нас је у оном другом видео оно што би могао бити, а није – са осмехом примећује Ден Тана, једини Србин у чланству Америчке филмске академије откако је умро Малден, који је био њен председник три године.
И док је Младен Секуловић остао „најчувенија холивудска звезда српског порекла”, Добривоје Танасијевић је оставио глуму, постао продуцент, власник славног холивудског ресторана „Ден Тана” (продао га је пре неколико година) и наставио да се бави фудбалом – као председник фудбалских клубова у Србији, Енглеској и САД и подршка Црвеној звезди.
</article-text><article-text-transliterated>
Bili su nerazdvojna „holivudska trojka”: Karl Malden, Den Tana i Kirk Daglas. Glumci i porodični prijatelji. Vezivala ih je ljubav prema filmu, a prvu dvojicu i – srpsko poreklo. To su, doduše, otkrili slučajno, jer se po imenu i prezimenu nikad ne bi reklo.
– U to vreme svi koji su snimali u Holivudu dobijali su novo ime, da bude „pamtljivo”. Ja sam imao sreće da sam zadržao barem početna slova, pa sam od Dobrivoja Tanasijevića postao Den Tana. Karl Malden je rođen kao Mladen Sekulović. Tako mi se predstavio kad smo se upoznali u studiju „Vorner brosa”, gde me je u razgledanje odveo Robert Mičam, s kojim sam se sprijateljio 1957, kad smo za „20. senčeri foks” snimali „Neprijatelje ispod mora”. Mičam i Kurt Jirgens imali su glavne uloge, meni je to bio prvi filmski angažman, glumio sam Nemca. Karl me je na najčistijem srpskom jeziku upitao: „Kako si, brate Srbine?”. Bio sam zapanjen – kaže za „Politiku” Den Tana.
Uzgred, pravo ime Kirka Daglasa, koji u decembru puni 102 godine, jeste Isur Danilovič i njegov otac emigrirao je u Ameriku iz Evrope (kao Jevrejin iz Belorusije) – baš kao i Maldenov otac Petar, napustivši rodno Podosje kod Bileće, i kao što je, mnogo decenija kasnije, učinio naš sagovornik, odlučivši da Beograd i Jugoslaviju zameni Kalifornijom, a fudbalsku karijeru – filmskom.
– Nikad se nisam pokajao. Da nisam ostao u Holivudu, pored ostalog, ne bih upoznao Karla Maldena, najboljeg, najiskrenijeg i najčasnijeg čoveka na svetu! Od njega sam toliko naučio, bio mi je kao stariji brat i, zahvaljujući upravo njegovom uticaju, postao sam bolja osoba – ističe Dan Tana, radostan što će njegov najdraži prijatelj najzad dobiti spomenik u Beogradu, prestonici zemlje koju je toliko voleo i čije je ljude nesebično pomagao.
Na otkrivanje spomenika, prvobitno najavljeno za ovo leto, trebalo je da dođe i Majkl Daglas (koji se kao dete družio sa dve Maldenove i dve Tanine kćerke), ali će se umesto toga čuti samo njegova poruka, uz mnoge druge iz SAD, jer je Karl Malden tamo bio veoma omiljen i poštovan, naročito među Srbima u dijaspori. Cenio ga je, kao glumca, i Tito, pasionirani filmofil, koji se sa njim susreo u Holivudu.
– Jedan je bio Karl Malden. Pošten, vredan, pobožan, patriota. Nije lagao, nije mrzeo, nije zavideo, nije se bavio politikom, bio je odan porodici, prijateljima i filmu. Ceo život, duže od 70 godina u braku, proveo je sa jednom ženom, svojom Monom, i bio joj je do kraja veran. Kako to znam? Pa, sam mi je rekao 1981, na snimanju „Sutona”.
Režiser je bio Goran Paskaljević, scenarista Filip David, ja producent, a Karl je glumio dedu. Veoma se detaljno pripremao za scenu plesa sa učiteljicom, čak je za svoje pare angažovao najpoznatiju američku koreografkinju, i na njen savet predložio režiseru da tu scenu ponovo snimi... A onda je utvrdio da se kamera vrtela u prazno, bez trake. Naljutio se, rekao da je prevaren. Upitao sam ga, pa zar ti nisi nikad nikoga prevario, ni svoju ženu? Odgovorio je, pomirljivije: „Jednom zamalo da jesam, dok sam snimao sa Evom Marijom Sent” – seća se Tana.
Kako ističe naš sagovornik, Karl Malden je, iako rođen u SAD, prvo progovorio i „propevao” na srpskom, zahvaljujući ocu. Slavio je Svetog Luku, a svake godine u avgustu u svojoj kući je organizovao „srpski dan”, na koji su dolazili svi njegovi američki prijatelji. Na razne načine je pomagao Srbima u „staroj domovini” i u rasejanju. Ipak, sedamdesetih godina prošlog veka tadašnje jugoslovenske vlasti proglasile su ga nacionalistom i zabranile mu ulazak u zemlju.
– Bilo je to nakon što je u Njujorku, gde je pozvan da otvori jugoslovenski sajam, odbivši da za to uzme honorar, pred kamerama izjavio da će uvek rado pomoći „zemljacima” jer mu je otac rekao da mora da bude dobar Srbin da bi bio dobar Amerikanac – priča naš sagovornik.
Njegova bliskost sa Maldenom, veruje, nije bila zasnovana samo na srpskom poreklu, već i na različitosti karaktera koji su se na neki način dopunjavali.
– Karl je bio pravi svetac, a ja njegova suprotnost, neozbiljan, neodgovoran, mangup, pravi đavo... Svaki od nas je u onom drugom video ono što bi mogao biti, a nije – sa osmehom primećuje Den Tana, jedini Srbin u članstvu Američke filmske akademije otkako je umro Malden, koji je bio njen predsednik tri godine.
I dok je Mladen Sekulović ostao „najčuvenija holivudska zvezda srpskog porekla”, Dobrivoje Tanasijević je ostavio glumu, postao producent, vlasnik slavnog holivudskog restorana „Den Tana” (prodao ga je pre nekoliko godina) i nastavio da se bavi fudbalom – kao predsednik fudbalskih klubova u Srbiji, Engleskoj i SAD i podrška Crvenoj zvezdi.
</article-text-transliterated></article><comments><comments-count>8</comments-count><comments-list><comment comment-id="1"><comment-parent-id /><comment-text>Film nije los,a Njegova uloga sjajna</comment-text><comment-text-transliterated>Film nije los,a Njegova uloga sjajna</comment-text-transliterated></comment><comment comment-id="2"><comment-parent-id /><comment-text>Otkrio sam Francuskinji ko je glumac sa sarmantnim nosom, a cija gluma joj je odavno 'zapala za oko'. Mislila je da je Karl Malden Amerikanac, a u Hercegovinu njegovog porijekla i ljutog kamenjara odvedoh je ovog ljeta. "Vidis, onaj super glumac sirokog simpaticnog nosa porijeklom je odavde, iz zemlje smilja koje mirise. Otac mu je otisao u Ameriku, jer kako i sama primijetis od kamena, vazduha i mediteranske klime u Hercegovini ne moze se zivjeti. Mladen je ispremetao slova i postao je - Malden. Nas Mladen Sekulovic, nas ponos. /Dj.T./ </comment-text><comment-text-transliterated>Otkrio sam Francuskinji ko je glumac sa sarmantnim nosom, a cija gluma joj je odavno 'zapala za oko'. Mislila je da je Karl Malden Amerikanac, a u Hercegovinu njegovog porijekla i ljutog kamenjara odvedoh je ovog ljeta. "Vidis, onaj super glumac sirokog simpaticnog nosa porijeklom je odavde, iz zemlje smilja koje mirise. Otac mu je otisao u Ameriku, jer kako i sama primijetis od kamena, vazduha i mediteranske klime u Hercegovini ne moze se zivjeti. Mladen je ispremetao slova i postao je - Malden. Nas Mladen Sekulovic, nas ponos. /Dj.T./ </comment-text-transliterated></comment><comment comment-id="3"><comment-parent-id /><comment-text>
Имао сам част 1998. године да проведем више од једног сата у разговору са славним глумцем у Сан Дијегу за време промоције његове аутобиографске књиге. Господин Маледн је потписивао своју књигу Американцима уз ноншалантну љубазност а цело време је разговарао на српском. Било нас је само троје, Јелена, Раде ја. Том приликом сам рекао господину Малдену да је његов српски много бољи од српског који говоре наши необразовани имигранати који су дошли у Америку после Другог светског рата. 
На крају разговора славни глумац нас је загрлио својим дугачким рукама и рекао: "Сви смо ми Срби”. Ову фотографију још увек чувам.</comment-text><comment-text-transliterated>
Imao sam čast 1998. godine da provedem više od jednog sata u razgovoru sa slavnim glumcem u San Dijegu za vreme promocije njegove autobiografske knjige. Gospodin Maledn je potpisivao svoju knjigu Amerikancima uz nonšalantnu ljubaznost a celo vreme je razgovarao na srpskom. Bilo nas je samo troje, Jelena, Rade ja. Tom prilikom sam rekao gospodinu Maldenu da je njegov srpski mnogo bolji od srpskog koji govore naši neobrazovani imigranati koji su došli u Ameriku posle Drugog svetskog rata. 
Na kraju razgovora slavni glumac nas je zagrlio svojim dugačkim rukama i rekao: "Svi smo mi Srbi”. Ovu fotografiju još uvek čuvam.</comment-text-transliterated></comment><comment comment-id="4"><comment-parent-id /><comment-text>Не знам да ли је случајна грешка, али село је Подосоје, а не Подосје. И чини ми се да је Карл Малден учествовао у Другом Свјетском рату, ако неког интересује...</comment-text><comment-text-transliterated>Ne znam da li je slučajna greška, ali selo je Podosoje, a ne Podosje. I čini mi se da je Karl Malden učestvovao u Drugom Svjetskom ratu, ako nekog interesuje...</comment-text-transliterated></comment><comment comment-id="4-1"><comment-parent-id>4</comment-parent-id><comment-text>Jeste, sluzio je u americkoj avijaciji.</comment-text><comment-text-transliterated>Jeste, sluzio je u americkoj avijaciji.</comment-text-transliterated></comment><comment comment-id="5"><comment-parent-id /><comment-text>Suton je jedan od losijih srpskih (jugoslovenskih) filmova.</comment-text><comment-text-transliterated>Suton je jedan od losijih srpskih (jugoslovenskih) filmova.</comment-text-transliterated></comment><comment comment-id="5-1"><comment-parent-id>5</comment-parent-id><comment-text>Karl Malden je covek kojim treba da se ponosimo. Kazivao se Srbinom, bio je poznat glumac i dobitnik Oskara, i nije bio uvucen u skandale. Zasto neko pokusava da ga ocrni kritikujuci film "Suton" tesko je razumeti ... I Marlon Brando je glumio u nekim losim filmovima, pa to ne umanjuje njegov ugled. Bas cudnog sveta ima ...</comment-text><comment-text-transliterated>Karl Malden je covek kojim treba da se ponosimo. Kazivao se Srbinom, bio je poznat glumac i dobitnik Oskara, i nije bio uvucen u skandale. Zasto neko pokusava da ga ocrni kritikujuci film "Suton" tesko je razumeti ... I Marlon Brando je glumio u nekim losim filmovima, pa to ne umanjuje njegov ugled. Bas cudnog sveta ima ...</comment-text-transliterated></comment><comment comment-id="5-2"><comment-parent-id>5</comment-parent-id><comment-text>Kakva zluradost. Pa šta ako je loš? </comment-text><comment-text-transliterated>Kakva zluradost. Pa šta ako je loš? </comment-text-transliterated></comment></comments-list></comments></document>