<?xml version="1.0" encoding="utf-8"?>
<document global-id="sr-01-1177">
	<url>http://www.politika.rs/scc/clanak/348554/%D0%9A%D0%BE%D1%80%D0%B8%D1%81%D0%BD%D0%B8%D1%86%D0%B8-%D1%81%D0%BC%D0%B0%D1%80%D1%82%D1%84%D0%BE%D0%BD%D0%B0-%D0%BF%D1%80%D0%B5%D0%B3%D0%BB%D0%B5%D0%B4%D0%B0%D1%98%D1%83-%D0%A4%D0%B5%D1%98%D1%81%D0%B1%D1%83%D0%BA-14-%D0%BF%D1%83%D1%82%D0%B0-%D0%B4%D0%BD%D0%B5%D0%B2%D0%BD%D0%BE</url>
	<source-id>sr-01</source-id>
	<local-id>1177</local-id>
	<source-name>Politika</source-name>
	<article>
		<article-title>Корисници смартфона прегледају „Фејсбук” 14 пута дневно</article-title>
		<article-title-transliterated>Korisnici smartfona pregledaju „Fejsbuk” 14 puta dnevno</article-title-transliterated>
		<article-time>2016-02-04</article-time>
		<article-author>R. S.</article-author>
		<article-text>Корисници смартфона прегледају „Фејсбук” на својим телефонима у просеку 14 пута дневно, резултат је истраживања спроведеног поводом 12 година постојања друштвене мреже. Са више од 1,6 милијарди активних корисника сваког месеца, „Фејсбук” је најпопуларнија друштвена мрежа на свету.
Све је почело 4. фебруара 2004. године када је Марк Закерберг осмислио мрежу која је требало да служи студентима на Харварду, који је у то време похађао, како би лакше међусобно комуницирали и размењивали информације. Он је првобитно осмислио „Фејсмеш”, претходника „Фејсбука”. Тај сајт је користио фотографије прикупљене из базе Харварда, постављајући једну поред друге, истовремено тражећи од корисника да сами одаберу згоднију особу, што је наишло на одушевљење студената. Да би ово постигао, Закерберг „упада” у заштићени део рачунарске мреже Харварда и копира приватне фотографије и податке из харвардских домова. „Фејсмеш” је стекао 450 посетилаца и остварио 22.000 прегледа фотографија на мрежи само у прва четири сата.
Првобитно, чланство на „Фејсбуку” било је дозвољено само студентима са Харварда, да би се касније проширило на студенте са свих колеџа који су чланови „Ајви лиге”. После неког времена чланство је омогућено свим студентима и средњошколцима, а на крају је и свим особама које имају 13 или више година. Убрзо су се многи други универзитети, средње школе и велике компаније прикључили овој мрежи, а затим и људи широм света. Већ у децембру 2005. године мрежа је имала 5,5 милиона корисника, а у истом месецу 2013. године чак 1,2 милијарде.
Успех мреже, сматрају, аналитичари, јесте у њеном сталном развоју и надоградњи, чак и кад нека нова информатичка и дизајнерска решења не наиђу на одобравање корисника. Они отварају своје профиле, са подацима које желе да поделе са другима, постављају постове (мишљења) на одређене теме, постављају фотографије које могу да виде њихови пријатељи, деле (шерују) постове осталих корисника, придружују се групама организованим по градовима, радним местима, школама, факултетима, регионима или интересовањима, како би се повезали и комуницирали са другим људима.
Један од највећих и најчешћих проблема представља поштовање приватности корисника мреже и заштите њихових података, које је неколико пута доведено у питање. Многи сматрају да „Фејсбук” тргује подацима својих корисника тако што их препродаје великим корпорацијама које затим кроз рекламе и оглашавање циљано корисницима нуде одређене услуге и робу.
У неким земљама, као што су Кина, Северна Кореја и Иран, приступ овој интернет страници је повремено блокиран, а исто је учињено и у бројним компанијама, како запослени не би трошили време на посету сајта.
Трећина захтева за развод брака у САД 2011. садржала реч „Фејсбук”
* Хакери дневно покушавају да уђу на око 600.000 профила
* Језик који се користи на мрежи може да се подеси и на „гусарски”
* Лого је у почетку била фотографија Ала Пачина
* Главни разлог зашто је „Фејсбук” плаве боје јесте то што је Закерберг далтониста, а једина боја коју препознаје јесте плава
* Процењује се да више од 30 милиона профила припада корисницима који су преминули
* Трећина захтева за развод брака у САД 2011. године садржала је реч „Фејсбук”
* На мрежи једино не може да се блокира Марк Закерберг
* Процењује се да је око 8,7 одсто профила лажно</article-text>
		<article-text-transliterated>Korisnici smartfona pregledaju „Fejsbuk” na svojim telefonima u proseku 14 puta dnevno, rezultat je istraživanja sprovedenog povodom 12 godina postojanja društvene mreže. Sa više od 1,6 milijardi aktivnih korisnika svakog meseca, „Fejsbuk” je najpopularnija društvena mreža na svetu.
Sve je počelo 4. februara 2004. godine kada je Mark Zakerberg osmislio mrežu koja je trebalo da služi studentima na Harvardu, koji je u to vreme pohađao, kako bi lakše međusobno komunicirali i razmenjivali informacije. On je prvobitno osmislio „Fejsmeš”, prethodnika „Fejsbuka”. Taj sajt je koristio fotografije prikupljene iz baze Harvarda, postavljajući jednu pored druge, istovremeno tražeći od korisnika da sami odaberu zgodniju osobu, što je naišlo na oduševljenje studenata. Da bi ovo postigao, Zakerberg „upada” u zaštićeni deo računarske mreže Harvarda i kopira privatne fotografije i podatke iz harvardskih domova. „Fejsmeš” je stekao 450 posetilaca i ostvario 22.000 pregleda fotografija na mreži samo u prva četiri sata.
Prvobitno, članstvo na „Fejsbuku” bilo je dozvoljeno samo studentima sa Harvarda, da bi se kasnije proširilo na studente sa svih koledža koji su članovi „Ajvi lige”. Posle nekog vremena članstvo je omogućeno svim studentima i srednjoškolcima, a na kraju je i svim osobama koje imaju 13 ili više godina. Ubrzo su se mnogi drugi univerziteti, srednje škole i velike kompanije priključili ovoj mreži, a zatim i ljudi širom sveta. Već u decembru 2005. godine mreža je imala 5,5 miliona korisnika, a u istom mesecu 2013. godine čak 1,2 milijarde.
Uspeh mreže, smatraju, analitičari, jeste u njenom stalnom razvoju i nadogradnji, čak i kad neka nova informatička i dizajnerska rešenja ne naiđu na odobravanje korisnika. Oni otvaraju svoje profile, sa podacima koje žele da podele sa drugima, postavljaju postove (mišljenja) na određene teme, postavljaju fotografije koje mogu da vide njihovi prijatelji, dele (šeruju) postove ostalih korisnika, pridružuju se grupama organizovanim po gradovima, radnim mestima, školama, fakultetima, regionima ili interesovanjima, kako bi se povezali i komunicirali sa drugim ljudima.
Jedan od najvećih i najčešćih problema predstavlja poštovanje privatnosti korisnika mreže i zaštite njihovih podataka, koje je nekoliko puta dovedeno u pitanje. Mnogi smatraju da „Fejsbuk” trguje podacima svojih korisnika tako što ih preprodaje velikim korporacijama koje zatim kroz reklame i oglašavanje ciljano korisnicima nude određene usluge i robu.
U nekim zemljama, kao što su Kina, Severna Koreja i Iran, pristup ovoj internet stranici je povremeno blokiran, a isto je učinjeno i u brojnim kompanijama, kako zaposleni ne bi trošili vreme na posetu sajta.
Trećina zahteva za razvod braka u SAD 2011. sadržala reč „Fejsbuk”
* Hakeri dnevno pokušavaju da uđu na oko 600.000 profila
* Jezik koji se koristi na mreži može da se podesi i na „gusarski”
* Logo je u početku bila fotografija Ala Pačina
* Glavni razlog zašto je „Fejsbuk” plave boje jeste to što je Zakerberg daltonista, a jedina boja koju prepoznaje jeste plava
* Procenjuje se da više od 30 miliona profila pripada korisnicima koji su preminuli
* Trećina zahteva za razvod braka u SAD 2011. godine sadržala je reč „Fejsbuk”
* Na mreži jedino ne može da se blokira Mark Zakerberg
* Procenjuje se da je oko 8,7 odsto profila lažno</article-text-transliterated>
	</article>
	<comments>
		<comments-count>0</comments-count>
		<comments-list/>
	</comments>
</document>
