<document global-id="sr-01-1064"><url>http://www.politika.rs/scc/clanak/369691/%D0%9A%D0%B0%D1%81%D1%82%D1%80%D0%BE%D0%B2%D0%B8-%D0%BF%D0%B8%D1%81%D1%86%D0%B8-%D0%B8-%D0%BE%D0%B4%D0%BC%D0%B5%D1%82%D0%BD%D0%B8%D1%86%D0%B8</url><source-id>sr-01</source-id><local-id>sr-01-1064</local-id><source-name>Politika</source-name><article><article-title>Кастрови писци и одметници</article-title><article-title-transliterated>Kastrovi pisci i odmetnici</article-title-transliterated><article_time>2016-12-09</article_time><article-author /><article-text>
Филмска прича „Санта и Андрес”, у режији Карлоса Лечуге, са великим успехом приказана је у Торонту и Сан Себастијану, али на Међународном фестивалу новог латиноамеричког филма у Хавани који управо почиње, домаћа публика неће моћи да је види.
Први пут од када су герилци са Фиделом Кастром на челу са власти збацили диктатора Фулгенсија Батисту,  опозиционар је у кубанском филму приказан у позитивном светлу.
Протагонисти другог филма Карлоса Лечуге су писац који је пао у немилост власти и девојка Санта којој је народни одбор њеног места дао у задатак да стражари испред колибе дисидента и помно мотри шта овај ради, како се не би појавио на некој међународној конференцији о миру која се одржавала у то време.
Зорана Шуваковић
 
 
Инфанте на српском
Ремек-дело хиспаноамеричког бума Три тужна тигра Гиљерма Кабрере Инфантеа, које је четрдесет година од објављивања преведено код нас, носталгична је реконструкција Хаване с краја педесетих, у освит револуције

Коначно ћемо читати на српском Три тужна тигра, Кубанца Гиљерма Кабрере Инфантеа, једну од најбољих књига написаних на шпанском језику. 
Сто година самоће, Школице, Бестидна ноћна птица, Тера Ностра, Разговор у Катедрали, Ја, врховни и сада, најзад ТТТ, ремек-дело хиспаноамеричког бума које нам је тридесетак година недостајало у библиотеци. 
Оно што су Уликс и Тристрам Шенди за англосаксонску, што је Петронијев Сатирикон за класичну књижевност, то су Дон Кихот и ТТТ за хиспанску.
Бранко Анђић
 
 
Фестивал алтернативног филма
У славу аматера
Прича о култури кино-клубова у бившој Југославији је прича о филмском ентузијазму – о филмофилима које је окупљала заједничка страст, нестрпљивим да узму у руке камеру и експериментишу с њом

Пионири алтернативног филма (Фото архив Академског филмског центра)

Академски филмски центар је рођен као Академски кино-клуб 1958. године, који је убрзо прерастао Кино-клуб Београд, стичући углед како због разноврсности радова, тако и због репутације аутора.
Академски филмски центар је последњи активни клуб у Србији, један од ретких преосталих у региону.
Никола Ђурић који је приредио изложбу о историји овог центра у оквиру Фестивала алтернативног филма (од 7. до 11. децембра у Дому културе „Студентски град” у Београду) представник је средње генерације аутора у Академском филмском центру.
Почео је као члан клуба крајем шездесетих, стварајући изузетне филмове Самогласници и Гавран 1973. године, пред крај златне ере југословенског филма.
Ову еру је великим делом обележила активност филмских клубова и њихових чланова, међу којима су били Живојин Павловић, Желимир Жилник, Никола Стојановић и Томислав Готовац.
Грег де Кјур
 
 
Исламофобија у Америци
Премијера комада Обешчашћени у бечком Бургтеатру потврдила је контроверзну репутацију ове савремене политичке драме, у којој амерички аутор Ајад Акхтар критикује предрасуде према муслиманима у Америци, али их уједно и потврђује

„Обешчашћени” у Бургтеатру (Фото Бургтеатар)

Обешчашћени је комад о којем се тренутно говори у међународним размерама. Праизведбу је доживео 2012. у Чикагу, а наредне године је добио Пулицерову награду.
У прошлогодишњој позоришној сезони био је најизвођенији комад у Америци, док је у свету игран у преко четрдесет градова.
Немачки часопис „Театер хојте“ прогласио га је за најбољи комад страног аутора постављен на немачком говорном подручју у 2016. години.
Катарина Рорингер Вешовић        
 
 
ТАРНЕР 2016.
Ласта покућарка
Могу да уживам без осећаја кривице у нијансама, линијама, просторности и довитљивости које одишу непотрошачком радошћу, разиграном аполитичношћу, без потребе да се о било чему размишља, да се нешто памти, без односа са историјом, уметношћу, политиком, поезијом нити друштвеним односима

Хелен Мартен испред рада (Фото Антони Девлин)

Хелен Елизабет Мартен (1985) је нова млада комета британске уметничке сцене. Уметница која је прву самосталну изложбу у Британији имала 2012. године три године касније је представљала своју земљу на Венецијанском бијеналу, док је ове године после изложбе у Серпентинској галерији у Лондону освојила прво Хепворт награду за скулптуру, а потом и престижну Тарнерову награду.
Шта ствара уметница која је освојила награду која носи име најзначајније британске вајарке двадесетог века, Барбаре Хепворт?
Наоко, свет малих, ручно израђених објеката склопљених у непредвидљиве структуре чије текстуре, боја и првобитна намена варирају, док све заједно опстаје у кохерентној, концептуално нејасној али естетски занимљивој целини.
Александра Лазар
</article-text><article-text-transliterated>
Filmska priča „Santa i Andres”, u režiji Karlosa Lečuge, sa velikim uspehom prikazana je u Torontu i San Sebastijanu, ali na Međunarodnom festivalu novog latinoameričkog filma u Havani koji upravo počinje, domaća publika neće moći da je vidi.
Prvi put od kada su gerilci sa Fidelom Kastrom na čelu sa vlasti zbacili diktatora Fulgensija Batistu,  opozicionar je u kubanskom filmu prikazan u pozitivnom svetlu.
Protagonisti drugog filma Karlosa Lečuge su pisac koji je pao u nemilost vlasti i devojka Santa kojoj je narodni odbor njenog mesta dao u zadatak da stražari ispred kolibe disidenta i pomno motri šta ovaj radi, kako se ne bi pojavio na nekoj međunarodnoj konferenciji o miru koja se održavala u to vreme.
Zorana Šuvaković
 
 
Infante na srpskom
Remek-delo hispanoameričkog buma Tri tužna tigra Giljerma Kabrere Infantea, koje je četrdeset godina od objavljivanja prevedeno kod nas, nostalgična je rekonstrukcija Havane s kraja pedesetih, u osvit revolucije

Konačno ćemo čitati na srpskom Tri tužna tigra, Kubanca Giljerma Kabrere Infantea, jednu od najboljih knjiga napisanih na španskom jeziku. 
Sto godina samoće, Školice, Bestidna noćna ptica, Tera Nostra, Razgovor u Katedrali, Ja, vrhovni i sada, najzad TTT, remek-delo hispanoameričkog buma koje nam je tridesetak godina nedostajalo u biblioteci. 
Ono što su Uliks i Tristram Šendi za anglosaksonsku, što je Petronijev Satirikon za klasičnu književnost, to su Don Kihot i TTT za hispansku.
Branko Anđić
 
 
Festival alternativnog filma
U slavu amatera
Priča o kulturi kino-klubova u bivšoj Jugoslaviji je priča o filmskom entuzijazmu – o filmofilima koje je okupljala zajednička strast, nestrpljivim da uzmu u ruke kameru i eksperimentišu s njom

Pioniri alternativnog filma (Foto arhiv Akademskog filmskog centra)

Akademski filmski centar je rođen kao Akademski kino-klub 1958. godine, koji je ubrzo prerastao Kino-klub Beograd, stičući ugled kako zbog raznovrsnosti radova, tako i zbog reputacije autora.
Akademski filmski centar je poslednji aktivni klub u Srbiji, jedan od retkih preostalih u regionu.
Nikola Đurić koji je priredio izložbu o istoriji ovog centra u okviru Festivala alternativnog filma (od 7. do 11. decembra u Domu kulture „Studentski grad” u Beogradu) predstavnik je srednje generacije autora u Akademskom filmskom centru.
Počeo je kao član kluba krajem šezdesetih, stvarajući izuzetne filmove Samoglasnici i Gavran 1973. godine, pred kraj zlatne ere jugoslovenskog filma.
Ovu eru je velikim delom obeležila aktivnost filmskih klubova i njihovih članova, među kojima su bili Živojin Pavlović, Želimir Žilnik, Nikola Stojanović i Tomislav Gotovac.
Greg de Kjur
 
 
Islamofobija u Americi
Premijera komada Obeščašćeni u bečkom Burgteatru potvrdila je kontroverznu reputaciju ove savremene političke drame, u kojoj američki autor Ajad Akhtar kritikuje predrasude prema muslimanima u Americi, ali ih ujedno i potvrđuje

„Obeščašćeni” u Burgteatru (Foto Burgteatar)

Obeščašćeni je komad o kojem se trenutno govori u međunarodnim razmerama. Praizvedbu je doživeo 2012. u Čikagu, a naredne godine je dobio Pulicerovu nagradu.
U prošlogodišnjoj pozorišnoj sezoni bio je najizvođeniji komad u Americi, dok je u svetu igran u preko četrdeset gradova.
Nemački časopis „Teater hojte“ proglasio ga je za najbolji komad stranog autora postavljen na nemačkom govornom području u 2016. godini.
Katarina Roringer Vešović        
 
 
TARNER 2016.
Lasta pokućarka
Mogu da uživam bez osećaja krivice u nijansama, linijama, prostornosti i dovitljivosti koje odišu nepotrošačkom radošću, razigranom apolitičnošću, bez potrebe da se o bilo čemu razmišlja, da se nešto pamti, bez odnosa sa istorijom, umetnošću, politikom, poezijom niti društvenim odnosima

Helen Marten ispred rada (Foto Antoni Devlin)

Helen Elizabet Marten (1985) je nova mlada kometa britanske umetničke scene. Umetnica koja je prvu samostalnu izložbu u Britaniji imala 2012. godine tri godine kasnije je predstavljala svoju zemlju na Venecijanskom bijenalu, dok je ove godine posle izložbe u Serpentinskoj galeriji u Londonu osvojila prvo Hepvort nagradu za skulpturu, a potom i prestižnu Tarnerovu nagradu.
Šta stvara umetnica koja je osvojila nagradu koja nosi ime najznačajnije britanske vajarke dvadesetog veka, Barbare Hepvort?
Naoko, svet malih, ručno izrađenih objekata sklopljenih u nepredvidljive strukture čije teksture, boja i prvobitna namena variraju, dok sve zajedno opstaje u koherentnoj, konceptualno nejasnoj ali estetski zanimljivoj celini.
Aleksandra Lazar
</article-text-transliterated></article><comments><comments-count>0</comments-count><comments-list /></comments></document>