<document global-id="sr-01-1242">
    <url>
        http://www.politika.rs/scc/clanak/418251/%D0%9A%D1%83%D0%B2%D0%B0%D0%BE-%D1%81%D0%B0%D0%BC-%D0%B7%D0%B0-%D0%93%D0%B0%D0%B4%D0%B0%D1%84%D0%B8%D1%98%D0%B0
    </url>
    <source-id>sr-01</source-id>
    <local-id>1242</local-id>
    <source-name>Politika</source-name>
    <article>
        <article-title>Кувао сам за Гадафија</article-title>
        <article-title-transliterated>Kuvao sam za Gadafija</article-title-transliterated>
        <article-time>2018-12-16</article-time>
        <article-author>Miloš Lazić</article-author>
        <article-text>С кутлачом у руци прошао је пола света, пошто је по завршетку Угоститељске школе у Бору, као млад
            кувар добио посао у Војној установи „Дедиње”, а кувао је за 72 председника држава и влада, што у Србији што
            у Либији. Кад је 20. октобра 2011. године свет славио убиство Муамера ел Гадафија, Миодраг Ђорђевић, звани
            Мија, Београђанин родом из околине Зајечара, кришом му је запалио свећу. То баш и није било по исламским
            обичајима, али рачунао је Бог је један, па свеједно ко му се и како обраћа, ако то чини искрено и од срца –
            разумеће.
            Мија је последњи Србин који је видео Гадафија. Био је последњи који је напустио Либију засуту бомбама и већ
            раскомадану међу племенима или политички супротстављеним таборима. Арапско пролеће загазило је у позну
            јесен, људи су гинули, „напреднији” део света је сеирио, сиротиња туговала, а ми смо ћутали иако смо остали
            без великог пријатеља.
            Узбудљив живот

            Организација Уједињених нација затражила је истрагу сумњајући да је реч о ратном злочину. Безнађе је стигло
            до житеље некада богате и просперитетне земље.
            Али, ово није прича о злу које је снашло север Африке и Блиски исток, већ о делу Мијиног узбудљивог живота
            којим је прошао с кутлачом у руци. По завршетку Угоститељске школе у Бору, млади Миодраг Ђорђевић одмах је
            добио посао у Војној установи „Авала” (доцније „Дедиње”, а данас „Топчидер”). Не без поноса спомиње да је
            кувао за 72 председника држава и влада, што овде што код Гадафија.
            – У Либију сам отишао 11. јануара 1990. године – почео је Мија. – Уз сагласност ССНО који је морао да одобри
            свако путовање у иностранство! Иначе, отишао сам са – службеним пасошем. Препорука за Либију, то јест за
            Гадафијев протокол, било је што сам знао арапски језик, а уз то и њихову кухињу: та знања сам покупио у
            Ираку, где сам седамдесетих боравио са београдским грађевинским предузећем „Рад”.
            Остао је уз Гадафија до 31. јула 2011. године, када се с блиндираним аутомобилом домогао Џербе и спасоносног
            аеродрома. Наиме, Мија се није вратио последњим летом који је за наше грађане организовала Влада Србије већ
            је остао у оном паклу четири месеца дуже!
            – Те последње месеце провео сам са Гадафијем на разним локацијама по Триполију – наставио је лични кувар
            председника Либијске Џамахирије. – Стекао сам утисак да он није знао шта се догађа, нити зашто га
            бомбардују? А да будем поштен, нисам знао ни ја! Али, нисам веровао ни да више од две деценије рада за
            Гадафија бесповратно одлазе међу успомене.
            Иначе, каријеру у Триполију почео је као један од кувара, а напредовао је захваљујући знању и труду.
            – Госпођа Сафија ми је једном приликом рекла да кувам много боље од већине Либијки – насмејао се. – То сам
            прихватио као изузетан комплимент, и то са највишег врха. То сам оправдао средином 2000. године, када је у
            Сирту организован неки врло важан самит на којем је почасни, или бар главни гост био Тони Блер. И када су
            сви очекивали да се упустим у спремање некаквих острвских специјалитета, пред Муамера ел Гадафија и
            британског премијера изнео сам пуњене пилиће, гарниране пиринчем у бојама британске и либијске заставе, на
            изненађење затечених гостију, па чак и домаћина! А, колико су вредновали моје умеће и труд нека посведочи
            податак да сам био вероватно једини члан особља коме је уручен – либијски пасош! Постао сам „њихов” и
            формално.
            Кухињска дипломатија

            Затим је, сећа се, на трпезу изнео харуф машви, или пуњено јагње, на српском, али „одевено” у фрак од
            лиснатог теста.
            – Нажалост, већина фотографија тих мојих креација остала је у Либији, у Триполију, где им се изгубио сваки
            траг – сневеселио се Мија. – Али, то ме мање боли од неправде што нашим људима из Гадафијевог окружења нико
            и никада није захвалио на великом доприносу дипломатским односима наше две земље. Јер, око Гадафија су, уз
            либијско обезбеђење, били све сами Срби. Мислим да је то организовао генерал Јован Чековић, који је с
            председницима многих пријатељских, а махом несврстаних земаља, па и са Гадафијем, имао посебно срдачне
            односе.
            Причало се да је Муамер ел Гадафи добро знао наш језик, што је врло вероватно! Јер, провео је извесно време
            у (ондашњој) СФР Југославији, и то у Мостару где се, као пилот, усавршавао на нашим летелицама.
            – Нисам чуо за то, али знам да је инсистирао да једно од његове деце обавезно научи српскохрватски језик –
            каже Мија. – Нажалост, када је почео онај џумбус са растурањем Југославије, кад је свака нација почела да
            истиче своје заставе, југословенска школа у Триполију с веома дугом традицијом је – затворена. Ето како се
            губе пријатељи и бледи наклоност коју су уживали сви житељи некад заједничке државе... да не спомињем вредне
            послове што смо имали у Либији, које је обновило тек неколико српских компанија, међу којима је, наравно,
            међу првима била фирма генерала Чековића. И то је нека дипломатија, али и она је багателисана.
            Признаје да су му најлепши, најзанимљивији тренуци боравка и рада у Либији били излети у пустињу, на које се
            Гадафи отискивао с породицом на истински одмор од државничких послова и незаобилазног протокола. Баш на
            таквим излетима Мијино мајсторство је долазило до изражаја.
            – Лако ти је да куваш у председничкој палати, али покушај да спремиш нешто у беспућу и од затеченог –
            испрсио се Гадафијев лични кувар као да је управо освојио титулу најбољег и највећег у свом уметничком
            занату.
            Заиста, шта је благоизвољевао да види на трпези човек кога је Запад у свом незнању прогласио за окорелог
            диктатора?
            – Ма, какав диктатор, какви бакрачи – љутнуо се Мија. – Па, ми смо се крај њега осећали као чланови
            породице! Према својима је био веома строг, али према нама... Једини његов захтев особљу који је неком могао
            да засмета било је то што је инсистирао да се под његовим кровом или шатором говори искључиво на арапском
            језику.
            Почео је да набраја јела која је припремао: базин, рз бенгази, асида, камиље месо, јаретина, кус-кус чаир,
            домаће коке и кунићи... па опазивши збуњене изразе на лицима саговорника, упустио се у превођење.
            Пустињски качамак
            – Базин је сличан нашем качамку, а спрема се од јечма и прелива сосом од затара, нама непознатог
            медитеранског зачина. Аскда је качамак од белог брашна преливен медом и џемом од урми, док је рз бенгази
            сасвим обичан пиринач с куркумом – одхукнуо је због овог напорног тумачења. – А, ако се некоме учини да је
            то исувише скромно за председника онако богате државе, ваља га подсетити да је Гадафи био управо такав
            човек. Остало су шаренило либијског фолклора и злонамерне предрасуде.
            Доцније се распричао о томе како је и супругу одвео у Либију, како их је Гадафи наговорио да се фотографише
            с њиховим ћеркицама, како је успео да га сними док дрема у сахарском песку... не скривајући сету.
            За арапску кухињу вели да понекад личи на нашу. То тумачи чињеницом да је Србија на известан начин
            медитеранска земља, бар када је реч о избору намирница и зачинским групама, али и да је вековима трпела
            утицаје Оријента.
        </article-text>
        <article-text-transliterated>S kutlačom u ruci prošao je pola sveta, pošto je po završetku Ugostiteljske škole u
            Boru, kao mlad kuvar dobio posao u Vojnoj ustanovi „Dedinje”, a kuvao je za 72 predsednika država i vlada,
            što u Srbiji što u Libiji. Kad je 20. oktobra 2011. godine svet slavio ubistvo Muamera el Gadafija, Miodrag
            Đorđević, zvani Mija, Beograđanin rodom iz okoline Zaječara, krišom mu je zapalio sveću. To baš i nije bilo
            po islamskim običajima, ali računao je Bog je jedan, pa svejedno ko mu se i kako obraća, ako to čini iskreno
            i od srca – razumeće.
            Mija je poslednji Srbin koji je video Gadafija. Bio je poslednji koji je napustio Libiju zasutu bombama i
            već raskomadanu među plemenima ili politički suprotstavljenim taborima. Arapsko proleće zagazilo je u poznu
            jesen, ljudi su ginuli, „napredniji” deo sveta je seirio, sirotinja tugovala, a mi smo ćutali iako smo
            ostali bez velikog prijatelja.
            Uzbudljiv život

            Organizacija Ujedinjenih nacija zatražila je istragu sumnjajući da je reč o ratnom zločinu. Beznađe je
            stiglo do žitelje nekada bogate i prosperitetne zemlje.
            Ali, ovo nije priča o zlu koje je snašlo sever Afrike i Bliski istok, već o delu Mijinog uzbudljivog života
            kojim je prošao s kutlačom u ruci. Po završetku Ugostiteljske škole u Boru, mladi Miodrag Đorđević odmah je
            dobio posao u Vojnoj ustanovi „Avala” (docnije „Dedinje”, a danas „Topčider”). Ne bez ponosa spominje da je
            kuvao za 72 predsednika država i vlada, što ovde što kod Gadafija.
            – U Libiju sam otišao 11. januara 1990. godine – počeo je Mija. – Uz saglasnost SSNO koji je morao da odobri
            svako putovanje u inostranstvo! Inače, otišao sam sa – službenim pasošem. Preporuka za Libiju, to jest za
            Gadafijev protokol, bilo je što sam znao arapski jezik, a uz to i njihovu kuhinju: ta znanja sam pokupio u
            Iraku, gde sam sedamdesetih boravio sa beogradskim građevinskim preduzećem „Rad”.
            Ostao je uz Gadafija do 31. jula 2011. godine, kada se s blindiranim automobilom domogao Džerbe i
            spasonosnog aerodroma. Naime, Mija se nije vratio poslednjim letom koji je za naše građane organizovala
            Vlada Srbije već je ostao u onom paklu četiri meseca duže!
            – Te poslednje mesece proveo sam sa Gadafijem na raznim lokacijama po Tripoliju – nastavio je lični kuvar
            predsednika Libijske Džamahirije. – Stekao sam utisak da on nije znao šta se događa, niti zašto ga
            bombarduju? A da budem pošten, nisam znao ni ja! Ali, nisam verovao ni da više od dve decenije rada za
            Gadafija bespovratno odlaze među uspomene.
            Inače, karijeru u Tripoliju počeo je kao jedan od kuvara, a napredovao je zahvaljujući znanju i trudu.
            – Gospođa Safija mi je jednom prilikom rekla da kuvam mnogo bolje od većine Libijki – nasmejao se. – To sam
            prihvatio kao izuzetan kompliment, i to sa najvišeg vrha. To sam opravdao sredinom 2000. godine, kada je u
            Sirtu organizovan neki vrlo važan samit na kojem je počasni, ili bar glavni gost bio Toni Bler. I kada su
            svi očekivali da se upustim u spremanje nekakvih ostrvskih specijaliteta, pred Muamera el Gadafija i
            britanskog premijera izneo sam punjene piliće, garnirane pirinčem u bojama britanske i libijske zastave, na
            iznenađenje zatečenih gostiju, pa čak i domaćina! A, koliko su vrednovali moje umeće i trud neka posvedoči
            podatak da sam bio verovatno jedini član osoblja kome je uručen – libijski pasoš! Postao sam „njihov” i
            formalno.
            Kuhinjska diplomatija

            Zatim je, seća se, na trpezu izneo haruf mašvi, ili punjeno jagnje, na srpskom, ali „odeveno” u frak od
            lisnatog testa.
            – Nažalost, većina fotografija tih mojih kreacija ostala je u Libiji, u Tripoliju, gde im se izgubio svaki
            trag – sneveselio se Mija. – Ali, to me manje boli od nepravde što našim ljudima iz Gadafijevog okruženja
            niko i nikada nije zahvalio na velikom doprinosu diplomatskim odnosima naše dve zemlje. Jer, oko Gadafija
            su, uz libijsko obezbeđenje, bili sve sami Srbi. Mislim da je to organizovao general Jovan Čeković, koji je
            s predsednicima mnogih prijateljskih, a mahom nesvrstanih zemalja, pa i sa Gadafijem, imao posebno srdačne
            odnose.
            Pričalo se da je Muamer el Gadafi dobro znao naš jezik, što je vrlo verovatno! Jer, proveo je izvesno vreme
            u (ondašnjoj) SFR Jugoslaviji, i to u Mostaru gde se, kao pilot, usavršavao na našim letelicama.
            – Nisam čuo za to, ali znam da je insistirao da jedno od njegove dece obavezno nauči srpskohrvatski jezik –
            kaže Mija. – Nažalost, kada je počeo onaj džumbus sa rasturanjem Jugoslavije, kad je svaka nacija počela da
            ističe svoje zastave, jugoslovenska škola u Tripoliju s veoma dugom tradicijom je – zatvorena. Eto kako se
            gube prijatelji i bledi naklonost koju su uživali svi žitelji nekad zajedničke države... da ne spominjem
            vredne poslove što smo imali u Libiji, koje je obnovilo tek nekoliko srpskih kompanija, među kojima je,
            naravno, među prvima bila firma generala Čekovića. I to je neka diplomatija, ali i ona je bagatelisana.
            Priznaje da su mu najlepši, najzanimljiviji trenuci boravka i rada u Libiji bili izleti u pustinju, na koje
            se Gadafi otiskivao s porodicom na istinski odmor od državničkih poslova i nezaobilaznog protokola. Baš na
            takvim izletima Mijino majstorstvo je dolazilo do izražaja.
            – Lako ti je da kuvaš u predsedničkoj palati, ali pokušaj da spremiš nešto u bespuću i od zatečenog –
            isprsio se Gadafijev lični kuvar kao da je upravo osvojio titulu najboljeg i najvećeg u svom umetničkom
            zanatu.
            Zaista, šta je blagoizvoljevao da vidi na trpezi čovek koga je Zapad u svom neznanju proglasio za okorelog
            diktatora?
            – Ma, kakav diktator, kakvi bakrači – ljutnuo se Mija. – Pa, mi smo se kraj njega osećali kao članovi
            porodice! Prema svojima je bio veoma strog, ali prema nama... Jedini njegov zahtev osoblju koji je nekom
            mogao da zasmeta bilo je to što je insistirao da se pod njegovim krovom ili šatorom govori isključivo na
            arapskom jeziku.
            Počeo je da nabraja jela koja je pripremao: bazin, rz bengazi, asida, kamilje meso, jaretina, kus-kus čair,
            domaće koke i kunići... pa opazivši zbunjene izraze na licima sagovornika, upustio se u prevođenje.
            Pustinjski kačamak
            – Bazin je sličan našem kačamku, a sprema se od ječma i preliva sosom od zatara, nama nepoznatog
            mediteranskog začina. Askda je kačamak od belog brašna preliven medom i džemom od urmi, dok je rz bengazi
            sasvim običan pirinač s kurkumom – odhuknuo je zbog ovog napornog tumačenja. – A, ako se nekome učini da je
            to isuviše skromno za predsednika onako bogate države, valja ga podsetiti da je Gadafi bio upravo takav
            čovek. Ostalo su šarenilo libijskog folklora i zlonamerne predrasude.
            Docnije se raspričao o tome kako je i suprugu odveo u Libiju, kako ih je Gadafi nagovorio da se fotografiše
            s njihovim ćerkicama, kako je uspeo da ga snimi dok drema u saharskom pesku... ne skrivajući setu.
            Za arapsku kuhinju veli da ponekad liči na našu. To tumači činjenicom da je Srbija na izvestan način
            mediteranska zemlja, bar kada je reč o izboru namirnica i začinskim grupama, ali i da je vekovima trpela
            uticaje Orijenta.
        </article-text-transliterated>
    </article>
    <comments>
        <comments-count>14</comments-count>
        <comment-list>
            <comment comment-id="1">
                <comment-parent-id/>
                <comment-text>Nije tacno da je poslednji koji je video Gadafija....Otisao je medju prvima preko ambasade
                    a zena koja je cuvala Ajsinu decu-Srpkinja je sa ostatkom porodice prebegla u Alzir,odakle se
                    vratila u Srbiju ,ostala je sa porodicom ceo rat....ali Mija je uvek bio takav-hvalisav
                </comment-text>
                <comment-text-transliterated>Nije tacno da je poslednji koji je video Gadafija....Otisao je medju prvima
                    preko ambasade a zena koja je cuvala Ajsinu decu-Srpkinja je sa ostatkom porodice prebegla u
                    Alzir,odakle se vratila u Srbiju ,ostala je sa porodicom ceo rat....ali Mija je uvek bio
                    takav-hvalisav
                </comment-text-transliterated>
            </comment>
            <comment comment-id="2">
                <comment-parent-id/>
                <comment-text>Ceo svet slavio ono gnusno ubistvo?!Gadafiju je trebalo suditi za zlocine i onda je Libija
                    imala neke sanse. Ovako je samo jedno nasilje zamenilo drugo i imamo gradjanski rat. A to su ti sto
                    nesto tu slave verovatno i hteli. Zapadno licemerje.
                </comment-text>
                <comment-text-transliterated>Ceo svet slavio ono gnusno ubistvo?!Gadafiju je trebalo suditi za zlocine i
                    onda je Libija imala neke sanse. Ovako je samo jedno nasilje zamenilo drugo i imamo gradjanski rat.
                    A to su ti sto nesto tu slave verovatno i hteli. Zapadno licemerje.
                </comment-text-transliterated>
            </comment>
            <comment comment-id="2-1">
                <comment-parent-id>2</comment-parent-id>
                <comment-text>Petre, vidi se da su te ti Ameri skroz preokrenuli. Covek sa imenom Moamer Gadafi je
                    ubijen pred kamerama, mucen i zlostavljen. Za kakve zlocine je trebalo da bude sudjen? On ili Toni
                    Bler i balamunta koja je na podmukli nacin uvela "zabranjenu zonu letenja" i onda sama tamo slala
                    svoje bombardere i rakete da uniste jednu prelepu i prebogatu zemlju. Bio sam u vise navrata u
                    Libiji i uvek sam zeleo da se vratim tamo. Gadafi je po merilima trulog Zapada bio diktator - a kao
                    Tramp je nesto drugo, samo zato sto je (kao) demokratski izabran? Ma ne vredi trositi reci... Jesi
                    li video stravican pogled u lice smrti u ocima Gadafija kada su ga povlacili po pustinji i udarali?
                    I ko je za to odgovarao? Niko. A podstrekaci su bili SVI Zapadni politicari. Za podstrekivanje je
                    Seselj osudjen - a oni? Da, "ceo svet" je zaista slavio to gnusno ubistvo - a LJUDI su ze
                    zgrazavali, dok su neljudi slavili.
                </comment-text>
                <comment-text-transliterated>Petre, vidi se da su te ti Ameri skroz preokrenuli. Covek sa imenom Moamer
                    Gadafi je ubijen pred kamerama, mucen i zlostavljen. Za kakve zlocine je trebalo da bude sudjen? On
                    ili Toni Bler i balamunta koja je na podmukli nacin uvela "zabranjenu zonu letenja" i onda sama tamo
                    slala svoje bombardere i rakete da uniste jednu prelepu i prebogatu zemlju. Bio sam u vise navrata u
                    Libiji i uvek sam zeleo da se vratim tamo. Gadafi je po merilima trulog Zapada bio diktator - a kao
                    Tramp je nesto drugo, samo zato sto je (kao) demokratski izabran? Ma ne vredi trositi reci... Jesi
                    li video stravican pogled u lice smrti u ocima Gadafija kada su ga povlacili po pustinji i udarali?
                    I ko je za to odgovarao? Niko. A podstrekaci su bili SVI Zapadni politicari. Za podstrekivanje je
                    Seselj osudjen - a oni? Da, "ceo svet" je zaista slavio to gnusno ubistvo - a LJUDI su ze
                    zgrazavali, dok su neljudi slavili.
                </comment-text-transliterated>
            </comment>
            <comment comment-id="3">
                <comment-parent-id/>
                <comment-text>Халал вера српском кувару!</comment-text>
                <comment-text-transliterated>Halal vera srpskom kuvaru!</comment-text-transliterated>
            </comment>
            <comment comment-id="4">
                <comment-parent-id/>
                <comment-text>Na Balkanu se surecu sve svetske kuhinje-mediteranska,kontinentalna,orijentalna,madjarsaka
                    i arapska.Sve ove kuhinje su se izmesale bas na Balkanu-raskrsnici puteva i Kultura.Nije ni cudo sto
                    nasi kuvari postaju najskuplji i najbolji na svetu.Pogledajte samo fleksibilnost gospodina
                    Djordjevica.On je kratkim boravkom(kuvanjem) u Iraku naucio arapski kao od sale.To mogu samo veliki
                    kuvari.Jezik i i kuvarstvo su sastavni deo svake Kulture.Na krajnjem zapadu zapada je ista
                    situacija.Radio sam godinama kao kuvar,kelner,gazda,menadzer,direktor,ucitelj u ugostiteljstvu.Dosao
                    sam do zakljucka da jednom pravom srpskom(balkanskom) salatom mozete kupiti ministra.Bas onog koga
                    ne mozete kupiti suvim zlatom!!!
                </comment-text>
                <comment-text-transliterated>Na Balkanu se surecu sve svetske
                    kuhinje-mediteranska,kontinentalna,orijentalna,madjarsaka i arapska.Sve ove kuhinje su se izmesale
                    bas na Balkanu-raskrsnici puteva i Kultura.Nije ni cudo sto nasi kuvari postaju najskuplji i
                    najbolji na svetu.Pogledajte samo fleksibilnost gospodina Djordjevica.On je kratkim
                    boravkom(kuvanjem) u Iraku naucio arapski kao od sale.To mogu samo veliki kuvari.Jezik i i kuvarstvo
                    su sastavni deo svake Kulture.Na krajnjem zapadu zapada je ista situacija.Radio sam godinama kao
                    kuvar,kelner,gazda,menadzer,direktor,ucitelj u ugostiteljstvu.Dosao sam do zakljucka da jednom
                    pravom srpskom(balkanskom) salatom mozete kupiti ministra.Bas onog koga ne mozete kupiti suvim
                    zlatom!!!
                </comment-text-transliterated>
            </comment>
            <comment comment-id="5">
                <comment-parent-id/>
                <comment-text>Ово што се десило у Либији је гнусан западни злочин. Гледао сам Хилари Клинтон кад је са
                    усхићењем кречала: Дођосмо, видесмо, и он је мртав!
                </comment-text>
                <comment-text-transliterated>Ovo što se desilo u Libiji je gnusan zapadni zločin. Gledao sam Hilari
                    Klinton kad je sa ushićenjem krečala: Dođosmo, videsmo, i on je mrtav!
                </comment-text-transliterated>
            </comment>
            <comment comment-id="6">
                <comment-parent-id/>
                <comment-text>Није тачан навод да је Гадафи у Мостару похађао школу за пилота.</comment-text>
                <comment-text-transliterated>Nije tačan navod da je Gadafi u Mostaru pohađao školu za pilota.
                </comment-text-transliterated>
            </comment>
            <comment comment-id="7">
                <comment-parent-id/>
                <comment-text>Кувао сам за Гадафија ... i preziveo. Nikada necu zaboraviti jednu voznju vozom od Zagreba
                    do Beograda. Mislim da je bilo leto osamdesete godine. U kupeu je samnom putovao mladi bracni par
                    koji je upravo pobegao iz Libije i vracao se u Srbiju. U Tripoliju je propao pokusaj puca, deo
                    pucista su se bio sklonio u jedan veliki soliter za stanovanje. Gadafi je naredio da se soliter
                    pucanjem iz tenkova srusi bez obzira na neduzne stanovnike u njemu... Srpski bracni par koji je
                    ziveo u blizini je spakovao najnuznije stvari i pobegao. Imam poznanika koji mi je pricao da je kao
                    moreplovac bio u Libiji uhapsen jer se bio u luci napio... U zatvoru je odmah sebi prerezao vene
                    (pokazao mi je oziljak) kako bi dospeo u bolnicu. Znao je da takve kakav je on u zatvoru premlate i
                    - siluju! Ambasada Jugoslavije ga je izbavila. Takve stvari su danas na dnevnom redu sa zarobljenim
                    migrantima koje u Libiji tretiraju gore nego roblje.
                </comment-text>
                <comment-text-transliterated>Kuvao sam za Gadafija ... i preziveo. Nikada necu zaboraviti jednu voznju
                    vozom od Zagreba do Beograda. Mislim da je bilo leto osamdesete godine. U kupeu je samnom putovao
                    mladi bracni par koji je upravo pobegao iz Libije i vracao se u Srbiju. U Tripoliju je propao
                    pokusaj puca, deo pucista su se bio sklonio u jedan veliki soliter za stanovanje. Gadafi je naredio
                    da se soliter pucanjem iz tenkova srusi bez obzira na neduzne stanovnike u njemu... Srpski bracni
                    par koji je ziveo u blizini je spakovao najnuznije stvari i pobegao. Imam poznanika koji mi je
                    pricao da je kao moreplovac bio u Libiji uhapsen jer se bio u luci napio... U zatvoru je odmah sebi
                    prerezao vene (pokazao mi je oziljak) kako bi dospeo u bolnicu. Znao je da takve kakav je on u
                    zatvoru premlate i - siluju! Ambasada Jugoslavije ga je izbavila. Takve stvari su danas na dnevnom
                    redu sa zarobljenim migrantima koje u Libiji tretiraju gore nego roblje.
                </comment-text-transliterated>
            </comment>
            <comment comment-id="8">
                <comment-parent-id/>
                <comment-text>Zanimljivo je da je Zapad "pomeo" upravo "arapski socijalizam" ili političke partije koje
                    su bile nosioci arapskog socijalizma (BASS ili BATT) partije, kako u Iraku tako i u Libiji. Ubistva
                    i pokušaje ubistva predsednika država Zapad je pokrenuo otvoreno u Srbiji kada su 1999 godine
                    pokušali ubiti Slobodana Miloševića (rušenje rezidencije na Dedinju), a nastavili su u Iraku i
                    Libiji. Zajedničko i Miloševiću, Sadamu Huseinu i Gadafiju je da su bili socijalisti i sva trojica
                    su ubijeni od "iste politike".
                </comment-text>
                <comment-text-transliterated>Zanimljivo je da je Zapad "pomeo" upravo "arapski socijalizam" ili
                    političke partije koje su bile nosioci arapskog socijalizma (BASS ili BATT) partije, kako u Iraku
                    tako i u Libiji. Ubistva i pokušaje ubistva predsednika država Zapad je pokrenuo otvoreno u Srbiji
                    kada su 1999 godine pokušali ubiti Slobodana Miloševića (rušenje rezidencije na Dedinju), a
                    nastavili su u Iraku i Libiji. Zajedničko i Miloševiću, Sadamu Huseinu i Gadafiju je da su bili
                    socijalisti i sva trojica su ubijeni od "iste politike".
                </comment-text-transliterated>
            </comment>
            <comment comment-id="8-1">
                <comment-parent-id>8</comment-parent-id>
                <comment-text>@rusenje rezidencije. Rezidencija je bila drzavna imovina, pa je njeno rusenje nanosenje
                    ekonomske stete nasoj drzavi! Milosevica su obavestili, jer im je trebao ziv za njihov teater u
                    Hagu, koji su cinicno nazvali sudom! Nadam se da ste to ukapirali! Mozda se varam?
                </comment-text>
                <comment-text-transliterated>@rusenje rezidencije. Rezidencija je bila drzavna imovina, pa je njeno
                    rusenje nanosenje ekonomske stete nasoj drzavi! Milosevica su obavestili, jer im je trebao ziv za
                    njihov teater u Hagu, koji su cinicno nazvali sudom! Nadam se da ste to ukapirali! Mozda se varam?
                </comment-text-transliterated>
            </comment>
            <comment comment-id="8-2">
                <comment-parent-id>8</comment-parent-id>
                <comment-text>@Милутинов, @Amir Čamdžić - Konkretno pitanje - konkretan odgovor: kome je u raketiranju
                    rezidencije na Dedinju nedostajala makar jedna dlaka sa glave? Ako predsednik i njegova porodica
                    nisu bili u rezidenciji, MORALO je biti obezbedjenje!!! Nije ga bilo jer bi nastradali! Kako to?!
                </comment-text>
                <comment-text-transliterated>@Milutinov, @Amir Čamdžić - Konkretno pitanje - konkretan odgovor: kome je
                    u raketiranju rezidencije na Dedinju nedostajala makar jedna dlaka sa glave? Ako predsednik i
                    njegova porodica nisu bili u rezidenciji, MORALO je biti obezbedjenje!!! Nije ga bilo jer bi
                    nastradali! Kako to?!
                </comment-text-transliterated>
            </comment>
            <comment comment-id="8-3">
                <comment-parent-id>8</comment-parent-id>
                <comment-text>@rušenje rezidencije. Бомбардовање Србије и фер плеј. Хајде молим вас, не будите смешни. И
                    путнички воз у Грделичкој клисури (12. 04. 1999) ракетиран је са "дојавом"? По вама, ми смо сви
                    требали да се завучемо у мишју рупу све док они не сравне Србију. После толико времена, јасно да је
                    Милошевић био само повод, а главни циљ била је Србија. Уосталом, они су Милошевића довели и
                    одржавали на власти, знајући ко је и какав је и да ће им као такав затребати.
                </comment-text>
                <comment-text-transliterated>@rušenje rezidencije. Bombardovanje Srbije i fer plej. Hajde molim vas, ne
                    budite smešni. I putnički voz u Grdeličkoj klisuri (12. 04. 1999) raketiran je sa "dojavom"? Po
                    vama, mi smo svi trebali da se zavučemo u mišju rupu sve dok oni ne sravne Srbiju. Posle toliko
                    vremena, jasno da je Milošević bio samo povod, a glavni cilj bila je Srbija. Uostalom, oni su
                    Miloševića doveli i održavali na vlasti, znajući ko je i kakav je i da će im kao takav zatrebati.
                </comment-text-transliterated>
            </comment>
            <comment comment-id="8-4">
                <comment-parent-id>8</comment-parent-id>
                <comment-text>Prilikom raketiranja rezidencije na Dedinju nikome nije falila niti dlaka sa glave!
                    Amerikanci su bili dojavili da ce unistiti taj objekat i svi su bili napustili zgradu! Izvoli izneti
                    kontra-argument i podatke!
                </comment-text>
                <comment-text-transliterated>Prilikom raketiranja rezidencije na Dedinju nikome nije falila niti dlaka
                    sa glave! Amerikanci su bili dojavili da ce unistiti taj objekat i svi su bili napustili zgradu!
                    Izvoli izneti kontra-argument i podatke!
                </comment-text-transliterated>
            </comment>
            <comment comment-id="8-5">
                <comment-parent-id>8</comment-parent-id>
                <comment-text>Dopuna danas Zapad vodi rat protiv arapskog socijalizma u Siriji (BASS ili BATT partija
                    Bašara ali Asada).
                </comment-text>
                <comment-text-transliterated>Dopuna danas Zapad vodi rat protiv arapskog socijalizma u Siriji (BASS ili
                    BATT partija Bašara ali Asada).
                </comment-text-transliterated>
            </comment>
        </comment-list>
    </comments>
</document>