<document global-id="sr-01-1200"><url>http://www.politika.rs/scc/clanak/332456/%D0%9A%D1%80%D0%B0%D1%98-%D1%98%D0%B5%D0%B4%D0%BD%D0%BE%D1%87%D0%B8%D0%BD%D0%BA%D0%B5-%D0%88%D0%B0%D0%BD%D0%B8%D1%81%D0%B0-%D0%92%D0%B0%D1%80%D1%83%D1%84%D0%B0%D0%BA%D0%B8%D1%81%D0%B0</url><source-id>sr-01</source-id><local-id>sr-01-1200</local-id><source-name>Politika</source-name><article><article-title>Крај једночинке Јаниса Варуфакиса</article-title><article-title-transliterated>Kraj jednočinke Janisa Varufakisa</article-title-transliterated><article_time>2015-07-07</article_time><article-author>Tanja Vujić</article-author><article-text>
Светске берзе су јуче привремено зауставиле обарање вредности евра, започето након објављивања резултата грчког референдума, и то после вести о наизглед изненадној оставци Јаниса Варуфакиса, грчког министра финансија. Захваљујући Варуфакису на улози протагонисте од почетка преговора Грчке са кредиторима у фебруару ове године, званична Атина је јуче истакла да се он „неуморно борио за интересе грчког народа и одбрану става владе Алексиса Ципраса када је реч о рецепту изласка из кризе”.
Зашто је Варуфакис поднео оставку када су Грци на референдуму 5. јула већином гласали баш како је прижељкивао најутицајнији двојац левичарске владе?
Одговор се назире у објашњењу оставке, коју је Варуфакис јуче објавио на свом блогу.
„Надљудски напор да се испоштује храбри народ Грчке и славно ’охи’ (’не’) подарено свим демократама света тек почиње”, поручио је Варуфакис, дугогодишњи професор економије у Великој Британији, Аустралији, Грчкој и САД, познат као светски стручњак за теорију игара.
Само неколико сати раније, министар европске земље незабележено агресивног преговарачког стила звучао је другачије. „Већ од сутра, са храбрим ’не’ које нам је подарио грчки народ, пружићемо руку нашим повериоцима. Зваћемо их једног по једног да изнађемо заједничку платформу”, изјавио је Варуфакис на конференцији за штампу обучен у беж-зелену мајицу кратких рукава.
Варуфакис сам објашњава шта се десило између најаве позивања „једног по једног повериоца” и оставке:
„Недуго након објављивања резултата упознат сам са очекивањима појединих представника Еврогрупе и одабраних партнера да не присуствујем њиховим састанцима... Сматрам својом обавезом да помогнем Алексису Ципрасу... Са поносом ћу понети омразу кредитора према мени”, написао је Варуфакис, уз најаву у грчким медијима да стручњак оштрог језика остаје Ципрасов саветник, али из сенке.
Омраза коју спомиње Варуфакис била је обострана и негована од самог почетка преговора.
„Политички дунстери у ЕУ, неупућени у системску природу кризе, намећу програме којима, ради спасавања економија поносних европских нација, на њих бацају тепих-бомбе”, описао је Варуфакис у фебруару на почетку преговора са кредиторима.
Варуфакисова почетна позиција била је једноставна платформа: Грчка је земља која је гурнута у неиздрживу хуманитарну кризу драконским и погрешно утемељеним рецептом озлоглашене „тројке”, због ког је земља доспела у дугове које никако не може да врати. Кредитори су од од почетка до краја преговора сматрали да Грчка мора да врати све дугове, стегне каиш, смањи пензије, повећа порезе и издржи. Међупростор за дебату између Варуфакиса и колега европских министара финансија током пролећа био је све непријатнији. Кредиторе је јавно све више нервирало Варуфакисово интелектуално ниподаштавање. Варуфакис није крио да у том ужива.
„Они су уједињени у својој мржњи према мени... Ја поздрављам ту мржњу”, поручио је Варуфакис након самита у Летонији , када су га колеге назвале „згубиданом, аматером и губитником”.
Европски саговорници Варуфакиса нису препознали какав је он профил играча. Бриљантни економиста, Варуфакис је од почетка био у стању да процени не један него више следећих потеза „тројке”, описао је Џејмс Галбрајт, чувени амерички економиста.
Након окршаја у Риги, Ципрас је повукао Варуфакиса са позиције главног преговарача. Односи између Атине и Брисела већ тада су били на врло ниским гранама.
„ММФ треба да сноси кривичну одговорност за погрешне процене грчког привредног раста”. „Брисел и „тројка” су терористи који Грцима покушају да натуре страх”. „Грчка демократија одлучила је да неће одумрети темпом који јој намећу брутални повериоци, радије ће изабрати гнев”.. – арсенал је заоставштине Јаниса Варуфакиса као грчког министра финансија.
„Радије бих одсекао себи десну руку него потписао програм помоћи какав нуде кредитори”, казао је Варуфакис уочи референдума.
„Време је да се зачарани круг изнуђеног задуживања и кризе која из тог сулудог програма проистиче заувек прекине”, најавио је он јануару.
Грци су 5. јула искорачили у непознато, озлојеђена и завађена Европа са њима такође. Јанис Варуфакис био је протагониста преговора Атине и кредитора. „Круг” је прекинут: Грци су пружили јединствен отпор, кредитори су у невиђеној пат-позицији. Мисија мајстора игре Јаниса Варуфакиса на месту министра финансија Грчке завршена је.
</article-text><article-text-transliterated>
Svetske berze su juče privremeno zaustavile obaranje vrednosti evra, započeto nakon objavljivanja rezultata grčkog referenduma, i to posle vesti o naizgled iznenadnoj ostavci Janisa Varufakisa, grčkog ministra finansija. Zahvaljujući Varufakisu na ulozi protagoniste od početka pregovora Grčke sa kreditorima u februaru ove godine, zvanična Atina je juče istakla da se on „neumorno borio za interese grčkog naroda i odbranu stava vlade Aleksisa Ciprasa kada je reč o receptu izlaska iz krize”.
Zašto je Varufakis podneo ostavku kada su Grci na referendumu 5. jula većinom glasali baš kako je priželjkivao najuticajniji dvojac levičarske vlade?
Odgovor se nazire u objašnjenju ostavke, koju je Varufakis juče objavio na svom blogu.
„Nadljudski napor da se ispoštuje hrabri narod Grčke i slavno ’ohi’ (’ne’) podareno svim demokratama sveta tek počinje”, poručio je Varufakis, dugogodišnji profesor ekonomije u Velikoj Britaniji, Australiji, Grčkoj i SAD, poznat kao svetski stručnjak za teoriju igara.
Samo nekoliko sati ranije, ministar evropske zemlje nezabeleženo agresivnog pregovaračkog stila zvučao je drugačije. „Već od sutra, sa hrabrim ’ne’ koje nam je podario grčki narod, pružićemo ruku našim poveriocima. Zvaćemo ih jednog po jednog da iznađemo zajedničku platformu”, izjavio je Varufakis na konferenciji za štampu obučen u bež-zelenu majicu kratkih rukava.
Varufakis sam objašnjava šta se desilo između najave pozivanja „jednog po jednog poverioca” i ostavke:
„Nedugo nakon objavljivanja rezultata upoznat sam sa očekivanjima pojedinih predstavnika Evrogrupe i odabranih partnera da ne prisustvujem njihovim sastancima... Smatram svojom obavezom da pomognem Aleksisu Ciprasu... Sa ponosom ću poneti omrazu kreditora prema meni”, napisao je Varufakis, uz najavu u grčkim medijima da stručnjak oštrog jezika ostaje Ciprasov savetnik, ali iz senke.
Omraza koju spominje Varufakis bila je obostrana i negovana od samog početka pregovora.
„Politički dunsteri u EU, neupućeni u sistemsku prirodu krize, nameću programe kojima, radi spasavanja ekonomija ponosnih evropskih nacija, na njih bacaju tepih-bombe”, opisao je Varufakis u februaru na početku pregovora sa kreditorima.
Varufakisova početna pozicija bila je jednostavna platforma: Grčka je zemlja koja je gurnuta u neizdrživu humanitarnu krizu drakonskim i pogrešno utemeljenim receptom ozloglašene „trojke”, zbog kog je zemlja dospela u dugove koje nikako ne može da vrati. Kreditori su od od početka do kraja pregovora smatrali da Grčka mora da vrati sve dugove, stegne kaiš, smanji penzije, poveća poreze i izdrži. Međuprostor za debatu između Varufakisa i kolega evropskih ministara finansija tokom proleća bio je sve neprijatniji. Kreditore je javno sve više nerviralo Varufakisovo intelektualno nipodaštavanje. Varufakis nije krio da u tom uživa.
„Oni su ujedinjeni u svojoj mržnji prema meni... Ja pozdravljam tu mržnju”, poručio je Varufakis nakon samita u Letoniji , kada su ga kolege nazvale „zgubidanom, amaterom i gubitnikom”.
Evropski sagovornici Varufakisa nisu prepoznali kakav je on profil igrača. Briljantni ekonomista, Varufakis je od početka bio u stanju da proceni ne jedan nego više sledećih poteza „trojke”, opisao je Džejms Galbrajt, čuveni američki ekonomista.
Nakon okršaja u Rigi, Cipras je povukao Varufakisa sa pozicije glavnog pregovarača. Odnosi između Atine i Brisela već tada su bili na vrlo niskim granama.
„MMF treba da snosi krivičnu odgovornost za pogrešne procene grčkog privrednog rasta”. „Brisel i „trojka” su teroristi koji Grcima pokušaju da nature strah”. „Grčka demokratija odlučila je da neće odumreti tempom koji joj nameću brutalni poverioci, radije će izabrati gnev”.. – arsenal je zaostavštine Janisa Varufakisa kao grčkog ministra finansija.
„Radije bih odsekao sebi desnu ruku nego potpisao program pomoći kakav nude kreditori”, kazao je Varufakis uoči referenduma.
„Vreme je da se začarani krug iznuđenog zaduživanja i krize koja iz tog suludog programa proističe zauvek prekine”, najavio je on januaru.
Grci su 5. jula iskoračili u nepoznato, ozlojeđena i zavađena Evropa sa njima takođe. Janis Varufakis bio je protagonista pregovora Atine i kreditora. „Krug” je prekinut: Grci su pružili jedinstven otpor, kreditori su u neviđenoj pat-poziciji. Misija majstora igre Janisa Varufakisa na mestu ministra finansija Grčke završena je.
</article-text-transliterated></article><comments><comments-count>25</comments-count><comments-list><comment comment-id="1"><comment-parent-id /><comment-text>Lako je vladati Srbima. Srbima nije vazno sta je ko uradio, nego sta je ko rekao. To je raj za politicare. Samo treba da maze Srbe i da im pricaju kako su dobri i posteni i kako ih zli neprijatelji pljackaju, i moci ce da vladaju sve do svoje smrti ili do izumiranja Srba, politicarima je svejedno. Varufakis je skresao u lice omrznutim bankarima sta on misli o njima i postao slavan medju Srbima koji nikad u zivotu nista nisu radili niti znaju sta je pravi uspeh i pravi rad. Varufakis je upropastio priliku da omoguci Grcima koliko toliko zivot bez haosa i neisvestnosti. Tako su Grci umesto pakta dobili patku. U takvom svetu nije ni cudo sto Vucic svak idan prica kojestarije. On zna Srbe i on je pravi drzavnik za Srbe. Odoh ja kod frau Merkel.</comment-text><comment-text-transliterated>Lako je vladati Srbima. Srbima nije vazno sta je ko uradio, nego sta je ko rekao. To je raj za politicare. Samo treba da maze Srbe i da im pricaju kako su dobri i posteni i kako ih zli neprijatelji pljackaju, i moci ce da vladaju sve do svoje smrti ili do izumiranja Srba, politicarima je svejedno. Varufakis je skresao u lice omrznutim bankarima sta on misli o njima i postao slavan medju Srbima koji nikad u zivotu nista nisu radili niti znaju sta je pravi uspeh i pravi rad. Varufakis je upropastio priliku da omoguci Grcima koliko toliko zivot bez haosa i neisvestnosti. Tako su Grci umesto pakta dobili patku. U takvom svetu nije ni cudo sto Vucic svak idan prica kojestarije. On zna Srbe i on je pravi drzavnik za Srbe. Odoh ja kod frau Merkel.</comment-text-transliterated></comment><comment comment-id="2"><comment-parent-id /><comment-text>...jedne ekonomske velicine kao Varufakus, i retko direktnom i postenom diplomati, 
= nego pocetak zaljenja, "sto "TAKVI" odlaze, dok ...suprotni njemu...nastavljaju svoju dinastiju !!!</comment-text><comment-text-transliterated>...jedne ekonomske velicine kao Varufakus, i retko direktnom i postenom diplomati, 
= nego pocetak zaljenja, "sto "TAKVI" odlaze, dok ...suprotni njemu...nastavljaju svoju dinastiju !!!</comment-text-transliterated></comment><comment comment-id="3"><comment-parent-id /><comment-text>putujuci Marksista | 08/07/2015 09:23

....zasto bi imovinski posed Varufakisa iskljucivao njegovo socijalisticko politicko opredeljenje? Zar mislite da samo sirotinja tendira u tom pravcu? Varate se, vecina "sirotinje" orijentisana je konservativno i netolerantno!!!</comment-text><comment-text-transliterated>putujuci Marksista | 08/07/2015 09:23

....zasto bi imovinski posed Varufakisa iskljucivao njegovo socijalisticko politicko opredeljenje? Zar mislite da samo sirotinja tendira u tom pravcu? Varate se, vecina "sirotinje" orijentisana je konservativno i netolerantno!!!</comment-text-transliterated></comment><comment comment-id="4"><comment-parent-id /><comment-text>@MIHAJLO ,uh ,ma imamo ih koliko hocete samo izaberite,po tim likovima smo srecni ko GRCKA .</comment-text><comment-text-transliterated>@MIHAJLO ,uh ,ma imamo ih koliko hocete samo izaberite,po tim likovima smo srecni ko GRCKA .</comment-text-transliterated></comment><comment comment-id="5"><comment-parent-id /><comment-text>Kada bi ljudi u Srbiji imali uvid u imovinski posed Varufakisa ukopcali bi sa kim imaju posla i koliko iskreno on radi ono po cemu je postao poznat. Jedno je sigurno - on samo izigrava revolucionera, ali mumiris naroda preterano ne prija. ne prija</comment-text><comment-text-transliterated>Kada bi ljudi u Srbiji imali uvid u imovinski posed Varufakisa ukopcali bi sa kim imaju posla i koliko iskreno on radi ono po cemu je postao poznat. Jedno je sigurno - on samo izigrava revolucionera, ali mumiris naroda preterano ne prija. ne prija</comment-text-transliterated></comment><comment comment-id="6"><comment-parent-id /><comment-text>Ima li neka zemlja na svetu u kojoj je Marksizam imao ekonomski uspeh a da ta zemlja nije kapitalisticka Kina</comment-text><comment-text-transliterated>Ima li neka zemlja na svetu u kojoj je Marksizam imao ekonomski uspeh a da ta zemlja nije kapitalisticka Kina</comment-text-transliterated></comment><comment comment-id="7"><comment-parent-id /><comment-text>Prosto neverovatno kako u jednom tekstu ima toliko prevrata. Gospodjo/ice, Varufakisove reci:"Већ од сутра, са храбрим ’не’ које нам је подарио грчки народ, пружићемо руку нашим повериоцима. Зваћемо их једног по једног да изнађемо заједничку платформу" su pokazatelj njegovog opredeljenja kao za kapitalisticki sistem. On je spreman da pregovara o novom kreditu koji ce Grcki narod morati da odplacuje. On nije spreman da sankcionise one koji su doveli do te situacije i nije spreman da izbavi Grcki narod iz ropstva. U sustini on pregovara samo o proviziji koju ce vladajuca elita u Grckoj da dobije od mmf-a, eb, radi prihvatanja novog kredita koji za uzvrat ide na teret Grckog naroda. nema tu nikakve pobede nikakve levice, nicega. Samo pregovori oko provizija za koje je iskoriscen Grcki narod. Kad narod to shvati vec ce biti kasno. Bice uvuceni u diktaturu koja odgovara MMF-u i EB.</comment-text><comment-text-transliterated>Prosto neverovatno kako u jednom tekstu ima toliko prevrata. Gospodjo/ice, Varufakisove reci:"Već od sutra, sa hrabrim ’ne’ koje nam je podario grčki narod, pružićemo ruku našim poveriocima. Zvaćemo ih jednog po jednog da iznađemo zajedničku platformu" su pokazatelj njegovog opredeljenja kao za kapitalisticki sistem. On je spreman da pregovara o novom kreditu koji ce Grcki narod morati da odplacuje. On nije spreman da sankcionise one koji su doveli do te situacije i nije spreman da izbavi Grcki narod iz ropstva. U sustini on pregovara samo o proviziji koju ce vladajuca elita u Grckoj da dobije od mmf-a, eb, radi prihvatanja novog kredita koji za uzvrat ide na teret Grckog naroda. nema tu nikakve pobede nikakve levice, nicega. Samo pregovori oko provizija za koje je iskoriscen Grcki narod. Kad narod to shvati vec ce biti kasno. Bice uvuceni u diktaturu koja odgovara MMF-u i EB.</comment-text-transliterated></comment><comment comment-id="8"><comment-parent-id /><comment-text>треба нам један Јанис Варуфакис.</comment-text><comment-text-transliterated>treba nam jedan Janis Varufakis.</comment-text-transliterated></comment><comment comment-id="9"><comment-parent-id /><comment-text>"Мисија мајстора игре Јаниса Варуфакиса на месту министра финансија Грчке завршена је."

Такву игру сам могао и ја да одиграм - и без доктората из економије.</comment-text><comment-text-transliterated>"Misija majstora igre Janisa Varufakisa na mestu ministra finansija Grčke završena je."

Takvu igru sam mogao i ja da odigram - i bez doktorata iz ekonomije.</comment-text-transliterated></comment><comment comment-id="10"><comment-parent-id /><comment-text>Tumacenje Njegosa: Tvrd je orah...
И Давид је био мали против Голијата па се десило што бити не може. Макако мали, мотивисан да брани сопствену битност, мијења односе снага и постаје непремостив проблем великима. Велики ломе зубе о чврстину којом се мали бране. Примјењује се када се указује како слабији нису занемарљиви и како могу да изненаде</comment-text><comment-text-transliterated>Tumacenje Njegosa: Tvrd je orah...
I David je bio mali protiv Golijata pa se desilo što biti ne može. Makako mali, motivisan da brani sopstvenu bitnost, mijenja odnose snaga i postaje nepremostiv problem velikima. Veliki lome zube o čvrstinu kojom se mali brane. Primjenjuje se kada se ukazuje kako slabiji nisu zanemarljivi i kako mogu da iznenade</comment-text-transliterated></comment><comment comment-id="11"><comment-parent-id /><comment-text>“Tvrd je orah voćka čudnovata,
ne slomi ga, al' zube polomi!
Nije vino pošto priđe bješe,
nije svijet ono što mišljaste.”   NJEGOS</comment-text><comment-text-transliterated>“Tvrd je orah voćka čudnovata,
ne slomi ga, al' zube polomi!
Nije vino pošto priđe bješe,
nije svijet ono što mišljaste.”   NJEGOS</comment-text-transliterated></comment><comment comment-id="12"><comment-parent-id /><comment-text>Divim se ovom Coveku.
Petar II petrovic Njegos opisuje svoj program u Gorskom vijencu. I on je kao cekic na celiku..</comment-text><comment-text-transliterated>Divim se ovom Coveku.
Petar II petrovic Njegos opisuje svoj program u Gorskom vijencu. I on je kao cekic na celiku..</comment-text-transliterated></comment><comment comment-id="13"><comment-parent-id /><comment-text>Kada bi svet imao 1% hrabrih l postenih ljudi poput Varufakisa verovatno da bi situacija u svetu bila drugacija.Na zalost sebicnost i nepostenje su odavno uhvatili korena u ljudskoj svesti tako da se ona sporo menja kod vecine pa zato je potreban dugi vremenski period da bi veliki ljudi u svetskoj istoriji mogli da naprave mali pomak u tom smeru dok tehnoloski razvoj napreduje mnogo brze.Najbolji lek za brzi napredak je obrazovanje ali nazalost to nije u interesu onima koji sede na grbaci masa.</comment-text><comment-text-transliterated>Kada bi svet imao 1% hrabrih l postenih ljudi poput Varufakisa verovatno da bi situacija u svetu bila drugacija.Na zalost sebicnost i nepostenje su odavno uhvatili korena u ljudskoj svesti tako da se ona sporo menja kod vecine pa zato je potreban dugi vremenski period da bi veliki ljudi u svetskoj istoriji mogli da naprave mali pomak u tom smeru dok tehnoloski razvoj napreduje mnogo brze.Najbolji lek za brzi napredak je obrazovanje ali nazalost to nije u interesu onima koji sede na grbaci masa.</comment-text-transliterated></comment><comment comment-id="14"><comment-parent-id /><comment-text>varufakis se ponosi omrazom onih koji su odusevljeni nasom kooperativnoscu. cija percepija je bolja ?</comment-text><comment-text-transliterated>varufakis se ponosi omrazom onih koji su odusevljeni nasom kooperativnoscu. cija percepija je bolja ?</comment-text-transliterated></comment><comment comment-id="15"><comment-parent-id /><comment-text>Steta ili ne, nikad necemo doznati? Jedan se otegne drugi protegne i to je politika? Danas je nestao? Za 10.god.kasnije ce biti najbolji!!</comment-text><comment-text-transliterated>Steta ili ne, nikad necemo doznati? Jedan se otegne drugi protegne i to je politika? Danas je nestao? Za 10.god.kasnije ce biti najbolji!!</comment-text-transliterated></comment><comment comment-id="16"><comment-parent-id /><comment-text>Моје поштовање према овом човеку, Варуфакису, је огромно. Први пут у ЕУ окупираниј финансијским терористима проговорио је неко разуман. Задивљен сам том врстом храбрости и памети. Мислим да је први пут од другог рата и 1968. појавио трачак слободе. Да ли ће финансијска олигархија успети да га угаси видећемо. Умни људи ће запамтити Варуфакиса. Надам се да ће својим знањем и храброшћу још помоћи људима Европе. Хвала људино.</comment-text><comment-text-transliterated>Moje poštovanje prema ovom čoveku, Varufakisu, je ogromno. Prvi put u EU okupiranij finansijskim teroristima progovorio je neko razuman. Zadivljen sam tom vrstom hrabrosti i pameti. Mislim da je prvi put od drugog rata i 1968. pojavio tračak slobode. Da li će finansijska oligarhija uspeti da ga ugasi videćemo. Umni ljudi će zapamtiti Varufakisa. Nadam se da će svojim znanjem i hrabrošću još pomoći ljudima Evrope. Hvala ljudino.</comment-text-transliterated></comment><comment comment-id="17"><comment-parent-id /><comment-text>Gospodin Varufakis je odradio vazan posao za  Grcku.Pamet,ponos I strucnost.Ima sve kvalitete koje srpski politicari nemaju.
Njega stranci ne hvale.On strance ne pita za save I ne umiljava im se kao stene pudlice.</comment-text><comment-text-transliterated>Gospodin Varufakis je odradio vazan posao za  Grcku.Pamet,ponos I strucnost.Ima sve kvalitete koje srpski politicari nemaju.
Njega stranci ne hvale.On strance ne pita za save I ne umiljava im se kao stene pudlice.</comment-text-transliterated></comment><comment comment-id="18"><comment-parent-id /><comment-text>Nema nacina da se uradi ono sto je ovaj covek uradio I da se bude "prijatan" sagovornik. Ono sto zapadnoj trojci I kreditorima smeta je sto nisu uspeli da dominiraju nad Verufakisom, sto nisu dobili nekog smutljivca vec coveka koji zna I razume ekonomiju svoje zemlje I koji se trudi ta uradi najbolje za svoj narod. Otuda uvrede, bes, zahtev za ostavkom it'd. Sramno za Evropu, sjajno od gosp. Verufakisa.</comment-text><comment-text-transliterated>Nema nacina da se uradi ono sto je ovaj covek uradio I da se bude "prijatan" sagovornik. Ono sto zapadnoj trojci I kreditorima smeta je sto nisu uspeli da dominiraju nad Verufakisom, sto nisu dobili nekog smutljivca vec coveka koji zna I razume ekonomiju svoje zemlje I koji se trudi ta uradi najbolje za svoj narod. Otuda uvrede, bes, zahtev za ostavkom it'd. Sramno za Evropu, sjajno od gosp. Verufakisa.</comment-text-transliterated></comment><comment comment-id="19"><comment-parent-id /><comment-text>U toj jednocinki on je imao ozbiljnu ulogu od koje je zavisio uspeh cele predstave, ali on nije glumio ulogu koju su mu poverili nego je glumio samog sebe. Profesori ne zive u realnom svetu i njima ne treba davati ozbiljne svetovne uloge.</comment-text><comment-text-transliterated>U toj jednocinki on je imao ozbiljnu ulogu od koje je zavisio uspeh cele predstave, ali on nije glumio ulogu koju su mu poverili nego je glumio samog sebe. Profesori ne zive u realnom svetu i njima ne treba davati ozbiljne svetovne uloge.</comment-text-transliterated></comment><comment comment-id="20"><comment-parent-id /><comment-text>Njegov stav i ponasanje bas nisu bili dostojni dr. nauka i obrazovanog u Engleskoj. Grcima je potrebna pomoc (za koju su sami krivi) a on drzi lekcije morala i politicke ekonomije celom svetu. Klovn, i egzibicionista</comment-text><comment-text-transliterated>Njegov stav i ponasanje bas nisu bili dostojni dr. nauka i obrazovanog u Engleskoj. Grcima je potrebna pomoc (za koju su sami krivi) a on drzi lekcije morala i politicke ekonomije celom svetu. Klovn, i egzibicionista</comment-text-transliterated></comment><comment comment-id="21"><comment-parent-id /><comment-text>Људи моји, не могу да вам опишем колико поштујем овог човека! Слушао сам много његових говора и он је мој херој! Желим му све најбоље у животу!</comment-text><comment-text-transliterated>Ljudi moji, ne mogu da vam opišem koliko poštujem ovog čoveka! Slušao sam mnogo njegovih govora i on je moj heroj! Želim mu sve najbolje u životu!</comment-text-transliterated></comment><comment comment-id="22"><comment-parent-id /><comment-text>Ovo je političar budućnosti i samo sa ovakvim se vet može izbaviti. Vreme je da neko ovima saopšti brutalnu istinu da ili ništa neznaju ili su im namere neiskrene. Mislim da ovi što su u Evropi nazovi ministri finansija nisu ni za obične izvšioce. Drago mi je što tako stvari vidi i ovaj stručnjak i pametan čovek. Mislim da naslov nije dobar. Možda je kraj I čina, ali ovo svakako nije jednočinka. Da je sreće da se i kod nas pojavi neko ovakvog kapaciteta. Rado bih mu pomagao, ali nismomi te sreće niti tog kapaciteta. Kod nas se u ekonomiji još uvek pitaju "eksperti " G-17 kojima je politika MMF jednaka Bibliji i nikako se u nju ne sme sumnjati.</comment-text><comment-text-transliterated>Ovo je političar budućnosti i samo sa ovakvim se vet može izbaviti. Vreme je da neko ovima saopšti brutalnu istinu da ili ništa neznaju ili su im namere neiskrene. Mislim da ovi što su u Evropi nazovi ministri finansija nisu ni za obične izvšioce. Drago mi je što tako stvari vidi i ovaj stručnjak i pametan čovek. Mislim da naslov nije dobar. Možda je kraj I čina, ali ovo svakako nije jednočinka. Da je sreće da se i kod nas pojavi neko ovakvog kapaciteta. Rado bih mu pomagao, ali nismomi te sreće niti tog kapaciteta. Kod nas se u ekonomiji još uvek pitaju "eksperti " G-17 kojima je politika MMF jednaka Bibliji i nikako se u nju ne sme sumnjati.</comment-text-transliterated></comment><comment comment-id="23"><comment-parent-id /><comment-text>Remi, pat ili mat ? U ovoj igri naroda i banaka pobedice novac. Ali staro olimpisko geslo kaze " vazno je ucestvovati ".</comment-text><comment-text-transliterated>Remi, pat ili mat ? U ovoj igri naroda i banaka pobedice novac. Ali staro olimpisko geslo kaze " vazno je ucestvovati ".</comment-text-transliterated></comment><comment comment-id="24"><comment-parent-id /><comment-text>...zrtvovanje kvaliteta (varufakisa) je jedan od najboljih poteza u istoriji saha...</comment-text><comment-text-transliterated>...zrtvovanje kvaliteta (varufakisa) je jedan od najboljih poteza u istoriji saha...</comment-text-transliterated></comment><comment comment-id="25"><comment-parent-id /><comment-text>Лепши си ми сада од Вилхелма  , баш је згодан , има нешто што би се рекло, жишку</comment-text><comment-text-transliterated>Lepši si mi sada od Vilhelma  , baš je zgodan , ima nešto što bi se reklo, žišku</comment-text-transliterated></comment></comments-list></comments></document>