<document global-id="sr-01-1062">
    <url>
        http://www.politika.rs/scc/clanak/414669/%D0%9A%D0%B0%D1%81%D0%B0%D0%BC%D0%B8-%D0%97%D0%B0%D0%B5%D0%B2-%D0%B4%D0%B0-%D0%BE%D0%B4%D0%B3%D0%BE%D0%B2%D0%BE%D1%80%D0%B8-%D0%BD%D0%B0-%D0%B7%D0%B0%D1%85%D1%82%D0%B5%D0%B2%D0%B5-%D0%90%D0%BB%D0%B1%D0%B0%D0%BD%D0%B0%D1%86%D0%B0-%D1%83-%D0%9C%D0%B0%D0%BA%D0%B5%D0%B4%D0%BE%D0%BD%D0%B8%D1%98%D0%B8
    </url>
    <source-id>sr-01</source-id>
    <local-id>1062</local-id>
    <source-name>Politika</source-name>
    <article>
        <article-title>Касами: Заев да одговори на захтеве Албанаца у Македонији</article-title>
        <article-title-transliterated>Kasami: Zaev da odgovori na zahteve Albanaca u Makedoniji
        </article-title-transliterated>
        <article-time>2018-10-31</article-time>
        <article-author/>
        <article-text>СКОПЉЕ - Председник албанског покрета Беса у Македонији Биљал Касами, позвао је данас македонског
            премијера Зорана Заева да одговори на захтеве албанских странака за уставне амандмане који би се односили на
            албански језик и позицију албанског народа у тој држави.
            „Ми нећемо условљавати, уколико Заев не прихвати наше захтеве, али ћемо наставити да инсистирамо на тим
            питањима током процеса евро-атлантских интеграција”, рекао је Касами, преноси македонски портал а1он.мк.
            Он сматра да уколико је премијер имао времена да разговара са, како је казао, инкриминисаним појединцима у
            разним случајевима, онда ће „имати времена да размотри и наше захтеве”.
            Према његовим речима, уколико се ова питања не затворе сада, она ће бити поново актуелизована на наредним
            изборима.
            Лидер покрета Беса је казао да Заев не треба да блокира захтеве Албанаца, јер је, како наводи, под мотом
            „Једно друштво за све” успео да добије већи број албанских гласова.
            Захтеви Беса су прихватање амандмана на Устав који ће омогућити албанском народу у Македонији да постане
            државотворан, заједно са македонским, док албански језик треба да постане службени језик на целој територији
            Македоније, укључујући и његову употребу у међународним односима државе.
            Заев је јуче, након изјаве вицепремија македонске Владе Бујара Османија да ће Охридски споразум постати део
            преамбуле македонског Устава као део конститутивних докумената, рекао да је то питање затворено 2001.
            године.
            Износећи негативан став о захтеву албанских политичара о додатним изменама Устава, Заев је истакао да
            Македонија нема потребу за додатним отварањем Пандорине кутије, преноси Танјуг.
        </article-text>
        <article-text-transliterated>SKOPLjE - Predsednik albanskog pokreta Besa u Makedoniji Biljal Kasami, pozvao je
            danas makedonskog premijera Zorana Zaeva da odgovori na zahteve albanskih stranaka za ustavne amandmane koji
            bi se odnosili na albanski jezik i poziciju albanskog naroda u toj državi.
            „Mi nećemo uslovljavati, ukoliko Zaev ne prihvati naše zahteve, ali ćemo nastaviti da insistiramo na tim
            pitanjima tokom procesa evro-atlantskih integracija”, rekao je Kasami, prenosi makedonski portal a1on.mk.
            On smatra da ukoliko je premijer imao vremena da razgovara sa, kako je kazao, inkriminisanim pojedincima u
            raznim slučajevima, onda će „imati vremena da razmotri i naše zahteve”.
            Prema njegovim rečima, ukoliko se ova pitanja ne zatvore sada, ona će biti ponovo aktuelizovana na narednim
            izborima.
            Lider pokreta Besa je kazao da Zaev ne treba da blokira zahteve Albanaca, jer je, kako navodi, pod motom
            „Jedno društvo za sve” uspeo da dobije veći broj albanskih glasova.
            Zahtevi Besa su prihvatanje amandmana na Ustav koji će omogućiti albanskom narodu u Makedoniji da postane
            državotvoran, zajedno sa makedonskim, dok albanski jezik treba da postane službeni jezik na celoj teritoriji
            Makedonije, uključujući i njegovu upotrebu u međunarodnim odnosima države.
            Zaev je juče, nakon izjave vicepremija makedonske Vlade Bujara Osmanija da će Ohridski sporazum postati deo
            preambule makedonskog Ustava kao deo konstitutivnih dokumenata, rekao da je to pitanje zatvoreno 2001.
            godine.
            Iznoseći negativan stav o zahtevu albanskih političara o dodatnim izmenama Ustava, Zaev je istakao da
            Makedonija nema potrebu za dodatnim otvaranjem Pandorine kutije, prenosi Tanjug.
        </article-text-transliterated>
    </article>
    <comments>
        <comments-count>6</comments-count>
        <comment-list>
            <comment comment-id="1">
                <comment-parent-id/>
                <comment-text>Krenulo je... Zaev je dobro znao sa kime se ~hvata u kolo~ ali njemu je bila najvaznija
                    fotelja. Albanci su iskoristili najbolje sto su mogli sukob medju Makedoncima.
                </comment-text>
                <comment-text-transliterated>Krenulo je... Zaev je dobro znao sa kime se ~hvata u kolo~ ali njemu je
                    bila najvaznija fotelja. Albanci su iskoristili najbolje sto su mogli sukob medju Makedoncima.
                </comment-text-transliterated>
            </comment>
            <comment comment-id="2">
                <comment-parent-id/>
                <comment-text>Да се разумемо - има аутохтоних Албанаца, наравно и Срба, Турака, Грка, Бугара, Рома који
                    у Македонији живе дуже од неких Македонаца дошлих после 1950. године. Шћиптари су у социјализму
                    имали двојезична документа и табле одређених институција, па укидање тих једном стекнутих права и
                    обавеза током деценија може довести до проблема у било којој држави. Друга је прича непоштивање
                    закона (има и Македонаца постављених изнад њих), процентуалне обавезе према националном кључу при
                    упису на факултет ("национални кључеви" нису донели добро никоме), запошљавање по истом кључу (има и
                    Македонаца који се нису појављивали на послу, а примали за то плату, не само "рамковних" Шћиптара)
                    неплаћање пореза, рачуна за комуналије и сл. (има и пуно Македонаца међу њих)… Све је до државе. Њен
                    апарат због тога и постоји - да би спроводио законе, обавезе и дужности, правила… У томе се огледа и
                    моћ једне државе - да добијеш оно што ти следује рамноправно као и сви остали грађани, без
                    привилегираних пред законом.
                </comment-text>
                <comment-text-transliterated>Da se razumemo - ima autohtonih Albanaca, naravno i Srba, Turaka, Grka,
                    Bugara, Roma koji u Makedoniji žive duže od nekih Makedonaca došlih posle 1950. godine. Šćiptari su
                    u socijalizmu imali dvojezična dokumenta i table određenih institucija, pa ukidanje tih jednom
                    steknutih prava i obaveza tokom decenija može dovesti do problema u bilo kojoj državi. Druga je
                    priča nepoštivanje zakona (ima i Makedonaca postavljenih iznad njih), procentualne obaveze prema
                    nacionalnom ključu pri upisu na fakultet ("nacionalni ključevi" nisu doneli dobro nikome),
                    zapošljavanje po istom ključu (ima i Makedonaca koji se nisu pojavljivali na poslu, a primali za to
                    platu, ne samo "ramkovnih" Šćiptara) neplaćanje poreza, računa za komunalije i sl. (ima i puno
                    Makedonaca među njih)… Sve je do države. Njen aparat zbog toga i postoji - da bi sprovodio zakone,
                    obaveze i dužnosti, pravila… U tome se ogleda i moć jedne države - da dobiješ ono što ti sleduje
                    ramnopravno kao i svi ostali građani, bez privilegiranih pred zakonom.
                </comment-text-transliterated>
            </comment>
            <comment comment-id="3">
                <comment-parent-id/>
                <comment-text>Ma kakva kamata,ona je prosla odavno 100%. Trazi ce se; Oficialni Jezik,Oficialna
                    Istorija, Insignije;Armije,Policije ,Drzavnih Institucija,Drzavnih Dokumenata,Monetarnih Banknotga,
                    Himna,Zastava,MANU , I jos stotinah petljancija!
                </comment-text>
                <comment-text-transliterated>Ma kakva kamata,ona je prosla odavno 100%. Trazi ce se; Oficialni
                    Jezik,Oficialna Istorija, Insignije;Armije,Policije ,Drzavnih Institucija,Drzavnih
                    Dokumenata,Monetarnih Banknotga, Himna,Zastava,MANU , I jos stotinah petljancija!
                </comment-text-transliterated>
            </comment>
            <comment comment-id="4">
                <comment-parent-id/>
                <comment-text>gde god albanci zive traze neka svoja prava a neshvataju da su dosli u tu zemlju,dosli a
                    ne rodjeni,tu
                </comment-text>
                <comment-text-transliterated>gde god albanci zive traze neka svoja prava a neshvataju da su dosli u tu
                    zemlju,dosli a ne rodjeni,tu
                </comment-text-transliterated>
            </comment>
            <comment comment-id="5">
                <comment-parent-id/>
                <comment-text>Emoj ZaEve ko sa đavolom tikve sadi ....? Doći će vam dragi S. makedosnci račun sa kamotom
                    na naplatu.
                </comment-text>
                <comment-text-transliterated>Emoj ZaEve ko sa đavolom tikve sadi ....? Doći će vam dragi S. makedosnci
                    račun sa kamotom na naplatu.
                </comment-text-transliterated>
            </comment>
            <comment comment-id="5-1">
                <comment-parent-id>5</comment-parent-id>
                <comment-text>Tako je.....ovo je samo pocetak. Uskoro ce poceti da traze nove ustupke pored jezika i
                    veroispovesti do zasebne teritorije za sve Siptare ....pa ce onda traziti da se pripoje
                    Albaniji....opa.... od Makedonije nista nece ostati a jos manje od Severne Makedonije.
                </comment-text>
                <comment-text-transliterated>Tako je.....ovo je samo pocetak. Uskoro ce poceti da traze nove ustupke
                    pored jezika i veroispovesti do zasebne teritorije za sve Siptare ....pa ce onda traziti da se
                    pripoje Albaniji....opa.... od Makedonije nista nece ostati a jos manje od Severne Makedonije.
                </comment-text-transliterated>
            </comment>
        </comment-list>
    </comments>
</document>