<document global-id="sr-01-1083"><url>http://www.politika.rs/scc/clanak/356587/%D0%9A%D0%B8%D0%BD%D0%B5%D1%81%D0%BA%D0%B8-%D1%82%D0%B8%D0%BD%D0%B5%D1%98%D1%9F%D0%B5%D1%80-%D0%BB%D0%B5%D1%82%D0%B5%D0%BE-%D0%BE%D0%B4-%D0%A8%D0%B0%D0%BD%D0%B3%D0%B0%D1%98%D0%B0-%D0%B4%D0%BE-%D0%94%D1%83%D0%B1%D0%B0%D0%B8%D1%98%D0%B0-%D1%83-%D0%BF%D1%80%D1%82%D1%99%D0%B0%D0%B6%D0%BD%D0%B8%D0%BA%D1%83-%D0%B0%D0%B2%D0%B8%D0%BE%D0%BD%D0%B0</url><source-id>sr-01</source-id><local-id>sr-01-1083</local-id><source-name>Politika</source-name><article><article-title>Кинески тинејџер летео од Шангаја до Дубаија у пртљажнику авиона</article-title><article-title-transliterated>Kineski tinejdžer leteo od Šangaja do Dubaija u prtljažniku aviona</article-title-transliterated><article_time>2016-06-06</article_time><article-author>Agencije</article-author><article-text>
Пекинг – Један кинески тинејџер крио се током деветочасовног лета до Дубаија у пртљажном простору авиона компаније „Емиратс ерлајнс”, а лет је касније описао као „удобан”, известили су кинески медији.
Тинејџер, који је желео да дође у Дубаи како би се обогатио, пронађен је кад је авион из Шангаја слетео у Дубаи, навела је полиција, а пренела агенција АФП.
„Рекао нам је да му је у пртљажном простору авиона било удобно”, изјавио је помоћник шефа полиције у Дубаију задужен за луке и аеродроме Ахмед бин Тани, пренео је Танјуг.
Он је додао да је шеснаестогодишњак рекао да је желео да дође у Дубаи пошто је чуо да се ту добро живи, па је желео да заради неки новац. Дечак, којег је полиција испитала уз присуство преводиоца за кинески језик, признао је да је на интернету читао гласине да „чак и просјаци могу добро да зараде у Дубаију”, навео је кинески лист на енглеском језику „Севен дејз”.
Није познато како је тинејџер, који се налази у притвору у Дубаију, успео да уђе у пртљажни део авиона, у којем се температура контролише за разлику од стајног трапа, где слепи путници обично улазе, али ризикују живот због изузетно ниских температура и мањка кисеоника.
</article-text><article-text-transliterated>
Peking – Jedan kineski tinejdžer krio se tokom devetočasovnog leta do Dubaija u prtljažnom prostoru aviona kompanije „Emirats erlajns”, a let je kasnije opisao kao „udoban”, izvestili su kineski mediji.
Tinejdžer, koji je želeo da dođe u Dubai kako bi se obogatio, pronađen je kad je avion iz Šangaja sleteo u Dubai, navela je policija, a prenela agencija AFP.
„Rekao nam je da mu je u prtljažnom prostoru aviona bilo udobno”, izjavio je pomoćnik šefa policije u Dubaiju zadužen za luke i aerodrome Ahmed bin Tani, preneo je Tanjug.
On je dodao da je šesnaestogodišnjak rekao da je želeo da dođe u Dubai pošto je čuo da se tu dobro živi, pa je želeo da zaradi neki novac. Dečak, kojeg je policija ispitala uz prisustvo prevodioca za kineski jezik, priznao je da je na internetu čitao glasine da „čak i prosjaci mogu dobro da zarade u Dubaiju”, naveo je kineski list na engleskom jeziku „Seven dejz”.
Nije poznato kako je tinejdžer, koji se nalazi u pritvoru u Dubaiju, uspeo da uđe u prtljažni deo aviona, u kojem se temperatura kontroliše za razliku od stajnog trapa, gde slepi putnici obično ulaze, ali rizikuju život zbog izuzetno niskih temperatura i manjka kiseonika.
</article-text-transliterated></article><comments><comments-count>1</comments-count><comments-list><comment comment-id="1"><comment-parent-id /><comment-text> Овог клинца треба изоловати од терориста</comment-text><comment-text-transliterated> Ovog klinca treba izolovati od terorista</comment-text-transliterated></comment></comments-list></comments></document>