<document global-id="sr-01-1124">
    <url>
        http://www.politika.rs/scc/clanak/381691/%D0%9A%D0%BE-%D1%98%D0%B5-%D0%97%D0%BE%D1%80%D0%B0%D0%BD-%D0%97%D0%B0%D0%B5%D0%B2-%D0%B1%D1%83%D0%B4%D1%83%D1%9B%D0%B8-%D0%BF%D1%80%D0%B5%D0%BC%D0%B8%D1%98%D0%B5%D1%80-%D0%9C%D0%B0%D0%BA%D0%B5%D0%B4%D0%BE%D0%BD%D0%B8%D1%98%D0%B5
    </url>
    <source-id>sr-01</source-id>
    <local-id>1124</local-id>
    <source-name>Politika</source-name>
    <article>
        <article-title>Ко је Зоран Заев будући премијер Македоније</article-title>
        <article-title-transliterated>Ko je Zoran Zaev budući premijer Makedonije</article-title-transliterated>
        <article-time>2017-05-30</article-time>
        <article-author/>
        <article-text>СКОПЉЕ - На дневном реду Собрања данас је програм мандатара и лидера СДСМ Зорана Заева и предлог
            нове македонске владе.
            На превременим парламентарним изборима, који су у Македонији одржани 11. децембра прошле године, ВМРО-ДПМНЕ
            је освојила 51 мандат, СДСМ 49, ДУИ 10, покрет Беса пет, Алијанса за Албанце три и Демократска партија
            Албанаца два мандата.
            Ко је Зоран Заев?
            Будући премијер Македоније по образовању је економиста, а политиком се бави од 2003. године када је први пут
            изабран за посланика. Од 2005. до краја 2016. био је градоначелник Струмице у три мандата, а повукао се
            пошто је у децембру 2016. поново изабран за посланика на ванредним парламентарним изборима.
            На лидерску позицију у СДСМ, који је пре њега водио харизматични Бранко Црвенковски, Заев је дошао у лето
            2013. и тада нико није веровао да ће успети да консолидује партију разједињену бројним изборним поразима
            које јој је у континуитету наносио политички противник, лидер конзервативне националистичке ВМРО-ДПМНЕ и
            тадашњи премијер Никола Груевски.
            Заев је, како се тврди у македонској јавности, постао икона младих Македонаца и Албанаца који се залажу за
            живот у грађанском друштву и без међуетничких тензија.
            Заев се сматра „америчким човеком”, а врхунац његовог политичког ангажовања је дошао са објављивањем
            прислушкиваних разговора бившег премијера Груевског.
            Његов странка је, наиме, објавила снимке тајних служби који су обелоданили прислушкиване разговоре више од
            20.000 грађана и то без судског налога што је тада, на почетку 2015, у јавности одјекнуло као бомба.
            Заев никада није признао како је дошао до тих снимака, а верује се да их је добио од страних тајних служби.
            Иако није добио највећи број гласова на последњим ванредним парламентарним изборима у децембру 2016, Заев је
            успео да формира парламентарну већину са албанским партијама, што претходно није успело његовом политичком
            противнику Груевском. Томе су претходиле вишемесечне опструкције ВМРО-ДПМНЕ и председника Македоније Ђорђа
            Иванова који је одбијао да му додели мандат.
            Главни разлог тог одбијања је био то што је Заев, како се тврдило, прихватио да ће имплементирати тзв.
            „тиранску платформу” која би Албанцима у Македонији требало да донесе више права међу којима је и да
            албански буде други званични језик у тој држави.
            Македонија се већ готово три године налази у тешкој политичкој кризи, а ванредни парламентарни избори
            расписани су да би се изашло из такво стања. Тел након њих, међутим, криза је ескалирала оптужбама да је
            Заев уцењен имплементацијом „тиранске платформе” да би добио подршку за окупљање парламентарне већине.
            Тек након притисака међународне заједнице и обавезне изјаве на којој је инсистирао председник Иванов да Заев
            потпише изјаву да ће за време премијерског мандата поштовати суверенитет и територијални интегритет
            Македоније, лидер СДСМ је добио мандат за састав нове владе.
            Премијер Заев ће, како се очекује, имати тежак задатак да спроведе реформе на којима инсистира међународна
            заједница, да приближи земљу ЕУ и НАТО, што очекује велика већина македонских грађана. Али најважније за
            будућу владу биће пре свега да успостави владавину права и једнакост у друштву за све грађане што је било и
            главно обећање Заева у изборној кампањи.
            Приоритети на премијерској функцији ће му бити укидање спољног тестирања за ученике основних и средњих
            школа.
            Нова влада ће се, обећао је, развијати у два смера - реформама и побољшању живота грађана.
            Четрдесеттрогодишњи мандатар уверен је да ће као премијер Македонију извести из дуготрајне кризе, увести
            владавину права и земљу успешно вратити на изгубљени пут НАТО и ЕУ интеграција.
            За себе каже да је добар човек.
            Рођен је 8. октобра 1974. у Струмици. Дипломирао је на Економском факултету Универзитета „Ћирило и Методије”
            у Скопљу 1997, где је био и на постдиплмским студијама. Ожењен је и са супругом Зорицом има двоје деце,
            ћерку Александру и сина Душка. Говори енглески језик. (Танјуг)
        </article-text>
        <article-text-transliterated>SKOPLjE - Na dnevnom redu Sobranja danas je program mandatara i lidera SDSM Zorana
            Zaeva i predlog nove makedonske vlade.
            Na prevremenim parlamentarnim izborima, koji su u Makedoniji održani 11. decembra prošle godine, VMRO-DPMNE
            je osvojila 51 mandat, SDSM 49, DUI 10, pokret Besa pet, Alijansa za Albance tri i Demokratska partija
            Albanaca dva mandata.
            Ko je Zoran Zaev?
            Budući premijer Makedonije po obrazovanju je ekonomista, a politikom se bavi od 2003. godine kada je prvi
            put izabran za poslanika. Od 2005. do kraja 2016. bio je gradonačelnik Strumice u tri mandata, a povukao se
            pošto je u decembru 2016. ponovo izabran za poslanika na vanrednim parlamentarnim izborima.
            Na lidersku poziciju u SDSM, koji je pre njega vodio harizmatični Branko Crvenkovski, Zaev je došao u leto
            2013. i tada niko nije verovao da će uspeti da konsoliduje partiju razjedinjenu brojnim izbornim porazima
            koje joj je u kontinuitetu nanosio politički protivnik, lider konzervativne nacionalističke VMRO-DPMNE i
            tadašnji premijer Nikola Gruevski.
            Zaev je, kako se tvrdi u makedonskoj javnosti, postao ikona mladih Makedonaca i Albanaca koji se zalažu za
            život u građanskom društvu i bez međuetničkih tenzija.
            Zaev se smatra „američkim čovekom”, a vrhunac njegovog političkog angažovanja je došao sa objavljivanjem
            prisluškivanih razgovora bivšeg premijera Gruevskog.
            Njegov stranka je, naime, objavila snimke tajnih službi koji su obelodanili prisluškivane razgovore više od
            20.000 građana i to bez sudskog naloga što je tada, na početku 2015, u javnosti odjeknulo kao bomba.
            Zaev nikada nije priznao kako je došao do tih snimaka, a veruje se da ih je dobio od stranih tajnih službi.
            Iako nije dobio najveći broj glasova na poslednjim vanrednim parlamentarnim izborima u decembru 2016, Zaev
            je uspeo da formira parlamentarnu većinu sa albanskim partijama, što prethodno nije uspelo njegovom
            političkom protivniku Gruevskom. Tome su prethodile višemesečne opstrukcije VMRO-DPMNE i predsednika
            Makedonije Đorđa Ivanova koji je odbijao da mu dodeli mandat.
            Glavni razlog tog odbijanja je bio to što je Zaev, kako se tvrdilo, prihvatio da će implementirati tzv.
            „tiransku platformu” koja bi Albancima u Makedoniji trebalo da donese više prava među kojima je i da
            albanski bude drugi zvanični jezik u toj državi.
            Makedonija se već gotovo tri godine nalazi u teškoj političkoj krizi, a vanredni parlamentarni izbori
            raspisani su da bi se izašlo iz takvo stanja. Tel nakon njih, međutim, kriza je eskalirala optužbama da je
            Zaev ucenjen implementacijom „tiranske platforme” da bi dobio podršku za okupljanje parlamentarne većine.
            Tek nakon pritisaka međunarodne zajednice i obavezne izjave na kojoj je insistirao predsednik Ivanov da Zaev
            potpiše izjavu da će za vreme premijerskog mandata poštovati suverenitet i teritorijalni integritet
            Makedonije, lider SDSM je dobio mandat za sastav nove vlade.
            Premijer Zaev će, kako se očekuje, imati težak zadatak da sprovede reforme na kojima insistira međunarodna
            zajednica, da približi zemlju EU i NATO, što očekuje velika većina makedonskih građana. Ali najvažnije za
            buduću vladu biće pre svega da uspostavi vladavinu prava i jednakost u društvu za sve građane što je bilo i
            glavno obećanje Zaeva u izbornoj kampanji.
            Prioriteti na premijerskoj funkciji će mu biti ukidanje spoljnog testiranja za učenike osnovnih i srednjih
            škola.
            Nova vlada će se, obećao je, razvijati u dva smera - reformama i poboljšanju života građana.
            Četrdesettrogodišnji mandatar uveren je da će kao premijer Makedoniju izvesti iz dugotrajne krize, uvesti
            vladavinu prava i zemlju uspešno vratiti na izgubljeni put NATO i EU integracija.
            Za sebe kaže da je dobar čovek.
            Rođen je 8. oktobra 1974. u Strumici. Diplomirao je na Ekonomskom fakultetu Univerziteta „Ćirilo i Metodije”
            u Skoplju 1997, gde je bio i na postdiplmskim studijama. Oženjen je i sa suprugom Zoricom ima dvoje dece,
            ćerku Aleksandru i sina Duška. Govori engleski jezik. (Tanjug)
        </article-text-transliterated>
    </article>
    <comments>
        <comments-count>11</comments-count>
        <comment-list>
            <comment comment-id="1">
                <comment-parent-id/>
                <comment-text>Македонијом је до сада харао човек који не прави разлику између хипокрита и Хипократа
                    (Грујевски). Толико је био писмен.
                </comment-text>
                <comment-text-transliterated>Makedonijom je do sada harao čovek koji ne pravi razliku između hipokrita i
                    Hipokrata (Grujevski). Toliko je bio pismen.
                </comment-text-transliterated>
            </comment>
            <comment comment-id="2">
                <comment-parent-id/>
                <comment-text>Заиста мислите да би Амери пустили Грујевског да 10 година влада Македонијом, ако није био
                    „амерички човек”!? Амери смакоше Милошевића, Садама Хусеина, Гадафија, Мубарака, а не би неког
                    уличног боксерчића налик Грујевском који им се као противи?! Па почетак владања ВМРО-ДПМНЕ-а је био
                    обележен наводном „прозападњачком” оријентираношћу. Довољно је бацити поглед на састав владе
                    Грујевског па увидети да се тамо налазе „стручњаци” за прилив страног (западњачког) капитала који су
                    махом назовимакедонци из западних земаља, нарочито из Земље Кенгура где је највећи број Егејаца. Да
                    прислушкивани разговори нису плод маште Заева, или производ „странских служби“ и да су продукт
                    македонске УБК којом је управљао брат од ујака „цара“ Грујевског, горе од УДБ-е у социјалистичкој
                    Македонији, потврђују и странска експертиза већ објављена у новинама и бивши радници републичке ДБ.
                </comment-text>
                <comment-text-transliterated>Zaista mislite da bi Ameri pustili Grujevskog da 10 godina vlada
                    Makedonijom, ako nije bio „američki čovek”!? Ameri smakoše Miloševića, Sadama Huseina, Gadafija,
                    Mubaraka, a ne bi nekog uličnog bokserčića nalik Grujevskom koji im se kao protivi?! Pa početak
                    vladanja VMRO-DPMNE-a je bio obeležen navodnom „prozapadnjačkom” orijentiranošću. Dovoljno je baciti
                    pogled na sastav vlade Grujevskog pa uvideti da se tamo nalaze „stručnjaci” za priliv stranog
                    (zapadnjačkog) kapitala koji su mahom nazovimakedonci iz zapadnih zemalja, naročito iz Zemlje
                    Kengura gde je najveći broj Egejaca. Da prisluškivani razgovori nisu plod mašte Zaeva, ili proizvod
                    „stranskih službi“ i da su produkt makedonske UBK kojom je upravljao brat od ujaka „cara“
                    Grujevskog, gore od UDB-e u socijalističkoj Makedoniji, potvrđuju i stranska ekspertiza već
                    objavljena u novinama i bivši radnici republičke DB.
                </comment-text-transliterated>
            </comment>
            <comment comment-id="2-1">
                <comment-parent-id>2</comment-parent-id>
                <comment-text>Грујевски је био у милости американаца док је испуњавао све њихове жеље, да се потпише
                    Охридски споразум, да се амнестирају сви шиптарски терористи и многи од њих уведоше у македонску
                    владу. Захваљујући американцима у Македонији су биле две шиптарске побуне са великим жртвама и
                    разарањима, па када македонци у селу Арачинову снимише гомилу новог америчког оружја, још исте
                    вечери уклонише тај снимак. Македонци разбише те качаке, а од уништења их спасише њихови
                    евроамерички господари. Грујевски је видео да Америка губи примат, па се приближио Русији и уговарао
                    изградњу гасовода кроз Македонију. То га је коштало положЈ, јер ко се пријатељи са руским
                    председником Владимиром Путином, тај мора да оде са власти (Силвио Берлускони јер је уговара0 уносне
                    послове са Путином, изградњу гасовода до Италије). Па Ердоган што је са Путином уговорио трговинску
                    размену од 100 милијарди долара, изградњу нуклеарних централа, гасовода, сарадњу у пољопривреди...
                    Њему приредише неколико турских пролећа.
                </comment-text>
                <comment-text-transliterated>Grujevski je bio u milosti amerikanaca dok je ispunjavao sve njihove želje,
                    da se potpiše Ohridski sporazum, da se amnestiraju svi šiptarski teroristi i mnogi od njih uvedoše u
                    makedonsku vladu. Zahvaljujući amerikancima u Makedoniji su bile dve šiptarske pobune sa velikim
                    žrtvama i razaranjima, pa kada makedonci u selu Aračinovu snimiše gomilu novog američkog oružja, još
                    iste večeri ukloniše taj snimak. Makedonci razbiše te kačake, a od uništenja ih spasiše njihovi
                    evroamerički gospodari. Grujevski je video da Amerika gubi primat, pa se približio Rusiji i ugovarao
                    izgradnju gasovoda kroz Makedoniju. To ga je koštalo položJ, jer ko se prijatelji sa ruskim
                    predsednikom Vladimirom Putinom, taj mora da ode sa vlasti (Silvio Berluskoni jer je ugovara0 unosne
                    poslove sa Putinom, izgradnju gasovoda do Italije). Pa Erdogan što je sa Putinom ugovorio trgovinsku
                    razmenu od 100 milijardi dolara, izgradnju nuklearnih centrala, gasovoda, saradnju u
                    poljoprivredi... Njemu prirediše nekoliko turskih proleća.
                </comment-text-transliterated>
            </comment>
            <comment comment-id="3">
                <comment-parent-id/>
                <comment-text>Nikakvo pribliznavanje nece doci medju Slavjanskih il Acetovih Makedonaca sa Albancima.
                    Oba identiteta su kao Voda I Ulje ,mozete ih muckati,kad prestanete,da ih muckate odmah se
                    odvoje,bar nek razvod bude bez krvi!
                </comment-text>
                <comment-text-transliterated>Nikakvo pribliznavanje nece doci medju Slavjanskih il Acetovih Makedonaca
                    sa Albancima. Oba identiteta su kao Voda I Ulje ,mozete ih muckati,kad prestanete,da ih muckate
                    odmah se odvoje,bar nek razvod bude bez krvi!
                </comment-text-transliterated>
            </comment>
            <comment comment-id="4">
                <comment-parent-id/>
                <comment-text>Човек дубоко уцењен од ујка Сема, баш исто као и ѓетиќ Мило. И исто као и Мило
                    (Ѓукановиќ), мора да игра као што његов ујак свири.
                </comment-text>
                <comment-text-transliterated>Čovek duboko ucenjen od ujka Sema, baš isto kao i ѓetiќ Milo. I isto kao i
                    Milo (Ѓukanoviќ), mora da igra kao što njegov ujak sviri.
                </comment-text-transliterated>
            </comment>
            <comment comment-id="5">
                <comment-parent-id/>
                <comment-text>Македонци су громогласно ћутали на прогон српског владике и монаштва. Још гласније су
                    ћутали приликом признавања Косова. Кажу да желе у ОТАН. У тренутним пресипањима Србија може да буде
                    учесник само након договора свих околних земаља око заједничке акције против ширења велике Албаније,
                    а након званичног позива из Македоније. Све дотле, ни једна српска глава не сме да падне због
                    њихових проблема.
                </comment-text>
                <comment-text-transliterated>Makedonci su gromoglasno ćutali na progon srpskog vladike i monaštva. Još
                    glasnije su ćutali prilikom priznavanja Kosova. Kažu da žele u OTAN. U trenutnim presipanjima Srbija
                    može da bude učesnik samo nakon dogovora svih okolnih zemalja oko zajedničke akcije protiv širenja
                    velike Albanije, a nakon zvaničnog poziva iz Makedonije. Sve dotle, ni jedna srpska glava ne sme da
                    padne zbog njihovih problema.
                </comment-text-transliterated>
            </comment>
            <comment comment-id="6">
                <comment-parent-id/>
                <comment-text>Zelim Makedoniji srece i mira ali bojim se da svaka koalicija na koju su Makedonci
                    prinudjeni prosto demografijom sa Albancima vodi u nestabilnost i ono sto je njihov konacni cilj
                    Velika Albanije. Sto se tice Zajeva on je energican politicar sa zavidnim politickim stazom ali i
                    covek SAD a koji ce voditi pro americku a ne pro makedonsku politiku. Makedoniju vodi u NATO a to je
                    precica za EU zar ne....
                </comment-text>
                <comment-text-transliterated>Zelim Makedoniji srece i mira ali bojim se da svaka koalicija na koju su
                    Makedonci prinudjeni prosto demografijom sa Albancima vodi u nestabilnost i ono sto je njihov
                    konacni cilj Velika Albanije. Sto se tice Zajeva on je energican politicar sa zavidnim politickim
                    stazom ali i covek SAD a koji ce voditi pro americku a ne pro makedonsku politiku. Makedoniju vodi u
                    NATO a to je precica za EU zar ne....
                </comment-text-transliterated>
            </comment>
            <comment comment-id="6-1">
                <comment-parent-id>6</comment-parent-id>
                <comment-text>Albanci su pre svega manjina u Makedoniji, ali u sustini su skoro pa jednaki sa
                    makedoncima.Projekat koji su zapoceli EU i Amerika pre dvadesetak godina se uspesno nastavlja.Na
                    skoro svim izbornim ciklusima kada je SDSM pobedjivao prava albanske manjine su konstantno rasla i
                    najcesce posredstvom i pritskom EU i Amerike ta njihova prava zavrsavali su implementacijom u
                    Ustavu.VMRO je nakon toga hteo ili ne morao postovati svaku novonastalu situaciju.Svako skretanje sa
                    tog kursa rezultirao je destabilizacijom u vidu nametnutog rata u 2001 i Ohridskog sporazuma, i sada
                    Divo naselje sa Przinskim dogovorom.I uvek nakon takvih konflikta i sporazuma SDSM dolazi na
                    vlast.Po svemu sudeci cena ulaska u EU ovog dela regiona je obavezna orijentacija ka NATO-u i
                    resavanje "albanskog pitanja"u tim zemljama,stvaranjem Vlade po njihovom ukusu.Pocelo je Kosovom,
                    nastavlja se federalizacijom Makedonije, a zavrsice se Velikom Albanijom.Dali to odgovara
                    makedoncima, srbima i ostalima...pa i nije bitno!!!
                </comment-text>
                <comment-text-transliterated>Albanci su pre svega manjina u Makedoniji, ali u sustini su skoro pa
                    jednaki sa makedoncima.Projekat koji su zapoceli EU i Amerika pre dvadesetak godina se uspesno
                    nastavlja.Na skoro svim izbornim ciklusima kada je SDSM pobedjivao prava albanske manjine su
                    konstantno rasla i najcesce posredstvom i pritskom EU i Amerike ta njihova prava zavrsavali su
                    implementacijom u Ustavu.VMRO je nakon toga hteo ili ne morao postovati svaku novonastalu
                    situaciju.Svako skretanje sa tog kursa rezultirao je destabilizacijom u vidu nametnutog rata u 2001
                    i Ohridskog sporazuma, i sada Divo naselje sa Przinskim dogovorom.I uvek nakon takvih konflikta i
                    sporazuma SDSM dolazi na vlast.Po svemu sudeci cena ulaska u EU ovog dela regiona je obavezna
                    orijentacija ka NATO-u i resavanje "albanskog pitanja"u tim zemljama,stvaranjem Vlade po njihovom
                    ukusu.Pocelo je Kosovom, nastavlja se federalizacijom Makedonije, a zavrsice se Velikom
                    Albanijom.Dali to odgovara makedoncima, srbima i ostalima...pa i nije bitno!!!
                </comment-text-transliterated>
            </comment>
            <comment comment-id="7">
                <comment-parent-id/>
                <comment-text>Zaev je nada gradjana Makedonije. Od njega se ocekuje da obnovi rusevinu koji je ostavilo
                    zlostornicko udruzenje na celu sa Gruevskim. Jedanajst godisnja vladavina Gruevskog bice obelezena
                    na najcrnim stranicama makedonske istorije!
                </comment-text>
                <comment-text-transliterated>Zaev je nada gradjana Makedonije. Od njega se ocekuje da obnovi rusevinu
                    koji je ostavilo zlostornicko udruzenje na celu sa Gruevskim. Jedanajst godisnja vladavina Gruevskog
                    bice obelezena na najcrnim stranicama makedonske istorije!
                </comment-text-transliterated>
            </comment>
            <comment comment-id="8">
                <comment-parent-id/>
                <comment-text>подпросечно образовање, никаква посебна знања већа од просечног средњошколца, један у
                    бескрајном низу исконструисаних ликова који се убацују са времена на време!
                </comment-text>
                <comment-text-transliterated>podprosečno obrazovanje, nikakva posebna znanja veća od prosečnog
                    srednjoškolca, jedan u beskrajnom nizu iskonstruisanih likova koji se ubacuju sa vremena na vreme!
                </comment-text-transliterated>
            </comment>
            <comment comment-id="8-1">
                <comment-parent-id>8</comment-parent-id>
                <comment-text>Браво!</comment-text>
                <comment-text-transliterated>Bravo!</comment-text-transliterated>
            </comment>
        </comment-list>
    </comments>
</document>