<?xml version="1.0" encoding="utf-8"?>
<document global-id="sr-01-1100">
	<url>http://www.politika.rs/scc/clanak/333638/%D0%9A%D0%BB%D0%B8%D0%BD%D1%82%D0%BE%D0%BD-%D1%82%D1%80%D0%B5%D0%B1%D0%B0-%D0%B4%D0%B0-%D1%81%D0%B5-%D1%81%D1%82%D0%B8%D0%B4%D0%B8-%D0%BE%D0%BD%D0%BE%D0%B3%D0%B0-%D1%88%D1%82%D0%BE-%D1%98%D0%B5-%D1%80%D0%B5%D0%BA%D0%B0%D0%BE-%D1%83-%D0%A1%D1%80%D0%B5%D0%B1%D1%80%D0%B5%D0%BD%D0%B8%D1%86%D0%B8</url>
	<source-id>sr-01</source-id>
	<local-id>1100</local-id>
	<source-name>Politika</source-name>
	<article>
		<article-title>Клинтон треба да се стиди онога што је рекао у Сребреници</article-title>
		<article-title-transliterated>Klinton treba da se stidi onoga što je rekao u Srebrenici</article-title-transliterated>
		<article-time>2015-07-20</article-time>
		<article-author>Jelena Stevanović</article-author>
		<article-text>Политика коју Лондон и САД воде према Србији у великој мери је одређена потребом да оправдају интервенцију због Косова. Ако бисмо се сада понашали другачије, признали бисмо да је то била грешка, каже Џулијан Харстон, британски дипломата који је каријеру изградио у мировним мисијама широм света и који је за време рата и у послератним годинама службовао у Београду, Загребу и Сарајеву у оквиру мандата УН. Са места помоћника генералног секретара УН отишао је у пензију, због чега се данас осећа слободнијим да говори о догађајима од пре 20 година који су због британске резолуције у СБ УН и напада на премијера Александра Вучића у Поточарима поново узбуркали јавност. Прашина се подигла због отварања докумената у којима се види да су САД, Лондон и Париз одлучили да дозволе улазак трупа Ратка Младића у Сребреницу не обавештавајући холандске трупе које су штитиле муслиманску енклаву. Харстон, који је стигао у мисију УН у Загребу неколико недеља пре покоља у Сребреници, назвао је у ауторском тексту у „Политици” у најмању руку чудним изјаве Холанђана да су остављени на цедилу и да УН нису хтеле да услише њихову молбу за помоћ из ваздуха. Харстон, који живи у Београду, пише да је и тадашњи холандски министар одбране поручивао мисији да не рачуна на те бомбардере. У интервјуу за наш лист додаје да је заузимање територије једна ствар, а убиство 8.000 људи нешто сасвим друго и да нико у Лондону или САД није свесно одлучио да дозволи ово последње:
– Не знам шта људи више желе да чују о Сребреници. Ако хоћете некога да кривите, кривите босанске Србе. Нико није планирао масакр шест месеци унапред, Младић је само искористио околности: мандат УН био је слаб, однос чланова мисије на терену са канцеларијом у Загребу и Њујорку био је јако лош, Насер Орић је ноћу излазио да би убијао Србе и онда би се ујутру вратио на територију где су га штитиле УН, холандски војници нису били за тај посао и лоше су се слагали са локалним муслиманским становништвом. САД су имале информацију, коју им је обезбедио српски обавештајни извор, о томе да се припрема напад и о томе нису обавестиле УН, које су тражиле додатне трупе, али им је СБ рекао „не”.
Да ли је то био геноцид?
Према конвенцији УН о геноциду – да, то јесте био геноцид, али према тој истој конвенцији и убиство само једне особе могло би да се назове геноцидом ако је постојала намера о истребљењу групе. Ја не користим ту реч јер мислим да се њено значење испразнило.
Зашто је онда толико важно да се догађај у Сребреници назове управо тим именом?
А зашто је Србији толико важно да се не назове тако? Могуће је да је то психолошка ствар, да се узима да је масакр много гори када му прикачите „геноцид”.
Да ли је сврха свега тога „етикетирање”?
Ако и јесте, онда у том смислу и треба да буде, јер је у Сребреници заиста намерно убијено више хиљада дечака и мушкараца. Не знам да ли међународна заједница одлучује да ли ће прихватити Србију ако Србија прихвати геноцид. Могуће је да се Србија увек гура корак даље него што она жели.
Како то да је ваша земља написала резолуцију о Сребреници док остаје нема када је реч о геноциду над Јерменима и ономе у Руанди?
Ни ја не схватам британску резолуцију. Уопште ми није јасно шта је била њена сврха. Било је јасно да је Руси никада неће прихватити. То нема везе са тим што их је Србија замолила да то ураде – Руси имају врло јасну политику о том питању.
Није ваљда да Форин офис, за који сте ви радили, није имао никакве политичке мотиве док је састављао тај текст?
Ако мислите на укидање Републике Српске (РС), не знам шта би усвојена резолуција могла да уради у том погледу.
Тешко је бранити ентитет заснован на геноциду.
Али, РС није заснована на геноциду већ на Дејтонском споразуму. Дејтон је направио то чудовиште које зовемо БиХ, пропалу државу у којој ништа не функционише. БиХ је гора сада него што је била у време Дејтона, који је само оснажио националистичке сентименте и легализовао етничко чишћење поделом на ентитете.
Да ли је у реду прослава „Олује”?
Она је у најмању руку неосећајна, а у најгорем – провокативна. Али ту долазимо до политичке подршке коју су Хрвати уживали. Док за независност имају да захвале Немцима, дотле за „Олују” имају да захвале САД.
Чији председник из тог времена, Бил Клинтон, поводом каменовања Вучића у Сребреници каже да до напада вероватно не би дошло да је премијер дошао мало касније. Како то коментаришете?
Клинтон треба да се стиди онога шта је рекао. Кад је требало да Вучић дође, када све буде готово? А зашто би онда уопште долазио? Био је то добар Вучићев гест, а о његовом боравку тамо требало је да брину домаћини, а не Клинтон. Он се у Сребреници похвалио да су му Косово и БиХ највећи успеси као председника. Хеј! Две пропале државе! Не желим више да слушам ни њега ни његову супругу која наплаћује 300.000 долара од оних који који желе да чују шта она има да каже.
Али такви говори и резолуција ваше земље, ипак, и даље сведоче о Србима као вечитим негативцима…
Али Срби и јесу били негативци у том рату.
Само они?
Не, наравно, али у грађанском рату најјача страна ради најгоре ствари, а Срби су били најјачи. Ја сам, радећи за УН у Београду, годинама покушавао да представим и српски угао гледања на ствари. Политику према Београду у Форин офису креирају дипломате које су почињале каријеру у време опсаде Сарајева и које још увек доживљавају Србе као лоше момке. Треба времена да се то заборави. Сигурно је да ће се и такав однос према Србији променити.
Каква је будућност региона, може ли доћи до нових сукоба?
Не искључујем конфликт у Македонији. Не верујем да ће доћи до новог сукоба у БиХ и Србији јер мислим да је људима доста ратовања. Ако ХДЗ победи на изборима у Хрватској, Загреб ће вршити притисак да се Херцеговини да јачи глас у БиХ, мада не нужно и хрватски ентитет. У БиХ нешто мора да се промени набоље јер, иако је Ангела Меркел у Сарајеву
казала да је импресионирана напретком у БиХ, истина је да тамо нема никаквог напретка.
Помињете Меркелову која је јако укључена у балканска збивања, док је Британија, чини се, искључена. Да ли је резолуција била начин да Лондон преузме иницијативу?
Ако јесте, онда је тај покушај сасвим пропао. Онда је та резолуција и већа катастрофа него што сам мислио. Британија је изгубила меку моћ, нигде у Београду не видите британске банке, већ искључиво немачке, француске… Дејвид Камерон се не интересује за спољну политику и никада није тамо где се одлучује о Украјини. Тамо су увек Меркелова и Франсоа Оланд. Камерон је добио насловне стране када је казао да је  Путин као Хитлер, али му нико није рекао: „Дајте да видимо како ће та ваша изјава бити доживљена у земљи која је изгубила 26 милиона људи борећи се против Хитлера. Можда то и није тако паметна идеја, немојте то да радите.” Американци су измислили јавну дипломатију, али дипломатија се одиграва „у мраку”. Дипломата сам 50 година и не сећам се да је икада у свету било опасније време, са више проблема, а да су политичари били неспособнији. Немамо државнике. И не знамо ко је премијер Француске, Холандије, немамо људе попут Митерана или Де Гола.
Кажете да НАТО у Русији види егзистенцијалну претњу. Да ли је то параноја?
Пре бих рекао лењост. Алијанси је лакше да има једног, старог непријатеља него многих, правих, озбиљних непријатеља у Авганистану, Ираку, Малију, Јемену. Русија као опасност је глупост. Ко може да поверује у то да Владимир Путин жели уличне борбе у источној Украјини. На крају ћемо имати  Украјину као федерацију, која ће на дуге стазе преговарати о чланству у ЕУ, и која уопште неће преговарати о уласку у НАТО. Крим никада више неће бити део Украјине.
Како оцењујете однос ЕУ према Грчкој?
Понашање ЕУ према Грчкој је шокантно. Немачка је последњих месеци у великој мери упропастила имиџ због начина на који се односила према Грчкој. Имали су добру спољну политику у последњих 25 година, али су сада подстакли антинемачки сентимент у Европи. Кристин Лагард и ММФ казали су да без обзира на то што су Атина и европски кредитори постигли договор, тај дил неће функционисати. У Грчкој ће и после 20 година бити исто тако лоше као и сада.
Шта нам то говори о ЕУ?
Био сам поред конзервативног британског премијера Едварда Хита када је преговарао о уласку Британије у Европску заједницу. Он је био само за заједничко европско тржиште, слободан проток робе, капитала и ако баш мора – радне снаге, али не и за заједничке институције. Нико у Британији није федералиста. Ми не верујемо у заједничке институције ЕУ. Шта ја имам са неким из Литваније? Немам заједнички језик, културу, историју и ниједан Британац неће слушати како му литвански комесар говори шта да ради. Ипак, не бих волео да Британци на референдуму изгласају излазак из ЕУ, за шта постоје велике шансе, јер то не би било добро за нашу економију.
Сматрате да је недавно постигнут договор са Иранцима лош попут оног у Дејтону. Зашто?
Оба су склепана, заснована на оптимизму, а не на реалности. Иранци су добили превише. Нећу да кажем да је то неки нови Минхенски споразум, али није ни далеко од тога. Мада, морам да приметим да су разговори са Техераном били јако чудни – преговарали смо полазећи од тога да Иран не може да има нешто што ми сами, наравно, имамо.</article-text>
		<article-text-transliterated>Politika koju London i SAD vode prema Srbiji u velikoj meri je određena potrebom da opravdaju intervenciju zbog Kosova. Ako bismo se sada ponašali drugačije, priznali bismo da je to bila greška, kaže Džulijan Harston, britanski diplomata koji je karijeru izgradio u mirovnim misijama širom sveta i koji je za vreme rata i u posleratnim godinama službovao u Beogradu, Zagrebu i Sarajevu u okviru mandata UN. Sa mesta pomoćnika generalnog sekretara UN otišao je u penziju, zbog čega se danas oseća slobodnijim da govori o događajima od pre 20 godina koji su zbog britanske rezolucije u SB UN i napada na premijera Aleksandra Vučića u Potočarima ponovo uzburkali javnost. Prašina se podigla zbog otvaranja dokumenata u kojima se vidi da su SAD, London i Pariz odlučili da dozvole ulazak trupa Ratka Mladića u Srebrenicu ne obaveštavajući holandske trupe koje su štitile muslimansku enklavu. Harston, koji je stigao u misiju UN u Zagrebu nekoliko nedelja pre pokolja u Srebrenici, nazvao je u autorskom tekstu u „Politici” u najmanju ruku čudnim izjave Holanđana da su ostavljeni na cedilu i da UN nisu htele da usliše njihovu molbu za pomoć iz vazduha. Harston, koji živi u Beogradu, piše da je i tadašnji holandski ministar odbrane poručivao misiji da ne računa na te bombardere. U intervjuu za naš list dodaje da je zauzimanje teritorije jedna stvar, a ubistvo 8.000 ljudi nešto sasvim drugo i da niko u Londonu ili SAD nije svesno odlučio da dozvoli ovo poslednje:
– Ne znam šta ljudi više žele da čuju o Srebrenici. Ako hoćete nekoga da krivite, krivite bosanske Srbe. Niko nije planirao masakr šest meseci unapred, Mladić je samo iskoristio okolnosti: mandat UN bio je slab, odnos članova misije na terenu sa kancelarijom u Zagrebu i Njujorku bio je jako loš, Naser Orić je noću izlazio da bi ubijao Srbe i onda bi se ujutru vratio na teritoriju gde su ga štitile UN, holandski vojnici nisu bili za taj posao i loše su se slagali sa lokalnim muslimanskim stanovništvom. SAD su imale informaciju, koju im je obezbedio srpski obaveštajni izvor, o tome da se priprema napad i o tome nisu obavestile UN, koje su tražile dodatne trupe, ali im je SB rekao „ne”.
Da li je to bio genocid?
Prema konvenciji UN o genocidu – da, to jeste bio genocid, ali prema toj istoj konvenciji i ubistvo samo jedne osobe moglo bi da se nazove genocidom ako je postojala namera o istrebljenju grupe. Ja ne koristim tu reč jer mislim da se njeno značenje ispraznilo.
Zašto je onda toliko važno da se događaj u Srebrenici nazove upravo tim imenom?
A zašto je Srbiji toliko važno da se ne nazove tako? Moguće je da je to psihološka stvar, da se uzima da je masakr mnogo gori kada mu prikačite „genocid”.
Da li je svrha svega toga „etiketiranje”?
Ako i jeste, onda u tom smislu i treba da bude, jer je u Srebrenici zaista namerno ubijeno više hiljada dečaka i muškaraca. Ne znam da li međunarodna zajednica odlučuje da li će prihvatiti Srbiju ako Srbija prihvati genocid. Moguće je da se Srbija uvek gura korak dalje nego što ona želi.
Kako to da je vaša zemlja napisala rezoluciju o Srebrenici dok ostaje nema kada je reč o genocidu nad Jermenima i onome u Ruandi?
Ni ja ne shvatam britansku rezoluciju. Uopšte mi nije jasno šta je bila njena svrha. Bilo je jasno da je Rusi nikada neće prihvatiti. To nema veze sa tim što ih je Srbija zamolila da to urade – Rusi imaju vrlo jasnu politiku o tom pitanju.
Nije valjda da Forin ofis, za koji ste vi radili, nije imao nikakve političke motive dok je sastavljao taj tekst?
Ako mislite na ukidanje Republike Srpske (RS), ne znam šta bi usvojena rezolucija mogla da uradi u tom pogledu.
Teško je braniti entitet zasnovan na genocidu.
Ali, RS nije zasnovana na genocidu već na Dejtonskom sporazumu. Dejton je napravio to čudovište koje zovemo BiH, propalu državu u kojoj ništa ne funkcioniše. BiH je gora sada nego što je bila u vreme Dejtona, koji je samo osnažio nacionalističke sentimente i legalizovao etničko čišćenje podelom na entitete.
Da li je u redu proslava „Oluje”?
Ona je u najmanju ruku neosećajna, a u najgorem – provokativna. Ali tu dolazimo do političke podrške koju su Hrvati uživali. Dok za nezavisnost imaju da zahvale Nemcima, dotle za „Oluju” imaju da zahvale SAD.
Čiji predsednik iz tog vremena, Bil Klinton, povodom kamenovanja Vučića u Srebrenici kaže da do napada verovatno ne bi došlo da je premijer došao malo kasnije. Kako to komentarišete?
Klinton treba da se stidi onoga šta je rekao. Kad je trebalo da Vučić dođe, kada sve bude gotovo? A zašto bi onda uopšte dolazio? Bio je to dobar Vučićev gest, a o njegovom boravku tamo trebalo je da brinu domaćini, a ne Klinton. On se u Srebrenici pohvalio da su mu Kosovo i BiH najveći uspesi kao predsednika. Hej! Dve propale države! Ne želim više da slušam ni njega ni njegovu suprugu koja naplaćuje 300.000 dolara od onih koji koji žele da čuju šta ona ima da kaže.
Ali takvi govori i rezolucija vaše zemlje, ipak, i dalje svedoče o Srbima kao večitim negativcima…
Ali Srbi i jesu bili negativci u tom ratu.
Samo oni?
Ne, naravno, ali u građanskom ratu najjača strana radi najgore stvari, a Srbi su bili najjači. Ja sam, radeći za UN u Beogradu, godinama pokušavao da predstavim i srpski ugao gledanja na stvari. Politiku prema Beogradu u Forin ofisu kreiraju diplomate koje su počinjale karijeru u vreme opsade Sarajeva i koje još uvek doživljavaju Srbe kao loše momke. Treba vremena da se to zaboravi. Sigurno je da će se i takav odnos prema Srbiji promeniti.
Kakva je budućnost regiona, može li doći do novih sukoba?
Ne isključujem konflikt u Makedoniji. Ne verujem da će doći do novog sukoba u BiH i Srbiji jer mislim da je ljudima dosta ratovanja. Ako HDZ pobedi na izborima u Hrvatskoj, Zagreb će vršiti pritisak da se Hercegovini da jači glas u BiH, mada ne nužno i hrvatski entitet. U BiH nešto mora da se promeni nabolje jer, iako je Angela Merkel u Sarajevu
kazala da je impresionirana napretkom u BiH, istina je da tamo nema nikakvog napretka.
Pominjete Merkelovu koja je jako uključena u balkanska zbivanja, dok je Britanija, čini se, isključena. Da li je rezolucija bila način da London preuzme inicijativu?
Ako jeste, onda je taj pokušaj sasvim propao. Onda je ta rezolucija i veća katastrofa nego što sam mislio. Britanija je izgubila meku moć, nigde u Beogradu ne vidite britanske banke, već isključivo nemačke, francuske… Dejvid Kameron se ne interesuje za spoljnu politiku i nikada nije tamo gde se odlučuje o Ukrajini. Tamo su uvek Merkelova i Fransoa Oland. Kameron je dobio naslovne strane kada je kazao da je  Putin kao Hitler, ali mu niko nije rekao: „Dajte da vidimo kako će ta vaša izjava biti doživljena u zemlji koja je izgubila 26 miliona ljudi boreći se protiv Hitlera. Možda to i nije tako pametna ideja, nemojte to da radite.” Amerikanci su izmislili javnu diplomatiju, ali diplomatija se odigrava „u mraku”. Diplomata sam 50 godina i ne sećam se da je ikada u svetu bilo opasnije vreme, sa više problema, a da su političari bili nesposobniji. Nemamo državnike. I ne znamo ko je premijer Francuske, Holandije, nemamo ljude poput Miterana ili De Gola.
Kažete da NATO u Rusiji vidi egzistencijalnu pretnju. Da li je to paranoja?
Pre bih rekao lenjost. Alijansi je lakše da ima jednog, starog neprijatelja nego mnogih, pravih, ozbiljnih neprijatelja u Avganistanu, Iraku, Maliju, Jemenu. Rusija kao opasnost je glupost. Ko može da poveruje u to da Vladimir Putin želi ulične borbe u istočnoj Ukrajini. Na kraju ćemo imati  Ukrajinu kao federaciju, koja će na duge staze pregovarati o članstvu u EU, i koja uopšte neće pregovarati o ulasku u NATO. Krim nikada više neće biti deo Ukrajine.
Kako ocenjujete odnos EU prema Grčkoj?
Ponašanje EU prema Grčkoj je šokantno. Nemačka je poslednjih meseci u velikoj meri upropastila imidž zbog načina na koji se odnosila prema Grčkoj. Imali su dobru spoljnu politiku u poslednjih 25 godina, ali su sada podstakli antinemački sentiment u Evropi. Kristin Lagard i MMF kazali su da bez obzira na to što su Atina i evropski kreditori postigli dogovor, taj dil neće funkcionisati. U Grčkoj će i posle 20 godina biti isto tako loše kao i sada.
Šta nam to govori o EU?
Bio sam pored konzervativnog britanskog premijera Edvarda Hita kada je pregovarao o ulasku Britanije u Evropsku zajednicu. On je bio samo za zajedničko evropsko tržište, slobodan protok robe, kapitala i ako baš mora – radne snage, ali ne i za zajedničke institucije. Niko u Britaniji nije federalista. Mi ne verujemo u zajedničke institucije EU. Šta ja imam sa nekim iz Litvanije? Nemam zajednički jezik, kulturu, istoriju i nijedan Britanac neće slušati kako mu litvanski komesar govori šta da radi. Ipak, ne bih voleo da Britanci na referendumu izglasaju izlazak iz EU, za šta postoje velike šanse, jer to ne bi bilo dobro za našu ekonomiju.
Smatrate da je nedavno postignut dogovor sa Irancima loš poput onog u Dejtonu. Zašto?
Oba su sklepana, zasnovana na optimizmu, a ne na realnosti. Iranci su dobili previše. Neću da kažem da je to neki novi Minhenski sporazum, ali nije ni daleko od toga. Mada, moram da primetim da su razgovori sa Teheranom bili jako čudni – pregovarali smo polazeći od toga da Iran ne može da ima nešto što mi sami, naravno, imamo.</article-text-transliterated>
	</article>
	<comments>
		<comments-count>34</comments-count>
		<comments-list>
			<comment comment-id="1">
				<comment-parent-id/>
				<comment-text>Klinton je za vreme``Srebrenice`` i gradjanskih ratova u Jugoslaviji bio najmocniji ucesnih na svetu!!!
 Mocniji od UN i svih vojski na tlu bivse zemlje!Mocniji i od Nato-a samog!A sigurno mocniji od gospodina Harstona.Na koga ne bi trebalo da se ljutimo i svoj opravdani gnev i jad ispoljavamo.Jer on samo hoce da kaze da bi se Klinton trebalo stideti svojih huskaskih izjava u Srebrenici!Ovaj moderni Kaligula je ustvari samo dosao na mesto zlocina da jos jednom uziva i to naplati!Za njega je ovj deo sveta spoj ugodnog sa korisnim!
  Klinton je ratni zlocinac koji je direktno upleten u zbivanja,postrekivanja i mesanja oko rata u bivsoj JU!Klinton je i direktni zapovednik zlocinackih radnji i to bas u Srebrenici.Koja je njegova poenta.Vrhunac njegove politicke i istorijske poruke covecanstvu! Koje se dalje kao takvo prenelo(u vidu izoblicenog ogledala) i na KIM!
 Nema pomirenja medju Narodima bivse Jugoslavie,sve dok Klinton javno ne objavi svoju ulogu u ovoj klanici!
 Mrtvi ga izdrzavaju!!!</comment-text>
				<comment-text-transliterated>Klinton je za vreme``Srebrenice`` i gradjanskih ratova u Jugoslaviji bio najmocniji ucesnih na svetu!!!
 Mocniji od UN i svih vojski na tlu bivse zemlje!Mocniji i od Nato-a samog!A sigurno mocniji od gospodina Harstona.Na koga ne bi trebalo da se ljutimo i svoj opravdani gnev i jad ispoljavamo.Jer on samo hoce da kaze da bi se Klinton trebalo stideti svojih huskaskih izjava u Srebrenici!Ovaj moderni Kaligula je ustvari samo dosao na mesto zlocina da jos jednom uziva i to naplati!Za njega je ovj deo sveta spoj ugodnog sa korisnim!
  Klinton je ratni zlocinac koji je direktno upleten u zbivanja,postrekivanja i mesanja oko rata u bivsoj JU!Klinton je i direktni zapovednik zlocinackih radnji i to bas u Srebrenici.Koja je njegova poenta.Vrhunac njegove politicke i istorijske poruke covecanstvu! Koje se dalje kao takvo prenelo(u vidu izoblicenog ogledala) i na KIM!
 Nema pomirenja medju Narodima bivse Jugoslavie,sve dok Klinton javno ne objavi svoju ulogu u ovoj klanici!
 Mrtvi ga izdrzavaju!!!</comment-text-transliterated>
			</comment>
			<comment comment-id="2">
				<comment-parent-id/>
				<comment-text>&quot; али у грађанском рату најјача страна ради најгоре ствари&quot; 
 A ovo bi trebalo da bude Sedmi Dzulijanov zakon?
 Mada, kada pomislim na SAD I ENGLESKU ima tu logike</comment-text>
				<comment-text-transliterated>&quot; ali u građanskom ratu najjača strana radi najgore stvari&quot; 
 A ovo bi trebalo da bude Sedmi Dzulijanov zakon?
 Mada, kada pomislim na SAD I ENGLESKU ima tu logike</comment-text-transliterated>
			</comment>
			<comment comment-id="3">
				<comment-parent-id/>
				<comment-text>Kad citam ove komentare, vidim koliko imamo pametnih ljudi.. I to je dovoljno!</comment-text>
				<comment-text-transliterated>Kad citam ove komentare, vidim koliko imamo pametnih ljudi.. I to je dovoljno!</comment-text-transliterated>
			</comment>
			<comment comment-id="4">
				<comment-parent-id/>
				<comment-text>Taj Klinton je bivsa prica.
 
 Sada je problem u USA sto Obama planira povecanje poreza na razne nacine
 a i smanjenja nadoknada stanovnistvu.</comment-text>
				<comment-text-transliterated>Taj Klinton je bivsa prica.
 
 Sada je problem u USA sto Obama planira povecanje poreza na razne nacine
 a i smanjenja nadoknada stanovnistvu.</comment-text-transliterated>
			</comment>
			<comment comment-id="5">
				<comment-parent-id/>
				<comment-text>&quot;...али у грађанском рату најјача страна ради најгоре ствари.&quot; 
 
 Da strane na kojima je bila NATO fašistička organizacija + Interesi zapadnih koropracija. Licemeri britanski...</comment-text>
				<comment-text-transliterated>&quot;...ali u građanskom ratu najjača strana radi najgore stvari.&quot; 
 
 Da strane na kojima je bila NATO fašistička organizacija + Interesi zapadnih koropracija. Licemeri britanski...</comment-text-transliterated>
			</comment>
			<comment comment-id="6">
				<comment-parent-id/>
				<comment-text>Možda ovaj odmereni intervju ukazuje na neku promenu u odnosu prema Srbiji, ali to sad više nije bitno. Takodje, nama uopšte više nije bitno sta o nama misle amerikanci i britanci. Možete da mislite sta hocete. Trebalo bi da postanete svesni da se ni vi ne racunate u pozitivce. To sto je uradjeno sa Libijom i Sirijom je vecna sramota za vaše države.</comment-text>
				<comment-text-transliterated>Možda ovaj odmereni intervju ukazuje na neku promenu u odnosu prema Srbiji, ali to sad više nije bitno. Takodje, nama uopšte više nije bitno sta o nama misle amerikanci i britanci. Možete da mislite sta hocete. Trebalo bi da postanete svesni da se ni vi ne racunate u pozitivce. To sto je uradjeno sa Libijom i Sirijom je vecna sramota za vaše države.</comment-text-transliterated>
			</comment>
			<comment comment-id="7">
				<comment-parent-id/>
				<comment-text>Uvijek mi je bilo zanimljivo kako stran diplomate tek posto  napuste funkcije pocnu da daju smislene odgovore I intervjue...Sto se tice g.Harstona, iako se u mnogo cemu slazem s njim, on i dalje nastupa sa pozicije sile i ne priznaje moralnu i pravnu odgovonost VB za ucesce u ratnim sukobima u bivsoj Jugislaviji kao i NATO bombardovanje... Iako vise nije na funkciji nastavlja da ooravdava arogantnu politiku svoje otadzbine i drzi da su Srbi ipak bili &quot;najlosiji momci&quot; u gradjanskom ratu.. Porucio bih g. Harstonu da je pravda mozda spora, ali dostizna i da ce ove generacije sigurno docekati dan kada VB placati ratnu odstetu za izvrsenu agresiju na SRJ.</comment-text>
				<comment-text-transliterated>Uvijek mi je bilo zanimljivo kako stran diplomate tek posto  napuste funkcije pocnu da daju smislene odgovore I intervjue...Sto se tice g.Harstona, iako se u mnogo cemu slazem s njim, on i dalje nastupa sa pozicije sile i ne priznaje moralnu i pravnu odgovonost VB za ucesce u ratnim sukobima u bivsoj Jugislaviji kao i NATO bombardovanje... Iako vise nije na funkciji nastavlja da ooravdava arogantnu politiku svoje otadzbine i drzi da su Srbi ipak bili &quot;najlosiji momci&quot; u gradjanskom ratu.. Porucio bih g. Harstonu da je pravda mozda spora, ali dostizna i da ce ove generacije sigurno docekati dan kada VB placati ratnu odstetu za izvrsenu agresiju na SRJ.</comment-text-transliterated>
			</comment>
			<comment comment-id="8">
				<comment-parent-id/>
				<comment-text>Срби негативци?
 Интересантне дипломатске тезе износи г.Харстон. 
 
 Његова тврдња: &quot;...али у грађанском рату најјача страна ради најгоре ствари.&quot; Намеће питање - у коју страну убраја учешће НАТО.а у том рату и &quot;навијачка&quot; улога припадника мировних снага УН.
 
 Ко је онда најјача страна?
 
 Маркале су се заборавиле када су доказане као &quot;саморањавање&quot; Бошњака у Сарајеву. 
 
 Када притискају докази да су Срби једнако жртве у грађанском рату као и остали то се потискује реченицом: &quot;Али Срби и јесу били негативци у том рату.&quot;
 
 И када Срби савладају психолошку баријеру геноцида да ли ће се прихватити и да је над истим Србима учињен геноцид? 
 Или то за Србе не важи?
 
 Зар Клинтон треба да се стиди само због изјаве у Сребреници, а не треба да се стиди због свега што је учинио против Балкана у свом мандату?</comment-text>
				<comment-text-transliterated>Srbi negativci?
 Interesantne diplomatske teze iznosi g.Harston. 
 
 Njegova tvrdnja: &quot;...ali u građanskom ratu najjača strana radi najgore stvari.&quot; Nameće pitanje - u koju stranu ubraja učešće NATO.a u tom ratu i &quot;navijačka&quot; uloga pripadnika mirovnih snaga UN.
 
 Ko je onda najjača strana?
 
 Markale su se zaboravile kada su dokazane kao &quot;samoranjavanje&quot; Bošnjaka u Sarajevu. 
 
 Kada pritiskaju dokazi da su Srbi jednako žrtve u građanskom ratu kao i ostali to se potiskuje rečenicom: &quot;Ali Srbi i jesu bili negativci u tom ratu.&quot;
 
 I kada Srbi savladaju psihološku barijeru genocida da li će se prihvatiti i da je nad istim Srbima učinjen genocid? 
 Ili to za Srbe ne važi?
 
 Zar Klinton treba da se stidi samo zbog izjave u Srebrenici, a ne treba da se stidi zbog svega što je učinio protiv Balkana u svom mandatu?</comment-text-transliterated>
			</comment>
			<comment comment-id="9">
				<comment-parent-id/>
				<comment-text>Срби су у Другом свестком рату претрпели геноцид, а о томе се ћути. Нећу рећи да су се Срби понашали  у рату у БиХ онако како би то одговарало интересу Срба.  Интересу Срба је одговарало да поразе противника у што краћем року , без било каквих злочина,  а то је на почетку рата било могуће.  Међутим српски политичари су водили стратегију против интереса Срба, дуг исцрпљујући рат праћен  пљачкама индивидуалним злочинима итд., да би на крају догодила се и Сребреница као потпуно погрешан догађај за српски интерес. Заузети Сребреницу, а потом предати толике српске територије  и још починити злочин да би се као што то народ каже &quot;ставило звоно&quot; на Србе, где је то могао бити срски интерес.  Дакле у рату је вођена антисрпска политика.</comment-text>
				<comment-text-transliterated>Srbi su u Drugom svestkom ratu pretrpeli genocid, a o tome se ćuti. Neću reći da su se Srbi ponašali  u ratu u BiH onako kako bi to odgovaralo interesu Srba.  Interesu Srba je odgovaralo da poraze protivnika u što kraćem roku , bez bilo kakvih zločina,  a to je na početku rata bilo moguće.  Međutim srpski političari su vodili strategiju protiv interesa Srba, dug iscrpljujući rat praćen  pljačkama individualnim zločinima itd., da bi na kraju dogodila se i Srebrenica kao potpuno pogrešan događaj za srpski interes. Zauzeti Srebrenicu, a potom predati tolike srpske teritorije  i još počiniti zločin da bi se kao što to narod kaže &quot;stavilo zvono&quot; na Srbe, gde je to mogao biti srski interes.  Dakle u ratu je vođena antisrpska politika.</comment-text-transliterated>
			</comment>
			<comment comment-id="10">
				<comment-parent-id/>
				<comment-text>Konačno neko ko ima isti stav o događajima kao i ja . Države se oduvek prave ognjem i mačem . Žrtve su neminovnost - Evropa nema nijednu državu zasnovanu na sporazumu , sve su nastajale krvavom borbom . Zato podignimo svoje kriterijume - možda nismo genocidni , ali smo opasni i ne damo svoje . To podrazumeva i naše i žrtve naših neprijatelja .Bez krvavog mastila ne bi bilo papirića tipa D, vašarska atrakcija bez sadržine , samo šarena laža .</comment-text>
				<comment-text-transliterated>Konačno neko ko ima isti stav o događajima kao i ja . Države se oduvek prave ognjem i mačem . Žrtve su neminovnost - Evropa nema nijednu državu zasnovanu na sporazumu , sve su nastajale krvavom borbom . Zato podignimo svoje kriterijume - možda nismo genocidni , ali smo opasni i ne damo svoje . To podrazumeva i naše i žrtve naših neprijatelja .Bez krvavog mastila ne bi bilo papirića tipa D, vašarska atrakcija bez sadržine , samo šarena laža .</comment-text-transliterated>
			</comment>
			<comment comment-id="11">
				<comment-parent-id/>
				<comment-text>Cude me komentatori koji ocekuju neku absolutnu pravdu i istinu ili fer tretman malih naroda od velikih sila, kao da je to nesto novo. Sve je to vec vidjeno bar od starog Egipta, Rima, Persije, ... Samo razlicite nijanse... Previse smo se opustili u idili / utopiji zvanoj SFRJ pa smo zaboravili na stvarnost, cula i instikt otupeli...  Zaboravili da sila boga ne moli, da jaci tabaci i sl. A gospodin cijim izjavama se cudite je odrastao i radio u sredini gde vam se redovno daje na znanje da zivot nije fer, sto je na zalost istinito.</comment-text>
				<comment-text-transliterated>Cude me komentatori koji ocekuju neku absolutnu pravdu i istinu ili fer tretman malih naroda od velikih sila, kao da je to nesto novo. Sve je to vec vidjeno bar od starog Egipta, Rima, Persije, ... Samo razlicite nijanse... Previse smo se opustili u idili / utopiji zvanoj SFRJ pa smo zaboravili na stvarnost, cula i instikt otupeli...  Zaboravili da sila boga ne moli, da jaci tabaci i sl. A gospodin cijim izjavama se cudite je odrastao i radio u sredini gde vam se redovno daje na znanje da zivot nije fer, sto je na zalost istinito.</comment-text-transliterated>
			</comment>
			<comment comment-id="12">
				<comment-parent-id/>
				<comment-text>Овај мисли да смо ми Срби сисали весла. :))</comment-text>
				<comment-text-transliterated>Ovaj misli da smo mi Srbi sisali vesla. :))</comment-text-transliterated>
			</comment>
			<comment comment-id="13">
				<comment-parent-id/>
				<comment-text>Погрешан наслов за суштину текста! Читалац се упеца на наслов, а у тексту чисто убеђивање Харстона да јесмо геноцидна нација. Криви смо, ништа више од других.</comment-text>
				<comment-text-transliterated>Pogrešan naslov za suštinu teksta! Čitalac se upeca na naslov, a u tekstu čisto ubeđivanje Harstona da jesmo genocidna nacija. Krivi smo, ništa više od drugih.</comment-text-transliterated>
			</comment>
			<comment comment-id="14">
				<comment-parent-id/>
				<comment-text>Za razliku od vecine komentatora, meni stavovi bivseg diplomate izgledaju relativno razumni. Od toga da kritikuje pokretanje Britanske rezolucije i Klintonov stav kako pre dvadeset godina tako i sada, preko ukazivanja na detalj da su se Amerikanci i Englezi dogovorili da se Srebrenica prepusti Srpskoj strani i racionalnog stava o Ukrajinskoj krizi, pa do neadekvatnosti definicije genocida koji obuhvata Srebrenicu, a ne i mnogo gore zlocine.</comment-text>
				<comment-text-transliterated>Za razliku od vecine komentatora, meni stavovi bivseg diplomate izgledaju relativno razumni. Od toga da kritikuje pokretanje Britanske rezolucije i Klintonov stav kako pre dvadeset godina tako i sada, preko ukazivanja na detalj da su se Amerikanci i Englezi dogovorili da se Srebrenica prepusti Srpskoj strani i racionalnog stava o Ukrajinskoj krizi, pa do neadekvatnosti definicije genocida koji obuhvata Srebrenicu, a ne i mnogo gore zlocine.</comment-text-transliterated>
			</comment>
			<comment comment-id="15">
				<comment-parent-id/>
				<comment-text>Interesanto je to da niko od ljudi sa zapade ne prica o ulozi zapada za ratove na Balkanu.  Ni Britanija nije bila nevina u tom poslu.  Jos interesantnije je da ih niko od nasih novinara to i ne pita.  Bez tih kljucnih informacija sve ostalo je tralala.</comment-text>
				<comment-text-transliterated>Interesanto je to da niko od ljudi sa zapade ne prica o ulozi zapada za ratove na Balkanu.  Ni Britanija nije bila nevina u tom poslu.  Jos interesantnije je da ih niko od nasih novinara to i ne pita.  Bez tih kljucnih informacija sve ostalo je tralala.</comment-text-transliterated>
			</comment>
			<comment comment-id="16">
				<comment-parent-id/>
				<comment-text>Zabrinut sam ako pomoćnik generalnog sekretara UN-a može da kaže tek posle dvadeset  godina nešto što bi kao istina bilo epitet pobede  u datom vremenu. 
   Evo i ja ću sačuvati tajne i neću ih reći jer nesmem sad.</comment-text>
				<comment-text-transliterated>Zabrinut sam ako pomoćnik generalnog sekretara UN-a može da kaže tek posle dvadeset  godina nešto što bi kao istina bilo epitet pobede  u datom vremenu. 
   Evo i ja ću sačuvati tajne i neću ih reći jer nesmem sad.</comment-text-transliterated>
			</comment>
			<comment comment-id="17">
				<comment-parent-id/>
				<comment-text>Коментари читалаца су изврсни, па да не бих да понављам њихове тврдње. Желим, међутим, да приметим да г. Харстон, намерно или из незнања, прави две грешке. Србе из Босне назива &quot;босански Срби&quot;, што је нетачно, јер не постоје босански, хрватски, косовски, итд, Срби, већ постоји само један народ, Срби, који живе у Босни, Хрватској, Косову, итд.
 Друга грешка је што ратне борбе у Сарајеву описује као &quot;српска опсада Сарајева&quot;, што такође није тачно. Тачно је да су постојале две војске на различитим странама око и у околини Сарајева.</comment-text>
				<comment-text-transliterated>Komentari čitalaca su izvrsni, pa da ne bih da ponavljam njihove tvrdnje. Želim, međutim, da primetim da g. Harston, namerno ili iz neznanja, pravi dve greške. Srbe iz Bosne naziva &quot;bosanski Srbi&quot;, što je netačno, jer ne postoje bosanski, hrvatski, kosovski, itd, Srbi, već postoji samo jedan narod, Srbi, koji žive u Bosni, Hrvatskoj, Kosovu, itd.
 Druga greška je što ratne borbe u Sarajevu opisuje kao &quot;srpska opsada Sarajeva&quot;, što takođe nije tačno. Tačno je da su postojale dve vojske na različitim stranama oko i u okolini Sarajeva.</comment-text-transliterated>
			</comment>
			<comment comment-id="18">
				<comment-parent-id/>
				<comment-text>Zamisljanje amasadora Forin Ofisa i zemlje koja i dalje zamislja da sunce nikada ne zalazi u njihov domovini.
 Nadmena,arogantna i sama sebi dovoljna,Engleska (i njena batina od Amerike) je najveca nesreca ne samo danasnjice,vec i citave istorijske proslosti i ljudskog secanja.
 Nastala na patoloskoj potrebi umisljenog &quot;vodjstva&quot; produkovala je citav niz tehnologija vladanja,potcinjavanja,ugnjetavanja,spijuniranja,ubijanja i sve to u interesu Bakice i njenih podanika.
 Kada se poblize upoznate i sudarite sa istorijskim cinjenicama o ovoj drzavi,njenim vladarima i njenim podanicima - smuci vam se i dodje vam da povratite.
 Pricati o definiciji genocda od podanika ove gnusne tvorevine od drzave,vredja mentalni sklop normalnog bica.
 Vladarska dinastija,njeni politicki uljezi,podanici, imaju toliko hrabrosti da pricaju o tudjim &quot;zlocinima&quot;,da imaju i trunke ljudskosti,stideli bi se stotine milona ljudskih zivota,nesreca i ljudskih patnji koje se zalosno keze sa fasada njihovih prelepih palata.</comment-text>
				<comment-text-transliterated>Zamisljanje amasadora Forin Ofisa i zemlje koja i dalje zamislja da sunce nikada ne zalazi u njihov domovini.
 Nadmena,arogantna i sama sebi dovoljna,Engleska (i njena batina od Amerike) je najveca nesreca ne samo danasnjice,vec i citave istorijske proslosti i ljudskog secanja.
 Nastala na patoloskoj potrebi umisljenog &quot;vodjstva&quot; produkovala je citav niz tehnologija vladanja,potcinjavanja,ugnjetavanja,spijuniranja,ubijanja i sve to u interesu Bakice i njenih podanika.
 Kada se poblize upoznate i sudarite sa istorijskim cinjenicama o ovoj drzavi,njenim vladarima i njenim podanicima - smuci vam se i dodje vam da povratite.
 Pricati o definiciji genocda od podanika ove gnusne tvorevine od drzave,vredja mentalni sklop normalnog bica.
 Vladarska dinastija,njeni politicki uljezi,podanici, imaju toliko hrabrosti da pricaju o tudjim &quot;zlocinima&quot;,da imaju i trunke ljudskosti,stideli bi se stotine milona ljudskih zivota,nesreca i ljudskih patnji koje se zalosno keze sa fasada njihovih prelepih palata.</comment-text-transliterated>
			</comment>
			<comment comment-id="19">
				<comment-parent-id/>
				<comment-text>Intervju nam jos jednom potvrdjuje da nama  mesto u EU nije. Srbija naravno treba da nastavi sa reformama i da razvije najbolju mogucu saradnju sa EU kao i ostatkom sveta ali OBAVEZNO da ostane neutralna i nikako clanica bilo kakvih saveza kao vojnih tako i politicko-ekonomskih . Saradnja sa svima DA ali  savezi ni sa kim,  apsoliutna neutralnost to mora da bude nas moto, strategija i cilj. Mi smo isuvise mali da bi nas i nase interes u bilo kakvom savezu neko uvazavao . Jednostavno ulaskom u neke saveze mi bi se  samo dobrovoljno odrekli  svog suvereniteta i slobode a za uzvrat nista nebi smo dobili , bili bi najobicnija kolonija u duznickom ropstvu .Iz tog saveza mogli bi jedino istupiti oruzanom borbom protiv  saveza u oslobodilackom ratu. Dali nam je to potrebno ?Naravno ne !!!  EU je propao projekat to ce biti drfinitivno jasno i eurofilima  za najduze 10 godina.</comment-text>
				<comment-text-transliterated>Intervju nam jos jednom potvrdjuje da nama  mesto u EU nije. Srbija naravno treba da nastavi sa reformama i da razvije najbolju mogucu saradnju sa EU kao i ostatkom sveta ali OBAVEZNO da ostane neutralna i nikako clanica bilo kakvih saveza kao vojnih tako i politicko-ekonomskih . Saradnja sa svima DA ali  savezi ni sa kim,  apsoliutna neutralnost to mora da bude nas moto, strategija i cilj. Mi smo isuvise mali da bi nas i nase interes u bilo kakvom savezu neko uvazavao . Jednostavno ulaskom u neke saveze mi bi se  samo dobrovoljno odrekli  svog suvereniteta i slobode a za uzvrat nista nebi smo dobili , bili bi najobicnija kolonija u duznickom ropstvu .Iz tog saveza mogli bi jedino istupiti oruzanom borbom protiv  saveza u oslobodilackom ratu. Dali nam je to potrebno ?Naravno ne !!!  EU je propao projekat to ce biti drfinitivno jasno i eurofilima  za najduze 10 godina.</comment-text-transliterated>
			</comment>
			<comment comment-id="20">
				<comment-parent-id/>
				<comment-text>'А зашто је Србији толико важно да се не назове тако?'
 
 Zato sto to nije istina.</comment-text>
				<comment-text-transliterated>'A zašto je Srbiji toliko važno da se ne nazove tako?'
 
 Zato sto to nije istina.</comment-text-transliterated>
			</comment>
			<comment comment-id="21">
				<comment-parent-id/>
				<comment-text>Iz cele situacije , gospodar Vucic je izasao kao potpuni moralni i politicki pobednik.</comment-text>
				<comment-text-transliterated>Iz cele situacije , gospodar Vucic je izasao kao potpuni moralni i politicki pobednik.</comment-text-transliterated>
			</comment>
			<comment comment-id="22">
				<comment-parent-id/>
				<comment-text>Зашто убиство 800000 људи у Руанди није геноцид.
 Или бонбардовање Хирошиме?
 Или убиство Мексиканца у згради у којој су сви Американци?
 Бесмислено је називати геноцидом злочин у Сребреници. 
 Онда би на хиљаде масакара добило епитет геноцид а ту свакако предњаче опет Американци (Индијанци), Шпанци и Немци. Геноцид је холокауст, оно што су Немци радили Јврејима и Хрвати Србима у 2. светском рату и Турци Јерменима. Остало је пропаганда.</comment-text>
				<comment-text-transliterated>Zašto ubistvo 800000 ljudi u Ruandi nije genocid.
 Ili bonbardovanje Hirošime?
 Ili ubistvo Meksikanca u zgradi u kojoj su svi Amerikanci?
 Besmisleno je nazivati genocidom zločin u Srebrenici. 
 Onda bi na hiljade masakara dobilo epitet genocid a tu svakako prednjače opet Amerikanci (Indijanci), Španci i Nemci. Genocid je holokaust, ono što su Nemci radili Jvrejima i Hrvati Srbima u 2. svetskom ratu i Turci Jermenima. Ostalo je propaganda.</comment-text-transliterated>
			</comment>
			<comment comment-id="23">
				<comment-parent-id/>
				<comment-text>ШТа ја имам са неким из Литваније? Исто што би имао и сутра са неким из Србије! Коме није јасно?</comment-text>
				<comment-text-transliterated>ŠTa ja imam sa nekim iz Litvanije? Isto što bi imao i sutra sa nekim iz Srbije! Kome nije jasno?</comment-text-transliterated>
			</comment>
			<comment comment-id="24">
				<comment-parent-id/>
				<comment-text>Obzirom na Tonija Blera, sve su kombinacije otvorene....</comment-text>
				<comment-text-transliterated>Obzirom na Tonija Blera, sve su kombinacije otvorene....</comment-text-transliterated>
			</comment>
			<comment comment-id="25">
				<comment-parent-id/>
				<comment-text>Ambasador UK u UN Rajkroft, bio je pre postavljanja na tu funkciju glavni operativni sluzbenik Forin ofisa. Veoma visoka pozicija, koja je, pretpostavljam , zasluzena mestom privatnog sekretara za spoljne poslove od 2002 , tadasnjeg premijera, Tonija Blera. Mesto amabasadora u Bosni i Hercegovini mozemo da posmatramo samo kao usputnu epizodu u karijeri.</comment-text>
				<comment-text-transliterated>Ambasador UK u UN Rajkroft, bio je pre postavljanja na tu funkciju glavni operativni sluzbenik Forin ofisa. Veoma visoka pozicija, koja je, pretpostavljam , zasluzena mestom privatnog sekretara za spoljne poslove od 2002 , tadasnjeg premijera, Tonija Blera. Mesto amabasadora u Bosni i Hercegovini mozemo da posmatramo samo kao usputnu epizodu u karijeri.</comment-text-transliterated>
			</comment>
			<comment comment-id="26">
				<comment-parent-id/>
				<comment-text>Druga TEMA je da ZAPAD svesno koristi medijski prostor za SVOJE interese.Rezolucija u UN i sve ove mnogobrojne izjave,ne skidaju ovu temu,uz bakrot Grcke cak  i  iz nasih  medija.KADA zapad ne zeli da se o necemu govori,TEMA se izbrise i BRZO zaboravi.Tako je americko bombardovanje Vijetnama ili  Avganistana ili cak atomska bomba,dobila potpuno drugu medijsku prezentaciju.GEJ parada,PRAJD,je glavna tema,a izbeglice sporedna.&quot;Politika &quot;treba da prestane da o Srebrenici toliko pise i polemise.DA ZAISTA vole te ljude,muslimane i njihove porodice,zapad bi donirao faberike io otvorio radna mesta,ili donirao novac,a ne dizao BUKU u medijima!ZAR treba pustiti pristrasne strucnjake ,na primer  gdina Servera iz SAD, da nam pere mozak americkom propagandom?NE mogu stranci da poznaju Balkan bolje od stanovnika, i ruzno  da  se gdin Klinton  bavi svojom  velikom drzavom,vec okupacijom i GLOBALIZACIJOM planete.NEKA pocne od rasizma u SAD,a ne od Srebrenice!ZAR zaista  nema i  drugih tema?</comment-text>
				<comment-text-transliterated>Druga TEMA je da ZAPAD svesno koristi medijski prostor za SVOJE interese.Rezolucija u UN i sve ove mnogobrojne izjave,ne skidaju ovu temu,uz bakrot Grcke cak  i  iz nasih  medija.KADA zapad ne zeli da se o necemu govori,TEMA se izbrise i BRZO zaboravi.Tako je americko bombardovanje Vijetnama ili  Avganistana ili cak atomska bomba,dobila potpuno drugu medijsku prezentaciju.GEJ parada,PRAJD,je glavna tema,a izbeglice sporedna.&quot;Politika &quot;treba da prestane da o Srebrenici toliko pise i polemise.DA ZAISTA vole te ljude,muslimane i njihove porodice,zapad bi donirao faberike io otvorio radna mesta,ili donirao novac,a ne dizao BUKU u medijima!ZAR treba pustiti pristrasne strucnjake ,na primer  gdina Servera iz SAD, da nam pere mozak americkom propagandom?NE mogu stranci da poznaju Balkan bolje od stanovnika, i ruzno  da  se gdin Klinton  bavi svojom  velikom drzavom,vec okupacijom i GLOBALIZACIJOM planete.NEKA pocne od rasizma u SAD,a ne od Srebrenice!ZAR zaista  nema i  drugih tema?</comment-text-transliterated>
			</comment>
			<comment comment-id="27">
				<comment-parent-id/>
				<comment-text>Ove zapadne bivse i sadasnje diplomate su se tacno pretplatili na medije sa prostora exYU pa tako i na ''Politiku'', sve vrvi od njihovih lukavih i podlih izjava upakovanih u ''pomirljive'' tonove. Ovog smo citali i prije par dana u vezi ''Srebrenice''.</comment-text>
				<comment-text-transliterated>Ove zapadne bivse i sadasnje diplomate su se tacno pretplatili na medije sa prostora exYU pa tako i na ''Politiku'', sve vrvi od njihovih lukavih i podlih izjava upakovanih u ''pomirljive'' tonove. Ovog smo citali i prije par dana u vezi ''Srebrenice''.</comment-text-transliterated>
			</comment>
			<comment comment-id="28">
				<comment-parent-id/>
				<comment-text>Значи, Срби су били јачи, па су по дифолту - криви. Да смо пустили да нас потамане усташе као у оба светска рата, били би смо - прави. А то што су јачи - њих 18 удружено, па и држава дотичног - бомбардовали Србију осиромашеним уранијумом, то њих не чини - кривим? Или ја нешто погрешно разумем?
 Е да, како то - у Србији нема енглеских банака? А то што је Национална банка Енглеске већински власник Федералних резерви и што практично држи под контролом и немачке и француске банке, то се не рачуна? Па јесте, овако се не види... што и јесте циљ.
 Енглеска посла...</comment-text>
				<comment-text-transliterated>Znači, Srbi su bili jači, pa su po difoltu - krivi. Da smo pustili da nas potamane ustaše kao u oba svetska rata, bili bi smo - pravi. A to što su jači - njih 18 udruženo, pa i država dotičnog - bombardovali Srbiju osiromašenim uranijumom, to njih ne čini - krivim? Ili ja nešto pogrešno razumem?
 E da, kako to - u Srbiji nema engleskih banaka? A to što je Nacionalna banka Engleske većinski vlasnik Federalnih rezervi i što praktično drži pod kontrolom i nemačke i francuske banke, to se ne računa? Pa jeste, ovako se ne vidi... što i jeste cilj.
 Engleska posla...</comment-text-transliterated>
			</comment>
			<comment comment-id="29">
				<comment-parent-id/>
				<comment-text>Iz teksta se ne vidi, da li je g. Harston bio pomoćnik genseka UN, u vreme srebreničkih zbivanja. Ako jeste, kakvo opravdanje ima za sebe lično, i svoje saradnike, zbog dozvoljavanja N.Oriću, da iz &quot;demilitarizovane&quot; Srebrenice izlazi, i 3 godine, uništava i ubija sve srpsko u okolini, i da se, mirno, vraća pod okrilje UN; zbog zatvaranja očiju pred američkim (preko Hrvatske) isporukama oružja muslimanima, u vreme UN embarga? Pa su, posle, Srbi krivi za sve. Ameri i Englezi su, kao (bolje da ne napišem, šta)..kršili sve moguće pravne, ljudske, moralne, civilizacijske norme, i od njih se drugo nije ni očekivalo, ali zašto su se UN pravile, toliko, &quot;lude&quot;?</comment-text>
				<comment-text-transliterated>Iz teksta se ne vidi, da li je g. Harston bio pomoćnik genseka UN, u vreme srebreničkih zbivanja. Ako jeste, kakvo opravdanje ima za sebe lično, i svoje saradnike, zbog dozvoljavanja N.Oriću, da iz &quot;demilitarizovane&quot; Srebrenice izlazi, i 3 godine, uništava i ubija sve srpsko u okolini, i da se, mirno, vraća pod okrilje UN; zbog zatvaranja očiju pred američkim (preko Hrvatske) isporukama oružja muslimanima, u vreme UN embarga? Pa su, posle, Srbi krivi za sve. Ameri i Englezi su, kao (bolje da ne napišem, šta)..kršili sve moguće pravne, ljudske, moralne, civilizacijske norme, i od njih se drugo nije ni očekivalo, ali zašto su se UN pravile, toliko, &quot;lude&quot;?</comment-text-transliterated>
			</comment>
			<comment comment-id="30">
				<comment-parent-id/>
				<comment-text>Naravno, i uvek treba da budu negativci kad ih neko/neki napadaju.
 Pa ce tokom vremena ti isti neki da nauče da se nemože na Srbe kako se njima ćeifne!</comment-text>
				<comment-text-transliterated>Naravno, i uvek treba da budu negativci kad ih neko/neki napadaju.
 Pa ce tokom vremena ti isti neki da nauče da se nemože na Srbe kako se njima ćeifne!</comment-text-transliterated>
			</comment>
			<comment comment-id="31">
				<comment-parent-id/>
				<comment-text>Svi zapadni bivši činovnici imaju manu da im posle službovanja u FAKTIČKOM nanošenju štete po svetu &quot;naprasno&quot; prorade savest i &quot;naknadna pamet&quot; te VERBALNO, dakle nesuštinski izigravaju dobru vilu. Dotični je Britanac. Gle, &quot;slučajno&quot;!</comment-text>
				<comment-text-transliterated>Svi zapadni bivši činovnici imaju manu da im posle službovanja u FAKTIČKOM nanošenju štete po svetu &quot;naprasno&quot; prorade savest i &quot;naknadna pamet&quot; te VERBALNO, dakle nesuštinski izigravaju dobru vilu. Dotični je Britanac. Gle, &quot;slučajno&quot;!</comment-text-transliterated>
			</comment>
			<comment comment-id="32">
				<comment-parent-id/>
				<comment-text>... ovi sa zapada sto nas kao brane su jos gori od ovih sto nas napadaju - i po njima smo mi izvrsili genocid - ali nam to ne ubacuje u svest - nego na mala vrata - u podsvest - fala bogu - visperan smo narod - pa ni jedni ni drugi nece uspeti u svom podmukloj nakani...</comment-text>
				<comment-text-transliterated>... ovi sa zapada sto nas kao brane su jos gori od ovih sto nas napadaju - i po njima smo mi izvrsili genocid - ali nam to ne ubacuje u svest - nego na mala vrata - u podsvest - fala bogu - visperan smo narod - pa ni jedni ni drugi nece uspeti u svom podmukloj nakani...</comment-text-transliterated>
			</comment>
			<comment comment-id="33">
				<comment-parent-id/>
				<comment-text>Срби негативци, Српска-геноцидна творевина... Као да слушам Алију Изетбеговића. Господине Харстон, да сте били 1992. Србин у Босни, гдје су муслимани у већини, питао бих Вас ко су негативци и шта је Р.Српска. Ништа боље нисмо очекивали ни од Вас ни од Вашег форин офиса. Ваша земља, заједно са америком, напада друге земље већ стотинама година. Пљачкате, отимате, уништавате економије, убијате људе, подмећете ратове... не може бити прљавије од онога чиве се Ваше земље баве већ дуго и дошли сте да нам кажете, шта требамо да мислимо. Задивљен сам!</comment-text>
				<comment-text-transliterated>Srbi negativci, Srpska-genocidna tvorevina... Kao da slušam Aliju Izetbegovića. Gospodine Harston, da ste bili 1992. Srbin u Bosni, gdje su muslimani u većini, pitao bih Vas ko su negativci i šta je R.Srpska. Ništa bolje nismo očekivali ni od Vas ni od Vašeg forin ofisa. Vaša zemlja, zajedno sa amerikom, napada druge zemlje već stotinama godina. Pljačkate, otimate, uništavate ekonomije, ubijate ljude, podmećete ratove... ne može biti prljavije od onoga čive se Vaše zemlje bave već dugo i došli ste da nam kažete, šta trebamo da mislimo. Zadivljen sam!</comment-text-transliterated>
			</comment>
			<comment comment-id="34">
				<comment-parent-id/>
				<comment-text>Srbi su negativci jer to deo strateske politike SAD, i mi to nikada ne mozemo promeniti, ma sta cinili. 
 
 Srbi (citaj mali Rusi) su danas ono sto su Vandali bili u vreme rimskog carstva, krivi samo zato sto su se usprotivili Imperiji.</comment-text>
				<comment-text-transliterated>Srbi su negativci jer to deo strateske politike SAD, i mi to nikada ne mozemo promeniti, ma sta cinili. 
 
 Srbi (citaj mali Rusi) su danas ono sto su Vandali bili u vreme rimskog carstva, krivi samo zato sto su se usprotivili Imperiji.</comment-text-transliterated>
			</comment>
		</comments-list>
	</comments>
</document>
