<?xml version="1.0" encoding="utf-8"?>
<document global-id="sr-01-1229">
	<url>http://www.politika.rs/scc/clanak/338356/%D0%9A%D1%83%D0%BB%D1%82%D1%83%D1%80%D0%B0-%D1%81%D0%B5-%D0%BA%D1%83%D0%BB%D1%82%D1%83%D1%80%D0%BD%D0%BE-%D0%BF%D0%BE%D0%B2%D0%BB%D0%B0%D1%87%D0%B8</url>
	<source-id>sr-01</source-id>
	<local-id>1229</local-id>
	<source-name>Politika</source-name>
	<article>
		<article-title>Култура се културно повлачи</article-title>
		<article-title-transliterated>Kultura se kulturno povlači</article-title-transliterated>
		<article-time>2015-09-14</article-time>
		<article-author>Marina Vulićević</article-author>
		<article-text>Нову збирку поезије „Техника дисања” Марије Кнежевић објавила је краљевачка „Повеља”. Песме које су уврштене у ову књигу таложене су током четири године у искуству ове књижевнице, која подједнако осећа проблеме савремености, личну прошлост, као и универзални мит. „Лоше је време. Нико не мари за то што бол/ Непрочитан у костима куцка нешто за себе./ Белешке сржи стуб кичме преузима/ Теретом без имена...”, стихови су из „Технике дисања”. Марија Кнежевић магистар је компаративне књижевности и преводилац, а поред поезије пише прозу и есеје. Објавила је више од осам књига поезије, књиге прозе: „Храна за псе: роман у кратким причама”, „Fabula rasa”; роман „Екатерини” који је преведен на четири страна језика; есејe: „Књига о недостајању” и „Књига утисака”, као и књигу писама „Querida”.
Као неки јунак Вудија Алена, ваш поетски субјект и у свакодневици, у одласку у супермаркет или код лекара открива слојеве универзума, поиграва се архетипом, и чак збија шале. Да ли сте и даље зачуђени пред свим видовима постојања, чак и када су значења и више него очигледна?
Блиско ми је Алмодоварово писмо, наизглед свима доступно на одређеном нивоу, заносно, а заправо парадигма једног промишљеног палимпсеста. Није уметнички грех засмејавати, али прави изазов је у разоткривању чије је најубојитије средство хумор. Тај свевидећи хумор који залази у оне детаље пред којима „пада” целина, лековити смех који утажи и најболније истине тако што их је претходно оголео, али не обавезно и понизио. Митови, књижевно и културно наслеђе уопште, представљају неминовност у чијем изобиљу, искрено речено, уживамо ми који смо се посветили стваралаштву. А стварност је увек полазиште. Мора бити – шта би друго било? Она је у темељу свих митова, легенди, праве литературе и свега осталог што је захваљујући уметничкој обради прошло „пробу времена”. Стварност је за мене увек – света стварност. Моја позиција је, рекла бих, позиција радозналог посматрача, ведрог, али никако оног који затвара очи. Напротив! Каква год да је, увек ћу сматрати да је истина највећа лепота. Запањујућа, застрашујућа – зачуђујућа у сваком случају.
Како, пак, доживљавате спољашња, често банална, ограничења која вам намећу средина, дневна политика...? 
Не доживљавам их уопште! У једном тренутку сам схватила да је пандемија баналности велико ограничење, да нас опасно удаљава од смисла, а то би, заправо, била апокалипса бића. Посвећена сам књижевности, још од времена прве књиге, па и пре ње. Бирам ону стварност која је потиснута, а која јесте постојање људскости – аутентичних осећања. Битка са баналношћу и много суровијим појавама води се на једном другом фронту који се у мом случају зове – преживљавање. Она је тешка и дуготрајна, а њен крај неизвестан. Али када је реч о уметности, не осећам препреке, већ само богатство дијалога са песницима као што су Рилке, Одн и многи други, као и привилегију запажања дешавања на улици, на пијаци, у чекаоницама... Никада не губим из вида ону Елиотову опаску да је Достојевски имао прилику да чита Шекспира, а не и обратно, али, исто тако, да рецимо један разговор у аутобусу може бити врхунска литература. 
„Техника дисања” подсећа на важност чувања иронијског и хуморног односа према стварима, према инстант решењима и спољашњим манифестацијама успеха, све у корист сазнања. Каква је његова суштина?
Иронијски и хуморни однос, заправо, чува све те појавности од пропадања. Ипак, поезију, али и писање уопште, одувек доживљавам као симфонију која својим опсегом обухвата све сегменте живљења. Бар је то моје осећање, томе тежим. Полифонија на један магичан начин мири оно што условно називамо лепотама и тешкоћама живљења. Измирење се дешава у укупној истини, јер само она пружа прилику да дођемо до тог врхунца у стваралаштву, а оно је одувек било и биће − равнотежа. По мом осећању, све се може рећи и нема нити забрањених, нити особито пожељних тема за поезију. Бирате их по сопственом нахођењу. Увек ће једино мериторно бити то на који начин компонујете дело, дело као крајњи исход. Само је та композиција мериторна. И по њеном квалитету оцењујемо уметнике. 
„Култура се културно повлачи пред муљем који усисава све што штрчи или нема сличности са обожаваним бештијама...” Коме бисте посветили овај стих?
Мислим да је јасно на кога се односи тај стих. Премда је понекад утисак супротан, велики је број нас који трпимо терор антикултуре из неких разлога неговане у времену у којем смо се затекли. Често чујемо како нема пара за културу. То је само донекле тачно. По мом искуству, много се улаже у некултуру. Чему та болесна инвестиција, питање је за једну дужу причу у којој би требало чути много гласова. Култура се повлачи пред слепом силом неукуса, али опстаје. Бесмисао је старо оружје појединих владара, снажно у првом налету, али краткога даха. Само је истрајност одлика аутентичне снаге. И отуда неминовна асоцијација на љубав, при том мислим на ону унутрашњу снагу вољења: агапе, без које не би било ничега. Сва моћ је, заправо, у њој. Моћ перцепције, моћ уметничког облика, моћ одолевања, моћ неукидиве радости.</article-text>
		<article-text-transliterated>Novu zbirku poezije „Tehnika disanja” Marije Knežević objavila je kraljevačka „Povelja”. Pesme koje su uvrštene u ovu knjigu taložene su tokom četiri godine u iskustvu ove književnice, koja podjednako oseća probleme savremenosti, ličnu prošlost, kao i univerzalni mit. „Loše je vreme. Niko ne mari za to što bol/ Nepročitan u kostima kucka nešto za sebe./ Beleške srži stub kičme preuzima/ Teretom bez imena...”, stihovi su iz „Tehnike disanja”. Marija Knežević magistar je komparativne književnosti i prevodilac, a pored poezije piše prozu i eseje. Objavila je više od osam knjiga poezije, knjige proze: „Hrana za pse: roman u kratkim pričama”, „Fabula rasa”; roman „Ekaterini” koji je preveden na četiri strana jezika; eseje: „Knjiga o nedostajanju” i „Knjiga utisaka”, kao i knjigu pisama „Querida”.
Kao neki junak Vudija Alena, vaš poetski subjekt i u svakodnevici, u odlasku u supermarket ili kod lekara otkriva slojeve univerzuma, poigrava se arhetipom, i čak zbija šale. Da li ste i dalje začuđeni pred svim vidovima postojanja, čak i kada su značenja i više nego očigledna?
Blisko mi je Almodovarovo pismo, naizgled svima dostupno na određenom nivou, zanosno, a zapravo paradigma jednog promišljenog palimpsesta. Nije umetnički greh zasmejavati, ali pravi izazov je u razotkrivanju čije je najubojitije sredstvo humor. Taj svevideći humor koji zalazi u one detalje pred kojima „pada” celina, lekoviti smeh koji utaži i najbolnije istine tako što ih je prethodno ogoleo, ali ne obavezno i ponizio. Mitovi, književno i kulturno nasleđe uopšte, predstavljaju neminovnost u čijem izobilju, iskreno rečeno, uživamo mi koji smo se posvetili stvaralaštvu. A stvarnost je uvek polazište. Mora biti – šta bi drugo bilo? Ona je u temelju svih mitova, legendi, prave literature i svega ostalog što je zahvaljujući umetničkoj obradi prošlo „probu vremena”. Stvarnost je za mene uvek – sveta stvarnost. Moja pozicija je, rekla bih, pozicija radoznalog posmatrača, vedrog, ali nikako onog koji zatvara oči. Naprotiv! Kakva god da je, uvek ću smatrati da je istina najveća lepota. Zapanjujuća, zastrašujuća – začuđujuća u svakom slučaju.
Kako, pak, doživljavate spoljašnja, često banalna, ograničenja koja vam nameću sredina, dnevna politika...? 
Ne doživljavam ih uopšte! U jednom trenutku sam shvatila da je pandemija banalnosti veliko ograničenje, da nas opasno udaljava od smisla, a to bi, zapravo, bila apokalipsa bića. Posvećena sam književnosti, još od vremena prve knjige, pa i pre nje. Biram onu stvarnost koja je potisnuta, a koja jeste postojanje ljudskosti – autentičnih osećanja. Bitka sa banalnošću i mnogo surovijim pojavama vodi se na jednom drugom frontu koji se u mom slučaju zove – preživljavanje. Ona je teška i dugotrajna, a njen kraj neizvestan. Ali kada je reč o umetnosti, ne osećam prepreke, već samo bogatstvo dijaloga sa pesnicima kao što su Rilke, Odn i mnogi drugi, kao i privilegiju zapažanja dešavanja na ulici, na pijaci, u čekaonicama... Nikada ne gubim iz vida onu Eliotovu opasku da je Dostojevski imao priliku da čita Šekspira, a ne i obratno, ali, isto tako, da recimo jedan razgovor u autobusu može biti vrhunska literatura. 
„Tehnika disanja” podseća na važnost čuvanja ironijskog i humornog odnosa prema stvarima, prema instant rešenjima i spoljašnjim manifestacijama uspeha, sve u korist saznanja. Kakva je njegova suština?
Ironijski i humorni odnos, zapravo, čuva sve te pojavnosti od propadanja. Ipak, poeziju, ali i pisanje uopšte, oduvek doživljavam kao simfoniju koja svojim opsegom obuhvata sve segmente življenja. Bar je to moje osećanje, tome težim. Polifonija na jedan magičan način miri ono što uslovno nazivamo lepotama i teškoćama življenja. Izmirenje se dešava u ukupnoj istini, jer samo ona pruža priliku da dođemo do tog vrhunca u stvaralaštvu, a ono je oduvek bilo i biće − ravnoteža. Po mom osećanju, sve se može reći i nema niti zabranjenih, niti osobito poželjnih tema za poeziju. Birate ih po sopstvenom nahođenju. Uvek će jedino meritorno biti to na koji način komponujete delo, delo kao krajnji ishod. Samo je ta kompozicija meritorna. I po njenom kvalitetu ocenjujemo umetnike. 
„Kultura se kulturno povlači pred muljem koji usisava sve što štrči ili nema sličnosti sa obožavanim beštijama...” Kome biste posvetili ovaj stih?
Mislim da je jasno na koga se odnosi taj stih. Premda je ponekad utisak suprotan, veliki je broj nas koji trpimo teror antikulture iz nekih razloga negovane u vremenu u kojem smo se zatekli. Često čujemo kako nema para za kulturu. To je samo donekle tačno. Po mom iskustvu, mnogo se ulaže u nekulturu. Čemu ta bolesna investicija, pitanje je za jednu dužu priču u kojoj bi trebalo čuti mnogo glasova. Kultura se povlači pred slepom silom neukusa, ali opstaje. Besmisao je staro oružje pojedinih vladara, snažno u prvom naletu, ali kratkoga daha. Samo je istrajnost odlika autentične snage. I otuda neminovna asocijacija na ljubav, pri tom mislim na onu unutrašnju snagu voljenja: agape, bez koje ne bi bilo ničega. Sva moć je, zapravo, u njoj. Moć percepcije, moć umetničkog oblika, moć odolevanja, moć neukidive radosti.</article-text-transliterated>
	</article>
	<comments>
		<comments-count>0</comments-count>
		<comments-list/>
	</comments>
</document>
