<document global-id="sr-01-1321"><url>http://www.politika.rs/scc/clanak/354997/%D0%9B%D0%BE%D0%B2%D0%B0%D1%86-%D0%BD%D0%B0-%D0%B6%D0%B8%D0%B2%D0%B5-%D1%98%D0%B5%D0%B7%D0%B8%D0%BA%D0%B5</url><source-id>sr-01</source-id><local-id>sr-01-1321</local-id><source-name>Politika</source-name><article><article-title>Ловац на „живе језике”</article-title><article-title-transliterated>Lovac na „žive jezike”</article-title-transliterated><article_time>2016-05-14</article_time><article-author>Slobodan Ćirić</article-author><article-text>
Мачвански фронт, мај 1915. године. Борбена готовост на највишем нивоу, мртве страже с обе стране Саве. На захтев савезника, српска војска би требало да пређе реку, нападне аустријске јединице у Срему и олакша притисак непријатеља на француске и руске јединице.
Пошто није имала довољно података о снази, распореду и намерама противника, српска Врховна команда издаје наређење својим четама да прате збивања на супротној обали и подносе извештаје...
Али, пред положајима Петог пешадијског пука краља Милана је густа шума од које се ништа није могло видети, па је једино решење, опасно и тешко, да се неопажено пређе река, обави извиђање и извести о непријатељу.
За задатак се добровољно пријавио млади пешадијски потпоручник Михаило Мика Маџаревић, родом из Мургаша код Уба, који је одрастао и школовао се у Ваљеву.
Он је осмислио да се изненадним препадима на другој страни реке заробљавају припадници непријатељских стражарских одељења, војници, нарочито официри, да се киднапују и потом саслушавају – да се лове „живи језици”.
У тексту „Михаило Маџаревић – најхрабрији учесник у Великом рату из Колубарског округа”, ваљевски публициста Милорад Радојчић, пише да је у ноћи између 8. и 9. маја 1915. млади официр са 16 војника у три чамца прешао Саву недалеко од Владимираца, да су на супротној страни заробили одељење извиђача са старешином, и укупно 20 војника пребацили на српску страну.
Истрагом су добијени важни подаци о противничким снагама. Маџаревић је за тај подвиг одликован Орденом Карађорђеве звезде са мачевима 4. реда, а његови војници Обилићевом медаљом за храброст.
Слична акција поновљена је 22. маја у рејону Новог Села. Избио је краћи ватрени окршај у ком су српски војници заробили једног поднаредника, каплара и седам редова.
У ноћи између 26. и 27. маја потпоручник Маџаревић са групом од тридесетак добровољаца неопажено прелази Саву код села Прово надомак Владимираца.
Заробљавају једног непријатељског војника који их обавештава о снази и распореду своје јединице. Нападачи опкољавају њихову земуницу у коју су се сместили по повлачењу из ровова и заробљавају осморицу.
Чамцима су пребацили заробљенике на српску обалу, а Маџаревић и део добровољаца се враћају и хватају још једно аустроугарско одељење на локацији наспрам Бељина. У тој акцији српска страна је имала једног, непријатељска пет мртвих, пише Радојчић.
Таман што се после ове тешке и опасне акције храбри потпоручник Михаило Маџаревић вратио у посавотамнавско село Звезд и легао да се одмори, у просторију је улетео узбуђени ордонанс команданта батаљона и дрхтавом руком му предао телефонску слушалицу рекавши да има везу...
Према књизи „Кроз сјај и сенке рата” (Београд 1933) у којој је Маџаревић описао своје доживљаје из ратног вихора, разговор је текао овако:
– Ало.
 – Овде Петар.
 – Који Петар, презиме?
– Краљ Петар. (Ту је Маџаревић скочио као опарен)
– Изволите, Ваше величанство.
– За показану и осведочену храброст приликом првог и другог преласка преко Саве и заробљавање непријатељских војника, ја вас, Маџаревићу, под данашњим даном унапређујем у чин поручника.
– Хвала, Ваше величанство!
– Тићили ми се такви јунаци у мојој војсци.
– Чуо нас Бог, Ваше величанство!”
Међу официрима Петог пешадијског пука краља Милана почело је славље, њихов Мика Маџаревић ванредно је унапређен. „Наградио” га је и непријатељ. Аустроугарска врховна команда уценила је његову главу на 50.000 круна и обећала унапређење у виши чин ономе ко га зароби или убије.
Нико није успео, Михаило Маџаревић, један од најхрабријих и најодликованијих српских ратника Великог рата, носилац три Карађорђеве звезде, Сребрне и Златне медаље за храброст, Ордена белог орла са мачевима, Албанске споменице, француске Легије части, енглеског Ратног крста, официр који је са 27 лета постао мајор, умро је у Либертвилу у САД 1965. године.
</article-text><article-text-transliterated>
Mačvanski front, maj 1915. godine. Borbena gotovost na najvišem nivou, mrtve straže s obe strane Save. Na zahtev saveznika, srpska vojska bi trebalo da pređe reku, napadne austrijske jedinice u Sremu i olakša pritisak neprijatelja na francuske i ruske jedinice.
Pošto nije imala dovoljno podataka o snazi, rasporedu i namerama protivnika, srpska Vrhovna komanda izdaje naređenje svojim četama da prate zbivanja na suprotnoj obali i podnose izveštaje...
Ali, pred položajima Petog pešadijskog puka kralja Milana je gusta šuma od koje se ništa nije moglo videti, pa je jedino rešenje, opasno i teško, da se neopaženo pređe reka, obavi izviđanje i izvesti o neprijatelju.
Za zadatak se dobrovoljno prijavio mladi pešadijski potporučnik Mihailo Mika Madžarević, rodom iz Murgaša kod Uba, koji je odrastao i školovao se u Valjevu.
On je osmislio da se iznenadnim prepadima na drugoj strani reke zarobljavaju pripadnici neprijateljskih stražarskih odeljenja, vojnici, naročito oficiri, da se kidnapuju i potom saslušavaju – da se love „živi jezici”.
U tekstu „Mihailo Madžarević – najhrabriji učesnik u Velikom ratu iz Kolubarskog okruga”, valjevski publicista Milorad Radojčić, piše da je u noći između 8. i 9. maja 1915. mladi oficir sa 16 vojnika u tri čamca prešao Savu nedaleko od Vladimiraca, da su na suprotnoj strani zarobili odeljenje izviđača sa starešinom, i ukupno 20 vojnika prebacili na srpsku stranu.
Istragom su dobijeni važni podaci o protivničkim snagama. Madžarević je za taj podvig odlikovan Ordenom Karađorđeve zvezde sa mačevima 4. reda, a njegovi vojnici Obilićevom medaljom za hrabrost.
Slična akcija ponovljena je 22. maja u rejonu Novog Sela. Izbio je kraći vatreni okršaj u kom su srpski vojnici zarobili jednog podnarednika, kaplara i sedam redova.
U noći između 26. i 27. maja potporučnik Madžarević sa grupom od tridesetak dobrovoljaca neopaženo prelazi Savu kod sela Provo nadomak Vladimiraca.
Zarobljavaju jednog neprijateljskog vojnika koji ih obaveštava o snazi i rasporedu svoje jedinice. Napadači opkoljavaju njihovu zemunicu u koju su se smestili po povlačenju iz rovova i zarobljavaju osmoricu.
Čamcima su prebacili zarobljenike na srpsku obalu, a Madžarević i deo dobrovoljaca se vraćaju i hvataju još jedno austrougarsko odeljenje na lokaciji naspram Beljina. U toj akciji srpska strana je imala jednog, neprijateljska pet mrtvih, piše Radojčić.
Taman što se posle ove teške i opasne akcije hrabri potporučnik Mihailo Madžarević vratio u posavotamnavsko selo Zvezd i legao da se odmori, u prostoriju je uleteo uzbuđeni ordonans komandanta bataljona i drhtavom rukom mu predao telefonsku slušalicu rekavši da ima vezu...
Prema knjizi „Kroz sjaj i senke rata” (Beograd 1933) u kojoj je Madžarević opisao svoje doživljaje iz ratnog vihora, razgovor je tekao ovako:
– Alo.
 – Ovde Petar.
 – Koji Petar, prezime?
– Kralj Petar. (Tu je Madžarević skočio kao oparen)
– Izvolite, Vaše veličanstvo.
– Za pokazanu i osvedočenu hrabrost prilikom prvog i drugog prelaska preko Save i zarobljavanje neprijateljskih vojnika, ja vas, Madžareviću, pod današnjim danom unapređujem u čin poručnika.
– Hvala, Vaše veličanstvo!
– Tićili mi se takvi junaci u mojoj vojsci.
– Čuo nas Bog, Vaše veličanstvo!”
Među oficirima Petog pešadijskog puka kralja Milana počelo je slavlje, njihov Mika Madžarević vanredno je unapređen. „Nagradio” ga je i neprijatelj. Austrougarska vrhovna komanda ucenila je njegovu glavu na 50.000 kruna i obećala unapređenje u viši čin onome ko ga zarobi ili ubije.
Niko nije uspeo, Mihailo Madžarević, jedan od najhrabrijih i najodlikovanijih srpskih ratnika Velikog rata, nosilac tri Karađorđeve zvezde, Srebrne i Zlatne medalje za hrabrost, Ordena belog orla sa mačevima, Albanske spomenice, francuske Legije časti, engleskog Ratnog krsta, oficir koji je sa 27 leta postao major, umro je u Libertvilu u SAD 1965. godine.
</article-text-transliterated></article><comments><comments-count>19</comments-count><comments-list><comment comment-id="1"><comment-parent-id /><comment-text>Лепо је и на овај начин сетити се мајора Маџаревића. Браво за Политику и Ћиру. Имам књигу, прочитао сам је, а сада ћу опет...</comment-text><comment-text-transliterated>Lepo je i na ovaj način setiti se majora Madžarevića. Bravo za Politiku i Ćiru. Imam knjigu, pročitao sam je, a sada ću opet...</comment-text-transliterated></comment><comment comment-id="2"><comment-parent-id /><comment-text>Šta se čeka?
Uspostavite kontakt sa naslednicima heroja Madžarevića,oko dozvole za prenos posmrtnih ostataka  u Beograd.</comment-text><comment-text-transliterated>Šta se čeka?
Uspostavite kontakt sa naslednicima heroja Madžarevića,oko dozvole za prenos posmrtnih ostataka  u Beograd.</comment-text-transliterated></comment><comment comment-id="3"><comment-parent-id /><comment-text>Вечна му слава и хвала!</comment-text><comment-text-transliterated>Večna mu slava i hvala!</comment-text-transliterated></comment><comment comment-id="4"><comment-parent-id /><comment-text>Citam ovo gord na nase pretke (i moj pradeda je bio u oba balkanska rata i naravno Velikom pa preko Albanije ,Krfa i Soluna vratio kao oslobodioc) ali vise tuzan sto se Srbija stidi svega ovoga i dozvoljava da nas ponizava jedna Hrvatska ciji su gradjani i cinili najvece zlocine po Macvi .</comment-text><comment-text-transliterated>Citam ovo gord na nase pretke (i moj pradeda je bio u oba balkanska rata i naravno Velikom pa preko Albanije ,Krfa i Soluna vratio kao oslobodioc) ali vise tuzan sto se Srbija stidi svega ovoga i dozvoljava da nas ponizava jedna Hrvatska ciji su gradjani i cinili najvece zlocine po Macvi .</comment-text-transliterated></comment><comment comment-id="5"><comment-parent-id /><comment-text>Зашто је умро у САДу? Па било би Вам јасније ако Вам се кажу имена заповедника "Живих језика" и зашто се та јединица тако уопште звала... Један од њих је био главом и брадом Јосип Броз Тито("Тајни досије Јосипа Броза Тита", М.Јокић) а пошто кроз историју бледо знамо да је Тито заробљаван у Првом Рату, не би ме зачудило да је то управо овајхрабри српски официр урадио...
Иначе "живи језици" су били јединица која је била позната као најпрљавија по злоделима који су чинили тако што су се убацивали дубоко у територију Србије убијали, силовали и палили и опет повлачили на своју територију... и због тога је наш официр који је требао бити сахрањен уз све војне почасти у алеји заслужних преминуо у Америци... </comment-text><comment-text-transliterated>Zašto je umro u SADu? Pa bilo bi Vam jasnije ako Vam se kažu imena zapovednika "Živih jezika" i zašto se ta jedinica tako uopšte zvala... Jedan od njih je bio glavom i bradom Josip Broz Tito("Tajni dosije Josipa Broza Tita", M.Jokić) a pošto kroz istoriju bledo znamo da je Tito zarobljavan u Prvom Ratu, ne bi me začudilo da je to upravo ovajhrabri srpski oficir uradio...
Inače "živi jezici" su bili jedinica koja je bila poznata kao najprljavija po zlodelima koji su činili tako što su se ubacivali duboko u teritoriju Srbije ubijali, silovali i palili i opet povlačili na svoju teritoriju... i zbog toga je naš oficir koji je trebao biti sahranjen uz sve vojne počasti u aleji zaslužnih preminuo u Americi... </comment-text-transliterated></comment><comment comment-id="5-1"><comment-parent-id>5</comment-parent-id><comment-text>Maksimilijane,
Dzaba se trudite. Ne samo da jedinica zivi jezici nije posojala vec nije ni postojala njihova jedinica koja je prelazila liniju fronta. Nije mi jasno zasto izmisljate?
A jedinica zivi jezici je, hajde da kazemo, postojala ali sa rukama u vis, zarobljena od strane nasih junaka.</comment-text><comment-text-transliterated>Maksimilijane,
Dzaba se trudite. Ne samo da jedinica zivi jezici nije posojala vec nije ni postojala njihova jedinica koja je prelazila liniju fronta. Nije mi jasno zasto izmisljate?
A jedinica zivi jezici je, hajde da kazemo, postojala ali sa rukama u vis, zarobljena od strane nasih junaka.</comment-text-transliterated></comment><comment comment-id="5-2"><comment-parent-id>5</comment-parent-id><comment-text>99% tih junaka je ostalo u Srbiji-Jugoslaviji nakon 1945. Broz se nije borio u Mačvi. Nije Broz kriv za sve ono što ste vi zabrljali i uništili. Aleksandar Karađorđević, kralj Jugoslavije, i njegova svita su prilimi skoro sve austro-garske oficire u vojsku kraljevine, sve činovnike i sudije..... 1941. su ti isti bili okosnica NDH.</comment-text><comment-text-transliterated>99% tih junaka je ostalo u Srbiji-Jugoslaviji nakon 1945. Broz se nije borio u Mačvi. Nije Broz kriv za sve ono što ste vi zabrljali i uništili. Aleksandar Karađorđević, kralj Jugoslavije, i njegova svita su prilimi skoro sve austro-garske oficire u vojsku kraljevine, sve činovnike i sudije..... 1941. su ti isti bili okosnica NDH.</comment-text-transliterated></comment><comment comment-id="6"><comment-parent-id /><comment-text>Последња реченица открива сав наш јад и несрећу. Ратни херој је умро без домовине у туђини. Вероватно као "народни непријатељ" као и многи други синови ове земље.</comment-text><comment-text-transliterated>Poslednja rečenica otkriva sav naš jad i nesreću. Ratni heroj je umro bez domovine u tuđini. Verovatno kao "narodni neprijatelj" kao i mnogi drugi sinovi ove zemlje.</comment-text-transliterated></comment><comment comment-id="7"><comment-parent-id /><comment-text>Свака част на тексту. Дајте још оваквих текстова о србским херојима о којим нажалост досад нисмо имали прилику да сазнамо ништа јер нас о томе нису ни учили</comment-text><comment-text-transliterated>Svaka čast na tekstu. Dajte još ovakvih tekstova o srbskim herojima o kojim nažalost dosad nismo imali priliku da saznamo ništa jer nas o tome nisu ni učili</comment-text-transliterated></comment><comment comment-id="8"><comment-parent-id /><comment-text>      "umro u Americi...." tamo je naso utociste,spasavajuci se pred najezdom komunista koji su mu oteli zemlju koju je branio od Austrougarskih hordi u cijem se sastavu borio i "ljubicica bela" od 130kg(ziva mera) u uniformi.."generala".."admirala".."marsala" i td. ( tezina medalja i ordenja uzeta u obzir),mada im se nezna broj i kako ih je zasluzio.
      Hvala nasem junaku i vcna mu slava.
     Hvala i Vama sto ste se setili i pomenuli junacinu.</comment-text><comment-text-transliterated>      "umro u Americi...." tamo je naso utociste,spasavajuci se pred najezdom komunista koji su mu oteli zemlju koju je branio od Austrougarskih hordi u cijem se sastavu borio i "ljubicica bela" od 130kg(ziva mera) u uniformi.."generala".."admirala".."marsala" i td. ( tezina medalja i ordenja uzeta u obzir),mada im se nezna broj i kako ih je zasluzio.
      Hvala nasem junaku i vcna mu slava.
     Hvala i Vama sto ste se setili i pomenuli junacinu.</comment-text-transliterated></comment><comment comment-id="9"><comment-parent-id /><comment-text>Zapazite gde je umro. Isto gde i Sveti Vladika Nikolaj. Da je ostao u Srbiji, kaplar Broz i satnik Mesic bi mu presudili Oktobra 1944. Isto kao sto su Punisi Racicu.</comment-text><comment-text-transliterated>Zapazite gde je umro. Isto gde i Sveti Vladika Nikolaj. Da je ostao u Srbiji, kaplar Broz i satnik Mesic bi mu presudili Oktobra 1944. Isto kao sto su Punisi Racicu.</comment-text-transliterated></comment><comment comment-id="9-1"><comment-parent-id>9</comment-parent-id><comment-text>Испада да је лоша ствар то што су комунисти пресудили Пуниши Рачићу, Аркану оног доба, кабадахији и усијаној националистичкој  глави.</comment-text><comment-text-transliterated>Ispada da je loša stvar to što su komunisti presudili Puniši Račiću, Arkanu onog doba, kabadahiji i usijanoj nacionalističkoj  glavi.</comment-text-transliterated></comment><comment comment-id="10"><comment-parent-id /><comment-text>Nekad bilo sad se pripovjeda. Na žalost izginuli su najbolji.</comment-text><comment-text-transliterated>Nekad bilo sad se pripovjeda. Na žalost izginuli su najbolji.</comment-text-transliterated></comment><comment comment-id="11"><comment-parent-id /><comment-text>Баш ме чуди зашто је умро у Либертвилу после Другог светског рата? Мислим да сте нам остали дужни тај део живота овог Јунака.</comment-text><comment-text-transliterated>Baš me čudi zašto je umro u Libertvilu posle Drugog svetskog rata? Mislim da ste nam ostali dužni taj deo života ovog Junaka.</comment-text-transliterated></comment><comment comment-id="12"><comment-parent-id /><comment-text>Taj se nije vratio posle rata 1945 u Titovu Jadoslaviju i nije imao srece da bar umre u svojoj Srbiji. Sta mislite zasto? Vreme je da se sazna mnogo vise o zivotu i sudbini,uglavnom tuznoj i teskoj,hiljada nasih koji se nisu vratili posle kraja Drugog svetskog rata.Zivot i dogadjaji u zarobljenickim logorima Hitlerove Nemacke su neotkrivena riznica za proucavanje zbivanja i stradanja nasih vojnika.
No,koga to danas moze da interesuje,kad toliki pobijeni u poslednjih 20 godina su jednostavno zaboravljeni.Neka je svima laka zemlja !</comment-text><comment-text-transliterated>Taj se nije vratio posle rata 1945 u Titovu Jadoslaviju i nije imao srece da bar umre u svojoj Srbiji. Sta mislite zasto? Vreme je da se sazna mnogo vise o zivotu i sudbini,uglavnom tuznoj i teskoj,hiljada nasih koji se nisu vratili posle kraja Drugog svetskog rata.Zivot i dogadjaji u zarobljenickim logorima Hitlerove Nemacke su neotkrivena riznica za proucavanje zbivanja i stradanja nasih vojnika.
No,koga to danas moze da interesuje,kad toliki pobijeni u poslednjih 20 godina su jednostavno zaboravljeni.Neka je svima laka zemlja !</comment-text-transliterated></comment><comment comment-id="13"><comment-parent-id /><comment-text>Слава јунаку! Надам се да има потомке поносне на Михаила и свој српски род!</comment-text><comment-text-transliterated>Slava junaku! Nadam se da ima potomke ponosne na Mihaila i svoj srpski rod!</comment-text-transliterated></comment><comment comment-id="14"><comment-parent-id /><comment-text>Pravi Srbin!!! Slava mu i hvala!!!</comment-text><comment-text-transliterated>Pravi Srbin!!! Slava mu i hvala!!!</comment-text-transliterated></comment><comment comment-id="14-1"><comment-parent-id>14</comment-parent-id><comment-text>Osvetniku: nažalost,  ovakvih Srba više nema, postali smo jajare i zlikovci.
A da li se neko upitao zašto je on i mnogi njemu slični, završio u izbeglištvu ili, još gore, pola metra pod zemljom, a prava srpska istorija bila zabranjena više od 50 godina, pa nam sada generacije i generacije, počev od onih koji su 1945 pošli u škole, pa do devedesetih godina XX veka pojma nema ni o čemu. Osim, naravno, o "sedam ofanziva", bolje reći bežanija.</comment-text><comment-text-transliterated>Osvetniku: nažalost,  ovakvih Srba više nema, postali smo jajare i zlikovci.
A da li se neko upitao zašto je on i mnogi njemu slični, završio u izbeglištvu ili, još gore, pola metra pod zemljom, a prava srpska istorija bila zabranjena više od 50 godina, pa nam sada generacije i generacije, počev od onih koji su 1945 pošli u škole, pa do devedesetih godina XX veka pojma nema ni o čemu. Osim, naravno, o "sedam ofanziva", bolje reći bežanija.</comment-text-transliterated></comment><comment comment-id="15"><comment-parent-id /><comment-text>divna priča o junaštvu, i poštovanju pravih a ne kvazi autoriteta...
prosto nezamislivo u sadašnje vreme</comment-text><comment-text-transliterated>divna priča o junaštvu, i poštovanju pravih a ne kvazi autoriteta...
prosto nezamislivo u sadašnje vreme</comment-text-transliterated></comment></comments-list></comments></document>