<document global-id="sr-01-1184"><url>http://www.politika.rs/scc/clanak/342013/%D0%9A%D0%BE%D1%81%D0%BE%D0%B2%D0%BE-%D0%B8%D0%B7%D0%BC%D0%B5%D1%92%D1%83-%D1%80%D0%B5%D0%B0%D0%BB%D0%BD%D0%BE%D1%81%D1%82%D0%B8-%D0%BD%D0%B0-%D1%82%D0%B5%D1%80%D0%B5%D0%BD%D1%83-%D0%B8-%D1%81%D1%80%D0%BF%D1%81%D0%BA%D0%BE%D0%B3-%D0%BF%D0%BE%D1%82%D0%BF%D0%B8%D1%81%D0%B0</url><source-id>sr-01</source-id><local-id>sr-01-1184</local-id><source-name>Politika</source-name><article><article-title>Косово између „реалности на терену” и српског потписа</article-title><article-title-transliterated>Kosovo između „realnosti na terenu” i srpskog potpisa</article-title-transliterated><article_time>2015-10-27</article_time><article-author /><article-text>
„Нове реалности на терену” значе да потпун повратак на старе границе није реалан. Ова порука можда неодољиво подсећа на аргументе који су и данас актуелни када год се отвори косовско питање и захтева да Србија „де јуре” (правно) прихвати „стварност”.
Последњи у низу који нас на то подсећа јесте Гинтер Ферхојген. Бивши европски комесар за проширење истиче да је у погледу Косова „ствар политички јасна”, да је његова независност неповратна, те да се та реалност мора схватити у Србији. Случајно или не, тек Ферхојген и остали западни емисари не помињу случај Кипра, који је постао члан ЕУ иако није прихватио турску окупацију дела територије као реалност на терену.
Конструкцију „реалност на терену” први је лансирао бивши амерички председник Џорџ Буш 2004. године, објашњавајући зашто је нереално да се Израелци повуку на границе из 1967. На Бушову „доктрину” надовезала се и изјава републиканског сенатора Џорџа Војновића из 2008. да сви треба да прихвате реалност на терену када је реч о Косову.
Колико год да се прилике и актери у Израелу разликовали од оних у Приштини или Београду, Буш је на глобалном дипломатском и политичком нивоу заговорник принципа да „нова реалност” може да утиче на старе границе. Узалуд је касније Барак Обама покушао да покрене мировну иницијативу уз предлог да се Израелци ипак врате на положаје од пре 1967, јер из Тел Авива му је стигао одговор да је његов претходник из Беле куће рекао нешто друго.
Реалност је била и да су три прибалтичке републике биле део СССР-а, али ту стварност САД и много пре Буша ипак нису прихватале. Амерички амбасадор у Београду Мајкл Кирби објаснио је да Литванију, Летонију и Естонију САД нису признавале као совјетске републике, јер сматрају да Хитлер није имао право да поклони те три земље пре Другог светског рата. У исто време, Америка не прихвата промену реалности која се на Криму десила 2014. године. Она и даље сматра да ово полуострво припада Украјини, а не Русији.
„Колико је међународно право постало део реалности и за саму Америку, види се када настоји да на правном терену доведе у питање враћање Крима под окриље Русије или руску акцију у Сирији. То право није изузетно значајно само за мале. И изнад моћних увек постоји неко моћнији или њима раван. И од тако снажне Немачке постоје веће силе. Зато право пре или касније мора да постане део реалности и на Косову и Метохији. Србија има тапију над том територијом, а добро се зна шта у западном свету значи реч тапија”, истиче за „Политику” Живадин Јовановић, председник Београдског форума за свет равноправних.
Тибор Варади, професора међународног права, сматра да је важно да Србија у будућим корацима буде свесна да Косово није у њеним рукама и да не би требало одбацити ни аспект реалног, али ни формалне и правне чиниоце.
„Косово јесте одвојено потпуно противно међународном праву, али је ипак одвојено. Не мислим да би Србија требало да потпише његово формално признање и озваничи ту неправду, али рећи да ћемо одбранити ту територију спада у домен реторике у ситуацији када тамо немате никакву контролу. Данас ни председник Србије, ни други њени највиши представници не могу тамо да уђу без дозволе неких других власти. Такво одобрење какво морају да затраже од Приштине формално им није потребно за улазак у неку другу земљу попут Румуније или Мађарске, без обзира на то што дипломатски протокол налаже да најаве званичну посету”, каже Варади.
Живадин Јовановић, међутим, истиче да ни стварност на Косову није онаква каквом је неки представљају, додајући да је председник САНУ Владимир Костић последњи од којег је очекивао да говори о потпуном повлачењу Србије са тог простора.
„Како то тврдити, а не рећи ни реч шта је реално на северу Космета и ко је тамо већина. Или да говоре да Србија престане да финансира институције тамо, па и оне образовне, а на Косову раде и школе на српском језику. Или да не кажу да је и српска тапија, а са њом и Резолуција 1244, реалност. И да не помену принципе ОЕБС-а из Хелсиншког финалног акта из 1975, који гарантује да су међународно признате границе реалност”, поручује некадашњи министар спољних послова СРЈ.
Суштинско питање на које Србија треба да усмери енергију, по оцени Тибора Варадија, јесте опстанак Срба који и даље живе на Космету и српских споменика.
„То су неке области за које бисмо могли да изборимо пуну  међународну подршку. Да се и де јуре и де факто обезбеди потпуни опстанак српске заједнице и културе на Косову и да нам то буде реалност”, закључује Варади.
----------------------------------------------------------------
Амбасадорка Кипра: Победили смо у правном рату
Као пример формалноправног неприхватања онога што су поједине земље називале „реалношћу на терену” издваја се и кипарско питање. И поред притисака, Република Кипар је у Европску унију примљена као целовита земља, без назнака да ће влада у Никозији признати независност северног дела земље.
„Северни део Републике Кипар је под окупацијом од инвазије 1974, када су турске оружане снаге заузеле 36,2 одсто територије Републике Кипар и протерале око 170.000 кипарских Грка из њихових вековних домова, нагласивши при томе да та имовина више није у власништву тих Грка. Упркос покушају турских ’власти’ да отуђе та добра, која су и данас запоседнута, они који су ту живели до 1974. остали су једини легални власници ових поседа. То потврђују и пресуде више међународних судских органа укључујући и Европски суд за људска права”, објашњава за „Политику” амбасадорка Кипра у Београду Нафсика Кусти.
По њеној оцени, „окупирано подручје је само нелегални сецесионистички ентитет, јер се резолуцијама Савета безбедности УН 541 из 1983. и 550 из 1984. све државе се позивају да поштују целовитост и сувереност Републике Кипар, без признања других држава на њеној територији”.
„За 41 годину окупације ниједна земља није признала тај нелегални ентитет сем Турске. Томе је допринела управо чињеница да је оснивање такозване Турске републике северни Кипар супротно свим одредбама међународног права, али и прописима ЕУ. Противно је и уговору из 1960. који су као гаранти потписали Велика Британија, Турска, Грчка и Република Кипар, а који, између осталог, потврђује целовитост Кипра”, истиче кипарска амбасадорка.
Нафсика Крусти додаје да су управо то разлози због којих Кипар подржава суверенитет и целовитост свих држава, па тако не признаје ни једнострано проглашење независности Косова.
„Када је реч о том питању, остајемо на чврстој позицији. Кипарски став могао би да буде преиспитан само под условом да се нађе политички споразум који би прихватиле обе стране на основу Резолуције 1244 Савета безбедности УН”, наглашава кипарска амбасадорка.
</article-text><article-text-transliterated>
„Nove realnosti na terenu” znače da potpun povratak na stare granice nije realan. Ova poruka možda neodoljivo podseća na argumente koji su i danas aktuelni kada god se otvori kosovsko pitanje i zahteva da Srbija „de jure” (pravno) prihvati „stvarnost”.
Poslednji u nizu koji nas na to podseća jeste Ginter Ferhojgen. Bivši evropski komesar za proširenje ističe da je u pogledu Kosova „stvar politički jasna”, da je njegova nezavisnost nepovratna, te da se ta realnost mora shvatiti u Srbiji. Slučajno ili ne, tek Ferhojgen i ostali zapadni emisari ne pominju slučaj Kipra, koji je postao član EU iako nije prihvatio tursku okupaciju dela teritorije kao realnost na terenu.
Konstrukciju „realnost na terenu” prvi je lansirao bivši američki predsednik Džordž Buš 2004. godine, objašnjavajući zašto je nerealno da se Izraelci povuku na granice iz 1967. Na Bušovu „doktrinu” nadovezala se i izjava republikanskog senatora Džordža Vojnovića iz 2008. da svi treba da prihvate realnost na terenu kada je reč o Kosovu.
Koliko god da se prilike i akteri u Izraelu razlikovali od onih u Prištini ili Beogradu, Buš je na globalnom diplomatskom i političkom nivou zagovornik principa da „nova realnost” može da utiče na stare granice. Uzalud je kasnije Barak Obama pokušao da pokrene mirovnu inicijativu uz predlog da se Izraelci ipak vrate na položaje od pre 1967, jer iz Tel Aviva mu je stigao odgovor da je njegov prethodnik iz Bele kuće rekao nešto drugo.
Realnost je bila i da su tri pribaltičke republike bile deo SSSR-a, ali tu stvarnost SAD i mnogo pre Buša ipak nisu prihvatale. Američki ambasador u Beogradu Majkl Kirbi objasnio je da Litvaniju, Letoniju i Estoniju SAD nisu priznavale kao sovjetske republike, jer smatraju da Hitler nije imao pravo da pokloni te tri zemlje pre Drugog svetskog rata. U isto vreme, Amerika ne prihvata promenu realnosti koja se na Krimu desila 2014. godine. Ona i dalje smatra da ovo poluostrvo pripada Ukrajini, a ne Rusiji.
„Koliko je međunarodno pravo postalo deo realnosti i za samu Ameriku, vidi se kada nastoji da na pravnom terenu dovede u pitanje vraćanje Krima pod okrilje Rusije ili rusku akciju u Siriji. To pravo nije izuzetno značajno samo za male. I iznad moćnih uvek postoji neko moćniji ili njima ravan. I od tako snažne Nemačke postoje veće sile. Zato pravo pre ili kasnije mora da postane deo realnosti i na Kosovu i Metohiji. Srbija ima tapiju nad tom teritorijom, a dobro se zna šta u zapadnom svetu znači reč tapija”, ističe za „Politiku” Živadin Jovanović, predsednik Beogradskog foruma za svet ravnopravnih.
Tibor Varadi, profesora međunarodnog prava, smatra da je važno da Srbija u budućim koracima bude svesna da Kosovo nije u njenim rukama i da ne bi trebalo odbaciti ni aspekt realnog, ali ni formalne i pravne činioce.
„Kosovo jeste odvojeno potpuno protivno međunarodnom pravu, ali je ipak odvojeno. Ne mislim da bi Srbija trebalo da potpiše njegovo formalno priznanje i ozvaniči tu nepravdu, ali reći da ćemo odbraniti tu teritoriju spada u domen retorike u situaciji kada tamo nemate nikakvu kontrolu. Danas ni predsednik Srbije, ni drugi njeni najviši predstavnici ne mogu tamo da uđu bez dozvole nekih drugih vlasti. Takvo odobrenje kakvo moraju da zatraže od Prištine formalno im nije potrebno za ulazak u neku drugu zemlju poput Rumunije ili Mađarske, bez obzira na to što diplomatski protokol nalaže da najave zvaničnu posetu”, kaže Varadi.
Živadin Jovanović, međutim, ističe da ni stvarnost na Kosovu nije onakva kakvom je neki predstavljaju, dodajući da je predsednik SANU Vladimir Kostić poslednji od kojeg je očekivao da govori o potpunom povlačenju Srbije sa tog prostora.
„Kako to tvrditi, a ne reći ni reč šta je realno na severu Kosmeta i ko je tamo većina. Ili da govore da Srbija prestane da finansira institucije tamo, pa i one obrazovne, a na Kosovu rade i škole na srpskom jeziku. Ili da ne kažu da je i srpska tapija, a sa njom i Rezolucija 1244, realnost. I da ne pomenu principe OEBS-a iz Helsinškog finalnog akta iz 1975, koji garantuje da su međunarodno priznate granice realnost”, poručuje nekadašnji ministar spoljnih poslova SRJ.
Suštinsko pitanje na koje Srbija treba da usmeri energiju, po oceni Tibora Varadija, jeste opstanak Srba koji i dalje žive na Kosmetu i srpskih spomenika.
„To su neke oblasti za koje bismo mogli da izborimo punu  međunarodnu podršku. Da se i de jure i de fakto obezbedi potpuni opstanak srpske zajednice i kulture na Kosovu i da nam to bude realnost”, zaključuje Varadi.
----------------------------------------------------------------
Ambasadorka Kipra: Pobedili smo u pravnom ratu
Kao primer formalnopravnog neprihvatanja onoga što su pojedine zemlje nazivale „realnošću na terenu” izdvaja se i kiparsko pitanje. I pored pritisaka, Republika Kipar je u Evropsku uniju primljena kao celovita zemlja, bez naznaka da će vlada u Nikoziji priznati nezavisnost severnog dela zemlje.
„Severni deo Republike Kipar je pod okupacijom od invazije 1974, kada su turske oružane snage zauzele 36,2 odsto teritorije Republike Kipar i proterale oko 170.000 kiparskih Grka iz njihovih vekovnih domova, naglasivši pri tome da ta imovina više nije u vlasništvu tih Grka. Uprkos pokušaju turskih ’vlasti’ da otuđe ta dobra, koja su i danas zaposednuta, oni koji su tu živeli do 1974. ostali su jedini legalni vlasnici ovih poseda. To potvrđuju i presude više međunarodnih sudskih organa uključujući i Evropski sud za ljudska prava”, objašnjava za „Politiku” ambasadorka Kipra u Beogradu Nafsika Kusti.
Po njenoj oceni, „okupirano područje je samo nelegalni secesionistički entitet, jer se rezolucijama Saveta bezbednosti UN 541 iz 1983. i 550 iz 1984. sve države se pozivaju da poštuju celovitost i suverenost Republike Kipar, bez priznanja drugih država na njenoj teritoriji”.
„Za 41 godinu okupacije nijedna zemlja nije priznala taj nelegalni entitet sem Turske. Tome je doprinela upravo činjenica da je osnivanje takozvane Turske republike severni Kipar suprotno svim odredbama međunarodnog prava, ali i propisima EU. Protivno je i ugovoru iz 1960. koji su kao garanti potpisali Velika Britanija, Turska, Grčka i Republika Kipar, a koji, između ostalog, potvrđuje celovitost Kipra”, ističe kiparska ambasadorka.
Nafsika Krusti dodaje da su upravo to razlozi zbog kojih Kipar podržava suverenitet i celovitost svih država, pa tako ne priznaje ni jednostrano proglašenje nezavisnosti Kosova.
„Kada je reč o tom pitanju, ostajemo na čvrstoj poziciji. Kiparski stav mogao bi da bude preispitan samo pod uslovom da se nađe politički sporazum koji bi prihvatile obe strane na osnovu Rezolucije 1244 Saveta bezbednosti UN”, naglašava kiparska ambasadorka.
</article-text-transliterated></article><comments><comments-count>0</comments-count><comments-list /></comments></document>