<?xml version="1.0" encoding="utf-8"?>
<document global-id="sr-01-1433">
	<url>http://www.politika.rs/scc/clanak/319674/%D0%9C%D0%B8%D0%BD%D0%B8-%D1%84%D0%B0%D1%80%D0%BC%D0%B0-%D1%83-%D0%91%D0%B5%D1%98%D0%B1%D0%B8-%D0%B7%D0%BE%D0%BE-%D0%B2%D1%80%D1%82%D1%83</url>
	<source-id>sr-01</source-id>
	<local-id>1433</local-id>
	<source-name>Politika</source-name>
	<article>
		<article-title>Мини-фарма у „Бејби зоо-врту”</article-title>
		<article-title-transliterated>Mini-farma u „Bejbi zoo-vrtu”</article-title-transliterated>
		<article-time>2015-02-20</article-time>
		<article-author>D. Aleksić</article-author>
		<article-text>Простор „Бејби зоо-врта” у престоничком животињском царству ових дана је добио нови изглед. Око зелених површина у овом делу „Бео зоо-врта” постављене су беле оградице од дрвета. Ту ће уживати патуљасте козе и пони, ретки станари врта, које ће најмлађи посетиоци као и до сада моћи да мазе и са њима да се играју.
– Желели смо да у „Бејби зоо-врту” направимо ред. И раније су се деца играла са патуљастим козама, али оне су биле пуштене па су умеле да одшетају у друге делове врта. Сада смо направили мини-фарму. Козице ће бити пуштене и имаће довољно простора у ограђеном делу, а деца ће и даље бити у контакту са њима. Као и до сада моћи ће и да их хране јер увек ће бити мало кукуруза предвиђеног за њих. Али вероватно и даље нећемо моћи да спречимо да добију понеку грицкалицу – каже Нађа Радовић из „Бео зоо-врта”. Пони ће боравити у зеленилу преко пута козица.
Патуљасте козе у новом простору 
Ограђени простор за ове домаће животиње, објашњава Радовићева, урађен је како би били сигурнији и деца и оне. 
– Контакт ће бити редукован јер смо приметили да су козице понекад веома слободне. Деси се да скоче на децу или да се пропну како би дохватиле грицкалицу због чега се малишани уплаше, а реакције родитеља буду бурне. Понекад су деца, док су козице шетале вртом, имала обичај да их подижу што им никако не одговара – објашњава Радовићева.
Оаза &quot;Бео зоо-врта&quot;
Још једну новину посетиоци врта ових дана могу да уоче и на улазу у ово здање. На главној капији постављена је велика инфо-табла на којој су на енглеском, руском и српском језику истакнута правила понашања у врту. Табле су постављене и код фока и слона, а биће и код Мује, најстаријег становника врта. Са нешто другачијим обавештењима постављена је табла и у „Бејби зоо-врту”.
– То нису никаква нова правила, већ она за која смо увек апеловали да се поштују и да их се посетиоци придржавају. Једино што су сада и пред очима посетилаца. Дивље животиње не могу да се навикну на контакт са људима, поготову неконтролисан, а деца воле да их притисну, повуку што је нормално – указује Радовићева. 
Дуже радно време
Са продужетком дана полако се продужава и радно време врта па посетиоци животиње могу да виде од 8 до 17.30 часова. Моћи ће да виде све животиње, оне смештене у затвореном простору и оне на отвореном, па тако и најмлађе становнике – беле лавиће Ајшу и Пашу који су и даље у „Бејби зоо-врту”.
– Имају скоро пет месеци. Лепо напредују и више не користе млеко. У потпуности су прешли на месо – наводи Нађа Радовић.</article-text>
		<article-text-transliterated>Prostor „Bejbi zoo-vrta” u prestoničkom životinjskom carstvu ovih dana je dobio novi izgled. Oko zelenih površina u ovom delu „Beo zoo-vrta” postavljene su bele ogradice od drveta. Tu će uživati patuljaste koze i poni, retki stanari vrta, koje će najmlađi posetioci kao i do sada moći da maze i sa njima da se igraju.
– Želeli smo da u „Bejbi zoo-vrtu” napravimo red. I ranije su se deca igrala sa patuljastim kozama, ali one su bile puštene pa su umele da odšetaju u druge delove vrta. Sada smo napravili mini-farmu. Kozice će biti puštene i imaće dovoljno prostora u ograđenom delu, a deca će i dalje biti u kontaktu sa njima. Kao i do sada moći će i da ih hrane jer uvek će biti malo kukuruza predviđenog za njih. Ali verovatno i dalje nećemo moći da sprečimo da dobiju poneku grickalicu – kaže Nađa Radović iz „Beo zoo-vrta”. Poni će boraviti u zelenilu preko puta kozica.
Patuljaste koze u novom prostoru 
Ograđeni prostor za ove domaće životinje, objašnjava Radovićeva, urađen je kako bi bili sigurniji i deca i one. 
– Kontakt će biti redukovan jer smo primetili da su kozice ponekad veoma slobodne. Desi se da skoče na decu ili da se propnu kako bi dohvatile grickalicu zbog čega se mališani uplaše, a reakcije roditelja budu burne. Ponekad su deca, dok su kozice šetale vrtom, imala običaj da ih podižu što im nikako ne odgovara – objašnjava Radovićeva.
Oaza &quot;Beo zoo-vrta&quot;
Još jednu novinu posetioci vrta ovih dana mogu da uoče i na ulazu u ovo zdanje. Na glavnoj kapiji postavljena je velika info-tabla na kojoj su na engleskom, ruskom i srpskom jeziku istaknuta pravila ponašanja u vrtu. Table su postavljene i kod foka i slona, a biće i kod Muje, najstarijeg stanovnika vrta. Sa nešto drugačijim obaveštenjima postavljena je tabla i u „Bejbi zoo-vrtu”.
– To nisu nikakva nova pravila, već ona za koja smo uvek apelovali da se poštuju i da ih se posetioci pridržavaju. Jedino što su sada i pred očima posetilaca. Divlje životinje ne mogu da se naviknu na kontakt sa ljudima, pogotovu nekontrolisan, a deca vole da ih pritisnu, povuku što je normalno – ukazuje Radovićeva. 
Duže radno vreme
Sa produžetkom dana polako se produžava i radno vreme vrta pa posetioci životinje mogu da vide od 8 do 17.30 časova. Moći će da vide sve životinje, one smeštene u zatvorenom prostoru i one na otvorenom, pa tako i najmlađe stanovnike – bele laviće Ajšu i Pašu koji su i dalje u „Bejbi zoo-vrtu”.
– Imaju skoro pet meseci. Lepo napreduju i više ne koriste mleko. U potpunosti su prešli na meso – navodi Nađa Radović.</article-text-transliterated>
	</article>
	<comments>
		<comments-count>1</comments-count>
		<comments-list>
			<comment comment-id="1">
				<comment-parent-id/>
				<comment-text>A sta cemo sa praksom setanja divljih zivotinja po vrtu uz pratnju &quot;volontera&quot; i kako planirate da preupredite i specite nemio dogadjaj iz prosle godine i napada na jednoipogodisnje dete upravo u &quot;bebi zoo vrtu&quot;?</comment-text>
				<comment-text-transliterated>A sta cemo sa praksom setanja divljih zivotinja po vrtu uz pratnju &quot;volontera&quot; i kako planirate da preupredite i specite nemio dogadjaj iz prosle godine i napada na jednoipogodisnje dete upravo u &quot;bebi zoo vrtu&quot;?</comment-text-transliterated>
			</comment>
		</comments-list>
	</comments>
</document>
