<document global-id="sr-01-12"><url>http://www.politika.rs/scc/clanak/421062/%D0%90%D0%BA%D0%B0%D0%B4%D0%B5%D0%BC%D0%B8%D0%BA-%D0%9A%D0%BE%D1%81%D1%82%D0%B8%D1%9B-%D1%83%D0%BF%D0%BE%D0%B7%D0%BE%D1%80%D0%B0%D0%B2%D0%B0-%D0%B4%D0%B0-%D1%98%D0%B5-%D0%A1%D1%80%D0%B1%D0%B8%D1%98%D0%B0-%D0%BF%D0%BE%D0%B4%D0%B5%D1%99%D0%B5%D0%BD%D0%BE-%D0%B4%D1%80%D1%83%D1%88%D1%82%D0%B2%D0%BE-%D0%B0%D0%BA%D0%BE-%D1%81%D0%B5-%D0%B2%D0%B5%D0%BD%D1%82%D0%B8%D0%BB-%D0%BA%D0%BE%D0%BC%D1%83%D0%BD%D0%B8%D0%BA%D0%B0%D1%86%D0%B8%D1%98%D0%B5-%D0%BD%D0%B5-%D1%83%D1%81%D0%BF%D0%BE%D1%81%D1%82%D0%B0%D0%B2%D0%B8-%D0%BC%D0%BE%D0%B3%D1%83%D1%9B-%D0%BE%D0%B1%D1%80%D0%B0%D1%87%D1%83%D0%BD</url><source-id>sr-01</source-id><local-id>sr-01-12</local-id><source-name>Politika</source-name><article><article-title>Академик Костић упозорава да је Србија подељено друштво, ако се вентил комуникације не успостави могућ обрачун</article-title><article-title-transliterated>Akademik Kostić upozorava da je Srbija podeljeno društvo, ako se ventil komunikacije ne uspostavi moguć obračun</article-title-transliterated><article_time>2019-01-24</article_time><article-author /><article-text>
Председник Српске академије наука и уметности (САНУ) Владимир Костић оценио је да је Србија подељено друштво по многим линијама, а да би нетрпељивост и агресија, ако се вентил друштвене комуникације убрзо не успостави, могло прерасти у међусобни обрачун, преноси Бета.
Костић је у ауторском тексту за НИН написао да су Срби „упорно, уместо да граде институције и систем, своју енергију поклањали идеји политичког месијанства”.
„Одговорни грађанин није пријатан, али је неопходан саговорник за сваку власт и потпуно је депласирана флоскула упућена неистомишљеницима пре петнаестак година која их упућује да прво освоје власт (гласове), а тек потом евентуално изразе незадовољство”, оценио је Костић.
Он је указао да је Србија због подела постала „непокретно друштво, без много идеја у погледу будућности, али са много агресивности између појединаца различитих друштвених група”.
„Ми и они, наши и њихови, прва и друга Србија - око нас само издајице, плаћеници, националистички настројени злочинци, сорошевци, шпијуни, клерофашисти, продане душе, комуњаре, љотићевци”, написао је Костић.
Он је оценио да атмосфери супротстављености помаже „таблоидизација медија”.
„Целој атмосфери извесну токсичност додају и реакције на друштвеним мрежама, својим неретко насилним и малициозним језиком”, написао је Костић.
Он је додао да проблем „подела и омраза” може решавати само одговорна јавност у стабилном друштву.
</article-text><article-text-transliterated>
Predsednik Srpske akademije nauka i umetnosti (SANU) Vladimir Kostić ocenio je da je Srbija podeljeno društvo po mnogim linijama, a da bi netrpeljivost i agresija, ako se ventil društvene komunikacije ubrzo ne uspostavi, moglo prerasti u međusobni obračun, prenosi Beta.
Kostić je u autorskom tekstu za NIN napisao da su Srbi „uporno, umesto da grade institucije i sistem, svoju energiju poklanjali ideji političkog mesijanstva”.
„Odgovorni građanin nije prijatan, ali je neophodan sagovornik za svaku vlast i potpuno je deplasirana floskula upućena neistomišljenicima pre petnaestak godina koja ih upućuje da prvo osvoje vlast (glasove), a tek potom eventualno izraze nezadovoljstvo”, ocenio je Kostić.
On je ukazao da je Srbija zbog podela postala „nepokretno društvo, bez mnogo ideja u pogledu budućnosti, ali sa mnogo agresivnosti između pojedinaca različitih društvenih grupa”.
„Mi i oni, naši i njihovi, prva i druga Srbija - oko nas samo izdajice, plaćenici, nacionalistički nastrojeni zločinci, soroševci, špijuni, klerofašisti, prodane duše, komunjare, ljotićevci”, napisao je Kostić.
On je ocenio da atmosferi suprotstavljenosti pomaže „tabloidizacija medija”.
„Celoj atmosferi izvesnu toksičnost dodaju i reakcije na društvenim mrežama, svojim neretko nasilnim i malicioznim jezikom”, napisao je Kostić.
On je dodao da problem „podela i omraza” može rešavati samo odgovorna javnost u stabilnom društvu.
</article-text-transliterated></article><comments><comments-count>32</comments-count><comments-list><comment comment-id="1"><comment-parent-id /><comment-text>Svaka vlast, i najbolja i najgora, potiče iz naroda kojim vlada. Vlast odrasla na (ne)moralnim standardima tog društva, ne može mimo vlastitog vaspitanja ili nevaspitanja. Stoga ako želite zdravu vlast? Krenite sa moralnim vaskrsavanjem vlastitih potomaka. Sve u nadi da će barem vaši praunuci imati zdravu vlast. Sve prečice u tom procesu su prelazak sa lošeg na gore. Plemenit čovek se ne ceni puno u društvu koje krade, pljuje i psuje. Tu su druge norme na ceni. </comment-text><comment-text-transliterated>Svaka vlast, i najbolja i najgora, potiče iz naroda kojim vlada. Vlast odrasla na (ne)moralnim standardima tog društva, ne može mimo vlastitog vaspitanja ili nevaspitanja. Stoga ako želite zdravu vlast? Krenite sa moralnim vaskrsavanjem vlastitih potomaka. Sve u nadi da će barem vaši praunuci imati zdravu vlast. Sve prečice u tom procesu su prelazak sa lošeg na gore. Plemenit čovek se ne ceni puno u društvu koje krade, pljuje i psuje. Tu su druge norme na ceni. </comment-text-transliterated></comment><comment comment-id="2"><comment-parent-id /><comment-text>Lekovito bi bilo da se  na televizijama nacionalne frekvencije  upriliče debate između predstavnika vlasti i njihovih kritičara, ali ne po šablonu svi pričamo u glas i ne odgovaram na pitanje (već izgovaram kao mantru ono što sam naumio ).
U poslednjem se posebno ističu naprednjaci koji su izgleda obučeni za takav nastup.Od njih niko do reči. Iako im odajem priznanje da su zemlju počeli da izvlače iz ekonomskog gliba, ovo ponašanje me toliko iritira da menjam kanal čim počne takav,  nazovi dijalog.
Za početak,  dozvolite pristojnu  polemiku gospodo na vlasti!</comment-text><comment-text-transliterated>Lekovito bi bilo da se  na televizijama nacionalne frekvencije  upriliče debate između predstavnika vlasti i njihovih kritičara, ali ne po šablonu svi pričamo u glas i ne odgovaram na pitanje (već izgovaram kao mantru ono što sam naumio ).
U poslednjem se posebno ističu naprednjaci koji su izgleda obučeni za takav nastup.Od njih niko do reči. Iako im odajem priznanje da su zemlju počeli da izvlače iz ekonomskog gliba, ovo ponašanje me toliko iritira da menjam kanal čim počne takav,  nazovi dijalog.
Za početak,  dozvolite pristojnu  polemiku gospodo na vlasti!</comment-text-transliterated></comment><comment comment-id="3"><comment-parent-id /><comment-text>Javne tribine,predavanja studetima,po svim mestima u Srbiji.</comment-text><comment-text-transliterated>Javne tribine,predavanja studetima,po svim mestima u Srbiji.</comment-text-transliterated></comment><comment comment-id="4"><comment-parent-id /><comment-text>Konstatovana je bolest.Doktore,sta je lek?Da li bi trebalo da se najmudrije Srpske glave vise ukljuce u resavanju problema?</comment-text><comment-text-transliterated>Konstatovana je bolest.Doktore,sta je lek?Da li bi trebalo da se najmudrije Srpske glave vise ukljuce u resavanju problema?</comment-text-transliterated></comment><comment comment-id="4-1"><comment-parent-id>4</comment-parent-id><comment-text>@Kako bi po tebi mogli da se ukljuce ,,pored politicara .</comment-text><comment-text-transliterated>@Kako bi po tebi mogli da se ukljuce ,,pored politicara .</comment-text-transliterated></comment><comment comment-id="5"><comment-parent-id /><comment-text>O kakvoj evropskoj civilizaciji je reč. U većini Evrope i ne znaju za civilizaciju. Jesu razvijeniji od nas, ali sigurno ne i civilizovaniji. Kad bi mogli i smeli ti evropejci bi nas zgazili kao muvu, ito bez ikakvog povoda, samo zarad njihovih interesa . Mi to nikad drugima ne bi uradili, možda kad bi bili ugroženi ka nacija.</comment-text><comment-text-transliterated>O kakvoj evropskoj civilizaciji je reč. U većini Evrope i ne znaju za civilizaciju. Jesu razvijeniji od nas, ali sigurno ne i civilizovaniji. Kad bi mogli i smeli ti evropejci bi nas zgazili kao muvu, ito bez ikakvog povoda, samo zarad njihovih interesa . Mi to nikad drugima ne bi uradili, možda kad bi bili ugroženi ka nacija.</comment-text-transliterated></comment><comment comment-id="6"><comment-parent-id /><comment-text>"уместо да граде институције и систем, своју енергију поклањали идеји политичког месијанства”. Па кад на власт дођу шарлатани који разоре оно мало институција и угрозе систем који се зове Србија, онда је сасвим нормално да народ тежи политичком месијанству. Када ви академици јасно будете износили своје ставове о појединим питањима, а за то имате могућности, биће мање политичког месијанства. Надам се и политичког шарлатанства (индикативно ми је да вам оно не смета).</comment-text><comment-text-transliterated>"umesto da grade institucije i sistem, svoju energiju poklanjali ideji političkog mesijanstva”. Pa kad na vlast dođu šarlatani koji razore ono malo institucija i ugroze sistem koji se zove Srbija, onda je sasvim normalno da narod teži političkom mesijanstvu. Kada vi akademici jasno budete iznosili svoje stavove o pojedinim pitanjima, a za to imate mogućnosti, biće manje političkog mesijanstva. Nadam se i političkog šarlatanstva (indikativno mi je da vam ono ne smeta).</comment-text-transliterated></comment><comment comment-id="7"><comment-parent-id /><comment-text>А да се макар запитамо, ко и шта данас на БУ учи српску децу? Будуће учитеље, наставнике, професоре, уметнике, политичаре итд. Нпр. на почасном месту поред ректората стоји монументалан споменик црногорског владара, реплика оног из Подгорице. Постављен под Милошевићем. Црногорски национални симбол, симбол који обједињује све Црногорце без разлике. Имали ишта слично било где у Европи? А сутра ће нам опет бити крив Зли Запад или ко већ.</comment-text><comment-text-transliterated>A da se makar zapitamo, ko i šta danas na BU uči srpsku decu? Buduće učitelje, nastavnike, profesore, umetnike, političare itd. Npr. na počasnom mestu pored rektorata stoji monumentalan spomenik crnogorskog vladara, replika onog iz Podgorice. Postavljen pod Miloševićem. Crnogorski nacionalni simbol, simbol koji objedinjuje sve Crnogorce bez razlike. Imali išta slično bilo gde u Evropi? A sutra će nam opet biti kriv Zli Zapad ili ko već.</comment-text-transliterated></comment><comment comment-id="8"><comment-parent-id /><comment-text>Kostic pokusava da podeli Srbiju izmisljenim podelama.</comment-text><comment-text-transliterated>Kostic pokusava da podeli Srbiju izmisljenim podelama.</comment-text-transliterated></comment><comment comment-id="9"><comment-parent-id /><comment-text>Upozorenje Akademika je utemeljeno i na socijalnim razlikama koje se sve vise produbljuju. Vrlo je utemeljeno i upozoravajuce. Bez komunikacije, samo ce ekstremisti da jacaju, a njih je na sve strane,ko pirevina iznicu.</comment-text><comment-text-transliterated>Upozorenje Akademika je utemeljeno i na socijalnim razlikama koje se sve vise produbljuju. Vrlo je utemeljeno i upozoravajuce. Bez komunikacije, samo ce ekstremisti da jacaju, a njih je na sve strane,ko pirevina iznicu.</comment-text-transliterated></comment><comment comment-id="10"><comment-parent-id /><comment-text>Kada dodjem u Srbiju uvek posetim SANU (kao i malo nize dole i restoran Prolece).
Napustio sam Srbiju sezdesetih godina i vratio sam se prvi put 2012. Srbija kao nezavisna zemlja je uvek bila pod vladom nekog totalizma i kao rezultat toga narod je uvek bio manje ili vise potlacen. Kad je narod i njegova sloboda ugrozana tada svi ljudi da bi opstali postaju vrlo lukavi i prepredeni. Narod nije podeljen na dve grupe vec je pojedinacno razjedinjen prema licnoj potrebi i kao rezultat toga mi nemamo jedan kulturno-socijoloski indetitet na kome bi mogli da izgradimo novi poredak po evropskom sistemu. U takvoj atmosfei politicari na vlasti ne mogu da dobiju opstu podrsku naroda tako da bi uspesno postigli neke promene.</comment-text><comment-text-transliterated>Kada dodjem u Srbiju uvek posetim SANU (kao i malo nize dole i restoran Prolece).
Napustio sam Srbiju sezdesetih godina i vratio sam se prvi put 2012. Srbija kao nezavisna zemlja je uvek bila pod vladom nekog totalizma i kao rezultat toga narod je uvek bio manje ili vise potlacen. Kad je narod i njegova sloboda ugrozana tada svi ljudi da bi opstali postaju vrlo lukavi i prepredeni. Narod nije podeljen na dve grupe vec je pojedinacno razjedinjen prema licnoj potrebi i kao rezultat toga mi nemamo jedan kulturno-socijoloski indetitet na kome bi mogli da izgradimo novi poredak po evropskom sistemu. U takvoj atmosfei politicari na vlasti ne mogu da dobiju opstu podrsku naroda tako da bi uspesno postigli neke promene.</comment-text-transliterated></comment><comment comment-id="11"><comment-parent-id /><comment-text>Narod kaze "obucaru ne dalje od cipele"!!..koliko znam g.Kostic je medicinske struke!!!...cini mi se da bi vise mogao da doprinese resavanju problema u zdravsvu!!...Nazalost politika je ZANAT ili ti VESTINA...i tu nema ni postenja,ni lepote,ni doslednosti,ni postovanja  NICEGA samo VLASTI da da V L A S T I...ili kako politicari vole da kazu "sprovodjenje moguceg" i zato braco blogeri OKANITE SE POLITIKE...pa makar bili i akademici!!!</comment-text><comment-text-transliterated>Narod kaze "obucaru ne dalje od cipele"!!..koliko znam g.Kostic je medicinske struke!!!...cini mi se da bi vise mogao da doprinese resavanju problema u zdravsvu!!...Nazalost politika je ZANAT ili ti VESTINA...i tu nema ni postenja,ni lepote,ni doslednosti,ni postovanja  NICEGA samo VLASTI da da V L A S T I...ili kako politicari vole da kazu "sprovodjenje moguceg" i zato braco blogeri OKANITE SE POLITIKE...pa makar bili i akademici!!!</comment-text-transliterated></comment><comment comment-id="12"><comment-parent-id /><comment-text>Он (Костић) je додао да проблем „подела и омраза” може решавати само одговорна јавност у стабилном друштву.

Drugim rijecima, nema rjesenja jer nemamo ni odgovornu javnost ni stabilno drustvo. Mozda bas zbog "podjela i omraza". 
 Kokos ili jaje, sta dodje prije?

Tekst koji niti ohrabruje niti nudi neko rjesenje.
Nego, Kostic je neki dan navaljivao da "ponudi" ostavku, sta bi s tim?</comment-text><comment-text-transliterated>On (Kostić) je dodao da problem „podela i omraza” može rešavati samo odgovorna javnost u stabilnom društvu.

Drugim rijecima, nema rjesenja jer nemamo ni odgovornu javnost ni stabilno drustvo. Mozda bas zbog "podjela i omraza". 
 Kokos ili jaje, sta dodje prije?

Tekst koji niti ohrabruje niti nudi neko rjesenje.
Nego, Kostic je neki dan navaljivao da "ponudi" ostavku, sta bi s tim?</comment-text-transliterated></comment><comment comment-id="13"><comment-parent-id /><comment-text>Je li to onaj sto je rekao da treba da se "dostojanstveno povucemo sa Kosova"?
Svako je danas akademik...</comment-text><comment-text-transliterated>Je li to onaj sto je rekao da treba da se "dostojanstveno povucemo sa Kosova"?
Svako je danas akademik...</comment-text-transliterated></comment><comment comment-id="14"><comment-parent-id /><comment-text>Mi svi vidimo da problemi postoje. Nismo svi u situaciji da predlazemo kreativna rjesenja problema. To ocekujem od SANU.</comment-text><comment-text-transliterated>Mi svi vidimo da problemi postoje. Nismo svi u situaciji da predlazemo kreativna rjesenja problema. To ocekujem od SANU.</comment-text-transliterated></comment><comment comment-id="15"><comment-parent-id /><comment-text>Tako smo mali narod gospodine Kostiću a tako podeljeni i posvađani, čak se i mrzimo.
Podeljeni smo, na desne, na leve,na izdajnike i na one što kažu da nisu, na prave Srbe i na krive Srbe, na one iz matice i na one preko Drine, na one u svetu, na one sa KiM, na one iz Vojvodine, na one iz Šumadije,na vernike i nevernike, na evropljane i na one protiv Evrope. Ima li još kakva podela a da je mi nemamo?
Sve najgore podele nas razjedaju gospodine Kostiću.Šta mogu i kako nam mogu pomoći naše pametne i mudre glave, naši akademici?
Lično mislim da mogu, da im treba dati prostor i vreme, da nam pričaju, da se njihov glas čuje u svakoj srpskoj kući.
Ako se ove podele nastave, ništa dobro po Srbe? Čekaju nas verbalni i fizički obračuni, beda i siromaštvo. Demografsko stanje nam je kao omča oko vrata, dok prljava politika pomaže da nas je svaki dan manje i da nas je svaki dan sve više po belom svetu.
Gospodine Kostiću, akademici bez odlaganja morate se uključiti, da bi se našlo spašenje za Srbe.
</comment-text><comment-text-transliterated>Tako smo mali narod gospodine Kostiću a tako podeljeni i posvađani, čak se i mrzimo.
Podeljeni smo, na desne, na leve,na izdajnike i na one što kažu da nisu, na prave Srbe i na krive Srbe, na one iz matice i na one preko Drine, na one u svetu, na one sa KiM, na one iz Vojvodine, na one iz Šumadije,na vernike i nevernike, na evropljane i na one protiv Evrope. Ima li još kakva podela a da je mi nemamo?
Sve najgore podele nas razjedaju gospodine Kostiću.Šta mogu i kako nam mogu pomoći naše pametne i mudre glave, naši akademici?
Lično mislim da mogu, da im treba dati prostor i vreme, da nam pričaju, da se njihov glas čuje u svakoj srpskoj kući.
Ako se ove podele nastave, ništa dobro po Srbe? Čekaju nas verbalni i fizički obračuni, beda i siromaštvo. Demografsko stanje nam je kao omča oko vrata, dok prljava politika pomaže da nas je svaki dan manje i da nas je svaki dan sve više po belom svetu.
Gospodine Kostiću, akademici bez odlaganja morate se uključiti, da bi se našlo spašenje za Srbe.
</comment-text-transliterated></comment><comment comment-id="16"><comment-parent-id /><comment-text>Постоји само један подела у народу: Јена страна је власт а друга страна су грађани. Свс остало су варијације на тему.</comment-text><comment-text-transliterated>Postoji samo jedan podela u narodu: Jena strana je vlast a druga strana su građani. Svs ostalo su varijacije na temu.</comment-text-transliterated></comment><comment comment-id="16-1"><comment-parent-id>16</comment-parent-id><comment-text>Građani su izabrali vlast, tako da to nisu dve strane.
Ako mislite da su ovi što uličare druga strana varate se, oni su oni što su izbore izgubili, pa probavaju uličarenjem srušiti legitimnu vlast i ustoličiti se.
Na izbore oni neće, strah ih je volje birača, opet bi izgubili, pa bi na vlast preko kolena.</comment-text><comment-text-transliterated>Građani su izabrali vlast, tako da to nisu dve strane.
Ako mislite da su ovi što uličare druga strana varate se, oni su oni što su izbore izgubili, pa probavaju uličarenjem srušiti legitimnu vlast i ustoličiti se.
Na izbore oni neće, strah ih je volje birača, opet bi izgubili, pa bi na vlast preko kolena.</comment-text-transliterated></comment><comment comment-id="17"><comment-parent-id /><comment-text>Срби у 20. веку једноставно нису имали националну културно-просветну елиту. Србохрватска елита је омела сазревање српске нације и потпуно одвојила Србе од европске цивилизације. Тако су постале могуће чак и монструозне авнојске границе усред Европе 20. века. Трећина српског народа је изопштена, што је најстрашније уз велику подршку из Београда.</comment-text><comment-text-transliterated>Srbi u 20. veku jednostavno nisu imali nacionalnu kulturno-prosvetnu elitu. Srbohrvatska elita je omela sazrevanje srpske nacije i potpuno odvojila Srbe od evropske civilizacije. Tako su postale moguće čak i monstruozne avnojske granice usred Evrope 20. veka. Trećina srpskog naroda je izopštena, što je najstrašnije uz veliku podršku iz Beograda.</comment-text-transliterated></comment><comment comment-id="17-1"><comment-parent-id>17</comment-parent-id><comment-text>Milutinova "teorija" o 'nezrelosti srpske nacije' je tužno-smešna (čak i da je tačna) i jedino što sam jasno uspeo da razumem u oba njegova priloga. Druga mu je rečenica, u prvom prilogu, neki da sada neotkriveni "biser"! U svojoj reakciji na Milkin komentar nastavlja sa biserima; ništa smisleno ili razumljivo. Onda se i ti Borivoje utrpavaš pa kritikuješ Milku što se uopšte javlja kad nije "mi" niti je "naša" (a ti sigurno jesi!?). Ono što je Milka napisala Srbe kao što si ti pogađa i boli jer je istina koju vi (i ti) ne možete ni da smislite ni očima vidite. Vas istina truje.</comment-text><comment-text-transliterated>Milutinova "teorija" o 'nezrelosti srpske nacije' je tužno-smešna (čak i da je tačna) i jedino što sam jasno uspeo da razumem u oba njegova priloga. Druga mu je rečenica, u prvom prilogu, neki da sada neotkriveni "biser"! U svojoj reakciji na Milkin komentar nastavlja sa biserima; ništa smisleno ili razumljivo. Onda se i ti Borivoje utrpavaš pa kritikuješ Milku što se uopšte javlja kad nije "mi" niti je "naša" (a ti sigurno jesi!?). Ono što je Milka napisala Srbe kao što si ti pogađa i boli jer je istina koju vi (i ti) ne možete ni da smislite ni očima vidite. Vas istina truje.</comment-text-transliterated></comment><comment comment-id="17-2"><comment-parent-id>17</comment-parent-id><comment-text>@Milka - 90-их је све било у рукама Хрвата и Црногораца, Срби су били потпуно недорасли. Кад већ помињете, не би било лоше имати макар представу о размерама. Када су Јужни Словени загосподарили овим просторима а народ живео махом по својим селима, по попису 1921. на територији Авнојске БиХ је живело 829.000 православаца, Авнојске Хрватске 606.000, Авнојске Црне Горе 212.000, Авнојског Космета 92.000.</comment-text><comment-text-transliterated>@Milka - 90-ih je sve bilo u rukama Hrvata i Crnogoraca, Srbi su bili potpuno nedorasli. Kad već pominjete, ne bi bilo loše imati makar predstavu o razmerama. Kada su Južni Sloveni zagospodarili ovim prostorima a narod živeo mahom po svojim selima, po popisu 1921. na teritoriji Avnojske BiH je živelo 829.000 pravoslavaca, Avnojske Hrvatske 606.000, Avnojske Crne Gore 212.000, Avnojskog Kosmeta 92.000.</comment-text-transliterated></comment><comment comment-id="18"><comment-parent-id /><comment-text>Pa vi iz SANU budite aktivni sa javnoscu... , napravite programe, javne nastupe,  po skolama , kolektivima, crkvama ... itd.  pod vasim imenon... Nece se nista promeniti sa par clanaka u politici, tj. za zatvoreni kriug ljudi </comment-text><comment-text-transliterated>Pa vi iz SANU budite aktivni sa javnoscu... , napravite programe, javne nastupe,  po skolama , kolektivima, crkvama ... itd.  pod vasim imenon... Nece se nista promeniti sa par clanaka u politici, tj. za zatvoreni kriug ljudi </comment-text-transliterated></comment><comment comment-id="19"><comment-parent-id /><comment-text>Gospodin Kostic daje dobru dijagnozu stanja u drustvu, ali to nije dovoljno. Da li se Akademija oglasila povodom katastrofalnog stanja u demografiji, polozaja mladih u drustvu, stanjem u nauci i ociglednom nipodastavanju institucija u Srbiji? A trebala je i morala kao i da iznese predloge kako da se problemi rese. Ovako, sve to izgleda licemerno. Akademija i dalje dobija novac od drzave, njeni clanovi se sepure zvanjima akademika i gotovo nista ne rade, a samo povremeno se cuju ovakvi vapaji, koji vise izgledaju kao umirivanje sopstvene savesti.</comment-text><comment-text-transliterated>Gospodin Kostic daje dobru dijagnozu stanja u drustvu, ali to nije dovoljno. Da li se Akademija oglasila povodom katastrofalnog stanja u demografiji, polozaja mladih u drustvu, stanjem u nauci i ociglednom nipodastavanju institucija u Srbiji? A trebala je i morala kao i da iznese predloge kako da se problemi rese. Ovako, sve to izgleda licemerno. Akademija i dalje dobija novac od drzave, njeni clanovi se sepure zvanjima akademika i gotovo nista ne rade, a samo povremeno se cuju ovakvi vapaji, koji vise izgledaju kao umirivanje sopstvene savesti.</comment-text-transliterated></comment><comment comment-id="20"><comment-parent-id /><comment-text>..Srbija je uvek  bila zemlja slobodnog naroda i njene pameti i  nemoze se folirati i zato je postojana u svom hiljadugodisnjem zivotu..Sukoba netreba i zato dati sansu onim koji nisu dosadni i osioni poradi svojih politickih karijera..Ako treba vojska moze preuzeti vlast dok nezadovoljni narod nepreuzme institucije drzave a politicke elite na vlasti u zadnjih dvadeset godina koji su se enormno obogatili i njihovi tajkuni oteraju na zasluzenu robiju..</comment-text><comment-text-transliterated>..Srbija je uvek  bila zemlja slobodnog naroda i njene pameti i  nemoze se folirati i zato je postojana u svom hiljadugodisnjem zivotu..Sukoba netreba i zato dati sansu onim koji nisu dosadni i osioni poradi svojih politickih karijera..Ako treba vojska moze preuzeti vlast dok nezadovoljni narod nepreuzme institucije drzave a politicke elite na vlasti u zadnjih dvadeset godina koji su se enormno obogatili i njihovi tajkuni oteraju na zasluzenu robiju..</comment-text-transliterated></comment><comment comment-id="21"><comment-parent-id /><comment-text>Biću kratak u svom komentaru. Oni koji pitaju ko u državi ima najveću odgovornost? Po izreci starih Grka: Oni koji vladaju društvom. Zar je logično da se narod buni ako mu je dobro? Ima jedna ipak logiha kod navedenih Grka.  Ako je narodu dobro,a narod protestuje, to ne potiče iz kuće, već izvan nje.</comment-text><comment-text-transliterated>Biću kratak u svom komentaru. Oni koji pitaju ko u državi ima najveću odgovornost? Po izreci starih Grka: Oni koji vladaju društvom. Zar je logično da se narod buni ako mu je dobro? Ima jedna ipak logiha kod navedenih Grka.  Ako je narodu dobro,a narod protestuje, to ne potiče iz kuće, već izvan nje.</comment-text-transliterated></comment><comment comment-id="22"><comment-parent-id /><comment-text>Uz svo poštovanje mislim da akademik svesno prikazuje stanje u društvu mnogo gorim nego što faktički jeste. I sam je doprineo i podlegao "medijskoj tabloidizaciji". Sva dosadašnja istraživanja pokazala su da je na jednoj strani preko 80% građana a od ostatka nije ni polovina onih koji, uz pomoć "tabloiziranih medija" i sponzora, stvaqraju atmosferu ogromnih podela. Očekujem da će vlast iz akademikovog teksta izvući pouku o potrebi "uspostavljanja ventila" tako što će raspisati izbore čiji će rezultati pokazati pravi odnos snaga u društvu i onemogućiti "moguć obračun". Očekujem da akademik podrži raspisivanje prevremenih izbora, ukoliko veruje u ono što je napisao i želi da se spreči "moguć obračun".</comment-text><comment-text-transliterated>Uz svo poštovanje mislim da akademik svesno prikazuje stanje u društvu mnogo gorim nego što faktički jeste. I sam je doprineo i podlegao "medijskoj tabloidizaciji". Sva dosadašnja istraživanja pokazala su da je na jednoj strani preko 80% građana a od ostatka nije ni polovina onih koji, uz pomoć "tabloiziranih medija" i sponzora, stvaqraju atmosferu ogromnih podela. Očekujem da će vlast iz akademikovog teksta izvući pouku o potrebi "uspostavljanja ventila" tako što će raspisati izbore čiji će rezultati pokazati pravi odnos snaga u društvu i onemogućiti "moguć obračun". Očekujem da akademik podrži raspisivanje prevremenih izbora, ukoliko veruje u ono što je napisao i želi da se spreči "moguć obračun".</comment-text-transliterated></comment><comment comment-id="22-1"><comment-parent-id>22</comment-parent-id><comment-text>Izbori da ali pod kojim uslovima? Po sadasnjim moze samo doci do bojkota istih. Dozvoliti na svim medijima da opozicija odgovori na besmislene napade Vucica i njegovih satrapa, to bi bio samo pocetak fer izbora, puno toga treba srediti a zatim rspisati izbore!</comment-text><comment-text-transliterated>Izbori da ali pod kojim uslovima? Po sadasnjim moze samo doci do bojkota istih. Dozvoliti na svim medijima da opozicija odgovori na besmislene napade Vucica i njegovih satrapa, to bi bio samo pocetak fer izbora, puno toga treba srediti a zatim rspisati izbore!</comment-text-transliterated></comment><comment comment-id="23"><comment-parent-id /><comment-text>Још је старогрчки мислилац Платон рекао да....сваки народ заслужује власт и државу коју има! Шта смо изабрали...то смо и добили, а бирали су(мада они то мисле да није тако) и они који нису хтели да бирају! Знамо ми да постоје велике силе које се питају, али смо заборавили да имамо мозак да раазмишљамо !!!!</comment-text><comment-text-transliterated>Još je starogrčki mislilac Platon rekao da....svaki narod zaslužuje vlast i državu koju ima! Šta smo izabrali...to smo i dobili, a birali su(mada oni to misle da nije tako) i oni koji nisu hteli da biraju! Znamo mi da postoje velike sile koje se pitaju, ali smo zaboravili da imamo mozak da raazmišljamo !!!!</comment-text-transliterated></comment><comment comment-id="23-1"><comment-parent-id>23</comment-parent-id><comment-text>Zivko, nije to rekao Platon nego Marks. Ako ne vjerujes, provjeri na internetu.
"Svaki narod ima onakvu političku vlast kakvu zaslužuje.”
Karl Marks</comment-text><comment-text-transliterated>Zivko, nije to rekao Platon nego Marks. Ako ne vjerujes, provjeri na internetu.
"Svaki narod ima onakvu političku vlast kakvu zaslužuje.”
Karl Marks</comment-text-transliterated></comment><comment comment-id="24"><comment-parent-id /><comment-text>Могуће да у оригиналном чланку постоји, још га нисам прочитао, али овде не видим одговор ко је изразито одговорнији за овакво стање у друштву? Код кога су главне полуге којима се покреће лавина неповерења, мржње, непристојности и насиља? Наравно да нико од актера политичке сцене није цвећка али не може бити ни приближно фифти-фифти, јасно је то овом паметном али за мој укус, превише опрезном и уздржаном човеку.</comment-text><comment-text-transliterated>Moguće da u originalnom članku postoji, još ga nisam pročitao, ali ovde ne vidim odgovor ko je izrazito odgovorniji za ovakvo stanje u društvu? Kod koga su glavne poluge kojima se pokreće lavina nepoverenja, mržnje, nepristojnosti i nasilja? Naravno da niko od aktera političke scene nije cvećka ali ne može biti ni približno fifti-fifti, jasno je to ovom pametnom ali za moj ukus, previše opreznom i uzdržanom čoveku.</comment-text-transliterated></comment><comment comment-id="25"><comment-parent-id /><comment-text>to je sve tacno ali te podele nisu od juce,vec postoje odavno u nas!!</comment-text><comment-text-transliterated>to je sve tacno ali te podele nisu od juce,vec postoje odavno u nas!!</comment-text-transliterated></comment><comment comment-id="25-1"><comment-parent-id>25</comment-parent-id><comment-text>ALI OVAKO SIRENJE MRZNJE I PODELA NIJE BILO PRE 2012.
SANU MORA FRONTALNO DA SE UKLJUCI DA SE PODELE ZAUSTAVE, NEKA PISU NEKI MEMORANDUM I UPUTI NAROD DA STRANKE NISU NI OTAC NI MAJKA!</comment-text><comment-text-transliterated>ALI OVAKO SIRENJE MRZNJE I PODELA NIJE BILO PRE 2012.
SANU MORA FRONTALNO DA SE UKLJUCI DA SE PODELE ZAUSTAVE, NEKA PISU NEKI MEMORANDUM I UPUTI NAROD DA STRANKE NISU NI OTAC NI MAJKA!</comment-text-transliterated></comment></comments-list></comments></document>