<document global-id="sr-01-1419"><url>http://www.politika.rs/scc/clanak/335773/%D0%9C%D0%B8%D0%B3%D1%80%D0%B0%D0%BD%D1%82%D0%B5-%D1%83-%D1%85%D0%BE%D1%81%D1%82%D0%B5%D0%BB-%D0%B7%D0%BE%D0%B2%D1%83-%D0%B8-%D0%BD%D0%B0-%D0%B0%D1%80%D0%B0%D0%BF%D1%81%D0%BA%D0%BE%D0%BC</url><source-id>sr-01</source-id><local-id>sr-01-1419</local-id><source-name>Politika</source-name><article><article-title>Мигранте у хостел зову и на арапском</article-title><article-title-transliterated>Migrante u hostel zovu i na arapskom</article-title-transliterated><article_time>2015-08-15</article_time><article-author>Aleksandar Bojović</article-author><article-text>
Језичке баријере већ су пале на „првој линији додира”, између избеглица са Блиског истока и Београђана, у улицама које окружују паркове у Савамали. Многи власници хостела, обавештење да за неколико евра пружају услуге преноћишта истакли су на – арапском.
Испред уских улаза зграда који воде до рецепција – гужва. Људи са ранчевима и торбама, али и неки празних руку, жене са бебама у наручју и стари, стоје или седе на тротоару али и на степеништу у зградама, чекајући празну собу.
Никад се не зна где има слободног места јер мигранти непрестано долазе, али и врло брзо настављају пут ка мађарској граници. Собе које изнајмљују служе им само да преспавају и прикупе снагу за све оно што их чека на путовању ка северу и западу Европе.
Газде хостела брзо су се прилагодиле новонасталој ситуацији, преноћиште нуде за шест евра, а оне мало боље собе коштају и до 14 евра.
У хостелу у Улици адмирала Гепрата све су собе попуњене, каже власница и додаје да већ по томе како потенцијални гост реагује на цену може да се наслути одакле је.
„ Чини ми се да Сиријцима није скупо док је Авганистанцима сваки динар као кућа. Долазе породице са децом, али и млади људи у групама. Међу гостима је било и професора, уметника и доктора. Остају дан, два, највише три. Одморе се и иду даље” каже она.
Њен је утисак да мигранти у Београду истински одахну, јер овде коначно добијају уточиште. Речи хвале за нас имају нарочито они који су доживели муке са полицијом у Македонији и Бугарској.
Документ који мигранти добијају од наше полиције када изразе азилну намеру, дозвољавају им да легално буду у Србији 72 часа и за то време морају да покрену поступак за добијање азила. Баш толико, односно три дана, и хостели најдуже могу да их угосте.
„Често смо у непријатној ситуацији јер морамо да их замолимо да напусте собе. Уколико их полиција пронађе код нас и ми можемо да имамо проблеме”, објашњава наша саговорница.
Из хостела излази група од четворо-петоро миграната. Дошли су из Ирака, прича један од њих на течном енглеском, а коначна дестинација им је Немачка.
Мигранти у Савамали (Фото Р. Крстинић)
– Имамо одређену уштеђевину па можемо да изнајмимо собу да се одморимо, јер путујемо недељама. Сви су љубазни према нама, а у хостелу се труде да нас угосте – прича овај Ирачанин.
Тик до овог, у истој згради али на другом спрату,  налази се други угоститељски објекат. И у њему гужва, а места нема довољно за све. У четворокреветној соби, сазнајемо, спава породица из Сирије, а и у све остале собе заузели су мигранти исцрпљени од вишемесечног пута. Овај хостел недавно је отворен, а запослени су готово све прилагодили актуелним гостима. Обавештења су превели на арапски језик а у заједничкој кухињи свакодневно кувају црни чај и припремају посебна јела.
И у Карађорђевој улици, надомак Аутобуске и Железничке станице слична слика: на зградама обавештења на српском и арапском куда мигранти треба да се упуте уколико желе привремено уточиште. И пекари и власници радњи угледали су се на власнике хостела па су свој мени превели на арапски. Муштерија има пуно, кажу, јер и мигранти се разликују: они који путују без пара место за одмор проналазе у парку, на трави и клупама и користе монтажне тоалете, док воду пију са постављених цистерни. Несрећни људи који у џепу имају и одређену количину евра плаћају преноћиште у хостелима а хране се у пекарама.
Али нису у свим хостелима ради да на преноћиште приме избеглице, па чак ни на два–три дана. У то смо се уверили „иза самог ћошка”. Радница угоститељског објекта на почетку Сарајевске улице каже да они искључиво примају туристе. Избеглицама објашњавају да су “пуни” и да место потраже у суседним преноћиштима.
„Желимо да радимо по пропису, а често се дешава да мигранти немају документе, па ни азилну потврду. У таквим ситуацијама не смемо да им пружимо преноћиште” објашњава радница.
Само у центру Београда, у Карађорђевој, Сарајевској и улици Гаврила Принципа има на десетине хостела. Сви капацитети су попуњени, тврде запослени, а цену диктира квалитет услуге. Има „умивених” са новим намештајем и једнокреветним собама са ЛЦД-има али и оних који су настали спајањем два стана у некој старој згради у Савамали. У тим собама у креветима на спрат спава десетак људи.
Инспекције надзиру
У Београду услугу смештаја пружа сто хостела, податак је интерне евиденције Сектора туристичке инспекције.
Надлежне инспекције у којима је учествовала и туристичка недавно су спровеле контролу објеката у којима се смештају азиланти.
„Утврђено је да се евиденција гостију не води дневно и ажурно и да се гости не уписују у књигу гостију”, кажу из туристичке инспекције и додају да контролама није утврђено да се гостима у хостелу наплаћује више од прописаних цена.
„Они који раде као регистровани објекти били су, наравно, у почетку опрезни, јер нису желели да прекрше закон и да имају проблема због илегалних гостију и тражили су информације о од нас. У сваком случају, не треба да примају људе који илегално бораве у Србији” наводе у туристичкој инспекцији.
</article-text><article-text-transliterated>
Jezičke barijere već su pale na „prvoj liniji dodira”, između izbeglica sa Bliskog istoka i Beograđana, u ulicama koje okružuju parkove u Savamali. Mnogi vlasnici hostela, obaveštenje da za nekoliko evra pružaju usluge prenoćišta istakli su na – arapskom.
Ispred uskih ulaza zgrada koji vode do recepcija – gužva. Ljudi sa rančevima i torbama, ali i neki praznih ruku, žene sa bebama u naručju i stari, stoje ili sede na trotoaru ali i na stepeništu u zgradama, čekajući praznu sobu.
Nikad se ne zna gde ima slobodnog mesta jer migranti neprestano dolaze, ali i vrlo brzo nastavljaju put ka mađarskoj granici. Sobe koje iznajmljuju služe im samo da prespavaju i prikupe snagu za sve ono što ih čeka na putovanju ka severu i zapadu Evrope.
Gazde hostela brzo su se prilagodile novonastaloj situaciji, prenoćište nude za šest evra, a one malo bolje sobe koštaju i do 14 evra.
U hostelu u Ulici admirala Geprata sve su sobe popunjene, kaže vlasnica i dodaje da već po tome kako potencijalni gost reaguje na cenu može da se nasluti odakle je.
„ Čini mi se da Sirijcima nije skupo dok je Avganistancima svaki dinar kao kuća. Dolaze porodice sa decom, ali i mladi ljudi u grupama. Među gostima je bilo i profesora, umetnika i doktora. Ostaju dan, dva, najviše tri. Odmore se i idu dalje” kaže ona.
Njen je utisak da migranti u Beogradu istinski odahnu, jer ovde konačno dobijaju utočište. Reči hvale za nas imaju naročito oni koji su doživeli muke sa policijom u Makedoniji i Bugarskoj.
Dokument koji migranti dobijaju od naše policije kada izraze azilnu nameru, dozvoljavaju im da legalno budu u Srbiji 72 časa i za to vreme moraju da pokrenu postupak za dobijanje azila. Baš toliko, odnosno tri dana, i hosteli najduže mogu da ih ugoste.
„Često smo u neprijatnoj situaciji jer moramo da ih zamolimo da napuste sobe. Ukoliko ih policija pronađe kod nas i mi možemo da imamo probleme”, objašnjava naša sagovornica.
Iz hostela izlazi grupa od četvoro-petoro migranata. Došli su iz Iraka, priča jedan od njih na tečnom engleskom, a konačna destinacija im je Nemačka.
Migranti u Savamali (Foto R. Krstinić)
– Imamo određenu ušteđevinu pa možemo da iznajmimo sobu da se odmorimo, jer putujemo nedeljama. Svi su ljubazni prema nama, a u hostelu se trude da nas ugoste – priča ovaj Iračanin.
Tik do ovog, u istoj zgradi ali na drugom spratu,  nalazi se drugi ugostiteljski objekat. I u njemu gužva, a mesta nema dovoljno za sve. U četvorokrevetnoj sobi, saznajemo, spava porodica iz Sirije, a i u sve ostale sobe zauzeli su migranti iscrpljeni od višemesečnog puta. Ovaj hostel nedavno je otvoren, a zaposleni su gotovo sve prilagodili aktuelnim gostima. Obaveštenja su preveli na arapski jezik a u zajedničkoj kuhinji svakodnevno kuvaju crni čaj i pripremaju posebna jela.
I u Karađorđevoj ulici, nadomak Autobuske i Železničke stanice slična slika: na zgradama obaveštenja na srpskom i arapskom kuda migranti treba da se upute ukoliko žele privremeno utočište. I pekari i vlasnici radnji ugledali su se na vlasnike hostela pa su svoj meni preveli na arapski. Mušterija ima puno, kažu, jer i migranti se razlikuju: oni koji putuju bez para mesto za odmor pronalaze u parku, na travi i klupama i koriste montažne toalete, dok vodu piju sa postavljenih cisterni. Nesrećni ljudi koji u džepu imaju i određenu količinu evra plaćaju prenoćište u hostelima a hrane se u pekarama.
Ali nisu u svim hostelima radi da na prenoćište prime izbeglice, pa čak ni na dva–tri dana. U to smo se uverili „iza samog ćoška”. Radnica ugostiteljskog objekta na početku Sarajevske ulice kaže da oni isključivo primaju turiste. Izbeglicama objašnjavaju da su “puni” i da mesto potraže u susednim prenoćištima.
„Želimo da radimo po propisu, a često se dešava da migranti nemaju dokumente, pa ni azilnu potvrdu. U takvim situacijama ne smemo da im pružimo prenoćište” objašnjava radnica.
Samo u centru Beograda, u Karađorđevoj, Sarajevskoj i ulici Gavrila Principa ima na desetine hostela. Svi kapaciteti su popunjeni, tvrde zaposleni, a cenu diktira kvalitet usluge. Ima „umivenih” sa novim nameštajem i jednokrevetnim sobama sa LCD-ima ali i onih koji su nastali spajanjem dva stana u nekoj staroj zgradi u Savamali. U tim sobama u krevetima na sprat spava desetak ljudi.
Inspekcije nadziru
U Beogradu uslugu smeštaja pruža sto hostela, podatak je interne evidencije Sektora turističke inspekcije.
Nadležne inspekcije u kojima je učestvovala i turistička nedavno su sprovele kontrolu objekata u kojima se smeštaju azilanti.
„Utvrđeno je da se evidencija gostiju ne vodi dnevno i ažurno i da se gosti ne upisuju u knjigu gostiju”, kažu iz turističke inspekcije i dodaju da kontrolama nije utvrđeno da se gostima u hostelu naplaćuje više od propisanih cena.
„Oni koji rade kao registrovani objekti bili su, naravno, u početku oprezni, jer nisu želeli da prekrše zakon i da imaju problema zbog ilegalnih gostiju i tražili su informacije o od nas. U svakom slučaju, ne treba da primaju ljude koji ilegalno borave u Srbiji” navode u turističkoj inspekciji.
</article-text-transliterated></article><comments><comments-count>12</comments-count><comments-list><comment comment-id="1"><comment-parent-id /><comment-text>Stvarno mi je neshvatljiva vaša politika cenzusiranja komentara. Više ili manje redovno pišem komentare koje mi redovno objavljuju, bez ikakvih problema, medijumi  i internetni portali u Sloveniji, Hrvatskoj, Rusiji /RT Today).  Mogu da shvatim cenzuru kada su komentari vulgarni, kada izražavaju netrpeljivost i slično. Ali kada iznosim svoje mišljenje, ma koliko ono bilo neprijatno ili možda nekima neprihvatljivo - ukoliko ne vredja ničije ljudsko dostojanstvo ili ne izražava pretnju drugima - onda mi stvarno nije jasno zašto ne može da se objavi. A možda mi je i jasno i to ne žeim da prihvatim. Da prihvatim činjenicu da Poltika nije više nezavisno i slobodno glasilo, veće je postalo instrument u rukama stranog kapitala koji neumitno kroji uredjivačku politiku Politike, a kakvi su ciljevi stranog kapitala i kako su pogubni za Srbiju i srpski narod jasno je svakom poštenom i iskrenom intelektualcu koji još nije prodao svoju dušu imperijumu zla.</comment-text><comment-text-transliterated>Stvarno mi je neshvatljiva vaša politika cenzusiranja komentara. Više ili manje redovno pišem komentare koje mi redovno objavljuju, bez ikakvih problema, medijumi  i internetni portali u Sloveniji, Hrvatskoj, Rusiji /RT Today).  Mogu da shvatim cenzuru kada su komentari vulgarni, kada izražavaju netrpeljivost i slično. Ali kada iznosim svoje mišljenje, ma koliko ono bilo neprijatno ili možda nekima neprihvatljivo - ukoliko ne vredja ničije ljudsko dostojanstvo ili ne izražava pretnju drugima - onda mi stvarno nije jasno zašto ne može da se objavi. A možda mi je i jasno i to ne žeim da prihvatim. Da prihvatim činjenicu da Poltika nije više nezavisno i slobodno glasilo, veće je postalo instrument u rukama stranog kapitala koji neumitno kroji uredjivačku politiku Politike, a kakvi su ciljevi stranog kapitala i kako su pogubni za Srbiju i srpski narod jasno je svakom poštenom i iskrenom intelektualcu koji još nije prodao svoju dušu imperijumu zla.</comment-text-transliterated></comment><comment comment-id="2"><comment-parent-id /><comment-text>". Баш толико, односно три дана, и хостели најдуже могу да их угосте."
To samo ako izraze nameru da traže azil. Ako ga stvarno i zatraže, mogu ostati do kraja postupka za azil, to jest dokle imaju para da plate.
Podneti "zahtev za azil" i "izraziti nameru da se traži azil" su dve potpuno različite stvari.</comment-text><comment-text-transliterated>". Baš toliko, odnosno tri dana, i hosteli najduže mogu da ih ugoste."
To samo ako izraze nameru da traže azil. Ako ga stvarno i zatraže, mogu ostati do kraja postupka za azil, to jest dokle imaju para da plate.
Podneti "zahtev za azil" i "izraziti nameru da se traži azil" su dve potpuno različite stvari.</comment-text-transliterated></comment><comment comment-id="3"><comment-parent-id /><comment-text>Kad smo mi iz Krajine 1995-e bjezali,nismo smjeli u grad,na svakom izlazu sa auto puta blokada,na svakoj autobuskoj milicija. Hvala braći i na tome! Eto vam Arapi!!!!</comment-text><comment-text-transliterated>Kad smo mi iz Krajine 1995-e bjezali,nismo smjeli u grad,na svakom izlazu sa auto puta blokada,na svakoj autobuskoj milicija. Hvala braći i na tome! Eto vam Arapi!!!!</comment-text-transliterated></comment><comment comment-id="4"><comment-parent-id /><comment-text>@Mica Radojkovic;  "Smešno jegovoriti o humanosti ako se zna i da među njima i budućih koljača i ako se zna da će da budu društveni paraziti."!? Radojkovicu, ovakva budalastina govori vise o vama nego o ovim ljudima! Ovaj narod je napustio svoja ognjista zbog zla i nevolja u njihovim drzavama ( kao i mi nasa u hrvatskoj, kosovu, bosni!) i njima treba pomoci da dodju do granica sa EU jer tamo su se i uputili, cisto sumnjam da ce neko od njih da ostane u srbiji! Njihove muke i nevolje su velike a najmanje sto mi mozemo da uradimo je da im damo malo vode i hleba i cebe za sitno djete i da ih ispratimo do granice kao dostojni domacini a ne da im zagorcavamo muku! Srbija nije humano uredjena drzava, kao ni turska ili bugarska zato i idu za NL i njemacku i severnjacke drzave jer tamo postoje ozbiljni zakoni o ljudskim pravima i tamo su im bolje sanse za opstanak i buducnost.</comment-text><comment-text-transliterated>@Mica Radojkovic;  "Smešno jegovoriti o humanosti ako se zna i da među njima i budućih koljača i ako se zna da će da budu društveni paraziti."!? Radojkovicu, ovakva budalastina govori vise o vama nego o ovim ljudima! Ovaj narod je napustio svoja ognjista zbog zla i nevolja u njihovim drzavama ( kao i mi nasa u hrvatskoj, kosovu, bosni!) i njima treba pomoci da dodju do granica sa EU jer tamo su se i uputili, cisto sumnjam da ce neko od njih da ostane u srbiji! Njihove muke i nevolje su velike a najmanje sto mi mozemo da uradimo je da im damo malo vode i hleba i cebe za sitno djete i da ih ispratimo do granice kao dostojni domacini a ne da im zagorcavamo muku! Srbija nije humano uredjena drzava, kao ni turska ili bugarska zato i idu za NL i njemacku i severnjacke drzave jer tamo postoje ozbiljni zakoni o ljudskim pravima i tamo su im bolje sanse za opstanak i buducnost.</comment-text-transliterated></comment><comment comment-id="5"><comment-parent-id /><comment-text>Zalosno je ovo, ali je jos zalosnije citati ovako zlonamerne i glupe komentare! Ovi ljudi su prisiljeni da napustaju svoja ognjsta na isti nacin kao sto smo i mi srbi morali da pod prisilom napustimo nase zemlje u Hrvatskoj, Bosni, Kosovu! Ovde se javljaju nekakvi teoreticari zavere pa postavljaju pitanje " a zasto sve mladi muskarci"!? Pa zato sto babe i dede ne mogu na ovako tezak put i peske preko pustinja u pretrpanim plasticnim camcima preko mora i kroz planine i sume i sve to bez hrane i vode! Tu ima takodje i zena i djece, medjutim izgleda da njih niko ne vidi !? Tim ljudima treba pomoci, pokazati srbsko gostoprimstvo i pomoci im da dodju do granica EU, jer oni zapravo tamo i idu! Niko od njih nema nameru da ostane u srbiji niti neko od njih trazi azil u srbiji, dakle oni migriraju preko srbije i ako su uspeli da prodju kroz sve muke i zla  i kroz sve pustinje i uspeli su da preplivaju sa veslima prko svakojakojakih mora onda ce da prodju i kroz srbiju!</comment-text><comment-text-transliterated>Zalosno je ovo, ali je jos zalosnije citati ovako zlonamerne i glupe komentare! Ovi ljudi su prisiljeni da napustaju svoja ognjsta na isti nacin kao sto smo i mi srbi morali da pod prisilom napustimo nase zemlje u Hrvatskoj, Bosni, Kosovu! Ovde se javljaju nekakvi teoreticari zavere pa postavljaju pitanje " a zasto sve mladi muskarci"!? Pa zato sto babe i dede ne mogu na ovako tezak put i peske preko pustinja u pretrpanim plasticnim camcima preko mora i kroz planine i sume i sve to bez hrane i vode! Tu ima takodje i zena i djece, medjutim izgleda da njih niko ne vidi !? Tim ljudima treba pomoci, pokazati srbsko gostoprimstvo i pomoci im da dodju do granica EU, jer oni zapravo tamo i idu! Niko od njih nema nameru da ostane u srbiji niti neko od njih trazi azil u srbiji, dakle oni migriraju preko srbije i ako su uspeli da prodju kroz sve muke i zla  i kroz sve pustinje i uspeli su da preplivaju sa veslima prko svakojakojakih mora onda ce da prodju i kroz srbiju!</comment-text-transliterated></comment><comment comment-id="6"><comment-parent-id /><comment-text>@ Tomislav N   Slažem se da treba biti human ali nemojte da mešate teze.
Blage veze s mozgom nemaju ti migranti sa ovim što Vi pričate. Smešno jegovoriti o humanosti ako se zna i da među njima i budućih koljača i ako se zna da će da budu društveni paraziti.</comment-text><comment-text-transliterated>@ Tomislav N   Slažem se da treba biti human ali nemojte da mešate teze.
Blage veze s mozgom nemaju ti migranti sa ovim što Vi pričate. Smešno jegovoriti o humanosti ako se zna i da među njima i budućih koljača i ako se zna da će da budu društveni paraziti.</comment-text-transliterated></comment><comment comment-id="7"><comment-parent-id /><comment-text>Meni i dalje nije jasno zašto ti ljudi mesecima pešače kad su mogli za par dana da stignu u susednu Tursku, veliku islamsku zemlju blisku im po kulturi, veri i običajima, i tamo da ostanu ? Zašto zemlje hrišćanske Evrope, hiljadama i hiljadama kilometara dalje od Turske, Irana itd ? Zašto se novinari "stide" to da ih pitaju ?</comment-text><comment-text-transliterated>Meni i dalje nije jasno zašto ti ljudi mesecima pešače kad su mogli za par dana da stignu u susednu Tursku, veliku islamsku zemlju blisku im po kulturi, veri i običajima, i tamo da ostanu ? Zašto zemlje hrišćanske Evrope, hiljadama i hiljadama kilometara dalje od Turske, Irana itd ? Zašto se novinari "stide" to da ih pitaju ?</comment-text-transliterated></comment><comment comment-id="8"><comment-parent-id /><comment-text>Ko nije izgubio dom, ognjiste imanje, kucu i td. a ima i gore, daleko bilo. Ne zna sta je biti covek bez kreveta, kuce, vode, hrane i td. Tesko onom sto ga nema, tako se u narodu kaze?</comment-text><comment-text-transliterated>Ko nije izgubio dom, ognjiste imanje, kucu i td. a ima i gore, daleko bilo. Ne zna sta je biti covek bez kreveta, kuce, vode, hrane i td. Tesko onom sto ga nema, tako se u narodu kaze?</comment-text-transliterated></comment><comment comment-id="9"><comment-parent-id /><comment-text>Zašto niko ne postavlja pitanje izbeglicama, zašto nisu branili svoju državu. Gadafi je zvao Libijce da brane svoju državu ako ne žele da je izgube i izgubili su je. Mi smo svi mirno gledali 5 oktobra, kako nam ruše državu, mnogu čak i učestvovali, pa sada gledamo kako nestaje na naše oči. Zašto Sirijci ne brane svoju državu nego beže u Evropu, gde su milosrdni Evropljani već odneli njihove pare.</comment-text><comment-text-transliterated>Zašto niko ne postavlja pitanje izbeglicama, zašto nisu branili svoju državu. Gadafi je zvao Libijce da brane svoju državu ako ne žele da je izgube i izgubili su je. Mi smo svi mirno gledali 5 oktobra, kako nam ruše državu, mnogu čak i učestvovali, pa sada gledamo kako nestaje na naše oči. Zašto Sirijci ne brane svoju državu nego beže u Evropu, gde su milosrdni Evropljani već odneli njihove pare.</comment-text-transliterated></comment><comment comment-id="10"><comment-parent-id /><comment-text>U clanku u kome je rec o HOSTELIMA u samom centru grada, u Sarajevskoj ulici koja je nadomak Glavne zeleznicke stanice (buduce brze pruge DEOGRAD - BUDIMPESTA) samo fale ale u vidu filmske ekipe, koju bi predvodio proslavljeni reziser QVENTIN TARANTINO. 

Ondak bi ovaj naslov bio mnogo prikladniji (i ekonomski oparavdan) da glasi: SVEZE MESO IZ BGD HOSTELA (koje mogu da papaju i hriscani i oni drugi koji jedu samo meso od zaba i nekih ptica).</comment-text><comment-text-transliterated>U clanku u kome je rec o HOSTELIMA u samom centru grada, u Sarajevskoj ulici koja je nadomak Glavne zeleznicke stanice (buduce brze pruge DEOGRAD - BUDIMPESTA) samo fale ale u vidu filmske ekipe, koju bi predvodio proslavljeni reziser QVENTIN TARANTINO. 

Ondak bi ovaj naslov bio mnogo prikladniji (i ekonomski oparavdan) da glasi: SVEZE MESO IZ BGD HOSTELA (koje mogu da papaju i hriscani i oni drugi koji jedu samo meso od zaba i nekih ptica).</comment-text-transliterated></comment><comment comment-id="11"><comment-parent-id /><comment-text>Tuga je nazivati ratne izbeglice iz Sirije, koje beže od grozota i krajnje surovosti, migrantima. Pa nisu oni došli u Evropu trbuhom za kruhom, već spasavajući goli život. Ajde malo ljudskosti i poštenja.</comment-text><comment-text-transliterated>Tuga je nazivati ratne izbeglice iz Sirije, koje beže od grozota i krajnje surovosti, migrantima. Pa nisu oni došli u Evropu trbuhom za kruhom, već spasavajući goli život. Ajde malo ljudskosti i poštenja.</comment-text-transliterated></comment><comment comment-id="12"><comment-parent-id /><comment-text>Srbija puna turista.</comment-text><comment-text-transliterated>Srbija puna turista.</comment-text-transliterated></comment></comments-list></comments></document>