<document global-id="sr-01-1316">
    <url>
        http://www.politika.rs/scc/clanak/318870/%D0%89%D1%83%D0%B4%D0%B8-%D1%87%D0%B5%D1%88%D1%9B%D0%B5-%D0%BA%D0%BE%D1%80%D0%B8%D1%81%D1%82%D0%B5-%D0%BF%D0%BE%D0%B7%D0%B8%D1%82%D0%B8%D0%B2%D0%BD%D0%B5-%D1%80%D0%B5%D1%87%D0%B8-%D0%BD%D0%B5%D0%B3%D0%BE-%D0%BD%D0%B5%D0%B3%D0%B0%D1%82%D0%B8%D0%B2%D0%BD%D0%B5
    </url>
    <source-id>sr-01</source-id>
    <local-id>1316</local-id>
    <source-name>Politika</source-name>
    <article>
        <article-title>Људи чешће користе позитивне речи него негативне</article-title>
        <article-title-transliterated>Ljudi češće koriste pozitivne reči nego negativne</article-title-transliterated>
        <article-time>2015-02-11</article-time>
        <article-author>A. M.</article-author>
        <article-text>Људи чешће користе речи са позитивним значењем од оних чији је смисао негативан, што је повезано
            са њиховом оптимистичном природом, показала је студија научника из Аустралије и САД. До овог открића дошли
            су проучавајући 100.000 најчешће коришћених речи из десет различитих веома распрострањених светских језика.
            Математичким путем утврдили су да независно од њихове културе, људи много више користе позитивне него
            негативне речи.
            Ови истраживачи су користили 24 различита извора: новине, књиге, филмове, друштвену мрежу „Твитер”,
            телевизију, текстове песама и, на основу најзаступљенијих речи, утврдили да људи имају склоност да на живот
            гледају са ведрије стране. 
            Научници су од оних који говоре одређени језик као матерњи, тражили да уз сваку реч дају оцену на скали од
            један до девет, односно од дубоко намрштеног лица до насмејаног. Тако су добили чак пет милиона оцена, па су
            на основу просека „мерили” да ли је нека реч позитивна, негативна или неутрална.
            Анализиране су речи у енглеском, немачком, француском, шпанском, португалском, арапском, индонежанском,
            кинеском, корејском и руском. Иако је у свих десет језика било више позитивних речи него негативних, било је
            и неких разлика између њих. Најмање позитивно оцењених речи било је у књигама на кинеском, а највише у
            сајтовима на шпанском језику.
            Луис Мичел, са универзитета Аделеида, каже да је срећу тешко дефинисати и измерити, али да овим истраживањем
            настоје да то учине и омогуће јавности да те податке користи свакодневно: „Без обзира на то да ли је реч о
            енглеском, шпанском, руском или кинеском, речи које чине наш језик свуда нагињу на позитивну страну.”
            Овим истраживањем потврђене су раније претпоставке да људи, по природи, несвесно нагињу ка оптимизму чиме се
            објашњава и зашто често очекују превише од живота. На пример, иако статистика показује да се много бракова
            заврши разводом, чак и они који су се неколико пута развели, поново ступају у брак. Ову тенденцију коју
            психолози називају тријумфом наде над искуством, показујемо, такође, и када верујемо да ћемо живети дуже, да
            ћемо бити срећнији од других или када потцењујемо вероватноћу добијања неке неизлечиве болести.
        </article-text>
        <article-text-transliterated>Ljudi češće koriste reči sa pozitivnim značenjem od onih čiji je smisao negativan,
            što je povezano sa njihovom optimističnom prirodom, pokazala je studija naučnika iz Australije i SAD. Do
            ovog otkrića došli su proučavajući 100.000 najčešće korišćenih reči iz deset različitih veoma
            rasprostranjenih svetskih jezika. Matematičkim putem utvrdili su da nezavisno od njihove kulture, ljudi
            mnogo više koriste pozitivne nego negativne reči.
            Ovi istraživači su koristili 24 različita izvora: novine, knjige, filmove, društvenu mrežu „Tviter”,
            televiziju, tekstove pesama i, na osnovu najzastupljenijih reči, utvrdili da ljudi imaju sklonost da na
            život gledaju sa vedrije strane. 
            Naučnici su od onih koji govore određeni jezik kao maternji, tražili da uz svaku reč daju ocenu na skali od
            jedan do devet, odnosno od duboko namrštenog lica do nasmejanog. Tako su dobili čak pet miliona ocena, pa su
            na osnovu proseka „merili” da li je neka reč pozitivna, negativna ili neutralna.
            Analizirane su reči u engleskom, nemačkom, francuskom, španskom, portugalskom, arapskom, indonežanskom,
            kineskom, korejskom i ruskom. Iako je u svih deset jezika bilo više pozitivnih reči nego negativnih, bilo je
            i nekih razlika između njih. Najmanje pozitivno ocenjenih reči bilo je u knjigama na kineskom, a najviše u
            sajtovima na španskom jeziku.
            Luis Mičel, sa univerziteta Adeleida, kaže da je sreću teško definisati i izmeriti, ali da ovim
            istraživanjem nastoje da to učine i omoguće javnosti da te podatke koristi svakodnevno: „Bez obzira na to da
            li je reč o engleskom, španskom, ruskom ili kineskom, reči koje čine naš jezik svuda naginju na pozitivnu
            stranu.”
            Ovim istraživanjem potvrđene su ranije pretpostavke da ljudi, po prirodi, nesvesno naginju ka optimizmu čime
            se objašnjava i zašto često očekuju previše od života. Na primer, iako statistika pokazuje da se mnogo
            brakova završi razvodom, čak i oni koji su se nekoliko puta razveli, ponovo stupaju u brak. Ovu tendenciju
            koju psiholozi nazivaju trijumfom nade nad iskustvom, pokazujemo, takođe, i kada verujemo da ćemo živeti
            duže, da ćemo biti srećniji od drugih ili kada potcenjujemo verovatnoću dobijanja neke neizlečive bolesti.
        </article-text-transliterated>
    </article>
    <comments>
        <comments-count>0</comments-count>
        <comment-list/>
    </comments>
</document>