<?xml version="1.0" encoding="utf-8"?>
<document global-id="sr-01-1039">
	<url>http://www.politika.rs/scc/clanak/322482/%D0%9A%D0%B0%D0%BA%D0%B2%D0%B0-%D1%98%D0%B5-%D0%B1%D1%83%D0%B4%D1%83%D1%9B%D0%BD%D0%BE%D1%81%D1%82-%D0%A1%D1%80%D0%B1%D0%B0-%D1%83-%D0%A6%D1%80%D0%BD%D0%BE%D1%98-%D0%93%D0%BE%D1%80%D0%B8</url>
	<source-id>sr-01</source-id>
	<local-id>1039</local-id>
	<source-name>Politika</source-name>
	<article>
		<article-title>Каква је будућност Срба у Црној Гори</article-title>
		<article-title-transliterated>Kakva je budućnost Srba u Crnoj Gori</article-title-transliterated>
		<article-time>2015-03-22</article-time>
		<article-author>Novica Đurić</article-author>
		<article-text>Од нашег сталног дописника 
Подгорица –Недавнаизјава председника Владе Црне Горе Мила Ђукановића да његова „мисаона матрица није да протера Србе из Црне Горе, а и кад би то хтео, не би му дозволиле институције”, била је ударна вест у готово свим медијима.
Ипак нешто другачије сведочи податак који је изнео председник Српског националног савета Момчило Вуксановић, који тврди да је између два пописа број Срба у Црној Гори за време владавине Ђукановића смањен за 10.000. За тај податак се знало, али никог то није забринуло. Напротив, владајући политичари су то најављивали иза скупштинских говорница уз обећање „да ће на наредном попису број Срба бити сведен на минимум, као и оних који говоре српским језиком, јер ми”, како је рекао један Ђукановићев посланик, „стварамо новог човека”. 
Црногорски премијер је недуго након изјаве о односу према Србима оценио да су многи хтели да у Црној Гори наметну „туђински језик” а не „свој црногорски” и упозорио поједине опозиционе посланике да би хтели да оспоре Црногорску цркву која је, како је навео, укинута даном укидања независности Црне Горе.
Овдашњим медијима никада ударна вест није била када су званичне институције саопштавале да Срба скоро да и нема у институцијама извршне власти, па ни када је бивши градоначелник Подгорице Миомир Мугоша на одборничко питање одговорио да у органима локалне управе не ради ниједан Србин.
Скоро да више нико од медија у Црној Гори и не бележи да су српски језик и ћирилица протерани из наставе у основним и средњим школама, из уџбеничке литературе, да су протерани српски писци из лектире и читанки, да се кривотворе историјске чињенице... Све се то десило управо од када је Мило Ђукановић постао лидер Демократске партије социјалиста и близу петнаест година откако се налази на месту премијера.
Данас су укинути сви књижевни часописи српских писаца који су 70 година штампани на српском језику и ћирилици, попут чувеног часописа „Стварање”. Узалуд су Срби конститутиван народ који чини трећину становништва Црне Горе. У јавним службама, органима државне и локалне управе, заступљени су свега 7,3 одсто.
Посланик Демократског фронта Љиљана Ђурашковић у скупштинском Одбору за људска и мањинска права рекла је да је српски народ недопустиво изопштен из најважнијих институција у Црној Гори.
Према информацији о заступљености мањинских народа и других мањинских националних заједница у државним органима и органима државне управе, у јавним службама ради 82,11 одсто Црногораца, док је свега 7,3 одсто Срба запослено у јавној управи, а, према последњим подацима са пописа, они чине око 30 одсто становништва.
„Ово је изузетно забрињавајућ број. Зар је могуће да су Срби, који су трећина становништва, у овако занемарљивом броју заступљени у јавној управи. Боде очи да у појединим министарствима и управама нема ниједног Србина”, рекла је Ђурашковићева. „Да ли то значи да су Срби непожељни у министарствима науке, правде, рада и социјалног старања и у служби председника државе, као и у секретаријатима за развојне пројекте, законодавство, управама за антикорупцију, кадрове, заштити културних добара и збрињавање избеглица.”</article-text>
		<article-text-transliterated>Od našeg stalnog dopisnika 
Podgorica –Nedavnaizjava predsednika Vlade Crne Gore Mila Đukanovića da njegova „misaona matrica nije da protera Srbe iz Crne Gore, a i kad bi to hteo, ne bi mu dozvolile institucije”, bila je udarna vest u gotovo svim medijima.
Ipak nešto drugačije svedoči podatak koji je izneo predsednik Srpskog nacionalnog saveta Momčilo Vuksanović, koji tvrdi da je između dva popisa broj Srba u Crnoj Gori za vreme vladavine Đukanovića smanjen za 10.000. Za taj podatak se znalo, ali nikog to nije zabrinulo. Naprotiv, vladajući političari su to najavljivali iza skupštinskih govornica uz obećanje „da će na narednom popisu broj Srba biti sveden na minimum, kao i onih koji govore srpskim jezikom, jer mi”, kako je rekao jedan Đukanovićev poslanik, „stvaramo novog čoveka”. 
Crnogorski premijer je nedugo nakon izjave o odnosu prema Srbima ocenio da su mnogi hteli da u Crnoj Gori nametnu „tuđinski jezik” a ne „svoj crnogorski” i upozorio pojedine opozicione poslanike da bi hteli da ospore Crnogorsku crkvu koja je, kako je naveo, ukinuta danom ukidanja nezavisnosti Crne Gore.
Ovdašnjim medijima nikada udarna vest nije bila kada su zvanične institucije saopštavale da Srba skoro da i nema u institucijama izvršne vlasti, pa ni kada je bivši gradonačelnik Podgorice Miomir Mugoša na odborničko pitanje odgovorio da u organima lokalne uprave ne radi nijedan Srbin.
Skoro da više niko od medija u Crnoj Gori i ne beleži da su srpski jezik i ćirilica proterani iz nastave u osnovnim i srednjim školama, iz udžbeničke literature, da su proterani srpski pisci iz lektire i čitanki, da se krivotvore istorijske činjenice... Sve se to desilo upravo od kada je Milo Đukanović postao lider Demokratske partije socijalista i blizu petnaest godina otkako se nalazi na mestu premijera.
Danas su ukinuti svi književni časopisi srpskih pisaca koji su 70 godina štampani na srpskom jeziku i ćirilici, poput čuvenog časopisa „Stvaranje”. Uzalud su Srbi konstitutivan narod koji čini trećinu stanovništva Crne Gore. U javnim službama, organima državne i lokalne uprave, zastupljeni su svega 7,3 odsto.
Poslanik Demokratskog fronta Ljiljana Đurašković u skupštinskom Odboru za ljudska i manjinska prava rekla je da je srpski narod nedopustivo izopšten iz najvažnijih institucija u Crnoj Gori.
Prema informaciji o zastupljenosti manjinskih naroda i drugih manjinskih nacionalnih zajednica u državnim organima i organima državne uprave, u javnim službama radi 82,11 odsto Crnogoraca, dok je svega 7,3 odsto Srba zaposleno u javnoj upravi, a, prema poslednjim podacima sa popisa, oni čine oko 30 odsto stanovništva.
„Ovo je izuzetno zabrinjavajuć broj. Zar je moguće da su Srbi, koji su trećina stanovništva, u ovako zanemarljivom broju zastupljeni u javnoj upravi. Bode oči da u pojedinim ministarstvima i upravama nema nijednog Srbina”, rekla je Đuraškovićeva. „Da li to znači da su Srbi nepoželjni u ministarstvima nauke, pravde, rada i socijalnog staranja i u službi predsednika države, kao i u sekretarijatima za razvojne projekte, zakonodavstvo, upravama za antikorupciju, kadrove, zaštiti kulturnih dobara i zbrinjavanje izbeglica.”</article-text-transliterated>
	</article>
	<comments>
		<comments-count>11</comments-count>
		<comments-list>
			<comment comment-id="1">
				<comment-parent-id/>
				<comment-text>E samo da znate da je ovaj Vuksanović od CG dobio 5,6 stotina hiljada eurića kao čelnik Nacionalnog savjeta srba u CG! I jedan je od najbogatijih srbogoraca u CG. Eto dokle vode nacionalna prebrojavanja po Crnoj nam Gori danas...</comment-text>
				<comment-text-transliterated>E samo da znate da je ovaj Vuksanović od CG dobio 5,6 stotina hiljada eurića kao čelnik Nacionalnog savjeta srba u CG! I jedan je od najbogatijih srbogoraca u CG. Eto dokle vode nacionalna prebrojavanja po Crnoj nam Gori danas...</comment-text-transliterated>
			</comment>
			<comment comment-id="2">
				<comment-parent-id/>
				<comment-text>CG su prihvaceni ili NISU u Srbiji; U poslednjih dvadeset godina prema nama obicnim ljudima koji smo poreklom iz CG postoji doza netrpeljivosti u Srbiji; Nekada sa razlogom ali cesto i bez razloga;
 
 U CG ima oko 300 hilj ljudi koji tamo zive cele godine, znaci nisu sezonski stanovnici; OD toga biraca je 120 hiljada; 
 Ako mislite da narod glasa Mila razmislite. On namesti svake izbore preko svojih ljudi, a to su vrlo uski interesi opstanka;
 
 Narod u CG ne mora da glasa za Mila ali kao i svuda na Balkanu, izborima se manipulise; A sta ce obican narod, mnogi su primorani da se izjasnjavaju kao CG iako znaju da su Srbi iz Crne Gore. Ne treba ih odbacivati zbog toga, veci narod treba da ima razumevanja za toliko prema braci high landers; A Srbijanci odmah otpisuju kao ovaj Musicki ..ma zalosno brate.</comment-text>
				<comment-text-transliterated>CG su prihvaceni ili NISU u Srbiji; U poslednjih dvadeset godina prema nama obicnim ljudima koji smo poreklom iz CG postoji doza netrpeljivosti u Srbiji; Nekada sa razlogom ali cesto i bez razloga;
 
 U CG ima oko 300 hilj ljudi koji tamo zive cele godine, znaci nisu sezonski stanovnici; OD toga biraca je 120 hiljada; 
 Ako mislite da narod glasa Mila razmislite. On namesti svake izbore preko svojih ljudi, a to su vrlo uski interesi opstanka;
 
 Narod u CG ne mora da glasa za Mila ali kao i svuda na Balkanu, izborima se manipulise; A sta ce obican narod, mnogi su primorani da se izjasnjavaju kao CG iako znaju da su Srbi iz Crne Gore. Ne treba ih odbacivati zbog toga, veci narod treba da ima razumevanja za toliko prema braci high landers; A Srbijanci odmah otpisuju kao ovaj Musicki ..ma zalosno brate.</comment-text-transliterated>
			</comment>
			<comment comment-id="3">
				<comment-parent-id/>
				<comment-text>@ Ljubo M, postovanje za Vas i Vase misljenje, ali niste
 izgleda ni primetili sta ste napisali.
 Ako ima Srba na visokim polozajima, ali se iz &quot;nekih&quot; kao
 sto kazete razloga NE DEKLARISU kao Srbi, pa sta to -
 onda znaci???
 Znaci, da Srbi u CG jako dobro osecaju i znaju da NISU -
 deo crnogorskog, deo ISTOG naroda kao sto smo verovali vekovima.
 Ti isti Crnogorci zive danas kao isto je uvek i bilo DOBRO u Srbiji, zive kao i svi ostali!!! 
 Mucno je cuti i gledati da Crnogorci vec 15 god. drze Mila
 Djukanovica kao Predsednika sto JASNO pokazuje da je
 vecina Crnogoraca/Montenegrina njegovog misljenja!!!
 Bravo monte-negrini, za mene vise NE POSTOJITE!!!</comment-text>
				<comment-text-transliterated>@ Ljubo M, postovanje za Vas i Vase misljenje, ali niste
 izgleda ni primetili sta ste napisali.
 Ako ima Srba na visokim polozajima, ali se iz &quot;nekih&quot; kao
 sto kazete razloga NE DEKLARISU kao Srbi, pa sta to -
 onda znaci???
 Znaci, da Srbi u CG jako dobro osecaju i znaju da NISU -
 deo crnogorskog, deo ISTOG naroda kao sto smo verovali vekovima.
 Ti isti Crnogorci zive danas kao isto je uvek i bilo DOBRO u Srbiji, zive kao i svi ostali!!! 
 Mucno je cuti i gledati da Crnogorci vec 15 god. drze Mila
 Djukanovica kao Predsednika sto JASNO pokazuje da je
 vecina Crnogoraca/Montenegrina njegovog misljenja!!!
 Bravo monte-negrini, za mene vise NE POSTOJITE!!!</comment-text-transliterated>
			</comment>
			<comment comment-id="4">
				<comment-parent-id/>
				<comment-text>Buducnost nasega roda u CG moze samo da bude svijetla isto kao sto nam je i istorija bila svijetla. Ovo lutanje i gray zone to je samo privremeno. Istina je samo da smo mi nedostojni nasih starih tj oni su bili bolji ljudi od nas, ali ima jos vrijemena i mi cemo se popraviti.</comment-text>
				<comment-text-transliterated>Buducnost nasega roda u CG moze samo da bude svijetla isto kao sto nam je i istorija bila svijetla. Ovo lutanje i gray zone to je samo privremeno. Istina je samo da smo mi nedostojni nasih starih tj oni su bili bolji ljudi od nas, ali ima jos vrijemena i mi cemo se popraviti.</comment-text-transliterated>
			</comment>
			<comment comment-id="5">
				<comment-parent-id/>
				<comment-text>g. Novice, Vi znate koliko Vas cenim i postujem. Ali ...
 Slazem se sa g. Rebronjom; Cesto sam kritikovala MDJ mislim sa razlogom. Nije dobro kada se narod uci da govori NEpostojecim jezikom, nije dobro kada se prof. srpskog isteruju sa posla;
 Nije dobro traziti od ljudi u drzavnoj sluzbi da se izjasnjavaju ko su; Pa zna se u CG ko je od kojieh najmanje 500 godina.
 Sto onda Milo trazite od ljudi da se izjasnjavaju. To je uznemiravanje njihove privatnosti. 
 
 Dovodjenje raspopa na Cetinje je NEviden skandal. On NIJE sa Cetinja i sta ce onda tamo? Zasto ga MDJ niste doveli u Vasu ulicu? tu dje Vi zivite? Nego ste ga doveli tamo dje NE pripada. Smesno je nama narodu sto znamo ko smo i sta smo pored Vladike Rada dovoditi nekakvog laznoga popa. Zato CT prati baksuz te gromovi udaraju i kletve jer nema sta da raspop trazi na Cetinju !
 
 Kako niko nije skroz crn da rechemo odje i ovo: Svi znamo da su balkanski pol losi ali Milo je stasom i glasom bolji od tih losih, a i mudar je prava lija iz NK</comment-text>
				<comment-text-transliterated>g. Novice, Vi znate koliko Vas cenim i postujem. Ali ...
 Slazem se sa g. Rebronjom; Cesto sam kritikovala MDJ mislim sa razlogom. Nije dobro kada se narod uci da govori NEpostojecim jezikom, nije dobro kada se prof. srpskog isteruju sa posla;
 Nije dobro traziti od ljudi u drzavnoj sluzbi da se izjasnjavaju ko su; Pa zna se u CG ko je od kojieh najmanje 500 godina.
 Sto onda Milo trazite od ljudi da se izjasnjavaju. To je uznemiravanje njihove privatnosti. 
 
 Dovodjenje raspopa na Cetinje je NEviden skandal. On NIJE sa Cetinja i sta ce onda tamo? Zasto ga MDJ niste doveli u Vasu ulicu? tu dje Vi zivite? Nego ste ga doveli tamo dje NE pripada. Smesno je nama narodu sto znamo ko smo i sta smo pored Vladike Rada dovoditi nekakvog laznoga popa. Zato CT prati baksuz te gromovi udaraju i kletve jer nema sta da raspop trazi na Cetinju !
 
 Kako niko nije skroz crn da rechemo odje i ovo: Svi znamo da su balkanski pol losi ali Milo je stasom i glasom bolji od tih losih, a i mudar je prava lija iz NK</comment-text-transliterated>
			</comment>
			<comment comment-id="6">
				<comment-parent-id/>
				<comment-text>Потребно је  двадесет година да одрасте генерација у Црној Гори која неће гајити никакав српски осећај.  Читав етнички инжињеринг одвајања траје већ седамдесет година али тек од 2006 ми имамо државно одвајање. У том смилслу - можемо рачунати да ће Срби у Црној Гори дефинитивно нестати као статистички битан ентитет између 2026-2036. Ово није &quot;црна&quot; пројекција - ово је закономерност коју знају они што праве државе. Лично - не разумем какве користи имају од тога они што подржавају такав пројекат јер ће им касније бити проблем да уједине те ентитете, а уједињење је нужно са становишта економије, безбедности и свега другог ... Просто - дељење Црногораца од исконског идентитета је велика грешка. Колико год да су уверени да ће то бити лако - мени се чини да неће.</comment-text>
				<comment-text-transliterated>Potrebno je  dvadeset godina da odraste generacija u Crnoj Gori koja neće gajiti nikakav srpski osećaj.  Čitav etnički inžinjering odvajanja traje već sedamdeset godina ali tek od 2006 mi imamo državno odvajanje. U tom smilslu - možemo računati da će Srbi u Crnoj Gori definitivno nestati kao statistički bitan entitet između 2026-2036. Ovo nije &quot;crna&quot; projekcija - ovo je zakonomernost koju znaju oni što prave države. Lično - ne razumem kakve koristi imaju od toga oni što podržavaju takav projekat jer će im kasnije biti problem da ujedine te entitete, a ujedinjenje je nužno sa stanovišta ekonomije, bezbednosti i svega drugog ... Prosto - deljenje Crnogoraca od iskonskog identiteta je velika greška. Koliko god da su uvereni da će to biti lako - meni se čini da neće.</comment-text-transliterated>
			</comment>
			<comment comment-id="7">
				<comment-parent-id/>
				<comment-text>Što se pravite blesavi?
 
 Crnogorci su Srbi koji žele da budu svoji na svome i da ne zavise od Srbije, a naročito srpskog rukovodstva. 
 
 Grade svoju evropsku, multinacionalnu, multikulturnu i multikonfesionalnu državu.
 
 A pošto je turizam glavna privredna grana, najnormalnije je da bude takva gde će turisti iz celog sveta biti dobrodošli ali i oni koji žele tamo da žive i rade.
 
 Šta je loše u tome?</comment-text>
				<comment-text-transliterated>Što se pravite blesavi?
 
 Crnogorci su Srbi koji žele da budu svoji na svome i da ne zavise od Srbije, a naročito srpskog rukovodstva. 
 
 Grade svoju evropsku, multinacionalnu, multikulturnu i multikonfesionalnu državu.
 
 A pošto je turizam glavna privredna grana, najnormalnije je da bude takva gde će turisti iz celog sveta biti dobrodošli ali i oni koji žele tamo da žive i rade.
 
 Šta je loše u tome?</comment-text-transliterated>
			</comment>
			<comment comment-id="8">
				<comment-parent-id/>
				<comment-text>Nece da se deklarisu kao srbi da ne bi uvredili vladajucu politicku opciju? To se u udzbenicima zove fasizam.</comment-text>
				<comment-text-transliterated>Nece da se deklarisu kao srbi da ne bi uvredili vladajucu politicku opciju? To se u udzbenicima zove fasizam.</comment-text-transliterated>
			</comment>
			<comment comment-id="9">
				<comment-parent-id/>
				<comment-text>Milo je najvece zlo Balkana a mozda i cele Evrope.
 Nesto kao Kolumbija u Juznoj Americi.</comment-text>
				<comment-text-transliterated>Milo je najvece zlo Balkana a mozda i cele Evrope.
 Nesto kao Kolumbija u Juznoj Americi.</comment-text-transliterated>
			</comment>
			<comment comment-id="10">
				<comment-parent-id/>
				<comment-text>Kako sad ovo? Srbi ugroženi u Crnoj Gori? Nemoguće! Pa zar nam političari iz Srbije stalno govore da su odnosi Srbije i Crnr Gore nikad bolji? Da su Srbi u Crnoj Gori ugroženi reagovala bi Srbija! Ili je Cane sve to paltio, šta mislite?</comment-text>
				<comment-text-transliterated>Kako sad ovo? Srbi ugroženi u Crnoj Gori? Nemoguće! Pa zar nam političari iz Srbije stalno govore da su odnosi Srbije i Crnr Gore nikad bolji? Da su Srbi u Crnoj Gori ugroženi reagovala bi Srbija! Ili je Cane sve to paltio, šta mislite?</comment-text-transliterated>
			</comment>
			<comment comment-id="11">
				<comment-parent-id/>
				<comment-text>Nije bas kao sto pise na papiru,tendeziozno je reci da Srbi ne rade u drzavnim firmama,poznajem vise Srba nego Crnogoraca na jakim funkcijama,samo sto zbog politickog i partijskog odnosa nece da se deklarisu kao Srbi,inace zna se da je to jedno te isto,samo koriste ove informacije da bi neke tenzije napravili,koje ne postoje.Pustite Mila i ostale politcare,pogledajte iznutra sustinu jedinstva ovog naroda koje je uvijek postojalo.Da je vjecna Crna Gora i Srbija!</comment-text>
				<comment-text-transliterated>Nije bas kao sto pise na papiru,tendeziozno je reci da Srbi ne rade u drzavnim firmama,poznajem vise Srba nego Crnogoraca na jakim funkcijama,samo sto zbog politickog i partijskog odnosa nece da se deklarisu kao Srbi,inace zna se da je to jedno te isto,samo koriste ove informacije da bi neke tenzije napravili,koje ne postoje.Pustite Mila i ostale politcare,pogledajte iznutra sustinu jedinstva ovog naroda koje je uvijek postojalo.Da je vjecna Crna Gora i Srbija!</comment-text-transliterated>
			</comment>
		</comments-list>
	</comments>
</document>
