<document global-id="sr-01-1266"><url>http://www.politika.rs/scc/clanak/369868/%D0%9B%D0%B0%D0%B2%D1%80%D0%BE%D0%B2-%D0%9D%D0%B5-%D0%BC%D0%B5%D1%88%D0%B0%D0%BC%D0%BE-%D1%81%D0%B5-%D1%83-%D1%83%D0%BD%D1%83%D1%82%D1%80%D0%B0%D1%88%D1%9A%D0%B0-%D0%BF%D0%B8%D1%82%D0%B0%D1%9A%D0%B0-%D0%A1%D1%80%D0%B1%D0%B8%D1%98%D0%B5</url><source-id>sr-01</source-id><local-id>sr-01-1266</local-id><source-name>Politika</source-name><article><article-title>Лавров: Не мешамо се у унутрашња питања Србије</article-title><article-title-transliterated>Lavrov: Ne mešamo se u unutrašnja pitanja Srbije</article-title-transliterated><article_time>2016-12-12</article_time><article-author /><article-text>
Један од фокуса сарадње Србије и Руске Федерације требало би да буде привредна сарадња, истакао је данас премијер Александар Вучић у разговору са шефом руске дипломатије Сергејом Лавровим, а руски министар је нагласио да се Русија неће мешати у унутрашња питања Србије.
Како је саопштено из владе, министар Лавров пренео је премијеру Вучићу поздраве председника Руске Федерације Владимира Путина и премијера Дмитрија Медведева, посебно ценећи личне напоре српског премијера за сарадњу са Русијом, као и позитивне тенденције у економским везама у циљу даљег привредног раста и развоја двеју земаља.
„Русија се неће мешати у унутрашња питања Србије. Увек смо спремни да нађемо баланс у нашим интересима”, истакао је министар Лавров.
Српски премијер и руски министар разговарали су о сарадњи двеју земаља и даљем развоју односа на темељу стратешког партнерства и интереса двеју земаља за његово продубљивање у свим правцима.
Премијер Вучић је истакао да би један од фокуса сарадње Србије и Руске Федерације требало да буде привредна сарадња, имајући у виду погодности које пружа Споразум о слободној трговини.
Он је нагласио да је Србија спремна за унапређење сарадње у области енергетике, пољопривреде и телекомуникација и додао да су руске инвестиције у свим наведеним областима добродошле.
Премијер Вучић обавестио је министра Лаврова о економском напретку Србије и изразио интересовање Србије за проширење капацитета за складиштење гаса у Банатском двору, као и за извоз Фијат возила на руско, али и тржиште Евроазијске уније.
Лавров у „прекрасном Београду”
Премијер Србије Александар Вучић пожелео је данас шефу руске дипломатије Сергеју Лаврову добродошлицу на руском језику и указао на сарадњу и пријатељство два народа и две земље.
„Добро нам дошли у Београду и Србију”, поручио је Вучић Лаврову у кратком разговору док су сниматељи и фоторепортери снимали почетак њиховог састанка.
Премијер Вучић је истакао да је сарадња између два народа и две земље увек била добра, уз уверење да ће бити све успешнија.
Лавров је рекао да је више пута долазио у Србију и да му је посебно драго када дође у „прекрасни Београд”.
Како је рекао, с посебном су пажњом у Русији пропратили изборе на којима је Вучић однео велику победу, сматрајући да ће то допринети даљем развоју односа две земље. 
(Танјуг)
</article-text><article-text-transliterated>
Jedan od fokusa saradnje Srbije i Ruske Federacije trebalo bi da bude privredna saradnja, istakao je danas premijer Aleksandar Vučić u razgovoru sa šefom ruske diplomatije Sergejom Lavrovim, a ruski ministar je naglasio da se Rusija neće mešati u unutrašnja pitanja Srbije.
Kako je saopšteno iz vlade, ministar Lavrov preneo je premijeru Vučiću pozdrave predsednika Ruske Federacije Vladimira Putina i premijera Dmitrija Medvedeva, posebno ceneći lične napore srpskog premijera za saradnju sa Rusijom, kao i pozitivne tendencije u ekonomskim vezama u cilju daljeg privrednog rasta i razvoja dveju zemalja.
„Rusija se neće mešati u unutrašnja pitanja Srbije. Uvek smo spremni da nađemo balans u našim interesima”, istakao je ministar Lavrov.
Srpski premijer i ruski ministar razgovarali su o saradnji dveju zemalja i daljem razvoju odnosa na temelju strateškog partnerstva i interesa dveju zemalja za njegovo produbljivanje u svim pravcima.
Premijer Vučić je istakao da bi jedan od fokusa saradnje Srbije i Ruske Federacije trebalo da bude privredna saradnja, imajući u vidu pogodnosti koje pruža Sporazum o slobodnoj trgovini.
On je naglasio da je Srbija spremna za unapređenje saradnje u oblasti energetike, poljoprivrede i telekomunikacija i dodao da su ruske investicije u svim navedenim oblastima dobrodošle.
Premijer Vučić obavestio je ministra Lavrova o ekonomskom napretku Srbije i izrazio interesovanje Srbije za proširenje kapaciteta za skladištenje gasa u Banatskom dvoru, kao i za izvoz Fijat vozila na rusko, ali i tržište Evroazijske unije.
Lavrov u „prekrasnom Beogradu”
Premijer Srbije Aleksandar Vučić poželeo je danas šefu ruske diplomatije Sergeju Lavrovu dobrodošlicu na ruskom jeziku i ukazao na saradnju i prijateljstvo dva naroda i dve zemlje.
„Dobro nam došli u Beogradu i Srbiju”, poručio je Vučić Lavrovu u kratkom razgovoru dok su snimatelji i fotoreporteri snimali početak njihovog sastanka.
Premijer Vučić je istakao da je saradnja između dva naroda i dve zemlje uvek bila dobra, uz uverenje da će biti sve uspešnija.
Lavrov je rekao da je više puta dolazio u Srbiju i da mu je posebno drago kada dođe u „prekrasni Beograd”.
Kako je rekao, s posebnom su pažnjom u Rusiji propratili izbore na kojima je Vučić odneo veliku pobedu, smatrajući da će to doprineti daljem razvoju odnosa dve zemlje. 
(Tanjug)
</article-text-transliterated></article><comments><comments-count>29</comments-count><comments-list><comment comment-id="1"><comment-parent-id /><comment-text>Kako sa samo diplomatski ponasa Rusija. Znaju da mi puzeći udemo ka NATO ali oni su strpljivi i između redova nam  govore da se nadaju da nećemo uraditi takvu glupost. To su prijatelji. Ne prete ni jednog trenutka. </comment-text><comment-text-transliterated>Kako sa samo diplomatski ponasa Rusija. Znaju da mi puzeći udemo ka NATO ali oni su strpljivi i između redova nam  govore da se nadaju da nećemo uraditi takvu glupost. To su prijatelji. Ne prete ni jednog trenutka. </comment-text-transliterated></comment><comment comment-id="2"><comment-parent-id /><comment-text>Русија у Србију не долази због српских политичара него искључиво због грађана Србије. Русија у УН заступа Србију искључиво због грађана Србије а никако због превртљивих српских политичара. "Натоамерика" је зајахала Србију искључиво због својих интереса и због интереса снисходљивих српских политичара.</comment-text><comment-text-transliterated>Rusija u Srbiju ne dolazi zbog srpskih političara nego isključivo zbog građana Srbije. Rusija u UN zastupa Srbiju isključivo zbog građana Srbije a nikako zbog prevrtljivih srpskih političara. "Natoamerika" je zajahala Srbiju isključivo zbog svojih interesa i zbog interesa snishodljivih srpskih političara.</comment-text-transliterated></comment><comment comment-id="2-1"><comment-parent-id>2</comment-parent-id><comment-text>Putinu su suze potekle citajuci komentare rusofila koliko vole Rusiju i njenog vodje zato je poslao Lavrova da od Srbije pripremi stvaranje ruske gubernije kako bi zastitio bratski narod.</comment-text><comment-text-transliterated>Putinu su suze potekle citajuci komentare rusofila koliko vole Rusiju i njenog vodje zato je poslao Lavrova da od Srbije pripremi stvaranje ruske gubernije kako bi zastitio bratski narod.</comment-text-transliterated></comment><comment comment-id="3"><comment-parent-id /><comment-text>Kratko potsjecanje za sve srpske rusofile i one koji to nisu. Sergej Lavrov je dosao u diplomatsku posjetu Srbiji i time pokazao da je "svoj na svome" u vrijeme kada se u svijetu vodi besomucna politika protiv njegove zemlje. Vucic je pokazao da je Lavrov dobrodosao u Srbiju i da srpska vlast ne haje sta o Rusiji ima da kaze EU ili neko drugi. Lavrov je dosao u jednu od dvije evropske drzave koja nije uvela sankcije Rusiji i samim tim cini mi se da on i njegove kolege iz vrha RF imaju vise postovanja prema nama nego mnogi koji se oglasise ispod mene. Sve, ali bas sve, sto ima ikakve veze sa srpskom vlascu vi takvi niste u stanju da ne popljujete. Pa cak i danasnji dogadjaj - posjeta ovakvog svjetskog macana kao sto je Sergej Lavrov. Sramota me je vase sramote. A region se smjeska i zabavlja.</comment-text><comment-text-transliterated>Kratko potsjecanje za sve srpske rusofile i one koji to nisu. Sergej Lavrov je dosao u diplomatsku posjetu Srbiji i time pokazao da je "svoj na svome" u vrijeme kada se u svijetu vodi besomucna politika protiv njegove zemlje. Vucic je pokazao da je Lavrov dobrodosao u Srbiju i da srpska vlast ne haje sta o Rusiji ima da kaze EU ili neko drugi. Lavrov je dosao u jednu od dvije evropske drzave koja nije uvela sankcije Rusiji i samim tim cini mi se da on i njegove kolege iz vrha RF imaju vise postovanja prema nama nego mnogi koji se oglasise ispod mene. Sve, ali bas sve, sto ima ikakve veze sa srpskom vlascu vi takvi niste u stanju da ne popljujete. Pa cak i danasnji dogadjaj - posjeta ovakvog svjetskog macana kao sto je Sergej Lavrov. Sramota me je vase sramote. A region se smjeska i zabavlja.</comment-text-transliterated></comment><comment comment-id="4"><comment-parent-id /><comment-text>Ucvijeljeni Čeda@,Gospodine,već drugi put mi podmećete neistinu da komentare pišem po nečijem nalogu,pa i da mrzim Srbiju.I jedno,i drugo predstavlja notornu laž i nikako ne mogu da shvatim od kuda Vam te i takve proizvoljne insinuacije?Kada nebih volio Srbiju,komentare sigurno nebih pisao,a pišem ih jer stvarnost vidim malo drugačije od Vas,i uz sve to nikoga ne držim za skut,niti sam dozvolio da vlastite percepcije stavljam u zalog mizantropstvu,ili poltronstvu.Vaše komentare cijenim,isto kao i svih drugih,ali prezirem sve one koji,da li radi poltronstva,ili vlastitih problema ne vide šumu od drveta i zaobilaze probleme.Imam potpuno drugačije mišljenje od ove vlade o tome, u šta i u koje oblasti bi Srbija morala da ulaže ogromne milijarde .U neprivredne objekte i u potrošnju NE,i NE po stotinu puta,jer to ne stvara nove vrijednosti i ostaje u funkciji zaduživanja i praunuka današnjih ljudi u Srbiji.Pozdrav od Srbina iz Česke,S.R. </comment-text><comment-text-transliterated>Ucvijeljeni Čeda@,Gospodine,već drugi put mi podmećete neistinu da komentare pišem po nečijem nalogu,pa i da mrzim Srbiju.I jedno,i drugo predstavlja notornu laž i nikako ne mogu da shvatim od kuda Vam te i takve proizvoljne insinuacije?Kada nebih volio Srbiju,komentare sigurno nebih pisao,a pišem ih jer stvarnost vidim malo drugačije od Vas,i uz sve to nikoga ne držim za skut,niti sam dozvolio da vlastite percepcije stavljam u zalog mizantropstvu,ili poltronstvu.Vaše komentare cijenim,isto kao i svih drugih,ali prezirem sve one koji,da li radi poltronstva,ili vlastitih problema ne vide šumu od drveta i zaobilaze probleme.Imam potpuno drugačije mišljenje od ove vlade o tome, u šta i u koje oblasti bi Srbija morala da ulaže ogromne milijarde .U neprivredne objekte i u potrošnju NE,i NE po stotinu puta,jer to ne stvara nove vrijednosti i ostaje u funkciji zaduživanja i praunuka današnjih ljudi u Srbiji.Pozdrav od Srbina iz Česke,S.R. </comment-text-transliterated></comment><comment comment-id="4-1"><comment-parent-id>4</comment-parent-id><comment-text>Da ste u Ceskoj, pa ni po jada. </comment-text><comment-text-transliterated>Da ste u Ceskoj, pa ni po jada. </comment-text-transliterated></comment><comment comment-id="5"><comment-parent-id /><comment-text>"Nećemo se mešati u unutrašnja pitanja Srbije" 
Osim,  što kandidat vladajuće stranke za  predsednika Srbije mora biti ...</comment-text><comment-text-transliterated>"Nećemo se mešati u unutrašnja pitanja Srbije" 
Osim,  što kandidat vladajuće stranke za  predsednika Srbije mora biti ...</comment-text-transliterated></comment><comment comment-id="5-1"><comment-parent-id>5</comment-parent-id><comment-text>Vlado Segrt "Ne bi' vam se mjes'o u pos'0 ali neka bude mali Mrdic" . U jeku rasprave za izbor predsjednika opstine Trebinje 80-tih .</comment-text><comment-text-transliterated>Vlado Segrt "Ne bi' vam se mjes'o u pos'0 ali neka bude mali Mrdic" . U jeku rasprave za izbor predsjednika opstine Trebinje 80-tih .</comment-text-transliterated></comment><comment comment-id="6"><comment-parent-id /><comment-text>Дакле овако: када су били избори у Републици Српској Путин је примио Милорада Додика, распитивао се о изборима и пожелио му срећу. Русији није био проблем да се умијеша у унутрашње ствари једног, што би рекли Бошњаци, ентитета. А у овом случају Лавров изјављује да се Русија неће мијешати у унутрашње ствари Србије. Какав је закључак: па нема подршке кандидату владајуће коалиције на изборима за предсједника, био он Тома или Вучић. Сасвим заслужено, према заслугама овог двојца. </comment-text><comment-text-transliterated>Dakle ovako: kada su bili izbori u Republici Srpskoj Putin je primio Milorada Dodika, raspitivao se o izborima i poželio mu sreću. Rusiji nije bio problem da se umiješa u unutrašnje stvari jednog, što bi rekli Bošnjaci, entiteta. A u ovom slučaju Lavrov izjavljuje da se Rusija neće miješati u unutrašnje stvari Srbije. Kakav je zaključak: pa nema podrške kandidatu vladajuće koalicije na izborima za predsjednika, bio on Toma ili Vučić. Sasvim zasluženo, prema zaslugama ovog dvojca. </comment-text-transliterated></comment><comment comment-id="7"><comment-parent-id /><comment-text>..ova vlada neradnika i neznalica nista nije uradila od poslednjeg susreta visokog gosta nama nase drage i bratske Rusije..Verovatno ce se g-din Lavrov  uveriti i razocarati o katasrtrofalnom stanju srpske ekonomije o prefiganosti i ladoleznosti jedinog vrednog Premijera sto ga ova zemlja ima..narod gladan i opljackan i prevaren od onog za koga su glasilali..Izdao je svoj narod izdace i ruski i zato treba biti obazriv..</comment-text><comment-text-transliterated>..ova vlada neradnika i neznalica nista nije uradila od poslednjeg susreta visokog gosta nama nase drage i bratske Rusije..Verovatno ce se g-din Lavrov  uveriti i razocarati o katasrtrofalnom stanju srpske ekonomije o prefiganosti i ladoleznosti jedinog vrednog Premijera sto ga ova zemlja ima..narod gladan i opljackan i prevaren od onog za koga su glasilali..Izdao je svoj narod izdace i ruski i zato treba biti obazriv..</comment-text-transliterated></comment><comment comment-id="8"><comment-parent-id /><comment-text>Dosao da povisi cene gasa</comment-text><comment-text-transliterated>Dosao da povisi cene gasa</comment-text-transliterated></comment><comment comment-id="9"><comment-parent-id /><comment-text>- алал вера на фотографа - успео iе да избегне заставу ЕУ иза Вучића. Зар ниiе срамотно истицати заставу организациiе чиiи члан нисмо, и коiа iе неприiатељска према Русиiи, кад нам долазе руски званичници? </comment-text><comment-text-transliterated>- alal vera na fotografa - uspeo ie da izbegne zastavu EU iza Vučića. Zar niie sramotno isticati zastavu organizaciie čiii član nismo, i koia ie nepriiateljska prema Rusiii, kad nam dolaze ruski zvaničnici? </comment-text-transliterated></comment><comment comment-id="9-1"><comment-parent-id>9</comment-parent-id><comment-text>@Marko Pavlovic - иза Вучића iе застава ЕУ (коiу iе спретни фотограф спретно избегао да у`вати) па застава Србиiе, па - иза Лаврова - застава Русиiе. Здесна на лево. Иди види на другим саiтовима, Политику iе очигледно било срамота да услика целу сцену. Подршка Политици!</comment-text><comment-text-transliterated>@Marko Pavlovic - iza Vučića ie zastava EU (koiu ie spretni fotograf spretno izbegao da u`vati) pa zastava Srbiie, pa - iza Lavrova - zastava Rusiie. Zdesna na levo. Idi vidi na drugim saitovima, Politiku ie očigledno bilo sramota da uslika celu scenu. Podrška Politici!</comment-text-transliterated></comment><comment comment-id="9-2"><comment-parent-id>9</comment-parent-id><comment-text>To je zastava Rusije iza njih, pored nase...</comment-text><comment-text-transliterated>To je zastava Rusije iza njih, pored nase...</comment-text-transliterated></comment><comment comment-id="10"><comment-parent-id /><comment-text>Gospodin Lavrov je vrhunski profesionalac, i uz to veoma inteligentan i obrazovan čovjek.Na drugoj strani Vučić se svim silama upinje da bude velikim,ali rezultati i njegovo ponašanje govore nešto sasvim drugo.Srbija i njen narod uz ovakve političke persone ostajat će tamo gdje se od 99.nisu pomakli ni za pedalj.Oni jednostavno nemaju ni znanja,ni hrabrosti,niti kapaciteta da sebe i Srbiju izbave iz pozicije ovisnosti i sluganastva onima koji su je i doveli u današnje stanje.Srbija stvara ogromne profite strancima i tajkunima na račun siromašenja,patnji i marginalizacije interesa njenih ljudi.Čime se ova vlada stvarno ponosi.Da li "Beogradom na vodi",i konstantnim zaduživanjem uz visoke kamate i zelenaštvo?Šrafciger proizvodnja nema budućnost,budućnost imaju inovacije i proizvodni kapaciteti koji su u stanju da na svjetsko tržište plasiraju konkurentne proizvode.Vučić vodi pogrešnu politiku i samo komlikuje postojeće stanje kako bi sebi i pajtašima obezbijedio lagodnu budućnost.S.R.</comment-text><comment-text-transliterated>Gospodin Lavrov je vrhunski profesionalac, i uz to veoma inteligentan i obrazovan čovjek.Na drugoj strani Vučić se svim silama upinje da bude velikim,ali rezultati i njegovo ponašanje govore nešto sasvim drugo.Srbija i njen narod uz ovakve političke persone ostajat će tamo gdje se od 99.nisu pomakli ni za pedalj.Oni jednostavno nemaju ni znanja,ni hrabrosti,niti kapaciteta da sebe i Srbiju izbave iz pozicije ovisnosti i sluganastva onima koji su je i doveli u današnje stanje.Srbija stvara ogromne profite strancima i tajkunima na račun siromašenja,patnji i marginalizacije interesa njenih ljudi.Čime se ova vlada stvarno ponosi.Da li "Beogradom na vodi",i konstantnim zaduživanjem uz visoke kamate i zelenaštvo?Šrafciger proizvodnja nema budućnost,budućnost imaju inovacije i proizvodni kapaciteti koji su u stanju da na svjetsko tržište plasiraju konkurentne proizvode.Vučić vodi pogrešnu politiku i samo komlikuje postojeće stanje kako bi sebi i pajtašima obezbijedio lagodnu budućnost.S.R.</comment-text-transliterated></comment><comment comment-id="10-1"><comment-parent-id>10</comment-parent-id><comment-text>@Slobodan Ratkovic, Postovani gospodine Ratkovicu, da li ovo sto ste napisali zaista i mislite ili su vam naredili sta da nabacate na monitor? Iako je od vas, istinskog intelektualca, mnogo je. Mnogi mrzitelji svega sto je srpsko jednostavno ne mogu da precute ovakav dogadjaj. Valjda zbog toga i jesmo ovako nisko u moralnom smislu. Nema mnogo naroda koji bi ovako sastavili pricicu o svom legalno izabranom vladaru. Mene je sramota vase sramote.</comment-text><comment-text-transliterated>@Slobodan Ratkovic, Postovani gospodine Ratkovicu, da li ovo sto ste napisali zaista i mislite ili su vam naredili sta da nabacate na monitor? Iako je od vas, istinskog intelektualca, mnogo je. Mnogi mrzitelji svega sto je srpsko jednostavno ne mogu da precute ovakav dogadjaj. Valjda zbog toga i jesmo ovako nisko u moralnom smislu. Nema mnogo naroda koji bi ovako sastavili pricicu o svom legalno izabranom vladaru. Mene je sramota vase sramote.</comment-text-transliterated></comment><comment comment-id="11"><comment-parent-id /><comment-text> Реципроцитет од фокуса је диоптрија . Далековидим треба негативни фокус да би видели непосредну близину . Од позитивног фокуса далековиди не виде ништа . Домановић  је таквог поставио за Вођу ...</comment-text><comment-text-transliterated> Reciprocitet od fokusa je dioptrija . Dalekovidim treba negativni fokus da bi videli neposrednu blizinu . Od pozitivnog fokusa dalekovidi ne vide ništa . Domanović  je takvog postavio za Vođu ...</comment-text-transliterated></comment><comment comment-id="12"><comment-parent-id /><comment-text>G. Lavrov, ... ne postoji nista nalik; 'unutrasnjim pitanjima Srbije, ...". Jedina, 'pitanja' koja Srbija ima su ona koja Vucic sam sebi postavlja. I sam na njih odgovara. Problem je sto su pitanja uvek ista, ... a njegovi odgovori uvek razliciti. Najvece pitanje za sve nas u Srbiji, je kada ce kraj ovog vucicevog ludila. E, to je jedino pitanje na koje nemamo odgovor ...</comment-text><comment-text-transliterated>G. Lavrov, ... ne postoji nista nalik; 'unutrasnjim pitanjima Srbije, ...". Jedina, 'pitanja' koja Srbija ima su ona koja Vucic sam sebi postavlja. I sam na njih odgovara. Problem je sto su pitanja uvek ista, ... a njegovi odgovori uvek razliciti. Najvece pitanje za sve nas u Srbiji, je kada ce kraj ovog vucicevog ludila. E, to je jedino pitanje na koje nemamo odgovor ...</comment-text-transliterated></comment><comment comment-id="13"><comment-parent-id /><comment-text>Kurtuazno i diplomatski kako i prilici diplomatskom protokolu, mene brine ta naivna ideja Vucica da sa Rusijm govori o ekonomiji. O kojoj to ekonomije cela nasa poljoprivreda nemoze da opsluzi ni desetak trznih centara u Moskvi ili o nasoj tehnologiji... 
Moljakanje da Rusi odloze neke provizije na kredite ili dugovi za gas.... to nazivati ekonomijom je apsurd. Uostalo neko je trebalo da kaze Premijeru da je Lavrov politicar i diplomata a ne ministar ekonomije, uzgled trebalo bi podsetiti Vucica da on nema diplomu ekonomskog vec pravnog falkuteta.
Umesto tih politickih floskula pametnije je da konacno preuzmemo te remontovane MIG ove i PVO sisteme kao i da pohvali jednu od  stolica na kojoj sedi da nebi stao bez nje.</comment-text><comment-text-transliterated>Kurtuazno i diplomatski kako i prilici diplomatskom protokolu, mene brine ta naivna ideja Vucica da sa Rusijm govori o ekonomiji. O kojoj to ekonomije cela nasa poljoprivreda nemoze da opsluzi ni desetak trznih centara u Moskvi ili o nasoj tehnologiji... 
Moljakanje da Rusi odloze neke provizije na kredite ili dugovi za gas.... to nazivati ekonomijom je apsurd. Uostalo neko je trebalo da kaze Premijeru da je Lavrov politicar i diplomata a ne ministar ekonomije, uzgled trebalo bi podsetiti Vucica da on nema diplomu ekonomskog vec pravnog falkuteta.
Umesto tih politickih floskula pametnije je da konacno preuzmemo te remontovane MIG ove i PVO sisteme kao i da pohvali jednu od  stolica na kojoj sedi da nebi stao bez nje.</comment-text-transliterated></comment><comment comment-id="14"><comment-parent-id /><comment-text>Mrtva je trka sta je veca istina, to da se nece mesati ili ovo da je fokus na ekonomiji. Nahranili su zivinu. </comment-text><comment-text-transliterated>Mrtva je trka sta je veca istina, to da se nece mesati ili ovo da je fokus na ekonomiji. Nahranili su zivinu. </comment-text-transliterated></comment><comment comment-id="15"><comment-parent-id /><comment-text>Snimak pokazuje da je " Paja Patak dobio zadatak da ..."!</comment-text><comment-text-transliterated>Snimak pokazuje da je " Paja Patak dobio zadatak da ..."!</comment-text-transliterated></comment><comment comment-id="16"><comment-parent-id /><comment-text>Vucic malo kuka kod Amera pa opet malo kod Rusa to je sva politika</comment-text><comment-text-transliterated>Vucic malo kuka kod Amera pa opet malo kod Rusa to je sva politika</comment-text-transliterated></comment><comment comment-id="17"><comment-parent-id /><comment-text>Ali zato ćete se sa zapadom nadmetati u uticaju na našu spolju politiku. Dve imperijalistički orijentisane sile, ne mare oni za nas. Opametite se!</comment-text><comment-text-transliterated>Ali zato ćete se sa zapadom nadmetati u uticaju na našu spolju politiku. Dve imperijalistički orijentisane sile, ne mare oni za nas. Opametite se!</comment-text-transliterated></comment><comment comment-id="18"><comment-parent-id /><comment-text>Pozdrav masona,pogledajte rukovanje i sami zakljucite!Ko dominira?</comment-text><comment-text-transliterated>Pozdrav masona,pogledajte rukovanje i sami zakljucite!Ko dominira?</comment-text-transliterated></comment><comment comment-id="19"><comment-parent-id /><comment-text>Upravo bi i trebali da se mesaju i da zaustave i srede jednom za svagda ovo dezintegrisanje i unistenje srpskih naroda i zemalja! </comment-text><comment-text-transliterated>Upravo bi i trebali da se mesaju i da zaustave i srede jednom za svagda ovo dezintegrisanje i unistenje srpskih naroda i zemalja! </comment-text-transliterated></comment><comment comment-id="20"><comment-parent-id /><comment-text>Ima nas Veliki Vodja nesto kiseli izraz lica,no nesto bolji nego posle razgovora sa sefom bezbednosti Rusije,gdinom Primakovom!Tada je imao velike podocnjake,zbog nespavanja,posle pokusaja drzavnog udara u Crnoj Gori!A sa "FIATOM" bas su preterali,Italijani gase fabriku,a oni nikako da se dogovore!</comment-text><comment-text-transliterated>Ima nas Veliki Vodja nesto kiseli izraz lica,no nesto bolji nego posle razgovora sa sefom bezbednosti Rusije,gdinom Primakovom!Tada je imao velike podocnjake,zbog nespavanja,posle pokusaja drzavnog udara u Crnoj Gori!A sa "FIATOM" bas su preterali,Italijani gase fabriku,a oni nikako da se dogovore!</comment-text-transliterated></comment><comment comment-id="21"><comment-parent-id /><comment-text>Ми не подржавамо фокус на економији. </comment-text><comment-text-transliterated>Mi ne podržavamo fokus na ekonomiji. </comment-text-transliterated></comment><comment comment-id="22"><comment-parent-id /><comment-text>Pricaju viceve?
Tako izgleda.</comment-text><comment-text-transliterated>Pricaju viceve?
Tako izgleda.</comment-text-transliterated></comment><comment comment-id="22-1"><comment-parent-id>22</comment-parent-id><comment-text>хахахаха дооообра :) Само им Дачић фали.. он је виц сам по себи :)</comment-text><comment-text-transliterated>hahahaha doooobra :) Samo im Dačić fali.. on je vic sam po sebi :)</comment-text-transliterated></comment></comments-list></comments></document>