<?xml version="1.0" encoding="utf-8"?>
<document global-id="sr-01-1143">
	<url>http://www.politika.rs/scc/clanak/416470/%D0%9A%D0%BE%D1%84%D0%B5%D1%80-%D1%99%D1%83%D0%B1%D0%B0%D0%B2%D0%B8</url>
	<source-id>sr-01</source-id>
	<local-id>1143</local-id>
	<source-name>Politika</source-name>
	<article>
		<article-title>Кофер љубави</article-title>
		<article-title-transliterated>Kofer ljubavi</article-title-transliterated>
		<article-time>2018-11-23</article-time>
		<article-author>A. K.</article-author>
		<article-text>Флуид између публике и харизматичне Калиопи зачас је прострујао Великом двораном „Сава центра”. Македонска певачица моћног гласа овде је окупила многобројне фанове. У паузи између песама шармантно и шаљиво их је пропитивала македонски језик да би проверила да ли разумеју значење речи у песмама које певају. А репертоар је био богат хитовима „Мелем”, „Кофер љубави”, „Пожели „, „Љуби ме”…</article-text>
		<article-text-transliterated>Fluid između publike i harizmatične Kaliopi začas je prostrujao Velikom dvoranom „Sava centra”. Makedonska pevačica moćnog glasa ovde je okupila mnogobrojne fanove. U pauzi između pesama šarmantno i šaljivo ih je propitivala makedonski jezik da bi proverila da li razumeju značenje reči u pesmama koje pevaju. A repertoar je bio bogat hitovima „Melem”, „Kofer ljubavi”, „Poželi „, „Ljubi me”…</article-text-transliterated>
	</article>
	<comments>
		<comments-count>1</comments-count>
		<comments-list>
			<comment comment-id="1">
				<comment-parent-id/>
				<comment-text>Kaliopi je sinonim za izuzetan vokal i divne muzičare muzika koja lako nalazi put do naših srca jer kad neko peva iz srca onda svako srce to oseti.</comment-text>
				<comment-text-transliterated>Kaliopi je sinonim za izuzetan vokal i divne muzičare muzika koja lako nalazi put do naših srca jer kad neko peva iz srca onda svako srce to oseti.</comment-text-transliterated>
			</comment>
		</comments-list>
	</comments>
</document>
