<?xml version="1.0" encoding="utf-8"?>
<document global-id="sr-01-1172">
	<url>http://www.politika.rs/scc/clanak/428033/%D0%9A%D0%BE%D1%80%D0%B0%D0%BA%D0%BE%D0%BC-%D0%B8-%D0%BF%D0%B5%D1%80%D0%BE%D0%BC-%D0%B4%D0%BE-%D0%B3%D1%80%D0%B0%D0%BD%D0%B8%D1%86%D0%B5-%D0%BD%D0%B0-%D0%94%D1%80%D0%B8%D0%BD%D0%B8</url>
	<source-id>sr-01</source-id>
	<local-id>1172</local-id>
	<source-name>Politika</source-name>
	<article>
		<article-title>Кораком и пером до границе на Дрини</article-title>
		<article-title-transliterated>Korakom i perom do granice na Drini</article-title-transliterated>
		<article-time>2019-04-22</article-time>
		<article-author>Branko Pejović</article-author>
		<article-text>Ужице – Пешачења, планинарења и уживања у природи саставни су део ововремене свакодневице, за многе услов здравог живљења. Али у 19. веку, људи у Србији имали су преча посла. Зато какав редак сачувани запис о утисцима планинара и шетача из тог давног времена увек завреди пажњу.
Један од таквих, под насловом „По Ужичком округу, путничке црте”, може се пронаћи у Историјском архиву Ужице, у личном фонду значајног интелектуалца свог времена Милоша Перовића (Ужице, 1874 – Париз, 1918), доктора психологије и педагогије школованог у Бечу и Лајпцигу, филозофа, писца поезије и драмске трагедије „Карађорђе”, носиоца Карађорђеве звезде.
Перовића и у ово време помињу по томе што је као професор скопске гимназије међу првима добровољно отишао у Први балкански рат, а у другом је одликован сребрном медаљом за храброст. И у Велики рат ступио је добровољно, да брани отаџбину, па у борбама 1914. године, био рањен у ногу и пребачен у болницу у Крагујевац, где му је нога ампутирана. Јуна 1915. одликован је Карађорђевом звездом. У повлачењу са српском војском као тежак рањеник није могао далеко, па је у Пећи заробљен. Прешао је у заробљеничком транспорту пут од Митровице, преко Темишвара, до Маутхаузена, а у јесен 1916. са заточеним официрима инвалидима размењен и преко Швајцарске доспео до Кома у Италији, у слободу. Умро је у Паризу 15. априла 1918. године, не дочекавши победу своје Србије.

А пре свих тих сурових ратних дешавања, још у гимназијским данима писао је Милош путопис о овом крају. Ретке су такве прозне странице из тог времена, а пешачио је он, планинарио и виђено бележио 1891. године, у друштву правника, учитеља и двојице вршњака из ужичке реалке. И то од Ужица, по околини, према Дрини, одушевљен природом, откривајући лепоте као у каквој истраживачкој експедицији.
„Још пред Петровдан почели смо се нас неколико договарати да путујемо, па како нас је било повише, то се нисмо могли сложити куда да кренемо. Један је хтео да иде преко Чачка и Краљева на Копаоник. Други преко Ваљева и Лознице у Шабац, а одатле Савом у Београд. Највише их је било који су хтели да прођу Ужички округ. Радовао сам се што ћу у друштву путовати и тако познати околину свог рођеног места”, наводи аутор и описује:
„Пошто прођемо село Рочњак, у којем имају три велике механе, а школе ниједне, дођемо у село Биоску, где има један врућ извор, назван од народа Биоска бања. Пут беше врло леп, а околина веома живописна. С обадве стране пута, дижу се густе зелене шуме, а даље на брдима пастири чувају бела стада. Рекао бих да се цела околина весели, сваки цвет, свако дрво, жбун, радује се, ужива, весели и слободни живот којим га је природа обдарила.”
„Три сата смо ишли све равницом, а затим остависмо Дрину и пођемо кроз, у том крају чувену, клисуру Дервенту. Хиљадама огромних борова издигли су се у небеса, стотинама их попадало и леже један преко другог, а павитина и друго шибље не да ти крочити три корака а да се не спотакнеш или заплетеш... А кад смо скоро хтели да изађемо из шуме, каза нам буљубаша да у планини Мркој коси има једна велика провалија названа Звекара, па како беше близу тог путањка, то се ми свратимо да је разгледамо.”
„Кад се изађе из шуме, има један велики крст од дрвета који означава границу између Србије и Босне. Баш код тог крста сретосмо једног аустријског жандарма и једног војника, упитасмо се с њима, па и поседасмо да се мало љубазно као комшије поразговоримо. Жандар је, као што он каза, по народности Турчин, премда не знађаше друкчије говорити сем српски. На питање: „Како то да си Турчин а да не знаш никакав други језик сем српског?”, он само слеже раменима и рече: „Ето, па, ето.”
И путовао је тако и записивао Милош тог лета 1891, па видео и „злаћане зраке залазећег сунца који падаху на Збориште”, обрађена поља у подножју Милошевца, лепе пределе Златибора, чак и преостали снег на удаљеним висовима Комова и Дурмитора...</article-text>
		<article-text-transliterated>Užice – Pešačenja, planinarenja i uživanja u prirodi sastavni su deo ovovremene svakodnevice, za mnoge uslov zdravog življenja. Ali u 19. veku, ljudi u Srbiji imali su preča posla. Zato kakav redak sačuvani zapis o utiscima planinara i šetača iz tog davnog vremena uvek zavredi pažnju.
Jedan od takvih, pod naslovom „Po Užičkom okrugu, putničke crte”, može se pronaći u Istorijskom arhivu Užice, u ličnom fondu značajnog intelektualca svog vremena Miloša Perovića (Užice, 1874 – Pariz, 1918), doktora psihologije i pedagogije školovanog u Beču i Lajpcigu, filozofa, pisca poezije i dramske tragedije „Karađorđe”, nosioca Karađorđeve zvezde.
Perovića i u ovo vreme pominju po tome što je kao profesor skopske gimnazije među prvima dobrovoljno otišao u Prvi balkanski rat, a u drugom je odlikovan srebrnom medaljom za hrabrost. I u Veliki rat stupio je dobrovoljno, da brani otadžbinu, pa u borbama 1914. godine, bio ranjen u nogu i prebačen u bolnicu u Kragujevac, gde mu je noga amputirana. Juna 1915. odlikovan je Karađorđevom zvezdom. U povlačenju sa srpskom vojskom kao težak ranjenik nije mogao daleko, pa je u Peći zarobljen. Prešao je u zarobljeničkom transportu put od Mitrovice, preko Temišvara, do Mauthauzena, a u jesen 1916. sa zatočenim oficirima invalidima razmenjen i preko Švajcarske dospeo do Koma u Italiji, u slobodu. Umro je u Parizu 15. aprila 1918. godine, ne dočekavši pobedu svoje Srbije.

A pre svih tih surovih ratnih dešavanja, još u gimnazijskim danima pisao je Miloš putopis o ovom kraju. Retke su takve prozne stranice iz tog vremena, a pešačio je on, planinario i viđeno beležio 1891. godine, u društvu pravnika, učitelja i dvojice vršnjaka iz užičke realke. I to od Užica, po okolini, prema Drini, oduševljen prirodom, otkrivajući lepote kao u kakvoj istraživačkoj ekspediciji.
„Još pred Petrovdan počeli smo se nas nekoliko dogovarati da putujemo, pa kako nas je bilo poviše, to se nismo mogli složiti kuda da krenemo. Jedan je hteo da ide preko Čačka i Kraljeva na Kopaonik. Drugi preko Valjeva i Loznice u Šabac, a odatle Savom u Beograd. Najviše ih je bilo koji su hteli da prođu Užički okrug. Radovao sam se što ću u društvu putovati i tako poznati okolinu svog rođenog mesta”, navodi autor i opisuje:
„Pošto prođemo selo Ročnjak, u kojem imaju tri velike mehane, a škole nijedne, dođemo u selo Biosku, gde ima jedan vruć izvor, nazvan od naroda Bioska banja. Put beše vrlo lep, a okolina veoma živopisna. S obadve strane puta, dižu se guste zelene šume, a dalje na brdima pastiri čuvaju bela stada. Rekao bih da se cela okolina veseli, svaki cvet, svako drvo, žbun, raduje se, uživa, veseli i slobodni život kojim ga je priroda obdarila.”
„Tri sata smo išli sve ravnicom, a zatim ostavismo Drinu i pođemo kroz, u tom kraju čuvenu, klisuru Derventu. Hiljadama ogromnih borova izdigli su se u nebesa, stotinama ih popadalo i leže jedan preko drugog, a pavitina i drugo šiblje ne da ti kročiti tri koraka a da se ne spotakneš ili zapleteš... A kad smo skoro hteli da izađemo iz šume, kaza nam buljubaša da u planini Mrkoj kosi ima jedna velika provalija nazvana Zvekara, pa kako beše blizu tog putanjka, to se mi svratimo da je razgledamo.”
„Kad se izađe iz šume, ima jedan veliki krst od drveta koji označava granicu između Srbije i Bosne. Baš kod tog krsta sretosmo jednog austrijskog žandarma i jednog vojnika, upitasmo se s njima, pa i posedasmo da se malo ljubazno kao komšije porazgovorimo. Žandar je, kao što on kaza, po narodnosti Turčin, premda ne znađaše drukčije govoriti sem srpski. Na pitanje: „Kako to da si Turčin a da ne znaš nikakav drugi jezik sem srpskog?”, on samo sleže ramenima i reče: „Eto, pa, eto.”
I putovao je tako i zapisivao Miloš tog leta 1891, pa video i „zlaćane zrake zalazećeg sunca koji padahu na Zborište”, obrađena polja u podnožju Miloševca, lepe predele Zlatibora, čak i preostali sneg na udaljenim visovima Komova i Durmitora...</article-text-transliterated>
	</article>
	<comments>
		<comments-count>4</comments-count>
		<comments-list>
			<comment comment-id="1">
				<comment-parent-id/>
				<comment-text>Zakasnili ste mnogo sa ovim.Po mom racunu najmanje 150 godina. Na ove se fore vise niko ne pali.</comment-text>
				<comment-text-transliterated>Zakasnili ste mnogo sa ovim.Po mom racunu najmanje 150 godina. Na ove se fore vise niko ne pali.</comment-text-transliterated>
			</comment>
			<comment comment-id="1-1">
				<comment-parent-id>1</comment-parent-id>
				<comment-text>Па добро Хајрудине, али ово нису само форе. Писани текст из тог времена, нико не каже ко је у праву ко није. Ово су само чињенице из тога доба. С великом поштованцијом, Ваш критичар.</comment-text>
				<comment-text-transliterated>Pa dobro Hajrudine, ali ovo nisu samo fore. Pisani tekst iz tog vremena, niko ne kaže ko je u pravu ko nije. Ovo su samo činjenice iz toga doba. S velikom poštovancijom, Vaš kritičar.</comment-text-transliterated>
			</comment>
			<comment comment-id="2">
				<comment-parent-id/>
				<comment-text>Баш , леп  текст   !</comment-text>
				<comment-text-transliterated>Baš , lep  tekst   !</comment-text-transliterated>
			</comment>
			<comment comment-id="3">
				<comment-parent-id/>
				<comment-text>Лијеп чланак. Интересантан и поучан. Занимљиво ми је што је жандар-Турчин причао само Српски језик а не &quot;бошњачки&quot;.</comment-text>
				<comment-text-transliterated>Lijep članak. Interesantan i poučan. Zanimljivo mi je što je žandar-Turčin pričao samo Srpski jezik a ne &quot;bošnjački&quot;.</comment-text-transliterated>
			</comment>
		</comments-list>
	</comments>
</document>
