<document global-id="sr-01-1003"><url>http://www.politika.rs/scc/clanak/426325/%D0%9A%D0%B0%D0%BA%D0%BE-%D1%98%D0%B5-%D0%A8%D1%82%D1%83%D0%BB%D0%B8%D1%9B-%D0%BF%D0%BE%D1%81%D1%82%D0%B0%D0%BE-%D0%BC%D0%B8%D1%82</url><source-id>sr-01</source-id><local-id>sr-01-1003</local-id><source-name>Politika</source-name><article><article-title>Како је Штулић постао мит</article-title><article-title-transliterated>Kako je Štulić postao mit</article-title-transliterated><article_time>2019-04-01</article_time><article-author>J. Koprivica</article-author><article-text>
„Арсен Дедић је написао девет добрих песама, Горан Бреговић пет, а ја 30!” Можда ће некоме звучати нескромно, али ово су речи Бранимира Џонија Штулића које цитира Хрвоје Хорват, аутор нове књиге о некадашњем фронтмену „Азре”, представљене у Београду. Књига „Штулић: биографија” креће од почетка – музичаревог детињства у Скопљу и Јастребарском, студија у Загребу, оснивања „Азре”, и стиже до „развода” од музичке каријере и одласка и живота у Холандији. Уз необјављене рукописе и приватне фотографије, сведочења колега, сарадника, поштовалаца, и изјаве самог Штулића, Хорват смешта живот и дело једне од најцењенијих, али и најконтроверзнијих личности на простору бивше Југославије и у социо-политички и културни контекст.
После читаног „Фантома слободе”, признати хрватски новинар, рок критичар и аутор Хрвоје Хорват поново се ухватио у коштац са Џонијевим радом, и резултат је „Штулић: биографија”, дело које је објавио „Вечерњи лист”. А прва реакција личности, којој је књига посвећена, јесте да му се никако не свиђа! Иако Штулић, како истиче Хорват за „Политику”, одбацује књигу, која ће се у мају појавити и у нашим књижарама, хрватског новинара то не обесхрабрује:
– Једна колегиница ми је рекла да сам му овом књигом подигао споменик, Миљенко Јерговић да је „ретко цивилизовано написана ”, а један музичар поверио ми се да се Штулићу књига, ипак, свиђа, али да то никада неће да призна. Уосталом, Јурица Пађен из „Азре” давно ми је рекао: „Па, ко може писати о Џонију, он је генерал-пуковник, заповедник свемира, он најбоље зна све!”
Управо ту Штулићеву сигурност у себе, али и бриљантност помиње и музички критичар Петар Јањатовић:
– Волео сам да радим интервјуе са њим, иако би некада рекао нешто након чега бих само замукнуо. Примера ради: „Постоје `Битлси` и `Азра` и десет празних места!” Тај његов разбарушени стил, али и темперамент потпуно је уникатан на овим просторима. Једнога дана хоће да ми да интервју, а други пут ми одбруси: „Шта хоћеш, ја сам те направио. Да није било мене, не би имао о чему да пишеш!”, сећа се Јањатовић, а и сам аутор књиге подсећа:
– Понекад са њим не може рационално да се прича, некад он некога потпуно безразложно извређа, али то није важно. Битно је да његово дело и данас траје. Штулићева највећа вредност је у песмама које је оставио иза себе – сматра Хорват, док новинар и критичар Пеца Поповић хрватског музичара сврстава у највеће ауторе нашег језика:
– Свака генерација треба да открије некога ко јој је важан, као што су мојој били важни Бреговић, Штулић, Дадо Топић... У њиховој музици покупили смо кодове и шифре да будемо бољи људи, него што смо били пре него што смо почели да их слушамо. Ти аутори су на нашем језику рекли важне ствари и то се не сме заборавити.
Новинар Теофил Панчић са Бранимиром Штулићем дели исти бекграунд – као дете војног лица рођен је у Скопљу, а одрастао у Загребу. Отуда „официрску децу”, назива „децом случајности”:
– Џони је, случајно, рођен у Скопљу, и не памти га. Иако га не познајем лично, одрастао сам у Загребу раних осамдесетих година када је „Азра” експлодирала, и била најважнија ствар у нашем југо-космосу, и то је моју генерацију одредило – присећа се Панчић, који, међутим, сматра да се Штулић на време окануо музике и отишао у илегалу у Холандију:
– По мом убеђењу, које се никако не допада идолопоклоницима Џонија Штулића, отишао је у тренутку када више није имао шта да каже. Имао је невероватну ауторску експлозију и за две-три године урадио је неколико албума и на десетине антологијских песама. Све након тога, било је инфериорно. Отишао је у Холандију из баналних разлога, и већ од краја осамдесетих перципирамо га као некога ко је нестао са нашег хоризонта. А одлазак тог вансеријског аутора се поклапа са нестанком Југославије и онога што је конституисало нашу митологизовану и бољу прошлост. Није био присутан физички, ни симболички када се наш свет распадао и то га је и сачувало, што је идеално за стварање мита о спасиоцу који треба да се врати како би се поново успоставило пређашње рајско стање...
</article-text><article-text-transliterated>
„Arsen Dedić je napisao devet dobrih pesama, Goran Bregović pet, a ja 30!” Možda će nekome zvučati neskromno, ali ovo su reči Branimira Džonija Štulića koje citira Hrvoje Horvat, autor nove knjige o nekadašnjem frontmenu „Azre”, predstavljene u Beogradu. Knjiga „Štulić: biografija” kreće od početka – muzičarevog detinjstva u Skoplju i Jastrebarskom, studija u Zagrebu, osnivanja „Azre”, i stiže do „razvoda” od muzičke karijere i odlaska i života u Holandiji. Uz neobjavljene rukopise i privatne fotografije, svedočenja kolega, saradnika, poštovalaca, i izjave samog Štulića, Horvat smešta život i delo jedne od najcenjenijih, ali i najkontroverznijih ličnosti na prostoru bivše Jugoslavije i u socio-politički i kulturni kontekst.
Posle čitanog „Fantoma slobode”, priznati hrvatski novinar, rok kritičar i autor Hrvoje Horvat ponovo se uhvatio u koštac sa Džonijevim radom, i rezultat je „Štulić: biografija”, delo koje je objavio „Večernji list”. A prva reakcija ličnosti, kojoj je knjiga posvećena, jeste da mu se nikako ne sviđa! Iako Štulić, kako ističe Horvat za „Politiku”, odbacuje knjigu, koja će se u maju pojaviti i u našim knjižarama, hrvatskog novinara to ne obeshrabruje:
– Jedna koleginica mi je rekla da sam mu ovom knjigom podigao spomenik, Miljenko Jergović da je „retko civilizovano napisana ”, a jedan muzičar poverio mi se da se Štuliću knjiga, ipak, sviđa, ali da to nikada neće da prizna. Uostalom, Jurica Pađen iz „Azre” davno mi je rekao: „Pa, ko može pisati o Džoniju, on je general-pukovnik, zapovednik svemira, on najbolje zna sve!”
Upravo tu Štulićevu sigurnost u sebe, ali i briljantnost pominje i muzički kritičar Petar Janjatović:
– Voleo sam da radim intervjue sa njim, iako bi nekada rekao nešto nakon čega bih samo zamuknuo. Primera radi: „Postoje `Bitlsi` i `Azra` i deset praznih mesta!” Taj njegov razbarušeni stil, ali i temperament potpuno je unikatan na ovim prostorima. Jednoga dana hoće da mi da intervju, a drugi put mi odbrusi: „Šta hoćeš, ja sam te napravio. Da nije bilo mene, ne bi imao o čemu da pišeš!”, seća se Janjatović, a i sam autor knjige podseća:
– Ponekad sa njim ne može racionalno da se priča, nekad on nekoga potpuno bezrazložno izvređa, ali to nije važno. Bitno je da njegovo delo i danas traje. Štulićeva najveća vrednost je u pesmama koje je ostavio iza sebe – smatra Horvat, dok novinar i kritičar Peca Popović hrvatskog muzičara svrstava u najveće autore našeg jezika:
– Svaka generacija treba da otkrije nekoga ko joj je važan, kao što su mojoj bili važni Bregović, Štulić, Dado Topić... U njihovoj muzici pokupili smo kodove i šifre da budemo bolji ljudi, nego što smo bili pre nego što smo počeli da ih slušamo. Ti autori su na našem jeziku rekli važne stvari i to se ne sme zaboraviti.
Novinar Teofil Pančić sa Branimirom Štulićem deli isti bekgraund – kao dete vojnog lica rođen je u Skoplju, a odrastao u Zagrebu. Otuda „oficirsku decu”, naziva „decom slučajnosti”:
– Džoni je, slučajno, rođen u Skoplju, i ne pamti ga. Iako ga ne poznajem lično, odrastao sam u Zagrebu ranih osamdesetih godina kada je „Azra” eksplodirala, i bila najvažnija stvar u našem jugo-kosmosu, i to je moju generaciju odredilo – priseća se Pančić, koji, međutim, smatra da se Štulić na vreme okanuo muzike i otišao u ilegalu u Holandiju:
– Po mom ubeđenju, koje se nikako ne dopada idolopoklonicima Džonija Štulića, otišao je u trenutku kada više nije imao šta da kaže. Imao je neverovatnu autorsku eksploziju i za dve-tri godine uradio je nekoliko albuma i na desetine antologijskih pesama. Sve nakon toga, bilo je inferiorno. Otišao je u Holandiju iz banalnih razloga, i već od kraja osamdesetih percipiramo ga kao nekoga ko je nestao sa našeg horizonta. A odlazak tog vanserijskog autora se poklapa sa nestankom Jugoslavije i onoga što je konstituisalo našu mitologizovanu i bolju prošlost. Nije bio prisutan fizički, ni simbolički kada se naš svet raspadao i to ga je i sačuvalo, što je idealno za stvaranje mita o spasiocu koji treba da se vrati kako bi se ponovo uspostavilo pređašnje rajsko stanje...
</article-text-transliterated></article><comments><comments-count>20</comments-count><comments-list><comment comment-id="1"><comment-parent-id /><comment-text>Kada topovu gruhaju muze ćute. J.B.Štulić je bio genijalni muzičar i tekstopisac, pa još genijalniji narator svojih sadržaja u rock 'n' roll formatu. Da gospodine Pančić, otišao je Štulić jer nije imao više KOME šta da kaže. Kod nas na Balkanu (ex YU) ima izraz "stari roker". Pogledajte te ljude? To su najbolji od boljih! Njih je veoma malo i zbog toga su jako vrijedni. Ćutljivi, nenametljivi, dobričine i čekaju svoj red...
Kako ćete tsunamiju turbo-folka, reppa, hip-hopa... reći: STOP???</comment-text><comment-text-transliterated>Kada topovu gruhaju muze ćute. J.B.Štulić je bio genijalni muzičar i tekstopisac, pa još genijalniji narator svojih sadržaja u rock 'n' roll formatu. Da gospodine Pančić, otišao je Štulić jer nije imao više KOME šta da kaže. Kod nas na Balkanu (ex YU) ima izraz "stari roker". Pogledajte te ljude? To su najbolji od boljih! Njih je veoma malo i zbog toga su jako vrijedni. Ćutljivi, nenametljivi, dobričine i čekaju svoj red...
Kako ćete tsunamiju turbo-folka, reppa, hip-hopa... reći: STOP???</comment-text-transliterated></comment><comment comment-id="2"><comment-parent-id /><comment-text>Svako vreme ima svoje heroje i idole... Štulić je poleteo na krilima Novog talasa u jednom vremenu revolucionarnih promena u društvu u kome je muzika bila " više " od muzike nažalost današnje vreme je vreme bez vrednosti pa samim tim bezvredno.</comment-text><comment-text-transliterated>Svako vreme ima svoje heroje i idole... Štulić je poleteo na krilima Novog talasa u jednom vremenu revolucionarnih promena u društvu u kome je muzika bila " više " od muzike nažalost današnje vreme je vreme bez vrednosti pa samim tim bezvredno.</comment-text-transliterated></comment><comment comment-id="3"><comment-parent-id /><comment-text>Divno je na ovom terenu u moru plagijata, dobiti nešto originalno, to su AZZRA,
DŽoni B.Štulić,  grupa Smak  TOČAK, ...................... Vlatko Stefanovski, ...........Dado Topić, Sladjana Milošević, Dragana Šarić.................................
AZZRU smo svi voleli!</comment-text><comment-text-transliterated>Divno je na ovom terenu u moru plagijata, dobiti nešto originalno, to su AZZRA,
DŽoni B.Štulić,  grupa Smak  TOČAK, ...................... Vlatko Stefanovski, ...........Dado Topić, Sladjana Milošević, Dragana Šarić.................................
AZZRU smo svi voleli!</comment-text-transliterated></comment><comment comment-id="4"><comment-parent-id /><comment-text>Veliki muzicar i karakter i Srbin.</comment-text><comment-text-transliterated>Veliki muzicar i karakter i Srbin.</comment-text-transliterated></comment><comment comment-id="5"><comment-parent-id /><comment-text>Štulič je jedan od retkih ljudi koji je imao veliko poverenje na svim stranama bivše države. Jeste malo teška i egoistična ličnost ali je po opredeljenju humanista i borac za pravdu i istinu. Zato je šteta što nije više bio aktivan u vremenima raspada države i pratećih ratova. Mada kada razmislim da je tako i bolje, pošto bi svaki njegov angažman naišao na nož onih koji šire mržnju. Pretopstavljam da bi to bilo najizraženije u Hrvatskoj iako je tamo bio svojevrsno polubožanstvo. </comment-text><comment-text-transliterated>Štulič je jedan od retkih ljudi koji je imao veliko poverenje na svim stranama bivše države. Jeste malo teška i egoistična ličnost ali je po opredeljenju humanista i borac za pravdu i istinu. Zato je šteta što nije više bio aktivan u vremenima raspada države i pratećih ratova. Mada kada razmislim da je tako i bolje, pošto bi svaki njegov angažman naišao na nož onih koji šire mržnju. Pretopstavljam da bi to bilo najizraženije u Hrvatskoj iako je tamo bio svojevrsno polubožanstvo. </comment-text-transliterated></comment><comment comment-id="6"><comment-parent-id /><comment-text>@Ljupco
Slažem se u glavnom sa napisanim, ali ovo sa UDB ne verujem. Mislim da nisu manipulisali sa rokerima ali su sigurno pratili scenu i vredno pisali izveštaje. UDB da kontroliše EKV, ma hajde.
Ali je sigurno cenzura imala neki uticaj preko diskografskih kuća, mada je i tu bilo hrabrih ljudi. Kako bi inače izašao "Crni Mercedes"?
Kritika je više bila post festum, kada bi neki nadrikritičar iz SUBNOR-a pocepao album uz jadikovke tipa "kamo ide ova omladina" i "nismo se za to borili".
I neke ste dobre bendove zaboravili spomenuti, ali vidim da već stižu korekcije.</comment-text><comment-text-transliterated>@Ljupco
Slažem se u glavnom sa napisanim, ali ovo sa UDB ne verujem. Mislim da nisu manipulisali sa rokerima ali su sigurno pratili scenu i vredno pisali izveštaje. UDB da kontroliše EKV, ma hajde.
Ali je sigurno cenzura imala neki uticaj preko diskografskih kuća, mada je i tu bilo hrabrih ljudi. Kako bi inače izašao "Crni Mercedes"?
Kritika je više bila post festum, kada bi neki nadrikritičar iz SUBNOR-a pocepao album uz jadikovke tipa "kamo ide ova omladina" i "nismo se za to borili".
I neke ste dobre bendove zaboravili spomenuti, ali vidim da već stižu korekcije.</comment-text-transliterated></comment><comment comment-id="6-1"><comment-parent-id>6</comment-parent-id><comment-text>Ne verujem ni ja o tim pricama sa UDBom, ali pojavio se neki natpis na tu temu, a kad pogledam da jos sedamdesetih bjelo dugme, divlje jagode... i neke druge su snimali albume u Londonu, mozda i ima neka istina. Ali u svakom slucaju, Yugoslavija je imala za to doba muzuku na svjetsku razinu. Ima jos puno puno bendova i muzicara da se doda, ali spomenuo sam samo nekoliko. Evo SMAK mora da spomenem, Sarlo akrobata, Idoli, Film, generacija 5..... mnogo ih je. A i pjevaca, Zdravko Colic, Josipa Lisac...... i jos mnogo drugih kvalitetnih</comment-text><comment-text-transliterated>Ne verujem ni ja o tim pricama sa UDBom, ali pojavio se neki natpis na tu temu, a kad pogledam da jos sedamdesetih bjelo dugme, divlje jagode... i neke druge su snimali albume u Londonu, mozda i ima neka istina. Ali u svakom slucaju, Yugoslavija je imala za to doba muzuku na svjetsku razinu. Ima jos puno puno bendova i muzicara da se doda, ali spomenuo sam samo nekoliko. Evo SMAK mora da spomenem, Sarlo akrobata, Idoli, Film, generacija 5..... mnogo ih je. A i pjevaca, Zdravko Colic, Josipa Lisac...... i jos mnogo drugih kvalitetnih</comment-text-transliterated></comment><comment comment-id="7"><comment-parent-id /><comment-text>Први пут чујем да је џонијев отац био на служби у Јастребарском.То је ту,
25 км од Загреба,тенковска бригада.Ја сам ту служио ЈНА.Што наравно није
битно.Битно је да је Џони права легенда ЈУ рока.И да,на жалост,више не
музицира.</comment-text><comment-text-transliterated>Prvi put čujem da je džonijev otac bio na službi u Jastrebarskom.To je tu,
25 km od Zagreba,tenkovska brigada.Ja sam tu služio JNA.Što naravno nije
bitno.Bitno je da je Džoni prava legenda JU roka.I da,na žalost,više ne
muzicira.</comment-text-transliterated></comment><comment comment-id="8"><comment-parent-id /><comment-text>Проблем Бранимира што није бранио мир у кући, тј.  није рапортирао тати официру о стању међу социјалистичком омладином, и наравно није хтео тезгу у Гучи. Засвирај и за појас задени, латиo се поштена посла. Џони легендо, био и остао.</comment-text><comment-text-transliterated>Problem Branimira što nije branio mir u kući, tj.  nije raportirao tati oficiru o stanju među socijalističkom omladinom, i naravno nije hteo tezgu u Guči. Zasviraj i za pojas zadeni, latio se poštena posla. Džoni legendo, bio i ostao.</comment-text-transliterated></comment><comment comment-id="9"><comment-parent-id /><comment-text>Neki kazu da je osamdesetih UDBa kontrolisala rock-pop scenu u Yugoslaviju, odredzivala ko ce i sta ce pjevati, a pomoc i instrukcije dobivali od Britanaca, kako bi zapadna kultura bila sve prisutnija. Mozda je ovo tacno, mozda nije,mozda je delimicno tacno, ali u svakom pogledu Yugoslavija je osamdesetih imala, zajedno sa Britancima, najbolju rock-pop muzuku u Evropi,pa i sire. Nije samo Azra legenda. Tu su Bjelo Dugme, Divlje jagode,Riblja corba, Prljavo kazaliste, elektricni orgazam, EKV, Pankrti.... i jos mnogo mnogo dobrih bendova i muzicara koji su dali najbolju muziku na ovim prostorima.</comment-text><comment-text-transliterated>Neki kazu da je osamdesetih UDBa kontrolisala rock-pop scenu u Yugoslaviju, odredzivala ko ce i sta ce pjevati, a pomoc i instrukcije dobivali od Britanaca, kako bi zapadna kultura bila sve prisutnija. Mozda je ovo tacno, mozda nije,mozda je delimicno tacno, ali u svakom pogledu Yugoslavija je osamdesetih imala, zajedno sa Britancima, najbolju rock-pop muzuku u Evropi,pa i sire. Nije samo Azra legenda. Tu su Bjelo Dugme, Divlje jagode,Riblja corba, Prljavo kazaliste, elektricni orgazam, EKV, Pankrti.... i jos mnogo mnogo dobrih bendova i muzicara koji su dali najbolju muziku na ovim prostorima.</comment-text-transliterated></comment><comment comment-id="9-1"><comment-parent-id>9</comment-parent-id><comment-text>Dok pisem ove redove, slusam album "Modra rijeka" sarajevskih "Indexa". Okosnicu "Indexa", cinio je trio Slobodan Kovacevic (solo-gitara), Fadil Redzic (bas-gitara) i pjevac Davorin Popovic-Pimpek. Kao bubnjar najduze se u ovoj pop-grupi zadrzao Djordje Kisic. U albumu "Modra rijeka" orgulje solo, svirao je Tihomir Pop Asanovic, a klavir solo, Ranko Rihtman. Potrebno je napomenuti da su "Indexi" vrlo cesto mijenjali klavijaturistu, pa je u njihovoj ranoj fazi za orguljama i klavirom bio i Kornelije Kovac koji je u Sarajevu bio upisao Muzicku akademiju. Na omotu albuma "Modra rijeka" je slika zene, velikog sarajevskog slikara Mersada Berbera. Na pocetku albuma, stihove pjesnika Maka Dizdara, inace rodjenog u Hercegovini, u Stocu, recituje poznati zagrebacki glumac Fabijan Sovagovic. Buduci da su clanovi "Indexa" uglavnom bili i autori njihove muzike, za album "Modra rijeka" muziku su komponovali Fadil Redzic, Slobodan A. Kovacevic, i Slobodan A. Kovacevic-Ranko Rihtman. / Dj.Te. /</comment-text><comment-text-transliterated>Dok pisem ove redove, slusam album "Modra rijeka" sarajevskih "Indexa". Okosnicu "Indexa", cinio je trio Slobodan Kovacevic (solo-gitara), Fadil Redzic (bas-gitara) i pjevac Davorin Popovic-Pimpek. Kao bubnjar najduze se u ovoj pop-grupi zadrzao Djordje Kisic. U albumu "Modra rijeka" orgulje solo, svirao je Tihomir Pop Asanovic, a klavir solo, Ranko Rihtman. Potrebno je napomenuti da su "Indexi" vrlo cesto mijenjali klavijaturistu, pa je u njihovoj ranoj fazi za orguljama i klavirom bio i Kornelije Kovac koji je u Sarajevu bio upisao Muzicku akademiju. Na omotu albuma "Modra rijeka" je slika zene, velikog sarajevskog slikara Mersada Berbera. Na pocetku albuma, stihove pjesnika Maka Dizdara, inace rodjenog u Hercegovini, u Stocu, recituje poznati zagrebacki glumac Fabijan Sovagovic. Buduci da su clanovi "Indexa" uglavnom bili i autori njihove muzike, za album "Modra rijeka" muziku su komponovali Fadil Redzic, Slobodan A. Kovacevic, i Slobodan A. Kovacevic-Ranko Rihtman. / Dj.Te. /</comment-text-transliterated></comment><comment comment-id="9-2"><comment-parent-id>9</comment-parent-id><comment-text>Ови који спомињу УДБУ заборављају много шта. Нису Индекси уопште први. И није ни рок музика одмах прва. Сви заборављају и да су пре Ролингстонса били Битлси, а рпе њих Елвис Присли, а пре њега разни типа Литл Ричард, Луис Армрстронг, итд. Дакле развој музике у свету је кроз неко време почео и код нас, па тако имамо и Милета Лојпура и многе друге који копирају западњаке јер просто то млади воле. Познате су биле разне игранке и то нико није могао да спречи. Тек када је настала експлозија бендова крајем шездесетих, а тек седамтесетих, тек ту нема контроле. Оно што се многи слажу о улози УДБЕ и неких мрачних сила, то је долазак хероина и кокаина, и његово растурање међу младима. Тако да ако је то доводило до ауторског надахнућа, е у томе може да буде улога неке тајне силе. Мада како смо чули Брегу и рачуне за његово цвеће, онда то значи и да су продуценти као посреднци УДБЕ били само испоручиоци цвећа а не и песама.</comment-text><comment-text-transliterated>Ovi koji spominju UDBU zaboravljaju mnogo šta. Nisu Indeksi uopšte prvi. I nije ni rok muzika odmah prva. Svi zaboravljaju i da su pre Rolingstonsa bili Bitlsi, a rpe njih Elvis Prisli, a pre njega razni tipa Litl Ričard, Luis Armrstrong, itd. Dakle razvoj muzike u svetu je kroz neko vreme počeo i kod nas, pa tako imamo i Mileta Lojpura i mnoge druge koji kopiraju zapadnjake jer prosto to mladi vole. Poznate su bile razne igranke i to niko nije mogao da spreči. Tek kada je nastala eksplozija bendova krajem šezdesetih, a tek sedamtesetih, tek tu nema kontrole. Ono što se mnogi slažu o ulozi UDBE i nekih mračnih sila, to je dolazak heroina i kokaina, i njegovo rasturanje među mladima. Tako da ako je to dovodilo do autorskog nadahnuća, e u tome može da bude uloga neke tajne sile. Mada kako smo čuli Bregu i račune za njegovo cveće, onda to znači i da su producenti kao posrednci UDBE bili samo isporučioci cveća a ne i pesama.</comment-text-transliterated></comment><comment comment-id="10"><comment-parent-id /><comment-text>Stulic je vanserijski roker, liricar par exelans,ali Stulic je i Srbin koji je video raspad  i cerecenje zemlje.Nije se on povukao zato sto nije imao sta da kaze, naprotiv, povukao se zato jer vise nije bilo onih kojima bi to hteo da kaze!</comment-text><comment-text-transliterated>Stulic je vanserijski roker, liricar par exelans,ali Stulic je i Srbin koji je video raspad  i cerecenje zemlje.Nije se on povukao zato sto nije imao sta da kaze, naprotiv, povukao se zato jer vise nije bilo onih kojima bi to hteo da kaze!</comment-text-transliterated></comment><comment comment-id="11"><comment-parent-id /><comment-text>Требало би расветлити прошлост три репрезентативне касарне које је на Тетовској трошарини, у северозападном делу Скопља, подигла Краљевина Југославија, вероватно парирајући бугарским настојањима. Наравно и других капиталних грађевина подигнутих у накадашњој српској престоници (Народно позориште, Официрски дом, Железничка станица, . . .), а и целој Сев. Македонији. У "заборавном" Београду, нико није вршио њихову анализу, а тек тамошњим властима занетим идентитетским радовима уз западну подршку, оне не иду у прилог. Касарне су се налазиле поред пута који води на Косово поље, кроз Бранковића Качаничку клисуру брзог и некада чистог Лепенца . У Титово време касарне су претворене у стамбене зграде бројних официрских породица, нарочито српских из Хрватске и БиХ. У левој "тенковској" згради (десно су биле две "пешадијске"), гледајући ка Косову, у трећем улазу, на првом спрату су становали моји родитељи. На другом су били Штулићи са малом децом, која ме нису интересовала, јер сам био основац.  </comment-text><comment-text-transliterated>Trebalo bi rasvetliti prošlost tri reprezentativne kasarne koje je na Tetovskoj trošarini, u severozapadnom delu Skoplja, podigla Kraljevina Jugoslavija, verovatno parirajući bugarskim nastojanjima. Naravno i drugih kapitalnih građevina podignutih u nakadašnjoj srpskoj prestonici (Narodno pozorište, Oficirski dom, Železnička stanica, . . .), a i celoj Sev. Makedoniji. U "zaboravnom" Beogradu, niko nije vršio njihovu analizu, a tek tamošnjim vlastima zanetim identitetskim radovima uz zapadnu podršku, one ne idu u prilog. Kasarne su se nalazile pored puta koji vodi na Kosovo polje, kroz Brankovića Kačaničku klisuru brzog i nekada čistog Lepenca . U Titovo vreme kasarne su pretvorene u stambene zgrade brojnih oficirskih porodica, naročito srpskih iz Hrvatske i BiH. U levoj "tenkovskoj" zgradi (desno su bile dve "pešadijske"), gledajući ka Kosovu, u trećem ulazu, na prvom spratu su stanovali moji roditelji. Na drugom su bili Štulići sa malom decom, koja me nisu interesovala, jer sam bio osnovac.  </comment-text-transliterated></comment><comment comment-id="12"><comment-parent-id /><comment-text>Štulić je šta je: legenda. Možda je u Holandiji napisao još koju dobru pesmu, ko zna?
Ali na toj priči o deci oficira koji su postali muzičari ima nešto. Pogledajte odličan slovenački film Autsajder (Outsider, Andrej Košak, 1997), u kome briljiraju Davor Janjić i Zijah Sokolović a muzika je Lošina.</comment-text><comment-text-transliterated>Štulić je šta je: legenda. Možda je u Holandiji napisao još koju dobru pesmu, ko zna?
Ali na toj priči o deci oficira koji su postali muzičari ima nešto. Pogledajte odličan slovenački film Autsajder (Outsider, Andrej Košak, 1997), u kome briljiraju Davor Janjić i Zijah Sokolović a muzika je Lošina.</comment-text-transliterated></comment><comment comment-id="12-1"><comment-parent-id>12</comment-parent-id><comment-text>Nije to bilo samo kod nas. Čuveni Džim Morison (postao je slavan sa nepune 23 godine, a preselio se u legendu sa 27) je bio sin američkog admirala, u istoriji poznatog po tome što je vodio američke pomorske snage u onome što je kasnije nazvano "incident u Tonkinškom zalivu", a što je poslužilo kao povod Sjedinjenim Državama da se umešaju u građanski rat u Vijetnamu.</comment-text><comment-text-transliterated>Nije to bilo samo kod nas. Čuveni Džim Morison (postao je slavan sa nepune 23 godine, a preselio se u legendu sa 27) je bio sin američkog admirala, u istoriji poznatog po tome što je vodio američke pomorske snage u onome što je kasnije nazvano "incident u Tonkinškom zalivu", a što je poslužilo kao povod Sjedinjenim Državama da se umešaju u građanski rat u Vijetnamu.</comment-text-transliterated></comment><comment comment-id="13"><comment-parent-id /><comment-text>"Nadam se da Stulic dodje na neke od mojih koncerata koje priredjujem po svijetu, ali nece da mi se javi nakon koncerta", procitah u nekoj novini, izjavu Gorana Bregovica. A to sa djecom oficira koji su obiljezili nas pop-rock, to je tako. Otac mog druga iz sarajevskog djetinjstva Gorana Bregovica koji je postigao "veci uspjeh od uspjeha" porobivsi muzicku planetu svojim muzickim darom, takodje bi oficir. Bi oficir i otac sarajevskog doktora za rock'n'roll Milica Vukasinovica, lidera sarajevske pop-rock grupe "Vatreni poljubac". Branimir Dzoni Stulic je bio "najbolje od najboljeg" na jugoslovenskoj pop-rock sceni. A kao pisac tekstova (parolier, fr.) i jos  bolji. Problem sa Stulicem je da se rano povukao sa muzicke scene (pred)osjetivsi da je rekao "zadnju rijec". S Bregovicem je druga prica. Nakon pisanja muzike za filmove u Parizu, tek tad je poceo zbilja da radi! Poslusajte samo njegov album "Three Letters From Sarajevo". To je - klasicna muzika. (Djordje Telebak, zurnalist, Pariz)</comment-text><comment-text-transliterated>"Nadam se da Stulic dodje na neke od mojih koncerata koje priredjujem po svijetu, ali nece da mi se javi nakon koncerta", procitah u nekoj novini, izjavu Gorana Bregovica. A to sa djecom oficira koji su obiljezili nas pop-rock, to je tako. Otac mog druga iz sarajevskog djetinjstva Gorana Bregovica koji je postigao "veci uspjeh od uspjeha" porobivsi muzicku planetu svojim muzickim darom, takodje bi oficir. Bi oficir i otac sarajevskog doktora za rock'n'roll Milica Vukasinovica, lidera sarajevske pop-rock grupe "Vatreni poljubac". Branimir Dzoni Stulic je bio "najbolje od najboljeg" na jugoslovenskoj pop-rock sceni. A kao pisac tekstova (parolier, fr.) i jos  bolji. Problem sa Stulicem je da se rano povukao sa muzicke scene (pred)osjetivsi da je rekao "zadnju rijec". S Bregovicem je druga prica. Nakon pisanja muzike za filmove u Parizu, tek tad je poceo zbilja da radi! Poslusajte samo njegov album "Three Letters From Sarajevo". To je - klasicna muzika. (Djordje Telebak, zurnalist, Pariz)</comment-text-transliterated></comment><comment comment-id="13-1"><comment-parent-id>13</comment-parent-id><comment-text>Da, samo je isti odrzao konferenciju u Beogradu, mislim 95' 6' ili 7' godine na kojoj je promovirao album ' Blase '. Tako da to nije do kraja tocno, ipak je nesto pokusao samo sta ocito nije imao sta za reci u tom kontekstu vremena. </comment-text><comment-text-transliterated>Da, samo je isti odrzao konferenciju u Beogradu, mislim 95' 6' ili 7' godine na kojoj je promovirao album ' Blase '. Tako da to nije do kraja tocno, ipak je nesto pokusao samo sta ocito nije imao sta za reci u tom kontekstu vremena. </comment-text-transliterated></comment><comment comment-id="13-2"><comment-parent-id>13</comment-parent-id><comment-text>Verujem da bi vam Štulić imao štošta reći o Bregoviću i da bi malo toga, ako išta, bilo laskavo.</comment-text><comment-text-transliterated>Verujem da bi vam Štulić imao štošta reći o Bregoviću i da bi malo toga, ako išta, bilo laskavo.</comment-text-transliterated></comment><comment comment-id="14"><comment-parent-id /><comment-text>Прокоментарисао бих само став новинара да је Штулић "хрватски музичар". Штулић је и сопственим изричитим речима, а и делом показао да није хрватски музичар. </comment-text><comment-text-transliterated>Prokomentarisao bih samo stav novinara da je Štulić "hrvatski muzičar". Štulić je i sopstvenim izričitim rečima, a i delom pokazao da nije hrvatski muzičar. </comment-text-transliterated></comment></comments-list></comments></document>