<?xml version="1.0" encoding="utf-8"?>
<document global-id="sr-01-1025">
	<url>http://www.politika.rs/scc/clanak/428925/%D0%9A%D0%B0%D0%BA%D0%BE-%D1%81%D1%83-%D0%BC%D0%B8%D0%B3%D1%80%D0%B0%D0%BD%D1%82%D0%B8-%D1%81%D0%BF%D0%B0%D1%81%D0%B8%D0%BB%D0%B8-%D0%BD%D0%B5%D0%BC%D0%B0%D1%87%D0%BA%D1%83-%D0%B5%D0%BA%D0%BE%D0%BD%D0%BE%D0%BC%D0%B8%D1%98%D1%83</url>
	<source-id>sr-01</source-id>
	<local-id>1025</local-id>
	<source-name>Politika</source-name>
	<article>
		<article-title>Како су мигранти спасили немачку економију</article-title>
		<article-title-transliterated>Kako su migranti spasili nemačku ekonomiju</article-title-transliterated>
		<article-time>2019-05-07</article-time>
		<article-author>A. M.</article-author>
		<article-text>Иако је немачка канцеларка Ангела Меркел често на удару критика због отварања граница за мигранте, таква политика донела је значајну корист једној од најјачих светских економија. Анализа Вашингтон поста показује да су избеглице са Блиског истока један од кључних покретача немачке економије с обзиром на то да прихватају послове које нико не жели.
Немачка има вишедеценијску традицију програма преквалификација и школовања одраслих, поготово за дефицитарна занимања, али такви курсеви младим Немцима нису привлачни.
Лист наводи пример тридесетогодишњег Сиријца који је у својој земљи радио као електричар, иако није завршио формално образовање за тај посао. Управо због недостатка дипломе није могао да се запосли у Немачкој. Зато је прошао један од програма образовања одраслих, за који му је трошкове покрила фирма која ће га након тога запослити.
Према проценама Вашингтона поста, у Немачкој је завршио већи део од милион и по  избеглица са Блиског истока. До краја 2018. године 400.000 избеглица било је или запослено или у неком од програма оспособљавања, а 200.000 их је регистровано као незапослено. То је изнад очекивања многих, посебно оних струја које су тврдиле како се мигранти неће уклопити у тржиште рада и да ће само користити погодности социјалног система.
Слична ситуација је била и деведесетих година прошлог века са избеглицама из бивше Југославије од којих је чак 80 одсто имало посао најкасније осам година од доласка у Немачку. Сада је, сматрају саговорници америчког листа, ситуација за мигранте још повољнија, јер је незапосленост у Немачкој на рекордно ниском нивоу и износи мање од пет одсто. Корист нема само немачка економија него и демографија с обзиром на то да је око 60 одсто придошлица млађе од 26 година.
Мигранти углавном прихватају слабије плаћене послове у магацинима или у угоститељским објектима, а циљ програма преквалификација јесте да их оспособи за сложенија занимања.
Уз недовољно квалификација, непознавање језика, проблем мигрантима представљало је и то што су послодавци одбијали да дају посао тражиоцима азила због бојазни да ће они можда ускоро бити депортовани. Власти су због тога сваком тражиоцу азила који буде одбијен  омогућиле да остане још три године у програму стручног оспособљавања, а онда још најмање две године на радном месту.</article-text>
		<article-text-transliterated>Iako je nemačka kancelarka Angela Merkel često na udaru kritika zbog otvaranja granica za migrante, takva politika donela je značajnu korist jednoj od najjačih svetskih ekonomija. Analiza Vašington posta pokazuje da su izbeglice sa Bliskog istoka jedan od ključnih pokretača nemačke ekonomije s obzirom na to da prihvataju poslove koje niko ne želi.
Nemačka ima višedecenijsku tradiciju programa prekvalifikacija i školovanja odraslih, pogotovo za deficitarna zanimanja, ali takvi kursevi mladim Nemcima nisu privlačni.
List navodi primer tridesetogodišnjeg Sirijca koji je u svojoj zemlji radio kao električar, iako nije završio formalno obrazovanje za taj posao. Upravo zbog nedostatka diplome nije mogao da se zaposli u Nemačkoj. Zato je prošao jedan od programa obrazovanja odraslih, za koji mu je troškove pokrila firma koja će ga nakon toga zaposliti.
Prema procenama Vašingtona posta, u Nemačkoj je završio veći deo od milion i po  izbeglica sa Bliskog istoka. Do kraja 2018. godine 400.000 izbeglica bilo je ili zaposleno ili u nekom od programa osposobljavanja, a 200.000 ih je registrovano kao nezaposleno. To je iznad očekivanja mnogih, posebno onih struja koje su tvrdile kako se migranti neće uklopiti u tržište rada i da će samo koristiti pogodnosti socijalnog sistema.
Slična situacija je bila i devedesetih godina prošlog veka sa izbeglicama iz bivše Jugoslavije od kojih je čak 80 odsto imalo posao najkasnije osam godina od dolaska u Nemačku. Sada je, smatraju sagovornici američkog lista, situacija za migrante još povoljnija, jer je nezaposlenost u Nemačkoj na rekordno niskom nivou i iznosi manje od pet odsto. Korist nema samo nemačka ekonomija nego i demografija s obzirom na to da je oko 60 odsto pridošlica mlađe od 26 godina.
Migranti uglavnom prihvataju slabije plaćene poslove u magacinima ili u ugostiteljskim objektima, a cilj programa prekvalifikacija jeste da ih osposobi za složenija zanimanja.
Uz nedovoljno kvalifikacija, nepoznavanje jezika, problem migrantima predstavljalo je i to što su poslodavci odbijali da daju posao tražiocima azila zbog bojazni da će oni možda uskoro biti deportovani. Vlasti su zbog toga svakom tražiocu azila koji bude odbijen  omogućile da ostane još tri godine u programu stručnog osposobljavanja, a onda još najmanje dve godine na radnom mestu.</article-text-transliterated>
	</article>
	<comments>
		<comments-count>14</comments-count>
		<comments-list>
			<comment comment-id="1">
				<comment-parent-id/>
				<comment-text>Izgleda da su svi zaboravili da su  razrusenu Nemacku posle Drugog Svetskog rata obnovili i gradili emigranti.  To su bili Jugosloveni a među njima najvise je bilo Srba i Hrvata.  Ostali narodi i drzave pod upravom i kontrolom Sovjetskog Saveza nisu mogli tamo ni da stignu  i bili su nerado prihvatani i kao radna snaga.  Jugosloveni su bili pozeljna radna snaga koja se Nemackoj visestruko isplatila.  Dok su oni gradili Nemacku,Nemacka je gradila nas. Prelepe kuce su nicale i u najsiromasnijim delovima nase zemlje i omogucile pristojan zivot Srpskim porodicama sa Nemackim penzijama povratnika.</comment-text>
				<comment-text-transliterated>Izgleda da su svi zaboravili da su  razrusenu Nemacku posle Drugog Svetskog rata obnovili i gradili emigranti.  To su bili Jugosloveni a među njima najvise je bilo Srba i Hrvata.  Ostali narodi i drzave pod upravom i kontrolom Sovjetskog Saveza nisu mogli tamo ni da stignu  i bili su nerado prihvatani i kao radna snaga.  Jugosloveni su bili pozeljna radna snaga koja se Nemackoj visestruko isplatila.  Dok su oni gradili Nemacku,Nemacka je gradila nas. Prelepe kuce su nicale i u najsiromasnijim delovima nase zemlje i omogucile pristojan zivot Srpskim porodicama sa Nemackim penzijama povratnika.</comment-text-transliterated>
			</comment>
			<comment comment-id="2">
				<comment-parent-id/>
				<comment-text>Корист у једном времену, проблеми у времену будућем.</comment-text>
				<comment-text-transliterated>Korist u jednom vremenu, problemi u vremenu budućem.</comment-text-transliterated>
			</comment>
			<comment comment-id="3">
				<comment-parent-id/>
				<comment-text>Kao iskusan migrant, da vam objasnim zasto uopste postoji sistem migracija u zemljama zapada. Prvi i osnovni razlog jeste ekonomski. Ali ne u smislu da se iskoristi doprinos koji bi migrant navodno doprineo. Cilj drzave je da stvori konkurenciju domacinima, da se smanji zivotni standard, odnosno da se kroz inflaciju smanjuje zarada prosecnoga zapadnjaka. Da se istome stvori utisak kako su teska vremena i da se nemoze ocekivati napredak. Konkurencija diktira stagnaciju doprinosa prosecnoga radnika. Firme zaposljavaju migrante zato sto su voljni raditi za manje. A samim tim, svi ostali moraju raditi za manje. Samo sto to nije jedini razlog migracija. U slucaju nas Srba iz hrvatske, kanada je sve uradila da bi sto manje Srba ostalo u hrvatskoj. U slucaju Njemacke, pored ekonomskog razloga, migranti su dovedeni da se smanji broj potencijalnih boraca Sirije, i politicki promeni situaciju u Evropi. Radikali su direktan odgovor Evrope. Svi pljuju po Merkel a ona im stvorila podlogu za uspeh.</comment-text>
				<comment-text-transliterated>Kao iskusan migrant, da vam objasnim zasto uopste postoji sistem migracija u zemljama zapada. Prvi i osnovni razlog jeste ekonomski. Ali ne u smislu da se iskoristi doprinos koji bi migrant navodno doprineo. Cilj drzave je da stvori konkurenciju domacinima, da se smanji zivotni standard, odnosno da se kroz inflaciju smanjuje zarada prosecnoga zapadnjaka. Da se istome stvori utisak kako su teska vremena i da se nemoze ocekivati napredak. Konkurencija diktira stagnaciju doprinosa prosecnoga radnika. Firme zaposljavaju migrante zato sto su voljni raditi za manje. A samim tim, svi ostali moraju raditi za manje. Samo sto to nije jedini razlog migracija. U slucaju nas Srba iz hrvatske, kanada je sve uradila da bi sto manje Srba ostalo u hrvatskoj. U slucaju Njemacke, pored ekonomskog razloga, migranti su dovedeni da se smanji broj potencijalnih boraca Sirije, i politicki promeni situaciju u Evropi. Radikali su direktan odgovor Evrope. Svi pljuju po Merkel a ona im stvorila podlogu za uspeh.</comment-text-transliterated>
			</comment>
			<comment comment-id="4">
				<comment-parent-id/>
				<comment-text>Позвани су од стране крупних капиталиста како би оборили цену рада. почело је са очакницима из земаља источне, централне и јужне Европе, а онда се проширује даље - јер се на јефтиној радној снази највише зарађује.</comment-text>
				<comment-text-transliterated>Pozvani su od strane krupnih kapitalista kako bi oborili cenu rada. počelo je sa očaknicima iz zemalja istočne, centralne i južne Evrope, a onda se proširuje dalje - jer se na jeftinoj radnoj snazi najviše zarađuje.</comment-text-transliterated>
			</comment>
			<comment comment-id="4-1">
				<comment-parent-id>4</comment-parent-id>
				<comment-text>Некада су велике фирме отварале погоне у земљама са јефтином радном снагом. Изгледа да им се више исплати обрнуто - да та радна снага дође код њих.</comment-text>
				<comment-text-transliterated>Nekada su velike firme otvarale pogone u zemljama sa jeftinom radnom snagom. Izgleda da im se više isplati obrnuto - da ta radna snaga dođe kod njih.</comment-text-transliterated>
			</comment>
			<comment comment-id="5">
				<comment-parent-id/>
				<comment-text>Da nije srpskih komunista nebih znao kako je u Deutschland.</comment-text>
				<comment-text-transliterated>Da nije srpskih komunista nebih znao kako je u Deutschland.</comment-text-transliterated>
			</comment>
			<comment comment-id="6">
				<comment-parent-id/>
				<comment-text>Kada sam stigao do &quot;Analiza Vasington posta&quot; prestao sam da citam. Trebalo je citirati Kurir ili Informer sa podjednakom verodostojnoscu.</comment-text>
				<comment-text-transliterated>Kada sam stigao do &quot;Analiza Vasington posta&quot; prestao sam da citam. Trebalo je citirati Kurir ili Informer sa podjednakom verodostojnoscu.</comment-text-transliterated>
			</comment>
			<comment comment-id="7">
				<comment-parent-id/>
				<comment-text>Neki (veoma mali broj) su se &quot;uklopili&quot; u &quot; trziste dass&quot; i muvaju. Skoro svi se nisu i po onome sto vidim svaki dan NIKAD se nece i ne zele se uklopiti u kulturu i mentalitet koji nije muslimanski. Ko misli drugacije mnogo se vara.Prodjite centrom bilo kog grada u Nemackoj ili provedite 15 minuta na zeleznickoj stanici bilo kog grada u Nemackoj i razumecete sta kazem. Nepovratna propast i nazadovanje nase kulture.  Pa zasto izbeglice ne idu u bogate Arapske zemlje? Blize su im i geografski i kulturno ? Zato sto tamo nema nista besplatno. A Mi? Budale .....</comment-text>
				<comment-text-transliterated>Neki (veoma mali broj) su se &quot;uklopili&quot; u &quot; trziste dass&quot; i muvaju. Skoro svi se nisu i po onome sto vidim svaki dan NIKAD se nece i ne zele se uklopiti u kulturu i mentalitet koji nije muslimanski. Ko misli drugacije mnogo se vara.Prodjite centrom bilo kog grada u Nemackoj ili provedite 15 minuta na zeleznickoj stanici bilo kog grada u Nemackoj i razumecete sta kazem. Nepovratna propast i nazadovanje nase kulture.  Pa zasto izbeglice ne idu u bogate Arapske zemlje? Blize su im i geografski i kulturno ? Zato sto tamo nema nista besplatno. A Mi? Budale .....</comment-text-transliterated>
			</comment>
			<comment comment-id="8">
				<comment-parent-id/>
				<comment-text>Greška. Mnogi će pre poseći za kriminalom nego za lošim poslom. Takav je i problem sa generacijom koja potiče od onih koji su došli iz Turske, Afrike... A zapitajte se zašto u takvoj ekonomiji nema mesta da prosečan Evropljanin dobije 2-4 dece... Uništavanje društva na račun industrije....</comment-text>
				<comment-text-transliterated>Greška. Mnogi će pre poseći za kriminalom nego za lošim poslom. Takav je i problem sa generacijom koja potiče od onih koji su došli iz Turske, Afrike... A zapitajte se zašto u takvoj ekonomiji nema mesta da prosečan Evropljanin dobije 2-4 dece... Uništavanje društva na račun industrije....</comment-text-transliterated>
			</comment>
			<comment comment-id="8-1">
				<comment-parent-id>8</comment-parent-id>
				<comment-text>@Stari realista, sa kapitalizmom imaju problem samo nesposobni, lenji i iskompleksirani ljudi.</comment-text>
				<comment-text-transliterated>@Stari realista, sa kapitalizmom imaju problem samo nesposobni, lenji i iskompleksirani ljudi.</comment-text-transliterated>
			</comment>
			<comment comment-id="8-2">
				<comment-parent-id>8</comment-parent-id>
				<comment-text>Truli kapitalizam.</comment-text>
				<comment-text-transliterated>Truli kapitalizam.</comment-text-transliterated>
			</comment>
			<comment comment-id="9">
				<comment-parent-id/>
				<comment-text>Nije sve u ekonomiji. Trenutno je svaka treca osoba u zapadnoj nemackoj stranog porekla. Udeo u vecim gradovima poput Hamburga, Kelna i Stutgarta im je 40 - 50% (po staroj statistici) A u gradskim skolama udeo strane dece dolazi i do 70%, dok postoje vec neke sa preko 90%. Kako ona mislite da ime je demografija spasena? Ove brojke isto ukazuju na to da kada umre vecina danasnjih penzionera, vecina stanovnistva ce biti poreklom sa bliskog istoka uz male primese Afrikanaca, Balkanaca i Italijana. Vecina evropskih naroda javno osudjuje Nemce zbog ovakve politike.</comment-text>
				<comment-text-transliterated>Nije sve u ekonomiji. Trenutno je svaka treca osoba u zapadnoj nemackoj stranog porekla. Udeo u vecim gradovima poput Hamburga, Kelna i Stutgarta im je 40 - 50% (po staroj statistici) A u gradskim skolama udeo strane dece dolazi i do 70%, dok postoje vec neke sa preko 90%. Kako ona mislite da ime je demografija spasena? Ove brojke isto ukazuju na to da kada umre vecina danasnjih penzionera, vecina stanovnistva ce biti poreklom sa bliskog istoka uz male primese Afrikanaca, Balkanaca i Italijana. Vecina evropskih naroda javno osudjuje Nemce zbog ovakve politike.</comment-text-transliterated>
			</comment>
			<comment comment-id="9-1">
				<comment-parent-id>9</comment-parent-id>
				<comment-text>Апсолутно нетачно !</comment-text>
				<comment-text-transliterated>Apsolutno netačno !</comment-text-transliterated>
			</comment>
			<comment comment-id="9-2">
				<comment-parent-id>9</comment-parent-id>
				<comment-text>Razmislite malo - Pa sta je tu lose? Bez ijednog ispaljenog metka, bez rata  nema nista vise od ideje koja je dovela do pocetka 2 svetskog rata! Zar ovo nije humanitarniji nacin? na zalost, ovo se nije desavalo 1940 tih.....</comment-text>
				<comment-text-transliterated>Razmislite malo - Pa sta je tu lose? Bez ijednog ispaljenog metka, bez rata  nema nista vise od ideje koja je dovela do pocetka 2 svetskog rata! Zar ovo nije humanitarniji nacin? na zalost, ovo se nije desavalo 1940 tih.....</comment-text-transliterated>
			</comment>
		</comments-list>
	</comments>
</document>
