<document global-id="sr-01-1352"><url>http://www.politika.rs/scc/clanak/322060/%D0%9C%D0%B0%D0%BB%D0%B8-%D1%87%D0%B5%D0%BB%D0%B8%D1%81%D1%82%D0%B8-%D0%B2%D0%B5%D0%BB%D0%B8%D0%BA%D0%B0-%D1%81%D0%B2%D0%B8%D1%80%D0%BA%D0%B0</url><source-id>sr-01</source-id><local-id>sr-01-1352</local-id><source-name>Politika</source-name><article><article-title>Мали челисти, велика свирка</article-title><article-title-transliterated>Mali čelisti, velika svirka</article-title-transliterated><article_time>2015-03-17</article_time><article-author>Branka Radović</article-author><article-text>
Неке нове појаве и „неки нови клинци” одушевили су својом посвећеношћу и умећем, залагањем и озбиљношћу, исто онолико колико су и програми били неуобичајени, а можда и непримерени њиховим годинама.
Двојица малих челиста направили су праву музичку увертиру за предстојеће Међународно такмичење Музичке омладине, које ће се ове године одржавати управо у категорији виолончела. На њему ће бити одрасли, али и млади уметници који траже своју светску шансу. Ми смо слушали два дечака који имају по тринаест година и који наговештавају добру музичку перспективу, иако још нису дорасли за овогодишње такмичење. Биће за неко будуће.
Један од великих челистичких концерата, Сенс Сансов у а-молу, извео је голобради дечкић, нежног изгледа и још неразвијеног корпуса, Петар Пејчић, потекао из музичких школа „Ватрослав Лисински” и „Даворин Јенко” и из класе професорке Јудите Јосифоске. Има већ низ освојених награда на такмичењима, речју, већ има биографију. Док га слушамо, а не гледамо, рекли бисмо свршени, талентовани и одрасли уметник. А он је сјајном техником искрено и из душе вајао деонице музицирајући и градећи сву садржајну скалу овог концерта: од романтичарски развијених мелодија, до страсних узлета и тихих понирања у епско и наративно. Узбудљиво извођење.
Друго дете са тринаест година, такође из познате музичке породице, мали Вук Оваскаинен извео је савремено дело, настало прошле године аутора Ивана Јевтића, „Дранг нах вестен”за соло виолончело, свирајући напамет добро усвојену партитуру у којој је сопственом интелигенцијом и талентом доспевао да разумевања, изражавања и представљања дела уверавајући нас у вредност по себи.
Нова генерација храбро корача ка уметничким врхунцима.
На концерту камерне музике Ивана Јевтића много младих се подухватило тешких задатака нимало једноставних партитуре са једном заједничком нити – клавирским партом у свим камерним комбинацијама. Аутентично и усвојено зазвучали су делови „Плесне свите за клавир” (1996) у тумачењу Александре Драгосавац, па у клавирском дуду Невена Јанков – Милена Малеш Радујсја, композиција за клавир четвороручно (2004). Још једна пијанисткиња, Миона Барбул пратила је свог брата на кларинету, Милутина Барбула у делу „Контрасти” (1988). Трио „Кон аморе е фуоко” из 1992. – Бојан Пешић, Игор Лазић, Дејан Суботић – остварио је добре звучне односе обое, хорне и клавира, а после звука кларинета и клавира, највећи контраст унео је ефектни „Концерт за алт саксофон и гудачки оркестар” (прерада је за клавир) из 2014. у извођењу изванредног саксофонисте Милана Савића и одличног пијанисте Укија Оваскаинена. Најраније написана „Музика за трио”, овога пута клавирски (клавирски трио „Атака”, Биљана Вудраговић, Јована Бијелић, Даница Кремзер) из 1978. звучала је најмодерније у језику и најнеобичније у изразу.
Било је то вече савремене домаће музике на коме је имало шта да се чује.
На концерту симфонијске музике обрадовао нас је повратак Уметничког ансамбла „Станислав Бинички” на сцену и не мали почетни задатак подизања из пепела са Дворжаковом симфонијом „Из Новог света”. Велика симфонија и озбиљан задатак. Много труда, воље, жеље за свирањем. Одлични дувачи, мало испомагача, ентузијастични диригент Павле Медаковић. Хоће ли наставити?
</article-text><article-text-transliterated>
Neke nove pojave i „neki novi klinci” oduševili su svojom posvećenošću i umećem, zalaganjem i ozbiljnošću, isto onoliko koliko su i programi bili neuobičajeni, a možda i neprimereni njihovim godinama.
Dvojica malih čelista napravili su pravu muzičku uvertiru za predstojeće Međunarodno takmičenje Muzičke omladine, koje će se ove godine održavati upravo u kategoriji violončela. Na njemu će biti odrasli, ali i mladi umetnici koji traže svoju svetsku šansu. Mi smo slušali dva dečaka koji imaju po trinaest godina i koji nagoveštavaju dobru muzičku perspektivu, iako još nisu dorasli za ovogodišnje takmičenje. Biće za neko buduće.
Jedan od velikih čelističkih koncerata, Sens Sansov u a-molu, izveo je golobradi dečkić, nežnog izgleda i još nerazvijenog korpusa, Petar Pejčić, potekao iz muzičkih škola „Vatroslav Lisinski” i „Davorin Jenko” i iz klase profesorke Judite Josifoske. Ima već niz osvojenih nagrada na takmičenjima, rečju, već ima biografiju. Dok ga slušamo, a ne gledamo, rekli bismo svršeni, talentovani i odrasli umetnik. A on je sjajnom tehnikom iskreno i iz duše vajao deonice muzicirajući i gradeći svu sadržajnu skalu ovog koncerta: od romantičarski razvijenih melodija, do strasnih uzleta i tihih poniranja u epsko i narativno. Uzbudljivo izvođenje.
Drugo dete sa trinaest godina, takođe iz poznate muzičke porodice, mali Vuk Ovaskainen izveo je savremeno delo, nastalo prošle godine autora Ivana Jevtića, „Drang nah vesten”za solo violončelo, svirajući napamet dobro usvojenu partituru u kojoj je sopstvenom inteligencijom i talentom dospevao da razumevanja, izražavanja i predstavljanja dela uveravajući nas u vrednost po sebi.
Nova generacija hrabro korača ka umetničkim vrhuncima.
Na koncertu kamerne muzike Ivana Jevtića mnogo mladih se poduhvatilo teških zadataka nimalo jednostavnih partiture sa jednom zajedničkom niti – klavirskim partom u svim kamernim kombinacijama. Autentično i usvojeno zazvučali su delovi „Plesne svite za klavir” (1996) u tumačenju Aleksandre Dragosavac, pa u klavirskom dudu Nevena Jankov – Milena Maleš Radujsja, kompozicija za klavir četvororučno (2004). Još jedna pijanistkinja, Miona Barbul pratila je svog brata na klarinetu, Milutina Barbula u delu „Kontrasti” (1988). Trio „Kon amore e fuoko” iz 1992. – Bojan Pešić, Igor Lazić, Dejan Subotić – ostvario je dobre zvučne odnose oboe, horne i klavira, a posle zvuka klarineta i klavira, najveći kontrast uneo je efektni „Koncert za alt saksofon i gudački orkestar” (prerada je za klavir) iz 2014. u izvođenju izvanrednog saksofoniste Milana Savića i odličnog pijaniste Ukija Ovaskainena. Najranije napisana „Muzika za trio”, ovoga puta klavirski (klavirski trio „Ataka”, Biljana Vudragović, Jovana Bijelić, Danica Kremzer) iz 1978. zvučala je najmodernije u jeziku i najneobičnije u izrazu.
Bilo je to veče savremene domaće muzike na kome je imalo šta da se čuje.
Na koncertu simfonijske muzike obradovao nas je povratak Umetničkog ansambla „Stanislav Binički” na scenu i ne mali početni zadatak podizanja iz pepela sa Dvoržakovom simfonijom „Iz Novog sveta”. Velika simfonija i ozbiljan zadatak. Mnogo truda, volje, želje za sviranjem. Odlični duvači, malo ispomagača, entuzijastični dirigent Pavle Medaković. Hoće li nastaviti?
</article-text-transliterated></article><comments><comments-count>0</comments-count><comments-list /></comments></document>