<document global-id="sr-01-134">
    <url>
        http://www.politika.rs/scc/clanak/344628/%D0%91%D0%B5%D0%BE%D0%B3%D1%80%D0%B0%D0%B4-%D0%BD%D0%B8%D1%98%D0%B5-%D0%BF%D1%80%D0%B8%D0%B1%D0%BB%D0%B8%D0%B6%D0%B8%D0%BE-%D0%9C%D0%BE%D1%81%D0%BA%D0%B2%D1%83-%D0%B8-%D0%90%D0%BD%D0%BA%D0%B0%D1%80%D1%83
    </url>
    <source-id>sr-01</source-id>
    <local-id>134</local-id>
    <source-name>Politika</source-name>
    <article>
        <article-title>Београд није приближио Москву и Анкару</article-title>
        <article-title-transliterated>Beograd nije približio Moskvu i Ankaru</article-title-transliterated>
        <article-time>2015-12-03</article-time>
        <article-author>J. Cerovina - J. Stevanović - D. Bukvić</article-author>
        <article-text>​Борба против тероризма Исламске државе, ситуација у Украјини и мигрантска криза биле су главне
            теме београдског самита који је окупио 44 шефа дипломатије. Састанак у четири ока руског министра спољних
            послова Сергеја Лаврова и америчког државног секретара Џона Керија на маргинама Министарског савета ОЕБС-а и
            први разговор званичника Москве и Турске, Сергеја Лаврова и Мевлута Чавушоглуа, после прошлонедељног обарања
            руског авиона на граници Турске и Сирије, учинио је Београд дипломатском престоницом света. О чему је Лавров
            разговарао са Керијем, а потом и са турским министром спољних послова – остало је у четири зида „руске собе“
            у београдској Арени.
            Руско-амерички састанак трајао је око пола сата, док је руско-турски разговор био петнаестак минута дужи.
            Ако је судити по томе како су се саговорници растали, сусрет Лаврова и Керија био је далеко пријатнији од
            онога који је руски министар спољних послова имао са својим турским колегом. Новинарима није било дозвољено
            присуство овим билатералним састанцима, али се „Политика“ уверила да су, после разговора иза затворених
            врата, Лавров и Кери из просторија руске делегације изашли насмејани, пријатељски ћаскајући као стари
            знанци, да би се на крају растали уз малтене другарски поздрав. Овом сусрету је присуствовала и Керијева
            помоћница за Европу Викторија Нуланд. 
            Потпуно другачију слику видели смо после сусрета Лавров–Чавушоглу. Тај разговор је био веома формалан и
            завршен је у соби за билатералне састанке. Први је из собе изашао Чавушоглу, а неколико тренутака после њега
            и Лавров, обојица врло озбиљних лица.
            У званичном делу 22. конференције ОЕБС-а, којом Србија завршава своје председавање овој организацији, Лавров
            и Кери су били прилично отворени, са јасним порукама оној другој страни. У појединим тренуцима њихово
            иступање било је можда мање дипломатски увијено него што би се могло очекивати од једног оваквог скупа. Тако
            је ситуацију у свету Лавров упоредио са стањем уочи Другог светског рата, а за борбу са Исламском државом
            рекао да је приоритет као што је некада била борба против нациста. Кери је, пак, позвао учеснике скупа да
            сви заједно траже од Русије да „сарађује се сепаратистима у Украјини да нађу приступ који не омета ову
            организацију“.

            Руски министар спољних послова је критиковао државе које, према његовој оцени, углавном гледају своју
            краткорочну корист, а мање су спремне да се укључе у партнерства.
            „Не можемо бити успешни ако нам други подмећу клипове као што нам се десило у ваздушном нападу у Сирији.
            Путин је рекао на заседању Генералне скупштине УН да морамо земље Блиског истока да укључимо у поражавање
            Исламске државе и других паравојних формација. То је данас приоритет, као борба против нациста. Све остало
            било је подређено томе. Не можемо терористе делити на добре и лоше момке“, поручио је Лавров уз опаску да се
            неће дозволити да терористи имају користи од нелегалне трговине.
            „Ми желимо да демаскирамо тероризам којој год се религији он приклањао. Морамо да водимо рачуна и о могућим
            информативним ратовима у име вере као и да се бавимо узроцима ових сукоба без сврставања на неку страну.
            ОЕБС и Медитеран морају да изводе закључке из дешавања попут ’арапског пролећа’. Ту постоје кључни фактори
            који омогућавају да терористи врбују нове људе“, упозорио је Лавров, а затим и додао да је кампања НАТО-а
            против СРЈ била отварање Пандорине кутије које се прелило на решавање питања Косова.
            Кери је, пак, пренео став САД да се борба против Исламске државе неће моћи успешно окончати само
            интервенцијом из ваздуха и да је неопходно да се организују и трупе за борбу против ИД-а. 
            „На тај начин бисмо оснажили све народе да се удруже против сиријских терориста, све заједно – Русију, САД и
            све остале. Само замислите колико бисмо за пар месеци решили све то ако бисмо постигли такав договор“, рекао
            је Кери.
            Конференцији, којој су уз премијера Вучића присуствовали и чланови његовог кабинета, председавао је Ивица
            Дачић, министар спољних послова и челни човек ОЕБС-а током ове године. Он је сумирао ситуацију у свету током
            ове године и највеће изазове са којима се Србија као председавајућа суочавала.
            Говорећи о ситуацији у Украјини, коју су многи означили као највећу опасност по мир у свету од Другог
            светског рата, Дачић је рекао да се прекид ватре одржава и да је у току повлачење тешког наоружања. Он је
            посебно истакао значај споразума из Минска и улогу коју има посматрачка мисија, чији је мандат продужен за
            годину дана. Међутим, како је нагласио, постоје и друге транснационалне претње по безбедност земаља чланице
            ОЕБС-а, а то су тероризам, организовани криминал, климатске промене и актуелна мигрантска криза. Зато је,
            како је рекао, неопходан хитан, одлучан и координисан одговор свих земаља.
            „Морамо да окончамо грађански рат у Сирији и боримо се против Исламске државе“, рекла је шефица европске
            дипломатије Федерика Могерини. Међутим, безбедносни изазови су се променили па и одговори морају да буду
            другачији.

            „Морамо да се држимо принципа из Хелсинкија – сарадње унутар ЕУ и континента. Морамо да будемо уједињени око
            борбе против тероризма који је претња за све земља без обзира на националност, вероисповест. ЕУ подржава
            напоре ОЕБС-а да се ојачају капацитети земаља за борбу против тероризма“, рекла је Могеринијева додајући да
            се борбом против тероризма спречавају разлози за миграције.
            „Ниједна земља појединачно не може да одговори на мигрантску кризу. Зато морамо да се боримо с поделама
            између нас, попут нелегалног одвајања Крима, које су довеле у питање начела ОЕБС-а“, рекла је Могеринијева и
            оценила да ситуација на Криму, на југу Украјине, остаје непромењена.
            Области које треба да су под контролом „легитимних украјинских власти“ нису под њиховом контролом, истакла
            је Могеринијева, што, према њеним речима, доводи тамошње цивиле у лошу ситуацију и зато мора да се нађе
            решење да се договор из Минска потпуно спроведе.
            И будући председавајући ОЕБС-а, шеф немачке дипломатије Франк Валтер Штајнмајер имао је замерке на рачун
            званичне Москве. Према његовим речима, „има разлога за забринутост због авиона који прелећу Сирију и руских
            трупа“.
            „Инцидент на граници Турске и Сирије поставља пред нас захтев да имамо алате који могу да утичу на смањење
            војних дејстава. Такође, потребан је безбедносни ред у Европи. Ми треба да наставимо разговоре о томе како
            желимо да пројектујемо наш заједнички простор. Ситуација је исувише опасна, а слобода и стабилност исувише
            крхки да бисмо то решавали дугорочно“, рекао је Штајнмајер, који ће данас од Дачића преузети председавање
            ОЕБС-у.
            Он је изнео замерку на рачун ОЕБС-а, који, како је рекао, већ 12 година није успео да изгласа политичку
            декларацију у вези са консензусом око договорених принципа и задатака.
            „Дачић и српско председништво били су највише изложени штети од тога ове године“, констатовао је Штајнмајер.
            Председник Парламентарне скупштине ОЕБС-а Илка Кaнерва сматра да се због кризе са мигрантима, чињенице да су
            напади у Паризу квалификовани као акт рата и да је Турска оборила авион близу сиријске границе, морају
            „засукати рукави“. Ситуација на истоку Украјине се, како је рекао, примирила само на речима и он је „својим
            очима видео да је стање алармантно“. 

            Генерални секретар ОЕБС-а Ламберто Занијер, међутим, сматра да је ова организација олакшала политички процес
            и смиривање тензија у Украјини које су обележиле последње две године рада ОЕБС-а. Када је реч о тероризму,
            он је казао да се мора пронаћи начин да се понуди алтернатива радикалној идеологији, али и да се избегне
            дискриминација. Треба, како је закључио, решити узроке, а међу њима су сиромаштво, незапосленост и климатске
            промене.
            --------------------------------------------------------------------------------------------------
            Вучић – Балкан је буре барута, једна искра може да запали свет 
            Обраћајући се скупу коме уз Керија и Лаврова присуствују још 44 министра спољних послова, шефица дипломатије
            ЕУ Федерика Могерини и око хиљаду делегата из земаља ОЕБС-а, премијер Србије Александар Вучић је упозорио да
            је „Балкан буре барута и једна искра може да запали свет”. Али је, Србија, како је нагласио, чврста и
            стабилна.
            „Србија ће са својим усијаним главама умети да се избори, али довољно је једна криза у региону, у
            Македонији, Босни или Косову па да регион плане. Нестабилна ситуација на Косову делимично онемогућава
            примену Бриселског споразума“, рекао је Вучић и поручио да Србија наставља свој европски пут „упркос замору 
            у оквиру ЕУ и унутар Србије“.
            Према Вучићевим речима, нестабилност на Косову угрожава бриселски дијалог, али Србија ће наставити да га
            води, јер је то једини начин да обезбеди сигурност, и своју и Албанаца на Косову.
            „Србија бира живот и напредак, а не сукобе”, поручио је српски премијер и истакао да је Београд захвалан
            америчким колегама на помоћи коју од њих добија на свом европском путу. Али, како је напоменуо, Србија
            истовремено чува и традиционално пријатељство са Русијом.
            Говорећи о мигрантској кризи, Вучић је апеловао на Министарски савет да на београдској конференцији донесу
            заједничке закључке и препоруке за решавање тог проблема. Многи су, како је рекао, осетили рат у Сирији кроз
            колону избеглица.
            „Стотине хиљада миграната су прошле, а свакако највећи број њих је прошао кроз Србију. Спремни смо да
            наставимо да учествујемо у међународним напорима за решење мигрантске кризе, иако сва слава, али и сви
            проблеми леже на онима који их удомљавају, а то су пре свега Немачка, Шведска, Холандија...“, закључио је
            српски премијер.
            Он је такође упозорио да би свет требало да буде јединствен не само у осуди, већ и у борби против тероризма.
            Како је рекао, „подједнако су вредни животи изгубљени у Паризу, Бејруту и у авиону изнад Синаја”. Вучић је
            обавестио учеснике конференције и да ће Србија 14. децембра званично отворити прва преговарачка поглавља са
            Европском унијом.
            --------------------------------------------------------------------------------------------------
            Како су дочекани страни новинари
            За праћење јучерашњег скупа акредитован је далеко већи број новинара него што је могло да се смести у
            прес-центру, па су неки извештачи седели и на поду. Страни новинари су били непријатно изненађени када су
            схватили да нема превода са српског на светске језике, то јест да на свим каналима на слушалицама за превод
            чују само оригинални говор Вучића и Дачића на српском језику. Организатори су овај гест тумачили правилима
            ОЕБС-а да се преноси само на језику којим се говори у сали. С временом су „прорадили“ канали и на другим
            језицима попут немачког, руског, шпанског. За новинаре је било обезбеђено освежење, кафа и јабуке, па су они
            гладнији морали да купују прилично неизгледне сендвиче у кантини.
            --------------------------------------------------------------------------------------------------
            И пси са панцирима у обезбеђењу
            Сусрет новинара и учесника конференције био је готово немогућ, ако се изузме неколико прес-конференција. За
            разлику од неких ранијих скупова, попут оног у Бечу на почетку ове године када је Србија преузимала
            председавање од Швајцарске, где су новинари седели тик до учесника самита, овога пута министри ОЕБС-а радили
            су такорећи у дубокој илегали. Наиме, само повремено прес-официри су спроводили групице фоторепортера како
            би са удаљених трибина Арене сликали учеснике који су били смештени на паркету овог спортског здања. Како
            смо могли да приметимо, око учесника скупа био је постављен импровизовани високи зид, за сликање су били
            неопходни добри објективи због велике удаљености и птичје перспективе из које су фоторепортери имали прилику
            да овековече овај сусрет. Као додатно обезбеђење ангажовани су и службени пси, заштићени панцирима. На нашим
            псима је писало САЈ, а на америчким који су били у обезбеђењу Џона Керија писало је „Police“.
        </article-text>
        <article-text-transliterated>​Borba protiv terorizma Islamske države, situacija u Ukrajini i migrantska kriza
            bile su glavne teme beogradskog samita koji je okupio 44 šefa diplomatije. Sastanak u četiri oka ruskog
            ministra spoljnih poslova Sergeja Lavrova i američkog državnog sekretara Džona Kerija na marginama
            Ministarskog saveta OEBS-a i prvi razgovor zvaničnika Moskve i Turske, Sergeja Lavrova i Mevluta Čavušoglua,
            posle prošlonedeljnog obaranja ruskog aviona na granici Turske i Sirije, učinio je Beograd diplomatskom
            prestonicom sveta. O čemu je Lavrov razgovarao sa Kerijem, a potom i sa turskim ministrom spoljnih poslova –
            ostalo je u četiri zida „ruske sobe“ u beogradskoj Areni.
            Rusko-američki sastanak trajao je oko pola sata, dok je rusko-turski razgovor bio petnaestak minuta duži.
            Ako je suditi po tome kako su se sagovornici rastali, susret Lavrova i Kerija bio je daleko prijatniji od
            onoga koji je ruski ministar spoljnih poslova imao sa svojim turskim kolegom. Novinarima nije bilo
            dozvoljeno prisustvo ovim bilateralnim sastancima, ali se „Politika“ uverila da su, posle razgovora iza
            zatvorenih vrata, Lavrov i Keri iz prostorija ruske delegacije izašli nasmejani, prijateljski ćaskajući kao
            stari znanci, da bi se na kraju rastali uz maltene drugarski pozdrav. Ovom susretu je prisustvovala i
            Kerijeva pomoćnica za Evropu Viktorija Nuland. 
            Potpuno drugačiju sliku videli smo posle susreta Lavrov–Čavušoglu. Taj razgovor je bio veoma formalan i
            završen je u sobi za bilateralne sastanke. Prvi je iz sobe izašao Čavušoglu, a nekoliko trenutaka posle
            njega i Lavrov, obojica vrlo ozbiljnih lica.
            U zvaničnom delu 22. konferencije OEBS-a, kojom Srbija završava svoje predsedavanje ovoj organizaciji,
            Lavrov i Keri su bili prilično otvoreni, sa jasnim porukama onoj drugoj strani. U pojedinim trenucima
            njihovo istupanje bilo je možda manje diplomatski uvijeno nego što bi se moglo očekivati od jednog ovakvog
            skupa. Tako je situaciju u svetu Lavrov uporedio sa stanjem uoči Drugog svetskog rata, a za borbu sa
            Islamskom državom rekao da je prioritet kao što je nekada bila borba protiv nacista. Keri je, pak, pozvao
            učesnike skupa da svi zajedno traže od Rusije da „sarađuje se separatistima u Ukrajini da nađu pristup koji
            ne ometa ovu organizaciju“.

            Ruski ministar spoljnih poslova je kritikovao države koje, prema njegovoj oceni, uglavnom gledaju svoju
            kratkoročnu korist, a manje su spremne da se uključe u partnerstva.
            „Ne možemo biti uspešni ako nam drugi podmeću klipove kao što nam se desilo u vazdušnom napadu u Siriji.
            Putin je rekao na zasedanju Generalne skupštine UN da moramo zemlje Bliskog istoka da uključimo u
            poražavanje Islamske države i drugih paravojnih formacija. To je danas prioritet, kao borba protiv nacista.
            Sve ostalo bilo je podređeno tome. Ne možemo teroriste deliti na dobre i loše momke“, poručio je Lavrov uz
            opasku da se neće dozvoliti da teroristi imaju koristi od nelegalne trgovine.
            „Mi želimo da demaskiramo terorizam kojoj god se religiji on priklanjao. Moramo da vodimo računa i o mogućim
            informativnim ratovima u ime vere kao i da se bavimo uzrocima ovih sukoba bez svrstavanja na neku stranu.
            OEBS i Mediteran moraju da izvode zaključke iz dešavanja poput ’arapskog proleća’. Tu postoje ključni
            faktori koji omogućavaju da teroristi vrbuju nove ljude“, upozorio je Lavrov, a zatim i dodao da je kampanja
            NATO-a protiv SRJ bila otvaranje Pandorine kutije koje se prelilo na rešavanje pitanja Kosova.
            Keri je, pak, preneo stav SAD da se borba protiv Islamske države neće moći uspešno okončati samo
            intervencijom iz vazduha i da je neophodno da se organizuju i trupe za borbu protiv ID-a. 
            „Na taj način bismo osnažili sve narode da se udruže protiv sirijskih terorista, sve zajedno – Rusiju, SAD i
            sve ostale. Samo zamislite koliko bismo za par meseci rešili sve to ako bismo postigli takav dogovor“, rekao
            je Keri.
            Konferenciji, kojoj su uz premijera Vučića prisustvovali i članovi njegovog kabineta, predsedavao je Ivica
            Dačić, ministar spoljnih poslova i čelni čovek OEBS-a tokom ove godine. On je sumirao situaciju u svetu
            tokom ove godine i najveće izazove sa kojima se Srbija kao predsedavajuća suočavala.
            Govoreći o situaciji u Ukrajini, koju su mnogi označili kao najveću opasnost po mir u svetu od Drugog
            svetskog rata, Dačić je rekao da se prekid vatre održava i da je u toku povlačenje teškog naoružanja. On je
            posebno istakao značaj sporazuma iz Minska i ulogu koju ima posmatračka misija, čiji je mandat produžen za
            godinu dana. Međutim, kako je naglasio, postoje i druge transnacionalne pretnje po bezbednost zemalja
            članice OEBS-a, a to su terorizam, organizovani kriminal, klimatske promene i aktuelna migrantska kriza.
            Zato je, kako je rekao, neophodan hitan, odlučan i koordinisan odgovor svih zemalja.
            „Moramo da okončamo građanski rat u Siriji i borimo se protiv Islamske države“, rekla je šefica evropske
            diplomatije Federika Mogerini. Međutim, bezbednosni izazovi su se promenili pa i odgovori moraju da budu
            drugačiji.

            „Moramo da se držimo principa iz Helsinkija – saradnje unutar EU i kontinenta. Moramo da budemo ujedinjeni
            oko borbe protiv terorizma koji je pretnja za sve zemlja bez obzira na nacionalnost, veroispovest. EU
            podržava napore OEBS-a da se ojačaju kapaciteti zemalja za borbu protiv terorizma“, rekla je Mogerinijeva
            dodajući da se borbom protiv terorizma sprečavaju razlozi za migracije.
            „Nijedna zemlja pojedinačno ne može da odgovori na migrantsku krizu. Zato moramo da se borimo s podelama
            između nas, poput nelegalnog odvajanja Krima, koje su dovele u pitanje načela OEBS-a“, rekla je Mogerinijeva
            i ocenila da situacija na Krimu, na jugu Ukrajine, ostaje nepromenjena.
            Oblasti koje treba da su pod kontrolom „legitimnih ukrajinskih vlasti“ nisu pod njihovom kontrolom, istakla
            je Mogerinijeva, što, prema njenim rečima, dovodi tamošnje civile u lošu situaciju i zato mora da se nađe
            rešenje da se dogovor iz Minska potpuno sprovede.
            I budući predsedavajući OEBS-a, šef nemačke diplomatije Frank Valter Štajnmajer imao je zamerke na račun
            zvanične Moskve. Prema njegovim rečima, „ima razloga za zabrinutost zbog aviona koji preleću Siriju i ruskih
            trupa“.
            „Incident na granici Turske i Sirije postavlja pred nas zahtev da imamo alate koji mogu da utiču na
            smanjenje vojnih dejstava. Takođe, potreban je bezbednosni red u Evropi. Mi treba da nastavimo razgovore o
            tome kako želimo da projektujemo naš zajednički prostor. Situacija je isuviše opasna, a sloboda i stabilnost
            isuviše krhki da bismo to rešavali dugoročno“, rekao je Štajnmajer, koji će danas od Dačića preuzeti
            predsedavanje OEBS-u.
            On je izneo zamerku na račun OEBS-a, koji, kako je rekao, već 12 godina nije uspeo da izglasa političku
            deklaraciju u vezi sa konsenzusom oko dogovorenih principa i zadataka.
            „Dačić i srpsko predsedništvo bili su najviše izloženi šteti od toga ove godine“, konstatovao je Štajnmajer.
            Predsednik Parlamentarne skupštine OEBS-a Ilka Kanerva smatra da se zbog krize sa migrantima, činjenice da
            su napadi u Parizu kvalifikovani kao akt rata i da je Turska oborila avion blizu sirijske granice, moraju
            „zasukati rukavi“. Situacija na istoku Ukrajine se, kako je rekao, primirila samo na rečima i on je „svojim
            očima video da je stanje alarmantno“. 

            Generalni sekretar OEBS-a Lamberto Zanijer, međutim, smatra da je ova organizacija olakšala politički proces
            i smirivanje tenzija u Ukrajini koje su obeležile poslednje dve godine rada OEBS-a. Kada je reč o terorizmu,
            on je kazao da se mora pronaći način da se ponudi alternativa radikalnoj ideologiji, ali i da se izbegne
            diskriminacija. Treba, kako je zaključio, rešiti uzroke, a među njima su siromaštvo, nezaposlenost i
            klimatske promene.
            --------------------------------------------------------------------------------------------------
            Vučić – Balkan je bure baruta, jedna iskra može da zapali svet 
            Obraćajući se skupu kome uz Kerija i Lavrova prisustvuju još 44 ministra spoljnih poslova, šefica
            diplomatije EU Federika Mogerini i oko hiljadu delegata iz zemalja OEBS-a, premijer Srbije Aleksandar Vučić
            je upozorio da je „Balkan bure baruta i jedna iskra može da zapali svet”. Ali je, Srbija, kako je naglasio,
            čvrsta i stabilna.
            „Srbija će sa svojim usijanim glavama umeti da se izbori, ali dovoljno je jedna kriza u regionu, u
            Makedoniji, Bosni ili Kosovu pa da region plane. Nestabilna situacija na Kosovu delimično onemogućava
            primenu Briselskog sporazuma“, rekao je Vučić i poručio da Srbija nastavlja svoj evropski put „uprkos
            zamoru  u okviru EU i unutar Srbije“.
            Prema Vučićevim rečima, nestabilnost na Kosovu ugrožava briselski dijalog, ali Srbija će nastaviti da ga
            vodi, jer je to jedini način da obezbedi sigurnost, i svoju i Albanaca na Kosovu.
            „Srbija bira život i napredak, a ne sukobe”, poručio je srpski premijer i istakao da je Beograd zahvalan
            američkim kolegama na pomoći koju od njih dobija na svom evropskom putu. Ali, kako je napomenuo, Srbija
            istovremeno čuva i tradicionalno prijateljstvo sa Rusijom.
            Govoreći o migrantskoj krizi, Vučić je apelovao na Ministarski savet da na beogradskoj konferenciji donesu
            zajedničke zaključke i preporuke za rešavanje tog problema. Mnogi su, kako je rekao, osetili rat u Siriji
            kroz kolonu izbeglica.
            „Stotine hiljada migranata su prošle, a svakako najveći broj njih je prošao kroz Srbiju. Spremni smo da
            nastavimo da učestvujemo u međunarodnim naporima za rešenje migrantske krize, iako sva slava, ali i svi
            problemi leže na onima koji ih udomljavaju, a to su pre svega Nemačka, Švedska, Holandija...“, zaključio je
            srpski premijer.
            On je takođe upozorio da bi svet trebalo da bude jedinstven ne samo u osudi, već i u borbi protiv terorizma.
            Kako je rekao, „podjednako su vredni životi izgubljeni u Parizu, Bejrutu i u avionu iznad Sinaja”. Vučić je
            obavestio učesnike konferencije i da će Srbija 14. decembra zvanično otvoriti prva pregovaračka poglavlja sa
            Evropskom unijom.
            --------------------------------------------------------------------------------------------------
            Kako su dočekani strani novinari
            Za praćenje jučerašnjeg skupa akreditovan je daleko veći broj novinara nego što je moglo da se smesti u
            pres-centru, pa su neki izveštači sedeli i na podu. Strani novinari su bili neprijatno iznenađeni kada su
            shvatili da nema prevoda sa srpskog na svetske jezike, to jest da na svim kanalima na slušalicama za prevod
            čuju samo originalni govor Vučića i Dačića na srpskom jeziku. Organizatori su ovaj gest tumačili pravilima
            OEBS-a da se prenosi samo na jeziku kojim se govori u sali. S vremenom su „proradili“ kanali i na drugim
            jezicima poput nemačkog, ruskog, španskog. Za novinare je bilo obezbeđeno osveženje, kafa i jabuke, pa su
            oni gladniji morali da kupuju prilično neizgledne sendviče u kantini.
            --------------------------------------------------------------------------------------------------
            I psi sa pancirima u obezbeđenju
            Susret novinara i učesnika konferencije bio je gotovo nemoguć, ako se izuzme nekoliko pres-konferencija. Za
            razliku od nekih ranijih skupova, poput onog u Beču na početku ove godine kada je Srbija preuzimala
            predsedavanje od Švajcarske, gde su novinari sedeli tik do učesnika samita, ovoga puta ministri OEBS-a
            radili su takoreći u dubokoj ilegali. Naime, samo povremeno pres-oficiri su sprovodili grupice fotoreportera
            kako bi sa udaljenih tribina Arene slikali učesnike koji su bili smešteni na parketu ovog sportskog zdanja.
            Kako smo mogli da primetimo, oko učesnika skupa bio je postavljen improvizovani visoki zid, za slikanje su
            bili neophodni dobri objektivi zbog velike udaljenosti i ptičje perspektive iz koje su fotoreporteri imali
            priliku da ovekoveče ovaj susret. Kao dodatno obezbeđenje angažovani su i službeni psi, zaštićeni pancirima.
            Na našim psima je pisalo SAJ, a na američkim koji su bili u obezbeđenju Džona Kerija pisalo je „Police“.
        </article-text-transliterated>
    </article>
    <comments>
        <comments-count>5</comments-count>
        <comment-list>
            <comment comment-id="1">
                <comment-parent-id/>
                <comment-text>Treba dobro pamtiti i čuvati za buduća pokolenja sve kadrove sa ovoga najšireg sastanka o
                    Evropskoj bezbednosti koji se sada održava u Beogradu, jer se on održava u predvečerje Velikoga
                    Rata. Budućim istoričarima će svakako dobro doći svaki detalj iz kuloara, kao i sa zvanične
                    govornice.
                </comment-text>
                <comment-text-transliterated>Treba dobro pamtiti i čuvati za buduća pokolenja sve kadrove sa ovoga
                    najšireg sastanka o Evropskoj bezbednosti koji se sada održava u Beogradu, jer se on održava u
                    predvečerje Velikoga Rata. Budućim istoričarima će svakako dobro doći svaki detalj iz kuloara, kao i
                    sa zvanične govornice.
                </comment-text-transliterated>
            </comment>
            <comment comment-id="2">
                <comment-parent-id/>
                <comment-text>Što se nas tiče mogli bi i UN da preselite u Beograd. Srbija je NEUTRALNA država i kao
                    takva je i biće temelj stabilnosti nove Evropske Evrope. Dosta ste preko Srbije prepucavali vaša
                    globalna neslaganja. Ako hoćete i možete da prihvatite takvu Srbiju OK, svi ste dobrodošli. Ako
                    nećete takvu Srbiju, opet ste svi dobrodošli. Ali pošto je Srbija uvek dosad bila specijalni slučaj
                    za jahanje i dvostruke standarde, došlo je vreme da svi veliki podrže Srbiju kao OAZU MIRA i
                    saradnje. Dogovorite se, jer to će biti odlično i za Balkan i za Evropu i za Rusiju. Mi nemamo
                    izbor. To je raspoloženje 90% građana Srbije.
                </comment-text>
                <comment-text-transliterated>Što se nas tiče mogli bi i UN da preselite u Beograd. Srbija je NEUTRALNA
                    država i kao takva je i biće temelj stabilnosti nove Evropske Evrope. Dosta ste preko Srbije
                    prepucavali vaša globalna neslaganja. Ako hoćete i možete da prihvatite takvu Srbiju OK, svi ste
                    dobrodošli. Ako nećete takvu Srbiju, opet ste svi dobrodošli. Ali pošto je Srbija uvek dosad bila
                    specijalni slučaj za jahanje i dvostruke standarde, došlo je vreme da svi veliki podrže Srbiju kao
                    OAZU MIRA i saradnje. Dogovorite se, jer to će biti odlično i za Balkan i za Evropu i za Rusiju. Mi
                    nemamo izbor. To je raspoloženje 90% građana Srbije.
                </comment-text-transliterated>
            </comment>
            <comment comment-id="2-1">
                <comment-parent-id>2</comment-parent-id>
                <comment-text>Centar mira u doba rata može biti samo ako odgovara obema zaraćenim stranama a to bi
                    značilo da budemo primljeni u EU a da izbegnemo NATO, slično Austriji, zbog specifičnih okolnosti.
                    Pitanje je samo da li postoji varijanta da Amerci može to da odgovara na neki način. Obzirom da se
                    fizički nalazimo u američkoj Evropi pita se Amerika voleo to neko ili ne.
                </comment-text>
                <comment-text-transliterated>Centar mira u doba rata može biti samo ako odgovara obema zaraćenim
                    stranama a to bi značilo da budemo primljeni u EU a da izbegnemo NATO, slično Austriji, zbog
                    specifičnih okolnosti. Pitanje je samo da li postoji varijanta da Amerci može to da odgovara na neki
                    način. Obzirom da se fizički nalazimo u američkoj Evropi pita se Amerika voleo to neko ili ne.
                </comment-text-transliterated>
            </comment>
            <comment comment-id="3">
                <comment-parent-id/>
                <comment-text>Beograd je postao geopoliticki centar sveta. Nije nikakva teorija zavere ali iz Srbije
                    pocinje isijavanje nove energija koja ce se prosiriti po svetu.Bitno je da Srbija ostane nezavisna,
                    suverena a politicari na vlasti svakoga trenutka to moraju imati na umu. Pre svega interes drzave
                    Srbije i svih njenih gradjana kao i interes svih progresivnih, humanih ideja koje ujedinjuju narode
                    na planeti a ne razjedinjuju ih.
                </comment-text>
                <comment-text-transliterated>Beograd je postao geopoliticki centar sveta. Nije nikakva teorija zavere
                    ali iz Srbije pocinje isijavanje nove energija koja ce se prosiriti po svetu.Bitno je da Srbija
                    ostane nezavisna, suverena a politicari na vlasti svakoga trenutka to moraju imati na umu. Pre svega
                    interes drzave Srbije i svih njenih gradjana kao i interes svih progresivnih, humanih ideja koje
                    ujedinjuju narode na planeti a ne razjedinjuju ih.
                </comment-text-transliterated>
            </comment>
            <comment comment-id="4">
                <comment-parent-id/>
                <comment-text>Veliko priznanje Srbiji. Iskrena podrška iz prijateljske Crne Gore!</comment-text>
                <comment-text-transliterated>Veliko priznanje Srbiji. Iskrena podrška iz prijateljske Crne Gore!
                </comment-text-transliterated>
            </comment>
        </comment-list>
    </comments>
</document>