<?xml version="1.0" encoding="utf-8"?>
<document global-id="sr-01-1082">
	<url>http://www.politika.rs/scc/clanak/354881/%D0%9A%D0%B8%D0%BD%D0%B5%D1%81%D0%BA%D0%B8-%D0%BF%D0%BE%D0%BB%D0%B8%D1%86%D0%B0%D1%98%D1%86%D0%B8-%D1%83-%D0%A0%D0%B8%D0%BC%D1%83-%D0%BF%D0%BE%D0%BF%D1%83%D0%BB%D0%B0%D1%80%D0%BD%D0%B8%D1%98%D0%B8-%D0%BE%D0%B4-%D0%9A%D0%BE%D0%BB%D0%BE%D1%81%D0%B5%D1%83%D0%BC%D0%B0</url>
	<source-id>sr-01</source-id>
	<local-id>1082</local-id>
	<source-name>Politika</source-name>
	<article>
		<article-title>Кинески полицајци у Риму популарнији од Колосеума</article-title>
		<article-title-transliterated>Kineski policajci u Rimu popularniji od Koloseuma</article-title-transliterated>
		<article-time>2016-05-12</article-time>
		<article-author>Agencije</article-author>
		<article-text>Рим – Колосеум у Риму тренутно није главна атракција за туристе, јер они уместо испред древних зидина, ових дана сликају селфије са Кинезима у униформи италијанске полиције.
„У почетку су запањени: Кинези у униформама италијанске полиције”, изјавио је полицајац Панг Бо за Ен-Би-Си њуз.
Бо је један од четворице полицајца из Кине који патролирају улицама Рима и Милана овог месеца, као део експерименталног програма размене између две земље а све зарад помоћи туристима, пренео је Танјуг.
Три милиона кинеских туриста посети Италију сваке године, а мај је најпрометнији месец. За многе од њих, језичка баријера је већа препрека него дуго ходање по калдрми древних градова, пренео је Ен-Би-Си њуз.
Кинески полицијски службеници распоређени су око популарних споменика, као што је Колосеум, како би помогли туристима у свему, од показивања правца до упозоравања на џепароше.
„На срећу, мало туриста има проблем са било каквом врстом криминала”, рекао је Бо, и додао:
„Углавном ме питају за правац ка некој дестинацији. Они имају мапу и питају нас како да стигну тамо? Али ја за тако нешто морам да питам колегу Италијана!”</article-text>
		<article-text-transliterated>Rim – Koloseum u Rimu trenutno nije glavna atrakcija za turiste, jer oni umesto ispred drevnih zidina, ovih dana slikaju selfije sa Kinezima u uniformi italijanske policije.
„U početku su zapanjeni: Kinezi u uniformama italijanske policije”, izjavio je policajac Pang Bo za En-Bi-Si njuz.
Bo je jedan od četvorice policajca iz Kine koji patroliraju ulicama Rima i Milana ovog meseca, kao deo eksperimentalnog programa razmene između dve zemlje a sve zarad pomoći turistima, preneo je Tanjug.
Tri miliona kineskih turista poseti Italiju svake godine, a maj je najprometniji mesec. Za mnoge od njih, jezička barijera je veća prepreka nego dugo hodanje po kaldrmi drevnih gradova, preneo je En-Bi-Si njuz.
Kineski policijski službenici raspoređeni su oko popularnih spomenika, kao što je Koloseum, kako bi pomogli turistima u svemu, od pokazivanja pravca do upozoravanja na džeparoše.
„Na sreću, malo turista ima problem sa bilo kakvom vrstom kriminala”, rekao je Bo, i dodao:
„Uglavnom me pitaju za pravac ka nekoj destinaciji. Oni imaju mapu i pitaju nas kako da stignu tamo? Ali ja za tako nešto moram da pitam kolegu Italijana!”</article-text-transliterated>
	</article>
	<comments>
		<comments-count>0</comments-count>
		<comments-list/>
	</comments>
</document>
