<document global-id="sr-01-1245"><url>http://www.politika.rs/scc/clanak/355365/%D0%9A%D1%83%D1%9B%D0%B8%D1%86%D0%B0-%D1%83-%D1%86%D0%B2%D0%B5%D1%9B%D1%83</url><source-id>sr-01</source-id><local-id>sr-01-1245</local-id><source-name>Politika</source-name><article><article-title>Кућица у цвећу</article-title><article-title-transliterated>Kućica u cveću</article-title-transliterated><article_time>2016-05-21</article_time><article-author>Meri Bilić</article-author><article-text>
Деветом епизодом у уторак је на РТС-у окончана реприза најбоље домаће серије „Више од игре” по сценарију Слободана Стојановића и у режији Здравка Шотре снимљена 1976. године. Била је то прилика да се млађи гледаоци увере (ако такви гледају програм у девет ујутро) а старији подсете на игру великана: Зорана Радмиловића, Слободана Ђурића, Павла Вуисића...
На жалост, из те велике екипе многи више нису међу нама.
Тим више је чудно да се нико са јавног сервиса није сетио да о том времену и сећањима на снимање поразговара са Петром Божовићем, Весном Малохоџић, Љиљаном Драгутиновић, Јеленом Жигон, Иваном Бекјаревим, Властом Велисављевићем... Да ли уредници гледају своју телевизију? Или сматрају да све што је било пре њих треба да „прекрију сњегови и шаш”? Било би добро да поново гледамо серије „Бањица”, „Роман о Лондону”, „Слом”... јер историја је учитељица живота, а о тој учитељици круже разне приче по крају...
У последње време било је неколико емисија и прилога који су за тему имали како правилно васпитавати и градити однос са децом.
Саговорници, педагози, психолози, васпитачи сложни су у томе да децу не треба кажњавати а као највећи проблем је наведено радно време које спречава људе да се на квалитетан начин баве својим децом.
Да ли је само то проблем? Највероватније није, јер има много родитеља који немају радно време јер немају посао.
Шта је са самохраним родитељима? У свету и код нас је све више разведених бракова. Математички гледано, све је више потенцијалних маћеха и очуха. И пасторчади. Како се изборити са том ситуацијом?
Како дете припремити за долазак полубрата или полусестре? Актери вршњачког насиља имају родитеље, шта да раде, како до се понашају према младом насилнику у кући? Шта је са преамбициознима чија деца свакодневно иду на спорт, у музичку школу, уче стране језике...
Све раде, само немају кад да разговарају са родитељима... Ту је и зависност од друштвених мрежа (испрва су тате и маме одушевљене како је двогодишњак вешт са таблетом)... Како препознати нападе панике код деце?
Бабе и деде преузимају све више обавеза око унучади, чувају их и васпитавају. Учи ли неко ту децу да им, кад порасту, врате љубав и пажњу? Када сте последњи пут видели неког тинејџера да води деду или баку код лекара, да им плати рачуне у пошти или купује лек у апотеци? Уче ли родитељи децу да осећају емпатију? Душко Радовић је рекао: „Ако решите све проблеме своје деце, она неће имати других проблема, сем вас”.
Много је питања. Колико одговара дају телевизије? Нимало. Јер нико не сматра да родитељство и проблеми младих заслужују редовну емисију. У међувремену ће о преурањеним сексуалним односима међу основношколцима (неретко забележеним снимком на мобилном телефону) „гласно ћутати” и наставници и ђаци. Боље је правити се да је све „кућица у цвећу”.
Телевизије имају обавезу да информишу. О политици, спорту, науци, култури...
Али, за сада им, у доба дигитализације, ХД технике и виртуелних студија не успева ни да гледаоца обавесте са ким домаћин емисије разговара. У првим секундама изговоре име, презиме и занимање. И ту је крај. Ако сте то пропустили, остаће вам тајна ко су људи са чијим се ставовима слажете или не. Нема потписа испод слике. То се зове – аљкавост.
</article-text><article-text-transliterated>
Devetom epizodom u utorak je na RTS-u okončana repriza najbolje domaće serije „Više od igre” po scenariju Slobodana Stojanovića i u režiji Zdravka Šotre snimljena 1976. godine. Bila je to prilika da se mlađi gledaoci uvere (ako takvi gledaju program u devet ujutro) a stariji podsete na igru velikana: Zorana Radmilovića, Slobodana Đurića, Pavla Vuisića...
Na žalost, iz te velike ekipe mnogi više nisu među nama.
Tim više je čudno da se niko sa javnog servisa nije setio da o tom vremenu i sećanjima na snimanje porazgovara sa Petrom Božovićem, Vesnom Malohodžić, Ljiljanom Dragutinović, Jelenom Žigon, Ivanom Bekjarevim, Vlastom Velisavljevićem... Da li urednici gledaju svoju televiziju? Ili smatraju da sve što je bilo pre njih treba da „prekriju snjegovi i šaš”? Bilo bi dobro da ponovo gledamo serije „Banjica”, „Roman o Londonu”, „Slom”... jer istorija je učiteljica života, a o toj učiteljici kruže razne priče po kraju...
U poslednje vreme bilo je nekoliko emisija i priloga koji su za temu imali kako pravilno vaspitavati i graditi odnos sa decom.
Sagovornici, pedagozi, psiholozi, vaspitači složni su u tome da decu ne treba kažnjavati a kao najveći problem je navedeno radno vreme koje sprečava ljude da se na kvalitetan način bave svojim decom.
Da li je samo to problem? Najverovatnije nije, jer ima mnogo roditelja koji nemaju radno vreme jer nemaju posao.
Šta je sa samohranim roditeljima? U svetu i kod nas je sve više razvedenih brakova. Matematički gledano, sve je više potencijalnih maćeha i očuha. I pastorčadi. Kako se izboriti sa tom situacijom?
Kako dete pripremiti za dolazak polubrata ili polusestre? Akteri vršnjačkog nasilja imaju roditelje, šta da rade, kako do se ponašaju prema mladom nasilniku u kući? Šta je sa preambicioznima čija deca svakodnevno idu na sport, u muzičku školu, uče strane jezike...
Sve rade, samo nemaju kad da razgovaraju sa roditeljima... Tu je i zavisnost od društvenih mreža (isprva su tate i mame oduševljene kako je dvogodišnjak vešt sa tabletom)... Kako prepoznati napade panike kod dece?
Babe i dede preuzimaju sve više obaveza oko unučadi, čuvaju ih i vaspitavaju. Uči li neko tu decu da im, kad porastu, vrate ljubav i pažnju? Kada ste poslednji put videli nekog tinejdžera da vodi dedu ili baku kod lekara, da im plati račune u pošti ili kupuje lek u apoteci? Uče li roditelji decu da osećaju empatiju? Duško Radović je rekao: „Ako rešite sve probleme svoje dece, ona neće imati drugih problema, sem vas”.
Mnogo je pitanja. Koliko odgovara daju televizije? Nimalo. Jer niko ne smatra da roditeljstvo i problemi mladih zaslužuju redovnu emisiju. U međuvremenu će o preuranjenim seksualnim odnosima među osnovnoškolcima (neretko zabeleženim snimkom na mobilnom telefonu) „glasno ćutati” i nastavnici i đaci. Bolje je praviti se da je sve „kućica u cveću”.
Televizije imaju obavezu da informišu. O politici, sportu, nauci, kulturi...
Ali, za sada im, u doba digitalizacije, HD tehnike i virtuelnih studija ne uspeva ni da gledaoca obaveste sa kim domaćin emisije razgovara. U prvim sekundama izgovore ime, prezime i zanimanje. I tu je kraj. Ako ste to propustili, ostaće vam tajna ko su ljudi sa čijim se stavovima slažete ili ne. Nema potpisa ispod slike. To se zove – aljkavost.
</article-text-transliterated></article><comments><comments-count>2</comments-count><comments-list><comment comment-id="1"><comment-parent-id /><comment-text>Članak je izvrstan i treba sve nas da probudi na razmišljanje, da shvatimo koliko i sami možemo pomoći svojoj deci a time i nama samima. Bićemo zadovoljniji i porodica će funkcionisati. A RTS, na primer, mora da zagrabi u svoju i našu prošlost i da reprizira te nekada davno stvorene emisije koje su zaista pomogle u oblikovanju dece i njihovog shvatanja, pomogli im da shvate svet oko sebe čime se oni pripremaju za budućnost... </comment-text><comment-text-transliterated>Članak je izvrstan i treba sve nas da probudi na razmišljanje, da shvatimo koliko i sami možemo pomoći svojoj deci a time i nama samima. Bićemo zadovoljniji i porodica će funkcionisati. A RTS, na primer, mora da zagrabi u svoju i našu prošlost i da reprizira te nekada davno stvorene emisije koje su zaista pomogle u oblikovanju dece i njihovog shvatanja, pomogli im da shvate svet oko sebe čime se oni pripremaju za budućnost... </comment-text-transliterated></comment><comment comment-id="2"><comment-parent-id /><comment-text>Aуторки текста Мири Билић свако поштовање на добронамерним и искреним примедбама на рад постојећих ТВ медија. Ове јавне установе  схватиле су да време стваралаштва почиње од тренутка постављања новог руководства и нових уредника у столице тих јавних медија. У емисијама првенствено образовног, васпитног, друштвено културног и забавног карактера, заборавише плејаде досадашњих стваралаца који су дали огроман допринос у  обликовању  нашег индентитета у дугом временском периоду. Неискористити ту заоставштину можемо сврстати у својеврсну издају и поништавање дела нашег културног наслеђа.</comment-text><comment-text-transliterated>Autorki teksta Miri Bilić svako poštovanje na dobronamernim i iskrenim primedbama na rad postojećih TV medija. Ove javne ustanove  shvatile su da vreme stvaralaštva počinje od trenutka postavljanja novog rukovodstva i novih urednika u stolice tih javnih medija. U emisijama prvenstveno obrazovnog, vaspitnog, društveno kulturnog i zabavnog karaktera, zaboraviše plejade dosadašnjih stvaralaca koji su dali ogroman doprinos u  oblikovanju  našeg indentiteta u dugom vremenskom periodu. Neiskoristiti tu zaostavštinu možemo svrstati u svojevrsnu izdaju i poništavanje dela našeg kulturnog nasleđa.</comment-text-transliterated></comment></comments-list></comments></document>