<document global-id="sr-01-1375"><url>http://www.politika.rs/scc/clanak/423543/%D0%9C%D0%B0%D1%81%D0%BE%D0%B2%D0%B0-%D0%B8%D0%B7%D1%98%D0%B0%D0%B2%D0%B0-%D1%80%D0%B0%D0%B7%D0%BE%D1%87%D0%B0%D1%80%D0%B0%D1%9A%D0%B0</url><source-id>sr-01</source-id><local-id>sr-01-1375</local-id><source-name>Politika</source-name><article><article-title>Масова изјава разочарања</article-title><article-title-transliterated>Masova izjava razočaranja</article-title-transliterated><article_time>2019-02-25</article_time><article-author /><article-text>
Изјава шефа немачке дипломатије Хајка Маса да ће наставити да подржава Приштину без обзира на таксе за мене је велико разочарење, рекао је данас председник Србије Александар Вучић и најавио да ће са Владом Србије наредних дана размотрити и ову и све остале поруке које је Србија добила у последње време.
Вучић каже да је том Масовом изјавом изненађен из више углова, те посебно истакао да Немачка не би смела да подржава забрану слободног протока робе, услуга и људи.„Али, како бих вам рекао, то разумем као подршку чеду које су сами изродили, заједно са Американцима, прво су љуљали ту колевку и сад морају да воде рачуна о Албанцима”, рекао је српски председник.
Немачки министар спољних послова Хајко Мас изјавио је да је та земља одлучна да помогне Косову и да жели „европску перспективу за Косово”.
Он је то рекао за немачки „Штудгардер нахрихтен” и додао да „немачка влада сматра погрешним ако ЕУ и Немачка одустану од подршке Косову, укључујући и финансијску помоћ”, пренела је РТК на српском језику.
Вучић каже и да га чуди да Мас није говорио о укидању такси.
Рачунам да Немачка не би смела да подржи забрану слободног протока робе, услуга и људи, истакао је он.„Сви имају своје интересе, у овом случају немачки интереси су очигледно важнији од интереса либералног тржишта, слободног протока робе, услуга људи и на то морамо да се навикнемо”, рекао је он.
Вучић каже да ће наредних дана заједно са Владом размотрити ову и низ других порука које је Србија добила из европских и светских земаља, преноси Танјуг.„Разговараћемо о платформи Србије за будућност. Јер, ако се догоди да Србија испуни све обавезе из Бриселског споразум, а Приштина ниједну, а онда они буду ти који уводе таксе од 100 одсто, па бирају „приватне” Србе уместо оних који су добили готово 100-одстотну подршку српског народа, онда се поставља питање да ли је одговорна политика Србије једини могући одговор”, каже Вучић.
Додаје, да жели да преиспита и себе и да чује друге.„Што се тиче тих „фантастичних” реформи на Косову, оне су посебно „видљиве” у Качанику, Штимљу .... и предлажем свима да оду тамо и да виде како те реформе функционишу”, рекао је он, алудирајући такође на Масову изјаву.
</article-text><article-text-transliterated>
Izjava šefa nemačke diplomatije Hajka Masa da će nastaviti da podržava Prištinu bez obzira na takse za mene je veliko razočarenje, rekao je danas predsednik Srbije Aleksandar Vučić i najavio da će sa Vladom Srbije narednih dana razmotriti i ovu i sve ostale poruke koje je Srbija dobila u poslednje vreme.
Vučić kaže da je tom Masovom izjavom iznenađen iz više uglova, te posebno istakao da Nemačka ne bi smela da podržava zabranu slobodnog protoka robe, usluga i ljudi.„Ali, kako bih vam rekao, to razumem kao podršku čedu koje su sami izrodili, zajedno sa Amerikancima, prvo su ljuljali tu kolevku i sad moraju da vode računa o Albancima”, rekao je srpski predsednik.
Nemački ministar spoljnih poslova Hajko Mas izjavio je da je ta zemlja odlučna da pomogne Kosovu i da želi „evropsku perspektivu za Kosovo”.
On je to rekao za nemački „Študgarder nahrihten” i dodao da „nemačka vlada smatra pogrešnim ako EU i Nemačka odustanu od podrške Kosovu, uključujući i finansijsku pomoć”, prenela je RTK na srpskom jeziku.
Vučić kaže i da ga čudi da Mas nije govorio o ukidanju taksi.
Računam da Nemačka ne bi smela da podrži zabranu slobodnog protoka robe, usluga i ljudi, istakao je on.„Svi imaju svoje interese, u ovom slučaju nemački interesi su očigledno važniji od interesa liberalnog tržišta, slobodnog protoka robe, usluga ljudi i na to moramo da se naviknemo”, rekao je on.
Vučić kaže da će narednih dana zajedno sa Vladom razmotriti ovu i niz drugih poruka koje je Srbija dobila iz evropskih i svetskih zemalja, prenosi Tanjug.„Razgovaraćemo o platformi Srbije za budućnost. Jer, ako se dogodi da Srbija ispuni sve obaveze iz Briselskog sporazum, a Priština nijednu, a onda oni budu ti koji uvode takse od 100 odsto, pa biraju „privatne” Srbe umesto onih koji su dobili gotovo 100-odstotnu podršku srpskog naroda, onda se postavlja pitanje da li je odgovorna politika Srbije jedini mogući odgovor”, kaže Vučić.
Dodaje, da želi da preispita i sebe i da čuje druge.„Što se tiče tih „fantastičnih” reformi na Kosovu, one su posebno „vidljive” u Kačaniku, Štimlju .... i predlažem svima da odu tamo i da vide kako te reforme funkcionišu”, rekao je on, aludirajući takođe na Masovu izjavu.
</article-text-transliterated></article><comments><comments-count>22</comments-count><comments-list><comment comment-id="1"><comment-parent-id /><comment-text>Treba ih uvek tuci njihovim oruzjem, sto bi u ovom kontekstu znacilo da neko iz srpske vlade da interviju najvecem opozicionom (Masove stranke) mediju, i da se tu sve lepo, uljudno i kulturno, iznese. Vredsnosti iza kojih Mas stoji inace, kao program njegove politicke stranke vec, pa onda kako se to preskilava na njegove izjave ne temu KiM. Siguran sam da postoje mediji koji bi jedva docekali i to treba iskorostiti. 
Evropejci nas vec godinama 'uce' kako da se smeskamo i tapsemo po ramenu, ali isto tako kao macem secemo. U ovakvim momentima je vreme da im stavimo ogledalo ispred lica, i primoramo ih da vide kako to sve izgleda i zvuci. I to sve sa osmehom na licu. </comment-text><comment-text-transliterated>Treba ih uvek tuci njihovim oruzjem, sto bi u ovom kontekstu znacilo da neko iz srpske vlade da interviju najvecem opozicionom (Masove stranke) mediju, i da se tu sve lepo, uljudno i kulturno, iznese. Vredsnosti iza kojih Mas stoji inace, kao program njegove politicke stranke vec, pa onda kako se to preskilava na njegove izjave ne temu KiM. Siguran sam da postoje mediji koji bi jedva docekali i to treba iskorostiti. 
Evropejci nas vec godinama 'uce' kako da se smeskamo i tapsemo po ramenu, ali isto tako kao macem secemo. U ovakvim momentima je vreme da im stavimo ogledalo ispred lica, i primoramo ih da vide kako to sve izgleda i zvuci. I to sve sa osmehom na licu. </comment-text-transliterated></comment><comment comment-id="1-1"><comment-parent-id>1</comment-parent-id><comment-text>Nemoj bre tako ostro, Dragane. Prekid odnosa izmedju nas i Nemacke bi njih doveo u vrlo tezak pilozaj: nekoliko stotina hiljada Nemaca bi izgubilo posao ako mi povucemo svoje investicije u njihovu slabacku privredu. A vec ako posaljemo nazad u Nemacku pola miliona njihovih radnika zaposlenih u Srbiji, to ce biti katastrofa.</comment-text><comment-text-transliterated>Nemoj bre tako ostro, Dragane. Prekid odnosa izmedju nas i Nemacke bi njih doveo u vrlo tezak pilozaj: nekoliko stotina hiljada Nemaca bi izgubilo posao ako mi povucemo svoje investicije u njihovu slabacku privredu. A vec ako posaljemo nazad u Nemacku pola miliona njihovih radnika zaposlenih u Srbiji, to ce biti katastrofa.</comment-text-transliterated></comment><comment comment-id="1-2"><comment-parent-id>1</comment-parent-id><comment-text>kipreos, tacno, Hajko Mas je americki, totalan americki sluga i ne cudi
nista sto je izjavio. mi bismo konacno MORALI nemcima da JASNO
kazemo da ako nastave sa pomaganjem siptara, onda neka nas Srbe
izbrisu iz njihovih interesa. SVE sto nemci rade je 100% isto sto i SAD
rede, PROFIT....profit....profit....a da su nasi neprijatelji pa to valjda
znamo!!!!</comment-text><comment-text-transliterated>kipreos, tacno, Hajko Mas je americki, totalan americki sluga i ne cudi
nista sto je izjavio. mi bismo konacno MORALI nemcima da JASNO
kazemo da ako nastave sa pomaganjem siptara, onda neka nas Srbe
izbrisu iz njihovih interesa. SVE sto nemci rade je 100% isto sto i SAD
rede, PROFIT....profit....profit....a da su nasi neprijatelji pa to valjda
znamo!!!!</comment-text-transliterated></comment><comment comment-id="2"><comment-parent-id /><comment-text> Nemacka radi protiv srpskih nacionalnih interese vekovima i to se verovatno nikada promeniti nece.  Nemacka nije bila ni za nezavisnost Srbije  1878 na Berlinskom Kongresu? Nezavisnost je predvidjena nakon Sanstefanskim mira posle ruskoturskog rata u kojem je Rusija trujumfovala.  Nemacka je  bila za slabljenje otomanqkog carstveda ali  ne i za nezavisnost Srbije, Crne Gore, Buugarske... Odlucujucu ulogu za priznavanje Srbije je odigrala Rusija i V. Britanija. Ustvari Nemacka  je gledala isklujucivo svoje interese i Berlinskim Kongresom postaje velika sila sto je znacilo za Nemce trijumf Bizmarka i njegove politike.</comment-text><comment-text-transliterated> Nemacka radi protiv srpskih nacionalnih interese vekovima i to se verovatno nikada promeniti nece.  Nemacka nije bila ni za nezavisnost Srbije  1878 na Berlinskom Kongresu? Nezavisnost je predvidjena nakon Sanstefanskim mira posle ruskoturskog rata u kojem je Rusija trujumfovala.  Nemacka je  bila za slabljenje otomanqkog carstveda ali  ne i za nezavisnost Srbije, Crne Gore, Buugarske... Odlucujucu ulogu za priznavanje Srbije je odigrala Rusija i V. Britanija. Ustvari Nemacka  je gledala isklujucivo svoje interese i Berlinskim Kongresom postaje velika sila sto je znacilo za Nemce trijumf Bizmarka i njegove politike.</comment-text-transliterated></comment><comment comment-id="3"><comment-parent-id /><comment-text>Postovani Predsednice, 
A da kazete posteno nasem ponosnom narodu da je pravi izbor - ili EU i Nato ili KiM, pa neka narod na referendumu odluci?
Dokle cete da "kuvate zabu" i pravite se iznenadjeni?</comment-text><comment-text-transliterated>Postovani Predsednice, 
A da kazete posteno nasem ponosnom narodu da je pravi izbor - ili EU i Nato ili KiM, pa neka narod na referendumu odluci?
Dokle cete da "kuvate zabu" i pravite se iznenadjeni?</comment-text-transliterated></comment><comment comment-id="4"><comment-parent-id /><comment-text>Ja nisam razocarana, mi sve to odavno vidimo ! Kako to vlast do sada nije videla ?
 Toliko druzenje sa A. Merkel nista  nije vredelo, oni ispadose najtvrdji !!
Prestati sa ,,bezalternativnoscu,, i gledati na drugu stranu ! Ovo nije trenutak za to  jer obe strane treba da pruze ruku za rukovanje, zar ne ?!</comment-text><comment-text-transliterated>Ja nisam razocarana, mi sve to odavno vidimo ! Kako to vlast do sada nije videla ?
 Toliko druzenje sa A. Merkel nista  nije vredelo, oni ispadose najtvrdji !!
Prestati sa ,,bezalternativnoscu,, i gledati na drugu stranu ! Ovo nije trenutak za to  jer obe strane treba da pruze ruku za rukovanje, zar ne ?!</comment-text-transliterated></comment><comment comment-id="5"><comment-parent-id /><comment-text>Kada EU bude spremna da primi Srbiju u članstvo, neka upute zvaničan poziv. Do tada Srbija neka se ne bavi besmislicama " integracije", neka ne troši pare na parazite ,koji navodno koordiniraju taj proces. Kakva poglavlja i gluposti, pa ni u EU nemaju sve države usaglašene zakone. </comment-text><comment-text-transliterated>Kada EU bude spremna da primi Srbiju u članstvo, neka upute zvaničan poziv. Do tada Srbija neka se ne bavi besmislicama " integracije", neka ne troši pare na parazite ,koji navodno koordiniraju taj proces. Kakva poglavlja i gluposti, pa ni u EU nemaju sve države usaglašene zakone. </comment-text-transliterated></comment><comment comment-id="6"><comment-parent-id /><comment-text>Znači  HAJKA se nastavlja. Nema više šarma od merkanja. Korpa!
 A ovaj stoposto  grize.
 Predsednik Vučić ne primećuje da je demokrtija sistem stalnih redovnih i vanrednih  promena na vrhu. Sa diktaturom i Merkelovom, plus Mogerinijevom, šiptari bi išli na dvestoposto. Ameri imne dozvoljavaju više od stoposto.  </comment-text><comment-text-transliterated>Znači  HAJKA se nastavlja. Nema više šarma od merkanja. Korpa!
 A ovaj stoposto  grize.
 Predsednik Vučić ne primećuje da je demokrtija sistem stalnih redovnih i vanrednih  promena na vrhu. Sa diktaturom i Merkelovom, plus Mogerinijevom, šiptari bi išli na dvestoposto. Ameri imne dozvoljavaju više od stoposto.  </comment-text-transliterated></comment><comment comment-id="7"><comment-parent-id /><comment-text>Navodno SAD ne podrzava ukidanje taksi a Nemacka ih podrzava. Samo naivan covek moze da veruje u to. Setimo se da je George W. Bush zvanicno bio za obustavu jevrejskih naseobina na palestinskoj teritoriji da bi se kasnije saznalo da im je nezvanicno rekao da nastave sa gradjenjem. Ceo rat 90-ih su zvanicno bili neutralni a nezvanicno radili sa Hrvatima i Bosancima. Nije Nemacka jedina koja podrzava Kosovo i takse.</comment-text><comment-text-transliterated>Navodno SAD ne podrzava ukidanje taksi a Nemacka ih podrzava. Samo naivan covek moze da veruje u to. Setimo se da je George W. Bush zvanicno bio za obustavu jevrejskih naseobina na palestinskoj teritoriji da bi se kasnije saznalo da im je nezvanicno rekao da nastave sa gradjenjem. Ceo rat 90-ih su zvanicno bili neutralni a nezvanicno radili sa Hrvatima i Bosancima. Nije Nemacka jedina koja podrzava Kosovo i takse.</comment-text-transliterated></comment><comment comment-id="8"><comment-parent-id /><comment-text>Moram da napisem sta ja vidim bez namere da vredam. Gdin A. Vucic kao glavni I jedini koj se pita za sve, kao strategy nemoze da dobije ni minimalnu prelaznu ocenu. Svi njegovi promasaji u sustini su nasi porazi.</comment-text><comment-text-transliterated>Moram da napisem sta ja vidim bez namere da vredam. Gdin A. Vucic kao glavni I jedini koj se pita za sve, kao strategy nemoze da dobije ni minimalnu prelaznu ocenu. Svi njegovi promasaji u sustini su nasi porazi.</comment-text-transliterated></comment><comment comment-id="9"><comment-parent-id /><comment-text>Taj čovek nije ozbiljan političar. On je iz SPDa i realno nema nikakvu moć. Nikad ništa nije uspeo da uradi. Čeka savezna vlada je truba. Čak i Seehofer koji je trebao da reši krizu sa arapima opasno zakazuje. </comment-text><comment-text-transliterated>Taj čovek nije ozbiljan političar. On je iz SPDa i realno nema nikakvu moć. Nikad ništa nije uspeo da uradi. Čeka savezna vlada je truba. Čak i Seehofer koji je trebao da reši krizu sa arapima opasno zakazuje. </comment-text-transliterated></comment><comment comment-id="10"><comment-parent-id /><comment-text>Није то никакво изненађење. Сетимо се деведесетих. Немачка је на југословенским просторима подржала све наследнике  савезника Немачке из Другог светског рата. Само се наставља континуитет немачке политике.</comment-text><comment-text-transliterated>Nije to nikakvo iznenađenje. Setimo se devedesetih. Nemačka je na jugoslovenskim prostorima podržala sve naslednike  saveznika Nemačke iz Drugog svetskog rata. Samo se nastavlja kontinuitet nemačke politike.</comment-text-transliterated></comment><comment comment-id="11"><comment-parent-id /><comment-text>Nemacka je glavni krivac za sve sto se desava  drzi prvo mesto za njom odmah je UK i SAD i ostali clanovi ,, siroke demokratije''. Zelim Nemackoj isto sto i ona nama zeli nista vise od toga! Sve se menja nista nije vecno gospodo!</comment-text><comment-text-transliterated>Nemacka je glavni krivac za sve sto se desava  drzi prvo mesto za njom odmah je UK i SAD i ostali clanovi ,, siroke demokratije''. Zelim Nemackoj isto sto i ona nama zeli nista vise od toga! Sve se menja nista nije vecno gospodo!</comment-text-transliterated></comment><comment comment-id="12"><comment-parent-id /><comment-text>Председниче, Ви сте безброј пута уверавали грађане Србије да су нам Немци и немачка држава велики пријатељи.  </comment-text><comment-text-transliterated>Predsedniče, Vi ste bezbroj puta uveravali građane Srbije da su nam Nemci i nemačka država veliki prijatelji.  </comment-text-transliterated></comment><comment comment-id="13"><comment-parent-id /><comment-text>Немачка је показала да на територији бивше СФРЈ подржава оне који су били њени савезници у Другом Светском Рату. Ако нам је то познато, нема места чуђењу, изненађењу и разочарању.  </comment-text><comment-text-transliterated>Nemačka je pokazala da na teritoriji bivše SFRJ podržava one koji su bili njeni saveznici u Drugom Svetskom Ratu. Ako nam je to poznato, nema mesta čuđenju, iznenađenju i razočaranju.  </comment-text-transliterated></comment><comment comment-id="14"><comment-parent-id /><comment-text>nikada nam nemci nisu bile naklonjeni. imaju veliko istorijsko pamcenje (dva svetska rata gde smo Im slomili zube).Prvi Su biliKoji Su priznali ocepljenu Hrvatsku it'd itd.Iako Su veliki I jaki treba prema njima da imamo odnos kakav I Oni prema nama. Hladan I proracunat biz nekih velikih ocekivanja </comment-text><comment-text-transliterated>nikada nam nemci nisu bile naklonjeni. imaju veliko istorijsko pamcenje (dva svetska rata gde smo Im slomili zube).Prvi Su biliKoji Su priznali ocepljenu Hrvatsku it'd itd.Iako Su veliki I jaki treba prema njima da imamo odnos kakav I Oni prema nama. Hladan I proracunat biz nekih velikih ocekivanja </comment-text-transliterated></comment><comment comment-id="15"><comment-parent-id /><comment-text>Ja podrzavam Predsednika da, kako sam rece , preispita i sebe i politiku. Po mome skromnom misljenju pravilna politika je da Srbija treba da tezi EU ali na vrlo oprezan nacin i sa velikom rezervom. Pod tom rezervom podrazumevam da Srbija treba da ima politiku balansiranja svoje trgovinske povezanosti izmedju EU zemalja i ostatka sveta, posebno Rusije i Kine. To zato da bi politicari EU znali da Srbija u svakom trenutku moze da izvrsi politicki zaokret, time bi dobili podstrek da istinski pridju resavanju problema i imaju fer pristup Srbiji ili ce Srbija uvek biti omalovazavana i njena drzavna egzistencija ce uvek biti u pitanju. Sa tako velikom zavisnoscu Srbije od EU, Srbija istinski nema politicke opcije kako sada stvari stoje. Medjutim ako bi vlada imala program da se za sve uvozne proizvode iz EU pronadje alternativa is Rusije , Kine i ostatka sveta (slicno sa povecanjem izvoza u ostatak sveta), onda je politicki zaokret moguc, to bi i EU znala i morala bi da nas tretira drugacije.</comment-text><comment-text-transliterated>Ja podrzavam Predsednika da, kako sam rece , preispita i sebe i politiku. Po mome skromnom misljenju pravilna politika je da Srbija treba da tezi EU ali na vrlo oprezan nacin i sa velikom rezervom. Pod tom rezervom podrazumevam da Srbija treba da ima politiku balansiranja svoje trgovinske povezanosti izmedju EU zemalja i ostatka sveta, posebno Rusije i Kine. To zato da bi politicari EU znali da Srbija u svakom trenutku moze da izvrsi politicki zaokret, time bi dobili podstrek da istinski pridju resavanju problema i imaju fer pristup Srbiji ili ce Srbija uvek biti omalovazavana i njena drzavna egzistencija ce uvek biti u pitanju. Sa tako velikom zavisnoscu Srbije od EU, Srbija istinski nema politicke opcije kako sada stvari stoje. Medjutim ako bi vlada imala program da se za sve uvozne proizvode iz EU pronadje alternativa is Rusije , Kine i ostatka sveta (slicno sa povecanjem izvoza u ostatak sveta), onda je politicki zaokret moguc, to bi i EU znala i morala bi da nas tretira drugacije.</comment-text-transliterated></comment><comment comment-id="16"><comment-parent-id /><comment-text>С обзиром да је Немачка једна од најзаслужнијих за проглашење тзв. косовске независности - да би га потом признала као државу - логично је, као континуитет једне политике, да буде на страни тзв. Косова, а против Србије, која га спутава да, de facto, постане држава. Нема места разочарењу: десетину и десетину пута, у деценији иза, стижу изјаве немачких владајућих политичара у прилог тзв. Косова, које виде као суверену државу, инсистирајући на нормализацији односа, односно признавању од стране Србије. Немачка је омаловажила један стари, аутентични, европски народ, обесмислила право и правду, и тако стала на позицију неких нових вредности, у вези којих не сме бити илузија.</comment-text><comment-text-transliterated>S obzirom da je Nemačka jedna od najzaslužnijih za proglašenje tzv. kosovske nezavisnosti - da bi ga potom priznala kao državu - logično je, kao kontinuitet jedne politike, da bude na strani tzv. Kosova, a protiv Srbije, koja ga sputava da, de facto, postane država. Nema mesta razočarenju: desetinu i desetinu puta, u deceniji iza, stižu izjave nemačkih vladajućih političara u prilog tzv. Kosova, koje vide kao suverenu državu, insistirajući na normalizaciji odnosa, odnosno priznavanju od strane Srbije. Nemačka je omalovažila jedan stari, autentični, evropski narod, obesmislila pravo i pravdu, i tako stala na poziciju nekih novih vrednosti, u vezi kojih ne sme biti iluzija.</comment-text-transliterated></comment><comment comment-id="17"><comment-parent-id /><comment-text>Ne znam kakve su reforme na KiM, ali zato dobro vidim koliko su naše "fantastične" i to se vidi širom Srbije, a naročito na graničnim prelazima kuda nam svake godine odlaze desetine hiljada mladih. Uostalom i naše i kosovske reforme uglavnom hvale isti ljudi sa zapada, verovatno iz istih razloga.</comment-text><comment-text-transliterated>Ne znam kakve su reforme na KiM, ali zato dobro vidim koliko su naše "fantastične" i to se vidi širom Srbije, a naročito na graničnim prelazima kuda nam svake godine odlaze desetine hiljada mladih. Uostalom i naše i kosovske reforme uglavnom hvale isti ljudi sa zapada, verovatno iz istih razloga.</comment-text-transliterated></comment><comment comment-id="17-1"><comment-parent-id>17</comment-parent-id><comment-text>Vladika Grigorije   kaže, " Tek kad sam  došao u Nemačku shvatio sam razmere egzodusa koji još traje... Za razliku od naših prostora, koji se velikom brzinom raseljavaju i prazne, u Nemačkoj imamo suprotan proces, njihov prostor se naseljava".  Pametnom dosta.</comment-text><comment-text-transliterated>Vladika Grigorije   kaže, " Tek kad sam  došao u Nemačku shvatio sam razmere egzodusa koji još traje... Za razliku od naših prostora, koji se velikom brzinom raseljavaju i prazne, u Nemačkoj imamo suprotan proces, njihov prostor se naseljava".  Pametnom dosta.</comment-text-transliterated></comment><comment comment-id="17-2"><comment-parent-id>17</comment-parent-id><comment-text>Не можемо ту ми ништа да учинимо. Немци сами кажу да су им потребни нови радници, скоро преко милион. Главни кандидати смо ми , Хрвати , Босанци и Албанци, уз Бугаре и Румуне.Све оне државе које не могу ни да  се приближе платама радника једне економски моћне Немачке. Дакле нема ту никакве мудрости нити шансе за решавање овог проблема.</comment-text><comment-text-transliterated>Ne možemo tu mi ništa da učinimo. Nemci sami kažu da su im potrebni novi radnici, skoro preko milion. Glavni kandidati smo mi , Hrvati , Bosanci i Albanci, uz Bugare i Rumune.Sve one države koje ne mogu ni da  se približe platama radnika jedne ekonomski moćne Nemačke. Dakle nema tu nikakve mudrosti niti šanse za rešavanje ovog problema.</comment-text-transliterated></comment><comment comment-id="18"><comment-parent-id /><comment-text>Па Немачка поджава проток робе, али само своје и наравно оних које мора. За Србију важе друга правила и важиће све док се сами не изборима за своја правила. Дотле можемо само да трпимо малтретирање.</comment-text><comment-text-transliterated>Pa Nemačka podžava protok robe, ali samo svoje i naravno onih koje mora. Za Srbiju važe druga pravila i važiće sve dok se sami ne izborima za svoja pravila. Dotle možemo samo da trpimo maltretiranje.</comment-text-transliterated></comment></comments-list></comments></document>