<?xml version="1.0" encoding="utf-8"?>
<document global-id="sr-01-1">
	<url>http://www.politika.rs/scc/clanak/354494/%D0%90-%D0%BA%D0%B0%D0%B4%D0%B0-%D0%BE%D0%B4%D1%83-%D1%81%D0%B2%D0%B8</url>
	<source-id>sr-01</source-id>
	<local-id>1</local-id>
	<source-name>Politika</source-name>
	<article>
		<article-title>А када оду сви...</article-title>
		<article-title-transliterated>A kada odu svi...</article-title-transliterated>
		<article-time>2016-05-07</article-time>
		<article-author>Lazar Kovačević</article-author>
		<article-text>Дошла су времена када су телевизијске серије много популарније од филмова. Деси се да неко не погледа ниједан филм током седам дана, али ретко да се не одвоји време бар за једну епизоду омиљене серије.
Иако су неке мање гледане од других, то не значи да имају мање ватрених обожавалаца који се залепе за одређеног лика и за оног ко му је удахнуо живот на малом екрану.
Паника међу обожаваоцима настаје када глумац одлучи да напусти серију, а њихов омиљени лик – у већини случајева – бива убијен. Тренд расипања главне глумачке екипе посебно је присутан од пре две године, а последњи пример је Стана Катић која после осам година напушта „Касл”.
Одуговлачење Еј-Би-Сија са обновом ове криминалистичке драме био је знак да нешто не иде како би требало. Мислило се да алфабет телевизија озбиљно размишља да укине серију због слабе гледаности у циљној групи 18-49 која траје већ пуне две сезоне. Чак је и снимљено неколико верзија краја актуелне сезоне јер се обнова не назире.
Ипак, проблем је био у Стани. Није желела да продужи уговор чак и када би продуценти одлучили да следећа, девета сезона буде и последња. Како преносе амерички портали, разлози за ову одлуку су разни – од истрошености лика Бекетове до сталних чарки са главним партнером Нејтом Филионом.
Катићева се на „Твитеру” огласила само поводом тужних обожавалаца. „Хвала вам за љубав и подршку. Волим вас”, написала је она.

„Чувари плаже”: Памела Андерсон

Да ствар буде још гора, поред Стане, одлази и глумица Тамала Џоунс која од прве епизода била део водеће глумачке екипе. Први велики удар, „Касл” је доживео прошле године када је одлучио да га напусти идејни стваралац Ендрју Марлоу што се одразило и на квалитет нових епизода.
Прва епизода емитована је 2009. године, док се још чека информација о томе када ћемо „Каслу” рећи збогом.
Нема више Памеле
Одлазак главних глумаца у хит серијама није ретка појава још од пре три деценије. Миљеница публике, глумица Памела Су Мартин која је у планетарно популарној и у Србији веома гледаној сапуници „Династија” глумила Фалон Карингтон, најстарију ћерку Блејка и Алексис, одлучила је да напусти серију 1994. године, а продуценти су морали да јој нађу замену јер нису желели да убију њен лик.
Гледаоци сапунице „Далас” били су разочарани одлуком Патрика Дафија (Боб Јуинг) да 1985. године, после осам сезона, напусти ову култну сагу. Ипак, њихове молитве су услишене па се Дафи вратио већ следеће године у споредној улози и то само у мислима осталих ликова.
Плакали су и гледаоци „Чувара плаже”, серије која је обележила телевизијску сцену деведесетих у свету и у Србији. Одлазак чувене Памеле Андерсон у улози Си Џеј и њених облина са малих екрана значио је лагани крах саге о чуварима у препознатљивим црвеним купаћим костимима.

„Далас”: Патрик Дафи 

Пргава нарав глумице Шенен Доерти коштала ју је улоге Пру у „Чарима”. Замена са глумицом Роуз Мекгоуен (Пејџ Метјуз) серији је, сваке наредне сезоне, донела мањи број гледалаца. Ипак, упркос злим језицима који су одлазак Доертијеве искористили за предвиђање брзог краја магичне приче о сестрама вештицама, „Чари” су трајале још пуних пет година.
Потпуни шок код гледалаца изазвао је одлазак Дејвида Духовнија из „Досијеа икс”. Ни вољена Скали ни серија нису више били исти после Молдеровог одласка. Упркос његовом повременом појављивању, серија је врло брзо завршена.
Јунакиња „Округа оранж” Мариса Купер трагично је настрадала у судару са камионом. У дирљивој сцени опраштања од њеног дечка Рајана (Бенџамин Мекензи), публика се опростила и од глумице Мише Бартон. У овом случају одлазак глумице значио је и крај серије. Наиме, са последњом епизодом скраћене четврте сезоне, „Округа оранж” се опростио са телевизијским гледалиштем. 
И тинејџерска сага „Три Хил” нашла се у вртлогу расипања. Чед Мајкл Мари и Хилари Бартон одлучили су да се посвете другим пројектима, а серија је изгубила главни љубавни пар.
И доктори одлазе
Ако је нека серија претрпела значајне губитке, онда је то „Увод у анатомију” чију дванаесту сезону гледамо на „Фокс лајфу”. Попут Доертијеве из „Чари”, и Кетрин Хигл (Изи) и Исаја Вошингтон (Др. Бурк) важе за тешке особе за сарадњу.
Тако је стална свађа са продуценткињом Шондом Рајмс и непријатно понашање на снимањима резултирало њиховим одласком. За разлику од других ликова, Изи је преживела борбу са тумором на мозгу и тада одлучила да напусти болницу.
Кристина Јанг срећом није боловала ни од чега, али ју је жеља за напретком у каријери навела да се пресели у Европу, док је њена глумица Санда О била засићена улогом иако је Кристина била једна од омиљених ликова код публике. Други су, пак, из болнице изашли у мртвачком сандуку.

„Увод у анатомију”: Патрик Демпси

Ти Ар Најт (Џорџ), Ерик Дејн (Марк), Шерил Лејт (Лекси) и као последње изненађење – Патрик Демпси (Дерек познатији као Мекдрими) – погинули су у шокантним епизодама које је Рајмсова препремала са посебном пажњом.
Више среће није имао ни маратонски „Ургентни центар” кога су временом напустили Џорџ Клуни (Даг), Џулијана Маргулис (Керол), Ноа Вајл (Џон), Ентони Едвардс (Марк), Горан Вишњић (Лука).
Ни у серијама из других жанрова није било другачије. Ситком „У канцеларији” (ТВ Војводина) остао је без Стива Карел који је желео да се посвети филмској каријери.

„Вампирски дневници”: Нина Добрев 

Контроверзни Чарли Шин из веома гледане комедије „Два и по мушкарца” отишао је без поздрава. Пошто његов одлазак није планиран већ је донет „ад хок” због Шиновог скандалозног понашања, продуценти су смислили да његов лик Џарли буде убијен.
Бар се тако чинило до последње епизоде серије када је обелодањено да је он, заправо, жив. Иако је продуцент Чак Лори за Чарлија нашао замену у виду милијардера Волдена Шмита (Ештон Кучер), то није учињено и за његовог братанца Џејка (Ангус Т. Џоунс).
И друге серије претрпеле су губитке у виду популарних ликова и главне глумачке екипе. Међу последњим упечатљивим одласцима су: Ден Стивенс („Даунтонска опатија”), Џек Глисон („Игра престола”), Нина Добрев („Вампирски дневници”), Џош Чарлс („Добра жена”), Мајкл Ведерли („Морнарички истражитељи”), Дамјан Луис („Домовина”) Алиса Милано („Љубавнице”), Никол Бехари („Успавана долина”) и Меган Бун („Црна листа”).</article-text>
		<article-text-transliterated>Došla su vremena kada su televizijske serije mnogo popularnije od filmova. Desi se da neko ne pogleda nijedan film tokom sedam dana, ali retko da se ne odvoji vreme bar za jednu epizodu omiljene serije.
Iako su neke manje gledane od drugih, to ne znači da imaju manje vatrenih obožavalaca koji se zalepe za određenog lika i za onog ko mu je udahnuo život na malom ekranu.
Panika među obožavaocima nastaje kada glumac odluči da napusti seriju, a njihov omiljeni lik – u većini slučajeva – biva ubijen. Trend rasipanja glavne glumačke ekipe posebno je prisutan od pre dve godine, a poslednji primer je Stana Katić koja posle osam godina napušta „Kasl”.
Odugovlačenje Ej-Bi-Sija sa obnovom ove kriminalističke drame bio je znak da nešto ne ide kako bi trebalo. Mislilo se da alfabet televizija ozbiljno razmišlja da ukine seriju zbog slabe gledanosti u ciljnoj grupi 18-49 koja traje već pune dve sezone. Čak je i snimljeno nekoliko verzija kraja aktuelne sezone jer se obnova ne nazire.
Ipak, problem je bio u Stani. Nije želela da produži ugovor čak i kada bi producenti odlučili da sledeća, deveta sezona bude i poslednja. Kako prenose američki portali, razlozi za ovu odluku su razni – od istrošenosti lika Beketove do stalnih čarki sa glavnim partnerom Nejtom Filionom.
Katićeva se na „Tviteru” oglasila samo povodom tužnih obožavalaca. „Hvala vam za ljubav i podršku. Volim vas”, napisala je ona.

„Čuvari plaže”: Pamela Anderson

Da stvar bude još gora, pored Stane, odlazi i glumica Tamala Džouns koja od prve epizoda bila deo vodeće glumačke ekipe. Prvi veliki udar, „Kasl” je doživeo prošle godine kada je odlučio da ga napusti idejni stvaralac Endrju Marlou što se odrazilo i na kvalitet novih epizoda.
Prva epizoda emitovana je 2009. godine, dok se još čeka informacija o tome kada ćemo „Kaslu” reći zbogom.
Nema više Pamele
Odlazak glavnih glumaca u hit serijama nije retka pojava još od pre tri decenije. Miljenica publike, glumica Pamela Su Martin koja je u planetarno popularnoj i u Srbiji veoma gledanoj sapunici „Dinastija” glumila Falon Karington, najstariju ćerku Blejka i Aleksis, odlučila je da napusti seriju 1994. godine, a producenti su morali da joj nađu zamenu jer nisu želeli da ubiju njen lik.
Gledaoci sapunice „Dalas” bili su razočarani odlukom Patrika Dafija (Bob Juing) da 1985. godine, posle osam sezona, napusti ovu kultnu sagu. Ipak, njihove molitve su uslišene pa se Dafi vratio već sledeće godine u sporednoj ulozi i to samo u mislima ostalih likova.
Plakali su i gledaoci „Čuvara plaže”, serije koja je obeležila televizijsku scenu devedesetih u svetu i u Srbiji. Odlazak čuvene Pamele Anderson u ulozi Si Džej i njenih oblina sa malih ekrana značio je lagani krah sage o čuvarima u prepoznatljivim crvenim kupaćim kostimima.

„Dalas”: Patrik Dafi 

Prgava narav glumice Šenen Doerti koštala ju je uloge Pru u „Čarima”. Zamena sa glumicom Rouz Mekgouen (Pejdž Metjuz) seriji je, svake naredne sezone, donela manji broj gledalaca. Ipak, uprkos zlim jezicima koji su odlazak Doertijeve iskoristili za predviđanje brzog kraja magične priče o sestrama vešticama, „Čari” su trajale još punih pet godina.
Potpuni šok kod gledalaca izazvao je odlazak Dejvida Duhovnija iz „Dosijea iks”. Ni voljena Skali ni serija nisu više bili isti posle Molderovog odlaska. Uprkos njegovom povremenom pojavljivanju, serija je vrlo brzo završena.
Junakinja „Okruga oranž” Marisa Kuper tragično je nastradala u sudaru sa kamionom. U dirljivoj sceni opraštanja od njenog dečka Rajana (Bendžamin Mekenzi), publika se oprostila i od glumice Miše Barton. U ovom slučaju odlazak glumice značio je i kraj serije. Naime, sa poslednjom epizodom skraćene četvrte sezone, „Okruga oranž” se oprostio sa televizijskim gledalištem. 
I tinejdžerska saga „Tri Hil” našla se u vrtlogu rasipanja. Čed Majkl Mari i Hilari Barton odlučili su da se posvete drugim projektima, a serija je izgubila glavni ljubavni par.
I doktori odlaze
Ako je neka serija pretrpela značajne gubitke, onda je to „Uvod u anatomiju” čiju dvanaestu sezonu gledamo na „Foks lajfu”. Poput Doertijeve iz „Čari”, i Ketrin Higl (Izi) i Isaja Vošington (Dr. Burk) važe za teške osobe za saradnju.
Tako je stalna svađa sa producentkinjom Šondom Rajms i neprijatno ponašanje na snimanjima rezultiralo njihovim odlaskom. Za razliku od drugih likova, Izi je preživela borbu sa tumorom na mozgu i tada odlučila da napusti bolnicu.
Kristina Jang srećom nije bolovala ni od čega, ali ju je želja za napretkom u karijeri navela da se preseli u Evropu, dok je njena glumica Sanda O bila zasićena ulogom iako je Kristina bila jedna od omiljenih likova kod publike. Drugi su, pak, iz bolnice izašli u mrtvačkom sanduku.

„Uvod u anatomiju”: Patrik Dempsi

Ti Ar Najt (Džordž), Erik Dejn (Mark), Šeril Lejt (Leksi) i kao poslednje iznenađenje – Patrik Dempsi (Derek poznatiji kao Mekdrimi) – poginuli su u šokantnim epizodama koje je Rajmsova prepremala sa posebnom pažnjom.
Više sreće nije imao ni maratonski „Urgentni centar” koga su vremenom napustili Džordž Kluni (Dag), Džulijana Margulis (Kerol), Noa Vajl (Džon), Entoni Edvards (Mark), Goran Višnjić (Luka).
Ni u serijama iz drugih žanrova nije bilo drugačije. Sitkom „U kancelariji” (TV Vojvodina) ostao je bez Stiva Karel koji je želeo da se posveti filmskoj karijeri.

„Vampirski dnevnici”: Nina Dobrev 

Kontroverzni Čarli Šin iz veoma gledane komedije „Dva i po muškarca” otišao je bez pozdrava. Pošto njegov odlazak nije planiran već je donet „ad hok” zbog Šinovog skandaloznog ponašanja, producenti su smislili da njegov lik Džarli bude ubijen.
Bar se tako činilo do poslednje epizode serije kada je obelodanjeno da je on, zapravo, živ. Iako je producent Čak Lori za Čarlija našao zamenu u vidu milijardera Voldena Šmita (Ešton Kučer), to nije učinjeno i za njegovog bratanca Džejka (Angus T. Džouns).
I druge serije pretrpele su gubitke u vidu popularnih likova i glavne glumačke ekipe. Među poslednjim upečatljivim odlascima su: Den Stivens („Dauntonska opatija”), Džek Glison („Igra prestola”), Nina Dobrev („Vampirski dnevnici”), Džoš Čarls („Dobra žena”), Majkl Vederli („Mornarički istražitelji”), Damjan Luis („Domovina”) Alisa Milano („Ljubavnice”), Nikol Behari („Uspavana dolina”) i Megan Bun („Crna lista”).</article-text-transliterated>
	</article>
	<comments>
		<comments-count>1</comments-count>
		<comments-list>
			<comment comment-id="1">
				<comment-parent-id/>
				<comment-text>Благо доконима.Имају чиме да убију два сата времена.</comment-text>
				<comment-text-transliterated>Blago dokonima.Imaju čime da ubiju dva sata vremena.</comment-text-transliterated>
			</comment>
		</comments-list>
	</comments>
</document>
