<document global-id="sr-01-110"><url>http://www.politika.rs/scc/clanak/317640/%D0%91%D0%B0%D0%BB%D0%BA%D0%B0%D0%BD%D1%81%D0%BA%D0%BE-%D1%80%D1%83%D1%85%D0%BE-%D1%83%D0%B2%D0%B8%D1%98%D0%B5%D0%BD%D0%BE-%D1%83-%D1%9F%D0%B5%D0%B7</url><source-id>sr-01</source-id><local-id>sr-01-110</local-id><source-name>Politika</source-name><article><article-title>Балканско рухо увијено у џез</article-title><article-title-transliterated>Balkansko ruho uvijeno u džez</article-title-transliterated><article_time>2015-01-29</article_time><article-author>S. Čikarić</article-author><article-text>
 Бојан Зулфикарпашић и Васил Хаџиманов представиће се београдској публици заједно на концерту који ће одржати 1. фебруара у Великој дворани Коларчеве задужбине. Двојица музичара који су поставили стандарде мешања модерног џез језика са балканским музичким наслеђем, одржаће сасвим атипичан концерт за који су карте распродате за само седам дана. Ово заједничко музичко путовање Бојана и Васила кулминираће делом који је посвећен електронској музици, па ће се двојици пијаниста на бини Коларца придружити домаћи ди-џеј тандем „Rahmanee &amp; Uce”.
Након две године у Београд стиже рођени Београђанин Бојан Зулфикарпашић који ће овде прославити и 47. рођендан. Недуго по завршетку концерта, када откуца поноћ, и када Бојан и Васил са пријатељима, колегама, познаницима буду сумирали утиске са првог заједничког наступа, Зулфикарпашић ће обележити дан рођења у родном граду после, како каже, много година.
– Хтели смо да концерт буде пред Нову годину, али искомпликовало се и ево, случајно је испало да је неколико сати пред мој рођендан иако за то нико није знао – каже музичар који више од две деценије живи у Француској у којој је изградио веома успешну каријеру, али и добио највећа признања у џез музици.
За последњи албум „Soul Shelter” из 2012, добио је најпрестижнију награду у Француској из области џеза, „Victoires du jazz”, као и звање најбољег џез музичара.
На почетку разговора за наш лист Бојан прича о добрим и лошим странама посла којим се бави, као и сарадњи са Хаџимановим, нашој публици добро знаном аутору који се међу првима издвојио као композитор који комбинује балканске, традиционалне фолк ритмове и западне, модерне стилове.
– Има дивних момената у послу којим се бавим, али све што сам старији, свака турнеја која траје више од две недеље, представља ми напор. Али, постоје моменти који регенеришу. Као и свака уметност која вас тера да изађете на бину, да добијате аплауз и обожавање. То је веома специфична ствар – сматра Зулфикарпашић.
На питање како би окарактерисао београдску публику, каже да је веома интересантна:
– Једном приликом, после концерта који сам имао у Кијеву 1995, неки професори са брадицама, као изашли из руских романа, почели су да ми причају како су, у детаље, доживели наступ. Врло аналитично. А овде се испред гардеробе направи ред како би ти рекли шта мисле о концерту. Онако, најискреније. Веома су критични. Београдска публика има неке одређене карактеристике, кажу баш оно што мисле. А вама, онако исцрпљеном, то баш и не прија. Музичари не воле да чују критике одмах после концерта. И не мислим да је то нешто негативно, то је напросто карактеристика Београда.
За сарадњу са Василом, која ће се тек сада остварити, Зулфикарпашић каже да је осмишљена још 2013.
– Имамо толико заједничких пријатеља и идеја које су се искристалисале, поред тога имамо много додирних тачака у старту, а балканско рухо увијено у џез само је једна од тих ствари која нас везује. То је само једна од видљивих ствари. И нас двојица нисмо једини који се тиме бавимо. Али, бавимо се на начин који није вулгаран, у музичком смислу, наравно – истиче Бојан и додаје да њих двојица желе да покажу ту „боју балканску” и то за читав регион, не само за Србију.
– Ни Васил ни ја нисмо фолк музичари. Далеко од тога. Покушавамо да жонглирамо са тим на неки начин, да у модерно рухо све то ставимо, помешамо, да будемо јин и јанг. Пробали смо још у децембру како то иде. И њега и мене интересује то „бацање празне импровизације”. Публика често тога није свесна, мисли да је то што изводимо написано – каже Бојан, а Васил додаје да може да се очекује да један део концерта обоје управо тим импровизацијама, што мисли да очекује и публика.
Коларац је, указује Бојан, једино место за овакав концерт, јер је – једино место са два квалитетна клавира.
----------------------------------
Поново у Београду у марту, али са Амиром Медуњанин
Бојан је ушао и у продуцентске воде.
– Данас је музичар у обавези да научи што више ствари да ради сам. И ја могу да радим за било кога, знам све што ми је потребно. Да миксам, монтирам филмове... све, а продуцентским послом сам почео да се бавим, јер могу и да убрзам посао. Логично је – каже Бојан који ће у Београд поново доћи у марту, и то са колегиницом и пријатељицом Амиром Медуњанин на чијем је албуму био – аранжер и продуцент.
----------------------------------
Клавирска укрштања
– На концерту ће бити укрштања два клавира, али и гости ће бити ту. Свиђа ми се што је Васил понудио све своје знање, добра је ствар што је он човек који познаје Београд и људе у њему и екипа која ће учествовати биће наш избор, а то је велика ствар. А на Коларцу нам је потребна публика која ће да створи баланс енергије – каже Бојан Зулфикарпашић.
</article-text><article-text-transliterated>
 Bojan Zulfikarpašić i Vasil Hadžimanov predstaviće se beogradskoj publici zajedno na koncertu koji će održati 1. februara u Velikoj dvorani Kolarčeve zadužbine. Dvojica muzičara koji su postavili standarde mešanja modernog džez jezika sa balkanskim muzičkim nasleđem, održaće sasvim atipičan koncert za koji su karte rasprodate za samo sedam dana. Ovo zajedničko muzičko putovanje Bojana i Vasila kulminiraće delom koji je posvećen elektronskoj muzici, pa će se dvojici pijanista na bini Kolarca pridružiti domaći di-džej tandem „Rahmanee &amp; Uce”.
Nakon dve godine u Beograd stiže rođeni Beograđanin Bojan Zulfikarpašić koji će ovde proslaviti i 47. rođendan. Nedugo po završetku koncerta, kada otkuca ponoć, i kada Bojan i Vasil sa prijateljima, kolegama, poznanicima budu sumirali utiske sa prvog zajedničkog nastupa, Zulfikarpašić će obeležiti dan rođenja u rodnom gradu posle, kako kaže, mnogo godina.
– Hteli smo da koncert bude pred Novu godinu, ali iskomplikovalo se i evo, slučajno je ispalo da je nekoliko sati pred moj rođendan iako za to niko nije znao – kaže muzičar koji više od dve decenije živi u Francuskoj u kojoj je izgradio veoma uspešnu karijeru, ali i dobio najveća priznanja u džez muzici.
Za poslednji album „Soul Shelter” iz 2012, dobio je najprestižniju nagradu u Francuskoj iz oblasti džeza, „Victoires du jazz”, kao i zvanje najboljeg džez muzičara.
Na početku razgovora za naš list Bojan priča o dobrim i lošim stranama posla kojim se bavi, kao i saradnji sa Hadžimanovim, našoj publici dobro znanom autoru koji se među prvima izdvojio kao kompozitor koji kombinuje balkanske, tradicionalne folk ritmove i zapadne, moderne stilove.
– Ima divnih momenata u poslu kojim se bavim, ali sve što sam stariji, svaka turneja koja traje više od dve nedelje, predstavlja mi napor. Ali, postoje momenti koji regenerišu. Kao i svaka umetnost koja vas tera da izađete na binu, da dobijate aplauz i obožavanje. To je veoma specifična stvar – smatra Zulfikarpašić.
Na pitanje kako bi okarakterisao beogradsku publiku, kaže da je veoma interesantna:
– Jednom prilikom, posle koncerta koji sam imao u Kijevu 1995, neki profesori sa bradicama, kao izašli iz ruskih romana, počeli su da mi pričaju kako su, u detalje, doživeli nastup. Vrlo analitično. A ovde se ispred garderobe napravi red kako bi ti rekli šta misle o koncertu. Onako, najiskrenije. Veoma su kritični. Beogradska publika ima neke određene karakteristike, kažu baš ono što misle. A vama, onako iscrpljenom, to baš i ne prija. Muzičari ne vole da čuju kritike odmah posle koncerta. I ne mislim da je to nešto negativno, to je naprosto karakteristika Beograda.
Za saradnju sa Vasilom, koja će se tek sada ostvariti, Zulfikarpašić kaže da je osmišljena još 2013.
– Imamo toliko zajedničkih prijatelja i ideja koje su se iskristalisale, pored toga imamo mnogo dodirnih tačaka u startu, a balkansko ruho uvijeno u džez samo je jedna od tih stvari koja nas vezuje. To je samo jedna od vidljivih stvari. I nas dvojica nismo jedini koji se time bavimo. Ali, bavimo se na način koji nije vulgaran, u muzičkom smislu, naravno – ističe Bojan i dodaje da njih dvojica žele da pokažu tu „boju balkansku” i to za čitav region, ne samo za Srbiju.
– Ni Vasil ni ja nismo folk muzičari. Daleko od toga. Pokušavamo da žongliramo sa tim na neki način, da u moderno ruho sve to stavimo, pomešamo, da budemo jin i jang. Probali smo još u decembru kako to ide. I njega i mene interesuje to „bacanje prazne improvizacije”. Publika često toga nije svesna, misli da je to što izvodimo napisano – kaže Bojan, a Vasil dodaje da može da se očekuje da jedan deo koncerta oboje upravo tim improvizacijama, što misli da očekuje i publika.
Kolarac je, ukazuje Bojan, jedino mesto za ovakav koncert, jer je – jedino mesto sa dva kvalitetna klavira.
----------------------------------
Ponovo u Beogradu u martu, ali sa Amirom Medunjanin
Bojan je ušao i u producentske vode.
– Danas je muzičar u obavezi da nauči što više stvari da radi sam. I ja mogu da radim za bilo koga, znam sve što mi je potrebno. Da miksam, montiram filmove... sve, a producentskim poslom sam počeo da se bavim, jer mogu i da ubrzam posao. Logično je – kaže Bojan koji će u Beograd ponovo doći u martu, i to sa koleginicom i prijateljicom Amirom Medunjanin na čijem je albumu bio – aranžer i producent.
----------------------------------
Klavirska ukrštanja
– Na koncertu će biti ukrštanja dva klavira, ali i gosti će biti tu. Sviđa mi se što je Vasil ponudio sve svoje znanje, dobra je stvar što je on čovek koji poznaje Beograd i ljude u njemu i ekipa koja će učestvovati biće naš izbor, a to je velika stvar. A na Kolarcu nam je potrebna publika koja će da stvori balans energije – kaže Bojan Zulfikarpašić.
</article-text-transliterated></article><comments><comments-count>0</comments-count><comments-list /></comments></document>