<document global-id="sr-01-1260"><url>http://www.politika.rs/scc/clanak/418001/%D0%9B%D0%B0%D1%82%D0%B8%D0%BD%D0%B8%D1%86%D0%B0-%D1%98%D0%B5-%D0%A1%D1%80%D0%B1%D0%B8%D0%BC%D0%B0-%D0%BD%D0%B0%D0%BC%D0%B5%D1%82%D0%BD%D1%83%D1%82%D0%BE-%D0%BF%D0%B8%D1%81%D0%BC%D0%BE</url><source-id>sr-01</source-id><local-id>sr-01-1260</local-id><source-name>Politika</source-name><article><article-title>Латиница је Србима наметнуто писмо</article-title><article-title-transliterated>Latinica je Srbima nametnuto pismo</article-title-transliterated><article_time>2018-12-17</article_time><article-author>  Dragoljub Zbiljić</article-author><article-text>
Поводом текста Милета Медића „И латиница је писмо српског језика”, „Политика”, „Погледи”, четвртак, 6. децембра 2018.





И моја маленкост сматра да би се, лингвистички гледано, могло рећи да су хрватски језикословци и политичари, у својој мудрости, пристали на прихватање Вуковог стандардизованог српског језика за свој књижевни језик средином 19. века. Хрвати су тада гледали унапред – од 1850. године када су Књижевним договором у Бечу прихватили српски, Вуков/ски књижевни језик – па до 1992. године, дакле, 150 година унапред, када им је успело да своју националну идеју преко лажне југословенске (Штросмајерове) идеје и антисрпске у великој мери најпре Краљевине Југославије, а онда посебно успешно преко Брозове комунистичке Југославије узрасту као посебан (добро обједињен) народ на варијанти Вуков(ск)ог српског језика и да створе готово „чисту” националну државу која сада, за разлику од 1850. године када су били под туђом окупацијом, има, тада незамисливо, данас велику територију, има народ који је, у односу на Србе, релативно добро прошао кроз Први и Други светски рат и да у њиховом „отаџбинском рату” деведесетих година 20. века створе и свој хрватски језик и да га региструју с латиничким писмом.
 Латиница је била од почетка, а и данас је писмо српског језика, али у хрватској варијанти. Јер, Хрвати су хтели и могли да улазе у „заједнички језик” са Србима само под условом да тај језик пишу својом латиницом. На то су пристали и Вук и Даничић. Дакле, том хрватском латиницом (гајицом) може да се пише српски језик, али то писмо изворно нико није сачињавао за све Србе него за Хрвате.
Дакле, тврдња М. Медића да је „и латиница писмо српског језика” тражи допуну: та латиница је планирана и састављена само за Хрвате,  не за Србе. А и зашто би била сачињена за Србе, када су Срби већ имали своје ћириличко писмо које је Вук реформисао? За језик свих Срба нико није ни наменио састављање латиничког писма.
Из тога не може да проистекне да је та хрватска латиница (гајица) изворно српско писмо. Гајица је за језик из Вукове реформе озваничена по Књижевном договору у Бечу (1850). Вук и Даничић су се на тексту Договора њоме потписали и тада су је званично одобрили за хрватску варијанту Вукове језичке реформе под инструкцијама Беча. Да су тада Вук и Даничић смели да кажу да српски језик има своје писмо (ћириличко, вуковицу) и да друго писмо није потребно ни том језику ни било ком другом у Европи, Бечки договор не би био потписан. Јер, царска Аустрија је већ вековима била позната по забрањивањима српске ћирилице и наметањима латинице Србима.
А то наметање латинице Србима успело је до данас 90 одсто тек онда када су комунистичке власти после 1954. године успеле да „убеде” Србе да се постепено замени ћирилица латиницом, јер је то питање важно за „братство-јединство” с Хрватима. Политички приморани, а слаби на „братство-јединство” с Хрватима, српске власти и лингвисти су удруженим снагама успели да званично формално по Новосадском договору (1954) „равноправну латиницу и ћирилицу” доведу до данашњег стања и у Србији у коме је 90 према 10 одсто за хрватску гајицу. Говорити сада да је то „писмо српског језика” и да је то и даље „богатство двоазбучја” значи само једно – пут до скорог стопостотног полатиничавања Срба и коначну промену српског културног и националног идентитета. То је пут српске културе најпре у хрватску поткултуру и један велики корак до асимилације и православних Срба.
Закључак је неизбежан. Латиница није никада била састављена и изабрана као општесрпско писмо, а смишљено је, попут Тројанског коња убачена преко Договора у Бечу, ради олакшаних притисака на Србе у правцу њиховог полатиничавања, покатоличавања и, коначно, асимиловања.
Језикословац  и књижевник
 
Прилози објављени у рубрици „Погледи” одражавају ставове аутора, не увек и уређивачку политику листа
 
</article-text><article-text-transliterated>
Povodom teksta Mileta Medića „I latinica je pismo srpskog jezika”, „Politika”, „Pogledi”, četvrtak, 6. decembra 2018.





I moja malenkost smatra da bi se, lingvistički gledano, moglo reći da su hrvatski jezikoslovci i političari, u svojoj mudrosti, pristali na prihvatanje Vukovog standardizovanog srpskog jezika za svoj književni jezik sredinom 19. veka. Hrvati su tada gledali unapred – od 1850. godine kada su Književnim dogovorom u Beču prihvatili srpski, Vukov/ski književni jezik – pa do 1992. godine, dakle, 150 godina unapred, kada im je uspelo da svoju nacionalnu ideju preko lažne jugoslovenske (Štrosmajerove) ideje i antisrpske u velikoj meri najpre Kraljevine Jugoslavije, a onda posebno uspešno preko Brozove komunističke Jugoslavije uzrastu kao poseban (dobro objedinjen) narod na varijanti Vukov(sk)og srpskog jezika i da stvore gotovo „čistu” nacionalnu državu koja sada, za razliku od 1850. godine kada su bili pod tuđom okupacijom, ima, tada nezamislivo, danas veliku teritoriju, ima narod koji je, u odnosu na Srbe, relativno dobro prošao kroz Prvi i Drugi svetski rat i da u njihovom „otadžbinskom ratu” devedesetih godina 20. veka stvore i svoj hrvatski jezik i da ga registruju s latiničkim pismom.
 Latinica je bila od početka, a i danas je pismo srpskog jezika, ali u hrvatskoj varijanti. Jer, Hrvati su hteli i mogli da ulaze u „zajednički jezik” sa Srbima samo pod uslovom da taj jezik pišu svojom latinicom. Na to su pristali i Vuk i Daničić. Dakle, tom hrvatskom latinicom (gajicom) može da se piše srpski jezik, ali to pismo izvorno niko nije sačinjavao za sve Srbe nego za Hrvate.
Dakle, tvrdnja M. Medića da je „i latinica pismo srpskog jezika” traži dopunu: ta latinica je planirana i sastavljena samo za Hrvate,  ne za Srbe. A i zašto bi bila sačinjena za Srbe, kada su Srbi već imali svoje ćiriličko pismo koje je Vuk reformisao? Za jezik svih Srba niko nije ni namenio sastavljanje latiničkog pisma.
Iz toga ne može da proistekne da je ta hrvatska latinica (gajica) izvorno srpsko pismo. Gajica je za jezik iz Vukove reforme ozvaničena po Književnom dogovoru u Beču (1850). Vuk i Daničić su se na tekstu Dogovora njome potpisali i tada su je zvanično odobrili za hrvatsku varijantu Vukove jezičke reforme pod instrukcijama Beča. Da su tada Vuk i Daničić smeli da kažu da srpski jezik ima svoje pismo (ćiriličko, vukovicu) i da drugo pismo nije potrebno ni tom jeziku ni bilo kom drugom u Evropi, Bečki dogovor ne bi bio potpisan. Jer, carska Austrija je već vekovima bila poznata po zabranjivanjima srpske ćirilice i nametanjima latinice Srbima.
A to nametanje latinice Srbima uspelo je do danas 90 odsto tek onda kada su komunističke vlasti posle 1954. godine uspele da „ubede” Srbe da se postepeno zameni ćirilica latinicom, jer je to pitanje važno za „bratstvo-jedinstvo” s Hrvatima. Politički primorani, a slabi na „bratstvo-jedinstvo” s Hrvatima, srpske vlasti i lingvisti su udruženim snagama uspeli da zvanično formalno po Novosadskom dogovoru (1954) „ravnopravnu latinicu i ćirilicu” dovedu do današnjeg stanja i u Srbiji u kome je 90 prema 10 odsto za hrvatsku gajicu. Govoriti sada da je to „pismo srpskog jezika” i da je to i dalje „bogatstvo dvoazbučja” znači samo jedno – put do skorog stopostotnog polatiničavanja Srba i konačnu promenu srpskog kulturnog i nacionalnog identiteta. To je put srpske kulture najpre u hrvatsku potkulturu i jedan veliki korak do asimilacije i pravoslavnih Srba.
Zaključak je neizbežan. Latinica nije nikada bila sastavljena i izabrana kao opštesrpsko pismo, a smišljeno je, poput Trojanskog konja ubačena preko Dogovora u Beču, radi olakšanih pritisaka na Srbe u pravcu njihovog polatiničavanja, pokatoličavanja i, konačno, asimilovanja.
Jezikoslovac  i književnik
 
Prilozi objavljeni u rubrici „Pogledi” odražavaju stavove autora, ne uvek i uređivačku politiku lista
 
</article-text-transliterated></article><comments><comments-count>9</comments-count><comments-list><comment comment-id="1"><comment-parent-id /><comment-text>A što ne izglasate zabranu latinice. Pa da dignemo duž granica zid visok najmanje 10 metara (bez kapija). Zaboravimo da postoji iko iza zida, pa da nas bog vidi tako pametne. Pošto Hrvati koriste latinicu, to automatski znači da mi ne smemo. Samo da vas obavestim, Hrvati jedu i hleb. Treba i to zabraniti? Pošto nam cveta cveće i prvi smo u Evropi po standardu, red je da se pozabavimo i pismom, pa da celom svetu nametnemo ćirilicu. Pa nismo mi Kinezi koji koriste latinicu kad neće svet da nauči njihovo pismo. Mi smo Srbi bre. Pa kad odete preko da radite kao velike patrote, ne odričite se ćirilice. I nemojte da vas zmija ujede da njihove formulare popunjavate latinicom. I ne progovarajte njihov jezik, nek traže prevodioca. Popustiće svet kad tad i preći na ćirilicu i srpski jezik. </comment-text><comment-text-transliterated>A što ne izglasate zabranu latinice. Pa da dignemo duž granica zid visok najmanje 10 metara (bez kapija). Zaboravimo da postoji iko iza zida, pa da nas bog vidi tako pametne. Pošto Hrvati koriste latinicu, to automatski znači da mi ne smemo. Samo da vas obavestim, Hrvati jedu i hleb. Treba i to zabraniti? Pošto nam cveta cveće i prvi smo u Evropi po standardu, red je da se pozabavimo i pismom, pa da celom svetu nametnemo ćirilicu. Pa nismo mi Kinezi koji koriste latinicu kad neće svet da nauči njihovo pismo. Mi smo Srbi bre. Pa kad odete preko da radite kao velike patrote, ne odričite se ćirilice. I nemojte da vas zmija ujede da njihove formulare popunjavate latinicom. I ne progovarajte njihov jezik, nek traže prevodioca. Popustiće svet kad tad i preći na ćirilicu i srpski jezik. </comment-text-transliterated></comment><comment comment-id="1-1"><comment-parent-id>1</comment-parent-id><comment-text>Bane L. је толико огорчен на Србе да му не ваља ни српски језик, ни српско писмо, ни то што Срби имају многе вредности као што су језик и писмо па да не морају да их позајмљухју од других народа макар за своје потребее у својој држави. Bane L. је толико огорчен на све што јее у Србији па кипти од сарказма. То нема граница. Успео је страшно да се изнервира што Срби желе у Србији да користе свој не само српски језик него и српско најсавршенијее писмо на свету.</comment-text><comment-text-transliterated>Bane L. je toliko ogorčen na Srbe da mu ne valja ni srpski jezik, ni srpsko pismo, ni to što Srbi imaju mnoge vrednosti kao što su jezik i pismo pa da ne moraju da ih pozajmljuhju od drugih naroda makar za svoje potrebee u svojoj državi. Bane L. je toliko ogorčen na sve što jee u Srbiji pa kipti od sarkazma. To nema granica. Uspeo je strašno da se iznervira što Srbi žele u Srbiji da koriste svoj ne samo srpski jezik nego i srpsko najsavršenijee pismo na svetu.</comment-text-transliterated></comment><comment comment-id="2"><comment-parent-id /><comment-text>То што Срби користе ћирилицу и латиницу тачно описује где је била граница између источног и западног римског царства. Људи са границе су увек знали више. Знати више ће увек бити предност у животу. Ко мисли да није тако остаће замрзнут у времену, простору и новчанику.</comment-text><comment-text-transliterated>To što Srbi koriste ćirilicu i latinicu tačno opisuje gde je bila granica između istočnog i zapadnog rimskog carstva. Ljudi sa granice su uvek znali više. Znati više će uvek biti prednost u životu. Ko misli da nije tako ostaće zamrznut u vremenu, prostoru i novčaniku.</comment-text-transliterated></comment><comment comment-id="2-1"><comment-parent-id>2</comment-parent-id><comment-text>Једно је знати више језика и писама, а сасвим је нешто друго убацити у свој правопис за писање свога језика и свакодневно спораз7мевањер два писма. У српском случају то је резултирало, неизбежно, смишљеном затирању српске ћирилице, убијање српског идентитета како би се не само Србокатолици него и Србоправославци асимиловали у католике. То, наравно, није само "теорија завере" него смишљене праксе проведене међу Србима и у Србији до данас 90 одсто. Губећи једну по једну српску вредност и прихватање туђег, Срби се расрбљују и (само)отуђују и, најзад, асимилују исписујзући се из Српства.</comment-text><comment-text-transliterated>Jedno je znati više jezika i pisama, a sasvim je nešto drugo ubaciti u svoj pravopis za pisanje svoga jezika i svakodnevno sporaz7mevanjer dva pisma. U srpskom slučaju to je rezultiralo, neizbežno, smišljenom zatiranju srpske ćirilice, ubijanje srpskog identiteta kako bi se ne samo Srbokatolici nego i Srbopravoslavci asimilovali u katolike. To, naravno, nije samo "teorija zavere" nego smišljene prakse provedene među Srbima i u Srbiji do danas 90 odsto. Gubeći jednu po jednu srpsku vrednost i prihvatanje tuđeg, Srbi se rasrbljuju i (samo)otuđuju i, najzad, asimiluju ispisujzući se iz Srpstva.</comment-text-transliterated></comment><comment comment-id="3"><comment-parent-id /><comment-text>Одличан чланак Драгољуба Збиљића као и карикатура Новице Коцић “од А до Ш“.
Наметнуто Латинично писмо треба изопштити из Србије.  Закон о званичном писму треба променити на предлог српских лингвиста и САНУ. Ћирилица треба да буде једино званично писмо у Србији. Не треба увести прохибицију Латинице у Србији али сви званичне документи натписи и књиге на српсом језику трба искључиво да буду писани ћирилицом. Не треба занемарити „сакату мобилну“ компјутерску Латиницу јер је средство ефикасне комуникације. Натписи радњи и панои су „хаос“ у Србији јер најгрубље нарушавају српски идентитет. Ћирилица је савршено писмо! То су нам Јапнски лингвисти констатовали још пре 50 година! Савршену Ћирилицу српска деца науче брже него било која друга деца на свету! Ћирилица је и питање опстанка Срба! Ћирилица је српски идентитет! Ћирилица треба да буде једино званично писмо у Србији, као руска азбука у русији или кинеско писмо тј. кинески карактери у кини! ЋИРИЛИЦА ЈЕ ЗАКОН ЗА СРБЕ И СРБИЈУ!</comment-text><comment-text-transliterated>Odličan članak Dragoljuba Zbiljića kao i karikatura Novice Kocić “od A do Š“.
Nametnuto Latinično pismo treba izopštiti iz Srbije.  Zakon o zvaničnom pismu treba promeniti na predlog srpskih lingvista i SANU. Ćirilica treba da bude jedino zvanično pismo u Srbiji. Ne treba uvesti prohibiciju Latinice u Srbiji ali svi zvanične dokumenti natpisi i knjige na srpsom jeziku trba isključivo da budu pisani ćirilicom. Ne treba zanemariti „sakatu mobilnu“ kompjutersku Latinicu jer je sredstvo efikasne komunikacije. Natpisi radnji i panoi su „haos“ u Srbiji jer najgrublje narušavaju srpski identitet. Ćirilica je savršeno pismo! To su nam Japnski lingvisti konstatovali još pre 50 godina! Savršenu Ćirilicu srpska deca nauče brže nego bilo koja druga deca na svetu! Ćirilica je i pitanje opstanka Srba! Ćirilica je srpski identitet! Ćirilica treba da bude jedino zvanično pismo u Srbiji, kao ruska azbuka u rusiji ili kinesko pismo tj. kineski karakteri u kini! ĆIRILICA JE ZAKON ZA SRBE I SRBIJU!</comment-text-transliterated></comment><comment comment-id="4"><comment-parent-id /><comment-text>Господине, бар нас удостојите имемом и презимемом, па макар било и лажно.За почетак, могли бисте подржати ћирилицу и писањем, а не вербално, јер вербална подршка се брзо изјалови.</comment-text><comment-text-transliterated>Gospodine, bar nas udostojite imemom i prezimemom, pa makar bilo i lažno.Za početak, mogli biste podržati ćirilicu i pisanjem, a ne verbalno, jer verbalna podrška se brzo izjalovi.</comment-text-transliterated></comment><comment comment-id="5"><comment-parent-id /><comment-text>Овом се приликом извињавам аутору. Дуго времена  сам сматрао да Збиљић користи као псеудоним. Заиста прелепо српско презиме... Обојица овде  дуже време бијемо битке са југославенима аутошовинистима кундк лалошима и осталим еуропејцима. Озбиљна је то екипа... пола је сачињавају ови који вековима раде на покрштавању нас а пола чине корисни идиоти... Честитка аутору на овој изјави..Јер се са овима не вреди више расправљати. Изјавити јако и гласно .Латиница гајевица је тројански коњ..</comment-text><comment-text-transliterated>Ovom se prilikom izvinjavam autoru. Dugo vremena  sam smatrao da Zbiljić koristi kao pseudonim. Zaista prelepo srpsko prezime... Obojica ovde  duže vreme bijemo bitke sa jugoslavenima autošovinistima kundk lalošima i ostalim europejcima. Ozbiljna je to ekipa... pola je sačinjavaju ovi koji vekovima rade na pokrštavanju nas a pola čine korisni idioti... Čestitka autoru na ovoj izjavi..Jer se sa ovima ne vredi više raspravljati. Izjaviti jako i glasno .Latinica gajevica je trojanski konj..</comment-text-transliterated></comment><comment comment-id="6"><comment-parent-id /><comment-text>Aman ljudi manite se više prepucavanja oko latinice i ćirilice. Valjda je jasno da je činjenica da imamo dva pisma veliki benefit i bogatstvo. Poštujmo, štitimo i koristimo i jedno i drugo i što je najbitnije učimo decu oba pisma zato što je to dobro i praktično. Svako dete danas uči neki strani jezik i moraće da nauči latinicu ovako ili onako. Mnogo je bolje da to pismo uči kroz svoj jezik naravno uz našu ćirilicu kojoj treba dati prednost u upotrebi u školi i zvaničnim dokumentima ali ništa dalje od toga. Dakle nisam protiv mera očuvanja i zaštite ćirilice ali molim Vas činite to pozitivnom afirmacijom iste, a ne tupavim nacionalističkim etiketiranjem latinice kao "hrvatskog trojanskog konja". Ja ništa gluplje odavno nisam pročitao i ova konstatacija ne da me nije podstakla da više koristim ćirilicu, već naprotiv, rastužilo me kakvi ljudi brane tako bitnu društvenu vrednost našeg naroda i u kojoj meri ne razumeju bogatstvo pluralizma kulturnih uticaja koje ovaj narod i država poseduju.</comment-text><comment-text-transliterated>Aman ljudi manite se više prepucavanja oko latinice i ćirilice. Valjda je jasno da je činjenica da imamo dva pisma veliki benefit i bogatstvo. Poštujmo, štitimo i koristimo i jedno i drugo i što je najbitnije učimo decu oba pisma zato što je to dobro i praktično. Svako dete danas uči neki strani jezik i moraće da nauči latinicu ovako ili onako. Mnogo je bolje da to pismo uči kroz svoj jezik naravno uz našu ćirilicu kojoj treba dati prednost u upotrebi u školi i zvaničnim dokumentima ali ništa dalje od toga. Dakle nisam protiv mera očuvanja i zaštite ćirilice ali molim Vas činite to pozitivnom afirmacijom iste, a ne tupavim nacionalističkim etiketiranjem latinice kao "hrvatskog trojanskog konja". Ja ništa gluplje odavno nisam pročitao i ova konstatacija ne da me nije podstakla da više koristim ćirilicu, već naprotiv, rastužilo me kakvi ljudi brane tako bitnu društvenu vrednost našeg naroda i u kojoj meri ne razumeju bogatstvo pluralizma kulturnih uticaja koje ovaj narod i država poseduju.</comment-text-transliterated></comment><comment comment-id="6-1"><comment-parent-id>6</comment-parent-id><comment-text>АУУУ! Много сте нам Ви, гдине yrrafпре, којега у српству и писању српског језика српским писмом може ад поколеба један "српски националиста" који зна да хрватска латиница нити је сачињавана за Србе нити може ни у којем случају да буде српска. И који, тај за Вас "српски националиста сматра да је за Србе понижење ад пишу туђим писмом свој језик, кад већ имају своеје савршено писмо по тврдњи и наших и страних стручњака за ту област.</comment-text><comment-text-transliterated>AUUU! Mnogo ste nam Vi, gdine yrrafpre, kojega u srpstvu i pisanju srpskog jezika srpskim pismom može ad pokoleba jedan "srpski nacionalista" koji zna da hrvatska latinica niti je sačinjavana za Srbe niti može ni u kojem slučaju da bude srpska. I koji, taj za Vas "srpski nacionalista smatra da je za Srbe poniženje ad pišu tuđim pismom svoj jezik, kad već imaju svoeje savršeno pismo po tvrdnji i naših i stranih stručnjaka za tu oblast.</comment-text-transliterated></comment></comments-list></comments></document>