<?xml version="1.0" encoding="utf-8"?>
<document global-id="sr-01-1049">
	<url>http://www.politika.rs/scc/clanak/322267/%D0%9A%D0%B0%D0%BF-%D1%81%D1%80%D0%B5%D1%9B%D0%B5-%D0%BE%D0%BA%D0%B5%D0%B0%D0%BD-%D1%82%D1%83%D0%B3%D0%B5</url>
	<source-id>sr-01</source-id>
	<local-id>1049</local-id>
	<source-name>Politika</source-name>
	<article>
		<article-title>Кап среће, океан туге</article-title>
		<article-title-transliterated>Kap sreće, okean tuge</article-title-transliterated>
		<article-time>2015-03-19</article-time>
		<article-author>Dubravka Lakić</article-author>
		<article-text>Историја покретних слика бележи многе сјајне филмове на важне теме и са важним порукама, чије су приче испричане из визуре деце. Тренутно ми на памет падају примери Кустуричиног „Оца на службеном путу”, Кијаростамијевог „Где је кућа мога друга”, Панахијевог „Белог балона” или Маџидијевих филмова „Деца раја”, „Боје раја” и „Отац”... Један од светлих примера овакве врсте филма, без сумње је и „Енклава” сценаристе и редитеља Горана Радовановића.
Радовановић тематизује сву тежину живота српских заједница, које после не тако давних ратних сукоба и погрома на Косову и Метохији живе у малим, изолованим просторима – енклавама и о томе прича из визуре српске и албанске деце. Са пуном снагом, правом мером и дирљивом хуманошћу.
Драма је у сваком филму и већа и јача и снажније боли уколико се све категорије које постоје у свету одраслих преламају кроз очи дечијих ликова. И емоције су тада у гледалишту појачане, а у свему томе прикривено леже и све оне замке проклизавања филма у патетику. Радовановић је то у „Енклави” зналачки избегао сигурним вођењем деце-глумаца (и читаве глумачке екипе) и зрело постављеном драматургијом која децентно, а убедљиво прати мелодрамску линију радње, указујући и на узроке и последице неповерења и насиља.
Уз пуну ауторску одговорност, са великим сензибилитетом, естетски префињено, Радовановић заједно са својим маленим филмским јунацима, али и са гледаоцима филма, урања у свет свакодневне животне несигурности у својеврсном гету, јединственом данас у Европи. У свет деце повређеног детињства, принуђене да прерано одрасту. У осами, без пријатеља, очима упртих у свет одраслих који их постепено уче и мржњи и страху, осећањима која деци нису природна.
У том и таквом свету владају ограничено кретање, превоз до школа и порушених гробаља и цркава у мрачним и тескобним утробама Кфорових оклопних транспортера, свакодневни проблеми са комшијама Албанцима... Ту одраста малени Ненад (Филип Шубарић), уз оца Воју који своју тешку муку лечи алкохолом (Небојша Глоговац), уз деду Милутина на самрти (Мето Јовановски) кога сматра најбољим пријатељем, јер другог нема, и уз свакодневно присуство јединог преосталог свештеника (Миодраг Кривокапић) који би на згаришту да подигне нову цркву.
Ништа мање усамљен није ни албански чобанчић (Денис Мурић) из суседног села, који без оца одраста иза високих зидина рођачке куће, пуне оружја, нетрпељивости и жеље за осветом. Ту су још два албанска дечака (Ненад Станојковић, Милан Секулић), који свакодневно камницама добују по Кфоровом транспортеру, док је Ненад у њему, али не из мржње већ из дечије љубоморе. И они би вожњу транспортером, али нису Срби и једина шанса да задовоље своју жељу јесте да Ненад ургира за њих. Деца лако нађу заједнички језик...
Тај наоко једноставан заплет филма изнеће на површину сву тежину, сложеност и трагичност живота на КиМ. Радовановић постепено уводи и друге ликове – Ненадову тетку Милицу (Аница Добра) која из Београда долази да сахрани оца, возача аутобуса (Ненад Јездић) који стоички издржава и сопствено и малтретирање својих путника, српског припадника косовске полиције (Горан Радовановић), немачку представницу Еулекса... – и тако шири свеопшту слику и једног простора и једног времена, водећи сигурно и чврсто филм до самог краја. До Ненадовог избегличког сусрета са убрзаним, скоројевићким и саможивим Београдом, у коме ће му одмах пришити надимак Шиптар. И до његовог новог школског састава на тему најбољи пријатељ, када ће му пред очи искрснути лик албанског чобанчића који му је спасао живот, а који је сада далеко...
„Енклава” – са маестралном фотографијом немачког сниматеља Аксела Шнепата која је један од носећих елемената филма, са префињеним монтажним резовима Андрије Зафрановића, сценографијом Владислава Лашића и функционалном музиком Елени Караиндру и Ирене Поповић – јесте и филм модерног и динамичног филмског језика, изванредно одабраних глумаца (виде се ту прсти искусног кастинг директора Бобана Дедеића). Јесте и филм у којем је Горан Радовановић своја документаристичко-филмска искуства вешто имплементирао у визуелно-поетско играно филмско дело, које нуди могућност катарзе, указује на могућност опроста и помирења.
„Енклава” је и филм у којем је кап среће мала, а океан туге велики. Али, та туга није она што ломи, већ освешћује, прочишћава и исцељује. Уколико јој то дозволите.</article-text>
		<article-text-transliterated>Istorija pokretnih slika beleži mnoge sjajne filmove na važne teme i sa važnim porukama, čije su priče ispričane iz vizure dece. Trenutno mi na pamet padaju primeri Kusturičinog „Oca na službenom putu”, Kijarostamijevog „Gde je kuća moga druga”, Panahijevog „Belog balona” ili Madžidijevih filmova „Deca raja”, „Boje raja” i „Otac”... Jedan od svetlih primera ovakve vrste filma, bez sumnje je i „Enklava” scenariste i reditelja Gorana Radovanovića.
Radovanović tematizuje svu težinu života srpskih zajednica, koje posle ne tako davnih ratnih sukoba i pogroma na Kosovu i Metohiji žive u malim, izolovanim prostorima – enklavama i o tome priča iz vizure srpske i albanske dece. Sa punom snagom, pravom merom i dirljivom humanošću.
Drama je u svakom filmu i veća i jača i snažnije boli ukoliko se sve kategorije koje postoje u svetu odraslih prelamaju kroz oči dečijih likova. I emocije su tada u gledalištu pojačane, a u svemu tome prikriveno leže i sve one zamke proklizavanja filma u patetiku. Radovanović je to u „Enklavi” znalački izbegao sigurnim vođenjem dece-glumaca (i čitave glumačke ekipe) i zrelo postavljenom dramaturgijom koja decentno, a ubedljivo prati melodramsku liniju radnje, ukazujući i na uzroke i posledice nepoverenja i nasilja.
Uz punu autorsku odgovornost, sa velikim senzibilitetom, estetski prefinjeno, Radovanović zajedno sa svojim malenim filmskim junacima, ali i sa gledaocima filma, uranja u svet svakodnevne životne nesigurnosti u svojevrsnom getu, jedinstvenom danas u Evropi. U svet dece povređenog detinjstva, prinuđene da prerano odrastu. U osami, bez prijatelja, očima uprtih u svet odraslih koji ih postepeno uče i mržnji i strahu, osećanjima koja deci nisu prirodna.
U tom i takvom svetu vladaju ograničeno kretanje, prevoz do škola i porušenih grobalja i crkava u mračnim i teskobnim utrobama Kforovih oklopnih transportera, svakodnevni problemi sa komšijama Albancima... Tu odrasta maleni Nenad (Filip Šubarić), uz oca Voju koji svoju tešku muku leči alkoholom (Nebojša Glogovac), uz dedu Milutina na samrti (Meto Jovanovski) koga smatra najboljim prijateljem, jer drugog nema, i uz svakodnevno prisustvo jedinog preostalog sveštenika (Miodrag Krivokapić) koji bi na zgarištu da podigne novu crkvu.
Ništa manje usamljen nije ni albanski čobančić (Denis Murić) iz susednog sela, koji bez oca odrasta iza visokih zidina rođačke kuće, pune oružja, netrpeljivosti i želje za osvetom. Tu su još dva albanska dečaka (Nenad Stanojković, Milan Sekulić), koji svakodnevno kamnicama dobuju po Kforovom transporteru, dok je Nenad u njemu, ali ne iz mržnje već iz dečije ljubomore. I oni bi vožnju transporterom, ali nisu Srbi i jedina šansa da zadovolje svoju želju jeste da Nenad urgira za njih. Deca lako nađu zajednički jezik...
Taj naoko jednostavan zaplet filma izneće na površinu svu težinu, složenost i tragičnost života na KiM. Radovanović postepeno uvodi i druge likove – Nenadovu tetku Milicu (Anica Dobra) koja iz Beograda dolazi da sahrani oca, vozača autobusa (Nenad Jezdić) koji stoički izdržava i sopstveno i maltretiranje svojih putnika, srpskog pripadnika kosovske policije (Goran Radovanović), nemačku predstavnicu Euleksa... – i tako širi sveopštu sliku i jednog prostora i jednog vremena, vodeći sigurno i čvrsto film do samog kraja. Do Nenadovog izbegličkog susreta sa ubrzanim, skorojevićkim i samoživim Beogradom, u kome će mu odmah prišiti nadimak Šiptar. I do njegovog novog školskog sastava na temu najbolji prijatelj, kada će mu pred oči iskrsnuti lik albanskog čobančića koji mu je spasao život, a koji je sada daleko...
„Enklava” – sa maestralnom fotografijom nemačkog snimatelja Aksela Šnepata koja je jedan od nosećih elemenata filma, sa prefinjenim montažnim rezovima Andrije Zafranovića, scenografijom Vladislava Lašića i funkcionalnom muzikom Eleni Karaindru i Irene Popović – jeste i film modernog i dinamičnog filmskog jezika, izvanredno odabranih glumaca (vide se tu prsti iskusnog kasting direktora Bobana Dedeića). Jeste i film u kojem je Goran Radovanović svoja dokumentarističko-filmska iskustva vešto implementirao u vizuelno-poetsko igrano filmsko delo, koje nudi mogućnost katarze, ukazuje na mogućnost oprosta i pomirenja.
„Enklava” je i film u kojem je kap sreće mala, a okean tuge veliki. Ali, ta tuga nije ona što lomi, već osvešćuje, pročišćava i isceljuje. Ukoliko joj to dozvolite.</article-text-transliterated>
	</article>
	<comments>
		<comments-count>4</comments-count>
		<comments-list>
			<comment comment-id="1">
				<comment-parent-id/>
				<comment-text>Pogledala sam film u bioskopu i ponosna sam na to ! Filmu ne bih dala epitet-neverovatan, bas naprotiv, film je realan, dozivela sam ga jako emotivno jer mi je svaka sekunda radnje filma jasna ! Svaki normalan covek koji je zeljan edukacije i razumevanja zivota treba da pogleda ovaj film ! Svaka cast reziseru i glumcima.</comment-text>
				<comment-text-transliterated>Pogledala sam film u bioskopu i ponosna sam na to ! Filmu ne bih dala epitet-neverovatan, bas naprotiv, film je realan, dozivela sam ga jako emotivno jer mi je svaka sekunda radnje filma jasna ! Svaki normalan covek koji je zeljan edukacije i razumevanja zivota treba da pogleda ovaj film ! Svaka cast reziseru i glumcima.</comment-text-transliterated>
			</comment>
			<comment comment-id="2">
				<comment-parent-id/>
				<comment-text>Izvanredan tekst.  Bas ste nam docarali film i rodili zelju da ga odmah pogledamo.  Ne zmam kada cemo mi, koji zive preko okeana, biti u situaci da ga vide sam ako ga nema na internetu.</comment-text>
				<comment-text-transliterated>Izvanredan tekst.  Bas ste nam docarali film i rodili zelju da ga odmah pogledamo.  Ne zmam kada cemo mi, koji zive preko okeana, biti u situaci da ga vide sam ako ga nema na internetu.</comment-text-transliterated>
			</comment>
			<comment comment-id="3">
				<comment-parent-id/>
				<comment-text>Филм је потресна прича о нестварно суровој стварности нашег народа на Косову и Метохији  и нашој, која није склизнула у јефтину националну острашћеност, већ носи хуману поруку у којој има места за непролазне људске вредности, какве су љубав, искреност, помирење...
 Филм сам одгледао породично. Деца и одрасли Филм би неизоставно требало да виде.</comment-text>
				<comment-text-transliterated>Film je potresna priča o nestvarno surovoj stvarnosti našeg naroda na Kosovu i Metohiji  i našoj, koja nije skliznula u jeftinu nacionalnu ostrašćenost, već nosi humanu poruku u kojoj ima mesta za neprolazne ljudske vrednosti, kakve su ljubav, iskrenost, pomirenje...
 Film sam odgledao porodično. Deca i odrasli Film bi neizostavno trebalo da vide.</comment-text-transliterated>
			</comment>
			<comment comment-id="4">
				<comment-parent-id/>
				<comment-text>Fantastican novinarski tekst Dubravke Lakic. Poziv da se pogleda film jer je tako majstorski opisan.
 Hvala joj na tome</comment-text>
				<comment-text-transliterated>Fantastican novinarski tekst Dubravke Lakic. Poziv da se pogleda film jer je tako majstorski opisan.
 Hvala joj na tome</comment-text-transliterated>
			</comment>
		</comments-list>
	</comments>
</document>
