<document global-id="sr-01-1446"><url>http://www.politika.rs/scc/clanak/353640/%D0%9C%D0%B8%D1%82-%D0%B4%D0%B0-%D1%98%D0%B5-%D1%86%D1%80%D0%BD%D0%BE%D0%B3%D0%BE%D1%80%D1%81%D0%BA%D0%B8-%D1%98%D0%B5%D0%B7%D0%B8%D0%BA-%D0%B0%D1%83%D1%82%D0%BE%D1%85%D1%82%D0%BE%D0%BD</url><source-id>sr-01</source-id><local-id>sr-01-1446</local-id><source-name>Politika</source-name><article><article-title>Мит да је црногорски језик аутохтон</article-title><article-title-transliterated>Mit da je crnogorski jezik autohton</article-title-transliterated><article_time>2016-04-22</article_time><article-author>Novica Đurić</article-author><article-text>
Подгорица – Језичке политике у државама бивше Југославије су националистичке, студенти монтенегристике у Црној Гори уче митове, а не научне истине, док Факултет за црногорски језик на Цетињу „ствара болесне људе”, саопштила је професорка Филолошког факултета Универзитета Црне Горе Рајка Глушица на првој регионалној конференцији „Језици и национализам” која је одржана у подгоричком Центру за грађанско образовање.
Глушица је један од најугледнијих професора на Филолошком факултету и била је међу првим заговорницима да се српски језик преименује у црногорски, али без „нових слова и језичке присиле попут насилног јотовања и оних речи које то никада нису могле ни бити”. 
„Језичке политике у државама након Југославије су националистичке”, оценила је у уводном излагању Глушица.
Она је рекла како је добро изучила митове на којима почива национализам и да је експерт за црногорски национализам. Говорећи о новоформираном Факултету за црногорски језик на Цетињу, где је Аднан Чиргић декан и први доктор црногорског језика који је без дана професорског стажа добио то звање оснивањем овог факултета, она је казала да се на том факултету „школују болесни људи”.
„Мит је да је црногорски језик аутохтон, да ми немамо никакве везе са осталим јужнословенским народима и да водимо порекло из источне Немачке. Све је измишљотина и све то читамо у књигама. То је смешно”, рекла је она.
Глушица је веома негативно говорила о активностима „кадра” Факултета за црногорски језик на Цетињу и оценила га „веома опасним”.
„Студенти ће тамо уместо научних чињеница учити националистичке митове и ми ћемо сутра имати болесне људе”, поручила је она. „Свака образовна институција мора почивати на научним истинама.”
</article-text><article-text-transliterated>
Podgorica – Jezičke politike u državama bivše Jugoslavije su nacionalističke, studenti montenegristike u Crnoj Gori uče mitove, a ne naučne istine, dok Fakultet za crnogorski jezik na Cetinju „stvara bolesne ljude”, saopštila je profesorka Filološkog fakulteta Univerziteta Crne Gore Rajka Glušica na prvoj regionalnoj konferenciji „Jezici i nacionalizam” koja je održana u podgoričkom Centru za građansko obrazovanje.
Glušica je jedan od najuglednijih profesora na Filološkom fakultetu i bila je među prvim zagovornicima da se srpski jezik preimenuje u crnogorski, ali bez „novih slova i jezičke prisile poput nasilnog jotovanja i onih reči koje to nikada nisu mogle ni biti”. 
„Jezičke politike u državama nakon Jugoslavije su nacionalističke”, ocenila je u uvodnom izlaganju Glušica.
Ona je rekla kako je dobro izučila mitove na kojima počiva nacionalizam i da je ekspert za crnogorski nacionalizam. Govoreći o novoformiranom Fakultetu za crnogorski jezik na Cetinju, gde je Adnan Čirgić dekan i prvi doktor crnogorskog jezika koji je bez dana profesorskog staža dobio to zvanje osnivanjem ovog fakulteta, ona je kazala da se na tom fakultetu „školuju bolesni ljudi”.
„Mit je da je crnogorski jezik autohton, da mi nemamo nikakve veze sa ostalim južnoslovenskim narodima i da vodimo poreklo iz istočne Nemačke. Sve je izmišljotina i sve to čitamo u knjigama. To je smešno”, rekla je ona.
Glušica je veoma negativno govorila o aktivnostima „kadra” Fakulteta za crnogorski jezik na Cetinju i ocenila ga „veoma opasnim”.
„Studenti će tamo umesto naučnih činjenica učiti nacionalističke mitove i mi ćemo sutra imati bolesne ljude”, poručila je ona. „Svaka obrazovna institucija mora počivati na naučnim istinama.”
</article-text-transliterated></article><comments><comments-count>5</comments-count><comments-list><comment comment-id="1"><comment-parent-id /><comment-text>Све има свој узрок и последицу. Узрок је у томе што су се многи непријатељи удруживали против Срба и Срби су постали они који много воле да мењају своје име, да се преименовљавају. Непријатељи су много помагали у преименовљавању Срба, а због таквих удружених, често, затирачких спољних притисака Срби последично настоје да побегну од себе самих и да се тако "усреће", "спасу", обезбеде живот и хлеб. Ако може, са шпто мање рада и реда.</comment-text><comment-text-transliterated>Sve ima svoj uzrok i posledicu. Uzrok je u tome što su se mnogi neprijatelji udruživali protiv Srba i Srbi su postali oni koji mnogo vole da menjaju svoje ime, da se preimenovljavaju. Neprijatelji su mnogo pomagali u preimenovljavanju Srba, a zbog takvih udruženih, često, zatiračkih spoljnih pritisaka Srbi posledično nastoje da pobegnu od sebe samih i da se tako "usreće", "spasu", obezbede život i hleb. Ako može, sa špto manje rada i reda.</comment-text-transliterated></comment><comment comment-id="2"><comment-parent-id /><comment-text>Ako Crnogorac krene od Bugarske granice do Trsta, on ce razumeti sve ljude koje usput sretne i svi ti ljudi ce njega savrseno, 100 % razumeti. Moglo bi se reci da svi ti ljudi govore isti jezik, ali ga svuda razlicito nazivaju. </comment-text><comment-text-transliterated>Ako Crnogorac krene od Bugarske granice do Trsta, on ce razumeti sve ljude koje usput sretne i svi ti ljudi ce njega savrseno, 100 % razumeti. Moglo bi se reci da svi ti ljudi govore isti jezik, ali ga svuda razlicito nazivaju. </comment-text-transliterated></comment><comment comment-id="3"><comment-parent-id /><comment-text>U CG bi trebalo da postoje samo dva autohtona jezika, koji govore dva naroda u CG: Albanski jezik sa kojima su saracenski pirati (gusari) u 11 veku dosli u CG i ruski jezik koji su govorili Tatarski Bugari kada su u 15 veku migrirali, bezeci od Turaka. Drugih jezika nikada nije bilo u CG ako zaboravimo na Rome.</comment-text><comment-text-transliterated>U CG bi trebalo da postoje samo dva autohtona jezika, koji govore dva naroda u CG: Albanski jezik sa kojima su saracenski pirati (gusari) u 11 veku dosli u CG i ruski jezik koji su govorili Tatarski Bugari kada su u 15 veku migrirali, bezeci od Turaka. Drugih jezika nikada nije bilo u CG ako zaboravimo na Rome.</comment-text-transliterated></comment><comment comment-id="4"><comment-parent-id /><comment-text>Pitanje za profesorku i ostale Crnogorce: "Da li bi vladika Rade ,kada bi oziveo fizicki, imao sansu da se zaposli na tom " fakultetu" na Cetinju bar u biblioteci"? Sramota je sto se cini sa jezikom u Crnoj Gori!</comment-text><comment-text-transliterated>Pitanje za profesorku i ostale Crnogorce: "Da li bi vladika Rade ,kada bi oziveo fizicki, imao sansu da se zaposli na tom " fakultetu" na Cetinju bar u biblioteci"? Sramota je sto se cini sa jezikom u Crnoj Gori!</comment-text-transliterated></comment><comment comment-id="5"><comment-parent-id /><comment-text>A bogami, i ime joj čisto crnogorsko! Ništa na ovim balkanskim prostorima nije slučajno. Naprimer; Srbi su sami sebi, najveći neprijatelji. Uvek rade u korist sopstvene štete. Najgore, izmišljau kojekave nacije i nacionalnosti....</comment-text><comment-text-transliterated>A bogami, i ime joj čisto crnogorsko! Ništa na ovim balkanskim prostorima nije slučajno. Naprimer; Srbi su sami sebi, najveći neprijatelji. Uvek rade u korist sopstvene štete. Najgore, izmišljau kojekave nacije i nacionalnosti....</comment-text-transliterated></comment></comments-list></comments></document>