<document global-id="sr-01-1360"><url>http://www.politika.rs/scc/clanak/419558/%D0%9C%D0%B0%D0%BD%D0%B3%D1%83%D0%BF%D1%81%D0%BA%D0%B8-%D0%B3%D0%BE%D0%B2%D0%BE%D1%80-%D1%81%D1%82%D0%B0%D1%80%D0%B8%D1%85-%D0%BF%D0%BE%D0%B4%D1%80%D0%B8%D1%9A%D1%81%D0%BA%D0%B8%D1%85-%D0%B3%D1%80%D0%B0%D0%B4%D0%B8%D1%82%D0%B5%D1%99%D0%B0</url><source-id>sr-01</source-id><local-id>sr-01-1360</local-id><source-name>Politika</source-name><article><article-title>Мангупски говор старих подрињских градитеља</article-title><article-title-transliterated>Mangupski govor starih podrinjskih graditelja</article-title-transliterated><article_time>2019-01-03</article_time><article-author>Mladen Kremenović</article-author><article-text>
Од нашег сталног дописника
Бањалука – Осат, поднебље око Сребренице и Братунца и тог дела Подриња, крајем осамнаестог века дала је изузетне неимаре који су иза себе оставили колевку српског градитељства. Тамо су се рађали врсни мајстори, који су, иако су углавном остали непознати, иза себе оставили завештање у дрвету и камену, чувене куће – осаћанке, које се називају и српским кућама, најчешће здања од брвана над подрумима од камена.
„Мангупска” довитљивост ових мајстора донела је још једну посебност – осаћански говор. Неки су га називали и дунђерским, јер су и тако ословљавали те мајсторе, мада су га сами творци – којима је дато и име „бањаци” – звали и бањачким говором.
Неимари су, наиме, понекад желели да остану неразумљиви околини, а најпре својим „газдама”, најчешће Турцима. Некада је, на пример, требало покудити сервирани ручак, али и изрећи понеку „лепу реч” на рачун газдарице или њене нове хаљине. Како то изговорити а да остали у домаћинству не разумеју? Тајни језик је настао извртањем српских речи и коришћењем туђица из немачког и турског језика.
Неимари из Осата изградили су хиљаде чувених кућа од дрвета и камена, такозване осаћанке. Подизали су и магазе, зграде, колибе, стотине цркава брвнара, а касније и џамија. Ипак, из анонимности их извлачи тек понеки запис остао на таваницама или вратима храмова.
О њима се стога данас мало зна. Њихових је кућа највише у Србији, има их и по Подрињу, на истоку Републике Српске и БиХ, али и Црној Гори. Кућа кнеза Милоша Обреновића у Горњој Црнући, знаменита и по томе што је у њој донета одлука о подизању Другог српског устанка, црква брвнара код Ваљева или слична тој богомоља у Дубу код Бајине Баште само су неки од хиљада примера осаћанског градитељства.
На „бауштелу” ондашњи су мајстори из Подриња углавном одлазили у Србију, скупљајући се у Ваљеву. Прича се да је одлазак мајстора око Ђурђевдана био посебна свечаност, својеврсни испраћај, као слава. Одлазило се сваке године с почетка грађевинске сезоне. Стотине градитеља селило се у Србију на привремени рад, кући се враћајући с јесени, око Митровдана.
Кров на четири воде њихов је изум, а њихове куће најчешће су имале улазна и излазна врата. Како се приповеда, разлог за то је то што се у Подрињу увек од неке силе морало бежати, па су друга врата служила за „злу не требало”.
Бањачки говор познају и њихови потомци, има ту и данас понеки врстан занатлија. Нису у том крају ретки они који се и данас нашале изговарајући другима непознате речи.
Ту посебност Влада РС намерава кандидовати за листу Унеска како би заштитила то културно наслеђе. Српски историчари уметности су скретали пажњу на то да се због запостављања истраживања овог традиционалног градитељства остаје без великог броја ових раритета који би могли бити туристичко чудо. Они који су истраживали осаћанско градитељство објашњавали су да је реч о данас већ митским мајсторима који су обнављали спаљену и порушену Србију и Босну почетком и крајем осамнаестог века, па све до краја двадесетог. Били су, како се то писало, градитељи какве Европа није упознала.
У последњих неколико година поново је у моди осаћанско неимарство, за шта је пример Мећавник Емира Кустурице. О људима вештих руку, који нису волели ратове, и који су обогатили градитељство Босне, централне и западне Србије писао је и Иво Андрић, у приповеци „Осатичани”, и Вук Караџић, у првом издању „Српског рјечника”.
„Осаћани су градитељи и знаменитих кнежевских конака, кућа нахијских кнезова, локалних старешина, као и стамбених грађевина чији је власник био кнез Милош Обреновић. Такође, они су подизали објекте исламске вероисповести, џамије, текије, медресе, а посебно су познати као градитељи џамија са дрвеном мунаром. Најзад, они су остали познати и по чувеном бањалучком неимарском говору којим су се на градилиштима служили, и који други, осим њих нису разумели”, наводи се на сајту Музеја Муниципијума малвесијатијума у Скеланима.
Овај тајни језик био је „мушка ствар”, жене ових мајстора га нису разумеле. Упозорава се да овај говор изумире јер се број градитеља у Осату смањивао деценијама.
Свој тајни говор користили су у споразумевању у печалби да би указали на неке проблеме, грешке у раду, на потребе, жеље и намере, али и да предухитре одређене претње и опасности и преваре на које су наилазили.
Тај говор није имао своје писмо, граматику и норме. О настанку и развоју овог говора нема готово никаквих писаних трагова, развијао се и преносио с колена на колено, као што се и неимарство преносило и учило.
Примери осаћанског говора
Ницкам фолињати чкоји чешљо – Немој да причаш, долази жандарм
Наханио сам пјевача, па ми се покачио бураћ – Најео сам се пасуља, па ме заболео стомак
Ђе ти тажи трем – Где ти је човек
Отремчити се – Оженити се
цкамно – ружно
вајза – девојка
скаман кулџо – лош газда
шумна треја – привлачна жена
чагрље – кола
тирита с фантаре – капа
ханован – гладан
скаман анеж – лоша храна
ташанче – јаје
булумбаћи – кромпири
гарача – кафа
букуљче – теле
</article-text><article-text-transliterated>
Od našeg stalnog dopisnika
Banjaluka – Osat, podneblje oko Srebrenice i Bratunca i tog dela Podrinja, krajem osamnaestog veka dala je izuzetne neimare koji su iza sebe ostavili kolevku srpskog graditeljstva. Tamo su se rađali vrsni majstori, koji su, iako su uglavnom ostali nepoznati, iza sebe ostavili zaveštanje u drvetu i kamenu, čuvene kuće – osaćanke, koje se nazivaju i srpskim kućama, najčešće zdanja od brvana nad podrumima od kamena.
„Mangupska” dovitljivost ovih majstora donela je još jednu posebnost – osaćanski govor. Neki su ga nazivali i dunđerskim, jer su i tako oslovljavali te majstore, mada su ga sami tvorci – kojima je dato i ime „banjaci” – zvali i banjačkim govorom.
Neimari su, naime, ponekad želeli da ostanu nerazumljivi okolini, a najpre svojim „gazdama”, najčešće Turcima. Nekada je, na primer, trebalo pokuditi servirani ručak, ali i izreći poneku „lepu reč” na račun gazdarice ili njene nove haljine. Kako to izgovoriti a da ostali u domaćinstvu ne razumeju? Tajni jezik je nastao izvrtanjem srpskih reči i korišćenjem tuđica iz nemačkog i turskog jezika.
Neimari iz Osata izgradili su hiljade čuvenih kuća od drveta i kamena, takozvane osaćanke. Podizali su i magaze, zgrade, kolibe, stotine crkava brvnara, a kasnije i džamija. Ipak, iz anonimnosti ih izvlači tek poneki zapis ostao na tavanicama ili vratima hramova.
O njima se stoga danas malo zna. Njihovih je kuća najviše u Srbiji, ima ih i po Podrinju, na istoku Republike Srpske i BiH, ali i Crnoj Gori. Kuća kneza Miloša Obrenovića u Gornjoj Crnući, znamenita i po tome što je u njoj doneta odluka o podizanju Drugog srpskog ustanka, crkva brvnara kod Valjeva ili slična toj bogomolja u Dubu kod Bajine Bašte samo su neki od hiljada primera osaćanskog graditeljstva.
Na „bauštelu” ondašnji su majstori iz Podrinja uglavnom odlazili u Srbiju, skupljajući se u Valjevu. Priča se da je odlazak majstora oko Đurđevdana bio posebna svečanost, svojevrsni ispraćaj, kao slava. Odlazilo se svake godine s početka građevinske sezone. Stotine graditelja selilo se u Srbiju na privremeni rad, kući se vraćajući s jeseni, oko Mitrovdana.
Krov na četiri vode njihov je izum, a njihove kuće najčešće su imale ulazna i izlazna vrata. Kako se pripoveda, razlog za to je to što se u Podrinju uvek od neke sile moralo bežati, pa su druga vrata služila za „zlu ne trebalo”.
Banjački govor poznaju i njihovi potomci, ima tu i danas poneki vrstan zanatlija. Nisu u tom kraju retki oni koji se i danas našale izgovarajući drugima nepoznate reči.
Tu posebnost Vlada RS namerava kandidovati za listu Uneska kako bi zaštitila to kulturno nasleđe. Srpski istoričari umetnosti su skretali pažnju na to da se zbog zapostavljanja istraživanja ovog tradicionalnog graditeljstva ostaje bez velikog broja ovih rariteta koji bi mogli biti turističko čudo. Oni koji su istraživali osaćansko graditeljstvo objašnjavali su da je reč o danas već mitskim majstorima koji su obnavljali spaljenu i porušenu Srbiju i Bosnu početkom i krajem osamnaestog veka, pa sve do kraja dvadesetog. Bili su, kako se to pisalo, graditelji kakve Evropa nije upoznala.
U poslednjih nekoliko godina ponovo je u modi osaćansko neimarstvo, za šta je primer Mećavnik Emira Kusturice. O ljudima veštih ruku, koji nisu voleli ratove, i koji su obogatili graditeljstvo Bosne, centralne i zapadne Srbije pisao je i Ivo Andrić, u pripoveci „Osatičani”, i Vuk Karadžić, u prvom izdanju „Srpskog rječnika”.
„Osaćani su graditelji i znamenitih kneževskih konaka, kuća nahijskih knezova, lokalnih starešina, kao i stambenih građevina čiji je vlasnik bio knez Miloš Obrenović. Takođe, oni su podizali objekte islamske veroispovesti, džamije, tekije, medrese, a posebno su poznati kao graditelji džamija sa drvenom munarom. Najzad, oni su ostali poznati i po čuvenom banjalučkom neimarskom govoru kojim su se na gradilištima služili, i koji drugi, osim njih nisu razumeli”, navodi se na sajtu Muzeja Municipijuma malvesijatijuma u Skelanima.
Ovaj tajni jezik bio je „muška stvar”, žene ovih majstora ga nisu razumele. Upozorava se da ovaj govor izumire jer se broj graditelja u Osatu smanjivao decenijama.
Svoj tajni govor koristili su u sporazumevanju u pečalbi da bi ukazali na neke probleme, greške u radu, na potrebe, želje i namere, ali i da preduhitre određene pretnje i opasnosti i prevare na koje su nailazili.
Taj govor nije imao svoje pismo, gramatiku i norme. O nastanku i razvoju ovog govora nema gotovo nikakvih pisanih tragova, razvijao se i prenosio s kolena na koleno, kao što se i neimarstvo prenosilo i učilo.
Primeri osaćanskog govora
Nickam folinjati čkoji češljo – Nemoj da pričaš, dolazi žandarm
Nahanio sam pjevača, pa mi se pokačio burać – Najeo sam se pasulja, pa me zaboleo stomak
Đe ti taži trem – Gde ti je čovek
Otremčiti se – Oženiti se
ckamno – ružno
vajza – devojka
skaman kuldžo – loš gazda
šumna treja – privlačna žena
čagrlje – kola
tirita s fantare – kapa
hanovan – gladan
skaman anež – loša hrana
tašanče – jaje
bulumbaći – krompiri
garača – kafa
bukuljče – tele
</article-text-transliterated></article><comments><comments-count>3</comments-count><comments-list><comment comment-id="1"><comment-parent-id /><comment-text>Jel su majstori osaćani bili Srbi i Bošnjaci iz tog kraja?</comment-text><comment-text-transliterated>Jel su majstori osaćani bili Srbi i Bošnjaci iz tog kraja?</comment-text-transliterated></comment><comment comment-id="1-1"><comment-parent-id>1</comment-parent-id><comment-text>Само Срби. За свој језик су говорили да потиче од апостола Томе, заштитника зидара. Постоји теорија да је зидаре у Осат населио деспот Стефан Лазаревић, склањајући их од турског надирања са југа, а да би му зидали пратећу инфраструктуру око сребреничких рудника. Имали су потпуно другачију ношњу од приморско-херцеговачких сусједа у Лудмеру и Осату. Овај крај уз Дрину је до прије 100 година називан Мала Србија, јер је примао становнике са свих страна, а у Подрињу се говорио поред ијекавског и икавски. </comment-text><comment-text-transliterated>Samo Srbi. Za svoj jezik su govorili da potiče od apostola Tome, zaštitnika zidara. Postoji teorija da je zidare u Osat naselio despot Stefan Lazarević, sklanjajući ih od turskog nadiranja sa juga, a da bi mu zidali prateću infrastrukturu oko srebreničkih rudnika. Imali su potpuno drugačiju nošnju od primorsko-hercegovačkih susjeda u Ludmeru i Osatu. Ovaj kraj uz Drinu je do prije 100 godina nazivan Mala Srbija, jer je primao stanovnike sa svih strana, a u Podrinju se govorio pored ijekavskog i ikavski. </comment-text-transliterated></comment><comment comment-id="2"><comment-parent-id /><comment-text>Скула - Зла и лоша жена. Јако лоша прилика ѕа удају.</comment-text><comment-text-transliterated>Skula - Zla i loša žena. Jako loša prilika ѕa udaju.</comment-text-transliterated></comment></comments-list></comments></document>