<?xml version="1.0" encoding="utf-8"?>
<document global-id="sr-01-1180">
	<url>http://www.politika.rs/scc/clanak/422830/%D0%9A%D0%BE%D1%80%D1%83%D0%BF%D1%86%D0%B8%D1%98%D0%B0-%D0%B8-%D0%BB%D0%B8%D1%86%D0%B5%D0%BC%D0%B5%D1%80%D1%98%D0%B5-%D1%83-%D1%81%D1%80%D1%86%D1%83-%D0%92%D0%B0%D1%82%D0%B8%D0%BA%D0%B0%D0%BD%D0%B0</url>
	<source-id>sr-01</source-id>
	<local-id>1180</local-id>
	<source-name>Politika</source-name>
	<article>
		<article-title>Корупција и лицемерје у срцу Ватикана</article-title>
		<article-title-transliterated>Korupcija i licemerje u srcu Vatikana</article-title-transliterated>
		<article-time>2019-02-15</article-time>
		<article-author/>
		<article-text>ПАРИЗ - Француски новинар и писац Фредерик Мартел написао је књигу у којој тврди да 80 одсто свештеника у Ватикану има хомосексуалне склоности, а која ће бити објављена следеће седмице.
Књигу на 570 страница новинар је написао након четири године истраживања, а ради се о „запањујућој тврдњи о корупцији и лицемјерју у срцу самог Ватикана”, како наводи његов британски издавач Блумсбери.
Књига под називом „У ватиканском орману” биће преведена на осам језика, пише „Гардијан”. У њој се наводи да су неки свештеници који су гласно нападали хомосексуалност и сами имали склоност према мушкарцима.
Мартел, бивши саветник француске владе, направио је 1.500 интервјуа са свештеницима од којих су многи оценили да што свештеник више јавно изражава хомофобна становишта, то је он заправо највероватније геј, пише „Индеx”, а преноси Танјуг.
Аутор је такође у књизи поменуо како су неки свештеници прихватили своју хомосексуалност, неки практиковали дискретне везе с другим мушкарцима, неки преферирали повремене сусрете, а неки порицали своју сексуалност.</article-text>
		<article-text-transliterated>PARIZ - Francuski novinar i pisac Frederik Martel napisao je knjigu u kojoj tvrdi da 80 odsto sveštenika u Vatikanu ima homoseksualne sklonosti, a koja će biti objavljena sledeće sedmice.
Knjigu na 570 stranica novinar je napisao nakon četiri godine istraživanja, a radi se o „zapanjujućoj tvrdnji o korupciji i licemjerju u srcu samog Vatikana”, kako navodi njegov britanski izdavač Blumsberi.
Knjiga pod nazivom „U vatikanskom ormanu” biće prevedena na osam jezika, piše „Gardijan”. U njoj se navodi da su neki sveštenici koji su glasno napadali homoseksualnost i sami imali sklonost prema muškarcima.
Martel, bivši savetnik francuske vlade, napravio je 1.500 intervjua sa sveštenicima od kojih su mnogi ocenili da što sveštenik više javno izražava homofobna stanovišta, to je on zapravo najverovatnije gej, piše „Index”, a prenosi Tanjug.
Autor je takođe u knjizi pomenuo kako su neki sveštenici prihvatili svoju homoseksualnost, neki praktikovali diskretne veze s drugim muškarcima, neki preferirali povremene susrete, a neki poricali svoju seksualnost.</article-text-transliterated>
	</article>
	<comments>
		<comments-count>10</comments-count>
		<comments-list>
			<comment comment-id="1">
				<comment-parent-id/>
				<comment-text>Dajte ovo &quot;što je sveštenik glasniji u izražavanju homofobnih stavova, najverovatnije je gej&quot; je takva glupost. Latentni homoseksualizam ne postoji. To je samo izmišljeno da bi se upiralo u homofobe. Po ovom novinaru, i onda bi takođe 80 odsto stanovništva u Srbiji bilo furunaši.</comment-text>
				<comment-text-transliterated>Dajte ovo &quot;što je sveštenik glasniji u izražavanju homofobnih stavova, najverovatnije je gej&quot; je takva glupost. Latentni homoseksualizam ne postoji. To je samo izmišljeno da bi se upiralo u homofobe. Po ovom novinaru, i onda bi takođe 80 odsto stanovništva u Srbiji bilo furunaši.</comment-text-transliterated>
			</comment>
			<comment comment-id="2">
				<comment-parent-id/>
				<comment-text>Vatikan je uvek bio poznat po Homoseksualcima medjutim nije to najgori greh Vatikana . Mahinacije sa novcem mesanje u politiku skrivanje u drugom svetskom ratu najgorih zlocinaca  uzimanje reketa po celom svetu od najsiromasnijih eto to je Vatikan . Postujem homoseksualce i ne smeta mi njihova intimna politika ali za sve drugo treba da se katolicki svet zapita dali sem homoseksualaca nema niko da nämlich pripoveda sveto pismo</comment-text>
				<comment-text-transliterated>Vatikan je uvek bio poznat po Homoseksualcima medjutim nije to najgori greh Vatikana . Mahinacije sa novcem mesanje u politiku skrivanje u drugom svetskom ratu najgorih zlocinaca  uzimanje reketa po celom svetu od najsiromasnijih eto to je Vatikan . Postujem homoseksualce i ne smeta mi njihova intimna politika ali za sve drugo treba da se katolicki svet zapita dali sem homoseksualaca nema niko da nämlich pripoveda sveto pismo</comment-text-transliterated>
			</comment>
			<comment comment-id="3">
				<comment-parent-id/>
				<comment-text>na zalost to su odavno poznate stvari ali nista se do sada nije promenilo.</comment-text>
				<comment-text-transliterated>na zalost to su odavno poznate stvari ali nista se do sada nije promenilo.</comment-text-transliterated>
			</comment>
			<comment comment-id="4">
				<comment-parent-id/>
				<comment-text>Nije mi jasno zasto u svim drugim religijama(gde je dozvoljeni brak)ima toliko pedofila?Hocu reci da korupcije ima u svim Crkvama,pocinje od onog skupljaca novca koji ukrade najvecu novcanicu dok prinosi tanjir ka crkvenoj kasi.Vatikan nije koruptivan sto ima 80% homoseksualaca,nego zato sto praktikuje ilegalne aktivnosti.Isto bi bilo i da je 80% heterogenan.Jer,mora se krasti da bi se zadovoljila ilegalna pozuda.Katolicka Crkva,kao i sve druge trebaju posebnu paznju obratiti pri selekciji svojih novih svestenika.Jer ako ih regrutuju preko ''pedofilskog'' sistema bice ovako stanje i sve gore(mislim na korupciju).Dok jednog dana ne izadje,neki buduci-Papa na svoju terasu na trgu Svetog Petra i obznani raji-''Od danas smo svi Muhamedovci,to je prava vera,od sutra svi trebaju da se obrezu&quot; i priznaje se samo halal hrana.Kao i halal klanje stoke i onda ce kleknuti na kolena,baciti cipele-resto znamo.....!!!</comment-text>
				<comment-text-transliterated>Nije mi jasno zasto u svim drugim religijama(gde je dozvoljeni brak)ima toliko pedofila?Hocu reci da korupcije ima u svim Crkvama,pocinje od onog skupljaca novca koji ukrade najvecu novcanicu dok prinosi tanjir ka crkvenoj kasi.Vatikan nije koruptivan sto ima 80% homoseksualaca,nego zato sto praktikuje ilegalne aktivnosti.Isto bi bilo i da je 80% heterogenan.Jer,mora se krasti da bi se zadovoljila ilegalna pozuda.Katolicka Crkva,kao i sve druge trebaju posebnu paznju obratiti pri selekciji svojih novih svestenika.Jer ako ih regrutuju preko ''pedofilskog'' sistema bice ovako stanje i sve gore(mislim na korupciju).Dok jednog dana ne izadje,neki buduci-Papa na svoju terasu na trgu Svetog Petra i obznani raji-''Od danas smo svi Muhamedovci,to je prava vera,od sutra svi trebaju da se obrezu&quot; i priznaje se samo halal hrana.Kao i halal klanje stoke i onda ce kleknuti na kolena,baciti cipele-resto znamo.....!!!</comment-text-transliterated>
			</comment>
			<comment comment-id="4-1">
				<comment-parent-id>4</comment-parent-id>
				<comment-text>Odakle Vama Dragane taj podatak? U pravoslavnoj Crkvi na primer nema ni desetinu toliko pedofila koliko kod katolika. Jedini primer koga se ja mogu setiti je Pahomije (namerno izostavljam „vladika“ jer on za mene nije vladika). A i u njegovom slucaju je u pitanju neozenjena osoba. Naravno da i kod pravoslavnih ima svestenika koji zlostavljaju decu ali u istom procentu kao sto ima zlostavljanja kod obicnih ljudi. Kod katolika je ovaj procenat daleko visi iznad proseka i to iz jednostavnih razloga da se katolicki svestenici ne zene sto izaziva poremecaje a osim toga uzivaju zastitu crkve i jos lako dolaze u kontakt sa decom. Idealno okruzenje za pedofile. Takodje za homoseksualce (protiv cega nemam licno nista, neka svako spava sa kim hoce dok je u granici normalnog tj zakonitog).</comment-text>
				<comment-text-transliterated>Odakle Vama Dragane taj podatak? U pravoslavnoj Crkvi na primer nema ni desetinu toliko pedofila koliko kod katolika. Jedini primer koga se ja mogu setiti je Pahomije (namerno izostavljam „vladika“ jer on za mene nije vladika). A i u njegovom slucaju je u pitanju neozenjena osoba. Naravno da i kod pravoslavnih ima svestenika koji zlostavljaju decu ali u istom procentu kao sto ima zlostavljanja kod obicnih ljudi. Kod katolika je ovaj procenat daleko visi iznad proseka i to iz jednostavnih razloga da se katolicki svestenici ne zene sto izaziva poremecaje a osim toga uzivaju zastitu crkve i jos lako dolaze u kontakt sa decom. Idealno okruzenje za pedofile. Takodje za homoseksualce (protiv cega nemam licno nista, neka svako spava sa kim hoce dok je u granici normalnog tj zakonitog).</comment-text-transliterated>
			</comment>
			<comment comment-id="5">
				<comment-parent-id/>
				<comment-text>Koncept neo liberalnog društva i kapitalizma je suštinski materijalistički nastrojen do ekstrema a religija je takođe deo tog sveta profita kada bi smo znali koliko bogatstvo se krije u Vatikanu i gde su sve investirali uostalom Vatikan je država ima svoju banku i nije gadljiv prema novcu i unosnim poslovima. Kriza zapada nije samo kriza društva i sistema već i vere a to se vidi ili reflektuje i na Vatikan svakodnevnim skandalima koji urušavaju moralni integritet zapadne crkve. a društvo bez pastira je samo čopor bez vođe i svet koji tone u anarhiju.</comment-text>
				<comment-text-transliterated>Koncept neo liberalnog društva i kapitalizma je suštinski materijalistički nastrojen do ekstrema a religija je takođe deo tog sveta profita kada bi smo znali koliko bogatstvo se krije u Vatikanu i gde su sve investirali uostalom Vatikan je država ima svoju banku i nije gadljiv prema novcu i unosnim poslovima. Kriza zapada nije samo kriza društva i sistema već i vere a to se vidi ili reflektuje i na Vatikan svakodnevnim skandalima koji urušavaju moralni integritet zapadne crkve. a društvo bez pastira je samo čopor bez vođe i svet koji tone u anarhiju.</comment-text-transliterated>
			</comment>
			<comment comment-id="6">
				<comment-parent-id/>
				<comment-text>Шта је ново?</comment-text>
				<comment-text-transliterated>Šta je novo?</comment-text-transliterated>
			</comment>
			<comment comment-id="7">
				<comment-parent-id/>
				<comment-text>То да су њихови свештеници склони истом полу је најмањи проблем од свега, много је горе то што има педофила и што проповедајући молитву и скромност сви до једног возе скупа кола, црква поседује прегршт скупих некретнина од које се обрћу милиони, а онда и свакој катедрали (или код нас цркви) на д аком кораку траже донације за храм итд. Верник сам, хришћанин, али све мање имам поверења у цркву и свештенство.</comment-text>
				<comment-text-transliterated>To da su njihovi sveštenici skloni istom polu je najmanji problem od svega, mnogo je gore to što ima pedofila i što propovedajući molitvu i skromnost svi do jednog voze skupa kola, crkva poseduje pregršt skupih nekretnina od koje se obrću milioni, a onda i svakoj katedrali (ili kod nas crkvi) na d akom koraku traže donacije za hram itd. Vernik sam, hrišćanin, ali sve manje imam poverenja u crkvu i sveštenstvo.</comment-text-transliterated>
			</comment>
			<comment comment-id="8">
				<comment-parent-id/>
				<comment-text>Nije sala ova zezancija!</comment-text>
				<comment-text-transliterated>Nije sala ova zezancija!</comment-text-transliterated>
			</comment>
			<comment comment-id="9">
				<comment-parent-id/>
				<comment-text>Тако ће бити све док католичка црква не промени став и дозволи својим свештеницима да се жене као што је ситуација у свим другим религијама.У садашњем ставу,иако је од бога,неприродно је.</comment-text>
				<comment-text-transliterated>Tako će biti sve dok katolička crkva ne promeni stav i dozvoli svojim sveštenicima da se žene kao što je situacija u svim drugim religijama.U sadašnjem stavu,iako je od boga,neprirodno je.</comment-text-transliterated>
			</comment>
		</comments-list>
	</comments>
</document>
