<?xml version="1.0" encoding="utf-8"?>
<document global-id="sr-01-135">
	<url>http://www.politika.rs/scc/clanak/328246/%D0%91%D0%B5%D0%BE%D0%B3%D1%80%D0%B0%D0%B4-%D0%BF%D1%80%D0%BE%D1%81%D0%BB%D0%B0%D0%B2%D0%B8%D0%BE-%D0%A1%D0%BF%D0%B0%D1%81%D0%BE%D0%B2%D0%B4%D0%B0%D0%BD</url>
	<source-id>sr-01</source-id>
	<local-id>135</local-id>
	<source-name>Politika</source-name>
	<article>
		<article-title>Београд прославио Спасовдан</article-title>
		<article-title-transliterated>Beograd proslavio Spasovdan</article-title-transliterated>
		<article-time>2015-05-21</article-time>
		<article-author>D. B.</article-author>
		<article-text>Литургијом у Вазнесењској цркви коју је служио поглавар СПЦ, патријарх Иринеј, и традиционалном литијом кроз централне градске улице, у Београду је обележен Спасовдан, слава престонице.

Свечаној поворци на чијем су челу били Јерусалимски крст, барјак Града Београда и коњица присуствовали су, осим многих грађана, и црквени великодостојници, представници Градске управе и питомци Војне академије.

Литија је кренула у 11.30 сати из Улице адмирала Гепрата, када су зазвонила звона у свим градским и приградским црквама.
После молитве за здравље Београђана одржане код Теразијске чесме, колона је наставила према Саборној цркви, где је одржана још једна молитва за поштеду од страдања, мир и напредак, а трећа, у спомен свих палих јунака Београда, уследила је по повратку литије у Вазнесењску цркву.
Честитајући славу свим Београђанима и целом српском народу, патријарх Иринеј је истакао да нас „само јединство може спасити и оставити на овим просторима”.
– Такмичимо се да изаберемо најбољи пут ка циљу, а циљ мора да буде један јединствени, онај који нам је Свети Сава поставио – рекао је поглавар СПЦ.
Патријарх је подсетио и на страдања и стратишта српског народа истакавши да су стотине хиљада људи на њима поубијани „само зато што су Срби и православне вере”.

У току свечаности, славски колач и жито унети су и у Скупштину града где је градоначелник Синиша Мали запалио свећу и честитао грађанима славу.
– Спасовдан је градска слава коју славе сви Београђани, без обзира на вероисповест, и то је традиција коју морамо да очувамо – истакао је Мали.
-----------------------------------------------------------
Петер Хандке почасни грађанин престонице
Аустријски књижевник Петер Хандке је и званично постао почасни грађанин Београда. Највише престоничко признање уручено је познатом писцу у Старом двору, на пријему поводом Спасовдана. Повељу почасног грађанина Хандкеу су уручили Синиша Мали, градоначелник, и Никола Никодијевић, председник Скупштине града. Свечаности су присуствовали републички министри, представници дипломатског кора, Српске православне цркве, Војске Србије, јавног и културног живота.
Захваљујући на признању које, како је рекао, није заслужио, али га прихвата у име своје деце, Хандке је назвао Београд „трагичним, али светлим градом” у којем му је место.
– Пре двадесет година медији од Вашингтона до Брисела, Лондона и Париза, викали су: Београд, мрачно гнездо на Балкану. Не, Београд то никад није био, већ су мрачна гнезда били управо погрешна Европа и погрешни Запад. Љубав је несигурна и опасна, али верност није. Обећавам да ћу остати веран Београду, светлом граду – истакао је Хандке.(Фото Танјуг)
Целокупно обраћање аустријски писац је исказао на српском језику, указавши уједно почаст знаменитим људима из прошлости и садашњости Београда и Србије, попут Милорада Павића, Оље Ивањицки, Иве Андрића, Добрице Ћосића, Моме Капора, али и Новака Ђоковића.
Имајући у виду Хандкеов допринос савременој књижевности и култури и солидарност са грађанима Београда и Србије у тешким временима, може се рећи да нема писца у свету који је толико задужио наш народ, истакао је Синиша Мали.
– Драги пријатељу, ваша снага и упорност говоре о томе колико волите наш народ. Због бављења Србијом и Србима изгубили сте многе награде, али сте тиме у последње две деценије охрабрили многе младе писце нарочито код нас да се баве литературом без страха да ће бити непожељни ако воле свој народ и ако се за њега боре – захвалио је Мали, истичући да је уручењем повеље овековечено пријатељство „једног града и једног писца и хуманисте, који му је указао посебну приврженост”.
Петер Хандке уписао се у књигу почасних гостију Београда, потписавши се латиницом и ћирилицом.
Симбол уздизања и вере у будућност
Честитајући свим Београђанима градску славу, Синиша Мали подсетио је да Београд прославља Спасовдан још од како га је 1403. деспот Стефан Лазаревић устоличио за престони град.
– Ова слава симболично указује на стално уздизање града и веру у будућност. Под притиском великих друштвених промена, празновање овог празника је повремено прекидано, али је 1992. обновљено – подсетио је Мали, који је био и званични домаћин градске славе.</article-text>
		<article-text-transliterated>Liturgijom u Vaznesenjskoj crkvi koju je služio poglavar SPC, patrijarh Irinej, i tradicionalnom litijom kroz centralne gradske ulice, u Beogradu je obeležen Spasovdan, slava prestonice.

Svečanoj povorci na čijem su čelu bili Jerusalimski krst, barjak Grada Beograda i konjica prisustvovali su, osim mnogih građana, i crkveni velikodostojnici, predstavnici Gradske uprave i pitomci Vojne akademije.

Litija je krenula u 11.30 sati iz Ulice admirala Geprata, kada su zazvonila zvona u svim gradskim i prigradskim crkvama.
Posle molitve za zdravlje Beograđana održane kod Terazijske česme, kolona je nastavila prema Sabornoj crkvi, gde je održana još jedna molitva za poštedu od stradanja, mir i napredak, a treća, u spomen svih palih junaka Beograda, usledila je po povratku litije u Vaznesenjsku crkvu.
Čestitajući slavu svim Beograđanima i celom srpskom narodu, patrijarh Irinej je istakao da nas „samo jedinstvo može spasiti i ostaviti na ovim prostorima”.
– Takmičimo se da izaberemo najbolji put ka cilju, a cilj mora da bude jedan jedinstveni, onaj koji nam je Sveti Sava postavio – rekao je poglavar SPC.
Patrijarh je podsetio i na stradanja i stratišta srpskog naroda istakavši da su stotine hiljada ljudi na njima poubijani „samo zato što su Srbi i pravoslavne vere”.

U toku svečanosti, slavski kolač i žito uneti su i u Skupštinu grada gde je gradonačelnik Siniša Mali zapalio sveću i čestitao građanima slavu.
– Spasovdan je gradska slava koju slave svi Beograđani, bez obzira na veroispovest, i to je tradicija koju moramo da očuvamo – istakao je Mali.
-----------------------------------------------------------
Peter Handke počasni građanin prestonice
Austrijski književnik Peter Handke je i zvanično postao počasni građanin Beograda. Najviše prestoničko priznanje uručeno je poznatom piscu u Starom dvoru, na prijemu povodom Spasovdana. Povelju počasnog građanina Handkeu su uručili Siniša Mali, gradonačelnik, i Nikola Nikodijević, predsednik Skupštine grada. Svečanosti su prisustvovali republički ministri, predstavnici diplomatskog kora, Srpske pravoslavne crkve, Vojske Srbije, javnog i kulturnog života.
Zahvaljujući na priznanju koje, kako je rekao, nije zaslužio, ali ga prihvata u ime svoje dece, Handke je nazvao Beograd „tragičnim, ali svetlim gradom” u kojem mu je mesto.
– Pre dvadeset godina mediji od Vašingtona do Brisela, Londona i Pariza, vikali su: Beograd, mračno gnezdo na Balkanu. Ne, Beograd to nikad nije bio, već su mračna gnezda bili upravo pogrešna Evropa i pogrešni Zapad. Ljubav je nesigurna i opasna, ali vernost nije. Obećavam da ću ostati veran Beogradu, svetlom gradu – istakao je Handke.(Foto Tanjug)
Celokupno obraćanje austrijski pisac je iskazao na srpskom jeziku, ukazavši ujedno počast znamenitim ljudima iz prošlosti i sadašnjosti Beograda i Srbije, poput Milorada Pavića, Olje Ivanjicki, Ive Andrića, Dobrice Ćosića, Mome Kapora, ali i Novaka Đokovića.
Imajući u vidu Handkeov doprinos savremenoj književnosti i kulturi i solidarnost sa građanima Beograda i Srbije u teškim vremenima, može se reći da nema pisca u svetu koji je toliko zadužio naš narod, istakao je Siniša Mali.
– Dragi prijatelju, vaša snaga i upornost govore o tome koliko volite naš narod. Zbog bavljenja Srbijom i Srbima izgubili ste mnoge nagrade, ali ste time u poslednje dve decenije ohrabrili mnoge mlade pisce naročito kod nas da se bave literaturom bez straha da će biti nepoželjni ako vole svoj narod i ako se za njega bore – zahvalio je Mali, ističući da je uručenjem povelje ovekovečeno prijateljstvo „jednog grada i jednog pisca i humaniste, koji mu je ukazao posebnu privrženost”.
Peter Handke upisao se u knjigu počasnih gostiju Beograda, potpisavši se latinicom i ćirilicom.
Simbol uzdizanja i vere u budućnost
Čestitajući svim Beograđanima gradsku slavu, Siniša Mali podsetio je da Beograd proslavlja Spasovdan još od kako ga je 1403. despot Stefan Lazarević ustoličio za prestoni grad.
– Ova slava simbolično ukazuje na stalno uzdizanje grada i veru u budućnost. Pod pritiskom velikih društvenih promena, praznovanje ovog praznika je povremeno prekidano, ali je 1992. obnovljeno – podsetio je Mali, koji je bio i zvanični domaćin gradske slave.</article-text-transliterated>
	</article>
	<comments>
		<comments-count>8</comments-count>
		<comments-list>
			<comment comment-id="1">
				<comment-parent-id/>
				<comment-text>Sa ovima nam nema spasa.</comment-text>
				<comment-text-transliterated>Sa ovima nam nema spasa.</comment-text-transliterated>
			</comment>
			<comment comment-id="2">
				<comment-parent-id/>
				<comment-text>Vidi se da patrijarh nema podrsku naroda. Ako se izuzmu bogoslovi, u litiji na Terazijama jedva da je bilo stotinak vernika.</comment-text>
				<comment-text-transliterated>Vidi se da patrijarh nema podrsku naroda. Ako se izuzmu bogoslovi, u litiji na Terazijama jedva da je bilo stotinak vernika.</comment-text-transliterated>
			</comment>
			<comment comment-id="3">
				<comment-parent-id/>
				<comment-text>Vojvodo Zlatiborski ,svako ima pravo da saopšti svoje mišljenje,ali to ne može biti razlog da ga neko vređa.
 Jesam Srbin i poštujem tradiciju,ali mislim da pravoslavni verski praznik nije pogodan dan za Slavu grada, u kome, pored pravoslavaca,žive:  ateisti , pripadnici drugih nacionalnosti i pripadnici drugih religija.
 Izbor  religioznog praznika za slavu Grada podseća na majorizaciju i asimilaciju. Beograd bi mogao da slavi neki dan iz svoje istorije kao svoju slavu.</comment-text>
				<comment-text-transliterated>Vojvodo Zlatiborski ,svako ima pravo da saopšti svoje mišljenje,ali to ne može biti razlog da ga neko vređa.
 Jesam Srbin i poštujem tradiciju,ali mislim da pravoslavni verski praznik nije pogodan dan za Slavu grada, u kome, pored pravoslavaca,žive:  ateisti , pripadnici drugih nacionalnosti i pripadnici drugih religija.
 Izbor  religioznog praznika za slavu Grada podseća na majorizaciju i asimilaciju. Beograd bi mogao da slavi neki dan iz svoje istorije kao svoju slavu.</comment-text-transliterated>
			</comment>
			<comment comment-id="4">
				<comment-parent-id/>
				<comment-text>Ко тебе Ана тера да изађеш на улицу и идеш са литијом?Ако си неверујућа,твој проблем,ако си друге вера твоја простота.Можда је требало организовати штафету младости шта ли?</comment-text>
				<comment-text-transliterated>Ko tebe Ana tera da izađeš na ulicu i ideš sa litijom?Ako si neverujuća,tvoj problem,ako si druge vera tvoja prostota.Možda je trebalo organizovati štafetu mladosti šta li?</comment-text-transliterated>
			</comment>
			<comment comment-id="5">
				<comment-parent-id/>
				<comment-text>Mi, Srbi, smo jedini narod koji ima i neguje tradiciju porodicnih slava. Pozdravljam postojanje Spasovdana kao slave grada Beograda. Mislim da je bespredmetno ovde ulaziti u diskusiju da li smo i zbog cega tragican narod. Srecan Spasovdan svim Beogradanima i svim Srbima u Srbiji i svetu.</comment-text>
				<comment-text-transliterated>Mi, Srbi, smo jedini narod koji ima i neguje tradiciju porodicnih slava. Pozdravljam postojanje Spasovdana kao slave grada Beograda. Mislim da je bespredmetno ovde ulaziti u diskusiju da li smo i zbog cega tragican narod. Srecan Spasovdan svim Beogradanima i svim Srbima u Srbiji i svetu.</comment-text-transliterated>
			</comment>
			<comment comment-id="6">
				<comment-parent-id/>
				<comment-text>Srbi su tragican narod ne zato sto su Srbi I sto su pravoslavne vere, nego zato sto nista ne uce I ponavljaju iste greske. Ovaj circus sa &quot;slavom grada&quot; je samo jos jedan pokazatelj zaludjuvanja naroda.</comment-text>
				<comment-text-transliterated>Srbi su tragican narod ne zato sto su Srbi I sto su pravoslavne vere, nego zato sto nista ne uce I ponavljaju iste greske. Ovaj circus sa &quot;slavom grada&quot; je samo jos jedan pokazatelj zaludjuvanja naroda.</comment-text-transliterated>
			</comment>
			<comment comment-id="7">
				<comment-parent-id/>
				<comment-text>Srecan Spasov dan lepi nas Beograde !</comment-text>
				<comment-text-transliterated>Srecan Spasov dan lepi nas Beograde !</comment-text-transliterated>
			</comment>
			<comment comment-id="8">
				<comment-parent-id/>
				<comment-text>I Herceg Novi slavi!!! Svečana litja, povodom proslave 302 godina hrama Voznjesenja Gospodnjeg crkve Sv. Spasa na Toploj, prošla je ulicama grada predvodjena mnogobrojnim lokalnim sveštenstvom. U litiji su učestvovali crkveni horovi, folklorna društva i preko 1000 vjernika, kojima su se pridružili i mnogobrojni turisti, posebno ruski.</comment-text>
				<comment-text-transliterated>I Herceg Novi slavi!!! Svečana litja, povodom proslave 302 godina hrama Voznjesenja Gospodnjeg crkve Sv. Spasa na Toploj, prošla je ulicama grada predvodjena mnogobrojnim lokalnim sveštenstvom. U litiji su učestvovali crkveni horovi, folklorna društva i preko 1000 vjernika, kojima su se pridružili i mnogobrojni turisti, posebno ruski.</comment-text-transliterated>
			</comment>
		</comments-list>
	</comments>
</document>
