<?xml version="1.0" encoding="utf-8"?>
<document global-id="sr-01-1127">
	<url>http://www.politika.rs/scc/clanak/419285/%D0%9A%D0%BE-%D1%98%D0%B5-%D0%B8%D1%81%D0%BF%D0%B0%D0%BE-%D0%B3%D1%80%D0%B1%D0%B0%D0%B2-%D0%B7%D0%B1%D0%BE%D0%B3-%D0%BD%D0%B0%D0%B1%D0%B0%D0%B2%D0%BA%D0%B5-%D0%BA%D0%B0%D0%BC%D0%B8%D0%BB%D0%B0-%D1%83-%D1%81%D0%B8%D1%80%D0%BE%D0%BC%D0%B0%D1%88%D0%BD%D0%BE%D0%BC-%D0%9B%D0%B5%D0%B1%D0%B0%D0%BD%D1%83</url>
	<source-id>sr-01</source-id>
	<local-id>1127</local-id>
	<source-name>Politika</source-name>
	<article>
		<article-title>Ко је испао грбав због набавке камила у сиромашном Лебану</article-title>
		<article-title-transliterated>Ko je ispao grbav zbog nabavke kamila u siromašnom Lebanu</article-title-transliterated>
		<article-time>2018-12-29</article-time>
		<article-author>Danilo Kocić</article-author>
		<article-text>Лесковац, Лебане – Информација која је протеклих дана прострујила – да ће сиромашна општина Лебане купити камиле – постала је и „најважнија кафанска прича”. Испоставило да није реч о правим камилама, него о фигурама, које ће бити постављене крај познатог Царичиног града или Јустинијана прима и то као својеврсна туристичка атракција. Директор Туристичке организације општине Лебане (ТОЛ) Бојан Јовић наглашава да није реч о три, него о две камиле и да неће шетати Царичиним градом, јер је реч о – фигурама.
Одлуку о набавци „две камиле”, како се наводи у документу локалне самоуправе, за потребе Туристичке организације 26. децембра донели су одборници СО Лебане. Један од разлога за набавку камила, наглашава Јовић, јесте подстицање туристичке понуде. Царичин град, сада важан археолошки локалитет, византијски цар Јустинијан саградио је у знак захвалности, за крај у којем је, како се наводи у многим изворима, рођен.

Лебане: центар града и зграда СО (Фото: Инфоцентарјуга)
Из кабинета председника општине Ивана Богдановића Би-Би-Си на српском језику објавио је следеће саопштење: „Истина је да је реч о плану набавке два велика сувенира, које ће радници Туристичке организације сами направити, или од дрвета или стиропора, која би била намењена деци која посећују Царичин град. И то је све.„ У лесковачком Народном музеју, који управља Царичиним градом, локалитетом под заштитом државе, нису обавештени о постављању камила, а јасно је да је њихова сагласност потребна.
На седници локалног парламента, 26. децембра, када је донета одлука о набавци две камиле за потребе Туристичке организације, расправа није вођена ни по једној тачки дневног реда, а заседање је завршено после само десетак минута.
Лесковачком порталу „Југмедија”, који је први објавио вест о куповини две праве камиле, из кабинета председника општине Лебане Ивана Богдановића стигао је деманти. „Југмедија” га је објавила на сајту 27. децембра.
„Лебане је постало, од симбола сиромаштва, симбол како се ствари у Србији могу окренути набоље. Да некоме то смета, одавно знамо. Али на злурадост и лажи више не можемо да ћутимо.
Сваки иоле пристојан човек када погледа наслов у овом порталу о камилама, Лебану и Царичином граду, а који су пренели и други портали у Србији, запитаће да ли су људи у локалној самоуправи нормални да купују камиле за визиторски центар ’Теодору’. Да ли су нормални новинари и медији који пишу овако гнусне лажи? Јер ТО Лебане у свом финансијском плану и плану рада за 2019. годину, што су две потпуно одвојене ствари, нигде није навео да ће купити две камиле, за шта са све превозом треба издвојити 12.000 евра. Уз то, да све буде пикантније, у тексту се наводи како ће камиле газити и чувени мозаик по коме је Царичин град препознатљив.
Истина је да је реч о плану набавке два велика сувенира које ће радници ТО сами направити или од дрвета или стиропора, како год, која би била и биће намењена деци када посећују Царичин град. И то је све. Обавештавамо јавност да ће надлежне службе против Милице Ивановић и портала ’Југмедија’ поднети тужбе. Када Царичин град по посећености буде на нивоу као, рецимо, Виминацијум, у чијој близини је направљен прави борбени камп, када отворимо нове погоне у Лебану, када још више подигнемо животни стандард наших суграђана, сигурни смо да ћемо набавити и праве камиле, као још једну туристичку атракцију. Због тога позивамо све заинтересоване и све новинаре да дођу у наш визиторски центар, у наш Царичин град, да виде колико смо уложили и колико ћемо тек улагати. А све злонамерне упозоравамо да више на лажи и неистине нећемо ћутати.„
У одговору редакције „Југмедија”, под насловом „Лебанске камиље магле”, наводи се: „Истина је, господине или господо анонимци, да ви лажете, јер ништа од тога не пише, ни у материјалу са Општинског већа, усвојеном на седници Скупштине општине као финалном материјалу.
Истина је да пише следеће: ’Набавка две камиле.’ То се наводи у финалној верзији програма који су усвојили одборници, без расправе, без питања, без образложења. То је све. Новинари ’Југмедије’ нису слагали! Новинари и уредница ’Југмедије’ нису били ни злуради, ни непрофесионални, сатима су позивали функционере општине да им појасне о чему је реч, али ти функционери се нису одазивали, док је на наше питање о камилама директор ТОЛ Бојан Јовић саркастично одговорио: ’Важи’.
Узалуд сада плакање. Цела Србија се смеје, причу је пренео и портал Би-Би-Си.
Одмах испод ’набавка две камиле’, дакле – набавка, а не сувенири, наводе се и друге набавке, али ту је већ објашњено да је реч о деци, па пише да ће се набавити џипови за децу у Визиторском центру ’Теодора’, бицикли, возићи и припадајућа опрема за туристичке туре”, пише између осталог у одговору редакције „Југмедија”.

Неизводљива куповина правих камила
Горан Јовић, одборник СНС у СО Лебане и повереник ове странке у том граду, казао је да не може да верује да је било ко могао да помисли да ћемо куповати праве камиле, јер је тако нешто неизводљиво, и нема услова за то. „Ко би бринуо о тим животињама и где би оне биле смештене? Наравно, реч је о фигурама које ће стајати испред визиторског центра ’Теодора’, што је и одлучено на седници СО”, рекао је Јовић и нагласио да су пре неколико година на Царичином граду пронађене кости камиле, а фигуре камиле требало би да послуже да се прича о овом локалитету и тако приближи посетиоцима.
Царичин град вансеријски споменик
Археолошки локалитет Царичин град или Јустинијана прима, сматрају археолози, представља вансеријски споменик античког урбанизма и архитектуре, а истраживања овог локалитета започета су 1912. године. Царичин град се налази на територији Јабланичког округа, 28 километара западно од Лесковца, односно седам километара северозападно од Лебана. Саградио га је, у близини места свога рођења, један од највећих византијских царева Јустинијан Први (527–565), градитељ чувене Аја Софије у данашњем Истанбулу.</article-text>
		<article-text-transliterated>Leskovac, Lebane – Informacija koja je proteklih dana prostrujila – da će siromašna opština Lebane kupiti kamile – postala je i „najvažnija kafanska priča”. Ispostavilo da nije reč o pravim kamilama, nego o figurama, koje će biti postavljene kraj poznatog Caričinog grada ili Justinijana prima i to kao svojevrsna turistička atrakcija. Direktor Turističke organizacije opštine Lebane (TOL) Bojan Jović naglašava da nije reč o tri, nego o dve kamile i da neće šetati Caričinim gradom, jer je reč o – figurama.
Odluku o nabavci „dve kamile”, kako se navodi u dokumentu lokalne samouprave, za potrebe Turističke organizacije 26. decembra doneli su odbornici SO Lebane. Jedan od razloga za nabavku kamila, naglašava Jović, jeste podsticanje turističke ponude. Caričin grad, sada važan arheološki lokalitet, vizantijski car Justinijan sagradio je u znak zahvalnosti, za kraj u kojem je, kako se navodi u mnogim izvorima, rođen.

Lebane: centar grada i zgrada SO (Foto: Infocentarjuga)
Iz kabineta predsednika opštine Ivana Bogdanovića Bi-Bi-Si na srpskom jeziku objavio je sledeće saopštenje: „Istina je da je reč o planu nabavke dva velika suvenira, koje će radnici Turističke organizacije sami napraviti, ili od drveta ili stiropora, koja bi bila namenjena deci koja posećuju Caričin grad. I to je sve.„ U leskovačkom Narodnom muzeju, koji upravlja Caričinim gradom, lokalitetom pod zaštitom države, nisu obavešteni o postavljanju kamila, a jasno je da je njihova saglasnost potrebna.
Na sednici lokalnog parlamenta, 26. decembra, kada je doneta odluka o nabavci dve kamile za potrebe Turističke organizacije, rasprava nije vođena ni po jednoj tački dnevnog reda, a zasedanje je završeno posle samo desetak minuta.
Leskovačkom portalu „Jugmedija”, koji je prvi objavio vest o kupovini dve prave kamile, iz kabineta predsednika opštine Lebane Ivana Bogdanovića stigao je demanti. „Jugmedija” ga je objavila na sajtu 27. decembra.
„Lebane je postalo, od simbola siromaštva, simbol kako se stvari u Srbiji mogu okrenuti nabolje. Da nekome to smeta, odavno znamo. Ali na zluradost i laži više ne možemo da ćutimo.
Svaki iole pristojan čovek kada pogleda naslov u ovom portalu o kamilama, Lebanu i Caričinom gradu, a koji su preneli i drugi portali u Srbiji, zapitaće da li su ljudi u lokalnoj samoupravi normalni da kupuju kamile za vizitorski centar ’Teodoru’. Da li su normalni novinari i mediji koji pišu ovako gnusne laži? Jer TO Lebane u svom finansijskom planu i planu rada za 2019. godinu, što su dve potpuno odvojene stvari, nigde nije naveo da će kupiti dve kamile, za šta sa sve prevozom treba izdvojiti 12.000 evra. Uz to, da sve bude pikantnije, u tekstu se navodi kako će kamile gaziti i čuveni mozaik po kome je Caričin grad prepoznatljiv.
Istina je da je reč o planu nabavke dva velika suvenira koje će radnici TO sami napraviti ili od drveta ili stiropora, kako god, koja bi bila i biće namenjena deci kada posećuju Caričin grad. I to je sve. Obaveštavamo javnost da će nadležne službe protiv Milice Ivanović i portala ’Jugmedija’ podneti tužbe. Kada Caričin grad po posećenosti bude na nivou kao, recimo, Viminacijum, u čijoj blizini je napravljen pravi borbeni kamp, kada otvorimo nove pogone u Lebanu, kada još više podignemo životni standard naših sugrađana, sigurni smo da ćemo nabaviti i prave kamile, kao još jednu turističku atrakciju. Zbog toga pozivamo sve zainteresovane i sve novinare da dođu u naš vizitorski centar, u naš Caričin grad, da vide koliko smo uložili i koliko ćemo tek ulagati. A sve zlonamerne upozoravamo da više na laži i neistine nećemo ćutati.„
U odgovoru redakcije „Jugmedija”, pod naslovom „Lebanske kamilje magle”, navodi se: „Istina je, gospodine ili gospodo anonimci, da vi lažete, jer ništa od toga ne piše, ni u materijalu sa Opštinskog veća, usvojenom na sednici Skupštine opštine kao finalnom materijalu.
Istina je da piše sledeće: ’Nabavka dve kamile.’ To se navodi u finalnoj verziji programa koji su usvojili odbornici, bez rasprave, bez pitanja, bez obrazloženja. To je sve. Novinari ’Jugmedije’ nisu slagali! Novinari i urednica ’Jugmedije’ nisu bili ni zluradi, ni neprofesionalni, satima su pozivali funkcionere opštine da im pojasne o čemu je reč, ali ti funkcioneri se nisu odazivali, dok je na naše pitanje o kamilama direktor TOL Bojan Jović sarkastično odgovorio: ’Važi’.
Uzalud sada plakanje. Cela Srbija se smeje, priču je preneo i portal Bi-Bi-Si.
Odmah ispod ’nabavka dve kamile’, dakle – nabavka, a ne suveniri, navode se i druge nabavke, ali tu je već objašnjeno da je reč o deci, pa piše da će se nabaviti džipovi za decu u Vizitorskom centru ’Teodora’, bicikli, vozići i pripadajuća oprema za turističke ture”, piše između ostalog u odgovoru redakcije „Jugmedija”.

Neizvodljiva kupovina pravih kamila
Goran Jović, odbornik SNS u SO Lebane i poverenik ove stranke u tom gradu, kazao je da ne može da veruje da je bilo ko mogao da pomisli da ćemo kupovati prave kamile, jer je tako nešto neizvodljivo, i nema uslova za to. „Ko bi brinuo o tim životinjama i gde bi one bile smeštene? Naravno, reč je o figurama koje će stajati ispred vizitorskog centra ’Teodora’, što je i odlučeno na sednici SO”, rekao je Jović i naglasio da su pre nekoliko godina na Caričinom gradu pronađene kosti kamile, a figure kamile trebalo bi da posluže da se priča o ovom lokalitetu i tako približi posetiocima.
Caričin grad vanserijski spomenik
Arheološki lokalitet Caričin grad ili Justinijana prima, smatraju arheolozi, predstavlja vanserijski spomenik antičkog urbanizma i arhitekture, a istraživanja ovog lokaliteta započeta su 1912. godine. Caričin grad se nalazi na teritoriji Jablaničkog okruga, 28 kilometara zapadno od Leskovca, odnosno sedam kilometara severozapadno od Lebana. Sagradio ga je, u blizini mesta svoga rođenja, jedan od najvećih vizantijskih careva Justinijan Prvi (527–565), graditelj čuvene Aja Sofije u današnjem Istanbulu.</article-text-transliterated>
	</article>
	<comments>
		<comments-count>7</comments-count>
		<comments-list>
			<comment comment-id="1">
				<comment-parent-id/>
				<comment-text>A šta je novinarima trebalo da razvlače temu ne znajuči o čemu se radi? Bilo je važno sto pre pljuvati po vlasti bez imalo osnova. Samo se pljuje na prvu loptu, kritikuje se posle kaljenja.</comment-text>
				<comment-text-transliterated>A šta je novinarima trebalo da razvlače temu ne znajuči o čemu se radi? Bilo je važno sto pre pljuvati po vlasti bez imalo osnova. Samo se pljuje na prvu loptu, kritikuje se posle kaljenja.</comment-text-transliterated>
			</comment>
			<comment comment-id="2">
				<comment-parent-id/>
				<comment-text>Зашто у скупштинским документима није писало: &quot;Две фигуре камила&quot;? Шта би било да је писало: &quot;Набавка два аутомата АК-47&quot;, а онда се после правда: &quot;Па, ко би нормалан куповао праве аутомате? Мислили смо на играчке и купићемо их код Кинеза.&quot; Да ли је неко неписмен писао скупштински материјал или је по среди мућка, не знам, али је новинар у овом случају поступио правилно, покрећући причу у јавности!</comment-text>
				<comment-text-transliterated>Zašto u skupštinskim dokumentima nije pisalo: &quot;Dve figure kamila&quot;? Šta bi bilo da je pisalo: &quot;Nabavka dva automata AK-47&quot;, a onda se posle pravda: &quot;Pa, ko bi normalan kupovao prave automate? Mislili smo na igračke i kupićemo ih kod Kineza.&quot; Da li je neko nepismen pisao skupštinski materijal ili je po sredi mućka, ne znam, ali je novinar u ovom slučaju postupio pravilno, pokrećući priču u javnosti!</comment-text-transliterated>
			</comment>
			<comment comment-id="3">
				<comment-parent-id/>
				<comment-text>Пре десетак година је тадашња директорка Туристичке организације Србије, потом министарка, амбасадорка негде у северној Африци, приликом посете Јустинијанином граду код Лебана, учила домаћине да ту треба да буде један водич обучен као ондашњи Турчин, да буду сувенири с мотивом који асоцирају на турско доба... Није знала да  Јустинијанин град потиче из шестог века, а Турци су у Србију дошли осам векова касније, у 14 веку.  Причало се да је постала председница, министарка, амбасадорка, и шта још, зато што је била у некаквој вези са тадашњим подпредесдником владе Ђелићем, и наравно члан владајуће странке.  У Србији може неко бити и полуписмен или неписмен, али ако је члан странке, може бити и министар, и амбасадор, све.  Да би Србија кренула напред, неопходно је да укинути праксу да се странке понашају као власници свега у Србији, који својим члановима додељују функције, запослење, напредовање, све. Таква пракса води државу и народ у пропаст. Странке су зло, канцер који нагриза све.</comment-text>
				<comment-text-transliterated>Pre desetak godina je tadašnja direktorka Turističke organizacije Srbije, potom ministarka, ambasadorka negde u severnoj Africi, prilikom posete Justinijaninom gradu kod Lebana, učila domaćine da tu treba da bude jedan vodič obučen kao ondašnji Turčin, da budu suveniri s motivom koji asociraju na tursko doba... Nije znala da  Justinijanin grad potiče iz šestog veka, a Turci su u Srbiju došli osam vekova kasnije, u 14 veku.  Pričalo se da je postala predsednica, ministarka, ambasadorka, i šta još, zato što je bila u nekakvoj vezi sa tadašnjim podpredesdnikom vlade Đelićem, i naravno član vladajuće stranke.  U Srbiji može neko biti i polupismen ili nepismen, ali ako je član stranke, može biti i ministar, i ambasador, sve.  Da bi Srbija krenula napred, neophodno je da ukinuti praksu da se stranke ponašaju kao vlasnici svega u Srbiji, koji svojim članovima dodeljuju funkcije, zaposlenje, napredovanje, sve. Takva praksa vodi državu i narod u propast. Stranke su zlo, kancer koji nagriza sve.</comment-text-transliterated>
			</comment>
			<comment comment-id="4">
				<comment-parent-id/>
				<comment-text>Svako povezivanje Lebana sa kamilama je suludo i smesno.Cinjenica je da u Lebanon postoji Turisticka organizacija kao i gripa turistickih radnika na budzetu.Pre dve godine sam posetio Lebane u kome  sam ziveo nekih petnaest godina i doziveo takvo iznenadjenje koje nikada nece zaboraviti.Stigao sam sa prijateljem u Lebanu u nedelju popodne i svaki pokusaj u bilo kom restoranu  dobijemo veceru zavrsio se sa ne sluzimo hranu vec samo pice.Zamislite kako bi se osecao turista koji je dosao da obidje taj nadaleko cuveni lokalitet.Ukoliko namernik koji je dosao autobusom zeli da napusti Lebane u bilo kom pravcu normalno je da ode na autobusku stanicu,e tu sada nastaju problemi vrata su zakljucana,nigde obavestenja u vidu reda voznje.Raspitujuci se kod nekih putnika koji cekaju da se negde prevezu dobio sam obavestenje da odem na jednu trafiku gde me je trafikant obavestio i pokazao red voznje za Nis-Ekspres preko Bojnika ,pitam a za Leskovac,e to vam je u ovo drugu trafiku...</comment-text>
				<comment-text-transliterated>Svako povezivanje Lebana sa kamilama je suludo i smesno.Cinjenica je da u Lebanon postoji Turisticka organizacija kao i gripa turistickih radnika na budzetu.Pre dve godine sam posetio Lebane u kome  sam ziveo nekih petnaest godina i doziveo takvo iznenadjenje koje nikada nece zaboraviti.Stigao sam sa prijateljem u Lebanu u nedelju popodne i svaki pokusaj u bilo kom restoranu  dobijemo veceru zavrsio se sa ne sluzimo hranu vec samo pice.Zamislite kako bi se osecao turista koji je dosao da obidje taj nadaleko cuveni lokalitet.Ukoliko namernik koji je dosao autobusom zeli da napusti Lebane u bilo kom pravcu normalno je da ode na autobusku stanicu,e tu sada nastaju problemi vrata su zakljucana,nigde obavestenja u vidu reda voznje.Raspitujuci se kod nekih putnika koji cekaju da se negde prevezu dobio sam obavestenje da odem na jednu trafiku gde me je trafikant obavestio i pokazao red voznje za Nis-Ekspres preko Bojnika ,pitam a za Leskovac,e to vam je u ovo drugu trafiku...</comment-text-transliterated>
			</comment>
			<comment comment-id="5">
				<comment-parent-id/>
				<comment-text>Ako  su  tu  prolazili   karavani - a jesu , nije  jasno    zbog  čega  je  ovakva   ideja  suviše  smela.? Ima  valjda   nekakav  tzv  &quot;socijalno  odgovoran    biznismen &quot; i  u  tim  Lebanima-  pa  bi  mogao  da   organizuje  njihovo  čuvanje  i  hranjenje  pa i   potrebnu  prezentaciju. .  Zašto je  sve  odmah  tako  negativno? Pa danas   čak  u  Sibiru   veoma  uspešno   gaje   nojeve  -a  bilo  ih  je  a  možda ih  ima  i  sada  na nekoj   farmi   u   okolini  Subotice  i  kod  nas .Treba dovesti  životinje  . Manimo  se &quot;inosaurusa  od  stiropora&quot;  i  njima sličnih  lažnih   kamila . Šta je  nedostajalo   g. Palmi  koji  je   imao   viziju  ?  Da  nije  bilo  Palmine   vizije - deca   iz  centralne  Srbije  bi   morala  uvek  i  samo  ka   Beogradu  radi  ZOO  a ni  u njemu  nije  obezbeđeno  mnogo  šta   kada   je  u  pitanju  prostorno   komforniji   smeštaj  nadomešten  velikom  ljubavlju  i  radom  zaposleniih- još  iz  vremena  velikog   Vuka  Bojovića  sve do  danas.</comment-text>
				<comment-text-transliterated>Ako  su  tu  prolazili   karavani - a jesu , nije  jasno    zbog  čega  je  ovakva   ideja  suviše  smela.? Ima  valjda   nekakav  tzv  &quot;socijalno  odgovoran    biznismen &quot; i  u  tim  Lebanima-  pa  bi  mogao  da   organizuje  njihovo  čuvanje  i  hranjenje  pa i   potrebnu  prezentaciju. .  Zašto je  sve  odmah  tako  negativno? Pa danas   čak  u  Sibiru   veoma  uspešno   gaje   nojeve  -a  bilo  ih  je  a  možda ih  ima  i  sada  na nekoj   farmi   u   okolini  Subotice  i  kod  nas .Treba dovesti  životinje  . Manimo  se &quot;inosaurusa  od  stiropora&quot;  i  njima sličnih  lažnih   kamila . Šta je  nedostajalo   g. Palmi  koji  je   imao   viziju  ?  Da  nije  bilo  Palmine   vizije - deca   iz  centralne  Srbije  bi   morala  uvek  i  samo  ka   Beogradu  radi  ZOO  a ni  u njemu  nije  obezbeđeno  mnogo  šta   kada   je  u  pitanju  prostorno   komforniji   smeštaj  nadomešten  velikom  ljubavlju  i  radom  zaposleniih- još  iz  vremena  velikog   Vuka  Bojovića  sve do  danas.</comment-text-transliterated>
			</comment>
			<comment comment-id="6">
				<comment-parent-id/>
				<comment-text>Pa, neko je napravio lapsus.  Mislio je da se radi o Libanu ili Libiji...</comment-text>
				<comment-text-transliterated>Pa, neko je napravio lapsus.  Mislio je da se radi o Libanu ili Libiji...</comment-text-transliterated>
			</comment>
			<comment comment-id="6-1">
				<comment-parent-id>6</comment-parent-id>
				<comment-text>Нико у Либану не држи камиле.</comment-text>
				<comment-text-transliterated>Niko u Libanu ne drži kamile.</comment-text-transliterated>
			</comment>
		</comments-list>
	</comments>
</document>
