<document global-id="sr-01-1267">
    <url>
        http://www.politika.rs/scc/clanak/346611/%D0%9B%D0%B0%D0%B6%D0%B5%D0%BC%D0%BE-%D1%81%D0%B5-%D0%BC%D0%B8%D0%BB%D0%BE%D0%B7%D0%B2%D1%83%D1%87%D0%BD%D0%B8%D0%BC-%D1%98%D0%B5%D0%B7%D0%B8%D0%BA%D0%BE%D0%BC-%D0%B4%D0%B8%D0%BF%D0%BB%D0%BE%D0%BC%D0%B0%D1%82%D0%B8%D1%98%D0%B5
    </url>
    <source-id>sr-01</source-id>
    <local-id>1267</local-id>
    <source-name>Politika</source-name>
    <article>
        <article-title>Лажемо се милозвучним језиком дипломатије</article-title>
        <article-title-transliterated>Lažemo se milozvučnim jezikom diplomatije</article-title-transliterated>
        <article-time>2016-01-06</article-time>
        <article-author>Borka Golubović-Trebješanin</article-author>
        <article-text>Наша представа, настала према тексту Биљане Србљановић, бави се феноменом граница, каже Дино
            Мустафић пред сутрашњу премијеру у Сарајеву. Премијера представе „Туђе срце или позоришни трактат о граници”
            према драмском предлошку Биљане Србљановић у Мустафићевој режији биће изведена сутра увече у САРТР-у у
            Сарајеву, а у продукцији удружења „АРТ ХУБ” Центра за истраживање и подстицање извођачких уметности из
            Сарајева. После сарајевске премијере представа ће гостовати у Београду, Приштини, Бањалуци, Мостару, Тузли,
            Зеници, Приједору. У глумачкој екипи су: Албан Укај, Јелена Кордић Курет, Арменд Смајли, Адриана Матоши и
            Јусуф Бркић.
            – Рад са Биљаном Србљановић је увек велики позоришни изазов, мени изузетно важан. Позоришни процеси по
            тексту који пише Биљана извлаче из мене оно најбоље и најдубље, емотивно и имагинарно, оплемењују све
            актере. Када сам добио позив да за независну позоришну продукцију радим нову представу на занимљиву и
            провокативну тему, тражио сам писца који ће оштро, критички и духовито писати из лабораторијског процеса
            кроз разговоре, интервјуе и истраживање докумената како би направили позоришни текст, структуру која је
            ницала на пробама. За такав подухват морате бирати духовне сроднике са којима делите своја етичка и естетска
            уверења, тако да је мој избор био природан. Од писца па до глумаца и свих аутора у овој позоришној авантури,
            каже за „Политику” Дино Мустафић.
            „Туђе срце или позоришни трактат о граници”, заправо је документарно-исповедна представа. Ево о чему овога
            пута уметнички двојац Србљановић – Мустафић проговара на сцени, односно који феномен рашчлањује и зашто:
            – Наша представа се бави феноменом граница и полази од тога да ниједно друштво, ниједна држава неће моћи
            спречити да будемо међу онима који су нам слични и драги, без обзира на то одакле долазе и којим језиком
            говоре. Ово је представа која жели да сруши границе међу нама, јер много више нас у нашој историји спаја и
            чини сличним. Политичком ентитету су потребне границе, другим речима разликовање између оних који су његови
            грађани и оних који то нису. Међутим, та политичка перспектива ипак није неусагласива са универзалним и
            хуманистичким ставом да се буде гостољубив и великодушан, милосрдан према странцима и несрећницима који
            траже своју срећу и људска права на живот и рад. Ово није утопистичка или идеалистичка слика света, већ
            цивилизацијска ствар која би могла бити наша будућност ако превазиђемо страх од другог и отворимо своје
            границе, личне и политичке, тврди Мустафић и додаје:
            – Добро познајем глумачку сцену на Балкану, радио сам више представа са албанским глумцима, чак и врло
            сличне независне продукције попут „Патриотик Хипермаркета” по текстовима Миње Богавац и Јетона Незираја,
            билингвалне представе у Београду, која је отварала врло трауматична и болна питања наслеђене прошлости
            између етничких заједница Срба и Албанаца. Ни тада, као ни сада, то нисам доживљавао као неку своју мисију,
            већ људску потребу да отворимо дијалог, поставимо неугодна питања, дођемо до истине која нас може променити.
            Ту видим есенцију позоришног ангажмана и смисла живота који је посвећен уметности.
            „Туђе срце или позоришни трактат о граници”, проговара о осећају понижења и изолованости суспензијом
            кретања…Докле смо дошли у изградњи добросуседских односа на Балкану? Ево какво је Мустафићево лично искуство
            будући да режира и гостујете широм региона:

            – Балкански народи ми се увек чине као да су спремни да јурну једни на друге. Граница је за њих одбрана од
            наших суседа – непријатеља и моје искуство је да сам спознао и остале границе у срцима људи на Балкану:
            мржњу, нетолеранцију, предрасуде, вољу за супремацијом. Те границе су опасне, непремостиве, оне су између
            осталог узрок последњих балканских ратова у Југославији, на крају 20. века. Оне су и данас у сржи наших
            неспоразума и сукоба. Демократија на Балкану даје легитимитет политици загађеној мржњом, нетолеранцијом,
            предрасудама и глупостима спрам других и другачијих. Процеси ЕУ интеграција неће нас еманциповати, јер
            лажемо милозвучним језиком дипломатије, а у реалној политици се ништа не мења, чак се враћамо духом у кобне
            90. Сви су протагонисти, генератори мржње опет на политичкој сцени, каже наш саговорник и гласно размишља о
            томе колико нас границе спутавају и да ли је могуће избрисати их:
            „Европски политичари данас се више баве дизањем царинских и административних баријера, њиховим последицама
            или разноразним бирократским прописима, губећи из вида европски пројекат да се истакне и ојача њен културни
            идентитет, пошто је култура, уз економију и правно-политичке институције, постала трећи стуб европске
            грађевине. Проучавали смо феномен границе у друштвима која су погођена страхом, као и оним друштвима која су
            прожета озлојеђеношћу. Границе затварају друштва, граде однос супарништва и конфронтације, потхрањују бивша
            и садашња понижења, наводе их још на насилније и очајничкије потезе. Балкан није могуће као ни Европу чврсто
            омеђити, ниједна другост није сувишна страна већ део културног идентитета и плурализма”, каже Мустафић.
        </article-text>
        <article-text-transliterated>Naša predstava, nastala prema tekstu Biljane Srbljanović, bavi se fenomenom
            granica, kaže Dino Mustafić pred sutrašnju premijeru u Sarajevu. Premijera predstave „Tuđe srce ili
            pozorišni traktat o granici” prema dramskom predlošku Biljane Srbljanović u Mustafićevoj režiji biće
            izvedena sutra uveče u SARTR-u u Sarajevu, a u produkciji udruženja „ART HUB” Centra za istraživanje i
            podsticanje izvođačkih umetnosti iz Sarajeva. Posle sarajevske premijere predstava će gostovati u Beogradu,
            Prištini, Banjaluci, Mostaru, Tuzli, Zenici, Prijedoru. U glumačkoj ekipi su: Alban Ukaj, Jelena Kordić
            Kuret, Armend Smajli, Adriana Matoši i Jusuf Brkić.
            – Rad sa Biljanom Srbljanović je uvek veliki pozorišni izazov, meni izuzetno važan. Pozorišni procesi po
            tekstu koji piše Biljana izvlače iz mene ono najbolje i najdublje, emotivno i imaginarno, oplemenjuju sve
            aktere. Kada sam dobio poziv da za nezavisnu pozorišnu produkciju radim novu predstavu na zanimljivu i
            provokativnu temu, tražio sam pisca koji će oštro, kritički i duhovito pisati iz laboratorijskog procesa
            kroz razgovore, intervjue i istraživanje dokumenata kako bi napravili pozorišni tekst, strukturu koja je
            nicala na probama. Za takav poduhvat morate birati duhovne srodnike sa kojima delite svoja etička i estetska
            uverenja, tako da je moj izbor bio prirodan. Od pisca pa do glumaca i svih autora u ovoj pozorišnoj
            avanturi, kaže za „Politiku” Dino Mustafić.
            „Tuđe srce ili pozorišni traktat o granici”, zapravo je dokumentarno-ispovedna predstava. Evo o čemu ovoga
            puta umetnički dvojac Srbljanović – Mustafić progovara na sceni, odnosno koji fenomen raščlanjuje i zašto:
            – Naša predstava se bavi fenomenom granica i polazi od toga da nijedno društvo, nijedna država neće moći
            sprečiti da budemo među onima koji su nam slični i dragi, bez obzira na to odakle dolaze i kojim jezikom
            govore. Ovo je predstava koja želi da sruši granice među nama, jer mnogo više nas u našoj istoriji spaja i
            čini sličnim. Političkom entitetu su potrebne granice, drugim rečima razlikovanje između onih koji su
            njegovi građani i onih koji to nisu. Međutim, ta politička perspektiva ipak nije neusaglasiva sa
            univerzalnim i humanističkim stavom da se bude gostoljubiv i velikodušan, milosrdan prema strancima i
            nesrećnicima koji traže svoju sreću i ljudska prava na život i rad. Ovo nije utopistička ili idealistička
            slika sveta, već civilizacijska stvar koja bi mogla biti naša budućnost ako prevaziđemo strah od drugog i
            otvorimo svoje granice, lične i političke, tvrdi Mustafić i dodaje:
            – Dobro poznajem glumačku scenu na Balkanu, radio sam više predstava sa albanskim glumcima, čak i vrlo
            slične nezavisne produkcije poput „Patriotik Hipermarketa” po tekstovima Minje Bogavac i Jetona Neziraja,
            bilingvalne predstave u Beogradu, koja je otvarala vrlo traumatična i bolna pitanja nasleđene prošlosti
            između etničkih zajednica Srba i Albanaca. Ni tada, kao ni sada, to nisam doživljavao kao neku svoju misiju,
            već ljudsku potrebu da otvorimo dijalog, postavimo neugodna pitanja, dođemo do istine koja nas može
            promeniti. Tu vidim esenciju pozorišnog angažmana i smisla života koji je posvećen umetnosti.
            „Tuđe srce ili pozorišni traktat o granici”, progovara o osećaju poniženja i izolovanosti suspenzijom
            kretanja…Dokle smo došli u izgradnji dobrosusedskih odnosa na Balkanu? Evo kakvo je Mustafićevo lično
            iskustvo budući da režira i gostujete širom regiona:

            – Balkanski narodi mi se uvek čine kao da su spremni da jurnu jedni na druge. Granica je za njih odbrana od
            naših suseda – neprijatelja i moje iskustvo je da sam spoznao i ostale granice u srcima ljudi na Balkanu:
            mržnju, netoleranciju, predrasude, volju za supremacijom. Te granice su opasne, nepremostive, one su između
            ostalog uzrok poslednjih balkanskih ratova u Jugoslaviji, na kraju 20. veka. One su i danas u srži naših
            nesporazuma i sukoba. Demokratija na Balkanu daje legitimitet politici zagađenoj mržnjom, netolerancijom,
            predrasudama i glupostima spram drugih i drugačijih. Procesi EU integracija neće nas emancipovati, jer
            lažemo milozvučnim jezikom diplomatije, a u realnoj politici se ništa ne menja, čak se vraćamo duhom u kobne
            90. Svi su protagonisti, generatori mržnje opet na političkoj sceni, kaže naš sagovornik i glasno razmišlja
            o tome koliko nas granice sputavaju i da li je moguće izbrisati ih:
            „Evropski političari danas se više bave dizanjem carinskih i administrativnih barijera, njihovim posledicama
            ili raznoraznim birokratskim propisima, gubeći iz vida evropski projekat da se istakne i ojača njen kulturni
            identitet, pošto je kultura, uz ekonomiju i pravno-političke institucije, postala treći stub evropske
            građevine. Proučavali smo fenomen granice u društvima koja su pogođena strahom, kao i onim društvima koja su
            prožeta ozlojeđenošću. Granice zatvaraju društva, grade odnos suparništva i konfrontacije, pothranjuju bivša
            i sadašnja poniženja, navode ih još na nasilnije i očajničkije poteze. Balkan nije moguće kao ni Evropu
            čvrsto omeđiti, nijedna drugost nije suvišna strana već deo kulturnog identiteta i pluralizma”, kaže
            Mustafić.
        </article-text-transliterated>
    </article>
    <comments>
        <comments-count>0</comments-count>
        <comment-list/>
    </comments>
</document>