<document global-id="sr-01-1114"><url>http://www.politika.rs/scc/clanak/354580/%D0%9A%D1%9A%D0%B8%D0%B3%D0%B0%D0%BC%D0%B0-%D1%81%D0%B0%D0%BC-%D1%81%D0%B5-%D0%BB%D0%B5%D1%87%D0%B8%D0%BE-%D0%BE%D0%B4-%D0%B7%D0%BB%D0%B5-%D0%B8%D1%81%D1%82%D0%BE%D1%80%D0%B8%D1%98%D0%B5</url><source-id>sr-01</source-id><local-id>sr-01-1114</local-id><source-name>Politika</source-name><article><article-title>Књигама сам се лечио од зле историје</article-title><article-title-transliterated>Knjigama sam se lečio od zle istorije</article-title-transliterated><article_time>2016-05-09</article_time><article-author>Marina Vulićević</article-author><article-text>
Васа Павковић више од тридесет година пише о поезији и песницима, а у предговору новој збирци есеја „Пустоловине с поезијом” (Народна библиотека „Стефан Првовенчани”), који су настајали у протеклих четврт века, пише: „Живео сам у време великих песника: Црњанског, Попе, Павловића, Раичковића, Ивана В. Лалића, Јована Христића, Бране Петровића, Александра Ристовића и Србе Митровића. Али и Вујице Решинa Туцића, Воје Деспотова, Јудите Шалго, Раше Ливаде, Новице Тадића, Петру Крдуа... Неке од песника сам видео једном у животу, неке два или три пута, са појединима сам разговарао и више пута, а неки ми бејаху и драги пријатељи. О некима сам говорио, а о свима, које сам  поменуо, и многим другима, и писао.” Још једно ауторско дело повод је за разговор са Васом Павковићем, то је издање Завода за културу Војводине „Неочекивани песници” о стваралаштву Јудите Шалго, Вујице Решинa Туцића, Војислава Деспотова и Петру Крдуа.
На шта мислите када кажете да је писати о поезији и песницима увек било, у књижевном смислу, пустоловно?
Поезијом се бавим двојако. Као песник и као критичар песништва. Језик ме води у пределе у којима не само да нисам боравио, него и тамо где нисам никад ни помислио да ћу бити. Слично је и са читањем других песника и критичким писањем о њима. Повремено, доста ретко, појави се смисаоно вртоглава књига, нешто чешће у доброј књизи угледам и песму од које ми застане дах. Такве су песме расејане по нашој традицији (Стерија, Костић, Дис, Црњански, Драинац, Давичо, Попа...), али и у савременој поезији (Бора Радовић, Милутин Петровић, Радмила Лазић, Мирослав Максимовић, Владимир Копицл...).
Када сте о поезији писали терапеутски? Каква је поезија писана у тим  временима, какву сте поезију ви тада писали?
Терапеутски највише у 90-им и почетком овог века. Помагали су ми наши, поменути али и многи непоменути песници, као и светски песници. Писао сам о њима и бивало ми је боље. Лечио сам се од зле историје и у својим песничким књигама какве су „Несигурност у тексту”, „Конверзија” или „Књига о ластавицама”. Веровао сам да може бити другачије и боље, као и многи други људи. Сад видим да смо се вратили старим временима и офуцаним решењима, не мање сумњивим од оних која су ме тиштала пре двадесет година. Књига „У варљивом животу” говори о том поразу.
Бирате оне који су вам духовно сродни, нема негативних критика у овим издањима. Шта вас, као књижевног критичара побуђује на то да пишете о одређеном песнику?
Као млад човек знао сам да о одређеним песничким књигама пишем и врло негативно. Сада за то немам времена. Лоших песничких књига, прорачунато традиционалистичких, има више него у 80-им, пишу их често и неки од авангарднијих лиричара прошлих времена, али не осећам потребу да њима „прљам руке”. Оне су мртве после једне до две сезоне, а да нисам мрднуо прстом. Треба видети стихове нових, младих песничких генерација, па све постаје јасније. Од стотину нових, младих песника ни један једини не пише као ови „нови традиционалисти”.
Стално чујемо да нам књижевна критика недостаје, да нема вредновања, да нема усмеравања, одвајања доброг од лошег. Шта је томе разлог?
Књижевна критика живи на све тањој часописној маргини. Као и увек, прави песници објављују књиге, не трудећи се посебно да „нахватају” критичаре који би о њима писали. Неталентовани и мање више безвредни песници, као и увек, „саборно раде” на том плану. Тако се и  часописна критичка маргина још више тањи. Али, ипак, и упркос свему, вредности се разазнају. У поезији песма о духовности и духовницима најчешће је знатно мање успела него песма о чаши воде, песма о соколовом лету или крошњи јаблана. Ту наручене критике не помажу. Ни режиране награде, ни златни печати академске критике.
Указујете и на неке необичне поступке песника. Зашто је, по вашем мишљењу, Васко Попа оставио Александру Петрову вредан рукопис антологије средњовековне српске поезије, не бринући се више о њему?
Што се Попине антологије српске средњовековне поезије тиче, мислим да ју је поверио Александру Петрову јер је имао поверења у њега, а с друге стране због властитих идеолошких идеја и тадашње друштвене и културне ситуације, није желео да књигу објави за живота. „Јутро мислено” је изванредна антологија, али није доживела рецепцију коју је заслужила. Разлог лежи у пропасти југословенске културне сцене и друштвеној деволуцији чији смо савременици.
Посебну књигу посветили сте својим пријатељима, песницима из Војводине. По чему српска култура треба да их памти?
Књига „Неочекивани песници” посвећена је књижевним али и људским ликовима Јудите Шалго, Вујице Решин Туцића, Воје Деспотова и Петру Крдуа. Познавао сам ове заточнике апсолутног модернизма, неовангардисте (прво троје) и неонадреалисту Крдуа из Вршца. Сарађивали смо. Врхунски уметници и интелектуалци, сви су играли по неколико важних улога на нашој књижевној сцени и сада нам, после прераних смрти, јако и ненадокнадиво недостају. Књигом сам желео да младим песницима и писцима уопште предочим њихова дела, да их упознам са нечим што је изванредно, потиснуто у страну, а живо и подстицајно.
Приче Јудите Шалго су вас подстакле да напишете и варијације на њене теме...
Као прозни писац, Јудита је била иновативна једнако као и песник. У својој песничкој каријери се непрекидно мењала, у прозној је остала доследна истраживањима форме. Пишући приче по Јудитиним моделима, хтео сам да покажем колико волим њену прозу, али и колико здраве енергије лежи у њеним истраживањима.
Због чега су и после пар деценија актуелне песме Војислава Деспотова „Мишја ниша” и „ Кад бисмо се поново родили”?
Слутим и верујем да ће Деспотов, као песник, романсијер и есејиста, у будућности бити утицајнији него што је тренутно. Поменуте песме, као и многе друге, примери су постмодерне стратегије, једној по парадоксалној и хуморној стратегији означавања, универзалној лирици. Кад читате најбоље песме Деспотова, ви осећате радост као кад читате Ружевича или Шимборску, рецимо. Слично је и са Петру Крдуом. Његове песме не заостају за Мишоом или Станескуом.
Како бисте описали нове генерације песника?
Прија ми њихова енергија и савременост, а смета што многи личе једни на друге и што се повремено види да су недовољно начитани. Тзв. аутоматска „песничка производња” и „лирска проза” су згодне као почетак али не и као продужетак њихових каријера. Али и нова генерација ће се суочити с временом које долази и опстаће најталентованији и најупорнији. Важно је да буду слободни и да се не подају лукративном традиционализму.
</article-text><article-text-transliterated>
Vasa Pavković više od trideset godina piše o poeziji i pesnicima, a u predgovoru novoj zbirci eseja „Pustolovine s poezijom” (Narodna biblioteka „Stefan Prvovenčani”), koji su nastajali u proteklih četvrt veka, piše: „Živeo sam u vreme velikih pesnika: Crnjanskog, Pope, Pavlovića, Raičkovića, Ivana V. Lalića, Jovana Hristića, Brane Petrovića, Aleksandra Ristovića i Srbe Mitrovića. Ali i Vujice Rešina Tucića, Voje Despotova, Judite Šalgo, Raše Livade, Novice Tadića, Petru Krdua... Neke od pesnika sam video jednom u životu, neke dva ili tri puta, sa pojedinima sam razgovarao i više puta, a neki mi bejahu i dragi prijatelji. O nekima sam govorio, a o svima, koje sam  pomenuo, i mnogim drugima, i pisao.” Još jedno autorsko delo povod je za razgovor sa Vasom Pavkovićem, to je izdanje Zavoda za kulturu Vojvodine „Neočekivani pesnici” o stvaralaštvu Judite Šalgo, Vujice Rešina Tucića, Vojislava Despotova i Petru Krdua.
Na šta mislite kada kažete da je pisati o poeziji i pesnicima uvek bilo, u književnom smislu, pustolovno?
Poezijom se bavim dvojako. Kao pesnik i kao kritičar pesništva. Jezik me vodi u predele u kojima ne samo da nisam boravio, nego i tamo gde nisam nikad ni pomislio da ću biti. Slično je i sa čitanjem drugih pesnika i kritičkim pisanjem o njima. Povremeno, dosta retko, pojavi se smisaono vrtoglava knjiga, nešto češće u dobroj knjizi ugledam i pesmu od koje mi zastane dah. Takve su pesme rasejane po našoj tradiciji (Sterija, Kostić, Dis, Crnjanski, Drainac, Davičo, Popa...), ali i u savremenoj poeziji (Bora Radović, Milutin Petrović, Radmila Lazić, Miroslav Maksimović, Vladimir Kopicl...).
Kada ste o poeziji pisali terapeutski? Kakva je poezija pisana u tim  vremenima, kakvu ste poeziju vi tada pisali?
Terapeutski najviše u 90-im i početkom ovog veka. Pomagali su mi naši, pomenuti ali i mnogi nepomenuti pesnici, kao i svetski pesnici. Pisao sam o njima i bivalo mi je bolje. Lečio sam se od zle istorije i u svojim pesničkim knjigama kakve su „Nesigurnost u tekstu”, „Konverzija” ili „Knjiga o lastavicama”. Verovao sam da može biti drugačije i bolje, kao i mnogi drugi ljudi. Sad vidim da smo se vratili starim vremenima i ofucanim rešenjima, ne manje sumnjivim od onih koja su me tištala pre dvadeset godina. Knjiga „U varljivom životu” govori o tom porazu.
Birate one koji su vam duhovno srodni, nema negativnih kritika u ovim izdanjima. Šta vas, kao književnog kritičara pobuđuje na to da pišete o određenom pesniku?
Kao mlad čovek znao sam da o određenim pesničkim knjigama pišem i vrlo negativno. Sada za to nemam vremena. Loših pesničkih knjiga, proračunato tradicionalističkih, ima više nego u 80-im, pišu ih često i neki od avangardnijih liričara prošlih vremena, ali ne osećam potrebu da njima „prljam ruke”. One su mrtve posle jedne do dve sezone, a da nisam mrdnuo prstom. Treba videti stihove novih, mladih pesničkih generacija, pa sve postaje jasnije. Od stotinu novih, mladih pesnika ni jedan jedini ne piše kao ovi „novi tradicionalisti”.
Stalno čujemo da nam književna kritika nedostaje, da nema vrednovanja, da nema usmeravanja, odvajanja dobrog od lošeg. Šta je tome razlog?
Književna kritika živi na sve tanjoj časopisnoj margini. Kao i uvek, pravi pesnici objavljuju knjige, ne trudeći se posebno da „nahvataju” kritičare koji bi o njima pisali. Netalentovani i manje više bezvredni pesnici, kao i uvek, „saborno rade” na tom planu. Tako se i  časopisna kritička margina još više tanji. Ali, ipak, i uprkos svemu, vrednosti se razaznaju. U poeziji pesma o duhovnosti i duhovnicima najčešće je znatno manje uspela nego pesma o čaši vode, pesma o sokolovom letu ili krošnji jablana. Tu naručene kritike ne pomažu. Ni režirane nagrade, ni zlatni pečati akademske kritike.
Ukazujete i na neke neobične postupke pesnika. Zašto je, po vašem mišljenju, Vasko Popa ostavio Aleksandru Petrovu vredan rukopis antologije srednjovekovne srpske poezije, ne brinući se više o njemu?
Što se Popine antologije srpske srednjovekovne poezije tiče, mislim da ju je poverio Aleksandru Petrovu jer je imao poverenja u njega, a s druge strane zbog vlastitih ideoloških ideja i tadašnje društvene i kulturne situacije, nije želeo da knjigu objavi za života. „Jutro misleno” je izvanredna antologija, ali nije doživela recepciju koju je zaslužila. Razlog leži u propasti jugoslovenske kulturne scene i društvenoj devoluciji čiji smo savremenici.
Posebnu knjigu posvetili ste svojim prijateljima, pesnicima iz Vojvodine. Po čemu srpska kultura treba da ih pamti?
Knjiga „Neočekivani pesnici” posvećena je književnim ali i ljudskim likovima Judite Šalgo, Vujice Rešin Tucića, Voje Despotova i Petru Krdua. Poznavao sam ove zatočnike apsolutnog modernizma, neovangardiste (prvo troje) i neonadrealistu Krdua iz Vršca. Sarađivali smo. Vrhunski umetnici i intelektualci, svi su igrali po nekoliko važnih uloga na našoj književnoj sceni i sada nam, posle preranih smrti, jako i nenadoknadivo nedostaju. Knjigom sam želeo da mladim pesnicima i piscima uopšte predočim njihova dela, da ih upoznam sa nečim što je izvanredno, potisnuto u stranu, a živo i podsticajno.
Priče Judite Šalgo su vas podstakle da napišete i varijacije na njene teme...
Kao prozni pisac, Judita je bila inovativna jednako kao i pesnik. U svojoj pesničkoj karijeri se neprekidno menjala, u proznoj je ostala dosledna istraživanjima forme. Pišući priče po Juditinim modelima, hteo sam da pokažem koliko volim njenu prozu, ali i koliko zdrave energije leži u njenim istraživanjima.
Zbog čega su i posle par decenija aktuelne pesme Vojislava Despotova „Mišja niša” i „ Kad bismo se ponovo rodili”?
Slutim i verujem da će Despotov, kao pesnik, romansijer i esejista, u budućnosti biti uticajniji nego što je trenutno. Pomenute pesme, kao i mnoge druge, primeri su postmoderne strategije, jednoj po paradoksalnoj i humornoj strategiji označavanja, univerzalnoj lirici. Kad čitate najbolje pesme Despotova, vi osećate radost kao kad čitate Ruževiča ili Šimborsku, recimo. Slično je i sa Petru Krduom. Njegove pesme ne zaostaju za Mišoom ili Staneskuom.
Kako biste opisali nove generacije pesnika?
Prija mi njihova energija i savremenost, a smeta što mnogi liče jedni na druge i što se povremeno vidi da su nedovoljno načitani. Tzv. automatska „pesnička proizvodnja” i „lirska proza” su zgodne kao početak ali ne i kao produžetak njihovih karijera. Ali i nova generacija će se suočiti s vremenom koje dolazi i opstaće najtalentovaniji i najuporniji. Važno je da budu slobodni i da se ne podaju lukrativnom tradicionalizmu.
</article-text-transliterated></article><comments><comments-count>11</comments-count><comments-list><comment comment-id="1"><comment-parent-id /><comment-text>Vasa Pavković je pisac i kritičar od velikog autoriteta. S pravom. Njegova rečenica (naslovljena) "Knjigama sam se lečio od zle istorije" govori sve... </comment-text><comment-text-transliterated>Vasa Pavković je pisac i kritičar od velikog autoriteta. S pravom. Njegova rečenica (naslovljena) "Knjigama sam se lečio od zle istorije" govori sve... </comment-text-transliterated></comment><comment comment-id="2"><comment-parent-id /><comment-text>Za Ritu od Zemun Polja: 1. Gospodja Rita od Zemun Polja "kao žena" uočava da ja ne volim ljude. A kako to neko "kao muškarac" uočava da ja ne volim ljude? 2. Evropejac može da bude mizantrop, ne samo čovek "pozitivnog pogleda"; 3. na Netu se o nekom piscu obaveštavaju samo komotni i lenji duhovi; 4. svakom piscu je pisanje terapeutski čin, i Vasi i meni, ali stoga isti ne moraju da trče kod "dr Jerotića"; 5. vehementno ne voleti žensko pismo - veoma "pismena" opaska; 6. šta je to "žensko pismo"? - piše čovek, a žena je čovek; "žensko pismo" je pomodna besmislica; 7. "koncilijantno pisati na srpskom jeziku" - postoji li za "koncilijantno" srpska reč? "Ršum" je za mene nepostojeći pisac i ne znam ko je isti gospodin.  Lj. Ršumović, takodje.  A nemam volje ni da upoznam "koncilijantno" pisanje B. Radovića; 8. očigledni neuspesi ne mogu tek tako biti proglašavani uspesima. Čemu onda služi kritika? Da veliča neuspešne uspehe? </comment-text><comment-text-transliterated>Za Ritu od Zemun Polja: 1. Gospodja Rita od Zemun Polja "kao žena" uočava da ja ne volim ljude. A kako to neko "kao muškarac" uočava da ja ne volim ljude? 2. Evropejac može da bude mizantrop, ne samo čovek "pozitivnog pogleda"; 3. na Netu se o nekom piscu obaveštavaju samo komotni i lenji duhovi; 4. svakom piscu je pisanje terapeutski čin, i Vasi i meni, ali stoga isti ne moraju da trče kod "dr Jerotića"; 5. vehementno ne voleti žensko pismo - veoma "pismena" opaska; 6. šta je to "žensko pismo"? - piše čovek, a žena je čovek; "žensko pismo" je pomodna besmislica; 7. "koncilijantno pisati na srpskom jeziku" - postoji li za "koncilijantno" srpska reč? "Ršum" je za mene nepostojeći pisac i ne znam ko je isti gospodin.  Lj. Ršumović, takodje.  A nemam volje ni da upoznam "koncilijantno" pisanje B. Radovića; 8. očigledni neuspesi ne mogu tek tako biti proglašavani uspesima. Čemu onda služi kritika? Da veliča neuspešne uspehe? </comment-text-transliterated></comment><comment comment-id="2-1"><comment-parent-id>2</comment-parent-id><comment-text>Kad sam napisala: vehementno i koncilijantno, mislila sam na opozitivni karakter ovih reči.  Svađalačko i pomirljivo, plaho i stišano. Gospodin Tomašević ide u krajnost - vehementnost. On negira Internet kao mesto za sticanje informacija. Zatim bez dokaza negira Ršumovića kao pesnika. Verovatno i njega smatra da je ''ojkački'' pesnik sa Zlatibora. Ali gospodine Evropejac, ako ste kad putovali avionom na Zapad, onda bi trebalo da znate sledeće: Kao etnomuzikolškinja i profesorica (zemunska!), doletela sam u prošle godine u Ženevu. Dok sam čekala stvari iz aviona, iz aerodromskog zvučnika se čulo njihovo lepo jodlovanje, što je slično našem balkanskom ojkanju. Dakle, pametan svet se ponosi svojom baštinom. Vi se stidite.  Zato niste pesnik. Čitala sam na Netu da budete i u Insbruku. I tamo se čuje jodlovanje! Oslušnite. Ko ne ceni svoje,  uzlalud hvali tuđe.  Jodlujte, počnite, jer vi usvajate evropske vrednosti. I ne napadajte Ršuma kojem niste ni do kolena.</comment-text><comment-text-transliterated>Kad sam napisala: vehementno i koncilijantno, mislila sam na opozitivni karakter ovih reči.  Svađalačko i pomirljivo, plaho i stišano. Gospodin Tomašević ide u krajnost - vehementnost. On negira Internet kao mesto za sticanje informacija. Zatim bez dokaza negira Ršumovića kao pesnika. Verovatno i njega smatra da je ''ojkački'' pesnik sa Zlatibora. Ali gospodine Evropejac, ako ste kad putovali avionom na Zapad, onda bi trebalo da znate sledeće: Kao etnomuzikolškinja i profesorica (zemunska!), doletela sam u prošle godine u Ženevu. Dok sam čekala stvari iz aviona, iz aerodromskog zvučnika se čulo njihovo lepo jodlovanje, što je slično našem balkanskom ojkanju. Dakle, pametan svet se ponosi svojom baštinom. Vi se stidite.  Zato niste pesnik. Čitala sam na Netu da budete i u Insbruku. I tamo se čuje jodlovanje! Oslušnite. Ko ne ceni svoje,  uzlalud hvali tuđe.  Jodlujte, počnite, jer vi usvajate evropske vrednosti. I ne napadajte Ršuma kojem niste ni do kolena.</comment-text-transliterated></comment><comment comment-id="3"><comment-parent-id /><comment-text>Vrednost kritičarskog rada g. Vase Pavkovića jeste što ovaj kritičar nikada nije pisao o pesnicima "ojkačima", onim, dakle pjesnicima koji su se samo fizički preselili sa jednog tla na drugo a na to drugo tle su  poneli samo svoje sunovrate, ne pokušavši da na tom drugom tlu i sa njegovih vidokruga nešto i nauče. Tako ostadoše zauvek retrogradni i u 19. veku. Njima je poslednji rat tek doneo krila da u svojim pesničkim knjigama ispisuju ostavinske rasprave i iskazuju koliko svoje besmislice, toliko i svoju apsolutnu netolerentnost spram drugog i drugačijeg. Isti u vidokrug i poruke evropskog pesništva još nisu ušli. A kada će i da li će - to nas ne mora da interesuje. Ovo je odgovor bezimenom komentatoru koji sebe nazva: "Vejači ovejane suštine". A odgovor "Jasmini NBS" bi mogao biti sledeći: zna V. Pavković kakva sva primitivna pojanja nastaju kada se ispevavaju pesme na tzv: "duhovne teme" i kakvi prenemagajućii zanosi se na te teme  ispisuju, pogotovo u poslednjih trideset godina.</comment-text><comment-text-transliterated>Vrednost kritičarskog rada g. Vase Pavkovića jeste što ovaj kritičar nikada nije pisao o pesnicima "ojkačima", onim, dakle pjesnicima koji su se samo fizički preselili sa jednog tla na drugo a na to drugo tle su  poneli samo svoje sunovrate, ne pokušavši da na tom drugom tlu i sa njegovih vidokruga nešto i nauče. Tako ostadoše zauvek retrogradni i u 19. veku. Njima je poslednji rat tek doneo krila da u svojim pesničkim knjigama ispisuju ostavinske rasprave i iskazuju koliko svoje besmislice, toliko i svoju apsolutnu netolerentnost spram drugog i drugačijeg. Isti u vidokrug i poruke evropskog pesništva još nisu ušli. A kada će i da li će - to nas ne mora da interesuje. Ovo je odgovor bezimenom komentatoru koji sebe nazva: "Vejači ovejane suštine". A odgovor "Jasmini NBS" bi mogao biti sledeći: zna V. Pavković kakva sva primitivna pojanja nastaju kada se ispevavaju pesme na tzv: "duhovne teme" i kakvi prenemagajućii zanosi se na te teme  ispisuju, pogotovo u poslednjih trideset godina.</comment-text-transliterated></comment><comment comment-id="3-1"><comment-parent-id>3</comment-parent-id><comment-text>Uočavam kao žena da je Boško namršteni dokoličar koji ne voli  ljude.  U Evropi kažu mizantrop. Netrpeljiv je. Nije pozitivnog pogleda. A veliča sebe kao tzv. Evropejac.  Nikad nisam čula za njega. A kad sam na Netu pronašla nešto o njemu, videla sam da je netalentovan. Nema tu ni mrvice od pesnika ili književnika.  Sad se grebe uz kritičara Pavkovića da ovaj o njemu nešto napiše.  Dodvorava mu se. Izgleda da je Tomaševiću kao i Pavkoviću ''pisanje'' knjiga terapeutski čin.  Mogao bi na razgovor sa cenjenim Vladetom Jerotićem. Da mu psihoterapet pomogne da se smiri kao tračer. Boško Tomašević vehementno ne voli - ni žensko pismo.  Jasmina je tačno napisala komentar. Na Netu sam pronašla da Boško Tomašević  stalno komentariše tuđe uspehe, mrzovoljno i zavidno. Otkud toliko zlobe u tom nepoznatom čoveku? Bolje bi bilo da čita Ršuma i B. Radovića. Da uoči i nauči kako se koncilijantno piše na srpskom jeziku. </comment-text><comment-text-transliterated>Uočavam kao žena da je Boško namršteni dokoličar koji ne voli  ljude.  U Evropi kažu mizantrop. Netrpeljiv je. Nije pozitivnog pogleda. A veliča sebe kao tzv. Evropejac.  Nikad nisam čula za njega. A kad sam na Netu pronašla nešto o njemu, videla sam da je netalentovan. Nema tu ni mrvice od pesnika ili književnika.  Sad se grebe uz kritičara Pavkovića da ovaj o njemu nešto napiše.  Dodvorava mu se. Izgleda da je Tomaševiću kao i Pavkoviću ''pisanje'' knjiga terapeutski čin.  Mogao bi na razgovor sa cenjenim Vladetom Jerotićem. Da mu psihoterapet pomogne da se smiri kao tračer. Boško Tomašević vehementno ne voli - ni žensko pismo.  Jasmina je tačno napisala komentar. Na Netu sam pronašla da Boško Tomašević  stalno komentariše tuđe uspehe, mrzovoljno i zavidno. Otkud toliko zlobe u tom nepoznatom čoveku? Bolje bi bilo da čita Ršuma i B. Radovića. Da uoči i nauči kako se koncilijantno piše na srpskom jeziku. </comment-text-transliterated></comment><comment comment-id="4"><comment-parent-id /><comment-text>Васа Павковић поезијом се двојако бави, како сам каза. Ја скромно казујем ако икако може да се никако поезијом не бави, поезије ради...</comment-text><comment-text-transliterated>Vasa Pavković poezijom se dvojako bavi, kako sam kaza. Ja skromno kazujem ako ikako može da se nikako poezijom ne bavi, poezije radi...</comment-text-transliterated></comment><comment comment-id="5"><comment-parent-id /><comment-text>Ko pjesnike dijeli na tradicionaliste i avangardiste, moderniste i postmoderniste, ne treba da se bavi poezijom. Ovaj intervju mi miriše na nešto bez mirisa.</comment-text><comment-text-transliterated>Ko pjesnike dijeli na tradicionaliste i avangardiste, moderniste i postmoderniste, ne treba da se bavi poezijom. Ovaj intervju mi miriše na nešto bez mirisa.</comment-text-transliterated></comment><comment comment-id="6"><comment-parent-id /><comment-text>Приметила сам одмах препотентан став господина Павковића: ''У поезији песма о духовности и духовницима најчешће је знатно мање успела него песма о чаши воде, песма о соколовом лету или крошњи јаблана.'' Каква (не)очекивана фраза!  Ниподаштавати духовну поезију значи, на пример, игнорисати Ивана В. Лалића и његове духовне песме. Али тако бива када атеисти говоре о духовној поезији. Наслушала сам се и начитала оваквих површних ставова. Јер, поезија је поезија ако је добра, на сваку тему.  Било да је посвећена духовнику или орлу и киши.</comment-text><comment-text-transliterated>Primetila sam odmah prepotentan stav gospodina Pavkovića: ''U poeziji pesma o duhovnosti i duhovnicima najčešće je znatno manje uspela nego pesma o čaši vode, pesma o sokolovom letu ili krošnji jablana.'' Kakva (ne)očekivana fraza!  Nipodaštavati duhovnu poeziju znači, na primer, ignorisati Ivana V. Lalića i njegove duhovne pesme. Ali tako biva kada ateisti govore o duhovnoj poeziji. Naslušala sam se i načitala ovakvih površnih stavova. Jer, poezija je poezija ako je dobra, na svaku temu.  Bilo da je posvećena duhovniku ili orlu i kiši.</comment-text-transliterated></comment><comment comment-id="7"><comment-parent-id /><comment-text>Kad god čitate nešto od g. Vase Pavkovića vi se osećate očarano. Ta očaranost proishodi iz njegove iskrenosti, čestitosti i poverenja u njegov kritičarski sud. Nepodmitljiv je pa stoga, srećom,  stoji izvan dometa onih koji svaki čas, na jedan nečastan način, proizvode književne paravrednosti. I sâm kritičar, on je u ovom razgovoru sa novinarkom "Politike" izneo tačan sud o korumpiranim kritičarima koje roj netalentovanih pesnika uspeva da "nahvata", pri čemu nečasni kritičari pišu slavopojke o pesničkom čoporu sa djubrišta. Poezija živi od neočekivanosti. Pavkovićevi "Neočekivani pesnici" su sjajan omaž toj ideji i divna hvala velikim vojvodjanskim pesnicima, koji su, de facto, svetski - V. Rešinu Tuciću, J. Šalgo, V. Despotovu i P. Krduu. Ko danas piše o svojim preminulim kolegama koji su ostavili značajan trag u srpskoj književnosti svedočanstva koja su, zapravo, zov mladim pesnicima i kritičarima na časno posvećenje onim čime se bave. U tom smislu kolega Pavković je i učitelj.</comment-text><comment-text-transliterated>Kad god čitate nešto od g. Vase Pavkovića vi se osećate očarano. Ta očaranost proishodi iz njegove iskrenosti, čestitosti i poverenja u njegov kritičarski sud. Nepodmitljiv je pa stoga, srećom,  stoji izvan dometa onih koji svaki čas, na jedan nečastan način, proizvode književne paravrednosti. I sâm kritičar, on je u ovom razgovoru sa novinarkom "Politike" izneo tačan sud o korumpiranim kritičarima koje roj netalentovanih pesnika uspeva da "nahvata", pri čemu nečasni kritičari pišu slavopojke o pesničkom čoporu sa djubrišta. Poezija živi od neočekivanosti. Pavkovićevi "Neočekivani pesnici" su sjajan omaž toj ideji i divna hvala velikim vojvodjanskim pesnicima, koji su, de facto, svetski - V. Rešinu Tuciću, J. Šalgo, V. Despotovu i P. Krduu. Ko danas piše o svojim preminulim kolegama koji su ostavili značajan trag u srpskoj književnosti svedočanstva koja su, zapravo, zov mladim pesnicima i kritičarima na časno posvećenje onim čime se bave. U tom smislu kolega Pavković je i učitelj.</comment-text-transliterated></comment><comment comment-id="7-1"><comment-parent-id>7</comment-parent-id><comment-text>Blago onome kog Vasa Pavković uči poeziji, moći će da se nauči nekreativnom pisanju, a tek kome Boško Tomašević prelije esencije iz svog pesništva bitnog i suštinskog </comment-text><comment-text-transliterated>Blago onome kog Vasa Pavković uči poeziji, moći će da se nauči nekreativnom pisanju, a tek kome Boško Tomašević prelije esencije iz svog pesništva bitnog i suštinskog </comment-text-transliterated></comment><comment comment-id="7-2"><comment-parent-id>7</comment-parent-id><comment-text>Чика Јова Змај има једну песму о циганину који свога коња хвали.
Препоручила бих да је поново прочитате.</comment-text><comment-text-transliterated>Čika Jova Zmaj ima jednu pesmu o ciganinu koji svoga konja hvali.
Preporučila bih da je ponovo pročitate.</comment-text-transliterated></comment></comments-list></comments></document>