<document global-id="sr-01-1222"><url>http://www.politika.rs/scc/clanak/355854/%D0%9A%D1%83%D0%B1%D0%B0-%D1%83-%D0%88%D0%B5%D0%B2%D1%82%D0%B8%D1%9B%D0%B5%D0%B2%D0%BE%D1%98-%D0%BF%D0%BE%D0%B5%D0%BC%D0%B8</url><source-id>sr-01</source-id><local-id>sr-01-1222</local-id><source-name>Politika</source-name><article><article-title>Куба у Јевтићевој поеми</article-title><article-title-transliterated>Kuba u Jevtićevoj poemi</article-title-transliterated><article_time>2016-05-26</article_time><article-author>B. Lijeskić</article-author><article-text>
Звуци Кубе. Увек инспиративни за оног ко слуша, игра, пева...
Тако су деловали и на београдског композитора и академика Ивана Јевтића, након недавног боравка у Хавани, где је у кубанском националном театру одржано Вече његових соло песама.
Три сопрана и један тенор извели су том приликом пет Јевтићевих композиција, сала је била пуна и публика задовољна, а и сам аутор. По повратку у Београд композитор Јевтић нам је препричао утиске, а уз то најавио да је у припреми монографија посвећена његовом композиторском делу, коју ће на јесен објавити „Паидеја“ на српском и француском језику.
Иван Јевтић створио је значајан опус који броји око стотинак дела написаних за камерне и симфонијске ансамбле, посебан афинитет има према концертантном жанру, а велики успех постигао је са опером „Мандрагола“.
Компоновао је за чувене солисте на клавиру, труби, туби, виолончелу, виоли, флаути. – У театру „Лирико национал де Куба“, у малој сали био је недавно одржан целовечерњи концерт моје вокалне музике са првацима кубанске опере.
Између осталих, изведен је познати циклус „Крхотине леда“ са Камерним националним оркестром Кубе. Млада диригенткиња Марисол савесно је и професионално одрадила свој музички задатак – каже Јевтић.
До сарадње између кубанских уметника и нашег композитора Ивана Јевтића, који живи и ради на релацији Србија–Француска, дошло је након његовог првог боравка на Куби, у јануару прошле године.
Наш уметник је тамо отпутовао на позив некадашњег амбасадора Кубе у Београду Хуана Санчеза Монрое.
– Одушевио сам се кубанским гостопримством и поднебљем, толико да сам почео да пишем, и завршио сам први део, симфонијску поему „Куба ероика“, у коју сам укључио кубанску музику са улице. И тај први део већ је снимио Симфонијски оркестар РТС, са диригентом Станком Јовановићем. Ово дело биће изведено као светска премијера у новембру на Фестивалу савремене музике у Хавани. Употребио сам у овој композицији топониме речи Куба и Грама, како се звао брод којим су Кастро и Че Гевара дошли у Санта Клару и почели револуцију 1959. Све се то лако ставља у ноте. Баш као што је Бах писао на тему акронима свог презимена (Bach), али и други музичари. Мој инструмент је труба, а то одговара и Кубанцима, рекао бих да је то наша спона – истиче Јевтић.
Кад је реч о монографији која ће бити објављена на јесен, наш саговорник саопштава детаље:
– Монографију је написала музиколог др Силвија Нићифор из Париза, и то је прва монографија која је после много година посвећена неком домаћем композитору. Нажалост, Стеван Христић нема монографију, Петар Коњовић и Василије Мокрањац такође. Монографија ће садржати све о мом животу, раду, анализе мојих музичких дела. Биће објављена на српском и француском језику, са фотографијама и страницама из мојих партитура.
</article-text><article-text-transliterated>
Zvuci Kube. Uvek inspirativni za onog ko sluša, igra, peva...
Tako su delovali i na beogradskog kompozitora i akademika Ivana Jevtića, nakon nedavnog boravka u Havani, gde je u kubanskom nacionalnom teatru održano Veče njegovih solo pesama.
Tri soprana i jedan tenor izveli su tom prilikom pet Jevtićevih kompozicija, sala je bila puna i publika zadovoljna, a i sam autor. Po povratku u Beograd kompozitor Jevtić nam je prepričao utiske, a uz to najavio da je u pripremi monografija posvećena njegovom kompozitorskom delu, koju će na jesen objaviti „Paideja“ na srpskom i francuskom jeziku.
Ivan Jevtić stvorio je značajan opus koji broji oko stotinak dela napisanih za kamerne i simfonijske ansamble, poseban afinitet ima prema koncertantnom žanru, a veliki uspeh postigao je sa operom „Mandragola“.
Komponovao je za čuvene soliste na klaviru, trubi, tubi, violončelu, violi, flauti. – U teatru „Liriko nacional de Kuba“, u maloj sali bio je nedavno održan celovečernji koncert moje vokalne muzike sa prvacima kubanske opere.
Između ostalih, izveden je poznati ciklus „Krhotine leda“ sa Kamernim nacionalnim orkestrom Kube. Mlada dirigentkinja Marisol savesno je i profesionalno odradila svoj muzički zadatak – kaže Jevtić.
Do saradnje između kubanskih umetnika i našeg kompozitora Ivana Jevtića, koji živi i radi na relaciji Srbija–Francuska, došlo je nakon njegovog prvog boravka na Kubi, u januaru prošle godine.
Naš umetnik je tamo otputovao na poziv nekadašnjeg ambasadora Kube u Beogradu Huana Sančeza Monroe.
– Oduševio sam se kubanskim gostoprimstvom i podnebljem, toliko da sam počeo da pišem, i završio sam prvi deo, simfonijsku poemu „Kuba eroika“, u koju sam uključio kubansku muziku sa ulice. I taj prvi deo već je snimio Simfonijski orkestar RTS, sa dirigentom Stankom Jovanovićem. Ovo delo biće izvedeno kao svetska premijera u novembru na Festivalu savremene muzike u Havani. Upotrebio sam u ovoj kompoziciji toponime reči Kuba i Grama, kako se zvao brod kojim su Kastro i Če Gevara došli u Santa Klaru i počeli revoluciju 1959. Sve se to lako stavlja u note. Baš kao što je Bah pisao na temu akronima svog prezimena (Bach), ali i drugi muzičari. Moj instrument je truba, a to odgovara i Kubancima, rekao bih da je to naša spona – ističe Jevtić.
Kad je reč o monografiji koja će biti objavljena na jesen, naš sagovornik saopštava detalje:
– Monografiju je napisala muzikolog dr Silvija Nićifor iz Pariza, i to je prva monografija koja je posle mnogo godina posvećena nekom domaćem kompozitoru. Nažalost, Stevan Hristić nema monografiju, Petar Konjović i Vasilije Mokranjac takođe. Monografija će sadržati sve o mom životu, radu, analize mojih muzičkih dela. Biće objavljena na srpskom i francuskom jeziku, sa fotografijama i stranicama iz mojih partitura.
</article-text-transliterated></article><comments><comments-count>1</comments-count><comments-list><comment comment-id="1"><comment-parent-id /><comment-text>Nije Grama nego Granma.</comment-text><comment-text-transliterated>Nije Grama nego Granma.</comment-text-transliterated></comment></comments-list></comments></document>