<?xml version="1.0" encoding="utf-8"?>
<document global-id="sr-01-1350">
	<url>http://www.politika.rs/scc/clanak/421925/%D0%9C%D0%B0%D0%BB%D0%B8-%D0%B1%D1%80%D0%B0%D1%87%D0%BD%D0%B8-%D0%B7%D0%BB%D0%BE%D1%87%D0%B8%D0%BD%D0%B8</url>
	<source-id>sr-01</source-id>
	<local-id>1350</local-id>
	<source-name>Politika</source-name>
	<article>
		<article-title>Мали брачни злочини</article-title>
		<article-title-transliterated>Mali bračni zločini</article-title-transliterated>
		<article-time>2019-02-04</article-time>
		<article-author>A. K.</article-author>
		<article-text>Библиотека без прашине није библиотека. Ни мрвице од хлеба не треба склањати са стола, светло не мора да се гаси… Набраја супруга све оно што је њен муж током деценије и по заједничког живота усвојио као правило. Он се тога не сећа. Амнезија га је одвела у неки други свет у коме више не зна ко је његова сапутница. За њега је непозната и фотеља у којој је радо седео, баш као и амбијент властите дневне собе.
Представа „Мали брачни злочини”, према тексту француског писца Ерика Емануела Шмита, у режији Филипа Гринвалда, изведена је на сцени „Раша Плаовић” Народног позоришта.
У фокусу ове приче су модерни супружници Жил и Лиз. Сазнавши да јој супруг има амнезију, жена покушава да то искористи и убеди брачног друга у нешто што се није десило. Њих двоје већ одавно бауљају у досадној свакодневици. Страсти су се угасиле, а гунђања процветала. Упркос чамотињи која је нагризла брак они очајнички траже љубав.
Играли су Нела Михаиловић и Борис Пинговић.
Драматургију је урадио Жељко Хубач, а сценографију Борис Максимовић. Костиме је осмислила Сара Куртовић. Текст је с француског језика превела Станица Лазаревић. За избор музике био је задужен Филип Гринвалд.</article-text>
		<article-text-transliterated>Biblioteka bez prašine nije biblioteka. Ni mrvice od hleba ne treba sklanjati sa stola, svetlo ne mora da se gasi… Nabraja supruga sve ono što je njen muž tokom decenije i po zajedničkog života usvojio kao pravilo. On se toga ne seća. Amnezija ga je odvela u neki drugi svet u kome više ne zna ko je njegova saputnica. Za njega je nepoznata i fotelja u kojoj je rado sedeo, baš kao i ambijent vlastite dnevne sobe.
Predstava „Mali bračni zločini”, prema tekstu francuskog pisca Erika Emanuela Šmita, u režiji Filipa Grinvalda, izvedena je na sceni „Raša Plaović” Narodnog pozorišta.
U fokusu ove priče su moderni supružnici Žil i Liz. Saznavši da joj suprug ima amneziju, žena pokušava da to iskoristi i ubedi bračnog druga u nešto što se nije desilo. Njih dvoje već odavno bauljaju u dosadnoj svakodnevici. Strasti su se ugasile, a gunđanja procvetala. Uprkos čamotinji koja je nagrizla brak oni očajnički traže ljubav.
Igrali su Nela Mihailović i Boris Pingović.
Dramaturgiju je uradio Željko Hubač, a scenografiju Boris Maksimović. Kostime je osmislila Sara Kurtović. Tekst je s francuskog jezika prevela Stanica Lazarević. Za izbor muzike bio je zadužen Filip Grinvald.</article-text-transliterated>
	</article>
	<comments>
		<comments-count>1</comments-count>
		<comments-list>
			<comment comment-id="1">
				<comment-parent-id/>
				<comment-text>ODLIČNA REŽIJA I GLUMA.....</comment-text>
				<comment-text-transliterated>ODLIČNA REŽIJA I GLUMA.....</comment-text-transliterated>
			</comment>
		</comments-list>
	</comments>
</document>
