<?xml version="1.0" encoding="utf-8"?>
<document global-id="sr-01-1036">
	<url>http://www.politika.rs/scc/clanak/368813/%D0%9A%D0%B0%D0%BA%D0%BE-%D1%9B%D0%B5-%D0%BD%D0%B0-%D1%81%D0%BF%D0%BE%D1%99%D0%BD%D1%83-%D0%BF%D0%BE%D0%BB%D0%B8%D1%82%D0%B8%D0%BA%D1%83-%D0%A4%D0%B8%D1%98%D0%BE%D0%BD%D0%B0-%D1%83%D1%82%D0%B8%D1%86%D0%B0%D1%82%D0%B8-%D0%B2%D0%B5%D0%B7%D0%B0-%D1%81-%D0%9F%D1%83%D1%82%D0%B8%D0%BD%D0%BE%D0%BC</url>
	<source-id>sr-01</source-id>
	<local-id>1036</local-id>
	<source-name>Politika</source-name>
	<article>
		<article-title>Како ће на спољну политику Фијона утицати веза с Путином?</article-title>
		<article-title-transliterated>Kako će na spoljnu politiku Fijona uticati veza s Putinom?</article-title-transliterated>
		<article-time>2016-11-27</article-time>
		<article-author/>
		<article-text>ПАРИЗ – Франсоа Фијон, који је на данас одржаним унутарстраначким изборима десног центра изабран за кандидата за будућег председника Француске, залаже се за ближе односе са Москвом, а његова блискост са руским председником Владимиром Путином изазвала је питања о томе какву би спољну политику водио, пише АФП.
Фијон, који је везу са Путином успоставио у време када су обојица вршили функције премијера својих држава, од 2008. до 2012. године, позвао је ЕУ да укине санкције Москви, које су уведене након што је Русија припојила Крим 2014. године.
Бивши француски премијер сматра да Париз треба да задржи савезништво са Вашингтоном, али обнови везе са Москвом, које види као кључне за решавање сукоба у Сирији.
„Питање је: морамо ли наставити да провоцирамо Русе, одбијамо дијалог са њима и вршимо протисак на њих да буду све насилнији, агресивнији и све мање европски?”, упитао је Фијон једном приликом у октобру.
Руски медији су га описивали као „пријатеља Москве” који може да поправи односе између две земље који су се погоршали због припајања Крима Русији 2014. и руске подршке проруским активистима на истоку Украјине.
Бивши шеф француске дипломатије Бернар Кушнер, који је радио са Фијоном, рекао је раније за АФП да Путина и Фијона везује „пријатељство и узајамно разумевање”.
У завршној дебати са донедавним ривалом Аленом Жипеом, Фијон је истакао да не одобрава окупацију Крима оценио је да је питање независности Косова било „дискутабилно”.
„Не одобравам окупацију Крима као што је и питање независности Косова било дискутабилно”, рекао је Фијон.
Фијон, који је био премијер Француске од 2007. до 2012. године, осведочени је католик, друштвено конзервативан и отац петоро деце који је са супругом Пенелопе, Велшанком, више од 30 година у браку и с којом живи у кући из 12. века.
Ипак, познат је и као љубитељ ауто-трка и реформе слободног тржишта.
Својевремено је гласао против закона о истополним браковима и најављивао је да ће се залагати за његову измену. Када је реч о абортусу, говорио је да се лично томе противи, али да неће мењати тај закон.
„Моја савест је моја ствар”, рекао је Фијон током једне од дебата за унутрастранашке изборе републиканаца.
У поређењу са Жипеом, такође има тврдокорнији став о питањима идентитета и ислама који су доминирали кампањом републиканаца након низа напада џихадиста у Француској.
„Не, Француска није мултикултурална земља. Француска има историју, језик и културу које су природно обогаћене споља”, рекао је Фијон.
Фијон, велики поштовалац Маргарет Тачер, има радикални економски реформски програм, а током дебате је изнео намеру да укидање 500.000 функционерских радних места до 2022. надокнади повећањем радног времена са 35 на 39 сати недељно.
„Сви морају да учине напор, да раде више а зарађују мало мање”, поручио је Фијон.
Упозорио је да је Француска на „на ивици револта” наводећи да верује да је његов план да укине 500.000 радних места у јавном сектору и повећа радно време начин да се покрене економија, преноси Танјуг.</article-text>
		<article-text-transliterated>PARIZ – Fransoa Fijon, koji je na danas održanim unutarstranačkim izborima desnog centra izabran za kandidata za budućeg predsednika Francuske, zalaže se za bliže odnose sa Moskvom, a njegova bliskost sa ruskim predsednikom Vladimirom Putinom izazvala je pitanja o tome kakvu bi spoljnu politiku vodio, piše AFP.
Fijon, koji je vezu sa Putinom uspostavio u vreme kada su obojica vršili funkcije premijera svojih država, od 2008. do 2012. godine, pozvao je EU da ukine sankcije Moskvi, koje su uvedene nakon što je Rusija pripojila Krim 2014. godine.
Bivši francuski premijer smatra da Pariz treba da zadrži savezništvo sa Vašingtonom, ali obnovi veze sa Moskvom, koje vidi kao ključne za rešavanje sukoba u Siriji.
„Pitanje je: moramo li nastaviti da provociramo Ruse, odbijamo dijalog sa njima i vršimo protisak na njih da budu sve nasilniji, agresivniji i sve manje evropski?”, upitao je Fijon jednom prilikom u oktobru.
Ruski mediji su ga opisivali kao „prijatelja Moskve” koji može da popravi odnose između dve zemlje koji su se pogoršali zbog pripajanja Krima Rusiji 2014. i ruske podrške proruskim aktivistima na istoku Ukrajine.
Bivši šef francuske diplomatije Bernar Kušner, koji je radio sa Fijonom, rekao je ranije za AFP da Putina i Fijona vezuje „prijateljstvo i uzajamno razumevanje”.
U završnoj debati sa donedavnim rivalom Alenom Žipeom, Fijon je istakao da ne odobrava okupaciju Krima ocenio je da je pitanje nezavisnosti Kosova bilo „diskutabilno”.
„Ne odobravam okupaciju Krima kao što je i pitanje nezavisnosti Kosova bilo diskutabilno”, rekao je Fijon.
Fijon, koji je bio premijer Francuske od 2007. do 2012. godine, osvedočeni je katolik, društveno konzervativan i otac petoro dece koji je sa suprugom Penelope, Velšankom, više od 30 godina u braku i s kojom živi u kući iz 12. veka.
Ipak, poznat je i kao ljubitelj auto-trka i reforme slobodnog tržišta.
Svojevremeno je glasao protiv zakona o istopolnim brakovima i najavljivao je da će se zalagati za njegovu izmenu. Kada je reč o abortusu, govorio je da se lično tome protivi, ali da neće menjati taj zakon.
„Moja savest je moja stvar”, rekao je Fijon tokom jedne od debata za unutrastranaške izbore republikanaca.
U poređenju sa Žipeom, takođe ima tvrdokorniji stav o pitanjima identiteta i islama koji su dominirali kampanjom republikanaca nakon niza napada džihadista u Francuskoj.
„Ne, Francuska nije multikulturalna zemlja. Francuska ima istoriju, jezik i kulturu koje su prirodno obogaćene spolja”, rekao je Fijon.
Fijon, veliki poštovalac Margaret Tačer, ima radikalni ekonomski reformski program, a tokom debate je izneo nameru da ukidanje 500.000 funkcionerskih radnih mesta do 2022. nadoknadi povećanjem radnog vremena sa 35 na 39 sati nedeljno.
„Svi moraju da učine napor, da rade više a zarađuju malo manje”, poručio je Fijon.
Upozorio je da je Francuska na „na ivici revolta” navodeći da veruje da je njegov plan da ukine 500.000 radnih mesta u javnom sektoru i poveća radno vreme način da se pokrene ekonomija, prenosi Tanjug.</article-text-transliterated>
	</article>
	<comments>
		<comments-count>9</comments-count>
		<comments-list>
			<comment comment-id="1">
				<comment-parent-id/>
				<comment-text>Tacno pitanje glasi:,,Kako V.Putin,utice na spoljnu politiku,izbore i ekonomiju u Francuskoj,EU,SAD i Turskoj,a da to uopste i ne zeli''   Nagradni odgovor glasi:,,Pitajte one koji su zavitlali bumerang.''</comment-text>
				<comment-text-transliterated>Tacno pitanje glasi:,,Kako V.Putin,utice na spoljnu politiku,izbore i ekonomiju u Francuskoj,EU,SAD i Turskoj,a da to uopste i ne zeli''   Nagradni odgovor glasi:,,Pitajte one koji su zavitlali bumerang.''</comment-text-transliterated>
			</comment>
			<comment comment-id="2">
				<comment-parent-id/>
				<comment-text>Pitanje iz naslova je tipicno za &quot;Rojters&quot; i ostale glasogovornike finansijskih  elita,sa obe obale okeana.Za  obicnog, identitetski i ekonomski ugrozenog-  imunog na Novogovor i politicku korektnost,francuskog glasaca pitanje je:  &quot;Kako tu vezu iskoristiti da Francuska povrati izgubljeni suverinitet?&quot;Pa iekonomski.  Kako obuzdati nezajazljivu pantljicaru, od skoro 6 miliona funkcionara i oko 600  hiljada izabranih predstavnika od lokalnog do drzavnog nivoa,kako ublaziti socijalnu  nepravdu ,kako smanjiti nezaposlenost i pruziti kakvu takvu perspektivu...? Odgovor  na njih ce odluciti pobednika (F.Fillon ili M.Le Pen) na dolazecim predsednickim izborima.  Delitelje lekcija o svemu i svacemu iz takozvane &quot;levice&quot; iskljucujem jer su odavno,  ziveci iskljucivo na drzavnim jaslama,odnarodjeni.Primer ? U prvoj vladi M.Valsa od  17 ministra  sa ukupno 531 godina &quot;radnog staza&quot;,samo je 1(JEDAN) imao i 3 (TRI)  godine staza u realnom sektoru.Sve ekspert do eksperta.</comment-text>
				<comment-text-transliterated>Pitanje iz naslova je tipicno za &quot;Rojters&quot; i ostale glasogovornike finansijskih  elita,sa obe obale okeana.Za  obicnog, identitetski i ekonomski ugrozenog-  imunog na Novogovor i politicku korektnost,francuskog glasaca pitanje je:  &quot;Kako tu vezu iskoristiti da Francuska povrati izgubljeni suverinitet?&quot;Pa iekonomski.  Kako obuzdati nezajazljivu pantljicaru, od skoro 6 miliona funkcionara i oko 600  hiljada izabranih predstavnika od lokalnog do drzavnog nivoa,kako ublaziti socijalnu  nepravdu ,kako smanjiti nezaposlenost i pruziti kakvu takvu perspektivu...? Odgovor  na njih ce odluciti pobednika (F.Fillon ili M.Le Pen) na dolazecim predsednickim izborima.  Delitelje lekcija o svemu i svacemu iz takozvane &quot;levice&quot; iskljucujem jer su odavno,  ziveci iskljucivo na drzavnim jaslama,odnarodjeni.Primer ? U prvoj vladi M.Valsa od  17 ministra  sa ukupno 531 godina &quot;radnog staza&quot;,samo je 1(JEDAN) imao i 3 (TRI)  godine staza u realnom sektoru.Sve ekspert do eksperta.</comment-text-transliterated>
			</comment>
			<comment comment-id="3">
				<comment-parent-id/>
				<comment-text>Прво, веза Фијона са Путином неће утицати на француску спољну политику. Фијон је есенцијални француски конзерватор, који ће прво направити озбиљне резове у Француској, а у склопу тих корака опредељивати се за решавања на међународној сцени. Ништа се спектакуларно неће десити, уз можда постепено нормализовање односа, пре свега политичких. Москва ништа више и не очекује ни од Француске, ни од Немачке, ни од Србије, нити било кога другог - будите свој на своме и сами одређујте своју политику. Па ако хоћете са Русијом да сарађујете на равноправним основама - добро је, ако нећете - опет добро. И Фијон није блесав човек да не схвата да су међудржавни односи компликовани и да промена председника не значи да се све од раније брише. У Русији постоји дубоко неповерење према партнерству са Француском (сетимо се само Мистрала) и то су односи Русија-Француска, а не Путин-Оланд или Путин-Фијон. Лако се добри односи покваре, а тешко се поправљају. Избор Фијона је само смиривање ситуације у Еврпопи.</comment-text>
				<comment-text-transliterated>Prvo, veza Fijona sa Putinom neće uticati na francusku spoljnu politiku. Fijon je esencijalni francuski konzervator, koji će prvo napraviti ozbiljne rezove u Francuskoj, a u sklopu tih koraka opredeljivati se za rešavanja na međunarodnoj sceni. Ništa se spektakularno neće desiti, uz možda postepeno normalizovanje odnosa, pre svega političkih. Moskva ništa više i ne očekuje ni od Francuske, ni od Nemačke, ni od Srbije, niti bilo koga drugog - budite svoj na svome i sami određujte svoju politiku. Pa ako hoćete sa Rusijom da sarađujete na ravnopravnim osnovama - dobro je, ako nećete - opet dobro. I Fijon nije blesav čovek da ne shvata da su međudržavni odnosi komplikovani i da promena predsednika ne znači da se sve od ranije briše. U Rusiji postoji duboko nepoverenje prema partnerstvu sa Francuskom (setimo se samo Mistrala) i to su odnosi Rusija-Francuska, a ne Putin-Oland ili Putin-Fijon. Lako se dobri odnosi pokvare, a teško se popravljaju. Izbor Fijona je samo smirivanje situacije u Evrpopi.</comment-text-transliterated>
			</comment>
			<comment comment-id="4">
				<comment-parent-id/>
				<comment-text>Svejedno je, Fijon ili La Pen, Francuska okrece ledja politici Clinton....A pored toga , nas narod kaze&quot;ne pisa se uz vetar&quot;...Ne svadja se sa jacim...Prvo razumeju Putina, a vrlo brzo ce da ga vole, pa ce ga onda svi obozavati...</comment-text>
				<comment-text-transliterated>Svejedno je, Fijon ili La Pen, Francuska okrece ledja politici Clinton....A pored toga , nas narod kaze&quot;ne pisa se uz vetar&quot;...Ne svadja se sa jacim...Prvo razumeju Putina, a vrlo brzo ce da ga vole, pa ce ga onda svi obozavati...</comment-text-transliterated>
			</comment>
			<comment comment-id="5">
				<comment-parent-id/>
				<comment-text>&quot;„Не одобравам окупацију Крима као што је и питање независности Косова било дискутабилно”, рекао је Фијон.&quot;  Понављање по сто пута неће променити основну чињеницу да Фијон ово једноставно није рекао. Ни о окупацији Крима, ни о дискутабилности Косова. Говрио је о анексији (и напоменуо да се ништа од тога не би десило да није извршен државни удар у Кијеву), а за Косово је јасно рекао да је то &quot;преседан&quot; (који је започео низ негативних последица и којим се лако може оправдати анексија Крима). Доста је више АФП памфлета и покушаја искривљавања вести. АФП, Ројтерс, АП и слични памфети, морају коначно да схвате да је Трамп победио и да не могу да заступају пропаганду одлазеће америчке клике. Зар Политика нема новинаре од апуторитета, преводиоце за руски, француски, немачки и енглески језик, па да преноси тачно ко је шта рекао? Нема смисла да читаоци константно исправљају тачност објављених вести, а не да дају коментаре на тему.</comment-text>
				<comment-text-transliterated>&quot;„Ne odobravam okupaciju Krima kao što je i pitanje nezavisnosti Kosova bilo diskutabilno”, rekao je Fijon.&quot;  Ponavljanje po sto puta neće promeniti osnovnu činjenicu da Fijon ovo jednostavno nije rekao. Ni o okupaciji Krima, ni o diskutabilnosti Kosova. Govrio je o aneksiji (i napomenuo da se ništa od toga ne bi desilo da nije izvršen državni udar u Kijevu), a za Kosovo je jasno rekao da je to &quot;presedan&quot; (koji je započeo niz negativnih posledica i kojim se lako može opravdati aneksija Krima). Dosta je više AFP pamfleta i pokušaja iskrivljavanja vesti. AFP, Rojters, AP i slični pamfeti, moraju konačno da shvate da je Tramp pobedio i da ne mogu da zastupaju propagandu odlazeće američke klike. Zar Politika nema novinare od aputoriteta, prevodioce za ruski, francuski, nemački i engleski jezik, pa da prenosi tačno ko je šta rekao? Nema smisla da čitaoci konstantno ispravljaju tačnost objavljenih vesti, a ne da daju komentare na temu.</comment-text-transliterated>
			</comment>
			<comment comment-id="6">
				<comment-parent-id/>
				<comment-text>I Mogerini je vazila za licnost nalonjenu Rusiji!</comment-text>
				<comment-text-transliterated>I Mogerini je vazila za licnost nalonjenu Rusiji!</comment-text-transliterated>
			</comment>
			<comment comment-id="7">
				<comment-parent-id/>
				<comment-text>Fijon je citavog svog zivota bio deo politickog establismeneta koji je doveo Francusku do egzistencijalne krize. Tvorac Bregzita i Trampov savetnik Faraz objavio da ce pomoci Mari Le Pen (koja je mnogo &quot;prisnija&quot; sa Msje Putinom). Nadam se Farazu posreciti i treci put jer Francuska je veoma vazna zemlja u EU koja treba da prestane da postoji (Le Pen ce pokrenuti FRegzit i  to ce biti kraj EU) ako nista drugo kao paravan za Nemackih ambicija da gospodare Evropom sto je i dovelo do otimacine Kosova po Farazu. Mi treba da povucemo kandidaturu za EU i prikljucimo se svetskoj anti-establisment revoluciji na vreme a ne da kaskamo za dogadjajima kao prilikom pada Berlinskog zida. Rusiji svaka cast ali ona sama nije dovoljna za povratak Kosova treba biti dobar sa Amerikom, Engleskom i Francuskom (a bar kod prve dve zemlje se vec dogadjaju sustinske promene koje ce obeleziti narednih najmanje 50 godina odnosa u svetu). Ale Marin Le Pen.</comment-text>
				<comment-text-transliterated>Fijon je citavog svog zivota bio deo politickog establismeneta koji je doveo Francusku do egzistencijalne krize. Tvorac Bregzita i Trampov savetnik Faraz objavio da ce pomoci Mari Le Pen (koja je mnogo &quot;prisnija&quot; sa Msje Putinom). Nadam se Farazu posreciti i treci put jer Francuska je veoma vazna zemlja u EU koja treba da prestane da postoji (Le Pen ce pokrenuti FRegzit i  to ce biti kraj EU) ako nista drugo kao paravan za Nemackih ambicija da gospodare Evropom sto je i dovelo do otimacine Kosova po Farazu. Mi treba da povucemo kandidaturu za EU i prikljucimo se svetskoj anti-establisment revoluciji na vreme a ne da kaskamo za dogadjajima kao prilikom pada Berlinskog zida. Rusiji svaka cast ali ona sama nije dovoljna za povratak Kosova treba biti dobar sa Amerikom, Engleskom i Francuskom (a bar kod prve dve zemlje se vec dogadjaju sustinske promene koje ce obeleziti narednih najmanje 50 godina odnosa u svetu). Ale Marin Le Pen.</comment-text-transliterated>
			</comment>
			<comment comment-id="7-1">
				<comment-parent-id>7</comment-parent-id>
				<comment-text>Nisam siguran da su u dobrim odnosima Marin i Nigel - malo ste idealizovali pricu. Na primer kad je trebala da se formira poslanicka grupa ekstremne desnice u evropskom parlamntu njih dvoje su se otvoreno sukobili. I pored toga sto je g-dja Le Pen uspela da pridobije na svoju stranu Vildersa (PVV -Holandija), Vilmskog (FPO - Austrija), Anemansa (Vlaams Belang - Belgija) i Salvin ija (Severna Liga -Italija) , Faradz je ostao po strani pravivsi alijanse sa skandinavskim partijama , a oboje su izbegavali Jobik (Madjarska) i Zlatnu zoru (Grcka). Da stvar bude jos komplikovanija, nisu u pitanju bile ideologije (iako razlike postoje - tako, na priomer, Le Pen sve vise se okrece prema &quot;socijali&quot;, za razliku od Faradza koji je klasicni neoliberal) vec novac tj upotreba fondova - jedna grupa ima pravo na dotacije izmedju 1 i 3 milona evra.</comment-text>
				<comment-text-transliterated>Nisam siguran da su u dobrim odnosima Marin i Nigel - malo ste idealizovali pricu. Na primer kad je trebala da se formira poslanicka grupa ekstremne desnice u evropskom parlamntu njih dvoje su se otvoreno sukobili. I pored toga sto je g-dja Le Pen uspela da pridobije na svoju stranu Vildersa (PVV -Holandija), Vilmskog (FPO - Austrija), Anemansa (Vlaams Belang - Belgija) i Salvin ija (Severna Liga -Italija) , Faradz je ostao po strani pravivsi alijanse sa skandinavskim partijama , a oboje su izbegavali Jobik (Madjarska) i Zlatnu zoru (Grcka). Da stvar bude jos komplikovanija, nisu u pitanju bile ideologije (iako razlike postoje - tako, na priomer, Le Pen sve vise se okrece prema &quot;socijali&quot;, za razliku od Faradza koji je klasicni neoliberal) vec novac tj upotreba fondova - jedna grupa ima pravo na dotacije izmedju 1 i 3 milona evra.</comment-text-transliterated>
			</comment>
			<comment comment-id="8">
				<comment-parent-id/>
				<comment-text>Мислим стварно , ако им узмеш посао ваљда је логично да пронађеш начин да их збринеш или им пронађеш нови посао а не тако да свима повећаш радно време за 4 сата недељно.Остало све ок , него што &quot;он је католик али ипак..&quot;.Неразумем шта значи то -ипак.Наравно да су хришћани само обични људи и да воле аутомобиле нпр.</comment-text>
				<comment-text-transliterated>Mislim stvarno , ako im uzmeš posao valjda je logično da pronađeš način da ih zbrineš ili im pronađeš novi posao a ne tako da svima povećaš radno vreme za 4 sata nedeljno.Ostalo sve ok , nego što &quot;on je katolik ali ipak..&quot;.Nerazumem šta znači to -ipak.Naravno da su hrišćani samo obični ljudi i da vole automobile npr.</comment-text-transliterated>
			</comment>
		</comments-list>
	</comments>
</document>
