<document global-id="sr-01-1418"><url>http://www.politika.rs/scc/clanak/415624/%D0%9C%D0%B8%D0%B3%D1%80%D0%B0%D1%86%D0%B8%D1%98%D0%B5-%D1%80%D0%B0%D0%B7%D0%BB%D0%B8%D1%87%D0%B8%D1%82%D0%B8-%D1%81%D0%B2%D0%B5%D1%82%D0%BE%D0%B2%D0%B8</url><source-id>sr-01</source-id><local-id>sr-01-1418</local-id><source-name>Politika</source-name><article><article-title>Миграције, различити светови</article-title><article-title-transliterated>Migracije, različiti svetovi</article-title-transliterated><article_time>2018-11-13</article_time><article-author>Marina Vulićević</article-author><article-text>
Сања Николић, ауторка романа „Сила и Сони у Берлину”, ново је име на српској књижевној сцени управо због тога што „из прве руке” проговара о свом мигрантском, берлинском, искуству. Као гошћа свог издавача ЛОМ-а, била је на недавно завршеном 63. Међународном београдском сајму књига, где смо је и затекли. Људи из земље одлазе из различитих разлога, али се мора признати да је једно од најнеобичнијих објашњења за напуштање познатог света потрага за причом.
– Из статичне атмосфере библиотеке, где сам десет година после посла само читала, из неког свог вечитог незадовољства и амбиције, а заправо у потрази за правом причом, кренула сам у емиграцију. По доласку у Берлин почела сам да записујем оно што ми се дешавало. Такви догађаји део су овог романа, разлози су којима Сања Николић образлаже свој одлазак из Београда, али и настанак ове књиге.
И баш када се у тој мигрантској приповести ствари компликују, Сони, професорка филозофије, нова у Берлину, у покушају да се снађе у чудном окружењу, среће Силу, не слутећи да ће јој се уз њега десити још много тога што ће је приближити амбису. Јунакиња се храбро прилагођава свету сиве зоне Берлина, без приговора ради лоше послове и подједнако добро „плива” међу другим мигрантима, баш као и међу ситничавим немачким станодавкама. Љубав између Силе, старог мигранта из Југославије из осамдесетих година, који је научио да се сналази и за кога је морал прилично растегљива категорија, и Сони, свеже придошлице у огромни град, рађа се оксиморонски, као светло у тами. То је веза различитих светова.
„Немачка је земља која може да пружи утехицу, мислила сам. Требало је само наћи неки послић и остварити право на социјалну помоћ. Ништа лакше, наћи ћу глупи послић, чистићу, рецимо, неће бити први пут да радим глупи послић (...). Бежим па шта буде! Била сам економски и ментални емигрант, селила сам се безброј пута још од детињства, тешко је мене натерати да се помирим са судбином”, каже Сони, јунакиња Сање Николић.
Ипак, није случајно што се Сони и Сила срећу, баш због тога што деле слично мигрантско искуство. Тог је мишљења и Сања Николић која овај контакт својих ликова објашњава узајамном емпатијом, али и оним што је проживела:
– Ми који смо прошли иста искуства, муке и потрагу за бољим животом и идентитетом, боље се међусобно прихватамо. Међутим, морам да похвалим и Немце који имају разумевања за такве људе. Немачка држава подстиче их субвенцијама. Ја сам свој роман написала на основу помоћи Завода за запошљавање који тежи свакога да ангажује на неки начин. Када сам објаснила да пишем мигрантски роман одмах сам добила новчану подршку како бих наставила тиме да се бавим. То је Немачка...
Сања Николић наводи и мишљења критичара који њену књигу сматрају не само мигрантским штивом, већ и номадским. Разлог за то је и њено порекло, као и фантастични град Берлин:
– Рођена сам на Медитерану, уз оца који је био војно лице, дошла сам на континент, да бих отишла на север Европе тако да је мој идентитет прилично флуидан. Југословенка сам са хрватским и српским пасошем. Данас је Берлин град који називају Њујорком Европе, то је град разноликости у којем је главни језик енглески, чак и за послове са администрацијом и где знање немачког није неопходно. То је и средина људи који су побегли из Сирије, пешице преко Балкана. Тамо сам стигла са таласом избеглица 2015. године, са њима сам учила немачки у школи језика и са њима водила разговоре о Београду, где су провели и по више месеци. Берлин је толико жив град да се у њему свакодневно осећа пулс који све обликује на нов начин, запажа Сања Николић.
У разговору за наш лист открива како се њен живот по доласку у Берлин непрекидно мењао, од успутних послова, до рада за компанију Фејсбук, на месту некадашње Сименсове фабрике, где су се као у некој кошници концентрисали тимови људи из различитих делова света. Они су задатке обављали на својим језицима, узајамно се споразумевајући на енглеском.
– У тој борби да се научи немачки језик и током прилагођавања, човек није ни свестан носталгије која негде ипак постоји. Схватала сам да је она најпре у језику и због тога сам се највише дружила са људима са нашег говорног подручја. Носталгија избија када се најмање очекује, када се на пример чује нека песма, запажа Сања Николић.
Она наставља да пише, како је приметила у метежу Београдског сајма књига, а нада се немачкој стипендији за писце који пишу на страним језицима, а живе у Берлину. Роман „Сила и Сони” у сваком случају имаће свој наставак.
</article-text><article-text-transliterated>
Sanja Nikolić, autorka romana „Sila i Soni u Berlinu”, novo je ime na srpskoj književnoj sceni upravo zbog toga što „iz prve ruke” progovara o svom migrantskom, berlinskom, iskustvu. Kao gošća svog izdavača LOM-a, bila je na nedavno završenom 63. Međunarodnom beogradskom sajmu knjiga, gde smo je i zatekli. Ljudi iz zemlje odlaze iz različitih razloga, ali se mora priznati da je jedno od najneobičnijih objašnjenja za napuštanje poznatog sveta potraga za pričom.
– Iz statične atmosfere biblioteke, gde sam deset godina posle posla samo čitala, iz nekog svog večitog nezadovoljstva i ambicije, a zapravo u potrazi za pravom pričom, krenula sam u emigraciju. Po dolasku u Berlin počela sam da zapisujem ono što mi se dešavalo. Takvi događaji deo su ovog romana, razlozi su kojima Sanja Nikolić obrazlaže svoj odlazak iz Beograda, ali i nastanak ove knjige.
I baš kada se u toj migrantskoj pripovesti stvari komplikuju, Soni, profesorka filozofije, nova u Berlinu, u pokušaju da se snađe u čudnom okruženju, sreće Silu, ne sluteći da će joj se uz njega desiti još mnogo toga što će je približiti ambisu. Junakinja se hrabro prilagođava svetu sive zone Berlina, bez prigovora radi loše poslove i podjednako dobro „pliva” među drugim migrantima, baš kao i među sitničavim nemačkim stanodavkama. Ljubav između Sile, starog migranta iz Jugoslavije iz osamdesetih godina, koji je naučio da se snalazi i za koga je moral prilično rastegljiva kategorija, i Soni, sveže pridošlice u ogromni grad, rađa se oksimoronski, kao svetlo u tami. To je veza različitih svetova.
„Nemačka je zemlja koja može da pruži utehicu, mislila sam. Trebalo je samo naći neki poslić i ostvariti pravo na socijalnu pomoć. Ništa lakše, naći ću glupi poslić, čistiću, recimo, neće biti prvi put da radim glupi poslić (...). Bežim pa šta bude! Bila sam ekonomski i mentalni emigrant, selila sam se bezbroj puta još od detinjstva, teško je mene naterati da se pomirim sa sudbinom”, kaže Soni, junakinja Sanje Nikolić.
Ipak, nije slučajno što se Soni i Sila sreću, baš zbog toga što dele slično migrantsko iskustvo. Tog je mišljenja i Sanja Nikolić koja ovaj kontakt svojih likova objašnjava uzajamnom empatijom, ali i onim što je proživela:
– Mi koji smo prošli ista iskustva, muke i potragu za boljim životom i identitetom, bolje se međusobno prihvatamo. Međutim, moram da pohvalim i Nemce koji imaju razumevanja za takve ljude. Nemačka država podstiče ih subvencijama. Ja sam svoj roman napisala na osnovu pomoći Zavoda za zapošljavanje koji teži svakoga da angažuje na neki način. Kada sam objasnila da pišem migrantski roman odmah sam dobila novčanu podršku kako bih nastavila time da se bavim. To je Nemačka...
Sanja Nikolić navodi i mišljenja kritičara koji njenu knjigu smatraju ne samo migrantskim štivom, već i nomadskim. Razlog za to je i njeno poreklo, kao i fantastični grad Berlin:
– Rođena sam na Mediteranu, uz oca koji je bio vojno lice, došla sam na kontinent, da bih otišla na sever Evrope tako da je moj identitet prilično fluidan. Jugoslovenka sam sa hrvatskim i srpskim pasošem. Danas je Berlin grad koji nazivaju Njujorkom Evrope, to je grad raznolikosti u kojem je glavni jezik engleski, čak i za poslove sa administracijom i gde znanje nemačkog nije neophodno. To je i sredina ljudi koji su pobegli iz Sirije, pešice preko Balkana. Tamo sam stigla sa talasom izbeglica 2015. godine, sa njima sam učila nemački u školi jezika i sa njima vodila razgovore o Beogradu, gde su proveli i po više meseci. Berlin je toliko živ grad da se u njemu svakodnevno oseća puls koji sve oblikuje na nov način, zapaža Sanja Nikolić.
U razgovoru za naš list otkriva kako se njen život po dolasku u Berlin neprekidno menjao, od usputnih poslova, do rada za kompaniju Fejsbuk, na mestu nekadašnje Simensove fabrike, gde su se kao u nekoj košnici koncentrisali timovi ljudi iz različitih delova sveta. Oni su zadatke obavljali na svojim jezicima, uzajamno se sporazumevajući na engleskom.
– U toj borbi da se nauči nemački jezik i tokom prilagođavanja, čovek nije ni svestan nostalgije koja negde ipak postoji. Shvatala sam da je ona najpre u jeziku i zbog toga sam se najviše družila sa ljudima sa našeg govornog područja. Nostalgija izbija kada se najmanje očekuje, kada se na primer čuje neka pesma, zapaža Sanja Nikolić.
Ona nastavlja da piše, kako je primetila u metežu Beogradskog sajma knjiga, a nada se nemačkoj stipendiji za pisce koji pišu na stranim jezicima, a žive u Berlinu. Roman „Sila i Soni” u svakom slučaju imaće svoj nastavak.
</article-text-transliterated></article><comments><comments-count>5</comments-count><comments-list><comment comment-id="1"><comment-parent-id /><comment-text>Sanja, Vi ste moj idol.
Nisam još pročitala Vaš roman ali jesam sve intervjue odgledala i pročitala. Mladja sam od Vas 20 godina ali Vas nekako mnogo razumem.
Želim Vam da budete mnogo srećni.</comment-text><comment-text-transliterated>Sanja, Vi ste moj idol.
Nisam još pročitala Vaš roman ali jesam sve intervjue odgledala i pročitala. Mladja sam od Vas 20 godina ali Vas nekako mnogo razumem.
Želim Vam da budete mnogo srećni.</comment-text-transliterated></comment><comment comment-id="1-1"><comment-parent-id>1</comment-parent-id><comment-text>Srce malo, niko te nije pitao koliko imaš godina, niti je to ovde tema. Najbolje godine su one u kojima se trenutno nalaziš. Sanja Nikolić je lepa devojka, ostvarena i inteligentna, i što je meni najbitnije, talentovana i iskrena.</comment-text><comment-text-transliterated>Srce malo, niko te nije pitao koliko imaš godina, niti je to ovde tema. Najbolje godine su one u kojima se trenutno nalaziš. Sanja Nikolić je lepa devojka, ostvarena i inteligentna, i što je meni najbitnije, talentovana i iskrena.</comment-text-transliterated></comment><comment comment-id="2"><comment-parent-id /><comment-text>Da li je ovo delo napisano uz Božju ili neku drugu pomoć (u ovom slučaju finansijsku, od nemačke države, kako autorka sama kaže), nije mnogo bitno. Ali ono što jeste bitno je njegova umetnička vrednost. Neka vreme pokaže da li ono tu vrednost poseduje. Jedan poznati svetski pisac je rekao da plaćena književna kritika vredi isto koliko i osmeh prostitutke. Nadam se da ovom delu ne treba takva vrsta pomoći. Sanji Nikolić želim mnogo uspeha u daljem radu.</comment-text><comment-text-transliterated>Da li je ovo delo napisano uz Božju ili neku drugu pomoć (u ovom slučaju finansijsku, od nemačke države, kako autorka sama kaže), nije mnogo bitno. Ali ono što jeste bitno je njegova umetnička vrednost. Neka vreme pokaže da li ono tu vrednost poseduje. Jedan poznati svetski pisac je rekao da plaćena književna kritika vredi isto koliko i osmeh prostitutke. Nadam se da ovom delu ne treba takva vrsta pomoći. Sanji Nikolić želim mnogo uspeha u daljem radu.</comment-text-transliterated></comment><comment comment-id="3"><comment-parent-id /><comment-text>Kauzalna ''veza'' pretpostavlja da za svaku posledicu postoji neki uzrok. 
Posto mi mislimo binarno ili Hegelovski suprotna ''strana'' misljenja
je da za sve postoji jedan uzrok. ''Prvo je bila rec''. Za knjizevnike ''prica''.
Zemljoradnik Milan je dobio parce neobradjene zemlje koju je obradjivao
nekoliko godina. Obratio mu se pop Vasilije :'' Milane lepo si to uradio
s Bozjom pomoci''. Milan: ''e da si ti  video kako je to izgledalo kad je on 
to radio sam''.  </comment-text><comment-text-transliterated>Kauzalna ''veza'' pretpostavlja da za svaku posledicu postoji neki uzrok. 
Posto mi mislimo binarno ili Hegelovski suprotna ''strana'' misljenja
je da za sve postoji jedan uzrok. ''Prvo je bila rec''. Za knjizevnike ''prica''.
Zemljoradnik Milan je dobio parce neobradjene zemlje koju je obradjivao
nekoliko godina. Obratio mu se pop Vasilije :'' Milane lepo si to uradio
s Bozjom pomoci''. Milan: ''e da si ti  video kako je to izgledalo kad je on 
to radio sam''.  </comment-text-transliterated></comment><comment comment-id="4"><comment-parent-id /><comment-text>Dabome. Glupo je pisati u vreme globalizam o nacionalnom, to niko nece d aobjavi. Treba biti uz trenutnu politicku situaciju.</comment-text><comment-text-transliterated>Dabome. Glupo je pisati u vreme globalizam o nacionalnom, to niko nece d aobjavi. Treba biti uz trenutnu politicku situaciju.</comment-text-transliterated></comment></comments-list></comments></document>