<document global-id="sr-01-1225"><url>http://www.politika.rs/scc/clanak/419932/%D0%9A%D1%83%D0%BB%D1%82-%D0%9C%D0%B0%D1%80%D0%BA%D0%B0-%D0%9A%D1%80%D0%B0%D1%99%D0%B5%D0%B2%D0%B8%D1%9B%D0%B0-%D1%83-%D0%94%D0%B0%D0%BB%D0%BC%D0%B0%D1%86%D0%B8%D1%98%D0%B8</url><source-id>sr-01</source-id><local-id>sr-01-1225</local-id><source-name>Politika</source-name><article><article-title>Култ Марка Краљевића у Далмацији</article-title><article-title-transliterated>Kult Marka Kraljevića u Dalmaciji</article-title-transliterated><article_time>2019-01-09</article_time><article-author>Milan Četnik</article-author><article-text>
„Далматински Морлаци, гацајући у блату до колена, певају песме о Краљевићу Марку, о другом Херкулу, чуду од јунаштва.” Ово је записао генерал Б. Велден, један од првих аустријских гувернера Далмације, 1829. године, у немачком часопису „Иностранство” („Das Ausland”).
За Млечане, Морлаци су били становници далматинског залеђа, без обзира на разлику у хришћанском обреду (православном, односно „грчком”, и католичком, дакле „латинском”), јер су верски ритуали били једина разлика коју су могли да уоче. Иван Ловрић, Сињанин, студент медицине у Падови, у својој чувеној етнографској студији објављеној 1776. у Венецији каже: „Наши су православни Морлаци исте народности као и Морлаци латинског обреда.”
Која је то „народност”? Немачки етнолози и путописци 19. века, Ј. Г. Кол (1851), Ф. Петер (1857), Х. И. Бидерман (1893), држећи се кључних критеријума (језика, обичаја, народне поезије), идентификовали су Морлаке као Србе.
То потврђује и констатaција једног од највећих историчара Далмације, Грге Новака (1969. године): „Кад је године 1797. пала Венеција, и цијела Далмација дошла под власт Хабсбурговаца, није још уопће постојала хрватска национална свијест. Све до почетка четврте деценије 19. века остало је тако.”
Колико је култ Марка Краљевића међу Морлацима био снажан и живописан сведоче нам управо поменути истраживачи. Тако Ј. Г. Кол саопштава шта је видео у Задру: „Ту се налази један славни музеј римских старина где је изложена и колосална статуа једног римског цара. Морлачки сељаци, кад сиђу у град са својих брда, често пожеле да уђу унутра. Они тада траже статуу цара, која, уосталом, изгледа сасвим херкулски, па је онда један другом показују и причају да је то ’Марко Краљевић’. Онда се побожно прекрсте и поклоне пред статуом као да је то слика светитеља.”
Кроз Марка, Морлак дочарава свој карактеролошки опус, своју распојасаност, „дивљину” како каже И. Ловрић, али и презир према оскудици: „Морлаци немају често ништа друго да једу осим пуре (качамака) и сира, али кад уз то има и вина, ипак певају о делима Марка Краљевића.”
Енциклопедистa Далмације Ф. Карара у монографији „Опис Далмације” (1846–1848) пише да, у визији Морлака, Марко „није мртав већ спава на свом мачу; пробудиће се када Бог извуче то оружје из корица”.
Марко је послужио чак и као еталон епидемиолошких постигнућа: генералног провидура млетачке Далмације, А. Кверинија, због заслуга у обуздавању куге, Морлаци су, у iталијанизираној варијанти, славили овим стиховима: „E dice ognuno questa generale / Boga mi a Marco Kraglievic eguale”.
У „морлачкој” имагинцији Марко је био одсјај косовског мита, осветник Лазара, поправљач историје чији је џиновски распон корака обележаван камењем односно „скакалима”. Ф. Петер је забележио: „Једном ми мој водич, у околини Книна, показа неколико каменова на путу, који су један од другог били по неколико хвати (хват = око 1,9 метара) удаљени, и тврдио је, сасвим озбиљно, да је храбри Марко Краљевић корачао од једног до другог.”
Далматински фрањевци настојали су да искорене народну традицију и веровања код католичких Морлака или, ако би то могло бити контрапродуктивно по њих, да ту исту традицију редизајнирају, кривотворе. Тако фра Гашпар Вињалић, фрањевачки хроничар из 18. века, тврди да су поменута книнска скакала трагови копита коња којег је јахао кнински подбан Марчинко у борби с Турцима. Вињалић пише да су Турци, „чудећи се” и дивећи се, сами обележили те коњске скокове који се, каже он, зову „скакала бана Марчинка”!
Али, и католички заселак Мрњавци у селу Ловрећу, код Имотског, има своје скакало. Та скакала и топономастичко подударање села (Мрњавци) с династијом којој је припадао Марко (Мрњавчевићи) послужиће за инвентивну тезу, пласирану половином 18. века, по којој Марко односно његови преци потичу из Ловрећа, а чији је аутор такође чувени хроничар, фра Андрија Качић Миошић.
Историчар Имотске Крајине Анте Ујевић (1991) тврди да је око Ловрећа ловио цар Душан Немањић, тамо заволео будућег краља Вукашина, па је њега, сина му Марка и Маркове стричеве, Гојка и Угљешу, повео са собом у Прилеп што, по Ујевићу, одгонета како се десило да „хрватски” Мрњавчевићи постану „македонски” великаши.
Томови би се могли исписати о конвертитској потреби прекрађе идентитета. У дубљем смислу, реч је о томе да се, на ишчашен начин, удовољава налогу подсвесног ума који шаље „по своје”, остављене ствари.
Почетком 17. века, Иван Томко Мрнавић, титуларни бискуп босански, Шибенчанин, додао је себи друго презиме (Мрнавић) „уверен” да потиче од рода Мрњавчевића.
Марков култ давно је запљуснуо и далматинско приморје. Познати писац Петар Хекторовић, Хваранин, у свом делу „Рибање и рибарско приговарање”, штампаном 1556, доноси песму „Краљевић Марко и брат му Андријаш”.
Сплићанин Вицко Солитро, у збирци млетачких докумената коју је објавио 1844, цитира писмо сплитског градског ректора (начелника) упућено венецијанској влади, у којем се наводи да је један војник на сплитском тргу, године 1574, певао песму о Краљевићу Марку и да су сви окупљени певали заједно с њим. „Јер, сви знају ову песму”, извештава ректор.
</article-text><article-text-transliterated>
„Dalmatinski Morlaci, gacajući u blatu do kolena, pevaju pesme o Kraljeviću Marku, o drugom Herkulu, čudu od junaštva.” Ovo je zapisao general B. Velden, jedan od prvih austrijskih guvernera Dalmacije, 1829. godine, u nemačkom časopisu „Inostranstvo” („Das Ausland”).
Za Mlečane, Morlaci su bili stanovnici dalmatinskog zaleđa, bez obzira na razliku u hrišćanskom obredu (pravoslavnom, odnosno „grčkom”, i katoličkom, dakle „latinskom”), jer su verski rituali bili jedina razlika koju su mogli da uoče. Ivan Lovrić, Sinjanin, student medicine u Padovi, u svojoj čuvenoj etnografskoj studiji objavljenoj 1776. u Veneciji kaže: „Naši su pravoslavni Morlaci iste narodnosti kao i Morlaci latinskog obreda.”
Koja je to „narodnost”? Nemački etnolozi i putopisci 19. veka, J. G. Kol (1851), F. Peter (1857), H. I. Biderman (1893), držeći se ključnih kriterijuma (jezika, običaja, narodne poezije), identifikovali su Morlake kao Srbe.
To potvrđuje i konstatacija jednog od najvećih istoričara Dalmacije, Grge Novaka (1969. godine): „Kad je godine 1797. pala Venecija, i cijela Dalmacija došla pod vlast Habsburgovaca, nije još uopće postojala hrvatska nacionalna svijest. Sve do početka četvrte decenije 19. veka ostalo je tako.”
Koliko je kult Marka Kraljevića među Morlacima bio snažan i živopisan svedoče nam upravo pomenuti istraživači. Tako J. G. Kol saopštava šta je video u Zadru: „Tu se nalazi jedan slavni muzej rimskih starina gde je izložena i kolosalna statua jednog rimskog cara. Morlački seljaci, kad siđu u grad sa svojih brda, često požele da uđu unutra. Oni tada traže statuu cara, koja, uostalom, izgleda sasvim herkulski, pa je onda jedan drugom pokazuju i pričaju da je to ’Marko Kraljević’. Onda se pobožno prekrste i poklone pred statuom kao da je to slika svetitelja.”
Kroz Marka, Morlak dočarava svoj karakterološki opus, svoju raspojasanost, „divljinu” kako kaže I. Lovrić, ali i prezir prema oskudici: „Morlaci nemaju često ništa drugo da jedu osim pure (kačamaka) i sira, ali kad uz to ima i vina, ipak pevaju o delima Marka Kraljevića.”
Enciklopedista Dalmacije F. Karara u monografiji „Opis Dalmacije” (1846–1848) piše da, u viziji Morlaka, Marko „nije mrtav već spava na svom maču; probudiće se kada Bog izvuče to oružje iz korica”.
Marko je poslužio čak i kao etalon epidemioloških postignuća: generalnog providura mletačke Dalmacije, A. Kverinija, zbog zasluga u obuzdavanju kuge, Morlaci su, u italijaniziranoj varijanti, slavili ovim stihovima: „E dice ognuno questa generale / Boga mi a Marco Kraglievic eguale”.
U „morlačkoj” imaginciji Marko je bio odsjaj kosovskog mita, osvetnik Lazara, popravljač istorije čiji je džinovski raspon koraka obeležavan kamenjem odnosno „skakalima”. F. Peter je zabeležio: „Jednom mi moj vodič, u okolini Knina, pokaza nekoliko kamenova na putu, koji su jedan od drugog bili po nekoliko hvati (hvat = oko 1,9 metara) udaljeni, i tvrdio je, sasvim ozbiljno, da je hrabri Marko Kraljević koračao od jednog do drugog.”
Dalmatinski franjevci nastojali su da iskorene narodnu tradiciju i verovanja kod katoličkih Morlaka ili, ako bi to moglo biti kontraproduktivno po njih, da tu istu tradiciju redizajniraju, krivotvore. Tako fra Gašpar Vinjalić, franjevački hroničar iz 18. veka, tvrdi da su pomenuta kninska skakala tragovi kopita konja kojeg je jahao kninski podban Marčinko u borbi s Turcima. Vinjalić piše da su Turci, „čudeći se” i diveći se, sami obeležili te konjske skokove koji se, kaže on, zovu „skakala bana Marčinka”!
Ali, i katolički zaselak Mrnjavci u selu Lovreću, kod Imotskog, ima svoje skakalo. Ta skakala i toponomastičko podudaranje sela (Mrnjavci) s dinastijom kojoj je pripadao Marko (Mrnjavčevići) poslužiće za inventivnu tezu, plasiranu polovinom 18. veka, po kojoj Marko odnosno njegovi preci potiču iz Lovreća, a čiji je autor takođe čuveni hroničar, fra Andrija Kačić Miošić.
Istoričar Imotske Krajine Ante Ujević (1991) tvrdi da je oko Lovreća lovio car Dušan Nemanjić, tamo zavoleo budućeg kralja Vukašina, pa je njega, sina mu Marka i Markove stričeve, Gojka i Uglješu, poveo sa sobom u Prilep što, po Ujeviću, odgoneta kako se desilo da „hrvatski” Mrnjavčevići postanu „makedonski” velikaši.
Tomovi bi se mogli ispisati o konvertitskoj potrebi prekrađe identiteta. U dubljem smislu, reč je o tome da se, na iščašen način, udovoljava nalogu podsvesnog uma koji šalje „po svoje”, ostavljene stvari.
Početkom 17. veka, Ivan Tomko Mrnavić, titularni biskup bosanski, Šibenčanin, dodao je sebi drugo prezime (Mrnavić) „uveren” da potiče od roda Mrnjavčevića.
Markov kult davno je zapljusnuo i dalmatinsko primorje. Poznati pisac Petar Hektorović, Hvaranin, u svom delu „Ribanje i ribarsko prigovaranje”, štampanom 1556, donosi pesmu „Kraljević Marko i brat mu Andrijaš”.
Splićanin Vicko Solitro, u zbirci mletačkih dokumenata koju je objavio 1844, citira pismo splitskog gradskog rektora (načelnika) upućeno venecijanskoj vladi, u kojem se navodi da je jedan vojnik na splitskom trgu, godine 1574, pevao pesmu o Kraljeviću Marku i da su svi okupljeni pevali zajedno s njim. „Jer, svi znaju ovu pesmu”, izveštava rektor.
</article-text-transliterated></article><comments><comments-count>25</comments-count><comments-list><comment comment-id="1"><comment-parent-id /><comment-text>Verovatno se i u rodnom kraju velikog vajara Ivana Mestrovica pevalo o Marku Kraljevicu. Mestrovic je uradio vise spomenika Marku, od kojih je najpoznatiji MARKO KRALJEVIC NA KONJU koji se nalazi u Mestrovicevoj galeriji u Splitu.</comment-text><comment-text-transliterated>Verovatno se i u rodnom kraju velikog vajara Ivana Mestrovica pevalo o Marku Kraljevicu. Mestrovic je uradio vise spomenika Marku, od kojih je najpoznatiji MARKO KRALJEVIC NA KONJU koji se nalazi u Mestrovicevoj galeriji u Splitu.</comment-text-transliterated></comment><comment comment-id="2"><comment-parent-id /><comment-text>Bugari su  bili   otišli i  znatno  dalje .  "Krali  Marko " je bio  u  nekoj   ranijoj  literaturi  proglašen    za   njihovog   nacionalnog   junaka. </comment-text><comment-text-transliterated>Bugari su  bili   otišli i  znatno  dalje .  "Krali  Marko " je bio  u  nekoj   ranijoj  literaturi  proglašen    za   njihovog   nacionalnog   junaka. </comment-text-transliterated></comment><comment comment-id="3"><comment-parent-id /><comment-text>Ako je kulta i bilo, sada ga nema...</comment-text><comment-text-transliterated>Ako je kulta i bilo, sada ga nema...</comment-text-transliterated></comment><comment comment-id="3-1"><comment-parent-id>3</comment-parent-id><comment-text>Sto mene tice ima. To je nastavak kosovskog predanja, a bez njega nema ni Srba.... Bar ja tako mislim...</comment-text><comment-text-transliterated>Sto mene tice ima. To je nastavak kosovskog predanja, a bez njega nema ni Srba.... Bar ja tako mislim...</comment-text-transliterated></comment><comment comment-id="4"><comment-parent-id /><comment-text>@За Милка.
Што је било јучер није данас,што исто значи да данас немамо право прилагођавати хисторију од јучер данашњим приликама.
Нпр.записничари на првом и другом Сплитском црквеном сабору
децидирано наводе да су присутни хрватски краљ и српски кнезови Неретљана,Захумља и Конавала.
Записали нотари,присутне у сати,на дан,мјесец и годину.Записници постоје у оригиналу и наведене кнежевине и у хрватским хисторијским атласима приказивале су се за то доба као српске кнежевине.
Тада су били оно што су записали латински нотари.
Исто тако је 1500 и неке, Хваранин Петар Хекторовић у свом путопису написао да му његови рибари са Хвара пјевају на српски начин.
И то је тако.Како са тај дио етничких Срба римокатоличке вјере уклопио касније у хрватску нацију то је питање за праве хисторичаре,а не за фалсфикаторе.
А појављују се .Као нпр.г.Шарић.
</comment-text><comment-text-transliterated>@Za Milka.
Što je bilo jučer nije danas,što isto znači da danas nemamo pravo prilagođavati historiju od jučer današnjim prilikama.
Npr.zapisničari na prvom i drugom Splitskom crkvenom saboru
decidirano navode da su prisutni hrvatski kralj i srpski knezovi Neretljana,Zahumlja i Konavala.
Zapisali notari,prisutne u sati,na dan,mjesec i godinu.Zapisnici postoje u originalu i navedene kneževine i u hrvatskim historijskim atlasima prikazivale su se za to doba kao srpske kneževine.
Tada su bili ono što su zapisali latinski notari.
Isto tako je 1500 i neke, Hvaranin Petar Hektorović u svom putopisu napisao da mu njegovi ribari sa Hvara pjevaju na srpski način.
I to je tako.Kako sa taj dio etničkih Srba rimokatoličke vjere uklopio kasnije u hrvatsku naciju to je pitanje za prave historičare,a ne za falsfikatore.
A pojavljuju se .Kao npr.g.Šarić.
</comment-text-transliterated></comment><comment comment-id="4-1"><comment-parent-id>4</comment-parent-id><comment-text>Српски корени су  дубоки и на острву Брачу. При археолошким испитивањима  на Острву пронађени су црквени записи ћирилицом писани и доста предмета који су православног порекла тј.Српског из 15-16 века. Исто тако постоје писани извештаји Млетачких власти који говоре о језику којим говори локално становништво који је сличан Херцеговском нарјечу и припадају грчко-православној вери. </comment-text><comment-text-transliterated>Srpski koreni su  duboki i na ostrvu Braču. Pri arheološkim ispitivanjima  na Ostrvu pronađeni su crkveni zapisi ćirilicom pisani i dosta predmeta koji su pravoslavnog porekla tj.Srpskog iz 15-16 veka. Isto tako postoje pisani izveštaji Mletačkih vlasti koji govore o jeziku kojim govori lokalno stanovništvo koji je sličan Hercegovskom narječu i pripadaju grčko-pravoslavnoj veri. </comment-text-transliterated></comment><comment comment-id="4-2"><comment-parent-id>4</comment-parent-id><comment-text>@Петар,Загреб. - Ako ja pjevam na indijanski način ne znači da sam Indijanac, zar ne? Osim toga, negdje u to vrijeme je i Marulić napisao svoju Juditu. Siguran sam da znate njen puni naslov.</comment-text><comment-text-transliterated>@Petar,Zagreb. - Ako ja pjevam na indijanski način ne znači da sam Indijanac, zar ne? Osim toga, negdje u to vrijeme je i Marulić napisao svoju Juditu. Siguran sam da znate njen puni naslov.</comment-text-transliterated></comment><comment comment-id="5"><comment-parent-id /><comment-text>Kraljević Marko je onovremeni Chuck Norris. </comment-text><comment-text-transliterated>Kraljević Marko je onovremeni Chuck Norris. </comment-text-transliterated></comment><comment comment-id="6"><comment-parent-id /><comment-text>Po Mavri Orbinu iz Dubrovnika; 
Mrnja Markov pradeda ziveo je pored zidina grada Blagaj i tokom putovanja cara za Solin odlucio je  odmoriti pored zidina Blagaja . Za vreme odmora susrece Mrnju koji je bio divovske gradje i pozeleo da se Mrnja prikljuci uz njegovu svitu do Solina , tada car  mu sa porodicom ( Ugljesa ,Gojko, Vojislav, Mila i Vukasin) daje status plemica. Marko Kraljevic je kao turski vazal poginu kod Kraljeva u borbi protiv kneza Mirce, pogodjen strelom u vrat. Njegovo telo je pokopano u Manastiru Balacani kod Skoplja.</comment-text><comment-text-transliterated>Po Mavri Orbinu iz Dubrovnika; 
Mrnja Markov pradeda ziveo je pored zidina grada Blagaj i tokom putovanja cara za Solin odlucio je  odmoriti pored zidina Blagaja . Za vreme odmora susrece Mrnju koji je bio divovske gradje i pozeleo da se Mrnja prikljuci uz njegovu svitu do Solina , tada car  mu sa porodicom ( Ugljesa ,Gojko, Vojislav, Mila i Vukasin) daje status plemica. Marko Kraljevic je kao turski vazal poginu kod Kraljeva u borbi protiv kneza Mirce, pogodjen strelom u vrat. Njegovo telo je pokopano u Manastiru Balacani kod Skoplja.</comment-text-transliterated></comment><comment comment-id="6-1"><comment-parent-id>6</comment-parent-id><comment-text>@Mitko Mitomanović -     Pa onda zalio obrok rakijom od maslina.</comment-text><comment-text-transliterated>@Mitko Mitomanović -     Pa onda zalio obrok rakijom od maslina.</comment-text-transliterated></comment><comment comment-id="6-2"><comment-parent-id>6</comment-parent-id><comment-text>A verovatno je nakon odmora skupljao lupare i musule da nesto prezalogaji.</comment-text><comment-text-transliterated>A verovatno je nakon odmora skupljao lupare i musule da nesto prezalogaji.</comment-text-transliterated></comment><comment comment-id="7"><comment-parent-id /><comment-text>Marko Kraljević je prema istoriskim  izvorima (dokumentima)bio obični  turski vazal i  postoji čak i velika verojatnost da se i u Kosovskoj bitci borio na strani Turaka! Toliko o tom  našem velikom "junaku"!</comment-text><comment-text-transliterated>Marko Kraljević je prema istoriskim  izvorima (dokumentima)bio obični  turski vazal i  postoji čak i velika verojatnost da se i u Kosovskoj bitci borio na strani Turaka! Toliko o tom  našem velikom "junaku"!</comment-text-transliterated></comment><comment comment-id="7-1"><comment-parent-id>7</comment-parent-id><comment-text>@Svetlana Gaćeša
Буразеру, омекш'о си.  До скоро си био Svetlana Gačeša. Знаш оно: тврдо ĉ, меко/мехко ĉ, ... Ма добро, ти ионако не ĉујеŝ разлику, то није твој језик.</comment-text><comment-text-transliterated>@Svetlana Gaćeša
Burazeru, omekš'o si.  Do skoro si bio Svetlana Gačeša. Znaš ono: tvrdo ĉ, meko/mehko ĉ, ... Ma dobro, ti ionako ne ĉujeŝ razliku, to nije tvoj jezik.</comment-text-transliterated></comment><comment comment-id="7-2"><comment-parent-id>7</comment-parent-id><comment-text>g-djo Gacesa, dajte, informisite se, procitajte malo koju istoriju pa ako -
ipak morate da vredjate Srbe....znajte to sto ste napisali je za smejanje -
je NE-ZNANJE...vasa sramota!!</comment-text><comment-text-transliterated>g-djo Gacesa, dajte, informisite se, procitajte malo koju istoriju pa ako -
ipak morate da vredjate Srbe....znajte to sto ste napisali je za smejanje -
je NE-ZNANJE...vasa sramota!!</comment-text-transliterated></comment><comment comment-id="8"><comment-parent-id /><comment-text>Nista snaznije ne povezuje narode, kulture, religije i civilizacije od svesti o zajednickim elementima koji ih prozimaju. S druge strane, nista toliko ne odvaja i zavadjuje narode, kulture, religije i civilizacije nego svojatanje radi isticanja sopstvenog kolektivnog identiteta. Da je ta svest razvijana kroz skole i medije nikada ne bi dolazilo do medjuetnickih, medjuverskih i medjucivilizacijskih sukoba ni u jednom regionu sveta. Na zalost, nekima kojima zakon lezi u topuzu, a tragovi im smrde necovestvom, to nije odgovaralo. Zavadise dva oka u glavi i zasedose covecanstvu na grbacu. Ali budi se legendarni Kraljevic Marko koji je, sticajem okolnosti, postao i srpski, i hrvatski, i crnogorski, i makedonski, i bugarski, i albanski pa ce valjda ponovo da "docera cara (ovaj put onog neoliberalnog) do duvara" (pod uslovom da mu se nece ponovo pokoriti zbog tolerisanja konzumiranja vina).</comment-text><comment-text-transliterated>Nista snaznije ne povezuje narode, kulture, religije i civilizacije od svesti o zajednickim elementima koji ih prozimaju. S druge strane, nista toliko ne odvaja i zavadjuje narode, kulture, religije i civilizacije nego svojatanje radi isticanja sopstvenog kolektivnog identiteta. Da je ta svest razvijana kroz skole i medije nikada ne bi dolazilo do medjuetnickih, medjuverskih i medjucivilizacijskih sukoba ni u jednom regionu sveta. Na zalost, nekima kojima zakon lezi u topuzu, a tragovi im smrde necovestvom, to nije odgovaralo. Zavadise dva oka u glavi i zasedose covecanstvu na grbacu. Ali budi se legendarni Kraljevic Marko koji je, sticajem okolnosti, postao i srpski, i hrvatski, i crnogorski, i makedonski, i bugarski, i albanski pa ce valjda ponovo da "docera cara (ovaj put onog neoliberalnog) do duvara" (pod uslovom da mu se nece ponovo pokoriti zbog tolerisanja konzumiranja vina).</comment-text-transliterated></comment><comment comment-id="9"><comment-parent-id /><comment-text>Jedan sokantan izvestaj iz Kanade i Amerike!
U prisustvu Bugara I Makedonaca nemate sansu da govorite o Marku Kraljevicu kao Srbinu.
Oni (Bugari I Makedonci) ga svojataju I ginu da vas (me) ubede da je "heroj" njihove sorte.
Besmisleno!</comment-text><comment-text-transliterated>Jedan sokantan izvestaj iz Kanade i Amerike!
U prisustvu Bugara I Makedonaca nemate sansu da govorite o Marku Kraljevicu kao Srbinu.
Oni (Bugari I Makedonci) ga svojataju I ginu da vas (me) ubede da je "heroj" njihove sorte.
Besmisleno!</comment-text-transliterated></comment><comment comment-id="10"><comment-parent-id /><comment-text>„Наши су православни Морлаци исте народности као и Морлаци латинског обреда.”  Potpuno se slazem. A Srbija se tamo petlja zbog misljenja nekih nemackih etnologa? Takodje, ne bi me iznenadilo da su Mrnjavcevici zaista Hrvati, jer Vukasin je najveca stetocina srpske srednjevekovne istorije, iako ni Lazar Pribicevic nije daleko iza njega.</comment-text><comment-text-transliterated>„Naši su pravoslavni Morlaci iste narodnosti kao i Morlaci latinskog obreda.”  Potpuno se slazem. A Srbija se tamo petlja zbog misljenja nekih nemackih etnologa? Takodje, ne bi me iznenadilo da su Mrnjavcevici zaista Hrvati, jer Vukasin je najveca stetocina srpske srednjevekovne istorije, iako ni Lazar Pribicevic nije daleko iza njega.</comment-text-transliterated></comment><comment comment-id="11"><comment-parent-id /><comment-text>Njega mesaju sa Rudjerom Boskovicem.:)</comment-text><comment-text-transliterated>Njega mesaju sa Rudjerom Boskovicem.:)</comment-text-transliterated></comment><comment comment-id="12"><comment-parent-id /><comment-text>U poemu “Ribanje” (1556) Petar Hektorovic Hvaranin je uneo tri narodne pesme, tri bugarstice, koju ribari Paskoje i Nikola pevaju “sarbskim nacinom” : “Marko Kraljevic i brat mu Andrijas”, “Siverinski vojvoda Radosav” i “ Andrijas i brat mu Lazar - Bajazitovi zarobljenici na Porti . . .” U poemi se Petar divi Marku Marulicu – znamenitom splitskom knjizevniku – koji pise na “slovinskom” i latinskom. Petar ne pominje ni srpski ni hrvatski jezik, on porucuje prijatelju Bartucevicu da ce biti sretan dok nase zemlje budu citale slova nasega jezika.
</comment-text><comment-text-transliterated>U poemu “Ribanje” (1556) Petar Hektorovic Hvaranin je uneo tri narodne pesme, tri bugarstice, koju ribari Paskoje i Nikola pevaju “sarbskim nacinom” : “Marko Kraljevic i brat mu Andrijas”, “Siverinski vojvoda Radosav” i “ Andrijas i brat mu Lazar - Bajazitovi zarobljenici na Porti . . .” U poemi se Petar divi Marku Marulicu – znamenitom splitskom knjizevniku – koji pise na “slovinskom” i latinskom. Petar ne pominje ni srpski ni hrvatski jezik, on porucuje prijatelju Bartucevicu da ce biti sretan dok nase zemlje budu citale slova nasega jezika.
</comment-text-transliterated></comment><comment comment-id="13"><comment-parent-id /><comment-text>Cuveni srpski junak Marko Kraljevic je u srenjem veku  shvatio da sve te turske dzade treba preorati  i tu napraviti savremene moderne highways. Nazalost kasnije je preleteo Turcima, janicarima i seldzucima i  poginuo na Rovinama u borbo protiv hriscana. </comment-text><comment-text-transliterated>Cuveni srpski junak Marko Kraljevic je u srenjem veku  shvatio da sve te turske dzade treba preorati  i tu napraviti savremene moderne highways. Nazalost kasnije je preleteo Turcima, janicarima i seldzucima i  poginuo na Rovinama u borbo protiv hriscana. </comment-text-transliterated></comment><comment comment-id="13-1"><comment-parent-id>13</comment-parent-id><comment-text>Marko Kraljevic je  ONAJ IZ EPSKE POEZIJE nije  nikom preleto nego je  bio isto  sto  i 'superman' ili  'betman"      </comment-text><comment-text-transliterated>Marko Kraljevic je  ONAJ IZ EPSKE POEZIJE nije  nikom preleto nego je  bio isto  sto  i 'superman' ili  'betman"      </comment-text-transliterated></comment><comment comment-id="13-2"><comment-parent-id>13</comment-parent-id><comment-text>После Маричке битке 1371.г. где су му погинули отац и стриц Марко се 20 година одупирао Турцима, па тако нити је учестовао на турској страни у Косовском боју, нити је пустио Турке да пређу преко његове државе. Штитио је своје поданике - није народ луд да то не памти и поштује. Маркова браћа су узели своје наследство у дукатима и оставили Марка самога. Тек неколико година после Косовског боја Марко је био принуђен да прихвати турску власт, па је силом натеран да са својим одредима помогне Турцима у боју на Ровинама.  Тада је имао око 60 година. По мишљењу многих историчара Турци су изгубили управо због Маркове саботаже.</comment-text><comment-text-transliterated>Posle Maričke bitke 1371.g. gde su mu poginuli otac i stric Marko se 20 godina odupirao Turcima, pa tako niti je učestovao na turskoj strani u Kosovskom boju, niti je pustio Turke da pređu preko njegove države. Štitio je svoje podanike - nije narod lud da to ne pamti i poštuje. Markova braća su uzeli svoje nasledstvo u dukatima i ostavili Marka samoga. Tek nekoliko godina posle Kosovskog boja Marko je bio prinuđen da prihvati tursku vlast, pa je silom nateran da sa svojim odredima pomogne Turcima u boju na Rovinama.  Tada je imao oko 60 godina. Po mišljenju mnogih istoričara Turci su izgubili upravo zbog Markove sabotaže.</comment-text-transliterated></comment><comment comment-id="14"><comment-parent-id /><comment-text>Петар Хекторовић,латиниста и класичар у свом путопису децидирано  наводи да му рибари пучани пјевају на српском и на српски начин јуначке пјесме и бугарштице.</comment-text><comment-text-transliterated>Petar Hektorović,latinista i klasičar u svom putopisu decidirano  navodi da mu ribari pučani pjevaju na srpskom i na srpski način junačke pjesme i bugarštice.</comment-text-transliterated></comment><comment comment-id="14-1"><comment-parent-id>14</comment-parent-id><comment-text>Pa kako ne bi kada su Srbi poznati moreplovci i ribari.</comment-text><comment-text-transliterated>Pa kako ne bi kada su Srbi poznati moreplovci i ribari.</comment-text-transliterated></comment><comment comment-id="15"><comment-parent-id /><comment-text>Добар текст. Краљевић Марко спава у  подсвести свих тих људи који су пригрили своје непријатеље као господаре. Али једног дана пробудиће се јер ништа не нестаје у овом свету у коме се све враћа. </comment-text><comment-text-transliterated>Dobar tekst. Kraljević Marko spava u  podsvesti svih tih ljudi koji su prigrili svoje neprijatelje kao gospodare. Ali jednog dana probudiće se jer ništa ne nestaje u ovom svetu u kome se sve vraća. </comment-text-transliterated></comment></comments-list></comments></document>