<document global-id="sr-01-1213"><url>http://www.politika.rs/scc/clanak/419629/%D0%9A%D1%80%D0%B8%D0%B2%D0%BE%D0%BA%D0%B0%D0%BF%D0%B8%D1%9B-%D0%BD%D0%B5%D0%BF%D0%BE%D0%B6%D0%B5%D1%99%D0%B0%D0%BD-%D0%BC%D0%B5%D1%92%D1%83-%D0%90%D0%BB%D0%B1%D0%B0%D0%BD%D1%86%D0%B8%D0%BC%D0%B0</url><source-id>sr-01</source-id><local-id>sr-01-1213</local-id><source-name>Politika</source-name><article><article-title>Кривокапић непожељан међу Албанцима</article-title><article-title-transliterated>Krivokapić nepoželjan među Albancima</article-title-transliterated><article_time>2019-01-04</article_time><article-author>Novica Đurić</article-author><article-text>
Од нашег сталног дописника
Подгорица – Ни светлост новогодишњих ватромета ни бука са тргова нису утишали политичка спорења између посланика и лидера Албанаца, с једне стране, и посланика Социјалдемократске партије (СДП), с друге. Албанци су у црногорском парламенту, само дан уочи нове године, у предлогу измена и допуна Закона о јавном реду и миру затражили да могу свугде и у свакој прилици истицати заставу Републике Албаније, на шта су им посланици СДП-а Ранко Кривокапић и Рашко Коњевић и либералне партије Андрија Поповић рекли да је то недопустиво, јер „таквог примера нема у свету”.
Председник Албанске алтернативе Ник Ђељошај, незадовољан њиховим ставовима, јавно је саопштио да су грађани током расправе о том законском документу, видели колику „мржњу, шовинизам и нетрпељивост према Албанцима имају Ранко Кривокапић, Рашко Коњевић и Андрија Поповић”.
Потпредседник Скупштине Генци Ниманбегу је затражио измене и у њима предложио да физичка лица убудуће, „заставу, грб или симбол друге државе могу истицати без санкционисања” јер је „претходно законско решење било дискриминаторско, нарочито према мањинама”.
Из владајуће Демократска партије социјалиста (ДПС) уследио је одговор посланице те партије Марте Шћепановић:
„Ово је условило нешто што се у пракси догађа, а недопустиво је дакле потирање нашег државног и културног идентитета, негирање грађанског профила црногорског друштва и заступање и величање фашистичких, шовинистичких и нацистичких идеја…”
За бројне претње Ђељошаја нико не мари, па ни надлежни органи, који, примера ради, Србима у Црној Гори утерују страх бројним судским процесима, пријавама, саслушањима, затварањем, батинама... Ђељошај поручује:
„Показало се и доказало чињеницама да само албански симбол Албанаца смета вама и људима око вас. Кривокапић, Коњевић и Поповић су од синоћ непожељне особе било где Албанци да живе.”
Посланик и функционер СДП-а Рашко Коњевић је реаговао: „Мало је превише па и од појединца Ђељошаја, ситног политичког предузетника.”
И док су они „водили битку” око застава и још много чега из сфере националних питања, народа и националних мањина, у Општину Тузи стигао је „тефтер” – сагласност Министарства културе којим се одобрава подизање спомен-бисте Ђерђ Кастриоту Скендербегу што је одмах верификовао и локални парламент.
Албанци су планирали да овај споменик поставе у Затријепчу, Тузима и Улцињу, али ће плоче и други споменичка обележја са Скендербегом бити и у Малесији и Плаву, где је дародавац слике Скендербега за канцеларију националног савеза Албанаца, лично председник Албаније.
Иначе, Скендербег се у Црној Гори одувек поштовао у нашем народу. Овдашњи и Срби из Албаније име Ђерђ Кастриота изговарају с поштовањем.
Председник удружења Срба и Црногораца из Албаније „Розафа Морача” Павле Брајовић каже за наше новине да је Скендербегов маузолеј саграђен у подножју тврђаве Љеш празан.
„Ту су административно сместили Скендербега. Није ту силни јунак, српског порекла. Не зна се ни где су му кости. Свугде по свету, докле су допирали турски освајачи. Да није ту, знали су и они који му саградише маузолеј, који је заробио вековну православну светињу – манастир Светог Николе”, прича нам Брајовић.
Оно што Срби у Албанији не дозвољавају да се доведе у сумњу јесу налази објективних историографа, пре свега швајцарских и немачких, нарочито славног Оливера Шмита који је утемељено написао да је Скендербег „био Србин, и по очевој и по мајчиној линији”.
„Мајка Скендербегова звала се Војислава, а отац Јован. Читао је и писао на српском и ћирилицом. Говорио је неколико језика, између осталих латински, грчки, француски, италијански и турски, али је говорио и писао српским језиком и ћирилицом”, каже нам Павле Брајовић.
Наш саговорник додаје да се некадашњи директор националне библиотеке у Тирани „жалио јавно, преко новина, да ће Скендербегове рукописе украсти Срби, јер су били написани ћирилицом”.
„Сад их нико не помиње. Амбасада Србије их није тражила, што би било веома драгоцено за осветљавање тог периода наше историје. Покушао сам да дођем до копије ових списа, али су их албанске власти сакриле у девет јама”, наводи  Брајовић.
 
</article-text><article-text-transliterated>
Od našeg stalnog dopisnika
Podgorica – Ni svetlost novogodišnjih vatrometa ni buka sa trgova nisu utišali politička sporenja između poslanika i lidera Albanaca, s jedne strane, i poslanika Socijaldemokratske partije (SDP), s druge. Albanci su u crnogorskom parlamentu, samo dan uoči nove godine, u predlogu izmena i dopuna Zakona o javnom redu i miru zatražili da mogu svugde i u svakoj prilici isticati zastavu Republike Albanije, na šta su im poslanici SDP-a Ranko Krivokapić i Raško Konjević i liberalne partije Andrija Popović rekli da je to nedopustivo, jer „takvog primera nema u svetu”.
Predsednik Albanske alternative Nik Đeljošaj, nezadovoljan njihovim stavovima, javno je saopštio da su građani tokom rasprave o tom zakonskom dokumentu, videli koliku „mržnju, šovinizam i netrpeljivost prema Albancima imaju Ranko Krivokapić, Raško Konjević i Andrija Popović”.
Potpredsednik Skupštine Genci Nimanbegu je zatražio izmene i u njima predložio da fizička lica ubuduće, „zastavu, grb ili simbol druge države mogu isticati bez sankcionisanja” jer je „prethodno zakonsko rešenje bilo diskriminatorsko, naročito prema manjinama”.
Iz vladajuće Demokratska partije socijalista (DPS) usledio je odgovor poslanice te partije Marte Šćepanović:
„Ovo je uslovilo nešto što se u praksi događa, a nedopustivo je dakle potiranje našeg državnog i kulturnog identiteta, negiranje građanskog profila crnogorskog društva i zastupanje i veličanje fašističkih, šovinističkih i nacističkih ideja…”
Za brojne pretnje Đeljošaja niko ne mari, pa ni nadležni organi, koji, primera radi, Srbima u Crnoj Gori uteruju strah brojnim sudskim procesima, prijavama, saslušanjima, zatvaranjem, batinama... Đeljošaj poručuje:
„Pokazalo se i dokazalo činjenicama da samo albanski simbol Albanaca smeta vama i ljudima oko vas. Krivokapić, Konjević i Popović su od sinoć nepoželjne osobe bilo gde Albanci da žive.”
Poslanik i funkcioner SDP-a Raško Konjević je reagovao: „Malo je previše pa i od pojedinca Đeljošaja, sitnog političkog preduzetnika.”
I dok su oni „vodili bitku” oko zastava i još mnogo čega iz sfere nacionalnih pitanja, naroda i nacionalnih manjina, u Opštinu Tuzi stigao je „tefter” – saglasnost Ministarstva kulture kojim se odobrava podizanje spomen-biste Đerđ Kastriotu Skenderbegu što je odmah verifikovao i lokalni parlament.
Albanci su planirali da ovaj spomenik postave u Zatrijepču, Tuzima i Ulcinju, ali će ploče i drugi spomenička obeležja sa Skenderbegom biti i u Malesiji i Plavu, gde je darodavac slike Skenderbega za kancelariju nacionalnog saveza Albanaca, lično predsednik Albanije.
Inače, Skenderbeg se u Crnoj Gori oduvek poštovao u našem narodu. Ovdašnji i Srbi iz Albanije ime Đerđ Kastriota izgovaraju s poštovanjem.
Predsednik udruženja Srba i Crnogoraca iz Albanije „Rozafa Morača” Pavle Brajović kaže za naše novine da je Skenderbegov mauzolej sagrađen u podnožju tvrđave Lješ prazan.
„Tu su administrativno smestili Skenderbega. Nije tu silni junak, srpskog porekla. Ne zna se ni gde su mu kosti. Svugde po svetu, dokle su dopirali turski osvajači. Da nije tu, znali su i oni koji mu sagradiše mauzolej, koji je zarobio vekovnu pravoslavnu svetinju – manastir Svetog Nikole”, priča nam Brajović.
Ono što Srbi u Albaniji ne dozvoljavaju da se dovede u sumnju jesu nalazi objektivnih istoriografa, pre svega švajcarskih i nemačkih, naročito slavnog Olivera Šmita koji je utemeljeno napisao da je Skenderbeg „bio Srbin, i po očevoj i po majčinoj liniji”.
„Majka Skenderbegova zvala se Vojislava, a otac Jovan. Čitao je i pisao na srpskom i ćirilicom. Govorio je nekoliko jezika, između ostalih latinski, grčki, francuski, italijanski i turski, ali je govorio i pisao srpskim jezikom i ćirilicom”, kaže nam Pavle Brajović.
Naš sagovornik dodaje da se nekadašnji direktor nacionalne biblioteke u Tirani „žalio javno, preko novina, da će Skenderbegove rukopise ukrasti Srbi, jer su bili napisani ćirilicom”.
„Sad ih niko ne pominje. Ambasada Srbije ih nije tražila, što bi bilo veoma dragoceno za osvetljavanje tog perioda naše istorije. Pokušao sam da dođem do kopije ovih spisa, ali su ih albanske vlasti sakrile u devet jama”, navodi  Brajović.
 
</article-text-transliterated></article><comments><comments-count>8</comments-count><comments-list><comment comment-id="1"><comment-parent-id /><comment-text>@Sreten  Bozić Wongar
Bolje je  malo   zastati sa  izrazito  za  Srbiju ( koja bukvalno "plače  " za   asfaltom i   na drugim  pravcima u  njoj ) neperspektivnim  putevima   od  Požege do  granice sa  CG  ili  i  ka  Prištini  koji   omogućavaju "vjekovni  izlaz  iz   planina "  ka  Baba (pardon , Baki  , Bakici ) Evropi  i  za " Milogorce"  i  navodne  albanske  "Ilire ". Pa  neka  svi  idu    preko  Durmitora ,  BiH  i  dalje šireći se  ka  svom potpuno    prirodnom  evropskom   okruženju ; Beču    Berlinu   i  Parizu  , bukvalno   zaobilazeći  ovo  malo   naciljanog  preostalog    jada od  zemlje  i  naroda .Onda  će se možda  neko  setiti  da za  stanovništvo  veličine  1/2   Grada  Beograda   nema  potrebe  za  uporedno podizanje  možda  i par desetina   mostova  preko  reke Save koliko  vredi  takav  put  a za  "komunikacija   gladne " i "zarobljene "  u  planinama"još i više, Dosta je  u  toj  varijanti   i  do  Požege.Pa zar  nije cilj "odvajenost  od srpskog okupatora "?
</comment-text><comment-text-transliterated>@Sreten  Bozić Wongar
Bolje je  malo   zastati sa  izrazito  za  Srbiju ( koja bukvalno "plače  " za   asfaltom i   na drugim  pravcima u  njoj ) neperspektivnim  putevima   od  Požege do  granice sa  CG  ili  i  ka  Prištini  koji   omogućavaju "vjekovni  izlaz  iz   planina "  ka  Baba (pardon , Baki  , Bakici ) Evropi  i  za " Milogorce"  i  navodne  albanske  "Ilire ". Pa  neka  svi  idu    preko  Durmitora ,  BiH  i  dalje šireći se  ka  svom potpuno    prirodnom  evropskom   okruženju ; Beču    Berlinu   i  Parizu  , bukvalno   zaobilazeći  ovo  malo   naciljanog  preostalog    jada od  zemlje  i  naroda .Onda  će se možda  neko  setiti  da za  stanovništvo  veličine  1/2   Grada  Beograda   nema  potrebe  za  uporedno podizanje  možda  i par desetina   mostova  preko  reke Save koliko  vredi  takav  put  a za  "komunikacija   gladne " i "zarobljene "  u  planinama"još i više, Dosta je  u  toj  varijanti   i  do  Požege.Pa zar  nije cilj "odvajenost  od srpskog okupatora "?
</comment-text-transliterated></comment><comment comment-id="2"><comment-parent-id /><comment-text>Uvesti  putarinu na prelaz     iz  Crne  Gore  preko  Srbije.</comment-text><comment-text-transliterated>Uvesti  putarinu na prelaz     iz  Crne  Gore  preko  Srbije.</comment-text-transliterated></comment><comment comment-id="3"><comment-parent-id /><comment-text>Mogli biste pokazati malo više poštovanja prema šiptarima bez kojih ne biste postigli nezavisnot, a i uskoro će biti većina...</comment-text><comment-text-transliterated>Mogli biste pokazati malo više poštovanja prema šiptarima bez kojih ne biste postigli nezavisnot, a i uskoro će biti većina...</comment-text-transliterated></comment><comment comment-id="4"><comment-parent-id /><comment-text>Ударио свој на својега. Ово неће на добро изаћи.</comment-text><comment-text-transliterated>Udario svoj na svojega. Ovo neće na dobro izaći.</comment-text-transliterated></comment><comment comment-id="5"><comment-parent-id /><comment-text>Poznavajuci dobro Krivokapica, Konjevica, Popovica pa i Brajevica (sadasnjeg predsednika Skupstine i ranije coveka No.2 SDP-e), uveren sam da bi oni nekako i "progutali" predlog o zastavi, albanskih poslanika, ali onda bi dosli do jos veceg "zalogaja". Taj "zalogaj" je u cinjenici, da bi onda morali dozvoliti nesmetano isticanje srpske zastave, sto bi za ovu cetvoricu bio tako veliki "zalogaj", da bi se jednostavno "ugusili". U tome i jeste glavni problem. Nisu ova cetvorica poznati, u Crnoj Gori, po
antialbanizmu, vec po antisrbizmu, koji su vec decenijama otvoreno ispoljavali. A tada su bili podrzavani od istih ovih albanskih poslanika ali i nekih iz SDP, HGI i bosnjackih stranaka, koji sada traze svoja nacionalna prava. A za takvu svoju podrsku, pripadnici nabrojanih partija i stranaka, nagradjivani su najvisim mestima u institucijama drzave i drustva. Sada, kada
svojim zahtevima "za sebe", posredno omogucavaju legalizaciju srpskih obelezja, vise nisu dobrodosli. "Problem" su Srbi.
</comment-text><comment-text-transliterated>Poznavajuci dobro Krivokapica, Konjevica, Popovica pa i Brajevica (sadasnjeg predsednika Skupstine i ranije coveka No.2 SDP-e), uveren sam da bi oni nekako i "progutali" predlog o zastavi, albanskih poslanika, ali onda bi dosli do jos veceg "zalogaja". Taj "zalogaj" je u cinjenici, da bi onda morali dozvoliti nesmetano isticanje srpske zastave, sto bi za ovu cetvoricu bio tako veliki "zalogaj", da bi se jednostavno "ugusili". U tome i jeste glavni problem. Nisu ova cetvorica poznati, u Crnoj Gori, po
antialbanizmu, vec po antisrbizmu, koji su vec decenijama otvoreno ispoljavali. A tada su bili podrzavani od istih ovih albanskih poslanika ali i nekih iz SDP, HGI i bosnjackih stranaka, koji sada traze svoja nacionalna prava. A za takvu svoju podrsku, pripadnici nabrojanih partija i stranaka, nagradjivani su najvisim mestima u institucijama drzave i drustva. Sada, kada
svojim zahtevima "za sebe", posredno omogucavaju legalizaciju srpskih obelezja, vise nisu dobrodosli. "Problem" su Srbi.
</comment-text-transliterated></comment><comment comment-id="5-1"><comment-parent-id>5</comment-parent-id><comment-text>@Sofija; Gospodjo Sofija, odgovorio sam Vam na upit, ali iz nekih razloga, poznat samo moderatoru, moj komentar nije "prosao".Zapravo sustina mog odgovora je sadrzana u jednoj matematicko-vremenskoj varijabli, koja ima visok stepen verovatnoce, a koja se svodi na konstataciju da "Crnogorska nacija" ne moze da "opstane", ma koliko se trudila. Sve  "nove nacije", koje su delimicno ili potpuno izvedene iz Srpske (Makedonci, Muslimani (sada Bosnjaci), delom Htvati (koji su nastali od Srba katolika) su brojali, po oko 1.5 milion ljudi. Srba
u CG ima oko 220.000, a "Crnogoraca" oko 300.000. Cak i da da svi "predju" u Crnogorce, to je 520-550.000.
Obzirom na postojece nacionalno okruzenje i u nekom 
razumnom vremenu, oni ce se jenostavno asimilirati u neku od vecinskih nacija i to je cak i sa biolosko aspekta sasvim moguce.Nesreca je u tome sto, dok se svi homogenizuju,mi Srbi se raslojavamo i tako postajemo lak plen brojnijih a samim tim i uticajnijih nacija. To je najveca srpska nesreca.   </comment-text><comment-text-transliterated>@Sofija; Gospodjo Sofija, odgovorio sam Vam na upit, ali iz nekih razloga, poznat samo moderatoru, moj komentar nije "prosao".Zapravo sustina mog odgovora je sadrzana u jednoj matematicko-vremenskoj varijabli, koja ima visok stepen verovatnoce, a koja se svodi na konstataciju da "Crnogorska nacija" ne moze da "opstane", ma koliko se trudila. Sve  "nove nacije", koje su delimicno ili potpuno izvedene iz Srpske (Makedonci, Muslimani (sada Bosnjaci), delom Htvati (koji su nastali od Srba katolika) su brojali, po oko 1.5 milion ljudi. Srba
u CG ima oko 220.000, a "Crnogoraca" oko 300.000. Cak i da da svi "predju" u Crnogorce, to je 520-550.000.
Obzirom na postojece nacionalno okruzenje i u nekom 
razumnom vremenu, oni ce se jenostavno asimilirati u neku od vecinskih nacija i to je cak i sa biolosko aspekta sasvim moguce.Nesreca je u tome sto, dok se svi homogenizuju,mi Srbi se raslojavamo i tako postajemo lak plen brojnijih a samim tim i uticajnijih nacija. To je najveca srpska nesreca.   </comment-text-transliterated></comment><comment comment-id="5-2"><comment-parent-id>5</comment-parent-id><comment-text>Vidim da poznajete stvari: recite molim vas, kuda ovo vodi Crnogorce jer verujem da ce Srbi konsolidovati, naci ce nacin da odgovaraju na ove izazove i model da opstanu, a Albanci ce ostati Albanci, Muslimani ce ostati Muslimani- ko ce biti ta Crnogorska nacija? Kako to da funkcionise, da li ce to biti manjina ili vecina u CG? Da li je tacno to sto neki Crnogorci govore po Beogradu, da su mladi ljudi u CG "listom" za formiranje jednog novodefinisanog identieta i da su usli u proces "menjanje svesti"?</comment-text><comment-text-transliterated>Vidim da poznajete stvari: recite molim vas, kuda ovo vodi Crnogorce jer verujem da ce Srbi konsolidovati, naci ce nacin da odgovaraju na ove izazove i model da opstanu, a Albanci ce ostati Albanci, Muslimani ce ostati Muslimani- ko ce biti ta Crnogorska nacija? Kako to da funkcionise, da li ce to biti manjina ili vecina u CG? Da li je tacno to sto neki Crnogorci govore po Beogradu, da su mladi ljudi u CG "listom" za formiranje jednog novodefinisanog identieta i da su usli u proces "menjanje svesti"?</comment-text-transliterated></comment><comment comment-id="6"><comment-parent-id /><comment-text>Članak ima  dva  dela  Jedan je o Krivokapiću  a  drugi  o  Skenderbegu . Ovaj  drugi  je   -izgleda  bio  i   ostao   poštovan  od  svih.Verovatno  pre  svega   zato  što  se  suprostavio  Turcima  kao  ondašnjim  okupatorima   G. Krivokapić  je  međutim  bio   izrazito  profilisan protiv  Srbij.svake   zajedničke  države  i  Srba   uopšte .</comment-text><comment-text-transliterated>Članak ima  dva  dela  Jedan je o Krivokapiću  a  drugi  o  Skenderbegu . Ovaj  drugi  je   -izgleda  bio  i   ostao   poštovan  od  svih.Verovatno  pre  svega   zato  što  se  suprostavio  Turcima  kao  ondašnjim  okupatorima   G. Krivokapić  je  međutim  bio   izrazito  profilisan protiv  Srbij.svake   zajedničke  države  i  Srba   uopšte .</comment-text-transliterated></comment></comments-list></comments></document>