<document global-id="sr-01-1448"><url>http://www.politika.rs/scc/clanak/327877/%D0%9C%D0%B8%D1%82%D0%B8%D0%BD%D0%B3-%D0%A1%D0%BA%D0%BE%D0%BF%D1%99%D1%83-%D0%97%D0%B1%D0%BE%D0%B3%D0%BE%D0%BC-%D0%9D%D0%B8%D0%BA%D0%BE%D0%BB%D0%B0</url><source-id>sr-01</source-id><local-id>sr-01-1448</local-id><source-name>Politika</source-name><article><article-title>Митинг Скопљу: Збогом, Никола</article-title><article-title-transliterated>Miting Skoplju: Zbogom, Nikola</article-title-transliterated><article_time>2015-05-17</article_time><article-author>Tanjug</article-author><article-text>
Скопље - Представници студената, интелектуалаца и НВО поручили су са масовног антивладиног протеста у Скопљу да грађани желе промене, слободу, правду, једнакост, демократију и достојанство за државу и све њене грађане, без обзира на њихову националну и верску припадност. Захтев је само један - да премијер Никола Груевски поднесе оставку, јавио је репортер Танјуга са лица места.
Митинг је почео интонирањем македонске химне, а први говорник је био представник Студентског пленума Христијан Поп Симонов.
Прекидан аплаузима масе он је послао поруку да је студентима „доста” и да зато Груевски треба да поднесе оставку.
Студенти, казао је, желе демократски и транспарентан систем у коме постоје једнака права за све.
Студенти, додао је, неће бити ничији робови, да они не подржавају ниједну политичку партију нити ће то чинити, али да желе да буду коректор власти.„Имам 22 године и моја генерација је осакаћена од перманентне приватизације”, рекао је он и додао да студент желе демократску, а не партијску државу.
Његов говор је потом преведен на албански језик.
Редитељ Александар Поповски је поручио да је „нешто труло у држави Македонији”.„Протестујем против свих неправди које су направљане”, рекао је Поповски.
Џабир Дерала из НВО Цивил рекао је да грађани више неће да се савијају да је време да Груевског стрпају у затвор.„Наш живот је затвор. Оставка”, узвикнуо је он, док га је маса подржала узвицима и аплаузима.
Додао је да су полицајци изгинули у Куманову искоришћени као „топовско месо”, а њихова деца не спавају јер им је Груевски куће завио у црно.
Оценио је да ће Македонија из ове кризе да изађе јача, слободна, силна и радосна.
Затражио је обустављање политичких прогона које држава спроводи против бројних грађана и да се обустави неоправдано заваравање људи.
Грађани на протесту носе државне заставе Македоније, има и албанских, као и транспаренте: „Оставка”, „Збогом Никола”, „Сваки човек има право на здраву животну средину”, „Нема ти спаса од народног гласа”, „1941. сам био партизан, а 2015. протестујем”. Ту су и велики транспаренти са фотографијом Груевског иза затворских решетака.
Опозиција тражи оставку премијера Груевског и формирање техничке владе која би у року од годину дана припремила одржавање ванредних избора.
Груевски је, међутим, прексиноћ поново поручио да неће поднети оставку јер сматра да би то био кукавички чин. Иначе, за данас  је у Скопљу испред зграде Собрања у 20 сати заказан протест владајуће ВМРО-ДПМНЕ.
На протесту учествује 14 странака и грађанских покрета, међу којима су и неке мање партије Албанаца, као и европосланик социјалдемократског блока у Европском паралменту Ричард Ховит, амбасадор ЕУ у Скопљу Ерван Фуере и Холандије Симоне Филипини. Грађанима ће се обратити и бивши бугарски премијер Сергеј Станишев.
Амерички сенатор Крис Марфи је поводом протеста апеловао на уздржаност од насиља како би Македонија била враћена на евроатлантски пут.
Заев: Груевском одбројани сати
Скопље - „Никола - одлази”, поручио је јуче македонском премијеру Николи Груевском лидер опозиционог Социјалдемократског савеза Македоније (СДСМ) Зоран Заев на масовном антивладином протесту у Скопљу.„Николи Груевском су одбројани сати”, рекао је Заев, који је премијера назвао „кукавицом” због непримереног обрачуна са неистомишљеницима и „лоповом” јер је, како каже, покрао изборе.
Лидер СДСМ-а је, такође, позвао грађане, припаднике свих етничких заједница - Македонце, Албанце, Србе и Турке - и чланове разних политичких странака и удружења, да остану испред седишта Владе све док Груевски и његов кабинет не поднесу оставке.„С вољом или не, Груевком је дошао крај”, рекао је Заев бурно поздрављан од присутних грађана. „Македонија ће да буде заједничка мултиетничка држава… држава равноправних грађана. Завршено је време великог патриотизма”, казао је Заев.„Груевски немој да одуговачиш твоје време је истекло”, рекао је лидер СДСМ и додао да једино што актуелни премијер у овом тренутку може да уради је да - напусти владу.
Заев је, такође, одао почаст полицајцима погинулим у кумановском оружаном обрачуну са терористима и истакао да је штета коју је Груевски направио „велика као што је велика Македонија”.
</article-text><article-text-transliterated>
Skoplje - Predstavnici studenata, intelektualaca i NVO poručili su sa masovnog antivladinog protesta u Skoplju da građani žele promene, slobodu, pravdu, jednakost, demokratiju i dostojanstvo za državu i sve njene građane, bez obzira na njihovu nacionalnu i versku pripadnost. Zahtev je samo jedan - da premijer Nikola Gruevski podnese ostavku, javio je reporter Tanjuga sa lica mesta.
Miting je počeo intoniranjem makedonske himne, a prvi govornik je bio predstavnik Studentskog plenuma Hristijan Pop Simonov.
Prekidan aplauzima mase on je poslao poruku da je studentima „dosta” i da zato Gruevski treba da podnese ostavku.
Studenti, kazao je, žele demokratski i transparentan sistem u kome postoje jednaka prava za sve.
Studenti, dodao je, neće biti ničiji robovi, da oni ne podržavaju nijednu političku partiju niti će to činiti, ali da žele da budu korektor vlasti.„Imam 22 godine i moja generacija je osakaćena od permanentne privatizacije”, rekao je on i dodao da student žele demokratsku, a ne partijsku državu.
Njegov govor je potom preveden na albanski jezik.
Reditelj Aleksandar Popovski je poručio da je „nešto trulo u državi Makedoniji”.„Protestujem protiv svih nepravdi koje su napravljane”, rekao je Popovski.
Džabir Derala iz NVO Civil rekao je da građani više neće da se savijaju da je vreme da Gruevskog strpaju u zatvor.„Naš život je zatvor. Ostavka”, uzviknuo je on, dok ga je masa podržala uzvicima i aplauzima.
Dodao je da su policajci izginuli u Kumanovu iskorišćeni kao „topovsko meso”, a njihova deca ne spavaju jer im je Gruevski kuće zavio u crno.
Ocenio je da će Makedonija iz ove krize da izađe jača, slobodna, silna i radosna.
Zatražio je obustavljanje političkih progona koje država sprovodi protiv brojnih građana i da se obustavi neopravdano zavaravanje ljudi.
Građani na protestu nose državne zastave Makedonije, ima i albanskih, kao i transparente: „Ostavka”, „Zbogom Nikola”, „Svaki čovek ima pravo na zdravu životnu sredinu”, „Nema ti spasa od narodnog glasa”, „1941. sam bio partizan, a 2015. protestujem”. Tu su i veliki transparenti sa fotografijom Gruevskog iza zatvorskih rešetaka.
Opozicija traži ostavku premijera Gruevskog i formiranje tehničke vlade koja bi u roku od godinu dana pripremila održavanje vanrednih izbora.
Gruevski je, međutim, preksinoć ponovo poručio da neće podneti ostavku jer smatra da bi to bio kukavički čin. Inače, za danas  je u Skoplju ispred zgrade Sobranja u 20 sati zakazan protest vladajuće VMRO-DPMNE.
Na protestu učestvuje 14 stranaka i građanskih pokreta, među kojima su i neke manje partije Albanaca, kao i evroposlanik socijaldemokratskog bloka u Evropskom paralmentu Ričard Hovit, ambasador EU u Skoplju Ervan Fuere i Holandije Simone Filipini. Građanima će se obratiti i bivši bugarski premijer Sergej Stanišev.
Američki senator Kris Marfi je povodom protesta apelovao na uzdržanost od nasilja kako bi Makedonija bila vraćena na evroatlantski put.
Zaev: Gruevskom odbrojani sati
Skoplje - „Nikola - odlazi”, poručio je juče makedonskom premijeru Nikoli Gruevskom lider opozicionog Socijaldemokratskog saveza Makedonije (SDSM) Zoran Zaev na masovnom antivladinom protestu u Skoplju.„Nikoli Gruevskom su odbrojani sati”, rekao je Zaev, koji je premijera nazvao „kukavicom” zbog neprimerenog obračuna sa neistomišljenicima i „lopovom” jer je, kako kaže, pokrao izbore.
Lider SDSM-a je, takođe, pozvao građane, pripadnike svih etničkih zajednica - Makedonce, Albance, Srbe i Turke - i članove raznih političkih stranaka i udruženja, da ostanu ispred sedišta Vlade sve dok Gruevski i njegov kabinet ne podnesu ostavke.„S voljom ili ne, Gruevkom je došao kraj”, rekao je Zaev burno pozdravljan od prisutnih građana. „Makedonija će da bude zajednička multietnička država… država ravnopravnih građana. Završeno je vreme velikog patriotizma”, kazao je Zaev.„Gruevski nemoj da odugovačiš tvoje vreme je isteklo”, rekao je lider SDSM i dodao da jedino što aktuelni premijer u ovom trenutku može da uradi je da - napusti vladu.
Zaev je, takođe, odao počast policajcima poginulim u kumanovskom oružanom obračunu sa teroristima i istakao da je šteta koju je Gruevski napravio „velika kao što je velika Makedonija”.
</article-text-transliterated></article><comments><comments-count>24</comments-count><comments-list><comment comment-id="1"><comment-parent-id /><comment-text>@ Goran Djordjevic, ako iko treba da se nadje u zatvoru, e to je onda taj Vas Srdjan!!
Placenik zapadnih fondacija, taj Srdjan sebe smatra bogom danim, ali doci ce i njemu racun na tanjiric....doci ce!</comment-text><comment-text-transliterated>@ Goran Djordjevic, ako iko treba da se nadje u zatvoru, e to je onda taj Vas Srdjan!!
Placenik zapadnih fondacija, taj Srdjan sebe smatra bogom danim, ali doci ce i njemu racun na tanjiric....doci ce!</comment-text-transliterated></comment><comment comment-id="2"><comment-parent-id /><comment-text>@Brankica L....Vidim da umete da budete jako duhoviti, kada pitate, gde je sada Srdja. Mozda ste vi dokoni, ali ne i Srdja.  Srdja u zadnje vreme pada s nogu od posla.  Neprekidno je na relaciji Beograd-Pristina-Skoplje. Ako, mislite da je njemu lako i ako, mislite da je organizovanje prevrata u jednoj drzavi jednostavna stvar, onda se grdno varate. Treba tu mesecima unazad pripremiti kampanju, obuciti i edukovati aktiviste, zastrasiti policijske staresine...Zato, kazem, nije trebalo pitati: "Gde je sada, Srdja"?  U ovom trenutku su ovo za njega vrlo stresni trenuci. Nije mu ovo prvi prevrat, ali gotovo je samo onda, kada je gotovo.</comment-text><comment-text-transliterated>@Brankica L....Vidim da umete da budete jako duhoviti, kada pitate, gde je sada Srdja. Mozda ste vi dokoni, ali ne i Srdja.  Srdja u zadnje vreme pada s nogu od posla.  Neprekidno je na relaciji Beograd-Pristina-Skoplje. Ako, mislite da je njemu lako i ako, mislite da je organizovanje prevrata u jednoj drzavi jednostavna stvar, onda se grdno varate. Treba tu mesecima unazad pripremiti kampanju, obuciti i edukovati aktiviste, zastrasiti policijske staresine...Zato, kazem, nije trebalo pitati: "Gde je sada, Srdja"?  U ovom trenutku su ovo za njega vrlo stresni trenuci. Nije mu ovo prvi prevrat, ali gotovo je samo onda, kada je gotovo.</comment-text-transliterated></comment><comment comment-id="3"><comment-parent-id /><comment-text>@Goran Djordjevic  - Mrzim što nam skreću pažnju sa naših životnih problema stalnim prisustvom makedonskih događanja u medijima, ali se iskreno pitam - koliko zapravo Makedonaca ima tamo na trgu? A koliko raznoraznih drugih sa sopstvenim agendama, kojima cilj nije demokratizacija društva. Pa ni "najdemokratskija država" to nije, videli smo u pobunama zadnjih godina dela njihovog stanovništava afroameričkog porekla. Ah, da,  da li neko zna gde je Srđa Popović ovih dana? Lepo bi bilo da ga vidimo i čujemo stručno mišljenje o makedonskom "dešavanju naroda".</comment-text><comment-text-transliterated>@Goran Djordjevic  - Mrzim što nam skreću pažnju sa naših životnih problema stalnim prisustvom makedonskih događanja u medijima, ali se iskreno pitam - koliko zapravo Makedonaca ima tamo na trgu? A koliko raznoraznih drugih sa sopstvenim agendama, kojima cilj nije demokratizacija društva. Pa ni "najdemokratskija država" to nije, videli smo u pobunama zadnjih godina dela njihovog stanovništava afroameričkog porekla. Ah, da,  da li neko zna gde je Srđa Popović ovih dana? Lepo bi bilo da ga vidimo i čujemo stručno mišljenje o makedonskom "dešavanju naroda".</comment-text-transliterated></comment><comment comment-id="4"><comment-parent-id /><comment-text>@đorđe nikolić - Čisto sumnjam u tu pozitivnu sliku o Srbiji u Makedoniji. :) Ali, problemi Makedonije nisu naši problemi i tu ste u pravu, slažem se  da štampa preteruje sa tekstovima o dešavanjima u Makedoniji. Ali ja to vidim kao skretanje pažnje srpske javnosti sa naših ogromnih egzistencijalnih problema za koje ova vlada nema rešenje. Nema to ama baš nikakve veze sa Makedonijom. A zašto pišemo upozorenja Makedoncima? Dobićete odgovor kad srušite vlast, pa u godinama posle toga - stiže vam odgovor zato što ...Srdačan pozdrav.</comment-text><comment-text-transliterated>@đorđe nikolić - Čisto sumnjam u tu pozitivnu sliku o Srbiji u Makedoniji. :) Ali, problemi Makedonije nisu naši problemi i tu ste u pravu, slažem se  da štampa preteruje sa tekstovima o dešavanjima u Makedoniji. Ali ja to vidim kao skretanje pažnje srpske javnosti sa naših ogromnih egzistencijalnih problema za koje ova vlada nema rešenje. Nema to ama baš nikakve veze sa Makedonijom. A zašto pišemo upozorenja Makedoncima? Dobićete odgovor kad srušite vlast, pa u godinama posle toga - stiže vam odgovor zato što ...Srdačan pozdrav.</comment-text-transliterated></comment><comment comment-id="5"><comment-parent-id /><comment-text>Postoji jos jedan aspekt, koji niko do sada nije dotakao. Ako se samo za  trenutrak osvrnemo na raspored NATO snaga na Balkanu, sa posebnom paznjom na Srbiju i na Makedoniju, ne treba puno pameti pa zakljuciti da je juzno krilo NATO-a spreceno da se poveze sa NATO-om na severu, iz pravca Madjarske i Hrvatske. Prvo imate rovitu situaciju u celoj Bosni, koja je svetlosne godine udaljena od EU, i od NATO-a nesto malo blize, jer isti moze da je predje pre nego sto bi neko priskocio u pomoc Dodiku. Za Srbiju je situacija jos gora, jer nikad ne zna cija ce opcija da prevlada, koliko je Vucic jak sto se tice Evrope, barem je tri puta jaci Toma sto se tice Rusa i Rusije.
Ne bi Toma ni izbliza imao poziciju koju danas uziva da nema onoliko muljanja, ne Rusa, ili svih ambasadora, ruskih koji sede u Beogradu, vec muljanja domacih zaljubljenika u Rusiju, od kojih samo pola njih priznajem da to rade, pisu i misle iz svojih dubokih ubedjenja, u krajnjoj liniji njihova stvar, al svi ostali su glumci.</comment-text><comment-text-transliterated>Postoji jos jedan aspekt, koji niko do sada nije dotakao. Ako se samo za  trenutrak osvrnemo na raspored NATO snaga na Balkanu, sa posebnom paznjom na Srbiju i na Makedoniju, ne treba puno pameti pa zakljuciti da je juzno krilo NATO-a spreceno da se poveze sa NATO-om na severu, iz pravca Madjarske i Hrvatske. Prvo imate rovitu situaciju u celoj Bosni, koja je svetlosne godine udaljena od EU, i od NATO-a nesto malo blize, jer isti moze da je predje pre nego sto bi neko priskocio u pomoc Dodiku. Za Srbiju je situacija jos gora, jer nikad ne zna cija ce opcija da prevlada, koliko je Vucic jak sto se tice Evrope, barem je tri puta jaci Toma sto se tice Rusa i Rusije.
Ne bi Toma ni izbliza imao poziciju koju danas uziva da nema onoliko muljanja, ne Rusa, ili svih ambasadora, ruskih koji sede u Beogradu, vec muljanja domacih zaljubljenika u Rusiju, od kojih samo pola njih priznajem da to rade, pisu i misle iz svojih dubokih ubedjenja, u krajnjoj liniji njihova stvar, al svi ostali su glumci.</comment-text-transliterated></comment><comment comment-id="6"><comment-parent-id /><comment-text>@Ema T | 18/05/2015 11:13
Nije ukrajinski nego srpski.</comment-text><comment-text-transliterated>@Ema T | 18/05/2015 11:13
Nije ukrajinski nego srpski.</comment-text-transliterated></comment><comment comment-id="7"><comment-parent-id /><comment-text>Ja se stoposto slazem sa onim sto rekao za Makedoniju profesor Pukovski, da Grcka nije kocila Makedoniju, ova bi bila odavno u NATO-u i u EU, i onda ne bi bilo svega ovog sta Albanci danas poradjuju. 
Ja bi na ovo samo rekao, Grcka je namerno izisljala mlaku vodu u vezi Makedonije, samo da odvrati paznju Brisela od lagodnog zivota koji je zivela unazad ko zna od kada, troseci enorme kolicine eura, pa sad kad je pukla tikva, jos uvek ima ostva za prodaju, ako se ne snadje drugacije, sa Rusima, ili sa BRIKS-om.
A mislim, inace, na osnovu onog sto sam rekao prekjuce za Makedonce, da su oni debelo zasluzili da udju u Evropu pre Hrvatske. Takodje verujem da ce ceo proces prilagodjavanja na uslove EU, biti kod Makedonaca ubedljivo najkraci i najpostenij.</comment-text><comment-text-transliterated>Ja se stoposto slazem sa onim sto rekao za Makedoniju profesor Pukovski, da Grcka nije kocila Makedoniju, ova bi bila odavno u NATO-u i u EU, i onda ne bi bilo svega ovog sta Albanci danas poradjuju. 
Ja bi na ovo samo rekao, Grcka je namerno izisljala mlaku vodu u vezi Makedonije, samo da odvrati paznju Brisela od lagodnog zivota koji je zivela unazad ko zna od kada, troseci enorme kolicine eura, pa sad kad je pukla tikva, jos uvek ima ostva za prodaju, ako se ne snadje drugacije, sa Rusima, ili sa BRIKS-om.
A mislim, inace, na osnovu onog sto sam rekao prekjuce za Makedonce, da su oni debelo zasluzili da udju u Evropu pre Hrvatske. Takodje verujem da ce ceo proces prilagodjavanja na uslove EU, biti kod Makedonaca ubedljivo najkraci i najpostenij.</comment-text-transliterated></comment><comment comment-id="8"><comment-parent-id /><comment-text>Ukrajinski scenario na delu.</comment-text><comment-text-transliterated>Ukrajinski scenario na delu.</comment-text-transliterated></comment><comment comment-id="9"><comment-parent-id /><comment-text>Gotovo je. Cevi iz Makedonije nikada nece uci u  Srbiju. Nema nama srece da uzmemo neku crkavicu od tranzita gasa. Vazniji su americki i briselski interesi, a nas male, ko nas sisa.  Ovo ce narocito "oduseviti" Orbana.</comment-text><comment-text-transliterated>Gotovo je. Cevi iz Makedonije nikada nece uci u  Srbiju. Nema nama srece da uzmemo neku crkavicu od tranzita gasa. Vazniji su americki i briselski interesi, a nas male, ko nas sisa.  Ovo ce narocito "oduseviti" Orbana.</comment-text-transliterated></comment><comment comment-id="10"><comment-parent-id /><comment-text>Makedonci pošto i vi imate svog Zorana, srećan vam 5. oktobar</comment-text><comment-text-transliterated>Makedonci pošto i vi imate svog Zorana, srećan vam 5. oktobar</comment-text-transliterated></comment><comment comment-id="11"><comment-parent-id /><comment-text>Kada dovedu Zaeva, on ce biti najponiznija američka marioneta. Ima da ispunjava sve američke zelje. Kao Jacenjuk u Ukrajini. I tako ce Amerika u potpunosti kontrolisati  Makedoniju. Završena priča.</comment-text><comment-text-transliterated>Kada dovedu Zaeva, on ce biti najponiznija američka marioneta. Ima da ispunjava sve američke zelje. Kao Jacenjuk u Ukrajini. I tako ce Amerika u potpunosti kontrolisati  Makedoniju. Završena priča.</comment-text-transliterated></comment><comment comment-id="12"><comment-parent-id /><comment-text>Da sve ovo,  pa i sam politikin tekst, nije sramno bilo bi smesno.
"Studenti" hoce demokratski i transparentni sistem a traze formiranje tehnicke vlade koja je po definiciji nedemokratska.
Kako je Gruevski (o kome, kao ni o velikoj vecini vladara uopste ne mislim nista dobro) odgovoran za zavijanje porodica poginulih policajaca u crno? Da li ima pokazatelja da je on teroristima dao naredjenje da pucaju iz zasede?
U kojoj takozvanoj demokraciji je ambasadorima dozvoljeno da protestvuju protiv vlade zemlje u kojoj su akreditovani?
Billo koja promena na ovaj nacin je samo promena vlasti da bi program novog svetskog  poretka mogao da se dovede do kraja.
Kad ljudi napokon shvate da ne ide na dobro dodje Soros sa drugovima i napravi dobro reziranu revoluciju u kojoj je narod samo topovsko meso i uvek izvuce deblji kraj. Samo sirenje svesti o tome da je citavo covecanstvo, a ne samo neki narodi, na udaru novog svetskog poretka moze dovesti do nekog solidarnog, zdravog resenja.</comment-text><comment-text-transliterated>Da sve ovo,  pa i sam politikin tekst, nije sramno bilo bi smesno.
"Studenti" hoce demokratski i transparentni sistem a traze formiranje tehnicke vlade koja je po definiciji nedemokratska.
Kako je Gruevski (o kome, kao ni o velikoj vecini vladara uopste ne mislim nista dobro) odgovoran za zavijanje porodica poginulih policajaca u crno? Da li ima pokazatelja da je on teroristima dao naredjenje da pucaju iz zasede?
U kojoj takozvanoj demokraciji je ambasadorima dozvoljeno da protestvuju protiv vlade zemlje u kojoj su akreditovani?
Billo koja promena na ovaj nacin je samo promena vlasti da bi program novog svetskog  poretka mogao da se dovede do kraja.
Kad ljudi napokon shvate da ne ide na dobro dodje Soros sa drugovima i napravi dobro reziranu revoluciju u kojoj je narod samo topovsko meso i uvek izvuce deblji kraj. Samo sirenje svesti o tome da je citavo covecanstvo, a ne samo neki narodi, na udaru novog svetskog poretka moze dovesti do nekog solidarnog, zdravog resenja.</comment-text-transliterated></comment><comment comment-id="13"><comment-parent-id /><comment-text>Prvo su mesecima "pumpali" gradjane, a onda, se preslo na delo da se svrgne neposlusni Grujevski od koga su napravili crnog djavola.  Makedonci su progutali  CANVAS-ovu udicu i sada ocekuju demokratiju  i bolje dane,  ali tamo gde je. CIA rusila rezime na ulici, preko Srdje, nigde nije procvetalo cvece.  Nazalost, mi smo sve to prosli, pa malo bolje vidimo..Pomogao bih, braci Makedoncima, ali ne znam kako.</comment-text><comment-text-transliterated>Prvo su mesecima "pumpali" gradjane, a onda, se preslo na delo da se svrgne neposlusni Grujevski od koga su napravili crnog djavola.  Makedonci su progutali  CANVAS-ovu udicu i sada ocekuju demokratiju  i bolje dane,  ali tamo gde je. CIA rusila rezime na ulici, preko Srdje, nigde nije procvetalo cvece.  Nazalost, mi smo sve to prosli, pa malo bolje vidimo..Pomogao bih, braci Makedoncima, ali ne znam kako.</comment-text-transliterated></comment><comment comment-id="14"><comment-parent-id /><comment-text>Нико ко се руководи здравим разумом не може да прихвати мешање страних ам-
басадора у унутрешње послове суверене земље. Исход, који њихово присуство
и утицај произведу, никада не сме бити прихваћен као легитиман. Цела ствар се
огледа у томе што они гурају своје људе парама и пропагандом а то се рефлек-
тује на масе отпр. овако:"Ја никада нисам био на Сев. полу али ако се понавља
да тамо расту банане...стећи ћу уверење да други знају то боље од мене јер су
били и видели па ћу на крају подлећи пропаганди букача и усмеривача јавног
мњења....А букачи су они који воде у кафану, имају доста новца (из Б/пеште) и
ту се врши одабир агената за даље ширење мреже итд. итсл. Ако се против ова- 
квих уведу законом предвиђене мере шири се пропаганда о прекомерној употре-
би силе и то се понавља и сада у Македонији и ништа добро неће донети нама
блиском народу! У осталом сетимо се 5.Октобра и пете колоне.</comment-text><comment-text-transliterated>Niko ko se rukovodi zdravim razumom ne može da prihvati mešanje stranih am-
basadora u unutrešnje poslove suverene zemlje. Ishod, koji njihovo prisustvo
i uticaj proizvedu, nikada ne sme biti prihvaćen kao legitiman. Cela stvar se
ogleda u tome što oni guraju svoje ljude parama i propagandom a to se reflek-
tuje na mase otpr. ovako:"Ja nikada nisam bio na Sev. polu ali ako se ponavlja
da tamo rastu banane...steći ću uverenje da drugi znaju to bolje od mene jer su
bili i videli pa ću na kraju podleći propagandi bukača i usmerivača javnog
mnjenja....A bukači su oni koji vode u kafanu, imaju dosta novca (iz B/pešte) i
tu se vrši odabir agenata za dalje širenje mreže itd. itsl. Ako se protiv ova- 
kvih uvedu zakonom predviđene mere širi se propaganda o prekomernoj upotre-
bi sile i to se ponavlja i sada u Makedoniji i ništa dobro neće doneti nama
bliskom narodu! U ostalom setimo se 5.Oktobra i pete kolone.</comment-text-transliterated></comment><comment comment-id="15"><comment-parent-id /><comment-text>&gt;..рекао је он и додао да студент желе демократску, а не партијску државу.

Његов говор је потом преведен на албански језик.

Редитељ Александар Поповски је поручио да је „нешто труло у држави Македонији”.&lt;

Ako cetvrtini naroda koji tamo zivi treba prevod sa zvanicnog jezika zemlje, onda je Popovski vrlo u pravu.</comment-text><comment-text-transliterated>&gt;..rekao je on i dodao da student žele demokratsku, a ne partijsku državu.

Njegov govor je potom preveden na albanski jezik.

Reditelj Aleksandar Popovski je poručio da je „nešto trulo u državi Makedoniji”.&lt;

Ako cetvrtini naroda koji tamo zivi treba prevod sa zvanicnog jezika zemlje, onda je Popovski vrlo u pravu.</comment-text-transliterated></comment><comment comment-id="16"><comment-parent-id /><comment-text>Vidim na slici makedonsku zastavu, ali sam video na TV-u i otporasku zastavu, stisnutu pesnici. Pa, onda isti oni "ružičasti stosovi", razne zastave, japanska i tako to, pa onda djevojke stavljaju cvece na policijske štitove, a izdaleka grmi Amerika i EU da se stvari resavaju mirnim putem. Isto kao na Majdanu. I tako ce Grujevski biti Janukovič, a Zaev makedonski Jacenjuk. Nista dobro ružičasti nisu doneli ni Srbiji, ni Libiji, Siriji, Ukrajini, a tek neće Makedoniji.  Ziveo Severni tok!  Dole Južni i Turski tok!</comment-text><comment-text-transliterated>Vidim na slici makedonsku zastavu, ali sam video na TV-u i otporasku zastavu, stisnutu pesnici. Pa, onda isti oni "ružičasti stosovi", razne zastave, japanska i tako to, pa onda djevojke stavljaju cvece na policijske štitove, a izdaleka grmi Amerika i EU da se stvari resavaju mirnim putem. Isto kao na Majdanu. I tako ce Grujevski biti Janukovič, a Zaev makedonski Jacenjuk. Nista dobro ružičasti nisu doneli ni Srbiji, ni Libiji, Siriji, Ukrajini, a tek neće Makedoniji.  Ziveo Severni tok!  Dole Južni i Turski tok!</comment-text-transliterated></comment><comment comment-id="17"><comment-parent-id /><comment-text>{@Твртко . | 18/05/2015 08:10
Ustali su 1944 jer od larme i pucnjave nisu mogli spavati.</comment-text><comment-text-transliterated>{@Tvrtko . | 18/05/2015 08:10
Ustali su 1944 jer od larme i pucnjave nisu mogli spavati.</comment-text-transliterated></comment><comment comment-id="18"><comment-parent-id /><comment-text>"1941. сам био партизан - 2015 протествујем" - 1941 године у Македонији није било никаквих партизана...Устанак је подигнут 1944 године.</comment-text><comment-text-transliterated>"1941. sam bio partizan - 2015 protestvujem" - 1941 godine u Makedoniji nije bilo nikakvih partizana...Ustanak je podignut 1944 godine.</comment-text-transliterated></comment><comment comment-id="19"><comment-parent-id /><comment-text>"Ugledni" američk časopisi Forin Afers, prognozirajuci moguću eskalaciju sukoba u Makedoniji, ustvari priprema stanovništvo na dešavanja koja su režirana u američkom ministarstvu inostranih poslova. 
Ukoliko dodje do smene vlasti, mogu se očekivati dva scenarija. Ukrajinski gde će rat opustositi zemlju ili egipatski gde se narod pokajao što je izabrao novu vlast. Ukoliko Gruevski ostame na vlasti, biće još gore.</comment-text><comment-text-transliterated>"Ugledni" američk časopisi Forin Afers, prognozirajuci moguću eskalaciju sukoba u Makedoniji, ustvari priprema stanovništvo na dešavanja koja su režirana u američkom ministarstvu inostranih poslova. 
Ukoliko dodje do smene vlasti, mogu se očekivati dva scenarija. Ukrajinski gde će rat opustositi zemlju ili egipatski gde se narod pokajao što je izabrao novu vlast. Ukoliko Gruevski ostame na vlasti, biće još gore.</comment-text-transliterated></comment><comment comment-id="20"><comment-parent-id /><comment-text>Makedoncima zelim sve najbolje, samo sve ovo je vec vidjeno
u Srbiji kao "petooktobarske promene", koje su donele zlo i nesrecu Srbiji, ti koji su se docepali vlasti razgrabili su i podeli sve, rasturili sve firme i opljackali banke. I tada su vikali
"odlazi", "gotov je", sada smo svi mi "gotovi". Tamo gde se umesaju NVO i strani ambasadori, podeljeni su djakovi dolara, za demonstracije. Srbiji su oteli Kosovo i Metohiju, vama ce prepoloviti drzavu. Ne vredi vam davati savete, kasno je za sve, bice kako su drugi naumili, vi samo izvrsavate njihove zahteve. Zelim vam srecu Makedonci, ona ce vam stvarno biti potrebna.
maksa36</comment-text><comment-text-transliterated>Makedoncima zelim sve najbolje, samo sve ovo je vec vidjeno
u Srbiji kao "petooktobarske promene", koje su donele zlo i nesrecu Srbiji, ti koji su se docepali vlasti razgrabili su i podeli sve, rasturili sve firme i opljackali banke. I tada su vikali
"odlazi", "gotov je", sada smo svi mi "gotovi". Tamo gde se umesaju NVO i strani ambasadori, podeljeni su djakovi dolara, za demonstracije. Srbiji su oteli Kosovo i Metohiju, vama ce prepoloviti drzavu. Ne vredi vam davati savete, kasno je za sve, bice kako su drugi naumili, vi samo izvrsavate njihove zahteve. Zelim vam srecu Makedonci, ona ce vam stvarno biti potrebna.
maksa36</comment-text-transliterated></comment><comment comment-id="21"><comment-parent-id /><comment-text>Zbunjujuca reakcija na upad oruzane grupe iz inostranstva - tesko je poverovati da su im cilj bile demokratske promene. Ocekujem uskoro prosireno izdanje Makijavelijevih radova. Bas me kopka na koju stranu ce Makedonske izbeglice kad dodje sledeci talas "demokratskih promena".</comment-text><comment-text-transliterated>Zbunjujuca reakcija na upad oruzane grupe iz inostranstva - tesko je poverovati da su im cilj bile demokratske promene. Ocekujem uskoro prosireno izdanje Makijavelijevih radova. Bas me kopka na koju stranu ce Makedonske izbeglice kad dodje sledeci talas "demokratskih promena".</comment-text-transliterated></comment><comment comment-id="22"><comment-parent-id /><comment-text>ovde netreba puno mudrosti da se vidi o cemu se radi zalim ove zavedene Makedonce neznaju sto rade . Braco moja Makedonska razmislite logicno ovako da su siptari miljenici zapada a vi ih imate na teritoriji cjele Makedonije oko 35 %neznam sto ce vam ovo donjeti dobro razmislite</comment-text><comment-text-transliterated>ovde netreba puno mudrosti da se vidi o cemu se radi zalim ove zavedene Makedonce neznaju sto rade . Braco moja Makedonska razmislite logicno ovako da su siptari miljenici zapada a vi ih imate na teritoriji cjele Makedonije oko 35 %neznam sto ce vam ovo donjeti dobro razmislite</comment-text-transliterated></comment><comment comment-id="23"><comment-parent-id /><comment-text>Присуствујемо очито репризи октобарске гибанице из 2 тисућите. Како год то схватили Зоран Заеб је очито Зоран Македонски.</comment-text><comment-text-transliterated>Prisustvujemo očito reprizi oktobarske gibanice iz 2 tisućite. Kako god to shvatili Zoran Zaeb je očito Zoran Makedonski.</comment-text-transliterated></comment><comment comment-id="24"><comment-parent-id /><comment-text>Posle ovako zluradih tekstova odgovor na spomeniku Zašto,dobija svoje Zato. Beogradskim mediji o Makedoniji pišu uglavnom u lošem kontekstu i kada su neke problematočne situacije. I to pored veoma pozitivne slike koja vlada u Make o Srbiji.prosto ljubomora je prevelika. Od Skoplja do Soluna, koji je bio jevrejjski i makedonski grad ima sat ipod vožnje, vino je najbolje na balkanu. Ostavljam vam Kolindu Grabar pa se bakćiite sa njom. Veliki pozdrav!!!</comment-text><comment-text-transliterated>Posle ovako zluradih tekstova odgovor na spomeniku Zašto,dobija svoje Zato. Beogradskim mediji o Makedoniji pišu uglavnom u lošem kontekstu i kada su neke problematočne situacije. I to pored veoma pozitivne slike koja vlada u Make o Srbiji.prosto ljubomora je prevelika. Od Skoplja do Soluna, koji je bio jevrejjski i makedonski grad ima sat ipod vožnje, vino je najbolje na balkanu. Ostavljam vam Kolindu Grabar pa se bakćiite sa njom. Veliki pozdrav!!!</comment-text-transliterated></comment></comments-list></comments></document>