<?xml version="1.0" encoding="utf-8"?>
<document global-id="sr-01-1016">
	<url>http://www.politika.rs/scc/clanak/332594/%D0%9A%D0%B0%D0%BA%D0%BE-%D1%81%D0%B5-%D0%9B%D1%83%D1%98-%D0%90%D1%80%D0%BC%D1%81%D1%82%D1%80%D0%BE%D0%BD%D0%B3-%D0%BF%D1%80%D0%BE%D0%B2%D0%B5%D0%BE-%D1%83-%D0%BF%D0%B0%D0%BA%D0%BB%D1%83</url>
	<source-id>sr-01</source-id>
	<local-id>1016</local-id>
	<source-name>Politika</source-name>
	<article>
		<article-title>Како се Луј Армстронг провео у паклу</article-title>
		<article-title-transliterated>Kako se Luj Armstrong proveo u paklu</article-title-transliterated>
		<article-time>2015-07-08</article-time>
		<article-author>Mirjana Sretenović</article-author>
		<article-text>Када уђете у Антрополошки музеј у Сијудад Мексику, у првој сали стоји слика Лепенског вира као представника европске цивилизације, каже Србољуб Динић, шеф-диригент опере у Сијудад Мексику, који ће од данас  бити гост фестивала „Бољшој” на Мокрој Гори, и са младим талентима и виолинистом Немањом Радуловићем дириговати Четврти концерт Чајковског.
Динић је 12 година био шеф-диригент опере у Берну. Гостовао је у Кини, Кореји, Италији, Немачкој. Већ две године је у Мексику за који каже да је мешавина супротности. Људи тамо воле оперу. Постоји удружење „Про опера” где имућни дају новац да најбољи млади певачи студирају у Европи.
– Тамо постоје модерни делови града, и они као у најстрашнијим филмовима. У граду Скоко живи 98 одсто наследника Индијанаца, можете да видите хиљаду „индиоса” у католичкој цркви, а у месту Тепослан тврде да годинама постоје ванземаљци и да слећу свемирски бродови. Злоупотребљавају се социјалне разлике тврдећи да је Мексико сиромашна земља. Он је пре 200 година био чувен по сребру и злату, има 4.000 км пешчаних плажа. На полуострву Јукатан живе домороци из народа Маја, а на северу Мексика су пустиње. На полуострву Баха Калифорнија има дивних животињских и биљних врста, а имају и познате пирамиде, и пећине испред којих организују концерте. У октобру сам гост на фестивалу Сервантино, у Гванахуату, у театру из 1903. године. Цео тај град је на тунелима јер су некада ту копали сребро – каже Србољуб Динић који је на проби био одушевљен талентима који долазе на Мокру Гору.
– Имамо способног света који никако да добије прилику у медијима. Да у подне пуштамо на телевизији Пету Бетовенову симфонију, свако би знао за њу, као што 50 пута пуштамо турбо-фолк. Посрнуће у култури траје од осамдесетих, и никако да га превазиђемо. Постоје само четири школе за таленте у Европи – у Москви, Лондону, Мадриду и Ћуприји. Њих мора неко да  испрати, не само мама и тата. У Русији је педесетих година све највеће уметнике држава помогла, и зато су постали то што јесу – истиче диригент.
Прича нам како му Србија изгледа из даљине:
– Осамдесетих када сте хтели да купите плочу, она је подлегала закону о шунду, а сада плаћате да гледате кич на телевизији. Опорезивањем кича финансирате нешто што вреди. Кажу да критикујем, а ја износим чињенице. На моју представу није дошао нико из наше амбасаде у Мексику. Послао сам им и карте за премијеру. У Швајцарској је Милан Ст. Протић долазио стално на премијере. Онда вас посебно најаве. То је онда пријатно и за вас, и за земљу. Другим вас очима гледају, са озбиљношћу. Није тајна да нас не воле, али и ми томе доприносимо. Никако да решимо шта је национални интерес. То што Ђоковић ради са Србију, ради сам, а потребан је системски ангажман – каже Динић.
Он предлаже да се контактира с успешним Србима из света и да им се да медијска пажња:
– Зар је толико тешко направити листу 1.000 најуспешнијих Срба у свету и рећи им да желите да они репрезентују Србију. То раде сви. Није страшно рећи: буди спонзор филхармоније и бићеш на свим билбордима. Бившем управнику опере у Цириху Переири у уговору је писало да има обавезу да налази спонзоре, а ако нађе 10 милиона франака, добија 10 одсто. То није мито, он добија милион, и онда сви раде боље – каже Динић.
Држава каже да нема новца, али има милионере, додаје овај диригент. Нека их позову, каже, да изграде болницу, или стадион. Коментарише да се само код нас милионер постаје преко ноћи, за пет година, док у Швајцарској традицију стварају генерације, породице Тоблер, Ролекс и друге.
Динић је завршио студије клавира и четири године учио дириговање у Бону. Обавештава да ускоро у Мексико долази „Колегијум музикум” и подсећа да је тамо гостовао и Бојан Суђић који је, како каже, институција.
– Верујем у чуда, јер ми се чудо десило. Када сам полагао аудиције, радио сам од 7 до 23 сата увече. Научио сам седам језика. Ту је важна радозналост. Ако се укопате у ров, не можете да научите ништа. Још верујем да има више добрих људи на свету него лоших, и лепих ствари више него ружних. Али када ми неко каже „благо теби, лепо живиш”, испричам му виц који сам чуо од једног руског диригента. Луј Армстронг био је у рају и рекао је Св. Петру да му је досадио нектар и да жели пиће, жене, џез и цигаре. Св. Петар му да визу на један дан за пакао и тамо Луј наиђе на жене и уживање. Када је тражио да га заувек тамо пресели, дочекала су га четири ђавола и бацила у казан. Питао је: камо жене, труба?, а рекли су му: то је разлика између туристе и емиграције! Зато онима који ми завиде, не објашњавам ништа, испричам само овај виц – каже Динић који овог лета гостује у Хрватском народном казалишту и држи курс дириговања у Истри.
Стари лав
– Добар однос диригента и оркестра траје десет година, јер долази до замора материјала са обе стране. Карајан је имао исте проблеме, јер је у уговору тражио да буде доживотни шеф-диригент Берлинске филхармоније. Једном је рекао: „Кад лав остари и кад му испадну зуби, сви пробају да га нападну. А кад сам ја био у најбољим годинама, они су сви због мене постали милионери.” Изненађен сам избором Петренка за новог шефа диригента Берлинске филхармоније (гласало се 17 сати), јер сам очекивао тренутно најбољег Немца Тилемана или звезду Густава Дудамела.</article-text>
		<article-text-transliterated>Kada uđete u Antropološki muzej u Sijudad Meksiku, u prvoj sali stoji slika Lepenskog vira kao predstavnika evropske civilizacije, kaže Srboljub Dinić, šef-dirigent opere u Sijudad Meksiku, koji će od danas  biti gost festivala „Boljšoj” na Mokroj Gori, i sa mladim talentima i violinistom Nemanjom Radulovićem dirigovati Četvrti koncert Čajkovskog.
Dinić je 12 godina bio šef-dirigent opere u Bernu. Gostovao je u Kini, Koreji, Italiji, Nemačkoj. Već dve godine je u Meksiku za koji kaže da je mešavina suprotnosti. Ljudi tamo vole operu. Postoji udruženje „Pro opera” gde imućni daju novac da najbolji mladi pevači studiraju u Evropi.
– Tamo postoje moderni delovi grada, i oni kao u najstrašnijim filmovima. U gradu Skoko živi 98 odsto naslednika Indijanaca, možete da vidite hiljadu „indiosa” u katoličkoj crkvi, a u mestu Teposlan tvrde da godinama postoje vanzemaljci i da sleću svemirski brodovi. Zloupotrebljavaju se socijalne razlike tvrdeći da je Meksiko siromašna zemlja. On je pre 200 godina bio čuven po srebru i zlatu, ima 4.000 km peščanih plaža. Na poluostrvu Jukatan žive domoroci iz naroda Maja, a na severu Meksika su pustinje. Na poluostrvu Baha Kalifornija ima divnih životinjskih i biljnih vrsta, a imaju i poznate piramide, i pećine ispred kojih organizuju koncerte. U oktobru sam gost na festivalu Servantino, u Gvanahuatu, u teatru iz 1903. godine. Ceo taj grad je na tunelima jer su nekada tu kopali srebro – kaže Srboljub Dinić koji je na probi bio oduševljen talentima koji dolaze na Mokru Goru.
– Imamo sposobnog sveta koji nikako da dobije priliku u medijima. Da u podne puštamo na televiziji Petu Betovenovu simfoniju, svako bi znao za nju, kao što 50 puta puštamo turbo-folk. Posrnuće u kulturi traje od osamdesetih, i nikako da ga prevaziđemo. Postoje samo četiri škole za talente u Evropi – u Moskvi, Londonu, Madridu i Ćupriji. Njih mora neko da  isprati, ne samo mama i tata. U Rusiji je pedesetih godina sve najveće umetnike država pomogla, i zato su postali to što jesu – ističe dirigent.
Priča nam kako mu Srbija izgleda iz daljine:
– Osamdesetih kada ste hteli da kupite ploču, ona je podlegala zakonu o šundu, a sada plaćate da gledate kič na televiziji. Oporezivanjem kiča finansirate nešto što vredi. Kažu da kritikujem, a ja iznosim činjenice. Na moju predstavu nije došao niko iz naše ambasade u Meksiku. Poslao sam im i karte za premijeru. U Švajcarskoj je Milan St. Protić dolazio stalno na premijere. Onda vas posebno najave. To je onda prijatno i za vas, i za zemlju. Drugim vas očima gledaju, sa ozbiljnošću. Nije tajna da nas ne vole, ali i mi tome doprinosimo. Nikako da rešimo šta je nacionalni interes. To što Đoković radi sa Srbiju, radi sam, a potreban je sistemski angažman – kaže Dinić.
On predlaže da se kontaktira s uspešnim Srbima iz sveta i da im se da medijska pažnja:
– Zar je toliko teško napraviti listu 1.000 najuspešnijih Srba u svetu i reći im da želite da oni reprezentuju Srbiju. To rade svi. Nije strašno reći: budi sponzor filharmonije i bićeš na svim bilbordima. Bivšem upravniku opere u Cirihu Pereiri u ugovoru je pisalo da ima obavezu da nalazi sponzore, a ako nađe 10 miliona franaka, dobija 10 odsto. To nije mito, on dobija milion, i onda svi rade bolje – kaže Dinić.
Država kaže da nema novca, ali ima milionere, dodaje ovaj dirigent. Neka ih pozovu, kaže, da izgrade bolnicu, ili stadion. Komentariše da se samo kod nas milioner postaje preko noći, za pet godina, dok u Švajcarskoj tradiciju stvaraju generacije, porodice Tobler, Roleks i druge.
Dinić je završio studije klavira i četiri godine učio dirigovanje u Bonu. Obaveštava da uskoro u Meksiko dolazi „Kolegijum muzikum” i podseća da je tamo gostovao i Bojan Suđić koji je, kako kaže, institucija.
– Verujem u čuda, jer mi se čudo desilo. Kada sam polagao audicije, radio sam od 7 do 23 sata uveče. Naučio sam sedam jezika. Tu je važna radoznalost. Ako se ukopate u rov, ne možete da naučite ništa. Još verujem da ima više dobrih ljudi na svetu nego loših, i lepih stvari više nego ružnih. Ali kada mi neko kaže „blago tebi, lepo živiš”, ispričam mu vic koji sam čuo od jednog ruskog dirigenta. Luj Armstrong bio je u raju i rekao je Sv. Petru da mu je dosadio nektar i da želi piće, žene, džez i cigare. Sv. Petar mu da vizu na jedan dan za pakao i tamo Luj naiđe na žene i uživanje. Kada je tražio da ga zauvek tamo preseli, dočekala su ga četiri đavola i bacila u kazan. Pitao je: kamo žene, truba?, a rekli su mu: to je razlika između turiste i emigracije! Zato onima koji mi zavide, ne objašnjavam ništa, ispričam samo ovaj vic – kaže Dinić koji ovog leta gostuje u Hrvatskom narodnom kazalištu i drži kurs dirigovanja u Istri.
Stari lav
– Dobar odnos dirigenta i orkestra traje deset godina, jer dolazi do zamora materijala sa obe strane. Karajan je imao iste probleme, jer je u ugovoru tražio da bude doživotni šef-dirigent Berlinske filharmonije. Jednom je rekao: „Kad lav ostari i kad mu ispadnu zubi, svi probaju da ga napadnu. A kad sam ja bio u najboljim godinama, oni su svi zbog mene postali milioneri.” Iznenađen sam izborom Petrenka za novog šefa dirigenta Berlinske filharmonije (glasalo se 17 sati), jer sam očekivao trenutno najboljeg Nemca Tilemana ili zvezdu Gustava Dudamela.</article-text-transliterated>
	</article>
	<comments>
		<comments-count>2</comments-count>
		<comments-list>
			<comment comment-id="1">
				<comment-parent-id/>
				<comment-text>novnarka mirjana sretenovic je odavno skrenula paznju na sebe svojim razgovorima i clancima na nesvakidasnje teme. dirigent srboljub denic jos jednom to potvrdjuje svojim veoma zanimljivim kazivanjem. valjalo bi razmisliti da da takvi pojedinci, koji su postigli uspeh u velikom svetu, budu sto cesce na stranicama politike, cak i u kracim feljtonima. jos jednom: sve cestitke</comment-text>
				<comment-text-transliterated>novnarka mirjana sretenovic je odavno skrenula paznju na sebe svojim razgovorima i clancima na nesvakidasnje teme. dirigent srboljub denic jos jednom to potvrdjuje svojim veoma zanimljivim kazivanjem. valjalo bi razmisliti da da takvi pojedinci, koji su postigli uspeh u velikom svetu, budu sto cesce na stranicama politike, cak i u kracim feljtonima. jos jednom: sve cestitke</comment-text-transliterated>
			</comment>
			<comment comment-id="2">
				<comment-parent-id/>
				<comment-text>Све похвале Динићу, а и Суђићу!! ОДЛИЧАН предлог за наше богаташе!! Овде нажалост НЕМА коментара јер су Срби најжешћи у свакодневном ПОЛИТИКАНТСТВУ ... Јадна ти је култура код нас ...</comment-text>
				<comment-text-transliterated>Sve pohvale Diniću, a i Suđiću!! ODLIČAN predlog za naše bogataše!! Ovde nažalost NEMA komentara jer su Srbi najžešći u svakodnevnom POLITIKANTSTVU ... Jadna ti je kultura kod nas ...</comment-text-transliterated>
			</comment>
		</comments-list>
	</comments>
</document>
