<document global-id="sr-01-1343">
    <url>
        http://www.politika.rs/scc/clanak/414404/%D0%9C%D0%B0%D0%BA%D1%80%D0%BE%D0%BD-%D0%B1%D0%B8-%D0%B4%D0%B0-%D0%BE%D0%B4-%D1%85%D0%B0%D0%BB%D0%B0%D0%BB-%D0%BF%D0%BE%D1%80%D0%B5%D0%B7%D0%B0-%D0%BC%D0%BE%D0%B4%D0%B5%D1%80%D0%BD%D0%B8%D0%B7%D1%83%D1%98%D0%B5-%D0%B8%D1%81%D0%BB%D0%B0%D0%BC
    </url>
    <source-id>sr-01</source-id>
    <local-id>1343</local-id>
    <source-name>Politika</source-name>
    <article>
        <article-title>Макрон би да од халал пореза модернизује ислам</article-title>
        <article-title-transliterated>Makron bi da od halal poreza modernizuje islam</article-title-transliterated>
        <article-time>2018-10-28</article-time>
        <article-author>Jelena Kavaja</article-author>
        <article-text>Идеја је да се од намета на тржиште вредно око 5,5 милијарди евра годишње подрже умерене
            муслиманске струје како би се та заједница одвратила од салафистичких учења. Дуго ишчекивани план Емануела
            Макрона о „реструктурирању ислама” још није објављен, али се из извештаја његовог главног саветника за
            питања муслиманске вере назире како би могли да изгледају летос најављени оквир и правила за „ислам на
            француски начин”. Јелисејској палати је, између осталог, упућен предлог да подржи мали порез на халал
            производе и другу муслиманску потрошњу како би се тим новцем осигурала независност заједнице од утицаја
            других држава.
            Према извештају угледног института Монтањ и његовог аутора Хакима ел Каруија, Турска и Саудијска Арабија су
            главни финансијери ширења салафизма међу муслиманима у Француској и широм Европе, како кроз школе за учење
            језика тако и преко друштвених мрежа.
            Макрон је у јулу у Версају рекао да ће влада дати исламу оквир и правила како би увек био практикован у
            складу са законима републике. Поред бриге због бујања тероризма који је у Француској од напада на Париз
            2015. однео 230 живота, званичници одавно упозоравају на опасност од „паралелног друштва”. Скрећу пажњу на
            то да све више деце изостаје из школа петком, који је за муслимане свети дан, све више родитеља одбија да
            ћерке шаљу у мешовите спортске тимове и све отвореније се изражава презир према хришћанским „неверницима”,
            што на дуже стазе прети да угрози социјални мир.
            Жеља за модернизацијом ислама или успостављањем његове француске верзије није нова у земљи која има највећу
            популацију муслимана у Европи и растућу популарност радикалних тумачења ислама у сиромашним, махом
            мигрантским предграђима. Бивши председник Никола Саркози је 2003. године, у време док је био министар
            унутрашњих послова у влади Жака Ширака, основао Француски савет за муслиманску веру (CFCM). Идеја Каруија је
            да се уместо њега оснује нова отворена и неутрална организација Амиф (Муслиманско удружење за ислам у
            Француској) која би помогла да се искорене екстремистички елементи.
            Син туниског муслимана и мајке француске протестанткиње, синовац бившег туниског премијера, Каруи се
            представља као француски муслиман, али се противи ношењу хиџаба. Сматра да је муслиманска марама политичко
            средство које појачава неједнакост полова, што је супротно једнакости као једној од основних француских
            вредности.
            Овај некадашњи Ротшилдов банкар тек је после напада на лист „Шарли ебдо” почео да истражује муслимане у
            Француској, нехомогену заједницу од, наводно, око 4,5 милиона људи, мада се тачан број не зна јер Француска
            не прикупља податке о раси, етничком пореклу и религији. Реформи је приступио као што би се од економисте и
            очекивало: израчунао је исламску потрошњу и удео секуларних муслимана у односу на присталице Исламске
            државе. Посебно је заинтересован за транспарентни прилив новац и ограничење страних донација за џамије и
            имаме. Закључио је да су две трећине француских муслимана рођене у Француској и да је бесмислено да их
            финансирају Алжир, Мароко или Турска.
            Каруи предлаже да држава, као противтежу радикалним елементима, подржи умерене струје, које би се
            финансирале порезом од халала (годишњи промет тог тржишта је око 5,5 милијарди евра). Идеја је и да држава
            регулише ходочашћа и прошири учење арапског у школама како би се деца одвратила од џамија у којима се
            наводно учи језик а заправо се шири салафистичко учење, крајње конзервативно тумачење ислама.
            Халал порез не би прикупљала држава већ сама асоцијација Амиф, слично као што намет на кошер производе убира
            јеврејска заједница. И поред тога, због пореза су се очекивано побунили фундаменталисти, који на својим
            порталима поручују да ће француски муслимани сигурно одбацити сваки план владе да ислам доведе на линију са
            француским принципима. Такође се питају да ли би хришћани дозволили да им нека муслиманска влада диктира шта
            јесте а шта није хришћанство. Против халал пореза су и неки француски сенатори који упозоравају да би те
            мере биле неуставне јер секуларна држава нема право да се меша у религију.
            Макрон је стратегију најавио за јесен, али му, према наводима француских медија, треба још времена за ову
            тему која је и дипломатски осетљива због димензије која подразумева слабљење веза између муслимана у
            Француској и њихових матичних земаља.
            Турска је, према писању „Хуријета”, већ рекла да је снажно против Макронове модернизације ислама. Агенција
            Анадолија је недавно објавила коментар који је у наслову помињао „колонијалистички поглед Француске на
            ислам”. Анкара је против укидања Муслиманског савета, којем тренутно председава члан турског порекла, док
            француски званичници кажу да се турска противи иницијативи јер не жели да изгуби утицај на турску заједницу.
        </article-text>
        <article-text-transliterated>Ideja je da se od nameta na tržište vredno oko 5,5 milijardi evra godišnje podrže
            umerene muslimanske struje kako bi se ta zajednica odvratila od salafističkih učenja. Dugo iščekivani plan
            Emanuela Makrona o „restrukturiranju islama” još nije objavljen, ali se iz izveštaja njegovog glavnog
            savetnika za pitanja muslimanske vere nazire kako bi mogli da izgledaju letos najavljeni okvir i pravila za
            „islam na francuski način”. Jelisejskoj palati je, između ostalog, upućen predlog da podrži mali porez na
            halal proizvode i drugu muslimansku potrošnju kako bi se tim novcem osigurala nezavisnost zajednice od
            uticaja drugih država.
            Prema izveštaju uglednog instituta Montanj i njegovog autora Hakima el Karuija, Turska i Saudijska Arabija
            su glavni finansijeri širenja salafizma među muslimanima u Francuskoj i širom Evrope, kako kroz škole za
            učenje jezika tako i preko društvenih mreža.
            Makron je u julu u Versaju rekao da će vlada dati islamu okvir i pravila kako bi uvek bio praktikovan u
            skladu sa zakonima republike. Pored brige zbog bujanja terorizma koji je u Francuskoj od napada na Pariz
            2015. odneo 230 života, zvaničnici odavno upozoravaju na opasnost od „paralelnog društva”. Skreću pažnju na
            to da sve više dece izostaje iz škola petkom, koji je za muslimane sveti dan, sve više roditelja odbija da
            ćerke šalju u mešovite sportske timove i sve otvorenije se izražava prezir prema hrišćanskim „nevernicima”,
            što na duže staze preti da ugrozi socijalni mir.
            Želja za modernizacijom islama ili uspostavljanjem njegove francuske verzije nije nova u zemlji koja ima
            najveću populaciju muslimana u Evropi i rastuću popularnost radikalnih tumačenja islama u siromašnim, mahom
            migrantskim predgrađima. Bivši predsednik Nikola Sarkozi je 2003. godine, u vreme dok je bio ministar
            unutrašnjih poslova u vladi Žaka Širaka, osnovao Francuski savet za muslimansku veru (CFCM). Ideja Karuija
            je da se umesto njega osnuje nova otvorena i neutralna organizacija Amif (Muslimansko udruženje za islam u
            Francuskoj) koja bi pomogla da se iskorene ekstremistički elementi.
            Sin tuniskog muslimana i majke francuske protestantkinje, sinovac bivšeg tuniskog premijera, Karui se
            predstavlja kao francuski musliman, ali se protivi nošenju hidžaba. Smatra da je muslimanska marama
            političko sredstvo koje pojačava nejednakost polova, što je suprotno jednakosti kao jednoj od osnovnih
            francuskih vrednosti.
            Ovaj nekadašnji Rotšildov bankar tek je posle napada na list „Šarli ebdo” počeo da istražuje muslimane u
            Francuskoj, nehomogenu zajednicu od, navodno, oko 4,5 miliona ljudi, mada se tačan broj ne zna jer Francuska
            ne prikuplja podatke o rasi, etničkom poreklu i religiji. Reformi je pristupio kao što bi se od ekonomiste i
            očekivalo: izračunao je islamsku potrošnju i udeo sekularnih muslimana u odnosu na pristalice Islamske
            države. Posebno je zainteresovan za transparentni priliv novac i ograničenje stranih donacija za džamije i
            imame. Zaključio je da su dve trećine francuskih muslimana rođene u Francuskoj i da je besmisleno da ih
            finansiraju Alžir, Maroko ili Turska.
            Karui predlaže da država, kao protivtežu radikalnim elementima, podrži umerene struje, koje bi se
            finansirale porezom od halala (godišnji promet tog tržišta je oko 5,5 milijardi evra). Ideja je i da država
            reguliše hodočašća i proširi učenje arapskog u školama kako bi se deca odvratila od džamija u kojima se
            navodno uči jezik a zapravo se širi salafističko učenje, krajnje konzervativno tumačenje islama.
            Halal porez ne bi prikupljala država već sama asocijacija Amif, slično kao što namet na košer proizvode
            ubira jevrejska zajednica. I pored toga, zbog poreza su se očekivano pobunili fundamentalisti, koji na
            svojim portalima poručuju da će francuski muslimani sigurno odbaciti svaki plan vlade da islam dovede na
            liniju sa francuskim principima. Takođe se pitaju da li bi hrišćani dozvolili da im neka muslimanska vlada
            diktira šta jeste a šta nije hrišćanstvo. Protiv halal poreza su i neki francuski senatori koji upozoravaju
            da bi te mere bile neustavne jer sekularna država nema pravo da se meša u religiju.
            Makron je strategiju najavio za jesen, ali mu, prema navodima francuskih medija, treba još vremena za ovu
            temu koja je i diplomatski osetljiva zbog dimenzije koja podrazumeva slabljenje veza između muslimana u
            Francuskoj i njihovih matičnih zemalja.
            Turska je, prema pisanju „Hurijeta”, već rekla da je snažno protiv Makronove modernizacije islama. Agencija
            Anadolija je nedavno objavila komentar koji je u naslovu pominjao „kolonijalistički pogled Francuske na
            islam”. Ankara je protiv ukidanja Muslimanskog saveta, kojem trenutno predsedava član turskog porekla, dok
            francuski zvaničnici kažu da se turska protivi inicijativi jer ne želi da izgubi uticaj na tursku zajednicu.
        </article-text-transliterated>
    </article>
    <comments>
        <comments-count>7</comments-count>
        <comment-list>
            <comment comment-id="1">
                <comment-parent-id/>
                <comment-text>Biti musliman, a ne zalagati se za islamsku drzavu znaci biti apostata. Islam je bitno
                    pravno-politicka religija. Bez serijata nema islama.Drugim recima multikulturalizam je nemoguc jer
                    su religije apsolutni pogledi na svet u kojima nema kompromisa.Reci muslimanima da slede "francuski
                    islam" znaci krsiti njihova prava.Bas kao sto oni krse zakone Francuske.Ali upravo je to slaba tacka
                    kroz koju muslimani ruse Francusku - tolerancija.Doci ce Francuzima glave.
                </comment-text>
                <comment-text-transliterated>Biti musliman, a ne zalagati se za islamsku drzavu znaci biti apostata.
                    Islam je bitno pravno-politicka religija. Bez serijata nema islama.Drugim recima multikulturalizam
                    je nemoguc jer su religije apsolutni pogledi na svet u kojima nema kompromisa.Reci muslimanima da
                    slede "francuski islam" znaci krsiti njihova prava.Bas kao sto oni krse zakone Francuske.Ali upravo
                    je to slaba tacka kroz koju muslimani ruse Francusku - tolerancija.Doci ce Francuzima glave.
                </comment-text-transliterated>
            </comment>
            <comment comment-id="2">
                <comment-parent-id/>
                <comment-text>''Obicaji'' u koje se racunaju i socijalna pravila ponasanja se uce kao i maternjijezik.
                    Verovatno uporedno posto razumevanje pretpostavlja jezik. Da bi potencirao njegov znacaj ja bih to
                    nazvao ''programiranje mozga''. Za mene susamo srpski obicaji bili ''normalni'' , nemacki, holandski
                    i austriski nenormalni.Posto Kuran zauzima primarno mesto u muslimanskom vaspitanju ''ocevidno''je
                    da kod njih drzavna organizacija i vlast ne moze biti zapadni ''trias politica''.Podela vlasti na
                    zakonodavnu, izvrsnu i (nezavisnu) sudsku. Ataturk je svojevremeno hteo da ''civilizuje'' Turke
                    obavezom nosenja sesiraumesto fesa. Na to lice Makronovi i drugi francuski pokusaji
                    ispravljanja''krive Drine''. Vlast bez zabrana i propisa nije zamisljiva ali vera u propisei zabrane
                    jos uvek svuda postoji. To je svojstveno svim iluzijama.
                </comment-text>
                <comment-text-transliterated>''Obicaji'' u koje se racunaju i socijalna pravila ponasanja se uce kao i
                    maternjijezik. Verovatno uporedno posto razumevanje pretpostavlja jezik. Da bi potencirao njegov
                    znacaj ja bih to nazvao ''programiranje mozga''. Za mene susamo srpski obicaji bili ''normalni'' ,
                    nemacki, holandski i austriski nenormalni.Posto Kuran zauzima primarno mesto u muslimanskom
                    vaspitanju ''ocevidno''je da kod njih drzavna organizacija i vlast ne moze biti zapadni ''trias
                    politica''.Podela vlasti na zakonodavnu, izvrsnu i (nezavisnu) sudsku. Ataturk je svojevremeno hteo
                    da ''civilizuje'' Turke obavezom nosenja sesiraumesto fesa. Na to lice Makronovi i drugi francuski
                    pokusaji ispravljanja''krive Drine''. Vlast bez zabrana i propisa nije zamisljiva ali vera u
                    propisei zabrane jos uvek svuda postoji. To je svojstveno svim iluzijama.
                </comment-text-transliterated>
            </comment>
            <comment comment-id="3">
                <comment-parent-id/>
                <comment-text>То ће тешко да иде. У књизи "Сукоб цивилизација" Семјуел Хантингтон каже да муслимани не
                    желе да модернизују ислам, него да исламизују модерност. Не желе да се одрекну достигнућа модерне
                    технике, медицине и свега другог, али ни ислама.
                </comment-text>
                <comment-text-transliterated>To će teško da ide. U knjizi "Sukob civilizacija" Semjuel Hantington kaže
                    da muslimani ne žele da modernizuju islam, nego da islamizuju modernost. Ne žele da se odreknu
                    dostignuća moderne tehnike, medicine i svega drugog, ali ni islama.
                </comment-text-transliterated>
            </comment>
            <comment comment-id="4">
                <comment-parent-id/>
                <comment-text>Da si ti meni ziv i zdrav gospodine Makrone kao i taj tvoj potrchko Karui koji se
                    predstavlja kao Musliman a protivi se nosenju hidjabu...Niste vi Francuzi ni prvi a verovatno ni
                    zadnji koji ste pokusali da menjate osnove Islama...Na vasu zalost neuspesno...Probali su i mnogi
                    muslimanski vlastodrzci ( Sadam Husein je zabranio u Iraku nosenje brade za muskarce, u Turskoj do
                    skora nije se mogao nositi hidjab u drzavnim ustanovama kao i skolama, itd, pa Gadafi u Libiju i
                    mnogi drugi)...Sve je njih Bozija vera "nadzivela"a Islam sve jaci i vitalniji...
                </comment-text>
                <comment-text-transliterated>Da si ti meni ziv i zdrav gospodine Makrone kao i taj tvoj potrchko Karui
                    koji se predstavlja kao Musliman a protivi se nosenju hidjabu...Niste vi Francuzi ni prvi a
                    verovatno ni zadnji koji ste pokusali da menjate osnove Islama...Na vasu zalost neuspesno...Probali
                    su i mnogi muslimanski vlastodrzci ( Sadam Husein je zabranio u Iraku nosenje brade za muskarce, u
                    Turskoj do skora nije se mogao nositi hidjab u drzavnim ustanovama kao i skolama, itd, pa Gadafi u
                    Libiju i mnogi drugi)...Sve je njih Bozija vera "nadzivela"a Islam sve jaci i vitalniji...
                </comment-text-transliterated>
            </comment>
            <comment comment-id="5">
                <comment-parent-id/>
                <comment-text>Žao mi je što srpska nacionalna politika nikada nije prepoznala potrebu osnivanja Srpske
                    Islamske Zajednice, nešto slično kao Srpska Pravoslavna Crkva. To nije bilo teško izvodivo, a nije
                    ni danas, potrebno je 300 ljudi koji bi se potpisali da će pripadati toj zajednici, u skladu sa
                    Zakonom o osnivanju udruženja i fondacija.
                </comment-text>
                <comment-text-transliterated>Žao mi je što srpska nacionalna politika nikada nije prepoznala potrebu
                    osnivanja Srpske Islamske Zajednice, nešto slično kao Srpska Pravoslavna Crkva. To nije bilo teško
                    izvodivo, a nije ni danas, potrebno je 300 ljudi koji bi se potpisali da će pripadati toj zajednici,
                    u skladu sa Zakonom o osnivanju udruženja i fondacija.
                </comment-text-transliterated>
            </comment>
            <comment comment-id="6">
                <comment-parent-id/>
                <comment-text>Vi ste gotovi, kaput!!!</comment-text>
                <comment-text-transliterated>Vi ste gotovi, kaput!!!</comment-text-transliterated>
            </comment>
            <comment comment-id="6-1">
                <comment-parent-id>6</comment-parent-id>
                <comment-text>Koji to Vi, "Joe"? Potreban ti je neki odevni predmet? Može jakna?</comment-text>
                <comment-text-transliterated>Koji to Vi, "Joe"? Potreban ti je neki odevni predmet? Može jakna?
                </comment-text-transliterated>
            </comment>
        </comment-list>
    </comments>
</document>