<document global-id="sr-01-1395"><url>http://www.politika.rs/scc/clanak/315767/%D0%9C%D0%B5%D0%BA%D0%B0-%D1%81%D0%B8%D0%BB%D0%B0-%D0%9E%D1%81%D0%BC%D0%B0%D0%BD%D0%BB%D0%B8%D1%98%D0%B0</url><source-id>sr-01</source-id><local-id>sr-01-1395</local-id><source-name>Politika</source-name><article><article-title>Мека сила Османлија</article-title><article-title-transliterated>Meka sila Osmanlija</article-title-transliterated><article_time>2015-01-12</article_time><article-author>Milan Mišić</article-author><article-text>
„Балкански народи су се скоро 500 година борили да се ослободе Османског царства, да би данас испред ТВ екрана нетремице зурили у догодовштине на двору Сулејмана Величанственог”, констатовано је средином децембра у извештају агенције АФП послатом из Дубаија.
Текст је посвећен феномену данас глобално најпознатијег турског производа, ТВ сапунице чији је оригинални наслов „Величанствено столеће”, али је за различиту публику претрпео извесна прилагођавања. На Балкану је тако „Сулејман Величанствени”, у арапским земљама „Султанов харем”, у Израелу само „Султан”, у Пакистану „Мој султан”... Балкан се помиње у контексту популарности серије и у арапском свету, чије историјско сећање на Османлије такође није пријатно.
Пред домаћом, турском публиком, „Сулејман Величанствени” је приказиван од 5. јануара 2011. до 11. јуна прошле године, у укупно шест сезона и 139 једноипосатних (а на моменте и дужих) епизода. Једна је од најгледанијих серија у историји турске телевизије – у ударном термину је окупљала око трећину укупне ТВ публике – и уједно и најконтроверзнија.
Бави се, што вероватно зна и добар број читалаца овог текста, владавином десетог султана из династије Османлија (историчар Радован Самарџић их у својим књигама ословљава као „Османовиће”), која је била најдуговечнија: потрајала је 46 година (1520–1566). Својим освајачким походима Сулејман, коме су титулу „величанствени” дали Европљани, док је за Турке био „канун” (законодавац, јер је кодификовао правни систем), проширио је Османско царство на три континента (Европа, Азија и и Африка). Његове границе биле су дуге 12.000 километара и почињале су од Мађарске на Западу, до Ирака (и најзападније тачке Персијског залива), затим Јемена и руских степа у приобаљу Каспијског мора.
Турска ТВ сапуница само повремено слика Сулејмана као способног државника и војсковођу; махом се бави интригама на његовом двору, односно у харему, најзагонетнијој институцији султанове палате. У средишту је притом једна (од многих) жена, робиња, а потом и законита супруга, Хурем (рођена као Александра, на територији данашње Украјине), која је на Западу позната као Рокселана.
Њен успон од робиње до најутицајније султаније, која ће Сулејману родити пет синова и једну ћерку, њена борба да стекне султанову наклоност и да је задржи, и настојања ривалки и душмана (укључујући ту и султанове ћерке и краљицу мајку, али и неке паше и везире) да је елиминишу, стална неизвесност који ће од четири жива султанова сина наследити престо (односно која ће тројица, по обичају, бити убијена), окосница је серије доброг сценарија и раскошне продукције, што јој је омогућило да у 52 земље стекне око 200 милиона гледалаца, укључујући ту и домовину теленовела Латинску Америку.
Реч је о несумњиво романтизованој историји, жанру у којем се мало стварног преплиће с доста измаштаног, али ликови и њихови односи су ипак у толикој мери уверљиви и привлачни да буду врхунска телевизијска забава. Па, како се показало, и много више од тога.
Турци су је схватили сасвим озбиљно. Колико је оних који су овом причом одушевљени, толико је и разгневљених. Заступник грађана (омбудсман) за радио и телевизију у једном моменту је саопштио да је био затрпан са више од 70.000 жалби на поједине детаље серије, попут сцена које приказују да султан пије вино, превише смелих деколтеа на хаљинама жена, до тога да је један грађанин поднео истинску тужбу у којој тражи да се султан постхумно осуди за незаконито смакнуће Мустафе, сина престолонаследника, догађаја које се збио пре више од 460 година.
Међутим, још веће изненађење била је критика коју је серија добила од Реџепа Тајипа Ердогана, који је, кад је сапуница кренула, био премијер, да би у августу прошле године, после победе на изборима, преузео дужност председника.
Његови изричито негативни коментари на садржај „Сулејмана Величанственог”, наиме, у нескладу су са званичним подстицањем носталгије за Османским царством и његовим настојањима да демонтира секуларно наслеђе које је Турској оставио Кемал Ататурк, чији се радикални раскид с османском прошлошћу, изведен реформама између 1924. и 1926, званично све више оспорава. Ердоган, између осталог, настоји да Турску „реисламизује”, а рехабилитација Османлија је важан елеменат те стратегије. По Ердогану, више од 600 година Османског царства (1299–1923.), по свему су најбољи период националне историје и, у сваком случају, засењују постигнућа републиканске ере, поготово њених првих 80 година (Ердоган и његова партија на власт су дошли у марту 2003).
Због Османлија – настојања да један стари парк у Истанбулу претвори у шопинг центар, архитектонски пројектован као касарне јаничара, османлијске пешадије – Ердоган је у мају 2013. ушао у највећи сукоб с грађанима који су протестовали против овог плана (и премијерове бахатости), што је потом довело и до демонстрација солидарности широм Турске, са око 3,5 милиона учесника (Турска данас има 80 милиона становника). Његова решеност да рехабилитује османски период видела се и у одлуци да обнови учење османског турског – језика изузетно тешког за савладавање – кога је језичком реформом из националне културе елиминисао Ататурк.
Шта се Ердогану не допада у „Сулејману Величанственом”? То су управо они романтизовани делови историје: не допада му се пре свега телевизијски портрет главног јунака, зато што је утисак да је највећи део своје владавине провео у харему, док су походи његове ордије (армије) представљени само као пратећи детаљи. У децембру 2012, после емитовања епизоде у којој Султан и његова миљеница Хурем (по нашем: Весела) проводе ноћ у његовим одајама, при чему камера само наговештава интиму у царској ложници, Ердоган је изјавио:
„Ми немамо такве претке. Ми не знамо за таквог Законодавца. Тридесет година своје владавине он је провео у седлу, а не у харему, како је представљено. Због тог осуђујем продуценте ове серије пред целом нацијом.”
Да ли је ово мешање најутицајнијег политичара земље притисак на уметничку слободу и цензура? Јагмур Тајлан, један од двојице браће која су режирала серију („турска браћа Коен”), у интервјуу за „Њујоркер” датом почетком прошле године, каже да је „некад било цензуре”, а да „данас постоји клима”. До деведесетих година 20. века Турска је, наиме, имала званичну цензуру, док се данас, објаснио је Јагмур Тајлан, она спроводи индиректно, од стране Врховног савета за радио и и телевизију.
„Не спречавају вас да нешто урадите, али вас кажњавају накнадно”, објаснио је механизам режисер. С тим у вези, навео је драстичну новчану казну продуцентима, изречену 2011. због сцене која показује преглед робиња, кандидаткиња за харем, да би се утврдила њихова невиност. Сцена није нимало експлицитна, док је објашњење за казну гласило како је „харем био озбиљна образовна институција чије тајне још нису откривене”.
Уосталом, и ако се уплиће у историју која је (по рецепту Холивуда) комерцијализована зарад забаве, Ердоган не чини преседан. Тако поступа и америчка влада: како је у јануару 2013. писао портал „Салон”, она „оперише дискретно, невидљиво и свеприсутно” како би утицала на „производе забаве који на први поглед нису политичке природе”. Као пример за то наведен је филм који је бави блиском историјом: операцијом ликвидације Осаме бин Ладена, „00.30 – Тајна операција” („Zero Dark Thirty”), док истовремено није бог зна каква тајна да Пентагон интервенише на сценаријима за филмове у којима се користи војна опрема , да би, према „Салону”, „финални производ у максимално могућој мери идеолошки подржавао војску или њену актуелну политику”.
Како објаснити „меку моћ Османлија” и њихову популарност на територијама некадашњег царства које је заузимало простор од 12 милиона квадратних километара (две трећине данашње Русије)? У већини текстова о феномену „Сулејмана Величанственог” наводи се политички подтекст раскошног коктела романтике и историје. У арапском свету гледаоци се осећају добро јер прича показује експанзију и моћ ислама, а његовог ондашњег лидера као одважног и правдољубивог.
На Балкану серија открива заједничку историју, при чему нас изненађује што препознајемо многе речи које су нам после пет векова боравка овде оставиле Османлије. Највеће откриће су, међутим, верска толеранција и мултикултурализам (међу четири званична језика на двору, које је говорио и султан, био је и српски), који су били међу главним постулатима Сулејманове владавине, што није само „турска пропаганда”, већ и историјска чињеница.
Османско царство, наиме, било је веома децентрализовано: народима на освојеним територијама било је дозвољено да задрже своју веру и слободно је исповедају, под условом да редовно плаћају харач (порез). Освајања јесу вршена у име џихада, светог рата, свет је и у 16. веку дељен на вернике и невернике, али у поређењу с данашњим џихадским фундаментализмом, тадашњи систем је узор толеранције (који је, по некима, инспирисао европску ренесансу).
Као велику турску бруталност, уџбеници наводе „данак у крви” – присилно одвођење дечака у добу од 10 година у Турску, али се такође зна, а популарна турска сапуница то уверљиво предочава, да су најспособнији међу отетима, после потурчења и солидног образовања, постајали војна и административна елита царства. Није притом реч само о једном од најчувенијих великих везира (председника владе) Мехмед-паши Соколовићу, који је служио и Сулејмана и његовог наследника, султана Селима Другог, него и о многобројним другим бившим хришћанима.
Разлог за то је био – лукави политички прагматизам. Тиме што су се успињали они без корена међу Османлијама, обезбеђивана је апсолутна верност синова хришћанске раје султану, док је меритократија – напредовање искључиво према способностима – истовремено гарантовала да ће у прве редове стићи они најспособнији.
Упркос томе што би Ердоган волео да је „Сулејман Величанствени” више по његовом укусу – па и по укусу многих Турака, који не успевају да се помире с његовим ликом харемског хедонисте с једне стране, а освајача и деспота који је убио најбољег пријатеља и двојицу сопствених синова, с друге – популарност историјског султана и његовог „златног доба” користи се као инструмент данашње турске геополитике. Па тако турски ангажман у блискоисточним и другим жариштима (Сирија, сукоб Израелаца и Палестинаца, Либан, Либија, Косово) турски председник оправдава позивајући се на Османлије. „Где год су наши преци стигли на коњима, стићи ћемо и ми данас”, изјавио је једном приликом.
То је детаљније разрадио његов најближи политички сарадник Ахмед Давутоглу, који је у марту 2013, кад је још био шеф турске дипломатије (данас је премијер), изјавио да се „Турска први пут и коначно вратила на земље које су некад биле османске”, а да је притом „испоштовала све границе и никог није назвала непријатељем”. „Ми ћемо поново повезати Сарајево и Дамаск, Ерзурум (град на истоку Турске) с Батумом (град у Грузији). За вас су то можда различите земље, али Јемен и Скопље су пре 110 година били у истој држави”.
„Кад ми то кажемо”, наставио је Давутоглу, „то називају ’новим османизмом’, при чему оне који су ујединили целу Европу не називају ’новим Римљанима’.”
</article-text><article-text-transliterated>
„Balkanski narodi su se skoro 500 godina borili da se oslobode Osmanskog carstva, da bi danas ispred TV ekrana netremice zurili u dogodovštine na dvoru Sulejmana Veličanstvenog”, konstatovano je sredinom decembra u izveštaju agencije AFP poslatom iz Dubaija.
Tekst je posvećen fenomenu danas globalno najpoznatijeg turskog proizvoda, TV sapunice čiji je originalni naslov „Veličanstveno stoleće”, ali je za različitu publiku pretrpeo izvesna prilagođavanja. Na Balkanu je tako „Sulejman Veličanstveni”, u arapskim zemljama „Sultanov harem”, u Izraelu samo „Sultan”, u Pakistanu „Moj sultan”... Balkan se pominje u kontekstu popularnosti serije i u arapskom svetu, čije istorijsko sećanje na Osmanlije takođe nije prijatno.
Pred domaćom, turskom publikom, „Sulejman Veličanstveni” je prikazivan od 5. januara 2011. do 11. juna prošle godine, u ukupno šest sezona i 139 jednoiposatnih (a na momente i dužih) epizoda. Jedna je od najgledanijih serija u istoriji turske televizije – u udarnom terminu je okupljala oko trećinu ukupne TV publike – i ujedno i najkontroverznija.
Bavi se, što verovatno zna i dobar broj čitalaca ovog teksta, vladavinom desetog sultana iz dinastije Osmanlija (istoričar Radovan Samardžić ih u svojim knjigama oslovljava kao „Osmanoviće”), koja je bila najdugovečnija: potrajala je 46 godina (1520–1566). Svojim osvajačkim pohodima Sulejman, kome su titulu „veličanstveni” dali Evropljani, dok je za Turke bio „kanun” (zakonodavac, jer je kodifikovao pravni sistem), proširio je Osmansko carstvo na tri kontinenta (Evropa, Azija i i Afrika). Njegove granice bile su duge 12.000 kilometara i počinjale su od Mađarske na Zapadu, do Iraka (i najzapadnije tačke Persijskog zaliva), zatim Jemena i ruskih stepa u priobalju Kaspijskog mora.
Turska TV sapunica samo povremeno slika Sulejmana kao sposobnog državnika i vojskovođu; mahom se bavi intrigama na njegovom dvoru, odnosno u haremu, najzagonetnijoj instituciji sultanove palate. U središtu je pritom jedna (od mnogih) žena, robinja, a potom i zakonita supruga, Hurem (rođena kao Aleksandra, na teritoriji današnje Ukrajine), koja je na Zapadu poznata kao Rokselana.
Njen uspon od robinje do najuticajnije sultanije, koja će Sulejmanu roditi pet sinova i jednu ćerku, njena borba da stekne sultanovu naklonost i da je zadrži, i nastojanja rivalki i dušmana (uključujući tu i sultanove ćerke i kraljicu majku, ali i neke paše i vezire) da je eliminišu, stalna neizvesnost koji će od četiri živa sultanova sina naslediti presto (odnosno koja će trojica, po običaju, biti ubijena), okosnica je serije dobrog scenarija i raskošne produkcije, što joj je omogućilo da u 52 zemlje stekne oko 200 miliona gledalaca, uključujući tu i domovinu telenovela Latinsku Ameriku.
Reč je o nesumnjivo romantizovanoj istoriji, žanru u kojem se malo stvarnog prepliće s dosta izmaštanog, ali likovi i njihovi odnosi su ipak u tolikoj meri uverljivi i privlačni da budu vrhunska televizijska zabava. Pa, kako se pokazalo, i mnogo više od toga.
Turci su je shvatili sasvim ozbiljno. Koliko je onih koji su ovom pričom oduševljeni, toliko je i razgnevljenih. Zastupnik građana (ombudsman) za radio i televiziju u jednom momentu je saopštio da je bio zatrpan sa više od 70.000 žalbi na pojedine detalje serije, poput scena koje prikazuju da sultan pije vino, previše smelih dekoltea na haljinama žena, do toga da je jedan građanin podneo istinsku tužbu u kojoj traži da se sultan posthumno osudi za nezakonito smaknuće Mustafe, sina prestolonaslednika, događaja koje se zbio pre više od 460 godina.
Međutim, još veće iznenađenje bila je kritika koju je serija dobila od Redžepa Tajipa Erdogana, koji je, kad je sapunica krenula, bio premijer, da bi u avgustu prošle godine, posle pobede na izborima, preuzeo dužnost predsednika.
Njegovi izričito negativni komentari na sadržaj „Sulejmana Veličanstvenog”, naime, u neskladu su sa zvaničnim podsticanjem nostalgije za Osmanskim carstvom i njegovim nastojanjima da demontira sekularno nasleđe koje je Turskoj ostavio Kemal Ataturk, čiji se radikalni raskid s osmanskom prošlošću, izveden reformama između 1924. i 1926, zvanično sve više osporava. Erdogan, između ostalog, nastoji da Tursku „reislamizuje”, a rehabilitacija Osmanlija je važan elemenat te strategije. Po Erdoganu, više od 600 godina Osmanskog carstva (1299–1923.), po svemu su najbolji period nacionalne istorije i, u svakom slučaju, zasenjuju postignuća republikanske ere, pogotovo njenih prvih 80 godina (Erdogan i njegova partija na vlast su došli u martu 2003).
Zbog Osmanlija – nastojanja da jedan stari park u Istanbulu pretvori u šoping centar, arhitektonski projektovan kao kasarne janičara, osmanlijske pešadije – Erdogan je u maju 2013. ušao u najveći sukob s građanima koji su protestovali protiv ovog plana (i premijerove bahatosti), što je potom dovelo i do demonstracija solidarnosti širom Turske, sa oko 3,5 miliona učesnika (Turska danas ima 80 miliona stanovnika). Njegova rešenost da rehabilituje osmanski period videla se i u odluci da obnovi učenje osmanskog turskog – jezika izuzetno teškog za savladavanje – koga je jezičkom reformom iz nacionalne kulture eliminisao Ataturk.
Šta se Erdoganu ne dopada u „Sulejmanu Veličanstvenom”? To su upravo oni romantizovani delovi istorije: ne dopada mu se pre svega televizijski portret glavnog junaka, zato što je utisak da je najveći deo svoje vladavine proveo u haremu, dok su pohodi njegove ordije (armije) predstavljeni samo kao prateći detalji. U decembru 2012, posle emitovanja epizode u kojoj Sultan i njegova miljenica Hurem (po našem: Vesela) provode noć u njegovim odajama, pri čemu kamera samo nagoveštava intimu u carskoj ložnici, Erdogan je izjavio:
„Mi nemamo takve pretke. Mi ne znamo za takvog Zakonodavca. Trideset godina svoje vladavine on je proveo u sedlu, a ne u haremu, kako je predstavljeno. Zbog tog osuđujem producente ove serije pred celom nacijom.”
Da li je ovo mešanje najuticajnijeg političara zemlje pritisak na umetničku slobodu i cenzura? Jagmur Tajlan, jedan od dvojice braće koja su režirala seriju („turska braća Koen”), u intervjuu za „Njujorker” datom početkom prošle godine, kaže da je „nekad bilo cenzure”, a da „danas postoji klima”. Do devedesetih godina 20. veka Turska je, naime, imala zvaničnu cenzuru, dok se danas, objasnio je Jagmur Tajlan, ona sprovodi indirektno, od strane Vrhovnog saveta za radio i i televiziju.
„Ne sprečavaju vas da nešto uradite, ali vas kažnjavaju naknadno”, objasnio je mehanizam režiser. S tim u vezi, naveo je drastičnu novčanu kaznu producentima, izrečenu 2011. zbog scene koja pokazuje pregled robinja, kandidatkinja za harem, da bi se utvrdila njihova nevinost. Scena nije nimalo eksplicitna, dok je objašnjenje za kaznu glasilo kako je „harem bio ozbiljna obrazovna institucija čije tajne još nisu otkrivene”.
Uostalom, i ako se upliće u istoriju koja je (po receptu Holivuda) komercijalizovana zarad zabave, Erdogan ne čini presedan. Tako postupa i američka vlada: kako je u januaru 2013. pisao portal „Salon”, ona „operiše diskretno, nevidljivo i sveprisutno” kako bi uticala na „proizvode zabave koji na prvi pogled nisu političke prirode”. Kao primer za to naveden je film koji je bavi bliskom istorijom: operacijom likvidacije Osame bin Ladena, „00.30 – Tajna operacija” („Zero Dark Thirty”), dok istovremeno nije bog zna kakva tajna da Pentagon interveniše na scenarijima za filmove u kojima se koristi vojna oprema , da bi, prema „Salonu”, „finalni proizvod u maksimalno mogućoj meri ideološki podržavao vojsku ili njenu aktuelnu politiku”.
Kako objasniti „meku moć Osmanlija” i njihovu popularnost na teritorijama nekadašnjeg carstva koje je zauzimalo prostor od 12 miliona kvadratnih kilometara (dve trećine današnje Rusije)? U većini tekstova o fenomenu „Sulejmana Veličanstvenog” navodi se politički podtekst raskošnog koktela romantike i istorije. U arapskom svetu gledaoci se osećaju dobro jer priča pokazuje ekspanziju i moć islama, a njegovog ondašnjeg lidera kao odvažnog i pravdoljubivog.
Na Balkanu serija otkriva zajedničku istoriju, pri čemu nas iznenađuje što prepoznajemo mnoge reči koje su nam posle pet vekova boravka ovde ostavile Osmanlije. Najveće otkriće su, međutim, verska tolerancija i multikulturalizam (među četiri zvanična jezika na dvoru, koje je govorio i sultan, bio je i srpski), koji su bili među glavnim postulatima Sulejmanove vladavine, što nije samo „turska propaganda”, već i istorijska činjenica.
Osmansko carstvo, naime, bilo je veoma decentralizovano: narodima na osvojenim teritorijama bilo je dozvoljeno da zadrže svoju veru i slobodno je ispovedaju, pod uslovom da redovno plaćaju harač (porez). Osvajanja jesu vršena u ime džihada, svetog rata, svet je i u 16. veku deljen na vernike i nevernike, ali u poređenju s današnjim džihadskim fundamentalizmom, tadašnji sistem je uzor tolerancije (koji je, po nekima, inspirisao evropsku renesansu).
Kao veliku tursku brutalnost, udžbenici navode „danak u krvi” – prisilno odvođenje dečaka u dobu od 10 godina u Tursku, ali se takođe zna, a popularna turska sapunica to uverljivo predočava, da su najsposobniji među otetima, posle poturčenja i solidnog obrazovanja, postajali vojna i administrativna elita carstva. Nije pritom reč samo o jednom od najčuvenijih velikih vezira (predsednika vlade) Mehmed-paši Sokoloviću, koji je služio i Sulejmana i njegovog naslednika, sultana Selima Drugog, nego i o mnogobrojnim drugim bivšim hrišćanima.
Razlog za to je bio – lukavi politički pragmatizam. Time što su se uspinjali oni bez korena među Osmanlijama, obezbeđivana je apsolutna vernost sinova hrišćanske raje sultanu, dok je meritokratija – napredovanje isključivo prema sposobnostima – istovremeno garantovala da će u prve redove stići oni najsposobniji.
Uprkos tome što bi Erdogan voleo da je „Sulejman Veličanstveni” više po njegovom ukusu – pa i po ukusu mnogih Turaka, koji ne uspevaju da se pomire s njegovim likom haremskog hedoniste s jedne strane, a osvajača i despota koji je ubio najboljeg prijatelja i dvojicu sopstvenih sinova, s druge – popularnost istorijskog sultana i njegovog „zlatnog doba” koristi se kao instrument današnje turske geopolitike. Pa tako turski angažman u bliskoistočnim i drugim žarištima (Sirija, sukob Izraelaca i Palestinaca, Liban, Libija, Kosovo) turski predsednik opravdava pozivajući se na Osmanlije. „Gde god su naši preci stigli na konjima, stići ćemo i mi danas”, izjavio je jednom prilikom.
To je detaljnije razradio njegov najbliži politički saradnik Ahmed Davutoglu, koji je u martu 2013, kad je još bio šef turske diplomatije (danas je premijer), izjavio da se „Turska prvi put i konačno vratila na zemlje koje su nekad bile osmanske”, a da je pritom „ispoštovala sve granice i nikog nije nazvala neprijateljem”. „Mi ćemo ponovo povezati Sarajevo i Damask, Erzurum (grad na istoku Turske) s Batumom (grad u Gruziji). Za vas su to možda različite zemlje, ali Jemen i Skoplje su pre 110 godina bili u istoj državi”.
„Kad mi to kažemo”, nastavio je Davutoglu, „to nazivaju ’novim osmanizmom’, pri čemu one koji su ujedinili celu Evropu ne nazivaju ’novim Rimljanima’.”
</article-text-transliterated></article><comments><comments-count>5</comments-count><comments-list><comment comment-id="1"><comment-parent-id /><comment-text>Kula nastaje zidanjem. Svaka pa i ta.</comment-text><comment-text-transliterated>Kula nastaje zidanjem. Svaka pa i ta.</comment-text-transliterated></comment><comment comment-id="2"><comment-parent-id /><comment-text>Uzor Tolerancije: pre ce biti da je Stevan Sindjelic doznavsi da niko od Srba ne zeli da mu pritekne u pomoc u nastupu rezignacije opalio iz kubure u barutanu cvrsto oslucivsi da posalje dodjavola i srbe i turke. Pa je tako nastala Cele Kula.</comment-text><comment-text-transliterated>Uzor Tolerancije: pre ce biti da je Stevan Sindjelic doznavsi da niko od Srba ne zeli da mu pritekne u pomoc u nastupu rezignacije opalio iz kubure u barutanu cvrsto oslucivsi da posalje dodjavola i srbe i turke. Pa je tako nastala Cele Kula.</comment-text-transliterated></comment><comment comment-id="3"><comment-parent-id /><comment-text>po svim mogucim i nemogucim kriterijumima ubedljivo najgora vlast u Srbiji je upravo srpska. Uporedite samo poreze od pre 400 god i danas. Sumnjam da bi danas nekoga uzbudilo da mu dete pohadja vojnu skolu i akademiju o trosku budzeta i sa izgledima da dogura do ministra samo ako se pokaze kao sposoban. Pod hitno vaskrsnuti Sulejmana i vratiti ga u Sirbistan Vilajet.</comment-text><comment-text-transliterated>po svim mogucim i nemogucim kriterijumima ubedljivo najgora vlast u Srbiji je upravo srpska. Uporedite samo poreze od pre 400 god i danas. Sumnjam da bi danas nekoga uzbudilo da mu dete pohadja vojnu skolu i akademiju o trosku budzeta i sa izgledima da dogura do ministra samo ako se pokaze kao sposoban. Pod hitno vaskrsnuti Sulejmana i vratiti ga u Sirbistan Vilajet.</comment-text-transliterated></comment><comment comment-id="4"><comment-parent-id /><comment-text>Ostavili su nam Cele kulu kao spomenik tome.</comment-text><comment-text-transliterated>Ostavili su nam Cele kulu kao spomenik tome.</comment-text-transliterated></comment><comment comment-id="5"><comment-parent-id /><comment-text>"рођена као Александра, на територији данашње Украјине"
Рођена је на Криму, а то ке Русија.</comment-text><comment-text-transliterated>"rođena kao Aleksandra, na teritoriji današnje Ukrajine"
Rođena je na Krimu, a to ke Rusija.</comment-text-transliterated></comment></comments-list></comments></document>