<document global-id="sr-01-1004">
    <url>
        http://www.politika.rs/scc/clanak/370207/%D0%9A%D0%B0%D0%BA%D0%BE-%D0%BB%D0%B0%D0%BA%D1%88%D0%B5-%D0%B2%D0%B8%D0%B4%D0%B5%D1%82%D0%B8-%D0%B3%D0%B4%D0%B5-%D1%81%D1%83-%D0%BF%D0%BE%D0%BF%D1%83%D1%81%D1%82%D0%B8-%D0%B8-%D0%BD%D0%B0%D1%9B%D0%B8-%D0%B4%D1%80%D1%83%D1%88%D1%82%D0%B2%D0%BE-%D0%B7%D0%B0-%D0%BC%D0%B0%D0%BB%D0%B8-%D1%84%D1%83%D0%B4%D0%B1%D0%B0%D0%BB
    </url>
    <source-id>sr-01</source-id>
    <local-id>1004</local-id>
    <source-name>Politika</source-name>
    <article>
        <article-title>Како лакше видети где су попусти и наћи друштво за мали фудбал</article-title>
        <article-title-transliterated>Kako lakše videti gde su popusti i naći društvo za mali fudbal
        </article-title-transliterated>
        <article-time>2016-12-16</article-time>
        <article-author>Jelena Kavaja</article-author>
        <article-text>Финалисти конкурса „Смарт сити челинџ” направили су апликације које смањују бацање хране,
            олакшавају размену књига, награђују оне које рециклирају и возе бицикл…. Малишани у Србији још у вртићу ломе
            језик учећи шта је рециклажа, али кад попију сок не знају шта би с празном флашицом, а често не знају ни
            родитељи, па углавном заврши где и друго смеће.
            Кад би на телефону пронашли најближи рециклажни контејнер, па још и кад би били награђени за труд, нешто би
            се сигурно променило. С том идејом су у „Смарт сити челинџ” ушли Немања Јанић и Марко Каличанин и направили
            су паметну пресу за флаше и лименке.
            Њихов тим „Солагро” један је од финалиста овог такмичења, којим су организатори хтели да помогну младима да
            уз помоћ нових технологија олакшају живот себи и својим суграђанима и промовишу развој „паметних” градова.
            Немања и Марко већ две године имају старт-ап за развој рециклажних преса, али ово ће бити прва која
            комуницира са корисницима. Она их упућује како да рециклирају и на крају избацује код који се верификује
            кроз апликацију и доноси поене. Свако ће од спонзора моћи да добије одређене попусте или производе. Такође,
            свако ће моћи да предложи локацију за нову пресу.
            – Имамо станаре на Вождовцу који желе да од рециклаже плате одржавање зграде. Желимо да људи кроз овакав
            систем мотивације стекну навику да другачије одлажу и остали отпад јер виде корист за заједницу – каже
            Немања Јанић.
            У свету се на разне начине грађани подстичу да не штеде ноге него гориво. Ненад Баругџић и његов тим верују
            да ће њихова апликација „Bike Walk” мотивисати суграђане да што мање користе аутомобиле.
            – Она препознаје начин кретања, да ли неко вози бицикл, стоји или трчи. Телефони имају жироскопе, а
            користили смо џи-пи-ес и још неке начине да утврдимо колико је ко прешао како бисмо наградили грађане који
            уместо аутомобила користе бицикл, трче или шетају – објашњава Баругџић.
            За награде тек траже спонзоре. Идеја је да то буде нека пореска олакшица, бесплатни минути за телефон или
            попусти у спортским радњама.
            По узору на светске градове, такмичење су први пут у Србији организовали удружење младих БЕУМ и компанија
            „Теленор” како би промовисали предузетништво и старт-ап културу и мотивисали младе да својим примером покажу
            како могу да створе лепшу будућност за себе и суграђане.
            – Други циљ је да промовишемо концепт паметних градова, тржиште нових технологија које изузетно брзо расте.
            То је правац у ком се свет креће. Србија хвата корак, али недовољно брзо. Ова сцена је врло отворена за нове
            идеје и иновације, само је потребно да младе неко упозна са правим људима – каже Ђорђе Ђорђевић, председник
            БЕУМ-а.
            Одабрани тимови прошли су вишемесечну обуку у Ај-Си-Ти хабу у Београду, а помоћ ће имати још неколико месеци
            док њихова млада предузећа не стану на ноге.
            Међу њима су и аутори апликације „нахрани” (Feed), која би требало да смањи бацање хране у ресторанима. На
            идеју је дошла Јована Бобић, која је живела у Италији и Данској и видела колико се у свету води рачуна о
            томе.
            Засад је обухваћено двадесетак ресторана који ће кориснике обавештавати о сниженим ценама оброка који би се
            иначе бацили, а непродате остатке донираће београдској организацији Банка хране.
            Штедња је мотивисала и програмере апликације за паметну куповину. Уз „веверион”, корисници ће као веверице
            „сакупљати” намирнице тамо где су најјефтиније.
            – Радили смо анализу својих месечних корпи и закључили да на овај начин може да се уштеди 5.000 динара
            месечно. Планирамо да касније омогућимо нешто као „Убер” за шопинг. Да неко објави списак за куповину, а
            неко други, на пример, комшија који се затекао у продавници донесе намирнице уз малу провизију. Закључили
            смо да много људи нема времена да иде у набавке и да би били спремни да некоме плате, а опет би уштедели –
            објашњава Михаило Јовковић, један од аутора.
            Програмер апликација Душан Димитријевић кренуо је од личног проблема – како да окупи екипу за мали фудбал и
            резервише термин. Његов тим осмислио је апликацију „тимстер”, која олакшава корисницима да организују свој
            спортски живот.
            – Поента је да нађу противничку екипу и терен близу да не би морали да иду на други крај града. Биће и
            онлајн систем резервација, јер то зна да одузме доста времена – објашњава Димитријевић.
            Лични проблем покренуо је и Ирму Хаџифејзовић и њено друштво страствених читалаца.
            – Обично чекамо сајмове и снижења да дођемо до неких скупљих издања. Пало нам је на памет да мењамо књиге
            којима се више не враћамо. Свако би на нашу апликацију „александрија” поставио своју библиотеку и листу
            жеља. Зараду бисмо могли да остваримо од издавача који би преко апликације продавали књиге с грешком по
            мањој цени – представља идеју свог тима.
            Један од чланова жирија, који ће у суботу прогласити најбоље идеје и наградити прва три тима (5.000, 3.000 и
            2.000 евра), јесте и амбасадорка Израела Алона Фишер Кам, јер победничка екипа добија и двонедељно наградно
            путовање у ову земљу, познату по развијеном ИТ сектору.
        </article-text>
        <article-text-transliterated>Finalisti konkursa „Smart siti čelindž” napravili su aplikacije koje smanjuju
            bacanje hrane, olakšavaju razmenu knjiga, nagrađuju one koje recikliraju i voze bicikl…. Mališani u Srbiji
            još u vrtiću lome jezik učeći šta je reciklaža, ali kad popiju sok ne znaju šta bi s praznom flašicom, a
            često ne znaju ni roditelji, pa uglavnom završi gde i drugo smeće.
            Kad bi na telefonu pronašli najbliži reciklažni kontejner, pa još i kad bi bili nagrađeni za trud, nešto bi
            se sigurno promenilo. S tom idejom su u „Smart siti čelindž” ušli Nemanja Janić i Marko Kaličanin i
            napravili su pametnu presu za flaše i limenke.
            Njihov tim „Solagro” jedan je od finalista ovog takmičenja, kojim su organizatori hteli da pomognu mladima
            da uz pomoć novih tehnologija olakšaju život sebi i svojim sugrađanima i promovišu razvoj „pametnih”
            gradova.
            Nemanja i Marko već dve godine imaju start-ap za razvoj reciklažnih presa, ali ovo će biti prva koja
            komunicira sa korisnicima. Ona ih upućuje kako da recikliraju i na kraju izbacuje kod koji se verifikuje
            kroz aplikaciju i donosi poene. Svako će od sponzora moći da dobije određene popuste ili proizvode. Takođe,
            svako će moći da predloži lokaciju za novu presu.
            – Imamo stanare na Voždovcu koji žele da od reciklaže plate održavanje zgrade. Želimo da ljudi kroz ovakav
            sistem motivacije steknu naviku da drugačije odlažu i ostali otpad jer vide korist za zajednicu – kaže
            Nemanja Janić.
            U svetu se na razne načine građani podstiču da ne štede noge nego gorivo. Nenad Barugdžić i njegov tim
            veruju da će njihova aplikacija „Bike Walk” motivisati sugrađane da što manje koriste automobile.
            – Ona prepoznaje način kretanja, da li neko vozi bicikl, stoji ili trči. Telefoni imaju žiroskope, a
            koristili smo dži-pi-es i još neke načine da utvrdimo koliko je ko prešao kako bismo nagradili građane koji
            umesto automobila koriste bicikl, trče ili šetaju – objašnjava Barugdžić.
            Za nagrade tek traže sponzore. Ideja je da to bude neka poreska olakšica, besplatni minuti za telefon ili
            popusti u sportskim radnjama.
            Po uzoru na svetske gradove, takmičenje su prvi put u Srbiji organizovali udruženje mladih BEUM i kompanija
            „Telenor” kako bi promovisali preduzetništvo i start-ap kulturu i motivisali mlade da svojim primerom pokažu
            kako mogu da stvore lepšu budućnost za sebe i sugrađane.
            – Drugi cilj je da promovišemo koncept pametnih gradova, tržište novih tehnologija koje izuzetno brzo raste.
            To je pravac u kom se svet kreće. Srbija hvata korak, ali nedovoljno brzo. Ova scena je vrlo otvorena za
            nove ideje i inovacije, samo je potrebno da mlade neko upozna sa pravim ljudima – kaže Đorđe Đorđević,
            predsednik BEUM-a.
            Odabrani timovi prošli su višemesečnu obuku u Aj-Si-Ti habu u Beogradu, a pomoć će imati još nekoliko meseci
            dok njihova mlada preduzeća ne stanu na noge.
            Među njima su i autori aplikacije „nahrani” (Feed), koja bi trebalo da smanji bacanje hrane u restoranima.
            Na ideju je došla Jovana Bobić, koja je živela u Italiji i Danskoj i videla koliko se u svetu vodi računa o
            tome.
            Zasad je obuhvaćeno dvadesetak restorana koji će korisnike obaveštavati o sniženim cenama obroka koji bi se
            inače bacili, a neprodate ostatke doniraće beogradskoj organizaciji Banka hrane.
            Štednja je motivisala i programere aplikacije za pametnu kupovinu. Uz „veverion”, korisnici će kao veverice
            „sakupljati” namirnice tamo gde su najjeftinije.
            – Radili smo analizu svojih mesečnih korpi i zaključili da na ovaj način može da se uštedi 5.000 dinara
            mesečno. Planiramo da kasnije omogućimo nešto kao „Uber” za šoping. Da neko objavi spisak za kupovinu, a
            neko drugi, na primer, komšija koji se zatekao u prodavnici donese namirnice uz malu proviziju. Zaključili
            smo da mnogo ljudi nema vremena da ide u nabavke i da bi bili spremni da nekome plate, a opet bi uštedeli –
            objašnjava Mihailo Jovković, jedan od autora.
            Programer aplikacija Dušan Dimitrijević krenuo je od ličnog problema – kako da okupi ekipu za mali fudbal i
            rezerviše termin. Njegov tim osmislio je aplikaciju „timster”, koja olakšava korisnicima da organizuju svoj
            sportski život.
            – Poenta je da nađu protivničku ekipu i teren blizu da ne bi morali da idu na drugi kraj grada. Biće i
            onlajn sistem rezervacija, jer to zna da oduzme dosta vremena – objašnjava Dimitrijević.
            Lični problem pokrenuo je i Irmu Hadžifejzović i njeno društvo strastvenih čitalaca.
            – Obično čekamo sajmove i sniženja da dođemo do nekih skupljih izdanja. Palo nam je na pamet da menjamo
            knjige kojima se više ne vraćamo. Svako bi na našu aplikaciju „aleksandrija” postavio svoju biblioteku i
            listu želja. Zaradu bismo mogli da ostvarimo od izdavača koji bi preko aplikacije prodavali knjige s greškom
            po manjoj ceni – predstavlja ideju svog tima.
            Jedan od članova žirija, koji će u subotu proglasiti najbolje ideje i nagraditi prva tri tima (5.000, 3.000
            i 2.000 evra), jeste i ambasadorka Izraela Alona Fišer Kam, jer pobednička ekipa dobija i dvonedeljno
            nagradno putovanje u ovu zemlju, poznatu po razvijenom IT sektoru.
        </article-text-transliterated>
    </article>
    <comments>
        <comments-count>2</comments-count>
        <comment-list>
            <comment comment-id="1">
                <comment-parent-id/>
                <comment-text>Супер идеја! Али ставите неке линкове где можемо наћи апликације, не могу ниједну да нађем
                    на плеј стору!
                </comment-text>
                <comment-text-transliterated>Super ideja! Ali stavite neke linkove gde možemo naći aplikacije, ne mogu
                    nijednu da nađem na plej storu!
                </comment-text-transliterated>
            </comment>
            <comment comment-id="1-1">
                <comment-parent-id>1</comment-parent-id>
                <comment-text>Cao Nenade, aplikacije jos nisu zvanicno lansirane.</comment-text>
                <comment-text-transliterated>Cao Nenade, aplikacije jos nisu zvanicno lansirane.
                </comment-text-transliterated>
            </comment>
        </comment-list>
    </comments>
</document>