<document global-id="sr-01-1038">
    <url>
        http://www.politika.rs/scc/clanak/355120/%D0%9A%D0%B0%D0%BA%D0%BE-%D0%BD%D0%B5-%D0%B3%D1%83%D0%B1%D0%B5%D1%9B%D0%B8-%D0%B2%D1%80%D0%B5%D0%BC%D0%B5-%D1%83%D0%BD%D0%B0%D0%BF%D1%80%D0%B5%D0%B4%D0%B8%D1%82%D0%B8-%D0%BA%D0%BE%D0%BD%D0%BA%D1%83%D1%80%D1%81
    </url>
    <source-id>sr-01</source-id>
    <local-id>1038</local-id>
    <source-name>Politika</source-name>
    <article>
        <article-title>Како, не губећи време, унапредити конкурс</article-title>
        <article-title-transliterated>Kako, ne gubeći vreme, unaprediti konkurs</article-title-transliterated>
        <article-time>2016-05-17</article-time>
        <article-author>Miomir Kostić</article-author>
        <article-text>Рецензенти сваког пројекта из групе природно-техничких наука треба да буду два професора са
            реномираних страних (доминантно европских) универзитета, а за пројекте из групе хуманистичких наука по један
            страни (реномирани) и домаћи рецензент. Пошто од критика нема велике вајде, предлажем да се, не губећи
            време, покрену следеће активности:
            (1) Влада треба да формира Савет за науку и технолошки развој чији ће се чланови одмах укључити у припрему
            новог конкурса. То треба да буду особе од личног и академског интегритета, али и са визијом, идејама,
            енергијом и мотивима који су неопходни за покретање озбиљног напретка науке у Србији, за шта постоје многе
            претпоставке. Таквих особа има, и то пре свега изван кругова из којих су досад били регрутовани.
            (2) Премијер треба да се захвали министру и његовим помоћницима и државним секретарима задуженим за науку,
            јер су у претходном периоду показали неспособност да одговоре изазовима друштвене заједнице који се односе
            на научноистраживачки развој. Једна од најгорих особина социјалистичког друштва била је одсуство
            одговорности – особе које нису испуниле задатак у одређеном периоду добијале су прилику да то поправе у
            наредним годинама (и тако више пута). Будући министар и његови најближи сарадници треба да буду
            високоморалне особе (које поседују и све особине наведене у тачки 1). Овде премијер заиста може и треба да
            се покаже.
            (3) Што пре треба усвојити и обнародовати нове критеријуме за оцењивање пројеката. Уместо бескрајно
            компликоване процедуре засноване на неколико десетина нумеричких параметара, потребно је дефинисати
            једноставну процедуру која ће се заснивати на само неколико критеријума. Наиме, на квалитету предложеног
            истраживања, на одговарајућим референцама предложеног руководиоца пројекта и на адекватном броју месеци за
            истраживање.
            Рецензенти сваког пројекта из групе природно-техничких наука треба да буду два професора са реномираних
            страних (доминантно европских) универзитета, а за пројекте из групе хуманистичких наука по један страни
            (реномирани) и домаћи рецензент (ево друштвено корисног посла за чланове САНУ). Пошто се процењује да ће
            број предложених пројеката бити мањи од хиљаду, средства која би се издвојила за хонораре рецензената (нпр.
            1.000 евра по пројекту) била би занемарљива у поређењу са оним што би се добило објективним оцењивањем
            пројеката.
            (4) Број учесника на пројекту треба ограничити на двадесетак, чиме ће руководиоци пројеката бити принуђени
            да воде више рачуна о компетентности чланова тима. Досадашња пракса показује да у многим случајевима мали
            број истраживача заиста ради на пројекту, док остали само фигурирају (и за то годинама добијају плату или
            хонорар). Међу њима има и оних који сматрају да је довољно то што су понудили своје дотадашње референце,
            које, по садашњим критеријумима за оцењивање, утичу на укупну оцену пројекта.
            (5) Садржај пројектних апликација не треба (битно) да се мења. Иако се захтевана објашњења вишеструко
            понављају, тиме се предлагачи пројеката вежбају за припрему апликација за разноврсне европске пројекте. Тиме
            овај конкурс треба да подстакне масовније учешће научника из Србије на ЕУ пројектима типа HORIZON 2020,
            EUREKA итд.
            (6) Важно је да се дефинише јасна процедура за озбиљно (међународно) вредновање резултата пројеката током
            њихове реализације.
            Наравно, новински простор не дозвољава изношење свих идеја, нити детаљнију елаборацију предложеног модела.
            Он је настао као резултат размишљања аутора и ставова академика Владимира Глишина, према којима све научнике
            у Србији треба да оцене независне међународне комисије.
            На крају ми преостаје да констатујем да је добро што влада није прихватила ставове председника САНУ и
            ректора Универзитета у Београду који су подржали штетан конкурс, односно министра Вербића, и да замолим
            премијера да овој проблематици посвети неопходно време, јер се ради о будућности науке (самим тим и
            друштвеног развоја) у Србији, као и о неколико стотина милиона евра намењених финансирању
            научноистраживачких пројеката у наредне три или четири године. Била би велика штета да се толике паре још
            једном баце.
            Професор Електротехничког факултета Универзитета у Београду
        </article-text>
        <article-text-transliterated>Recenzenti svakog projekta iz grupe prirodno-tehničkih nauka treba da budu dva
            profesora sa renomiranih stranih (dominantno evropskih) univerziteta, a za projekte iz grupe humanističkih
            nauka po jedan strani (renomirani) i domaći recenzent. Pošto od kritika nema velike vajde, predlažem da se,
            ne gubeći vreme, pokrenu sledeće aktivnosti:
            (1) Vlada treba da formira Savet za nauku i tehnološki razvoj čiji će se članovi odmah uključiti u pripremu
            novog konkursa. To treba da budu osobe od ličnog i akademskog integriteta, ali i sa vizijom, idejama,
            energijom i motivima koji su neophodni za pokretanje ozbiljnog napretka nauke u Srbiji, za šta postoje mnoge
            pretpostavke. Takvih osoba ima, i to pre svega izvan krugova iz kojih su dosad bili regrutovani.
            (2) Premijer treba da se zahvali ministru i njegovim pomoćnicima i državnim sekretarima zaduženim za nauku,
            jer su u prethodnom periodu pokazali nesposobnost da odgovore izazovima društvene zajednice koji se odnose
            na naučnoistraživački razvoj. Jedna od najgorih osobina socijalističkog društva bila je odsustvo
            odgovornosti – osobe koje nisu ispunile zadatak u određenom periodu dobijale su priliku da to poprave u
            narednim godinama (i tako više puta). Budući ministar i njegovi najbliži saradnici treba da budu
            visokomoralne osobe (koje poseduju i sve osobine navedene u tački 1). Ovde premijer zaista može i treba da
            se pokaže.
            (3) Što pre treba usvojiti i obnarodovati nove kriterijume za ocenjivanje projekata. Umesto beskrajno
            komplikovane procedure zasnovane na nekoliko desetina numeričkih parametara, potrebno je definisati
            jednostavnu proceduru koja će se zasnivati na samo nekoliko kriterijuma. Naime, na kvalitetu predloženog
            istraživanja, na odgovarajućim referencama predloženog rukovodioca projekta i na adekvatnom broju meseci za
            istraživanje.
            Recenzenti svakog projekta iz grupe prirodno-tehničkih nauka treba da budu dva profesora sa renomiranih
            stranih (dominantno evropskih) univerziteta, a za projekte iz grupe humanističkih nauka po jedan strani
            (renomirani) i domaći recenzent (evo društveno korisnog posla za članove SANU). Pošto se procenjuje da će
            broj predloženih projekata biti manji od hiljadu, sredstva koja bi se izdvojila za honorare recenzenata
            (npr. 1.000 evra po projektu) bila bi zanemarljiva u poređenju sa onim što bi se dobilo objektivnim
            ocenjivanjem projekata.
            (4) Broj učesnika na projektu treba ograničiti na dvadesetak, čime će rukovodioci projekata biti prinuđeni
            da vode više računa o kompetentnosti članova tima. Dosadašnja praksa pokazuje da u mnogim slučajevima mali
            broj istraživača zaista radi na projektu, dok ostali samo figuriraju (i za to godinama dobijaju platu ili
            honorar). Među njima ima i onih koji smatraju da je dovoljno to što su ponudili svoje dotadašnje reference,
            koje, po sadašnjim kriterijumima za ocenjivanje, utiču na ukupnu ocenu projekta.
            (5) Sadržaj projektnih aplikacija ne treba (bitno) da se menja. Iako se zahtevana objašnjenja višestruko
            ponavljaju, time se predlagači projekata vežbaju za pripremu aplikacija za raznovrsne evropske projekte.
            Time ovaj konkurs treba da podstakne masovnije učešće naučnika iz Srbije na EU projektima tipa HORIZON 2020,
            EUREKA itd.
            (6) Važno je da se definiše jasna procedura za ozbiljno (međunarodno) vrednovanje rezultata projekata tokom
            njihove realizacije.
            Naravno, novinski prostor ne dozvoljava iznošenje svih ideja, niti detaljniju elaboraciju predloženog
            modela. On je nastao kao rezultat razmišljanja autora i stavova akademika Vladimira Glišina, prema kojima
            sve naučnike u Srbiji treba da ocene nezavisne međunarodne komisije.
            Na kraju mi preostaje da konstatujem da je dobro što vlada nije prihvatila stavove predsednika SANU i
            rektora Univerziteta u Beogradu koji su podržali štetan konkurs, odnosno ministra Verbića, i da zamolim
            premijera da ovoj problematici posveti neophodno vreme, jer se radi o budućnosti nauke (samim tim i
            društvenog razvoja) u Srbiji, kao i o nekoliko stotina miliona evra namenjenih finansiranju
            naučnoistraživačkih projekata u naredne tri ili četiri godine. Bila bi velika šteta da se tolike pare još
            jednom bace.
            Profesor Elektrotehničkog fakulteta Univerziteta u Beogradu
        </article-text-transliterated>
    </article>
    <comments>
        <comments-count>35</comments-count>
        <comment-list>
            <comment comment-id="1">
                <comment-parent-id/>
                <comment-text>101 критеријум треба да испуните да добијте пројекат Министарства, а сви знамо да се при
                    избору мис света гледају само три критеријума: глава, гуза и груди. Велика подршка за "потребно је
                    дефинисати једноставну процедуру која ће се заснивати на само неколико критеријума"!
                </comment-text>
                <comment-text-transliterated>101 kriterijum treba da ispunite da dobijte projekat Ministarstva, a svi
                    znamo da se pri izboru mis sveta gledaju samo tri kriterijuma: glava, guza i grudi. Velika podrška
                    za "potrebno je definisati jednostavnu proceduru koja će se zasnivati na samo nekoliko kriterijuma"!
                </comment-text-transliterated>
            </comment>
            <comment comment-id="2">
                <comment-parent-id/>
                <comment-text>@Šešelja za ministra Vreme je došlo potpunu za rehabilitaciju Šešeljevog zakona iz '98 i
                    stavljanje na stub srama ostrašćenih opozicionih profesora koji su izvodili studente na ulice da ga
                    ruše.
                </comment-text>
                <comment-text-transliterated>@Šešelja za ministra Vreme je došlo potpunu za rehabilitaciju Šešeljevog
                    zakona iz '98 i stavljanje na stub srama ostrašćenih opozicionih profesora koji su izvodili studente
                    na ulice da ga ruše.
                </comment-text-transliterated>
            </comment>
            <comment comment-id="3">
                <comment-parent-id/>
                <comment-text>Da li se neko zapitao sta je sa VELIKOM PREVAROM - JUP-om! Gde je oprema i gde su
                    finansijska sredstva koja su bila predvidjena za nabavku te opreme? AKO JE PRAVDE NEKO BI TREBALO DA
                    ZAVRSI U CUZI!
                </comment-text>
                <comment-text-transliterated>Da li se neko zapitao sta je sa VELIKOM PREVAROM - JUP-om! Gde je oprema i
                    gde su finansijska sredstva koja su bila predvidjena za nabavku te opreme? AKO JE PRAVDE NEKO BI
                    TREBALO DA ZAVRSI U CUZI!
                </comment-text-transliterated>
            </comment>
            <comment comment-id="3-1">
                <comment-parent-id>3</comment-parent-id>
                <comment-text>Pravda mora biti zadovoljena!Autor teksta kao i Profesor Femic nude resenja. Znamo ko su
                    ljudi koji su svojim delovanjem i odlukama doveli nauku dovde. Oni moraju da odgovaraju. Neki treba
                    da zavrse u zatvoru. Za to je potrebna samo politicka volja.
                </comment-text>
                <comment-text-transliterated>Pravda mora biti zadovoljena!Autor teksta kao i Profesor Femic nude
                    resenja. Znamo ko su ljudi koji su svojim delovanjem i odlukama doveli nauku dovde. Oni moraju da
                    odgovaraju. Neki treba da zavrse u zatvoru. Za to je potrebna samo politicka volja.
                </comment-text-transliterated>
            </comment>
            <comment comment-id="3-2">
                <comment-parent-id>3</comment-parent-id>
                <comment-text>Opremu su uzeli clanovi komisije koji su delili opremu ...po milion evra za svoje
                    projekte...zato mnogi nisu dobili nista....cak mnoge institucije nisu dobile koliko neki projekti
                    pojedinacno.... E to je za sviranje klavira i to treba preispitati...da ne kazem o tome da su toneri
                    bili i do pet puta skuplji nego u regularnoj prodaji...PLJKACKA.
                </comment-text>
                <comment-text-transliterated>Opremu su uzeli clanovi komisije koji su delili opremu ...po milion evra za
                    svoje projekte...zato mnogi nisu dobili nista....cak mnoge institucije nisu dobile koliko neki
                    projekti pojedinacno.... E to je za sviranje klavira i to treba preispitati...da ne kazem o tome da
                    su toneri bili i do pet puta skuplji nego u regularnoj prodaji...PLJKACKA.
                </comment-text-transliterated>
            </comment>
            <comment comment-id="4">
                <comment-parent-id/>
                <comment-text>Novi Konkurs za naucne projekte ce biti najbrze raspisan, ako se brzo i efikasno "pocisti"
                    sadasnja garnitura u Ministarstvu. Samo potpuno novi sposobni ljudi ce to moci da urade po zakonu i
                    zakonom predvidjenoj proceduri. Ko zna sta su sve radili i uradili mimo zakona. Cesto se u
                    komentarima pominje nezakonit rad Komisije za sticanje zvanja, To bi obavezno trebalo proveriti.
                    Pomocnik Ministra Verbica je izabran u prvo naucno zvanje Visi naucni saradnik. Pitam se od kada to
                    moze?
                </comment-text>
                <comment-text-transliterated>Novi Konkurs za naucne projekte ce biti najbrze raspisan, ako se brzo i
                    efikasno "pocisti" sadasnja garnitura u Ministarstvu. Samo potpuno novi sposobni ljudi ce to moci da
                    urade po zakonu i zakonom predvidjenoj proceduri. Ko zna sta su sve radili i uradili mimo zakona.
                    Cesto se u komentarima pominje nezakonit rad Komisije za sticanje zvanja, To bi obavezno trebalo
                    proveriti. Pomocnik Ministra Verbica je izabran u prvo naucno zvanje Visi naucni saradnik. Pitam se
                    od kada to moze?
                </comment-text-transliterated>
            </comment>
            <comment comment-id="4-1">
                <comment-parent-id>4</comment-parent-id>
                <comment-text>@naucni saradnik Kažete "Ministra Verbica su u viseg naucnog saradnika pogurala dva
                    akademika" . Šta kažete za slučaj kada dva akademika, uz pomoć budućeg državnog sekretara,
                    podržavaju izbor dokazanog plagijatora u zvanje docent?
                </comment-text>
                <comment-text-transliterated>@naucni saradnik Kažete "Ministra Verbica su u viseg naucnog saradnika
                    pogurala dva akademika" . Šta kažete za slučaj kada dva akademika, uz pomoć budućeg državnog
                    sekretara, podržavaju izbor dokazanog plagijatora u zvanje docent?
                </comment-text-transliterated>
            </comment>
            <comment comment-id="4-2">
                <comment-parent-id>4</comment-parent-id>
                <comment-text>Moze moze jos kako. Pa tog pomocnika Ministra Verbica su u viseg naucnog saradnika
                    pogurala dva akademika. Jedan od njih je u Komisiji za sticanje naucnih zvanja. Nisu samo njega tako
                    izabrali.
                </comment-text>
                <comment-text-transliterated>Moze moze jos kako. Pa tog pomocnika Ministra Verbica su u viseg naucnog
                    saradnika pogurala dva akademika. Jedan od njih je u Komisiji za sticanje naucnih zvanja. Nisu samo
                    njega tako izabrali.
                </comment-text-transliterated>
            </comment>
            <comment comment-id="4-3">
                <comment-parent-id>4</comment-parent-id>
                <comment-text>Pa to je strasno. Neko na primer doktorira na Hemijskom fakultetu i odmah postane vanredni
                    profesor. Kriminal - tako se to zove.
                </comment-text>
                <comment-text-transliterated>Pa to je strasno. Neko na primer doktorira na Hemijskom fakultetu i odmah
                    postane vanredni profesor. Kriminal - tako se to zove.
                </comment-text-transliterated>
            </comment>
            <comment comment-id="5">
                <comment-parent-id/>
                <comment-text>Ali, šta istražuju svi ti ljudi? Koliko - 13, 17 hiljada njih.Da znaju šta rade, do sada
                    bi već našli bar nešto od toga što traže, ili to šta oni istražuju zasigurno ne postoji.Tzv.
                    projekti - bedan, ali delotvoran metod da se pacifikuju rezultati hiperprodukcije tzv. stručnjaka.
                    Uostalom, ono što valja, već je negde drugde.
                </comment-text>
                <comment-text-transliterated>Ali, šta istražuju svi ti ljudi? Koliko - 13, 17 hiljada njih.Da znaju šta
                    rade, do sada bi već našli bar nešto od toga što traže, ili to šta oni istražuju zasigurno ne
                    postoji.Tzv. projekti - bedan, ali delotvoran metod da se pacifikuju rezultati hiperprodukcije tzv.
                    stručnjaka. Uostalom, ono što valja, već je negde drugde.
                </comment-text-transliterated>
            </comment>
            <comment comment-id="6">
                <comment-parent-id/>
                <comment-text>@Naucnik: "Ako tako mislite, za vas nema mesta u ovoj raspravi, a ni u nauci Srbije!" -
                    драги колега, нема потребе да ме протерујете, ја сам већ протеран. Као прва жртва "пројектног
                    финансирања", још тамо неке 2006-те. У ствари - отишао сам сâм. Нисам могао никога да мољакам да ме
                    удоми на пројекту. У међувремену су се погасиле читаве лабораторије (некад моћна Електронска, 120,
                    ено пуна Канада, а још пре они Чарапићеви - Рачунарска ли беше?) Погледајте шта је остало од
                    Теоријске: нема ни једног самосталног пројекта, угашене читаве области (Честице и поља,
                    Гравитација,...) а оно мало људства (њих 5-6) шверцују се као под-пројекат на пројектима неких
                    експерименталаца. Винча више и није нуклеарни институт, све "нуклеарно" је издвојено у јавно
                    предузеће НОС. Јавно предузеће се иначе састоји од угашеног реактора РА, новог Хангара и још пар
                    ситница. Красни плодови пројектног финансирања и "визионарства" нових демократских власти 2000+ ...
                </comment-text>
                <comment-text-transliterated>@Naucnik: "Ako tako mislite, za vas nema mesta u ovoj raspravi, a ni u
                    nauci Srbije!" - dragi kolega, nema potrebe da me proterujete, ja sam već proteran. Kao prva žrtva
                    "projektnog finansiranja", još tamo neke 2006-te. U stvari - otišao sam sâm. Nisam mogao nikoga da
                    moljakam da me udomi na projektu. U međuvremenu su se pogasile čitave laboratorije (nekad moćna
                    Elektronska, 120, eno puna Kanada, a još pre oni Čarapićevi - Računarska li beše?) Pogledajte šta je
                    ostalo od Teorijske: nema ni jednog samostalnog projekta, ugašene čitave oblasti (Čestice i polja,
                    Gravitacija,...) a ono malo ljudstva (njih 5-6) švercuju se kao pod-projekat na projektima nekih
                    eksperimentalaca. Vinča više i nije nuklearni institut, sve "nuklearno" je izdvojeno u javno
                    preduzeće NOS. Javno preduzeće se inače sastoji od ugašenog reaktora RA, novog Hangara i još par
                    sitnica. Krasni plodovi projektnog finansiranja i "vizionarstva" novih demokratskih vlasti 2000+ ...
                </comment-text-transliterated>
            </comment>
            <comment comment-id="6-1">
                <comment-parent-id>6</comment-parent-id>
                <comment-text>Главу горе колега, има наде! Дуго сам бринуо за ментално здравље наводно писменијег дела
                    нације, да не кажем интелектуалне елите.
                </comment-text>
                <comment-text-transliterated>Glavu gore kolega, ima nade! Dugo sam brinuo za mentalno zdravlje navodno
                    pismenijeg dela nacije, da ne kažem intelektualne elite.
                </comment-text-transliterated>
            </comment>
            <comment comment-id="7">
                <comment-parent-id/>
                <comment-text>Mislim da nije trebalo poništiti konkurs kada je već oko 1000 projekata bilo prijavljeno,
                    a što se tiče roka, profesore, trebalo je raditi a ne mešetariti da dve godine vi, sa prošlog
                    projekta, primate novac ni za šta u nastavku ove šarade. Tu leži zec, a sve ostalo vam je
                    zamazivanje očiju.
                </comment-text>
                <comment-text-transliterated>Mislim da nije trebalo poništiti konkurs kada je već oko 1000 projekata
                    bilo prijavljeno, a što se tiče roka, profesore, trebalo je raditi a ne mešetariti da dve godine vi,
                    sa prošlog projekta, primate novac ni za šta u nastavku ove šarade. Tu leži zec, a sve ostalo vam je
                    zamazivanje očiju.
                </comment-text-transliterated>
            </comment>
            <comment comment-id="8">
                <comment-parent-id/>
                <comment-text>- ц, ц, ц... - колико српских научника на окупу, а како мало ћирилице? Стање духа? Светски
                    неки људи, нема шта...
                </comment-text>
                <comment-text-transliterated>- c, c, c... - koliko srpskih naučnika na okupu, a kako malo ćirilice?
                    Stanje duha? Svetski neki ljudi, nema šta...
                </comment-text-transliterated>
            </comment>
            <comment comment-id="9">
                <comment-parent-id/>
                <comment-text>A sta mislite (vi gore, koji pokusavate da nametnete svoja resenja) o ideji da svi lepo
                    neko vreme radimo u koliko-toliko normalnim uslovima (finansiranje, brzina nabavke i dostupnost
                    opreme) pa tek onda da merimo ko je kakav naucnik? Da li ste vi, potencijalni ili wannabe
                    konstruktori sistema, uopste svesni da je postojeca razlika izmedju naucnika bukvalno posledica toga
                    ko se kako "snasao": dopisivanjem, lobiranjem za opremu preko poznanstava, prirodom teme ili
                    zavisnosti od materijala... u krajnje neregularnim uslovima rada?! Ni jedan nacin merenja vam sada
                    nece dati ni priblizno tacan rezultat! I ako ste iole posteni, priznacete da to vrlo dobro znate!
                    Zato mislim da je dobra ideja da se ne boduje tim, ali slicno mislim i za rukovodioca (osim
                    dokazivanja kompetentnosti) - jer to favorizuje starije. I jos jedna stvar jaaaaaako nedostaje u
                    vasem predlogu: finansiranje!!! Ako se ono ne poveca (za materijalne troskove), sve ce i dalje biti
                    uzasno lose!!! I vi svi to dobro znate!
                </comment-text>
                <comment-text-transliterated>A sta mislite (vi gore, koji pokusavate da nametnete svoja resenja) o ideji
                    da svi lepo neko vreme radimo u koliko-toliko normalnim uslovima (finansiranje, brzina nabavke i
                    dostupnost opreme) pa tek onda da merimo ko je kakav naucnik? Da li ste vi, potencijalni ili wannabe
                    konstruktori sistema, uopste svesni da je postojeca razlika izmedju naucnika bukvalno posledica toga
                    ko se kako "snasao": dopisivanjem, lobiranjem za opremu preko poznanstava, prirodom teme ili
                    zavisnosti od materijala... u krajnje neregularnim uslovima rada?! Ni jedan nacin merenja vam sada
                    nece dati ni priblizno tacan rezultat! I ako ste iole posteni, priznacete da to vrlo dobro znate!
                    Zato mislim da je dobra ideja da se ne boduje tim, ali slicno mislim i za rukovodioca (osim
                    dokazivanja kompetentnosti) - jer to favorizuje starije. I jos jedna stvar jaaaaaako nedostaje u
                    vasem predlogu: finansiranje!!! Ako se ono ne poveca (za materijalne troskove), sve ce i dalje biti
                    uzasno lose!!! I vi svi to dobro znate!
                </comment-text-transliterated>
            </comment>
            <comment comment-id="9-1">
                <comment-parent-id>9</comment-parent-id>
                <comment-text>@vincanac Ne bi se ja sprdo ni sa prvoborcima u penziji ni sa starcima, istog gaydu
                    imaju.
                </comment-text>
                <comment-text-transliterated>@vincanac Ne bi se ja sprdo ni sa prvoborcima u penziji ni sa starcima,
                    istog gaydu imaju.
                </comment-text-transliterated>
            </comment>
            <comment comment-id="10">
                <comment-parent-id/>
                <comment-text>Toliko su, silni, počevši od G. Kneževića, pa završno sa V. Dondurom, "reformisali"
                    prosvetu i nauku da su sada ova dva sektora pred kolapsom. Zato, novi pomoćnici i sekretari ne smeju
                    biti iz grupe profesora koja od oktobra 2000. godine o svemu odlučivala. Za novog ministra, samo
                    neko sa izuzetno jakom političkom podrškom iza sebe, obavezno neko od potpredsednika SNS, ako ne i
                    sam Aleksandar Vučić. Đelić je bio i potpredsednik Vlade i ministar nauke, što MPNTR, ili
                    novoosnovano Ministarstvo nauke i visokog školstva ne bi vodio Vučić? Zašto ovo predlažem? Pred
                    novim ministrom je veliko spremanje, potrebni su oštri rezovi i tako nešto se ne prepušta
                    politikantima iz redova naučne zajednice. Jedan od rezova koji se ne može izbeći je vratiti
                    raspodelu budžeta na stanje 2002. godine. Tada je ukinuto finansiranje instituta i sav buzdžet
                    Ministarstva za nauku je iznet na projekte. Institute je država osnovala, država mora i da ih
                    finansira, šta ostane ide na projekte.
                </comment-text>
                <comment-text-transliterated>Toliko su, silni, počevši od G. Kneževića, pa završno sa V. Dondurom,
                    "reformisali" prosvetu i nauku da su sada ova dva sektora pred kolapsom. Zato, novi pomoćnici i
                    sekretari ne smeju biti iz grupe profesora koja od oktobra 2000. godine o svemu odlučivala. Za novog
                    ministra, samo neko sa izuzetno jakom političkom podrškom iza sebe, obavezno neko od potpredsednika
                    SNS, ako ne i sam Aleksandar Vučić. Đelić je bio i potpredsednik Vlade i ministar nauke, što MPNTR,
                    ili novoosnovano Ministarstvo nauke i visokog školstva ne bi vodio Vučić? Zašto ovo predlažem? Pred
                    novim ministrom je veliko spremanje, potrebni su oštri rezovi i tako nešto se ne prepušta
                    politikantima iz redova naučne zajednice. Jedan od rezova koji se ne može izbeći je vratiti
                    raspodelu budžeta na stanje 2002. godine. Tada je ukinuto finansiranje instituta i sav buzdžet
                    Ministarstva za nauku je iznet na projekte. Institute je država osnovala, država mora i da ih
                    finansira, šta ostane ide na projekte.
                </comment-text-transliterated>
            </comment>
            <comment comment-id="10-1">
                <comment-parent-id>10</comment-parent-id>
                <comment-text>Molim vas lepo kolega koji to klanovi mogu da utiču na nekog jakog političara, recimo
                    Vučića, kao ministra u MPNTR? Bumbaširević, Kostić i drugi akademici sa njihovim proricanjem smaka
                    sveta ako se poništi konkurs? U potpunosti je Vučić takve ignorisao! Može li Vera Dondur i njen klan
                    prvobaraca iz 90tih da utiče? Pa, Vučić je bez pardona srušio Verin konkurs! Da nisam zaboravio još
                    nekog uticajnog?
                </comment-text>
                <comment-text-transliterated>Molim vas lepo kolega koji to klanovi mogu da utiču na nekog jakog
                    političara, recimo Vučića, kao ministra u MPNTR? Bumbaširević, Kostić i drugi akademici sa njihovim
                    proricanjem smaka sveta ako se poništi konkurs? U potpunosti je Vučić takve ignorisao! Može li Vera
                    Dondur i njen klan prvobaraca iz 90tih da utiče? Pa, Vučić je bez pardona srušio Verin konkurs! Da
                    nisam zaboravio još nekog uticajnog?
                </comment-text-transliterated>
            </comment>
            <comment comment-id="10-2">
                <comment-parent-id>10</comment-parent-id>
                <comment-text>Za ministra nauke Vojislava Šešelja! "Vinča", i drugi instituti, su se oslobodili BU
                    pomoću njegovog Zakona o univerzitetu iz 1998., i tako postali normalni naučni instituti kao što su
                    bili pre 1975. godine. Šta su nam demokrate donele? INN "Vinča" je jedva preživela pokušaje Domazeta
                    da nas ukine, onda dođe Đelić da deli institut, sada imamo Dondurku koja je nameravala da na brzaka
                    na državne jasle dovede privatnike. Najgore od svega profesorski lobi sa BU ponovo svojata "Vinču" i
                    druge institute i prisiljava nas da BU potpisujem na naš naučni rad.
                </comment-text>
                <comment-text-transliterated>Za ministra nauke Vojislava Šešelja! "Vinča", i drugi instituti, su se
                    oslobodili BU pomoću njegovog Zakona o univerzitetu iz 1998., i tako postali normalni naučni
                    instituti kao što su bili pre 1975. godine. Šta su nam demokrate donele? INN "Vinča" je jedva
                    preživela pokušaje Domazeta da nas ukine, onda dođe Đelić da deli institut, sada imamo Dondurku koja
                    je nameravala da na brzaka na državne jasle dovede privatnike. Najgore od svega profesorski lobi sa
                    BU ponovo svojata "Vinču" i druge institute i prisiljava nas da BU potpisujem na naš naučni rad.
                </comment-text-transliterated>
            </comment>
            <comment comment-id="10-3">
                <comment-parent-id>10</comment-parent-id>
                <comment-text>Osim sto ne smemo dozvoliti da ministar bude neko ko ni dana nije radio u nauci, nema
                    blage veze ni zasto je ona znacajna a kamoli koji su njeni specificni problemi. Takav bi bio
                    podlozan uticaju raznih klanova i ponovo bi sve bilo isto... Treba nam naucnik koji je sposoban
                    menadzer ali nije nadobudan da misli da je najpametniji niti da zastupa samo svoje interese, kao
                    fizicari i hemicari do sada!
                </comment-text>
                <comment-text-transliterated>Osim sto ne smemo dozvoliti da ministar bude neko ko ni dana nije radio u
                    nauci, nema blage veze ni zasto je ona znacajna a kamoli koji su njeni specificni problemi. Takav bi
                    bio podlozan uticaju raznih klanova i ponovo bi sve bilo isto... Treba nam naucnik koji je sposoban
                    menadzer ali nije nadobudan da misli da je najpametniji niti da zastupa samo svoje interese, kao
                    fizicari i hemicari do sada!
                </comment-text-transliterated>
            </comment>
            <comment comment-id="11">
                <comment-parent-id/>
                <comment-text>Kako bi bilo da zagrebete i po konkursima Pokrajinskog sekretarijata za nauku i teh.
                    razvoj AP Vojvodine? Pogledajte prošle nedelje objavljenu rang listu projekata za naredni ciklus
                    2016-2019 na njihovom sajtu i odmah će vam biti jasno ko su bliski prijatelji ili saradnici
                    Sekretara, njegovog zamenika i članova Stručnih veća koji recenziraju projekte.
                </comment-text>
                <comment-text-transliterated>Kako bi bilo da zagrebete i po konkursima Pokrajinskog sekretarijata za
                    nauku i teh. razvoj AP Vojvodine? Pogledajte prošle nedelje objavljenu rang listu projekata za
                    naredni ciklus 2016-2019 na njihovom sajtu i odmah će vam biti jasno ko su bliski prijatelji ili
                    saradnici Sekretara, njegovog zamenika i članova Stručnih veća koji recenziraju projekte.
                </comment-text-transliterated>
            </comment>
            <comment comment-id="11-1">
                <comment-parent-id>11</comment-parent-id>
                <comment-text>Ha, ha, ha! Baš tako. Ima i muževa, žena i bratića.</comment-text>
                <comment-text-transliterated>Ha, ha, ha! Baš tako. Ima i muževa, žena i bratića.
                </comment-text-transliterated>
            </comment>
            <comment comment-id="12">
                <comment-parent-id/>
                <comment-text>Na žalost, ništa konstruktivno nije moguće uraditi u ovakvim okolnostima. Hvale je vredno
                    razmišljanje o tome da je vreme dragocen resurs, i dragocenji od iznosa koji se navodi kao
                    opredeljen za finansiranje naučnoistraživačkih projekata u narednom periodu, ali mi prosto nemamo
                    mogućnost za "kombinacije", tako što ćemo smisliti nešto ingeniozno i od ovog što imamo napraviti
                    pitu. Različito "kombinovanje" u prethodnom periodu samo je dovelo do stvaranja Frankeštajna, a s
                    njim se može samo u hotel Transilvaniju, ne i ka Horizonu. Trebalo bi i priču o Horizonu racionalno
                    postaviti jer u tu nije sve samo u naučnoj izvrsnosti, šta više, interesi koji nemaju veze s tim se
                    ispoljavaju od procesa finalne selekcije do načina realzacije, i to je zadata realnost s kojom se
                    mora i može kombinovati. Prvo i osnovno je da se promeni zakon, da bi visoko obrazovanje i nauka
                    postali ono što bi trebalo da budu, komplementarni, ravnopravni i autonomni, i da bi tako njihova
                    sinergija bila moguća.
                </comment-text>
                <comment-text-transliterated>Na žalost, ništa konstruktivno nije moguće uraditi u ovakvim okolnostima.
                    Hvale je vredno razmišljanje o tome da je vreme dragocen resurs, i dragocenji od iznosa koji se
                    navodi kao opredeljen za finansiranje naučnoistraživačkih projekata u narednom periodu, ali mi
                    prosto nemamo mogućnost za "kombinacije", tako što ćemo smisliti nešto ingeniozno i od ovog što
                    imamo napraviti pitu. Različito "kombinovanje" u prethodnom periodu samo je dovelo do stvaranja
                    Frankeštajna, a s njim se može samo u hotel Transilvaniju, ne i ka Horizonu. Trebalo bi i priču o
                    Horizonu racionalno postaviti jer u tu nije sve samo u naučnoj izvrsnosti, šta više, interesi koji
                    nemaju veze s tim se ispoljavaju od procesa finalne selekcije do načina realzacije, i to je zadata
                    realnost s kojom se mora i može kombinovati. Prvo i osnovno je da se promeni zakon, da bi visoko
                    obrazovanje i nauka postali ono što bi trebalo da budu, komplementarni, ravnopravni i autonomni, i
                    da bi tako njihova sinergija bila moguća.
                </comment-text-transliterated>
            </comment>
            <comment comment-id="12-1">
                <comment-parent-id>12</comment-parent-id>
                <comment-text>@bez budženja!: "Na žalost, ništa konstruktivno nije moguće uraditi u ovakvim
                    okolnostima." - може. За почетак, пишите ћирилицом.
                </comment-text>
                <comment-text-transliterated>@bez budženja!: "Na žalost, ništa konstruktivno nije moguće uraditi u
                    ovakvim okolnostima." - može. Za početak, pišite ćirilicom.
                </comment-text-transliterated>
            </comment>
            <comment comment-id="13">
                <comment-parent-id/>
                <comment-text>Prvi korak je da Vlada formira Nacionalni Savet za nauku i tehnoloski razvoj, izabere
                    Ministra, drzavne sekretare, clanove Maticnih odbora i Komisije za sticanje naucnih zvanja. Ovi novi
                    ljudi moraju biti moralni i odabrani “и то пре свега изван кругова из којих су досад били
                    регрутовани”. Kada se to uradi treba im dati punu politicku podrsku da urade ono sto predlaze autor
                    ovog teksta. Najgora osobina iz ranijeg perioda odsustvo odgovornosti moze se prekinuti!!!! Za
                    pocetak pozvati na odgovornost Predsednicu Komisije za sticanje naucnih zvanja. Ona je sama izabrala
                    mnoge ljude u zvanja koja ne zasluzuju. Zna se ko su ti ljudi koje je ona izabrala. Ona treba da
                    krivicno odgovara.
                </comment-text>
                <comment-text-transliterated>Prvi korak je da Vlada formira Nacionalni Savet za nauku i tehnoloski
                    razvoj, izabere Ministra, drzavne sekretare, clanove Maticnih odbora i Komisije za sticanje naucnih
                    zvanja. Ovi novi ljudi moraju biti moralni i odabrani “i to pre svega izvan krugova iz kojih su
                    dosad bili regrutovani”. Kada se to uradi treba im dati punu politicku podrsku da urade ono sto
                    predlaze autor ovog teksta. Najgora osobina iz ranijeg perioda odsustvo odgovornosti moze se
                    prekinuti!!!! Za pocetak pozvati na odgovornost Predsednicu Komisije za sticanje naucnih zvanja. Ona
                    je sama izabrala mnoge ljude u zvanja koja ne zasluzuju. Zna se ko su ti ljudi koje je ona izabrala.
                    Ona treba da krivicno odgovara.
                </comment-text-transliterated>
            </comment>
            <comment comment-id="14">
                <comment-parent-id/>
                <comment-text>Веома смислени предлози и јасан научни приступ проблему без увијања и политизације! Браво,
                    одлично! Баш сте ма обрадовали, хвала!
                </comment-text>
                <comment-text-transliterated>Veoma smisleni predlozi i jasan naučni pristup problemu bez uvijanja i
                    politizacije! Bravo, odlično! Baš ste ma obradovali, hvala!
                </comment-text-transliterated>
            </comment>
            <comment comment-id="15">
                <comment-parent-id/>
                <comment-text>Konkurs ne treba raspisivati u ovoj formi! Konkurs se ne može kvalitetno raspisati dok se
                    ne uredi zakon. Potrebno je doneti objedinjeni Zakon o nauci i visokom obrazovanju kojim će se
                    sistemski rešiti nenormalnosti i nepravde prisutne u sadašnjem zakonodavstvu. Neophodno je formirati
                    Nacionalni savet za nauku, promeniti Nacionalna strategija za razvoj nauke i urediti rad
                    Ministarstva prosvete, nauke i tehnološkog razvoja. To se ne može uraditi za 90 dana, koliko je
                    Vlada ostavila rok za raspisivanje novog konkursa, jer je to posao za celu 2016.
                </comment-text>
                <comment-text-transliterated>Konkurs ne treba raspisivati u ovoj formi! Konkurs se ne može kvalitetno
                    raspisati dok se ne uredi zakon. Potrebno je doneti objedinjeni Zakon o nauci i visokom obrazovanju
                    kojim će se sistemski rešiti nenormalnosti i nepravde prisutne u sadašnjem zakonodavstvu. Neophodno
                    je formirati Nacionalni savet za nauku, promeniti Nacionalna strategija za razvoj nauke i urediti
                    rad Ministarstva prosvete, nauke i tehnološkog razvoja. To se ne može uraditi za 90 dana, koliko je
                    Vlada ostavila rok za raspisivanje novog konkursa, jer je to posao za celu 2016.
                </comment-text-transliterated>
            </comment>
            <comment comment-id="16">
                <comment-parent-id/>
                <comment-text>Konkurs uopšte ne sme da se raspisuje dok se ne donese novi Zakon. Verbić je uništio
                    naučni sistem Zakonom i inovacionoj delatnosti i izmenama Zakona o naučnoistraživačkoj delatnosti.
                    Zakon pre svega. Predlozi su dobri za konkurs, ali pre konkursa ima mnogo toga sistemskog da se
                    završi, a to mora da uradi stručnjak, i to ne elektrotehničar. Uz svu dobru volju, iz ovog teksta se
                    vidi zašto jedan tehničar ne razume kako funkcioniše sistem institucija i šta su njegovi prioriteti.
                </comment-text>
                <comment-text-transliterated>Konkurs uopšte ne sme da se raspisuje dok se ne donese novi Zakon. Verbić
                    je uništio naučni sistem Zakonom i inovacionoj delatnosti i izmenama Zakona o naučnoistraživačkoj
                    delatnosti. Zakon pre svega. Predlozi su dobri za konkurs, ali pre konkursa ima mnogo toga
                    sistemskog da se završi, a to mora da uradi stručnjak, i to ne elektrotehničar. Uz svu dobru volju,
                    iz ovog teksta se vidi zašto jedan tehničar ne razume kako funkcioniše sistem institucija i šta su
                    njegovi prioriteti.
                </comment-text-transliterated>
            </comment>
            <comment comment-id="17">
                <comment-parent-id/>
                <comment-text>- питање свих питања: чему наука у земљи која нема никаквих амбиција, ни развојних, ни
                    војних, ни високотехнолошких? Можете да пресипате из шупљег у празно, да мењате критеријуме и
                    коефицијенте, да спајате и делите - опет ништа. Основни проблем наше науке је њена непотребност.
                    Украс система, бижутерија на врату оронуле даме. Ево живећемо пола године без научних пројеката
                    (стари истекли, нови нису одобрени) и - неће се ни приметити. Ерго: док се Држава не покрене - мрка
                    капа. Поука: колоније немају науку, имају само јефтину радну снагу...
                </comment-text>
                <comment-text-transliterated>- pitanje svih pitanja: čemu nauka u zemlji koja nema nikakvih ambicija, ni
                    razvojnih, ni vojnih, ni visokotehnoloških? Možete da presipate iz šupljeg u prazno, da menjate
                    kriterijume i koeficijente, da spajate i delite - opet ništa. Osnovni problem naše nauke je njena
                    nepotrebnost. Ukras sistema, bižuterija na vratu oronule dame. Evo živećemo pola godine bez naučnih
                    projekata (stari istekli, novi nisu odobreni) i - neće se ni primetiti. Ergo: dok se Država ne
                    pokrene - mrka kapa. Pouka: kolonije nemaju nauku, imaju samo jeftinu radnu snagu...
                </comment-text-transliterated>
            </comment>
            <comment comment-id="17-1">
                <comment-parent-id>17</comment-parent-id>
                <comment-text>Ako tako mislite, za vas nema mesta u ovoj raspravi, a ni u nauci Srbije! Nadjite neku
                    bolju zemlju pa se u njoj bavite naukom, ako vec mislite da ovde ne vredi i da se nauka meri samo
                    proizvodima a ne idejama i doprinosom svetskom znanju, pa ma kako malim. Naravno, to ukoliko ste
                    zapravo iz naucne sfere, a ne bot...
                </comment-text>
                <comment-text-transliterated>Ako tako mislite, za vas nema mesta u ovoj raspravi, a ni u nauci Srbije!
                    Nadjite neku bolju zemlju pa se u njoj bavite naukom, ako vec mislite da ovde ne vredi i da se nauka
                    meri samo proizvodima a ne idejama i doprinosom svetskom znanju, pa ma kako malim. Naravno, to
                    ukoliko ste zapravo iz naucne sfere, a ne bot...
                </comment-text-transliterated>
            </comment>
            <comment comment-id="17-2">
                <comment-parent-id>17</comment-parent-id>
                <comment-text>@naucni savetnik - ја то зовем реализам.</comment-text>
                <comment-text-transliterated>@naucni savetnik - ja to zovem realizam.</comment-text-transliterated>
            </comment>
            <comment comment-id="17-3">
                <comment-parent-id>17</comment-parent-id>
                <comment-text>Рђосав-e, odlicno se uklapas u Kosticevu estetiku beznadja.</comment-text>
                <comment-text-transliterated>Rđosav-e, odlicno se uklapas u Kosticevu estetiku beznadja.
                </comment-text-transliterated>
            </comment>
            <comment comment-id="18">
                <comment-parent-id/>
                <comment-text>Mislim da autor teksta dobro percepira potrebu da celni ljudi Ministrstva moraju imati
                    jaku politicku podrsku za predloge koji su izneti. Mislim da su navedeni predlozi dobri i u skladu
                    sa onim za sta se vecina naucne zajednice bori. Konstatacija da novi celni ljudi Ministarstva moraju
                    doci "изван кругова из којих су досад били регрутовани" je najbitniji uslov za realizaciju
                    progresivnih ideja.
                </comment-text>
                <comment-text-transliterated>Mislim da autor teksta dobro percepira potrebu da celni ljudi Ministrstva
                    moraju imati jaku politicku podrsku za predloge koji su izneti. Mislim da su navedeni predlozi dobri
                    i u skladu sa onim za sta se vecina naucne zajednice bori. Konstatacija da novi celni ljudi
                    Ministarstva moraju doci "izvan krugova iz kojih su dosad bili regrutovani" je najbitniji uslov za
                    realizaciju progresivnih ideja.
                </comment-text-transliterated>
            </comment>
            <comment comment-id="19">
                <comment-parent-id/>
                <comment-text>T(2) "Овде премијер заиста може и треба да се покаже." Kako bilo koji političar u Srbiji
                    (uključujući i premijera) može da se pokaže kad oni pre svih ne ispunjavaju ni jedan od pobrojanih
                    preduslova - integritet, rezultati, vizija, .. Oni upravljaju državom već 25 god. , oni su napravili
                    da Srbija nikad u istoriji nije bila zaduženija, oni su razbucali svu privredu Srbije ... a svi
                    instituti i naučnici sve vreme postoje u nekoj formi i rade "projekte". I ko kome tu treba da se
                    zahvali? Ako nam je EU neki dobronamerni kontrolor - oni u izveštaju EK (Nauka i istraživanja)
                    pominju da kod nas naučni potencijal postoji i da fokus treba staviti na vezu sa privredom. Dakle,
                    fokus na naučne radove za pekare, dragstore, frizere .. jer to je privreda Srbije?!? A nema sumnje
                    da će i politički "naučnici" i naučni naučnici da nastave da pišu neke projekte na državnim jaslima
                    sa efektom NULA. Ministar nauke može da bude i Sv.Petar, isti đavo. Srbija mora da menja sve
                    politike da bi opstala!
                </comment-text>
                <comment-text-transliterated>T(2) "Ovde premijer zaista može i treba da se pokaže." Kako bilo koji
                    političar u Srbiji (uključujući i premijera) može da se pokaže kad oni pre svih ne ispunjavaju ni
                    jedan od pobrojanih preduslova - integritet, rezultati, vizija, .. Oni upravljaju državom već 25
                    god. , oni su napravili da Srbija nikad u istoriji nije bila zaduženija, oni su razbucali svu
                    privredu Srbije ... a svi instituti i naučnici sve vreme postoje u nekoj formi i rade "projekte". I
                    ko kome tu treba da se zahvali? Ako nam je EU neki dobronamerni kontrolor - oni u izveštaju EK
                    (Nauka i istraživanja) pominju da kod nas naučni potencijal postoji i da fokus treba staviti na vezu
                    sa privredom. Dakle, fokus na naučne radove za pekare, dragstore, frizere .. jer to je privreda
                    Srbije?!? A nema sumnje da će i politički "naučnici" i naučni naučnici da nastave da pišu neke
                    projekte na državnim jaslima sa efektom NULA. Ministar nauke može da bude i Sv.Petar, isti đavo.
                    Srbija mora da menja sve politike da bi opstala!
                </comment-text-transliterated>
            </comment>
            <comment comment-id="20">
                <comment-parent-id/>
                <comment-text>Svaka Vam je na mestu preofesore!</comment-text>
                <comment-text-transliterated>Svaka Vam je na mestu preofesore!</comment-text-transliterated>
            </comment>
        </comment-list>
    </comments>
</document>