<?xml version="1.0" encoding="utf-8"?>
<document global-id="sr-01-11">
	<url>http://www.politika.rs/scc/clanak/356570/%D0%90%D1%98%D0%B0-%D0%A1%D0%BE%D1%84%D0%B8%D1%98%D0%B0-%D0%BF%D0%BE%D0%BD%D0%BE%D0%B2%D0%BE-%D0%BD%D0%B0-%D1%83%D0%B4%D0%B0%D1%80%D1%83</url>
	<source-id>sr-01</source-id>
	<local-id>11</local-id>
	<source-name>Politika</source-name>
	<article>
		<article-title>Аја Софија поново на удару</article-title>
		<article-title-transliterated>Aja Sofija ponovo na udaru</article-title-transliterated>
		<article-time>2016-06-07</article-time>
		<article-author>Vojislav Lalić</article-author>
		<article-text>Турска је помпезно обележила 563. годишњицу освајања Константинопоља која је привукла знатижељу више од милион гостију – житеља града на Босфору и посетилаца из унутрашњости земље. Тим поводом су се огласили и радикални исламисти који изнова траже да се Аја Софија претвори у џамију како би могли да клањају Алаху у некада највећем хришћанском светилишту.
Све је било на нивоу: обележавање годишњице пада Константинопоља, који је освојен 29. маја 1453. године, у недељу је одржано под покровитељством председника Тајипа Ердогана. Свечаност је директно преношена на турском, енглеском, француском, шпанском, арапском и руском језику. У церемонији је учествовало 1.200 извођача, војни оркестар као и специјална јединица обучена у униформе које су аскери носили у време Османске империје.
Говорећи на свечаности Ердоган је очитао лекцију Русији, САД и Ирану због недовољног ангажовања да оборе режим у Сирији, због чега пати народ те земље. „Шта ће тамо Иран и Русија. Шта ће тамо амерички војници који на униформама носе закрпе (амблеме) једне терористичке организације”, изјавио је Ердоган алудирајући на ознаке курдске групе која се бори против џихадиста и коју подржава Вашингтон. У Анкари сматрају да је то терористичка организација.
Да подсетимо: султан Мехмед Други је после вишемесечне опсаде 29. маја 1453. године заузео Константинопољ. Тако је почео успон Османске империје, а суноврат Византијског царства. Султан је ушао у историју као Мехмед Освајач који је отворио капије за нове војне походе Турске ка Балкану и југоисточној Европи. После вековних погрома, у Истанбулу је преостало мање од три хиљаде Грка.
Три дана после пада Константинопоља султан Мехмед је наредио да се Аја Софија претвори у џамију. Уследио је нови злочин: дограђен је један минарет (касније још три), малтером су прекривене фреске како хришћански свеци не би прогањали султана док клања Алаху, у правцу Меке постављен је михраб. Он је и на тај начин желео да покаже себи и свету доминацију муслимана над хришћанима. Тога се очигледно нису ослободили ни његови данашњи потомци, укључујући и председника Ердогана.
Дан уочи обележавања годишњице пада Константинопоља, у суботу, неколико хиљада муслимана се окупило испред Аја Софије тражећи да се она поново претвори у џамију.
„Покидајте ланце, отворите капије Аја Софије џамије. Бог је велики”, узвикивали су окупљени грађани, припадници конзервативног Удружења омладине Анадолије.
У Истанбулу има довољно богомоља за клањање. Џаба. „Ми у име стотина хиљада браће тражимо да нам се омогући да клањамо у Аја Софији... Њено затварање симболизује лош третман Турска на Западу”, истиче председник Удружења омладине Анадолије Салих Турхан, пренели су локални медији.
Тако нешто се могло очекивати. Радикални исламисти у последње време приметно дижу главу, траже да се исправи та „историјска грешка”. Многи Турци као да још не могу да се ослободе освајачке логике. Они сматрају да је Ататурк, који је Аја Софију претворио у музеј, у ствари, „издао симбол исламског света и освајања Истанбула”. Велики реформатор је на тај начин покушао да се приближи западној Европи, која Турској није могла да опрости тај грех. Хришћани му замерају што није ишао до краја и претворио Аја Софију у оно што она јесте, у цркву. Ататурк се очевидно није усудио да изазива задригле исламисте, па се одлучио за компромис.
Историја се немилосрдно поиграла са Аја Софијом (Црква Свете мудрости). Она  је изграђена 537. године. Више од девет векова била је централно хришћанско светилиште, а после пада Константинопоља 480 година је коришћена као џамија. Ататурк ју је 1934. године претворио у музеј – дакле ни црква ни џамија. Како тада тако и сада. Учестали насртаји исламиста подстичу и хришћане да траже да се она поново претвори у оно што јесте – у цркву.
Конзервативци дижу главу јер очигледно рачунају да ће Ердоган пре или касније попустити под њиховим притисцима, поготово зато што је он своју политичку каријеру започео у окриљу фундаменталистичке РЕФАХ партије која је због тога забрањена. Али, тешко је поверовати да ће се он данас, на почетку 21. века, усудити да као Мехмед Освајач, пре пет столећа, поново претвори Аја Софију у џамију, иако га многи оптужују да се понаша као султан.</article-text>
		<article-text-transliterated>Turska je pompezno obeležila 563. godišnjicu osvajanja Konstantinopolja koja je privukla znatiželju više od milion gostiju – žitelja grada na Bosforu i posetilaca iz unutrašnjosti zemlje. Tim povodom su se oglasili i radikalni islamisti koji iznova traže da se Aja Sofija pretvori u džamiju kako bi mogli da klanjaju Alahu u nekada najvećem hrišćanskom svetilištu.
Sve je bilo na nivou: obeležavanje godišnjice pada Konstantinopolja, koji je osvojen 29. maja 1453. godine, u nedelju je održano pod pokroviteljstvom predsednika Tajipa Erdogana. Svečanost je direktno prenošena na turskom, engleskom, francuskom, španskom, arapskom i ruskom jeziku. U ceremoniji je učestvovalo 1.200 izvođača, vojni orkestar kao i specijalna jedinica obučena u uniforme koje su askeri nosili u vreme Osmanske imperije.
Govoreći na svečanosti Erdogan je očitao lekciju Rusiji, SAD i Iranu zbog nedovoljnog angažovanja da obore režim u Siriji, zbog čega pati narod te zemlje. „Šta će tamo Iran i Rusija. Šta će tamo američki vojnici koji na uniformama nose zakrpe (ambleme) jedne terorističke organizacije”, izjavio je Erdogan aludirajući na oznake kurdske grupe koja se bori protiv džihadista i koju podržava Vašington. U Ankari smatraju da je to teroristička organizacija.
Da podsetimo: sultan Mehmed Drugi je posle višemesečne opsade 29. maja 1453. godine zauzeo Konstantinopolj. Tako je počeo uspon Osmanske imperije, a sunovrat Vizantijskog carstva. Sultan je ušao u istoriju kao Mehmed Osvajač koji je otvorio kapije za nove vojne pohode Turske ka Balkanu i jugoistočnoj Evropi. Posle vekovnih pogroma, u Istanbulu je preostalo manje od tri hiljade Grka.
Tri dana posle pada Konstantinopolja sultan Mehmed je naredio da se Aja Sofija pretvori u džamiju. Usledio je novi zločin: dograđen je jedan minaret (kasnije još tri), malterom su prekrivene freske kako hrišćanski sveci ne bi proganjali sultana dok klanja Alahu, u pravcu Meke postavljen je mihrab. On je i na taj način želeo da pokaže sebi i svetu dominaciju muslimana nad hrišćanima. Toga se očigledno nisu oslobodili ni njegovi današnji potomci, uključujući i predsednika Erdogana.
Dan uoči obeležavanja godišnjice pada Konstantinopolja, u subotu, nekoliko hiljada muslimana se okupilo ispred Aja Sofije tražeći da se ona ponovo pretvori u džamiju.
„Pokidajte lance, otvorite kapije Aja Sofije džamije. Bog je veliki”, uzvikivali su okupljeni građani, pripadnici konzervativnog Udruženja omladine Anadolije.
U Istanbulu ima dovoljno bogomolja za klanjanje. Džaba. „Mi u ime stotina hiljada braće tražimo da nam se omogući da klanjamo u Aja Sofiji... Njeno zatvaranje simbolizuje loš tretman Turska na Zapadu”, ističe predsednik Udruženja omladine Anadolije Salih Turhan, preneli su lokalni mediji.
Tako nešto se moglo očekivati. Radikalni islamisti u poslednje vreme primetno dižu glavu, traže da se ispravi ta „istorijska greška”. Mnogi Turci kao da još ne mogu da se oslobode osvajačke logike. Oni smatraju da je Ataturk, koji je Aja Sofiju pretvorio u muzej, u stvari, „izdao simbol islamskog sveta i osvajanja Istanbula”. Veliki reformator je na taj način pokušao da se približi zapadnoj Evropi, koja Turskoj nije mogla da oprosti taj greh. Hrišćani mu zameraju što nije išao do kraja i pretvorio Aja Sofiju u ono što ona jeste, u crkvu. Ataturk se očevidno nije usudio da izaziva zadrigle islamiste, pa se odlučio za kompromis.
Istorija se nemilosrdno poigrala sa Aja Sofijom (Crkva Svete mudrosti). Ona  je izgrađena 537. godine. Više od devet vekova bila je centralno hrišćansko svetilište, a posle pada Konstantinopolja 480 godina je korišćena kao džamija. Ataturk ju je 1934. godine pretvorio u muzej – dakle ni crkva ni džamija. Kako tada tako i sada. Učestali nasrtaji islamista podstiču i hrišćane da traže da se ona ponovo pretvori u ono što jeste – u crkvu.
Konzervativci dižu glavu jer očigledno računaju da će Erdogan pre ili kasnije popustiti pod njihovim pritiscima, pogotovo zato što je on svoju političku karijeru započeo u okrilju fundamentalističke REFAH partije koja je zbog toga zabranjena. Ali, teško je poverovati da će se on danas, na početku 21. veka, usuditi da kao Mehmed Osvajač, pre pet stoleća, ponovo pretvori Aja Sofiju u džamiju, iako ga mnogi optužuju da se ponaša kao sultan.</article-text-transliterated>
	</article>
	<comments>
		<comments-count>36</comments-count>
		<comments-list>
			<comment comment-id="1">
				<comment-parent-id/>
				<comment-text>Ako se dobro secam, slovenski narodi zvali su srednjevekovni Konstantinopolis Carigrad i to se ime zadrzalo sve do modernog doba, tj. do pretvaranja Turske u republiku. O nekom &quot;Konstantinopolju&quot; na srpskom govornom podrucju jos nisam cuo. A sto se tice Aja Sofije, najbolje bi bilo kada bi se u njoj sluzilo i hriscansko i muslimansko bogosluzenje. Odgovaralo bi to i istorijski, i civilizatorski, s obzirom na funkciju koju je imala ova bogomolja najpre u vizantijskom, a zatim u osmanskom dobu. Na zalost, vreme netrpeljivih jos nije za nama pa kako ostaje aktuelna Njegoseva poruka: &quot;Krst i mjesec, ta dva strasna simvola, na groblju je njima carstvo&quot;, bolje je neka Aja Sofija ostane sto je i danas - muzej otvoren svima.</comment-text>
				<comment-text-transliterated>Ako se dobro secam, slovenski narodi zvali su srednjevekovni Konstantinopolis Carigrad i to se ime zadrzalo sve do modernog doba, tj. do pretvaranja Turske u republiku. O nekom &quot;Konstantinopolju&quot; na srpskom govornom podrucju jos nisam cuo. A sto se tice Aja Sofije, najbolje bi bilo kada bi se u njoj sluzilo i hriscansko i muslimansko bogosluzenje. Odgovaralo bi to i istorijski, i civilizatorski, s obzirom na funkciju koju je imala ova bogomolja najpre u vizantijskom, a zatim u osmanskom dobu. Na zalost, vreme netrpeljivih jos nije za nama pa kako ostaje aktuelna Njegoseva poruka: &quot;Krst i mjesec, ta dva strasna simvola, na groblju je njima carstvo&quot;, bolje je neka Aja Sofija ostane sto je i danas - muzej otvoren svima.</comment-text-transliterated>
			</comment>
			<comment comment-id="2">
				<comment-parent-id/>
				<comment-text>I mi hrišćani čekamo pet vekova da nam se crkva Aja Sofija vrati, da možemo  da se molimo Bogu u našoj crkvi! Da nikada više u našu crkvu ne kroči nijedan neznabožac i agresor. Krajnje je vreme, svi pravoslavni treba da se ujedine i da povrate svoje, da Grčka dobije nazad onošto joj je preoteto!</comment-text>
				<comment-text-transliterated>I mi hrišćani čekamo pet vekova da nam se crkva Aja Sofija vrati, da možemo  da se molimo Bogu u našoj crkvi! Da nikada više u našu crkvu ne kroči nijedan neznabožac i agresor. Krajnje je vreme, svi pravoslavni treba da se ujedine i da povrate svoje, da Grčka dobije nazad onošto joj je preoteto!</comment-text-transliterated>
			</comment>
			<comment comment-id="2-1">
				<comment-parent-id>2</comment-parent-id>
				<comment-text>Cela teritorija uz obalu Male Azije, gde se nalazi i Konstantinopolj, pripadala je Grcima, preko dve hiljade godina, dok ih nisu Turci proterali u evropski deo Grčke, kao i Jermene, u vreme prvog svetkog rata. Proučite istoriju. Grcima bi trebalo vratiti imovinu, pravo na povratak, trebalo bi da Grčki bude drugi službeni jezik u Turskoj. I u Vizantiji se govorio grčki jezik.</comment-text>
				<comment-text-transliterated>Cela teritorija uz obalu Male Azije, gde se nalazi i Konstantinopolj, pripadala je Grcima, preko dve hiljade godina, dok ih nisu Turci proterali u evropski deo Grčke, kao i Jermene, u vreme prvog svetkog rata. Proučite istoriju. Grcima bi trebalo vratiti imovinu, pravo na povratak, trebalo bi da Grčki bude drugi službeni jezik u Turskoj. I u Vizantiji se govorio grčki jezik.</comment-text-transliterated>
			</comment>
			<comment comment-id="2-2">
				<comment-parent-id>2</comment-parent-id>
				<comment-text>a zašto grcima? Jesu oni naslednici Romeje?</comment-text>
				<comment-text-transliterated>a zašto grcima? Jesu oni naslednici Romeje?</comment-text-transliterated>
			</comment>
			<comment comment-id="3">
				<comment-parent-id/>
				<comment-text>Мислим да нема друге него да  Путин безобразне Турке сравни са земљом, као што су и Американци толико пута учинили без великог разлога и права. У овом случају Путин и имао сва права да коначно заведе ред и поврати све православне светиње као и да помогне Грцима да се врате коначно на своју територију. Турци су довољно зулума чинили на овом свету а време је и да се агресија ислама сузбије у Европи.</comment-text>
				<comment-text-transliterated>Mislim da nema druge nego da  Putin bezobrazne Turke sravni sa zemljom, kao što su i Amerikanci toliko puta učinili bez velikog razloga i prava. U ovom slučaju Putin i imao sva prava da konačno zavede red i povrati sve pravoslavne svetinje kao i da pomogne Grcima da se vrate konačno na svoju teritoriju. Turci su dovoljno zuluma činili na ovom svetu a vreme je i da se agresija islama suzbije u Evropi.</comment-text-transliterated>
			</comment>
			<comment comment-id="4">
				<comment-parent-id/>
				<comment-text>Ja ne bih ljutio Sultana.Jer iza njega stoji komplet radikalna ekipa, sa pristojnim fantomkama.Puni su kosovarskog sindroma!Bolje je da Aja Sofija bude Dzamija nego  stala???Sultanovi nece odustati!!!</comment-text>
				<comment-text-transliterated>Ja ne bih ljutio Sultana.Jer iza njega stoji komplet radikalna ekipa, sa pristojnim fantomkama.Puni su kosovarskog sindroma!Bolje je da Aja Sofija bude Dzamija nego  stala???Sultanovi nece odustati!!!</comment-text-transliterated>
			</comment>
			<comment comment-id="4-1">
				<comment-parent-id>4</comment-parent-id>
				<comment-text>Ni mi nećemo odustati. Ni ja ne bih na njihovom mestu ljutio Putina!</comment-text>
				<comment-text-transliterated>Ni mi nećemo odustati. Ni ja ne bih na njihovom mestu ljutio Putina!</comment-text-transliterated>
			</comment>
			<comment comment-id="5">
				<comment-parent-id/>
				<comment-text>A ako Jevropa misli da ce se od islamske najezde jopet braniti na Kosovu, samo da ih podsetim da tamo (ludih) Srba vise nema ...</comment-text>
				<comment-text-transliterated>A ako Jevropa misli da ce se od islamske najezde jopet braniti na Kosovu, samo da ih podsetim da tamo (ludih) Srba vise nema ...</comment-text-transliterated>
			</comment>
			<comment comment-id="6">
				<comment-parent-id/>
				<comment-text>Eto kako oni postuju druge religije ( hriscane ) sad zamislite da hriscani njihovu neku dzamiju veliku svetinju na Blakanu i Evropi pretvore u crkvu . Ako zele miri i razumevanje sa nama hriscanima Erdogan treba da vrati Crkvu Aju Sofiju njenom vlasniku pravoslavnim hriscanima da pravoslavni poglavar Vartolomej u njoj posle toliko vekova odrzi liturgiju. Turci..... bili ste u B. Luci  na otvaranje obnovljene dzamije Ferhadije, a Aju Sofiju nedate hriscanima da je obnove  hocete  da vi u njoj  halacete.  E nece to biti dobro i pametno za vas  o......Turci . Mi hriscani moramo napokon da uzmemo u obzir ponasanje muslimana speijalno Turske  i Saudiske Arabije  te da se odnosimo prema njihovoj veri onako kako se oni odnose prema nasoj veri. Treba da se dobro porazmislimo i saberemo i da znamo cemu to vodi , naivni vise nesmemo biti . Sta bi nam tek uradili da su vojno i ekonomski jaci od hriscana. ?</comment-text>
				<comment-text-transliterated>Eto kako oni postuju druge religije ( hriscane ) sad zamislite da hriscani njihovu neku dzamiju veliku svetinju na Blakanu i Evropi pretvore u crkvu . Ako zele miri i razumevanje sa nama hriscanima Erdogan treba da vrati Crkvu Aju Sofiju njenom vlasniku pravoslavnim hriscanima da pravoslavni poglavar Vartolomej u njoj posle toliko vekova odrzi liturgiju. Turci..... bili ste u B. Luci  na otvaranje obnovljene dzamije Ferhadije, a Aju Sofiju nedate hriscanima da je obnove  hocete  da vi u njoj  halacete.  E nece to biti dobro i pametno za vas  o......Turci . Mi hriscani moramo napokon da uzmemo u obzir ponasanje muslimana speijalno Turske  i Saudiske Arabije  te da se odnosimo prema njihovoj veri onako kako se oni odnose prema nasoj veri. Treba da se dobro porazmislimo i saberemo i da znamo cemu to vodi , naivni vise nesmemo biti . Sta bi nam tek uradili da su vojno i ekonomski jaci od hriscana. ?</comment-text-transliterated>
			</comment>
			<comment comment-id="7">
				<comment-parent-id/>
				<comment-text>A što ne bude petkom džamija, nedeljom crkva, a ostalim danima muzej? Čemu stalno trvenje?</comment-text>
				<comment-text-transliterated>A što ne bude petkom džamija, nedeljom crkva, a ostalim danima muzej? Čemu stalno trvenje?</comment-text-transliterated>
			</comment>
			<comment comment-id="7-1">
				<comment-parent-id>7</comment-parent-id>
				<comment-text>Dajte vi svoju kuću drugima na korišćenje, pa neka bude petkom javna kuća, nedeljom muzej, a ostalim danima kafana.</comment-text>
				<comment-text-transliterated>Dajte vi svoju kuću drugima na korišćenje, pa neka bude petkom javna kuća, nedeljom muzej, a ostalim danima kafana.</comment-text-transliterated>
			</comment>
			<comment comment-id="7-2">
				<comment-parent-id>7</comment-parent-id>
				<comment-text>S obzirom da je Aja Sofija jedna od najstarijih hrišćanskih crkava, nema nikakvog razloga da ona bude korišćena kao džamija. Turci su podigli dovoljno džamija, problem je što hrišćanske crkve ne mogu da nomalno opstanu osim kao muzeji i da budu korišćene shodno svojoj nameni. Ne mogu se mešati isti prostori za bilo koju namenu, bez osećaja šta čemu pripada.  Sramota je da muslimani po celoj Evropi zahtevaju da im se podižu džamije, a u Turskoj ne mogu tu jednu crkvu da vrate hrišćanima. Nema nikakvog reciprociteta ni poštovanja, i žalosno je da Evropljani sami nisu u stanju da štite svoju kulturu i pravo na postojanje.</comment-text>
				<comment-text-transliterated>S obzirom da je Aja Sofija jedna od najstarijih hrišćanskih crkava, nema nikakvog razloga da ona bude korišćena kao džamija. Turci su podigli dovoljno džamija, problem je što hrišćanske crkve ne mogu da nomalno opstanu osim kao muzeji i da budu korišćene shodno svojoj nameni. Ne mogu se mešati isti prostori za bilo koju namenu, bez osećaja šta čemu pripada.  Sramota je da muslimani po celoj Evropi zahtevaju da im se podižu džamije, a u Turskoj ne mogu tu jednu crkvu da vrate hrišćanima. Nema nikakvog reciprociteta ni poštovanja, i žalosno je da Evropljani sami nisu u stanju da štite svoju kulturu i pravo na postojanje.</comment-text-transliterated>
			</comment>
			<comment comment-id="7-3">
				<comment-parent-id>7</comment-parent-id>
				<comment-text>Zato sto se sve 3 religije/Muhamedanska,Jevrejska,Hriscanska/,loze na kraj sveta i dolazak Mesije.Pa se trude pred Bogom da budu sto ludji.</comment-text>
				<comment-text-transliterated>Zato sto se sve 3 religije/Muhamedanska,Jevrejska,Hriscanska/,loze na kraj sveta i dolazak Mesije.Pa se trude pred Bogom da budu sto ludji.</comment-text-transliterated>
			</comment>
			<comment comment-id="7-4">
				<comment-parent-id>7</comment-parent-id>
				<comment-text>Nisu svi pametni kao ti. Svi hoće da onih drugih nestane. I rade na tome. Prijateljstvo je obična iluzija. Videli smo mi to devedesetih. Ćeraćemo se još, nema od pomirenja ništa.</comment-text>
				<comment-text-transliterated>Nisu svi pametni kao ti. Svi hoće da onih drugih nestane. I rade na tome. Prijateljstvo je obična iluzija. Videli smo mi to devedesetih. Ćeraćemo se još, nema od pomirenja ništa.</comment-text-transliterated>
			</comment>
			<comment comment-id="8">
				<comment-parent-id/>
				<comment-text>Морају да славе не знају још колико ће дуго моћи на европској страни да бораве !</comment-text>
				<comment-text-transliterated>Moraju da slave ne znaju još koliko će dugo moći na evropskoj strani da borave !</comment-text-transliterated>
			</comment>
			<comment comment-id="9">
				<comment-parent-id/>
				<comment-text>šta kažu: &quot;islam religija mira&quot;  a crkve pretvaraju u džamije, na ruševinama solomonovog hrama sazidali džamiju al aksa itd.</comment-text>
				<comment-text-transliterated>šta kažu: &quot;islam religija mira&quot;  a crkve pretvaraju u džamije, na ruševinama solomonovog hrama sazidali džamiju al aksa itd.</comment-text-transliterated>
			</comment>
			<comment comment-id="10">
				<comment-parent-id/>
				<comment-text>Hriscanski svet polako ali sigurno gubi svoje tekovine usled sve veceg broja muslimana u evropi.Niko nama hriscanima nije kriv sto veru stavljamo u drugi plan.Kod muslimana je ona na prvom mestu.</comment-text>
				<comment-text-transliterated>Hriscanski svet polako ali sigurno gubi svoje tekovine usled sve veceg broja muslimana u evropi.Niko nama hriscanima nije kriv sto veru stavljamo u drugi plan.Kod muslimana je ona na prvom mestu.</comment-text-transliterated>
			</comment>
			<comment comment-id="10-1">
				<comment-parent-id>10</comment-parent-id>
				<comment-text>Који хришћански свет? Зар сматрате да је тај свет јединствен после покоља 20. века? Од око 3000 католичких свештеника на простору данашње Босне и Хрватске је 1340 означено доказима, именима и презименима да су убице Срба за време НДХ у 2. светском рату, а сумња се да је број око 2/3. Савршено је свеједно ко у шта тврди да верује ако служи врагу.</comment-text>
				<comment-text-transliterated>Koji hrišćanski svet? Zar smatrate da je taj svet jedinstven posle pokolja 20. veka? Od oko 3000 katoličkih sveštenika na prostoru današnje Bosne i Hrvatske je 1340 označeno dokazima, imenima i prezimenima da su ubice Srba za vreme NDH u 2. svetskom ratu, a sumnja se da je broj oko 2/3. Savršeno je svejedno ko u šta tvrdi da veruje ako služi vragu.</comment-text-transliterated>
			</comment>
			<comment comment-id="10-2">
				<comment-parent-id>10</comment-parent-id>
				<comment-text>To je manji problem. A veći je da je natalitet praktično na poslednjem mestu a  poigravanje sa reprodukcijom na prvom. I tamo gde su prihodi oko 2000 eura i tamo gde su jedva 300. Kina je ateistička država pa niko ne sme ni popreko da je pogleda. Ne treba njima Bog da ih brani, mogu oni to vrlo dobro i sami. Jao onom koga je Bog do sada branio... Jači tlači. Bilo i ostaće. Kineza ima kao žutih mrava, i do zuba su naoružani. Evropa je pak sve starija i paradoksalno sve dekadentnija. Nisam optimista.</comment-text>
				<comment-text-transliterated>To je manji problem. A veći je da je natalitet praktično na poslednjem mestu a  poigravanje sa reprodukcijom na prvom. I tamo gde su prihodi oko 2000 eura i tamo gde su jedva 300. Kina je ateistička država pa niko ne sme ni popreko da je pogleda. Ne treba njima Bog da ih brani, mogu oni to vrlo dobro i sami. Jao onom koga je Bog do sada branio... Jači tlači. Bilo i ostaće. Kineza ima kao žutih mrava, i do zuba su naoružani. Evropa je pak sve starija i paradoksalno sve dekadentnija. Nisam optimista.</comment-text-transliterated>
			</comment>
			<comment comment-id="10-3">
				<comment-parent-id>10</comment-parent-id>
				<comment-text>Da, kod RADIKALNIH muslimana koji dominiraju muslimanskim svijetom je vjera na prvom mjestu. Zato ih odlikuju bijeda, neimastina, neukost, nazadnost, ratovi, ubijanje djece i zena po obicajima iz &quot;svete knjige&quot;, terorizam, pljuvanj po drugima. Zato i stoje i pokusavaju da otmu vavilonsku crkvu umjesto da demonstriraju protiv politickog i socijalnog stanja naroda u Turskoj. Hriscanski svijet, barem na Zapadu, je vjeru odvojio od drzave i nauke i stavio je u drugi plan bas kao sto se radi sa praznovjerjem i mitovima iz Bronzanog doba. Sta odlikuje Zapad? Napredak, prava gradjana, moderna medicina, tehnologija, sloboda misli i govora, borba za jednakost u svim sferama zivota, jako pravosudje...  Sad, ti ne moras da se brines. Srbija danas lici vise na Pakistan po napretku i poziciji religije u drustvu nego na Srbiju iz 1920. godine kada smo cijenili deomkratiju i napredak u drustvu.</comment-text>
				<comment-text-transliterated>Da, kod RADIKALNIH muslimana koji dominiraju muslimanskim svijetom je vjera na prvom mjestu. Zato ih odlikuju bijeda, neimastina, neukost, nazadnost, ratovi, ubijanje djece i zena po obicajima iz &quot;svete knjige&quot;, terorizam, pljuvanj po drugima. Zato i stoje i pokusavaju da otmu vavilonsku crkvu umjesto da demonstriraju protiv politickog i socijalnog stanja naroda u Turskoj. Hriscanski svijet, barem na Zapadu, je vjeru odvojio od drzave i nauke i stavio je u drugi plan bas kao sto se radi sa praznovjerjem i mitovima iz Bronzanog doba. Sta odlikuje Zapad? Napredak, prava gradjana, moderna medicina, tehnologija, sloboda misli i govora, borba za jednakost u svim sferama zivota, jako pravosudje...  Sad, ti ne moras da se brines. Srbija danas lici vise na Pakistan po napretku i poziciji religije u drustvu nego na Srbiju iz 1920. godine kada smo cijenili deomkratiju i napredak u drustvu.</comment-text-transliterated>
			</comment>
			<comment comment-id="11">
				<comment-parent-id/>
				<comment-text>Катарина Крстић је у праву. Боље је користити назив Црква Свете Мудрости или Света Софија, православна патријаршка црква,  никако &quot;Аја Софија&quot;. Ова Црква из 6. вијека претворена је у музеј (други или трећи најпосјећенији у том граду, јер нису могли да униште фреске. Оне су упркос малтеру, избијале.  Чудан захтјев од турских вјерника. Да се клањају у туђој светињи!</comment-text>
				<comment-text-transliterated>Katarina Krstić je u pravu. Bolje je koristiti naziv Crkva Svete Mudrosti ili Sveta Sofija, pravoslavna patrijarška crkva,  nikako &quot;Aja Sofija&quot;. Ova Crkva iz 6. vijeka pretvorena je u muzej (drugi ili treći najposjećeniji u tom gradu, jer nisu mogli da unište freske. One su uprkos malteru, izbijale.  Čudan zahtjev od turskih vjernika. Da se klanjaju u tuđoj svetinji!</comment-text-transliterated>
			</comment>
			<comment comment-id="11-1">
				<comment-parent-id>11</comment-parent-id>
				<comment-text>A Kada to nisu pretvarali ? Od 16 vijeka su sve dzamije  pravougaone ,slučajnost? nebi rekao</comment-text>
				<comment-text-transliterated>A Kada to nisu pretvarali ? Od 16 vijeka su sve dzamije  pravougaone ,slučajnost? nebi rekao</comment-text-transliterated>
			</comment>
			<comment comment-id="12">
				<comment-parent-id/>
				<comment-text>Црква Свете Софије је окупирана и оскрнављена одавно, поновно претварање у џамију је удар на све православне вернике и изазивање Грка.</comment-text>
				<comment-text-transliterated>Crkva Svete Sofije je okupirana i oskrnavljena odavno, ponovno pretvaranje u džamiju je udar na sve pravoslavne vernike i izazivanje Grka.</comment-text-transliterated>
			</comment>
			<comment comment-id="13">
				<comment-parent-id/>
				<comment-text>Pred zaključenje Sanstefanskog mira ruska vojska je bila na domak Konstantinopolja. Ruski car je nakon strašnih zločina nad bugarima od strane otomanskih vladara pozvao evropske sile da zajedno kazne otomansku imperiju za počinjene zločine. Niko nije prihvatio poziv pa je Rusija sama krenula da oslobodi deo balkanskog poluostrva i osmanlije protera preko Bosfora te tako oslobodi i najveću hrišćansku svetinju &quot;Svetu Sofiju&quot;. Kada su bili na domaku cilja evropske zemlje a pre svih Engleska zapretili su Rusiji da će se stavit na stranu otomanske imperije ukoliko Rusija ne zaustavi napredovanje i ne potpiše mirovni sporazum sa turcima. Zato danas imamo evropsku tursku koja će i ubuduće uticati na mir u EU. Engleska je uvek bila neprijatelj evrope i boga molim da se na referendumu izjasne na izlazak iz unije, ali se bojim da će pod pritiskom Amerike ostati u EU kao bi zajedno kontrolisali nemce i francuze i huškali ih protiv Rusije.</comment-text>
				<comment-text-transliterated>Pred zaključenje Sanstefanskog mira ruska vojska je bila na domak Konstantinopolja. Ruski car je nakon strašnih zločina nad bugarima od strane otomanskih vladara pozvao evropske sile da zajedno kazne otomansku imperiju za počinjene zločine. Niko nije prihvatio poziv pa je Rusija sama krenula da oslobodi deo balkanskog poluostrva i osmanlije protera preko Bosfora te tako oslobodi i najveću hrišćansku svetinju &quot;Svetu Sofiju&quot;. Kada su bili na domaku cilja evropske zemlje a pre svih Engleska zapretili su Rusiji da će se stavit na stranu otomanske imperije ukoliko Rusija ne zaustavi napredovanje i ne potpiše mirovni sporazum sa turcima. Zato danas imamo evropsku tursku koja će i ubuduće uticati na mir u EU. Engleska je uvek bila neprijatelj evrope i boga molim da se na referendumu izjasne na izlazak iz unije, ali se bojim da će pod pritiskom Amerike ostati u EU kao bi zajedno kontrolisali nemce i francuze i huškali ih protiv Rusije.</comment-text-transliterated>
			</comment>
			<comment comment-id="14">
				<comment-parent-id/>
				<comment-text>''Њено затварање симболизује лош третман Турска на Западу”, а то што је црква претворена у џамију не симболизује лош третман хришћана на Истоку?! Муслимани хоће права у Европи, док хришћани на Истоку морају да поштују сва њихова правила?! Па ово стварно нема више смисла!</comment-text>
				<comment-text-transliterated>''Njeno zatvaranje simbolizuje loš tretman Turska na Zapadu”, a to što je crkva pretvorena u džamiju ne simbolizuje loš tretman hrišćana na Istoku?! Muslimani hoće prava u Evropi, dok hrišćani na Istoku moraju da poštuju sva njihova pravila?! Pa ovo stvarno nema više smisla!</comment-text-transliterated>
			</comment>
			<comment comment-id="15">
				<comment-parent-id/>
				<comment-text>За Цркву Свете Софије бисте много више учинили да је не називате туркијским именом аја, него барем онако како се на грчком зове Хагиа Софија. Али, ето, добар нам је окупациони Балкан, и поред српског  Хума (или грчког Хелма), још ближи окупациони турски Санџак, од два миленијама старе српске Рашке, некаква &quot;прешевска долина&quot;, а долине имају само реке, док су градови у котлинама, иначе, тај део југоистичне (никако јужне) Србије је Пчињска долина и Врањска котлина... српски Босиљград и даље називате умешаним босилеградом, а Цариброд по имену неког немачко-комнтерновског агента Димитрова... Хагиа Софија два миленијума и заувек, а окупационе џамије за времена.</comment-text>
				<comment-text-transliterated>Za Crkvu Svete Sofije biste mnogo više učinili da je ne nazivate turkijskim imenom aja, nego barem onako kako se na grčkom zove Hagia Sofija. Ali, eto, dobar nam je okupacioni Balkan, i pored srpskog  Huma (ili grčkog Helma), još bliži okupacioni turski Sandžak, od dva milenijama stare srpske Raške, nekakva &quot;preševska dolina&quot;, a doline imaju samo reke, dok su gradovi u kotlinama, inače, taj deo jugoistične (nikako južne) Srbije je Pčinjska dolina i Vranjska kotlina... srpski Bosiljgrad i dalje nazivate umešanim bosilegradom, a Caribrod po imenu nekog nemačko-komnternovskog agenta Dimitrova... Hagia Sofija dva milenijuma i zauvek, a okupacione džamije za vremena.</comment-text-transliterated>
			</comment>
			<comment comment-id="15-1">
				<comment-parent-id>15</comment-parent-id>
				<comment-text>Цариград уместо Истамбул, Соли уместо Тузла, београдска тврђава уместо Калемегдан, Беле цркве уместо Куршумлија... Али то за Србе није &quot;комифо&quot;.</comment-text>
				<comment-text-transliterated>Carigrad umesto Istambul, Soli umesto Tuzla, beogradska tvrđava umesto Kalemegdan, Bele crkve umesto Kuršumlija... Ali to za Srbe nije &quot;komifo&quot;.</comment-text-transliterated>
			</comment>
			<comment comment-id="15-2">
				<comment-parent-id>15</comment-parent-id>
				<comment-text>На грчком се Хагиа-Αγιά (Agia) чита односно изговара као Аја и значи ''света'', тако да Аја Софија није грешка.</comment-text>
				<comment-text-transliterated>Na grčkom se Hagia-Αγιά (Agia) čita odnosno izgovara kao Aja i znači ''sveta'', tako da Aja Sofija nije greška.</comment-text-transliterated>
			</comment>
			<comment comment-id="16">
				<comment-parent-id/>
				<comment-text>Варваризам! Каква се порука шаље прославом „годишњице“ којом се поносито слави крваво ширење Отоманске империје, те се дозвољава радикалним исламистима да злоупотребљавају Бога и Ислам позивајући на верско насиље, мржњу и нетрепељивост?</comment-text>
				<comment-text-transliterated>Varvarizam! Kakva se poruka šalje proslavom „godišnjice“ kojom se ponosito slavi krvavo širenje Otomanske imperije, te se dozvoljava radikalnim islamistima da zloupotrebljavaju Boga i Islam pozivajući na versko nasilje, mržnju i netrepeljivost?</comment-text-transliterated>
			</comment>
			<comment comment-id="17">
				<comment-parent-id/>
				<comment-text>Nedavno je u Banja Luci pompezno proslavljeno obnavljanje dzamije &quot;Ferhadija&quot;,porusene u gradjanskom ratu u BiH 90-tih.Naravno da dzamiju nije trebalo rusiti i da je dobro sto je obnovljena.Ali isto tako treba skrenuti paznju na prisistvo bivseg turskog premijera(Davutoglu) i ne bas prijateljskih poruka u njegovom govoru(U stilu &quot;neoosmanizma&quot; i sl)&gt;E sad kakve to veze ima sa AJA SOFIJOM?Ima i te kakve!Svima je poznato kome je pripadala ta crkva,pre oskrnavljenja od strane osmanlija.Zar najnormalnije ne bi bilo da se ta crkva vrati Pravoslavnim hriscanima,koji su je sagradili i cija ona zapravo i jeste.ISTI PRINCIP za Aja Sofiju kao i za Ferhadiju!Svet,a posebno Balkan,bi bio mnogo lepse mesto za zivot da postoji principijelnost &quot;svetskih mocnika&quot; i da se ista pravila primenjuju za sve.Ali ne,ono sto vazi za jedne za druge ne vazi po ceifu neformalnih &quot;vladara sveta&quot;:Kosovo otimaju Srbiji ,a Republiku Srpsku hoce da utope u BiH!?Pa stvarno!!!</comment-text>
				<comment-text-transliterated>Nedavno je u Banja Luci pompezno proslavljeno obnavljanje dzamije &quot;Ferhadija&quot;,porusene u gradjanskom ratu u BiH 90-tih.Naravno da dzamiju nije trebalo rusiti i da je dobro sto je obnovljena.Ali isto tako treba skrenuti paznju na prisistvo bivseg turskog premijera(Davutoglu) i ne bas prijateljskih poruka u njegovom govoru(U stilu &quot;neoosmanizma&quot; i sl)&gt;E sad kakve to veze ima sa AJA SOFIJOM?Ima i te kakve!Svima je poznato kome je pripadala ta crkva,pre oskrnavljenja od strane osmanlija.Zar najnormalnije ne bi bilo da se ta crkva vrati Pravoslavnim hriscanima,koji su je sagradili i cija ona zapravo i jeste.ISTI PRINCIP za Aja Sofiju kao i za Ferhadiju!Svet,a posebno Balkan,bi bio mnogo lepse mesto za zivot da postoji principijelnost &quot;svetskih mocnika&quot; i da se ista pravila primenjuju za sve.Ali ne,ono sto vazi za jedne za druge ne vazi po ceifu neformalnih &quot;vladara sveta&quot;:Kosovo otimaju Srbiji ,a Republiku Srpsku hoce da utope u BiH!?Pa stvarno!!!</comment-text-transliterated>
			</comment>
			<comment comment-id="17-1">
				<comment-parent-id>17</comment-parent-id>
				<comment-text>mislim da preterujete brate u nekim komentarima pre svega propagirate mrznju muslimana prema hriscanima pa ako je tako zasto  osmanlije nisu srusile sve srpske verske obekte..imali su priliku..ali nisu srusili ni jedan verski obekat ..znate treba biti posten i realan i reci da je nekad u beogradu bilo 36 dzamija a sad jedna  u sapcu 16 a sad nijedna cacak 24  sad nijedna..prema tome nemojmo graditi mit o turcima kao ljudozderima a sebe pravdati.ako su oni bili toliko losi kako su preziveli hriscanski narodi pod njihovom okupacijom..</comment-text>
				<comment-text-transliterated>mislim da preterujete brate u nekim komentarima pre svega propagirate mrznju muslimana prema hriscanima pa ako je tako zasto  osmanlije nisu srusile sve srpske verske obekte..imali su priliku..ali nisu srusili ni jedan verski obekat ..znate treba biti posten i realan i reci da je nekad u beogradu bilo 36 dzamija a sad jedna  u sapcu 16 a sad nijedna cacak 24  sad nijedna..prema tome nemojmo graditi mit o turcima kao ljudozderima a sebe pravdati.ako su oni bili toliko losi kako su preziveli hriscanski narodi pod njihovom okupacijom..</comment-text-transliterated>
			</comment>
			<comment comment-id="17-2">
				<comment-parent-id>17</comment-parent-id>
				<comment-text>Analogija nije dobra: ne može da se vrati hrišćanima jer ih u Turskoj više nema - nad njima je izvršen genocid  (Jermeni), ili su proterani (Grci).</comment-text>
				<comment-text-transliterated>Analogija nije dobra: ne može da se vrati hrišćanima jer ih u Turskoj više nema - nad njima je izvršen genocid  (Jermeni), ili su proterani (Grci).</comment-text-transliterated>
			</comment>
			<comment comment-id="18">
				<comment-parent-id/>
				<comment-text>Моћ новца.  Исламски свет који је зарадио велики новац продајом нафте за тај новац потплаћује и западне политичаре и разне институције да воде  политику какву воде.</comment-text>
				<comment-text-transliterated>Moć novca.  Islamski svet koji je zaradio veliki novac prodajom nafte za taj novac potplaćuje i zapadne političare i razne institucije da vode  politiku kakvu vode.</comment-text-transliterated>
			</comment>
			<comment comment-id="19">
				<comment-parent-id/>
				<comment-text>To je amerocka oskocna daska za islamise da opet osvoje evropu, posto ce  Kosovo biti opet istorijsko zaustavljanje islam na evropu, posle toga evropa ce se odrediti kao podanik americkih zlomisljenika i zlotvora, pa potom ce srbi opet biti genocidna tvorevina, e, pa srb opet u zagrljaj svojoj prpoasti.</comment-text>
				<comment-text-transliterated>To je amerocka oskocna daska za islamise da opet osvoje evropu, posto ce  Kosovo biti opet istorijsko zaustavljanje islam na evropu, posle toga evropa ce se odrediti kao podanik americkih zlomisljenika i zlotvora, pa potom ce srbi opet biti genocidna tvorevina, e, pa srb opet u zagrljaj svojoj prpoasti.</comment-text-transliterated>
			</comment>
			<comment comment-id="20">
				<comment-parent-id/>
				<comment-text>Слављење поробљавања и уништавања једне цивилизације?? Могли би и да Амери почну да славе почетак геноцида над домороцима.</comment-text>
				<comment-text-transliterated>Slavljenje porobljavanja i uništavanja jedne civilizacije?? Mogli bi i da Ameri počnu da slave početak genocida nad domorocima.</comment-text-transliterated>
			</comment>
			<comment comment-id="20-1">
				<comment-parent-id>20</comment-parent-id>
				<comment-text>na minaretima Aja Sofije vec stoje one zvucnici, tako kad krene zavijanje iz okolnih dzamija zvuk se cuje i sa nje, kao da se sluzba vrsi u njoj. inace, svako ko je barem jednom bio u Konstantinopolju zna koliko tamo ima dzamija, i da jedna vise nece ciniti nista bitno, pogotovo sto je vise njih ogromnih, smesteno u neposrednoj blizini pomenutog &quot;muzeja&quot;. a sto se tice preostalih crkava u gradu, moram reci da neke danas sluze kao magacin okolnim prodavcima svega i svacega, a mi ovde se spremamo da im izgradimo jednu povecu na gradskoj obali Save, valjda kao znak lojalnosti nasega vodje prema svojim pravim korenima, tvrde zlobnici.</comment-text>
				<comment-text-transliterated>na minaretima Aja Sofije vec stoje one zvucnici, tako kad krene zavijanje iz okolnih dzamija zvuk se cuje i sa nje, kao da se sluzba vrsi u njoj. inace, svako ko je barem jednom bio u Konstantinopolju zna koliko tamo ima dzamija, i da jedna vise nece ciniti nista bitno, pogotovo sto je vise njih ogromnih, smesteno u neposrednoj blizini pomenutog &quot;muzeja&quot;. a sto se tice preostalih crkava u gradu, moram reci da neke danas sluze kao magacin okolnim prodavcima svega i svacega, a mi ovde se spremamo da im izgradimo jednu povecu na gradskoj obali Save, valjda kao znak lojalnosti nasega vodje prema svojim pravim korenima, tvrde zlobnici.</comment-text-transliterated>
			</comment>
		</comments-list>
	</comments>
</document>
