<document global-id="sr-01-1279"><url>http://www.politika.rs/scc/clanak/339615/%D0%9B%D0%B5%D0%BA%D1%81%D0%B8%D0%BA%D0%BE%D0%B3%D1%80%D0%B0%D1%84%D0%B8-%D1%81%D1%82%D0%B8%D0%B3%D0%BB%D0%B8-%D0%B4%D0%BE-%D0%BF%D0%B5%D1%82%D0%BE%D0%B3%D0%BB%D0%B0%D1%81%D0%BD%D0%B8%D0%BA%D0%B0</url><source-id>sr-01</source-id><local-id>sr-01-1279</local-id><source-name>Politika</source-name><article><article-title>Лексикографи стигли  до „петогласника”</article-title><article-title-transliterated>Leksikografi stigli  do „petoglasnika”</article-title-transliterated><article_time>2015-09-29</article_time><article-author>Z. Radisavljević</article-author><article-text>
„Постоји само једна књига коју стварају сви Срби. Настаје увек и свуда, где се год српска реч изговара и слуша. То је најобимнија, најпотребнија и најбоља српска књига. Њени су творитељи и они који не умеју да читају. Без ње не могу ни они који је не отварају. Већина нашег света за њу није ни чула, а свако часно њене делове казује. У њој се сабирају векови, територије, књиге из свих области науке и уметности, књижевност, имена и презимена, дијалекти, наречја, акценти и значења свих врста речи. У њој су азбучним редом наговештена сведочанства о свему што Срби смишљају, записују и говоре, о свему што су тако радили у ранијим временима. У њој су основни знакови народног умећа, трајања, посебности, наслеђивања и свега што може да стане под реч идентитет, под такав заклон и сигурно место. Она извире из сваког српског гласа, а заправо је невидљив океан чије су капи изговорене речи.”
Овим речима Миро Вуксановић, дописни члан САНУ и уредник Трибине Библиотеке САНУ, отворио је скуп на којем је представљен деветнаести том „Речника српскохрватског књижевног и народног језика” (Оцат – петогласник). О последњем тому овог капиталног пројекта говорили су дописни члан САНУ Горан Петровић, проф. др Рајна Драгићевић и проф. др Милорад Дешић. Речник књижевног и народног језика састављају лексикографи Института за српски језик, а објављује га САНУ.
Речник књижевног и народног језика Мирио Вуксановић назива – Великом књигом свих Срба. Настаје и расте као чиста савест. Пише се дуго и многоручно. Без престајања се обнавља и зато не може бити завршена. У њој се пописују, тумаче и одабраним примерима чине јасним реч по реч, с устаљеним изрекама које су постале, ко зна кад, незамењива помоћ мислима, говорењу и разумевању. Лексикографи кажу да ће та велика књига покупити око пет стотина хиљада речи. Аналитичари тврде да свакодневно користимо само хиљадити део.
У поетском тексту, Горан Петровић је написао: „Речници су све. Сведена историја. Распричана математика. Веома подробна, веома дугачка формула. И свежањ су трнаца и Теслина кугла. Имплозија и експлозија. Речници су спојени судови народа. Море, пучина у мензури. Еталон еталона. Боље укоричена партитура. Палета. Речи су чекићи и длета. Ножићи за дуборез. Одабрани каменчићи за мозаик и мноштво каменолома које су ваљајући векови заоблили у белутке. Речници су столетна паучина, коса везана у плетенице, навоштен конац за свеће упреден у бродску ужад... Речници су наша брвна и лучни мостови.”
Речници су, додаје Петровић, и написан и још ненаписан стих. И заборављена народна приповетка. И модеран роман у расутом стању. И укупна библиотека једног језика. И део укупне библиотеке човечанства. Они су и то човечанство које, наука каже, има орбиту, али шире гледано – честица је што космосом лута. Речници су све. Зато што никада нису довршени. А опет, увек су подухват вредан дивљења. Јер, језик је жив. Десетине хиљада је то врхунаца, заметака, благословених стања, оних радосних часака када плод оживи, болних трудова, порођаја, срцања, призивања... Речници су, као у овом случају, и оцат и петогласник. А оцат је, између осталог, анестетик. Осуђеницима, па и разапетом Христу, нуђен на сунђеру набоденом на копље, не би ли сквасио усне, уста. Дочим је петогласник богослужбена, литургијска књига. 
Кад год изађе из штампе нови том Речника САНУ, истиче Рајна Драгићевић, мешају се задовољство и олакшање, јер тиме долази на место још један комадић тог сложеног мозаика који је почео да се слаже пре 127 година, дакле, још 1888. године, када је академик Стојан Новаковић рекао: „Иоле књижеван читалац знаће, како се већ са самом Академијом, са самим тако рећи њеним именом спаја мисао о обради језика, о речнику, о уздигнућу језика на виши научни и књижевни значај.” У састављање тог мозаика који расте готово од оснивања САНУ и заједно са њом преживљава добре и лоше историјске тренутке, уложено је много научне и стручне енергије генерацијâ прегалаца. И зато са радошћу и олакшањем (или бар са умањеном грижом савести и тескобом) гледамо на сваки нови том, јер је он доказ да досадашњи труд није био узалудан и да ће се до коначног циља, ипак, верујемо, стићи.
А докле се, у ствари, стигло објављивањем деветнаестог тома Речника? Деветнаестим томом завршена је обрада речи које почињу на слово О и започета обрада лексике на слово П. Обрађено је 1.530 речи на О (од оцат до ошчуро) и 9.981 одредница на слово П (од п до петогласник). Зашло се, дакле, у обраду огромне породице речи која започиње словом П. Највећи број листића, као и одредница, има слово П, што значи да ће речи на ово слово заузети највећи број томова. Претпоставља се да ће оне обухватити пет до осам томова, јер за њихову обраду постоји укупно сто шездесет пет кутија, а у свакој од њих 4.000 до 4.500 листића.
Своје излагање Рајна Драгићевић је завршила речима своје професорке Даринке Гортан Премк, активног лексикографа са најдужим стажом: „Лексикографи од заната, или боље – генерације лексикографа од заната, остваривали су овај циљ, а лексикографа је мало, и увек их је било мало. И материјалних средстава је мало, и увек их је било мало... Али лексикографија се не сме урушити.”
 
</article-text><article-text-transliterated>
„Postoji samo jedna knjiga koju stvaraju svi Srbi. Nastaje uvek i svuda, gde se god srpska reč izgovara i sluša. To je najobimnija, najpotrebnija i najbolja srpska knjiga. Njeni su tvoritelji i oni koji ne umeju da čitaju. Bez nje ne mogu ni oni koji je ne otvaraju. Većina našeg sveta za nju nije ni čula, a svako časno njene delove kazuje. U njoj se sabiraju vekovi, teritorije, knjige iz svih oblasti nauke i umetnosti, književnost, imena i prezimena, dijalekti, narečja, akcenti i značenja svih vrsta reči. U njoj su azbučnim redom nagoveštena svedočanstva o svemu što Srbi smišljaju, zapisuju i govore, o svemu što su tako radili u ranijim vremenima. U njoj su osnovni znakovi narodnog umeća, trajanja, posebnosti, nasleđivanja i svega što može da stane pod reč identitet, pod takav zaklon i sigurno mesto. Ona izvire iz svakog srpskog glasa, a zapravo je nevidljiv okean čije su kapi izgovorene reči.”
Ovim rečima Miro Vuksanović, dopisni član SANU i urednik Tribine Biblioteke SANU, otvorio je skup na kojem je predstavljen devetnaesti tom „Rečnika srpskohrvatskog književnog i narodnog jezika” (Ocat – petoglasnik). O poslednjem tomu ovog kapitalnog projekta govorili su dopisni član SANU Goran Petrović, prof. dr Rajna Dragićević i prof. dr Milorad Dešić. Rečnik književnog i narodnog jezika sastavljaju leksikografi Instituta za srpski jezik, a objavljuje ga SANU.
Rečnik književnog i narodnog jezika Mirio Vuksanović naziva – Velikom knjigom svih Srba. Nastaje i raste kao čista savest. Piše se dugo i mnogoručno. Bez prestajanja se obnavlja i zato ne može biti završena. U njoj se popisuju, tumače i odabranim primerima čine jasnim reč po reč, s ustaljenim izrekama koje su postale, ko zna kad, nezamenjiva pomoć mislima, govorenju i razumevanju. Leksikografi kažu da će ta velika knjiga pokupiti oko pet stotina hiljada reči. Analitičari tvrde da svakodnevno koristimo samo hiljaditi deo.
U poetskom tekstu, Goran Petrović je napisao: „Rečnici su sve. Svedena istorija. Raspričana matematika. Veoma podrobna, veoma dugačka formula. I svežanj su trnaca i Teslina kugla. Implozija i eksplozija. Rečnici su spojeni sudovi naroda. More, pučina u menzuri. Etalon etalona. Bolje ukoričena partitura. Paleta. Reči su čekići i dleta. Nožići za duborez. Odabrani kamenčići za mozaik i mnoštvo kamenoloma koje su valjajući vekovi zaoblili u belutke. Rečnici su stoletna paučina, kosa vezana u pletenice, navošten konac za sveće upreden u brodsku užad... Rečnici su naša brvna i lučni mostovi.”
Rečnici su, dodaje Petrović, i napisan i još nenapisan stih. I zaboravljena narodna pripovetka. I moderan roman u rasutom stanju. I ukupna biblioteka jednog jezika. I deo ukupne biblioteke čovečanstva. Oni su i to čovečanstvo koje, nauka kaže, ima orbitu, ali šire gledano – čestica je što kosmosom luta. Rečnici su sve. Zato što nikada nisu dovršeni. A opet, uvek su poduhvat vredan divljenja. Jer, jezik je živ. Desetine hiljada je to vrhunaca, zametaka, blagoslovenih stanja, onih radosnih časaka kada plod oživi, bolnih trudova, porođaja, srcanja, prizivanja... Rečnici su, kao u ovom slučaju, i ocat i petoglasnik. A ocat je, između ostalog, anestetik. Osuđenicima, pa i razapetom Hristu, nuđen na sunđeru nabodenom na koplje, ne bi li skvasio usne, usta. Dočim je petoglasnik bogoslužbena, liturgijska knjiga. 
Kad god izađe iz štampe novi tom Rečnika SANU, ističe Rajna Dragićević, mešaju se zadovoljstvo i olakšanje, jer time dolazi na mesto još jedan komadić tog složenog mozaika koji je počeo da se slaže pre 127 godina, dakle, još 1888. godine, kada je akademik Stojan Novaković rekao: „Iole književan čitalac znaće, kako se već sa samom Akademijom, sa samim tako reći njenim imenom spaja misao o obradi jezika, o rečniku, o uzdignuću jezika na viši naučni i književni značaj.” U sastavljanje tog mozaika koji raste gotovo od osnivanja SANU i zajedno sa njom preživljava dobre i loše istorijske trenutke, uloženo je mnogo naučne i stručne energije generacijâ pregalaca. I zato sa radošću i olakšanjem (ili bar sa umanjenom grižom savesti i teskobom) gledamo na svaki novi tom, jer je on dokaz da dosadašnji trud nije bio uzaludan i da će se do konačnog cilja, ipak, verujemo, stići.
A dokle se, u stvari, stiglo objavljivanjem devetnaestog toma Rečnika? Devetnaestim tomom završena je obrada reči koje počinju na slovo O i započeta obrada leksike na slovo P. Obrađeno je 1.530 reči na O (od ocat do oščuro) i 9.981 odrednica na slovo P (od p do petoglasnik). Zašlo se, dakle, u obradu ogromne porodice reči koja započinje slovom P. Najveći broj listića, kao i odrednica, ima slovo P, što znači da će reči na ovo slovo zauzeti najveći broj tomova. Pretpostavlja se da će one obuhvatiti pet do osam tomova, jer za njihovu obradu postoji ukupno sto šezdeset pet kutija, a u svakoj od njih 4.000 do 4.500 listića.
Svoje izlaganje Rajna Dragićević je završila rečima svoje profesorke Darinke Gortan Premk, aktivnog leksikografa sa najdužim stažom: „Leksikografi od zanata, ili bolje – generacije leksikografa od zanata, ostvarivali su ovaj cilj, a leksikografa je malo, i uvek ih je bilo malo. I materijalnih sredstava je malo, i uvek ih je bilo malo... Ali leksikografija se ne sme urušiti.”
 
</article-text-transliterated></article><comments><comments-count>7</comments-count><comments-list><comment comment-id="1"><comment-parent-id /><comment-text>Било би корисно знати и колико се ради на допунама претходних томова - језик не стоји, обогаћује се. Под хитно ваља наћи паре и за електронско издање које би се могло "даунлоудовати" (ове речи сигурно нема у овом речнику), као што је Принстонски универзитет учинио доступним речник енглеског језика. То би требало да уради и Матица српска са својом лексикографском продукцијом. Ми старији немамо више ни новаца ни простора у становима за велике едиције и вишетомне књиге, а млађима готово да не пада на памет да се бакћу папирним издањима, колико год многи од нас уживали управо у тој врсти трагања.</comment-text><comment-text-transliterated>Bilo bi korisno znati i koliko se radi na dopunama prethodnih tomova - jezik ne stoji, obogaćuje se. Pod hitno valja naći pare i za elektronsko izdanje koje bi se moglo "daunloudovati" (ove reči sigurno nema u ovom rečniku), kao što je Prinstonski univerzitet učinio dostupnim rečnik engleskog jezika. To bi trebalo da uradi i Matica srpska sa svojom leksikografskom produkcijom. Mi stariji nemamo više ni novaca ni prostora u stanovima za velike edicije i višetomne knjige, a mlađima gotovo da ne pada na pamet da se bakću papirnim izdanjima, koliko god mnogi od nas uživali upravo u toj vrsti traganja.</comment-text-transliterated></comment><comment comment-id="2"><comment-parent-id /><comment-text>A što neko (leksikografi, SANU, ili bilo ko drugi, napr. onaj ko finansira Rečnik) ne objasni otkud naziv Rečnik srpskohrvatskog jezika? Zar se u ovoj državi ne govori srpski jezik?</comment-text><comment-text-transliterated>A što neko (leksikografi, SANU, ili bilo ko drugi, napr. onaj ko finansira Rečnik) ne objasni otkud naziv Rečnik srpskohrvatskog jezika? Zar se u ovoj državi ne govori srpski jezik?</comment-text-transliterated></comment><comment comment-id="3"><comment-parent-id /><comment-text>A hoce li ga dovrsiti u ovom ili u sledecem veku? I zasto recnik nije na vebu?</comment-text><comment-text-transliterated>A hoce li ga dovrsiti u ovom ili u sledecem veku? I zasto recnik nije na vebu?</comment-text-transliterated></comment><comment comment-id="4"><comment-parent-id /><comment-text>Здање Српске академије наука и уметности је прелепо, али Институт за српски језик је преко пута, на супротној страни улице, у подједнако лепој згради у којој је некада била дирекција СДК. Јесте ситница, али засмета понекад.</comment-text><comment-text-transliterated>Zdanje Srpske akademije nauka i umetnosti je prelepo, ali Institut za srpski jezik je preko puta, na suprotnoj strani ulice, u podjednako lepoj zgradi u kojoj je nekada bila direkcija SDK. Jeste sitnica, ali zasmeta ponekad.</comment-text-transliterated></comment><comment comment-id="5"><comment-parent-id /><comment-text>U kojoj državi ovi žive? Srpskohrvatskoj??? Ovi su daleko od realnosti!!!</comment-text><comment-text-transliterated>U kojoj državi ovi žive? Srpskohrvatskoj??? Ovi su daleko od realnosti!!!</comment-text-transliterated></comment><comment comment-id="6"><comment-parent-id /><comment-text>kao sto je nedavno za politiku izjavio prof. sreto tanasic, u jeziku je sve sto je jedan narod stvorio. osporavaocima recnika sanu valja toplo preporuciti da ga, barem, prelistaju. uveren sam da ce prijatno iznenaditi.</comment-text><comment-text-transliterated>kao sto je nedavno za politiku izjavio prof. sreto tanasic, u jeziku je sve sto je jedan narod stvorio. osporavaocima recnika sanu valja toplo preporuciti da ga, barem, prelistaju. uveren sam da ce prijatno iznenaditi.</comment-text-transliterated></comment><comment comment-id="7"><comment-parent-id /><comment-text>За кога правите српскохрватски речник,
Србе, хрвате или неке треће</comment-text><comment-text-transliterated>Za koga pravite srpskohrvatski rečnik,
Srbe, hrvate ili neke treće</comment-text-transliterated></comment></comments-list></comments></document>