<?xml version="1.0" encoding="utf-8"?>
<document global-id="sr-01-1384">
	<url>http://www.politika.rs/scc/clanak/351916/%D0%9C%D0%B0%D1%92%D0%B0%D1%80-%D0%BD%D0%B0-%D1%82%D1%83%D1%80%D1%81%D0%BA%D0%BE%D0%BC-%D0%B4%D0%B2%D0%BE%D1%80%D1%83</url>
	<source-id>sr-01</source-id>
	<local-id>1384</local-id>
	<source-name>Politika</source-name>
	<article>
		<article-title>Мађар на турском двору</article-title>
		<article-title-transliterated>Mađar na turskom dvoru</article-title-transliterated>
		<article-time>2016-03-27</article-time>
		<article-author>Marina Vulićević</article-author>
		<article-text>Где год да се налазиш, Сунце се рађа на истоку, а залази на западу, та двојност постоји равноправно у природи, као што близаначки обитава и у људима, у некима, пак, више од других. У том духу турска књижевница Солмаз Камуран (Истанбул, 1954) описује јунака Ибрахима Мутеферику из свог романа „Мађар” (Алгоритам), историјску личност, човека који је био Мађар унитаријанске вере, а затим прешао у ислам, будући да је био опчињен суфизмом. У Османлијском царству основао је прву штампарију на османском турском језику, био је преводилац, дипломата, хуманиста. Део његовог имена мутеферика, означава издвојени положај дворана, који за падишаха обавља специјалне послове. На ово место Ибрахим је ступио 1716. године, а како књига каже, његов први задатак био је везан за Београд, за превођење и посредовање између османлијске војске и мађарских побуњеника. Роман је уобличен као прича у причи. У наше време из неке руске старинарнице рукопис дневника Ибрахима Мутеферике доспева у Будимпешту, и спаја у науци, истраживању и љубави једну Мађарицу и једног Турчина.
Солмаз Камуран била је гошћа Турског културног центра „Јунус Емре” у Београду, где је одговарала на наша питања, објашњавајући десетогодишњу фасцинацију овом личношћу која јавности у Турској није нарочито позната.
– Када сам почела да проучавам живот Ибрахима Мутеферике, нисам проналазила много података. Ипак, то ме је подстицало на даље истраживање о времену у којем је живео, о Европи и Балкану с краја 17. и у 18. веку. Два пута ишла сам у Будимпешту и у Клуж, Ибрахимов родни град, и тамо посетила унитаријанску цркву, истраживала у тамошњој архиви. Највише сам о Ибрахиму сазнала из његове заоставштине. Ибрахим Мутеферика дошао је у Османлијско царство као интелектуалац, његов циљ није била слава, већ остављање дубљег трага у времену. Он је на најбољи начин у себи објединио Мађара, унитаријанца, и следбеника мистичког учења у исламу – каже Солмаз Камуран.
„У текији је све симбол, простор где се изводи сема, (обредни ритуал окретања дервиша), представља космос, десна страна је материјални свет, а лева духовни; висока капа на глави мевлевије представља надгробни споменик, бела хаљина је мртвачки покров, огртач је гроб; звук неја је `савршен човек`, а сема је оживљавање, дизање мртвог из земље, спознаја на путу ка `савршеном човеку`”, у роману приповеда Солмаз Камуран, а за наш лист каже да је њен деда био познати истанбулски мевлевија, његов гроб налази се у текији, на Галати.
– За мевлевије однос према Богу је једноставан, представља део личности, као што сваки део одеће дервиша у обреду семе има неко значење. Сада тај обред има туристичко значење. Сасвим супротно од данашњег поимања живота, материјално за суфије није имало никакву важност, као што се нису предавали ни страху од смрти. Према Богу су осећали велико поштовање и љубав. Једно је сигурно, ако се нађете пред величином природе, видећете одраз Бога, иако не верујете. Теорије су добре, али како каже један стари турски песник, и један паук може нас одвести до Бога, није важно ко посматра живот, већ ко га види – каже Солмаз Камуран.
Османлијско царство, Балкан и Средња Европа, Мађари између Аустрије и Османлија, различити градови и места у средишту су ове приповести о Ибрахиму Мутеферики. Поред Цариграда и Клужа, Београда, Беча, ту су и Пожаревац и Сремски Карловци. Као дипломата, Ибрахим Мутеферика два пута је ишао да преговара на Запад, касније и на Кавказ, по речима наше саговорнице за Османлије је било важно да имају познаваоца и мађарског менталитета.
Јунаци који проналазе Ибрахимов рукопис у нашем времену, сећају се Османлијског царства и Цариграда из доба процвата богатства и уметности. Занимљиво је ауторкино виђење Истанбула, кога његови јунаци пореде са лепом женом високог рода, која је у савремености доспела на улицу...
– Рођена сам у Истанбулу. До осамдесетих година град се није мењао, али онда је почела масовна модерна изградња, тада је лице града убрзано почело да се мења. Истанбул је некада имао два милиона становника, сада има неколико пута више. Проблем је у томе што се губе лепе ствари, природне лепоте којих је увек било у изобиљу, урбанистички план уопште не постоји, а непрестано се руши и гради. Али, и даље је то фантастичан град, нарочито ноћу – приметила је Солмаз Камуран. А њен јунак Ибрахим Мутеферика закључује: „Зашто сам одабрао да обасјам свој живот светлошћу књига, зашто сам се упињао да свако уочи ту светлост. Можда сам волео људе више него што сам мислио, било је страшно да они страдају због страсти оних који поседују или јуре моћ. Човек би могао да досегне мир и благостање у будућности једино ако га воде мудри и учени.”</article-text>
		<article-text-transliterated>Gde god da se nalaziš, Sunce se rađa na istoku, a zalazi na zapadu, ta dvojnost postoji ravnopravno u prirodi, kao što blizanački obitava i u ljudima, u nekima, pak, više od drugih. U tom duhu turska književnica Solmaz Kamuran (Istanbul, 1954) opisuje junaka Ibrahima Muteferiku iz svog romana „Mađar” (Algoritam), istorijsku ličnost, čoveka koji je bio Mađar unitarijanske vere, a zatim prešao u islam, budući da je bio opčinjen sufizmom. U Osmanlijskom carstvu osnovao je prvu štampariju na osmanskom turskom jeziku, bio je prevodilac, diplomata, humanista. Deo njegovog imena muteferika, označava izdvojeni položaj dvorana, koji za padišaha obavlja specijalne poslove. Na ovo mesto Ibrahim je stupio 1716. godine, a kako knjiga kaže, njegov prvi zadatak bio je vezan za Beograd, za prevođenje i posredovanje između osmanlijske vojske i mađarskih pobunjenika. Roman je uobličen kao priča u priči. U naše vreme iz neke ruske starinarnice rukopis dnevnika Ibrahima Muteferike dospeva u Budimpeštu, i spaja u nauci, istraživanju i ljubavi jednu Mađaricu i jednog Turčina.
Solmaz Kamuran bila je gošća Turskog kulturnog centra „Junus Emre” u Beogradu, gde je odgovarala na naša pitanja, objašnjavajući desetogodišnju fascinaciju ovom ličnošću koja javnosti u Turskoj nije naročito poznata.
– Kada sam počela da proučavam život Ibrahima Muteferike, nisam pronalazila mnogo podataka. Ipak, to me je podsticalo na dalje istraživanje o vremenu u kojem je živeo, o Evropi i Balkanu s kraja 17. i u 18. veku. Dva puta išla sam u Budimpeštu i u Kluž, Ibrahimov rodni grad, i tamo posetila unitarijansku crkvu, istraživala u tamošnjoj arhivi. Najviše sam o Ibrahimu saznala iz njegove zaostavštine. Ibrahim Muteferika došao je u Osmanlijsko carstvo kao intelektualac, njegov cilj nije bila slava, već ostavljanje dubljeg traga u vremenu. On je na najbolji način u sebi objedinio Mađara, unitarijanca, i sledbenika mističkog učenja u islamu – kaže Solmaz Kamuran.
„U tekiji je sve simbol, prostor gde se izvodi sema, (obredni ritual okretanja derviša), predstavlja kosmos, desna strana je materijalni svet, a leva duhovni; visoka kapa na glavi mevlevije predstavlja nadgrobni spomenik, bela haljina je mrtvački pokrov, ogrtač je grob; zvuk neja je `savršen čovek`, a sema je oživljavanje, dizanje mrtvog iz zemlje, spoznaja na putu ka `savršenom čoveku`”, u romanu pripoveda Solmaz Kamuran, a za naš list kaže da je njen deda bio poznati istanbulski mevlevija, njegov grob nalazi se u tekiji, na Galati.
– Za mevlevije odnos prema Bogu je jednostavan, predstavlja deo ličnosti, kao što svaki deo odeće derviša u obredu seme ima neko značenje. Sada taj obred ima turističko značenje. Sasvim suprotno od današnjeg poimanja života, materijalno za sufije nije imalo nikakvu važnost, kao što se nisu predavali ni strahu od smrti. Prema Bogu su osećali veliko poštovanje i ljubav. Jedno je sigurno, ako se nađete pred veličinom prirode, videćete odraz Boga, iako ne verujete. Teorije su dobre, ali kako kaže jedan stari turski pesnik, i jedan pauk može nas odvesti do Boga, nije važno ko posmatra život, već ko ga vidi – kaže Solmaz Kamuran.
Osmanlijsko carstvo, Balkan i Srednja Evropa, Mađari između Austrije i Osmanlija, različiti gradovi i mesta u središtu su ove pripovesti o Ibrahimu Muteferiki. Pored Carigrada i Kluža, Beograda, Beča, tu su i Požarevac i Sremski Karlovci. Kao diplomata, Ibrahim Muteferika dva puta je išao da pregovara na Zapad, kasnije i na Kavkaz, po rečima naše sagovornice za Osmanlije je bilo važno da imaju poznavaoca i mađarskog mentaliteta.
Junaci koji pronalaze Ibrahimov rukopis u našem vremenu, sećaju se Osmanlijskog carstva i Carigrada iz doba procvata bogatstva i umetnosti. Zanimljivo je autorkino viđenje Istanbula, koga njegovi junaci porede sa lepom ženom visokog roda, koja je u savremenosti dospela na ulicu...
– Rođena sam u Istanbulu. Do osamdesetih godina grad se nije menjao, ali onda je počela masovna moderna izgradnja, tada je lice grada ubrzano počelo da se menja. Istanbul je nekada imao dva miliona stanovnika, sada ima nekoliko puta više. Problem je u tome što se gube lepe stvari, prirodne lepote kojih je uvek bilo u izobilju, urbanistički plan uopšte ne postoji, a neprestano se ruši i gradi. Ali, i dalje je to fantastičan grad, naročito noću – primetila je Solmaz Kamuran. A njen junak Ibrahim Muteferika zaključuje: „Zašto sam odabrao da obasjam svoj život svetlošću knjiga, zašto sam se upinjao da svako uoči tu svetlost. Možda sam voleo ljude više nego što sam mislio, bilo je strašno da oni stradaju zbog strasti onih koji poseduju ili jure moć. Čovek bi mogao da dosegne mir i blagostanje u budućnosti jedino ako ga vode mudri i učeni.”</article-text-transliterated>
	</article>
	<comments>
		<comments-count>2</comments-count>
		<comments-list>
			<comment comment-id="1">
				<comment-parent-id/>
				<comment-text>Зашто сам одабрао да обасјам свој живот светлошћу књига, зашто сам се упињао да свако уочи ту светлост. Можда сам волео људе више него што сам мислио, било је страшно да они страдају због страсти оних који поседују или јуре моћ. Човек би могао да досегне мир и благостање у будућности једино ако га воде мудри и учени.”  Zanemela sam pred lepotom recenog,bravo za Solmaz Kamuran,pozdrav!</comment-text>
				<comment-text-transliterated>Zašto sam odabrao da obasjam svoj život svetlošću knjiga, zašto sam se upinjao da svako uoči tu svetlost. Možda sam voleo ljude više nego što sam mislio, bilo je strašno da oni stradaju zbog strasti onih koji poseduju ili jure moć. Čovek bi mogao da dosegne mir i blagostanje u budućnosti jedino ako ga vode mudri i učeni.”  Zanemela sam pred lepotom recenog,bravo za Solmaz Kamuran,pozdrav!</comment-text-transliterated>
			</comment>
			<comment comment-id="2">
				<comment-parent-id/>
				<comment-text>daklem,kako god se okrenes ledja su ti pozadi...!?</comment-text>
				<comment-text-transliterated>daklem,kako god se okrenes ledja su ti pozadi...!?</comment-text-transliterated>
			</comment>
		</comments-list>
	</comments>
</document>
