<?xml version="1.0" encoding="utf-8"?>
<document global-id="sr-01-1171">
	<url>http://www.politika.rs/scc/clanak/428661/%D0%9A%D0%BE%D0%BF%D1%82%D0%B8-%D1%81%D1%82%D0%B0%D1%80%D0%BE%D1%81%D0%B5%D0%B4%D0%B5%D0%BE%D1%86%D0%B8-%D0%95%D0%B3%D0%B8%D0%BF%D1%82%D0%B0</url>
	<source-id>sr-01</source-id>
	<local-id>1171</local-id>
	<source-name>Politika</source-name>
	<article>
		<article-title>Копти – староседеоци Египта</article-title>
		<article-title-transliterated>Kopti – starosedeoci Egipta</article-title-transliterated>
		<article-time>2019-05-03</article-time>
		<article-author>Marina Vulićević</article-author>
		<article-text>Нови тематски број часописа „Градац” представља досадашње најсвеобухватније издање о Коптима на српском језику, а садржи текстове који говоре о коптској цркви, монаштву, језику, историји, књижевности и уметности, уз посебан осврт о црквеном дијалогу коптских и православних хришћана.
Почевши од тога да су Копти недовољно познати нашој јавности и да је потребно о њима имати више сазнања „у времену тешком за блискоисточне хришћане и за оне двомиленијумске заједнице које нестају у Сирији”, др Алексaндар Раковић у уводном тексту напомиње да Копти заједно са осталим дохалкидонским црквама Етиопије, Еритреје, Јерменије, Сирије и Индије чине оријентално-православну цркву, познату и под појмом монофизита.
Према тексту проф. др Викентија Фрадинског, Копти су староседеоци Египта, али их је њихова природна наклоност према мистицизму повукла ка монофизитству, са његовим учењем о једној божанској природи Исуса Христа. То је Копте одвело у секташки сепаратизам у односу на православну и католичку цркву. Међутим, Фрадински наводи важност постојања неколико монофизитских фракција, утицајних и на коптске монофизите. Међу њима је највећа струја северијана, иначе најумеренија и блиска православљу. Северијанство је постало званична вера Коптске цркве која проповеда савршенство Исуса Христа као човека и као Бога, пуноћу обе његове природе, по молитви: „И божанство Твоје никада, ни за један тренутак, није се одвајало од Твога човечанства”.
Због тога аутор овог текста истиче да би било неправедно Копте посматрати само као монофизите, у смислу претварања две Христове природе у једну, што је и за њих јерес. Порфирије Успенски, који се у Египту сретао са коптским духовницима, посведочио је да они исповедају Христа као савршенога Бога и као човека који нема греха, неисказано сједињење његових двеју природа – божанске и човечије, те тиме нису јеретици.

Фото ЕПА/Amel Pain

Копти као основ свог вероучења, осим Светог писма и апостолских предања, узимају Символ вере и одлуке три прва васељенска сабора, а ослањају се на дела светих отаца цркве која су преведена на коптски језик. Признају свих седам светих тајни, а православљу су блиски и по поштовању светих моштију, икона и молитви за покојне. Одржавају литургије Светога Василија Великог, нешто измењене и допуњене грчке редакције, затим Григорија Богослова и Кирила Александријског.
У тексту Данка Страхинића дат је историјски осврт на асимиловање Копта у процесу исламизације и арабизације, где се највеће опадање коптске нације догодило под фатимидским калифима, што се све заједно одрaжава и на данашње стање. Научна сазнања указују на то да су савремени египатски муслимани већином преверени Копти, након готово хиљаду година асимилације у доминантну арапску културу, што по мишљењу аутора ставља под знак питања и основе арапског национализма 20. века. Иако је арапско освајање Египта 641. године прошло без отпора становништва, арапски језик ушао је у црквену употребу од 10. века, а од 12. века, одлуком патријарха Габријела II, арапски језик постао је црквени, верске поуке даване су на арапском, а молитве држане на коптском. Манастири и цркве били су средишта културног и интелектуалног живота хришћана, а већина стваралаштва била је верске природе. Тринаести век се сматра посебно важним за развој коптско-арапске писмености и литературе. Копти су се под утицајем исламизације, у време Османског царства, одрицали свог језика, прихватали су обрезивање, ношење зарова код жена, а као једно од културолошких обележја специфичних за Копте аутор наводи тетовирање као верску и етничку идентификацију у већинском муслиманском и арапском друштву.
Упркос свим потешкоћама са којима су се суочавали, напомиње Страхинић, језгро Копта које се држало хришћанске вере и традиције очувало је своју самосвест као посебне заједнице која траје и до данас.</article-text>
		<article-text-transliterated>Novi tematski broj časopisa „Gradac” predstavlja dosadašnje najsveobuhvatnije izdanje o Koptima na srpskom jeziku, a sadrži tekstove koji govore o koptskoj crkvi, monaštvu, jeziku, istoriji, književnosti i umetnosti, uz poseban osvrt o crkvenom dijalogu koptskih i pravoslavnih hrišćana.
Počevši od toga da su Kopti nedovoljno poznati našoj javnosti i da je potrebno o njima imati više saznanja „u vremenu teškom za bliskoistočne hrišćane i za one dvomilenijumske zajednice koje nestaju u Siriji”, dr Aleksandar Raković u uvodnom tekstu napominje da Kopti zajedno sa ostalim dohalkidonskim crkvama Etiopije, Eritreje, Jermenije, Sirije i Indije čine orijentalno-pravoslavnu crkvu, poznatu i pod pojmom monofizita.
Prema tekstu prof. dr Vikentija Fradinskog, Kopti su starosedeoci Egipta, ali ih je njihova prirodna naklonost prema misticizmu povukla ka monofizitstvu, sa njegovim učenjem o jednoj božanskoj prirodi Isusa Hrista. To je Kopte odvelo u sektaški separatizam u odnosu na pravoslavnu i katoličku crkvu. Međutim, Fradinski navodi važnost postojanja nekoliko monofizitskih frakcija, uticajnih i na koptske monofizite. Među njima je najveća struja severijana, inače najumerenija i bliska pravoslavlju. Severijanstvo je postalo zvanična vera Koptske crkve koja propoveda savršenstvo Isusa Hrista kao čoveka i kao Boga, punoću obe njegove prirode, po molitvi: „I božanstvo Tvoje nikada, ni za jedan trenutak, nije se odvajalo od Tvoga čovečanstva”.
Zbog toga autor ovog teksta ističe da bi bilo nepravedno Kopte posmatrati samo kao monofizite, u smislu pretvaranja dve Hristove prirode u jednu, što je i za njih jeres. Porfirije Uspenski, koji se u Egiptu sretao sa koptskim duhovnicima, posvedočio je da oni ispovedaju Hrista kao savršenoga Boga i kao čoveka koji nema greha, neiskazano sjedinjenje njegovih dveju priroda – božanske i čovečije, te time nisu jeretici.

Foto EPA/Amel Pain

Kopti kao osnov svog veroučenja, osim Svetog pisma i apostolskih predanja, uzimaju Simvol vere i odluke tri prva vaseljenska sabora, a oslanjaju se na dela svetih otaca crkve koja su prevedena na koptski jezik. Priznaju svih sedam svetih tajni, a pravoslavlju su bliski i po poštovanju svetih moštiju, ikona i molitvi za pokojne. Održavaju liturgije Svetoga Vasilija Velikog, nešto izmenjene i dopunjene grčke redakcije, zatim Grigorija Bogoslova i Kirila Aleksandrijskog.
U tekstu Danka Strahinića dat je istorijski osvrt na asimilovanje Kopta u procesu islamizacije i arabizacije, gde se najveće opadanje koptske nacije dogodilo pod fatimidskim kalifima, što se sve zajedno odražava i na današnje stanje. Naučna saznanja ukazuju na to da su savremeni egipatski muslimani većinom prevereni Kopti, nakon gotovo hiljadu godina asimilacije u dominantnu arapsku kulturu, što po mišljenju autora stavlja pod znak pitanja i osnove arapskog nacionalizma 20. veka. Iako je arapsko osvajanje Egipta 641. godine prošlo bez otpora stanovništva, arapski jezik ušao je u crkvenu upotrebu od 10. veka, a od 12. veka, odlukom patrijarha Gabrijela II, arapski jezik postao je crkveni, verske pouke davane su na arapskom, a molitve držane na koptskom. Manastiri i crkve bili su središta kulturnog i intelektualnog života hrišćana, a većina stvaralaštva bila je verske prirode. Trinaesti vek se smatra posebno važnim za razvoj koptsko-arapske pismenosti i literature. Kopti su se pod uticajem islamizacije, u vreme Osmanskog carstva, odricali svog jezika, prihvatali su obrezivanje, nošenje zarova kod žena, a kao jedno od kulturoloških obeležja specifičnih za Kopte autor navodi tetoviranje kao versku i etničku identifikaciju u većinskom muslimanskom i arapskom društvu.
Uprkos svim poteškoćama sa kojima su se suočavali, napominje Strahinić, jezgro Kopta koje se držalo hrišćanske vere i tradicije očuvalo je svoju samosvest kao posebne zajednice koja traje i do danas.</article-text-transliterated>
	</article>
	<comments>
		<comments-count>1</comments-count>
		<comments-list>
			<comment comment-id="1">
				<comment-parent-id/>
				<comment-text>... hvala Politici za ovu iscrpnu pricu o Koptima ... samo da podsetimo i Butros Gali,nekadasnji generalni sekretar UN-a bio je Kopt ... i jedini nije odradio drugi mandat a znamo zbog cega ...nije hteo da prihvati lazi o Srbima ... to mu mocnici nisu oprostili i zato nije izabran i drugi mandat ...</comment-text>
				<comment-text-transliterated>... hvala Politici za ovu iscrpnu pricu o Koptima ... samo da podsetimo i Butros Gali,nekadasnji generalni sekretar UN-a bio je Kopt ... i jedini nije odradio drugi mandat a znamo zbog cega ...nije hteo da prihvati lazi o Srbima ... to mu mocnici nisu oprostili i zato nije izabran i drugi mandat ...</comment-text-transliterated>
			</comment>
		</comments-list>
	</comments>
</document>
