<document global-id="sr-01-1302">
    <url>
        http://www.politika.rs/scc/clanak/433547/%D0%9B%D0%B8%D1%82%D0%B2%D0%B0%D0%BD%D1%86%D0%B8-%D1%81%D0%B5-%D0%B4%D1%80%D0%B6%D0%B5-%D1%81%D0%BE%D0%B2%D1%98%D0%B5%D1%82%D1%81%D0%BA%D0%BE%D0%B3-%D0%BC%D0%BE%D0%B4%D0%B5%D0%BB%D0%B0
    </url>
    <source-id>sr-01</source-id>
    <local-id>1302</local-id>
    <source-name>Politika</source-name>
    <article>
        <article-title>Литванци се држе совјетског модела</article-title>
        <article-title-transliterated>Litvanci se drže sovjetskog modela</article-title-transliterated>
        <article-time>2019-07-12</article-time>
        <article-author>Nikola Barać</article-author>
        <article-text>У Литванији као да влада још она совјетска атмосфера и ваљда им хладно време паше уз хладне
            међуљудске односе. Нису потпуно незаинтересовани, само су некако тихи увек и свуда. Немају уличну храну, чак
            ни пекаре. Када бисмо просечног студента у Србији питали где је Вилњус, вероватно би најближи тачан одговор
            био да се ради о неком градићу у Русији.
            Школовање сам започео у родном граду, а потом се на сваке четири године померао за по сто километара и тако
            стигох до српске престонице. Размишљао сам после Београда о мастер студијама у некој од држава у западној
            Европи а сасвим случајно се пријавих за међународну студентску размену са Академијом за музику и позориште у
            Вилњусу у Литванији.
            После писма у ком ме обавештавају да сам примљен и да ћу текући семестар провести у тој бившој совјетској
            републици, схватио сам да веома мало знам о том народу. До тада сам био убеђен да Литванци говоре руским
            језиком. Благо ме је запањила чињеница да постоји литвански језик и да је поприлично различит од руског. Све
            што сам сазнао од бројних љубитеља путовања о Вилњусу јесте да се може обићи за један дан.
            Први утисак о Литванији и Литванцима је са аеродрома. Тек што сам стигао, упитах један млади брачни пар где
            тачно да чекам свој пртљаг. Након што су ме упутили схватили смо да смо били на истом лету из Истанбула.
            Чекајући да се кофери појаве сазнао сам да је млада госпођа дипломирала глуму на Академији на којој ћу
            студирати.

            Пријатно се изненадила када је чула да сам јој колега, само из музичке уметности. Понудили су ми превоз до
            студентског дома у који треба се уселим. Они су били моји први водичи кроз Вилњус. Из таксија су ми
            показивали знаменитости. Осим цркава, паркова и споменика, показали су ми и где је најближа продавница,
            аутобуско стајалиште које води до центра града итд.
            Без обзира на моје инсистирање да платим свој део, одбили су уз речи добродошлице. Стигао сам за мање од
            десет минута од аеродрома, бесплатно до мог будућег дома. Помислих, ако су овако гостопримљиви, онда ми се
            ова земља изузетно свиђа.
            Међутим, ствари су се промениле тренутак касније. Упознајем рецепционера који не говори енглески, па смо
            успели да се разумемо спорадичним „набадањем“ руског. И он је био изузетно љубазан, насмејан, али само то
            вече. Од тад све до данашњег дана озбиљност на његовом лицу се није променила. У студентском дому
            „Карабурма” где сам живео током студија у Београду имали смо навику да поздравимо колеге са спрата кад их
            сретнемо у тоалету, умиваони или на ходнику.
            Ево, дан данас покушавам да добијем одговор од било којег локалног студента овде на мој поздрав. Увек ме
            изнова шокира ситуација у којој ме девојка која живи до мене апсолутно игнорише и само гледа када јој се
            јавим, без обзира што заједно делимо купатило и тоалет. Зна енглески, није то проблем. Једном ми је само
            показала где је кухиња на течном енглеском.
            Прва два дана сам се питао зашто сам уопште овде. Време је било доста хладније од Београда, па и нисам био
            нешто заинтересован да обилазим град знајући да се све може обићи за један дан, а знао сам да остајем бар
            четири месеца. Онда сам упознао преко двадесет других студената из Шпаније, Италије, Кине, Ирске и
            Уједињеног Краљевства.

            Не знам да ли су Литванци потпуно асоцијални, али је нас, студенте из других земаља повезало то што смо
            далеко од куће, па смо све своје време проводили заједно. Трећег дана су ме Шпанци позвали на Еразмус журку
            где сам упознао студенте из готово сваке веће европске земље. Литванци кажу да у земљи влада још она
            совјетска атмосфера и ваљда им хладно време паше уз хладне међуљудске односе.
            Нису потпуно незаинтересовани, само су некако тихи увек и свуда. Испред централне зграде Академије налазило
            се неко клизалиште које је увек, али увек било полупразно и досадно. Кад год бих прошао поред њега помислио
            бих како је у мом родном Новом Пазару на градском клизалишту увек била журка на леду и како се тражила
            улазница више. Немају уличну храну, чак ни пекаре.
            Сасвим случајно наилазим на чланак у коме се говори да Срби имају чак 57 процената генетске сличности са
            Литванцима и то није све. У оквиру предмета на Академији за музику и позориште, који се бави популарном
            музиком сазнајем да је наша етно музика у великом постотку заснована на истим принципима као и литванска,
            што није случај са музиком околних земаља, бар не у толиком проценту. Имају сва слова као и азбука, с тим
            што имају и још које више. И код њих важи правило један глас једно слово.
            Натерао сам себе да по први пут овде одем у теретану. Имају неке чудне катанце са кодовима уместо кључа,
            тако да сам десетак минута само гледао у катанац и покушавао да схватим како функционише. Пришао ми је један
            младић и понудио да ми објасни. Рекао сам му да не разумем литвански, па је наставио на енглеском. Питао ме
            је одакле сам и након што сам му одговорио разговор смо наставили на течном српском.
            Мало је рећи да сам био згранут. Како, зашто и где је научио српски? Рекао ми је да је студирао политичке
            науке и да је живео седам година у Београду и да од кад је завршио није посетио Србију, али да жели да је
            посети.

            У Вилњусу стално имају некакве манифестације. Не знам колико пута су проглашавали независност, али мислим да
            имају три различита празника посвећена независности. Често се изнад града виде балони за превоз људи као
            туристичка атракција. Овде сам упознао неколико студената из Србије. Две девојке из Новог Сада сам срео на
            литванско - белоруској граници.
            Чуо сам како причају њихов разговор али нисам одмах схватио да чујем свој матерњи језик. Са друге две
            девојке, такође из Новог Сада, био сам културни амбасадор наше земље на једном догађају намењеном
            студентима. Заједно смо спремали сарме, ванилице, организовали смо и васкршњи ручак, фарбали јаја. Дошли су
            нам гости из десетак земаља.
            Време овде проводимо учећи али и путујући. Обишли смо осам других земаља.
            Кад одемо из Виљнуса знамо да ћемо овај дивни град и дивни народ заувек памтити. Сви обећавамо да ћемо се
            вратити некада. Пуно успомена, пуно нових пријатеља, познанстава. Није ли диван осећај доћи на предавање и
            седети међу студентима из тридесет земаља? Од Ирске до Јапана, од Исланда до Израела. И сви ми, нашли смо се
            овде у средини, на пола пута, да славимо културу, различитост, знање и младост.
             
            Никола Бараћ, Вилњус, Литванија
             
             
             
             

            Пишите нам

            Поштовани читаоци, „Политика” је поново оживела рубрику „Мој живот у иностранству”.

            Намењена је пре свега вама који живите изван Србије, широм света, које је животни пут одвео у неке нове
            непознате крајеве и земље.Надамо се да сте приметили да смо се и ми у међувремену мало променили.

            Сашили смо ново, комотније и удобније дигитално одело, али и даље смо права адреса на коју можете слати
            своја писма, репортаже, записе и фотографије.

            Пишите нам како је у туђини или у вашој новој отаџбини. Како вам Србија изгледа кад је гледате из Ванкувера,
            Осла или Мелбурна? Станује ли носталгија на вашим новим адресама?

            А наша адреса је  mojzivot@politika.rsПравила су и даље једноставна: дужина текста до пет хиљада словних
            знакова, да је записан у неком уобичајном формату, најбоље ворду.

            Наслови и опрема су редакцијски, текстови се не хоноришу и подлежу уредничким интервенцијама.
            Ваша Политика
        </article-text>
        <article-text-transliterated>U Litvaniji kao da vlada još ona sovjetska atmosfera i valjda im hladno vreme paše
            uz hladne međuljudske odnose. Nisu potpuno nezainteresovani, samo su nekako tihi uvek i svuda. Nemaju uličnu
            hranu, čak ni pekare. Kada bismo prosečnog studenta u Srbiji pitali gde je Vilnjus, verovatno bi najbliži
            tačan odgovor bio da se radi o nekom gradiću u Rusiji.
            Školovanje sam započeo u rodnom gradu, a potom se na svake četiri godine pomerao za po sto kilometara i tako
            stigoh do srpske prestonice. Razmišljao sam posle Beograda o master studijama u nekoj od država u zapadnoj
            Evropi a sasvim slučajno se prijavih za međunarodnu studentsku razmenu sa Akademijom za muziku i pozorište u
            Vilnjusu u Litvaniji.
            Posle pisma u kom me obaveštavaju da sam primljen i da ću tekući semestar provesti u toj bivšoj sovjetskoj
            republici, shvatio sam da veoma malo znam o tom narodu. Do tada sam bio ubeđen da Litvanci govore ruskim
            jezikom. Blago me je zapanjila činjenica da postoji litvanski jezik i da je poprilično različit od ruskog.
            Sve što sam saznao od brojnih ljubitelja putovanja o Vilnjusu jeste da se može obići za jedan dan.
            Prvi utisak o Litvaniji i Litvancima je sa aerodroma. Tek što sam stigao, upitah jedan mladi bračni par gde
            tačno da čekam svoj prtljag. Nakon što su me uputili shvatili smo da smo bili na istom letu iz Istanbula.
            Čekajući da se koferi pojave saznao sam da je mlada gospođa diplomirala glumu na Akademiji na kojoj ću
            studirati.

            Prijatno se iznenadila kada je čula da sam joj kolega, samo iz muzičke umetnosti. Ponudili su mi prevoz do
            studentskog doma u koji treba se uselim. Oni su bili moji prvi vodiči kroz Vilnjus. Iz taksija su mi
            pokazivali znamenitosti. Osim crkava, parkova i spomenika, pokazali su mi i gde je najbliža prodavnica,
            autobusko stajalište koje vodi do centra grada itd.
            Bez obzira na moje insistiranje da platim svoj deo, odbili su uz reči dobrodošlice. Stigao sam za manje od
            deset minuta od aerodroma, besplatno do mog budućeg doma. Pomislih, ako su ovako gostoprimljivi, onda mi se
            ova zemlja izuzetno sviđa.
            Međutim, stvari su se promenile trenutak kasnije. Upoznajem recepcionera koji ne govori engleski, pa smo
            uspeli da se razumemo sporadičnim „nabadanjem“ ruskog. I on je bio izuzetno ljubazan, nasmejan, ali samo to
            veče. Od tad sve do današnjeg dana ozbiljnost na njegovom licu se nije promenila. U studentskom domu
            „Karaburma” gde sam živeo tokom studija u Beogradu imali smo naviku da pozdravimo kolege sa sprata kad ih
            sretnemo u toaletu, umivaoni ili na hodniku.
            Evo, dan danas pokušavam da dobijem odgovor od bilo kojeg lokalnog studenta ovde na moj pozdrav. Uvek me
            iznova šokira situacija u kojoj me devojka koja živi do mene apsolutno ignoriše i samo gleda kada joj se
            javim, bez obzira što zajedno delimo kupatilo i toalet. Zna engleski, nije to problem. Jednom mi je samo
            pokazala gde je kuhinja na tečnom engleskom.
            Prva dva dana sam se pitao zašto sam uopšte ovde. Vreme je bilo dosta hladnije od Beograda, pa i nisam bio
            nešto zainteresovan da obilazim grad znajući da se sve može obići za jedan dan, a znao sam da ostajem bar
            četiri meseca. Onda sam upoznao preko dvadeset drugih studenata iz Španije, Italije, Kine, Irske i
            Ujedinjenog Kraljevstva.

            Ne znam da li su Litvanci potpuno asocijalni, ali je nas, studente iz drugih zemalja povezalo to što smo
            daleko od kuće, pa smo sve svoje vreme provodili zajedno. Trećeg dana su me Španci pozvali na Erazmus žurku
            gde sam upoznao studente iz gotovo svake veće evropske zemlje. Litvanci kažu da u zemlji vlada još ona
            sovjetska atmosfera i valjda im hladno vreme paše uz hladne međuljudske odnose.
            Nisu potpuno nezainteresovani, samo su nekako tihi uvek i svuda. Ispred centralne zgrade Akademije nalazilo
            se neko klizalište koje je uvek, ali uvek bilo poluprazno i dosadno. Kad god bih prošao pored njega pomislio
            bih kako je u mom rodnom Novom Pazaru na gradskom klizalištu uvek bila žurka na ledu i kako se tražila
            ulaznica više. Nemaju uličnu hranu, čak ni pekare.
            Sasvim slučajno nailazim na članak u kome se govori da Srbi imaju čak 57 procenata genetske sličnosti sa
            Litvancima i to nije sve. U okviru predmeta na Akademiji za muziku i pozorište, koji se bavi popularnom
            muzikom saznajem da je naša etno muzika u velikom postotku zasnovana na istim principima kao i litvanska,
            što nije slučaj sa muzikom okolnih zemalja, bar ne u tolikom procentu. Imaju sva slova kao i azbuka, s tim
            što imaju i još koje više. I kod njih važi pravilo jedan glas jedno slovo.
            Naterao sam sebe da po prvi put ovde odem u teretanu. Imaju neke čudne katance sa kodovima umesto ključa,
            tako da sam desetak minuta samo gledao u katanac i pokušavao da shvatim kako funkcioniše. Prišao mi je jedan
            mladić i ponudio da mi objasni. Rekao sam mu da ne razumem litvanski, pa je nastavio na engleskom. Pitao me
            je odakle sam i nakon što sam mu odgovorio razgovor smo nastavili na tečnom srpskom.
            Malo je reći da sam bio zgranut. Kako, zašto i gde je naučio srpski? Rekao mi je da je studirao političke
            nauke i da je živeo sedam godina u Beogradu i da od kad je završio nije posetio Srbiju, ali da želi da je
            poseti.

            U Vilnjusu stalno imaju nekakve manifestacije. Ne znam koliko puta su proglašavali nezavisnost, ali mislim
            da imaju tri različita praznika posvećena nezavisnosti. Često se iznad grada vide baloni za prevoz ljudi kao
            turistička atrakcija. Ovde sam upoznao nekoliko studenata iz Srbije. Dve devojke iz Novog Sada sam sreo na
            litvansko - beloruskoj granici.
            Čuo sam kako pričaju njihov razgovor ali nisam odmah shvatio da čujem svoj maternji jezik. Sa druge dve
            devojke, takođe iz Novog Sada, bio sam kulturni ambasador naše zemlje na jednom događaju namenjenom
            studentima. Zajedno smo spremali sarme, vanilice, organizovali smo i vaskršnji ručak, farbali jaja. Došli su
            nam gosti iz desetak zemalja.
            Vreme ovde provodimo učeći ali i putujući. Obišli smo osam drugih zemalja.
            Kad odemo iz Viljnusa znamo da ćemo ovaj divni grad i divni narod zauvek pamtiti. Svi obećavamo da ćemo se
            vratiti nekada. Puno uspomena, puno novih prijatelja, poznanstava. Nije li divan osećaj doći na predavanje i
            sedeti među studentima iz trideset zemalja? Od Irske do Japana, od Islanda do Izraela. I svi mi, našli smo
            se ovde u sredini, na pola puta, da slavimo kulturu, različitost, znanje i mladost.
             
            Nikola Barać, Vilnjus, Litvanija
             
             
             
             

            Pišite nam

            Poštovani čitaoci, „Politika” je ponovo oživela rubriku „Moj život u inostranstvu”.

            Namenjena je pre svega vama koji živite izvan Srbije, širom sveta, koje je životni put odveo u neke nove
            nepoznate krajeve i zemlje.Nadamo se da ste primetili da smo se i mi u međuvremenu malo promenili.

            Sašili smo novo, komotnije i udobnije digitalno odelo, ali i dalje smo prava adresa na koju možete slati
            svoja pisma, reportaže, zapise i fotografije.

            Pišite nam kako je u tuđini ili u vašoj novoj otadžbini. Kako vam Srbija izgleda kad je gledate iz
            Vankuvera, Osla ili Melburna? Stanuje li nostalgija na vašim novim adresama?

            A naša adresa je  mojzivot@politika.rsPravila su i dalje jednostavna: dužina teksta do pet hiljada slovnih
            znakova, da je zapisan u nekom uobičajnom formatu, najbolje vordu.

            Naslovi i oprema su redakcijski, tekstovi se ne honorišu i podležu uredničkim intervencijama.
            Vaša Politika
        </article-text-transliterated>
    </article>
    <comments>
        <comments-count>23</comments-count>
        <comment-list>
            <comment comment-id="1">
                <comment-parent-id/>
                <comment-text>Kako možeš da okarakterišeš kao divne ljude koji ti ne odgovore na pozdrav?</comment-text>
                <comment-text-transliterated>Kako možeš da okarakterišeš kao divne ljude koji ti ne odgovore na
                    pozdrav?
                </comment-text-transliterated>
            </comment>
            <comment comment-id="1-1">
                <comment-parent-id>1</comment-parent-id>
                <comment-text>Poštovani,Tekst napisah za sat vremena. U tekstu su samo neki od najupečatljivijih
                    utisaka, a i malo je skraćen od originalnog teksta. S Litvancima sam pevao njihovu etno muziku,
                    putovao, družio...
                </comment-text>
                <comment-text-transliterated>Poštovani,Tekst napisah za sat vremena. U tekstu su samo neki od
                    najupečatljivijih utisaka, a i malo je skraćen od originalnog teksta. S Litvancima sam pevao njihovu
                    etno muziku, putovao, družio...
                </comment-text-transliterated>
            </comment>
            <comment comment-id="2">
                <comment-parent-id/>
                <comment-text>Kroz ceo tekst ih nama za, na kraju reče, divna zemlja, divni ljudi???</comment-text>
                <comment-text-transliterated>Kroz ceo tekst ih nama za, na kraju reče, divna zemlja, divni ljudi???
                </comment-text-transliterated>
            </comment>
            <comment comment-id="3">
                <comment-parent-id/>
                <comment-text>Био сам пре скоро 20 година у Виљнусу и провео тамо 5 недеља. Људи с којима сам био у
                    контакту су били љубазни, они који су Руси и топли и дружељубиви, Литванци не. Посетио сам њихов
                    стари град, катедралу, музеј ћилибара, пар са спомеником Френку Запи (!), занимљиво ми је било да
                    имају слово "ј" између "и" и "а" - нпр. "институциЈа" (или, на слици, "ФилхармониЈа"). Мрзе Пољаке
                    због окупације у прошлости, и мрзе и обесправљују Русе због СССР.У хотелу су једно време били НАТО
                    војници.
                </comment-text>
                <comment-text-transliterated>Bio sam pre skoro 20 godina u Viljnusu i proveo tamo 5 nedelja. Ljudi s
                    kojima sam bio u kontaktu su bili ljubazni, oni koji su Rusi i topli i druželjubivi, Litvanci ne.
                    Posetio sam njihov stari grad, katedralu, muzej ćilibara, par sa spomenikom Frenku Zapi (!),
                    zanimljivo mi je bilo da imaju slovo "j" između "i" i "a" - npr. "instituciJa" (ili, na slici,
                    "FilharmoniJa"). Mrze Poljake zbog okupacije u prošlosti, i mrze i obespravljuju Ruse zbog SSSR.U
                    hotelu su jedno vreme bili NATO vojnici.
                </comment-text-transliterated>
            </comment>
            <comment comment-id="3-1">
                <comment-parent-id>3</comment-parent-id>
                <comment-text>Prema jugoslovenima su bili veoma ljubazni zbog „njet“Danas nije isto.</comment-text>
                <comment-text-transliterated>Prema jugoslovenima su bili veoma ljubazni zbog „njet“Danas nije isto.
                </comment-text-transliterated>
            </comment>
            <comment comment-id="4">
                <comment-parent-id/>
                <comment-text>kao dete, sezdesetih, pa i prve polovine sedamdesetih, secam se da u beogradu, i drugde,
                    nije bilo ulicne hrane. bilo je nekoliko kiska sa virslama i kobasicama u zemcci, uglavnom na
                    okretinicama gps-a u centru. onda su se pojavile piroske na terazijama, kao vesnik novog doba. dotle
                    ni pekare, ni burek, nisu bili rasprostranjeni. mozda od `75 da je krenulo novo doba, pljeske ispod
                    hotela moskva, pekara na izlazu sa zeleznicke stanice. `77 prva picerije u beogradu. kulturnije je
                    ne jesti na ulici
                </comment-text>
                <comment-text-transliterated>kao dete, sezdesetih, pa i prve polovine sedamdesetih, secam se da u
                    beogradu, i drugde, nije bilo ulicne hrane. bilo je nekoliko kiska sa virslama i kobasicama u
                    zemcci, uglavnom na okretinicama gps-a u centru. onda su se pojavile piroske na terazijama, kao
                    vesnik novog doba. dotle ni pekare, ni burek, nisu bili rasprostranjeni. mozda od `75 da je krenulo
                    novo doba, pljeske ispod hotela moskva, pekara na izlazu sa zeleznicke stanice. `77 prva picerije u
                    beogradu. kulturnije je ne jesti na ulici
                </comment-text-transliterated>
            </comment>
            <comment comment-id="4-1">
                <comment-parent-id>4</comment-parent-id>
                <comment-text>Ја сам генерација 50 и неке, па сам изгледа живео у некој другој држави и у неком другом
                    граду. У киосцима су се продавале виршле и кобасице, али је било и оних у којима су се продавале
                    семенке, кикирики, и др. , онда оних у којима су продавали бурек, пециво и колаче. Пекара је било
                    што приватних што друштвених, а уз бурек је ишло кисело млеко или јогурт у стакленим теглицама, а
                    касније у тетрапаку. И још једно је било а то су експрес ресторани по принципу самоуслуживања,
                    Касина, Загреб и др.
                </comment-text>
                <comment-text-transliterated>Ja sam generacija 50 i neke, pa sam izgleda živeo u nekoj drugoj državi i u
                    nekom drugom gradu. U kioscima su se prodavale viršle i kobasice, ali je bilo i onih u kojima su se
                    prodavale semenke, kikiriki, i dr. , onda onih u kojima su prodavali burek, pecivo i kolače. Pekara
                    je bilo što privatnih što društvenih, a uz burek je išlo kiselo mleko ili jogurt u staklenim
                    teglicama, a kasnije u tetrapaku. I još jedno je bilo a to su ekspres restorani po principu
                    samousluživanja, Kasina, Zagreb i dr.
                </comment-text-transliterated>
            </comment>
            <comment comment-id="5">
                <comment-parent-id/>
                <comment-text>Litvanija se nekada rasprostirala od Baltickog do Crnog Mora,ima svoju
                    bogatuIstoriju.Primetio sam u toku visemesecnog boravka u toj zemlji dok je bila sovjetskaRepublika
                    veliku slicnost nasem mentalitetu,jako prisutni Patriotizam,narocitoizrazen prema sovjetskoj
                    vlasti,druzeljubljivost,gostoprimstvo,dobra kapljica...
                </comment-text>
                <comment-text-transliterated>Litvanija se nekada rasprostirala od Baltickog do Crnog Mora,ima svoju
                    bogatuIstoriju.Primetio sam u toku visemesecnog boravka u toj zemlji dok je bila sovjetskaRepublika
                    veliku slicnost nasem mentalitetu,jako prisutni Patriotizam,narocitoizrazen prema sovjetskoj
                    vlasti,druzeljubljivost,gostoprimstvo,dobra kapljica...
                </comment-text-transliterated>
            </comment>
            <comment comment-id="5-1">
                <comment-parent-id>5</comment-parent-id>
                <comment-text>Ako hocete da prosirite Vase znanje procitajte Istoriju Litvanije.</comment-text>
                <comment-text-transliterated>Ako hocete da prosirite Vase znanje procitajte Istoriju Litvanije.
                </comment-text-transliterated>
            </comment>
            <comment comment-id="5-2">
                <comment-parent-id>5</comment-parent-id>
                <comment-text>Litvanija je bila veoma mocna Drzava,koja je vladala do 16.stoleca vecim delom istocne
                    Evrope.
                </comment-text>
                <comment-text-transliterated>Litvanija je bila veoma mocna Drzava,koja je vladala do 16.stoleca vecim
                    delom istocne Evrope.
                </comment-text-transliterated>
            </comment>
            <comment comment-id="5-3">
                <comment-parent-id>5</comment-parent-id>
                <comment-text>Нисте добро научили географију, то никада није било.</comment-text>
                <comment-text-transliterated>Niste dobro naučili geografiju, to nikada nije bilo.
                </comment-text-transliterated>
            </comment>
            <comment comment-id="6">
                <comment-parent-id/>
                <comment-text>Ne znam kakve su nove generacije, ali ja sam još u 3. osnovne znao gdje je Viljnus i kojim
                    jezikom govore Litvanci. Posle, kad je već krenula geografija trudio sam se da upoznam destinacije
                    na planeti, posebno u Evropi. Ne znam ni što je ovaj student od silnog traženja studija po zapadnoj
                    Evropi - otišao na Istok? Ono što znam jeste da nam društvo neće značajnije napredovati sa novim
                    glumcima, muzičarima, sportistima... nama nedostaje inžinjera, kvalitetnih ekonomista, medicinskih
                    radnika...
                </comment-text>
                <comment-text-transliterated>Ne znam kakve su nove generacije, ali ja sam još u 3. osnovne znao gdje je
                    Viljnus i kojim jezikom govore Litvanci. Posle, kad je već krenula geografija trudio sam se da
                    upoznam destinacije na planeti, posebno u Evropi. Ne znam ni što je ovaj student od silnog traženja
                    studija po zapadnoj Evropi - otišao na Istok? Ono što znam jeste da nam društvo neće značajnije
                    napredovati sa novim glumcima, muzičarima, sportistima... nama nedostaje inžinjera, kvalitetnih
                    ekonomista, medicinskih radnika...
                </comment-text-transliterated>
            </comment>
            <comment comment-id="6-1">
                <comment-parent-id>6</comment-parent-id>
                <comment-text>"Kakva je muzika, takva je i država", kineska poslovica. Ako nemamo dobru muziku, nemamo
                    ni kulturu, a dzaba nam nekulturni ekonomisti i doktori.
                </comment-text>
                <comment-text-transliterated>"Kakva je muzika, takva je i država", kineska poslovica. Ako nemamo dobru
                    muziku, nemamo ni kulturu, a dzaba nam nekulturni ekonomisti i doktori.
                </comment-text-transliterated>
            </comment>
            <comment comment-id="7">
                <comment-parent-id/>
                <comment-text>Lepe su te hladne Litvanke :)</comment-text>
                <comment-text-transliterated>Lepe su te hladne Litvanke :)</comment-text-transliterated>
            </comment>
            <comment comment-id="7-1">
                <comment-parent-id>7</comment-parent-id>
                <comment-text>Lepe su ali ne i hladne...</comment-text>
                <comment-text-transliterated>Lepe su ali ne i hladne...</comment-text-transliterated>
            </comment>
            <comment comment-id="8">
                <comment-parent-id/>
                <comment-text>Хладноћа у међусобним односима има везе са климом. Видите колико су људи са Медитерана,
                    Грци, Италијани комотнији него прорачунати Шведи, Литванци и други. Мало је генерализовано али није
                    далеко од истине.
                </comment-text>
                <comment-text-transliterated>Hladnoća u međusobnim odnosima ima veze sa klimom. Vidite koliko su ljudi
                    sa Mediterana, Grci, Italijani komotniji nego proračunati Švedi, Litvanci i drugi. Malo je
                    generalizovano ali nije daleko od istine.
                </comment-text-transliterated>
            </comment>
            <comment comment-id="8-1">
                <comment-parent-id>8</comment-parent-id>
                <comment-text>A mene je životno iskustvo naučilo da se iza "hladnoće" krije kultura, poštenje i mnoge
                    vrline uređenog društva. Dok iza južnjačke "topline" uvek sledi olajavanje, neka vrsta džeparenja (
                    bukvalno i prenosno) i sve ono zbog čega su milioni pobegli sa juga na sever a nikad obrnuto
                </comment-text>
                <comment-text-transliterated>A mene je životno iskustvo naučilo da se iza "hladnoće" krije kultura,
                    poštenje i mnoge vrline uređenog društva. Dok iza južnjačke "topline" uvek sledi olajavanje, neka
                    vrsta džeparenja ( bukvalno i prenosno) i sve ono zbog čega su milioni pobegli sa juga na sever a
                    nikad obrnuto
                </comment-text-transliterated>
            </comment>
            <comment comment-id="9">
                <comment-parent-id/>
                <comment-text>Uvek su mi te zemlje Litvanija, Estonija, Latvija bile nekako daleko, negde u cosku,
                    odakle Bog izvodi kornere. Ne znam, mozda gresim, ali je tako.
                </comment-text>
                <comment-text-transliterated>Uvek su mi te zemlje Litvanija, Estonija, Latvija bile nekako daleko, negde
                    u cosku, odakle Bog izvodi kornere. Ne znam, mozda gresim, ali je tako.
                </comment-text-transliterated>
            </comment>
            <comment comment-id="10">
                <comment-parent-id/>
                <comment-text>Bjeze oni od sovjetskog modela, ali nikako da pobjegnu.</comment-text>
                <comment-text-transliterated>Bjeze oni od sovjetskog modela, ali nikako da pobjegnu.
                </comment-text-transliterated>
            </comment>
            <comment comment-id="11">
                <comment-parent-id/>
                <comment-text>Bravo,Nikola!Ponosni smo na tebe.Veliki ljudi zasluzuju da budu najbolji.Samo napred!
                </comment-text>
                <comment-text-transliterated>Bravo,Nikola!Ponosni smo na tebe.Veliki ljudi zasluzuju da budu
                    najbolji.Samo napred!
                </comment-text-transliterated>
            </comment>
            <comment comment-id="12">
                <comment-parent-id/>
                <comment-text>Дивно.</comment-text>
                <comment-text-transliterated>Divno.</comment-text-transliterated>
            </comment>
            <comment comment-id="13">
                <comment-parent-id/>
                <comment-text>Super tekst! Pozdrav za Novopazarca. Ja sam dosta vremena proveo u Pazaru, imam rodbine u
                    Stane Bacanin.
                </comment-text>
                <comment-text-transliterated>Super tekst! Pozdrav za Novopazarca. Ja sam dosta vremena proveo u Pazaru,
                    imam rodbine u Stane Bacanin.
                </comment-text-transliterated>
            </comment>
            <comment comment-id="13-1">
                <comment-parent-id>13</comment-parent-id>
                <comment-text>Hvala vam, Dušane!</comment-text>
                <comment-text-transliterated>Hvala vam, Dušane!</comment-text-transliterated>
            </comment>
        </comment-list>
    </comments>
</document>