<document global-id="sr-01-1285">
    <url>
        http://www.politika.rs/scc/clanak/429499/%D0%9B%D0%B5%D1%81%D0%BA%D0%BE%D0%B2%D0%B0%D1%86-%D0%BF%D0%BE%D1%81%D0%BB%D0%B5-%D0%BD%D0%B0%D0%BF%D0%B0%D0%B4%D0%B0-%D0%BD%D0%B0-%D0%A0%D0%BE%D0%BC%D0%B5
    </url>
    <source-id>sr-01</source-id>
    <local-id>1285</local-id>
    <source-name>Politika</source-name>
    <article>
        <article-title>Лесковац после напада на Роме</article-title>
        <article-title-transliterated>Leskovac posle napada na Rome</article-title-transliterated>
        <article-time>2019-05-14</article-time>
        <article-author>D. Kocić</article-author>
        <article-text>У овом граду било је спорадичних сукоба између Срба и Рома, али они нису инспирисани националном
            нетрпељивошћу. Лесковац – У Лесковцу, у три насеља живе Роми. Најновија дешавања, у појединим средствима
            информисања представљена су као да су хулигани опремљени ножевима, палицама и другом средствима, толико
            запретили житељима Подворца (где живе и Срби), да су се сви уплашили и почели да беже „главом без обзира”.
            Према саопштењу ПУ, у два издвојена случаја, ван ромских насеља, седам малолетних особа учествовало је у
            инциденту у којем су нападнути припадници ромске националности. Како смо већ јавили, полицији је пријављен и
            трећи догађај, односно да је на весељу у ромском насељу неколико женских особа ромске националности напало
            више непознатих мушкараца. Радом на овој пријави, и после обављеног разговора са организатором прославе и
            неколико гостију, утврђено је да није било напада.
            Градоначелник Лесковца др Горан Цветановић у јучерашњем саопштењу наглашава: „Најоштрије осуђујем нападе на
            припаднике ромске националне мањине. Град Лесковац улаже напоре како би се положај Рома побољшао и пружа
            подршку њиховој инклузији. Роми су равноправни грађани. Локална самоуправа се труди да Ромима обезбеди
            адекватне услове за живот и рад, а најважније је да се сви наши грађани осећају сигурно. Имам поверење у рад
            надлежних институција и верујем да ће случај напада бити решен и да ће бити предузете све мере да се не
            понови.”
            Годинама, па и деценијама, у Лесковцу, као и другде у Србији, било је спорадичних сукоба између Срба и Рома,
            али како је више пута наглашавано и на званичним састанцима у локалној самоуправа и ромским месним
            заједницама, нису били организовани и инспирисани националном или верском нетрпељивошћу.
            Пре осам година на зиду зграде на тргу Марко Црни, у којој се окупљају млади Роми, у лесковачком насељу
            Подворце, био је исписан графит увредљиве садржине и то на енглеском језику „welcome to GTA – cigani
            teritory”.
            Група навијача „Лесковачки вукови”, која је поменута у неким новинским извештајима, навела је на свом
            фејсбук налогу: „Желимо да се обратимо свима и да кажемо да наша група нема никакве везе са тим нападима, са
            групом од 50 хулигана која је шипкама и ножевима напала Роме (ако је уопште и дошло до тог напада), као што
            пишу медији. Ми се кроз то насеље враћамо већ шест година и никад није било проблема!”
            Овогодишње обележавање Међународног дана Рома у свечаној сали града Лесковца можда на најбољи начин
            одсликава односе Срба и ромске заједнице. Заменица градоначелника др Јасмина Ранђеловић, која је
            представницима ромске националности честитала празник, у своје име и у име градоначелника Лесковца др Горана
            Цветановића, казала је: „Задатак Лесковца је да свим грађанима обезбеди адекватне услове у којима ће радити
            и на тај начин допринети развоју града и државе у којој живе, али и развоју њих самих. Србија је једна од
            ретких држава у којој националне мањине имају подједнаке услове за живот и деловање, те и за образовање и
            школовање.”
            Она је додала да су Роми познати по својој окретности, таленту за песму, игру, а највише по свом веселом
            духу, који је њихов савезник у свим тешким временима, које су као нација доживели у разним ратовима.
            Директор Дома културе Рома у Лесковцу Срећко Живковић захвалио је заменици градоначелника др Јасмини
            Ранђеловић на топлом пријему и лепим речима.
            На подручју града Лесковца, према последњем попису, живи око 8.000 припадника ромске националне мањине.
            Светски дан Рома обележава се у част Првог светског конгреса Рома, одржаног 8. априла 1971. године у
            Лондону, када је за химну Рома изабрана песма „Ђелем ђелем”, и установљена ромска застава плаво-зелене боје
            са точком у средини.
            У Лесковцу је евидентирана 1.221 незапослена особа која се изјашњава као припадник ромске заједнице, а међу
            њима је 521 женског пола. Незапослене особе на евиденцији НСЗ чине осам процената. Квалификациона структура
            незапослених Рома у Лесковцу је изузетно неповољна јер они са првим степеном стручне спреме (незавршена,
            делимично и завршена основна школа) чине 87 одсто од укупног броја. У трећем и четвртом степену (средња
            стручна спрема) евидентирано је 136 особа, док је са шестим степеном три, а са седмим степеном четири
            незапослене особе.
        </article-text>
        <article-text-transliterated>U ovom gradu bilo je sporadičnih sukoba između Srba i Roma, ali oni nisu
            inspirisani nacionalnom netrpeljivošću. Leskovac – U Leskovcu, u tri naselja žive Romi. Najnovija dešavanja,
            u pojedinim sredstvima informisanja predstavljena su kao da su huligani opremljeni noževima, palicama i
            drugom sredstvima, toliko zapretili žiteljima Podvorca (gde žive i Srbi), da su se svi uplašili i počeli da
            beže „glavom bez obzira”.
            Prema saopštenju PU, u dva izdvojena slučaja, van romskih naselja, sedam maloletnih osoba učestvovalo je u
            incidentu u kojem su napadnuti pripadnici romske nacionalnosti. Kako smo već javili, policiji je prijavljen
            i treći događaj, odnosno da je na veselju u romskom naselju nekoliko ženskih osoba romske nacionalnosti
            napalo više nepoznatih muškaraca. Radom na ovoj prijavi, i posle obavljenog razgovora sa organizatorom
            proslave i nekoliko gostiju, utvrđeno je da nije bilo napada.
            Gradonačelnik Leskovca dr Goran Cvetanović u jučerašnjem saopštenju naglašava: „Najoštrije osuđujem napade
            na pripadnike romske nacionalne manjine. Grad Leskovac ulaže napore kako bi se položaj Roma poboljšao i
            pruža podršku njihovoj inkluziji. Romi su ravnopravni građani. Lokalna samouprava se trudi da Romima
            obezbedi adekvatne uslove za život i rad, a najvažnije je da se svi naši građani osećaju sigurno. Imam
            poverenje u rad nadležnih institucija i verujem da će slučaj napada biti rešen i da će biti preduzete sve
            mere da se ne ponovi.”
            Godinama, pa i decenijama, u Leskovcu, kao i drugde u Srbiji, bilo je sporadičnih sukoba između Srba i Roma,
            ali kako je više puta naglašavano i na zvaničnim sastancima u lokalnoj samouprava i romskim mesnim
            zajednicama, nisu bili organizovani i inspirisani nacionalnom ili verskom netrpeljivošću.
            Pre osam godina na zidu zgrade na trgu Marko Crni, u kojoj se okupljaju mladi Romi, u leskovačkom naselju
            Podvorce, bio je ispisan grafit uvredljive sadržine i to na engleskom jeziku „welcome to GTA – cigani
            teritory”.
            Grupa navijača „Leskovački vukovi”, koja je pomenuta u nekim novinskim izveštajima, navela je na svom
            fejsbuk nalogu: „Želimo da se obratimo svima i da kažemo da naša grupa nema nikakve veze sa tim napadima, sa
            grupom od 50 huligana koja je šipkama i noževima napala Rome (ako je uopšte i došlo do tog napada), kao što
            pišu mediji. Mi se kroz to naselje vraćamo već šest godina i nikad nije bilo problema!”
            Ovogodišnje obeležavanje Međunarodnog dana Roma u svečanoj sali grada Leskovca možda na najbolji način
            odslikava odnose Srba i romske zajednice. Zamenica gradonačelnika dr Jasmina Ranđelović, koja je
            predstavnicima romske nacionalnosti čestitala praznik, u svoje ime i u ime gradonačelnika Leskovca dr Gorana
            Cvetanovića, kazala je: „Zadatak Leskovca je da svim građanima obezbedi adekvatne uslove u kojima će raditi
            i na taj način doprineti razvoju grada i države u kojoj žive, ali i razvoju njih samih. Srbija je jedna od
            retkih država u kojoj nacionalne manjine imaju podjednake uslove za život i delovanje, te i za obrazovanje i
            školovanje.”
            Ona je dodala da su Romi poznati po svojoj okretnosti, talentu za pesmu, igru, a najviše po svom veselom
            duhu, koji je njihov saveznik u svim teškim vremenima, koje su kao nacija doživeli u raznim ratovima.
            Direktor Doma kulture Roma u Leskovcu Srećko Živković zahvalio je zamenici gradonačelnika dr Jasmini
            Ranđelović na toplom prijemu i lepim rečima.
            Na području grada Leskovca, prema poslednjem popisu, živi oko 8.000 pripadnika romske nacionalne manjine.
            Svetski dan Roma obeležava se u čast Prvog svetskog kongresa Roma, održanog 8. aprila 1971. godine u
            Londonu, kada je za himnu Roma izabrana pesma „Đelem đelem”, i ustanovljena romska zastava plavo-zelene boje
            sa točkom u sredini.
            U Leskovcu je evidentirana 1.221 nezaposlena osoba koja se izjašnjava kao pripadnik romske zajednice, a među
            njima je 521 ženskog pola. Nezaposlene osobe na evidenciji NSZ čine osam procenata. Kvalifikaciona struktura
            nezaposlenih Roma u Leskovcu je izuzetno nepovoljna jer oni sa prvim stepenom stručne spreme (nezavršena,
            delimično i završena osnovna škola) čine 87 odsto od ukupnog broja. U trećem i četvrtom stepenu (srednja
            stručna sprema) evidentirano je 136 osoba, dok je sa šestim stepenom tri, a sa sedmim stepenom četiri
            nezaposlene osobe.
        </article-text-transliterated>
    </article>
    <comments>
        <comments-count>9</comments-count>
        <comment-list>
            <comment comment-id="1">
                <comment-parent-id/>
                <comment-text>Ja sam iz zeke buljubase manja galama nocu ,manje muzika ,mirniji su po ulice nestvaraju
                    buku i ljubazniji su zar sve ovo treba da se desi da se neko upristoji vec jednom
                </comment-text>
                <comment-text-transliterated>Ja sam iz zeke buljubase manja galama nocu ,manje muzika ,mirniji su po
                    ulice nestvaraju buku i ljubazniji su zar sve ovo treba da se desi da se neko upristoji vec jednom
                </comment-text-transliterated>
            </comment>
            <comment comment-id="2">
                <comment-parent-id/>
                <comment-text>Romi imaju sva prava u ovoj državi, a koju obavezu ispunjavaju? Ne 80%, tvrdim da 99%
                    njihove populacije ne plaća usluge JKP “Komunalac”, “PWW”-a i Elektrodistribucije, a kada su njihovi
                    radnici dosli da u Podvorcu “iseku” struju brutalno ih je pretukla gomila roma, policija ništa nije
                    smela da preduzme a sutradan u Leskovcu došao ndijski ambasador da zaštiti njihova prava.Uveče jedva
                    možete proći pored trga Crnog Marka, romi u gomili opstruišu saobraćaj a ko ide pešice “zaradi” i
                    pljuvačku na licu ili odeći.Pitanje na kraju-ko je ovde građanin drugog reda…
                </comment-text>
                <comment-text-transliterated>Romi imaju sva prava u ovoj državi, a koju obavezu ispunjavaju? Ne 80%,
                    tvrdim da 99% njihove populacije ne plaća usluge JKP “Komunalac”, “PWW”-a i Elektrodistribucije, a
                    kada su njihovi radnici dosli da u Podvorcu “iseku” struju brutalno ih je pretukla gomila roma,
                    policija ništa nije smela da preduzme a sutradan u Leskovcu došao ndijski ambasador da zaštiti
                    njihova prava.Uveče jedva možete proći pored trga Crnog Marka, romi u gomili opstruišu saobraćaj a
                    ko ide pešice “zaradi” i pljuvačku na licu ili odeći.Pitanje na kraju-ko je ovde građanin drugog
                    reda…
                </comment-text-transliterated>
            </comment>
            <comment comment-id="2-1">
                <comment-parent-id>2</comment-parent-id>
                <comment-text>А ко је грађанин другог реда?</comment-text>
                <comment-text-transliterated>A ko je građanin drugog reda?</comment-text-transliterated>
            </comment>
            <comment comment-id="3">
                <comment-parent-id/>
                <comment-text>Када ћемо се овако бринути о нападима на Србе као што се бринемо на нападе на мањине?
                </comment-text>
                <comment-text-transliterated>Kada ćemo se ovako brinuti o napadima na Srbe kao što se brinemo na napade
                    na manjine?
                </comment-text-transliterated>
            </comment>
            <comment comment-id="4">
                <comment-parent-id/>
                <comment-text>" (незавршена, делимично и завршена основна школа) чине 87 одсто од укупног броја." To je
                    prava katastrofa. Hitno su potrebni programi doobrazovanja što većeg broja Roma, a naročito mladih
                    Roma. U nihovom zaostajanju za prosekom je glavni razlog njihovog teškog položaja. Zašto se država i
                    NGO više ne angažuju na ovom planu?
                </comment-text>
                <comment-text-transliterated>" (nezavršena, delimično i završena osnovna škola) čine 87 odsto od ukupnog
                    broja." To je prava katastrofa. Hitno su potrebni programi doobrazovanja što većeg broja Roma, a
                    naročito mladih Roma. U nihovom zaostajanju za prosekom je glavni razlog njihovog teškog položaja.
                    Zašto se država i NGO više ne angažuju na ovom planu?
                </comment-text-transliterated>
            </comment>
            <comment comment-id="4-1">
                <comment-parent-id>4</comment-parent-id>
                <comment-text>@Milena i SafetTreba da vas je sramota. Vecina u Srbiji se prema Romima odnosi
                    diskriminatorski. Na primer, iako Romi govore jezik totalno razlicit od srpskog, jos nisam cuo da se
                    njima nudi nastava na svom (romskom) jeziku makar u osnovnoj skoli. Iskljuceni su iz svega. U mnogim
                    opstinama, maticne sluzbe odbijaju da njihovu decu u maticne knjige. Ta deca onda nemaju pristup
                    skolovanju. Kad odrastu, ne mogu da dobiju licna dokumenta. Decji dodatak dobija tek jedna trecina
                    Roma za svoju decu. EU daje svake godine ogromna sredstva za opismenjavanje Roma. Od tih para
                    ministarstvo prosvete placa stotine clanova raznih komiteta i komisija a samo mali deo novca se
                    koristi za opismenjavanje. Glavna razonoda mladih siledzija u celoj zemlji je presretanje (naravno u
                    gomili kao sto rade psi), prebijanje pa i ubistva Roma. Vecina tih zlocina prodje nekaznjena jer
                    vlasti zazmure na to. Polozaj Roma u Srbiji je najveca mrlja na nasem nacionalnom karakteru.
                </comment-text>
                <comment-text-transliterated>@Milena i SafetTreba da vas je sramota. Vecina u Srbiji se prema Romima
                    odnosi diskriminatorski. Na primer, iako Romi govore jezik totalno razlicit od srpskog, jos nisam
                    cuo da se njima nudi nastava na svom (romskom) jeziku makar u osnovnoj skoli. Iskljuceni su iz
                    svega. U mnogim opstinama, maticne sluzbe odbijaju da njihovu decu u maticne knjige. Ta deca onda
                    nemaju pristup skolovanju. Kad odrastu, ne mogu da dobiju licna dokumenta. Decji dodatak dobija tek
                    jedna trecina Roma za svoju decu. EU daje svake godine ogromna sredstva za opismenjavanje Roma. Od
                    tih para ministarstvo prosvete placa stotine clanova raznih komiteta i komisija a samo mali deo
                    novca se koristi za opismenjavanje. Glavna razonoda mladih siledzija u celoj zemlji je presretanje
                    (naravno u gomili kao sto rade psi), prebijanje pa i ubistva Roma. Vecina tih zlocina prodje
                    nekaznjena jer vlasti zazmure na to. Polozaj Roma u Srbiji je najveca mrlja na nasem nacionalnom
                    karakteru.
                </comment-text-transliterated>
            </comment>
            <comment comment-id="4-2">
                <comment-parent-id>4</comment-parent-id>
                <comment-text>Nije tačno da im išta fali u školi, osim što pojedini ne žele da uče. Oni Romi koji se
                    potrude i imaju podršku u kući, tj. cene značaj škole, oni i napreduju. Međutim, izgleda da većini
                    njih obrazovanje i napredovanje na društvenoj lestvici nije prioritet. Moja deca su išla u školu na
                    Dorćolu u kojoj je bilo možda najviše romske dece u glavnom gradu, i učiteljice su se veoma veoma
                    trudile oko njih, i oko njihovih roditelja. Jedino što učiteljice nisu mogle da ih dovode u školu,
                    pošto mnogi nisu redovno dolazili, a na času mnogi nisu hteli da slušaju, da pišu, itd. Bukvalno im
                    je sve pruženo na maksimalnom nivou, čak možda i više nego drugoj deci. "Pozitivna diskriminacija"
                    je medveđa usluga koju države čine ovoj manjini, uljuljkuju ih pričama o zaštićenosti i nekim sitnim
                    nadoknadama. Osim toga, mnogi od njih prosto ne žele da se menjaju, žele da zadrže svoj
                    tradicionalni način života, kao što rade i u drugim zemljama gde žive, i imaju prava na to.
                </comment-text>
                <comment-text-transliterated>Nije tačno da im išta fali u školi, osim što pojedini ne žele da uče. Oni
                    Romi koji se potrude i imaju podršku u kući, tj. cene značaj škole, oni i napreduju. Međutim,
                    izgleda da većini njih obrazovanje i napredovanje na društvenoj lestvici nije prioritet. Moja deca
                    su išla u školu na Dorćolu u kojoj je bilo možda najviše romske dece u glavnom gradu, i učiteljice
                    su se veoma veoma trudile oko njih, i oko njihovih roditelja. Jedino što učiteljice nisu mogle da ih
                    dovode u školu, pošto mnogi nisu redovno dolazili, a na času mnogi nisu hteli da slušaju, da pišu,
                    itd. Bukvalno im je sve pruženo na maksimalnom nivou, čak možda i više nego drugoj deci. "Pozitivna
                    diskriminacija" je medveđa usluga koju države čine ovoj manjini, uljuljkuju ih pričama o
                    zaštićenosti i nekim sitnim nadoknadama. Osim toga, mnogi od njih prosto ne žele da se menjaju, žele
                    da zadrže svoj tradicionalni način života, kao što rade i u drugim zemljama gde žive, i imaju prava
                    na to.
                </comment-text-transliterated>
            </comment>
            <comment comment-id="4-3">
                <comment-parent-id>4</comment-parent-id>
                <comment-text>@Safet Nešto ipak ne štima. Ispada sad da su Romi u najboljem položaju u Srbiji. Ne mogu
                    da prihvatim stereotip Roma neradnika i kradljivca. Mnogo je blizu rasističkog pristupa pa makar
                    dolazio i od samog Roma. Zato se i banditi usudjuju da organizuju pogrom na njih. Niko ne bi
                    dobrovoljno hteo da živi onako, kako oni žive i da se sa njima menja. Sve počinje u školi i svi
                    znamo kakve šanse imaju Romska deca i kako su tretirana. Romima kao punopravnim gradjanima Srbije je
                    potrebna pomoć na koju imaju puno pravo .
                </comment-text>
                <comment-text-transliterated>@Safet Nešto ipak ne štima. Ispada sad da su Romi u najboljem položaju u
                    Srbiji. Ne mogu da prihvatim stereotip Roma neradnika i kradljivca. Mnogo je blizu rasističkog
                    pristupa pa makar dolazio i od samog Roma. Zato se i banditi usudjuju da organizuju pogrom na njih.
                    Niko ne bi dobrovoljno hteo da živi onako, kako oni žive i da se sa njima menja. Sve počinje u školi
                    i svi znamo kakve šanse imaju Romska deca i kako su tretirana. Romima kao punopravnim gradjanima
                    Srbije je potrebna pomoć na koju imaju puno pravo .
                </comment-text-transliterated>
            </comment>
            <comment comment-id="4-4">
                <comment-parent-id>4</comment-parent-id>
                <comment-text>A šta treba država da uradi ,da sednu poslanici(odbornici) da uče umesto mladih Roma?U
                    Leskovcu je stanje tipično pozitivne diskriminacije,Romi ne plaćaju (80 % njih)električnu
                    energiju,vodu,iznošenje smeća,poreze.A sve što mogu da dobiju od države i Evropskih fondova
                    uzimaju.Dvadesetoh u mesecu ne možete ući u poštu od Roma ,cele porodice dođu jedni podižu
                    materijalnu pompć(socijalu),drugi dečije i roditeljske dodatke,treći neka sresdtva iz EU fondova
                    .Prisustvovao sam scenama da njih troje odraslih iz porodice pokupe 80000 din ukupno.Pa što bi onda
                    učili ili radili!A zimi pola njih zapali za Nemačku pa par meseci žive na račun Nemaca čekaju
                    azil,pa ih odbiju onda se žale itd!Sve ovo kažem kao Rom ali spadam i onih deset posto koji rade i
                    nešto malo sam završio od škole.
                </comment-text>
                <comment-text-transliterated>A šta treba država da uradi ,da sednu poslanici(odbornici) da uče umesto
                    mladih Roma?U Leskovcu je stanje tipično pozitivne diskriminacije,Romi ne plaćaju (80 %
                    njih)električnu energiju,vodu,iznošenje smeća,poreze.A sve što mogu da dobiju od države i Evropskih
                    fondova uzimaju.Dvadesetoh u mesecu ne možete ući u poštu od Roma ,cele porodice dođu jedni podižu
                    materijalnu pompć(socijalu),drugi dečije i roditeljske dodatke,treći neka sresdtva iz EU fondova
                    .Prisustvovao sam scenama da njih troje odraslih iz porodice pokupe 80000 din ukupno.Pa što bi onda
                    učili ili radili!A zimi pola njih zapali za Nemačku pa par meseci žive na račun Nemaca čekaju
                    azil,pa ih odbiju onda se žale itd!Sve ovo kažem kao Rom ali spadam i onih deset posto koji rade i
                    nešto malo sam završio od škole.
                </comment-text-transliterated>
            </comment>
        </comment-list>
    </comments>
</document>