<document global-id="sr-01-1205"><url>http://www.politika.rs/scc/clanak/419327/%D0%9A%D1%80%D0%B0%D1%99%D0%B5%D0%B2%D0%B8%D1%9B-%D0%B8-%D0%BF%D1%80%D0%BE%D1%81%D1%98%D0%B0%D0%BA</url><source-id>sr-01</source-id><local-id>sr-01-1205</local-id><source-name>Politika</source-name><article><article-title>Краљевић и просјак</article-title><article-title-transliterated>Kraljević i prosjak</article-title-transliterated><article_time>2018-12-30</article_time><article-author>Aleksandar Apostolovski</article-author><article-text>
Ко је икада и помислио да ће Александар Други Карађорђевић стећи харизму, довољну да би и највећи песимисти у Крунском савету сањали да би могао да постане краљ, тај довољно не познаје ни Александра, ни Србе. Испоставило се да и Александар не познаје менталитет својих поданика – како оне који се куну у краља и отаџбину, тако и оне друге, који се чудно загледају у кафани док наручују песму „Тихо хучи Сутјеска”.
Дошавши први пут међу Србе, који су се разводили од комунизма, син последњег југословенског краља понашао се као да су га, од рођења у Лондону и током његовог одрастања у Империји, дворјани васпитавали да, уместо круне, на глави носи капу Деда Мраза и тако дизајниран одлази на летовање. Тако је потомак Црног Ђорђа разочарао масе које су, у бракоразводном процесу с црвенима, очекивали да ће постати њихов тата.
Упознавши га, мудри патријарх Павле му је, те 1991. године, саветовао да причека с повратком. Заправо му је прорекао судбину. Какав апсурд. Наследник круне није имао никакве шансе у српској игри престола. Све улоге су већ биле подељене. Нови вођа је већ био креиран на Осмој седници, лидери опозиције су се рађали самостално или су узгајани у баштама Државне безбедности, београдске хотеле у то доба запоселе су чудне птице, весници рата, док је Александар, ступајући у земљу чуда, био предодређен за статисту! Милошевићева екипа, подржана војводом Шешељем, учинила је све да Њ. К. В. пољуби први пут српску земљу као престолонаследник, а напусти је као паж.


Драган Стојановић


И за то је Александар Други Карађорђевић понајмање крив. Силни академици, књижевници и лидери опозиционих странака, који су прошли брзи курс крштења, тако што су песницу коју су прислањали на чело раставили на три прста, у њему су видели тек корисну куглицу, извучену из рулета историје. Док би он позирао с круном, они би владали. Испоставило се, међутим, да су током апсолутизма црвене републике монархија и краљ постали тек део фолклора, у кафанској култури пребогатој уметницима држања банке.
Зато треба бити поштен према Александру. Да су његови заштитници у избеглиштву, задња пошта Лондон, желели да заиста постане краљ, осим школовања на стерилним колеџима у Швајцарској и Војној академији Уједињеног Краљевства, он би истовремено учио српски језик, а нарочито историју, како би заувек запамтио да племићко порекло истовремено носи усуд. Рођени су да за круну буду виши од својих поданика, али, готово по правилу, осуђени да заврше нижи растом, скраћени и за круну и за главу! За такву обуку, престолонаследник је имао све време овог света, те би проговорио српски као Мића Орловић, а све тајне из српске мрачне шуме, познавао као Добрица Ћосић.
Зато је Александар пропустио и другу шансу. После пада Милошевића, нове демократске власти предају му кључеве Белог и Старог двора, митског забрањеног града на Дедињу. Коштуница и Ђинђић су, очигледно, сматрали да његов повратак представља симбол националног помирења републиканаца и ројалиста, па му додељују стражу Војске Југославије, апанажу из буџета, којом он формира свиту дворјана-јапијеваца, задужених, махом, да му преводе штампу или организују хуманитарне и празничне пријеме.
Али он ипак показује да поседује барем једну типичну српску особину. Из наследног ината није хтео да научи српски! Ако америчког амбасадора Кајла Скота или његовог кинеског колегу Ли Манчанга могу разумети савршено и на Карабурми и у Власотинцу, Њ. К. В. све се ређе обраћа јавно свом народу, свестан да би могао да направи нови лингвистички инцидент и постане, уместо несуђеног монарха републиканске Србије, краљ гафова.
И, коначно, трећу шансу пропушта управо ових дана, тражећи да му се врати Бели двор с околином, који је изградио његов деда Александар Први, а довршио кнез Павле, по мом скромном суду најмудрији Карађорђевић. Држава му, као законску компензацију, нуди пола милиона евра, као врсту отпремнине, јер свака републиканска власт која би се одрекла „српског Версаја”, пошто је више од 18 година прихватила да принц управља дворовима, сматрала би се у најмању руку неурачунљивом.
Да је Александар учинио другачије и да је рекао како се одриче власничких права на дворове и заувек их препушта свом верном и осиромашеном народу и да му чак ни 500.000 евра нису потребни, јер је свестан да је тај новац потребнији другима, сигуран сам како би изненада његов српски језик волшебно постао књижевни. Па макар рекао: „Моја двор је ваша двор.” Александар после тог потеза не би постао краљ, али би испао цар! И коначно би, после толико година, са својим поданицима пронашао заједнички језик и стекао поштовање најзагриженијих републиканаца.
Али, како год се завршила монархистичка сапуница, једна ствар је сигурна. Александар неће бити ни краљевић, ни просјак.
</article-text><article-text-transliterated>
Ko je ikada i pomislio da će Aleksandar Drugi Karađorđević steći harizmu, dovoljnu da bi i najveći pesimisti u Krunskom savetu sanjali da bi mogao da postane kralj, taj dovoljno ne poznaje ni Aleksandra, ni Srbe. Ispostavilo se da i Aleksandar ne poznaje mentalitet svojih podanika – kako one koji se kunu u kralja i otadžbinu, tako i one druge, koji se čudno zagledaju u kafani dok naručuju pesmu „Tiho huči Sutjeska”.
Došavši prvi put među Srbe, koji su se razvodili od komunizma, sin poslednjeg jugoslovenskog kralja ponašao se kao da su ga, od rođenja u Londonu i tokom njegovog odrastanja u Imperiji, dvorjani vaspitavali da, umesto krune, na glavi nosi kapu Deda Mraza i tako dizajniran odlazi na letovanje. Tako je potomak Crnog Đorđa razočarao mase koje su, u brakorazvodnom procesu s crvenima, očekivali da će postati njihov tata.
Upoznavši ga, mudri patrijarh Pavle mu je, te 1991. godine, savetovao da pričeka s povratkom. Zapravo mu je prorekao sudbinu. Kakav apsurd. Naslednik krune nije imao nikakve šanse u srpskoj igri prestola. Sve uloge su već bile podeljene. Novi vođa je već bio kreiran na Osmoj sednici, lideri opozicije su se rađali samostalno ili su uzgajani u baštama Državne bezbednosti, beogradske hotele u to doba zaposele su čudne ptice, vesnici rata, dok je Aleksandar, stupajući u zemlju čuda, bio predodređen za statistu! Miloševićeva ekipa, podržana vojvodom Šešeljem, učinila je sve da Nj. K. V. poljubi prvi put srpsku zemlju kao prestolonaslednik, a napusti je kao paž.


Dragan Stojanović


I za to je Aleksandar Drugi Karađorđević ponajmanje kriv. Silni akademici, književnici i lideri opozicionih stranaka, koji su prošli brzi kurs krštenja, tako što su pesnicu koju su prislanjali na čelo rastavili na tri prsta, u njemu su videli tek korisnu kuglicu, izvučenu iz ruleta istorije. Dok bi on pozirao s krunom, oni bi vladali. Ispostavilo se, međutim, da su tokom apsolutizma crvene republike monarhija i kralj postali tek deo folklora, u kafanskoj kulturi prebogatoj umetnicima držanja banke.
Zato treba biti pošten prema Aleksandru. Da su njegovi zaštitnici u izbeglištvu, zadnja pošta London, želeli da zaista postane kralj, osim školovanja na sterilnim koledžima u Švajcarskoj i Vojnoj akademiji Ujedinjenog Kraljevstva, on bi istovremeno učio srpski jezik, a naročito istoriju, kako bi zauvek zapamtio da plemićko poreklo istovremeno nosi usud. Rođeni su da za krunu budu viši od svojih podanika, ali, gotovo po pravilu, osuđeni da završe niži rastom, skraćeni i za krunu i za glavu! Za takvu obuku, prestolonaslednik je imao sve vreme ovog sveta, te bi progovorio srpski kao Mića Orlović, a sve tajne iz srpske mračne šume, poznavao kao Dobrica Ćosić.
Zato je Aleksandar propustio i drugu šansu. Posle pada Miloševića, nove demokratske vlasti predaju mu ključeve Belog i Starog dvora, mitskog zabranjenog grada na Dedinju. Koštunica i Đinđić su, očigledno, smatrali da njegov povratak predstavlja simbol nacionalnog pomirenja republikanaca i rojalista, pa mu dodeljuju stražu Vojske Jugoslavije, apanažu iz budžeta, kojom on formira svitu dvorjana-japijevaca, zaduženih, mahom, da mu prevode štampu ili organizuju humanitarne i praznične prijeme.
Ali on ipak pokazuje da poseduje barem jednu tipičnu srpsku osobinu. Iz naslednog inata nije hteo da nauči srpski! Ako američkog ambasadora Kajla Skota ili njegovog kineskog kolegu Li Mančanga mogu razumeti savršeno i na Karaburmi i u Vlasotincu, Nj. K. V. sve se ređe obraća javno svom narodu, svestan da bi mogao da napravi novi lingvistički incident i postane, umesto nesuđenog monarha republikanske Srbije, kralj gafova.
I, konačno, treću šansu propušta upravo ovih dana, tražeći da mu se vrati Beli dvor s okolinom, koji je izgradio njegov deda Aleksandar Prvi, a dovršio knez Pavle, po mom skromnom sudu najmudriji Karađorđević. Država mu, kao zakonsku kompenzaciju, nudi pola miliona evra, kao vrstu otpremnine, jer svaka republikanska vlast koja bi se odrekla „srpskog Versaja”, pošto je više od 18 godina prihvatila da princ upravlja dvorovima, smatrala bi se u najmanju ruku neuračunljivom.
Da je Aleksandar učinio drugačije i da je rekao kako se odriče vlasničkih prava na dvorove i zauvek ih prepušta svom vernom i osiromašenom narodu i da mu čak ni 500.000 evra nisu potrebni, jer je svestan da je taj novac potrebniji drugima, siguran sam kako bi iznenada njegov srpski jezik volšebno postao književni. Pa makar rekao: „Moja dvor je vaša dvor.” Aleksandar posle tog poteza ne bi postao kralj, ali bi ispao car! I konačno bi, posle toliko godina, sa svojim podanicima pronašao zajednički jezik i stekao poštovanje najzagriženijih republikanaca.
Ali, kako god se završila monarhistička sapunica, jedna stvar je sigurna. Aleksandar neće biti ni kraljević, ni prosjak.
</article-text-transliterated></article><comments><comments-count>29</comments-count><comments-list><comment comment-id="1"><comment-parent-id /><comment-text>Bravo, Bako! Napisali ste ono, sto i ja mislim.</comment-text><comment-text-transliterated>Bravo, Bako! Napisali ste ono, sto i ja mislim.</comment-text-transliterated></comment><comment comment-id="2"><comment-parent-id /><comment-text>Molim Vas da navedete po kom je to pravilu sadasnji princ Aleksandar Karadjordjevic DRUGI (II) kad on nije ni blizu da postane kralj. Takodje sam razocaran u poznavanje nase blize istorije pisca ovog stubca, gospodina Aposatolovskog, jer nam nekoliko puta ponavlja da je deda sadasnjeg princa
Aleksandra bio kralj Aleksandar PRVI. Pa ko je onda bio kralj Aleksandar Obrenovic ("Iskasapljeni")posle koga je ovaj dosao u Srbiju, sa ocem Petrom. Nije li on, Obrenovic, bio Aleksandar PRVI. Dinastije se ne racunaju u imenaima onih na cijoj je glavi kruna, pa bio on i Rimski Papa. Da i ne pominjemo jos ranijeg srpskog vladara  kneza Aleksandra Karadjordjevica koji je malo poznat svojim sadasnjim zemljacima. Nemojte svoje neznanje sejati po Srbiji.
</comment-text><comment-text-transliterated>Molim Vas da navedete po kom je to pravilu sadasnji princ Aleksandar Karadjordjevic DRUGI (II) kad on nije ni blizu da postane kralj. Takodje sam razocaran u poznavanje nase blize istorije pisca ovog stubca, gospodina Aposatolovskog, jer nam nekoliko puta ponavlja da je deda sadasnjeg princa
Aleksandra bio kralj Aleksandar PRVI. Pa ko je onda bio kralj Aleksandar Obrenovic ("Iskasapljeni")posle koga je ovaj dosao u Srbiju, sa ocem Petrom. Nije li on, Obrenovic, bio Aleksandar PRVI. Dinastije se ne racunaju u imenaima onih na cijoj je glavi kruna, pa bio on i Rimski Papa. Da i ne pominjemo jos ranijeg srpskog vladara  kneza Aleksandra Karadjordjevica koji je malo poznat svojim sadasnjim zemljacima. Nemojte svoje neznanje sejati po Srbiji.
</comment-text-transliterated></comment><comment comment-id="3"><comment-parent-id /><comment-text>Већина пита откуд краљу, а нико не пита откуд новокомпонованим "краљевићима" од ћерпича? Краљица Марија је својим синовима стављала закрпе на чарапе и панталоне. Не ради се о томе дали је он престолонаследник, нити да је он Енглез српског порекла и да нема појма српски и  дали је уопште православац, већ о томе да је наследник бесправно отетог имања. Реч је о ПРИВАТНОМ ВЛАСНИШТВУ - на чије се име водило имање и ко га је откупио, тачније ко је за њега дао паре, јер босоноги и неписмени лупменпролетери "комунисти" типа "то је народно" су сада најбогатији људи у Србији и целој бившој Југи - обогатише се најпре на буржујско благо, а затим на друштвено власништво! Дали је тржишна ("законска") цена вредности Белог Двора пола милиона евра?! Фер је да то што је неко одузимао и отимао сада поштено врати и плати власнику! Дали би неко од новокомпонованих црвено-браон буржуја од опанака поклонио своје "беле" дворце држави и "сиротом" народу? Краљ је био један, и Тито такође, али Титића је превише!</comment-text><comment-text-transliterated>Većina pita otkud kralju, a niko ne pita otkud novokomponovanim "kraljevićima" od ćerpiča? Kraljica Marija je svojim sinovima stavljala zakrpe na čarape i pantalone. Ne radi se o tome dali je on prestolonaslednik, niti da je on Englez srpskog porekla i da nema pojma srpski i  dali je uopšte pravoslavac, već o tome da je naslednik bespravno otetog imanja. Reč je o PRIVATNOM VLASNIŠTVU - na čije se ime vodilo imanje i ko ga je otkupio, tačnije ko je za njega dao pare, jer bosonogi i nepismeni lupmenproleteri "komunisti" tipa "to je narodno" su sada najbogatiji ljudi u Srbiji i celoj bivšoj Jugi - obogatiše se najpre na buržujsko blago, a zatim na društveno vlasništvo! Dali je tržišna ("zakonska") cena vrednosti Belog Dvora pola miliona evra?! Fer je da to što je neko oduzimao i otimao sada pošteno vrati i plati vlasniku! Dali bi neko od novokomponovanih crveno-braon buržuja od opanaka poklonio svoje "bele" dvorce državi i "sirotom" narodu? Kralj je bio jedan, i Tito takođe, ali Titića je previše!</comment-text-transliterated></comment><comment comment-id="3-1"><comment-parent-id>3</comment-parent-id><comment-text>Хвала ти Милоје на исправци. Наравно, имај у виду да живим у Македонији и да сам српски језик учио давно, још у шестом разреду основне, па је могуће да ми се ту и тамо појави и понека правописна грешка.</comment-text><comment-text-transliterated>Hvala ti Miloje na ispravci. Naravno, imaj u vidu da živim u Makedoniji i da sam srpski jezik učio davno, još u šestom razredu osnovne, pa je moguće da mi se tu i tamo pojavi i poneka pravopisna greška.</comment-text-transliterated></comment><comment comment-id="3-2"><comment-parent-id>3</comment-parent-id><comment-text>Човече не пише се ДАЛИ него ДА ЛИ!</comment-text><comment-text-transliterated>Čoveče ne piše se DALI nego DA LI!</comment-text-transliterated></comment><comment comment-id="4"><comment-parent-id /><comment-text>Nama Srbima treba monarhija..tipa Španske..to nas izdvaja od ostalih malih naroda Balkana..da ga drugi imaju( Hrvati, Albanci, Sloveni, Makedonci) pa oni bi davno ga ustolicili i jos nas zafrkavali kako smo mala nacija i umjesto da to iskoristimo mi se svadjamo koliko je bogat kralj i zna li srpski..pa pola Srbije ne zna srpski..ja sam Srbin iz RS i nista ne kontam one sa juga Srbije..malo smijesno ali tako je..dosta nas iz Republike Srpske se nada da bi jednog dana sa ujedinjenjem sa Srbijom nova drzava trebala da bude i monarhija..Kralj je nase bogastvo, nasljeđe..uz njega ce doci i plemstvo, vidjeniji gradjani..odredjena kultura ponasanja, a ne treba ni zanemariti odredjenu reklamu u svijetu..pozdrav svim Srbima dobre volje..sretan Bozic i nastupajuci praznici..ZA KRALJA I OTADZBINU!!!</comment-text><comment-text-transliterated>Nama Srbima treba monarhija..tipa Španske..to nas izdvaja od ostalih malih naroda Balkana..da ga drugi imaju( Hrvati, Albanci, Sloveni, Makedonci) pa oni bi davno ga ustolicili i jos nas zafrkavali kako smo mala nacija i umjesto da to iskoristimo mi se svadjamo koliko je bogat kralj i zna li srpski..pa pola Srbije ne zna srpski..ja sam Srbin iz RS i nista ne kontam one sa juga Srbije..malo smijesno ali tako je..dosta nas iz Republike Srpske se nada da bi jednog dana sa ujedinjenjem sa Srbijom nova drzava trebala da bude i monarhija..Kralj je nase bogastvo, nasljeđe..uz njega ce doci i plemstvo, vidjeniji gradjani..odredjena kultura ponasanja, a ne treba ni zanemariti odredjenu reklamu u svijetu..pozdrav svim Srbima dobre volje..sretan Bozic i nastupajuci praznici..ZA KRALJA I OTADZBINU!!!</comment-text-transliterated></comment><comment comment-id="4-1"><comment-parent-id>4</comment-parent-id><comment-text>Ne.</comment-text><comment-text-transliterated>Ne.</comment-text-transliterated></comment><comment comment-id="5"><comment-parent-id /><comment-text>Господин Александар Карађорђевић није никада  чином миропомазања и крунисања добио краљевско име Александар Други Карађорђевић те га не можемо ословљавати тим именом. Он јесте рођен као принц, не као краљ и не као престолонаследник.  Да је Србија остала монархија питање је ко би био престолонаследник, тјс. да ли би у наслеђивању престола био поштован принцип проворођеног. Његов деда, Александар Први Карађорђевић, на пример, био је престолонаследник, а затим и краљ, иако није био прворођени син краља Петра Првог. Кћери крунисаног краља су српске принцезе само до склапања брака тј. до удаје. Након тог чина оне се ословљавају титулом коју су добиле по супругу. Неке су биле краљице, неке принцезе, неке војвоткиње и сл. али се епитет ”српска принцеза” губи.</comment-text><comment-text-transliterated>Gospodin Aleksandar Karađorđević nije nikada  činom miropomazanja i krunisanja dobio kraljevsko ime Aleksandar Drugi Karađorđević te ga ne možemo oslovljavati tim imenom. On jeste rođen kao princ, ne kao kralj i ne kao prestolonaslednik.  Da je Srbija ostala monarhija pitanje je ko bi bio prestolonaslednik, tjs. da li bi u nasleđivanju prestola bio poštovan princip provorođenog. Njegov deda, Aleksandar Prvi Karađorđević, na primer, bio je prestolonaslednik, a zatim i kralj, iako nije bio prvorođeni sin kralja Petra Prvog. Kćeri krunisanog kralja su srpske princeze samo do sklapanja braka tj. do udaje. Nakon tog čina one se oslovljavaju titulom koju su dobile po suprugu. Neke su bile kraljice, neke princeze, neke vojvotkinje i sl. ali se epitet ”srpska princeza” gubi.</comment-text-transliterated></comment><comment comment-id="6"><comment-parent-id /><comment-text>U  svetu  je  8  milijardi  gladnih  dusa.Srbija  ima  najplodniju  zemlju   Evropi. Trebala  bi  imati  i  najbolji  standard. Ali  zemlja  je  obrasa  u  korov  dok  51% Srba  je u diaspori "trbuhom  za  kruhom". To  mora  da  je predosecao  Dobrica  Cosic kada  se  1955  jedini  suprostavio  odlivu naroda  sa  sela  u  gradove.Tadasnji  sistem  je  zeleo  proletere   a ne  seljake. Ubijena  je  koka  koja  nosi  zlatna  jaja. Nije  cudno  da  Beograd, grad  bivsih  proletera, nema  ulicu  sa  njegovim  imenom..</comment-text><comment-text-transliterated>U  svetu  je  8  milijardi  gladnih  dusa.Srbija  ima  najplodniju  zemlju   Evropi. Trebala  bi  imati  i  najbolji  standard. Ali  zemlja  je  obrasa  u  korov  dok  51% Srba  je u diaspori "trbuhom  za  kruhom". To  mora  da  je predosecao  Dobrica  Cosic kada  se  1955  jedini  suprostavio  odlivu naroda  sa  sela  u  gradove.Tadasnji  sistem  je  zeleo  proletere   a ne  seljake. Ubijena  je  koka  koja  nosi  zlatna  jaja. Nije  cudno  da  Beograd, grad  bivsih  proletera, nema  ulicu  sa  njegovim  imenom..</comment-text-transliterated></comment><comment comment-id="7"><comment-parent-id /><comment-text>Сви коментатори који су против краља су пореклом комунисти. Док се српски народ бори да задржи комунистичко непоштовање својих историјских вредности, дотле неки клизајући проблеми-изазови напредују као нпр стални пад броја становника и стално исељавање.</comment-text><comment-text-transliterated>Svi komentatori koji su protiv kralja su poreklom komunisti. Dok se srpski narod bori da zadrži komunističko nepoštovanje svojih istorijskih vrednosti, dotle neki klizajući problemi-izazovi napreduju kao npr stalni pad broja stanovnika i stalno iseljavanje.</comment-text-transliterated></comment><comment comment-id="8"><comment-parent-id /><comment-text>Srpsko plemstvo je iscezlo u srednjem veku. Nakn toga Srbija je zemlja kmetova i hajduka, koji su preuzeli zastavu slobode na brdovitom Balkanu. Ostalo su bajke i mitovi, prenemaganje o nekakvom gospodstvu, koje nema uporiste u stvarnosti. Uostalom, i sam Crnjanski pisao je o tome U spomen Principu. Francuska, koja je imala, veliku, mocnu monahiju, narocito kralja Sunce, Luja 14-og, civilizovala je srednjevekovnu Evropu, izvela je pre vise od 200 godina revoluciju, koja je ukinula privilegije po rodjenju i istorju sveta usmerila u drugom pravcu. Danas je Francuska ponosna Republika i ni u najtezim vremenima kroz koja je prolazila, nikom nije padalo napamet da vraca monarhiju. Price o srpskom monarhizmu jednostavno ne stoje. Vecina kraljeva ili je ubijena ili proterana i retko je ko zavrsio prirodnom smrcu u sopstvenoj postelji.</comment-text><comment-text-transliterated>Srpsko plemstvo je iscezlo u srednjem veku. Nakn toga Srbija je zemlja kmetova i hajduka, koji su preuzeli zastavu slobode na brdovitom Balkanu. Ostalo su bajke i mitovi, prenemaganje o nekakvom gospodstvu, koje nema uporiste u stvarnosti. Uostalom, i sam Crnjanski pisao je o tome U spomen Principu. Francuska, koja je imala, veliku, mocnu monahiju, narocito kralja Sunce, Luja 14-og, civilizovala je srednjevekovnu Evropu, izvela je pre vise od 200 godina revoluciju, koja je ukinula privilegije po rodjenju i istorju sveta usmerila u drugom pravcu. Danas je Francuska ponosna Republika i ni u najtezim vremenima kroz koja je prolazila, nikom nije padalo napamet da vraca monarhiju. Price o srpskom monarhizmu jednostavno ne stoje. Vecina kraljeva ili je ubijena ili proterana i retko je ko zavrsio prirodnom smrcu u sopstvenoj postelji.</comment-text-transliterated></comment><comment comment-id="8-1"><comment-parent-id>8</comment-parent-id><comment-text>@Vladan
Ne brinite vi za Francusku. Prolazila je ona i kroz vece krize i uzdizala se uvek iznova. Vecina zemalj a na planeti su republike, a najmocnija drzva USA nikada nije bila monarhija. Posle WW2 neke Africke zemlje proglasavale su se za kraljevstva i carevine, a poslednja koja je to radila je mala ostrvska zemlja kraljevina Bahreini. Ne vidim da su se zbog toga usrecile, a Bahrein su potresali veliki verski sukobi, sunita i siita. Sto se tice kraljevine Srbije daleko je ona bila od stabilnosti, zbog velikih socijalnih razlika i nacionalistickih, sto je recept za dizastr. Posle pucnjave u Skupstini i ubistva brace Radica, Aleksandar je razmisljao da Hrvatsku pusti da izadje iz zajednicke drzave, a knez Pavle joj je darivao banovinu, u vreme kad nije morao i dao im vise vise nego sto su ocekivali. 
</comment-text><comment-text-transliterated>@Vladan
Ne brinite vi za Francusku. Prolazila je ona i kroz vece krize i uzdizala se uvek iznova. Vecina zemalj a na planeti su republike, a najmocnija drzva USA nikada nije bila monarhija. Posle WW2 neke Africke zemlje proglasavale su se za kraljevstva i carevine, a poslednja koja je to radila je mala ostrvska zemlja kraljevina Bahreini. Ne vidim da su se zbog toga usrecile, a Bahrein su potresali veliki verski sukobi, sunita i siita. Sto se tice kraljevine Srbije daleko je ona bila od stabilnosti, zbog velikih socijalnih razlika i nacionalistickih, sto je recept za dizastr. Posle pucnjave u Skupstini i ubistva brace Radica, Aleksandar je razmisljao da Hrvatsku pusti da izadje iz zajednicke drzave, a knez Pavle joj je darivao banovinu, u vreme kad nije morao i dao im vise vise nego sto su ocekivali. 
</comment-text-transliterated></comment><comment comment-id="8-2"><comment-parent-id>8</comment-parent-id><comment-text>Tu ponosnu Republiku gledamo svakog dana naulicama Pariza.. Republika je u naš uslovima izvor nestabilnosti</comment-text><comment-text-transliterated>Tu ponosnu Republiku gledamo svakog dana naulicama Pariza.. Republika je u naš uslovima izvor nestabilnosti</comment-text-transliterated></comment><comment comment-id="9"><comment-parent-id /><comment-text>Otkud Karađorđevićima toliko bogatstvo kada se oduvek pričalo da je posle ubistva kralja Aleksandra Obrenovića novi kralj Petar Karađorđević došao u Srbiju "bez dinara u džepu"? 
Svi ti dvorci,vile,crkve i ostalo napravljeno je od otetih narodnih para i normalno je da pripadaju narodu,  odnosno državi Srbiji.</comment-text><comment-text-transliterated>Otkud Karađorđevićima toliko bogatstvo kada se oduvek pričalo da je posle ubistva kralja Aleksandra Obrenovića novi kralj Petar Karađorđević došao u Srbiju "bez dinara u džepu"? 
Svi ti dvorci,vile,crkve i ostalo napravljeno je od otetih narodnih para i normalno je da pripadaju narodu,  odnosno državi Srbiji.</comment-text-transliterated></comment><comment comment-id="10"><comment-parent-id /><comment-text>Додао бих само нешто, ако ми администратор допусти. Сложићемо се да је васпитање детета веома утицајно на његов даљи живот. Престолонаследниковог стрица Томислава не можемо више да упитамо, а он има веома значајну улогу у престолонаследниковом васпитању. Принц Томислав је у извесним круговима називан, "црвени принц" који је више нагињао републици, остало се да спојити...</comment-text><comment-text-transliterated>Dodao bih samo nešto, ako mi administrator dopusti. Složićemo se da je vaspitanje deteta veoma uticajno na njegov dalji život. Prestolonaslednikovog strica Tomislava ne možemo više da upitamo, a on ima veoma značajnu ulogu u prestolonaslednikovom vaspitanju. Princ Tomislav je u izvesnim krugovima nazivan, "crveni princ" koji je više naginjao republici, ostalo se da spojiti...</comment-text-transliterated></comment><comment comment-id="11"><comment-parent-id /><comment-text>Mislim da autoru ovog članka nije bio potreban ovaj i ovakav prilog jer ne razume materiju. Nije razumeo ni sebe kada je trebalo da u direktnom kontaktu postavi pitanja predsedniku ove države, ne znam tačno da li u "Pink"u ili onoj drugoj tv kućici. Zbog ovakvih i sličnih razumevanja ili nerazumevanja, Srbi nemaju svoje plemiće, plemstvo u celini, jer se nikada nisu mogli dogovoriti. To nije dobro za sam narod.  Nisam sebi razjasnila šta je bolje za celu naciju i zato se izuzimam iz ovakve polemike koja nema svoje uporište. To što ne zna dovoljno srpski, to se može i razumeti spletom raznih okolnosti ali imovina je ipak imovina, mada nije moja. </comment-text><comment-text-transliterated>Mislim da autoru ovog članka nije bio potreban ovaj i ovakav prilog jer ne razume materiju. Nije razumeo ni sebe kada je trebalo da u direktnom kontaktu postavi pitanja predsedniku ove države, ne znam tačno da li u "Pink"u ili onoj drugoj tv kućici. Zbog ovakvih i sličnih razumevanja ili nerazumevanja, Srbi nemaju svoje plemiće, plemstvo u celini, jer se nikada nisu mogli dogovoriti. To nije dobro za sam narod.  Nisam sebi razjasnila šta je bolje za celu naciju i zato se izuzimam iz ovakve polemike koja nema svoje uporište. To što ne zna dovoljno srpski, to se može i razumeti spletom raznih okolnosti ali imovina je ipak imovina, mada nije moja. </comment-text-transliterated></comment><comment comment-id="11-1"><comment-parent-id>11</comment-parent-id><comment-text>Zapravo je tesko shvatiti da prestolonaslednik nije naucio srpski. Ja znam da on ne bi bio jedini kralj koji ne govori jezik svojih "podanika" ali je situacija tih drugih daleko bolja jer su oni ziveli u neka druga vremena imajuci vlastelu na koju se oslanjaju ili pak su bili pozvani da vladaju. Ni  jedno ni drugo nije situacija naseg prestolonaslednika. On se pre svega samo naziva prestolonaslednikom, ali to nije jer prestola nema, Srbija nije kraljevina vec republika. Dakle, prestolonaslednik je u situaciji da se
 nametne i svidi narodu, zbog narodne istorije pre svega. Zbog toga je taj srpski jezik vazan, ja bih rekao presudan. Aleksandar drugi nema nikakav drugi adut sem istorije i etnicke veze sa narodom, on nema nikakve druge zasluge koje bi u ocima naroda bile dovoljne za cak i ceremonijalnu ulogu kralja. Ostaje samo imovina, koja je istinski porodicna, koju mu narod duguje, i po mom misljenju treba da porodici bude vracena po pravdi, sta je cije. </comment-text><comment-text-transliterated>Zapravo je tesko shvatiti da prestolonaslednik nije naucio srpski. Ja znam da on ne bi bio jedini kralj koji ne govori jezik svojih "podanika" ali je situacija tih drugih daleko bolja jer su oni ziveli u neka druga vremena imajuci vlastelu na koju se oslanjaju ili pak su bili pozvani da vladaju. Ni  jedno ni drugo nije situacija naseg prestolonaslednika. On se pre svega samo naziva prestolonaslednikom, ali to nije jer prestola nema, Srbija nije kraljevina vec republika. Dakle, prestolonaslednik je u situaciji da se
 nametne i svidi narodu, zbog narodne istorije pre svega. Zbog toga je taj srpski jezik vazan, ja bih rekao presudan. Aleksandar drugi nema nikakav drugi adut sem istorije i etnicke veze sa narodom, on nema nikakve druge zasluge koje bi u ocima naroda bile dovoljne za cak i ceremonijalnu ulogu kralja. Ostaje samo imovina, koja je istinski porodicna, koju mu narod duguje, i po mom misljenju treba da porodici bude vracena po pravdi, sta je cije. </comment-text-transliterated></comment><comment comment-id="11-2"><comment-parent-id>11</comment-parent-id><comment-text>Срби имају племство, а то су наследници Немањића, Лазаревића, Бранковића и других. Где су они сад и шта раде то је неко друго питање. Карађорђе и Милош су били први међу једнакима, а то шта се после издешавало је само потреба Срба да има ''вођу''.</comment-text><comment-text-transliterated>Srbi imaju plemstvo, a to su naslednici Nemanjića, Lazarevića, Brankovića i drugih. Gde su oni sad i šta rade to je neko drugo pitanje. Karađorđe i Miloš su bili prvi među jednakima, a to šta se posle izdešavalo je samo potreba Srba da ima ''vođu''.</comment-text-transliterated></comment><comment comment-id="12"><comment-parent-id /><comment-text>Sta kazete za Titov srpskohrvatski ?</comment-text><comment-text-transliterated>Sta kazete za Titov srpskohrvatski ?</comment-text-transliterated></comment><comment comment-id="13"><comment-parent-id /><comment-text>Какве везеима има, да ли неко зна српски, па и наследници Карађорђевића а са правом на отето наследство. Све што је неком отето, одмах се мора вратити уз извињење. Статус АК треба народ да одреди. Шта рећи за многе, -  рођени у Србији, па још и одлучују - са стеченим високи звањем, који "телепронтују по аеродрумовима". Ооој Србијо, међу шљивама.</comment-text><comment-text-transliterated>Kakve vezeima ima, da li neko zna srpski, pa i naslednici Karađorđevića a sa pravom na oteto nasledstvo. Sve što je nekom oteto, odmah se mora vratiti uz izvinjenje. Status AK treba narod da odredi. Šta reći za mnoge, -  rođeni u Srbiji, pa još i odlučuju - sa stečenim visoki zvanjem, koji "teleprontuju po aerodrumovima". Oooj Srbijo, među šljivama.</comment-text-transliterated></comment><comment comment-id="14"><comment-parent-id /><comment-text>Никад нисам замерао нашем Престолонаследнику што не зна српски јер ЈА са њим свакако диванити нећу. Краљеви разговарају са свитом и са институцијама а не - појединцима. -  Али ...толико је времена прошло од кад је дошао у Србију да за незнање српског оправдања заиста више нема. Људи око Престолонаследика (свита) који или због жеље да "вежбају" енглески или због комфора самог Престолонаследника -  су му учинили медвеђу услугу неразговарајући са њим на српском. Српски народ је један од малобројних европских народа који има своју аутентичну краљевску династију и као такав - он очекује да припадници те породице буду аутентични и  - најмање што могу говоре српски. Иначе, што се тиче имовине - наравно да треба да се поштује приватна својина, али исто тако - краљ - као институција -  је изнад својине.</comment-text><comment-text-transliterated>Nikad nisam zamerao našem Prestolonasledniku što ne zna srpski jer JA sa njim svakako divaniti neću. Kraljevi razgovaraju sa svitom i sa institucijama a ne - pojedincima. -  Ali ...toliko je vremena prošlo od kad je došao u Srbiju da za neznanje srpskog opravdanja zaista više nema. Ljudi oko Prestolonasledika (svita) koji ili zbog želje da "vežbaju" engleski ili zbog komfora samog Prestolonaslednika -  su mu učinili medveđu uslugu nerazgovarajući sa njim na srpskom. Srpski narod je jedan od malobrojnih evropskih naroda koji ima svoju autentičnu kraljevsku dinastiju i kao takav - on očekuje da pripadnici te porodice budu autentični i  - najmanje što mogu govore srpski. Inače, što se tiče imovine - naravno da treba da se poštuje privatna svojina, ali isto tako - kralj - kao institucija -  je iznad svojine.</comment-text-transliterated></comment><comment comment-id="15"><comment-parent-id /><comment-text>"Кнез Павле, по мом скромном суду најмудрији Карађорђевић", дијелим то мишљење.</comment-text><comment-text-transliterated>"Knez Pavle, po mom skromnom sudu najmudriji Karađorđević", dijelim to mišljenje.</comment-text-transliterated></comment><comment comment-id="15-1"><comment-parent-id>15</comment-parent-id><comment-text>Današnji gradjani Srbije vrlo lako 
„ dele isto mišljenje“- pre svega- iz cistog NEZNANJA! Pa tako i ti  čoveče jer ti ni deda ni baba nikada nisu ni kročili na dvor Karadjordjevića pa ni Obrenovića.
Moji jesu i od njih znam da je KnezPavle sa suprugom grkinjom Knjeginjom Olgom bio vrlo 
„ čudnog ponašanja“ kad su vlast i Katadjordjevićska  i druga materijalna  dobra bila u pitanju. Zato savetujem svima da ne daju ofrlje i brljive izjave o srpskom plemstvu pogotovu ako ne poznaju Istoriju pa ni ne znaju uašto  je neko od njih nasledio ruske plemiće Demidove npr.u Firenze( I ) a o drugome i da ne govorim.....A da je neprimerno vratiti Princezi Jelisaveti nasledjeno a ne vratiti Aleksandru II Beli dvor a za šta ima DOKAZE da je PRIVATNO VLASNIŠTVO, ili  bratiti Crkvi  i Jevrejima koji nemaju naslednike, a ne i svim ostalim  gradjanima- naslednicima nacionalizovane imovine ( koja je sigurno poštenije kupljena od danasnje tajkunske!) to je jednostavno - selektivna primena srpskog Zakona!</comment-text><comment-text-transliterated>Današnji gradjani Srbije vrlo lako 
„ dele isto mišljenje“- pre svega- iz cistog NEZNANJA! Pa tako i ti  čoveče jer ti ni deda ni baba nikada nisu ni kročili na dvor Karadjordjevića pa ni Obrenovića.
Moji jesu i od njih znam da je KnezPavle sa suprugom grkinjom Knjeginjom Olgom bio vrlo 
„ čudnog ponašanja“ kad su vlast i Katadjordjevićska  i druga materijalna  dobra bila u pitanju. Zato savetujem svima da ne daju ofrlje i brljive izjave o srpskom plemstvu pogotovu ako ne poznaju Istoriju pa ni ne znaju uašto  je neko od njih nasledio ruske plemiće Demidove npr.u Firenze( I ) a o drugome i da ne govorim.....A da je neprimerno vratiti Princezi Jelisaveti nasledjeno a ne vratiti Aleksandru II Beli dvor a za šta ima DOKAZE da je PRIVATNO VLASNIŠTVO, ili  bratiti Crkvi  i Jevrejima koji nemaju naslednike, a ne i svim ostalim  gradjanima- naslednicima nacionalizovane imovine ( koja je sigurno poštenije kupljena od danasnje tajkunske!) to je jednostavno - selektivna primena srpskog Zakona!</comment-text-transliterated></comment><comment comment-id="15-2"><comment-parent-id>15</comment-parent-id><comment-text>Miloš je bio mudar a knez Pavle je hteo da sedi na dve stolice pa su mu Englezi smakli obe!</comment-text><comment-text-transliterated>Miloš je bio mudar a knez Pavle je hteo da sedi na dve stolice pa su mu Englezi smakli obe!</comment-text-transliterated></comment><comment comment-id="16"><comment-parent-id /><comment-text>Dobar tekst. Da je vama oduzeto ono sto je njemu, da vam se unuci rode u stranoj zemlji ( a da govore srpski kao vi), da vam se deca ozene sa strankinjama I da vam nikad za 50 godina dodju jer im je zabranjeno …. sta bi ste vi ocekivali od takve dece?
Ta, a sta bi se moglo ocekivati nego da jednog dana dodju i svoju dedovinu poklone Srbiji i svom narodu. Naravno, bili bi carevi!!! 
</comment-text><comment-text-transliterated>Dobar tekst. Da je vama oduzeto ono sto je njemu, da vam se unuci rode u stranoj zemlji ( a da govore srpski kao vi), da vam se deca ozene sa strankinjama I da vam nikad za 50 godina dodju jer im je zabranjeno …. sta bi ste vi ocekivali od takve dece?
Ta, a sta bi se moglo ocekivati nego da jednog dana dodju i svoju dedovinu poklone Srbiji i svom narodu. Naravno, bili bi carevi!!! 
</comment-text-transliterated></comment><comment comment-id="17"><comment-parent-id /><comment-text>Умни људи настоје да сагледају узроке. Они други се задовољавају констатовањем последица које ионако сви виде. Као нпр. "принц не зна српски". А како је дошло до тога? Дете рођено у Лондону, од малих ногу окружено енглеским гувернантама и плански, систематски на све начине одвајано од свог народа и англиканизовано, да не би некако у будућности угрозило Брозову империју... Черчил и Броз би имали све разлоге да буду задовољни сваки пут кад неко приговори принцу што не зна српски, јер то значи да се њихов план о раздору између народа и династије и данас 100% остварује. </comment-text><comment-text-transliterated>Umni ljudi nastoje da sagledaju uzroke. Oni drugi se zadovoljavaju konstatovanjem posledica koje ionako svi vide. Kao npr. "princ ne zna srpski". A kako je došlo do toga? Dete rođeno u Londonu, od malih nogu okruženo engleskim guvernantama i planski, sistematski na sve načine odvajano od svog naroda i anglikanizovano, da ne bi nekako u budućnosti ugrozilo Brozovu imperiju... Čerčil i Broz bi imali sve razloge da budu zadovoljni svaki put kad neko prigovori princu što ne zna srpski, jer to znači da se njihov plan o razdoru između naroda i dinastije i danas 100% ostvaruje. </comment-text-transliterated></comment><comment comment-id="18"><comment-parent-id /><comment-text>Postao je lik iz komedije apsurda, stvarno čeka Godoa! </comment-text><comment-text-transliterated>Postao je lik iz komedije apsurda, stvarno čeka Godoa! </comment-text-transliterated></comment><comment comment-id="19"><comment-parent-id /><comment-text>Zavidno kritican tekst o jednoj od danas najaktuelnijih tema u Srbiji.
Sledeca aktuelna tema bi moglo da bude npr. nesto o klimatskim promenama ili protivpozarnoj zastiti.</comment-text><comment-text-transliterated>Zavidno kritican tekst o jednoj od danas najaktuelnijih tema u Srbiji.
Sledeca aktuelna tema bi moglo da bude npr. nesto o klimatskim promenama ili protivpozarnoj zastiti.</comment-text-transliterated></comment><comment comment-id="19-1"><comment-parent-id>19</comment-parent-id><comment-text>Pa zahvaljujuci njemu i obozavaocima zakuvaste rat izgubiste redom sve saveznike al se osim zastave i himne i prekrajanja istorije ne vidi neka ucevnost cijelog pokreta...</comment-text><comment-text-transliterated>Pa zahvaljujuci njemu i obozavaocima zakuvaste rat izgubiste redom sve saveznike al se osim zastave i himne i prekrajanja istorije ne vidi neka ucevnost cijelog pokreta...</comment-text-transliterated></comment></comments-list></comments></document>