<?xml version="1.0" encoding="utf-8"?>
<document global-id="sr-01-1329">
	<url>http://www.politika.rs/scc/clanak/349364/%D0%9C%D0%B0%D1%98%D0%BA%D0%B0-%D0%BD%D0%B0%D1%82%D0%B5%D1%80%D0%B0%D0%BB%D0%B0-%D0%B4%D0%B5%D1%82%D0%B5-%D0%B4%D0%B0-%D0%BF%D0%BE%D1%98%D0%B5%D0%B4%D0%B5-30-%D0%B7%D0%BB%D0%B0%D1%82%D0%BD%D0%B8%D1%85-%D1%80%D0%B8%D0%B1%D0%B8%D1%86%D0%B0</url>
	<source-id>sr-01</source-id>
	<local-id>1329</local-id>
	<source-name>Politika</source-name>
	<article>
		<article-title>Мајка натерала дете да поједе 30 златних рибица</article-title>
		<article-title-transliterated>Majka naterala dete da pojede 30 zlatnih ribica</article-title-transliterated>
		<article-time>2016-02-17</article-time>
		<article-author/>
		<article-text>ТОКИО - Једна мајка из Јапана казнила је своју кћерку натеравши је да поједе више од 30 златних рибица, које је чувала у акваријуму као љубимце, наводе јапанска полиција и медији. Полиција је ухапсила Јоко Огату и њеног дечка Такешија Егамија након што су приморали девојчицу да поједе мртве рибице у јуну прошле године.
Девојчица је злостављана на дневној бази, нагласила је полиција за АФП. Локални медији пренели су да је пар, који живи у перфектури Фукуока на југозападу Јапана, убио рибице тако што је сипао детерџент у акваријум и натерао девојчицу да поједе њих 30, једну по једну. Здравље детета, ипак, није угрожено, додају медији.
Против пара је прошле године подигнута оптужница због везивања девојчице конопцем за кревет, као и ударање детета у лице и спаљивање њеног језика цигаретом. Ово је пети пут да су Огата и Егами ухапшени због злостављања детета од прошле године, наводе медији. Јапан бележи рекордан број случајева злостављања деце, а прошлог месеца трогодишње девојчица преминула је када је њена мајка просула кључајућу воду на њу што је изазвало озбиљне опекотине по лицу.
Танјуг</article-text>
		<article-text-transliterated>TOKIO - Jedna majka iz Japana kaznila je svoju kćerku nateravši je da pojede više od 30 zlatnih ribica, koje je čuvala u akvarijumu kao ljubimce, navode japanska policija i mediji. Policija je uhapsila Joko Ogatu i njenog dečka Takešija Egamija nakon što su primorali devojčicu da pojede mrtve ribice u junu prošle godine.
Devojčica je zlostavljana na dnevnoj bazi, naglasila je policija za AFP. Lokalni mediji preneli su da je par, koji živi u perfekturi Fukuoka na jugozapadu Japana, ubio ribice tako što je sipao deterdžent u akvarijum i naterao devojčicu da pojede njih 30, jednu po jednu. Zdravlje deteta, ipak, nije ugroženo, dodaju mediji.
Protiv para je prošle godine podignuta optužnica zbog vezivanja devojčice konopcem za krevet, kao i udaranje deteta u lice i spaljivanje njenog jezika cigaretom. Ovo je peti put da su Ogata i Egami uhapšeni zbog zlostavljanja deteta od prošle godine, navode mediji. Japan beleži rekordan broj slučajeva zlostavljanja dece, a prošlog meseca trogodišnje devojčica preminula je kada je njena majka prosula ključajuću vodu na nju što je izazvalo ozbiljne opekotine po licu.
Tanjug</article-text-transliterated>
	</article>
	<comments>
		<comments-count>16</comments-count>
		<comments-list>
			<comment comment-id="1">
				<comment-parent-id/>
				<comment-text>Po pojedinim komentatorima, a takvih je za divno cudo dosta, ispada da mediji u Srbiji ne bi smeli da objave ni jednu losu vest iz Sveta.  Zaista, najblaze receno,  neuobicajeno.  Prvi put vidim tako nesto a pratim mnoge svetske medije vec dugi niz godina.</comment-text>
				<comment-text-transliterated>Po pojedinim komentatorima, a takvih je za divno cudo dosta, ispada da mediji u Srbiji ne bi smeli da objave ni jednu losu vest iz Sveta.  Zaista, najblaze receno,  neuobicajeno.  Prvi put vidim tako nesto a pratim mnoge svetske medije vec dugi niz godina.</comment-text-transliterated>
			</comment>
			<comment comment-id="2">
				<comment-parent-id/>
				<comment-text>Japan ima oko 130 mil stanovnika, Srbija 7 mil... U Srbiji imamo skoro svakodnevno neki slucaj, zanemarivanja, maltretiranja, ubistva, silovanja, incesta itd, a bilo bi i vise slucajeva kad nebi okretali glavu i ignorisali sta se desava oko nas, i smatrali da je plac kod komsija njihova licna stvar....  Japanci su divni ljudi, sto se svega ostalog tice, uporedimo statistiku....</comment-text>
				<comment-text-transliterated>Japan ima oko 130 mil stanovnika, Srbija 7 mil... U Srbiji imamo skoro svakodnevno neki slucaj, zanemarivanja, maltretiranja, ubistva, silovanja, incesta itd, a bilo bi i vise slucajeva kad nebi okretali glavu i ignorisali sta se desava oko nas, i smatrali da je plac kod komsija njihova licna stvar....  Japanci su divni ljudi, sto se svega ostalog tice, uporedimo statistiku....</comment-text-transliterated>
			</comment>
			<comment comment-id="2-1">
				<comment-parent-id>2</comment-parent-id>
				<comment-text>Pa Neverni Tomo, pridrzavaj se svog ucenja te gledaj sta se kod tebe u drzaqvi radi. Ostavi nas, tvoje komsinje, na miru.</comment-text>
				<comment-text-transliterated>Pa Neverni Tomo, pridrzavaj se svog ucenja te gledaj sta se kod tebe u drzaqvi radi. Ostavi nas, tvoje komsinje, na miru.</comment-text-transliterated>
			</comment>
			<comment comment-id="3">
				<comment-parent-id/>
				<comment-text>Ovde je u pitanju očigledan slučaj mentalno poremećenih osoba koji se maksimalno zloupotrebljava u ideološke svrhe. U suštini nema to nikakve veze ni sa kulturom, ni sa sistemom vaspitanja, ni državom, ni nacijom... u pitanju su dve poremećene osobe koje zlostavljaju jedno dete, i toga ima, bilo je i biće uvek i svuda. E sad posebno je ružno što se ovakve priče medijski uobličavaju i u ideološke svrhe zloupotrbljavaju.</comment-text>
				<comment-text-transliterated>Ovde je u pitanju očigledan slučaj mentalno poremećenih osoba koji se maksimalno zloupotrebljava u ideološke svrhe. U suštini nema to nikakve veze ni sa kulturom, ni sa sistemom vaspitanja, ni državom, ni nacijom... u pitanju su dve poremećene osobe koje zlostavljaju jedno dete, i toga ima, bilo je i biće uvek i svuda. E sad posebno je ružno što se ovakve priče medijski uobličavaju i u ideološke svrhe zloupotrbljavaju.</comment-text-transliterated>
			</comment>
			<comment comment-id="4">
				<comment-parent-id/>
				<comment-text>@Sonja, na zalost u ratovima siluju i Amerikanci  i Japanci i Srbi. Isto tako  zlostavljanje dece, zena i starih je svuda prisutno samo sto mnogi (a mi smo tu u vrhu) zatvaraju oci pred tom nesrecom.  To opet ne znaci da su svi Japanci (kao ni svi Srbi) monstrumi. Ja sam imala srece da provedem 3 nedelje u Japanu i o toj zemlji i njenom narodu imam izuzetno pozitivno misljenje i neizmerno postovanje prema njihovoj kulturi. Zelim vam da se i sami uverite.</comment-text>
				<comment-text-transliterated>@Sonja, na zalost u ratovima siluju i Amerikanci  i Japanci i Srbi. Isto tako  zlostavljanje dece, zena i starih je svuda prisutno samo sto mnogi (a mi smo tu u vrhu) zatvaraju oci pred tom nesrecom.  To opet ne znaci da su svi Japanci (kao ni svi Srbi) monstrumi. Ja sam imala srece da provedem 3 nedelje u Japanu i o toj zemlji i njenom narodu imam izuzetno pozitivno misljenje i neizmerno postovanje prema njihovoj kulturi. Zelim vam da se i sami uverite.</comment-text-transliterated>
			</comment>
			<comment comment-id="5">
				<comment-parent-id/>
				<comment-text>Skandalozno ali povrsno izvestavanje, tendenciozno prozivanje jednog naroda za javasluk roditelja, zanemarivanje i zlostavljnje dece, podsetio bih autorku teksta da smo svi nosili etiketu divljaka sa Balkana zbog neobjektivnog izvestavanja novinara. ovim temama treba prici obazrivo i a ne senzacionalisticki kako vec dolikuje nasim novinarima zute stampe.</comment-text>
				<comment-text-transliterated>Skandalozno ali povrsno izvestavanje, tendenciozno prozivanje jednog naroda za javasluk roditelja, zanemarivanje i zlostavljnje dece, podsetio bih autorku teksta da smo svi nosili etiketu divljaka sa Balkana zbog neobjektivnog izvestavanja novinara. ovim temama treba prici obazrivo i a ne senzacionalisticki kako vec dolikuje nasim novinarima zute stampe.</comment-text-transliterated>
			</comment>
			<comment comment-id="6">
				<comment-parent-id/>
				<comment-text>@ Соња, да ли сте икада покушали да разумете и схватите друге народе, нарочито на другим континентима, или сматрате да се само ми понашамо  нормално ?</comment-text>
				<comment-text-transliterated>@ Sonja, da li ste ikada pokušali da razumete i shvatite druge narode, naročito na drugim kontinentima, ili smatrate da se samo mi ponašamo  normalno ?</comment-text-transliterated>
			</comment>
			<comment comment-id="6-1">
				<comment-parent-id>6</comment-parent-id>
				<comment-text>Da razumem i shvatim narod koji je vrsio genocide i silovanje nad kinsekim stanovnistvom? Narod koji misli da je normalno da se golotinja prikazuje u crtanim filmovima i koji smatraju da je pedofilija u trendu? Samo pogledajte njihove &quot;manga&quot; stripove - sta tu ima da se razume?</comment-text>
				<comment-text-transliterated>Da razumem i shvatim narod koji je vrsio genocide i silovanje nad kinsekim stanovnistvom? Narod koji misli da je normalno da se golotinja prikazuje u crtanim filmovima i koji smatraju da je pedofilija u trendu? Samo pogledajte njihove &quot;manga&quot; stripove - sta tu ima da se razume?</comment-text-transliterated>
			</comment>
			<comment comment-id="7">
				<comment-parent-id/>
				<comment-text>Posle se pitamo zasto toliko zemljotresa, cunamija itd pogadja tu zemlju. Japansko drustvo je cudno</comment-text>
				<comment-text-transliterated>Posle se pitamo zasto toliko zemljotresa, cunamija itd pogadja tu zemlju. Japansko drustvo je cudno</comment-text-transliterated>
			</comment>
			<comment comment-id="8">
				<comment-parent-id/>
				<comment-text>Izraz &quot;na dnevnoj bazi&quot; nije svojstven srpskom jeziku; &quot;svakodnevno&quot; jeste. Ovakvo kvarenje jezika narušava tradiciju Politike.</comment-text>
				<comment-text-transliterated>Izraz &quot;na dnevnoj bazi&quot; nije svojstven srpskom jeziku; &quot;svakodnevno&quot; jeste. Ovakvo kvarenje jezika narušava tradiciju Politike.</comment-text-transliterated>
			</comment>
			<comment comment-id="8-1">
				<comment-parent-id>8</comment-parent-id>
				<comment-text>Za vecinu Politikinih prevodilaca vesti skinutih sa CNN-a; &quot;... on a daily basis...&quot; moze biti iskljucivo; &quot; ... na dnevnoj bazi ... &quot;, jer kao sto dobro znamo, u siromasnom Srpskom jeziku ne postoje reci kao; &quot;svakodnevno, stalno, neprekidno, ucestalo ...&quot; ?</comment-text>
				<comment-text-transliterated>Za vecinu Politikinih prevodilaca vesti skinutih sa CNN-a; &quot;... on a daily basis...&quot; moze biti iskljucivo; &quot; ... na dnevnoj bazi ... &quot;, jer kao sto dobro znamo, u siromasnom Srpskom jeziku ne postoje reci kao; &quot;svakodnevno, stalno, neprekidno, ucestalo ...&quot; ?</comment-text-transliterated>
			</comment>
			<comment comment-id="9">
				<comment-parent-id/>
				<comment-text>Japanci su izuzetno nakaradno drustvo. Zlostavljanja i raznih bolestina ima svuda, ali Japan je po mnogo cemu posbna prica.</comment-text>
				<comment-text-transliterated>Japanci su izuzetno nakaradno drustvo. Zlostavljanja i raznih bolestina ima svuda, ali Japan je po mnogo cemu posbna prica.</comment-text-transliterated>
			</comment>
			<comment comment-id="9-1">
				<comment-parent-id>9</comment-parent-id>
				<comment-text>Sta reci o austrijancima? jedina razlika sto deca posle pisu njige.</comment-text>
				<comment-text-transliterated>Sta reci o austrijancima? jedina razlika sto deca posle pisu njige.</comment-text-transliterated>
			</comment>
			<comment comment-id="10">
				<comment-parent-id/>
				<comment-text>Koji ludaci su ti Japanci. Nije ni cudo, pogotovu kakva zlodela su radili po Kini u drugom svetskom ratu... jadno dete.</comment-text>
				<comment-text-transliterated>Koji ludaci su ti Japanci. Nije ni cudo, pogotovu kakva zlodela su radili po Kini u drugom svetskom ratu... jadno dete.</comment-text-transliterated>
			</comment>
			<comment comment-id="10-1">
				<comment-parent-id>10</comment-parent-id>
				<comment-text>Јел можете да замислите на шта би личиле статистике када би центар за социјални рад ишао мало чешће у обиласке а полиција стварно пријављивали оно на шта наиђу.  Батинање кајшем док дете може да стоји на ногама је нормално, чак и потковано традицијом у Србији, као и изгладњивање детета. Психичка тортура деце у Србији није кажњавана до сада и није препозната од стране институција. Варјаче, оклагије, мотке метле се свакодневно ломе на нашој деци. Пре коју годину бебу је појео пацов у банатском селу, деца закључана у кући изгорела, дете скочило са спрата због злостављања... Да не помињемо оно баш нормално: дете скаче у крилу возача и држи волан или седи између возача и сувозача (где би билото дете  при судару од 30 на сат где би сам ауто претрпео лакша оштећења?)</comment-text>
				<comment-text-transliterated>Jel možete da zamislite na šta bi ličile statistike kada bi centar za socijalni rad išao malo češće u obilaske a policija stvarno prijavljivali ono na šta naiđu.  Batinanje kajšem dok dete može da stoji na nogama je normalno, čak i potkovano tradicijom u Srbiji, kao i izgladnjivanje deteta. Psihička tortura dece u Srbiji nije kažnjavana do sada i nije prepoznata od strane institucija. Varjače, oklagije, motke metle se svakodnevno lome na našoj deci. Pre koju godinu bebu je pojeo pacov u banatskom selu, deca zaključana u kući izgorela, dete skočilo sa sprata zbog zlostavljanja... Da ne pominjemo ono baš normalno: dete skače u krilu vozača i drži volan ili sedi između vozača i suvozača (gde bi biloto dete  pri sudaru od 30 na sat gde bi sam auto pretrpeo lakša oštećenja?)</comment-text-transliterated>
			</comment>
			<comment comment-id="10-2">
				<comment-parent-id>10</comment-parent-id>
				<comment-text>Pa imali smo i mi dosta svojih &quot;heroja&quot; te vrste, kako beše onaj...Mališa,i ona njegova,i to dete nije preživelo!</comment-text>
				<comment-text-transliterated>Pa imali smo i mi dosta svojih &quot;heroja&quot; te vrste, kako beše onaj...Mališa,i ona njegova,i to dete nije preživelo!</comment-text-transliterated>
			</comment>
		</comments-list>
	</comments>
</document>
