<document global-id="sr-01-1070"><url>http://www.politika.rs/scc/clanak/437102/%D0%9A%D0%B0%D0%B7%D0%BD%D0%B0-%D0%B8-%D0%B7%D0%B0-%D0%BE%D0%B1%D1%98%D0%B0%D0%B2%D1%99%D0%B8%D0%B2%D0%B0%D1%9A%D0%B5-%D0%B2%D0%B8%D0%B4%D0%B5%D0%BE-%D1%81%D0%BD%D0%B8%D0%BC%D0%BA%D0%B0-%D1%81%D0%B0-%D0%BA%D0%BE%D0%BD%D1%86%D0%B5%D1%80%D1%82%D0%B0-%D0%BD%D0%B0-%D0%A4%D0%B5%D1%98%D1%81%D0%B1%D1%83%D0%BA%D1%83</url><source-id>sr-01</source-id><local-id>sr-01-1070</local-id><source-name>Politika</source-name><article><article-title>Казна и за објављивање видео-снимка са концерта на „Фејсбуку”</article-title><article-title-transliterated>Kazna i za objavljivanje video-snimka sa koncerta na „Fejsbuku”</article-title-transliterated><article_time>2019-09-03</article_time><article-author>Katarina Đorđević</article-author><article-text>
Ако одете на концерт омиљеног певача и након тога објавите видео-снимак овог догађаја на свом инстаграм или фејсбук профилу у жељи да са ближњима поделите уживање у концерту, можете очекивати два сценарија. По једном ћете добити велики број лајкова од пријатеља и пратилаца, а по другом може да уследи блокада ове објаве, јер за дозволу није питан власник ауторских права. Уколико је ваш инстаграм налог јаван, власник ауторског права, односно певач, може да се обрати „Инстаграму” и тражи да се видео-запис уклони – ако процени да ће то, рецимо, смањити број продатих карата на неком од његових наредних концерата.
Ово је само мала илустрација тезе шта се може догодити ако на интернету неовлашћено преузимамо и делимо туђе ауторско дело. Када говори о заштити ауторских права, др Душан Поповић, редовни професор Правног факултета, који предаје студентима о праву интелектуалне својине и праву интернета, често наводи пример француске телевизијске станице која је у централним информативним вестима објавила прилог о изложби сликара за коју се плаћала улазница. С обзиром на то да је тај телевизијски прилог трајао три минута, током којих је приказано свих 15 радова тог уметника, он је тужио и – добио ову станицу, јер је прекршила Закон о ауторском праву. Слична ситуација догодила се и у Немачкој, када је приликом извођења позоришне представе глумац готово десет минута читао одломке из једног романа, чији аутор није дао дозволу за тај чин.
– Откако је интернет постао део наших живота, на глобалној информатичкој мрежи готово сваког дана приметно је кршења ауторских права, тако што се неовлашћено објављују туђи текстови или њихови делови, фотографије, видео или аудио записи. Већина људи мисли да, ако је нешто доступно и бесплатно на интернету, то могу да користе сви, што је нетачно. Ако на неком сајту пронађемо занимљиву фотографију или текст, не можемо да их узмемо и поставимо на свој сајт без дозволе аутора. У Закону о ауторском и сродним правима стриктно су наведене ситуације у којим се може користити туђе ауторско дело – ја у настави могу да цитирам делове из нечије књиге ако притом наведем ко је аутор цитираног дела, који је наслов цитираног дела, односно када је и где је цитирано дело објављено. Осим тога, мора се водити рачуна о обиму цитираног дела – није дозвољено у целини цитирати туђе ауторско дело без дозволе аутора – објашњава наш саговорник.



Новински чланци су ауторско дело

Новинари се свакодневно сусрећу са кршењем Закона о ауторском и сродним правима јер им текстове често преузимају колеге из других новина, агенција, телевизија или портала, са или без навођења извора, а често своје чланке открију у другим новинама, дискретно скраћене и(ли) са промењеним насловом.Др Душан Поповић објашњава да, за разлику од вести, чланак представља ауторско дело, иако су у том чланку наведени подаци који су можда јавно доступни, сама конструкција чланка, односно новинског текста је продукт аутентичног интелектуалног процеса. Уколико се преузме цео чланак или његови делови, то представља кршење Закона о ауторском праву. И још нешто: уколико се ауторско дело створи у радном односу, носилац имовинских права је послодавац – у року од пет година од објављивања дела. Имовинска права аутора трају за живота аутора и 70 година после његове смрти.

Додаје да је предмет Закона о ауторском праву све оно што је продукт интелектуалне својине и што је оригинална творевина, било да је реч о афоризму или роману у пет томова. Кључна реч је оригиналност и аутентичност, без обзира на вредност ауторског дела. 
Иако се на интернет преселио највећи део повреда интелектуалне својине, односно неовлашћеног преузимања туђих ауторских дела – почев од текстова, преко фотографија, па све до аудио и видео записа – просечан корисник интернета и друштвених мрежа најчешће не зна да је отварањем налога на „Фејсбуку” и „Инстаграму” дао право власнику ових сајтова да његове објаве и фотографије може да користи за све своје „повезане” делатности. Суштински, то су типски уговори и ми немамо избора ако желимо да отворимо профил сем да ове услове прихватимо. Међутим, ауторско право често повређују и академци, који су веома свесни да плагирање научних радова представља кршење закона.
– Плагирање научних радова је чест случај у академској пракси, тако да се на нашем факултету не заказује полагање дипломског, магистарског или докторског рада пре него што тај рад не прође анти-плагијат проверу. Тај софтвер кошта неколико хиљада евра и то могу да плате само богати факултети. Међутим, проблем је у томе што овај софтвер препознаје само делове текста на српском или сродним језицима, па је теоретски могуће да неко плагира текст који је оригинално написан на страном језику. Менторима није лако да се изборе са овим проблемом, јер од њихове обавештености и интуиције заправо највише зависи да ли ће да посумњају у аутентичност научног рада – закључује наш саговорник.
</article-text><article-text-transliterated>
Ako odete na koncert omiljenog pevača i nakon toga objavite video-snimak ovog događaja na svom instagram ili fejsbuk profilu u želji da sa bližnjima podelite uživanje u koncertu, možete očekivati dva scenarija. Po jednom ćete dobiti veliki broj lajkova od prijatelja i pratilaca, a po drugom može da usledi blokada ove objave, jer za dozvolu nije pitan vlasnik autorskih prava. Ukoliko je vaš instagram nalog javan, vlasnik autorskog prava, odnosno pevač, može da se obrati „Instagramu” i traži da se video-zapis ukloni – ako proceni da će to, recimo, smanjiti broj prodatih karata na nekom od njegovih narednih koncerata.
Ovo je samo mala ilustracija teze šta se može dogoditi ako na internetu neovlašćeno preuzimamo i delimo tuđe autorsko delo. Kada govori o zaštiti autorskih prava, dr Dušan Popović, redovni profesor Pravnog fakulteta, koji predaje studentima o pravu intelektualne svojine i pravu interneta, često navodi primer francuske televizijske stanice koja je u centralnim informativnim vestima objavila prilog o izložbi slikara za koju se plaćala ulaznica. S obzirom na to da je taj televizijski prilog trajao tri minuta, tokom kojih je prikazano svih 15 radova tog umetnika, on je tužio i – dobio ovu stanicu, jer je prekršila Zakon o autorskom pravu. Slična situacija dogodila se i u Nemačkoj, kada je prilikom izvođenja pozorišne predstave glumac gotovo deset minuta čitao odlomke iz jednog romana, čiji autor nije dao dozvolu za taj čin.
– Otkako je internet postao deo naših života, na globalnoj informatičkoj mreži gotovo svakog dana primetno je kršenja autorskih prava, tako što se neovlašćeno objavljuju tuđi tekstovi ili njihovi delovi, fotografije, video ili audio zapisi. Većina ljudi misli da, ako je nešto dostupno i besplatno na internetu, to mogu da koriste svi, što je netačno. Ako na nekom sajtu pronađemo zanimljivu fotografiju ili tekst, ne možemo da ih uzmemo i postavimo na svoj sajt bez dozvole autora. U Zakonu o autorskom i srodnim pravima striktno su navedene situacije u kojim se može koristiti tuđe autorsko delo – ja u nastavi mogu da citiram delove iz nečije knjige ako pritom navedem ko je autor citiranog dela, koji je naslov citiranog dela, odnosno kada je i gde je citirano delo objavljeno. Osim toga, mora se voditi računa o obimu citiranog dela – nije dozvoljeno u celini citirati tuđe autorsko delo bez dozvole autora – objašnjava naš sagovornik.



Novinski članci su autorsko delo

Novinari se svakodnevno susreću sa kršenjem Zakona o autorskom i srodnim pravima jer im tekstove često preuzimaju kolege iz drugih novina, agencija, televizija ili portala, sa ili bez navođenja izvora, a često svoje članke otkriju u drugim novinama, diskretno skraćene i(li) sa promenjenim naslovom.Dr Dušan Popović objašnjava da, za razliku od vesti, članak predstavlja autorsko delo, iako su u tom članku navedeni podaci koji su možda javno dostupni, sama konstrukcija članka, odnosno novinskog teksta je produkt autentičnog intelektualnog procesa. Ukoliko se preuzme ceo članak ili njegovi delovi, to predstavlja kršenje Zakona o autorskom pravu. I još nešto: ukoliko se autorsko delo stvori u radnom odnosu, nosilac imovinskih prava je poslodavac – u roku od pet godina od objavljivanja dela. Imovinska prava autora traju za života autora i 70 godina posle njegove smrti.

Dodaje da je predmet Zakona o autorskom pravu sve ono što je produkt intelektualne svojine i što je originalna tvorevina, bilo da je reč o aforizmu ili romanu u pet tomova. Ključna reč je originalnost i autentičnost, bez obzira na vrednost autorskog dela. 
Iako se na internet preselio najveći deo povreda intelektualne svojine, odnosno neovlašćenog preuzimanja tuđih autorskih dela – počev od tekstova, preko fotografija, pa sve do audio i video zapisa – prosečan korisnik interneta i društvenih mreža najčešće ne zna da je otvaranjem naloga na „Fejsbuku” i „Instagramu” dao pravo vlasniku ovih sajtova da njegove objave i fotografije može da koristi za sve svoje „povezane” delatnosti. Suštinski, to su tipski ugovori i mi nemamo izbora ako želimo da otvorimo profil sem da ove uslove prihvatimo. Međutim, autorsko pravo često povređuju i akademci, koji su veoma svesni da plagiranje naučnih radova predstavlja kršenje zakona.
– Plagiranje naučnih radova je čest slučaj u akademskoj praksi, tako da se na našem fakultetu ne zakazuje polaganje diplomskog, magistarskog ili doktorskog rada pre nego što taj rad ne prođe anti-plagijat proveru. Taj softver košta nekoliko hiljada evra i to mogu da plate samo bogati fakulteti. Međutim, problem je u tome što ovaj softver prepoznaje samo delove teksta na srpskom ili srodnim jezicima, pa je teoretski moguće da neko plagira tekst koji je originalno napisan na stranom jeziku. Mentorima nije lako da se izbore sa ovim problemom, jer od njihove obaveštenosti i intuicije zapravo najviše zavisi da li će da posumnjaju u autentičnost naučnog rada – zaključuje naš sagovornik.
</article-text-transliterated></article><comments><comments-count>14</comments-count><comments-list><comment comment-id="1"><comment-parent-id /><comment-text>Davno je uspostavljena praksa da bendovi ili pevaci imaju prava da traze od organizatora da niko ne sme iz publike da ih fotografise i to se obicno naznaci pre koncerta na relamama, natpisi na blagajnama, posterima... Ukoliko se dogodi da neko fotografise, redari se brzo stvore i opomenu. Ako se ponovi redari izbace tog koji je fotografisao. Bio sam i video vise puta...</comment-text><comment-text-transliterated>Davno je uspostavljena praksa da bendovi ili pevaci imaju prava da traze od organizatora da niko ne sme iz publike da ih fotografise i to se obicno naznaci pre koncerta na relamama, natpisi na blagajnama, posterima... Ukoliko se dogodi da neko fotografise, redari se brzo stvore i opomenu. Ako se ponovi redari izbace tog koji je fotografisao. Bio sam i video vise puta...</comment-text-transliterated></comment><comment comment-id="2"><comment-parent-id /><comment-text>Може само ако је на улазу било видно истакнуто да је забрањено снимање. Што се тиче ваших фотографија све, по објављивању, постају власништво Фејсбука и Инстаграма, које ови накнадно продају другим компанијама за различите сврхе. Да, добро сте прочитали -продају-. Плагијата је увек било и биће без обзира на модерне уређаје, који их наводно откривају. Ментори би требало да препознају да ли неки рад има било каквих резултата, који ће унапредити дату област науке, али то је углавном реткост.</comment-text><comment-text-transliterated>Može samo ako je na ulazu bilo vidno istaknuto da je zabranjeno snimanje. Što se tiče vaših fotografija sve, po objavljivanju, postaju vlasništvo Fejsbuka i Instagrama, koje ovi naknadno prodaju drugim kompanijama za različite svrhe. Da, dobro ste pročitali -prodaju-. Plagijata je uvek bilo i biće bez obzira na moderne uređaje, koji ih navodno otkrivaju. Mentori bi trebalo da prepoznaju da li neki rad ima bilo kakvih rezultata, koji će unaprediti datu oblast nauke, ali to je uglavnom retkost.</comment-text-transliterated></comment><comment comment-id="3"><comment-parent-id /><comment-text>Tu zapravo nema niceg protiv zakona, platili ste ulaz i snimali svojim telefonom i takvi snimci se ne zabranjuju recimo na youtube jer su njihovi pravnici zakljucili da tu nema niceg protiv zakona. Da li vas je neko ikad upozorio da nema snimanja na koncertu, nije.... Cista FB glupost, jos jedan razlog vise da tamo ugasite profil. Ionako je fb veoma nebezbedan, svasta se tamo desava</comment-text><comment-text-transliterated>Tu zapravo nema niceg protiv zakona, platili ste ulaz i snimali svojim telefonom i takvi snimci se ne zabranjuju recimo na youtube jer su njihovi pravnici zakljucili da tu nema niceg protiv zakona. Da li vas je neko ikad upozorio da nema snimanja na koncertu, nije.... Cista FB glupost, jos jedan razlog vise da tamo ugasite profil. Ionako je fb veoma nebezbedan, svasta se tamo desava</comment-text-transliterated></comment><comment comment-id="4"><comment-parent-id /><comment-text>U redu ali po istoj logici taj pevac koji je pevao na koncertu ili organizator koncerta nemaju prava da objave video sa tog koncerta jer nisu mene pitali koji sam bio prisutan a u masi koju snima kamera se vidim i ja. To vazi i za televizije. Potpuno isto kako on ima pravo na zastitu svoje intelektualne svojine i svog dela tako i ja imam pravo da zastitim i zabranim objavljivanje moje slike bilo gde bez moje dozvole. Ja prisustvom na koncertu nisam pristao na TV prenos na kom se vidim i ja.</comment-text><comment-text-transliterated>U redu ali po istoj logici taj pevac koji je pevao na koncertu ili organizator koncerta nemaju prava da objave video sa tog koncerta jer nisu mene pitali koji sam bio prisutan a u masi koju snima kamera se vidim i ja. To vazi i za televizije. Potpuno isto kako on ima pravo na zastitu svoje intelektualne svojine i svog dela tako i ja imam pravo da zastitim i zabranim objavljivanje moje slike bilo gde bez moje dozvole. Ja prisustvom na koncertu nisam pristao na TV prenos na kom se vidim i ja.</comment-text-transliterated></comment><comment comment-id="4-1"><comment-parent-id>4</comment-parent-id><comment-text>Gospodine "Ja", i onaj ko odrzava koncert na javnom mestu je pristao da bude na javnom mestu isto kao i ja pa se ne moze buniti sto neko objavljuje snimak sa javnog mesta na facebooku. A ako moze on, onda mogu i ja. javno mesto je javno mesto u oba slucaja.</comment-text><comment-text-transliterated>Gospodine "Ja", i onaj ko odrzava koncert na javnom mestu je pristao da bude na javnom mestu isto kao i ja pa se ne moze buniti sto neko objavljuje snimak sa javnog mesta na facebooku. A ako moze on, onda mogu i ja. javno mesto je javno mesto u oba slucaja.</comment-text-transliterated></comment><comment comment-id="4-2"><comment-parent-id>4</comment-parent-id><comment-text>Ne ide to tako.
Ti si pristao da budes tu, na javnom mestu tu gde postoji mogucnost da ces biti usnimljen.</comment-text><comment-text-transliterated>Ne ide to tako.
Ti si pristao da budes tu, na javnom mestu tu gde postoji mogucnost da ces biti usnimljen.</comment-text-transliterated></comment><comment comment-id="5"><comment-parent-id /><comment-text>Ako tim "zvezdama" smeta slikanje i postavljanje na Fejsbuku, onda neka "zvezde" stave papirne vrece na glave pre svog "umetnickog" nastupa.</comment-text><comment-text-transliterated>Ako tim "zvezdama" smeta slikanje i postavljanje na Fejsbuku, onda neka "zvezde" stave papirne vrece na glave pre svog "umetnickog" nastupa.</comment-text-transliterated></comment><comment comment-id="6"><comment-parent-id /><comment-text>Gluposti.  Vrlo se dobro zna sta je krsenje autorskih prava a sta nije.  Pa izvodjaci placaju velike pare marketing firmama da smisle kako da posetioci podele sadrzaj na drustvenim mrezama.  Ako neko pusti klip od minut dva za to ce ga tuziti samo idiot koji nece daleko dogurati ovih godina i to se retko i desava.  Drugo je kad neko prenosi ceo koncert ili njegov veliki deo.</comment-text><comment-text-transliterated>Gluposti.  Vrlo se dobro zna sta je krsenje autorskih prava a sta nije.  Pa izvodjaci placaju velike pare marketing firmama da smisle kako da posetioci podele sadrzaj na drustvenim mrezama.  Ako neko pusti klip od minut dva za to ce ga tuziti samo idiot koji nece daleko dogurati ovih godina i to se retko i desava.  Drugo je kad neko prenosi ceo koncert ili njegov veliki deo.</comment-text-transliterated></comment><comment comment-id="7"><comment-parent-id /><comment-text>Претераше сваку меру са тим назови ауторским правима. Постадоше певачи и свирачи,што би рекли за њих у средњем веку - дворске луде и трубадури,..заштићени ко нека врста из црвене књиге! Још ће и казнити неког што иде и певуши неку мелодију, јер ето,угрожава нечју својину, нечије ауторско право! Ало,па продали сте носач звука,сад би још и свако пуштање те песме да наплаћујете!? Хиљаде квалитетних,старих спотова и снимака сачуваних од зборава,са јутјуба је уклоњено под законом о ауторским правима!</comment-text><comment-text-transliterated>Preteraše svaku meru sa tim nazovi autorskim pravima. Postadoše pevači i svirači,što bi rekli za njih u srednjem veku - dvorske lude i trubaduri,..zaštićeni ko neka vrsta iz crvene knjige! Još će i kazniti nekog što ide i pevuši neku melodiju, jer eto,ugrožava nečju svojinu, nečije autorsko pravo! Alo,pa prodali ste nosač zvuka,sad bi još i svako puštanje te pesme da naplaćujete!? Hiljade kvalitetnih,starih spotova i snimaka sačuvanih od zborava,sa jutjuba je uklonjeno pod zakonom o autorskim pravima!</comment-text-transliterated></comment><comment comment-id="7-1"><comment-parent-id>7</comment-parent-id><comment-text>Србин и Српкиња имају азбуку и пишу ћирилицом, а Грк и Гркиња имају алфабет и пишу грчким писмом.</comment-text><comment-text-transliterated>Srbin i Srpkinja imaju azbuku i pišu ćirilicom, a Grk i Grkinja imaju alfabet i pišu grčkim pismom.</comment-text-transliterated></comment><comment comment-id="7-2"><comment-parent-id>7</comment-parent-id><comment-text>Србин и Србкиња пишу АЗБУКОМ, а Грк и Гркиња ћирилицом.</comment-text><comment-text-transliterated>Srbin i Srbkinja pišu AZBUKOM, a Grk i Grkinja ćirilicom.</comment-text-transliterated></comment><comment comment-id="8"><comment-parent-id /><comment-text>Hm, da, a ako ja zapamtim tekst neke pesme i pevam je, recimo, pod tušem, da li je to neovlašćeno "skidanje" autorskog dela? Može li se desiti da mi u tom slučaju neki poreznik izviri iz slavine ili WC šolje i odrapi mi kaznu?</comment-text><comment-text-transliterated>Hm, da, a ako ja zapamtim tekst neke pesme i pevam je, recimo, pod tušem, da li je to neovlašćeno "skidanje" autorskog dela? Može li se desiti da mi u tom slučaju neki poreznik izviri iz slavine ili WC šolje i odrapi mi kaznu?</comment-text-transliterated></comment><comment comment-id="9"><comment-parent-id /><comment-text>Dobro. Da li sada je mogu ovaj tekst da objavimo na fb. javno ili to mogu da podelim za moje prijatelje ili će i to biti prekršaj?!</comment-text><comment-text-transliterated>Dobro. Da li sada je mogu ovaj tekst da objavimo na fb. javno ili to mogu da podelim za moje prijatelje ili će i to biti prekršaj?!</comment-text-transliterated></comment><comment comment-id="10"><comment-parent-id /><comment-text>Мислим да би практичније било направити и објавити листу онога што је дозвољено. Много је краћа од листе забрањеног и обавезног. Још боље, сваким даном се скраћује.</comment-text><comment-text-transliterated>Mislim da bi praktičnije bilo napraviti i objaviti listu onoga što je dozvoljeno. Mnogo je kraća od liste zabranjenog i obaveznog. Još bolje, svakim danom se skraćuje.</comment-text-transliterated></comment></comments-list></comments></document>