<document global-id="sr-01-1295">
    <url>
        http://www.politika.rs/scc/clanak/371078/%D0%9B%D0%B8%D0%BD%D0%B3%D0%B2%D0%B8%D1%81%D1%82%D0%B0-%D1%81%D0%B0-%D0%BD%D0%B0%D1%98%D0%B4%D1%83%D0%B6%D0%B8%D0%BC-%D1%81%D1%82%D0%B0%D0%B6%D0%BE%D0%BC-%D0%BD%D0%B0-%D1%87%D0%B5%D0%BB%D1%83-%D0%A1%D0%90%D0%9D%D0%A3
    </url>
    <source-id>sr-01</source-id>
    <local-id>1295</local-id>
    <source-name>Politika</source-name>
    <article>
        <article-title>Лингвиста са најдужим стажом на челу САНУ</article-title>
        <article-title-transliterated>Lingvista sa najdužim stažom na čelu SANU</article-title-transliterated>
        <article-time>2016-12-30</article-time>
        <article-author>Dr Sreto Tanasić</article-author>
        <article-text>У овој години навршило се 140 година од рођења Aлександра Белића, организатора научног живота,
            оснивача Друштва наставника српског језика, Славистичког друштва Србије, једног од покретача и учесника
            међународних конгреса слависта. У години која се ближи своме последњем дану обележавамо 175 година од
            оснивања Друштва српске словесности – претече Српске академије наука и уметности. Целе године наша научна,
            културна и свеколика јавност је подсећана на овај важан датум из историје културе српског народа. Академија
            је на свој начин обележавала овај датум. Организовани су научни скупови, предавачке трибине, изложбе, а и
            издавачка делатност носила је печат овог јубилеја. Била је то и прилика да се подсетимо на многе заслужне
            чланове САНУ и њених претеча. Међу њима свакако треба да се присетимо и академика Александра Белића,
            највећег српског лингвисте из прве половине прошлог века, члана свих словенских академија наука. У овој
            години навршило се и 140 година од његовог рођења (2. VIII 1876 – 26. II 1960). Александар Белић је рођен у
            Београду, где се, по завршетку гимназије, уписао се на историјско-филолошки одсек Велике школе. Његов учитељ
            Љубомир Стојановић, видевши у њему посебно обдареног студента, послао га је на студије у Одесу, затим у
            Москву. По завршетку студија А. Белић се враћа у Београд и започиње каријеру као доцент на Великој школи
            1899, а 1905. као ванредни професор. Године 1900. отишао је у Лајпциг, где је одбранио докторску дисертацију
            и вратио се 1901. у Београд. По оснивању Београдског универзитета изабран је за ванредног професора 1905.
            године. Те, 1905, биран је за ванредног, а 1906. за редовног члана Српске краљевске академије. Постао је њен
            председник 1937. године и на тој дужности је остао до своје смрти, као председник с најдужим стажом у
            историји Академије.
            Александар Белић је одмах почео да развија научну делатност. Године 1905. покреће часопис „Српски
            дијалектолошки зборник“, чију је прву књигу испунио својом монументалном монографијом Дијалекти источне и
            јужне Србије, што се може сматрати за истинско уобличавање дијалектологије као научне гране. На молбу
            чувеног слависте Бодуена де Куртене написао је опширна упутства за испитивање народних говора, која су
            објављена у гласилу руске академије 1913. Убрзо (1913), покреће „Јужнословенски филолог“, намењен ширим
            филолошким истраживањима, до данас најзначајније лингвистичко гласило на словенском југу, а потом и „Нашег
            језика“ (1932), трећег лингвистичког часописа – за проучавање књижевног (стандардног) језика и језичке
            културе.
            У време кад је у научни живот Србије ступио Александар Белић српски књижевни језик вуковског типа био се већ
            развио у изграђен језик. Такође, већ је био завршен процес српско-хрватског језичког уједињавања преузимањем
            вуковског књижевног језика од стране Хрвата: 1899. године у Загребу је објављена Маретићева „Граматика и
            стилистика хрватскога или српског језика“, у чијем предговору је аутор истакао да је све рађено по Вуку и
            Даничићу. Белићу је ово језичко јединство било блиско; српски вуковци су веровали у идеју једног, српског,
            народа са једним језиком и три вере, политичка елита – једног, југословенског народа. Хрватски вуковци су
            остварили идеју језичког јединства. Српски књижевни језик је послужио да се штокавци католици, чакавци и
            кајкавци (уз помоћ вере) обједине у јединствену хрватску нацију. И после Другог светског рата, Александар
            Белић се укључио у процес обнове српско-хрватског језичког заједништва. Истина, по сведочењу Михаила
            Стевановића имао је резерву према анкети о обнови српско-хрватског језичког јединства док се није „уверио да
            та анкета није покренута по било чијој сугестији, са ма које стране“, очито верујући да то неће с друге
            стране бити опет орочено.
            Велике су Белићеве заслуге за изучавање српског језика, како на историјској, тако и на савременој равни. Кад
            је посреди савремени српски језик, вишеструко је задужио српску науку – од акцентологије до синтаксе; сматра
            се једним од оснивача словенске синтаксе, посебно синтагматике и синтаксе глагола. Прихватио је позитивне
            особине младограматичарске школе, посебно најпрогресивније идеје руског лингвисте Фортунатова Своје
            теоријске погледе на језик изнео је у обимном двотомном делу „О језичкој природи и језичком развитку“. Милка
            Ивић, наш водећи познавалац опште лингвистике, истиче да је инсистирао да се речи испитују с погледом на
            њихов облик, функцију и значење. У његовим погледима да именица подразумева „збир особина“ М. Ивић види
            претече теорије генеративне семантике.
            После Другог светског рата Александар Белић се поново нашао на почетку: било је нужно обновити рад
            Универзитета и Академије, односно окупљати десеткован научни кадар. Године 1947. при Академији се оснива
            Институт за српски језик, у који се преносе лексикографски и сви велики послови на плану проучавања српског
            језика. Белић је изабран за првог директора Института и на тој функцији ће остати до краја живота. Поново
            покреће сва три часописа, који у току рата нису излазили. Стара се о стварању научног кадра: сви српски
            лингвисти из друге половине прошлог века његови су ученици, многи су постали велики научници, а међу њима су
            и академици Ирена Грицкат и Митар Пешикан – из Института за српски језик САНУ; у Институту су каријеру
            започињали и Милка и Павле Ивић, професори Новосадског универзитета, његови ученици су и академик Михаило
            Стевановић са Београдског и академик Јован Вуковић са Сарајевског универзитета.
            Поред свега поменутог, Белић је био и организатор научног живота, оснивач Друштва наставника српског језика,
            оснивач Славистичког друштва Србије, један од покретача и учесник међународних конгреса слависта. Било је
            планирано да се Трећи конгрес одржи у Београду у јесен 1939, али је 1. септембра уследио напад фашистичке
            Немачке на Пољску. У таквим околностима је одлучено да се откаже његово одржавање. Требало је да прође осам
            деценија да Београду поново буде поверена организација таквог научног скупа: 2018. године у Београду ће се
            одржати 16. међународни конгрес слависта, на коме ће српски слависти подсетити свет славистике на великог
            српског лингвисту и заслужног слависту академика Александра Белића.
        </article-text>
        <article-text-transliterated>U ovoj godini navršilo se 140 godina od rođenja Aleksandra Belića, organizatora
            naučnog života, osnivača Društva nastavnika srpskog jezika, Slavističkog društva Srbije, jednog od pokretača
            i učesnika međunarodnih kongresa slavista. U godini koja se bliži svome poslednjem danu obeležavamo 175
            godina od osnivanja Društva srpske slovesnosti – preteče Srpske akademije nauka i umetnosti. Cele godine
            naša naučna, kulturna i svekolika javnost je podsećana na ovaj važan datum iz istorije kulture srpskog
            naroda. Akademija je na svoj način obeležavala ovaj datum. Organizovani su naučni skupovi, predavačke
            tribine, izložbe, a i izdavačka delatnost nosila je pečat ovog jubileja. Bila je to i prilika da se
            podsetimo na mnoge zaslužne članove SANU i njenih preteča. Među njima svakako treba da se prisetimo i
            akademika Aleksandra Belića, najvećeg srpskog lingviste iz prve polovine prošlog veka, člana svih slovenskih
            akademija nauka. U ovoj godini navršilo se i 140 godina od njegovog rođenja (2. VIII 1876 – 26. II 1960).
            Aleksandar Belić je rođen u Beogradu, gde se, po završetku gimnazije, upisao se na istorijsko-filološki
            odsek Velike škole. Njegov učitelj Ljubomir Stojanović, videvši u njemu posebno obdarenog studenta, poslao
            ga je na studije u Odesu, zatim u Moskvu. Po završetku studija A. Belić se vraća u Beograd i započinje
            karijeru kao docent na Velikoj školi 1899, a 1905. kao vanredni profesor. Godine 1900. otišao je u Lajpcig,
            gde je odbranio doktorsku disertaciju i vratio se 1901. u Beograd. Po osnivanju Beogradskog univerziteta
            izabran je za vanrednog profesora 1905. godine. Te, 1905, biran je za vanrednog, a 1906. za redovnog člana
            Srpske kraljevske akademije. Postao je njen predsednik 1937. godine i na toj dužnosti je ostao do svoje
            smrti, kao predsednik s najdužim stažom u istoriji Akademije.
            Aleksandar Belić je odmah počeo da razvija naučnu delatnost. Godine 1905. pokreće časopis „Srpski
            dijalektološki zbornik“, čiju je prvu knjigu ispunio svojom monumentalnom monografijom Dijalekti istočne i
            južne Srbije, što se može smatrati za istinsko uobličavanje dijalektologije kao naučne grane. Na molbu
            čuvenog slaviste Boduena de Kurtene napisao je opširna uputstva za ispitivanje narodnih govora, koja su
            objavljena u glasilu ruske akademije 1913. Ubrzo (1913), pokreće „Južnoslovenski filolog“, namenjen širim
            filološkim istraživanjima, do danas najznačajnije lingvističko glasilo na slovenskom jugu, a potom i „Našeg
            jezika“ (1932), trećeg lingvističkog časopisa – za proučavanje književnog (standardnog) jezika i jezičke
            kulture.
            U vreme kad je u naučni život Srbije stupio Aleksandar Belić srpski književni jezik vukovskog tipa bio se
            već razvio u izgrađen jezik. Takođe, već je bio završen proces srpsko-hrvatskog jezičkog ujedinjavanja
            preuzimanjem vukovskog književnog jezika od strane Hrvata: 1899. godine u Zagrebu je objavljena Maretićeva
            „Gramatika i stilistika hrvatskoga ili srpskog jezika“, u čijem predgovoru je autor istakao da je sve rađeno
            po Vuku i Daničiću. Beliću je ovo jezičko jedinstvo bilo blisko; srpski vukovci su verovali u ideju jednog,
            srpskog, naroda sa jednim jezikom i tri vere, politička elita – jednog, jugoslovenskog naroda. Hrvatski
            vukovci su ostvarili ideju jezičkog jedinstva. Srpski književni jezik je poslužio da se štokavci katolici,
            čakavci i kajkavci (uz pomoć vere) objedine u jedinstvenu hrvatsku naciju. I posle Drugog svetskog rata,
            Aleksandar Belić se uključio u proces obnove srpsko-hrvatskog jezičkog zajedništva. Istina, po svedočenju
            Mihaila Stevanovića imao je rezervu prema anketi o obnovi srpsko-hrvatskog jezičkog jedinstva dok se nije
            „uverio da ta anketa nije pokrenuta po bilo čijoj sugestiji, sa ma koje strane“, očito verujući da to neće s
            druge strane biti opet oročeno.
            Velike su Belićeve zasluge za izučavanje srpskog jezika, kako na istorijskoj, tako i na savremenoj ravni.
            Kad je posredi savremeni srpski jezik, višestruko je zadužio srpsku nauku – od akcentologije do sintakse;
            smatra se jednim od osnivača slovenske sintakse, posebno sintagmatike i sintakse glagola. Prihvatio je
            pozitivne osobine mladogramatičarske škole, posebno najprogresivnije ideje ruskog lingviste Fortunatova
            Svoje teorijske poglede na jezik izneo je u obimnom dvotomnom delu „O jezičkoj prirodi i jezičkom razvitku“.
            Milka Ivić, naš vodeći poznavalac opšte lingvistike, ističe da je insistirao da se reči ispituju s pogledom
            na njihov oblik, funkciju i značenje. U njegovim pogledima da imenica podrazumeva „zbir osobina“ M. Ivić
            vidi preteče teorije generativne semantike.
            Posle Drugog svetskog rata Aleksandar Belić se ponovo našao na početku: bilo je nužno obnoviti rad
            Univerziteta i Akademije, odnosno okupljati desetkovan naučni kadar. Godine 1947. pri Akademiji se osniva
            Institut za srpski jezik, u koji se prenose leksikografski i svi veliki poslovi na planu proučavanja srpskog
            jezika. Belić je izabran za prvog direktora Instituta i na toj funkciji će ostati do kraja života. Ponovo
            pokreće sva tri časopisa, koji u toku rata nisu izlazili. Stara se o stvaranju naučnog kadra: svi srpski
            lingvisti iz druge polovine prošlog veka njegovi su učenici, mnogi su postali veliki naučnici, a među njima
            su i akademici Irena Grickat i Mitar Pešikan – iz Instituta za srpski jezik SANU; u Institutu su karijeru
            započinjali i Milka i Pavle Ivić, profesori Novosadskog univerziteta, njegovi učenici su i akademik Mihailo
            Stevanović sa Beogradskog i akademik Jovan Vuković sa Sarajevskog univerziteta.
            Pored svega pomenutog, Belić je bio i organizator naučnog života, osnivač Društva nastavnika srpskog jezika,
            osnivač Slavističkog društva Srbije, jedan od pokretača i učesnik međunarodnih kongresa slavista. Bilo je
            planirano da se Treći kongres održi u Beogradu u jesen 1939, ali je 1. septembra usledio napad fašističke
            Nemačke na Poljsku. U takvim okolnostima je odlučeno da se otkaže njegovo održavanje. Trebalo je da prođe
            osam decenija da Beogradu ponovo bude poverena organizacija takvog naučnog skupa: 2018. godine u Beogradu će
            se održati 16. međunarodni kongres slavista, na kome će srpski slavisti podsetiti svet slavistike na velikog
            srpskog lingvistu i zaslužnog slavistu akademika Aleksandra Belića.
        </article-text-transliterated>
    </article>
    <comments>
        <comments-count>5</comments-count>
        <comment-list>
            <comment comment-id="1">
                <comment-parent-id/>
                <comment-text>Видим да је Политика "ошишала" неке друге чињеничне коментаре. Жалосно. У сваком случају,
                    Белић је потписник "Апела", аутор српско-хрватског језика и речника, потписник "Новосадског
                    договора", као и одбаченог праовписа. Не знам шта смо тиме добили, али видим шта смо изгубили.
                </comment-text>
                <comment-text-transliterated>Vidim da je Politika "ošišala" neke druge činjenične komentare. Žalosno. U
                    svakom slučaju, Belić je potpisnik "Apela", autor srpsko-hrvatskog jezika i rečnika, potpisnik
                    "Novosadskog dogovora", kao i odbačenog praovpisa. Ne znam šta smo time dobili, ali vidim šta smo
                    izgubili.
                </comment-text-transliterated>
            </comment>
            <comment comment-id="2">
                <comment-parent-id/>
                <comment-text>Gospodine,Šop,ja ne sporim da Aleksandar Belić pokrenio veliki Rečnik Sanu,kao što Vi
                    sporite da je potpisao Apel srpskom narodu.Ja sam naveo gdje je i kada objavljen taj Apel i Vama
                    neće biti teško da to provjerite u arhivi Narodne biblioteke ili u arhivi novina Novo vreme za
                    1941.godinu.Da Vam pomognem,Apel je prvi potpisao episkop niški dr.Jovan.Dr.Aleksandar Belić je
                    33.potpisnik toga Apela kao pretsednik Srpske Kraljevske akademije nauka.Među potpisnicima su,a što
                    ćete Vi lako pročitati,i episkop zvorničko-tuzlanski Nektarije,episkop budimljanski Valerijan,te
                    nemali broj protojereja,kao i više bivših ministara i političara.Ima dosta i oficira,među kojima je
                    posljednji ministar kraljevske vojske prije 27.marta 1941.godine,"armiski đeneral"Petar V.Kosić.Od
                    značajnijih naučnih i umjetničkih osoba tu ćete naći Petra Mišića,rektora Beogradskog
                    univerziteta,Petra Konjovića,kompozitora i rektora Muzičke akademije,Tomu Rosandića,vajara i rektora
                    Umetničke akademije i niz drugih osoba.
                </comment-text>
                <comment-text-transliterated>Gospodine,Šop,ja ne sporim da Aleksandar Belić pokrenio veliki Rečnik
                    Sanu,kao što Vi sporite da je potpisao Apel srpskom narodu.Ja sam naveo gdje je i kada objavljen taj
                    Apel i Vama neće biti teško da to provjerite u arhivi Narodne biblioteke ili u arhivi novina Novo
                    vreme za 1941.godinu.Da Vam pomognem,Apel je prvi potpisao episkop niški dr.Jovan.Dr.Aleksandar
                    Belić je 33.potpisnik toga Apela kao pretsednik Srpske Kraljevske akademije nauka.Među potpisnicima
                    su,a što ćete Vi lako pročitati,i episkop zvorničko-tuzlanski Nektarije,episkop budimljanski
                    Valerijan,te nemali broj protojereja,kao i više bivših ministara i političara.Ima dosta i
                    oficira,među kojima je posljednji ministar kraljevske vojske prije 27.marta 1941.godine,"armiski
                    đeneral"Petar V.Kosić.Od značajnijih naučnih i umjetničkih osoba tu ćete naći Petra Mišića,rektora
                    Beogradskog univerziteta,Petra Konjovića,kompozitora i rektora Muzičke akademije,Tomu
                    Rosandića,vajara i rektora Umetničke akademije i niz drugih osoba.
                </comment-text-transliterated>
            </comment>
            <comment comment-id="3">
                <comment-parent-id/>
                <comment-text>Extra!</comment-text>
                <comment-text-transliterated>Extra!</comment-text-transliterated>
            </comment>
            <comment comment-id="3-1">
                <comment-parent-id>3</comment-parent-id>
                <comment-text>Да ли је Белић покренуо велики Речник САНУ? Јесте. Да ли је био затворен 1941? Јесте. Да
                    ли је могао бити председник САНУ после рата да је потписивао и сарађивао? НЕ БИ! Т о је истина.
                </comment-text>
                <comment-text-transliterated>Da li je Belić pokrenuo veliki Rečnik SANU? Jeste. Da li je bio zatvoren
                    1941? Jeste. Da li je mogao biti predsednik SANU posle rata da je potpisivao i sarađivao? NE BI! T o
                    je istina.
                </comment-text-transliterated>
            </comment>
            <comment comment-id="3-2">
                <comment-parent-id>3</comment-parent-id>
                <comment-text>Šteta što autor teksta nije se osvrnuo i na Belićevo stajalište o makedonskomu jeziku za
                    koji je tvrdio da je srpski jezik.Isto tako mogao je autor teksta spomenuti da je Aleksandar Belić
                    potpisnik Apela sršpskom narodu iz augusta 1941.godine kojim se osuđuje ustanak u Srbiji protiv
                    njemačkoga okupatora.Taj Apel je objavilo beogradsko Novo vreme 13.8.1941.godine,a potpisalo ga je
                    preko 400 viđenijih srpskih naučnika,svećenika,bivših ministara,trgovaca,književnika i drugih.Da je
                    to navedeno,možda bi slika o liku i djelu Aleksandra Belića bila potpunija.
                </comment-text>
                <comment-text-transliterated>Šteta što autor teksta nije se osvrnuo i na Belićevo stajalište o
                    makedonskomu jeziku za koji je tvrdio da je srpski jezik.Isto tako mogao je autor teksta spomenuti
                    da je Aleksandar Belić potpisnik Apela sršpskom narodu iz augusta 1941.godine kojim se osuđuje
                    ustanak u Srbiji protiv njemačkoga okupatora.Taj Apel je objavilo beogradsko Novo vreme
                    13.8.1941.godine,a potpisalo ga je preko 400 viđenijih srpskih naučnika,svećenika,bivših
                    ministara,trgovaca,književnika i drugih.Da je to navedeno,možda bi slika o liku i djelu Aleksandra
                    Belića bila potpunija.
                </comment-text-transliterated>
            </comment>
        </comment-list>
    </comments>
</document>