<document global-id="sr-01-100"><url>http://www.politika.rs/scc/clanak/429771/%D0%90%D0%B2%D0%B8%D0%BE%D0%BD%D0%BE%D0%BC-%D0%B8%D0%B7-%D1%81%D0%B0%D1%80%D0%B0%D1%98%D0%B5%D0%B2%D1%81%D0%BA%D0%BE%D0%B3-%D1%80%D0%B0%D1%82%D0%BD%D0%BE%D0%B3-%D0%B2%D1%80%D1%82%D0%BB%D0%BE%D0%B3%D0%B0</url><source-id>sr-01</source-id><local-id>sr-01-100</local-id><source-name>Politika</source-name><article><article-title>Авионом из сарајевског ратног вртлога</article-title><article-title-transliterated>Avionom iz sarajevskog ratnog vrtloga</article-title-transliterated><article_time>2019-05-19</article_time><article-author>Miroslav Stefanović</article-author><article-text>
После бекства из ратног вртлога званог Сарајево, он им је био последња нада. Путеви са барикадама, пуцало се и гинуло. Они који су на време избегли, слушали су вести о „паклу у Сарајеву”, бринули о родбини, пријатељима, дојучерашњим комшијама. Требало је из тог пакла побећи. Како?
Авионом „боинг 707”, познатијим и као „кикаш”.
Транспортну грдосију водили су искусни и храбри пилоти, ризикујући сопствене животе и животе напаћених, који су бежали из ратног гротла, безгранично срећни што су се у авион укрцали и домогли аеродрома у Батајници. Домогли се слободе. Сви који прочитају ове редове и виде фотографије авиона, сетиће се сопствене сарајевске драме, како су, сами или с децом у наручју, молили и бога и посаду да се укрцају и да побегну што даље од места у којем су фијукали куршуми и падале гранате.
Зашто после толико времена пишемо о овом авиону и о људима који су у тим драматичним данима њиме управљали?
Најпре, да се тако нешто више никад не понови, али и да не заборавимо херојство пилота и комплетне посаде. Један од њих је и легендарни пилот Стева Попов, који нажалост више није међу нама, јер се пре четири године преселио у вечне висине. Наравно, и други пилоти су управљали овим авионом и такође били хероји.

Необична је судбина овог авиона и пут којим је овај авион доспео на наше писте.
Почетком деведесетих година, у време ратних сукоба на тлу бивше Југославије, авион натоварен оружјем полетео је из Уганде за Хрватску. Главни финансијер оружја био је бизнисмен хрватског порекла Антун Кикаш. Како често ни највећа тајна не може да се сакрије, тако је и овај авион откривен, па су га два борбена авиона тадашње ЈНА приморала да слети на загребачки аеродром. Авион је заплењен, а посада ухапшена.
Наставак приче о „боингу 707”, који је могао да понесе 110 тона терета и да без прекида лети десет сати, завређује само ако испричамо шта се догађало на сарајевском аеродрому „Бутмир”, с пролећа 1992, где су челична птица и њена посада постали јунаци за сва времена и одакле су спасили хиљаде људи.
Аутор ових редова годинама је друговао са Стевом Поповим, и из тог пријатељства је настала књига о њему, објављена на српском и енглеском језику 1994. године. Пријатељство је пресудило да, док је још чамио на писти батајничког аеродрома, једног децембарског дана, донекле и кришом, уђемо у „боинг 707” и да пилота фотографишемо. За њега је то био сусрет пун снажних емоција.
Поново је сео за команде, прошетао утробом у којој су, попут сардина, били начичкани они који су бежали из Сарајева, додиривао седишта и оне силне „дугмиће” у пилотској кабини... Једино што авион тада никуд није морао да полети. Био је у мраку, без акумулатора и посаде, није рулао, нити је чекао путнике пуне зебње, страха, неизвесности.
Тада смо, какве ли симболике, на унутрашњој страни врата од пилотске кабине, запазили дечју цуцлу. Стева се премишљао да ли да је узме како драгу успомену, кад је већ толико опстала и кад је нико није дирао. 

Скинуо је са врата кабине, неколико тренутака држао у руци и загледао, а онда вратио тамо где је и била. Отео му се дубоки уздах, а успомене су, попут најјаче бујице, преплавиле његову душу.
Увек, па и тада, док смо сами седели у авиону, окружени неком чудноватом тишином, није заборавио да помене своју легендарну посаду: капетана Саву Остојина, флајт инжењера Синишу Николића и механичаре Златка Рашету и Душана Грујичића.
Што се тиче судбине оних који су успели да се превезу авионом, било их је на претек. Овако се Попов присећао једног догађаја који смо помно забележили:
„Доћи до сарајевског аеродрома била је авантура, игра животом. Они који се домогну, немају више шансе да се врате. У авион, или у понор, у бездан... У тој гужви случајно, крајичком ока, угледам двоје малишана. Ваљда свесни да немају шансе да се од толике гужве пробију до авиона, измакли су се по страни. Гледам их још мало, све очекујући да ће им се појавити родитељи или неко од старијих. Али, они даље сами. Стоје немо, усправно, држећи се за руке. Привукла ме баш та сцена. И, одлучим се да им приђем... Дечаку, колико сам могао да оценим, није било више од дванаест, тринаест година. Девојчица, нешто млађа. Питам их где су им родитељи? Они ме гледају, ћуте. После неколико тренутака дечак се осмели и изусти: „Ми смо, чико, сирочад. Немамо никога. Родитељи су нам погинули у Сарајеву. Хтели бисмо у авион, имамо рођаке у Србији, у Старој Пазови...”
Сирочад! Нешто као да ме је ошинуло по сред тела. Стресла ме нека грозница. Истог часа сам их зграбио са писте. Девојчицу сам узео у наручје, дечака ухватио за руку. Кренуо сам ка авиону, кроз ту непрегледну масу људи који ме гурају, вичу, дозивају по имену. Корачам некако поносно, а сузе само што ми нису грунуле. Знам, морам да останем прибран, а ипак сам се растужио, све ми се нешто скупило у души, сва патња, бол, проклетство тог рата. Тешком муком се пробијам кроз масу, неко иза мене виче: „Пустите пилота, то је капетан авиона.” И били су у пилотској кабини, тик поред мојих ногу, све док нисмо слетели у Батајницу.

После су их одвезли у Стару Пазову, код рођака. Не знам њихову даљу судбину. Важно је да су живи и здрави. Нажалост, вероватно ће се до краја живота сећати пакла Сарајева и лета до Батајнице...
Тадашње руководство ЈАТ-а, бар према нашем сазнању, било је вољно да „боинг 707” региструје за цивилни саобраћај. Нажалост, нису успели да прибаве потпуне техничке податке о авиону, а без тога нема регистрације. Зато је 1996. продат извесној британско-америчкој компанији.
Ко зна, можда и данас шпарта плавим висинама. Они који су с њим избегли из Сарајева увек ће га се сећати, а посебно храбре посаде које су их одатле избавиле.
У једном дану 16 летова
Овим авионом је од 12. априла до 3. маја 1992. превезено око 49.000 будућих избеглица из БиХ. Само 2. маја, присећао се капетан Попов, на релацији Батајница–Сарајево–Батајница имао је 16 летова, а из ратног пакла је у том дану избављено око 4.000 људи. Осим људи, популарним „кикашем” су деведесетих година, у време рата у БиХ, превезени и делови из војних и цивилних фабрика, а баш овим авионом су боце са кисеоником транспортоване за бебе у бањалучкој болници.
Како је пронађен мали Бојан?
Летови из Сарајева до Батајнице памтиће се и по томе што је једна мајка изгубила дете. У општем метежу да се домогне авиона, она је тек на половини лета схватила да њен син Бојан није међу путницима. Добила је напад панике и све испричала капетану Стеви Попову. На следећем лету, чим су стигли на сарајевски аеродром, комплетна посада се дала у потрагу за дечаком. Спазили су га како се безбрижно игра у аеродромској згради, ваљда уверен да му је мајка у близини. На лету до Батајнице био је у пилотској кабини. О томе је снимљена и ТВ сторија, када је пилот Попов, после много година, поново видео Бојана, тада већ наочитог момка.
</article-text><article-text-transliterated>
Posle bekstva iz ratnog vrtloga zvanog Sarajevo, on im je bio poslednja nada. Putevi sa barikadama, pucalo se i ginulo. Oni koji su na vreme izbegli, slušali su vesti o „paklu u Sarajevu”, brinuli o rodbini, prijateljima, dojučerašnjim komšijama. Trebalo je iz tog pakla pobeći. Kako?
Avionom „boing 707”, poznatijim i kao „kikaš”.
Transportnu grdosiju vodili su iskusni i hrabri piloti, rizikujući sopstvene živote i živote napaćenih, koji su bežali iz ratnog grotla, bezgranično srećni što su se u avion ukrcali i domogli aerodroma u Batajnici. Domogli se slobode. Svi koji pročitaju ove redove i vide fotografije aviona, setiće se sopstvene sarajevske drame, kako su, sami ili s decom u naručju, molili i boga i posadu da se ukrcaju i da pobegnu što dalje od mesta u kojem su fijukali kuršumi i padale granate.
Zašto posle toliko vremena pišemo o ovom avionu i o ljudima koji su u tim dramatičnim danima njime upravljali?
Najpre, da se tako nešto više nikad ne ponovi, ali i da ne zaboravimo herojstvo pilota i kompletne posade. Jedan od njih je i legendarni pilot Steva Popov, koji nažalost više nije među nama, jer se pre četiri godine preselio u večne visine. Naravno, i drugi piloti su upravljali ovim avionom i takođe bili heroji.

Neobična je sudbina ovog aviona i put kojim je ovaj avion dospeo na naše piste.
Početkom devedesetih godina, u vreme ratnih sukoba na tlu bivše Jugoslavije, avion natovaren oružjem poleteo je iz Ugande za Hrvatsku. Glavni finansijer oružja bio je biznismen hrvatskog porekla Antun Kikaš. Kako često ni najveća tajna ne može da se sakrije, tako je i ovaj avion otkriven, pa su ga dva borbena aviona tadašnje JNA primorala da sleti na zagrebački aerodrom. Avion je zaplenjen, a posada uhapšena.
Nastavak priče o „boingu 707”, koji je mogao da ponese 110 tona tereta i da bez prekida leti deset sati, zavređuje samo ako ispričamo šta se događalo na sarajevskom aerodromu „Butmir”, s proleća 1992, gde su čelična ptica i njena posada postali junaci za sva vremena i odakle su spasili hiljade ljudi.
Autor ovih redova godinama je drugovao sa Stevom Popovim, i iz tog prijateljstva je nastala knjiga o njemu, objavljena na srpskom i engleskom jeziku 1994. godine. Prijateljstvo je presudilo da, dok je još čamio na pisti batajničkog aerodroma, jednog decembarskog dana, donekle i krišom, uđemo u „boing 707” i da pilota fotografišemo. Za njega je to bio susret pun snažnih emocija.
Ponovo je seo za komande, prošetao utrobom u kojoj su, poput sardina, bili načičkani oni koji su bežali iz Sarajeva, dodirivao sedišta i one silne „dugmiće” u pilotskoj kabini... Jedino što avion tada nikud nije morao da poleti. Bio je u mraku, bez akumulatora i posade, nije rulao, niti je čekao putnike pune zebnje, straha, neizvesnosti.
Tada smo, kakve li simbolike, na unutrašnjoj strani vrata od pilotske kabine, zapazili dečju cuclu. Steva se premišljao da li da je uzme kako dragu uspomenu, kad je već toliko opstala i kad je niko nije dirao. 

Skinuo je sa vrata kabine, nekoliko trenutaka držao u ruci i zagledao, a onda vratio tamo gde je i bila. Oteo mu se duboki uzdah, a uspomene su, poput najjače bujice, preplavile njegovu dušu.
Uvek, pa i tada, dok smo sami sedeli u avionu, okruženi nekom čudnovatom tišinom, nije zaboravio da pomene svoju legendarnu posadu: kapetana Savu Ostojina, flajt inženjera Sinišu Nikolića i mehaničare Zlatka Rašetu i Dušana Grujičića.
Što se tiče sudbine onih koji su uspeli da se prevezu avionom, bilo ih je na pretek. Ovako se Popov prisećao jednog događaja koji smo pomno zabeležili:
„Doći do sarajevskog aerodroma bila je avantura, igra životom. Oni koji se domognu, nemaju više šanse da se vrate. U avion, ili u ponor, u bezdan... U toj gužvi slučajno, krajičkom oka, ugledam dvoje mališana. Valjda svesni da nemaju šanse da se od tolike gužve probiju do aviona, izmakli su se po strani. Gledam ih još malo, sve očekujući da će im se pojaviti roditelji ili neko od starijih. Ali, oni dalje sami. Stoje nemo, uspravno, držeći se za ruke. Privukla me baš ta scena. I, odlučim se da im priđem... Dečaku, koliko sam mogao da ocenim, nije bilo više od dvanaest, trinaest godina. Devojčica, nešto mlađa. Pitam ih gde su im roditelji? Oni me gledaju, ćute. Posle nekoliko trenutaka dečak se osmeli i izusti: „Mi smo, čiko, siročad. Nemamo nikoga. Roditelji su nam poginuli u Sarajevu. Hteli bismo u avion, imamo rođake u Srbiji, u Staroj Pazovi...”
Siročad! Nešto kao da me je ošinulo po sred tela. Stresla me neka groznica. Istog časa sam ih zgrabio sa piste. Devojčicu sam uzeo u naručje, dečaka uhvatio za ruku. Krenuo sam ka avionu, kroz tu nepreglednu masu ljudi koji me guraju, viču, dozivaju po imenu. Koračam nekako ponosno, a suze samo što mi nisu grunule. Znam, moram da ostanem pribran, a ipak sam se rastužio, sve mi se nešto skupilo u duši, sva patnja, bol, prokletstvo tog rata. Teškom mukom se probijam kroz masu, neko iza mene viče: „Pustite pilota, to je kapetan aviona.” I bili su u pilotskoj kabini, tik pored mojih nogu, sve dok nismo sleteli u Batajnicu.

Posle su ih odvezli u Staru Pazovu, kod rođaka. Ne znam njihovu dalju sudbinu. Važno je da su živi i zdravi. Nažalost, verovatno će se do kraja života sećati pakla Sarajeva i leta do Batajnice...
Tadašnje rukovodstvo JAT-a, bar prema našem saznanju, bilo je voljno da „boing 707” registruje za civilni saobraćaj. Nažalost, nisu uspeli da pribave potpune tehničke podatke o avionu, a bez toga nema registracije. Zato je 1996. prodat izvesnoj britansko-američkoj kompaniji.
Ko zna, možda i danas šparta plavim visinama. Oni koji su s njim izbegli iz Sarajeva uvek će ga se sećati, a posebno hrabre posade koje su ih odatle izbavile.
U jednom danu 16 letova
Ovim avionom je od 12. aprila do 3. maja 1992. prevezeno oko 49.000 budućih izbeglica iz BiH. Samo 2. maja, prisećao se kapetan Popov, na relaciji Batajnica–Sarajevo–Batajnica imao je 16 letova, a iz ratnog pakla je u tom danu izbavljeno oko 4.000 ljudi. Osim ljudi, popularnim „kikašem” su devedesetih godina, u vreme rata u BiH, prevezeni i delovi iz vojnih i civilnih fabrika, a baš ovim avionom su boce sa kiseonikom transportovane za bebe u banjalučkoj bolnici.
Kako je pronađen mali Bojan?
Letovi iz Sarajeva do Batajnice pamtiće se i po tome što je jedna majka izgubila dete. U opštem metežu da se domogne aviona, ona je tek na polovini leta shvatila da njen sin Bojan nije među putnicima. Dobila je napad panike i sve ispričala kapetanu Stevi Popovu. Na sledećem letu, čim su stigli na sarajevski aerodrom, kompletna posada se dala u potragu za dečakom. Spazili su ga kako se bezbrižno igra u aerodromskoj zgradi, valjda uveren da mu je majka u blizini. Na letu do Batajnice bio je u pilotskoj kabini. O tome je snimljena i TV storija, kada je pilot Popov, posle mnogo godina, ponovo video Bojana, tada već naočitog momka.
</article-text-transliterated></article><comments><comments-count>9</comments-count><comments-list><comment comment-id="1"><comment-parent-id /><comment-text>I mene je izbavio 1992godine iz Bihaća</comment-text><comment-text-transliterated>I mene je izbavio 1992godine iz Bihaća</comment-text-transliterated></comment><comment comment-id="2"><comment-parent-id /><comment-text>Dragan Bakal, postovanje... ja Vas nisam razumeo...sta je konkretno laz i sta ste na kraju spomenuli da nije uradjeno?</comment-text><comment-text-transliterated>Dragan Bakal, postovanje... ja Vas nisam razumeo...sta je konkretno laz i sta ste na kraju spomenuli da nije uradjeno?</comment-text-transliterated></comment><comment comment-id="3"><comment-parent-id /><comment-text>Ja sam 15-og aprila izasao sa ovim avionom</comment-text><comment-text-transliterated>Ja sam 15-og aprila izasao sa ovim avionom</comment-text-transliterated></comment><comment comment-id="4"><comment-parent-id /><comment-text>Kao vojnik ondasnje JA,leteli smo tog sunčanog 19.maja 1992. godine iz Banja Luke, tj. Laktaša, na Batajnicu, nikad nisam zaboravio reči mog zastavnika Vojislava Tihonova iz kasarne u Zalužanima-Ti si sad komandir komande stana, ostajte zbogom. Avion "kikaš" plavo-beli teretni, mi kao u sardini, sedimo na podu, mračno, ali radosni idemo u nasu Srbiju, ostavili smo drugove bosance, koji nas "srbijance" gledaju kao u bogove, suza nema, jer vojnik ne plače, 40 minuta, preleteli smo i ostali živi...</comment-text><comment-text-transliterated>Kao vojnik ondasnje JA,leteli smo tog sunčanog 19.maja 1992. godine iz Banja Luke, tj. Laktaša, na Batajnicu, nikad nisam zaboravio reči mog zastavnika Vojislava Tihonova iz kasarne u Zalužanima-Ti si sad komandir komande stana, ostajte zbogom. Avion "kikaš" plavo-beli teretni, mi kao u sardini, sedimo na podu, mračno, ali radosni idemo u nasu Srbiju, ostavili smo drugove bosance, koji nas "srbijance" gledaju kao u bogove, suza nema, jer vojnik ne plače, 40 minuta, preleteli smo i ostali živi...</comment-text-transliterated></comment><comment comment-id="5"><comment-parent-id /><comment-text>U SVEMU OVOME IMA MNOGO ISTINE ALI I MNOGO LAZI.JA SAM JEDAN OD MEHANICARA KOJI JE NAPRAVIO SVE I JEDAN LET SA OVIM AVIONOM A MOJE IME JE DRAGAN BAKAL PA AKO NEKO IMA SUPROTNO MISLJENJE NEKA OVO DEMANTUJE.JA CU VAM RADO ODGOVORITI.NEMOZE JEDAN COVEK OD NAS VISE KOJI SMO UCESTVOVALI U TOJ OZBILJNOJ OPERACIJI DA IZNOSI NEISTINE POGOTOVO MENI BEZ KOGA OVAJ AVION NIJE NAPRAVIO NI JEDAN LET OD ZAGREBA DO POSLEDNJEG LETA A MNOGI ZNAJU ZASTO NIJE URADDJEN.SPOSOVANJEM BAKAL




</comment-text><comment-text-transliterated>U SVEMU OVOME IMA MNOGO ISTINE ALI I MNOGO LAZI.JA SAM JEDAN OD MEHANICARA KOJI JE NAPRAVIO SVE I JEDAN LET SA OVIM AVIONOM A MOJE IME JE DRAGAN BAKAL PA AKO NEKO IMA SUPROTNO MISLJENJE NEKA OVO DEMANTUJE.JA CU VAM RADO ODGOVORITI.NEMOZE JEDAN COVEK OD NAS VISE KOJI SMO UCESTVOVALI U TOJ OZBILJNOJ OPERACIJI DA IZNOSI NEISTINE POGOTOVO MENI BEZ KOGA OVAJ AVION NIJE NAPRAVIO NI JEDAN LET OD ZAGREBA DO POSLEDNJEG LETA A MNOGI ZNAJU ZASTO NIJE URADDJEN.SPOSOVANJEM BAKAL




</comment-text-transliterated></comment><comment comment-id="5-1"><comment-parent-id>5</comment-parent-id><comment-text>Gospodine Bakal,
Javite se da nam ispricate svoju pricu i da nam kazete šta u ovoj prici nije istina.</comment-text><comment-text-transliterated>Gospodine Bakal,
Javite se da nam ispricate svoju pricu i da nam kazete šta u ovoj prici nije istina.</comment-text-transliterated></comment><comment comment-id="6"><comment-parent-id /><comment-text>И ја сам била у том авиону, 18-тог априла 1992 године, са сестром и мајком. Сјеќам се како смо сједили на страничним клупама.
Мислили смо, немири ќе трајати мјесец дана. </comment-text><comment-text-transliterated>I ja sam bila u tom avionu, 18-tog aprila 1992 godine, sa sestrom i majkom. Sjeќam se kako smo sjedili na straničnim klupama.
Mislili smo, nemiri ќe trajati mjesec dana. </comment-text-transliterated></comment><comment comment-id="7"><comment-parent-id /><comment-text>Ne ponovilo se vise nikad.</comment-text><comment-text-transliterated>Ne ponovilo se vise nikad.</comment-text-transliterated></comment><comment comment-id="8"><comment-parent-id /><comment-text>Hajezio sam se ...</comment-text><comment-text-transliterated>Hajezio sam se ...</comment-text-transliterated></comment></comments-list></comments></document>