<document global-id="sr-01-1456">
    <url>
        http://www.politika.rs/scc/clanak/337744/%D0%9C%D0%BB%D0%B0%D0%B4%D0%B8-%D1%83-%D1%86%D0%B5%D0%BD%D1%82%D1%80%D1%83-%D0%BD%D0%B0%D1%88%D0%B5%D0%B3-%D1%88%D1%82%D0%B0%D0%BD%D0%B4%D0%B0-%D1%83-%D0%9C%D0%BE%D1%81%D0%BA%D0%B2%D0%B8
    </url>
    <source-id>sr-01</source-id>
    <local-id>1456</local-id>
    <source-name>Politika</source-name>
    <article>
        <article-title>Млади у центру нашег штанда у Москви</article-title>
        <article-title-transliterated>Mladi u centru našeg štanda u Moskvi</article-title-transliterated>
        <article-time>2015-09-07</article-time>
        <article-author/>
        <article-text>Делегација наших писаца и преводилаца управо се вратила са завршеног Сајма књига у Москви, који је
            трајао од 2. до 6. септембра, и на којем је Србија била један од специјалних гостију. Близу 200.000
            посетилаца присуствовало је овој литерарној манифестацији, а како за наш лист каже Младен Весковић који је,
            као шеф Одсека за међународну сарадњу Министарства културе и информисања Републике Србије, био члан наше
            делегације на овом сајму, организатори су као свој главни задатак поставили привлачење што је могуће већег
            броја читалаца, поготово младих.
            Весковић истиче да концепт нашег штанда није био продајни, већ изложбени, али да је код руског издавача –
            Центра књиге „Рудомино” била врло тражена Антологија савремене српске приче „Ухвати звезду падалицу”, у
            преводу на руски језик. У организацији овог наступа српске књижевности учествовали су, поред Министарства
            културе, и Српски ПЕН центар и Српско књижевно друштво. Васа Павковић, Љубица Арсић, Ласло Блашковић,
            Милован Марчетић, Гордана Ћирјанић, неки су од писаца у српској делегацији. Овом приликом, са руским
            издавачима потписани су уговори о објављивању књига Ласла Блашковића „Мадонин накит” и Владислава Бајца
            „Хамам Балканија”.
            – Ова манифестација је укључена и у програм обележавања Дана града Москве, што се види и у дизајнерским
            решењима сајамског простора: јарко и празнично. Књижари су пред сајамском халом нудили посетиоцима књиге о
            Москви, док су се у посебном одељку хале могле видети макете најпознатијих московских грађевина, утисак је
            нашег саговорника о Московском сајму књига, који је за четрдесетак година свог постојања био и остао главни
            руски излог за књижевну уметност, библиотекарство, издаваштво и штампарство. 
            По његовим речима, српски национални штанд својим изгледом, позицијом и површином од 250 метара квадратних
            лепо се уклопио у атмосферу Московског сајма књига, јер је својим архитектонским решењем, отвореношћу,
            привлачио посетиоце да се дуже задрже и слушају неко време представљања дела наших писаца на руском језику.
            – Судећи по пажљивим слушаоцима, писци овде имају третман звезде, подстакнути не само промишљеним питањима
            водитељке програма, преводиоца Ане Ростокине, већ и видео-записом, у којем се, заједно са њима, појављују
            Пушкин, Андрић, Исидора Секулић, приметио је Весковић. 
            Роман „Пољубац” Гордане Ћирјанић, као и књига „Испод таванице која се љуспа” Горана Петровића, преведени на
            руски језик, представљени су у Гогољевој кући у Москви. Гордана Ћирјанић је пуна утисака, после промоције,
            изјавила:
            – Бити гост на једном сајму књига напоран је посао, поготово ако је писцу организован згуснут програм и ако
            сваког дана има неки наступ. Али, будући да је све то у функцији књиге и стицања нових читалаца, вреди.
            Доживела сам велико узбуђење када је мој роман „Пољубац” представљен у центру Москве, ни мање ни више него у
            Гогољевој кући, оној где је славни руски писац проживео последње године живота, а ту и преминуо. У први мах
            сам се осетила сићушном, али како је програм одмицао, уз похвалне речи издавача и критичара, моја сигурност
            је расла, да бих на крају и сама проговорила неколико речи о себи и свом роману. У публици увек нађемо неко
            знатижељно лице и будне очи које нас прате, па се у мислима обраћамо тој једној особи, која нам представља
            све друге, а улива нам поверење и изоштрава нашу концентрацију. У овом случају беху то очи свима нама знаног
            писца Виталија Шенталинског, што је представљало додатни подстицај и велику част. 
            М. В.
        </article-text>
        <article-text-transliterated>Delegacija naših pisaca i prevodilaca upravo se vratila sa završenog Sajma knjiga u
            Moskvi, koji je trajao od 2. do 6. septembra, i na kojem je Srbija bila jedan od specijalnih gostiju. Blizu
            200.000 posetilaca prisustvovalo je ovoj literarnoj manifestaciji, a kako za naš list kaže Mladen Vesković
            koji je, kao šef Odseka za međunarodnu saradnju Ministarstva kulture i informisanja Republike Srbije, bio
            član naše delegacije na ovom sajmu, organizatori su kao svoj glavni zadatak postavili privlačenje što je
            moguće većeg broja čitalaca, pogotovo mladih.
            Vesković ističe da koncept našeg štanda nije bio prodajni, već izložbeni, ali da je kod ruskog izdavača –
            Centra knjige „Rudomino” bila vrlo tražena Antologija savremene srpske priče „Uhvati zvezdu padalicu”, u
            prevodu na ruski jezik. U organizaciji ovog nastupa srpske književnosti učestvovali su, pored Ministarstva
            kulture, i Srpski PEN centar i Srpsko književno društvo. Vasa Pavković, Ljubica Arsić, Laslo Blašković,
            Milovan Marčetić, Gordana Ćirjanić, neki su od pisaca u srpskoj delegaciji. Ovom prilikom, sa ruskim
            izdavačima potpisani su ugovori o objavljivanju knjiga Lasla Blaškovića „Madonin nakit” i Vladislava Bajca
            „Hamam Balkanija”.
            – Ova manifestacija je uključena i u program obeležavanja Dana grada Moskve, što se vidi i u dizajnerskim
            rešenjima sajamskog prostora: jarko i praznično. Knjižari su pred sajamskom halom nudili posetiocima knjige
            o Moskvi, dok su se u posebnom odeljku hale mogle videti makete najpoznatijih moskovskih građevina, utisak
            je našeg sagovornika o Moskovskom sajmu knjiga, koji je za četrdesetak godina svog postojanja bio i ostao
            glavni ruski izlog za književnu umetnost, bibliotekarstvo, izdavaštvo i štamparstvo. 
            Po njegovim rečima, srpski nacionalni štand svojim izgledom, pozicijom i površinom od 250 metara kvadratnih
            lepo se uklopio u atmosferu Moskovskog sajma knjiga, jer je svojim arhitektonskim rešenjem, otvorenošću,
            privlačio posetioce da se duže zadrže i slušaju neko vreme predstavljanja dela naših pisaca na ruskom
            jeziku.
            – Sudeći po pažljivim slušaocima, pisci ovde imaju tretman zvezde, podstaknuti ne samo promišljenim
            pitanjima voditeljke programa, prevodioca Ane Rostokine, već i video-zapisom, u kojem se, zajedno sa njima,
            pojavljuju Puškin, Andrić, Isidora Sekulić, primetio je Vesković. 
            Roman „Poljubac” Gordane Ćirjanić, kao i knjiga „Ispod tavanice koja se ljuspa” Gorana Petrovića, prevedeni
            na ruski jezik, predstavljeni su u Gogoljevoj kući u Moskvi. Gordana Ćirjanić je puna utisaka, posle
            promocije, izjavila:
            – Biti gost na jednom sajmu knjiga naporan je posao, pogotovo ako je piscu organizovan zgusnut program i ako
            svakog dana ima neki nastup. Ali, budući da je sve to u funkciji knjige i sticanja novih čitalaca, vredi.
            Doživela sam veliko uzbuđenje kada je moj roman „Poljubac” predstavljen u centru Moskve, ni manje ni više
            nego u Gogoljevoj kući, onoj gde je slavni ruski pisac proživeo poslednje godine života, a tu i preminuo. U
            prvi mah sam se osetila sićušnom, ali kako je program odmicao, uz pohvalne reči izdavača i kritičara, moja
            sigurnost je rasla, da bih na kraju i sama progovorila nekoliko reči o sebi i svom romanu. U publici uvek
            nađemo neko znatiželjno lice i budne oči koje nas prate, pa se u mislima obraćamo toj jednoj osobi, koja nam
            predstavlja sve druge, a uliva nam poverenje i izoštrava našu koncentraciju. U ovom slučaju behu to oči
            svima nama znanog pisca Vitalija Šentalinskog, što je predstavljalo dodatni podsticaj i veliku čast. 
            M. V.
        </article-text-transliterated>
    </article>
    <comments>
        <comments-count>1</comments-count>
        <comment-list>
            <comment comment-id="1">
                <comment-parent-id/>
                <comment-text>Ласло Блашковић..... зашто ће његова књига бити објављена? зашто? имамо толико младих
                    писаца. А Ласло воли да цепа књиге.. и да после смене бива унапређен. Не састаје се само Дачић са
                    бананом, ми живимо у банани
                </comment-text>
                <comment-text-transliterated>Laslo Blašković..... zašto će njegova knjiga biti objavljena? zašto? imamo
                    toliko mladih pisaca. A Laslo voli da cepa knjige.. i da posle smene biva unapređen. Ne sastaje se
                    samo Dačić sa bananom, mi živimo u banani
                </comment-text-transliterated>
            </comment>
        </comment-list>
    </comments>
</document>