<?xml version="1.0" encoding="utf-8"?>
<document global-id="sr-01-1275">
	<url>http://www.politika.rs/scc/clanak/433560/%D0%9B%D0%B5%D0%BA%D1%86%D0%B8%D1%98%D0%B0-%D0%9D%D0%B8%D0%BA%D0%B0-%D0%9A%D0%B8%D1%80%D0%B8%D0%BE%D1%81%D0%B0-%D0%BE-%D0%BC%D0%BE%D1%80%D0%B0%D0%BB%D1%83-%D0%B8-%D0%BF%D1%80%D0%B0%D0%B2%D0%B4%D0%B8</url>
	<source-id>sr-01</source-id>
	<local-id>1275</local-id>
	<source-name>Politika</source-name>
	<article>
		<article-title>Лекција Ника Кириоса о моралу и правди</article-title>
		<article-title-transliterated>Lekcija Nika Kiriosa o moralu i pravdi</article-title-transliterated>
		<article-time>2019-07-12</article-time>
		<article-author/>
		<article-text>Четвртог јула, на Дан државности САД и некадашњи Дан борца – државни празник бивше СФРЈ, у лондонском предграђу Вимблдон одигран је меч између Шпанца са Мајорке Рафаела Надала и Аустралијанца грчког порекла Ника Кириоса.
Пред петнаестак хиљада гледалаца на централном стадиону, млађи тенисер Ник Кириос, неспоран спортски таленат, одржао је лекцију о моралу и правди, не само необјективној лондонској публици, него и свим гледаоцима поред малих екрана, као и организаторима турнира у Вимблдону и челницима тениских клубова, организација и удружења широм планете. Можда је то, у превеликој жељи за једнаке услове, учинио незграпно и недостојанствено, али судија у мечу није заслужио ништа боље. У једном тренутку, када је судија изрицао опомену Кириосу, помислио сам на нашег Новака и колико је у својој каријери претрпео неправди (и од судија и од организатора турнира и од белосветских гледалаца), а трпи их, бога ми, и дан данас.
Са задовољством сам пропратио поен када је, исправљајући судијску грешку, упозорио Надала да тражи проверу „соколовог ока”, као и када је више пута немуштим тенисерским језиком честитао Надалу на успешно одиграном и освојеном поену. Нека му пример, пре свих, буде Новак, који је одавно познат по својој коректности, па противници, пре него што затраже помоћ „соколовог ока” и судије, проверавају питајући Новака да ли је лоптица „качила” линију или не.
Све у свему, једно дивно спортско предвечерје, набијено емоцијама оба тенисера, умало није покварио судија.
Још (мени је 73 године) се често питам зашто неке судије, не само у тенису, већ и у другим спортовима (понекад, по сваку цену), желе да буду у првом плану и не могу да схвате да једном асу какав је Надал није потребна њихова помоћ.
На крају крајева, ни у спорту, а ни у другим сегментима друштва, не може један аршин да буде за тзв. ауторитете, а други за тзв. аутсајдере. Такво схватање спорта и спортског морала дубоко ме вређа.
Дарко Б. Шуковић</article-text>
		<article-text-transliterated>Četvrtog jula, na Dan državnosti SAD i nekadašnji Dan borca – državni praznik bivše SFRJ, u londonskom predgrađu Vimbldon odigran je meč između Španca sa Majorke Rafaela Nadala i Australijanca grčkog porekla Nika Kiriosa.
Pred petnaestak hiljada gledalaca na centralnom stadionu, mlađi teniser Nik Kirios, nesporan sportski talenat, održao je lekciju o moralu i pravdi, ne samo neobjektivnoj londonskoj publici, nego i svim gledaocima pored malih ekrana, kao i organizatorima turnira u Vimbldonu i čelnicima teniskih klubova, organizacija i udruženja širom planete. Možda je to, u prevelikoj želji za jednake uslove, učinio nezgrapno i nedostojanstveno, ali sudija u meču nije zaslužio ništa bolje. U jednom trenutku, kada je sudija izricao opomenu Kiriosu, pomislio sam na našeg Novaka i koliko je u svojoj karijeri pretrpeo nepravdi (i od sudija i od organizatora turnira i od belosvetskih gledalaca), a trpi ih, boga mi, i dan danas.
Sa zadovoljstvom sam propratio poen kada je, ispravljajući sudijsku grešku, upozorio Nadala da traži proveru „sokolovog oka”, kao i kada je više puta nemuštim teniserskim jezikom čestitao Nadalu na uspešno odigranom i osvojenom poenu. Neka mu primer, pre svih, bude Novak, koji je odavno poznat po svojoj korektnosti, pa protivnici, pre nego što zatraže pomoć „sokolovog oka” i sudije, proveravaju pitajući Novaka da li je loptica „kačila” liniju ili ne.
Sve u svemu, jedno divno sportsko predvečerje, nabijeno emocijama oba tenisera, umalo nije pokvario sudija.
Još (meni je 73 godine) se često pitam zašto neke sudije, ne samo u tenisu, već i u drugim sportovima (ponekad, po svaku cenu), žele da budu u prvom planu i ne mogu da shvate da jednom asu kakav je Nadal nije potrebna njihova pomoć.
Na kraju krajeva, ni u sportu, a ni u drugim segmentima društva, ne može jedan aršin da bude za tzv. autoritete, a drugi za tzv. autsajdere. Takvo shvatanje sporta i sportskog morala duboko me vređa.
Darko B. Šuković</article-text-transliterated>
	</article>
	<comments>
		<comments-count>4</comments-count>
		<comments-list>
			<comment comment-id="1">
				<comment-parent-id/>
				<comment-text>o kakvom moralu vi govorite kod NK? Koliko ja cujem i citam on Novaka ne ceni . njegova poruka na 'socijalinm medijima&quot; Nicholas Kyrgios ✔ @NickKyrgios Federer please win</comment-text>
				<comment-text-transliterated>o kakvom moralu vi govorite kod NK? Koliko ja cujem i citam on Novaka ne ceni . njegova poruka na 'socijalinm medijima&quot; Nicholas Kyrgios ✔ @NickKyrgios Federer please win</comment-text-transliterated>
			</comment>
			<comment comment-id="2">
				<comment-parent-id/>
				<comment-text>Kirgios je izgubljen slucaj. Lice mu je ogledalo duse. Igrac malog dometa koji pokusava da privuce paznju glupiranjem, bezobrazlukom i omalovazavanjem mnogo boljih od sebe (nedavno mu je palo na pamet da kritikuje i Novaka). Kad je zadnji put dogurao dalje od cetvrtfinala na bilo kom znacajnom turniru?</comment-text>
				<comment-text-transliterated>Kirgios je izgubljen slucaj. Lice mu je ogledalo duse. Igrac malog dometa koji pokusava da privuce paznju glupiranjem, bezobrazlukom i omalovazavanjem mnogo boljih od sebe (nedavno mu je palo na pamet da kritikuje i Novaka). Kad je zadnji put dogurao dalje od cetvrtfinala na bilo kom znacajnom turniru?</comment-text-transliterated>
			</comment>
			<comment comment-id="3">
				<comment-parent-id/>
				<comment-text>Gospodine Sukovicu momak o kome govorite u superlativu ima ozbiljnu dijagnozu i u svakom slucaju treba mu pomoci.</comment-text>
				<comment-text-transliterated>Gospodine Sukovicu momak o kome govorite u superlativu ima ozbiljnu dijagnozu i u svakom slucaju treba mu pomoci.</comment-text-transliterated>
			</comment>
			<comment comment-id="3-1">
				<comment-parent-id>3</comment-parent-id>
				<comment-text>Da, Kirios ima diagnozu- ne pati od kompleksa i ne trpi nepravdu. Us to - svima kaze sto misli. Gospodine Sukovicu svaka Vam cast. Nijeste se pridruzili umisljenim velicinana. Ona narodna mudrost kaze-Krivo sjedi, pravo zbori. Vazda.</comment-text>
				<comment-text-transliterated>Da, Kirios ima diagnozu- ne pati od kompleksa i ne trpi nepravdu. Us to - svima kaze sto misli. Gospodine Sukovicu svaka Vam cast. Nijeste se pridruzili umisljenim velicinana. Ona narodna mudrost kaze-Krivo sjedi, pravo zbori. Vazda.</comment-text-transliterated>
			</comment>
		</comments-list>
	</comments>
</document>
