<document global-id="sr-01-1465">
    <url>
        http://www.politika.rs/scc/clanak/334572/%D0%9C%D0%BE%D0%B3%D0%B0%D0%BE-%D1%81%D0%B0%D0%BC-%D1%81%D1%82%D1%80%D0%B0%D0%B4%D0%B0%D1%82%D0%B8-%D0%B8-%D0%BE%D0%B4-%D0%9A%D0%B0%D1%80%D0%B0%D1%9F%D0%B8%D1%9B%D0%B0-%D0%B8-%D0%BE%D0%B4-%D0%98%D0%B7%D0%B5%D1%82%D0%B1%D0%B5%D0%B3%D0%BE%D0%B2%D0%B8%D1%9B%D0%B0
    </url>
    <source-id>sr-01</source-id>
    <local-id>1465</local-id>
    <source-name>Politika</source-name>
    <article>
        <article-title>Могао сам страдати и од Караџића и од Изетбеговића</article-title>
        <article-title-transliterated>Mogao sam stradati i od Karadžića i od Izetbegovića</article-title-transliterated>
        <article-time>2015-08-01</article-time>
        <article-author>Emir Kusturica</article-author>
        <article-text>Дневник Емира Кустурице писан је 1994. године. „Политика” је од нашег прослављеног
            уметника и колумнисте добила ексклузивно одобрење да из њега пренесе забелешке које се
            односе на период у ком су једна земља и једна идеологија већ доживеле слом, а он снимао филм
            „Андерграунд”, који је можда најпотресније сведочанство о распаду Југославије. У
            Дневнику се, поред белешки о познатим савременицима, налазе и записи и размишљања о
            новом светском поретку и распаду биполарног света
                                                                       *    *    *    *
            Првих дана снимања бјежао је својим пратиоцима и често више од два сата висио на мостовима за расвјету на
            једној руци. Нико му није могао прићи. Читава екипа је сједила и чекала. Људи су пушили, шеткали унаоколо.
            Чарли се на крају спустио сам. Није подносио да неко стоји миран када он пада у повишено емоционално стање.
            Лазо је усавршио технику убацивања Чарлија у друго стање. Равномјерно је хуктао све док Чарли не би то
            прихватио и кренуо сам да хукће и пребацује тежину с једне на другу ногу. У сцени левитације Црног и
            Наталије гледао је у висину. Поред њега су стајали, такође гледајући увис, Жика и Славко. Чарли је хуктао и
            када је примијетио да га ова двојица крај њега не зарезују, наљутио се и само што нису добили по носу. Не
            може мајмун, као ни човјек, мирно да посматра како, док он пада у занос, поред њега стоје неки људи, мајмуни
            и не осјећају транс. Тако је било и са национализмом. Гдје год се појавио и није био својство индивидуе, ако
            ниси осјетио зов нације и испоштовао зов масе, проказали су те. У мом случају ствар је била још трагичнија.
            Чарли је прије неколико недјеља измакао пажњи својих чувара и у једној паузи за ручак ушетао у студио гдје
            су се одмарали неки сценски радници. Открио је столове прекривене стољњацима и почео да једе храну,
            реквизиту, спремну за сцену свадбе. Сценски радници су побјегли иако им је Чарли познат од раније. Уплашили
            се ваљда што се појавио без пратиоца, двојице Њемаца, снажних момака. Када је Чарли појео реквизиту, кренуо
            је преко студијске сцене према кантини. Угледао је чувара студија и одмах заузео ратничку позу. Почео је да
            лупа ритмично рукама и ногама о студијски бетон и онда кренуо на чувара. Успут га је чвркнуо и прошао даље.
            Барандовом је, за тили час, почео да шири страх. Ходницима су бјежали статисти, вриска и паника. Боже, како
            ја уживам у таквим ситуацијама. На крају, када је страх почистио простор, Чарли је мирно ушао у бар, отворио
            фрижидер и почео да пије и једе. Напио се толико да нисмо могли наставити снимање.
            Враћајући се кући пио сам пиво у колима и изненада ми је пао на ум комунизам и егоизам. Не знам да ли је то
            под утиском мајмуна Чарлија кога су, на крају, његови чувари пијаног одвели у приколицу. Углавном мислим
            како су се ови Чеси лако одрекли комунизма. Ваљда због тога што су схватили да је комунизам штетан по
            егоизам, а како су већи егоисти од нас, отарасили се комунизма кô мајмун Чарли оног чувара у студију.
            Најбоље је то за комунизам рекао Берђајев. Комунисти су нехришћанским методама хтјели да остваре хришћанске
            циљеве. Ту има нешто занимљивије. Комунизам је радио на ритму тамтам, а ја сам растао на ритму тутатутута.
            Иако сам увјерен да комунизам има историјску шансу. Не као бољшевизам.
            Често се питам у посљедње вријеме зашто нисам на почетку рата ипак отишао у Сарајево? И поред пријетњи да ће
            ме тамо убити? Те пријетње јесу биле реалне. Мислим да сам могао страдати и од Караџића и од Изетбеговића,
            када су пред скупштином заједно припуцали од бриге да се ствар не искомпликује. Али то и није било толико
            важно. Нисам ја неки страшљив човјек. Чини ми се да колективни занос и вјера у мом случају више,
            једноставно, немају привлачност. И у мом случају не само у случају ових Чеха, комунизам је поражен од стране
            егоизма. Наиме, егоизам не трпи комунизам и у тој тучи овај други губи, за сада, утакмицу. Године млатарања
            по бијелом свијету, познавање тамошњег свијета и презир хуманизма као идеологије који се шири као зараза,
            све је то било пресудно у мојој одлуци да снимам филм и колико могу породици и пријатељима помогнем. То не
            значи да свако ђуле испаљено са брда на Сарајево не одзвања у мени болно. Све се то ограничава на практични
            хуманизам, пошаљи покоји пакет, тури неком у писмо који долар, и то ти је све.
            Стављена је тачка на рат у Босни. У Паризу су потписали мир Милошевић, Изетбеговић и Туђман. Притисак на
            мене није престао. Чини ми се као да сваки млади Бошњак мужјак сазријева тек када пуним устима пљуне на
            мене. Како би ме радо линчовали, помислим често. И што је најчудније, међу њима предњачи Абдулах Сидран. Он
            се понаша као да један лик из прозе „Отац је кућа која се руши”. По тој причи је направљен сценариј и
            снимљен филм „Отац на службеном путу”.

            Данас ми је пало на ум да је Сидран постао споредни лик из својих прича. Он је то у ствари увијек и био.
            Дакле Сидранов лик је 1948. страдао због љубави. Рекао је:
            – Више волим руско говно него америчку торту.
            Био је то Владо Петровић и због тога је из Сарајева депортован на Голи оток. Да је то рекао данас, 1995. у
            Сарајеву, убили би га одмах. Зато што се то на босанском језику каже: „Више волим америчко говно него руску
            торту“ и у то мало ко сумња. Чак и руски писци преписују своја дјела на енглески, иако има још оних који
            тврдоглаво пишу на матерњем језику. Абдулах Сидран ће морати да пише све испочетка. Не само због тога што он
            више не пише језиком на којем је Владо Петровић рекао спорну реченицу. Сидран се понашао као споредни ликови
            из његове литературе. Када су га за вријеме опсаде Сарајева  питали, у јеку покоља сарајевских Срба под
            равнатељством музичара Цаце, зашто не помогне свом пријатељу Стевану Тонтићу, он је рекао:
            – Треба да копа ровове, што се не изјасни, зашто шути, знамо ми да је њему срце на Палама.
            Шта је радио Цацо кад није свирао
            Владо Петровић, лик из литературе, страдао је 1948. због онога што је рекао. Живот Стевана Тонтића је висио
            о концу у приватном логору сарајевског музичара због тога што је шутио. Могао је да страда као и неколико
            хиљада Срба који су ликвидирани под равнатељством овог хармоникаша. А тешко је повјеровати да ови као Сидран
            нису знали шта им раде музичари кад не свирају. Свакоме је било јасно да је Цацо добио прећутну улогу
            осветника за Муслимане поклане у Фочи и Приједору. Или су Шеве, како тврде борци из првих линија и кругови
            око Алије Изетбеговића, поубијале много више Срба у Сарајеву па су те злочине пребацивали Цаци! У вријеме
            тих покоља Сидран је играо шах у просторијама Министарства унутрашњих послова цјеловите и од Уједињених
            нација признате Босне и Херцеговине.
            Стеван  је копао ровове, са муком се сјећао Сидранових стихова „пријатељу мога живота, брату Стевану“,
            копнио и на крају, мршав, кост и кожа, побјегао из Сарајева преко Унпрофора. На Палама, гдје му је, како је
            Сидран тврдио, било срце, умало га нису линчовали због велеиздаје српског народа. Такође због тога што је
            шутио и није допринео праведној борби српског народа.
            Данас на Стевановом случају видим да моја мајка није у праву када ми каже:
            – Молим те, шути, не петљај се, исти си свој отац.
            Шутио ти не шутио, исто ти се пише. Они знају шта ти мислиш. Није то као у вријеме Владе Петровића када се
            најебавало због онога што ти је на срцу. Данас нема милости. Крив си када гласно не изговориш оно што желе
            да чују. Ако шутиш, ти си на непријатељској страни. Или још горе, ако ниси са њима, ти си против њих. Увијек
            су људи страдали на Балкану. Истина, због руских гована углавном. Америчка торта је на јеловнику од новијег
            датума. Највише су страдали када им се чинило да страдају због својих гована. И у животу и у литератури.
            Абдулах Сидран је страдао мало. Седамдесетих година је написао причу „Отац је кућа која се руши“. Због
            реченице „Више волим руско говно него америчку торту“ био је спреман да страда. Нудио се властима да постане
            непријатељ, али је био одбијен. Није им одговарао у тој улози.
        </article-text>
        <article-text-transliterated>Dnevnik Emira Kusturice pisan je 1994. godine. „Politika” je od našeg
            proslavljenog umetnika i kolumniste dobila ekskluzivno odobrenje da iz njega prenese
            zabeleške koje se odnose na period u kom su jedna zemlja i jedna ideologija već doživele
            slom, a on snimao film „Andergraund”, koji je možda najpotresnije svedočanstvo o raspadu
            Jugoslavije. U Dnevniku se, pored beleški o poznatim savremenicima, nalaze i zapisi i
            razmišljanja o novom svetskom poretku i raspadu bipolarnog sveta
                                                                       *    *    *    *
            Prvih dana snimanja bježao je svojim pratiocima i često više od dva sata visio na mostovima za rasvjetu na
            jednoj ruci. Niko mu nije mogao prići. Čitava ekipa je sjedila i čekala. Ljudi su pušili, šetkali unaokolo.
            Čarli se na kraju spustio sam. Nije podnosio da neko stoji miran kada on pada u povišeno emocionalno stanje.
            Lazo je usavršio tehniku ubacivanja Čarlija u drugo stanje. Ravnomjerno je huktao sve dok Čarli ne bi to
            prihvatio i krenuo sam da hukće i prebacuje težinu s jedne na drugu nogu. U sceni levitacije Crnog i
            Natalije gledao je u visinu. Pored njega su stajali, takođe gledajući uvis, Žika i Slavko. Čarli je huktao i
            kada je primijetio da ga ova dvojica kraj njega ne zarezuju, naljutio se i samo što nisu dobili po nosu. Ne
            može majmun, kao ni čovjek, mirno da posmatra kako, dok on pada u zanos, pored njega stoje neki ljudi,
            majmuni i ne osjećaju trans. Tako je bilo i sa nacionalizmom. Gdje god se pojavio i nije bio svojstvo
            individue, ako nisi osjetio zov nacije i ispoštovao zov mase, prokazali su te. U mom slučaju stvar je bila
            još tragičnija.
            Čarli je prije nekoliko nedjelja izmakao pažnji svojih čuvara i u jednoj pauzi za ručak ušetao u studio gdje
            su se odmarali neki scenski radnici. Otkrio je stolove prekrivene stoljnjacima i počeo da jede hranu,
            rekvizitu, spremnu za scenu svadbe. Scenski radnici su pobjegli iako im je Čarli poznat od ranije. Uplašili
            se valjda što se pojavio bez pratioca, dvojice Njemaca, snažnih momaka. Kada je Čarli pojeo rekvizitu,
            krenuo je preko studijske scene prema kantini. Ugledao je čuvara studija i odmah zauzeo ratničku pozu. Počeo
            je da lupa ritmično rukama i nogama o studijski beton i onda krenuo na čuvara. Usput ga je čvrknuo i prošao
            dalje. Barandovom je, za tili čas, počeo da širi strah. Hodnicima su bježali statisti, vriska i panika.
            Bože, kako ja uživam u takvim situacijama. Na kraju, kada je strah počistio prostor, Čarli je mirno ušao u
            bar, otvorio frižider i počeo da pije i jede. Napio se toliko da nismo mogli nastaviti snimanje.
            Vraćajući se kući pio sam pivo u kolima i iznenada mi je pao na um komunizam i egoizam. Ne znam da li je to
            pod utiskom majmuna Čarlija koga su, na kraju, njegovi čuvari pijanog odveli u prikolicu. Uglavnom mislim
            kako su se ovi Česi lako odrekli komunizma. Valjda zbog toga što su shvatili da je komunizam štetan po
            egoizam, a kako su veći egoisti od nas, otarasili se komunizma kô majmun Čarli onog čuvara u studiju.
            Najbolje je to za komunizam rekao Berđajev. Komunisti su nehrišćanskim metodama htjeli da ostvare hrišćanske
            ciljeve. Tu ima nešto zanimljivije. Komunizam je radio na ritmu tamtam, a ja sam rastao na ritmu tutatututa.
            Iako sam uvjeren da komunizam ima istorijsku šansu. Ne kao boljševizam.
            Često se pitam u posljednje vrijeme zašto nisam na početku rata ipak otišao u Sarajevo? I pored prijetnji da
            će me tamo ubiti? Te prijetnje jesu bile realne. Mislim da sam mogao stradati i od Karadžića i od
            Izetbegovića, kada su pred skupštinom zajedno pripucali od brige da se stvar ne iskomplikuje. Ali to i nije
            bilo toliko važno. Nisam ja neki strašljiv čovjek. Čini mi se da kolektivni zanos i vjera u mom slučaju
            više, jednostavno, nemaju privlačnost. I u mom slučaju ne samo u slučaju ovih Čeha, komunizam je poražen od
            strane egoizma. Naime, egoizam ne trpi komunizam i u toj tuči ovaj drugi gubi, za sada, utakmicu. Godine
            mlataranja po bijelom svijetu, poznavanje tamošnjeg svijeta i prezir humanizma kao ideologije koji se širi
            kao zaraza, sve je to bilo presudno u mojoj odluci da snimam film i koliko mogu porodici i prijateljima
            pomognem. To ne znači da svako đule ispaljeno sa brda na Sarajevo ne odzvanja u meni bolno. Sve se to
            ograničava na praktični humanizam, pošalji pokoji paket, turi nekom u pismo koji dolar, i to ti je sve.
            Stavljena je tačka na rat u Bosni. U Parizu su potpisali mir Milošević, Izetbegović i Tuđman. Pritisak na
            mene nije prestao. Čini mi se kao da svaki mladi Bošnjak mužjak sazrijeva tek kada punim ustima pljune na
            mene. Kako bi me rado linčovali, pomislim često. I što je najčudnije, među njima prednjači Abdulah Sidran.
            On se ponaša kao da jedan lik iz proze „Otac je kuća koja se ruši”. Po toj priči je napravljen scenarij i
            snimljen film „Otac na službenom putu”.

            Danas mi je palo na um da je Sidran postao sporedni lik iz svojih priča. On je to u stvari uvijek i bio.
            Dakle Sidranov lik je 1948. stradao zbog ljubavi. Rekao je:
            – Više volim rusko govno nego američku tortu.
            Bio je to Vlado Petrović i zbog toga je iz Sarajeva deportovan na Goli otok. Da je to rekao danas, 1995. u
            Sarajevu, ubili bi ga odmah. Zato što se to na bosanskom jeziku kaže: „Više volim američko govno nego rusku
            tortu“ i u to malo ko sumnja. Čak i ruski pisci prepisuju svoja djela na engleski, iako ima još onih koji
            tvrdoglavo pišu na maternjem jeziku. Abdulah Sidran će morati da piše sve ispočetka. Ne samo zbog toga što
            on više ne piše jezikom na kojem je Vlado Petrović rekao spornu rečenicu. Sidran se ponašao kao sporedni
            likovi iz njegove literature. Kada su ga za vrijeme opsade Sarajeva  pitali, u jeku pokolja sarajevskih Srba
            pod ravnateljstvom muzičara Cace, zašto ne pomogne svom prijatelju Stevanu Tontiću, on je rekao:
            – Treba da kopa rovove, što se ne izjasni, zašto šuti, znamo mi da je njemu srce na Palama.
            Šta je radio Caco kad nije svirao
            Vlado Petrović, lik iz literature, stradao je 1948. zbog onoga što je rekao. Život Stevana Tontića je visio
            o koncu u privatnom logoru sarajevskog muzičara zbog toga što je šutio. Mogao je da strada kao i nekoliko
            hiljada Srba koji su likvidirani pod ravnateljstvom ovog harmonikaša. A teško je povjerovati da ovi kao
            Sidran nisu znali šta im rade muzičari kad ne sviraju. Svakome je bilo jasno da je Caco dobio prećutnu ulogu
            osvetnika za Muslimane poklane u Foči i Prijedoru. Ili su Ševe, kako tvrde borci iz prvih linija i krugovi
            oko Alije Izetbegovića, poubijale mnogo više Srba u Sarajevu pa su te zločine prebacivali Caci! U vrijeme
            tih pokolja Sidran je igrao šah u prostorijama Ministarstva unutrašnjih poslova cjelovite i od Ujedinjenih
            nacija priznate Bosne i Hercegovine.
            Stevan  je kopao rovove, sa mukom se sjećao Sidranovih stihova „prijatelju moga života, bratu Stevanu“,
            kopnio i na kraju, mršav, kost i koža, pobjegao iz Sarajeva preko Unprofora. Na Palama, gdje mu je, kako je
            Sidran tvrdio, bilo srce, umalo ga nisu linčovali zbog veleizdaje srpskog naroda. Takođe zbog toga što je
            šutio i nije doprineo pravednoj borbi srpskog naroda.
            Danas na Stevanovom slučaju vidim da moja majka nije u pravu kada mi kaže:
            – Molim te, šuti, ne petljaj se, isti si svoj otac.
            Šutio ti ne šutio, isto ti se piše. Oni znaju šta ti misliš. Nije to kao u vrijeme Vlade Petrovića kada se
            najebavalo zbog onoga što ti je na srcu. Danas nema milosti. Kriv si kada glasno ne izgovoriš ono što žele
            da čuju. Ako šutiš, ti si na neprijateljskoj strani. Ili još gore, ako nisi sa njima, ti si protiv njih.
            Uvijek su ljudi stradali na Balkanu. Istina, zbog ruskih govana uglavnom. Američka torta je na jelovniku od
            novijeg datuma. Najviše su stradali kada im se činilo da stradaju zbog svojih govana. I u životu i u
            literaturi.
            Abdulah Sidran je stradao malo. Sedamdesetih godina je napisao priču „Otac je kuća koja se ruši“. Zbog
            rečenice „Više volim rusko govno nego američku tortu“ bio je spreman da strada. Nudio se vlastima da postane
            neprijatelj, ali je bio odbijen. Nije im odgovarao u toj ulozi.
        </article-text-transliterated>
    </article>
    <comments>
        <comments-count>13</comments-count>
        <comment-list>
            <comment comment-id="1">
                <comment-parent-id/>
                <comment-text>U nekad Kulovicevoj ulici (tako bi je moja majka, inace rodjena Sarajka, zvala, a kako se
                    sad zove nemam ni blage veze) odmah nasuprot poruznog i sive fasade hotela "Beograd" nalazila se
                    basta "Bagrem". Neko, neka budala, sta li, jos dok sam zivio u Sarajevu sjetila se (valjda je ta
                    budala, te noci, lose spavala!), dakle ta "dalabu" je donijela odluku da se posjece taj bagrem! Hej,
                    da se posjece bagrem! Ne da mislim, vec sam siguran, da bi u toj kafani popili bosansku ka(h)vu
                    'kajmakusu' dva sarajevska jarana : Kusturica i Sidran. I, prosla bi ta ka(h)va u nostalgicnom i
                    ceznjivom tonu, ziher. Nakon toga, kad bi izasli na Titovu ulicu neke Sarajlije bi Kusti prilazile,
                    a neki sad s bradicama "à la predstavnici BiH na Eurosongu", vjerovatno to ne bi cinile. Kusta bi
                    potom sisao do "Park" kafane" da popije "sarajevsko" pivo, te da se vidi i poprica sa starim
                    jaranima. A zatim bi polagano nestao u svojoj Senoinoj ulici da se prisjeti svojih mladalackih dana.
                    Eto, tako bi bilo. Nadam se...
                </comment-text>
                <comment-text-transliterated>U nekad Kulovicevoj ulici (tako bi je moja majka, inace rodjena Sarajka,
                    zvala, a kako se sad zove nemam ni blage veze) odmah nasuprot poruznog i sive fasade hotela
                    "Beograd" nalazila se basta "Bagrem". Neko, neka budala, sta li, jos dok sam zivio u Sarajevu
                    sjetila se (valjda je ta budala, te noci, lose spavala!), dakle ta "dalabu" je donijela odluku da se
                    posjece taj bagrem! Hej, da se posjece bagrem! Ne da mislim, vec sam siguran, da bi u toj kafani
                    popili bosansku ka(h)vu 'kajmakusu' dva sarajevska jarana : Kusturica i Sidran. I, prosla bi ta
                    ka(h)va u nostalgicnom i ceznjivom tonu, ziher. Nakon toga, kad bi izasli na Titovu ulicu neke
                    Sarajlije bi Kusti prilazile, a neki sad s bradicama "à la predstavnici BiH na Eurosongu",
                    vjerovatno to ne bi cinile. Kusta bi potom sisao do "Park" kafane" da popije "sarajevsko" pivo, te
                    da se vidi i poprica sa starim jaranima. A zatim bi polagano nestao u svojoj Senoinoj ulici da se
                    prisjeti svojih mladalackih dana. Eto, tako bi bilo. Nadam se...
                </comment-text-transliterated>
            </comment>
            <comment comment-id="1-1">
                <comment-parent-id>1</comment-parent-id>
                <comment-text>Kulovića je novi naziv ulice, a prije rata se zvala Gavrila Principa !</comment-text>
                <comment-text-transliterated>Kulovića je novi naziv ulice, a prije rata se zvala Gavrila Principa !
                </comment-text-transliterated>
            </comment>
            <comment comment-id="2">
                <comment-parent-id/>
                <comment-text>Врло јефтино и немаштовито разрачунавање са бившим пријатељима.</comment-text>
                <comment-text-transliterated>Vrlo jeftino i nemaštovito razračunavanje sa bivšim prijateljima.
                </comment-text-transliterated>
            </comment>
            <comment comment-id="3">
                <comment-parent-id/>
                <comment-text>Profesore,svaka Vam je zlatna!Nikad,ali bas nikad ne treba da krocite u Sarajevo!Sarajlije
                    to ne zasluzuju.Tolika mrznja,koju svuda sire,to je sasvim dovoljno da niko od nas ne poseti
                    Sarajevo,a posebno Vi! Nece oni nikad prezaliti Srbe koji su napustili grad,jer je time grad izgubio
                    svu draz.Eto im siptari i sandzaklije.Srbi su zavrsili sa Sarajevom.Nikad vise zajedno! Tacka je
                    odavno stavljena!
                </comment-text>
                <comment-text-transliterated>Profesore,svaka Vam je zlatna!Nikad,ali bas nikad ne treba da krocite u
                    Sarajevo!Sarajlije to ne zasluzuju.Tolika mrznja,koju svuda sire,to je sasvim dovoljno da niko od
                    nas ne poseti Sarajevo,a posebno Vi! Nece oni nikad prezaliti Srbe koji su napustili grad,jer je
                    time grad izgubio svu draz.Eto im siptari i sandzaklije.Srbi su zavrsili sa Sarajevom.Nikad vise
                    zajedno! Tacka je odavno stavljena!
                </comment-text-transliterated>
            </comment>
            <comment comment-id="4">
                <comment-parent-id/>
                <comment-text>Зар заиста мислиш да је Куста наивна будала?Па он вас је прочитао од А до Ш!
                </comment-text>
                <comment-text-transliterated>Zar zaista misliš da je Kusta naivna budala?Pa on vas je pročitao od A do
                    Š!
                </comment-text-transliterated>
            </comment>
            <comment comment-id="5">
                <comment-parent-id/>
                <comment-text>Dragi Emire,nikad mi nije bilo jasno sta si ti njima zapravo uradio pa da na sebe navuces
                    sav gnev nekada svojih bliskih prijatelja.Najposlije sam to sam shvatio citajuci Andriceva tumacenja
                    svih naroda koji zive u BiH.Pismo iz 1920 razotkriva citavu problematiku,vjerska i etnicka mrznja
                    razaraju u potpunosti lijepu,milu,divnu i gizdavu zemlju.Andric nam je sve ostavio u amanet,nismo
                    bili dovoljno pametni da ga razumijemo.Citajuci tvoj dnevnik,paznju mi privlaci ratna uloga Avde
                    Sidrana,covjeka umjetnika i najveceg moralnog stradalnika.Mozda ce Sarajevo jednog dana da ti se
                    oduzi,da naprave recimo jedan dobar film o tebi,naravno onako kako oni tebe zamisljaju.Scenarij je
                    vec napisan,Sidran ga promovise na televizijama-danasnji Kusturica je fantomski lik,pravi Emir je
                    poginuo na Trebevicu braneci Sarajevo.
                </comment-text>
                <comment-text-transliterated>Dragi Emire,nikad mi nije bilo jasno sta si ti njima zapravo uradio pa da
                    na sebe navuces sav gnev nekada svojih bliskih prijatelja.Najposlije sam to sam shvatio citajuci
                    Andriceva tumacenja svih naroda koji zive u BiH.Pismo iz 1920 razotkriva citavu problematiku,vjerska
                    i etnicka mrznja razaraju u potpunosti lijepu,milu,divnu i gizdavu zemlju.Andric nam je sve ostavio
                    u amanet,nismo bili dovoljno pametni da ga razumijemo.Citajuci tvoj dnevnik,paznju mi privlaci ratna
                    uloga Avde Sidrana,covjeka umjetnika i najveceg moralnog stradalnika.Mozda ce Sarajevo jednog dana
                    da ti se oduzi,da naprave recimo jedan dobar film o tebi,naravno onako kako oni tebe
                    zamisljaju.Scenarij je vec napisan,Sidran ga promovise na televizijama-danasnji Kusturica je
                    fantomski lik,pravi Emir je poginuo na Trebevicu braneci Sarajevo.
                </comment-text-transliterated>
            </comment>
            <comment comment-id="6">
                <comment-parent-id/>
                <comment-text>Nevjerojatno je kolika je strah kod gospodina Kusturice od njegovih sunarodnjaka iz
                    Sarajeva i Bosne! Ja se pitam zasto? Mislim da je sve jedan veliki nesporazum, jer a. Niti je veliki
                    filmski majstor mrzitelj ljudi, pogotovo ne svojih dojucerasnjih sunarodnjaka, brace i komsija iz
                    Sarajeva, niti b. te iste njegove komsije njega mrze. Otkud mu to? Kusturica se treba pojaviti u
                    svom Sarajevu, pokazati kuraznost, pokazati muskost ili da to ipak nazovemo cojstvo, i sto ce se
                    desiti? Nista! On je samo jedan od mnogih koji su otisli iz grada, koji su grad napustili i koji se
                    vise nisu nikad vratili, a koji znaju da je GRAD ostao u njima i oni mentalno u gradu. I on, i Nele
                    Karajlic, i Neda Ukraden, i gospodin Kecmanovic. Kako je to uspjelo jednom velikom Zdravku Colicu?
                    Ili Goranu Bregovicu? Oni nisu nista vece Sarajlije od gospodina Kusturice. Mislim da bi trebao
                    napraviti prvi korak u tom pravcu. On nikog ne mora moliti za oprost. Samo neka dodje - njegovo ce
                    mu Sarajevo priziti ruke.
                </comment-text>
                <comment-text-transliterated>Nevjerojatno je kolika je strah kod gospodina Kusturice od njegovih
                    sunarodnjaka iz Sarajeva i Bosne! Ja se pitam zasto? Mislim da je sve jedan veliki nesporazum, jer
                    a. Niti je veliki filmski majstor mrzitelj ljudi, pogotovo ne svojih dojucerasnjih sunarodnjaka,
                    brace i komsija iz Sarajeva, niti b. te iste njegove komsije njega mrze. Otkud mu to? Kusturica se
                    treba pojaviti u svom Sarajevu, pokazati kuraznost, pokazati muskost ili da to ipak nazovemo
                    cojstvo, i sto ce se desiti? Nista! On je samo jedan od mnogih koji su otisli iz grada, koji su grad
                    napustili i koji se vise nisu nikad vratili, a koji znaju da je GRAD ostao u njima i oni mentalno u
                    gradu. I on, i Nele Karajlic, i Neda Ukraden, i gospodin Kecmanovic. Kako je to uspjelo jednom
                    velikom Zdravku Colicu? Ili Goranu Bregovicu? Oni nisu nista vece Sarajlije od gospodina Kusturice.
                    Mislim da bi trebao napraviti prvi korak u tom pravcu. On nikog ne mora moliti za oprost. Samo neka
                    dodje - njegovo ce mu Sarajevo priziti ruke.
                </comment-text-transliterated>
            </comment>
            <comment comment-id="7">
                <comment-parent-id/>
                <comment-text>Milan Nedic,islednicima OZNE,kaze,znao sam,od pocetka rata,da nije vazno ko ce
                    pobediti,Tito ili Draza,meni spasa nema. Emire K,zaboravi na Bosnu a posebno na Sarajevo,tamo sada
                    zivi neka druga raja a tvoje Sarajevo,vise ne postoji. Grad cine ljudi a na fasade. Hvala,za sjajne
                    filmove i kulturne dogadjaje,koje priredjus sirom sveta,hvala i Milanu Nedicu koji je spasio stotine
                    hiljada ljudskih dusa,cini mi se da ste bili na istom zadatku,svako u svoje vreme.
                </comment-text>
                <comment-text-transliterated>Milan Nedic,islednicima OZNE,kaze,znao sam,od pocetka rata,da nije vazno ko
                    ce pobediti,Tito ili Draza,meni spasa nema. Emire K,zaboravi na Bosnu a posebno na Sarajevo,tamo
                    sada zivi neka druga raja a tvoje Sarajevo,vise ne postoji. Grad cine ljudi a na fasade. Hvala,za
                    sjajne filmove i kulturne dogadjaje,koje priredjus sirom sveta,hvala i Milanu Nedicu koji je spasio
                    stotine hiljada ljudskih dusa,cini mi se da ste bili na istom zadatku,svako u svoje vreme.
                </comment-text-transliterated>
            </comment>
            <comment comment-id="8">
                <comment-parent-id/>
                <comment-text>Поздрав за Емира Кустурицу...</comment-text>
                <comment-text-transliterated>Pozdrav za Emira Kusturicu...</comment-text-transliterated>
            </comment>
            <comment comment-id="9">
                <comment-parent-id/>
                <comment-text>Господин Кустурица је једноставно геније. Зато је нама мало теже да га схватимо. Можда
                    нисам у праву , али верујем да је човек потпуно искрен баш зато што његовој генијалности , ови
                    којима се не свиђа шта ради , пише и говори, могу само да завиде.
                </comment-text>
                <comment-text-transliterated>Gospodin Kusturica je jednostavno genije. Zato je nama malo teže da ga
                    shvatimo. Možda nisam u pravu , ali verujem da je čovek potpuno iskren baš zato što njegovoj
                    genijalnosti , ovi kojima se ne sviđa šta radi , piše i govori, mogu samo da zavide.
                </comment-text-transliterated>
            </comment>
            <comment comment-id="10">
                <comment-parent-id/>
                <comment-text>Gospodine Kosturice,To da ste mogli stradati i od Karadzica i Izedbegovica ja vam potpuno
                    verujem.Narocito u Bosni gde su se nacionalisticke strasti uzdigle do kulta vadjenja ociju,odsecanja
                    usiju i igranje fudbala sa zrtvinom glavom!Vasa pozicija je bila jako ranjiva jer ste imali
                    bosnjacko ime a pravoslavnu dusu!Obe stvari vam ne pisu na celu.A i da pise,ubice to ne citaju! U
                    svim narodima postoje nacionalisticki krvnici pa i u srpskom.Narocito kad je zemlja u krizi i kada
                    drzava pusta na slobodu ubice,kriminalce,siledzije,pedofile...jer nema ko i sa cim da ih hrani u
                    zatvoru. Vi ste uz to imali i jedan ekstra peh.Kao poznati umetnik(svetskih rzmera)vi upadate svima
                    u oci.U konfliktnim situacijama narocito u ratu.Za prave borce ste orijentir gde treba ici za
                    kukavice i manijake ste stub koga treba poseci! Dobro je da ste izvukli citavu glavu iz ovog
                    sarajevskog osinjaka.Jer u svakom ratu prvo stradaju najvidjeniji! Najvidjenije u kulturnim zemljama
                    stavljaju na postanske marke!
                </comment-text>
                <comment-text-transliterated>Gospodine Kosturice,To da ste mogli stradati i od Karadzica i Izedbegovica
                    ja vam potpuno verujem.Narocito u Bosni gde su se nacionalisticke strasti uzdigle do kulta vadjenja
                    ociju,odsecanja usiju i igranje fudbala sa zrtvinom glavom!Vasa pozicija je bila jako ranjiva jer
                    ste imali bosnjacko ime a pravoslavnu dusu!Obe stvari vam ne pisu na celu.A i da pise,ubice to ne
                    citaju! U svim narodima postoje nacionalisticki krvnici pa i u srpskom.Narocito kad je zemlja u
                    krizi i kada drzava pusta na slobodu ubice,kriminalce,siledzije,pedofile...jer nema ko i sa cim da
                    ih hrani u zatvoru. Vi ste uz to imali i jedan ekstra peh.Kao poznati umetnik(svetskih rzmera)vi
                    upadate svima u oci.U konfliktnim situacijama narocito u ratu.Za prave borce ste orijentir gde treba
                    ici za kukavice i manijake ste stub koga treba poseci! Dobro je da ste izvukli citavu glavu iz ovog
                    sarajevskog osinjaka.Jer u svakom ratu prvo stradaju najvidjeniji! Najvidjenije u kulturnim zemljama
                    stavljaju na postanske marke!
                </comment-text-transliterated>
            </comment>
            <comment comment-id="11">
                <comment-parent-id/>
                <comment-text>Genijalno, cekam da KUSTURICA OBJAVI SVE SVOJE ZABILJESKE U JEDNOJ JEDINSTVENOJ KNJIZI.
                    NJEGOV STIL LAGAN ME ODUSEVLJAVA.DODUSE BOSANAC KAOI JA I CINI ME SE DA MI BOLJE RAZUMIJEMEO NEGO
                    DRUGI CITAOCI IZ DRUGI REPUBLIKA.
                </comment-text>
                <comment-text-transliterated>Genijalno, cekam da KUSTURICA OBJAVI SVE SVOJE ZABILJESKE U JEDNOJ
                    JEDINSTVENOJ KNJIZI. NJEGOV STIL LAGAN ME ODUSEVLJAVA.DODUSE BOSANAC KAOI JA I CINI ME SE DA MI
                    BOLJE RAZUMIJEMEO NEGO DRUGI CITAOCI IZ DRUGI REPUBLIKA.
                </comment-text-transliterated>
            </comment>
            <comment comment-id="12">
                <comment-parent-id/>
                <comment-text>Gospodine Kusturica, mnogo cenim vas rad ali vasa izjava da ste mogli stradati I od
                    Karadzica vam ne prilici I verovatno je iza toga stoji ideja da ublazite pritisak koji na vas ima
                    MUslimanska strana balansirajuci sada na obe strane. Iskreno nisu vam trebale ovakve izjave jer za
                    njih nemate nikakvih dokaza. Vas niko nije progonio od strane Srba , dapace o vama se uvek pisalo sa
                    postovanjem I uvazavanjem kako u Srbiji tako I RS.
                </comment-text>
                <comment-text-transliterated>Gospodine Kusturica, mnogo cenim vas rad ali vasa izjava da ste mogli
                    stradati I od Karadzica vam ne prilici I verovatno je iza toga stoji ideja da ublazite pritisak koji
                    na vas ima MUslimanska strana balansirajuci sada na obe strane. Iskreno nisu vam trebale ovakve
                    izjave jer za njih nemate nikakvih dokaza. Vas niko nije progonio od strane Srba , dapace o vama se
                    uvek pisalo sa postovanjem I uvazavanjem kako u Srbiji tako I RS.
                </comment-text-transliterated>
            </comment>
        </comment-list>
    </comments>
</document>