<document global-id="sr-01-1008"><url>http://www.politika.rs/scc/clanak/347211/%D0%9A%D0%B0%D0%BA%D0%BE-%D0%BF%D0%BE%D1%81%D1%82%D0%B0%D1%82%D0%B8-%D1%83%D1%81%D0%BF%D0%B5%D1%88%D0%B0%D0%BD-%D1%82%D0%B5%D1%80%D0%BE%D1%80%D0%B8%D1%81%D1%82%D0%B0-%D0%BD%D0%B0-%D0%97%D0%B0%D0%BF%D0%B0%D0%B4%D1%83</url><source-id>sr-01</source-id><local-id>sr-01-1008</local-id><source-name>Politika</source-name><article><article-title>Како постати успешан терориста на Западу</article-title><article-title-transliterated>Kako postati uspešan terorista na Zapadu</article-title-transliterated><article_time>2016-01-16</article_time><article-author>Ljiljana Vujić</article-author><article-text>
Графика обезглављеног Кипа слободе окренутог ка Њујорку који гори у пламену постер је из 2008. за холивудски филм „Cloverfield”, али одскора није само то, већ је корица дела прекривена натписом на енглеском „Сигурносни и безбедносни водич за ’слободне стрелце’ муџахедине”.
Следбеници Исламске државе сматрали су да је мотив као створен за корицу џихадистичког приручника, штива од 64 стране, детаљно разрађеног тако да без грешке упути присталице како да изведу напад, користе друштвене мреже, интернет и штампу у сврху операција. Да би се прилагодили свету на Западу користе и смартфон. Желе да остану анонимни или успешно дигну себе и све око себе у ваздух.
Мотив на корицама, осим што има својствену и упечатљиву пропагандну улогу, јасно даје на знање ко је био и остао њихова главна мета.
Приручник за терористе није новост. Овај, као и претходни који је у јуну објавила ИД, има Ал Каидин педигре.
Специфичност новог водича за „слободне стрелце” јесте садржај на енглеском језику и терористичко штиво прилагођено модерном времену.
Познато је да ИД беспоштедно користи друштвене мреже, посебно „Твитер”, обраћајући се на енглеском, немачком, француском и руском језику. Тако се линк ка енглеској верзији приручника најпре појавио на „Твитеру”, а за непуних 14 сати пристигло је 1.000 коментара и прегледа.
Штиво је подељено у 12 поглавља од којих се нарочито истичу она насловљена „Како да преживите на Западу”, „Војна студија џихадиста против тирана” и „Технологија и друштвене мреже”. Делови који дају упутства како направити бомбу по методи „уради сам”, или како се поставља аутомобил бомба на „ирачки начин”, штампани су и у овом издању, али у односу на новитете представљају одавно сажвакано штиво.
Могуће је да су водич приредили бивши припадници обавештајне службе Садама Хусеина.
ИД прецизно бира речи и поруке, савршено медијски манипулисане (чак и на босанском), а уз друштвене мреже успела је за четири године да привуче 20.000 бораца.
У предговору најновијег издања водича кажу да су „мислили на своју неарапску браћу којој ће ово бити занимљиво штиво за примену у блаженим операцијама”, а нису пропустили да их упуте на интересантан садржај Ал Каидиног злогласног часописа „Инспајер” и „Дабика” који објављује ИД.
Пропагандној машинерији, која се за свега три године из аматерске развила у глобалну и малтене професионалну, јасно је колико посла изискује стварање нових безобзирних генерација следбеника, спремних да рођеној мајци одрубе главу ако им се учини да скрнави мисију самопрокламованог калифата.
Спин-докторима ИД нису стране ни западњачке методе и технолошке алатке без којих не би било ни успешно изведених напада. Прва и основна ставка у оспособљавању муџахединских „слободних стрелаца” јесте – прикривање стварног идентитета.
Како уклопити терористу у западњачки свет?

Треба избегавати џамије, обријати браду, облачити се по западној моди и носити крстове које, како примећују са чуђењем – носе и атеисти. Стрпљење и вера у Алаха су главни адути 

Водич каже да треба да избегавају све што их везује са религијом. Треба избегавати џамије, обријати браду, облачити се по западној моди и носити крстове које, како примећују са чуђењем – носе и атеисти. То што су већ у Европи само је додатни квалитет који ваља капиталисати. Стрпљење и вера у Алаха су главни адути.
На стрпљењу као темељној вредности граде свих 12 поглавља. Слабост, према било чему, основа је неуспеха. Напасти непријатеља његовим ресурсима на слабим местима која открива правећи грешке главна је стратегија.
„Информишите се о дешавањима на сајтовима општина. Стално читајте њихову штампу и гледајте ТВ. Будите у току. Пописујте њихове грешке. Анализирајте грешке наше ухваћене браће. Не стварајте рутину и навике. Будите спремни на дугорочан посао, иначе нема успеха.”
Погубност навика описују пластичним примером: „Наш брат из Авганистана толико је волео чај да није могао да престане да га пије. Када су га ухватили, довољно је било да га лише напитка и извуку све информације.”
Аутори приручника сматрају да пропале операције нису заслуга непријатељеве способности већ недовољно припремљене „браће”. Они нису знали да обезбеде фактор изненађења.
Шта значи изненађење за безбедност операције?
На примеру 11. септембра кажу: „Америка није ни сањала да ћемо их ударити код куће. Нису ни наша браћа. Знали су само пилоти. Зашто? Ако ухвате бар једног од нас, неће моћи да каже ништа што би угрозило операцију.”
Слободни стрелци се не би могли дизати у ваздух, убијати по концертним салама, метроима, ресторанима, да није љубазности. Она је есенција сваког успешног терористичког подухвата.
„Будите љубазни. Увек и са свима. Отвориће вам се сва врата. Нико неће посумњати шта смерате, а несметано ћете организовати операције. Љубазним разговором прикупићете неопходне информације, а када вас ухвате, сви ће бити шокирани и уплашени. Овај рад може трајати недељама или месецима.”
Није познато да ли су актери покоља у Паризу имали сличне приручнике, али њихово понашање се умногоме подудара са саветима. Избегавали су џамије. Пили су алкохол. Један од њих је имао клуб у Моленбеку, предграђу Брисела, где су неки од нападача живели и организовали операцију. Кварт је било шокиран када је сазнао да је стравичном крвопролићу допринео њихов, како су га описали, љубазни комшија. Чак је „мозак” париског масакра Абделхамид Абауд једно време живео преко пута полицијске станице Моленбека.
Само спартански строг и дисциплинован „слободан стрелац” привешће мисију крају – дићи ће себе у ваздух, срећан јер је успео без грешке, а док се око њега буду гасили животи, биће срећан јер „мучеништво доноси сигурност и срећу”.
Слојевита пропаганда уз прецизно разрађена упутства упакована је у нужну особину манипулације – извртање чињеница, делимичну истину. И у водичу, као што раде на сваком кораку, позивају на борбу против неспорног страдања муслимана. Квака је само у искривљеном представљању чињеница.
</article-text><article-text-transliterated>
Grafika obezglavljenog Kipa slobode okrenutog ka Njujorku koji gori u plamenu poster je iz 2008. za holivudski film „Cloverfield”, ali odskora nije samo to, već je korica dela prekrivena natpisom na engleskom „Sigurnosni i bezbednosni vodič za ’slobodne strelce’ mudžahedine”.
Sledbenici Islamske države smatrali su da je motiv kao stvoren za koricu džihadističkog priručnika, štiva od 64 strane, detaljno razrađenog tako da bez greške uputi pristalice kako da izvedu napad, koriste društvene mreže, internet i štampu u svrhu operacija. Da bi se prilagodili svetu na Zapadu koriste i smartfon. Žele da ostanu anonimni ili uspešno dignu sebe i sve oko sebe u vazduh.
Motiv na koricama, osim što ima svojstvenu i upečatljivu propagandnu ulogu, jasno daje na znanje ko je bio i ostao njihova glavna meta.
Priručnik za teroriste nije novost. Ovaj, kao i prethodni koji je u junu objavila ID, ima Al Kaidin pedigre.
Specifičnost novog vodiča za „slobodne strelce” jeste sadržaj na engleskom jeziku i terorističko štivo prilagođeno modernom vremenu.
Poznato je da ID bespoštedno koristi društvene mreže, posebno „Tviter”, obraćajući se na engleskom, nemačkom, francuskom i ruskom jeziku. Tako se link ka engleskoj verziji priručnika najpre pojavio na „Tviteru”, a za nepunih 14 sati pristiglo je 1.000 komentara i pregleda.
Štivo je podeljeno u 12 poglavlja od kojih se naročito ističu ona naslovljena „Kako da preživite na Zapadu”, „Vojna studija džihadista protiv tirana” i „Tehnologija i društvene mreže”. Delovi koji daju uputstva kako napraviti bombu po metodi „uradi sam”, ili kako se postavlja automobil bomba na „irački način”, štampani su i u ovom izdanju, ali u odnosu na novitete predstavljaju odavno sažvakano štivo.
Moguće je da su vodič priredili bivši pripadnici obaveštajne službe Sadama Huseina.
ID precizno bira reči i poruke, savršeno medijski manipulisane (čak i na bosanskom), a uz društvene mreže uspela je za četiri godine da privuče 20.000 boraca.
U predgovoru najnovijeg izdanja vodiča kažu da su „mislili na svoju nearapsku braću kojoj će ovo biti zanimljivo štivo za primenu u blaženim operacijama”, a nisu propustili da ih upute na interesantan sadržaj Al Kaidinog zloglasnog časopisa „Inspajer” i „Dabika” koji objavljuje ID.
Propagandnoj mašineriji, koja se za svega tri godine iz amaterske razvila u globalnu i maltene profesionalnu, jasno je koliko posla iziskuje stvaranje novih bezobzirnih generacija sledbenika, spremnih da rođenoj majci odrube glavu ako im se učini da skrnavi misiju samoproklamovanog kalifata.
Spin-doktorima ID nisu strane ni zapadnjačke metode i tehnološke alatke bez kojih ne bi bilo ni uspešno izvedenih napada. Prva i osnovna stavka u osposobljavanju mudžahedinskih „slobodnih strelaca” jeste – prikrivanje stvarnog identiteta.
Kako uklopiti teroristu u zapadnjački svet?

Treba izbegavati džamije, obrijati bradu, oblačiti se po zapadnoj modi i nositi krstove koje, kako primećuju sa čuđenjem – nose i ateisti. Strpljenje i vera u Alaha su glavni aduti 

Vodič kaže da treba da izbegavaju sve što ih vezuje sa religijom. Treba izbegavati džamije, obrijati bradu, oblačiti se po zapadnoj modi i nositi krstove koje, kako primećuju sa čuđenjem – nose i ateisti. To što su već u Evropi samo je dodatni kvalitet koji valja kapitalisati. Strpljenje i vera u Alaha su glavni aduti.
Na strpljenju kao temeljnoj vrednosti grade svih 12 poglavlja. Slabost, prema bilo čemu, osnova je neuspeha. Napasti neprijatelja njegovim resursima na slabim mestima koja otkriva praveći greške glavna je strategija.
„Informišite se o dešavanjima na sajtovima opština. Stalno čitajte njihovu štampu i gledajte TV. Budite u toku. Popisujte njihove greške. Analizirajte greške naše uhvaćene braće. Ne stvarajte rutinu i navike. Budite spremni na dugoročan posao, inače nema uspeha.”
Pogubnost navika opisuju plastičnim primerom: „Naš brat iz Avganistana toliko je voleo čaj da nije mogao da prestane da ga pije. Kada su ga uhvatili, dovoljno je bilo da ga liše napitka i izvuku sve informacije.”
Autori priručnika smatraju da propale operacije nisu zasluga neprijateljeve sposobnosti već nedovoljno pripremljene „braće”. Oni nisu znali da obezbede faktor iznenađenja.
Šta znači iznenađenje za bezbednost operacije?
Na primeru 11. septembra kažu: „Amerika nije ni sanjala da ćemo ih udariti kod kuće. Nisu ni naša braća. Znali su samo piloti. Zašto? Ako uhvate bar jednog od nas, neće moći da kaže ništa što bi ugrozilo operaciju.”
Slobodni strelci se ne bi mogli dizati u vazduh, ubijati po koncertnim salama, metroima, restoranima, da nije ljubaznosti. Ona je esencija svakog uspešnog terorističkog poduhvata.
„Budite ljubazni. Uvek i sa svima. Otvoriće vam se sva vrata. Niko neće posumnjati šta smerate, a nesmetano ćete organizovati operacije. Ljubaznim razgovorom prikupićete neophodne informacije, a kada vas uhvate, svi će biti šokirani i uplašeni. Ovaj rad može trajati nedeljama ili mesecima.”
Nije poznato da li su akteri pokolja u Parizu imali slične priručnike, ali njihovo ponašanje se umnogome podudara sa savetima. Izbegavali su džamije. Pili su alkohol. Jedan od njih je imao klub u Molenbeku, predgrađu Brisela, gde su neki od napadača živeli i organizovali operaciju. Kvart je bilo šokiran kada je saznao da je stravičnom krvoproliću doprineo njihov, kako su ga opisali, ljubazni komšija. Čak je „mozak” pariskog masakra Abdelhamid Abaud jedno vreme živeo preko puta policijske stanice Molenbeka.
Samo spartanski strog i disciplinovan „slobodan strelac” privešće misiju kraju – dići će sebe u vazduh, srećan jer je uspeo bez greške, a dok se oko njega budu gasili životi, biće srećan jer „mučeništvo donosi sigurnost i sreću”.
Slojevita propaganda uz precizno razrađena uputstva upakovana je u nužnu osobinu manipulacije – izvrtanje činjenica, delimičnu istinu. I u vodiču, kao što rade na svakom koraku, pozivaju na borbu protiv nespornog stradanja muslimana. Kvaka je samo u iskrivljenom predstavljanju činjenica.
</article-text-transliterated></article><comments><comments-count>7</comments-count><comments-list><comment comment-id="1"><comment-parent-id /><comment-text>Gospođo Vujić ne postoji "bosanski" jezik, kojeg navodite u tekstu. Možda ste hteli da kažete "bošnjački".</comment-text><comment-text-transliterated>Gospođo Vujić ne postoji "bosanski" jezik, kojeg navodite u tekstu. Možda ste hteli da kažete "bošnjački".</comment-text-transliterated></comment><comment comment-id="2"><comment-parent-id /><comment-text>Kakvom "bosanskom"?</comment-text><comment-text-transliterated>Kakvom "bosanskom"?</comment-text-transliterated></comment><comment comment-id="3"><comment-parent-id /><comment-text>nazalost vrlo temeljno obradjen prirucnik
tim pre je jako pametno od vas sto ga prevodite i plasirate kroz medije do svako potencijalno zainteresovanog</comment-text><comment-text-transliterated>nazalost vrlo temeljno obradjen prirucnik
tim pre je jako pametno od vas sto ga prevodite i plasirate kroz medije do svako potencijalno zainteresovanog</comment-text-transliterated></comment><comment comment-id="4"><comment-parent-id /><comment-text>Da, da, Brisel i Belgija su glava i centar EU, vidise sta odatle potice i da su to deca albansko kosovsko methijskih proletera kao i susedna Holadija centar svetskog pravosudja, sto nemoze se suditi OVK koljacima u Pristini ves u tamo nekoj Holandiji centru mrznje srbiji i srpskom narodu, eto toje ta zapadna demokratija kojoj tezimo a ako je prihvatimo onda nas nema, a imali smo sansu da opstanemo.</comment-text><comment-text-transliterated>Da, da, Brisel i Belgija su glava i centar EU, vidise sta odatle potice i da su to deca albansko kosovsko methijskih proletera kao i susedna Holadija centar svetskog pravosudja, sto nemoze se suditi OVK koljacima u Pristini ves u tamo nekoj Holandiji centru mrznje srbiji i srpskom narodu, eto toje ta zapadna demokratija kojoj tezimo a ako je prihvatimo onda nas nema, a imali smo sansu da opstanemo.</comment-text-transliterated></comment><comment comment-id="5"><comment-parent-id /><comment-text>Eh, ako je ovaj sa slike mozak pariske operacije, ili bilo koje druge, onda sam ja Kim Kardašijan. Predlažem da uvedete rubriku humor i tu ubacujete ove članke o teroristima Islamske Države. U svakom slučaju, zanimljivo štivo uz subotnju jutarnju kafu.</comment-text><comment-text-transliterated>Eh, ako je ovaj sa slike mozak pariske operacije, ili bilo koje druge, onda sam ja Kim Kardašijan. Predlažem da uvedete rubriku humor i tu ubacujete ove članke o teroristima Islamske Države. U svakom slučaju, zanimljivo štivo uz subotnju jutarnju kafu.</comment-text-transliterated></comment><comment comment-id="5-1"><comment-parent-id>5</comment-parent-id><comment-text>Mnogo toga tebi nikad neće biti jasno.</comment-text><comment-text-transliterated>Mnogo toga tebi nikad neće biti jasno.</comment-text-transliterated></comment><comment comment-id="5-2"><comment-parent-id>5</comment-parent-id><comment-text>Samo kad ti sve znas. Nikada mi nece biti jasni ljudi koji moraju da konstruisu neku sopstvenu istinu zbog toga sto im se ona prava ne svidja. Sigurno Vatikan kontrolise muslimanske mudzahedine...</comment-text><comment-text-transliterated>Samo kad ti sve znas. Nikada mi nece biti jasni ljudi koji moraju da konstruisu neku sopstvenu istinu zbog toga sto im se ona prava ne svidja. Sigurno Vatikan kontrolise muslimanske mudzahedine...</comment-text-transliterated></comment></comments-list></comments></document>