<document global-id="sr-01-1425">
    <url>
        http://www.politika.rs/scc/clanak/436757/%D0%9C%D0%B8%D0%BA%D1%80%D0%BE%D0%BA%D0%BE%D1%81%D0%BC%D0%BE%D1%81-%D0%BF%D0%BE%D1%80%D0%BE%D0%B4%D0%B8%D1%86%D0%B5-%D0%B8-%D0%BA%D0%BE%D1%81%D0%BC%D0%BE%D1%81-%D0%BD%D0%B5%D0%B8%D0%B7%D0%B2%D0%B5%D1%81%D0%BD%D0%BE%D1%81%D1%82%D0%B8
    </url>
    <source-id>sr-01</source-id>
    <local-id>1425</local-id>
    <source-name>Politika</source-name>
    <article>
        <article-title>Микрокосмос породице и космос неизвесности</article-title>
        <article-title-transliterated>Mikrokosmos porodice i kosmos neizvesnosti</article-title-transliterated>
        <article-time>2019-08-29</article-time>
        <article-author>Dubravka Lakić</article-author>
        <article-text>Хироказу Коре Еда прошао тест на иностраном терену спојивши Катрин Денев и Жилијет Бинош у топлој
            и хуморној причи званој „Истина”. После Џорџа Клунија, и Бред Пит се искушао као астронаут, и то у Грејевом
            филму „Ад астра”. Лидо, Венеција – Породични микрокосмос, односи између родитеља и деце, између
            унутарпородичних генерација, као и односи породице и спољашњег света чине стваралачки веома плодно тле
            филмског имагинаријума славног и вољеног јапанског редитеља Хироказа Коре Еде, којем је синоћ припала част
            да филмом „Истина” свечано започне 76. Венецијански фестивал.
            Захваљујући том остварењу црвеним тепихом испред сале Гранде на Лиду прошетале су се две француске филмске
            диве различитих генерација, али велике глумачке снаге – Катрин Денев и Жилијет Бинош, које у овом првом
            иностраном Коре Едином филму играју мајку и ћерку и тако и први пут деле истоветно велико филмско платно.
            Коре Еда је свој први излет у „непознато” начинио у Француској на француском језику. У Паризу, у кући
            легендарне, а сада и времешне француске глумице Фабијен (Катрин Денев), навикнуте да се око ње врти цео
            свет, којој у посету поводом изласка њене аутобиографије из Њујорка стиже ћерка, сценаристкиња Лумир
            (Жилијет Бинош), с мужем, трећеразредним ТВ глумцем и леченим алкохоличаром (Итан Хоук) и маленом ћерком
            Шарлот. То породично окупљање поклапа се и са снимањем новог Фабијениног филма с мало познатим редитељем,
            али и с младом и талентованом партнерком с којом ће Фабијен започети своју, деценијама увежбану, игру
            надметања – јер зна се ко мора бити главни, паралелно увлачећи у своју мрежу непревазиђене диве и своју
            (исфрустрирану и осећајем одбачености преплављену) ћерку и зета, и партнера, и свог верног агента и бившег
            мужа. И тако се у тој новој Коре Единој причи и иностраној авантури отвара простор и за игру лажи и истине,
            поноса и жаљења, али и помирења и изглађивања некада давно нарушених породичних односа.

            Коре Еда, аутор вољених и награђиваних филмова попут: „Мабороси” (награда у Венецији 1995. за најбољи
            сценарио), „После живота”, „Нико не зна” („Златна палма” за комплетан дечји глумачки ансамбл 2003), „Мајка”,
            „Још увек ходамо”, „Ваздушна лутка”, „Ја желим”, „Какав отац, такав син” (Награда жирија на 66. Кану) и
            „Крадљивци” (72. канска „Златна палма” 2018), води „Истину” и с фино процењеним дозама хумора, с дискретним
            референцама на многе француске филмске глумице (укључујући и Брижит Бардо), саму Катрин Денев и филмове у
            којима је играла, што овај његов филм чини и додатно топлим, разумљивим и блиским европској публици.
            Другим речима – Хироказу Коре Еда се на „страном терену” одлично снашао. Био је много мање претенциозан и
            амбициозан него његов ирански колега Асгхар Фархади с француским филмом „Прошлост”, а много сличнији Абасу
            Кијаростамију, који је свој инострани (француско-италијански) пројекат „Оверена копија” такође снимао са
            Жилијет Бинош. Захваљујући словеначко-српско дистрибутерској сарадњи на релацији Јанко Чретник (Фивиа) –
            Игор Станковић (Мегаком филм), филм „Истина” наћи ће се и у српским биоскопима.
            На репертоар у Србији већ 19. септембра ући ће и филм „Ад астра” Џејмса Греја с Бредом Питом у главној
            улози, који ће вечерас у сали Гранде имати на фестивалу своју светску премијеру.
            Инспирисан романом Џозефа Конрада „Срце таме”, сценариста и редитељ Џејмс Греј се сада окреће космосу као
            простору који је веома непријатељски расположен према нама. И ето прилике да после Џорџа Клунија и Куаронове
            „Гравитације” сада као астронаута видимо и Бреда Пита. Он сада тумачи лик Роја Мекбрајда, који путује до
            саме ивице Соларног система у покушају да пронађе свог несталог оца (Томи Ли Џонс). На том крајње неизвесном
            путу у непознато Мекбрајд суочава с мистеријом која прети да угрози опстанак планете Земље и открива тајну
            која доводи у питање и саму природу људског постојања и наше место у космосу.
            После упечатљивог наступа на овогодишњем Канском фестивалу, захваљујући улози у Тарантиновом филму „Било
            једном у Холивуду”, Пит ће и на венецијанском црвеном тепиху вечерас изазвати цунами фото-репортера и
            камермана.

            А као увод – еротика
            Лидо, Венеција – Вече пре самог свечаног отварања 76. филмске Мостре, у венецијанском хотелу „Данијели”
            одржан је традиционални пријем часописа „Верајати”, којем је присуствовао и Емир Кустурица, а на самом Лиду
            одржана је и пројекција рестауриране копије филма „Екстаза” Густава Мачатија из 1933. године, с Хеди Ламар и
            Звонимиром Рогозом у главним улогама, који се сматра и једним од првих еротских филмова у кинематографској
            историји.
            Мачатијева „Екстаза” је само један од 30 рестаурираних филмова који чине бисере светске кинематографије, а
            који ће се до 7. септембра приказивати на 76. Венецијанском фестивалу у оквиру програма „Класици”.
        </article-text>
        <article-text-transliterated>Hirokazu Kore Eda prošao test na inostranom terenu spojivši Katrin Denev i Žilijet
            Binoš u toploj i humornoj priči zvanoj „Istina”. Posle Džordža Klunija, i Bred Pit se iskušao kao astronaut,
            i to u Grejevom filmu „Ad astra”. Lido, Venecija – Porodični mikrokosmos, odnosi između roditelja i dece,
            između unutarporodičnih generacija, kao i odnosi porodice i spoljašnjeg sveta čine stvaralački veoma plodno
            tle filmskog imaginarijuma slavnog i voljenog japanskog reditelja Hirokaza Kore Ede, kojem je sinoć pripala
            čast da filmom „Istina” svečano započne 76. Venecijanski festival.
            Zahvaljujući tom ostvarenju crvenim tepihom ispred sale Grande na Lidu prošetale su se dve francuske filmske
            dive različitih generacija, ali velike glumačke snage – Katrin Denev i Žilijet Binoš, koje u ovom prvom
            inostranom Kore Edinom filmu igraju majku i ćerku i tako i prvi put dele istovetno veliko filmsko platno.
            Kore Eda je svoj prvi izlet u „nepoznato” načinio u Francuskoj na francuskom jeziku. U Parizu, u kući
            legendarne, a sada i vremešne francuske glumice Fabijen (Katrin Denev), naviknute da se oko nje vrti ceo
            svet, kojoj u posetu povodom izlaska njene autobiografije iz Njujorka stiže ćerka, scenaristkinja Lumir
            (Žilijet Binoš), s mužem, trećerazrednim TV glumcem i lečenim alkoholičarom (Itan Houk) i malenom ćerkom
            Šarlot. To porodično okupljanje poklapa se i sa snimanjem novog Fabijeninog filma s malo poznatim
            rediteljem, ali i s mladom i talentovanom partnerkom s kojom će Fabijen započeti svoju, decenijama uvežbanu,
            igru nadmetanja – jer zna se ko mora biti glavni, paralelno uvlačeći u svoju mrežu neprevaziđene dive i
            svoju (isfrustriranu i osećajem odbačenosti preplavljenu) ćerku i zeta, i partnera, i svog vernog agenta i
            bivšeg muža. I tako se u toj novoj Kore Edinoj priči i inostranoj avanturi otvara prostor i za igru laži i
            istine, ponosa i žaljenja, ali i pomirenja i izglađivanja nekada davno narušenih porodičnih odnosa.

            Kore Eda, autor voljenih i nagrađivanih filmova poput: „Maborosi” (nagrada u Veneciji 1995. za najbolji
            scenario), „Posle života”, „Niko ne zna” („Zlatna palma” za kompletan dečji glumački ansambl 2003), „Majka”,
            „Još uvek hodamo”, „Vazdušna lutka”, „Ja želim”, „Kakav otac, takav sin” (Nagrada žirija na 66. Kanu) i
            „Kradljivci” (72. kanska „Zlatna palma” 2018), vodi „Istinu” i s fino procenjenim dozama humora, s
            diskretnim referencama na mnoge francuske filmske glumice (uključujući i Brižit Bardo), samu Katrin Denev i
            filmove u kojima je igrala, što ovaj njegov film čini i dodatno toplim, razumljivim i bliskim evropskoj
            publici.
            Drugim rečima – Hirokazu Kore Eda se na „stranom terenu” odlično snašao. Bio je mnogo manje pretenciozan i
            ambiciozan nego njegov iranski kolega Asghar Farhadi s francuskim filmom „Prošlost”, a mnogo sličniji Abasu
            Kijarostamiju, koji je svoj inostrani (francusko-italijanski) projekat „Overena kopija” takođe snimao sa
            Žilijet Binoš. Zahvaljujući slovenačko-srpsko distributerskoj saradnji na relaciji Janko Čretnik (Fivia) –
            Igor Stanković (Megakom film), film „Istina” naći će se i u srpskim bioskopima.
            Na repertoar u Srbiji već 19. septembra ući će i film „Ad astra” Džejmsa Greja s Bredom Pitom u glavnoj
            ulozi, koji će večeras u sali Grande imati na festivalu svoju svetsku premijeru.
            Inspirisan romanom Džozefa Konrada „Srce tame”, scenarista i reditelj Džejms Grej se sada okreće kosmosu kao
            prostoru koji je veoma neprijateljski raspoložen prema nama. I eto prilike da posle Džordža Klunija i
            Kuaronove „Gravitacije” sada kao astronauta vidimo i Breda Pita. On sada tumači lik Roja Mekbrajda, koji
            putuje do same ivice Solarnog sistema u pokušaju da pronađe svog nestalog oca (Tomi Li Džons). Na tom
            krajnje neizvesnom putu u nepoznato Mekbrajd suočava s misterijom koja preti da ugrozi opstanak planete
            Zemlje i otkriva tajnu koja dovodi u pitanje i samu prirodu ljudskog postojanja i naše mesto u kosmosu.
            Posle upečatljivog nastupa na ovogodišnjem Kanskom festivalu, zahvaljujući ulozi u Tarantinovom filmu „Bilo
            jednom u Holivudu”, Pit će i na venecijanskom crvenom tepihu večeras izazvati cunami foto-reportera i
            kamermana.

            A kao uvod – erotika
            Lido, Venecija – Veče pre samog svečanog otvaranja 76. filmske Mostre, u venecijanskom hotelu „Danijeli”
            održan je tradicionalni prijem časopisa „Verajati”, kojem je prisustvovao i Emir Kusturica, a na samom Lidu
            održana je i projekcija restaurirane kopije filma „Ekstaza” Gustava Mačatija iz 1933. godine, s Hedi Lamar i
            Zvonimirom Rogozom u glavnim ulogama, koji se smatra i jednim od prvih erotskih filmova u kinematografskoj
            istoriji.
            Mačatijeva „Ekstaza” je samo jedan od 30 restauriranih filmova koji čine bisere svetske kinematografije, a
            koji će se do 7. septembra prikazivati na 76. Venecijanskom festivalu u okviru programa „Klasici”.
        </article-text-transliterated>
    </article>
    <comments>
        <comments-count>0</comments-count>
        <comment-list/>
    </comments>
</document>