<?xml version="1.0" encoding="utf-8"?>
<document global-id="sr-01-138">
	<url>http://www.politika.rs/scc/clanak/352713/%D0%91%D0%B5%D0%BE%D0%B3%D1%80%D0%B0%D0%B4%D1%81%D0%BA%D0%B0-%D0%BF%D1%80%D0%B5%D0%BC%D0%B8%D1%98%D0%B5%D1%80%D0%B0-%D1%81%D1%82%D1%80%D0%B8%D0%BF%D0%B0-%D0%94%D1%80%D1%83%D0%B6%D0%B8%D0%BD%D0%B0-%D0%94%D0%B0%D1%80%D0%B4%D0%B0%D0%BD%D0%B5%D0%BB%D0%B8</url>
	<source-id>sr-01</source-id>
	<local-id>138</local-id>
	<source-name>Politika</source-name>
	<article>
		<article-title>Београдска премијера стрипа „Дружина Дарданели&quot;</article-title>
		<article-title-transliterated>Beogradska premijera stripa „Družina Dardaneli&quot;</article-title-transliterated>
		<article-time>2016-04-08</article-time>
		<article-author>Marina Vulićević</article-author>
		<article-text>Прва велика београдска изложба посвећена стрип албуму „Дружина Дарданели: Злочин на Светској изложби” (System comics, 2016), сценаристе Павла Зелића – познатог и по роману „Пешчана хроника”, Лагуна 2013.– и цртача Драгана Пауновића, такође илустратора стрип адаптације романа „Константиново раскршће”, трајаће до 14. априла у Срећној галерији Студентској културног центра у Београду, Краља Милана 48.
Оно што је посебно занимљиво у вези са овим стрипом, јесте чињеница да је имао светску премијеру на изложби у Културном центру Србије у Паризу, од 17. децембра 2015. до 27. јануара 2016, а очекује се и његово издање на француском језику. Сада, пак, нови албум „Дружине Дарданели” има своју домаћу премијеру у СКЦ-у, на истом месту где је 2011. године промовисан и први део серијала – „Дружина Дарданели: Пољубац лептирице”.
Стрип серијал „Дружина Дарданели” већ је са почетном епизодом постао феномен, па је тако адаптиран у радио драму, анализиран у десетинама критика, па чак и научном раду...
Павле Зелић, аутор сценарија, истиче да је његова идеја превасходно стрип који је динамичан, узбудљив и препун преокрета, а који, са друге стране, нуди много скривених детаља и слојева приче који позивају на поновно ишчитавање.
– Идеја је и да кроз ликове из класичне литературе, практично лектире, заинтересујемо неке нове генерације читалаца за стрип, а кроз њега и читање уопште, па да се тако упознају са Хајдук Станком, Коштаном, Карађозом, Вукашином Катићем, грофом Вронским, Савом Савановићем, Раскољниковим у стрипу „Дружина Дарданели”, а онда наставе да их откривају у књигама из којих су позајмљени за ову прилику, каже Зелић.
По његовим речима, „Дружина Дарданели” прича је о тиму својеврсних (супер)хероја, протагониста српске и европске књижевности, који се супротстављају злу оличеном у истим таквим, из класика позајмљеним ликовима са друге стране и интересима моћника чија су ови продужена рука. Нова авантура дарданеловаца носи наслов „Злочин на Светској изложби” и интернационализује доживљаје дружине широм Старог континента на прелазу векова.
– Миље ових приповести свет је технолошких чуда, архитектонских лудорија, и опште ишчашености у односу на познату прошлост, надовезујући се на имагинацију, али и стварне концепте научника и визионара у којем је (скоро) све могуће. Опоненти овој чудноватој скупини су у првом албуму били Кафкин Јозеф К, (добри војник) Швејк Јарослава Хашека, Олд Шетерхенд и Халеф Омар из романа Карла Маја, и негде између обе стране, Димина Дама с камелијама, као и камара других епизодиста у омажима литератури коју смо волели да читамо, каже Павле Зелић.
Цртач Драган Пауновић објашњава је да је овај стрип био врло захтеван у погледу окружења у којем се јунаци крећу, а у питању је Светска изложба у Паризу 1900, која је у овој алтернативноисторијској поставци још спектакуларнија, а ту су и подземље Париза и легендарне костурнице, па затим летећи Оријент Експрес, Беч и Константинопољ, и коначно велики маскенбал.</article-text>
		<article-text-transliterated>Prva velika beogradska izložba posvećena strip albumu „Družina Dardaneli: Zločin na Svetskoj izložbi” (System comics, 2016), scenariste Pavla Zelića – poznatog i po romanu „Peščana hronika”, Laguna 2013.– i crtača Dragana Paunovića, takođe ilustratora strip adaptacije romana „Konstantinovo raskršće”, trajaće do 14. aprila u Srećnoj galeriji Studentskoj kulturnog centra u Beogradu, Kralja Milana 48.
Ono što je posebno zanimljivo u vezi sa ovim stripom, jeste činjenica da je imao svetsku premijeru na izložbi u Kulturnom centru Srbije u Parizu, od 17. decembra 2015. do 27. januara 2016, a očekuje se i njegovo izdanje na francuskom jeziku. Sada, pak, novi album „Družine Dardaneli” ima svoju domaću premijeru u SKC-u, na istom mestu gde je 2011. godine promovisan i prvi deo serijala – „Družina Dardaneli: Poljubac leptirice”.
Strip serijal „Družina Dardaneli” već je sa početnom epizodom postao fenomen, pa je tako adaptiran u radio dramu, analiziran u desetinama kritika, pa čak i naučnom radu...
Pavle Zelić, autor scenarija, ističe da je njegova ideja prevashodno strip koji je dinamičan, uzbudljiv i prepun preokreta, a koji, sa druge strane, nudi mnogo skrivenih detalja i slojeva priče koji pozivaju na ponovno iščitavanje.
– Ideja je i da kroz likove iz klasične literature, praktično lektire, zainteresujemo neke nove generacije čitalaca za strip, a kroz njega i čitanje uopšte, pa da se tako upoznaju sa Hajduk Stankom, Koštanom, Karađozom, Vukašinom Katićem, grofom Vronskim, Savom Savanovićem, Raskoljnikovim u stripu „Družina Dardaneli”, a onda nastave da ih otkrivaju u knjigama iz kojih su pozajmljeni za ovu priliku, kaže Zelić.
Po njegovim rečima, „Družina Dardaneli” priča je o timu svojevrsnih (super)heroja, protagonista srpske i evropske književnosti, koji se suprotstavljaju zlu oličenom u istim takvim, iz klasika pozajmljenim likovima sa druge strane i interesima moćnika čija su ovi produžena ruka. Nova avantura dardanelovaca nosi naslov „Zločin na Svetskoj izložbi” i internacionalizuje doživljaje družine širom Starog kontinenta na prelazu vekova.
– Milje ovih pripovesti svet je tehnoloških čuda, arhitektonskih ludorija, i opšte iščašenosti u odnosu na poznatu prošlost, nadovezujući se na imaginaciju, ali i stvarne koncepte naučnika i vizionara u kojem je (skoro) sve moguće. Oponenti ovoj čudnovatoj skupini su u prvom albumu bili Kafkin Jozef K, (dobri vojnik) Švejk Jaroslava Hašeka, Old Šeterhend i Halef Omar iz romana Karla Maja, i negde između obe strane, Dimina Dama s kamelijama, kao i kamara drugih epizodista u omažima literaturi koju smo voleli da čitamo, kaže Pavle Zelić.
Crtač Dragan Paunović objašnjava je da je ovaj strip bio vrlo zahtevan u pogledu okruženja u kojem se junaci kreću, a u pitanju je Svetska izložba u Parizu 1900, koja je u ovoj alternativnoistorijskoj postavci još spektakularnija, a tu su i podzemlje Pariza i legendarne kosturnice, pa zatim leteći Orijent Ekspres, Beč i Konstantinopolj, i konačno veliki maskenbal.</article-text-transliterated>
	</article>
	<comments>
		<comments-count>1</comments-count>
		<comments-list>
			<comment comment-id="1">
				<comment-parent-id/>
				<comment-text>Још је жива 9. умјетност, чак и код нас. Радује ме то. Пауновић је квалитетан цртач.</comment-text>
				<comment-text-transliterated>Još je živa 9. umjetnost, čak i kod nas. Raduje me to. Paunović je kvalitetan crtač.</comment-text-transliterated>
			</comment>
		</comments-list>
	</comments>
</document>
