<document global-id="sr-01-1458">
    <url>
        http://www.politika.rs/scc/clanak/332410/%D0%9C%D0%BD%D0%BE%D0%B3%D0%B0-%D1%81%D0%B0%D0%BC-%D0%B4%D0%B5%D0%BB%D0%B0-%D0%BF%D1%80%D0%B5%D0%B2%D0%B5%D0%BE-%D0%B7%D0%B0-%D1%84%D0%B8%D0%BE%D0%BA%D1%83
    </url>
    <source-id>sr-01</source-id>
    <local-id>1458</local-id>
    <source-name>Politika</source-name>
    <article>
        <article-title>Многа сам дела превео за фиоку</article-title>
        <article-title-transliterated>Mnoga sam dela preveo za fioku</article-title-transliterated>
        <article-time>2015-07-06</article-time>
        <article-author/>
        <article-text>Питање које ми постављате тешко је зато што многе ствари  играју улогу: језик са кога се преводи 
            на француски, уредник, уговор, начин плаћања. Цене варирају у зависности од статуса преводиоца – да ли је у
            питању преводилац који ради за издавачку кућу или слободни преводилац који предлаже текст издавачу, што је
            мој случај – језика, тежине текста који се преводи, рока за предају превода. У време опсаде Сарајева, 1992.
            године, за превод „Златиног дневника“ понудили су ми 30 одсто већу тарифу од уобичајене уколико предам текст
            за 15 дана!
            Пошто више не преводим са других језика осим са српскохрватског, односно данас српског, не могу да вам кажем
            како је то са другим језицима.
            Основна цена је око 20 евра по страници од 1.500 карактера (то зависи од издавача), што значи да реченица:
            „Зовем се Ален Капон“, има двадесет карактера, укључујући и размаке међу речима.  Али други издавачи
            сматрају да размаци између речи нису карактери и да исти текст има 17 карактера. То се зове информатичко
            бројање. АТЛФ (Асоцијација књижевних преводилаца Француске) саветује у овом случају да се тражи повећање
            тарифе за око 30 одсто, што издавачи најчешће одбијају.
            Ту је и случај „малих“ издавача који, већином, немају финансијска средства и који обично на почетку кажу да
            ће „урадити шта могу“ (то је случај са једним од мојих превода који ће изаћи у септембру). Избор остаје на
            преводиоцу да пристане или не, да пристане како би текст до кога му је стало био објављен, упркос томе што
            је његов рад слабо плаћен, или да се обрати другим издавачима без гаранције да ће прихватити текст.
            Лично сам прихватио у неким случајевима, када се радило о малим часописима који „животаре“, али који су
            нудили примерак преводиоцу и аутору. Одбио сам када ми је, на пример, уредник саопштио да неће платити ни
            превод ни аутора. Када сам тражио да плате аутора, узимајући у обзир околности  – био је то период санкција
            против Србије и сматрао сам да би му нешто новца, који бу му лично предао у Београду приликом Сусрета
            преводилаца, добродошло, поново су ме одбили и текст никада није објављен.
            Мој пријатељ Коста Димитријевић, бивши новинар Политике, поверио ми се једном да је понекад писао за фиоку
            када својевремено није успевао да нађе издавача. Ако сам до сада превео више од 30 књига са српскохрватског
            и српског, један број сам превео и за фиоку.
            Мало француских преводилаца живи од превођења. У пензији сам, али сам се бавио превођењем у исто време
            радећи као професор енглеског језика у средњој школи. Као што је рекао колега на фестивалу у Коњаку (у
            Шаранту), где сам представио књижевност Балкана, превођење обогаћује, али то је пре свега лично богаћење.
            Једном сам прецизно забележио време (по сатима) које сам провео преводећи, чини ми се, једну књигу
            Светислава Басаре, а потом сам поделио суму коју сам добио за превод са бројем часова... Закључак је јасан:
            превод се не исплати. Али, као што каже пословица, „Када волимо не бројимо“. Настављам да се бавим
            превођењем са увек истим задовољством.
            Преводилац
            Ален Капон
            ----------------------------------
            РЕАГОВАЊЕ
            У случају Гаталице прекршена правила конкурса
            „Велики рат“ није требало да добије 8.000 евра на конкурсу из 2015. године за превод на енглески језик, јер
            је књига преведена, објављена и промовисана новембра 2014. године у Амбасади Србије у Лондону
            Милош Константиновић, председник Комисије Министарства културе Србије за подршку финансирању превода књига
            не говори истину када каже да моја књига „Леди Пеџет и њени Срби“ (Плави јахач) – „Није добила подршку јер
            се не финансира историографија“. У протекле две године, истине ради, иста комисија на челу са
            Константиновићем, подржала је десетак историографских књига.
             Правила сваког конкурса, требало би да важе за све учеснике конкурса. И нема привилегованих!!! Александар
            Гаталица, са књигом „Велики рат“, две године је привилегован, добио је новац – мимо правила конкурса!!! За
            превод његове књиге на француски и енглески језик о трошку пореских обвезника.
                Не памтим да је неко у последњих десет година добио финансијску подршку Министарства културе Србије од
            17.600 евра, за превод књиге од 495 страница, као Александар Гаталица за „Велики рат“ 2014. за превод на
            француски језик. Могуће је да толико кошта целокупно издање ове књиге код француске куће „Белфон“ (превод,
            штампа, уређивање, дизајн, лектура, коректура, ауторски хонорар), али то није предмет конкурса! Предмет
            конкурса је – само превођење на неки од страних језика!? За само превођење, та цифра је превисока, за тај
            новац могу да се преведу бар три књиге.
            Константиновић покушава да сакрије од јавности да књига Александра Гаталице „Велики рат“ – није требало да
            добије 8.000 евра на конкурсу из 2015. године за превод на енглески језик. Књига није требало да буде ни
            прихваћена на том конкурсу, јер је у издавачкој кући „Истрос бук“ из Лондона, преведена, објављена и
            промовисана у новембра 2014. године у Амбасади Србије и Британској библиотеци у Лондону. Тим чином су,
            такође, прекршена правила конкурса... Конкурс се односи само на преводе из 2015. године!
             Сматрам да су и други чланови комисије из 2014. и 2015. одговорни за овај чин и треба да одговарају и
            поднесу оставку! Као и државни чиновници, Младен Весковић и помоћница министра културе Ана Вучетић који су у
            име Министарства парафирали ова решења, а министар Иван Тасовац потписао. Чланови комисије били су и
            Владислава Гордић Петковић, Војислав Карановић, Ивана Николић и Михајло Пантић. Професор Пантић, две године
            је у конфликту интереса, обе године потписује да се по две његове књиге (четири књиге) преведу на неки од
            страних језика. Као председник Управног одбора Народне библиотеке Србије, на конкурсу из 2015, одлучује да
            се преведу три књиге директора те библиотеке, Ласла Блашковића. Као функционер Пен клуба Србије, гласа 2014.
            да се три књиге чувене списатељице Виде Огњеновић објаве на неки од страних језика о трошку пореских
            обвезника. Гордићка је такође у конфликту интереса, одлучује о књигама свог супруга. Војислав Карановић
            гласа сам за себе. Уз све уважавање Боре Ћосића, који живи и ради у Немачкој, сиромашна Србија плаћа преводе
            његових књига на немачки језик!?
            Новинар и издавач
            Наташа Марковић
        </article-text>
        <article-text-transliterated>Pitanje koje mi postavljate teško je zato što mnoge stvari  igraju ulogu: jezik sa
            koga se prevodi  na francuski, urednik, ugovor, način plaćanja. Cene variraju u zavisnosti od statusa
            prevodioca – da li je u pitanju prevodilac koji radi za izdavačku kuću ili slobodni prevodilac koji predlaže
            tekst izdavaču, što je moj slučaj – jezika, težine teksta koji se prevodi, roka za predaju prevoda. U vreme
            opsade Sarajeva, 1992. godine, za prevod „Zlatinog dnevnika“ ponudili su mi 30 odsto veću tarifu od
            uobičajene ukoliko predam tekst za 15 dana!
            Pošto više ne prevodim sa drugih jezika osim sa srpskohrvatskog, odnosno danas srpskog, ne mogu da vam kažem
            kako je to sa drugim jezicima.
            Osnovna cena je oko 20 evra po stranici od 1.500 karaktera (to zavisi od izdavača), što znači da rečenica:
            „Zovem se Alen Kapon“, ima dvadeset karaktera, uključujući i razmake među rečima.  Ali drugi izdavači
            smatraju da razmaci između reči nisu karakteri i da isti tekst ima 17 karaktera. To se zove informatičko
            brojanje. ATLF (Asocijacija književnih prevodilaca Francuske) savetuje u ovom slučaju da se traži povećanje
            tarife za oko 30 odsto, što izdavači najčešće odbijaju.
            Tu je i slučaj „malih“ izdavača koji, većinom, nemaju finansijska sredstva i koji obično na početku kažu da
            će „uraditi šta mogu“ (to je slučaj sa jednim od mojih prevoda koji će izaći u septembru). Izbor ostaje na
            prevodiocu da pristane ili ne, da pristane kako bi tekst do koga mu je stalo bio objavljen, uprkos tome što
            je njegov rad slabo plaćen, ili da se obrati drugim izdavačima bez garancije da će prihvatiti tekst.
            Lično sam prihvatio u nekim slučajevima, kada se radilo o malim časopisima koji „životare“, ali koji su
            nudili primerak prevodiocu i autoru. Odbio sam kada mi je, na primer, urednik saopštio da neće platiti ni
            prevod ni autora. Kada sam tražio da plate autora, uzimajući u obzir okolnosti  – bio je to period sankcija
            protiv Srbije i smatrao sam da bi mu nešto novca, koji bu mu lično predao u Beogradu prilikom Susreta
            prevodilaca, dobrodošlo, ponovo su me odbili i tekst nikada nije objavljen.
            Moj prijatelj Kosta Dimitrijević, bivši novinar Politike, poverio mi se jednom da je ponekad pisao za fioku
            kada svojevremeno nije uspevao da nađe izdavača. Ako sam do sada preveo više od 30 knjiga sa srpskohrvatskog
            i srpskog, jedan broj sam preveo i za fioku.
            Malo francuskih prevodilaca živi od prevođenja. U penziji sam, ali sam se bavio prevođenjem u isto vreme
            radeći kao profesor engleskog jezika u srednjoj školi. Kao što je rekao kolega na festivalu u Konjaku (u
            Šarantu), gde sam predstavio književnost Balkana, prevođenje obogaćuje, ali to je pre svega lično bogaćenje.
            Jednom sam precizno zabeležio vreme (po satima) koje sam proveo prevodeći, čini mi se, jednu knjigu
            Svetislava Basare, a potom sam podelio sumu koju sam dobio za prevod sa brojem časova... Zaključak je jasan:
            prevod se ne isplati. Ali, kao što kaže poslovica, „Kada volimo ne brojimo“. Nastavljam da se bavim
            prevođenjem sa uvek istim zadovoljstvom.
            Prevodilac
            Alen Kapon
            ----------------------------------
            REAGOVANjE
            U slučaju Gatalice prekršena pravila konkursa
            „Veliki rat“ nije trebalo da dobije 8.000 evra na konkursu iz 2015. godine za prevod na engleski jezik, jer
            je knjiga prevedena, objavljena i promovisana novembra 2014. godine u Ambasadi Srbije u Londonu
            Miloš Konstantinović, predsednik Komisije Ministarstva kulture Srbije za podršku finansiranju prevoda knjiga
            ne govori istinu kada kaže da moja knjiga „Ledi Pedžet i njeni Srbi“ (Plavi jahač) – „Nije dobila podršku
            jer se ne finansira istoriografija“. U protekle dve godine, istine radi, ista komisija na čelu sa
            Konstantinovićem, podržala je desetak istoriografskih knjiga.
             Pravila svakog konkursa, trebalo bi da važe za sve učesnike konkursa. I nema privilegovanih!!! Aleksandar
            Gatalica, sa knjigom „Veliki rat“, dve godine je privilegovan, dobio je novac – mimo pravila konkursa!!! Za
            prevod njegove knjige na francuski i engleski jezik o trošku poreskih obveznika.
                Ne pamtim da je neko u poslednjih deset godina dobio finansijsku podršku Ministarstva kulture Srbije od
            17.600 evra, za prevod knjige od 495 stranica, kao Aleksandar Gatalica za „Veliki rat“ 2014. za prevod na
            francuski jezik. Moguće je da toliko košta celokupno izdanje ove knjige kod francuske kuće „Belfon“ (prevod,
            štampa, uređivanje, dizajn, lektura, korektura, autorski honorar), ali to nije predmet konkursa! Predmet
            konkursa je – samo prevođenje na neki od stranih jezika!? Za samo prevođenje, ta cifra je previsoka, za taj
            novac mogu da se prevedu bar tri knjige.
            Konstantinović pokušava da sakrije od javnosti da knjiga Aleksandra Gatalice „Veliki rat“ – nije trebalo da
            dobije 8.000 evra na konkursu iz 2015. godine za prevod na engleski jezik. Knjiga nije trebalo da bude ni
            prihvaćena na tom konkursu, jer je u izdavačkoj kući „Istros buk“ iz Londona, prevedena, objavljena i
            promovisana u novembra 2014. godine u Ambasadi Srbije i Britanskoj biblioteci u Londonu. Tim činom su,
            takođe, prekršena pravila konkursa... Konkurs se odnosi samo na prevode iz 2015. godine!
             Smatram da su i drugi članovi komisije iz 2014. i 2015. odgovorni za ovaj čin i treba da odgovaraju i
            podnesu ostavku! Kao i državni činovnici, Mladen Vesković i pomoćnica ministra kulture Ana Vučetić koji su u
            ime Ministarstva parafirali ova rešenja, a ministar Ivan Tasovac potpisao. Članovi komisije bili su i
            Vladislava Gordić Petković, Vojislav Karanović, Ivana Nikolić i Mihajlo Pantić. Profesor Pantić, dve godine
            je u konfliktu interesa, obe godine potpisuje da se po dve njegove knjige (četiri knjige) prevedu na neki od
            stranih jezika. Kao predsednik Upravnog odbora Narodne biblioteke Srbije, na konkursu iz 2015, odlučuje da
            se prevedu tri knjige direktora te biblioteke, Lasla Blaškovića. Kao funkcioner Pen kluba Srbije, glasa
            2014. da se tri knjige čuvene spisateljice Vide Ognjenović objave na neki od stranih jezika o trošku
            poreskih obveznika. Gordićka je takođe u konfliktu interesa, odlučuje o knjigama svog supruga. Vojislav
            Karanović glasa sam za sebe. Uz sve uvažavanje Bore Ćosića, koji živi i radi u Nemačkoj, siromašna Srbija
            plaća prevode njegovih knjiga na nemački jezik!?
            Novinar i izdavač
            Nataša Marković
        </article-text-transliterated>
    </article>
    <comments>
        <comments-count>3</comments-count>
        <comment-list>
            <comment comment-id="1">
                <comment-parent-id/>
                <comment-text>Neka mi povodom teksta "Reagovanje" gdje Marković bude dozvoljeno da kažem još par reči.
                    Pitam se, dakle: da li će se u tekstu prozvani igrači očiglednog "sukoba interesa" M. Pantić, L.
                    Blašković, V. Karanović, osećati nelagodno ili, pak, osećati krivicu prema kolegama piscima zbog
                    moralno krajnje sumnjivog delanja? Da li će ih iko zbog toga pozvati na odgovornost? - Neće. Delo je
                    počinjeno i tu se sve završava. Koji se pisac, uostalom, sme suprotstaviti onima koji su godinama
                    preko ugleda gdje Ognjenović izgradili svoje spisateljsko ime i zaposeli sve institucije
                    književnosti u Srbiji? Meni samom nije dozvoljen pristup ni u jedan dnevni medij u Srbiji. Hoće li
                    neko od kolega pisaca da se pozabavi ne samo ovom nego i drugim temama, sličnom ovoj, sa listom
                    imena koja bi bila proširena? Neće? - Zašto? Kao austrijskog pisca srpskog porekla i kao člana
                    austrijskog i francuskog PEN-a mene ova tema posebno interesuje. Njen kontekst je mnogo zlokobniji
                    od "Reagovanja" dobronamerne gdje N.M.
                </comment-text>
                <comment-text-transliterated>Neka mi povodom teksta "Reagovanje" gdje Marković bude dozvoljeno da kažem
                    još par reči. Pitam se, dakle: da li će se u tekstu prozvani igrači očiglednog "sukoba interesa" M.
                    Pantić, L. Blašković, V. Karanović, osećati nelagodno ili, pak, osećati krivicu prema kolegama
                    piscima zbog moralno krajnje sumnjivog delanja? Da li će ih iko zbog toga pozvati na odgovornost? -
                    Neće. Delo je počinjeno i tu se sve završava. Koji se pisac, uostalom, sme suprotstaviti onima koji
                    su godinama preko ugleda gdje Ognjenović izgradili svoje spisateljsko ime i zaposeli sve institucije
                    književnosti u Srbiji? Meni samom nije dozvoljen pristup ni u jedan dnevni medij u Srbiji. Hoće li
                    neko od kolega pisaca da se pozabavi ne samo ovom nego i drugim temama, sličnom ovoj, sa listom
                    imena koja bi bila proširena? Neće? - Zašto? Kao austrijskog pisca srpskog porekla i kao člana
                    austrijskog i francuskog PEN-a mene ova tema posebno interesuje. Njen kontekst je mnogo zlokobniji
                    od "Reagovanja" dobronamerne gdje N.M.
                </comment-text-transliterated>
            </comment>
            <comment comment-id="2">
                <comment-parent-id/>
                <comment-text>Prevodjenje je naporan i dug posao koji se, prema dogovoru, placa 15E - 30E po strani, u
                    zavisnosti od mnogih parametara.Svi se secamo velikog Vladimira Dimitrijevica (1934 - 2011),
                    pasioniranog izdavaca (L'Age d'Homme) i knjizevnika koji je u Francuskoj izdao najvaznija dela nase
                    knjizevnosti. I Vladimir i njegovi prevodioci su najcesce radili skoro besplatno, tj, kao sto kaze
                    Alain Capon, za fioku.Prosle godine je Ministarstvo raspolagalo budzetom od 124 000 E za
                    prevodjenje. Ako je bilo nepravilnosti, ako su clanovi komisije favorizovali svoje tetke i striceve,
                    to se moze resiti u okviru Ministarstva i Udruzenja knjizevnih prevodioca Srbije.Vazno je da ove
                    godine sve bude u redu.
                </comment-text>
                <comment-text-transliterated>Prevodjenje je naporan i dug posao koji se, prema dogovoru, placa 15E - 30E
                    po strani, u zavisnosti od mnogih parametara.Svi se secamo velikog Vladimira Dimitrijevica (1934 -
                    2011), pasioniranog izdavaca (L'Age d'Homme) i knjizevnika koji je u Francuskoj izdao najvaznija
                    dela nase knjizevnosti. I Vladimir i njegovi prevodioci su najcesce radili skoro besplatno, tj, kao
                    sto kaze Alain Capon, za fioku.Prosle godine je Ministarstvo raspolagalo budzetom od 124 000 E za
                    prevodjenje. Ako je bilo nepravilnosti, ako su clanovi komisije favorizovali svoje tetke i striceve,
                    to se moze resiti u okviru Ministarstva i Udruzenja knjizevnih prevodioca Srbije.Vazno je da ove
                    godine sve bude u redu.
                </comment-text-transliterated>
            </comment>
            <comment comment-id="3">
                <comment-parent-id/>
                <comment-text>Veoma časno i, dakako, hrabro "Reagovanje" gospodje Marković, krajnje je potrebno
                    bistrenje ne baš male bare prepune "krokodila". O tzv. "književnim klanovima" je reč. Da klanovi ne
                    moraju biti samo "surčinski", no da klanovi mogu biti i književni, izmedju ostalih sastavljeni
                    upravo i od navedenih imena književnika, to mi je, i ne samo meni, već od 5. oktobra 2000. poznato.
                    - Biti u "konfliktu interesa"! - Kako su se samo u tom "konfliktu" našli? Bar od 2000. g. imena
                    navedenih književnika pretstavljaju se u "medijima" kao glavni tok srpske književnosti. Isti su,
                    zapravo, muka srpskog književničkog društva. O njima bi se mogla napisati poduža "crna knjiga" a da
                    se, pritom, i ne zadje u "zabran" "Udruženja književnika Srbije" o kojima se sa sličnom vrstom
                    reagovanja može govoriti imajući u vidu period izmedju 1989 i 2001. U svemu, bilo bi veoma korisno
                    da "Reagovanje" koleginice Marković natrči na oko i sluh nadležnih, pa i onih "veoma nadležnih".
                    Ali, da li je to moguće? - Ne verujem.
                </comment-text>
                <comment-text-transliterated>Veoma časno i, dakako, hrabro "Reagovanje" gospodje Marković, krajnje je
                    potrebno bistrenje ne baš male bare prepune "krokodila". O tzv. "književnim klanovima" je reč. Da
                    klanovi ne moraju biti samo "surčinski", no da klanovi mogu biti i književni, izmedju ostalih
                    sastavljeni upravo i od navedenih imena književnika, to mi je, i ne samo meni, već od 5. oktobra
                    2000. poznato. - Biti u "konfliktu interesa"! - Kako su se samo u tom "konfliktu" našli? Bar od
                    2000. g. imena navedenih književnika pretstavljaju se u "medijima" kao glavni tok srpske
                    književnosti. Isti su, zapravo, muka srpskog književničkog društva. O njima bi se mogla napisati
                    poduža "crna knjiga" a da se, pritom, i ne zadje u "zabran" "Udruženja književnika Srbije" o kojima
                    se sa sličnom vrstom reagovanja može govoriti imajući u vidu period izmedju 1989 i 2001. U svemu,
                    bilo bi veoma korisno da "Reagovanje" koleginice Marković natrči na oko i sluh nadležnih, pa i onih
                    "veoma nadležnih". Ali, da li je to moguće? - Ne verujem.
                </comment-text-transliterated>
            </comment>
        </comment-list>
    </comments>
</document>