<document global-id="sr-01-1052">
    <url>
        http://www.politika.rs/scc/clanak/324302/%D0%9A%D0%B0%D1%80%D0%B0%D1%92%D0%BE%D1%80%D1%92%D0%B5-%D1%83-%D0%B5%D0%BD%D0%B3%D0%BB%D0%B5%D1%81%D0%BA%D0%BE%D1%98-%D0%BA%D1%9A%D0%B8%D0%B6%D0%B5%D0%B2%D0%BD%D0%BE%D1%81%D1%82%D0%B8-18-%D0%B8-19-%D0%B2%D0%B5%D0%BA%D0%B0
    </url>
    <source-id>sr-01</source-id>
    <local-id>1052</local-id>
    <source-name>Politika</source-name>
    <article>
        <article-title>Карађорђе у енглеској књижевности 18. и 19. века</article-title>
        <article-title-transliterated>Karađorđe u engleskoj književnosti 18. i 19. veka</article-title-transliterated>
        <article-time>2015-04-09</article-time>
        <article-author>Z. R.</article-author>
        <article-text>Књига Веселина Костића „Британија и Србија: контакти, везе и односи: 1700–1860”, капитално дело из
            историје културе, политичких и друштвених односа, објављена је недавно у издању „Архипелага” у новој едицији
            „Култура и едиција”. На више од 530 страна, Костић исцрпно открива српско-британске контакте, везе и односе
            у 18. и 19. веку од оних које су стварали војници, почев од првих британских најамника у српским крајевима,
            до оних које су стварали путници и авантуристи, писци и путописци, дипломате и специјални изасланици и
            агенти.
            Веселин Костић (1931), англиста, историчар књижевности и културе, познати је шекспиролог. Од 1956. до 1996.
            предавао је енглеску књижевност на Филолошком факултету у Београду. Објавио је више књига из историје
            енглеске књижевности. Друго подручје проучавања Веселина Костића су јужнословенско-енглеске културне и друге
            везе. Костић је превео са енглеског или на енглески језик око 40 књига. Добитник је и награде „Милош Ђурић”
            за најбољи превод из области есејистике у 2005. години и награде за животно дело Удружења књижевних
            преводилаца Србије (2006).
            Књига „Британија и Србија: контакти, везе и односи: 1700–1860”, истиче Гојко Божовић, оснивач „Архипелага”,
            узбудљива је прича о путовањима на Исток и стварању слике о Србији и Истоку, о књижевним и културним везама,
            као и о српским мотивима у енглеској књижевности.
            – Костић је једини човек у нашој култури који је у овом тренутку могао да напише овакву књигу – рекао је
            новинарима Гојко Божовић, главни уредник „Архипелага”.
            Костићева књига открива зашто су у енглеској књижевности и култури у 18. и 19. веку настајали романи, опера,
            позоришне драме и представе и песме о Београду, о опсади Београда, о Карађорђу или о јунаштву ерла од
            Крофорда у бици код Гроцке 1741. године.
            – Прича о раним везама између становника Велике Британије и житеља у српским крајевима сложенија је него што
            би се то могло у први мах претпоставити. Прича о мотивима због којих су људи с далеких британских острва у
            ово време пролазили кроз крајеве данашње Србије или боравили у њима сложена је и разликује се од раздобља до
            раздобља. Само британски путници – а они су ређи од немачких или француских – чине велику и шаролику
            галерију. Међу њима, као што ћемо видети, налазимо побожне вернике на путу у Свету земљу, трговце у потрази
            за новим тржиштима, радознале духове жељне да се упознају с турском цивилизацијом или животом на рубним
            подручјима хришћанског света, научнике, свештенике, дипломате, шпијуне, пустолове или једноставно људе који
            нису могли да се скрасе на једном месту. Једну мало познату, али можда најбројнију групу људи из Британије
            који су се у овом раздобљу нашли у нашим крајевима чинили су професионални војници. Неке је доводио
            пустоловни дух, неке тешке прилике у сопственој земљи, неке жеља да овладају оним што капетан Флуелин у
            Шекспировом „Хенрију Петом” назива дисциплинама рата, неке тежња да се истакну храброшћу и стекну углед међу
            савременицима, а многе изгледи за зараду и ратни плен – објашњава др Веселин Костић.
        </article-text>
        <article-text-transliterated>Knjiga Veselina Kostića „Britanija i Srbija: kontakti, veze i odnosi: 1700–1860”,
            kapitalno delo iz istorije kulture, političkih i društvenih odnosa, objavljena je nedavno u izdanju
            „Arhipelaga” u novoj ediciji „Kultura i edicija”. Na više od 530 strana, Kostić iscrpno otkriva
            srpsko-britanske kontakte, veze i odnose u 18. i 19. veku od onih koje su stvarali vojnici, počev od prvih
            britanskih najamnika u srpskim krajevima, do onih koje su stvarali putnici i avanturisti, pisci i putopisci,
            diplomate i specijalni izaslanici i agenti.
            Veselin Kostić (1931), anglista, istoričar književnosti i kulture, poznati je šekspirolog. Od 1956. do 1996.
            predavao je englesku književnost na Filološkom fakultetu u Beogradu. Objavio je više knjiga iz istorije
            engleske književnosti. Drugo područje proučavanja Veselina Kostića su južnoslovensko-engleske kulturne i
            druge veze. Kostić je preveo sa engleskog ili na engleski jezik oko 40 knjiga. Dobitnik je i nagrade „Miloš
            Đurić” za najbolji prevod iz oblasti esejistike u 2005. godini i nagrade za životno delo Udruženja
            književnih prevodilaca Srbije (2006).
            Knjiga „Britanija i Srbija: kontakti, veze i odnosi: 1700–1860”, ističe Gojko Božović, osnivač „Arhipelaga”,
            uzbudljiva je priča o putovanjima na Istok i stvaranju slike o Srbiji i Istoku, o književnim i kulturnim
            vezama, kao i o srpskim motivima u engleskoj književnosti.
            – Kostić je jedini čovek u našoj kulturi koji je u ovom trenutku mogao da napiše ovakvu knjigu – rekao je
            novinarima Gojko Božović, glavni urednik „Arhipelaga”.
            Kostićeva knjiga otkriva zašto su u engleskoj književnosti i kulturi u 18. i 19. veku nastajali romani,
            opera, pozorišne drame i predstave i pesme o Beogradu, o opsadi Beograda, o Karađorđu ili o junaštvu erla od
            Kroforda u bici kod Grocke 1741. godine.
            – Priča o ranim vezama između stanovnika Velike Britanije i žitelja u srpskim krajevima složenija je nego
            što bi se to moglo u prvi mah pretpostaviti. Priča o motivima zbog kojih su ljudi s dalekih britanskih
            ostrva u ovo vreme prolazili kroz krajeve današnje Srbije ili boravili u njima složena je i razlikuje se od
            razdoblja do razdoblja. Samo britanski putnici – a oni su ređi od nemačkih ili francuskih – čine veliku i
            šaroliku galeriju. Među njima, kao što ćemo videti, nalazimo pobožne vernike na putu u Svetu zemlju, trgovce
            u potrazi za novim tržištima, radoznale duhove željne da se upoznaju s turskom civilizacijom ili životom na
            rubnim područjima hrišćanskog sveta, naučnike, sveštenike, diplomate, špijune, pustolove ili jednostavno
            ljude koji nisu mogli da se skrase na jednom mestu. Jednu malo poznatu, ali možda najbrojniju grupu ljudi iz
            Britanije koji su se u ovom razdoblju našli u našim krajevima činili su profesionalni vojnici. Neke je
            dovodio pustolovni duh, neke teške prilike u sopstvenoj zemlji, neke želja da ovladaju onim što kapetan
            Fluelin u Šekspirovom „Henriju Petom” naziva disciplinama rata, neke težnja da se istaknu hrabrošću i steknu
            ugled među savremenicima, a mnoge izgledi za zaradu i ratni plen – objašnjava dr Veselin Kostić.
        </article-text-transliterated>
    </article>
    <comments>
        <comments-count>1</comments-count>
        <comment-list>
            <comment comment-id="1">
                <comment-parent-id/>
                <comment-text>Карађорђе у енглеској књижевности 18. века ??? naslov isadržaj -pojam spojmom
                </comment-text>
                <comment-text-transliterated>Karađorđe u engleskoj književnosti 18. veka ??? naslov isadržaj -pojam
                    spojmom
                </comment-text-transliterated>
            </comment>
        </comment-list>
    </comments>
</document>