<?xml version="1.0" encoding="utf-8"?>
<document global-id="sr-01-1359">
	<url>http://www.politika.rs/scc/clanak/422813/%D0%9C%D0%B0%D0%BD%D0%B5%D0%BA%D0%B5%D0%BD-%D0%9F%D0%B8%D1%81-%D1%81%D0%B8%D0%BC%D0%B1%D0%BE%D0%BB-%D0%91%D1%80%D0%B8%D1%81%D0%B5%D0%BB%D0%B0-%D1%83-%D1%81%D1%80%D0%BF%D1%81%D0%BA%D0%BE%D1%98-%D0%BD%D0%BE%D1%88%D1%9A%D0%B8</url>
	<source-id>sr-01</source-id>
	<local-id>1359</local-id>
	<source-name>Politika</source-name>
	<article>
		<article-title>Манекен Пис, симбол Брисела, у српској ношњи</article-title>
		<article-title-transliterated>Maneken Pis, simbol Brisela, u srpskoj nošnji</article-title-transliterated>
		<article-time>2019-02-15</article-time>
		<article-author>S. S.</article-author>
		<article-text>Бронзана статуа дечака који пишки и симбол града Брисела, данас је обучен у српску народну ношњу: опанке, шајкачу и јелек.
Традиционално сваког 15. фебруара, од 2011. године, организује се обележавање националног дана Србије спајањем симбола Брисела са препознатљивим елементима српског фолклора.
Шумадијска народна ношња коју Манекен Пис облачи на Сретење један је од 964 костима које статуа „облачи” сходно прилици. Та традиција установљена је почетком 17. века када је прве костиме Манекен Пис добио на поклон од аустријске надвојвоткиње Изабеле и француског краља Луја XV.

Српска застава на Гугл претраживачу
Поводом Дана државности Републике Србије Googl.rs развио је српску заставу, док се кликом на Гугл отварају вести о празнику.
Интернет компанија често практикује обележавање празника земаља у којима послује, па је тако и Дан државности Србије обележен на свим претраживачима на рачунарима, телефонима, таблетима чији корисници имају Гугл на српском језику као почетну страницу овог претраживача</article-text>
		<article-text-transliterated>Bronzana statua dečaka koji piški i simbol grada Brisela, danas je obučen u srpsku narodnu nošnju: opanke, šajkaču i jelek.
Tradicionalno svakog 15. februara, od 2011. godine, organizuje se obeležavanje nacionalnog dana Srbije spajanjem simbola Brisela sa prepoznatljivim elementima srpskog folklora.
Šumadijska narodna nošnja koju Maneken Pis oblači na Sretenje jedan je od 964 kostima koje statua „oblači” shodno prilici. Ta tradicija ustanovljena je početkom 17. veka kada je prve kostime Maneken Pis dobio na poklon od austrijske nadvojvotkinje Izabele i francuskog kralja Luja XV.

Srpska zastava na Gugl pretraživaču
Povodom Dana državnosti Republike Srbije Googl.rs razvio je srpsku zastavu, dok se klikom na Gugl otvaraju vesti o prazniku.
Internet kompanija često praktikuje obeležavanje praznika zemalja u kojima posluje, pa je tako i Dan državnosti Srbije obeležen na svim pretraživačima na računarima, telefonima, tabletima čiji korisnici imaju Gugl na srpskom jeziku kao početnu stranicu ovog pretraživača</article-text-transliterated>
	</article>
	<comments>
		<comments-count>3</comments-count>
		<comments-list>
			<comment comment-id="1">
				<comment-parent-id/>
				<comment-text>Oprostite, ali nije pravlno prevedeno:  Kaze se MENIKEN Pis a to znaci na flamanskom jeziku, DECACIC koji piski - a NE.... MANEKEN.....jer to nema veze sa manekenstvom i modom!!!</comment-text>
				<comment-text-transliterated>Oprostite, ali nije pravlno prevedeno:  Kaze se MENIKEN Pis a to znaci na flamanskom jeziku, DECACIC koji piski - a NE.... MANEKEN.....jer to nema veze sa manekenstvom i modom!!!</comment-text-transliterated>
			</comment>
			<comment comment-id="2">
				<comment-parent-id/>
				<comment-text>U Beogradu imamo manekene tipa Pis,na mnogim javnim lokacijama,usled nedostatka javnih WC-a i javne kulture...</comment-text>
				<comment-text-transliterated>U Beogradu imamo manekene tipa Pis,na mnogim javnim lokacijama,usled nedostatka javnih WC-a i javne kulture...</comment-text-transliterated>
			</comment>
			<comment comment-id="3">
				<comment-parent-id/>
				<comment-text>Нисам дечачић и нисам био у народној ношњи и на јавном месту, али јесам ... по Бриселу! Опет ћу кроз неколико недеља када изађемо из тог 4ог Рајха!</comment-text>
				<comment-text-transliterated>Nisam dečačić i nisam bio u narodnoj nošnji i na javnom mestu, ali jesam ... po Briselu! Opet ću kroz nekoliko nedelja kada izađemo iz tog 4og Rajha!</comment-text-transliterated>
			</comment>
		</comments-list>
	</comments>
</document>
