<document global-id="sr-01-1406">
    <url>
        http://www.politika.rs/scc/clanak/418681/%D0%9C%D0%B5%D1%80%D0%BA%D0%B5%D0%BB%D0%BE%D0%B2%D0%B0-%D0%BE%D1%82%D0%B2%D0%B0%D1%80%D0%B0-%D0%B2%D1%80%D0%B0%D1%82%D0%B0-%D0%B3%D0%B0%D1%81%D1%82%D0%B0%D1%80%D0%B1%D0%B0%D1%98%D1%82%D0%B5%D1%80%D0%B8%D0%BC%D0%B0
    </url>
    <source-id>sr-01</source-id>
    <local-id>1406</local-id>
    <source-name>Politika</source-name>
    <article>
        <article-title>Меркелова отвара врата „гастарбајтерима”</article-title>
        <article-title-transliterated>Merkelova otvara vrata „gastarbajterima”</article-title-transliterated>
        <article-time>2018-12-21</article-time>
        <article-author>Milenko Pešić</article-author>
        <article-text>Немачка влада усвојила закон који ће либерализовати усељавање квалификованих радника од 2020, јер
            привреди недостаје 1,2 милиона стручних кадрова. Немачка поново широм отвара врата за нове „гастарбајтере” с
            Балкана. Влада Ангеле Меркел је усвојила закон о усељавању квалификоване радне снаге који би од 2020.
            требало да омогући запошљавање и из земаља које нису чланице ЕУ. Немачкој су потребни стручни радници из
            иностранства, изјавио је после седнице савезне владе министар полиције Хорст Зехофер, лидер баварске ЦСУ.
            Девет година узастопног привредног раста, ниска незапосленост и све мањи природни прираштај довели су
            Немачку у ситуацију да јој данас недостаје 1,2 милиона квалификованих радника у готово свим секторима.
            Министри економије и рада, Петар Алтмејер и Хубертус Хејл, из коалиционих странака ЦДУ и СДП, похвалили су
            нови закон оцењујући да ће он омогућити праведне шансе и јасна правила у политици усељавања квалификоване
            радне снаге. Алтмејер је рекао како се ради о историјском тренутку у којем је Немачка променила начин
            размишљања када је у питању усељавање.
            „Ми иза себе остављамо идеолошку расправу о усељавању која је трајала 30 година”, поручио је министар рада
            алудирајући на дугогодишње одбијање политичких фактора у Немачкој да прогласе државу усељеничком, преноси
            Танјуг.
            Али, овај закон који тек треба да буде изгласан у Бундестагу може бити политички ризичан за конзервативце и
            социјалдемократе, који губе присталице због одлуке Ангеле Меркел да 2015. године прими милион избеглица,
            углавном из Сирије и осталих земаља Блиског истока.
            Десничарска странка Алтернатива за Немачку (АфД), која је на више претходних покрајинских избора преузела
            гласаче ЦДУ, поручује да ће овакав закон охрабрити мигранте да долазе у Немачку у нади да ће наћи посао.
            Нови пропис о усељавању ће особама којима је одбијен захтев за азил омогућити да остану 30 месеци у земљи
            уколико имају посао и знају језик. Како пише Ројтерс, у Немачкој за сада има 180.000 таквих „толерисаних”
            особа, миграната којима је азил одбијен, али нису депортовани.
            Овим особама, међу којима је и много становника западног Балкана, уз одређене услове, попут познавања
            немачког језика и добре интеграције на тржиште рада, омогућиће се трајно запошљавање на темељу новог закона
            о усељавању.
            „Немачка има веома отворен систем запошљавања за високо квалификовану радну снагу изван ЕУ, али прилично
            затворен за оне који имају средњу стручну спрему. Тако да овај закон  решава тај проблем”, каже за Ројтерс
            Томас Либиг, стручњак за миграције Организације за економску сарадњу и развој (ОЕЦД).
            Једна од најважнијих новина за будуће усељенике јесте укидање правила по којем страни радник може бити
            запослен једино ако послодавац докаже да за попуњавање тог радног места није пронашао адекватног радника из
            Немачке или Европске уније.
            Према новом закону, градови и општине имаће право да реагују на кретања на тржишту рада и, сходно потребама,
            мењају критеријуме за запошљавање радника који не долазе из ЕУ. Оно што у Немачкој недостаје јесу људи са
            средњом стручном спремом: медицинске сестре, болничарке, неговатељи, васпитачице, електричари, столари,
            зидари, заваривачи… Таква занимања покривају 60 одсто немачког тржишта рада. Осим ових занатских занимања, и
            немачки ИТ сектор вапи за новим људима, саопштила је федерација „Битком” која окупља немачке фирме из
            области информационих технологија, број упражњених радних места се дуплирао у односу на прошлу годину и
            достигао је број од 82.000.
            Немачки министар здравства Јенс Шпан је поздравио појачано усељавање људи који се баве неговатељстом и то,
            како је прецизирао, са западног Балкана. Подаци говоре о томе да су у претходној и овој години из Србије
            најчешће били тражени медицински радници и професионални возачи Це категорије, али прецизних података о
            броју људи који одлазе на рад у Немачку нема, јер, како кажу у министарству, већина радника посао проналази
            самоиницијативно.
        </article-text>
        <article-text-transliterated>Nemačka vlada usvojila zakon koji će liberalizovati useljavanje kvalifikovanih
            radnika od 2020, jer privredi nedostaje 1,2 miliona stručnih kadrova. Nemačka ponovo širom otvara vrata za
            nove „gastarbajtere” s Balkana. Vlada Angele Merkel je usvojila zakon o useljavanju kvalifikovane radne
            snage koji bi od 2020. trebalo da omogući zapošljavanje i iz zemalja koje nisu članice EU. Nemačkoj su
            potrebni stručni radnici iz inostranstva, izjavio je posle sednice savezne vlade ministar policije Horst
            Zehofer, lider bavarske CSU.
            Devet godina uzastopnog privrednog rasta, niska nezaposlenost i sve manji prirodni priraštaj doveli su
            Nemačku u situaciju da joj danas nedostaje 1,2 miliona kvalifikovanih radnika u gotovo svim sektorima.
            Ministri ekonomije i rada, Petar Altmejer i Hubertus Hejl, iz koalicionih stranaka CDU i SDP, pohvalili su
            novi zakon ocenjujući da će on omogućiti pravedne šanse i jasna pravila u politici useljavanja kvalifikovane
            radne snage. Altmejer je rekao kako se radi o istorijskom trenutku u kojem je Nemačka promenila način
            razmišljanja kada je u pitanju useljavanje.
            „Mi iza sebe ostavljamo ideološku raspravu o useljavanju koja je trajala 30 godina”, poručio je ministar
            rada aludirajući na dugogodišnje odbijanje političkih faktora u Nemačkoj da proglase državu useljeničkom,
            prenosi Tanjug.
            Ali, ovaj zakon koji tek treba da bude izglasan u Bundestagu može biti politički rizičan za konzervativce i
            socijaldemokrate, koji gube pristalice zbog odluke Angele Merkel da 2015. godine primi milion izbeglica,
            uglavnom iz Sirije i ostalih zemalja Bliskog istoka.
            Desničarska stranka Alternativa za Nemačku (AfD), koja je na više prethodnih pokrajinskih izbora preuzela
            glasače CDU, poručuje da će ovakav zakon ohrabriti migrante da dolaze u Nemačku u nadi da će naći posao.
            Novi propis o useljavanju će osobama kojima je odbijen zahtev za azil omogućiti da ostanu 30 meseci u zemlji
            ukoliko imaju posao i znaju jezik. Kako piše Rojters, u Nemačkoj za sada ima 180.000 takvih „tolerisanih”
            osoba, migranata kojima je azil odbijen, ali nisu deportovani.
            Ovim osobama, među kojima je i mnogo stanovnika zapadnog Balkana, uz određene uslove, poput poznavanja
            nemačkog jezika i dobre integracije na tržište rada, omogućiće se trajno zapošljavanje na temelju novog
            zakona o useljavanju.
            „Nemačka ima veoma otvoren sistem zapošljavanja za visoko kvalifikovanu radnu snagu izvan EU, ali prilično
            zatvoren za one koji imaju srednju stručnu spremu. Tako da ovaj zakon  rešava taj problem”, kaže za Rojters
            Tomas Libig, stručnjak za migracije Organizacije za ekonomsku saradnju i razvoj (OECD).
            Jedna od najvažnijih novina za buduće useljenike jeste ukidanje pravila po kojem strani radnik može biti
            zaposlen jedino ako poslodavac dokaže da za popunjavanje tog radnog mesta nije pronašao adekvatnog radnika
            iz Nemačke ili Evropske unije.
            Prema novom zakonu, gradovi i opštine imaće pravo da reaguju na kretanja na tržištu rada i, shodno
            potrebama, menjaju kriterijume za zapošljavanje radnika koji ne dolaze iz EU. Ono što u Nemačkoj nedostaje
            jesu ljudi sa srednjom stručnom spremom: medicinske sestre, bolničarke, negovatelji, vaspitačice,
            električari, stolari, zidari, zavarivači… Takva zanimanja pokrivaju 60 odsto nemačkog tržišta rada. Osim
            ovih zanatskih zanimanja, i nemački IT sektor vapi za novim ljudima, saopštila je federacija „Bitkom” koja
            okuplja nemačke firme iz oblasti informacionih tehnologija, broj upražnjenih radnih mesta se duplirao u
            odnosu na prošlu godinu i dostigao je broj od 82.000.
            Nemački ministar zdravstva Jens Špan je pozdravio pojačano useljavanje ljudi koji se bave negovateljstom i
            to, kako je precizirao, sa zapadnog Balkana. Podaci govore o tome da su u prethodnoj i ovoj godini iz Srbije
            najčešće bili traženi medicinski radnici i profesionalni vozači Ce kategorije, ali preciznih podataka o
            broju ljudi koji odlaze na rad u Nemačku nema, jer, kako kažu u ministarstvu, većina radnika posao pronalazi
            samoinicijativno.
        </article-text-transliterated>
    </article>
    <comments>
        <comments-count>61</comments-count>
        <comment-list>
            <comment comment-id="1">
                <comment-parent-id/>
                <comment-text>Софија каже да се становништво Албаније не рађа.Не знам откуд јој ти подаци.Циа фактбук на
                    интернету може видети свако .Тамо пише да се на 1000Срба рађа 7 а умире 13.За Албанију пише да се на
                    1000 рађа 13дакле дупло више него Срба.Аумире 7 опет скоро дупло мање него Срба.Али све и да је
                    тачно да се рађање Албанаца см ањује ,доћи ће нам онда Пакистанци-[Па ето весеља и наше и албанске
                    унуке рађаће лепе тамнопуте Пакистанчиће.Кад кажем лепе то мислим стварно.
                </comment-text>
                <comment-text-transliterated>Sofija kaže da se stanovništvo Albanije ne rađa.Ne znam otkud joj ti
                    podaci.Cia faktbuk na internetu može videti svako .Tamo piše da se na 1000Srba rađa 7 a umire 13.Za
                    Albaniju piše da se na 1000 rađa 13dakle duplo više nego Srba.Aumire 7 opet skoro duplo manje nego
                    Srba.Ali sve i da je tačno da se rađanje Albanaca sm anjuje ,doći će nam onda Pakistanci-[Pa eto
                    veselja i naše i albanske unuke rađaće lepe tamnopute Pakistančiće.Kad kažem lepe to mislim stvarno.
                </comment-text-transliterated>
            </comment>
            <comment comment-id="2">
                <comment-parent-id/>
                <comment-text>То да су Баварци (као и Каталонци), језички и историски, други народ, апсолутно је познато
                    сваком ко зна немачке прилике. Када Каталонија постане самостална, то ће бити образац по којем ће се
                    и у Баврској одвијати процес осамостаљења. Према последњој анкети, 32 % Бавараца се залаже за
                    самосталност покрајине, незадовољни својим економским и друштвеним положајем. А пре свега пар година
                    тек 21% је желео отцепљење......! Зато се Вебер нада да ће убрзо имати неопходну већину.Ипак, и ако
                    би Баварска партија успела да придобије већину, они тешко да могу да покрену референдум, јер Устав
                    Савезне Републике Немачке забрањује Баварској да се отцепи. Пунктум ! Дакле зашто би најуспешнија
                    немачка покрајина желела да изађ из немчког раја...ако није тачна анлиза Б. Рафаелхишеа !?
                </comment-text>
                <comment-text-transliterated>To da su Bavarci (kao i Katalonci), jezički i istoriski, drugi narod,
                    apsolutno je poznato svakom ko zna nemačke prilike. Kada Katalonija postane samostalna, to će biti
                    obrazac po kojem će se i u Bavrskoj odvijati proces osamostaljenja. Prema poslednjoj anketi, 32 %
                    Bavaraca se zalaže za samostalnost pokrajine, nezadovoljni svojim ekonomskim i društvenim položajem.
                    A pre svega par godina tek 21% je želeo otcepljenje......! Zato se Veber nada da će ubrzo imati
                    neophodnu većinu.Ipak, i ako bi Bavarska partija uspela da pridobije većinu, oni teško da mogu da
                    pokrenu referendum, jer Ustav Savezne Republike Nemačke zabranjuje Bavarskoj da se otcepi. Punktum !
                    Dakle zašto bi najuspešnija nemačka pokrajina želela da izađ iz nemčkog raja...ako nije tačna anliza
                    B. Rafaelhišea !?
                </comment-text-transliterated>
            </comment>
            <comment comment-id="3">
                <comment-parent-id/>
                <comment-text>Moj sin 22. god. trenutno radi kao monter grejanja i klimatizacije i zaradi za 176 sati
                    46000 din.+120 sati prekovremeno još 50000 din. Usput je i atestirani zavarivač TIG,MAG i REL sa
                    tifovim(TUV) atesti. Ovde mu je ok. Dobio je ponudu iz Nemačke za 2500 e neto + smeštaj+ viza +
                    prevoz do posla, hranu ima u krugu fabrike koju plaća. Trenutno mu rade papire i čeka da ode. Koji
                    gazda u Srbiji može da ga zadrži ? Za takve kvalifikacije nemci ne pitaju za cenu,plus njegova
                    mladost. Mi samo nemoćno gledamo kako se Srbija prazni.
                </comment-text>
                <comment-text-transliterated>Moj sin 22. god. trenutno radi kao monter grejanja i klimatizacije i zaradi
                    za 176 sati 46000 din.+120 sati prekovremeno još 50000 din. Usput je i atestirani zavarivač TIG,MAG
                    i REL sa tifovim(TUV) atesti. Ovde mu je ok. Dobio je ponudu iz Nemačke za 2500 e neto + smeštaj+
                    viza + prevoz do posla, hranu ima u krugu fabrike koju plaća. Trenutno mu rade papire i čeka da ode.
                    Koji gazda u Srbiji može da ga zadrži ? Za takve kvalifikacije nemci ne pitaju za cenu,plus njegova
                    mladost. Mi samo nemoćno gledamo kako se Srbija prazni.
                </comment-text-transliterated>
            </comment>
            <comment comment-id="3-1">
                <comment-parent-id>3</comment-parent-id>
                <comment-text>Sa takvim kvalifikacijama čovek otvori svoju firmu i zaradjuje koliko hoće i bez gazde.
                    Ali naši navikli na kamdžiju. Ne mogu bez gazde.
                </comment-text>
                <comment-text-transliterated>Sa takvim kvalifikacijama čovek otvori svoju firmu i zaradjuje koliko hoće
                    i bez gazde. Ali naši navikli na kamdžiju. Ne mogu bez gazde.
                </comment-text-transliterated>
            </comment>
            <comment comment-id="4">
                <comment-parent-id/>
                <comment-text>Драгијана; Сексуална револуцијa; Polo.... три карактеристична коментара од који трећи има
                    највише кликова. Док су прва два чињенична и аргуметована трећи је спин без мере и укуса.И баш он је
                    добио највећу подршку аудиторијума што значи да су посетиоци лаке жртве спина.А да је дотични имао
                    све то, што описује, био би један о 100.000 оних који иду у ЕУ рај и ни за живу главу не би оствљао
                    тај посао. Јер, ако нешто знаш и умеш, онда је то исплативо ма где да си, под условом да је земља
                    платежно способна. У земљи која је бомбардована, и упропашћена од НАТО агресора - инсталирањем 5.
                    колоне, Петог Октобра 2000-те као финала те агресије, нијемогуће очекивати чуда у догледно време!
                </comment-text>
                <comment-text-transliterated>Dragijana; Seksualna revolucija; Polo.... tri karakteristična komentara od
                    koji treći ima najviše klikova. Dok su prva dva činjenična i argumetovana treći je spin bez mere i
                    ukusa.I baš on je dobio najveću podršku auditorijuma što znači da su posetioci lake žrtve spina.A da
                    je dotični imao sve to, što opisuje, bio bi jedan o 100.000 onih koji idu u EU raj i ni za živu
                    glavu ne bi ostvljao taj posao. Jer, ako nešto znaš i umeš, onda je to isplativo ma gde da si, pod
                    uslovom da je zemlja platežno sposobna. U zemlji koja je bombardovana, i upropašćena od NATO
                    agresora - instaliranjem 5. kolone, Petog Oktobra 2000-te kao finala te agresije, nijemoguće
                    očekivati čuda u dogledno vreme!
                </comment-text-transliterated>
            </comment>
            <comment comment-id="4-1">
                <comment-parent-id>4</comment-parent-id>
                <comment-text>@Иван С. Белић ".........није могуће очекивати чуда у догледно време!" A moguce je i
                    prihvatljivo da Ministar u Vladi Srbije, bez dana radnog staza, covek koji je izbegao sluzenje
                    vojnog roka, postane ministar odbrane. Covek dobije poklon od "tetke iz Kanade" (uzgred strani
                    drzavljanin daje poklon ministru odbrane) i kupi stan od 200.000 eura. Svi u Srbiji znamo sta je
                    istina ali niko mu nista ne moze. I ko je sada 5 kolona i ko zapravo urusava drzavu i tera ljude
                    odavde? Soros mozda? Dok se vi budete osvestili nece ostati niko ni da vam sijalicu zameni i ugasi
                    svetlo.
                </comment-text>
                <comment-text-transliterated>@Ivan S. Belić ".........nije moguće očekivati čuda u dogledno vreme!" A
                    moguce je i prihvatljivo da Ministar u Vladi Srbije, bez dana radnog staza, covek koji je izbegao
                    sluzenje vojnog roka, postane ministar odbrane. Covek dobije poklon od "tetke iz Kanade" (uzgred
                    strani drzavljanin daje poklon ministru odbrane) i kupi stan od 200.000 eura. Svi u Srbiji znamo sta
                    je istina ali niko mu nista ne moze. I ko je sada 5 kolona i ko zapravo urusava drzavu i tera ljude
                    odavde? Soros mozda? Dok se vi budete osvestili nece ostati niko ni da vam sijalicu zameni i ugasi
                    svetlo.
                </comment-text-transliterated>
            </comment>
            <comment comment-id="5">
                <comment-parent-id/>
                <comment-text>Treba im bela rasa. Uspostavimo zdravu ekonomiju, okrenimo se drugim partnerima (izvan
                    EU), ukinimo partijsku drzavu i obnovimo drzavnu administraciju da bude prozeta zdravim vrenostima i
                    okrenuta gradjanima Srbije, narodu Srbije i prosperitetu (umesto sorosevskih kadrova-USAiD i
                    "globalista" isl.) . Omogucimo dijaspori da ucestvuje u vlasti, da se vrati, da se pita i da moze da
                    ulaze i osnujmo Srpsku razvojnu banku. Da ponistimo sve stetne medjunarodne ugovore.
                </comment-text>
                <comment-text-transliterated>Treba im bela rasa. Uspostavimo zdravu ekonomiju, okrenimo se drugim
                    partnerima (izvan EU), ukinimo partijsku drzavu i obnovimo drzavnu administraciju da bude prozeta
                    zdravim vrenostima i okrenuta gradjanima Srbije, narodu Srbije i prosperitetu (umesto sorosevskih
                    kadrova-USAiD i "globalista" isl.) . Omogucimo dijaspori da ucestvuje u vlasti, da se vrati, da se
                    pita i da moze da ulaze i osnujmo Srpsku razvojnu banku. Da ponistimo sve stetne medjunarodne
                    ugovore.
                </comment-text-transliterated>
            </comment>
            <comment comment-id="6">
                <comment-parent-id/>
                <comment-text>Srbija da vrati pod hitno vize za sve gradjane EU . Da bi se zaustavio odliv nasih
                    skolovanih ljudi ! Jedna mera za pocetak pa da vidimo kakav efekat daje..... Najbolje bi bilo da se
                    stavi zabrana zaposljavanja gradjana Srbije u EU.
                </comment-text>
                <comment-text-transliterated>Srbija da vrati pod hitno vize za sve gradjane EU . Da bi se zaustavio
                    odliv nasih skolovanih ljudi ! Jedna mera za pocetak pa da vidimo kakav efekat daje..... Najbolje bi
                    bilo da se stavi zabrana zaposljavanja gradjana Srbije u EU.
                </comment-text-transliterated>
            </comment>
            <comment comment-id="6-1">
                <comment-parent-id>6</comment-parent-id>
                <comment-text>I da se istovremeno donese zabrana zaposljavanja po partijskim linijama i izvsi
                    departizacija nase drzave. Tada ce mere dati rezultate.
                </comment-text>
                <comment-text-transliterated>I da se istovremeno donese zabrana zaposljavanja po partijskim linijama i
                    izvsi departizacija nase drzave. Tada ce mere dati rezultate.
                </comment-text-transliterated>
            </comment>
            <comment comment-id="7">
                <comment-parent-id/>
                <comment-text>Nije problem sto Nemacka otvara granice vec je problem zasto ljudi, zasto stanovnici
                    Srbije hoce da napuste svoju domovinu, svoju zemlju, svoj narod i prijatelje i odu na rad u Nemacku.
                    Sta je to toliko lose u nasoj zemlji zbog cega su ljudi u stanju da je napuste. Novac, male plate?
                    Male plate su jedan od razloga zasto ljudi odlaze ali svakako nije jedini i nije odlucujujuci.
                    Korpucija, nepotizam, kriminal, odsustvo perspektive, partijska drzava, nekultura na svakom koraku,
                    elementarno nepostovanje pravila, javasluk..... su svakako samo od nekih raloga, koji su svi zajedno
                    daleko znacajniji razlog za odlazak, nego novac i male plate. A Srbi umesto da se bave sobom i kako
                    svoju domovinu da urede da im bude lepo i da ljudi ne odlaze odavde, bave se tudjim drzavama i tudje
                    drzave proklinju zasto im narod bezi iz njihove.
                </comment-text>
                <comment-text-transliterated>Nije problem sto Nemacka otvara granice vec je problem zasto ljudi, zasto
                    stanovnici Srbije hoce da napuste svoju domovinu, svoju zemlju, svoj narod i prijatelje i odu na rad
                    u Nemacku. Sta je to toliko lose u nasoj zemlji zbog cega su ljudi u stanju da je napuste. Novac,
                    male plate? Male plate su jedan od razloga zasto ljudi odlaze ali svakako nije jedini i nije
                    odlucujujuci. Korpucija, nepotizam, kriminal, odsustvo perspektive, partijska drzava, nekultura na
                    svakom koraku, elementarno nepostovanje pravila, javasluk..... su svakako samo od nekih raloga, koji
                    su svi zajedno daleko znacajniji razlog za odlazak, nego novac i male plate. A Srbi umesto da se
                    bave sobom i kako svoju domovinu da urede da im bude lepo i da ljudi ne odlaze odavde, bave se
                    tudjim drzavama i tudje drzave proklinju zasto im narod bezi iz njihove.
                </comment-text-transliterated>
            </comment>
            <comment comment-id="7-1">
                <comment-parent-id>7</comment-parent-id>
                <comment-text>Boško zaboravio si ono glavno, a to je svakodnevno vređanje inteligencije mladih ljudi od
                    strane prorežimskih medija. Za ostalo se uglavnom slažem sa tobom.
                </comment-text>
                <comment-text-transliterated>Boško zaboravio si ono glavno, a to je svakodnevno vređanje inteligencije
                    mladih ljudi od strane prorežimskih medija. Za ostalo se uglavnom slažem sa tobom.
                </comment-text-transliterated>
            </comment>
            <comment comment-id="8">
                <comment-parent-id/>
                <comment-text>Не разумеm зашто нисте објавили коментaр који вам је прослеђен он никога не вређа. Он само
                    показује истину да се сви, буквални сви, грађански оријентисани људи биолошки не обнављају.
                    Обнављају се и увећавају само религиозни фундаменталисти:мормони,пентекостралци, муслимани, Јевреји
                    хасиди...- Прaтите мало заједницу владике Артемија, ви сте писали да кад га је Теодсосије сменио и
                    отпустио његове вероучитеље да је сваки од њих имао по четвиоро- петоро деце. И нико Србе не може
                    натерати да постану фундфамнеталисти. на то их не терам ни јаАли је сигурно да, ко то не постану, да
                    ће нестати
                </comment-text>
                <comment-text-transliterated>Ne razumem zašto niste objavili komentar koji vam je prosleđen on nikoga ne
                    vređa. On samo pokazuje istinu da se svi, bukvalni svi, građanski orijentisani ljudi biološki ne
                    obnavljaju. Obnavljaju se i uvećavaju samo religiozni fundamentalisti:mormoni,pentekostralci,
                    muslimani, Jevreji hasidi...- Pratite malo zajednicu vladike Artemija, vi ste pisali da kad ga je
                    Teodsosije smenio i otpustio njegove veroučitelje da je svaki od njih imao po četvioro- petoro dece.
                    I niko Srbe ne može naterati da postanu fundfamnetalisti. na to ih ne teram ni jaAli je sigurno da,
                    ko to ne postanu, da će nestati
                </comment-text-transliterated>
            </comment>
            <comment comment-id="9">
                <comment-parent-id/>
                <comment-text>Ne cekaju oni samo srbe, citava istocna evropa i jos citav siromasan i ubog narodiz
                    citavog sveta ceka ovo. Mozete misliti kakva ce papazjanija u germaniji da sedesi. Ako je hitler
                    unistio nemacku merkelova ce da je dokusuri. Pozivam vas sve da odmah kupite kartu u jednom pravcu
                    pa kada dodjete ovamoonda pljujte po svojoj drzavi, nemojte pljuvati po sebi unapred. Verujte mi
                    ovdeeuri o dracama vise, sve je bolje samo pozurite dok nisu stigli ovi iz Afrike.
                </comment-text>
                <comment-text-transliterated>Ne cekaju oni samo srbe, citava istocna evropa i jos citav siromasan i ubog
                    narodiz citavog sveta ceka ovo. Mozete misliti kakva ce papazjanija u germaniji da sedesi. Ako je
                    hitler unistio nemacku merkelova ce da je dokusuri. Pozivam vas sve da odmah kupite kartu u jednom
                    pravcu pa kada dodjete ovamoonda pljujte po svojoj drzavi, nemojte pljuvati po sebi unapred. Verujte
                    mi ovdeeuri o dracama vise, sve je bolje samo pozurite dok nisu stigli ovi iz Afrike.
                </comment-text-transliterated>
            </comment>
            <comment comment-id="10">
                <comment-parent-id/>
                <comment-text>Srbin treba u Nemackoj da radi ono sto Nemac nece.Lose,teske i prljave poslove,a za male
                    pare.Za gastarbajtere Nemacka danas nije ono sto je bila sedamdesetih godina.Svako neka dodje i
                    vidi.Znali iko sta recimo znaci rad u starackom domu pod Nemackom kandzijom za 1300 evra.
                </comment-text>
                <comment-text-transliterated>Srbin treba u Nemackoj da radi ono sto Nemac nece.Lose,teske i prljave
                    poslove,a za male pare.Za gastarbajtere Nemacka danas nije ono sto je bila sedamdesetih godina.Svako
                    neka dodje i vidi.Znali iko sta recimo znaci rad u starackom domu pod Nemackom kandzijom za 1300
                    evra.
                </comment-text-transliterated>
            </comment>
            <comment comment-id="10-1">
                <comment-parent-id>10</comment-parent-id>
                <comment-text>A u našem staračkom domu se radi to isto za 200 evra. Pod srpskom kamdžijom.
                </comment-text>
                <comment-text-transliterated>A u našem staračkom domu se radi to isto za 200 evra. Pod srpskom
                    kamdžijom.
                </comment-text-transliterated>
            </comment>
            <comment comment-id="10-2">
                <comment-parent-id>10</comment-parent-id>
                <comment-text>Bobo, ono "pod Nemackom kandzijom" Vam je izuzetno zlonamerno! I sam sa u Nemackoj i znam
                    sta se trazi: rad, zalaganje, identifikacija sa firmom, strucnost i znanje (bez obzira koji je posao
                    u pitanju), iskrenost i opet rad. Radna disciplina je to dragi moj a ne "kandzija". Dok to smatramo
                    "kandzijom" imacemo privrdnih problema.
                </comment-text>
                <comment-text-transliterated>Bobo, ono "pod Nemackom kandzijom" Vam je izuzetno zlonamerno! I sam sa u
                    Nemackoj i znam sta se trazi: rad, zalaganje, identifikacija sa firmom, strucnost i znanje (bez
                    obzira koji je posao u pitanju), iskrenost i opet rad. Radna disciplina je to dragi moj a ne
                    "kandzija". Dok to smatramo "kandzijom" imacemo privrdnih problema.
                </comment-text-transliterated>
            </comment>
            <comment comment-id="11">
                <comment-parent-id/>
                <comment-text>Kada ce Nemacka shvatiti da migranti, islamske veroispovesti, ne zele da budu Nemci !
                    Njihov nacin zivota je inkompatabilan sa evropskim, njihove medjuljudske odnose uredjuje
                    serijat....prosto je neverovatno da je Evropa usudila sebe na smrt.
                </comment-text>
                <comment-text-transliterated>Kada ce Nemacka shvatiti da migranti, islamske veroispovesti, ne zele da
                    budu Nemci ! Njihov nacin zivota je inkompatabilan sa evropskim, njihove medjuljudske odnose
                    uredjuje serijat....prosto je neverovatno da je Evropa usudila sebe na smrt.
                </comment-text-transliterated>
            </comment>
            <comment comment-id="11-1">
                <comment-parent-id>11</comment-parent-id>
                <comment-text>Moj sin kad je popunjavao upitnik za rad, bile su dve obavezne stavke, nacionalnost i
                    veroispovest. Napisao je Srbin-hrišćanin. Švaba je rekao samo gut i nasmejao se.
                </comment-text>
                <comment-text-transliterated>Moj sin kad je popunjavao upitnik za rad, bile su dve obavezne stavke,
                    nacionalnost i veroispovest. Napisao je Srbin-hrišćanin. Švaba je rekao samo gut i nasmejao se.
                </comment-text-transliterated>
            </comment>
            <comment comment-id="11-2">
                <comment-parent-id>11</comment-parent-id>
                <comment-text>Izgleda da je nemacka shvatila. Nemci jedno pricaju drugo rade -2015 primili milion i
                    nesto migranta sa bliskog istoka - pa se pokazalo neupotrebljivo cim im sada treba hitno 1,2 milion
                    radnika i to sa Balkana.
                </comment-text>
                <comment-text-transliterated>Izgleda da je nemacka shvatila. Nemci jedno pricaju drugo rade -2015
                    primili milion i nesto migranta sa bliskog istoka - pa se pokazalo neupotrebljivo cim im sada treba
                    hitno 1,2 milion radnika i to sa Balkana.
                </comment-text-transliterated>
            </comment>
            <comment comment-id="11-3">
                <comment-parent-id>11</comment-parent-id>
                <comment-text>Miki, nazalost ste SASVIM U PRAVU!</comment-text>
                <comment-text-transliterated>Miki, nazalost ste SASVIM U PRAVU!</comment-text-transliterated>
            </comment>
            <comment comment-id="12">
                <comment-parent-id/>
                <comment-text>Ovaj zakon je dobar za nemce a izuzetno los za nasu siromasnu zemlju Srbiju.Vidimo da ce
                    nam mladost pobeci bez obzira bili ili ne bili u EU-ji.Otici ce i mladi bez zanata koji ce za
                    nekoliko mesecoi savladati bilo koji potrebni zanat Nemcima.Bolji zivot i jednake sanse za sve,koje
                    nude Nemci su izvanredan stimulans za propale studente da postanu stolari,konobari,kuvari....u
                    kratkom roku.Ne zaboravimo(nazalost)bolje je u Nemackoj tanjire prati nego u Beogradu besciljno i
                    bezperspektivno zvrjati.Mi moramo nesto da preduzmemo pre nego sto nam se isprazni zemlja.Jer ce kod
                    nas biti vakum (praznina)sve do 2030-35.godine.Kada ce i ono malo preteklih ostariti i dotle podici
                    zemlju na nivou danasnje Slovacke.Onda cemo mi morati uvesti radnu snagu iz roga Afrike,daleke Azije
                    i Juzne Amerike....Jer se niko nece vratiti iz Evrope.Zabrane i kontra zakoni ne pomazu.Pomaze samo
                    stimulans za opstanak.To je kreiranje radnih mesta ili davanje minimalne plate svim
                    nezaposlenima,dok ne nadju posao!!!
                </comment-text>
                <comment-text-transliterated>Ovaj zakon je dobar za nemce a izuzetno los za nasu siromasnu zemlju
                    Srbiju.Vidimo da ce nam mladost pobeci bez obzira bili ili ne bili u EU-ji.Otici ce i mladi bez
                    zanata koji ce za nekoliko mesecoi savladati bilo koji potrebni zanat Nemcima.Bolji zivot i jednake
                    sanse za sve,koje nude Nemci su izvanredan stimulans za propale studente da postanu
                    stolari,konobari,kuvari....u kratkom roku.Ne zaboravimo(nazalost)bolje je u Nemackoj tanjire prati
                    nego u Beogradu besciljno i bezperspektivno zvrjati.Mi moramo nesto da preduzmemo pre nego sto nam
                    se isprazni zemlja.Jer ce kod nas biti vakum (praznina)sve do 2030-35.godine.Kada ce i ono malo
                    preteklih ostariti i dotle podici zemlju na nivou danasnje Slovacke.Onda cemo mi morati uvesti radnu
                    snagu iz roga Afrike,daleke Azije i Juzne Amerike....Jer se niko nece vratiti iz Evrope.Zabrane i
                    kontra zakoni ne pomazu.Pomaze samo stimulans za opstanak.To je kreiranje radnih mesta ili davanje
                    minimalne plate svim nezaposlenima,dok ne nadju posao!!!
                </comment-text-transliterated>
            </comment>
            <comment comment-id="12-1">
                <comment-parent-id>12</comment-parent-id>
                <comment-text>Ништа ти не брини вратиће се, и тек како ће се вратити. Они тамо НИКАД, али НИКАД неће
                    успети да купе некретнину. То је сан за 50% Немаца, а не Срба који ће тек видети шта значи имати
                    своју домовину. Многи од њих штеде да купе некретнину у Србији јер шок настаје после 6месеци у
                    Германији. Није лоше идите тамо па штедите и донесите кући. Погледајте само гужве од Беча до
                    Будимпеште, иду Срби кући.
                </comment-text>
                <comment-text-transliterated>Ništa ti ne brini vratiće se, i tek kako će se vratiti. Oni tamo NIKAD, ali
                    NIKAD neće uspeti da kupe nekretninu. To je san za 50% Nemaca, a ne Srba koji će tek videti šta
                    znači imati svoju domovinu. Mnogi od njih štede da kupe nekretninu u Srbiji jer šok nastaje posle
                    6meseci u Germaniji. Nije loše idite tamo pa štedite i donesite kući. Pogledajte samo gužve od Beča
                    do Budimpešte, idu Srbi kući.
                </comment-text-transliterated>
            </comment>
            <comment comment-id="13">
                <comment-parent-id/>
                <comment-text>Ovaj Zapad nekako da propadne!Kako je to moguce kad sve nase "strucne" analize i nasi
                    "neoborivi" argumenti , vec 60 godina predvidjaju suprotno?!Ocekujem nekakvo objasnjenje od nasih
                    vajnih stucnjaka jer sam bas zbunjen ...
                </comment-text>
                <comment-text-transliterated>Ovaj Zapad nekako da propadne!Kako je to moguce kad sve nase "strucne"
                    analize i nasi "neoborivi" argumenti , vec 60 godina predvidjaju suprotno?!Ocekujem nekakvo
                    objasnjenje od nasih vajnih stucnjaka jer sam bas zbunjen ...
                </comment-text-transliterated>
            </comment>
            <comment comment-id="14">
                <comment-parent-id/>
                <comment-text>Kako stvari u izgledu stoje i "motacnice" su u opasnosti da ostanu bez motaca.
                </comment-text>
                <comment-text-transliterated>Kako stvari u izgledu stoje i "motacnice" su u opasnosti da ostanu bez
                    motaca.
                </comment-text-transliterated>
            </comment>
            <comment comment-id="15">
                <comment-parent-id/>
                <comment-text>...bogme im fale i kuvari, konobari, šefovi kuhinja i menadžeri restorana za njihovo
                    ugostiteljstvo u funkciji prehrane stanovništva bezbednom i zdravom hranom ali i turizma, kako u
                    gradovima tako i na jezerima, banjama...Njihovi najbolji kadrovi, naročito šefovi kuhinja i
                    menadžeri restorana, su preplavili elitne hotele širom sveta. Eto prilike za naše Balkance da steknu
                    odgovarajuću stručnost kod nas, pa da nastave razvoj svoje karijere u Nemačkoj tako da se i oni
                    pridruže Nemcima po svetu. Nije važno ko je koje nacije, vere, boje kože...nego da li zna da radi
                    ili ne? Nemačko znanje i iskustvo ih čini kao Nemce. Čestitam Frau Merkel što je od Nemačke
                    napravaila useljeničku zemlju. Nacionalne (nacionalističke) monokulture imaju ograničenu budućnost,
                    dok raznolike kulture proizvode bogatstvo. Malo li je?
                </comment-text>
                <comment-text-transliterated>...bogme im fale i kuvari, konobari, šefovi kuhinja i menadžeri restorana
                    za njihovo ugostiteljstvo u funkciji prehrane stanovništva bezbednom i zdravom hranom ali i turizma,
                    kako u gradovima tako i na jezerima, banjama...Njihovi najbolji kadrovi, naročito šefovi kuhinja i
                    menadžeri restorana, su preplavili elitne hotele širom sveta. Eto prilike za naše Balkance da steknu
                    odgovarajuću stručnost kod nas, pa da nastave razvoj svoje karijere u Nemačkoj tako da se i oni
                    pridruže Nemcima po svetu. Nije važno ko je koje nacije, vere, boje kože...nego da li zna da radi
                    ili ne? Nemačko znanje i iskustvo ih čini kao Nemce. Čestitam Frau Merkel što je od Nemačke
                    napravaila useljeničku zemlju. Nacionalne (nacionalističke) monokulture imaju ograničenu budućnost,
                    dok raznolike kulture proizvode bogatstvo. Malo li je?
                </comment-text-transliterated>
            </comment>
            <comment comment-id="15-1">
                <comment-parent-id>15</comment-parent-id>
                <comment-text>Prve generacije su žrtve. Rade na najslabije plćenim poslovima, od jutra do sutra, i
                    nemaju vremena da se obrazuju. Druga generacija su pravi pravcati Kanađani, Amerikanci,
                    Australijanci...i uskoro i Nemci. Tako je kako je od kad je veka i sveta. A šta mi sa brdovitog
                    Balkana možemo da uradimo za te heroje rada koji su obično amortizovani jeste da im omogućimo da u
                    našim hotelima u banjama i na planinama, za male pare, omogućimo boravak radi lečenja od prekomerne
                    gojaznosti hranom kao lek po Hipokratovom načelu. Malo li je?
                </comment-text>
                <comment-text-transliterated>Prve generacije su žrtve. Rade na najslabije plćenim poslovima, od jutra do
                    sutra, i nemaju vremena da se obrazuju. Druga generacija su pravi pravcati Kanađani, Amerikanci,
                    Australijanci...i uskoro i Nemci. Tako je kako je od kad je veka i sveta. A šta mi sa brdovitog
                    Balkana možemo da uradimo za te heroje rada koji su obično amortizovani jeste da im omogućimo da u
                    našim hotelima u banjama i na planinama, za male pare, omogućimo boravak radi lečenja od prekomerne
                    gojaznosti hranom kao lek po Hipokratovom načelu. Malo li je?
                </comment-text-transliterated>
            </comment>
            <comment comment-id="15-2">
                <comment-parent-id>15</comment-parent-id>
                <comment-text>Da raznolike kulture proizvode bogatstvo.. da , medjutim, kad "uvezene" kulture ne
                    uspevaju, a u (suvise) velikom broju "slucajeva" uopste nemaju nameru da se integtrisu u prilagode
                    zemlji domacinu, onda nastaje veliki problem. Zemlje koje dozvoljavaju i podsticu imigraciju, ne
                    rade to da bi sebi naudili i da bi izgubili svoj identite, vec su toliko razvijene da im treba vise
                    radnika (ne u svim zanimanjima !) nego sto trenutno imaju. E, sad ako su te imigracione zemlje
                    nedovoljno mudre i dopustaju stvaranje paralelnih drustava na svom tlu onda to ne moze da izadje na
                    dobro
                </comment-text>
                <comment-text-transliterated>Da raznolike kulture proizvode bogatstvo.. da , medjutim, kad "uvezene"
                    kulture ne uspevaju, a u (suvise) velikom broju "slucajeva" uopste nemaju nameru da se integtrisu u
                    prilagode zemlji domacinu, onda nastaje veliki problem. Zemlje koje dozvoljavaju i podsticu
                    imigraciju, ne rade to da bi sebi naudili i da bi izgubili svoj identite, vec su toliko razvijene da
                    im treba vise radnika (ne u svim zanimanjima !) nego sto trenutno imaju. E, sad ako su te
                    imigracione zemlje nedovoljno mudre i dopustaju stvaranje paralelnih drustava na svom tlu onda to ne
                    moze da izadje na dobro
                </comment-text-transliterated>
            </comment>
            <comment comment-id="16">
                <comment-parent-id/>
                <comment-text>@Dobitnik tranzicije: Sad si napisao suštinu onoga zbog čega je Jugoslavija propala kao
                    koncept. Zbog sitnih, neostvarenih ljudskih karaktera kakav je tvoj i, paralelno s tvojim, nekih
                    neandertalaca u bivšim nam republikama. Nacije i rase su za vekovima iza nas. To postaje očigledno
                    svakome ko je kupio avio kartu u poslednjih desetak godina da prošetao van svog sela. Sve se meša i
                    to u ekonomski najuspešnijim zemljama. Bitno je da je Švedskoj ili Nemačkoj: a) zakon jednak za sve,
                    b) da svi plaćaju porez i c) da se novac od poreza namenski troši. I tako, moj "dobitniče
                    tranzicije" budi srećan u svojoj čistoj rasi i Srbadiji, u zemlji gde se nijedna od navedenih bitnih
                    stvari ne poštuje. Živeli! (PS: upravo ti je aerodrom "prodat" Francuzima, kupio ga Tigana).
                </comment-text>
                <comment-text-transliterated>@Dobitnik tranzicije: Sad si napisao suštinu onoga zbog čega je Jugoslavija
                    propala kao koncept. Zbog sitnih, neostvarenih ljudskih karaktera kakav je tvoj i, paralelno s
                    tvojim, nekih neandertalaca u bivšim nam republikama. Nacije i rase su za vekovima iza nas. To
                    postaje očigledno svakome ko je kupio avio kartu u poslednjih desetak godina da prošetao van svog
                    sela. Sve se meša i to u ekonomski najuspešnijim zemljama. Bitno je da je Švedskoj ili Nemačkoj: a)
                    zakon jednak za sve, b) da svi plaćaju porez i c) da se novac od poreza namenski troši. I tako, moj
                    "dobitniče tranzicije" budi srećan u svojoj čistoj rasi i Srbadiji, u zemlji gde se nijedna od
                    navedenih bitnih stvari ne poštuje. Živeli! (PS: upravo ti je aerodrom "prodat" Francuzima, kupio ga
                    Tigana).
                </comment-text-transliterated>
            </comment>
            <comment comment-id="16-1">
                <comment-parent-id>16</comment-parent-id>
                <comment-text>@Jovan Z.:Tapnuo sam ono "Preporučujem" samo jednom (!) a brojač poentirao dva poena!
                    Izgleda da su i mašine počele da razmišljaju svojim glavama! Najžalosnije od svega je spoznaja
                    koliko, čak i obrazovani ljudi, mogu biti... neću dalje jer me neće objaviti. U svakom slučaju,
                    bravo za komentar!
                </comment-text>
                <comment-text-transliterated>@Jovan Z.:Tapnuo sam ono "Preporučujem" samo jednom (!) a brojač poentirao
                    dva poena! Izgleda da su i mašine počele da razmišljaju svojim glavama! Najžalosnije od svega je
                    spoznaja koliko, čak i obrazovani ljudi, mogu biti... neću dalje jer me neće objaviti. U svakom
                    slučaju, bravo za komentar!
                </comment-text-transliterated>
            </comment>
            <comment comment-id="17">
                <comment-parent-id/>
                <comment-text>Komentari većinom kao da živimo u Švajcarskoj a ne na divljem zapadu, što Srbija nažalost
                    jeste. Plate mizerne, penzioneri jedva preživljavaju, zdravstvo ruina, školstvo u raspadu, narod
                    neprosvećen u najmanju ruku, političari rade direktno protiv zemlje i građana...Što je najgore nema
                    vladavine prava a bez toga nema države. Jer čemu država ako zakoni ne važe za sve? I onda kada odu i
                    oni ostali koji vrede nešto, jer su najbolji već otišli, drugi će nam biti krivi. Beznadežni smo i
                    zato ljudi odlaze i tek će.
                </comment-text>
                <comment-text-transliterated>Komentari većinom kao da živimo u Švajcarskoj a ne na divljem zapadu, što
                    Srbija nažalost jeste. Plate mizerne, penzioneri jedva preživljavaju, zdravstvo ruina, školstvo u
                    raspadu, narod neprosvećen u najmanju ruku, političari rade direktno protiv zemlje i građana...Što
                    je najgore nema vladavine prava a bez toga nema države. Jer čemu država ako zakoni ne važe za sve? I
                    onda kada odu i oni ostali koji vrede nešto, jer su najbolji već otišli, drugi će nam biti krivi.
                    Beznadežni smo i zato ljudi odlaze i tek će.
                </comment-text-transliterated>
            </comment>
            <comment comment-id="18">
                <comment-parent-id/>
                <comment-text>Da li to znači da od tog momenta Srbija postaje iseljenička država? Čini mi se da i to
                    zajedno sa Kosovom, odnosno Albancima. I tada će trajati pregovori za nenaseljeno Kosovo. Ostaće
                    samo baza Bondstil!
                </comment-text>
                <comment-text-transliterated>Da li to znači da od tog momenta Srbija postaje iseljenička država? Čini mi
                    se da i to zajedno sa Kosovom, odnosno Albancima. I tada će trajati pregovori za nenaseljeno Kosovo.
                    Ostaće samo baza Bondstil!
                </comment-text-transliterated>
            </comment>
            <comment comment-id="19">
                <comment-parent-id/>
                <comment-text>Где су сад они који кажу како ће се парама дићи наталитет. Што га не дигну Немци. Ако
                    хоћемо да преживом као нација морамо развијати правосласвни фундаментализам. Религиозни немају секс
                    пре брака. Кад се ожене жене се рано јер је то једини начин да задовоље сексуалне потребе. Због тога
                    се жене млади. Резулата је да се всаке године рађа једно ново дете. И то за десет бгодина било би
                    дест пута више Срба. Ако не бићемо муслиманска Албанија а ћерке ће нам свеједно бити у харемима као
                    хануме
                </comment-text>
                <comment-text-transliterated>Gde su sad oni koji kažu kako će se parama dići natalitet. Što ga ne dignu
                    Nemci. Ako hoćemo da preživom kao nacija moramo razvijati pravoslasvni fundamentalizam. Religiozni
                    nemaju seks pre braka. Kad se ožene žene se rano jer je to jedini način da zadovolje seksualne
                    potrebe. Zbog toga se žene mladi. Rezulata je da se vsake godine rađa jedno novo dete. I to za deset
                    bgodina bilo bi dest puta više Srba. Ako ne bićemo muslimanska Albanija a ćerke će nam svejedno biti
                    u haremima kao hanume
                </comment-text-transliterated>
            </comment>
            <comment comment-id="19-1">
                <comment-parent-id>19</comment-parent-id>
                <comment-text>Dragijana@Albanci su i u Albaniji i na Kosovu usli u demografsku tranziciju. Sve je manje
                    porodica sa vise od dvoje dece, nema opasnosti da se oni prosire po osnovi nataliteta.
                </comment-text>
                <comment-text-transliterated>Dragijana@Albanci su i u Albaniji i na Kosovu usli u demografsku
                    tranziciju. Sve je manje porodica sa vise od dvoje dece, nema opasnosti da se oni prosire po osnovi
                    nataliteta.
                </comment-text-transliterated>
            </comment>
            <comment comment-id="19-2">
                <comment-parent-id>19</comment-parent-id>
                <comment-text>@Драгијана,Апсолутно сте у праву. Пропагирана је инаугурисана седамдесетих година тзв
                    сексуална револуција (знате оно, лако одлажење у кревет), а главни инструмент су била средства за
                    контрацепцију, која су ослобађала бриге од трудноће, и изнад свега америчке серије и филмови у
                    којима се навелико сугерисао секс, брачне преваре, и разбијање светиње брака. Данас се то наставља
                    такозваним женским правима, сигурним кућама, такозваним насиљем у породици, стимулисањем ЛБГТ
                    покрета, уз огромну помоћ медија, а наивни и кратковиди то прихватају и гурају себе у пропаст. Кад
                    се томе успротиви црква или неко други, онда на њих крене лавина измишљених оптужби, итд. А државе,
                    одговорне за свој народ, нема.
                </comment-text>
                <comment-text-transliterated>@Dragijana,Apsolutno ste u pravu. Propagirana je inaugurisana sedamdesetih
                    godina tzv seksualna revolucija (znate ono, lako odlaženje u krevet), a glavni instrument su bila
                    sredstva za kontracepciju, koja su oslobađala brige od trudnoće, i iznad svega američke serije i
                    filmovi u kojima se naveliko sugerisao seks, bračne prevare, i razbijanje svetinje braka. Danas se
                    to nastavlja takozvanim ženskim pravima, sigurnim kućama, takozvanim nasiljem u porodici,
                    stimulisanjem LBGT pokreta, uz ogromnu pomoć medija, a naivni i kratkovidi to prihvataju i guraju
                    sebe u propast. Kad se tome usprotivi crkva ili neko drugi, onda na njih krene lavina izmišljenih
                    optužbi, itd. A države, odgovorne za svoj narod, nema.
                </comment-text-transliterated>
            </comment>
            <comment comment-id="20">
                <comment-parent-id/>
                <comment-text>Ovima koji komentarišu kako zapad iskorišćava Srbiju ili kako je Srb plaćala školovanje a
                    Nemačka uzme korist... Moj primer, završio 4 godine fakultet i 2 god Master's u SAD, plaćeno 100% od
                    strane Amerikanaca uključujući i životne troškove, 6 godina po oko $60,000 godišnje. Niko mi nije
                    tražio da ostajem u SAD niti tražio bilo šta zauzvrat. U Srb niko nije hteo ni da me pogleda, i da
                    sam hteo da se vratim, sve sami amateri zauzeli sve pozicije, oni i njihova radbina, kumovi isl. U
                    svim drugim zemljama u Evropi, Kini, Kanadi i SAD su se otimali i dočekivali sa crvenim tepihom,
                    takmičili se ko će da da bolju ponudu od prethodnog. Nemojte molim vas da vređate naše mlade i
                    pametne, znaju oni kome i šta duguju a kome ne, i sigurno znaju ko ih gde i kako ceni. U Srbiji,
                    teško iko osim njihovih očeva i majki.
                </comment-text>
                <comment-text-transliterated>Ovima koji komentarišu kako zapad iskorišćava Srbiju ili kako je Srb
                    plaćala školovanje a Nemačka uzme korist... Moj primer, završio 4 godine fakultet i 2 god Master's u
                    SAD, plaćeno 100% od strane Amerikanaca uključujući i životne troškove, 6 godina po oko $60,000
                    godišnje. Niko mi nije tražio da ostajem u SAD niti tražio bilo šta zauzvrat. U Srb niko nije hteo
                    ni da me pogleda, i da sam hteo da se vratim, sve sami amateri zauzeli sve pozicije, oni i njihova
                    radbina, kumovi isl. U svim drugim zemljama u Evropi, Kini, Kanadi i SAD su se otimali i dočekivali
                    sa crvenim tepihom, takmičili se ko će da da bolju ponudu od prethodnog. Nemojte molim vas da
                    vređate naše mlade i pametne, znaju oni kome i šta duguju a kome ne, i sigurno znaju ko ih gde i
                    kako ceni. U Srbiji, teško iko osim njihovih očeva i majki.
                </comment-text-transliterated>
            </comment>
            <comment comment-id="21">
                <comment-parent-id/>
                <comment-text>Kada se sve sagleda, tužna je sudbina tog nemačkog naroda i pored svih novaca i bogatstava
                    koje imaju. Pre samo 80 godina su se smatrali nadljudskom rasom koja je predodređena da vlada nad
                    nižim narodima i rasama, da bi danas bili na dobrom putu da odumru i da budu pregaženi od strane
                    onih koje su prezirali. I to sve dobrovoljno, bez ijednog ispaljenog metka. Nemce će kao germanski
                    narod na njihovoj vlastitoj zemlji zameniti mešavina Balkanaca, Rusa, Poljaka, Turaka, crnaca i
                    Arapa. Bolje biti i siromašan ali opstati na svojoj zemlji i sa svojim narodom.
                </comment-text>
                <comment-text-transliterated>Kada se sve sagleda, tužna je sudbina tog nemačkog naroda i pored svih
                    novaca i bogatstava koje imaju. Pre samo 80 godina su se smatrali nadljudskom rasom koja je
                    predodređena da vlada nad nižim narodima i rasama, da bi danas bili na dobrom putu da odumru i da
                    budu pregaženi od strane onih koje su prezirali. I to sve dobrovoljno, bez ijednog ispaljenog metka.
                    Nemce će kao germanski narod na njihovoj vlastitoj zemlji zameniti mešavina Balkanaca, Rusa,
                    Poljaka, Turaka, crnaca i Arapa. Bolje biti i siromašan ali opstati na svojoj zemlji i sa svojim
                    narodom.
                </comment-text-transliterated>
            </comment>
            <comment comment-id="21-1">
                <comment-parent-id>21</comment-parent-id>
                <comment-text>@Mike Kovian ne vidim argumentaciju koja bi pokazala kako ja imam taj problem a vi ga
                    nemate. Genetski materijal "pravih" Nemaca se zamenjuje se sa genetikom "dodjosa", sto predstavlja
                    evolucioni poraz tog naroda. Sto je Bajaga pevao jos davno: sve je vise varvara a sve manje
                    Rimljana. Varvari na kraju vladaju nad Rimljanima. @Zoran Zivim u 21. veku za koji sam naivno mislio
                    da ce biti vek progresa i mira a ispao je nesto mnogo odvratnije. Oni koji su dosegli visok stepen
                    civilizacijskog razvoja izumiru i ustupaju mesto onima koji se bolje razmnozavaju iako su po
                    civilizacijskim dostignucima dosta inferiorniji. Zar moze postojati veci egzistencijalni poraz za
                    bilo koju biolosku jedinku od njenog nestanka?
                </comment-text>
                <comment-text-transliterated>@Mike Kovian ne vidim argumentaciju koja bi pokazala kako ja imam taj
                    problem a vi ga nemate. Genetski materijal "pravih" Nemaca se zamenjuje se sa genetikom "dodjosa",
                    sto predstavlja evolucioni poraz tog naroda. Sto je Bajaga pevao jos davno: sve je vise varvara a
                    sve manje Rimljana. Varvari na kraju vladaju nad Rimljanima. @Zoran Zivim u 21. veku za koji sam
                    naivno mislio da ce biti vek progresa i mira a ispao je nesto mnogo odvratnije. Oni koji su dosegli
                    visok stepen civilizacijskog razvoja izumiru i ustupaju mesto onima koji se bolje razmnozavaju iako
                    su po civilizacijskim dostignucima dosta inferiorniji. Zar moze postojati veci egzistencijalni poraz
                    za bilo koju biolosku jedinku od njenog nestanka?
                </comment-text-transliterated>
            </comment>
            <comment comment-id="21-2">
                <comment-parent-id>21</comment-parent-id>
                <comment-text>Dobitnik tranzicije, prijatelju u kom ti vremenu zivis?</comment-text>
                <comment-text-transliterated>Dobitnik tranzicije, prijatelju u kom ti vremenu zivis?
                </comment-text-transliterated>
            </comment>
            <comment comment-id="21-3">
                <comment-parent-id>21</comment-parent-id>
                <comment-text>Za to nije kriv Nemački narod nego ovaj moderan, individualistički, materijalistički,
                    hedonistički način života i pogled na svet gde bračni parovi biraju provod i zadovoljstvo umesto
                    dece. Ta životna filozofija je zapljusnula skoro ceo svet uključujući i nas. Nemačka je, kao i druge
                    zemlje, imala pozitivan prirodni priraštaj neposredno posle 2. svetskog rata (posleratni bebi bum).
                </comment-text>
                <comment-text-transliterated>Za to nije kriv Nemački narod nego ovaj moderan, individualistički,
                    materijalistički, hedonistički način života i pogled na svet gde bračni parovi biraju provod i
                    zadovoljstvo umesto dece. Ta životna filozofija je zapljusnula skoro ceo svet uključujući i nas.
                    Nemačka je, kao i druge zemlje, imala pozitivan prirodni priraštaj neposredno posle 2. svetskog rata
                    (posleratni bebi bum).
                </comment-text-transliterated>
            </comment>
            <comment comment-id="21-4">
                <comment-parent-id>21</comment-parent-id>
                <comment-text>Vi imate problem razumevanja pojma "asimilacija".</comment-text>
                <comment-text-transliterated>Vi imate problem razumevanja pojma "asimilacija".
                </comment-text-transliterated>
            </comment>
            <comment comment-id="21-5">
                <comment-parent-id>21</comment-parent-id>
                <comment-text>Kapitalizam ima manu da zelis sve manje da se mucis, p aonda ti trebaju ljudi koji hoce da
                    rade teske(umne ili fizicke) poslove. Ko uspe da odrzi kod sebe da se muci(a i kod deteta pre
                    svega), taj je na pravom putu. To obicno uspevaju teski kapitalisti(oni se muce i to prenose na dete
                    - Fordova deca nisu potrosila steceno,...), a ima i po neko od obicnog naroda. Ostali sluze da se
                    potpisu ili provuku karticu.
                </comment-text>
                <comment-text-transliterated>Kapitalizam ima manu da zelis sve manje da se mucis, p aonda ti trebaju
                    ljudi koji hoce da rade teske(umne ili fizicke) poslove. Ko uspe da odrzi kod sebe da se muci(a i
                    kod deteta pre svega), taj je na pravom putu. To obicno uspevaju teski kapitalisti(oni se muce i to
                    prenose na dete - Fordova deca nisu potrosila steceno,...), a ima i po neko od obicnog naroda.
                    Ostali sluze da se potpisu ili provuku karticu.
                </comment-text-transliterated>
            </comment>
            <comment comment-id="22">
                <comment-parent-id/>
                <comment-text>Iz mog iskustva, kad se naši jednom snadju ovde u Švabiji, niko se ne vraća. Žene se ,
                    udaju se, dovode familije iz Srbije, deca kreću u obdaništa, škole itd. Zemlja uredjena, vladavina
                    prava, administracija je tu da ti pomogne i stručni su. Dakle ne kao oni naši tupoumni partijski
                    uhljebi. Ako ti zatreba medicinska pomoć, vrhunska je. Osiguranje sve plaća, nikome ne pada napamet
                    da podmićuje lekare. Nisam siguran zašto, ali Nemci su izuzetno dobro i prijateljski raspoloženi
                    prema svim bivšim Jugovićima, što se ne može reći za Turke, Arape ili čak Poljake, Rumune ili
                    Bugare. Ovde ima puno naših koji su stigli 1960ih ili 70ih godina koji su sad u penziji i mogli bi
                    se vrnuti, ali ne pada im napamet zbog unuka (koji su već pravi Švabe) i zbog zdravstvene nege.
                </comment-text>
                <comment-text-transliterated>Iz mog iskustva, kad se naši jednom snadju ovde u Švabiji, niko se ne
                    vraća. Žene se , udaju se, dovode familije iz Srbije, deca kreću u obdaništa, škole itd. Zemlja
                    uredjena, vladavina prava, administracija je tu da ti pomogne i stručni su. Dakle ne kao oni naši
                    tupoumni partijski uhljebi. Ako ti zatreba medicinska pomoć, vrhunska je. Osiguranje sve plaća,
                    nikome ne pada napamet da podmićuje lekare. Nisam siguran zašto, ali Nemci su izuzetno dobro i
                    prijateljski raspoloženi prema svim bivšim Jugovićima, što se ne može reći za Turke, Arape ili čak
                    Poljake, Rumune ili Bugare. Ovde ima puno naših koji su stigli 1960ih ili 70ih godina koji su sad u
                    penziji i mogli bi se vrnuti, ali ne pada im napamet zbog unuka (koji su već pravi Švabe) i zbog
                    zdravstvene nege.
                </comment-text-transliterated>
            </comment>
            <comment comment-id="22-1">
                <comment-parent-id>22</comment-parent-id>
                <comment-text>Bole - "..Nisam siguran zašto".. : i ja sam u Nemackoj. U cestim razgovorima sa Nemcima
                    (kolege, komsije) uvek sam cuo samo pohvale za ljude iz "Juge": vredni, duhoviti, slicna - skoro
                    ista kultura, pouzdani, veliki broj veoma dobro obrazovan, snalazljiv itd itd. Naravno ima i "nas"
                    iz "Juge" koji nisu sve ovo nabrojano, ali toga ima u svim zemljama i "kutlurama".
                </comment-text>
                <comment-text-transliterated>Bole - "..Nisam siguran zašto".. : i ja sam u Nemackoj. U cestim
                    razgovorima sa Nemcima (kolege, komsije) uvek sam cuo samo pohvale za ljude iz "Juge": vredni,
                    duhoviti, slicna - skoro ista kultura, pouzdani, veliki broj veoma dobro obrazovan, snalazljiv itd
                    itd. Naravno ima i "nas" iz "Juge" koji nisu sve ovo nabrojano, ali toga ima u svim zemljama i
                    "kutlurama".
                </comment-text-transliterated>
            </comment>
            <comment comment-id="22-2">
                <comment-parent-id>22</comment-parent-id>
                <comment-text>Из твог искуства од пре 50 година. Из актуелног искуства, тамо остаје за трајно само
                    "машинац или електроничар" са просеком 10 а остали само док не купе половнимерцедес да виде комшије
                    да се вратио, не зато што није успео него што је патриота.Знам случај докторке која је послала ћерку
                    у "бели свет" и хвали се како је успешна...;а успешна мама, овде у Србији, дотира ћерку у Немачку
                    јер, за бога, била би то срамота да се врати а и лоша реклама за маму!
                </comment-text>
                <comment-text-transliterated>Iz tvog iskustva od pre 50 godina. Iz aktuelnog iskustva, tamo ostaje za
                    trajno samo "mašinac ili elektroničar" sa prosekom 10 a ostali samo dok ne kupe polovnimercedes da
                    vide komšije da se vratio, ne zato što nije uspeo nego što je patriota.Znam slučaj doktorke koja je
                    poslala ćerku u "beli svet" i hvali se kako je uspešna...;a uspešna mama, ovde u Srbiji, dotira
                    ćerku u Nemačku jer, za boga, bila bi to sramota da se vrati a i loša reklama za mamu!
                </comment-text-transliterated>
            </comment>
            <comment comment-id="22-3">
                <comment-parent-id>22</comment-parent-id>
                <comment-text>Pritisnuo sam ono "Preporučujem" ali moram i da dodam neku lepu reč. To što opisaste je
                    ono čega se u Americi plaše i što nazivaju socijalizmom. Ja još uvek ne mislim tako ali da je dobro
                    regulisan kapitalizam, u to ne sumnjam.Vaš komentar svetli istinom. Brine me samo ono "Nisam siguran
                    zašto, ali... "Ja verujem da jeste a ne znam zbog čega tvrdite da niste. Pozdrav!
                </comment-text>
                <comment-text-transliterated>Pritisnuo sam ono "Preporučujem" ali moram i da dodam neku lepu reč. To što
                    opisaste je ono čega se u Americi plaše i što nazivaju socijalizmom. Ja još uvek ne mislim tako ali
                    da je dobro regulisan kapitalizam, u to ne sumnjam.Vaš komentar svetli istinom. Brine me samo ono
                    "Nisam siguran zašto, ali... "Ja verujem da jeste a ne znam zbog čega tvrdite da niste. Pozdrav!
                </comment-text-transliterated>
            </comment>
            <comment comment-id="22-4">
                <comment-parent-id>22</comment-parent-id>
                <comment-text>Sve je upravo tako, Nemci i Nemačka su upravo takvi kao što ste napisali, rad, red,
                    disciplina, blagostanje.
                </comment-text>
                <comment-text-transliterated>Sve je upravo tako, Nemci i Nemačka su upravo takvi kao što ste napisali,
                    rad, red, disciplina, blagostanje.
                </comment-text-transliterated>
            </comment>
            <comment comment-id="23">
                <comment-parent-id/>
                <comment-text>Трећина Немаца није у могућности да намири било какве изненадне трошкове, нити да купи
                    било шта за кућу што је скупље од хиљаду евра a сама Немачка има спољни дуг од 9000 милијарди евра.
                    Број незапослених је званично 7% а незавнично 11%, према Евростату и водећем немачком економисти
                    Рафаел Хишеу. У таквој ситуацији Немачка, А.Меркел, види излаз у довођењу јефтине радне снаге,
                    обзиром на то да je на снагу ступио ТТИП уговор са САДе којим се европско законодавство мења у
                    складу са америчким па више неће постојати МИНИМАЛНА цена рада. И друга њена опција је, што је и
                    сама обелоданила, да међу избеглицама има богатих људи са подручја захваћених ратом која могу својим
                    богатством, стечаним рат. профитерством, дати додатну финасиску ињекцију посрнулој немачкој
                    привреди- како то познато звучи!?
                </comment-text>
                <comment-text-transliterated>Trećina Nemaca nije u mogućnosti da namiri bilo kakve iznenadne troškove,
                    niti da kupi bilo šta za kuću što je skuplje od hiljadu evra a sama Nemačka ima spoljni dug od 9000
                    milijardi evra. Broj nezaposlenih je zvanično 7% a nezavnično 11%, prema Evrostatu i vodećem
                    nemačkom ekonomisti Rafael Hišeu. U takvoj situaciji Nemačka, A.Merkel, vidi izlaz u dovođenju
                    jeftine radne snage, obzirom na to da je na snagu stupio TTIP ugovor sa SADe kojim se evropsko
                    zakonodavstvo menja u skladu sa američkim pa više neće postojati MINIMALNA cena rada. I druga njena
                    opcija je, što je i sama obelodanila, da među izbeglicama ima bogatih ljudi sa područja zahvaćenih
                    ratom koja mogu svojim bogatstvom, stečanim rat. profiterstvom, dati dodatnu finasisku injekciju
                    posrnuloj nemačkoj privredi- kako to poznato zvuči!?
                </comment-text-transliterated>
            </comment>
            <comment comment-id="23-1">
                <comment-parent-id>23</comment-parent-id>
                <comment-text>Pola Nemaca gladuju samo oni to kriju od nas.</comment-text>
                <comment-text-transliterated>Pola Nemaca gladuju samo oni to kriju od nas.</comment-text-transliterated>
            </comment>
            <comment comment-id="23-2">
                <comment-parent-id>23</comment-parent-id>
                <comment-text>Ivan S Belic, ti ocigleno nisi ni bio nikada u Nemacko niti u zemljama EU.</comment-text>
                <comment-text-transliterated>Ivan S Belic, ti ocigleno nisi ni bio nikada u Nemacko niti u zemljama
                    EU.
                </comment-text-transliterated>
            </comment>
            <comment comment-id="23-3">
                <comment-parent-id>23</comment-parent-id>
                <comment-text>Jao kakva analiza, sta bi mi koji radimo u Nemackoj da nema ovakvih eksperata da nam
                    objasne kako Nemci zive.
                </comment-text>
                <comment-text-transliterated>Jao kakva analiza, sta bi mi koji radimo u Nemackoj da nema ovakvih
                    eksperata da nam objasne kako Nemci zive.
                </comment-text-transliterated>
            </comment>
            <comment comment-id="24">
                <comment-parent-id/>
                <comment-text>Немачка са Ангелом Меркел нашла начин како да дође до јевтине стране радне снаге и да на
                    тај начин уштеди милијарде евра које су сиромашне земље улижиле у њено школовање. Прорачунато, на
                    немачки начин. Али, то не значи да Србија треба само да посматра већ и да тражи од Немачке и других
                    земаља да надокнаде сваки евро утрошен за образовање школованог кадра. И да учини све пто може да не
                    остане без здравствених радника, инжењера, мајстора сваке врсте.
                </comment-text>
                <comment-text-transliterated>Nemačka sa Angelom Merkel našla način kako da dođe do jevtine strane radne
                    snage i da na taj način uštedi milijarde evra koje su siromašne zemlje uližile u njeno školovanje.
                    Proračunato, na nemački način. Ali, to ne znači da Srbija treba samo da posmatra već i da traži od
                    Nemačke i drugih zemalja da nadoknade svaki evro utrošen za obrazovanje školovanog kadra. I da učini
                    sve pto može da ne ostane bez zdravstvenih radnika, inženjera, majstora svake vrste.
                </comment-text-transliterated>
            </comment>
            <comment comment-id="25">
                <comment-parent-id/>
                <comment-text>u Bgd postoji školamkoju finansira nemačka vlada gde se naši inženjeri, doktori i ostali
                    stručnjaci pripremaju za rad u Nemačkoj... oni 100e, a mi milion po stručnjaku
                </comment-text>
                <comment-text-transliterated>u Bgd postoji školamkoju finansira nemačka vlada gde se naši inženjeri,
                    doktori i ostali stručnjaci pripremaju za rad u Nemačkoj... oni 100e, a mi milion po stručnjaku
                </comment-text-transliterated>
            </comment>
            <comment comment-id="26">
                <comment-parent-id/>
                <comment-text>Немачки инвеститори ће упошљавати дуалне на Балкану , а стручњаке у Немачкоој - покушај са
                    муслиманима није прошао .
                </comment-text>
                <comment-text-transliterated>Nemački investitori će upošljavati dualne na Balkanu , a stručnjake u
                    Nemačkooj - pokušaj sa muslimanima nije prošao .
                </comment-text-transliterated>
            </comment>
            <comment comment-id="27">
                <comment-parent-id/>
                <comment-text>Moj savet je ne idite ljudi u Nemacku Englesku i Francusku , samo iskoriscavaju nase ljude
                    sa fakultetima sto je zalosno. Bolje je raditi nesto za minimalac u svojoj zemlji i cuvati ono sto
                    se ima nego ici kod njih . Ako neko shvata svaki nas sklovan covek za njih je poklon za male pare
                    dobili sve . Bolje je za djabe sedeti nego za djabe raditi. Sve su to bajke razne sa zapada
                    zapamtite.
                </comment-text>
                <comment-text-transliterated>Moj savet je ne idite ljudi u Nemacku Englesku i Francusku , samo
                    iskoriscavaju nase ljude sa fakultetima sto je zalosno. Bolje je raditi nesto za minimalac u svojoj
                    zemlji i cuvati ono sto se ima nego ici kod njih . Ako neko shvata svaki nas sklovan covek za njih
                    je poklon za male pare dobili sve . Bolje je za djabe sedeti nego za djabe raditi. Sve su to bajke
                    razne sa zapada zapamtite.
                </comment-text-transliterated>
            </comment>
            <comment comment-id="27-1">
                <comment-parent-id>27</comment-parent-id>
                <comment-text>Godine West upravu kao što ste napisali. Da bi u Nemačkoj radio kao lekar ili advokat ili
                    druga VSS treba da znaš nemački jezik na nivou C1 i C2. Ko svoj materinji. Odatle barijera da čovek
                    pokaže znanje u struci.
                </comment-text>
                <comment-text-transliterated>Godine West upravu kao što ste napisali. Da bi u Nemačkoj radio kao lekar
                    ili advokat ili druga VSS treba da znaš nemački jezik na nivou C1 i C2. Ko svoj materinji. Odatle
                    barijera da čovek pokaže znanje u struci.
                </comment-text-transliterated>
            </comment>
            <comment comment-id="27-2">
                <comment-parent-id>27</comment-parent-id>
                <comment-text>Ono sto vi zovete iskoriscavajem prolazi svako na pocetku karijere na zapadu a nasi
                    fakultetski obrazovani koji odu na zapad se dodatno suocavaju sa problemom jezika. Ako i odes sa
                    nekim iskustvom iz Srbije opet postoji taj problem sa jezikom tj da bi komunicirao to svoje iskustvo
                    sa kolegama treba mnogo veci nivo jezika nego sto se moze nauciti u Srbiji - ali za oko godinu dana
                    to se prevazilazi svakodnevnim koriscenjem doticnog jezika. Posle toga je sve mnogo lakse i mozes
                    naci firmu gde ces se osecati manje "iskoriscavanjim". Naravno ima i onih koji nikad ne prebrode tu
                    jezicku barijeru ili im fali babina sarma pa se vrate se u Srbiju i tvrde da su bili iskoriscavani.
                </comment-text>
                <comment-text-transliterated>Ono sto vi zovete iskoriscavajem prolazi svako na pocetku karijere na
                    zapadu a nasi fakultetski obrazovani koji odu na zapad se dodatno suocavaju sa problemom jezika. Ako
                    i odes sa nekim iskustvom iz Srbije opet postoji taj problem sa jezikom tj da bi komunicirao to
                    svoje iskustvo sa kolegama treba mnogo veci nivo jezika nego sto se moze nauciti u Srbiji - ali za
                    oko godinu dana to se prevazilazi svakodnevnim koriscenjem doticnog jezika. Posle toga je sve mnogo
                    lakse i mozes naci firmu gde ces se osecati manje "iskoriscavanjim". Naravno ima i onih koji nikad
                    ne prebrode tu jezicku barijeru ili im fali babina sarma pa se vrate se u Srbiju i tvrde da su bili
                    iskoriscavani.
                </comment-text-transliterated>
            </comment>
            <comment comment-id="28">
                <comment-parent-id/>
                <comment-text>Ajmo Srbi navalite na Nemacku. Potrebni su cistaci ulica, vozaci kamiona za odvoz
                    djubreta, rad u rudnicima, na farmama, gradjevinama i drugim fizickim poslovima. Ujedno ce broj
                    nezaposlenih da se drasticno smanj a Srbija ce postati jos praznije, napustenija i mizernija.
                </comment-text>
                <comment-text-transliterated>Ajmo Srbi navalite na Nemacku. Potrebni su cistaci ulica, vozaci kamiona za
                    odvoz djubreta, rad u rudnicima, na farmama, gradjevinama i drugim fizickim poslovima. Ujedno ce
                    broj nezaposlenih da se drasticno smanj a Srbija ce postati jos praznije, napustenija i mizernija.
                </comment-text-transliterated>
            </comment>
            <comment comment-id="28-1">
                <comment-parent-id>28</comment-parent-id>
                <comment-text>pogresnu pesmu pevate gospon. slavuj. Problem je nedovoljno ili nikakvo znanje jezika.
                    Lekar bez znanja jezika ne moze da leci, gradjevinski inzenjer bez znanja jezika moze da cisti ulice
                    ali ne da ih projektuje, inzinjer poljoprivrede bez znanja jezika moze da radi na farmi svinja - da
                    ih hrani i cisti i tu se zavrsava sve.
                </comment-text>
                <comment-text-transliterated>pogresnu pesmu pevate gospon. slavuj. Problem je nedovoljno ili nikakvo
                    znanje jezika. Lekar bez znanja jezika ne moze da leci, gradjevinski inzenjer bez znanja jezika moze
                    da cisti ulice ali ne da ih projektuje, inzinjer poljoprivrede bez znanja jezika moze da radi na
                    farmi svinja - da ih hrani i cisti i tu se zavrsava sve.
                </comment-text-transliterated>
            </comment>
            <comment comment-id="29">
                <comment-parent-id/>
                <comment-text>..dali Srbija treba da donese kontra mere Nemackoj na odliv radne snage u vidu nekog bar
                    pismenog podneska kao protesta nemcima ili mozda da pveca minimalnu cenu rade za koji dinar i neku
                    paru ..
                </comment-text>
                <comment-text-transliterated>..dali Srbija treba da donese kontra mere Nemackoj na odliv radne snage u
                    vidu nekog bar pismenog podneska kao protesta nemcima ili mozda da pveca minimalnu cenu rade za koji
                    dinar i neku paru ..
                </comment-text-transliterated>
            </comment>
            <comment comment-id="30">
                <comment-parent-id/>
                <comment-text>Немо' после неко да каже да масовни одлив радно способних из источне Европе и њено
                    уништење није унапред планирано.
                </comment-text>
                <comment-text-transliterated>Nemo' posle neko da kaže da masovni odliv radno sposobnih iz istočne Evrope
                    i njeno uništenje nije unapred planirano.
                </comment-text-transliterated>
            </comment>
            <comment comment-id="30-1">
                <comment-parent-id>30</comment-parent-id>
                <comment-text>ivan @bratemire sta bi ti rekao da nemci zabrane srbima da se zaposle kod sebe.mnogi srbi
                    koji su proveli u svetu naucili su nesto ali kada se vrate u zemlju i pokusaju da to nauceno
                    sprovedu u delo to je kod nas neizvodljivo,vecinom se vracaju nazad i tu i ostaju .
                </comment-text>
                <comment-text-transliterated>ivan @bratemire sta bi ti rekao da nemci zabrane srbima da se zaposle kod
                    sebe.mnogi srbi koji su proveli u svetu naucili su nesto ali kada se vrate u zemlju i pokusaju da to
                    nauceno sprovedu u delo to je kod nas neizvodljivo,vecinom se vracaju nazad i tu i ostaju .
                </comment-text-transliterated>
            </comment>
        </comment-list>
    </comments>
</document>