<?xml version="1.0" encoding="utf-8"?>
<document global-id="sr-01-1442">
	<url>http://www.politika.rs/scc/clanak/433266/M%D0%B8%D1%80%D0%BE%D1%82%D0%B8%D1%9B%D1%83-%D0%BD%D0%B8%D1%98%D0%B5-%D0%BD%D0%BE%D0%B2%D0%B0%D1%86-%D1%86%D0%B8%D1%99</url>
	<source-id>sr-01</source-id>
	<local-id>1442</local-id>
	<source-name>Politika</source-name>
	<article>
		<article-title>Mиротићу није новац циљ</article-title>
		<article-title-transliterated>Mirotiću nije novac cilj</article-title-transliterated>
		<article-time>2019-07-07</article-time>
		<article-author>Aleksandar Miletić</article-author>
		<article-text>Наш кошаркашки стручњак Светислав Пешић, селектор с којим је репрезентација освојила своје последње две златне медаље (2001, 2002), продужио је протеклог понедељка уговор са Барселоном на још две сезоне у којима ће покушати да понови оно што је урадио у свом првом мандату у највећем каталонском клубу, када је освојена прва Евролига у историји и једина трипла круна.
Нови уговор је потврда доброг рада Пешића у претходних 16 месеци, откако се вратио у Барселону са задатком да је пробуди из дубоког сна. Екипа је од тада освојила два трофеја Купа Шпаније, а у овој сезони је стигла до четвртфинала Евролиге и финала шпанске АЦБ лиге. Да председник Барселоне Ђосеп Марија Бартомеу има огромно поверење у њега знало се и раније (знају се од 2002, када је Пешић први пут стигао у клуб), међутим, сада је решио да га „награди” са неколицином првокласних појачања, међу којима је најзвучније име Никола Миротић.
Пре но што кажете нешто о Миротићу, како бисте оценили протеклу сезону Барселоне, питали смо пре свега Пешића који се са породицом одмара у Минхену?
Ја бих оцену дао за комплетан период мог повратка, а то је од фебруара 2018. Са спортског аспекта, увек може боље, али може и горе. Кад си у једном систему на тако високом нивоу, кад се говори о клубовима као што је Барселона, онда се оцене неминовно своде на трофеје. Ситуација у Барселони није била баш сјајна кад сам стигао, јер у последње три-четири године није било неких специјалних резултата. Екипу сам затекао док је била претпоследња у Евролиги, па је мој први разговор са играчима био нетипичан: хоћемо ли да будемо задњи или нећемо! Какав је то мотивациони фактор у једној Барселони, какав је то циљ: да не будеш последњи! Успели смо да станемо на ноге, да освојимо два домаћа купа. Играли смо пети меч за одлазак на фајнал фор Евролиге, нијансе су одлучивале. Барселона је после ових 16 месеци тамо где би требало да буде. Ако није прва, онда макар да се налази тамо где се одлучује ко је први. Имамо добру базу за наредне сезоне. Када одем једног дана, волео бих да иза мене поред трофеја остане и стабилан, добро уређен клуб који неће бринути за своју будућност.
Шта је највише допринело томе да се екипа опет умеша у борбу за трофеје?
Успели смо да направимо два тима, један на терену, а други који прати екипу. На место генералног менаџера постављен је Начо Родригез кога сам тренирао кад сам први пут дошао у клуб, с којим сам у одличним односима. Имамо одличан стручни штаб, сјајан медицински тим, све оно што је неопходно да би екипа напредовала. Наш заједнички рад и добра сарадња гарантују боље резултате и више трофеја.
После вашег продужетка уговора одмах су стигла три одлична играча у клуб: Никола Миротић (Милвоки, НБА), Кори Хигинс (ЦСКА), Брендон Дејвис (Жалгирис)?
Тражили смо играче који могу да помогну староседеоцима, да сви заједно напредујемо. Поред ових појачања разговарамо и са Абринесом, то иде у добром правцу, све ће се знати следеће недеље. Ханга, Иертел и Клавер су продужили уговоре, тако да имамо тим за велика дела.
Миротић је према „Њујорк тајмсу”, имао имао понуду Јуте за 45 милиона долара за три године, али је потписао за Барселону. Многи европски медији помињу неке астрономске цифре, нешто што се коси са здравим разумом: да наводно Барселона може да парира НБА. Шта ви кажете на то?
Те цифре су обична лаж. Не знам ко пласира такве вести и шта се крије иза тога, али свако нормалан зна да је такав новац недостижан у европској кошарци. Видим да је Реал продужио уговорe са Таваресом и Тејлором, али не видим да се игде помињу икакве цифре…
Како објашњавате то да је Миротић изабрао Барселону иако у НБА може да добије неупоредиво више новца?
Миротић има своје циљеве, свој сан, а то нема везе са новцем. Био је тамо, НБА му је помогла да се развије и као играч и личност, али је одлучио да се врати у земљу која му прија. Њему је у старту било јасно да у Шпанији не може да добије паре какве може у НБА. Његови мотиви су лични, породични, и ја то веома ценим и разумем. Уосталом, и ја се нисам враћао у српску кошарку због новца, мада се и у мом случају на велика звона причало да сам добио куле и градове. Када сам долазио у Звезду, мој спортски мотив је био да тако великом клубу помогнем да опет побеђује, што се данас, видимо, и дешава. Повратак у Србију била је прилика да после много година уживам у свом језику, култури, да одлазим у позориште и гледам наше глумце… Неке једноставне, али животно важне ствари.
Мање је познато да Николу Миротића и вас на неки начин „повезује” Пирот, у којем сте провели детињство и којем се и данас враћате сваког лета?
Николина ташта је из Пирота, па зато годинама проводи лето у Пироту и ту обавља део индивидуалних припрема. Мени је драго што снагу црпи на теренима код Планинарског дома, тамо где сам спремао златну генерацију наших дечака за Светски шампионат у Бормију 1987. Али, да будем искрен – пиротска веза није имала никакав утицај да Никола дође у Барселону. Он је као дечак дошао у Реал, у Шпанију, и заволео ту земљу.
Шест трофеја са Барселоном
Пешић је водио Барселону на 240 првенствених утакмица (2002-04, 2017/18, 2018/19). Освојио је шест трофеја: две домаће лиге (2003, 2004), три домаћа купа (2003, 2018, 2019) и једну Евролигу (2003).
Миротић у истом смеру као Бодирога, а у супротном од Ђорђевића и Савића
Црногорски кошаркаш са шпанским пасошем Никола Миротић (28 год), који је шест година носио дрес Реала (2008-14), после пет година проведених у НБА (Чикаго, Њу Орлеанс, Милвоки) враћа се у Шпанију, али у Барселону.
Тројица наших кошаркаша играла су и за Реал и за Барселону: Зоран Савић, Дејан Бодирога и Александар Ђорђевић. Бодирога је прво био у Мадриду па у Барселони, док су Савић и Ђорђевић ишли у супротном смеру.</article-text>
		<article-text-transliterated>Naš košarkaški stručnjak Svetislav Pešić, selektor s kojim je reprezentacija osvojila svoje poslednje dve zlatne medalje (2001, 2002), produžio je proteklog ponedeljka ugovor sa Barselonom na još dve sezone u kojima će pokušati da ponovi ono što je uradio u svom prvom mandatu u najvećem katalonskom klubu, kada je osvojena prva Evroliga u istoriji i jedina tripla kruna.
Novi ugovor je potvrda dobrog rada Pešića u prethodnih 16 meseci, otkako se vratio u Barselonu sa zadatkom da je probudi iz dubokog sna. Ekipa je od tada osvojila dva trofeja Kupa Španije, a u ovoj sezoni je stigla do četvrtfinala Evrolige i finala španske ACB lige. Da predsednik Barselone Đosep Marija Bartomeu ima ogromno poverenje u njega znalo se i ranije (znaju se od 2002, kada je Pešić prvi put stigao u klub), međutim, sada je rešio da ga „nagradi” sa nekolicinom prvoklasnih pojačanja, među kojima je najzvučnije ime Nikola Mirotić.
Pre no što kažete nešto o Mirotiću, kako biste ocenili proteklu sezonu Barselone, pitali smo pre svega Pešića koji se sa porodicom odmara u Minhenu?
Ja bih ocenu dao za kompletan period mog povratka, a to je od februara 2018. Sa sportskog aspekta, uvek može bolje, ali može i gore. Kad si u jednom sistemu na tako visokom nivou, kad se govori o klubovima kao što je Barselona, onda se ocene neminovno svode na trofeje. Situacija u Barseloni nije bila baš sjajna kad sam stigao, jer u poslednje tri-četiri godine nije bilo nekih specijalnih rezultata. Ekipu sam zatekao dok je bila pretposlednja u Evroligi, pa je moj prvi razgovor sa igračima bio netipičan: hoćemo li da budemo zadnji ili nećemo! Kakav je to motivacioni faktor u jednoj Barseloni, kakav je to cilj: da ne budeš poslednji! Uspeli smo da stanemo na noge, da osvojimo dva domaća kupa. Igrali smo peti meč za odlazak na fajnal for Evrolige, nijanse su odlučivale. Barselona je posle ovih 16 meseci tamo gde bi trebalo da bude. Ako nije prva, onda makar da se nalazi tamo gde se odlučuje ko je prvi. Imamo dobru bazu za naredne sezone. Kada odem jednog dana, voleo bih da iza mene pored trofeja ostane i stabilan, dobro uređen klub koji neće brinuti za svoju budućnost.
Šta je najviše doprinelo tome da se ekipa opet umeša u borbu za trofeje?
Uspeli smo da napravimo dva tima, jedan na terenu, a drugi koji prati ekipu. Na mesto generalnog menadžera postavljen je Načo Rodrigez koga sam trenirao kad sam prvi put došao u klub, s kojim sam u odličnim odnosima. Imamo odličan stručni štab, sjajan medicinski tim, sve ono što je neophodno da bi ekipa napredovala. Naš zajednički rad i dobra saradnja garantuju bolje rezultate i više trofeja.
Posle vašeg produžetka ugovora odmah su stigla tri odlična igrača u klub: Nikola Mirotić (Milvoki, NBA), Kori Higins (CSKA), Brendon Dejvis (Žalgiris)?
Tražili smo igrače koji mogu da pomognu starosedeocima, da svi zajedno napredujemo. Pored ovih pojačanja razgovaramo i sa Abrinesom, to ide u dobrom pravcu, sve će se znati sledeće nedelje. Hanga, Iertel i Klaver su produžili ugovore, tako da imamo tim za velika dela.
Mirotić je prema „Njujork tajmsu”, imao imao ponudu Jute za 45 miliona dolara za tri godine, ali je potpisao za Barselonu. Mnogi evropski mediji pominju neke astronomske cifre, nešto što se kosi sa zdravim razumom: da navodno Barselona može da parira NBA. Šta vi kažete na to?
Te cifre su obična laž. Ne znam ko plasira takve vesti i šta se krije iza toga, ali svako normalan zna da je takav novac nedostižan u evropskoj košarci. Vidim da je Real produžio ugovore sa Tavaresom i Tejlorom, ali ne vidim da se igde pominju ikakve cifre…
Kako objašnjavate to da je Mirotić izabrao Barselonu iako u NBA može da dobije neuporedivo više novca?
Mirotić ima svoje ciljeve, svoj san, a to nema veze sa novcem. Bio je tamo, NBA mu je pomogla da se razvije i kao igrač i ličnost, ali je odlučio da se vrati u zemlju koja mu prija. Njemu je u startu bilo jasno da u Španiji ne može da dobije pare kakve može u NBA. Njegovi motivi su lični, porodični, i ja to veoma cenim i razumem. Uostalom, i ja se nisam vraćao u srpsku košarku zbog novca, mada se i u mom slučaju na velika zvona pričalo da sam dobio kule i gradove. Kada sam dolazio u Zvezdu, moj sportski motiv je bio da tako velikom klubu pomognem da opet pobeđuje, što se danas, vidimo, i dešava. Povratak u Srbiju bila je prilika da posle mnogo godina uživam u svom jeziku, kulturi, da odlazim u pozorište i gledam naše glumce… Neke jednostavne, ali životno važne stvari.
Manje je poznato da Nikolu Mirotića i vas na neki način „povezuje” Pirot, u kojem ste proveli detinjstvo i kojem se i danas vraćate svakog leta?
Nikolina tašta je iz Pirota, pa zato godinama provodi leto u Pirotu i tu obavlja deo individualnih priprema. Meni je drago što snagu crpi na terenima kod Planinarskog doma, tamo gde sam spremao zlatnu generaciju naših dečaka za Svetski šampionat u Bormiju 1987. Ali, da budem iskren – pirotska veza nije imala nikakav uticaj da Nikola dođe u Barselonu. On je kao dečak došao u Real, u Španiju, i zavoleo tu zemlju.
Šest trofeja sa Barselonom
Pešić je vodio Barselonu na 240 prvenstvenih utakmica (2002-04, 2017/18, 2018/19). Osvojio je šest trofeja: dve domaće lige (2003, 2004), tri domaća kupa (2003, 2018, 2019) i jednu Evroligu (2003).
Mirotić u istom smeru kao Bodiroga, a u suprotnom od Đorđevića i Savića
Crnogorski košarkaš sa španskim pasošem Nikola Mirotić (28 god), koji je šest godina nosio dres Reala (2008-14), posle pet godina provedenih u NBA (Čikago, Nju Orleans, Milvoki) vraća se u Španiju, ali u Barselonu.
Trojica naših košarkaša igrala su i za Real i za Barselonu: Zoran Savić, Dejan Bodiroga i Aleksandar Đorđević. Bodiroga je prvo bio u Madridu pa u Barseloni, dok su Savić i Đorđević išli u suprotnom smeru.</article-text-transliterated>
	</article>
	<comments>
		<comments-count>1</comments-count>
		<comments-list>
			<comment comment-id="1">
				<comment-parent-id/>
				<comment-text>Naravno, kog profesionalnog sportistu interesuje novac? To je čista ljubav prema samoj igri i sportskim rezultatima. A ni one oko njega, što dele procente i provizije, broj nula na čeku uopšte ne zanima.</comment-text>
				<comment-text-transliterated>Naravno, kog profesionalnog sportistu interesuje novac? To je čista ljubav prema samoj igri i sportskim rezultatima. A ni one oko njega, što dele procente i provizije, broj nula na čeku uopšte ne zanima.</comment-text-transliterated>
			</comment>
		</comments-list>
	</comments>
</document>
