<document global-id="sr-01-1291">
    <url>
        http://www.politika.rs/scc/clanak/317603/%D0%9B%D0%B5%D0%B2%D0%B8-%D0%94%D0%B8%D1%80%D0%BD%D1%83%D1%82-%D1%81%D0%B0%D0%BC-%D0%9D%D0%B8%D0%BA%D0%BE%D0%BB%D0%B8%D1%9B%D0%B5%D0%B2%D0%B8%D0%BC-%D0%B3%D0%BE%D0%B2%D0%BE%D1%80%D0%BE%D0%BC
    </url>
    <source-id>sr-01</source-id>
    <local-id>1291</local-id>
    <source-name>Politika</source-name>
    <article>
        <article-title>Леви: Дирнут сам Николићевим говором</article-title>
        <article-title-transliterated>Levi: Dirnut sam Nikolićevim govorom</article-title-transliterated>
        <article-time>2015-01-30</article-time>
        <article-author>J. Cerovina</article-author>
        <article-text>„Говор председника Николића један је од најснажнијих које сам чуо када је реч о заједничком
            сећању. Говор пун саосећања према жртвама, председник је чак завршио молитвом на хебрејском језику, коју је
            изговорио готово без акцента. Са Сајмишта нисам отишао са осећањем да је председник имао намеру да некога
            увреди или повреди. Напротив.” 
            Овако амбасадор Израела у Србији Јосеф Леви за „Политику” коментарише говор председника Србије на
            прекјучерашњој комеморацији поводом обележавања Међународног дана сећања на жртве холокауста, за који је
            Хелсиншки одбор у Србији рекао да је „непримерен”, па чак и да у себи садржи „расизам и стереотипе”.
            За ову невладину организацију коју предводи Соња Бисерко, споран је онај део Николићевог говора у коме је он
            појашњавајући мотиве нациста за нападе на Јевреје рекао:
            „Зашто баш они? Можда је опасна посебност те мањине била у томе што је она била превише заступљена у
            престижним професијама, посебно у области уметности, финансија и науке”, рекао је Николић што су у
            Хелсиншком одбору окарактерисали као „непознавање дефиниције расизма и непознавања тежине сваке речи”, али и
            „опасно ширење стереотипа о Јеврејском народу”.
            Извињење од Николића, због реченице која је по њима спорна, затражили су и Београдски центар за људска
            права, Комитет правника за људска права, Фонд за хуманитарно право и грађанске иницијативе.
            Подсећања ради, овом делу Николићевог говора претходиле су и реченице да је „у идеологији нацизма окосница
            свега био надчовек, аријевац божанских атрибута, без много мисаоних елемената”, те да су „том идеолошком
            протону улогу електрона имали Јевреји као непријатељи”. Он је подсетио и да је у Другом светском рату, „због
            кога ћемо се овде окупљати док траје Србија”, утиснут печат огољеног зла, те да је у том рату страдало више
            од 55 милиона људи, „а један народ је био пред истребљењем”. „То је храбри и поносни народ Израиља”,
            закључио је председник Србије.
            Коментаришући критике на Николићев рачун, амбасадор Леви каже за наш лист да је слушајући говор председника
            Србије био изузетно дирнут његовим искреним залагањем за очување успомене на холокауст.
            „Реченица у којој се помињу стереотипи о Јеврејима из угла нацистичке Немачке могла би зазвучати
            проблематично ван контекста, али као део целине она по мени није била увредљива. Могу да разумем реакцију
            оних којима је ова реченица можда засметала”, каже амбасадор Леви.
            Историчар Миле Бјелајац, научни саветник у Институту за новију историју Србије, каже да у Николићевом иступу
            не види никакву врсту расизма или увреде за Јевреје.
            „Не видим да је та историјски тачна констатација употребљена у пежоративном смислу. Прво, постављена је као
            знак питања. А истина је да се често зазирало од њихове економске моћи. Пошто су Јеврејима многе делатности
            биле забрањиване, међу њима се издвојио један друштвени слој људи који је био добро интегрисан у немачко
            друштво. Они су, међутим, били злоупотребљени када се правио пропагандни модел кривца и жртава, стереотип.
            Онда су те неке историјске чињенице злоупотребљаване”, објашњава Бјелајац.
            Како каже, ово је питање превише осетљиво, па они који имају неке друге рачуне то злоупотребљавају нетачним
            читањем, односно учитавањем својих мисли у нечији говор.
            „Евидентно постоји недоследност и селективан приступ у реакцијама неких невладиних организација. Па и када
            су у питању страдања Срба у покрајини и на неким другим странама може да се види тај двоструки стандард што
            умањује кредибилност њихових реакција”, мишљења је Бјелајац.
            Није се, међутим, само Николић нашао на мети критике када је реч о обележавању холокауста. Тако је, према
            речима књижевника Филипа Давида, овогодишњег добитника НИН-ове награде за књижевност, „увредљиво” то што је
            министар Александар Вулин био представник Србије на обележавању 70 година од ослобађања Аушвица. Као разлог
            за овакав став он наводи Вулинову „биографију и оно што је причао деведесетих година”.
            Идентичан став има и Тадићева Социјалдемократска странка. Како је у писаној изјави навео портпарол СДС-а
            Константин Самофалов „срамотно је да Србију на дан ослобођења логора у Аушвицу представља Александар Вулин
            који је деведесетих година био подстрекивач злочина над другим нацијама”.
            Политички аналитичар Драгољуб Анђелковић сматра да су такве критике потпуно неумесне.
            „То је истицање НАТО аргументације, сваљивање кривице на Србе за деведесете године за оно за шта нисмо били
            криви. И скривање правих криваца који су извршили агресију и скривили ратове на тлу Југославије. Није битно
            да ли је Вулин у питању”, каже Анђелковић додајући да је реч о „срамно нападање сопствене земље” и изјавама
            усмереним против Србије и њених интереса.
        </article-text>
        <article-text-transliterated>„Govor predsednika Nikolića jedan je od najsnažnijih koje sam čuo kada je reč o
            zajedničkom sećanju. Govor pun saosećanja prema žrtvama, predsednik je čak završio molitvom na hebrejskom
            jeziku, koju je izgovorio gotovo bez akcenta. Sa Sajmišta nisam otišao sa osećanjem da je predsednik imao
            nameru da nekoga uvredi ili povredi. Naprotiv.” 
            Ovako ambasador Izraela u Srbiji Josef Levi za „Politiku” komentariše govor predsednika Srbije na
            prekjučerašnjoj komemoraciji povodom obeležavanja Međunarodnog dana sećanja na žrtve holokausta, za koji je
            Helsinški odbor u Srbiji rekao da je „neprimeren”, pa čak i da u sebi sadrži „rasizam i stereotipe”.
            Za ovu nevladinu organizaciju koju predvodi Sonja Biserko, sporan je onaj deo Nikolićevog govora u kome je
            on pojašnjavajući motive nacista za napade na Jevreje rekao:
            „Zašto baš oni? Možda je opasna posebnost te manjine bila u tome što je ona bila previše zastupljena u
            prestižnim profesijama, posebno u oblasti umetnosti, finansija i nauke”, rekao je Nikolić što su u
            Helsinškom odboru okarakterisali kao „nepoznavanje definicije rasizma i nepoznavanja težine svake reči”, ali
            i „opasno širenje stereotipa o Jevrejskom narodu”.
            Izvinjenje od Nikolića, zbog rečenice koja je po njima sporna, zatražili su i Beogradski centar za ljudska
            prava, Komitet pravnika za ljudska prava, Fond za humanitarno pravo i građanske inicijative.
            Podsećanja radi, ovom delu Nikolićevog govora prethodile su i rečenice da je „u ideologiji nacizma okosnica
            svega bio nadčovek, arijevac božanskih atributa, bez mnogo misaonih elemenata”, te da su „tom ideološkom
            protonu ulogu elektrona imali Jevreji kao neprijatelji”. On je podsetio i da je u Drugom svetskom ratu,
            „zbog koga ćemo se ovde okupljati dok traje Srbija”, utisnut pečat ogoljenog zla, te da je u tom ratu
            stradalo više od 55 miliona ljudi, „a jedan narod je bio pred istrebljenjem”. „To je hrabri i ponosni narod
            Izrailja”, zaključio je predsednik Srbije.
            Komentarišući kritike na Nikolićev račun, ambasador Levi kaže za naš list da je slušajući govor predsednika
            Srbije bio izuzetno dirnut njegovim iskrenim zalaganjem za očuvanje uspomene na holokaust.
            „Rečenica u kojoj se pominju stereotipi o Jevrejima iz ugla nacističke Nemačke mogla bi zazvučati
            problematično van konteksta, ali kao deo celine ona po meni nije bila uvredljiva. Mogu da razumem reakciju
            onih kojima je ova rečenica možda zasmetala”, kaže ambasador Levi.
            Istoričar Mile Bjelajac, naučni savetnik u Institutu za noviju istoriju Srbije, kaže da u Nikolićevom istupu
            ne vidi nikakvu vrstu rasizma ili uvrede za Jevreje.
            „Ne vidim da je ta istorijski tačna konstatacija upotrebljena u pežorativnom smislu. Prvo, postavljena je
            kao znak pitanja. A istina je da se često zaziralo od njihove ekonomske moći. Pošto su Jevrejima mnoge
            delatnosti bile zabranjivane, među njima se izdvojio jedan društveni sloj ljudi koji je bio dobro integrisan
            u nemačko društvo. Oni su, međutim, bili zloupotrebljeni kada se pravio propagandni model krivca i žrtava,
            stereotip. Onda su te neke istorijske činjenice zloupotrebljavane”, objašnjava Bjelajac.
            Kako kaže, ovo je pitanje previše osetljivo, pa oni koji imaju neke druge račune to zloupotrebljavaju
            netačnim čitanjem, odnosno učitavanjem svojih misli u nečiji govor.
            „Evidentno postoji nedoslednost i selektivan pristup u reakcijama nekih nevladinih organizacija. Pa i kada
            su u pitanju stradanja Srba u pokrajini i na nekim drugim stranama može da se vidi taj dvostruki standard
            što umanjuje kredibilnost njihovih reakcija”, mišljenja je Bjelajac.
            Nije se, međutim, samo Nikolić našao na meti kritike kada je reč o obeležavanju holokausta. Tako je, prema
            rečima književnika Filipa Davida, ovogodišnjeg dobitnika NIN-ove nagrade za književnost, „uvredljivo” to što
            je ministar Aleksandar Vulin bio predstavnik Srbije na obeležavanju 70 godina od oslobađanja Aušvica. Kao
            razlog za ovakav stav on navodi Vulinovu „biografiju i ono što je pričao devedesetih godina”.
            Identičan stav ima i Tadićeva Socijaldemokratska stranka. Kako je u pisanoj izjavi naveo portparol SDS-a
            Konstantin Samofalov „sramotno je da Srbiju na dan oslobođenja logora u Aušvicu predstavlja Aleksandar Vulin
            koji je devedesetih godina bio podstrekivač zločina nad drugim nacijama”.
            Politički analitičar Dragoljub Anđelković smatra da su takve kritike potpuno neumesne.
            „To je isticanje NATO argumentacije, svaljivanje krivice na Srbe za devedesete godine za ono za šta nismo
            bili krivi. I skrivanje pravih krivaca koji su izvršili agresiju i skrivili ratove na tlu Jugoslavije. Nije
            bitno da li je Vulin u pitanju”, kaže Anđelković dodajući da je reč o „sramno napadanje sopstvene zemlje” i
            izjavama usmerenim protiv Srbije i njenih interesa.
        </article-text-transliterated>
    </article>
    <comments>
        <comments-count>23</comments-count>
        <comment-list>
            <comment comment-id="1">
                <comment-parent-id/>
                <comment-text>Gde ste to culi da je Isak Njutn bio Jevrej? Kako god, nije tacno. Samo da znate.
                </comment-text>
                <comment-text-transliterated>Gde ste to culi da je Isak Njutn bio Jevrej? Kako god, nije tacno. Samo da
                    znate.
                </comment-text-transliterated>
            </comment>
            <comment comment-id="2">
                <comment-parent-id/>
                <comment-text>@ Ne ponovilo se... Postovani ili postovana, Nikolic ne pise svoje govore. Ni jedan
                    predsednik na svetu ne pise govore ili izlaganja. Pisu ih ljudi koji su deo njihovog tima/kabineta
                    zaduzeni za to. Zamislite kada bi to mogao Nikolic da pise govor kada se svakog dana sretne sa 5-6
                    delgacija, odrzi 2-3 govora, putuje, ima sastanke svog kabineta, prima novinara i drzi konferencije
                    za stampu ili daje intervjue. Govore verovatno procita pre nego sto ih javno prezentuje, mozda
                    ponekad i ispravi nesto ili sugerise ispravku. Ali, iz srca ili ne, ne pise govore.
                </comment-text>
                <comment-text-transliterated>@ Ne ponovilo se... Postovani ili postovana, Nikolic ne pise svoje govore.
                    Ni jedan predsednik na svetu ne pise govore ili izlaganja. Pisu ih ljudi koji su deo njihovog
                    tima/kabineta zaduzeni za to. Zamislite kada bi to mogao Nikolic da pise govor kada se svakog dana
                    sretne sa 5-6 delgacija, odrzi 2-3 govora, putuje, ima sastanke svog kabineta, prima novinara i drzi
                    konferencije za stampu ili daje intervjue. Govore verovatno procita pre nego sto ih javno
                    prezentuje, mozda ponekad i ispravi nesto ili sugerise ispravku. Ali, iz srca ili ne, ne pise
                    govore.
                </comment-text-transliterated>
            </comment>
            <comment comment-id="3">
                <comment-parent-id/>
                <comment-text>Марко Ж,та помисао,мисао,може само управо онима који мрзе Јевреје и да падне на сиву
                    масу!Никако нормалном човеку!Зато такви који седе у "нво"су управо такви!
                </comment-text>
                <comment-text-transliterated>Marko Ž,ta pomisao,misao,može samo upravo onima koji mrze Jevreje i da
                    padne na sivu masu!Nikako normalnom čoveku!Zato takvi koji sede u "nvo"su upravo takvi!
                </comment-text-transliterated>
            </comment>
            <comment comment-id="4">
                <comment-parent-id/>
                <comment-text>Re:Tamna strana: Izdaja kao način života se odomaćila u Srbiji a pravo na svoje miš-ljenje
                    se zloupotrebljava do mere kada upada u krivični prekršaj.Ako nekoga optužiteda je podstrekač,pa čak
                    i izvođač neke inkriminisane radnje bez argumentacije,a potomtaržite uporište u pravu na svoje
                    mišljenje, kao zaklonu od krivičnih snakcija,onda steu problemu oko shvatanja Demokratije kao prvu
                    na svaku vrstu bezobrazluka,bez og-raničenja.Nije slučajno što se,sinhrono,pojavljuje Jana
                    Beč,Nauman,sa optužbom pre-ma najvišim drž.funkcionerima,kao vinovnicima "Srebrenice",na
                    Tv.Aldžazira a povo-dom komemoracije u Aušvicu,(!?) zatim neosn.kritika govora prsd.Nikolića,na
                    komem.u logoru St.Sajmište i optužbe Sandre Orlović u vezi Gen.Dikovića a sve sinhrono* i u režiji
                    NVO,pretežno sponzorisanim od stranog faktora.Ovakav sakndal štetan po na-rod i državu traba da
                    padne po dejstvo KZ i da osoba,ako je lažni uzbunjivač,snosi po-sledice shodno težini učinjenog
                    krvičnog dela!
                </comment-text>
                <comment-text-transliterated>Re:Tamna strana: Izdaja kao način života se odomaćila u Srbiji a pravo na
                    svoje miš-ljenje se zloupotrebljava do mere kada upada u krivični prekršaj.Ako nekoga optužiteda je
                    podstrekač,pa čak i izvođač neke inkriminisane radnje bez argumentacije,a potomtaržite uporište u
                    pravu na svoje mišljenje, kao zaklonu od krivičnih snakcija,onda steu problemu oko shvatanja
                    Demokratije kao prvu na svaku vrstu bezobrazluka,bez og-raničenja.Nije slučajno što
                    se,sinhrono,pojavljuje Jana Beč,Nauman,sa optužbom pre-ma najvišim drž.funkcionerima,kao vinovnicima
                    "Srebrenice",na Tv.Aldžazira a povo-dom komemoracije u Aušvicu,(!?) zatim neosn.kritika govora
                    prsd.Nikolića,na komem.u logoru St.Sajmište i optužbe Sandre Orlović u vezi Gen.Dikovića a sve
                    sinhrono* i u režiji NVO,pretežno sponzorisanim od stranog faktora.Ovakav sakndal štetan po na-rod i
                    državu traba da padne po dejstvo KZ i da osoba,ako je lažni uzbunjivač,snosi po-sledice shodno
                    težini učinjenog krvičnog dela!
                </comment-text-transliterated>
            </comment>
            <comment comment-id="5">
                <comment-parent-id/>
                <comment-text>Ko je veći papa? Ova vlast se prilićno dodvornički odnosi prema NATO i svemu što čini ta
                    buranija među kojima su i jevreji. A onda se pojavljuju NVO koje traže od vlasti još više
                    snisishodljivosti prema gazdama iz NATO. Takav podanički odnos prema svojim finasijerima a koji se
                    ogleda već u otvorenoj mržnji prema sopstvenoj zemlji ne postoji nigde više osim Srbije.
                </comment-text>
                <comment-text-transliterated>Ko je veći papa? Ova vlast se prilićno dodvornički odnosi prema NATO i
                    svemu što čini ta buranija među kojima su i jevreji. A onda se pojavljuju NVO koje traže od vlasti
                    još više snisishodljivosti prema gazdama iz NATO. Takav podanički odnos prema svojim finasijerima a
                    koji se ogleda već u otvorenoj mržnji prema sopstvenoj zemlji ne postoji nigde više osim Srbije.
                </comment-text-transliterated>
            </comment>
            <comment comment-id="6">
                <comment-parent-id/>
                <comment-text>Штса ради тужилаштво када је "реч о „срамно нападање сопствене земље” и изјавама усмереним
                    против Србије и њених интереса"?
                </comment-text>
                <comment-text-transliterated>Štsa radi tužilaštvo kada je "reč o „sramno napadanje sopstvene zemlje” i
                    izjavama usmerenim protiv Srbije i njenih interesa"?
                </comment-text-transliterated>
            </comment>
            <comment comment-id="7">
                <comment-parent-id/>
                <comment-text>Ti nazovi NVO su finansirani iz inostranstva i zastupaju interese onih koji tlače male i
                    slabe narode a da bi ih opljačkali.Okrenite se vi Kini , Rusiji i BRICsu , a ti koji finansiraju te
                    NVO će u ne tako dalekoj budućnosti da postanu zemlje trećeg sveta.Srbi i Jevreji su velike žrtve
                    holokausta i sama pomisao da bi jedan predsednik Srbije mogao da vređa te žrtve je skandalozna i
                    samo bolesnim umovima može pasti na pamet.Sve pohvale Nikoliću na državničkom govoru.
                </comment-text>
                <comment-text-transliterated>Ti nazovi NVO su finansirani iz inostranstva i zastupaju interese onih koji
                    tlače male i slabe narode a da bi ih opljačkali.Okrenite se vi Kini , Rusiji i BRICsu , a ti koji
                    finansiraju te NVO će u ne tako dalekoj budućnosti da postanu zemlje trećeg sveta.Srbi i Jevreji su
                    velike žrtve holokausta i sama pomisao da bi jedan predsednik Srbije mogao da vređa te žrtve je
                    skandalozna i samo bolesnim umovima može pasti na pamet.Sve pohvale Nikoliću na državničkom govoru.
                </comment-text-transliterated>
            </comment>
            <comment comment-id="8">
                <comment-parent-id/>
                <comment-text>Шта рећи када чујете име Соња Бисерко или Наташа Кандић. Може мо се само запитати шта ради
                    наше тужилаштво?
                </comment-text>
                <comment-text-transliterated>Šta reći kada čujete ime Sonja Biserko ili Nataša Kandić. Može mo se samo
                    zapitati šta radi naše tužilaštvo?
                </comment-text-transliterated>
            </comment>
            <comment comment-id="9">
                <comment-parent-id/>
                <comment-text>Николићев говор је сасвим у реду.</comment-text>
                <comment-text-transliterated>Nikolićev govor je sasvim u redu.</comment-text-transliterated>
            </comment>
            <comment comment-id="10">
                <comment-parent-id/>
                <comment-text>Potpuno je legitimna kritika NVO povodom govora predsenika Nikolića, kao što je i potpuno
                    legitimno da te NVO i njihovekomentare ne uzimamo za ozbiljno.U Srbiji svako za sve može kritikovati
                    bilo koga,ali to ne znači ni da je upravu ni da je respektabilan.
                </comment-text>
                <comment-text-transliterated>Potpuno je legitimna kritika NVO povodom govora predsenika Nikolića, kao
                    što je i potpuno legitimno da te NVO i njihovekomentare ne uzimamo za ozbiljno.U Srbiji svako za sve
                    može kritikovati bilo koga,ali to ne znači ni da je upravu ni da je respektabilan.
                </comment-text-transliterated>
            </comment>
            <comment comment-id="11">
                <comment-parent-id/>
                <comment-text>Упутство за употребу НВО: 1. Користити било који повод за саморекламирање (основни
                    параметар за добијање средстава од спонзора). 2. Компромитовати власт која није на платном списку
                    спонзора.
                </comment-text>
                <comment-text-transliterated>Uputstvo za upotrebu NVO: 1. Koristiti bilo koji povod za samoreklamiranje
                    (osnovni parametar za dobijanje sredstava od sponzora). 2. Kompromitovati vlast koja nije na platnom
                    spisku sponzora.
                </comment-text-transliterated>
            </comment>
            <comment comment-id="12">
                <comment-parent-id/>
                <comment-text>Nevladine organizacije moraju da opravdaju svoje postojanje državama koje ih
                    plaćaju.Srbija, ai svaka druga zemlja na svetu, biće slobodna onog momenta kada po "njima" prestanu
                    da vršljaju razne NVO,doktori bez granica Kfor,Sfori još mnogo plaćeniih organizacija ,čiji je
                    jedini cilj porobljavanje naroda, i države ukojoj taj narod živi.
                </comment-text>
                <comment-text-transliterated>Nevladine organizacije moraju da opravdaju svoje postojanje državama koje
                    ih plaćaju.Srbija, ai svaka druga zemlja na svetu, biće slobodna onog momenta kada po "njima"
                    prestanu da vršljaju razne NVO,doktori bez granica Kfor,Sfori još mnogo plaćeniih organizacija ,čiji
                    je jedini cilj porobljavanje naroda, i države ukojoj taj narod živi.
                </comment-text-transliterated>
            </comment>
            <comment comment-id="13">
                <comment-parent-id/>
                <comment-text>Ove ogranizacije koje stalno izigravaju veceg katolika od Pape, treba "analizirati". Ako
                    sam Izraelski Ambasador u Srbiji smatra govor Presednika Nikolica za jedan od najsnazniji izlaganja
                    koje je cuo, koji je onda cilj ovih dezurnih pljuvaca Srbije i za cije je to dobro oni rade.
                </comment-text>
                <comment-text-transliterated>Ove ogranizacije koje stalno izigravaju veceg katolika od Pape, treba
                    "analizirati". Ako sam Izraelski Ambasador u Srbiji smatra govor Presednika Nikolica za jedan od
                    najsnazniji izlaganja koje je cuo, koji je onda cilj ovih dezurnih pljuvaca Srbije i za cije je to
                    dobro oni rade.
                </comment-text-transliterated>
            </comment>
            <comment comment-id="14">
                <comment-parent-id/>
                <comment-text>Народ има узречицу: већи католик од Папе!Тако су и неке НВО пожуриле да то докажу!НВО
                    примају од државе огромне паре док има лјуди који гладују!Невладине организације треба да критикују
                    власт, односно да заштите грађане од злоупотреба власти.неке НВО су тројански коњ у Србиј и
                    сатанизују српски народ и српску православну цркву.
                </comment-text>
                <comment-text-transliterated>Narod ima uzrečicu: veći katolik od Pape!Tako su i neke NVO požurile da to
                    dokažu!NVO primaju od države ogromne pare dok ima ljudi koji gladuju!Nevladine organizacije treba da
                    kritikuju vlast, odnosno da zaštite građane od zloupotreba vlasti.neke NVO su trojanski konj u Srbij
                    i satanizuju srpski narod i srpsku pravoslavnu crkvu.
                </comment-text-transliterated>
            </comment>
            <comment comment-id="15">
                <comment-parent-id/>
                <comment-text>Sada je "opravdanje" za Holokaust postala zvanicna politika Srbije</comment-text>
                <comment-text-transliterated>Sada je "opravdanje" za Holokaust postala zvanicna politika Srbije
                </comment-text-transliterated>
            </comment>
            <comment comment-id="16">
                <comment-parent-id/>
                <comment-text>Nikolic uvek ima izuzetne govore, zbog toga sto ih pise iskreno, iz srca. Kao sto vidite i
                    izraelski amabasador je to prepoznao, uprkos zlonamernim komentarima. Jevreji su bili izuzetan
                    narod, izuzetno nadaren, dali su svetu najveci broj umnih ljudi i genija, muzicara, pisaca,
                    umetnika, naucnika... A tragediju koju su nosili vekovima, izgnanstvo koje i h je pratilo, ima li
                    naroda koji je teze nosio? Srbi su iznad svega uvek bili saosecajan narod, spremni da razumeju i
                    prihvate one koji su u nevolji i potpuno je prirodno prijateljstvo ova dva naroda. I Hriscanstvo smo
                    dobili od Jevreja... Zelimo svima mir, utehu i ljubav
                </comment-text>
                <comment-text-transliterated>Nikolic uvek ima izuzetne govore, zbog toga sto ih pise iskreno, iz srca.
                    Kao sto vidite i izraelski amabasador je to prepoznao, uprkos zlonamernim komentarima. Jevreji su
                    bili izuzetan narod, izuzetno nadaren, dali su svetu najveci broj umnih ljudi i genija, muzicara,
                    pisaca, umetnika, naucnika... A tragediju koju su nosili vekovima, izgnanstvo koje i h je pratilo,
                    ima li naroda koji je teze nosio? Srbi su iznad svega uvek bili saosecajan narod, spremni da
                    razumeju i prihvate one koji su u nevolji i potpuno je prirodno prijateljstvo ova dva naroda. I
                    Hriscanstvo smo dobili od Jevreja... Zelimo svima mir, utehu i ljubav
                </comment-text-transliterated>
            </comment>
            <comment comment-id="17">
                <comment-parent-id/>
                <comment-text>Нема ничега спорног у изајви г.Николића на комеморативном скупу на Ст.сајми-шту, за кога
                    нисам гласао нити сам поборник његове даншње политике и да сам у праву што се тиче
                    полит.опредељења,показује баш овај скандал.Иако судошли са предизборним обећањима,делом загонетних,у
                    једном су били екс-плицитни.Наиме обећали су да ће преиспитати рад многобројних НВО које че- често
                    служе као дежурни узбуњивачи и морализатори за страног наручиоца који их плаћа па када им учинак
                    ослаби,у страху да ће изгубити апанажу,поја-вљују се као чупогалвац из кутије,производећи шок
                    окренут према спољномјавном мњењу,због чега и примају паре.Ништа нису урадили у том погледу и сада
                    им се то вратило као бумеранг па је тако нека Јана Беч Наума,наша др-жављанка,на комеморацији у
                    Аушвицу упоредила Србреницу и Аушвиц(!!!) доводећи у везу нацисте и наше данашње лидере на власти!!!
                    Овакав скан-дал не би треба да буде без одговора и до краја треба истерати на чистинуовај канцер у
                    Србији,који траје и даље.
                </comment-text>
                <comment-text-transliterated>Nema ničega spornog u izajvi g.Nikolića na komemorativnom skupu na
                    St.sajmi-štu, za koga nisam glasao niti sam pobornik njegove danšnje politike i da sam u pravu što
                    se tiče polit.opredeljenja,pokazuje baš ovaj skandal.Iako sudošli sa predizbornim obećanjima,delom
                    zagonetnih,u jednom su bili eks-plicitni.Naime obećali su da će preispitati rad mnogobrojnih NVO
                    koje če- često služe kao dežurni uzbunjivači i moralizatori za stranog naručioca koji ih plaća pa
                    kada im učinak oslabi,u strahu da će izgubiti apanažu,poja-vljuju se kao čupogalvac iz
                    kutije,proizvodeći šok okrenut prema spoljnomjavnom mnjenju,zbog čega i primaju pare.Ništa nisu
                    uradili u tom pogledu i sada im se to vratilo kao bumerang pa je tako neka Jana Beč Nauma,naša
                    dr-žavljanka,na komemoraciji u Aušvicu uporedila Srbrenicu i Aušvic(!!!) dovodeći u vezu naciste i
                    naše današnje lidere na vlasti!!! Ovakav skan-dal ne bi treba da bude bez odgovora i do kraja treba
                    isterati na čistinuovaj kancer u Srbiji,koji traje i dalje.
                </comment-text-transliterated>
            </comment>
            <comment comment-id="18">
                <comment-parent-id/>
                <comment-text>Mene u svemu ovome cudi nesto drugo.Otkud gospodji Biserko i kompaniji pravo da se
                    stavljaju u ulogu branitelja Jevreja? Svima je poznato da svaka neodmerena izjava odmah nailazi na
                    osudu jevrejske zajednice i njima drveni advokati nisu potrebni. Iza toga stoji nesto drugo, potreba
                    da se u kontinuitetu ponavlja Nikolicevo ime u negativnom kontekstu u javnosti. Kome to odgovara i
                    zasto nije tesko zakljuciti. Dovoljno je pogledati ko su glavni sponzori.
                </comment-text>
                <comment-text-transliterated>Mene u svemu ovome cudi nesto drugo.Otkud gospodji Biserko i kompaniji
                    pravo da se stavljaju u ulogu branitelja Jevreja? Svima je poznato da svaka neodmerena izjava odmah
                    nailazi na osudu jevrejske zajednice i njima drveni advokati nisu potrebni. Iza toga stoji nesto
                    drugo, potreba da se u kontinuitetu ponavlja Nikolicevo ime u negativnom kontekstu u javnosti. Kome
                    to odgovara i zasto nije tesko zakljuciti. Dovoljno je pogledati ko su glavni sponzori.
                </comment-text-transliterated>
            </comment>
            <comment comment-id="19">
                <comment-parent-id/>
                <comment-text>Predsednik Nikolic je sa puno zdravih i dirljivih emocija rekao ono sto sav normalan i
                    zdrav ljudski um zna!!!Jevreji su svojim pozrtvovanim radom postali ono sto jesu u svim drustvenim
                    slojevima USPESHNI .Mnogima to i danas smeta!!!Ovi koji nalaze zamerke Nikolicu su placeni za to.
                </comment-text>
                <comment-text-transliterated>Predsednik Nikolic je sa puno zdravih i dirljivih emocija rekao ono sto sav
                    normalan i zdrav ljudski um zna!!!Jevreji su svojim pozrtvovanim radom postali ono sto jesu u svim
                    drustvenim slojevima USPESHNI .Mnogima to i danas smeta!!!Ovi koji nalaze zamerke Nikolicu su
                    placeni za to.
                </comment-text-transliterated>
            </comment>
            <comment comment-id="20">
                <comment-parent-id/>
                <comment-text>Reakcija Izraelskog ambasadora je normalna,kao sto je reakcija NVO bolesna,pretenciozna i
                    zlonamerna..Sa obzirom da je "rad" i delovanje kandicke dobro poznato i "omiljeno" u javnosti, ne
                    cudi..
                </comment-text>
                <comment-text-transliterated>Reakcija Izraelskog ambasadora je normalna,kao sto je reakcija NVO
                    bolesna,pretenciozna i zlonamerna..Sa obzirom da je "rad" i delovanje kandicke dobro poznato i
                    "omiljeno" u javnosti, ne cudi..
                </comment-text-transliterated>
            </comment>
            <comment comment-id="21">
                <comment-parent-id/>
                <comment-text>Da su sposobni i talentovani sasvim stoji. Medjutim prilicno su zatvoreni krug medjusobnih
                    pomagaca i lobista gde god da su. To je verovatno i opravdano, kao jedini nacin opstanka i ocuvanja
                    identiteta u rasejanju. Medjutim njihov uspeh kao naroda u celini se zloupotrebljava. Oni su bili
                    Hitlerovi korisni idioti za topovsko meso, a danas su korisni idioti jedne malene elite njihovih
                    nazovi sunarodnika, koji vedre i oblace, a obicni Jevreji ispastaju njihove nista manje zlocinacke
                    agende od gorepomenutog s brcicima.
                </comment-text>
                <comment-text-transliterated>Da su sposobni i talentovani sasvim stoji. Medjutim prilicno su zatvoreni
                    krug medjusobnih pomagaca i lobista gde god da su. To je verovatno i opravdano, kao jedini nacin
                    opstanka i ocuvanja identiteta u rasejanju. Medjutim njihov uspeh kao naroda u celini se
                    zloupotrebljava. Oni su bili Hitlerovi korisni idioti za topovsko meso, a danas su korisni idioti
                    jedne malene elite njihovih nazovi sunarodnika, koji vedre i oblace, a obicni Jevreji ispastaju
                    njihove nista manje zlocinacke agende od gorepomenutog s brcicima.
                </comment-text-transliterated>
            </comment>
            <comment comment-id="22">
                <comment-parent-id/>
                <comment-text>Nikolić I dalje u svom stilu ali ovog puta nemam zamerku iako sve to malo zvuči čudno
                    posebno sterotip o jeverejima kao doktorima profesorima umetnicima advokatima I imućnim ljudima
                    ....ali to iz domaće istorijske precepcije tako I izgleda...uostalom Nikolić nepiše govore on ih
                    samo čita ali ja se u ovom slučaju nebih mnogo obazirao ipak ima Nikolić mnogo gafova za koje ga
                    treba prozvati I nakraju ceo SNS jer su ugasili svetlo u Srbiji a narod voli da živi u mraku
                    ....posledni primer je slučaj Obdusmana na kome se vidi ko je I šta je SNS ...koriste srpsku
                    opsednutost I zadivljenost misterijama I teorijama zavera koje službe Itekako serviraju ....bruka I
                    sramota
                </comment-text>
                <comment-text-transliterated>Nikolić I dalje u svom stilu ali ovog puta nemam zamerku iako sve to malo
                    zvuči čudno posebno sterotip o jeverejima kao doktorima profesorima umetnicima advokatima I imućnim
                    ljudima ....ali to iz domaće istorijske precepcije tako I izgleda...uostalom Nikolić nepiše govore
                    on ih samo čita ali ja se u ovom slučaju nebih mnogo obazirao ipak ima Nikolić mnogo gafova za koje
                    ga treba prozvati I nakraju ceo SNS jer su ugasili svetlo u Srbiji a narod voli da živi u mraku
                    ....posledni primer je slučaj Obdusmana na kome se vidi ko je I šta je SNS ...koriste srpsku
                    opsednutost I zadivljenost misterijama I teorijama zavera koje službe Itekako serviraju ....bruka I
                    sramota
                </comment-text-transliterated>
            </comment>
            <comment comment-id="23">
                <comment-parent-id/>
                <comment-text>"Можда је опасна посебност те мањине била у томе што је она била превише заступљена у
                    престижним професијама, посебно у области уметности, финансија и науке". Не можда него сигурно.
                    Свиђало се то некоме или не, Јевреју јесу најинтелигентнија и најспособнија нација која обитава на
                    кугли земаљској. Само да поменем Ајнштајна и Њутна и мислим да је сасвим довољно. А о силним
                    лекарима, композиторима, музичарима, филмским режисерима и свима осталима да и не говорим. Само
                    пребројте добитнике Нобелових награда (у доба када је та награда нешто значила, не у последњих 10
                    година).
                </comment-text>
                <comment-text-transliterated>"Možda je opasna posebnost te manjine bila u tome što je ona bila previše
                    zastupljena u prestižnim profesijama, posebno u oblasti umetnosti, finansija i nauke". Ne možda nego
                    sigurno. Sviđalo se to nekome ili ne, Jevreju jesu najinteligentnija i najsposobnija nacija koja
                    obitava na kugli zemaljskoj. Samo da pomenem Ajnštajna i Njutna i mislim da je sasvim dovoljno. A o
                    silnim lekarima, kompozitorima, muzičarima, filmskim režiserima i svima ostalima da i ne govorim.
                    Samo prebrojte dobitnike Nobelovih nagrada (u doba kada je ta nagrada nešto značila, ne u poslednjih
                    10 godina).
                </comment-text-transliterated>
            </comment>
        </comment-list>
    </comments>
</document>