<document global-id="sr-01-1309"><url>http://www.politika.rs/scc/clanak/444330/%D0%89%D1%83%D0%B1%D0%B0%D0%B2-%D0%BC%D0%B5-%D0%B8%D0%BD%D1%81%D0%BF%D0%B8%D1%80%D0%B8%D1%88%D0%B5-%D0%B8-%D0%BF%D0%BE%D0%BA%D1%80%D0%B5%D1%9B%D0%B5</url><source-id>sr-01</source-id><local-id>sr-01-1309</local-id><source-name>Politika</source-name><article><article-title>Љубав ме инспирише и покреће</article-title><article-title-transliterated>Ljubav me inspiriše i pokreće</article-title-transliterated><article_time>2019-12-19</article_time><article-author>Isidora Masniković</article-author><article-text>
Двадесет петогодишња Маријана Мошић поред тога што је шармантна, лепа, атрактивна, она је и веома љупка, образована, причљива, па стога не чуди што јој је каријера, додуше веома успешна, у свету манекенства брзо досадила и што је овај позив, на неки начин, прерасла. Пожелела је да се бави нечим озбиљнијим, зрелијим где би могла да покаже и своју креативност, али и уметнички дар. Јер, сматра да сваки новинар у себи мора да има уметничку црту и маштовитост, а она је има, напретек. Одувек је лепо писала, научила je да чита и пише већ са четири године, побеђивала на литерарним конкурсима, писала старијем брату саставе и своје емоције исказивала кроз писану реч. И тако побила све предрасуде – да лепе девојке, поред атрактивне спољашњости, имају и те како и нечим другим да се подиче. Мада, истиче, са предрасудама се и даље бори. Али, више не хаје за њих. Очврсла је, сазрела и научила да јој је најважније шта о њој мисле ближњи и пријатељи. Савест јој је, тврди, мирна. И ужива у новинарству којим се бави већ годину дана. У овом динамичном послу се одмах пронашла јер је авантуристичког духа и не држи је место. Не би могла да замисли себе у некој канцеларији омеђена зидовима. Одговара јој репортерски посао и јурење по терену у потрази за добром причом. Љубав, како каже, најважнија јој је у животу и главни покретач. Љубав према послу, породици, науци, дечку… У необавезном ћаскању нам открива да је неко време због манекенства живела и у Паризу где је стекла многобројна пријатељства, а и дан-данас повремено се чује са другарицом из Монголије. Такође, у овом свету упознала је и многе иностране звезде.
Посао модела јој се највише допао управо због тога што јој је пружио могућност да упознаје људе из различитих крајева света, али и да доста путује. Поверава нам да никада није имала лоша искуства, нити непристојне понуде. Посао модела је, истиче, јако напоран, али леп. Кастинзи и снимања трају по цео дан, често без паузе за одмор или оброк. Обично дом дели са другим девојкама, па је веома важно успоставити добар однос са њима. Наравно, каже, није увек све гламурозно како људи мисле, нити је све у складу са нашим очекивањима. Велика је конкуренција, овај посао захтева велика одрицања и посвећивање.
– Нису ми биле толико важне насловне стране и рад за најпознатије робне марке, колико путовања и дружења. То је леп посао али само до одређених година. Себе нисам више видела у овом свету. Све је мање-више исто, долазе неке нове девојке, не проналазим више изазов у овом послу. Желела сам нешто више од пуког сликања – искрено прича Маријана, признајући да ју је ипак искуство које је стекла у овом послу изградило као личност и драго јој је што је остварила и овај девојачки сан.
Тренутно јој је циљ да заврши студије дипломатије и безбедности, као и да стечено знање касније употреби у новинарству. Веома је задовољна својим животом. Искрено нам поверава да је највише због дечка, који студира у Ници, желела да се стационира. Он јој је одувек био највећа подршка, поред породице. Љубав и образовање су пресудили да изађе из света моделинга.
А како се определила баш за новинарство?
На ТВ Прва је била аудиција за нова лица на којој је прошла. Веома је срећна, каже, што је постала део редакције „Ексклузива”. Након првог одласка на терен са колегиницом, заљубила се у овај посао. Свиђа јој се и што може да креира причу на лицу места, што има слободу да сама осмисли прилог, да често од нечег што можда није тако занимљиво, направи гламурозну причу. На почетку се мало прибојавала како ће јавне личности реаговати на њена питања, какав ће имати однос, да ли ће бити арогантни, иако јој свет шоу бизниса није стран. Међутим, временом је схватила да је све како треба, а чак је многа познанства стекла преко овог посла. Лепо се слаже са колегама у редакцији, каже да сви функционишу као права породица. Уредница Данијела Бузуровић јој доста помаже.
– Испунила сам још један велики сан. Као дете, поред моделинга, маштала сам да се бавим новинарством. Одувек сам била велика брбљивица. Увек сам спремна за комуникацију, никад ми није проблем да приђем неком, волим да питам кад ме нешто интересује – овако описује себе.
Свакако, смелост и опуштеност пред камерама стекла је захваљујући и школи глуме коју је похађала у родном Крагујевцу код професора Владимира Ђорђевића.
Хвали нам се и да је била статиста у холивудским филмовима „Папилон” и „I mayhem“... То је за њу било драгоцено искуство јер је видела како раде озбиљне продукције и како је бити део правог филмског сета. Упознала је и главног глумца филма „Папилон” Чарлија Ханама, са осмехом додаје. Али, и поред свих тих искустава, новинарство је дефинитивно занимање којим жели да се бави у будућности. Воли да учи и сматра да је веома важно радити на свом образовању током читавог живота.

Склоност ка уметности наследила је од прерано преминулог оца који је лепо цртао, док се деда аматерски бавио глумом. Ујак такође има објављену збирку песама. Сестра од тетке велики је познавалац грчког језика. Тако да сви у породици воле уметност и сви су веома креативни. Има рођеног брата и сестру.
– Мислим да су моји одувек знали да ћу отићи у овом правцу јер сам још као дете трчала испред камера када ујак снима породична славља. Увек сам волела да се сликам и да будем у центру пажње. Красила ме је велика енергија, а верујем и да је сада тако. Тату сам изгубила пре седам година и то ми је тешко пало. Сигурна сам да би био поносан на мене јер њему могу да захвалим на лепом васпитању, усмеравању и што ме није прерано пустио да се отиснем у свет – са тугом прича, објашњавајући да јој је отац био веома патријархалан.
– Није желео да са 14 година одем у свет и да ме неко други васпитава. Мислим да је био у праву. Захвална сам му због тога. Да сам у тим годинама отишла у бели свет, колико год да сам лепо васпитана, мислим да бих можда била склонији неким другим утицајима – присећа се свог оца.
Са 18 година се осамосталила и преселила у Београд. Породица јој веома недостаје, али се већ навикла на нов живот у великом граду.
Не воли попут њених вршњакиња друштвене мреже, профил јој је приватан. Иако је свесна да оне могу бити корисне, ипак не жели да се експонира на овај начин, јер, према њеном мишљењу, постоје бољи начини да се човек покаже колико заиста вреди.
Била је и Мис туризма прошле године. Обишла је целу Кину и то јој је било најлепше искуство у животу јер је упознала и руралне крајеве ове далекоисточне земље и упознала много дивних девојака. Са колегиницом из Венецуеле је остварила дивно пријатељство. Лепа Венецуеланка ју је прозвала својом латино сестром због Маријанине тамније пути.
У слободно време учи, полаже испите са десеткама, али и ужива у заједничким вечерама и одласку у позориште са дечком. С нестрпљењем ишчекују представу Радоја Домановића „Наши дани”.
</article-text><article-text-transliterated>
Dvadeset petogodišnja Marijana Mošić pored toga što je šarmantna, lepa, atraktivna, ona je i veoma ljupka, obrazovana, pričljiva, pa stoga ne čudi što joj je karijera, doduše veoma uspešna, u svetu manekenstva brzo dosadila i što je ovaj poziv, na neki način, prerasla. Poželela je da se bavi nečim ozbiljnijim, zrelijim gde bi mogla da pokaže i svoju kreativnost, ali i umetnički dar. Jer, smatra da svaki novinar u sebi mora da ima umetničku crtu i maštovitost, a ona je ima, napretek. Oduvek je lepo pisala, naučila je da čita i piše već sa četiri godine, pobeđivala na literarnim konkursima, pisala starijem bratu sastave i svoje emocije iskazivala kroz pisanu reč. I tako pobila sve predrasude – da lepe devojke, pored atraktivne spoljašnjosti, imaju i te kako i nečim drugim da se podiče. Mada, ističe, sa predrasudama se i dalje bori. Ali, više ne haje za njih. Očvrsla je, sazrela i naučila da joj je najvažnije šta o njoj misle bližnji i prijatelji. Savest joj je, tvrdi, mirna. I uživa u novinarstvu kojim se bavi već godinu dana. U ovom dinamičnom poslu se odmah pronašla jer je avanturističkog duha i ne drži je mesto. Ne bi mogla da zamisli sebe u nekoj kancelariji omeđena zidovima. Odgovara joj reporterski posao i jurenje po terenu u potrazi za dobrom pričom. Ljubav, kako kaže, najvažnija joj je u životu i glavni pokretač. Ljubav prema poslu, porodici, nauci, dečku… U neobaveznom ćaskanju nam otkriva da je neko vreme zbog manekenstva živela i u Parizu gde je stekla mnogobrojna prijateljstva, a i dan-danas povremeno se čuje sa drugaricom iz Mongolije. Takođe, u ovom svetu upoznala je i mnoge inostrane zvezde.
Posao modela joj se najviše dopao upravo zbog toga što joj je pružio mogućnost da upoznaje ljude iz različitih krajeva sveta, ali i da dosta putuje. Poverava nam da nikada nije imala loša iskustva, niti nepristojne ponude. Posao modela je, ističe, jako naporan, ali lep. Kastinzi i snimanja traju po ceo dan, često bez pauze za odmor ili obrok. Obično dom deli sa drugim devojkama, pa je veoma važno uspostaviti dobar odnos sa njima. Naravno, kaže, nije uvek sve glamurozno kako ljudi misle, niti je sve u skladu sa našim očekivanjima. Velika je konkurencija, ovaj posao zahteva velika odricanja i posvećivanje.
– Nisu mi bile toliko važne naslovne strane i rad za najpoznatije robne marke, koliko putovanja i druženja. To je lep posao ali samo do određenih godina. Sebe nisam više videla u ovom svetu. Sve je manje-više isto, dolaze neke nove devojke, ne pronalazim više izazov u ovom poslu. Želela sam nešto više od pukog slikanja – iskreno priča Marijana, priznajući da ju je ipak iskustvo koje je stekla u ovom poslu izgradilo kao ličnost i drago joj je što je ostvarila i ovaj devojački san.
Trenutno joj je cilj da završi studije diplomatije i bezbednosti, kao i da stečeno znanje kasnije upotrebi u novinarstvu. Veoma je zadovoljna svojim životom. Iskreno nam poverava da je najviše zbog dečka, koji studira u Nici, želela da se stacionira. On joj je oduvek bio najveća podrška, pored porodice. Ljubav i obrazovanje su presudili da izađe iz sveta modelinga.
A kako se opredelila baš za novinarstvo?
Na TV Prva je bila audicija za nova lica na kojoj je prošla. Veoma je srećna, kaže, što je postala deo redakcije „Ekskluziva”. Nakon prvog odlaska na teren sa koleginicom, zaljubila se u ovaj posao. Sviđa joj se i što može da kreira priču na licu mesta, što ima slobodu da sama osmisli prilog, da često od nečeg što možda nije tako zanimljivo, napravi glamuroznu priču. Na početku se malo pribojavala kako će javne ličnosti reagovati na njena pitanja, kakav će imati odnos, da li će biti arogantni, iako joj svet šou biznisa nije stran. Međutim, vremenom je shvatila da je sve kako treba, a čak je mnoga poznanstva stekla preko ovog posla. Lepo se slaže sa kolegama u redakciji, kaže da svi funkcionišu kao prava porodica. Urednica Danijela Buzurović joj dosta pomaže.
– Ispunila sam još jedan veliki san. Kao dete, pored modelinga, maštala sam da se bavim novinarstvom. Oduvek sam bila velika brbljivica. Uvek sam spremna za komunikaciju, nikad mi nije problem da priđem nekom, volim da pitam kad me nešto interesuje – ovako opisuje sebe.
Svakako, smelost i opuštenost pred kamerama stekla je zahvaljujući i školi glume koju je pohađala u rodnom Kragujevcu kod profesora Vladimira Đorđevića.
Hvali nam se i da je bila statista u holivudskim filmovima „Papilon” i „I mayhem“... To je za nju bilo dragoceno iskustvo jer je videla kako rade ozbiljne produkcije i kako je biti deo pravog filmskog seta. Upoznala je i glavnog glumca filma „Papilon” Čarlija Hanama, sa osmehom dodaje. Ali, i pored svih tih iskustava, novinarstvo je definitivno zanimanje kojim želi da se bavi u budućnosti. Voli da uči i smatra da je veoma važno raditi na svom obrazovanju tokom čitavog života.

Sklonost ka umetnosti nasledila je od prerano preminulog oca koji je lepo crtao, dok se deda amaterski bavio glumom. Ujak takođe ima objavljenu zbirku pesama. Sestra od tetke veliki je poznavalac grčkog jezika. Tako da svi u porodici vole umetnost i svi su veoma kreativni. Ima rođenog brata i sestru.
– Mislim da su moji oduvek znali da ću otići u ovom pravcu jer sam još kao dete trčala ispred kamera kada ujak snima porodična slavlja. Uvek sam volela da se slikam i da budem u centru pažnje. Krasila me je velika energija, a verujem i da je sada tako. Tatu sam izgubila pre sedam godina i to mi je teško palo. Sigurna sam da bi bio ponosan na mene jer njemu mogu da zahvalim na lepom vaspitanju, usmeravanju i što me nije prerano pustio da se otisnem u svet – sa tugom priča, objašnjavajući da joj je otac bio veoma patrijarhalan.
– Nije želeo da sa 14 godina odem u svet i da me neko drugi vaspitava. Mislim da je bio u pravu. Zahvalna sam mu zbog toga. Da sam u tim godinama otišla u beli svet, koliko god da sam lepo vaspitana, mislim da bih možda bila skloniji nekim drugim uticajima – priseća se svog oca.
Sa 18 godina se osamostalila i preselila u Beograd. Porodica joj veoma nedostaje, ali se već navikla na nov život u velikom gradu.
Ne voli poput njenih vršnjakinja društvene mreže, profil joj je privatan. Iako je svesna da one mogu biti korisne, ipak ne želi da se eksponira na ovaj način, jer, prema njenom mišljenju, postoje bolji načini da se čovek pokaže koliko zaista vredi.
Bila je i Mis turizma prošle godine. Obišla je celu Kinu i to joj je bilo najlepše iskustvo u životu jer je upoznala i ruralne krajeve ove dalekoistočne zemlje i upoznala mnogo divnih devojaka. Sa koleginicom iz Venecuele je ostvarila divno prijateljstvo. Lepa Venecuelanka ju je prozvala svojom latino sestrom zbog Marijanine tamnije puti.
U slobodno vreme uči, polaže ispite sa desetkama, ali i uživa u zajedničkim večerama i odlasku u pozorište sa dečkom. S nestrpljenjem iščekuju predstavu Radoja Domanovića „Naši dani”.
</article-text-transliterated></article><comments><comments-count>0</comments-count><comments-list /></comments></document>