<document global-id="sr-01-1299"><url>http://www.politika.rs/scc/clanak/334788/%D0%9B%D0%B8%D1%81%D0%B0%D1%86-%D1%98%D0%B5-%D0%BE%D0%B4%D1%83%D0%B2%D0%B5%D0%BA-%D0%B1%D0%B8%D0%BE-%D0%BB%D0%BE%D0%B2%D0%B0%D1%86</url><source-id>sr-01</source-id><local-id>sr-01-1299</local-id><source-name>Politika</source-name><article><article-title>Лисац је одувек био ловац</article-title><article-title-transliterated>Lisac je oduvek bio lovac</article-title-transliterated><article_time>2015-08-02</article_time><article-author>M. Vulićević</article-author><article-text>
Живот у репресивном друштву Румуније из доба Чаушескуа имао је пресудни утицај на стваралаштво нобеловке Херте Милер, а описан је и у њеном раном роману „Лисац је одувек био ловац”, из 1992. године, који сада први пут на српском језику објављују „Лагуна” и „Златни змај”, у преводу с немачког Небојше Бараћа. У овој књизи поетским симболичним сликама дочаран је пакао живота под сталним надзoром и потказивањем. Наставница Адина преко лисичијег крзна, које држи у стану, и коме из дана у дан бивају одсечени екстремитети, открива да је надзире тајна полиција. Међутим, атмосфера овог приповедног света смештеног у последње дане Чаушескуовог режима, света који поред Адине чине још и фабричка радница Клара и музичар Паул, не мења се много ни после свргавања диктатора.
Симболика наслова, која као да говори да вук длаку мења, али да његова ћуд остаје иста, показује да систем страха и обесправљености и даље опстаје. „Неки људи су и даље гладни, сиромашни и подозриви. Неки пријатељи постали су издајице, други су нестали, вероватно су убијени; бивши директори наједном су наставници, управници су се преко ноћи преметнули у директоре... Јер колико год диктатори страшни били у јеку своје владавине, они су то што јесу само зато што иза њих стоји моћна машинерија од чије воље, то јест интереса зависе сви и све. И сами диктатори. Само `један капут замењује други`. Јер лисац је одувек био ловац”, написао је Небојша Бараћ.
Херта Милер (1953), рођена у округу Тимиш у Румунији, Немица и кћерка бившег члана организације Вафен-СС, седамдесетих година 20. века изгубила је посао преводиоца у једној фабрици због тога што је одбила да постане шпијун румунске тајне службе Секуритатее. Уместо тога, почела је да пише и прикључила се опозиционом покрету. Како је касније рекла, писање је тада био начин да помогне себи, у тренуцима када је притисак постајао неиздржив. Од 1985. године тражила је дозволу за исељење, и две године касније било јој је дозвољено да напусти Румунију. Од тада живи у Берлину. Нобелову награду за књижевност добила је 2009. године.
Сликом једног париског кварта као макете, преко чијих малих улица и зграда руком прелази слепа девојка, како би у свести сачувала пут до Националног природњачког музеја, у којем је запослен њен отац, започиње роман „Сва светлост коју не видимо” („Лагуна”) америчког писца Ентонија Дора, који је ове године добио Пулицерову награду за прозу. Дор је са овом књигом прошле године био и у најужем избору за националну књижевну награду. Ово дело епским замахом укршта два живота у Другом светском рату: слепу девојку Мари Лору и немачког војника Вернера. Било је потребно време и да се много тога догоди како би се ове две паралелне животне путање укрстиле, живот девојке у избеглиштву из Париза и немачког војника на европским ратиштима. А укрстиле су се с том сврхом да Вернер, осетљиви младић који никада није био рођен за ратника, Мари Лори три пута спасе живот, како би она доживела нови век и наставила да га се сећа. Роман је с енглеског превела Дубравка Срећковић Дивковић.
Стивен Кинг се поред осведоченог култног писца хорор жанра показао и врсним не-хорор приповедачем у књизи „Годишња доба”, коју је за издавачку кућу „Бука” превео Горан Скробоња. Ово издање чине новеле: „Рита Хејворт и искупљење у Шошенку”, „Надарен ученик”, „Леш” и „Метод дисања”. На основу прве три новеле снимљени су филмови „Бекство из Шошенка”, у режији Френка Дарабонта, „Надарен ученик” Брајана Сингера и „Остани уз мене” Роба Рајнера.
Како је у поговору објаснио Стивен Кинг „свака од ових подужих прича написана је непосредно по завршетку романа”.
– Као да сам увек завршавао велики посао с таман довољно бензина у резервоару да избацим још једну позамашну новелу. „Леш”, најстарија прича од ових, написана одмах после романа „Салемово”; „Надарени ученик” је уобличен у двонедељном периоду после завршетка „Исијавања” (а после „Надареног ученика” нисам ништа писао три месеца, био сам изможден). Новела „Рита Хејворт и искупљење у Шошенку” појавила се по завршетку „Мртве зоне”; а „Метод дисања”, најскорија је од ових прича, светлост дана угледавши одмах после „Потпаљивачице”, написао је Стивен Кинг 4. јануара 1982. године, откривајући уједно да за њега није био проблем што је после књига о девојци са способношћу телекинезе („Кери”), дела о вампирима („Салемово”) као и фабуле о уклетом хотелу („Исијавање”) етикетиран као писац хорор жанра. Новеле из књиге „Годишња доба” говоре о великом бекству Ендија Дуфрејна, кога после затворског пакла замишљамо у рају на земљи званом Зихуатанехо; о језивом пакту серијских убица бескућника; о тинејџерима који крећу у потрагу за другом, за кога се сумња да је мртав, као и о атмосфери рађања новог живота.
</article-text><article-text-transliterated>
Život u represivnom društvu Rumunije iz doba Čaušeskua imao je presudni uticaj na stvaralaštvo nobelovke Herte Miler, a opisan je i u njenom ranom romanu „Lisac je oduvek bio lovac”, iz 1992. godine, koji sada prvi put na srpskom jeziku objavljuju „Laguna” i „Zlatni zmaj”, u prevodu s nemačkog Nebojše Baraća. U ovoj knjizi poetskim simboličnim slikama dočaran je pakao života pod stalnim nadzorom i potkazivanjem. Nastavnica Adina preko lisičijeg krzna, koje drži u stanu, i kome iz dana u dan bivaju odsečeni ekstremiteti, otkriva da je nadzire tajna policija. Međutim, atmosfera ovog pripovednog sveta smeštenog u poslednje dane Čaušeskuovog režima, sveta koji pored Adine čine još i fabrička radnica Klara i muzičar Paul, ne menja se mnogo ni posle svrgavanja diktatora.
Simbolika naslova, koja kao da govori da vuk dlaku menja, ali da njegova ćud ostaje ista, pokazuje da sistem straha i obespravljenosti i dalje opstaje. „Neki ljudi su i dalje gladni, siromašni i podozrivi. Neki prijatelji postali su izdajice, drugi su nestali, verovatno su ubijeni; bivši direktori najednom su nastavnici, upravnici su se preko noći premetnuli u direktore... Jer koliko god diktatori strašni bili u jeku svoje vladavine, oni su to što jesu samo zato što iza njih stoji moćna mašinerija od čije volje, to jest interesa zavise svi i sve. I sami diktatori. Samo `jedan kaput zamenjuje drugi`. Jer lisac je oduvek bio lovac”, napisao je Nebojša Barać.
Herta Miler (1953), rođena u okrugu Timiš u Rumuniji, Nemica i kćerka bivšeg člana organizacije Vafen-SS, sedamdesetih godina 20. veka izgubila je posao prevodioca u jednoj fabrici zbog toga što je odbila da postane špijun rumunske tajne službe Sekuritatee. Umesto toga, počela je da piše i priključila se opozicionom pokretu. Kako je kasnije rekla, pisanje je tada bio način da pomogne sebi, u trenucima kada je pritisak postajao neizdrživ. Od 1985. godine tražila je dozvolu za iseljenje, i dve godine kasnije bilo joj je dozvoljeno da napusti Rumuniju. Od tada živi u Berlinu. Nobelovu nagradu za književnost dobila je 2009. godine.
Slikom jednog pariskog kvarta kao makete, preko čijih malih ulica i zgrada rukom prelazi slepa devojka, kako bi u svesti sačuvala put do Nacionalnog prirodnjačkog muzeja, u kojem je zaposlen njen otac, započinje roman „Sva svetlost koju ne vidimo” („Laguna”) američkog pisca Entonija Dora, koji je ove godine dobio Pulicerovu nagradu za prozu. Dor je sa ovom knjigom prošle godine bio i u najužem izboru za nacionalnu književnu nagradu. Ovo delo epskim zamahom ukršta dva života u Drugom svetskom ratu: slepu devojku Mari Loru i nemačkog vojnika Vernera. Bilo je potrebno vreme i da se mnogo toga dogodi kako bi se ove dve paralelne životne putanje ukrstile, život devojke u izbeglištvu iz Pariza i nemačkog vojnika na evropskim ratištima. A ukrstile su se s tom svrhom da Verner, osetljivi mladić koji nikada nije bio rođen za ratnika, Mari Lori tri puta spase život, kako bi ona doživela novi vek i nastavila da ga se seća. Roman je s engleskog prevela Dubravka Srećković Divković.
Stiven King se pored osvedočenog kultnog pisca horor žanra pokazao i vrsnim ne-horor pripovedačem u knjizi „Godišnja doba”, koju je za izdavačku kuću „Buka” preveo Goran Skrobonja. Ovo izdanje čine novele: „Rita Hejvort i iskupljenje u Šošenku”, „Nadaren učenik”, „Leš” i „Metod disanja”. Na osnovu prve tri novele snimljeni su filmovi „Bekstvo iz Šošenka”, u režiji Frenka Darabonta, „Nadaren učenik” Brajana Singera i „Ostani uz mene” Roba Rajnera.
Kako je u pogovoru objasnio Stiven King „svaka od ovih podužih priča napisana je neposredno po završetku romana”.
– Kao da sam uvek završavao veliki posao s taman dovoljno benzina u rezervoaru da izbacim još jednu pozamašnu novelu. „Leš”, najstarija priča od ovih, napisana odmah posle romana „Salemovo”; „Nadareni učenik” je uobličen u dvonedeljnom periodu posle završetka „Isijavanja” (a posle „Nadarenog učenika” nisam ništa pisao tri meseca, bio sam izmožden). Novela „Rita Hejvort i iskupljenje u Šošenku” pojavila se po završetku „Mrtve zone”; a „Metod disanja”, najskorija je od ovih priča, svetlost dana ugledavši odmah posle „Potpaljivačice”, napisao je Stiven King 4. januara 1982. godine, otkrivajući ujedno da za njega nije bio problem što je posle knjiga o devojci sa sposobnošću telekineze („Keri”), dela o vampirima („Salemovo”) kao i fabule o ukletom hotelu („Isijavanje”) etiketiran kao pisac horor žanra. Novele iz knjige „Godišnja doba” govore o velikom bekstvu Endija Dufrejna, koga posle zatvorskog pakla zamišljamo u raju na zemlji zvanom Zihuataneho; o jezivom paktu serijskih ubica beskućnika; o tinejdžerima koji kreću u potragu za drugom, za koga se sumnja da je mrtav, kao i o atmosferi rađanja novog života.
</article-text-transliterated></article><comments><comments-count>1</comments-count><comments-list><comment comment-id="1"><comment-parent-id /><comment-text>Из принципа већ одавно не купујем књиге на српском језику а штампане на латиници.</comment-text><comment-text-transliterated>Iz principa već odavno ne kupujem knjige na srpskom jeziku a štampane na latinici.</comment-text-transliterated></comment></comments-list></comments></document>