<document global-id="sr-01-1467">
    <url>
        http://www.politika.rs/scc/clanak/354624/%D0%9C%D0%BE%D0%B3%D0%B5%D1%80%D0%B8%D0%BD%D0%B8-%D0%9C%D0%BD%D0%BE%D0%B3%D0%BE-%D1%98%D0%B5-%D1%80%D0%B0%D0%B7%D0%BB%D0%BE%D0%B3%D0%B0-%D0%B4%D0%B0-%D0%B8-%D0%B4%D0%B0%D0%BD%D0%B0%D1%81-%D0%BE%D0%B1%D0%B5%D0%BB%D0%B5%D0%B6%D0%B0%D0%B2%D0%B0%D0%BC%D0%BE-%D0%94%D0%B0%D0%BD-%D0%95%D0%B2%D1%80%D0%BE%D0%BF%D0%B5
    </url>
    <source-id>sr-01</source-id>
    <local-id>1467</local-id>
    <source-name>Politika</source-name>
    <article>
        <article-title>Могерини: Много је разлога да и данас обележавамо Дан Европе</article-title>
        <article-title-transliterated>Mogerini: Mnogo je razloga da i danas obeležavamo Dan Evrope
        </article-title-transliterated>
        <article-time>2016-05-09</article-time>
        <article-author/>
        <article-text>БРИСЕЛ – Висока представница ЕУ за спољну политику и безбедност и потпредседница Европске комисије
            Федерика Могерини је, у видео поруци поводом Дана Европе, рекла да постоји много разлога да се овај дан и
            даље обележава, иако је свесна да ће се многи данас питати да ли је и даље тако.
            Она је навела да се први пут у својој историји ЕУ суочава са егзистенцијалном претњом, али да није реч само
            о тероризму и да свакако није реч о миграцијама јер, како је рекла, ЕУ има средства да спречи радикализацију
            и може да савлада прилив миграната, заштити животе и изгради снажна партнерства са земљама у региону и шире.
            „Егзистенцијалне претње долазе из унутрашњости наших граница. Наша Унија је у опасности када градимо зидове
            уместо да их рушимо и када се понашамо као „Европљани на одређено време”. Позивамо у помоћ када нам је
            потребна, али нисмо спремни да помогнемо”, истакла је она.
            Према њеним речима, „ако дискриминишемо људе на основу боје коже, језика којим говоре, начина на који се
            моле, Унија је у опасности”.
            „Свету је потребна снажна Европа, више него икада. Имамо одговорност према сопственим грађанима, али и према
            остатку света”, поручила је Могерини, додавши да, како се уверила, свуда у свету људи са дивљењем и надом
            гледају у Европу.
            Упркос свим потешкоћама, нагласила је, Европа и даље има једини успешан процес регионалне интеграције и
            најбогатији је континент у свету.
            „Ни на једном месту у свету нема толико слободе - слободе изражавања, кретања, да се молите или не молите,
            да волите, да гласате, да бирате сопствену судбину и радите на њеном остварењу. Свуда у свету смо први
            трговински партнер, први инвеститор, први донатор хуманитарне и развојне помоћи, прва дипломатска сила, а
            пречесто заборављамо колико јаки можемо бити”, истиче она.
            Европи је, како каже, потребно лидерство, а не популизам, треба је заштитити и реформисати, променити и
            спасити.
            „Зато нам је потребан Дан Европе. Да будемо поносни на оно што смо постигли, да имамо на уму да то не смемо
            да посматрамо као готову чињеницу и да схватимо да је Европа потребна како Европљанима, тако и онима који
            нису Европљани”, закључила је Могерини у поруци коју је објавила Европска служба за спољне послове (ЕЕАС) на
            Твитеру.
            Истовремено, шеф немачке дипломатије Франк-Валтер Штајнмајер у поруци на тој друштвеној мрежи подсетио да је
            пре 71 годину окончан Други светски рат, а Европа остала у рушевинама.
            Он је изразио захвалност што је Немачка од тада поново примљена у средиште међународне заједнице након што
            је свет подвргла рату и страдањима током 20. века, а Европа постала велики пројекат сарадње и разумевања.
            „Захвални смо на томе. Ми Немци, нарочито у кризним временима као што су ова, сносимо посебну одговорност за
            мир и разумевање”, написао је Штајнмајер.
            Поруку на Твитеру поводом Дана Европе објавио је и бивши министар спољних послова Шведске Карл Билт, који је
            истакао да би „затварање врата новим чланицама ЕУ значило отварање врата опасним новим национализмима у
            суседству ЕУ”.
            Он је, такође, изразио наду да ће предстојећа Европска глобална стратегија дати подстицај далеко снажнијој
            заједничкој спољној и безбедносној политици ЕУ и оценио да је јединствено тржиште економски темељ европске
            интеграције, те да га треба продубљивати и проширивати. (Танјуг)
        </article-text>
        <article-text-transliterated>BRISEL – Visoka predstavnica EU za spoljnu politiku i bezbednost i potpredsednica
            Evropske komisije Federika Mogerini je, u video poruci povodom Dana Evrope, rekla da postoji mnogo razloga
            da se ovaj dan i dalje obeležava, iako je svesna da će se mnogi danas pitati da li je i dalje tako.
            Ona je navela da se prvi put u svojoj istoriji EU suočava sa egzistencijalnom pretnjom, ali da nije reč samo
            o terorizmu i da svakako nije reč o migracijama jer, kako je rekla, EU ima sredstva da spreči radikalizaciju
            i može da savlada priliv migranata, zaštiti živote i izgradi snažna partnerstva sa zemljama u regionu i
            šire.
            „Egzistencijalne pretnje dolaze iz unutrašnjosti naših granica. Naša Unija je u opasnosti kada gradimo
            zidove umesto da ih rušimo i kada se ponašamo kao „Evropljani na određeno vreme”. Pozivamo u pomoć kada nam
            je potrebna, ali nismo spremni da pomognemo”, istakla je ona.
            Prema njenim rečima, „ako diskriminišemo ljude na osnovu boje kože, jezika kojim govore, načina na koji se
            mole, Unija je u opasnosti”.
            „Svetu je potrebna snažna Evropa, više nego ikada. Imamo odgovornost prema sopstvenim građanima, ali i prema
            ostatku sveta”, poručila je Mogerini, dodavši da, kako se uverila, svuda u svetu ljudi sa divljenjem i nadom
            gledaju u Evropu.
            Uprkos svim poteškoćama, naglasila je, Evropa i dalje ima jedini uspešan proces regionalne integracije i
            najbogatiji je kontinent u svetu.
            „Ni na jednom mestu u svetu nema toliko slobode - slobode izražavanja, kretanja, da se molite ili ne molite,
            da volite, da glasate, da birate sopstvenu sudbinu i radite na njenom ostvarenju. Svuda u svetu smo prvi
            trgovinski partner, prvi investitor, prvi donator humanitarne i razvojne pomoći, prva diplomatska sila, a
            prečesto zaboravljamo koliko jaki možemo biti”, ističe ona.
            Evropi je, kako kaže, potrebno liderstvo, a ne populizam, treba je zaštititi i reformisati, promeniti i
            spasiti.
            „Zato nam je potreban Dan Evrope. Da budemo ponosni na ono što smo postigli, da imamo na umu da to ne smemo
            da posmatramo kao gotovu činjenicu i da shvatimo da je Evropa potrebna kako Evropljanima, tako i onima koji
            nisu Evropljani”, zaključila je Mogerini u poruci koju je objavila Evropska služba za spoljne poslove (EEAS)
            na Tviteru.
            Istovremeno, šef nemačke diplomatije Frank-Valter Štajnmajer u poruci na toj društvenoj mreži podsetio da je
            pre 71 godinu okončan Drugi svetski rat, a Evropa ostala u ruševinama.
            On je izrazio zahvalnost što je Nemačka od tada ponovo primljena u središte međunarodne zajednice nakon što
            je svet podvrgla ratu i stradanjima tokom 20. veka, a Evropa postala veliki projekat saradnje i razumevanja.
            „Zahvalni smo na tome. Mi Nemci, naročito u kriznim vremenima kao što su ova, snosimo posebnu odgovornost za
            mir i razumevanje”, napisao je Štajnmajer.
            Poruku na Tviteru povodom Dana Evrope objavio je i bivši ministar spoljnih poslova Švedske Karl Bilt, koji
            je istakao da bi „zatvaranje vrata novim članicama EU značilo otvaranje vrata opasnim novim nacionalizmima u
            susedstvu EU”.
            On je, takođe, izrazio nadu da će predstojeća Evropska globalna strategija dati podsticaj daleko snažnijoj
            zajedničkoj spoljnoj i bezbednosnoj politici EU i ocenio da je jedinstveno tržište ekonomski temelj evropske
            integracije, te da ga treba produbljivati i proširivati. (Tanjug)
        </article-text-transliterated>
    </article>
    <comments>
        <comments-count>17</comments-count>
        <comment-list>
            <comment comment-id="1">
                <comment-parent-id/>
                <comment-text>Hej EU,ni Turci vas nece!</comment-text>
                <comment-text-transliterated>Hej EU,ni Turci vas nece!</comment-text-transliterated>
            </comment>
            <comment comment-id="2">
                <comment-parent-id/>
                <comment-text>Dan Evrope a ne Pobeda protiv fasizma .Da se ne uvrede fasisti koji se uveliko bahate po
                    demokratskim drzavama evrope.Sramota.Licemerstvo.
                </comment-text>
                <comment-text-transliterated>Dan Evrope a ne Pobeda protiv fasizma .Da se ne uvrede fasisti koji se
                    uveliko bahate po demokratskim drzavama evrope.Sramota.Licemerstvo.
                </comment-text-transliterated>
            </comment>
            <comment comment-id="3">
                <comment-parent-id/>
                <comment-text>Divna žena, uvek ju je zadovoljstvo slušati. Posvećena, pametna, gde su nama takve
                    liderke?
                </comment-text>
                <comment-text-transliterated>Divna žena, uvek ju je zadovoljstvo slušati. Posvećena, pametna, gde su
                    nama takve liderke?
                </comment-text-transliterated>
            </comment>
            <comment comment-id="3-1">
                <comment-parent-id>3</comment-parent-id>
                <comment-text>"Divna", zaista je "divna"! A šta je pre neki dan pričala u Prištini?</comment-text>
                <comment-text-transliterated>"Divna", zaista je "divna"! A šta je pre neki dan pričala u Prištini?
                </comment-text-transliterated>
            </comment>
            <comment comment-id="4">
                <comment-parent-id/>
                <comment-text>Evrope?Ove u kojoj se na ulici radujete sa tvorcima drzave Kosovo,ciji nacionalni dohodak
                    zavisi od prodaje ljudskih organa?
                </comment-text>
                <comment-text-transliterated>Evrope?Ove u kojoj se na ulici radujete sa tvorcima drzave Kosovo,ciji
                    nacionalni dohodak zavisi od prodaje ljudskih organa?
                </comment-text-transliterated>
            </comment>
            <comment comment-id="5">
                <comment-parent-id/>
                <comment-text>Cuj "Dan Evrope". Sve same demokrate kad je po njihovom. Da nekako mogu reci da su Rusi i
                    mi bili fasisti, nabijali bi nam to na nos do kraja svijeta. Ovako, treba sakriti svoju sramotu pa
                    izmislise "Dan Evrope".
                </comment-text>
                <comment-text-transliterated>Cuj "Dan Evrope". Sve same demokrate kad je po njihovom. Da nekako mogu
                    reci da su Rusi i mi bili fasisti, nabijali bi nam to na nos do kraja svijeta. Ovako, treba sakriti
                    svoju sramotu pa izmislise "Dan Evrope".
                </comment-text-transliterated>
            </comment>
            <comment comment-id="5-1">
                <comment-parent-id>5</comment-parent-id>
                <comment-text>EU je bliža Turska sa svojim osmanlijskim naletom na EU od Rusije. Erdogan demokrata
                    evropskog profila a Putin tiranin. Šta mi tražimo tamo i čemu se nadamo, dok odlažemo život na
                    neodređeno - dok se domognemo članstva?
                </comment-text>
                <comment-text-transliterated>EU je bliža Turska sa svojim osmanlijskim naletom na EU od Rusije. Erdogan
                    demokrata evropskog profila a Putin tiranin. Šta mi tražimo tamo i čemu se nadamo, dok odlažemo
                    život na neodređeno - dok se domognemo članstva?
                </comment-text-transliterated>
            </comment>
            <comment comment-id="6">
                <comment-parent-id/>
                <comment-text>...nego sav antifasisticki nastrijen svet!ako se slavi dan pobede u prvom svetskom
                    ratu,zasto ne i u drugom!?
                </comment-text>
                <comment-text-transliterated>...nego sav antifasisticki nastrijen svet!ako se slavi dan pobede u prvom
                    svetskom ratu,zasto ne i u drugom!?
                </comment-text-transliterated>
            </comment>
            <comment comment-id="7">
                <comment-parent-id/>
                <comment-text>"Европи је, како каже, потребно лидерство, а не популизам, треба је заштитити и
                    реформисати, променити и спасити."Рече и остаде жива. Ево, долазим у Брисел да средим ситуацију, јер
                    ЕУ нема лидерство, нема заштиту, влада популизам, нема ко да је спасе и промени... Рече министар
                    спољних послова те творевине... Шта сте до сада радили? Оставке, лепојко, кад сте неспособни. Једини
                    начин да се спасе Европа је да се расформира ЕУ, укине бриселска бирократија, и да се суверенитет
                    врати на земље као субјекте међународног права, а да се реформише улога УН и да се западу поткрешу
                    крила (рецимо да земља која не дозвољава ингеренцију међународних судова за ратне злочине на својој
                    територији и суђење својим грађанима не може да буде у руководећим органима УН) и да морају да
                    играју по правилима међународног поретка.
                </comment-text>
                <comment-text-transliterated>"Evropi je, kako kaže, potrebno liderstvo, a ne populizam, treba je
                    zaštititi i reformisati, promeniti i spasiti."Reče i ostade živa. Evo, dolazim u Brisel da sredim
                    situaciju, jer EU nema liderstvo, nema zaštitu, vlada populizam, nema ko da je spase i promeni...
                    Reče ministar spoljnih poslova te tvorevine... Šta ste do sada radili? Ostavke, lepojko, kad ste
                    nesposobni. Jedini način da se spase Evropa je da se rasformira EU, ukine briselska birokratija, i
                    da se suverenitet vrati na zemlje kao subjekte međunarodnog prava, a da se reformiše uloga UN i da
                    se zapadu potkrešu krila (recimo da zemlja koja ne dozvoljava ingerenciju međunarodnih sudova za
                    ratne zločine na svojoj teritoriji i suđenje svojim građanima ne može da bude u rukovodećim organima
                    UN) i da moraju da igraju po pravilima međunarodnog poretka.
                </comment-text-transliterated>
            </comment>
            <comment comment-id="8">
                <comment-parent-id/>
                <comment-text>Од 365 дана баш дан Европе да буде 9. маја! То је и измишљено не да се покажу неке
                    имагинарне европске тековине, већ да би се минимизирао Дан победе и одговорност Немачке (а и других)
                    за страшне злочине у ДВА светска рата. Оно што је Европа радила у својој историји, почев од
                    колонизације Америке, Индије, Бурме, Кине, Африке... уништења читавих цивилизација и народа...
                    против Јевреја и Словена током векова.... не оперу је ни све реке света. Сваки дан би европски
                    краљеви и председници и канцелари требали на коленима да моле свет за опроштај.
                </comment-text>
                <comment-text-transliterated>Od 365 dana baš dan Evrope da bude 9. maja! To je i izmišljeno ne da se
                    pokažu neke imaginarne evropske tekovine, već da bi se minimizirao Dan pobede i odgovornost Nemačke
                    (a i drugih) za strašne zločine u DVA svetska rata. Ono što je Evropa radila u svojoj istoriji,
                    počev od kolonizacije Amerike, Indije, Burme, Kine, Afrike... uništenja čitavih civilizacija i
                    naroda... protiv Jevreja i Slovena tokom vekova.... ne operu je ni sve reke sveta. Svaki dan bi
                    evropski kraljevi i predsednici i kancelari trebali na kolenima da mole svet za oproštaj.
                </comment-text-transliterated>
            </comment>
            <comment comment-id="8-1">
                <comment-parent-id>8</comment-parent-id>
                <comment-text>Није баш измишљено,мада и нисте далеко од истине.Наиме,9.маја1950. Роберт Шуман,министар
                    иностраних послова Француске јеизнео предлог о оснивању европске комисије за угаљ и челик.Којаје
                    била предходница ЗЕТ(заједничко европско тржоште)које јепредходило ЕЕЗ(европској економској
                    зеједници) из које је изашлаЕУ.Смути,па проспи.Разумео бих да је то дан оснивања,али данпредлога за
                    оснивање ми делује баш као изговор.
                </comment-text>
                <comment-text-transliterated>Nije baš izmišljeno,mada i niste daleko od istine.Naime,9.maja1950. Robert
                    Šuman,ministar inostranih poslova Francuske jeizneo predlog o osnivanju evropske komisije za ugalj i
                    čelik.Kojaje bila predhodnica ZET(zajedničko evropsko tržošte)koje jepredhodilo EEZ(evropskoj
                    ekonomskoj zejednici) iz koje je izašlaEU.Smuti,pa prospi.Razumeo bih da je to dan osnivanja,ali
                    danpredloga za osnivanje mi deluje baš kao izgovor.
                </comment-text-transliterated>
            </comment>
            <comment comment-id="9">
                <comment-parent-id/>
                <comment-text>Zasto ne zovu danasnji dan pravim imenom? Nije Dan Evrope vec Dan pobede nad fasizmom.
                </comment-text>
                <comment-text-transliterated>Zasto ne zovu danasnji dan pravim imenom? Nije Dan Evrope vec Dan pobede
                    nad fasizmom.
                </comment-text-transliterated>
            </comment>
            <comment comment-id="10">
                <comment-parent-id/>
                <comment-text>Gospođo Mogerini mi građanke i građani Srbije to znamo... Veliku smo cenu platili... Da li
                    to znaju i građanke i građani nekih zemalja EU, to treba pitati?
                </comment-text>
                <comment-text-transliterated>Gospođo Mogerini mi građanke i građani Srbije to znamo... Veliku smo cenu
                    platili... Da li to znaju i građanke i građani nekih zemalja EU, to treba pitati?
                </comment-text-transliterated>
            </comment>
            <comment comment-id="11">
                <comment-parent-id/>
                <comment-text>Свету је потребна снажна Европа, више него икада... "свет" је већ "имао" "снажну европу"
                    Вековима су народи широм света били жртве еврпских колонијалних злочинаца, који су пљачкали читаве
                    континенте и геноцидно уништили читаве народе. Цела западно европска "цивилизација" је "настала" на
                    злочинима широм света, током колонијалне и иперијалне владавине, енглеске, француске, холандије,
                    данске, португалије, шпаније, италије, немачких освајања, или током "викиншке ере" скандинаваца који
                    су сада "школске учитељице" за све. Европа је "колевка" свог светског зла, која се раширила и на
                    Северну Америку и прети да уништи целу планету због своје "цивилизованости" и "демократичности".
                    Како изгледа "европска цивилизација" на делу види се уживо на Српском народу већ 26 година...
                </comment-text>
                <comment-text-transliterated>Svetu je potrebna snažna Evropa, više nego ikada... "svet" je već "imao"
                    "snažnu evropu" Vekovima su narodi širom sveta bili žrtve evrpskih kolonijalnih zločinaca, koji su
                    pljačkali čitave kontinente i genocidno uništili čitave narode. Cela zapadno evropska "civilizacija"
                    je "nastala" na zločinima širom sveta, tokom kolonijalne i iperijalne vladavine, engleske,
                    francuske, holandije, danske, portugalije, španije, italije, nemačkih osvajanja, ili tokom "vikinške
                    ere" skandinavaca koji su sada "školske učiteljice" za sve. Evropa je "kolevka" svog svetskog zla,
                    koja se raširila i na Severnu Ameriku i preti da uništi celu planetu zbog svoje "civilizovanosti" i
                    "demokratičnosti". Kako izgleda "evropska civilizacija" na delu vidi se uživo na Srpskom narodu već
                    26 godina...
                </comment-text-transliterated>
            </comment>
            <comment comment-id="12">
                <comment-parent-id/>
                <comment-text>Ви не помажете другим државама, само гледате где ћете шта да добијете и која је ваша
                    корист , каква је то Европа која гледа само на то , какав сте пример дали или помогли другим државма
                    а да се нисте огребали , зато прво да видимо ми шта ви дајете у трајном смислу чему нас подучавате ,
                    ваше законе смо могли да препишемо и без вас да је било овде среће и да их примењујемо,
                </comment-text>
                <comment-text-transliterated>Vi ne pomažete drugim državama, samo gledate gde ćete šta da dobijete i
                    koja je vaša korist , kakva je to Evropa koja gleda samo na to , kakav ste primer dali ili pomogli
                    drugim državma a da se niste ogrebali , zato prvo da vidimo mi šta vi dajete u trajnom smislu čemu
                    nas podučavate , vaše zakone smo mogli da prepišemo i bez vas da je bilo ovde sreće i da ih
                    primenjujemo,
                </comment-text-transliterated>
            </comment>
            <comment comment-id="13">
                <comment-parent-id/>
                <comment-text>Па када носите одговорност за мир, како каже Штајнмајер, онда се побрините да се Русима
                    ништа не може десити а не да опет крваре због вас
                </comment-text>
                <comment-text-transliterated>Pa kada nosite odgovornost za mir, kako kaže Štajnmajer, onda se pobrinite
                    da se Rusima ništa ne može desiti a ne da opet krvare zbog vas
                </comment-text-transliterated>
            </comment>
            <comment comment-id="14">
                <comment-parent-id/>
                <comment-text>Dan Evrope je ogovor Rusiji koja slavi 9 maj kao dan pobede na fasizmom, da je taj fasizam
                    u vidu EU ziv i zdrav.
                </comment-text>
                <comment-text-transliterated>Dan Evrope je ogovor Rusiji koja slavi 9 maj kao dan pobede na fasizmom, da
                    je taj fasizam u vidu EU ziv i zdrav.
                </comment-text-transliterated>
            </comment>
        </comment-list>
    </comments>
</document>