<document global-id="sr-01-1103">
    <url>
        http://www.politika.rs/scc/clanak/327863/%D0%9A%D1%9A%D0%B8%D0%B3%D0%B0-%D0%A1%D0%BB%D0%BE%D0%B1%D0%BE%D0%B4%D0%B0%D0%BD%D0%B0-%D0%96%D1%83%D1%9A%D0%B8%D1%9B%D0%B0-%D0%B8%D0%B7%D0%B0%D0%B7%D0%B2%D0%B0%D0%BB%D0%B0-%D0%BE%D1%88%D1%82%D1%80%D1%83-%D1%80%D0%B5%D0%B0%D0%BA%D1%86%D0%B8%D1%98%D1%83-%D1%84%D0%B8%D0%BB%D0%BE%D0%B7%D0%BE%D1%84%D0%B0
    </url>
    <source-id>sr-01</source-id>
    <local-id>1103</local-id>
    <source-name>Politika</source-name>
    <article>
        <article-title>Књига Слободана Жуњића изазвала оштру реакцију филозофа</article-title>
        <article-title-transliterated>Knjiga Slobodana Žunjića izazvala oštru reakciju filozofa
        </article-title-transliterated>
        <article-time>2015-05-17</article-time>
        <article-author>M. D.</article-author>
        <article-text>Књига Слободана Жуњића „Историја српске филозофије” (друго допуњено и исправљено издање, Завод за
            уџбенике, Београд, 2014), чији је рецензент академик Данило Н. Баста, секретар Одељења за друштвене науке у
            САНУ, изазвала је оштре реакције Одељења за филозофију Филозофског факултета у Београду. У једногласно
            усвојеном саопштењу професори тог одељења тврде да су у поменутом делу изнете „несхватљиве неистине и
            увредљиве, клеветничке оцене на рачун Одељења и више његових чланова”.
            Како наводе, у последњем делу своје књиге Жуњић на више места говори о Одељењу, тврдећи да је оно у кризи
            још од прве половине деведесетих година прошлог века, када су на њему „основни тон давали другоразредни
            филозофи средње генерације (Аранђеловић, Мунишић, Књазева, Крон, Берберовић), који нису имали ни филозофског
            ероса, ни предавачког дара, ни доиста значајних филозофских радова” а да је најгоре дошло касније, када је
            „претходна другоразредна генерација замењена људима из трећег ешелона домаће филозофије” да би то „трагично
            стање трајало све до данас”. „Аналитичка групација” са Одељења за филозофију, каже Жуњић, „до сада није
            успела да произведе ниједан филозофски значајан прилог док у радовима српских аналитичара нема важних увида,
            теоријске продорности и синтетичке моћи”. Група професора истиче да своје радикалне оцене Жуњић није ни
            покушао да образложи или документује, нити је покушао да критикује репрезентативна дела својих колега о
            којима је писао.
            „Уместо тога, он је прибегао неупоредиво лакшем поступку. Књиге чланова Одељења за филозофију напросто је
            прећутао или их је невољно поменуо у једној до две реченице, при том најчешће кривотворећи њихову садржину.
            Тако је прећутао „Cognitive Dynamics and Cognitive Significance” (2007) Војислава Божичковића, „Оглед из
            филозофске психологије” (2009) Леона Којена, „Теорије о политичким дужностима” (1996) и „Филозофију
            политике: античко и модерно схватање политичке заједнице” (2010) Милорада Ступара, „Проблем филозофског
            скептицизма” (2012) Живана Лазовића, „Постојање Бога: филозофски проблем класичног монотеизма” (2011) Драга
            Ђурића, „Метаетику: проблеми и традиције” (2013) Ненада Цекића. Истовремено, у делу се нашло места за књигу
            „Између две ватре” (2007) Ђорђа Вукадиновића, која „доноси сабране новинске колумне” овог аутора о 
            политичким превирањима у Србији”, пише у саопштењу.
            Како додаје, Жуњић значајне ауторе средње генерације (Мирослава Анђелковић, Иван Вуковић, Иван Младеновић) у
            књизи није ни поменуо док је најдаље отишао у случају Косте Дошена, за кога неистинито тврди да није
            математичар иако је реч о аутору десетине радова из логике, објављених у најугледнијим светским логичким
            часописима, и неколико монографија из исте области.
            „После свега овога, треба рећи да Жуњић у својој књизи не наводи ни један једини филозофски рад чланова
            нашег одељења, објављен било у домаћим било у страним филозофским часописима. Овде ћемо само поменути радове
            Војислава Божичковића из филозофије језика, Слободана Перовића из филозофије физике и биологије, као и
            Небојше Грубора, који се бави континенталним приступом естетици. Жуњићевој спремности да без икаквих
            моралних обзира блати друге равна је само његова спремност да хвали самог себе. Како се лако да видети из
            именског регистра његове књиге, од живих српских филозофа у њој се далеко најчешће помиње Слободан Жуњић, и
            на готово сваком од тих места о Слободану  Жуњићу аутор има нешто лепо и похвално да каже” оцењује се у
            саопштењу.
            Иако смо контактирали Слободана Жуњића као и Данила Н. Басту, како бисмо од њих добили коментар по питању
            ставова њихових колега, ни аутор књиге ни рецензент нису желели да дају изјаве за „Политику”.
            У четвртак, 21. маја, у 14 сати, на Филозофском факултету заказана је овим поводом трибина на коју је позван
            и академик Данило Н. Баста.
        </article-text>
        <article-text-transliterated>Knjiga Slobodana Žunjića „Istorija srpske filozofije” (drugo dopunjeno i
            ispravljeno izdanje, Zavod za udžbenike, Beograd, 2014), čiji je recenzent akademik Danilo N. Basta,
            sekretar Odeljenja za društvene nauke u SANU, izazvala je oštre reakcije Odeljenja za filozofiju Filozofskog
            fakulteta u Beogradu. U jednoglasno usvojenom saopštenju profesori tog odeljenja tvrde da su u pomenutom
            delu iznete „neshvatljive neistine i uvredljive, klevetničke ocene na račun Odeljenja i više njegovih
            članova”.
            Kako navode, u poslednjem delu svoje knjige Žunjić na više mesta govori o Odeljenju, tvrdeći da je ono u
            krizi još od prve polovine devedesetih godina prošlog veka, kada su na njemu „osnovni ton davali
            drugorazredni filozofi srednje generacije (Aranđelović, Munišić, Knjazeva, Kron, Berberović), koji nisu
            imali ni filozofskog erosa, ni predavačkog dara, ni doista značajnih filozofskih radova” a da je najgore
            došlo kasnije, kada je „prethodna drugorazredna generacija zamenjena ljudima iz trećeg ešelona domaće
            filozofije” da bi to „tragično stanje trajalo sve do danas”. „Analitička grupacija” sa Odeljenja za
            filozofiju, kaže Žunjić, „do sada nije uspela da proizvede nijedan filozofski značajan prilog dok u radovima
            srpskih analitičara nema važnih uvida, teorijske prodornosti i sintetičke moći”. Grupa profesora ističe da
            svoje radikalne ocene Žunjić nije ni pokušao da obrazloži ili dokumentuje, niti je pokušao da kritikuje
            reprezentativna dela svojih kolega o kojima je pisao.
            „Umesto toga, on je pribegao neuporedivo lakšem postupku. Knjige članova Odeljenja za filozofiju naprosto je
            prećutao ili ih je nevoljno pomenuo u jednoj do dve rečenice, pri tom najčešće krivotvoreći njihovu
            sadržinu. Tako je prećutao „Cognitive Dynamics and Cognitive Significance” (2007) Vojislava Božičkovića,
            „Ogled iz filozofske psihologije” (2009) Leona Kojena, „Teorije o političkim dužnostima” (1996) i
            „Filozofiju politike: antičko i moderno shvatanje političke zajednice” (2010) Milorada Stupara, „Problem
            filozofskog skepticizma” (2012) Živana Lazovića, „Postojanje Boga: filozofski problem klasičnog monoteizma”
            (2011) Draga Đurića, „Metaetiku: problemi i tradicije” (2013) Nenada Cekića. Istovremeno, u delu se našlo
            mesta za knjigu „Između dve vatre” (2007) Đorđa Vukadinovića, koja „donosi sabrane novinske kolumne” ovog
            autora o  političkim previranjima u Srbiji”, piše u saopštenju.
            Kako dodaje, Žunjić značajne autore srednje generacije (Miroslava Anđelković, Ivan Vuković, Ivan Mladenović)
            u knjizi nije ni pomenuo dok je najdalje otišao u slučaju Koste Došena, za koga neistinito tvrdi da nije
            matematičar iako je reč o autoru desetine radova iz logike, objavljenih u najuglednijim svetskim logičkim
            časopisima, i nekoliko monografija iz iste oblasti.
            „Posle svega ovoga, treba reći da Žunjić u svojoj knjizi ne navodi ni jedan jedini filozofski rad članova
            našeg odeljenja, objavljen bilo u domaćim bilo u stranim filozofskim časopisima. Ovde ćemo samo pomenuti
            radove Vojislava Božičkovića iz filozofije jezika, Slobodana Perovića iz filozofije fizike i biologije, kao
            i Nebojše Grubora, koji se bavi kontinentalnim pristupom estetici. Žunjićevoj spremnosti da bez ikakvih
            moralnih obzira blati druge ravna je samo njegova spremnost da hvali samog sebe. Kako se lako da videti iz
            imenskog registra njegove knjige, od živih srpskih filozofa u njoj se daleko najčešće pominje Slobodan
            Žunjić, i na gotovo svakom od tih mesta o Slobodanu  Žunjiću autor ima nešto lepo i pohvalno da kaže”
            ocenjuje se u saopštenju.
            Iako smo kontaktirali Slobodana Žunjića kao i Danila N. Bastu, kako bismo od njih dobili komentar po pitanju
            stavova njihovih kolega, ni autor knjige ni recenzent nisu želeli da daju izjave za „Politiku”.
            U četvrtak, 21. maja, u 14 sati, na Filozofskom fakultetu zakazana je ovim povodom tribina na koju je pozvan
            i akademik Danilo N. Basta.
        </article-text-transliterated>
    </article>
    <comments>
        <comments-count>80</comments-count>
        <comment-list>
            <comment comment-id="1">
                <comment-parent-id/>
                <comment-text>Politika bi trebalo da da prostor za tekstove o Slobodanu Zunjicu, pogotovo sad kad ga
                    više nema, a zaslužio je svoje mesto u javnosti i u istoriji ovog nesrecnog naroda.
                </comment-text>
                <comment-text-transliterated>Politika bi trebalo da da prostor za tekstove o Slobodanu Zunjicu, pogotovo
                    sad kad ga više nema, a zaslužio je svoje mesto u javnosti i u istoriji ovog nesrecnog naroda.
                </comment-text-transliterated>
            </comment>
            <comment comment-id="2">
                <comment-parent-id/>
                <comment-text>Философија на ФФ-у у Београду не постоји, откад Одељење воде аналитичари. Много јачи
                    центри су Нови Сад и Ниш.
                </comment-text>
                <comment-text-transliterated>Filosofija na FF-u u Beogradu ne postoji, otkad Odeljenje vode analitičari.
                    Mnogo jači centri su Novi Sad i Niš.
                </comment-text-transliterated>
            </comment>
            <comment comment-id="3">
                <comment-parent-id/>
                <comment-text>Tacno, analiticari su sa Odeljenja za filozofiju oterali najbolje profesore, asistente,
                    studente, odgovorni su za niz afera, koje su stematski proizvodili na fakultetu, i naposletku,
                    urusili su svaki ugled srpske filozofije. Neka im sluzi na cast!
                </comment-text>
                <comment-text-transliterated>Tacno, analiticari su sa Odeljenja za filozofiju oterali najbolje
                    profesore, asistente, studente, odgovorni su za niz afera, koje su stematski proizvodili na
                    fakultetu, i naposletku, urusili su svaki ugled srpske filozofije. Neka im sluzi na cast!
                </comment-text-transliterated>
            </comment>
            <comment comment-id="4">
                <comment-parent-id/>
                <comment-text>S etikom ima veze i kadrovska politika na Odeljenju za filozofiju, koja je neke primorala
                    da odu bilo gde, u bekstvu od nadiruce patologije.
                </comment-text>
                <comment-text-transliterated>S etikom ima veze i kadrovska politika na Odeljenju za filozofiju, koja je
                    neke primorala da odu bilo gde, u bekstvu od nadiruce patologije.
                </comment-text-transliterated>
            </comment>
            <comment comment-id="5">
                <comment-parent-id/>
                <comment-text>Веза између филозофије и бомбардовања се пре свега може наћи у етици. Да бисте били
                    сигурни да у вези са бомбама нисте урадили ништа ружно треба да будете тамо где оне падају, а не
                    тамо одакле падају.
                </comment-text>
                <comment-text-transliterated>Veza između filozofije i bombardovanja se pre svega može naći u etici. Da
                    biste bili sigurni da u vezi sa bombama niste uradili ništa ružno treba da budete tamo gde one
                    padaju, a ne tamo odakle padaju.
                </comment-text-transliterated>
            </comment>
            <comment comment-id="6">
                <comment-parent-id/>
                <comment-text>Kako mi je smesna ova ad hominem prica oko Zunjica "izdajnika", koji je napustio "nasu
                    voljenu otadzbinu" pred bombardovanje '99. Patetika je vam ocigledno najjaci argument. Covek ima
                    radove iza sebe, oni su mu referenca. A vi "analiticki" grobari srpske filozofije samo nastavite da
                    se bavite cesljugarima, nadam se da cete svi kolektivno otici u ornitologe, i tako omoguciti da se
                    filozofija ponovo vrati na Odeljenje za filozofiju Ff-a u Beogradu.
                </comment-text>
                <comment-text-transliterated>Kako mi je smesna ova ad hominem prica oko Zunjica "izdajnika", koji je
                    napustio "nasu voljenu otadzbinu" pred bombardovanje '99. Patetika je vam ocigledno najjaci
                    argument. Covek ima radove iza sebe, oni su mu referenca. A vi "analiticki" grobari srpske
                    filozofije samo nastavite da se bavite cesljugarima, nadam se da cete svi kolektivno otici u
                    ornitologe, i tako omoguciti da se filozofija ponovo vrati na Odeljenje za filozofiju Ff-a u
                    Beogradu.
                </comment-text-transliterated>
            </comment>
            <comment comment-id="7">
                <comment-parent-id/>
                <comment-text>Odeljenje za filosofiju - Filosofija palanke.</comment-text>
                <comment-text-transliterated>Odeljenje za filosofiju - Filosofija palanke.</comment-text-transliterated>
            </comment>
            <comment comment-id="8">
                <comment-parent-id/>
                <comment-text>Neka mi neko od analiticara objasni kakve veze ima filozofija sa bombardovanjem. Bice da
                    je tu rec o dnevnoj politici i sirenju neistina koje su politikantske, a ne naucne prirode.
                </comment-text>
                <comment-text-transliterated>Neka mi neko od analiticara objasni kakve veze ima filozofija sa
                    bombardovanjem. Bice da je tu rec o dnevnoj politici i sirenju neistina koje su politikantske, a ne
                    naucne prirode.
                </comment-text-transliterated>
            </comment>
            <comment comment-id="9">
                <comment-parent-id/>
                <comment-text>G. Pribićeviću, prof. Žunjić je javno rekao tj. napisao šta misli o vašoj školi mišljenja.
                    Mi ovde samo dajemo podršku tom mišljenju, a vi ga svojom praksom, ako možete, demantujte. Pozdrav
                    prof. dr Slobodanu Žunjiću, svaka čast!
                </comment-text>
                <comment-text-transliterated>G. Pribićeviću, prof. Žunjić je javno rekao tj. napisao šta misli o vašoj
                    školi mišljenja. Mi ovde samo dajemo podršku tom mišljenju, a vi ga svojom praksom, ako možete,
                    demantujte. Pozdrav prof. dr Slobodanu Žunjiću, svaka čast!
                </comment-text-transliterated>
            </comment>
            <comment comment-id="10">
                <comment-parent-id/>
                <comment-text>Слажем се са већином оцена уваженог колеге Жуњића, а које су изнесене у његовој књизи.
                    Злуради коментари о њему који се овде износе, служе на част њиховим лиферантима. Поздрав Редакцији.
                </comment-text>
                <comment-text-transliterated>Slažem se sa većinom ocena uvaženog kolege Žunjića, a koje su iznesene u
                    njegovoj knjizi. Zluradi komentari o njemu koji se ovde iznose, služe na čast njihovim liferantima.
                    Pozdrav Redakciji.
                </comment-text-transliterated>
            </comment>
            <comment comment-id="11">
                <comment-parent-id/>
                <comment-text>@Dejane Pribicevicu, Slobodan Zunjic je predavao mnogim generacijama studenata i ostavio u
                    ovoj kulturi dubok trag. Nije covek imao vremena da bleji po kafanama i tracari, nego je radio, i
                    radom zasluzio postovanje mnogih generacija svojih studenata. A to sto vi mislite da istorija
                    pocinje od vas, to je samo problem vaseg ega, ali ne i filozofije.
                </comment-text>
                <comment-text-transliterated>@Dejane Pribicevicu, Slobodan Zunjic je predavao mnogim generacijama
                    studenata i ostavio u ovoj kulturi dubok trag. Nije covek imao vremena da bleji po kafanama i
                    tracari, nego je radio, i radom zasluzio postovanje mnogih generacija svojih studenata. A to sto vi
                    mislite da istorija pocinje od vas, to je samo problem vaseg ega, ali ne i filozofije.
                </comment-text-transliterated>
            </comment>
            <comment comment-id="12">
                <comment-parent-id/>
                <comment-text>Mislim da je sve komentare u prilog Slobodanu Bobu Zunjicu, koji su prepoznatljivi po
                    navijackom stilu ,,Udri bandu'', napisao on sam. On je Srbiju napustio 1998. godine i otisao u SAD,
                    uoci agresije NATO, i ne znam otkud su sada isplivali ti, kao sto rece veoma duhovito jedan
                    komentar, neutesni studenti XXIV godine, u tolikim kolicinama.
                </comment-text>
                <comment-text-transliterated>Mislim da je sve komentare u prilog Slobodanu Bobu Zunjicu, koji su
                    prepoznatljivi po navijackom stilu ,,Udri bandu'', napisao on sam. On je Srbiju napustio 1998.
                    godine i otisao u SAD, uoci agresije NATO, i ne znam otkud su sada isplivali ti, kao sto rece veoma
                    duhovito jedan komentar, neutesni studenti XXIV godine, u tolikim kolicinama.
                </comment-text-transliterated>
            </comment>
            <comment comment-id="13">
                <comment-parent-id/>
                <comment-text>Kakav sugestibilan naslov, kao da je neki nefilozof izazvao reakcije filozofa, a upravo je
                    suprotno. Politika bi trebalo da vodi racuna o ovakvim stvarima i da ne naseda na mnjenja, vec na
                    argumente. Pozdrav za profesora Zunjica, dobrodosli!
                </comment-text>
                <comment-text-transliterated>Kakav sugestibilan naslov, kao da je neki nefilozof izazvao reakcije
                    filozofa, a upravo je suprotno. Politika bi trebalo da vodi racuna o ovakvim stvarima i da ne naseda
                    na mnjenja, vec na argumente. Pozdrav za profesora Zunjica, dobrodosli!
                </comment-text-transliterated>
            </comment>
            <comment comment-id="14">
                <comment-parent-id/>
                <comment-text>Cim "ugrozena" vecina, iz toplih kabineta institucije kao sto je FF, udruzeno napada
                    hrabrog pojedinca, znaci da ga se boji. Bravo za Zunjica, ne zove se badava Slobodan.
                </comment-text>
                <comment-text-transliterated>Cim "ugrozena" vecina, iz toplih kabineta institucije kao sto je FF,
                    udruzeno napada hrabrog pojedinca, znaci da ga se boji. Bravo za Zunjica, ne zove se badava
                    Slobodan.
                </comment-text-transliterated>
            </comment>
            <comment comment-id="15">
                <comment-parent-id/>
                <comment-text>Postovani profesore Zunjicu, blokaderi su uz vas, i vama slicne. Dole korupcija na FF-u!
                </comment-text>
                <comment-text-transliterated>Postovani profesore Zunjicu, blokaderi su uz vas, i vama slicne. Dole
                    korupcija na FF-u!
                </comment-text-transliterated>
            </comment>
            <comment comment-id="16">
                <comment-parent-id/>
                <comment-text>Analitička struja u filozofiji odavno je prevaziđena. Samo što za to ovi na Odeljenju nisu
                    čuli. :)
                </comment-text>
                <comment-text-transliterated>Analitička struja u filozofiji odavno je prevaziđena. Samo što za to ovi na
                    Odeljenju nisu čuli. :)
                </comment-text-transliterated>
            </comment>
            <comment comment-id="17">
                <comment-parent-id/>
                <comment-text>Mi nismo metodolozi, Zunjiću, ali ko zna. U svakom slučaju smo tvoji. Ne ostavljaj nas,
                    ako imaš srca. Vrati nam se.
                </comment-text>
                <comment-text-transliterated>Mi nismo metodolozi, Zunjiću, ali ko zna. U svakom slučaju smo tvoji. Ne
                    ostavljaj nas, ako imaš srca. Vrati nam se.
                </comment-text-transliterated>
            </comment>
            <comment comment-id="18">
                <comment-parent-id/>
                <comment-text>Zamolicu kolegu Masana da prebroji slovne greske u komentarima, posto za druge, smislenije
                    rabote i nije bas bogom dan. Profesore Zunjicu, osvetlali ste obraz srpskoj filozofskoj kritici.
                    Nastavite, mi vas podrzavamo.
                </comment-text>
                <comment-text-transliterated>Zamolicu kolegu Masana da prebroji slovne greske u komentarima, posto za
                    druge, smislenije rabote i nije bas bogom dan. Profesore Zunjicu, osvetlali ste obraz srpskoj
                    filozofskoj kritici. Nastavite, mi vas podrzavamo.
                </comment-text-transliterated>
            </comment>
            <comment comment-id="19">
                <comment-parent-id/>
                <comment-text>@Biljana Đurović | 21/05/2015 11:02Vi citirate udzbenik za srednju skolu. Kad je rec o
                    doprinosu filozofiji, nije rec o udzbenicima za srednju skolu. Niti o osnovnim udzbenicima u nacelu.
                    Rec je o nezavisnim istrazivackim radovima iz filozofije. Logika je uz to pomocna nauka filozofije.
                    Ovde je problem o konfliktu izmedju koncepta bavljenjem pomocnim disciplinama i bavljenjem
                    filozofijom kao opstom disciplinom, pristup, koji je gotovo napusten na Odeljenju za filozofiju u
                    Beogradu. Zasto se mesate u diskusiju kad ne poznajete predmet o kome je rec?
                </comment-text>
                <comment-text-transliterated>@Biljana Đurović | 21/05/2015 11:02Vi citirate udzbenik za srednju skolu.
                    Kad je rec o doprinosu filozofiji, nije rec o udzbenicima za srednju skolu. Niti o osnovnim
                    udzbenicima u nacelu. Rec je o nezavisnim istrazivackim radovima iz filozofije. Logika je uz to
                    pomocna nauka filozofije. Ovde je problem o konfliktu izmedju koncepta bavljenjem pomocnim
                    disciplinama i bavljenjem filozofijom kao opstom disciplinom, pristup, koji je gotovo napusten na
                    Odeljenju za filozofiju u Beogradu. Zasto se mesate u diskusiju kad ne poznajete predmet o kome je
                    rec?
                </comment-text-transliterated>
            </comment>
            <comment comment-id="20">
                <comment-parent-id/>
                <comment-text>I sto neko ovde rece - Car je go, tj. Odeljenje za filozofiju je postalo margina margine
                    savremene srpske filozofije. Ako se gde danas dogadja filozofija, onda je to po institutima, i na
                    Radio Beogradu III.
                </comment-text>
                <comment-text-transliterated>I sto neko ovde rece - Car je go, tj. Odeljenje za filozofiju je postalo
                    margina margine savremene srpske filozofije. Ako se gde danas dogadja filozofija, onda je to po
                    institutima, i na Radio Beogradu III.
                </comment-text-transliterated>
            </comment>
            <comment comment-id="21">
                <comment-parent-id/>
                <comment-text>Ima nas još živih metodologa koji smo učili ne baš kod Aristotela ali u to doba. Žunjiću,
                    molimo te ne ostavljaj nas na cedulu. Metodolo iz gimnazije.
                </comment-text>
                <comment-text-transliterated>Ima nas još živih metodologa koji smo učili ne baš kod Aristotela ali u to
                    doba. Žunjiću, molimo te ne ostavljaj nas na cedulu. Metodolo iz gimnazije.
                </comment-text-transliterated>
            </comment>
            <comment comment-id="22">
                <comment-parent-id/>
                <comment-text>Hvala profesoru Slobodanu Zunjicu za sve sto je ucinio za srpsku filozofsku misao.
                </comment-text>
                <comment-text-transliterated>Hvala profesoru Slobodanu Zunjicu za sve sto je ucinio za srpsku filozofsku
                    misao.
                </comment-text-transliterated>
            </comment>
            <comment comment-id="23">
                <comment-parent-id/>
                <comment-text>@ Biljana DjurovicIma nas koji smo zavrsili kod Sindjelica ili Krona Logiku, a o Dosenu
                    nemamo pojma. Za Zunjica svi znamo, i po profesuri i po knjigama, i necemo ga zaboraviti, ne nadajte
                    se.
                </comment-text>
                <comment-text-transliterated>@ Biljana DjurovicIma nas koji smo zavrsili kod Sindjelica ili Krona
                    Logiku, a o Dosenu nemamo pojma. Za Zunjica svi znamo, i po profesuri i po knjigama, i necemo ga
                    zaboraviti, ne nadajte se.
                </comment-text-transliterated>
            </comment>
            <comment comment-id="24">
                <comment-parent-id/>
                <comment-text>Zaboravih da u prethodnom komentaru nešto važno napomenem kolegi koji postavlja pitanje ko
                    je profesor Dosen. Sasvim je izlišno da spominjete profesora Žunjića bilo gde u svetu, a sasvim je
                    izvesno da će i ovde u Srbiji uskoro biti zaboravljen.
                </comment-text>
                <comment-text-transliterated>Zaboravih da u prethodnom komentaru nešto važno napomenem kolegi koji
                    postavlja pitanje ko je profesor Dosen. Sasvim je izlišno da spominjete profesora Žunjića bilo gde u
                    svetu, a sasvim je izvesno da će i ovde u Srbiji uskoro biti zaboravljen.
                </comment-text-transliterated>
            </comment>
            <comment comment-id="25">
                <comment-parent-id/>
                <comment-text>Kad vec pitate za profesora Kostu Dosena, ako ste zavrsili nas fakultet, pa vas put nanese
                    na bilo koji ozbiljniji univerzitet u svetu, vi se pohvalite da ste bili student profesora Dosena
                    ili da ste slusali njegove kurseve iz logike. Sva vrata ce vam se otvoriti. Bilo gde u EU, zajedno
                    sa Britanijom, u Rusiji i naravno na svim univerzitetima u USA.
                </comment-text>
                <comment-text-transliterated>Kad vec pitate za profesora Kostu Dosena, ako ste zavrsili nas fakultet, pa
                    vas put nanese na bilo koji ozbiljniji univerzitet u svetu, vi se pohvalite da ste bili student
                    profesora Dosena ili da ste slusali njegove kurseve iz logike. Sva vrata ce vam se otvoriti. Bilo
                    gde u EU, zajedno sa Britanijom, u Rusiji i naravno na svim univerzitetima u USA.
                </comment-text-transliterated>
            </comment>
            <comment comment-id="26">
                <comment-parent-id/>
                <comment-text>Честитке проф. др Слободану Жуњићу.</comment-text>
                <comment-text-transliterated>Čestitke prof. dr Slobodanu Žunjiću.</comment-text-transliterated>
            </comment>
            <comment comment-id="27">
                <comment-parent-id/>
                <comment-text>a da, da se ne zaboravi, ti isti analiticari resili su se i dr aleksandra gordica,
                    najtalentovanijeg naseg metodologa, i to na krajnje pokvaren i bezobziran nacin
                </comment-text>
                <comment-text-transliterated>a da, da se ne zaboravi, ti isti analiticari resili su se i dr aleksandra
                    gordica, najtalentovanijeg naseg metodologa, i to na krajnje pokvaren i bezobziran nacin
                </comment-text-transliterated>
            </comment>
            <comment comment-id="28">
                <comment-parent-id/>
                <comment-text>Analiticari su upropastili filozofiju za narednih pola veka. Ali, bar da o tome ostane
                    pisani trag. Hvala profesore Zunjicu. Ucinili ste za filozofiju, a i za pravdu mnogo. Nadam se da ce
                    se i ostali odvaziti da krenu tim putem, a ne da poltronisu tzv. analiticarima.
                </comment-text>
                <comment-text-transliterated>Analiticari su upropastili filozofiju za narednih pola veka. Ali, bar da o
                    tome ostane pisani trag. Hvala profesore Zunjicu. Ucinili ste za filozofiju, a i za pravdu mnogo.
                    Nadam se da ce se i ostali odvaziti da krenu tim putem, a ne da poltronisu tzv. analiticarima.
                </comment-text-transliterated>
            </comment>
            <comment comment-id="29">
                <comment-parent-id/>
                <comment-text>Dosen, ko je to uopste, i kakve veze ima s filozofijom. Zunjic vs anonimusi, licemeri i
                    neradnici!
                </comment-text>
                <comment-text-transliterated>Dosen, ko je to uopste, i kakve veze ima s filozofijom. Zunjic vs
                    anonimusi, licemeri i neradnici!
                </comment-text-transliterated>
            </comment>
            <comment comment-id="30">
                <comment-parent-id/>
                <comment-text>Profesora Zunjica brane njegovi radovi, a analiticare Botovi. Dobro jutro.</comment-text>
                <comment-text-transliterated>Profesora Zunjica brane njegovi radovi, a analiticare Botovi. Dobro
                    jutro.
                </comment-text-transliterated>
            </comment>
            <comment comment-id="31">
                <comment-parent-id/>
                <comment-text>Zunjicu, nemoj da se vracas, molim te!</comment-text>
                <comment-text-transliterated>Zunjicu, nemoj da se vracas, molim te!</comment-text-transliterated>
            </comment>
            <comment comment-id="32">
                <comment-parent-id/>
                <comment-text>Коста Дошен је аутор књиге ,,Основна логика``, објављене на Интернету 2013. године (исте
                    године када и код државног издавача Службени гласник та четворотомна, најблаже речено, веома чудна и
                    скупа књига Слободана Жуњића, која се наводно бави историјом српске логике). Основна логика је
                    слободно доступна -- укуцајте само у Google њен наслов, ћирилицом или латиницом. Добићете тамо
                    одличну књигу, веома лепу, кратку и једноставну за читање, из које можете да се на веома приступачан
                    и поуздан начин информишете, без мистификације, чиме се бави та важна наука и шта је постигла у наше
                    доба.
                </comment-text>
                <comment-text-transliterated>Kosta Došen je autor knjige ,,Osnovna logika``, objavljene na Internetu
                    2013. godine (iste godine kada i kod državnog izdavača Službeni glasnik ta četvorotomna, najblaže
                    rečeno, veoma čudna i skupa knjiga Slobodana Žunjića, koja se navodno bavi istorijom srpske logike).
                    Osnovna logika je slobodno dostupna -- ukucajte samo u Google njen naslov, ćirilicom ili latinicom.
                    Dobićete tamo odličnu knjigu, veoma lepu, kratku i jednostavnu za čitanje, iz koje možete da se na
                    veoma pristupačan i pouzdan način informišete, bez mistifikacije, čime se bavi ta važna nauka i šta
                    je postigla u naše doba.
                </comment-text-transliterated>
            </comment>
            <comment comment-id="33">
                <comment-parent-id/>
                <comment-text>Žunjiću, vrati se!</comment-text>
                <comment-text-transliterated>Žunjiću, vrati se!</comment-text-transliterated>
            </comment>
            <comment comment-id="34">
                <comment-parent-id/>
                <comment-text>Studenti svih generacija filozofije su uz Zunju, tu ne racunam analiticare, jer oni i nisu
                    filozofi.
                </comment-text>
                <comment-text-transliterated>Studenti svih generacija filozofije su uz Zunju, tu ne racunam analiticare,
                    jer oni i nisu filozofi.
                </comment-text-transliterated>
            </comment>
            <comment comment-id="35">
                <comment-parent-id/>
                <comment-text>Analiticari su proterali filozofiju sa Filozofskog fakulteta. I doveli svoje anonimne
                    poltrone, koji niti sta rade u struci, niti neguju podmladak. Svaka cast profesoru Zunjicu. Glas
                    razuma!
                </comment-text>
                <comment-text-transliterated>Analiticari su proterali filozofiju sa Filozofskog fakulteta. I doveli
                    svoje anonimne poltrone, koji niti sta rade u struci, niti neguju podmladak. Svaka cast profesoru
                    Zunjicu. Glas razuma!
                </comment-text-transliterated>
            </comment>
            <comment comment-id="36">
                <comment-parent-id/>
                <comment-text>Naš u svetu najcitiraniji autor iz oblasti filozofije je bez sumnje Kosta Došen, cenjeni i
                    medju studentima omiljeni profesor logike na Odeljenju za filozofiju Filozofskog fakulteta u
                    Beogradu. Osim citata u Stenfordskoj filozofskoj enciklopediji, on ima izuzetno mnogo drugih citata,
                    od u svetu veoma uglednih logičara i filozofa. Jedan deo tih citata (izmedju petsto i hiljadu, na
                    četrdesetak gusto kucanih strana) može se naći u biografiji na srpskom na njegovoj stranici na
                    Internetu. To je autor koji je u Istoriji srpske filozofije preskočen i omalovažen, a sad se u
                    komentarima simulira nekakav aplauz za to preskakanje.
                </comment-text>
                <comment-text-transliterated>Naš u svetu najcitiraniji autor iz oblasti filozofije je bez sumnje Kosta
                    Došen, cenjeni i medju studentima omiljeni profesor logike na Odeljenju za filozofiju Filozofskog
                    fakulteta u Beogradu. Osim citata u Stenfordskoj filozofskoj enciklopediji, on ima izuzetno mnogo
                    drugih citata, od u svetu veoma uglednih logičara i filozofa. Jedan deo tih citata (izmedju petsto i
                    hiljadu, na četrdesetak gusto kucanih strana) može se naći u biografiji na srpskom na njegovoj
                    stranici na Internetu. To je autor koji je u Istoriji srpske filozofije preskočen i omalovažen, a
                    sad se u komentarima simulira nekakav aplauz za to preskakanje.
                </comment-text-transliterated>
            </comment>
            <comment comment-id="37">
                <comment-parent-id/>
                <comment-text>Само нешто о цитатима. У Стенфордској филозофској енциклопедији, највећој и најутицајнијој
                    савременој енциклопедији из те области, цитирани су неки професори који сада раде на Одељењу за
                    филозофију Филозофског факултета, понегде и доста често. Других српских филозофа из прошлости и
                    садашњости, као што су академици Михаило Ђурић, Михаило Марковић и Данило Баста или кандидати као
                    што је Слободан Жуњић, тамо нема ни од корова.
                </comment-text>
                <comment-text-transliterated>Samo nešto o citatima. U Stenfordskoj filozofskoj enciklopediji, najvećoj i
                    najuticajnijoj savremenoj enciklopediji iz te oblasti, citirani su neki profesori koji sada rade na
                    Odeljenju za filozofiju Filozofskog fakulteta, ponegde i dosta često. Drugih srpskih filozofa iz
                    prošlosti i sadašnjosti, kao što su akademici Mihailo Đurić, Mihailo Marković i Danilo Basta ili
                    kandidati kao što je Slobodan Žunjić, tamo nema ni od korova.
                </comment-text-transliterated>
            </comment>
            <comment comment-id="38">
                <comment-parent-id/>
                <comment-text>Ja sam student filozofije i potvrdjujem sve sto je g. Zunjic rekao, Svaka mu cast! Covek
                    je istupio i rekao - Car je go! Na odeljenju za filozofiju caruje klika "analiticara" koje je
                    pomenuo g. Zunjic, i oni rade sta im se cefne, sve na stetu kvaliteta studija filozofije. Navescu
                    samo jedan primer. Fakultet je doveo Vladana Djordjevica da predaje Istoriju filozoije 2, a to je
                    srednjovekovna i moderna filozofija, a on se covek bavi kondicionalima!? Apsolutno je nekvalifikovan
                    za tu poziciju,ali nema veze, nikom nista.
                </comment-text>
                <comment-text-transliterated>Ja sam student filozofije i potvrdjujem sve sto je g. Zunjic rekao, Svaka
                    mu cast! Covek je istupio i rekao - Car je go! Na odeljenju za filozofiju caruje klika "analiticara"
                    koje je pomenuo g. Zunjic, i oni rade sta im se cefne, sve na stetu kvaliteta studija filozofije.
                    Navescu samo jedan primer. Fakultet je doveo Vladana Djordjevica da predaje Istoriju filozoije 2, a
                    to je srednjovekovna i moderna filozofija, a on se covek bavi kondicionalima!? Apsolutno je
                    nekvalifikovan za tu poziciju,ali nema veze, nikom nista.
                </comment-text-transliterated>
            </comment>
            <comment comment-id="39">
                <comment-parent-id/>
                <comment-text>Zar nije Žunjić otkrio da je i Irina Kantakuzin (poznata u narodnim pesmama kao prokleta
                    Jerina) bila srpski logičar? A možda i njen pradeda (Kanta kuzen, Kantov kuzen)? G. Isaković misli
                    da Žunjić svojom logikom i istorijom podseća na Lažu i paralažu i barona Golića, ali on je i kao
                    Ružičić (možda Ružičič) i Pokondirena tikva.
                </comment-text>
                <comment-text-transliterated>Zar nije Žunjić otkrio da je i Irina Kantakuzin (poznata u narodnim pesmama
                    kao prokleta Jerina) bila srpski logičar? A možda i njen pradeda (Kanta kuzen, Kantov kuzen)? G.
                    Isaković misli da Žunjić svojom logikom i istorijom podseća na Lažu i paralažu i barona Golića, ali
                    on je i kao Ružičić (možda Ružičič) i Pokondirena tikva.
                </comment-text-transliterated>
            </comment>
            <comment comment-id="40">
                <comment-parent-id/>
                <comment-text>Svaka cast profesore Zunjicu, i studenti to isto misle, i uz vas su.</comment-text>
                <comment-text-transliterated>Svaka cast profesore Zunjicu, i studenti to isto misle, i uz vas su.
                </comment-text-transliterated>
            </comment>
            <comment comment-id="41">
                <comment-parent-id/>
                <comment-text>Zunjicu i jeste mesto u SANU, a analiticari da se upristoje. Pozdrav Redakciji.
                </comment-text>
                <comment-text-transliterated>Zunjicu i jeste mesto u SANU, a analiticari da se upristoje. Pozdrav
                    Redakciji.
                </comment-text-transliterated>
            </comment>
            <comment comment-id="42">
                <comment-parent-id/>
                <comment-text>Наслов ,,Све и свашта’’ уопште није лош. Има наравно много више смисла и много је
                    духовитији него то ,,Прирок и суштаство (или суштество)’’, што је као из неке Стеријине комедије,
                    али не у намери да се буде духовит. Него озбиљан и преозбиљан, као барон Ружић из ,,Лаже и
                    паралаже’’, сав посвећен свом преварантском послу -- том пројекту да своје лажне новце претвори у
                    лажне награде и лажне академске и академијине титуле.
                </comment-text>
                <comment-text-transliterated>Naslov ,,Sve i svašta’’ uopšte nije loš. Ima naravno mnogo više smisla i
                    mnogo je duhovitiji nego to ,,Prirok i suštastvo (ili suštestvo)’’, što je kao iz neke Sterijine
                    komedije, ali ne u nameri da se bude duhovit. Nego ozbiljan i preozbiljan, kao baron Ružić iz ,,Laže
                    i paralaže’’, sav posvećen svom prevarantskom poslu -- tom projektu da svoje lažne novce pretvori u
                    lažne nagrade i lažne akademske i akademijine titule.
                </comment-text-transliterated>
            </comment>
            <comment comment-id="43">
                <comment-parent-id/>
                <comment-text>Zunjic je, vidim, rekao sta misli. Zasto sad protivna struja ne napise svoju „istoriju
                    srpske filozofije“? Istina, ne broj stampanih radova vec kvalitet i uticaj na ostale filozofe u
                    zemlji i svetu znaci su kvaliteta i filozofske velicine. Zunjic pravilno ocenjuje - radovi nasih
                    filozofa se sasvim retko citiraju u svetu. Nije po sredi samo jezik. Analiticka i postanaliticka
                    skola su u svetu suvise jake da bi se nasa katedra za filozofiju tu mogla naci, posto je izgubila
                    seriju filozofa u poslednjim decenijama, ukljucujuci i samog Zunjica. Ovo sramno « Saopstenje »
                    upravo i to pokazuje, jer ne argumentise ukazujuci na sadrzaje « objavljenih » radova, vec se busa
                    kolicinama objavljenih radova. Neumesno, jer je zadatak katedre da ima kvalitetnu nastavu i
                    istrazivacki rad, i da sudeluje u javnom kulturnom zivotu, a ne da deluje kao neki « centralni
                    komitet ». Velike filozofije se ne proizvode « velikim » programima na katedrama. Zapravo izbor
                    nastavnika je veoma vazan i tu je veliki jaz.
                </comment-text>
                <comment-text-transliterated>Zunjic je, vidim, rekao sta misli. Zasto sad protivna struja ne napise
                    svoju „istoriju srpske filozofije“? Istina, ne broj stampanih radova vec kvalitet i uticaj na ostale
                    filozofe u zemlji i svetu znaci su kvaliteta i filozofske velicine. Zunjic pravilno ocenjuje -
                    radovi nasih filozofa se sasvim retko citiraju u svetu. Nije po sredi samo jezik. Analiticka i
                    postanaliticka skola su u svetu suvise jake da bi se nasa katedra za filozofiju tu mogla naci, posto
                    je izgubila seriju filozofa u poslednjim decenijama, ukljucujuci i samog Zunjica. Ovo sramno «
                    Saopstenje » upravo i to pokazuje, jer ne argumentise ukazujuci na sadrzaje « objavljenih » radova,
                    vec se busa kolicinama objavljenih radova. Neumesno, jer je zadatak katedre da ima kvalitetnu
                    nastavu i istrazivacki rad, i da sudeluje u javnom kulturnom zivotu, a ne da deluje kao neki «
                    centralni komitet ». Velike filozofije se ne proizvode « velikim » programima na katedrama. Zapravo
                    izbor nastavnika je veoma vazan i tu je veliki jaz.
                </comment-text-transliterated>
            </comment>
            <comment comment-id="44">
                <comment-parent-id/>
                <comment-text>Ne razumem šta hoće u svom komentaru g. Todorović. U Istoriji srpske logike od sv. Jovana
                    Damaskina do Sl. Žunjića (koja se može nabaviti i za svega 4990 din.) u četvrtom tomu, koji je njemu
                    posvećen, dokazano je da je autor knjige najveći srpski logičar posle Likinija, Bogomira Vilka
                    Lubenića i Gaje Petrovića. Logika je tu dabome shvaćena kao nauka o svemu i svačemu. To bi uostalom
                    i mogao da bude alternativni naslov knjige: ,,Sve i svašta’’.
                </comment-text>
                <comment-text-transliterated>Ne razumem šta hoće u svom komentaru g. Todorović. U Istoriji srpske logike
                    od sv. Jovana Damaskina do Sl. Žunjića (koja se može nabaviti i za svega 4990 din.) u četvrtom tomu,
                    koji je njemu posvećen, dokazano je da je autor knjige najveći srpski logičar posle Likinija,
                    Bogomira Vilka Lubenića i Gaje Petrovića. Logika je tu dabome shvaćena kao nauka o svemu i svačemu.
                    To bi uostalom i mogao da bude alternativni naslov knjige: ,,Sve i svašta’’.
                </comment-text-transliterated>
            </comment>
            <comment comment-id="45">
                <comment-parent-id/>
                <comment-text>Hajde sto su losi filosofi, i jos gori pedagozi, ali su ispali mnogo losi ljudi tokom
                    Blokade. Studenti im to nece zaboraviti, ni Zivanu, ni Masanu, ni Arsenijevicu, najgorem dekanu
                    ikad!!!
                </comment-text>
                <comment-text-transliterated>Hajde sto su losi filosofi, i jos gori pedagozi, ali su ispali mnogo losi
                    ljudi tokom Blokade. Studenti im to nece zaboraviti, ni Zivanu, ni Masanu, ni Arsenijevicu, najgorem
                    dekanu ikad!!!
                </comment-text-transliterated>
            </comment>
            <comment comment-id="46">
                <comment-parent-id/>
                <comment-text>Covek je napisao sta je napisao, i to je njegov sud. Ja ga podrzavam, mislim da je sasvim
                    u pravu. A ako neko drukcije misli, neka zagreje stolicu i procita toliko losih radova nasih
                    analiticara. Smorice se vec posle prva dva. Bravo profesore, ocitali ste im lekciju.
                </comment-text>
                <comment-text-transliterated>Covek je napisao sta je napisao, i to je njegov sud. Ja ga podrzavam,
                    mislim da je sasvim u pravu. A ako neko drukcije misli, neka zagreje stolicu i procita toliko losih
                    radova nasih analiticara. Smorice se vec posle prva dva. Bravo profesore, ocitali ste im lekciju.
                </comment-text-transliterated>
            </comment>
            <comment comment-id="47">
                <comment-parent-id/>
                <comment-text>Ton i stil komentara koji brane Boba Žunjića postaju sve više navijački. Izgleda da je to
                    on sam rešio da mu valja da se ugleda ne toliko na Delije i Grobare, koliko na one kojima je njegov
                    uzor Hajdeger želeo da služi.
                </comment-text>
                <comment-text-transliterated>Ton i stil komentara koji brane Boba Žunjića postaju sve više navijački.
                    Izgleda da je to on sam rešio da mu valja da se ugleda ne toliko na Delije i Grobare, koliko na one
                    kojima je njegov uzor Hajdeger želeo da služi.
                </comment-text-transliterated>
            </comment>
            <comment comment-id="48">
                <comment-parent-id/>
                <comment-text>Gde je domar Njegosev nastavljac u zapecku bolan boravio dok su ovde Americke bombe iz
                    njegovog Rod Ajlenda stizale?
                </comment-text>
                <comment-text-transliterated>Gde je domar Njegosev nastavljac u zapecku bolan boravio dok su ovde
                    Americke bombe iz njegovog Rod Ajlenda stizale?
                </comment-text-transliterated>
            </comment>
            <comment comment-id="49">
                <comment-parent-id/>
                <comment-text>Jedan je Zunjic!!!</comment-text>
                <comment-text-transliterated>Jedan je Zunjic!!!</comment-text-transliterated>
            </comment>
            <comment comment-id="50">
                <comment-parent-id/>
                <comment-text>Moral, pre svega, je ono sto prof. Zunjica izdvaja od gomile bukaca sa tzv. Odeljenja za
                    filozofiju. A tek potom i znanje, u kome je, u odnosu na njih, nenadmasan autoritet.
                </comment-text>
                <comment-text-transliterated>Moral, pre svega, je ono sto prof. Zunjica izdvaja od gomile bukaca sa tzv.
                    Odeljenja za filozofiju. A tek potom i znanje, u kome je, u odnosu na njih, nenadmasan autoritet.
                </comment-text-transliterated>
            </comment>
            <comment comment-id="51">
                <comment-parent-id/>
                <comment-text>Kako je poznato, nastava na FF odavno se drzi po kafanama, otuda i ovaj kafanski napad na
                    kriticki intoniranu knjigu. Sve cestitke uglednom profesoru Zunjicu, ova knjiga je prava dragocenost
                    za nasu kulturu.
                </comment-text>
                <comment-text-transliterated>Kako je poznato, nastava na FF odavno se drzi po kafanama, otuda i ovaj
                    kafanski napad na kriticki intoniranu knjigu. Sve cestitke uglednom profesoru Zunjicu, ova knjiga je
                    prava dragocenost za nasu kulturu.
                </comment-text-transliterated>
            </comment>
            <comment comment-id="52">
                <comment-parent-id/>
                <comment-text>Steta sto nema nekog da napise istoriju srpske muzike, ali ovako otvoreno. Da samo znate
                    sta bi tu pokuljalo, ovo je mala maca. Nego muzicari su nepismeni, srecom po njih.
                </comment-text>
                <comment-text-transliterated>Steta sto nema nekog da napise istoriju srpske muzike, ali ovako otvoreno.
                    Da samo znate sta bi tu pokuljalo, ovo je mala maca. Nego muzicari su nepismeni, srecom po njih.
                </comment-text-transliterated>
            </comment>
            <comment comment-id="53">
                <comment-parent-id/>
                <comment-text>А што нападају човека, зато што има своју интерпретацију. Па, нека се и они лате пера и
                    напишу књигу о српској филозофији, ко им брани. Честитам на изласку књиге о српској филозофији.
                    Драго ми је, напоран је то посао. И крајње незахвалан, како се види.
                </comment-text>
                <comment-text-transliterated>A što napadaju čoveka, zato što ima svoju interpretaciju. Pa, neka se i oni
                    late pera i napišu knjigu o srpskoj filozofiji, ko im brani. Čestitam na izlasku knjige o srpskoj
                    filozofiji. Drago mi je, naporan je to posao. I krajnje nezahvalan, kako se vidi.
                </comment-text-transliterated>
            </comment>
            <comment comment-id="54">
                <comment-parent-id/>
                <comment-text>Na FF-u nema više Zurovca, Kučinara, Kozomare, Milovića, Žunjića, Aranđelovića, sve su to
                    bili sjajni pedagozi i istraživači. Oni koji su ostali, nisu dostojni pominjanja, osim po javašluku.
                    Pozdrav za prof. Žunjića i uljudne komentatore.
                </comment-text>
                <comment-text-transliterated>Na FF-u nema više Zurovca, Kučinara, Kozomare, Milovića, Žunjića,
                    Aranđelovića, sve su to bili sjajni pedagozi i istraživači. Oni koji su ostali, nisu dostojni
                    pominjanja, osim po javašluku. Pozdrav za prof. Žunjića i uljudne komentatore.
                </comment-text-transliterated>
            </comment>
            <comment comment-id="55">
                <comment-parent-id/>
                <comment-text>Pitam se samo sta kvalifikuje pojedine da konkurisu za ulazak u SANU bez radova. Gospodine
                    Zunjicu, istina je na vasoj strani. Hvala sto je obelodanjujete1
                </comment-text>
                <comment-text-transliterated>Pitam se samo sta kvalifikuje pojedine da konkurisu za ulazak u SANU bez
                    radova. Gospodine Zunjicu, istina je na vasoj strani. Hvala sto je obelodanjujete1
                </comment-text-transliterated>
            </comment>
            <comment comment-id="56">
                <comment-parent-id/>
                <comment-text>Žunjiću, svaka ti je kao u Njegoša! Istinu na videlo! Bravo!</comment-text>
                <comment-text-transliterated>Žunjiću, svaka ti je kao u Njegoša! Istinu na videlo! Bravo!
                </comment-text-transliterated>
            </comment>
            <comment comment-id="57">
                <comment-parent-id/>
                <comment-text>Слободан Жуњић - ЦАР!</comment-text>
                <comment-text-transliterated>Slobodan Žunjić - CAR!</comment-text-transliterated>
            </comment>
            <comment comment-id="58">
                <comment-parent-id/>
                <comment-text>Otkako je, na žalost, profesor Žunjić otišao s Fakulteta, stanje se drastično pogoršalo, i
                    sada je nesnošljivo. Osrednji, koji sebe vole da nazivaju analitičarima, kolo vode. Na štetu svojih
                    studenata, a i filozofije.
                </comment-text>
                <comment-text-transliterated>Otkako je, na žalost, profesor Žunjić otišao s Fakulteta, stanje se
                    drastično pogoršalo, i sada je nesnošljivo. Osrednji, koji sebe vole da nazivaju analitičarima, kolo
                    vode. Na štetu svojih studenata, a i filozofije.
                </comment-text-transliterated>
            </comment>
            <comment comment-id="59">
                <comment-parent-id/>
                <comment-text>Ниједан коментар, као ни чланак у Политици, не спомиње неистине које Боб Жуњић износи у
                    својој књизи о свом одласку са Филозофског факултета, о чему се могу наћи подаци у саопштењу Одељења
                    за филозофију. Не ради се ни о каквом прогону него о томе да му је после годину дана одсуства у САД
                    оно продужавано још три године, колико год је то по закону било дозвољено (ако је било дозвољено),
                    али је он изабрао да остане у САД да би радио у студентском дому. Ради се о периоду од 1997. до
                    2001. године, добу када је Србија била у сукобу са САД, а 1999. године у рату.
                </comment-text>
                <comment-text-transliterated>Nijedan komentar, kao ni članak u Politici, ne spominje neistine koje Bob
                    Žunjić iznosi u svojoj knjizi o svom odlasku sa Filozofskog fakulteta, o čemu se mogu naći podaci u
                    saopštenju Odeljenja za filozofiju. Ne radi se ni o kakvom progonu nego o tome da mu je posle godinu
                    dana odsustva u SAD ono produžavano još tri godine, koliko god je to po zakonu bilo dozvoljeno (ako
                    je bilo dozvoljeno), ali je on izabrao da ostane u SAD da bi radio u studentskom domu. Radi se o
                    periodu od 1997. do 2001. godine, dobu kada je Srbija bila u sukobu sa SAD, a 1999. godine u ratu.
                </comment-text-transliterated>
            </comment>
            <comment comment-id="60">
                <comment-parent-id/>
                <comment-text>Slobodan Bob Zunjić se pod tim imenom predstavlja na svojoj stranici na Internetu. Tamo se
                    vidi da je on po zanimanju upravnik studentskog doma.
                </comment-text>
                <comment-text-transliterated>Slobodan Bob Zunjić se pod tim imenom predstavlja na svojoj stranici na
                    Internetu. Tamo se vidi da je on po zanimanju upravnik studentskog doma.
                </comment-text-transliterated>
            </comment>
            <comment comment-id="61">
                <comment-parent-id/>
                <comment-text>С обзиром на веома неучтив и неписмен стил и склоност ка директним лажима и увредама у
                    коментарима који бране Слободана Боба Жуњића, изгледа да их он сам пише.
                </comment-text>
                <comment-text-transliterated>S obzirom na veoma neučtiv i nepismen stil i sklonost ka direktnim lažima i
                    uvredama u komentarima koji brane Slobodana Boba Žunjića, izgleda da ih on sam piše.
                </comment-text-transliterated>
            </comment>
            <comment comment-id="62">
                <comment-parent-id/>
                <comment-text>Па, кад се укупно сабере, сви ти професори аналитичке оријентације скупа немају радове
                    колико по један њихов успешнији студент. Могу слободно да кажем да су растерали све што је вредело с
                    факултета и довели некреативне и послушне. Зато је и стање на ФФ грозно, али, срећом, философија
                    живи и ван ФФ-а. Браво за Слободана Жуњића.
                </comment-text>
                <comment-text-transliterated>Pa, kad se ukupno sabere, svi ti profesori analitičke orijentacije skupa
                    nemaju radove koliko po jedan njihov uspešniji student. Mogu slobodno da kažem da su rasterali sve
                    što je vredelo s fakulteta i doveli nekreativne i poslušne. Zato je i stanje na FF grozno, ali,
                    srećom, filosofija živi i van FF-a. Bravo za Slobodana Žunjića.
                </comment-text-transliterated>
            </comment>
            <comment comment-id="63">
                <comment-parent-id/>
                <comment-text>Odeljenje za filozofiju, u sadasnjem sastavu, je sramota za srpsku filozofiju - da dopunim
                    prof. Zunjica. Svaka cast, najzad je neko casno progovorio o stanju na Filozofskom fakultetu.
                </comment-text>
                <comment-text-transliterated>Odeljenje za filozofiju, u sadasnjem sastavu, je sramota za srpsku
                    filozofiju - da dopunim prof. Zunjica. Svaka cast, najzad je neko casno progovorio o stanju na
                    Filozofskom fakultetu.
                </comment-text-transliterated>
            </comment>
            <comment comment-id="64">
                <comment-parent-id/>
                <comment-text>Kolega Kant konstatuje ono što na Fakutetu svi znaju, kao što znaju i svi koji su
                    studirali i završili ovu školu. Nema u tim radovima koje Žunič, pominje, ali ni u delima koje ne
                    pominje, ni traga od nauke, ili ima ako se naučnim može zvati dobro ili pretnciozno interpretirano
                    gradivo. U srpskoj filozofskoj misli na žalost nema velikih misli, Nema čak ni epigona za
                    uvažavanje. Tako na žalost stoje stvari odavno, i Žunjić je samo izgovorio ono što svi znaju i čemu
                    je i sam doprineo.
                </comment-text>
                <comment-text-transliterated>Kolega Kant konstatuje ono što na Fakutetu svi znaju, kao što znaju i svi
                    koji su studirali i završili ovu školu. Nema u tim radovima koje Žunič, pominje, ali ni u delima
                    koje ne pominje, ni traga od nauke, ili ima ako se naučnim može zvati dobro ili pretnciozno
                    interpretirano gradivo. U srpskoj filozofskoj misli na žalost nema velikih misli, Nema čak ni
                    epigona za uvažavanje. Tako na žalost stoje stvari odavno, i Žunjić je samo izgovorio ono što svi
                    znaju i čemu je i sam doprineo.
                </comment-text-transliterated>
            </comment>
            <comment comment-id="65">
                <comment-parent-id/>
                <comment-text>Osim Istorije srpske filozofije Žunjić je nedavno objavio i istoriju srpske logike u
                    četiri toma pod naslovom Prirok i suštastvo. Ako je i bio kvalifikovan da nesto kaze o istoriji
                    srpske filozofije, sa logikom nema baš nikakvo profesionalno iskustvo. Među njegovim delima radova
                    iz te oblasti nema, pa sadržaj te knjige nema baš nikakve veze sa onim što se u savremenom smislu
                    pod logikom podrazumeva. Kod nas postoji znatan broj sasvim pristojnih profesionalnih logičara
                    kojima se on sa takvom knjigom nije obratio. Pa kome se onda obratio i zašto je Službeni glasnik
                    protraćio tako velike državne novce? Možda je ta knjiga pisana za žiri novčano vredne nagrade
                    "Nikola Milošević". Ili možda nisu u pitanju ni srpska filozofija, ni srpska logika, a ni srpska
                    nagrada, već se zapravo radi o dobro smišljenom inženjeringu za srpsku akademiju.
                </comment-text>
                <comment-text-transliterated>Osim Istorije srpske filozofije Žunjić je nedavno objavio i istoriju srpske
                    logike u četiri toma pod naslovom Prirok i suštastvo. Ako je i bio kvalifikovan da nesto kaze o
                    istoriji srpske filozofije, sa logikom nema baš nikakvo profesionalno iskustvo. Među njegovim delima
                    radova iz te oblasti nema, pa sadržaj te knjige nema baš nikakve veze sa onim što se u savremenom
                    smislu pod logikom podrazumeva. Kod nas postoji znatan broj sasvim pristojnih profesionalnih
                    logičara kojima se on sa takvom knjigom nije obratio. Pa kome se onda obratio i zašto je Službeni
                    glasnik protraćio tako velike državne novce? Možda je ta knjiga pisana za žiri novčano vredne
                    nagrade "Nikola Milošević". Ili možda nisu u pitanju ni srpska filozofija, ni srpska logika, a ni
                    srpska nagrada, već se zapravo radi o dobro smišljenom inženjeringu za srpsku akademiju.
                </comment-text-transliterated>
            </comment>
            <comment comment-id="66">
                <comment-parent-id/>
                <comment-text>Tuzno je sto ljudi misle da se u knjizi g. Zunjica neko kritikuje. U njoj se naprotiv
                    uglavnom laze.
                </comment-text>
                <comment-text-transliterated>Tuzno je sto ljudi misle da se u knjizi g. Zunjica neko kritikuje. U njoj
                    se naprotiv uglavnom laze.
                </comment-text-transliterated>
            </comment>
            <comment comment-id="67">
                <comment-parent-id/>
                <comment-text>Kakvi naucnici u Srbiji, takvo i stanje - katastrofalno!</comment-text>
                <comment-text-transliterated>Kakvi naucnici u Srbiji, takvo i stanje - katastrofalno!
                </comment-text-transliterated>
            </comment>
            <comment comment-id="68">
                <comment-parent-id/>
                <comment-text>ali ovi sa katedre što se brane navodeći navodno prvoklasna i originalna dela kao
                    protivargument žunjićevim napadima??? GOTOVO SVAKO delo sa te liste sam čitala i mogu da kažem se
                    većina toga svodi na isprazno prepričavanje i simuliranje originalnosti, ma to je komično... ima
                    možda par (sic) ljudi koji nisu samo muljatori kojima se knjige svode na prepričavanje tekstova koje
                    su čitali, kao što svako može da čita kod kuće, doslovno tako, ali to je ipak i tad vrlo naivno,
                    anahrono, pati od provincijalnog fetiša originalnosti... a o ovim ostalima ne treba ni pričati, pa
                    to je smešno šta oni rade u tim knjigama, većina od njih su kao neki loši i neinformativni
                    srednjoškolski udžbenici... stuparova ''filozofija politike'' - hahahahaha
                </comment-text>
                <comment-text-transliterated>ali ovi sa katedre što se brane navodeći navodno prvoklasna i originalna
                    dela kao protivargument žunjićevim napadima??? GOTOVO SVAKO delo sa te liste sam čitala i mogu da
                    kažem se većina toga svodi na isprazno prepričavanje i simuliranje originalnosti, ma to je
                    komično... ima možda par (sic) ljudi koji nisu samo muljatori kojima se knjige svode na
                    prepričavanje tekstova koje su čitali, kao što svako može da čita kod kuće, doslovno tako, ali to je
                    ipak i tad vrlo naivno, anahrono, pati od provincijalnog fetiša originalnosti... a o ovim ostalima
                    ne treba ni pričati, pa to je smešno šta oni rade u tim knjigama, većina od njih su kao neki loši i
                    neinformativni srednjoškolski udžbenici... stuparova ''filozofija politike'' - hahahahaha
                </comment-text-transliterated>
            </comment>
            <comment comment-id="69">
                <comment-parent-id/>
                <comment-text>Професор Коста Дошен има преко сто научних радова од којих је велика већина из логике. Има
                    их и из других области математике. Ти радови су објављени у на свету најугледнијим часописима из
                    логике и сродних области математике. Његове монографије су из логике и теорије категорија, што спада
                    у алгебру.У тој књизи коју промовише квиз на државној телевизији може међутим да се прочита на стр.
                    438 да професор Дошен није математичар. Иако је биран у сва научна звања, од асистента до научног
                    саветника, у Математичком институту САНУ, а такође и за професора математике на Математичком
                    факултету Универзитета у Београду, где му је и нострификована титула доктора математичких наука, и у
                    Француској на Универзитету у Тулузи. Био је гостујући професор математике на универзитетима у Нотр
                    Дејму у САД, Монпељеу, Тибингену и Атини. Четири његова докторанта су универзитетски професори
                    математике. (Други многобројни подаци о његовом бављењу математиком и библиографија могу да се нађу
                    на његовом сајту.)
                </comment-text>
                <comment-text-transliterated>Profesor Kosta Došen ima preko sto naučnih radova od kojih je velika većina
                    iz logike. Ima ih i iz drugih oblasti matematike. Ti radovi su objavljeni u na svetu najuglednijim
                    časopisima iz logike i srodnih oblasti matematike. Njegove monografije su iz logike i teorije
                    kategorija, što spada u algebru.U toj knjizi koju promoviše kviz na državnoj televiziji može međutim
                    da se pročita na str. 438 da profesor Došen nije matematičar. Iako je biran u sva naučna zvanja, od
                    asistenta do naučnog savetnika, u Matematičkom institutu SANU, a takođe i za profesora matematike na
                    Matematičkom fakultetu Univerziteta u Beogradu, gde mu je i nostrifikovana titula doktora
                    matematičkih nauka, i u Francuskoj na Univerzitetu u Tuluzi. Bio je gostujući profesor matematike na
                    univerzitetima u Notr Dejmu u SAD, Monpeljeu, Tibingenu i Atini. Četiri njegova doktoranta su
                    univerzitetski profesori matematike. (Drugi mnogobrojni podaci o njegovom bavljenju matematikom i
                    bibliografija mogu da se nađu na njegovom sajtu.)
                </comment-text-transliterated>
            </comment>
            <comment comment-id="70">
                <comment-parent-id/>
                <comment-text>pa, milos arsenijevic vrlo dobro zna kakvu je kadrovsku politiku vodio, doveo je tu
                    uglavnom neradnike, zunjic ih je s pravom isprozivao, mora neko da pocne.
                </comment-text>
                <comment-text-transliterated>pa, milos arsenijevic vrlo dobro zna kakvu je kadrovsku politiku vodio,
                    doveo je tu uglavnom neradnike, zunjic ih je s pravom isprozivao, mora neko da pocne.
                </comment-text-transliterated>
            </comment>
            <comment comment-id="71">
                <comment-parent-id/>
                <comment-text>Жуњић је одувек био поштен и правичан. Честитам!</comment-text>
                <comment-text-transliterated>Žunjić je oduvek bio pošten i pravičan. Čestitam!
                </comment-text-transliterated>
            </comment>
            <comment comment-id="72">
                <comment-parent-id/>
                <comment-text>Bravo za prof. Zunjica, sve je to istina i jos gore je. Odeljenje za filoyofiju je odavno
                    leglo nerada i spletkarenja. Tome se mora stati na put, jer je to u interesu filozofije.
                </comment-text>
                <comment-text-transliterated>Bravo za prof. Zunjica, sve je to istina i jos gore je. Odeljenje za
                    filoyofiju je odavno leglo nerada i spletkarenja. Tome se mora stati na put, jer je to u interesu
                    filozofije.
                </comment-text-transliterated>
            </comment>
            <comment comment-id="73">
                <comment-parent-id/>
                <comment-text>Zunjic je predavao u vreme Kozomare,Sakote,Kucinara,od kojih neki nisu imali ni formalna
                    prava da predaju jer nisu doktorirali, a drugi su opet doktorirali na poljskim i ceskim
                    marksistima.Doktorati iz filozofije se, inace, razlikuju od seminarskih radova samo po tome sto su
                    autori vise procitali i vise prepricali i pisu se tako sto se ili obimom teme simulira siroko
                    znanje(zapravo istorijski prikazi) ili se nadje neka specijalnost ,pa se izmisli problem i simulira
                    "dubina" poznavanja nekog filozofa.Doktorati ovde hvaljenih Vukovica, Grubora,Djurica,a dodao bih i
                    Govedaricu, su primeri banalnosti i nekreativnosti.I u bivsoj Jugoslaviji Ljubljana i Zagrab su bili
                    daleko ispred Beograda, a gomila hvaljenih "filozofa" Markovic,Milosevic i dr nisu ostavili iza sebe
                    nista vredno, pa cak ni u okvirima marksizma.Srpska filozofija je ogledalo srpske kulture i njene
                    beznacajnosti.
                </comment-text>
                <comment-text-transliterated>Zunjic je predavao u vreme Kozomare,Sakote,Kucinara,od kojih neki nisu
                    imali ni formalna prava da predaju jer nisu doktorirali, a drugi su opet doktorirali na poljskim i
                    ceskim marksistima.Doktorati iz filozofije se, inace, razlikuju od seminarskih radova samo po tome
                    sto su autori vise procitali i vise prepricali i pisu se tako sto se ili obimom teme simulira siroko
                    znanje(zapravo istorijski prikazi) ili se nadje neka specijalnost ,pa se izmisli problem i simulira
                    "dubina" poznavanja nekog filozofa.Doktorati ovde hvaljenih Vukovica, Grubora,Djurica,a dodao bih i
                    Govedaricu, su primeri banalnosti i nekreativnosti.I u bivsoj Jugoslaviji Ljubljana i Zagrab su bili
                    daleko ispred Beograda, a gomila hvaljenih "filozofa" Markovic,Milosevic i dr nisu ostavili iza sebe
                    nista vredno, pa cak ni u okvirima marksizma.Srpska filozofija je ogledalo srpske kulture i njene
                    beznacajnosti.
                </comment-text-transliterated>
            </comment>
            <comment comment-id="74">
                <comment-parent-id/>
                <comment-text>Ако апстрахујемо вредносне судове у ових неколико коментара, остаће видљиве неке врло
                    духовите опаске - можда философија и треба да буде духовитија него што јесте. Али оно што је важно,
                    а истиче се у коментару @Vladislav Marjanovic, јесте да српска није утицала на главне токове светске
                    философије. То је у већини случаје тачно, али у случају Михаила Петровића - Мике Аласа одудара од
                    ноторне истине. Он је пре Хусерла утемељио феноменолошку мисао, али је овај немачки Јеврејин ипак
                    проглашен оцем феноменологије. Не стоје ни примедбе да западноевропска научна јавност није познавала
                    дело српског философа будући да је Алас сваки свој рад, као француски ђак, истовремено или чак и пре
                    објављивао на француском језику и у Француској, као ни то да је он био првенствено математичар, јер
                    је то био и немачки колега. Шта је тек Западни свет прећутао о руској философији и другим наукама,
                    ми смо само колатерална штета. Ако је то Жуњићево слабо а незадовољних живих актера има прилично,
                    нека напишу боље.
                </comment-text>
                <comment-text-transliterated>Ako apstrahujemo vrednosne sudove u ovih nekoliko komentara, ostaće
                    vidljive neke vrlo duhovite opaske - možda filosofija i treba da bude duhovitija nego što jeste. Ali
                    ono što je važno, a ističe se u komentaru @Vladislav Marjanovic, jeste da srpska nije uticala na
                    glavne tokove svetske filosofije. To je u većini slučaje tačno, ali u slučaju Mihaila Petrovića -
                    Mike Alasa odudara od notorne istine. On je pre Huserla utemeljio fenomenološku misao, ali je ovaj
                    nemački Jevrejin ipak proglašen ocem fenomenologije. Ne stoje ni primedbe da zapadnoevropska naučna
                    javnost nije poznavala delo srpskog filosofa budući da je Alas svaki svoj rad, kao francuski đak,
                    istovremeno ili čak i pre objavljivao na francuskom jeziku i u Francuskoj, kao ni to da je on bio
                    prvenstveno matematičar, jer je to bio i nemački kolega. Šta je tek Zapadni svet prećutao o ruskoj
                    filosofiji i drugim naukama, mi smo samo kolateralna šteta. Ako je to Žunjićevo slabo a
                    nezadovoljnih živih aktera ima prilično, neka napišu bolje.
                </comment-text-transliterated>
            </comment>
            <comment comment-id="75">
                <comment-parent-id/>
                <comment-text>hmm zunjic...secam se kad je bio asistent.u ljudskom smislu - nista pohvalno.
                </comment-text>
                <comment-text-transliterated>hmm zunjic...secam se kad je bio asistent.u ljudskom smislu - nista
                    pohvalno.
                </comment-text-transliterated>
            </comment>
            <comment comment-id="76">
                <comment-parent-id/>
                <comment-text>Мало је чудно да се у делу са називом "Историја српске филозофије" пише о филозофима који
                    још живе и раде. Личи на памфлет а не на озбиљну књигу.
                </comment-text>
                <comment-text-transliterated>Malo je čudno da se u delu sa nazivom "Istorija srpske filozofije" piše o
                    filozofima koji još žive i rade. Liči na pamflet a ne na ozbiljnu knjigu.
                </comment-text-transliterated>
            </comment>
            <comment comment-id="77">
                <comment-parent-id/>
                <comment-text>Napad je najbolja odbrana. Kada je u pitanju akademski esnaf, on ocevidno nije spreman da
                    na kritiku odgovori akademskim tonom i iznese valjane protivargumente vec reaguje emocionalno poput
                    kakve uvredjene primadone. Akademci, na zalost, cesto zaboravljaju da su naucnici samo ljudi i da,
                    bez obzira na erudiciju, mogu da grese, ali i da imaju pravo da iznose svoje misljenje. Na kolegama
                    je da ga dopunjavaju ili koriguju kako bi se zajednickim snagama doprinelo donosenju pravednijih
                    sudova. Svakako i srpska filozofija je dala doprinos svetskoj. Na zalost, cinjenica je da ona nije
                    imala autore koji su pokretali oderdjene pravce, pogled na svet ili skole za koje bi se moglo reci
                    da su presudno uticale na razvoj svetske filozofske misli. Pa sta? Mnogo je gore sto od
                    egzistencijalizma naovamo ni u svetu nema vodecih filozofskih stvaraoca ili pravaca. Da parafraziram
                    Prokopija: konzumirao se ovaj svet i varvarizovao. Kamo filozofa da ga oplemene?
                </comment-text>
                <comment-text-transliterated>Napad je najbolja odbrana. Kada je u pitanju akademski esnaf, on ocevidno
                    nije spreman da na kritiku odgovori akademskim tonom i iznese valjane protivargumente vec reaguje
                    emocionalno poput kakve uvredjene primadone. Akademci, na zalost, cesto zaboravljaju da su naucnici
                    samo ljudi i da, bez obzira na erudiciju, mogu da grese, ali i da imaju pravo da iznose svoje
                    misljenje. Na kolegama je da ga dopunjavaju ili koriguju kako bi se zajednickim snagama doprinelo
                    donosenju pravednijih sudova. Svakako i srpska filozofija je dala doprinos svetskoj. Na zalost,
                    cinjenica je da ona nije imala autore koji su pokretali oderdjene pravce, pogled na svet ili skole
                    za koje bi se moglo reci da su presudno uticale na razvoj svetske filozofske misli. Pa sta? Mnogo je
                    gore sto od egzistencijalizma naovamo ni u svetu nema vodecih filozofskih stvaraoca ili pravaca. Da
                    parafraziram Prokopija: konzumirao se ovaj svet i varvarizovao. Kamo filozofa da ga oplemene?
                </comment-text-transliterated>
            </comment>
            <comment comment-id="78">
                <comment-parent-id/>
                <comment-text>Fakultet napao knjigu! Srecna vam nova 1948. godina!</comment-text>
                <comment-text-transliterated>Fakultet napao knjigu! Srecna vam nova 1948. godina!
                </comment-text-transliterated>
            </comment>
            <comment comment-id="79">
                <comment-parent-id/>
                <comment-text>Hvala Politici sto je ukazala paznju na ovaj sramotni pokusaj gospode Zunjica i Baste da
                    preko ove knige promovisu sebe na ustrb drugih, kao i da lobiraju za clanstvo g. Zunjica u SANU. Sa
                    nestrpljenjem ocekujem nastavak 21. maja. Hvala.
                </comment-text>
                <comment-text-transliterated>Hvala Politici sto je ukazala paznju na ovaj sramotni pokusaj gospode
                    Zunjica i Baste da preko ove knige promovisu sebe na ustrb drugih, kao i da lobiraju za clanstvo g.
                    Zunjica u SANU. Sa nestrpljenjem ocekujem nastavak 21. maja. Hvala.
                </comment-text-transliterated>
            </comment>
            <comment comment-id="80">
                <comment-parent-id/>
                <comment-text>Knjiga kolege g. Slobodana Žunjića u odeljku o savremenoj srpskoj filosofiji te Odeljenju
                    za filozofiju izuzetno je pošten rad, pisan sa merom koju je bilo potrebno imati kako se ne bi
                    otišlo u nešto što je toj meri suprotno i zbog čega bi dobro zasnovani autorovi stavovi samo
                    izgubili u okvirima onoga što je u toj knjizi najbolje: pogled odgovornog čoveka na filosofske
                    "snage" u Odeljenju za filozofiju. Profesoru Slobodanu Žunjiću dobro stoji hrabrost zbog ocena i
                    sudova koje je u knjizi priložio. Filološkim naukama takodje treba jedan Slobodan Žunjić.
                </comment-text>
                <comment-text-transliterated>Knjiga kolege g. Slobodana Žunjića u odeljku o savremenoj srpskoj
                    filosofiji te Odeljenju za filozofiju izuzetno je pošten rad, pisan sa merom koju je bilo potrebno
                    imati kako se ne bi otišlo u nešto što je toj meri suprotno i zbog čega bi dobro zasnovani autorovi
                    stavovi samo izgubili u okvirima onoga što je u toj knjizi najbolje: pogled odgovornog čoveka na
                    filosofske "snage" u Odeljenju za filozofiju. Profesoru Slobodanu Žunjiću dobro stoji hrabrost zbog
                    ocena i sudova koje je u knjizi priložio. Filološkim naukama takodje treba jedan Slobodan Žunjić.
                </comment-text-transliterated>
            </comment>
        </comment-list>
    </comments>
</document>