<document global-id="sr-01-1424">
    <url>
        http://www.politika.rs/scc/clanak/413246/%D0%9C%D0%B8%D1%85%D0%BE%D1%99%D1%81%D0%BA%D0%BE-%D0%BB%D0%B5%D1%82%D0%BE-%D1%83-%D0%9C%D0%B5%D1%82%D0%BE%D1%85%D0%B8%D1%98%D0%B8
    </url>
    <source-id>sr-01</source-id>
    <local-id>1424</local-id>
    <source-name>Politika</source-name>
    <article>
        <article-title>Михољско лето у Метохији</article-title>
        <article-title-transliterated>Miholjsko leto u Metohiji</article-title-transliterated>
        <article-time>2018-10-14</article-time>
        <article-author>Živojin Rakočević</article-author>
        <article-text>Празник вина и окончања радова у пољу установљен је после 1999. године, па у ово село са изузетним
            средњовековним црквама стижу писци, сликари, глумци и прогнаници из Метохије. Михољдан је најважнији дан
            гето живота и све што се стварало и радило током године види се тог дана. Призрен, Велика Хоча – Огромни
            корен липе подигао је коцке калдрме. Око стабла су нагнуте клупе на којима седе ђаци и професори. Благо је
            михољско лето у Призрену, а из густе, поткресане крошње пада лишће. Ово је липа српских патријараха, нема
            ниједног, у двадесетом веку, који овде није – као ђак или као професор – провео неко време. Она памти када
            је, у Великом рату, у темеље Богословије „Свети Кирило и Методије” краљ Петар сакрио своју круну направљену
            од Карађорђевог топа и отишао преко Албаније. Од свих вредности и живих створења једино је ова липа
            преживела Погром 17. марта 2004. године. Испод ње ове вечери проректор Исидор шири руке и дочекује госте.
            Све је обновљено, а нема места на Косову и Метохији одакле није дошао неки посетилац на књижевно вече Матије
            Бећковића и промоцију књиге „Косово најскупља српска реч”, чије је ново издање објавила управо Призренска
            богословија.
            Проф. др Александар Милановић је, беседећи о књизи, нагласио да је „реч Косово у свим својим значењима
            уткано у суштину српског бића, а самим тим и централно у нашем језику, што Бећковић образлаже кроз читаву
            књигу”. Професор Јован Делић сматра да Бећковић песнички дефинише модерног издајника који „мора да делује
            достојанствено и да глуми слободара и победника, озбиљног и забринутог спаситеља народа”.
            Свечаности у Метохији завршене су на Михољдан у Великој Хочи. Овај празник вина и окончања радова у пољу
            установљен је после 1999. године и пада овог места у потпуну изолацију. Била је то потреба за сусретом
            гетоизираних људи, па у ово село с изузетним средњовековним црквама стижу писци, сликари, глумци и
            прогнаници из Метохије. Михољдан је најважнији дан гето живота и све што се стварало и радило током године
            види се тог дана. Музичар и боем Дејан Живић Славујче пева „У Призрену зелена јабука”, а високи дечански
            монах Данило споро и достојанствено носи чаше вина у старој Дечанској винарији где се дегустира „оно што је
            Бог ове године дао”.

            „Лепо је ових дана прошетати Великом Хочом и осетити мирисе вина и мирисе који се шире целим крајем. Изгледа
            као да сви печемо ракију”, каже Јован Ђуричић, председник Привременог органа Општине Ораховац. Заједно с
            овом идиличном михољданском атмосфером иду изолација, небезбедност, стална несигурност, инциденти и пљачке.
            У двема породицама Мицић, код Матића и у дому Чукарића још се осећа пустош пљачке која их је задесила пре
            петнаест дана. Помажу им Високи Дечани, Канцеларија за Косово и Метохију, стигле су и краве и телад, али
            упркос томе мали Дамњан Чукарић не заборавља своју одведену кравицу Драгану. Повредио је око и морао је у
            Београд на лечење.
            Крај празничног дана је помало пуст, чује се песма између вина и цркава, гости одлазе, време бербе је
            завршено.
            Оаза у пустињи
            „Велика Хоча има дубоке корене из којих црпи сокове који су потребни да би могла да опстане, као острво у
            мору, као оаза у пустињи”, каже епископ рашко-призренски Теодосије у беседи на почетку програма испред
            Господарске куће у Великој Хочи. Потом су стихове говорили Матија Бећковић, Ратко Поповић, наступили су
            етно-група „Извор” из Врања, Хор Призренске богословије, КУД „Копаоник” из Лепосавића, Ансамбл „Венац” из
            Грачанице, а промовисана је и „Антологија српске народне лирике Косова и Метохије” коју је, непосредно пред
            смрт, приредио професор Владимир Бован. Целу манифестацију организовали су Косовско-метохијски одбор Матице
            српске, Епархија рашко-призренска, Општина Ораховац и Дом културе „Грачаница”.
        </article-text>
        <article-text-transliterated>Praznik vina i okončanja radova u polju ustanovljen je posle 1999. godine, pa u ovo
            selo sa izuzetnim srednjovekovnim crkvama stižu pisci, slikari, glumci i prognanici iz Metohije. Miholjdan
            je najvažniji dan geto života i sve što se stvaralo i radilo tokom godine vidi se tog dana. Prizren, Velika
            Hoča – Ogromni koren lipe podigao je kocke kaldrme. Oko stabla su nagnute klupe na kojima sede đaci i
            profesori. Blago je miholjsko leto u Prizrenu, a iz guste, potkresane krošnje pada lišće. Ovo je lipa
            srpskih patrijaraha, nema nijednog, u dvadesetom veku, koji ovde nije – kao đak ili kao profesor – proveo
            neko vreme. Ona pamti kada je, u Velikom ratu, u temelje Bogoslovije „Sveti Kirilo i Metodije” kralj Petar
            sakrio svoju krunu napravljenu od Karađorđevog topa i otišao preko Albanije. Od svih vrednosti i živih
            stvorenja jedino je ova lipa preživela Pogrom 17. marta 2004. godine. Ispod nje ove večeri prorektor Isidor
            širi ruke i dočekuje goste. Sve je obnovljeno, a nema mesta na Kosovu i Metohiji odakle nije došao neki
            posetilac na književno veče Matije Bećkovića i promociju knjige „Kosovo najskuplja srpska reč”, čije je novo
            izdanje objavila upravo Prizrenska bogoslovija.
            Prof. dr Aleksandar Milanović je, besedeći o knjizi, naglasio da je „reč Kosovo u svim svojim značenjima
            utkano u suštinu srpskog bića, a samim tim i centralno u našem jeziku, što Bećković obrazlaže kroz čitavu
            knjigu”. Profesor Jovan Delić smatra da Bećković pesnički definiše modernog izdajnika koji „mora da deluje
            dostojanstveno i da glumi slobodara i pobednika, ozbiljnog i zabrinutog spasitelja naroda”.
            Svečanosti u Metohiji završene su na Miholjdan u Velikoj Hoči. Ovaj praznik vina i okončanja radova u polju
            ustanovljen je posle 1999. godine i pada ovog mesta u potpunu izolaciju. Bila je to potreba za susretom
            getoiziranih ljudi, pa u ovo selo s izuzetnim srednjovekovnim crkvama stižu pisci, slikari, glumci i
            prognanici iz Metohije. Miholjdan je najvažniji dan geto života i sve što se stvaralo i radilo tokom godine
            vidi se tog dana. Muzičar i boem Dejan Živić Slavujče peva „U Prizrenu zelena jabuka”, a visoki dečanski
            monah Danilo sporo i dostojanstveno nosi čaše vina u staroj Dečanskoj vinariji gde se degustira „ono što je
            Bog ove godine dao”.

            „Lepo je ovih dana prošetati Velikom Hočom i osetiti mirise vina i mirise koji se šire celim krajem. Izgleda
            kao da svi pečemo rakiju”, kaže Jovan Đuričić, predsednik Privremenog organa Opštine Orahovac. Zajedno s
            ovom idiličnom miholjdanskom atmosferom idu izolacija, nebezbednost, stalna nesigurnost, incidenti i
            pljačke. U dvema porodicama Micić, kod Matića i u domu Čukarića još se oseća pustoš pljačke koja ih je
            zadesila pre petnaest dana. Pomažu im Visoki Dečani, Kancelarija za Kosovo i Metohiju, stigle su i krave i
            telad, ali uprkos tome mali Damnjan Čukarić ne zaboravlja svoju odvedenu kravicu Draganu. Povredio je oko i
            morao je u Beograd na lečenje.
            Kraj prazničnog dana je pomalo pust, čuje se pesma između vina i crkava, gosti odlaze, vreme berbe je
            završeno.
            Oaza u pustinji
            „Velika Hoča ima duboke korene iz kojih crpi sokove koji su potrebni da bi mogla da opstane, kao ostrvo u
            moru, kao oaza u pustinji”, kaže episkop raško-prizrenski Teodosije u besedi na početku programa ispred
            Gospodarske kuće u Velikoj Hoči. Potom su stihove govorili Matija Bećković, Ratko Popović, nastupili su
            etno-grupa „Izvor” iz Vranja, Hor Prizrenske bogoslovije, KUD „Kopaonik” iz Leposavića, Ansambl „Venac” iz
            Gračanice, a promovisana je i „Antologija srpske narodne lirike Kosova i Metohije” koju je, neposredno pred
            smrt, priredio profesor Vladimir Bovan. Celu manifestaciju organizovali su Kosovsko-metohijski odbor Matice
            srpske, Eparhija raško-prizrenska, Opština Orahovac i Dom kulture „Gračanica”.
        </article-text-transliterated>
    </article>
    <comments>
        <comments-count>2</comments-count>
        <comment-list>
            <comment comment-id="1">
                <comment-parent-id/>
                <comment-text>Sve pohvale za ovaj tekst, ovu priču..pohvale za Politiku, eparhiju Raško -Prizrensku , za
                    Matiju Bećkovića _ песнички дефинише модерног издајника који „мора да делује достојанствено и да
                    глуми слободара и победника, озбиљног и забринутог спаситеља народа”.
                </comment-text>
                <comment-text-transliterated>Sve pohvale za ovaj tekst, ovu priču..pohvale za Politiku, eparhiju Raško
                    -Prizrensku , za Matiju Bećkovića _ pesnički definiše modernog izdajnika koji „mora da deluje
                    dostojanstveno i da glumi slobodara i pobednika, ozbiljnog i zabrinutog spasitelja naroda”.
                </comment-text-transliterated>
            </comment>
            <comment comment-id="2">
                <comment-parent-id/>
                <comment-text>... hvala Politici za ovu lepu pricu ...i ovo pisanje je jedan vid borbe za opstanak ...
                </comment-text>
                <comment-text-transliterated>... hvala Politici za ovu lepu pricu ...i ovo pisanje je jedan vid borbe za
                    opstanak ...
                </comment-text-transliterated>
            </comment>
        </comment-list>
    </comments>
</document>