<document global-id="sr-01-1445"><url>http://www.politika.rs/scc/clanak/440736/%D0%9C%D0%B8%D1%81%D1%82%D0%B5%D1%80%D0%B8%D0%BE%D0%B7%D0%BD%D0%B8-%D1%81%D0%BF%D0%BE%D0%BC%D0%B5%D0%BD%D0%B8%D0%BA-%D1%81-%D0%BA%D1%80%D1%81%D1%82%D0%BE%D0%BC-%D0%B8-%D0%BF%D0%B5%D1%82%D0%BE%D0%BA%D1%80%D0%B0%D0%BA%D0%BE%D0%BC</url><source-id>sr-01</source-id><local-id>sr-01-1445</local-id><source-name>Politika</source-name><article><article-title>Мистериозни споменик с крстом и петокраком</article-title><article-title-transliterated>Misteriozni spomenik s krstom i petokrakom</article-title-transliterated><article_time>2019-10-28</article_time><article-author>Dimitrije Bukvić</article-author><article-text>
„Споменик прави, достојан величине жртве, подигао је народ наш у свом срцу, за сва времена, браћи која су дошла с Волге и Урала, да с нама грудима одбране слободу.” Овако је на данашњи дан, пре 75 година, у првом послератном броју „Политике” описана сахрана бораца Црвене армије, погинулих у борбама за ослобођење Београда, на данашњем Тргу републике (тада Позоришном тргу). Како је тог 28. октобра 1944. известио наш лист, погребу је, осим генерала Жданова и Мијалка Тодоровића, политичког комесара Првог корпуса, присуствовало много житеља тек ослобођене престонице, а догађај је крунисан подизањем обележја на месту покопа.

Међутим, мермерни знамен подигнут „за сва времена” уклоњен је 1954. године а посмртни остаци црвеноармејаца су премештени у новоформирано Гробље ослободилаца Београда. Од тада, обележју се изгубио сваки траг. Недавним откривањем спомен-плоче на истом месту, у част седам и по деценија од ослобођења главног града, указано је да је на Тргу републике некада постојао споменик црвеноармејцима, али детаљи о њему су и даље мало познати.
Како објашњава Милана Живановић, историчарка која је докторирала на теми руских гробних комплекса у Србији у 20. веку, то је био први споменик подигнут у ослобођеном Београду.
„Постављен је 22. октобра 1944, два дана по завршетку борби. Упадљиво је да је вест о томе објављена и у првој послератној ’Политици’, шест дана после догађаја, што значи да је томе придата велика пажња. Уклоњен је марта 1954, што је такође завредело пажњу медија, па је тако у ’Борби’ објављена фотографија којом је јавност обавештена о уклањању”, наводи Живановићева за наш лист.


Спомен-плоча постављена недавно на месту где се налазио споменик (Фото Беоинфо)


На обележју су, додаје она, била уклесана имена 22 совјетска војника сахрањених под њим, уз натпис „Вечна слава херојима палим у борбама за слободу и независност наше отаџбине и братске Југославије” и то само на руском језику.
„Због тога се може претпоставити да је споменик постављен на иницијативу совјетске стране, утолико пре што је тај натпис био поклич којим је Стаљин окончао наредбу издату при ослобођењу Београда маршалу Толбухину”, каже Живановићева, додајући да нема података о томе где је обележје израђено.
Његово подизање је имало велики значај и за послератну југословенску власт, о чему сведочи свечана сахрана која је претходила постављању споменика.


Из првог послератног броја „Политике”, 28. октобра 1944: извештаји о ослобађању Београда и текст
о сахрани црвеноармејаца (Документација „Политике”)


„Тог 22. октобра 1944. формирана је погребна поворка с тенковима на којима су били ковчези с телима 22 војника. Двојица совјетских бораца, који су томе присуствовали, записали су у својим мемоарима да је окупљени народ различито реаговао. Једни су, спуштене главе, ћутке одавали пошту, други су с узбуђењем гледали кретање војске, а трећи нису успели да обуздају емоције па су плакали. На свечаној сахрани су говорили генерал Жданов и Мијалко Тодоровић, а био је присутан и Пеко Дапчевић. Потом је обављено ритуално бацање грумена земље у велику раку ископану на тргу”, наводи Живановићева. Како истиче, крст и петокрака није била реткост ни на другим обележјима подигнутим у Србији у част палих црвеноармејаца подизаним недуго после рата.
„Прецизног објашњења нажалост нема, али треба рећи да је у Саборној цркви 12. новембра 1944. служен помен погинулим совјетским и југословенским борцима након ослобођења Београда. То упућује да је однос нових власти према Српској православној цркви и њеном статусу у народу у то време био веома обазрив, па се можда крстови на споменику могу тумачити и у том контексту. Иначе, у Београду је од 15. до 30. новембра 1944. подигнуто 18 великих и 32 мала споменика борцима Црвене армије, а било је планирано да се до децембра 1944. подигну укупно 102 обележја”, истиче Живановићева.
</article-text><article-text-transliterated>
„Spomenik pravi, dostojan veličine žrtve, podigao je narod naš u svom srcu, za sva vremena, braći koja su došla s Volge i Urala, da s nama grudima odbrane slobodu.” Ovako je na današnji dan, pre 75 godina, u prvom posleratnom broju „Politike” opisana sahrana boraca Crvene armije, poginulih u borbama za oslobođenje Beograda, na današnjem Trgu republike (tada Pozorišnom trgu). Kako je tog 28. oktobra 1944. izvestio naš list, pogrebu je, osim generala Ždanova i Mijalka Todorovića, političkog komesara Prvog korpusa, prisustvovalo mnogo žitelja tek oslobođene prestonice, a događaj je krunisan podizanjem obeležja na mestu pokopa.

Međutim, mermerni znamen podignut „za sva vremena” uklonjen je 1954. godine a posmrtni ostaci crvenoarmejaca su premešteni u novoformirano Groblje oslobodilaca Beograda. Od tada, obeležju se izgubio svaki trag. Nedavnim otkrivanjem spomen-ploče na istom mestu, u čast sedam i po decenija od oslobođenja glavnog grada, ukazano je da je na Trgu republike nekada postojao spomenik crvenoarmejcima, ali detalji o njemu su i dalje malo poznati.
Kako objašnjava Milana Živanović, istoričarka koja je doktorirala na temi ruskih grobnih kompleksa u Srbiji u 20. veku, to je bio prvi spomenik podignut u oslobođenom Beogradu.
„Postavljen je 22. oktobra 1944, dva dana po završetku borbi. Upadljivo je da je vest o tome objavljena i u prvoj posleratnoj ’Politici’, šest dana posle događaja, što znači da je tome pridata velika pažnja. Uklonjen je marta 1954, što je takođe zavredelo pažnju medija, pa je tako u ’Borbi’ objavljena fotografija kojom je javnost obaveštena o uklanjanju”, navodi Živanovićeva za naš list.


Spomen-ploča postavljena nedavno na mestu gde se nalazio spomenik (Foto Beoinfo)


Na obeležju su, dodaje ona, bila uklesana imena 22 sovjetska vojnika sahranjenih pod njim, uz natpis „Večna slava herojima palim u borbama za slobodu i nezavisnost naše otadžbine i bratske Jugoslavije” i to samo na ruskom jeziku.
„Zbog toga se može pretpostaviti da je spomenik postavljen na inicijativu sovjetske strane, utoliko pre što je taj natpis bio poklič kojim je Staljin okončao naredbu izdatu pri oslobođenju Beograda maršalu Tolbuhinu”, kaže Živanovićeva, dodajući da nema podataka o tome gde je obeležje izrađeno.
Njegovo podizanje je imalo veliki značaj i za posleratnu jugoslovensku vlast, o čemu svedoči svečana sahrana koja je prethodila postavljanju spomenika.


Iz prvog posleratnog broja „Politike”, 28. oktobra 1944: izveštaji o oslobađanju Beograda i tekst
o sahrani crvenoarmejaca (Dokumentacija „Politike”)


„Tog 22. oktobra 1944. formirana je pogrebna povorka s tenkovima na kojima su bili kovčezi s telima 22 vojnika. Dvojica sovjetskih boraca, koji su tome prisustvovali, zapisali su u svojim memoarima da je okupljeni narod različito reagovao. Jedni su, spuštene glave, ćutke odavali poštu, drugi su s uzbuđenjem gledali kretanje vojske, a treći nisu uspeli da obuzdaju emocije pa su plakali. Na svečanoj sahrani su govorili general Ždanov i Mijalko Todorović, a bio je prisutan i Peko Dapčević. Potom je obavljeno ritualno bacanje grumena zemlje u veliku raku iskopanu na trgu”, navodi Živanovićeva. Kako ističe, krst i petokraka nije bila retkost ni na drugim obeležjima podignutim u Srbiji u čast palih crvenoarmejaca podizanim nedugo posle rata.
„Preciznog objašnjenja nažalost nema, ali treba reći da je u Sabornoj crkvi 12. novembra 1944. služen pomen poginulim sovjetskim i jugoslovenskim borcima nakon oslobođenja Beograda. To upućuje da je odnos novih vlasti prema Srpskoj pravoslavnoj crkvi i njenom statusu u narodu u to vreme bio veoma obazriv, pa se možda krstovi na spomeniku mogu tumačiti i u tom kontekstu. Inače, u Beogradu je od 15. do 30. novembra 1944. podignuto 18 velikih i 32 mala spomenika borcima Crvene armije, a bilo je planirano da se do decembra 1944. podignu ukupno 102 obeležja”, ističe Živanovićeva.
</article-text-transliterated></article><comments><comments-count>8</comments-count><comments-list><comment comment-id="1"><comment-parent-id /><comment-text>У Остојићеву,селу на северу Баната је до 1942 године у центру села био споменик Краљу Петру I Карађорђевићu урађен од белог мермера у природној величини а на постаменту високом два метра.Споменик су срушили Јожеф Барна и Калман Керестељи.Дуго је овај споменик лежао у школском дворишту да би га приликом градње самопослуге залили у темељ зграде.
П.С. У Паризу посtоји споменик Краљу Александру I Карађорђевићу.А у Србији ?</comment-text><comment-text-transliterated>U Ostojićevu,selu na severu Banata je do 1942 godine u centru sela bio spomenik Kralju Petru I Karađorđeviću urađen od belog mermera u prirodnoj veličini a na postamentu visokom dva metra.Spomenik su srušili Jožef Barna i Kalman Kerestelji.Dugo je ovaj spomenik ležao u školskom dvorištu da bi ga prilikom gradnje samoposluge zalili u temelj zgrade.
P.S. U Parizu postoji spomenik Kralju Aleksandru I Karađorđeviću.A u Srbiji ?</comment-text-transliterated></comment><comment comment-id="2"><comment-parent-id /><comment-text>Имали су комунисти обзира према Цркви (Тито је чак присуствовао прослави Савиндана 1945.), док нас нису зајахали, зауздали и сапели, а онда... Па остало је ИСТОРИЈА, а ово што ја пипем, вероватно, ревизионизам...</comment-text><comment-text-transliterated>Imali su komunisti obzira prema Crkvi (Tito je čak prisustvovao proslavi Savindana 1945.), dok nas nisu zajahali, zauzdali i sapeli, a onda... Pa ostalo je ISTORIJA, a ovo što ja pipem, verovatno, revizionizam...</comment-text-transliterated></comment><comment comment-id="3"><comment-parent-id /><comment-text>Rusi postuju svoje vojnike, a mi?Makar vojnim  invalidima dodelit penzije.  </comment-text><comment-text-transliterated>Rusi postuju svoje vojnike, a mi?Makar vojnim  invalidima dodelit penzije.  </comment-text-transliterated></comment><comment comment-id="4"><comment-parent-id /><comment-text>Ово је пример, а то је наравно дело политичара, како се све брзо преда забораву па тако није сачуван ни тај први споменик погинулим ослободиоцима Београда, а свакако није представљало проблем пренети га на друго место. Иначе РПЦ активно је учествовала у одбрани Совјетског Савеза и чак је имала и своје јединице  које су наоружали и снабдели опремом из извора цркве. Бројне једибице НОВ-а имале су православне свештенике, као и верске службенике неких других религија) у својим редовима-</comment-text><comment-text-transliterated>Ovo je primer, a to je naravno delo političara, kako se sve brzo preda zaboravu pa tako nije sačuvan ni taj prvi spomenik poginulim oslobodiocima Beograda, a svakako nije predstavljalo problem preneti ga na drugo mesto. Inače RPC aktivno je učestvovala u odbrani Sovjetskog Saveza i čak je imala i svoje jedinice  koje su naoružali i snabdeli opremom iz izvora crkve. Brojne jedibice NOV-a imale su pravoslavne sveštenike, kao i verske službenike nekih drugih religija) u svojim redovima-</comment-text-transliterated></comment><comment comment-id="5"><comment-parent-id /><comment-text>U NOV i POJ su u svim jedinicama od čete nadalje pri štabovima postojali referenti za verska pitanja, obeležavali se svi verski praznici, sklapali crkveni brakovi, izdavale publikacije (naprimer, u partizanskim štamparijama objavljeno je 9 izdanja Biblije)... Posle rata, sve do 1950. Božić, Uskrs, Ramazan su bili državni (neradni) praznici!...</comment-text><comment-text-transliterated>U NOV i POJ su u svim jedinicama od čete nadalje pri štabovima postojali referenti za verska pitanja, obeležavali se svi verski praznici, sklapali crkveni brakovi, izdavale publikacije (naprimer, u partizanskim štamparijama objavljeno je 9 izdanja Biblije)... Posle rata, sve do 1950. Božić, Uskrs, Ramazan su bili državni (neradni) praznici!...</comment-text-transliterated></comment><comment comment-id="5-1"><comment-parent-id>5</comment-parent-id><comment-text>После рата,када су се комунисти учврстили на власти убили су Митрополите Јоаникуја Липовца и Арсенија Брадваревића;епискпа Варнаву Настића и отровали Патријарха Викентија Проданова и више стотина свештеника,монаха и монахиња.Од Српске православне цркве и наших манастира су поотимали све што се могло отети:куће,станове,обрадиву земљу.</comment-text><comment-text-transliterated>Posle rata,kada su se komunisti učvrstili na vlasti ubili su Mitropolite Joanikuja Lipovca i Arsenija Bradvarevića;episkpa Varnavu Nastića i otrovali Patrijarha Vikentija Prodanova i više stotina sveštenika,monaha i monahinja.Od Srpske pravoslavne crkve i naših manastira su pootimali sve što se moglo oteti:kuće,stanove,obradivu zemlju.</comment-text-transliterated></comment><comment comment-id="5-2"><comment-parent-id>5</comment-parent-id><comment-text>(2. put) Kako je to, g-dine Mariću, crkva „užasno postradala od komunista“? Pronađite mi ijednu delatnost crkve i crkvenih i svešteničkih institucija koja nije finansirana iz državnog budžeta, ijednog sveštenika koji nije primao platu iz državnog budžeta, ijednu publikaciju koja nije finansirana iz državnog budžeta... a da i ne govorimo o održavanju, obnavljanju, renoviranju... crkava i manastrira!...</comment-text><comment-text-transliterated>(2. put) Kako je to, g-dine Mariću, crkva „užasno postradala od komunista“? Pronađite mi ijednu delatnost crkve i crkvenih i svešteničkih institucija koja nije finansirana iz državnog budžeta, ijednog sveštenika koji nije primao platu iz državnog budžeta, ijednu publikaciju koja nije finansirana iz državnog budžeta... a da i ne govorimo o održavanju, obnavljanju, renoviranju... crkava i manastrira!...</comment-text-transliterated></comment><comment comment-id="6"><comment-parent-id /><comment-text>И лош пример незахвалности према обележју палим жртвама, црвеноармејцима, за слободу наше земље, добар је наук за све нас. Да се тако нешто никада више не понови. Слава палој браћи са  Волге, Урала, из било којег краја тадашњег СССР, који су  несебично проливали крв у биткама против нацистичких хорди, не жалећи своје младе животе...</comment-text><comment-text-transliterated>I loš primer nezahvalnosti prema obeležju palim žrtvama, crvenoarmejcima, za slobodu naše zemlje, dobar je nauk za sve nas. Da se tako nešto nikada više ne ponovi. Slava paloj braći sa  Volge, Urala, iz bilo kojeg kraja tadašnjeg SSSR, koji su  nesebično prolivali krv u bitkama protiv nacističkih hordi, ne žaleći svoje mlade živote...</comment-text-transliterated></comment></comments-list></comments></document>