<document global-id="sr-01-1096"><url>http://www.politika.rs/scc/clanak/333858/%D0%9A%D0%BB%D0%B0%D1%81%D0%B8%D1%87%D0%B0%D1%80%D0%B8-%D1%83-%D0%B2%D0%BE%D0%B4%D0%B0%D0%BC%D0%B0-%D1%9F%D0%B5%D0%B7%D0%B0</url><source-id>sr-01</source-id><local-id>sr-01-1096</local-id><source-name>Politika</source-name><article><article-title>Класичари у водама џеза</article-title><article-title-transliterated>Klasičari u vodama džeza</article-title-transliterated><article_time>2015-07-22</article_time><article-author>S. Čikarić</article-author><article-text>
Душка Гојковића не треба посебно представљати. После музичке километраже дуге 65 година о нашем чувеном џез трубачу исписане су странице новинских текстова. Иако ће за два и по месеца прославити 84. рођендан, познати уметник не посустаје. Недавно се представио посетиоцима „Егзита”, а вечерас отвара београдски „Музиколоџи фестивал”.
На сцену са једним од најпознатијих и најпризнатијих музичара на балканским просторима изаћи ће и чланови „Белгрејд самит октета”, у којем су углавном музичари из Биг бенда РТС-а, али и млади бубњар Владимир Костадиновић из Беча, који је са Душком снимио један од његових последњих албума, а који је радио са Бранденбуршким симфонијским оркестром.
– Владимир је бубњар којег волим. Из Беча је, добар дечко и одлично свира. Он је снимао са мном и бранденбуршким симфоничарима моје композиције за које је аранжмане урадио Питер Кинг, један од најпознатијих светских музичара – саксофониста. Питер је дошао у Бранденбург, присуствовао пробама, дириговао и – на крају и свирао. Задовољан сам како је испало. Моћно – каже пионир фузије џеза са елементима балканског фолклора, признајући да је одувек желео да снима са гудачима.
– Мало је џез музичара којима је то успело. Велики је то пројекат, треба окупити 25, 30 људи. Али, успело ми је. Када људи на омоту албума прочитају „Бранденбуршки концерти – Душко и гудачи”, сви помисле да је реч о класичној музици. Јесу „Бранденбуршки концерти”, али у џезу – каже Душко Гојковић.
На наше питање како су се класичари „оденули” у џез, објашњава да је Питер Кинг имао неколико проба са њима, како би их навео да ритмички прецизно свирају онако како то већ џез захтева.
– Наравно, после проба они су у томе и успели. Били су одушевљени. Знате, два су то језика, класичари фразирају на свој начин, џезери имају свој језик. Али, дошли су у моје воде. Нико није савршен, али добро је на крају испало – прича уз осмех музичар који је свирао са светским џез великанима, водио биг бендове, уписао се као аутор композиција од којих су многе постале џез стандарди.
Каже и да не воли да прича о музици.
– Музика говори сама за себе. Зато не волим да причам, више волим да свирам. Мање приче, више музике. Џез музика је мој језик и за њу сам се од почетка специјализовао. То је једино што знам – каже Гојковић.
Први пут у дугој и плодној каријери Гојковић је снимио и албум са Биг бендом РТС-а. Некако пригодно – обележавајући њихов 65. рођендан. На светским полицама плоча сада се нашао албум на којем Душко Гојковић и одлична екипа џезера, свирају његову музику у латино стилу. Онако како и сам назив албума каже – „Latin haze”.
– Волим и баладе и би-бап, блуз, латино… Овај це-де смо у латино стилу снимили за два дана! Душко Гојковић након „Музиколоџи фестивала” наступа и на „Нишвилу”, поново са Биг бендом. Потом следе Торино, Швајцарска…
– Када се одмарате? – питамо.
– Између. А и тада вежбам!
Удружење грађана
У Јапану одавно постоје фан клубови посвећени Душку Гојковићу, а у Београду је недавно формирано Удружење грађана „Душко Гојковић”. У очекивању формирања и фондације која би омогућила младим музичарима школовање, удружење ће неговати опус уметника, али и других познатих џез мајстора; организоваће турнеје и бориће се за бољи статус џеза. 
</article-text><article-text-transliterated>
Duška Gojkovića ne treba posebno predstavljati. Posle muzičke kilometraže duge 65 godina o našem čuvenom džez trubaču ispisane su stranice novinskih tekstova. Iako će za dva i po meseca proslaviti 84. rođendan, poznati umetnik ne posustaje. Nedavno se predstavio posetiocima „Egzita”, a večeras otvara beogradski „Muzikolodži festival”.
Na scenu sa jednim od najpoznatijih i najpriznatijih muzičara na balkanskim prostorima izaći će i članovi „Belgrejd samit okteta”, u kojem su uglavnom muzičari iz Big benda RTS-a, ali i mladi bubnjar Vladimir Kostadinović iz Beča, koji je sa Duškom snimio jedan od njegovih poslednjih albuma, a koji je radio sa Brandenburškim simfonijskim orkestrom.
– Vladimir je bubnjar kojeg volim. Iz Beča je, dobar dečko i odlično svira. On je snimao sa mnom i brandenburškim simfoničarima moje kompozicije za koje je aranžmane uradio Piter King, jedan od najpoznatijih svetskih muzičara – saksofonista. Piter je došao u Brandenburg, prisustvovao probama, dirigovao i – na kraju i svirao. Zadovoljan sam kako je ispalo. Moćno – kaže pionir fuzije džeza sa elementima balkanskog folklora, priznajući da je oduvek želeo da snima sa gudačima.
– Malo je džez muzičara kojima je to uspelo. Veliki je to projekat, treba okupiti 25, 30 ljudi. Ali, uspelo mi je. Kada ljudi na omotu albuma pročitaju „Brandenburški koncerti – Duško i gudači”, svi pomisle da je reč o klasičnoj muzici. Jesu „Brandenburški koncerti”, ali u džezu – kaže Duško Gojković.
Na naše pitanje kako su se klasičari „odenuli” u džez, objašnjava da je Piter King imao nekoliko proba sa njima, kako bi ih naveo da ritmički precizno sviraju onako kako to već džez zahteva.
– Naravno, posle proba oni su u tome i uspeli. Bili su oduševljeni. Znate, dva su to jezika, klasičari fraziraju na svoj način, džezeri imaju svoj jezik. Ali, došli su u moje vode. Niko nije savršen, ali dobro je na kraju ispalo – priča uz osmeh muzičar koji je svirao sa svetskim džez velikanima, vodio big bendove, upisao se kao autor kompozicija od kojih su mnoge postale džez standardi.
Kaže i da ne voli da priča o muzici.
– Muzika govori sama za sebe. Zato ne volim da pričam, više volim da sviram. Manje priče, više muzike. Džez muzika je moj jezik i za nju sam se od početka specijalizovao. To je jedino što znam – kaže Gojković.
Prvi put u dugoj i plodnoj karijeri Gojković je snimio i album sa Big bendom RTS-a. Nekako prigodno – obeležavajući njihov 65. rođendan. Na svetskim policama ploča sada se našao album na kojem Duško Gojković i odlična ekipa džezera, sviraju njegovu muziku u latino stilu. Onako kako i sam naziv albuma kaže – „Latin haze”.
– Volim i balade i bi-bap, bluz, latino… Ovaj ce-de smo u latino stilu snimili za dva dana! Duško Gojković nakon „Muzikolodži festivala” nastupa i na „Nišvilu”, ponovo sa Big bendom. Potom slede Torino, Švajcarska…
– Kada se odmarate? – pitamo.
– Između. A i tada vežbam!
Udruženje građana
U Japanu odavno postoje fan klubovi posvećeni Dušku Gojkoviću, a u Beogradu je nedavno formirano Udruženje građana „Duško Gojković”. U očekivanju formiranja i fondacije koja bi omogućila mladim muzičarima školovanje, udruženje će negovati opus umetnika, ali i drugih poznatih džez majstora; organizovaće turneje i boriće se za bolji status džeza. 
</article-text-transliterated></article><comments><comments-count>0</comments-count><comments-list /></comments></document>