<document global-id="sr-01-111"><url>http://www.politika.rs/scc/clanak/442305/%D0%91%D0%B0%D0%BD%D0%B0%D1%82%D1%81%D0%BA%D0%B8-%D0%A4%D0%B0%D0%BB%D1%81%D1%82%D0%B0%D1%84</url><source-id>sr-01</source-id><local-id>sr-01-111</local-id><source-name>Politika</source-name><article><article-title>Банатски Фалстаф</article-title><article-title-transliterated>Banatski Falstaf</article-title-transliterated><article_time>2019-11-19</article_time><article-author>S. U. G.</article-author><article-text>
У Удружењу композитора Србије, а у оквиру фестивала БУНТ, представљена је колективна монографија о комичној опери „Поп Ћира и поп Спира” академика Дејана Деспића под насловом „Банатски Фалстаф”. Издавачи су Центар за културу Војводине и Музиколошко друштво Србије.
Аутори текстова Катарина Томашевић, Бранка Радовић, Соња Маринковић, Татјана Јовићевић, Зоран Ђерић и Жељка Милановић осветлили су дело у контексту поетике Дејана Деспића, осврнули се на језик, израз, комичне елементе, однос лирског и комичног, на либрето у драматуршком контексту и из извођачке визуре. На крају монографије штампан је у целини и либрето опере коју су сачинили Весна и Дејан Миладиновић.
Садржајно богата и разноврсна, ова колективна монографија је јединствен догађај у историји српске музике, по томе што је изашла непуне две године након премијере одржане у марту 2018. на сцени Српског народног позоришта у Новом Саду.
</article-text><article-text-transliterated>
U Udruženju kompozitora Srbije, a u okviru festivala BUNT, predstavljena je kolektivna monografija o komičnoj operi „Pop Ćira i pop Spira” akademika Dejana Despića pod naslovom „Banatski Falstaf”. Izdavači su Centar za kulturu Vojvodine i Muzikološko društvo Srbije.
Autori tekstova Katarina Tomašević, Branka Radović, Sonja Marinković, Tatjana Jovićević, Zoran Đerić i Željka Milanović osvetlili su delo u kontekstu poetike Dejana Despića, osvrnuli se na jezik, izraz, komične elemente, odnos lirskog i komičnog, na libreto u dramaturškom kontekstu i iz izvođačke vizure. Na kraju monografije štampan je u celini i libreto opere koju su sačinili Vesna i Dejan Miladinović.
Sadržajno bogata i raznovrsna, ova kolektivna monografija je jedinstven događaj u istoriji srpske muzike, po tome što je izašla nepune dve godine nakon premijere održane u martu 2018. na sceni Srpskog narodnog pozorišta u Novom Sadu.
</article-text-transliterated></article><comments><comments-count>0</comments-count><comments-list /></comments></document>