<document global-id="sr-01-1351">
    <url>
        http://www.politika.rs/scc/clanak/415134/%D0%9C%D0%B0%D0%BB%D0%B8-%D1%98%D0%B5%D0%B7%D0%B8%D1%86%D0%B8-%D0%BD%D0%B5%D1%9B%D0%B5-%D0%BD%D0%B5%D1%81%D1%82%D0%B0%D1%82%D0%B8
    </url>
    <source-id>sr-01</source-id>
    <local-id>1351</local-id>
    <source-name>Politika</source-name>
    <article>
        <article-title>Мали језици неће нестати</article-title>
        <article-title-transliterated>Mali jezici neće nestati</article-title-transliterated>
        <article-time>2018-11-06</article-time>
        <article-author>Marina Vulićević</article-author>
        <article-text>Аустријска књижевница Каролина Шути написала је роман о потрази за идентитетом на основу
            сопственог искуства. Сећање на матерњи језик налик је на слободу коју човек осећа док без ципела корача
            травњаком. Тако главна јунакиња романа „Мора да сам некада ходала по мекој трави” аустријске књижевнице
            Каролине Шути, осећа свој матерњи језик који је заборавила, али који чува негде у подсвести. Она покушава да
            се сети свог раног детињства, својих корена и своје мајке, који су од ње дуго скривани, и упушта се у
            потрагу за својим правим идентитетом. Коначно, она са својом кћерком путује натраг до места из којег потиче,
            у нади да ће проживети макар део искуства које је проживела њена мајка.
            Књига „Мора да сам некада ходала по мекој трави” објављена је у оквиру пројекта издавачке куће „Хеликс” –
            „Спајање: књижевна потрага за заједничким европским искуством”, а у разговору са ауторком, која је недавно
            била гошћа свог београдског издавача, сазнајемо да ова приповест има аутобиографски корен.
            – Потребу да напишем ову књигу осетила сам када је мој син имао три године и када сам схватила да је језик
            који он користи на неки начин комплетан и „довршен”. Ја сам свој матерњи пољски језик заборавила када сам
            имала пет година. О њему нисам размишљала док нисам добила дете. Тек тада сам схватила шта сам изгубила.
            Матерњи језик није само начин да се изразите, то је и пут ка исказивању емоција, могућност да се о тим
            емоцијама учи. Ако изгубите контакт са матерњим језиком, губите везу са својим првим емоцијама. Мој роман
            поседује у ствари аутобиографско језгро, каже Каролина Шути, која је
            студирала немачки и енглески језик, а истовремено је стицала и музичко образовање кроз студије концертне
            гитаре и певања. Због тога није случајно њено интересовање за језичка питања, будући да сваки језик има
            своје ритмове и мелодије…
            Радила је и као предавач на Универзитету у Фиренци, граду у којем је смештена радња романа на којем управо
            ради. За роман „Мора да сам једном ходала по мекој трави” добила је Европску награду за књижевност 2015.
            године. У својим другим књигама Каролина Шути пише о језичким проблемима, о јунацима који се боре са
            недостатком љубави, као и са неком врстом злостављања и изгубљености у свету.
            Када је реч о језицима Европе, о подели на такозване мале и велике, наша саговорница сматра да ту
            класификацију превазилази чињеница да је енглески главни језик комуникације у свету. Каролина Шути, међутим,
            није забринута поводом нестанка малих језика, из разлога што су они по њеном мишљењу део идентитета
            одређених говорника који ће се тог идентитета тешко одрећи.
            – Без нашег матерњег језика, губимо део свог бића. На пример, ако је ваш језик српски, нико у вашој породици
            неће међусобно почети да разговара на енглеском. Можда ће нестати одређени дијалекти, на којима престаје да
            се пише, али читави језици неће ишчезнути, сматра Каролина Шути.
            Беч и источна Аустрија одувек су биле вишенационалне средине, како запажа Каролина Шути, али у њеном опису
            односа различитих генерација према питању идентитета постоје нијансе:
            – Наши родитељи, који су у Аустрију долазили седамдесетих година желели су да се потпуно уклопе у ново
            друштво и тежили су томе да деца немачки науче савршено, без страног акцента. Интеграција им је била врло
            важна, чак и асимилација, што није тако добро. Данас је то другачије због тога што мигранти не желе да буду
            тако снажно уклопљени у нову културу као њихови претходници.
            На питање о томе да ли постоји јединствени европски културни идентитет Каролина Шути одговара позитивно,
            посебно када је реч о млађим генерацијама које су другачије од америчке и кинеске популације. Особеност
            европске културе, по њеним речима, јесте и постојање многих супкултура, што је лепа разноликост.
        </article-text>
        <article-text-transliterated>Austrijska književnica Karolina Šuti napisala je roman o potrazi za identitetom na
            osnovu sopstvenog iskustva. Sećanje na maternji jezik nalik je na slobodu koju čovek oseća dok bez cipela
            korača travnjakom. Tako glavna junakinja romana „Mora da sam nekada hodala po mekoj travi” austrijske
            književnice Karoline Šuti, oseća svoj maternji jezik koji je zaboravila, ali koji čuva negde u podsvesti.
            Ona pokušava da se seti svog ranog detinjstva, svojih korena i svoje majke, koji su od nje dugo skrivani, i
            upušta se u potragu za svojim pravim identitetom. Konačno, ona sa svojom kćerkom putuje natrag do mesta iz
            kojeg potiče, u nadi da će proživeti makar deo iskustva koje je proživela njena majka.
            Knjiga „Mora da sam nekada hodala po mekoj travi” objavljena je u okviru projekta izdavačke kuće „Heliks” –
            „Spajanje: književna potraga za zajedničkim evropskim iskustvom”, a u razgovoru sa autorkom, koja je nedavno
            bila gošća svog beogradskog izdavača, saznajemo da ova pripovest ima autobiografski koren.
            – Potrebu da napišem ovu knjigu osetila sam kada je moj sin imao tri godine i kada sam shvatila da je jezik
            koji on koristi na neki način kompletan i „dovršen”. Ja sam svoj maternji poljski jezik zaboravila kada sam
            imala pet godina. O njemu nisam razmišljala dok nisam dobila dete. Tek tada sam shvatila šta sam izgubila.
            Maternji jezik nije samo način da se izrazite, to je i put ka iskazivanju emocija, mogućnost da se o tim
            emocijama uči. Ako izgubite kontakt sa maternjim jezikom, gubite vezu sa svojim prvim emocijama. Moj roman
            poseduje u stvari autobiografsko jezgro, kaže Karolina Šuti, koja je
            studirala nemački i engleski jezik, a istovremeno je sticala i muzičko obrazovanje kroz studije koncertne
            gitare i pevanja. Zbog toga nije slučajno njeno interesovanje za jezička pitanja, budući da svaki jezik ima
            svoje ritmove i melodije…
            Radila je i kao predavač na Univerzitetu u Firenci, gradu u kojem je smeštena radnja romana na kojem upravo
            radi. Za roman „Mora da sam jednom hodala po mekoj travi” dobila je Evropsku nagradu za književnost 2015.
            godine. U svojim drugim knjigama Karolina Šuti piše o jezičkim problemima, o junacima koji se bore sa
            nedostatkom ljubavi, kao i sa nekom vrstom zlostavljanja i izgubljenosti u svetu.
            Kada je reč o jezicima Evrope, o podeli na takozvane male i velike, naša sagovornica smatra da tu
            klasifikaciju prevazilazi činjenica da je engleski glavni jezik komunikacije u svetu. Karolina Šuti,
            međutim, nije zabrinuta povodom nestanka malih jezika, iz razloga što su oni po njenom mišljenju deo
            identiteta određenih govornika koji će se tog identiteta teško odreći.
            – Bez našeg maternjeg jezika, gubimo deo svog bića. Na primer, ako je vaš jezik srpski, niko u vašoj
            porodici neće međusobno početi da razgovara na engleskom. Možda će nestati određeni dijalekti, na kojima
            prestaje da se piše, ali čitavi jezici neće iščeznuti, smatra Karolina Šuti.
            Beč i istočna Austrija oduvek su bile višenacionalne sredine, kako zapaža Karolina Šuti, ali u njenom opisu
            odnosa različitih generacija prema pitanju identiteta postoje nijanse:
            – Naši roditelji, koji su u Austriju dolazili sedamdesetih godina želeli su da se potpuno uklope u novo
            društvo i težili su tome da deca nemački nauče savršeno, bez stranog akcenta. Integracija im je bila vrlo
            važna, čak i asimilacija, što nije tako dobro. Danas je to drugačije zbog toga što migranti ne žele da budu
            tako snažno uklopljeni u novu kulturu kao njihovi prethodnici.
            Na pitanje o tome da li postoji jedinstveni evropski kulturni identitet Karolina Šuti odgovara pozitivno,
            posebno kada je reč o mlađim generacijama koje su drugačije od američke i kineske populacije. Osobenost
            evropske kulture, po njenim rečima, jeste i postojanje mnogih supkultura, što je lepa raznolikost.
        </article-text-transliterated>
    </article>
    <comments>
        <comments-count>4</comments-count>
        <comment-list>
            <comment comment-id="1">
                <comment-parent-id/>
                <comment-text>...uvek me je uzasavala cinjenica da postoje ljudi koji svojevoljno i verovatno bez mnogo
                    razmisljanja zele da se "integrisu i asimiliraju" u druge narode, kulture, iz najverovatnije
                    egzistencijalnih razloga, nimalo se ne potrudivsi da istraze i otkriju mogucnosti za lep i
                    plodotvoran zivot u okviru naroda iz kojeg su potekli...
                </comment-text>
                <comment-text-transliterated>...uvek me je uzasavala cinjenica da postoje ljudi koji svojevoljno i
                    verovatno bez mnogo razmisljanja zele da se "integrisu i asimiliraju" u druge narode, kulture, iz
                    najverovatnije egzistencijalnih razloga, nimalo se ne potrudivsi da istraze i otkriju mogucnosti za
                    lep i plodotvoran zivot u okviru naroda iz kojeg su potekli...
                </comment-text-transliterated>
            </comment>
            <comment comment-id="1-1">
                <comment-parent-id>1</comment-parent-id>
                <comment-text>Postoje! U Americi su gotovo svi takvi. Isto u Kanadi, Australiji, Argentini, Brazilu,
                    Meksiku. Kinezi su nastali asimilacijom više drevnih kineski naroda. Rimsko carstvo je nastalo
                    asimilacijom svih pokorenih naroda. Perzijsko carstvo takođe. Čak i Rusija je nastala na asimilaciji
                    brojnih azijskih naroda. Indija isto tako. Pola Srba živi izvan Srbije i večina ih se brzo
                    asimiluje, pogotovo na zapadu. Gotovo da nema velikog carstva u kome se manji narodi nisu
                    asimilirali sa večinom. Ako se to ne dogodi takvo carstvo propada. Kao Britansko carstvo,
                    Austrougarska, Jugoslavija, Sovjetski savez.
                </comment-text>
                <comment-text-transliterated>Postoje! U Americi su gotovo svi takvi. Isto u Kanadi, Australiji,
                    Argentini, Brazilu, Meksiku. Kinezi su nastali asimilacijom više drevnih kineski naroda. Rimsko
                    carstvo je nastalo asimilacijom svih pokorenih naroda. Perzijsko carstvo takođe. Čak i Rusija je
                    nastala na asimilaciji brojnih azijskih naroda. Indija isto tako. Pola Srba živi izvan Srbije i
                    večina ih se brzo asimiluje, pogotovo na zapadu. Gotovo da nema velikog carstva u kome se manji
                    narodi nisu asimilirali sa večinom. Ako se to ne dogodi takvo carstvo propada. Kao Britansko
                    carstvo, Austrougarska, Jugoslavija, Sovjetski savez.
                </comment-text-transliterated>
            </comment>
            <comment comment-id="1-2">
                <comment-parent-id>1</comment-parent-id>
                <comment-text>A kako te gleda okolina kad se ne utopis? Pa oni te gledaju kroz posao. Tu nema nikakav
                    problem. Ako si dobar u poslu, ti si nesto za njih, ako nisi u poslu nesto a hoces da se utopis ili
                    si se utopio, ti nisi nista za njih.
                </comment-text>
                <comment-text-transliterated>A kako te gleda okolina kad se ne utopis? Pa oni te gledaju kroz posao. Tu
                    nema nikakav problem. Ako si dobar u poslu, ti si nesto za njih, ako nisi u poslu nesto a hoces da
                    se utopis ili si se utopio, ti nisi nista za njih.
                </comment-text-transliterated>
            </comment>
            <comment comment-id="1-3">
                <comment-parent-id>1</comment-parent-id>
                <comment-text>Народност је само један од идентитета особе , шта ћемо са онима који одаберу да буду
                    селебрити , интелектуалци , жене , навијачи , квир , напредњаци , мондијалисти , егоисти , источњаци
                    или западњаци !?
                </comment-text>
                <comment-text-transliterated>Narodnost je samo jedan od identiteta osobe , šta ćemo sa onima koji
                    odaberu da budu selebriti , intelektualci , žene , navijači , kvir , naprednjaci , mondijalisti ,
                    egoisti , istočnjaci ili zapadnjaci !?
                </comment-text-transliterated>
            </comment>
        </comment-list>
    </comments>
</document>