<?xml version="1.0" encoding="utf-8"?>
<document global-id="sr-01-1061">
	<url>http://www.politika.rs/scc/clanak/414850/%D0%9A%D0%B0%D1%80%D0%BB%D0%BE%D0%B2%D0%B0%D1%87%D0%BA%D0%B0-%D0%B3%D0%B8%D0%BC%D0%BD%D0%B0%D0%B7%D0%B8%D1%98%D0%B0-%D0%B7%D0%B0-%D1%98%D1%83%D0%B1%D0%B8%D0%BB%D0%B5%D1%98-%D0%B4%D0%BE%D0%B1%D0%B8%D0%BB%D0%B0-%D0%9A%D0%BE%D0%BD%D1%84%D1%83%D1%87%D0%B8%D1%98%D0%B5%D0%B2%D1%83-%D1%83%D1%87%D0%B8%D0%BE%D0%BD%D0%B8%D1%86%D1%83</url>
	<source-id>sr-01</source-id>
	<local-id>1061</local-id>
	<source-name>Politika</source-name>
	<article>
		<article-title>Карловачка гимназија за јубилеј добила Конфучијеву учионицу</article-title>
		<article-title-transliterated>Karlovačka gimnazija za jubilej dobila Konfučijevu učionicu</article-title-transliterated>
		<article-time>2018-11-02</article-time>
		<article-author>D.J.S.</article-author>
		<article-text>Свечаном академијом и отварањем Конфучијеве учионице, намењене ђацима који уче кинески као први страни језик, Карловачка гимназија, најстарија у земљи, обележила је 227 година од оснивања.
Како објашњава Радован Ковачевић, директор ове школе од националног значаја, модерна учионица настала је као пројекат Конфучијевог института Универзитета у Новом Саду и направљена је уз помоћ покрајинског секретаријата за образовање.
Овим је обележен и завршетак реконструкције једне од најлепших гимназија у земљи, вредне око 250.000 евра, а скупу су присуствовали Младен Шарчевић, министар просвете, и Дубравка Негре, директор канцеларије Европске инвестиционе банке за западни Балкан.
– Сем уређења фасаде, дела грејања, водоводне и канализационе мреже, у просторији поред Конфучијеве учионице направљена је галерија у којој су тренутно изложена дела настала на ликовним колонијама Карловачке гимназије. Простор ћемо користити и за изложбе савремене уметности, а недавно смо ту поставили и уметничке слике које је гимназија добила на конкурсу који је одобрило Министарство културе. Поносни смо што смо проширили своју уметничку збирку – објаснио је директор Ковачевић.
Од 1. септембра Карловачка гимназија постала је и једина школа у земљи у којој ђаци као први страни језик уче норвешки, а први пут је у њене учионице уведен и јапански језик. Кинески се учи од школске 2010/11. године, а једна од најбољих филолошких гимназија у Србији има и одељења ђака који уче старогрчки и латински језик, шпански, француски, италијански, енглески, немачки и руски.
Како хроничари воле да кажу за ову школску установу, „под звоњавом звона три карловачке цркве” одшколовали су се први модерни српски интелектуалци, попут Борислава Михајловића Михиза, Бранка Радичевића, Јована Стерије Поповића, Симе Милутиновића Сарајлије, Ђорђа Натошевића.
Председник Покрајинске владе Игор Мировић најавио је да је у припреми и закон који ће на свеобухватан начин допринети очувању културног наслеђа Сремских Карловаца и развоју свих потенцијала општине која представља седиште српске духовности.</article-text>
		<article-text-transliterated>Svečanom akademijom i otvaranjem Konfučijeve učionice, namenjene đacima koji uče kineski kao prvi strani jezik, Karlovačka gimnazija, najstarija u zemlji, obeležila je 227 godina od osnivanja.
Kako objašnjava Radovan Kovačević, direktor ove škole od nacionalnog značaja, moderna učionica nastala je kao projekat Konfučijevog instituta Univerziteta u Novom Sadu i napravljena je uz pomoć pokrajinskog sekretarijata za obrazovanje.
Ovim je obeležen i završetak rekonstrukcije jedne od najlepših gimnazija u zemlji, vredne oko 250.000 evra, a skupu su prisustvovali Mladen Šarčević, ministar prosvete, i Dubravka Negre, direktor kancelarije Evropske investicione banke za zapadni Balkan.
– Sem uređenja fasade, dela grejanja, vodovodne i kanalizacione mreže, u prostoriji pored Konfučijeve učionice napravljena je galerija u kojoj su trenutno izložena dela nastala na likovnim kolonijama Karlovačke gimnazije. Prostor ćemo koristiti i za izložbe savremene umetnosti, a nedavno smo tu postavili i umetničke slike koje je gimnazija dobila na konkursu koji je odobrilo Ministarstvo kulture. Ponosni smo što smo proširili svoju umetničku zbirku – objasnio je direktor Kovačević.
Od 1. septembra Karlovačka gimnazija postala je i jedina škola u zemlji u kojoj đaci kao prvi strani jezik uče norveški, a prvi put je u njene učionice uveden i japanski jezik. Kineski se uči od školske 2010/11. godine, a jedna od najboljih filoloških gimnazija u Srbiji ima i odeljenja đaka koji uče starogrčki i latinski jezik, španski, francuski, italijanski, engleski, nemački i ruski.
Kako hroničari vole da kažu za ovu školsku ustanovu, „pod zvonjavom zvona tri karlovačke crkve” odškolovali su se prvi moderni srpski intelektualci, poput Borislava Mihajlovića Mihiza, Branka Radičevića, Jovana Sterije Popovića, Sime Milutinovića Sarajlije, Đorđa Natoševića.
Predsednik Pokrajinske vlade Igor Mirović najavio je da je u pripremi i zakon koji će na sveobuhvatan način doprineti očuvanju kulturnog nasleđa Sremskih Karlovaca i razvoju svih potencijala opštine koja predstavlja sedište srpske duhovnosti.</article-text-transliterated>
	</article>
	<comments>
		<comments-count>1</comments-count>
		<comments-list>
			<comment comment-id="1">
				<comment-parent-id/>
				<comment-text>Čestitke direktoru Kovačević u ministarstvu i kolektivu Karlovačke gimnazije. Nadam se da će poliglota magistar rusko - kineske istorije prevodilac  i profesor kineskog jezika Milan Čelik (brat Petra Čelika) dobiti priliku da svoje profesionalno i zivotno iskustvo prenese mladim generacijama Karlovačke  gimnazije.</comment-text>
				<comment-text-transliterated>Čestitke direktoru Kovačević u ministarstvu i kolektivu Karlovačke gimnazije. Nadam se da će poliglota magistar rusko - kineske istorije prevodilac  i profesor kineskog jezika Milan Čelik (brat Petra Čelika) dobiti priliku da svoje profesionalno i zivotno iskustvo prenese mladim generacijama Karlovačke  gimnazije.</comment-text-transliterated>
			</comment>
		</comments-list>
	</comments>
</document>
