<document global-id="si-02-1279">
    <url>https://www.slovenskenovice.si/lifestyle/astro/clanek/kaksno-valentinovo-vam-napovedujejo-zvezde</url>
    <source-id>si-02</source-id>
    <local-id>1279</local-id>
    <source-name>Slovenske_novice</source-name>
    <article>
        <article-title>Kakšno valentinovo vam napovedujejo zvezde</article-title>
        <article-title-transliterated>Kakšno valentinovo vam napovedujejo zvezde</article-title-transliterated>
        <article-time>2015-02-12</article-time>
        <article-author>M. F.</article-author>
        <article-text>Ovni na prelomnici, bikom se obetajo spremembe, device pa izkoristite dan zaljubljenih. Morda se
            ne boste strinjali s tem, da je februar mesec zaljubljenih. A vendarle boste morali priznati, da je dan, ko
            goduje Valentin, za veliko večino poseben dan, saj 14. februarja vlada ljubezen. Prav zato morda ne bo odveč
            pokukati, kaj vas v februarju oziroma v dneh, ki so od njega še ostali, zlasti pa na valentinovo čaka na
            področju rdečih srčkov in rožnatih očal.
            Oven
            Znašli se boste na prelomnici. Ves mesec boste premišljali, ali je čas za spremembo ali bi ohranili znano
            ustaljenost in način življenja. Mnogi boste pustili preteklost za seboj in zakorakali po novi poti. A ne bo
            usoden Valentin, pač pa 21. februar, ko vam bo Venera prinesla novo ljubezen.
            Nasvet: Vzemite si več časa zase.
            Bik
            Čakajo vas spremembe, ki vas bodo prijetno presenetile. Srečanje s staro simpatijo bo v vas prebudilo malce
            uspavane metuljčke, tisti v razmerju pa boste s partnerjem znova našli skupni jezik in boste z njim delili
            tudi skrbi ter težave. A ne zgolj tedaj, ko goduje Valentin. Saj veste, v dvoje je lažje.
            Nasvet: Nikar ne sodelujte pri tračih.
            Dvojčka
            Tisti v resnih zvezah, pozor. Partner bo ob vas kaj lahko dobil občutek, da ga zanemarjate. Posvetite mu
            malce več pozornosti, zlasti pa ne pozabite na dan zaljubljenih. Sicer pa lahko pričakujete, da se bo po 21.
            februarju vse vrnilo v prave tirnice. Samski si tedaj lahko obetate novo simpatijo.
            Nasvet: Ne dopustite, da bi vas povsem nadvladal stres.
            Rak
            Na miren način boste krmarili skozi zakonske ali ljubezenske težave, jih spretno reševali in znova pokazali
            svojo odgovornost. Polni boste razumevanja do partnerja in tako bosta izboljšala vajin odnos ter uresničila
            nekatere vajine skupne cilje. In marsikaterega si bosta zadala prav na večer dneva zaljubljenih.
            Nasvet: Uresničite želje najbližjih.
            Lev
            Vaši družinski odnosi bodo na zrelostni preizkušnji. Tisti, ki ste v zvezi, vedite, da bo odnos s partnerjem
            od vas zahteval malce več prilagajanja. A ne skrbite, vajina ljubezen je dovolj močna, da bo prenesla te
            izzive. Z 21. februarjem se v vajin odnos znova vračata ljubezen in zaupanje. Samski pa prav po tem datumu
            lahko pričakujete usodno srečanje, ki bo v vas prebudilo iskrice.
            Nasvet: Dojemite že, da sta s partnerjem sotekmovalca in ne nasprotnika.
            Devica
            Če so v vašem razmerju ali zakonu nesporazumi, ki jih ne znate rešiti, dan zaljubljenih izkoristite kot
            odskočno desko. Presenetite ljubljeno osebo in jo povabite na romantično večerjo ter ji izpovejte ter
            pokažite svojo ljubezen. Potem bo vse steklo kot namazano.
            Nasvet: Ne odlagajte neprijetnih zadev.
            Tehtnica
            Kaj lahko se boste zagreli za nekoga, ki ga redno srečujete. Pa naj bo to stranka ali kolega v službi. Tudi
            tehtnicam v razmerju se obeta več romantike. A nikar ne pozabite na darilo za dan zaljubljenih.
            Nasvet: Sprostite se in si privoščite več zabave.
            Škorpijon
            Med vama bo vrelo, komunikacija bo slaba. Tudi stvari, ki vas sicer ne motijo, vam bodo šle na živce. Nič
            kaj lepi obeti za mesec zaljubljenih. Bodite vendar malce bolj strpni do partnerja, sicer vama ne kaže nič
            dobrega. Čeprav vam praznovanje valentinovega ne pomeni veliko, upoštevajte in cenite trud, ki ga v to vlaga
            on. Samski: februar ni mesec za nove ljubezni.
            Nasvet: Privoščite si več počitka, psihična utrujenost se kaže na vseh področjih vašega življenja.
            Strelec
            Odkrili boste nekaj, kar vam partner prikriva, in tako spoznali pravo naravo njegovih čustev. Nikar ne
            delajte prehitrih zaključkov in počakajte na pojasnilo. Tako samski kot vezani lahko ljubezensko izboljšanje
            pričakujete 21. februarja.
            Nasvet: Vzemite stvari v svoje roke in uresničite svoje cilje.
            Kozorog
            Samski: če vam je nekdo všeč, se vendarle opogumite in se potrudite, da bi ga osvojili. Prav v mesecu
            zaljubljenih bo taka akcija najuspešnejša. Kozorogi v zvezah boste zadovoljni z zadevami doma pa tudi z
            odnosom s partnerjem, saj se bo v njem znova prebudila romantika.
            Nasvet: Športna aktivnost vam bo prav prišla na vseh ravneh življenja.
            Vodnar
            Tudi vaš čas za ljubezen se začne po 21. februarju. Venera bo v vaše življenje spustila novo ljubezen. Če
            ste v zvezi, bo ta prav po tem datumu doživela razcvet.
            Nasvet: Potrebujete družbo, torej pojdite med ljudi.
            Ribi
            Zahvaljujoč Veneri v vašem znaku so vam v tem mesecu obetajo usodni preobrati, nova poznanstva, razhodi
            dotrajanih zvez ter novi, lepši odnosi. Mnogi se boste zaljubili. Vaš dan zaljubljenih bo letos nepozaben.
            Nasvet: Pazite, komu zaupate.
        </article-text>
        <article-text-transliterated>Ovni na prelomnici, bikom se obetajo spremembe, device pa izkoristite dan
            zaljubljenih. Morda se ne boste strinjali s tem, da je februar mesec zaljubljenih. A vendarle boste morali
            priznati, da je dan, ko goduje Valentin, za veliko večino poseben dan, saj 14. februarja vlada ljubezen.
            Prav zato morda ne bo odveč pokukati, kaj vas v februarju oziroma v dneh, ki so od njega še ostali, zlasti
            pa na valentinovo čaka na področju rdečih srčkov in rožnatih očal.
            Oven
            Znašli se boste na prelomnici. Ves mesec boste premišljali, ali je čas za spremembo ali bi ohranili znano
            ustaljenost in način življenja. Mnogi boste pustili preteklost za seboj in zakorakali po novi poti. A ne bo
            usoden Valentin, pač pa 21. februar, ko vam bo Venera prinesla novo ljubezen.
            Nasvet: Vzemite si več časa zase.
            Bik
            Čakajo vas spremembe, ki vas bodo prijetno presenetile. Srečanje s staro simpatijo bo v vas prebudilo malce
            uspavane metuljčke, tisti v razmerju pa boste s partnerjem znova našli skupni jezik in boste z njim delili
            tudi skrbi ter težave. A ne zgolj tedaj, ko goduje Valentin. Saj veste, v dvoje je lažje.
            Nasvet: Nikar ne sodelujte pri tračih.
            Dvojčka
            Tisti v resnih zvezah, pozor. Partner bo ob vas kaj lahko dobil občutek, da ga zanemarjate. Posvetite mu
            malce več pozornosti, zlasti pa ne pozabite na dan zaljubljenih. Sicer pa lahko pričakujete, da se bo po 21.
            februarju vse vrnilo v prave tirnice. Samski si tedaj lahko obetate novo simpatijo.
            Nasvet: Ne dopustite, da bi vas povsem nadvladal stres.
            Rak
            Na miren način boste krmarili skozi zakonske ali ljubezenske težave, jih spretno reševali in znova pokazali
            svojo odgovornost. Polni boste razumevanja do partnerja in tako bosta izboljšala vajin odnos ter uresničila
            nekatere vajine skupne cilje. In marsikaterega si bosta zadala prav na večer dneva zaljubljenih.
            Nasvet: Uresničite želje najbližjih.
            Lev
            Vaši družinski odnosi bodo na zrelostni preizkušnji. Tisti, ki ste v zvezi, vedite, da bo odnos s partnerjem
            od vas zahteval malce več prilagajanja. A ne skrbite, vajina ljubezen je dovolj močna, da bo prenesla te
            izzive. Z 21. februarjem se v vajin odnos znova vračata ljubezen in zaupanje. Samski pa prav po tem datumu
            lahko pričakujete usodno srečanje, ki bo v vas prebudilo iskrice.
            Nasvet: Dojemite že, da sta s partnerjem sotekmovalca in ne nasprotnika.
            Devica
            Če so v vašem razmerju ali zakonu nesporazumi, ki jih ne znate rešiti, dan zaljubljenih izkoristite kot
            odskočno desko. Presenetite ljubljeno osebo in jo povabite na romantično večerjo ter ji izpovejte ter
            pokažite svojo ljubezen. Potem bo vse steklo kot namazano.
            Nasvet: Ne odlagajte neprijetnih zadev.
            Tehtnica
            Kaj lahko se boste zagreli za nekoga, ki ga redno srečujete. Pa naj bo to stranka ali kolega v službi. Tudi
            tehtnicam v razmerju se obeta več romantike. A nikar ne pozabite na darilo za dan zaljubljenih.
            Nasvet: Sprostite se in si privoščite več zabave.
            Škorpijon
            Med vama bo vrelo, komunikacija bo slaba. Tudi stvari, ki vas sicer ne motijo, vam bodo šle na živce. Nič
            kaj lepi obeti za mesec zaljubljenih. Bodite vendar malce bolj strpni do partnerja, sicer vama ne kaže nič
            dobrega. Čeprav vam praznovanje valentinovega ne pomeni veliko, upoštevajte in cenite trud, ki ga v to vlaga
            on. Samski: februar ni mesec za nove ljubezni.
            Nasvet: Privoščite si več počitka, psihična utrujenost se kaže na vseh področjih vašega življenja.
            Strelec
            Odkrili boste nekaj, kar vam partner prikriva, in tako spoznali pravo naravo njegovih čustev. Nikar ne
            delajte prehitrih zaključkov in počakajte na pojasnilo. Tako samski kot vezani lahko ljubezensko izboljšanje
            pričakujete 21. februarja.
            Nasvet: Vzemite stvari v svoje roke in uresničite svoje cilje.
            Kozorog
            Samski: če vam je nekdo všeč, se vendarle opogumite in se potrudite, da bi ga osvojili. Prav v mesecu
            zaljubljenih bo taka akcija najuspešnejša. Kozorogi v zvezah boste zadovoljni z zadevami doma pa tudi z
            odnosom s partnerjem, saj se bo v njem znova prebudila romantika.
            Nasvet: Športna aktivnost vam bo prav prišla na vseh ravneh življenja.
            Vodnar
            Tudi vaš čas za ljubezen se začne po 21. februarju. Venera bo v vaše življenje spustila novo ljubezen. Če
            ste v zvezi, bo ta prav po tem datumu doživela razcvet.
            Nasvet: Potrebujete družbo, torej pojdite med ljudi.
            Ribi
            Zahvaljujoč Veneri v vašem znaku so vam v tem mesecu obetajo usodni preobrati, nova poznanstva, razhodi
            dotrajanih zvez ter novi, lepši odnosi. Mnogi se boste zaljubili. Vaš dan zaljubljenih bo letos nepozaben.
            Nasvet: Pazite, komu zaupate.
        </article-text-transliterated>
    </article>
    <comments>
        <comments-count>0</comments-count>
        <comment-list/>
    </comments>
</document>