<document global-id="si-02-1219">
    <url>https://www.slovenskenovice.si/novice/slovenija/clanek/juznoamerisko-sonce-v-temi-postojnske-jame-122592</url>
    <source-id>si-02</source-id>
    <local-id>1219</local-id>
    <source-name>Slovenske_novice</source-name>
    <article>
        <article-title>Južnoameriško sonce v temi Postojnske jame</article-title>
        <article-title-transliterated>Južnoameriško sonce v temi Postojnske jame</article-title-transliterated>
        <article-time>2018-12-12</article-time>
        <article-author>Primož Hieng</article-author>
        <article-text>Podzemna božična pravljica z 29. živimi jaslicami in instalacijo Slovenke iz Bolivije. POSTOJNA – 
            Mednarodno priznana umetnica Ejti Štih je za Postojnsko jamo tudi letos pripravila posebno razstavo
            instalacij z naslovom Jaslice sveta, ki bodo na ogled med 25. in 30. decembrom, v času, ko bodo pripravili
            tudi glavno zanimivost praznične Postojnske jame, žive jaslice.

            Slikarka deluje v Boliviji od leta 1982. Ejti Štih, z rojstnim imenom Marija, po poroki Štih de Fernández de
            Córdoba, je vsestranska umetnica. Rojena je bila 25. novembra 1957 v Kranju, študirala pa je na ljubljanski
            likovni akademiji. Je prejemnica prestižnih mednarodnih nagrad, slovi pa kot ena najbolj znanih slikark in
            galeristk.

            Vse podobe so v naravni velikosti, med njimi so tudi živali, ker je tudi Frančišek Asiški ob prvi upodobitvi
            jaslic leta 1223, ki jih je postavil v jami, vključil za božič in jaslice značilne živali. Podobe z vsega
            sveta imajo še eno skupno točko: to so človeške ribice.

            V posvetilo je zapisala: »Jezus se rodi vsako leto, vsak božič verniki obnovijo svojo vero. Jezusovo rojstvo
            naj prinaša veselje, saj se je rodilo še eno dete v ta svet, ki je velik in pisan. Moje jaslice, ki
            prihajajo iz latinskoameriškega sonca v temo Postojnske jame, prinašajo luč upanja za boljši svet za vse.«

            Ejti živi in ustvarja pretežno v mestu Santa Cruz de la Sierra. Prepoznavna je po živih barvah, med katerimi
            prevladujejo rdeča, modra in rumena. Pred 13 leti je opuščeno policijsko postajo, v katero so pred leti, ko
            je vladala še diktatura, zapirali ljudi, s pomočjo dveh prijateljev spremenila v dobro obiskano galerijo, ki
            jo s skromnimi prispevki vzdržujejo meščani sami.

            Letos tudi Helena Blagne
            Letošnje žive jaslice bodo v Postojnski jami znova zasijale z avdio-vizualnimi učinki in kostumi magičnega
            gledališča Serpentes. Poleg lokalnih igralcev bodo gostili vrhunske glasbenike, med katerimi bodo gotovo
            izstopali trije izjemni vokalisti. Helena Blagne bo v prepoznavnem slogu zapela Ave Mario, Alex Volasko bo
            predstavil interpretacijo Svete noči, v koncertni dvorani pa bo ob koncu predstave odmeval angelski glas
            Irene Yebuah Tiran v Amazing Grace.
        </article-text>
        <article-text-transliterated>Podzemna božična pravljica z 29. živimi jaslicami in instalacijo Slovenke iz
            Bolivije. POSTOJNA –  Mednarodno priznana umetnica Ejti Štih je za Postojnsko jamo tudi letos pripravila
            posebno razstavo instalacij z naslovom Jaslice sveta, ki bodo na ogled med 25. in 30. decembrom, v času, ko
            bodo pripravili tudi glavno zanimivost praznične Postojnske jame, žive jaslice.

            Slikarka deluje v Boliviji od leta 1982. Ejti Štih, z rojstnim imenom Marija, po poroki Štih de Fernández de
            Córdoba, je vsestranska umetnica. Rojena je bila 25. novembra 1957 v Kranju, študirala pa je na ljubljanski
            likovni akademiji. Je prejemnica prestižnih mednarodnih nagrad, slovi pa kot ena najbolj znanih slikark in
            galeristk.

            Vse podobe so v naravni velikosti, med njimi so tudi živali, ker je tudi Frančišek Asiški ob prvi upodobitvi
            jaslic leta 1223, ki jih je postavil v jami, vključil za božič in jaslice značilne živali. Podobe z vsega
            sveta imajo še eno skupno točko: to so človeške ribice.

            V posvetilo je zapisala: »Jezus se rodi vsako leto, vsak božič verniki obnovijo svojo vero. Jezusovo rojstvo
            naj prinaša veselje, saj se je rodilo še eno dete v ta svet, ki je velik in pisan. Moje jaslice, ki
            prihajajo iz latinskoameriškega sonca v temo Postojnske jame, prinašajo luč upanja za boljši svet za vse.«

            Ejti živi in ustvarja pretežno v mestu Santa Cruz de la Sierra. Prepoznavna je po živih barvah, med katerimi
            prevladujejo rdeča, modra in rumena. Pred 13 leti je opuščeno policijsko postajo, v katero so pred leti, ko
            je vladala še diktatura, zapirali ljudi, s pomočjo dveh prijateljev spremenila v dobro obiskano galerijo, ki
            jo s skromnimi prispevki vzdržujejo meščani sami.

            Letos tudi Helena Blagne
            Letošnje žive jaslice bodo v Postojnski jami znova zasijale z avdio-vizualnimi učinki in kostumi magičnega
            gledališča Serpentes. Poleg lokalnih igralcev bodo gostili vrhunske glasbenike, med katerimi bodo gotovo
            izstopali trije izjemni vokalisti. Helena Blagne bo v prepoznavnem slogu zapela Ave Mario, Alex Volasko bo
            predstavil interpretacijo Svete noči, v koncertni dvorani pa bo ob koncu predstave odmeval angelski glas
            Irene Yebuah Tiran v Amazing Grace.
        </article-text-transliterated>
    </article>
    <comments>
        <comments-count>0</comments-count>
        <comment-list/>
    </comments>
</document>