<document global-id="si-02-1038">
    <url>https://www.slovenskenovice.si/bulvar/domaci-trac/clanek/intervju-bostjan-lara-romih-brez-dlake-na-jeziku</url>
    <source-id>si-02</source-id>
    <local-id>1038</local-id>
    <source-name>Slovenske_novice</source-name>
    <article>
        <article-title>Intervju: Boštjan in Lara Romih brez dlake na jeziku</article-title>
        <article-title-transliterated>Intervju: Boštjan in Lara Romih brez dlake na jeziku
        </article-title-transliterated>
        <article-time>2017-01-26</article-time>
        <article-author>Tomaž Mihelič</article-author>
        <article-text>Novo leto, nova televizijska sezona in nova oddaja za Boštjana Romiha. Voditelj se je preizkusil
            že v številnih vlogah, zdaj pa je pred njim še najbolj razburljiva oddaja, v kateri bo s pomočjo
            profesionalnega hipnotizerja brskal po podzavesti nastopajočih. Za nas je pobrskal po svojem 'podstrešju'
            ter nam na zabaven in odkrit način predstavil recept za trdno in strastno partnerstvo z ženo Laro.
            Če bi šli v hipnozo, kaj bi vam vaša podzavest povedala o vas, česar morda še ne veste ali nočete vedeti?

            Hja, če poskuša človek zavestno razmišljati, kaj bi se našlo v podzavesti, pomeni, da ugiba miže in klati na
            pamet. Saj na neki način vedno poskušam ostati v stiku s sabo, iskati vzroke, vzgibe, čustva. Vseeno pa bi
            najgloblje plasti podzavesti z veseljem povprašal o kakšnih svojih razvadah, zadržkih, skrbeh, svoji
            vzkipljivosti ...

            V hipnozi se na neki način pogovarjaš s svojim podzavestnim višjim jazom. Kako vaša podzavest vidi ženo
            Laro?

            Ojoj, kako smo intimni! (smeh) Ampak če poskušam najbolj intuitivno ustreliti, kaj vidim v njej, bi bile to
            zanesljivost, aktivnost, živalska energija, odločnost, nenehna skrb...

            Sta eden bolj priljubljenih parov, saj dajeta zelo lep zgled javnosti. Pritiski iz okolja se s slavo in
            odmevnimi projekti stopnjujejo. Kako se spopadata s tem?

            Zanimivo, da odkar sem v medijih, mi je bilo nekaj najbolj samoumevnega, da najino zvezo, najine poglede na
            partnerstvo in družino prostodušno deliva z drugimi. Ljubiti, negovati partnerstvo se mi je vedno zdelo
            zdravo, normalno in res vsakemu privoščim izpolnitev tudi na tem področju. Hudič je v tem, da lahko to kdo
            dojema kot postavljanje, poziranje, sploh če sam nima sreče v srcu. Ampak to res ni bil nikoli moj vzgib.
            Ljudi želim opogumljati, da se odprejo in predajo ljubljeni osebi... Tudi v tem je pot do bolj nasmejane in
            zadovoljne družbe.Pri partnerstvu se potimo prostovoljno in z veseljem. 
            Kakšen je vajin način reševanja zakonskih nesoglasij, težav?
            Bioenergetik Zdenko Domančić pravi, da je molitev vseh molitev – Bog, osvobodi me samega sebe! Tudi pri
            partnerstvu je ego lahko grdo zoprna nadloga, če ne zna pravočasno sestopiti s svojega prestola. V praksi
            med drugim to pomeni večkrat reči: hvala, prosim, oprosti. In v partnerstvu potrebuješ dva taka. Pa to še
            sploh ni vse!

            Kdo je bolj popustljiv in kdo manj zamerljiv?

            Jaz, itak. (smeh) Lara ima istrske korenine, tam pravijo 'krepat, ma ne molat'. Torej, ne spusti, dokler ne
            izdihneš. Ampak ta trma ima še drugo plat. Če si njen, se bo do konca borila zate.

            Z Laro se poznata zelo dolgo, a verjamemo, da so spomini na prvo srečanje še živi. Nam lahko zaupate občutke
            ob vajinem prvem poljubu?

            Dobro, pela sva v istem zboru, kjer sva imela oba nesrečno zaključeni pretekli zvezi. Malo sva si lizala
            rane, se tako bolje spoznala, in ko je bilo vse nared, da svet dobi nov parček – sva odletela, ona v Južno
            Ameriko, jaz v Rusijo. Dlje drug od drugega ne bi mogla biti. In prav na letališču, preden je ona z APZ
            odletela na turnejo, je padel prvi poljub, precej kratek, sramežljiv in negotov, ampak jasno je bilo, da se
            je z njim nekaj začelo.

            Iz tega poljuba so se rodila tri čudovita bitja, ki so vama pošteno popestrila življenje. Kako se spopadata
            z vzgojnimi prijemi? Kdo je bolj potrpežljiv, avtoritativen, kdo več dovoli?

            Lara pravi, da je ona bolj nepopustljiva, ampak mene se vseeno bolj bojijo. Ker znam prav glasno
            zarobantiti, no, uporabiti trebušno prepono. (smeh) Je pa biti pameten glede vzgoje tako nehvaležno kot
            deliti nasvete o uspešnem partnerstvu. Že iz vraževerja raje skromno gledam v tla in upam, da se vse dobro
            izide.

            Marsikdo pravi, da je zakonska zveza nekakšna dodatna služba, saj je treba za harmonično partnerstvo nenehno
            delati, celo garati. Bi se strinjali s to ljudsko modrostjo?

            Bom kar pustil celofan in takoj odločno odvrnil – ne! Ne more in ne sme biti kot služba, le garanje,
            odpovedovanje in kar je še podobnih grenko-kislih izrazov. Naj bo zatočišče, varno gnezdo, prostor
            razumevanja, sprejemanja in naj bo tudi žur, razigranost, vrtiljak, plesišče, potovanje. In intima, čutnost,
            užitek, spletanje bližine. Ne pravim, da vse to ne zahteva vlaganja truda. Ampak pri partnerstvu se potimo
            prostovoljno in z veseljem.Biti pameten glede vzgoje je tako nehvaležno, kot deliti nasvete o uspešnem
            partnerstvu.
            Katere so vajine skupne strasti, poleg zborovskega petja in ruskega jezika?
            Stopate na nevarno področje. Ves čas jo spravljam na kolo ali na skupni tek, kar bi se mi zdelo na neki
            način strašno romantično, a ravno pred časom me je prijateljica dobronamerno streznila, da je to neumna
            moška vizija romantike. Torej bova še vedno najlepšo slogo in energijsko duhovno povezanost dosegala pri
            skupnih kulinaričnih užitkih. Po dobri večerji se res lepo gledava.

            Verjetno so tudi potovanja nekaj, kar oba obožujeta, zato ni čudno, da se boste prav med predvajanjem oddaje
            Hipnoza: Dobra zabava z družino odpravili v Indonezijo. Kako vse to organizirate in kakšno je potovati s
            tremi otroki, sploh na tako oddaljene destinacije?

            Oddaje so posnete, tako si bomo lahko vzeli nekaj časa za tujino. In veste, prav nič ne bom pameten, ker
            nimam pojma, kaj nas čaka. Ko smo bili na Tajskem s petmesečno najmlajšo Lilo, je bilo vse gladko. Predlani
            na Floridi je bilo že konkretno bolj naporno, ker smo se veliko vozili z avtom in očitno so bili naši trije
            samuraji ravno prav stari, da je na zadnjih sedežih ves čas divjala mala vojna. Želeli ste, poslušajte, bi
            rekli nekateri. (smeh) Tokrat načrtujemo manj premikov in več morja, to bi znalo precej ugodno vplivati na
            družinsko harmonijo, ampak ko pridemo nazaj, se dobiva na kavi, da preveriva, ali sem si pridelal več
            smejalnih gub ali sivih las.
            »Preberite več v Suzy, naši novi tabloidni reviji Slovenskih novic, ki izide vsak petek. Najdete jo v
            bližnji trafiki, še bolje pa bo, če se nanjo naročite in jo boste dobili v svoj nabiralnik. Pišite nam
            na  oziroma pokličite na brezplačno številko 080 11 99.«
        </article-text>
        <article-text-transliterated>Novo leto, nova televizijska sezona in nova oddaja za Boštjana Romiha. Voditelj se
            je preizkusil že v številnih vlogah, zdaj pa je pred njim še najbolj razburljiva oddaja, v kateri bo s
            pomočjo profesionalnega hipnotizerja brskal po podzavesti nastopajočih. Za nas je pobrskal po svojem
            'podstrešju' ter nam na zabaven in odkrit način predstavil recept za trdno in strastno partnerstvo z ženo
            Laro.
            Če bi šli v hipnozo, kaj bi vam vaša podzavest povedala o vas, česar morda še ne veste ali nočete vedeti?

            Hja, če poskuša človek zavestno razmišljati, kaj bi se našlo v podzavesti, pomeni, da ugiba miže in klati na
            pamet. Saj na neki način vedno poskušam ostati v stiku s sabo, iskati vzroke, vzgibe, čustva. Vseeno pa bi
            najgloblje plasti podzavesti z veseljem povprašal o kakšnih svojih razvadah, zadržkih, skrbeh, svoji
            vzkipljivosti ...

            V hipnozi se na neki način pogovarjaš s svojim podzavestnim višjim jazom. Kako vaša podzavest vidi ženo
            Laro?

            Ojoj, kako smo intimni! (smeh) Ampak če poskušam najbolj intuitivno ustreliti, kaj vidim v njej, bi bile to
            zanesljivost, aktivnost, živalska energija, odločnost, nenehna skrb...

            Sta eden bolj priljubljenih parov, saj dajeta zelo lep zgled javnosti. Pritiski iz okolja se s slavo in
            odmevnimi projekti stopnjujejo. Kako se spopadata s tem?

            Zanimivo, da odkar sem v medijih, mi je bilo nekaj najbolj samoumevnega, da najino zvezo, najine poglede na
            partnerstvo in družino prostodušno deliva z drugimi. Ljubiti, negovati partnerstvo se mi je vedno zdelo
            zdravo, normalno in res vsakemu privoščim izpolnitev tudi na tem področju. Hudič je v tem, da lahko to kdo
            dojema kot postavljanje, poziranje, sploh če sam nima sreče v srcu. Ampak to res ni bil nikoli moj vzgib.
            Ljudi želim opogumljati, da se odprejo in predajo ljubljeni osebi... Tudi v tem je pot do bolj nasmejane in
            zadovoljne družbe.Pri partnerstvu se potimo prostovoljno in z veseljem. 
            Kakšen je vajin način reševanja zakonskih nesoglasij, težav?
            Bioenergetik Zdenko Domančić pravi, da je molitev vseh molitev – Bog, osvobodi me samega sebe! Tudi pri
            partnerstvu je ego lahko grdo zoprna nadloga, če ne zna pravočasno sestopiti s svojega prestola. V praksi
            med drugim to pomeni večkrat reči: hvala, prosim, oprosti. In v partnerstvu potrebuješ dva taka. Pa to še
            sploh ni vse!

            Kdo je bolj popustljiv in kdo manj zamerljiv?

            Jaz, itak. (smeh) Lara ima istrske korenine, tam pravijo 'krepat, ma ne molat'. Torej, ne spusti, dokler ne
            izdihneš. Ampak ta trma ima še drugo plat. Če si njen, se bo do konca borila zate.

            Z Laro se poznata zelo dolgo, a verjamemo, da so spomini na prvo srečanje še živi. Nam lahko zaupate občutke
            ob vajinem prvem poljubu?

            Dobro, pela sva v istem zboru, kjer sva imela oba nesrečno zaključeni pretekli zvezi. Malo sva si lizala
            rane, se tako bolje spoznala, in ko je bilo vse nared, da svet dobi nov parček – sva odletela, ona v Južno
            Ameriko, jaz v Rusijo. Dlje drug od drugega ne bi mogla biti. In prav na letališču, preden je ona z APZ
            odletela na turnejo, je padel prvi poljub, precej kratek, sramežljiv in negotov, ampak jasno je bilo, da se
            je z njim nekaj začelo.

            Iz tega poljuba so se rodila tri čudovita bitja, ki so vama pošteno popestrila življenje. Kako se spopadata
            z vzgojnimi prijemi? Kdo je bolj potrpežljiv, avtoritativen, kdo več dovoli?

            Lara pravi, da je ona bolj nepopustljiva, ampak mene se vseeno bolj bojijo. Ker znam prav glasno
            zarobantiti, no, uporabiti trebušno prepono. (smeh) Je pa biti pameten glede vzgoje tako nehvaležno kot
            deliti nasvete o uspešnem partnerstvu. Že iz vraževerja raje skromno gledam v tla in upam, da se vse dobro
            izide.

            Marsikdo pravi, da je zakonska zveza nekakšna dodatna služba, saj je treba za harmonično partnerstvo nenehno
            delati, celo garati. Bi se strinjali s to ljudsko modrostjo?

            Bom kar pustil celofan in takoj odločno odvrnil – ne! Ne more in ne sme biti kot služba, le garanje,
            odpovedovanje in kar je še podobnih grenko-kislih izrazov. Naj bo zatočišče, varno gnezdo, prostor
            razumevanja, sprejemanja in naj bo tudi žur, razigranost, vrtiljak, plesišče, potovanje. In intima, čutnost,
            užitek, spletanje bližine. Ne pravim, da vse to ne zahteva vlaganja truda. Ampak pri partnerstvu se potimo
            prostovoljno in z veseljem.Biti pameten glede vzgoje je tako nehvaležno, kot deliti nasvete o uspešnem
            partnerstvu.
            Katere so vajine skupne strasti, poleg zborovskega petja in ruskega jezika?
            Stopate na nevarno področje. Ves čas jo spravljam na kolo ali na skupni tek, kar bi se mi zdelo na neki
            način strašno romantično, a ravno pred časom me je prijateljica dobronamerno streznila, da je to neumna
            moška vizija romantike. Torej bova še vedno najlepšo slogo in energijsko duhovno povezanost dosegala pri
            skupnih kulinaričnih užitkih. Po dobri večerji se res lepo gledava.

            Verjetno so tudi potovanja nekaj, kar oba obožujeta, zato ni čudno, da se boste prav med predvajanjem oddaje
            Hipnoza: Dobra zabava z družino odpravili v Indonezijo. Kako vse to organizirate in kakšno je potovati s
            tremi otroki, sploh na tako oddaljene destinacije?

            Oddaje so posnete, tako si bomo lahko vzeli nekaj časa za tujino. In veste, prav nič ne bom pameten, ker
            nimam pojma, kaj nas čaka. Ko smo bili na Tajskem s petmesečno najmlajšo Lilo, je bilo vse gladko. Predlani
            na Floridi je bilo že konkretno bolj naporno, ker smo se veliko vozili z avtom in očitno so bili naši trije
            samuraji ravno prav stari, da je na zadnjih sedežih ves čas divjala mala vojna. Želeli ste, poslušajte, bi
            rekli nekateri. (smeh) Tokrat načrtujemo manj premikov in več morja, to bi znalo precej ugodno vplivati na
            družinsko harmonijo, ampak ko pridemo nazaj, se dobiva na kavi, da preveriva, ali sem si pridelal več
            smejalnih gub ali sivih las.
            »Preberite več v Suzy, naši novi tabloidni reviji Slovenskih novic, ki izide vsak petek. Najdete jo v
            bližnji trafiki, še bolje pa bo, če se nanjo naročite in jo boste dobili v svoj nabiralnik. Pišite nam
            na  oziroma pokličite na brezplačno številko 080 11 99.«
        </article-text-transliterated>
    </article>
    <comments>
        <comments-count>0</comments-count>
        <comment-list/>
    </comments>
</document>