<document global-id="si-02-1138">
    <url>
        https://www.slovenskenovice.si/bulvar/domaci-traci/clanek/jan-plestenjak-zrtev-prevare-in-zato-so-se-pokasirali-261429
    </url>
    <source-id>si-02</source-id>
    <local-id>1138</local-id>
    <source-name>Slovenske_novice</source-name>
    <article>
        <article-title>Jan Plestenjak žrtev prevare: In za to so še pokasirali ...</article-title>
        <article-title-transliterated>Jan Plestenjak žrtev prevare: In za to so še pokasirali ...
        </article-title-transliterated>
        <article-time>2019-12-18</article-time>
        <article-author>N. Č.</article-author>
        <article-text>Pevec je razočaran nad navidezno idejo o svobodi, ki nam jo prodajajo. Priljubljenega slovenskega
            pevca Jana Plestenjaka je upravičeno razjezila lažna objava. Nekdo je brez njegovega privoljenja uporabil
            njegovo ime, češ da je zagovornik kriptovalut.


            »Dragi moji. Spet objavljajo na internetu lažne reklame, v katerih uporabljajo moje ime. Nimam pojma o
            kriptovalutah, niti me ne zanimajo. V oglasih skušajo dati tezo izmišljotinam s tem, da navajajo podatke, ki
            da so bili objavljeni v oddaji Preverjeno, v Delu itn. To so popolne laži. Žal pa živimo v času, ko lahko
            vsak nepooblaščeno in nepreverjeno nabija. Google pa to še pokasira. Na koncu pa ne bo kaznovan nihče. Res
            živimo v ‘svobodi’,« je vidno razočarano zapisal Plestenjak, ki je znan po tem, da brez dlake na jeziku pove
            tisto, kar misli.

            Plestenjak pa ni bil prvič žrtev spletne prevare. V začetku leta si je nekdo prilastil njegovo fotografijo
            in pod njo objavil laži z namenom, kot je zapisal Plestenjak, »da pridobi pozornost in zavaja naivne ljudi,
            da bi vlagali denar v neke prevare ali pa le zbiral klike«.
        </article-text>
        <article-text-transliterated>Pevec je razočaran nad navidezno idejo o svobodi, ki nam jo prodajajo.
            Priljubljenega slovenskega pevca Jana Plestenjaka je upravičeno razjezila lažna objava. Nekdo je brez
            njegovega privoljenja uporabil njegovo ime, češ da je zagovornik kriptovalut.


            »Dragi moji. Spet objavljajo na internetu lažne reklame, v katerih uporabljajo moje ime. Nimam pojma o
            kriptovalutah, niti me ne zanimajo. V oglasih skušajo dati tezo izmišljotinam s tem, da navajajo podatke, ki
            da so bili objavljeni v oddaji Preverjeno, v Delu itn. To so popolne laži. Žal pa živimo v času, ko lahko
            vsak nepooblaščeno in nepreverjeno nabija. Google pa to še pokasira. Na koncu pa ne bo kaznovan nihče. Res
            živimo v ‘svobodi’,« je vidno razočarano zapisal Plestenjak, ki je znan po tem, da brez dlake na jeziku pove
            tisto, kar misli.

            Plestenjak pa ni bil prvič žrtev spletne prevare. V začetku leta si je nekdo prilastil njegovo fotografijo
            in pod njo objavil laži z namenom, kot je zapisal Plestenjak, »da pridobi pozornost in zavaja naivne ljudi,
            da bi vlagali denar v neke prevare ali pa le zbiral klike«.
        </article-text-transliterated>
    </article>
    <comments>
        <comments-count>2</comments-count>
        <comment-list>
            <comment comment-id="1">
                <comment-parent-id>,</comment-parent-id>
                <comment-text>sure,sure,borza je za Profije...,amaterčine nas futrajo</comment-text>
                <comment-text-transliterated>sure,sure,borza je za Profije...,amaterčine nas futrajo
                </comment-text-transliterated>
            </comment>
            <comment comment-id="2">
                <comment-parent-id>,</comment-parent-id>
                <comment-text>ja, bo treba tozbo vlozit za kaksen milijon...in ce bo taksnih vec, bo malo vec reda na
                    googlu...
                </comment-text>
                <comment-text-transliterated>ja, bo treba tozbo vlozit za kaksen milijon...in ce bo taksnih vec, bo malo
                    vec reda na googlu...
                </comment-text-transliterated>
            </comment>
        </comment-list>
    </comments>
</document>