<document global-id="si-02-1102">
    <url>https://www.slovenskenovice.si/bulvar/domaci-trac/clanek/izpadla-ivica-ivona-je-prevec-posesivna</url>
    <source-id>si-02</source-id>
    <local-id>1102</local-id>
    <source-name>Slovenske_novice</source-name>
    <article>
        <article-title>Izpadla Ivica: Ivona je preveč posesivna</article-title>
        <article-title-transliterated>Izpadla Ivica: Ivona je preveč posesivna</article-title-transliterated>
        <article-time>2015-04-28</article-time>
        <article-author>Anita Krizmanić</article-author>
        <article-text>Iz resničnostnega šova je izpadla Ivica Jakomin, odhoda je vesela. Ko je Ivica Jakomin s hčerko
            Dolores pred dvema tednoma vstopila v resničnostni šov Bar, si verjetno ni predstavljala, da bo njena pot do
            50.000 evrov tako kratka. Njena hči je zaradi smrti v družini šov zapustila že po enem tednu, Ivica pa je
            ostala in vztrajala, saj drugim tekmovalcem ni privoščila, da bi se veselili njenega odhoda. Minulo soboto
            pa si je od sotekmovalcev pričakovano prislužila največ minusov in sedla na vroči stol, ki je bil zanjo
            usoden. Premagala jo je Suzana Zeković, ki je preživela že drugega, Ivica pa nam je zaupala, da si je želela
            sesti na prvega, da bi izvedela, kako priljubljena je med gledalci, ki dogajanje v Baru spremljajo 24 ur na
            dan. Prepričana je bila, da se je pokazala v dobri luči in da so gledalci to opazili, a to očitno ni bilo
            dovolj.
            Kljub razpletu je Ivica vesela, da je zapustila Bar in se vrnila domov k družini, ki jo v teh težkih časih
            močno potrebuje. »Upala sem, da bom šla domov zaradi vsega, kar se mi je zgodilo. Doma imam družino, ogromno
            pomagam, urejam papirje, saj imamo podjetje in skrbim za dva otroka, svojega petletnega sina in vnuka, ki je
            star dve leti,« pravi Ivica, ki ji je bilo v zadnjih dveh tednih zelo težko, saj je bila razpeta med dvema
            svetovoma. Kljub temu ni nikoli pomislila, da bi prostovoljno zapustila šov. »Imela sem se lepo in vesela
            sem, da sem dobila to priložnost. Počutila sem se, kot da bi naenkrat dobila devet otrok, ki jih je treba
            lepo vzgojiti,« je povedala Ivica, ki se že od začetka ni razumela z večino tekmovalcev. Najbolj jo je
            motila Sanja, za katero je izjavila, da je hinavka, k srcu pa sta ji prirasla zdaj že izpadli Nejc in Ivona.
            Prav ta naj bi po Ivičinih besedah potrebovala največ vzgoje. »Ivona je mlado dekle, ki ima divji karakter.
            Ni pa pokvarjena ali nepoštena. Je samo malce bolj živahna punca, v katero se fantje zlahka zaljubijo. Njena
            napaka je tudi to, da je preveč posesivna do Joela,« razlaga Ivica.

            Imela je zadovoljne stranke

            Niti po odhodu iz Bara Ivica ne skriva dejstva, da s svojo ekipo nikakor ni našla skupnega jezika. Nazadnje
            se je sprla z Damjanom, ki ji je očital, da ne zna narezati limet, kar je Primorca presenečalo, saj je Ivica
            ves čas ponavljala, da ima v gostinstvu ogromno izkušenj. V Chicagu, kjer je živela dolga leta, je namreč
            vodila svojo restavracijo. »Sem zelo delavna ženska. Tisto z limetami je bilo bolj šala, določene stvari pa
            sem namenoma površno naredila. Tisti, ki me poznajo, so me klicali najboljša gazdarica v Chicagu. Verjetno
            sem nekaj prav delala, saj so bili ljudje redno plačani, vse je bilo čisto in pospravljeno, dogodki so se
            dogajali pravočasno, ne pa z zamudo kot v Baru. Tudi skladišča in garderobe so bili pospravljeni. Stranke so
            bile vedno zadovoljne,« poudarja Ivica, ki je prepričana, da je barovce naučila, da morajo delati kot ekipa,
            kar se je po njenih besedah pokazalo v zadnjih dneh. Med tekmovalci, ki so jo za hrbtom opravljali in se ji
            posmehovali, da ne pozna niti osnov gostinstva, sta bila tudi Joel in Sanja. S to se je Ivica v predzadnji
            oddaji v živo zapletla v hud prepir, ki se je končal s solzami. »Sanji sem se opravičila, saj nikoli ne
            žalim ljudi. Kljub temu moram povedati, da je zelo zahrbtna in druge namenoma izziva, po drugi strani pa
            rada priskoči na pomoč,« brez zadržkov pravi Ivica. Z njo po koncu šova nikakor ne bi mogla obdržati stikov,
            bi pa kavo spila z Ivono, Suzano, Črtom, Emijem in Nejcem, ki je iz šova izpadel teden pred njo. Ivica je
            prepričana, da je med osmimi tekmovalci, kolikor jih je še ostalo v šovu, najmočnejši člen Črt. »Ima
            karakteristike pravega vodje. Tudi Damjan je precej dober, a nikakor ni tako dober vodja kot Črt. V
            življenju ni vse v mešanju koktajlov. Damjan to zelo obvlada, a je to tudi vse, kar zna. Črt sicer tega ne
            obvlada, se pa zelo dobro znajde v poslovnem svetu,« pravi Ivica.

            Svojim nekdanjim sotekmovalcem, za katere pravi, da so se po njenem prihodu začeli malce bolj zanimati za
            red in čistočo tako v stanovanju kot tudi v lokalu, sporoča, naj stopijo skupaj in se ne prepirajo in
            pravočasno organizirajo dogodke. »Nekateri namreč z veseljem pridejo, a se nikoli več ne vrnejo,« pravi
            Ivica, ki upa, da se bodo barovci v kratkem spravili v red.
        </article-text>
        <article-text-transliterated>Iz resničnostnega šova je izpadla Ivica Jakomin, odhoda je vesela. Ko je Ivica
            Jakomin s hčerko Dolores pred dvema tednoma vstopila v resničnostni šov Bar, si verjetno ni predstavljala,
            da bo njena pot do 50.000 evrov tako kratka. Njena hči je zaradi smrti v družini šov zapustila že po enem
            tednu, Ivica pa je ostala in vztrajala, saj drugim tekmovalcem ni privoščila, da bi se veselili njenega
            odhoda. Minulo soboto pa si je od sotekmovalcev pričakovano prislužila največ minusov in sedla na vroči
            stol, ki je bil zanjo usoden. Premagala jo je Suzana Zeković, ki je preživela že drugega, Ivica pa nam je
            zaupala, da si je želela sesti na prvega, da bi izvedela, kako priljubljena je med gledalci, ki dogajanje v
            Baru spremljajo 24 ur na dan. Prepričana je bila, da se je pokazala v dobri luči in da so gledalci to
            opazili, a to očitno ni bilo dovolj.
            Kljub razpletu je Ivica vesela, da je zapustila Bar in se vrnila domov k družini, ki jo v teh težkih časih
            močno potrebuje. »Upala sem, da bom šla domov zaradi vsega, kar se mi je zgodilo. Doma imam družino, ogromno
            pomagam, urejam papirje, saj imamo podjetje in skrbim za dva otroka, svojega petletnega sina in vnuka, ki je
            star dve leti,« pravi Ivica, ki ji je bilo v zadnjih dveh tednih zelo težko, saj je bila razpeta med dvema
            svetovoma. Kljub temu ni nikoli pomislila, da bi prostovoljno zapustila šov. »Imela sem se lepo in vesela
            sem, da sem dobila to priložnost. Počutila sem se, kot da bi naenkrat dobila devet otrok, ki jih je treba
            lepo vzgojiti,« je povedala Ivica, ki se že od začetka ni razumela z večino tekmovalcev. Najbolj jo je
            motila Sanja, za katero je izjavila, da je hinavka, k srcu pa sta ji prirasla zdaj že izpadli Nejc in Ivona.
            Prav ta naj bi po Ivičinih besedah potrebovala največ vzgoje. »Ivona je mlado dekle, ki ima divji karakter.
            Ni pa pokvarjena ali nepoštena. Je samo malce bolj živahna punca, v katero se fantje zlahka zaljubijo. Njena
            napaka je tudi to, da je preveč posesivna do Joela,« razlaga Ivica.

            Imela je zadovoljne stranke

            Niti po odhodu iz Bara Ivica ne skriva dejstva, da s svojo ekipo nikakor ni našla skupnega jezika. Nazadnje
            se je sprla z Damjanom, ki ji je očital, da ne zna narezati limet, kar je Primorca presenečalo, saj je Ivica
            ves čas ponavljala, da ima v gostinstvu ogromno izkušenj. V Chicagu, kjer je živela dolga leta, je namreč
            vodila svojo restavracijo. »Sem zelo delavna ženska. Tisto z limetami je bilo bolj šala, določene stvari pa
            sem namenoma površno naredila. Tisti, ki me poznajo, so me klicali najboljša gazdarica v Chicagu. Verjetno
            sem nekaj prav delala, saj so bili ljudje redno plačani, vse je bilo čisto in pospravljeno, dogodki so se
            dogajali pravočasno, ne pa z zamudo kot v Baru. Tudi skladišča in garderobe so bili pospravljeni. Stranke so
            bile vedno zadovoljne,« poudarja Ivica, ki je prepričana, da je barovce naučila, da morajo delati kot ekipa,
            kar se je po njenih besedah pokazalo v zadnjih dneh. Med tekmovalci, ki so jo za hrbtom opravljali in se ji
            posmehovali, da ne pozna niti osnov gostinstva, sta bila tudi Joel in Sanja. S to se je Ivica v predzadnji
            oddaji v živo zapletla v hud prepir, ki se je končal s solzami. »Sanji sem se opravičila, saj nikoli ne
            žalim ljudi. Kljub temu moram povedati, da je zelo zahrbtna in druge namenoma izziva, po drugi strani pa
            rada priskoči na pomoč,« brez zadržkov pravi Ivica. Z njo po koncu šova nikakor ne bi mogla obdržati stikov,
            bi pa kavo spila z Ivono, Suzano, Črtom, Emijem in Nejcem, ki je iz šova izpadel teden pred njo. Ivica je
            prepričana, da je med osmimi tekmovalci, kolikor jih je še ostalo v šovu, najmočnejši člen Črt. »Ima
            karakteristike pravega vodje. Tudi Damjan je precej dober, a nikakor ni tako dober vodja kot Črt. V
            življenju ni vse v mešanju koktajlov. Damjan to zelo obvlada, a je to tudi vse, kar zna. Črt sicer tega ne
            obvlada, se pa zelo dobro znajde v poslovnem svetu,« pravi Ivica.

            Svojim nekdanjim sotekmovalcem, za katere pravi, da so se po njenem prihodu začeli malce bolj zanimati za
            red in čistočo tako v stanovanju kot tudi v lokalu, sporoča, naj stopijo skupaj in se ne prepirajo in
            pravočasno organizirajo dogodke. »Nekateri namreč z veseljem pridejo, a se nikoli več ne vrnejo,« pravi
            Ivica, ki upa, da se bodo barovci v kratkem spravili v red.
        </article-text-transliterated>
    </article>
    <comments>
        <comments-count>0</comments-count>
        <comment-list/>
    </comments>
</document>