<document global-id="si-02-1400">
    <url>https://www.slovenskenovice.si/crni-scenarij/doma/clanek/ko-se-je-vrnil-domov-je-zeno-nasel-mrtvo-v-drvarnici
    </url>
    <source-id>si-02</source-id>
    <local-id>1400</local-id>
    <source-name>Slovenske_novice</source-name>
    <article>
        <article-title>Ko se je vrnil domov, je ženo našel mrtvo v drvarnici</article-title>
        <article-title-transliterated>Ko se je vrnil domov, je ženo našel mrtvo v drvarnici
        </article-title-transliterated>
        <article-time>2017-02-18</article-time>
        <article-author>Aleksander Brudar</article-author>
        <article-text>Vdovec Ogrizek je bil v preiskavi, ker naj bi se Marija zaradi njega obesila. GAČNIK – »Žena se ni
            ubila zaradi mene, ampak zaradi bolezni in alkohola.« Tako nam je po več kot dveh letih od samomora 73-letne
            Marije Ogrizek povedal 82-letni vdovec Rajmund Ogrizek iz Gačnika pri Pesnici na Štajerskem. Polni dve leti,
            kot nam je povedal, se je pred organi pregona trudil dokazati, da ni storil kaznivega dejanja napeljevanja k
            samomoru ali pomoči pri samomoru po četrtem odstavku 120. člena kazenskega zakonika. Da ni bil on tisti, ki
            je ženo prisilil v to, da si je vzela življenje. Med preiskavo na mariborskem okrožnem sodišču se je moralo
            zvrstiti več prič, ki pa niso potrdile, da je Rajmund z Marijo surovo in nečloveško ravnal. Brez dokazov je
            tožilka odstopila od pregona, preiskavo je septembra ustavila tudi mariborska preiskovalna sodnica.
            Bolezen in alkohol
            Rajmundu se je odvalil kamen od srca, saj je bil zaradi ženine smrti žrtev zlobnih jezikov. Govorice so še
            podžgali obiski policije na naslovu zakoncev. Po podatkih, ki so nam jih posredovali s PU Maribor, je
            policija nazadnje posredovala celo dan pred Marijinim samomorom, »ko je osumljeni izvajal nasilje«. Tisto
            noč so mu izdali plačilni nalog po zakonu o varstvu javnega reda in miru. »Pred tem smo na tem naslovu
            intervenirali maja letos in enkrat v letu 2013. V navedenih dveh primerih je oškodovanka osumljenega
            razbremenila navedb v predhodnih prijavah, zaradi česar policija zoper njega ni ukrepala,« so razložili na
            policiji.
            Kaj se je dogajalo za štirimi stenami na naslovu Gačnik 6, sta dobro vedela le zakonca. Rajmund, pri katerem
            smo se oglasili nekaj dni po tragičnem dogodku, ki se je zgodil 10. oktobra 2014, nam je razlagal, da sta se
            z ženo, s katero sta bila poročena 50 let, velikokrat prepirala zaradi alkohola, ki ga je v velikih
            količinah uživala, odkar je zbolela za rakom. »Marica, ne uživaj alkohola in tablet skupaj. Zaradi tega sva
            se tri leta prepirala in zato je policija večkrat posredovala,« nam je razložil Rajmund in dodal, da sta se
            velikokrat sprla. Ko smo ga vprašali, ali je bil kdaj nasilen do nje, je odgovoril, da je le večkrat
            povzdignil glas, saj ga Marija, ki je ponoči večkrat tožila zaradi bolečin, ni hotela poslušati. »Nisem je
            tepel, bil pa sem razburjen, saj sem trpel, ko je jamrala zaradi bolečin. Rad bi ji pomagal, a ni dovolila.«
            Večkrat naj bi grozila, da bo bolečinam naredila konec in ne bo več trpela.

            Kuhala mu je le riž

            O Rajmundu Ogrizku smo v Slovenskih novicah pisali tudi slabo leto po samomoru njegove žene. Ker je bil
            osamljen in ni znal kuhati, je prek oglasnika našel 30-letno Mariborčanko, ki ji je v zameno za to, da mu
            kuha in pere ter plačuje vodo in elektriko (približno 80 evrov), brez vsakršne najemnine odstopil del
            zgornjega nadstropja hiše s kopalnico in kuhinjo. Počilo je že prvi teden. »Skuhala je velik lonec goveje
            juhe in bila očitno prepričana, da bom tisto župo jedel ves teden, za zajtrk, kosilo in še za večerjo!« je
            začelo brbotati v Rajmundu. »In ko sem ji po treh dneh, ko mi je župa že skozi ušesa špricala, rekel, da je
            pač ne morem več jesti, mi je skuhala le riž na vodi in si najbrž spet mislila, da bom ta riž ves teden
            žulil!« Potem, pravi, je dobil še za zvrhan pisker makaronov. Mariborčanka je na očitke odgovorila, da se
            vedno prilagaja drugim in da je bila vselej tiho. »Toda neke stvari imajo pač določene meje, kajne?« mu je
            odgovorila. »Nagnal te bom!« ji je zagrozil Rajmund. Najemodajalka mu ni ostala dolžna: »Jaz pa ti povem, da
            me po prvem avgustu ne bo več pri tebi!« Gospa se je izselila in gospod je spet ostal sam. 
             
            Našel jo je  v drvarnici
            Takrat nam je pokazal vrečo, polno tablet, ki jih je morala jemati. »Glejte, koliko je teh tablet. Zjutraj
            jih je morala vzeti osem in še popoldne osem, torej 16 na dan. Rekla je, da ji ne pomagajo, ker se je telo
            navadilo nanje, in če je malo fajhtna, ne čuti bolečin,« se spominja. Ker ni mogel več zdržati, jo je že
            dvakrat zapustil in se vrnil, a se je stanje doma spet začelo slabšati. Govorice, da je ni hotel spustiti
            izpred oči in da brez njegovega dovoljenja nikamor ni smela iti, niti do sosedov, zavrača. Pravi, da je
            moral vseskozi paziti nanjo, saj se je bal, da bo uresničila grožnjo s samomorom.
            Rajmund nam je podrobno opisal zadnji teden, ki ga je preživel z ženo. Od ponedeljka do četrtka jo je vozil
            k zdravniku na ultrazvok, v četrtek pa sta se sporekla, saj da ga je žalila, ko je po telefonu govorila s
            sorodniki. »Z roko sem udaril po telefonu,« pravi in nadaljuje, da je šel v petek v bolnišnico. Od tam je
            poklical ženo in ji sporočil, da se bo zadržal nekoliko dlje. »Vse je bilo v redu in mi je odgovarjala,«
            pravi ter dodaja, da jo je še enkrat klical, a tedaj je bila že nedosegljiva. Ko se je vrnil domov, je
            Marijo našel obešeno v drvarnici. Z nožem je najprej odrezal vrv in se, kot nam pokaže, urezal v prst. Hotel
            jo je oživiti z umetnim dihanjem, a je bilo žal prepozno.
            Rajmund trdi, da ni bil slab mož in da je tudi ves denar, ki ga je zaslužil z delom na železnicah, porabil
            za hišo, hlev in nakup zemlje. Ob vsem ga še danes boli, ker na ženin pogreb ni prišel nihče izmed njenih
            sorodnikov.
        </article-text>
        <article-text-transliterated>Vdovec Ogrizek je bil v preiskavi, ker naj bi se Marija zaradi njega obesila.
            GAČNIK – »Žena se ni ubila zaradi mene, ampak zaradi bolezni in alkohola.« Tako nam je po več kot dveh letih
            od samomora 73-letne Marije Ogrizek povedal 82-letni vdovec Rajmund Ogrizek iz Gačnika pri Pesnici na
            Štajerskem. Polni dve leti, kot nam je povedal, se je pred organi pregona trudil dokazati, da ni storil
            kaznivega dejanja napeljevanja k samomoru ali pomoči pri samomoru po četrtem odstavku 120. člena kazenskega
            zakonika. Da ni bil on tisti, ki je ženo prisilil v to, da si je vzela življenje. Med preiskavo na
            mariborskem okrožnem sodišču se je moralo zvrstiti več prič, ki pa niso potrdile, da je Rajmund z Marijo
            surovo in nečloveško ravnal. Brez dokazov je tožilka odstopila od pregona, preiskavo je septembra ustavila
            tudi mariborska preiskovalna sodnica.
            Bolezen in alkohol
            Rajmundu se je odvalil kamen od srca, saj je bil zaradi ženine smrti žrtev zlobnih jezikov. Govorice so še
            podžgali obiski policije na naslovu zakoncev. Po podatkih, ki so nam jih posredovali s PU Maribor, je
            policija nazadnje posredovala celo dan pred Marijinim samomorom, »ko je osumljeni izvajal nasilje«. Tisto
            noč so mu izdali plačilni nalog po zakonu o varstvu javnega reda in miru. »Pred tem smo na tem naslovu
            intervenirali maja letos in enkrat v letu 2013. V navedenih dveh primerih je oškodovanka osumljenega
            razbremenila navedb v predhodnih prijavah, zaradi česar policija zoper njega ni ukrepala,« so razložili na
            policiji.
            Kaj se je dogajalo za štirimi stenami na naslovu Gačnik 6, sta dobro vedela le zakonca. Rajmund, pri katerem
            smo se oglasili nekaj dni po tragičnem dogodku, ki se je zgodil 10. oktobra 2014, nam je razlagal, da sta se
            z ženo, s katero sta bila poročena 50 let, velikokrat prepirala zaradi alkohola, ki ga je v velikih
            količinah uživala, odkar je zbolela za rakom. »Marica, ne uživaj alkohola in tablet skupaj. Zaradi tega sva
            se tri leta prepirala in zato je policija večkrat posredovala,« nam je razložil Rajmund in dodal, da sta se
            velikokrat sprla. Ko smo ga vprašali, ali je bil kdaj nasilen do nje, je odgovoril, da je le večkrat
            povzdignil glas, saj ga Marija, ki je ponoči večkrat tožila zaradi bolečin, ni hotela poslušati. »Nisem je
            tepel, bil pa sem razburjen, saj sem trpel, ko je jamrala zaradi bolečin. Rad bi ji pomagal, a ni dovolila.«
            Večkrat naj bi grozila, da bo bolečinam naredila konec in ne bo več trpela.

            Kuhala mu je le riž

            O Rajmundu Ogrizku smo v Slovenskih novicah pisali tudi slabo leto po samomoru njegove žene. Ker je bil
            osamljen in ni znal kuhati, je prek oglasnika našel 30-letno Mariborčanko, ki ji je v zameno za to, da mu
            kuha in pere ter plačuje vodo in elektriko (približno 80 evrov), brez vsakršne najemnine odstopil del
            zgornjega nadstropja hiše s kopalnico in kuhinjo. Počilo je že prvi teden. »Skuhala je velik lonec goveje
            juhe in bila očitno prepričana, da bom tisto župo jedel ves teden, za zajtrk, kosilo in še za večerjo!« je
            začelo brbotati v Rajmundu. »In ko sem ji po treh dneh, ko mi je župa že skozi ušesa špricala, rekel, da je
            pač ne morem več jesti, mi je skuhala le riž na vodi in si najbrž spet mislila, da bom ta riž ves teden
            žulil!« Potem, pravi, je dobil še za zvrhan pisker makaronov. Mariborčanka je na očitke odgovorila, da se
            vedno prilagaja drugim in da je bila vselej tiho. »Toda neke stvari imajo pač določene meje, kajne?« mu je
            odgovorila. »Nagnal te bom!« ji je zagrozil Rajmund. Najemodajalka mu ni ostala dolžna: »Jaz pa ti povem, da
            me po prvem avgustu ne bo več pri tebi!« Gospa se je izselila in gospod je spet ostal sam. 
             
            Našel jo je  v drvarnici
            Takrat nam je pokazal vrečo, polno tablet, ki jih je morala jemati. »Glejte, koliko je teh tablet. Zjutraj
            jih je morala vzeti osem in še popoldne osem, torej 16 na dan. Rekla je, da ji ne pomagajo, ker se je telo
            navadilo nanje, in če je malo fajhtna, ne čuti bolečin,« se spominja. Ker ni mogel več zdržati, jo je že
            dvakrat zapustil in se vrnil, a se je stanje doma spet začelo slabšati. Govorice, da je ni hotel spustiti
            izpred oči in da brez njegovega dovoljenja nikamor ni smela iti, niti do sosedov, zavrača. Pravi, da je
            moral vseskozi paziti nanjo, saj se je bal, da bo uresničila grožnjo s samomorom.
            Rajmund nam je podrobno opisal zadnji teden, ki ga je preživel z ženo. Od ponedeljka do četrtka jo je vozil
            k zdravniku na ultrazvok, v četrtek pa sta se sporekla, saj da ga je žalila, ko je po telefonu govorila s
            sorodniki. »Z roko sem udaril po telefonu,« pravi in nadaljuje, da je šel v petek v bolnišnico. Od tam je
            poklical ženo in ji sporočil, da se bo zadržal nekoliko dlje. »Vse je bilo v redu in mi je odgovarjala,«
            pravi ter dodaja, da jo je še enkrat klical, a tedaj je bila že nedosegljiva. Ko se je vrnil domov, je
            Marijo našel obešeno v drvarnici. Z nožem je najprej odrezal vrv in se, kot nam pokaže, urezal v prst. Hotel
            jo je oživiti z umetnim dihanjem, a je bilo žal prepozno.
            Rajmund trdi, da ni bil slab mož in da je tudi ves denar, ki ga je zaslužil z delom na železnicah, porabil
            za hišo, hlev in nakup zemlje. Ob vsem ga še danes boli, ker na ženin pogreb ni prišel nihče izmed njenih
            sorodnikov.
        </article-text-transliterated>
    </article>
    <comments>
        <comments-count>0</comments-count>
        <comment-list/>
    </comments>
</document>