<document global-id="si-02-1117">
    <url>https://www.slovenskenovice.si/novice/slovenija/clanek/iscete-sluzbo-je-seznam-prostih-delovnih-mest</url>
    <source-id>si-02</source-id>
    <local-id>1117</local-id>
    <source-name>Slovenske_novice</source-name>
    <article>
        <article-title>Iščete službo? To je seznam prostih delovnih mest</article-title>
        <article-title-transliterated>Iščete službo? To je seznam prostih delovnih mest</article-title-transliterated>
        <article-time>2015-09-25</article-time>
        <article-author>E. C.</article-author>
        <article-text>Na voljo je 21 delovnih mest. Pohitite s prijavami!. LJUBLJANA – Ministrstvo za javno upravo je
            objavilo seznam 21 prostih delovnih mest. Iščejo: tri svetovalce, dve perici, pet kuharjev, ekonoma IV – za
            prehrano, vzdrževalca, tri socialne delavce, finančnika, sistemskega administratorja, koordinatorja in
            finančnika.
            Pri prvih šestih naštetih službah so skupni pogoji: državljanstvo Republike Slovenije, kandidati ne smejo
            biti pravnomočno obsojeni zaradi naklepnega kaznivega dejanja, ki se preganja po uradni dolžnosti, in ne
            smejo biti obsojeni na nepogojno kazen zapora v trajanju več kot šest mesecev ter zoper njih ne sme biti
            vložena pravnomočna obtožnica zaradi naklepnega kaznivega dajanja, ki se preganja po uradni dolžnosti.
            Za prvih šest delovnih mest bodo z izbranim kandidatom sklenili pogodbo o zaposlitvi za določen čas, za čas
            izvajanja kontingentnega načrta Republike Slovenije za zagotovitev nastanitve in oskrbe v primeru povečanja
            prosilcev za mednarodno zaščito, vendar največ za obdobje dveh let. Pri vseh ostalih je navedena
            zaposlitvena doba.
            Za ostale poklice pa so pogoji in delovna doba navedeni za vsakega posebej.
            Pogoji za svetovalca v Direktoratu za upravne notranje zadeve, migracije in naturalizacijo, Uradu za
            migracije, Sektorju za nastanitev, oskrbo in integracijo:
            – najmanj visokošolsko strokovno izobraževanje (prejšnje)/visokošolska strokovna izobrazba (prejšnja),
            visokošolsko strokovno izobraževanje (prva bolonjska stopnja)/visokošolska strokovna izobrazba (prva
            bolonjska stopnja) ali visokošolsko univerzitetno izobraževanje (prva bolonjska stopnja)/visokošolska
            univerzitetna izobrazba (prva bolonjska stopnja),
            – 7 mesecev delovnih izkušenj,
            – strokovni izpit iz upravnega postopka (izbrani kandidat ga mora opraviti najkasneje v treh mesecih od
            sklenitve delovnega razmerja),
            – opravljeno osnovno usposabljanje za obravnavo in varovanje tajnih podatkov (kandidat ga lahko opravi v
            okviru izbirnega postopka).
            Pogoji za pomožnega delavca II – kuhinjski pomočnik (26967) v Sekretariatu, Uradu za logistiko, Službi za
            nastanitev in prehrano, Oddelku za prehrano:
            – osnovnošolsko izobraževanje višje stopnje/osnovnošolska izobrazba,
            – znanje o higieni živil in načelih sistema HACCP.
            Pogoji za perico II (26968) v Sekretariatu, Uradu za logistiko, Službi za investicije, vzdrževanje in
            upravljanje zgradb, Oddelku za redno vzdrževanje in upravljanje:
            – osnovnošolsko izobraževanje višje stopnje/osnovnošolska izobrazba.
            Pogoji za kuharja IV (26965) v Sekretariatu, Uradu za logistiko, Službi za nastanitev in prehrano, Oddelku
            za prehrano:
            – srednje poklicno izobraževanje/srednja poklicna izobrazba smeri: živilska tehnologija ali hotelirstvo in
            gostinstvo,
            – 4 mesece delovnih izkušenj,
            – znanje o higieni živil in načelih sistema HACCP.
            Pogoji za ekonoma IV – za prehrano (26966) v Sekretariatu, Uradu za logistiko, Službi za nastanitev in
            prehrano, Oddelku za prehrano:
            – srednje poklicno izobraževanje/srednja poklicna izobrazba,
            – 4 mesece delovnih izkušenj,
            – znanje o higieni živil in načelih HACCP sistema.
            Pogoji za vzdrževalca IV - II (26969) v Sekretariatu, Uradu za logistiko, Službi za investicije, vzdrževanje
            in upravljanje zgradb, Oddelku za redno vzdrževanje in upravljanje:
            – srednje poklicno izobraževanje/srednja poklicna izobrazba,
            – 4 mesece delovnih izkušenj,
            – dovoljenje za dostop do tajnih podatkov stopnje tajno (kandidat ga lahko pridobi v okviru izbirnega
            postopka).
            Pogoji za socialnega delavca VII/2 (26172) v Direktoratu za upravne notranje zadeve, migracije in
            naturalizacijo, Uradu za migracije, Sektorju za nastanitev, oskrbo in integracijo:
            – najmanj visokošolsko strokovno izobraževanje (prejšnje)/visokošolska strokovna izobrazba (prejšnja),
            visokošolsko strokovno izobraževanje (prva bolonjska stopnja)/visokošolska strokovna izobrazba (prva
            bolonjska stopnja) ali visokošolsko univerzitetno izobraževanje (prva bolonjska stopnja)/visokošolska
            univerzitetna izobrazba (prva bolonjska stopnja) – družbene vede, izobraževalne vede in izobraževanje
            učiteljev, humanistika, socialno delo,
            – 1 leto delovnih izkušenj,
            – osnovna raven znanja tujega jezika,
            – opravljeno osnovno usposabljanje za obravnavo in varovanje tajnih podatkov (kandidat ga lahko opravi v
            okviru izbirnega postopka).
            Z izbranimi kandidati bo sklenjena pogodba o zaposlitvi za določen čas, za čas izvajanja kontingentnega
            načrta Republike Slovenije za zagotovitev obravnave in oskrbe v primeru povečanja števila migrantov, vendar
            največ za obdobje dveh let, s polnim delovnim časom
            Pogoji za finančnika VII/2-II, v Oddelku za okolje in prostor, kmetijstvo, občo upravo in gospodarstvo:
            – najmanj visokošolsko strokovno izobraževanje (prejšnje) / visokošolska strokovna izobrazba (prva bolonjska
            stopnja),
            – najmanj 3 leta delovnih izkušenj.
            Z izbranim kandidatom bomo sklenil pogodbo o zaposlitvi za določen čas s polnim delovnim časom. Izbrani
            kandidat bo delo  opravljal v poslovnih prostorih Upravne enote Ribnica, Gorenjska cesta 9, 1310 Ribnica.
            Pogoji za sistemskega administratorja VII/1 – pripravnik v Direktoratu za informatiko, Sektorju za
            upravljanje s podatki, Oddelku za sistemsko urejanje:
            – najmanj visokošolsko strokovno izobraževanje (prejšnje)/visokošolska strokovna izobrazba (prejšnja), smer
            poslovne in upravne vede oziroma smer računalništvo, najmanj visokošolsko strokovno izobraževanje (prva
            bolonjska stopnja)/visokošolska strokovna izobrazba (prva bolonjska stopnja), najmanj visokošolsko
            univerzitetno izobraževanje (prva bolonjska stopnja)/visokošolska univerzitetna izobrazba (prva bolonjska
            stopnja).
            Z izbranim kandidatom bo sklenjeno delovno razmerje za določen čas 8 mesecev, za čas opravljanja
            pripravništva, s polnim delovnim časom.
            Pogoji za koordinatorja VII/1  v Generalnem sekretariatu, Splošni službi, Glavni pisarni:
            – visokošolsko strokovno izobraževanje (prejšnje)/visokošolska strokovna izobrazba (prejšnja) ali
            visokošolsko strokovno izobraževanje (prva bolonjska stopnja)/visokošolska strokovna izobrazba (prva
            bolonjska stopnja) ali visokošolsko univerzitetno izobraževanje (prva bolonjska stopnja)/visokošolska
            univerzitetna izobrazba (prva bolonjska stopnja),
            – najmanj 8 mesecev delovnih izkušenj.
            Z izbranim kandidatom bomo sklenili delovno razmerje za določen čas za čas trajanja Projekta izvršitve sodbe
            Evropskega sodišča za človekove pravice v zadevi števila 60642/08 oziroma najdlje do 30. 6. 2018, s poskusno
            dobo 3 mesece in polnim delovnim časom.
            Pogoji finančnika VII/1 v Finančnem sektorju:
            – visokošolsko strokovno izobraževanje (prejšnje)/visokošolska strokovna izobrazba (prejšnja) ali
            visokošolsko strokovno izobraževanje (prva bolonjska stopnja)/visokošolska strokovna izobrazba (prva
            bolonjska stopnja) ali visokošolsko univerzitetno izobraževanje (prva bolonjska stopnja)/visokošolska
            univerzitetna izobrazba (prva bolonjska stopnja);
            – 8 mesecev delovnih izkušenj.
            Z izbranim kandidatom bomo sklenili delovno razmerje za nedoločen čas, s polnim delovnim časom in 3-mesečnim
            poskusnim delom.
        </article-text>
        <article-text-transliterated>Na voljo je 21 delovnih mest. Pohitite s prijavami!. LJUBLJANA – Ministrstvo za
            javno upravo je objavilo seznam 21 prostih delovnih mest. Iščejo: tri svetovalce, dve perici, pet kuharjev,
            ekonoma IV – za prehrano, vzdrževalca, tri socialne delavce, finančnika, sistemskega administratorja,
            koordinatorja in finančnika.
            Pri prvih šestih naštetih službah so skupni pogoji: državljanstvo Republike Slovenije, kandidati ne smejo
            biti pravnomočno obsojeni zaradi naklepnega kaznivega dejanja, ki se preganja po uradni dolžnosti, in ne
            smejo biti obsojeni na nepogojno kazen zapora v trajanju več kot šest mesecev ter zoper njih ne sme biti
            vložena pravnomočna obtožnica zaradi naklepnega kaznivega dajanja, ki se preganja po uradni dolžnosti.
            Za prvih šest delovnih mest bodo z izbranim kandidatom sklenili pogodbo o zaposlitvi za določen čas, za čas
            izvajanja kontingentnega načrta Republike Slovenije za zagotovitev nastanitve in oskrbe v primeru povečanja
            prosilcev za mednarodno zaščito, vendar največ za obdobje dveh let. Pri vseh ostalih je navedena
            zaposlitvena doba.
            Za ostale poklice pa so pogoji in delovna doba navedeni za vsakega posebej.
            Pogoji za svetovalca v Direktoratu za upravne notranje zadeve, migracije in naturalizacijo, Uradu za
            migracije, Sektorju za nastanitev, oskrbo in integracijo:
            – najmanj visokošolsko strokovno izobraževanje (prejšnje)/visokošolska strokovna izobrazba (prejšnja),
            visokošolsko strokovno izobraževanje (prva bolonjska stopnja)/visokošolska strokovna izobrazba (prva
            bolonjska stopnja) ali visokošolsko univerzitetno izobraževanje (prva bolonjska stopnja)/visokošolska
            univerzitetna izobrazba (prva bolonjska stopnja),
            – 7 mesecev delovnih izkušenj,
            – strokovni izpit iz upravnega postopka (izbrani kandidat ga mora opraviti najkasneje v treh mesecih od
            sklenitve delovnega razmerja),
            – opravljeno osnovno usposabljanje za obravnavo in varovanje tajnih podatkov (kandidat ga lahko opravi v
            okviru izbirnega postopka).
            Pogoji za pomožnega delavca II – kuhinjski pomočnik (26967) v Sekretariatu, Uradu za logistiko, Službi za
            nastanitev in prehrano, Oddelku za prehrano:
            – osnovnošolsko izobraževanje višje stopnje/osnovnošolska izobrazba,
            – znanje o higieni živil in načelih sistema HACCP.
            Pogoji za perico II (26968) v Sekretariatu, Uradu za logistiko, Službi za investicije, vzdrževanje in
            upravljanje zgradb, Oddelku za redno vzdrževanje in upravljanje:
            – osnovnošolsko izobraževanje višje stopnje/osnovnošolska izobrazba.
            Pogoji za kuharja IV (26965) v Sekretariatu, Uradu za logistiko, Službi za nastanitev in prehrano, Oddelku
            za prehrano:
            – srednje poklicno izobraževanje/srednja poklicna izobrazba smeri: živilska tehnologija ali hotelirstvo in
            gostinstvo,
            – 4 mesece delovnih izkušenj,
            – znanje o higieni živil in načelih sistema HACCP.
            Pogoji za ekonoma IV – za prehrano (26966) v Sekretariatu, Uradu za logistiko, Službi za nastanitev in
            prehrano, Oddelku za prehrano:
            – srednje poklicno izobraževanje/srednja poklicna izobrazba,
            – 4 mesece delovnih izkušenj,
            – znanje o higieni živil in načelih HACCP sistema.
            Pogoji za vzdrževalca IV - II (26969) v Sekretariatu, Uradu za logistiko, Službi za investicije, vzdrževanje
            in upravljanje zgradb, Oddelku za redno vzdrževanje in upravljanje:
            – srednje poklicno izobraževanje/srednja poklicna izobrazba,
            – 4 mesece delovnih izkušenj,
            – dovoljenje za dostop do tajnih podatkov stopnje tajno (kandidat ga lahko pridobi v okviru izbirnega
            postopka).
            Pogoji za socialnega delavca VII/2 (26172) v Direktoratu za upravne notranje zadeve, migracije in
            naturalizacijo, Uradu za migracije, Sektorju za nastanitev, oskrbo in integracijo:
            – najmanj visokošolsko strokovno izobraževanje (prejšnje)/visokošolska strokovna izobrazba (prejšnja),
            visokošolsko strokovno izobraževanje (prva bolonjska stopnja)/visokošolska strokovna izobrazba (prva
            bolonjska stopnja) ali visokošolsko univerzitetno izobraževanje (prva bolonjska stopnja)/visokošolska
            univerzitetna izobrazba (prva bolonjska stopnja) – družbene vede, izobraževalne vede in izobraževanje
            učiteljev, humanistika, socialno delo,
            – 1 leto delovnih izkušenj,
            – osnovna raven znanja tujega jezika,
            – opravljeno osnovno usposabljanje za obravnavo in varovanje tajnih podatkov (kandidat ga lahko opravi v
            okviru izbirnega postopka).
            Z izbranimi kandidati bo sklenjena pogodba o zaposlitvi za določen čas, za čas izvajanja kontingentnega
            načrta Republike Slovenije za zagotovitev obravnave in oskrbe v primeru povečanja števila migrantov, vendar
            največ za obdobje dveh let, s polnim delovnim časom
            Pogoji za finančnika VII/2-II, v Oddelku za okolje in prostor, kmetijstvo, občo upravo in gospodarstvo:
            – najmanj visokošolsko strokovno izobraževanje (prejšnje) / visokošolska strokovna izobrazba (prva bolonjska
            stopnja),
            – najmanj 3 leta delovnih izkušenj.
            Z izbranim kandidatom bomo sklenil pogodbo o zaposlitvi za določen čas s polnim delovnim časom. Izbrani
            kandidat bo delo  opravljal v poslovnih prostorih Upravne enote Ribnica, Gorenjska cesta 9, 1310 Ribnica.
            Pogoji za sistemskega administratorja VII/1 – pripravnik v Direktoratu za informatiko, Sektorju za
            upravljanje s podatki, Oddelku za sistemsko urejanje:
            – najmanj visokošolsko strokovno izobraževanje (prejšnje)/visokošolska strokovna izobrazba (prejšnja), smer
            poslovne in upravne vede oziroma smer računalništvo, najmanj visokošolsko strokovno izobraževanje (prva
            bolonjska stopnja)/visokošolska strokovna izobrazba (prva bolonjska stopnja), najmanj visokošolsko
            univerzitetno izobraževanje (prva bolonjska stopnja)/visokošolska univerzitetna izobrazba (prva bolonjska
            stopnja).
            Z izbranim kandidatom bo sklenjeno delovno razmerje za določen čas 8 mesecev, za čas opravljanja
            pripravništva, s polnim delovnim časom.
            Pogoji za koordinatorja VII/1  v Generalnem sekretariatu, Splošni službi, Glavni pisarni:
            – visokošolsko strokovno izobraževanje (prejšnje)/visokošolska strokovna izobrazba (prejšnja) ali
            visokošolsko strokovno izobraževanje (prva bolonjska stopnja)/visokošolska strokovna izobrazba (prva
            bolonjska stopnja) ali visokošolsko univerzitetno izobraževanje (prva bolonjska stopnja)/visokošolska
            univerzitetna izobrazba (prva bolonjska stopnja),
            – najmanj 8 mesecev delovnih izkušenj.
            Z izbranim kandidatom bomo sklenili delovno razmerje za določen čas za čas trajanja Projekta izvršitve sodbe
            Evropskega sodišča za človekove pravice v zadevi števila 60642/08 oziroma najdlje do 30. 6. 2018, s poskusno
            dobo 3 mesece in polnim delovnim časom.
            Pogoji finančnika VII/1 v Finančnem sektorju:
            – visokošolsko strokovno izobraževanje (prejšnje)/visokošolska strokovna izobrazba (prejšnja) ali
            visokošolsko strokovno izobraževanje (prva bolonjska stopnja)/visokošolska strokovna izobrazba (prva
            bolonjska stopnja) ali visokošolsko univerzitetno izobraževanje (prva bolonjska stopnja)/visokošolska
            univerzitetna izobrazba (prva bolonjska stopnja);
            – 8 mesecev delovnih izkušenj.
            Z izbranim kandidatom bomo sklenili delovno razmerje za nedoločen čas, s polnim delovnim časom in 3-mesečnim
            poskusnim delom.
        </article-text-transliterated>
    </article>
    <comments>
        <comments-count>0</comments-count>
        <comment-list/>
    </comments>
</document>