<document global-id="si-02-118">
    <url>https://www.slovenskenovice.si/novice/slovenija/clanek/avstrijci-stisnili-meje-tujce-vrnili-sloveniji</url>
    <source-id>si-02</source-id>
    <local-id>118</local-id>
    <source-name>Slovenske_novice</source-name>
    <article>
        <article-title>Avstrijci stisnili meje: tujce vrnili Sloveniji</article-title>
        <article-title-transliterated>Avstrijci stisnili meje: tujce vrnili Sloveniji</article-title-transliterated>
        <article-time>2015-12-29</article-time>
        <article-author>STA, T. L.</article-author>
        <article-text>Zaradi večje ogroženosti so naši severni sosedje začeli doslednejšo registracijo migrantov.
            LJUBLJANA – Avstrijci so zaradi povečane stopnje ogroženosti začeli doslednejšo registracijo migrantov, tako
            na Karavankah s tolmači od sobote izvajajo tudi jezikovni nadzor. Do danes zjutraj so zavrnili skupno 413
            tujcev, za katere so s tolmači ugotovili, da lažejo, iz katerih držav prihajajo. Kot so pojasnili na
            policiji, so avstrijski varnostni organi na vstopno točko Karavanke/Rosenbash pripeljali več tolmačev, ki
            jezikovno preverjajo tujce. Z začetkom takšnega nadzora so v soboto začeli tudi zavračati prve skupine
            tujcev.
            Razlog zavrnitev torej ni v tem, da prihajajo iz varnih držav oziroma z nevojnih območjih, so navedli na
            policiji in dodali, da Avstrija tako sprejema tudi državljane Maroka, Alžirije, Irana in druge.
            Zavrnjene nameščajo v Postojno
            Slovenska stran po navedbah policije vse zavrnjene tujce namešča v Center za tujce v Postojni. Po ponovni
            registraciji, pri kateri pogodbeno sodelujejo tudi prevajalci, so včeraj avstrijskim varnostnim organom
            uspešno predali 91 tujcev, ki so bili prej zavrnjeni, trenutno pa je na poti v Avstrijo še 100 tujcev, ki so
            bili v preteklih dneh zavrnjeni, so pojasnili na policiji.
            V Sloveniji govorijo resnico, v Avstriji lažejo
            Po njihovih navedbah pri ponovni registraciji v Sloveniji tujci praviloma povedo pravo državljanstvo, ko pa
            jih pripeljejo pred avstrijske varnostne organe, svoje pravo poreklo ponovno skrivajo. Kot predvidevajo, to
            počnejo zaradi nadaljnjega zaprosila za mednarodno zaščito. Kot so še pojasnili na policiji, pri
            registraciji tujcev za ugotavljanje njihove identitete oziroma porekla uporabljajo dokaze, ki jih zberejo
            pri pregledu, zbranih obvestilih in s pomočjo tolmača, ki lahko glede na jezik ugotovi, s katerega območja
            tujec prihaja, saj je denimo alžirska arabščina povsem drugačna od sirijske.
            Spremembe v postopkih na meji so po njihovih navedbah povezane z napovedanimi zaostritvami mejne kontrole na
            evropski ravni. Kot so pojasnili, je komisija namreč 16. decembra predlagala spremembe zakonika o
            schengenskih mejah, kjer predlagajo spremembo člena, ki določa mejni nadzor. Sprememba se nanaša na mejni
            nadzor oseb, ki uživajo pravico do prostega gibanja, pri prehajanju zunanjih schengenskih meja.
            Mejni nadzor ob izstopu in vstopu bi vseboval preverjanje državljanstva osebe in potovalnih dokumentov,
            vključno s preverjanjem v schengenskem informacijskem sistemu, Interpolu in nacionalnih bazah podatkov
            policije, ter preverjanje, ali oseba ne ogroža notranje varnosti, javnega reda, mednarodnih odnosov ali
            javnega zdravja, so pojasnili.
            Poudarili so, da gre za predlog komisije, ki bo predmet razprave in usklajevanj na strokovnem in političnem
            nivoju EU. Slovenska policija ima po njihovih navedbah zadržek, saj to pomeni sistematičen nadzor vseh
            potnikov, ki prestopajo slovensko-hrvaško mejo. Tako bi morali torej sistematično nadzirati vse, ki v
            poletnih mesecih potujejo na poletni dopust na Hrvaško. Nedvomno bi takšen mejni nadzor daljšal čakalne
            dobe.
        </article-text>
        <article-text-transliterated>Zaradi večje ogroženosti so naši severni sosedje začeli doslednejšo registracijo
            migrantov. LJUBLJANA – Avstrijci so zaradi povečane stopnje ogroženosti začeli doslednejšo registracijo
            migrantov, tako na Karavankah s tolmači od sobote izvajajo tudi jezikovni nadzor. Do danes zjutraj so
            zavrnili skupno 413 tujcev, za katere so s tolmači ugotovili, da lažejo, iz katerih držav prihajajo. Kot so
            pojasnili na policiji, so avstrijski varnostni organi na vstopno točko Karavanke/Rosenbash pripeljali več
            tolmačev, ki jezikovno preverjajo tujce. Z začetkom takšnega nadzora so v soboto začeli tudi zavračati prve
            skupine tujcev.
            Razlog zavrnitev torej ni v tem, da prihajajo iz varnih držav oziroma z nevojnih območjih, so navedli na
            policiji in dodali, da Avstrija tako sprejema tudi državljane Maroka, Alžirije, Irana in druge.
            Zavrnjene nameščajo v Postojno
            Slovenska stran po navedbah policije vse zavrnjene tujce namešča v Center za tujce v Postojni. Po ponovni
            registraciji, pri kateri pogodbeno sodelujejo tudi prevajalci, so včeraj avstrijskim varnostnim organom
            uspešno predali 91 tujcev, ki so bili prej zavrnjeni, trenutno pa je na poti v Avstrijo še 100 tujcev, ki so
            bili v preteklih dneh zavrnjeni, so pojasnili na policiji.
            V Sloveniji govorijo resnico, v Avstriji lažejo
            Po njihovih navedbah pri ponovni registraciji v Sloveniji tujci praviloma povedo pravo državljanstvo, ko pa
            jih pripeljejo pred avstrijske varnostne organe, svoje pravo poreklo ponovno skrivajo. Kot predvidevajo, to
            počnejo zaradi nadaljnjega zaprosila za mednarodno zaščito. Kot so še pojasnili na policiji, pri
            registraciji tujcev za ugotavljanje njihove identitete oziroma porekla uporabljajo dokaze, ki jih zberejo
            pri pregledu, zbranih obvestilih in s pomočjo tolmača, ki lahko glede na jezik ugotovi, s katerega območja
            tujec prihaja, saj je denimo alžirska arabščina povsem drugačna od sirijske.
            Spremembe v postopkih na meji so po njihovih navedbah povezane z napovedanimi zaostritvami mejne kontrole na
            evropski ravni. Kot so pojasnili, je komisija namreč 16. decembra predlagala spremembe zakonika o
            schengenskih mejah, kjer predlagajo spremembo člena, ki določa mejni nadzor. Sprememba se nanaša na mejni
            nadzor oseb, ki uživajo pravico do prostega gibanja, pri prehajanju zunanjih schengenskih meja.
            Mejni nadzor ob izstopu in vstopu bi vseboval preverjanje državljanstva osebe in potovalnih dokumentov,
            vključno s preverjanjem v schengenskem informacijskem sistemu, Interpolu in nacionalnih bazah podatkov
            policije, ter preverjanje, ali oseba ne ogroža notranje varnosti, javnega reda, mednarodnih odnosov ali
            javnega zdravja, so pojasnili.
            Poudarili so, da gre za predlog komisije, ki bo predmet razprave in usklajevanj na strokovnem in političnem
            nivoju EU. Slovenska policija ima po njihovih navedbah zadržek, saj to pomeni sistematičen nadzor vseh
            potnikov, ki prestopajo slovensko-hrvaško mejo. Tako bi morali torej sistematično nadzirati vse, ki v
            poletnih mesecih potujejo na poletni dopust na Hrvaško. Nedvomno bi takšen mejni nadzor daljšal čakalne
            dobe.
        </article-text-transliterated>
    </article>
    <comments>
        <comments-count>0</comments-count>
        <comment-list/>
    </comments>
</document>