<document global-id="si-02-1345">
    <url>https://www.slovenskenovice.si/bulvar/domaci-trac/clanek/khm-mirela-si-je-postavila-diagnozo</url>
    <source-id>si-02</source-id>
    <local-id>1345</local-id>
    <source-name>Slovenske_novice</source-name>
    <article>
        <article-title>Khm, Mirela si je postavila diagnozo</article-title>
        <article-title-transliterated>Khm, Mirela si je postavila diagnozo</article-title-transliterated>
        <article-time>2016-05-05</article-time>
        <article-author>A. K.</article-author>
        <article-text>Dolenjka ne izključuje možnosti, da ima bipolarno motnjo. Mirela še vedno ne more pozabiti noči,
            ko je pod vplivom alkohola zapeljevala sotekmovalce, se slačila v masažni kadi, na koncu pa doživela živčni
            zlom. Jezična Dolenjka je rada v središču pozornosti, zato je pogovor nanesel na nihanje njenega
            razpoloženja.
            »Mogoče sem bipolarna oseba … Nikoli ne veš,« je Alenu zaupala Mirela, ki je celo priznala, da premišljuje o
            tem, da bi po prihodu domov poiskala pomoč psihologa. »Vem, da obstajajo v Sloveniji dobri zdravniki,« je
            dodala Mirela, ki bi strokovno pomoč najraje poiskala na Dolenjskem. Pri tem ji bo ob strani stal tudi Alen.
            »Če ga boš potrebovala, ti bom pomagal,« ji je odvrnil Alen.
            Za tiste, ki ne vedo natanko, kaj pomeni bipolarna motnja, pojasnjujemo, da gre za motnjo v delovanju
            možganov, ki povzroča nepredvidljiva nihanja razpoloženja.
        </article-text>
        <article-text-transliterated>Dolenjka ne izključuje možnosti, da ima bipolarno motnjo. Mirela še vedno ne more
            pozabiti noči, ko je pod vplivom alkohola zapeljevala sotekmovalce, se slačila v masažni kadi, na koncu pa
            doživela živčni zlom. Jezična Dolenjka je rada v središču pozornosti, zato je pogovor nanesel na nihanje
            njenega razpoloženja.
            »Mogoče sem bipolarna oseba … Nikoli ne veš,« je Alenu zaupala Mirela, ki je celo priznala, da premišljuje o
            tem, da bi po prihodu domov poiskala pomoč psihologa. »Vem, da obstajajo v Sloveniji dobri zdravniki,« je
            dodala Mirela, ki bi strokovno pomoč najraje poiskala na Dolenjskem. Pri tem ji bo ob strani stal tudi Alen.
            »Če ga boš potrebovala, ti bom pomagal,« ji je odvrnil Alen.
            Za tiste, ki ne vedo natanko, kaj pomeni bipolarna motnja, pojasnjujemo, da gre za motnjo v delovanju
            možganov, ki povzroča nepredvidljiva nihanja razpoloženja.
        </article-text-transliterated>
    </article>
    <comments>
        <comments-count>0</comments-count>
        <comment-list/>
    </comments>
</document>