<document global-id="si-02-1310">
    <url>https://www.slovenskenovice.si/bulvar/clanek/kate-ponosna-na-svoje-obline-tudi-gubice</url>
    <source-id>si-02</source-id>
    <local-id>1310</local-id>
    <source-name>Slovenske_novice</source-name>
    <article>
        <article-title>Kate ponosna na svoje obline in tudi gubice</article-title>
        <article-title-transliterated>Kate ponosna na svoje obline in tudi gubice</article-title-transliterated>
        <article-time>2015-08-04</article-time>
        <article-author>T. P.</article-author>
        <article-text>Igralka je v mladosti poslušala zlobne opazke zaradi teže in frizure. Življenje je veliko
            prekratko, da bi se obremenjevali z gubicami in maščobnimi blazinicami, kako lahko to popravimo in se bolj
            približamo prevladujočim lepotnim standardom. »Želim si le ostati zdrava in bistrega duha, biti zadovoljna
            in dobro nahranjena,« namreč pravi Kate Winslet, ravno prav zaobljena na pravih mestih, ki se je že davno
            nehala žreti zaradi medijskih naslovnic vsakokrat, ko je izgubila ali pridobila nekaj kilogramov. A vendar
            je do tega morala prehoditi dolgo pot, saj v mladosti ni niti enkrat slišala pozitivne opazke glede svojega
            telesa. Nasprotno, nanjo so letele zgolj boleče kritike.
            Za uspeh zahvala tudi mučiteljici iz šolskih klopi
            Najslajše maščevanje je vsekakor dobro, lepo življenje, skozi katero pluješ z visoko dvignjeno glavo. In
            medtem ko se lahko britanska igralka kot ena redkih izbrank iz sveta zabavne industrije pohvali z vsemi
            najbolj lesketajočimi se priznanji stroke – oskarjem, zlatim globusom, emmyjem in grammyjem –, so jo
            vrstniki v letih, ko je gulila šolske klopi, uporabljali kot boksarsko vrečo za svoje izpade zasmehovanja.
            »Zasmehovali in ustrahovali so me. Nisem bila namreč le malce debelušna, tudi moji lasje niso bili
            oblikovani v modno pričesko, na prevelikih stopalih pa sem vedno imela čevlje, ki niso bili v koraku s
            časom,« se spominja Winsletova, ki pa dobro ve, da se zadnji najslajše smeje. Devetdeseta so se namreč že
            bližala koncu, z megauspešnico Titanik se je zavihtela med smetano hollywoodskih veljakov, ko je v trgovini
            naletela na mučiteljico svojega otroštva. »V šoli je bila še posebno grozna do mene. Nato pa sem, leta
            pozneje, naletela nanjo, ko je delala za postrežnim pultom veleblagovnice. Stopila sem k njej in se ji
            zahvalila, da je bila takšna prasica, saj sem zaradi nje postala močna oseba.«
            Dekleta, bodite ponosna na svoje obline!
            Verjetno je bilo dovolj težko že, da se je morala ubadati z zlobnimi jeziki sošolcev. A žal opazke, zaradi
            katerih bi ob pogledu v ogledalo najraje zlezla sama vase, niso potihnile niti, ko je zadonel zvonec zadnje
            šolske ure. Namesto da bi ji ženske njene družine vcepljale dobro samopodobo in jo učile, da resnična lepota
            prihaja od znotraj, so jo tudi v pregovorno varnem zavetju družinskega kroga le bičali z eno kritiko za
            drugo. »Ko sem odraščala, nisem niti enkrat slišala pripombe, zaradi katere bi se lahko dobro počutila v
            svojem telesu. Nobena ženska v mojem otroštvu nikdar ni pohvalila mojega videza, poslušala sem le kritike.
            To pa lahko mladi ženski, dekletu, zada močan udarec, saj smo vzgajane tako, da ob vsaki pripombi začnemo
            natančno, že skoraj mikroskopsko pregledovati vsak delček sebe,« pravi Kate, ki pa je mladostne travme
            pustila daleč za sabo. Odločila se je dati dober zgled dekletom po svetu, še najbolj pa hčerki Mii. »Ko
            stojiva pred ogledalom, ji povem, da sva lahko srečni, da imava obline.« Četudi štirinajstletnica, ki je
            zvezdnici privekala na svet v zakonu z Jimom Threapletonom, ni edina, ki sliši Katin glas. Zrela lepotica,
            ki jih bo letos dopolnila 40, namreč že leta glasno zavrača hollywoodske diktate (pretirane, nezdrave)
            vitkosti, nasprotuje lepotni kirurgiji in vbrizgavanju botoksa, urednikom revij pa verjetno ne pade več na
            kraji pameti, da bi njene fotografije obdelali in ji računalniško odstranili kilograme ali pa začeli na
            dolgo in široko pisati o njenih prehranjevalnih navadah. »Šli so čez mejo. Nisem videti takšna in, še
            pomembneje, ne želim biti videti takšna. Stegna so mi naredili za vsaj tretjino vitkejša!« je namreč dejala
            pred dobrim desetletjem, ko se je leta 2003 nenadoma izjemno vitka pojavila na naslovnici revije GQ. Ta se
            je morala igralki zaradi poigravanja z njeno fotografijo nato javno opravičiti, v prihodnjih letih pa sta
            Katino ostrino izkusila tudi revija Grazia in tabloid Daily Mail. Zaradi opazk o njenih dietah in vadbenem
            režimu, ki pa naj bi bile iz trte izvite, ju je namreč udarila s tožbo.
        </article-text>
        <article-text-transliterated>Igralka je v mladosti poslušala zlobne opazke zaradi teže in frizure. Življenje je
            veliko prekratko, da bi se obremenjevali z gubicami in maščobnimi blazinicami, kako lahko to popravimo in se
            bolj približamo prevladujočim lepotnim standardom. »Želim si le ostati zdrava in bistrega duha, biti
            zadovoljna in dobro nahranjena,« namreč pravi Kate Winslet, ravno prav zaobljena na pravih mestih, ki se je
            že davno nehala žreti zaradi medijskih naslovnic vsakokrat, ko je izgubila ali pridobila nekaj kilogramov. A
            vendar je do tega morala prehoditi dolgo pot, saj v mladosti ni niti enkrat slišala pozitivne opazke glede
            svojega telesa. Nasprotno, nanjo so letele zgolj boleče kritike.
            Za uspeh zahvala tudi mučiteljici iz šolskih klopi
            Najslajše maščevanje je vsekakor dobro, lepo življenje, skozi katero pluješ z visoko dvignjeno glavo. In
            medtem ko se lahko britanska igralka kot ena redkih izbrank iz sveta zabavne industrije pohvali z vsemi
            najbolj lesketajočimi se priznanji stroke – oskarjem, zlatim globusom, emmyjem in grammyjem –, so jo
            vrstniki v letih, ko je gulila šolske klopi, uporabljali kot boksarsko vrečo za svoje izpade zasmehovanja.
            »Zasmehovali in ustrahovali so me. Nisem bila namreč le malce debelušna, tudi moji lasje niso bili
            oblikovani v modno pričesko, na prevelikih stopalih pa sem vedno imela čevlje, ki niso bili v koraku s
            časom,« se spominja Winsletova, ki pa dobro ve, da se zadnji najslajše smeje. Devetdeseta so se namreč že
            bližala koncu, z megauspešnico Titanik se je zavihtela med smetano hollywoodskih veljakov, ko je v trgovini
            naletela na mučiteljico svojega otroštva. »V šoli je bila še posebno grozna do mene. Nato pa sem, leta
            pozneje, naletela nanjo, ko je delala za postrežnim pultom veleblagovnice. Stopila sem k njej in se ji
            zahvalila, da je bila takšna prasica, saj sem zaradi nje postala močna oseba.«
            Dekleta, bodite ponosna na svoje obline!
            Verjetno je bilo dovolj težko že, da se je morala ubadati z zlobnimi jeziki sošolcev. A žal opazke, zaradi
            katerih bi ob pogledu v ogledalo najraje zlezla sama vase, niso potihnile niti, ko je zadonel zvonec zadnje
            šolske ure. Namesto da bi ji ženske njene družine vcepljale dobro samopodobo in jo učile, da resnična lepota
            prihaja od znotraj, so jo tudi v pregovorno varnem zavetju družinskega kroga le bičali z eno kritiko za
            drugo. »Ko sem odraščala, nisem niti enkrat slišala pripombe, zaradi katere bi se lahko dobro počutila v
            svojem telesu. Nobena ženska v mojem otroštvu nikdar ni pohvalila mojega videza, poslušala sem le kritike.
            To pa lahko mladi ženski, dekletu, zada močan udarec, saj smo vzgajane tako, da ob vsaki pripombi začnemo
            natančno, že skoraj mikroskopsko pregledovati vsak delček sebe,« pravi Kate, ki pa je mladostne travme
            pustila daleč za sabo. Odločila se je dati dober zgled dekletom po svetu, še najbolj pa hčerki Mii. »Ko
            stojiva pred ogledalom, ji povem, da sva lahko srečni, da imava obline.« Četudi štirinajstletnica, ki je
            zvezdnici privekala na svet v zakonu z Jimom Threapletonom, ni edina, ki sliši Katin glas. Zrela lepotica,
            ki jih bo letos dopolnila 40, namreč že leta glasno zavrača hollywoodske diktate (pretirane, nezdrave)
            vitkosti, nasprotuje lepotni kirurgiji in vbrizgavanju botoksa, urednikom revij pa verjetno ne pade več na
            kraji pameti, da bi njene fotografije obdelali in ji računalniško odstranili kilograme ali pa začeli na
            dolgo in široko pisati o njenih prehranjevalnih navadah. »Šli so čez mejo. Nisem videti takšna in, še
            pomembneje, ne želim biti videti takšna. Stegna so mi naredili za vsaj tretjino vitkejša!« je namreč dejala
            pred dobrim desetletjem, ko se je leta 2003 nenadoma izjemno vitka pojavila na naslovnici revije GQ. Ta se
            je morala igralki zaradi poigravanja z njeno fotografijo nato javno opravičiti, v prihodnjih letih pa sta
            Katino ostrino izkusila tudi revija Grazia in tabloid Daily Mail. Zaradi opazk o njenih dietah in vadbenem
            režimu, ki pa naj bi bile iz trte izvite, ju je namreč udarila s tožbo.
        </article-text-transliterated>
    </article>
    <comments>
        <comments-count>0</comments-count>
        <comment-list/>
    </comments>
</document>