<document global-id="si-02-1182">
    <url>https://www.slovenskenovice.si/bulvar/glasba/clanek/jerbas-glasbenih-spominov</url>
    <source-id>si-02</source-id>
    <local-id>1182</local-id>
    <source-name>Slovenske_novice</source-name>
    <article>
        <article-title>Jerbas glasbenih spominov</article-title>
        <article-title-transliterated>Jerbas glasbenih spominov</article-title-transliterated>
        <article-time>2016-01-06</article-time>
        <article-author>Mojca Marot</article-author>
        <article-text>Božični venček Ansambla Saša Avsenika in Silvestrski poljub Alfija Nipiča sta zadnjo adventno
            nedeljo dvignila na noge zbrane v telovadnici OŠ Poljane. Cvetje v jeseni je tako rekoč himna Poljanske
            doline in prav s to filmsko melodijo, ki je izzvenela v izvedbi Poljanskih orgličarjev, se je začela
            letošnja glasbena prireditev Jerbas domačih, ki sta jo tudi tokrat pripravili občina Gorenja vas - Poljane
            in Agencija Media butik.

            Glasba in humor

            Večer pa ni bil poln le glasbe, temveč tudi humorja, ljubezni do deklet in spominov na domovino ter domačih
            pesmi. Za ravno pravšnji odmerek humornih domislic sta poskrbela hudomušna Dolenjka Mama Manka (za njenim
            likom se skriva profesor slovenskega jezika in književnosti Sašo Đukić) ter domačin Ivan Dolenec iz
            Podobena.

            Glasba pa je bila v rokah glasbenikov. Iz Tuhinjske doline so se v Poljansko pripeljali v goste člani
            skupine Špica, iz Horjula so prišli Mladi godci, prvi del koncerta pa so sklenili priljubljeni domačini,
            člani ansambla Raubarji, ki so s skladbo z naslovom Ke se parjatli ukop naberema povedali vse. Da je
            najlepše, ko se zberejo prijatelji.

            Tradicija nekaj šteje

            Na tokratnem Jerbasu prijateljev glasbe res ni manjkalo, vsi pa so se spomnili letos preminulega velikana
            slovenske narodno-zabavne glasbe Slavka Avsenika. A niso obujali spominov le na njegovo zapuščino, ampak so
            se spomnili tudi besed, ki jih je namenil vnuku Sašu, ki s svojo zasedbo uspešno nadaljuje glasbeno pot in
            ohranja družinsko tradicijo. Zato ne preseneča, da so obiskovalci glasbenike iz Begunj pospremili na oder z
            bučnim aplavzom. Ansambel Saša Avsenika je v venček strnil nekaj božičnih pesmi, zatem pa se mu je na odru
            pridružil Alfi Nipič in ob spremljavi Avsenikov zapel Silvestrski poljub. Vsi v dvorani so vstali in tako
            Avsenikom kot Nipiču izrazili globoko spoštovanje.

            »Vesel in hvaležen sem za podporo občine in še zlasti obiskovalcev, ki vsako leto pridejo na Jerbas domačih,
            s čimer dokazujejo, da je ta prireditev v Poljanski dolini zelo priljubljena, zato bi bilo prav, da ostane.
            Naše misli so že usmerjene v prihodnje leto in prepričan sem, da bomo tudi drugo leto zadnjo adventno
            nedeljo uživali v bogatem glasbenem programu,« je ob koncu dejal Boštjan Avsec, direktor Agencije Media
            butik.
        </article-text>
        <article-text-transliterated>Božični venček Ansambla Saša Avsenika in Silvestrski poljub Alfija Nipiča sta
            zadnjo adventno nedeljo dvignila na noge zbrane v telovadnici OŠ Poljane. Cvetje v jeseni je tako rekoč
            himna Poljanske doline in prav s to filmsko melodijo, ki je izzvenela v izvedbi Poljanskih orgličarjev, se
            je začela letošnja glasbena prireditev Jerbas domačih, ki sta jo tudi tokrat pripravili občina Gorenja vas -
            Poljane in Agencija Media butik.

            Glasba in humor

            Večer pa ni bil poln le glasbe, temveč tudi humorja, ljubezni do deklet in spominov na domovino ter domačih
            pesmi. Za ravno pravšnji odmerek humornih domislic sta poskrbela hudomušna Dolenjka Mama Manka (za njenim
            likom se skriva profesor slovenskega jezika in književnosti Sašo Đukić) ter domačin Ivan Dolenec iz
            Podobena.

            Glasba pa je bila v rokah glasbenikov. Iz Tuhinjske doline so se v Poljansko pripeljali v goste člani
            skupine Špica, iz Horjula so prišli Mladi godci, prvi del koncerta pa so sklenili priljubljeni domačini,
            člani ansambla Raubarji, ki so s skladbo z naslovom Ke se parjatli ukop naberema povedali vse. Da je
            najlepše, ko se zberejo prijatelji.

            Tradicija nekaj šteje

            Na tokratnem Jerbasu prijateljev glasbe res ni manjkalo, vsi pa so se spomnili letos preminulega velikana
            slovenske narodno-zabavne glasbe Slavka Avsenika. A niso obujali spominov le na njegovo zapuščino, ampak so
            se spomnili tudi besed, ki jih je namenil vnuku Sašu, ki s svojo zasedbo uspešno nadaljuje glasbeno pot in
            ohranja družinsko tradicijo. Zato ne preseneča, da so obiskovalci glasbenike iz Begunj pospremili na oder z
            bučnim aplavzom. Ansambel Saša Avsenika je v venček strnil nekaj božičnih pesmi, zatem pa se mu je na odru
            pridružil Alfi Nipič in ob spremljavi Avsenikov zapel Silvestrski poljub. Vsi v dvorani so vstali in tako
            Avsenikom kot Nipiču izrazili globoko spoštovanje.

            »Vesel in hvaležen sem za podporo občine in še zlasti obiskovalcev, ki vsako leto pridejo na Jerbas domačih,
            s čimer dokazujejo, da je ta prireditev v Poljanski dolini zelo priljubljena, zato bi bilo prav, da ostane.
            Naše misli so že usmerjene v prihodnje leto in prepričan sem, da bomo tudi drugo leto zadnjo adventno
            nedeljo uživali v bogatem glasbenem programu,« je ob koncu dejal Boštjan Avsec, direktor Agencije Media
            butik.
        </article-text-transliterated>
    </article>
    <comments>
        <comments-count>0</comments-count>
        <comment-list/>
    </comments>
</document>