<document global-id="si-02-1104">
    <url>https://www.slovenskenovice.si/bulvar/domaci-trac/clanek/izpadli-kseniji-ni-zal-da-je-seksala-pred-kamerami
    </url>
    <source-id>si-02</source-id>
    <local-id>1104</local-id>
    <source-name>Slovenske_novice</source-name>
    <article>
        <article-title>Izpadli Kseniji ni žal, da je seksala pred kamerami</article-title>
        <article-title-transliterated>Izpadli Kseniji ni žal, da je seksala pred kamerami</article-title-transliterated>
        <article-time>2015-03-23</article-time>
        <article-author>P. Pa.</article-author>
        <article-text>»Kot že sami veste, sem si dala prsi operirati in sem nanje ponosna. Veliko truda sem vložila v
            to, da sem si to željo lahko uresničila,« je razkrila Ksenija. V petek je hišo Big Brother zapustila
            Ksenija, ki si jo bodo gledalci gotovo najbolj zapomnili po tem, da je brez predsodkov že v prvih dneh
            pokazala svoje umetne prsi in skočila v posteljo z Markom. V intervjuju za slovenskenovice.si je razkrila,
            kaj čuti do njega in kako velik šok je doživela, ko so jo gledalci poslali domov.
            Glede na solze, ki si jih potočila, ko si stopila v studio, si bila verjetno kar šokirana, da si izpadla?
            Kakšni so prvi občutki?
            Ja, res je! Bila sem zelo šokirana, da sem izpadla. Tega nisem pričakovala in vem, da tudi večina drugih v
            hiši ni pričakovala takšnega končnega rezultata. Prvi občutki po razglasitvi so bili zelo mešani. Sploh
            nisem dojela, kaj se v resnici dogaja. Solze mojih sostanovalcev so še mene spravile v jok! Občutki strahu,
            zadovoljstva ... Skratka zelo mešani! Seveda pa je bil tudi šok, ko sem izvedela, da imamo še nekaj
            sostanovalcev, takrat sem pozabila dihati (smeh).
            Kaj se plete med vama z Markom? Si se zaljubila?
            Med mano in Markom se je spletlo zelo dobro prijateljstvo ... Vse te kamere, naloge in nihanja razpoloženja
            te pripravijo do tega, da iščeš čustveno podporo, tukaj pač potrebuješ nekoga, da se nasloniš nanj, in z
            Markom sva našla drug drugega. Všeč sva si in te privlačnosti pač nisva skrivala. Zaljubila? Ne. Je pa
            pustil neki poseben občutek v meni, dobro prijateljstvo, za katero sem prepričana, da bo še trajalo. Vam pa
            razkrijem, da je res poseben fant, in verjamem, da se lahko marsikatera punca kar hitro zaljubi vanj.
            Kaj se je v resnici dogajalo pod rjuhami? Sta bila intimna že na pogradu?
            V resnici se je dogajalo to, kar ste videli ... Prepustila sva se občutkom privlačnosti in mislim, da tukaj
            to ni nič spornega. Oba sva mlada in samska, zato ni razloga, da bi se drug drugemu odmikala. Dneve si je
            pač vsak od nas popestril tako, kot se mu je zdelo prav.
            Rekla si, da ga boš počakala zunaj. Ga boš res?
            Seveda ga bom počakala zunaj, pa tudi vse druge. Res mu iz srca privoščim zmago ali pa vsaj čim daljše
            bivanja v hiši. Vendar pa bom zelo vesela, ko ga spet vidim in mu skočim v objemček. Navijala bom zanj in po
            tihem odštevala dneve ...
            Meniš, da imata v realnem življenju možnost za resno zvezo?
            Če bi se v realnem svetu razumela, tako kot sva se v hiši Big Brother, bi imela veliko možnosti za resno in
            prečudovito zvezo. O tem sem prepričana! A, B, C, Č, D, 1, 2, 3, 4, reset! Kje smo že ostali (smeh)?
            Pričakujmo nepričakovano! Ko se nam pridruži Marko, lahko skupaj poveva kaj več o tem (smeh).
            Si pričakovala, da boš izpadla tako kmalu? Zakaj misliš, da so te gledalci izločili?
            Nisem pričakovala. Zelo sem presenečena, ampak tako so se odločili. In zame se je bivanje v hiši na žalost
            končalo zelo hitro. Skoraj prehitro.
            Je bilo mogoče krivo to, da si imela kar nekaj čustvenih izbruhov?
            Mogoče res zaradi mojih čustvenih izbruhov in nihanja razpoloženja ... ter komentarjev, da želim domov.
            Vseeno pa sem pričakovala, da bom ostala dlje.
            Pri tebi je bilo mogoče opaziti veliko skrajnosti, od pozitive do histerije. Si takšna tudi v realnosti?
            Ne, ker imam okrog sebe ljudi, ki jih imam rada in nimam nikogar, da se psihično spravlja name, kot se je na
            primer Tomaž v igranju vloge predsednika elite. Sem zelo prijazna, preprosta, nasmejana ... Ampak naloga je
            bila težka za vse in za moje obnašanje sta bila kriva pritisk Tomaža, ki se je malo preveč vživel v vlogo,
            in pa seveda celotna naloga, ki je vključevala dobesedno hiranje. Dokončno pa me je dotolkla naloga s hrano.
            Niti za izpade nisem imela več energije.
            Si pričakovala, da boš tako hitro odvrgla kopalke in s sotekmovalcem skočila v posteljo?
            Je bilo pričakovati, da svojega telesa ne bom skrivala ali se ga sramovala. Pri goloti nimam zadržkov.
            Dobesedno nisem odvrgla kopalk, ampak mislim, da je normalno, da se ljudje prhamo goli. Sicer sem se v
            spodnjicah, in že to je zelo težko in nehigiensko. Mislim da seks ni nikakršen bavbav, da je to nekaj čisto
            normalnega. In mislim, da nisem s tem naredila nič slabega. Je pa res, da ima vsakdo svoje mnenje in da so
            različna mnenja dobrodošla. Kot že sami veste, sem si dala prsi operirati in sem nanje ponosna. Veliko truda
            sem vložila v to, da sem si to željo lahko uresničila.
            Si bila šokirana, ko si spoznala Pio in Tino, ki sta se javili iz elitnega dela hiše? Si tam pričakovala
            tudi Tiborja? Si morda pomislila, da bodo tja preselili tudi tebe?
            Zelo sem bila šokirana. Kaj takšnega nisem pričakovala ... Niti sumila nisem, da imamo v hiši še nekaj
            sostanovalcev, ki nas opazujejo. V tistem trenutku bi to najraje povedala tudi vsem drugim, ampak žal nisem
            mogla. Vem pa, da bo še zelo zanimivo. Največji šok, ki sem ga doživela, je bil res ta, da v hiši bivajo še
            drugi.
            Tudi Tibor me je presenetil. Čeprav smo vsi imeli občutek, da Tibor ni zares odšel domov in da je nekje v
            drugem Big Brotherju. Mislim, da bodo vsi šokirani, ko bodo izvedeli, da le ni tako daleč oziroma da jih od
            njega loči samo en zid te luksuzne hiše. In da jih skrbno ves čas opazuje in komentira.
            Ko sem bila nekaj minutk že spet v realnosti in sem vse to ugotovila, sem seveda pomislila na to ... Bilo bi
            zelo zanimivo spremljati dogajanje bivših sostanovalcev in še naprej biti del hiše. Ampak na žalost nisem
            imela takšne sreče kot Tibor.
            V glasovalnem finišu te je očitno premagala Nina. Ko si še bila v hiši, si delovala kar samozavestno in
            prepričana, da jo boš premagala. Zakaj?
            Ja, bila sem prepričana, da bom ostala kot vsi drugi tako v hiši kot tudi zunaj ... Saj se v takšnem šovu
            pričakuje čim več dogajanja. In za dogajanje sem res poskrbela.
            Kdo od tekmovalcev je bil po tvojem mnenju v šovu najiskrenejši?
            V šovu mislim, da je najiskrenejši Žiga! Njega vidim kot zmagovalca, definitivno. Brez dlake na jeziku je,
            to, kar pove vsem drugim, bo povedal tudi konkretni osebi. In imam občutek, da se bo še bolj sprostil in
            poskrbel za dobro atmosfero v hiši.
            V studiu si že dejala, da si bila presenečena nad Darjinimi besedami. Pričakuješ, da te bo še kdo tako
            negativno presenetil?
            Ja, res je, nad Darjinimi komentarji sem bila zelo presenečena, zato sem toliko bolj zaskrbljena zaradi
            drugih. Je ena od teh, za katere bi nazadnje pomislila, da še danes nosi masko in igra grdo igro! Imela sem
            jo zelo rada in sem se ob njej sprostila, mogoče so me zavedla leta, da sem pomislila, da tudi pri njej (ob
            Marku) lahko dobim toplino in kakšen nasvet.
            Mislim, da ne. Res ne pričakujem še kakšnih negativnih presenečenj. Če bi ostala dlje v hiši, je normalno,
            da je tega več. Ampak ker nisem več, mislim, da bodo ta negativna presenečenja razdeljena bolj med njimi.
            Kdo ti je šel v šovu najbolj na živce?
            Tomaž. Od samega začetka, ko je vstopil v hišo. Zraven pa je potegnil še Davida. Za njiju si res želim, da
            hišo čim prej zapustita.
            Boš doma šov še spremljala?
            Seveda bom še naprej spremljala svojo veliko družino, jih gledala, se z njimi smejala, z njimi jokala
            ... Rada bi videla, kaj vse se bo dogajalo in kako se bodo stvari razpletale.
            Bi zdaj, ko si zunaj, spremenila svoje obnašanje v šovu?
            Niti ne. Bila sem to, kar sem. V šov sem že prišla brez maske. S sostanovalci sem se odlično razumela.
            Mogoče bi si želela, da bi potočila kakšno solzo manj. Ampak nalog je bilo res zelo veliko.
            Komu bi najbolj privoščila zmago?
            Zmago bi najbolj privoščila Žigi ... On mi že od samega začetka deluje kot zmagovalec in res navijam
            zanj! Upam, da se ne zlomi in ne odneha.
            Bi rada za konec še sama kaj dodala?
            Za konec naj povem, da sem bila vesela, da sem bila izbrana v hišo Big Brother! To je bila fenomenalna,
            nepozabna izkušnja. Žal mi je, da se je zame tako hitro vse končalo, vendar sem srečna, ker sem z vsemi v
            hiši ohranila dober odnos. Čeprav vsem privoščim čim daljše bivanje v hiši Big Brother, komaj čakam
            nominacije in petkove oddaje, da se začnemo čim prej družiti v realnem življenju!
        </article-text>
        <article-text-transliterated>»Kot že sami veste, sem si dala prsi operirati in sem nanje ponosna. Veliko truda
            sem vložila v to, da sem si to željo lahko uresničila,« je razkrila Ksenija. V petek je hišo Big Brother
            zapustila Ksenija, ki si jo bodo gledalci gotovo najbolj zapomnili po tem, da je brez predsodkov že v prvih
            dneh pokazala svoje umetne prsi in skočila v posteljo z Markom. V intervjuju za slovenskenovice.si je
            razkrila, kaj čuti do njega in kako velik šok je doživela, ko so jo gledalci poslali domov.
            Glede na solze, ki si jih potočila, ko si stopila v studio, si bila verjetno kar šokirana, da si izpadla?
            Kakšni so prvi občutki?
            Ja, res je! Bila sem zelo šokirana, da sem izpadla. Tega nisem pričakovala in vem, da tudi večina drugih v
            hiši ni pričakovala takšnega končnega rezultata. Prvi občutki po razglasitvi so bili zelo mešani. Sploh
            nisem dojela, kaj se v resnici dogaja. Solze mojih sostanovalcev so še mene spravile v jok! Občutki strahu,
            zadovoljstva ... Skratka zelo mešani! Seveda pa je bil tudi šok, ko sem izvedela, da imamo še nekaj
            sostanovalcev, takrat sem pozabila dihati (smeh).
            Kaj se plete med vama z Markom? Si se zaljubila?
            Med mano in Markom se je spletlo zelo dobro prijateljstvo ... Vse te kamere, naloge in nihanja razpoloženja
            te pripravijo do tega, da iščeš čustveno podporo, tukaj pač potrebuješ nekoga, da se nasloniš nanj, in z
            Markom sva našla drug drugega. Všeč sva si in te privlačnosti pač nisva skrivala. Zaljubila? Ne. Je pa
            pustil neki poseben občutek v meni, dobro prijateljstvo, za katero sem prepričana, da bo še trajalo. Vam pa
            razkrijem, da je res poseben fant, in verjamem, da se lahko marsikatera punca kar hitro zaljubi vanj.
            Kaj se je v resnici dogajalo pod rjuhami? Sta bila intimna že na pogradu?
            V resnici se je dogajalo to, kar ste videli ... Prepustila sva se občutkom privlačnosti in mislim, da tukaj
            to ni nič spornega. Oba sva mlada in samska, zato ni razloga, da bi se drug drugemu odmikala. Dneve si je
            pač vsak od nas popestril tako, kot se mu je zdelo prav.
            Rekla si, da ga boš počakala zunaj. Ga boš res?
            Seveda ga bom počakala zunaj, pa tudi vse druge. Res mu iz srca privoščim zmago ali pa vsaj čim daljše
            bivanja v hiši. Vendar pa bom zelo vesela, ko ga spet vidim in mu skočim v objemček. Navijala bom zanj in po
            tihem odštevala dneve ...
            Meniš, da imata v realnem življenju možnost za resno zvezo?
            Če bi se v realnem svetu razumela, tako kot sva se v hiši Big Brother, bi imela veliko možnosti za resno in
            prečudovito zvezo. O tem sem prepričana! A, B, C, Č, D, 1, 2, 3, 4, reset! Kje smo že ostali (smeh)?
            Pričakujmo nepričakovano! Ko se nam pridruži Marko, lahko skupaj poveva kaj več o tem (smeh).
            Si pričakovala, da boš izpadla tako kmalu? Zakaj misliš, da so te gledalci izločili?
            Nisem pričakovala. Zelo sem presenečena, ampak tako so se odločili. In zame se je bivanje v hiši na žalost
            končalo zelo hitro. Skoraj prehitro.
            Je bilo mogoče krivo to, da si imela kar nekaj čustvenih izbruhov?
            Mogoče res zaradi mojih čustvenih izbruhov in nihanja razpoloženja ... ter komentarjev, da želim domov.
            Vseeno pa sem pričakovala, da bom ostala dlje.
            Pri tebi je bilo mogoče opaziti veliko skrajnosti, od pozitive do histerije. Si takšna tudi v realnosti?
            Ne, ker imam okrog sebe ljudi, ki jih imam rada in nimam nikogar, da se psihično spravlja name, kot se je na
            primer Tomaž v igranju vloge predsednika elite. Sem zelo prijazna, preprosta, nasmejana ... Ampak naloga je
            bila težka za vse in za moje obnašanje sta bila kriva pritisk Tomaža, ki se je malo preveč vživel v vlogo,
            in pa seveda celotna naloga, ki je vključevala dobesedno hiranje. Dokončno pa me je dotolkla naloga s hrano.
            Niti za izpade nisem imela več energije.
            Si pričakovala, da boš tako hitro odvrgla kopalke in s sotekmovalcem skočila v posteljo?
            Je bilo pričakovati, da svojega telesa ne bom skrivala ali se ga sramovala. Pri goloti nimam zadržkov.
            Dobesedno nisem odvrgla kopalk, ampak mislim, da je normalno, da se ljudje prhamo goli. Sicer sem se v
            spodnjicah, in že to je zelo težko in nehigiensko. Mislim da seks ni nikakršen bavbav, da je to nekaj čisto
            normalnega. In mislim, da nisem s tem naredila nič slabega. Je pa res, da ima vsakdo svoje mnenje in da so
            različna mnenja dobrodošla. Kot že sami veste, sem si dala prsi operirati in sem nanje ponosna. Veliko truda
            sem vložila v to, da sem si to željo lahko uresničila.
            Si bila šokirana, ko si spoznala Pio in Tino, ki sta se javili iz elitnega dela hiše? Si tam pričakovala
            tudi Tiborja? Si morda pomislila, da bodo tja preselili tudi tebe?
            Zelo sem bila šokirana. Kaj takšnega nisem pričakovala ... Niti sumila nisem, da imamo v hiši še nekaj
            sostanovalcev, ki nas opazujejo. V tistem trenutku bi to najraje povedala tudi vsem drugim, ampak žal nisem
            mogla. Vem pa, da bo še zelo zanimivo. Največji šok, ki sem ga doživela, je bil res ta, da v hiši bivajo še
            drugi.
            Tudi Tibor me je presenetil. Čeprav smo vsi imeli občutek, da Tibor ni zares odšel domov in da je nekje v
            drugem Big Brotherju. Mislim, da bodo vsi šokirani, ko bodo izvedeli, da le ni tako daleč oziroma da jih od
            njega loči samo en zid te luksuzne hiše. In da jih skrbno ves čas opazuje in komentira.
            Ko sem bila nekaj minutk že spet v realnosti in sem vse to ugotovila, sem seveda pomislila na to ... Bilo bi
            zelo zanimivo spremljati dogajanje bivših sostanovalcev in še naprej biti del hiše. Ampak na žalost nisem
            imela takšne sreče kot Tibor.
            V glasovalnem finišu te je očitno premagala Nina. Ko si še bila v hiši, si delovala kar samozavestno in
            prepričana, da jo boš premagala. Zakaj?
            Ja, bila sem prepričana, da bom ostala kot vsi drugi tako v hiši kot tudi zunaj ... Saj se v takšnem šovu
            pričakuje čim več dogajanja. In za dogajanje sem res poskrbela.
            Kdo od tekmovalcev je bil po tvojem mnenju v šovu najiskrenejši?
            V šovu mislim, da je najiskrenejši Žiga! Njega vidim kot zmagovalca, definitivno. Brez dlake na jeziku je,
            to, kar pove vsem drugim, bo povedal tudi konkretni osebi. In imam občutek, da se bo še bolj sprostil in
            poskrbel za dobro atmosfero v hiši.
            V studiu si že dejala, da si bila presenečena nad Darjinimi besedami. Pričakuješ, da te bo še kdo tako
            negativno presenetil?
            Ja, res je, nad Darjinimi komentarji sem bila zelo presenečena, zato sem toliko bolj zaskrbljena zaradi
            drugih. Je ena od teh, za katere bi nazadnje pomislila, da še danes nosi masko in igra grdo igro! Imela sem
            jo zelo rada in sem se ob njej sprostila, mogoče so me zavedla leta, da sem pomislila, da tudi pri njej (ob
            Marku) lahko dobim toplino in kakšen nasvet.
            Mislim, da ne. Res ne pričakujem še kakšnih negativnih presenečenj. Če bi ostala dlje v hiši, je normalno,
            da je tega več. Ampak ker nisem več, mislim, da bodo ta negativna presenečenja razdeljena bolj med njimi.
            Kdo ti je šel v šovu najbolj na živce?
            Tomaž. Od samega začetka, ko je vstopil v hišo. Zraven pa je potegnil še Davida. Za njiju si res želim, da
            hišo čim prej zapustita.
            Boš doma šov še spremljala?
            Seveda bom še naprej spremljala svojo veliko družino, jih gledala, se z njimi smejala, z njimi jokala
            ... Rada bi videla, kaj vse se bo dogajalo in kako se bodo stvari razpletale.
            Bi zdaj, ko si zunaj, spremenila svoje obnašanje v šovu?
            Niti ne. Bila sem to, kar sem. V šov sem že prišla brez maske. S sostanovalci sem se odlično razumela.
            Mogoče bi si želela, da bi potočila kakšno solzo manj. Ampak nalog je bilo res zelo veliko.
            Komu bi najbolj privoščila zmago?
            Zmago bi najbolj privoščila Žigi ... On mi že od samega začetka deluje kot zmagovalec in res navijam
            zanj! Upam, da se ne zlomi in ne odneha.
            Bi rada za konec še sama kaj dodala?
            Za konec naj povem, da sem bila vesela, da sem bila izbrana v hišo Big Brother! To je bila fenomenalna,
            nepozabna izkušnja. Žal mi je, da se je zame tako hitro vse končalo, vendar sem srečna, ker sem z vsemi v
            hiši ohranila dober odnos. Čeprav vsem privoščim čim daljše bivanje v hiši Big Brother, komaj čakam
            nominacije in petkove oddaje, da se začnemo čim prej družiti v realnem življenju!
        </article-text-transliterated>
    </article>
    <comments>
        <comments-count>0</comments-count>
        <comment-list/>
    </comments>
</document>