<document global-id="si-02-1211">
    <url>
        https://www.slovenskenovice.si/bulvar/domaci-traci/clanek/junakinja-ljubezni-po-domace-sporoca-murku-damjan-ti-si-zmagovalec-211896
    </url>
    <source-id>si-02</source-id>
    <local-id>1211</local-id>
    <source-name>Slovenske_novice</source-name>
    <article>
        <article-title>Junakinja Ljubezni po domače sporoča Murku: Damjan, ti si zmagovalec</article-title>
        <article-title-transliterated>Junakinja Ljubezni po domače sporoča Murku: Damjan, ti si zmagovalec
        </article-title-transliterated>
        <article-time>2019-07-29</article-time>
        <article-author>T. V.</article-author>
        <article-text>»Budale bodo pa vedno ostale budale.«. Tamara Korošec, ki je v lanski sezoni šova Ljubezen po
            domače osvojila srce kmeta Renata Lužarja, je brez dlake na jeziku in neposredna. Pred dnevi je ostro
            obračunala s tistimi, ki so proti odstrelu divjih živali, tokrat pa je z budali označila tiste, ki pišejo
            poniževalne komentarje.

            V bran se je postavila oziroma podprla Damjana Murka, ki je izjavil, da že leta živi od tistih, ki ga ne
            marajo in kritizirajo. »Damjan, ti si zmagovalec. Bravo! Samo na žalost to razumemo samo taki, ki
            razmišljamo enako in podobno. 'Budale' bodo pa vedno ostale 'budale' in našle vedno neki poniževalni
            komentar!«

            Tamara je pred meseci stopila v bran tudi Jaki Hafnerju, ko se je izvedelo, da pričakuje otroka z udeleženko
            šova Ljubezen po domače, ki se je potegovala za srce njegovega brata Gašperja. Kot sramotne je takrat
            označila negativne komentarje in dodala, da je bila že marsikje po svetu, da še ni srečala »toliko ogabnega,
            žaljivega, 'fovšljivega' in primitivnega naroda, kot je naš«.
        </article-text>
        <article-text-transliterated>»Budale bodo pa vedno ostale budale.«. Tamara Korošec, ki je v lanski sezoni šova
            Ljubezen po domače osvojila srce kmeta Renata Lužarja, je brez dlake na jeziku in neposredna. Pred dnevi je
            ostro obračunala s tistimi, ki so proti odstrelu divjih živali, tokrat pa je z budali označila tiste, ki
            pišejo poniževalne komentarje.

            V bran se je postavila oziroma podprla Damjana Murka, ki je izjavil, da že leta živi od tistih, ki ga ne
            marajo in kritizirajo. »Damjan, ti si zmagovalec. Bravo! Samo na žalost to razumemo samo taki, ki
            razmišljamo enako in podobno. 'Budale' bodo pa vedno ostale 'budale' in našle vedno neki poniževalni
            komentar!«

            Tamara je pred meseci stopila v bran tudi Jaki Hafnerju, ko se je izvedelo, da pričakuje otroka z udeleženko
            šova Ljubezen po domače, ki se je potegovala za srce njegovega brata Gašperja. Kot sramotne je takrat
            označila negativne komentarje in dodala, da je bila že marsikje po svetu, da še ni srečala »toliko ogabnega,
            žaljivega, 'fovšljivega' in primitivnega naroda, kot je naš«.
        </article-text-transliterated>
    </article>
    <comments>
        <comments-count>1</comments-count>
        <comment-list>
            <comment comment-id="1">
                <comment-parent-id>,</comment-parent-id>
                <comment-text>Ja .ampak ta Tamara ni nič bolja od tistih ,ki pljuvajo po vseh,saj sama tudi vse naziva z
                    budale ,da je tako o,k, kot se prikazije,bi imela malo drugačen beseden zaklad.Res,da je sedaj
                    kmetica,ampak tudi kmetje so uglajeni in ne žaljivi,to je ona prinesla s sabo iz doline.Žalostno
                    kako imenjuje Slovence,kaj še dela v Sloveniji,Punčara se bo morala najpreje naučiti vzgoje in
                    spoštovanja,kar se do sedaj ni.Misli,če se parkrat pokaže pred kamerami,da ji je vse
                    dovoljeno,Ne,Enkrat se bo našel nekdo,ki ji bo potegnil ta zajedliv jezik iz ust.
                </comment-text>
                <comment-text-transliterated>Ja .ampak ta Tamara ni nič bolja od tistih ,ki pljuvajo po vseh,saj sama
                    tudi vse naziva z budale ,da je tako o,k, kot se prikazije,bi imela malo drugačen beseden
                    zaklad.Res,da je sedaj kmetica,ampak tudi kmetje so uglajeni in ne žaljivi,to je ona prinesla s sabo
                    iz doline.Žalostno kako imenjuje Slovence,kaj še dela v Sloveniji,Punčara se bo morala najpreje
                    naučiti vzgoje in spoštovanja,kar se do sedaj ni.Misli,če se parkrat pokaže pred kamerami,da ji je
                    vse dovoljeno,Ne,Enkrat se bo našel nekdo,ki ji bo potegnil ta zajedliv jezik iz ust.
                </comment-text-transliterated>
            </comment>
        </comment-list>
    </comments>
</document>