<document global-id="si-02-1210">
    <url>https://www.slovenskenovice.si/suzy/clanek/junaki-niso-le-na-filmskih-platnih-71159</url>
    <source-id>si-02</source-id>
    <local-id>1210</local-id>
    <source-name>Slovenske_novice</source-name>
    <article>
        <article-title>Junaki niso le na filmskih platnih</article-title>
        <article-title-transliterated>Junaki niso le na filmskih platnih</article-title-transliterated>
        <article-time>2018-07-18</article-time>
        <article-author>A. J.</article-author>
        <article-text>Predstavljamo vam igralce iz akcijskih filmov, katerih resnična junaštva niso nič manjša od
            filmskih. Nekateri zvezdniki niso junaki le v vlogah, ki jih igrajo, pač pa tudi v resničnem življenju.
            Predstavljamo vam igralce iz akcijskih filmov, katerih resnična junaštva niso nič manjša od filmskih.

            Iznajdljivi Clint
            Mačo z velikih platen Clint Eastwood se je pred časom udeležil zabave podjetja PGA Tour, ki organizira
            turnirje golfa. Nenadoma je opazil, da se direktor podjetja Steve John, ki se mu je v grlu zataknil košček
            sira, duši. Igralec, takrat je bil star 83 let, je skočil k njemu in ga rešil s Heimlichovim prijemom. Kot
            je povedal pozneje, je prijem izvedel prvič v življenju, uspelo pa mu je, čeprav je John takrat tehtal okoli
            sto kilogramov.

            Pogumna Mila
            Mila Kunis je leta 2012 pomagala človeku, ki je padel skupaj v njenem domu v Los Angelesu. Eden njenih
            zaposlenih, 50-letni moški, se je nenadoma zrušil na tla, in ker se je ugriznil v jezik, začel kašljati kri.
            Srhljivi prizor lepe igralke ni prestrašil. Hitro se je zbrala, pohitela k njemu, ga položila na bok in mu
            potisnila denarnico med zobe. Medtem je prijatelj, ki je bil na obisku, poklical rešilca, ki je moškega nato
            odpeljal v bolnišnico.

            Vedno na preži
            Arnold Schwarzenegger je leta 2004, ko je bil še guverner Kalifornije, rešil plavalca, ki se je utapljal. Z
            družino je bil na počitnicah na Mauiju na Havajih, med plavanjem pa je opazil, da je nekomu v vodi postalo
            slabo. Skupaj z drugi moškim je nesrečnika odvlekel na kopno skupaj z desko za srfanje na valovih, ki jo je
            ta imel s seboj.

            Trikratni junak
            Junak filmske akcijske sage Misija: Nemogoče Tom Cruise je tudi v resničnem življenju pravi junak. Avgusta
            leta 1996 je skupaj z Nicole Kidman plul po Sredozemskem morju in naletel na jadrnico in splav s petimi
            ljudmi. Le nekaj minut za tem, ko jih je sprejel na svojo ladjo, se je njihovo plovilo potopilo. Istega leta
            je igralec poklical rešilca starejši ženski in plačal za njeno zdravljenje ter na premieri svojega filma
            Misija: Nemogoče rešil iz množice dva otroka, ki bi ju skoraj pohodili.

            Reševalec v helikopterju
            Leta 2001 se je 13-letni skavt Cody Clauson izgubil med pohodom po ameriškem narodnem parku Yellowstone.
            Fant se je najprej oddaljil od skupine, ko pa se ni nihče vrnil ponj, je začel iskati pravo pot. Ves moker
            od dežja se je navsezadnje zatekel v jamo, v kateri je prespal. Dečka je naslednji dan iskala skupina ljudi,
            med katerimi je bil tudi Harrison Ford. Prav on je iz svojega helikopterja opazil Codyja, ki so ga nato
            varno prepeljali domov. Cody najprej ni mogel verjeti, da je pilot helikopterja eden od junakov iz
            priljubljene vesoljske sage Vojna zvezd. Ford je rešil še dve dekleti, ki sta se vzpenjali na Mizasto goro v
            Afriki. Ena od njiju je zaradi višine in vročine med peturnim vzponom otrpnila in ni mogla narediti niti
            koraka naprej. Turist je poklical na pomoč, dekle pa je prišel s helikopterjem iskat prav slavni igralec.

            Pravi 007
            Filmski James Bond Pierce Brosnan je leta 2009 skupaj z Umo Thurman snemal filmsko serijo Percy Jackson.
            Nenadoma je proti igralki s hriba zapeljal avto, v katerem so pozabili zategniti ročno zavoro. Pierce je
            stekel za njim in kričal, naj se umaknejo s poti. Med tekom je skočil na voznikov sedež in usmeril avto proč
            od ljudi. Po zaslugi pogumnega igralca ni bil nihče ranjen. Prislužil si je veliko spoštovanje Thurmanove,
            ki ga od takrat v šali vselej kliče agent 007.
        </article-text>
        <article-text-transliterated>Predstavljamo vam igralce iz akcijskih filmov, katerih resnična junaštva niso nič
            manjša od filmskih. Nekateri zvezdniki niso junaki le v vlogah, ki jih igrajo, pač pa tudi v resničnem
            življenju. Predstavljamo vam igralce iz akcijskih filmov, katerih resnična junaštva niso nič manjša od
            filmskih.

            Iznajdljivi Clint
            Mačo z velikih platen Clint Eastwood se je pred časom udeležil zabave podjetja PGA Tour, ki organizira
            turnirje golfa. Nenadoma je opazil, da se direktor podjetja Steve John, ki se mu je v grlu zataknil košček
            sira, duši. Igralec, takrat je bil star 83 let, je skočil k njemu in ga rešil s Heimlichovim prijemom. Kot
            je povedal pozneje, je prijem izvedel prvič v življenju, uspelo pa mu je, čeprav je John takrat tehtal okoli
            sto kilogramov.

            Pogumna Mila
            Mila Kunis je leta 2012 pomagala človeku, ki je padel skupaj v njenem domu v Los Angelesu. Eden njenih
            zaposlenih, 50-letni moški, se je nenadoma zrušil na tla, in ker se je ugriznil v jezik, začel kašljati kri.
            Srhljivi prizor lepe igralke ni prestrašil. Hitro se je zbrala, pohitela k njemu, ga položila na bok in mu
            potisnila denarnico med zobe. Medtem je prijatelj, ki je bil na obisku, poklical rešilca, ki je moškega nato
            odpeljal v bolnišnico.

            Vedno na preži
            Arnold Schwarzenegger je leta 2004, ko je bil še guverner Kalifornije, rešil plavalca, ki se je utapljal. Z
            družino je bil na počitnicah na Mauiju na Havajih, med plavanjem pa je opazil, da je nekomu v vodi postalo
            slabo. Skupaj z drugi moškim je nesrečnika odvlekel na kopno skupaj z desko za srfanje na valovih, ki jo je
            ta imel s seboj.

            Trikratni junak
            Junak filmske akcijske sage Misija: Nemogoče Tom Cruise je tudi v resničnem življenju pravi junak. Avgusta
            leta 1996 je skupaj z Nicole Kidman plul po Sredozemskem morju in naletel na jadrnico in splav s petimi
            ljudmi. Le nekaj minut za tem, ko jih je sprejel na svojo ladjo, se je njihovo plovilo potopilo. Istega leta
            je igralec poklical rešilca starejši ženski in plačal za njeno zdravljenje ter na premieri svojega filma
            Misija: Nemogoče rešil iz množice dva otroka, ki bi ju skoraj pohodili.

            Reševalec v helikopterju
            Leta 2001 se je 13-letni skavt Cody Clauson izgubil med pohodom po ameriškem narodnem parku Yellowstone.
            Fant se je najprej oddaljil od skupine, ko pa se ni nihče vrnil ponj, je začel iskati pravo pot. Ves moker
            od dežja se je navsezadnje zatekel v jamo, v kateri je prespal. Dečka je naslednji dan iskala skupina ljudi,
            med katerimi je bil tudi Harrison Ford. Prav on je iz svojega helikopterja opazil Codyja, ki so ga nato
            varno prepeljali domov. Cody najprej ni mogel verjeti, da je pilot helikopterja eden od junakov iz
            priljubljene vesoljske sage Vojna zvezd. Ford je rešil še dve dekleti, ki sta se vzpenjali na Mizasto goro v
            Afriki. Ena od njiju je zaradi višine in vročine med peturnim vzponom otrpnila in ni mogla narediti niti
            koraka naprej. Turist je poklical na pomoč, dekle pa je prišel s helikopterjem iskat prav slavni igralec.

            Pravi 007
            Filmski James Bond Pierce Brosnan je leta 2009 skupaj z Umo Thurman snemal filmsko serijo Percy Jackson.
            Nenadoma je proti igralki s hriba zapeljal avto, v katerem so pozabili zategniti ročno zavoro. Pierce je
            stekel za njim in kričal, naj se umaknejo s poti. Med tekom je skočil na voznikov sedež in usmeril avto proč
            od ljudi. Po zaslugi pogumnega igralca ni bil nihče ranjen. Prislužil si je veliko spoštovanje Thurmanove,
            ki ga od takrat v šali vselej kliče agent 007.
        </article-text-transliterated>
    </article>
    <comments>
        <comments-count>0</comments-count>
        <comment-list/>
    </comments>
</document>