<document global-id="si-02-123">
    <url>https://www.slovenskenovice.si/lifestyle/bivanje/clanek/bmw-x1-je-postal-zracnejsi</url>
    <source-id>si-02</source-id>
    <local-id>123</local-id>
    <source-name>Slovenske_novice</source-name>
    <article>
        <article-title>BMW X1 je postal zračnejši</article-title>
        <article-title-transliterated>BMW X1 je postal zračnejši</article-title-transliterated>
        <article-time>2016-01-12</article-time>
        <article-author>Blaž Kondža</article-author>
        <article-text>Nova generacija najmanjšega mestnega terenca iz Münchna združuje oblikovne poteze mestnih terencev
            in udobno notranjost enoprostorcev. Več prostornosti, praktičnosti in prilagodljivosti prinaša druga
            generacija BMW X1. Novost, ki morda ne bo najbolj všeč zapriseženim ljubiteljem znamke, je pogon na sprednji
            kolesni par, ki ga poznamo že iz modelov serije 2 active tourer in serije 2 gran tourer. Testni X1 je imel
            vgrajen doplačljivi štirikolesni pogon xDrive, zato bi težko sodili o prednostih in slabostih nove zasnove.

            Udobje zadaj

            Ergonomijo vozniškega prostora X1 lahko samo pohvalimo. Sedi se višje, zato voznika navdaja občutek, da je
            avtomobil zelo prostoren in zračen. Armaturna plošča je – kot se spodobi za znamko – usmerjena proti tistemu
            za volanom. Zmotilo nas je dokaj majhno sedalo, ki je skoraj brez bočne opore. Seveda ima to tudi prednost,
            ki jo bodo cenile starejše generacije – sedanje v avtomobil ne zahteva telovadbe.

            Zadnji sedeži so, še posebno če se odločimo za doplačilo 327 evrov za funkcijo vzdolžnega premika, udobni in
            omogočajo veliko prostora za kolena. Vzdolžni premik zadnjih sedežev, ki so deljivi v razmerju 40:20:40,
            znaša 13 centimetrov, z njim pa uravnavamo velikost prtljažnika (505 litrov) in prostor za noge. Podiranje
            naslonov zadnjih sedežev, ki ga lahko izvedemo s pomočjo stikal v prtljažniku, poveča prostor za prtljago na
            1550 litrov. Smučarji in deskarji bodo cenili možnost zlaganja sredinskega sedeža, ki omogoči preprost
            prevoz daljših predmetov.
            Navdušeni smo bili nad tako imenovanim head-up projektorjem, ki je ključne informacije (hitrost, omejitve
            hitrosti in prehitevanja, navigacijska navodila, delovanje tempomata) prikazal neposredno na steklu pred
            voznikom. Podobni sistemi pri tekmecih običajno delujejo s pomočjo dodatnega stekelca, ki se dvigne pred
            voznikov pogled. Omenjeni projektor je del opremskega paketa guidance, ki v ceni 1285 evrov vključuje še
            LED-žaromete z razširjeno funkcijo. Mimogrede, nočna vožnja s testnim X1 ni bila prav nič naporna, saj
            žarometi lepo razsvetlijo cesto in okolico.
            Primerna poraba

            Ko že govorimo o sodobni tehnologiji, je bilo testno vozilo opremljeno še z navigacijo plus (1895 evrov
            doplačila) in paketom BMW connected drive advanced (1582 evrov). Navigacija podaja navodila v slovenskem
            jeziku, zaslon multimedijske naprave pa je ravno prav velik. Vožnja je udobna in gladka, tudi zaradi
            8-stopenjskega samodejnega menjalnika steptronic, ki je lepo dopolnjeval 2-litrski turbodizelski motor z
            dvema turbinama in močjo 140 kilovatov (190 KM). Povprečna poraba na testu je znašala dobrih 7 litrov na 100
            kilometrov. Če bi več uporabljali način eco pro, bi bila verjetno še nižja, a pri tako zmogljivem motorju se
            je težko brzdati. Zato sta bila komfortni in športni način pogostejša izbira.

            Za konec še beseda ali dve o finančni plati tega avtomobila. Solidno opremljeni testni primerek z dizelskim
            motorjem in štirikolesnim pogonom stane 48.013 evrov. Vstopnica v svet X1 je malce prijaznejša do denarnice
            in lastnika olajša za 31.550 evrov, kolikor stane X1 116d sDrive z 1,5-litrskim turbodizelskim motorjem s 85
            kilovati in pogonom na sprednji kolesi.
        </article-text>
        <article-text-transliterated>Nova generacija najmanjšega mestnega terenca iz Münchna združuje oblikovne poteze
            mestnih terencev in udobno notranjost enoprostorcev. Več prostornosti, praktičnosti in prilagodljivosti
            prinaša druga generacija BMW X1. Novost, ki morda ne bo najbolj všeč zapriseženim ljubiteljem znamke, je
            pogon na sprednji kolesni par, ki ga poznamo že iz modelov serije 2 active tourer in serije 2 gran tourer.
            Testni X1 je imel vgrajen doplačljivi štirikolesni pogon xDrive, zato bi težko sodili o prednostih in
            slabostih nove zasnove.

            Udobje zadaj

            Ergonomijo vozniškega prostora X1 lahko samo pohvalimo. Sedi se višje, zato voznika navdaja občutek, da je
            avtomobil zelo prostoren in zračen. Armaturna plošča je – kot se spodobi za znamko – usmerjena proti tistemu
            za volanom. Zmotilo nas je dokaj majhno sedalo, ki je skoraj brez bočne opore. Seveda ima to tudi prednost,
            ki jo bodo cenile starejše generacije – sedanje v avtomobil ne zahteva telovadbe.

            Zadnji sedeži so, še posebno če se odločimo za doplačilo 327 evrov za funkcijo vzdolžnega premika, udobni in
            omogočajo veliko prostora za kolena. Vzdolžni premik zadnjih sedežev, ki so deljivi v razmerju 40:20:40,
            znaša 13 centimetrov, z njim pa uravnavamo velikost prtljažnika (505 litrov) in prostor za noge. Podiranje
            naslonov zadnjih sedežev, ki ga lahko izvedemo s pomočjo stikal v prtljažniku, poveča prostor za prtljago na
            1550 litrov. Smučarji in deskarji bodo cenili možnost zlaganja sredinskega sedeža, ki omogoči preprost
            prevoz daljših predmetov.
            Navdušeni smo bili nad tako imenovanim head-up projektorjem, ki je ključne informacije (hitrost, omejitve
            hitrosti in prehitevanja, navigacijska navodila, delovanje tempomata) prikazal neposredno na steklu pred
            voznikom. Podobni sistemi pri tekmecih običajno delujejo s pomočjo dodatnega stekelca, ki se dvigne pred
            voznikov pogled. Omenjeni projektor je del opremskega paketa guidance, ki v ceni 1285 evrov vključuje še
            LED-žaromete z razširjeno funkcijo. Mimogrede, nočna vožnja s testnim X1 ni bila prav nič naporna, saj
            žarometi lepo razsvetlijo cesto in okolico.
            Primerna poraba

            Ko že govorimo o sodobni tehnologiji, je bilo testno vozilo opremljeno še z navigacijo plus (1895 evrov
            doplačila) in paketom BMW connected drive advanced (1582 evrov). Navigacija podaja navodila v slovenskem
            jeziku, zaslon multimedijske naprave pa je ravno prav velik. Vožnja je udobna in gladka, tudi zaradi
            8-stopenjskega samodejnega menjalnika steptronic, ki je lepo dopolnjeval 2-litrski turbodizelski motor z
            dvema turbinama in močjo 140 kilovatov (190 KM). Povprečna poraba na testu je znašala dobrih 7 litrov na 100
            kilometrov. Če bi več uporabljali način eco pro, bi bila verjetno še nižja, a pri tako zmogljivem motorju se
            je težko brzdati. Zato sta bila komfortni in športni način pogostejša izbira.

            Za konec še beseda ali dve o finančni plati tega avtomobila. Solidno opremljeni testni primerek z dizelskim
            motorjem in štirikolesnim pogonom stane 48.013 evrov. Vstopnica v svet X1 je malce prijaznejša do denarnice
            in lastnika olajša za 31.550 evrov, kolikor stane X1 116d sDrive z 1,5-litrskim turbodizelskim motorjem s 85
            kilovati in pogonom na sprednji kolesi.
        </article-text-transliterated>
    </article>
    <comments>
        <comments-count>0</comments-count>
        <comment-list/>
    </comments>
</document>