<document global-id="si-02-1154">
    <url>
        https://www.slovenskenovice.si/bulvar/domaci-trac/clanek/jasna-kuljaj-katera-slovenka-pa-nima-izkusenj-z-bosanci
    </url>
    <source-id>si-02</source-id>
    <local-id>1154</local-id>
    <source-name>Slovenske_novice</source-name>
    <article>
        <article-title>Jasna Kuljaj: Katera Slovenka pa nima izkušenj z Bosanci?</article-title>
        <article-title-transliterated>Jasna Kuljaj: Katera Slovenka pa nima izkušenj z Bosanci?
        </article-title-transliterated>
        <article-time>2015-09-23</article-time>
        <article-author>Anita Krizmanić</article-author>
        <article-text>Jezična voditeljica je slabih sedem mesecev po rojstvu hčerke Anastazije, ki jo ima z nogometašem
            Sašem Lalovićem, dobila novo zaposlitev. Na Planet TV so jo povabili k sodelovanju pri oddaji Kmetija: Nov
            začetek brez cenzure, ob njej pa na komentatorskih stolčkih sedita še tekmovalca iz prve sezone Lara Goršek
            Kos in Denis Toplak, ki je bil za sotekmovalce pretrd oreh in je v žep pospravil glavno nagrado. Vloga, v
            kateri se je Kuljajeva tokrat znašla, se precej razlikuje od njenih prejšnjih projektov. »Je zanimiva
            kombinacija vodenja oziroma moderiranja in komentiranja. Ne gre torej zgolj za to, da nekomu dam besedo in
            krmarim med posnetki, ampak ob tem po svobodni volji izražam tudi svoje mnenje o dogajanju v oddaji. K sreči
            je dogajanja veliko, tako da je dovolj štofa za podajanje komentarjev,« nam je zaupala voditeljica.
            Gledalci menijo, da ji je vloga komentatorke v takšni oddaji pisana na kožo, saj Jasna brez zadržkov
            razglablja tudi o nekoliko bolj sočnih temah, njena oblačila pred kamerami pa radodarno razkazujejo obline,
            ki jih je s seboj prineslo materinstvo. Tem se ne more upreti niti Denis, ki Jasno zasipava s komplimenti in
            ji laska na vsakem koraku, česar se voditeljica prav dobro zaveda. »Tak pač je. Zaznavam ga kot plenilca
            ženskih src. Pred njim verjetno nobena ni varna,«pravi v smehu in dodaja, da se ji Denis zagotovo dobrika iz
            navade. »Saj vendar ve, da sem nedavno postala mati in da mi takšno in drugačno moško meso zunaj mojega doma
            ne diši. Se pa z veseljem pošalim z njim. Priznam, da si pred snemanjem ali po njem poveva kakšno sočno, kar
            vpliva tudi na prijetno vzdušje za kamerami,« nam je še povedala Jasna in poudarila, da se z obema
            komentatorjema zelo dobro razume.
            »Če bi prišla na oddajo nepripravljena, bi se zadeve seveda hitro zaostrile, a trenutno sta pridna. Sem pa
            že povedala Denisu, da četudi se zdi, da se razumeva dobro, bi se, če bi naju oba dali v tovrstni
            resničnostni šov, lahko zadeve kar zaostrile. Nisem namreč ženska, ki bi si pustila kaj dosti soliti pamet.
            Denis mi je zagotovil, da bi se zagotovo dobro razumela, saj do žensk, ki so mu všeč, ni takšen, kot je bil
            v prejšnji sezoni do Lare,« v smehu pove voditeljica. Njen srčni izbranec Sašo se v njene televizijske in
            medijske dogodivščine ne vtika, tako kot ona ne v njegov nogometni svet, nam je še zaupala in razkrila, da
            je njenega dragega kljub temu zbodel pripetljaj iz ene od oddaj.
            »Prijazno me je opozoril, da kakšnega posebnega razloga za tipanje Denisovih mišic ni. To sem namreč storila
            pred kamero,« je priznala Jasna, ki je pred kratkim z Denisom in Laro razglabljala tudi o bosanskih
            ljubimcih, saj je beseda nanesla na tekmovalca in partnerja iz letošnje sezone Marušo in Fakija, ki je po
            rodu iz Bosne. Jasno smo zato povprašali, ali je tudi sama kdaj ljubimkala z Bosancem. »Oprostite, katera
            Slovenka pa nima izkušenj z Bosanci? Ko gledam Marušo in Fakija, se mi včasih zdi, kot bi gledala kakšen
            film o sebi pred desetimi leti,« pravi Jasna, ki s svojo ženskostjo kot tudi z ostrino skrbi, da gledalcem
            nikoli ni dolgčas.
        </article-text>
        <article-text-transliterated>Jezična voditeljica je slabih sedem mesecev po rojstvu hčerke Anastazije, ki jo ima
            z nogometašem Sašem Lalovićem, dobila novo zaposlitev. Na Planet TV so jo povabili k sodelovanju pri oddaji
            Kmetija: Nov začetek brez cenzure, ob njej pa na komentatorskih stolčkih sedita še tekmovalca iz prve sezone
            Lara Goršek Kos in Denis Toplak, ki je bil za sotekmovalce pretrd oreh in je v žep pospravil glavno nagrado.
            Vloga, v kateri se je Kuljajeva tokrat znašla, se precej razlikuje od njenih prejšnjih projektov. »Je
            zanimiva kombinacija vodenja oziroma moderiranja in komentiranja. Ne gre torej zgolj za to, da nekomu dam
            besedo in krmarim med posnetki, ampak ob tem po svobodni volji izražam tudi svoje mnenje o dogajanju v
            oddaji. K sreči je dogajanja veliko, tako da je dovolj štofa za podajanje komentarjev,« nam je zaupala
            voditeljica.
            Gledalci menijo, da ji je vloga komentatorke v takšni oddaji pisana na kožo, saj Jasna brez zadržkov
            razglablja tudi o nekoliko bolj sočnih temah, njena oblačila pred kamerami pa radodarno razkazujejo obline,
            ki jih je s seboj prineslo materinstvo. Tem se ne more upreti niti Denis, ki Jasno zasipava s komplimenti in
            ji laska na vsakem koraku, česar se voditeljica prav dobro zaveda. »Tak pač je. Zaznavam ga kot plenilca
            ženskih src. Pred njim verjetno nobena ni varna,«pravi v smehu in dodaja, da se ji Denis zagotovo dobrika iz
            navade. »Saj vendar ve, da sem nedavno postala mati in da mi takšno in drugačno moško meso zunaj mojega doma
            ne diši. Se pa z veseljem pošalim z njim. Priznam, da si pred snemanjem ali po njem poveva kakšno sočno, kar
            vpliva tudi na prijetno vzdušje za kamerami,« nam je še povedala Jasna in poudarila, da se z obema
            komentatorjema zelo dobro razume.
            »Če bi prišla na oddajo nepripravljena, bi se zadeve seveda hitro zaostrile, a trenutno sta pridna. Sem pa
            že povedala Denisu, da četudi se zdi, da se razumeva dobro, bi se, če bi naju oba dali v tovrstni
            resničnostni šov, lahko zadeve kar zaostrile. Nisem namreč ženska, ki bi si pustila kaj dosti soliti pamet.
            Denis mi je zagotovil, da bi se zagotovo dobro razumela, saj do žensk, ki so mu všeč, ni takšen, kot je bil
            v prejšnji sezoni do Lare,« v smehu pove voditeljica. Njen srčni izbranec Sašo se v njene televizijske in
            medijske dogodivščine ne vtika, tako kot ona ne v njegov nogometni svet, nam je še zaupala in razkrila, da
            je njenega dragega kljub temu zbodel pripetljaj iz ene od oddaj.
            »Prijazno me je opozoril, da kakšnega posebnega razloga za tipanje Denisovih mišic ni. To sem namreč storila
            pred kamero,« je priznala Jasna, ki je pred kratkim z Denisom in Laro razglabljala tudi o bosanskih
            ljubimcih, saj je beseda nanesla na tekmovalca in partnerja iz letošnje sezone Marušo in Fakija, ki je po
            rodu iz Bosne. Jasno smo zato povprašali, ali je tudi sama kdaj ljubimkala z Bosancem. »Oprostite, katera
            Slovenka pa nima izkušenj z Bosanci? Ko gledam Marušo in Fakija, se mi včasih zdi, kot bi gledala kakšen
            film o sebi pred desetimi leti,« pravi Jasna, ki s svojo ženskostjo kot tudi z ostrino skrbi, da gledalcem
            nikoli ni dolgčas.
        </article-text-transliterated>
    </article>
    <comments>
        <comments-count>0</comments-count>
        <comment-list/>
    </comments>
</document>