<document global-id="si-02-1243">
    <url>https://www.slovenskenovice.si/bulvar/clanek/kako-je-v-trenutku-ostal-brez-300-tisocakov</url>
    <source-id>si-02</source-id>
    <local-id>1243</local-id>
    <source-name>Slovenske_novice</source-name>
    <article>
        <article-title>Kako je v trenutku ostal brez 300 tisočakov</article-title>
        <article-title-transliterated>Kako je v trenutku ostal brez 300 tisočakov</article-title-transliterated>
        <article-time>2017-08-15</article-time>
        <article-author>A. J.</article-author>
        <article-text>Samovoljno se je udeležil praznika kitajske vojske. Belgijski princ Laurent je povzročil pravi
            škandal, ko se je na svojo roko udeležil praznovanja ustanovitve kitajske vojske. Mlajši brat kralja
            Philippa je fotografije sebe na dogodku objavil na spletu, kljub lanskemu opozorilu premierja Charlesa
            Michela, da se ne sme udeleževati pogovorov z visokimi tujimi uradniki, ne da bi pred tem obvestil vlado.
            Princ je namreč že decembra 2016 razjezil oblasti s kontroverznimi obiski, med katerimi je bil obisk
            premierja Šrilanke. Takrat so ga opozorili, da mu bodo ukinili 300.000-evrski državni dodatek, če bo kaj
            takšnega še kdaj ponovil.
            Muhasti Laurent je prepoved prekršil 19. julija, ko se je udeležil praznika Ljudske osvobodilne vojske na
            kitajski ambasadi v Bruslju. A takrat za njegov obisk ni vedel nihče. Da je bil princ, mož v Veliki
            Britaniji rojene princese Claire, na ambasadi, se je razvedelo šele pred kratkim, ko se je na spletu znašla
            njegova fotografija z zabave. Za nameček, lahkomiselneža ni izdala kaka tretja oseba – posnetke z dogodka je
            s sledilci na twitterju delil kar sam. Premier Michel naj bi tako pred dvema dnevoma, popolnoma brez
            omahovanja, uresničil kazen, s katero je grozil: takoj, ko je izvedel za zadevo, je poklical kralja Philippa
            in mu razkril, da je neposlušni princ ob denar. Kralj Philippe je menda odločitev, ki vsekakor ni običajna,
            brez ugovorov sprejel. Užaljeni Laurent pa je prepričan, da ga kaznujejo po krivici. Pravi, da je bila
            njegova udeležba na praznovanju zasebne narave in da je zato »le njegova stvar«.
            Svojeglavi princ ima za seboj že vrsto raznih afer. Nedavno je denimo šokiral javnost, ko je novinarju, ki
            ga je spraševal o financah njegovih podjetij za obnovljivo energijo, zabrusil, da »mu gre na na k***«. »Če
            bi mi nekateri politiki nehali dihati za ovratnik, če bi mi za ovratnik nehala dihati moja družina, bi vam
            lahko pokazal, da smo v plusu,« je dejal.
            Njegovo vedenje dela sive lase tako politikom, ki so prepričani, da Laurent ne more dobivati
            davkoplačevalskega denarja in se hkrati obnašati, kot mu pade na pamet, pa tudi bratu, kralju Philippu.
            Slednjega skrbi, da Laurent meče slabo luč na celotno kraljevo hišo. Lani se je tako odločil, da njegovi
            otroci v nazivu ne smejo nositi pridevnika belgijski. 

            Eko smotko
            Ker se princ Laurent intenzivno zavzema za pravice živali in okoljske probleme, si je v javnosti nakopal
            vzdevek ecolo-gaffeur, kar bi v slovenščino lahko prevedli kot eko trap ali eko smotko.
        </article-text>
        <article-text-transliterated>Samovoljno se je udeležil praznika kitajske vojske. Belgijski princ Laurent je
            povzročil pravi škandal, ko se je na svojo roko udeležil praznovanja ustanovitve kitajske vojske. Mlajši
            brat kralja Philippa je fotografije sebe na dogodku objavil na spletu, kljub lanskemu opozorilu premierja
            Charlesa Michela, da se ne sme udeleževati pogovorov z visokimi tujimi uradniki, ne da bi pred tem obvestil
            vlado. Princ je namreč že decembra 2016 razjezil oblasti s kontroverznimi obiski, med katerimi je bil obisk
            premierja Šrilanke. Takrat so ga opozorili, da mu bodo ukinili 300.000-evrski državni dodatek, če bo kaj
            takšnega še kdaj ponovil.
            Muhasti Laurent je prepoved prekršil 19. julija, ko se je udeležil praznika Ljudske osvobodilne vojske na
            kitajski ambasadi v Bruslju. A takrat za njegov obisk ni vedel nihče. Da je bil princ, mož v Veliki
            Britaniji rojene princese Claire, na ambasadi, se je razvedelo šele pred kratkim, ko se je na spletu znašla
            njegova fotografija z zabave. Za nameček, lahkomiselneža ni izdala kaka tretja oseba – posnetke z dogodka je
            s sledilci na twitterju delil kar sam. Premier Michel naj bi tako pred dvema dnevoma, popolnoma brez
            omahovanja, uresničil kazen, s katero je grozil: takoj, ko je izvedel za zadevo, je poklical kralja Philippa
            in mu razkril, da je neposlušni princ ob denar. Kralj Philippe je menda odločitev, ki vsekakor ni običajna,
            brez ugovorov sprejel. Užaljeni Laurent pa je prepričan, da ga kaznujejo po krivici. Pravi, da je bila
            njegova udeležba na praznovanju zasebne narave in da je zato »le njegova stvar«.
            Svojeglavi princ ima za seboj že vrsto raznih afer. Nedavno je denimo šokiral javnost, ko je novinarju, ki
            ga je spraševal o financah njegovih podjetij za obnovljivo energijo, zabrusil, da »mu gre na na k***«. »Če
            bi mi nekateri politiki nehali dihati za ovratnik, če bi mi za ovratnik nehala dihati moja družina, bi vam
            lahko pokazal, da smo v plusu,« je dejal.
            Njegovo vedenje dela sive lase tako politikom, ki so prepričani, da Laurent ne more dobivati
            davkoplačevalskega denarja in se hkrati obnašati, kot mu pade na pamet, pa tudi bratu, kralju Philippu.
            Slednjega skrbi, da Laurent meče slabo luč na celotno kraljevo hišo. Lani se je tako odločil, da njegovi
            otroci v nazivu ne smejo nositi pridevnika belgijski. 

            Eko smotko
            Ker se princ Laurent intenzivno zavzema za pravice živali in okoljske probleme, si je v javnosti nakopal
            vzdevek ecolo-gaffeur, kar bi v slovenščino lahko prevedli kot eko trap ali eko smotko.
        </article-text-transliterated>
    </article>
    <comments>
        <comments-count>0</comments-count>
        <comment-list/>
    </comments>
</document>