<document global-id="si-02-12">
    <url>
        https://www.slovenskenovice.si/lifestyle/seksi/clanek/11-dejstev-o-zenskem-orgazmu-ki-bi-jih-moski-morali-poznati
    </url>
    <source-id>si-02</source-id>
    <local-id>12</local-id>
    <source-name>Slovenske_novice</source-name>
    <article>
        <article-title>11 dejstev o ženskem orgazmu, ki bi jih moški morali poznati</article-title>
        <article-title-transliterated>11 dejstev o ženskem orgazmu, ki bi jih moški morali poznati
        </article-title-transliterated>
        <article-time>2017-03-17</article-time>
        <article-author>M. F.</article-author>
        <article-text>Pojasnjujejo jih same. Ženski orgazem. Čudovit in skrivnosten. Čeprav je večina moških
            prepričanih, da vse, kar je z njim povezano, dobro poznajo, se one s tem ne bi strinjale. Vsem pripadnikom
            močnejšega spola zato na srce polagajo naslednja dejstva o ženskem vrhuncu, ki bi jih oni morali poznati.

            To, da ne krčimo, ne pomeni, da ne uživamo
            Včasih orgazem res spominja na velik ognjemet, včasih se kaže zgolj v obliki drobnih iskric. A verjemite,
            tudi če kdaj iz naših grl ne izvabi glasnih krikov, v vsakem primeru uživamo.
            Prsti ne prinašajo vedno užitka
            Neredko so prsti tam spodaj res samo prsti tam spodaj. Ne pričakujte velikih rezultatov brez prave
            strategije in se naučite uporabljati orodje.
            Ne doživljamo ga vedno na enak način
            Če nas v ponedeljek do njega pripeljete s tisto seksi potezo z jezikom, to ne pomeni, da bo ta delovala tudi
            v sredo. Nič ni narobe z izvedbo, le ne zagrejejo nas vedno enaki prijemi. Res je, naši orgazmi so
            zapleteni.
            Ogrevanje je pomembno
            Če ne veste, da je, preden v akcijo vstopi težko orožje, potrebno ogrevanje, ne zaslužite, da bi sploh
            okušali seks. Seveda so tudi izjeme (hiter seks na stranišču), a večinoma velja: brez prave predigre
            končnega rezultata ne bo.
            Tudi če ga ni, ni nič narobe
            Torej, potrudili ste se po svojih najboljših močeh, vrhunca pa ni bilo. To ne pomeni, da vas nimamo rade in
            da niste seksi. Včasih pač uživamo samo v poti, čeprav nas ta ne pripelje do cilja.
            Ne domnevajte, da smo ga doživele
            Nikar se ne veselite in si ne pripisujte vedno zaslug za nekaj, česar sploh ni bilo. Pogosto ste res preveč
            zaverovani vase, da bi to sploh opazili.
            In ne, da ga nismo
            Včasih so naše zmage tihe in komaj opazne, a to ne pomeni, da niso sladke.
            Klitoralni orgazem ni vaginalni
            Žalostno je dejstvo, da obstajajo moški, ki še vedno ne vedo, kje se nahaja klitoris. Kajti že dolgo je
            znana resnica, da so ženske, ki lahko orgazem doživijo zgolj z njegovo stimulacijo. Druge potrebujejo
            stimulacjo G-točke, so tudi srečnice, ki so deležne vaginalnih orgazmov. Dobro je poznati, kaj do njega
            pripelje tisto, ki jo imate ob sebi.
            Bradavičke niso vedno stranski igralci

            Orgazmi, ki jih izzove zgolj stimulacija bradavic, so dejstvo. Bradavičke torej niso zgolj stranski igralci.
            Včasih so nekateri deli preobčutljivi
            Ob izdatni stimulaciji ali po orgazmu so nekateri naši predeli občutljivi na dotik in zato se, ko jih hočete
            razvajati, nekoliko odmaknemo. Nič ni narobe z vašimi prijemi, le malce počitka bi rade, preden nadaljujete
            akcijo.
            Igračke niso vaše sovražnice
            Res nam vibrator zagotavlja izjemne orgazme, a to ne pomeni, da ste vi zato na drugem mestu. Ne glede na to,
            katera igračka je v našem predalu, še vedno ste nenadomestljivi.
        </article-text>
        <article-text-transliterated>Pojasnjujejo jih same. Ženski orgazem. Čudovit in skrivnosten. Čeprav je večina
            moških prepričanih, da vse, kar je z njim povezano, dobro poznajo, se one s tem ne bi strinjale. Vsem
            pripadnikom močnejšega spola zato na srce polagajo naslednja dejstva o ženskem vrhuncu, ki bi jih oni morali
            poznati.

            To, da ne krčimo, ne pomeni, da ne uživamo
            Včasih orgazem res spominja na velik ognjemet, včasih se kaže zgolj v obliki drobnih iskric. A verjemite,
            tudi če kdaj iz naših grl ne izvabi glasnih krikov, v vsakem primeru uživamo.
            Prsti ne prinašajo vedno užitka
            Neredko so prsti tam spodaj res samo prsti tam spodaj. Ne pričakujte velikih rezultatov brez prave
            strategije in se naučite uporabljati orodje.
            Ne doživljamo ga vedno na enak način
            Če nas v ponedeljek do njega pripeljete s tisto seksi potezo z jezikom, to ne pomeni, da bo ta delovala tudi
            v sredo. Nič ni narobe z izvedbo, le ne zagrejejo nas vedno enaki prijemi. Res je, naši orgazmi so
            zapleteni.
            Ogrevanje je pomembno
            Če ne veste, da je, preden v akcijo vstopi težko orožje, potrebno ogrevanje, ne zaslužite, da bi sploh
            okušali seks. Seveda so tudi izjeme (hiter seks na stranišču), a večinoma velja: brez prave predigre
            končnega rezultata ne bo.
            Tudi če ga ni, ni nič narobe
            Torej, potrudili ste se po svojih najboljših močeh, vrhunca pa ni bilo. To ne pomeni, da vas nimamo rade in
            da niste seksi. Včasih pač uživamo samo v poti, čeprav nas ta ne pripelje do cilja.
            Ne domnevajte, da smo ga doživele
            Nikar se ne veselite in si ne pripisujte vedno zaslug za nekaj, česar sploh ni bilo. Pogosto ste res preveč
            zaverovani vase, da bi to sploh opazili.
            In ne, da ga nismo
            Včasih so naše zmage tihe in komaj opazne, a to ne pomeni, da niso sladke.
            Klitoralni orgazem ni vaginalni
            Žalostno je dejstvo, da obstajajo moški, ki še vedno ne vedo, kje se nahaja klitoris. Kajti že dolgo je
            znana resnica, da so ženske, ki lahko orgazem doživijo zgolj z njegovo stimulacijo. Druge potrebujejo
            stimulacjo G-točke, so tudi srečnice, ki so deležne vaginalnih orgazmov. Dobro je poznati, kaj do njega
            pripelje tisto, ki jo imate ob sebi.
            Bradavičke niso vedno stranski igralci

            Orgazmi, ki jih izzove zgolj stimulacija bradavic, so dejstvo. Bradavičke torej niso zgolj stranski igralci.
            Včasih so nekateri deli preobčutljivi
            Ob izdatni stimulaciji ali po orgazmu so nekateri naši predeli občutljivi na dotik in zato se, ko jih hočete
            razvajati, nekoliko odmaknemo. Nič ni narobe z vašimi prijemi, le malce počitka bi rade, preden nadaljujete
            akcijo.
            Igračke niso vaše sovražnice
            Res nam vibrator zagotavlja izjemne orgazme, a to ne pomeni, da ste vi zato na drugem mestu. Ne glede na to,
            katera igračka je v našem predalu, še vedno ste nenadomestljivi.
        </article-text-transliterated>
    </article>
    <comments>
        <comments-count>0</comments-count>
        <comment-list/>
    </comments>
</document>