<?xml version="1.0" encoding="utf-8"?>
<document global-id="si-01-1007">
	<url>https://www.delo.si/mnenja/blogi/dobro-jutro-poljub-morskemu-psu.html</url>
	<source-id>si-01</source-id>
	<local-id>1007</local-id>
	<source-name>Delo</source-name>
	<article>
		<article-title>Dobro jutro: Poljub morskemu psu</article-title>
		<article-title-transliterated>Dobro jutro: Poljub morskemu psu</article-title-transliterated>
		<article-time>2016-06-07</article-time>
		<article-author>Zorana Baković</article-author>
		<article-text>Ocean je moje najljubše agregatno stanje. Vodno, modro, slano in veliko. In 8. junij je svetovni dan oceanov. Zato predlagam: skočimo v morje, vsaj v mislih, in se spomnimo, kako zelo smo vsi ljudje tega sveta neizogibno povezani. Združeni smo z lepoto odprtega morja in postanemo eno v strahu pred globino. In tako zelo smo majhni, kadar se znajdemo sredi silovitih valov sprememb.Vsako leto ima svetovni dan oceanov drugačno geslo. Tokrat: »Zdravi oceani, zdrav planet«. Dodamo lahko: »Zdravi ljudje.« Ne mečimo plastenk v morje. Ne pustimo, da v naša modra pljuča teče črna nafta. Opomnimo Kitajce, da se lahko poročamo tudi brez juhe iz plavuti morskega psa. Za poroko v Hongkongu jih mora povprečno umreti okoli 30. Ne pustimo, da bo ocean jokal vsakič, kadar se bodo ljudje veselili.Po oceanih potuje blago, s katerim trgujemo; ideje, ki nas bodo navdihnile; topel veter, ki nam prinaša dež; politične strasti, ki nas delijo in združujejo. Na zemljevidu sveta prevladuje voda. Vsi stojimo na obali nekega velikega morja, iz katerega črpamo življenje, ki mu vračamo svojo – čisto ali umazano – vest.Dan oceanov je poziv človeštvu, naj ima rado svoj skupni dom. Naj se mu pokloni, da se ga bo usmilil, in naj pošlje morskemu psu poljub svetega sobivanja. To je trenutek, ko morajo razprave o političnih delitvah, terorističnih grožnjah in zgodovinskih nesoglasjih potoniti na dno, da bi jih očistila hladna globina skupnega obstoja. Vse, kar nas na že onesnaženem kopnem dela nervozne, nezadovoljne in besne, je tako nesmiselno, kadar izpluje na odprto gladino ocena, da nepovezan val niti ne opazi, kako je vse to v trenutku spremenil v minljivo morsko peno. Ocean je življenje. Ali morda valovi tudi na Veneri in Marsu? Na Zemlji je velikanski. Toda čim manj ga ljudje cenijo, tem večji postaja ... in grize nam obalo, preplavlja mesta, potaplja otoke. Radi imamo ocean. Njegov šepet je skupni jezik, ki mu moramo pozorno prisluhniti. Celo takrat, kadar nas je strah pošasti iz globine.</article-text>
		<article-text-transliterated>Ocean je moje najljubše agregatno stanje. Vodno, modro, slano in veliko. In 8. junij je svetovni dan oceanov. Zato predlagam: skočimo v morje, vsaj v mislih, in se spomnimo, kako zelo smo vsi ljudje tega sveta neizogibno povezani. Združeni smo z lepoto odprtega morja in postanemo eno v strahu pred globino. In tako zelo smo majhni, kadar se znajdemo sredi silovitih valov sprememb.Vsako leto ima svetovni dan oceanov drugačno geslo. Tokrat: »Zdravi oceani, zdrav planet«. Dodamo lahko: »Zdravi ljudje.« Ne mečimo plastenk v morje. Ne pustimo, da v naša modra pljuča teče črna nafta. Opomnimo Kitajce, da se lahko poročamo tudi brez juhe iz plavuti morskega psa. Za poroko v Hongkongu jih mora povprečno umreti okoli 30. Ne pustimo, da bo ocean jokal vsakič, kadar se bodo ljudje veselili.Po oceanih potuje blago, s katerim trgujemo; ideje, ki nas bodo navdihnile; topel veter, ki nam prinaša dež; politične strasti, ki nas delijo in združujejo. Na zemljevidu sveta prevladuje voda. Vsi stojimo na obali nekega velikega morja, iz katerega črpamo življenje, ki mu vračamo svojo – čisto ali umazano – vest.Dan oceanov je poziv človeštvu, naj ima rado svoj skupni dom. Naj se mu pokloni, da se ga bo usmilil, in naj pošlje morskemu psu poljub svetega sobivanja. To je trenutek, ko morajo razprave o političnih delitvah, terorističnih grožnjah in zgodovinskih nesoglasjih potoniti na dno, da bi jih očistila hladna globina skupnega obstoja. Vse, kar nas na že onesnaženem kopnem dela nervozne, nezadovoljne in besne, je tako nesmiselno, kadar izpluje na odprto gladino ocena, da nepovezan val niti ne opazi, kako je vse to v trenutku spremenil v minljivo morsko peno. Ocean je življenje. Ali morda valovi tudi na Veneri in Marsu? Na Zemlji je velikanski. Toda čim manj ga ljudje cenijo, tem večji postaja ... in grize nam obalo, preplavlja mesta, potaplja otoke. Radi imamo ocean. Njegov šepet je skupni jezik, ki mu moramo pozorno prisluhniti. Celo takrat, kadar nas je strah pošasti iz globine.</article-text-transliterated>
	</article>
	<comments>
		<comments-count>0</comments-count>
		<comments-list/>
	</comments>
</document>
