<document global-id="si-01-108">
    <url>https://www.delo.si/kultura/glasba/album-tedna-brodka-clashes.html</url>
    <source-id>si-01</source-id>
    <local-id>108</local-id>
    <source-name>Delo</source-name>
    <article>
        <article-title>Album tedna: Brodka, Clashes</article-title>
        <article-title-transliterated>Album tedna: Brodka, Clashes</article-title-transliterated>
        <article-time>2016-05-13</article-time>
        <article-author>Zdenko Matoz</article-author>
        <article-text>Prvi mednarodni album izjemne poljske pevke. Brodka
            Clashes
            Kayax, Play It Again Sam, 2016

            Poljska glasbenica, pevka, kitaristka in skladateljica Monika Brodka, znana doma in po svetu predvsem po
            svojem priimku, je nase sicer opozorila kot zmagovalka tretje sezone poljske različice televizijskega šova
            Idol leta 2004, ko je bila stara 16 let. Doslej je izdala štiri albume, pri mednarodnem občinstvu pa je
            vzbudila zanimanje s tretjim albumom Granda (2010). To je bil album, s katerim se je dejansko vrnila na
            sceno in prinaša mešanico alter rocka in elektronike, prepletene s poljskimi glasbenimi vzorci, za katere je
            odgovoren njen vzornik in oče, potujoči glasbenik.

            Na novem albumu Clashes, ki je izšel včeraj, pa je naredila korak naprej, saj je izdala album za mednarodno
            tržišče. Na svojem facebook profilu je zapisala, da je ne moti, da se je to zgodilo na petek 13. »Na ta
            trenutek sem čakala tako dolgo. Zadnjih nekaj let mojega življenja je zbranih v teh pesmih. Upam, da bo
            album Clashes dosegel ljudi, ki imajo enako prijazno občutljivost kot jaz. Tu sem vam dala košček srca.
            Ugriznite vanj!«

            In res je treba priznati, da je v teh pesmih precej njenega srca pa tudi duše, kar je odela tako v sredinski
            kot alternativni pop, rock in folk. Ne dogaja se pogosto, da zmagovalci šovov glasbenih talentov potem tudi
            v resnici naredijo kaj zanimivega. Brodka je pri tem izjemna, saj svojo pop glasbo, s katero je zaslovela na
            Poljskem, z avantgardnimi pristopi dela zanimivo tudi za širše tržišče. V teh šestih letih je Brodka še bolj
            dozorela in pripravila dinamičen album, ki ga je snemala v Varšavi in New Yorku, za svoji veliki vzornici pa
            navaja Björk and PJ Harvey. Te njune vplive se da zlahka izluščiti v nekonvencionalnih vokalnih pristopih in
            pa tudi njeni nagnjenosti k neprestanemu spreminjanju.

            To je njen prvi album v angleščini in hkrati njen prvi, ki je izšel zunaj Poljske, zato se ji je izbira tega
            jezika tudi zdela smiselna. Povedala je, da je ob nastajanju albuma imela v mislih to, da bo izšel v
            različnih državah, kjer ga bodo poslušali, in je zanjo zelo pomembno, da komunicira s svojimi pesmimi. Zato
            se je, čeprav težkega srca, odločila, da bo pesmi odpela v angleščini.

            Album Clashes je izvrsten primer sodobne popularne glasbe, ki ima mednarodni potencial in ne prihaja iz
            anglosaksonskega kulturnega okolje ob hkratni univerzalnosti, ki je značilna za globalno popularno glasbo.
        </article-text>
        <article-text-transliterated>Prvi mednarodni album izjemne poljske pevke. Brodka
            Clashes
            Kayax, Play It Again Sam, 2016

            Poljska glasbenica, pevka, kitaristka in skladateljica Monika Brodka, znana doma in po svetu predvsem po
            svojem priimku, je nase sicer opozorila kot zmagovalka tretje sezone poljske različice televizijskega šova
            Idol leta 2004, ko je bila stara 16 let. Doslej je izdala štiri albume, pri mednarodnem občinstvu pa je
            vzbudila zanimanje s tretjim albumom Granda (2010). To je bil album, s katerim se je dejansko vrnila na
            sceno in prinaša mešanico alter rocka in elektronike, prepletene s poljskimi glasbenimi vzorci, za katere je
            odgovoren njen vzornik in oče, potujoči glasbenik.

            Na novem albumu Clashes, ki je izšel včeraj, pa je naredila korak naprej, saj je izdala album za mednarodno
            tržišče. Na svojem facebook profilu je zapisala, da je ne moti, da se je to zgodilo na petek 13. »Na ta
            trenutek sem čakala tako dolgo. Zadnjih nekaj let mojega življenja je zbranih v teh pesmih. Upam, da bo
            album Clashes dosegel ljudi, ki imajo enako prijazno občutljivost kot jaz. Tu sem vam dala košček srca.
            Ugriznite vanj!«

            In res je treba priznati, da je v teh pesmih precej njenega srca pa tudi duše, kar je odela tako v sredinski
            kot alternativni pop, rock in folk. Ne dogaja se pogosto, da zmagovalci šovov glasbenih talentov potem tudi
            v resnici naredijo kaj zanimivega. Brodka je pri tem izjemna, saj svojo pop glasbo, s katero je zaslovela na
            Poljskem, z avantgardnimi pristopi dela zanimivo tudi za širše tržišče. V teh šestih letih je Brodka še bolj
            dozorela in pripravila dinamičen album, ki ga je snemala v Varšavi in New Yorku, za svoji veliki vzornici pa
            navaja Björk and PJ Harvey. Te njune vplive se da zlahka izluščiti v nekonvencionalnih vokalnih pristopih in
            pa tudi njeni nagnjenosti k neprestanemu spreminjanju.

            To je njen prvi album v angleščini in hkrati njen prvi, ki je izšel zunaj Poljske, zato se ji je izbira tega
            jezika tudi zdela smiselna. Povedala je, da je ob nastajanju albuma imela v mislih to, da bo izšel v
            različnih državah, kjer ga bodo poslušali, in je zanjo zelo pomembno, da komunicira s svojimi pesmimi. Zato
            se je, čeprav težkega srca, odločila, da bo pesmi odpela v angleščini.

            Album Clashes je izvrsten primer sodobne popularne glasbe, ki ima mednarodni potencial in ne prihaja iz
            anglosaksonskega kulturnega okolje ob hkratni univerzalnosti, ki je značilna za globalno popularno glasbo.
        </article-text-transliterated>
    </article>
    <comments>
        <comments-count>0</comments-count>
        <comment-list/>
    </comments>
</document>