<document global-id="si-01-1473">
    <url>https://www.delo.si/polet/biti-fit-z-minuto-vadbe-na-dan-ja-potem-pa-pride-svizec-in-182018.html</url>
    <source-id>si-01</source-id>
    <local-id>1473</local-id>
    <source-name>Delo</source-name>
    <article>
        <article-title>FOTO:Biti fit z minuto vadbe na dan? Ja, potem pa pride svizec in ...</article-title>
        <article-title-transliterated>FOTO:Biti fit z minuto vadbe na dan? Ja, potem pa pride svizec in ...
        </article-title-transliterated>
        <article-time>2018-03-10</article-time>
        <article-author>Primož Kališnik</article-author>
        <article-text>Skoraj vse novo, pravijo, pride iz Amerike. Mnogo dobrega. In žal tudi tistega, za kar se zdi, da
            je prima, a je v resnici za zdravje škodljivo. Za splošno in športno. Seveda so še posebno opazni privlačni
            zapisi o športni rekreaciji in prehrani na najbolj prepoznavnih spletnih straneh na svetu. In spletna stran
            New York Timesa (NYT) je gotovo taka.
            Za mnoge je največje vprašanje v zvezi z rekreacijo, kdaj najti čas zanjo. In kako z malo vadbe, kar zadeva
            čas, biti čim boljši. Gretchen Reynolds (pravi: »Sem počasna, a zavzeta tekačica in kolesarka«) je
            kolumnistka na spletni strani New York Times in ji je uspel zares prepoznaven članek.

            Članek, ki bi ga morda v slovenščino lahko prevedli s tistim znanim reklom: »Ni vse zlato, kar se sveti!«

            In tako je tudi s člankom z naslovom »Ena minuta intenzivne vadbe lahko nadomesti 45 minut zmernega
            naprezanja« (1 Minute of All-Out Exercise May Have Benefits of 45 Minutes of Moderate Exertion).

            Prepričljivost po ameriško

            Gretchen Reynolds ni kdor koli, več kot desetletje že piše o zdravju in fitnesu, začela je v slovitih
            revijah za tekače Runner’s World in kolesarje, Bicycling magazine.
        </article-text>
        <article-text-transliterated>Skoraj vse novo, pravijo, pride iz Amerike. Mnogo dobrega. In žal tudi tistega, za
            kar se zdi, da je prima, a je v resnici za zdravje škodljivo. Za splošno in športno. Seveda so še posebno
            opazni privlačni zapisi o športni rekreaciji in prehrani na najbolj prepoznavnih spletnih straneh na svetu.
            In spletna stran New York Timesa (NYT) je gotovo taka.
            Za mnoge je največje vprašanje v zvezi z rekreacijo, kdaj najti čas zanjo. In kako z malo vadbe, kar zadeva
            čas, biti čim boljši. Gretchen Reynolds (pravi: »Sem počasna, a zavzeta tekačica in kolesarka«) je
            kolumnistka na spletni strani New York Times in ji je uspel zares prepoznaven članek.

            Članek, ki bi ga morda v slovenščino lahko prevedli s tistim znanim reklom: »Ni vse zlato, kar se sveti!«

            In tako je tudi s člankom z naslovom »Ena minuta intenzivne vadbe lahko nadomesti 45 minut zmernega
            naprezanja« (1 Minute of All-Out Exercise May Have Benefits of 45 Minutes of Moderate Exertion).

            Prepričljivost po ameriško

            Gretchen Reynolds ni kdor koli, več kot desetletje že piše o zdravju in fitnesu, začela je v slovitih
            revijah za tekače Runner’s World in kolesarje, Bicycling magazine.
        </article-text-transliterated>
    </article>
    <comments>
        <comments-count>0</comments-count>
        <comment-list/>
    </comments>
</document>