<?xml version="1.0" encoding="utf-8"?>
<document global-id="si-01-1096">
	<url>https://www.delo.si/mnenja/blogi/dobrodosli-v-dzungli-umetna-inteligenca-in-rasizem.html</url>
	<source-id>si-01</source-id>
	<local-id>1096</local-id>
	<source-name>Delo</source-name>
	<article>
		<article-title>Dobrodošli v džungli: Umetna inteligenca in rasizem</article-title>
		<article-title-transliterated>Dobrodošli v džungli: Umetna inteligenca in rasizem</article-title-transliterated>
		<article-time>2016-04-07</article-time>
		<article-author>Aljaž Pengov Bitenc</article-author>
		<article-text>Deset dni bo tega, kar se je Microsoftu spektakularno ponesrečil eksperiment s Tay, umetno inteligenco, ki so jo, programirano za učenje skozi interakcijo z uporabniki različnih družbenih omrežij, spustili v divjino, kot se reče, in jo manj kot štiriindvajset ur pozneje ugasnili, polno predsodkov, rasizma in mizoginije. Ironično, čeprav zgolj skupek programske kode, naj bi imela Tay žensko pojavnost. Za kaj je pravzaprav šlo: Tako kot večina drugih korporacij si tudi Microsoft želi odpreti kanal do milenijcev, se pravi generacije Y, ki velja za oglaševalski sveti gral. Kajti kdor bo uspešno nagovoril ipsilone, ki imajo po prepričanju nas, iksarjev, vsega polno rit, temu se bo v prihodnosti dobro godilo. In tako si korporacije, ki so jih ustanovili baby-boomerji in jih večinoma vodijo pripadniki − včasih celo pripadnice − generacije X, izmišljujejo najarazličnejše trike za lovljenje zanamcev. Tudi z umetno inteligenco (v tem primeru malo bolj naprednim chat-botom), ki naj bi uporabljala slog in sleng ipsilonov. In ker so interneti hitri in kruti, katastrofa seveda ni bila daleč. Zaznavši, da Tay sama po sebi ne ve, kaj je dobro in kaj slabo, so jo naši liki naučili rasističnih opazk, sovraštva do žensk in vseh drugih iteracij verbalnih in mentalnih odplak, ki se vsak dan prelivajo po internetih. Pač, ljudje so žleht. Ne vsi, mnogi pa. Kdo ve, morda pa je eksperiment s Tay pravzaprav uspel? Neka druga Tay, @SwiftOnSecurity, parodični twitter račun, poln zelo praktičnih nasvetov glede informacijske varnosti in slik Talyor Swift, je na twiitterjih zapisala, da je Microsoftovi Tay reči, da je rasistka, tako nekako kot ogledalu reči, da je grdo. V obeh primerih obračunavamo z napačno tarčo. Sovražni, bolje rečeno nevarni govor je dandanes tako vseprisoten, da ga komajda še opazimo. Še več, retorika, ki se danes vedno bolj prebija proti sredini političnega in družbenega prostora, je nekoč veljala tako rekoč za eksperimentalno in hudo nesprejemljivo. Danes pa del političnega razreda v zganjanju panike in sovraštva do beguncev mirno uporablja prijeme, ki so jih pred desetletjem ali več politični izločki uporabljali proti Romom. Ali pa, v domačem primeru, proti izbrisanim. Čefurjem. Tačrnim. Pedrom. Jugonostalgikom. Ali pač katerikoli drugi družbeni skupini, ki je bila tisti dan na tapeti. Pri tem se dogajajo zanimivi paradoksi. Marine Le Pen, šefica francoske skrajno desničarske Nacionalne fronte, je lani iz stranke izgnala Jean-Marieja Le Pena, svojega očeta in ustanovitelja stranke, češ da je njegov svetovni nazor preveč skrajen. In res, stari Le Pen je bil včeraj obsojen na trideset tisoč evrov kazni zaradi zmanjševanja pomena vojnih zločinov. Pred časom je namreč dejal, da so bile plinske celice zgolj »podrobnost druge svetovne vojne«. Hkrati pa je bila hčerka Le Pen lani oproščena spodbujanja sovraštva, ko je dejala, da so francoski muslimani podobni nacističnim okupatorjem. Zadnje čase je ponovno opazen trend skrivanja nevarnega govora za načelom svobode izražanja. V Blatnem dolu je to še posebej očitno, tudi če vodjo Stranke izločimo zavoljo, hm, uravnoteženja konkurence. Pač tisto, kar rečejo »naši«, je svoboda govora, kar rečejo »njihovi«, je pa podpihovanje sovraštva. A pravzaprav ne gre za delitev na naše ali njihove. Gre preprosto za to, da se je količina rasističnih, mizoginih in splošnih retardov, ki nam hočeš nočeš krojijo življenje, skokovito povečala. Za retarde velja, da vsak od nas pozna vsaj enega. Je pa res, da so nekateri strahovito blizu tega, da postanejo ameriški predsedniki. *** Aljaž Pengov Bitenc ni neznano ime. Nasprotno, med tviteraši je znan pod vzdevkom @pengovsky, na spletnem radiu Kaos opravlja naloge urednika, na straneh Nedela pa v vlogi političnega komentatorja sooblikuje družbeno klimo. Mnenj, ki praviloma ne ostanejo neopažena, ne deli le v slovenskem, ampak tudi v angleškem jeziku; je tudi avtor bloga Sleeping with Pengovsky (sex and politics). Berete ga lahko tudi kot rednega blogerja na Delo.si. Njegove prispevke objavljamo vsak drugi četrtek ob 12. uri.</article-text>
		<article-text-transliterated>Deset dni bo tega, kar se je Microsoftu spektakularno ponesrečil eksperiment s Tay, umetno inteligenco, ki so jo, programirano za učenje skozi interakcijo z uporabniki različnih družbenih omrežij, spustili v divjino, kot se reče, in jo manj kot štiriindvajset ur pozneje ugasnili, polno predsodkov, rasizma in mizoginije. Ironično, čeprav zgolj skupek programske kode, naj bi imela Tay žensko pojavnost. Za kaj je pravzaprav šlo: Tako kot večina drugih korporacij si tudi Microsoft želi odpreti kanal do milenijcev, se pravi generacije Y, ki velja za oglaševalski sveti gral. Kajti kdor bo uspešno nagovoril ipsilone, ki imajo po prepričanju nas, iksarjev, vsega polno rit, temu se bo v prihodnosti dobro godilo. In tako si korporacije, ki so jih ustanovili baby-boomerji in jih večinoma vodijo pripadniki − včasih celo pripadnice − generacije X, izmišljujejo najarazličnejše trike za lovljenje zanamcev. Tudi z umetno inteligenco (v tem primeru malo bolj naprednim chat-botom), ki naj bi uporabljala slog in sleng ipsilonov. In ker so interneti hitri in kruti, katastrofa seveda ni bila daleč. Zaznavši, da Tay sama po sebi ne ve, kaj je dobro in kaj slabo, so jo naši liki naučili rasističnih opazk, sovraštva do žensk in vseh drugih iteracij verbalnih in mentalnih odplak, ki se vsak dan prelivajo po internetih. Pač, ljudje so žleht. Ne vsi, mnogi pa. Kdo ve, morda pa je eksperiment s Tay pravzaprav uspel? Neka druga Tay, @SwiftOnSecurity, parodični twitter račun, poln zelo praktičnih nasvetov glede informacijske varnosti in slik Talyor Swift, je na twiitterjih zapisala, da je Microsoftovi Tay reči, da je rasistka, tako nekako kot ogledalu reči, da je grdo. V obeh primerih obračunavamo z napačno tarčo. Sovražni, bolje rečeno nevarni govor je dandanes tako vseprisoten, da ga komajda še opazimo. Še več, retorika, ki se danes vedno bolj prebija proti sredini političnega in družbenega prostora, je nekoč veljala tako rekoč za eksperimentalno in hudo nesprejemljivo. Danes pa del političnega razreda v zganjanju panike in sovraštva do beguncev mirno uporablja prijeme, ki so jih pred desetletjem ali več politični izločki uporabljali proti Romom. Ali pa, v domačem primeru, proti izbrisanim. Čefurjem. Tačrnim. Pedrom. Jugonostalgikom. Ali pač katerikoli drugi družbeni skupini, ki je bila tisti dan na tapeti. Pri tem se dogajajo zanimivi paradoksi. Marine Le Pen, šefica francoske skrajno desničarske Nacionalne fronte, je lani iz stranke izgnala Jean-Marieja Le Pena, svojega očeta in ustanovitelja stranke, češ da je njegov svetovni nazor preveč skrajen. In res, stari Le Pen je bil včeraj obsojen na trideset tisoč evrov kazni zaradi zmanjševanja pomena vojnih zločinov. Pred časom je namreč dejal, da so bile plinske celice zgolj »podrobnost druge svetovne vojne«. Hkrati pa je bila hčerka Le Pen lani oproščena spodbujanja sovraštva, ko je dejala, da so francoski muslimani podobni nacističnim okupatorjem. Zadnje čase je ponovno opazen trend skrivanja nevarnega govora za načelom svobode izražanja. V Blatnem dolu je to še posebej očitno, tudi če vodjo Stranke izločimo zavoljo, hm, uravnoteženja konkurence. Pač tisto, kar rečejo »naši«, je svoboda govora, kar rečejo »njihovi«, je pa podpihovanje sovraštva. A pravzaprav ne gre za delitev na naše ali njihove. Gre preprosto za to, da se je količina rasističnih, mizoginih in splošnih retardov, ki nam hočeš nočeš krojijo življenje, skokovito povečala. Za retarde velja, da vsak od nas pozna vsaj enega. Je pa res, da so nekateri strahovito blizu tega, da postanejo ameriški predsedniki. *** Aljaž Pengov Bitenc ni neznano ime. Nasprotno, med tviteraši je znan pod vzdevkom @pengovsky, na spletnem radiu Kaos opravlja naloge urednika, na straneh Nedela pa v vlogi političnega komentatorja sooblikuje družbeno klimo. Mnenj, ki praviloma ne ostanejo neopažena, ne deli le v slovenskem, ampak tudi v angleškem jeziku; je tudi avtor bloga Sleeping with Pengovsky (sex and politics). Berete ga lahko tudi kot rednega blogerja na Delo.si. Njegove prispevke objavljamo vsak drugi četrtek ob 12. uri.</article-text-transliterated>
	</article>
	<comments>
		<comments-count>0</comments-count>
		<comments-list/>
	</comments>
</document>
