<?xml version="1.0" encoding="utf-8"?>
<document global-id="si-01-1368">
	<url>https://www.delo.si/kultura/glasba/enrique-iglesias-koncno-v-ljubljani.html</url>
	<source-id>si-01</source-id>
	<local-id>1368</local-id>
	<source-name>Delo</source-name>
	<article>
		<article-title>Enrique Iglesias končno v Ljubljani</article-title>
		<article-title-transliterated>Enrique Iglesias končno v Ljubljani</article-title-transliterated>
		<article-time>2017-12-12</article-time>
		<article-author>Zdenko Matoz</article-author>
		<article-text>Znameniti sin znamenitih staršev, nekdanjega vratarja madridskega Reala in popevkarja Julia Iglesiasa ter manekenke in novinarke Isabel Preysler, Enrique Iglesias, v začetkih svoje kariere ni nastopal pod tem imenom. Na oder je stopil kot Enrique Martinez, šele kasneje je začel nastopati z odrskim imenom Enrique Iglesias. Njegovo rojstno ime je Enrique Miguel Iglesias Preysler in je dejansko podedoval prestol kralja latino popa kar od očeta.  Enrique Iglesias je eden vokalistov, ki pojejo predvsem v španščini, čeprav poje tudi v drugih jezikih in velja za najbolj popularnega latino izvajalca. V soboto, 12. maja 2018, pa bo nastopil prvič v Sloveniji, in sicer v ljubljanski dvorani Stožice v okviru nadaljevanja svetovne turneje Sex and Love, kot se imenuje njegov deseti, pred tremi leti izdani album. »Obstajajo trenutki na odru, ko si moram vzeti trenutek zase, ko pogledam okoli sebe ter sem prevzet s čustvi obiskovalcev in energije, ki jo soustvarijo z menoj na koncertu. Vsakič, ko pogledam naokoli, opazim množico nasmejanih obrazov, ki se jim nasmejim nazaj, saj me vedno znova opomnijo, kako srečen sem lahko, da lahko nastopam in sem prisoten,« pravi pevski in filmski zvezdnik. Glasbeno kariero je začel s prvim albumom leta 1995 in se kmalu uvrstil med najbolj prepoznavna imena svetovne pop glasbe. Svoj prvi album je posnel v Torontu v Kanadi. Od začetka kariere je prejel številne nagrade za svoje glasbene dosežke, med njegovimi najbolj popularnimi skladbami pa so Bailamos, Away, Hero, Be With You, Takin' Back My Love, Rhythm Divine in druge uspešnice. Enrique je že pred časom priznal, da mu je najbolj pri srcu pevec Elvis Presley, čigar glasbo zelo rad posluša. V preteklosti je sodeloval s piscem pesmi Guyem Chambersom, s katerim sta pripravila prvi in vodilni pop singel za Andreo Bocellija. Naslov skladbe je Un Nuovo Giorno, kasneje pa je svojo verzijo te pesmi v angleščini posnela nekdanja članica ženske skupine Spice Girls Melanie C.</article-text>
		<article-text-transliterated>Znameniti sin znamenitih staršev, nekdanjega vratarja madridskega Reala in popevkarja Julia Iglesiasa ter manekenke in novinarke Isabel Preysler, Enrique Iglesias, v začetkih svoje kariere ni nastopal pod tem imenom. Na oder je stopil kot Enrique Martinez, šele kasneje je začel nastopati z odrskim imenom Enrique Iglesias. Njegovo rojstno ime je Enrique Miguel Iglesias Preysler in je dejansko podedoval prestol kralja latino popa kar od očeta.  Enrique Iglesias je eden vokalistov, ki pojejo predvsem v španščini, čeprav poje tudi v drugih jezikih in velja za najbolj popularnega latino izvajalca. V soboto, 12. maja 2018, pa bo nastopil prvič v Sloveniji, in sicer v ljubljanski dvorani Stožice v okviru nadaljevanja svetovne turneje Sex and Love, kot se imenuje njegov deseti, pred tremi leti izdani album. »Obstajajo trenutki na odru, ko si moram vzeti trenutek zase, ko pogledam okoli sebe ter sem prevzet s čustvi obiskovalcev in energije, ki jo soustvarijo z menoj na koncertu. Vsakič, ko pogledam naokoli, opazim množico nasmejanih obrazov, ki se jim nasmejim nazaj, saj me vedno znova opomnijo, kako srečen sem lahko, da lahko nastopam in sem prisoten,« pravi pevski in filmski zvezdnik. Glasbeno kariero je začel s prvim albumom leta 1995 in se kmalu uvrstil med najbolj prepoznavna imena svetovne pop glasbe. Svoj prvi album je posnel v Torontu v Kanadi. Od začetka kariere je prejel številne nagrade za svoje glasbene dosežke, med njegovimi najbolj popularnimi skladbami pa so Bailamos, Away, Hero, Be With You, Takin' Back My Love, Rhythm Divine in druge uspešnice. Enrique je že pred časom priznal, da mu je najbolj pri srcu pevec Elvis Presley, čigar glasbo zelo rad posluša. V preteklosti je sodeloval s piscem pesmi Guyem Chambersom, s katerim sta pripravila prvi in vodilni pop singel za Andreo Bocellija. Naslov skladbe je Un Nuovo Giorno, kasneje pa je svojo verzijo te pesmi v angleščini posnela nekdanja članica ženske skupine Spice Girls Melanie C.</article-text-transliterated>
	</article>
	<comments>
		<comments-count>0</comments-count>
		<comments-list/>
	</comments>
</document>
