<document global-id="si-01-1433">
    <url>https://www.delo.si/polet/starostniki-in-odvecni-kilogrami-182975.html</url>
    <source-id>si-01</source-id>
    <local-id>1433</local-id>
    <source-name>Delo</source-name>
    <article>
        <article-title>FOTO: Starostniki in odvečni kilogrami</article-title>
        <article-title-transliterated>FOTO: Starostniki in odvečni kilogrami</article-title-transliterated>
        <article-time>2019-03-11</article-time>
        <article-author>doc.dr. Nada Kozjek, dr. med.</article-author>
        <article-text>Preden stari mami ali očetu predlagamo hujšanje zaradi ortopedskih težav, prav tako stari teti
            zaradi sladkorne bolezni ali debelemu stricu zaradi putike, najprej pretehtajmo tveganja in koristi
            »hujšanja«. Razmislek naj bo resen in tehten.

            Med tveganja namreč sodi tudi možnost podhranjenosti zaradi neprimernega vnosa hranil ter izgube mišične in
            kostne mase. Na drugi strani pa primerno uravnavanje telesnih mas, s katerim zmanjšamo telesni delež
            maščevja in varujemo funkcionalno maso, prispeva k izboljšanju dejavnikov tveganja kroničnih bolezni ter
            izboljša psihofizično počutje in gibljivost, kar pri izrazito debelih ugodno vpliva na preživetje.

            Problem?

            Obravnava debelosti je pri starostniku izjemno zahtevna, zato se je vedno lotimo individualno. Zelo
            individualno! Ključno se je zavedati, da je debelost kronična bolezen, ki se ni razvila čez noč, in da je
            pri starostniku zaloga funkcionalne mase šibka. Drugače od mlajših, ki so čezmerno težki ali debeli, so pri
            starostniku šibki tudi procesi v telesu, ki varujejo njegovo funkcionalno maso. Najbolj nevaren in tako
            najmanj smiseln ukrep je »hujšanje kar tako«, da bo starostnik bolj vitek.
        </article-text>
        <article-text-transliterated>Preden stari mami ali očetu predlagamo hujšanje zaradi ortopedskih težav, prav tako
            stari teti zaradi sladkorne bolezni ali debelemu stricu zaradi putike, najprej pretehtajmo tveganja in
            koristi »hujšanja«. Razmislek naj bo resen in tehten.

            Med tveganja namreč sodi tudi možnost podhranjenosti zaradi neprimernega vnosa hranil ter izgube mišične in
            kostne mase. Na drugi strani pa primerno uravnavanje telesnih mas, s katerim zmanjšamo telesni delež
            maščevja in varujemo funkcionalno maso, prispeva k izboljšanju dejavnikov tveganja kroničnih bolezni ter
            izboljša psihofizično počutje in gibljivost, kar pri izrazito debelih ugodno vpliva na preživetje.

            Problem?

            Obravnava debelosti je pri starostniku izjemno zahtevna, zato se je vedno lotimo individualno. Zelo
            individualno! Ključno se je zavedati, da je debelost kronična bolezen, ki se ni razvila čez noč, in da je
            pri starostniku zaloga funkcionalne mase šibka. Drugače od mlajših, ki so čezmerno težki ali debeli, so pri
            starostniku šibki tudi procesi v telesu, ki varujejo njegovo funkcionalno maso. Najbolj nevaren in tako
            najmanj smiseln ukrep je »hujšanje kar tako«, da bo starostnik bolj vitek.
        </article-text-transliterated>
    </article>
    <comments>
        <comments-count>0</comments-count>
        <comment-list/>
    </comments>
</document>