<document global-id="si-01-1435">
    <url>https://www.delo.si/novice/svet/20-apokalipticnih-podob-grske-tragedije-74732.html</url>
    <source-id>si-01</source-id>
    <local-id>1435</local-id>
    <source-name>Delo</source-name>
    <article>
        <article-title>FOTO:20 apokaliptičnih podob grške tragedije (FOTO)</article-title>
        <article-title-transliterated>FOTO:20 apokaliptičnih podob grške tragedije (FOTO)</article-title-transliterated>
        <article-time>2018-07-25</article-time>
        <article-author>Tina Vovk</article-author>
        <article-text>Divji požari v okolici Aten so zahtevali najmanj 77 življenj, za seboj pa pustili neverjetno
            razdejanje. Atene – V Grčiji poteka iskalna akcija za morebitnimi preživelimi gozdnih požarov v okolici
            Aten. Uradno število žrtev se je povzpelo na 77, natančno število pogrešanih sicer ni znano, a oblasti se
            bojijo, da se bo število mrtvih še povzpelo.

            Preberite še:

            »Plamen je bil videti kot velik jezik, ki golta hišo za hišo« (VIDEO)​

            Posnetki iz vesolja razkrivajo razsežnost grških požarov

            Po katastrofalnih požarih iščejo morebitne preživele (VIDEO)

            Uničeni so številni domovi, letovišče Mati vzhodno od Aten je skoraj povsem uničeno. Grški premier Aleksis
            Cipras je razglasil tridnevno žalovanje, Grčiji so na pomoč priskočile številne države, razdejanje, ki so ga
            povzročili ognjeni zublji, pa je pretresljivo.
        </article-text>
        <article-text-transliterated>Divji požari v okolici Aten so zahtevali najmanj 77 življenj, za seboj pa pustili
            neverjetno razdejanje. Atene – V Grčiji poteka iskalna akcija za morebitnimi preživelimi gozdnih požarov v
            okolici Aten. Uradno število žrtev se je povzpelo na 77, natančno število pogrešanih sicer ni znano, a
            oblasti se bojijo, da se bo število mrtvih še povzpelo.

            Preberite še:

            »Plamen je bil videti kot velik jezik, ki golta hišo za hišo« (VIDEO)​

            Posnetki iz vesolja razkrivajo razsežnost grških požarov

            Po katastrofalnih požarih iščejo morebitne preživele (VIDEO)

            Uničeni so številni domovi, letovišče Mati vzhodno od Aten je skoraj povsem uničeno. Grški premier Aleksis
            Cipras je razglasil tridnevno žalovanje, Grčiji so na pomoč priskočile številne države, razdejanje, ki so ga
            povzročili ognjeni zublji, pa je pretresljivo.
        </article-text-transliterated>
    </article>
    <comments>
        <comments-count>0</comments-count>
        <comment-list/>
    </comments>
</document>