<?xml version="1.0" encoding="utf-8"?>
<document global-id="si-01-1165">
	<url>https://www.delo.si/mnenja/blogi/doma-v-svetu-begunci-med-nami-1.html</url>
	<source-id>si-01</source-id>
	<local-id>1165</local-id>
	<source-name>Delo</source-name>
	<article>
		<article-title>Doma v svetu: Begunci med nami</article-title>
		<article-title-transliterated>Doma v svetu: Begunci med nami</article-title-transliterated>
		<article-time>2017-06-20</article-time>
		<article-author>Barbara Kramžar, Berlin</article-author>
		<article-text>Pekarna v naši soseščini, kamor nemške družine ob sobotnih dopoldnevih romajo po žemlje in krofe, je bila nekaj časa ob sredah zaprta. Na okna so zaman lepili oglase za iskanje delavcev, zdaj pa ob sobotah poleg nekaj nemških mladih pekarske umetnosti učijo tudi mladeniča arabskih potez.  Ob dnevu beguncev se tudi Nemci, ki so med zadnjim begunskim navalom sprejeli levji delež pribežnikov z Bližnjega vzhoda, Afganistana, Afrike in drugod, še bolj intenzivno kot sicer sprašujejo o tem tragičnem fenomenu sedanjosti: pri visokem komisariatu Združenih narodov za begunce ocenjujejo, da je na begu vsak 113. zemljan in nič ne kaže na izboljšanje položaja. Nemčija velja za vzorno gostiteljico beguncev, a je tudi tu rezultat zelo mešan. Leta 2015 je v državo, ki bi ob dobro delujočem gospodarstvu in nizki brezposelnosti potrebovala novo delovno silo, pribežalo več kot milijon ljudi, stotisoči so prišli tudi lani in letos, pa je maja delalo ali se učilo poklica le 180.000 ljudi. Zdaj je jasno, da imajo številni prišleki pomanjkljivo ali neustrezno izobrazbo, veliko jih je celo analfabetov. Za te nekatera nemška mesta zdaj zahtevajo osnovnošolsko obveznost do petindvajsetega leta starosti.Predsednik nemškega združenja delodajalcev Ingo Kramer je opozarjal pred črnogledimi zaključki, saj se je v letu ali dveh, kolikor so begunci v Nemčiji, težko naučiti že jezika, dovolj dobro znanje nemščine pa je pogoj za vsako zaposlitev: »Beguncem moramo dati nekaj časa.« A to najbrž velja predvsem za tiste, ki se resnično hočejo vključiti v nemško družbo in jim z delom tudi vrniti nekaj od neznanske dobrote, ki so jo prejeli, v tem času se je tudi potrojilo število ljudi neevropskega rodu, ki prosijo za socialno pomoč. V večini gre za Sirce, Iračane in Afganistance, hkrati pa ima tudi Nemčija velike težave z vračanjem tistih, ki nimajo pravice do azila. Beguncem pred vojnami se utegnejo kmalu priključiti begunci pred podnebnimi spremembami, verjame nemški minister za razvoj Gerd Müller in v tem primeru napoveduje do sto milijonov Afričanov na poti v Evropo. Na tej celini in še bolj na Bližnjem ter Srednjem vzhodu pa je vse večja nevarnost za vojaške spopade, in to ne le lokalnega značaja. V Katarju, Siriji in drugod gre ta čas tudi za veliko prerazporeditev geostrateškega vpliva, potem ko je ameriški predsednik Barack Obama odločilno vlogo prepustil Rusiji in Iranu. Ti državi podpirata sedanji sirski režim, ki je domnevno ubil stotisoče svojih državljanov ter razselil milijone. Evropa pa je v preteklosti tudi sama doživljala vojne in razdejanja in Nemčija ter nekatere druge države hočejo ohraniti svojo človekoljubnost. A postavlja čedalje več zahtev.  V Nemčiji so že prepovedali poroke mladoletnih oseb ter zakrivanje obraza v državnih službah in zaradi terorizma z islamističnim predznakom poostrili varnostne ukrepe. A bi morda morali vsaj dediči družbenih revolucij iz šestdesetih let prejšnjega stoletja postavljati še dodatne pogoje: kdor hoče živeti v Evropi, svojim ženam in hčeram ne sme odrekati svoboščin, ki so si jih priborile Evropejke, pa tudi sinovom, istospolno usmerjenim in vsem drugim »drugačnim. Pomembno je tudi nenasilje v družini in družbi. Tako imenovana »kultura« se pogosto razkriva pri najbolj banalnih stvareh in s pravo nima veliko skupnega.</article-text>
		<article-text-transliterated>Pekarna v naši soseščini, kamor nemške družine ob sobotnih dopoldnevih romajo po žemlje in krofe, je bila nekaj časa ob sredah zaprta. Na okna so zaman lepili oglase za iskanje delavcev, zdaj pa ob sobotah poleg nekaj nemških mladih pekarske umetnosti učijo tudi mladeniča arabskih potez.  Ob dnevu beguncev se tudi Nemci, ki so med zadnjim begunskim navalom sprejeli levji delež pribežnikov z Bližnjega vzhoda, Afganistana, Afrike in drugod, še bolj intenzivno kot sicer sprašujejo o tem tragičnem fenomenu sedanjosti: pri visokem komisariatu Združenih narodov za begunce ocenjujejo, da je na begu vsak 113. zemljan in nič ne kaže na izboljšanje položaja. Nemčija velja za vzorno gostiteljico beguncev, a je tudi tu rezultat zelo mešan. Leta 2015 je v državo, ki bi ob dobro delujočem gospodarstvu in nizki brezposelnosti potrebovala novo delovno silo, pribežalo več kot milijon ljudi, stotisoči so prišli tudi lani in letos, pa je maja delalo ali se učilo poklica le 180.000 ljudi. Zdaj je jasno, da imajo številni prišleki pomanjkljivo ali neustrezno izobrazbo, veliko jih je celo analfabetov. Za te nekatera nemška mesta zdaj zahtevajo osnovnošolsko obveznost do petindvajsetega leta starosti.Predsednik nemškega združenja delodajalcev Ingo Kramer je opozarjal pred črnogledimi zaključki, saj se je v letu ali dveh, kolikor so begunci v Nemčiji, težko naučiti že jezika, dovolj dobro znanje nemščine pa je pogoj za vsako zaposlitev: »Beguncem moramo dati nekaj časa.« A to najbrž velja predvsem za tiste, ki se resnično hočejo vključiti v nemško družbo in jim z delom tudi vrniti nekaj od neznanske dobrote, ki so jo prejeli, v tem času se je tudi potrojilo število ljudi neevropskega rodu, ki prosijo za socialno pomoč. V večini gre za Sirce, Iračane in Afganistance, hkrati pa ima tudi Nemčija velike težave z vračanjem tistih, ki nimajo pravice do azila. Beguncem pred vojnami se utegnejo kmalu priključiti begunci pred podnebnimi spremembami, verjame nemški minister za razvoj Gerd Müller in v tem primeru napoveduje do sto milijonov Afričanov na poti v Evropo. Na tej celini in še bolj na Bližnjem ter Srednjem vzhodu pa je vse večja nevarnost za vojaške spopade, in to ne le lokalnega značaja. V Katarju, Siriji in drugod gre ta čas tudi za veliko prerazporeditev geostrateškega vpliva, potem ko je ameriški predsednik Barack Obama odločilno vlogo prepustil Rusiji in Iranu. Ti državi podpirata sedanji sirski režim, ki je domnevno ubil stotisoče svojih državljanov ter razselil milijone. Evropa pa je v preteklosti tudi sama doživljala vojne in razdejanja in Nemčija ter nekatere druge države hočejo ohraniti svojo človekoljubnost. A postavlja čedalje več zahtev.  V Nemčiji so že prepovedali poroke mladoletnih oseb ter zakrivanje obraza v državnih službah in zaradi terorizma z islamističnim predznakom poostrili varnostne ukrepe. A bi morda morali vsaj dediči družbenih revolucij iz šestdesetih let prejšnjega stoletja postavljati še dodatne pogoje: kdor hoče živeti v Evropi, svojim ženam in hčeram ne sme odrekati svoboščin, ki so si jih priborile Evropejke, pa tudi sinovom, istospolno usmerjenim in vsem drugim »drugačnim. Pomembno je tudi nenasilje v družini in družbi. Tako imenovana »kultura« se pogosto razkriva pri najbolj banalnih stvareh in s pravo nima veliko skupnega.</article-text-transliterated>
	</article>
	<comments>
		<comments-count>0</comments-count>
		<comments-list/>
	</comments>
</document>
