<?xml version="1.0" encoding="utf-8"?>
<document global-id="si-01-1239">
	<url>https://www.delo.si/nedelo/drugacne-pocitnice-zacasni-dom-kjerkoli-srce-pozeli.html</url>
	<source-id>si-01</source-id>
	<local-id>1239</local-id>
	<source-name>Delo</source-name>
	<article>
		<article-title>Drugačne počitnice: Začasni dom kjerkoli srce poželi</article-title>
		<article-title-transliterated>Drugačne počitnice: Začasni dom kjerkoli srce poželi</article-title-transliterated>
		<article-time>2015-05-19</article-time>
		<article-author>Igor Fabjan, Nedelo</article-author>
		<article-text>Dva meseca v Avstraliji, mesec dni razvajanja v hiši z bazenom na Novi Zelandiji, nekajtedensko spanje v irskem dvorcu … in vse to tako rekoč zastonj? Le za prevoz boste morali poskrbeti in morda še za kakšno manjšo pomoč, pa bo vse to dosegljivo. Neobičajen in privlačen življenjski slog si lahko že nekaj let privoščita 38-letna Kanadčana Dalene in Pete Heck. Leta 2009 sta pustila dobro plačani službi, prodala hišo in avto ter se z imetjem le v dveh nahrbtnikih odpravila v svet. Predanost karieri sta zamenjala za nov cilj – brez nepremičnin in brez načrtov na preprost način spoznati čim več sveta. Svojo avanturo, ki še traja, sta začela tako, da sta namesto lastnikov, ki so odšli na daljše potovanje, skrbela za njihovo posestvo in psa v Kanadi. Stik za »sanjsko delo« sta vzpostavila prek ene izmed spletnih strani za house sitting – čuvanje hiše, na katerem lastniki hiš ali posestev iščejo zaupanja vredne osebe, ki bi nekaj tednov ali celo mesecev skrbele za njihovo lastnino in morebitne domače živali, medtem ko bodo sami odsotni. V zameno lahko brezplačno uživajo v novem domu, s katerim naj bi ravnali, kot da je njihov. Namesto strahu gostoljubje Dalene in Pete sta bila navdušena nad prvo izkušnjo in sledila je še bolj eksotična – nekajmesečna skrb za hišo v Hondurasu! V nekaj letih sta tako skoraj polovico časa brezplačno preživela v tujih domovih. Vmes sta si poiskala priložnostne zaposlitve, pomagala lokalnim skupnostim kot prostovoljca in se poskušala kar najbolj vklopiti v življenje domačinov. Sprva sta živela predvsem od prihrankov, zdaj pa nekaj zaslužita tudi z vedno bolje obiskano spletno stranjo www.hecktictravels.com. Na njej lahko podoživljate njune dogodivščine, na voljo pa je tudi elektronska knjiga z nasveti za tak način spoznavanja sveta. »Potovanje naju je popolnoma spremenilo. Spoznala sva, da še zdaleč ne potrebujeva vsega, kar sva imela, in da svet ni tako nevaren, kot mnogi svarijo. Namesto strahu sva odkrila najbolj gostoljubne ljudi,« pravi Dalene. Pete dodaja: »Potovati želiva preprosto, z minimalno opremo in hkrati dokazati, da je mogoče uživati življenje s skromnim imetjem.« Hišo, polno nepotrebnih stvari, sta torej zamenjala za nahrbtnika in se podala na dolgotrajno potovanje, ki ju osrečuje in izpolnjuje. Spoznala sta veliko zanimivih ljudi, učila plavati otroke v Boliviji, veslala med ledenimi gorami na Grenlandiji … Njuno potovanje je lani pritegnilo urednike revije National Geographic Travel, ki je pred leti izhajala tudi v slovenskem jeziku. Na podlagi glasovanja bralcev sta bila nominirana za popotnika leta. V izbor uvrščajo popotnike, ki doživljajo svet na poseben način ali s plemenitim namenom – poznavajo dežele kot prostovoljci, iščejo družinske korenine, želijo s socialnimi projekti povezati ljudi, iščejo dušo krajev v druženju z domačini. Slovenija med ljubšimi Pomembno pri njunem načinu potovanja je, da se znata prilagoditi bivanju v okolju, ki je ustvarjeno po meri nekoga drugega. Zato se vedno pozanimata o vsem, kar jima pride na misel. In kljub temu pogosto ugotavljata, da sta kaj pozabila! Že večkrat se je hiša, ki naj bi jo čuvala, zdela idealna, a se je hitro pokazalo kaj motečega. Tako sta v čudoviti hiši z vrtom na obrobju Pariza in v družbi dveh psičkov doživela tri tedne neprespanih noči – zaradi komarjev! Najhujšo izkušnjo sta imela v Turčiji, ko je poginila psica Juno, za katero sta skrbela. Ob prvih znakih bolezni sta jo peljala k veterinarju, a je ni mogel rešiti. Lastniki so bili žalostni, a hkrati razumevajoči, ko so videli, da sta naredila vse, kar je bilo v njuni moči. »Bilo je huje, kot bi umrl najin pes!« povesta Kanadčana. »Slovenija je bila ena najinih ljubših držav, ki sva jih obiskala,« konča klepet Dalene. »Sicer nisva našla hiše, za katero bi lahko skrbela, a sva spoznala čarobno naravo in čudovite ljudi.« Na tisoče uspešnih izmenjav Iskalce in ponudnike teh storitev združuje več spletnih strani. Med njimi se mi zdi ena najuporabnejših stran avstralskega podjetja House Carers, www.housecarers.com. Leta 2000 je Ian White kot eden prvih ponudil varno, zanesljivo in privlačno spletno stran za povezavo lastnikov nepremičnin s potencialnimi začasnimi stanovalci – skrbniki. Prek nje se je povezalo več tisoč podobno mislečih, ki so stkali številne zanimive dogodivščine, zgodbe in tudi trajna prijateljstva. »Srečen sem, ker sem mnogim pomagal uresničiti sanje, jim omogočil bivanje v krajih, o katerih so lahko samo sanjali. In pomagal lastnikom hišnih ljubljencev, da so se lahko brez skrbi odpravili na počitnice, ker je bilo za njihove živali dobro poskrbljeno kar na domu,« pravi Ian. Spraševal sem se, kakšni ljudje prepustijo svoj dom in domače živali popolnim neznancem. Bi bil med njimi lahko tudi sam? Večino odgovorov sem našel na Ianovih straneh in spletnih forumih: »S sorodniki in prijatelji se ne izide vedno, kadar želiva na potovanje,« sta povedala avstralska zakonca. »Poleg tega jih nočeva obremenjevati z dodatno obveznostjo. Za spletno stran sva izvedela od znancev, ki so že imeli izkušnje s tem. Prvič sva hišo za mesec dni prepustila upokojencema z Nove Zelandije. In od takrat sva na enak način našla še več prijetnih ljudi. Z njimi sva imela same dobre izkušnje, z nekaterimi smo postali celo pravi prijatelji. Seveda pa malo previdnosti ne škodi! Pred dogovorom preveriva izkušnje in priporočila, se pozanimava o morebitni policijski kartoteki, najpomembnejši del pa so pogovori po telefonu, elektronski pošti ali skypu.« Bi poskusili? Če vas je zamikalo, se morate registrirati na Ianovi spletni strani. Last­niki nepremičnin, ki potrebujejo pomoč, se lahko vpišejo brezplačno. Za uspešno iskanje začasnih stanovalcev oskrbnikov je zaželeno posredovati čim več podatkov. Še posebno pomemben je podroben opis morebitnih nalog in opravkov, za katere morajo poskrbeti novi stanovalci. Prav pride tudi kakšna fotografija, opis okolice, kaj početi v tem kraju, kako priti tja in podobno. Za iskalce začasnega bivališča znaša letna članarina 50 ameriških dolarjev, mogoče je tudi brezplačno začasno članstvo, a je potem dostop do baze podatkov omejen. Pomembno pa je, da lahko vidite vso ponudbo in ugotovite, ali vam spletna stran ustreza. Če se vam zdi, da bi lahko našli kaj zanimivega, pa boste morali plačati članarino, saj vam bodo šele tako omogočili kontakte s ponudniki nepremičnin. Večina ponudb prihaja iz Avstralije, ZDA in Kanade, precej pa tudi iz Evrope, predvsem iz Velike Britanije in Francije. Le slovenskega lastnika hiše, ki bi iskal začasnega upravljavca, še nisem zasledil. Skrb za domovanje in morebitne živali lahko traja različno dolgo, od nekaj dni do več mesecev ali celo dlje od leta dni. Tudi dela, za katera naj bi skrbeli, so zelo različna. Včasih je dovolj že samo bivanje v hiši. Lastniki morda želijo še, da pobirate pošto, odgovarjate na telefonske klice, zalivate rože, skrbite za različne živali. Samoumevno je minimalno vzdrževanje reda in čistoče, po dogovoru pa lahko vaše naloge obsegajo tudi kaj več. Morda celo prenavljanje bivališča ali pa prevzamete kar skrb za delujočo kmetijo, avtokamp ali kompleks turističnih enot! Za dokončni dogovor je priporočljivo podpisati pogodbo. Toskana ali Avstralija? Spletna stran odpira številne priložnosti in možnosti za preživljanje enkratnih počitnic. Hkrati je takšna izmenjava priložnost za spoznavanje ljudi in lokalnih skupnosti, v katere kot turist ne bi nikoli zašli. In najlepše – privlačen življenjski slog si lahko privošči vsak, ki ima čas ter je prilagodljiv in pošten. Seznam mogočih težav je neskončen, a k sreči običajno prevladajo prijetnejše stvari!  Med mojim iskanjem naslednje počitniške destinacije je bila najbolj mikavna ponudba skrb za razkošno posestvo na Bahamih. Prišel sem v ožji izbor, a na koncu so se žal odločili za par ameriških upokojencev. Z Italijanom Constanzom se zdaj dogovarjam za krajše bivanje v Toskani. Večkrat na leto odpotuje kam in takrat potrebuje nekoga, ki bil skrbel za njegovo posestvo, predvsem za njegove pse in rože. Morda pa se raje ogrejem za bivanje ob vzhodni avstralski obali, kjer bi moral mesec dni paziti na enoletnega psa in race. Najlepše pri tem je, da stoji hiša le pet minut od plaže …</article-text>
		<article-text-transliterated>Dva meseca v Avstraliji, mesec dni razvajanja v hiši z bazenom na Novi Zelandiji, nekajtedensko spanje v irskem dvorcu … in vse to tako rekoč zastonj? Le za prevoz boste morali poskrbeti in morda še za kakšno manjšo pomoč, pa bo vse to dosegljivo. Neobičajen in privlačen življenjski slog si lahko že nekaj let privoščita 38-letna Kanadčana Dalene in Pete Heck. Leta 2009 sta pustila dobro plačani službi, prodala hišo in avto ter se z imetjem le v dveh nahrbtnikih odpravila v svet. Predanost karieri sta zamenjala za nov cilj – brez nepremičnin in brez načrtov na preprost način spoznati čim več sveta. Svojo avanturo, ki še traja, sta začela tako, da sta namesto lastnikov, ki so odšli na daljše potovanje, skrbela za njihovo posestvo in psa v Kanadi. Stik za »sanjsko delo« sta vzpostavila prek ene izmed spletnih strani za house sitting – čuvanje hiše, na katerem lastniki hiš ali posestev iščejo zaupanja vredne osebe, ki bi nekaj tednov ali celo mesecev skrbele za njihovo lastnino in morebitne domače živali, medtem ko bodo sami odsotni. V zameno lahko brezplačno uživajo v novem domu, s katerim naj bi ravnali, kot da je njihov. Namesto strahu gostoljubje Dalene in Pete sta bila navdušena nad prvo izkušnjo in sledila je še bolj eksotična – nekajmesečna skrb za hišo v Hondurasu! V nekaj letih sta tako skoraj polovico časa brezplačno preživela v tujih domovih. Vmes sta si poiskala priložnostne zaposlitve, pomagala lokalnim skupnostim kot prostovoljca in se poskušala kar najbolj vklopiti v življenje domačinov. Sprva sta živela predvsem od prihrankov, zdaj pa nekaj zaslužita tudi z vedno bolje obiskano spletno stranjo www.hecktictravels.com. Na njej lahko podoživljate njune dogodivščine, na voljo pa je tudi elektronska knjiga z nasveti za tak način spoznavanja sveta. »Potovanje naju je popolnoma spremenilo. Spoznala sva, da še zdaleč ne potrebujeva vsega, kar sva imela, in da svet ni tako nevaren, kot mnogi svarijo. Namesto strahu sva odkrila najbolj gostoljubne ljudi,« pravi Dalene. Pete dodaja: »Potovati želiva preprosto, z minimalno opremo in hkrati dokazati, da je mogoče uživati življenje s skromnim imetjem.« Hišo, polno nepotrebnih stvari, sta torej zamenjala za nahrbtnika in se podala na dolgotrajno potovanje, ki ju osrečuje in izpolnjuje. Spoznala sta veliko zanimivih ljudi, učila plavati otroke v Boliviji, veslala med ledenimi gorami na Grenlandiji … Njuno potovanje je lani pritegnilo urednike revije National Geographic Travel, ki je pred leti izhajala tudi v slovenskem jeziku. Na podlagi glasovanja bralcev sta bila nominirana za popotnika leta. V izbor uvrščajo popotnike, ki doživljajo svet na poseben način ali s plemenitim namenom – poznavajo dežele kot prostovoljci, iščejo družinske korenine, želijo s socialnimi projekti povezati ljudi, iščejo dušo krajev v druženju z domačini. Slovenija med ljubšimi Pomembno pri njunem načinu potovanja je, da se znata prilagoditi bivanju v okolju, ki je ustvarjeno po meri nekoga drugega. Zato se vedno pozanimata o vsem, kar jima pride na misel. In kljub temu pogosto ugotavljata, da sta kaj pozabila! Že večkrat se je hiša, ki naj bi jo čuvala, zdela idealna, a se je hitro pokazalo kaj motečega. Tako sta v čudoviti hiši z vrtom na obrobju Pariza in v družbi dveh psičkov doživela tri tedne neprespanih noči – zaradi komarjev! Najhujšo izkušnjo sta imela v Turčiji, ko je poginila psica Juno, za katero sta skrbela. Ob prvih znakih bolezni sta jo peljala k veterinarju, a je ni mogel rešiti. Lastniki so bili žalostni, a hkrati razumevajoči, ko so videli, da sta naredila vse, kar je bilo v njuni moči. »Bilo je huje, kot bi umrl najin pes!« povesta Kanadčana. »Slovenija je bila ena najinih ljubših držav, ki sva jih obiskala,« konča klepet Dalene. »Sicer nisva našla hiše, za katero bi lahko skrbela, a sva spoznala čarobno naravo in čudovite ljudi.« Na tisoče uspešnih izmenjav Iskalce in ponudnike teh storitev združuje več spletnih strani. Med njimi se mi zdi ena najuporabnejših stran avstralskega podjetja House Carers, www.housecarers.com. Leta 2000 je Ian White kot eden prvih ponudil varno, zanesljivo in privlačno spletno stran za povezavo lastnikov nepremičnin s potencialnimi začasnimi stanovalci – skrbniki. Prek nje se je povezalo več tisoč podobno mislečih, ki so stkali številne zanimive dogodivščine, zgodbe in tudi trajna prijateljstva. »Srečen sem, ker sem mnogim pomagal uresničiti sanje, jim omogočil bivanje v krajih, o katerih so lahko samo sanjali. In pomagal lastnikom hišnih ljubljencev, da so se lahko brez skrbi odpravili na počitnice, ker je bilo za njihove živali dobro poskrbljeno kar na domu,« pravi Ian. Spraševal sem se, kakšni ljudje prepustijo svoj dom in domače živali popolnim neznancem. Bi bil med njimi lahko tudi sam? Večino odgovorov sem našel na Ianovih straneh in spletnih forumih: »S sorodniki in prijatelji se ne izide vedno, kadar želiva na potovanje,« sta povedala avstralska zakonca. »Poleg tega jih nočeva obremenjevati z dodatno obveznostjo. Za spletno stran sva izvedela od znancev, ki so že imeli izkušnje s tem. Prvič sva hišo za mesec dni prepustila upokojencema z Nove Zelandije. In od takrat sva na enak način našla še več prijetnih ljudi. Z njimi sva imela same dobre izkušnje, z nekaterimi smo postali celo pravi prijatelji. Seveda pa malo previdnosti ne škodi! Pred dogovorom preveriva izkušnje in priporočila, se pozanimava o morebitni policijski kartoteki, najpomembnejši del pa so pogovori po telefonu, elektronski pošti ali skypu.« Bi poskusili? Če vas je zamikalo, se morate registrirati na Ianovi spletni strani. Last­niki nepremičnin, ki potrebujejo pomoč, se lahko vpišejo brezplačno. Za uspešno iskanje začasnih stanovalcev oskrbnikov je zaželeno posredovati čim več podatkov. Še posebno pomemben je podroben opis morebitnih nalog in opravkov, za katere morajo poskrbeti novi stanovalci. Prav pride tudi kakšna fotografija, opis okolice, kaj početi v tem kraju, kako priti tja in podobno. Za iskalce začasnega bivališča znaša letna članarina 50 ameriških dolarjev, mogoče je tudi brezplačno začasno članstvo, a je potem dostop do baze podatkov omejen. Pomembno pa je, da lahko vidite vso ponudbo in ugotovite, ali vam spletna stran ustreza. Če se vam zdi, da bi lahko našli kaj zanimivega, pa boste morali plačati članarino, saj vam bodo šele tako omogočili kontakte s ponudniki nepremičnin. Večina ponudb prihaja iz Avstralije, ZDA in Kanade, precej pa tudi iz Evrope, predvsem iz Velike Britanije in Francije. Le slovenskega lastnika hiše, ki bi iskal začasnega upravljavca, še nisem zasledil. Skrb za domovanje in morebitne živali lahko traja različno dolgo, od nekaj dni do več mesecev ali celo dlje od leta dni. Tudi dela, za katera naj bi skrbeli, so zelo različna. Včasih je dovolj že samo bivanje v hiši. Lastniki morda želijo še, da pobirate pošto, odgovarjate na telefonske klice, zalivate rože, skrbite za različne živali. Samoumevno je minimalno vzdrževanje reda in čistoče, po dogovoru pa lahko vaše naloge obsegajo tudi kaj več. Morda celo prenavljanje bivališča ali pa prevzamete kar skrb za delujočo kmetijo, avtokamp ali kompleks turističnih enot! Za dokončni dogovor je priporočljivo podpisati pogodbo. Toskana ali Avstralija? Spletna stran odpira številne priložnosti in možnosti za preživljanje enkratnih počitnic. Hkrati je takšna izmenjava priložnost za spoznavanje ljudi in lokalnih skupnosti, v katere kot turist ne bi nikoli zašli. In najlepše – privlačen življenjski slog si lahko privošči vsak, ki ima čas ter je prilagodljiv in pošten. Seznam mogočih težav je neskončen, a k sreči običajno prevladajo prijetnejše stvari!  Med mojim iskanjem naslednje počitniške destinacije je bila najbolj mikavna ponudba skrb za razkošno posestvo na Bahamih. Prišel sem v ožji izbor, a na koncu so se žal odločili za par ameriških upokojencev. Z Italijanom Constanzom se zdaj dogovarjam za krajše bivanje v Toskani. Večkrat na leto odpotuje kam in takrat potrebuje nekoga, ki bil skrbel za njegovo posestvo, predvsem za njegove pse in rože. Morda pa se raje ogrejem za bivanje ob vzhodni avstralski obali, kjer bi moral mesec dni paziti na enoletnega psa in race. Najlepše pri tem je, da stoji hiša le pet minut od plaže …</article-text-transliterated>
	</article>
	<comments>
		<comments-count>0</comments-count>
		<comments-list/>
	</comments>
</document>
