<?xml version="1.0" encoding="utf-8"?>
<document global-id="si-01-1217">
	<url>https://www.delo.si/nedelo/dragos-bratasanu-boli-ko-si-nekaj-zelis-pa-ne-ves-kako-to-uresniciti.html</url>
	<source-id>si-01</source-id>
	<local-id>1217</local-id>
	<source-name>Delo</source-name>
	<article>
		<article-title>Dragos Bratasanu: Boli, ko si nekaj želiš, pa ne veš, kako to uresničiti</article-title>
		<article-title-transliterated>Dragos Bratasanu: Boli, ko si nekaj želiš, pa ne veš, kako to uresničiti</article-title-transliterated>
		<article-time>2015-02-07</article-time>
		<article-author>Jana Zupančič Grašič, Nedelo</article-author>
		<article-text>»Če sem zmogel prepotovati severni in južni pol, popolnoma brez denarja, le s torbo, polno sanj in idej, kaj vse mi potem še lahko uspe,« se je pred šestimi leti vprašal Dragos Bratasanu. S to iztočnico je oblikoval recept za lastno uresničitev in srečo, ki ga trži zadnjih nekaj let, na to vižo pa je posnel tudi film The amazing you, nominiran med desetimi neodvisnimi filmi na svetu, ki bi lahko spremenili svet in življenje ljudi na bolje. Zdaj ga predstavlja na turneji in pred kratkim se je ustavil tudi v Ljubljani. Film The Amazing You, ki so ga prostovoljci v nekaj mesecih podnaslovili v več kot 15 jezikih, tudi slovenščini, je poleg nominacije prejel tudi nagrado Global Film Award na področju vzgoje in osebne preobrazbe. Kot je zapisano na uradni spletni strani filma, še naprej navdihuje tisoče ljudi po vsem svetu, menda celo sirske študente, saj jih menda spodbuja, »da bolje opravljajo svoje delo in so bolj optimistični glede prihodnosti, kljub obupu zaradi težkih let vojne«, je v pismu avtorju zapisal neki univerzitetni profesor iz Sirije.  V filmu kopica (pri)znanih ljudi z najrazličnejših področij – vodilni iz Nase in z uglednih univerz, Scott Hubbard in doktorji znanosti Robert Richards, Charles Pellerin in Ed Hoffman, ambasador blagovne znamke Angry Birds Peter Vesterbacka, z grammyjem nagrajeni glasbenik Steve Vai, nekdanji romunski kozmonavt dr. Dumitru Dorin Prunariu in drugi ... – pripoveduje, kako in zakaj jim je v življenju uspelo, ter gledalcu svetuje, kako lahko tudi sam postane uspešen in si ustvari izvrstno kariero. Še ne 31-letni Dragos Bratasanu ni le producent in avtor, ampak nastopa tudi sam, s pozitivnimi in stimulativnimi mislimi, težava je morebiti edino v tem, da se sodelujočim besede dobesedno vsipajo iz ust in je njihovim smelim mislim zelo težko slediti. Morebiti bi šlo laže s počasnim predvajanjem, nedvomno pa bi se moral človek po ogledu v miru usesti sam s seboj, premleti sporočeno in ugotoviti, kam naj ga uvrsti: je to pač še en primer uresničevanja (ameriškega) sna z zmagovitimi in dobro zvenečimi izjavami ali morda brca v rit, ki nas bo že končno premaknila z mesta, na katerem (nezadovoljno) capljamo. Očitno drži, kot je ugotovila že kolegica Irena Štaudohar v Sobotni prilogi, da živimo v času terapevtske kulture, zato človek ves čas in v vsakem življenjskem obdobju potrebuje pomoč (in profesionalne svetovalce), in v to smer so naravnani tudi ta film, spremljevalne delavnice ter iz filma izpeljani Bratasanujev spletni tečaj Kako se uresničujejo veliki ljudje in kako se lahko tudi ti, ki je pravzaprav prvi v ponudbi Amazing University, univerze v nastajanju. Vse omenjeno temelji na menda enem najuspešnejših programov za osebno rast – s tem se Bratasanu kot ustanovitelj in predsednik podjetja Success Engineering Corp., ki (pričakovano) ponuja trajnostne rešitve prav za izboljšanje uspeha in učinkovitosti posameznika, pravzaprav preživlja –, cilj pa je najti življenjski smisel ter se pomočjo strategij in ciljno naravnanega izobraževanja naučiti razmišljanja in ravnanja, kot to počnejo največji umi tega sveta, ki »jim je uspelo poslati človeka na Luno, z vesoljskim plovilom doseči rob galaksije, spremeniti glasbo v magijo, povezati znanost z izgubljeno duhovnostjo in okrepiti milijone ljudi …« našteva Bratasanu. To znanje in zavest naj bi tudi nas, navadne smrtnike, vodila do življenja, v katerem bi se počutili (bolj) izpolnjene, bi bolj verjeli vase in dosegali uspehe, ki si jih želimo in si jih zaslužimo, poudarja sogovornik, ki je šel tudi sam po tej poti in torej govori iz svojih izkušenj. Padal in vstajal Rodil se je v Romuniji, v času bede in revščine, a se kljub temu izobrazil; obiskoval je univerzo, na kateri ni užival, se zaposlil in delal od jutra do poznega popoldneva. Pri 24 letih je, kot pravi, izgubil pamet – vsaj tako so mu govorili prijatelji –, ko je povedal, da bo naredil to, kar si že dolgo želi: raziskal severni in južni pol. Denarja ni imel nobenega, še nikdar ni bil zunaj Evrope, zato je začel pisariti vsem, ki so kakorkoli povezani s kraji na skrajnem severu in jugu; da bi v zameno za vkrcanje delal karkoli. Dobil ni nobenega odgovora ali pa zgolj negativne, dokler ni ponudil svoje druge strasti, fotografije oz. fotoalbuma, ki bi ga naredil v zameno. Iz Čila je končno prejel pozitiven odgovor. Nato se je zavedel, da sploh nima profesionalne fotografske opreme, in je spet pisaril po svetu, dokler se ga ni usmililo eno od japonskih podjetij. Tako je raziskal Antarktiko, nato pa še severni pol.  V letih, ki so sledila (in so bila prav tako polna padcev, pripoveduje), je zasnoval prvo romunsko simulacijo odprave na Mars, doktoriral iz vesoljskega inženirstva na univerzi Siegen v Nemčiji, končal program vesoljskih študij 2012 Mednarodne vesoljske univerze na oddelku za posel in vodenje, prepotoval svet, ustanovil podjetje, poleg tega je tudi uradni ponudnik Nasinega programa upravljanje družbenih tveganj in Social Risk Management &amp; Leadership Program. »Do 26. leta sem, skratka, živel tako, da sem vedno poskušal zadovoljiti ljudi okoli sebe, nato pa sem se odločil, da bom delal po svoje. Prebral sem, in še vedno je tako, na stotine knjig – filozofskih, zgodovinskih, o ljudeh, ki so uspešni, priročnikov za boljše življenje –, od nekaterih sem dobil precej, od drugih nič ali bolj malo, predvsem pa sem iskal odgovor na vprašanje, kaj nas v življenju vodi in vleče, da delamo tisto, kar delamo, in kaj nas ovira, da ne delamo tistega, kar si res želimo.« Tudi filmu, ki se ga je lotil, ni kazalo najbolje, dokler se ni kar na lepem, kot je dejal, vse sestavilo v celoto. Ko se je odločil, da ga dokonča, čeprav mu je zmanjkalo denarja, mu je bilo vse, kar je potreboval, dano v pravem trenutku. »Slikovni material, glasbo in glasbeno podlago, vse to so mi odstopili različni filmarji in glasbeniki, eden od prijateljev je brezplačno izdelal spletno stran filma in spremljajočih vsebin, začelo se je podnaslavljanje v druge jezike, prišle so nagrade … Tako je bilo konec moje šale o tem, kako doživeti neuspeh pri snemanju filma o doseganju uspeha,« je dejal v smehu. Trdo je treba delati »Ko vzameš pod drobnogled vse te ljudi, ki jim je v življenju resnično uspelo, je težko vleči vzporednice z njimi, a njihovi primeri jasno pričajo, da je v doseganje uspeha treba vložiti veliko časa in trdega dela. Če vzamemo za primer Jon Bon Jovija, ki velja za enega najuspešnejših glasbenikov na svetu: preden so na radiu prvič predvajali pesem njegove skupine, so minila leta, posneli so ogromno materiala, torej, še preden so sploh imeli kaj od tega! Ali pa ustvarjalci Angry Birds: preden jim je uspelo, so naredili 51 računalniških igric, od katerih ni bilo prav nič, a so vseeno vztrajali. Koliko nas je pripravljenih žrtvovati več let truda in porazov, da bi nam nekoč le uspelo? To je res kot pohod čez puščavo: žejen, lačen si, sonce te opeče, ponoči zmrzuješ, prijatelji te zapustijo … a če veš, da si na pravi poti do uspeha in da ta pač vodi ravno prek puščave, vse to preneseš. Laže se je ne vdati, če veš, da je to potovanje.« Pravi, da se njegova teorija oziroma »recept za srečo« vsekakor razlikuje od knjig in motivacijskih seminarjev, ki lažno obljubljajo uspeh v petih minutah ali korakih. Ne, kot pravi, smo sami oblikovalci svoje usode, zato je treba za uresničitev svojih sanj močno in dolgo garati: pridobiti ogromno znanja in veščin, si pripraviti načrt, kako zamisli uresničiti, in ga po potrebi prilagajati, da le ostanemo na začrtani poti, se povezovati s pravimi ljudmi in učitelji, predvsem pa pustiti srcu, da nas vodi k izpolnjujočemu življenju.  A kot pravi, je osnovna težava v tem, da veliko ljudi danes niti približno ne živi tako, kot bi si želeli, oziroma se sploh ne ustavijo in ne razmislijo, zakaj niso zadovoljni, uspešni, srečni … »Življenje pač ne more biti izpolnjujoče in smiselno, če mislimo nekaj, čutimo ravno nasprotno, počnemo pa čisto nekaj tretjega. Najprej je treba sprejeti realnost, resnico o sebi, pa če ta še tako boli. Vprašati se moramo, ali bi se počutili v življenju izpolnjene, če bi ta trenutek zrli smrti v oči? Bi kaj obžalovali? Kako bi lahko živeli od zdaj naprej, da si ne bi nabrali še več nezadovoljstva? Kaj je za nas tako pomembno, da nam napolnjuje srce?«  Da se dokopljemo do tega, moramo, kot pravi, prisluhniti glasu v srcu, in ne glasovom razuma v glavi, niti večnim dvomljivcem okoli sebe. »Le v sebi, v popolnem miru in tišini, lahko izvemo, kdo resnično smo. Takrat slišimo svoj notranji glas in takrat vemo, kaj moramo narediti, da bi lahko sledili sebi in svoji poti. Začnite s tem, kar je za vas pomembno in vredno, in ne razmišljajte, kako boste to dosegli. Odločite se, kaj želite storiti, sprejmite omejitve in okvir, v katerem ste se znašli, potem pa začnite graditi s tistimi sredstvi, ki so na voljo. In če nimate ničesar, začnite graditi z golimi rokami.« Sliši se lepo in preprosto, a kaj, če šele v srednjih ali poznih letih ugotovimo, kaj si v življenju zares želimo? Ko smo že vpeti v odnose in razmerja, imamo odgovornosti do sebe in svojih, ki se jih ne moremo kar otresti, češ da gremo zdaj pa po svoje? Res je neprijetna realnost, da v tem kratkem življenju ne moremo v nedogled odlašati z našimi željami in vizijami. To je treba sprejeti in na svoji novi poti vseskozi ohranjati stik z realnostjo, ne rušiti zakonov narave. Včasih se je treba preprosto sprijazniti, da nekaterih stvari ne moremo uresničiti, pa če si jih še tako močno želimo. Pri petdesetih je čas za lastne otroke že mimo, lahko pa premislimo, zakaj si jih želimo in ali je to mogoče uresničiti tudi kako drugače. Vseeno pa je treba iti korak za korakom, ne kar vsega izpustiti iz rok in se vreči v vodo, ne na vrat na nos pustiti službe, ki je ne maramo, saj potem ostanemo brez vsega. Ustvariti moramo kontekst, v katerem prepričamo ljudi, da bodo imeli tudi sami nekaj od tega in bodo želeli podpreti nas in naš projekt. Vseeno pa vseskozi obstaja tveganje, da vse pade v vodo. Težko je, priznam. Ampak kaj je bolj navdihujoče; da sploh ničesar ne narediš ali da se zavedaš, da si poskušal in nekaj let delal zase, za svoje vrednote in sanje. To je vsekakor vredno truda. A dandanašnji težko sprejemamo poraze, mnogi s(m)o nezadovoljni že zaradi dejstva, da v kateri od svojih vlog nis(m)o vedno uspešni, dobri. Kaj pomeni biti dober? Dobro se ne počutiš edinole v dveh primerih: če globoko v sebi veš, da nisi naredil vsega, kar bi lahko, ali pa če se začneš primerjati z nekom drugim ali s podobo v mislih, kakršen naj bi bil. Primerjaš pa se le, če ne veš točno, kaj dejansko ceniš. Poleg tega se moramo vedno prepričati, ali gre res za neuspeh ali le še za eno od izkoriščenih priložnosti, ki pa ni dala najboljših rezultatov. Včasih pač ne veš, v katero smer bi zavil, in takrat je treba preiskati možnosti, ki so ti na voljo, najti izziv. Ko smo v precepu, je pametno začeti z vprašanjem, kaj je najhujše, kar se ti lahko zgodi; če lahko »najslabše« definiraš in se nato vprašaš, ali lahko sprejmeš tak scenarij, je odgovor ponavadi pritrdilen. Ker če živimo nekaj, kar ni naša zgodba, se lahko prepad med »nepravo« in zgodbo, ki bi nas bolj izpolnjevala, vztrajno povečuje, človek lahko potone v globoko depresijo. Po drugi strani pa je že to, da se na neki točki ustavi in si prizna, da ni izpolnjen, prvi korak na poti k izpolnitvi. Sprejme, da ni tako popoln, kot si je predstavljal, da bi lahko bil. S tem z njega pade veliko breme, lahko začne na novo. Kot je rekel Lao Ce: tigra moraš umoriti, ko je še mladič, skratka, najdi način, da se spopadeš takrat, ko je problem še majhen, saj bo pozneje veliko teže. Poudarjate tudi, da se moramo pri iskanju lastnega smisla življenja vprašati, kaj želimo prispevati svetu. Kaj, če človek sploh nima takih ambicij in je zadovoljen s tem, kar ima, kjer je? Tudi to je nedvomno definicija uspeha – živeti srečno in izpolnjeno, čeprav osebno ne verjamem, da smo lahko resnično srečni, ne da bi kakorkoli prispevali k življenju drugih, pa to ni nujno nekaj, kar pojmujemo kot uspeh; lahko je to veselje zaradi skrbi za dojenčka, psa … To, da nekdo v vsakem trenutku živi svoje vrednote, kontinuirano, to je tisto, to je ključ do tega, kar bi rad postal! Poenostavi, odkrij in živi svojo povezavo z lastnim srcem! Po drugi strani pa so lahko ljudje »s svetovno uspešnimi« karierami nesrečni, depresivni …  No, danes je veliko ljudi, za katere bi lahko trdili, da imajo vse, pa vseeno niso zadovoljni. Ste se že kdaj vprašali, zakaj so vsi veliki duhovni teksti nastali že davno tega? Ker jih takrat niso bombardirali s toliko informacijami, kot bombardirajo nas danes. Prav je sicer, da povežemo vse, kar nam je na voljo: znanost, tehnologijo in duhovnost, saj le tako lahko premagujemo vse te silne izzive, ki nam jih na pot postavlja življenje. A moramo vendarle tudi stopiti na zavoro, pogledati vase. Če gre človek za nekaj časa v puščavo in sam skrbi za svoje preživetje, ga nihče in nič ne moti ali polni njegove misli, potem odkrije, kaj je res pomembno. Manjka nam tišine, večkrat bi se morali zateči k njej. Verjamem, da na svojih delavnicah kljub svojim spodbudnim besedam opazite veliko dvomov? Težava takih delavnic je, da ljudje pričakujejo, da bodo dobili zlati ključ do srečnega življenja. A dejstvo, ki ga je težko sprejeti, je, da smo mi edini, ki lahko od tega trenutka naprej nekaj spremenimo. Seveda imamo težave s preteklostjo, dvome, bolečine … a če za to sprejmemo polno odgovornost, je laže nadaljevati. Sem odrasel človek, kako torej ne bom zmogel prenašati malo bolečine? Če želim nekaj ustvariti v tem svetu, moram izhajati iz tega, kar sem, kar imam, od koder prihajam, kaj imam v duši. Izpolnjeni in zadovoljni v vsakem trenutku … Kaj pa številni ljudje, ki nimajo zadostnih virov niti ambicij, da bi menjali službo, se izobraževali. Opravljajo neprijetne službe in čakajo na prosti čas – to po vašem ni to? Vzemimo, da pri tridesetih ugotovite, da ne marate službe, v kateri ste. Delate do 60. leta, po osem ur na dan, nesrečni. Ko se upokojite, ugotovite, da ste skupno kar desetletje – osem ur, pomnoženih s 30 (let) – preživeli nesrečni in jih tako zavrgli meni nič, tebi nič. Zato poskušajmo uživati tistih deset let, če se le da, ceniti tisto, kar imamo, sprejeti odločitev za nadaljevanje študija, učenja in rasti. A izobrazba ne pomeni nujno diplome, temveč mojstrstvo v tem, kar cenite in imate radi. Sam sem diplomiral iz inženirstva, zdaj pa snemam filme, pišem knjige, vodim seminarje. Izobraževati se pomeni osebno rast. Vi ste seveda našli svoj smisel življenja? O tem sem sanjal zadnjih sedem let: prepotoval sem svet, spoznaval velike ume in duhovnost, iskal most med njo in znanostjo, zdaj to širim naprej med ljudi. Pred mano sta ZDA in Kanada, že čez nekaj mesecev pa znova prihajam v Ljubljano. Moj cilj je pomagati ljudem živeti bolj izpolnjeno in srečno življenje, zlasti mladim, ki imajo sanje, pa ne vedo, kako bi jih izpolnili. Sam vem, da je zelo boleče, ko si nekaj želiš, pa ne veš, kako to narediti. To lomi srce, zlasti če nimaš sredstev. Teh težav zdaj, ko tržite svoj čedalje širši program, nimate več, kajne? Zadeve kar dobro tečejo, zdaj vlagam v svoj novi film, hkrati pa v univerzo The Amazing, ki bo stična točka ljudi, vodilnih na svojih področjih, takih pač, ki bodo našim »študentom« pri iskanju in utrjevanju svoje poti znali dati prave informacije. Želim ponuditi dragocene, najboljše informacije, a za nizko ceno. Po mojem je najpomembnejše, da se učimo od najboljših in to znanje prenesemo v svoje življenje tako, da postanemo najboljša mogoča verzija tega, kar smo.</article-text>
		<article-text-transliterated>»Če sem zmogel prepotovati severni in južni pol, popolnoma brez denarja, le s torbo, polno sanj in idej, kaj vse mi potem še lahko uspe,« se je pred šestimi leti vprašal Dragos Bratasanu. S to iztočnico je oblikoval recept za lastno uresničitev in srečo, ki ga trži zadnjih nekaj let, na to vižo pa je posnel tudi film The amazing you, nominiran med desetimi neodvisnimi filmi na svetu, ki bi lahko spremenili svet in življenje ljudi na bolje. Zdaj ga predstavlja na turneji in pred kratkim se je ustavil tudi v Ljubljani. Film The Amazing You, ki so ga prostovoljci v nekaj mesecih podnaslovili v več kot 15 jezikih, tudi slovenščini, je poleg nominacije prejel tudi nagrado Global Film Award na področju vzgoje in osebne preobrazbe. Kot je zapisano na uradni spletni strani filma, še naprej navdihuje tisoče ljudi po vsem svetu, menda celo sirske študente, saj jih menda spodbuja, »da bolje opravljajo svoje delo in so bolj optimistični glede prihodnosti, kljub obupu zaradi težkih let vojne«, je v pismu avtorju zapisal neki univerzitetni profesor iz Sirije.  V filmu kopica (pri)znanih ljudi z najrazličnejših področij – vodilni iz Nase in z uglednih univerz, Scott Hubbard in doktorji znanosti Robert Richards, Charles Pellerin in Ed Hoffman, ambasador blagovne znamke Angry Birds Peter Vesterbacka, z grammyjem nagrajeni glasbenik Steve Vai, nekdanji romunski kozmonavt dr. Dumitru Dorin Prunariu in drugi ... – pripoveduje, kako in zakaj jim je v življenju uspelo, ter gledalcu svetuje, kako lahko tudi sam postane uspešen in si ustvari izvrstno kariero. Še ne 31-letni Dragos Bratasanu ni le producent in avtor, ampak nastopa tudi sam, s pozitivnimi in stimulativnimi mislimi, težava je morebiti edino v tem, da se sodelujočim besede dobesedno vsipajo iz ust in je njihovim smelim mislim zelo težko slediti. Morebiti bi šlo laže s počasnim predvajanjem, nedvomno pa bi se moral človek po ogledu v miru usesti sam s seboj, premleti sporočeno in ugotoviti, kam naj ga uvrsti: je to pač še en primer uresničevanja (ameriškega) sna z zmagovitimi in dobro zvenečimi izjavami ali morda brca v rit, ki nas bo že končno premaknila z mesta, na katerem (nezadovoljno) capljamo. Očitno drži, kot je ugotovila že kolegica Irena Štaudohar v Sobotni prilogi, da živimo v času terapevtske kulture, zato človek ves čas in v vsakem življenjskem obdobju potrebuje pomoč (in profesionalne svetovalce), in v to smer so naravnani tudi ta film, spremljevalne delavnice ter iz filma izpeljani Bratasanujev spletni tečaj Kako se uresničujejo veliki ljudje in kako se lahko tudi ti, ki je pravzaprav prvi v ponudbi Amazing University, univerze v nastajanju. Vse omenjeno temelji na menda enem najuspešnejših programov za osebno rast – s tem se Bratasanu kot ustanovitelj in predsednik podjetja Success Engineering Corp., ki (pričakovano) ponuja trajnostne rešitve prav za izboljšanje uspeha in učinkovitosti posameznika, pravzaprav preživlja –, cilj pa je najti življenjski smisel ter se pomočjo strategij in ciljno naravnanega izobraževanja naučiti razmišljanja in ravnanja, kot to počnejo največji umi tega sveta, ki »jim je uspelo poslati človeka na Luno, z vesoljskim plovilom doseči rob galaksije, spremeniti glasbo v magijo, povezati znanost z izgubljeno duhovnostjo in okrepiti milijone ljudi …« našteva Bratasanu. To znanje in zavest naj bi tudi nas, navadne smrtnike, vodila do življenja, v katerem bi se počutili (bolj) izpolnjene, bi bolj verjeli vase in dosegali uspehe, ki si jih želimo in si jih zaslužimo, poudarja sogovornik, ki je šel tudi sam po tej poti in torej govori iz svojih izkušenj. Padal in vstajal Rodil se je v Romuniji, v času bede in revščine, a se kljub temu izobrazil; obiskoval je univerzo, na kateri ni užival, se zaposlil in delal od jutra do poznega popoldneva. Pri 24 letih je, kot pravi, izgubil pamet – vsaj tako so mu govorili prijatelji –, ko je povedal, da bo naredil to, kar si že dolgo želi: raziskal severni in južni pol. Denarja ni imel nobenega, še nikdar ni bil zunaj Evrope, zato je začel pisariti vsem, ki so kakorkoli povezani s kraji na skrajnem severu in jugu; da bi v zameno za vkrcanje delal karkoli. Dobil ni nobenega odgovora ali pa zgolj negativne, dokler ni ponudil svoje druge strasti, fotografije oz. fotoalbuma, ki bi ga naredil v zameno. Iz Čila je končno prejel pozitiven odgovor. Nato se je zavedel, da sploh nima profesionalne fotografske opreme, in je spet pisaril po svetu, dokler se ga ni usmililo eno od japonskih podjetij. Tako je raziskal Antarktiko, nato pa še severni pol.  V letih, ki so sledila (in so bila prav tako polna padcev, pripoveduje), je zasnoval prvo romunsko simulacijo odprave na Mars, doktoriral iz vesoljskega inženirstva na univerzi Siegen v Nemčiji, končal program vesoljskih študij 2012 Mednarodne vesoljske univerze na oddelku za posel in vodenje, prepotoval svet, ustanovil podjetje, poleg tega je tudi uradni ponudnik Nasinega programa upravljanje družbenih tveganj in Social Risk Management &amp; Leadership Program. »Do 26. leta sem, skratka, živel tako, da sem vedno poskušal zadovoljiti ljudi okoli sebe, nato pa sem se odločil, da bom delal po svoje. Prebral sem, in še vedno je tako, na stotine knjig – filozofskih, zgodovinskih, o ljudeh, ki so uspešni, priročnikov za boljše življenje –, od nekaterih sem dobil precej, od drugih nič ali bolj malo, predvsem pa sem iskal odgovor na vprašanje, kaj nas v življenju vodi in vleče, da delamo tisto, kar delamo, in kaj nas ovira, da ne delamo tistega, kar si res želimo.« Tudi filmu, ki se ga je lotil, ni kazalo najbolje, dokler se ni kar na lepem, kot je dejal, vse sestavilo v celoto. Ko se je odločil, da ga dokonča, čeprav mu je zmanjkalo denarja, mu je bilo vse, kar je potreboval, dano v pravem trenutku. »Slikovni material, glasbo in glasbeno podlago, vse to so mi odstopili različni filmarji in glasbeniki, eden od prijateljev je brezplačno izdelal spletno stran filma in spremljajočih vsebin, začelo se je podnaslavljanje v druge jezike, prišle so nagrade … Tako je bilo konec moje šale o tem, kako doživeti neuspeh pri snemanju filma o doseganju uspeha,« je dejal v smehu. Trdo je treba delati »Ko vzameš pod drobnogled vse te ljudi, ki jim je v življenju resnično uspelo, je težko vleči vzporednice z njimi, a njihovi primeri jasno pričajo, da je v doseganje uspeha treba vložiti veliko časa in trdega dela. Če vzamemo za primer Jon Bon Jovija, ki velja za enega najuspešnejših glasbenikov na svetu: preden so na radiu prvič predvajali pesem njegove skupine, so minila leta, posneli so ogromno materiala, torej, še preden so sploh imeli kaj od tega! Ali pa ustvarjalci Angry Birds: preden jim je uspelo, so naredili 51 računalniških igric, od katerih ni bilo prav nič, a so vseeno vztrajali. Koliko nas je pripravljenih žrtvovati več let truda in porazov, da bi nam nekoč le uspelo? To je res kot pohod čez puščavo: žejen, lačen si, sonce te opeče, ponoči zmrzuješ, prijatelji te zapustijo … a če veš, da si na pravi poti do uspeha in da ta pač vodi ravno prek puščave, vse to preneseš. Laže se je ne vdati, če veš, da je to potovanje.« Pravi, da se njegova teorija oziroma »recept za srečo« vsekakor razlikuje od knjig in motivacijskih seminarjev, ki lažno obljubljajo uspeh v petih minutah ali korakih. Ne, kot pravi, smo sami oblikovalci svoje usode, zato je treba za uresničitev svojih sanj močno in dolgo garati: pridobiti ogromno znanja in veščin, si pripraviti načrt, kako zamisli uresničiti, in ga po potrebi prilagajati, da le ostanemo na začrtani poti, se povezovati s pravimi ljudmi in učitelji, predvsem pa pustiti srcu, da nas vodi k izpolnjujočemu življenju.  A kot pravi, je osnovna težava v tem, da veliko ljudi danes niti približno ne živi tako, kot bi si želeli, oziroma se sploh ne ustavijo in ne razmislijo, zakaj niso zadovoljni, uspešni, srečni … »Življenje pač ne more biti izpolnjujoče in smiselno, če mislimo nekaj, čutimo ravno nasprotno, počnemo pa čisto nekaj tretjega. Najprej je treba sprejeti realnost, resnico o sebi, pa če ta še tako boli. Vprašati se moramo, ali bi se počutili v življenju izpolnjene, če bi ta trenutek zrli smrti v oči? Bi kaj obžalovali? Kako bi lahko živeli od zdaj naprej, da si ne bi nabrali še več nezadovoljstva? Kaj je za nas tako pomembno, da nam napolnjuje srce?«  Da se dokopljemo do tega, moramo, kot pravi, prisluhniti glasu v srcu, in ne glasovom razuma v glavi, niti večnim dvomljivcem okoli sebe. »Le v sebi, v popolnem miru in tišini, lahko izvemo, kdo resnično smo. Takrat slišimo svoj notranji glas in takrat vemo, kaj moramo narediti, da bi lahko sledili sebi in svoji poti. Začnite s tem, kar je za vas pomembno in vredno, in ne razmišljajte, kako boste to dosegli. Odločite se, kaj želite storiti, sprejmite omejitve in okvir, v katerem ste se znašli, potem pa začnite graditi s tistimi sredstvi, ki so na voljo. In če nimate ničesar, začnite graditi z golimi rokami.« Sliši se lepo in preprosto, a kaj, če šele v srednjih ali poznih letih ugotovimo, kaj si v življenju zares želimo? Ko smo že vpeti v odnose in razmerja, imamo odgovornosti do sebe in svojih, ki se jih ne moremo kar otresti, češ da gremo zdaj pa po svoje? Res je neprijetna realnost, da v tem kratkem življenju ne moremo v nedogled odlašati z našimi željami in vizijami. To je treba sprejeti in na svoji novi poti vseskozi ohranjati stik z realnostjo, ne rušiti zakonov narave. Včasih se je treba preprosto sprijazniti, da nekaterih stvari ne moremo uresničiti, pa če si jih še tako močno želimo. Pri petdesetih je čas za lastne otroke že mimo, lahko pa premislimo, zakaj si jih želimo in ali je to mogoče uresničiti tudi kako drugače. Vseeno pa je treba iti korak za korakom, ne kar vsega izpustiti iz rok in se vreči v vodo, ne na vrat na nos pustiti službe, ki je ne maramo, saj potem ostanemo brez vsega. Ustvariti moramo kontekst, v katerem prepričamo ljudi, da bodo imeli tudi sami nekaj od tega in bodo želeli podpreti nas in naš projekt. Vseeno pa vseskozi obstaja tveganje, da vse pade v vodo. Težko je, priznam. Ampak kaj je bolj navdihujoče; da sploh ničesar ne narediš ali da se zavedaš, da si poskušal in nekaj let delal zase, za svoje vrednote in sanje. To je vsekakor vredno truda. A dandanašnji težko sprejemamo poraze, mnogi s(m)o nezadovoljni že zaradi dejstva, da v kateri od svojih vlog nis(m)o vedno uspešni, dobri. Kaj pomeni biti dober? Dobro se ne počutiš edinole v dveh primerih: če globoko v sebi veš, da nisi naredil vsega, kar bi lahko, ali pa če se začneš primerjati z nekom drugim ali s podobo v mislih, kakršen naj bi bil. Primerjaš pa se le, če ne veš točno, kaj dejansko ceniš. Poleg tega se moramo vedno prepričati, ali gre res za neuspeh ali le še za eno od izkoriščenih priložnosti, ki pa ni dala najboljših rezultatov. Včasih pač ne veš, v katero smer bi zavil, in takrat je treba preiskati možnosti, ki so ti na voljo, najti izziv. Ko smo v precepu, je pametno začeti z vprašanjem, kaj je najhujše, kar se ti lahko zgodi; če lahko »najslabše« definiraš in se nato vprašaš, ali lahko sprejmeš tak scenarij, je odgovor ponavadi pritrdilen. Ker če živimo nekaj, kar ni naša zgodba, se lahko prepad med »nepravo« in zgodbo, ki bi nas bolj izpolnjevala, vztrajno povečuje, človek lahko potone v globoko depresijo. Po drugi strani pa je že to, da se na neki točki ustavi in si prizna, da ni izpolnjen, prvi korak na poti k izpolnitvi. Sprejme, da ni tako popoln, kot si je predstavljal, da bi lahko bil. S tem z njega pade veliko breme, lahko začne na novo. Kot je rekel Lao Ce: tigra moraš umoriti, ko je še mladič, skratka, najdi način, da se spopadeš takrat, ko je problem še majhen, saj bo pozneje veliko teže. Poudarjate tudi, da se moramo pri iskanju lastnega smisla življenja vprašati, kaj želimo prispevati svetu. Kaj, če človek sploh nima takih ambicij in je zadovoljen s tem, kar ima, kjer je? Tudi to je nedvomno definicija uspeha – živeti srečno in izpolnjeno, čeprav osebno ne verjamem, da smo lahko resnično srečni, ne da bi kakorkoli prispevali k življenju drugih, pa to ni nujno nekaj, kar pojmujemo kot uspeh; lahko je to veselje zaradi skrbi za dojenčka, psa … To, da nekdo v vsakem trenutku živi svoje vrednote, kontinuirano, to je tisto, to je ključ do tega, kar bi rad postal! Poenostavi, odkrij in živi svojo povezavo z lastnim srcem! Po drugi strani pa so lahko ljudje »s svetovno uspešnimi« karierami nesrečni, depresivni …  No, danes je veliko ljudi, za katere bi lahko trdili, da imajo vse, pa vseeno niso zadovoljni. Ste se že kdaj vprašali, zakaj so vsi veliki duhovni teksti nastali že davno tega? Ker jih takrat niso bombardirali s toliko informacijami, kot bombardirajo nas danes. Prav je sicer, da povežemo vse, kar nam je na voljo: znanost, tehnologijo in duhovnost, saj le tako lahko premagujemo vse te silne izzive, ki nam jih na pot postavlja življenje. A moramo vendarle tudi stopiti na zavoro, pogledati vase. Če gre človek za nekaj časa v puščavo in sam skrbi za svoje preživetje, ga nihče in nič ne moti ali polni njegove misli, potem odkrije, kaj je res pomembno. Manjka nam tišine, večkrat bi se morali zateči k njej. Verjamem, da na svojih delavnicah kljub svojim spodbudnim besedam opazite veliko dvomov? Težava takih delavnic je, da ljudje pričakujejo, da bodo dobili zlati ključ do srečnega življenja. A dejstvo, ki ga je težko sprejeti, je, da smo mi edini, ki lahko od tega trenutka naprej nekaj spremenimo. Seveda imamo težave s preteklostjo, dvome, bolečine … a če za to sprejmemo polno odgovornost, je laže nadaljevati. Sem odrasel človek, kako torej ne bom zmogel prenašati malo bolečine? Če želim nekaj ustvariti v tem svetu, moram izhajati iz tega, kar sem, kar imam, od koder prihajam, kaj imam v duši. Izpolnjeni in zadovoljni v vsakem trenutku … Kaj pa številni ljudje, ki nimajo zadostnih virov niti ambicij, da bi menjali službo, se izobraževali. Opravljajo neprijetne službe in čakajo na prosti čas – to po vašem ni to? Vzemimo, da pri tridesetih ugotovite, da ne marate službe, v kateri ste. Delate do 60. leta, po osem ur na dan, nesrečni. Ko se upokojite, ugotovite, da ste skupno kar desetletje – osem ur, pomnoženih s 30 (let) – preživeli nesrečni in jih tako zavrgli meni nič, tebi nič. Zato poskušajmo uživati tistih deset let, če se le da, ceniti tisto, kar imamo, sprejeti odločitev za nadaljevanje študija, učenja in rasti. A izobrazba ne pomeni nujno diplome, temveč mojstrstvo v tem, kar cenite in imate radi. Sam sem diplomiral iz inženirstva, zdaj pa snemam filme, pišem knjige, vodim seminarje. Izobraževati se pomeni osebno rast. Vi ste seveda našli svoj smisel življenja? O tem sem sanjal zadnjih sedem let: prepotoval sem svet, spoznaval velike ume in duhovnost, iskal most med njo in znanostjo, zdaj to širim naprej med ljudi. Pred mano sta ZDA in Kanada, že čez nekaj mesecev pa znova prihajam v Ljubljano. Moj cilj je pomagati ljudem živeti bolj izpolnjeno in srečno življenje, zlasti mladim, ki imajo sanje, pa ne vedo, kako bi jih izpolnili. Sam vem, da je zelo boleče, ko si nekaj želiš, pa ne veš, kako to narediti. To lomi srce, zlasti če nimaš sredstev. Teh težav zdaj, ko tržite svoj čedalje širši program, nimate več, kajne? Zadeve kar dobro tečejo, zdaj vlagam v svoj novi film, hkrati pa v univerzo The Amazing, ki bo stična točka ljudi, vodilnih na svojih področjih, takih pač, ki bodo našim »študentom« pri iskanju in utrjevanju svoje poti znali dati prave informacije. Želim ponuditi dragocene, najboljše informacije, a za nizko ceno. Po mojem je najpomembnejše, da se učimo od najboljših in to znanje prenesemo v svoje življenje tako, da postanemo najboljša mogoča verzija tega, kar smo.</article-text-transliterated>
	</article>
	<comments>
		<comments-count>0</comments-count>
		<comments-list/>
	</comments>
</document>
