<?xml version="1.0" encoding="utf-8"?>
<document global-id="si-01-1346">
	<url>https://www.delo.si/sobotna-priloga/emocija-na-odru-se-enaci-s-tisto-ki-jo-narekuje-zivljenje-166607.html</url>
	<source-id>si-01</source-id>
	<local-id>1346</local-id>
	<source-name>Delo</source-name>
	<article>
		<article-title>Emocija na odru se enači s tisto, ki jo narekuje življenje</article-title>
		<article-title-transliterated>Emocija na odru se enači s tisto, ki jo narekuje življenje</article-title-transliterated>
		<article-time>2019-04-06</article-time>
		<article-author>Patricija Maličev</article-author>
		<article-text>»Sem ena izmed tistih, ki se je odločila, da odmakne stran problematiko političnega ustroja sveta, prav tako me ne vznemirja zunanji blišč bežnih poznanstev z ljudmi, ki mi ne naselijo nikakršnih usedlin, ampak s pomočjo velikanov pisane besede in v družini istomislečih raziskujem svet, ki tiči za mojim čelom in v mojem srcu,« pove, ko se, še sredi vaj za predstavo Ali: Strah ti pojé dušo srečava za pogovor.Dobivali sva se dolgo, vse od lanske pomladi. Po koščkih. Ni veliko slovenskih igralk, za katere lahko rečeš, da si odrasel z njimi, se sočasno in v mnogo smislih razvijal z njimi, ampak Nataša Barbara Gračner zame ...   		#deloBraintreeStore * { 		  font-family:'Trebuchet MS', 'Lucida Sans Unicode', 'Lucida Grande', 'Lucida Sans', Arial, sans-serif 		} 		#deloBraintreeStore .shop { text-align: left; margin: 0 -0.5em; } 		#deloBraintreeStore .initial { 		  text-align: center; 		} 		#deloBraintreeStore .auth_menu { 		  margin: 0 -1em; 		} 		#deloBraintreeStore .shop__step { 		  padding: 1em; 		  border: 0.01em solid #cccccc; 		} 		 #deloBraintreeStore.auth__menu-label { 		  font-size: 1em; 		  font-weight: 500; 		  padding: 0.5em 1em; 		} 		#deloBraintreeStore h3 { 			padding-left: 0; 		} 		#deloBraintreeStore .auth__menu h3, 		#deloBraintreeStore h3.modal__title { 			padding-left: 1.5rem; 		}</article-text>
		<article-text-transliterated>»Sem ena izmed tistih, ki se je odločila, da odmakne stran problematiko političnega ustroja sveta, prav tako me ne vznemirja zunanji blišč bežnih poznanstev z ljudmi, ki mi ne naselijo nikakršnih usedlin, ampak s pomočjo velikanov pisane besede in v družini istomislečih raziskujem svet, ki tiči za mojim čelom in v mojem srcu,« pove, ko se, še sredi vaj za predstavo Ali: Strah ti pojé dušo srečava za pogovor.Dobivali sva se dolgo, vse od lanske pomladi. Po koščkih. Ni veliko slovenskih igralk, za katere lahko rečeš, da si odrasel z njimi, se sočasno in v mnogo smislih razvijal z njimi, ampak Nataša Barbara Gračner zame ...   		#deloBraintreeStore * { 		  font-family:'Trebuchet MS', 'Lucida Sans Unicode', 'Lucida Grande', 'Lucida Sans', Arial, sans-serif 		} 		#deloBraintreeStore .shop { text-align: left; margin: 0 -0.5em; } 		#deloBraintreeStore .initial { 		  text-align: center; 		} 		#deloBraintreeStore .auth_menu { 		  margin: 0 -1em; 		} 		#deloBraintreeStore .shop__step { 		  padding: 1em; 		  border: 0.01em solid #cccccc; 		} 		 #deloBraintreeStore.auth__menu-label { 		  font-size: 1em; 		  font-weight: 500; 		  padding: 0.5em 1em; 		} 		#deloBraintreeStore h3 { 			padding-left: 0; 		} 		#deloBraintreeStore .auth__menu h3, 		#deloBraintreeStore h3.modal__title { 			padding-left: 1.5rem; 		}</article-text-transliterated>
	</article>
	<comments>
		<comments-count>1</comments-count>
		<comments-list>
			<comment comment-id="1">
				<comment-parent-id>,</comment-parent-id>
				<comment-text>Gospod Dušan, vi pa kar hitro v 1. razred OŠ, da nadoknadite vse prešpricane ure slovenščine. Pa kdaj pojdite tudi v gledališče. Bo svet lepši.</comment-text>
				<comment-text-transliterated>Gospod Dušan, vi pa kar hitro v 1. razred OŠ, da nadoknadite vse prešpricane ure slovenščine. Pa kdaj pojdite tudi v gledališče. Bo svet lepši.</comment-text-transliterated>
			</comment>
		</comments-list>
	</comments>
</document>
