<?xml version="1.0" encoding="utf-8"?>
<document global-id="si-01-1410">
	<url>https://www.delo.si/mnenja/pisma/evropa-v-vlogi-janicarja-ki-siri-angloameriski-jezik-185155.html</url>
	<source-id>si-01</source-id>
	<local-id>1410</local-id>
	<source-name>Delo</source-name>
	<article>
		<article-title>Evropa v vlogi janičarja, ki širi angloameriški jezik</article-title>
		<article-title-transliterated>Evropa v vlogi janičarja, ki širi angloameriški jezik</article-title-transliterated>
		<article-time>2019-05-18</article-time>
		<article-author>Janez Zadravec, Ljubljana</article-author>
		<article-text>Povezani članek  Evropa je najboljša zamisel, kar se nam jih je kdaj porodilo   Delo je 9. maja na 7. strani pod naslovom Evropa je najboljša zamisel, kar se nam jih je kdaj porodilo objavilo skupno izjavo predsednikov držav Evropske unije s pozivom državljanom na volitve: skupna izjava je sicer hvalevredna, vendar (pre)pozna in vsebinsko nepopolna.  Če bi se namreč predsedniki že prej oglašali ob pomembnejših trenutkih v razvoju EU, potem ne bi bili danes tu, kjer smo – z vse več pojavi nacionalizma, obujanjem fašizma, razraščajočo in ljudem odtujeno birokracijo, omejevanjem svobode govora in informiranja, zapiranjem notranjih (!) meja, medlo zunanjo politiko, izstopanjem držav iz EU itd. Evropa miru, svobode, enakosti, demokracije, zvestobe skupnim vrednotam, partnerstva itd. je očitno ogrožena. In kar je najbolj nevarno – mladi predvsem koristijo razne ugodnosti, se prilagajajo načelu kruha in iger, ne premorejo pa nobenega kritičnega razmisleka o dejanskem stanju in potrebi po spremembah vsaj na volitvah. V najboljšem primeru bo torej v naslednjem evropskem parlamentu večino časa in energije namenjeno spopadu med razdiralnimi nacionalizmi in povezovalnimi vrednotami: že tako vprašljiv razvoj EU in njen pomen pa bosta še bolj negotova. A predsedniki v izjavi govorijo o močni Evropi, kjer bomo partnerji, ne pa nasprotniki, ter o izzivih, ki jih bomo premagali z močnim gospodarstvom in večjo socialno povezanostjo (kohezijo).          »Zagovorniki angleščine kot nekakšnega svetovnega jezika so enaki nekdanjim zagovornikom ruščine v nekdanjih vzhodnoevropskih državah.« Foto Reuters                Prav v zvezi s povezanostjo ljudi in Evropejcev bi rad opozoril na še en izziv, ki je spregledan. Namerno? Gre za jezikovno politiko in demokracijo v EU. Če predsedniki resno govorijo o enakosti, povezanosti (koheziji), demokraciji, potem se ne sme nadaljevati sedanja jezikovna diskriminacija, kolonializem in laganje. Privilegirana uporaba enega nacionalnega jezika – danes angleščine – je namreč v nasprotju z vsemi mednarodnimi dokumenti, še posebej s splošno deklaracijo o človekovih pravicah (uporaba materinščine in enakopravnega sporazumevanja). Evropa je danes v vlogi janičarja, ki širi angloameriški jezik in kulturo. Zagovorniki angleščine kot nekakšnega svetovnega jezika so enaki nekdanjim zagovornikom ruščine v nekdanjih vzhodnoevropskih državah. Državljani Evrope si zaslužijo drugačno možnost prave in pravične jezikovne demokracije, enakopravnosti, sodelovanja in povezanosti.  Gre za uporabo mednarodnega jezika v vseh primerih neposrednega stika med govorci različnih nacionalnih jezikov, kjer se vedno znova oblikuje bojišče za nadvlado. Pred kratkim so ob petnajstletnici vstopa Slovenije v EU naši novinarji prikazali stanje v obmejni Gorici in obmejni Radgoni. V obeh primerih sta poudarjeno izstopala nepovezanost in nesodelovanje ljudi na obeh straneh meje. Očitno gre za nesposobnost sporazumevanja zaradi neposrednega spopada dveh različnih nacionalnih jezikov. Tako v tem kot v vseh podobnih primeri doma in v svetu bi morali uporabiti znano rešitev uporabe tretjega nacionalno nevtralnega jezika. UNESCO (Organizacija OZN za izobraževanje, znanost in kulturo) je že dvakrat (leta 1954 in 1985) sprejela resolucijo s pozivom za širjenje mednarodnega jezika esperanta. Tudi Slovenska nacionalna komisija za Unesco dobro pozna vsebino in namen obeh resolucij.  Čas je, da drugačna Evropa pokaže drugačno pot na področju jezikovne demokracije. Bomo šli samo za en dan na volitve ali pa izkoristili tudi to možnost za trajno enakopravno sodelovanje in večjo povezanost?    Preberite tudi  Slovenščina naj bo skupni jezik Evropske unije!  V Bruslju se bo še naprej govorilo angleško</article-text>
		<article-text-transliterated>Povezani članek  Evropa je najboljša zamisel, kar se nam jih je kdaj porodilo   Delo je 9. maja na 7. strani pod naslovom Evropa je najboljša zamisel, kar se nam jih je kdaj porodilo objavilo skupno izjavo predsednikov držav Evropske unije s pozivom državljanom na volitve: skupna izjava je sicer hvalevredna, vendar (pre)pozna in vsebinsko nepopolna.  Če bi se namreč predsedniki že prej oglašali ob pomembnejših trenutkih v razvoju EU, potem ne bi bili danes tu, kjer smo – z vse več pojavi nacionalizma, obujanjem fašizma, razraščajočo in ljudem odtujeno birokracijo, omejevanjem svobode govora in informiranja, zapiranjem notranjih (!) meja, medlo zunanjo politiko, izstopanjem držav iz EU itd. Evropa miru, svobode, enakosti, demokracije, zvestobe skupnim vrednotam, partnerstva itd. je očitno ogrožena. In kar je najbolj nevarno – mladi predvsem koristijo razne ugodnosti, se prilagajajo načelu kruha in iger, ne premorejo pa nobenega kritičnega razmisleka o dejanskem stanju in potrebi po spremembah vsaj na volitvah. V najboljšem primeru bo torej v naslednjem evropskem parlamentu večino časa in energije namenjeno spopadu med razdiralnimi nacionalizmi in povezovalnimi vrednotami: že tako vprašljiv razvoj EU in njen pomen pa bosta še bolj negotova. A predsedniki v izjavi govorijo o močni Evropi, kjer bomo partnerji, ne pa nasprotniki, ter o izzivih, ki jih bomo premagali z močnim gospodarstvom in večjo socialno povezanostjo (kohezijo).          »Zagovorniki angleščine kot nekakšnega svetovnega jezika so enaki nekdanjim zagovornikom ruščine v nekdanjih vzhodnoevropskih državah.« Foto Reuters                Prav v zvezi s povezanostjo ljudi in Evropejcev bi rad opozoril na še en izziv, ki je spregledan. Namerno? Gre za jezikovno politiko in demokracijo v EU. Če predsedniki resno govorijo o enakosti, povezanosti (koheziji), demokraciji, potem se ne sme nadaljevati sedanja jezikovna diskriminacija, kolonializem in laganje. Privilegirana uporaba enega nacionalnega jezika – danes angleščine – je namreč v nasprotju z vsemi mednarodnimi dokumenti, še posebej s splošno deklaracijo o človekovih pravicah (uporaba materinščine in enakopravnega sporazumevanja). Evropa je danes v vlogi janičarja, ki širi angloameriški jezik in kulturo. Zagovorniki angleščine kot nekakšnega svetovnega jezika so enaki nekdanjim zagovornikom ruščine v nekdanjih vzhodnoevropskih državah. Državljani Evrope si zaslužijo drugačno možnost prave in pravične jezikovne demokracije, enakopravnosti, sodelovanja in povezanosti.  Gre za uporabo mednarodnega jezika v vseh primerih neposrednega stika med govorci različnih nacionalnih jezikov, kjer se vedno znova oblikuje bojišče za nadvlado. Pred kratkim so ob petnajstletnici vstopa Slovenije v EU naši novinarji prikazali stanje v obmejni Gorici in obmejni Radgoni. V obeh primerih sta poudarjeno izstopala nepovezanost in nesodelovanje ljudi na obeh straneh meje. Očitno gre za nesposobnost sporazumevanja zaradi neposrednega spopada dveh različnih nacionalnih jezikov. Tako v tem kot v vseh podobnih primeri doma in v svetu bi morali uporabiti znano rešitev uporabe tretjega nacionalno nevtralnega jezika. UNESCO (Organizacija OZN za izobraževanje, znanost in kulturo) je že dvakrat (leta 1954 in 1985) sprejela resolucijo s pozivom za širjenje mednarodnega jezika esperanta. Tudi Slovenska nacionalna komisija za Unesco dobro pozna vsebino in namen obeh resolucij.  Čas je, da drugačna Evropa pokaže drugačno pot na področju jezikovne demokracije. Bomo šli samo za en dan na volitve ali pa izkoristili tudi to možnost za trajno enakopravno sodelovanje in večjo povezanost?    Preberite tudi  Slovenščina naj bo skupni jezik Evropske unije!  V Bruslju se bo še naprej govorilo angleško</article-text-transliterated>
	</article>
	<comments>
		<comments-count>3</comments-count>
		<comments-list>
			<comment comment-id="1">
				<comment-parent-id>,</comment-parent-id>
				<comment-text>Se nekaku izraža nezadovoljstvo in janičarstvo z angloamerikanščino. Hkrati se pa vztrajno in trmasto uporablja izraz Unija. A ni to morebiti nekšna skupnost? Evropska skupnost. ES. Ne pa EU. Kenede,Janez. Zadravec. Janičar?</comment-text>
				<comment-text-transliterated>Se nekaku izraža nezadovoljstvo in janičarstvo z angloamerikanščino. Hkrati se pa vztrajno in trmasto uporablja izraz Unija. A ni to morebiti nekšna skupnost? Evropska skupnost. ES. Ne pa EU. Kenede,Janez. Zadravec. Janičar?</comment-text-transliterated>
			</comment>
			<comment comment-id="2">
				<comment-parent-id>,</comment-parent-id>
				<comment-text>Zakaj pa je esperanto kaj boljši od angleščine? PRav tako je tuj jezik. Mnogo bolje bi bilo da bi za mednarodni jezik izbrali Mdeđuslovenski, če se ze odločamo za konstruirane jezike.</comment-text>
				<comment-text-transliterated>Zakaj pa je esperanto kaj boljši od angleščine? PRav tako je tuj jezik. Mnogo bolje bi bilo da bi za mednarodni jezik izbrali Mdeđuslovenski, če se ze odločamo za konstruirane jezike.</comment-text-transliterated>
			</comment>
			<comment comment-id="2-1">
				<comment-parent-id>2</comment-parent-id>
				<comment-text>Esperanto ni tuj jezik! Je pa toliko tuj, kolikor nam je tuja knjižna slovenščina. Tudi ta je umeten jezik, ki služi da se primorec in prekmurec lahko razumeta. Učiti se ga morata vsa osnovnošolska in srednješolska leta! Tuj jezik govorijo v tujih deželah. In tam smo tujci, ker nas domačini hitro pogruntajo, da govorimo drugače. Esperanto je naslednja stopnja sporazumevanja. 1.narečje, 2.narodni knjižni jezik, 3.mednarodni nevtralni jezik. Tako, brez tujega jezika se lahko lepo počutiš prebivalca planeta Zemlje!</comment-text>
				<comment-text-transliterated>Esperanto ni tuj jezik! Je pa toliko tuj, kolikor nam je tuja knjižna slovenščina. Tudi ta je umeten jezik, ki služi da se primorec in prekmurec lahko razumeta. Učiti se ga morata vsa osnovnošolska in srednješolska leta! Tuj jezik govorijo v tujih deželah. In tam smo tujci, ker nas domačini hitro pogruntajo, da govorimo drugače. Esperanto je naslednja stopnja sporazumevanja. 1.narečje, 2.narodni knjižni jezik, 3.mednarodni nevtralni jezik. Tako, brez tujega jezika se lahko lepo počutiš prebivalca planeta Zemlje!</comment-text-transliterated>
			</comment>
		</comments-list>
	</comments>
</document>
