<document global-id="si-01-1257">
    <url>https://www.delo.si/mnenja/kolumne/drzava-brez-vizije-kultura-brez-drzave-249164.html</url>
    <source-id>si-01</source-id>
    <local-id>1257</local-id>
    <source-name>Delo</source-name>
    <article>
        <article-title>Država brez vizije, kultura brez države</article-title>
        <article-title-transliterated>Država brez vizije, kultura brez države</article-title-transliterated>
        <article-time>2019-11-16</article-time>
        <article-author>Luka Lisjak Gabrijelčič</article-author>
        <article-text>Zgodba o odnosu ljubljanske centrale do italijanskega programa Radia Koper je simptom odsotnosti
            resnih premislekov o strateški vlogi kulturnih politik. Najboljša politična oddaja v Sloveniji ne poteka v
            slovenščini. To trdim že dolgo. Z zadovoljstvom slišim, ko enako oceno izrečejo posamezniki najrazličnejših
            političnih prepričanj, ideoloških nagnjenj in kulturnih senzibilnosti. Z njimi me druži ena lastnost:
            pripadamo tisti sedmini slovenskega prebivalstva, ki po podatkih evropskega urada za statistiko obvlada
            italijanski jezik – največji delež med državami EU za Malto in Hrvaško (in seveda Italijo). No, dve
            lastnosti: poslušamo »Radio Capodistria«.Oddaja Il vaso di Pandora (Pandorina skrinjica), ki gre v eter vsak
            petek na valovih italijanskega programa Radia Koper, ...
        </article-text>
        <article-text-transliterated>Zgodba o odnosu ljubljanske centrale do italijanskega programa Radia Koper je
            simptom odsotnosti resnih premislekov o strateški vlogi kulturnih politik. Najboljša politična oddaja v
            Sloveniji ne poteka v slovenščini. To trdim že dolgo. Z zadovoljstvom slišim, ko enako oceno izrečejo
            posamezniki najrazličnejših političnih prepričanj, ideoloških nagnjenj in kulturnih senzibilnosti. Z njimi
            me druži ena lastnost: pripadamo tisti sedmini slovenskega prebivalstva, ki po podatkih evropskega urada za
            statistiko obvlada italijanski jezik – največji delež med državami EU za Malto in Hrvaško (in seveda
            Italijo). No, dve lastnosti: poslušamo »Radio Capodistria«.Oddaja Il vaso di Pandora (Pandorina skrinjica),
            ki gre v eter vsak petek na valovih italijanskega programa Radia Koper, ...
        </article-text-transliterated>
    </article>
    <comments>
        <comments-count>0</comments-count>
        <comment-list/>
    </comments>
</document>