<?xml version="1.0" encoding="utf-8"?>
<document global-id="si-01-1375">
	<url>https://www.delo.si/svet/evropa/novi-generalni-sekretar-zn-moskva-podpira-zensko.html</url>
	<source-id>si-01</source-id>
	<local-id>1375</local-id>
	<source-name>Delo</source-name>
	<article>
		<article-title>Erjavec o neučinkovitosti protiruskih sankcij</article-title>
		<article-title-transliterated>Erjavec o neučinkovitosti protiruskih sankcij</article-title-transliterated>
		<article-time>2016-06-14</article-time>
		<article-author>Boris Čibej, Dunaj</article-author>
		<article-text>Moskva − »Slovensko zunanje ministrstvo: sankcije ne bodo pomagale rešiti ukrajinske krize,« se je glasil eden od vodilnih naslovov ruske tiskovne agencije RIA Novosti po začetku srečanja med ruskim zunanjim ministrom Sergejem Lavrovom in njegovim slovenskim kolegom Karlom Erjavcem, ki je danes priletel na dvodnevni obisk v Rusijo. Po besedah prvega moža slovenske diplomacije ima Ljubljana »gibko politiko« glede vprašanja kazenskih ukrepov EU proti Rusiji. »Po našem mnenju v ekonomskem smislu te sankcije niso prinesle ne tej ne oni strani nikakršnih otipljivih rezultatov,« je povedal Erjavec. V bolj diplomatsko zavitem jeziku, kakor je napovedoval agencijski naslov, je dodal, da »zato ni nujno, da je rešitev ukrajinske krize vedno odvisna od teh gospodarskih sankcij«. Te niso »tisti instrument, ki je nujen za rešitev tega problema«, je še pojasnil slovenski minister. Njegov gostitelj je povedal, da ta »zunanja konjunktura« seveda vpliva na ekonomsko sodelovanje med državama, a da je njegov »potencial« tako velik, da lahko Rusija in Slovenija povečata menjavo celo v sedanjih okoliščinah. Novi generalni sekretar ZN: Moskva podpira žensko Le  dan pred obiskom slovenskega zunanjega ministra Karla Erjavca v Moskvi,  kjer se je danes srečal tudi s svojim ruskim kolegom Sergejem Lavrovom,  so na ruskem zunanjem ministrstvu posredno povedali, da Rusija ne bo  podprla slovenskega kandidata za novega generalnega sekretarja Združenih  narodov Danila Türka. Kakor je izjavil namestnik Lavrova Genadij  Gatilov, Moskva podpira »pozive nekaterih držav«, da bi položaj  generalnega sekretarja prevzela ženska. Hkrati pa lahko na glas ene od  stalnih članic varnostnega sveta računa kandidatka iz vzhodne Evrope,  saj po Gatilovih besedah »predstavnika te regije še ni bilo na tem  položaju«, zato je to »neke vrste zgodovinsko nepravičnost treba  popraviti«. O tem, kdo je ta »vzhodnoevropejka«, ki jo bo Rusija  podprla, ruske agencije niso poročale. So pa bralkam in bralcem naštele  osem dosedanjih kandidatk in kandidatov, med katerimi lahko najdejo  pravo: Makedonec Srgjan Kerim, Hrvatica Vesna Pusić, Črnogorec Igor  Lukšić in Slovenec Danilo Türk ter Irina Bokova (Bolgarija), Natalia  Gherman (Moldavija), Antonio Guterres (Portugalska) in Helen Clark (Nova  Zelandija).</article-text>
		<article-text-transliterated>Moskva − »Slovensko zunanje ministrstvo: sankcije ne bodo pomagale rešiti ukrajinske krize,« se je glasil eden od vodilnih naslovov ruske tiskovne agencije RIA Novosti po začetku srečanja med ruskim zunanjim ministrom Sergejem Lavrovom in njegovim slovenskim kolegom Karlom Erjavcem, ki je danes priletel na dvodnevni obisk v Rusijo. Po besedah prvega moža slovenske diplomacije ima Ljubljana »gibko politiko« glede vprašanja kazenskih ukrepov EU proti Rusiji. »Po našem mnenju v ekonomskem smislu te sankcije niso prinesle ne tej ne oni strani nikakršnih otipljivih rezultatov,« je povedal Erjavec. V bolj diplomatsko zavitem jeziku, kakor je napovedoval agencijski naslov, je dodal, da »zato ni nujno, da je rešitev ukrajinske krize vedno odvisna od teh gospodarskih sankcij«. Te niso »tisti instrument, ki je nujen za rešitev tega problema«, je še pojasnil slovenski minister. Njegov gostitelj je povedal, da ta »zunanja konjunktura« seveda vpliva na ekonomsko sodelovanje med državama, a da je njegov »potencial« tako velik, da lahko Rusija in Slovenija povečata menjavo celo v sedanjih okoliščinah. Novi generalni sekretar ZN: Moskva podpira žensko Le  dan pred obiskom slovenskega zunanjega ministra Karla Erjavca v Moskvi,  kjer se je danes srečal tudi s svojim ruskim kolegom Sergejem Lavrovom,  so na ruskem zunanjem ministrstvu posredno povedali, da Rusija ne bo  podprla slovenskega kandidata za novega generalnega sekretarja Združenih  narodov Danila Türka. Kakor je izjavil namestnik Lavrova Genadij  Gatilov, Moskva podpira »pozive nekaterih držav«, da bi položaj  generalnega sekretarja prevzela ženska. Hkrati pa lahko na glas ene od  stalnih članic varnostnega sveta računa kandidatka iz vzhodne Evrope,  saj po Gatilovih besedah »predstavnika te regije še ni bilo na tem  položaju«, zato je to »neke vrste zgodovinsko nepravičnost treba  popraviti«. O tem, kdo je ta »vzhodnoevropejka«, ki jo bo Rusija  podprla, ruske agencije niso poročale. So pa bralkam in bralcem naštele  osem dosedanjih kandidatk in kandidatov, med katerimi lahko najdejo  pravo: Makedonec Srgjan Kerim, Hrvatica Vesna Pusić, Črnogorec Igor  Lukšić in Slovenec Danilo Türk ter Irina Bokova (Bolgarija), Natalia  Gherman (Moldavija), Antonio Guterres (Portugalska) in Helen Clark (Nova  Zelandija).</article-text-transliterated>
	</article>
	<comments>
		<comments-count>0</comments-count>
		<comments-list/>
	</comments>
</document>
