<?xml version="1.0" encoding="utf-8"?>
<document global-id="si-01-1086">
	<url>https://www.delo.si/mnenja/blogi/schrodingerjev-zizek.html</url>
	<source-id>si-01</source-id>
	<local-id>1086</local-id>
	<source-name>Delo</source-name>
	<article>
		<article-title>Dobrodošli v džungli: Schrödingerjev Žižek</article-title>
		<article-title-transliterated>Dobrodošli v džungli: Schrödingerjev Žižek</article-title-transliterated>
		<article-time>2017-02-09</article-time>
		<article-author>Aljaž Pengov Bitenc</article-author>
		<article-text>Kolega Narat je, prav na tem mestu, včeraj tehtal in tuhtal, kaj povezuje dva tako različna človeka, kot sta The Donald in The Miro, pri tem pa sta ga prevevali tesnoba in skrb. Boštjanove skrbi so razumljive in vredne premisleka. In če bi bil tisti kitajski pregovor o prekletstvu življenja v zanimivih časih res kitajski (še bolje, če bi sploh zares obstajal), potem bi ga bilo gotovo vredno zapisati na tem mestu. A namesto tega raje izvedimo žižka. Miselno figuro, kjer izjavimo nekaj na prvi pogled kontraintuitivnega, provokativnega in zgrešenega, le da to ni. Če vam pri tem uspe v zgodbo vplesti še Stalina, dobite bonus točke. Josipa Visarijonoviča bomo sicer prepustili Žižku osebno, a dogodki zadnjega meseca dni dokazujejo, da je imel gostobesedni filozof na neki način prav, ko si je želel Trumpove zmage na novembrskih volitvah.  Demokracija v Združenih jim državah Amerike še nikoli ni bila v boljši koži. A hkrati se je Žižek tudi motil. Trumpova izvolitev za ameriško levico (pri čemer je treba onstran Atlantika ta termin razumeti zelo na široko) ne pomeni preroda. Žižek je imel torej prav in se je motil hkrati. Tako rekoč Schrödringerjev Žižek, če po nemarnem omenimo še enega filozofa. A poglejmo pobliže, za kaj v resnici gre. Resda je še zgodaj in ni popolnoma jasno, kam bo demokratska stranka zavila po lanskem nepričakovanem akoravno tesnem porazu. Vsekakor pa je jasno, da se na tistem koncu ameriškega političnega spektra ne bo zgodilo nič epohalnega. Ker se ne more. Koalicija, ki se vsakič znova zbere pod demokratsko marelo, je preprosto preširoka, da bi prenesla prevelike sunke v eno ali drugo smer. Podobno sicer velja tudi za republikansko stranko, kjer celo ob dejstvu, da so nesporni vladarji dveh vej oblasti, ne morejo skriti razpok, ki jih je povzročilo Donaldovo buldožeriranje v vse smeri hkrati. A preboji se dogajajo drugje. Trumpova dekonstrukcija vsega političnega je povzročila vsesplošno državljansko aktivacijo. Tu ne gre zgolj za proteste proti prepovedi vstopa muslimanom v državo, čeprav je človek lahko vsakokrat znova začuden in navdušen nad sposobnostjo Amerov, da se v nekaj urah naberejo v spoštovanja vredno množico in potem vztrajajo. Gre za to, da so tiskani mediji zabeležili rast števila naročnin. Gre za to, da so se novinarji postavili po robu »alternativnim dejstvom«. Gre za to, da so se državljani začeli pridruževati nevladnim organizacijam ali pa so jim namenili izjemne donacije. Gre, skratka, za to, da se Američani in Američanke demokracijo (spet?) gredo vsak dan na tisoč načinov in ne zgolj enkrat na štiri leta na volišču. Res, demokraciji v ZDA je redkokdaj kazalo bolje. V Blatnem dolu pa ... No ja. Ko je parlament, častnim izjemam navkljub, sprejel tisto nesrečno novelo zakona o tujcih, se je na protestu pred parlamentom zbralo šest (s številko: 6) ljudi. Žalostno, a ne presenetljivo. Pa ne zaradi tega, ker nasprotovanje tovrstnemu mesarjenju po mednarodnih zavezah ni v modi. Hec je v tem, da je ta isti parlament pred letom in pol uzakonil tudi možnost podelitve policijskih pooblastil vojski, kar je v smislu slabljenja demokracije hujši prestopek. Pa takrat pred parlamentom ni protestiral nihče. Res, demokraciji v Sloveniji je redkokdaj kazalo tako slabo. Pa ne zaradi politikov in njihovega omlednega priseganja na te ali one varovalke, za katere je vnaprej jasno, da ne bodo vredne papirja, na katerem so zapisane, ko oziroma če bodo stvari spet postale resne. Ne, demokracija je v težavah zato, ker v Podalpju še vedno vlada prepričanje, da je dovolj, da se na tem ali onem glasovanju obkroži svojega kandidata, nato pa se nadaljuje s pritoževanjem, kako da so vsi isti. Da se nas človekove pravice drugih ne tičejo. Da nam Evropska unija jemlje suverenost in (v isti sapi) da je vendar jasno, da bi nam moral Bruselj dati več denarja. In seveda, da so zmenjeni s Hrvati. In potem gladko požremo še bail-out Teš 6. Nedavna raziskava The Economista je pokazala, da tako Slovenija kot ZDA spadata v skupino držav s pomanjkljivo demokracijo. Razlika je v tem, da imajo ZDA na tem področju vendarle perspektivo, medtem ko pogled na Slovenijo, prosto po Naratu, vzbuja tesnobo in skrb. *** Aljaž Pengov Bitenc ni neznano ime. Nasprotno, med tviteraši je znan pod vzdevkom @pengovsky, na spletnem radiu Kaos pa     opravlja naloge urednika in novinarja. Mnenj,     ki praviloma ne     ostanejo neopažena, ne deli le v slovenskem, ampak  tudi  v   angleškem     jeziku; je tudi avtor bloga Sleeping with Pengovsky (sex and politics). Berete ga lahko tudi kot rednega blogerja na Delo.si. Njegove prispevke objavljamo vsak drugi četrtek ob 12. uri.</article-text>
		<article-text-transliterated>Kolega Narat je, prav na tem mestu, včeraj tehtal in tuhtal, kaj povezuje dva tako različna človeka, kot sta The Donald in The Miro, pri tem pa sta ga prevevali tesnoba in skrb. Boštjanove skrbi so razumljive in vredne premisleka. In če bi bil tisti kitajski pregovor o prekletstvu življenja v zanimivih časih res kitajski (še bolje, če bi sploh zares obstajal), potem bi ga bilo gotovo vredno zapisati na tem mestu. A namesto tega raje izvedimo žižka. Miselno figuro, kjer izjavimo nekaj na prvi pogled kontraintuitivnega, provokativnega in zgrešenega, le da to ni. Če vam pri tem uspe v zgodbo vplesti še Stalina, dobite bonus točke. Josipa Visarijonoviča bomo sicer prepustili Žižku osebno, a dogodki zadnjega meseca dni dokazujejo, da je imel gostobesedni filozof na neki način prav, ko si je želel Trumpove zmage na novembrskih volitvah.  Demokracija v Združenih jim državah Amerike še nikoli ni bila v boljši koži. A hkrati se je Žižek tudi motil. Trumpova izvolitev za ameriško levico (pri čemer je treba onstran Atlantika ta termin razumeti zelo na široko) ne pomeni preroda. Žižek je imel torej prav in se je motil hkrati. Tako rekoč Schrödringerjev Žižek, če po nemarnem omenimo še enega filozofa. A poglejmo pobliže, za kaj v resnici gre. Resda je še zgodaj in ni popolnoma jasno, kam bo demokratska stranka zavila po lanskem nepričakovanem akoravno tesnem porazu. Vsekakor pa je jasno, da se na tistem koncu ameriškega političnega spektra ne bo zgodilo nič epohalnega. Ker se ne more. Koalicija, ki se vsakič znova zbere pod demokratsko marelo, je preprosto preširoka, da bi prenesla prevelike sunke v eno ali drugo smer. Podobno sicer velja tudi za republikansko stranko, kjer celo ob dejstvu, da so nesporni vladarji dveh vej oblasti, ne morejo skriti razpok, ki jih je povzročilo Donaldovo buldožeriranje v vse smeri hkrati. A preboji se dogajajo drugje. Trumpova dekonstrukcija vsega političnega je povzročila vsesplošno državljansko aktivacijo. Tu ne gre zgolj za proteste proti prepovedi vstopa muslimanom v državo, čeprav je človek lahko vsakokrat znova začuden in navdušen nad sposobnostjo Amerov, da se v nekaj urah naberejo v spoštovanja vredno množico in potem vztrajajo. Gre za to, da so tiskani mediji zabeležili rast števila naročnin. Gre za to, da so se novinarji postavili po robu »alternativnim dejstvom«. Gre za to, da so se državljani začeli pridruževati nevladnim organizacijam ali pa so jim namenili izjemne donacije. Gre, skratka, za to, da se Američani in Američanke demokracijo (spet?) gredo vsak dan na tisoč načinov in ne zgolj enkrat na štiri leta na volišču. Res, demokraciji v ZDA je redkokdaj kazalo bolje. V Blatnem dolu pa ... No ja. Ko je parlament, častnim izjemam navkljub, sprejel tisto nesrečno novelo zakona o tujcih, se je na protestu pred parlamentom zbralo šest (s številko: 6) ljudi. Žalostno, a ne presenetljivo. Pa ne zaradi tega, ker nasprotovanje tovrstnemu mesarjenju po mednarodnih zavezah ni v modi. Hec je v tem, da je ta isti parlament pred letom in pol uzakonil tudi možnost podelitve policijskih pooblastil vojski, kar je v smislu slabljenja demokracije hujši prestopek. Pa takrat pred parlamentom ni protestiral nihče. Res, demokraciji v Sloveniji je redkokdaj kazalo tako slabo. Pa ne zaradi politikov in njihovega omlednega priseganja na te ali one varovalke, za katere je vnaprej jasno, da ne bodo vredne papirja, na katerem so zapisane, ko oziroma če bodo stvari spet postale resne. Ne, demokracija je v težavah zato, ker v Podalpju še vedno vlada prepričanje, da je dovolj, da se na tem ali onem glasovanju obkroži svojega kandidata, nato pa se nadaljuje s pritoževanjem, kako da so vsi isti. Da se nas človekove pravice drugih ne tičejo. Da nam Evropska unija jemlje suverenost in (v isti sapi) da je vendar jasno, da bi nam moral Bruselj dati več denarja. In seveda, da so zmenjeni s Hrvati. In potem gladko požremo še bail-out Teš 6. Nedavna raziskava The Economista je pokazala, da tako Slovenija kot ZDA spadata v skupino držav s pomanjkljivo demokracijo. Razlika je v tem, da imajo ZDA na tem področju vendarle perspektivo, medtem ko pogled na Slovenijo, prosto po Naratu, vzbuja tesnobo in skrb. *** Aljaž Pengov Bitenc ni neznano ime. Nasprotno, med tviteraši je znan pod vzdevkom @pengovsky, na spletnem radiu Kaos pa     opravlja naloge urednika in novinarja. Mnenj,     ki praviloma ne     ostanejo neopažena, ne deli le v slovenskem, ampak  tudi  v   angleškem     jeziku; je tudi avtor bloga Sleeping with Pengovsky (sex and politics). Berete ga lahko tudi kot rednega blogerja na Delo.si. Njegove prispevke objavljamo vsak drugi četrtek ob 12. uri.</article-text-transliterated>
	</article>
	<comments>
		<comments-count>0</comments-count>
		<comments-list/>
	</comments>
</document>
