<?xml version="1.0" encoding="utf-8"?>
<document global-id="si-01-1304">
	<url>https://www.delo.si/sport/nogomet/eden-vse-blize-lionelu-in-cristianu.html</url>
	<source-id>si-01</source-id>
	<local-id>1304</local-id>
	<source-name>Delo</source-name>
	<article>
		<article-title>Eden vse bliže Lionelu in Cristianu</article-title>
		<article-title-transliterated>Eden vse bliže Lionelu in Cristianu</article-title-transliterated>
		<article-time>2015-05-03</article-time>
		<article-author>Gorazd Nejedly, šport</article-author>
		<article-text>Eden Hazard je morda najboljši nogometaš na svetu, ali vsaj drugi, tretji. Takoj za Lionelom Messijem in Cristianom Ronaldom. Toda Argentinec in Portugalec sta z drugega planeta, tako da prestižni naziv komaj 24-letnemu Belgijcu kar pritiče.Tudi Hazardovi profesionalni kolegi v Angliji so najžlahtnejšega Chelseajevega igralca prepričljivo razglasili za najboljšega v »premier league« v tej sezoni. Lansko leto je bil najboljši v kategoriji mladih igralcev. Resda se Messi in Ronaldo še ne bosta zlepa odrekla boju za raznovrstne prestižne nazive, a prej ko slej, kot kaže Belgijčev razvoj, jima bo račune prekrižal »player of the year« po izboru profesionalnih nogometašev, ki po stasu sodi v kategorijo staromodnih igralcev. Ti so prevladovali pretežni del minulega stoletja. Slovita Pele in Maradona ali ostrostrelec Gerd Müller, pa irski boem George Best, so z močnimi stegenskimi mišicami in kratkimi nogami uprizarjali atraktivna preigravanja, zabijali čudežne gole. Hazard jim je zelo podoben, a v vseh prvinah mu vendarle še nekaj manjka. Denimo Pelejeva skočnost, Maradonovi pronicljivost in zvijačnost, Müllerjev občutek za gol, Bestovi lucidnost in karizmatičnost ...»Branjenje proti igralcem s tako nizkim težiščem je nočna mora,« je opisal največjo prednost igralcev s postavo, kakršno ima Hazard, nekdanji angleški reprezentant Gary Neville. Našel je tudi slabosti. »Nima klasičnega strelskega občutka in lakote po golih. To ga oblikuje tudi značajsko, zaradi česar nikoli ne bo zabijal toliko golov kot Ronaldo ali Messi, lahko pa bi jih približno 20 vsako sezono.«Če Hazard še ni na ravni neprekosljivega dvojca na igrišču, jima je veliko bliže po trenutnih vrednostih na nogometni borzi. Njegov adut je mladost in pomanjkanje vrhunskih igralcev njegovega kova. Hazard ne sodi v kategorijo večno poškodovanih, njegov razvoj je programiran in skladen brez vzponov in padcev, je izrazito moštveni igralec. Kot takšnega ga vidi tudi Real Madrid, ki je sramežljivo že potipal, kakšne so možnosti, da bi 174 cm visokega Valonca pripeljal v kraljevsko družbo. Nad domnevnim Realovim povpraševanjem se je najbolj zdrznil Jose Mourinho.»Če mislijo, da je ulovljiv za 150 milijonov evrov, se motijo. Samo ena njegova noga je vredna 200 milijonov funtov,« je zabrusil Portugalec, ki si je ob svojem drugem prihodu v Chelsea zagotovil tudi vlogo odločujočega moža pri kadrovanju igralskega moštva. Mourinho je lansko leto uprizoril tudi njemu značilen spor s Hazardom. Brez dlake na jeziku ga je ošvrknil, da premalo igra za moštvo. Trenerjeve strelice so zadele v polno, Hazard je v tej sezoni navduševal tudi s pristopom. Real je vsaj za zdaj še zelo daleč. »Ne verjamem, da bi se Real zanimal zanj mimo moje vednosti. S predsednikom kluba Florentinom Perezom sva še vedno prijatelja in vem, da bi najprej vprašal mene,« je Mourinho zaključil govorice o Hazardovi selitvi v Madrid. Ni pa jih utišal. Nikogar ne bi presenetila poletna menjava z Garethom Balom. Valižanove nestanovitne igre niso najbolj pogodu razvajenih Madridčanov, njegova selitev v London pa bi Chelseaju nadela več britanskosti in povrhu še za nekaj milijonov evrov napolnila blagajno. Kar ni tako nepomembno v novem razmerju med lastnikom Chelseaja Romanom Abramovičem in Mourinhom. Portugalec je namreč moštvo do skorajšnjega naslova pripeljal s pozitivno bilanco pri kadrovanju, kar je domala edinstven dosežek med najboljšimi klubi v Evropi.</article-text>
		<article-text-transliterated>Eden Hazard je morda najboljši nogometaš na svetu, ali vsaj drugi, tretji. Takoj za Lionelom Messijem in Cristianom Ronaldom. Toda Argentinec in Portugalec sta z drugega planeta, tako da prestižni naziv komaj 24-letnemu Belgijcu kar pritiče.Tudi Hazardovi profesionalni kolegi v Angliji so najžlahtnejšega Chelseajevega igralca prepričljivo razglasili za najboljšega v »premier league« v tej sezoni. Lansko leto je bil najboljši v kategoriji mladih igralcev. Resda se Messi in Ronaldo še ne bosta zlepa odrekla boju za raznovrstne prestižne nazive, a prej ko slej, kot kaže Belgijčev razvoj, jima bo račune prekrižal »player of the year« po izboru profesionalnih nogometašev, ki po stasu sodi v kategorijo staromodnih igralcev. Ti so prevladovali pretežni del minulega stoletja. Slovita Pele in Maradona ali ostrostrelec Gerd Müller, pa irski boem George Best, so z močnimi stegenskimi mišicami in kratkimi nogami uprizarjali atraktivna preigravanja, zabijali čudežne gole. Hazard jim je zelo podoben, a v vseh prvinah mu vendarle še nekaj manjka. Denimo Pelejeva skočnost, Maradonovi pronicljivost in zvijačnost, Müllerjev občutek za gol, Bestovi lucidnost in karizmatičnost ...»Branjenje proti igralcem s tako nizkim težiščem je nočna mora,« je opisal največjo prednost igralcev s postavo, kakršno ima Hazard, nekdanji angleški reprezentant Gary Neville. Našel je tudi slabosti. »Nima klasičnega strelskega občutka in lakote po golih. To ga oblikuje tudi značajsko, zaradi česar nikoli ne bo zabijal toliko golov kot Ronaldo ali Messi, lahko pa bi jih približno 20 vsako sezono.«Če Hazard še ni na ravni neprekosljivega dvojca na igrišču, jima je veliko bliže po trenutnih vrednostih na nogometni borzi. Njegov adut je mladost in pomanjkanje vrhunskih igralcev njegovega kova. Hazard ne sodi v kategorijo večno poškodovanih, njegov razvoj je programiran in skladen brez vzponov in padcev, je izrazito moštveni igralec. Kot takšnega ga vidi tudi Real Madrid, ki je sramežljivo že potipal, kakšne so možnosti, da bi 174 cm visokega Valonca pripeljal v kraljevsko družbo. Nad domnevnim Realovim povpraševanjem se je najbolj zdrznil Jose Mourinho.»Če mislijo, da je ulovljiv za 150 milijonov evrov, se motijo. Samo ena njegova noga je vredna 200 milijonov funtov,« je zabrusil Portugalec, ki si je ob svojem drugem prihodu v Chelsea zagotovil tudi vlogo odločujočega moža pri kadrovanju igralskega moštva. Mourinho je lansko leto uprizoril tudi njemu značilen spor s Hazardom. Brez dlake na jeziku ga je ošvrknil, da premalo igra za moštvo. Trenerjeve strelice so zadele v polno, Hazard je v tej sezoni navduševal tudi s pristopom. Real je vsaj za zdaj še zelo daleč. »Ne verjamem, da bi se Real zanimal zanj mimo moje vednosti. S predsednikom kluba Florentinom Perezom sva še vedno prijatelja in vem, da bi najprej vprašal mene,« je Mourinho zaključil govorice o Hazardovi selitvi v Madrid. Ni pa jih utišal. Nikogar ne bi presenetila poletna menjava z Garethom Balom. Valižanove nestanovitne igre niso najbolj pogodu razvajenih Madridčanov, njegova selitev v London pa bi Chelseaju nadela več britanskosti in povrhu še za nekaj milijonov evrov napolnila blagajno. Kar ni tako nepomembno v novem razmerju med lastnikom Chelseaja Romanom Abramovičem in Mourinhom. Portugalec je namreč moštvo do skorajšnjega naslova pripeljal s pozitivno bilanco pri kadrovanju, kar je domala edinstven dosežek med najboljšimi klubi v Evropi.</article-text-transliterated>
	</article>
	<comments>
		<comments-count>0</comments-count>
		<comments-list/>
	</comments>
</document>
