<?xml version="1.0" encoding="utf-8"?>
<document global-id="si-01-1274">
	<url>https://www.delo.si/kultura/glasba/duhovi-sedanjosti-boris-beleta-253384.html</url>
	<source-id>si-01</source-id>
	<local-id>1274</local-id>
	<source-name>Delo</source-name>
	<article>
		<article-title>Duhovi sedanjosti Boris Beleta</article-title>
		<article-title-transliterated>Duhovi sedanjosti Boris Beleta</article-title-transliterated>
		<article-time>2019-11-26</article-time>
		<article-author>Zdenko Matoz</article-author>
		<article-text>Borisa Beleta, kitarista in pevca, najbolj poznamo kot vodjo kultne skupine Buldožer. Ker ta zasedba trenutno počiva, je oblikoval novo skupino Duhovi, ki je nedavno izdala prvenec Dobri duhovi prošlosti.  Ljubljanskemu občinstvu ga bodo premierno predstavili nocoj v klubu Cankarjevega doma ob 20 uri. Poleg Beleta, ki je avtor skladb, so v zasedbi še Luka Vehar, solo kitara, Miklavž Ašič - Miki, bas kitara, in Žiga Kožar, bobni. To ni projekt, to je nova slovenska rock skupina, je prepričan Bele. Na albumu, ki je izšel pri hrvaški založbi Croatia Records, je deset avtorskih pesmi.  Ker so vsa besedila v hrvaščini, nas je zanimalo, zakaj se je odločil za to. Kot nam je pred časom zaupal v intervjuju za Delo, je v tem jeziku ustvarjal vso svojo kariero zaradi večjega trga.  »Že pri Buldožerjih sva se z Markom Brecljem dogovorila tako, ker tudi njemu takratna srbohrvaščina ni delala težav. Sklenila sva, da bomo besedila pisali v tem jeziku, da bomo lahko nastopali po vsej Jugoslaviji. Zdaj se zgodovina ponavlja, le da tokrat v hrvaščini.« Glasba na albumu je preverjeno rockovska z vplivi bluesa, rhythm and bluesa in rock'n'rolla. Album je produciral Beletov prijatelj in soborec pri Buldožerjih Borut Činč.  .embed-container-dm {position: relative; padding-bottom: 70%; height: 0; overflow: hidden;}                     .embed-container-dm iframe, .embed-container-dm object,                     .embed-container-dm embed { position: absolute; top: 0; left: 0; width: 100%; height: 95%; }</article-text>
		<article-text-transliterated>Borisa Beleta, kitarista in pevca, najbolj poznamo kot vodjo kultne skupine Buldožer. Ker ta zasedba trenutno počiva, je oblikoval novo skupino Duhovi, ki je nedavno izdala prvenec Dobri duhovi prošlosti.  Ljubljanskemu občinstvu ga bodo premierno predstavili nocoj v klubu Cankarjevega doma ob 20 uri. Poleg Beleta, ki je avtor skladb, so v zasedbi še Luka Vehar, solo kitara, Miklavž Ašič - Miki, bas kitara, in Žiga Kožar, bobni. To ni projekt, to je nova slovenska rock skupina, je prepričan Bele. Na albumu, ki je izšel pri hrvaški založbi Croatia Records, je deset avtorskih pesmi.  Ker so vsa besedila v hrvaščini, nas je zanimalo, zakaj se je odločil za to. Kot nam je pred časom zaupal v intervjuju za Delo, je v tem jeziku ustvarjal vso svojo kariero zaradi večjega trga.  »Že pri Buldožerjih sva se z Markom Brecljem dogovorila tako, ker tudi njemu takratna srbohrvaščina ni delala težav. Sklenila sva, da bomo besedila pisali v tem jeziku, da bomo lahko nastopali po vsej Jugoslaviji. Zdaj se zgodovina ponavlja, le da tokrat v hrvaščini.« Glasba na albumu je preverjeno rockovska z vplivi bluesa, rhythm and bluesa in rock'n'rolla. Album je produciral Beletov prijatelj in soborec pri Buldožerjih Borut Činč.  .embed-container-dm {position: relative; padding-bottom: 70%; height: 0; overflow: hidden;}                     .embed-container-dm iframe, .embed-container-dm object,                     .embed-container-dm embed { position: absolute; top: 0; left: 0; width: 100%; height: 95%; }</article-text-transliterated>
	</article>
	<comments>
		<comments-count>0</comments-count>
		<comments-list/>
	</comments>
</document>
