<document global-id="si-01-1380">
    <url>https://www.delo.si/kultura/knjiga/junaki-izdajalci-opazovalci-vohuni.html</url>
    <source-id>si-01</source-id>
    <local-id>1380</local-id>
    <source-name>Delo</source-name>
    <article>
        <article-title>Esej na maturi 2015: Junaki, izdajalci, opazovalci, vohuni</article-title>
        <article-title-transliterated>Esej na maturi 2015: Junaki, izdajalci, opazovalci, vohuni
        </article-title-transliterated>
        <article-time>2015-03-03</article-time>
        <article-author>Matej Bogataj</article-author>
        <article-text>Otroštvo v literaturi: Od Kovačiča do Peršaka, od Prousta do Michaela Frayna. Otroški glas je
            poseben. Moderna proza, ki je ne spodbudijo samo strahote prve svetovne vojne in na vsa področja
            prodirajoč tehnološki napredek, temveč tudi Freudovo odkritje nezavednega in nezaupanje v zgodovino
            kot sklenjeno in za vse veljavno zgodbo, se začne intenzivno ukvarjati z notranjimi svetovi, s subjektivnim
            pogledom na svet.

            Zavest postane zaradi načete in negotove zunanje, objektivne realnosti edino jamstvo, zato se moderna proza,
            ki je prevladovala v prvih dveh tretjinah 20. stoletja, pogosto loti rekonstrukcije posameznikove
            preteklosti. Spominjanje, ki ga pri Proustu sproži magdalenica, v čaj namočeno pecivo, postane eden pogostih
            pripovednih postopkov.

            V Proustovem romanesknem opusu, v ciklu sedmih romanov Iskanje izgubljenega časa, spominjevalec Marcel
            popiše svoje celotno življenje od otroštva do odraščanja v krogih dekadentne francoske aristokracije,
            obete in razočaranja.

            Sorodno je zasnovan obsežen pisateljski opus Lojzeta Kovačiča, v katerem z izredno natančnostjo izpiše vse,
            kar se mu je dogodilo, od prvih spominov iz zibelke, se zaustavi pri svojem tujstvu in depresivni družbeni
            klimi po koncu druge svetovne vojne, do premislekov o starosti in smrti. Vzemljohod, ki sklene tisto, kar se
            je začelo z Otroškimi rečmi, nas že z naslovom opozarja, da o stvareh, ki se jih ne moremo spominjati, ki
            jih nismo doživeli in se nas niso dotaknile, skoraj ne moremo govoriti.

            Od tam naprej je vse samo izmišljija, o kateri pa ni mogoče govoriti z enakim in avtorskim, prepoznavnim
            jezikom. Zato se proti koncu pisateljske poti oklene tistega, kar nam je vsem skupno, kar izvira iz
            ljudskega in mitskega, in Zgodbe s panjskih končnic so potapljanje v magmo kolektivnega in ljudske
            dediščine.

            Kovačič si s sodobnikom Petrom Božičem deli temeljno tesnobno brezdomnost in tujost v svetu, ki ga je
            opustošila druga vojna; Božičev zgroženi otroški pogled se znajde v svetu, ki ga še bolj kot ruševine stavb
            in od bombardiranja načete ostaline civilizacije zaznamujejo od vojne načeti ljudje.

            Zaradi vojnih grozot sta odpadli vsakršna morala in etika. Očeta Vincenca smrt skozi otroško optiko
            spregovori o izgnanstvu in vračanju skozi porušeno Evropo in je eden najbolj strašnih in neizprosnih
            slovenskih romanov.

            Groze ne samo popisuje, s svojo spontano in kaotično, tudi ponavljajočo se strukturo je blizu Kovačičevemu
            najtemnejšemu romanu Deček in smrt. V njem podrobno popisuje očetovo smrt in lastno zanikanje le-te,
            nesprejemanje hladnega golega dejstva o nepreklicnosti smrti. Pisanje s strašno iskrenostjo koplje po
            občutkih in dejanjih, s svojo obliko pa sporoča, da smrti ni mogoče misliti, da so besede nezadostne.

            Proust in Kovačič sta poskušala osmisliti življenje skozi literaturo, ki postane vzvišeno in pomembno
            področje udejstvovanja, ki dvigne posameznika nad nepregledno resničnost.

            Izgubljeni svet in čas

            Temu pionirskemu valu domače moderne proze sledi vrsta piscev. Še v današnjem času, ko modernizem ni več
            prevladujoča smer v literaturi, nastajajo knjige, ki poskušajo s pomočjo spomina rekonstruirati neki
            izgubljeni svet in čas, ki je nepreklicno odtekel.

            Ob tem se zavedajo mej lastnega poskusa, tega, da se nam pri spominjanju včasih nehote kaj pritakne in da
            pogosto pri tem ne obnavljamo doživljaja, temveč ponavljamo zgodbo, ki smo jo enkrat kot približek že dobro
            povedali.

            Eden bolj strastnih spominjevalcev je recimo pesniško senzibilizirani Uroš Zupan, ki se v esejih na meji s
            spominsko literaturo ozira na čas odraščanja, ko je bil svet še avratičen, bolj sijoč in ko morda nismo
            toliko imeli, smo se pa zato tistega toliko bolj veselili. Pri Zupanu je očitno, da se literarno rad naseli
            v svet otroštva, v čase zbiranja plošč in evidentiranja sveta.

            Nalepke s sličicami nogometašev so dale naslov zbirki esejev Čitanka panini; tam se spominja svoje velike
            ljubezni, nogometa, prvenstev, tudi zbiranja sličic in svojega zretja v svet, ki še vse obeta. V tej
            poselitvi otroštva in skoraj idealiziranju preteklega je Zupan soroden svojemu predhodniku, Marjanu Rožancu,
            ki v svoji noveli Ljubezen popisuje spomine na medvojni čas v ljubljanski soseski Zelena jama; prostor
            odraščanja ga je navdihoval tudi pri zgodnjih proznih zbirkah, recimo Zračna puška ali Slepo oko gospoda
            Janka.

            Kasneje je otroški pogled zamenjal premislek o literaturi in pisanju. Ljubezen je verjetno eden vrhov
            njegove proze, Marjanček, čigar oče dela v bolnišnici in je ključen za oskrbovanje odporniškega gibanja s
            sanitetnim materialom, domačih pa s hrano in občasnimi vzgojnimi prijemi, se otroško naiven znajde med
            različnimi političnimi silnicami.

            Te predstavljajo njegovi nekdanji starejši prijatelji in njihova opredelitev do okupacije in odporniškega
            gibanja. Ravno zaradi svojega nepokvarjenega otroškega pogleda ohrani ljubezen do vseh, v svojem čistem srcu
            jih izenači kot ljudi, ne glede na stran v vojni. Ravno zaradi te do sveta in vsega odprte drže je Marjančka
            ena sama čista in nepotvorjena ljubezen.

            Svet skozi otroške oči

            Čeprav spisane pred kratkim, dolgo po Rožančevi smrti, so Usedline Toneta Peršaka podobne, samo bolj grenke
            in neposredne, saj so bile tudi razmere, v katerih je odraščal v Slovenskih goricah, bolj zaostrene.
            Prvoosebni pripovedovalec se izvije iz najzgodnejših spominov, šele ko se pojavi jezik kot odnos, ko postane
            sam dovolj izoblikovan v odnosu do sveta, da lahko nastopi kot premišljevalec in spominjevalec.

            Prej je potopljen v neulovljivo in neizrekljivo realnost, brez volje in zato brez osebka v stavku. Peršakovo
            spominjanje opozarja, da otroštvo včasih ni bilo lahko, posebej ne za mater samohranilko in dninarko, še
            manj za njenega poba, saj sta se morala veliko seliti in so njega tisti, ki so se med seboj že dolgo
            poznali, že rodove, izrivali.

            Je tipičen izrinjenec in obstranec, malo tudi zaradi lastnega obnašanja, ki ga ne razume niti sam in ga je
            nekaj nasledil ali se ga 'nalezel' od matere, ki je enkrat grenka in osorna, kadar ima napade
            samoobtoževanja, drugič pa mehka in ljubeča. Takšna še posebej takrat, kadar se zave, da za njeno gorje ni
            kriv najmlajši od njenih otrok, vse druge je bila prisiljena dati v rejo.

            Svet, ki ga gledamo skozi otroške oči, je – v primerjavi z današnjim – krut, pod higienskim minimumom, in
            tisto, kar omogoča pobeg iz tega, je branje. Bežanje v izmišljene svetove priskrbi tudi posebno sposobnost
            izražanja in skozi afirmacijo in potrditev okolice spodbudi odraščajnika, da postaja vse bolj pisec, da
            razvije svoje sposobnosti besednega izražanja.

            Blizu in vmes, med otroško naivnostjo in podeželsko vse prej kot idilo, zaradi izločevanja drugačnosti, so
            nekatere zgodbe Suzane Tratnik, ki s pisateljskim premešanjem obeh svetov, sveta odraščajnice na podeželju
            in starejših, še prav posebej generacije starih staršev, koplje po temeljnih paradoksih sveta – in
            odraščanja.

            Njeni zbirki, ki se ukvarjata z razliko med otroškim in pogledom odraslih, sta na primer Vzporednice in Na
            svojem dvorišču, v njiju, kot tudi v drugih njenih proznih delih, s posebno občutljivostjo zagovarja svet
            drugačnih, nepriznanih, marginaliziranih.

            Glede na tematiko in angažma je njen prozni opus soroden tistemu, ki ga z enako zavzetostjo za vse izrinjene
            in nemočne izpisuje zamejski rojak Marko Sosič, recimo v romanu Balerina, Balerina ali Tito, amor mijo. Zdi
            se, da otroški in nepokvarjen pogled na svet zaznamuje njegov celotni prozni opus.

            Nekaj sodobnih tujih romanov

            Moderna proza se počasi izpoje ter izgubi ostrino in učinkovanje nekje v zadnji tretjini 20. stoletja ali
            nekoliko kasneje. To ne pomeni, da znotraj njenega okvira ne nastajajo več odlična dela, nikakor; ni pa več
            dominantna ali najbolj sodobna literarna smer. Prej enoten in avtorski govor se razprši na različne govorce,
            ki so lahko bolj fingirani, 'ponarejeni', do glasu ne pridejo samo spomini, še bolj posnemanje forme iz
            tradicije, recimo izmišljene biografije.

            Vživljanje v tuja otroštva in gledanje sveta skozi otroške oči omogočata, da avtorji o kruti realnosti
            spregovorijo z glasom nekoga, ki ne razume nič. Da bi toliko več lahko razumel in 'dopisal' bralec, ki mora
            prepoznavati situacije in pogosto zvrte reakcije na strahote.

            Med bralnimi izleti sem trčil ob nekaj prav produktivnih premeščanj in provokativnih otroških pogledov.
            Hišam Matar, ki je odraščal v Libiji in čigar očeta so likvidirale libijske tajne službe, v romanu V deželi
            mož popisuje stanje v državi v sedemdesetih, piše o čudnem zažiganju očetovih knjig in o tem, kako – v
            muslimanski državi – mati dobiva steklenico z zdravilom pod pultom in zavito v papirnato vrečko, da je potem
            brezvoljna in še bolj bolna in se zapira v zatemnjeno sobo.

            Zato se spoprijatelji s prijaznim gospodom, ki vse dneve presedi pred hišo v avtu in mu za podatke o hišnih
            prijateljih včasih dovoli, da se igra z njegovo pištolo. Devetletnemu pripovedovalcu ni nič jasno, bralcu pa
            o razmerah v Libiji toliko več.

            Svojevrsten izdajalec je tudi judovski poba iz romana Panter v kleti Amosa Oza, ki navdihnjen s povojnimi
            akcijskimi filmi sklene prijateljstvo z okupacijskim angleškim vojakom na območju nastajajoče judovske
            države.

            Zato ga njegova druščina izloči, saj se o vlogi dvojnega agenta ni posvetoval z (otroškim) glavnim štabom;
            vendar vidimo, da ga igranje vohunov in odporniškega gibanja neha zanimati, kot dobi lekcijo od starejše
            punce; ta na moške bedarije in razprtije odreagira z osvoboditvijo lastnega telesa, s potrebo po ljubezni,
            ki je veliko bolj konkretna od ljubezni do domovine.

            Domoljubje je v primerjavi s prebujeno in v pravoverni družbi prepovedano erotiko prava otročarija, enako
            kot fantova predvidevanja, da so pomemben sestavni del odporniškega gibanja proti angleški mirovni misiji na
            Bližnjem vzhodu.

            Italijanski pripovednik Niccolò Ammaniti večinoma piše o svetu skozi otroško perspektivo, da bi razkril
            mehanizme, ki pripeljejo do identifikacije s skupino ali širšo skupnostjo. V romanu Ni me strah fant na
            televiziji prepozna vrstnika, ki ga najde blizu doma v votlini z verigo na nogi, samo da je na fotografiji v
            boljšem stanju in je zraven prekrasna in bogata ženska.

            Vse je skrivnostno, star/ej/ši pa redkobesedni; verjetno zato, ker ne vedo, kako se bo iztekla zadeva z
            odkupnino. Ugrabitev vrstnika seveda sproži veliko etično dilemo spoštovati svet očetov ali se
            solidarizirati s trpinčenim in biti z dejanjem za vedno izločen iz družbe, zavržen, sam, obsojen na
            prekletstvo.

            Podobno o ljubezni do očeta in ustrežljivosti do njegove ne najbolj simpatične druščine piše v romanu Kakor
            bog ukazuje. Ammanitiju uspe skozi otroški pogled prikazati vso pošastnost situacije in nam sporoča, da je v
            nekaterih primerih treba biti izdajalec, če pri tem rešiš življenje nedolžnega – in lastno vest.

            Še dlje gre v romanu Vohuni angleški prozaist Michael Frayn; tam vrstnika, spodbujena s propagando in zvesta
            zapovedani čuječnosti v vojnem času, zavzeto odkrivata sovražnika na angleških tleh. Vse je malo podobno
            socialističnim mladinskim romanom, v katerih so otroci vohunili za tistimi, ki so kradli ustekleničeno mleko
            s hišnih pragov, kamor so ga dostavljali vrstniki.

            Ali pa časopise iz nabiralnikov. Stephen, odraščajnik, na koncu kot vohuna ugleda samega sebe; kljub temu da
            so mu na vse načine dopovedovali, naj ne vrta po skrivnostih, ki se ga ne tičejo, se ne zaustavi pravočasno.
            V slepem iskanju in zasledovanju sovražnika naleti na dejstva iz svoje okolice, ki to okolico bistveno
            spremenijo.

            Predvsem izmodrijo njegov lastni pogled na vojno in ukinejo vsakršno enoznačnost velikega spopada. Izbrska,
            ko je najmanj treba, in ima pogubne posledice, da njegovi skrivajo fanta, ki se je zlomil po bombardiranju
            sovražnikovih mest in se zadeve ne gre več. Soočenje pacifističnega in otroško zagnanega ter militantno
            domoljubnega pogleda seveda razkrije vojne strahote, ki puščajo globoke notranje rane.

            Otroški pogled v teh romanih je uporabljen kot kritika zaostrenih družbenih razmerij. Ravno zaradi
            spremenjene pripovedne optike ne udarna ali neposredna, bolj nam poskuša tisto strašno, o čemer ne moremo
            govoriti, prikazati skozi oči nekoga, ki ne razume vsega. Otroški pripovedovalec pred nami in po korakih
            prodira proti spoznanju, pogosto ugleda lastno omejeno razumevanje in ugotovi, da so stvari bolj zapletene,
            kot so se mu zdele prej.

            Vidi, da je odraščanje eno samo prilagajanje stališč svetu, da moramo požreti marsikatero trditev, saj je
            nevzdržna. Vztrajanje pri poznanem je včasih nujno, drugič naravnost pogubno. Ravno zaradi stišanega in ne
            do konca izoblikovanega otroškega pripovednega glasu mu o stanju sveta morda bolj prisluhnemo.
        </article-text>
        <article-text-transliterated>Otroštvo v literaturi: Od Kovačiča do Peršaka, od Prousta do Michaela Frayna.
            Otroški glas je poseben. Moderna proza, ki je ne spodbudijo samo strahote prve svetovne vojne in na vsa
            področja prodirajoč tehnološki napredek, temveč tudi Freudovo odkritje nezavednega in nezaupanje v
            zgodovino kot sklenjeno in za vse veljavno zgodbo, se začne intenzivno ukvarjati z notranjimi svetovi, s
            subjektivnim pogledom na svet.

            Zavest postane zaradi načete in negotove zunanje, objektivne realnosti edino jamstvo, zato se moderna proza,
            ki je prevladovala v prvih dveh tretjinah 20. stoletja, pogosto loti rekonstrukcije posameznikove
            preteklosti. Spominjanje, ki ga pri Proustu sproži magdalenica, v čaj namočeno pecivo, postane eden pogostih
            pripovednih postopkov.

            V Proustovem romanesknem opusu, v ciklu sedmih romanov Iskanje izgubljenega časa, spominjevalec Marcel
            popiše svoje celotno življenje od otroštva do odraščanja v krogih dekadentne francoske aristokracije,
            obete in razočaranja.

            Sorodno je zasnovan obsežen pisateljski opus Lojzeta Kovačiča, v katerem z izredno natančnostjo izpiše vse,
            kar se mu je dogodilo, od prvih spominov iz zibelke, se zaustavi pri svojem tujstvu in depresivni družbeni
            klimi po koncu druge svetovne vojne, do premislekov o starosti in smrti. Vzemljohod, ki sklene tisto, kar se
            je začelo z Otroškimi rečmi, nas že z naslovom opozarja, da o stvareh, ki se jih ne moremo spominjati, ki
            jih nismo doživeli in se nas niso dotaknile, skoraj ne moremo govoriti.

            Od tam naprej je vse samo izmišljija, o kateri pa ni mogoče govoriti z enakim in avtorskim, prepoznavnim
            jezikom. Zato se proti koncu pisateljske poti oklene tistega, kar nam je vsem skupno, kar izvira iz
            ljudskega in mitskega, in Zgodbe s panjskih končnic so potapljanje v magmo kolektivnega in ljudske
            dediščine.

            Kovačič si s sodobnikom Petrom Božičem deli temeljno tesnobno brezdomnost in tujost v svetu, ki ga je
            opustošila druga vojna; Božičev zgroženi otroški pogled se znajde v svetu, ki ga še bolj kot ruševine stavb
            in od bombardiranja načete ostaline civilizacije zaznamujejo od vojne načeti ljudje.

            Zaradi vojnih grozot sta odpadli vsakršna morala in etika. Očeta Vincenca smrt skozi otroško optiko
            spregovori o izgnanstvu in vračanju skozi porušeno Evropo in je eden najbolj strašnih in neizprosnih
            slovenskih romanov.

            Groze ne samo popisuje, s svojo spontano in kaotično, tudi ponavljajočo se strukturo je blizu Kovačičevemu
            najtemnejšemu romanu Deček in smrt. V njem podrobno popisuje očetovo smrt in lastno zanikanje le-te,
            nesprejemanje hladnega golega dejstva o nepreklicnosti smrti. Pisanje s strašno iskrenostjo koplje po
            občutkih in dejanjih, s svojo obliko pa sporoča, da smrti ni mogoče misliti, da so besede nezadostne.

            Proust in Kovačič sta poskušala osmisliti življenje skozi literaturo, ki postane vzvišeno in pomembno
            področje udejstvovanja, ki dvigne posameznika nad nepregledno resničnost.

            Izgubljeni svet in čas

            Temu pionirskemu valu domače moderne proze sledi vrsta piscev. Še v današnjem času, ko modernizem ni več
            prevladujoča smer v literaturi, nastajajo knjige, ki poskušajo s pomočjo spomina rekonstruirati neki
            izgubljeni svet in čas, ki je nepreklicno odtekel.

            Ob tem se zavedajo mej lastnega poskusa, tega, da se nam pri spominjanju včasih nehote kaj pritakne in da
            pogosto pri tem ne obnavljamo doživljaja, temveč ponavljamo zgodbo, ki smo jo enkrat kot približek že dobro
            povedali.

            Eden bolj strastnih spominjevalcev je recimo pesniško senzibilizirani Uroš Zupan, ki se v esejih na meji s
            spominsko literaturo ozira na čas odraščanja, ko je bil svet še avratičen, bolj sijoč in ko morda nismo
            toliko imeli, smo se pa zato tistega toliko bolj veselili. Pri Zupanu je očitno, da se literarno rad naseli
            v svet otroštva, v čase zbiranja plošč in evidentiranja sveta.

            Nalepke s sličicami nogometašev so dale naslov zbirki esejev Čitanka panini; tam se spominja svoje velike
            ljubezni, nogometa, prvenstev, tudi zbiranja sličic in svojega zretja v svet, ki še vse obeta. V tej
            poselitvi otroštva in skoraj idealiziranju preteklega je Zupan soroden svojemu predhodniku, Marjanu Rožancu,
            ki v svoji noveli Ljubezen popisuje spomine na medvojni čas v ljubljanski soseski Zelena jama; prostor
            odraščanja ga je navdihoval tudi pri zgodnjih proznih zbirkah, recimo Zračna puška ali Slepo oko gospoda
            Janka.

            Kasneje je otroški pogled zamenjal premislek o literaturi in pisanju. Ljubezen je verjetno eden vrhov
            njegove proze, Marjanček, čigar oče dela v bolnišnici in je ključen za oskrbovanje odporniškega gibanja s
            sanitetnim materialom, domačih pa s hrano in občasnimi vzgojnimi prijemi, se otroško naiven znajde med
            različnimi političnimi silnicami.

            Te predstavljajo njegovi nekdanji starejši prijatelji in njihova opredelitev do okupacije in odporniškega
            gibanja. Ravno zaradi svojega nepokvarjenega otroškega pogleda ohrani ljubezen do vseh, v svojem čistem srcu
            jih izenači kot ljudi, ne glede na stran v vojni. Ravno zaradi te do sveta in vsega odprte drže je Marjančka
            ena sama čista in nepotvorjena ljubezen.

            Svet skozi otroške oči

            Čeprav spisane pred kratkim, dolgo po Rožančevi smrti, so Usedline Toneta Peršaka podobne, samo bolj grenke
            in neposredne, saj so bile tudi razmere, v katerih je odraščal v Slovenskih goricah, bolj zaostrene.
            Prvoosebni pripovedovalec se izvije iz najzgodnejših spominov, šele ko se pojavi jezik kot odnos, ko postane
            sam dovolj izoblikovan v odnosu do sveta, da lahko nastopi kot premišljevalec in spominjevalec.

            Prej je potopljen v neulovljivo in neizrekljivo realnost, brez volje in zato brez osebka v stavku. Peršakovo
            spominjanje opozarja, da otroštvo včasih ni bilo lahko, posebej ne za mater samohranilko in dninarko, še
            manj za njenega poba, saj sta se morala veliko seliti in so njega tisti, ki so se med seboj že dolgo
            poznali, že rodove, izrivali.

            Je tipičen izrinjenec in obstranec, malo tudi zaradi lastnega obnašanja, ki ga ne razume niti sam in ga je
            nekaj nasledil ali se ga 'nalezel' od matere, ki je enkrat grenka in osorna, kadar ima napade
            samoobtoževanja, drugič pa mehka in ljubeča. Takšna še posebej takrat, kadar se zave, da za njeno gorje ni
            kriv najmlajši od njenih otrok, vse druge je bila prisiljena dati v rejo.

            Svet, ki ga gledamo skozi otroške oči, je – v primerjavi z današnjim – krut, pod higienskim minimumom, in
            tisto, kar omogoča pobeg iz tega, je branje. Bežanje v izmišljene svetove priskrbi tudi posebno sposobnost
            izražanja in skozi afirmacijo in potrditev okolice spodbudi odraščajnika, da postaja vse bolj pisec, da
            razvije svoje sposobnosti besednega izražanja.

            Blizu in vmes, med otroško naivnostjo in podeželsko vse prej kot idilo, zaradi izločevanja drugačnosti, so
            nekatere zgodbe Suzane Tratnik, ki s pisateljskim premešanjem obeh svetov, sveta odraščajnice na podeželju
            in starejših, še prav posebej generacije starih staršev, koplje po temeljnih paradoksih sveta – in
            odraščanja.

            Njeni zbirki, ki se ukvarjata z razliko med otroškim in pogledom odraslih, sta na primer Vzporednice in Na
            svojem dvorišču, v njiju, kot tudi v drugih njenih proznih delih, s posebno občutljivostjo zagovarja svet
            drugačnih, nepriznanih, marginaliziranih.

            Glede na tematiko in angažma je njen prozni opus soroden tistemu, ki ga z enako zavzetostjo za vse izrinjene
            in nemočne izpisuje zamejski rojak Marko Sosič, recimo v romanu Balerina, Balerina ali Tito, amor mijo. Zdi
            se, da otroški in nepokvarjen pogled na svet zaznamuje njegov celotni prozni opus.

            Nekaj sodobnih tujih romanov

            Moderna proza se počasi izpoje ter izgubi ostrino in učinkovanje nekje v zadnji tretjini 20. stoletja ali
            nekoliko kasneje. To ne pomeni, da znotraj njenega okvira ne nastajajo več odlična dela, nikakor; ni pa več
            dominantna ali najbolj sodobna literarna smer. Prej enoten in avtorski govor se razprši na različne govorce,
            ki so lahko bolj fingirani, 'ponarejeni', do glasu ne pridejo samo spomini, še bolj posnemanje forme iz
            tradicije, recimo izmišljene biografije.

            Vživljanje v tuja otroštva in gledanje sveta skozi otroške oči omogočata, da avtorji o kruti realnosti
            spregovorijo z glasom nekoga, ki ne razume nič. Da bi toliko več lahko razumel in 'dopisal' bralec, ki mora
            prepoznavati situacije in pogosto zvrte reakcije na strahote.

            Med bralnimi izleti sem trčil ob nekaj prav produktivnih premeščanj in provokativnih otroških pogledov.
            Hišam Matar, ki je odraščal v Libiji in čigar očeta so likvidirale libijske tajne službe, v romanu V deželi
            mož popisuje stanje v državi v sedemdesetih, piše o čudnem zažiganju očetovih knjig in o tem, kako – v
            muslimanski državi – mati dobiva steklenico z zdravilom pod pultom in zavito v papirnato vrečko, da je potem
            brezvoljna in še bolj bolna in se zapira v zatemnjeno sobo.

            Zato se spoprijatelji s prijaznim gospodom, ki vse dneve presedi pred hišo v avtu in mu za podatke o hišnih
            prijateljih včasih dovoli, da se igra z njegovo pištolo. Devetletnemu pripovedovalcu ni nič jasno, bralcu pa
            o razmerah v Libiji toliko več.

            Svojevrsten izdajalec je tudi judovski poba iz romana Panter v kleti Amosa Oza, ki navdihnjen s povojnimi
            akcijskimi filmi sklene prijateljstvo z okupacijskim angleškim vojakom na območju nastajajoče judovske
            države.

            Zato ga njegova druščina izloči, saj se o vlogi dvojnega agenta ni posvetoval z (otroškim) glavnim štabom;
            vendar vidimo, da ga igranje vohunov in odporniškega gibanja neha zanimati, kot dobi lekcijo od starejše
            punce; ta na moške bedarije in razprtije odreagira z osvoboditvijo lastnega telesa, s potrebo po ljubezni,
            ki je veliko bolj konkretna od ljubezni do domovine.

            Domoljubje je v primerjavi s prebujeno in v pravoverni družbi prepovedano erotiko prava otročarija, enako
            kot fantova predvidevanja, da so pomemben sestavni del odporniškega gibanja proti angleški mirovni misiji na
            Bližnjem vzhodu.

            Italijanski pripovednik Niccolò Ammaniti večinoma piše o svetu skozi otroško perspektivo, da bi razkril
            mehanizme, ki pripeljejo do identifikacije s skupino ali širšo skupnostjo. V romanu Ni me strah fant na
            televiziji prepozna vrstnika, ki ga najde blizu doma v votlini z verigo na nogi, samo da je na fotografiji v
            boljšem stanju in je zraven prekrasna in bogata ženska.

            Vse je skrivnostno, star/ej/ši pa redkobesedni; verjetno zato, ker ne vedo, kako se bo iztekla zadeva z
            odkupnino. Ugrabitev vrstnika seveda sproži veliko etično dilemo spoštovati svet očetov ali se
            solidarizirati s trpinčenim in biti z dejanjem za vedno izločen iz družbe, zavržen, sam, obsojen na
            prekletstvo.

            Podobno o ljubezni do očeta in ustrežljivosti do njegove ne najbolj simpatične druščine piše v romanu Kakor
            bog ukazuje. Ammanitiju uspe skozi otroški pogled prikazati vso pošastnost situacije in nam sporoča, da je v
            nekaterih primerih treba biti izdajalec, če pri tem rešiš življenje nedolžnega – in lastno vest.

            Še dlje gre v romanu Vohuni angleški prozaist Michael Frayn; tam vrstnika, spodbujena s propagando in zvesta
            zapovedani čuječnosti v vojnem času, zavzeto odkrivata sovražnika na angleških tleh. Vse je malo podobno
            socialističnim mladinskim romanom, v katerih so otroci vohunili za tistimi, ki so kradli ustekleničeno mleko
            s hišnih pragov, kamor so ga dostavljali vrstniki.

            Ali pa časopise iz nabiralnikov. Stephen, odraščajnik, na koncu kot vohuna ugleda samega sebe; kljub temu da
            so mu na vse načine dopovedovali, naj ne vrta po skrivnostih, ki se ga ne tičejo, se ne zaustavi pravočasno.
            V slepem iskanju in zasledovanju sovražnika naleti na dejstva iz svoje okolice, ki to okolico bistveno
            spremenijo.

            Predvsem izmodrijo njegov lastni pogled na vojno in ukinejo vsakršno enoznačnost velikega spopada. Izbrska,
            ko je najmanj treba, in ima pogubne posledice, da njegovi skrivajo fanta, ki se je zlomil po bombardiranju
            sovražnikovih mest in se zadeve ne gre več. Soočenje pacifističnega in otroško zagnanega ter militantno
            domoljubnega pogleda seveda razkrije vojne strahote, ki puščajo globoke notranje rane.

            Otroški pogled v teh romanih je uporabljen kot kritika zaostrenih družbenih razmerij. Ravno zaradi
            spremenjene pripovedne optike ne udarna ali neposredna, bolj nam poskuša tisto strašno, o čemer ne moremo
            govoriti, prikazati skozi oči nekoga, ki ne razume vsega. Otroški pripovedovalec pred nami in po korakih
            prodira proti spoznanju, pogosto ugleda lastno omejeno razumevanje in ugotovi, da so stvari bolj zapletene,
            kot so se mu zdele prej.

            Vidi, da je odraščanje eno samo prilagajanje stališč svetu, da moramo požreti marsikatero trditev, saj je
            nevzdržna. Vztrajanje pri poznanem je včasih nujno, drugič naravnost pogubno. Ravno zaradi stišanega in ne
            do konca izoblikovanega otroškega pripovednega glasu mu o stanju sveta morda bolj prisluhnemo.
        </article-text-transliterated>
    </article>
    <comments>
        <comments-count>0</comments-count>
        <comment-list/>
    </comments>
</document>