<document global-id="si-01-100">
    <url>https://www.delo.si/gospodarstvo/kariera/aktualna-delovna-mesta-papierholz-austria-gmbh.html</url>
    <source-id>si-01</source-id>
    <local-id>100</local-id>
    <source-name>Delo</source-name>
    <article>
        <article-title>Aktualna delovna mesta: PAPIERHOLZ AUSTRIA GMBH</article-title>
        <article-title-transliterated>Aktualna delovna mesta: PAPIERHOLZ AUSTRIA GMBH</article-title-transliterated>
        <article-time>2017-07-14</article-time>
        <article-author>Uredništvo</article-author>
        <article-text>Papierholz Austria GMBH krepi nabavno ekipo v Sloveniji. Ker želimo okrepiti svojo nabavno ekipo v
            Sloveniji, iščemo osebo za delovno mesto nabavnega referenta (m/ž).Ponujamo takojšnjo zaposlitev za polni
            delovni čas na področju Slovenije.Vaše naloge:- nakup industrijskih lesnih sortimentov in obravnava celotne
            dobavne verige, od gozda do tovarne,- skrb in svetovalne storitve za dobavitelje. Vaš profil:- izobrazba in
            praktične izkušnje s področja gozdarstva ali industrijske nabave lesa,- odlično znanje nemškega in/ali
            angleškega jezika,- poznavanje aktualnih informacijskih tehnologij (MS Windows in Office),- komunikacijske
            veščine, ...
        </article-text>
        <article-text-transliterated>Papierholz Austria GMBH krepi nabavno ekipo v Sloveniji. Ker želimo okrepiti svojo
            nabavno ekipo v Sloveniji, iščemo osebo za delovno mesto nabavnega referenta (m/ž).Ponujamo takojšnjo
            zaposlitev za polni delovni čas na področju Slovenije.Vaše naloge:- nakup industrijskih lesnih sortimentov
            in obravnava celotne dobavne verige, od gozda do tovarne,- skrb in svetovalne storitve za dobavitelje. Vaš
            profil:- izobrazba in praktične izkušnje s področja gozdarstva ali industrijske nabave lesa,- odlično znanje
            nemškega in/ali angleškega jezika,- poznavanje aktualnih informacijskih tehnologij (MS Windows in Office),-
            komunikacijske veščine, ...
        </article-text-transliterated>
    </article>
    <comments>
        <comments-count>0</comments-count>
        <comment-list/>
    </comments>
</document>