<document global-id="si-01-1462">
    <url>https://www.delo.si/prosti-cas/potovanja/barvita-skrivnostnost-na-skrajnem-severovzhodu-250171.html</url>
    <source-id>si-01</source-id>
    <local-id>1462</local-id>
    <source-name>Delo</source-name>
    <article>
        <article-title>FOTO:Barvita skrivnostnost na skrajnem severovzhodu</article-title>
        <article-title-transliterated>FOTO:Barvita skrivnostnost na skrajnem severovzhodu</article-title-transliterated>
        <article-time>2019-11-20</article-time>
        <article-author>Veronika Sorokin</article-author>
        <article-text>Zvoki, okusi in barve Prekmurja: Ko nas zapeljejo skrivnostna pokrajina, njeni prebivalci z
            igrivim dialektom in kulinarika. Skrajni severovzhod Slovenije je od nekdaj nekaj posebnega. Tja ne zaidemo
            prav pogosto, kljub avtocestni povezavi se nam še vedno zdi nekoliko predaleč, a ko smo enkrat tam, prav s
            težkim srcem zapustimo prijetno pokrajino. Bodisi da se zagledamo v valovite gričke Goričkega, prostrane
            ravnice Dolinskega in Ravenskega, mokrišča in jezera ali pa poslušamo oglašanje klopotca v vinogradih –
            povsod se razkrivata posebna privlačnost in skrivnostnost.»Namesto koga roža cveti, namesto koga sem
            jaz ...« Kreslinovi verzi nas resda ponesejo v večno zasanjanost s primesmi otožnosti in tako z nami
            spregovorijo tudi obrazi pokrajine ...
            Celoten članek lahko preberete po ogledu videa.

            Predvajajte video in nadaljujte z branjem članka.

             

            Lahko pa postanete naš naročnik in takoj dostopate do vseh vsebin. Naročite se lahko tukaj.
        </article-text>
        <article-text-transliterated>Zvoki, okusi in barve Prekmurja: Ko nas zapeljejo skrivnostna pokrajina, njeni
            prebivalci z igrivim dialektom in kulinarika. Skrajni severovzhod Slovenije je od nekdaj nekaj posebnega.
            Tja ne zaidemo prav pogosto, kljub avtocestni povezavi se nam še vedno zdi nekoliko predaleč, a ko smo
            enkrat tam, prav s težkim srcem zapustimo prijetno pokrajino. Bodisi da se zagledamo v valovite gričke
            Goričkega, prostrane ravnice Dolinskega in Ravenskega, mokrišča in jezera ali pa poslušamo oglašanje
            klopotca v vinogradih – povsod se razkrivata posebna privlačnost in skrivnostnost.»Namesto koga roža cveti,
            namesto koga sem jaz ...« Kreslinovi verzi nas resda ponesejo v večno zasanjanost s primesmi otožnosti in
            tako z nami spregovorijo tudi obrazi pokrajine ...
            Celoten članek lahko preberete po ogledu videa.

            Predvajajte video in nadaljujte z branjem članka.

             

            Lahko pa postanete naš naročnik in takoj dostopate do vseh vsebin. Naročite se lahko tukaj.
        </article-text-transliterated>
    </article>
    <comments>
        <comments-count>0</comments-count>
        <comment-list/>
    </comments>
</document>