<document global-id="si-01-1456">
    <url>https://www.delo.si/kultura/razno/arhitekturna-biroja-enota-in-superform-do-beneskih-nagrad-53744.html</url>
    <source-id>si-01</source-id>
    <local-id>1456</local-id>
    <source-name>Delo</source-name>
    <article>
        <article-title>FOTO:Arhitekturna biroja Enota in Superform do beneških nagrad</article-title>
        <article-title-transliterated>FOTO:Arhitekturna biroja Enota in Superform do beneških nagrad
        </article-title-transliterated>
        <article-time>2018-05-24</article-time>
        <article-author>V. U.</article-author>
        <article-text>Nagrade The Plan: Enota zmagala s projekti Sorba pri Ptuju, hotelom Plesnik in javnim parkom v
            Kopru ter prejela častno omembo za zdravilišče Zlatibor, Superform je prepričal s kompleksom Tajfuna v
            Planini. Medtem ko v Benetkah v okviru prihajajočega 16. mednarodnega bienala arhitekture danes odpirajo
            slovenski paviljon mednarodne skupine arhitektov in raziskovalcev na temo Živeti z vodo, je iz Benetk prišla
            še novica o uspehu slovenskih arhitektov.

            Znani so letošnji prejemniki nagrad italijanske arhitekturne revije The Plan, ki so jih razglasili ob koncu
            mednarodne konference arhitektov v  Hotelu Excelsior na beneškem Lidu. Nagrade podeljujejo v nizu kategorij
            – tako realiziranim projektom kot, v podkategoriji Prihodnost, še nerealiziranim –, med letošnjimi
            nagrajenci pa sta tudi slovenska biroja Enota in Superform.

             

            V prvem, ki ga vodita arhitekta Milan Tomac in Dean Lah, so dosegli kar tri nagrade in eno častno omembo.
            Mednarodno žirijo so v kategoriji javnih prostorov prepričali s projektom v vasi Skorba pri Ptuju, v
            kategoriji interierjev s hotelom Plesnik v Logarski dolini, v kategoriji krajine pa – v podkategoriji
            Prihodnost, projekt še ni realiziran – z mestnim parkom v Kopru. Častno omembo pa je Enota s projektom
            zdravilišča v srbskem Zlatiboru dosegla še v kategoriji, naslovljeni Gostoljubnost.

             

            Superform, ki ga vodita arhitekta Marjan Poboljšaj in Anton Žižek, je zmagal v kategoriji proizvodnih
            objektov, in sicer znova v podkategoriji Prihodnost. Žirijo je prepričal projekt Tajfun v Planini pri
            Sevnici, ki je stekel že leta 2012, ko je zrasel prvi objekt, letos mu je sledil drugi, v prihodnosti pa
            jima bodo dodali še ostale, značilno povezane s krajino. Prvega predvidoma že prihodnje leto.

            Mednarodno orientirano revijo The Plan, ki ponuja zapise v italijanskem in angleškem jeziku, ob teh kdaj
            tudi v drugih, sta leta 2001 ustanovila Nicola Leonardi in Carlotta Zucchini, sledi pa sodobnim premikom na
            področjih arhitekture in oblikovanja. Njen sedež je v Bologni, njeno uredništvo nagrade podeljuje od leta
            2015.
        </article-text>
        <article-text-transliterated>Nagrade The Plan: Enota zmagala s projekti Sorba pri Ptuju, hotelom Plesnik in
            javnim parkom v Kopru ter prejela častno omembo za zdravilišče Zlatibor, Superform je prepričal s kompleksom
            Tajfuna v Planini. Medtem ko v Benetkah v okviru prihajajočega 16. mednarodnega bienala arhitekture danes
            odpirajo slovenski paviljon mednarodne skupine arhitektov in raziskovalcev na temo Živeti z vodo, je iz
            Benetk prišla še novica o uspehu slovenskih arhitektov.

            Znani so letošnji prejemniki nagrad italijanske arhitekturne revije The Plan, ki so jih razglasili ob koncu
            mednarodne konference arhitektov v  Hotelu Excelsior na beneškem Lidu. Nagrade podeljujejo v nizu kategorij
            – tako realiziranim projektom kot, v podkategoriji Prihodnost, še nerealiziranim –, med letošnjimi
            nagrajenci pa sta tudi slovenska biroja Enota in Superform.

             

            V prvem, ki ga vodita arhitekta Milan Tomac in Dean Lah, so dosegli kar tri nagrade in eno častno omembo.
            Mednarodno žirijo so v kategoriji javnih prostorov prepričali s projektom v vasi Skorba pri Ptuju, v
            kategoriji interierjev s hotelom Plesnik v Logarski dolini, v kategoriji krajine pa – v podkategoriji
            Prihodnost, projekt še ni realiziran – z mestnim parkom v Kopru. Častno omembo pa je Enota s projektom
            zdravilišča v srbskem Zlatiboru dosegla še v kategoriji, naslovljeni Gostoljubnost.

             

            Superform, ki ga vodita arhitekta Marjan Poboljšaj in Anton Žižek, je zmagal v kategoriji proizvodnih
            objektov, in sicer znova v podkategoriji Prihodnost. Žirijo je prepričal projekt Tajfun v Planini pri
            Sevnici, ki je stekel že leta 2012, ko je zrasel prvi objekt, letos mu je sledil drugi, v prihodnosti pa
            jima bodo dodali še ostale, značilno povezane s krajino. Prvega predvidoma že prihodnje leto.

            Mednarodno orientirano revijo The Plan, ki ponuja zapise v italijanskem in angleškem jeziku, ob teh kdaj
            tudi v drugih, sta leta 2001 ustanovila Nicola Leonardi in Carlotta Zucchini, sledi pa sodobnim premikom na
            področjih arhitekture in oblikovanja. Njen sedež je v Bologni, njeno uredništvo nagrade podeljuje od leta
            2015.
        </article-text-transliterated>
    </article>
    <comments>
        <comments-count>0</comments-count>
        <comment-list/>
    </comments>
</document>