<?xml version="1.0" encoding="utf-8"?>
<document global-id="si-01-139">
	<url>https://www.delo.si/novice/slovenija/ali-bi-v-piranu-glavonozcem-res-rezali-glave-ude-in-jezike-146658.html</url>
	<source-id>si-01</source-id>
	<local-id>139</local-id>
	<source-name>Delo</source-name>
	<article>
		<article-title>Ali bi v Piranu glavonožcem res rezali glave, ude in jezike?</article-title>
		<article-title-transliterated>Ali bi v Piranu glavonožcem res rezali glave, ude in jezike?</article-title-transliterated>
		<article-time>2019-02-04</article-time>
		<article-author>Boris Šuligoj</article-author>
		<article-text>Piran – V piranski občini se je na facebooku vnela razprava o tem, koliko je retorika njihovega župana Đenia Zadkovića še primerna ter ali izpolnjuje obljubljeni preobrat v političnem delovanju in operativni politiki ter spremembah na bolje. Sodu je izbil dno ne ravno posrečen županov zapis, da bodo uradnikom rezali glave, ude, jezike in zašili anus. Po burnih odzivih se Zadković opravičuje, češ da ga niso razumeli, ker je hotel sporočiti ravno nasprotno od zapisanega.  Đenio Zadković je na svojem facebook profilu prejšnji petek zapisal: »Vesela novica za tiste najbolj radikalne v skupini Gibanje za Piran: Danes smo dvema najbolj pokvarjenima uradnikoma na občini odrezali glavo, dvema sodelavcema zgornji okončini, enemu jezik, enemu smo pa po insistiranju z ulice, začasno zašili anus.«  Sledilo je še njegovo pojasnilo: »Ker radikalci v skupini Gibanje za Piran, kljub mnogim mojim opozorilom, ne mislijo prenehati z nedopustnim nivojem komuniciranja, sem skušal prikazati način, tako delovanja kot komuniciranja, ki bi ga ti ljudje morda želeli od mene, a ga ne bodo doživeli, ker v meni tega preprosto ni.« Pojasnil je, da je šlo za nerazumljen poskus humorja.   Župan bi povabil De Nira, Meryl Streep, Putina, Trumpa ...  Dan kasneje je objavil še eno razmišljanje, v katerem se sprašuje: »Kaj mi je bilo tega treba? Odstopil bi z velikim veseljem, saj sem od začetka hotel samo pomagati do sprememb, ki si jih tako zelo želimo, a žal postopek v statutu v takem primeru narekuje nove volitve.« Potem zatrdi, da odstopil ne bo, ker si je postavil visoke in plemenite cilje. In našteva številne svoje vizije in načrte – do točke, kjer govori, da bi v nekdanjem Vibinem filmskem ateljeju ustanovil »Robert de Niro actors school«. Povabil bi De Nira in Meryl Streep, da bi kot soustanovitelja spromovirala malo Prago ali celo mini Broadway. Tudi Elona Muska, izvršnega direktorja Tesle, ki bi Piran oskrbela z električnimi avti. Pa Billa Gatesa, ki bi na piranskem podeželju zasnoval piranski Silicon Valley ali »vsaj« drugi Microsoft. Zgradil bi tudi do kmetov prijazno igrišče za golf, ki bi ga odprla Trump in Putin ter v Portorožu mimogrede podpisala še dogovor o svetovnem miru ...   Glavnožci in govna  »Ne, ne hecam se. Samo bebavim glavam se to zdi neverjetno in nedosegljivo, ker jih poganja in preganja pritlikavi duh, ki jih tlači k tlom, tako da so nizkotni, a pohlepni in kot pravi glavonožci brez kičme žalijo tako mene kot mojo neodzivnost na provokacije, češ da sem nesposoben, ahahahahaha, neverjetno. Prekleta govna, točno veste, kdo ste.« In sklene: »Visoko letam? Nisem Ikar, brez skrbi. Vem, kaj je hubris (*nadutost), brez skrbi.«  Eden od sledilcev mu je na njegova pisanja odgovoril: »Gospod župan, na volitvah ste prejeli 61 odstotkov glasov. /.../ Zato ne razumem, zakaj se zdaj populistično obračate na pomoč občanov in odpirate gostilniške fb debate, kjer se ljudje prepirajo. Čas je, da se zaveste, da ste postali župan. To pomeni, da bo treba začeti sprejemati odločitve, ki ne bodo vsem všeč. Zato začnite delati in nehajte skrbeti za svoj rating in všečnost. Kampanje je konec!«</article-text>
		<article-text-transliterated>Piran – V piranski občini se je na facebooku vnela razprava o tem, koliko je retorika njihovega župana Đenia Zadkovića še primerna ter ali izpolnjuje obljubljeni preobrat v političnem delovanju in operativni politiki ter spremembah na bolje. Sodu je izbil dno ne ravno posrečen županov zapis, da bodo uradnikom rezali glave, ude, jezike in zašili anus. Po burnih odzivih se Zadković opravičuje, češ da ga niso razumeli, ker je hotel sporočiti ravno nasprotno od zapisanega.  Đenio Zadković je na svojem facebook profilu prejšnji petek zapisal: »Vesela novica za tiste najbolj radikalne v skupini Gibanje za Piran: Danes smo dvema najbolj pokvarjenima uradnikoma na občini odrezali glavo, dvema sodelavcema zgornji okončini, enemu jezik, enemu smo pa po insistiranju z ulice, začasno zašili anus.«  Sledilo je še njegovo pojasnilo: »Ker radikalci v skupini Gibanje za Piran, kljub mnogim mojim opozorilom, ne mislijo prenehati z nedopustnim nivojem komuniciranja, sem skušal prikazati način, tako delovanja kot komuniciranja, ki bi ga ti ljudje morda želeli od mene, a ga ne bodo doživeli, ker v meni tega preprosto ni.« Pojasnil je, da je šlo za nerazumljen poskus humorja.   Župan bi povabil De Nira, Meryl Streep, Putina, Trumpa ...  Dan kasneje je objavil še eno razmišljanje, v katerem se sprašuje: »Kaj mi je bilo tega treba? Odstopil bi z velikim veseljem, saj sem od začetka hotel samo pomagati do sprememb, ki si jih tako zelo želimo, a žal postopek v statutu v takem primeru narekuje nove volitve.« Potem zatrdi, da odstopil ne bo, ker si je postavil visoke in plemenite cilje. In našteva številne svoje vizije in načrte – do točke, kjer govori, da bi v nekdanjem Vibinem filmskem ateljeju ustanovil »Robert de Niro actors school«. Povabil bi De Nira in Meryl Streep, da bi kot soustanovitelja spromovirala malo Prago ali celo mini Broadway. Tudi Elona Muska, izvršnega direktorja Tesle, ki bi Piran oskrbela z električnimi avti. Pa Billa Gatesa, ki bi na piranskem podeželju zasnoval piranski Silicon Valley ali »vsaj« drugi Microsoft. Zgradil bi tudi do kmetov prijazno igrišče za golf, ki bi ga odprla Trump in Putin ter v Portorožu mimogrede podpisala še dogovor o svetovnem miru ...   Glavnožci in govna  »Ne, ne hecam se. Samo bebavim glavam se to zdi neverjetno in nedosegljivo, ker jih poganja in preganja pritlikavi duh, ki jih tlači k tlom, tako da so nizkotni, a pohlepni in kot pravi glavonožci brez kičme žalijo tako mene kot mojo neodzivnost na provokacije, češ da sem nesposoben, ahahahahaha, neverjetno. Prekleta govna, točno veste, kdo ste.« In sklene: »Visoko letam? Nisem Ikar, brez skrbi. Vem, kaj je hubris (*nadutost), brez skrbi.«  Eden od sledilcev mu je na njegova pisanja odgovoril: »Gospod župan, na volitvah ste prejeli 61 odstotkov glasov. /.../ Zato ne razumem, zakaj se zdaj populistično obračate na pomoč občanov in odpirate gostilniške fb debate, kjer se ljudje prepirajo. Čas je, da se zaveste, da ste postali župan. To pomeni, da bo treba začeti sprejemati odločitve, ki ne bodo vsem všeč. Zato začnite delati in nehajte skrbeti za svoj rating in všečnost. Kampanje je konec!«</article-text-transliterated>
	</article>
	<comments>
		<comments-count>7</comments-count>
		<comments-list>
			<comment comment-id="1">
				<comment-parent-id>,</comment-parent-id>
				<comment-text>Đenio ,20% diktatorja ti nebi skodlo.Vsak red prinese nejevoljo ,kasneje pa ucinek.</comment-text>
				<comment-text-transliterated>Đenio ,20% diktatorja ti nebi skodlo.Vsak red prinese nejevoljo ,kasneje pa ucinek.</comment-text-transliterated>
			</comment>
			<comment comment-id="2">
				<comment-parent-id>,</comment-parent-id>
				<comment-text>Poleg slabega župana Lejlaka ima sedaj vPiranu novega družabnika. Zanima me zakj so Pirančani volili mehkić saj vse pove.Njegova izjava je zame dovolj za odpoklic,kaj pa volilci bojo nardili pa??????????????'' Kje pa je sedaj kakšna divilna iniciativa ustanovitelj te inicijative-</comment-text>
				<comment-text-transliterated>Poleg slabega župana Lejlaka ima sedaj vPiranu novega družabnika. Zanima me zakj so Pirančani volili mehkić saj vse pove.Njegova izjava je zame dovolj za odpoklic,kaj pa volilci bojo nardili pa??????????????'' Kje pa je sedaj kakšna divilna iniciativa ustanovitelj te inicijative-</comment-text-transliterated>
			</comment>
			<comment comment-id="2-1">
				<comment-parent-id>2</comment-parent-id>
				<comment-text>Mimogrede: mehki &quot;ć&quot; se kot fonem uporablja v Istri in v vseh istrskih narečjih.</comment-text>
				<comment-text-transliterated>Mimogrede: mehki &quot;ć&quot; se kot fonem uporablja v Istri in v vseh istrskih narečjih.</comment-text-transliterated>
			</comment>
			<comment comment-id="2-2">
				<comment-parent-id>2</comment-parent-id>
				<comment-text>Miranda Morgan Roj nisem vedel.Hvala za poduk.</comment-text>
				<comment-text-transliterated>Miranda Morgan Roj nisem vedel.Hvala za poduk.</comment-text-transliterated>
			</comment>
			<comment comment-id="3">
				<comment-parent-id>,</comment-parent-id>
				<comment-text>Popolnoma razumem njegovo sarkastično izjavo, čeprav se je kot župan nebi smel privoščiti. Nekaterim komentatorjem v skupini Gibanje za Portorož pač lahko odgovoriš le v jeziku, ki ga edino le oni razumejo.</comment-text>
				<comment-text-transliterated>Popolnoma razumem njegovo sarkastično izjavo, čeprav se je kot župan nebi smel privoščiti. Nekaterim komentatorjem v skupini Gibanje za Portorož pač lahko odgovoriš le v jeziku, ki ga edino le oni razumejo.</comment-text-transliterated>
			</comment>
			<comment comment-id="3-1">
				<comment-parent-id>3</comment-parent-id>
				<comment-text>?????????</comment-text>
				<comment-text-transliterated>?????????</comment-text-transliterated>
			</comment>
			<comment comment-id="4">
				<comment-parent-id>,</comment-parent-id>
				<comment-text>Naj obračuna z ...šiptarsko kriminalno  drhaljo...ki se plazi po Slovenski Obali..!!!!..na juriš Đenio..!!</comment-text>
				<comment-text-transliterated>Naj obračuna z ...šiptarsko kriminalno  drhaljo...ki se plazi po Slovenski Obali..!!!!..na juriš Đenio..!!</comment-text-transliterated>
			</comment>
		</comments-list>
	</comments>
</document>
