<document global-id="si-01-1320">
    <url>https://www.delo.si/gospodarstvo/novice/ekonomska-fakulteta-v-ljubljani-znova-med-najboljsimi-246470.html</url>
    <source-id>si-01</source-id>
    <local-id>1320</local-id>
    <source-name>Delo</source-name>
    <article>
        <article-title>Ekonomska fakulteta v Ljubljani znova med najboljšimi</article-title>
        <article-title-transliterated>Ekonomska fakulteta v Ljubljani znova med najboljšimi
        </article-title-transliterated>
        <article-time>2019-11-06</article-time>
        <article-author>Janez Tomažič</article-author>
        <article-text>Diplomanti magistrskega programa Ekonomske fakultete Univerze v Ljubljani hitro dobijo službo.
            Ljubljana – Program International Master in Business and Organisation (IMB), ki ga izvaja Ekonomska
            fakulteta (EF) Univerze v Ljubljani, je tudi letos uvrščen na lestvico Financial Timesa med najboljše
            magistrske programe »Master in Management« na svetu.»Letošnja uvrstitev rednega magistrskega programa, že
            druga zapored, kaže na vzdržnost uvrstitve, kar je velik dosežek. Temelji na objektivnih kazalcih o
            izvajanju procesov v programu in na ocenah udeležencev, ki se vsako leto zamenjajo. V ocenjevanje je vsako
            leto vključena naslednja generacija študentov. Pomembno je, da se uveljavljeni standard v ocenjevanju doseže
            tudi v ...
        </article-text>
        <article-text-transliterated>Diplomanti magistrskega programa Ekonomske fakultete Univerze v Ljubljani hitro
            dobijo službo. Ljubljana – Program International Master in Business and Organisation (IMB), ki ga izvaja
            Ekonomska fakulteta (EF) Univerze v Ljubljani, je tudi letos uvrščen na lestvico Financial Timesa med
            najboljše magistrske programe »Master in Management« na svetu.»Letošnja uvrstitev rednega magistrskega
            programa, že druga zapored, kaže na vzdržnost uvrstitve, kar je velik dosežek. Temelji na objektivnih
            kazalcih o izvajanju procesov v programu in na ocenah udeležencev, ki se vsako leto zamenjajo. V ocenjevanje
            je vsako leto vključena naslednja generacija študentov. Pomembno je, da se uveljavljeni standard v
            ocenjevanju doseže tudi v ...
        </article-text-transliterated>
    </article>
    <comments>
        <comments-count>1</comments-count>
        <comment-list>
            <comment comment-id="1">
                <comment-parent-id>,</comment-parent-id>
                <comment-text>ni lepo zavajati mladino ! Ekonomistov je kot listja in trave...na koncu dobiš ponudbo za
                    prodajalca, ko kandidat niti ne sme povedat da ima magisterij, če hoče kakršno koli službo v
                    Sloveniji.
                </comment-text>
                <comment-text-transliterated>ni lepo zavajati mladino ! Ekonomistov je kot listja in trave...na koncu
                    dobiš ponudbo za prodajalca, ko kandidat niti ne sme povedat da ima magisterij, če hoče kakršno koli
                    službo v Sloveniji.
                </comment-text-transliterated>
            </comment>
        </comment-list>
    </comments>
</document>