<?xml version="1.0" encoding="utf-8"?>
<document global-id="si-01-1237">
	<url>https://www.delo.si/znanje/znanost/drugacen-pogled-na-islamsko-civilizacijo.html</url>
	<source-id>si-01</source-id>
	<local-id>1237</local-id>
	<source-name>Delo</source-name>
	<article>
		<article-title>Drugačen pogled na islamsko civilizacijo</article-title>
		<article-title-transliterated>Drugačen pogled na islamsko civilizacijo</article-title-transliterated>
		<article-time>2015-04-02</article-time>
		<article-author>Helena Peternel Pečauer, Panorama</article-author>
		<article-text>Beseda islam ponavadi v nas vzbudi vrsto enostranskih stereotipov o tej civilizaciji, le malo ljudi pa ve, da je bil v zlati dobi prav muslimanski svet inkubator idej, ki so močno vplivale na znanost, tehnologijo in kulturo. Prav te skrivnostne tančice bomo lahko odstrli z ogledom razstave 1001 izum - odkritja zlate dobe islamske civilizacije. Mednarodno potujočo razstavo, ki je bila pred petimi leti premierno prikazana v londonskem znanstvenem muzeju, je doslej obiskalo že več kot šest milijonov ljudi po vsem svetu. Po postavitvah v New Yorku, Los Angelesu, Washingtonu, Dohi, Abu Dabiju, Istanbulu, Kuala Lumpurju, Rotterdamu in Kuvajtu se bomo o tem, kam segajo korenine prve univerze, zobne ščetke, kave, večerje s tremi hodi, od kod so prišli parfumi, kdo si je izmislil potresno varno gradnjo od danes lahko prepričali tudi na ljubljanskem Gospodarskem razstavišču. Ekipa izvedencev za različna področja znanosti je pripravila razstavo, ki nam približa pomembno, a resnici na ljubo sodobnemu človeku odmaknjeno, predvsem pa zastrto dediščino navdihujočih mož in žena različnih veroizpovedi in kultur iz civilizacije, ki se je razprostirala od Španije do Kitajske. Kakovost projekta potrjuje kar 24 mednarodnih priznanj. Uradni partner razstave je že vse od začetka National Geographic, letos, ob mednarodnem letu svetlobe, pa je tudi Unesco s 1001 izumom razglasil partnerstvo in postavil v ospredje znanstvenika Ibna al Haitama, ki s svojimi razlagami o svetlobi in vidu velja za očeta optike. Prihajajoča razstava osvetljuje tudi njegovo delo in odkritja. Tisti, ki so se že imeli priložnost srečati s svetovno znanim projektom, trdijo, da gre za pravo interaktivno doživetje, ki med drugim z več kot 60 eksponati in vrhunsko paleto modelov, simulacij, različnih iger, produkcij, izdelkov ter verodostojnih virov prikazuje znanstveno in kulturno dediščino islamske civilizacije od 7. do 16. stoletja. Preteklost v sedanjosti Skoraj tisoč let, ki zaznamujejo znanstvene in kulturne dosežke tistega obdobja, je močno vplivalo na razvoj modernega sveta. Razstava 1001 izum razkriva genialnost človeškega duha, napredek, znanje, ki ga potrebujemo vedno in povsod, vedenje, ki nam odpira vrata k razumevanju drugačnosti, izročilo bogate dediščine neke civilizacije, brez katere ne bi bili danes to, kar smo, sestavljena pa je iz sedmih sklopov. V prvem se naveže na dom in poskuša odgovoriti na vprašanje, kako so ideje iz muslimanske civilizacije vplivale na naše vsakdanje življenje. Avtorji razstave trdijo, da so današnji domovi prepolni sledi iz zgodnjega obdobja muslimanske civilizacije. Vplivala je na urejanje vrtov, razvoj družabnih iger, v njej so se pojavili prvi zametki mode in tkanin, tja segajo korenine naših oblačil, preprog in celo obredi pitja kave. Takrat so se začele uporabljati ure, fotografski aparati, izmislili so si domiseln sistem naravnega prezračevanja in hlajenja ter še marsikaj. Tudi nalivno pero, na primer, je nastalo v 10. stoletju po nalogu kalifa Al Muiza. V približno enako obdobje sega tudi postopek destilacije, s katerim so muslimanski mojstri pridobili izvlečke iz cvetov in drugih delov rastlin ter izdelali prvi parfum. V tem sklopu ustvarjalci razstave slikovito odgovarjajo tudi na vprašanje, kako so današnje milo, šampon in zobne ščetke, keramične ploščice, barve za lase in vodoodporni laki povezani z oddaljeno preteklostjo. Drugi sklop razstave, z naslovom Šola, bo obiskovalce postopoma pripeljal do povezave med univerzami, knjižnicami ter učenjem v muslimanski civilizaciji in današnjim časom. Preseneča z dokazi, kako zelo je lahko naš najljubši šolski predmet povezan z daljno preteklostjo, pa naj gre za matematiko, naravoslovje ali jezike. Celo vsakdanje slovenske besede, kot so kava, žirafa in zofa, izhajajo iz stoletja starih arabskih besed. Malokdo ve, da je prvo univerzo na svetu ustanovila pobožna in bogata mladenka Fatima al Fihri in da na njej še danes podeljujejo diplome, s katerimi so svoje študente nagrajevali že muslimanski učenjaki. Celo tipično štirioglato pokrivalo ameriških diplomantov izhaja iz tradicionalnih kap muslimanskega sveta in starih evropskih univerz. Sledi trgovskih poti Kako so potovanja in trgovanja v muslimanski civilizaciji razširila tudi nove načine kmetovanja, preskrbovanja z energijo in proizvodnje različnih izdelkov, pa obiskovalcem razstave 1001 izum prikažejo v tretjem sklopu. Po ozemljih zgodnje muslimanske civilizacije, od Cordobe do Kaira ter vse do Kantona, so moški in ženske prepotovali na tisoče kilometrov, izmenjavali znanje in ideje ter tako spodbudili nastanek marsičesa, kar poznamo še danes. Že takrat so napredni ljudje znali izkoriščati čisto energijo vetra in vode, kemiki iz muslimanskega sveta pa so že v osmem stoletju pridobivali kerozin z destiliranjem surove nafte, ki je v današnjem življenju tako zelo pomembna. Zanimivo je tudi odkritje, da so takratni islamski kmetje gradili golobnjake v obliki stolpov, da so pridobili nujno potrebno gnojilo. Naslednji sklop razstave, ki so ga avtorji poimenovali Bolnišnica, poučuje, kako so v islamski civilizaciji uporabljali medicinsko znanje in načine zdravljenja. Kar težko je verjeti, kako zelo je sodobno zdravstvo povezano s preteklostjo. Že v zgodnjih muslimanskih družbah se je, na primer, razvil sistem zdravstvenega varstva, ki je ponujal pionirske pristope v kirurgiji, bolnišnično nego in pestro izbiro zdravil. Že takrat so bolniki lahko jemali tablete, pastile, sirupe in praške, zdravnik jim je lahko operiral sivo mreno ali dal zlomljeno nogo v mavec. Leta 1924 so odkrili rokopis, ki je razkril, da je pozabljen arabski učenjak v 13. stoletju pravilno razložil ključno načelo, po katerem kri kroži po telesu. Prevodi medicinskih knjig Ibna Sine in mnogih drugih avtorjev so močno vplivali na evropske zdravnike še stoletja po tistem, ko so bile napisane, pa tudi sodobni kirurški instrumenti so presenetljivo podobni tistim izpred tisoč let. Islamski pameti pripisujejo tudi prve bolnišnice z ločenimi oddelki za moške in ženske, tekočo vodo, s prostori za učenje in za zdravljenje duševnih bolezni. Napredna infrastruktura Kupole, oboki, loki in stolpi v petem delu razstave pričajo o bogati arhitekturni dediščini muslimanske civilizacije, kjer se je kazala izjemna pestrost novih zamisli. Mnoge so prevzeli in jih začeli uporabljati po vsem svetu. Menda je bil prav tisočletni stolp v Alžiriji navdih za stolpe in zvonike evropskih cerkva, na umetelna rozetasta vitražna okna pa so morda vplivala prav okna palač v muslimanskih deželah iz 8. stoletja. Tudi razkošna kopališča, kot jih poznamo danes, so bila v muslimanski civilizaciji priljubljena že v 10. stoletju. Mesta v muslimanski civilizaciji so bila presenetljivo napredna, saj so se ponašala s tlakovanimi cestami, pobiranjem odpadkov, pokrito kanalizacijo, v Cordobi pa so imeli celo ulično razsvetljavo. Temu sklopu razstave sledi šesti, ki odgovarja na vprašanje, kako so geografi, raziskovalci in učenjaki v muslimanski civilizaciji vplivali na risanje zemljevidov in na sodobno razumevanje sveta. Prav oni so razložili mavrico, izračunali obseg Zemlje in razvili teorijo, kako so nastale gore in naredili velikanske intuitivne preskoke pri razumevanju našega planeta. Najstarejši ohranjeni in zelo podrobno izrisani zemljevid z obema Amerikama je v 16. stoletju izdelal turški pomorščak, kapitan Piri Re'is, razkošni atlas, ki ga je pred kratkim odkupila Bodleyjeva knjižnica v Oxfordu, pa kaže, kako so ljudje videli svet pred tisoč leti. Popotniki so menda radi pripovedovali zgodbe o mornarjih, ki jih je na tropskem otoku preganjala ogromna ptica. To je navdihnilo edinstvene knjige, kakršna je Tisoč in ena noč. Takrat seveda še niso vedeli za Abbasa ibn Firnasa, ki je že v 9. stoletju poletel s predhodnikom jadralnega letala. Zadnji sklop razstave 1001 izum obiskovalca popelje v skrivnostno vesolje in dokazuje, kako zelo sta učenjake muslimanske civilizacije navduševala čudežnost in bleščava zvezdnega neba. Toda v tem, kar so občudovali, so iskali tudi red in logiko, zato so razvili precej novih instrumentov in zamisli, s katerimi je bilo mogoče bolje opazovati nebo, to pa je spodbudilo razvoj astronomije. K temu je veliko pripomogla tudi potreba po napovedovanju Luninih men zaradi ramadana in drugih verskih praznikov. Prvi veliki observatorij v muslimanskem svetu je dal proti koncu 11. stoletja zgraditi sultan Malik Šah, astronom Taki al Din, ki je živel v 16. stoletju, pa je za natančnejše meritve postavil velike različice kvadrantov in sekstantov. Prav zato so že takrat lahko nastale prve ilustracije ozvezdij, zapisana pa so bila tudi dela o plimi in oseki ter o sončnem vzhodu in zahodu.</article-text>
		<article-text-transliterated>Beseda islam ponavadi v nas vzbudi vrsto enostranskih stereotipov o tej civilizaciji, le malo ljudi pa ve, da je bil v zlati dobi prav muslimanski svet inkubator idej, ki so močno vplivale na znanost, tehnologijo in kulturo. Prav te skrivnostne tančice bomo lahko odstrli z ogledom razstave 1001 izum - odkritja zlate dobe islamske civilizacije. Mednarodno potujočo razstavo, ki je bila pred petimi leti premierno prikazana v londonskem znanstvenem muzeju, je doslej obiskalo že več kot šest milijonov ljudi po vsem svetu. Po postavitvah v New Yorku, Los Angelesu, Washingtonu, Dohi, Abu Dabiju, Istanbulu, Kuala Lumpurju, Rotterdamu in Kuvajtu se bomo o tem, kam segajo korenine prve univerze, zobne ščetke, kave, večerje s tremi hodi, od kod so prišli parfumi, kdo si je izmislil potresno varno gradnjo od danes lahko prepričali tudi na ljubljanskem Gospodarskem razstavišču. Ekipa izvedencev za različna področja znanosti je pripravila razstavo, ki nam približa pomembno, a resnici na ljubo sodobnemu človeku odmaknjeno, predvsem pa zastrto dediščino navdihujočih mož in žena različnih veroizpovedi in kultur iz civilizacije, ki se je razprostirala od Španije do Kitajske. Kakovost projekta potrjuje kar 24 mednarodnih priznanj. Uradni partner razstave je že vse od začetka National Geographic, letos, ob mednarodnem letu svetlobe, pa je tudi Unesco s 1001 izumom razglasil partnerstvo in postavil v ospredje znanstvenika Ibna al Haitama, ki s svojimi razlagami o svetlobi in vidu velja za očeta optike. Prihajajoča razstava osvetljuje tudi njegovo delo in odkritja. Tisti, ki so se že imeli priložnost srečati s svetovno znanim projektom, trdijo, da gre za pravo interaktivno doživetje, ki med drugim z več kot 60 eksponati in vrhunsko paleto modelov, simulacij, različnih iger, produkcij, izdelkov ter verodostojnih virov prikazuje znanstveno in kulturno dediščino islamske civilizacije od 7. do 16. stoletja. Preteklost v sedanjosti Skoraj tisoč let, ki zaznamujejo znanstvene in kulturne dosežke tistega obdobja, je močno vplivalo na razvoj modernega sveta. Razstava 1001 izum razkriva genialnost človeškega duha, napredek, znanje, ki ga potrebujemo vedno in povsod, vedenje, ki nam odpira vrata k razumevanju drugačnosti, izročilo bogate dediščine neke civilizacije, brez katere ne bi bili danes to, kar smo, sestavljena pa je iz sedmih sklopov. V prvem se naveže na dom in poskuša odgovoriti na vprašanje, kako so ideje iz muslimanske civilizacije vplivale na naše vsakdanje življenje. Avtorji razstave trdijo, da so današnji domovi prepolni sledi iz zgodnjega obdobja muslimanske civilizacije. Vplivala je na urejanje vrtov, razvoj družabnih iger, v njej so se pojavili prvi zametki mode in tkanin, tja segajo korenine naših oblačil, preprog in celo obredi pitja kave. Takrat so se začele uporabljati ure, fotografski aparati, izmislili so si domiseln sistem naravnega prezračevanja in hlajenja ter še marsikaj. Tudi nalivno pero, na primer, je nastalo v 10. stoletju po nalogu kalifa Al Muiza. V približno enako obdobje sega tudi postopek destilacije, s katerim so muslimanski mojstri pridobili izvlečke iz cvetov in drugih delov rastlin ter izdelali prvi parfum. V tem sklopu ustvarjalci razstave slikovito odgovarjajo tudi na vprašanje, kako so današnje milo, šampon in zobne ščetke, keramične ploščice, barve za lase in vodoodporni laki povezani z oddaljeno preteklostjo. Drugi sklop razstave, z naslovom Šola, bo obiskovalce postopoma pripeljal do povezave med univerzami, knjižnicami ter učenjem v muslimanski civilizaciji in današnjim časom. Preseneča z dokazi, kako zelo je lahko naš najljubši šolski predmet povezan z daljno preteklostjo, pa naj gre za matematiko, naravoslovje ali jezike. Celo vsakdanje slovenske besede, kot so kava, žirafa in zofa, izhajajo iz stoletja starih arabskih besed. Malokdo ve, da je prvo univerzo na svetu ustanovila pobožna in bogata mladenka Fatima al Fihri in da na njej še danes podeljujejo diplome, s katerimi so svoje študente nagrajevali že muslimanski učenjaki. Celo tipično štirioglato pokrivalo ameriških diplomantov izhaja iz tradicionalnih kap muslimanskega sveta in starih evropskih univerz. Sledi trgovskih poti Kako so potovanja in trgovanja v muslimanski civilizaciji razširila tudi nove načine kmetovanja, preskrbovanja z energijo in proizvodnje različnih izdelkov, pa obiskovalcem razstave 1001 izum prikažejo v tretjem sklopu. Po ozemljih zgodnje muslimanske civilizacije, od Cordobe do Kaira ter vse do Kantona, so moški in ženske prepotovali na tisoče kilometrov, izmenjavali znanje in ideje ter tako spodbudili nastanek marsičesa, kar poznamo še danes. Že takrat so napredni ljudje znali izkoriščati čisto energijo vetra in vode, kemiki iz muslimanskega sveta pa so že v osmem stoletju pridobivali kerozin z destiliranjem surove nafte, ki je v današnjem življenju tako zelo pomembna. Zanimivo je tudi odkritje, da so takratni islamski kmetje gradili golobnjake v obliki stolpov, da so pridobili nujno potrebno gnojilo. Naslednji sklop razstave, ki so ga avtorji poimenovali Bolnišnica, poučuje, kako so v islamski civilizaciji uporabljali medicinsko znanje in načine zdravljenja. Kar težko je verjeti, kako zelo je sodobno zdravstvo povezano s preteklostjo. Že v zgodnjih muslimanskih družbah se je, na primer, razvil sistem zdravstvenega varstva, ki je ponujal pionirske pristope v kirurgiji, bolnišnično nego in pestro izbiro zdravil. Že takrat so bolniki lahko jemali tablete, pastile, sirupe in praške, zdravnik jim je lahko operiral sivo mreno ali dal zlomljeno nogo v mavec. Leta 1924 so odkrili rokopis, ki je razkril, da je pozabljen arabski učenjak v 13. stoletju pravilno razložil ključno načelo, po katerem kri kroži po telesu. Prevodi medicinskih knjig Ibna Sine in mnogih drugih avtorjev so močno vplivali na evropske zdravnike še stoletja po tistem, ko so bile napisane, pa tudi sodobni kirurški instrumenti so presenetljivo podobni tistim izpred tisoč let. Islamski pameti pripisujejo tudi prve bolnišnice z ločenimi oddelki za moške in ženske, tekočo vodo, s prostori za učenje in za zdravljenje duševnih bolezni. Napredna infrastruktura Kupole, oboki, loki in stolpi v petem delu razstave pričajo o bogati arhitekturni dediščini muslimanske civilizacije, kjer se je kazala izjemna pestrost novih zamisli. Mnoge so prevzeli in jih začeli uporabljati po vsem svetu. Menda je bil prav tisočletni stolp v Alžiriji navdih za stolpe in zvonike evropskih cerkva, na umetelna rozetasta vitražna okna pa so morda vplivala prav okna palač v muslimanskih deželah iz 8. stoletja. Tudi razkošna kopališča, kot jih poznamo danes, so bila v muslimanski civilizaciji priljubljena že v 10. stoletju. Mesta v muslimanski civilizaciji so bila presenetljivo napredna, saj so se ponašala s tlakovanimi cestami, pobiranjem odpadkov, pokrito kanalizacijo, v Cordobi pa so imeli celo ulično razsvetljavo. Temu sklopu razstave sledi šesti, ki odgovarja na vprašanje, kako so geografi, raziskovalci in učenjaki v muslimanski civilizaciji vplivali na risanje zemljevidov in na sodobno razumevanje sveta. Prav oni so razložili mavrico, izračunali obseg Zemlje in razvili teorijo, kako so nastale gore in naredili velikanske intuitivne preskoke pri razumevanju našega planeta. Najstarejši ohranjeni in zelo podrobno izrisani zemljevid z obema Amerikama je v 16. stoletju izdelal turški pomorščak, kapitan Piri Re'is, razkošni atlas, ki ga je pred kratkim odkupila Bodleyjeva knjižnica v Oxfordu, pa kaže, kako so ljudje videli svet pred tisoč leti. Popotniki so menda radi pripovedovali zgodbe o mornarjih, ki jih je na tropskem otoku preganjala ogromna ptica. To je navdihnilo edinstvene knjige, kakršna je Tisoč in ena noč. Takrat seveda še niso vedeli za Abbasa ibn Firnasa, ki je že v 9. stoletju poletel s predhodnikom jadralnega letala. Zadnji sklop razstave 1001 izum obiskovalca popelje v skrivnostno vesolje in dokazuje, kako zelo sta učenjake muslimanske civilizacije navduševala čudežnost in bleščava zvezdnega neba. Toda v tem, kar so občudovali, so iskali tudi red in logiko, zato so razvili precej novih instrumentov in zamisli, s katerimi je bilo mogoče bolje opazovati nebo, to pa je spodbudilo razvoj astronomije. K temu je veliko pripomogla tudi potreba po napovedovanju Luninih men zaradi ramadana in drugih verskih praznikov. Prvi veliki observatorij v muslimanskem svetu je dal proti koncu 11. stoletja zgraditi sultan Malik Šah, astronom Taki al Din, ki je živel v 16. stoletju, pa je za natančnejše meritve postavil velike različice kvadrantov in sekstantov. Prav zato so že takrat lahko nastale prve ilustracije ozvezdij, zapisana pa so bila tudi dela o plimi in oseki ter o sončnem vzhodu in zahodu.</article-text-transliterated>
	</article>
	<comments>
		<comments-count>0</comments-count>
		<comments-list/>
	</comments>
</document>
