<?xml version="1.0" encoding="utf-8"?>
<document global-id="si-01-1367">
	<url>https://www.delo.si/gospodarstvo/podjetja/svet-kapitala-enotni-patent-je-se-velika-uganka.html</url>
	<source-id>si-01</source-id>
	<local-id>1367</local-id>
	<source-name>Delo</source-name>
	<article>
		<article-title>Enotni patent je še velika uganka</article-title>
		<article-title-transliterated>Enotni patent je še velika uganka</article-title-transliterated>
		<article-time>2016-04-28</article-time>
		<article-author>Maja Grgič</article-author>
		<article-text>Razprava o tem vprašanju poteka že dalj časa. Vlada je za ta namen decembra 2014 ustanovila medresorsko delovno skupino, ki pa svojega dela še ni končala. Da pa bi skupaj z gospodarstvom lahko našli skupne odgovore in sprejeli odločitev, ali naj Slovenija sistem enotnega evropskega patenta podpre, bo urad za intelektualno lastnino skupaj z Gospodarsko zbornico Slovenije in Evropskim patentnim uradom v četrtek organizirial konferenco o priložnostih in izzivih evropskega patenta z enotnim učinkom. Slovenija je namreč izvozno naravnano gospodarstvo, zato so učinki te novosti za našo državo zelo pomembni. Enoten patent in enotno sodišče In za kaj pri tem skupnem patentu sploh gre? V. d. direktorja urada za intelektualno lastnino Vojko Toman pojasnjuje, da je moralo podjetje patente do zdaj registrirati v vsaki posamezni državi ali pa v evropski patentni organizaciji (EPO), prek katere je lahko registriralo patente v izbranem naboru držav. To je bilo po Tomanovih besedah že zdaj povezano s stroški, če je nastal spor, pa so ga reševali v vsaki državi posamezno. »Osnovna ideja je, da bo podjetje patent lahko prijavilo pri EPO in potem bo ta patent z enotnim evropskim učinkom veljal v vseh državah, ki so pristopile k tej ureditvi. Z enim postopkom bo torej prijavitelj potrdil patent, ki bo veljal v več članicah,« pravi.  Drugi del te zgodbe pa je enotno patentno sodišče: »To pomeni, da morebitnih sporov ne bo treba reševati v vsaki članici posebej, ampak bo to mogoče urediti na enem mestu,« razlaga Toman, ki ugotavlja, da se bo pri tem mogoče izogniti tudi dosedanjim konfliktom, na primer, ko je bil v eni državi prijaviteljev spor rešen pozitivno, v drugi pa ne. Klemen Grošelj iz urada poudarja, da z enotnim patentom ne bodo prenehali obstajati klasični validacijski. »Podjetja se bodo sama lahko odločila, kateri sistem bodo izbrala.«Sedež enotnega evropskega sodišča bo v Parizu, spori farmacevtske in kemijske industrije se bodo reševali v Londonu, v Münchnu pa spori za strojništvo, orožje in eksplozive. Mogoče so lokalne enote tega sodišča in Slovenija o tem menda razmišlja. Kaj bo prinesel nov sistem? Cilj uvedbe unitarnega patenta je poenostaviti in poceniti postopke pridobitve patentnega varstva v državah, podpisnicah sporazuma, olajšati in povečati dostopnost patentnega varstva za mala in srednja podjetja ter okrepiti globalno konkurenčnost EU. A mnenja, ali bodo ti cilji res tudi doseženi, so različna. V Sloveniji je na leto povprečno podeljenih okoli 330 patentov, največ na področju človekovih potreb, kamor se uvrščajo farmacija, kozmetika, prehrana ... ter obdelave in transport. Število evropskih prijav slovenskih prijaviteljev pa se na leto giblje okoli 120. Ker gre za eno največjih sprememb v nacionalnem in evropskem patentnem sistemu, je urad naročil analizo učinkov unitarnega patenta na slovensko gospodarstvo. Grošelj pravi, da ta analiza potrjuje njihove ugotovitve, med drugim tudi to, da novi sistem prinaša veliko negotovosti, saj je težko napovedati, kako bo v resnici deloval.  Sistem naj bi po pričakovanju urada poenotil in pocenil postopke pridobivanja patenta in tudi povečal predvidljivost tako za prijavitelje kot za tretje osebe. Pojasnjujejo, da je zdaj povprečen strošek zaščite patenta, ki velja v šestih državah, za deset let znaša več kot 32.000 evrov. Vzdrževanje enotnega patenta naj bi za dvajset let stalo 35.000 evrov, od drugega do desetega leta pa približno 15 odstotkov te vsote. Grošelj tudi zanika, da naj bi bili stroški sodnih postopkov višji kot zdaj. Seveda pa enoten sistem prinaša tudi slabosti, denimo omejeno svobodo delovanja oziroma uporabe določenega izuma, podjetja bodo morala precej aktivneje spremljati baze prijav, več bo treba razmišljati, kako vlagati patentne prijave, odpadle bodo nekatere nacionalne posebnosti, nujno bo tudi znanje jezikov. Podjetja enotni sistem podpirajo Naša podjetja pa se očitno do vprašanja enotne patentne zaščite večinoma še nočejo opredeljevati. Na naša vprašanja so namreč odgovorila le tri od sedmih vprašanih družb, stališča o tem pa za zdaj nimajo niti na GZS.   Kot je mogoče razumeti, v Krki uvedbo enotnega evropskega patenta podpirajo. »Če bodo evropski patenti z enotnim učinkom podeljeni po ustreznem preizkusu v primernih časovnih obdobjih, bo to pomenilo še večjo stopnjo pravne varnosti za poslovne subjekte v EU,« pravijo. Menijo, da bodo pozitivni učinek za prijavitelje patentov nižji stroški enotnega evropskega patenta v primerjavi z dosedanjim sistemom nacionalnih patentov: »Najpomembnejši pa bo učinek enotnega teksta in zahtevkov takega patenta, ki bo omogočil enoten obseg zaščite pravic iz industrijske lastnine v državah članicah EU.« V Krki na leto povprečno prijavijo okoli osem patentov prek EPO.Tudi v Cimosu, ki na leto zaščiti dva do tri modele, podpirajo uvedbo enotnega evropskega patenta. Kot pozitivne strani vidijo pravno zaščito idej in večjo prepoznavnost družbe kot razvojno usmerjenega podjetja, kot negativne pa razkritje idej in višje stroške zaščite.V Leku projekt ustanavljanja enotnega patentnega sodišča podpirajo predvsem zaradi možnosti, »da bo bistveno poenostavil patentne spore v Evropi, pomembno znižal stroške le-teh ter tako pripomogel k večji pravni in poslovni gotovosti in varnosti«. Poudarjajo, da je za uspešnost enotnega patentnega sistema ključno, da sodišča lahko odločajo pravočasno in kakovostno po primernih cenah. Po njihovem mnenju sta zato operativna odličnost ter kakovost sodnih postopkov pomembnejši, kot je hitrost ratifikacije in implementacija projekta. Pretnar: Z ratifikacijo ne bi smeli hiteti Da z ratifikacijo sporazuma ne bi smeli hiteti meni tudi nekdanji direktor urada za intelektualno lastnino Bojan Pretnar, ki enotnemu evropskemu patentu ne nasprotuje. Meni celo, da je nujen, če hočemo imeti enoten trg.  A sedanji sistem po njegovih oceni prinaša veliko pasti, še posebno za mala in srednja podjetja: pravi, da bodo z uvedbo enotnega patenta vsi ti patenti veljali tudi v Sloveniji, kar povečuje možnost, da bo kakšno slovensko podjetje obtoženo kršitve. Tožbe se ne bodo več reševale na slovenskih sodiščih, ampak na enotnem patentem sodišču, kar po njegovih besedah pomeni stroške za takse, prevode, tuje odvetnike, čemur slovenska podjetja ne bodo kos. Opozarja, da bo to enotno sodišče z ratifikacijo dobilo pristojnost tudi za spore o klasičnih evropskih patentih. Pravica do poprejšnje uporabe – če nekdo neodvisno do drugega prijavitelja razvije enak izum – pa bo, pravi Pretnar teritorialno omejena: »Tu je konec enotnega učinka. Ureditev bi obema morala omogočiti uporabo po celotnem teritoriju enotnega patenta!« Sporazum sicer predvideva, da bi bil v Ljubljani eden od dveh arbitražnih centrov za reševanje sporov. A kot ugotavlja Pretnar, mu v obdobju po drugi svetovni vojni ni znan niti en primer kršitve, ki bi se reševal z arbitražo. Sporazum je ratificiralo devet držav Sporazum o enotnem evropskem patentnem sodišču je podpisalo 25 članic, pozneje je k njemu pristopila še Italija, Španija in Hrvaška pa ne. Določila sporazuma bodo začela  veljati, ko jih bo ratificiralo vsaj 13 držav podpisnic, med katerimi morajo biti Nemčija, Francija in Velika Britanija, ki imajo največ patentnov. Do zdaj so sporazum ratificirale Avstrija, Belgija, Danska, Francija, Malta, Švedska, Luksemburg, Portugalska in Finska, že kmalu pa bi ga lahko tudi Bolgarija.</article-text>
		<article-text-transliterated>Razprava o tem vprašanju poteka že dalj časa. Vlada je za ta namen decembra 2014 ustanovila medresorsko delovno skupino, ki pa svojega dela še ni končala. Da pa bi skupaj z gospodarstvom lahko našli skupne odgovore in sprejeli odločitev, ali naj Slovenija sistem enotnega evropskega patenta podpre, bo urad za intelektualno lastnino skupaj z Gospodarsko zbornico Slovenije in Evropskim patentnim uradom v četrtek organizirial konferenco o priložnostih in izzivih evropskega patenta z enotnim učinkom. Slovenija je namreč izvozno naravnano gospodarstvo, zato so učinki te novosti za našo državo zelo pomembni. Enoten patent in enotno sodišče In za kaj pri tem skupnem patentu sploh gre? V. d. direktorja urada za intelektualno lastnino Vojko Toman pojasnjuje, da je moralo podjetje patente do zdaj registrirati v vsaki posamezni državi ali pa v evropski patentni organizaciji (EPO), prek katere je lahko registriralo patente v izbranem naboru držav. To je bilo po Tomanovih besedah že zdaj povezano s stroški, če je nastal spor, pa so ga reševali v vsaki državi posamezno. »Osnovna ideja je, da bo podjetje patent lahko prijavilo pri EPO in potem bo ta patent z enotnim evropskim učinkom veljal v vseh državah, ki so pristopile k tej ureditvi. Z enim postopkom bo torej prijavitelj potrdil patent, ki bo veljal v več članicah,« pravi.  Drugi del te zgodbe pa je enotno patentno sodišče: »To pomeni, da morebitnih sporov ne bo treba reševati v vsaki članici posebej, ampak bo to mogoče urediti na enem mestu,« razlaga Toman, ki ugotavlja, da se bo pri tem mogoče izogniti tudi dosedanjim konfliktom, na primer, ko je bil v eni državi prijaviteljev spor rešen pozitivno, v drugi pa ne. Klemen Grošelj iz urada poudarja, da z enotnim patentom ne bodo prenehali obstajati klasični validacijski. »Podjetja se bodo sama lahko odločila, kateri sistem bodo izbrala.«Sedež enotnega evropskega sodišča bo v Parizu, spori farmacevtske in kemijske industrije se bodo reševali v Londonu, v Münchnu pa spori za strojništvo, orožje in eksplozive. Mogoče so lokalne enote tega sodišča in Slovenija o tem menda razmišlja. Kaj bo prinesel nov sistem? Cilj uvedbe unitarnega patenta je poenostaviti in poceniti postopke pridobitve patentnega varstva v državah, podpisnicah sporazuma, olajšati in povečati dostopnost patentnega varstva za mala in srednja podjetja ter okrepiti globalno konkurenčnost EU. A mnenja, ali bodo ti cilji res tudi doseženi, so različna. V Sloveniji je na leto povprečno podeljenih okoli 330 patentov, največ na področju človekovih potreb, kamor se uvrščajo farmacija, kozmetika, prehrana ... ter obdelave in transport. Število evropskih prijav slovenskih prijaviteljev pa se na leto giblje okoli 120. Ker gre za eno največjih sprememb v nacionalnem in evropskem patentnem sistemu, je urad naročil analizo učinkov unitarnega patenta na slovensko gospodarstvo. Grošelj pravi, da ta analiza potrjuje njihove ugotovitve, med drugim tudi to, da novi sistem prinaša veliko negotovosti, saj je težko napovedati, kako bo v resnici deloval.  Sistem naj bi po pričakovanju urada poenotil in pocenil postopke pridobivanja patenta in tudi povečal predvidljivost tako za prijavitelje kot za tretje osebe. Pojasnjujejo, da je zdaj povprečen strošek zaščite patenta, ki velja v šestih državah, za deset let znaša več kot 32.000 evrov. Vzdrževanje enotnega patenta naj bi za dvajset let stalo 35.000 evrov, od drugega do desetega leta pa približno 15 odstotkov te vsote. Grošelj tudi zanika, da naj bi bili stroški sodnih postopkov višji kot zdaj. Seveda pa enoten sistem prinaša tudi slabosti, denimo omejeno svobodo delovanja oziroma uporabe določenega izuma, podjetja bodo morala precej aktivneje spremljati baze prijav, več bo treba razmišljati, kako vlagati patentne prijave, odpadle bodo nekatere nacionalne posebnosti, nujno bo tudi znanje jezikov. Podjetja enotni sistem podpirajo Naša podjetja pa se očitno do vprašanja enotne patentne zaščite večinoma še nočejo opredeljevati. Na naša vprašanja so namreč odgovorila le tri od sedmih vprašanih družb, stališča o tem pa za zdaj nimajo niti na GZS.   Kot je mogoče razumeti, v Krki uvedbo enotnega evropskega patenta podpirajo. »Če bodo evropski patenti z enotnim učinkom podeljeni po ustreznem preizkusu v primernih časovnih obdobjih, bo to pomenilo še večjo stopnjo pravne varnosti za poslovne subjekte v EU,« pravijo. Menijo, da bodo pozitivni učinek za prijavitelje patentov nižji stroški enotnega evropskega patenta v primerjavi z dosedanjim sistemom nacionalnih patentov: »Najpomembnejši pa bo učinek enotnega teksta in zahtevkov takega patenta, ki bo omogočil enoten obseg zaščite pravic iz industrijske lastnine v državah članicah EU.« V Krki na leto povprečno prijavijo okoli osem patentov prek EPO.Tudi v Cimosu, ki na leto zaščiti dva do tri modele, podpirajo uvedbo enotnega evropskega patenta. Kot pozitivne strani vidijo pravno zaščito idej in večjo prepoznavnost družbe kot razvojno usmerjenega podjetja, kot negativne pa razkritje idej in višje stroške zaščite.V Leku projekt ustanavljanja enotnega patentnega sodišča podpirajo predvsem zaradi možnosti, »da bo bistveno poenostavil patentne spore v Evropi, pomembno znižal stroške le-teh ter tako pripomogel k večji pravni in poslovni gotovosti in varnosti«. Poudarjajo, da je za uspešnost enotnega patentnega sistema ključno, da sodišča lahko odločajo pravočasno in kakovostno po primernih cenah. Po njihovem mnenju sta zato operativna odličnost ter kakovost sodnih postopkov pomembnejši, kot je hitrost ratifikacije in implementacija projekta. Pretnar: Z ratifikacijo ne bi smeli hiteti Da z ratifikacijo sporazuma ne bi smeli hiteti meni tudi nekdanji direktor urada za intelektualno lastnino Bojan Pretnar, ki enotnemu evropskemu patentu ne nasprotuje. Meni celo, da je nujen, če hočemo imeti enoten trg.  A sedanji sistem po njegovih oceni prinaša veliko pasti, še posebno za mala in srednja podjetja: pravi, da bodo z uvedbo enotnega patenta vsi ti patenti veljali tudi v Sloveniji, kar povečuje možnost, da bo kakšno slovensko podjetje obtoženo kršitve. Tožbe se ne bodo več reševale na slovenskih sodiščih, ampak na enotnem patentem sodišču, kar po njegovih besedah pomeni stroške za takse, prevode, tuje odvetnike, čemur slovenska podjetja ne bodo kos. Opozarja, da bo to enotno sodišče z ratifikacijo dobilo pristojnost tudi za spore o klasičnih evropskih patentih. Pravica do poprejšnje uporabe – če nekdo neodvisno do drugega prijavitelja razvije enak izum – pa bo, pravi Pretnar teritorialno omejena: »Tu je konec enotnega učinka. Ureditev bi obema morala omogočiti uporabo po celotnem teritoriju enotnega patenta!« Sporazum sicer predvideva, da bi bil v Ljubljani eden od dveh arbitražnih centrov za reševanje sporov. A kot ugotavlja Pretnar, mu v obdobju po drugi svetovni vojni ni znan niti en primer kršitve, ki bi se reševal z arbitražo. Sporazum je ratificiralo devet držav Sporazum o enotnem evropskem patentnem sodišču je podpisalo 25 članic, pozneje je k njemu pristopila še Italija, Španija in Hrvaška pa ne. Določila sporazuma bodo začela  veljati, ko jih bo ratificiralo vsaj 13 držav podpisnic, med katerimi morajo biti Nemčija, Francija in Velika Britanija, ki imajo največ patentnov. Do zdaj so sporazum ratificirale Avstrija, Belgija, Danska, Francija, Malta, Švedska, Luksemburg, Portugalska in Finska, že kmalu pa bi ga lahko tudi Bolgarija.</article-text-transliterated>
	</article>
	<comments>
		<comments-count>0</comments-count>
		<comments-list/>
	</comments>
</document>
