<?xml version="1.0" encoding="utf-8"?>
<document global-id="si-01-1218">
	<url>https://www.delo.si/kultura/knjiga/dragu-jancarju-mednarodna-nagrada-ignazia-siloneja.html</url>
	<source-id>si-01</source-id>
	<local-id>1218</local-id>
	<source-name>Delo</source-name>
	<article>
		<article-title>Dragu Jančarju  mednarodna nagrada Ignazia Siloneja</article-title>
		<article-title-transliterated>Dragu Jančarju  mednarodna nagrada Ignazia Siloneja</article-title-transliterated>
		<article-time>2016-05-03</article-time>
		<article-author>V. U.</article-author>
		<article-text>Drago Jančar je prejemnik nove mednarodne nagrade, so sporočili iz založbe Modrijan. Nagradili so ga v mestecu Pescina v italijanski regiji Abruci, kjer je bila 29. in 30. aprila podelitev priznanj in nagrad v okviru prireditve Mednarodna nagrada Ignazio Silone (Premio Internazionale Ignazio Silone). Gre za kulturno srečanje, s katerim so prireditelji letos že dvajsetič počastili spomin na znamenitega pisatelja Ignazia Siloneja, rojenega leta 1900 prav v Pescini. V slovenščino je prevedenih osem njegovih del. Prejemnik najprestižnejše med več nagradami, mednarodne nagrade Ignazia Siloneja, je letos slovenski pisatelj Jančar, ki je po besedah žirije v svojih delih spregovoril o usodi ljudstva, »preganjanega ali zatiranega zaradi dejanj oblasti ali zaradi nevednosti«, in tako postal »pesnik svoje Slovenije, svobode, demokratičnih vrednot in prijateljstva med narodi«. Nagrado je prejel iz rok predsednika dežele Abruci Luciana D'Alfonsa, na literarnem večeru pa je odlomke iz njegovih in Silonejevih del brala igralka Alessia Amendola. Zadnje Jančarjevo delo, ki je bilo prevedeno v italijanski jezik, je roman To noč sem jo videl (Stanotte l'ho vista). Izšel je konec leta pri tržaški založbi Comunicarte, prevedla ga je Veronika Brecelj.</article-text>
		<article-text-transliterated>Drago Jančar je prejemnik nove mednarodne nagrade, so sporočili iz založbe Modrijan. Nagradili so ga v mestecu Pescina v italijanski regiji Abruci, kjer je bila 29. in 30. aprila podelitev priznanj in nagrad v okviru prireditve Mednarodna nagrada Ignazio Silone (Premio Internazionale Ignazio Silone). Gre za kulturno srečanje, s katerim so prireditelji letos že dvajsetič počastili spomin na znamenitega pisatelja Ignazia Siloneja, rojenega leta 1900 prav v Pescini. V slovenščino je prevedenih osem njegovih del. Prejemnik najprestižnejše med več nagradami, mednarodne nagrade Ignazia Siloneja, je letos slovenski pisatelj Jančar, ki je po besedah žirije v svojih delih spregovoril o usodi ljudstva, »preganjanega ali zatiranega zaradi dejanj oblasti ali zaradi nevednosti«, in tako postal »pesnik svoje Slovenije, svobode, demokratičnih vrednot in prijateljstva med narodi«. Nagrado je prejel iz rok predsednika dežele Abruci Luciana D'Alfonsa, na literarnem večeru pa je odlomke iz njegovih in Silonejevih del brala igralka Alessia Amendola. Zadnje Jančarjevo delo, ki je bilo prevedeno v italijanski jezik, je roman To noč sem jo videl (Stanotte l'ho vista). Izšel je konec leta pri tržaški založbi Comunicarte, prevedla ga je Veronika Brecelj.</article-text-transliterated>
	</article>
	<comments>
		<comments-count>0</comments-count>
		<comments-list/>
	</comments>
</document>
