<?xml version="1.0" encoding="utf-8"?>
<document global-id="si-01-144">
	<url>https://www.delo.si/kultura/knjiga/ali-je-slovenska-izvirna-knjiga-ogrozena-193793.html</url>
	<source-id>si-01</source-id>
	<local-id>144</local-id>
	<source-name>Delo</source-name>
	<article>
		<article-title>Ali je slovenska izvirna knjiga ogrožena?</article-title>
		<article-title-transliterated>Ali je slovenska izvirna knjiga ogrožena?</article-title-transliterated>
		<article-time>2019-06-11</article-time>
		<article-author>Jelka Ciglenečki</article-author>
		<article-text>Vedno me je fascinirala razlika med Prekmurjem, ki ga vsi tako dobro poznamo: stepska melanholija, meglice in mrtvice, črne kitare in bele violine …, ter kratkim obiskom Prekmurja, ki, roko na srce, na prvi pogled le ni najbolj vznemirljiv košček Slovenije.Toda Prekmurje bo za nekoga, ki ni nedovzeten za umetnost, ohranilo svoj literarni obraz – v nasprotju z mnogimi prelepimi kraji, ki nimajo kranjcev, lainščkov, kreslinov, žabotov, šarotarjev, suzan tratnik ... in zato o njih ne vemo ničesar. Dežela brez dobrih umetnikov je dežela brez duše. Rusija, recimo, velja za deželo velike literature, a v resnici je to predvsem ...   		#deloBraintreeStore * { 		  font-family:'Trebuchet MS', 'Lucida Sans Unicode', 'Lucida Grande', 'Lucida Sans', Arial, sans-serif 		} 		#deloBraintreeStore .shop { text-align: left; margin: 0 -0.5em; } 		#deloBraintreeStore .initial { 		  text-align: center; 		} 		#deloBraintreeStore .auth_menu { 		  margin: 0 -1em; 		} 		#deloBraintreeStore .shop__step { 		  padding: 1em; 		  border: 0.01em solid #cccccc; 		} 		 #deloBraintreeStore.auth__menu-label { 		  font-size: 1em; 		  font-weight: 500; 		  padding: 0.5em 1em; 		} 		#deloBraintreeStore h3 { 			padding-left: 0; 		} 		#deloBraintreeStore .auth__menu h3, 		#deloBraintreeStore h3.modal__title { 			padding-left: 1.5rem; 		}</article-text>
		<article-text-transliterated>Vedno me je fascinirala razlika med Prekmurjem, ki ga vsi tako dobro poznamo: stepska melanholija, meglice in mrtvice, črne kitare in bele violine …, ter kratkim obiskom Prekmurja, ki, roko na srce, na prvi pogled le ni najbolj vznemirljiv košček Slovenije.Toda Prekmurje bo za nekoga, ki ni nedovzeten za umetnost, ohranilo svoj literarni obraz – v nasprotju z mnogimi prelepimi kraji, ki nimajo kranjcev, lainščkov, kreslinov, žabotov, šarotarjev, suzan tratnik ... in zato o njih ne vemo ničesar. Dežela brez dobrih umetnikov je dežela brez duše. Rusija, recimo, velja za deželo velike literature, a v resnici je to predvsem ...   		#deloBraintreeStore * { 		  font-family:'Trebuchet MS', 'Lucida Sans Unicode', 'Lucida Grande', 'Lucida Sans', Arial, sans-serif 		} 		#deloBraintreeStore .shop { text-align: left; margin: 0 -0.5em; } 		#deloBraintreeStore .initial { 		  text-align: center; 		} 		#deloBraintreeStore .auth_menu { 		  margin: 0 -1em; 		} 		#deloBraintreeStore .shop__step { 		  padding: 1em; 		  border: 0.01em solid #cccccc; 		} 		 #deloBraintreeStore.auth__menu-label { 		  font-size: 1em; 		  font-weight: 500; 		  padding: 0.5em 1em; 		} 		#deloBraintreeStore h3 { 			padding-left: 0; 		} 		#deloBraintreeStore .auth__menu h3, 		#deloBraintreeStore h3.modal__title { 			padding-left: 1.5rem; 		}</article-text-transliterated>
	</article>
	<comments>
		<comments-count>0</comments-count>
		<comments-list/>
	</comments>
</document>
