<document global-id="si-01-1454">
    <url>https://www.delo.si/nedelo/aperitiv-da-se-ti-zmesa-122495.html</url>
    <source-id>si-01</source-id>
    <local-id>1454</local-id>
    <source-name>Delo</source-name>
    <article>
        <article-title>FOTO:Aperitiv, da se ti zmeša!</article-title>
        <article-title-transliterated>FOTO:Aperitiv, da se ti zmeša!</article-title-transliterated>
        <article-time>2018-12-16</article-time>
        <article-author>Grega Kališnik</article-author>
        <article-text>Tomaž Fartek je na SP v estonskem Talinu ustvaril srebrne Gozdne sanje. V lokalu Pr' Fartku, na
            Gobavici, višinsko nekje na sredi med Mengšem in Mengeško kočo, je napis: Življenje je zabava, privošči si
            koktajl. Koktajl, pa ne enega, zlahka naročiš, saj lokal upravlja Tomaž Fartek, (tudi) letošnji državni in
            predvsem sveži svetovni podprvak v mešanju pijač, pomaga mu mlajši brat Jožef, oba sta barmana.Sicer pa je,
            tako 35-letni Tomaž, življenje predvsem delo. Do spoznanja je prišel zelo zgodaj, opazujoč svoje starše, ki
            izhajajo iz Prekmurja in so si leta 1978 nad Mengšem ustvarili življenje iz nič, iz stare bajte brez
            osnovnih inštalacij.Zdaj je lokal priljubljeno zbirališče ...
        </article-text>
        <article-text-transliterated>Tomaž Fartek je na SP v estonskem Talinu ustvaril srebrne Gozdne sanje. V lokalu
            Pr' Fartku, na Gobavici, višinsko nekje na sredi med Mengšem in Mengeško kočo, je napis: Življenje je
            zabava, privošči si koktajl. Koktajl, pa ne enega, zlahka naročiš, saj lokal upravlja Tomaž Fartek, (tudi)
            letošnji državni in predvsem sveži svetovni podprvak v mešanju pijač, pomaga mu mlajši brat Jožef, oba sta
            barmana.Sicer pa je, tako 35-letni Tomaž, življenje predvsem delo. Do spoznanja je prišel zelo zgodaj,
            opazujoč svoje starše, ki izhajajo iz Prekmurja in so si leta 1978 nad Mengšem ustvarili življenje iz nič,
            iz stare bajte brez osnovnih inštalacij.Zdaj je lokal priljubljeno zbirališče ...
        </article-text-transliterated>
    </article>
    <comments>
        <comments-count>0</comments-count>
        <comment-list/>
    </comments>
</document>