<document global-id="si-01-1472">
    <url>
        https://www.delo.si/sobotna-priloga/biti-doma-na-meji-pa-tudi-v-milanu-in-ljubljani-brez-vsakrsnih-ovir-210423.html
    </url>
    <source-id>si-01</source-id>
    <local-id>1472</local-id>
    <source-name>Delo</source-name>
    <article>
        <article-title>FOTO:Biti doma na meji, pa tudi v Milanu in Ljubljani, brez vsakršnih ovir</article-title>
        <article-title-transliterated>FOTO:Biti doma na meji, pa tudi v Milanu in Ljubljani, brez vsakršnih ovir
        </article-title-transliterated>
        <article-time>2019-07-27</article-time>
        <article-author>Patricija Maličev</article-author>
        <article-text>Darko Bratina je bil sociolog, prvi slovenski senator v italijanskem parlamentu, aktiven je bil v
            manjšinskih organizacijah in zaljubljenec v film. Na področju kulture, družbe in politike je svoje akcije
            vedno udejanjal na podlagi analize in globalne vizije. Njegovi kolegi in prijatelji so to njegovo sposobnost
            po Wrightu Millsu imenovali sociološka imaginacija, ki tudi v kaosu razloči temeljne družbene poteze in
            lahko pripomore k njenim spremembam, izboljšanju.Zmeraj so mu dobro služile tudi vse njegove strasti –
            umirjene, neomajne, vztrajne; predvsem tista do znanja in filma, čut za pripadnost domovini čez mejo ter
            strast do politike in novega sveta, ki ga je naznanjala. Leta 1995 je v italijanski parlament vložil predlog
            zakona za zaščito slovenske manjšine v Italiji; ...
        </article-text>
        <article-text-transliterated>Darko Bratina je bil sociolog, prvi slovenski senator v italijanskem parlamentu,
            aktiven je bil v manjšinskih organizacijah in zaljubljenec v film. Na področju kulture, družbe in politike
            je svoje akcije vedno udejanjal na podlagi analize in globalne vizije. Njegovi kolegi in prijatelji so to
            njegovo sposobnost po Wrightu Millsu imenovali sociološka imaginacija, ki tudi v kaosu razloči temeljne
            družbene poteze in lahko pripomore k njenim spremembam, izboljšanju.Zmeraj so mu dobro služile tudi vse
            njegove strasti – umirjene, neomajne, vztrajne; predvsem tista do znanja in filma, čut za pripadnost
            domovini čez mejo ter strast do politike in novega sveta, ki ga je naznanjala. Leta 1995 je v italijanski
            parlament vložil predlog zakona za zaščito slovenske manjšine v Italiji; ...
        </article-text-transliterated>
    </article>
    <comments>
        <comments-count>0</comments-count>
        <comment-list/>
    </comments>
</document>