<document global-id="si-01-1213">
    <url>https://www.delo.si/kultura/knjiga/drago-jancar-pisatelj-lavreat-skeptik.html</url>
    <source-id>si-01</source-id>
    <local-id>1213</local-id>
    <source-name>Delo</source-name>
    <article>
        <article-title>Drago Jančar, pisatelj, lavreat, skeptik</article-title>
        <article-title-transliterated>Drago Jančar, pisatelj, lavreat, skeptik</article-title-transliterated>
        <article-time>2018-04-10</article-time>
        <article-author>Igor Bratož</article-author>
        <article-text>Najuglednejši in najbolj prevajani sodobni slovenski avtor bo v petek dopolnil sedemdeset let. Na
            portalu slovenskega gledališča SiGledal je zapisan podatek, da je 13. aprila 1948 v delavskem predmestju
            Maribora Studenci rojeni Drago Jančar začel pisati pri osemnajstih, prvo novelo je objavil v Mladini. V
            petek bo pisatelj, ki velja za najuglednejšega in najbolj prevajanega sodobnega slovenskega avtorja,
            dopolnil sedemdeset let. Ob Dragu Jančarju se je v zadnjih desetletjih na tukajšnjem literarnem prizorišču
            uveljavila imenitna praksa: izid vsakega njegovega knjižnega dela je tako rekoč avtomatično in brez motečega
            preostanka razglašen za dejanje sodobnega klasika, že dolgo je, kar je Jančarjev literarni opus, ...
        </article-text>
        <article-text-transliterated>Najuglednejši in najbolj prevajani sodobni slovenski avtor bo v petek dopolnil
            sedemdeset let. Na portalu slovenskega gledališča SiGledal je zapisan podatek, da je 13. aprila 1948 v
            delavskem predmestju Maribora Studenci rojeni Drago Jančar začel pisati pri osemnajstih, prvo novelo je
            objavil v Mladini. V petek bo pisatelj, ki velja za najuglednejšega in najbolj prevajanega sodobnega
            slovenskega avtorja, dopolnil sedemdeset let. Ob Dragu Jančarju se je v zadnjih desetletjih na tukajšnjem
            literarnem prizorišču uveljavila imenitna praksa: izid vsakega njegovega knjižnega dela je tako rekoč
            avtomatično in brez motečega preostanka razglašen za dejanje sodobnega klasika, že dolgo je, kar je
            Jančarjev literarni opus, ...
        </article-text-transliterated>
    </article>
    <comments>
        <comments-count>0</comments-count>
        <comment-list/>
    </comments>
</document>