<?xml version="1.0" encoding="utf-8"?>
<document global-id="si-02-1168">
	<url>https://www.slovenskenovice.si/bulvar/tuji-traci/clanek/je-to-mogoce-turska-lepotica-je-buraku-rekla-ne-116235</url>
	<source-id>si-02</source-id>
	<local-id>1168</local-id>
	<source-name>Slovenske_novice</source-name>
	<article>
		<article-title>Je to mogoče? Turška lepotica je Buraku rekla ne</article-title>
		<article-title-transliterated>Je to mogoče? Turška lepotica je Buraku rekla ne</article-title-transliterated>
		<article-time>2018-11-24</article-time>
		<article-author>N. K.</article-author>
		<article-text>Turško-švedska igralka Amine Gülşe je zaslovela v priljubljeni turški seriji. Njen oče je igral v enem izmed švedskih nogometnih klubov, zato se je 25-letnica rodila na Švedskem. Čeprav je tam tudi odrasla, ji starši niso dovolili, da bi pozabila na svoje korenine, zato se doma govorili izključno turški jezik.   Amine se je kmalu s starši preselila v Turčijo, kjer pa se je začela ukvarjati z manekenstvom. Leta 2014 je tekmovala za miss Turčije in zmagala, zato je začela prejemati številne ponudbe. V oči naj bi padla tudi turškemu igralcu, ki je navdušil tudi Slovenke, Buraku Özçivitu, ki je v tem času osnoval produkcijsko hišo. Ponudil ji je glavno vlogo v ljubezenskem filmu, a ga je lepotička zavrnila, saj se je posvečala manekenski karieri.   .embed-container {position: relative; padding-bottom: 120%; height: 0; overflow: hidden;} .embed-container iframe, .embed-container object, .embed-container embed { position: absolute; top: 0; left: 0; width: 100%; height: 95%; }   .embed-container {position: relative; padding-bottom: 120%; height: 0; overflow: hidden;} .embed-container iframe, .embed-container object, .embed-container embed { position: absolute; top: 0; left: 0; width: 100%; height: 95%; }  Turška lepotica je od leta 2015 srečna z nogometašem Arsenala Mesutom Ozilom.</article-text>
		<article-text-transliterated>Turško-švedska igralka Amine Gülşe je zaslovela v priljubljeni turški seriji. Njen oče je igral v enem izmed švedskih nogometnih klubov, zato se je 25-letnica rodila na Švedskem. Čeprav je tam tudi odrasla, ji starši niso dovolili, da bi pozabila na svoje korenine, zato se doma govorili izključno turški jezik.   Amine se je kmalu s starši preselila v Turčijo, kjer pa se je začela ukvarjati z manekenstvom. Leta 2014 je tekmovala za miss Turčije in zmagala, zato je začela prejemati številne ponudbe. V oči naj bi padla tudi turškemu igralcu, ki je navdušil tudi Slovenke, Buraku Özçivitu, ki je v tem času osnoval produkcijsko hišo. Ponudil ji je glavno vlogo v ljubezenskem filmu, a ga je lepotička zavrnila, saj se je posvečala manekenski karieri.   .embed-container {position: relative; padding-bottom: 120%; height: 0; overflow: hidden;} .embed-container iframe, .embed-container object, .embed-container embed { position: absolute; top: 0; left: 0; width: 100%; height: 95%; }   .embed-container {position: relative; padding-bottom: 120%; height: 0; overflow: hidden;} .embed-container iframe, .embed-container object, .embed-container embed { position: absolute; top: 0; left: 0; width: 100%; height: 95%; }  Turška lepotica je od leta 2015 srečna z nogometašem Arsenala Mesutom Ozilom.</article-text-transliterated>
	</article>
	<comments>
		<comments-count>0</comments-count>
		<comments-list/>
	</comments>
</document>
