<?xml version="1.0" encoding="utf-8"?>
<document global-id="si-02-1317">
	<url>https://www.slovenskenovice.si/sport/odmevi/clanek/kaznovan-ker-je-branil-mlade-132384</url>
	<source-id>si-02</source-id>
	<local-id>1317</local-id>
	<source-name>Slovenske_novice</source-name>
	<article>
		<article-title>Kaznovan, ker je branil mlade</article-title>
		<article-title-transliterated>Kaznovan, ker je branil mlade</article-title-transliterated>
		<article-time>2018-12-21</article-time>
		<article-author>Drago Perko</article-author>
		<article-text>AJDOVŠČINA – December si bo še kako dobro zapomnil tudi košarkarski trener Tone Krump, ki dobro leto in pol deluje v ambicioznem KK Ajdovščina, kjer vodi člansko vrsto in pomaga pri razvoju košarke na tem koncu Slovenije. A je po novem njegovo delo ovirano, saj je kaznovan s šestimi meseci prepovedi; do 12. junija 2019 v košarki namreč ne sme opravljati nobene funkcije. Tako so se odločile in mu naložile kazen pristojne službe na Košarkarski zvezi Slovenije.        KK AJDOVščINA Tone Krump bi rad delal, a mu to preprečujejo neživljenjska pravila. FOTO: KK Ajdovščina               Krump si je na tekmi ekip do 20 let med Koš Primorsko in Ajdovščino prislužil dve tehnični napaki, za nameček pa je ekipa gostov pred koncem tekme zapustila igrišče! »Ob metu me je obrambni igralec udaril po roki in šel s stopali na moje območje pristanka, tako da sem padel. Ko sem ležal na tleh, se je isti obrambni igralec po moji oceni namenoma vrgel na mojo levo nogo in mi poškodoval koleno, da se je zvilo. Na levo nogo nisem mogel več stopiti, zato sta me morala soigralca podpirati na poti z igrišča,« je svoje travme in težave pojasnil eden od igralcev ekipe iz Ajdovščine.   Igralcu prebili jezik  Ker je Krump menil, da sodnika nista dovolj zaščitila mladih igralcev, je pravico vzel v svoje roke. Ne nazadnje so mu starši zaupali, da mlade žive in zdrave pripelje domov, ne pa da mora z njimi letati po urgenci in okoli zdravnikov! Na tej tekmi so se poškodovali trije njegovi igralci, enemu so prebili jezik. KZS je Krumpa kaznoval v skladu z veljavnimi tekmovalnimi propozicijami, upošteval je tudi disciplinski pravilnik.  Ukrep tudi proti VodenikuPred Tonetom Krumpom je podobna kazen doletela Gregorja Vodenika, trenerja KK Lastovka. Med tekmo so mu poškodovali dva igralca, potem ju je odpeljal na urgenco. Vodeniku so v bran stopili tudi starši z Benom Lapajnetom, nekdanjim rokometnim asom, na čelu.  Pri izrekanju kazni je upošteval olajševalne okoliščine (predhodna nekaznovanost trenerja), ki so vplivale na strogost izrečenih disciplinskih ukrepov. »Tako je bil trener kaznovan z najmilejšo obliko kazni za tovrstno kršitev. Možen disciplinski ukrep je namreč prepoved vodenja ekipe in opravljanja vseh dolžnosti v košarki za obdobje od šestih mesecev do dveh let,« povedo na KZS. Krump bo do junija brez zaslužka, in to zato, ker je branil mlade. Če komisija za pritožbe ne odloči drugače, tja so se Ajdovci že pritožili. Dodali so namreč še dodatne dokaze v svoj bran in prav.</article-text>
		<article-text-transliterated>AJDOVŠČINA – December si bo še kako dobro zapomnil tudi košarkarski trener Tone Krump, ki dobro leto in pol deluje v ambicioznem KK Ajdovščina, kjer vodi člansko vrsto in pomaga pri razvoju košarke na tem koncu Slovenije. A je po novem njegovo delo ovirano, saj je kaznovan s šestimi meseci prepovedi; do 12. junija 2019 v košarki namreč ne sme opravljati nobene funkcije. Tako so se odločile in mu naložile kazen pristojne službe na Košarkarski zvezi Slovenije.        KK AJDOVščINA Tone Krump bi rad delal, a mu to preprečujejo neživljenjska pravila. FOTO: KK Ajdovščina               Krump si je na tekmi ekip do 20 let med Koš Primorsko in Ajdovščino prislužil dve tehnični napaki, za nameček pa je ekipa gostov pred koncem tekme zapustila igrišče! »Ob metu me je obrambni igralec udaril po roki in šel s stopali na moje območje pristanka, tako da sem padel. Ko sem ležal na tleh, se je isti obrambni igralec po moji oceni namenoma vrgel na mojo levo nogo in mi poškodoval koleno, da se je zvilo. Na levo nogo nisem mogel več stopiti, zato sta me morala soigralca podpirati na poti z igrišča,« je svoje travme in težave pojasnil eden od igralcev ekipe iz Ajdovščine.   Igralcu prebili jezik  Ker je Krump menil, da sodnika nista dovolj zaščitila mladih igralcev, je pravico vzel v svoje roke. Ne nazadnje so mu starši zaupali, da mlade žive in zdrave pripelje domov, ne pa da mora z njimi letati po urgenci in okoli zdravnikov! Na tej tekmi so se poškodovali trije njegovi igralci, enemu so prebili jezik. KZS je Krumpa kaznoval v skladu z veljavnimi tekmovalnimi propozicijami, upošteval je tudi disciplinski pravilnik.  Ukrep tudi proti VodenikuPred Tonetom Krumpom je podobna kazen doletela Gregorja Vodenika, trenerja KK Lastovka. Med tekmo so mu poškodovali dva igralca, potem ju je odpeljal na urgenco. Vodeniku so v bran stopili tudi starši z Benom Lapajnetom, nekdanjim rokometnim asom, na čelu.  Pri izrekanju kazni je upošteval olajševalne okoliščine (predhodna nekaznovanost trenerja), ki so vplivale na strogost izrečenih disciplinskih ukrepov. »Tako je bil trener kaznovan z najmilejšo obliko kazni za tovrstno kršitev. Možen disciplinski ukrep je namreč prepoved vodenja ekipe in opravljanja vseh dolžnosti v košarki za obdobje od šestih mesecev do dveh let,« povedo na KZS. Krump bo do junija brez zaslužka, in to zato, ker je branil mlade. Če komisija za pritožbe ne odloči drugače, tja so se Ajdovci že pritožili. Dodali so namreč še dodatne dokaze v svoj bran in prav.</article-text-transliterated>
	</article>
	<comments>
		<comments-count>0</comments-count>
		<comments-list/>
	</comments>
</document>
