<?xml version="1.0" encoding="utf-8"?>
<document global-id="si-02-1140">
	<url>https://www.slovenskenovice.si/bulvar/zapeljivke/clanek/jana-je-brez-dlake-na-jeziku-264911</url>
	<source-id>si-02</source-id>
	<local-id>1140</local-id>
	<source-name>Slovenske_novice</source-name>
	<article>
		<article-title>Jana je brez dlake na jeziku</article-title>
		<article-title-transliterated>Jana je brez dlake na jeziku</article-title-transliterated>
		<article-time>2019-12-31</article-time>
		<article-author>S. N.</article-author>
		<article-text>Odštevamo minute, ko bomo vkorakali v novo leto. Mnogi so si za 2020. zadali visoke cilje, nekateri pa obljubljajo, da bodo v novem leto brez dlake – na jeziku.  Jana je torkova zapeljivka. Katera bo sredina, preverite jutri.</article-text>
		<article-text-transliterated>Odštevamo minute, ko bomo vkorakali v novo leto. Mnogi so si za 2020. zadali visoke cilje, nekateri pa obljubljajo, da bodo v novem leto brez dlake – na jeziku.  Jana je torkova zapeljivka. Katera bo sredina, preverite jutri.</article-text-transliterated>
	</article>
	<comments>
		<comments-count>1</comments-count>
		<comments-list>
			<comment comment-id="1">
				<comment-parent-id>,</comment-parent-id>
				<comment-text>A res ni bolj primernega za tak dan.Mislite objavljati goloto celo leto?Novice pogledam samo na rač.še dobro,da nisem naročnik.</comment-text>
				<comment-text-transliterated>A res ni bolj primernega za tak dan.Mislite objavljati goloto celo leto?Novice pogledam samo na rač.še dobro,da nisem naročnik.</comment-text-transliterated>
			</comment>
		</comments-list>
	</comments>
</document>
