<?xml version="1.0" encoding="utf-8"?>
<document global-id="si-02-1133">
	<url>https://www.slovenskenovice.si/bulvar/glasba-in-film/clanek/james-bond-naj-ostane-moski-in-bel-156332</url>
	<source-id>si-02</source-id>
	<local-id>1133</local-id>
	<source-name>Slovenske_novice</source-name>
	<article>
		<article-title>James Bond naj ostane moški in bel</article-title>
		<article-title-transliterated>James Bond naj ostane moški in bel</article-title-transliterated>
		<article-time>2019-03-18</article-time>
		<article-author>A. P.</article-author>
		<article-text>Igralec Ralph Fiennes je dvignil veliko prahu, ko je izjavil, da bi moral James Bond ostati takšen, kot ga je napisal avtor Ian Fleming. Po njegovem ne bi bilo prav, če bi ga igrala ženska ali temnopolti igralec.         Ralph Fiennes je rekel bobu bob. FOTO: Guliver/cover Images               Dodal je, da bi morali temnopolti igralci dobiti svoj akcijski film, v katerem bi lahko pokazali svoje talente, a v franšizi Bond za njih ni prostora. »Rad bi videl, kako bi se uveljavljen temnopolti igralec znašel v liku, kot je Bond, toda ne v tej franšizi.« Zanimivo pa je, da je 56-letni Fiennes prevzel (žensko) vlogo M od igralke Judi Dench po filmu o 23. filmu Bondu Skyfall.         Hoagy je bil navdih za Bonda. FOTO: Guliver/Getty images               Njegov komentar je močno odmeval in prejel veliko več pozitivnih odzivov kot negativnih. Videti je bilo, da so producenti pogovor o tem, kdo bo naslednji Bond, sprožili vedno, ko so potrebovali medijsko pozornost. Ralph se trenutno pripravlja na snemanje 25. filma o Jamesu Bondu z delovnim naslovom Shatterhand.         Aktualni Bond Daniel Craig FOTO: Guliver/cover Images               Ralphovo stališče je podprl tudi Graham Rye, urednik revije James Bond 007: »V celoti se strinjam. Bonda prav tako ne bi smel igrati orientalski ali azijski igralec – tako kot belec ne bi smel igrati likov, kot so Šaka Zulu, Javaharlal Nehru ali Džingis Kan«.   007 za zdaj ostaja Daniel Craig.   Leta 2017 je producentka filmov o Jamesu Bondu Barbara Broccoli izjavila: »Ti filmi so odsev časa, vedno poskušamo biti na robu. Vse je mogoče, Bond je zdaj Daniel Craig, z njim sem zelo zadovoljna, kdo ve, kaj bo prinesla prihodnost.«  O tej temi je leta 2015 spregovoril tudi nekdanji Bond, sir Roger Moore: »Slišal sem, da so se ljudje pogovarjali o tem, da bi ženska igrala Bonda ali da bi bil Bond homoseksualec. A to ne bi bil Bond, razlog je preprost, Ian Fleming ga ni napisal takšnega. Ne gre za homofobijo ali rasizem, ampak za zvestobo liku.«   Ian Fleming je Jamesa Bonda zgradil na pevcu Hoagyju Carmichaelu.   V zadnjih letih so kot novega Bonda najpogosteje omenjali temnopoltega igralca Idrisa Elbo, med kandidati zanj se je pojavljal tudi Ralph, o tem pa je povedal: »Pred leti je bila razprava, ali bi igral 007. Menim, da ne bi bil preveč dober, sem pa imel občutek, da bi zadevo speljal.« Fleming se je pri liku Jamesa Bonda zgledoval po ameriškem pevcu in igralcu Hoagyju Carmichaelu.</article-text>
		<article-text-transliterated>Igralec Ralph Fiennes je dvignil veliko prahu, ko je izjavil, da bi moral James Bond ostati takšen, kot ga je napisal avtor Ian Fleming. Po njegovem ne bi bilo prav, če bi ga igrala ženska ali temnopolti igralec.         Ralph Fiennes je rekel bobu bob. FOTO: Guliver/cover Images               Dodal je, da bi morali temnopolti igralci dobiti svoj akcijski film, v katerem bi lahko pokazali svoje talente, a v franšizi Bond za njih ni prostora. »Rad bi videl, kako bi se uveljavljen temnopolti igralec znašel v liku, kot je Bond, toda ne v tej franšizi.« Zanimivo pa je, da je 56-letni Fiennes prevzel (žensko) vlogo M od igralke Judi Dench po filmu o 23. filmu Bondu Skyfall.         Hoagy je bil navdih za Bonda. FOTO: Guliver/Getty images               Njegov komentar je močno odmeval in prejel veliko več pozitivnih odzivov kot negativnih. Videti je bilo, da so producenti pogovor o tem, kdo bo naslednji Bond, sprožili vedno, ko so potrebovali medijsko pozornost. Ralph se trenutno pripravlja na snemanje 25. filma o Jamesu Bondu z delovnim naslovom Shatterhand.         Aktualni Bond Daniel Craig FOTO: Guliver/cover Images               Ralphovo stališče je podprl tudi Graham Rye, urednik revije James Bond 007: »V celoti se strinjam. Bonda prav tako ne bi smel igrati orientalski ali azijski igralec – tako kot belec ne bi smel igrati likov, kot so Šaka Zulu, Javaharlal Nehru ali Džingis Kan«.   007 za zdaj ostaja Daniel Craig.   Leta 2017 je producentka filmov o Jamesu Bondu Barbara Broccoli izjavila: »Ti filmi so odsev časa, vedno poskušamo biti na robu. Vse je mogoče, Bond je zdaj Daniel Craig, z njim sem zelo zadovoljna, kdo ve, kaj bo prinesla prihodnost.«  O tej temi je leta 2015 spregovoril tudi nekdanji Bond, sir Roger Moore: »Slišal sem, da so se ljudje pogovarjali o tem, da bi ženska igrala Bonda ali da bi bil Bond homoseksualec. A to ne bi bil Bond, razlog je preprost, Ian Fleming ga ni napisal takšnega. Ne gre za homofobijo ali rasizem, ampak za zvestobo liku.«   Ian Fleming je Jamesa Bonda zgradil na pevcu Hoagyju Carmichaelu.   V zadnjih letih so kot novega Bonda najpogosteje omenjali temnopoltega igralca Idrisa Elbo, med kandidati zanj se je pojavljal tudi Ralph, o tem pa je povedal: »Pred leti je bila razprava, ali bi igral 007. Menim, da ne bi bil preveč dober, sem pa imel občutek, da bi zadevo speljal.« Fleming se je pri liku Jamesa Bonda zgledoval po ameriškem pevcu in igralcu Hoagyju Carmichaelu.</article-text-transliterated>
	</article>
	<comments>
		<comments-count>1</comments-count>
		<comments-list>
			<comment comment-id="1">
				<comment-parent-id>,</comment-parent-id>
				<comment-text>Sure,Sure....and Negro president in SLO.....</comment-text>
				<comment-text-transliterated>Sure,Sure....and Negro president in SLO.....</comment-text-transliterated>
			</comment>
		</comments-list>
	</comments>
</document>
