<?xml version="1.0" encoding="utf-8"?>
<document global-id="si-02-1382">
	<url>https://www.slovenskenovice.si/bulvar/domaci-trac/clanek/kmetija-david-bi-butnil-kar-brez-kondoma-kdor-izbira-ne-seksa</url>
	<source-id>si-02</source-id>
	<local-id>1382</local-id>
	<source-name>Slovenske_novice</source-name>
	<article>
		<article-title>Kmetija: David bi butnil kar brez kondoma: Kdor izbira, ne seksa</article-title>
		<article-title-transliterated>Kmetija: David bi butnil kar brez kondoma: Kdor izbira, ne seksa</article-title-transliterated>
		<article-time>2017-10-10</article-time>
		<article-author>P. Pa.</article-author>
		<article-text>V Kmetiji so podivjali hormoni. Razganja moške in ženske. Jezična Katja je med mletjem pod kozolcem spravila na Davida, ki mu lastna družina očita, da je zaljubljen vanjo. Vprašala ga je, ali je s sabo na posestvo prinesel tudi kondome, saj je pisalo, da jih morajo vzeti. Katja je dodala, da je na začetku bila prepričana, da jih bo začelo razganjati, ko bodo dobili kaj dobrega za pod zob. »Ampak pri nas ne potrebujemo hrane, hormoni vseeno divjajo.«Praznih rok je na kmetijo poleg Davida prišel tudi Tomaž, ki je dodal, da kolikor on pozna svoje člane družine, kondomov ne potrebujejo. A Katja se vseeno ni dala, fanta je zasliševala, kaj bi bilo, če bi se vseeno kaj zgodilo brez zaščite. Tomaž ji je dejal, da obstajajo za to tudi neke tablete, a ga je Katja hitro opomnila, da je verjetno opazil, da jih nobena na kmetiji ne jemlje.»Zakaj bi pomislil na kondome? Butelj bi bil. Tisti, ki izbira, ne seksa. Jaz bi butnil, in to je to. Bi bil pa eden več,« je pogumno dejal David in Katjo podražil, da saj lahko le liže ...</article-text>
		<article-text-transliterated>V Kmetiji so podivjali hormoni. Razganja moške in ženske. Jezična Katja je med mletjem pod kozolcem spravila na Davida, ki mu lastna družina očita, da je zaljubljen vanjo. Vprašala ga je, ali je s sabo na posestvo prinesel tudi kondome, saj je pisalo, da jih morajo vzeti. Katja je dodala, da je na začetku bila prepričana, da jih bo začelo razganjati, ko bodo dobili kaj dobrega za pod zob. »Ampak pri nas ne potrebujemo hrane, hormoni vseeno divjajo.«Praznih rok je na kmetijo poleg Davida prišel tudi Tomaž, ki je dodal, da kolikor on pozna svoje člane družine, kondomov ne potrebujejo. A Katja se vseeno ni dala, fanta je zasliševala, kaj bi bilo, če bi se vseeno kaj zgodilo brez zaščite. Tomaž ji je dejal, da obstajajo za to tudi neke tablete, a ga je Katja hitro opomnila, da je verjetno opazil, da jih nobena na kmetiji ne jemlje.»Zakaj bi pomislil na kondome? Butelj bi bil. Tisti, ki izbira, ne seksa. Jaz bi butnil, in to je to. Bi bil pa eden več,« je pogumno dejal David in Katjo podražil, da saj lahko le liže ...</article-text-transliterated>
	</article>
	<comments>
		<comments-count>0</comments-count>
		<comments-list/>
	</comments>
</document>
