<?xml version="1.0" encoding="utf-8"?>
<document global-id="si-02-1064">
	<url>https://www.slovenskenovice.si/bulvar/glasba-in-film/clanek/iz-brezic-na-oder-prestiznega-san-rema-220132</url>
	<source-id>si-02</source-id>
	<local-id>1064</local-id>
	<source-name>Slovenske_novice</source-name>
	<article>
		<article-title>Iz Brežic na oder prestižnega San Rema</article-title>
		<article-title-transliterated>Iz Brežic na oder prestižnega San Rema</article-title-transliterated>
		<article-time>2019-08-26</article-time>
		<article-author>Dejan Vodovnik</article-author>
		<article-text>Če velja, da glasba Kube odseva bogato zgodovino države, da je Memphis v ameriški zvezni državi Tennessee dom bluesa ter središče gospel in soul glasbe ter da se je prav v Memphisu v 50. letih preteklega stoletja rodil rock'n'roll, bržkone lahko zapišemo, da imamo tudi v Sloveniji svojo prestolnico glasbe. To so Brežice!  Posavje, Brežice, Krško in (morda malo manj) Sevnica je industrijsko energetska regija, ena najbolj socialno zapostavljenih v         Občina meri 268 kvadratnih kilometrov, šteje nekaj čez 24.000 prebivalcev in ima 67 kilometrov meddržavne meje s Hrvaško.              Sloveniji in tisti del države, ki ga še vedno izrazito zaznamujeta revščina delavskega razreda in brezposelnost – kot posledica številnih industrijskih sistemov v zapiranju. Težke razmere in provincialna deprivilegiranost se že več desetletij odražajo tudi v glasbi, saj je Posavje znano kot zibelka težke alternativne glasbene kulture. Skupine, kot so Polska Malca, Demolition Group, Spiritual Pyrotechnic, Shyam, LeeLoJamais in mnoge druge, ki so pustile pečat na slovenskem glasbenem prostoru, so še danes zgled mlajšim generacijam, ki se še poskušajo uveljaviti v alternativni glasbi.  Demolition Group na San Remu Začeti je treba s skupino Polska malca, zdaj že legendarno hard core/punk skupine, ki je samosvoj glasbeni izraz razvijala skozi različne zasedbe in neštete koncertne izkušnje v osemdesetih in devetdesetih. Kot trio je koncertirala med letoma 1982 in 1991. Po tem letu se jim je pridružil Miloš Radosavljevič, pozneje pevec skupine Shyam. Sledilo je spogledovanje s Hare Krišno, čemur je posledično okrog leta 1995 sledil njen razpad. Vsaka postava Polske malce je v svojem obdobju razvila povsem specifično kreativno noto, ki je venomer pustila globok pečat tako doma kot v tujini.  Je pa zeleni svet ob sotočju Save in Krke, še posebno Brežice, zaznamovala skupina Demolition Group. Ta je sredi osemdesetih nastala iz skupine Gast'r'bajtr's. Leta 1987 so člani podpisali pogodbo s takrat najmočnejšo italijansko založbo Cruisin'hiara in se že na začetku svoje poti usmerili predvsem na tuje glasbeno tržišče. Posledično pa prav demolišni ostajajo edina slovenska skupina, ki je nastopala na sloviti prireditvi v italijanskem San Remu. Predstavili so se na festivalskem delu, imenovanem San Remo Rock. Pisalo se je leto 1988. Pozneje pa je skupina z albumom Deep true love in režiserjem Matjažem Pograjcem (ta ni iz Brežic) poskrbela za izdajo albuma z naslovom Neovangelij – album, ki nosi pečat celovečernega filma Temni angeli usode, v katerem je skupina zapela s Heleno Blagne pesem Dež. Nato so malce zanemarili svoje Brežice in slovensko glasbeno prizorišče in kmalu zamrznili svoje delovanje. No, zdaj so spet udarili.  Tudi k. u. t. GAS, skupina Rudolfa Strnada, ki je danes vodja Big banda Orkestra Slovenske vojske, prihaja iz Brežic. Nuša Derenda je lani praznovala 20-letnico samostojne glasbene kariere. Praznovanje je začela v svojem rojstnem kraju – Brežicah.         Nuša Derenda FOTO: JOŽE SUHADOLNIK              Tam deluje tudi Brigita Šuler, ki bi zdaj s festivalom rada vsaj malo ohranila glasbeno dediščino tega kraja.  Nuša Derenda in Rebeka Dremelj In multipraktik, kot radi imenujejo nekdanjo misico in predstavnico Slovenije na tekmovanju za Pesem Evrovizije Rebeko Dremelj, se rad(a) pohvali, da je iz Brežic. Pa skupina Soul Food Inc. takisto in pevka Majda Arh … Mimogrede: iz Brežic sta bili kar dve predstavnici Slovenije na evrovizijskem tekmovanju; Dremljeva in Nuša Derenda.  Zabavna glasba in rock'n'roll pa nista edina, ki sta doma v Brežicah oz. okolici. Že veliko prej se je začelo na narodno-zabavnem področju. Franc Babič, pevec ansambla Veseli Planšarji, je bil dolga leta član radijske postaje Radio Brežice. Eden osrednjih članov te scene je bil Toni Hervol.    Podgoršek, Godler, Slakonja … Z glasbenim delovanjem so povezani tudi Sašo Podgoršek, ki je režiral prve spote skupine Demolition Group, Damjan Kozole, avtor številnih uspešnih filmov: Rezervni deli so bili nominirani za zlatega medveda na berlinskem festivalu 2003, Delo osvobaja je dobitnik grand prixa na festivalu v Valencii, Slovenka je dobitnica grand prixa na festivalu v Gironi, za Nočno življenje je na festivalu v Karlovih Varih 2016 prejel kristalni globus za najboljšo režijo. Iz Brežic prihajata tudi estradnika Jure Godler in Klemen Slakonja. V paket pa sodita tudi Marcel Štefančič jr. ter skladatelj in pianist Gustave Satter, ki se je rodil 12. februarja 1832 v Brežicah. No, in hrvaški pevec Saša Lozar tudi.  Narodno-zabavna scena Toni se je rodil leta 1945 se je na Brezovem pri Sevnici, začel igrati harmoniko in kmalu je ustanovil Ansambel Tonija Hervola. Šlo je za kvintetovsko zasedbo s pevci po zgledu legendarnega Ansambla bratov Avsenik. Prihajal je iz glasbene družine, oče Franc in mama Julijana sta v sebi gojila slovensko ljudsko pesem in zdrav humor. Poleg brata in sestre se je tega nalezel tudi Toni, ki je dolga leta s harmoniko in ansamblom razveseljeval goste v svojem domačem kmečkem hramu v Bukošku pri Brežicah. S svojim ansamblom je posnel okrog 50 skladb, veliko jih je še ostalo neobjavljenih v glasbenih predalih. Njegove velike uspešnice so: Vino je krivo, Jaz sem dekle imel, Slovenska pesem, V Bizeljski kleti, Spomin na prvo dekle, Pridi k meni, Čas beži, V krogu prijateljev, Na Kureščku ...  Tudi Lojze Ogorevc, ki zdaj ljubitelje bosonoge hoje vsako leto popelje na vrh brežiškega hriba Šentvid (Sveti Vid), je eden vidnejših predstavnikov brežiške narodno-zabavne scene. Z glasbo se ukvarja od enajstega leta, ko je raztegnil meh svoje prve harmonike. Leta 1973 je že ustanovil ansambel, ki je sprva deloval kot kvintet, a z diatonično harmoniko, z njim pa je prevandral od Italije, Avstrije in Nemčije do Švice, bili so celo na Švedskem.  Pevski zbori Dandanes se iz Brežic sliši zvok narodno-zabavnega ansambla Dobri prijatelji, pa Brežiških flosarjev, pred časom so v Posavju radi prisluhnili tudi skupini, ki si je nadela ime Mariachi Fiesta en Jalisco (člani zasedbe so prihajali iz Dobove, Mosteca, z Leskovca pri Krškem in iz Brežic), ki je imela v svojem repertoarju mehiške ponarodele pesmi in njihove priredbe v slovenščini. Skupino pa so sestavljali: Marjetka Petelinc, Miran Šetinc, Andrej Sotolšek, Žika Mihajlovič, Jože Petelinc, Marko Petelinc in Andrej Pinterič. Slednji je bil prav tako član ekipe Radia Brežice, z glasbo pa je seznanjal Brežičane in okolico ter celo posnel nekaj vinilnih plošč in kaset.    V brežiški občini so pesem in pevski zbori del kulturnega vsakdana občanov vseh starostnih skupin.  Precej uspehov v zadnjem času dosegajo različne pevske oz. zborovske skupine iz Brežic. Vokalna skupina ARIA je ena med njimi, pa Strune in srce in Mešani pevski zbor Viva, ki je nastopil tudi na Tajskem.          Goran Šalamun (Demolition Group) in Helena Blagne FOTO: S. K.               V brežiški občini so pesem in pevski zbori del kulturnega vsakdana veliko občanov vseh starostnih skupin. Zato ne preseneča, da so po navadi tudi različne pevske revije in nastopi dobro pripravljeni in množično obiskani. Kako tudi ne, ko pa so Brežice prestolnica slovenske glasbe.   2 predstavnici Slovenije na evrovizijskem tekmovanju sta bili iz Brežic.</article-text>
		<article-text-transliterated>Če velja, da glasba Kube odseva bogato zgodovino države, da je Memphis v ameriški zvezni državi Tennessee dom bluesa ter središče gospel in soul glasbe ter da se je prav v Memphisu v 50. letih preteklega stoletja rodil rock'n'roll, bržkone lahko zapišemo, da imamo tudi v Sloveniji svojo prestolnico glasbe. To so Brežice!  Posavje, Brežice, Krško in (morda malo manj) Sevnica je industrijsko energetska regija, ena najbolj socialno zapostavljenih v         Občina meri 268 kvadratnih kilometrov, šteje nekaj čez 24.000 prebivalcev in ima 67 kilometrov meddržavne meje s Hrvaško.              Sloveniji in tisti del države, ki ga še vedno izrazito zaznamujeta revščina delavskega razreda in brezposelnost – kot posledica številnih industrijskih sistemov v zapiranju. Težke razmere in provincialna deprivilegiranost se že več desetletij odražajo tudi v glasbi, saj je Posavje znano kot zibelka težke alternativne glasbene kulture. Skupine, kot so Polska Malca, Demolition Group, Spiritual Pyrotechnic, Shyam, LeeLoJamais in mnoge druge, ki so pustile pečat na slovenskem glasbenem prostoru, so še danes zgled mlajšim generacijam, ki se še poskušajo uveljaviti v alternativni glasbi.  Demolition Group na San Remu Začeti je treba s skupino Polska malca, zdaj že legendarno hard core/punk skupine, ki je samosvoj glasbeni izraz razvijala skozi različne zasedbe in neštete koncertne izkušnje v osemdesetih in devetdesetih. Kot trio je koncertirala med letoma 1982 in 1991. Po tem letu se jim je pridružil Miloš Radosavljevič, pozneje pevec skupine Shyam. Sledilo je spogledovanje s Hare Krišno, čemur je posledično okrog leta 1995 sledil njen razpad. Vsaka postava Polske malce je v svojem obdobju razvila povsem specifično kreativno noto, ki je venomer pustila globok pečat tako doma kot v tujini.  Je pa zeleni svet ob sotočju Save in Krke, še posebno Brežice, zaznamovala skupina Demolition Group. Ta je sredi osemdesetih nastala iz skupine Gast'r'bajtr's. Leta 1987 so člani podpisali pogodbo s takrat najmočnejšo italijansko založbo Cruisin'hiara in se že na začetku svoje poti usmerili predvsem na tuje glasbeno tržišče. Posledično pa prav demolišni ostajajo edina slovenska skupina, ki je nastopala na sloviti prireditvi v italijanskem San Remu. Predstavili so se na festivalskem delu, imenovanem San Remo Rock. Pisalo se je leto 1988. Pozneje pa je skupina z albumom Deep true love in režiserjem Matjažem Pograjcem (ta ni iz Brežic) poskrbela za izdajo albuma z naslovom Neovangelij – album, ki nosi pečat celovečernega filma Temni angeli usode, v katerem je skupina zapela s Heleno Blagne pesem Dež. Nato so malce zanemarili svoje Brežice in slovensko glasbeno prizorišče in kmalu zamrznili svoje delovanje. No, zdaj so spet udarili.  Tudi k. u. t. GAS, skupina Rudolfa Strnada, ki je danes vodja Big banda Orkestra Slovenske vojske, prihaja iz Brežic. Nuša Derenda je lani praznovala 20-letnico samostojne glasbene kariere. Praznovanje je začela v svojem rojstnem kraju – Brežicah.         Nuša Derenda FOTO: JOŽE SUHADOLNIK              Tam deluje tudi Brigita Šuler, ki bi zdaj s festivalom rada vsaj malo ohranila glasbeno dediščino tega kraja.  Nuša Derenda in Rebeka Dremelj In multipraktik, kot radi imenujejo nekdanjo misico in predstavnico Slovenije na tekmovanju za Pesem Evrovizije Rebeko Dremelj, se rad(a) pohvali, da je iz Brežic. Pa skupina Soul Food Inc. takisto in pevka Majda Arh … Mimogrede: iz Brežic sta bili kar dve predstavnici Slovenije na evrovizijskem tekmovanju; Dremljeva in Nuša Derenda.  Zabavna glasba in rock'n'roll pa nista edina, ki sta doma v Brežicah oz. okolici. Že veliko prej se je začelo na narodno-zabavnem področju. Franc Babič, pevec ansambla Veseli Planšarji, je bil dolga leta član radijske postaje Radio Brežice. Eden osrednjih članov te scene je bil Toni Hervol.    Podgoršek, Godler, Slakonja … Z glasbenim delovanjem so povezani tudi Sašo Podgoršek, ki je režiral prve spote skupine Demolition Group, Damjan Kozole, avtor številnih uspešnih filmov: Rezervni deli so bili nominirani za zlatega medveda na berlinskem festivalu 2003, Delo osvobaja je dobitnik grand prixa na festivalu v Valencii, Slovenka je dobitnica grand prixa na festivalu v Gironi, za Nočno življenje je na festivalu v Karlovih Varih 2016 prejel kristalni globus za najboljšo režijo. Iz Brežic prihajata tudi estradnika Jure Godler in Klemen Slakonja. V paket pa sodita tudi Marcel Štefančič jr. ter skladatelj in pianist Gustave Satter, ki se je rodil 12. februarja 1832 v Brežicah. No, in hrvaški pevec Saša Lozar tudi.  Narodno-zabavna scena Toni se je rodil leta 1945 se je na Brezovem pri Sevnici, začel igrati harmoniko in kmalu je ustanovil Ansambel Tonija Hervola. Šlo je za kvintetovsko zasedbo s pevci po zgledu legendarnega Ansambla bratov Avsenik. Prihajal je iz glasbene družine, oče Franc in mama Julijana sta v sebi gojila slovensko ljudsko pesem in zdrav humor. Poleg brata in sestre se je tega nalezel tudi Toni, ki je dolga leta s harmoniko in ansamblom razveseljeval goste v svojem domačem kmečkem hramu v Bukošku pri Brežicah. S svojim ansamblom je posnel okrog 50 skladb, veliko jih je še ostalo neobjavljenih v glasbenih predalih. Njegove velike uspešnice so: Vino je krivo, Jaz sem dekle imel, Slovenska pesem, V Bizeljski kleti, Spomin na prvo dekle, Pridi k meni, Čas beži, V krogu prijateljev, Na Kureščku ...  Tudi Lojze Ogorevc, ki zdaj ljubitelje bosonoge hoje vsako leto popelje na vrh brežiškega hriba Šentvid (Sveti Vid), je eden vidnejših predstavnikov brežiške narodno-zabavne scene. Z glasbo se ukvarja od enajstega leta, ko je raztegnil meh svoje prve harmonike. Leta 1973 je že ustanovil ansambel, ki je sprva deloval kot kvintet, a z diatonično harmoniko, z njim pa je prevandral od Italije, Avstrije in Nemčije do Švice, bili so celo na Švedskem.  Pevski zbori Dandanes se iz Brežic sliši zvok narodno-zabavnega ansambla Dobri prijatelji, pa Brežiških flosarjev, pred časom so v Posavju radi prisluhnili tudi skupini, ki si je nadela ime Mariachi Fiesta en Jalisco (člani zasedbe so prihajali iz Dobove, Mosteca, z Leskovca pri Krškem in iz Brežic), ki je imela v svojem repertoarju mehiške ponarodele pesmi in njihove priredbe v slovenščini. Skupino pa so sestavljali: Marjetka Petelinc, Miran Šetinc, Andrej Sotolšek, Žika Mihajlovič, Jože Petelinc, Marko Petelinc in Andrej Pinterič. Slednji je bil prav tako član ekipe Radia Brežice, z glasbo pa je seznanjal Brežičane in okolico ter celo posnel nekaj vinilnih plošč in kaset.    V brežiški občini so pesem in pevski zbori del kulturnega vsakdana občanov vseh starostnih skupin.  Precej uspehov v zadnjem času dosegajo različne pevske oz. zborovske skupine iz Brežic. Vokalna skupina ARIA je ena med njimi, pa Strune in srce in Mešani pevski zbor Viva, ki je nastopil tudi na Tajskem.          Goran Šalamun (Demolition Group) in Helena Blagne FOTO: S. K.               V brežiški občini so pesem in pevski zbori del kulturnega vsakdana veliko občanov vseh starostnih skupin. Zato ne preseneča, da so po navadi tudi različne pevske revije in nastopi dobro pripravljeni in množično obiskani. Kako tudi ne, ko pa so Brežice prestolnica slovenske glasbe.   2 predstavnici Slovenije na evrovizijskem tekmovanju sta bili iz Brežic.</article-text-transliterated>
	</article>
	<comments>
		<comments-count>0</comments-count>
		<comments-list/>
	</comments>
</document>
