<?xml version="1.0" encoding="utf-8"?>
<document global-id="si-02-1082">
	<url>https://www.slovenskenovice.si/bulvar/clanek/iz-prostaske-bube-v-golega-metulja</url>
	<source-id>si-02</source-id>
	<local-id>1082</local-id>
	<source-name>Slovenske_novice</source-name>
	<article>
		<article-title>Iz prostaške bube v golega metulja</article-title>
		<article-title-transliterated>Iz prostaške bube v golega metulja</article-title-transliterated>
		<article-time>2017-10-02</article-time>
		<article-author>T. P.</article-author>
		<article-text>Sijoče barve, šokantni položaji in konteksti so zaščitni znak slovitega ameriškega fotografa Davida LaChapella, ki mu nihče ne more očitati pomanjkanja domišljije. Nasprotno, mnogi so prepričani, da je on za svet fotografije to, kar je za sedmo umetnost Federico Fellini in kar v svetu slikarstva pomeni Salvador Dali. Tako verjetno ne bo razočaral niti s svojo prihajajočo knjigo fotografij Lost + Found, v kateri bodo zbrane še nevidene podobe iz njegove več kot tri desetletja trajajoče kariere.Besede in dejanjaBritney Spears, Michael Jackson, Whitney Houston, David Bowie, Kendall Jenner. To so imena, ki so se nastavljala LaChapellovemu spretnemu objektivu, v katerega se je drzno zazrla tudi Miley Cyrus. Drzno in nič kaj sramežljivo, četudi na sebi ni imela niti krpice. Pokazala je namreč vse, kar je moč pokazati. Na naslovnici spominja na golega metulja z živobarvnimi krili, intimne predele pa ji umetelno zakrivajo dragi kamenčki. A ko malce polistamo po knjigi fotografij, ni zakrit niti milimeter njene kože več. Gola kleči na tleh zaporniške celice in se steguje proti svetlobi, ki pronica skozi jetniško okno.Kožo je kazala pred leti in kožo kaže zdaj. Z enim pomembnim razločkom – tokrat se je razgalila za umetnost, in ne da bi le pritegovala pozornost, kar je s svojim nebrzdanim in provokativnim vedenjem v preteklosti vsekakor dosegla. Četudi so bila njena dejanja v nasprotju z besedami, saj naj bi bila prepričana, da se pravi zvezdi ni treba sleči, da bi jo ljudje opazili. »Pravi zvezdi se ni treba sleči, da bi bila seksi, saj izžareva nekaj posebnega. Spolnost in golota se sicer prodajata, a za tem mora biti nekaj več kot le kazanje golih prsih. Želim biti več kot lepotička, ki zakoraka na oder, a nato ni pomembno, kaj zna, temveč le, koliko slečena je,« je dejala Miley. Ter množice puščala odprtih ust s tverkanjem (stresanjem z zadnjico) na odru, z zgolj s črnim trakom čez bradavički na golih prsih in še bi lahko naštevali. V njeni postelji je vročeVselej je bila brez dlake na jeziku, tako tudi govorjenje o posteljnem življenju zanjo ni tabu. »Seks z Liamom je kot vožnja s concordom.« Torej hitro in visoko nad oblaki. Kar pa ji ni dovolj. Ne želi, da bi spolnost z zaročencem Liamom Hemsworthom postala rutinska, ampak želi med njima ohranjati vročico. »Začela je proučevati tantrični seks, v to pa poskuša pregovoriti tudi Liama,« je povedal vir.</article-text>
		<article-text-transliterated>Sijoče barve, šokantni položaji in konteksti so zaščitni znak slovitega ameriškega fotografa Davida LaChapella, ki mu nihče ne more očitati pomanjkanja domišljije. Nasprotno, mnogi so prepričani, da je on za svet fotografije to, kar je za sedmo umetnost Federico Fellini in kar v svetu slikarstva pomeni Salvador Dali. Tako verjetno ne bo razočaral niti s svojo prihajajočo knjigo fotografij Lost + Found, v kateri bodo zbrane še nevidene podobe iz njegove več kot tri desetletja trajajoče kariere.Besede in dejanjaBritney Spears, Michael Jackson, Whitney Houston, David Bowie, Kendall Jenner. To so imena, ki so se nastavljala LaChapellovemu spretnemu objektivu, v katerega se je drzno zazrla tudi Miley Cyrus. Drzno in nič kaj sramežljivo, četudi na sebi ni imela niti krpice. Pokazala je namreč vse, kar je moč pokazati. Na naslovnici spominja na golega metulja z živobarvnimi krili, intimne predele pa ji umetelno zakrivajo dragi kamenčki. A ko malce polistamo po knjigi fotografij, ni zakrit niti milimeter njene kože več. Gola kleči na tleh zaporniške celice in se steguje proti svetlobi, ki pronica skozi jetniško okno.Kožo je kazala pred leti in kožo kaže zdaj. Z enim pomembnim razločkom – tokrat se je razgalila za umetnost, in ne da bi le pritegovala pozornost, kar je s svojim nebrzdanim in provokativnim vedenjem v preteklosti vsekakor dosegla. Četudi so bila njena dejanja v nasprotju z besedami, saj naj bi bila prepričana, da se pravi zvezdi ni treba sleči, da bi jo ljudje opazili. »Pravi zvezdi se ni treba sleči, da bi bila seksi, saj izžareva nekaj posebnega. Spolnost in golota se sicer prodajata, a za tem mora biti nekaj več kot le kazanje golih prsih. Želim biti več kot lepotička, ki zakoraka na oder, a nato ni pomembno, kaj zna, temveč le, koliko slečena je,« je dejala Miley. Ter množice puščala odprtih ust s tverkanjem (stresanjem z zadnjico) na odru, z zgolj s črnim trakom čez bradavički na golih prsih in še bi lahko naštevali. V njeni postelji je vročeVselej je bila brez dlake na jeziku, tako tudi govorjenje o posteljnem življenju zanjo ni tabu. »Seks z Liamom je kot vožnja s concordom.« Torej hitro in visoko nad oblaki. Kar pa ji ni dovolj. Ne želi, da bi spolnost z zaročencem Liamom Hemsworthom postala rutinska, ampak želi med njima ohranjati vročico. »Začela je proučevati tantrični seks, v to pa poskuša pregovoriti tudi Liama,« je povedal vir.</article-text-transliterated>
	</article>
	<comments>
		<comments-count>0</comments-count>
		<comments-list/>
	</comments>
</document>
