<?xml version="1.0" encoding="utf-8"?>
<document global-id="si-02-1331">
	<url>https://www.slovenskenovice.si/lifestyle/astro/clanek/kdo-vas-bo-najbolj-nasmejal</url>
	<source-id>si-02</source-id>
	<local-id>1331</local-id>
	<source-name>Slovenske_novice</source-name>
	<article>
		<article-title>Kdo vas bo najbolj nasmejal</article-title>
		<article-title-transliterated>Kdo vas bo najbolj nasmejal</article-title-transliterated>
		<article-time>2016-06-26</article-time>
		<article-author>M. F.</article-author>
		<article-text>Ker je poletje tudi čas druženja, zabav in šal, poglejte, kakšen humor premorejo posamezna astrološka znamenja in presodite, v družbi katerega boste najbolj uživali in komu se boste največkrat nasmejali.OvenČe sodite med tiste, ki se radi nasmejijo do solz, vas oven ne bo razočaral. Njegov humor je malce norčav, povsem naraven in spontan. Prav tako so ovni odlični imitatorji in ne morejo zadržati smeha, kadar nekdo pade, se spotakne ali se mu zgodi podobna nevšečnost.BikBik ima izjemno sposobnost opazovanja drugih. Na podlagi svojih opazk pa se norčuje iz vsega, kar zazna njegovo bistro oko. Običajno je povsem nehote duhovit in se sploh ne zaveda, kako ljudi zabava njegovo preprosto, a iskreno razmišljanje, ki v vsaki družbo prinaša pravo osvežitev.DvojčekRojeni v tem znamenju razmišljajo izjemno hitro, prav tako hitro pa se tudi odzivajo na vse smešne situacije. Najraje imajo pikantne, seksi šale, znajo se pošaliti tudi na svoj račun. Vse, da bi se ljudje njihovi bližini kar najbolj zabavali ter gromko smejali.RakPripadniki tega znaka so pravi mojstri humorja na svoj račun. Čeprav so sicer dokaj občutljivi, jih prav nič ne moti, če se iz njih norčujejo drugi. A le, kadar povod za to dajo sami. Ne zavedajo se, kako močno so duhoviti, zlasti po zaslugi iskrenega, komičnega izraza na obrazu, ki razkriva njihove misli, pa če bi to hoteli ali ne.LevTežko bi rekli, da levi niso duhoviti, je pa njihova najmočnejša plat odziv na početje, besede ter dejanja drugih. Izjemni so v pretiravanju, in če kdo pove kaj smešnega, oni to obrnejo, napihnejo, začinijo ter z baročno obogateno zgodbo nasmejijo vse okoli sebe.DevicaPripadniki tega znaka niso ravno duhoviti, najbolj pa družbo nasmejijo s svojim besnim odzivom ter natančno analizo drugih. Zlasti tistih, ki jih ne marajo ali so se jim zamerili. Lahko so dokaj ostrega jezika, njihova sreča pa je, da tisto, kar v jezi povedo, zveni zelo smešno in resnično.TehtnicaTehtnica sodi med tista znamenja, ki ne znajo pripovedovati šal, a vendarle nasmejijo vse okoli sebe. Njena dejanja so otročja, iskrena in resnično smešna. Zlasti zabavne postanejo, kadar malce globlje pogledajo v kozarec. Tedaj z duhovitostmi kar ne prenehajo. Smešne so tudi, kadar se na koga jezijo, saj se izjemno vživijo v vse, tudi v razloge za jezo, ki jih družbi nazorno in z bogato mimiko predstavijo.ŠkorpijonRojeni v tem znamenju morda tega zlepa ne bi priznali, a radi imajo temačen humor, ki meji že na ironijo in sarkazem. Komentar tu, komentar tam, vedno plešejo na robu med smešnim in žaljivim, zabavno pri njih pa je, da so smešni tedaj, ko najmanj pričakujejo, da bodo druge spravili v smeh.StrelecStrelci so pravi zabavljači, v vsaki situaciji nasmejijo vso ekipo in skrbijo za dobro razpoloženje celotne družbe. Včasih njihove šale mejijo na žaljenje, vendar to počno tako simpatično, da jim tega nihče ne zameri.KozorogVečinoma delujejo zadržano, a najbolj jih razveseljuje, kadar so v družbi in se lahko brez zavor norčujejo, zabavajo in šalijo. Najraje imajo inteligentni, prezimljeni humor, ki meji že na sarkazem in ironijo. A čeprav tega za nobeno ceno ne bi priznali, težko prenašajo šale na svoj račun.VodnarEno je gotovo, vodnarjev humor nasmeji vsakega. On res lahko pretirava s črnim humorjem, a ljudje, ki ga poznajo, tega ne jemljejo kot nekaj slabega. A svojo čisto pravo humorno plat pokaže le izbranim. Ljudi, ki jih ne pozna, očara s povsem običajnimi, spodobnimi šalami.RibiRojeni v tem znamenju sodijo med tiste, ki imajo radi predvidljive šale in dovtipe, si radi zamišljajo smešne situacije ter svoje vizije predstavljajo drugim. Znajo dobro improvizirati in družbo velikokrat zabavajo z vnaprej pripravljenimi skeči ter šalami.</article-text>
		<article-text-transliterated>Ker je poletje tudi čas druženja, zabav in šal, poglejte, kakšen humor premorejo posamezna astrološka znamenja in presodite, v družbi katerega boste najbolj uživali in komu se boste največkrat nasmejali.OvenČe sodite med tiste, ki se radi nasmejijo do solz, vas oven ne bo razočaral. Njegov humor je malce norčav, povsem naraven in spontan. Prav tako so ovni odlični imitatorji in ne morejo zadržati smeha, kadar nekdo pade, se spotakne ali se mu zgodi podobna nevšečnost.BikBik ima izjemno sposobnost opazovanja drugih. Na podlagi svojih opazk pa se norčuje iz vsega, kar zazna njegovo bistro oko. Običajno je povsem nehote duhovit in se sploh ne zaveda, kako ljudi zabava njegovo preprosto, a iskreno razmišljanje, ki v vsaki družbo prinaša pravo osvežitev.DvojčekRojeni v tem znamenju razmišljajo izjemno hitro, prav tako hitro pa se tudi odzivajo na vse smešne situacije. Najraje imajo pikantne, seksi šale, znajo se pošaliti tudi na svoj račun. Vse, da bi se ljudje njihovi bližini kar najbolj zabavali ter gromko smejali.RakPripadniki tega znaka so pravi mojstri humorja na svoj račun. Čeprav so sicer dokaj občutljivi, jih prav nič ne moti, če se iz njih norčujejo drugi. A le, kadar povod za to dajo sami. Ne zavedajo se, kako močno so duhoviti, zlasti po zaslugi iskrenega, komičnega izraza na obrazu, ki razkriva njihove misli, pa če bi to hoteli ali ne.LevTežko bi rekli, da levi niso duhoviti, je pa njihova najmočnejša plat odziv na početje, besede ter dejanja drugih. Izjemni so v pretiravanju, in če kdo pove kaj smešnega, oni to obrnejo, napihnejo, začinijo ter z baročno obogateno zgodbo nasmejijo vse okoli sebe.DevicaPripadniki tega znaka niso ravno duhoviti, najbolj pa družbo nasmejijo s svojim besnim odzivom ter natančno analizo drugih. Zlasti tistih, ki jih ne marajo ali so se jim zamerili. Lahko so dokaj ostrega jezika, njihova sreča pa je, da tisto, kar v jezi povedo, zveni zelo smešno in resnično.TehtnicaTehtnica sodi med tista znamenja, ki ne znajo pripovedovati šal, a vendarle nasmejijo vse okoli sebe. Njena dejanja so otročja, iskrena in resnično smešna. Zlasti zabavne postanejo, kadar malce globlje pogledajo v kozarec. Tedaj z duhovitostmi kar ne prenehajo. Smešne so tudi, kadar se na koga jezijo, saj se izjemno vživijo v vse, tudi v razloge za jezo, ki jih družbi nazorno in z bogato mimiko predstavijo.ŠkorpijonRojeni v tem znamenju morda tega zlepa ne bi priznali, a radi imajo temačen humor, ki meji že na ironijo in sarkazem. Komentar tu, komentar tam, vedno plešejo na robu med smešnim in žaljivim, zabavno pri njih pa je, da so smešni tedaj, ko najmanj pričakujejo, da bodo druge spravili v smeh.StrelecStrelci so pravi zabavljači, v vsaki situaciji nasmejijo vso ekipo in skrbijo za dobro razpoloženje celotne družbe. Včasih njihove šale mejijo na žaljenje, vendar to počno tako simpatično, da jim tega nihče ne zameri.KozorogVečinoma delujejo zadržano, a najbolj jih razveseljuje, kadar so v družbi in se lahko brez zavor norčujejo, zabavajo in šalijo. Najraje imajo inteligentni, prezimljeni humor, ki meji že na sarkazem in ironijo. A čeprav tega za nobeno ceno ne bi priznali, težko prenašajo šale na svoj račun.VodnarEno je gotovo, vodnarjev humor nasmeji vsakega. On res lahko pretirava s črnim humorjem, a ljudje, ki ga poznajo, tega ne jemljejo kot nekaj slabega. A svojo čisto pravo humorno plat pokaže le izbranim. Ljudi, ki jih ne pozna, očara s povsem običajnimi, spodobnimi šalami.RibiRojeni v tem znamenju sodijo med tiste, ki imajo radi predvidljive šale in dovtipe, si radi zamišljajo smešne situacije ter svoje vizije predstavljajo drugim. Znajo dobro improvizirati in družbo velikokrat zabavajo z vnaprej pripravljenimi skeči ter šalami.</article-text-transliterated>
	</article>
	<comments>
		<comments-count>0</comments-count>
		<comments-list/>
	</comments>
</document>
