<?xml version="1.0" encoding="utf-8"?>
<document global-id="si-02-1029">
	<url>https://www.slovenskenovice.si/suzy/clanek/imela-sva-noro-dober-seks-kot-strela-z-jasnega-je-prisla-njena-odlocitev-da-se-zeli-lociti-135444</url>
	<source-id>si-02</source-id>
	<local-id>1029</local-id>
	<source-name>Slovenske_novice</source-name>
	<article>
		<article-title>Imela sva noro dober seks ... Kot strela z jasnega je prišla njena odločitev, da se želi ločiti.</article-title>
		<article-title-transliterated>Imela sva noro dober seks ... Kot strela z jasnega je prišla njena odločitev, da se želi ločiti.</article-title-transliterated>
		<article-time>2019-01-04</article-time>
		<article-author>Zvezdana Mlakar</article-author>
		<article-text>Dragi Klemen! Redko dobim moško pismo, zato sem še toliko bolj pozorno brala tvoje. Kaj naj rečem? Obračam, obračam, tvoja energija je čista, čutim tvojo žalost. Veš kaj, če zares ljubiš bivšo ženo, potem jo spusti iz svojega srca, privošči ji življenje, ki si ga želi in živi. Samo ego v tebi kriči, da bi jo še imel doma, da bi jo hotel imeti celo za zajtrk, kosilo in večerjo.  Če me sprašuješ, kaj je smisel življenja, potem ti odgovarjam, da je to ljubezen, živeti ljubezen brez pričakovanj, brez lastništva in pogojevanj. V vsakem razmerju je vsak posameznik odgovoren za svojo ljubezen. Lepo je, če ti ljubezen vračajo, ampak to ni pogoj, da svoje ljubezni ne bi živeli vsak trenutek življenja. Ljubezni ne moremo izsiliti, lahko jo le dajemo. Včasih se jo moramo naučiti tudi sprejemati. Na to zadnje smo redko pozorni, tukaj smo najbolj površni.  Sama velikokrat odkrijem, kako sem površna, nekdo nekaj naredi, reče samo zame, meni pa se to zdi samoumevno. Pa ni. Šele ko sem pozorna, zares pozorna, lahko vidim, da stavki, ki so me včasih znervirali do histerije, pravzaprav pripovedujejo ljubezensko zgodbo drugega. To je njegov jezik ljubezni. Velika modrost je prepoznati to ljubezen. To tudi pomeni, da temeljito in sproti pometaš svoj ego. Jaz. Jaz. Jaz ... Ne meri svoje vrednosti po tem, koliko ljubezni ti ljudje vračajo, meri jo po tem, koliko ljubezni daješ.  Povsem praktično ti svetujem, da sprejmeš ženin odhod kot dejstvo, ki se ga ne da spremeniti. Samo tvoj ego hoče vedeti, zakaj je šla. Ti sam globoko v sebi tako ali tako veš. Ne potrebuješ zunanjih dokazov, da ti je naredila krivico, ker si bil v bistvu dober mož. Ta krivica, ta krivda te boli. V resnici je po toliko letih popolnoma nesmiselno iskati vzroke, zakaj je razpadel tvoj zakon. Ni ga več in čakajo te nove lekcije življenja. Krivica in krivda sta popolnoma nekoristni, saj ne rojevata nič dobrega, le žalost in jezo.  Svetujem ti, da na vrtu svoje hiše (baje imaš zelo lepo hišo) skoplješ globoko jamo in vsakokrat, ko te prime, da bi jokal, jamral, popustil in tulil, tečeš do te jame in vanjo izkričiš vso svojo muko. Naj gre ven iz tebe, naj se sprostijo v to luknjo vsi tvoji strahovi, vsa razočaranja in packarije, ki si jih počel. Potem objemi to zemljo, prisloni lice nanjo in prisluhni njeni vibraciji. Pomirja, neskončno pomirja!  Ha ha, tokrat sem izdala svoj skrivni recept, tako jamico imam skopano tudi jaz tam na robu, pod smreko, in ko je res hudo, grem tja. Vedno me pomiri in mi zbistri glavo. Vse tulim vanjo, vse, kar si tudi na papir ne bi upala napisati. Ves čas bi radi razumeli. Pa ne gre, včasih se pač ne da razumeti. Pišemo tisoče pravil za življenje, kako ga živeti, ampak življenje ni za razumeti, dobili smo ga za živeti! Življenje živimo mi, mi pišemo svoja pravila – in tudi to je pravzaprav neumno, saj nas celo naša, osebna pravila najbolj omejujejo.  Jej, moli, ljubi. Celo en luštkan film obstaja na to temo. Priletel mi je ta trenutek v glavo in vidim, da ne zaman, marsikateri odgovor boš našel v njem ... Če si v svojem zakonu naredil vse, kar je bilo v tvoji moči, nimaš česa obžalovati. Ker vedno obstaja še kaj, kar bi lahko popravil, to naredi zdaj, sam sebi. Zapri ta vrata, odprla se ti bodo nova. Zaupaj življenju, neverjetne scenarije nam pripravlja. Če imamo odprto srce, če se ne smilimo samim sebi, če smo pogumni, če smo iskreni, se odpira toliko vrat, da bo nastal velik prepih. Živeti na tem prepihu in hkrati biti doma v sebi, to je tisto, kar si želim in kar privoščim tudi tebi.  Takoj se lahko lotiš sebe. Veš, da se težko odpiraš, da moraš zaupati. Takoj, pri tej priči obrni to na glavo. Odpri na široko srce in zaupaj, tudi če bo še kdaj zabolelo. Ne moreš vse življenje čakati na pravi čas, ko bo dovolj varno, da zaupaš. Ti podarjaš zaupanje, to je tvoje darilo, tvoja odločitev.   Če imamo odprto srce, če se ne smilimo samim sebi, če smo pogumni, če smo iskreni, se odpira toliko vrat, da bo nastal velik prepih.   Nisi neuspešen človek, če ti ni uspelo obdržati družine, to je zastarel predsodek. Do konca življenja boš imel priložnost ustvarjati lepe odnose in ljubezen ni samo partnerstvo. Ljubezen je tudi odnos do hčera, odnos do zemlje, lahko smo zaljubljeni v rože, morskega prašička, v govejo juho svoje stare mame ... Te male, ljubeznive, drobne stvari delajo naše življenje lepo.  Poglej v nebo in se zahvali, zahvali za vsak droben dežek in za vsak sončni žarek. Boš videl, koliko ljubezni se bo naenkrat zlilo v tvoje srce! Srečno – tebi in vsem nam!</article-text>
		<article-text-transliterated>Dragi Klemen! Redko dobim moško pismo, zato sem še toliko bolj pozorno brala tvoje. Kaj naj rečem? Obračam, obračam, tvoja energija je čista, čutim tvojo žalost. Veš kaj, če zares ljubiš bivšo ženo, potem jo spusti iz svojega srca, privošči ji življenje, ki si ga želi in živi. Samo ego v tebi kriči, da bi jo še imel doma, da bi jo hotel imeti celo za zajtrk, kosilo in večerjo.  Če me sprašuješ, kaj je smisel življenja, potem ti odgovarjam, da je to ljubezen, živeti ljubezen brez pričakovanj, brez lastništva in pogojevanj. V vsakem razmerju je vsak posameznik odgovoren za svojo ljubezen. Lepo je, če ti ljubezen vračajo, ampak to ni pogoj, da svoje ljubezni ne bi živeli vsak trenutek življenja. Ljubezni ne moremo izsiliti, lahko jo le dajemo. Včasih se jo moramo naučiti tudi sprejemati. Na to zadnje smo redko pozorni, tukaj smo najbolj površni.  Sama velikokrat odkrijem, kako sem površna, nekdo nekaj naredi, reče samo zame, meni pa se to zdi samoumevno. Pa ni. Šele ko sem pozorna, zares pozorna, lahko vidim, da stavki, ki so me včasih znervirali do histerije, pravzaprav pripovedujejo ljubezensko zgodbo drugega. To je njegov jezik ljubezni. Velika modrost je prepoznati to ljubezen. To tudi pomeni, da temeljito in sproti pometaš svoj ego. Jaz. Jaz. Jaz ... Ne meri svoje vrednosti po tem, koliko ljubezni ti ljudje vračajo, meri jo po tem, koliko ljubezni daješ.  Povsem praktično ti svetujem, da sprejmeš ženin odhod kot dejstvo, ki se ga ne da spremeniti. Samo tvoj ego hoče vedeti, zakaj je šla. Ti sam globoko v sebi tako ali tako veš. Ne potrebuješ zunanjih dokazov, da ti je naredila krivico, ker si bil v bistvu dober mož. Ta krivica, ta krivda te boli. V resnici je po toliko letih popolnoma nesmiselno iskati vzroke, zakaj je razpadel tvoj zakon. Ni ga več in čakajo te nove lekcije življenja. Krivica in krivda sta popolnoma nekoristni, saj ne rojevata nič dobrega, le žalost in jezo.  Svetujem ti, da na vrtu svoje hiše (baje imaš zelo lepo hišo) skoplješ globoko jamo in vsakokrat, ko te prime, da bi jokal, jamral, popustil in tulil, tečeš do te jame in vanjo izkričiš vso svojo muko. Naj gre ven iz tebe, naj se sprostijo v to luknjo vsi tvoji strahovi, vsa razočaranja in packarije, ki si jih počel. Potem objemi to zemljo, prisloni lice nanjo in prisluhni njeni vibraciji. Pomirja, neskončno pomirja!  Ha ha, tokrat sem izdala svoj skrivni recept, tako jamico imam skopano tudi jaz tam na robu, pod smreko, in ko je res hudo, grem tja. Vedno me pomiri in mi zbistri glavo. Vse tulim vanjo, vse, kar si tudi na papir ne bi upala napisati. Ves čas bi radi razumeli. Pa ne gre, včasih se pač ne da razumeti. Pišemo tisoče pravil za življenje, kako ga živeti, ampak življenje ni za razumeti, dobili smo ga za živeti! Življenje živimo mi, mi pišemo svoja pravila – in tudi to je pravzaprav neumno, saj nas celo naša, osebna pravila najbolj omejujejo.  Jej, moli, ljubi. Celo en luštkan film obstaja na to temo. Priletel mi je ta trenutek v glavo in vidim, da ne zaman, marsikateri odgovor boš našel v njem ... Če si v svojem zakonu naredil vse, kar je bilo v tvoji moči, nimaš česa obžalovati. Ker vedno obstaja še kaj, kar bi lahko popravil, to naredi zdaj, sam sebi. Zapri ta vrata, odprla se ti bodo nova. Zaupaj življenju, neverjetne scenarije nam pripravlja. Če imamo odprto srce, če se ne smilimo samim sebi, če smo pogumni, če smo iskreni, se odpira toliko vrat, da bo nastal velik prepih. Živeti na tem prepihu in hkrati biti doma v sebi, to je tisto, kar si želim in kar privoščim tudi tebi.  Takoj se lahko lotiš sebe. Veš, da se težko odpiraš, da moraš zaupati. Takoj, pri tej priči obrni to na glavo. Odpri na široko srce in zaupaj, tudi če bo še kdaj zabolelo. Ne moreš vse življenje čakati na pravi čas, ko bo dovolj varno, da zaupaš. Ti podarjaš zaupanje, to je tvoje darilo, tvoja odločitev.   Če imamo odprto srce, če se ne smilimo samim sebi, če smo pogumni, če smo iskreni, se odpira toliko vrat, da bo nastal velik prepih.   Nisi neuspešen človek, če ti ni uspelo obdržati družine, to je zastarel predsodek. Do konca življenja boš imel priložnost ustvarjati lepe odnose in ljubezen ni samo partnerstvo. Ljubezen je tudi odnos do hčera, odnos do zemlje, lahko smo zaljubljeni v rože, morskega prašička, v govejo juho svoje stare mame ... Te male, ljubeznive, drobne stvari delajo naše življenje lepo.  Poglej v nebo in se zahvali, zahvali za vsak droben dežek in za vsak sončni žarek. Boš videl, koliko ljubezni se bo naenkrat zlilo v tvoje srce! Srečno – tebi in vsem nam!</article-text-transliterated>
	</article>
	<comments>
		<comments-count>16</comments-count>
		<comments-list>
			<comment comment-id="1">
				<comment-parent-id>,</comment-parent-id>
				<comment-text>Super napisano,vredno upoštevati. Tudi nam pomaga. Želim vse dobro.</comment-text>
				<comment-text-transliterated>Super napisano,vredno upoštevati. Tudi nam pomaga. Želim vse dobro.</comment-text-transliterated>
			</comment>
			<comment comment-id="2">
				<comment-parent-id>,</comment-parent-id>
				<comment-text>Zvezdana cenim tvoje odgovore, tokrat pa mi nekaj manjka.Ženska je brez težav zapustila tudi svoji hčerki, tu pa mislim, da se svoboda posameznika konča.Eno vem, kar sicer ne bo nikomur pomagalo, občutila bo močno svojo odločitev in takrat ji ne bo lahko.....</comment-text>
				<comment-text-transliterated>Zvezdana cenim tvoje odgovore, tokrat pa mi nekaj manjka.Ženska je brez težav zapustila tudi svoji hčerki, tu pa mislim, da se svoboda posameznika konča.Eno vem, kar sicer ne bo nikomur pomagalo, občutila bo močno svojo odločitev in takrat ji ne bo lahko.....</comment-text-transliterated>
			</comment>
			<comment comment-id="2-1">
				<comment-parent-id>2</comment-parent-id>
				<comment-text>Če sta stara 45 let, potem sta hčeri že odrasli in ni neke panike, da je njuna mati odšla. Saj se bo še morda kdaj kesala za to?! Ali pa tudi ne?¨Njena odločitev pač. Že ve, zakaj.</comment-text>
				<comment-text-transliterated>Če sta stara 45 let, potem sta hčeri že odrasli in ni neke panike, da je njuna mati odšla. Saj se bo še morda kdaj kesala za to?! Ali pa tudi ne?¨Njena odločitev pač. Že ve, zakaj.</comment-text-transliterated>
			</comment>
			<comment comment-id="3">
				<comment-parent-id>,</comment-parent-id>
				<comment-text>Zdaj je pa že vsak zblojenec lahko življenski svetovalec.</comment-text>
				<comment-text-transliterated>Zdaj je pa že vsak zblojenec lahko življenski svetovalec.</comment-text-transliterated>
			</comment>
			<comment comment-id="4">
				<comment-parent-id>,</comment-parent-id>
				<comment-text>Ej človek bodi vesel da je takšna ženska odšla, že to da ji ni mar za svoje otroke pove vse o njej.</comment-text>
				<comment-text-transliterated>Ej človek bodi vesel da je takšna ženska odšla, že to da ji ni mar za svoje otroke pove vse o njej.</comment-text-transliterated>
			</comment>
			<comment comment-id="5">
				<comment-parent-id>,</comment-parent-id>
				<comment-text>Neplačevanje preživnine je kaznivo dejanje po 194.členu KZ-1- NPB1. Imaš pravno osnovo za vložitev kazenske ovadbe. Vsekakor je to odločitev tebe in tvojih otrok. Tako bo vsaj enkrat na mesec vedela, da ima otroke. Tebe je že pred časom ''odpisala'', ko je šla in ne imej nobene empatije do nje. Pozabi jo čimpreje in zaživi svoje življenje kot ga je ona.</comment-text>
				<comment-text-transliterated>Neplačevanje preživnine je kaznivo dejanje po 194.členu KZ-1- NPB1. Imaš pravno osnovo za vložitev kazenske ovadbe. Vsekakor je to odločitev tebe in tvojih otrok. Tako bo vsaj enkrat na mesec vedela, da ima otroke. Tebe je že pred časom ''odpisala'', ko je šla in ne imej nobene empatije do nje. Pozabi jo čimpreje in zaživi svoje življenje kot ga je ona.</comment-text-transliterated>
			</comment>
			<comment comment-id="6">
				<comment-parent-id>,</comment-parent-id>
				<comment-text>Bla bla bla pa še enkrat bla bla bla</comment-text>
				<comment-text-transliterated>Bla bla bla pa še enkrat bla bla bla</comment-text-transliterated>
			</comment>
			<comment comment-id="7">
				<comment-parent-id>,</comment-parent-id>
				<comment-text>Zvezdana ne mores preko dolocenih vprasanj ,ki ti zazirajo v mozgane 24ur na dan...ne mores oprostiti kaj sele pozabiti.Ja.. potisnes globoko vase ampak zakaj skace kar naprej in naprej....Ze zaradi otrok mora priti na cisto z njo....ceprav ni vredna,da bi jo pes poscal</comment-text>
				<comment-text-transliterated>Zvezdana ne mores preko dolocenih vprasanj ,ki ti zazirajo v mozgane 24ur na dan...ne mores oprostiti kaj sele pozabiti.Ja.. potisnes globoko vase ampak zakaj skace kar naprej in naprej....Ze zaradi otrok mora priti na cisto z njo....ceprav ni vredna,da bi jo pes poscal</comment-text-transliterated>
			</comment>
			<comment comment-id="8">
				<comment-parent-id>,</comment-parent-id>
				<comment-text>Zakona žal ne drži skupaj samo noro dober seks, zakon je veliko več . . .</comment-text>
				<comment-text-transliterated>Zakona žal ne drži skupaj samo noro dober seks, zakon je veliko več . . .</comment-text-transliterated>
			</comment>
			<comment comment-id="8-1">
				<comment-parent-id>8</comment-parent-id>
				<comment-text>Točno tako, :)</comment-text>
				<comment-text-transliterated>Točno tako, :)</comment-text-transliterated>
			</comment>
			<comment comment-id="9">
				<comment-parent-id>,</comment-parent-id>
				<comment-text>Vedno so pametni tisti,ki niso v tej koži.Pametujemo lahko kolikor hočemo,a ta gospod se bo še vedno spraševal kaj je šlo narobe,ker odgovorov od tistega ,ki bi jih moral dati ni.Ta ,ki ve kaj je bilo narobe ,je daleč stran od vseh,tudi od najbolj svetega,otrok,.Lahko le ugibamo,da se ji je šlo verjetno le za kariero,ne za srečno družino.Zdaj pa naj se ta isti gospod.le izmika gospem,ki ga bodo omrežile,le zaradi statusa.</comment-text>
				<comment-text-transliterated>Vedno so pametni tisti,ki niso v tej koži.Pametujemo lahko kolikor hočemo,a ta gospod se bo še vedno spraševal kaj je šlo narobe,ker odgovorov od tistega ,ki bi jih moral dati ni.Ta ,ki ve kaj je bilo narobe ,je daleč stran od vseh,tudi od najbolj svetega,otrok,.Lahko le ugibamo,da se ji je šlo verjetno le za kariero,ne za srečno družino.Zdaj pa naj se ta isti gospod.le izmika gospem,ki ga bodo omrežile,le zaradi statusa.</comment-text-transliterated>
			</comment>
			<comment comment-id="10">
				<comment-parent-id>,</comment-parent-id>
				<comment-text>Moški, ki želi pozornost, samo take osebe svoje zgodbe objavljajo javno....</comment-text>
				<comment-text-transliterated>Moški, ki želi pozornost, samo take osebe svoje zgodbe objavljajo javno....</comment-text-transliterated>
			</comment>
			<comment comment-id="11">
				<comment-parent-id>,</comment-parent-id>
				<comment-text>Jaz pa mislim, da ne ve  kaj pravzaprav hoče.Največja sreča ni v  &quot;uspešnosti&quot;. To, da je zapustila svoje otroke in  nima niti kontakta z njima,  pomeni, da z njo nekaj ne štima.</comment-text>
				<comment-text-transliterated>Jaz pa mislim, da ne ve  kaj pravzaprav hoče.Največja sreča ni v  &quot;uspešnosti&quot;. To, da je zapustila svoje otroke in  nima niti kontakta z njima,  pomeni, da z njo nekaj ne štima.</comment-text-transliterated>
			</comment>
			<comment comment-id="11-1">
				<comment-parent-id>11</comment-parent-id>
				<comment-text>Mici kje imaš pa profilno sliko???'</comment-text>
				<comment-text-transliterated>Mici kje imaš pa profilno sliko???'</comment-text-transliterated>
			</comment>
			<comment comment-id="12">
				<comment-parent-id>,</comment-parent-id>
				<comment-text>Zaželimo mu ,da spozna LJUBEZEN,ki se nam kaže v različnih oblikah.</comment-text>
				<comment-text-transliterated>Zaželimo mu ,da spozna LJUBEZEN,ki se nam kaže v različnih oblikah.</comment-text-transliterated>
			</comment>
			<comment comment-id="13">
				<comment-parent-id>,</comment-parent-id>
				<comment-text>eh nič sam eno mlado lepo žensko si dobi pa uživaj življenje se si reko da si uspešen,KAJ ŠE ČAKAŠ PRI HODIČO BIVŠA SE DAJE ZDAJ Z DRUGIMI DOL TI PA JOČEŠ.BOD DEC pa eno od 25 😉</comment-text>
				<comment-text-transliterated>eh nič sam eno mlado lepo žensko si dobi pa uživaj življenje se si reko da si uspešen,KAJ ŠE ČAKAŠ PRI HODIČO BIVŠA SE DAJE ZDAJ Z DRUGIMI DOL TI PA JOČEŠ.BOD DEC pa eno od 25 😉</comment-text-transliterated>
			</comment>
		</comments-list>
	</comments>
</document>
