<?xml version="1.0" encoding="utf-8"?>
<document global-id="si-02-1302">
	<url>https://www.slovenskenovice.si/novice/slovenija/clanek/karte-klobase</url>
	<source-id>si-02</source-id>
	<local-id>1302</local-id>
	<source-name>Slovenske_novice</source-name>
	<article>
		<article-title>Karte in klobase</article-title>
		<article-title-transliterated>Karte in klobase</article-title-transliterated>
		<article-time>2015-03-20</article-time>
		<article-author>Bojan Budja</article-author>
		<article-text>Ni pomembno, kdo je na oblasti, še manj, kdo je v opoziciji, tudi ni pomembno vreme, ne kaj četrtega, petega. Planico imamo radi vsi, vselej in takšno, kot je v danem trenutku. Planica je edina slovenska športna pravljica. Od včeraj do jutri bo vzbujala najimenitnejše pridevke. Je ljubica vseh generacij Slovencev, je ponos in zaščitni znak slovenstva, pravijo ji snežna kraljica, zibelka poletov, je legendarnejša od Prešerna. Ter še in še. Za nameček se je zgodila prav nam, Slovencem. Tako dolgočasnemu, nemitskemu in tako nelegendarnemu narodu. Planica je naša sreča. Kajpak z vsemi danostmi. Vsako leto, še preden njen elegantni trebuh postane tako nedolžno bel in seksi, vrže nase kako senco. Spomnimo se Jose Gorca, gonilne sile planiških tekem in poletov, ki ga je vsemogočna partija konec štiridesetih pahnila v smrt zaradi plačila pol litra vina in klobase rateškim udarnikom vključno s Stankom Bloudkom, ali vsega leto, dve starih očitkov o (ne)smiselnosti gradnje nordijskega centra pod Poncami. Minule dni pa je za nekaj hektolitrov vroče krvi poskrbel Jurij Žurej, direktor Smučarske zveze Slovenije, pod okriljem katere Planica domuje. Na svojem profilu na facebooku je razgalil novodobne slovenske japije: »Prosim, da mi nihče več ne piše, ne kliče ne mene ne mojih staršev ali kogar koli drugega za zastonj karte. Brezobzirnost, kultura zastonjkarstva in popolno pomanjkanje občutka. Esemesi ob enih zjutraj, prikrite grožnje, vsi kakor 'very important', kličejo pa v imenu tega ali onega. Kako bo to za nas dobro, ker da bo korist enkrat, ko bo to najbolj pomembno. Torej karta za korist v prihodnosti. Pa karta še za ženo, otroke, soseda, psa... Namesto da bi pomagali, vas samo zanima, kje in kako do zastonj kart in klobas. Kupite karte v tisočih, pridite navijat za naše! To naj bo vaša pomoč športnikom in zvezi, ki diha na škrge!« Tudi sam nostalgično pogrešam tisto Planico, h kateri so nas šolarje vozili z vlaki in kjer smo imeli fantje z razlogom preštete vse tunele med Mariborom in Jesenicami. V temi smo se pregrešno dotaknili kakega izstopajočega dela teleščka katere od sošolk, ji ukradli nedolžen poljub, nato pa čez desetletja na obletnici mature izvedeli, da bi lahko iztržili še veliko več. A teh in takih časov ne bo nikoli več. Danes živimo čase japijev. Slovar novejšega besedja slovenskega jezika jim pravi ljudje, ki dobro služijo, živijo razkošno in se obnašajo snobovsko. Ne razumem pa, zakaj morajo karte potem plačevati edinole revni.</article-text>
		<article-text-transliterated>Ni pomembno, kdo je na oblasti, še manj, kdo je v opoziciji, tudi ni pomembno vreme, ne kaj četrtega, petega. Planico imamo radi vsi, vselej in takšno, kot je v danem trenutku. Planica je edina slovenska športna pravljica. Od včeraj do jutri bo vzbujala najimenitnejše pridevke. Je ljubica vseh generacij Slovencev, je ponos in zaščitni znak slovenstva, pravijo ji snežna kraljica, zibelka poletov, je legendarnejša od Prešerna. Ter še in še. Za nameček se je zgodila prav nam, Slovencem. Tako dolgočasnemu, nemitskemu in tako nelegendarnemu narodu. Planica je naša sreča. Kajpak z vsemi danostmi. Vsako leto, še preden njen elegantni trebuh postane tako nedolžno bel in seksi, vrže nase kako senco. Spomnimo se Jose Gorca, gonilne sile planiških tekem in poletov, ki ga je vsemogočna partija konec štiridesetih pahnila v smrt zaradi plačila pol litra vina in klobase rateškim udarnikom vključno s Stankom Bloudkom, ali vsega leto, dve starih očitkov o (ne)smiselnosti gradnje nordijskega centra pod Poncami. Minule dni pa je za nekaj hektolitrov vroče krvi poskrbel Jurij Žurej, direktor Smučarske zveze Slovenije, pod okriljem katere Planica domuje. Na svojem profilu na facebooku je razgalil novodobne slovenske japije: »Prosim, da mi nihče več ne piše, ne kliče ne mene ne mojih staršev ali kogar koli drugega za zastonj karte. Brezobzirnost, kultura zastonjkarstva in popolno pomanjkanje občutka. Esemesi ob enih zjutraj, prikrite grožnje, vsi kakor 'very important', kličejo pa v imenu tega ali onega. Kako bo to za nas dobro, ker da bo korist enkrat, ko bo to najbolj pomembno. Torej karta za korist v prihodnosti. Pa karta še za ženo, otroke, soseda, psa... Namesto da bi pomagali, vas samo zanima, kje in kako do zastonj kart in klobas. Kupite karte v tisočih, pridite navijat za naše! To naj bo vaša pomoč športnikom in zvezi, ki diha na škrge!« Tudi sam nostalgično pogrešam tisto Planico, h kateri so nas šolarje vozili z vlaki in kjer smo imeli fantje z razlogom preštete vse tunele med Mariborom in Jesenicami. V temi smo se pregrešno dotaknili kakega izstopajočega dela teleščka katere od sošolk, ji ukradli nedolžen poljub, nato pa čez desetletja na obletnici mature izvedeli, da bi lahko iztržili še veliko več. A teh in takih časov ne bo nikoli več. Danes živimo čase japijev. Slovar novejšega besedja slovenskega jezika jim pravi ljudje, ki dobro služijo, živijo razkošno in se obnašajo snobovsko. Ne razumem pa, zakaj morajo karte potem plačevati edinole revni.</article-text-transliterated>
	</article>
	<comments>
		<comments-count>0</comments-count>
		<comments-list/>
	</comments>
</document>
