<?xml version="1.0" encoding="utf-8"?>
<document global-id="si-02-1227">
	<url>https://www.slovenskenovice.si/stil/astro/clanek/kaj-prinasa-lunin-mrk-za-slovenijo-zahteven-cas-pritiskov-69964</url>
	<source-id>si-02</source-id>
	<local-id>1227</local-id>
	<source-name>Slovenske_novice</source-name>
	<article>
		<article-title>Kaj prinaša Lunin mrk? Za Slovenijo zahteven čas pritiskov</article-title>
		<article-title-transliterated>Kaj prinaša Lunin mrk? Za Slovenijo zahteven čas pritiskov</article-title-transliterated>
		<article-time>2018-07-26</article-time>
		<article-author>Mihela Malečkar</article-author>
		<article-text>Neizbežno se bo treba soočati s posledicami naših napak, tako kolektivno kot tudi osebno, če se bo mrk dotaknil naše rojstne karte.  Tokratni Lunin mrk bomo lahko opazovali več ur tudi pri nas: kako Zemljina senca postopoma prekriva osvetljeno polno luno in se nato odmika od nje. Astrologija je veda, ki take nebesne pojave prevaja v doživljanje in dogodke na Zemlji. V preteklosti so se mrkov bali, saj naj bi prinašali trpka izkustva, zamračitev, potemnitev naj bi bila prevlada temnih sil na Zemlji. Dandanes je strahu manj, astrologi pa uporabljamo mrke za predvidevanje dogajanja na družbeni ravni ter na ravni posameznika. Če se stopinja mrka ali koti karte mrka dotaknejo nečesa natalnega ali spodbudijo pripravljajočo se progresijo, so močan kazalnik sprememb tudi na individualni ravni.         GETTY IMAGES/ISTOCKPHOTO V nasprotju s Sončnim Lunin mrk vedno prinese ukvarjanje s posledicami preteklih dejanj. FOTO: Guliver/Getty Images               Za astrologa je Lunin mrk nekoliko drugačen od Sončevega, saj nakazuje, da je tisto, kar se je zdaj sprožilo, že imelo začetek v preteklosti in zdaj dobi le epilog, se izpostavi in imamo čas žetve, posledice v pozitivnem ali negativnem pogledu. Če smo počeli kaj pozitivnega, sledijo pozitivne posledice, če so bila naša dejanja negativna, bodo prinesla negativno posledico. Naporna energija Mrk je zelo zahteven, saj se vanj ujameta Mars in Uran v drugem kvadratu, zato bo prinesel vremenske nevšečnosti, od toče do potresov, močno vznemiril čustveno stanje in nekje se bodo spet pojavili upor, jeza, sovraštvo, eksplozije in nemiri, povzročeni s trmo egocentričnih veljakov. V družbenem pogledu je to zelo naporna in eksplozivna energija. V mrk je ujet tudi Saturn, kar spet nosi napor, neprijeten razplet dogodkov, konkretne omejitve, strah. Ker se mrk dogaja na našem predelu in je povezan z drugim vladarjem slovenske astrološke karte, bo za Slovenijo to zahteven čas pritiskov, omejitev, težav. Lahko se pojavijo sram, nemoč in neuspeh. Posledice preteklih napačnih odločitev se bodo pokazale in nas močno stresle. Znamenja in spremembe Za koga bo mrk bolj ali manj pomemben, se vidi le z analizo natalne karte posameznika. Če razumete astrološki jezik – pomemben je rojstni planet, ki se poveže s točko mrka, saj bo izpostavljena njegova zgodba. Pomembna je tudi hiša, v katero pade mrk, da vemo, na katerem področju se bodo vršile spremembe. Na splošno bo ta mrk najbolj pritiskal na pripadnike fiksnih znamenj, torej bike, leve, škorpijone in vodnarje, natančneje bike, ki so rojeni aprila, julijske leve, oktobrske škorpijone in januarske vodnarje. Tem bo življenje postreglo s hitrimi, nepredvidljivimi spremembami, ki jih bodo postavile v čisto novo zgodbo, ki je ta trenutek še popolnoma neverjetna. Priprava na mrk Ker se bojimo sprememb, mrkom ne znamo odprto in mirno slediti. Sprememba, tudi če je šokantna in nepričakovana, ni nekaj slabega. Tiste, ki jih prinaša Lunin mrk, se nanašajo na posledice naših odločitev in delovanja in nam le pomagajo spremeniti smer v za nas bolj konstruktivno. V času med mrki in pred Luninim mrkom je pomembno, da si vzamemo čas, razumemo, da nas bodo nosila čustva, da zdaj nismo najbolj razsodni, da nas bo vrtelo. Bodimo zreli, kot je mogoče, izogibajmo se prenašanju jeze in napetosti na druge ljudi. Odmaknimo se, premislimo, predelajmo, in ko se k nam vrnejo posledice preteklosti, jih sprejmimo. Učijo nas, kako pomembne so naše odločitve in kako živeti premišljeno. Posledice preteklega delovanja nas bodo zavrtele v ples sprememb. Lahko se jim upiramo in se jih bojimo, toda tu so, da nas prestavijo na drugo mesto. Lahko pa zaplešemo z njimi in jim to dovolimo. Premik lahko pomeni selitev, menjavo službe ali je bolj notranji, v smislu drugačnega razumevanja življenja.</article-text>
		<article-text-transliterated>Neizbežno se bo treba soočati s posledicami naših napak, tako kolektivno kot tudi osebno, če se bo mrk dotaknil naše rojstne karte.  Tokratni Lunin mrk bomo lahko opazovali več ur tudi pri nas: kako Zemljina senca postopoma prekriva osvetljeno polno luno in se nato odmika od nje. Astrologija je veda, ki take nebesne pojave prevaja v doživljanje in dogodke na Zemlji. V preteklosti so se mrkov bali, saj naj bi prinašali trpka izkustva, zamračitev, potemnitev naj bi bila prevlada temnih sil na Zemlji. Dandanes je strahu manj, astrologi pa uporabljamo mrke za predvidevanje dogajanja na družbeni ravni ter na ravni posameznika. Če se stopinja mrka ali koti karte mrka dotaknejo nečesa natalnega ali spodbudijo pripravljajočo se progresijo, so močan kazalnik sprememb tudi na individualni ravni.         GETTY IMAGES/ISTOCKPHOTO V nasprotju s Sončnim Lunin mrk vedno prinese ukvarjanje s posledicami preteklih dejanj. FOTO: Guliver/Getty Images               Za astrologa je Lunin mrk nekoliko drugačen od Sončevega, saj nakazuje, da je tisto, kar se je zdaj sprožilo, že imelo začetek v preteklosti in zdaj dobi le epilog, se izpostavi in imamo čas žetve, posledice v pozitivnem ali negativnem pogledu. Če smo počeli kaj pozitivnega, sledijo pozitivne posledice, če so bila naša dejanja negativna, bodo prinesla negativno posledico. Naporna energija Mrk je zelo zahteven, saj se vanj ujameta Mars in Uran v drugem kvadratu, zato bo prinesel vremenske nevšečnosti, od toče do potresov, močno vznemiril čustveno stanje in nekje se bodo spet pojavili upor, jeza, sovraštvo, eksplozije in nemiri, povzročeni s trmo egocentričnih veljakov. V družbenem pogledu je to zelo naporna in eksplozivna energija. V mrk je ujet tudi Saturn, kar spet nosi napor, neprijeten razplet dogodkov, konkretne omejitve, strah. Ker se mrk dogaja na našem predelu in je povezan z drugim vladarjem slovenske astrološke karte, bo za Slovenijo to zahteven čas pritiskov, omejitev, težav. Lahko se pojavijo sram, nemoč in neuspeh. Posledice preteklih napačnih odločitev se bodo pokazale in nas močno stresle. Znamenja in spremembe Za koga bo mrk bolj ali manj pomemben, se vidi le z analizo natalne karte posameznika. Če razumete astrološki jezik – pomemben je rojstni planet, ki se poveže s točko mrka, saj bo izpostavljena njegova zgodba. Pomembna je tudi hiša, v katero pade mrk, da vemo, na katerem področju se bodo vršile spremembe. Na splošno bo ta mrk najbolj pritiskal na pripadnike fiksnih znamenj, torej bike, leve, škorpijone in vodnarje, natančneje bike, ki so rojeni aprila, julijske leve, oktobrske škorpijone in januarske vodnarje. Tem bo življenje postreglo s hitrimi, nepredvidljivimi spremembami, ki jih bodo postavile v čisto novo zgodbo, ki je ta trenutek še popolnoma neverjetna. Priprava na mrk Ker se bojimo sprememb, mrkom ne znamo odprto in mirno slediti. Sprememba, tudi če je šokantna in nepričakovana, ni nekaj slabega. Tiste, ki jih prinaša Lunin mrk, se nanašajo na posledice naših odločitev in delovanja in nam le pomagajo spremeniti smer v za nas bolj konstruktivno. V času med mrki in pred Luninim mrkom je pomembno, da si vzamemo čas, razumemo, da nas bodo nosila čustva, da zdaj nismo najbolj razsodni, da nas bo vrtelo. Bodimo zreli, kot je mogoče, izogibajmo se prenašanju jeze in napetosti na druge ljudi. Odmaknimo se, premislimo, predelajmo, in ko se k nam vrnejo posledice preteklosti, jih sprejmimo. Učijo nas, kako pomembne so naše odločitve in kako živeti premišljeno. Posledice preteklega delovanja nas bodo zavrtele v ples sprememb. Lahko se jim upiramo in se jih bojimo, toda tu so, da nas prestavijo na drugo mesto. Lahko pa zaplešemo z njimi in jim to dovolimo. Premik lahko pomeni selitev, menjavo službe ali je bolj notranji, v smislu drugačnega razumevanja življenja.</article-text-transliterated>
	</article>
	<comments>
		<comments-count>3</comments-count>
		<comments-list>
			<comment comment-id="1">
				<comment-parent-id>,</comment-parent-id>
				<comment-text>Zakaj poneumljate ljudi s takimi prispevki? To so same laži.</comment-text>
				<comment-text-transliterated>Zakaj poneumljate ljudi s takimi prispevki? To so same laži.</comment-text-transliterated>
			</comment>
			<comment comment-id="2">
				<comment-parent-id>,</comment-parent-id>
				<comment-text>Stane , čestitam , prav imaš...</comment-text>
				<comment-text-transliterated>Stane , čestitam , prav imaš...</comment-text-transliterated>
			</comment>
			<comment comment-id="3">
				<comment-parent-id>,</comment-parent-id>
				<comment-text>Ocitno nekateri res ne vidijo dlje od lastnega nosu. Ce nekaj ne vidis se ne pomeni da ne obstaja. Stane in Samo zakaj pa uporabljata mobitel ce ne vidita elektromagnetnih signalov saj vse bazira na energiji torej tudi nebesna telesa.</comment-text>
				<comment-text-transliterated>Ocitno nekateri res ne vidijo dlje od lastnega nosu. Ce nekaj ne vidis se ne pomeni da ne obstaja. Stane in Samo zakaj pa uporabljata mobitel ce ne vidita elektromagnetnih signalov saj vse bazira na energiji torej tudi nebesna telesa.</comment-text-transliterated>
			</comment>
		</comments-list>
	</comments>
</document>
