<?xml version="1.0" encoding="utf-8"?>
<document global-id="si-02-1118">
	<url>https://www.slovenskenovice.si/novice/slovenija/clanek/ja-za-prodajo-elana-pod-pogojem</url>
	<source-id>si-02</source-id>
	<local-id>1118</local-id>
	<source-name>Slovenske_novice</source-name>
	<article>
		<article-title>Ja za prodajo Elana, a pod pogojem</article-title>
		<article-title-transliterated>Ja za prodajo Elana, a pod pogojem</article-title-transliterated>
		<article-time>2015-07-29</article-time>
		<article-author>A. L.</article-author>
		<article-text>LJUBLJANA – Nadzorni svet Slovenskega državnega holdinga (SDH) je na današnji seji sprejel sklep o pogojnem soglasju k prodaji poslovnega deleža SDH v družbi Elan s tem, da kupca sprejmeta določene nefinančne zaveze, v smislu spoštovanja veljavne delovnopravne zakonodaje v Sloveniji, spoštovanja veljavnih kolektivnih pogodb in drugih socialnih sporazumov, ki so bili dogovorjeni z zaposlenimi ali s svetom delavcev, ohranitve slovenskega jezika kot jezika komuniciranja z zaposlenimi ter v smislu prizadevanja za ohranitev sedeža družbe v Sloveniji, za prestrukturiranje družbe z namenom zagotoviti njeno nadaljnje preživetje, izboljšanje njene učinkovitosti in nadaljnjega razvoja ter ohranjanja socialnega dialoga z zaposlenimi v skladu z delovnopravno zakonodajo v Sloveniji.Nadzorniki so sprejeli tudi sklep o soglasju k letnemu načrtu upravljanja delnic koprske družbe Cimos, s čimer se SDH aktivno vključuje v prodajne aktivnosti za prodajo delnic omenjene družbe.Sprejeli so še sklep o soglasju k pogodbi o izvedbi skrbnega finančnega in pravnega pregleda ter izdelavi ocene vrednosti lastniškega kapitala družbe Adria Airways.</article-text>
		<article-text-transliterated>LJUBLJANA – Nadzorni svet Slovenskega državnega holdinga (SDH) je na današnji seji sprejel sklep o pogojnem soglasju k prodaji poslovnega deleža SDH v družbi Elan s tem, da kupca sprejmeta določene nefinančne zaveze, v smislu spoštovanja veljavne delovnopravne zakonodaje v Sloveniji, spoštovanja veljavnih kolektivnih pogodb in drugih socialnih sporazumov, ki so bili dogovorjeni z zaposlenimi ali s svetom delavcev, ohranitve slovenskega jezika kot jezika komuniciranja z zaposlenimi ter v smislu prizadevanja za ohranitev sedeža družbe v Sloveniji, za prestrukturiranje družbe z namenom zagotoviti njeno nadaljnje preživetje, izboljšanje njene učinkovitosti in nadaljnjega razvoja ter ohranjanja socialnega dialoga z zaposlenimi v skladu z delovnopravno zakonodajo v Sloveniji.Nadzorniki so sprejeli tudi sklep o soglasju k letnemu načrtu upravljanja delnic koprske družbe Cimos, s čimer se SDH aktivno vključuje v prodajne aktivnosti za prodajo delnic omenjene družbe.Sprejeli so še sklep o soglasju k pogodbi o izvedbi skrbnega finančnega in pravnega pregleda ter izdelavi ocene vrednosti lastniškega kapitala družbe Adria Airways.</article-text-transliterated>
	</article>
	<comments>
		<comments-count>0</comments-count>
		<comments-list/>
	</comments>
</document>
