<?xml version="1.0" encoding="utf-8"?>
<document global-id="si-02-1022">
	<url>https://www.slovenskenovice.si/bulvar/domaci-trac/clanek/imamo-ursljanko-2015</url>
	<source-id>si-02</source-id>
	<local-id>1022</local-id>
	<source-name>Slovenske_novice</source-name>
	<article>
		<article-title>Imamo uršljanko 2015</article-title>
		<article-title-transliterated>Imamo uršljanko 2015</article-title-transliterated>
		<article-time>2015-11-07</article-time>
		<article-author>Andrej Predin</article-author>
		<article-text>Letošnja zmagovalka festivala mlade literature Urška 2015 je Urška Kramberger. Priznanje ji je minuli teden na prireditvi v Kulturnem domu Slovenj Gradec izročil direktor JSKD mag. Igor Teršar. Tudi letos je bila konkurenca velika, saj se je zmagovalka prebila čez dve strokovni selekciji in tekmovala z 99 avtorji iz vse Slovenije. Na sklepni prireditvi se je predstavilo pet finalistov: Karmen Hribar iz Šentjanža,  Aleš Jelenko  iz Loč, Urška Kramberger z Dobrne,  Jernej Kusterle z Jesenic in Karolina Zgaga iz Podbrda. Selektorica je kot šesto besedilo, ki se ni potegovalo za nagrado, izbrala dramo Katje Gorečan iz Dramelj. Pesnik in mentor Zoran Pevec pa je v sklopu festivala v Mestni kavarni predstavil lansko zmagovalko Petro Žišt in njeno pesniško zbirko Batik Grafit. »Poezija Urške Kramberger stavi na hitro šviganje semantične materi­je; v njenem pisanju je zaznati morda najbolj drzno in igrivo obvladovanje razdalj med pomenskimi polji in iznajdevanje redkih besed znotraj letošnje bere. S pretežno odsotnostjo punktuacije, aliteracijami in nenavadnim sekanjem pomenskih polj vzpostavlja svoj pristop prolifičnih prostih asociacij, polje jezika zasede s široko artilerijo,« je zapisala selektorica festivala Barbara Pogačnik. »Kot selektorico so me posebno pritegovala vprašanja, povezana z jezikom. Včasih sem naletela na zanimive iznajdbe, navdušilo me je mnogo besednih iger, spet drugič sem opažala ogromno angle­ških mašil, da je bilo videti, da ta kul angleščina s svojimi medmeti in frazemi obilno nadomešča slovenščino, morda v njeni spontanosti.« Dodala je, da so tokrat izstopale teme politične nemoči in zapuščanja jezika. »Ta lakmus očitno kaže, da kriza ni le ekonomska, ampak tudi simbolna, da živimo v zelo občutljivem tre­nutku, da mlada generacija v lastnem jeziku najde malo življenjskega soka, povezanega s kreativnostjo.« »Festival Urška, ki je letos že 14. zapored potekal v Slovenj Gradcu, izhaja iz dolgoletnih srečanj slovenskih pesnikov in pisateljev,« je pojasnila Barbara Rigler, samostojna strokovna svetovalka za literarno dejavnost z JSKD. »Začela so se pred več kot 40 leti v Slovenskih goricah in starostno niso bila zamejena. Na njih se je zvrstilo mnogo avtorjev, ki so danes prepoznavni slovenski pisatelji in književniki: Aleš Šteger, Maja Vidmar, Lucija Stupica, Stanka Hrastelj, Aldo Žerjal, Vida Mokrin Pauer, Ivo Stropnik, David Bedrač in še mnogi. Že drugo leto zapored smo starostno mejo sodelujočih mladih literatov zamejili, saj na festival mlade literature vabimo avtorice in avtorje med 15. in 30. letom. Zdi se nam pomembno, da imajo mladi svoj literarni festival, na katerem izražajo ustvarjalnost in svoj pogled na svet, morda celo pobeg od vsakodnevnih obveznosti. Te izkušnje so drugačne, po eni strani kažejo radovednost, iskrivost in raziskovanje nešteto možnosti, celo naivnost ali ponižnost, kar jih lahko pripelje do prave literature in kakovostnih literarnih besedil, po drugi pa gre za zrel pogled na jezik, ideje in teme, ki so tako intimne kot angažirane.« Zmagovalki se je zaradi izjemne ekipe in odlične organizacije v spomin vtisnil kar celotni festival: »Posebno pa bi izpostavila večerno prireditev, na kateri smo finalisti od navdušenja večkrat ostali brez sape, tu gre zahvala vsem sodelujočim, in delavnice naslednje jutro, Aljošo Harlamova v živo in Barbaro Pogačnik iz Francije. Predvsem pa smo se veliko smejali. Menim, da je festival izjemna priložnost za vse mlade literate. Pa ne toliko zaradi nagrade, ampak zaradi druženja s preostalimi ustvarjalci, kar, vsaj meni, vedno da nov zagon in je večkrat pobuda za pisanje. Neprecenljive so seveda tudi vse debate, ki med nadobudnimi umetniki nikoli ne usahnejo, niti pozno v noč. Najbolj pa sem cenila kritiko in komentar svojih del obeh mentorjev. To res pomaga, da zrasteš.«Urški Kramberger bodo za nagrado leta 2016 izdali prvenec – zbirko pesmi, ki bo izšla v založništvu JSKD pod mentorstvom letošnje selektorice. Junija pa se bo udeležila literarnega gostovanja Evropski pesniki v živo ter javnih branj po Češki na povabilo avtorskega združenja Stranou (Ob robu).Uršljanka 2015 Pesnica Urška Kramberger prihaja z Dobrne. Rodila se je leta 1993 v Mariboru. Z resnimi knjigami se je začela seznanjati na I. gimnaziji v Celju. Sodelovala je pri nastajanju šolskega literarnega časopisa in začela objavljati svoje pesmi v reviji Vsesledje. Nato jo je srečalo kritično razmišljanje in udeleževala se je vedno več literarnih delavnic ter večerov. Leta 2014 je zmagala na pesniški olimpijadi. Letos je diplomirala iz kozmetologije na fakulteti za farmacijo v Ljubljani, kjer jo to jesen že nestrpno pričakuje magistrski študij laboratorijske biomedicine.  V prestolnici jo pogosto srečate na kolesu, včasih pa jo ujamete na Mladih rimah na Metelkovi (brez kolesa).</article-text>
		<article-text-transliterated>Letošnja zmagovalka festivala mlade literature Urška 2015 je Urška Kramberger. Priznanje ji je minuli teden na prireditvi v Kulturnem domu Slovenj Gradec izročil direktor JSKD mag. Igor Teršar. Tudi letos je bila konkurenca velika, saj se je zmagovalka prebila čez dve strokovni selekciji in tekmovala z 99 avtorji iz vse Slovenije. Na sklepni prireditvi se je predstavilo pet finalistov: Karmen Hribar iz Šentjanža,  Aleš Jelenko  iz Loč, Urška Kramberger z Dobrne,  Jernej Kusterle z Jesenic in Karolina Zgaga iz Podbrda. Selektorica je kot šesto besedilo, ki se ni potegovalo za nagrado, izbrala dramo Katje Gorečan iz Dramelj. Pesnik in mentor Zoran Pevec pa je v sklopu festivala v Mestni kavarni predstavil lansko zmagovalko Petro Žišt in njeno pesniško zbirko Batik Grafit. »Poezija Urške Kramberger stavi na hitro šviganje semantične materi­je; v njenem pisanju je zaznati morda najbolj drzno in igrivo obvladovanje razdalj med pomenskimi polji in iznajdevanje redkih besed znotraj letošnje bere. S pretežno odsotnostjo punktuacije, aliteracijami in nenavadnim sekanjem pomenskih polj vzpostavlja svoj pristop prolifičnih prostih asociacij, polje jezika zasede s široko artilerijo,« je zapisala selektorica festivala Barbara Pogačnik. »Kot selektorico so me posebno pritegovala vprašanja, povezana z jezikom. Včasih sem naletela na zanimive iznajdbe, navdušilo me je mnogo besednih iger, spet drugič sem opažala ogromno angle­ških mašil, da je bilo videti, da ta kul angleščina s svojimi medmeti in frazemi obilno nadomešča slovenščino, morda v njeni spontanosti.« Dodala je, da so tokrat izstopale teme politične nemoči in zapuščanja jezika. »Ta lakmus očitno kaže, da kriza ni le ekonomska, ampak tudi simbolna, da živimo v zelo občutljivem tre­nutku, da mlada generacija v lastnem jeziku najde malo življenjskega soka, povezanega s kreativnostjo.« »Festival Urška, ki je letos že 14. zapored potekal v Slovenj Gradcu, izhaja iz dolgoletnih srečanj slovenskih pesnikov in pisateljev,« je pojasnila Barbara Rigler, samostojna strokovna svetovalka za literarno dejavnost z JSKD. »Začela so se pred več kot 40 leti v Slovenskih goricah in starostno niso bila zamejena. Na njih se je zvrstilo mnogo avtorjev, ki so danes prepoznavni slovenski pisatelji in književniki: Aleš Šteger, Maja Vidmar, Lucija Stupica, Stanka Hrastelj, Aldo Žerjal, Vida Mokrin Pauer, Ivo Stropnik, David Bedrač in še mnogi. Že drugo leto zapored smo starostno mejo sodelujočih mladih literatov zamejili, saj na festival mlade literature vabimo avtorice in avtorje med 15. in 30. letom. Zdi se nam pomembno, da imajo mladi svoj literarni festival, na katerem izražajo ustvarjalnost in svoj pogled na svet, morda celo pobeg od vsakodnevnih obveznosti. Te izkušnje so drugačne, po eni strani kažejo radovednost, iskrivost in raziskovanje nešteto možnosti, celo naivnost ali ponižnost, kar jih lahko pripelje do prave literature in kakovostnih literarnih besedil, po drugi pa gre za zrel pogled na jezik, ideje in teme, ki so tako intimne kot angažirane.« Zmagovalki se je zaradi izjemne ekipe in odlične organizacije v spomin vtisnil kar celotni festival: »Posebno pa bi izpostavila večerno prireditev, na kateri smo finalisti od navdušenja večkrat ostali brez sape, tu gre zahvala vsem sodelujočim, in delavnice naslednje jutro, Aljošo Harlamova v živo in Barbaro Pogačnik iz Francije. Predvsem pa smo se veliko smejali. Menim, da je festival izjemna priložnost za vse mlade literate. Pa ne toliko zaradi nagrade, ampak zaradi druženja s preostalimi ustvarjalci, kar, vsaj meni, vedno da nov zagon in je večkrat pobuda za pisanje. Neprecenljive so seveda tudi vse debate, ki med nadobudnimi umetniki nikoli ne usahnejo, niti pozno v noč. Najbolj pa sem cenila kritiko in komentar svojih del obeh mentorjev. To res pomaga, da zrasteš.«Urški Kramberger bodo za nagrado leta 2016 izdali prvenec – zbirko pesmi, ki bo izšla v založništvu JSKD pod mentorstvom letošnje selektorice. Junija pa se bo udeležila literarnega gostovanja Evropski pesniki v živo ter javnih branj po Češki na povabilo avtorskega združenja Stranou (Ob robu).Uršljanka 2015 Pesnica Urška Kramberger prihaja z Dobrne. Rodila se je leta 1993 v Mariboru. Z resnimi knjigami se je začela seznanjati na I. gimnaziji v Celju. Sodelovala je pri nastajanju šolskega literarnega časopisa in začela objavljati svoje pesmi v reviji Vsesledje. Nato jo je srečalo kritično razmišljanje in udeleževala se je vedno več literarnih delavnic ter večerov. Leta 2014 je zmagala na pesniški olimpijadi. Letos je diplomirala iz kozmetologije na fakulteti za farmacijo v Ljubljani, kjer jo to jesen že nestrpno pričakuje magistrski študij laboratorijske biomedicine.  V prestolnici jo pogosto srečate na kolesu, včasih pa jo ujamete na Mladih rimah na Metelkovi (brez kolesa).</article-text-transliterated>
	</article>
	<comments>
		<comments-count>0</comments-count>
		<comments-list/>
	</comments>
</document>
