<?xml version="1.0" encoding="utf-8"?>
<document global-id="si-02-1008">
	<url>https://www.slovenskenovice.si/bulvar/domaci-trac/clanek/igor-e-bergant-osvojil-katalonce</url>
	<source-id>si-02</source-id>
	<local-id>1008</local-id>
	<source-name>Slovenske_novice</source-name>
	<article>
		<article-title>Igor E. Bergant osvojil Katalonce</article-title>
		<article-title-transliterated>Igor E. Bergant osvojil Katalonce</article-title-transliterated>
		<article-time>2017-04-04</article-time>
		<article-author>A. K.</article-author>
		<article-text>Novinar, športni komentator in televizijski voditelj Igor E. Bergant je v zgolj sedmih minutah v oddaji Odmevi poskrbel za vsesplošno navdušenje v Kataloniji. V pogovoru s tamkajšnjim zunanjim ministrom Raülom Romevo na temo referenduma o neodvisnosti, ki ga bo Katalonija izvedla jeseni, je Bergant gledalce presenetil s svojo tekočo katalonščino, ki se jo je naučil leta 1984 med obiskom Barcelone. »Naša želja je bila, da bi gledalci med pogovorom doživeli pristno izkušnjo. Tako nekako je kot pred 30 leti, ko smo javnost želeli opozoriti na slovenščino,« je Bergant pojasnil odločitev, da intervju izpelje v brezhibni katalonščini. Ob zbadljivki, da njegovo ime v katalonščini pomeni lopov, je voditelj hudomušno sklenil, da je Steve Jobs nekoč dejal, da je bolje biti lopov ali pirat, v njegovem primeru torej Bergant, kot se pridružiti mornarici.»Preberite več v Suzy, novi tabloidni reviji Slovenskih novic, ki izide vsak petek. Najdete jo v bližnji trafiki, še bolje pa bo, če se nanjo naročite in jo boste dobili v svoj nabiralnik. Pišite nam na Ta e-poštni naslov je zaščiten proti smetenju. Potrebujete Javascript za pogled. 				document.getElementById('cloak916c5c39dc623daf4483d58f521a6405').innerHTML = ''; 				var prefix = 'ma' + 'il' + 'to'; 				var path = 'hr' + 'ef' + '='; 				var addy916c5c39dc623daf4483d58f521a6405 = 'narocnine' + '@'; 				addy916c5c39dc623daf4483d58f521a6405 = addy916c5c39dc623daf4483d58f521a6405 + 'delo' + '.' + 'si'; 				var addy_text916c5c39dc623daf4483d58f521a6405 = '&lt;strong&gt;narocnine' + '@' + 'delo' + '.' + 'si&lt;/strong&gt;';document.getElementById('cloak916c5c39dc623daf4483d58f521a6405').innerHTML += '&lt;a ' + path + '\'' + prefix + ':' + addy916c5c39dc623daf4483d58f521a6405 + '\'&gt;'+addy_text916c5c39dc623daf4483d58f521a6405+'&lt;\/a&gt;'; 		 oziroma pokličite brezplačno številko 080 11 99.«</article-text>
		<article-text-transliterated>Novinar, športni komentator in televizijski voditelj Igor E. Bergant je v zgolj sedmih minutah v oddaji Odmevi poskrbel za vsesplošno navdušenje v Kataloniji. V pogovoru s tamkajšnjim zunanjim ministrom Raülom Romevo na temo referenduma o neodvisnosti, ki ga bo Katalonija izvedla jeseni, je Bergant gledalce presenetil s svojo tekočo katalonščino, ki se jo je naučil leta 1984 med obiskom Barcelone. »Naša želja je bila, da bi gledalci med pogovorom doživeli pristno izkušnjo. Tako nekako je kot pred 30 leti, ko smo javnost želeli opozoriti na slovenščino,« je Bergant pojasnil odločitev, da intervju izpelje v brezhibni katalonščini. Ob zbadljivki, da njegovo ime v katalonščini pomeni lopov, je voditelj hudomušno sklenil, da je Steve Jobs nekoč dejal, da je bolje biti lopov ali pirat, v njegovem primeru torej Bergant, kot se pridružiti mornarici.»Preberite več v Suzy, novi tabloidni reviji Slovenskih novic, ki izide vsak petek. Najdete jo v bližnji trafiki, še bolje pa bo, če se nanjo naročite in jo boste dobili v svoj nabiralnik. Pišite nam na Ta e-poštni naslov je zaščiten proti smetenju. Potrebujete Javascript za pogled. 				document.getElementById('cloak916c5c39dc623daf4483d58f521a6405').innerHTML = ''; 				var prefix = 'ma' + 'il' + 'to'; 				var path = 'hr' + 'ef' + '='; 				var addy916c5c39dc623daf4483d58f521a6405 = 'narocnine' + '@'; 				addy916c5c39dc623daf4483d58f521a6405 = addy916c5c39dc623daf4483d58f521a6405 + 'delo' + '.' + 'si'; 				var addy_text916c5c39dc623daf4483d58f521a6405 = '&lt;strong&gt;narocnine' + '@' + 'delo' + '.' + 'si&lt;/strong&gt;';document.getElementById('cloak916c5c39dc623daf4483d58f521a6405').innerHTML += '&lt;a ' + path + '\'' + prefix + ':' + addy916c5c39dc623daf4483d58f521a6405 + '\'&gt;'+addy_text916c5c39dc623daf4483d58f521a6405+'&lt;\/a&gt;'; 		 oziroma pokličite brezplačno številko 080 11 99.«</article-text-transliterated>
	</article>
	<comments>
		<comments-count>0</comments-count>
		<comments-list/>
	</comments>
</document>
