<?xml version="1.0" encoding="utf-8"?>
<document global-id="si-02-1389">
	<url>https://www.slovenskenovice.si/lifestyle/modno/clanek/ko-diamanti-zaplesejo</url>
	<source-id>si-02</source-id>
	<local-id>1389</local-id>
	<source-name>Slovenske_novice</source-name>
	<article>
		<article-title>Ko diamanti zaplešejo</article-title>
		<article-title-transliterated>Ko diamanti zaplešejo</article-title-transliterated>
		<article-time>2015-06-19</article-time>
		<article-author>Petra Kancler</article-author>
		<article-text>Le kakšna je na pogled ženska, ki dirigira eno najbolj prestižnih in uglednih draguljarskih imen sveta, ki so ji bili dragoceni diamanti položeni tako rekoč v zibelko in ki je na ti z veliko večino svetovnih zvezd? Chopard je znan po nakitu, ki ne ujame le pogleda in očara z dovršenim dizajnom, temveč tudi z enkratno idejo in izvirnostjo ogreje ženska srca. No, srčki pa so sploh od nekdaj Chopardov zaščitni znak. Za vsemi temi idejami stoji ženska. Simpatična, energična, lepa. Da, prav Caroline Scheufele je tista, ki se ji lahko zahvalimo za plešoče diamante, poimenovane happy diamonds, ujete pod safirno steklo, pa romantično linijo Casmir, za katero je navdih našla v ruski arhitekturi, nekaj posebnega je tudi kultna linija Ice Cube, ki deluje kot velik kos ledu. Da je bila vnaprej določena za delo v družinskem podjetju, so se njeni starši zavedli najpozneje takrat, ko je še kot otrok ustvarila enkratno mojstrovino, se Caroline spominja z nostalgijo. To je bila ura iz barvnega kartona, bogato okrašena z umetnimi diamanti iz aluminijaste folije. Izjemno ponosna je bila nanjo, zavezala si jo je okrog zapestja in se nikakor ni hotela ločiti od nje. Le pri črkovanju imena se ji je takrat še zalomilo. Namesto Choparda je tisto njeno prvo uro krasilo ime Chopin. In živemu bogu je ni uspelo prepričati, da se je zmotila, razloži med smehom. No, do njene prve prave kreacije je potem vendarle preteklo še kar veliko časa, a zanimivo, vsega, kar danes zna, je ni naučila kakšna draga šola, temveč je šla pri devetnajstih letih v uk v Chopardovo manufakturo v Pforzheimu. »Po očetovem navodilu so si me podajali po posameznih oddelkih. Delala sem vse, od prodaje, računovodstva in marketinga do brušenja dragih kamnov.« Caroline se označuje za nepoboljšljivo svetovljanko, njeno delovno mesto ni za risalno mizo. »Polovico delovnega časa sem na poti, kjer me navdihujejo vsemogoče reči,« razloži dama, ki sicer živi v Ženevi, govori pet jezikov in je na ti s svetovnim jet-setom, ki se navdušuje nad njenimi kreacijami. Med Carolinine dobre prijatelje spadata Jose Carreras in Elton John, oba s Chopardom druži neumorni dobrodelni angažma, zvezde, kot so Liz Hurley, Penelope Cruz in Sharon Stone, pa na slavnostnih rdečih preprogah še kako rade blestijo s Chopardovim nakitom. Ima sama najljubši kos nakita, me še zanima? »Ah, to pa je popolnoma odvisno od dneva. Saj veste, kako je to, če ima človek preveliko izbiro. Ko neki novi model nastaja, ko ga razvijamo, komaj čakam, da si ga tudi sama nadenem, se pravi, da ga pomerim že po službeni dolžnosti. In priznati moram, da mi pri tem vsakič še zmeraj kot malemu otroku razbija srce. Rada pa nosim tudi naše večne klasike, tako rada sežem po verižici z legendarnim pajacem, na katerega sem še posebno navezana, ali na naše srčke happy diamonds, ki so primerni tako rekoč za vsako priložnost.«</article-text>
		<article-text-transliterated>Le kakšna je na pogled ženska, ki dirigira eno najbolj prestižnih in uglednih draguljarskih imen sveta, ki so ji bili dragoceni diamanti položeni tako rekoč v zibelko in ki je na ti z veliko večino svetovnih zvezd? Chopard je znan po nakitu, ki ne ujame le pogleda in očara z dovršenim dizajnom, temveč tudi z enkratno idejo in izvirnostjo ogreje ženska srca. No, srčki pa so sploh od nekdaj Chopardov zaščitni znak. Za vsemi temi idejami stoji ženska. Simpatična, energična, lepa. Da, prav Caroline Scheufele je tista, ki se ji lahko zahvalimo za plešoče diamante, poimenovane happy diamonds, ujete pod safirno steklo, pa romantično linijo Casmir, za katero je navdih našla v ruski arhitekturi, nekaj posebnega je tudi kultna linija Ice Cube, ki deluje kot velik kos ledu. Da je bila vnaprej določena za delo v družinskem podjetju, so se njeni starši zavedli najpozneje takrat, ko je še kot otrok ustvarila enkratno mojstrovino, se Caroline spominja z nostalgijo. To je bila ura iz barvnega kartona, bogato okrašena z umetnimi diamanti iz aluminijaste folije. Izjemno ponosna je bila nanjo, zavezala si jo je okrog zapestja in se nikakor ni hotela ločiti od nje. Le pri črkovanju imena se ji je takrat še zalomilo. Namesto Choparda je tisto njeno prvo uro krasilo ime Chopin. In živemu bogu je ni uspelo prepričati, da se je zmotila, razloži med smehom. No, do njene prve prave kreacije je potem vendarle preteklo še kar veliko časa, a zanimivo, vsega, kar danes zna, je ni naučila kakšna draga šola, temveč je šla pri devetnajstih letih v uk v Chopardovo manufakturo v Pforzheimu. »Po očetovem navodilu so si me podajali po posameznih oddelkih. Delala sem vse, od prodaje, računovodstva in marketinga do brušenja dragih kamnov.« Caroline se označuje za nepoboljšljivo svetovljanko, njeno delovno mesto ni za risalno mizo. »Polovico delovnega časa sem na poti, kjer me navdihujejo vsemogoče reči,« razloži dama, ki sicer živi v Ženevi, govori pet jezikov in je na ti s svetovnim jet-setom, ki se navdušuje nad njenimi kreacijami. Med Carolinine dobre prijatelje spadata Jose Carreras in Elton John, oba s Chopardom druži neumorni dobrodelni angažma, zvezde, kot so Liz Hurley, Penelope Cruz in Sharon Stone, pa na slavnostnih rdečih preprogah še kako rade blestijo s Chopardovim nakitom. Ima sama najljubši kos nakita, me še zanima? »Ah, to pa je popolnoma odvisno od dneva. Saj veste, kako je to, če ima človek preveliko izbiro. Ko neki novi model nastaja, ko ga razvijamo, komaj čakam, da si ga tudi sama nadenem, se pravi, da ga pomerim že po službeni dolžnosti. In priznati moram, da mi pri tem vsakič še zmeraj kot malemu otroku razbija srce. Rada pa nosim tudi naše večne klasike, tako rada sežem po verižici z legendarnim pajacem, na katerega sem še posebno navezana, ali na naše srčke happy diamonds, ki so primerni tako rekoč za vsako priložnost.«</article-text-transliterated>
	</article>
	<comments>
		<comments-count>0</comments-count>
		<comments-list/>
	</comments>
</document>
