<?xml version="1.0" encoding="utf-8"?>
<document global-id="si-02-1098">
	<url>https://www.slovenskenovice.si/bulvar/domaci-trac/clanek/izlocena-nina-je-kamala-jelena-sov</url>
	<source-id>si-02</source-id>
	<local-id>1098</local-id>
	<source-name>Slovenske_novice</source-name>
	<article>
		<article-title>Izločena Nina: To je Kamala in Jelena šov</article-title>
		<article-title-transliterated>Izločena Nina: To je Kamala in Jelena šov</article-title-transliterated>
		<article-time>2016-05-14</article-time>
		<article-author>A. K.</article-author>
		<article-text>Kako se počutite?Zelo sem ponosna na zadnjo jed, ki sem jo pripravila. Iz šova odhajam z visoko dvignjeno glavo. Sem pa po eni strani žalostna, saj bi si želela še tekmovati.Gledalci so, milo rečeno, besni. Vaš krožnik na izločitvenem krožniku je bil po mnenju številnih zelo dober. Ste bili presenečeni, da so ravno vas poslali domov?Presenečena sem, ker sem videla, da so si ljudje želeli, da bi kdo drug pred mano zapustil šov. Je pa res, še tri ali štiri oddaje zaradi pritiskov ne bi mogla zdržati. Raje grem domov na lep način, kot da me imajo ljudje v slabem spominu.O kakšnih pritiskih govorite?Vedno težjih nalogah in izzivih pa tudi vedno večjem rivalstvu med tekmovalci.Če bi lahko, kaj bi spremenili na zadnjem izzivu?Čisto nič ne bi spremenila.Ostali tekmovalci Kamale in Jelene na balkonu niso bili ravno veseli. Zakaj menite, da je bilo tako?V zadnjih nekaj oddajah tekmovalci pravijo, da imata Jelena in Kamala šov, kar je po svoje res. Več govorita kot dejansko naredita. Ostali smo se med seboj bolj povezali.Pa ne mislite, da bi se morala Jelena kot slaščičarka bolj potruditi pri zavitku?Mislim, da je to njeno področje in da bi se lahko bolj potrudila. Po drugi strani pa sem bila priča vsem tem situacijam, ko je treba nekaj na hitro pripraviti. Velikokrat pride do kakšne blokade in tisti, ki to gledajo, ne vedo, da je to težje, kot si lahko predstavljaš.Kaj porečete na očitke, da se Jelena »šlepa« ob pomoči sodnikov?Mogoče. Nekaj je vseeno pokazala. Ni ravno tako, da je naredila kakšno surovo jed ali pogorela na kakšnem izzivu. Res je, da pokaže veliko manj kot ostali, ki so ostali.Gledalci so jezni, ker je morala šov zapustiti Nina. Foto: Pro PlusŽe nekaj časa se gledalci zgražajo nad njenim vedenjem. Kaj porečete na to?Jaz z njo nisem imela konfliktov. Drži pa, da Jelena jasno pokaže svoje občutke in televizija ni filter za njeno vedenje. Zase vem, da se nikoli ne bi izpostavljala tako kot ona na primer s kletvicami in poniževanjem drugih ljudi, kot je to počela z Anko. Morala bi bolj paziti na besede.V prvi oddaji ste bili edini, ki ste dvignili roko ob vprašanju, kdo bo zmagal.Res je. Vedno rada začnem nekaj delati zelo optimistično. Med tekmovanjem sem spoznala, da ostali dobro kuhajo in takrat sem se postavila na realna tla.Kako boste izkoristili prepoznavnost?Upam, da bomo z nekaterimi tekmovalci kaj organizirali in se povezali, dokler je še vse sveže. Vsekakor bo kuhanje ostalo v ospredju.Kdo po vašem mnenju najbolj zasluži zmago?Matej, ker je kombinacija vsega in je za svoja leta zelo odločen in je dober vodja. Dober je v delu z ljudmi in mislim, da je pokazal zelo veliko. Ve, kaj si želi v življenju.Kateri nasvet sodnikov boste upoštevali v bodoče?Zagotovo tistega, da je manj več. Tudi tiste tipične stvari, da je pomembno, kaj je na krožniku. Zagotovo bom upoštevala nasvet, ki mi ga je dal Luka, in sicer naj še naprej uživam v kuhanju.</article-text>
		<article-text-transliterated>Kako se počutite?Zelo sem ponosna na zadnjo jed, ki sem jo pripravila. Iz šova odhajam z visoko dvignjeno glavo. Sem pa po eni strani žalostna, saj bi si želela še tekmovati.Gledalci so, milo rečeno, besni. Vaš krožnik na izločitvenem krožniku je bil po mnenju številnih zelo dober. Ste bili presenečeni, da so ravno vas poslali domov?Presenečena sem, ker sem videla, da so si ljudje želeli, da bi kdo drug pred mano zapustil šov. Je pa res, še tri ali štiri oddaje zaradi pritiskov ne bi mogla zdržati. Raje grem domov na lep način, kot da me imajo ljudje v slabem spominu.O kakšnih pritiskih govorite?Vedno težjih nalogah in izzivih pa tudi vedno večjem rivalstvu med tekmovalci.Če bi lahko, kaj bi spremenili na zadnjem izzivu?Čisto nič ne bi spremenila.Ostali tekmovalci Kamale in Jelene na balkonu niso bili ravno veseli. Zakaj menite, da je bilo tako?V zadnjih nekaj oddajah tekmovalci pravijo, da imata Jelena in Kamala šov, kar je po svoje res. Več govorita kot dejansko naredita. Ostali smo se med seboj bolj povezali.Pa ne mislite, da bi se morala Jelena kot slaščičarka bolj potruditi pri zavitku?Mislim, da je to njeno področje in da bi se lahko bolj potrudila. Po drugi strani pa sem bila priča vsem tem situacijam, ko je treba nekaj na hitro pripraviti. Velikokrat pride do kakšne blokade in tisti, ki to gledajo, ne vedo, da je to težje, kot si lahko predstavljaš.Kaj porečete na očitke, da se Jelena »šlepa« ob pomoči sodnikov?Mogoče. Nekaj je vseeno pokazala. Ni ravno tako, da je naredila kakšno surovo jed ali pogorela na kakšnem izzivu. Res je, da pokaže veliko manj kot ostali, ki so ostali.Gledalci so jezni, ker je morala šov zapustiti Nina. Foto: Pro PlusŽe nekaj časa se gledalci zgražajo nad njenim vedenjem. Kaj porečete na to?Jaz z njo nisem imela konfliktov. Drži pa, da Jelena jasno pokaže svoje občutke in televizija ni filter za njeno vedenje. Zase vem, da se nikoli ne bi izpostavljala tako kot ona na primer s kletvicami in poniževanjem drugih ljudi, kot je to počela z Anko. Morala bi bolj paziti na besede.V prvi oddaji ste bili edini, ki ste dvignili roko ob vprašanju, kdo bo zmagal.Res je. Vedno rada začnem nekaj delati zelo optimistično. Med tekmovanjem sem spoznala, da ostali dobro kuhajo in takrat sem se postavila na realna tla.Kako boste izkoristili prepoznavnost?Upam, da bomo z nekaterimi tekmovalci kaj organizirali in se povezali, dokler je še vse sveže. Vsekakor bo kuhanje ostalo v ospredju.Kdo po vašem mnenju najbolj zasluži zmago?Matej, ker je kombinacija vsega in je za svoja leta zelo odločen in je dober vodja. Dober je v delu z ljudmi in mislim, da je pokazal zelo veliko. Ve, kaj si želi v življenju.Kateri nasvet sodnikov boste upoštevali v bodoče?Zagotovo tistega, da je manj več. Tudi tiste tipične stvari, da je pomembno, kaj je na krožniku. Zagotovo bom upoštevala nasvet, ki mi ga je dal Luka, in sicer naj še naprej uživam v kuhanju.</article-text-transliterated>
	</article>
	<comments>
		<comments-count>0</comments-count>
		<comments-list/>
	</comments>
</document>
