<?xml version="1.0" encoding="utf-8"?>
<document global-id="si-02-1103">
	<url>https://www.slovenskenovice.si/bulvar/domaci-traci/clanek/izpadla-barovka-lara-brez-dlake-na-jeziku-to-nam-je-povedala-97580</url>
	<source-id>si-02</source-id>
	<local-id>1103</local-id>
	<source-name>Slovenske_novice</source-name>
	<article>
		<article-title>Izpadla barovka Lara brez dlake na jeziku</article-title>
		<article-title-transliterated>Izpadla barovka Lara brez dlake na jeziku</article-title-transliterated>
		<article-time>2018-10-01</article-time>
		<article-author>P. K.</article-author>
		<article-text>Barovka Lara Novak je razkrila nekaj sočnih detajlov iz svojega življenja. Med drugim tudi, zakaj je tako agresivno nastopila proti sotekmovalki Katarini in zakaj je imela občutek, da je prav ženske v Baru niso dobro sprejele. »Niso me hotele sprejeti zaradi ženske zavisti,« je povedala samozavestna Lara. Po njenem mnenju je bilo njeno obnašanje v Baru izraz tega, ker ni vedela, kaj si doma misli njen oče. Burno je reagirala tudi, ko je Katarina omenila njenega očeta, in od takrat je šlo samo še navzdol. S svojim obnašanjem si je prislužila še zadnji opozorilni karton in s tem izključitev.     Odgovorila je tudi na očitke o težavah z alkoholom in tabletami. Povedala, da je v začetku leta končala zvezo s fantom in se zatekla v alkohol. »Ne potrebujem nobenega psihologa, doma imam starše, s katerimi se lahko vedno vse pogovorim,« je dejala na očitke, ali potrebuje strokovno pomoč. Za konec je še dodala, da je ji je žal samo to, da je bila tako naivna in da se je v šovu preveč hitro odprla.</article-text>
		<article-text-transliterated>Barovka Lara Novak je razkrila nekaj sočnih detajlov iz svojega življenja. Med drugim tudi, zakaj je tako agresivno nastopila proti sotekmovalki Katarini in zakaj je imela občutek, da je prav ženske v Baru niso dobro sprejele. »Niso me hotele sprejeti zaradi ženske zavisti,« je povedala samozavestna Lara. Po njenem mnenju je bilo njeno obnašanje v Baru izraz tega, ker ni vedela, kaj si doma misli njen oče. Burno je reagirala tudi, ko je Katarina omenila njenega očeta, in od takrat je šlo samo še navzdol. S svojim obnašanjem si je prislužila še zadnji opozorilni karton in s tem izključitev.     Odgovorila je tudi na očitke o težavah z alkoholom in tabletami. Povedala, da je v začetku leta končala zvezo s fantom in se zatekla v alkohol. »Ne potrebujem nobenega psihologa, doma imam starše, s katerimi se lahko vedno vse pogovorim,« je dejala na očitke, ali potrebuje strokovno pomoč. Za konec je še dodala, da je ji je žal samo to, da je bila tako naivna in da se je v šovu preveč hitro odprla.</article-text-transliterated>
	</article>
	<comments>
		<comments-count>2</comments-count>
		<comments-list>
			<comment comment-id="1">
				<comment-parent-id>,</comment-parent-id>
				<comment-text>Nihče normalen se ne prijavi v to sranje.</comment-text>
				<comment-text-transliterated>Nihče normalen se ne prijavi v to sranje.</comment-text-transliterated>
			</comment>
			<comment comment-id="2">
				<comment-parent-id>,</comment-parent-id>
				<comment-text>Čefurka</comment-text>
				<comment-text-transliterated>Čefurka</comment-text-transliterated>
			</comment>
		</comments-list>
	</comments>
</document>
