<document global-id="sr-03-1276">
    <url>
        https://www.kurir.rs/vesti/politika/2374869/izetbegovic-napravio-diplomatski-sandal-u-novom-pazaru-poziva-na-otcepljenje-sandzaka
    </url>
    <source-id>sr-03</source-id>
    <local-id>1276</local-id>
    <source-name>Kurir</source-name>
    <article>
        <article-title>IZETBEGOVIĆ NAPRAVIO DIPLOMATSKI SKANDAL U NOVOM PAZARU: Poziva na otcepljenje Sandžaka!
        </article-title>
        <article-title-transliterated>IZETBEGOVIĆ NAPRAVIO DIPLOMATSKI SKANDAL U NOVOM PAZARU: Poziva na otcepljenje
            Sandžaka!
        </article-title-transliterated>
        <article-time>2016-07-29</article-time>
        <article-author>Agencija TANJUG</article-author>
        <article-text>NOVI PAZAR - Lider Stranke demokratske akcije (SDA) BiH Bakir Izetbegović, tokom posete Novom
            Pazaru, nije propustio da napravi pravi diplomatski skandal jer je svojim izjavama izjadnačio Republiku
            Srpsku i Sandžak!. Podsetimo, Republika Srpska je zaseban entitet u BiH, što nikako ne može da bude paralela
            sa Sandžakom.
            Izetbegović, koji je i predsedavajući Predsedništva BiH, nakon sednice Koordinacije SDA, kojoj su
            prisustvovali predstavnici te stranke iz BiH, Sandžaka, Hrvatske, Kosova i Makedonijie, rekao da se stranka
            na čijem je čelu prevashodno brine za poziciju i ravnopravnost bošnjačkog naroda u državama nastalim
            raspadom Jugoslavije.
            - Predsednik Srbije Tomislav Nikolić i premijer Aleksandar Vučić često obilaze Banjaluku i druga mesta u BiH
            i da Bošnjaci to ne smatraju zaobilaženjem Sarajeva - smatra Izetbegović, ali negira da je ovom posetom
            zaobišao Beograd, dodajući da je prvi put posle 26 godina došao u ovaj grad, i da je trebalo to ranije da
            učini. On je objasnio da nije dolazio jer su ga u tome sprečavali sukobi među Bošnjacima, a da je sada pravi
            trenutak.
            Smatramo da još uvek ima potrebe za koordinacijom i zajedničkim radom kada je u pitanju pozicija Bošnjaka ,
            rekao je on novinarima. Izetbegović smatra da su Bošnjaci za četvrt veka prešli put vredan jednog veka.
            "Odbranili su pravo na postojanje na ovim prostorima, ravnopravnost, vratili nacionalno ime, jezike,
            odbranili pravo na samosvojnost, posebnost, vratili državnost u BiH nakon 450 godina, napravili vojsku ,
            rekao je Izetbegović povodom 26. godišnjice od osnivanja SDA.
            Prema njegovim rečima, ima još mnogo toga što treba učiniti ističući da su pitanja, zbog kojih je osnovana
            SDA, još uvek aktuelna, a pre svega borba za ravnopravnost bošnjačkog naroda. Izetbegović je podvukao da
            nastaju novi izazovi koji donose nove probleme SDA kroz čitav region, te će se ova stranka kroz saradnju
            snažno zalagati za mir, pomirenje i, kako je rekao, kažnjavanje zločinaca koji su počinili zločine prema
            ovom narodu.
            Rekao je da su predstavnici Koordinacije SDA potpisana izjava kojom se ta stranka ogradila od ekstremizma i
            nasilja koji neki čine u ime islama.
        </article-text>
        <article-text-transliterated>NOVI PAZAR - Lider Stranke demokratske akcije (SDA) BiH Bakir Izetbegović, tokom
            posete Novom Pazaru, nije propustio da napravi pravi diplomatski skandal jer je svojim izjavama izjadnačio
            Republiku Srpsku i Sandžak!. Podsetimo, Republika Srpska je zaseban entitet u BiH, što nikako ne može da
            bude paralela sa Sandžakom.
            Izetbegović, koji je i predsedavajući Predsedništva BiH, nakon sednice Koordinacije SDA, kojoj su
            prisustvovali predstavnici te stranke iz BiH, Sandžaka, Hrvatske, Kosova i Makedonijie, rekao da se stranka
            na čijem je čelu prevashodno brine za poziciju i ravnopravnost bošnjačkog naroda u državama nastalim
            raspadom Jugoslavije.
            - Predsednik Srbije Tomislav Nikolić i premijer Aleksandar Vučić često obilaze Banjaluku i druga mesta u BiH
            i da Bošnjaci to ne smatraju zaobilaženjem Sarajeva - smatra Izetbegović, ali negira da je ovom posetom
            zaobišao Beograd, dodajući da je prvi put posle 26 godina došao u ovaj grad, i da je trebalo to ranije da
            učini. On je objasnio da nije dolazio jer su ga u tome sprečavali sukobi među Bošnjacima, a da je sada pravi
            trenutak.
            Smatramo da još uvek ima potrebe za koordinacijom i zajedničkim radom kada je u pitanju pozicija Bošnjaka ,
            rekao je on novinarima. Izetbegović smatra da su Bošnjaci za četvrt veka prešli put vredan jednog veka.
            "Odbranili su pravo na postojanje na ovim prostorima, ravnopravnost, vratili nacionalno ime, jezike,
            odbranili pravo na samosvojnost, posebnost, vratili državnost u BiH nakon 450 godina, napravili vojsku ,
            rekao je Izetbegović povodom 26. godišnjice od osnivanja SDA.
            Prema njegovim rečima, ima još mnogo toga što treba učiniti ističući da su pitanja, zbog kojih je osnovana
            SDA, još uvek aktuelna, a pre svega borba za ravnopravnost bošnjačkog naroda. Izetbegović je podvukao da
            nastaju novi izazovi koji donose nove probleme SDA kroz čitav region, te će se ova stranka kroz saradnju
            snažno zalagati za mir, pomirenje i, kako je rekao, kažnjavanje zločinaca koji su počinili zločine prema
            ovom narodu.
            Rekao je da su predstavnici Koordinacije SDA potpisana izjava kojom se ta stranka ogradila od ekstremizma i
            nasilja koji neki čine u ime islama.
        </article-text-transliterated>
    </article>
    <comments>
        <comments-count>40</comments-count>
        <comment-list>
            <comment comment-id="1">
                <comment-parent-id/>
                <comment-text>Namerno to radi...</comment-text>
                <comment-text-transliterated>Namerno to radi...</comment-text-transliterated>
            </comment>
            <comment comment-id="1-1">
                <comment-parent-id>1</comment-parent-id>
                <comment-text>Slučajno ;)</comment-text>
                <comment-text-transliterated>Slučajno ;)</comment-text-transliterated>
            </comment>
            <comment comment-id="2">
                <comment-parent-id/>
                <comment-text>Neka ih sve povede u Sarajevo i tacka</comment-text>
                <comment-text-transliterated>Neka ih sve povede u Sarajevo i tacka</comment-text-transliterated>
            </comment>
            <comment comment-id="2-1">
                <comment-parent-id>2</comment-parent-id>
                <comment-text>U Banja Luku, for sure.</comment-text>
                <comment-text-transliterated>U Banja Luku, for sure.</comment-text-transliterated>
            </comment>
            <comment comment-id="3">
                <comment-parent-id/>
                <comment-text>Nas narod kaze pusti kuce neka laje</comment-text>
                <comment-text-transliterated>Nas narod kaze pusti kuce neka laje</comment-text-transliterated>
            </comment>
            <comment comment-id="4">
                <comment-parent-id/>
                <comment-text>Mora da je došao po Senadu Nurkić - Macu diskreciju.</comment-text>
                <comment-text-transliterated>Mora da je došao po Senadu Nurkić - Macu diskreciju.
                </comment-text-transliterated>
            </comment>
            <comment comment-id="5">
                <comment-parent-id/>
                <comment-text>Najbolje bi bilo Sandzak Bosni a rep.srpska Srbiji i resen problem...</comment-text>
                <comment-text-transliterated>Najbolje bi bilo Sandzak Bosni a rep.srpska Srbiji i resen problem...
                </comment-text-transliterated>
            </comment>
            <comment comment-id="6">
                <comment-parent-id/>
                <comment-text>TAKO TREBA</comment-text>
                <comment-text-transliterated>TAKO TREBA</comment-text-transliterated>
            </comment>
            <comment comment-id="6-1">
                <comment-parent-id>6</comment-parent-id>
                <comment-text>Što će uopšte Srbiji diplomatski odnosi sa Federacijom BiH.</comment-text>
                <comment-text-transliterated>Što će uopšte Srbiji diplomatski odnosi sa Federacijom BiH.
                </comment-text-transliterated>
            </comment>
            <comment comment-id="6-2">
                <comment-parent-id>6</comment-parent-id>
                <comment-text>Namerno ili slucajno , niste ni svesni da vam je unutra a lepo vam !Sprdajte se , ali
                    Turci ovo spremaju stotinama godina - unazad !!!
                </comment-text>
                <comment-text-transliterated>Namerno ili slucajno , niste ni svesni da vam je unutra a lepo vam
                    !Sprdajte se , ali Turci ovo spremaju stotinama godina - unazad !!!
                </comment-text-transliterated>
            </comment>
            <comment comment-id="7">
                <comment-parent-id/>
                <comment-text>To je uradio samo da bi Srpski politicari vidjeli kako je to kad oni dodju u b.luku i
                    pozivaju na odcjepljenje.
                </comment-text>
                <comment-text-transliterated>To je uradio samo da bi Srpski politicari vidjeli kako je to kad oni dodju
                    u b.luku i pozivaju na odcjepljenje.
                </comment-text-transliterated>
            </comment>
            <comment comment-id="7-1">
                <comment-parent-id>7</comment-parent-id>
                <comment-text>Tvoje ime me podsjeti na (Bijelo Dugme) vremena davna, kad su iz Sarajeva stizale pjesme.
                    Srbi ( Sarajlije) su iz svoga Sarajeva odbceni, otcjepljeni, na zvjerski nacin. Zajednice vise nema,
                    na zalost!!! To svi znamo! Sad, nema vise nazad! Loza Izetbegovica, ne cini dobro svome narodu, a
                    vidis i sama, svjedok si! Kako da mu vjerujem, kad mu ni Muslimani ne vjeruju. Mogli ste biti sa
                    nama, da niste imali lozu Izetbegovica. Bilo bi Vama i nama bolje. Ovako, daleko smo. . . Zelim vama
                    Muslimanima napredak,boljitak, ne samo u materijalnom, nego necem vecem,u necem sto ste izgleda
                    zapustili, u srcima vasim...Budite Ljudi!!!! Iskreno, vas Srbin ( bivsi Sarajlija ) . . . Boljih od
                    nas u Evropi, za Vas, nema!!!! A od Vas, nazalost dobili smo bolje! Kako kaze pjesma ' Selma,ne
                    naginji se kroz prozor ' . . . S'Bogom
                </comment-text>
                <comment-text-transliterated>Tvoje ime me podsjeti na (Bijelo Dugme) vremena davna, kad su iz Sarajeva
                    stizale pjesme. Srbi ( Sarajlije) su iz svoga Sarajeva odbceni, otcjepljeni, na zvjerski nacin.
                    Zajednice vise nema, na zalost!!! To svi znamo! Sad, nema vise nazad! Loza Izetbegovica, ne cini
                    dobro svome narodu, a vidis i sama, svjedok si! Kako da mu vjerujem, kad mu ni Muslimani ne vjeruju.
                    Mogli ste biti sa nama, da niste imali lozu Izetbegovica. Bilo bi Vama i nama bolje. Ovako, daleko
                    smo. . . Zelim vama Muslimanima napredak,boljitak, ne samo u materijalnom, nego necem vecem,u necem
                    sto ste izgleda zapustili, u srcima vasim...Budite Ljudi!!!! Iskreno, vas Srbin ( bivsi Sarajlija )
                    . . . Boljih od nas u Evropi, za Vas, nema!!!! A od Vas, nazalost dobili smo bolje! Kako kaze pjesma
                    ' Selma,ne naginji se kroz prozor ' . . . S'Bogom
                </comment-text-transliterated>
            </comment>
            <comment comment-id="8">
                <comment-parent-id/>
                <comment-text>Ovo uopste nije naivno. Bakir sa svojom ratno husackom politikom, jer drugu i ne poznaje,
                    zeli ponovno da izazove sukobe na nasim prostorima. Ratni profiter iz zadnjeg rata 90 tih zeli opet
                    da se obogati na isti nacin.Samo nas sloga moze spasiti. Upamtite to svi.
                </comment-text>
                <comment-text-transliterated>Ovo uopste nije naivno. Bakir sa svojom ratno husackom politikom, jer drugu
                    i ne poznaje, zeli ponovno da izazove sukobe na nasim prostorima. Ratni profiter iz zadnjeg rata 90
                    tih zeli opet da se obogati na isti nacin.Samo nas sloga moze spasiti. Upamtite to svi.
                </comment-text-transliterated>
            </comment>
            <comment comment-id="9">
                <comment-parent-id/>
                <comment-text>iver od klade ne pada daleko tako i ovaj od babe mu ,,mladog muslimana ,,da podsetim otac
                    mu je robijao za tu ideju ...
                </comment-text>
                <comment-text-transliterated>iver od klade ne pada daleko tako i ovaj od babe mu ,,mladog muslimana ,,da
                    podsetim otac mu je robijao za tu ideju ...
                </comment-text-transliterated>
            </comment>
            <comment comment-id="10">
                <comment-parent-id/>
                <comment-text>nigdje nije usporedio pazar il sanđžak sa rs već samo posjete političara iz srbije i
                    njegovu.on dodje jednom u 26 godina i to na konvenciju stranke .
                </comment-text>
                <comment-text-transliterated>nigdje nije usporedio pazar il sanđžak sa rs već samo posjete političara iz
                    srbije i njegovu.on dodje jednom u 26 godina i to na konvenciju stranke .
                </comment-text-transliterated>
            </comment>
            <comment comment-id="10-1">
                <comment-parent-id>10</comment-parent-id>
                <comment-text>Tačno ali, sugestije nas prave opet ovcama! :(</comment-text>
                <comment-text-transliterated>Tačno ali, sugestije nas prave opet ovcama! :(
                </comment-text-transliterated>
            </comment>
            <comment comment-id="11">
                <comment-parent-id/>
                <comment-text>Sad bi trebao Dodik da se javi i pozove na referendum da se konačno Republika Srpska
                    pripoji svojoj majci Srbiji.
                </comment-text>
                <comment-text-transliterated>Sad bi trebao Dodik da se javi i pozove na referendum da se konačno
                    Republika Srpska pripoji svojoj majci Srbiji.
                </comment-text-transliterated>
            </comment>
            <comment comment-id="11-1">
                <comment-parent-id>11</comment-parent-id>
                <comment-text>sve to što želiš BIH vrati će se ko bumerang srbiji.kosovo i albanija jug srbije
                    sanđžak.sva prava što traže srbi tražiće i albanci i bošnjaci.na kraju nije se mogla 92 odvojit neće
                    moći ni sad.
                </comment-text>
                <comment-text-transliterated>sve to što želiš BIH vrati će se ko bumerang srbiji.kosovo i albanija jug
                    srbije sanđžak.sva prava što traže srbi tražiće i albanci i bošnjaci.na kraju nije se mogla 92
                    odvojit neće moći ni sad.
                </comment-text-transliterated>
            </comment>
            <comment comment-id="12">
                <comment-parent-id/>
                <comment-text>Zabranite mu ulazak u Srbiju</comment-text>
                <comment-text-transliterated>Zabranite mu ulazak u Srbiju</comment-text-transliterated>
            </comment>
            <comment comment-id="13">
                <comment-parent-id/>
                <comment-text>Došao čovek da poseti ljude koji sebe nazivaju Bošnjaci, a možda nikad u životu nisu bili
                    u Bosni. "Vratili nacionalno ime"? Pa izraz Bošnjak je izmišljen posle rata u Bosni devedesetih
                    godina prošlog veka, pre toga se nikad u istoriji nije spominjao. "Vratili državnost posle 450
                    godina"? Prostom računicom dolazimo do 1566. godine, kakvu državnost je Bosna imala tada? Tursku?
                    Čovek samo nastavlja životno delo svog "babe" koje je opisano u islamskoj deklaraciji.
                </comment-text>
                <comment-text-transliterated>Došao čovek da poseti ljude koji sebe nazivaju Bošnjaci, a možda nikad u
                    životu nisu bili u Bosni. "Vratili nacionalno ime"? Pa izraz Bošnjak je izmišljen posle rata u Bosni
                    devedesetih godina prošlog veka, pre toga se nikad u istoriji nije spominjao. "Vratili državnost
                    posle 450 godina"? Prostom računicom dolazimo do 1566. godine, kakvu državnost je Bosna imala tada?
                    Tursku? Čovek samo nastavlja životno delo svog "babe" koje je opisano u islamskoj deklaraciji.
                </comment-text-transliterated>
            </comment>
            <comment comment-id="13-1">
                <comment-parent-id>13</comment-parent-id>
                <comment-text>ako je izmišljen kako postoje prezimena Bošnjak BošnjakovićBosnić i ljudi iz sv tari
                    naroda nose to prezime.ti nauči svoju istorijua mi će mo svoju.
                </comment-text>
                <comment-text-transliterated>ako je izmišljen kako postoje prezimena Bošnjak BošnjakovićBosnić i ljudi
                    iz sv tari naroda nose to prezime.ti nauči svoju istorijua mi će mo svoju.
                </comment-text-transliterated>
            </comment>
            <comment comment-id="14">
                <comment-parent-id/>
                <comment-text>A gde će da idu kad se otcepe pa sve arapske zemlje su propale ,hvala bogu i amerma a i
                    turska njihova otadžbina je u haosu
                </comment-text>
                <comment-text-transliterated>A gde će da idu kad se otcepe pa sve arapske zemlje su propale ,hvala bogu
                    i amerma a i turska njihova otadžbina je u haosu
                </comment-text-transliterated>
            </comment>
            <comment comment-id="15">
                <comment-parent-id/>
                <comment-text>I, kada se Raska oblast-Sandzak otcepi, tada ce svi koji tamo zive, ziveti u blagostanju,
                    a ovaj njofra posebnom... Nadam se da narod nije vise glup.
                </comment-text>
                <comment-text-transliterated>I, kada se Raska oblast-Sandzak otcepi, tada ce svi koji tamo zive, ziveti
                    u blagostanju, a ovaj njofra posebnom... Nadam se da narod nije vise glup.
                </comment-text-transliterated>
            </comment>
            <comment comment-id="16">
                <comment-parent-id/>
                <comment-text>Pošaljite ih sve da urade DNK analizu. Tada ce valjda shvatiti da su se odrodili zbog
                    podaništva. Bošnjaci, ma to su sve Srbi ili Hrvati muslimanske veroispovesti.
                </comment-text>
                <comment-text-transliterated>Pošaljite ih sve da urade DNK analizu. Tada ce valjda shvatiti da su se
                    odrodili zbog podaništva. Bošnjaci, ma to su sve Srbi ili Hrvati muslimanske veroispovesti.
                </comment-text-transliterated>
            </comment>
            <comment comment-id="16-1">
                <comment-parent-id>16</comment-parent-id>
                <comment-text>Apsolutno tacno i to oni jako dobro znaju.</comment-text>
                <comment-text-transliterated>Apsolutno tacno i to oni jako dobro znaju.</comment-text-transliterated>
            </comment>
            <comment comment-id="16-2">
                <comment-parent-id>16</comment-parent-id>
                <comment-text>svi smo sloveni pa bogumili a onda dnk ko ima turske austrougarske švapske jer puno je
                    vojske prošlo kroz srbiju zadnji 6 vjekova.pročitaj istoriju srpske prav,crkve vikpedija .
                </comment-text>
                <comment-text-transliterated>svi smo sloveni pa bogumili a onda dnk ko ima turske austrougarske švapske
                    jer puno je vojske prošlo kroz srbiju zadnji 6 vjekova.pročitaj istoriju srpske prav,crkve vikpedija
                    .
                </comment-text-transliterated>
            </comment>
            <comment comment-id="16-3">
                <comment-parent-id>16</comment-parent-id>
                <comment-text>A moj Miki dobro si se sjetio DNK pa bio si 400 godina pod turcima cije li ti gene nosis
                    hahahah
                </comment-text>
                <comment-text-transliterated>A moj Miki dobro si se sjetio DNK pa bio si 400 godina pod turcima cije li
                    ti gene nosis hahahah
                </comment-text-transliterated>
            </comment>
            <comment comment-id="17">
                <comment-parent-id/>
                <comment-text>Nije sandzak neko Raska</comment-text>
                <comment-text-transliterated>Nije sandzak neko Raska</comment-text-transliterated>
            </comment>
            <comment comment-id="17-1">
                <comment-parent-id>17</comment-parent-id>
                <comment-text>Тачно тако! Али, све је то југославија створила, да је Србија била Србија не би смо
                    долазили до таквих проблема.
                </comment-text>
                <comment-text-transliterated>Tačno tako! Ali, sve je to jugoslavija stvorila, da je Srbija bila Srbija
                    ne bi smo dolazili do takvih problema.
                </comment-text-transliterated>
            </comment>
            <comment comment-id="18">
                <comment-parent-id/>
                <comment-text>To se rešava tako što mu se dodeli "status" persona non-grata", kao što su oni zabranii
                    Šešelju ulaz u Bosnu, a ne s "bla-ba-bla... zamisli šta je uradio... bla-bla-bla..."
                </comment-text>
                <comment-text-transliterated>To se rešava tako što mu se dodeli "status" persona non-grata", kao što su
                    oni zabranii Šešelju ulaz u Bosnu, a ne s "bla-ba-bla... zamisli šta je uradio... bla-bla-bla..."
                </comment-text-transliterated>
            </comment>
            <comment comment-id="19">
                <comment-parent-id/>
                <comment-text>Ovo je ocigledna pretnja od strane amerikanaca,ako ne budete ponizni i poslusni ode
                    pazar,vojvodina....
                </comment-text>
                <comment-text-transliterated>Ovo je ocigledna pretnja od strane amerikanaca,ako ne budete ponizni i
                    poslusni ode pazar,vojvodina....
                </comment-text-transliterated>
            </comment>
            <comment comment-id="20">
                <comment-parent-id/>
                <comment-text>Veoma opasno...</comment-text>
                <comment-text-transliterated>Veoma opasno...</comment-text-transliterated>
            </comment>
            <comment comment-id="21">
                <comment-parent-id/>
                <comment-text>A kakva je ovo raskantana drzava Srbija kada dozvoljava da ovaj, a ranije i Erdogan dolaze
                    na srpsku teritoriju i pricaju ovakve price !? Pa to ODMAH protera napolej iz zemlje, NE SME NIKO da
                    dolazi u tvoju drzavu i da brljavi ove brlje. TO JE PRAVA drazva, koj stiti sebe. Kakvi su ovi
                    muljavi srpki politicari koji vode ovu jadnu drzavu i dozvoljavaju da se svako izmotava sa
                    Srbijom,pa jos na NJENOJ teritoriji. Hocu bre politicare koji ce STITITI moju domovinu !!!!
                </comment-text>
                <comment-text-transliterated>A kakva je ovo raskantana drzava Srbija kada dozvoljava da ovaj, a ranije i
                    Erdogan dolaze na srpsku teritoriju i pricaju ovakve price !? Pa to ODMAH protera napolej iz zemlje,
                    NE SME NIKO da dolazi u tvoju drzavu i da brljavi ove brlje. TO JE PRAVA drazva, koj stiti sebe.
                    Kakvi su ovi muljavi srpki politicari koji vode ovu jadnu drzavu i dozvoljavaju da se svako izmotava
                    sa Srbijom,pa jos na NJENOJ teritoriji. Hocu bre politicare koji ce STITITI moju domovinu !!!!
                </comment-text-transliterated>
            </comment>
            <comment comment-id="22">
                <comment-parent-id/>
                <comment-text>Doći u drugu zemlju i huškati na otcepljenje ? Drskost , bez presedana ! Pored poklona u
                    evrima , Vučić ove godine nije pozvan u Srebrenicu , a šta radi Izetbegović u Srbiji ?Dodeliti
                    "poseban status" gospodinu !
                </comment-text>
                <comment-text-transliterated>Doći u drugu zemlju i huškati na otcepljenje ? Drskost , bez presedana !
                    Pored poklona u evrima , Vučić ove godine nije pozvan u Srebrenicu , a šta radi Izetbegović u Srbiji
                    ?Dodeliti "poseban status" gospodinu !
                </comment-text-transliterated>
            </comment>
            <comment comment-id="23">
                <comment-parent-id/>
                <comment-text>Najkrivlji za rat u Bosni je njegov babo i Amerikanci koji su ga podržavali. Živjeo sam
                    tamo i znam da rata ne bi bilo da smo se pitali mi obični građani BiH .
                </comment-text>
                <comment-text-transliterated>Najkrivlji za rat u Bosni je njegov babo i Amerikanci koji su ga
                    podržavali. Živjeo sam tamo i znam da rata ne bi bilo da smo se pitali mi obični građani BiH .
                </comment-text-transliterated>
            </comment>
            <comment comment-id="24">
                <comment-parent-id/>
                <comment-text>u srbiji su svi ravnopravni uvek bili pustite ga nek prica mozda ce mu biti lakse
                </comment-text>
                <comment-text-transliterated>u srbiji su svi ravnopravni uvek bili pustite ga nek prica mozda ce mu biti
                    lakse
                </comment-text-transliterated>
            </comment>
            <comment comment-id="25">
                <comment-parent-id/>
                <comment-text>Tako i neki Srbi pozivaju na otcjepljenje Istre ali dzaba...</comment-text>
                <comment-text-transliterated>Tako i neki Srbi pozivaju na otcjepljenje Istre ali dzaba...
                </comment-text-transliterated>
            </comment>
            <comment comment-id="25-1">
                <comment-parent-id>25</comment-parent-id>
                <comment-text>Па није "џаба" него ти је то реалност, кад тад, живи били па видели! А заборавио си
                    Далмацију, неће са вама хрватима!
                </comment-text>
                <comment-text-transliterated>Pa nije "džaba" nego ti je to realnost, kad tad, živi bili pa videli! A
                    zaboravio si Dalmaciju, neće sa vama hrvatima!
                </comment-text-transliterated>
            </comment>
            <comment comment-id="26">
                <comment-parent-id/>
                <comment-text>Kako se zvala ta muslimanska drzava pre 450 godina?Izgleda da nisam bio na tom casu
                    istorije.
                </comment-text>
                <comment-text-transliterated>Kako se zvala ta muslimanska drzava pre 450 godina?Izgleda da nisam bio na
                    tom casu istorije.
                </comment-text-transliterated>
            </comment>
            <comment comment-id="27">
                <comment-parent-id/>
                <comment-text>Privesti,na informativni razgovor.</comment-text>
                <comment-text-transliterated>Privesti,na informativni razgovor.</comment-text-transliterated>
            </comment>
        </comment-list>
    </comments>
</document>