<document global-id="sr-03-1097">
    <url>
        https://www.kurir.rs/crna-hronika/3262611/haos-u-selu-kod-sapca-muskarac-upao-u-skolu-i-pretio-prvacima-flasom-udario-posluzitelja
    </url>
    <source-id>sr-03</source-id>
    <local-id>1097</local-id>
    <source-name>Kurir</source-name>
    <article>
        <article-title>HAOS U SELU KOD ŠAPCA: Muškarac upao u školu i pretio prvacima! Flašom udario poslužitelja
        </article-title>
        <article-title-transliterated>HAOS U SELU KOD ŠAPCA: Muškarac upao u školu i pretio prvacima! Flašom udario
            poslužitelja
        </article-title-transliterated>
        <article-time>2019-06-04</article-time>
        <article-author>Kurir</article-author>
        <article-text>Lečeni psihijatrijski bolesnik Dragan S. iz mesta Žabar kod Šapca, ušao je jutros u dvorište OŠ
            "Janko Veselinović" u Cerovcu i kroz prozor učionice pretio učenicima prvog razreda dok su bili na času
            engleskog jezika.
            On je zatim fizički nasrnuo i na poslužitelja koji je pokušao da ga udalji iz školskog dvorišta udarivši ga
            flašom.
            Potom je seo u automobil i pratio školski autobus koji vozi decu koja pohađaju nastavu od prvog do četvrtog
            razreda. Navodno je pretio deci i svojim automobilom pokušao da pregazi učitelja koji je pozvao policiju.
            Policijska patrola odmah je reagovala i uhapsila Dragana S. u centru sela Cerovac. Odvezen je na odeljenje
            psihijatrije u Opštu bolnicu Šabac.
        </article-text>
        <article-text-transliterated>Lečeni psihijatrijski bolesnik Dragan S. iz mesta Žabar kod Šapca, ušao je jutros u
            dvorište OŠ "Janko Veselinović" u Cerovcu i kroz prozor učionice pretio učenicima prvog razreda dok su bili
            na času engleskog jezika.
            On je zatim fizički nasrnuo i na poslužitelja koji je pokušao da ga udalji iz školskog dvorišta udarivši ga
            flašom.
            Potom je seo u automobil i pratio školski autobus koji vozi decu koja pohađaju nastavu od prvog do četvrtog
            razreda. Navodno je pretio deci i svojim automobilom pokušao da pregazi učitelja koji je pozvao policiju.
            Policijska patrola odmah je reagovala i uhapsila Dragana S. u centru sela Cerovac. Odvezen je na odeljenje
            psihijatrije u Opštu bolnicu Šabac.
        </article-text-transliterated>
    </article>
    <comments>
        <comments-count>4</comments-count>
        <comment-list>
            <comment comment-id="1">
                <comment-parent-id/>
                <comment-text>Odakle mu vozačka dozvola ???</comment-text>
                <comment-text-transliterated>Odakle mu vozačka dozvola ???</comment-text-transliterated>
            </comment>
            <comment comment-id="2">
                <comment-parent-id/>
                <comment-text>Jadna ta deca:(</comment-text>
                <comment-text-transliterated>Jadna ta deca:(</comment-text-transliterated>
            </comment>
            <comment comment-id="3">
                <comment-parent-id/>
                <comment-text>A gde je školski policajac????</comment-text>
                <comment-text-transliterated>A gde je školski policajac????</comment-text-transliterated>
            </comment>
            <comment comment-id="4">
                <comment-parent-id/>
                <comment-text>ko zna cime su ga izazvali</comment-text>
                <comment-text-transliterated>ko zna cime su ga izazvali</comment-text-transliterated>
            </comment>
        </comment-list>
    </comments>
</document>