<document global-id="sr-03-1011">
    <url>https://www.kurir.rs/zabava/pop-kultura/2116521/fanovi-sirom-sveta-zbunjeni-rijana-na-kom-to-jeziku-pevas</url>
    <source-id>sr-03</source-id>
    <local-id>1011</local-id>
    <source-name>Kurir</source-name>
    <article>
        <article-title>FANOVI ŠIROM SVETA ZBUNJENI: Rijana, na kom to jeziku pevaš?!</article-title>
        <article-title-transliterated>FANOVI ŠIROM SVETA ZBUNJENI: Rijana, na kom to jeziku pevaš?!
        </article-title-transliterated>
        <article-time>2016-01-30</article-time>
        <article-author>Kurir</article-author>
        <article-text>Pevačica Rijana je glavna tema ove nedelje, kako zbog njenog novog albuma, tako i zbog prozivki
            koje su joj uputili mnogobrojni fanovi širom sveta. Njen novi album "ANTI" najzad je ugledao svetlost dana,
            a najavio ga je u sredu objavljeni prvi singl "Work" koji izvodi sa reperom Drejkom. I dok fanovi već uče
            reči novih pesama, sve je veći broj onih koji, uglavnom na Tviteru, prozivaju Rijanu zbog izgovora pojedinih
            stihova u pesmi "Work". Umesto da se za pomoć obrate internetu, koji je već sada preplavljen pevačicinim
            novim tekstovima, ovi fanovi počeli su da se žale tvrdeći kako je pevačica do sada trebalo da savlada
            engleski jezik kao i da je ništa ne razumeju.
        </article-text>
        <article-text-transliterated>Pevačica Rijana je glavna tema ove nedelje, kako zbog njenog novog albuma, tako i
            zbog prozivki koje su joj uputili mnogobrojni fanovi širom sveta. Njen novi album "ANTI" najzad je ugledao
            svetlost dana, a najavio ga je u sredu objavljeni prvi singl "Work" koji izvodi sa reperom Drejkom. I dok
            fanovi već uče reči novih pesama, sve je veći broj onih koji, uglavnom na Tviteru, prozivaju Rijanu zbog
            izgovora pojedinih stihova u pesmi "Work". Umesto da se za pomoć obrate internetu, koji je već sada
            preplavljen pevačicinim novim tekstovima, ovi fanovi počeli su da se žale tvrdeći kako je pevačica do sada
            trebalo da savlada engleski jezik kao i da je ništa ne razumeju.
            (mtv)
        </article-text-transliterated>
    </article>
    <comments>
        <comments-count>0</comments-count>
        <comment-list/>
    </comments>
</document>