<document global-id="sr-03-1334">
    <url>https://www.kurir.rs/zabava/zena/2239067/jezik-za-zube-10-stvari-koje-ne-smete-reci-muskarcu</url>
    <source-id>sr-03</source-id>
    <local-id>1334</local-id>
    <source-name>Kurir</source-name>
    <article>
        <article-title>JEZIK ZA ZUBE: 10 stvari koje ne smete reći muškarcu</article-title>
        <article-title-transliterated>JEZIK ZA ZUBE: 10 stvari koje ne smete reći muškarcu
        </article-title-transliterated>
        <article-time>2016-04-25</article-time>
        <article-author>-</article-author>
        <article-text>Ni dečku, a ni najboljem prijateljom! Nijednom muškarcu!. Ako ne želite da od vas pobegne glavom
            bez obzira, izbegavajte ovakve priče, piše sajt Cosmopolitan.Nisi baš toliko jak.Ovo je eventualno
            dozvoljeno, ako ga upoređujete sa Supermenovim moćima i zaključite da svakako nije dovoljno jak da podigne
            zgradu, inače, ne izgovarajte nikako ovu rečenicu!Hej, pa ja sam viša od tebe!Nije bitno koliko je on
            zapravo visok, ali ako mu kažete da je nizak, ozbiljno ćete povrediti njegov ego. Takvim komentarom
            učinićete da se oseća sićušno i malo, a ne poput mišićavog drvoseče kakav bi želeo da bude.Zar XXL kondom
            nije malo prevelik za tebe?Još gore nego da ste mu rekli da je nizak! Nemojte dovoditi njegove gabarite u
            pitanje ako ne želite da se dotični još više povuče i onda ništa od strastvene noći.Tebi se to proredila
            kosa?Ćelavost spada u najveće muške strahove jer momci znaju da malo ko može biti ćelav, a istovremeno i
            poželjan. Ne mogu svi biti Džejson Statam da se razumemo!Kako je moguće da imaš toliko dlaka?Možda on i ima
            previše dlaka na telu, ali svakako se ne želi da se oseća kao medved u ljudskom obliku, zato ga ne
            podsećajte.U stvari, ti ne znaš da promeniš gumu na automobilu?Svi muškarci to znaju, što je još jadan
            razlog više da se oseća kao potpuni bednik ako slučajno ne zna.Ti si mi kao brat!Ovim ste mu rekli da vam je
            vrlo blizak i da vam vaš odnos znači, ali da vam ni u najluđim snovima, čak ni pod delovanjem velike
            količine alkohola, ne bi bio seksualno privlačan. A to saznanje boli!Čekaj, ti zapravo ideš u teretanu?Koji
            aspekt toga vas zapravo šokira? Da li vam deluje kao neki mlakonja koji ne bi mogao da podigne ni dva
            kilograma iz benča?Kad bih ja imala takve noge...Ok, dobro, ima ženske noge, shvatio je to verovatno odavno,
            ali se nadao da niko drugi neće to da primeti. Upravo ste mu srušili temelj lažnog samopouzdanja.Volela bih
            da imam dečka koji je tako fin i duhovit kao ti.Pa možete, tu je ispred vas!
        </article-text>
        <article-text-transliterated>Ni dečku, a ni najboljem prijateljom! Nijednom muškarcu!. Ako ne želite da od vas
            pobegne glavom bez obzira, izbegavajte ovakve priče, piše sajt Cosmopolitan.Nisi baš toliko jak.Ovo je
            eventualno dozvoljeno, ako ga upoređujete sa Supermenovim moćima i zaključite da svakako nije dovoljno jak
            da podigne zgradu, inače, ne izgovarajte nikako ovu rečenicu!Hej, pa ja sam viša od tebe!Nije bitno koliko
            je on zapravo visok, ali ako mu kažete da je nizak, ozbiljno ćete povrediti njegov ego. Takvim komentarom
            učinićete da se oseća sićušno i malo, a ne poput mišićavog drvoseče kakav bi želeo da bude.Zar XXL kondom
            nije malo prevelik za tebe?Još gore nego da ste mu rekli da je nizak! Nemojte dovoditi njegove gabarite u
            pitanje ako ne želite da se dotični još više povuče i onda ništa od strastvene noći.Tebi se to proredila
            kosa?Ćelavost spada u najveće muške strahove jer momci znaju da malo ko može biti ćelav, a istovremeno i
            poželjan. Ne mogu svi biti Džejson Statam da se razumemo!Kako je moguće da imaš toliko dlaka?Možda on i ima
            previše dlaka na telu, ali svakako se ne želi da se oseća kao medved u ljudskom obliku, zato ga ne
            podsećajte.U stvari, ti ne znaš da promeniš gumu na automobilu?Svi muškarci to znaju, što je još jadan
            razlog više da se oseća kao potpuni bednik ako slučajno ne zna.Ti si mi kao brat!Ovim ste mu rekli da vam je
            vrlo blizak i da vam vaš odnos znači, ali da vam ni u najluđim snovima, čak ni pod delovanjem velike
            količine alkohola, ne bi bio seksualno privlačan. A to saznanje boli!Čekaj, ti zapravo ideš u teretanu?Koji
            aspekt toga vas zapravo šokira? Da li vam deluje kao neki mlakonja koji ne bi mogao da podigne ni dva
            kilograma iz benča?Kad bih ja imala takve noge...Ok, dobro, ima ženske noge, shvatio je to verovatno odavno,
            ali se nadao da niko drugi neće to da primeti. Upravo ste mu srušili temelj lažnog samopouzdanja.Volela bih
            da imam dečka koji je tako fin i duhovit kao ti.Pa možete, tu je ispred vas!
        </article-text-transliterated>
    </article>
    <comments>
        <comments-count>0</comments-count>
        <comment-list/>
    </comments>
</document>