<document global-id="sr-03-1405">
    <url>
        https://www.kurir.rs/planeta/2205213/karabah-je-kluc-za-srce-rusije-jedina-zemlja-koja-nece-biti-gubitnik-u-ratu-jermenije-i-azerbejdzana-je-amerika
    </url>
    <source-id>sr-03</source-id>
    <local-id>1405</local-id>
    <source-name>Kurir</source-name>
    <article>
        <article-title>KARABAH KLJUČ ZA SRCE RUSIJE: Rat Jermenije i Azerbejdžana Moskvi zatvara vrata Sirije
        </article-title>
        <article-title-transliterated>KARABAH KLJUČ ZA SRCE RUSIJE: Rat Jermenije i Azerbejdžana Moskvi zatvara vrata
            Sirije
        </article-title-transliterated>
        <article-time>2016-04-04</article-time>
        <article-author>Kurir</article-author>
        <article-text>Od 1994. Karabah je bio jedan od brojnih zamrznutih sukoba, koji je ponovo odmrznut krajem prošle
            nedelje kada su jermenske i azerbejdžanske trupe započele najteže borbe od 1994. Sukob Jermenije i
            Azerbejdžana oko Nagorno-Karabaha tinja od 1994. Godine. Može izgledati da to područje ima ograničen značaj,
            ali Kavkaz ima veliku stratešku vrednost za okolne sile kao što su Rusija, Turska i Iran
            Kavkaz je i strateški važan i nestabilan. Severni ili Visoki Kavkaz je pod ruskom kontrolom, ali on
            uključuje muslimanske regione kao što su Čečenija i Dagestan, gde je stabilnost relativan pojam. Južni
            Kavkaz se sastoji od bivših sovjetskih republika, nezavisnih od pada Sovjetskog Saveza. Jermenija je
            najstarija hrišćanska država. Azerbejdžan je muslimanska zemlja u kojoj većinu čine šiiti, a većina Azera
            (turski narod) živi u severozapadnom Iranu. Gruzija, koja je ušla u rat sa Rusijom u 2008. godine je takođe
             hrišćanska.
            Kavkaz je važan iz strateških razloga. On Turskoj i Iranu blokira pristup srcu Rusije. Od sovjetskog
            povlačenja u regionu su prisutne tradicionalne unutrašnje razmirice, ali spoljne sile su takođe vršile
            manipulaciju i nastojale da prošire svoj uticaj. Turci imaju dugogodišnji spor sa Jermenima po pitanju
            genocida a vreme Prvog svetskog rata. Iranci bezuspešno nastoje da povećaju svoj uticaj u vrlo sekularnom
            Azerbejdžanu. Rusija je ratovala sa Gruzijom zbog Južne Osetije i Abhazije.
            Svaka velika sila ima svoje strateške interese u regionu. Za Rusiju, kontrola Visokog Kavkaza strateški
            imperativ. Kako bi osigurala bezbednost na severu gde su Čečenija i Dagestan, Rusija mora da drži jug u
            ravnoteži i suprotstavi se turskom, iranskom - i iznad svega američkom uticaju.
            Za Irance, Azerbejdžan je pretnja i prilika. Pretnja jer se može koristiti kao baza protiv Irana.
            Za Tursku, Jermenija je neprijatelj sa kojim se ne može postići sporazum po uslovima Ankare, a podrška
            Rusije znači da Turska ne može da potkopa režimi u Jerevanu. Zato su za Tursku postali iuzetno važni odnosi
            sa Azerbejdžanom, sa kojima deli etničku i jezičku bliskost.
            Što se tiče Sjedinjenih Američkih Država, ako žele da nastave sa strategijom obuzdavanja Rusije, oni je
            moraju proširiti na region Kaspijskog mora.
            Kada je sukob obnovljen, Turska je brzo skočila i dala podšku Azerbejdžanu. Rusija se odmah ponudila da
            posreduje i da se opet pokaže kao stabilizujuća sila.U međuvremenu, Sjedinjene Države stoje u senci i izdaju
            saopštenja puna fraza. Međutim, ovaj sukob može usisati Rusiju, Tursku, Iran i Sjedinjene Državame, što je
            razlog da se ova situacija shvati vrlo ozbiljno, jer tekući sukob je mnogo više od uobičajenog nastavka
            nasilja niskog nivoa,  koji se često dešavao u proleće, kada se sneg otopi.
            Azerbejdžanska strana je imala više razloga da prekine primirje, jer je kao gubitniška strana u sukobu od
            1990. izgubila skoro sedminu (ili oko 13,6 posto) svoje de jure teritorije.
            To naravno, dovodi do spekulacija zašto su borbe počele u ovom trenutku. Jedna od teza je da je Moskva možda
            nekako uspela da isprovocira sukobe kako bi diskreditovala ugled SAD kao mirotvorca. Prema ovom scenariju,
            predsednik Vladimir Putin bi onda intervenisao kao pravi mirotvorac i zahtevao mirovni sporazum koji
            uključuje ruske mirovne snage na terenu.
            Problem sa ovom teorijom je to što Rusija, iako je najvažniji sekundarni akter u sukobu oko Karabaha, ne
            kontroliše situaciju na terenu i nije dovoljno moćna da natera jermenske ili azerbejdžanske vojne snage da
            rade šta ona naredi. Sposobnost Rusije da se oblikuje događaje je verovatno manja nego što izgleda.
            Verovatnije je da jedna od dve strane u sukobu-a najverovatnije azerbejdžanska strana, ima jači interes za
            nastavak neprijateljstava i da pokušava da izmeni situaciju u svoju korist ograničenom vojnom kampanjom.
            Azerbajdžan se može nadati da se Rusija neće mešati u sukob ako se borbe ne prošire izvan granica Nagorno
            Karabaha. U slučaju sukoba sa Rusijom, Azerbejdžan je osuđena da bude poražen, ali je rizik od prelaska
            sukoba u regionalni rat u pune skale veoma visok.
            Među glavnim geopolitičkih igrača, nastavak sukoba je najviše štetan za Rusiju, koja je garant mira u južnom
            Kavkazu i svog saveznika Jermenije. U slučaju rata između Jermenije i Azerbejdžana, Rusija mora da pomogne
            Jermeniji ako to ona zahteva. Međutim, u poslednjih nekoliko godina, Rusija je pokušala da se približi
            Azerbejdžanu u tolikoj meri da je počela da ga snabdeva oružjem. Rat bi značio kolaps arhitekture odnosa u
            regionu koji je Rusija mukotrpno gradil.
            Na teritoriji Jermenije se nalaze ruske vojne baze. U slučaju eskalacije rata, Rusija može biti uključena,
            što takođe nije u njenom interesu jer je već upletena u sukobe u Siriji i Ukrajini. U tom slučaju, Rusija bi
            bila primorana da okonča aktivnu politiku u Siriji.
            Turska, kao regionalni igrač može imati neku korist od sukoba na istoku, pre svega da bi prisilila Rusiju da
            smanji svoju pažnju na Siriju, što bi ojačalo položaj Ankare. Pored toga, kada bi Azerbajdžan krenuo u rat,
            podrio bi svoje odnose sa Rusijom, što znači da bi bez obzira na ishod rata, završio sa jakim vezama sa
            Turskom.
            U isto vreme, ako se rat ode van granica Karabaha, to nosi rizik za Tursku, koja će morati da počne sa
            pružanjem značajne pomoć Azerbejdžanu. S obzirom na građanski rat u kurdskim oblastima u samoj Turskoj, to
            će oslabiti pažnju Turske na Siriju.
            Jedina zemlja koja može biti zainteresovana za odmrzavanje sukoba u Nagorno-Karabahu, i njegovo pretvaranje
            u totalni rata, koji može uvući Rusiju i Tursku su Sjedinjene Države.
            Krvavi sukob u neposrednoj blizini ruskih granica je najbolja stvar da se oslabi ulogu i Turske i Rusije u
            Siriji, i dobiju mogućnost da se u potpunosti iskoristi kurdski faktor.
            Ako bi Rusija podržala Jermeniju, Sjedinjene Države će konačno moći da dobiju kontrolu nad Azerbejdžanom.
            Ako Rusija ne podrži Jermeniju, ona će to koristiti kao argument za preorijentaciju zemlje prema Sjedinjenim
            Državama. Za razliku od Turske, SAD imaju interakciju sa obe strane u sukobu i u svakom slučaju neće ostati
            gubitnik.
        </article-text>
        <article-text-transliterated>Od 1994. Karabah je bio jedan od brojnih zamrznutih sukoba, koji je ponovo odmrznut
            krajem prošle nedelje kada su jermenske i azerbejdžanske trupe započele najteže borbe od 1994. Sukob
            Jermenije i Azerbejdžana oko Nagorno-Karabaha tinja od 1994. Godine. Može izgledati da to područje ima
            ograničen značaj, ali Kavkaz ima veliku stratešku vrednost za okolne sile kao što su Rusija, Turska i Iran
            Kavkaz je i strateški važan i nestabilan. Severni ili Visoki Kavkaz je pod ruskom kontrolom, ali on
            uključuje muslimanske regione kao što su Čečenija i Dagestan, gde je stabilnost relativan pojam. Južni
            Kavkaz se sastoji od bivših sovjetskih republika, nezavisnih od pada Sovjetskog Saveza. Jermenija je
            najstarija hrišćanska država. Azerbejdžan je muslimanska zemlja u kojoj većinu čine šiiti, a većina Azera
            (turski narod) živi u severozapadnom Iranu. Gruzija, koja je ušla u rat sa Rusijom u 2008. godine je takođe
             hrišćanska.
            Kavkaz je važan iz strateških razloga. On Turskoj i Iranu blokira pristup srcu Rusije. Od sovjetskog
            povlačenja u regionu su prisutne tradicionalne unutrašnje razmirice, ali spoljne sile su takođe vršile
            manipulaciju i nastojale da prošire svoj uticaj. Turci imaju dugogodišnji spor sa Jermenima po pitanju
            genocida a vreme Prvog svetskog rata. Iranci bezuspešno nastoje da povećaju svoj uticaj u vrlo sekularnom
            Azerbejdžanu. Rusija je ratovala sa Gruzijom zbog Južne Osetije i Abhazije.
            Svaka velika sila ima svoje strateške interese u regionu. Za Rusiju, kontrola Visokog Kavkaza strateški
            imperativ. Kako bi osigurala bezbednost na severu gde su Čečenija i Dagestan, Rusija mora da drži jug u
            ravnoteži i suprotstavi se turskom, iranskom - i iznad svega američkom uticaju.
            Za Irance, Azerbejdžan je pretnja i prilika. Pretnja jer se može koristiti kao baza protiv Irana.
            Za Tursku, Jermenija je neprijatelj sa kojim se ne može postići sporazum po uslovima Ankare, a podrška
            Rusije znači da Turska ne može da potkopa režimi u Jerevanu. Zato su za Tursku postali iuzetno važni odnosi
            sa Azerbejdžanom, sa kojima deli etničku i jezičku bliskost.
            Što se tiče Sjedinjenih Američkih Država, ako žele da nastave sa strategijom obuzdavanja Rusije, oni je
            moraju proširiti na region Kaspijskog mora.
            Kada je sukob obnovljen, Turska je brzo skočila i dala podšku Azerbejdžanu. Rusija se odmah ponudila da
            posreduje i da se opet pokaže kao stabilizujuća sila.U međuvremenu, Sjedinjene Države stoje u senci i izdaju
            saopštenja puna fraza. Međutim, ovaj sukob može usisati Rusiju, Tursku, Iran i Sjedinjene Državame, što je
            razlog da se ova situacija shvati vrlo ozbiljno, jer tekući sukob je mnogo više od uobičajenog nastavka
            nasilja niskog nivoa,  koji se često dešavao u proleće, kada se sneg otopi.
            Azerbejdžanska strana je imala više razloga da prekine primirje, jer je kao gubitniška strana u sukobu od
            1990. izgubila skoro sedminu (ili oko 13,6 posto) svoje de jure teritorije.
            To naravno, dovodi do spekulacija zašto su borbe počele u ovom trenutku. Jedna od teza je da je Moskva možda
            nekako uspela da isprovocira sukobe kako bi diskreditovala ugled SAD kao mirotvorca. Prema ovom scenariju,
            predsednik Vladimir Putin bi onda intervenisao kao pravi mirotvorac i zahtevao mirovni sporazum koji
            uključuje ruske mirovne snage na terenu.
            Problem sa ovom teorijom je to što Rusija, iako je najvažniji sekundarni akter u sukobu oko Karabaha, ne
            kontroliše situaciju na terenu i nije dovoljno moćna da natera jermenske ili azerbejdžanske vojne snage da
            rade šta ona naredi. Sposobnost Rusije da se oblikuje događaje je verovatno manja nego što izgleda.
            Verovatnije je da jedna od dve strane u sukobu-a najverovatnije azerbejdžanska strana, ima jači interes za
            nastavak neprijateljstava i da pokušava da izmeni situaciju u svoju korist ograničenom vojnom kampanjom.
            Azerbajdžan se može nadati da se Rusija neće mešati u sukob ako se borbe ne prošire izvan granica Nagorno
            Karabaha. U slučaju sukoba sa Rusijom, Azerbejdžan je osuđena da bude poražen, ali je rizik od prelaska
            sukoba u regionalni rat u pune skale veoma visok.
            Među glavnim geopolitičkih igrača, nastavak sukoba je najviše štetan za Rusiju, koja je garant mira u južnom
            Kavkazu i svog saveznika Jermenije. U slučaju rata između Jermenije i Azerbejdžana, Rusija mora da pomogne
            Jermeniji ako to ona zahteva. Međutim, u poslednjih nekoliko godina, Rusija je pokušala da se približi
            Azerbejdžanu u tolikoj meri da je počela da ga snabdeva oružjem. Rat bi značio kolaps arhitekture odnosa u
            regionu koji je Rusija mukotrpno gradil.
            Na teritoriji Jermenije se nalaze ruske vojne baze. U slučaju eskalacije rata, Rusija može biti uključena,
            što takođe nije u njenom interesu jer je već upletena u sukobe u Siriji i Ukrajini. U tom slučaju, Rusija bi
            bila primorana da okonča aktivnu politiku u Siriji.
            Turska, kao regionalni igrač može imati neku korist od sukoba na istoku, pre svega da bi prisilila Rusiju da
            smanji svoju pažnju na Siriju, što bi ojačalo položaj Ankare. Pored toga, kada bi Azerbajdžan krenuo u rat,
            podrio bi svoje odnose sa Rusijom, što znači da bi bez obzira na ishod rata, završio sa jakim vezama sa
            Turskom.
            U isto vreme, ako se rat ode van granica Karabaha, to nosi rizik za Tursku, koja će morati da počne sa
            pružanjem značajne pomoć Azerbejdžanu. S obzirom na građanski rat u kurdskim oblastima u samoj Turskoj, to
            će oslabiti pažnju Turske na Siriju.
            Jedina zemlja koja može biti zainteresovana za odmrzavanje sukoba u Nagorno-Karabahu, i njegovo pretvaranje
            u totalni rata, koji može uvući Rusiju i Tursku su Sjedinjene Države.
            Krvavi sukob u neposrednoj blizini ruskih granica je najbolja stvar da se oslabi ulogu i Turske i Rusije u
            Siriji, i dobiju mogućnost da se u potpunosti iskoristi kurdski faktor.
            Ako bi Rusija podržala Jermeniju, Sjedinjene Države će konačno moći da dobiju kontrolu nad Azerbejdžanom.
            Ako Rusija ne podrži Jermeniju, ona će to koristiti kao argument za preorijentaciju zemlje prema Sjedinjenim
            Državama. Za razliku od Turske, SAD imaju interakciju sa obe strane u sukobu i u svakom slučaju neće ostati
            gubitnik.
            (priredio M. Đorđević)
        </article-text-transliterated>
    </article>
    <comments>
        <comments-count>15</comments-count>
        <comment-list>
            <comment comment-id="1">
                <comment-parent-id/>
                <comment-text>Na kraju teksta ste dali odgovor na pitanje:Ko najvise profitira na ovom sukobu? I tu nema
                    iznenadjenja - SAD,bas kao sto se i moglo zamisliti.
                </comment-text>
                <comment-text-transliterated>Na kraju teksta ste dali odgovor na pitanje:Ko najvise profitira na ovom
                    sukobu? I tu nema iznenadjenja - SAD,bas kao sto se i moglo zamisliti.
                </comment-text-transliterated>
            </comment>
            <comment comment-id="2">
                <comment-parent-id/>
                <comment-text>Primirje u Siriji izgleda predstavlja tajmaut tokom koga ce SAD razmisljati o novoj
                    taktici za slabljenje Rusije. Ali resice Putin i ovo. Cupace kosu ameri ponovo!
                </comment-text>
                <comment-text-transliterated>Primirje u Siriji izgleda predstavlja tajmaut tokom koga ce SAD razmisljati
                    o novoj taktici za slabljenje Rusije. Ali resice Putin i ovo. Cupace kosu ameri ponovo!
                </comment-text-transliterated>
            </comment>
            <comment comment-id="2-1">
                <comment-parent-id>2</comment-parent-id>
                <comment-text>"Cupace kosu ameri ponovo!"A kad su to Ameri cupali kosu ?????</comment-text>
                <comment-text-transliterated>"Cupace kosu ameri ponovo!"A kad su to Ameri cupali kosu ?????
                </comment-text-transliterated>
            </comment>
            <comment comment-id="2-2">
                <comment-parent-id>2</comment-parent-id>
                <comment-text>Covece probudi se! Mani se mitomanije o Putinu</comment-text>
                <comment-text-transliterated>Covece probudi se! Mani se mitomanije o Putinu
                </comment-text-transliterated>
            </comment>
            <comment comment-id="3">
                <comment-parent-id/>
                <comment-text>Tako i treba Rusiju sabiti u njihov brlog , da se zna koje gazda .</comment-text>
                <comment-text-transliterated>Tako i treba Rusiju sabiti u njihov brlog , da se zna koje gazda .
                </comment-text-transliterated>
            </comment>
            <comment comment-id="3-1">
                <comment-parent-id>3</comment-parent-id>
                <comment-text>Nije Ruska vojska vezbala.juzni vojni okrug bezveze. Oni su ovladali nato vojnom taktikom
                    jedinicama za vrzo dwlovanje i pre 10 dana prebacili eskadrilu nvih 29 tki. Uvek su za korak ispred.
                    Kao na krimu donbasu, siriji..evo sad i ovde.
                </comment-text>
                <comment-text-transliterated>Nije Ruska vojska vezbala.juzni vojni okrug bezveze. Oni su ovladali nato
                    vojnom taktikom jedinicama za vrzo dwlovanje i pre 10 dana prebacili eskadrilu nvih 29 tki. Uvek su
                    za korak ispred. Kao na krimu donbasu, siriji..evo sad i ovde.
                </comment-text-transliterated>
            </comment>
            <comment comment-id="3-2">
                <comment-parent-id>3</comment-parent-id>
                <comment-text>Prvo što mi pada na pamet je Vijetnam, a tu svakako nije bilo reč o nekoj tehnološki
                    sofisticirano opremljenoj armiji, dok Putinova Rusija je sve samo ne nemoćna da se suprotstavi
                    svakoj pa i eventualnoj američkoj agresiji!?
                </comment-text>
                <comment-text-transliterated>Prvo što mi pada na pamet je Vijetnam, a tu svakako nije bilo reč o nekoj
                    tehnološki sofisticirano opremljenoj armiji, dok Putinova Rusija je sve samo ne nemoćna da se
                    suprotstavi svakoj pa i eventualnoj američkoj agresiji!?
                </comment-text-transliterated>
            </comment>
            <comment comment-id="3-3">
                <comment-parent-id>3</comment-parent-id>
                <comment-text>Cupaju od kad su pokusali da uzmu Ukrajinu pod svoje, pa im Rusi pokvarili planove. Od kad
                    su im udarili sankcije, a njima nista i teraju si po svom. Od kad su Rusi podigli svoju moc da im
                    niko nista ne moze. Cupaju svakodnevno dok se Putin smeska. :)
                </comment-text>
                <comment-text-transliterated>Cupaju od kad su pokusali da uzmu Ukrajinu pod svoje, pa im Rusi pokvarili
                    planove. Od kad su im udarili sankcije, a njima nista i teraju si po svom. Od kad su Rusi podigli
                    svoju moc da im niko nista ne moze. Cupaju svakodnevno dok se Putin smeska. :)
                </comment-text-transliterated>
            </comment>
            <comment comment-id="4">
                <comment-parent-id/>
                <comment-text>Samo ste zaboravili reći koliko je strpljene Ruske Federacije prema Turskoj? Čini mi se da
                    je strpljenje Rusa prema Turskoj sve manje, i manje. Nestankom Turske kao sadašnje otomanske
                    imperije, Azerbejdžanu takav rat bi im bio zadnja opcija.......
                </comment-text>
                <comment-text-transliterated>Samo ste zaboravili reći koliko je strpljene Ruske Federacije prema
                    Turskoj? Čini mi se da je strpljenje Rusa prema Turskoj sve manje, i manje. Nestankom Turske kao
                    sadašnje otomanske imperije, Azerbejdžanu takav rat bi im bio zadnja opcija.......
                </comment-text-transliterated>
            </comment>
            <comment comment-id="4-1">
                <comment-parent-id>4</comment-parent-id>
                <comment-text>Procitaj tekst, u njemu ima dobrih i realnih analiza i ne lupaj bez veze.</comment-text>
                <comment-text-transliterated>Procitaj tekst, u njemu ima dobrih i realnih analiza i ne lupaj bez veze.
                </comment-text-transliterated>
            </comment>
            <comment comment-id="5">
                <comment-parent-id/>
                <comment-text>Ma samo sto dalje od nas sa ratovima. Ja bih voleo da mi iskuliramo ovaj krug. Dosta smo
                    mi ginuli!
                </comment-text>
                <comment-text-transliterated>Ma samo sto dalje od nas sa ratovima. Ja bih voleo da mi iskuliramo ovaj
                    krug. Dosta smo mi ginuli!
                </comment-text-transliterated>
            </comment>
            <comment comment-id="5-1">
                <comment-parent-id>5</comment-parent-id>
                <comment-text>"Prvo što mi pada na pamet je Vijetnam"Pa gde ti ode jel znas kad je bio rat u
                    Vejetnamu.
                </comment-text>
                <comment-text-transliterated>"Prvo što mi pada na pamet je Vijetnam"Pa gde ti ode jel znas kad je bio
                    rat u Vejetnamu.
                </comment-text-transliterated>
            </comment>
            <comment comment-id="5-2">
                <comment-parent-id>5</comment-parent-id>
                <comment-text>... zato mi prvo pade napamet Bosna.</comment-text>
                <comment-text-transliterated>... zato mi prvo pade napamet Bosna.</comment-text-transliterated>
            </comment>
            <comment comment-id="6">
                <comment-parent-id/>
                <comment-text>Nemoguce da su jermeni iz NGK zapoceli sukobe. Pogledajte mapu! To je mala teritorija u
                    srcu Azerbejdzana. To bi bilo kao da mali napadne velikog. NGK je okruzen Azerbejdzanom. Pre ce biti
                    da su azerbejdzanci dobili "yes" s one strane Atlantika da smeju napasti mali NGK kako bi izazvali
                    nemire i otvorili front u blizini Rusije. Nije uspela Ukrajina, hajde da probamo u NGK! Sramota!
                </comment-text>
                <comment-text-transliterated>Nemoguce da su jermeni iz NGK zapoceli sukobe. Pogledajte mapu! To je mala
                    teritorija u srcu Azerbejdzana. To bi bilo kao da mali napadne velikog. NGK je okruzen
                    Azerbejdzanom. Pre ce biti da su azerbejdzanci dobili "yes" s one strane Atlantika da smeju napasti
                    mali NGK kako bi izazvali nemire i otvorili front u blizini Rusije. Nije uspela Ukrajina, hajde da
                    probamo u NGK! Sramota!
                </comment-text-transliterated>
            </comment>
            <comment comment-id="6-1">
                <comment-parent-id>6</comment-parent-id>
                <comment-text>Завршио се 1975.Ти то не можеш да памтиш,али ја памтим.Амери су бацали хеликоптере са
                    носача авиона у воду,да би имали места за слетање нових који су БЕЖАЛИ из Сајгона.САД у Вијетнаму
                    нису билепоражене,биле су ПОНИЖЕНЕ.Плакали су 20 година.
                </comment-text>
                <comment-text-transliterated>Završio se 1975.Ti to ne možeš da pamtiš,ali ja pamtim.Ameri su bacali
                    helikoptere sa nosača aviona u vodu,da bi imali mesta za sletanje novih koji su BEŽALI iz
                    Sajgona.SAD u Vijetnamu nisu bileporažene,bile su PONIŽENE.Plakali su 20 godina.
                </comment-text-transliterated>
            </comment>
        </comment-list>
    </comments>
</document>