<document global-id="sr-03-1176">
    <url>
        https://www.kurir.rs/zabava/zdravlje/3088917/imala-je-tumor-jezika-velicine-54-centimetra-zivela-je-na-cevcicu-a-onda-se-desio-preokret-video
    </url>
    <source-id>sr-03</source-id>
    <local-id>1176</local-id>
    <source-name>Kurir</source-name>
    <article>
        <article-title>IMALA JE TUMOR JEZIKA VELIČINE 5,4 CENTIMETRA: Živela je na cevčicu, a onda se desio PREOKRET!
            (VIDEO)
        </article-title>
        <article-title-transliterated>IMALA JE TUMOR JEZIKA VELIČINE 5,4 CENTIMETRA: Živela je na cevčicu, a onda se
            desio PREOKRET! (VIDEO)
        </article-title-transliterated>
        <article-time>2018-07-20</article-time>
        <article-author>Kurir</article-author>
        <article-text>Sintija Zamora (57) suočila se sa teškom životnom bitkom jer joj je prošle godine otkriven tumor
            jezika. 
            Naime, kada je prošle godine saznala da ima tumor jezika, pored hemoterapije i radijacije lekari su morali
            da odstrane i veliki deo jezika zbog čega nije mogla da priča i jede. 


            Nada da će dobiti ovu mogućnost nazad rodila se kada su lekari sa Univerziteta Kalifornija objavili da mogu
            da joj rekonstruišu jezik koristeći deo njene butine.
            Godinu dana nakon operacije Sintija ne samo da može da priča već može i da žvaće i jede. Iako joj je rečnik
            ograničen i može da oseti samo slanu i slatku hranu, nedavno je mogla da uživa u punom ukusu hrane iz KFC-a


            Početkom prošle godine probudila se sa bolom u jeziku i videla je da ima otvorenu ranu na njemu. Jezik je
            organ koji se najbrže regeneriše u našem telu pa je tako ova rana zarasla. Sledeći put kada se to desilo
            otišla je kod lekara i dobila je antibiotike i lekove protiv bolova, ali ovoga puta rana nije zacelila.
            Uskoro nije mogla da žvaće i da se normalno hrani i opet se obratila lekarima koji su konstatovali da ona
            ima tumor jezika od 5,4 centimetra koji se nalazi na sredini njenog jezika.
            Uklonili su joj jezik i rekli da postoji šansa da joj tim stručnjaka rekonstruiše jezik. Nakon operacije
            koja je trajala 12 sati ona je dobila novi organ. Doktor Suliman koji je izveo operaciju isekao je parče
            njene butine i uzeo deo kože i masnog tkiva. Nakon što je oblikovao jezik, on je sproveo kroz tkivo venu i
            povezao je sa arterijom iz njenog vrata kako bi novo tkivo bilo prokrvljeno. Kada se probudila Zamora nije
            mogla da priča, govori i jede.
            "Moj život je zavisio od cevčice za hranu i cevčice za vazduh. Bilo je teško i mnogo puta sam se pitala da
            li je vredelo to što sam rešila da živim", rekla je Zamora.
            Nakon napornog rada sa stručnjacima počela je polako da govori, a osećaj za ukus slatke i slane hrane nije
            izgubila jer je deo jezika ipak ostao. Iako joj je čulo ukusa dosta unazađeno, ona kaže da je srećna što je
            živa i nada se da će njena priča inspirisati druge koji se bore sa sličnim problemima.
        </article-text>
        <article-text-transliterated>Sintija Zamora (57) suočila se sa teškom životnom bitkom jer joj je prošle godine
            otkriven tumor jezika. 
            Naime, kada je prošle godine saznala da ima tumor jezika, pored hemoterapije i radijacije lekari su morali
            da odstrane i veliki deo jezika zbog čega nije mogla da priča i jede. 


            Nada da će dobiti ovu mogućnost nazad rodila se kada su lekari sa Univerziteta Kalifornija objavili da mogu
            da joj rekonstruišu jezik koristeći deo njene butine.
            Godinu dana nakon operacije Sintija ne samo da može da priča već može i da žvaće i jede. Iako joj je rečnik
            ograničen i može da oseti samo slanu i slatku hranu, nedavno je mogla da uživa u punom ukusu hrane iz KFC-a


            Početkom prošle godine probudila se sa bolom u jeziku i videla je da ima otvorenu ranu na njemu. Jezik je
            organ koji se najbrže regeneriše u našem telu pa je tako ova rana zarasla. Sledeći put kada se to desilo
            otišla je kod lekara i dobila je antibiotike i lekove protiv bolova, ali ovoga puta rana nije zacelila.
            Uskoro nije mogla da žvaće i da se normalno hrani i opet se obratila lekarima koji su konstatovali da ona
            ima tumor jezika od 5,4 centimetra koji se nalazi na sredini njenog jezika.
            Uklonili su joj jezik i rekli da postoji šansa da joj tim stručnjaka rekonstruiše jezik. Nakon operacije
            koja je trajala 12 sati ona je dobila novi organ. Doktor Suliman koji je izveo operaciju isekao je parče
            njene butine i uzeo deo kože i masnog tkiva. Nakon što je oblikovao jezik, on je sproveo kroz tkivo venu i
            povezao je sa arterijom iz njenog vrata kako bi novo tkivo bilo prokrvljeno. Kada se probudila Zamora nije
            mogla da priča, govori i jede.
            "Moj život je zavisio od cevčice za hranu i cevčice za vazduh. Bilo je teško i mnogo puta sam se pitala da
            li je vredelo to što sam rešila da živim", rekla je Zamora.
            Nakon napornog rada sa stručnjacima počela je polako da govori, a osećaj za ukus slatke i slane hrane nije
            izgubila jer je deo jezika ipak ostao. Iako joj je čulo ukusa dosta unazađeno, ona kaže da je srećna što je
            živa i nada se da će njena priča inspirisati druge koji se bore sa sličnim problemima.
        </article-text-transliterated>
    </article>
    <comments>
        <comments-count>0</comments-count>
        <comment-list/>
    </comments>
</document>