<document global-id="sr-03-1523">
    <url>
        https://www.kurir.rs/sport/fudbal/1869339/krmpotic-bez-dlake-na-jeziku-ulazilo-se-u-svlacionicu-ofk-pretilo-zar-je-to-mocna-zvezda
    </url>
    <source-id>sr-03</source-id>
    <local-id>1523</local-id>
    <source-name>Kurir</source-name>
    <article>
        <article-title>KRMPOTIĆ BEZ DLAKE NA JEZIKU: Ulazilo se u svlačionicu OFK, pretilo. Zar je to moćna Zvezda!?
        </article-title>
        <article-title-transliterated>KRMPOTIĆ BEZ DLAKE NA JEZIKU: Ulazilo se u svlačionicu OFK, pretilo. Zar je to
            moćna Zvezda!?
        </article-title-transliterated>
        <article-time>2015-07-22</article-time>
        <article-author>Kurir</article-author>
        <article-text>Krmpotić je trenutno trener ekipe TP Mazembe iz Konga, a redovno prati dešavanja u našem fudbalu.
            On je ispratio i utakmicu OFK Beograd - Crvena zvezda 2:6. BEOGRAD - Legendarni fudbaler Crvene zvezde i
            bivši trener OFK Beograda Zlatko Krmpotić ocenio je da je sramota ono što se dešava u našem fudbalu.Krmpotić
            je trenutno trener ekipe TP Mazembe iz Konga, a redovno prati dešavanja u našem fudbalu. On je ispratio i
            utakmicu OFK Beograd - Crvena zvezda 2:6."Lakrdija... Ma, bruka i sramota. Bilo je na Vračaru svega i
            svačega. Ulazilo se u svlačionicu OFK Beograda, pretilo. Zar je to moćna Zvezda!?", pita se Krmpotić.On se
            osvrnuo i na dešavanja u FSS."Gde u svetu ima da se dve grupe svađaju i tako uništavaju seniorsku
            reprezentaciju?! Godinama nas nema na velikim takmičenjima, a tu leži ogroman novac. I, za takav krah i
            sunovrat niko nije odgovoran?! Problemi su lako rešivi, mogu i za 24 sata. Samo je potrebno fudbal predati u
            ruke koji znaju šta je lopta, onim drugima reći preterali ste, sada je dosta", istakao je, između ostalog,
            Krmpotić za Sportski žurnal.
        </article-text>
        <article-text-transliterated>Krmpotić je trenutno trener ekipe TP Mazembe iz Konga, a redovno prati dešavanja u
            našem fudbalu. On je ispratio i utakmicu OFK Beograd - Crvena zvezda 2:6. BEOGRAD - Legendarni fudbaler
            Crvene zvezde i bivši trener OFK Beograda Zlatko Krmpotić ocenio je da je sramota ono što se dešava u našem
            fudbalu.Krmpotić je trenutno trener ekipe TP Mazembe iz Konga, a redovno prati dešavanja u našem fudbalu. On
            je ispratio i utakmicu OFK Beograd - Crvena zvezda 2:6."Lakrdija... Ma, bruka i sramota. Bilo je na Vračaru
            svega i svačega. Ulazilo se u svlačionicu OFK Beograda, pretilo. Zar je to moćna Zvezda!?", pita se
            Krmpotić.On se osvrnuo i na dešavanja u FSS."Gde u svetu ima da se dve grupe svađaju i tako uništavaju
            seniorsku reprezentaciju?! Godinama nas nema na velikim takmičenjima, a tu leži ogroman novac. I, za takav
            krah i sunovrat niko nije odgovoran?! Problemi su lako rešivi, mogu i za 24 sata. Samo je potrebno fudbal
            predati u ruke koji znaju šta je lopta, onim drugima reći preterali ste, sada je dosta", istakao je, između
            ostalog, Krmpotić za Sportski žurnal.
        </article-text-transliterated>
    </article>
    <comments>
        <comments-count>18</comments-count>
        <comment-list>
            <comment comment-id="1">
                <comment-parent-id/>
                <comment-text>Krmpoticu da li se secas kada te je Terzic postavljao i smenjivao sa klupe OFK Beograda
                    kako mu je odgovaralo? Tada je bio dobar i posten, a sada kada si hiljadama kilometara daleko od
                    Srbije nasao si da pametujes i budes hrabar. Sto to ne kazes kad dodjes kuci. Lepo svrati do Zvezde
                    i OFK Beograda jer si u oba kluba bio pa im sve saspi u brk. Glupo je ovako javljati se iz neke
                    dzungle i pametovati.
                </comment-text>
                <comment-text-transliterated>Krmpoticu da li se secas kada te je Terzic postavljao i smenjivao sa klupe
                    OFK Beograda kako mu je odgovaralo? Tada je bio dobar i posten, a sada kada si hiljadama kilometara
                    daleko od Srbije nasao si da pametujes i budes hrabar. Sto to ne kazes kad dodjes kuci. Lepo svrati
                    do Zvezde i OFK Beograda jer si u oba kluba bio pa im sve saspi u brk. Glupo je ovako javljati se iz
                    neke dzungle i pametovati.
                </comment-text-transliterated>
            </comment>
            <comment comment-id="2">
                <comment-parent-id/>
                <comment-text>Ovaj iz konga zna šta se dešavalo u svlačionici?Stvarno razmislite malo šta se dešava
                    danima.Medijska hajka organizovana od strane vučele zvanog ,,šleper,,.Sami će upasti u rupu koju
                    kopaju Zvezdi.
                </comment-text>
                <comment-text-transliterated>Ovaj iz konga zna šta se dešavalo u svlačionici?Stvarno razmislite malo šta
                    se dešava danima.Medijska hajka organizovana od strane vučele zvanog ,,šleper,,.Sami će upasti u
                    rupu koju kopaju Zvezdi.
                </comment-text-transliterated>
            </comment>
            <comment comment-id="2-1">
                <comment-parent-id>2</comment-parent-id>
                <comment-text>Ti I dalje verujes u ono sta prica terzic? Pa zar neverujes jednom Krmpoticu, pa terzic ce
                    vas odvesti u 3 ligu!?
                </comment-text>
                <comment-text-transliterated>Ti I dalje verujes u ono sta prica terzic? Pa zar neverujes jednom
                    Krmpoticu, pa terzic ce vas odvesti u 3 ligu!?
                </comment-text-transliterated>
            </comment>
            <comment comment-id="3">
                <comment-parent-id/>
                <comment-text>Како није моћна Звезда, када као гости улазе у свлачионицу домаћег тима, прете и на крају
                    остваре победу, која одговара кладионичарима?!
                </comment-text>
                <comment-text-transliterated>Kako nije moćna Zvezda, kada kao gosti ulaze u svlačionicu domaćeg tima,
                    prete i na kraju ostvare pobedu, koja odgovara kladioničarima?!
                </comment-text-transliterated>
            </comment>
            <comment comment-id="4">
                <comment-parent-id/>
                <comment-text>Златко, Златко, ја сам навијач Партизана, али добро памтим 79-ту ваше утакмице, на челу са
                    ВЕЛИКИМ тренером,нисам пропустио ниједну утакмицу на Маракани. На велику жалост, у последњих
                    неколико година, твоја Звезда, пала је у руке криминалаца, мафијаша и лопова и Првак света и Европе.
                    Још је тужније и страшније видети, да једна легенда српског фудбала и ВЕЛИКА Звездина звезда, мора
                    да шени испред окорелог криминалца. Али и за то има лека, потребна је само добра воља навијача и
                    полиције (на жалост, навијачи наша два највећ клуба, постала су оружје у рукама опаких
                    политичара-криминалаца). Ко каже да Звезди треба одузети бодове или послати у нижи ранг, довољно је
                    похапсити проверене криминалце који су купили своју слободу и њихове банде, није спортски колектив
                    крив, што су политичари на његово чело довели мафијаше. Све може да се реши, само је питање коме то
                    НЕ одговара.
                </comment-text>
                <comment-text-transliterated>Zlatko, Zlatko, ja sam navijač Partizana, ali dobro pamtim 79-tu vaše
                    utakmice, na čelu sa VELIKIM trenerom,nisam propustio nijednu utakmicu na Marakani. Na veliku
                    žalost, u poslednjih nekoliko godina, tvoja Zvezda, pala je u ruke kriminalaca, mafijaša i lopova i
                    Prvak sveta i Evrope. Još je tužnije i strašnije videti, da jedna legenda srpskog fudbala i VELIKA
                    Zvezdina zvezda, mora da šeni ispred okorelog kriminalca. Ali i za to ima leka, potrebna je samo
                    dobra volja navijača i policije (na žalost, navijači naša dva najveć kluba, postala su oružje u
                    rukama opakih političara-kriminalaca). Ko kaže da Zvezdi treba oduzeti bodove ili poslati u niži
                    rang, dovoljno je pohapsiti proverene kriminalce koji su kupili svoju slobodu i njihove bande, nije
                    sportski kolektiv kriv, što su političari na njegovo čelo doveli mafijaše. Sve može da se reši, samo
                    je pitanje kome to NE odgovara.
                </comment-text-transliterated>
            </comment>
            <comment comment-id="5">
                <comment-parent-id/>
                <comment-text>Gospodine Terziću učinili ste na treunutak da se stidim što sam navijač Crvene Zvezde i
                    što već 40 godina sa ponosom dolazim na Stadion Crvene Zvezde, na sreću taj osećaj nije dugo trajao
                    jer znam da je moja Zvezda iznad takvih gangstera koje je neko nevreme donelo u naš sveti klub!
                    Obrukao si ugled bivšeg prvaka sveta i pljunuo na dostojanstvo svakog istinskog naviača Crvene
                    Zvezde.
                </comment-text>
                <comment-text-transliterated>Gospodine Terziću učinili ste na treunutak da se stidim što sam navijač
                    Crvene Zvezde i što već 40 godina sa ponosom dolazim na Stadion Crvene Zvezde, na sreću taj osećaj
                    nije dugo trajao jer znam da je moja Zvezda iznad takvih gangstera koje je neko nevreme donelo u naš
                    sveti klub! Obrukao si ugled bivšeg prvaka sveta i pljunuo na dostojanstvo svakog istinskog naviača
                    Crvene Zvezde.
                </comment-text-transliterated>
            </comment>
            <comment comment-id="5-1">
                <comment-parent-id>5</comment-parent-id>
                <comment-text>Ti si zvezdas koliko i ja vanzemaljac.</comment-text>
                <comment-text-transliterated>Ti si zvezdas koliko i ja vanzemaljac.</comment-text-transliterated>
            </comment>
            <comment comment-id="6">
                <comment-parent-id/>
                <comment-text>Ko ti je izvor u Kongu? Milan Tarot?</comment-text>
                <comment-text-transliterated>Ko ti je izvor u Kongu? Milan Tarot?</comment-text-transliterated>
            </comment>
            <comment comment-id="7">
                <comment-parent-id/>
                <comment-text>On zna iz Konga sta je bilo ? :-) Pitajte i Misu Tumbasa šta je bilo na karaburmi ? :-)
                </comment-text>
                <comment-text-transliterated>On zna iz Konga sta je bilo ? :-) Pitajte i Misu Tumbasa šta je bilo na
                    karaburmi ? :-)
                </comment-text-transliterated>
            </comment>
            <comment comment-id="8">
                <comment-parent-id/>
                <comment-text>Utakmica je čudna i verovatno da se radi o štelovanju. Ne kapiram kako je moguće da se
                    nešto poput ovoga šteluje bez dogovora dva kluba. Ipak radi se o 8 golova. I OFK Beograd je postigao
                    gol koji nije regularan, tako da u celoj konstalaciji svi akteri su sumnjivi, čak i sudije. Inače
                    ajde da istražimo sve i da unazad oduzimamo nelegalne titule i da izbacujemo u II ligu. Samo mislim
                    da bi Partizan gore prošao. Ako je ova utakmica nešto neviđeno po pitanju nameštanja, šta ćemo sa
                    Partizanovim titulama u sezoni 1982/1983 (jedan od aktera skandala je takođe i OFK), 1985/1986,
                    sezona 1987, titula iz vremena bombardovanja (nije odigrano prvenstvo do kraja a titula je dodeljena
                    Partizanu), te 2008 godina. Sve ovo je daleko veći skandal od ovog iz 2015. Ako je bagra u Zvezdi,
                    to ne znači da bagra nije i u Partizanu, kao i u ostalim klubovima. Ne namešta utkamice valjda samo
                    jedan klub. To nije bilo nikad nigde.
                </comment-text>
                <comment-text-transliterated>Utakmica je čudna i verovatno da se radi o štelovanju. Ne kapiram kako je
                    moguće da se nešto poput ovoga šteluje bez dogovora dva kluba. Ipak radi se o 8 golova. I OFK
                    Beograd je postigao gol koji nije regularan, tako da u celoj konstalaciji svi akteri su sumnjivi,
                    čak i sudije. Inače ajde da istražimo sve i da unazad oduzimamo nelegalne titule i da izbacujemo u
                    II ligu. Samo mislim da bi Partizan gore prošao. Ako je ova utakmica nešto neviđeno po pitanju
                    nameštanja, šta ćemo sa Partizanovim titulama u sezoni 1982/1983 (jedan od aktera skandala je takođe
                    i OFK), 1985/1986, sezona 1987, titula iz vremena bombardovanja (nije odigrano prvenstvo do kraja a
                    titula je dodeljena Partizanu), te 2008 godina. Sve ovo je daleko veći skandal od ovog iz 2015. Ako
                    je bagra u Zvezdi, to ne znači da bagra nije i u Partizanu, kao i u ostalim klubovima. Ne namešta
                    utkamice valjda samo jedan klub. To nije bilo nikad nigde.
                </comment-text-transliterated>
            </comment>
            <comment comment-id="8-1">
                <comment-parent-id>8</comment-parent-id>
                <comment-text>Јел' требало наставити првенство током бомбардовања? Какав скандал са ОФК Београдом 1982?
                    Шта ти није јасно око „Шајберових првенстава“ (1986 и 1987)? Ту су и Уставни суд и УЕФА рекли своје!
                    Шта је било 2008? 2008 Партизан је био шампион са 19 бодова предности над Војводином и 21 бодом
                    предности над Звездом! И Војводину и Звезду је победио и код куће и у гостима, да у 4 сусрета није
                    примио ниједан гол! У финалу купа Партизан је победио Севојно са 3:0! Шта је ту спорно?
                </comment-text>
                <comment-text-transliterated>Jel' trebalo nastaviti prvenstvo tokom bombardovanja? Kakav skandal sa OFK
                    Beogradom 1982? Šta ti nije jasno oko „Šajberovih prvenstava“ (1986 i 1987)? Tu su i Ustavni sud i
                    UEFA rekli svoje! Šta je bilo 2008? 2008 Partizan je bio šampion sa 19 bodova prednosti nad
                    Vojvodinom i 21 bodom prednosti nad Zvezdom! I Vojvodinu i Zvezdu je pobedio i kod kuće i u gostima,
                    da u 4 susreta nije primio nijedan gol! U finalu kupa Partizan je pobedio Sevojno sa 3:0! Šta je tu
                    sporno?
                </comment-text-transliterated>
            </comment>
            <comment comment-id="9">
                <comment-parent-id/>
                <comment-text>Ovaj je samo besan sto mu nisu javili za prelaz</comment-text>
                <comment-text-transliterated>Ovaj je samo besan sto mu nisu javili za prelaz
                </comment-text-transliterated>
            </comment>
            <comment comment-id="9-1">
                <comment-parent-id>9</comment-parent-id>
                <comment-text>Ustavni sud? Ne, dečko, bio je to Sud udruženog rada. Ali, šta ti znaš o toj nameštaljki?!
                    Bitno je da galamiš i trabunjaš o stvarima o kojima pojma nemaš.
                </comment-text>
                <comment-text-transliterated>Ustavni sud? Ne, dečko, bio je to Sud udruženog rada. Ali, šta ti znaš o
                    toj nameštaljki?! Bitno je da galamiš i trabunjaš o stvarima o kojima pojma nemaš.
                </comment-text-transliterated>
            </comment>
            <comment comment-id="10">
                <comment-parent-id/>
                <comment-text>Ljudi jako prosto. U prvom poluvremenu je bila vrucina,pa zvezda nije mogla da igra punom
                    snagom. A kada je zaladilo znate i sami sta se desilo.bice jos vrucih poluvremena zvezde.
                </comment-text>
                <comment-text-transliterated>Ljudi jako prosto. U prvom poluvremenu je bila vrucina,pa zvezda nije mogla
                    da igra punom snagom. A kada je zaladilo znate i sami sta se desilo.bice jos vrucih poluvremena
                    zvezde.
                </comment-text-transliterated>
            </comment>
            <comment comment-id="11">
                <comment-parent-id/>
                <comment-text>Krmpotic opet muti nesto !!!</comment-text>
                <comment-text-transliterated>Krmpotic opet muti nesto !!!</comment-text-transliterated>
            </comment>
            <comment comment-id="12">
                <comment-parent-id/>
                <comment-text>Kada bi smo gledali namjestanja Partizan bi bio 5 liga. Kakva smejurija od lige i
                    Partizanovaca.
                </comment-text>
                <comment-text-transliterated>Kada bi smo gledali namjestanja Partizan bi bio 5 liga. Kakva smejurija od
                    lige i Partizanovaca.
                </comment-text-transliterated>
            </comment>
            <comment comment-id="13">
                <comment-parent-id/>
                <comment-text>Kakvi su to navijači zvezde kada veruju Terziću a ne Krmpotiću. Pa i Džaja nema mesta u
                    zvezdi a sa njim ste sve osvoili. Terza do kraja.
                </comment-text>
                <comment-text-transliterated>Kakvi su to navijači zvezde kada veruju Terziću a ne Krmpotiću. Pa i Džaja
                    nema mesta u zvezdi a sa njim ste sve osvoili. Terza do kraja.
                </comment-text-transliterated>
            </comment>
            <comment comment-id="14">
                <comment-parent-id/>
                <comment-text>Utakmica je imala cudan tok i sumnjiva je kao penal na ivici sesnaesterca, ali... . Da li
                    se nekada neko zapitao da je jedini gubitnik u ovom slucaju kladionica i da oni podizu tenziju oko
                    svega ovoga?Niko ne pominje igru oba kluba(zasto su jedni prestali da igraju a drugi iznenada dobili
                    turbo pogon) vec svi pricaju kladionicarskim recnikom(iz 1 u 2 i 7+)Resenje problema je
                    jednostavno:ispitati sve u zadnjih 15 godina i najuriti sve koji imaju bilo kakav problem sa zakonom
                    i bilo kakve veze sa politicarima iz naseg fudbala. Isto tako, prekinuti sve veze "navijaca" i
                    uprava klubova i neka navija ko voli klub a ne ko zaradjuje na tome.
                </comment-text>
                <comment-text-transliterated>Utakmica je imala cudan tok i sumnjiva je kao penal na ivici sesnaesterca,
                    ali... . Da li se nekada neko zapitao da je jedini gubitnik u ovom slucaju kladionica i da oni
                    podizu tenziju oko svega ovoga?Niko ne pominje igru oba kluba(zasto su jedni prestali da igraju a
                    drugi iznenada dobili turbo pogon) vec svi pricaju kladionicarskim recnikom(iz 1 u 2 i 7+)Resenje
                    problema je jednostavno:ispitati sve u zadnjih 15 godina i najuriti sve koji imaju bilo kakav
                    problem sa zakonom i bilo kakve veze sa politicarima iz naseg fudbala. Isto tako, prekinuti sve veze
                    "navijaca" i uprava klubova i neka navija ko voli klub a ne ko zaradjuje na tome.
                </comment-text-transliterated>
            </comment>
        </comment-list>
    </comments>
</document>