<document global-id="sr-03-1201">
    <url>https://www.kurir.rs/vesti/drustvo/2067343/iskljucen-posle-36-godina-rada-ds-osuduje-gasenje-radija-zrenjanin
    </url>
    <source-id>sr-03</source-id>
    <local-id>1201</local-id>
    <source-name>Kurir</source-name>
    <article>
        <article-title>ISKLJUČEN POSLE 36 GODINA RADA: DS osuđuje gašenje Radija Zrenjanin</article-title>
        <article-title-transliterated>ISKLJUČEN POSLE 36 GODINA RADA: DS osuđuje gašenje Radija Zrenjanin
        </article-title-transliterated>
        <article-time>2015-12-21</article-time>
        <article-author>-</article-author>
        <article-text>BEOGRAD - Pokrajinski odbor Demokratske stranke i Gradski odbor DS u Zrenjaninu oštro su osudili
            gašenje Radio Zrenjanina koji je, nakon 36 godina, 19. decembra prestao da emituje program i zatražili od
            Regulatornog tela za elekronske medije da im vrati dozvolu za emitovanje programa. "Najstarijoj radio
            stanici u Zrenjaninu, sa regionalnom dozvolom za emitovanje programa, prepoznatljivoj po direktnim prenosima
            skupštinskih sednica i emitovanju informativnih sadržaja kako na srpskom, tako i na jezicima nacionalnih
            manjina, vlast je 'iščupala kablove na predajniku' i onemogućila dalji rad", navodi se u saopštenju.
            DS navodi da je taj radio za sugrađane predstavljao izraz multietničnosti i multinacionalnosti Vojvodine,
            koju Srpska napredna stranka, smatraju, kontinuirano ugrožava, "uprkos navodnim evropskim vrednostima za
            koje se očigledno samo deklarativno zalaže".
            "Zahtevamo da Regulatorno telo za elekronske medije vrati Radiju Zrenjanin dozvolu za emitovanje programa,
            kako bi očuvali one vrednosti koje smo kroz istoriju negovali, a koje SNS eklatantno potcenjuje, nauštrb
            građana Vojvodine", navodi se u saopštenju.
        </article-text>
        <article-text-transliterated>BEOGRAD - Pokrajinski odbor Demokratske stranke i Gradski odbor DS u Zrenjaninu
            oštro su osudili gašenje Radio Zrenjanina koji je, nakon 36 godina, 19. decembra prestao da emituje program
            i zatražili od Regulatornog tela za elekronske medije da im vrati dozvolu za emitovanje programa.
            "Najstarijoj radio stanici u Zrenjaninu, sa regionalnom dozvolom za emitovanje programa, prepoznatljivoj po
            direktnim prenosima skupštinskih sednica i emitovanju informativnih sadržaja kako na srpskom, tako i na
            jezicima nacionalnih manjina, vlast je 'iščupala kablove na predajniku' i onemogućila dalji rad", navodi se
            u saopštenju.
            DS navodi da je taj radio za sugrađane predstavljao izraz multietničnosti i multinacionalnosti Vojvodine,
            koju Srpska napredna stranka, smatraju, kontinuirano ugrožava, "uprkos navodnim evropskim vrednostima za
            koje se očigledno samo deklarativno zalaže".
            "Zahtevamo da Regulatorno telo za elekronske medije vrati Radiju Zrenjanin dozvolu za emitovanje programa,
            kako bi očuvali one vrednosti koje smo kroz istoriju negovali, a koje SNS eklatantno potcenjuje, nauštrb
            građana Vojvodine", navodi se u saopštenju.
        </article-text-transliterated>
    </article>
    <comments>
        <comments-count>7</comments-count>
        <comment-list>
            <comment comment-id="1">
                <comment-parent-id/>
                <comment-text>Nije li pokrajinska vlada osnivač tog radija ili već čega, i zašto nije pronašla način da
                    ga finansijski spasi, bio je u njenom nadleštvu.
                </comment-text>
                <comment-text-transliterated>Nije li pokrajinska vlada osnivač tog radija ili već čega, i zašto nije
                    pronašla način da ga finansijski spasi, bio je u njenom nadleštvu.
                </comment-text-transliterated>
            </comment>
            <comment comment-id="2">
                <comment-parent-id/>
                <comment-text>Ja zaista ne razumem kakve veze ima SNS sa pomenutom radio stanicom, i zbog čega ih DS
                    uvlači i osuđuje za to?
                </comment-text>
                <comment-text-transliterated>Ja zaista ne razumem kakve veze ima SNS sa pomenutom radio stanicom, i zbog
                    čega ih DS uvlači i osuđuje za to?
                </comment-text-transliterated>
            </comment>
            <comment comment-id="3">
                <comment-parent-id/>
                <comment-text>A ko vodi pokrajinsku vladu???? Molim???</comment-text>
                <comment-text-transliterated>A ko vodi pokrajinsku vladu???? Molim???</comment-text-transliterated>
            </comment>
            <comment comment-id="4">
                <comment-parent-id/>
                <comment-text>Radio je trebao da izmiruje ranije obaveze</comment-text>
                <comment-text-transliterated>Radio je trebao da izmiruje ranije obaveze</comment-text-transliterated>
            </comment>
            <comment comment-id="5">
                <comment-parent-id/>
                <comment-text>Ko se tu pravi lud, a ko mutav? Pa u svakom slucaju moraju postojati razlozi zbog cega je
                    to tako
                </comment-text>
                <comment-text-transliterated>Ko se tu pravi lud, a ko mutav? Pa u svakom slucaju moraju postojati
                    razlozi zbog cega je to tako
                </comment-text-transliterated>
            </comment>
            <comment comment-id="6">
                <comment-parent-id/>
                <comment-text>Za sve postoji razlog.</comment-text>
                <comment-text-transliterated>Za sve postoji razlog.</comment-text-transliterated>
            </comment>
            <comment comment-id="7">
                <comment-parent-id/>
                <comment-text>Sigurno postoji jak razlog zasto je doslo do gasenja.Mislim da politika sa tim nema
                    veze.
                </comment-text>
                <comment-text-transliterated>Sigurno postoji jak razlog zasto je doslo do gasenja.Mislim da politika sa
                    tim nema veze.
                </comment-text-transliterated>
            </comment>
        </comment-list>
    </comments>
</document>