<document global-id="sr-03-1131">
    <url>
        https://www.kurir.rs/planeta/3214009/hrvatici-koja-14-godina-zivi-u-italiji-ne-daju-drzavljanstvo-kada-vidite-cime-se-bavi-nista-vam-nece-biti-jasno
    </url>
    <source-id>sr-03</source-id>
    <local-id>1131</local-id>
    <source-name>Kurir</source-name>
    <article>
        <article-title>HRVATICI KOJA 14 GODINA ŽIVI U ITALIJI NE DAJU DRŽAVLJANSTVO: Kada vidite čime se bavi ništa vam
            neće biti jasno
        </article-title>
        <article-title-transliterated>HRVATICI KOJA 14 GODINA ŽIVI U ITALIJI NE DAJU DRŽAVLJANSTVO: Kada vidite čime se
            bavi ništa vam neće biti jasno
        </article-title-transliterated>
        <article-time>2019-03-02</article-time>
        <article-author>Kurir</article-author>
        <article-text>Italijansko ministarstvo unutrašnjih poslova odbilo je zahtev 32-godišnje Hrvatice koji je tražila
            državljanstvo jer, kažu, ne poznaje italijanski jezik. I ne bi bilo čudno da se ne radi o ženi koja živi u
            Italiji već 14 godina i radi kao sudski tumač u Trstu i lokalnoj policiji.
            Naime, poznavanje italijanskog jezika novim zakonskim odredbama, koje su stupile na snagu u oktobru prošle
            godine, postalo je preduslov za sticanje državljanstva.
            Prema odredbama zakona sa zahtevom za državljanstvo, potrebno je priložiti potvrdu o poznavanju italijanskog
            jezika ili lično garantovati njeno znanje na određenom nivou.
            Hrvatica je, s obzirom da ima diplomu iz italijanskog jezika i književnosti, bila

            uverena da će ta informacija biti dovoljna.
            Italijanska opozicija je u ovom slučaju zatražila raspravu u parlamentu. Očekuje se da će na to odgovoriti
            ministar unutrašnjih poslova Mateo Salvini.
        </article-text>
        <article-text-transliterated>Italijansko ministarstvo unutrašnjih poslova odbilo je zahtev 32-godišnje Hrvatice
            koji je tražila državljanstvo jer, kažu, ne poznaje italijanski jezik. I ne bi bilo čudno da se ne radi o
            ženi koja živi u Italiji već 14 godina i radi kao sudski tumač u Trstu i lokalnoj policiji.
            Naime, poznavanje italijanskog jezika novim zakonskim odredbama, koje su stupile na snagu u oktobru prošle
            godine, postalo je preduslov za sticanje državljanstva.
            Prema odredbama zakona sa zahtevom za državljanstvo, potrebno je priložiti potvrdu o poznavanju italijanskog
            jezika ili lično garantovati njeno znanje na određenom nivou.
            Hrvatica je, s obzirom da ima diplomu iz italijanskog jezika i književnosti, bila

            uverena da će ta informacija biti dovoljna.
            Italijanska opozicija je u ovom slučaju zatražila raspravu u parlamentu. Očekuje se da će na to odgovoriti
            ministar unutrašnjih poslova Mateo Salvini.
        </article-text-transliterated>
    </article>
    <comments>
        <comments-count>0</comments-count>
        <comment-list/>
    </comments>
</document>