<document global-id="sr-03-1093">
    <url>https://www.kurir.rs/crna-hronika/3000441/legija-besneo-u-sudu-zabavate-me-vec-17-godina</url>
    <source-id>sr-03</source-id>
    <local-id>1093</local-id>
    <source-name>Kurir</source-name>
    <article>
        <article-title>HAOS NA SUĐENJU LEGIJI! ULEMEK BESNEO: Za..bavate me već 17 godina! Sramota me je vaše sramote
        </article-title>
        <article-title-transliterated>HAOS NA SUĐENJU LEGIJI! ULEMEK BESNEO: Za..bavate me već 17 godina! Sramota me je
            vaše sramote
        </article-title-transliterated>
        <article-time>2018-02-23</article-time>
        <article-author>-</article-author>
        <article-text>Ogorčen što postupak protiv njega za organizovanje pobune „crvenih beretki“ 2001. Traje sedam
            godina, Ulemek kratko rekao da nije kriv i da ga je sramota što suđenje kreće iznova. Milorad Ulemek Legija,
            kome se sudi zbog sumnje da je organizovao oružanu pobunu Jedinice za specijalne operacije 2001. godine,
            izjavio je juče pred Specijalnom sudom da nema šta da iznese u svoju odbranu jer nije kriv, kao i da ga je
            „sramota tuđe sramote“.


            - Optužnicu sam primio, jezički sam je razumeo, ali ne znam kako da se izjasnim. Sramota me vaše sramote.
            Ova agonija traje već 17 godina, ovo je događaj od pre 17 godina, a pravosuđu je trebalo 10 da pokrene
            postupak. Mlatimo se sedam godina na sudu i danas ovo kreće iz početka. Iz početka ćemo opet da slušamo iste
            priče. Da nisam sada ovde, mislio bih da me neko za*ebava - iznervirano je za sudskom govornicom rekao
            Ulemek, koji je juče pod specijalnim merama obezbeđenja u Specijalni sud prebačen iz požarevačke Zabele.
            Robija u Zabeli


            Legija, koji služi maksimalnu kaznu od 40 godina zatvora zbog ubistva premijera Zorana Đinđića i drugih
            krivičnih dela, rekao je da ono što se radi njemu i ostalim optuženima „više nema smisla“.


            - Pisao sam dva puta pisma predsedniku suda, da vidim zašto se sve ovo radi, ali sam svaki put dobio neke
            paušalne odgovore. Neću da ulazim u političke igre koje se igraju, ali ovo više nema smisla. Sedam godina
            posle istrage mi smo ovde, dva veća su sudila i bukvalno proces dovela do kraja, a mi sad opet krećemo iz
            početka. Molim vas, ili nađite snage da stavite tačku, ili rešite ovaj slučaj. Ne znam šta drugo da kažem -
            obratio se optuženi sudskom veću, pred kojim je zbog izmene u sastavu postupak formalno morao da krene
            iznova.
            Vlast nad jedinicom


            On je pristao da odgovara na pitanja „kako ne bi uskratio ostale optužene da se brane“, a oni su juče takođe
            negirali izvršenje krivičnog dela. Odgovarajući na pitanja, Legija je naveo da nisu tačni navodi tužilaštva
            da je imao neograničen uticaj i vlast nad JSO iako je u vreme pobune bio penzionisan.


            - To je van dometa pameti. Pa veštaci psihijatri su ovde rekli da takva teza ne postoji čak ni životno, da
            neko ima neograničen uticaj i vlast nad nekim. I dok sam bio u JSO, nisam imao vlast, već ovlašćenja koja mi
            pripadaju kao komandantu - rekao je Ulemek.
            Zvezdan Jovanović
            PREDSTAVLJAJU ME KAO PSIHIČKI NESTABILNOG


            Navode optužnice negirao je i Zvezdan Jovanović, koji je rekao da je optužnica „zlonamerna i politička“.


            - Tužilaštvo me predstavlja ovakvom optužnicom kao psihički nestabilnu osobu, osobu koja nema zdrav razum.
            Ne radi se o tome da je Ulemek tu bio na naše insistiranje, već da ga je jedan funkcioner bivše vlasti gurao
            ka Jedinici. On u JSO nije imao vlast, nego poštovanje - rekao je Jovanović, ne otkrivajući o kom
            funkcioneru govori.
            Ćerka i supruga u publici
            TATA TI SE IZNERVIRAO


            Suđenje Miloradu Ulemeku i ostalim optuženima za pobunu JSO juče su iz publike pratile Legijina supruga
            Aleksandra Ivanović i njihova najstarija ćerka. Legija nije krio zadovoljstvo što ih vidi iza neprobojnog
            stakla koje deli publiku od dela u kom sede optuženi.
            - Iznervirao ti se tata - rekla je kratko Aleksandra ćerki posle Legijinog izlaganja pred sudskim većem.
        </article-text>
        <article-text-transliterated>Ogorčen što postupak protiv njega za organizovanje pobune „crvenih beretki“ 2001.
            Traje sedam godina, Ulemek kratko rekao da nije kriv i da ga je sramota što suđenje kreće iznova. Milorad
            Ulemek Legija, kome se sudi zbog sumnje da je organizovao oružanu pobunu Jedinice za specijalne operacije
            2001. godine, izjavio je juče pred Specijalnom sudom da nema šta da iznese u svoju odbranu jer nije kriv,
            kao i da ga je „sramota tuđe sramote“.


            - Optužnicu sam primio, jezički sam je razumeo, ali ne znam kako da se izjasnim. Sramota me vaše sramote.
            Ova agonija traje već 17 godina, ovo je događaj od pre 17 godina, a pravosuđu je trebalo 10 da pokrene
            postupak. Mlatimo se sedam godina na sudu i danas ovo kreće iz početka. Iz početka ćemo opet da slušamo iste
            priče. Da nisam sada ovde, mislio bih da me neko za*ebava - iznervirano je za sudskom govornicom rekao
            Ulemek, koji je juče pod specijalnim merama obezbeđenja u Specijalni sud prebačen iz požarevačke Zabele.
            Robija u Zabeli


            Legija, koji služi maksimalnu kaznu od 40 godina zatvora zbog ubistva premijera Zorana Đinđića i drugih
            krivičnih dela, rekao je da ono što se radi njemu i ostalim optuženima „više nema smisla“.


            - Pisao sam dva puta pisma predsedniku suda, da vidim zašto se sve ovo radi, ali sam svaki put dobio neke
            paušalne odgovore. Neću da ulazim u političke igre koje se igraju, ali ovo više nema smisla. Sedam godina
            posle istrage mi smo ovde, dva veća su sudila i bukvalno proces dovela do kraja, a mi sad opet krećemo iz
            početka. Molim vas, ili nađite snage da stavite tačku, ili rešite ovaj slučaj. Ne znam šta drugo da kažem -
            obratio se optuženi sudskom veću, pred kojim je zbog izmene u sastavu postupak formalno morao da krene
            iznova.
            Vlast nad jedinicom


            On je pristao da odgovara na pitanja „kako ne bi uskratio ostale optužene da se brane“, a oni su juče takođe
            negirali izvršenje krivičnog dela. Odgovarajući na pitanja, Legija je naveo da nisu tačni navodi tužilaštva
            da je imao neograničen uticaj i vlast nad JSO iako je u vreme pobune bio penzionisan.


            - To je van dometa pameti. Pa veštaci psihijatri su ovde rekli da takva teza ne postoji čak ni životno, da
            neko ima neograničen uticaj i vlast nad nekim. I dok sam bio u JSO, nisam imao vlast, već ovlašćenja koja mi
            pripadaju kao komandantu - rekao je Ulemek.
            Zvezdan Jovanović
            PREDSTAVLJAJU ME KAO PSIHIČKI NESTABILNOG


            Navode optužnice negirao je i Zvezdan Jovanović, koji je rekao da je optužnica „zlonamerna i politička“.


            - Tužilaštvo me predstavlja ovakvom optužnicom kao psihički nestabilnu osobu, osobu koja nema zdrav razum.
            Ne radi se o tome da je Ulemek tu bio na naše insistiranje, već da ga je jedan funkcioner bivše vlasti gurao
            ka Jedinici. On u JSO nije imao vlast, nego poštovanje - rekao je Jovanović, ne otkrivajući o kom
            funkcioneru govori.
            Ćerka i supruga u publici
            TATA TI SE IZNERVIRAO


            Suđenje Miloradu Ulemeku i ostalim optuženima za pobunu JSO juče su iz publike pratile Legijina supruga
            Aleksandra Ivanović i njihova najstarija ćerka. Legija nije krio zadovoljstvo što ih vidi iza neprobojnog
            stakla koje deli publiku od dela u kom sede optuženi.
            - Iznervirao ti se tata - rekla je kratko Aleksandra ćerki posle Legijinog izlaganja pred sudskim većem.
        </article-text-transliterated>
    </article>
    <comments>
        <comments-count>43</comments-count>
        <comment-list>
            <comment comment-id="1">
                <comment-parent-id/>
                <comment-text>svasta sto rade sa zatvorenikom. de brate osudite ako imate sta il ostavite ga,
                </comment-text>
                <comment-text-transliterated>svasta sto rade sa zatvorenikom. de brate osudite ako imate sta il ostavite
                    ga,
                </comment-text-transliterated>
            </comment>
            <comment comment-id="1-1">
                <comment-parent-id>1</comment-parent-id>
                <comment-text>Osudjen je zemljace na 40 godina. Gde mu se zuri?</comment-text>
                <comment-text-transliterated>Osudjen je zemljace na 40 godina. Gde mu se zuri?
                </comment-text-transliterated>
            </comment>
            <comment comment-id="2">
                <comment-parent-id/>
                <comment-text>Ne daj se Miloradeeeee ! ! !</comment-text>
                <comment-text-transliterated>Ne daj se Miloradeeeee ! ! !</comment-text-transliterated>
            </comment>
            <comment comment-id="2-1">
                <comment-parent-id>2</comment-parent-id>
                <comment-text>Njegova je greška kao i kod Ramba, suviše je verovao.Neobaveštenio ga je izdao
                </comment-text>
                <comment-text-transliterated>Njegova je greška kao i kod Ramba, suviše je verovao.Neobaveštenio ga je
                    izdao
                </comment-text-transliterated>
            </comment>
            <comment comment-id="2-2">
                <comment-parent-id>2</comment-parent-id>
                <comment-text>MILORAD Legija zatvoren zato sto nije branijo MILOSEVICA sramota srba u srbiji
                </comment-text>
                <comment-text-transliterated>MILORAD Legija zatvoren zato sto nije branijo MILOSEVICA sramota srba u
                    srbiji
                </comment-text-transliterated>
            </comment>
            <comment comment-id="3">
                <comment-parent-id/>
                <comment-text>Oslobodite Legiju!</comment-text>
                <comment-text-transliterated>Oslobodite Legiju!</comment-text-transliterated>
            </comment>
            <comment comment-id="4">
                <comment-parent-id/>
                <comment-text>Ja ga razumem nema čovek vremena ima posla puno ....obaveze. ...sve mu popunjeno 40 god
                    unapred ....na se vremena
                </comment-text>
                <comment-text-transliterated>Ja ga razumem nema čovek vremena ima posla puno ....obaveze. ...sve mu
                    popunjeno 40 god unapred ....na se vremena
                </comment-text-transliterated>
            </comment>
            <comment comment-id="4-1">
                <comment-parent-id>4</comment-parent-id>
                <comment-text>Pizdo!</comment-text>
                <comment-text-transliterated>Pizdo!</comment-text-transliterated>
            </comment>
            <comment comment-id="5">
                <comment-parent-id/>
                <comment-text>Brate,sto ne pobegnes vise???</comment-text>
                <comment-text-transliterated>Brate,sto ne pobegnes vise???</comment-text-transliterated>
            </comment>
            <comment comment-id="6">
                <comment-parent-id/>
                <comment-text>progovori vec jednom,kazi sve sto znas i izlazis sa robije.drugi ce da popune tvoje
                    mesto.ako ne zelis robijaj dok si ziv.sta ti je milije.
                </comment-text>
                <comment-text-transliterated>progovori vec jednom,kazi sve sto znas i izlazis sa robije.drugi ce da
                    popune tvoje mesto.ako ne zelis robijaj dok si ziv.sta ti je milije.
                </comment-text-transliterated>
            </comment>
            <comment comment-id="7">
                <comment-parent-id/>
                <comment-text>Koliko su sposobni vidi se i po ovoj slici; covek na optuzenickoj klupi sa lisicama na
                    rukama iza ledja. Ej, pa jel on Roki? Sta ce, da ih pojede ako ga odvezu? Samo pokazuju svoju nemoc.
                    Sude za nesto sto je bilo 2001. godine?!
                </comment-text>
                <comment-text-transliterated>Koliko su sposobni vidi se i po ovoj slici; covek na optuzenickoj klupi sa
                    lisicama na rukama iza ledja. Ej, pa jel on Roki? Sta ce, da ih pojede ako ga odvezu? Samo pokazuju
                    svoju nemoc. Sude za nesto sto je bilo 2001. godine?!
                </comment-text-transliterated>
            </comment>
            <comment comment-id="8">
                <comment-parent-id/>
                <comment-text>Pa kad su nesposobni i On je potpuno u pravu.</comment-text>
                <comment-text-transliterated>Pa kad su nesposobni i On je potpuno u pravu.</comment-text-transliterated>
            </comment>
            <comment comment-id="9">
                <comment-parent-id/>
                <comment-text>Издржи Легендо !!!</comment-text>
                <comment-text-transliterated>Izdrži Legendo !!!</comment-text-transliterated>
            </comment>
            <comment comment-id="10">
                <comment-parent-id/>
                <comment-text>Неправедно осуђен! Време ће то показати</comment-text>
                <comment-text-transliterated>Nepravedno osuđen! Vreme će to pokazati</comment-text-transliterated>
            </comment>
            <comment comment-id="10-1">
                <comment-parent-id>10</comment-parent-id>
                <comment-text>Zlikovac...</comment-text>
                <comment-text-transliterated>Zlikovac...</comment-text-transliterated>
            </comment>
            <comment comment-id="10-2">
                <comment-parent-id>10</comment-parent-id>
                <comment-text>Ovd eu Americi bi bio heroj jer s eborio za svoju drzavu profesionalnoi i posteno.Sve
                    zavisi gde se nalazis. Kao sto mi nismo mogli dobro d azivimo u Srbiji a mozemo u Americi tako i on.
                </comment-text>
                <comment-text-transliterated>Ovd eu Americi bi bio heroj jer s eborio za svoju drzavu profesionalnoi i
                    posteno.Sve zavisi gde se nalazis. Kao sto mi nismo mogli dobro d azivimo u Srbiji a mozemo u
                    Americi tako i on.
                </comment-text-transliterated>
            </comment>
            <comment comment-id="11">
                <comment-parent-id/>
                <comment-text>Legija mnogo zna , pustiti ga na slobodu u zamenu da isprica sta zna ?!</comment-text>
                <comment-text-transliterated>Legija mnogo zna , pustiti ga na slobodu u zamenu da isprica sta zna ?!
                </comment-text-transliterated>
            </comment>
            <comment comment-id="11-1">
                <comment-parent-id>11</comment-parent-id>
                <comment-text>Pustiti sve koji se pokaju i priklone se napredku!</comment-text>
                <comment-text-transliterated>Pustiti sve koji se pokaju i priklone se napredku!
                </comment-text-transliterated>
            </comment>
            <comment comment-id="11-2">
                <comment-parent-id>11</comment-parent-id>
                <comment-text>Пустиће га кад буде дементан. Кад га Алцхајмер поједе.</comment-text>
                <comment-text-transliterated>Pustiće ga kad bude dementan. Kad ga Alchajmer pojede.
                </comment-text-transliterated>
            </comment>
            <comment comment-id="11-3">
                <comment-parent-id>11</comment-parent-id>
                <comment-text>Misliš da smeju?</comment-text>
                <comment-text-transliterated>Misliš da smeju?</comment-text-transliterated>
            </comment>
            <comment comment-id="12">
                <comment-parent-id/>
                <comment-text>Legija je potpuno upravu zakon i pod zakonska akta Srbije su pre glomazna i
                    komplikovana.Razlika između dve diametralno suprotne presude je nestvarno blizu.
                </comment-text>
                <comment-text-transliterated>Legija je potpuno upravu zakon i pod zakonska akta Srbije su pre glomazna i
                    komplikovana.Razlika između dve diametralno suprotne presude je nestvarno blizu.
                </comment-text-transliterated>
            </comment>
            <comment comment-id="13">
                <comment-parent-id/>
                <comment-text>Ne znam čemu ovo suđenje? Legija je dobio maksimalnu zatvorsku kaznu od 40 godina. Više od
                    toga ne može dobiti, čak i da prizna za sve što ga dodatno optužuju.
                </comment-text>
                <comment-text-transliterated>Ne znam čemu ovo suđenje? Legija je dobio maksimalnu zatvorsku kaznu od 40
                    godina. Više od toga ne može dobiti, čak i da prizna za sve što ga dodatno optužuju.
                </comment-text-transliterated>
            </comment>
            <comment comment-id="14">
                <comment-parent-id/>
                <comment-text>Čovek potpuno u pravu!!!</comment-text>
                <comment-text-transliterated>Čovek potpuno u pravu!!!</comment-text-transliterated>
            </comment>
            <comment comment-id="15">
                <comment-parent-id/>
                <comment-text>Vučiću pederu daj mu pomilovanje,operi malo obraz pederski!</comment-text>
                <comment-text-transliterated>Vučiću pederu daj mu pomilovanje,operi malo obraz pederski!
                </comment-text-transliterated>
            </comment>
            <comment comment-id="15-1">
                <comment-parent-id>15</comment-parent-id>
                <comment-text>Tesko</comment-text>
                <comment-text-transliterated>Tesko</comment-text-transliterated>
            </comment>
            <comment comment-id="16">
                <comment-parent-id/>
                <comment-text>samo budala je mogla da ga stavi u jso</comment-text>
                <comment-text-transliterated>samo budala je mogla da ga stavi u jso</comment-text-transliterated>
            </comment>
            <comment comment-id="16-1">
                <comment-parent-id>16</comment-parent-id>
                <comment-text>Ocigledno da nikad nisi sluzio vojsku.Sta je tebi taj covek skrivio da ga mrzis?Ja iskreno
                    verujem da su mu pola ako ne i vise smestili jer je sluzio dva rezima a bogami i zna dosta.Nikome ne
                    odgovara da ga puste zato ga i maltretiraju.
                </comment-text>
                <comment-text-transliterated>Ocigledno da nikad nisi sluzio vojsku.Sta je tebi taj covek skrivio da ga
                    mrzis?Ja iskreno verujem da su mu pola ako ne i vise smestili jer je sluzio dva rezima a bogami i
                    zna dosta.Nikome ne odgovara da ga puste zato ga i maltretiraju.
                </comment-text-transliterated>
            </comment>
            <comment comment-id="17">
                <comment-parent-id/>
                <comment-text>Pitanje je da li i on zna političku pozadinu ubistva premijera jer zašto bi ćutao,nema šta
                    da izgubi.Ako zna treba da kaže i ako se to dokaže treba ga osloboditi.
                </comment-text>
                <comment-text-transliterated>Pitanje je da li i on zna političku pozadinu ubistva premijera jer zašto bi
                    ćutao,nema šta da izgubi.Ako zna treba da kaže i ako se to dokaže treba ga osloboditi.
                </comment-text-transliterated>
            </comment>
            <comment comment-id="17-1">
                <comment-parent-id>17</comment-parent-id>
                <comment-text>Pa ima djecu , zenu ...... sigurno on zna mnogo al isto tako ne smije da kaze javno 100%
                </comment-text>
                <comment-text-transliterated>Pa ima djecu , zenu ...... sigurno on zna mnogo al isto tako ne smije da
                    kaze javno 100%
                </comment-text-transliterated>
            </comment>
            <comment comment-id="18">
                <comment-parent-id/>
                <comment-text>Pustite coveka na slobodu .</comment-text>
                <comment-text-transliterated>Pustite coveka na slobodu .</comment-text-transliterated>
            </comment>
            <comment comment-id="18-1">
                <comment-parent-id>18</comment-parent-id>
                <comment-text>Neko se boi da legija bude vani i bas zato i jeste u zatvoru. A to sudstvo je smesno,nece
                    oni to zakljuciti jos za 10 godina.
                </comment-text>
                <comment-text-transliterated>Neko se boi da legija bude vani i bas zato i jeste u zatvoru. A to sudstvo
                    je smesno,nece oni to zakljuciti jos za 10 godina.
                </comment-text-transliterated>
            </comment>
            <comment comment-id="19">
                <comment-parent-id/>
                <comment-text>Vreme je da pustite komandanta</comment-text>
                <comment-text-transliterated>Vreme je da pustite komandanta</comment-text-transliterated>
            </comment>
            <comment comment-id="20">
                <comment-parent-id/>
                <comment-text>Ulemek je pravi vojnik. Pripada organizaciji LEGIJI CASTI , cuti o svemu jel se zavetovao
                    otadzbini. VELIKI NAKLON KOMADANTU.
                </comment-text>
                <comment-text-transliterated>Ulemek je pravi vojnik. Pripada organizaciji LEGIJI CASTI , cuti o svemu
                    jel se zavetovao otadzbini. VELIKI NAKLON KOMADANTU.
                </comment-text-transliterated>
            </comment>
            <comment comment-id="21">
                <comment-parent-id/>
                <comment-text>Dok je on ratovao za Srbiju vi sto ga pljujete sedeli ste i gledali tv sa zenom i decom .
                    Sramota za sve njih sto su u zatvoru . Poz za komandanta,zmigija,bujosevica i zvekija
                </comment-text>
                <comment-text-transliterated>Dok je on ratovao za Srbiju vi sto ga pljujete sedeli ste i gledali tv sa
                    zenom i decom . Sramota za sve njih sto su u zatvoru . Poz za komandanta,zmigija,bujosevica i
                    zvekija
                </comment-text-transliterated>
            </comment>
            <comment comment-id="22">
                <comment-parent-id/>
                <comment-text>Zanimljivo da ne postoji nijedan materjialni dokaz o njegovoj umesanosti u bilo sta od
                    navedenog za sta se tereti.Sve je to "rekla kazala" i dosta toga mu je napakovano i znamo svi da
                    mora da cuti zbog svoje porodice i njihove bezbednosti.
                </comment-text>
                <comment-text-transliterated>Zanimljivo da ne postoji nijedan materjialni dokaz o njegovoj umesanosti u
                    bilo sta od navedenog za sta se tereti.Sve je to "rekla kazala" i dosta toga mu je napakovano i
                    znamo svi da mora da cuti zbog svoje porodice i njihove bezbednosti.
                </comment-text-transliterated>
            </comment>
            <comment comment-id="23">
                <comment-parent-id/>
                <comment-text>e da je golog otoka ko nekad a ne da uziva u zatvoru.....ovaj nikad ne bi izasao
                </comment-text>
                <comment-text-transliterated>e da je golog otoka ko nekad a ne da uziva u zatvoru.....ovaj nikad ne bi
                    izasao
                </comment-text-transliterated>
            </comment>
            <comment comment-id="24">
                <comment-parent-id/>
                <comment-text>E moj legija,Da si znao što sada znaš!</comment-text>
                <comment-text-transliterated>E moj legija,Da si znao što sada znaš!</comment-text-transliterated>
            </comment>
            <comment comment-id="25">
                <comment-parent-id/>
                <comment-text>Pustite te ljude</comment-text>
                <comment-text-transliterated>Pustite te ljude</comment-text-transliterated>
            </comment>
            <comment comment-id="26">
                <comment-parent-id/>
                <comment-text>Legija je legenda. Treba ga pustiti postaviti ga da bude presednik, zato sto on nebi bio
                    golub prevrtač kao ovi sada ubedjeni politicari.
                </comment-text>
                <comment-text-transliterated>Legija je legenda. Treba ga pustiti postaviti ga da bude presednik, zato
                    sto on nebi bio golub prevrtač kao ovi sada ubedjeni politicari.
                </comment-text-transliterated>
            </comment>
            <comment comment-id="27">
                <comment-parent-id/>
                <comment-text>Zašto Legiju niko nije fotografisao predhodnih 15 godina.Samo se stavljaju stare
                    slike.Dajte da vidimo kako čovek danas izgleda.
                </comment-text>
                <comment-text-transliterated>Zašto Legiju niko nije fotografisao predhodnih 15 godina.Samo se stavljaju
                    stare slike.Dajte da vidimo kako čovek danas izgleda.
                </comment-text-transliterated>
            </comment>
            <comment comment-id="28">
                <comment-parent-id/>
                <comment-text>Treba hitno osloboditi jedinog koji je sposoban da odbrani Srbiju</comment-text>
                <comment-text-transliterated>Treba hitno osloboditi jedinog koji je sposoban da odbrani Srbiju
                </comment-text-transliterated>
            </comment>
            <comment comment-id="28-1">
                <comment-parent-id>28</comment-parent-id>
                <comment-text>od koga?</comment-text>
                <comment-text-transliterated>od koga?</comment-text-transliterated>
            </comment>
            <comment comment-id="29">
                <comment-parent-id/>
                <comment-text>Ne daj se komandante!</comment-text>
                <comment-text-transliterated>Ne daj se komandante!</comment-text-transliterated>
            </comment>
        </comment-list>
    </comments>
</document>