<document global-id="sr-03-1353">
    <url>
        https://www.kurir.rs/sport/kosarka/3384353/jokic-zapusio-usta-zlim-jezicima-srbin-postavio-rekord-sezone-a-onda-kriticarima-porucio-ovo-video
    </url>
    <source-id>sr-03</source-id>
    <local-id>1353</local-id>
    <source-name>Kurir</source-name>
    <article>
        <article-title>JOKIĆ ZAPUŠIO USTA ZLIM JEZICIMA: Srbin postavio rekord sezone, a onda kritičarima poručio OVO!
            (VIDEO)
        </article-title>
        <article-title-transliterated>JOKIĆ ZAPUŠIO USTA ZLIM JEZICIMA: Srbin postavio rekord sezone, a onda kritičarima
            poručio OVO! (VIDEO)
        </article-title-transliterated>
        <article-time>2019-12-29</article-time>
        <article-author>Kurir</article-author>
        <article-text>Nikola Jokić je odigrao još jednu fantastičnu utakmicu za Denver. U pobedi nad Memfisom (119:110),
            Jokić je učestvovao sa čak 31 poenom i po deset skokova i asistencija.
            Srbinu je to bio sedmi tripl-dabl u sezoni, čime se izjednačio sa Lebronom Džejmsom i došao na korak od
            rekordera u toj kategoriji Luke Dončića. Ujedno, Jokić je postavio lični rekord sezone po broju poena.
            Time je ućutkao "zle jezike", koji su ga kritikovali posle neuseha u prošlom meču, u kome je Nju Orleans
            prekinuo seriju pobeda Denvera, iako je Jokić odigrao dobru partiju.
            "Posle teškog poraza, ostvarili smo važnu pobedu. Dobro sam šutirao, saigrači su mi pomagali, a trener mi
            dao veliku slobodu. Što se tiče asistencija, imao sam ih jer su saigrači sjajno trčali", prokomentarisao je
            srpski košarkaš učinak u duelu sa Memfisom, a onda poručio navijačima:
            "Dođite! Potrudićemo se da se uvek ovako dobro provedete".
        </article-text>
        <article-text-transliterated>Nikola Jokić je odigrao još jednu fantastičnu utakmicu za Denver. U pobedi nad
            Memfisom (119:110), Jokić je učestvovao sa čak 31 poenom i po deset skokova i asistencija.
            Srbinu je to bio sedmi tripl-dabl u sezoni, čime se izjednačio sa Lebronom Džejmsom i došao na korak od
            rekordera u toj kategoriji Luke Dončića. Ujedno, Jokić je postavio lični rekord sezone po broju poena.
            Time je ućutkao "zle jezike", koji su ga kritikovali posle neuseha u prošlom meču, u kome je Nju Orleans
            prekinuo seriju pobeda Denvera, iako je Jokić odigrao dobru partiju.
            "Posle teškog poraza, ostvarili smo važnu pobedu. Dobro sam šutirao, saigrači su mi pomagali, a trener mi
            dao veliku slobodu. Što se tiče asistencija, imao sam ih jer su saigrači sjajno trčali", prokomentarisao je
            srpski košarkaš učinak u duelu sa Memfisom, a onda poručio navijačima:
            "Dođite! Potrudićemo se da se uvek ovako dobro provedete".
            (Kurir sport)
        </article-text-transliterated>
    </article>
    <comments>
        <comments-count>0</comments-count>
        <comment-list/>
    </comments>
</document>