<document global-id="sr-03-1555">
    <url>https://www.kurir.rs/zabava/zena/2571023/kviz-koji-je-tvoj-jezik-ljubavi</url>
    <source-id>sr-03</source-id>
    <local-id>1555</local-id>
    <source-name>Kurir</source-name>
    <article>
        <article-title>KVIZ: Koji je tvoj jezik ljubavi?</article-title>
        <article-title-transliterated>KVIZ: Koji je tvoj jezik ljubavi?</article-title-transliterated>
        <article-time>2016-12-02</article-time>
        <article-author>-</article-author>
        <article-text>Šta je ono što vašu vezu čini snažnom? Upravo nepisani i često neverbalni jezik koji znate samo vi
            i vaš partner.
        </article-text>
        <article-text-transliterated>Šta je ono što vašu vezu čini snažnom? Upravo nepisani i često neverbalni jezik
            koji znate samo vi i vaš partner.
        </article-text-transliterated>
    </article>
    <comments>
        <comments-count>0</comments-count>
        <comment-list/>
    </comments>
</document>