<document global-id="sr-03-1491">
    <url>https://www.kurir.rs/vesti/drustvo/3275731/konacni-rezultati-male-mature-maturanti-pali-na-kombinovanom-testu
    </url>
    <source-id>sr-03</source-id>
    <local-id>1491</local-id>
    <source-name>Kurir</source-name>
    <article>
        <article-title>KONAČNI REZULTATI MALE MATURE: Maturanti pali na kombinovanom testu!</article-title>
        <article-title-transliterated>KONAČNI REZULTATI MALE MATURE: Maturanti pali na kombinovanom testu!
        </article-title-transliterated>
        <article-time>2019-06-27</article-time>
        <article-author>Kurir</article-author>
        <article-text>Mali maturanti su ove godine najgore uradili kombinovani test, prosek je bio samo 11 poena,
            matematika je urađena za čitav bod bolje, dok su rezultati srpskog jezika u rangu prošlogodišnjeg testa,
            pokazali su konačni rezultati male mature koje su stigli juče.


            Donja granica bodova za upis smanjiće se za 0,8 ili jedan poen u odnosu na prošlu godinu, a rezultati
            završnog ispita su ukupno bolji nego prošle godine, izjavila je pomoćnica ministra prosvete Vesna
            Nedeljković.
            - Ponavljanje testa iz matematike bilo je prava odluka, jer su na taj način deca koja su imala strože
            kriterijume u školi dobila šansu da ostvare visok rezultat na završnim testovima i tako dopune uspeh iz
            škole. Što se tiče popunjavanja liste želja, koje se predaju danas i u subotu, savetujem roditeljima da to
            urade s decom kod kuće i da se iz konkursa dobro i pravilno prepišu podaci, jer se mogu desiti greške pri
            unosu tih podataka u bazu - rekla je Nedeljkovićeva.
            Prema njenim rečima, prva, druga i treća želja na listi treba da budu realne, jer statistika pokazuje da
            više od 90 odsto učenika upiše jednu od prve tri želje. Ukoliko deca imaju dovoljan broj bodova za upis prve
            škole na listi želja, a kvota nije popunjena, deca će biti upisana u željenu školu.
            - Uvek je bolje ući u prvom upisnom krugu gde god. Nekad to nije željena škola. Uvek postoje načini da
            određenom molbom pređete u željenu školu. Ništa nije ni konačno ni presudno - navela je Nedeljkovićeva.
            Informacije o donjem pragu za sve škole mogu se pronaći u Informatoru ili na sajtu www.upis.mpn.gov.rs.
        </article-text>
        <article-text-transliterated>Mali maturanti su ove godine najgore uradili kombinovani test, prosek je bio samo
            11 poena, matematika je urađena za čitav bod bolje, dok su rezultati srpskog jezika u rangu prošlogodišnjeg
            testa, pokazali su konačni rezultati male mature koje su stigli juče.


            Donja granica bodova za upis smanjiće se za 0,8 ili jedan poen u odnosu na prošlu godinu, a rezultati
            završnog ispita su ukupno bolji nego prošle godine, izjavila je pomoćnica ministra prosvete Vesna
            Nedeljković.
            - Ponavljanje testa iz matematike bilo je prava odluka, jer su na taj način deca koja su imala strože
            kriterijume u školi dobila šansu da ostvare visok rezultat na završnim testovima i tako dopune uspeh iz
            škole. Što se tiče popunjavanja liste želja, koje se predaju danas i u subotu, savetujem roditeljima da to
            urade s decom kod kuće i da se iz konkursa dobro i pravilno prepišu podaci, jer se mogu desiti greške pri
            unosu tih podataka u bazu - rekla je Nedeljkovićeva.
            Prema njenim rečima, prva, druga i treća želja na listi treba da budu realne, jer statistika pokazuje da
            više od 90 odsto učenika upiše jednu od prve tri želje. Ukoliko deca imaju dovoljan broj bodova za upis prve
            škole na listi želja, a kvota nije popunjena, deca će biti upisana u željenu školu.
            - Uvek je bolje ući u prvom upisnom krugu gde god. Nekad to nije željena škola. Uvek postoje načini da
            određenom molbom pređete u željenu školu. Ništa nije ni konačno ni presudno - navela je Nedeljkovićeva.
            Informacije o donjem pragu za sve škole mogu se pronaći u Informatoru ili na sajtu www.upis.mpn.gov.rs.
        </article-text-transliterated>
    </article>
    <comments>
        <comments-count>0</comments-count>
        <comment-list/>
    </comments>
</document>