<document global-id="sr-03-147">
    <url>
        https://www.kurir.rs/sport/kosarka/2546863/video-espreso-tviter-tegeltija-bez-dlake-na-jeziku-odgovara-na-brutalne-prozivke-navijaca-zvezde
    </url>
    <source-id>sr-03</source-id>
    <local-id>147</local-id>
    <source-name>Kurir</source-name>
    <article>
        <article-title>(VIDEO) ESPRESO TVITER Tegeltija bez dlake na jeziku odgovara na brutalne prozivke navijača
            Zvezde!
        </article-title>
        <article-title-transliterated>(VIDEO) ESPRESO TVITER Tegeltija bez dlake na jeziku odgovara na brutalne prozivke
            navijača Zvezde!
        </article-title-transliterated>
        <article-time>2016-11-17</article-time>
        <article-author>-</article-author>
        <article-text>Jedno od najpoznatijih televizijskih lica u Srbiji koje nikog na ostavlja ravnodušnim, bio je ove
            nedelje gost naše redakcije. Lice prepoznatljivo s malih ekrana, njegove emisije su kultne i gledane, a uz
            njegove snimke s velikih takmičenja našeg nacionalnog tima stasale su mnoge generacije.
            Specijalista za košarku koji svojim komentarima, zaključcima i prilozima nikog ne ostavlja ravnodušnim,
            naročito navijače dva najveća kluba - Partizana i Crvene zvezde.Jedni ga napadaju, pljuju, dok ga drugi
            brane, a tako je bilo i na Espreso Tviteru.Svima je odgovorio onako kako samo on ume, pa zato ne časite časa
            i pogledajte novu epizodu Espreso Tvitera u kojoj je on gost.
        </article-text>
        <article-text-transliterated>Jedno od najpoznatijih televizijskih lica u Srbiji koje nikog na ostavlja
            ravnodušnim, bio je ove nedelje gost naše redakcije. Lice prepoznatljivo s malih ekrana, njegove emisije su
            kultne i gledane, a uz njegove snimke s velikih takmičenja našeg nacionalnog tima stasale su mnoge
            generacije.
            Specijalista za košarku koji svojim komentarima, zaključcima i prilozima nikog ne ostavlja ravnodušnim,
            naročito navijače dva najveća kluba - Partizana i Crvene zvezde.Jedni ga napadaju, pljuju, dok ga drugi
            brane, a tako je bilo i na Espreso Tviteru.Svima je odgovorio onako kako samo on ume, pa zato ne časite časa
            i pogledajte novu epizodu Espreso Tvitera u kojoj je on gost.
        </article-text-transliterated>
    </article>
    <comments>
        <comments-count>0</comments-count>
        <comment-list/>
    </comments>
</document>