<document global-id="sr-03-1174">
    <url>
        https://www.kurir.rs/sport/kosarka/2020569/ima-posebne-uslove-evo-sta-je-vujosevic-rekao-o-preuzimanju-kluba-iz-hrvatske
    </url>
    <source-id>sr-03</source-id>
    <local-id>1174</local-id>
    <source-name>Kurir</source-name>
    <article>
        <article-title>IMA POSEBNE USLOVE: Evo šta je Vujošević rekao o preuzimanju kluba iz Hrvatske!</article-title>
        <article-title-transliterated>IMA POSEBNE USLOVE: Evo šta je Vujošević rekao o preuzimanju kluba iz Hrvatske!
        </article-title-transliterated>
        <article-time>2015-11-16</article-time>
        <article-author>Kurir sport</article-author>
        <article-text>Bivši trener Partizana Duško Vujošević izjavio je da želi da se vrati trenerskom poslu, ali da ne
            žuri jer ne prihvata bilo kakav posao. Legendarni trener crno-belih ne odbacuje mogućnost da čak jednog dana
            preuzme klub iz Hrvatske.
            "Čovek sam košarke, nisamo nacionalista. Jugonostalgičar sam iako neki vole da psprdno pričaju o tome. Nije
            mi kriterijum ko je šta po nacionalnosti, nego ko je kakav. Kada nigde ne radim, onda navijam za Partizan,
            pre svega što je Partizan jugoslovensko sportsko društvo. Želim da se bavim ovim poslom, tako da bih
            prihvatio poziv kluba koji može da odgovori mojim planovima i idejama", rekao je Vujošević.
            Vujošević je istakao da je strpljiv, da ne žuri sa pronalaskom kluba, jer ima posebne uslove i ne može da
            prihvati bilo kakav posao.
            "Nisam trener koji na kratke staze pravi rezultate. Sa Partizanom sam se razišao kasno, kada je sezona
            praktično počinjala. Imam specifičnu metodiku rada, volim duže da radim s nekom ekipom. Jezici me, takođe,
            limitiraju. Od stranih jezika pričam samo italijanski. Treća stvar, da bi pojedini ljudi opravdali to što su
            radili, napravili su veliku antipropagandu - da sam potrošen, bolestan... Oni, takođe, nisu bez moći u
            menadžerskim i ostalim krugovima. Ne žurim i ne mogu da prihvatim bilo kakav posao. Želim da mogu da radim s
            uživanjem i da se moj način rada vidi kroz rezultate. Strpljiv sam, ne pritiskam menadžere, ne vodim nikakve
            kampanje", rekao je Vujošević.
        </article-text>
        <article-text-transliterated>Bivši trener Partizana Duško Vujošević izjavio je da želi da se vrati trenerskom
            poslu, ali da ne žuri jer ne prihvata bilo kakav posao. Legendarni trener crno-belih ne odbacuje mogućnost
            da čak jednog dana preuzme klub iz Hrvatske.
            "Čovek sam košarke, nisamo nacionalista. Jugonostalgičar sam iako neki vole da psprdno pričaju o tome. Nije
            mi kriterijum ko je šta po nacionalnosti, nego ko je kakav. Kada nigde ne radim, onda navijam za Partizan,
            pre svega što je Partizan jugoslovensko sportsko društvo. Želim da se bavim ovim poslom, tako da bih
            prihvatio poziv kluba koji može da odgovori mojim planovima i idejama", rekao je Vujošević.
            Vujošević je istakao da je strpljiv, da ne žuri sa pronalaskom kluba, jer ima posebne uslove i ne može da
            prihvati bilo kakav posao.
            "Nisam trener koji na kratke staze pravi rezultate. Sa Partizanom sam se razišao kasno, kada je sezona
            praktično počinjala. Imam specifičnu metodiku rada, volim duže da radim s nekom ekipom. Jezici me, takođe,
            limitiraju. Od stranih jezika pričam samo italijanski. Treća stvar, da bi pojedini ljudi opravdali to što su
            radili, napravili su veliku antipropagandu - da sam potrošen, bolestan... Oni, takođe, nisu bez moći u
            menadžerskim i ostalim krugovima. Ne žurim i ne mogu da prihvatim bilo kakav posao. Želim da mogu da radim s
            uživanjem i da se moj način rada vidi kroz rezultate. Strpljiv sam, ne pritiskam menadžere, ne vodim nikakve
            kampanje", rekao je Vujošević.
            (Alo)
        </article-text-transliterated>
    </article>
    <comments>
        <comments-count>4</comments-count>
        <comment-list>
            <comment comment-id="1">
                <comment-parent-id/>
                <comment-text>Preuzima Sutjesku.Zna jezik.</comment-text>
                <comment-text-transliterated>Preuzima Sutjesku.Zna jezik.</comment-text-transliterated>
            </comment>
            <comment comment-id="2">
                <comment-parent-id/>
                <comment-text>Dule legendo,opet ces ti u nas Partizan.</comment-text>
                <comment-text-transliterated>Dule legendo,opet ces ti u nas Partizan.</comment-text-transliterated>
            </comment>
            <comment comment-id="3">
                <comment-parent-id/>
                <comment-text>Probaj opet u Rusiji, mozda su zaboravili kakav si strucnjak.</comment-text>
                <comment-text-transliterated>Probaj opet u Rusiji, mozda su zaboravili kakav si strucnjak.
                </comment-text-transliterated>
            </comment>
            <comment comment-id="4">
                <comment-parent-id/>
                <comment-text>strucnjce, ti si jedino mogao raditi tu gde si radio! to je tvoja 'blistava karijera'!
                    bahacenje, mrznja, davljenje, gepekovanje...uza specijalnost! a toga nigde vise nema!!!
                </comment-text>
                <comment-text-transliterated>strucnjce, ti si jedino mogao raditi tu gde si radio! to je tvoja 'blistava
                    karijera'! bahacenje, mrznja, davljenje, gepekovanje...uza specijalnost! a toga nigde vise nema!!!
                </comment-text-transliterated>
            </comment>
        </comment-list>
    </comments>
</document>