<document global-id="sr-03-1490">
    <url>
        https://www.kurir.rs/vesti/drustvo/3270203/konacna-odluka-polaganje-kombinovanog-testa-ipak-sutra-ministarstvo-tvrdi-da-su-sve-verzije-resenja-objavljenje-na-drustvenim-mrezama-lazne
    </url>
    <source-id>sr-03</source-id>
    <local-id>1490</local-id>
    <source-name>Kurir</source-name>
    <article>
        <article-title>KONAČNA ODLUKA! POLAGANJE KOMBINOVANOG TESTA IPAK SUTRA: Ministarstvo tvrdi da su sve verzije
            rešenja objavljene na društvenim mrežama ...
        </article-title>
        <article-title-transliterated>KONAČNA ODLUKA! POLAGANJE KOMBINOVANOG TESTA IPAK SUTRA: Ministarstvo tvrdi da su
            sve verzije rešenja objavljene na društvenim mrežama ...
        </article-title-transliterated>
        <article-time>2019-06-18</article-time>
        <article-author>Kurir</article-author>
        <article-text>Fotografije kombinovanih testova koje su se pojavile na društvenim mrežama su lažne, prema tome
            testovi za polaganje tog dela male mature nisu "provaljeni", pa će sutra kako je i predviđeno, biti održano
            polaganje kombinovanih testova, rečeno je u Ministarstvu prosvete.
            "Sve te fotografije su lažne. Radi se o testovima iz ranijih godina i to je provereno sa Zavodom", rekla je
            pomoćnica ministra u Ministarstvu prosvete Vesne Nedeljković.
            Sa testom iz srpskog jezika, koji su osmaci polagali juče, sve je u redu, navela je Nedeljković i dodala da
            će osmaci zadatke iz matematike rešavati u četvrtak, 20. juna.
            Na pitanje da li postoji mogucnost da bude poništena mala matura, kao što je to bilo 2013. godine, rekla je
            da nema razloga za to.
            "Nema razloga za to. To bi unelo dodatni nemir i mislim da je svako pozivanje na tu vrstu ponašanja
            neodgovorno", rekla je ona.
            Ministar prosvete Mladen Šarčević jutros je potvrdio da je test iz matematike, koji su osmaci trebalo da
            polažu danas, "provaljen" i da se to dogodilo u "nekoj" školi.
            Polaganje tog testa pomereno je za četvrtak, 20. juna.
        </article-text>
        <article-text-transliterated>Fotografije kombinovanih testova koje su se pojavile na društvenim mrežama su
            lažne, prema tome testovi za polaganje tog dela male mature nisu "provaljeni", pa će sutra kako je i
            predviđeno, biti održano polaganje kombinovanih testova, rečeno je u Ministarstvu prosvete.
            "Sve te fotografije su lažne. Radi se o testovima iz ranijih godina i to je provereno sa Zavodom", rekla je
            pomoćnica ministra u Ministarstvu prosvete Vesne Nedeljković.
            Sa testom iz srpskog jezika, koji su osmaci polagali juče, sve je u redu, navela je Nedeljković i dodala da
            će osmaci zadatke iz matematike rešavati u četvrtak, 20. juna.
            Na pitanje da li postoji mogucnost da bude poništena mala matura, kao što je to bilo 2013. godine, rekla je
            da nema razloga za to.
            "Nema razloga za to. To bi unelo dodatni nemir i mislim da je svako pozivanje na tu vrstu ponašanja
            neodgovorno", rekla je ona.
            Ministar prosvete Mladen Šarčević jutros je potvrdio da je test iz matematike, koji su osmaci trebalo da
            polažu danas, "provaljen" i da se to dogodilo u "nekoj" školi.
            Polaganje tog testa pomereno je za četvrtak, 20. juna.
        </article-text-transliterated>
    </article>
    <comments>
        <comments-count>20</comments-count>
        <comment-list>
            <comment comment-id="1">
                <comment-parent-id/>
                <comment-text>Odgovorno tvrdim i stojim iza svojih reci da su takodje postojala i resenja za test iz
                    srpskog jezika.
                </comment-text>
                <comment-text-transliterated>Odgovorno tvrdim i stojim iza svojih reci da su takodje postojala i resenja
                    za test iz srpskog jezika.
                </comment-text-transliterated>
            </comment>
            <comment comment-id="1-1">
                <comment-parent-id>1</comment-parent-id>
                <comment-text>Kakva je to odgovornost a potpisujete se sa anonimni????</comment-text>
                <comment-text-transliterated>Kakva je to odgovornost a potpisujete se sa anonimni????
                </comment-text-transliterated>
            </comment>
            <comment comment-id="1-2">
                <comment-parent-id>1</comment-parent-id>
                <comment-text>Odgovorno bi bilo da ste to prijavili policiji a nije ni sada kasno ako imate dokaze sa
                    njima pravo u policiju
                </comment-text>
                <comment-text-transliterated>Odgovorno bi bilo da ste to prijavili policiji a nije ni sada kasno ako
                    imate dokaze sa njima pravo u policiju
                </comment-text-transliterated>
            </comment>
            <comment comment-id="2">
                <comment-parent-id/>
                <comment-text>Kurrir molio bi vas. Da objavite nasu peticiju koju su generacija I odrasli pokrenuli
                    imamo preko.6k potpisaHvalaPeticija: https://www.peticije24.com/232733
                </comment-text>
                <comment-text-transliterated>Kurrir molio bi vas. Da objavite nasu peticiju koju su generacija I odrasli
                    pokrenuli imamo preko.6k potpisaHvalaPeticija: https://www.peticije24.com/232733
                </comment-text-transliterated>
            </comment>
            <comment comment-id="3">
                <comment-parent-id/>
                <comment-text>Bruka i sramota, ne stresirajte vise decu, pustite ih da se raduju svakom buducem damu.
                </comment-text>
                <comment-text-transliterated>Bruka i sramota, ne stresirajte vise decu, pustite ih da se raduju svakom
                    buducem damu.
                </comment-text-transliterated>
            </comment>
            <comment comment-id="4">
                <comment-parent-id/>
                <comment-text>Ko moze verovati i test iz srpskog da li je regularan. Ovde deca najviše ispaštaju,a i
                    roditelji.
                </comment-text>
                <comment-text-transliterated>Ko moze verovati i test iz srpskog da li je regularan. Ovde deca najviše
                    ispaštaju,a i roditelji.
                </comment-text-transliterated>
            </comment>
            <comment comment-id="4-1">
                <comment-parent-id>4</comment-parent-id>
                <comment-text>I roditelji i deca a cista laz da je test iz skole izasao jel svaka skola dobija testove
                    zapecacene u toku jutarnjih casova a test je sinoc kruzio internetom de je tu logika
                </comment-text>
                <comment-text-transliterated>I roditelji i deca a cista laz da je test iz skole izasao jel svaka skola
                    dobija testove zapecacene u toku jutarnjih casova a test je sinoc kruzio internetom de je tu logika
                </comment-text-transliterated>
            </comment>
            <comment comment-id="4-2">
                <comment-parent-id>4</comment-parent-id>
                <comment-text>Serloce opusti se, pametne ljude vredja tvoja neinteligencija.</comment-text>
                <comment-text-transliterated>Serloce opusti se, pametne ljude vredja tvoja neinteligencija.
                </comment-text-transliterated>
            </comment>
            <comment comment-id="4-3">
                <comment-parent-id>4</comment-parent-id>
                <comment-text>Tacno,jer ih je sve glupljih,nepismenijih i neobrazovanijih! Ps. na roditelje mislim, a
                    deca su BLAGO,doduse,uglavnom,skriveno....Nisu deca kriva...
                </comment-text>
                <comment-text-transliterated>Tacno,jer ih je sve glupljih,nepismenijih i neobrazovanijih! Ps. na
                    roditelje mislim, a deca su BLAGO,doduse,uglavnom,skriveno....Nisu deca kriva...
                </comment-text-transliterated>
            </comment>
            <comment comment-id="5">
                <comment-parent-id/>
                <comment-text>Deca ispastaju ! Definitivno se neko igra sa njihovim mladim zivotima! SRAMOTA!
                </comment-text>
                <comment-text-transliterated>Deca ispastaju ! Definitivno se neko igra sa njihovim mladim zivotima!
                    SRAMOTA!
                </comment-text-transliterated>
            </comment>
            <comment comment-id="6">
                <comment-parent-id/>
                <comment-text>Što žalosniji prosvetni sistem i nesposobniji kadar sve više zatežu. Uvedite neki red i
                    norme za ocenjivanje i napokon ukinite glupe mature za osnovce.
                </comment-text>
                <comment-text-transliterated>Što žalosniji prosvetni sistem i nesposobniji kadar sve više zatežu.
                    Uvedite neki red i norme za ocenjivanje i napokon ukinite glupe mature za osnovce.
                </comment-text-transliterated>
            </comment>
            <comment comment-id="7">
                <comment-parent-id/>
                <comment-text>A sta je sa testom iz srpskog jezika? On nije provaljen? Budimo realni, najbolja odluka bi
                    bila da deca srednju skolu upisuju na osnovnu osmogodisnjeg uspeha.
                </comment-text>
                <comment-text-transliterated>A sta je sa testom iz srpskog jezika? On nije provaljen? Budimo realni,
                    najbolja odluka bi bila da deca srednju skolu upisuju na osnovnu osmogodisnjeg uspeha.
                </comment-text-transliterated>
            </comment>
            <comment comment-id="8">
                <comment-parent-id/>
                <comment-text>Gospodo deca su u Nemanjinoj, ne pravite se vise pametni, nego resite probelem. Ne lazite
                    vise, jer i da istinu govorite niko Vam ne veruje.
                </comment-text>
                <comment-text-transliterated>Gospodo deca su u Nemanjinoj, ne pravite se vise pametni, nego resite
                    probelem. Ne lazite vise, jer i da istinu govorite niko Vam ne veruje.
                </comment-text-transliterated>
            </comment>
            <comment comment-id="9">
                <comment-parent-id/>
                <comment-text>Da, deca najviše ispaštaju. Ovde su zakazali svi.</comment-text>
                <comment-text-transliterated>Da, deca najviše ispaštaju. Ovde su zakazali svi.
                </comment-text-transliterated>
            </comment>
            <comment comment-id="10">
                <comment-parent-id/>
                <comment-text>OBJAVITE MOLIMO VAS NASU PETICIJU!!</comment-text>
                <comment-text-transliterated>OBJAVITE MOLIMO VAS NASU PETICIJU!!</comment-text-transliterated>
            </comment>
            <comment comment-id="11">
                <comment-parent-id/>
                <comment-text>Ne mislim da je ukidanje polaganje mature rešenje. I sad se ocene poklanjaju i šakom i
                    kapom. Te roditelji znaju ovog te onog, te na nekog se izvicu jer "nije naučio decu" i slično.
                    Moraju bolje da zaštite testove, ali ne smeju da ukinu test.
                </comment-text>
                <comment-text-transliterated>Ne mislim da je ukidanje polaganje mature rešenje. I sad se ocene
                    poklanjaju i šakom i kapom. Te roditelji znaju ovog te onog, te na nekog se izvicu jer "nije naučio
                    decu" i slično. Moraju bolje da zaštite testove, ali ne smeju da ukinu test.
                </comment-text-transliterated>
            </comment>
            <comment comment-id="12">
                <comment-parent-id/>
                <comment-text>Objavite peticiju uskoro će imati 10.000 potpisa,pomozite kao uticajni mediji da rešimo
                    neke probleme u društvu.
                </comment-text>
                <comment-text-transliterated>Objavite peticiju uskoro će imati 10.000 potpisa,pomozite kao uticajni
                    mediji da rešimo neke probleme u društvu.
                </comment-text-transliterated>
            </comment>
            <comment comment-id="13">
                <comment-parent-id/>
                <comment-text>Objavite peticiju pomozimo nasoj deci</comment-text>
                <comment-text-transliterated>Objavite peticiju pomozimo nasoj deci</comment-text-transliterated>
            </comment>
            <comment comment-id="13-1">
                <comment-parent-id>13</comment-parent-id>
                <comment-text>Postoji peticija ima vec 9000 ljudi za 2 sata</comment-text>
                <comment-text-transliterated>Postoji peticija ima vec 9000 ljudi za 2 sata</comment-text-transliterated>
            </comment>
            <comment comment-id="14">
                <comment-parent-id/>
                <comment-text>Sram vas bilo,kakvo maltretiranje,izivljavanje i stresiranje te sirote dece!Osakacena im
                    buducnost svakako pa ih jos malo mesite tako zasluzuju neduzna deca!Ponistiti prijemni u
                    potpunosti!!!
                </comment-text>
                <comment-text-transliterated>Sram vas bilo,kakvo maltretiranje,izivljavanje i stresiranje te sirote
                    dece!Osakacena im buducnost svakako pa ih jos malo mesite tako zasluzuju neduzna deca!Ponistiti
                    prijemni u potpunosti!!!
                </comment-text-transliterated>
            </comment>
        </comment-list>
    </comments>
</document>