<document global-id="sr-03-1357">
    <url>
        https://www.kurir.rs/sport/fudbal/2778771/jos-jedan-srbin-medu-bikovima-milinkovic-savic-u-torino-idem-zbog-mihajlovica
    </url>
    <source-id>sr-03</source-id>
    <local-id>1357</local-id>
    <source-name>Kurir</source-name>
    <article>
        <article-title>JOŠ JEDAN SRBIN MEĐU BIKOVIMA Milinković-Savić: U Torino idem zbog Mihajlovića</article-title>
        <article-title-transliterated>JOŠ JEDAN SRBIN MEĐU BIKOVIMA Milinković-Savić: U Torino idem zbog Mihajlovića
        </article-title-transliterated>
        <article-time>2017-04-11</article-time>
        <article-author>Kurir sport</article-author>
        <article-text>Golman mlade reprezentacije Srbije Vanja Milinković-Savić rekao je da je izabrao prelazak u Torino
            zbog trenera Siniše Mihajlovića, ali i srpskih fudbalera Adema Ljajića i Saše Lukića kako bi se lakše
            prilagodio na italijanski fudbal. Milinković-Savić od leta zvanično će postati golman 'bikova' prema
            dogovoru sa poljskom Lehijom, ali se već sada priključio novom timu da trenira i da se što pre navikne na
            novu sredinu.
            "Dobio sam nekoliko ponuda, ali sam izabrao Torino zbog Mihajlovića, kao i Ljajića i Lukića, govorimo istim
            jezikom i biće mi to od velike koristi. Redovno pratim Seriju A i primetio sam da se mnoge utakmice odlučuju
            u poslednjim minutima. Mislim da je to dobro, ne želim da umrem od dosade na golu, volim pritisak jer
            održava koncentraciju", rekao je Milinković-Savić.
            Srpski golman projektovan je kao naslednik Džoa Harta, kome na kraju sezone ističe pozajmica iz Mančester
            Sitija."Hart je ove sezone u Torinu pokazao svoj talenat, navijači su se navikli na njegove odlične partije,
            a onda bi ja trebalo da budem njegov naslednik. Spreman sam da uradim sve, ne bojim se ničeg".
            Vanja Milinković-Savić otkrio je da mu je idol iz detinjstva bio bivši golman Juventusa, Milana i Torina
            Kristijan Abijati."Možda je nekome čudno, ali ja sam mu se divio", zaključio je brat Sergeja
            Milinković-Savića, kome će biti protivnik naredne sezone u duelu Lacija i Torina.
        </article-text>
        <article-text-transliterated>Golman mlade reprezentacije Srbije Vanja Milinković-Savić rekao je da je izabrao
            prelazak u Torino zbog trenera Siniše Mihajlovića, ali i srpskih fudbalera Adema Ljajića i Saše Lukića kako
            bi se lakše prilagodio na italijanski fudbal. Milinković-Savić od leta zvanično će postati golman 'bikova'
            prema dogovoru sa poljskom Lehijom, ali se već sada priključio novom timu da trenira i da se što pre navikne
            na novu sredinu.
            "Dobio sam nekoliko ponuda, ali sam izabrao Torino zbog Mihajlovića, kao i Ljajića i Lukića, govorimo istim
            jezikom i biće mi to od velike koristi. Redovno pratim Seriju A i primetio sam da se mnoge utakmice odlučuju
            u poslednjim minutima. Mislim da je to dobro, ne želim da umrem od dosade na golu, volim pritisak jer
            održava koncentraciju", rekao je Milinković-Savić.
            Srpski golman projektovan je kao naslednik Džoa Harta, kome na kraju sezone ističe pozajmica iz Mančester
            Sitija."Hart je ove sezone u Torinu pokazao svoj talenat, navijači su se navikli na njegove odlične partije,
            a onda bi ja trebalo da budem njegov naslednik. Spreman sam da uradim sve, ne bojim se ničeg".
            Vanja Milinković-Savić otkrio je da mu je idol iz detinjstva bio bivši golman Juventusa, Milana i Torina
            Kristijan Abijati."Možda je nekome čudno, ali ja sam mu se divio", zaključio je brat Sergeja
            Milinković-Savića, kome će biti protivnik naredne sezone u duelu Lacija i Torina.
        </article-text-transliterated>
    </article>
    <comments>
        <comments-count>0</comments-count>
        <comment-list/>
    </comments>
</document>