<document global-id="sr-03-1225">
    <url>
        https://www.kurir.rs/vesti/drustvo/3181803/ispovest-rusa-koji-je-branio-srbe-od-albanskih-terorista-do-poslednjeg-daha-pogodili-su-me-u-oko-a-krvavi-nisan-sam-obrisao-jezikom-pa-nastavio-da-pucam
    </url>
    <source-id>sr-03</source-id>
    <local-id>1225</local-id>
    <source-name>Kurir</source-name>
    <article>
        <article-title>ISPOVEST RUSA KOJI JE BRANIO SRBE OD ALBANSKIH TERORISTA: Pogodili su me u oko, a krvavi nišan
            sam obrisao jezikom, pa nastavio da ...
        </article-title>
        <article-title-transliterated>ISPOVEST RUSA KOJI JE BRANIO SRBE OD ALBANSKIH TERORISTA: Pogodili su me u oko, a
            krvavi nišan sam obrisao jezikom, pa nastavio da ...
        </article-title-transliterated>
        <article-time>2019-01-01</article-time>
        <article-author>Kurir</article-author>
        <article-text>Ispovest! Albert Andijev je teško ranjen u borbama na Kosmetu tokom NATO agresije 1999. godine.
            Nije me brinulo da li ću poginuti... Bitno mi je bilo da budem na pravoj strani, a 1999. borio sam se na
            strani istine, na strani naroda koji je branio svoje. Kosovo i Metohija, to je zemlja koja pripada Srbiji!
            Danas bih uradio isto, rame uz rame sa hrabrim srpskim vojnicima.


            Ovim rečima počinje ispovest Albert Andijev, Rus koji je kao dobrovoljac branio tadašnju SR Jugoslaviju
            tokom NATO agresije od albanskih terorista.
            Raspoređen je kao snajperista u 549. motorizovanoj brigadi. Njegovo herojstvo ogleda se, pored ostalog, u
            tome što je, kada ga je teroristički snajper pogodio u desno oko, nastavio da puca. U ratu je izgubio oko,
            ranjen je u ruku i ratni je vojni invalid 100 odsto.
            Prijateljstvo za ceo život
            ČAST JE BORITI SE UZ SRBE


            Albert Andijev danas se druži sa saborcima koji su hrabro branili Kosovo i Metohiju, a kaže da se često
            okupljaju.
            - Na tim zajedničkim druženjima uvek se prisećamo ratnih vremena, kada smo branili našu zemlju. Naravno,
            mnogo je tu emocija. Smejemo se i plačemo, pričamo... Bila mi je čast da se borim uz vas protiv daleko jačeg
            neprijatelja, jer generalno, vojnički, mi smo agresore osramotili - kaže Andijev.
            Priseban


            - Tog 5. maja kod Suve Reke pogođen sam u oko... Munjevito sam razmišljao. Snajper sam prebacio na drugo
            rame, jezikom sam obrisao nišan od krvi i nastavio da pucam. Osetio sam da gubim svest, nekako sam se
            podigao i tada sam dobio i drugi metak u ruku. Bio sam svestan da ako ostanem da sedim, više neću moći da se
            podignem. Saborci su me brzo stavili na šatorska krila i odneli u pozadinu, iz jednog auta u drugi, pa do
            bolnice - priča Andijev.


            Prvobitno je lečen u Kliničkom centru u Prištini, gde su o njemu vodile računa i žene iz Kola srpskih
            sestara. Izašao je bez dopusta lekara i pošao na položaj, ali je naišao na saborce iz jedinice, koji su ga
            odveli u Beograd na VMA, na lečenje.
            I ratnici plaču


            - I lekari su bili deo odbrane ove zemlje, vraćali su nas borce u život. Nisam mogao da ležim u krevetu dok
            se moji bore. Ginulo se... Pronalazili smo tela poginulih saboraca. Bilo je teško. Borci su plakali, jer
            niko nije od gvožđa. I ja sam plakao krišom. Bilo je i onih kojima nismo videli suze, ali bolje suze nego
            suvi plač. Takvog čoveka si morao da zagrliš, bili smo jedni drugima podrška. Na ratištu se ne pobeđuje samo
            raketama, minama, granatama i mecima, dobra reč mnogo vredi - priseća se hrabri Rus .


            Andijev zaključuje da je heroj onaj koji je svojoj zemlji dao sve, pa i život.
            - Vojnici su tokom rata odlazili u crkve i svetinje. Molili smo se. To nam je davalo snagu, duhovni mir. Ako
            imaš taj mir u sebi, jači si. Najteže mi je palo naređenje da se povlačimo, nikome ne želim da doživi poraz
            bez poraza - kaže Andijev, koji je nakon rata ostao da živi u Srbiji.


            Oženio se, ima sina Lazara, a nedavno je pokrenuta peticija da se Albertu dodeli srpsko državljanstvo.
            Zaslužio ga je junaštvom.
            Kum na venčanju general Delić
            SVADBA USRED RATA


            Iako je bilo teško, u ratu su se dešavale i lepe stvari, rađale se i velike ljubavi. Dokaz za to su i Jurij
            iz Andijevljeve grupe i Slađana, koja je u 549. brigadi zbrinjavala ranjenike.
            - Kum na tom venčanju bio je naš general Božidar Delić, to je bila jedna vojnička, ratna svadba u Prizrenu.
            Nisam prisustvovao, jer sam tada bio u bolnici, ranjen. Sećam se, Jurij i Slađana su se na početku često
            svađali. Bilo je zanimljivo pratiti varničenje između njih dvoje koje se pretvorilo u ljubav, a krunisano je
            svadbom. Nedugo posle svadbe Slađana je poginula. Bila je junak, imala je srce veće od većine muškaraca -
            priča Albert.
        </article-text>
        <article-text-transliterated>Ispovest! Albert Andijev je teško ranjen u borbama na Kosmetu tokom NATO agresije
            1999. godine. Nije me brinulo da li ću poginuti... Bitno mi je bilo da budem na pravoj strani, a 1999. borio
            sam se na strani istine, na strani naroda koji je branio svoje. Kosovo i Metohija, to je zemlja koja pripada
            Srbiji! Danas bih uradio isto, rame uz rame sa hrabrim srpskim vojnicima.


            Ovim rečima počinje ispovest Albert Andijev, Rus koji je kao dobrovoljac branio tadašnju SR Jugoslaviju
            tokom NATO agresije od albanskih terorista.
            Raspoređen je kao snajperista u 549. motorizovanoj brigadi. Njegovo herojstvo ogleda se, pored ostalog, u
            tome što je, kada ga je teroristički snajper pogodio u desno oko, nastavio da puca. U ratu je izgubio oko,
            ranjen je u ruku i ratni je vojni invalid 100 odsto.
            Prijateljstvo za ceo život
            ČAST JE BORITI SE UZ SRBE


            Albert Andijev danas se druži sa saborcima koji su hrabro branili Kosovo i Metohiju, a kaže da se često
            okupljaju.
            - Na tim zajedničkim druženjima uvek se prisećamo ratnih vremena, kada smo branili našu zemlju. Naravno,
            mnogo je tu emocija. Smejemo se i plačemo, pričamo... Bila mi je čast da se borim uz vas protiv daleko jačeg
            neprijatelja, jer generalno, vojnički, mi smo agresore osramotili - kaže Andijev.
            Priseban


            - Tog 5. maja kod Suve Reke pogođen sam u oko... Munjevito sam razmišljao. Snajper sam prebacio na drugo
            rame, jezikom sam obrisao nišan od krvi i nastavio da pucam. Osetio sam da gubim svest, nekako sam se
            podigao i tada sam dobio i drugi metak u ruku. Bio sam svestan da ako ostanem da sedim, više neću moći da se
            podignem. Saborci su me brzo stavili na šatorska krila i odneli u pozadinu, iz jednog auta u drugi, pa do
            bolnice - priča Andijev.


            Prvobitno je lečen u Kliničkom centru u Prištini, gde su o njemu vodile računa i žene iz Kola srpskih
            sestara. Izašao je bez dopusta lekara i pošao na položaj, ali je naišao na saborce iz jedinice, koji su ga
            odveli u Beograd na VMA, na lečenje.
            I ratnici plaču


            - I lekari su bili deo odbrane ove zemlje, vraćali su nas borce u život. Nisam mogao da ležim u krevetu dok
            se moji bore. Ginulo se... Pronalazili smo tela poginulih saboraca. Bilo je teško. Borci su plakali, jer
            niko nije od gvožđa. I ja sam plakao krišom. Bilo je i onih kojima nismo videli suze, ali bolje suze nego
            suvi plač. Takvog čoveka si morao da zagrliš, bili smo jedni drugima podrška. Na ratištu se ne pobeđuje samo
            raketama, minama, granatama i mecima, dobra reč mnogo vredi - priseća se hrabri Rus .


            Andijev zaključuje da je heroj onaj koji je svojoj zemlji dao sve, pa i život.
            - Vojnici su tokom rata odlazili u crkve i svetinje. Molili smo se. To nam je davalo snagu, duhovni mir. Ako
            imaš taj mir u sebi, jači si. Najteže mi je palo naređenje da se povlačimo, nikome ne želim da doživi poraz
            bez poraza - kaže Andijev, koji je nakon rata ostao da živi u Srbiji.


            Oženio se, ima sina Lazara, a nedavno je pokrenuta peticija da se Albertu dodeli srpsko državljanstvo.
            Zaslužio ga je junaštvom.
            Kum na venčanju general Delić
            SVADBA USRED RATA


            Iako je bilo teško, u ratu su se dešavale i lepe stvari, rađale se i velike ljubavi. Dokaz za to su i Jurij
            iz Andijevljeve grupe i Slađana, koja je u 549. brigadi zbrinjavala ranjenike.
            - Kum na tom venčanju bio je naš general Božidar Delić, to je bila jedna vojnička, ratna svadba u Prizrenu.
            Nisam prisustvovao, jer sam tada bio u bolnici, ranjen. Sećam se, Jurij i Slađana su se na početku često
            svađali. Bilo je zanimljivo pratiti varničenje između njih dvoje koje se pretvorilo u ljubav, a krunisano je
            svadbom. Nedugo posle svadbe Slađana je poginula. Bila je junak, imala je srce veće od većine muškaraca -
            priča Albert.
        </article-text-transliterated>
    </article>
    <comments>
        <comments-count>63</comments-count>
        <comment-list>
            <comment comment-id="1">
                <comment-parent-id/>
                <comment-text>Lepa prica ,ziveo nas Brat Rus!</comment-text>
                <comment-text-transliterated>Lepa prica ,ziveo nas Brat Rus!</comment-text-transliterated>
            </comment>
            <comment comment-id="1-1">
                <comment-parent-id>1</comment-parent-id>
                <comment-text>Od 150 miliona dosao jedan mini bus.Braca nema sta.</comment-text>
                <comment-text-transliterated>Od 150 miliona dosao jedan mini bus.Braca nema sta.
                </comment-text-transliterated>
            </comment>
            <comment comment-id="1-2">
                <comment-parent-id>1</comment-parent-id>
                <comment-text>A ti se malo osvrni na tadasnju situaciju u Rusiji. Imali su gradjanski rat,i pijanog
                    Jeljcina na čelu države. Svi Rusi koji su bili i na Kosovu,i u Bosni i Hrvatskoj su došli
                    DOBROVOLJNO. Meni je to jasan dokaz da su braća.
                </comment-text>
                <comment-text-transliterated>A ti se malo osvrni na tadasnju situaciju u Rusiji. Imali su gradjanski
                    rat,i pijanog Jeljcina na čelu države. Svi Rusi koji su bili i na Kosovu,i u Bosni i Hrvatskoj su
                    došli DOBROVOLJNO. Meni je to jasan dokaz da su braća.
                </comment-text-transliterated>
            </comment>
            <comment comment-id="1-3">
                <comment-parent-id>1</comment-parent-id>
                <comment-text>Боље 5 лавова, него чопор таквих попут тебе</comment-text>
                <comment-text-transliterated>Bolje 5 lavova, nego čopor takvih poput tebe</comment-text-transliterated>
            </comment>
            <comment comment-id="2">
                <comment-parent-id/>
                <comment-text>Živ bio junace</comment-text>
                <comment-text-transliterated>Živ bio junace</comment-text-transliterated>
            </comment>
            <comment comment-id="3">
                <comment-parent-id/>
                <comment-text>Cast mi je da mi je ovaj covek prijatelj</comment-text>
                <comment-text-transliterated>Cast mi je da mi je ovaj covek prijatelj</comment-text-transliterated>
            </comment>
            <comment comment-id="4">
                <comment-parent-id/>
                <comment-text>Junak i ljudina!</comment-text>
                <comment-text-transliterated>Junak i ljudina!</comment-text-transliterated>
            </comment>
            <comment comment-id="5">
                <comment-parent-id/>
                <comment-text>Ziv bio brate</comment-text>
                <comment-text-transliterated>Ziv bio brate</comment-text-transliterated>
            </comment>
            <comment comment-id="6">
                <comment-parent-id/>
                <comment-text>Veliki pozdrav za Alberta</comment-text>
                <comment-text-transliterated>Veliki pozdrav za Alberta</comment-text-transliterated>
            </comment>
            <comment comment-id="7">
                <comment-parent-id/>
                <comment-text>Jeste mi smo ludi.Poslao ga putin da ima sve pod kontrolom.A da su ga pogodili u oko nebi
                    on bio tu gde je.Komunisticka laz.Idi ti u rusiji odakle si dosao, pun bam je k.rac takvih üomagaca,
                    zbog kojih gladujemo.
                </comment-text>
                <comment-text-transliterated>Jeste mi smo ludi.Poslao ga putin da ima sve pod kontrolom.A da su ga
                    pogodili u oko nebi on bio tu gde je.Komunisticka laz.Idi ti u rusiji odakle si dosao, pun bam je
                    k.rac takvih üomagaca, zbog kojih gladujemo.
                </comment-text-transliterated>
            </comment>
            <comment comment-id="7-1">
                <comment-parent-id>7</comment-parent-id>
                <comment-text>Gladuješ jer si nesposoban !!</comment-text>
                <comment-text-transliterated>Gladuješ jer si nesposoban !!</comment-text-transliterated>
            </comment>
            <comment comment-id="7-2">
                <comment-parent-id>7</comment-parent-id>
                <comment-text>Браво за коментар. Увек је неко други крив</comment-text>
                <comment-text-transliterated>Bravo za komentar. Uvek je neko drugi kriv</comment-text-transliterated>
            </comment>
            <comment comment-id="8">
                <comment-parent-id/>
                <comment-text>Svaka cast junacino!</comment-text>
                <comment-text-transliterated>Svaka cast junacino!</comment-text-transliterated>
            </comment>
            <comment comment-id="9">
                <comment-parent-id/>
                <comment-text>Bitno mi je bilo da budem na pravoj strani, a 1999. borio sam se na strani istine??protiv
                    celog svjeta.hallall vam vjera.haahaha
                </comment-text>
                <comment-text-transliterated>Bitno mi je bilo da budem na pravoj strani, a 1999. borio sam se na strani
                    istine??protiv celog svjeta.hallall vam vjera.haahaha
                </comment-text-transliterated>
            </comment>
            <comment comment-id="9-1">
                <comment-parent-id>9</comment-parent-id>
                <comment-text>Bitno je majstore da si ti sam sebe nasmejao.Ludilo mozga!</comment-text>
                <comment-text-transliterated>Bitno je majstore da si ti sam sebe nasmejao.Ludilo mozga!
                </comment-text-transliterated>
            </comment>
            <comment comment-id="10">
                <comment-parent-id/>
                <comment-text>Нека прочитају "срби" који су јуначки 1999 запалили из земље и они који су дезертирали.
                    Знам их доста, био сам на КиМ '99.Чекам да "јунаци" лупају минусе.
                </comment-text>
                <comment-text-transliterated>Neka pročitaju "srbi" koji su junački 1999 zapalili iz zemlje i oni koji su
                    dezertirali. Znam ih dosta, bio sam na KiM '99.Čekam da "junaci" lupaju minuse.
                </comment-text-transliterated>
            </comment>
            <comment comment-id="11">
                <comment-parent-id/>
                <comment-text>Svaka cast velikom borcu i coveku koji se borio za nas narod</comment-text>
                <comment-text-transliterated>Svaka cast velikom borcu i coveku koji se borio za nas narod
                </comment-text-transliterated>
            </comment>
            <comment comment-id="12">
                <comment-parent-id/>
                <comment-text>Андијев закључује да је херој онај који је својој земљи дао све, па и живот.Хвала на свему
                    јуначе! Косово је Србија! Крим је Русија!
                </comment-text>
                <comment-text-transliterated>Andijev zaključuje da je heroj onaj koji je svojoj zemlji dao sve, pa i
                    život.Hvala na svemu junače! Kosovo je Srbija! Krim je Rusija!
                </comment-text-transliterated>
            </comment>
            <comment comment-id="13">
                <comment-parent-id/>
                <comment-text>Хвала ти брате наш што си уз остале јунаке ставио свој живот на линију за нашу отаџбину.Ви
                    сте јунаци на које треба ми омладина да се угладамо.Све за отаџбину!!!
                </comment-text>
                <comment-text-transliterated>Hvala ti brate naš što si uz ostale junake stavio svoj život na liniju za
                    našu otadžbinu.Vi ste junaci na koje treba mi omladina da se ugladamo.Sve za otadžbinu!!!
                </comment-text-transliterated>
            </comment>
            <comment comment-id="14">
                <comment-parent-id/>
                <comment-text>Da li vredi ratovati za ovu zemlju? Bio sam 98 i 99te - 15 meseci na KiM. Dobio sam to da
                    me drzava izbaci iz garsonjere na ulicu i bez posla dok oni koji su dezertirali sad rade na drzavnim
                    poslovima.
                </comment-text>
                <comment-text-transliterated>Da li vredi ratovati za ovu zemlju? Bio sam 98 i 99te - 15 meseci na KiM.
                    Dobio sam to da me drzava izbaci iz garsonjere na ulicu i bez posla dok oni koji su dezertirali sad
                    rade na drzavnim poslovima.
                </comment-text-transliterated>
            </comment>
            <comment comment-id="15">
                <comment-parent-id/>
                <comment-text>Živ bio!</comment-text>
                <comment-text-transliterated>Živ bio!</comment-text-transliterated>
            </comment>
            <comment comment-id="16">
                <comment-parent-id/>
                <comment-text>Hvala brate....</comment-text>
                <comment-text-transliterated>Hvala brate....</comment-text-transliterated>
            </comment>
            <comment comment-id="17">
                <comment-parent-id/>
                <comment-text>Pazi da te nasi ne uhapse...tako mi tretiramo svoje heroje...</comment-text>
                <comment-text-transliterated>Pazi da te nasi ne uhapse...tako mi tretiramo svoje heroje...
                </comment-text-transliterated>
            </comment>
            <comment comment-id="18">
                <comment-parent-id/>
                <comment-text>Vecna hvala svim junacima, koji dadose zivot i zdravlje za Srbiju!</comment-text>
                <comment-text-transliterated>Vecna hvala svim junacima, koji dadose zivot i zdravlje za Srbiju!
                </comment-text-transliterated>
            </comment>
            <comment comment-id="19">
                <comment-parent-id/>
                <comment-text>Slava Rusiji i svim ruskim junacima koji su s nama rame uz rame branili Kosovo.
                </comment-text>
                <comment-text-transliterated>Slava Rusiji i svim ruskim junacima koji su s nama rame uz rame branili
                    Kosovo.
                </comment-text-transliterated>
            </comment>
            <comment comment-id="20">
                <comment-parent-id/>
                <comment-text>ziv bio junace pozdrav od 57 granicnog bataljona.</comment-text>
                <comment-text-transliterated>ziv bio junace pozdrav od 57 granicnog bataljona.
                </comment-text-transliterated>
            </comment>
            <comment comment-id="21">
                <comment-parent-id/>
                <comment-text>Strahota</comment-text>
                <comment-text-transliterated>Strahota</comment-text-transliterated>
            </comment>
            <comment comment-id="22">
                <comment-parent-id/>
                <comment-text>HVALA!</comment-text>
                <comment-text-transliterated>HVALA!</comment-text-transliterated>
            </comment>
            <comment comment-id="23">
                <comment-parent-id/>
                <comment-text>Heroj i Brat</comment-text>
                <comment-text-transliterated>Heroj i Brat</comment-text-transliterated>
            </comment>
            <comment comment-id="24">
                <comment-parent-id/>
                <comment-text>Sramota da ovaj covek jos nema nase drzavljanstvo!!!To je najmanje sto Srbija moze da mu
                    da!!!!
                </comment-text>
                <comment-text-transliterated>Sramota da ovaj covek jos nema nase drzavljanstvo!!!To je najmanje sto
                    Srbija moze da mu da!!!!
                </comment-text-transliterated>
            </comment>
            <comment comment-id="25">
                <comment-parent-id/>
                <comment-text>Hvala ti junace ziv i zdrav bio 100 godina!</comment-text>
                <comment-text-transliterated>Hvala ti junace ziv i zdrav bio 100 godina!</comment-text-transliterated>
            </comment>
            <comment comment-id="26">
                <comment-parent-id/>
                <comment-text>svet koji sebe naziva demokratskim je sa preko 600 aviona jurisao svaki dan na malu
                    zemlju. Ni na jednu drugu zemlju nije tako kidisano.To je bio krvavi kotao.
                </comment-text>
                <comment-text-transliterated>svet koji sebe naziva demokratskim je sa preko 600 aviona jurisao svaki dan
                    na malu zemlju. Ni na jednu drugu zemlju nije tako kidisano.To je bio krvavi kotao.
                </comment-text-transliterated>
            </comment>
            <comment comment-id="27">
                <comment-parent-id/>
                <comment-text>Upoznao sam ruse na pastriku 99 te. Strasni borci i dobri ljudi!</comment-text>
                <comment-text-transliterated>Upoznao sam ruse na pastriku 99 te. Strasni borci i dobri ljudi!
                </comment-text-transliterated>
            </comment>
            <comment comment-id="28">
                <comment-parent-id/>
                <comment-text>Bravo hrabri covece!Nazalost ovakvi tekstovi cesto ostanu bez vece zapazenosti i bez
                    komentara!
                </comment-text>
                <comment-text-transliterated>Bravo hrabri covece!Nazalost ovakvi tekstovi cesto ostanu bez vece
                    zapazenosti i bez komentara!
                </comment-text-transliterated>
            </comment>
            <comment comment-id="29">
                <comment-parent-id/>
                <comment-text>Mi tek sada o tome saznamo a o tome koga je Gastoz jahao izvestavli su svaki dna godinama,
                    Zakljucak Mediji imaju velik udeo u nasoj nesreci2 ili pod jedan. Hvala čoveku koji nas je branio
                    čino ono što mnogi Srbi nisu hteli ili smeli Srbi i Nesrbi kojisu btu samo da muzu i skidaju kajmak.
                </comment-text>
                <comment-text-transliterated>Mi tek sada o tome saznamo a o tome koga je Gastoz jahao izvestavli su
                    svaki dna godinama, Zakljucak Mediji imaju velik udeo u nasoj nesreci2 ili pod jedan. Hvala čoveku
                    koji nas je branio čino ono što mnogi Srbi nisu hteli ili smeli Srbi i Nesrbi kojisu btu samo da
                    muzu i skidaju kajmak.
                </comment-text-transliterated>
            </comment>
            <comment comment-id="30">
                <comment-parent-id/>
                <comment-text>Хвала од срца нашем руском брату Алберту .</comment-text>
                <comment-text-transliterated>Hvala od srca našem ruskom bratu Albertu .</comment-text-transliterated>
            </comment>
            <comment comment-id="31">
                <comment-parent-id/>
                <comment-text>Brat</comment-text>
                <comment-text-transliterated>Brat</comment-text-transliterated>
            </comment>
            <comment comment-id="32">
                <comment-parent-id/>
                <comment-text>Čast je imati te medju nama brate.Hvala ti za rane zaradjene u borbi za Srbiju. Poživi nam
                    bar 100 godina još.
                </comment-text>
                <comment-text-transliterated>Čast je imati te medju nama brate.Hvala ti za rane zaradjene u borbi za
                    Srbiju. Poživi nam bar 100 godina još.
                </comment-text-transliterated>
            </comment>
            <comment comment-id="33">
                <comment-parent-id/>
                <comment-text>ŽIV BIO BRATE MOJ.</comment-text>
                <comment-text-transliterated>ŽIV BIO BRATE MOJ.</comment-text-transliterated>
            </comment>
            <comment comment-id="34">
                <comment-parent-id/>
                <comment-text>Heroju</comment-text>
                <comment-text-transliterated>Heroju</comment-text-transliterated>
            </comment>
            <comment comment-id="35">
                <comment-parent-id/>
                <comment-text>Iskreno poštovanje i zahvalnost. Njemu treba pokloniti kuću i najvišu nacionalnu penziju.
                    Najlepsa ulica da se zove po dobrovoljcima kao sto je on. Čast je naša da on ima srpsko
                    državljanstvo.
                </comment-text>
                <comment-text-transliterated>Iskreno poštovanje i zahvalnost. Njemu treba pokloniti kuću i najvišu
                    nacionalnu penziju. Najlepsa ulica da se zove po dobrovoljcima kao sto je on. Čast je naša da on ima
                    srpsko državljanstvo.
                </comment-text-transliterated>
            </comment>
            <comment comment-id="35-1">
                <comment-parent-id>35</comment-parent-id>
                <comment-text>živi kao podstanar sa ženom koja je medicnska sestra sa platom...sramota</comment-text>
                <comment-text-transliterated>živi kao podstanar sa ženom koja je medicnska sestra sa platom...sramota
                </comment-text-transliterated>
            </comment>
            <comment comment-id="36">
                <comment-parent-id/>
                <comment-text>Hvala ti,ljudino.</comment-text>
                <comment-text-transliterated>Hvala ti,ljudino.</comment-text-transliterated>
            </comment>
            <comment comment-id="37">
                <comment-parent-id/>
                <comment-text>Svaka rec bi bila suvisna,bravo JUNACINO</comment-text>
                <comment-text-transliterated>Svaka rec bi bila suvisna,bravo JUNACINO</comment-text-transliterated>
            </comment>
            <comment comment-id="38">
                <comment-parent-id/>
                <comment-text>Veci srbin od svih srba.</comment-text>
                <comment-text-transliterated>Veci srbin od svih srba.</comment-text-transliterated>
            </comment>
            <comment comment-id="39">
                <comment-parent-id/>
                <comment-text>Хвала ти за све,јуначе!</comment-text>
                <comment-text-transliterated>Hvala ti za sve,junače!</comment-text-transliterated>
            </comment>
            <comment comment-id="40">
                <comment-parent-id/>
                <comment-text>svaka cast,coveku odmah dati drzavljanstvo i invalidninu....a ukoliko nije stambeno
                    obezbedjen...pokloniti mu stan....
                </comment-text>
                <comment-text-transliterated>svaka cast,coveku odmah dati drzavljanstvo i invalidninu....a ukoliko nije
                    stambeno obezbedjen...pokloniti mu stan....
                </comment-text-transliterated>
            </comment>
            <comment comment-id="41">
                <comment-parent-id/>
                <comment-text>Upoznao sam čoveka, pravi junak</comment-text>
                <comment-text-transliterated>Upoznao sam čoveka, pravi junak</comment-text-transliterated>
            </comment>
            <comment comment-id="42">
                <comment-parent-id/>
                <comment-text>Kakav BRAT!!</comment-text>
                <comment-text-transliterated>Kakav BRAT!!</comment-text-transliterated>
            </comment>
            <comment comment-id="43">
                <comment-parent-id/>
                <comment-text>Pogodjen u oko a ostao ziv !!!</comment-text>
                <comment-text-transliterated>Pogodjen u oko a ostao ziv !!!</comment-text-transliterated>
            </comment>
            <comment comment-id="44">
                <comment-parent-id/>
                <comment-text>Hvala na svemu što si zrtvovao za nas narod</comment-text>
                <comment-text-transliterated>Hvala na svemu što si zrtvovao za nas narod</comment-text-transliterated>
            </comment>
            <comment comment-id="45">
                <comment-parent-id/>
                <comment-text>Свака част јуначе. Хвала ти!</comment-text>
                <comment-text-transliterated>Svaka čast junače. Hvala ti!</comment-text-transliterated>
            </comment>
            <comment comment-id="46">
                <comment-parent-id/>
                <comment-text>Hvala ti moj Ruski brate u ime sve naše dece koju si branio. Srbija te neće zaboraviti
                    nikada !
                </comment-text>
                <comment-text-transliterated>Hvala ti moj Ruski brate u ime sve naše dece koju si branio. Srbija te neće
                    zaboraviti nikada !
                </comment-text-transliterated>
            </comment>
            <comment comment-id="47">
                <comment-parent-id/>
                <comment-text>Hvala Brate tebi,i tebi slicnim!</comment-text>
                <comment-text-transliterated>Hvala Brate tebi,i tebi slicnim!</comment-text-transliterated>
            </comment>
            <comment comment-id="48">
                <comment-parent-id/>
                <comment-text>Beskrajno hvala svima koji su se nesebično žrtvovali za srpski narod, pogotovo ruskim
                    dobrovoljcima koji su dokazali svoju hrabrost i bratsku ljubav.
                </comment-text>
                <comment-text-transliterated>Beskrajno hvala svima koji su se nesebično žrtvovali za srpski narod,
                    pogotovo ruskim dobrovoljcima koji su dokazali svoju hrabrost i bratsku ljubav.
                </comment-text-transliterated>
            </comment>
            <comment comment-id="49">
                <comment-parent-id/>
                <comment-text>Junak</comment-text>
                <comment-text-transliterated>Junak</comment-text-transliterated>
            </comment>
            <comment comment-id="50">
                <comment-parent-id/>
                <comment-text>Ja sramote pa zar ovom coveku koji je prolio krv svoju za Srbiju i SRPSTVO nije dato
                    drzavljanstvo odma istog dana kad je odlucio da se bori za Srbiju
                </comment-text>
                <comment-text-transliterated>Ja sramote pa zar ovom coveku koji je prolio krv svoju za Srbiju i SRPSTVO
                    nije dato drzavljanstvo odma istog dana kad je odlucio da se bori za Srbiju
                </comment-text-transliterated>
            </comment>
            <comment comment-id="51">
                <comment-parent-id/>
                <comment-text>Hvala!Zivela Srbija!</comment-text>
                <comment-text-transliterated>Hvala!Zivela Srbija!</comment-text-transliterated>
            </comment>
            <comment comment-id="51-1">
                <comment-parent-id>51</comment-parent-id>
                <comment-text>Dobar komentar</comment-text>
                <comment-text-transliterated>Dobar komentar</comment-text-transliterated>
            </comment>
            <comment comment-id="52">
                <comment-parent-id/>
                <comment-text>Da bas jesi</comment-text>
                <comment-text-transliterated>Da bas jesi</comment-text-transliterated>
            </comment>
            <comment comment-id="53">
                <comment-parent-id/>
                <comment-text>Dobrovoljac sa platom od .......?</comment-text>
                <comment-text-transliterated>Dobrovoljac sa platom od .......?</comment-text-transliterated>
            </comment>
            <comment comment-id="53-1">
                <comment-parent-id>53</comment-parent-id>
                <comment-text>Mnogi borci, ranjeni žive tako.</comment-text>
                <comment-text-transliterated>Mnogi borci, ranjeni žive tako.</comment-text-transliterated>
            </comment>
            <comment comment-id="54">
                <comment-parent-id/>
                <comment-text>Albert, prijatelj moj a i svog naseg naroda... Cast i privilegija je i samo cut za ovakvog
                    junaka koji je ostavio dio sebe u tim borbama, a bez pogovora bi i zivot dao za saborca i pravdu, a
                    ne imat ga za prijatelja! Svaka ti cast brate, ziv mi bio i od Boga ti svako dobro!!!❤
                </comment-text>
                <comment-text-transliterated>Albert, prijatelj moj a i svog naseg naroda... Cast i privilegija je i samo
                    cut za ovakvog junaka koji je ostavio dio sebe u tim borbama, a bez pogovora bi i zivot dao za
                    saborca i pravdu, a ne imat ga za prijatelja! Svaka ti cast brate, ziv mi bio i od Boga ti svako
                    dobro!!!❤
                </comment-text-transliterated>
            </comment>
        </comment-list>
    </comments>
</document>