<document global-id="sr-03-1470">    <url>        https://www.kurir.rs/zabava/ludi-svet/3272441/koliko-je-samo-preslatka-kad-je-videla-na-televiziji-akvarijum-sa-ribicama-maca-isplazila-jezik-i-nikud-se-ne-pomera-video    </url>    <source-id>sr-03</source-id>    <local-id>1470</local-id>    <source-name>Kurir</source-name>    <article>        <article-title>KOLIKO JE SAMO PRESLATKA! Kad je videla na televiziji akvarijum sa ribicama, maca isplazila jezik            i nikud se ne pomera! (VIDEO)        </article-title>        <article-title-transliterated>KOLIKO JE SAMO PRESLATKA! Kad je videla na televiziji akvarijum sa ribicama, maca            isplazila jezik i nikud se ne pomera! (VIDEO)        </article-title-transliterated>        <article-time>2019-06-21</article-time>        <article-author>Kurir</article-author>        <article-text>Snimak reakcije ove mace koja je na televiziji ugledala akvarijum sa ribicama slatko će vas            nasmejati.            Potpuno neverovatno je kako se samo u sekundi ukočila i isplazila jezik.            Da još slađe bude ona je pogled fiksirala za televizor i ne reaguje na okolna dešavanja.        </article-text>        <article-text-transliterated>Snimak reakcije ove mace koja je na televiziji ugledala akvarijum sa ribicama            slatko će vas nasmejati.            Potpuno neverovatno je kako se samo u sekundi ukočila i isplazila jezik.            Da još slađe bude ona je pogled fiksirala za televizor i ne reaguje na okolna dešavanja.        </article-text-transliterated>    </article>    <comments>        <comments-count>0</comments-count>        <comment-list/>    </comments></document>