<document global-id="sr-03-1243">
    <url>
        https://www.kurir.rs/vesti/drustvo/1973729/istoricar-salih-selimovic-muslimani-nisu-nikad-postali-turci-propadamo-jer-smo-se-odrekli-predaka
    </url>
    <source-id>sr-03</source-id>
    <local-id>1243</local-id>
    <source-name>Kurir</source-name>
    <article>
        <article-title>ISTORIČAR SELIMOVIĆ: Mi smo Srbi i govorimo srpski jezik</article-title>
        <article-title-transliterated>ISTORIČAR SELIMOVIĆ: Mi smo Srbi i govorimo srpski jezik
        </article-title-transliterated>
        <article-time>2015-10-13</article-time>
        <article-author>Kurir</article-author>
        <article-text>Oni su i dalje, bez obzira na to kojem društvenom sloju pripadali i na kojim položajima se
            nalazili, čuvali maternji jezik, pismo i mnoge narodne običaje iz vremena kada su bili hrišćani, najčešće
            pravoslavci, kaže profesor Selimović. Muslimani nikada nisu postali Turci jer su sačuvali svoj maternji
            jezik, staru tradiciju i uvek su znali svoje poreklo – kaže istoričar i profesor Salih Selimović
            pojašnjavajući uzroke istorijskog razdora Srba muslimanske veroispovesti i Srba pravoslavaca.
            Istoričar i profesor Salih Selimović vrstan je poznavalac tema vezanih za srpsko-muslimanske odnose i
            probleme koji su se „provlačili“ kroz našu, ne mnogo srećnu, balkansku prošlost. Autor je vrednih knjiga, na
            desetine studija, naučnih radova o poreklu i istoriji Srba muslimanske veroispovesti.
            Objašnjavajući  pitanje porekla današnjih muslimana u Srbiji, BiH, Crnoj Gori, Makedoniji, KiM, pitanje
            njihovih korena, ukazujući i na suštinu i prirodu viševekovne nesloge Srba i muslimana, jednog istog naroda
            različitih vera, na početku razgovora, on kaže:
            „Današnji muslimani, koji su sa prostora bivše SFRJ, u većini slovenskog su porekla. To je u nauci nesporno,
            mada ima i onih koji bi ‚hteli‘, reč je o bosanskom i delu raških muslimana, da su bogumilskog porekla. Ne
            znaju ili neće da znaju da su bogumili samo jedna hrišćanska jeres, može se slobodno reći u pravoslavlju, a
            nikako neki poseban bogumilski narod. Ako je veliki deo bosanskih bogumila došao iz Raške, pa oni su mogli
            da budu samo Srbi. Bogumilstvom želi da se dokaže neka stara posebnost, ‚individualitet‘ iz kojeg se
            vremenom navodno konstituisala bošnjačka nacija. Pokušava da se dokaže da postoji neki istorijski
            ‚kontinuitet‘. Ako su srpska plemena bila dominantna u Raškoj, Zeti, Bosni, Travuniji, Zahumlju, Neretvi,
            Usori, Soli i stvorila srpske srednjovekovne države, što je u istorijskoj nauci nesporno, pa kojeg bi to
            onda mogli biti porekla domaći muslimani po dolasku Turaka Osmanlija, od kojih će primati islam?, kazuje
            profesor Salimović.
            On dodaje da su islam prvo prihvatile vlastelinske pravoslavne porodice, kao i trgovci, zanatlije i stočari
            vlasi u brdsko-planinskim predelima gde je delovanje Srpske pravoslavne crkve bilo slabije.
            "  Znatan broj hrišćana je islamiziran i kroz danak u krvi (devširma). Neki roditelji su urezivali krst na
            čelo dečaka ili im lomili i sekli prste na desnoj ruci kako bi ih spasili da ne budu odvedeni u Istambul i
            postali „Turci“ janičari. Vuk Karadžić je konstatovao povlašćeni položaj onih koji su prešli u islam
            sledećom rečenicom: „Ako se ko od raje poturči, odmah ima sva prava kao i ostali Turci; ne samo što ga neće
            prekoriti pređašnjom verom nego će ga još svako radije pomoći nego rođenog Turčina.“ U ruralnim sredinama
            islamizacija je do kraja 15. i polovine 16. veka bila skoro nepoznata izuzev zapadno od Pljevalja u predelu
            Bukovica. U retkim sluačejvima, u nekim palankama i kasabama, islamizacija je poprimila masovniji karakter i
            taj talas je potrajao do oko 1540. I pored prihvatanja vere osvajača nikada domaći muslimani nisu zaboravili
            maternji jezik, a u otmenijim krugovima se uvek pisalo ćirilicom koju su često nazivali bosančica, begovsko
            pismo ili Stara Srbija, kako su je oni sami nazivali. Ćirilica i srpski jezik su bili u upotrebi i na
            turskom dvoru, a Dubrovnik je u prepisci sa turskim dostojanstvenicima, koji su bili poreklom „naše gore
            list“, koristili ćirilicu i srpski jezik još od 1420 godine!, tvrdi profesor Selihović i dodaje i da je
            Sultan Mehmed Fatih govorio i grčki i slovenski, zapravo srpski. I kasnije, kada je došlo do radikalnije
            islamizacije, ipak su bile sačuvane i mnoge hrišćanske i uopšte autohtone narodne tradicije i praznci kao
            što su Božić, Savindan, Đurđevdan, Vidovdan, Mladenci, kaže ovaj istoričar iz Sjenice.
            " U narodnom kalendaru kod muslimana, pogotovo u ruralnim sredinama, sve do današnjih dana se koristi
            odrednica od Božića ili do Božića, za Vidovdan, po Đurđevdanu ili na Prokoplje (sv. Prokopije) neće da rade,
            dodaje Selimović.
            On dodaje i da naši muslimani nisu činom prihvatanja islama postajali Turci. Oni su i dalje, bez obzira na
            to kojem društvenom sloju pripadali i na kojim položajima se nalazili, čuvali maternji jezik, pismo i mnoge
            narodne običaje iz vremena kada su bili hrišćani, najčešće pravoslavci.
            " Od etničkih Turaka su se uvek razlikovali. Ni Osmanlije u njih nisu imali poverenja, pa su na vezirski
            položaj ili nekog glavnog paše skoro uvek u Bosanskom pašaluku postavljali Turke koji su bili poreklom
            Anadolci, Albanci, Grci, Bugari, Kurdi, Mađari, a naše su slali u udaljene provincije prostrane Imperije.
            Turci su potcenjivali i ismejavali muslimane nazivajući ih Bošnjacima, što u doslovnom prevodu znači
            praznoglav, glup, tvrdoglav. Dakle, muslimani nisu tretirani kao pravi Turci, a ni oni sami u duši se nisu
            tako osećali. Posle prestanka osmanlijske vladavine oni su se našli „ni na nebu, ni na zemlji“. Osećali su
            nesigurnost i povlačili su se u sebe. Mnogi nisu mogli da shvate i prihvate istorijsku realnost. Velika masa
            je bila i potpuno anacionalna. Ipak, izvestan broj muslimanskih intelektualaca, trgovaca i plemstva (age i
            begovi) znali su za svoje hrišćansko srpsko poreklo i pokrenuli su pitanje nacionalnog osvešćivanja
            muslimana i vraćanja svojim predačkim korenima! Sa druge strane, bilo je nerazumevanja od jednog dela srpske
            intelektualne i političke elite za taj proces! To je kod mnogih muslimana izazvalo revolt, pa su iz našeg
            poslovičnog inata hteli biti svako, samo ne Srbi. Takve okolnosti našim neprijateljima su i te kako
            odgovarale i u tom pravcu su oni sprovodili beskrupuloznu i veoma efikasnu propagandu, naglašava ovaj
            istoričar iz Sjenice i dodaje:
            " Srpski nacionalni korpus izgubio ogroman broj muslimana čiji su koreni srpski! Slično se događalo i sa
            Srbima katolicima. Da završim onom čuvenom, još neprevaziđenom konstatacijom umnog Meše Selimovića:
            „Otrgnuti smo, a nismo prihvaćeni. Kao rukavac što ga je bujica odvojila od majke rijeke, i nema više ni
            toka, ni ušća, suviše malen da bude jezero, suviše velik da ga zemlja upije, kaže on i naglašava da.
            " Muslimani, koji se od 1993. izjašnjavaju kao Bošnjaci, u Staroj Raškoj i u BiH, nisu nikada mogli biti
            Turci, Iranci, Saudijci. Ogroman je broj muslimana koji imaju srpska, odnosno slovenska prezimena.
            Bošnjaštvo iz perioda osmanske i austrougarske vladavine je promovisao osvajač i okupator iz svojih
            interesa. Ovo sada je treći put da se naši muslimani opredeljuju da su Bošnjaci. Ne osporavam pravo da se
            svaki čovek, pa tako i musliman, nacionalno izjasni ili ne izjasni, kako hoće, pa i kao Bošnjak. Druga je
            stvar sintetičko stvaranje nacionalnog kolektiviteta. Tu se moraju poštovati naučno utemeljene odrednice,
            kaže Selihović u svom intervjuu za list Pečat.
            Za kraj svog intervjua profesor Selihović je dodao da muslimanima ne mogu da budu bliži ni Turci, ni Arapi,
            niti bilo koji drugi narod od braće i sugrađana Srba.
            " Nikada ne bi trebalo da zaboravimo „Da je brat mio koje vere bio“ i da „Ko neće brata za brata, hoće
            tuđina za gospodara, zaključuje profesor Selihović na kraju svog razgovora za list Pečat.
        </article-text>
        <article-text-transliterated>Oni su i dalje, bez obzira na to kojem društvenom sloju pripadali i na kojim
            položajima se nalazili, čuvali maternji jezik, pismo i mnoge narodne običaje iz vremena kada su bili
            hrišćani, najčešće pravoslavci, kaže profesor Selimović. Muslimani nikada nisu postali Turci jer su sačuvali
            svoj maternji jezik, staru tradiciju i uvek su znali svoje poreklo – kaže istoričar i profesor Salih
            Selimović pojašnjavajući uzroke istorijskog razdora Srba muslimanske veroispovesti i Srba pravoslavaca.
            Istoričar i profesor Salih Selimović vrstan je poznavalac tema vezanih za srpsko-muslimanske odnose i
            probleme koji su se „provlačili“ kroz našu, ne mnogo srećnu, balkansku prošlost. Autor je vrednih knjiga, na
            desetine studija, naučnih radova o poreklu i istoriji Srba muslimanske veroispovesti.
            Objašnjavajući  pitanje porekla današnjih muslimana u Srbiji, BiH, Crnoj Gori, Makedoniji, KiM, pitanje
            njihovih korena, ukazujući i na suštinu i prirodu viševekovne nesloge Srba i muslimana, jednog istog naroda
            različitih vera, na početku razgovora, on kaže:
            „Današnji muslimani, koji su sa prostora bivše SFRJ, u većini slovenskog su porekla. To je u nauci nesporno,
            mada ima i onih koji bi ‚hteli‘, reč je o bosanskom i delu raških muslimana, da su bogumilskog porekla. Ne
            znaju ili neće da znaju da su bogumili samo jedna hrišćanska jeres, može se slobodno reći u pravoslavlju, a
            nikako neki poseban bogumilski narod. Ako je veliki deo bosanskih bogumila došao iz Raške, pa oni su mogli
            da budu samo Srbi. Bogumilstvom želi da se dokaže neka stara posebnost, ‚individualitet‘ iz kojeg se
            vremenom navodno konstituisala bošnjačka nacija. Pokušava da se dokaže da postoji neki istorijski
            ‚kontinuitet‘. Ako su srpska plemena bila dominantna u Raškoj, Zeti, Bosni, Travuniji, Zahumlju, Neretvi,
            Usori, Soli i stvorila srpske srednjovekovne države, što je u istorijskoj nauci nesporno, pa kojeg bi to
            onda mogli biti porekla domaći muslimani po dolasku Turaka Osmanlija, od kojih će primati islam?, kazuje
            profesor Salimović.
            On dodaje da su islam prvo prihvatile vlastelinske pravoslavne porodice, kao i trgovci, zanatlije i stočari
            vlasi u brdsko-planinskim predelima gde je delovanje Srpske pravoslavne crkve bilo slabije.
            "  Znatan broj hrišćana je islamiziran i kroz danak u krvi (devširma). Neki roditelji su urezivali krst na
            čelo dečaka ili im lomili i sekli prste na desnoj ruci kako bi ih spasili da ne budu odvedeni u Istambul i
            postali „Turci“ janičari. Vuk Karadžić je konstatovao povlašćeni položaj onih koji su prešli u islam
            sledećom rečenicom: „Ako se ko od raje poturči, odmah ima sva prava kao i ostali Turci; ne samo što ga neće
            prekoriti pređašnjom verom nego će ga još svako radije pomoći nego rođenog Turčina.“ U ruralnim sredinama
            islamizacija je do kraja 15. i polovine 16. veka bila skoro nepoznata izuzev zapadno od Pljevalja u predelu
            Bukovica. U retkim sluačejvima, u nekim palankama i kasabama, islamizacija je poprimila masovniji karakter i
            taj talas je potrajao do oko 1540. I pored prihvatanja vere osvajača nikada domaći muslimani nisu zaboravili
            maternji jezik, a u otmenijim krugovima se uvek pisalo ćirilicom koju su često nazivali bosančica, begovsko
            pismo ili Stara Srbija, kako su je oni sami nazivali. Ćirilica i srpski jezik su bili u upotrebi i na
            turskom dvoru, a Dubrovnik je u prepisci sa turskim dostojanstvenicima, koji su bili poreklom „naše gore
            list“, koristili ćirilicu i srpski jezik još od 1420 godine!, tvrdi profesor Selihović i dodaje i da je
            Sultan Mehmed Fatih govorio i grčki i slovenski, zapravo srpski. I kasnije, kada je došlo do radikalnije
            islamizacije, ipak su bile sačuvane i mnoge hrišćanske i uopšte autohtone narodne tradicije i praznci kao
            što su Božić, Savindan, Đurđevdan, Vidovdan, Mladenci, kaže ovaj istoričar iz Sjenice.
            " U narodnom kalendaru kod muslimana, pogotovo u ruralnim sredinama, sve do današnjih dana se koristi
            odrednica od Božića ili do Božića, za Vidovdan, po Đurđevdanu ili na Prokoplje (sv. Prokopije) neće da rade,
            dodaje Selimović.
            On dodaje i da naši muslimani nisu činom prihvatanja islama postajali Turci. Oni su i dalje, bez obzira na
            to kojem društvenom sloju pripadali i na kojim položajima se nalazili, čuvali maternji jezik, pismo i mnoge
            narodne običaje iz vremena kada su bili hrišćani, najčešće pravoslavci.
            " Od etničkih Turaka su se uvek razlikovali. Ni Osmanlije u njih nisu imali poverenja, pa su na vezirski
            položaj ili nekog glavnog paše skoro uvek u Bosanskom pašaluku postavljali Turke koji su bili poreklom
            Anadolci, Albanci, Grci, Bugari, Kurdi, Mađari, a naše su slali u udaljene provincije prostrane Imperije.
            Turci su potcenjivali i ismejavali muslimane nazivajući ih Bošnjacima, što u doslovnom prevodu znači
            praznoglav, glup, tvrdoglav. Dakle, muslimani nisu tretirani kao pravi Turci, a ni oni sami u duši se nisu
            tako osećali. Posle prestanka osmanlijske vladavine oni su se našli „ni na nebu, ni na zemlji“. Osećali su
            nesigurnost i povlačili su se u sebe. Mnogi nisu mogli da shvate i prihvate istorijsku realnost. Velika masa
            je bila i potpuno anacionalna. Ipak, izvestan broj muslimanskih intelektualaca, trgovaca i plemstva (age i
            begovi) znali su za svoje hrišćansko srpsko poreklo i pokrenuli su pitanje nacionalnog osvešćivanja
            muslimana i vraćanja svojim predačkim korenima! Sa druge strane, bilo je nerazumevanja od jednog dela srpske
            intelektualne i političke elite za taj proces! To je kod mnogih muslimana izazvalo revolt, pa su iz našeg
            poslovičnog inata hteli biti svako, samo ne Srbi. Takve okolnosti našim neprijateljima su i te kako
            odgovarale i u tom pravcu su oni sprovodili beskrupuloznu i veoma efikasnu propagandu, naglašava ovaj
            istoričar iz Sjenice i dodaje:
            " Srpski nacionalni korpus izgubio ogroman broj muslimana čiji su koreni srpski! Slično se događalo i sa
            Srbima katolicima. Da završim onom čuvenom, još neprevaziđenom konstatacijom umnog Meše Selimovića:
            „Otrgnuti smo, a nismo prihvaćeni. Kao rukavac što ga je bujica odvojila od majke rijeke, i nema više ni
            toka, ni ušća, suviše malen da bude jezero, suviše velik da ga zemlja upije, kaže on i naglašava da.
            " Muslimani, koji se od 1993. izjašnjavaju kao Bošnjaci, u Staroj Raškoj i u BiH, nisu nikada mogli biti
            Turci, Iranci, Saudijci. Ogroman je broj muslimana koji imaju srpska, odnosno slovenska prezimena.
            Bošnjaštvo iz perioda osmanske i austrougarske vladavine je promovisao osvajač i okupator iz svojih
            interesa. Ovo sada je treći put da se naši muslimani opredeljuju da su Bošnjaci. Ne osporavam pravo da se
            svaki čovek, pa tako i musliman, nacionalno izjasni ili ne izjasni, kako hoće, pa i kao Bošnjak. Druga je
            stvar sintetičko stvaranje nacionalnog kolektiviteta. Tu se moraju poštovati naučno utemeljene odrednice,
            kaže Selihović u svom intervjuu za list Pečat.
            Za kraj svog intervjua profesor Selihović je dodao da muslimanima ne mogu da budu bliži ni Turci, ni Arapi,
            niti bilo koji drugi narod od braće i sugrađana Srba.
            " Nikada ne bi trebalo da zaboravimo „Da je brat mio koje vere bio“ i da „Ko neće brata za brata, hoće
            tuđina za gospodara, zaključuje profesor Selihović na kraju svog razgovora za list Pečat.
        </article-text-transliterated>
    </article>
    <comments>
        <comments-count>79</comments-count>
        <comment-list>
            <comment comment-id="1">
                <comment-parent-id/>
                <comment-text>Opet propaganda pa u Bosni se govori hrvatskim jezikom i svi su muslimani sa leve strane
                    Dunava i Drine hrvati a sa desne srbi i to je tako još od raskola crkve u 11veku i to je svima jasno
                    samo eto propaganda ne miruje.Bilo je tu muslimana i pre Osmanskih pohoda ali jako malo i sve su ih
                    oni poturčili i hrvate i srbe..
                </comment-text>
                <comment-text-transliterated>Opet propaganda pa u Bosni se govori hrvatskim jezikom i svi su muslimani
                    sa leve strane Dunava i Drine hrvati a sa desne srbi i to je tako još od raskola crkve u 11veku i to
                    je svima jasno samo eto propaganda ne miruje.Bilo je tu muslimana i pre Osmanskih pohoda ali jako
                    malo i sve su ih oni poturčili i hrvate i srbe..
                </comment-text-transliterated>
            </comment>
            <comment comment-id="1-1">
                <comment-parent-id>1</comment-parent-id>
                <comment-text>Sta je niko boli te istina. Pa nisam ja natero profesora da ovo kaze. Pa kada su ljudi
                    presli u islam a turci se povukli Srbi se nisu svetili jer su znali da su braca a mogli su.
                </comment-text>
                <comment-text-transliterated>Sta je niko boli te istina. Pa nisam ja natero profesora da ovo kaze. Pa
                    kada su ljudi presli u islam a turci se povukli Srbi se nisu svetili jer su znali da su braca a
                    mogli su.
                </comment-text-transliterated>
            </comment>
            <comment comment-id="1-2">
                <comment-parent-id>1</comment-parent-id>
                <comment-text>Niko dobro bi bilo da opet procitas clanak covjek prica kako su se mjenjala vjera da bi se
                    sacuvalo potomstvo i korjeni. A dobro bi bilo da posjetis i crkvu i upiras fratre kako je bilo
                    pokrstavanje za vreme Marije Tereze. koliko je porodica pokrsteno i kako to da imaju slave ako su
                    slave jedino u korjenima srba i kako to da su crkve su ozidane po pravoslavnom pravilu. Nebi da ti
                    solim pamet bolje da te odgovore portazis u svojoj crkvi ako si uopste i vjernik ili si onaj
                    navrnuti vjernik od 90tih.
                </comment-text>
                <comment-text-transliterated>Niko dobro bi bilo da opet procitas clanak covjek prica kako su se mjenjala
                    vjera da bi se sacuvalo potomstvo i korjeni. A dobro bi bilo da posjetis i crkvu i upiras fratre
                    kako je bilo pokrstavanje za vreme Marije Tereze. koliko je porodica pokrsteno i kako to da imaju
                    slave ako su slave jedino u korjenima srba i kako to da su crkve su ozidane po pravoslavnom pravilu.
                    Nebi da ti solim pamet bolje da te odgovore portazis u svojoj crkvi ako si uopste i vjernik ili si
                    onaj navrnuti vjernik od 90tih.
                </comment-text-transliterated>
            </comment>
            <comment comment-id="2">
                <comment-parent-id/>
                <comment-text>Професоре, свака ти је на месту! Добар, трезвен и паметан човек, човек који зна своје
                    корене, порекло и славу, а чији су претци силом или милом прешли у Ислам. Србин, муслиманске вере, а
                    не тамо неки измишљени Муслиман или Бошњак? Срећно ти било, да си жив и здрав својима и они теби...
                </comment-text>
                <comment-text-transliterated>Profesore, svaka ti je na mestu! Dobar, trezven i pametan čovek, čovek koji
                    zna svoje korene, poreklo i slavu, a čiji su pretci silom ili milom prešli u Islam. Srbin,
                    muslimanske vere, a ne tamo neki izmišljeni Musliman ili Bošnjak? Srećno ti bilo, da si živ i zdrav
                    svojima i oni tebi...
                </comment-text-transliterated>
            </comment>
            <comment comment-id="3">
                <comment-parent-id/>
                <comment-text>Svaka Vam čast gospodine! Vera prođe i dođe nova, ali poreklo nikad ne smemo da
                    zaboravimo!
                </comment-text>
                <comment-text-transliterated>Svaka Vam čast gospodine! Vera prođe i dođe nova, ali poreklo nikad ne
                    smemo da zaboravimo!
                </comment-text-transliterated>
            </comment>
            <comment comment-id="4">
                <comment-parent-id/>
                <comment-text>Svaka cast!</comment-text>
                <comment-text-transliterated>Svaka cast!</comment-text-transliterated>
            </comment>
            <comment comment-id="5">
                <comment-parent-id/>
                <comment-text>Nas 99% muslimana u Bosni, Srbiji, Crnoj Gori i Makedoniji potičemo od Srba. Najbolji
                    dokaz su naša srpska prezimena iako su neki mjenjali i prezimena u Turska. Najveći uspeh bi bio da
                    se mi muslimani ovih krajeva masovno vratimo u srpstvo i pravoslavlje baš kao Meša Selimović,
                    Nemanja Kusturica i mnogi drugi.
                </comment-text>
                <comment-text-transliterated>Nas 99% muslimana u Bosni, Srbiji, Crnoj Gori i Makedoniji potičemo od
                    Srba. Najbolji dokaz su naša srpska prezimena iako su neki mjenjali i prezimena u Turska. Najveći
                    uspeh bi bio da se mi muslimani ovih krajeva masovno vratimo u srpstvo i pravoslavlje baš kao Meša
                    Selimović, Nemanja Kusturica i mnogi drugi.
                </comment-text-transliterated>
            </comment>
            <comment comment-id="5-1">
                <comment-parent-id>5</comment-parent-id>
                <comment-text>greskom dadoh minus</comment-text>
                <comment-text-transliterated>greskom dadoh minus</comment-text-transliterated>
            </comment>
            <comment comment-id="5-2">
                <comment-parent-id>5</comment-parent-id>
                <comment-text>Zapravo grešiš. Mi svi smo Turci, nas 99% srba je od turskih očeva. Trebali bismo se
                    vratiti islamu i pravoj veri. To nam je greška. Naši praočevi su bili turska deca i ne trebamo se
                    toga stideti.Lep pozdrav mojim srbima a i tebi Murate,Mitar.
                </comment-text>
                <comment-text-transliterated>Zapravo grešiš. Mi svi smo Turci, nas 99% srba je od turskih očeva. Trebali
                    bismo se vratiti islamu i pravoj veri. To nam je greška. Naši praočevi su bili turska deca i ne
                    trebamo se toga stideti.Lep pozdrav mojim srbima a i tebi Murate,Mitar.
                </comment-text-transliterated>
            </comment>
            <comment comment-id="5-3">
                <comment-parent-id>5</comment-parent-id>
                <comment-text>Pa šta te sputava vrati se jarane</comment-text>
                <comment-text-transliterated>Pa šta te sputava vrati se jarane</comment-text-transliterated>
            </comment>
            <comment comment-id="5-4">
                <comment-parent-id>5</comment-parent-id>
                <comment-text>care, ajmo mi svi verovati u boga. verujuci u njega, ni u jednoj veri ne mozemo zeleti zlo
                    drugima, a kamoli ciniti ga pa se onda zovimo kako ocemo, krstimo ili klanjajmo al nemojmo jedni
                    drugima o glavi raditi i pritom verovati da cinimo bogu ugodno delo. U to mogu samo satanisti
                    verovati ili glupanderi....
                </comment-text>
                <comment-text-transliterated>care, ajmo mi svi verovati u boga. verujuci u njega, ni u jednoj veri ne
                    mozemo zeleti zlo drugima, a kamoli ciniti ga pa se onda zovimo kako ocemo, krstimo ili klanjajmo al
                    nemojmo jedni drugima o glavi raditi i pritom verovati da cinimo bogu ugodno delo. U to mogu samo
                    satanisti verovati ili glupanderi....
                </comment-text-transliterated>
            </comment>
            <comment comment-id="5-5">
                <comment-parent-id>5</comment-parent-id>
                <comment-text>Dragi brate Murate, složio bih se sa Vama što se tiče porekla. Čitajući još davno
                    "Sjećanja" od našeg velikog pisca Meše Selimovića shvatio sam i naše (Srba pravoslavaca) istorijske
                    greške što se vidi iz citata profesora Selihovića; " Srpski nacionalni korpus izgubio ogroman broj
                    muslimana čiji su koreni srpski! Slično se događalo i sa Srbima katolicima. Da završim onom čuvenom,
                    još neprevaziđenom konstatacijom umnog Meše Selimovića: „Otrgnuti smo, a nismo prihvaćeni. Kao
                    rukavac što ga je bujica odvojila od majke rijeke, i nema više ni toka, ni ušća, suviše malen da
                    bude jezero, suviše velik da ga zemlja upije". Sav naš narod u Sandžaku-Raškoj, ma koje vere bio
                    treba da se oseća i da zna da mu je otadžbuna Srbija i da su svoji na svome. Jako me raduje da u
                    Srbiji imamo ljudsku gromadu profesora Selihovića, iz ovoga što čitam vidim drugog Mešu Selimovića i
                    želim mu svako dobro.
                </comment-text>
                <comment-text-transliterated>Dragi brate Murate, složio bih se sa Vama što se tiče porekla. Čitajući još
                    davno "Sjećanja" od našeg velikog pisca Meše Selimovića shvatio sam i naše (Srba pravoslavaca)
                    istorijske greške što se vidi iz citata profesora Selihovića; " Srpski nacionalni korpus izgubio
                    ogroman broj muslimana čiji su koreni srpski! Slično se događalo i sa Srbima katolicima. Da završim
                    onom čuvenom, još neprevaziđenom konstatacijom umnog Meše Selimovića: „Otrgnuti smo, a nismo
                    prihvaćeni. Kao rukavac što ga je bujica odvojila od majke rijeke, i nema više ni toka, ni ušća,
                    suviše malen da bude jezero, suviše velik da ga zemlja upije". Sav naš narod u Sandžaku-Raškoj, ma
                    koje vere bio treba da se oseća i da zna da mu je otadžbuna Srbija i da su svoji na svome. Jako me
                    raduje da u Srbiji imamo ljudsku gromadu profesora Selihovića, iz ovoga što čitam vidim drugog Mešu
                    Selimovića i želim mu svako dobro.
                </comment-text-transliterated>
            </comment>
            <comment comment-id="5-6">
                <comment-parent-id>5</comment-parent-id>
                <comment-text>Ma jarane , zdrav ti meni bio , ali niko te ne vabi da se vratis pravoslavlju , ne trebas
                    nam kao Srbin , mozes nam biti samo drag kao bosnjak dobar komsija , pod uslovom da prestanete da
                    pljujete i mrzite sve sto je Srpsko , jer onda mrzite i sami sebe !!
                </comment-text>
                <comment-text-transliterated>Ma jarane , zdrav ti meni bio , ali niko te ne vabi da se vratis
                    pravoslavlju , ne trebas nam kao Srbin , mozes nam biti samo drag kao bosnjak dobar komsija , pod
                    uslovom da prestanete da pljujete i mrzite sve sto je Srpsko , jer onda mrzite i sami sebe !!
                </comment-text-transliterated>
            </comment>
            <comment comment-id="5-7">
                <comment-parent-id>5</comment-parent-id>
                <comment-text>Muratu , pobrkao si loncice... Nisu svi slaveni srbi .., pa prema tome ni muslimani..,
                    pojam je puno siri....
                </comment-text>
                <comment-text-transliterated>Muratu , pobrkao si loncice... Nisu svi slaveni srbi .., pa prema tome ni
                    muslimani.., pojam je puno siri....
                </comment-text-transliterated>
            </comment>
            <comment comment-id="5-8">
                <comment-parent-id>5</comment-parent-id>
                <comment-text>Bravo za komentar g-dina Kovačevića.</comment-text>
                <comment-text-transliterated>Bravo za komentar g-dina Kovačevića.</comment-text-transliterated>
            </comment>
            <comment comment-id="5-9">
                <comment-parent-id>5</comment-parent-id>
                <comment-text>Не морате се враћати у православље. Будите шта год хоћете. Само немој да се више
                    свађамо!
                </comment-text>
                <comment-text-transliterated>Ne morate se vraćati u pravoslavlje. Budite šta god hoćete. Samo nemoj da
                    se više svađamo!
                </comment-text-transliterated>
            </comment>
            <comment comment-id="5-10">
                <comment-parent-id>5</comment-parent-id>
                <comment-text>Tvoj predlog je za svaku pohvalu,samo napred</comment-text>
                <comment-text-transliterated>Tvoj predlog je za svaku pohvalu,samo napred</comment-text-transliterated>
            </comment>
            <comment comment-id="6">
                <comment-parent-id/>
                <comment-text>Свака част добри човече свуда има лоших и добрих људи а историја и историјске чињенице се
                    морају поштовати
                </comment-text>
                <comment-text-transliterated>Svaka čast dobri čoveče svuda ima loših i dobrih ljudi a istorija i
                    istorijske činjenice se moraju poštovati
                </comment-text-transliterated>
            </comment>
            <comment comment-id="7">
                <comment-parent-id/>
                <comment-text>Svako postovanje za velikog pre svega Coveka koji se je osmelio da se izdigne iznad te
                    jedne prostonarodske price o tome ko je ko i sta je ko kome kad smo ipak svi na ovim prostorima
                    istog porekla...
                </comment-text>
                <comment-text-transliterated>Svako postovanje za velikog pre svega Coveka koji se je osmelio da se
                    izdigne iznad te jedne prostonarodske price o tome ko je ko i sta je ko kome kad smo ipak svi na
                    ovim prostorima istog porekla...
                </comment-text-transliterated>
            </comment>
            <comment comment-id="8">
                <comment-parent-id/>
                <comment-text>Covek je KRALJ.</comment-text>
                <comment-text-transliterated>Covek je KRALJ.</comment-text-transliterated>
            </comment>
            <comment comment-id="9">
                <comment-parent-id/>
                <comment-text>Pa oni koji su obrazovani poput Selimovica, Kusturice i ostalih njima ne moras ni
                    objasnjavati ni sta govoriti. A oni koji ne misle svojom glavom ne vredi ni objasnjavati. Bravo
                    Profesore za istinu.
                </comment-text>
                <comment-text-transliterated>Pa oni koji su obrazovani poput Selimovica, Kusturice i ostalih njima ne
                    moras ni objasnjavati ni sta govoriti. A oni koji ne misle svojom glavom ne vredi ni objasnjavati.
                    Bravo Profesore za istinu.
                </comment-text-transliterated>
            </comment>
            <comment comment-id="10">
                <comment-parent-id/>
                <comment-text>Gospodine Selimovicu nek ti bog da Srecu,Zdravlje i dug zivot.Svaka vam je rec na mestu.
                </comment-text>
                <comment-text-transliterated>Gospodine Selimovicu nek ti bog da Srecu,Zdravlje i dug zivot.Svaka vam je
                    rec na mestu.
                </comment-text-transliterated>
            </comment>
            <comment comment-id="11">
                <comment-parent-id/>
                <comment-text>Clanak CITAM PA NI OVAJ ISTORICAR NE ZNA DALI JE SELIMOVIC ILI SALIMOVIC.Gde bese pre pa
                    da on postane mesije i vodja Muslimana u ex Jugoslaviji.Maloli je problema u drzavi Srbiji za ovih
                    zadnjih 25g jos nam je samo ovaj trebao da palamudi KOJE MUJO A KO DJURO.Hvala na ustupljenom
                    prostoru.
                </comment-text>
                <comment-text-transliterated>Clanak CITAM PA NI OVAJ ISTORICAR NE ZNA DALI JE SELIMOVIC ILI
                    SALIMOVIC.Gde bese pre pa da on postane mesije i vodja Muslimana u ex Jugoslaviji.Maloli je problema
                    u drzavi Srbiji za ovih zadnjih 25g jos nam je samo ovaj trebao da palamudi KOJE MUJO A KO
                    DJURO.Hvala na ustupljenom prostoru.
                </comment-text-transliterated>
            </comment>
            <comment comment-id="11-1">
                <comment-parent-id>11</comment-parent-id>
                <comment-text>Mali broj ljudi znaju i kažu ISTINU. Jer veliki dio hoće propagandu i neistinu
                </comment-text>
                <comment-text-transliterated>Mali broj ljudi znaju i kažu ISTINU. Jer veliki dio hoće propagandu i
                    neistinu
                </comment-text-transliterated>
            </comment>
            <comment comment-id="12">
                <comment-parent-id/>
                <comment-text>Isti profesor u istom intervjuu kaze da je Muhamed Hevaji Uskufi napisao srpko-turski
                    rjecnik. Toliko o relevantnosti pomenutog istoricara.
                </comment-text>
                <comment-text-transliterated>Isti profesor u istom intervjuu kaze da je Muhamed Hevaji Uskufi napisao
                    srpko-turski rjecnik. Toliko o relevantnosti pomenutog istoricara.
                </comment-text-transliterated>
            </comment>
            <comment comment-id="13">
                <comment-parent-id/>
                <comment-text>slažem se sa profesorom koji je ugledni historičar i koji se bavi samo historijom srba na
                    balkanu, prema njegovoj teoriji svi sloveni su srbi, rusi, bugari, hrvati, slovenci, jer migracija
                    nije krenula sa sjevera nego odozdo iz šumadije svih slovena, pa su se proširili i na poljsku,
                    češku, slovačku i na kraju pokorili rusiju. A po teoriji onda su i grci srbi jer su a šta drugo mogu
                    biti postali od pravoslavne vjere koja je jeres od prave srpske pravoslavne vjere. bravo profesore i
                    toliko o antropološkim socijalnim migracijama slovena koji su odmah po nastanku nacije slovena bili
                    pravoslavci.
                </comment-text>
                <comment-text-transliterated>slažem se sa profesorom koji je ugledni historičar i koji se bavi samo
                    historijom srba na balkanu, prema njegovoj teoriji svi sloveni su srbi, rusi, bugari, hrvati,
                    slovenci, jer migracija nije krenula sa sjevera nego odozdo iz šumadije svih slovena, pa su se
                    proširili i na poljsku, češku, slovačku i na kraju pokorili rusiju. A po teoriji onda su i grci srbi
                    jer su a šta drugo mogu biti postali od pravoslavne vjere koja je jeres od prave srpske pravoslavne
                    vjere. bravo profesore i toliko o antropološkim socijalnim migracijama slovena koji su odmah po
                    nastanku nacije slovena bili pravoslavci.
                </comment-text-transliterated>
            </comment>
            <comment comment-id="13-1">
                <comment-parent-id>13</comment-parent-id>
                <comment-text>Nekoliko puta sam pročitao tvoj komentar ali mi i dalje nije jasno šta si hteo da kažeš.
                    Verovatno ni tebi. Čovek je govorio o tome od kog naroda potiču muslimani na ovim prostorima i rekao
                    je istinu koju svi muslimani znaju ali malo ih je spremno da to javno priznaju.
                </comment-text>
                <comment-text-transliterated>Nekoliko puta sam pročitao tvoj komentar ali mi i dalje nije jasno šta si
                    hteo da kažeš. Verovatno ni tebi. Čovek je govorio o tome od kog naroda potiču muslimani na ovim
                    prostorima i rekao je istinu koju svi muslimani znaju ali malo ih je spremno da to javno priznaju.
                </comment-text-transliterated>
            </comment>
            <comment comment-id="13-2">
                <comment-parent-id>13</comment-parent-id>
                <comment-text>И ја читам и читам и покушавам да те разумем...</comment-text>
                <comment-text-transliterated>I ja čitam i čitam i pokušavam da te razumem...
                </comment-text-transliterated>
            </comment>
            <comment comment-id="14">
                <comment-parent-id/>
                <comment-text>Kurir me je iznenadio sa ovakvim tekstom. Svaka vam cast. Srbin je mio koje god vere
                    bio!
                </comment-text>
                <comment-text-transliterated>Kurir me je iznenadio sa ovakvim tekstom. Svaka vam cast. Srbin je mio koje
                    god vere bio!
                </comment-text-transliterated>
            </comment>
            <comment comment-id="15">
                <comment-parent-id/>
                <comment-text>Nažalost, zlo je nepopravivo iako se to sve zna. DNK (božji pečat) je takođe pokazao da je
                    reč o jednom te istom narodu. Stvar isto stoji i s Hrvatima. Ista genetika, isti jezik, ista
                    sudbina. Ali ono najgore u nacijama je dalo sve od sebe da od života načini Pakao. I, na žalost,
                    uspelo je!
                </comment-text>
                <comment-text-transliterated>Nažalost, zlo je nepopravivo iako se to sve zna. DNK (božji pečat) je
                    takođe pokazao da je reč o jednom te istom narodu. Stvar isto stoji i s Hrvatima. Ista genetika,
                    isti jezik, ista sudbina. Ali ono najgore u nacijama je dalo sve od sebe da od života načini Pakao.
                    I, na žalost, uspelo je!
                </comment-text-transliterated>
            </comment>
            <comment comment-id="16">
                <comment-parent-id/>
                <comment-text>Jos samo nedosrahe historicar Deretic pa da cirkus bude potpun. Srbi su i Norvezani, Srbi
                    su i Atlantidjani,Srbi su i Egipcani...
                </comment-text>
                <comment-text-transliterated>Jos samo nedosrahe historicar Deretic pa da cirkus bude potpun. Srbi su i
                    Norvezani, Srbi su i Atlantidjani,Srbi su i Egipcani...
                </comment-text-transliterated>
            </comment>
            <comment comment-id="17">
                <comment-parent-id/>
                <comment-text>Upadi Slavena u Bosnu, Od 6. vijeka započinju prodori Slavena preko rimskih provincija, uz
                    česte pokolje lokalnog stanovništva poput pokolja preko 7000 žena i djece za samo dva dana 548.
                    godine u Draču. U tom naletu propadaju mnogi gradovi, imanja, utvrde i hramovi. Slavenska sila bila
                    je toliko nemilosrdna da je lokalno stanovništvo bilo prinuđeno prihvatati njihov jezik kako bi
                    prividnom asimilacijom privolili slavenske horde da poštede živote stanovništva. Rimski historičar
                    Procopius u zapisima iz 550. godine, označio je Slavene kao neviđene divljake i najveću opasnost po
                    civilizaciju, dajući precizne podatke o svim njihovim pokoljima Ilira i Tračana. E moj profesore
                    preskočio si ovo štivo i nisi uradio domaći o bosancima, možda to upošte nisu slaveni, nego iliri
                    ili tračani..
                </comment-text>
                <comment-text-transliterated>Upadi Slavena u Bosnu, Od 6. vijeka započinju prodori Slavena preko rimskih
                    provincija, uz česte pokolje lokalnog stanovništva poput pokolja preko 7000 žena i djece za samo dva
                    dana 548. godine u Draču. U tom naletu propadaju mnogi gradovi, imanja, utvrde i hramovi. Slavenska
                    sila bila je toliko nemilosrdna da je lokalno stanovništvo bilo prinuđeno prihvatati njihov jezik
                    kako bi prividnom asimilacijom privolili slavenske horde da poštede živote stanovništva. Rimski
                    historičar Procopius u zapisima iz 550. godine, označio je Slavene kao neviđene divljake i najveću
                    opasnost po civilizaciju, dajući precizne podatke o svim njihovim pokoljima Ilira i Tračana. E moj
                    profesore preskočio si ovo štivo i nisi uradio domaći o bosancima, možda to upošte nisu slaveni,
                    nego iliri ili tračani..
                </comment-text-transliterated>
            </comment>
            <comment comment-id="17-1">
                <comment-parent-id>17</comment-parent-id>
                <comment-text>Tako je care, mi smo Iliri! Sve slavene u Sibir!!!</comment-text>
                <comment-text-transliterated>Tako je care, mi smo Iliri! Sve slavene u Sibir!!!
                </comment-text-transliterated>
            </comment>
            <comment comment-id="17-2">
                <comment-parent-id>17</comment-parent-id>
                <comment-text>Rimski historičar? Pa da piznato je da su rimljani bili fini i mirni ljudi.</comment-text>
                <comment-text-transliterated>Rimski historičar? Pa da piznato je da su rimljani bili fini i mirni
                    ljudi.
                </comment-text-transliterated>
            </comment>
            <comment comment-id="17-3">
                <comment-parent-id>17</comment-parent-id>
                <comment-text>Do sada nikada nigde nije pronadjena ni jedna Ilirska rečenica, a kamoli neki tekst na
                    Ilirskom.Pazi bogati postojao neki narod do 7 veka, koji se prostirao od danasnje Slovenije do
                    Albanije a ni pismo iza sebe nije ostavio. Jedino što se zna I što nam je u amanet ostavljeno od
                    strane Rimskih I Grčkih istoričara je da je postojala Ilirija. U Iliriji su živeli Iliri. Ali ti
                    Iliri su po misljenju mnogih istoricara bili Sloveni, Grci, Rimljani i Albanci. Nije postojao ni
                    jedan Ilirski jezik koji je tobože izumro. A kao što nije postojao Ilirski jezik nisu postojali
                    Iliri kao jedan jedinstveni narod.
                </comment-text>
                <comment-text-transliterated>Do sada nikada nigde nije pronadjena ni jedna Ilirska rečenica, a kamoli
                    neki tekst na Ilirskom.Pazi bogati postojao neki narod do 7 veka, koji se prostirao od danasnje
                    Slovenije do Albanije a ni pismo iza sebe nije ostavio. Jedino što se zna I što nam je u amanet
                    ostavljeno od strane Rimskih I Grčkih istoričara je da je postojala Ilirija. U Iliriji su živeli
                    Iliri. Ali ti Iliri su po misljenju mnogih istoricara bili Sloveni, Grci, Rimljani i Albanci. Nije
                    postojao ni jedan Ilirski jezik koji je tobože izumro. A kao što nije postojao Ilirski jezik nisu
                    postojali Iliri kao jedan jedinstveni narod.
                </comment-text-transliterated>
            </comment>
            <comment comment-id="17-4">
                <comment-parent-id>17</comment-parent-id>
                <comment-text>Zamisli da za hiljadu godina tražimo Svajcarski jezik I ne nadjemo ga. Pa naravno da ga
                    necemo nikad naci kao ni Ilirski. Kao sto u Svajcarskoj zive Nemci, Francuzi I Italijani. Tako su u
                    Iliriji živeli, Srbi, Albanci, Graci I Rimljani. Stvar je prosta I jasna.Da je bilo ratova, bilo ih
                    uvek. Ali ne mozes reci da su sloveni potisnuli neke Ilire, kad Iliri nikad nisu postojali, a
                    Sloveni su od vajkada ziveli na ovim prostorima. Čak šsta više mnogi istoričari dokazuju da su se
                    Srbi na ove prostore doselili 1300 god. Pre nove ere iz Lužičke Srbije.
                </comment-text>
                <comment-text-transliterated>Zamisli da za hiljadu godina tražimo Svajcarski jezik I ne nadjemo ga. Pa
                    naravno da ga necemo nikad naci kao ni Ilirski. Kao sto u Svajcarskoj zive Nemci, Francuzi I
                    Italijani. Tako su u Iliriji živeli, Srbi, Albanci, Graci I Rimljani. Stvar je prosta I jasna.Da je
                    bilo ratova, bilo ih uvek. Ali ne mozes reci da su sloveni potisnuli neke Ilire, kad Iliri nikad
                    nisu postojali, a Sloveni su od vajkada ziveli na ovim prostorima. Čak šsta više mnogi istoričari
                    dokazuju da su se Srbi na ove prostore doselili 1300 god. Pre nove ere iz Lužičke Srbije.
                </comment-text-transliterated>
            </comment>
            <comment comment-id="17-5">
                <comment-parent-id>17</comment-parent-id>
                <comment-text>Dok ako sumnjaju u tvoj komentar ne moraju ići unazad 1500-2000 ili 500 ili 800 godina
                    nego samo 20ak godina unazad. Nažalost većina Srba danas i tada je bio dosta pošten i human narod
                    ali dali su prednost divljim hijenama da im kroje sudbinu !!
                </comment-text>
                <comment-text-transliterated>Dok ako sumnjaju u tvoj komentar ne moraju ići unazad 1500-2000 ili 500 ili
                    800 godina nego samo 20ak godina unazad. Nažalost većina Srba danas i tada je bio dosta pošten i
                    human narod ali dali su prednost divljim hijenama da im kroje sudbinu !!
                </comment-text-transliterated>
            </comment>
            <comment comment-id="17-6">
                <comment-parent-id>17</comment-parent-id>
                <comment-text>Mnogo mi se sviđa Vaš komentar. Gotovo nikad se ne ističe ta osobina srpskog naroda, da ne
                    pravi odmazdu nad svojim dušmanima. U najgorem slučaju nas terete za to da neko nije imao ne znam
                    kakav status u našoj državi. To je izuzetno retko svojstvo nekog naroda koje treba da negujemo i
                    budemo ponosni na to.
                </comment-text>
                <comment-text-transliterated>Mnogo mi se sviđa Vaš komentar. Gotovo nikad se ne ističe ta osobina
                    srpskog naroda, da ne pravi odmazdu nad svojim dušmanima. U najgorem slučaju nas terete za to da
                    neko nije imao ne znam kakav status u našoj državi. To je izuzetno retko svojstvo nekog naroda koje
                    treba da negujemo i budemo ponosni na to.
                </comment-text-transliterated>
            </comment>
            <comment comment-id="18">
                <comment-parent-id/>
                <comment-text>Meni je sve to jasno, ali mi nije zasto neko, da kažemo vekovima, pokušava da iscepa
                    srpski narod, Najnoviji primer je sto SAD pokusava da stvori pravoslavnu kosovsku crkvu koju ce oni
                    da kontrolisu poput one u cg i mk.
                </comment-text>
                <comment-text-transliterated>Meni je sve to jasno, ali mi nije zasto neko, da kažemo vekovima, pokušava
                    da iscepa srpski narod, Najnoviji primer je sto SAD pokusava da stvori pravoslavnu kosovsku crkvu
                    koju ce oni da kontrolisu poput one u cg i mk.
                </comment-text-transliterated>
            </comment>
            <comment comment-id="19">
                <comment-parent-id/>
                <comment-text>A ja citav zivot mislio da smo kinezi i da govorimo japanski</comment-text>
                <comment-text-transliterated>A ja citav zivot mislio da smo kinezi i da govorimo japanski
                </comment-text-transliterated>
            </comment>
            <comment comment-id="19-1">
                <comment-parent-id>19</comment-parent-id>
                <comment-text>Nikad nije kasno.Sada znas!</comment-text>
                <comment-text-transliterated>Nikad nije kasno.Sada znas!</comment-text-transliterated>
            </comment>
            <comment comment-id="20">
                <comment-parent-id/>
                <comment-text>SVE SMO MI U RATU 90IH VIDELI KO SMO I KAKVI SMO!!!</comment-text>
                <comment-text-transliterated>SVE SMO MI U RATU 90IH VIDELI KO SMO I KAKVI SMO!!!
                </comment-text-transliterated>
            </comment>
            <comment comment-id="20-1">
                <comment-parent-id>20</comment-parent-id>
                <comment-text>видели смо ми први пут какви смо у рату 1941г.!</comment-text>
                <comment-text-transliterated>videli smo mi prvi put kakvi smo u ratu 1941g.!
                </comment-text-transliterated>
            </comment>
            <comment comment-id="21">
                <comment-parent-id/>
                <comment-text>pa ako su ljudi bili srbi,rusi,norvezani itd sad su bosnjaci i pripadnici islama i trebate
                    ih prihvatiti kao takve i graditi dobre komsijske odnose a ne "vi ste bili srbi hajd budite opet"poz
                    dobrim ljudima
                </comment-text>
                <comment-text-transliterated>pa ako su ljudi bili srbi,rusi,norvezani itd sad su bosnjaci i pripadnici
                    islama i trebate ih prihvatiti kao takve i graditi dobre komsijske odnose a ne "vi ste bili srbi
                    hajd budite opet"poz dobrim ljudima
                </comment-text-transliterated>
            </comment>
            <comment comment-id="22">
                <comment-parent-id/>
                <comment-text>pa evo primer diskriminacoje Srba od svojih i danas mi sa juga Srbije se tretiramo
                    gradjanji nizeg ranga , mogu da za mislim koji tretman su imali muslimanski Srbi posle proterivanja
                    turaka, a diskriminacija dovodi do toga da drzis uz nesto sto nije tvoje , mada i hriscansku veru
                    smo primili od drugog , a kao primer evo sveti Sava je iz interesa radi brata kralja bio i jedno
                    vreme katolik , sto se tice vere u danasnje vreme, pri ovih mogucnostima da se dodje do informacija,
                    muslimanska vera odpada kao normalna mogucnost za zdrav razum posto je suvise opterecena nehumanim
                    stvarima , ali nemora samo pravoslavan da se tretira kao srbin za mene je onaj srbin ko govori
                    srpski, a geneticki odavna nismo vise Srbi jos od mesanjem sa latinaca i grka pre stvaranje prve
                    drzave
                </comment-text>
                <comment-text-transliterated>pa evo primer diskriminacoje Srba od svojih i danas mi sa juga Srbije se
                    tretiramo gradjanji nizeg ranga , mogu da za mislim koji tretman su imali muslimanski Srbi posle
                    proterivanja turaka, a diskriminacija dovodi do toga da drzis uz nesto sto nije tvoje , mada i
                    hriscansku veru smo primili od drugog , a kao primer evo sveti Sava je iz interesa radi brata kralja
                    bio i jedno vreme katolik , sto se tice vere u danasnje vreme, pri ovih mogucnostima da se dodje do
                    informacija, muslimanska vera odpada kao normalna mogucnost za zdrav razum posto je suvise
                    opterecena nehumanim stvarima , ali nemora samo pravoslavan da se tretira kao srbin za mene je onaj
                    srbin ko govori srpski, a geneticki odavna nismo vise Srbi jos od mesanjem sa latinaca i grka pre
                    stvaranje prve drzave
                </comment-text-transliterated>
            </comment>
            <comment comment-id="22-1">
                <comment-parent-id>22</comment-parent-id>
                <comment-text>Tako je ali ako se vratimo do 11veka samo vidim oda nas je Raskol Crkve uništio a Masoni
                    uzeli u svoje ruke i posle toliko laži i obmana i toliko stradanja i dalje ne puštaju a do tog
                    raskola smo bili braća i hrvatski kraljevi se ženili srpskinjama i bili smo braća i kraljevali su i
                    Bosnom a Tomislav i Srbijom što niko nikad neće ovde ni da kaže e posle je taj raskol digao Srbiju i
                    SPC i stvorio svo zlo i proklestvo koje eto još do danas traje...
                </comment-text>
                <comment-text-transliterated>Tako je ali ako se vratimo do 11veka samo vidim oda nas je Raskol Crkve
                    uništio a Masoni uzeli u svoje ruke i posle toliko laži i obmana i toliko stradanja i dalje ne
                    puštaju a do tog raskola smo bili braća i hrvatski kraljevi se ženili srpskinjama i bili smo braća i
                    kraljevali su i Bosnom a Tomislav i Srbijom što niko nikad neće ovde ni da kaže e posle je taj
                    raskol digao Srbiju i SPC i stvorio svo zlo i proklestvo koje eto još do danas traje...
                </comment-text-transliterated>
            </comment>
            <comment comment-id="22-2">
                <comment-parent-id>22</comment-parent-id>
                <comment-text>Kako da te ne omalovazavaju kada ne znash kom kraju pripadas?! Nema nikakvog juga Srbije,
                    vec se ti krajevi imaju svoje nazive: Stara Srbija, Moravska Banovina, Toplichki kraj, Jablanichki
                    kraj, Pchinjski, Nishki, Leskovachki, Pirotski, Vranjski i td. Dakle shto si dozvolio da te
                    nakaradno zovu juznjakom i josh si to prihvatio kao regionalno ime pored onoliko prelepih i starih
                    srpskih naziva za te krajeve Srbje... Razmisli malo o ovome i upoznaj slavnu istoriju tvog kraja!
                </comment-text>
                <comment-text-transliterated>Kako da te ne omalovazavaju kada ne znash kom kraju pripadas?! Nema
                    nikakvog juga Srbije, vec se ti krajevi imaju svoje nazive: Stara Srbija, Moravska Banovina,
                    Toplichki kraj, Jablanichki kraj, Pchinjski, Nishki, Leskovachki, Pirotski, Vranjski i td. Dakle
                    shto si dozvolio da te nakaradno zovu juznjakom i josh si to prihvatio kao regionalno ime pored
                    onoliko prelepih i starih srpskih naziva za te krajeve Srbje... Razmisli malo o ovome i upoznaj
                    slavnu istoriju tvog kraja!
                </comment-text-transliterated>
            </comment>
            <comment comment-id="23">
                <comment-parent-id/>
                <comment-text>I to je moje pravo. Iako znam da su mi preci bili Srbi. I to je moje pravo. Ne negiram
                    istoriju i činjenice. Samo želim da budem ono što se osećam. I to je moje pravo. I nisam protiv
                    svojeg porekla niti protiv Srba. I ne negiram nikome pravo da bude Etiopljanin, Kinez ili Japanac.
                    Ako želi. To je njegovo pravo.
                </comment-text>
                <comment-text-transliterated>I to je moje pravo. Iako znam da su mi preci bili Srbi. I to je moje pravo.
                    Ne negiram istoriju i činjenice. Samo želim da budem ono što se osećam. I to je moje pravo. I nisam
                    protiv svojeg porekla niti protiv Srba. I ne negiram nikome pravo da bude Etiopljanin, Kinez ili
                    Japanac. Ako želi. To je njegovo pravo.
                </comment-text-transliterated>
            </comment>
            <comment comment-id="24">
                <comment-parent-id/>
                <comment-text>Prešli bi mi u pravoslavlje ali je Islam toliko superiorna vjera da je to prosto
                    neizvedivo ,valjda i zato što je nastala 600 godina nakon hrišćanstva.
                </comment-text>
                <comment-text-transliterated>Prešli bi mi u pravoslavlje ali je Islam toliko superiorna vjera da je to
                    prosto neizvedivo ,valjda i zato što je nastala 600 godina nakon hrišćanstva.
                </comment-text-transliterated>
            </comment>
            <comment comment-id="24-1">
                <comment-parent-id>24</comment-parent-id>
                <comment-text>што се већине срба православаца тиче, не мора нико ко мисли да је србин муслиманске вере,
                    да сада мења своју веру. довољно би било за почетак спознаја, да смо истих корена и да нема места
                    мржњи међу нама! генерације које би дошле касније, са мање притиска би можда прихватиле и да смо ист
                    народ са две вере.
                </comment-text>
                <comment-text-transliterated>što se većine srba pravoslavaca tiče, ne mora niko ko misli da je srbin
                    muslimanske vere, da sada menja svoju veru. dovoljno bi bilo za početak spoznaja, da smo istih
                    korena i da nema mesta mržnji među nama! generacije koje bi došle kasnije, sa manje pritiska bi
                    možda prihvatile i da smo ist narod sa dve vere.
                </comment-text-transliterated>
            </comment>
            <comment comment-id="24-2">
                <comment-parent-id>24</comment-parent-id>
                <comment-text>што се већине срба православаца тиче, не мора нико ко мисли да је србин муслиманске вере,
                    да сада мења своју веру. довољно би било за почетак спознаја, да смо истих корена и да нема места
                    мржњи међу нама! генерације које би дошле касније, са мање притиска би можда прихватиле и да смо ист
                    народ са две вере.
                </comment-text>
                <comment-text-transliterated>što se većine srba pravoslavaca tiče, ne mora niko ko misli da je srbin
                    muslimanske vere, da sada menja svoju veru. dovoljno bi bilo za početak spoznaja, da smo istih
                    korena i da nema mesta mržnji među nama! generacije koje bi došle kasnije, sa manje pritiska bi
                    možda prihvatile i da smo ist narod sa dve vere.
                </comment-text-transliterated>
            </comment>
            <comment comment-id="24-3">
                <comment-parent-id>24</comment-parent-id>
                <comment-text>Tako je. Bravo za komentar.</comment-text>
                <comment-text-transliterated>Tako je. Bravo za komentar.</comment-text-transliterated>
            </comment>
            <comment comment-id="25">
                <comment-parent-id/>
                <comment-text>Svi smo mi SLAVENI i pripadnici najstarijeg naroda Evrope i najstarije kraljevine Evrope a
                    to je još 925g Kraljevina Hrvatska a posle su se digli Masoni i napravili u Konstantinopolisu Raskol
                    Crkve u 11veku....i pojavila se HARLOT ako neko ne zna ko je to neka uzme Bibliju u ruke i neka
                    pročita!!!
                </comment-text>
                <comment-text-transliterated>Svi smo mi SLAVENI i pripadnici najstarijeg naroda Evrope i najstarije
                    kraljevine Evrope a to je još 925g Kraljevina Hrvatska a posle su se digli Masoni i napravili u
                    Konstantinopolisu Raskol Crkve u 11veku....i pojavila se HARLOT ako neko ne zna ko je to neka uzme
                    Bibliju u ruke i neka pročita!!!
                </comment-text-transliterated>
            </comment>
            <comment comment-id="25-1">
                <comment-parent-id>25</comment-parent-id>
                <comment-text>Izgleda da casove istorije nisi posecivao!</comment-text>
                <comment-text-transliterated>Izgleda da casove istorije nisi posecivao!</comment-text-transliterated>
            </comment>
            <comment comment-id="26">
                <comment-parent-id/>
                <comment-text>U pravu je!</comment-text>
                <comment-text-transliterated>U pravu je!</comment-text-transliterated>
            </comment>
            <comment comment-id="27">
                <comment-parent-id/>
                <comment-text>Problem je u tome sto je kod nas vera postala odrednica nacionalnosti,ako si musliman nisi
                    srbin ako si pravoslavac jesi.Po meni glavna odrednica nacije je jezik,po tome se razlikujemo od
                    Spanaca,Nemaca pa i ostalih Slovena.Posto je nas jezik isti,za mene tu nema nikakve dileme.Poreklo
                    je prirodna podela,a vera vestacaka,nametnuta,jer smo svi mi po dolasku na Balkan bili pagani.Ni
                    islam,ni hriscanstvo nisu nase inicijalne vere,vec su tudje,a mi smo ih prihvatili.Sigurno da su
                    muslimani diskriminisani kad su Turci otisli,nije moglo sad odjednom ne vazi se nista svi smo mi
                    nasi..Predugo su bili u Islamu da bi se vracali na hriscanstvo.U tom smislu Jugoslavija je bila
                    jedino logicno i pravedno resenje da svi mi Juzni Sloveni koji govorimo jednim jezikom(a koji smo
                    podeljeni samo raznim osvajacima koji su nametali svoj utica) zivimo bratski u istoj drzavi i da nas
                    sve vezuje jugoslovenstvo.To izgleda nekima nije odgovaralo..
                </comment-text>
                <comment-text-transliterated>Problem je u tome sto je kod nas vera postala odrednica nacionalnosti,ako
                    si musliman nisi srbin ako si pravoslavac jesi.Po meni glavna odrednica nacije je jezik,po tome se
                    razlikujemo od Spanaca,Nemaca pa i ostalih Slovena.Posto je nas jezik isti,za mene tu nema nikakve
                    dileme.Poreklo je prirodna podela,a vera vestacaka,nametnuta,jer smo svi mi po dolasku na Balkan
                    bili pagani.Ni islam,ni hriscanstvo nisu nase inicijalne vere,vec su tudje,a mi smo ih
                    prihvatili.Sigurno da su muslimani diskriminisani kad su Turci otisli,nije moglo sad odjednom ne
                    vazi se nista svi smo mi nasi..Predugo su bili u Islamu da bi se vracali na hriscanstvo.U tom smislu
                    Jugoslavija je bila jedino logicno i pravedno resenje da svi mi Juzni Sloveni koji govorimo jednim
                    jezikom(a koji smo podeljeni samo raznim osvajacima koji su nametali svoj utica) zivimo bratski u
                    istoj drzavi i da nas sve vezuje jugoslovenstvo.To izgleda nekima nije odgovaralo..
                </comment-text-transliterated>
            </comment>
            <comment comment-id="27-1">
                <comment-parent-id>27</comment-parent-id>
                <comment-text>Ti veze nemas. Ilirski jezik je Albanski ako nisi znao</comment-text>
                <comment-text-transliterated>Ti veze nemas. Ilirski jezik je Albanski ako nisi znao
                </comment-text-transliterated>
            </comment>
            <comment comment-id="28">
                <comment-parent-id/>
                <comment-text>Velika večina muslimana izjašnjavala se je kao Srbi za vrijeme Kraljevine SHS i za prve
                    Jugoslavije. To je zapravo bio uvjet da žive u miru. A koliko su se osječali Srbima najbolje govori
                    podatak da su nakon raspada Juge masovno se uključivali u Paveličevu ustašku vojsku.Što više imali
                    neke od naj opakijij jedinica poput Hanđar divizije.A Meša i Kusturica imaju se pravo osječati
                    Srbima, nitko im to ne spori.
                </comment-text>
                <comment-text-transliterated>Velika večina muslimana izjašnjavala se je kao Srbi za vrijeme Kraljevine
                    SHS i za prve Jugoslavije. To je zapravo bio uvjet da žive u miru. A koliko su se osječali Srbima
                    najbolje govori podatak da su nakon raspada Juge masovno se uključivali u Paveličevu ustašku
                    vojsku.Što više imali neke od naj opakijij jedinica poput Hanđar divizije.A Meša i Kusturica imaju
                    se pravo osječati Srbima, nitko im to ne spori.
                </comment-text-transliterated>
            </comment>
            <comment comment-id="29">
                <comment-parent-id/>
                <comment-text>Bravo profesore .od istine nemozes pobeci a istina uvek boli.Kako nam je lepo bilo.
                </comment-text>
                <comment-text-transliterated>Bravo profesore .od istine nemozes pobeci a istina uvek boli.Kako nam je
                    lepo bilo.
                </comment-text-transliterated>
            </comment>
            <comment comment-id="30">
                <comment-parent-id/>
                <comment-text>Da je takvih ljudi više opet bi bilo onih koji bi hteli da rasture ono što bude!
                </comment-text>
                <comment-text-transliterated>Da je takvih ljudi više opet bi bilo onih koji bi hteli da rasture ono što
                    bude!
                </comment-text-transliterated>
            </comment>
            <comment comment-id="31">
                <comment-parent-id/>
                <comment-text>E neka si im rekao profesore,ko zna mozdi im bude i od koristi.</comment-text>
                <comment-text-transliterated>E neka si im rekao profesore,ko zna mozdi im bude i od koristi.
                </comment-text-transliterated>
            </comment>
            <comment comment-id="32">
                <comment-parent-id/>
                <comment-text>Ovi povijesnicari ili ti istoricari uvijek baljezgaju nekakve gluposti od kojih nema nista
                    na kraju.
                </comment-text>
                <comment-text-transliterated>Ovi povijesnicari ili ti istoricari uvijek baljezgaju nekakve gluposti od
                    kojih nema nista na kraju.
                </comment-text-transliterated>
            </comment>
            <comment comment-id="33">
                <comment-parent-id/>
                <comment-text>Ima Srba ima još !</comment-text>
                <comment-text-transliterated>Ima Srba ima još !</comment-text-transliterated>
            </comment>
            <comment comment-id="33-1">
                <comment-parent-id>33</comment-parent-id>
                <comment-text>'Svi će Srbi pod jednu krušku stati'</comment-text>
                <comment-text-transliterated>'Svi će Srbi pod jednu krušku stati'</comment-text-transliterated>
            </comment>
            <comment comment-id="34">
                <comment-parent-id/>
                <comment-text>Najnovija dostignuca u nauci o DNK mogu sa sigurnoscu odbaciti sve dileme .Mozda to ne bi
                    mnogima odgovaralo...
                </comment-text>
                <comment-text-transliterated>Najnovija dostignuca u nauci o DNK mogu sa sigurnoscu odbaciti sve dileme
                    .Mozda to ne bi mnogima odgovaralo...
                </comment-text-transliterated>
            </comment>
            <comment comment-id="35">
                <comment-parent-id/>
                <comment-text>A sta cemo mi nevernici? U toj podeli?</comment-text>
                <comment-text-transliterated>A sta cemo mi nevernici? U toj podeli?</comment-text-transliterated>
            </comment>
            <comment comment-id="35-1">
                <comment-parent-id>35</comment-parent-id>
                <comment-text>Milose ,lepo ime moje,(pozdrav onome ko ti ga je dao) samo budi dobar čovek i eto tebi
                    vere ,nade i ljubavi .
                </comment-text>
                <comment-text-transliterated>Milose ,lepo ime moje,(pozdrav onome ko ti ga je dao) samo budi dobar čovek
                    i eto tebi vere ,nade i ljubavi .
                </comment-text-transliterated>
            </comment>
            <comment comment-id="35-2">
                <comment-parent-id>35</comment-parent-id>
                <comment-text>Ето видиш да си и ти верник. Ти верујеш да си неверник</comment-text>
                <comment-text-transliterated>Eto vidiš da si i ti vernik. Ti veruješ da si nevernik
                </comment-text-transliterated>
            </comment>
            <comment comment-id="35-3">
                <comment-parent-id>35</comment-parent-id>
                <comment-text>nije tacno da je ilirski jezik albanski. albanci su dosli veoma kasno na balkan, sa
                    turcima. albanci su neko azijsko pleme najverovatnije iz avganistana, kad ih gledas nema velike
                    razlike.
                </comment-text>
                <comment-text-transliterated>nije tacno da je ilirski jezik albanski. albanci su dosli veoma kasno na
                    balkan, sa turcima. albanci su neko azijsko pleme najverovatnije iz avganistana, kad ih gledas nema
                    velike razlike.
                </comment-text-transliterated>
            </comment>
            <comment comment-id="36">
                <comment-parent-id/>
                <comment-text>Pobili smo mi onda bracu i u limskoj dolini 1924 i to 70000 srba muslimana i srebrenica tj
                    250000 srba muslimana u bosni. Onda mi je sve jedno i da ubijem mojeg svetozara jer nisam znao da
                    sam brat sa muslimanina
                </comment-text>
                <comment-text-transliterated>Pobili smo mi onda bracu i u limskoj dolini 1924 i to 70000 srba muslimana
                    i srebrenica tj 250000 srba muslimana u bosni. Onda mi je sve jedno i da ubijem mojeg svetozara jer
                    nisam znao da sam brat sa muslimanina
                </comment-text-transliterated>
            </comment>
            <comment comment-id="36-1">
                <comment-parent-id>36</comment-parent-id>
                <comment-text>steta sto si propustio casove istorije. sad knjigu u sake .</comment-text>
                <comment-text-transliterated>steta sto si propustio casove istorije. sad knjigu u sake .
                </comment-text-transliterated>
            </comment>
            <comment comment-id="37">
                <comment-parent-id/>
                <comment-text>Posto pricamo jezikom kojeg svi razumijemo i pisemo istom gramatikom nesporno je da smo
                    jedan jadan narod kojeg su podjelili i jos uvjek pokusavasju jos vise da ga podjele da bi nas
                    zavadjali i lakse vladali sa nama.
                </comment-text>
                <comment-text-transliterated>Posto pricamo jezikom kojeg svi razumijemo i pisemo istom gramatikom
                    nesporno je da smo jedan jadan narod kojeg su podjelili i jos uvjek pokusavasju jos vise da ga
                    podjele da bi nas zavadjali i lakse vladali sa nama.
                </comment-text-transliterated>
            </comment>
            <comment comment-id="38">
                <comment-parent-id/>
                <comment-text>Bravo,Bravo za istinu o jednom te istom narodu ma koje vere bio. Ja nisam neki vernik pa
                    me je posebno oduševio zaključak poštovani profesore jer me je život naučio da stvarno postoje samo
                    dve vere, nacije, rase.... dobar i loščovek.
                </comment-text>
                <comment-text-transliterated>Bravo,Bravo za istinu o jednom te istom narodu ma koje vere bio. Ja nisam
                    neki vernik pa me je posebno oduševio zaključak poštovani profesore jer me je život naučio da
                    stvarno postoje samo dve vere, nacije, rase.... dobar i loščovek.
                </comment-text-transliterated>
            </comment>
            <comment comment-id="39">
                <comment-parent-id/>
                <comment-text>Iskreno se zahvaljujem ovom divnom profesoru sto je javno kazao ono što većina nas i zna.
                    Znam da mnogi muslimani sa ovih prostora znaju i koju krsnu slavu su im preci slavili i to poštuju.
                </comment-text>
                <comment-text-transliterated>Iskreno se zahvaljujem ovom divnom profesoru sto je javno kazao ono što
                    većina nas i zna. Znam da mnogi muslimani sa ovih prostora znaju i koju krsnu slavu su im preci
                    slavili i to poštuju.
                </comment-text-transliterated>
            </comment>
            <comment comment-id="40">
                <comment-parent-id/>
                <comment-text>Pozdrav profesoru...sve je tacno sto je rekao..i knjizevnik Vuk Draskovic je napisao par
                    knjiga na tu temu...
                </comment-text>
                <comment-text-transliterated>Pozdrav profesoru...sve je tacno sto je rekao..i knjizevnik Vuk Draskovic
                    je napisao par knjiga na tu temu...
                </comment-text-transliterated>
            </comment>
            <comment comment-id="41">
                <comment-parent-id/>
                <comment-text>Mi smo SRBI i govorimo SRBSKI jezik!!!!!</comment-text>
                <comment-text-transliterated>Mi smo SRBI i govorimo SRBSKI jezik!!!!!</comment-text-transliterated>
            </comment>
            <comment comment-id="42">
                <comment-parent-id/>
                <comment-text>Meni kao Srbinu najdraže bi bilo da naša braća islamske veroispovesti osećaju da pripadaju
                    ovoj državi i da ona pripada njima, isto koliko i ostalima. Ta veštačka podela nam je donela mnogo
                    zla i nema ko tu da se vraća veri prađedova i slične gluposti. Srbi, sad dal pravoslavne ili
                    islamske veroispovesti nije uopšte bitno. Kad mogu Albanci možemo i mi.
                </comment-text>
                <comment-text-transliterated>Meni kao Srbinu najdraže bi bilo da naša braća islamske veroispovesti
                    osećaju da pripadaju ovoj državi i da ona pripada njima, isto koliko i ostalima. Ta veštačka podela
                    nam je donela mnogo zla i nema ko tu da se vraća veri prađedova i slične gluposti. Srbi, sad dal
                    pravoslavne ili islamske veroispovesti nije uopšte bitno. Kad mogu Albanci možemo i mi.
                </comment-text-transliterated>
            </comment>
            <comment comment-id="43">
                <comment-parent-id/>
                <comment-text>svi smo isti narod, ko je koje vere nije bitno, bitno je samo da smo slabi ako smo
                    podeljeni.
                </comment-text>
                <comment-text-transliterated>svi smo isti narod, ko je koje vere nije bitno, bitno je samo da smo slabi
                    ako smo podeljeni.
                </comment-text-transliterated>
            </comment>
            <comment comment-id="44">
                <comment-parent-id/>
                <comment-text>Svaka čast profesoru !!Brat je mio, ma koje vere bio !!</comment-text>
                <comment-text-transliterated>Svaka čast profesoru !!Brat je mio, ma koje vere bio !!
                </comment-text-transliterated>
            </comment>
        </comment-list>
    </comments>
</document>