<document global-id="sr-03-1441">
    <url>
        https://www.kurir.rs/vesti/srbija/3326741/kineski-policajci-poceli-patroliranje-novim-sadom-u-drustvu-kolega-iz-srbije-obilaze-mesta-na-kojima-turisti-iz-kine-najcesce-borave
    </url>
    <source-id>sr-03</source-id>
    <local-id>1441</local-id>
    <source-name>Kurir</source-name>
    <article>
        <article-title>KINESKI POLICAJCI POČELI PATROLIRANJE NOVIM SADOM: U društvu kolega iz Srbije obilaze mesta na
            kojima turisti iz Kine najčešće borave
        </article-title>
        <article-title-transliterated>KINESKI POLICAJCI POČELI PATROLIRANJE NOVIM SADOM: U društvu kolega iz Srbije
            obilaze mesta na kojima turisti iz Kine najčešće borave
        </article-title-transliterated>
        <article-time>2019-09-23</article-time>
        <article-author>Kurir</article-author>
        <article-text>Novosadskim ulicama od danas, 23. septembra uz srpske šetaju i kineski policajci.
            Građani su srpsko-kinesku patrolu u kojoj su dva kineska policajca i srpski policajac i policajka mogli da
            vide u centru Novog Sada, Dunavskom parku i na Keju.
            Koliko se moglo čuti, kineski policajci prvi dan na ulicama vojvođanske prestonice provode u obilasku ulica
            i lokacija gde turisti uglavnom borave, a ovo je i prilika da se upoznaju sa svojim kolegama iz Srbije.
            Reporter 021.rs je primetio i nekoliko kineskih turista koji su uglavnom iz daljine posmatrali prolazak
            uniformisanih policajca i nisu odavali utisak iznenađenosti, što je nekako i očekivano jer mnoge policije u
            svetu neguju ovakav vid saradanje gde se ljudstvo razmenjuje kako bi se olakšala komunikacija sa strancima.
            To su srpski državljani, na primer, mogli da vide i u Crnoj Gori.
            Kineski policajci nisu naoružani i nemaju nikakve posebne nadležnosti, već im je zadatak da tokom patrola u
            Novom Sadu, Beogradu i Smederevu, gde je najveći broj kineskih turista, pomognu u komunikaciji sa njima ne
            samo zbog jezika, već i zbog toga što je međunarodna praksa pokazala da su građani otvoreniji za saradnju
            kada vide predstavnike svoje zemlje.
            Novosađani su kineske policajce fotografisali mobilnim telefonima, a nekolicina im se i javila na engleskom.
        </article-text>
        <article-text-transliterated>Novosadskim ulicama od danas, 23. septembra uz srpske šetaju i kineski policajci.
            Građani su srpsko-kinesku patrolu u kojoj su dva kineska policajca i srpski policajac i policajka mogli da
            vide u centru Novog Sada, Dunavskom parku i na Keju.
            Koliko se moglo čuti, kineski policajci prvi dan na ulicama vojvođanske prestonice provode u obilasku ulica
            i lokacija gde turisti uglavnom borave, a ovo je i prilika da se upoznaju sa svojim kolegama iz Srbije.
            Reporter 021.rs je primetio i nekoliko kineskih turista koji su uglavnom iz daljine posmatrali prolazak
            uniformisanih policajca i nisu odavali utisak iznenađenosti, što je nekako i očekivano jer mnoge policije u
            svetu neguju ovakav vid saradanje gde se ljudstvo razmenjuje kako bi se olakšala komunikacija sa strancima.
            To su srpski državljani, na primer, mogli da vide i u Crnoj Gori.
            Kineski policajci nisu naoružani i nemaju nikakve posebne nadležnosti, već im je zadatak da tokom patrola u
            Novom Sadu, Beogradu i Smederevu, gde je najveći broj kineskih turista, pomognu u komunikaciji sa njima ne
            samo zbog jezika, već i zbog toga što je međunarodna praksa pokazala da su građani otvoreniji za saradnju
            kada vide predstavnike svoje zemlje.
            Novosađani su kineske policajce fotografisali mobilnim telefonima, a nekolicina im se i javila na engleskom.
        </article-text-transliterated>
    </article>
    <comments>
        <comments-count>0</comments-count>
        <comment-list/>
    </comments>
</document>