<document global-id="sr-03-1074">
    <url>
        https://www.kurir.rs/region/severna-makedonija/3024691/gradjani-ga-prijavili-uhapsen-napadac-na-makedonskog-poslanika-milevskog
    </url>
    <source-id>sr-03</source-id>
    <local-id>1074</local-id>
    <source-name>Kurir</source-name>
    <article>
        <article-title>GRAĐANI GA PRIJAVILI: Uhapšen napadač na makedonskog poslanika Milevskog</article-title>
        <article-title-transliterated>GRAĐANI GA PRIJAVILI: Uhapšen napadač na makedonskog poslanika Milevskog
        </article-title-transliterated>
        <article-time>2018-04-04</article-time>
        <article-author>Kurir</article-author>
        <article-text>Makedonsko tužilaštvo je danas podiglo optužnicu protiv napadača na poslanika vladajuće koalicije
            Gorana Milevskog, u centru Skoplja 25. marta. U saopštenju se navodi da je osoba koja je napala Milevskog,
            identifikovana na osnovu prijava građana, pošto je Tužilaštvo objavilo njegovu fotografiju s javnog
            video-nadzora.
            Osnovno javno tužilažtvo u Skoplju je od suda, dodaje se, zatražilo pritvor optuženog.
            Goran Milevski, poslanik i predsednik Liberalno-demokratske partije (LDP) iz vladajuče koalicije
            Socijademokratskog saveza Makedonije (SDSM), dan posle napada je rekao da je razlog za napad to što je
            vladajuća koalicija izglasala zakon koji omogućava širu zvaničnu upotrebu albanskog jezika.
            Po usvajanju tog zakona, jednoj poslanici SDSM u Vinici je zapaljen automobil, a grupe nezadovoljnih su
            nekoliko noći su protestovale ispred kuća poslanika vladajuće stranke.
        </article-text>
        <article-text-transliterated>Makedonsko tužilaštvo je danas podiglo optužnicu protiv napadača na poslanika
            vladajuće koalicije Gorana Milevskog, u centru Skoplja 25. marta. U saopštenju se navodi da je osoba koja je
            napala Milevskog, identifikovana na osnovu prijava građana, pošto je Tužilaštvo objavilo njegovu fotografiju
            s javnog video-nadzora.
            Osnovno javno tužilažtvo u Skoplju je od suda, dodaje se, zatražilo pritvor optuženog.
            Goran Milevski, poslanik i predsednik Liberalno-demokratske partije (LDP) iz vladajuče koalicije
            Socijademokratskog saveza Makedonije (SDSM), dan posle napada je rekao da je razlog za napad to što je
            vladajuća koalicija izglasala zakon koji omogućava širu zvaničnu upotrebu albanskog jezika.
            Po usvajanju tog zakona, jednoj poslanici SDSM u Vinici je zapaljen automobil, a grupe nezadovoljnih su
            nekoliko noći su protestovale ispred kuća poslanika vladajuće stranke.
        </article-text-transliterated>
    </article>
    <comments>
        <comments-count>0</comments-count>
        <comment-list/>
    </comments>
</document>