<document global-id="sr-03-1168">
    <url>
        https://www.kurir.rs/sport/fudbal/3169939/ibrahimovicev-odgovor-na-pitanje-o-hrvatu-izazvao-tektonske-potrese-zlatan-bez-dlake-na-jeziku-prokomentarisao-dodelu-zlatne-lopte-a-ono-sto-je-rekao-mnogima-se-nece-dopasti
    </url>
    <source-id>sr-03</source-id>
    <local-id>1168</local-id>
    <source-name>Kurir</source-name>
    <article>
        <article-title>IBRAHIMOVIĆEV ODGOVOR NA PITANJE O HRVATU IZAZVAO TEKTONSKE POTRESE! Zlatan bez dlake na jeziku
            prokomentarisao dodelu Zlatne lopte, ...
        </article-title>
        <article-title-transliterated>IBRAHIMOVIĆEV ODGOVOR NA PITANJE O HRVATU IZAZVAO TEKTONSKE POTRESE! Zlatan bez
            dlake na jeziku prokomentarisao dodelu Zlatne lopte, ...
        </article-title-transliterated>
        <article-time>2018-12-10</article-time>
        <article-author>Kurir</article-author>
        <article-text>Sjajni švedski napadač Zlatan Ibrahimović nije propustio priliku da u svom prepoznatljivom stilu
            prokomentariše dodelu Zlatne lopte hrvatskom fudbaleru Luki Modriću. Najprestižnije individualno priznanje u
            svetu fudbala, Zlatna lopta koju dodeljuje "Frans Fudbal" ove godine je otišla u ruke Luki Modriću. Tako je
            prekinuta decenijska dominacija Lionela Mesija i Kristijana Ronalda, koji su po pet puta osvajali ovu
            nagradu.
            Mnogi smatraju da je hrvatski fudbaler nezasluženo dobio priznanje, da su Kristijano Ronaldo, Antoan
            Grizman, pa i Rafael Varan više zaslužili nagradu nego Modrić, međutim, novinari su mislili drugačije.
            Ni Ibrahimović nije propustio priliku da prokomentariše dodelu Zlatne lopte.
            "Sada znamo da je Florentino Perez bio taj koji se takmičio sa Leom Mesije za Zlatnu loptu, a ne Ronaldo",
            rekao je Ibrahimović.
            Zlatan je očito aludirao da uticaj prvog čoveka Real Madrida, s obzirom na činjenicu da je Ronaldo osvojio
            četiri priznanja dok je bio član kraljevskog kluba, a čim je zaratio sa Florentinom ostao je bez nagrade. 
            Kurir sport
            POGELDAJTE BONUS VIDEO:
        </article-text>
        <article-text-transliterated>Sjajni švedski napadač Zlatan Ibrahimović nije propustio priliku da u svom
            prepoznatljivom stilu prokomentariše dodelu Zlatne lopte hrvatskom fudbaleru Luki Modriću. Najprestižnije
            individualno priznanje u svetu fudbala, Zlatna lopta koju dodeljuje "Frans Fudbal" ove godine je otišla u
            ruke Luki Modriću. Tako je prekinuta decenijska dominacija Lionela Mesija i Kristijana Ronalda, koji su po
            pet puta osvajali ovu nagradu.
            Mnogi smatraju da je hrvatski fudbaler nezasluženo dobio priznanje, da su Kristijano Ronaldo, Antoan
            Grizman, pa i Rafael Varan više zaslužili nagradu nego Modrić, međutim, novinari su mislili drugačije.
            Ni Ibrahimović nije propustio priliku da prokomentariše dodelu Zlatne lopte.
            "Sada znamo da je Florentino Perez bio taj koji se takmičio sa Leom Mesije za Zlatnu loptu, a ne Ronaldo",
            rekao je Ibrahimović.
            Zlatan je očito aludirao da uticaj prvog čoveka Real Madrida, s obzirom na činjenicu da je Ronaldo osvojio
            četiri priznanja dok je bio član kraljevskog kluba, a čim je zaratio sa Florentinom ostao je bez nagrade. 
            Kurir sport
            POGELDAJTE BONUS VIDEO:
        </article-text-transliterated>
    </article>
    <comments>
        <comments-count>5</comments-count>
        <comment-list>
            <comment comment-id="1">
                <comment-parent-id/>
                <comment-text>Bravo Zlatane pravo u metu,car.</comment-text>
                <comment-text-transliterated>Bravo Zlatane pravo u metu,car.</comment-text-transliterated>
            </comment>
            <comment comment-id="2">
                <comment-parent-id/>
                <comment-text>Zlatan doktor fudbala zao mi je sto nine ostavio veliki trag u Barselonu ali svako jedan
                    od najvecih te pozije ikad
                </comment-text>
                <comment-text-transliterated>Zlatan doktor fudbala zao mi je sto nine ostavio veliki trag u Barselonu
                    ali svako jedan od najvecih te pozije ikad
                </comment-text-transliterated>
            </comment>
            <comment comment-id="3">
                <comment-parent-id/>
                <comment-text>Cim je napustio Real ,Ronaldu su poceli da pakuju razne gadosti,na kraju je ostao i bez
                    zlatne lopte ,iako je ,naravno ,mnogo bolji fudbaler od Modrica.U sustini,bira se onaj koji najbolje
                    igra fudbal ,a ne onaj koji je nesto osvojio.
                </comment-text>
                <comment-text-transliterated>Cim je napustio Real ,Ronaldu su poceli da pakuju razne gadosti,na kraju je
                    ostao i bez zlatne lopte ,iako je ,naravno ,mnogo bolji fudbaler od Modrica.U sustini,bira se onaj
                    koji najbolje igra fudbal ,a ne onaj koji je nesto osvojio.
                </comment-text-transliterated>
            </comment>
            <comment comment-id="3-1">
                <comment-parent-id>3</comment-parent-id>
                <comment-text>a svi znamo da messi igra najlepsi i najbolji fudbal..</comment-text>
                <comment-text-transliterated>a svi znamo da messi igra najlepsi i najbolji fudbal..
                </comment-text-transliterated>
            </comment>
            <comment comment-id="3-2">
                <comment-parent-id>3</comment-parent-id>
                <comment-text>Nije on ostao ni bez kakve zlatne lopte cak mu je predsednik Reala poklonio 4.......
                </comment-text>
                <comment-text-transliterated>Nije on ostao ni bez kakve zlatne lopte cak mu je predsednik Reala poklonio
                    4.......
                </comment-text-transliterated>
            </comment>
        </comment-list>
    </comments>
</document>