<document global-id="sr-03-1188">
    <url>
        https://www.kurir.rs/vesti/beograd/2900481/ingrid-franc-i-deniz-dosli-iz-nemacke-da-vide-beograd-odusevile-ih-knedle-sa-sljivama-sad-prelaze-na-rostilj-a-smeta-im-samo-jedno
    </url>
    <source-id>sr-03</source-id>
    <local-id>1188</local-id>
    <source-name>Kurir</source-name>
    <article>
        <article-title>INGRID, FRANC I DENIZ DOŠLI IZ NEMAČKE DA VIDE BEOGRAD: Oduševile ih knedle sa šljivama, sad
            prelaze na roštilj, a smeta im samo jedno
        </article-title>
        <article-title-transliterated>INGRID, FRANC I DENIZ DOŠLI IZ NEMAČKE DA VIDE BEOGRAD: Oduševile ih knedle sa
            šljivama, sad prelaze na roštilj, a smeta im samo jedno
        </article-title-transliterated>
        <article-time>2017-08-25</article-time>
        <article-author>Kurir</article-author>
        <article-text>BEOGRAD - Ako bismo slušali strance - Beograd je najveći raj na planeti. Uživanju nikad kraja:
            kvalitetna hrana, jaka kafa i pitka rakija, samo su neke od pogodnosti. Ne treba zanemariti ni atraktivnu
            arhitekturu, pogodno vreme, srdačne ljude koji svi odreda znaju engleski, ali i - jeftinu uslugu.
            I jedino im "smeta" što nemaju dovoljno vremena da ga uzduž i popreko obiđu!
            U šetnji Knez Mihailovom ulicom, do Kalemegdana, tokom nekoliko minuta može se čuti mnoštvo stranih jezika.
            Iako je Beograd grad u kome turistička sezona traje preko cele godine, ovo leto se pokazalo kao izrazito
            uspešno za turizam.
            Ingrid, Franc i Deniz su troje prijatelja iz Nemačke u šetnji Kalemegdanom. Oni su u srpsku prestonicu
            doputovali juče i nisu stigli da obiđu mnogo lokacija, ali su imali vremena da - jedu!
            - Videli smo na internetu gde sve treba ići tokom posete Beogradu, zasad se nismo mnogo udaljavali od
            centra. Od srpskih jela smo probali knedle sa šljivama i njima smo oduševljeni - objašnjava Ingrid, uz pomoć
            Deniz, na kakvu tačno poslasticu misli.
            Oni kažu da zasad nisu videli ništa što im se ne dopada - ljudi su srdačni, arhitektura lepa, a ulice čiste.
            Tokom narednih nekoliko dana koliko će biti gosti u našem gradu, planiraju da isprobaju specijalitete sa
            roštilja. 
            Kod štanda sa suvenirima upoznali smo porodicu iz Australije, koja je u Beograd došla u posetu prijateljima.
            I oni su imali reči hvale za naš grad, ali i sugrađane.
            - Za nas je ovo divno iskustvo. Kod kuće smo okruženi plažama, što je super, ali Beograd je živ, pun ljudi,
            a arhitektura je prelepa - objašnjava gost iz Australije.
            On je zapazio da svi dobro govore engleski, i da ne postoji jezička barijera, a njegovoj supruzi je zapalo
            za oko kako su svi uglađeno i moderno obučeni i imaju stila.
            - Čak i ljudi koji opušteno sede u kafiću izgledaju doterano – kaže ona, dok njen muž dodaje da je u
            Australiji potpuno normalno prošetati centrom grada u papučama, šortsu i majici.
            Imajući u vidu da je njihovoj deci ovo prvo putovanje izvan zemlje, sve im je zanimljivo, i kažu da nisu
            imali problem da se naviknu na novu sredinu.
            Njihovi domaćini planiraju da ih vode u obilazak Zemuna, Avale, Ade i na plovidbu rekama, čemu se ova
            australijska porodica raduje, izražavajući iskreno zadovoljstvo boravkom u Beogradu.
            Turisti iz Kine su prilično zastupljeni na prestoničkim ulicama, jer, kako kažu, "za Srbiju im nije potrebna
            viza". Po pravilu, slabo vladaju engleskim jezikom.
            - Glavna razlike Beograđana u odnosu na Kineze jeste to što su ovde svi opušteniji, manje žure i nisu velike
            gužve na ulicama kao kod nas – istakao je on.
            U igri sa trogodišnjim sinom zatekli smo i Kineskinju Niki, koja je u Beograd došla nakon posete Ukrajini, a
            pre odlaska u Katar.

            - U Beogradu ću provesti još samo četiri dana i nije mi bitno da „jurim“ turističke lokacije. Uživam na
            Kalemegdanu, gde se moj sin igra, a ja mogu besciljno da šetam, to je veoma opuštajuće. Ovde su svi
            usporeniji nego u Kini, i to mi prija. Jako sam zadovoljna vašim gradom, dopada mi se arhitektura u centru,
            a večeras sam planirala da nakon kupovine idem u Skadarliju.
            Objasnila nam je da joj se svidelo „meso sa salatom između dva parčeta hleba“, a kada smo pitali da li je
            možda u pitanju jelo koje se zove pljeskavica, oduševljeno je klimala glavom.
            Lora i Erik su holandski par koji je impulsivno odlučio da negde otputuje na par dana i odabrali baš
            Beograd.

            - Ljudi su veoma prijatni i sa svima se lepo razumemo na engleskom. Zanimljivo je da su svi sređeni i
            doterani jednako kao kod nas u Holandiji, a u drugim evropskim zemljama to nije slučaj - kaže Erik.
            Njegova saputnica je vegetarijanka, ali Erik je čuo da se srpska kuhinja zasniva prevashodno na mesu, što ga
            je prilično obradovalo. Lora nam se pohvalila razglednicom sa motivima rakije koju je kupila na Beogradskoj
            tvrđavi.

            - Prilično me je zainteresovala priča o tom žestokom srpskom piću, vidite moju razglednicu! – uz osmeh kaže
            ona.
            Kao i ostali sagovornici, ni turisti iz Holandije nemaju šta da zamere Beogradu i Beograđanima, nije bilo
            negativnih iskustava i uživaju u svakom aspektu putovanja.
            - Jedan od razloga zbog koji smo se odlučili za dolazak u Beograd jeste lepo vreme i planiramo da idemo na
            Adu. Šta nam preporučujete, da odemo sutra ako je gužva vikendom? - tražio je savet ovaj simpatični par,
            koji nije krio koliko uživa u Beogradu.
            Porodica Izraelaca je objasnila da jedino što im se nije svidelo u Beogradu, jeste to što nemaju dovoljno
            vremena za njega!

            - Samo da pojedemo i trčimo na aerodrom! Baš nam je žao što smo došli u Beograd na samo par dana, a voleo
            bih da fotografišem svaku zgradu, oduševljen sam vašom arhitekturom – rekao je jedan turista iz ove grupe,
            između dva zalogaja.
        </article-text>
        <article-text-transliterated>BEOGRAD - Ako bismo slušali strance - Beograd je najveći raj na planeti. Uživanju
            nikad kraja: kvalitetna hrana, jaka kafa i pitka rakija, samo su neke od pogodnosti. Ne treba zanemariti ni
            atraktivnu arhitekturu, pogodno vreme, srdačne ljude koji svi odreda znaju engleski, ali i - jeftinu uslugu.
            I jedino im "smeta" što nemaju dovoljno vremena da ga uzduž i popreko obiđu!
            U šetnji Knez Mihailovom ulicom, do Kalemegdana, tokom nekoliko minuta može se čuti mnoštvo stranih jezika.
            Iako je Beograd grad u kome turistička sezona traje preko cele godine, ovo leto se pokazalo kao izrazito
            uspešno za turizam.
            Ingrid, Franc i Deniz su troje prijatelja iz Nemačke u šetnji Kalemegdanom. Oni su u srpsku prestonicu
            doputovali juče i nisu stigli da obiđu mnogo lokacija, ali su imali vremena da - jedu!
            - Videli smo na internetu gde sve treba ići tokom posete Beogradu, zasad se nismo mnogo udaljavali od
            centra. Od srpskih jela smo probali knedle sa šljivama i njima smo oduševljeni - objašnjava Ingrid, uz pomoć
            Deniz, na kakvu tačno poslasticu misli.
            Oni kažu da zasad nisu videli ništa što im se ne dopada - ljudi su srdačni, arhitektura lepa, a ulice čiste.
            Tokom narednih nekoliko dana koliko će biti gosti u našem gradu, planiraju da isprobaju specijalitete sa
            roštilja. 
            Kod štanda sa suvenirima upoznali smo porodicu iz Australije, koja je u Beograd došla u posetu prijateljima.
            I oni su imali reči hvale za naš grad, ali i sugrađane.
            - Za nas je ovo divno iskustvo. Kod kuće smo okruženi plažama, što je super, ali Beograd je živ, pun ljudi,
            a arhitektura je prelepa - objašnjava gost iz Australije.
            On je zapazio da svi dobro govore engleski, i da ne postoji jezička barijera, a njegovoj supruzi je zapalo
            za oko kako su svi uglađeno i moderno obučeni i imaju stila.
            - Čak i ljudi koji opušteno sede u kafiću izgledaju doterano – kaže ona, dok njen muž dodaje da je u
            Australiji potpuno normalno prošetati centrom grada u papučama, šortsu i majici.
            Imajući u vidu da je njihovoj deci ovo prvo putovanje izvan zemlje, sve im je zanimljivo, i kažu da nisu
            imali problem da se naviknu na novu sredinu.
            Njihovi domaćini planiraju da ih vode u obilazak Zemuna, Avale, Ade i na plovidbu rekama, čemu se ova
            australijska porodica raduje, izražavajući iskreno zadovoljstvo boravkom u Beogradu.
            Turisti iz Kine su prilično zastupljeni na prestoničkim ulicama, jer, kako kažu, "za Srbiju im nije potrebna
            viza". Po pravilu, slabo vladaju engleskim jezikom.
            - Glavna razlike Beograđana u odnosu na Kineze jeste to što su ovde svi opušteniji, manje žure i nisu velike
            gužve na ulicama kao kod nas – istakao je on.
            U igri sa trogodišnjim sinom zatekli smo i Kineskinju Niki, koja je u Beograd došla nakon posete Ukrajini, a
            pre odlaska u Katar.

            - U Beogradu ću provesti još samo četiri dana i nije mi bitno da „jurim“ turističke lokacije. Uživam na
            Kalemegdanu, gde se moj sin igra, a ja mogu besciljno da šetam, to je veoma opuštajuće. Ovde su svi
            usporeniji nego u Kini, i to mi prija. Jako sam zadovoljna vašim gradom, dopada mi se arhitektura u centru,
            a večeras sam planirala da nakon kupovine idem u Skadarliju.
            Objasnila nam je da joj se svidelo „meso sa salatom između dva parčeta hleba“, a kada smo pitali da li je
            možda u pitanju jelo koje se zove pljeskavica, oduševljeno je klimala glavom.
            Lora i Erik su holandski par koji je impulsivno odlučio da negde otputuje na par dana i odabrali baš
            Beograd.

            - Ljudi su veoma prijatni i sa svima se lepo razumemo na engleskom. Zanimljivo je da su svi sređeni i
            doterani jednako kao kod nas u Holandiji, a u drugim evropskim zemljama to nije slučaj - kaže Erik.
            Njegova saputnica je vegetarijanka, ali Erik je čuo da se srpska kuhinja zasniva prevashodno na mesu, što ga
            je prilično obradovalo. Lora nam se pohvalila razglednicom sa motivima rakije koju je kupila na Beogradskoj
            tvrđavi.

            - Prilično me je zainteresovala priča o tom žestokom srpskom piću, vidite moju razglednicu! – uz osmeh kaže
            ona.
            Kao i ostali sagovornici, ni turisti iz Holandije nemaju šta da zamere Beogradu i Beograđanima, nije bilo
            negativnih iskustava i uživaju u svakom aspektu putovanja.
            - Jedan od razloga zbog koji smo se odlučili za dolazak u Beograd jeste lepo vreme i planiramo da idemo na
            Adu. Šta nam preporučujete, da odemo sutra ako je gužva vikendom? - tražio je savet ovaj simpatični par,
            koji nije krio koliko uživa u Beogradu.
            Porodica Izraelaca je objasnila da jedino što im se nije svidelo u Beogradu, jeste to što nemaju dovoljno
            vremena za njega!

            - Samo da pojedemo i trčimo na aerodrom! Baš nam je žao što smo došli u Beograd na samo par dana, a voleo
            bih da fotografišem svaku zgradu, oduševljen sam vašom arhitekturom – rekao je jedan turista iz ove grupe,
            između dva zalogaja.
        </article-text-transliterated>
    </article>
    <comments>
        <comments-count>6</comments-count>
        <comment-list>
            <comment comment-id="1">
                <comment-parent-id/>
                <comment-text>Najlepsi utisak svih turista sa kojima sam razgovarao je da je ovde za njih (sa njihovim
                    platama i standardom) sve jeftino, da ne kazem dzabe. Dostupni su im vrhunski restorani, klubovi,
                    delikatesi...za njihove prilike male pare. A stara izreka kaze, kad je dzabe i sirce je slatko.
                </comment-text>
                <comment-text-transliterated>Najlepsi utisak svih turista sa kojima sam razgovarao je da je ovde za njih
                    (sa njihovim platama i standardom) sve jeftino, da ne kazem dzabe. Dostupni su im vrhunski
                    restorani, klubovi, delikatesi...za njihove prilike male pare. A stara izreka kaze, kad je dzabe i
                    sirce je slatko.
                </comment-text-transliterated>
            </comment>
            <comment comment-id="2">
                <comment-parent-id/>
                <comment-text>Sada nek se presele da zive u BG kada im se toliko sve svidja. Ljudi su najvise zapanjeni
                    necim sto ne postoji ni u jednoj od navedenih drzava. Da toliki broj ljudi sedi po kafanama i
                    kaficima u radno vreme. Da su siromasni ali top obuceni van svih zapadnih standarda.
                </comment-text>
                <comment-text-transliterated>Sada nek se presele da zive u BG kada im se toliko sve svidja. Ljudi su
                    najvise zapanjeni necim sto ne postoji ni u jednoj od navedenih drzava. Da toliki broj ljudi sedi po
                    kafanama i kaficima u radno vreme. Da su siromasni ali top obuceni van svih zapadnih standarda.
                </comment-text-transliterated>
            </comment>
            <comment comment-id="3">
                <comment-parent-id/>
                <comment-text>Stranci su oduševljeni našom tradicijom , a nama je sve tuđe bolje . Po meni , nema boljih
                    kolača od knedli sa šljivama , još u svojeručnoj izradi . Treba da naučimo da poštujemo sebe , pa će
                    nas onda i drugi više poštovati ! A imamo mi Srbi čime pred svet izaći !
                </comment-text>
                <comment-text-transliterated>Stranci su oduševljeni našom tradicijom , a nama je sve tuđe bolje . Po
                    meni , nema boljih kolača od knedli sa šljivama , još u svojeručnoj izradi . Treba da naučimo da
                    poštujemo sebe , pa će nas onda i drugi više poštovati ! A imamo mi Srbi čime pred svet izaći !
                </comment-text-transliterated>
            </comment>
            <comment comment-id="3-1">
                <comment-parent-id>3</comment-parent-id>
                <comment-text>Ipak su najbolji sitni slavski kolači, zar ne?</comment-text>
                <comment-text-transliterated>Ipak su najbolji sitni slavski kolači, zar ne?
                </comment-text-transliterated>
            </comment>
            <comment comment-id="3-2">
                <comment-parent-id>3</comment-parent-id>
                <comment-text>Onaj šareniš me odvuče u količinu , dok probam svaki , posle se ne osećam dobro ! Knedle
                    su pravo uživanje , posebno kad nalete lepe , zrele šljive .
                </comment-text>
                <comment-text-transliterated>Onaj šareniš me odvuče u količinu , dok probam svaki , posle se ne osećam
                    dobro ! Knedle su pravo uživanje , posebno kad nalete lepe , zrele šljive .
                </comment-text-transliterated>
            </comment>
            <comment comment-id="4">
                <comment-parent-id/>
                <comment-text>Stvarno nikad toliko stranaca nije bilo u BG. Svakog leta sveVise I vise stranih turista.
                    Zato Srbija mora vise da ulozi u turizam.Treba da turisticke informacije budu dostupne bar na dva
                    tri mesta U gradu, bar dok traje sezona. U srbiji Ima dosta da se vidi. Jednodnevne I visednevne
                    ture nisu dovoljno ispoljene. Poradite na tome!!!
                </comment-text>
                <comment-text-transliterated>Stvarno nikad toliko stranaca nije bilo u BG. Svakog leta sveVise I vise
                    stranih turista. Zato Srbija mora vise da ulozi u turizam.Treba da turisticke informacije budu
                    dostupne bar na dva tri mesta U gradu, bar dok traje sezona. U srbiji Ima dosta da se vidi.
                    Jednodnevne I visednevne ture nisu dovoljno ispoljene. Poradite na tome!!!
                </comment-text-transliterated>
            </comment>
        </comment-list>
    </comments>
</document>