<document global-id="sr-03-1450">
    <url>
        https://www.kurir.rs/zabava/pop-kultura/1712368/knjige-za-srpske-veterane-ruski-dom-poklonio-vise-od-300-knjiga-genrontoloskom-centru
    </url>
    <source-id>sr-03</source-id>
    <local-id>1450</local-id>
    <source-name>Kurir</source-name>
    <article>
        <article-title>KNJIGE ZA SRPSKE VETERANE: Ruski dom poklonio više od 300 knjiga Genrontološkom centru
        </article-title>
        <article-title-transliterated>KNJIGE ZA SRPSKE VETERANE: Ruski dom poklonio više od 300 knjiga Genrontološkom
            centru
        </article-title-transliterated>
        <article-time>2015-03-24</article-time>
        <article-author>Kurir</article-author>
        <article-text>U svojoj komfornoj čitaonici veterani rada i ratni veterani moći će da čitaju ruske časopise,
            razgledaju ilustrovane albume, da se upoznavaju sa novitetima srpske književnosti. Biblioteka „Ruskog doma“
            poklonila je preko 300 knjiga na ruskom i srpskom jezicima Gerontološkom centru Beograd "Dom za odrasla i
            starija lica Bežanijska kosa“, gde je smešteno oko 600 osoba.
            U svojoj komfornoj čitaonici veterani rada i ratni veterani moći će da čitaju ruske časopise, razgledaju
            ilustrovane albume, upoznavati se sa novitetima srpske književnosti.
            "Knjige, koje smo danas dobili na poklon od „Ruskog doma biće takođe dostupne i za veterane i penzionere
            Dnevnih klubova i centara za stara lica", rekla je Mimica Džaković, organizator kulturno-zabavnih aktivnosti
            Centra.
            "Ova akcija je početak dugotrajnog programa saradnje Ruskog doma i Gerontološkog centra. Veterani će biti
            počastni gosti na koncerima Ruskog doma, posetioci izložbi, učesnici jubilarnih svečanih događaja povodom
            proslave Velike pobede", rekala je Jelena Zelinska, rukovodilac sektora za informisanje i odnosa sa javnošću
            "Ruskog doma".
        </article-text>
        <article-text-transliterated>U svojoj komfornoj čitaonici veterani rada i ratni veterani moći će da čitaju ruske
            časopise, razgledaju ilustrovane albume, da se upoznavaju sa novitetima srpske književnosti. Biblioteka
            „Ruskog doma“ poklonila je preko 300 knjiga na ruskom i srpskom jezicima Gerontološkom centru Beograd "Dom
            za odrasla i starija lica Bežanijska kosa“, gde je smešteno oko 600 osoba.
            U svojoj komfornoj čitaonici veterani rada i ratni veterani moći će da čitaju ruske časopise, razgledaju
            ilustrovane albume, upoznavati se sa novitetima srpske književnosti.
            "Knjige, koje smo danas dobili na poklon od „Ruskog doma biće takođe dostupne i za veterane i penzionere
            Dnevnih klubova i centara za stara lica", rekla je Mimica Džaković, organizator kulturno-zabavnih aktivnosti
            Centra.
            "Ova akcija je početak dugotrajnog programa saradnje Ruskog doma i Gerontološkog centra. Veterani će biti
            počastni gosti na koncerima Ruskog doma, posetioci izložbi, učesnici jubilarnih svečanih događaja povodom
            proslave Velike pobede", rekala je Jelena Zelinska, rukovodilac sektora za informisanje i odnosa sa javnošću
            "Ruskog doma".
        </article-text-transliterated>
    </article>
    <comments>
        <comments-count>0</comments-count>
        <comment-list/>
    </comments>
</document>