<document global-id="sr-03-1106">
    <url>
        https://www.kurir.rs/vesti/drustvo/3185995/hit-tviter-se-trese-od-smeha-potpuno-sam-bezbrizan-vasa-ekselencijo-pogledajte-kao-je-krle-hteo-da-ispadne-faca-i-kako-ga-je-nasankao-lazni-aleksandar-cepurin
    </url>
    <source-id>sr-03</source-id>
    <local-id>1106</local-id>
    <source-name>Kurir</source-name>
    <article>
        <article-title>HIT! TVITER SE TRESE OD SMEHA! POTPUNO SAM BEZBRIŽAN VAŠA EKSELENCIJO: Pogledajte kako je Krle
            hteo da ispadne faca, i kako ga je nasankao ...
        </article-title>
        <article-title-transliterated>HIT! TVITER SE TRESE OD SMEHA! POTPUNO SAM BEZBRIŽAN VAŠA EKSELENCIJO: Pogledajte
            kako je Krle hteo da ispadne faca, i kako ga je nasankao ...
        </article-title-transliterated>
        <article-time>2019-01-08</article-time>
        <article-author>Kurir</article-author>
        <article-text>Tviter se trese od smeha posle ispale Nebojše Krstića, koji je pomislio da polemiše sa ambasadorom
            Rusije u Srbiji, Aleksandrom Čepurinom! Što je još smešnije, Krle je, misleći da je reč o pravom
            profilu, nastojao da pokaže stav, ali ga je "tviter Čepurin" tako složio, da će tzv. marketinški stručnjak
            ovu raspravu svakako dugo pamtiti!
            Priča je počela kada je tviteraš Goran Ćuviz, odnosno Baltazar Farbar, poznat po brojnim  sličnim
            akcijama na ovoj društvenoj mreži na svoj profil postavio sledeći tvit:
            Zanimljivo je pomenuti da je njegov tvit ubrzo lajkovao Marijan Rističević, a zatim se taj isti tvit na
            mreži volšebno pojavio pod nalogom Александр Чепурин@Cuviz Goran, na koji je reagovao Krstić.
            Poznati marketinški stručnjak nije primetio da je upao u Baltazarovu zamku, već je njegov tvit shvatio
            potpuno ozbiljno, a "Aleksandru Čepurinu" je na ideju o kapelici uputio i blagu kritiku:
            "Nisam siguran vaša ekselencijo da ova oblast spada u vašu sferu interesovanja", napisao je Krle. 
            Na ovo mu je "Čepurin-Ćuviz" poručio da "bude bezbrižan", na šta mu je Krle opet replicirao, i dalje misleći
            da razgovara sa pravim abasadorom Rusije, napisavši da je "potpuno bezbrižan", što je izazvalo opštu
            histeriju na tviteru.
            Posle razmenjenih replika, Čepurin-Ćuviz je Krletu objasnio da je reč o šali, na šta se on više nije
            oglašavao. Pretpostavljamo da je konačno shvatio da je naseo na igru i najzad zaćutao. Zli jezici bi rekli,
            na svu sreću, jer ko zna kako bi se ova rasprava završila da je produžena. 
            Nije poznato kako se Krle upecao na ovakvu foru, i kako nije uočio da se ne radi o zvaničnom profilu
            ambasadora Ruske federacije, ali njegova nesmotrenost, da je tako nazovemo, je izazvala opšti podsmeh i
            komentare nebrojenih tviteraša, koji su Baltazara častili titulom "Vaša ekselencija".
        </article-text>
        <article-text-transliterated>Tviter se trese od smeha posle ispale Nebojše Krstića, koji je pomislio da polemiše
            sa ambasadorom Rusije u Srbiji, Aleksandrom Čepurinom! Što je još smešnije, Krle je, misleći da je reč o
            pravom profilu, nastojao da pokaže stav, ali ga je "tviter Čepurin" tako složio, da će tzv. marketinški
            stručnjak ovu raspravu svakako dugo pamtiti!
            Priča je počela kada je tviteraš Goran Ćuviz, odnosno Baltazar Farbar, poznat po brojnim  sličnim
            akcijama na ovoj društvenoj mreži na svoj profil postavio sledeći tvit:
            Zanimljivo je pomenuti da je njegov tvit ubrzo lajkovao Marijan Rističević, a zatim se taj isti tvit na
            mreži volšebno pojavio pod nalogom Aleksandr Čepurin@Cuviz Goran, na koji je reagovao Krstić.
            Poznati marketinški stručnjak nije primetio da je upao u Baltazarovu zamku, već je njegov tvit shvatio
            potpuno ozbiljno, a "Aleksandru Čepurinu" je na ideju o kapelici uputio i blagu kritiku:
            "Nisam siguran vaša ekselencijo da ova oblast spada u vašu sferu interesovanja", napisao je Krle. 
            Na ovo mu je "Čepurin-Ćuviz" poručio da "bude bezbrižan", na šta mu je Krle opet replicirao, i dalje misleći
            da razgovara sa pravim abasadorom Rusije, napisavši da je "potpuno bezbrižan", što je izazvalo opštu
            histeriju na tviteru.
            Posle razmenjenih replika, Čepurin-Ćuviz je Krletu objasnio da je reč o šali, na šta se on više nije
            oglašavao. Pretpostavljamo da je konačno shvatio da je naseo na igru i najzad zaćutao. Zli jezici bi rekli,
            na svu sreću, jer ko zna kako bi se ova rasprava završila da je produžena. 
            Nije poznato kako se Krle upecao na ovakvu foru, i kako nije uočio da se ne radi o zvaničnom profilu
            ambasadora Ruske federacije, ali njegova nesmotrenost, da je tako nazovemo, je izazvala opšti podsmeh i
            komentare nebrojenih tviteraša, koji su Baltazara častili titulom "Vaša ekselencija".
        </article-text-transliterated>
    </article>
    <comments>
        <comments-count>5</comments-count>
        <comment-list>
            <comment comment-id="1">
                <comment-parent-id/>
                <comment-text>Marketing ekspert...</comment-text>
                <comment-text-transliterated>Marketing ekspert...</comment-text-transliterated>
            </comment>
            <comment comment-id="2">
                <comment-parent-id/>
                <comment-text>Imam kupljenu diplonu cega hoces, mogu da radim gde hoces, samo daaaaajjjjj
                    paaaaaraaaaaa.... Kontakt poznat..
                </comment-text>
                <comment-text-transliterated>Imam kupljenu diplonu cega hoces, mogu da radim gde hoces, samo daaaaajjjjj
                    paaaaaraaaaaa.... Kontakt poznat..
                </comment-text-transliterated>
            </comment>
            <comment comment-id="3">
                <comment-parent-id/>
                <comment-text>Krle je pola pajaco pola poltron, kao covek je 0 .</comment-text>
                <comment-text-transliterated>Krle je pola pajaco pola poltron, kao covek je 0 .
                </comment-text-transliterated>
            </comment>
            <comment comment-id="4">
                <comment-parent-id/>
                <comment-text>Ocajan tip ovaj Krle!</comment-text>
                <comment-text-transliterated>Ocajan tip ovaj Krle!</comment-text-transliterated>
            </comment>
            <comment comment-id="4-1">
                <comment-parent-id>4</comment-parent-id>
                <comment-text>Gde se samo ispilise ovoliki mlataci i dangube?</comment-text>
                <comment-text-transliterated>Gde se samo ispilise ovoliki mlataci i dangube?
                </comment-text-transliterated>
            </comment>
        </comment-list>
    </comments>
</document>