<document global-id="sr-03-1232">
    <url>
        https://www.kurir.rs/region/bosna-i-hercegovina/3336477/sahrana-lane-bijedic-u-cetvrtak-na-sutini-ce-se-oprostiti-od-tragicno-stradale-mostarke
    </url>
    <source-id>sr-03</source-id>
    <local-id>1232</local-id>
    <source-name>Kurir</source-name>
    <article>
        <article-title>ISPRAĆAJ LANE BIJEDIĆ U ČETVRTAK: Na Sutini će se oprostiti od tragično stradale Mostarke
        </article-title>
        <article-title-transliterated>ISPRAĆAJ LANE BIJEDIĆ U ČETVRTAK: Na Sutini će se oprostiti od tragično stradale
            Mostarke
        </article-title-transliterated>
        <article-time>2019-10-09</article-time>
        <article-author>Kurir</article-author>
        <article-text>Lana Bijedić (19) čije je telo pronađeno u nedelju u reci Studenčici pored Ljubuškog, biće
            ispraćena u četvrtak, na Gradskom groblju Sutina u 9 sati. Kako se navodi, sahrana će biti dan kasnije u
            Beogradu. Među ožalošćenima su majka Nina i baka Nevenka i ostala mnogobrojna rodbina i prijatelji.
            Policija još traga za osumnjičenim, a radi se na veštačenju njenog mobilnog telefona koji je pronađen tokom
            uviđaja.
            Njene kolege i prijatelji iz Srednje građevinske škole oglasili su se kazavši da je Lana bila posebna,
            inteligentna, kreativna i iskrena devojka, zainteresovana za brojne teme o kojima njeni vršnjaci često i ne
            razmišljaju.
            "U našoj školi i u našim srcima ostavila je traga svojom posebnošću. Osvajala je nagrade na takmičenjima iz
            engleskog jezika i kulturnog nasleđa", napisali su.
        </article-text>
        <article-text-transliterated>Lana Bijedić (19) čije je telo pronađeno u nedelju u reci Studenčici pored
            Ljubuškog, biće ispraćena u četvrtak, na Gradskom groblju Sutina u 9 sati. Kako se navodi, sahrana će biti
            dan kasnije u Beogradu. Među ožalošćenima su majka Nina i baka Nevenka i ostala mnogobrojna rodbina i
            prijatelji.
            Policija još traga za osumnjičenim, a radi se na veštačenju njenog mobilnog telefona koji je pronađen tokom
            uviđaja.
            Njene kolege i prijatelji iz Srednje građevinske škole oglasili su se kazavši da je Lana bila posebna,
            inteligentna, kreativna i iskrena devojka, zainteresovana za brojne teme o kojima njeni vršnjaci često i ne
            razmišljaju.
            "U našoj školi i u našim srcima ostavila je traga svojom posebnošću. Osvajala je nagrade na takmičenjima iz
            engleskog jezika i kulturnog nasleđa", napisali su.
        </article-text-transliterated>
    </article>
    <comments>
        <comments-count>0</comments-count>
        <comment-list/>
    </comments>
</document>