<document global-id="sr-03-122">
    <url>
        https://www.kurir.rs/region/crna-gora/2623347/video-amfilohije-buducnost-hne-moze-da-se-gradi-na-laznom-jeziku-i-laznoj-azbuci
    </url>
    <source-id>sr-03</source-id>
    <local-id>122</local-id>
    <source-name>Kurir</source-name>
    <article>
        <article-title>(VIDEO) AMFILOHIJE: Budućnost se ne gradi na lažnom jeziku i lažnoj azbuci!</article-title>
        <article-title-transliterated>(VIDEO) AMFILOHIJE: Budućnost se ne gradi na lažnom jeziku i lažnoj azbuci!
        </article-title-transliterated>
        <article-time>2017-01-06</article-time>
        <article-author>Kurir</article-author>
        <article-text>CETINJE - Mitropolija Crnogorsko-Primorska, u prisustvu građana, i ove godine u 15 sati je palila
            badnjake ispred Cetinsjskog manastira. Mitropolit Amfilohije uz božićne čestitke, poručio je vlastima da se
            budućnost Crne Gore ne može graditi na lažnom jeziku i lažnoj azbuci. Mitropolit je upozorio Cetinjane da je
            u njihovom gradu sve manje ćirilice.
            " Ko ima pravo da nam ukrade naše pismo, našu azbuku. Nadam se u boga da taj sram i stid na obrazu Crne
            Gore, i nadam se da neće dugo trajati da će ovi koji imaju vlast koji su to nametnuli nasiljem da će i oni
            shvatiti da se ne može graditi budućnost Crne Gore na lažnom jeziku i lažnoj azbuci", kazao je Mitropolit
            crnogorsko-primorski.
            "Nemamo mi ništa protiv latinice, da nju koriste braća Hrvati, Italijani, Nemci, ali ko ima pravo da ukrade
            naše pismo, našu azbuku, slovo Ćirilovo, slovo Cetinjskog Oktoiha, slovo Svetog Petra Cetinjskoga“, kazao je
            Amfilohije.
            On je  podsetio i da u svom kabinetu čuva kamen temeljac hrama koji je, kako je rekao, zamišljen da se gradi
            između Biljarde i Vladinog doma 1910. u čast krunisanja Kralja Nikole. Najavio da bi ove godine trebalo da
            započne gradnja tog hrama.
        </article-text>
        <article-text-transliterated>CETINJE - Mitropolija Crnogorsko-Primorska, u prisustvu građana, i ove godine u 15
            sati je palila badnjake ispred Cetinsjskog manastira. Mitropolit Amfilohije uz božićne čestitke, poručio je
            vlastima da se budućnost Crne Gore ne može graditi na lažnom jeziku i lažnoj azbuci. Mitropolit je upozorio
            Cetinjane da je u njihovom gradu sve manje ćirilice.
            " Ko ima pravo da nam ukrade naše pismo, našu azbuku. Nadam se u boga da taj sram i stid na obrazu Crne
            Gore, i nadam se da neće dugo trajati da će ovi koji imaju vlast koji su to nametnuli nasiljem da će i oni
            shvatiti da se ne može graditi budućnost Crne Gore na lažnom jeziku i lažnoj azbuci", kazao je Mitropolit
            crnogorsko-primorski.
            "Nemamo mi ništa protiv latinice, da nju koriste braća Hrvati, Italijani, Nemci, ali ko ima pravo da ukrade
            naše pismo, našu azbuku, slovo Ćirilovo, slovo Cetinjskog Oktoiha, slovo Svetog Petra Cetinjskoga“, kazao je
            Amfilohije.
            On je  podsetio i da u svom kabinetu čuva kamen temeljac hrama koji je, kako je rekao, zamišljen da se gradi
            između Biljarde i Vladinog doma 1910. u čast krunisanja Kralja Nikole. Najavio da bi ove godine trebalo da
            započne gradnja tog hrama.
            (vijesti.me)
        </article-text-transliterated>
    </article>
    <comments>
        <comments-count>2</comments-count>
        <comment-list>
            <comment comment-id="1">
                <comment-parent-id/>
                <comment-text>Mitropolitu Amfilohiju velika zahvalnost na doslednosti i upornom ukazivanju greški koje
                    čine pojedinci, a pogotovo za one na vlasti. On se drži one Njegoševe: "Svako je rođen da po jednom
                    umre, čast i bruka žive dovijeka". Mitropolitu dobro zdravlje i svako dobro - čestit mu Božić, da ga
                    u miru i zdravlju proslavi! Mir Božji, Hristos se rodi!
                </comment-text>
                <comment-text-transliterated>Mitropolitu Amfilohiju velika zahvalnost na doslednosti i upornom
                    ukazivanju greški koje čine pojedinci, a pogotovo za one na vlasti. On se drži one Njegoševe: "Svako
                    je rođen da po jednom umre, čast i bruka žive dovijeka". Mitropolitu dobro zdravlje i svako dobro -
                    čestit mu Božić, da ga u miru i zdravlju proslavi! Mir Božji, Hristos se rodi!
                </comment-text-transliterated>
            </comment>
            <comment comment-id="2">
                <comment-parent-id/>
                <comment-text>Koliko ja znam pravoslavna crkva je bila ogroman protivnik Vukove reforme ...uporno je
                    gurala glagoljicu od skoro 50 slova od kojih 10 retko ko je znao kako se izgovaraju
                </comment-text>
                <comment-text-transliterated>Koliko ja znam pravoslavna crkva je bila ogroman protivnik Vukove reforme
                    ...uporno je gurala glagoljicu od skoro 50 slova od kojih 10 retko ko je znao kako se izgovaraju
                </comment-text-transliterated>
            </comment>
        </comment-list>
    </comments>
</document>