<document global-id="sr-04-1127">
    <url>http://www.alo.rs/ministarka-mirjana-jevtic-podnela-ostavku/88843</url>
    <source-id>sr-04</source-id>
    <local-id>1127</local-id>
    <source-name>Alo</source-name>
    <article>
        <article-title>Ministarka Mirjana Jevtić podnela ostavku</article-title>
        <article-title-transliterated>Ministarka Mirjana Jevtić podnela ostavku</article-title-transliterated>
        <article-time>2016-12-29</article-time>
        <article-author>Tanjug</article-author>
        <article-text>Ministarka za lokalnu samoupravu Mirjana Jevtić obavestila je danas kosovskog premijera Isu
            Mustafu da podnosi ostakvu na tu funkciju, javila je Radio televizija Kosovo, program na srpskom jeziku.
            Tu informaciju je za RTK 2 u telefonskoj izjavi potvrdio predsednik Srpske liste Slavko Simić.
            "Mirijana Jevtić je oko podneva obavestila premijera Mustafu da podnosi neopozivu ostavku na mesto ministra
            Administracije i lokalne samouprave, a o ostavci Jevtićeve i Srpska lista je takođe obavestila premijera",
            rekao je Simić.
            Jevtićeva je funkciju ministarke obavljala od 16. decembra kada je predsednik vlade smenio Ljubomira Marića.
        </article-text>
        <article-text-transliterated>Ministarka za lokalnu samoupravu Mirjana Jevtić obavestila je danas kosovskog
            premijera Isu Mustafu da podnosi ostakvu na tu funkciju, javila je Radio televizija Kosovo, program na
            srpskom jeziku.
            Tu informaciju je za RTK 2 u telefonskoj izjavi potvrdio predsednik Srpske liste Slavko Simić.
            "Mirijana Jevtić je oko podneva obavestila premijera Mustafu da podnosi neopozivu ostavku na mesto ministra
            Administracije i lokalne samouprave, a o ostavci Jevtićeve i Srpska lista je takođe obavestila premijera",
            rekao je Simić.
            Jevtićeva je funkciju ministarke obavljala od 16. decembra kada je predsednik vlade smenio Ljubomira Marića.
        </article-text-transliterated>
    </article>
    <comments>
        <comments-count>4</comments-count>
        <comment-list>
            <comment comment-id="0">
                <comment-parent-id/>
                <comment-text>Mirjana, da zapevaš kod mene pod šator u Slanci, za seosku preslavu?</comment-text>
                <comment-text-transliterated>Mirjana, da zapevaš kod mene pod šator u Slanci, za seosku preslavu?
                </comment-text-transliterated>
            </comment>
            <comment comment-id="2">
                <comment-parent-id/>
                <comment-text>Sto ucinje Mirjana, ja sam mislio da si izdrzljivija, a ti popustila pred diktatom, E,
                    jbg...
                </comment-text>
                <comment-text-transliterated>Sto ucinje Mirjana, ja sam mislio da si izdrzljivija, a ti popustila pred
                    diktatom, E, jbg...
                </comment-text-transliterated>
            </comment>
            <comment comment-id="2-1">
                <comment-parent-id>2</comment-parent-id>
                <comment-text>NE BRINITE SAD CE DACIC DA JOJ DA AMBASADORSKO MESTO</comment-text>
                <comment-text-transliterated>NE BRINITE SAD CE DACIC DA JOJ DA AMBASADORSKO MESTO
                </comment-text-transliterated>
            </comment>
            <comment comment-id="3">
                <comment-parent-id/>
                <comment-text>Dobila angažman u Parovima.</comment-text>
                <comment-text-transliterated>Dobila angažman u Parovima.</comment-text-transliterated>
            </comment>
        </comment-list>
    </comments>
</document>