<document global-id="sr-04-1445">
    <url>http://www.alo.rs/vesti/region/srpski-hakeri-udarili-na-hrvatski-pravopis/35935/vest#comments</url>
    <source-id>sr-04</source-id>
    <local-id>1445</local-id>
    <source-name>Alo</source-name>
    <article>
        <article-title>INTERNET RAT</article-title>
        <article-title-transliterated>INTERNET RAT</article-title-transliterated>
        <article-time>2016-02-22</article-time>
        <article-author>alo.rs</article-author>
        <article-text>Srpski hakeri na internet stranici Instituta za hrvatski jezik ostavili poruku "Vukovar srpski
            grad" uz melodije četničkih pesama i fotografiju Vojislava Šešelja.
            Hrvatski mediji javljaju da su hakeri iz Srbije sinoć napali internet stranicu Instituta za hrvatski jezik i
            jezikoslovlje Pravopis.hr.
            Na stranici, kojoj je i jutros bilo nemoguće pristupiti, hakeri su ostavili fotografije srpske i ruske
            zastave,  natpis "Vukovar srpski grad" i melodije četničkih pesama.
            Umesto uobičajnog jezičnog sadržaja osvanula je fotografija haškog optuženika Vojislava Šešelja s kokardom i
            kalašnjikovom. Na dnu stranice ostavljena je poruka: pozdrav od srpskih hakera.
            Mediji podsećaju da se juče obeležavao Međunarodni dan maternjeg jezika, a direktor Instituta za hrvatski
            jezik Željko Jozić smatra da napad na ovaj dan nije slučajan.
            - Malo sam, ali samo malo, iznenađen. Takve stvari nam ne trebaju. Napad nam je dojavila korisnica iz
            Kanade. Ovo je dosad drugi hakerski nasrtaj na naše stranice. U dogovoru sa nadležnim službama odlučili smo
            srušiti servere odnosno staviti stranice van funkcije do sutra, do rešenja problema. Ako bude potrebe
            događaj ćemo prijaviti i policiji - kazao nam je sinoć direktor Instituta Željko Jozić poručivši kako je
            očigledno da se radi o napadu nekoga "kome smeta hrvatski jezik".
            Jozić poziva one koji se služe ovakvim napadima da ideološke razmerice rešavaju dijalogom i poručuje kako se
            radi o vrlo neprimerenim porukama.
        </article-text>
        <article-text-transliterated>Srpski hakeri na internet stranici Instituta za hrvatski jezik ostavili poruku
            "Vukovar srpski grad" uz melodije četničkih pesama i fotografiju Vojislava Šešelja.
            Hrvatski mediji javljaju da su hakeri iz Srbije sinoć napali internet stranicu Instituta za hrvatski jezik i
            jezikoslovlje Pravopis.hr.
            Na stranici, kojoj je i jutros bilo nemoguće pristupiti, hakeri su ostavili fotografije srpske i ruske
            zastave,  natpis "Vukovar srpski grad" i melodije četničkih pesama.
            Umesto uobičajnog jezičnog sadržaja osvanula je fotografija haškog optuženika Vojislava Šešelja s kokardom i
            kalašnjikovom. Na dnu stranice ostavljena je poruka: pozdrav od srpskih hakera.
            Mediji podsećaju da se juče obeležavao Međunarodni dan maternjeg jezika, a direktor Instituta za hrvatski
            jezik Željko Jozić smatra da napad na ovaj dan nije slučajan.
            - Malo sam, ali samo malo, iznenađen. Takve stvari nam ne trebaju. Napad nam je dojavila korisnica iz
            Kanade. Ovo je dosad drugi hakerski nasrtaj na naše stranice. U dogovoru sa nadležnim službama odlučili smo
            srušiti servere odnosno staviti stranice van funkcije do sutra, do rešenja problema. Ako bude potrebe
            događaj ćemo prijaviti i policiji - kazao nam je sinoć direktor Instituta Željko Jozić poručivši kako je
            očigledno da se radi o napadu nekoga "kome smeta hrvatski jezik".
            Jozić poziva one koji se služe ovakvim napadima da ideološke razmerice rešavaju dijalogom i poručuje kako se
            radi o vrlo neprimerenim porukama.
        </article-text-transliterated>
    </article>
    <comments>
        <comments-count>2</comments-count>
        <comment-list>
            <comment comment-id="0">
                <comment-parent-id/>
                <comment-text>Nije čudno što su napali sajt Pravopisa jer je potpuno nepismen prevod na zastavi. Ha ha
                    ha - Jedan boje, jedno krvi! Sva čast, ali od koga je dobro je ( mislim na polupismene desničara
                    koji su takvi od Vaedar pa do Triglava, ali ovo je super. Jedno krvi! ha ha ha )
                </comment-text>
                <comment-text-transliterated>Nije čudno što su napali sajt Pravopisa jer je potpuno nepismen prevod na
                    zastavi. Ha ha ha - Jedan boje, jedno krvi! Sva čast, ali od koga je dobro je ( mislim na
                    polupismene desničara koji su takvi od Vaedar pa do Triglava, ali ovo je super. Jedno krvi! ha ha ha
                    )
                </comment-text-transliterated>
            </comment>
            <comment comment-id="0-1">
                <comment-parent-id>0</comment-parent-id>
                <comment-text>A i ti si ono bas pismen-"( mislim na polupismene desničara koji su takvi od Vaedar pa do
                    Triglava".Toliko o tome
                </comment-text>
                <comment-text-transliterated>A i ti si ono bas pismen-"( mislim na polupismene desničara koji su takvi
                    od Vaedar pa do Triglava".Toliko o tome
                </comment-text-transliterated>
            </comment>
        </comment-list>
    </comments>
</document>