<document global-id="sr-04-1401">
    <url>http://www.alo.rs/vesti/region/istra-hoce-da-se-otcepi-od-hrvatske/114046/vest#comments</url>
    <source-id>sr-04</source-id>
    <local-id>1401</local-id>
    <source-name>Alo</source-name>
    <article>
        <article-title>DRŽAVA ZA SEBE</article-title>
        <article-title-transliterated>DRŽAVA ZA SEBE</article-title-transliterated>
        <article-time>2017-07-05</article-time>
        <article-author>Tanjug</article-author>
        <article-text>Građani Istre žele da budu samostalni.
            Pre nedelju dana otvoren je blog pod nazivom Republika Istra, a na Fejsbuku još ranije stranica Republika
            Istra, prenosi hrvatski portal Index.hr.
            "Mi nismo Italijani, nismo Slovenci, nismo Hrvati, mi smo Istrijani i imamo elemente više naroda. Istra
            počiva na tekovinama antifašizma", navodi se na blogu.
            Na blogu, prevedeno na nekoliko jezika, stoji: "Istra - Samostalna država. Vajk bila, vajk ce biti. (...)
            Istra je država, Istrijan je nacionalnost, Istrijan je svatko onaj tko: poštuje sve Istarske narodne
            skupine, njihove jezike, dijalekte, i govore te njihove užance i tradicije; prihvaća njene kulture -
            naročito kulturu suživota; djeluje, u granicama svojih mogucnosti i sposobnosti, za unapređenje Istre i za
            dobrobit njenih građana".
            Takođe je napisano ostrvo na mestu poluostrva.
            Na Fejsbuk stranici stoji podatak kako inicijativa datira s kraja prošle godine i da je njen cilj
            "regionalna autonomija Istre". Među objavama je i poruka "Činimo ostrvo na mestu poluostrva", prenosi Index.
        </article-text>
        <article-text-transliterated>Građani Istre žele da budu samostalni.
            Pre nedelju dana otvoren je blog pod nazivom Republika Istra, a na Fejsbuku još ranije stranica Republika
            Istra, prenosi hrvatski portal Index.hr.
            "Mi nismo Italijani, nismo Slovenci, nismo Hrvati, mi smo Istrijani i imamo elemente više naroda. Istra
            počiva na tekovinama antifašizma", navodi se na blogu.
            Na blogu, prevedeno na nekoliko jezika, stoji: "Istra - Samostalna država. Vajk bila, vajk ce biti. (...)
            Istra je država, Istrijan je nacionalnost, Istrijan je svatko onaj tko: poštuje sve Istarske narodne
            skupine, njihove jezike, dijalekte, i govore te njihove užance i tradicije; prihvaća njene kulture -
            naročito kulturu suživota; djeluje, u granicama svojih mogucnosti i sposobnosti, za unapređenje Istre i za
            dobrobit njenih građana".
            Takođe je napisano ostrvo na mestu poluostrva.
            Na Fejsbuk stranici stoji podatak kako inicijativa datira s kraja prošle godine i da je njen cilj
            "regionalna autonomija Istre". Među objavama je i poruka "Činimo ostrvo na mestu poluostrva", prenosi Index.
        </article-text-transliterated>
    </article>
    <comments>
        <comments-count>17</comments-count>
        <comment-list>
            <comment comment-id="0">
                <comment-parent-id/>
                <comment-text>Njihova posla. Vodimo mi naše brige. Imamo ih na pretek.</comment-text>
                <comment-text-transliterated>Njihova posla. Vodimo mi naše brige. Imamo ih na pretek.
                </comment-text-transliterated>
            </comment>
            <comment comment-id="2">
                <comment-parent-id/>
                <comment-text>Normalno, jer Istra nikad nije pripadala hrvatskoj.Ona je pripadala Jugoslaviji , kao
                    ratna odsteta i moze se reci da je pre od hrvatske trebalo uzeti ratnu odstetu jer se borila na
                    fasistickoj strani, a ne njoj dati ono sto joj ne pripada i njoj ne uzeti ono sto drugima pripada.
                </comment-text>
                <comment-text-transliterated>Normalno, jer Istra nikad nije pripadala hrvatskoj.Ona je pripadala
                    Jugoslaviji , kao ratna odsteta i moze se reci da je pre od hrvatske trebalo uzeti ratnu odstetu jer
                    se borila na fasistickoj strani, a ne njoj dati ono sto joj ne pripada i njoj ne uzeti ono sto
                    drugima pripada.
                </comment-text-transliterated>
            </comment>
            <comment comment-id="3">
                <comment-parent-id/>
                <comment-text>Аха па ће нез. санџак да ти узму Албанци пријатељу</comment-text>
                <comment-text-transliterated>Aha pa će nez. sandžak da ti uzmu Albanci prijatelju
                </comment-text-transliterated>
            </comment>
            <comment comment-id="3-1">
                <comment-parent-id>3</comment-parent-id>
                <comment-text>Neka ga uzmu slobodno jer ih drugi niko i neće.</comment-text>
                <comment-text-transliterated>Neka ga uzmu slobodno jer ih drugi niko i neće.
                </comment-text-transliterated>
            </comment>
            <comment comment-id="4">
                <comment-parent-id/>
                <comment-text>Tako je, neka se vrati Italiji.</comment-text>
                <comment-text-transliterated>Tako je, neka se vrati Italiji.</comment-text-transliterated>
            </comment>
            <comment comment-id="5">
                <comment-parent-id/>
                <comment-text>Imao sam stan u Rovinju. Istra je uvek bila Srpskoitalijanska.</comment-text>
                <comment-text-transliterated>Imao sam stan u Rovinju. Istra je uvek bila Srpskoitalijanska.
                </comment-text-transliterated>
            </comment>
            <comment comment-id="6">
                <comment-parent-id/>
                <comment-text>Svako ima pravo na neovisnost, cim Vojvodina postane samostalna drzava, odma ce i Istra
                    postati republika..
                </comment-text>
                <comment-text-transliterated>Svako ima pravo na neovisnost, cim Vojvodina postane samostalna drzava,
                    odma ce i Istra postati republika..
                </comment-text-transliterated>
            </comment>
            <comment comment-id="6-1">
                <comment-parent-id>6</comment-parent-id>
                <comment-text>Nećete se vi tu mnogo pitati.</comment-text>
                <comment-text-transliterated>Nećete se vi tu mnogo pitati.</comment-text-transliterated>
            </comment>
            <comment comment-id="7">
                <comment-parent-id/>
                <comment-text>Neću da budem zlurad, ali Hrvati su uživali u separatistickim tendencijama u Srbiji. Sada
                    će možda i Dalmatincima da padne to isto na pamet?
                </comment-text>
                <comment-text-transliterated>Neću da budem zlurad, ali Hrvati su uživali u separatistickim tendencijama
                    u Srbiji. Sada će možda i Dalmatincima da padne to isto na pamet?
                </comment-text-transliterated>
            </comment>
            <comment comment-id="8">
                <comment-parent-id/>
                <comment-text>Istra i Dalmacija nikad nisu ni bile Hrvatske nego Talijanske.</comment-text>
                <comment-text-transliterated>Istra i Dalmacija nikad nisu ni bile Hrvatske nego Talijanske.
                </comment-text-transliterated>
            </comment>
            <comment comment-id="8-1">
                <comment-parent-id>8</comment-parent-id>
                <comment-text>Tako je,opet ce biti Talijanske.</comment-text>
                <comment-text-transliterated>Tako je,opet ce biti Talijanske.</comment-text-transliterated>
            </comment>
            <comment comment-id="8-2">
                <comment-parent-id>8</comment-parent-id>
                <comment-text>Lažni antune ...istra i dalmacija su bile Austro-ugarske</comment-text>
                <comment-text-transliterated>Lažni antune ...istra i dalmacija su bile Austro-ugarske
                </comment-text-transliterated>
            </comment>
            <comment comment-id="9">
                <comment-parent-id/>
                <comment-text>Herceg Bosna mozda je i ovo realno</comment-text>
                <comment-text-transliterated>Herceg Bosna mozda je i ovo realno</comment-text-transliterated>
            </comment>
            <comment comment-id="9-1">
                <comment-parent-id>9</comment-parent-id>
                <comment-text>Srbija do Tokija, isto je realno.</comment-text>
                <comment-text-transliterated>Srbija do Tokija, isto je realno.</comment-text-transliterated>
            </comment>
            <comment comment-id="10">
                <comment-parent-id/>
                <comment-text>Konačno i to da bude. Istra nikada i nije bila hrvatska.</comment-text>
                <comment-text-transliterated>Konačno i to da bude. Istra nikada i nije bila hrvatska.
                </comment-text-transliterated>
            </comment>
            <comment comment-id="11">
                <comment-parent-id/>
                <comment-text>GRADJANI ISTRE SU U PRAVU!</comment-text>
                <comment-text-transliterated>GRADJANI ISTRE SU U PRAVU!</comment-text-transliterated>
            </comment>
            <comment comment-id="11-1">
                <comment-parent-id>11</comment-parent-id>
                <comment-text>Istovremeno proglašenjem Republike Istre i odcepljenja iz Hrvatske, bit će i proglašenje
                    SNDŽAČKE REPUBLIKE, koja će se osamostaliti od Srbije. Što pre to bolje.
                </comment-text>
                <comment-text-transliterated>Istovremeno proglašenjem Republike Istre i odcepljenja iz Hrvatske, bit će
                    i proglašenje SNDŽAČKE REPUBLIKE, koja će se osamostaliti od Srbije. Što pre to bolje.
                </comment-text-transliterated>
            </comment>
        </comment-list>
    </comments>
</document>