<document global-id="sr-04-1420">
    <url>http://www.alo.rs/posao-i/nema-stresa-fiksnog-radnog-vremena-a-zarada-je-odlicna/258436/vest#comments</url>
    <source-id>sr-04</source-id>
    <local-id>1420</local-id>
    <source-name>Alo</source-name>
    <article>
        <article-title>HIT POSAO U SRBIJI</article-title>
        <article-title-transliterated>HIT POSAO U SRBIJI</article-title-transliterated>
        <article-time>2019-10-14</article-time>
        <article-author>Alo.rs/ M. I.</article-author>
        <article-text>Potrebno je položiti stručni ispit.
            List Politika piše o tome da Srbija ima dovoljno turističkih vodiča koji govore engleski jezik, ali da je
            nedovoljno onih koji koriste kineski, japanski, skandinavske jezike, arapski, turski, čak ruski...
            Problem je i što vodiči posao uglavnom traže u velikim gradovima dok ih je u manjim gradovima u
            unutrašnjosti nedovoljno.
             
            Zbog toga Udruženje turističkih vodiča konstantno promoviše ovaj posao po celoj Srbiji i u saradnji s
            lokalnim zajednicama, a u nameri da zaniteresuje mlade da polažu stručni ispit za turističkog vodića.
            Prema podacima Mnistarstva trgovine, turizma i telekomunikacija u Srbiji trenutno ima 2.217 lica s licencom
            turističkog vodiča i 653 turistička pratioca, a od svih njih 70 odsto govori engleski jezik.
            VUČIĆ ZA ALO RS! Odlazim sa čela stranke!
        </article-text>
        <article-text-transliterated>Potrebno je položiti stručni ispit.
            List Politika piše o tome da Srbija ima dovoljno turističkih vodiča koji govore engleski jezik, ali da je
            nedovoljno onih koji koriste kineski, japanski, skandinavske jezike, arapski, turski, čak ruski...
            Problem je i što vodiči posao uglavnom traže u velikim gradovima dok ih je u manjim gradovima u
            unutrašnjosti nedovoljno.
             
            Zbog toga Udruženje turističkih vodiča konstantno promoviše ovaj posao po celoj Srbiji i u saradnji s
            lokalnim zajednicama, a u nameri da zaniteresuje mlade da polažu stručni ispit za turističkog vodića.
            Prema podacima Mnistarstva trgovine, turizma i telekomunikacija u Srbiji trenutno ima 2.217 lica s licencom
            turističkog vodiča i 653 turistička pratioca, a od svih njih 70 odsto govori engleski jezik.
            VUČIĆ ZA ALO RS! Odlazim sa čela stranke!
        </article-text-transliterated>
    </article>
    <comments>
        <comments-count>0</comments-count>
        <comment-list/>
    </comments>
</document>