<document global-id="sr-04-1564">
    <url>http://www.alo.rs/vesti/drustvo/jusufspahic-ja-sam-srpski-patriota-a-pripadam-alahu/13196/vest#comments</url>
    <source-id>sr-04</source-id>
    <local-id>1564</local-id>
    <source-name>Alo</source-name>
    <article>
        <article-title>MUFTIJA</article-title>
        <article-title-transliterated>MUFTIJA</article-title-transliterated>
        <article-time>2015-10-16</article-time>
        <article-author>alo.rs</article-author>
        <article-text>Zamenik reis-ul-uleme Islamske zajednice Srbije muftija Muhamed Jusufspahić izjavio je da je
            jedinstvo muslimana u Srbiji želja te verske zajednice, pod uslovom da to bude u Srbiji i u okviru Rijaseta
            te verske zajednice u Beogradu.
            "Neko želi da nas koji živimo u Srbiji stavi pod strukture drugih rijaseta u drugim zemljama. To nije
            islamski i božanski zakon. Mi živimo u Srbiji, mi govorimo srpskim jezikom“, istakao je muftija.
            "Naša je namera da svi muslimani u Srbiji imaju svoju upravu i, uz dužno poštovanje, bez mešanja onih koji
            nam dolaze iz Ankare ili Sarajeva", naveo je Jusufspahić, inače rođeni Beograđanin, Dorćolac, koji za sebe
            kaže da je srpski patriota koji pripada Alahu.
            Protivi se odlasku državljana Srbije u rat u Siriju, jer je tu reč o sukobu onih koji žele da dominiraju na
            polju finansija, ekonomije i nafte.
            On je rekao da je bio prijatelj s pokojnim srpskim predsjednikom Slobodanom Miloševićem, zatim liderom
            radikala Vojislavom Šešeljom, predsednikom Tomislavom Nikolićem, i njegovim prethodnikom Borisom Tadićem.
        </article-text>
        <article-text-transliterated>Zamenik reis-ul-uleme Islamske zajednice Srbije muftija Muhamed Jusufspahić izjavio
            je da je jedinstvo muslimana u Srbiji želja te verske zajednice, pod uslovom da to bude u Srbiji i u okviru
            Rijaseta te verske zajednice u Beogradu.
            "Neko želi da nas koji živimo u Srbiji stavi pod strukture drugih rijaseta u drugim zemljama. To nije
            islamski i božanski zakon. Mi živimo u Srbiji, mi govorimo srpskim jezikom“, istakao je muftija.
            "Naša je namera da svi muslimani u Srbiji imaju svoju upravu i, uz dužno poštovanje, bez mešanja onih koji
            nam dolaze iz Ankare ili Sarajeva", naveo je Jusufspahić, inače rođeni Beograđanin, Dorćolac, koji za sebe
            kaže da je srpski patriota koji pripada Alahu.
            Protivi se odlasku državljana Srbije u rat u Siriju, jer je tu reč o sukobu onih koji žele da dominiraju na
            polju finansija, ekonomije i nafte.
            On je rekao da je bio prijatelj s pokojnim srpskim predsjednikom Slobodanom Miloševićem, zatim liderom
            radikala Vojislavom Šešeljom, predsednikom Tomislavom Nikolićem, i njegovim prethodnikom Borisom Tadićem.
        </article-text-transliterated>
    </article>
    <comments>
        <comments-count>3</comments-count>
        <comment-list>
            <comment comment-id="0">
                <comment-parent-id/>
                <comment-text>Zbog svojih izjava, stavova i ponašanja imam iskreno poštovanje za ovog čoveka. Vera nije
                    bitna ako ljudi poštuju druge vere, čast i etiku.To je način za izgrađivanje međusobnog poverenja i
                    poštovanja. Gospodin je građanin Srbije koju poštuje, njegova vera je lična stvar i kad bi svi tako
                    razmišljali gde bi nam bio kraj.
                </comment-text>
                <comment-text-transliterated>Zbog svojih izjava, stavova i ponašanja imam iskreno poštovanje za ovog
                    čoveka. Vera nije bitna ako ljudi poštuju druge vere, čast i etiku.To je način za izgrađivanje
                    međusobnog poverenja i poštovanja. Gospodin je građanin Srbije koju poštuje, njegova vera je lična
                    stvar i kad bi svi tako razmišljali gde bi nam bio kraj.
                </comment-text-transliterated>
            </comment>
            <comment comment-id="2">
                <comment-parent-id/>
                <comment-text>svaka cast ,napokon neko ko razmislja normalno.i ja sam od tih i uvjek cu biti.
                </comment-text>
                <comment-text-transliterated>svaka cast ,napokon neko ko razmislja normalno.i ja sam od tih i uvjek cu
                    biti.
                </comment-text-transliterated>
            </comment>
            <comment comment-id="3">
                <comment-parent-id/>
                <comment-text>Jusufspahici su stara beogradska i veoma cenjena porodica pre svega zbog svog postenja i
                    casti, a to se vidi i u ovoj izjavi muftije.
                </comment-text>
                <comment-text-transliterated>Jusufspahici su stara beogradska i veoma cenjena porodica pre svega zbog
                    svog postenja i casti, a to se vidi i u ovoj izjavi muftije.
                </comment-text-transliterated>
            </comment>
        </comment-list>
    </comments>
</document>