<document global-id="sr-04-1407">
    <url>
        http://www.alo.rs/sport/fudbal/trener-arsenala-sokaktno-otkrio-banda-mi-pomaze-da-naucim-engleski-jezik/198426/vest#comments
    </url>
    <source-id>sr-04</source-id>
    <local-id>1407</local-id>
    <source-name>Alo</source-name>
    <article>
        <article-title>FENOMENALNO!</article-title>
        <article-title-transliterated>FENOMENALNO!</article-title-transliterated>
        <article-time>2018-11-25</article-time>
        <article-author>I.Đ.</article-author>
        <article-text>Španac Unaj Emeri i dalje, kao i mnogi njegovi sunarodnici na radu na Ostrvu, ima problema sa
            engleskim jezikom.
            Emeri je novinarima otkrio zanimljiv način kako uči jezik.
            "Birmingemska banda’ je dobra, ali je teško razumeti akcenat. Veoma je agresivna, ali dobra – veoma dobra",
            rekao je Emeri otkrivši da mu serija pomaže u učenju jezika.
            Emeri je dodao da kad ne gleda seriju sluša ljude oko sebe, kako bi pohvatao reči i izraze.

            "Za svaku profesiju je potrebna strast kako biste davali sve od sebe. Ovo je moj posao, ali ne mislim
            svakodnevno tako, ovo je moj najveći hobi. Osećam veliku strast prema fudbalu i radim ga posvećeno".
        </article-text>
        <article-text-transliterated>Španac Unaj Emeri i dalje, kao i mnogi njegovi sunarodnici na radu na Ostrvu, ima
            problema sa engleskim jezikom.
            Emeri je novinarima otkrio zanimljiv način kako uči jezik.
            "Birmingemska banda’ je dobra, ali je teško razumeti akcenat. Veoma je agresivna, ali dobra – veoma dobra",
            rekao je Emeri otkrivši da mu serija pomaže u učenju jezika.
            Emeri je dodao da kad ne gleda seriju sluša ljude oko sebe, kako bi pohvatao reči i izraze.

            "Za svaku profesiju je potrebna strast kako biste davali sve od sebe. Ovo je moj posao, ali ne mislim
            svakodnevno tako, ovo je moj najveći hobi. Osećam veliku strast prema fudbalu i radim ga posvećeno".
        </article-text-transliterated>
    </article>
    <comments>
        <comments-count>0</comments-count>
        <comment-list/>
    </comments>
</document>