<document global-id="sr-04-1464">
    <url>http://www.alo.rs/razbibriga/zanimljivosti/svemir-zvuci-kao-horor-film-audio/129472/vest#comments</url>
    <source-id>sr-04</source-id>
    <local-id>1464</local-id>
    <source-name>Alo</source-name>
    <article>
        <article-title>JEZA</article-title>
        <article-title-transliterated>JEZA</article-title-transliterated>
        <article-time>2017-10-31</article-time>
        <article-author>alo.rs</article-author>
        <article-text>Ako ste se pitali kako zvuči svemir, NASA vam je omogućila da to saznate. I pride se pošteno
            nakostrešite!.
            Američka svemirska agencija objavila je najstrašnije zvukove zabeležene u svemiru.
            NASA je osmislila instrumente koji su elektromagnetske vibracije prvo zabeležili, a zatim ih prebacioli u
            audio format.
            Rezultat su jezivi zvuci.
            Poslušajte kako zvuče:
        </article-text>
        <article-text-transliterated>Ako ste se pitali kako zvuči svemir, NASA vam je omogućila da to saznate. I pride
            se pošteno nakostrešite!.
            Američka svemirska agencija objavila je najstrašnije zvukove zabeležene u svemiru.
            NASA je osmislila instrumente koji su elektromagnetske vibracije prvo zabeležili, a zatim ih prebacioli u
            audio format.
            Rezultat su jezivi zvuci.
            Poslušajte kako zvuče:
        </article-text-transliterated>
    </article>
    <comments>
        <comments-count>3</comments-count>
        <comment-list>
            <comment comment-id="0">
                <comment-parent-id/>
                <comment-text>Ne cujem u tim zvucima nista jezivo vec prelepo, jezivije zvuke proizvodi nasa estrada
                </comment-text>
                <comment-text-transliterated>Ne cujem u tim zvucima nista jezivo vec prelepo, jezivije zvuke proizvodi
                    nasa estrada
                </comment-text-transliterated>
            </comment>
            <comment comment-id="2">
                <comment-parent-id/>
                <comment-text>Kakav horor,zvukovi nepoznatog?Zvukovi horora su plagijat svemira i takvi su usadjeni u
                    glavama gledalaca.Manipulacija ljudi zbog zarade.
                </comment-text>
                <comment-text-transliterated>Kakav horor,zvukovi nepoznatog?Zvukovi horora su plagijat svemira i takvi
                    su usadjeni u glavama gledalaca.Manipulacija ljudi zbog zarade.
                </comment-text-transliterated>
            </comment>
            <comment comment-id="3">
                <comment-parent-id/>
                <comment-text>lepo zvuci</comment-text>
                <comment-text-transliterated>lepo zvuci</comment-text-transliterated>
            </comment>
        </comment-list>
    </comments>
</document>