<document global-id="sr-04-1228">
    <url>http://www.alo.rs/propao-liftom-i-na-mestu-ostao-mrtav/94476</url>
    <source-id>sr-04</source-id>
    <local-id>1228</local-id>
    <source-name>Alo</source-name>
    <article>
        <article-title>Profesor poginuo u bizarnoj nesreći</article-title>
        <article-title-transliterated>Profesor poginuo u bizarnoj nesreći</article-title-transliterated>
        <article-time>2017-02-06</article-time>
        <article-author>N.K.</article-author>
        <article-text>Predsednik Društva za bosanski jezik i književnost Amir Dautović (48) poginuo je danas nešto pre
            15 časova kada je pao kroz otvor za lift sa šestog sprata novopazarske Lučne zgrade.
            Prema nezvaničnim informacijama, nesrećni čovek je pokušavao da izađe iz lifta koji je stao između dva
            sprata zbog nestanka struje.
            On je pokušao da izađe na donji od dva sprata između kojih je stao lift, ali se prilikom izlaska okliznuo i
            pao kroz otvor lifta. Preminuo je na licu mesta.
            - Strašan udarac za Novi Pazar. Amir je bio veliki intelektualac i sjajan čovek. Bio je miran, tih,
            kulturan. Često sam ga u to vreme viđao sa decom koju je uzimao iz škole, srećom pa je ovoga puta bio sam u
            liftu – pričaju njegove komšije.
            Novopazarska policija izvršila je uviđaj, ali se još uvek nije oglasila povodom ovog nesrećnog slučaja.
            Dautović je bio profesor bosanskog jezika, a radio je kao bibliotekar u O.Š. “Jošanica” u novopazarskom
            naselju Lukare i kao sudski tumač pri Višem sudu u ovom gradu.
            Jedan je od najzaslužnijih za implementaciju nastave na bosanskom jeziku u obrazovnim ustanovama u Sandžaku.
        </article-text>
        <article-text-transliterated>Predsednik Društva za bosanski jezik i književnost Amir Dautović (48) poginuo je
            danas nešto pre 15 časova kada je pao kroz otvor za lift sa šestog sprata novopazarske Lučne zgrade.
            Prema nezvaničnim informacijama, nesrećni čovek je pokušavao da izađe iz lifta koji je stao između dva
            sprata zbog nestanka struje.
            On je pokušao da izađe na donji od dva sprata između kojih je stao lift, ali se prilikom izlaska okliznuo i
            pao kroz otvor lifta. Preminuo je na licu mesta.
            - Strašan udarac za Novi Pazar. Amir je bio veliki intelektualac i sjajan čovek. Bio je miran, tih,
            kulturan. Često sam ga u to vreme viđao sa decom koju je uzimao iz škole, srećom pa je ovoga puta bio sam u
            liftu – pričaju njegove komšije.
            Novopazarska policija izvršila je uviđaj, ali se još uvek nije oglasila povodom ovog nesrećnog slučaja.
            Dautović je bio profesor bosanskog jezika, a radio je kao bibliotekar u O.Š. “Jošanica” u novopazarskom
            naselju Lukare i kao sudski tumač pri Višem sudu u ovom gradu.
            Jedan je od najzaslužnijih za implementaciju nastave na bosanskom jeziku u obrazovnim ustanovama u Sandžaku.
        </article-text-transliterated>
    </article>
    <comments>
        <comments-count>19</comments-count>
        <comment-list>
            <comment comment-id="0">
                <comment-parent-id/>
                <comment-text>Обавеštavam pošтовано граđanstvo da sam се залоžio da ствоrim najпре вожdovačko pisмо!А
                    послle ću poрадим на реčima!
                </comment-text>
                <comment-text-transliterated>Obaveštavam poštovano građanstvo da sam se založio da stvorim najpre
                    voždovačko pismo!A poslle ću poradim na rečima!
                </comment-text-transliterated>
            </comment>
            <comment comment-id="2">
                <comment-parent-id/>
                <comment-text>A eto gospodo mi postojimo! Samo u Srbiji nas ima oko 300 000, i sve na je više! Mašala!
                </comment-text>
                <comment-text-transliterated>A eto gospodo mi postojimo! Samo u Srbiji nas ima oko 300 000, i sve na je
                    više! Mašala!
                </comment-text-transliterated>
            </comment>
            <comment comment-id="3">
                <comment-parent-id/>
                <comment-text>Što reče onaj srpski intelektualac:"Gospodo Srbi, izvadite glavu iz peska, možda je baš ti
                    masovna grobnica koju ste pokušali da sakrijete"!
                </comment-text>
                <comment-text-transliterated>Što reče onaj srpski intelektualac:"Gospodo Srbi, izvadite glavu iz peska,
                    možda je baš ti masovna grobnica koju ste pokušali da sakrijete"!
                </comment-text-transliterated>
            </comment>
            <comment comment-id="4">
                <comment-parent-id/>
                <comment-text>Bosanski jezik? Hahahhaha....</comment-text>
                <comment-text-transliterated>Bosanski jezik? Hahahhaha....</comment-text-transliterated>
            </comment>
            <comment comment-id="5">
                <comment-parent-id/>
                <comment-text>kako mozete da olajavate i pricate o nacionalnostima, religijama i jezicima ispod posta o
                    ovakvoj tragediji? supruga je danas izgubila muza, dvoje dece oca, a nisu ni sanjali sta ce im se
                    desiti! kako mislite da bi se oni osecali kada bi procitali ove komentare? gde vam je elementarna
                    ljudska empatija? glumite velike hriscane a ovo ismevate ruglu! pocivaj u miru, profesore, na boljem
                    si mestu od ovog sveta
                </comment-text>
                <comment-text-transliterated>kako mozete da olajavate i pricate o nacionalnostima, religijama i jezicima
                    ispod posta o ovakvoj tragediji? supruga je danas izgubila muza, dvoje dece oca, a nisu ni sanjali
                    sta ce im se desiti! kako mislite da bi se oni osecali kada bi procitali ove komentare? gde vam je
                    elementarna ljudska empatija? glumite velike hriscane a ovo ismevate ruglu! pocivaj u miru,
                    profesore, na boljem si mestu od ovog sveta
                </comment-text-transliterated>
            </comment>
            <comment comment-id="5-1">
                <comment-parent-id>5</comment-parent-id>
                <comment-text>Blago tebi, ti znas bosnjacki pa mozes da zalis na bosnjackom.A ja budala, znam samo,osim
                    maternjeg, engleski, spanski i rumunski.
                </comment-text>
                <comment-text-transliterated>Blago tebi, ti znas bosnjacki pa mozes da zalis na bosnjackom.A ja budala,
                    znam samo,osim maternjeg, engleski, spanski i rumunski.
                </comment-text-transliterated>
            </comment>
            <comment comment-id="6">
                <comment-parent-id/>
                <comment-text>e glupsoni glupi bosanski jezik po povelji kulina bana postoji duze od srpskog makar 600
                    godina - eto koliko ste pismeni i koliko poznajete vasu istoriju nepismena stoko
                </comment-text>
                <comment-text-transliterated>e glupsoni glupi bosanski jezik po povelji kulina bana postoji duze od
                    srpskog makar 600 godina - eto koliko ste pismeni i koliko poznajete vasu istoriju nepismena stoko
                </comment-text-transliterated>
            </comment>
            <comment comment-id="6-1">
                <comment-parent-id>6</comment-parent-id>
                <comment-text>Šta je Kulin ban bio po nacionalnosti? Bošnjaci postoje manje od 20 godina, tako da teško
                    da je Kulin ban pričao istim jezikom koji oni pričaju...a porodici saučešće, samo kreten se može
                    radovati smrti čoveka koji po svemu sudeći ni mrava ne bi zgazio.
                </comment-text>
                <comment-text-transliterated>Šta je Kulin ban bio po nacionalnosti? Bošnjaci postoje manje od 20 godina,
                    tako da teško da je Kulin ban pričao istim jezikom koji oni pričaju...a porodici saučešće, samo
                    kreten se može radovati smrti čoveka koji po svemu sudeći ni mrava ne bi zgazio.
                </comment-text-transliterated>
            </comment>
            <comment comment-id="7">
                <comment-parent-id/>
                <comment-text>Jedino se Srbi raduju na tudje nesrece ali vas razumem turkskih 500 godina ne mozete da
                    prebolite.
                </comment-text>
                <comment-text-transliterated>Jedino se Srbi raduju na tudje nesrece ali vas razumem turkskih 500 godina
                    ne mozete da prebolite.
                </comment-text-transliterated>
            </comment>
            <comment comment-id="7-1">
                <comment-parent-id>7</comment-parent-id>
                <comment-text>A kako su se tvoji prezivali pre tih 500 godina, Senade? Onako, pitam.</comment-text>
                <comment-text-transliterated>A kako su se tvoji prezivali pre tih 500 godina, Senade? Onako, pitam.
                </comment-text-transliterated>
            </comment>
            <comment comment-id="8">
                <comment-parent-id/>
                <comment-text>Umro je u zabludi da ne priča srpskim jezikom, nego izmišljenim"bosanskim". Tužna
                    sudbina.
                </comment-text>
                <comment-text-transliterated>Umro je u zabludi da ne priča srpskim jezikom, nego izmišljenim"bosanskim".
                    Tužna sudbina.
                </comment-text-transliterated>
            </comment>
            <comment comment-id="9">
                <comment-parent-id/>
                <comment-text>Жао ми овог бошњака, лакше би ми било да је 1000 других бошњака настрадало него што је
                    он.
                </comment-text>
                <comment-text-transliterated>Žao mi ovog bošnjaka, lakše bi mi bilo da je 1000 drugih bošnjaka
                    nastradalo nego što je on.
                </comment-text-transliterated>
            </comment>
            <comment comment-id="10">
                <comment-parent-id/>
                <comment-text>Šta će sad, hoće li morati učiti srpski jezik?</comment-text>
                <comment-text-transliterated>Šta će sad, hoće li morati učiti srpski jezik?
                </comment-text-transliterated>
            </comment>
            <comment comment-id="11">
                <comment-parent-id/>
                <comment-text>Покојник за живота предавао НЕПОСТОЈЕЋИ ЈЕЗИК!Где је потврда Светског института за језике
                    из Немачке да је ,,бошњачки језик,, проглашен за самостални језик?То су учинили из Хрватске и добили
                    су одговор да ,,хрватски,, језик не постоји и да говоре српским језиком!И крај приче!Хајде да
                    измислимо шумадијски,мачвански,поморавски,стишки,банатски ... језик па када је за'ебанци'а онда нека
                    је зезанција.Може и вождовачки,доњоградски,палилулски,грочански,обреновачки,чукарички ...
                </comment-text>
                <comment-text-transliterated>Pokojnik za života predavao NEPOSTOJEĆI JEZIK!Gde je potvrda Svetskog
                    instituta za jezike iz Nemačke da je ,,bošnjački jezik,, proglašen za samostalni jezik?To su učinili
                    iz Hrvatske i dobili su odgovor da ,,hrvatski,, jezik ne postoji i da govore srpskim jezikom!I kraj
                    priče!Hajde da izmislimo šumadijski,mačvanski,pomoravski,stiški,banatski ... jezik pa kada je
                    za'ebanci'a onda neka je zezancija.Može i
                    voždovački,donjogradski,palilulski,gročanski,obrenovački,čukarički ...
                </comment-text-transliterated>
            </comment>
            <comment comment-id="12">
                <comment-parent-id/>
                <comment-text>Da ga nije gurnuo ekspert za crnski ili za gorski jezik?</comment-text>
                <comment-text-transliterated>Da ga nije gurnuo ekspert za crnski ili za gorski jezik?
                </comment-text-transliterated>
            </comment>
            <comment comment-id="13">
                <comment-parent-id/>
                <comment-text>Ja bih bosnjacima u sred Srbije da izrazim saucesce ali sta vredi kada me nece razumeti
                    bez tumaca.
                </comment-text>
                <comment-text-transliterated>Ja bih bosnjacima u sred Srbije da izrazim saucesce ali sta vredi kada me
                    nece razumeti bez tumaca.
                </comment-text-transliterated>
            </comment>
            <comment comment-id="13-1">
                <comment-parent-id>13</comment-parent-id>
                <comment-text>Ne treba Bošnjacima tvoje "saučešće". Ni tvoje, ni bilo koga ko po medijima vucara Novi
                    Pazar i trudi se da ga predstavi kao divlji zapad. Mi dole živimo u slozi, ljubavi i miru. Jezik
                    kojim se razumemo nazivamo kako ko želi, nacionalost izražavamo, opet, po osećaju, ali se poštujemo
                    i volimo, bez problema i kompleksa. Ovo je strašna tragedija.Amir neka počiva u miru, a one što
                    koriste priliku da se politički prepucavaju, neka je sramota!
                </comment-text>
                <comment-text-transliterated>Ne treba Bošnjacima tvoje "saučešće". Ni tvoje, ni bilo koga ko po medijima
                    vucara Novi Pazar i trudi se da ga predstavi kao divlji zapad. Mi dole živimo u slozi, ljubavi i
                    miru. Jezik kojim se razumemo nazivamo kako ko želi, nacionalost izražavamo, opet, po osećaju, ali
                    se poštujemo i volimo, bez problema i kompleksa. Ovo je strašna tragedija.Amir neka počiva u miru, a
                    one što koriste priliku da se politički prepucavaju, neka je sramota!
                </comment-text-transliterated>
            </comment>
            <comment comment-id="13-2">
                <comment-parent-id>13</comment-parent-id>
                <comment-text>Ne mogu da vjerujem koje ste vi boleštine!</comment-text>
                <comment-text-transliterated>Ne mogu da vjerujem koje ste vi boleštine!</comment-text-transliterated>
            </comment>
            <comment comment-id="14">
                <comment-parent-id/>
                <comment-text>Srećom pa je ovoga puta bio sam u liftu, pa da je bio jos neko u liftu ovo se nebi
                    desilo.
                </comment-text>
                <comment-text-transliterated>Srećom pa je ovoga puta bio sam u liftu, pa da je bio jos neko u liftu ovo
                    se nebi desilo.
                </comment-text-transliterated>
            </comment>
        </comment-list>
    </comments>
</document>