<document global-id="sr-04-1552">
    <url>
        http://www.alo.rs/vesti/region/pitanje-je-sata-kada-ce-da-pokrenu-postupak-za-razresenje-predsednika-crne-gore/210298/vest#comments
    </url>
    <source-id>sr-04</source-id>
    <local-id>1552</local-id>
    <source-name>Alo</source-name>
    <article>
        <article-title>MILU SE DRMA STOLICA, AFERA KOVERTA MU DOŠLA GLAVE!</article-title>
        <article-title-transliterated>MILU SE DRMA STOLICA, AFERA KOVERTA MU DOŠLA GLAVE!</article-title-transliterated>
        <article-time>2019-02-05</article-time>
        <article-author>Alo.rs/ Vijesti.me/ M. I.</article-author>
        <article-text>Građani danima protestuju u Podgorici zbog afere "Koverat", koja potresa Crnu Goru.
            Demokratski front će kolegama iz opozicije predložiti da pokrenu postupak razrešenja predsednika Crne Gore
            Mila Đukanovića, jer “krši Ustav i nedostojan je funkcije koju obavlja”.
             
            Ukoliko opozicija podrži njihov predlog, Demokratski front će od Ustavnog suda zatražiti da se izjasni o
            njihovoj inicijativi.
            “Nakon odluke Ustavnog suda, dovoljan je 41 poslanik u Skupštini da Milo Đukanović više ne bude predsednik
            Crne Gore. Dovoljno je da Ivan Brajović (SD), odnosno, njegova dva poslanika glasaju zajedno sa 39
            opozicionih poslanika i da stvar bude dovedena do kraja”, istakao je lider Nove srpske demokratije (NOVA)
            Andrija Mandić.
            On je, nakon sastanka lidera DF-a sa ambasadorom Evropske unije u Crnoj Gori, Aivom Oravom, kazao da ne
            sumnja da će nakon afere “Koverta” i svega što se čulo od Đukanovićevog partnera, NATO tajkuna Duška
            Kneževića, njihovih zajedničkih i poslova drugih ljudi iz biznis hobotnice, poslanici imati hrabrosti da
            podignu ruku i urade ono što od njih traže njihovi glasači.
             
            “Ako ljudi budu slušali i sledili svoje srce, i argumente koji su se već pojavili i pojaviće se narednih
            dana, mi bi mogli da smenimo Mila Đukanovića jednoglasno u Parlamentu”, ocenio je Mandić.
            Lider NOVE veruje da će to biti “ona inicijativa koja se ne može odbiti, zato što je ona ustavna kategorija
            i neće postojati poslanik koji će moći da kaže da se to ne može uvrstiti u dnevni red”.
        </article-text>
        <article-text-transliterated>Građani danima protestuju u Podgorici zbog afere "Koverat", koja potresa Crnu Goru.
            Demokratski front će kolegama iz opozicije predložiti da pokrenu postupak razrešenja predsednika Crne Gore
            Mila Đukanovića, jer “krši Ustav i nedostojan je funkcije koju obavlja”.
             
            Ukoliko opozicija podrži njihov predlog, Demokratski front će od Ustavnog suda zatražiti da se izjasni o
            njihovoj inicijativi.
            “Nakon odluke Ustavnog suda, dovoljan je 41 poslanik u Skupštini da Milo Đukanović više ne bude predsednik
            Crne Gore. Dovoljno je da Ivan Brajović (SD), odnosno, njegova dva poslanika glasaju zajedno sa 39
            opozicionih poslanika i da stvar bude dovedena do kraja”, istakao je lider Nove srpske demokratije (NOVA)
            Andrija Mandić.
            On je, nakon sastanka lidera DF-a sa ambasadorom Evropske unije u Crnoj Gori, Aivom Oravom, kazao da ne
            sumnja da će nakon afere “Koverta” i svega što se čulo od Đukanovićevog partnera, NATO tajkuna Duška
            Kneževića, njihovih zajedničkih i poslova drugih ljudi iz biznis hobotnice, poslanici imati hrabrosti da
            podignu ruku i urade ono što od njih traže njihovi glasači.
             
            “Ako ljudi budu slušali i sledili svoje srce, i argumente koji su se već pojavili i pojaviće se narednih
            dana, mi bi mogli da smenimo Mila Đukanovića jednoglasno u Parlamentu”, ocenio je Mandić.
            Lider NOVE veruje da će to biti “ona inicijativa koja se ne može odbiti, zato što je ona ustavna kategorija
            i neće postojati poslanik koji će moći da kaže da se to ne može uvrstiti u dnevni red”.
        </article-text-transliterated>
    </article>
    <comments>
        <comments-count>0</comments-count>
        <comment-list/>
    </comments>
</document>