<document global-id="sr-04-1571">
    <url>http://www.alo.rs/sport/tenis/tomic-zbog-psovanja-placa-10-000-dolara/69075/vest#comments</url>
    <source-id>sr-04</source-id>
    <local-id>1571</local-id>
    <source-name>Alo</source-name>
    <article>
        <article-title>NA JEZIKU PREDAKA</article-title>
        <article-title-transliterated>NA JEZIKU PREDAKA</article-title-transliterated>
        <article-time>2016-09-02</article-time>
        <article-author>Alo.rs</article-author>
        <article-text>Australijski teniser Bernard Tomić definitivno neće po lepom pamtiti ovaj US Open.
            Australijanac, poreklom sa ovih prostora, na meču sa teniserom iz Bosne i Hercegovine Damirom Džumhurom,
            kažnjen je sa 10.000 dolara zbog rasprave sa navijačem i upotrebe neprikladnog jezika.
            Podsetimo, on se verbalno sukobio sa pristalicama bosansko-hercegovačkog tenisera, koje su ga vređale na
            dobro poznatom jeziku.
            Tomić se kasnije izvinio, ali očigledno je bilo previše kasno.
        </article-text>
        <article-text-transliterated>Australijski teniser Bernard Tomić definitivno neće po lepom pamtiti ovaj US Open.
            Australijanac, poreklom sa ovih prostora, na meču sa teniserom iz Bosne i Hercegovine Damirom Džumhurom,
            kažnjen je sa 10.000 dolara zbog rasprave sa navijačem i upotrebe neprikladnog jezika.
            Podsetimo, on se verbalno sukobio sa pristalicama bosansko-hercegovačkog tenisera, koje su ga vređale na
            dobro poznatom jeziku.
            Tomić se kasnije izvinio, ali očigledno je bilo previše kasno.
        </article-text-transliterated>
    </article>
    <comments>
        <comments-count>0</comments-count>
        <comment-list/>
    </comments>
</document>