<document global-id="sr-04-1330">
    <url>
        http://www.alo.rs/vesti/politika/novi-ambasador-stize-u-pristinu-sta-ce-biti-sa-srbima-samo-oni-znaju/174146/vest#comments
    </url>
    <source-id>sr-04</source-id>
    <local-id>1330</local-id>
    <source-name>Alo</source-name>
    <article>
        <article-title>AMERI OPET KUJU STRAŠAN PLAN</article-title>
        <article-title-transliterated>AMERI OPET KUJU STRAŠAN PLAN</article-title-transliterated>
        <article-time>2018-07-06</article-time>
        <article-author>Tanjug/Č.M.</article-author>
        <article-text>Govori četiri jezika, jedan od njih je i ruski.
            Predsednik Donald Tramp planira da imenuje diplomatu iz Virdžinije Filipa S. Kosneta za novog američkog
            ambasadora u Prištini, saopštila je Bela kuća, a prenosi "Glas Amerike" na albanskom jeziku.
            SRAMNI ZAHTEVI PRIŠTINE Sprema se POKOLJ na Kosovu i Metohiji, Albanci traže odstrel OVOLIKO SRBA
            Kosnet je tokom karijere u Ministarstvu spoljnih poslova radio u osam misija SAD u Evropi, Aziji i Bliskom
            istoku i kao funkcioner u Stejt departmentu.
            BAŠ VAM HVALA, BRAĆO Crnogorci nam zabili NOŽ U LEĐA i zaranjaju ga sve DUBLJE, evo šta su sad uradili
            Bio je zamenik šefa Misije u Uzbekistanu i Islandu, kao i na političkim, političko-vojnim i
            ekonomsko-trgovinskim pozicijama u Avganistanu, Iraku, Kosovu, Holandiji i Japanu.
            ALBANCI NE BIRAJU SREDSTVA, ALI MI ODLUČUJEMO Srbi masovno napuštaju kosovske službe, evo ZAŠTO nam je to
            IZUZETNO VAŽNO!
            Kosnet govori turski, ruski, holandski i japanski jezik
        </article-text>
        <article-text-transliterated>Govori četiri jezika, jedan od njih je i ruski.
            Predsednik Donald Tramp planira da imenuje diplomatu iz Virdžinije Filipa S. Kosneta za novog američkog
            ambasadora u Prištini, saopštila je Bela kuća, a prenosi "Glas Amerike" na albanskom jeziku.
            SRAMNI ZAHTEVI PRIŠTINE Sprema se POKOLJ na Kosovu i Metohiji, Albanci traže odstrel OVOLIKO SRBA
            Kosnet je tokom karijere u Ministarstvu spoljnih poslova radio u osam misija SAD u Evropi, Aziji i Bliskom
            istoku i kao funkcioner u Stejt departmentu.
            BAŠ VAM HVALA, BRAĆO Crnogorci nam zabili NOŽ U LEĐA i zaranjaju ga sve DUBLJE, evo šta su sad uradili
            Bio je zamenik šefa Misije u Uzbekistanu i Islandu, kao i na političkim, političko-vojnim i
            ekonomsko-trgovinskim pozicijama u Avganistanu, Iraku, Kosovu, Holandiji i Japanu.
            ALBANCI NE BIRAJU SREDSTVA, ALI MI ODLUČUJEMO Srbi masovno napuštaju kosovske službe, evo ZAŠTO nam je to
            IZUZETNO VAŽNO!
            Kosnet govori turski, ruski, holandski i japanski jezik
        </article-text-transliterated>
    </article>
    <comments>
        <comments-count>1</comments-count>
        <comment-list>
            <comment comment-id="0">
                <comment-parent-id/>
                <comment-text>Долази због трговине зато су и хтели да отму Косово , али та њихова назови држава може
                    само вештачком трговином да се бави јер није ни у светској трговинској организацији наша вештачка
                    држава , зато ми треба да записујемо ко је остварио све колики приход, шта су од ресурса исцрпли ,
                    јер то раде потпуно нелегално , НЕЛЕГАЛНО,чак су и СТО смислили баш за овакве случаје црпења са
                    туђих територија а све под окриљем УН , јао, јао те УН , па оне су толики проблем, оне трупло пред
                    оком не виде а кам
                </comment-text>
                <comment-text-transliterated>Dolazi zbog trgovine zato su i hteli da otmu Kosovo , ali ta njihova nazovi
                    država može samo veštačkom trgovinom da se bavi jer nije ni u svetskoj trgovinskoj organizaciji naša
                    veštačka država , zato mi treba da zapisujemo ko je ostvario sve koliki prihod, šta su od resursa
                    iscrpli , jer to rade potpuno nelegalno , NELEGALNO,čak su i STO smislili baš za ovakve slučaje
                    crpenja sa tuđih teritorija a sve pod okriljem UN , jao, jao te UN , pa one su toliki problem, one
                    truplo pred okom ne vide a kam
                </comment-text-transliterated>
            </comment>
        </comment-list>
    </comments>
</document>