<document global-id="sr-04-1636">
    <url>http://www.alo.rs/vesti/drustvo/besplatni-udzbenici-i-za-srednjoskolce/49988/vest#comments</url>
    <source-id>sr-04</source-id>
    <local-id>1636</local-id>
    <source-name>Alo</source-name>
    <article>
        <article-title>ODLIČNO!</article-title>
        <article-title-transliterated>ODLIČNO!</article-title-transliterated>
        <article-time>2016-05-11</article-time>
        <article-author>Tanjug</article-author>
        <article-text>Ministarstvo prosvete, nauke i tehnološkog razvoja od nove školske godine obezbediće sve besplatne
            udžbenike za učenike osnovnih i srednjih škola iz socijalno ugroženih porodica.
            Od nove školske godine sve besplatne udžbenike će osim osnovaca iz materijalno ugroženih porodica, dobiti i
            učenici iz srednjih škola, navodi se u saopštenju Ministarstva prosvete.
            Za besplatne udžbenike u budžetu Ministarstva predviđeno je 600 miliona dinara, dok je dodatnih 134 miliona
            dinara Ministarstvo opredelilo krajem marta za obezbeđivanje nedostajućih udžbenika na jezicima nacionalnih
            manjina.
            Ministarstvo će, po prvi put nabaviti i za školske biblioteke one delove udžbeničkog kompleta za koji se
            škola izjasnila da ne mora svaki učenik da kupuje, poput istorijske čitanke, geografskog atlasa, kako bi
            učenici mogli besplatno da ih koriste.
            Takođe, Ministarstvo će obezbediti priručnike za srednje stručne škole koji nedostaju za 900 predmeta, kako
            bi bili svima besplatni i dostupni u elektronskom obliku.
            "Novim pristupom biće povećana pravednost i onemogućene zloupotrebe, stimulisaće se razvoj nedostajućih
            priručnika čime će se dugoročno rešavati problem nedostatka udžbenika", navodi se u saopštenju.
        </article-text>
        <article-text-transliterated>Ministarstvo prosvete, nauke i tehnološkog razvoja od nove školske godine
            obezbediće sve besplatne udžbenike za učenike osnovnih i srednjih škola iz socijalno ugroženih porodica.
            Od nove školske godine sve besplatne udžbenike će osim osnovaca iz materijalno ugroženih porodica, dobiti i
            učenici iz srednjih škola, navodi se u saopštenju Ministarstva prosvete.
            Za besplatne udžbenike u budžetu Ministarstva predviđeno je 600 miliona dinara, dok je dodatnih 134 miliona
            dinara Ministarstvo opredelilo krajem marta za obezbeđivanje nedostajućih udžbenika na jezicima nacionalnih
            manjina.
            Ministarstvo će, po prvi put nabaviti i za školske biblioteke one delove udžbeničkog kompleta za koji se
            škola izjasnila da ne mora svaki učenik da kupuje, poput istorijske čitanke, geografskog atlasa, kako bi
            učenici mogli besplatno da ih koriste.
            Takođe, Ministarstvo će obezbediti priručnike za srednje stručne škole koji nedostaju za 900 predmeta, kako
            bi bili svima besplatni i dostupni u elektronskom obliku.
            "Novim pristupom biće povećana pravednost i onemogućene zloupotrebe, stimulisaće se razvoj nedostajućih
            priručnika čime će se dugoročno rešavati problem nedostatka udžbenika", navodi se u saopštenju.
        </article-text-transliterated>
    </article>
    <comments>
        <comments-count>0</comments-count>
        <comment-list/>
    </comments>
</document>