<document global-id="sr-04-1528">
    <url>
        http://www.alo.rs/kosovsko-pitanje/ruski-ministar-otkrio-zasto-americi-treba-kosovo-zato-im-smeta-briselski-sporazum/256048/vest#comments
    </url>
    <source-id>sr-04</source-id>
    <local-id>1528</local-id>
    <source-name>Alo</source-name>
    <article>
        <article-title>LAVROV DIREKTNO OPTUŽIO SAD!</article-title>
        <article-title-transliterated>LAVROV DIREKTNO OPTUŽIO SAD!</article-title-transliterated>
        <article-time>2019-10-02</article-time>
        <article-author>Tanjug; D.K.</article-author>
        <article-text>Šef ruske diplomatije Sergej Lavrov izjavio je danas da SAD pokušavaju da revidiraju Briselski
            sporazum, u delu koji se odnosi na Zajednicu srpskih opština, kako bi "uvukle Kosovo u NATO" i tamo zadržale
            svoju vojnu bazu.
            U tom kontekstu, Lavrov je podsetio da je pre četiri godine potpisan sporazum o formiranju Zajednice srpskih
            opština na KiM, kojim se garantuju jezička, kulturna i verska prava Srba, prenosi TAS S.
            "Ova zajednica nije teritorijalno kompaktna - postoji sever, gde su teritorije blizu jedna druge i postoje
            enklave, koje su takođe deo ove zajednice. Ova zajednica ima svoju zastavu, himnu i grb. Sporazum je ostao
            na papiru četiri godine. Sada su u toku pokušaji da se izvrši njegova revizija svim sredstvima, uz aktivno
            učešće SAD u cilju razvoja situacije u kojoj bi Kosovo moglo da bude uvučeno u NATO, zajedno sa najvećom
            američkom bazom u Evropi, Bondstilom", rekao je Lavrov na 16. godišnjoj sednici tink tenka iz Moskve "Klub
            za diskusiju Valdaj".
            Lavrov je ranije danas izjavio da SAD i pojedini njihovi evropski partneri nemeravaju da uvuku BiH u NATO.
        </article-text>
        <article-text-transliterated>Šef ruske diplomatije Sergej Lavrov izjavio je danas da SAD pokušavaju da
            revidiraju Briselski sporazum, u delu koji se odnosi na Zajednicu srpskih opština, kako bi "uvukle Kosovo u
            NATO" i tamo zadržale svoju vojnu bazu.
            U tom kontekstu, Lavrov je podsetio da je pre četiri godine potpisan sporazum o formiranju Zajednice srpskih
            opština na KiM, kojim se garantuju jezička, kulturna i verska prava Srba, prenosi TAS S.
            "Ova zajednica nije teritorijalno kompaktna - postoji sever, gde su teritorije blizu jedna druge i postoje
            enklave, koje su takođe deo ove zajednice. Ova zajednica ima svoju zastavu, himnu i grb. Sporazum je ostao
            na papiru četiri godine. Sada su u toku pokušaji da se izvrši njegova revizija svim sredstvima, uz aktivno
            učešće SAD u cilju razvoja situacije u kojoj bi Kosovo moglo da bude uvučeno u NATO, zajedno sa najvećom
            američkom bazom u Evropi, Bondstilom", rekao je Lavrov na 16. godišnjoj sednici tink tenka iz Moskve "Klub
            za diskusiju Valdaj".
            Lavrov je ranije danas izjavio da SAD i pojedini njihovi evropski partneri nemeravaju da uvuku BiH u NATO.
        </article-text-transliterated>
    </article>
    <comments>
        <comments-count>0</comments-count>
        <comment-list/>
    </comments>
</document>