<document global-id="sr-04-1499">
    <url>http://www.alo.rs/vesti/svet/stavljaju-zvucnike-zbog-sirenja-laznih-glasina/42297/vest#comments</url>
    <source-id>sr-04</source-id>
    <local-id>1499</local-id>
    <source-name>Alo</source-name>
    <article>
        <article-title>KAMP IDOMENI</article-title>
        <article-title-transliterated>KAMP IDOMENI</article-title-transliterated>
        <article-time>2016-03-28</article-time>
        <article-author>Beta-AFP</article-author>
        <article-text>U izbegličkom kampu u pograničnom mestu Idomeni u Grčkoj uskoro će biti postavljeni zvučnici, kako
            bi se "izbeglo širenje lažnih informacija" posle glasina u nedelju da će biti otvorena granica s
            Makedonijom, saopštile su danas grčke vlasti.
            Predstavnik grčkog odeljenja za migracionu politiku Jorgos Kiricis izrazio je žaljenje zbog širenja
            dezinformacija "među ljudima koji su pod pritiskom i žive u veoma teškim uslovima".Spekulacije o mogućem
            otvaranju granice između Grčke i Makedonije izazvale su juče uzbuđenje u izbegličkom kampu u Idomeniju, kao
            i novi priliv migranata, u trenutku kada grčke vlasti pokušavaju da evakuišu 11.600 ljudi koji su ostali
            blokirani nakon zatvaranja balkanske izbegličke rute.
            "Trudimo se da se izbeglicama obraćamo direktno na njihovim jezicima i bez posrednika", rekao je Kiricis i
            dodao da će preko zvučnika biti emitovane informacije o svim temama.
            Sve je manje migranata koji dolaze iz Turske, više od nedelju dana nakon stupanja na snagu sporazuma
            Evropske unije (EU) i Turske o blokiranju evropske izbegličke rute.
            Pre stupanja sporazuma na snagu hiljade migranata pristizale su na grčka ostrva, a vlasti su u subotu
            saopštile da je u Grčku u petak stiglo svega 78 izbeglica, a u četvrtak 161.
        </article-text>
        <article-text-transliterated>U izbegličkom kampu u pograničnom mestu Idomeni u Grčkoj uskoro će biti postavljeni
            zvučnici, kako bi se "izbeglo širenje lažnih informacija" posle glasina u nedelju da će biti otvorena
            granica s Makedonijom, saopštile su danas grčke vlasti.
            Predstavnik grčkog odeljenja za migracionu politiku Jorgos Kiricis izrazio je žaljenje zbog širenja
            dezinformacija "među ljudima koji su pod pritiskom i žive u veoma teškim uslovima".Spekulacije o mogućem
            otvaranju granice između Grčke i Makedonije izazvale su juče uzbuđenje u izbegličkom kampu u Idomeniju, kao
            i novi priliv migranata, u trenutku kada grčke vlasti pokušavaju da evakuišu 11.600 ljudi koji su ostali
            blokirani nakon zatvaranja balkanske izbegličke rute.
            "Trudimo se da se izbeglicama obraćamo direktno na njihovim jezicima i bez posrednika", rekao je Kiricis i
            dodao da će preko zvučnika biti emitovane informacije o svim temama.
            Sve je manje migranata koji dolaze iz Turske, više od nedelju dana nakon stupanja na snagu sporazuma
            Evropske unije (EU) i Turske o blokiranju evropske izbegličke rute.
            Pre stupanja sporazuma na snagu hiljade migranata pristizale su na grčka ostrva, a vlasti su u subotu
            saopštile da je u Grčku u petak stiglo svega 78 izbeglica, a u četvrtak 161.
        </article-text-transliterated>
    </article>
    <comments>
        <comments-count>0</comments-count>
        <comment-list/>
    </comments>
</document>