<document global-id="sr-04-1252">
    <url>http://www.alo.rs/ovo-je-jedina-srpska-rec-koju-dzon-sevidz-zna-video/96301</url>
    <source-id>sr-04</source-id>
    <local-id>1252</local-id>
    <source-name>Alo</source-name>
    <article>
        <article-title>Ovo je jedina srpska reč koju Džon Sevidž zna! (VIDEO)</article-title>
        <article-title-transliterated>Ovo je jedina srpska reč koju Džon Sevidž zna! (VIDEO)
        </article-title-transliterated>
        <article-time>2017-02-19</article-time>
        <article-author>A.Č.</article-author>
        <article-text>Slavni glumac Džon Sevidž priznao je da se zaljubio u srpsku hranu, očarale su ga naše žene, a
            kada smo ga pitali da nam kaže nešto na srpskom jeziku iznenadio nas je svojim odgovorom.
            Ako ste posmislili da je u pitanju neka psovka, varate se! Podsetimo, Sevidž trenutno boravi u Beogradu zbog
            promocije filma "Povratak".
        </article-text>
        <article-text-transliterated>Slavni glumac Džon Sevidž priznao je da se zaljubio u srpsku hranu, očarale su ga
            naše žene, a kada smo ga pitali da nam kaže nešto na srpskom jeziku iznenadio nas je svojim odgovorom.
            Ako ste posmislili da je u pitanju neka psovka, varate se! Podsetimo, Sevidž trenutno boravi u Beogradu zbog
            promocije filma "Povratak".
        </article-text-transliterated>
    </article>
    <comments>
        <comments-count>1</comments-count>
        <comment-list>
            <comment comment-id="0">
                <comment-parent-id/>
                <comment-text>Jadne nase sve su sponzoruse ,za jednu crvenu</comment-text>
                <comment-text-transliterated>Jadne nase sve su sponzoruse ,za jednu crvenu</comment-text-transliterated>
            </comment>
        </comment-list>
    </comments>
</document>