<document global-id="sr-04-1516">
    <url>http://www.alo.rs/vesti/aktuelno/ustavni-sud-odbio-zahtev-o-trepci/78675/vest#comments</url>
    <source-id>sr-04</source-id>
    <local-id>1516</local-id>
    <source-name>Alo</source-name>
    <article>
        <article-title>KOSOVO</article-title>
        <article-title-transliterated>KOSOVO</article-title-transliterated>
        <article-time>2016-10-28</article-time>
        <article-author>Beta</article-author>
        <article-text>Ustavni sud Kosova odbio je zahtev Srpske liste za ocenu ustavnosti Zakona o Trepči pošto je
            ocenio da primedbe u zahtevu nisu utemeljene u Ustavu Kosova, javila je večeras prištinska televizija KTV.
            Predstavnici Srpske liste predali su 13. oktobra Ustavnom sudu Kosova zahtev za ocenu ustavnosti Zakona o
            Trepči, koji je usvojen u Skupštini Kosova pošto smatraju da su pogaženi članovi 79 i 81 Ustava Kosova koji
            se odnose na srpsku zajednicu koja živi na Kosovu.
            Međutim, ustavni sud je, kako javlja KTV, ocenio da Zakon o Trepči ne spada u kategoriju zakona od vitalnog
            značaja u šta spadaju zakoni o osnivanju opština, lokalnim izborima, zaštiti kulturnog nasledja, o jezicima,
            simbolima, veri i javnim praznicima.
            "Imajući u vidu da Trepča ne spada pod državnu imovinu, Zakon o Trepči nije deo vitalnog zakonodavstva.
            Ustavni sud je odbacio zahtev Srpske liste", javlja KTV.
        </article-text>
        <article-text-transliterated>Ustavni sud Kosova odbio je zahtev Srpske liste za ocenu ustavnosti Zakona o Trepči
            pošto je ocenio da primedbe u zahtevu nisu utemeljene u Ustavu Kosova, javila je večeras prištinska
            televizija KTV.
            Predstavnici Srpske liste predali su 13. oktobra Ustavnom sudu Kosova zahtev za ocenu ustavnosti Zakona o
            Trepči, koji je usvojen u Skupštini Kosova pošto smatraju da su pogaženi članovi 79 i 81 Ustava Kosova koji
            se odnose na srpsku zajednicu koja živi na Kosovu.
            Međutim, ustavni sud je, kako javlja KTV, ocenio da Zakon o Trepči ne spada u kategoriju zakona od vitalnog
            značaja u šta spadaju zakoni o osnivanju opština, lokalnim izborima, zaštiti kulturnog nasledja, o jezicima,
            simbolima, veri i javnim praznicima.
            "Imajući u vidu da Trepča ne spada pod državnu imovinu, Zakon o Trepči nije deo vitalnog zakonodavstva.
            Ustavni sud je odbacio zahtev Srpske liste", javlja KTV.
        </article-text-transliterated>
    </article>
    <comments>
        <comments-count>0</comments-count>
        <comment-list/>
    </comments>
</document>