<document global-id="sr-04-1526">
    <url>http://www.alo.rs/vesti/beograd/festival-svetski-dani-poezije/152492/vest#comments</url>
    <source-id>sr-04</source-id>
    <local-id>1526</local-id>
    <source-name>Alo</source-name>
    <article>
        <article-title>KULTURNI CENTAR BEOGRADA</article-title>
        <article-title-transliterated>KULTURNI CENTAR BEOGRADA</article-title-transliterated>
        <article-time>2018-03-16</article-time>
        <article-author>I. M.</article-author>
        <article-text>Festival "Svetski dani poezije" okuplja autore iz sveta i Srbije, donoseći u Beograd novosti sa
            književnih i kulturnih scena Evrope i sveta.
            Od 21. do 24. marta biće održan festival Svetski dani poezije pod sloganom „Jezičke igre“ u Kulturnom centru
            Beograda.
            Pored autorskog čitanja pesama, na klasičan ali i nekonvencionalan način, festival naglašava produktivnost
            sadejstva poezije i drugih medija. Biće priređeni i razgovori, izložba, performansi, ali i projekcije
            filmova.
            Ovogodišnje izdanje posvećeno je temi odnosa jezika i društva, kroz primere sadejstva poezije, performansa i
            kratkog filma.
        </article-text>
        <article-text-transliterated>Festival "Svetski dani poezije" okuplja autore iz sveta i Srbije, donoseći u
            Beograd novosti sa književnih i kulturnih scena Evrope i sveta.
            Od 21. do 24. marta biće održan festival Svetski dani poezije pod sloganom „Jezičke igre“ u Kulturnom centru
            Beograda.
            Pored autorskog čitanja pesama, na klasičan ali i nekonvencionalan način, festival naglašava produktivnost
            sadejstva poezije i drugih medija. Biće priređeni i razgovori, izložba, performansi, ali i projekcije
            filmova.
            Ovogodišnje izdanje posvećeno je temi odnosa jezika i društva, kroz primere sadejstva poezije, performansa i
            kratkog filma.
        </article-text-transliterated>
    </article>
    <comments>
        <comments-count>0</comments-count>
        <comment-list/>
    </comments>
</document>