<document global-id="sr-04-1613">
    <url>http://www.alo.rs/vesti/region/ivanov-odbio-da-potpise-zakon-o-jeziku/142306/vest#comments</url>
    <source-id>sr-04</source-id>
    <local-id>1613</local-id>
    <source-name>Alo</source-name>
    <article>
        <article-title>NOVA SEDNICA SOBRANJA 29. JANUARA</article-title>
        <article-title-transliterated>NOVA SEDNICA SOBRANJA 29. JANUARA</article-title-transliterated>
        <article-time>2018-01-23</article-time>
        <article-author>Tanjug</article-author>
        <article-text>Nakon što je predsednik Makedonije Đorđe Ivanov odbio da potpiše Zakon o jeziku, koji albanski
            jezik uvodi kao drugi zvanični jezik, sednica Sobranja na kojoj će se ponovo raspravljati o tom aktu
            zakazana je za 29. januar.
            U obrazloženju dostavljenom Sobranju na 14 stranica, Ivanov kaže da je usvajanje ovog zakona zloupotrebilo
            evropsku zastavu i usvijen je prostom većinom.
            Ukoliko Zakon u trećem čitanju u Sobranju 29. januara bude izglasan, predsednik Ivanov će morati da ga
            potpiše.
            I najuticajnija opoziciona VMRO-DPMNE protivi se usvajanju Zakona o jeziku i smatra da SDSM premijera Zorana
            Zaeva vodi antidržavnu politiku na štetu nacionalnih interesa zemlje, piše portal Žurnal.
            Navode da je izglasavanje Zakona o upotrebi jezika, za koji je glasala tesna većina na čelu SDSM, stvorilo
            podele i sukobe medju građanima.
            "Ratifikacijom Sporazuma o dobrosusedskim odnosima sa Bugarskom, Zaev se obavezao da izbriše i izmeni
            makedonsku istoriju. Isto se čini i sa pregovorima o novom imenu zemlje, dok Ministarstvo spoljnih poslova
            ne reaguje kada se spaljuje makedonska zastava", navodi se u saopštenju ove stranke.
            Iz ove stranke takođe kažu da SDSM guši svako drugačije mišljenje, koji se ne plaši da izrazi patriotska
            osecćanja, snažno se suprotstavljajući antivladinim politikama koje je implementirao Zaev.
        </article-text>
        <article-text-transliterated>Nakon što je predsednik Makedonije Đorđe Ivanov odbio da potpiše Zakon o jeziku,
            koji albanski jezik uvodi kao drugi zvanični jezik, sednica Sobranja na kojoj će se ponovo raspravljati o
            tom aktu zakazana je za 29. januar.
            U obrazloženju dostavljenom Sobranju na 14 stranica, Ivanov kaže da je usvajanje ovog zakona zloupotrebilo
            evropsku zastavu i usvijen je prostom većinom.
            Ukoliko Zakon u trećem čitanju u Sobranju 29. januara bude izglasan, predsednik Ivanov će morati da ga
            potpiše.
            I najuticajnija opoziciona VMRO-DPMNE protivi se usvajanju Zakona o jeziku i smatra da SDSM premijera Zorana
            Zaeva vodi antidržavnu politiku na štetu nacionalnih interesa zemlje, piše portal Žurnal.
            Navode da je izglasavanje Zakona o upotrebi jezika, za koji je glasala tesna većina na čelu SDSM, stvorilo
            podele i sukobe medju građanima.
            "Ratifikacijom Sporazuma o dobrosusedskim odnosima sa Bugarskom, Zaev se obavezao da izbriše i izmeni
            makedonsku istoriju. Isto se čini i sa pregovorima o novom imenu zemlje, dok Ministarstvo spoljnih poslova
            ne reaguje kada se spaljuje makedonska zastava", navodi se u saopštenju ove stranke.
            Iz ove stranke takođe kažu da SDSM guši svako drugačije mišljenje, koji se ne plaši da izrazi patriotska
            osecćanja, snažno se suprotstavljajući antivladinim politikama koje je implementirao Zaev.
        </article-text-transliterated>
    </article>
    <comments>
        <comments-count>0</comments-count>
        <comment-list/>
    </comments>
</document>