<document global-id="sr-04-1182">
    <url>http://www.alo.rs/milanovic-porucio-srbiji-snizite-ton-i-saraj-malo-brate/9178</url>
    <source-id>sr-04</source-id>
    <local-id>1182</local-id>
    <source-name>Alo</source-name>
    <article>
        <article-title>Milanović poručio Srbiji: Snizite ton i "šaraj malo brate" (VIDEO)</article-title>
        <article-title-transliterated>Milanović poručio Srbiji: Snizite ton i "šaraj malo brate" (VIDEO)
        </article-title-transliterated>
        <article-time>2015-09-22</article-time>
        <article-author>alo.rs</article-author>
        <article-text>Posle najave premijera Srbije aleksandra Vučića da će, ako do 14 sati Hrvatska ne otvori granicu
            za kamione, preduzeti kontramere, Milanović odgovara novim uvredama.
            Na pitanje novinara u Zagrebu da prokomentariše najave iz Srbije da će od 14 sati uvesti kontramere zbog
            zatvaranja granice za teretni saobraćaj, hrvatski premijer Zoran Milanović opet je razvezao jezik:
            - Srbiji mogu poručiti da malo snize ton i, što bi se reklo: Šaraj malo, brate. Dakle šalji malo u Mađarsku,
            Rumuniju, Hrvatsku... A mi ćemo se sutra u Briselu, kada neće biti Vučića, dogovoriti kako problem rešiti na
            izvoru, dakle u Turskoj i Grčkoj - rekao je Milanović i dodao, aludirajući na Srbiju, da se najviše bune oni
            "koji su običan koridor".
             
            On je potvrdio da je zatvaranje granice za teretni saobraćaj štetno za obe zemlje, istina "mnogo više za
            Srbiju nego za Hrvatsku".
            Milanović je u razgovoru sa novinarima aludirao i da Srbija šalje izbeglice ka Hrvatskoj u dogovoru sa
            Mađarskom.
            Povodom izbegličke krize, Milanović je nedavno poredeći Srbiju i Hrvatsku rekao da je Hrvatska orao, a
            Srbija "muha"
        </article-text>
        <article-text-transliterated>Posle najave premijera Srbije aleksandra Vučića da će, ako do 14 sati Hrvatska ne
            otvori granicu za kamione, preduzeti kontramere, Milanović odgovara novim uvredama.
            Na pitanje novinara u Zagrebu da prokomentariše najave iz Srbije da će od 14 sati uvesti kontramere zbog
            zatvaranja granice za teretni saobraćaj, hrvatski premijer Zoran Milanović opet je razvezao jezik:
            - Srbiji mogu poručiti da malo snize ton i, što bi se reklo: Šaraj malo, brate. Dakle šalji malo u Mađarsku,
            Rumuniju, Hrvatsku... A mi ćemo se sutra u Briselu, kada neće biti Vučića, dogovoriti kako problem rešiti na
            izvoru, dakle u Turskoj i Grčkoj - rekao je Milanović i dodao, aludirajući na Srbiju, da se najviše bune oni
            "koji su običan koridor".
             
            On je potvrdio da je zatvaranje granice za teretni saobraćaj štetno za obe zemlje, istina "mnogo više za
            Srbiju nego za Hrvatsku".
            Milanović je u razgovoru sa novinarima aludirao i da Srbija šalje izbeglice ka Hrvatskoj u dogovoru sa
            Mađarskom.
            Povodom izbegličke krize, Milanović je nedavno poredeći Srbiju i Hrvatsku rekao da je Hrvatska orao, a
            Srbija "muha"
        </article-text-transliterated>
    </article>
    <comments>
        <comments-count>14</comments-count>
        <comment-list>
            <comment comment-id="0">
                <comment-parent-id/>
                <comment-text>Ovo PREMIJER ?! Svaka cast na recniku, stavu i izrazavanju ! Pravi kafanski !
                </comment-text>
                <comment-text-transliterated>Ovo PREMIJER ?! Svaka cast na recniku, stavu i izrazavanju ! Pravi kafanski
                    !
                </comment-text-transliterated>
            </comment>
            <comment comment-id="2">
                <comment-parent-id/>
                <comment-text>pa ovaj pravi alko nezna sta prica</comment-text>
                <comment-text-transliterated>pa ovaj pravi alko nezna sta prica</comment-text-transliterated>
            </comment>
            <comment comment-id="3">
                <comment-parent-id/>
                <comment-text>Ала се овај напхао као балон пред пуцањем.Веома су уображени а Бог и то види.
                </comment-text>
                <comment-text-transliterated>Ala se ovaj naphao kao balon pred pucanjem.Veoma su uobraženi a Bog i to
                    vidi.
                </comment-text-transliterated>
            </comment>
            <comment comment-id="3-1">
                <comment-parent-id>3</comment-parent-id>
                <comment-text>Mnogo ste se podigli...da nije nas Srba nikad ne bih postojali ....vidite sta radite..kao
                    Vi humanisti...a zatvara te granice...dodji u Srbiju da vidis kako je ...spustite se na zemlju
                    malo...da Vam ne dodje sudnji dan
                </comment-text>
                <comment-text-transliterated>Mnogo ste se podigli...da nije nas Srba nikad ne bih postojali ....vidite
                    sta radite..kao Vi humanisti...a zatvara te granice...dodji u Srbiju da vidis kako je ...spustite se
                    na zemlju malo...da Vam ne dodje sudnji dan
                </comment-text-transliterated>
            </comment>
            <comment comment-id="4">
                <comment-parent-id/>
                <comment-text>Politički I ljudski izmetak deli lekcije I "pametuje".To može samo u njihovoj lijepoj
                </comment-text>
                <comment-text-transliterated>Politički I ljudski izmetak deli lekcije I "pametuje".To može samo u
                    njihovoj lijepoj
                </comment-text-transliterated>
            </comment>
            <comment comment-id="5">
                <comment-parent-id/>
                <comment-text>Ako su turcinu ruke krvavave do lakata poturicu moraju biti do ramena , stvar je
                    jednostavna , mora se ZORAN MILANOVIC malo dodvoriti
                </comment-text>
                <comment-text-transliterated>Ako su turcinu ruke krvavave do lakata poturicu moraju biti do ramena ,
                    stvar je jednostavna , mora se ZORAN MILANOVIC malo dodvoriti
                </comment-text-transliterated>
            </comment>
            <comment comment-id="6">
                <comment-parent-id/>
                <comment-text>Svi smo mi ljudi,al treba biti covek.....oprosti mu Boze ne zna sta prica :O
                </comment-text>
                <comment-text-transliterated>Svi smo mi ljudi,al treba biti covek.....oprosti mu Boze ne zna sta prica
                    :O
                </comment-text-transliterated>
            </comment>
            <comment comment-id="7">
                <comment-parent-id/>
                <comment-text>Sta reci a ne nasmejati se -- i njegova zena je preporucila hrvatima i hrvaticama da snitu
                    kruha rezu na tanje komade--. Ja mu nakon svega posvecujem jedan mali stih-EH ZOKI, ZOKI, MOZAK TI
                    JE SMOKI.
                </comment-text>
                <comment-text-transliterated>Sta reci a ne nasmejati se -- i njegova zena je preporucila hrvatima i
                    hrvaticama da snitu kruha rezu na tanje komade--. Ja mu nakon svega posvecujem jedan mali stih-EH
                    ZOKI, ZOKI, MOZAK TI JE SMOKI.
                </comment-text-transliterated>
            </comment>
            <comment comment-id="8">
                <comment-parent-id/>
                <comment-text>Koliko znam-a znam-, muhe se lepe na g...a, ali me zabrinjava sto ovi hrvatski orlovi
                    -lesinari-, toliko kidisu na te muhe, pa se bojim usmrdece se do kraja, i onda ih nece ni atlanski
                    okean oprati.
                </comment-text>
                <comment-text-transliterated>Koliko znam-a znam-, muhe se lepe na g...a, ali me zabrinjava sto ovi
                    hrvatski orlovi -lesinari-, toliko kidisu na te muhe, pa se bojim usmrdece se do kraja, i onda ih
                    nece ni atlanski okean oprati.
                </comment-text-transliterated>
            </comment>
            <comment comment-id="9">
                <comment-parent-id/>
                <comment-text>Ne može se baš tvrditi da je glup ali, na temelju vokabulara i izreka čudnog i
                    neodgonetnog porekla, može se (posle dužeg, medijskog praćenja), zaključiti da je u najmanju ruku
                    siromašna duha i retorike čija je fabula redovno teško razaznatljiva. Sve u svemu, teško je spojiva
                    teskobna smrknutost sa tako izraženom prijemčivošću za viceve. Ili je, on, naprosto, neki
                    vanserijski, sportski tip!?
                </comment-text>
                <comment-text-transliterated>Ne može se baš tvrditi da je glup ali, na temelju vokabulara i izreka
                    čudnog i neodgonetnog porekla, može se (posle dužeg, medijskog praćenja), zaključiti da je u
                    najmanju ruku siromašna duha i retorike čija je fabula redovno teško razaznatljiva. Sve u svemu,
                    teško je spojiva teskobna smrknutost sa tako izraženom prijemčivošću za viceve. Ili je, on,
                    naprosto, neki vanserijski, sportski tip!?
                </comment-text-transliterated>
            </comment>
            <comment comment-id="10">
                <comment-parent-id/>
                <comment-text>Zatvarajte Srbi što pre svoju granicu, da bi dokazali ovome što se šepuri da će i Hrvatska
                    imati posledice i neka on šara...To jedan pametan premijer ne bi izgovorio...Imaju dosta više svojih
                    preduzeća i trgovina U Srbiji pa neka ORAO malo oseti...))
                </comment-text>
                <comment-text-transliterated>Zatvarajte Srbi što pre svoju granicu, da bi dokazali ovome što se šepuri
                    da će i Hrvatska imati posledice i neka on šara...To jedan pametan premijer ne bi izgovorio...Imaju
                    dosta više svojih preduzeća i trgovina U Srbiji pa neka ORAO malo oseti...))
                </comment-text-transliterated>
            </comment>
            <comment comment-id="10-1">
                <comment-parent-id>10</comment-parent-id>
                <comment-text>i most na Bosutu treba srusiti i nema vise komunikacije sa budalama.</comment-text>
                <comment-text-transliterated>i most na Bosutu treba srusiti i nema vise komunikacije sa budalama.
                </comment-text-transliterated>
            </comment>
            <comment comment-id="11">
                <comment-parent-id/>
                <comment-text>prvo pokolju milion srba u ww2.onda istjeraju 250.000.sad kazu da su orao, srbija muva. a
                    mi braco srbi: mi kupujemo od njih, firme nase dajemo njima, odusevljeni smo njihovom muzikom, mi
                    imamo farme, stanije,parove, kurve,kristijane,cecu,kriminalce,grand,pink,zeljka mitrovica sa
                    jevrejskim parama...dje nam je amanet Svetoga Save kakvo drustvo sda gradimo...i cudimo li se što
                    nas zovu "MUHOM" braco moja.....
                </comment-text>
                <comment-text-transliterated>prvo pokolju milion srba u ww2.onda istjeraju 250.000.sad kazu da su orao,
                    srbija muva. a mi braco srbi: mi kupujemo od njih, firme nase dajemo njima, odusevljeni smo njihovom
                    muzikom, mi imamo farme, stanije,parove, kurve,kristijane,cecu,kriminalce,grand,pink,zeljka
                    mitrovica sa jevrejskim parama...dje nam je amanet Svetoga Save kakvo drustvo sda gradimo...i cudimo
                    li se što nas zovu "MUHOM" braco moja.....
                </comment-text-transliterated>
            </comment>
            <comment comment-id="12">
                <comment-parent-id/>
                <comment-text>A, ti, rosavi brate, lica tipa mimi oro, probaj da se konacno ponasas kao neki drzavnik,
                    pa makar i kifla drzave, a ne kao obican sibicar sa opcine TRNJE. Rastao jesi uz savski nasip, ali i
                    tamo je postojao osnovni nivo kulture i komunikacije, ali ovo sto ti radis i izjavljujes nema ni u
                    Vrpolju ni u Kozarom Boku.No, sto je najzalosnije, ti i tvoja drzavica ste clanovi EU. BLJAK.
                </comment-text>
                <comment-text-transliterated>A, ti, rosavi brate, lica tipa mimi oro, probaj da se konacno ponasas kao
                    neki drzavnik, pa makar i kifla drzave, a ne kao obican sibicar sa opcine TRNJE. Rastao jesi uz
                    savski nasip, ali i tamo je postojao osnovni nivo kulture i komunikacije, ali ovo sto ti radis i
                    izjavljujes nema ni u Vrpolju ni u Kozarom Boku.No, sto je najzalosnije, ti i tvoja drzavica ste
                    clanovi EU. BLJAK.
                </comment-text-transliterated>
            </comment>
        </comment-list>
    </comments>
</document>