<document global-id="sr-04-1425">
    <url>http://www.alo.rs/vesti/hronika/muskarac-iskasapljen-lice-mu-skroz-iseceno/210280/vest#comments</url>
    <source-id>sr-04</source-id>
    <local-id>1425</local-id>
    <source-name>Alo</source-name>
    <article>
        <article-title>HOROR U BEOGRADSKOM KAFIĆU</article-title>
        <article-title-transliterated>HOROR U BEOGRADSKOM KAFIĆU</article-title-transliterated>
        <article-time>2019-02-05</article-time>
        <article-author>Alo.rs/ TV Prva/ M. I.</article-author>
        <article-text>Incident se dogodio jutros oko 4.40.
            Muškarac star oko 30 godina iskasapljen je jutros nešto pre 5 sati po licu ispred jednog kafića u Ulici
            Gavrila Principa.
            Kako je izvestila Nada Macura na TV Prvoj u pitanju je povreda nožem.
             
            - Arterijsko krvarenje, teška trauma, bila je negde oko 4.40 jutros. On je prevezen na reanimaciju Urgentnog
            centra - kazala je Macura.
            Inače, tokom noći Hitna pomoć nije imala intervencije u saobraćajnim nezgodama, ali se jedna kobna nesreća
            dogodila sinoć oko 19 sati, kada je jedna žena stara oko 50 godina preminula u Železniku, a lekari su mogli
            samo da konstatuju smrt.
             
            Hitna pomoć je noćas imala ukupno 104 intervencije, od toga 10 na javnom mestu.
        </article-text>
        <article-text-transliterated>Incident se dogodio jutros oko 4.40.
            Muškarac star oko 30 godina iskasapljen je jutros nešto pre 5 sati po licu ispred jednog kafića u Ulici
            Gavrila Principa.
            Kako je izvestila Nada Macura na TV Prvoj u pitanju je povreda nožem.
             
            - Arterijsko krvarenje, teška trauma, bila je negde oko 4.40 jutros. On je prevezen na reanimaciju Urgentnog
            centra - kazala je Macura.
            Inače, tokom noći Hitna pomoć nije imala intervencije u saobraćajnim nezgodama, ali se jedna kobna nesreća
            dogodila sinoć oko 19 sati, kada je jedna žena stara oko 50 godina preminula u Železniku, a lekari su mogli
            samo da konstatuju smrt.
             
            Hitna pomoć je noćas imala ukupno 104 intervencije, od toga 10 na javnom mestu.
        </article-text-transliterated>
    </article>
    <comments>
        <comments-count>0</comments-count>
        <comment-list/>
    </comments>
</document>