<document global-id="sr-04-1515">
    <url>http://www.alo.rs/alo-saveta/zdravlje/magicni-krastavac/2785/vest#comments</url>
    <source-id>sr-04</source-id>
    <local-id>1515</local-id>
    <source-name>Alo</source-name>
    <article>
        <article-title>KORISNI TRIKOVI</article-title>
        <article-title-transliterated>KORISNI TRIKOVI</article-title-transliterated>
        <article-time>2015-08-09</article-time>
        <article-author>Alo!</article-author>
        <article-text>Ako osećate popodnevni umor, ostavite se raznoraznih energetskih pića, koja vas samo truju. Umesto
            toga, uzmite krastavac.
            Krastavci su dobar izvor B vitamina i ugljenih hidrata koji će vas brzo podići i to će trajati satima. Evo
            još nekoliko korisnih trikova...
            Bez bora
            Ako tražite brz i lak način da se rešite celulita pre izlaska ili odlaska na bazen, pokušajte da trljate
            problematična mesta nekoliko minuta koristeći nekoliko kriški krastavca. Fitohemikalije koje se nalaze u
            krastavcu čine da se kolagen u vašoj koži stisne i tako učvrsti spoljni sloj kože smanjujući očiglednost
            celulita. Vrlo dobro deluje i na bore!
            Bistar um
            Krastavac je dobar i protiv mamurluka. Ako ste popili čašicu više, pojedite nekoliko kriški pre spavanja.
            Nakon ovog tretmana probudićete se sveži i bez glavobolje. Krastavac sadrži dovoljno šećera, B vitamina i
            elektrolita da nadoknadi osnovne hranljive sastojke koje je telo izgubilo.
            Svež dah
            Baš ste nakon poslovnog ručka shvatili da nemate žvaku. Kolutić krastavca stavite u usta i jezikom
            pritisnite oko 30 sekundi na nepce i to će ukloniti zadah. Kako? Fitohemikalije iz krastavca će uništiti
            bakterije, uzročnike zadaha.
            Blistave cipele
            Treba da izglancate cipele, a nemate ni potreban pribor ni vreme da ga potražite? Uzmite krastavac, isecite
            ga i istrljajte po cipelama. Njegove će hemikalije dati brzi i trajni sjaj, a cipele neće samo lepo
            izgledati, nego će postati i vodootporne.
        </article-text>
        <article-text-transliterated>Ako osećate popodnevni umor, ostavite se raznoraznih energetskih pića, koja vas
            samo truju. Umesto toga, uzmite krastavac.
            Krastavci su dobar izvor B vitamina i ugljenih hidrata koji će vas brzo podići i to će trajati satima. Evo
            još nekoliko korisnih trikova...
            Bez bora
            Ako tražite brz i lak način da se rešite celulita pre izlaska ili odlaska na bazen, pokušajte da trljate
            problematična mesta nekoliko minuta koristeći nekoliko kriški krastavca. Fitohemikalije koje se nalaze u
            krastavcu čine da se kolagen u vašoj koži stisne i tako učvrsti spoljni sloj kože smanjujući očiglednost
            celulita. Vrlo dobro deluje i na bore!
            Bistar um
            Krastavac je dobar i protiv mamurluka. Ako ste popili čašicu više, pojedite nekoliko kriški pre spavanja.
            Nakon ovog tretmana probudićete se sveži i bez glavobolje. Krastavac sadrži dovoljno šećera, B vitamina i
            elektrolita da nadoknadi osnovne hranljive sastojke koje je telo izgubilo.
            Svež dah
            Baš ste nakon poslovnog ručka shvatili da nemate žvaku. Kolutić krastavca stavite u usta i jezikom
            pritisnite oko 30 sekundi na nepce i to će ukloniti zadah. Kako? Fitohemikalije iz krastavca će uništiti
            bakterije, uzročnike zadaha.
            Blistave cipele
            Treba da izglancate cipele, a nemate ni potreban pribor ni vreme da ga potražite? Uzmite krastavac, isecite
            ga i istrljajte po cipelama. Njegove će hemikalije dati brzi i trajni sjaj, a cipele neće samo lepo
            izgledati, nego će postati i vodootporne.
        </article-text-transliterated>
    </article>
    <comments>
        <comments-count>0</comments-count>
        <comment-list/>
    </comments>
</document>