<document global-id="sr-04-1084">
    <url>http://www.alo.rs/dimo-dimov-dobitnik-zoranovog-brka/86374</url>
    <source-id>sr-04</source-id>
    <local-id>1084</local-id>
    <source-name>Alo</source-name>
    <article>
        <article-title>Dimo Dimov dobitnik "Zoranovog brka"</article-title>
        <article-title-transliterated>Dimo Dimov dobitnik "Zoranovog brka"</article-title-transliterated>
        <article-time>2016-12-13</article-time>
        <article-author>I. Popović</article-author>
        <article-text>Posle skoro jedne decenije zaječarskoj publici su se na 25. „Danima Zorana Radmilovića“
            predstavili glumci teatra „Račo Stanojev“ iz Grabova u Bugarskoj.
            Čast da se okiti "Zoranovim brkom" kao najbolji glumac u plejadi bravuroznih tumačenja, pripala je Dimu
            Domovom.
            - Prijatno sam iznenađen, nisam očekivao ovu nagradu - iskreno je rekao bugarski glumac.
            Jezička barijera nije predstavljala prepreku za publiku u Zaječaru, a dokaz da je predstava "Jedan Džekson
            viška" izazvala veliko interesovanje je dupke puna sala, ali i gromoglasan aplauz na kraju predstave.
            - Publika u Zaječaru je divna, srećan sam što imam priliku da nastupam ovde. Oni osećaju pozorište, imaju
            posebnu energiju koju šalju ka nama na sceni – rekao je Dimov.
            Gostovanje teatra "Račo Stanojev" iz Grabova nastavak je saradnje dva pozorište iz komšijskih država, nakon
            prvog gostovanja ovog pozorišta 2004. godine na Zoranovim danima.
            - Srećna sam što smo ponovo u Zaječaru. Ovo je nastavak naše saradnje posle dugo godine. Potrudićemo se
            uzvratimo divno gostoprimstvo, kada će zaječarsko pozorište nastupati na Međunarodnom pozorišnom festivalu u
            Bugarskoj - rekla je Nevena Miteva, reditelj predstave koju su bugarski glumci izveli u Zaječaru, ali i
            upravnik gostujućeg teatra iz Grabova.
            Nakon gostovanja bugarskih glumaca, u Zaječar će pete večeri festivala nastupati Narodno pozorište Republike
            Srpske iz Banjaluke.
            Glumci banjalučkog pozorišta izvešće predstavu "Sinovi umiru prvi" po tekstu Mate Matišića, u režiji Marka
            Misirača.
        </article-text>
        <article-text-transliterated>Posle skoro jedne decenije zaječarskoj publici su se na 25. „Danima Zorana
            Radmilovića“ predstavili glumci teatra „Račo Stanojev“ iz Grabova u Bugarskoj.
            Čast da se okiti "Zoranovim brkom" kao najbolji glumac u plejadi bravuroznih tumačenja, pripala je Dimu
            Domovom.
            - Prijatno sam iznenađen, nisam očekivao ovu nagradu - iskreno je rekao bugarski glumac.
            Jezička barijera nije predstavljala prepreku za publiku u Zaječaru, a dokaz da je predstava "Jedan Džekson
            viška" izazvala veliko interesovanje je dupke puna sala, ali i gromoglasan aplauz na kraju predstave.
            - Publika u Zaječaru je divna, srećan sam što imam priliku da nastupam ovde. Oni osećaju pozorište, imaju
            posebnu energiju koju šalju ka nama na sceni – rekao je Dimov.
            Gostovanje teatra "Račo Stanojev" iz Grabova nastavak je saradnje dva pozorište iz komšijskih država, nakon
            prvog gostovanja ovog pozorišta 2004. godine na Zoranovim danima.
            - Srećna sam što smo ponovo u Zaječaru. Ovo je nastavak naše saradnje posle dugo godine. Potrudićemo se
            uzvratimo divno gostoprimstvo, kada će zaječarsko pozorište nastupati na Međunarodnom pozorišnom festivalu u
            Bugarskoj - rekla je Nevena Miteva, reditelj predstave koju su bugarski glumci izveli u Zaječaru, ali i
            upravnik gostujućeg teatra iz Grabova.
            Nakon gostovanja bugarskih glumaca, u Zaječar će pete večeri festivala nastupati Narodno pozorište Republike
            Srpske iz Banjaluke.
            Glumci banjalučkog pozorišta izvešće predstavu "Sinovi umiru prvi" po tekstu Mate Matišića, u režiji Marka
            Misirača.
        </article-text-transliterated>
    </article>
    <comments>
        <comments-count>0</comments-count>
        <comment-list/>
    </comments>
</document>