<document global-id="sr-04-1177">
    <url>http://www.alo.rs/nikolic-skotu-nedopustivo-ponasanje-pristine/91430</url>
    <source-id>sr-04</source-id>
    <local-id>1177</local-id>
    <source-name>Alo</source-name>
    <article>
        <article-title>Nikolić Skotu: Nedopustivo ponašanje Prištine</article-title>
        <article-title-transliterated>Nikolić Skotu: Nedopustivo ponašanje Prištine</article-title-transliterated>
        <article-time>2017-01-17</article-time>
        <article-author>Beta</article-author>
        <article-text>redsednik Srbije Tomislav Nikolić danas je u razgovoru sa ambasadorom SAD Kajlom Skotom ocenio kao
            "potpuno neprihvatljivo" ponašanje Prištine u vezi s vozom Beograd-Kosovska Mitrovica prošlog vikenda,
            saopštio je kabinet predsednika Srbije.
            Kako je navedeno, Skot je rekao da se ne radi o transportu, već o saglasnosti o ulasku i kretanju po Kosovu.
            Iz Beograda je u subotu posle skoro dve decenije krenuo prvi voz za Kosovsku Mitrovicu, ali se zaustavio u
            Raški i vratio u Beograd. Na vozu je na dvadesetak jezika pisalo "Kosovo je Srbija", a unutrašnjost je bila
            ukrašena fotografijama fresaka iz srpskih manastira.
            "Za njih je provokacija voz ukrašen srpskim obeležjima i na taj voz su krenuli bombama i dugim cevima, bez
            odobrenja KFOR-a. Niko ne postavlja pitanje da li je provokacija to što po teritoriji Kosova idu sa
            obeležjima velike Albanije i javno promovišu tu besmislenu ideju", rekao je Nikolić.
            Predsednik je ponovio da Srbija nikada neće priznati nezavisnost Kosova, bez obzira na pritisak velikih sila
            "koje su se okupile oko promocije te nezavisnosti".
            Predsednik Srbije je rekao da među građanima postoji sumnja da Srbija može da ima jednak tretman kao i neke
            druge zemlje, koje su, čini se - kako je rekao - "imale bolju percepciju u očima SAD".
            Skot i Nikolić su se saglasili da dve strane ne mogu da ubede jedna drugu oko statusa Kosova.
            Nikolić je ocenio da su Srbija i SAD na putu oporavka bilateralne saradnje i rekao da očekuje da će sa novom
            vladom SAD odnosi dobiti novi kontekst.
            Predsednik Srbije je kazao da mu prištinske vlasti nisu dopustile da Božić provede na Kosovu i Metohiji, i
            podsetio Skota da nije urađeno ništa ni na uvođenju Zajednice srpskih opština."Ja ću uvek govoriti iskreno i
            otvoreno, i štititi Ustav Republike Srbije. Razumem da vi bezuslovno podržavate nešto na čije ste stvaranje
            direktno uticali. Vi ste sprovođenjem svoje volje, stvorili mnoge nevolje i ja se nadam da će sa novom
            administracijom takvo ponašanje da prestane", rekao je Nikolić.
            Skot je rekao da SAD podržavaju reforme i otvaranje poglavlja u okviru evrointegracije Srbije, i izrazio
            spremnost SAD za jačanje odnosa sa Srbijom.
            "Srbija je značajan faktor stabilnosti u regionu i odnosi sa susedima su imali svojih uspona i padova",
            konstatovao je ambasador SAD i dodao da su u normalizaciji odnosa sa Kosovom napravljeni koraci napred, ali
            i neki koraci unazad.
        </article-text>
        <article-text-transliterated>redsednik Srbije Tomislav Nikolić danas je u razgovoru sa ambasadorom SAD Kajlom
            Skotom ocenio kao "potpuno neprihvatljivo" ponašanje Prištine u vezi s vozom Beograd-Kosovska Mitrovica
            prošlog vikenda, saopštio je kabinet predsednika Srbije.
            Kako je navedeno, Skot je rekao da se ne radi o transportu, već o saglasnosti o ulasku i kretanju po Kosovu.
            Iz Beograda je u subotu posle skoro dve decenije krenuo prvi voz za Kosovsku Mitrovicu, ali se zaustavio u
            Raški i vratio u Beograd. Na vozu je na dvadesetak jezika pisalo "Kosovo je Srbija", a unutrašnjost je bila
            ukrašena fotografijama fresaka iz srpskih manastira.
            "Za njih je provokacija voz ukrašen srpskim obeležjima i na taj voz su krenuli bombama i dugim cevima, bez
            odobrenja KFOR-a. Niko ne postavlja pitanje da li je provokacija to što po teritoriji Kosova idu sa
            obeležjima velike Albanije i javno promovišu tu besmislenu ideju", rekao je Nikolić.
            Predsednik je ponovio da Srbija nikada neće priznati nezavisnost Kosova, bez obzira na pritisak velikih sila
            "koje su se okupile oko promocije te nezavisnosti".
            Predsednik Srbije je rekao da među građanima postoji sumnja da Srbija može da ima jednak tretman kao i neke
            druge zemlje, koje su, čini se - kako je rekao - "imale bolju percepciju u očima SAD".
            Skot i Nikolić su se saglasili da dve strane ne mogu da ubede jedna drugu oko statusa Kosova.
            Nikolić je ocenio da su Srbija i SAD na putu oporavka bilateralne saradnje i rekao da očekuje da će sa novom
            vladom SAD odnosi dobiti novi kontekst.
            Predsednik Srbije je kazao da mu prištinske vlasti nisu dopustile da Božić provede na Kosovu i Metohiji, i
            podsetio Skota da nije urađeno ništa ni na uvođenju Zajednice srpskih opština."Ja ću uvek govoriti iskreno i
            otvoreno, i štititi Ustav Republike Srbije. Razumem da vi bezuslovno podržavate nešto na čije ste stvaranje
            direktno uticali. Vi ste sprovođenjem svoje volje, stvorili mnoge nevolje i ja se nadam da će sa novom
            administracijom takvo ponašanje da prestane", rekao je Nikolić.
            Skot je rekao da SAD podržavaju reforme i otvaranje poglavlja u okviru evrointegracije Srbije, i izrazio
            spremnost SAD za jačanje odnosa sa Srbijom.
            "Srbija je značajan faktor stabilnosti u regionu i odnosi sa susedima su imali svojih uspona i padova",
            konstatovao je ambasador SAD i dodao da su u normalizaciji odnosa sa Kosovom napravljeni koraci napred, ali
            i neki koraci unazad.
        </article-text-transliterated>
    </article>
    <comments>
        <comments-count>135</comments-count>
        <comment-list>
            <comment comment-id="0">
                <comment-parent-id/>
                <comment-text>I vise nego nedopustivo.Sramota je kako i sta rade.</comment-text>
                <comment-text-transliterated>I vise nego nedopustivo.Sramota je kako i sta rade.
                </comment-text-transliterated>
            </comment>
            <comment comment-id="2">
                <comment-parent-id/>
                <comment-text>Naš državni vrh je u stanju da zaštiti svoj narod.</comment-text>
                <comment-text-transliterated>Naš državni vrh je u stanju da zaštiti svoj narod.
                </comment-text-transliterated>
            </comment>
            <comment comment-id="3">
                <comment-parent-id/>
                <comment-text>Potpuno se slažem sa Nikolićem.Srbija nikad neće priznati nezavisnost Kosova.
                </comment-text>
                <comment-text-transliterated>Potpuno se slažem sa Nikolićem.Srbija nikad neće priznati nezavisnost
                    Kosova.
                </comment-text-transliterated>
            </comment>
            <comment comment-id="4">
                <comment-parent-id/>
                <comment-text>To je pravi predsednik! takav nama treba, koji ce da grize i brani svoju domovinu i
                    narod!
                </comment-text>
                <comment-text-transliterated>To je pravi predsednik! takav nama treba, koji ce da grize i brani svoju
                    domovinu i narod!
                </comment-text-transliterated>
            </comment>
            <comment comment-id="5">
                <comment-parent-id/>
                <comment-text>Voz nije sporan jer u normalnim okolnostima i drugi vozovi saobracaju na linijama van
                    drzavne granice i unutar nje.A ponasanje Albanaca je ne dopustivo.
                </comment-text>
                <comment-text-transliterated>Voz nije sporan jer u normalnim okolnostima i drugi vozovi saobracaju na
                    linijama van drzavne granice i unutar nje.A ponasanje Albanaca je ne dopustivo.
                </comment-text-transliterated>
            </comment>
            <comment comment-id="6">
                <comment-parent-id/>
                <comment-text>Kosovski Albanci moraju da se ponasaju civilizovano i na osnovu potpisanih sporazuma sa
                    Srbijom.
                </comment-text>
                <comment-text-transliterated>Kosovski Albanci moraju da se ponasaju civilizovano i na osnovu potpisanih
                    sporazuma sa Srbijom.
                </comment-text-transliterated>
            </comment>
            <comment comment-id="7">
                <comment-parent-id/>
                <comment-text>Konacno i SAD uvidja da je Srbija u pravu u vezi sa Kosovom.</comment-text>
                <comment-text-transliterated>Konacno i SAD uvidja da je Srbija u pravu u vezi sa Kosovom.
                </comment-text-transliterated>
            </comment>
            <comment comment-id="8">
                <comment-parent-id/>
                <comment-text>Ponašanje Prištine je stvarno prešlo sve granice.</comment-text>
                <comment-text-transliterated>Ponašanje Prištine je stvarno prešlo sve granice.
                </comment-text-transliterated>
            </comment>
            <comment comment-id="9">
                <comment-parent-id/>
                <comment-text>Ponasanje Pristine je nedopustivo.Srbija se zalaze za mir ali isto tako brine i za
                    bezbednost Srba na KiM.
                </comment-text>
                <comment-text-transliterated>Ponasanje Pristine je nedopustivo.Srbija se zalaze za mir ali isto tako
                    brine i za bezbednost Srba na KiM.
                </comment-text-transliterated>
            </comment>
            <comment comment-id="10">
                <comment-parent-id/>
                <comment-text>Pristina treba mnoge stvari da shvati i da prihvati, to je za bolji opstanak i za bolju
                    sigurnost.
                </comment-text>
                <comment-text-transliterated>Pristina treba mnoge stvari da shvati i da prihvati, to je za bolji
                    opstanak i za bolju sigurnost.
                </comment-text-transliterated>
            </comment>
            <comment comment-id="11">
                <comment-parent-id/>
                <comment-text>Slazem se.</comment-text>
                <comment-text-transliterated>Slazem se.</comment-text-transliterated>
            </comment>
            <comment comment-id="12">
                <comment-parent-id/>
                <comment-text>Ponasanje Albanaca je nedopustivo.Srbija se uvek zalaze za mir.</comment-text>
                <comment-text-transliterated>Ponasanje Albanaca je nedopustivo.Srbija se uvek zalaze za mir.
                </comment-text-transliterated>
            </comment>
            <comment comment-id="13">
                <comment-parent-id/>
                <comment-text>Mislim da niko nece odobriti ovo neodgovorno ponasanje Pristine?</comment-text>
                <comment-text-transliterated>Mislim da niko nece odobriti ovo neodgovorno ponasanje Pristine?
                </comment-text-transliterated>
            </comment>
            <comment comment-id="14">
                <comment-parent-id/>
                <comment-text>nadam se da ce svi uvideti ispravnost Srbije!</comment-text>
                <comment-text-transliterated>nadam se da ce svi uvideti ispravnost Srbije!</comment-text-transliterated>
            </comment>
            <comment comment-id="15">
                <comment-parent-id/>
                <comment-text>Pristina bi trebalo da se urazumi i krene putem tolerancije i postovanja!</comment-text>
                <comment-text-transliterated>Pristina bi trebalo da se urazumi i krene putem tolerancije i postovanja!
                </comment-text-transliterated>
            </comment>
            <comment comment-id="16">
                <comment-parent-id/>
                <comment-text>Americka podrska Pristini mora da stane jel Kosovo je Srbija.</comment-text>
                <comment-text-transliterated>Americka podrska Pristini mora da stane jel Kosovo je Srbija.
                </comment-text-transliterated>
            </comment>
            <comment comment-id="17">
                <comment-parent-id/>
                <comment-text>Nedopustivo je takvo ponasanje ali oni ocigledno i ne znaju drugacije.</comment-text>
                <comment-text-transliterated>Nedopustivo je takvo ponasanje ali oni ocigledno i ne znaju drugacije.
                </comment-text-transliterated>
            </comment>
            <comment comment-id="18">
                <comment-parent-id/>
                <comment-text>Srbija je spremna da saradjuje sa svima sto je i pokazala u proteklom periodu!
                </comment-text>
                <comment-text-transliterated>Srbija je spremna da saradjuje sa svima sto je i pokazala u proteklom
                    periodu!
                </comment-text-transliterated>
            </comment>
            <comment comment-id="19">
                <comment-parent-id/>
                <comment-text>Konacno da se lobira i kod SAD i da im se skrene paznja na rastuci pritisak...
                </comment-text>
                <comment-text-transliterated>Konacno da se lobira i kod SAD i da im se skrene paznja na rastuci
                    pritisak...
                </comment-text-transliterated>
            </comment>
            <comment comment-id="20">
                <comment-parent-id/>
                <comment-text>Odlicno je predsednik Nikolic rekao Skotu.</comment-text>
                <comment-text-transliterated>Odlicno je predsednik Nikolic rekao Skotu.</comment-text-transliterated>
            </comment>
            <comment comment-id="21">
                <comment-parent-id/>
                <comment-text>Nikolić je dobro iskoristio priliku da američkom ambasadoru istakne da Srbija neće
                    dozvoliti nasilje nad svojim narodom na Kosovu.
                </comment-text>
                <comment-text-transliterated>Nikolić je dobro iskoristio priliku da američkom ambasadoru istakne da
                    Srbija neće dozvoliti nasilje nad svojim narodom na Kosovu.
                </comment-text-transliterated>
            </comment>
            <comment comment-id="22">
                <comment-parent-id/>
                <comment-text>Sve pohvale predsedniku Nikolicu za borbu koju pokazuje.</comment-text>
                <comment-text-transliterated>Sve pohvale predsedniku Nikolicu za borbu koju pokazuje.
                </comment-text-transliterated>
            </comment>
            <comment comment-id="23">
                <comment-parent-id/>
                <comment-text>Nedopustivo je sto i SAD cuti na takvo ponasanje Pristine, nadam se da ce se to ubrzo
                    promeniti!
                </comment-text>
                <comment-text-transliterated>Nedopustivo je sto i SAD cuti na takvo ponasanje Pristine, nadam se da ce
                    se to ubrzo promeniti!
                </comment-text-transliterated>
            </comment>
            <comment comment-id="24">
                <comment-parent-id/>
                <comment-text>Sve on to odlicno zna samo sto se pravi lud a neka i treba neka mu kaze Toma.
                </comment-text>
                <comment-text-transliterated>Sve on to odlicno zna samo sto se pravi lud a neka i treba neka mu kaze
                    Toma.
                </comment-text-transliterated>
            </comment>
            <comment comment-id="25">
                <comment-parent-id/>
                <comment-text>Svaka mu je na mestu. Predsednik zna Å¡ta radi!</comment-text>
                <comment-text-transliterated>Svaka mu je na mestu. Predsednik zna Å¡ta radi!
                </comment-text-transliterated>
            </comment>
            <comment comment-id="26">
                <comment-parent-id/>
                <comment-text>Ponasanje Pristine je skandalozno koliko god Srbija zeli da saradjuje sa njima,da sacuva
                    mir i bezbednost toliko je Pristina uvek spremna za napade i sukobe.
                </comment-text>
                <comment-text-transliterated>Ponasanje Pristine je skandalozno koliko god Srbija zeli da saradjuje sa
                    njima,da sacuva mir i bezbednost toliko je Pristina uvek spremna za napade i sukobe.
                </comment-text-transliterated>
            </comment>
            <comment comment-id="27">
                <comment-parent-id/>
                <comment-text>Ako si strpljiv u jednom momentu ljutnje, spasićeš mnogo života.</comment-text>
                <comment-text-transliterated>Ako si strpljiv u jednom momentu ljutnje, spasićeš mnogo života.
                </comment-text-transliterated>
            </comment>
            <comment comment-id="28">
                <comment-parent-id/>
                <comment-text>Ocekujem da se, smenom na vlasti u SAD, naklonost SAD ka Srbiji poveca.</comment-text>
                <comment-text-transliterated>Ocekujem da se, smenom na vlasti u SAD, naklonost SAD ka Srbiji poveca.
                </comment-text-transliterated>
            </comment>
            <comment comment-id="29">
                <comment-parent-id/>
                <comment-text>Mi ocekujemo reakciju svetskih sila, nadamo se da ona nece izostati.</comment-text>
                <comment-text-transliterated>Mi ocekujemo reakciju svetskih sila, nadamo se da ona nece izostati.
                </comment-text-transliterated>
            </comment>
            <comment comment-id="30">
                <comment-parent-id/>
                <comment-text>Nadam se da će se nesto uraditi povodom toga .</comment-text>
                <comment-text-transliterated>Nadam se da će se nesto uraditi povodom toga .
                </comment-text-transliterated>
            </comment>
            <comment comment-id="31">
                <comment-parent-id/>
                <comment-text>Ponasanje Pristine i Kosovskih Albanaca je nedopustivo i mora se promeniti kako bi doslo
                    do normalizacije odnosa u sto kracem roku.
                </comment-text>
                <comment-text-transliterated>Ponasanje Pristine i Kosovskih Albanaca je nedopustivo i mora se promeniti
                    kako bi doslo do normalizacije odnosa u sto kracem roku.
                </comment-text-transliterated>
            </comment>
            <comment comment-id="32">
                <comment-parent-id/>
                <comment-text>Neprihvatljivo je za nas ali prihvatljivo za njih čim nisu reagovali! Oni podržavaju
                    njihovu tvorevinu i albanski lobi!
                </comment-text>
                <comment-text-transliterated>Neprihvatljivo je za nas ali prihvatljivo za njih čim nisu reagovali! Oni
                    podržavaju njihovu tvorevinu i albanski lobi!
                </comment-text-transliterated>
            </comment>
            <comment comment-id="33">
                <comment-parent-id/>
                <comment-text>Precednik Nikolic se bori za Srbiju i trudi da poboljsa status Srba na Kosovu
                </comment-text>
                <comment-text-transliterated>Precednik Nikolic se bori za Srbiju i trudi da poboljsa status Srba na
                    Kosovu
                </comment-text-transliterated>
            </comment>
            <comment comment-id="34">
                <comment-parent-id/>
                <comment-text>Lepo je rekao predsednik.</comment-text>
                <comment-text-transliterated>Lepo je rekao predsednik.</comment-text-transliterated>
            </comment>
            <comment comment-id="35">
                <comment-parent-id/>
                <comment-text>Moraju i ti albanci da znaju gde im je mesto, ne mogu samo da provociraju bez posledica.
                </comment-text>
                <comment-text-transliterated>Moraju i ti albanci da znaju gde im je mesto, ne mogu samo da provociraju
                    bez posledica.
                </comment-text-transliterated>
            </comment>
            <comment comment-id="36">
                <comment-parent-id/>
                <comment-text>Sve oni to lepo nama laskaju, sto ih malo ne kazne.</comment-text>
                <comment-text-transliterated>Sve oni to lepo nama laskaju, sto ih malo ne kazne.
                </comment-text-transliterated>
            </comment>
            <comment comment-id="36-1">
                <comment-parent-id>36</comment-parent-id>
                <comment-text>Narodu nije do ratovanja, nadam se da cemo se izboriti za mir.</comment-text>
                <comment-text-transliterated>Narodu nije do ratovanja, nadam se da cemo se izboriti za mir.
                </comment-text-transliterated>
            </comment>
            <comment comment-id="37">
                <comment-parent-id/>
                <comment-text>Svako normalan uvidece ozbiljnost ove situacije i da njihovo ponasanje nije najblaze
                    receno bilo na mestu.
                </comment-text>
                <comment-text-transliterated>Svako normalan uvidece ozbiljnost ove situacije i da njihovo ponasanje nije
                    najblaze receno bilo na mestu.
                </comment-text-transliterated>
            </comment>
            <comment comment-id="38">
                <comment-parent-id/>
                <comment-text>PODRZAVAM STAV nIKOLICA U POTPUNOSTI I ALBANCI SU TI KOJI SE PONASAJU KAKO NE TREBA.
                </comment-text>
                <comment-text-transliterated>PODRZAVAM STAV nIKOLICA U POTPUNOSTI I ALBANCI SU TI KOJI SE PONASAJU KAKO
                    NE TREBA.
                </comment-text-transliterated>
            </comment>
            <comment comment-id="39">
                <comment-parent-id/>
                <comment-text>Njihovo ponasanje za nas nikada nije bilo prihvatljivo.</comment-text>
                <comment-text-transliterated>Njihovo ponasanje za nas nikada nije bilo prihvatljivo.
                </comment-text-transliterated>
            </comment>
            <comment comment-id="40">
                <comment-parent-id/>
                <comment-text>Svaka cast Nikolicu na iznosenju stavova za koje se nesporno moze tvrditi da su mnogo puta
                    dokazani i pokazani na delu od strane Amerike.
                </comment-text>
                <comment-text-transliterated>Svaka cast Nikolicu na iznosenju stavova za koje se nesporno moze tvrditi
                    da su mnogo puta dokazani i pokazani na delu od strane Amerike.
                </comment-text-transliterated>
            </comment>
            <comment comment-id="41">
                <comment-parent-id/>
                <comment-text>Neko Albancima mora pokazati gde im je mesto, krajnje je vreme.</comment-text>
                <comment-text-transliterated>Neko Albancima mora pokazati gde im je mesto, krajnje je vreme.
                </comment-text-transliterated>
            </comment>
            <comment comment-id="42">
                <comment-parent-id/>
                <comment-text>Nikolić je potpuno u pravu, albanci se nedopustivo ponašaju.</comment-text>
                <comment-text-transliterated>Nikolić je potpuno u pravu, albanci se nedopustivo ponašaju.
                </comment-text-transliterated>
            </comment>
            <comment comment-id="43">
                <comment-parent-id/>
                <comment-text>Sta ce Srbiji saglasnost o ulasku i kretanju po Kososvu? Jel realno sta ovaj covek prica?
                    Sva sreca pa se ne bavim diplomatijom, mene ovo izbacuje iz takta.
                </comment-text>
                <comment-text-transliterated>Sta ce Srbiji saglasnost o ulasku i kretanju po Kososvu? Jel realno sta
                    ovaj covek prica? Sva sreca pa se ne bavim diplomatijom, mene ovo izbacuje iz takta.
                </comment-text-transliterated>
            </comment>
            <comment comment-id="44">
                <comment-parent-id/>
                <comment-text>Posle svega najvazniji je mir.</comment-text>
                <comment-text-transliterated>Posle svega najvazniji je mir.</comment-text-transliterated>
            </comment>
            <comment comment-id="45">
                <comment-parent-id/>
                <comment-text>Apsolutno je nedopustivo ponašanje Albanaca na Kosovu,predsednik Nikolić je upravu.Oni sve
                    što žele je da isprovociraju sukobe a to zaista nikome nije potrebno.
                </comment-text>
                <comment-text-transliterated>Apsolutno je nedopustivo ponašanje Albanaca na Kosovu,predsednik Nikolić je
                    upravu.Oni sve što žele je da isprovociraju sukobe a to zaista nikome nije potrebno.
                </comment-text-transliterated>
            </comment>
            <comment comment-id="46">
                <comment-parent-id/>
                <comment-text>Ne vredi se žaliti Skotu jer se zna na čijoj je on strani. Ne preziva se on slučajno
                    tako.
                </comment-text>
                <comment-text-transliterated>Ne vredi se žaliti Skotu jer se zna na čijoj je on strani. Ne preziva se on
                    slučajno tako.
                </comment-text-transliterated>
            </comment>
            <comment comment-id="47">
                <comment-parent-id/>
                <comment-text>Skot je došao da se izvini,ali Nikolić ga nije trebao ni primiti.</comment-text>
                <comment-text-transliterated>Skot je došao da se izvini,ali Nikolić ga nije trebao ni primiti.
                </comment-text-transliterated>
            </comment>
            <comment comment-id="48">
                <comment-parent-id/>
                <comment-text>Ja prosto ne mogu da verujem da se albanci na jugu tako ponasaju a da se za to mase samo
                    dijalogom i nista se ne preduzima. Videcemo kako ce biti sada kada su republikanci dosli na vlast.
                </comment-text>
                <comment-text-transliterated>Ja prosto ne mogu da verujem da se albanci na jugu tako ponasaju a da se za
                    to mase samo dijalogom i nista se ne preduzima. Videcemo kako ce biti sada kada su republikanci
                    dosli na vlast.
                </comment-text-transliterated>
            </comment>
            <comment comment-id="49">
                <comment-parent-id/>
                <comment-text>E pa ako mu je sasuo sve u lice! Svaka cast Nikolicu! SAD se u sve mesaju!</comment-text>
                <comment-text-transliterated>E pa ako mu je sasuo sve u lice! Svaka cast Nikolicu! SAD se u sve
                    mesaju!
                </comment-text-transliterated>
            </comment>
            <comment comment-id="50">
                <comment-parent-id/>
                <comment-text>Albanci se tako ponasaju zbog jake poledjine ali ko zna dokle ce to trajati Tramp ce
                    verovatno okrenuti novi list sto se tice Kosova.
                </comment-text>
                <comment-text-transliterated>Albanci se tako ponasaju zbog jake poledjine ali ko zna dokle ce to trajati
                    Tramp ce verovatno okrenuti novi list sto se tice Kosova.
                </comment-text-transliterated>
            </comment>
            <comment comment-id="51">
                <comment-parent-id/>
                <comment-text>Priština ne želi da svoje odnose sa Beogradom unapređuje.Dokaz je ovaj događaj sa
                    vozom.Amerika tu neće baš mnogo pomoći jer je na strani prištine,više nego na strani Srbije.
                </comment-text>
                <comment-text-transliterated>Priština ne želi da svoje odnose sa Beogradom unapređuje.Dokaz je ovaj
                    događaj sa vozom.Amerika tu neće baš mnogo pomoći jer je na strani prištine,više nego na strani
                    Srbije.
                </comment-text-transliterated>
            </comment>
            <comment comment-id="52">
                <comment-parent-id/>
                <comment-text>Izgleda da su se i Ameri dozvali pameti.</comment-text>
                <comment-text-transliterated>Izgleda da su se i Ameri dozvali pameti.</comment-text-transliterated>
            </comment>
            <comment comment-id="53">
                <comment-parent-id/>
                <comment-text>Nebi smeli ovo albanci da urade da nisu imali podrsku SAD.</comment-text>
                <comment-text-transliterated>Nebi smeli ovo albanci da urade da nisu imali podrsku SAD.
                </comment-text-transliterated>
            </comment>
            <comment comment-id="54">
                <comment-parent-id/>
                <comment-text>Sto bih voleo da Tramp promeni politiku, da se onda vidi sve....</comment-text>
                <comment-text-transliterated>Sto bih voleo da Tramp promeni politiku, da se onda vidi sve....
                </comment-text-transliterated>
            </comment>
            <comment comment-id="54-1">
                <comment-parent-id>54</comment-parent-id>
                <comment-text>Iskreno se nadam da ce tako da bude...najvaznije nam je da imamo mir.</comment-text>
                <comment-text-transliterated>Iskreno se nadam da ce tako da bude...najvaznije nam je da imamo mir.
                </comment-text-transliterated>
            </comment>
            <comment comment-id="55">
                <comment-parent-id/>
                <comment-text>Albanci su krivi za sve..</comment-text>
                <comment-text-transliterated>Albanci su krivi za sve..</comment-text-transliterated>
            </comment>
            <comment comment-id="56">
                <comment-parent-id/>
                <comment-text>Ponasanje Pristine je neodgovorno pre svega, jer ljudski zivoti su bili u pitanju i to
                    zbog jednog voza.
                </comment-text>
                <comment-text-transliterated>Ponasanje Pristine je neodgovorno pre svega, jer ljudski zivoti su bili u
                    pitanju i to zbog jednog voza.
                </comment-text-transliterated>
            </comment>
            <comment comment-id="57">
                <comment-parent-id/>
                <comment-text>Ponašanje Prištine je krajnje nedopustivo, Srbija želi stabilnost u regionu i želi da
                    gradi dobre odnose sa susednim državama. Upotpunosti podržavam predsednika Nikolića!
                </comment-text>
                <comment-text-transliterated>Ponašanje Prištine je krajnje nedopustivo, Srbija želi stabilnost u regionu
                    i želi da gradi dobre odnose sa susednim državama. Upotpunosti podržavam predsednika Nikolića!
                </comment-text-transliterated>
            </comment>
            <comment comment-id="58">
                <comment-parent-id/>
                <comment-text>Stvarno nedopustivo ponasanje, da krenu tezim naoruzanjem na potpuno obican i civilni
                    voz.
                </comment-text>
                <comment-text-transliterated>Stvarno nedopustivo ponasanje, da krenu tezim naoruzanjem na potpuno obican
                    i civilni voz.
                </comment-text-transliterated>
            </comment>
            <comment comment-id="59">
                <comment-parent-id/>
                <comment-text>Kome si ti to rekao,zao mi je sto to kazem ali kao da si rekao zidu!!</comment-text>
                <comment-text-transliterated>Kome si ti to rekao,zao mi je sto to kazem ali kao da si rekao zidu!!
                </comment-text-transliterated>
            </comment>
            <comment comment-id="60">
                <comment-parent-id/>
                <comment-text>Ne znam dokle oni misle ovako da se ponasaju, gde god su umesali prste napravili su nered,
                    valjda ce to Tramp makar malo popraviti.
                </comment-text>
                <comment-text-transliterated>Ne znam dokle oni misle ovako da se ponasaju, gde god su umesali prste
                    napravili su nered, valjda ce to Tramp makar malo popraviti.
                </comment-text-transliterated>
            </comment>
            <comment comment-id="61">
                <comment-parent-id/>
                <comment-text>Hvala Bogu da i vi tako mislite ,trebaliste vec i pre!</comment-text>
                <comment-text-transliterated>Hvala Bogu da i vi tako mislite ,trebaliste vec i pre!
                </comment-text-transliterated>
            </comment>
            <comment comment-id="62">
                <comment-parent-id/>
                <comment-text>Biće bolje kad bude došao Trampov ambasador.</comment-text>
                <comment-text-transliterated>Biće bolje kad bude došao Trampov ambasador.</comment-text-transliterated>
            </comment>
            <comment comment-id="63">
                <comment-parent-id/>
                <comment-text>Pristina pokazuje svoj negativan stav prema Srbiji.</comment-text>
                <comment-text-transliterated>Pristina pokazuje svoj negativan stav prema Srbiji.
                </comment-text-transliterated>
            </comment>
            <comment comment-id="64">
                <comment-parent-id/>
                <comment-text>Nadam se da ce se ova situacija resiti bez dodatnih provokacija i nasilja.</comment-text>
                <comment-text-transliterated>Nadam se da ce se ova situacija resiti bez dodatnih provokacija i
                    nasilja.
                </comment-text-transliterated>
            </comment>
            <comment comment-id="65">
                <comment-parent-id/>
                <comment-text>Dobro je sve ovo Toma srocio, ali je malo toga dotaklo americkog ambasadora izgleda.
                </comment-text>
                <comment-text-transliterated>Dobro je sve ovo Toma srocio, ali je malo toga dotaklo americkog ambasadora
                    izgleda.
                </comment-text-transliterated>
            </comment>
            <comment comment-id="66">
                <comment-parent-id/>
                <comment-text>samo je u nasoj drzavi sramota i nedopustivo koristiti verska i kulturna obelezja,a
                    njihove zastate se viore Kosovom...Evropo probudi se
                </comment-text>
                <comment-text-transliterated>samo je u nasoj drzavi sramota i nedopustivo koristiti verska i kulturna
                    obelezja,a njihove zastate se viore Kosovom...Evropo probudi se
                </comment-text-transliterated>
            </comment>
            <comment comment-id="67">
                <comment-parent-id/>
                <comment-text>Nema se njima šta govoriti oni sve to znaju pošto su dali zeleno svetlo Prištini da
                    pošalje naoružane ljude da dočekaju voz.
                </comment-text>
                <comment-text-transliterated>Nema se njima šta govoriti oni sve to znaju pošto su dali zeleno svetlo
                    Prištini da pošalje naoružane ljude da dočekaju voz.
                </comment-text-transliterated>
            </comment>
            <comment comment-id="68">
                <comment-parent-id/>
                <comment-text>Americi nije za verovati...</comment-text>
                <comment-text-transliterated>Americi nije za verovati...</comment-text-transliterated>
            </comment>
            <comment comment-id="69">
                <comment-parent-id/>
                <comment-text>Tuzno jr sto smo doziveli ovako nešto</comment-text>
                <comment-text-transliterated>Tuzno jr sto smo doziveli ovako nešto</comment-text-transliterated>
            </comment>
            <comment comment-id="70">
                <comment-parent-id/>
                <comment-text>Srbija konacno ne popusta stranim silama, i brani svoj stav i svoju drzavu. Svidja mi se
                    stavove Tomislava Nikolica, treba braniti nas interes, mi necemo nista tudje samo da budemo svoj na
                    svome i da nas ne gaze!
                </comment-text>
                <comment-text-transliterated>Srbija konacno ne popusta stranim silama, i brani svoj stav i svoju drzavu.
                    Svidja mi se stavove Tomislava Nikolica, treba braniti nas interes, mi necemo nista tudje samo da
                    budemo svoj na svome i da nas ne gaze!
                </comment-text-transliterated>
            </comment>
            <comment comment-id="71">
                <comment-parent-id/>
                <comment-text>Oni su ovo sve i zakuvali! Cemu onda ovaj razgovor?!</comment-text>
                <comment-text-transliterated>Oni su ovo sve i zakuvali! Cemu onda ovaj razgovor?!
                </comment-text-transliterated>
            </comment>
            <comment comment-id="72">
                <comment-parent-id/>
                <comment-text>Jedinica ROSU nikako nije smela da se nadje na severu Kosova i to ceo svet zna.
                </comment-text>
                <comment-text-transliterated>Jedinica ROSU nikako nije smela da se nadje na severu Kosova i to ceo svet
                    zna.
                </comment-text-transliterated>
            </comment>
            <comment comment-id="73">
                <comment-parent-id/>
                <comment-text>Amerikanci su podržali Šiptare, Srbija neće dati na svoj narod uprkos provokacijama.
                </comment-text>
                <comment-text-transliterated>Amerikanci su podržali Šiptare, Srbija neće dati na svoj narod uprkos
                    provokacijama.
                </comment-text-transliterated>
            </comment>
            <comment comment-id="74">
                <comment-parent-id/>
                <comment-text>Dosta je vise sa zastitom Pristine. Vreme je da se kaze "dosta vise".</comment-text>
                <comment-text-transliterated>Dosta je vise sa zastitom Pristine. Vreme je da se kaze "dosta vise".
                </comment-text-transliterated>
            </comment>
            <comment comment-id="75">
                <comment-parent-id/>
                <comment-text>podrska vucicu.</comment-text>
                <comment-text-transliterated>podrska vucicu.</comment-text-transliterated>
            </comment>
            <comment comment-id="76">
                <comment-parent-id/>
                <comment-text>Svaka zemlja zeli mir ,stabilnost i slobodu kretanja pa i Srbija. A svakako je na putu
                    poboljsanja.
                </comment-text>
                <comment-text-transliterated>Svaka zemlja zeli mir ,stabilnost i slobodu kretanja pa i Srbija. A svakako
                    je na putu poboljsanja.
                </comment-text-transliterated>
            </comment>
            <comment comment-id="77">
                <comment-parent-id/>
                <comment-text>Ponasanje Pristine je za svaku osudu, nedolicno, niko nikada ne bi uradio tako nesto kao
                    sto su oni uradili.
                </comment-text>
                <comment-text-transliterated>Ponasanje Pristine je za svaku osudu, nedolicno, niko nikada ne bi uradio
                    tako nesto kao sto su oni uradili.
                </comment-text-transliterated>
            </comment>
            <comment comment-id="78">
                <comment-parent-id/>
                <comment-text>Ponasanje Pristine je stvarno nedopustivoALBANCI SU BAHATI I SPREMNI NA SUKOBE.
                </comment-text>
                <comment-text-transliterated>Ponasanje Pristine je stvarno nedopustivoALBANCI SU BAHATI I SPREMNI NA
                    SUKOBE.
                </comment-text-transliterated>
            </comment>
            <comment comment-id="79">
                <comment-parent-id/>
                <comment-text>Ne samo da je nedopustivo ,nego se njima mnogo toleriše.</comment-text>
                <comment-text-transliterated>Ne samo da je nedopustivo ,nego se njima mnogo toleriše.
                </comment-text-transliterated>
            </comment>
            <comment comment-id="80">
                <comment-parent-id/>
                <comment-text>Ne samo da je nedopustivo ,nego se njima mnogo toleriše.</comment-text>
                <comment-text-transliterated>Ne samo da je nedopustivo ,nego se njima mnogo toleriše.
                </comment-text-transliterated>
            </comment>
            <comment comment-id="81">
                <comment-parent-id/>
                <comment-text>Sramno ponasanje Pristine,krenuti sa puskama na voz!</comment-text>
                <comment-text-transliterated>Sramno ponasanje Pristine,krenuti sa puskama na voz!
                </comment-text-transliterated>
            </comment>
            <comment comment-id="82">
                <comment-parent-id/>
                <comment-text>Vreme je da neko obuzda Albance,a velike sile sem Rusije se prave gluve i slepe dok nam
                    šire neku demagogiju u koju niko ne veruje!
                </comment-text>
                <comment-text-transliterated>Vreme je da neko obuzda Albance,a velike sile sem Rusije se prave gluve i
                    slepe dok nam šire neku demagogiju u koju niko ne veruje!
                </comment-text-transliterated>
            </comment>
            <comment comment-id="83">
                <comment-parent-id/>
                <comment-text>Cekam dan kada cete morati da se izjasnite da ste pogresili i da cete morati javno da se
                    izvinite.
                </comment-text>
                <comment-text-transliterated>Cekam dan kada cete morati da se izjasnite da ste pogresili i da cete
                    morati javno da se izvinite.
                </comment-text-transliterated>
            </comment>
            <comment comment-id="84">
                <comment-parent-id/>
                <comment-text>albancima treba skrenuti paznju na ponasanje i na ugrozena prava srba na kosovu
                </comment-text>
                <comment-text-transliterated>albancima treba skrenuti paznju na ponasanje i na ugrozena prava srba na
                    kosovu
                </comment-text-transliterated>
            </comment>
            <comment comment-id="85">
                <comment-parent-id/>
                <comment-text>hvalim te bože da nas jednom amerikanci podrže</comment-text>
                <comment-text-transliterated>hvalim te bože da nas jednom amerikanci podrže
                </comment-text-transliterated>
            </comment>
            <comment comment-id="86">
                <comment-parent-id/>
                <comment-text>Izvodjenje vojske da spreči dolazak srpskog voza je skandalozno !!!</comment-text>
                <comment-text-transliterated>Izvodjenje vojske da spreči dolazak srpskog voza je skandalozno !!!
                </comment-text-transliterated>
            </comment>
            <comment comment-id="87">
                <comment-parent-id/>
                <comment-text>Albancima i Amerikancima može da se svidi i ne svidi izgled voza Beograd-Kosovska
                    Mitrovica i oni s obzirom da imaju kontrolu nad teritorijom su mogli da ne dozvole da voz udje na
                    Kosovo ali slati naoružane specijalce da miniraju prugu a možda i nešto gore je totalno nenormalno i
                    samo pokazuje o kakvim se divljacima tu radi.
                </comment-text>
                <comment-text-transliterated>Albancima i Amerikancima može da se svidi i ne svidi izgled voza
                    Beograd-Kosovska Mitrovica i oni s obzirom da imaju kontrolu nad teritorijom su mogli da ne dozvole
                    da voz udje na Kosovo ali slati naoružane specijalce da miniraju prugu a možda i nešto gore je
                    totalno nenormalno i samo pokazuje o kakvim se divljacima tu radi.
                </comment-text-transliterated>
            </comment>
            <comment comment-id="88">
                <comment-parent-id/>
                <comment-text>Otvoreno ijasno,nego šta...ne treba ćutati i podržavati licemerstvo i otvoreno delovanje
                    protiv interesa Srba i Srbije,ko god da je...
                </comment-text>
                <comment-text-transliterated>Otvoreno ijasno,nego šta...ne treba ćutati i podržavati licemerstvo i
                    otvoreno delovanje protiv interesa Srba i Srbije,ko god da je...
                </comment-text-transliterated>
            </comment>
            <comment comment-id="89">
                <comment-parent-id/>
                <comment-text>Nadam se da će Trampova administracija imati više sluha za naše probleme i da ćemo bolje
                    sarađivati.
                </comment-text>
                <comment-text-transliterated>Nadam se da će Trampova administracija imati više sluha za naše probleme i
                    da ćemo bolje sarađivati.
                </comment-text-transliterated>
            </comment>
            <comment comment-id="90">
                <comment-parent-id/>
                <comment-text>Naravno da je nedopustivo ponašanje Prištine. Međutim oni se tako ne bi ponašali da nisu
                    imali podršku od Amerike.
                </comment-text>
                <comment-text-transliterated>Naravno da je nedopustivo ponašanje Prištine. Međutim oni se tako ne bi
                    ponašali da nisu imali podršku od Amerike.
                </comment-text-transliterated>
            </comment>
            <comment comment-id="91">
                <comment-parent-id/>
                <comment-text>Pristinu bi neko trebao da kazni za ponasanje.</comment-text>
                <comment-text-transliterated>Pristinu bi neko trebao da kazni za ponasanje.
                </comment-text-transliterated>
            </comment>
            <comment comment-id="92">
                <comment-parent-id/>
                <comment-text>On i ovako jos malo putuje,ali dobro mu je predsednik objasnio</comment-text>
                <comment-text-transliterated>On i ovako jos malo putuje,ali dobro mu je predsednik objasnio
                </comment-text-transliterated>
            </comment>
            <comment comment-id="93">
                <comment-parent-id/>
                <comment-text>Skot mora da prenese Prištini da više ništa neće biti isto kada dođe nova američka
                    administracija na vlast.
                </comment-text>
                <comment-text-transliterated>Skot mora da prenese Prištini da više ništa neće biti isto kada dođe nova
                    američka administracija na vlast.
                </comment-text-transliterated>
            </comment>
            <comment comment-id="94">
                <comment-parent-id/>
                <comment-text>Svima je jasno da bi Albanci bili mnogo više za saradnju da ih ne huškaju ko bajagi
                    njihovi veliki prijatelji Ameri.
                </comment-text>
                <comment-text-transliterated>Svima je jasno da bi Albanci bili mnogo više za saradnju da ih ne huškaju
                    ko bajagi njihovi veliki prijatelji Ameri.
                </comment-text-transliterated>
            </comment>
            <comment comment-id="95">
                <comment-parent-id/>
                <comment-text>Jasna, iskrena i istinita poruka predsednika Srbije.</comment-text>
                <comment-text-transliterated>Jasna, iskrena i istinita poruka predsednika Srbije.
                </comment-text-transliterated>
            </comment>
            <comment comment-id="96">
                <comment-parent-id/>
                <comment-text>Siptarima se vec dugo povladjuje, ali svemu dodje kraj samo strpljivo.</comment-text>
                <comment-text-transliterated>Siptarima se vec dugo povladjuje, ali svemu dodje kraj samo strpljivo.
                </comment-text-transliterated>
            </comment>
            <comment comment-id="97">
                <comment-parent-id/>
                <comment-text>Propusti koji su nacinjeni ne bi smeli nikako da se ponove.</comment-text>
                <comment-text-transliterated>Propusti koji su nacinjeni ne bi smeli nikako da se ponove.
                </comment-text-transliterated>
            </comment>
            <comment comment-id="98">
                <comment-parent-id/>
                <comment-text>Skat moze da se pravi lud koliko god hoce, ne vredi mu to nista. Svima je jasno da je
                    Amerika najodgovornija za onakvo ponasanje Albanaca. Ne bi oni nikada imali hrabrosti da urade tako
                    nesto da nisu imali naredjenje i podrsku velikih sila sa Zapada.
                </comment-text>
                <comment-text-transliterated>Skat moze da se pravi lud koliko god hoce, ne vredi mu to nista. Svima je
                    jasno da je Amerika najodgovornija za onakvo ponasanje Albanaca. Ne bi oni nikada imali hrabrosti da
                    urade tako nesto da nisu imali naredjenje i podrsku velikih sila sa Zapada.
                </comment-text-transliterated>
            </comment>
            <comment comment-id="99">
                <comment-parent-id/>
                <comment-text>Albanci se ne bi tako ponašali, da nemaju podršku Zapada.</comment-text>
                <comment-text-transliterated>Albanci se ne bi tako ponašali, da nemaju podršku Zapada.
                </comment-text-transliterated>
            </comment>
            <comment comment-id="100">
                <comment-parent-id/>
                <comment-text>Bez sumnje odlazeca garnitura SAD su zaista zdusno podrzavali Albance, tako i u ovoj
                    situaciji za vozom.Za Albance je provokacija voz ukrasen srpskim obelezjima i na taj voz su krenuli
                    bombama i dugim cevima, bez odobrenja KFOR-a. Niko ne postavlja pitanje da li je provokacija to sto
                    po teritoriji Kosova idu sa obelezjima velike Albanije i javno promovisu tu besmislenu ideju.
                </comment-text>
                <comment-text-transliterated>Bez sumnje odlazeca garnitura SAD su zaista zdusno podrzavali Albance, tako
                    i u ovoj situaciji za vozom.Za Albance je provokacija voz ukrasen srpskim obelezjima i na taj voz su
                    krenuli bombama i dugim cevima, bez odobrenja KFOR-a. Niko ne postavlja pitanje da li je provokacija
                    to sto po teritoriji Kosova idu sa obelezjima velike Albanije i javno promovisu tu besmislenu ideju.
                </comment-text-transliterated>
            </comment>
            <comment comment-id="101">
                <comment-parent-id/>
                <comment-text>Nadam se da SAD nece vise da brane Albance.</comment-text>
                <comment-text-transliterated>Nadam se da SAD nece vise da brane Albance.</comment-text-transliterated>
            </comment>
            <comment comment-id="102">
                <comment-parent-id/>
                <comment-text>Da zapad podrzava albance, svi znamo. Medjutim ocekujemo da ih opomenu i pokusaju da
                    obuzdaju u divljackom ponasanju.
                </comment-text>
                <comment-text-transliterated>Da zapad podrzava albance, svi znamo. Medjutim ocekujemo da ih opomenu i
                    pokusaju da obuzdaju u divljackom ponasanju.
                </comment-text-transliterated>
            </comment>
            <comment comment-id="103">
                <comment-parent-id/>
                <comment-text>Ali na žalost malo vajde od toga.Niko od njih se nije oglasio ono veče kad se desilo ono
                    sa vozom niti ih za to mnogo boli briga.Još će na kraju i Srbiju optužiti za to što se desilo.
                </comment-text>
                <comment-text-transliterated>Ali na žalost malo vajde od toga.Niko od njih se nije oglasio ono veče kad
                    se desilo ono sa vozom niti ih za to mnogo boli briga.Još će na kraju i Srbiju optužiti za to što se
                    desilo.
                </comment-text-transliterated>
            </comment>
            <comment comment-id="104">
                <comment-parent-id/>
                <comment-text>Ovo ponasanje Pristine je stvarno nedopustivo.</comment-text>
                <comment-text-transliterated>Ovo ponasanje Pristine je stvarno nedopustivo.
                </comment-text-transliterated>
            </comment>
            <comment comment-id="105">
                <comment-parent-id/>
                <comment-text>Ponasanje Pristine je krajnje neodgovorno, bezobrazno i jako agresivno.</comment-text>
                <comment-text-transliterated>Ponasanje Pristine je krajnje neodgovorno, bezobrazno i jako agresivno.
                </comment-text-transliterated>
            </comment>
            <comment comment-id="106">
                <comment-parent-id/>
                <comment-text>Uskoro će to Skotu saopštiti i Tramp.</comment-text>
                <comment-text-transliterated>Uskoro će to Skotu saopštiti i Tramp.</comment-text-transliterated>
            </comment>
            <comment comment-id="107">
                <comment-parent-id/>
                <comment-text>Vreme je da Medjunarodna zajednica obuzda Prištinu, i spreči njihove bahanalije.
                </comment-text>
                <comment-text-transliterated>Vreme je da Medjunarodna zajednica obuzda Prištinu, i spreči njihove
                    bahanalije.
                </comment-text-transliterated>
            </comment>
            <comment comment-id="108">
                <comment-parent-id/>
                <comment-text>Predsednik ima svoj stav i ne treba da odustaje od njega.</comment-text>
                <comment-text-transliterated>Predsednik ima svoj stav i ne treba da odustaje od njega.
                </comment-text-transliterated>
            </comment>
            <comment comment-id="109">
                <comment-parent-id/>
                <comment-text>Hajde da se bar nadamo da ce se Albanci opametiti :)</comment-text>
                <comment-text-transliterated>Hajde da se bar nadamo da ce se Albanci opametiti :)
                </comment-text-transliterated>
            </comment>
            <comment comment-id="110">
                <comment-parent-id/>
                <comment-text>Mnogo se opustila Albanija, treba ih dovesti u red.</comment-text>
                <comment-text-transliterated>Mnogo se opustila Albanija, treba ih dovesti u red.
                </comment-text-transliterated>
            </comment>
            <comment comment-id="111">
                <comment-parent-id/>
                <comment-text>Premazan si svim bojama ali znaj da mi nismo ni daltonisti ni budale .</comment-text>
                <comment-text-transliterated>Premazan si svim bojama ali znaj da mi nismo ni daltonisti ni budale .
                </comment-text-transliterated>
            </comment>
            <comment comment-id="112">
                <comment-parent-id/>
                <comment-text>Srbija je zemlja koja zeli da odrzi mir i stabilnost.</comment-text>
                <comment-text-transliterated>Srbija je zemlja koja zeli da odrzi mir i stabilnost.
                </comment-text-transliterated>
            </comment>
            <comment comment-id="113">
                <comment-parent-id/>
                <comment-text>Jedva cekam da Tramo posalji kuci ovog SkOta.</comment-text>
                <comment-text-transliterated>Jedva cekam da Tramo posalji kuci ovog SkOta.</comment-text-transliterated>
            </comment>
            <comment comment-id="114">
                <comment-parent-id/>
                <comment-text>Nedopustivo je ponasanje Pristine i Tacija...</comment-text>
                <comment-text-transliterated>Nedopustivo je ponasanje Pristine i Tacija...</comment-text-transliterated>
            </comment>
            <comment comment-id="115">
                <comment-parent-id/>
                <comment-text>Amerika treba malo pristinu da stisne, a ne smao Srbiju.</comment-text>
                <comment-text-transliterated>Amerika treba malo pristinu da stisne, a ne smao Srbiju.
                </comment-text-transliterated>
            </comment>
            <comment comment-id="116">
                <comment-parent-id/>
                <comment-text>Uvukao bi se on njemu jos dublje, ali amer zna za dosta.</comment-text>
                <comment-text-transliterated>Uvukao bi se on njemu jos dublje, ali amer zna za dosta.
                </comment-text-transliterated>
            </comment>
            <comment comment-id="117">
                <comment-parent-id/>
                <comment-text>Smirujte novonastalu situaciju,sam da nedodjedo nedaj boze rata.</comment-text>
                <comment-text-transliterated>Smirujte novonastalu situaciju,sam da nedodjedo nedaj boze rata.
                </comment-text-transliterated>
            </comment>
            <comment comment-id="118">
                <comment-parent-id/>
                <comment-text>Covek koga mnogi prozivaju za sve i svasta, uvek pokaze, za razliku od svojih kriticara,
                    da je civek karaktera i da mu je interes Srbije na prvom mestu.
                </comment-text>
                <comment-text-transliterated>Covek koga mnogi prozivaju za sve i svasta, uvek pokaze, za razliku od
                    svojih kriticara, da je civek karaktera i da mu je interes Srbije na prvom mestu.
                </comment-text-transliterated>
            </comment>
            <comment comment-id="119">
                <comment-parent-id/>
                <comment-text>Ovo ponasanje Pristine je stvarno nedopustivo.</comment-text>
                <comment-text-transliterated>Ovo ponasanje Pristine je stvarno nedopustivo.
                </comment-text-transliterated>
            </comment>
            <comment comment-id="120">
                <comment-parent-id/>
                <comment-text>Sramota, zabranili nasem vozu da se krece do odredista. I sad iznalaze koje kakve razloge
                    zbog toga.
                </comment-text>
                <comment-text-transliterated>Sramota, zabranili nasem vozu da se krece do odredista. I sad iznalaze koje
                    kakve razloge zbog toga.
                </comment-text-transliterated>
            </comment>
            <comment comment-id="121">
                <comment-parent-id/>
                <comment-text>Amerikanci su u velikoj meri uticali da situacija bude ovakva.</comment-text>
                <comment-text-transliterated>Amerikanci su u velikoj meri uticali da situacija bude ovakva.
                </comment-text-transliterated>
            </comment>
            <comment comment-id="122">
                <comment-parent-id/>
                <comment-text>Albanci se moraju dozvati pameti.</comment-text>
                <comment-text-transliterated>Albanci se moraju dozvati pameti.</comment-text-transliterated>
            </comment>
            <comment comment-id="123">
                <comment-parent-id/>
                <comment-text>Srbija je znacajan faktor stabilnosti u regionu i zbog toga zelimo dobre odnose sa
                    susedima.
                </comment-text>
                <comment-text-transliterated>Srbija je znacajan faktor stabilnosti u regionu i zbog toga zelimo dobre
                    odnose sa susedima.
                </comment-text-transliterated>
            </comment>
            <comment comment-id="124">
                <comment-parent-id/>
                <comment-text>Zivo me zanima sta ce Amerika reci na sve ovo jer ocigkedno su oni dali vetar u kedja
                    Taciju za ovakav skandal.
                </comment-text>
                <comment-text-transliterated>Zivo me zanima sta ce Amerika reci na sve ovo jer ocigkedno su oni dali
                    vetar u kedja Taciju za ovakav skandal.
                </comment-text-transliterated>
            </comment>
            <comment comment-id="125">
                <comment-parent-id/>
                <comment-text>Nedopustivo i bezobrazno a niko iz EU ne reaguje.</comment-text>
                <comment-text-transliterated>Nedopustivo i bezobrazno a niko iz EU ne reaguje.
                </comment-text-transliterated>
            </comment>
            <comment comment-id="126">
                <comment-parent-id/>
                <comment-text>Nadam se da ce nova americka administracija biti naklonjenija nasim interesima.
                </comment-text>
                <comment-text-transliterated>Nadam se da ce nova americka administracija biti naklonjenija nasim
                    interesima.
                </comment-text-transliterated>
            </comment>
            <comment comment-id="127">
                <comment-parent-id/>
                <comment-text>Podrzavam sve sto mu je Toma rekao, ovo vise stvarno nema smisla.</comment-text>
                <comment-text-transliterated>Podrzavam sve sto mu je Toma rekao, ovo vise stvarno nema smisla.
                </comment-text-transliterated>
            </comment>
            <comment comment-id="128">
                <comment-parent-id/>
                <comment-text>Priština je preterala sa svojom bahatošću.</comment-text>
                <comment-text-transliterated>Priština je preterala sa svojom bahatošću.</comment-text-transliterated>
            </comment>
            <comment comment-id="129">
                <comment-parent-id/>
                <comment-text>Skot je pravi skot!!!</comment-text>
                <comment-text-transliterated>Skot je pravi skot!!!</comment-text-transliterated>
            </comment>
            <comment comment-id="130">
                <comment-parent-id/>
                <comment-text>EU da smiri teroriste.</comment-text>
                <comment-text-transliterated>EU da smiri teroriste.</comment-text-transliterated>
            </comment>
            <comment comment-id="131">
                <comment-parent-id/>
                <comment-text>SAD mora da promeni politiku prema Kosovu,moraju biti na nasoj strani!</comment-text>
                <comment-text-transliterated>SAD mora da promeni politiku prema Kosovu,moraju biti na nasoj strani!
                </comment-text-transliterated>
            </comment>
            <comment comment-id="132">
                <comment-parent-id/>
                <comment-text>SAD podržavaju nelegitimnu prištinsku vladu i KFOR je osto po strani kada su pripadnici
                    ROSU upali na sever Kosova.
                </comment-text>
                <comment-text-transliterated>SAD podržavaju nelegitimnu prištinsku vladu i KFOR je osto po strani kada
                    su pripadnici ROSU upali na sever Kosova.
                </comment-text-transliterated>
            </comment>
            <comment comment-id="133">
                <comment-parent-id/>
                <comment-text>Cesto se desava da se oni iz pristine lose ponasaju prema nama. Bolje bi im bilo da
                    menjaju lose navike.
                </comment-text>
                <comment-text-transliterated>Cesto se desava da se oni iz pristine lose ponasaju prema nama. Bolje bi im
                    bilo da menjaju lose navike.
                </comment-text-transliterated>
            </comment>
        </comment-list>
    </comments>
</document>