<document global-id="sr-04-1174">
    <url>http://www.alo.rs/kolinda-se-opet-ispalila/91304</url>
    <source-id>sr-04</source-id>
    <local-id>1174</local-id>
    <source-name>Alo</source-name>
    <article>
        <article-title>Kolinda se opet ispalila</article-title>
        <article-title-transliterated>Kolinda se opet ispalila</article-title-transliterated>
        <article-time>2017-01-16</article-time>
        <article-author>Beta</article-author>
        <article-text>Predsednica se zahvalila diplomatama sa kojima je sarađivala 1993, iako je tada još bila student!.
            Kolinda Grabar Kitarović govorila je na svečanom prijemu povodom 25 godina međunarodnog priznanja Hrvatske i
            tada je pozdravila sve diplomate s kojima je "u to vreme" sarađivala, a portal Index.hr navodi da je to novi
            gaf hrvatske predsednice jer je tada imala samo 23 godine.
            Hrvatski portal navodi da je ona 1992. godine imala 23 godine i bila studentkinja engleskog i španskog
            jezika na Filozofskom fakultetu.
            "Pozdravljam svakog hrvatskog diplomata i diplomatkinju s kojima sam imala čast raditi u to vreme, koji su
            se toliko zdušno borili za našu samostalnost i nezavisnost. Nisu to bila laka vremena", rekla je sinoć
            hrvatska predsednica.
            Ali, prema njenoj biografiji, diplomirala je 1993. godine, kad je počela da radi u Ministarstvu spoljnih
            poslova.
            Kolinda Grabar Kitarović je pred predsedničke izbore u SAD izjavila: "Amerikanci će odlučiti ko će biti naš
            sledeći predsednik", i potom se ispravila rekavši "ovaj, njihov sledeći predsednik".
        </article-text>
        <article-text-transliterated>Predsednica se zahvalila diplomatama sa kojima je sarađivala 1993, iako je tada još
            bila student!.
            Kolinda Grabar Kitarović govorila je na svečanom prijemu povodom 25 godina međunarodnog priznanja Hrvatske i
            tada je pozdravila sve diplomate s kojima je "u to vreme" sarađivala, a portal Index.hr navodi da je to novi
            gaf hrvatske predsednice jer je tada imala samo 23 godine.
            Hrvatski portal navodi da je ona 1992. godine imala 23 godine i bila studentkinja engleskog i španskog
            jezika na Filozofskom fakultetu.
            "Pozdravljam svakog hrvatskog diplomata i diplomatkinju s kojima sam imala čast raditi u to vreme, koji su
            se toliko zdušno borili za našu samostalnost i nezavisnost. Nisu to bila laka vremena", rekla je sinoć
            hrvatska predsednica.
            Ali, prema njenoj biografiji, diplomirala je 1993. godine, kad je počela da radi u Ministarstvu spoljnih
            poslova.
            Kolinda Grabar Kitarović je pred predsedničke izbore u SAD izjavila: "Amerikanci će odlučiti ko će biti naš
            sledeći predsednik", i potom se ispravila rekavši "ovaj, njihov sledeći predsednik".
        </article-text-transliterated>
    </article>
    <comments>
        <comments-count>5</comments-count>
        <comment-list>
            <comment comment-id="0">
                <comment-parent-id/>
                <comment-text>prestanimo komentarisati ovakve izjave. Nije gospodja nas problem! Ne vidim razlog zasto
                    joj pridajete znacaj???
                </comment-text>
                <comment-text-transliterated>prestanimo komentarisati ovakve izjave. Nije gospodja nas problem! Ne vidim
                    razlog zasto joj pridajete znacaj???
                </comment-text-transliterated>
            </comment>
            <comment comment-id="2">
                <comment-parent-id/>
                <comment-text>Samo vi vodite brigu o Hrvatskoj presednici.Ali je Hrvatska 10 godina ispred nas mozda i
                    vise.Dok mi tapkamo u mestu Hrvati putuju po svetu i Evropi bez viza.A mi ni na Kosovo
                    nemozemo/nesmemo.Toliko o pametovanju.De mi recite neku dobru rec koju je vojvoda toma nama
                    rekao.Ili Vucko koji nije znao kako izgleda voz za K.Mitrovicu kad je dobio samarcinu od
                    siptara..haha haha
                </comment-text>
                <comment-text-transliterated>Samo vi vodite brigu o Hrvatskoj presednici.Ali je Hrvatska 10 godina
                    ispred nas mozda i vise.Dok mi tapkamo u mestu Hrvati putuju po svetu i Evropi bez viza.A mi ni na
                    Kosovo nemozemo/nesmemo.Toliko o pametovanju.De mi recite neku dobru rec koju je vojvoda toma nama
                    rekao.Ili Vucko koji nije znao kako izgleda voz za K.Mitrovicu kad je dobio samarcinu od
                    siptara..haha haha
                </comment-text-transliterated>
            </comment>
            <comment comment-id="3">
                <comment-parent-id/>
                <comment-text>Retard postavljen da služi po naređenju. Srećom, mi nemamo takvih....hahahahhaha
                </comment-text>
                <comment-text-transliterated>Retard postavljen da služi po naređenju. Srećom, mi nemamo
                    takvih....hahahahhaha
                </comment-text-transliterated>
            </comment>
            <comment comment-id="3-1">
                <comment-parent-id>3</comment-parent-id>
                <comment-text>Obična laž jugonostalgičnog portala indexa u hrvatskoj jer ured predsednice je rekao gde
                    je tada bila pa eto baš da vidimo oće li to objaviti srpski mediji
                </comment-text>
                <comment-text-transliterated>Obična laž jugonostalgičnog portala indexa u hrvatskoj jer ured predsednice
                    je rekao gde je tada bila pa eto baš da vidimo oće li to objaviti srpski mediji
                </comment-text-transliterated>
            </comment>
            <comment comment-id="4">
                <comment-parent-id/>
                <comment-text>Sta ce jadna Kolin--drica, vec da se peca na SESELJEV durdubak, a pogotovo sto se izgleda
                    u svakodnevnom obzderavanju Srpskih cokoladica toliko prejede iliti prepapa, onda joj taj nas srpski
                    secer toliko udari u glavu, da svaki dan sve vise lupeta. No, ja ipak mislim, da je ona sa mnogima
                    saradjivala jos od pelena.
                </comment-text>
                <comment-text-transliterated>Sta ce jadna Kolin--drica, vec da se peca na SESELJEV durdubak, a pogotovo
                    sto se izgleda u svakodnevnom obzderavanju Srpskih cokoladica toliko prejede iliti prepapa, onda joj
                    taj nas srpski secer toliko udari u glavu, da svaki dan sve vise lupeta. No, ja ipak mislim, da je
                    ona sa mnogima saradjivala jos od pelena.
                </comment-text-transliterated>
            </comment>
        </comment-list>
    </comments>
</document>