<document global-id="sr-04-1590">
    <url>
        http://www.alo.rs/vesti/region/ovako-bi-makedonija-mogla-da-se-zove-a-da-li-ce-se-tako-i-pisati/149961/vest#comments
    </url>
    <source-id>sr-04</source-id>
    <local-id>1590</local-id>
    <source-name>Alo</source-name>
    <article>
        <article-title>NEOBIČAN PREDLOG ATINE</article-title>
        <article-title-transliterated>NEOBIČAN PREDLOG ATINE</article-title-transliterated>
        <article-time>2018-03-04</article-time>
        <article-author>Alo.rs</article-author>
        <article-text>Spor oko imena Makedonije mogao bi da dobije epilog ukoliko se prihvati predlog grčke Vlade.
            Grčka Vlada predložila je u nacrtu sporazuma da novo ime za Makedoniju bude "Gornjamakedonija".
            Grčki dnevnik "Nea selida" piše da Atina predlaže složeno ime u formi jedne reči koje se neće prevoditi na
            drugim jezicima, kao i da je protiv naziva "Gornja Makedonija".
            Grčka ne prihvata i skraćenicu "MK", ali je saglasna da ona bude "GO" ili "GM", prenose skopski mediji.
            Prethodnih nedelja, mediji su pisali da je pet imena u igri kada je reč o novom imenu Makedonije. Reč je o
            imenima: Republika Nova Makedonija, Reublika Severna Makedonija, Republika Gonja Makedonija, Vardarska
            Republika Makedonija, Republika Makedonija (Skoplje).
            "Nea selidi" prenosi da se nakon uklanjanja spomenika Aleksandru Velikom sa skopskog aerodroma otvara put za
            ponovno avio-povezivanje dve zemlje.
            Prvi let će nakon 12 godina najvjerovatnije biti diplomatski i njime će u Skoplje doputovati grčki šef
            diplomatije Nikos Kozijas, najvjerovatnije sredinom marta, piše list.
        </article-text>
        <article-text-transliterated>Spor oko imena Makedonije mogao bi da dobije epilog ukoliko se prihvati predlog
            grčke Vlade.
            Grčka Vlada predložila je u nacrtu sporazuma da novo ime za Makedoniju bude "Gornjamakedonija".
            Grčki dnevnik "Nea selida" piše da Atina predlaže složeno ime u formi jedne reči koje se neće prevoditi na
            drugim jezicima, kao i da je protiv naziva "Gornja Makedonija".
            Grčka ne prihvata i skraćenicu "MK", ali je saglasna da ona bude "GO" ili "GM", prenose skopski mediji.
            Prethodnih nedelja, mediji su pisali da je pet imena u igri kada je reč o novom imenu Makedonije. Reč je o
            imenima: Republika Nova Makedonija, Reublika Severna Makedonija, Republika Gonja Makedonija, Vardarska
            Republika Makedonija, Republika Makedonija (Skoplje).
            "Nea selidi" prenosi da se nakon uklanjanja spomenika Aleksandru Velikom sa skopskog aerodroma otvara put za
            ponovno avio-povezivanje dve zemlje.
            Prvi let će nakon 12 godina najvjerovatnije biti diplomatski i njime će u Skoplje doputovati grčki šef
            diplomatije Nikos Kozijas, najvjerovatnije sredinom marta, piše list.
        </article-text-transliterated>
    </article>
    <comments>
        <comments-count>0</comments-count>
        <comment-list/>
    </comments>
</document>