<document global-id="sr-04-1594">
    <url>
        http://www.alo.rs/alo-saveta/zdravlje/kad-opecete-jezik-uradite-ovo-i-bol-ce-nestati-za-sekund/161752/vest#comments
    </url>
    <source-id>sr-04</source-id>
    <local-id>1594</local-id>
    <source-name>Alo</source-name>
    <article>
        <article-title>NEPROCENJIVI TRIKOVI</article-title>
        <article-title-transliterated>NEPROCENJIVI TRIKOVI</article-title-transliterated>
        <article-time>2018-04-29</article-time>
        <article-author>alo.rs/Net.hr</article-author>
        <article-text>Korisne cake.
            Hrana prvenstveno služi za kuvanje, ali neki od sastojaka koje svakodnevno koristimo mogu da nam pomognu u
            mnogim drugim situacijama!
            Soda bikarbona
            Sodu bikarbonu možemo da koristimo za bezbroj stvari - da ugasimo manju vatru, očistimo mrlje s kuhinjskih
            ormarića ili zidova, pobedimo perut i, ako je pomešamo s jagodama, čak i da izbelimo zube!
            Kokosovo ulje
            Najhranljivija maska za kosu koja će nam podariti svilenkasto mekane pramenove. Takođe, u kombinaciji sa
            smeđim šećerom čini sjajan piling za telo.
            Limun
            Upotreba limuna van kuhinje može da vam uštedi mnogo novca. Za početak, možete prirodno da posvetliti kosu
            tako što ćete je pre izlaganja suncu namazati limunovim sokom. Takođe, limun može da zameni i neka skupa
            sredstva za čišćenje.
            Slomljeno srce se leči za 90 sekundi!
            Pirinač
            Mnogi kažu da pirinač može da upije vodu iz elektronskih uređaja. Na primer, ako vam je telefon upao u vodu,
            ostavite ga u kesi sirovog pirinča koji bi kroz 5 sati trebalo da upije većinu vode iz vašeg uređaja.
            Biber
            Znate li da biber može da pomogne u zaustavljanju krvarenja? Sledeći put kad se posečete, možete da stave
            malo mlevenog crnog bibera na ranu - on bi trebalo da pomogne pri zaustavljanju krvarenja. Kasnije obavezno
            isperite ranu mlazom hladne vode.
            Krastavci
            Krastavci se često koriste u tretmanima lepote - pomažu da se rashladi krv i smanje otoci. Stoga kada se
            sedeći put upustite u borbu s podočnjacima stavite kriške krastavaca na kapke i jednostavno malo odspavajte.
            Šećer
            Popili ste vrlo vruć napitak i opekli jezik? Bez brige, pospite malo šećera na područje koje ste opekli i
            bol bi trebalo gotovo trenutno da nestane.
            So
            Može brzo da ublaži bol u grlu, samo je pomešajte s toplom vodom i malo isperite grlo.
        </article-text>
        <article-text-transliterated>Korisne cake.
            Hrana prvenstveno služi za kuvanje, ali neki od sastojaka koje svakodnevno koristimo mogu da nam pomognu u
            mnogim drugim situacijama!
            Soda bikarbona
            Sodu bikarbonu možemo da koristimo za bezbroj stvari - da ugasimo manju vatru, očistimo mrlje s kuhinjskih
            ormarića ili zidova, pobedimo perut i, ako je pomešamo s jagodama, čak i da izbelimo zube!
            Kokosovo ulje
            Najhranljivija maska za kosu koja će nam podariti svilenkasto mekane pramenove. Takođe, u kombinaciji sa
            smeđim šećerom čini sjajan piling za telo.
            Limun
            Upotreba limuna van kuhinje može da vam uštedi mnogo novca. Za početak, možete prirodno da posvetliti kosu
            tako što ćete je pre izlaganja suncu namazati limunovim sokom. Takođe, limun može da zameni i neka skupa
            sredstva za čišćenje.
            Slomljeno srce se leči za 90 sekundi!
            Pirinač
            Mnogi kažu da pirinač može da upije vodu iz elektronskih uređaja. Na primer, ako vam je telefon upao u vodu,
            ostavite ga u kesi sirovog pirinča koji bi kroz 5 sati trebalo da upije većinu vode iz vašeg uređaja.
            Biber
            Znate li da biber može da pomogne u zaustavljanju krvarenja? Sledeći put kad se posečete, možete da stave
            malo mlevenog crnog bibera na ranu - on bi trebalo da pomogne pri zaustavljanju krvarenja. Kasnije obavezno
            isperite ranu mlazom hladne vode.
            Krastavci
            Krastavci se često koriste u tretmanima lepote - pomažu da se rashladi krv i smanje otoci. Stoga kada se
            sedeći put upustite u borbu s podočnjacima stavite kriške krastavaca na kapke i jednostavno malo odspavajte.
            Šećer
            Popili ste vrlo vruć napitak i opekli jezik? Bez brige, pospite malo šećera na područje koje ste opekli i
            bol bi trebalo gotovo trenutno da nestane.
            So
            Može brzo da ublaži bol u grlu, samo je pomešajte s toplom vodom i malo isperite grlo.
        </article-text-transliterated>
    </article>
    <comments>
        <comments-count>0</comments-count>
        <comment-list/>
    </comments>
</document>