<document global-id="sr-04-1158">
    <url>http://www.alo.rs/palestinci-odgovorni-za-napad-u-jerusalimu/90353</url>
    <source-id>sr-04</source-id>
    <local-id>1158</local-id>
    <source-name>Alo</source-name>
    <article>
        <article-title>Palestinci odgovorni za napad u Jerusalimu</article-title>
        <article-title-transliterated>Palestinci odgovorni za napad u Jerusalimu</article-title-transliterated>
        <article-time>2017-01-10</article-time>
        <article-author>Tanjug</article-author>
        <article-text>Nepoznata palestinska grupa "Mučenik Baha Elejan" preuzela je odgovornost za napad kamionom u
            Jerusalimu, u kojem su poginula četiri izraelska vojnika, a 17 je ranjeno.
            U saopštenju, objavljenom na internetu na arapskom jeziku, navodi se da tu organizaciju čine Palestinci koji
            nemaju "veze izvan Palestine" i prete novim napadima.
            "Ovo nije prva operacija naše grupe i ona će biti praćena talasom karakterističnih operacija u odbranu našeg
            Jerusalima i u znak osvete naših mučenika i zatvorenika", navodi se u saopštenju.
            Rojters ističe da se za grupu nije ranije čulo, kao i da ta agencija nije bila u mogućnosti da potvrdi
            autentičnost saopštenja, u kojem se preuzima odgovornost za napad u Jersalimu.
            Premijer Izraela Benjamin Netanjahu izjavio je ranije da je Palestinac, koji je kamionom uleteo u grupu
            izraelskih vojnika u Jerusalimu, verovatno bio pristalica Islamske države.
            U napadu u Jerusalimu, koji se desio juče kada je vozač kamiona uleteo u pešake, poginule su četiri osobe.
        </article-text>
        <article-text-transliterated>Nepoznata palestinska grupa "Mučenik Baha Elejan" preuzela je odgovornost za napad
            kamionom u Jerusalimu, u kojem su poginula četiri izraelska vojnika, a 17 je ranjeno.
            U saopštenju, objavljenom na internetu na arapskom jeziku, navodi se da tu organizaciju čine Palestinci koji
            nemaju "veze izvan Palestine" i prete novim napadima.
            "Ovo nije prva operacija naše grupe i ona će biti praćena talasom karakterističnih operacija u odbranu našeg
            Jerusalima i u znak osvete naših mučenika i zatvorenika", navodi se u saopštenju.
            Rojters ističe da se za grupu nije ranije čulo, kao i da ta agencija nije bila u mogućnosti da potvrdi
            autentičnost saopštenja, u kojem se preuzima odgovornost za napad u Jersalimu.
            Premijer Izraela Benjamin Netanjahu izjavio je ranije da je Palestinac, koji je kamionom uleteo u grupu
            izraelskih vojnika u Jerusalimu, verovatno bio pristalica Islamske države.
            U napadu u Jerusalimu, koji se desio juče kada je vozač kamiona uleteo u pešake, poginule su četiri osobe.
        </article-text-transliterated>
    </article>
    <comments>
        <comments-count>0</comments-count>
        <comment-list/>
    </comments>
</document>