<document global-id="sr-04-1190">
    <url>http://www.alo.rs/starica-iz-bosne-lizuci-jezikom-leci-ljude-video/92322</url>
    <source-id>sr-04</source-id>
    <local-id>1190</local-id>
    <source-name>Alo</source-name>
    <article>
        <article-title>Starica iz Bosne ližući oči leči ljude! (VIDEO)</article-title>
        <article-title-transliterated>Starica iz Bosne ližući oči leči ljude! (VIDEO)</article-title-transliterated>
        <article-time>2017-01-23</article-time>
        <article-author>Alo.rs</article-author>
        <article-text>U selu Crnjevo, 40-ak kilometara od Zavidovića u Bosni i Hercegovini, bolesni ljudi dolaze kod
            jedne starice koja ima verovatno jedinstvenu metodu lečenja u svetu.
            Hava Čelebić, ili kako je zovu "nana Hava", već decenijama pomaže bolesnicima koje put nanese na njen prag,
            i to - ližući im oči, piše RT.
            Ovu neobičnu metodu je, kaže, naučila davno:
            - Ja sam ovo naučila od jedne žene koja se isto zove Hava. Nito me nažalost neće naslediti, mojoj deci se
            gadi da stave jezik na nečije oko.
            Osamdesetogodišnja starica jezikom iz očiju vadi komadiće olova, gvožđa, uglja, piljevine, stakla i slično.
            Tretman traje kratko i košta oko 10 evra, ali oni koji su nezaposleni ili nemaju, ne moraju ni da plate.
            Hava dobro ispere usta alkoholom, a potom jezikom liže oko, odnosno traži strano telo. Izlečila je navodno
            više od 5.000 ljudi, a dolazili su iz raznih zemalja, od Amerike do Rusije.
            - Puno je bilo onih kojima moderna medicina nije mogla da pomogne. Dođu iz bolnice kod mene s natečenim
            okom, ja im očistim i izvadim trun - kaže Hava.
        </article-text>
        <article-text-transliterated>U selu Crnjevo, 40-ak kilometara od Zavidovića u Bosni i Hercegovini, bolesni ljudi
            dolaze kod jedne starice koja ima verovatno jedinstvenu metodu lečenja u svetu.
            Hava Čelebić, ili kako je zovu "nana Hava", već decenijama pomaže bolesnicima koje put nanese na njen prag,
            i to - ližući im oči, piše RT.
            Ovu neobičnu metodu je, kaže, naučila davno:
            - Ja sam ovo naučila od jedne žene koja se isto zove Hava. Nito me nažalost neće naslediti, mojoj deci se
            gadi da stave jezik na nečije oko.
            Osamdesetogodišnja starica jezikom iz očiju vadi komadiće olova, gvožđa, uglja, piljevine, stakla i slično.
            Tretman traje kratko i košta oko 10 evra, ali oni koji su nezaposleni ili nemaju, ne moraju ni da plate.
            Hava dobro ispere usta alkoholom, a potom jezikom liže oko, odnosno traži strano telo. Izlečila je navodno
            više od 5.000 ljudi, a dolazili su iz raznih zemalja, od Amerike do Rusije.
            - Puno je bilo onih kojima moderna medicina nije mogla da pomogne. Dođu iz bolnice kod mene s natečenim
            okom, ja im očistim i izvadim trun - kaže Hava.
        </article-text-transliterated>
    </article>
    <comments>
        <comments-count>10</comments-count>
        <comment-list>
            <comment comment-id="0">
                <comment-parent-id/>
                <comment-text>Bolesno je to sto judi veruju u ovakve gadosti i gluposti. Konjuktivitis je zagarantovan
                    nakon tretnama lizanja oka. Pitam se ko je bolesniji baba Hava ili ljudi koji dodju kod nje ili oni
                    koji ce mi dodeliti minuse? BOLESNO.
                </comment-text>
                <comment-text-transliterated>Bolesno je to sto judi veruju u ovakve gadosti i gluposti. Konjuktivitis je
                    zagarantovan nakon tretnama lizanja oka. Pitam se ko je bolesniji baba Hava ili ljudi koji dodju kod
                    nje ili oni koji ce mi dodeliti minuse? BOLESNO.
                </comment-text-transliterated>
            </comment>
            <comment comment-id="0-1">
                <comment-parent-id>0</comment-parent-id>
                <comment-text>Molim te, ne lamataj kad si glup kao noc. Konjuktivitis...interesantno. Njemu treba
                    nekoliko dana maksimum da bi se videli simptomi, sto u prevodu znaci da ljudi kao na primer taj u
                    video snimku ne bi se nikad vratili a ne jos dosli po ko zna koji put. Takodje domaca rakija cisti
                    sve ukljucujuci njen jezik od bilo kakve bakterija koje bi se nasle u njenim ustama. Ona onda cisti
                    tim jezikom oci od prasine koja upravo moze da stvori konjuktivitis a ne obratno.
                </comment-text>
                <comment-text-transliterated>Molim te, ne lamataj kad si glup kao noc. Konjuktivitis...interesantno.
                    Njemu treba nekoliko dana maksimum da bi se videli simptomi, sto u prevodu znaci da ljudi kao na
                    primer taj u video snimku ne bi se nikad vratili a ne jos dosli po ko zna koji put. Takodje domaca
                    rakija cisti sve ukljucujuci njen jezik od bilo kakve bakterija koje bi se nasle u njenim ustama.
                    Ona onda cisti tim jezikom oci od prasine koja upravo moze da stvori konjuktivitis a ne obratno.
                </comment-text-transliterated>
            </comment>
            <comment comment-id="2">
                <comment-parent-id/>
                <comment-text>ovo je propast za farmaceutsku industriju</comment-text>
                <comment-text-transliterated>ovo je propast za farmaceutsku industriju</comment-text-transliterated>
            </comment>
            <comment comment-id="3">
                <comment-parent-id/>
                <comment-text>Alternativna medicina moze da pomogne svakoj bolesti sem kanceru,svaka cast babi,steta sto
                    bi svi pre pod noz nego da probaju ovako nesto. Posle nasih doktora nema nazad,a ovakve metode
                    ostavljaju mogucnosti za nesto drugo. Pozivela 100godina!
                </comment-text>
                <comment-text-transliterated>Alternativna medicina moze da pomogne svakoj bolesti sem kanceru,svaka cast
                    babi,steta sto bi svi pre pod noz nego da probaju ovako nesto. Posle nasih doktora nema nazad,a
                    ovakve metode ostavljaju mogucnosti za nesto drugo. Pozivela 100godina!
                </comment-text-transliterated>
            </comment>
            <comment comment-id="4">
                <comment-parent-id/>
                <comment-text>Napredovala medicina nema sta</comment-text>
                <comment-text-transliterated>Napredovala medicina nema sta</comment-text-transliterated>
            </comment>
            <comment comment-id="5">
                <comment-parent-id/>
                <comment-text>A jel leči šuljeve?</comment-text>
                <comment-text-transliterated>A jel leči šuljeve?</comment-text-transliterated>
            </comment>
            <comment comment-id="5-1">
                <comment-parent-id>5</comment-parent-id>
                <comment-text>ovo jeste bljak prica ali tvoj komentar je ispod ljudskog dostojanstva.Jadno.
                </comment-text>
                <comment-text-transliterated>ovo jeste bljak prica ali tvoj komentar je ispod ljudskog
                    dostojanstva.Jadno.
                </comment-text-transliterated>
            </comment>
            <comment comment-id="6">
                <comment-parent-id/>
                <comment-text>E sad ne znam,ali sam ja od moje babe naucila da soostvena pljuvacka najbolje leci
                    opekotine!I to mi je preslo u naviku,da kad god se opecem liznem opekotinu i to uradim par puta kad
                    god pocne da pece!Cak i vece opekotine se smire za pola sata,a plik nikada ne izadje.
                </comment-text>
                <comment-text-transliterated>E sad ne znam,ali sam ja od moje babe naucila da soostvena pljuvacka
                    najbolje leci opekotine!I to mi je preslo u naviku,da kad god se opecem liznem opekotinu i to uradim
                    par puta kad god pocne da pece!Cak i vece opekotine se smire za pola sata,a plik nikada ne izadje.
                </comment-text-transliterated>
            </comment>
            <comment comment-id="6-1">
                <comment-parent-id>6</comment-parent-id>
                <comment-text>Da, ali to je tvoja pljuca, a ne tudja!</comment-text>
                <comment-text-transliterated>Da, ali to je tvoja pljuca, a ne tudja!</comment-text-transliterated>
            </comment>
            <comment comment-id="7">
                <comment-parent-id/>
                <comment-text>Pa da li treba da povratim tri jajeta sto sam malopre pojela?</comment-text>
                <comment-text-transliterated>Pa da li treba da povratim tri jajeta sto sam malopre pojela?
                </comment-text-transliterated>
            </comment>
        </comment-list>
    </comments>
</document>