<document global-id="sr-04-170">
    <url>http://www.alo.rs/u-presevu-trenutno-670-izbeglica/106828</url>
    <source-id>sr-04</source-id>
    <local-id>170</local-id>
    <source-name>Alo</source-name>
    <article>
        <article-title>U Preševu trenutno 670 izbeglica</article-title>
        <article-title-transliterated>U Preševu trenutno 670 izbeglica</article-title-transliterated>
        <article-time>2017-05-11</article-time>
        <article-author>Beta</article-author>
        <article-text>U pretprihvatnom centru za izbeglice u Preševu trenutno se nalazi 670 izbeglica, od kojih su
            polovina Avganistanci, a slede državljani Pakistana i Sirije, izjavio je danas predstavnik Komesarijata za
            izbeglice i migracije Goran Ćirić.
            On je agenciji Beta kazao da broj izbeglica smeštenih u Preševu stalno varira pošto je reč o centru
            otvorenog tipa, što znači da je izbeglicama dozvoljeno da slobodno izlaze uz propusnice.
            "Izbeglicama su obezbeđeni osnovni uslovi za život, a organizacije koje rade u centru omogućile su im brojne
            aktivnosti, počev od škole neformalnog obrazovanja u kojima imaju časove jezika i drugih predmeta, preko
            sportskih aktivnosti poput ženskog i muškog fudbala, joge, časova zumbe, gitare", kazao je Ćirić.
            On je dodao da centar za izbeglice u Preševu jedini u Srbiji ima pokretnu stomatološku ordinaciju i
            frizerski salon.
            Prema njegovim rečima, sa toplijim danima dešava se da izbeglice trajno napuste centar u nadi da će preći
            granicu, ali i da se posle neuspelih pokušaja, najčešće vrate u Preševo.
        </article-text>
        <article-text-transliterated>U pretprihvatnom centru za izbeglice u Preševu trenutno se nalazi 670 izbeglica, od
            kojih su polovina Avganistanci, a slede državljani Pakistana i Sirije, izjavio je danas predstavnik
            Komesarijata za izbeglice i migracije Goran Ćirić.
            On je agenciji Beta kazao da broj izbeglica smeštenih u Preševu stalno varira pošto je reč o centru
            otvorenog tipa, što znači da je izbeglicama dozvoljeno da slobodno izlaze uz propusnice.
            "Izbeglicama su obezbeđeni osnovni uslovi za život, a organizacije koje rade u centru omogućile su im brojne
            aktivnosti, počev od škole neformalnog obrazovanja u kojima imaju časove jezika i drugih predmeta, preko
            sportskih aktivnosti poput ženskog i muškog fudbala, joge, časova zumbe, gitare", kazao je Ćirić.
            On je dodao da centar za izbeglice u Preševu jedini u Srbiji ima pokretnu stomatološku ordinaciju i
            frizerski salon.
            Prema njegovim rečima, sa toplijim danima dešava se da izbeglice trajno napuste centar u nadi da će preći
            granicu, ali i da se posle neuspelih pokušaja, najčešće vrate u Preševo.
        </article-text-transliterated>
    </article>
    <comments>
        <comments-count>1</comments-count>
        <comment-list>
            <comment comment-id="0">
                <comment-parent-id/>
                <comment-text>i šta ce oni u Srbiji?</comment-text>
                <comment-text-transliterated>i šta ce oni u Srbiji?</comment-text-transliterated>
            </comment>
        </comment-list>
    </comments>
</document>