<document global-id="sr-04-1547">
    <url>http://www.alo.rs/vesti/aktuelno/auto-centar-zoki-novi-vlasnik-pancevca/5320/vest#comments</url>
    <source-id>sr-04</source-id>
    <local-id>1547</local-id>
    <source-name>Alo</source-name>
    <article>
        <article-title>MEHANIČAR KUPIO NOVINE</article-title>
        <article-title-transliterated>MEHANIČAR KUPIO NOVINE</article-title-transliterated>
        <article-time>2015-08-27</article-time>
        <article-author>N.J.</article-author>
        <article-text>List Pančevac kupilo je preduzeće Auto-centar Zoki za 238.000 evra. Do 233.000 evra na licitaciji
            u Agenciji za privatizaciju u Beogradu, išao je konozorcijum fizičkih lica koji čini Melita Popović i Nikola
            i Lazar Dangubić, piše portal novaekonomija.
            Licitiranje za Pančevac je krenulo od 63.000 evra, koliko je bila najveća ponuda, koju je dao konzorcijum
            Melite Popović i Lazara i Nikole Dangubića, da bi se zaustavilo na 238.000 evra koliko je na kraju ponudilo
            preduzeće iz Pančeva Auto-centar "Zoki", čiji je vlasnik Zoran Peševski.
            Na aukciji su učestvovali kao fizička lica i Nenad Živković, koji je licitirao do 188.000 evra i Boro
            Duraković, inače vlanik firme Yunirisk, koji se zaustavio na sumi od oko 70.000 evra.
            Na prvoj prodaji Pančevac je pre sedam i po godina, u februaru 2008, bio prodat za daleko veću sumu od dva
            miliona i 300 hiljada evra. Ispred konzorcijuma koji je napravio deo zapsolenih i Dušana Stupara, tada je
            pobedila ponuda Cvijete Marković, supruge Dobrosava Markovića, koji je posedovao više poljoprivrednih
            preduzeća.
            Međutim, ova prodaja je poništena posle dve godine, pošto su Markovići uplatili samo prvu ratu - to jest
            šestinu izlicitirane sume.
            Po novom Zakonu o privatizaciji, od prošle godine, izlicitirana vrednost se mora uplatiti odmah. Agencija za
            privatizaciju ima rok do 15 dana da proveri dokumentaciju kupca, a kupac nakon toga i tri dana da uplati sav
            novac.
            Za otpremninu se odlučilo četiri od 18 zaposlenih.
            U prvoj izjavi za svoj „Pančevac” on je istakao i da će se prostorije redakcije premestiti.
            – Znam da je četvoro zaposlenih tražilo da ode iz firme uz otpremninu i da je ostalo još četrnaestoro ljudi.
            Sešćemo zajedno, razgovaraćemo i dogovorićemo se o važnim stvarima u vezi s budućnošću „Pančevca”. Planiram
            da uvedem stranice na jezicima nacionalnih manjina – zaključio je Peševski.
        </article-text>
        <article-text-transliterated>List Pančevac kupilo je preduzeće Auto-centar Zoki za 238.000 evra. Do 233.000 evra
            na licitaciji u Agenciji za privatizaciju u Beogradu, išao je konozorcijum fizičkih lica koji čini Melita
            Popović i Nikola i Lazar Dangubić, piše portal novaekonomija.
            Licitiranje za Pančevac je krenulo od 63.000 evra, koliko je bila najveća ponuda, koju je dao konzorcijum
            Melite Popović i Lazara i Nikole Dangubića, da bi se zaustavilo na 238.000 evra koliko je na kraju ponudilo
            preduzeće iz Pančeva Auto-centar "Zoki", čiji je vlasnik Zoran Peševski.
            Na aukciji su učestvovali kao fizička lica i Nenad Živković, koji je licitirao do 188.000 evra i Boro
            Duraković, inače vlanik firme Yunirisk, koji se zaustavio na sumi od oko 70.000 evra.
            Na prvoj prodaji Pančevac je pre sedam i po godina, u februaru 2008, bio prodat za daleko veću sumu od dva
            miliona i 300 hiljada evra. Ispred konzorcijuma koji je napravio deo zapsolenih i Dušana Stupara, tada je
            pobedila ponuda Cvijete Marković, supruge Dobrosava Markovića, koji je posedovao više poljoprivrednih
            preduzeća.
            Međutim, ova prodaja je poništena posle dve godine, pošto su Markovići uplatili samo prvu ratu - to jest
            šestinu izlicitirane sume.
            Po novom Zakonu o privatizaciji, od prošle godine, izlicitirana vrednost se mora uplatiti odmah. Agencija za
            privatizaciju ima rok do 15 dana da proveri dokumentaciju kupca, a kupac nakon toga i tri dana da uplati sav
            novac.
            Za otpremninu se odlučilo četiri od 18 zaposlenih.
            U prvoj izjavi za svoj „Pančevac” on je istakao i da će se prostorije redakcije premestiti.
            – Znam da je četvoro zaposlenih tražilo da ode iz firme uz otpremninu i da je ostalo još četrnaestoro ljudi.
            Sešćemo zajedno, razgovaraćemo i dogovorićemo se o važnim stvarima u vezi s budućnošću „Pančevca”. Planiram
            da uvedem stranice na jezicima nacionalnih manjina – zaključio je Peševski.
        </article-text-transliterated>
    </article>
    <comments>
        <comments-count>0</comments-count>
        <comment-list/>
    </comments>
</document>