<document global-id="sr-04-1663">
    <url>http://www.alo.rs/vesti/region/muiznieks-ukidanje-cirilice-u-vukovaru-korak-unazad/4348/vest#comments</url>
    <source-id>sr-04</source-id>
    <local-id>1663</local-id>
    <source-name>Alo</source-name>
    <article>
        <article-title>OSUDA KOMESARA ZA LJUDSKA PRAVA</article-title>
        <article-title-transliterated>OSUDA KOMESARA ZA LJUDSKA PRAVA</article-title-transliterated>
        <article-time>2015-08-20</article-time>
        <article-author>Beta</article-author>
        <article-text>Komesar za ljudska prava Saveta Evrope Nils Muižinieks osudio je zabranu upotrebe ćirilice na
            gradskim ustanovama, trgovima i ulicama u Vukovaru i pozvao hrvatske vlasti da preispitaju ovu odluku.
            - Ukidanje ćirilice, pisma koje koristi srpska nacionalna manjina u ovom gradu, je korak unazad i protivno
            je Okvirnoj konvenciji za zaštitu nacionalnih manjina Saveta Evrope, kao i Evropske povelje o regionalnim
            ili manjinskim jezicima SE, čiji je potpisnik i Hrvatska - navodi se u saopštenju.
            Komesar za ljudska prava SE zahteva od hrvatskih vlasti da preispitaju spornu odluku Gradskog veća Vukovara
            i da preduzmu sve neophodne mere kako bi osigurale poštovanje prava nacionalnih manjina u ovoj zemlji. On je
            pozvao hrvatske vlasti da učine više kako bi osigurale jedinstvo u društvu, kao i stabilnost zemlje i
            regiona.
            Odlukom Gradskog veća Vukovara od 17. avgusta o promeni Statuta grada ukinute su dvojezične table na javnim
            stanovama u tom gradu i uvedena je obaveza da svako obraćanje javnim institucijama na ćirilici podleže molbi
            i plaćanju posebne takse.
        </article-text>
        <article-text-transliterated>Komesar za ljudska prava Saveta Evrope Nils Muižinieks osudio je zabranu upotrebe
            ćirilice na gradskim ustanovama, trgovima i ulicama u Vukovaru i pozvao hrvatske vlasti da preispitaju ovu
            odluku.
            - Ukidanje ćirilice, pisma koje koristi srpska nacionalna manjina u ovom gradu, je korak unazad i protivno
            je Okvirnoj konvenciji za zaštitu nacionalnih manjina Saveta Evrope, kao i Evropske povelje o regionalnim
            ili manjinskim jezicima SE, čiji je potpisnik i Hrvatska - navodi se u saopštenju.
            Komesar za ljudska prava SE zahteva od hrvatskih vlasti da preispitaju spornu odluku Gradskog veća Vukovara
            i da preduzmu sve neophodne mere kako bi osigurale poštovanje prava nacionalnih manjina u ovoj zemlji. On je
            pozvao hrvatske vlasti da učine više kako bi osigurale jedinstvo u društvu, kao i stabilnost zemlje i
            regiona.
            Odlukom Gradskog veća Vukovara od 17. avgusta o promeni Statuta grada ukinute su dvojezične table na javnim
            stanovama u tom gradu i uvedena je obaveza da svako obraćanje javnim institucijama na ćirilici podleže molbi
            i plaćanju posebne takse.
        </article-text-transliterated>
    </article>
    <comments>
        <comments-count>0</comments-count>
        <comment-list/>
    </comments>
</document>