<document global-id="sr-04-1510">
    <url>http://www.alo.rs/vesti/aktuelno/turci-otcepili-sandzak-i-vojvodinu/5902/vest#comments</url>
    <source-id>sr-04</source-id>
    <local-id>1510</local-id>
    <source-name>Alo</source-name>
    <article>
        <article-title>KOMADAJU SRBIJU</article-title>
        <article-title-transliterated>KOMADAJU SRBIJU</article-title-transliterated>
        <article-time>2015-09-01</article-time>
        <article-author>J. N. - V. P.</article-author>
        <article-text>Za Tursku Vojvodina i Sandžak nisu deo Srbije!.
            Ovaj zaključak se nameće ako na sajtu ministarstva spoljnih poslova Turske pročitate spisak ambasada ove
            zemlje širom sveta s kontaktima i adresama. Pod nadležnostima Ambasade Turske u Beogradu ubrajaju se Srbija,
            Vojvodina i Sandžak, iz čega bi se moglo protumačiti da u ovoj zemlji, s kojom smo istorijski veoma blisko
            vezani, severnu srpsku pokrajinu i Rašku oblast smatraju zasebnim državama.
            Najzanimljivije od svega je što ovakvu podeljenu Srbiju možete naći samo kada informacije želite da
            pročitate na turskom jeziku, dok na engleskom uredno piše Serbia.
            Na sajtu ministarstva spoljnih poslova ove zemlje nalazi se adresa, brojevi telefona i imejl turske ambasade
            u Beogradu, a pošto Turska nema konzulate u ovim delovima Srbije, vrlo je zanimljivo na osnovu čega je
            nastala ova podela. Po tome izgleda da Turci imaju dve ciljne grupe kojima se obraćaju s obzirom na razlike
            koje se javljaju pri izboru jezika, smatra politički analitičar Branko Radun.
            - Podaci na engleskom odnose se na međunarodno tržište, dok su oni na turskom upućeni svima kojima je taj
            jezik maternji ili ga poznaju - kaže za “Alo!” politički analitičar Branko Radan.
            - Da su u pitanju njihovi konzulati, postojali bi brojevi telefona za svaki od njih i tu ne bi bilo
            polemike. Turska je nešto poput mentora balkanskim muslimanima. Ovako, deluje kao da ona pokušava da pošalje
            neku vrstu poruke sandžačkim Bošnjacima da je blagonaklona prema ideji o autonomiji Sandžaka, odnosno da ih
            apsolutno podržava u tome. Pored toga, poznato je da Turci javno podržavaju nezavisnost Kosova, kao i
            jačanje unitarne Bosne i Hercegovine, s toga ne treba ništa od ovoga da nas čudi - ističe Radun.
        </article-text>
        <article-text-transliterated>Za Tursku Vojvodina i Sandžak nisu deo Srbije!.
            Ovaj zaključak se nameće ako na sajtu ministarstva spoljnih poslova Turske pročitate spisak ambasada ove
            zemlje širom sveta s kontaktima i adresama. Pod nadležnostima Ambasade Turske u Beogradu ubrajaju se Srbija,
            Vojvodina i Sandžak, iz čega bi se moglo protumačiti da u ovoj zemlji, s kojom smo istorijski veoma blisko
            vezani, severnu srpsku pokrajinu i Rašku oblast smatraju zasebnim državama.
            Najzanimljivije od svega je što ovakvu podeljenu Srbiju možete naći samo kada informacije želite da
            pročitate na turskom jeziku, dok na engleskom uredno piše Serbia.
            Na sajtu ministarstva spoljnih poslova ove zemlje nalazi se adresa, brojevi telefona i imejl turske ambasade
            u Beogradu, a pošto Turska nema konzulate u ovim delovima Srbije, vrlo je zanimljivo na osnovu čega je
            nastala ova podela. Po tome izgleda da Turci imaju dve ciljne grupe kojima se obraćaju s obzirom na razlike
            koje se javljaju pri izboru jezika, smatra politički analitičar Branko Radun.
            - Podaci na engleskom odnose se na međunarodno tržište, dok su oni na turskom upućeni svima kojima je taj
            jezik maternji ili ga poznaju - kaže za “Alo!” politički analitičar Branko Radan.
            - Da su u pitanju njihovi konzulati, postojali bi brojevi telefona za svaki od njih i tu ne bi bilo
            polemike. Turska je nešto poput mentora balkanskim muslimanima. Ovako, deluje kao da ona pokušava da pošalje
            neku vrstu poruke sandžačkim Bošnjacima da je blagonaklona prema ideji o autonomiji Sandžaka, odnosno da ih
            apsolutno podržava u tome. Pored toga, poznato je da Turci javno podržavaju nezavisnost Kosova, kao i
            jačanje unitarne Bosne i Hercegovine, s toga ne treba ništa od ovoga da nas čudi - ističe Radun.
        </article-text-transliterated>
    </article>
    <comments>
        <comments-count>10</comments-count>
        <comment-list>
            <comment comment-id="0">
                <comment-parent-id/>
                <comment-text>ovo negativni levo me je zbunilo - ne mogu da pohvatam ko je za koga glasao, a tek sad ne
                    znam ni šta sma ja iskliktao, a posebno što su neki postovi u kontra logici stao mi mozak, help!
                </comment-text>
                <comment-text-transliterated>ovo negativni levo me je zbunilo - ne mogu da pohvatam ko je za koga
                    glasao, a tek sad ne znam ni šta sma ja iskliktao, a posebno što su neki postovi u kontra logici
                    stao mi mozak, help!
                </comment-text-transliterated>
            </comment>
            <comment comment-id="2">
                <comment-parent-id/>
                <comment-text>Dali znaju da su napravili drzavu na tudjim teritorijama,grckoj teritoriji,jermenskoj
                    kurdskoj,treba ih vratiti u malu aziju odakle su i dosli.
                </comment-text>
                <comment-text-transliterated>Dali znaju da su napravili drzavu na tudjim teritorijama,grckoj
                    teritoriji,jermenskoj kurdskoj,treba ih vratiti u malu aziju odakle su i dosli.
                </comment-text-transliterated>
            </comment>
            <comment comment-id="3">
                <comment-parent-id/>
                <comment-text>Naravno da su uvek - hr rli nasu zemlju par zar nismo bili 500 god . Oni su slozni jel ja
                    licno znam zivim sa njima u berlinu . Kurde ne vole ami samo gdedamo njihove serije , obogatili su
                    se a sto se kosova tice pa naravno da bih sve uzeli .Hocemo u evropu ali nemako konlula ambasade u
                    beogradu zalosno .
                </comment-text>
                <comment-text-transliterated>Naravno da su uvek - hr rli nasu zemlju par zar nismo bili 500 god . Oni su
                    slozni jel ja licno znam zivim sa njima u berlinu . Kurde ne vole ami samo gdedamo njihove serije ,
                    obogatili su se a sto se kosova tice pa naravno da bih sve uzeli .Hocemo u evropu ali nemako konlula
                    ambasade u beogradu zalosno .
                </comment-text-transliterated>
            </comment>
            <comment comment-id="4">
                <comment-parent-id/>
                <comment-text>Nesto lepo od Turaka bi me iznenadilo, na lose vesti od njih sam navik o. Pa, lepo bi bilo
                    kada bi Turci Kurdima vratili zemlju koju su od njih i oteli i bolje neka gledaju svoja posla a , ne
                    da se mesaju u tudja!
                </comment-text>
                <comment-text-transliterated>Nesto lepo od Turaka bi me iznenadilo, na lose vesti od njih sam navik o.
                    Pa, lepo bi bilo kada bi Turci Kurdima vratili zemlju koju su od njih i oteli i bolje neka gledaju
                    svoja posla a , ne da se mesaju u tudja!
                </comment-text-transliterated>
            </comment>
            <comment comment-id="5">
                <comment-parent-id/>
                <comment-text>Ima li u ovoj zemlji jos Srba koji vole svoju zemlju ili ne?Gde si Vucicu da uputis
                    protestnu notu na ovo,a posle toga,mars iz nase zemlje,tako rade ozbiljne drzave sa ozbiljnim
                    politicarima,a ne sa prodanim kao sto su nasi!Vise mi se povraca,kada citam ovakve clanke,i sta sve
                    dozvoljavamo ovim obrezanima i kod nas u Srbiji!Vreme je za ustanak,i pocistiti sve koji rade proti
                    drzave u kojoj zive,oduzeti pasose i mars napolje!OBRAZ,NASI,DVERI,TU JE SPAS SRBIJE!
                </comment-text>
                <comment-text-transliterated>Ima li u ovoj zemlji jos Srba koji vole svoju zemlju ili ne?Gde si Vucicu
                    da uputis protestnu notu na ovo,a posle toga,mars iz nase zemlje,tako rade ozbiljne drzave sa
                    ozbiljnim politicarima,a ne sa prodanim kao sto su nasi!Vise mi se povraca,kada citam ovakve
                    clanke,i sta sve dozvoljavamo ovim obrezanima i kod nas u Srbiji!Vreme je za ustanak,i pocistiti sve
                    koji rade proti drzave u kojoj zive,oduzeti pasose i mars napolje!OBRAZ,NASI,DVERI,TU JE SPAS
                    SRBIJE!
                </comment-text-transliterated>
            </comment>
            <comment comment-id="6">
                <comment-parent-id/>
                <comment-text>Fala Bogu da ima neko i vama da "kroji karte" dosta vi krojite i dijelite Bosnu kako vam
                    je cejf. Dosta je i vas vise i vase "velike srbije" i doslo je vrijeme da se suocite sa
                    stvarnoscu,,,spali ste na beogradski pasaluk.
                </comment-text>
                <comment-text-transliterated>Fala Bogu da ima neko i vama da "kroji karte" dosta vi krojite i dijelite
                    Bosnu kako vam je cejf. Dosta je i vas vise i vase "velike srbije" i doslo je vrijeme da se suocite
                    sa stvarnoscu,,,spali ste na beogradski pasaluk.
                </comment-text-transliterated>
            </comment>
            <comment comment-id="6-1">
                <comment-parent-id>6</comment-parent-id>
                <comment-text>Ajde poturice mars odavde,deda ti je bio srbin trebas se stideti ovih reci,nego se
                    dovlacite iz Bosne u ,,beogradski pasaluk,, pa onda lajete okolo,pogledaj malo karte Srpskih granica
                    kroz istoriju tvoju Bosnu nigde nac' neces :))
                </comment-text>
                <comment-text-transliterated>Ajde poturice mars odavde,deda ti je bio srbin trebas se stideti ovih
                    reci,nego se dovlacite iz Bosne u ,,beogradski pasaluk,, pa onda lajete okolo,pogledaj malo karte
                    Srpskih granica kroz istoriju tvoju Bosnu nigde nac' neces :))
                </comment-text-transliterated>
            </comment>
            <comment comment-id="7">
                <comment-parent-id/>
                <comment-text>Sami smo krivi ! A po najviće ova vlada koja to neće da vidi .</comment-text>
                <comment-text-transliterated>Sami smo krivi ! A po najviće ova vlada koja to neće da vidi .
                </comment-text-transliterated>
            </comment>
            <comment comment-id="7-1">
                <comment-parent-id>7</comment-parent-id>
                <comment-text>A, šta je tu čudno?Granice će biti vraćene iz 1878 i to je jedini način da se reši stanje
                    u Srbiji.Vojvodina mora da ode jer jedina ima perspektivu ,a ostatak neka se krčka.Podržavam granice
                    Berlinskog kongresa.
                </comment-text>
                <comment-text-transliterated>A, šta je tu čudno?Granice će biti vraćene iz 1878 i to je jedini način da
                    se reši stanje u Srbiji.Vojvodina mora da ode jer jedina ima perspektivu ,a ostatak neka se
                    krčka.Podržavam granice Berlinskog kongresa.
                </comment-text-transliterated>
            </comment>
            <comment comment-id="8">
                <comment-parent-id/>
                <comment-text>A sta vam nije jasno,njihova tajna sluzba vrslja po KiM vec 25 god.Sad su prioritete
                    okrenuli prema Raskoj oblasti I Rep.Srpskoj.Oni rade a mi sedimo.Ljudi oni nas ne vole prema tome
                    ako vam to nije jasno za 10 god.opet problem.Turci poznaju samo zakon sile to vam kazem iz
                    iskustva.Ako ih malo pustite ...gotovo.MIslim da bi Srbija trebalo da pomaze Kurde i njihovo
                    legitimno pravo za autonomijom(30 mil.U turskoj) i stalno naglasavati tueski genocid prema
                    Jermenima(ubijeno izmedju 1,5-2 miliona )
                </comment-text>
                <comment-text-transliterated>A sta vam nije jasno,njihova tajna sluzba vrslja po KiM vec 25 god.Sad su
                    prioritete okrenuli prema Raskoj oblasti I Rep.Srpskoj.Oni rade a mi sedimo.Ljudi oni nas ne vole
                    prema tome ako vam to nije jasno za 10 god.opet problem.Turci poznaju samo zakon sile to vam kazem
                    iz iskustva.Ako ih malo pustite ...gotovo.MIslim da bi Srbija trebalo da pomaze Kurde i njihovo
                    legitimno pravo za autonomijom(30 mil.U turskoj) i stalno naglasavati tueski genocid prema
                    Jermenima(ubijeno izmedju 1,5-2 miliona )
                </comment-text-transliterated>
            </comment>
        </comment-list>
    </comments>
</document>