<document global-id="si-06-1118">
    <url>https://www.24ur.com/sport/nogomet/l-equipe-zadnja-ponudba-barcelone-vkljucuje-dembeleja-in-rakitica.html</url>
    <source-id>si-06</source-id>
    <local-id>1118</local-id>
    <source-name>ur24</source-name>
    <article>
        <article-title>L'Equipe: Zadnja ponudba Barcelone vključuje Dembeleja in Rakitića</article-title>
        <article-title-transliterated>L'Equipe: Zadnja ponudba Barcelone vključuje Dembeleja in Rakitića
        </article-title-transliterated>
        <article-time>2019-08-28</article-time>
        <article-author>J.K.</article-author>
        <article-text>Prihodnost Neymarja Jr. oziroma njegov povratek v vrste Barcelone je očitno zdaj povsem odvisna od
            dveh imen: krilnega napadalca Barce Ousmana Dembeleja, ki ga Katalonci poleg denarja ponujajo Paris
            Saint-Germainu, in katarskega emirja Tamima ben Hamada Al Tanija. Prav slednji naj bi na koncu odločil, če
            bodo brazilskemu napadalcu dovolili oditi iz Pariza.

            Francoski športni dnevnik L'Equipe na svoji spletni strani dan po sestanku predstavnikov Paris
            Saint-Germaina in Barcelone poroča o nadaljevanju pogajanj (na daljavo) med obema kluboma, ki sta glede
            prestopa Neymarja Jr. očitno našla skupni jezik. Vrednost Brazilca oboji ocenjujejo na 170 milijonov evrov,
            dogovoriti pa se morajo še glede načina plačila omenjenega zneska. Športni direktor PSG Leonardo naj bi po
            torkovem sestanku nemudoma poklical v Doho, kjer naj bi prestop dokončno blagoslovil ali preklical emir
            Tamim ben Hamad Al Tani.
            NEYMAR
            Katalonska delegacija se je v Barcelono, kot smo že poročali, vrnila optimistična. Eden izmed direktorjev
            Oscar Grau je v kratkih izjavah za medije potrdil, da je prišlo do napredka, a zdaj bo moral v prestop
            prepričati še Ousmana Dembeleja, ki ga Katalonci ponujajo "v paketu" z Ivanom Rakitićem, kot pravijo zadnje
            informacije iz francoske metropole. Da se nekaj res dogaja s hrvaškim reprezentantom, je bilo več kot očitno
            na zadnjih ligaških tekmah, ki jih je nekdanji član Basla, Schalkeja 04 in Seville presedel na klopi. Barca
            naj bi nazadnje ponudila 130 milijonov evrov in Rakitića ter enoletno posojo Dembeleja.
            Le Monde: Al Tani ni naklonjen prestopu Dembele je že sodeloval s trenerjem PSG Thomasom Tuchlom, ko sta
            bila oba še v taboru Borussie Dortmund, druži pa ga še prijateljstvo z rojakom in (v primeru odhoda Neymarja
            Jr.) nespornim prvim zvezdnikom kluba Kylianom Mbappejem. Pri prepričevanju Dembeleja naj bi aktivno
            sodeloval tudi športni direktor, nekdanji francoski reprezentant Eric Abidal.
            Dnevnik Le Monde je sicer poročal, da Al Tani nasprotuje odhodu brazilskega zvezdnika, za katerega je
            njegova družina pred dvema letoma plačala rekordnih 222 milijonov evrov. V morebitnem odhodu Južnoameričana
            vidi poraz države in zmanjšanje njenega ugleda dobra tri leta pred začetkom SP 2022, ki ga bo gostila.
            Neymarja Jr. so videli kot ambasadorja omenjenega turnirja, vse skupaj bi zdaj seveda padlo v vodo. Po
            zadnjih ocenah v francoskih medijih bi se usoda Neymarja Jr. lahko razrešila v sredo ali četrtek. 
            Dembelejev agent '100' in '1000-odstotno' prepričan, da bo ostal V vse skupaj se je z izjavami, ki povsem
            nasprotujejo zadnjim dognanjem v medijih, vmešal tudi Dembelejev agent Moussa Sissoko, ki je za
            Telefoot zatrdil, da Francoz "stoodstotno ostaja" pri Barceloni in da "ni nobenih možnosti za njegov odhod".
            "Želi uspeti v Barci," pravi Sissoko, ki je pred časom dejal celo, da bo Dembele "tisočodstotno ostal" na
            Camp Nouu. A zdi se, da v tem primeru veliko besede pri vsem skupaj nima.
        </article-text>
        <article-text-transliterated>Prihodnost Neymarja Jr. oziroma njegov povratek v vrste Barcelone je očitno zdaj
            povsem odvisna od dveh imen: krilnega napadalca Barce Ousmana Dembeleja, ki ga Katalonci poleg denarja
            ponujajo Paris Saint-Germainu, in katarskega emirja Tamima ben Hamada Al Tanija. Prav slednji naj bi na
            koncu odločil, če bodo brazilskemu napadalcu dovolili oditi iz Pariza.

            Francoski športni dnevnik L'Equipe na svoji spletni strani dan po sestanku predstavnikov Paris
            Saint-Germaina in Barcelone poroča o nadaljevanju pogajanj (na daljavo) med obema kluboma, ki sta glede
            prestopa Neymarja Jr. očitno našla skupni jezik. Vrednost Brazilca oboji ocenjujejo na 170 milijonov evrov,
            dogovoriti pa se morajo še glede načina plačila omenjenega zneska. Športni direktor PSG Leonardo naj bi po
            torkovem sestanku nemudoma poklical v Doho, kjer naj bi prestop dokončno blagoslovil ali preklical emir
            Tamim ben Hamad Al Tani.
            NEYMAR
            Katalonska delegacija se je v Barcelono, kot smo že poročali, vrnila optimistična. Eden izmed direktorjev
            Oscar Grau je v kratkih izjavah za medije potrdil, da je prišlo do napredka, a zdaj bo moral v prestop
            prepričati še Ousmana Dembeleja, ki ga Katalonci ponujajo "v paketu" z Ivanom Rakitićem, kot pravijo zadnje
            informacije iz francoske metropole. Da se nekaj res dogaja s hrvaškim reprezentantom, je bilo več kot očitno
            na zadnjih ligaških tekmah, ki jih je nekdanji član Basla, Schalkeja 04 in Seville presedel na klopi. Barca
            naj bi nazadnje ponudila 130 milijonov evrov in Rakitića ter enoletno posojo Dembeleja.
            Le Monde: Al Tani ni naklonjen prestopu Dembele je že sodeloval s trenerjem PSG Thomasom Tuchlom, ko sta
            bila oba še v taboru Borussie Dortmund, druži pa ga še prijateljstvo z rojakom in (v primeru odhoda Neymarja
            Jr.) nespornim prvim zvezdnikom kluba Kylianom Mbappejem. Pri prepričevanju Dembeleja naj bi aktivno
            sodeloval tudi športni direktor, nekdanji francoski reprezentant Eric Abidal.
            Dnevnik Le Monde je sicer poročal, da Al Tani nasprotuje odhodu brazilskega zvezdnika, za katerega je
            njegova družina pred dvema letoma plačala rekordnih 222 milijonov evrov. V morebitnem odhodu Južnoameričana
            vidi poraz države in zmanjšanje njenega ugleda dobra tri leta pred začetkom SP 2022, ki ga bo gostila.
            Neymarja Jr. so videli kot ambasadorja omenjenega turnirja, vse skupaj bi zdaj seveda padlo v vodo. Po
            zadnjih ocenah v francoskih medijih bi se usoda Neymarja Jr. lahko razrešila v sredo ali četrtek. 
            Dembelejev agent '100' in '1000-odstotno' prepričan, da bo ostal V vse skupaj se je z izjavami, ki povsem
            nasprotujejo zadnjim dognanjem v medijih, vmešal tudi Dembelejev agent Moussa Sissoko, ki je za
            Telefoot zatrdil, da Francoz "stoodstotno ostaja" pri Barceloni in da "ni nobenih možnosti za njegov odhod".
            "Želi uspeti v Barci," pravi Sissoko, ki je pred časom dejal celo, da bo Dembele "tisočodstotno ostal" na
            Camp Nouu. A zdi se, da v tem primeru veliko besede pri vsem skupaj nima.
        </article-text-transliterated>
    </article>
    <comments>
        <comments-count>69</comments-count>
        <comment-list>
            <comment comment-id="1">
                <comment-parent-id/>
                <comment-text>Ponudba Barce. Rakitič,Dembele,Todibo plus 118 mil. Saj so nori</comment-text>
                <comment-text-transliterated>Ponudba Barce. Rakitič,Dembele,Todibo plus 118 mil. Saj so nori
                </comment-text-transliterated>
            </comment>
            <comment comment-id="2">
                <comment-parent-id/>
                <comment-text>Tile pri PSG-ju pa so zelo bolani v glavo. Neymar ni več tisto, kar je bil. Bil je že
                    dvakrat zelo resno poškodovan na isto mesto (tetiva). Zato bo pri vsaki resnejši tekmi nasprotnik
                    štartal na to njegovo tetivo, dokler ne bo zadeva zaključena z novo poškodbo. Ne splača se toliko
                    devat zanj.
                </comment-text>
                <comment-text-transliterated>Tile pri PSG-ju pa so zelo bolani v glavo. Neymar ni več tisto, kar je bil.
                    Bil je že dvakrat zelo resno poškodovan na isto mesto (tetiva). Zato bo pri vsaki resnejši tekmi
                    nasprotnik štartal na to njegovo tetivo, dokler ne bo zadeva zaključena z novo poškodbo. Ne splača
                    se toliko devat zanj.
                </comment-text-transliterated>
            </comment>
            <comment comment-id="2-1">
                <comment-parent-id>2</comment-parent-id>
                <comment-text>in vendarle si ga srčno želiš. bo pač skakljal po eni nogi. glavno, da bo spet barsin, a
                    ne? ;)
                </comment-text>
                <comment-text-transliterated>in vendarle si ga srčno želiš. bo pač skakljal po eni nogi. glavno, da bo
                    spet barsin, a ne? ;)
                </comment-text-transliterated>
            </comment>
            <comment comment-id="2-2">
                <comment-parent-id>2</comment-parent-id>
                <comment-text>Za neko razumno ceno bi ga bilo zanimivo videti v Barci. Spomini na njegove zadetke in
                    briljanto driblanje so še sveži. Kot kaže, pa bo Ney skakal po eni nogi v Realu.... :))
                </comment-text>
                <comment-text-transliterated>Za neko razumno ceno bi ga bilo zanimivo videti v Barci. Spomini na njegove
                    zadetke in briljanto driblanje so še sveži. Kot kaže, pa bo Ney skakal po eni nogi v Realu.... :))
                </comment-text-transliterated>
            </comment>
            <comment comment-id="2-3">
                <comment-parent-id>2</comment-parent-id>
                <comment-text>upam, da ne. da ostane v parizu.</comment-text>
                <comment-text-transliterated>upam, da ne. da ostane v parizu.</comment-text-transliterated>
            </comment>
            <comment comment-id="2-4">
                <comment-parent-id>2</comment-parent-id>
                <comment-text>razumno ceno? že to, kar ponuja barsa, je daleč od razuma. s to poškodbo ni vreden več
                    prav dosti. žal.
                </comment-text>
                <comment-text-transliterated>razumno ceno? že to, kar ponuja barsa, je daleč od razuma. s to poškodbo ni
                    vreden več prav dosti. žal.
                </comment-text-transliterated>
            </comment>
            <comment comment-id="3">
                <comment-parent-id/>
                <comment-text>zavrnjeno s strani psg. uprava barse se že smeši. ponuja dembeleja, ki noče v pariz. in
                    podobne akrobacije. bo treba 222 mio na mizo postavit. pa še to ni nujno dovolj. bizarno vse skupaj.
                </comment-text>
                <comment-text-transliterated>zavrnjeno s strani psg. uprava barse se že smeši. ponuja dembeleja, ki noče
                    v pariz. in podobne akrobacije. bo treba 222 mio na mizo postavit. pa še to ni nujno dovolj. bizarno
                    vse skupaj.
                </comment-text-transliterated>
            </comment>
            <comment comment-id="3-1">
                <comment-parent-id>3</comment-parent-id>
                <comment-text>nekaj zagrenjenih mi je prilepilo minus. zakaj? a kaj od tega morda ni res?</comment-text>
                <comment-text-transliterated>nekaj zagrenjenih mi je prilepilo minus. zakaj? a kaj od tega morda ni
                    res?
                </comment-text-transliterated>
            </comment>
            <comment comment-id="4">
                <comment-parent-id/>
                <comment-text>Če vodstvo Barce vidi rešitev in dodatno moč ekipe s prihodom Neymarja , se moti ,še
                    enkrat se bo opekla. Nerazumljivo je že to, kako razmetavajo denar in ne vidijo kakšne posledice s
                    temi nepremišljenimi okrepitvami doživljajo. Če gre človek enkrat na led še to ni oslovstvo , če pa
                    gre večkrat , pa je več kot oslovstvo .
                </comment-text>
                <comment-text-transliterated>Če vodstvo Barce vidi rešitev in dodatno moč ekipe s prihodom Neymarja , se
                    moti ,še enkrat se bo opekla. Nerazumljivo je že to, kako razmetavajo denar in ne vidijo kakšne
                    posledice s temi nepremišljenimi okrepitvami doživljajo. Če gre človek enkrat na led še to ni
                    oslovstvo , če pa gre večkrat , pa je več kot oslovstvo .
                </comment-text-transliterated>
            </comment>
            <comment comment-id="5">
                <comment-parent-id/>
                <comment-text>Evo vam, URADNO :Neymar ze v Barceloni, v PSG pa 100 Mio, Pique, Shaqira, Jordi Alba in
                    njegova tašca, Suarez z dvema otrokoma, fizioterapevt in Viktor Valdez.
                </comment-text>
                <comment-text-transliterated>Evo vam, URADNO :Neymar ze v Barceloni, v PSG pa 100 Mio, Pique, Shaqira,
                    Jordi Alba in njegova tašca, Suarez z dvema otrokoma, fizioterapevt in Viktor Valdez.
                </comment-text-transliterated>
            </comment>
            <comment comment-id="5-1">
                <comment-parent-id>5</comment-parent-id>
                <comment-text>😁😂😂😂😂😄 kralj</comment-text>
                <comment-text-transliterated>😁😂😂😂😂😄 kralj</comment-text-transliterated>
            </comment>
            <comment comment-id="5-2">
                <comment-parent-id>5</comment-parent-id>
                <comment-text>po neuradnih podatkih so zraven ponudili še umberta...</comment-text>
                <comment-text-transliterated>po neuradnih podatkih so zraven ponudili še umberta...
                </comment-text-transliterated>
            </comment>
            <comment comment-id="6">
                <comment-parent-id/>
                <comment-text>bolj pomembna novica od vseh novic je danes bila ta da je pri barceloni danes bila uradna
                    otvoritev estadi (stadion) johan cruyff....seveda tukaj o tem ne duha ni sluha....in to naj bi bil
                    resen medij....sramota..
                </comment-text>
                <comment-text-transliterated>bolj pomembna novica od vseh novic je danes bila ta da je pri barceloni
                    danes bila uradna otvoritev estadi (stadion) johan cruyff....seveda tukaj o tem ne duha ni
                    sluha....in to naj bi bil resen medij....sramota..
                </comment-text-transliterated>
            </comment>
            <comment comment-id="7">
                <comment-parent-id/>
                <comment-text>Samo napihujejo in lažna upanja za Barcelono ki sanja super napad z neymarem medtem ko so
                    neymaru navijači psgja oprostili vse muhe in vodstvo prav tako je že znano da neymar ostaja v
                    Parisu:)
                </comment-text>
                <comment-text-transliterated>Samo napihujejo in lažna upanja za Barcelono ki sanja super napad z
                    neymarem medtem ko so neymaru navijači psgja oprostili vse muhe in vodstvo prav tako je že znano da
                    neymar ostaja v Parisu:)
                </comment-text-transliterated>
            </comment>
            <comment comment-id="8">
                <comment-parent-id/>
                <comment-text>neymar ni več isti kot je bil pri barci-zato ni potrebe za njim</comment-text>
                <comment-text-transliterated>neymar ni več isti kot je bil pri barci-zato ni potrebe za njim
                </comment-text-transliterated>
            </comment>
            <comment comment-id="9">
                <comment-parent-id/>
                <comment-text>neymar bo se tresel mreze reala in juventusa v to ste lahko prepricani haha</comment-text>
                <comment-text-transliterated>neymar bo se tresel mreze reala in juventusa v to ste lahko prepricani
                    haha
                </comment-text-transliterated>
            </comment>
            <comment comment-id="9-1">
                <comment-parent-id>9</comment-parent-id>
                <comment-text>Ne bit diskreten naj te ne bo sram,povej direktno da si ga želiš v barco ker sanjaš ligo
                    prvakov 😁😂😂😂😄
                </comment-text>
                <comment-text-transliterated>Ne bit diskreten naj te ne bo sram,povej direktno da si ga želiš v barco
                    ker sanjaš ligo prvakov 😁😂😂😂😄
                </comment-text-transliterated>
            </comment>
            <comment comment-id="10">
                <comment-parent-id/>
                <comment-text>Pa tej mešetarji v Barceloni nimajo pojma; dva odlična igralca za večnega nergača in
                    poškodovanega igralca.
                </comment-text>
                <comment-text-transliterated>Pa tej mešetarji v Barceloni nimajo pojma; dva odlična igralca za večnega
                    nergača in poškodovanega igralca.
                </comment-text-transliterated>
            </comment>
            <comment comment-id="11">
                <comment-parent-id/>
                <comment-text>Kaj pa če dajo na hrvata še 1 m2 trave, dva stola in levi gol?</comment-text>
                <comment-text-transliterated>Kaj pa če dajo na hrvata še 1 m2 trave, dva stola in levi gol?
                </comment-text-transliterated>
            </comment>
            <comment comment-id="12">
                <comment-parent-id/>
                <comment-text>Ta primadona bo klub stala 500 mio! Barso se več, če prištejemo izgubo, ki jo je povzročil
                    njegov prebeg v Pariz. Mater, če ga Barsa kupi, je to že butasto.
                </comment-text>
                <comment-text-transliterated>Ta primadona bo klub stala 500 mio! Barso se več, če prištejemo izgubo, ki
                    jo je povzročil njegov prebeg v Pariz. Mater, če ga Barsa kupi, je to že butasto.
                </comment-text-transliterated>
            </comment>
            <comment comment-id="13">
                <comment-parent-id/>
                <comment-text>Jaz vam ga fuuuuul privoščim ;). Samo da ne pride v Madrid. Raje se dve ali tri leta brez
                    lovorik kot ta direndaj. RM naj počasi zgradi ekipo za prihodnjo dekado. Na mladih svet stoji. Au
                    revoir, Neymar.
                </comment-text>
                <comment-text-transliterated>Jaz vam ga fuuuuul privoščim ;). Samo da ne pride v Madrid. Raje se dve ali
                    tri leta brez lovorik kot ta direndaj. RM naj počasi zgradi ekipo za prihodnjo dekado. Na mladih
                    svet stoji. Au revoir, Neymar.
                </comment-text-transliterated>
            </comment>
            <comment comment-id="13-1">
                <comment-parent-id>13</comment-parent-id>
                <comment-text>Po zmagi v prvem krogu ste večina pisali Real je nazaj,Real trga,vse bodo osvojili. Po
                    ubogi piki pa spet gradijo ekipo za prihodnja leta :D
                </comment-text>
                <comment-text-transliterated>Po zmagi v prvem krogu ste večina pisali Real je nazaj,Real trga,vse bodo
                    osvojili. Po ubogi piki pa spet gradijo ekipo za prihodnja leta :D
                </comment-text-transliterated>
            </comment>
            <comment comment-id="13-2">
                <comment-parent-id>13</comment-parent-id>
                <comment-text>dark horse hinavec primitivni VI STE PROSLAVLJALI LIGO PRVAKOV IN NOVO ERO BARCE PO
                    PRIJATELJSKI TEKMI NAD NAPOLIJEM . PUJvsi se vam smejijo moram pa priznat da nekateri navijači
                    galaktikov se van ližejo v ritmu ampak to so navijači Bogi v glavo zapomnili si bojo kaj bom jaz
                    napisal vam pozabili pa bojo kaj boste vi PRVI NAPISALI.AMPAK TO NE BO SKREGALA NAS PRAVE NAVIJAČE
                    BELEGA BALETA.HALA MADRID!!!!
                </comment-text>
                <comment-text-transliterated>dark horse hinavec primitivni VI STE PROSLAVLJALI LIGO PRVAKOV IN NOVO ERO
                    BARCE PO PRIJATELJSKI TEKMI NAD NAPOLIJEM . PUJvsi se vam smejijo moram pa priznat da nekateri
                    navijači galaktikov se van ližejo v ritmu ampak to so navijači Bogi v glavo zapomnili si bojo kaj
                    bom jaz napisal vam pozabili pa bojo kaj boste vi PRVI NAPISALI.AMPAK TO NE BO SKREGALA NAS PRAVE
                    NAVIJAČE BELEGA BALETA.HALA MADRID!!!!
                </comment-text-transliterated>
            </comment>
            <comment comment-id="13-3">
                <comment-parent-id>13</comment-parent-id>
                <comment-text>jaz tega nisem pisal. vem, da prenova traja. je proces.</comment-text>
                <comment-text-transliterated>jaz tega nisem pisal. vem, da prenova traja. je proces.
                </comment-text-transliterated>
            </comment>
            <comment comment-id="13-4">
                <comment-parent-id>13</comment-parent-id>
                <comment-text>Tazaprt kje sem sam kaj proslavljal??</comment-text>
                <comment-text-transliterated>Tazaprt kje sem sam kaj proslavljal??</comment-text-transliterated>
            </comment>
            <comment comment-id="14">
                <comment-parent-id/>
                <comment-text>Dembele in Rakitic sta povedala, da ne želita v PSG, tako da ne bo nič, poroča španska
                    Chiringuito TV, ki ima zveze z klubom...
                </comment-text>
                <comment-text-transliterated>Dembele in Rakitic sta povedala, da ne želita v PSG, tako da ne bo nič,
                    poroča španska Chiringuito TV, ki ima zveze z klubom...
                </comment-text-transliterated>
            </comment>
            <comment comment-id="14-1">
                <comment-parent-id>14</comment-parent-id>
                <comment-text>Kdo bo te vprašala če hočeš Al noces.. Ovi Dembele ne hodi na treninge raketic počasi za
                    vpenzijo.. Ne verjamem da bi psg sploh hotel imet ta 2
                </comment-text>
                <comment-text-transliterated>Kdo bo te vprašala če hočeš Al noces.. Ovi Dembele ne hodi na treninge
                    raketic počasi za vpenzijo.. Ne verjamem da bi psg sploh hotel imet ta 2
                </comment-text-transliterated>
            </comment>
            <comment comment-id="14-2">
                <comment-parent-id>14</comment-parent-id>
                <comment-text>Vedno se mora igralec strinjat, da igra v drugem klubu...saj nismo več v
                    sužnjelastništvu...
                </comment-text>
                <comment-text-transliterated>Vedno se mora igralec strinjat, da igra v drugem klubu...saj nismo več v
                    sužnjelastništvu...
                </comment-text-transliterated>
            </comment>
            <comment comment-id="14-3">
                <comment-parent-id>14</comment-parent-id>
                <comment-text>Upam da res ne mislis da je ta trač tv hiša kretibilna za novice...</comment-text>
                <comment-text-transliterated>Upam da res ne mislis da je ta trač tv hiša kretibilna za novice...
                </comment-text-transliterated>
            </comment>
            <comment comment-id="14-4">
                <comment-parent-id>14</comment-parent-id>
                <comment-text>Seveda ne mislim, sam prebral sem...</comment-text>
                <comment-text-transliterated>Seveda ne mislim, sam prebral sem...</comment-text-transliterated>
            </comment>
            <comment comment-id="15">
                <comment-parent-id/>
                <comment-text>Taka zdraha okrog povprečnega simulanta ki ni vreden niti 50 milijonov</comment-text>
                <comment-text-transliterated>Taka zdraha okrog povprečnega simulanta ki ni vreden niti 50 milijonov
                </comment-text-transliterated>
            </comment>
            <comment comment-id="16">
                <comment-parent-id/>
                <comment-text>nekaj je na temu...rakitic ni v prvem planu barce ze 2.tekmo zapored dembele pa mora po
                    poti coutinha le da bo dembele direktno prodan...neymar, grizman, messi...vrhunski napad ki je
                    kostal blagajno barce zelo veliko denarja...v kolikor ne bo lige prvakov bo pa to spet velik polom
                    barcelone....da se razumemo...privoscim barceloni kot klubu ampak pricakovanja bodo z prihodom
                    neymar in ze tako grizmana zrastla v visave....v kolikor ne bo evropske lovorike bo pa seveda krivec
                    valverde pa ceprav je sam osebno se najmanj kriv za vse kar se dogaja pri barci...mislite da si je
                    valverde zelel coutinha, dembeleja in zdaj se neymarja? 100% ne...
                </comment-text>
                <comment-text-transliterated>nekaj je na temu...rakitic ni v prvem planu barce ze 2.tekmo zapored
                    dembele pa mora po poti coutinha le da bo dembele direktno prodan...neymar, grizman,
                    messi...vrhunski napad ki je kostal blagajno barce zelo veliko denarja...v kolikor ne bo lige
                    prvakov bo pa to spet velik polom barcelone....da se razumemo...privoscim barceloni kot klubu ampak
                    pricakovanja bodo z prihodom neymar in ze tako grizmana zrastla v visave....v kolikor ne bo evropske
                    lovorike bo pa seveda krivec valverde pa ceprav je sam osebno se najmanj kriv za vse kar se dogaja
                    pri barci...mislite da si je valverde zelel coutinha, dembeleja in zdaj se neymarja? 100% ne...
                </comment-text-transliterated>
            </comment>
            <comment comment-id="16-1">
                <comment-parent-id>16</comment-parent-id>
                <comment-text>Grizman bo letos zasenčil tako Messija kot Suareza. Od Neymarja pa ne pričakuj veliko.
                </comment-text>
                <comment-text-transliterated>Grizman bo letos zasenčil tako Messija kot Suareza. Od Neymarja pa ne
                    pričakuj veliko.
                </comment-text-transliterated>
            </comment>
            <comment comment-id="16-2">
                <comment-parent-id>16</comment-parent-id>
                <comment-text>smesna so ta napovedovanja...pocakajmo do konca sezone pa se bomo pogovarjali....dejstvo
                    je da ko se messi vrne bo igra vezana okoli njega in ne bo se toliko igralo na grizmana kot se je v
                    zadnjih 2.tekmah...messija bo kdorkoli tezko zasencil v barceloni pa ce tudi naslednjih 100let...
                </comment-text>
                <comment-text-transliterated>smesna so ta napovedovanja...pocakajmo do konca sezone pa se bomo
                    pogovarjali....dejstvo je da ko se messi vrne bo igra vezana okoli njega in ne bo se toliko igralo
                    na grizmana kot se je v zadnjih 2.tekmah...messija bo kdorkoli tezko zasencil v barceloni pa ce tudi
                    naslednjih 100let...
                </comment-text-transliterated>
            </comment>
            <comment comment-id="16-3">
                <comment-parent-id>16</comment-parent-id>
                <comment-text>Barca je trenutno verjetno najvecji klub in je jasno da se pricakujejo vse lovorike...tudi
                    razocaranje navijacev je upraviceno glede na razvajanje zadnjih let...
                </comment-text>
                <comment-text-transliterated>Barca je trenutno verjetno najvecji klub in je jasno da se pricakujejo vse
                    lovorike...tudi razocaranje navijacev je upraviceno glede na razvajanje zadnjih let...
                </comment-text-transliterated>
            </comment>
            <comment comment-id="16-4">
                <comment-parent-id>16</comment-parent-id>
                <comment-text>Jaz ne privoščim barci noben pokal!!kot oni sveda REALU,JUVETU predvsem pa CRju ne
                </comment-text>
                <comment-text-transliterated>Jaz ne privoščim barci noben pokal!!kot oni sveda REALU,JUVETU predvsem pa
                    CRju ne
                </comment-text-transliterated>
            </comment>
            <comment comment-id="16-5">
                <comment-parent-id>16</comment-parent-id>
                <comment-text>Cr lover pejt na wc</comment-text>
                <comment-text-transliterated>Cr lover pejt na wc</comment-text-transliterated>
            </comment>
            <comment comment-id="16-6">
                <comment-parent-id>16</comment-parent-id>
                <comment-text>Kaj pa za Sporting in MU tudi navijaš,ker Cr je tudi tam igral. Hhaha otroček
                </comment-text>
                <comment-text-transliterated>Kaj pa za Sporting in MU tudi navijaš,ker Cr je tudi tam igral. Hhaha
                    otroček
                </comment-text-transliterated>
            </comment>
            <comment comment-id="16-7">
                <comment-parent-id>16</comment-parent-id>
                <comment-text>crips pravi da so smesna ta napovedovanja haha a on skos neki napoveduje barci samo slabo
                    seveda
                </comment-text>
                <comment-text-transliterated>crips pravi da so smesna ta napovedovanja haha a on skos neki napoveduje
                    barci samo slabo seveda
                </comment-text-transliterated>
            </comment>
            <comment comment-id="16-8">
                <comment-parent-id>16</comment-parent-id>
                <comment-text>Valverde bo letel če ne bo lovorik.. Prav tako zidan.. Tak je v spaniji v teh 2 klubih..
                    Edino atletico ima poterplenje
                </comment-text>
                <comment-text-transliterated>Valverde bo letel če ne bo lovorik.. Prav tako zidan.. Tak je v spaniji v
                    teh 2 klubih.. Edino atletico ima poterplenje
                </comment-text-transliterated>
            </comment>
            <comment comment-id="16-9">
                <comment-parent-id>16</comment-parent-id>
                <comment-text>mmmm Za Zidan se bo to zagotovo zgodilo, za Valveredeja pa nisem prepričan. Za njega še
                    prej , kjer že dve leti dela samo sranje v ekipi Barce.
                </comment-text>
                <comment-text-transliterated>mmmm Za Zidan se bo to zagotovo zgodilo, za Valveredeja pa nisem prepričan.
                    Za njega še prej , kjer že dve leti dela samo sranje v ekipi Barce.
                </comment-text-transliterated>
            </comment>
            <comment comment-id="17">
                <comment-parent-id/>
                <comment-text>Ney bi lahko zdaj, če bi bil njegov fotr pameten in manj pohlepen, izkoristil priliko, ko
                    sta Mbappe in Cavani poškodovana, ter postal neizpodbitna številka 1 v psg, ter dokazal sebi in
                    celemu svetu, da je odrastel. Postal vodja. Navijači so mu že oprostili, pa da vidimo, a ima kaj v
                    glavi.
                </comment-text>
                <comment-text-transliterated>Ney bi lahko zdaj, če bi bil njegov fotr pameten in manj pohlepen,
                    izkoristil priliko, ko sta Mbappe in Cavani poškodovana, ter postal neizpodbitna številka 1 v psg,
                    ter dokazal sebi in celemu svetu, da je odrastel. Postal vodja. Navijači so mu že oprostili, pa da
                    vidimo, a ima kaj v glavi.
                </comment-text-transliterated>
            </comment>
            <comment comment-id="18">
                <comment-parent-id/>
                <comment-text>Kdorkoli faše tole primadono bo to slabo za njih. Kako že gre tista ... Osel gre samo
                    enkrat na led. Torej Barca? Ni mi jasno zakaj hočejo dati pol ekipe za nekoga, ki mu očitno nogomet
                    že nekaj časa ni več prioriteta v življenju. Recept za katastrofo.
                </comment-text>
                <comment-text-transliterated>Kdorkoli faše tole primadono bo to slabo za njih. Kako že gre tista ...
                    Osel gre samo enkrat na led. Torej Barca? Ni mi jasno zakaj hočejo dati pol ekipe za nekoga, ki mu
                    očitno nogomet že nekaj časa ni več prioriteta v življenju. Recept za katastrofo.
                </comment-text-transliterated>
            </comment>
            <comment comment-id="19">
                <comment-parent-id/>
                <comment-text>Če bi imel tok denarja kot ti šejki, bi obdržal Neymarja in ga posadil na klop do konca
                    pogodbe. Pa odidi pri 30. tih kot prosti igralec, ko te .... Noben si ga ne bo zapomnil po
                    nogometnem znanju. Ampak po 1000 in eni zdrahi. Res vzorno in pohvalno.
                </comment-text>
                <comment-text-transliterated>Če bi imel tok denarja kot ti šejki, bi obdržal Neymarja in ga posadil na
                    klop do konca pogodbe. Pa odidi pri 30. tih kot prosti igralec, ko te .... Noben si ga ne bo
                    zapomnil po nogometnem znanju. Ampak po 1000 in eni zdrahi. Res vzorno in pohvalno.
                </comment-text-transliterated>
            </comment>
            <comment comment-id="19-1">
                <comment-parent-id>19</comment-parent-id>
                <comment-text>tole kar si napisal bi te stalo 500 mio eur. a misliš, da če je nekdo miljarder , da bo
                    zato 500 mio vrgel skozi okno? ne gre to tako
                </comment-text>
                <comment-text-transliterated>tole kar si napisal bi te stalo 500 mio eur. a misliš, da če je nekdo
                    miljarder , da bo zato 500 mio vrgel skozi okno? ne gre to tako
                </comment-text-transliterated>
            </comment>
            <comment comment-id="19-2">
                <comment-parent-id>19</comment-parent-id>
                <comment-text>Bravo!</comment-text>
                <comment-text-transliterated>Bravo!</comment-text-transliterated>
            </comment>
            <comment comment-id="19-3">
                <comment-parent-id>19</comment-parent-id>
                <comment-text>Za njega bi naredil izjemo. Če mam 15 miljard, me boli za 500 miljonov če bi s tem dobil
                    osebno zadoščenje, da mu ukradem 3 leta kariere in možnosti za tako željeno zlato žogo. Sicer pa
                    glede na današnje dogodke bo Khalifa nardil točno tko, al ga bo pa v Eintracht poslal za 50 miljonov
                    hahahaha to bi bilo še bolje
                </comment-text>
                <comment-text-transliterated>Za njega bi naredil izjemo. Če mam 15 miljard, me boli za 500 miljonov če
                    bi s tem dobil osebno zadoščenje, da mu ukradem 3 leta kariere in možnosti za tako željeno zlato
                    žogo. Sicer pa glede na današnje dogodke bo Khalifa nardil točno tko, al ga bo pa v Eintracht poslal
                    za 50 miljonov hahahaha to bi bilo še bolje
                </comment-text-transliterated>
            </comment>
            <comment comment-id="20">
                <comment-parent-id/>
                <comment-text>Barca je PSGju ponudila Dembeleja,Rakitica,Valverdeja, 160M€,Shakiro,Messija+ 2 njegova
                    otroka,Ter stegna in se in se. PSG je ponudbo zavrnil,ker niso zeleli Valverdeja...
                </comment-text>
                <comment-text-transliterated>Barca je PSGju ponudila Dembeleja,Rakitica,Valverdeja,
                    160M€,Shakiro,Messija+ 2 njegova otroka,Ter stegna in se in se. PSG je ponudbo zavrnil,ker niso
                    zeleli Valverdeja...
                </comment-text-transliterated>
            </comment>
            <comment comment-id="20-1">
                <comment-parent-id>20</comment-parent-id>
                <comment-text>Hahahaha 🤣</comment-text>
                <comment-text-transliterated>Hahahaha 🤣</comment-text-transliterated>
            </comment>
            <comment comment-id="20-2">
                <comment-parent-id>20</comment-parent-id>
                <comment-text>🤣🤣🤣🤣</comment-text>
                <comment-text-transliterated>🤣🤣🤣🤣</comment-text-transliterated>
            </comment>
            <comment comment-id="21">
                <comment-parent-id/>
                <comment-text>Edina logična poteza je Dembele in Neymar glede na trenutne igralce in postavo. Pa še to
                    ne vem kaj bi manjkalo Griezmannu na levem boku? Sploh potrebujemo Neymarja?
                </comment-text>
                <comment-text-transliterated>Edina logična poteza je Dembele in Neymar glede na trenutne igralce in
                    postavo. Pa še to ne vem kaj bi manjkalo Griezmannu na levem boku? Sploh potrebujemo Neymarja?
                </comment-text-transliterated>
            </comment>
            <comment comment-id="21-1">
                <comment-parent-id>21</comment-parent-id>
                <comment-text>Ne! Otroci naj ostanejo v PSG.</comment-text>
                <comment-text-transliterated>Ne! Otroci naj ostanejo v PSG.</comment-text-transliterated>
            </comment>
            <comment comment-id="22">
                <comment-parent-id/>
                <comment-text>a se lahko to sranje ze enkrat zakljuci? vsak dan ene in iste bucke</comment-text>
                <comment-text-transliterated>a se lahko to sranje ze enkrat zakljuci? vsak dan ene in iste bucke
                </comment-text-transliterated>
            </comment>
            <comment comment-id="23">
                <comment-parent-id/>
                <comment-text>Kako Dembele zeli uspeti v Barci, ce pocne same neumnosti?! Kaksno pogodbo so sploh
                    podpisali z njim, da se ga ne morejo znebiti, brez da ga prepricajo, da odide sam? On lahko zamuja
                    na treninge in je tisto svynharijo od mcDonaldsa nonstop, Barca pa mu ne more nic, ali kako? Sicer
                    mi tudi Naymarja ni vec za prenasat, ampak proti temu francoskemu otrocaju je vseeno terna na
                    terenu!
                </comment-text>
                <comment-text-transliterated>Kako Dembele zeli uspeti v Barci, ce pocne same neumnosti?! Kaksno pogodbo
                    so sploh podpisali z njim, da se ga ne morejo znebiti, brez da ga prepricajo, da odide sam? On lahko
                    zamuja na treninge in je tisto svynharijo od mcDonaldsa nonstop, Barca pa mu ne more nic, ali kako?
                    Sicer mi tudi Naymarja ni vec za prenasat, ampak proti temu francoskemu otrocaju je vseeno terna na
                    terenu!
                </comment-text-transliterated>
            </comment>
            <comment comment-id="24">
                <comment-parent-id/>
                <comment-text>Dembele zagotovo ostaja, zato lahko nehate s temi vsakodnevnimi buckami in po vseh teh
                    novinarskih namigovanjih, bi rekel da ostaja tudi neymar.
                </comment-text>
                <comment-text-transliterated>Dembele zagotovo ostaja, zato lahko nehate s temi vsakodnevnimi buckami in
                    po vseh teh novinarskih namigovanjih, bi rekel da ostaja tudi neymar.
                </comment-text-transliterated>
            </comment>
            <comment comment-id="25">
                <comment-parent-id/>
                <comment-text>z to potezo zna Barca izgubit še tisto nekaj spoštovanja kar ga je imela. Da hočejo nazaj
                    igralca, kateri je na zelo grd način izsilil prestop v PSG, igralca kateri sicer ima kvalitete,
                    ampak po obnašanju pa ne dosega standardov velemojstra (valjanje po travi, izpadi, itd.). Recimo, da
                    so to le novinarske zgodbe in da Neymar ostane. kar si je zakuhal, to naj zdaj lepo poje. res srčno
                    upam, v dobro Barce, da se Neymar ne vrne. moje mnenje.
                </comment-text>
                <comment-text-transliterated>z to potezo zna Barca izgubit še tisto nekaj spoštovanja kar ga je imela.
                    Da hočejo nazaj igralca, kateri je na zelo grd način izsilil prestop v PSG, igralca kateri sicer ima
                    kvalitete, ampak po obnašanju pa ne dosega standardov velemojstra (valjanje po travi, izpadi, itd.).
                    Recimo, da so to le novinarske zgodbe in da Neymar ostane. kar si je zakuhal, to naj zdaj lepo poje.
                    res srčno upam, v dobro Barce, da se Neymar ne vrne. moje mnenje.
                </comment-text-transliterated>
            </comment>
            <comment comment-id="26">
                <comment-parent-id/>
                <comment-text>Katalonci ponujajo poleg Dembeleja še katarskega emirja. Novinarja nominirati za
                    Pulitzerjevo nagrado...... :-)
                </comment-text>
                <comment-text-transliterated>Katalonci ponujajo poleg Dembeleja še katarskega emirja. Novinarja
                    nominirati za Pulitzerjevo nagrado...... :-)
                </comment-text-transliterated>
            </comment>
            <comment comment-id="26-1">
                <comment-parent-id>26</comment-parent-id>
                <comment-text>Ja, res je...ha, ha</comment-text>
                <comment-text-transliterated>Ja, res je...ha, ha</comment-text-transliterated>
            </comment>
            <comment comment-id="27">
                <comment-parent-id/>
                <comment-text>Ne razumem, kdo je tako smotan v teh klubih, da te informacije hodijo v javnost ?
                </comment-text>
                <comment-text-transliterated>Ne razumem, kdo je tako smotan v teh klubih, da te informacije hodijo v
                    javnost ?
                </comment-text-transliterated>
            </comment>
            <comment comment-id="27-1">
                <comment-parent-id>27</comment-parent-id>
                <comment-text>Nihce, ker so lazi.</comment-text>
                <comment-text-transliterated>Nihce, ker so lazi.</comment-text-transliterated>
            </comment>
            <comment comment-id="28">
                <comment-parent-id/>
                <comment-text>K da majo kej od dembelea ,tamau misl da je prevec pomebn in da je nedotakljiv... ma
                    talent ampak vn iz barce!!
                </comment-text>
                <comment-text-transliterated>K da majo kej od dembelea ,tamau misl da je prevec pomebn in da je
                    nedotakljiv... ma talent ampak vn iz barce!!
                </comment-text-transliterated>
            </comment>
            <comment comment-id="29">
                <comment-parent-id/>
                <comment-text>Bog jim daj pameti da navjo tega sli delat, prosim ne neymarja nazaj, pa tut c se messi na
                    glavo postavi...
                </comment-text>
                <comment-text-transliterated>Bog jim daj pameti da navjo tega sli delat, prosim ne neymarja nazaj, pa
                    tut c se messi na glavo postavi...
                </comment-text-transliterated>
            </comment>
            <comment comment-id="29-1">
                <comment-parent-id>29</comment-parent-id>
                <comment-text>Zgleda , da ti veš bolje od Messija</comment-text>
                <comment-text-transliterated>Zgleda , da ti veš bolje od Messija</comment-text-transliterated>
            </comment>
            <comment comment-id="30">
                <comment-parent-id/>
                <comment-text>Velika skoda za Barco.... res groza.... Dembele je pravi igracina, le vec bi moral
                    igrati... Rakitic pa itak car ... ce se res obeh znebijo bodo naredili veliko napako....
                </comment-text>
                <comment-text-transliterated>Velika skoda za Barco.... res groza.... Dembele je pravi igracina, le vec
                    bi moral igrati... Rakitic pa itak car ... ce se res obeh znebijo bodo naredili veliko napako....
                </comment-text-transliterated>
            </comment>
            <comment comment-id="30-1">
                <comment-parent-id>30</comment-parent-id>
                <comment-text>Glede Dembeleja se strinjam. Samo vec minutaze zraven Griezmanna in se bo razvil. Raketa
                    pa je za mene svojo pokazal...
                </comment-text>
                <comment-text-transliterated>Glede Dembeleja se strinjam. Samo vec minutaze zraven Griezmanna in se bo
                    razvil. Raketa pa je za mene svojo pokazal...
                </comment-text-transliterated>
            </comment>
            <comment comment-id="30-2">
                <comment-parent-id>30</comment-parent-id>
                <comment-text>In kako naj bi Dembele več igral če je steklen. Tako lahko rečeš potem tudi za Balea,ki je
                    isti. Prdne pa se poškoduje
                </comment-text>
                <comment-text-transliterated>In kako naj bi Dembele več igral če je steklen. Tako lahko rečeš potem tudi
                    za Balea,ki je isti. Prdne pa se poškoduje
                </comment-text-transliterated>
            </comment>
            <comment comment-id="30-3">
                <comment-parent-id>30</comment-parent-id>
                <comment-text>Poškodbe so del nogometa. Je pokazal, da ve z žogo, obnašanje pa je druga stvar.
                </comment-text>
                <comment-text-transliterated>Poškodbe so del nogometa. Je pokazal, da ve z žogo, obnašanje pa je druga
                    stvar.
                </comment-text-transliterated>
            </comment>
            <comment comment-id="31">
                <comment-parent-id/>
                <comment-text>Hmmm...ne vem zakaj bi ponujali Dembeleja in Rakitića plus 130mil. za neko pokveko!? Pa
                    saj to je sanjski posel za PSG! Denar plus dva zeko dobra igralca, rešijo se pa butca. Nimaš kaj
                    razmišljat.
                </comment-text>
                <comment-text-transliterated>Hmmm...ne vem zakaj bi ponujali Dembeleja in Rakitića plus 130mil. za neko
                    pokveko!? Pa saj to je sanjski posel za PSG! Denar plus dva zeko dobra igralca, rešijo se pa butca.
                    Nimaš kaj razmišljat.
                </comment-text-transliterated>
            </comment>
            <comment comment-id="31-1">
                <comment-parent-id>31</comment-parent-id>
                <comment-text>itak da ne. Samo Barca je dovolj "trčena", da izpolnijo tale posel. PSG zmaga v vsakem
                    primeru. to je na žalost Barca. toliko zgrešenih nakupov, tale sedaj pa bo samo še pika na i če res
                    pride to tega. žalostno.
                </comment-text>
                <comment-text-transliterated>itak da ne. Samo Barca je dovolj "trčena", da izpolnijo tale posel. PSG
                    zmaga v vsakem primeru. to je na žalost Barca. toliko zgrešenih nakupov, tale sedaj pa bo samo še
                    pika na i če res pride to tega. žalostno.
                </comment-text-transliterated>
            </comment>
        </comment-list>
    </comments>
</document>