<document global-id="si-06-1049">
    <url>
        https://www.24ur.com/sport/nogomet/kek-brez-dlake-na-jeziku-kaj-nabijajo-pri-dinamu-z-veseljem-bi-imel-taksen-veter-v-hrbet-kot-oni.html
    </url>
    <source-id>si-06</source-id>
    <local-id>1049</local-id>
    <source-name>ur24</source-name>
    <article>
        <article-title>Kek brez dlake na jeziku: 'Kaj nabijajo pri Dinamu? Z veseljem bi imel takšen veter v hrbet kot
            oni ...'
        </article-title>
        <article-title-transliterated>Kek brez dlake na jeziku: 'Kaj nabijajo pri Dinamu? Z veseljem bi imel takšen
            veter v hrbet kot oni ...'
        </article-title-transliterated>
        <article-time>2016-12-05</article-time>
        <article-author>J.K.</article-author>
        <article-text>Veliki hrvaški derbi med zagrebškim Dinamom in Rijeko, ki jo vodi slovenski trener Matjaž Kek, se
            je prejšnji konec tedna končal brez zmagovalca (1:1). Rečani so imeli veliko pripomb na sojenje, predsednik
            Damir Mišković je celo napovedal protestni izstop iz Hrvaške nogometne zveze (HNS).

            Zdaj je strupeno ozračje s svojo izjavo še dodatno zaostril tudi slovenski trener Rijeke Matjaž Kek.
            Številni pravijo, da upravičeno, potem ko je bil Mariborčan na pragu svoje prve ligaške zmage na Maksimirju
            v karieri, a je Rijeka ob izključitvi edinega strelca Alexandra Gorgona na koncu prejela izenačujoči zadetek
            za končnih 1:1. Kek se tudi dva dni po tekmi ni povsem ohladil, za Hrvatski radio je povedal kar nekaj
            krepkih. "Govorijo o priložnosti Kneževića, a bil je meter in pol v prepovedanem položaju! In drugo, ko je
            bil prekršek. Kaj nabijajo? Res je, da 20 minut nismo bili dobri, še posebej v obrambnem skoku, Prskalo je
            nekaj ubranil, toda zato imaš vratarja. Ko pa smo to popravili ob polčasu, smo vedeli, da bo Dinamo začel
            nervozno, da jih lahko pričakamo na 'kontro', to pa je vžgalo," je vrelo iz Keka. "No, po našem golu jaz kot
            trener ne morem govoriti o normalni tekmi. Čudno bi bilo, da takšen Dinamo ni bil boljši, ni napadal. Spet
            pa smo mi imeli žogo za zmago. 'Okej' mi je bilo, kako smo se držali z igralcem manj, pritisk je bil velik.
            Čestital sem igralcem, a jih opozoril,da jih v nedeljo čaka zelo psihološko težka tekma."
            Dodal je še: "Zdaj naenkrat dobivamo enormno količino kartonov. Pred dvema ali tremi krogi pa smo bili ob
            Dinamu najkorektnejša ekipa. Zdaj delamo po 30 prekrškov, nasprotnik pa z nami sploh ni v kontaktu ... Če bi
            nas Dinamo tako razbil, kot govorijo ... Tudi jaz bi imel z veseljem takšen veter v hrbet, igralca več, pa
            da potem vidimo! Največje priznanje za nas pa je, da smo 'sprovocirali' 300 naših navijačev, da gredo na
            tekmo, to nam je največje priznanje. Igrali pa smo tako, da niso prišli zaman, razen 20 minut, v katerih smo
            bili res slabi. Ko smo se tresli in bili pod pritiskom, so nas dvignili in pomagali, da smo zdržali do
            konca."
            Rijeka je s točko v Zagrebu že osvojila jesenski naslov in ohranila šest točk naskoka pred najtrofejnejšim
            hrvaškim klubom. Dodatnih šest točk zaostaja splitski Hajduk, ki je v ponedeljek po odhodu Marijana Pušnika
            predstavil Koroščevega naslednika.
        </article-text>
        <article-text-transliterated>Veliki hrvaški derbi med zagrebškim Dinamom in Rijeko, ki jo vodi slovenski trener
            Matjaž Kek, se je prejšnji konec tedna končal brez zmagovalca (1:1). Rečani so imeli veliko pripomb na
            sojenje, predsednik Damir Mišković je celo napovedal protestni izstop iz Hrvaške nogometne zveze (HNS).

            Zdaj je strupeno ozračje s svojo izjavo še dodatno zaostril tudi slovenski trener Rijeke Matjaž Kek.
            Številni pravijo, da upravičeno, potem ko je bil Mariborčan na pragu svoje prve ligaške zmage na Maksimirju
            v karieri, a je Rijeka ob izključitvi edinega strelca Alexandra Gorgona na koncu prejela izenačujoči zadetek
            za končnih 1:1. Kek se tudi dva dni po tekmi ni povsem ohladil, za Hrvatski radio je povedal kar nekaj
            krepkih. "Govorijo o priložnosti Kneževića, a bil je meter in pol v prepovedanem položaju! In drugo, ko je
            bil prekršek. Kaj nabijajo? Res je, da 20 minut nismo bili dobri, še posebej v obrambnem skoku, Prskalo je
            nekaj ubranil, toda zato imaš vratarja. Ko pa smo to popravili ob polčasu, smo vedeli, da bo Dinamo začel
            nervozno, da jih lahko pričakamo na 'kontro', to pa je vžgalo," je vrelo iz Keka. "No, po našem golu jaz kot
            trener ne morem govoriti o normalni tekmi. Čudno bi bilo, da takšen Dinamo ni bil boljši, ni napadal. Spet
            pa smo mi imeli žogo za zmago. 'Okej' mi je bilo, kako smo se držali z igralcem manj, pritisk je bil velik.
            Čestital sem igralcem, a jih opozoril,da jih v nedeljo čaka zelo psihološko težka tekma."
            Dodal je še: "Zdaj naenkrat dobivamo enormno količino kartonov. Pred dvema ali tremi krogi pa smo bili ob
            Dinamu najkorektnejša ekipa. Zdaj delamo po 30 prekrškov, nasprotnik pa z nami sploh ni v kontaktu ... Če bi
            nas Dinamo tako razbil, kot govorijo ... Tudi jaz bi imel z veseljem takšen veter v hrbet, igralca več, pa
            da potem vidimo! Največje priznanje za nas pa je, da smo 'sprovocirali' 300 naših navijačev, da gredo na
            tekmo, to nam je največje priznanje. Igrali pa smo tako, da niso prišli zaman, razen 20 minut, v katerih smo
            bili res slabi. Ko smo se tresli in bili pod pritiskom, so nas dvignili in pomagali, da smo zdržali do
            konca."
            Rijeka je s točko v Zagrebu že osvojila jesenski naslov in ohranila šest točk naskoka pred najtrofejnejšim
            hrvaškim klubom. Dodatnih šest točk zaostaja splitski Hajduk, ki je v ponedeljek po odhodu Marijana Pušnika
            predstavil Koroščevega naslednika.
        </article-text-transliterated>
    </article>
    <comments>
        <comments-count>22</comments-count>
        <comment-list>
            <comment comment-id="1">
                <comment-parent-id/>
                <comment-text>Če ne bi imela Maribor in Olimpija sodnikov v ozadju, bi bila na nivoju Krškega in
                    Aluminija !!!!
                </comment-text>
                <comment-text-transliterated>Če ne bi imela Maribor in Olimpija sodnikov v ozadju, bi bila na nivoju
                    Krškega in Aluminija !!!!
                </comment-text-transliterated>
            </comment>
            <comment comment-id="2">
                <comment-parent-id/>
                <comment-text>mah slej kot prej bo Keku kapnilo, da je tam samo en klub, žal pofykan dinamo
                </comment-text>
                <comment-text-transliterated>mah slej kot prej bo Keku kapnilo, da je tam samo en klub, žal pofykan
                    dinamo
                </comment-text-transliterated>
            </comment>
            <comment comment-id="3">
                <comment-parent-id/>
                <comment-text>Vijole na delu. Minusi kar letijo. Zdraho ma vas rad....</comment-text>
                <comment-text-transliterated>Vijole na delu. Minusi kar letijo. Zdraho ma vas rad....
                </comment-text-transliterated>
            </comment>
            <comment comment-id="4">
                <comment-parent-id/>
                <comment-text>Ja Slovenec pa uspešen v njihovem nogometu to ne gre in če ga v klubu hočejo bodo pa
                    sodniki opravili svoje. Ali od Hrvata res lahko pričakuješ kaj drugega?
                </comment-text>
                <comment-text-transliterated>Ja Slovenec pa uspešen v njihovem nogometu to ne gre in če ga v klubu
                    hočejo bodo pa sodniki opravili svoje. Ali od Hrvata res lahko pričakuješ kaj drugega?
                </comment-text-transliterated>
            </comment>
            <comment comment-id="5">
                <comment-parent-id/>
                <comment-text>Ja naši bratje Hrvati bojo naredili ČISTO VSE da bo Dinamo prvak. Ker take sramote da bi
                    bil prvak Rijeka z Slovencem KEKOM na čelu pa ne bojo dovolili. Če jih ne bojo zlomili z sodniškimi
                    odločitvami jih bojo pa fizično izločili. Taki so . Saj pri nas tudi ni nič bolje. Zdrahovićev lobi
                    trdi da je prvo mesto v Sloveniji rezervirano za Vijoličaste. Kateri koli drugi klub si prosto po
                    Zdrahoviću tega ne zasluži!!!!!!!
                </comment-text>
                <comment-text-transliterated>Ja naši bratje Hrvati bojo naredili ČISTO VSE da bo Dinamo prvak. Ker take
                    sramote da bi bil prvak Rijeka z Slovencem KEKOM na čelu pa ne bojo dovolili. Če jih ne bojo zlomili
                    z sodniškimi odločitvami jih bojo pa fizično izločili. Taki so . Saj pri nas tudi ni nič bolje.
                    Zdrahovićev lobi trdi da je prvo mesto v Sloveniji rezervirano za Vijoličaste. Kateri koli drugi
                    klub si prosto po Zdrahoviću tega ne zasluži!!!!!!!
                </comment-text-transliterated>
            </comment>
            <comment comment-id="6">
                <comment-parent-id/>
                <comment-text>"sweet" totek nehaj,raje poglej,če nisi tekmo med Mariborom in Rudarjem,če si pošten pa
                    povej na kakšen način so tvoji zmagali!
                </comment-text>
                <comment-text-transliterated>"sweet" totek nehaj,raje poglej,če nisi tekmo med Mariborom in Rudarjem,če
                    si pošten pa povej na kakšen način so tvoji zmagali!
                </comment-text-transliterated>
            </comment>
            <comment comment-id="6-1">
                <comment-parent-id>6</comment-parent-id>
                <comment-text>Se ti je skisalo?</comment-text>
                <comment-text-transliterated>Se ti je skisalo?</comment-text-transliterated>
            </comment>
            <comment comment-id="7">
                <comment-parent-id/>
                <comment-text>Matjaž kek, velik človek in športnik. Če njemu dvignejo pritisk, potem nekaj je na tem, da
                    je bilo sojenje gnilo.
                </comment-text>
                <comment-text-transliterated>Matjaž kek, velik človek in športnik. Če njemu dvignejo pritisk, potem
                    nekaj je na tem, da je bilo sojenje gnilo.
                </comment-text-transliterated>
            </comment>
            <comment comment-id="8">
                <comment-parent-id/>
                <comment-text>Vsi najbogatejši v ligi in ligi prvakov poskrbijo za ustrezno sojenje.</comment-text>
                <comment-text-transliterated>Vsi najbogatejši v ligi in ligi prvakov poskrbijo za ustrezno sojenje.
                </comment-text-transliterated>
            </comment>
            <comment comment-id="9">
                <comment-parent-id/>
                <comment-text>POGLEDAL SEM NEKAJ POSNETKOV IN LAHKO REČEM, DA JE TO SVETOVNA KRAJA! ŠE V ČASU
                    JUGOSLAVIJE BI BIL V \"OSPREDJU\"! TEGA \"SODNIKA\" BI MORALI ZAPRETI!
                </comment-text>
                <comment-text-transliterated>POGLEDAL SEM NEKAJ POSNETKOV IN LAHKO REČEM, DA JE TO SVETOVNA KRAJA! ŠE V
                    ČASU JUGOSLAVIJE BI BIL V \"OSPREDJU\"! TEGA \"SODNIKA\" BI MORALI ZAPRETI!
                </comment-text-transliterated>
            </comment>
            <comment comment-id="9-1">
                <comment-parent-id>9</comment-parent-id>
                <comment-text>..pogledal tudi ,sj človek ne more verjeti da se kaj takega lahko dela !!!!!!
                </comment-text>
                <comment-text-transliterated>..pogledal tudi ,sj človek ne more verjeti da se kaj takega lahko dela
                    !!!!!!
                </comment-text-transliterated>
            </comment>
            <comment comment-id="10">
                <comment-parent-id/>
                <comment-text>Dinamo je ko Olimpija vse jim šenkajo in spregledajo.Ko pa kdaj pa kdaj sodnik ne piska
                    tako kot si želijo pa se jočejo kot mali otroci kakšne krivice se jim dogajajo in kako je drugim vse
                    šenkano le njim ne. Balkanizem ki ga je treba takoj iztrebit iz nogometa.
                </comment-text>
                <comment-text-transliterated>Dinamo je ko Olimpija vse jim šenkajo in spregledajo.Ko pa kdaj pa kdaj
                    sodnik ne piska tako kot si želijo pa se jočejo kot mali otroci kakšne krivice se jim dogajajo in
                    kako je drugim vse šenkano le njim ne. Balkanizem ki ga je treba takoj iztrebit iz nogometa.
                </comment-text-transliterated>
            </comment>
            <comment comment-id="10-1">
                <comment-parent-id>10</comment-parent-id>
                <comment-text>Si predstavljate da bi Milanič tako rekel kot Kek?Pa naši mediji ki so itak naklonjeni
                    Olimpiji bi ga raztrgali češ kaj si pa ti dovoliš.Glavnoma da lahko olimpijini igralci žalijo po
                    mili volji Maribor pa dobeden novinar nič.Če bi bilo obratno bi celi teden napepavali to temo pa še
                    kazen od NZSja bi prišla.Le toliko o fer igri v našem nogometu.
                </comment-text>
                <comment-text-transliterated>Si predstavljate da bi Milanič tako rekel kot Kek?Pa naši mediji ki so itak
                    naklonjeni Olimpiji bi ga raztrgali češ kaj si pa ti dovoliš.Glavnoma da lahko olimpijini igralci
                    žalijo po mili volji Maribor pa dobeden novinar nič.Če bi bilo obratno bi celi teden napepavali to
                    temo pa še kazen od NZSja bi prišla.Le toliko o fer igri v našem nogometu.
                </comment-text-transliterated>
            </comment>
            <comment comment-id="10-2">
                <comment-parent-id>10</comment-parent-id>
                <comment-text>jokat slišim običajno samo toteke. sodnik, trava, blato, veter. vsak vikend novi izgovori
                    in novo cviljenje iz čmariborja.
                </comment-text>
                <comment-text-transliterated>jokat slišim običajno samo toteke. sodnik, trava, blato, veter. vsak vikend
                    novi izgovori in novo cviljenje iz čmariborja.
                </comment-text-transliterated>
            </comment>
            <comment comment-id="10-3">
                <comment-parent-id>10</comment-parent-id>
                <comment-text>Periferija pac. Nimajo druzga k fuzbal pa ce kaksno zgubijo se jim cel avet podre kot
                    hiska iz kart. In tipicno krivi vsi sam oni ne :)
                </comment-text>
                <comment-text-transliterated>Periferija pac. Nimajo druzga k fuzbal pa ce kaksno zgubijo se jim cel avet
                    podre kot hiska iz kart. In tipicno krivi vsi sam oni ne :)
                </comment-text-transliterated>
            </comment>
            <comment comment-id="10-4">
                <comment-parent-id>10</comment-parent-id>
                <comment-text>Ne ser ite žabarji razvajeni, delat se spravite.</comment-text>
                <comment-text-transliterated>Ne ser ite žabarji razvajeni, delat se spravite.
                </comment-text-transliterated>
            </comment>
            <comment comment-id="10-5">
                <comment-parent-id>10</comment-parent-id>
                <comment-text>Sweety ne jokcaj...ko maribor končno dobi dostojnega tekmeca se vsi ubadate samo s sodniki
                    in podobnimi forami.Najbolje za vas je da Olimpija in še ostali prvi trije izstopijo iz lige,da
                    boste lahko suvereno zmagovali brez konkurence.Sramota!!!! Navadne štajerske jokice ste.(nisem
                    Ljubljančan in nisem navijač Olimpije,da ne bo pomote)
                </comment-text>
                <comment-text-transliterated>Sweety ne jokcaj...ko maribor končno dobi dostojnega tekmeca se vsi ubadate
                    samo s sodniki in podobnimi forami.Najbolje za vas je da Olimpija in še ostali prvi trije izstopijo
                    iz lige,da boste lahko suvereno zmagovali brez konkurence.Sramota!!!! Navadne štajerske jokice
                    ste.(nisem Ljubljančan in nisem navijač Olimpije,da ne bo pomote)
                </comment-text-transliterated>
            </comment>
            <comment comment-id="10-6">
                <comment-parent-id>10</comment-parent-id>
                <comment-text>pa čaki mal, a niste gledal zadnje tekme maribora? Če to ni bla kraja letošnje sezone pa
                    tut nevem kaj je.
                </comment-text>
                <comment-text-transliterated>pa čaki mal, a niste gledal zadnje tekme maribora? Če to ni bla kraja
                    letošnje sezone pa tut nevem kaj je.
                </comment-text-transliterated>
            </comment>
            <comment comment-id="10-7">
                <comment-parent-id>10</comment-parent-id>
                <comment-text>sweet... prevajaj nam Slovencem svoje kracarije: glavnoma da lahko olimpijini igralci
                    žalijo po mili volji Maribor pa dobeden novinar nič... Če bi bilo obratno bi celi teden
                    napepevali.... Ne morem verjeti, da lahko nekdo konča osnovno šolo s tako nizkim in primitivnim
                    izrazoslovjem....
                </comment-text>
                <comment-text-transliterated>sweet... prevajaj nam Slovencem svoje kracarije: glavnoma da lahko
                    olimpijini igralci žalijo po mili volji Maribor pa dobeden novinar nič... Če bi bilo obratno bi celi
                    teden napepevali.... Ne morem verjeti, da lahko nekdo konča osnovno šolo s tako nizkim in
                    primitivnim izrazoslovjem....
                </comment-text-transliterated>
            </comment>
            <comment comment-id="10-8">
                <comment-parent-id>10</comment-parent-id>
                <comment-text>Krtek007 ni bilo enajst metrovke v dobenem primeru.</comment-text>
                <comment-text-transliterated>Krtek007 ni bilo enajst metrovke v dobenem primeru.
                </comment-text-transliterated>
            </comment>
            <comment comment-id="10-9">
                <comment-parent-id>10</comment-parent-id>
                <comment-text>Zafustriranc!! To mora bolet, članek o KEKU in NJEGOVI IZJAVI komentarji pa o forsirani
                    Olimpiji in bogem Mariborčku!?!?!?! A dj no... Kar se pa Keka tiče, tip je car, mislim, da bo dobil
                    spomenik na Reki ko bo 1x odšel (če bo še dolgo tam mogoče še v času svojega dela). Da pa bo težko
                    prišel do naslova prvaka pa se po moje zaveda, ker Dinamo in njegovi ljudje vodijo tudi HNS. Pa
                    vseeno, srečno Matjaž z Reko.
                </comment-text>
                <comment-text-transliterated>Zafustriranc!! To mora bolet, članek o KEKU in NJEGOVI IZJAVI komentarji pa
                    o forsirani Olimpiji in bogem Mariborčku!?!?!?! A dj no... Kar se pa Keka tiče, tip je car, mislim,
                    da bo dobil spomenik na Reki ko bo 1x odšel (če bo še dolgo tam mogoče še v času svojega dela). Da
                    pa bo težko prišel do naslova prvaka pa se po moje zaveda, ker Dinamo in njegovi ljudje vodijo tudi
                    HNS. Pa vseeno, srečno Matjaž z Reko.
                </comment-text-transliterated>
            </comment>
            <comment comment-id="10-10">
                <comment-parent-id>10</comment-parent-id>
                <comment-text>sweet, hvala za polepšano jutro. Si me lepo nasmejal/a! hehehe takih frustracij pa še ne
                    :))
                </comment-text>
                <comment-text-transliterated>sweet, hvala za polepšano jutro. Si me lepo nasmejal/a! hehehe takih
                    frustracij pa še ne :))
                </comment-text-transliterated>
            </comment>
        </comment-list>
    </comments>
</document>