<document global-id="si-06-1389">
    <url>
        https://www.24ur.com/sport/nogomet/ne-griezmann-pepe-bi-moral-dobiti-nagrado-za-najboljsega-posameznika-ep-meni-francoska-legenda.html
    </url>
    <source-id>si-06</source-id>
    <local-id>1389</local-id>
    <source-name>ur24</source-name>
    <article>
        <article-title>Ne Griezmann – Pepe bi moral dobiti nagrado za najboljšega posameznika EP, meni francoska
            legenda
        </article-title>
        <article-title-transliterated>Ne Griezmann – Pepe bi moral dobiti nagrado za najboljšega posameznika EP, meni
            francoska legenda
        </article-title-transliterated>
        <article-time>2016-07-13</article-time>
        <article-author>J.K.</article-author>
        <article-text>Evropsko prvenstvo v nogometu je za nami. Naslov je osvojila Portugalska in po mnenju nekdanjega
            francoskega reprezentanta Franka Leboeufa bi morali Portugalci slaviti tudi v kategoriji najboljših
            posameznikov turnirja – nagrado je sicer dobil prvi strelec Eura, Francoz Antoine Griezmann.

            Nekdanji francoski reprezentant Frank Leboeuf je brez dlake na jeziku izjavil, da bi si branilec
            reprezentance Portugalske Pepe najbolj zaslužil naziv najboljšega posameznika evropskega prvenstva v
            nogometu. Portugalska je na Euru 2016 proti vsem pričakovanjem dvignila evropski naslov po finalnem dvoboju
            z močnimi domačini, čeprav so sredi prvega polčasa ostali brez prvega zvezdnika in kapetana Cristiana
            Ronalda. Prvi strelec EP s šestimi zadetki, Francoz Antoine Griezmann, je podobno kot v letošnjem finalu
            Lige prvakov zatajil, medtem ko je portugalska obramba na čelu s članom madridskega Reala Pepejem spet
            blestela. Galskim petelinom varovanci selektorja Fernanda Santosa niso dovolili zadetka, in Leboeuf meni, da
            bi morala Evropska nogometna zveza (Uefa) naslov najboljšega posameznika turnirja podeliti prav
            naturaliziranemu Brazilcu. Nagrado je v ponedeljek sicer dobil 25-letni Griezmann, ki je slabo začel nastope
            na prvenstvu in bil celo na klopi za drugo tekmo skupinskega dela z Albanijo, a se mu je nato odprlo.
            Leboeuf, nekdanji član Chelseaja in svetovni ter evropski prvak s Francijo, je po nedeljskem porazu s
            Portugalsko v Saint-Denisu (0:1) vseeno menil, da bi bil Pepe skupaj s klubskim soigralcem Garethom Balom,
            ki je blestel v vrstah Walesa, primernejši izbor.
            "Ni nujno, da se strinjam z odločitvijo," je Leboeuf dejal za RMC. "Uefa je vedno delovala tako. Najboljši
            posameznik tekme je vedno tisti igralec, ki doseže zadetek. Imate pa Pepeja, imate Garetha Bala, ki je nosil
            Wales. Bilo je več igralcev, ki so res pokazali vse svoje kvalitete. Pepe je bil v dobri formi od prve do
            zadnje tekme – v nasprotju z Griezmannom, ki druge niti ni odigral. Postavljali smo si vprašanja glede
            njegovega postavljanja ... V finalu je imel dve priložnosti in jih ni izkoristil. Nismo ga preveč videvali.
            Zelo mi je všeč, a ni (bil) najboljši nogometaš evropskega prvenstva," je dodal gologlavi srednji branilec,
            ki je zdaj oster strokovni komentator. Izbor najboljšega je buril duhove že na zadnjem svetovnem prvenstvu v
            Braziliji, kjer so ta naziv podelili še enemu poraženemu finalistu, Argentincu Lionelu Messiju, čeprav je v
            finalu slavila Nemčija in je več njenih reprezentantov (Manuel Neuer, Thomas Müller, Jerome Boateng ...)
            prikazalo odlične predstave. Morda je proti Pepeju "igralo" tudi njegovo vedenje s prvih tekem letošnjega
            prvenstva, ko se je znašel na udaru kritik predvsem zaradi simuliranja in protestiranja pri sodnikih. Tako
            kot brez Ronalda so se morali Portugalci sicer v polfinalu znajti tudi brez Pepeja, ki je z roba igrišča
            zaradi manjše poškodbe proslavljal zmago z 2:0 in uvrstitev v, kot se je izkazalo, zgodovinski finale.
        </article-text>
        <article-text-transliterated>Evropsko prvenstvo v nogometu je za nami. Naslov je osvojila Portugalska in po
            mnenju nekdanjega francoskega reprezentanta Franka Leboeufa bi morali Portugalci slaviti tudi v kategoriji
            najboljših posameznikov turnirja – nagrado je sicer dobil prvi strelec Eura, Francoz Antoine Griezmann.

            Nekdanji francoski reprezentant Frank Leboeuf je brez dlake na jeziku izjavil, da bi si branilec
            reprezentance Portugalske Pepe najbolj zaslužil naziv najboljšega posameznika evropskega prvenstva v
            nogometu. Portugalska je na Euru 2016 proti vsem pričakovanjem dvignila evropski naslov po finalnem dvoboju
            z močnimi domačini, čeprav so sredi prvega polčasa ostali brez prvega zvezdnika in kapetana Cristiana
            Ronalda. Prvi strelec EP s šestimi zadetki, Francoz Antoine Griezmann, je podobno kot v letošnjem finalu
            Lige prvakov zatajil, medtem ko je portugalska obramba na čelu s članom madridskega Reala Pepejem spet
            blestela. Galskim petelinom varovanci selektorja Fernanda Santosa niso dovolili zadetka, in Leboeuf meni, da
            bi morala Evropska nogometna zveza (Uefa) naslov najboljšega posameznika turnirja podeliti prav
            naturaliziranemu Brazilcu. Nagrado je v ponedeljek sicer dobil 25-letni Griezmann, ki je slabo začel nastope
            na prvenstvu in bil celo na klopi za drugo tekmo skupinskega dela z Albanijo, a se mu je nato odprlo.
            Leboeuf, nekdanji član Chelseaja in svetovni ter evropski prvak s Francijo, je po nedeljskem porazu s
            Portugalsko v Saint-Denisu (0:1) vseeno menil, da bi bil Pepe skupaj s klubskim soigralcem Garethom Balom,
            ki je blestel v vrstah Walesa, primernejši izbor.
            "Ni nujno, da se strinjam z odločitvijo," je Leboeuf dejal za RMC. "Uefa je vedno delovala tako. Najboljši
            posameznik tekme je vedno tisti igralec, ki doseže zadetek. Imate pa Pepeja, imate Garetha Bala, ki je nosil
            Wales. Bilo je več igralcev, ki so res pokazali vse svoje kvalitete. Pepe je bil v dobri formi od prve do
            zadnje tekme – v nasprotju z Griezmannom, ki druge niti ni odigral. Postavljali smo si vprašanja glede
            njegovega postavljanja ... V finalu je imel dve priložnosti in jih ni izkoristil. Nismo ga preveč videvali.
            Zelo mi je všeč, a ni (bil) najboljši nogometaš evropskega prvenstva," je dodal gologlavi srednji branilec,
            ki je zdaj oster strokovni komentator. Izbor najboljšega je buril duhove že na zadnjem svetovnem prvenstvu v
            Braziliji, kjer so ta naziv podelili še enemu poraženemu finalistu, Argentincu Lionelu Messiju, čeprav je v
            finalu slavila Nemčija in je več njenih reprezentantov (Manuel Neuer, Thomas Müller, Jerome Boateng ...)
            prikazalo odlične predstave. Morda je proti Pepeju "igralo" tudi njegovo vedenje s prvih tekem letošnjega
            prvenstva, ko se je znašel na udaru kritik predvsem zaradi simuliranja in protestiranja pri sodnikih. Tako
            kot brez Ronalda so se morali Portugalci sicer v polfinalu znajti tudi brez Pepeja, ki je z roba igrišča
            zaradi manjše poškodbe proslavljal zmago z 2:0 in uvrstitev v, kot se je izkazalo, zgodovinski finale.
        </article-text-transliterated>
    </article>
    <comments>
        <comments-count>40</comments-count>
        <comment-list>
            <comment comment-id="1">
                <comment-parent-id/>
                <comment-text>zakaj more bit ronaldo zraven na sliki gdo pa je on?</comment-text>
                <comment-text-transliterated>zakaj more bit ronaldo zraven na sliki gdo pa je on?
                </comment-text-transliterated>
            </comment>
            <comment comment-id="1-1">
                <comment-parent-id>1</comment-parent-id>
                <comment-text>Zakaj sprašuješ kdo je, če veš kdo je....?</comment-text>
                <comment-text-transliterated>Zakaj sprašuješ kdo je, če veš kdo je....?</comment-text-transliterated>
            </comment>
            <comment comment-id="1-2">
                <comment-parent-id>1</comment-parent-id>
                <comment-text>če bi bil messi na sliki bi blo pa vredo ane</comment-text>
                <comment-text-transliterated>če bi bil messi na sliki bi blo pa vredo ane</comment-text-transliterated>
            </comment>
            <comment comment-id="1-3">
                <comment-parent-id>1</comment-parent-id>
                <comment-text>pise gdo je in nvem za mediji tolk izpostavljajo pa nezna brcnit zoge</comment-text>
                <comment-text-transliterated>pise gdo je in nvem za mediji tolk izpostavljajo pa nezna brcnit zoge
                </comment-text-transliterated>
            </comment>
            <comment comment-id="2">
                <comment-parent-id/>
                <comment-text>ne ronaldo bi jo mogu dobit hehe če je ze zbran za napadalca EP to pa sam mediji vejo
                    zakaj haha smesno toda resnicno
                </comment-text>
                <comment-text-transliterated>ne ronaldo bi jo mogu dobit hehe če je ze zbran za napadalca EP to pa sam
                    mediji vejo zakaj haha smesno toda resnicno
                </comment-text-transliterated>
            </comment>
            <comment comment-id="3">
                <comment-parent-id/>
                <comment-text>in kdaj je bilo to evropsko prvenstvo ?? CR je dokazal in ne samo sedaj , da je klubski
                    igralec , kjer vlada režim kapitalista in tako morajo se podrejat temu načinu ,, drugače gledano je
                    CR v celoti gledano ibralec povprečja
                </comment-text>
                <comment-text-transliterated>in kdaj je bilo to evropsko prvenstvo ?? CR je dokazal in ne samo sedaj ,
                    da je klubski igralec , kjer vlada režim kapitalista in tako morajo se podrejat temu načinu ,,
                    drugače gledano je CR v celoti gledano ibralec povprečja
                </comment-text-transliterated>
            </comment>
            <comment comment-id="3-1">
                <comment-parent-id>3</comment-parent-id>
                <comment-text>Ko si ti spal</comment-text>
                <comment-text-transliterated>Ko si ti spal</comment-text-transliterated>
            </comment>
            <comment comment-id="3-2">
                <comment-parent-id>3</comment-parent-id>
                <comment-text>;)</comment-text>
                <comment-text-transliterated>;)</comment-text-transliterated>
            </comment>
            <comment comment-id="3-3">
                <comment-parent-id>3</comment-parent-id>
                <comment-text>Mene je pa pozitivno presenetil s svojo igro in je pokazal veliko željo, kar cenim.
                    Medtem, ko pa je Messi na svetovnem prvenstvu dobil lovoriko popolnoma nezasluženo...
                </comment-text>
                <comment-text-transliterated>Mene je pa pozitivno presenetil s svojo igro in je pokazal veliko željo,
                    kar cenim. Medtem, ko pa je Messi na svetovnem prvenstvu dobil lovoriko popolnoma nezasluženo...
                </comment-text-transliterated>
            </comment>
            <comment comment-id="4">
                <comment-parent-id/>
                <comment-text>se strinjam s frankom lebufom ...</comment-text>
                <comment-text-transliterated>se strinjam s frankom lebufom ...</comment-text-transliterated>
            </comment>
            <comment comment-id="5">
                <comment-parent-id/>
                <comment-text>Francoska legenda :D pa ene 50 je blo boljših od njega</comment-text>
                <comment-text-transliterated>Francoska legenda :D pa ene 50 je blo boljših od njega
                </comment-text-transliterated>
            </comment>
            <comment comment-id="6">
                <comment-parent-id/>
                <comment-text>Zakaj že???</comment-text>
                <comment-text-transliterated>Zakaj že???</comment-text-transliterated>
            </comment>
            <comment comment-id="7">
                <comment-parent-id/>
                <comment-text>A res, Pepe? Po mojem skromnem prepričanju je to igralec, ki bi moral dobiti nagrado za
                    najbolj nešportno vedenje. Ne gre mu očitati znanja, vendar je pri njem največji problem, ko pogosto
                    prevladuje pretirana grobost in pokvarjenost in bolj kot grobost me moti pokvarjenost. Griezmann pa
                    je športnik, ne pada kar tako, se bori in predvsem igra športno. Prav je, da se v prvi vrsti nagradi
                    športnike, ki so zgled drugim ne samo po dosežkih temveč ali predvsem po športnem vedenju.
                    Portugalci so do finala prišli po nekem čudežu in na koncu naj bi taka ekipa pobrala vse lovorike?
                    Ronaldo je jokal, skakal, se valjal ... vse prav filmsko. Če ste opazili se je igra Portugalcev po
                    odhodu Ronalda spremenila, kot da bi se sprostili in začeli igrati kot znajo? To za Ronalda ni
                    kompliment, to je nekaj kar bi ga moralo skrbeti. Hvaljenje po tekmi, da je napovedal gol?? Dejstvo
                    je, če bi ta igralec začel tekmo namesto Ronalda, bi se morda zadeva zaključila v korist Portugalcev
                    že v rednem delu. Kar težko je bilo gledati Portugalce, ko so vsi igrali za Ronalda, kako so se
                    trudili, da bi mu ustregli, da bi bilo kot si je on zamislil pa čeprav narobe. Brez dvoma bo dobil
                    zlato žogo, ker je blagovna znamka, ki se prodaja, ker je tak kot je, privlačen za medije ko je
                    dober in ko ni!
                </comment-text>
                <comment-text-transliterated>A res, Pepe? Po mojem skromnem prepričanju je to igralec, ki bi moral
                    dobiti nagrado za najbolj nešportno vedenje. Ne gre mu očitati znanja, vendar je pri njem največji
                    problem, ko pogosto prevladuje pretirana grobost in pokvarjenost in bolj kot grobost me moti
                    pokvarjenost. Griezmann pa je športnik, ne pada kar tako, se bori in predvsem igra športno. Prav je,
                    da se v prvi vrsti nagradi športnike, ki so zgled drugim ne samo po dosežkih temveč ali predvsem po
                    športnem vedenju. Portugalci so do finala prišli po nekem čudežu in na koncu naj bi taka ekipa
                    pobrala vse lovorike? Ronaldo je jokal, skakal, se valjal ... vse prav filmsko. Če ste opazili se je
                    igra Portugalcev po odhodu Ronalda spremenila, kot da bi se sprostili in začeli igrati kot znajo? To
                    za Ronalda ni kompliment, to je nekaj kar bi ga moralo skrbeti. Hvaljenje po tekmi, da je napovedal
                    gol?? Dejstvo je, če bi ta igralec začel tekmo namesto Ronalda, bi se morda zadeva zaključila v
                    korist Portugalcev že v rednem delu. Kar težko je bilo gledati Portugalce, ko so vsi igrali za
                    Ronalda, kako so se trudili, da bi mu ustregli, da bi bilo kot si je on zamislil pa čeprav narobe.
                    Brez dvoma bo dobil zlato žogo, ker je blagovna znamka, ki se prodaja, ker je tak kot je, privlačen
                    za medije ko je dober in ko ni!
                </comment-text-transliterated>
            </comment>
            <comment comment-id="7-1">
                <comment-parent-id>7</comment-parent-id>
                <comment-text>zlato žogo...zakaj že???</comment-text>
                <comment-text-transliterated>zlato žogo...zakaj že???</comment-text-transliterated>
            </comment>
            <comment comment-id="7-2">
                <comment-parent-id>7</comment-parent-id>
                <comment-text>kritika1 se popolnoma strinjam s tabo. zakaj zlato žogo? saj je kritika1</comment-text>
                <comment-text-transliterated>kritika1 se popolnoma strinjam s tabo. zakaj zlato žogo? saj je kritika1
                </comment-text-transliterated>
            </comment>
            <comment comment-id="7-3">
                <comment-parent-id>7</comment-parent-id>
                <comment-text>že vse povedal, beri med vrsticami</comment-text>
                <comment-text-transliterated>že vse povedal, beri med vrsticami</comment-text-transliterated>
            </comment>
            <comment comment-id="8">
                <comment-parent-id/>
                <comment-text>Ja kaj za boga je pa on naredil lepo vas prosim!? Gnil kot Ronaldo in pol njihove ekipe!
                    Še Italijani se nikoli niso tako prišlepali do naslova!
                </comment-text>
                <comment-text-transliterated>Ja kaj za boga je pa on naredil lepo vas prosim!? Gnil kot Ronaldo in pol
                    njihove ekipe! Še Italijani se nikoli niso tako prišlepali do naslova!
                </comment-text-transliterated>
            </comment>
            <comment comment-id="8-1">
                <comment-parent-id>8</comment-parent-id>
                <comment-text>minus zaradi žaljenja italjanov</comment-text>
                <comment-text-transliterated>minus zaradi žaljenja italjanov</comment-text-transliterated>
            </comment>
            <comment comment-id="9">
                <comment-parent-id/>
                <comment-text>Bu</comment-text>
                <comment-text-transliterated>Bu</comment-text-transliterated>
            </comment>
            <comment comment-id="10">
                <comment-parent-id/>
                <comment-text>Ja je treba priznat, tud glavo bi pod vljar postavu samo da gol ne pade.</comment-text>
                <comment-text-transliterated>Ja je treba priznat, tud glavo bi pod vljar postavu samo da gol ne pade.
                </comment-text-transliterated>
            </comment>
            <comment comment-id="11">
                <comment-parent-id/>
                <comment-text>realno si jo je griezman se najboljs zasluzil......a se spomnete zadnjega svetovnega
                    prvenstva kdo je dobil nagrado pa čeprav je bilo pred njim vsaj 3-5 igralcev? hahahahh....griezman
                    pa posteno dobil nagrado tako kot bo dobil ronaldo zlato žogo.....
                </comment-text>
                <comment-text-transliterated>realno si jo je griezman se najboljs zasluzil......a se spomnete zadnjega
                    svetovnega prvenstva kdo je dobil nagrado pa čeprav je bilo pred njim vsaj 3-5 igralcev?
                    hahahahh....griezman pa posteno dobil nagrado tako kot bo dobil ronaldo zlato žogo.....
                </comment-text-transliterated>
            </comment>
            <comment comment-id="12">
                <comment-parent-id/>
                <comment-text>POR-TU-GAL!!!! ;)</comment-text>
                <comment-text-transliterated>POR-TU-GAL!!!! ;)</comment-text-transliterated>
            </comment>
            <comment comment-id="13">
                <comment-parent-id/>
                <comment-text>Dejstvo je, da je po obnasanju Pepe najslabsi mozni nogometas in kot tak ne more dobiti
                    nagrade, ki ima tudi neko reklamno vrednost za šport. V pravičnem svetu Pepe sploh ne bi smel vec
                    igrati nogometa, ker je v preteklosti imel kar veliko veliko ekscesov na igrišču.
                </comment-text>
                <comment-text-transliterated>Dejstvo je, da je po obnasanju Pepe najslabsi mozni nogometas in kot tak ne
                    more dobiti nagrade, ki ima tudi neko reklamno vrednost za šport. V pravičnem svetu Pepe sploh ne bi
                    smel vec igrati nogometa, ker je v preteklosti imel kar veliko veliko ekscesov na igrišču.
                </comment-text-transliterated>
            </comment>
            <comment comment-id="13-1">
                <comment-parent-id>13</comment-parent-id>
                <comment-text>še en ko spremlja nogomet zadnjih 5let.....kar se pepeja tiče pa mislim da ni dobil
                    rdečega kartona ze vsaj 3leta kar se klubskega in reprezentančnega nastopanja tiče....fant se je
                    umiril...res da je imell svoje izpade ampak kdo jih pa pod murinjem nima??....ne govori na pamet
                    ampak prvo poglej dejstva....hejtrček
                </comment-text>
                <comment-text-transliterated>še en ko spremlja nogomet zadnjih 5let.....kar se pepeja tiče pa mislim da
                    ni dobil rdečega kartona ze vsaj 3leta kar se klubskega in reprezentančnega nastopanja tiče....fant
                    se je umiril...res da je imell svoje izpade ampak kdo jih pa pod murinjem nima??....ne govori na
                    pamet ampak prvo poglej dejstva....hejtrček
                </comment-text-transliterated>
            </comment>
            <comment comment-id="13-2">
                <comment-parent-id>13</comment-parent-id>
                <comment-text>A ga ni dobil na SP-ju... umiril se je samo mu se veliko manjka da neke normale...
                </comment-text>
                <comment-text-transliterated>A ga ni dobil na SP-ju... umiril se je samo mu se veliko manjka da neke
                    normale...
                </comment-text-transliterated>
            </comment>
            <comment comment-id="13-3">
                <comment-parent-id>13</comment-parent-id>
                <comment-text>Nikoli ne veš, kdaj njegova jeza spet izbruhne, taki kot je Pepe so večno nevarni....
                </comment-text>
                <comment-text-transliterated>Nikoli ne veš, kdaj njegova jeza spet izbruhne, taki kot je Pepe so večno
                    nevarni....
                </comment-text-transliterated>
            </comment>
            <comment comment-id="14">
                <comment-parent-id/>
                <comment-text>Pa dobro saj vsi vemo da nagrado bi moral dobit Dominator,lobiji so naredili svoje
                </comment-text>
                <comment-text-transliterated>Pa dobro saj vsi vemo da nagrado bi moral dobit Dominator,lobiji so
                    naredili svoje
                </comment-text-transliterated>
            </comment>
            <comment comment-id="15">
                <comment-parent-id/>
                <comment-text>Tuki dileme ni,PEPE z NASKOKOM najzasluznejsi za letošnje uspehe Portugalske in Reala!!!!
                    Z NASKOKOM!!!
                </comment-text>
                <comment-text-transliterated>Tuki dileme ni,PEPE z NASKOKOM najzasluznejsi za letošnje uspehe
                    Portugalske in Reala!!!! Z NASKOKOM!!!
                </comment-text-transliterated>
            </comment>
            <comment comment-id="15-1">
                <comment-parent-id>15</comment-parent-id>
                <comment-text>Je on branil v finalu... mislim da ne... je zabil za zmago?? Treba je pa reci da je svojo
                    nalogo opravil dobro ... je igral celo sezono pri realu...
                </comment-text>
                <comment-text-transliterated>Je on branil v finalu... mislim da ne... je zabil za zmago?? Treba je pa
                    reci da je svojo nalogo opravil dobro ... je igral celo sezono pri realu...
                </comment-text-transliterated>
            </comment>
            <comment comment-id="16">
                <comment-parent-id/>
                <comment-text>zdej pa že naravnost pretiravate s to cristiano</comment-text>
                <comment-text-transliterated>zdej pa že naravnost pretiravate s to cristiano
                </comment-text-transliterated>
            </comment>
            <comment comment-id="16-1">
                <comment-parent-id>16</comment-parent-id>
                <comment-text>mhmm..........kje je članek o *cristiano*? Branje ti ni najbližje, kaj....</comment-text>
                <comment-text-transliterated>mhmm..........kje je članek o *cristiano*? Branje ti ni najbližje,
                    kaj....
                </comment-text-transliterated>
            </comment>
            <comment comment-id="16-2">
                <comment-parent-id>16</comment-parent-id>
                <comment-text>Borut tebi pa pamet ni najbližja, no nihče ni popoln, ti si pa daleč od povprečja
                </comment-text>
                <comment-text-transliterated>Borut tebi pa pamet ni najbližja, no nihče ni popoln, ti si pa daleč od
                    povprečja
                </comment-text-transliterated>
            </comment>
            <comment comment-id="16-3">
                <comment-parent-id>16</comment-parent-id>
                <comment-text>No članek je treba v prvi meri dobro prebrat, šele potem se ga komentira, tako da jaz mu
                    dam kar prav.
                </comment-text>
                <comment-text-transliterated>No članek je treba v prvi meri dobro prebrat, šele potem se ga komentira,
                    tako da jaz mu dam kar prav.
                </comment-text-transliterated>
            </comment>
            <comment comment-id="16-4">
                <comment-parent-id>16</comment-parent-id>
                <comment-text>krnekilojz....no o tem govorim. Si lep *primer*, kako se je evolucija za določenega
                    človeka končala tam še v bronasti dobi. Sicer pa, tudi takšni morate obstajati, da ima kdo kej od
                    vas.....Pa brez zamere, je le klepet.
                </comment-text>
                <comment-text-transliterated>krnekilojz....no o tem govorim. Si lep *primer*, kako se je evolucija za
                    določenega človeka končala tam še v bronasti dobi. Sicer pa, tudi takšni morate obstajati, da ima
                    kdo kej od vas.....Pa brez zamere, je le klepet.
                </comment-text-transliterated>
            </comment>
            <comment comment-id="16-5">
                <comment-parent-id>16</comment-parent-id>
                <comment-text>Slika Kristine mora biti povsod.</comment-text>
                <comment-text-transliterated>Slika Kristine mora biti povsod.</comment-text-transliterated>
            </comment>
            <comment comment-id="16-6">
                <comment-parent-id>16</comment-parent-id>
                <comment-text>hahaha:)</comment-text>
                <comment-text-transliterated>hahaha:)</comment-text-transliterated>
            </comment>
            <comment comment-id="16-7">
                <comment-parent-id>16</comment-parent-id>
                <comment-text>hvala bogu...sej si to tut zasluži..se ti ne zdi..kaj pa naj bo v članku o
                    Portugalski...slika od Adi Smolarja?!?!? kekec!! :)
                </comment-text>
                <comment-text-transliterated>hvala bogu...sej si to tut zasluži..se ti ne zdi..kaj pa naj bo v članku o
                    Portugalski...slika od Adi Smolarja?!?!? kekec!! :)
                </comment-text-transliterated>
            </comment>
            <comment comment-id="17">
                <comment-parent-id/>
                <comment-text>realno gledano je taprav dobil nagrado</comment-text>
                <comment-text-transliterated>realno gledano je taprav dobil nagrado</comment-text-transliterated>
            </comment>
            <comment comment-id="17-1">
                <comment-parent-id>17</comment-parent-id>
                <comment-text>Nani !</comment-text>
                <comment-text-transliterated>Nani !</comment-text-transliterated>
            </comment>
            <comment comment-id="17-2">
                <comment-parent-id>17</comment-parent-id>
                <comment-text>jz sem za Portugal v finalu ampak Grizman si je zaslužil tole nagrado</comment-text>
                <comment-text-transliterated>jz sem za Portugal v finalu ampak Grizman si je zaslužil tole nagrado
                </comment-text-transliterated>
            </comment>
        </comment-list>
    </comments>
</document>