<document global-id="si-06-1117">
    <url>https://www.24ur.com/sport/ostalo/kyrgiosa-dolg-jezik-in-nesportno-obnasanje-stala-17-600-evrov.html</url>
    <source-id>si-06</source-id>
    <local-id>1117</local-id>
    <source-name>ur24</source-name>
    <article>
        <article-title>Kyrgiosa 'dolg jezik' in nešportno obnašanje stala 17.600 evrov</article-title>
        <article-title-transliterated>Kyrgiosa 'dolg jezik' in nešportno obnašanje stala 17.600 evrov
        </article-title-transliterated>
        <article-time>2019-06-21</article-time>
        <article-author>Ž.L.</article-author>
        <article-text>Poredni deček tenisa, Avstralec Nick Kyrgios, bo moral zaradi svojega vihravega značaja in
            nešportnega vedenja znova odpreti denarnico. Nadzornik ATP na turnirju v Londonu ga je zaradi dveh
            incidentov kaznoval s plačilom 20.000 dolarjev (17.600 €).

            Štiriindvajsetletni Nick Kyrgios, ki je bil prejšnji mesec diskvalificiran s turnirja v Rimu, ker je v
            navalu jeze zgrabil stol in ga zalučal po igrišču, si je prvi izpad privoščil v prvem krogu. Po neki
            sodniški odločitvi je najprej grozil, da bo zapustil igrišče, nato se je delal norca iz linijskega sodnika,
            pred zmago proti Špancu Robertu Carballesu Baeni pa je izgubljal čas in si čez ograjo ogledoval dvoboj na
            sosednjem igrišču.
            "Se zaj******? Žogico pošilja izven polja. Brez zaj********! Kaj sploh počneš tam zgoraj? Žogica je bila
            zunaj. Res me zanima, kaj počneš," je napadel irskega sodnika Fergusa Murphyja, ko naj bi ta spregledal
            dvojno napako Španca, ki bi pomenila, da bi Kyrgios dobil prvi niz. Kljub opozorilu zaradi nešportnega
            obnašanja se Kyrgios ni umiril. "Žogica ne bi mogla biti bolj zunaj, kot je bila. Nisi videl njegovega
            drugega servisa? Ne morem verjeti. Sodnik se zaj***** z mano. Smešno. Res je smešno," je bil zgolj eden iz
            med Avstralčevih izpadov med omenjenim obračunom. Že je izgledalo, da bo Kyrgios nadaljeval s partijo, pa se
            je znova obrnil proti sodniškemu stolpu. "Poleg tega pa imaš tudi smešen klobuk. Zakaj ga sploh nosiš? Sonca
            ni na spregled," je dejal kontroverzni Kyrgios in nasmejal prisotne gledalce.
            V četrtek se je Kyrgios srečal z mladim Kanadčanom Felixom Auger-Aliassimom in izgubil s 5:7 v tretjem nizu.
            Ko mu je tekmec odvzel odločilni servis za zmago, je Avstralec zalučal lopar preko tribun z
            gledalci. Kygrios se ni umiril niti na novinarski konferenci, kjer je sodnike obtožil, da imajo dvojna
            merila in da za svoje napake ne odgovarjajo oziroma niso kaznovani.
        </article-text>
        <article-text-transliterated>Poredni deček tenisa, Avstralec Nick Kyrgios, bo moral zaradi svojega vihravega
            značaja in nešportnega vedenja znova odpreti denarnico. Nadzornik ATP na turnirju v Londonu ga je zaradi
            dveh incidentov kaznoval s plačilom 20.000 dolarjev (17.600 €).

            Štiriindvajsetletni Nick Kyrgios, ki je bil prejšnji mesec diskvalificiran s turnirja v Rimu, ker je v
            navalu jeze zgrabil stol in ga zalučal po igrišču, si je prvi izpad privoščil v prvem krogu. Po neki
            sodniški odločitvi je najprej grozil, da bo zapustil igrišče, nato se je delal norca iz linijskega sodnika,
            pred zmago proti Špancu Robertu Carballesu Baeni pa je izgubljal čas in si čez ograjo ogledoval dvoboj na
            sosednjem igrišču.
            "Se zaj******? Žogico pošilja izven polja. Brez zaj********! Kaj sploh počneš tam zgoraj? Žogica je bila
            zunaj. Res me zanima, kaj počneš," je napadel irskega sodnika Fergusa Murphyja, ko naj bi ta spregledal
            dvojno napako Španca, ki bi pomenila, da bi Kyrgios dobil prvi niz. Kljub opozorilu zaradi nešportnega
            obnašanja se Kyrgios ni umiril. "Žogica ne bi mogla biti bolj zunaj, kot je bila. Nisi videl njegovega
            drugega servisa? Ne morem verjeti. Sodnik se zaj***** z mano. Smešno. Res je smešno," je bil zgolj eden iz
            med Avstralčevih izpadov med omenjenim obračunom. Že je izgledalo, da bo Kyrgios nadaljeval s partijo, pa se
            je znova obrnil proti sodniškemu stolpu. "Poleg tega pa imaš tudi smešen klobuk. Zakaj ga sploh nosiš? Sonca
            ni na spregled," je dejal kontroverzni Kyrgios in nasmejal prisotne gledalce.
            V četrtek se je Kyrgios srečal z mladim Kanadčanom Felixom Auger-Aliassimom in izgubil s 5:7 v tretjem nizu.
            Ko mu je tekmec odvzel odločilni servis za zmago, je Avstralec zalučal lopar preko tribun z
            gledalci. Kygrios se ni umiril niti na novinarski konferenci, kjer je sodnike obtožil, da imajo dvojna
            merila in da za svoje napake ne odgovarjajo oziroma niso kaznovani.
        </article-text-transliterated>
    </article>
    <comments>
        <comments-count>3</comments-count>
        <comment-list>
            <comment comment-id="1">
                <comment-parent-id/>
                <comment-text>sploh ne vem, zakaj ga organizatorji vabijo na turnirje. sam osebno ga ne bi, pa naj se
                    potem sekira. ce bi bili sodniki pametni, bi bojkotirali njegove dvoboje. ze do navijacev je nefer,
                    da placajo vstopnice, potem pa ta hlapec skoraj vsak dvoboj predcasno konca.
                </comment-text>
                <comment-text-transliterated>sploh ne vem, zakaj ga organizatorji vabijo na turnirje. sam osebno ga ne
                    bi, pa naj se potem sekira. ce bi bili sodniki pametni, bi bojkotirali njegove dvoboje. ze do
                    navijacev je nefer, da placajo vstopnice, potem pa ta hlapec skoraj vsak dvoboj predcasno konca.
                </comment-text-transliterated>
            </comment>
            <comment comment-id="2">
                <comment-parent-id/>
                <comment-text>Prepoved za vedno antipaticen</comment-text>
                <comment-text-transliterated>Prepoved za vedno antipaticen</comment-text-transliterated>
            </comment>
            <comment comment-id="3">
                <comment-parent-id/>
                <comment-text>Jst bi mu kar naložil par mesecev brez dovoljenja nastopanja, brezobraznez</comment-text>
                <comment-text-transliterated>Jst bi mu kar naložil par mesecev brez dovoljenja nastopanja,
                    brezobraznez
                </comment-text-transliterated>
            </comment>
        </comment-list>
    </comments>
</document>