<document global-id="si-06-1430">
    <url>
        https://www.24ur.com/novice/slovenija/ste-prejeli-sms-za-nagradno-igro-nikar-ne-nasedajte-gre-za-goljufijo.html
    </url>
    <source-id>si-06</source-id>
    <local-id>1430</local-id>
    <source-name>ur24</source-name>
    <article>
        <article-title>Niste zadeli 500 evrov ali 500 milijonov dolarjev</article-title>
        <article-title-transliterated>Niste zadeli 500 evrov ali 500 milijonov dolarjev</article-title-transliterated>
        <article-time>2018-03-27</article-time>
        <article-author>Karmelina Husejnović</article-author>
        <article-text>Če ste v zadnjih dneh prejeli SMS sporočilo o nagradni igri znane trgovske verige, ki vas vabi k
            izpolnjevanju ankete, ali pa sporočilo v tujem jeziku, da ste zadeli vrtoglavi znesek, sporočila
            ignorirajte. Gre namreč za lažne nagradne igre. Strokovnjaki za varnost na spletu opozarjajo, da bodite pri
            tovrstnih sporočilih izjemno previdni in nikar ne delite svojih osebnih podatkov.
            Iz podjetja SPAR Slovenija so opozorili na lažno nagradno igro, ki se širi prek SMS sporočil. Potrošniki
            namreč na svoje mobilnike prejmejo sporočilo, v katerem neupravičeno nagovarjajo v imenu omenjenega
            podjetja. "SPAR Slovenija ne izvaja navedene nagradne igre, v kateri je potrebno odgovoriti na nekaj
            vprašanj za domnevno uvrstitev v žreb za Darilno kartico Spar v vrednosti 500 evrov. Gre za lažno nagradno
            igro in zlorabo blagovne znamke Spar Slovenija," so opozorili iz podjetja. 
            Trgovec opozarja, da naj potrošniki nikar ne nasedejo, čeprav je sporočilo videti pristno. SMS namreč
            vsebuje logotip podjetja. Potrošnike pozivajo k sodelovanju v kratki anketi, ki naj bi omogočala, da
            uporabnik zadane omenjeno nagrado. Vse prejemnike tovrstnih sporočil opozarjajo, "naj v nagradni igri ne
            vpisujejo svojih podatkov ne pošiljajo SMS sporočila". 
            Ponavadi takšne nagradne igre podjetja oglašujejo na vseh svojih kanalih, zato je dobro preveriti, ali kaj o
            tem piše na njihovi uradni spletni strani. "Vsaka legitimna nagradna igra mora imeti tudi jasno razvidne
            pogoje nagradne igre. Če teh ni, naj bo to velik znak za alarm," pravijo na SI CERT. 
            Niste zadeli 500.000.000 dolarjev
            Nekateri uporabniki aplikacije za sporočanje Viber so te dni prejeli sporočilo iz neshranjene številke – v
            spodnjem primeru je pošiljatelj DH88 – v katerem jih v angleškem jeziku obveščajo, da so bili izžrebani v
            mednarodni nagradni igri. Zadeli naj bi vrtoglavih 500.000.000 dolarjev. Za prevzem nagrade pa "nagrajence"
            vabijo, naj pošljejo zapisano referenčno številko na določen elektronski naslov, s katerega naj bi prejeli
            več informacij o tem, kako lahko denarno nagrado prevzamejo. 
            O tem so bili obveščeni tudi strokovnjaki iz nacionalnega odzivnega centra za obravnavo incidentov s
            področja varnosti elektronskih omrežij in informacij SI CERT, ki opozarjajo, da so takšna sporočila pogosta,
            vendar gre za prevare. 
            'Če je nekaj preveč lepo, da bi bilo res, potem zelo verjetno ni res'
            "Prvo pravilo v primeru dvomov je: če je nekaj preveč lepo, da bi bilo res, potem zelo verjetno ni. Če niste
            sodelovali v neki nagradni igri, potem tudi ne boste izžrebani," je pojasnil Tadej Hren iz SI CERT. 
            Kot je pojasnil, gre v primeru obvestila v aplikaciji Viber za "klasičen poskus t.i. loterijske prevare, pri
            kateri vas neznanec kontaktira z obljubo po veliki količini denarja". Če na takšna sporočila odgovorite v
            upanju, da boste res prejeli obljubljeno nagrado, vas najprej pozovejo, da morate plačati raznorazne stroške
            – za odprtje bančnega računa, za plačilo dajatev, za stroške odvetnika, provizije in tako naprej. "Preden se
            žrtev zave, da obljubljenega denarja ne bo prejela, je lahko tudi ob več 1000 evrov," opozarja Hren. 
            V primeru Spara pa Hren opozarja, da gre za prevaro, pri kateri goljufi izrabljajo dobro ime različnih
            slovenskih trgovin. "Njihov namen je, da bi pod pretvezo pridobitve neke želene nagrade uporabniki v spletni
            obrazec vpisali svojo telefonsko številko, vendar pa s tem ne bodo dobili nagrade, ampak se bodo včlanili v
            komercialni SMS klub," opozarja. S tem pa uporabniki nevede pristanejo na to, da jim vsak mesec zaračunajo
            približno 20 evrov za neželena SMS sporočila. "Sicer je ta strošek v drobnem tisku celo omenjen, ampak
            goljufi se zanašajo na to, da uporabniki drobnega tiska ne berejo. V nekaterih primerih pa smo celo opazili,
            da so goljufi preko teh sporočil na računalnikih uporabnikov rudarili kriptovalute," še opozarjajo na SI
            CERT.
        </article-text>
        <article-text-transliterated>Če ste v zadnjih dneh prejeli SMS sporočilo o nagradni igri znane trgovske verige,
            ki vas vabi k izpolnjevanju ankete, ali pa sporočilo v tujem jeziku, da ste zadeli vrtoglavi znesek,
            sporočila ignorirajte. Gre namreč za lažne nagradne igre. Strokovnjaki za varnost na spletu opozarjajo, da
            bodite pri tovrstnih sporočilih izjemno previdni in nikar ne delite svojih osebnih podatkov.
            Iz podjetja SPAR Slovenija so opozorili na lažno nagradno igro, ki se širi prek SMS sporočil. Potrošniki
            namreč na svoje mobilnike prejmejo sporočilo, v katerem neupravičeno nagovarjajo v imenu omenjenega
            podjetja. "SPAR Slovenija ne izvaja navedene nagradne igre, v kateri je potrebno odgovoriti na nekaj
            vprašanj za domnevno uvrstitev v žreb za Darilno kartico Spar v vrednosti 500 evrov. Gre za lažno nagradno
            igro in zlorabo blagovne znamke Spar Slovenija," so opozorili iz podjetja. 
            Trgovec opozarja, da naj potrošniki nikar ne nasedejo, čeprav je sporočilo videti pristno. SMS namreč
            vsebuje logotip podjetja. Potrošnike pozivajo k sodelovanju v kratki anketi, ki naj bi omogočala, da
            uporabnik zadane omenjeno nagrado. Vse prejemnike tovrstnih sporočil opozarjajo, "naj v nagradni igri ne
            vpisujejo svojih podatkov ne pošiljajo SMS sporočila". 
            Ponavadi takšne nagradne igre podjetja oglašujejo na vseh svojih kanalih, zato je dobro preveriti, ali kaj o
            tem piše na njihovi uradni spletni strani. "Vsaka legitimna nagradna igra mora imeti tudi jasno razvidne
            pogoje nagradne igre. Če teh ni, naj bo to velik znak za alarm," pravijo na SI CERT. 
            Niste zadeli 500.000.000 dolarjev
            Nekateri uporabniki aplikacije za sporočanje Viber so te dni prejeli sporočilo iz neshranjene številke – v
            spodnjem primeru je pošiljatelj DH88 – v katerem jih v angleškem jeziku obveščajo, da so bili izžrebani v
            mednarodni nagradni igri. Zadeli naj bi vrtoglavih 500.000.000 dolarjev. Za prevzem nagrade pa "nagrajence"
            vabijo, naj pošljejo zapisano referenčno številko na določen elektronski naslov, s katerega naj bi prejeli
            več informacij o tem, kako lahko denarno nagrado prevzamejo. 
            O tem so bili obveščeni tudi strokovnjaki iz nacionalnega odzivnega centra za obravnavo incidentov s
            področja varnosti elektronskih omrežij in informacij SI CERT, ki opozarjajo, da so takšna sporočila pogosta,
            vendar gre za prevare. 
            'Če je nekaj preveč lepo, da bi bilo res, potem zelo verjetno ni res'
            "Prvo pravilo v primeru dvomov je: če je nekaj preveč lepo, da bi bilo res, potem zelo verjetno ni. Če niste
            sodelovali v neki nagradni igri, potem tudi ne boste izžrebani," je pojasnil Tadej Hren iz SI CERT. 
            Kot je pojasnil, gre v primeru obvestila v aplikaciji Viber za "klasičen poskus t.i. loterijske prevare, pri
            kateri vas neznanec kontaktira z obljubo po veliki količini denarja". Če na takšna sporočila odgovorite v
            upanju, da boste res prejeli obljubljeno nagrado, vas najprej pozovejo, da morate plačati raznorazne stroške
            – za odprtje bančnega računa, za plačilo dajatev, za stroške odvetnika, provizije in tako naprej. "Preden se
            žrtev zave, da obljubljenega denarja ne bo prejela, je lahko tudi ob več 1000 evrov," opozarja Hren. 
            V primeru Spara pa Hren opozarja, da gre za prevaro, pri kateri goljufi izrabljajo dobro ime različnih
            slovenskih trgovin. "Njihov namen je, da bi pod pretvezo pridobitve neke želene nagrade uporabniki v spletni
            obrazec vpisali svojo telefonsko številko, vendar pa s tem ne bodo dobili nagrade, ampak se bodo včlanili v
            komercialni SMS klub," opozarja. S tem pa uporabniki nevede pristanejo na to, da jim vsak mesec zaračunajo
            približno 20 evrov za neželena SMS sporočila. "Sicer je ta strošek v drobnem tisku celo omenjen, ampak
            goljufi se zanašajo na to, da uporabniki drobnega tiska ne berejo. V nekaterih primerih pa smo celo opazili,
            da so goljufi preko teh sporočil na računalnikih uporabnikov rudarili kriptovalute," še opozarjajo na SI
            CERT.
        </article-text-transliterated>
    </article>
    <comments>
        <comments-count>12</comments-count>
        <comment-list>
            <comment comment-id="1">
                <comment-parent-id/>
                <comment-text>kako je dovoljeno tem firmam s komercialnimi smsi za 20 eurob na mesec delovat v
                    sloveniji. Uakaj kdo tega ne ukine. Pa bojda ima celo ena taka sedez nekje v primorju...
                </comment-text>
                <comment-text-transliterated>kako je dovoljeno tem firmam s komercialnimi smsi za 20 eurob na mesec
                    delovat v sloveniji. Uakaj kdo tega ne ukine. Pa bojda ima celo ena taka sedez nekje v primorju...
                </comment-text-transliterated>
            </comment>
            <comment comment-id="2">
                <comment-parent-id/>
                <comment-text>Kaj je bistvo te novice, da imate zelo nezaščitene telefone, pošto Vam lahk pošilja Vsak
                    heker ki ima 5 minut cajta pa še kakšno pivo vmes spije. Nekdo sedaj marsikaj ve o Vas, ampak to ni
                    Špar he,he....
                </comment-text>
                <comment-text-transliterated>Kaj je bistvo te novice, da imate zelo nezaščitene telefone, pošto Vam lahk
                    pošilja Vsak heker ki ima 5 minut cajta pa še kakšno pivo vmes spije. Nekdo sedaj marsikaj ve o Vas,
                    ampak to ni Špar he,he....
                </comment-text-transliterated>
            </comment>
            <comment comment-id="2-1">
                <comment-parent-id>2</comment-parent-id>
                <comment-text>Bisto vsega skupaj pa je, da se tega folk ne zaveda. Vendar zmeraj obstaja AMPAK. In ta
                    AMPAK JE, da se tega ne zavedajo tudi podjetja, ki jim lahko vsak moment v informacijski sistem udre
                    kdor koli, s kjer koli in kadar koli. In takšnih podjetij je v SLO vse preveč. Če smo nekoč varovali
                    stavbe in hiše, je skrajni čas. da se zavemo problema informacijskega imetja in njegove zlorabe. V
                    takšno hišo pa danes ni težko priti, očitno!
                </comment-text>
                <comment-text-transliterated>Bisto vsega skupaj pa je, da se tega folk ne zaveda. Vendar zmeraj obstaja
                    AMPAK. In ta AMPAK JE, da se tega ne zavedajo tudi podjetja, ki jim lahko vsak moment v
                    informacijski sistem udre kdor koli, s kjer koli in kadar koli. In takšnih podjetij je v SLO vse
                    preveč. Če smo nekoč varovali stavbe in hiše, je skrajni čas. da se zavemo problema informacijskega
                    imetja in njegove zlorabe. V takšno hišo pa danes ni težko priti, očitno!
                </comment-text-transliterated>
            </comment>
            <comment comment-id="3">
                <comment-parent-id/>
                <comment-text>kako da nisem dobil 500mil?? ..jaz sem si pa ravno ferarija naročil...</comment-text>
                <comment-text-transliterated>kako da nisem dobil 500mil?? ..jaz sem si pa ravno ferarija naročil...
                </comment-text-transliterated>
            </comment>
            <comment comment-id="4">
                <comment-parent-id/>
                <comment-text>Davek na neumnnne</comment-text>
                <comment-text-transliterated>Davek na neumnnne</comment-text-transliterated>
            </comment>
            <comment comment-id="5">
                <comment-parent-id/>
                <comment-text>Špar se lahk kr spele tja od koder so se priklatl v Slovenijo.</comment-text>
                <comment-text-transliterated>Špar se lahk kr spele tja od koder so se priklatl v Slovenijo.
                </comment-text-transliterated>
            </comment>
            <comment comment-id="5-1">
                <comment-parent-id>5</comment-parent-id>
                <comment-text>In kje bo tvoja rit*a dobila kruh in mleko, če tujce pošiljaš ven? A računaš na slovenske
                    trgovine, katere že in za kakšno ceno??
                </comment-text>
                <comment-text-transliterated>In kje bo tvoja rit*a dobila kruh in mleko, če tujce pošiljaš ven? A
                    računaš na slovenske trgovine, katere že in za kakšno ceno??
                </comment-text-transliterated>
            </comment>
            <comment comment-id="5-2">
                <comment-parent-id>5</comment-parent-id>
                <comment-text>Vse kupm na okoliških kmetijah, mi je čist vseen za Špar al pa za slovenske trgovine,
                    jasnooooo!!
                </comment-text>
                <comment-text-transliterated>Vse kupm na okoliških kmetijah, mi je čist vseen za Špar al pa za slovenske
                    trgovine, jasnooooo!!
                </comment-text-transliterated>
            </comment>
            <comment comment-id="5-3">
                <comment-parent-id>5</comment-parent-id>
                <comment-text>jaa sevede to bo to ja 😂</comment-text>
                <comment-text-transliterated>jaa sevede to bo to ja 😂</comment-text-transliterated>
            </comment>
            <comment comment-id="6">
                <comment-parent-id/>
                <comment-text>kako nisem če mi piše da sem</comment-text>
                <comment-text-transliterated>kako nisem če mi piše da sem</comment-text-transliterated>
            </comment>
            <comment comment-id="7">
                <comment-parent-id/>
                <comment-text>Sem že poslal svoje podatke, čakam na milijonček, pol pa okol sveta, juhuhu!
                </comment-text>
                <comment-text-transliterated>Sem že poslal svoje podatke, čakam na milijonček, pol pa okol sveta,
                    juhuhu!
                </comment-text-transliterated>
            </comment>
            <comment comment-id="8">
                <comment-parent-id/>
                <comment-text>hahahhahaha ne ne res je pa na parkirišču lahko kupiš verižico za jurja in zlate ploščice
                    vse je res hahahahah
                </comment-text>
                <comment-text-transliterated>hahahhahaha ne ne res je pa na parkirišču lahko kupiš verižico za jurja in
                    zlate ploščice vse je res hahahahah
                </comment-text-transliterated>
            </comment>
        </comment-list>
    </comments>
</document>