<document global-id="si-06-1002">
    <url>https://www.24ur.com/novice/svet/kako-ucenje-tujih-jezikov-pri-otrocih-vpliva-na-osebnostno-rast.html</url>
    <source-id>si-06</source-id>
    <local-id>1002</local-id>
    <source-name>ur24</source-name>
    <article>
        <article-title>Kako učenje tujih jezikov pri otrocih vpliva na osebnostno rast</article-title>
        <article-title-transliterated>Kako učenje tujih jezikov pri otrocih vpliva na osebnostno rast
        </article-title-transliterated>
        <article-time>2015-04-24</article-time>
        <article-author>Berlitz</article-author>
        <article-text>Znanje enega ali več tujih jezikov lahko razumemo kot gradnik širšega razumevanja sveta. Globlje
            razumevanje tujih kultur pa nam poda vpogled v svet neznanega in lahko odločno pripomore k osebnostni rasti
            posameznika. V globaliziranem in povezanem svetu znanje tujega jezika posamezniku odpira vrata v svet ter mu
            olajša iskanje zaposlitve in iskanje samega sebe.
            Razlogov za učenje tujega jezika je torej več kot dovolj, natančen trenutek začetka učenja pa je prepuščen
            vsakemu posamezniku.
            Prednosti zgodnjega učenja tujih jezikov
            Človek ni nikoli prestar, da bi se lahko naučil tujega jezika, vendar lahko zgodnji začetek učenja pripomore
            pri razvoju samozavesti, tolerance in družabnosti otroka. Raziskave so pokazale, da otroci, ki se učijo
            tujih jezikov, dosegajo boljše rezultate tudi na drugih področjih, imajo aktivnejšo domišljijo, so boljši
            abstraktni misleci, so bolj kreativni in bolj prilagodljivi v miselnih procesih. Kognitivni procesi, ki
            sodelujejo pri učenju tujega jezika, vplivajo torej na široko paleto osebnostnih lastnosti ter otrokom v
            vsakem koraku pomagajo pri lažjem razumevanju in ocenjevanju okolja, ki jih obdaja. Hkrati pa zgodnje učenje
            tujega jezika poveča možnost, da bodo otroci in kasneje odrasli tuj jezik razumeli in izgovarjali popolnoma
            enako kot rojeni govorci.
            4 razlogi, zakaj z učenjem tujega jezika začeti v otroštvu
            • Učenje tujega jezika spodbuja razvoj intelektualnih sposobnosti. • Otroci pridobijo vpogled v druge
            kulture in običaje. • Ustvarijo odlično predznanje za učenje tujega jezika v šoli. • Povečajo možnost
            zaposlitve na različnih področjih.
            Jezikovne počitnice za otroke "Berlitz Kids Camps"
            Otroci se lahko preko igre in ostalih aktivnosti že zelo zgodaj na naraven način naučijo tujega jezika.
            Jezikovne počitnice za otroke predstavljajo odlično možnosti spoznavanja novih ljudi in tujega okolja, ob
            tem pa učitelji, rojeni govorci tujega jezika, ves čas usmerjajo raven in način kognitivnega učenja. Otroci
            tako na subtilen in podzavesten način pridobijo poglobljeno znanje tujega jezika ter izgubijo strah pred
            govorjenjem in sporazumevanjem.
            Jezikovna šola Berlitz prav tovrstne počitnice v angleškem jeziku, letos organizira že 12. leto zapored. Na
            Krvavcu in Debelem rtiču otrokom med 7. in 18. letom ponujajo širok nabor aktivnosti, učitelji pa so ves dan
            z otroki in jih spodbujajo pri učenju tujega jezika in osebni ter socialni rasti. Aktivnosti in
            pustolovščine na prostem, kot so poletni park, spust z gorskimi go-karti ali tubo, trampolin, kino pod
            zvezdami, plavanje, odbojka na mivki ali kajak pa pripomorejo pri ustvarjanju nepozabnih spominov.
            Več o jezikovnih počitnicah "Berlitz Kids Camps" si lahko preberete tukaj, enostavno pokličete jezikovne
            šole Berlitz na 080 23 36 ali enostavno izpolnite vlogo na spletnem naslovu.
        </article-text>
        <article-text-transliterated>Znanje enega ali več tujih jezikov lahko razumemo kot gradnik širšega razumevanja
            sveta. Globlje razumevanje tujih kultur pa nam poda vpogled v svet neznanega in lahko odločno pripomore k
            osebnostni rasti posameznika. V globaliziranem in povezanem svetu znanje tujega jezika posamezniku odpira
            vrata v svet ter mu olajša iskanje zaposlitve in iskanje samega sebe.
            Razlogov za učenje tujega jezika je torej več kot dovolj, natančen trenutek začetka učenja pa je prepuščen
            vsakemu posamezniku.
            Prednosti zgodnjega učenja tujih jezikov
            Človek ni nikoli prestar, da bi se lahko naučil tujega jezika, vendar lahko zgodnji začetek učenja pripomore
            pri razvoju samozavesti, tolerance in družabnosti otroka. Raziskave so pokazale, da otroci, ki se učijo
            tujih jezikov, dosegajo boljše rezultate tudi na drugih področjih, imajo aktivnejšo domišljijo, so boljši
            abstraktni misleci, so bolj kreativni in bolj prilagodljivi v miselnih procesih. Kognitivni procesi, ki
            sodelujejo pri učenju tujega jezika, vplivajo torej na široko paleto osebnostnih lastnosti ter otrokom v
            vsakem koraku pomagajo pri lažjem razumevanju in ocenjevanju okolja, ki jih obdaja. Hkrati pa zgodnje učenje
            tujega jezika poveča možnost, da bodo otroci in kasneje odrasli tuj jezik razumeli in izgovarjali popolnoma
            enako kot rojeni govorci.
            4 razlogi, zakaj z učenjem tujega jezika začeti v otroštvu
            • Učenje tujega jezika spodbuja razvoj intelektualnih sposobnosti. • Otroci pridobijo vpogled v druge
            kulture in običaje. • Ustvarijo odlično predznanje za učenje tujega jezika v šoli. • Povečajo možnost
            zaposlitve na različnih področjih.
            Jezikovne počitnice za otroke "Berlitz Kids Camps"
            Otroci se lahko preko igre in ostalih aktivnosti že zelo zgodaj na naraven način naučijo tujega jezika.
            Jezikovne počitnice za otroke predstavljajo odlično možnosti spoznavanja novih ljudi in tujega okolja, ob
            tem pa učitelji, rojeni govorci tujega jezika, ves čas usmerjajo raven in način kognitivnega učenja. Otroci
            tako na subtilen in podzavesten način pridobijo poglobljeno znanje tujega jezika ter izgubijo strah pred
            govorjenjem in sporazumevanjem.
            Jezikovna šola Berlitz prav tovrstne počitnice v angleškem jeziku, letos organizira že 12. leto zapored. Na
            Krvavcu in Debelem rtiču otrokom med 7. in 18. letom ponujajo širok nabor aktivnosti, učitelji pa so ves dan
            z otroki in jih spodbujajo pri učenju tujega jezika in osebni ter socialni rasti. Aktivnosti in
            pustolovščine na prostem, kot so poletni park, spust z gorskimi go-karti ali tubo, trampolin, kino pod
            zvezdami, plavanje, odbojka na mivki ali kajak pa pripomorejo pri ustvarjanju nepozabnih spominov.
            Več o jezikovnih počitnicah "Berlitz Kids Camps" si lahko preberete tukaj, enostavno pokličete jezikovne
            šole Berlitz na 080 23 36 ali enostavno izpolnite vlogo na spletnem naslovu.
        </article-text-transliterated>
    </article>
    <comments>
        <comments-count>0</comments-count>
        <comment-list/>
    </comments>
</document>