<document global-id="si-06-1156">
    <url>https://www.24ur.com/sport/zimski_sporti/lindsey-vonn-ostala-brez-trenerja.html</url>
    <source-id>si-06</source-id>
    <local-id>1156</local-id>
    <source-name>ur24</source-name>
    <article>
        <article-title>Lindsey Vonn ostala brez trenerja!</article-title>
        <article-title-transliterated>Lindsey Vonn ostala brez trenerja!</article-title-transliterated>
        <article-time>2015-04-09</article-time>
        <article-author>M.F.</article-author>
        <article-text>Švicarski smučarski trener Stefan Abplanalp ni več trener ženskega dela hitrih disciplin v
            ameriški reprezentanci. To pomeni, da je brez trenerja nekoliko nepričakovano ostala šampionka Lindsey Vonn.
            Svetovna smučarska elita po naporni sezoni zaključuje z obveznostmi na tekmah državnega prvenstva, tiste
            zares najboljše se mudijo na testiranjih. Med njimi ni Tine Maze – po Lenzerheideju je napovedala, da letos
            ne bo testirala, kot je to naredila v olimpijski sezoni – in Lindsey Vonn, ki na Mastersu bodri
            življenjskega sopotnika Tigerja Woodsa. Ob prihodu v Augusto je izvedela sila neprijetno novico, ki je
            presenetila smučarski svet.
            Švicarski trener Stefan Abplanalp je namreč pomahal v slovo ameriški reprezentanci in to po vsega letu dni.
            To je popolno presenečenje, zakaj se je tako odločil pa ne zna pojasniti nihče. Sploh, ker je bila njegova
            filozofija dela in vizija za prihodnost že postavljena. "Pri eni stvari nismo našli skupnega jezika in to je
            morda tisto, zaradi česar nas je obvestil, da nas zapušča," je za skionline.ch povedal direktor ameriške
            reprezentance Patrick Riml.
            Morda je razlog nižanje stroškov vodstva reprezentanc. "Čeprav je skrbel za napredek Lindsey Vonn, verjamem,
            da bomo našli nekoga, ki bo z njo naredil še kakšen korak naprej. Rešitev sicer ni prav veliko," je še dodal
            Riml. Kam se seli 41-letni trener je popolna neznanka, poznavalci razmer pa so prepričani, da ni izključena
            njegova vrnitev v Švico. Spomnimo, da je Abplanalp v minuli sezoni Lindsey Vonn pomagal do dveh malih
            kristalnih globusov in medalje na svetovnem prvenstvu.
        </article-text>
        <article-text-transliterated>Švicarski smučarski trener Stefan Abplanalp ni več trener ženskega dela hitrih
            disciplin v ameriški reprezentanci. To pomeni, da je brez trenerja nekoliko nepričakovano ostala šampionka
            Lindsey Vonn.
            Svetovna smučarska elita po naporni sezoni zaključuje z obveznostmi na tekmah državnega prvenstva, tiste
            zares najboljše se mudijo na testiranjih. Med njimi ni Tine Maze – po Lenzerheideju je napovedala, da letos
            ne bo testirala, kot je to naredila v olimpijski sezoni – in Lindsey Vonn, ki na Mastersu bodri
            življenjskega sopotnika Tigerja Woodsa. Ob prihodu v Augusto je izvedela sila neprijetno novico, ki je
            presenetila smučarski svet.
            Švicarski trener Stefan Abplanalp je namreč pomahal v slovo ameriški reprezentanci in to po vsega letu dni.
            To je popolno presenečenje, zakaj se je tako odločil pa ne zna pojasniti nihče. Sploh, ker je bila njegova
            filozofija dela in vizija za prihodnost že postavljena. "Pri eni stvari nismo našli skupnega jezika in to je
            morda tisto, zaradi česar nas je obvestil, da nas zapušča," je za skionline.ch povedal direktor ameriške
            reprezentance Patrick Riml.
            Morda je razlog nižanje stroškov vodstva reprezentanc. "Čeprav je skrbel za napredek Lindsey Vonn, verjamem,
            da bomo našli nekoga, ki bo z njo naredil še kakšen korak naprej. Rešitev sicer ni prav veliko," je še dodal
            Riml. Kam se seli 41-letni trener je popolna neznanka, poznavalci razmer pa so prepričani, da ni izključena
            njegova vrnitev v Švico. Spomnimo, da je Abplanalp v minuli sezoni Lindsey Vonn pomagal do dveh malih
            kristalnih globusov in medalje na svetovnem prvenstvu.
        </article-text-transliterated>
    </article>
    <comments>
        <comments-count>10</comments-count>
        <comment-list>
            <comment comment-id="1">
                <comment-parent-id/>
                <comment-text>se bo že znašla Lindsey, v prihodnji sezoni bo zelo nevarna za veliki kristalni globus.
                </comment-text>
                <comment-text-transliterated>se bo že znašla Lindsey, v prihodnji sezoni bo zelo nevarna za veliki
                    kristalni globus.
                </comment-text-transliterated>
            </comment>
            <comment comment-id="2">
                <comment-parent-id/>
                <comment-text>Oooooo to se pravi , da ima Tina novega trenerja, še boljša bo.</comment-text>
                <comment-text-transliterated>Oooooo to se pravi , da ima Tina novega trenerja, še boljša bo.
                </comment-text-transliterated>
            </comment>
            <comment comment-id="3">
                <comment-parent-id/>
                <comment-text>po parih letih bo pa kot Armstrong,resnica vedno priplava na povrsje</comment-text>
                <comment-text-transliterated>po parih letih bo pa kot Armstrong,resnica vedno priplava na povrsje
                </comment-text-transliterated>
            </comment>
            <comment comment-id="4">
                <comment-parent-id/>
                <comment-text>Lindsey je tako dobra smučarka, da skoraj ne rabi trenerja, rabi samo dobrega maserja in
                    fizioterapevta.
                </comment-text>
                <comment-text-transliterated>Lindsey je tako dobra smučarka, da skoraj ne rabi trenerja, rabi samo
                    dobrega maserja in fizioterapevta.
                </comment-text-transliterated>
            </comment>
            <comment comment-id="4-1">
                <comment-parent-id>4</comment-parent-id>
                <comment-text>Misliš tigerčka.</comment-text>
                <comment-text-transliterated>Misliš tigerčka.</comment-text-transliterated>
            </comment>
            <comment comment-id="5">
                <comment-parent-id/>
                <comment-text>o bed nooo poletje bo kmal mi pa še kr alpsko smučanje gonimo</comment-text>
                <comment-text-transliterated>o bed nooo poletje bo kmal mi pa še kr alpsko smučanje gonimo
                </comment-text-transliterated>
            </comment>
            <comment comment-id="6">
                <comment-parent-id/>
                <comment-text>A še ne vedo, da je Stefan že v Črni?</comment-text>
                <comment-text-transliterated>A še ne vedo, da je Stefan že v Črni?</comment-text-transliterated>
            </comment>
            <comment comment-id="7">
                <comment-parent-id/>
                <comment-text>Kakšna drama!!Niso našli skupnega jezika, Amerji se pa zdaj čudijo...A še ne vedo, da je
                    Stefan že v Črni?
                </comment-text>
                <comment-text-transliterated>Kakšna drama!!Niso našli skupnega jezika, Amerji se pa zdaj čudijo...A še
                    ne vedo, da je Stefan že v Črni?
                </comment-text-transliterated>
            </comment>
            <comment comment-id="8">
                <comment-parent-id/>
                <comment-text>Oh Linsi bejbi, ljubim te z vsem srcem in dušo. Lupčka mwaaaa*******!</comment-text>
                <comment-text-transliterated>Oh Linsi bejbi, ljubim te z vsem srcem in dušo. Lupčka mwaaaa*******!
                </comment-text-transliterated>
            </comment>
            <comment comment-id="8-1">
                <comment-parent-id>8</comment-parent-id>
                <comment-text>Linsi bejbi črnec štepa!</comment-text>
                <comment-text-transliterated>Linsi bejbi črnec štepa!</comment-text-transliterated>
            </comment>
        </comment-list>
    </comments>
</document>