<document global-id="si-06-1035">
    <url>https://www.24ur.com/novice/slovenija/kdo-bo-dostavljal-posto.html</url>
    <source-id>si-06</source-id>
    <local-id>1035</local-id>
    <source-name>ur24</source-name>
    <article>
        <article-title>Kdo bo dostavljal pošto?</article-title>
        <article-title-transliterated>Kdo bo dostavljal pošto?</article-title-transliterated>
        <article-time>2017-07-27</article-time>
        <article-author>24UR</article-author>
        <article-text>Vodstvo Pošte se je odločilo, da uporne slovenske poštarje zamenja kar s srbskimi ali
            bosanskimi. Kot trdijo, pri nas zanimanja za takšno delo ni dovolj, prav tako zanikajo, da je domnevno
            pomanjkanje slovenskih pismonoš posledica slabih pogojev dela, na katere opozarjajo sindikati. Ti sicer
            pravijo: namesto, da denar zapravljate zato, da tujce učite slovenščine, ga raje namenite za naše plače.
        </article-text>
        <article-text-transliterated>Vodstvo Pošte se je odločilo, da uporne slovenske poštarje zamenja kar s srbskimi
            ali bosanskimi. Kot trdijo, pri nas zanimanja za takšno delo ni dovolj, prav tako zanikajo, da je domnevno
            pomanjkanje slovenskih pismonoš posledica slabih pogojev dela, na katere opozarjajo sindikati. Ti sicer
            pravijo: namesto, da denar zapravljate zato, da tujce učite slovenščine, ga raje namenite za naše plače.
        </article-text-transliterated>
    </article>
    <comments>
        <comments-count>71</comments-count>
        <comment-list>
            <comment comment-id="1">
                <comment-parent-id/>
                <comment-text>Posta je ena velika trafika z moznostjo dviga gotovine.sramota.</comment-text>
                <comment-text-transliterated>Posta je ena velika trafika z moznostjo dviga gotovine.sramota.
                </comment-text-transliterated>
            </comment>
            <comment comment-id="2">
                <comment-parent-id/>
                <comment-text>Ko prideš na pošto , je kot bi prišel na bolšji sejem , polna je krame za maloprodajo !
                </comment-text>
                <comment-text-transliterated>Ko prideš na pošto , je kot bi prišel na bolšji sejem , polna je krame za
                    maloprodajo !
                </comment-text-transliterated>
            </comment>
            <comment comment-id="3">
                <comment-parent-id/>
                <comment-text>Pošta Slovenije ima vodstvo, ki odkrito simpatizira z vodstvom SDS-a ter jim tudi
                    sofinancira politične kampanije. Toliko, da se bo vedelo, koliko se jim gre res za Slovence in
                    pošteno delo.
                </comment-text>
                <comment-text-transliterated>Pošta Slovenije ima vodstvo, ki odkrito simpatizira z vodstvom SDS-a ter
                    jim tudi sofinancira politične kampanije. Toliko, da se bo vedelo, koliko se jim gre res za Slovence
                    in pošteno delo.
                </comment-text-transliterated>
            </comment>
            <comment comment-id="3-1">
                <comment-parent-id>3</comment-parent-id>
                <comment-text>Kaj si želel povedati, ti kleni slovencelj?</comment-text>
                <comment-text-transliterated>Kaj si želel povedati, ti kleni slovencelj?</comment-text-transliterated>
            </comment>
            <comment comment-id="3-2">
                <comment-parent-id>3</comment-parent-id>
                <comment-text>No, da dopolnim, tole vprašanje je bilo namenjeno nekemu teličku, ki so ga pa brisali, da
                    ne bo nepotrebne slabe volje!
                </comment-text>
                <comment-text-transliterated>No, da dopolnim, tole vprašanje je bilo namenjeno nekemu teličku, ki so ga
                    pa brisali, da ne bo nepotrebne slabe volje!
                </comment-text-transliterated>
            </comment>
            <comment comment-id="4">
                <comment-parent-id/>
                <comment-text>Nič novega! Saj jih že zdaj pol ne zna slovensko! Za šnopc pa znajo vsi vprašat!
                </comment-text>
                <comment-text-transliterated>Nič novega! Saj jih že zdaj pol ne zna slovensko! Za šnopc pa znajo vsi
                    vprašat!
                </comment-text-transliterated>
            </comment>
            <comment comment-id="4-1">
                <comment-parent-id>4</comment-parent-id>
                <comment-text>Verjetno samo tistega, ki ga že na pet metrov vonjajo da ga pač ima!</comment-text>
                <comment-text-transliterated>Verjetno samo tistega, ki ga že na pet metrov vonjajo da ga pač ima!
                </comment-text-transliterated>
            </comment>
            <comment comment-id="5">
                <comment-parent-id/>
                <comment-text>to treba preprečit demonstracije pred pošto in vlado .saj tudi v magmi nikjer ne piše da
                    bodo zaposlovali samo slovence
                </comment-text>
                <comment-text-transliterated>to treba preprečit demonstracije pred pošto in vlado .saj tudi v magmi
                    nikjer ne piše da bodo zaposlovali samo slovence
                </comment-text-transliterated>
            </comment>
            <comment comment-id="5-1">
                <comment-parent-id>5</comment-parent-id>
                <comment-text>Žal obstaja eden problem. Slovencem namreč pa ne vsem ni ravno za delo ampak so rajši na
                    sociali.
                </comment-text>
                <comment-text-transliterated>Žal obstaja eden problem. Slovencem namreč pa ne vsem ni ravno za delo
                    ampak so rajši na sociali.
                </comment-text-transliterated>
            </comment>
            <comment comment-id="5-2">
                <comment-parent-id>5</comment-parent-id>
                <comment-text>Žal ostaja nek drug problem in to, da so nas skregali med sabo in ubili solidarnost med
                    ljudmi! Vsaka družba, pa naj bo majhna ali pa velika, na vseh nivojih, od družine naprej, je
                    obsojena na propad, če odpove empatija in solidarnost! Višjekastnim kar dobro uspeva! Ko se bomo
                    tega zavedli, bomo že brezmočni v taboriščih!
                </comment-text>
                <comment-text-transliterated>Žal ostaja nek drug problem in to, da so nas skregali med sabo in ubili
                    solidarnost med ljudmi! Vsaka družba, pa naj bo majhna ali pa velika, na vseh nivojih, od družine
                    naprej, je obsojena na propad, če odpove empatija in solidarnost! Višjekastnim kar dobro uspeva! Ko
                    se bomo tega zavedli, bomo že brezmočni v taboriščih!
                </comment-text-transliterated>
            </comment>
            <comment comment-id="6">
                <comment-parent-id/>
                <comment-text>ko bo dozorela glava hlapca se bo nekaj spremenilo dokler bo pa vsak imel v mislih(kredit
                    katerega je treba plačati) samo da imam službo bo pa tako kot je. Dajte stopite skupaj pa naterite
                    delodajalca raznašati pošto boste videli kako hitro se bodo stvari zasukale na bolje. Dalj časa
                    boste jambrali slabše bo.
                </comment-text>
                <comment-text-transliterated>ko bo dozorela glava hlapca se bo nekaj spremenilo dokler bo pa vsak imel v
                    mislih(kredit katerega je treba plačati) samo da imam službo bo pa tako kot je. Dajte stopite skupaj
                    pa naterite delodajalca raznašati pošto boste videli kako hitro se bodo stvari zasukale na bolje.
                    Dalj časa boste jambrali slabše bo.
                </comment-text-transliterated>
            </comment>
            <comment comment-id="6-1">
                <comment-parent-id>6</comment-parent-id>
                <comment-text>Se popolnoma strinjam, samo kot kaže, dozoritve še dolgo nebo, verjetno bo pa takrat že
                    prepozno! Zelo grdo bo, ko bo zavrelo!
                </comment-text>
                <comment-text-transliterated>Se popolnoma strinjam, samo kot kaže, dozoritve še dolgo nebo, verjetno bo
                    pa takrat že prepozno! Zelo grdo bo, ko bo zavrelo!
                </comment-text-transliterated>
            </comment>
            <comment comment-id="7">
                <comment-parent-id/>
                <comment-text>Želeli smo kapitalizem in zdaj ga imamo! Kapitalizem je pač sistem, kjer posamezniki
                    blazno obogatijo, ostali pa so reveži in nimajo NIČ. To ni socializem, ko je vsak vsaj nekaj imel!
                </comment-text>
                <comment-text-transliterated>Želeli smo kapitalizem in zdaj ga imamo! Kapitalizem je pač sistem, kjer
                    posamezniki blazno obogatijo, ostali pa so reveži in nimajo NIČ. To ni socializem, ko je vsak vsaj
                    nekaj imel!
                </comment-text-transliterated>
            </comment>
            <comment comment-id="7-1">
                <comment-parent-id>7</comment-parent-id>
                <comment-text>itak, sploh pa v Venezueli in Severni koreji :) vsi enaki, vsi revni, skupno jim je to da
                    nimajo ničesar. neverjetno kakšni butasti komentarji, ultravioletin retro retardni virus, hahaha
                </comment-text>
                <comment-text-transliterated>itak, sploh pa v Venezueli in Severni koreji :) vsi enaki, vsi revni,
                    skupno jim je to da nimajo ničesar. neverjetno kakšni butasti komentarji, ultravioletin retro
                    retardni virus, hahaha
                </comment-text-transliterated>
            </comment>
            <comment comment-id="7-2">
                <comment-parent-id>7</comment-parent-id>
                <comment-text>Tumpetek, tebi in tvojim je pa skupno to, da imate vsi skupaj zelo malo, pa že sami veste
                    kje!
                </comment-text>
                <comment-text-transliterated>Tumpetek, tebi in tvojim je pa skupno to, da imate vsi skupaj zelo malo, pa
                    že sami veste kje!
                </comment-text-transliterated>
            </comment>
            <comment comment-id="8">
                <comment-parent-id/>
                <comment-text>imajo te zastarele dvotaktne smrdljive tomosove flexerje, ti poči gas zajla na vsake 3000
                    kilometrov, jaz sem imel vedno s seboj vijak z dvema maticama, pa klešče, da se lahko nekako za silo
                    pelješ, če zajla poči. pa ključ za svečko in šmirgl papir obvezno. pa toliko kvalitetnih mopedov na
                    voljo, pošta pa kupi največja jetra. tomos je v bistvu kopija pucha, že 30 let skoraj enak dizajn.
                </comment-text>
                <comment-text-transliterated>imajo te zastarele dvotaktne smrdljive tomosove flexerje, ti poči gas zajla
                    na vsake 3000 kilometrov, jaz sem imel vedno s seboj vijak z dvema maticama, pa klešče, da se lahko
                    nekako za silo pelješ, če zajla poči. pa ključ za svečko in šmirgl papir obvezno. pa toliko
                    kvalitetnih mopedov na voljo, pošta pa kupi največja jetra. tomos je v bistvu kopija pucha, že 30
                    let skoraj enak dizajn.
                </comment-text-transliterated>
            </comment>
            <comment comment-id="9">
                <comment-parent-id/>
                <comment-text>Pošta se kopa v denarju. Bognedaj dati delavcem kakšen euro več. Podobno je pri Petrolu,
                    Omv ju in še nekaj firmah kjer imajo megalomanske dobičke navadni človek pa je čisto navaden
                    novodobni suženj.
                </comment-text>
                <comment-text-transliterated>Pošta se kopa v denarju. Bognedaj dati delavcem kakšen euro več. Podobno je
                    pri Petrolu, Omv ju in še nekaj firmah kjer imajo megalomanske dobičke navadni človek pa je čisto
                    navaden novodobni suženj.
                </comment-text-transliterated>
            </comment>
            <comment comment-id="9-1">
                <comment-parent-id>9</comment-parent-id>
                <comment-text>na Petrolu imajo aneks k pogodbi o zaposlitvi ; če padeš z leste, si sam kriv in ti ne
                    pripada odškodnina, ne smeš jih tožiti. oziroma lahko se ubiješ in nikome ništa :) ne dobiš niti
                    centa. će bi radi kaj zaslužili, kupite delnice petrola
                </comment-text>
                <comment-text-transliterated>na Petrolu imajo aneks k pogodbi o zaposlitvi ; če padeš z leste, si sam
                    kriv in ti ne pripada odškodnina, ne smeš jih tožiti. oziroma lahko se ubiješ in nikome ništa :) ne
                    dobiš niti centa. će bi radi kaj zaslužili, kupite delnice petrola
                </comment-text-transliterated>
            </comment>
            <comment comment-id="9-2">
                <comment-parent-id>9</comment-parent-id>
                <comment-text>Petrol je pa itak zgodba zase. Sem delal tam. 3 šefi na enega delavca en bolj pameten k
                    tadrug v smislu če neboš tako delal kot hočemo lahko greš. Nobenih pravic samo dolžnost na dolžnost.
                    Nisem zdržal več kot leto dni. Pa stalno neka replesarija pa trganje od plač pa naključni kupci ki
                    te zaj.... v glavo. Občudujem ljudi ki tam zdržijo. Za zajamčen od.
                </comment-text>
                <comment-text-transliterated>Petrol je pa itak zgodba zase. Sem delal tam. 3 šefi na enega delavca en
                    bolj pameten k tadrug v smislu če neboš tako delal kot hočemo lahko greš. Nobenih pravic samo
                    dolžnost na dolžnost. Nisem zdržal več kot leto dni. Pa stalno neka replesarija pa trganje od plač
                    pa naključni kupci ki te zaj.... v glavo. Občudujem ljudi ki tam zdržijo. Za zajamčen od.
                </comment-text-transliterated>
            </comment>
            <comment comment-id="9-3">
                <comment-parent-id>9</comment-parent-id>
                <comment-text>pa ne smeš sedeti na stolu, vsako stranko moraš pozdraviti, stolčki so pa barski brez
                    opore. malo sediš lahko samo ko ni strank, pa ko ni šefa v izmeni, se pravi popoldne, šefi so komot
                    in ponavadi delajo samo dopoldne. v hervisu še huje, tam na blagajni ne smeš sedeti nikoli, niti ne
                    smeš imeti stola, to je že pravi fasizem. da ne izgleda da zabušavaš in sediš ko pride stranka. to
                    je nekam čudna logika :)
                </comment-text>
                <comment-text-transliterated>pa ne smeš sedeti na stolu, vsako stranko moraš pozdraviti, stolčki so pa
                    barski brez opore. malo sediš lahko samo ko ni strank, pa ko ni šefa v izmeni, se pravi popoldne,
                    šefi so komot in ponavadi delajo samo dopoldne. v hervisu še huje, tam na blagajni ne smeš sedeti
                    nikoli, niti ne smeš imeti stola, to je že pravi fasizem. da ne izgleda da zabušavaš in sediš ko
                    pride stranka. to je nekam čudna logika :)
                </comment-text-transliterated>
            </comment>
            <comment comment-id="9-4">
                <comment-parent-id>9</comment-parent-id>
                <comment-text>Delavci bi se morali upreti. Za začetek zapreti vse pumpe v SLO za 2 uri, če pa ne bi nič
                    dosegli pa za cel dan. Petrol ustvarja miljonske dobičke pa ne more dati delavcem plače vsaj
                    1.000,00 neto. Šefi direktorji in nadzorniki si pa bašejo žepe da ni kaj. Ali imajo taki ljudje
                    sploh kaj srca. Sigurno nimajo, če ne bi tako sramotno delali z delavci. Pa delavec na Petrolu mora
                    nekaj znati.
                </comment-text>
                <comment-text-transliterated>Delavci bi se morali upreti. Za začetek zapreti vse pumpe v SLO za 2 uri,
                    če pa ne bi nič dosegli pa za cel dan. Petrol ustvarja miljonske dobičke pa ne more dati delavcem
                    plače vsaj 1.000,00 neto. Šefi direktorji in nadzorniki si pa bašejo žepe da ni kaj. Ali imajo taki
                    ljudje sploh kaj srca. Sigurno nimajo, če ne bi tako sramotno delali z delavci. Pa delavec na
                    Petrolu mora nekaj znati.
                </comment-text-transliterated>
            </comment>
            <comment comment-id="9-5">
                <comment-parent-id>9</comment-parent-id>
                <comment-text>če bo upor, bodo pa takoj zaposlili bosance in srbe, ki ne znajo slovensko in ki rabijo 3
                    mesece za uvajanje, ker niso ravno odprte glave. pa poleg tega rabijo še leto dni da se naučijo
                    slovensko, nekateri se ne naučijo nikoli, zdaj me bodo pa spet dežurni troli obtožili da sem
                    ksenofob in islamofob :) taka je pač resnica, sem to videl v živo, ne pišem kar nekaj na pamet brez
                    osnove
                </comment-text>
                <comment-text-transliterated>če bo upor, bodo pa takoj zaposlili bosance in srbe, ki ne znajo slovensko
                    in ki rabijo 3 mesece za uvajanje, ker niso ravno odprte glave. pa poleg tega rabijo še leto dni da
                    se naučijo slovensko, nekateri se ne naučijo nikoli, zdaj me bodo pa spet dežurni troli obtožili da
                    sem ksenofob in islamofob :) taka je pač resnica, sem to videl v živo, ne pišem kar nekaj na pamet
                    brez osnove
                </comment-text-transliterated>
            </comment>
            <comment comment-id="9-6">
                <comment-parent-id>9</comment-parent-id>
                <comment-text>Žal na Petrolu pa brez zamere moraš kar nekaj znanja imeti, če ne nimaš tam kaj iskati.
                    Moraš biti poštar, bančnik, avtomehanik, skladiščnik, kuhar, pekar, čistilec WC-jev in še kaj vse v
                    enem. Sem pa tja moraš iz lastne denarnice plačati kakšen pobeg ker ti nekdo od šefov določi da nisi
                    bil dovolj zbran. Pa še vsak teden mesec se kaj novega spomnijo in ti samo nalagajo obveznosti
                </comment-text>
                <comment-text-transliterated>Žal na Petrolu pa brez zamere moraš kar nekaj znanja imeti, če ne nimaš tam
                    kaj iskati. Moraš biti poštar, bančnik, avtomehanik, skladiščnik, kuhar, pekar, čistilec WC-jev in
                    še kaj vse v enem. Sem pa tja moraš iz lastne denarnice plačati kakšen pobeg ker ti nekdo od šefov
                    določi da nisi bil dovolj zbran. Pa še vsak teden mesec se kaj novega spomnijo in ti samo nalagajo
                    obveznosti
                </comment-text-transliterated>
            </comment>
            <comment comment-id="9-7">
                <comment-parent-id>9</comment-parent-id>
                <comment-text>........pa kidanje snega pozimi , sriženje žive meje in košnja trave, pobiranje smeti iz
                    košev, pumpanje gum neukim dekletom, itd. multipraktik na kvadrat :)
                </comment-text>
                <comment-text-transliterated>........pa kidanje snega pozimi , sriženje žive meje in košnja trave,
                    pobiranje smeti iz košev, pumpanje gum neukim dekletom, itd. multipraktik na kvadrat :)
                </comment-text-transliterated>
            </comment>
            <comment comment-id="10">
                <comment-parent-id/>
                <comment-text>Neverjetno. Denar so za železnice dajali in svoji zapolsenim niso uredili plač. Sedaj pa
                    vidimo, da si na železnicah delijo dobičke in plačujejo lopovščino pa spet svoje zaposlene
                    nategujejo. Zato PODPIRAM POŠTARJE DA ENKRAT ZAROPOTAJO IN POVEDO JAVNO KAR SEM ZGORAJ NAPISAL.
                </comment-text>
                <comment-text-transliterated>Neverjetno. Denar so za železnice dajali in svoji zapolsenim niso uredili
                    plač. Sedaj pa vidimo, da si na železnicah delijo dobičke in plačujejo lopovščino pa spet svoje
                    zaposlene nategujejo. Zato PODPIRAM POŠTARJE DA ENKRAT ZAROPOTAJO IN POVEDO JAVNO KAR SEM ZGORAJ
                    NAPISAL.
                </comment-text-transliterated>
            </comment>
            <comment comment-id="11">
                <comment-parent-id/>
                <comment-text>ti bodo še dražji plača plus zastonj stanovanje pa še kakšne druge bonitete. Ta država je
                    res en velik paradoks briga se za tujce, svoj narod pa v nedogled zavaja in izkorišča
                </comment-text>
                <comment-text-transliterated>ti bodo še dražji plača plus zastonj stanovanje pa še kakšne druge
                    bonitete. Ta država je res en velik paradoks briga se za tujce, svoj narod pa v nedogled zavaja in
                    izkorišča
                </comment-text-transliterated>
            </comment>
            <comment comment-id="11-1">
                <comment-parent-id>11</comment-parent-id>
                <comment-text>Normalno. Vsi mislijo, da s ebodo iz BOSANCEV IN SRBOV norce delali in jih imeli za
                    hlapce. Potem pa ko komu glavo kdo odstrani pa vsi skačejo po zraku kakšen kriminal je. Očitno si
                    določeni zaslužijo samo sporazumevanje z mečem in ognjem.
                </comment-text>
                <comment-text-transliterated>Normalno. Vsi mislijo, da s ebodo iz BOSANCEV IN SRBOV norce delali in jih
                    imeli za hlapce. Potem pa ko komu glavo kdo odstrani pa vsi skačejo po zraku kakšen kriminal je.
                    Očitno si določeni zaslužijo samo sporazumevanje z mečem in ognjem.
                </comment-text-transliterated>
            </comment>
            <comment comment-id="12">
                <comment-parent-id/>
                <comment-text>glede na ceno storitev se čudim nastali situaciji......pošta Slovenije ima drage storitve
                    glede na EU sosede......kačo se zagrabi za vrat...
                </comment-text>
                <comment-text-transliterated>glede na ceno storitev se čudim nastali situaciji......pošta Slovenije ima
                    drage storitve glede na EU sosede......kačo se zagrabi za vrat...
                </comment-text-transliterated>
            </comment>
            <comment comment-id="13">
                <comment-parent-id/>
                <comment-text>Uničili so konkurenco z nizkimi cenami dostave reklam, sedaj pa jokajo.</comment-text>
                <comment-text-transliterated>Uničili so konkurenco z nizkimi cenami dostave reklam, sedaj pa jokajo.
                </comment-text-transliterated>
            </comment>
            <comment comment-id="13-1">
                <comment-parent-id>13</comment-parent-id>
                <comment-text>Žal je res. A še večja samota pa je, da so poštarji služili denar za železnice, katera je
                    zapravljala za korupcijo in pranje denarja. Delili pa so si ga razni BERDAJSI in PAVLIČI z
                    megalomanskimi plačami. Tukaj pa vidimo, da poštarji so popušili. Takšna ekonomija ne more
                    preživeti.
                </comment-text>
                <comment-text-transliterated>Žal je res. A še večja samota pa je, da so poštarji služili denar za
                    železnice, katera je zapravljala za korupcijo in pranje denarja. Delili pa so si ga razni BERDAJSI
                    in PAVLIČI z megalomanskimi plačami. Tukaj pa vidimo, da poštarji so popušili. Takšna ekonomija ne
                    more preživeti.
                </comment-text-transliterated>
            </comment>
            <comment comment-id="14">
                <comment-parent-id/>
                <comment-text>ce se to zgodi .me no vec na posto in upam ,da tud drugi tako mislite!!!!</comment-text>
                <comment-text-transliterated>ce se to zgodi .me no vec na posto in upam ,da tud drugi tako mislite!!!!
                </comment-text-transliterated>
            </comment>
            <comment comment-id="15">
                <comment-parent-id/>
                <comment-text>Postarji dobijo se prevelke place gledena druga dela .</comment-text>
                <comment-text-transliterated>Postarji dobijo se prevelke place gledena druga dela .
                </comment-text-transliterated>
            </comment>
            <comment comment-id="16">
                <comment-parent-id/>
                <comment-text>najbolj da gre POšta v SRBIJO in nam da mir, bo tukaj hitro boljša konkurenca
                </comment-text>
                <comment-text-transliterated>najbolj da gre POšta v SRBIJO in nam da mir, bo tukaj hitro boljša
                    konkurenca
                </comment-text-transliterated>
            </comment>
            <comment comment-id="17">
                <comment-parent-id/>
                <comment-text>Novodobno suženjstvo, država PA glede tega NE naredi NIČ</comment-text>
                <comment-text-transliterated>Novodobno suženjstvo, država PA glede tega NE naredi NIČ
                </comment-text-transliterated>
            </comment>
            <comment comment-id="18">
                <comment-parent-id/>
                <comment-text>Srbi bodo delal dvojni šiht za 600 evrov.</comment-text>
                <comment-text-transliterated>Srbi bodo delal dvojni šiht za 600 evrov.</comment-text-transliterated>
            </comment>
            <comment comment-id="19">
                <comment-parent-id/>
                <comment-text>Njih bodo učil slovenskega jezika HHAHAHHEHHEHHAHEHHHAHAHHAHAHHAHHAAAHHAHAHHAHA! Jih mamo
                    že na 10 tisoče desetletja že pri nas pa še ja namest da ne
                    znajao....HAHAHHAHHHAHEHHEEHHUHHUHUHUHUHAHHAHHAHHAHHAAAAA!!!!!!!!!!
                </comment-text>
                <comment-text-transliterated>Njih bodo učil slovenskega jezika
                    HHAHAHHEHHEHHAHEHHHAHAHHAHAHHAHHAAAHHAHAHHAHA! Jih mamo že na 10 tisoče desetletja že pri nas pa še
                    ja namest da ne znajao....HAHAHHAHHHAHEHHEEHHUHHUHUHUHUHAHHAHHAHHAHHAAAAA!!!!!!!!!!
                </comment-text-transliterated>
            </comment>
            <comment comment-id="19-1">
                <comment-parent-id>19</comment-parent-id>
                <comment-text>slovensko je DA, nemškutarsko je JA oziroma Jawohl</comment-text>
                <comment-text-transliterated>slovensko je DA, nemškutarsko je JA oziroma Jawohl
                </comment-text-transliterated>
            </comment>
            <comment comment-id="20">
                <comment-parent-id/>
                <comment-text>To ti je naš tajkunski kapitalizem. V času krize &#039;&#039;ni za plače, naredite nekaj
                    za podjetje&#039;&#039;, v času gospodarskega booma pa &#039;&#039;delaj za 700 eur ali pa te
                    zamenja bosanec&#039;&#039;. Tržne zakonitosti očitno lahko gredo samo v škodo delavca, nikoli v
                    njegovo korist.
                </comment-text>
                <comment-text-transliterated>To ti je naš tajkunski kapitalizem. V času krize &#039;&#039;ni za plače,
                    naredite nekaj za podjetje&#039;&#039;, v času gospodarskega booma pa &#039;&#039;delaj za 700 eur
                    ali pa te zamenja bosanec&#039;&#039;. Tržne zakonitosti očitno lahko gredo samo v škodo delavca,
                    nikoli v njegovo korist.
                </comment-text-transliterated>
            </comment>
            <comment comment-id="20-1">
                <comment-parent-id>20</comment-parent-id>
                <comment-text>to ni tajkunski kapitalizem, to JE kapitalizem. v imenu imaš kapital. ta je tisti, ki
                    narekuje pravila. kar ti opisuješ kot idealne tržne zakonitosti je samoupravni socializem
                </comment-text>
                <comment-text-transliterated>to ni tajkunski kapitalizem, to JE kapitalizem. v imenu imaš kapital. ta je
                    tisti, ki narekuje pravila. kar ti opisuješ kot idealne tržne zakonitosti je samoupravni socializem
                </comment-text-transliterated>
            </comment>
            <comment comment-id="21">
                <comment-parent-id/>
                <comment-text>pravilno. delavci iz bosne in srbije so marljivi in odgovorni. verjamem, da se sedaj ne bo
                    tako pogosto dogajalo, da kaka pošiljka ne bo vročena, kot recimo tiste JJ, Cekuti, Bavčarju ipd
                </comment-text>
                <comment-text-transliterated>pravilno. delavci iz bosne in srbije so marljivi in odgovorni. verjamem, da
                    se sedaj ne bo tako pogosto dogajalo, da kaka pošiljka ne bo vročena, kot recimo tiste JJ, Cekuti,
                    Bavčarju ipd
                </comment-text-transliterated>
            </comment>
            <comment comment-id="22">
                <comment-parent-id/>
                <comment-text>Dokler država dobi iz poštnega mošnjička svoj del miljončkov, jo kot 100% lastnika ne
                    briga kako podjetje deluje....še manj jim je mar za delavce, ki že nekaj let opozarjajo na celo
                    vrsto težav in nepravilnosti, pa niihče ne ukrepa...nikogar ne briga...le novinarčki občasno malo
                    podkurite s kakšnim prispevkom, to je pa vse
                </comment-text>
                <comment-text-transliterated>Dokler država dobi iz poštnega mošnjička svoj del miljončkov, jo kot 100%
                    lastnika ne briga kako podjetje deluje....še manj jim je mar za delavce, ki že nekaj let opozarjajo
                    na celo vrsto težav in nepravilnosti, pa niihče ne ukrepa...nikogar ne briga...le novinarčki občasno
                    malo podkurite s kakšnim prispevkom, to je pa vse
                </comment-text-transliterated>
            </comment>
            <comment comment-id="23">
                <comment-parent-id/>
                <comment-text>Če bo meni prišel na vrata poštar ,ki bo govoril Srbohrvaščino bo tudi odšel , ker bom za
                    protest raje šel sam na pošto po karkoli že
                </comment-text>
                <comment-text-transliterated>Če bo meni prišel na vrata poštar ,ki bo govoril Srbohrvaščino bo tudi
                    odšel , ker bom za protest raje šel sam na pošto po karkoli že
                </comment-text-transliterated>
            </comment>
            <comment comment-id="23-1">
                <comment-parent-id>23</comment-parent-id>
                <comment-text>tolk bolj za pošto slovenije d.o.o.. na šalterju ti bojo še kako svečo za na britof
                    prodal
                </comment-text>
                <comment-text-transliterated>tolk bolj za pošto slovenije d.o.o.. na šalterju ti bojo še kako svečo za
                    na britof prodal
                </comment-text-transliterated>
            </comment>
            <comment comment-id="24">
                <comment-parent-id/>
                <comment-text>Place jim raje povisajte ne pa da po celodnevnem delu se morajo v vrsti stat na rdecem
                    krizu za paket
                </comment-text>
                <comment-text-transliterated>Place jim raje povisajte ne pa da po celodnevnem delu se morajo v vrsti
                    stat na rdecem krizu za paket
                </comment-text-transliterated>
            </comment>
            <comment comment-id="25">
                <comment-parent-id/>
                <comment-text>Naša pošta itak ni več prava pošta, prideš na pošto, pa ne veš ali prišel v trgovino ali
                    na pošto, pot do okenc speljana med policami artiklov (iz trgovine).
                </comment-text>
                <comment-text-transliterated>Naša pošta itak ni več prava pošta, prideš na pošto, pa ne veš ali prišel v
                    trgovino ali na pošto, pot do okenc speljana med policami artiklov (iz trgovine).
                </comment-text-transliterated>
            </comment>
            <comment comment-id="25-1">
                <comment-parent-id>25</comment-parent-id>
                <comment-text>Slabše kot na bencinski črpalki</comment-text>
                <comment-text-transliterated>Slabše kot na bencinski črpalki</comment-text-transliterated>
            </comment>
            <comment comment-id="26">
                <comment-parent-id/>
                <comment-text>Poskusili jih bodo nauciti slovenskega jezika,pa dobro koliko zemotov pa se je asimiliralo
                    veliko jih je vec kot 40 let pri nas pa ne zna besede slovensko ker noce lazje bi bilo za vodstvo
                    poste da slovence zaposlene naucijo cirilice " bre"
                </comment-text>
                <comment-text-transliterated>Poskusili jih bodo nauciti slovenskega jezika,pa dobro koliko zemotov pa se
                    je asimiliralo veliko jih je vec kot 40 let pri nas pa ne zna besede slovensko ker noce lazje bi
                    bilo za vodstvo poste da slovence zaposlene naucijo cirilice " bre"
                </comment-text-transliterated>
            </comment>
            <comment comment-id="27">
                <comment-parent-id/>
                <comment-text>bojkot naresti pa je ane!!!</comment-text>
                <comment-text-transliterated>bojkot naresti pa je ane!!!</comment-text-transliterated>
            </comment>
            <comment comment-id="28">
                <comment-parent-id/>
                <comment-text>in potem se vprašam v kakšni "firmi" delam... do zdaj niso mogli zaposliti 111 delavcev??
                    samo 56 jih je ostalo... hec je v tem, da jih v enem mesecu več pusti, kot zaposli !! Zdaj pa res ne
                    vem kdo je tukaj nesposoben MI DELAVCI ali NESPOSOBNO VODSTVO???? vsi tisti požeruhi na polozajih,
                    če bi dali nam poštenim delavcem vsaj 100e več in bi VI imeli pribl. -4 MILIJONE ČISTEGA DOBIČKA
                    MANJ, bi imeli zdaj že zaposlenih 200 delavcev !! Ne pa da moramo po tujini delavce iskati, in če
                    tudi bodo naredili tisti VAŠ slovenski strokovni izpit, VSI tukaj VEMO kako bo narejeno, to bo
                    SKUPINSKO REŠEVANJE!! Samo da se zaposli, potem nobenega od vodilnih ne briga, kako kdo dela, ker
                    imajo seveda vse pod sabo, nimajo pa toliko da ne rečem česa, da bi prišli mogoče vsaj 1x na leto na
                    kakšno pošto pogledati svoje zaposlene, očitno niso dobri gospodarji oz si ne upajo... aja pozabil
                    sem da imajo res zelo veliko dela z podpisovanjem pogodb itd. gret stolček in BITI PAMETEN ni
                    problem.. pač vidi se da so ZAFURAL TOTALNO!!! Lp
                </comment-text>
                <comment-text-transliterated>in potem se vprašam v kakšni "firmi" delam... do zdaj niso mogli zaposliti
                    111 delavcev?? samo 56 jih je ostalo... hec je v tem, da jih v enem mesecu več pusti, kot zaposli !!
                    Zdaj pa res ne vem kdo je tukaj nesposoben MI DELAVCI ali NESPOSOBNO VODSTVO???? vsi tisti požeruhi
                    na polozajih, če bi dali nam poštenim delavcem vsaj 100e več in bi VI imeli pribl. -4 MILIJONE
                    ČISTEGA DOBIČKA MANJ, bi imeli zdaj že zaposlenih 200 delavcev !! Ne pa da moramo po tujini delavce
                    iskati, in če tudi bodo naredili tisti VAŠ slovenski strokovni izpit, VSI tukaj VEMO kako bo
                    narejeno, to bo SKUPINSKO REŠEVANJE!! Samo da se zaposli, potem nobenega od vodilnih ne briga, kako
                    kdo dela, ker imajo seveda vse pod sabo, nimajo pa toliko da ne rečem česa, da bi prišli mogoče vsaj
                    1x na leto na kakšno pošto pogledati svoje zaposlene, očitno niso dobri gospodarji oz si ne upajo...
                    aja pozabil sem da imajo res zelo veliko dela z podpisovanjem pogodb itd. gret stolček in BITI
                    PAMETEN ni problem.. pač vidi se da so ZAFURAL TOTALNO!!! Lp
                </comment-text-transliterated>
            </comment>
            <comment comment-id="29">
                <comment-parent-id/>
                <comment-text>Ma saj mi dnevno vozijo v firmo razne druge dostavne firme...... Pa samo slišim paket ima
                    za vas ....pa gdje je ono...........paol kr mal okol pogledam.... al sem doma .....ali v
                    Prištini......
                </comment-text>
                <comment-text-transliterated>Ma saj mi dnevno vozijo v firmo razne druge dostavne firme...... Pa samo
                    slišim paket ima za vas ....pa gdje je ono...........paol kr mal okol pogledam.... al sem doma
                    .....ali v Prištini......
                </comment-text-transliterated>
            </comment>
            <comment comment-id="30">
                <comment-parent-id/>
                <comment-text>Edino kar se mora na pošti menjati je vodstveni kader. Po učinku dela in sposobnosti si
                    manj zaslužijo kot pismonoši. Vostveni tako odkrito vam povem STE LOPOVSKE NIČVREDNE IN NESPOSOBNE
                    BARABE. Pa, da ne bo kdo mislil, da sem delovno vezan na pošto ampak je to moje mnenje po videnem.
                    Naj mi pa poštar kateri ne bo govoril v Slovenskem jeziku pride na vrata se bo pa nesel kot NLP od
                    mene.
                </comment-text>
                <comment-text-transliterated>Edino kar se mora na pošti menjati je vodstveni kader. Po učinku dela in
                    sposobnosti si manj zaslužijo kot pismonoši. Vostveni tako odkrito vam povem STE LOPOVSKE NIČVREDNE
                    IN NESPOSOBNE BARABE. Pa, da ne bo kdo mislil, da sem delovno vezan na pošto ampak je to moje mnenje
                    po videnem. Naj mi pa poštar kateri ne bo govoril v Slovenskem jeziku pride na vrata se bo pa nesel
                    kot NLP od mene.
                </comment-text-transliterated>
            </comment>
            <comment comment-id="30-1">
                <comment-parent-id>30</comment-parent-id>
                <comment-text>Evo tukaj pod tvoj komentar se pa lahko samo podpišem.To jaz že cel čas govorim ,da
                    vodstveni kader ni sposoben opravljati svojega dela in zato je tako ,kot je.
                </comment-text>
                <comment-text-transliterated>Evo tukaj pod tvoj komentar se pa lahko samo podpišem.To jaz že cel čas
                    govorim ,da vodstveni kader ni sposoben opravljati svojega dela in zato je tako ,kot je.
                </comment-text-transliterated>
            </comment>
            <comment comment-id="31">
                <comment-parent-id/>
                <comment-text>Tipično kapitalistično. Prosim, da se ustanovi konkurenčno podjetje. Trg dela ne deluje
                    pravilno... Lahko se menja vodstvo katero se kopa v dnarju.
                </comment-text>
                <comment-text-transliterated>Tipično kapitalistično. Prosim, da se ustanovi konkurenčno podjetje. Trg
                    dela ne deluje pravilno... Lahko se menja vodstvo katero se kopa v dnarju.
                </comment-text-transliterated>
            </comment>
            <comment comment-id="32">
                <comment-parent-id/>
                <comment-text>Ja pol naj pa še upravo zamenjajo srbski delavci sigurno bojo cenejši pa boljši!
                </comment-text>
                <comment-text-transliterated>Ja pol naj pa še upravo zamenjajo srbski delavci sigurno bojo cenejši pa
                    boljši!
                </comment-text-transliterated>
            </comment>
            <comment comment-id="32-1">
                <comment-parent-id>32</comment-parent-id>
                <comment-text>Ker slabši bi bili res težko !</comment-text>
                <comment-text-transliterated>Ker slabši bi bili res težko !</comment-text-transliterated>
            </comment>
            <comment comment-id="33">
                <comment-parent-id/>
                <comment-text>Ja baje je vcasih blo se huje tam pred 90</comment-text>
                <comment-text-transliterated>Ja baje je vcasih blo se huje tam pred 90</comment-text-transliterated>
            </comment>
            <comment comment-id="33-1">
                <comment-parent-id>33</comment-parent-id>
                <comment-text>Kje si pa to slišal? V Lepeni? Če je pa sarkazem, se pa opravičujem!</comment-text>
                <comment-text-transliterated>Kje si pa to slišal? V Lepeni? Če je pa sarkazem, se pa opravičujem!
                </comment-text-transliterated>
            </comment>
            <comment comment-id="34">
                <comment-parent-id/>
                <comment-text>kere barabe...</comment-text>
                <comment-text-transliterated>kere barabe...</comment-text-transliterated>
            </comment>
            <comment comment-id="35">
                <comment-parent-id/>
                <comment-text>če me ogovori v tujem jeziku s tujim naglasom ne trznem! ga vržem iz parcele! stoposto!
                </comment-text>
                <comment-text-transliterated>če me ogovori v tujem jeziku s tujim naglasom ne trznem! ga vržem iz
                    parcele! stoposto!
                </comment-text-transliterated>
            </comment>
            <comment comment-id="35-1">
                <comment-parent-id>35</comment-parent-id>
                <comment-text>šovinist</comment-text>
                <comment-text-transliterated>šovinist</comment-text-transliterated>
            </comment>
            <comment comment-id="36">
                <comment-parent-id/>
                <comment-text>Lopovščina! Ja, pa boste kar mirno prenašali suženjstvo? Pa mislite, da je v arestu
                    slabše, kot vam je sedaj? Poštarji, pa onemogočite vendar suženjsko obravnavo vas, ki ste sploh
                    omogočili vašim biričem dostop do biča! Če boste še kar naprej tiho, boste nazadnje raznašali pošto
                    privezani za avto! Pamet in vile v roke!
                </comment-text>
                <comment-text-transliterated>Lopovščina! Ja, pa boste kar mirno prenašali suženjstvo? Pa mislite, da je
                    v arestu slabše, kot vam je sedaj? Poštarji, pa onemogočite vendar suženjsko obravnavo vas, ki ste
                    sploh omogočili vašim biričem dostop do biča! Če boste še kar naprej tiho, boste nazadnje raznašali
                    pošto privezani za avto! Pamet in vile v roke!
                </comment-text-transliterated>
            </comment>
            <comment comment-id="37">
                <comment-parent-id/>
                <comment-text>Naj pošto dostavlja direktor ki ima 25000,oo eurov na mesec !!</comment-text>
                <comment-text-transliterated>Naj pošto dostavlja direktor ki ima 25000,oo eurov na mesec !!
                </comment-text-transliterated>
            </comment>
            <comment comment-id="37-1">
                <comment-parent-id>37</comment-parent-id>
                <comment-text>Saj bi , pa pač ne zna, ampak bi ga pa le bilo treba naučiti! V slogi je moč!
                </comment-text>
                <comment-text-transliterated>Saj bi , pa pač ne zna, ampak bi ga pa le bilo treba naučiti! V slogi je
                    moč!
                </comment-text-transliterated>
            </comment>
            <comment comment-id="37-2">
                <comment-parent-id>37</comment-parent-id>
                <comment-text>Zadnji čas da bi začel delati kaj koristnega, saj mu očitno od ne dela grejo same
                    neumnosti po glavi!
                </comment-text>
                <comment-text-transliterated>Zadnji čas da bi začel delati kaj koristnega, saj mu očitno od ne dela
                    grejo same neumnosti po glavi!
                </comment-text-transliterated>
            </comment>
            <comment comment-id="37-3">
                <comment-parent-id>37</comment-parent-id>
                <comment-text>Korist bi naredil če bi pošto slovenije preimenoval v "KITAJSKA TRGOVINA"</comment-text>
                <comment-text-transliterated>Korist bi naredil če bi pošto slovenije preimenoval v "KITAJSKA TRGOVINA"
                </comment-text-transliterated>
            </comment>
            <comment comment-id="38">
                <comment-parent-id/>
                <comment-text>A smo se za to boril,ega..?</comment-text>
                <comment-text-transliterated>A smo se za to boril,ega..?</comment-text-transliterated>
            </comment>
            <comment comment-id="39">
                <comment-parent-id/>
                <comment-text>k nam v firmo je danes ze prinesel posto en tak, ki je le napol tolkel slovensko
                </comment-text>
                <comment-text-transliterated>k nam v firmo je danes ze prinesel posto en tak, ki je le napol tolkel
                    slovensko
                </comment-text-transliterated>
            </comment>
            <comment comment-id="39-1">
                <comment-parent-id>39</comment-parent-id>
                <comment-text>Pri nas pa dva z mopedi</comment-text>
                <comment-text-transliterated>Pri nas pa dva z mopedi</comment-text-transliterated>
            </comment>
            <comment comment-id="40">
                <comment-parent-id/>
                <comment-text>Dokler je na našem zavodu za zaposlovanje toliko ljudi, bi absolutno prepovedal uvoz
                    tujcev. Kdor pa si jih vseeno želi pa bi jim moral plačevati za delo enako kot naše le da bi
                    podjetje še dodatno bdavčil...pa da jih vidim kako bodo naše zaničevali...
                </comment-text>
                <comment-text-transliterated>Dokler je na našem zavodu za zaposlovanje toliko ljudi, bi absolutno
                    prepovedal uvoz tujcev. Kdor pa si jih vseeno želi pa bi jim moral plačevati za delo enako kot naše
                    le da bi podjetje še dodatno bdavčil...pa da jih vidim kako bodo naše zaničevali...
                </comment-text-transliterated>
            </comment>
            <comment comment-id="40-1">
                <comment-parent-id>40</comment-parent-id>
                <comment-text>srbom lohk daš 400 eur po njihovim delovni zakonodaji v srbji je tam minimalna plača 200
                    eur
                </comment-text>
                <comment-text-transliterated>srbom lohk daš 400 eur po njihovim delovni zakonodaji v srbji je tam
                    minimalna plača 200 eur
                </comment-text-transliterated>
            </comment>
            <comment comment-id="41">
                <comment-parent-id/>
                <comment-text>haha iščejo v srbijo ker tukaj slovenji noben noče delat za majhen dnar</comment-text>
                <comment-text-transliterated>haha iščejo v srbijo ker tukaj slovenji noben noče delat za majhen dnar
                </comment-text-transliterated>
            </comment>
        </comment-list>
    </comments>
</document>