<document global-id="si-06-1150">
    <url>
        https://www.24ur.com/sport/nogomet/lewandowski-brez-dlake-na-jeziku-za-obstoj-v-evropskem-vrhu-nam-je-potrebna-sveza-kri.html
    </url>
    <source-id>si-06</source-id>
    <local-id>1150</local-id>
    <source-name>ur24</source-name>
    <article>
        <article-title>Lewandowski brez dlake na jeziku: Za obstoj v evropskem vrhu potrebujemo 'svežo kri'
        </article-title>
        <article-title-transliterated>Lewandowski brez dlake na jeziku: Za obstoj v evropskem vrhu potrebujemo 'svežo
            kri'
        </article-title-transliterated>
        <article-time>2017-11-08</article-time>
        <article-author>A.V.</article-author>
        <article-text>Eden od nosilcev igre münchenskega Bayerna, napadalec Robert Lewandowski, je v obširnem intervjuju
            za ugledno tiskovno agencijo Reuters izpostavil nekaj perečih zadev, ki se tičejo aktualnega stanja v vrstah
            bavarskega velikana. Med drugim je izrazil zadovoljstvo ob vrnitvi prekaljenega stratega Juppa Heynckesa, a
            v isti sapi dodal, da bo za obstoj v evropskem vrhu Bayern nujno potreboval 'svežo kri'.
            "Vodstvo Bayerna se mora zavedati, da ne sme zaspati na lovorikah. Naša prevlada v bundesligi v zadnjih
            sezonah nas ne sme zavesti, saj konkurenca ne počiva. Videli ste, kako slabo smo startali v novo sezono, ko
            sta bila pred nami tako Leipzig kot Borussija Dortmund," je uvodoma v obširnem intervjuju za ugledno
            tiskovno agencijo Reuters dejal eden od zvezdnikov bavarskega ponosa Robert Lewandowski.
            Devetindvajsetletni, odlični napadalec, ki je bil najboljši strelec zadnjih kvalifikacij za svetovno
            prvenstvo v Rusiji, kjer bo nastopil v dresu poljske reprezentance, meni, da bo za obstoj v evropskem
            klubskem vrhu v naslednjih sezonah Bayern potreboval 'svežo kri'. "Ne gre si zatiskati oči pred resnico.
            Dejstvo je, da še vedno razpolagamo z vrhunskimi nogometaši, toda večina nosilcev igre je že doseglo svoj
            vrhunec kariere. To so sicer še vedno izjemni igralci, a leta nikomur ne prizanašajo. Prepričan sem, da bi
            ob močnejši konkurenci znotraj moštva, že v letošnji sezoni lahko enakovredno konkurirali za osvojitev
            naslova v ligi prvakov," brez dlake na jeziku meni Lewandowski, ki tudi sam ne beži od svojega deleža
            odgovornosti.
            Utrujenost nosilcev igre je terjala visok davek "Hvala bogu, da smo se vrnili v vrh bundeslige, kjer nam je
            ne nazadnje tudi mesto. Tudi sam sem odigral precej slabše na začetku sezone, saj sem v nekem trenutku
            začutil veliko utrujenost. Če bi vsak od nosilcev igre imel ustrezno zamenjavo, bi že avgusta delovali
            neprimerno bolje in močneje. Tudi poškodbe nas niso obšle, mene je zagrabilo v stegenski mišici, tudi Arjen
            Robben se ubada s poškodbo noge, pa Franck Ribery ... Verjamem pa, da bomo v nadaljevanju še močnejši,"
            odličnega poljskega napadalca optimizem ne zapušča in ga obenem veseli izjemen napredek nadarjenega
            22-letnega Josha Kimmicha.  "Josh se je od izvrstnega nogometaša zvezne vrste prelevil v izjemnega desnega
            bočnega branilca, kar je dokaz, da imamo v naših mlajših selekcijah odlične talente. Le ustrezno priložnost
            za dokazovanje morajo dobiti tudi v članskem moštvu. Po upokojitvi legendarnega kapetana Philippa Lahma so
            nam Josheve odlične igre vlile dodatno samozavest in zaupanje v obrambno vrsto. Ko se bomo še ustrezno
            okrepili na položajih, kjer je to že sedaj nujno potrebno, sem prepričan, da bo Bayern še dolgo krojil
            evropski klubski vrh," je zaključil kapetan poljske nogometne izbrane vrste na začasnem delu v Münchnu.
        </article-text>
        <article-text-transliterated>Eden od nosilcev igre münchenskega Bayerna, napadalec Robert Lewandowski, je v
            obširnem intervjuju za ugledno tiskovno agencijo Reuters izpostavil nekaj perečih zadev, ki se tičejo
            aktualnega stanja v vrstah bavarskega velikana. Med drugim je izrazil zadovoljstvo ob vrnitvi prekaljenega
            stratega Juppa Heynckesa, a v isti sapi dodal, da bo za obstoj v evropskem vrhu Bayern nujno potreboval
            'svežo kri'.
            "Vodstvo Bayerna se mora zavedati, da ne sme zaspati na lovorikah. Naša prevlada v bundesligi v zadnjih
            sezonah nas ne sme zavesti, saj konkurenca ne počiva. Videli ste, kako slabo smo startali v novo sezono, ko
            sta bila pred nami tako Leipzig kot Borussija Dortmund," je uvodoma v obširnem intervjuju za ugledno
            tiskovno agencijo Reuters dejal eden od zvezdnikov bavarskega ponosa Robert Lewandowski.
            Devetindvajsetletni, odlični napadalec, ki je bil najboljši strelec zadnjih kvalifikacij za svetovno
            prvenstvo v Rusiji, kjer bo nastopil v dresu poljske reprezentance, meni, da bo za obstoj v evropskem
            klubskem vrhu v naslednjih sezonah Bayern potreboval 'svežo kri'. "Ne gre si zatiskati oči pred resnico.
            Dejstvo je, da še vedno razpolagamo z vrhunskimi nogometaši, toda večina nosilcev igre je že doseglo svoj
            vrhunec kariere. To so sicer še vedno izjemni igralci, a leta nikomur ne prizanašajo. Prepričan sem, da bi
            ob močnejši konkurenci znotraj moštva, že v letošnji sezoni lahko enakovredno konkurirali za osvojitev
            naslova v ligi prvakov," brez dlake na jeziku meni Lewandowski, ki tudi sam ne beži od svojega deleža
            odgovornosti.
            Utrujenost nosilcev igre je terjala visok davek "Hvala bogu, da smo se vrnili v vrh bundeslige, kjer nam je
            ne nazadnje tudi mesto. Tudi sam sem odigral precej slabše na začetku sezone, saj sem v nekem trenutku
            začutil veliko utrujenost. Če bi vsak od nosilcev igre imel ustrezno zamenjavo, bi že avgusta delovali
            neprimerno bolje in močneje. Tudi poškodbe nas niso obšle, mene je zagrabilo v stegenski mišici, tudi Arjen
            Robben se ubada s poškodbo noge, pa Franck Ribery ... Verjamem pa, da bomo v nadaljevanju še močnejši,"
            odličnega poljskega napadalca optimizem ne zapušča in ga obenem veseli izjemen napredek nadarjenega
            22-letnega Josha Kimmicha.  "Josh se je od izvrstnega nogometaša zvezne vrste prelevil v izjemnega desnega
            bočnega branilca, kar je dokaz, da imamo v naših mlajših selekcijah odlične talente. Le ustrezno priložnost
            za dokazovanje morajo dobiti tudi v članskem moštvu. Po upokojitvi legendarnega kapetana Philippa Lahma so
            nam Josheve odlične igre vlile dodatno samozavest in zaupanje v obrambno vrsto. Ko se bomo še ustrezno
            okrepili na položajih, kjer je to že sedaj nujno potrebno, sem prepričan, da bo Bayern še dolgo krojil
            evropski klubski vrh," je zaključil kapetan poljske nogometne izbrane vrste na začasnem delu v Münchnu.
        </article-text-transliterated>
    </article>
    <comments>
        <comments-count>4</comments-count>
        <comment-list>
            <comment comment-id="1">
                <comment-parent-id/>
                <comment-text>tiho naj bo, da ne bo prvi odletel.....</comment-text>
                <comment-text-transliterated>tiho naj bo, da ne bo prvi odletel.....</comment-text-transliterated>
            </comment>
            <comment comment-id="1-1">
                <comment-parent-id>1</comment-parent-id>
                <comment-text>Če je mislil na novo svežo kri , potem mora sam čimprej dobiti transfuzijo.</comment-text>
                <comment-text-transliterated>Če je mislil na novo svežo kri , potem mora sam čimprej dobiti
                    transfuzijo.
                </comment-text-transliterated>
            </comment>
            <comment comment-id="2">
                <comment-parent-id/>
                <comment-text>Kimmich pa res igra na tej poziciji vrhunsko. Mirno, kot da je star najmanj 30.
                </comment-text>
                <comment-text-transliterated>Kimmich pa res igra na tej poziciji vrhunsko. Mirno, kot da je star najmanj
                    30.
                </comment-text-transliterated>
            </comment>
            <comment comment-id="3">
                <comment-parent-id/>
                <comment-text>Nestrpno čakam na spomladanski del lige prvakov. Bayern tako v dobrem, kot v slabem. Mia
                    san mia
                </comment-text>
                <comment-text-transliterated>Nestrpno čakam na spomladanski del lige prvakov. Bayern tako v dobrem, kot
                    v slabem. Mia san mia
                </comment-text-transliterated>
            </comment>
        </comment-list>
    </comments>
</document>