<document global-id="si-06-1382">
    <url>https://www.24ur.com/ekskluziv/tuja-scena/naslednji-nogometas-ki-je-okrepil-ekipo-pokerstars-neymar.html</url>
    <source-id>si-06</source-id>
    <local-id>1382</local-id>
    <source-name>ur24</source-name>
    <article>
        <article-title>Naslednji nogometaš, ki je okrepil ekipo PokerStars – Neymar</article-title>
        <article-title-transliterated>Naslednji nogometaš, ki je okrepil ekipo PokerStars – Neymar
        </article-title-transliterated>
        <article-time>2015-06-01</article-time>
        <article-author>Pokerstars</article-author>
        <article-text>Brazilski nogometni superzvezdnik, Neymar ml., je travnato zelenico zamenjal za zeleno poker mizo.
            Goalgetter v svojem prostem času namreč redno spremlja poker, sedaj pa bo svoje znanje preizkusil na
            otvoritvi dvanajste sezone evropskega poker toura, ki bo potekala avgusta v Barceloni.
            Brazilec je novico, da postaja ambasador tega športa, objavil dan po tem, ko je nemškemu velikanu Bayernu,
            zabil odločilni zadetek za zmago Barcelone v polfinalu lige prvakov in tako svoji ekipi na široko odprl
            vrata do uvrstitve v sam finale tega tekmovanja.
            "Za uspeh v svetu pokra potrebuješ zelo podobne spretnosti, kot pri igranju nogometa," je ob podpisu dejal
            Neymar, "najpomembnejša je psihična pripravljenost; prožnost, koncentracija, potrpljenje. Sem zelo
            tekmovalen človek. Rad imam izzive. Ne glede na to, ali se dogajajo na nogometni travi ali za poker mizo."
            Neymar je sicer svojo ljubezen do najpopularnejše igre s kartami izrazil že večkrat, med drugim se tudi
            njegov pes imenuje Poker. Prav tako naj bi s prijatelji med polfinalom svetovnega prvenstva v Braziliji, ki
            jo je njegova država izgubila s kar 7:1, raje igral poker, kot pa gledal polom lastne reprezentance. Tekmo
            je moral zvezdnik sicer izpustiti zaradi poškodbe.
            Neymar bo svojo poker statistiko začel pisati med otvoritvijo dvanajste sezone evropskega poker toura. Svoji
            državi bo poskušal priigrati prvi uspeh, saj Brazilija še nima predstavnika med zmagovalci tega prestižnega
            turnirja. Letošnja sezona evropskega poker toura se je sicer osmega maja zaključila z velikim finalom v
            Monte Carlu. Prihodnja, dvanajsta sezona se bo pričela v avgustu, tradicionalno pa se bo zaključila v
            velikem finalu v Monaku. Svoje znanje lahko na turnirju preizkusijo tudi ljubitelji pokra, ki lahko nekaj
            evrov vredno spletno vstopnico spremenijo v pravo bogastvo. Glavna nagrada za zmago na turnirju je namreč
            okrogel milijon evrov.
            Neymar se bo v ekipi PokerStars tako pridružil zvezdnikom, kot so njegov rojak Ronaldo, sloviti tenisač,
            Rafael Nadal, ter olimpijska prvakinja Fatima Moreira de Melo. V kratkem lahko za zeleno poker mizo
            pričakujemo boj za najboljšega brazilskega pokeraša na svetu. Neymarjev rojak, Ronaldo, se je ekipi
            PokerStars pridružil pred dvema letoma, kjer je v prvem večjem dvoboju izgubil proti Rafaelu Nadalu, nato pa
            svojo statistiko popravil z odlično igro na turnirju PokerStars Carribean Adventure. V zadnjih letih se vse
            več zvezdnikov odloča za tovrstno pot, saj želijo ljudem igro predstaviti v pravi luči. Neymar mlajši bo
            svoje znanje izpopolnjeval tudi v spletni igralnici PokerStars, kjer se bo pomeril z različnimi ljubitelji
            pokra.
            Poker sicer ni edini izmed Neymarjevih eksotičnih hobijev. Že pred časom je Brazilec namreč zaupal, da je
            velik ljubitelj Wakeboardinga. Šport, ki je v Braziliji zaradi visokih valov precej priljubljen, pridobiva
            svoj sloves tudi v Sloveniji.
            Neymar da Silva Santos Junior je bil rojen petega februarja 1992 v Braziliji. Svojo nogometno kariero je
            začel pri brazilskem klubu Santosu, pred dvema sezonama so se zanj zanimali številni evropski velikani, sam
            pa se je odločil za Barcelono. Osemdeset milijonov evrov vreden prestop je sicer dvignil veliko prahu, kar
            pa na brazilca ni preveč vplivalo. Raje se je posvetil svoji igri in se hitro in učinkovito vključil v igro
            katalonskega kluba. Letos napadalna trojka Barcelone podira vse rekorde in nič ne kaže, da bi se velemojstri
            zabivanja zadetkov želeli ustaviti.
            Nogometni velemojster ima za seboj neverjetno statistiko. V 62-ih nastopih za reprezentanco je zadel kar
            43-krat, v Barceloni pa je na 57-ih odigranih tekmah prve španske lige nasprotnikom zabil že 31 zadetkov.
            Skupno je sicer Neymar dosegel že petdeseti gol za katalonski klub. Pri triindvajestih letih je ta
            statistika preprosto neverjetna. Za svojim rojakom in sedaj kolegom v ekipi Pokerstars, Ronaldom, ne
            zaostaja več veliko. Brazilska nogometna legenda je namreč zbrala 62 golov za reprezentanco, skupno pa je
            Ronaldo za svoje številne klube zadel 247 zadetkov.
            Neymarja v letošnji klubski sezoni sicer čaka še druga tekma polfinala lige prvakov, kot vse kaže, pa bo
            Brazilec zaigral tudi v samem finalu prestižnega nogometnega tekmovanja. Ali bo svoji ekipi pomagal do tako
            želenega naslova, lahko preverite s spletno aplikacijo goal.com, ki je na voljo tudi v slovenskem jeziku. V
            nasprotnem primeru pa se lahko z Neymarjem pomerite v igri pokra. V spletni igralnici PokerStars ga najdete
            pod vzdevkom neymar-jr.
        </article-text>
        <article-text-transliterated>Brazilski nogometni superzvezdnik, Neymar ml., je travnato zelenico zamenjal za
            zeleno poker mizo. Goalgetter v svojem prostem času namreč redno spremlja poker, sedaj pa bo svoje znanje
            preizkusil na otvoritvi dvanajste sezone evropskega poker toura, ki bo potekala avgusta v Barceloni.
            Brazilec je novico, da postaja ambasador tega športa, objavil dan po tem, ko je nemškemu velikanu Bayernu,
            zabil odločilni zadetek za zmago Barcelone v polfinalu lige prvakov in tako svoji ekipi na široko odprl
            vrata do uvrstitve v sam finale tega tekmovanja.
            "Za uspeh v svetu pokra potrebuješ zelo podobne spretnosti, kot pri igranju nogometa," je ob podpisu dejal
            Neymar, "najpomembnejša je psihična pripravljenost; prožnost, koncentracija, potrpljenje. Sem zelo
            tekmovalen človek. Rad imam izzive. Ne glede na to, ali se dogajajo na nogometni travi ali za poker mizo."
            Neymar je sicer svojo ljubezen do najpopularnejše igre s kartami izrazil že večkrat, med drugim se tudi
            njegov pes imenuje Poker. Prav tako naj bi s prijatelji med polfinalom svetovnega prvenstva v Braziliji, ki
            jo je njegova država izgubila s kar 7:1, raje igral poker, kot pa gledal polom lastne reprezentance. Tekmo
            je moral zvezdnik sicer izpustiti zaradi poškodbe.
            Neymar bo svojo poker statistiko začel pisati med otvoritvijo dvanajste sezone evropskega poker toura. Svoji
            državi bo poskušal priigrati prvi uspeh, saj Brazilija še nima predstavnika med zmagovalci tega prestižnega
            turnirja. Letošnja sezona evropskega poker toura se je sicer osmega maja zaključila z velikim finalom v
            Monte Carlu. Prihodnja, dvanajsta sezona se bo pričela v avgustu, tradicionalno pa se bo zaključila v
            velikem finalu v Monaku. Svoje znanje lahko na turnirju preizkusijo tudi ljubitelji pokra, ki lahko nekaj
            evrov vredno spletno vstopnico spremenijo v pravo bogastvo. Glavna nagrada za zmago na turnirju je namreč
            okrogel milijon evrov.
            Neymar se bo v ekipi PokerStars tako pridružil zvezdnikom, kot so njegov rojak Ronaldo, sloviti tenisač,
            Rafael Nadal, ter olimpijska prvakinja Fatima Moreira de Melo. V kratkem lahko za zeleno poker mizo
            pričakujemo boj za najboljšega brazilskega pokeraša na svetu. Neymarjev rojak, Ronaldo, se je ekipi
            PokerStars pridružil pred dvema letoma, kjer je v prvem večjem dvoboju izgubil proti Rafaelu Nadalu, nato pa
            svojo statistiko popravil z odlično igro na turnirju PokerStars Carribean Adventure. V zadnjih letih se vse
            več zvezdnikov odloča za tovrstno pot, saj želijo ljudem igro predstaviti v pravi luči. Neymar mlajši bo
            svoje znanje izpopolnjeval tudi v spletni igralnici PokerStars, kjer se bo pomeril z različnimi ljubitelji
            pokra.
            Poker sicer ni edini izmed Neymarjevih eksotičnih hobijev. Že pred časom je Brazilec namreč zaupal, da je
            velik ljubitelj Wakeboardinga. Šport, ki je v Braziliji zaradi visokih valov precej priljubljen, pridobiva
            svoj sloves tudi v Sloveniji.
            Neymar da Silva Santos Junior je bil rojen petega februarja 1992 v Braziliji. Svojo nogometno kariero je
            začel pri brazilskem klubu Santosu, pred dvema sezonama so se zanj zanimali številni evropski velikani, sam
            pa se je odločil za Barcelono. Osemdeset milijonov evrov vreden prestop je sicer dvignil veliko prahu, kar
            pa na brazilca ni preveč vplivalo. Raje se je posvetil svoji igri in se hitro in učinkovito vključil v igro
            katalonskega kluba. Letos napadalna trojka Barcelone podira vse rekorde in nič ne kaže, da bi se velemojstri
            zabivanja zadetkov želeli ustaviti.
            Nogometni velemojster ima za seboj neverjetno statistiko. V 62-ih nastopih za reprezentanco je zadel kar
            43-krat, v Barceloni pa je na 57-ih odigranih tekmah prve španske lige nasprotnikom zabil že 31 zadetkov.
            Skupno je sicer Neymar dosegel že petdeseti gol za katalonski klub. Pri triindvajestih letih je ta
            statistika preprosto neverjetna. Za svojim rojakom in sedaj kolegom v ekipi Pokerstars, Ronaldom, ne
            zaostaja več veliko. Brazilska nogometna legenda je namreč zbrala 62 golov za reprezentanco, skupno pa je
            Ronaldo za svoje številne klube zadel 247 zadetkov.
            Neymarja v letošnji klubski sezoni sicer čaka še druga tekma polfinala lige prvakov, kot vse kaže, pa bo
            Brazilec zaigral tudi v samem finalu prestižnega nogometnega tekmovanja. Ali bo svoji ekipi pomagal do tako
            želenega naslova, lahko preverite s spletno aplikacijo goal.com, ki je na voljo tudi v slovenskem jeziku. V
            nasprotnem primeru pa se lahko z Neymarjem pomerite v igri pokra. V spletni igralnici PokerStars ga najdete
            pod vzdevkom neymar-jr.
        </article-text-transliterated>
    </article>
    <comments>
        <comments-count>0</comments-count>
        <comment-list/>
    </comments>
</document>