<document global-id="si-06-1376">
    <url>https://www.24ur.com/popin/tuja-scena/najvec-pozornosti-dobila-sala-ki-je-vecina-ni-razumela.html</url>
    <source-id>si-06</source-id>
    <local-id>1376</local-id>
    <source-name>ur24</source-name>
    <article>
        <article-title>Največ pozornosti dobila šala, ki je večina ni razumela</article-title>
        <article-title-transliterated>Največ pozornosti dobila šala, ki je večina ni razumela
        </article-title-transliterated>
        <article-time>2019-02-26</article-time>
        <article-author>J.S.</article-author>
        <article-text>Od vseh šal, ki so jih med podeljevanjem prestižnih oskarjev povedali podeljevalci, je največ
            pozornosti požela tista, ki jo je razumelo najmanj ljudi. Južnoafriški komik Trevor Noah je namreč izvedel
            potegavščino, ki so jo razumeli samo tisti, ki govorijo južnoafriški jezik "xhosa".

            Južnoafriški komik in voditelj pogovorne oddaje The Daily Show Trevor Noah se je – kot je za podelitve
            nagrad običajno – pri predstavitvi nominiranca za najboljši film, znanstvenofantastičnega filma Črni panter,
            pošalil na račun tega, da mnogi verjamejo, da je Wakanda, domišljijski kraj iz filma, resnična. Manj
            običajno pa je, da večina njegove šale ni razumela. 
            Pošalil se je, da pozna glavnega junaka filma, Tchallo, ki ga igra Chadwick Boseman. "Ko sem kot deček
            odraščal v Wakandi, sem videl, kako je TChalla preletaval našo vas, in me opominjal na znameniti rek v
            jeziku xhosa: 'abelungu abazi uba ndiyaxoka' – kar pomeni 'V takšnih časih smo močnejši, če se borimo
            skupaj, in ne vsak zase'," je dejal. In nasmejal tiste, ki dejansko govorijo ta jezik, saj rek v resnici
            pomeni: "Belci ne vedo, da lažem."
            Tisti, ki govorijo omenjeni jezik, so navdušenje takoj izlili na družbenih omrežjih, kjer so zapisali, da je
            Trevor izvedel eno najbolj smešnih potegavščin v zgodovini oskarjev ter da bi njegovo iznajdljivost morali
            nagraditi. "Morda z vlogo v nadaljevanju Črnega Panterja," je tvitnil oboževalec.
            Na družbenih omrežjih pa se je razširila oznaka #KodwaAbayaziNdiyaXoka (ampak ne vedo, da lažem). 
            "Telefon imam ugasnjen, kar daj mi svojo cifro, pa te pokličem #AmpakNeVedoDaLažem."
            "Ko ljudem govorim, da sem v redu #AmpakNeVedoDaLažem."
            Voditelj je s šalo mnoge navdušil in po njihovem mnenju osvojil lovoriko za najboljšo šalo podelitve, drugi
            pa se sprašujejo, ali bi bila šala vsem tako smešna, če bi besedo belec zamenjali s črncem.
        </article-text>
        <article-text-transliterated>Od vseh šal, ki so jih med podeljevanjem prestižnih oskarjev povedali podeljevalci,
            je največ pozornosti požela tista, ki jo je razumelo najmanj ljudi. Južnoafriški komik Trevor Noah je namreč
            izvedel potegavščino, ki so jo razumeli samo tisti, ki govorijo južnoafriški jezik "xhosa".

            Južnoafriški komik in voditelj pogovorne oddaje The Daily Show Trevor Noah se je – kot je za podelitve
            nagrad običajno – pri predstavitvi nominiranca za najboljši film, znanstvenofantastičnega filma Črni panter,
            pošalil na račun tega, da mnogi verjamejo, da je Wakanda, domišljijski kraj iz filma, resnična. Manj
            običajno pa je, da večina njegove šale ni razumela. 
            Pošalil se je, da pozna glavnega junaka filma, Tchallo, ki ga igra Chadwick Boseman. "Ko sem kot deček
            odraščal v Wakandi, sem videl, kako je TChalla preletaval našo vas, in me opominjal na znameniti rek v
            jeziku xhosa: 'abelungu abazi uba ndiyaxoka' – kar pomeni 'V takšnih časih smo močnejši, če se borimo
            skupaj, in ne vsak zase'," je dejal. In nasmejal tiste, ki dejansko govorijo ta jezik, saj rek v resnici
            pomeni: "Belci ne vedo, da lažem."
            Tisti, ki govorijo omenjeni jezik, so navdušenje takoj izlili na družbenih omrežjih, kjer so zapisali, da je
            Trevor izvedel eno najbolj smešnih potegavščin v zgodovini oskarjev ter da bi njegovo iznajdljivost morali
            nagraditi. "Morda z vlogo v nadaljevanju Črnega Panterja," je tvitnil oboževalec.
            Na družbenih omrežjih pa se je razširila oznaka #KodwaAbayaziNdiyaXoka (ampak ne vedo, da lažem). 
            "Telefon imam ugasnjen, kar daj mi svojo cifro, pa te pokličem #AmpakNeVedoDaLažem."
            "Ko ljudem govorim, da sem v redu #AmpakNeVedoDaLažem."
            Voditelj je s šalo mnoge navdušil in po njihovem mnenju osvojil lovoriko za najboljšo šalo podelitve, drugi
            pa se sprašujejo, ali bi bila šala vsem tako smešna, če bi besedo belec zamenjali s črncem.
        </article-text-transliterated>
    </article>
    <comments>
        <comments-count>16</comments-count>
        <comment-list>
            <comment comment-id="1">
                <comment-parent-id/>
                <comment-text>Ta je boljša; kaj dobimo ce skrizamo Trevor Noha ter hobotnico?Ne vem tocn ampak za bombaz
                    obirat bi bil pa super prototip
                </comment-text>
                <comment-text-transliterated>Ta je boljša; kaj dobimo ce skrizamo Trevor Noha ter hobotnico?Ne vem tocn
                    ampak za bombaz obirat bi bil pa super prototip
                </comment-text-transliterated>
            </comment>
            <comment comment-id="2">
                <comment-parent-id/>
                <comment-text>Kaj..?? Nezaslisano! Rasizem! Ce bi belec povedu kontra šalo bi ga križal hahahah
                </comment-text>
                <comment-text-transliterated>Kaj..?? Nezaslisano! Rasizem! Ce bi belec povedu kontra šalo bi ga križal
                    hahahah
                </comment-text-transliterated>
            </comment>
            <comment comment-id="3">
                <comment-parent-id/>
                <comment-text>Bi bilo isto izvirno, ce bi Melanija v Slovenscini izjavila kaj podobnega o crncih? :)
                </comment-text>
                <comment-text-transliterated>Bi bilo isto izvirno, ce bi Melanija v Slovenscini izjavila kaj podobnega o
                    crncih? :)
                </comment-text-transliterated>
            </comment>
            <comment comment-id="4">
                <comment-parent-id/>
                <comment-text>Suzenjstvo se je dogajalo v vseh civilizacijah. Arabci so imeli za suznje belce,
                    subsaharski africani so zasuznjevali drug drugega, belci temnopolte... Temnopolti si nastradali malo
                    bolj, ker so bilu skozi zgodivino najmanj razviti. Povprecen ameriski potomec suznjev pa zivi 1000x
                    boljse, kot pa nekdo, ki je ostal v Afriki.
                </comment-text>
                <comment-text-transliterated>Suzenjstvo se je dogajalo v vseh civilizacijah. Arabci so imeli za suznje
                    belce, subsaharski africani so zasuznjevali drug drugega, belci temnopolte... Temnopolti si
                    nastradali malo bolj, ker so bilu skozi zgodivino najmanj razviti. Povprecen ameriski potomec
                    suznjev pa zivi 1000x boljse, kot pa nekdo, ki je ostal v Afriki.
                </comment-text-transliterated>
            </comment>
            <comment comment-id="4-1">
                <comment-parent-id>4</comment-parent-id>
                <comment-text>Prvo kar so naredili osvobojeni ameriski suznji, ko so se vrnili nazaj v Afriko je to, da
                    so za potrebe svojih plantaz zasuznjili domorodce.
                </comment-text>
                <comment-text-transliterated>Prvo kar so naredili osvobojeni ameriski suznji, ko so se vrnili nazaj v
                    Afriko je to, da so za potrebe svojih plantaz zasuznjili domorodce.
                </comment-text-transliterated>
            </comment>
            <comment comment-id="5">
                <comment-parent-id/>
                <comment-text>V prihodnosti bomo ali bodo imeli dve prireditvi. Eno za belce drugo za črnce. Vmes im bo
                    Trump postavil zid. Zid bodo spet plačali mehičani!
                </comment-text>
                <comment-text-transliterated>V prihodnosti bomo ali bodo imeli dve prireditvi. Eno za belce drugo za
                    črnce. Vmes im bo Trump postavil zid. Zid bodo spet plačali mehičani!
                </comment-text-transliterated>
            </comment>
            <comment comment-id="6">
                <comment-parent-id/>
                <comment-text>Bistroumno:)</comment-text>
                <comment-text-transliterated>Bistroumno:)</comment-text-transliterated>
            </comment>
            <comment comment-id="7">
                <comment-parent-id/>
                <comment-text>Štos za lokalne potrebe...</comment-text>
                <comment-text-transliterated>Štos za lokalne potrebe...</comment-text-transliterated>
            </comment>
            <comment comment-id="8">
                <comment-parent-id/>
                <comment-text>Rasizem deluje samo v eno smer. Enako je s seksizmom.</comment-text>
                <comment-text-transliterated>Rasizem deluje samo v eno smer. Enako je s seksizmom.
                </comment-text-transliterated>
            </comment>
            <comment comment-id="9">
                <comment-parent-id/>
                <comment-text>Ce bi belec reku crnci bi ga danes ze na kriz pribijali</comment-text>
                <comment-text-transliterated>Ce bi belec reku crnci bi ga danes ze na kriz pribijali
                </comment-text-transliterated>
            </comment>
            <comment comment-id="10">
                <comment-parent-id/>
                <comment-text>Belci ne vedo, da lazem? Mislim, da nihce, ki jezika xhosa ne razume, niso vedeli, da
                    laze. Torej niti crnici, aziati, belci, nobeden. Saj vredu, hec je hec..., ampak ce bi bila
                    situacija obratna, pa bi belec izustil nekaj podobnega, da "crnci ne vedo, da laze", dejansko pa
                    nima veze z barvo koze, ampak z poznavanjem jezika, nikomur to ne bi bilo smesno, ampak samo
                    rasisticno in bi bili belci spet najslaba rasa ljudi na svetu. Samo toliko! Cakam dan, ko bodo crnci
                    nehali igrati zrtve, pa se lahko potem vsi hecamo na tak in drugacen nacin.
                </comment-text>
                <comment-text-transliterated>Belci ne vedo, da lazem? Mislim, da nihce, ki jezika xhosa ne razume, niso
                    vedeli, da laze. Torej niti crnici, aziati, belci, nobeden. Saj vredu, hec je hec..., ampak ce bi
                    bila situacija obratna, pa bi belec izustil nekaj podobnega, da "crnci ne vedo, da laze", dejansko
                    pa nima veze z barvo koze, ampak z poznavanjem jezika, nikomur to ne bi bilo smesno, ampak samo
                    rasisticno in bi bili belci spet najslaba rasa ljudi na svetu. Samo toliko! Cakam dan, ko bodo crnci
                    nehali igrati zrtve, pa se lahko potem vsi hecamo na tak in drugacen nacin.
                </comment-text-transliterated>
            </comment>
            <comment comment-id="10-1">
                <comment-parent-id>10</comment-parent-id>
                <comment-text>Crnci da igrajo zrtve?!?! OMG... kaj vse smo jim belci naredili in se dejstvo, da jezik in
                    nase korenine izhajajo iz AFRIKE, zibelke vseh nasih riti, ti lahko pove se maaaaarsiiiikaj,
                    anede?!?!
                </comment-text>
                <comment-text-transliterated>Crnci da igrajo zrtve?!?! OMG... kaj vse smo jim belci naredili in se
                    dejstvo, da jezik in nase korenine izhajajo iz AFRIKE, zibelke vseh nasih riti, ti lahko pove se
                    maaaaarsiiiikaj, anede?!?!
                </comment-text-transliterated>
            </comment>
            <comment comment-id="10-2">
                <comment-parent-id>10</comment-parent-id>
                <comment-text>Zate ne vem, ampak jaz nisem nobenga črnca zasužnjil, če nas vse mečeš v isti koš kot
                    angleže, itd. potem nisi nič boljši od tistih, ki pravijo da so vsi črnci isti.
                </comment-text>
                <comment-text-transliterated>Zate ne vem, ampak jaz nisem nobenga črnca zasužnjil, če nas vse mečeš v
                    isti koš kot angleže, itd. potem nisi nič boljši od tistih, ki pravijo da so vsi črnci isti.
                </comment-text-transliterated>
            </comment>
            <comment comment-id="10-3">
                <comment-parent-id>10</comment-parent-id>
                <comment-text>smo v 2019</comment-text>
                <comment-text-transliterated>smo v 2019</comment-text-transliterated>
            </comment>
            <comment comment-id="11">
                <comment-parent-id/>
                <comment-text>Ej, bravo. Tako umnih, predvsem pa hrabrih temnopoltih oseb kot je CB, je malo.
                    #čestitke
                </comment-text>
                <comment-text-transliterated>Ej, bravo. Tako umnih, predvsem pa hrabrih temnopoltih oseb kot je CB, je
                    malo. #čestitke
                </comment-text-transliterated>
            </comment>
            <comment comment-id="11-1">
                <comment-parent-id>11</comment-parent-id>
                <comment-text>Misliš maloumnih? Namreč ta izjava je rasistična do bele rase. Če se že obsoja rasizem, se
                    mora obsoditi rasizem vseh oblik. Najbolj mi pa zavre, ko folk sploh ne ve kaj je rasizem...
                </comment-text>
                <comment-text-transliterated>Misliš maloumnih? Namreč ta izjava je rasistična do bele rase. Če se že
                    obsoja rasizem, se mora obsoditi rasizem vseh oblik. Najbolj mi pa zavre, ko folk sploh ne ve kaj je
                    rasizem...
                </comment-text-transliterated>
            </comment>
        </comment-list>
    </comments>
</document>