<document global-id="si-06-1395">
    <url>https://www.24ur.com/sport/nogomet/ne-sele-poleti-jovic-iz-olimpije-ze-zdaj-v-wislo.html</url>
    <source-id>si-06</source-id>
    <local-id>1395</local-id>
    <source-name>ur24</source-name>
    <article>
        <article-title>Ne šele poleti, Jović iz Olimpije že zdaj v Wislo</article-title>
        <article-title-transliterated>Ne šele poleti, Jović iz Olimpije že zdaj v Wislo</article-title-transliterated>
        <article-time>2015-02-21</article-time>
        <article-author>T.V.</article-author>
        <article-text>Vodstvo ljubljanske Olimpije se je s poljskim nogometnim prvoligašem Wislo iz Krakova dogovorilo
            glede prestopa bočnega branilca Bobana Jovića. 23-letni nogometaš je bil član zeleno-belih od leta 2009.

            Trener Olimpije Darko Karapetrović je pred nadaljevanjem sezone ostal brez enega izmed ključnih članov
            ekipe. Zmajevo gnezdo namreč zapušča Boban Jović, ki bo nogometno kariero nadaljeval na Poljskem. "Olimpija
            in Wisla Krakov sta po dolgotrajnih pogajanjih le našli skupen jezik za končni dogovor o prestopu desnega
            bočnega branilca Bobana Jovića, ki se bo novim soigralcem na Poljskem pridružil v začetku prihodnjega
            tedna," so zapisali na uradni spletni strani ljubljanskega kluba. Jović je za Olimpijo skupaj zbral 171
            nastopov, na kateri je dosegel 13 golov in prispeval še 12 asistenc. Zeleno-beli so jesenski del prvenstva
            končali na tretjem mestu, za vodilnimi Domžalami pa ob tekmi manj zaostajajo za devet točk.
        </article-text>
        <article-text-transliterated>Vodstvo ljubljanske Olimpije se je s poljskim nogometnim prvoligašem Wislo iz
            Krakova dogovorilo glede prestopa bočnega branilca Bobana Jovića. 23-letni nogometaš je bil član
            zeleno-belih od leta 2009.

            Trener Olimpije Darko Karapetrović je pred nadaljevanjem sezone ostal brez enega izmed ključnih članov
            ekipe. Zmajevo gnezdo namreč zapušča Boban Jović, ki bo nogometno kariero nadaljeval na Poljskem. "Olimpija
            in Wisla Krakov sta po dolgotrajnih pogajanjih le našli skupen jezik za končni dogovor o prestopu desnega
            bočnega branilca Bobana Jovića, ki se bo novim soigralcem na Poljskem pridružil v začetku prihodnjega
            tedna," so zapisali na uradni spletni strani ljubljanskega kluba. Jović je za Olimpijo skupaj zbral 171
            nastopov, na kateri je dosegel 13 golov in prispeval še 12 asistenc. Zeleno-beli so jesenski del prvenstva
            končali na tretjem mestu, za vodilnimi Domžalami pa ob tekmi manj zaostajajo za devet točk.
        </article-text-transliterated>
    </article>
    <comments>
        <comments-count>15</comments-count>
        <comment-list>
            <comment comment-id="1">
                <comment-parent-id/>
                <comment-text>s čim bo sploh Olimpija igrala če je pol ekipe odšlo? :D še tisti kateri so ostali si mnda
                    službo iščejo..lp
                </comment-text>
                <comment-text-transliterated>s čim bo sploh Olimpija igrala če je pol ekipe odšlo? :D še tisti kateri so
                    ostali si mnda službo iščejo..lp
                </comment-text-transliterated>
            </comment>
            <comment comment-id="1-1">
                <comment-parent-id>1</comment-parent-id>
                <comment-text>saj delajo v Rastoder d.o.o.</comment-text>
                <comment-text-transliterated>saj delajo v Rastoder d.o.o.</comment-text-transliterated>
            </comment>
            <comment comment-id="2">
                <comment-parent-id/>
                <comment-text>tedx še enkrat preberi moj komentar,jaz nisem uporabil besede kupovati ,lahko pa ti
                    napišem spisek samo očitno tako ne znaš brat !!!!
                </comment-text>
                <comment-text-transliterated>tedx še enkrat preberi moj komentar,jaz nisem uporabil besede kupovati
                    ,lahko pa ti napišem spisek samo očitno tako ne znaš brat !!!!
                </comment-text-transliterated>
            </comment>
            <comment comment-id="3">
                <comment-parent-id/>
                <comment-text>Še eden v vrsti, ki je plačal samo da je odšel :D. ahahahahaha</comment-text>
                <comment-text-transliterated>Še eden v vrsti, ki je plačal samo da je odšel :D. ahahahahaha
                </comment-text-transliterated>
            </comment>
            <comment comment-id="4">
                <comment-parent-id/>
                <comment-text>kr en</comment-text>
                <comment-text-transliterated>kr en</comment-text-transliterated>
            </comment>
            <comment comment-id="5">
                <comment-parent-id/>
                <comment-text>Jović v intervjuju:"Adijo društvo, ki hoče biti klub ,adijo stožiška njiva in zbogom
                    podpovprečje"
                </comment-text>
                <comment-text-transliterated>Jović v intervjuju:"Adijo društvo, ki hoče biti klub ,adijo stožiška njiva
                    in zbogom podpovprečje"
                </comment-text-transliterated>
            </comment>
            <comment comment-id="6">
                <comment-parent-id/>
                <comment-text>nets372 koga je pa zahovic takega kupil glede na to kaksne prihodke ima bi mogel imeti 5x
                    bolso postavo ne vem kam vam izginja denar
                </comment-text>
                <comment-text-transliterated>nets372 koga je pa zahovic takega kupil glede na to kaksne prihodke ima bi
                    mogel imeti 5x bolso postavo ne vem kam vam izginja denar
                </comment-text-transliterated>
            </comment>
            <comment comment-id="6-1">
                <comment-parent-id>6</comment-parent-id>
                <comment-text>veliko bolje, da kupujejo mlade, talentirane igralce za malodenarja in jih potem dalje
                    prodajajo, kot pa npr. Dinamo, ki kupuje odslužene Portugalce in Brazilce. Meni se politika maribora
                    zelo dopade, ker ima dejansko neko vizijo. In Maribor vsako leto objavi finančni proračun in nič ne
                    prikriva navijačem. In ne, nisem navijač Maribora, daleč od tega...
                </comment-text>
                <comment-text-transliterated>veliko bolje, da kupujejo mlade, talentirane igralce za malodenarja in jih
                    potem dalje prodajajo, kot pa npr. Dinamo, ki kupuje odslužene Portugalce in Brazilce. Meni se
                    politika maribora zelo dopade, ker ima dejansko neko vizijo. In Maribor vsako leto objavi finančni
                    proračun in nič ne prikriva navijačem. In ne, nisem navijač Maribora, daleč od tega...
                </comment-text-transliterated>
            </comment>
            <comment comment-id="6-2">
                <comment-parent-id>6</comment-parent-id>
                <comment-text>maribor se ne naslanja na postavo in kupuje dobre igralce, ampak vlaga v pametne nakupe, v
                    mladinski pogon, denar pa vlagajo v klub tko kot se spodob, ne pa tko k olimpija k si mora plačvat
                    najemnino da lahk tekme igra, sicer pa kaj bi z boljšo postavo, potrebna je takšna postava da se
                    zmaga slovensko ligo in nič več...pri vas pa,podredil ste se izetu in to je to, ne pravim da ste
                    navijači slabi, ste ok in korektni , ampak zjebu vas je izet, in mate igralce k bi jih lahk velik
                    bol tržl in dobil za njih...problem je k ni pravih ljudi na kupu, Zahovič je reku enkrat pr požarju,
                    če maš prave ljudi k so sposobni na svojih mestih nastane primer maribor...sicer pa kam gre denar od
                    maribora nas navijačev ne zanima to je bol tko, iz faušarije privlečeno v tvojem komentarju
                </comment-text>
                <comment-text-transliterated>maribor se ne naslanja na postavo in kupuje dobre igralce, ampak vlaga v
                    pametne nakupe, v mladinski pogon, denar pa vlagajo v klub tko kot se spodob, ne pa tko k olimpija k
                    si mora plačvat najemnino da lahk tekme igra, sicer pa kaj bi z boljšo postavo, potrebna je takšna
                    postava da se zmaga slovensko ligo in nič več...pri vas pa,podredil ste se izetu in to je to, ne
                    pravim da ste navijači slabi, ste ok in korektni , ampak zjebu vas je izet, in mate igralce k bi jih
                    lahk velik bol tržl in dobil za njih...problem je k ni pravih ljudi na kupu, Zahovič je reku enkrat
                    pr požarju, če maš prave ljudi k so sposobni na svojih mestih nastane primer maribor...sicer pa kam
                    gre denar od maribora nas navijačev ne zanima to je bol tko, iz faušarije privlečeno v tvojem
                    komentarju
                </comment-text-transliterated>
            </comment>
            <comment comment-id="6-3">
                <comment-parent-id>6</comment-parent-id>
                <comment-text>tedx se vidi da nimaš pojma in si verjetno 12 letni hišni "navijač". Maribor tudi če kupi
                    1 igralca za 5 milijonov.. kdo bo pa ga potem plačeval? Letno 2 milijona plače? In to je en sam
                    igralec kaj pa ostalo če hočejo ekipo sestavit? Se ti vidi da nimaš pojma!
                </comment-text>
                <comment-text-transliterated>tedx se vidi da nimaš pojma in si verjetno 12 letni hišni "navijač".
                    Maribor tudi če kupi 1 igralca za 5 milijonov.. kdo bo pa ga potem plačeval? Letno 2 milijona plače?
                    In to je en sam igralec kaj pa ostalo če hočejo ekipo sestavit? Se ti vidi da nimaš pojma!
                </comment-text-transliterated>
            </comment>
            <comment comment-id="6-4">
                <comment-parent-id>6</comment-parent-id>
                <comment-text>Za kaj bi kupoval?! Za slo prvenstvo, kjer že ima najboljšo ekipo?! Zakaj misliš, da denar
                    izginja? Ker se ga ne meče stran kot npr v lj hokeju? Lj košarki? Lj nogometu?
                </comment-text>
                <comment-text-transliterated>Za kaj bi kupoval?! Za slo prvenstvo, kjer že ima najboljšo ekipo?! Zakaj
                    misliš, da denar izginja? Ker se ga ne meče stran kot npr v lj hokeju? Lj košarki? Lj nogometu?
                </comment-text-transliterated>
            </comment>
            <comment comment-id="6-5">
                <comment-parent-id>6</comment-parent-id>
                <comment-text>tedx, slovenščina ti pa dela probleme !!!</comment-text>
                <comment-text-transliterated>tedx, slovenščina ti pa dela probleme !!!</comment-text-transliterated>
            </comment>
            <comment comment-id="7">
                <comment-parent-id/>
                <comment-text>Iz banana kluba odhajajo v evropski Maribor prihajajo in ostajajo!!!!Mislim da sem povedal
                    dovolj!!!
                </comment-text>
                <comment-text-transliterated>Iz banana kluba odhajajo v evropski Maribor prihajajo in ostajajo!!!!Mislim
                    da sem povedal dovolj!!!
                </comment-text-transliterated>
            </comment>
            <comment comment-id="7-1">
                <comment-parent-id>7</comment-parent-id>
                <comment-text>Wisla in Braunschweig sta evropski Maribor?????????</comment-text>
                <comment-text-transliterated>Wisla in Braunschweig sta evropski Maribor?????????
                </comment-text-transliterated>
            </comment>
            <comment comment-id="8">
                <comment-parent-id/>
                <comment-text>Bravo Jovič, končno si se rešil tega kluba, ki te je tudi že vzel iz moštva za eno leto...
                    Za dva dni pričakujem intervju, kjer bo, enako kot Omladič, priznal, da je komaj čakal, da gre iz
                    tega propadajočega kluba,,, VELIKO SREČA NA POLJSKEM!
                </comment-text>
                <comment-text-transliterated>Bravo Jovič, končno si se rešil tega kluba, ki te je tudi že vzel iz moštva
                    za eno leto... Za dva dni pričakujem intervju, kjer bo, enako kot Omladič, priznal, da je komaj
                    čakal, da gre iz tega propadajočega kluba,,, VELIKO SREČA NA POLJSKEM!
                </comment-text-transliterated>
            </comment>
        </comment-list>
    </comments>
</document>