<document global-id="si-06-1024">
    <url>https://www.24ur.com/ekskluziv/tuja-scena/karleusa-v-korzetu-zgoraj-brez-in-s-svojim-medvedkom.html</url>
    <source-id>si-06</source-id>
    <local-id>1024</local-id>
    <source-name>ur24</source-name>
    <article>
        <article-title>Karleuša v korzetu zgoraj brez in s svojim ... medvedkom!</article-title>
        <article-title-transliterated>Karleuša v korzetu zgoraj brez in s svojim ... medvedkom!
        </article-title-transliterated>
        <article-time>2015-01-28</article-time>
        <article-author>B.T.</article-author>
        <article-text>"Pogovarjaj se mirno in tiho in s seboj imej svojega medvedka! Ha!" je ob fotografiji z medvedkom
            in v bleščečem korzetu zapisala srbska turbofolk diva Jelena Karleuša in si v pičlih treh urah prislužila
            več kot pet tisoč "všečkov".

            Številni moški oboževalci platinasto-plastnične Jelene Karleuše so (kajpak) navdušeni nad najnovejšo
            fotografijo, ki jo je njihova turbofolk diva delila na Facebooku, ženske pa malo manj.
            36-letnica je namreč (kot že ničkolikokrat) postregla s "selfiejem", na katerem je v seksi korzetu s
            kristalčki, v prav takih hlačkah, za povrhu pa kaže jezik in je zgoraj brez. No, oči si je "odrezala", prsi
            pa zakrila z lasmi in – velikanskim plišastim medvedom.
            Medtem, ko so jo moški zasuli s pohvalami in s telefonskim številkami, če bi slučajno spet postala samska,
            so se ženske (kot ponavadi) obregnile ob njene umetne prsi. Fotografijo je v dobrih treh urah "všečkalo"
            preko pet tisoč ljudi, sicer pa ima diva več kot 700 tisoč sledilcev na Facebooku.
            Vsake oči pa imajo, seveda, svojega malarja ...
        </article-text>
        <article-text-transliterated>"Pogovarjaj se mirno in tiho in s seboj imej svojega medvedka! Ha!" je ob
            fotografiji z medvedkom in v bleščečem korzetu zapisala srbska turbofolk diva Jelena Karleuša in si v pičlih
            treh urah prislužila več kot pet tisoč "všečkov".

            Številni moški oboževalci platinasto-plastnične Jelene Karleuše so (kajpak) navdušeni nad najnovejšo
            fotografijo, ki jo je njihova turbofolk diva delila na Facebooku, ženske pa malo manj.
            36-letnica je namreč (kot že ničkolikokrat) postregla s "selfiejem", na katerem je v seksi korzetu s
            kristalčki, v prav takih hlačkah, za povrhu pa kaže jezik in je zgoraj brez. No, oči si je "odrezala", prsi
            pa zakrila z lasmi in – velikanskim plišastim medvedom.
            Medtem, ko so jo moški zasuli s pohvalami in s telefonskim številkami, če bi slučajno spet postala samska,
            so se ženske (kot ponavadi) obregnile ob njene umetne prsi. Fotografijo je v dobrih treh urah "všečkalo"
            preko pet tisoč ljudi, sicer pa ima diva več kot 700 tisoč sledilcev na Facebooku.
            Vsake oči pa imajo, seveda, svojega malarja ...
        </article-text-transliterated>
    </article>
    <comments>
        <comments-count>31</comments-count>
        <comment-list>
            <comment comment-id="1">
                <comment-parent-id/>
                <comment-text>Ta slika je za redtube ne za facebook! Zdaj pa ga že malo serje ženska...</comment-text>
                <comment-text-transliterated>Ta slika je za redtube ne za facebook! Zdaj pa ga že malo serje ženska...
                </comment-text-transliterated>
            </comment>
            <comment comment-id="2">
                <comment-parent-id/>
                <comment-text>vsaj utonila ne bo s temi bojami</comment-text>
                <comment-text-transliterated>vsaj utonila ne bo s temi bojami</comment-text-transliterated>
            </comment>
            <comment comment-id="3">
                <comment-parent-id/>
                <comment-text>Imam malo starega kruha, ce hoce? Duck</comment-text>
                <comment-text-transliterated>Imam malo starega kruha, ce hoce? Duck</comment-text-transliterated>
            </comment>
            <comment comment-id="4">
                <comment-parent-id/>
                <comment-text>Ta ženska je tud fuj ajd telo je tko vso selikon v obraz pa bom rajs tih pevka pa tud
                    nikakva
                </comment-text>
                <comment-text-transliterated>Ta ženska je tud fuj ajd telo je tko vso selikon v obraz pa bom rajs tih
                    pevka pa tud nikakva
                </comment-text-transliterated>
            </comment>
            <comment comment-id="5">
                <comment-parent-id/>
                <comment-text>le zakaj se ne bi pokazala? saj nima celulita!!!</comment-text>
                <comment-text-transliterated>le zakaj se ne bi pokazala? saj nima celulita!!!
                </comment-text-transliterated>
            </comment>
            <comment comment-id="6">
                <comment-parent-id/>
                <comment-text>postava yoški top</comment-text>
                <comment-text-transliterated>postava yoški top</comment-text-transliterated>
            </comment>
            <comment comment-id="7">
                <comment-parent-id/>
                <comment-text>Kdaj je na vrsti Sewerina ?</comment-text>
                <comment-text-transliterated>Kdaj je na vrsti Sewerina ?</comment-text-transliterated>
            </comment>
            <comment comment-id="8">
                <comment-parent-id/>
                <comment-text>odrasti koklja...</comment-text>
                <comment-text-transliterated>odrasti koklja...</comment-text-transliterated>
            </comment>
            <comment comment-id="9">
                <comment-parent-id/>
                <comment-text>To bodo reciklirali, ne upepelili...</comment-text>
                <comment-text-transliterated>To bodo reciklirali, ne upepelili...</comment-text-transliterated>
            </comment>
            <comment comment-id="9-1">
                <comment-parent-id>9</comment-parent-id>
                <comment-text>dobra :)</comment-text>
                <comment-text-transliterated>dobra :)</comment-text-transliterated>
            </comment>
            <comment comment-id="10">
                <comment-parent-id/>
                <comment-text>kokokodak</comment-text>
                <comment-text-transliterated>kokokodak</comment-text-transliterated>
            </comment>
            <comment comment-id="11">
                <comment-parent-id/>
                <comment-text>ta je tud ena maškar......glih za v vinograd ali na polje</comment-text>
                <comment-text-transliterated>ta je tud ena maškar......glih za v vinograd ali na polje
                </comment-text-transliterated>
            </comment>
            <comment comment-id="12">
                <comment-parent-id/>
                <comment-text>Vtaknite si nekam to Karleušo....</comment-text>
                <comment-text-transliterated>Vtaknite si nekam to Karleušo....</comment-text-transliterated>
            </comment>
            <comment comment-id="12-1">
                <comment-parent-id>12</comment-parent-id>
                <comment-text>neeee njej je treba vtaknit</comment-text>
                <comment-text-transliterated>neeee njej je treba vtaknit</comment-text-transliterated>
            </comment>
            <comment comment-id="13">
                <comment-parent-id/>
                <comment-text>Dobro njej dogaja... ;-)</comment-text>
                <comment-text-transliterated>Dobro njej dogaja... ;-)</comment-text-transliterated>
            </comment>
            <comment comment-id="14">
                <comment-parent-id/>
                <comment-text>groznaaaa</comment-text>
                <comment-text-transliterated>groznaaaa</comment-text-transliterated>
            </comment>
            <comment comment-id="14-1">
                <comment-parent-id>14</comment-parent-id>
                <comment-text>daj ti svojo sliko gor he he he,ne toto z interneta....</comment-text>
                <comment-text-transliterated>daj ti svojo sliko gor he he he,ne toto z interneta....
                </comment-text-transliterated>
            </comment>
            <comment comment-id="15">
                <comment-parent-id/>
                <comment-text>groznaaaaaa</comment-text>
                <comment-text-transliterated>groznaaaaaa</comment-text-transliterated>
            </comment>
            <comment comment-id="15-1">
                <comment-parent-id>15</comment-parent-id>
                <comment-text>S takimi joški in voljo, da jih malo pokaže nobena ni grozna.</comment-text>
                <comment-text-transliterated>S takimi joški in voljo, da jih malo pokaže nobena ni grozna.
                </comment-text-transliterated>
            </comment>
            <comment comment-id="16">
                <comment-parent-id/>
                <comment-text>napište kaj murko masturbira in kaj Urška uporablja pri onanizovanju</comment-text>
                <comment-text-transliterated>napište kaj murko masturbira in kaj Urška uporablja pri onanizovanju
                </comment-text-transliterated>
            </comment>
            <comment comment-id="17">
                <comment-parent-id/>
                <comment-text>Slovenka ceca i Karleuša vi 24 ur ste bosanci</comment-text>
                <comment-text-transliterated>Slovenka ceca i Karleuša vi 24 ur ste bosanci</comment-text-transliterated>
            </comment>
            <comment comment-id="18">
                <comment-parent-id/>
                <comment-text>Patološki narcizem je velik problem. Sicer ne samo pri njej, tudi povsem povprečna dekleta
                    so patološki narcisi. (in fantje. V Sloveniji recimo Damjan Murko)
                </comment-text>
                <comment-text-transliterated>Patološki narcizem je velik problem. Sicer ne samo pri njej, tudi povsem
                    povprečna dekleta so patološki narcisi. (in fantje. V Sloveniji recimo Damjan Murko)
                </comment-text-transliterated>
            </comment>
            <comment comment-id="19">
                <comment-parent-id/>
                <comment-text>UUUFFFFF dobra ,ti kar k meni pridi ejo...jao kva bi ji delo...</comment-text>
                <comment-text-transliterated>UUUFFFFF dobra ,ti kar k meni pridi ejo...jao kva bi ji delo...
                </comment-text-transliterated>
            </comment>
            <comment comment-id="20">
                <comment-parent-id/>
                <comment-text>Vsaj njen grdi ksiht se ne vidi...</comment-text>
                <comment-text-transliterated>Vsaj njen grdi ksiht se ne vidi...</comment-text-transliterated>
            </comment>
            <comment comment-id="21">
                <comment-parent-id/>
                <comment-text>ta bo rabla frčado v trugi,ker v sežig ne bo smela zarad plastike</comment-text>
                <comment-text-transliterated>ta bo rabla frčado v trugi,ker v sežig ne bo smela zarad plastike
                </comment-text-transliterated>
            </comment>
            <comment comment-id="22">
                <comment-parent-id/>
                <comment-text>Nikol zadost pozornosti.</comment-text>
                <comment-text-transliterated>Nikol zadost pozornosti.</comment-text-transliterated>
            </comment>
            <comment comment-id="23">
                <comment-parent-id/>
                <comment-text>Nic ji ne bi računal...</comment-text>
                <comment-text-transliterated>Nic ji ne bi računal...</comment-text-transliterated>
            </comment>
            <comment comment-id="24">
                <comment-parent-id/>
                <comment-text>kva bi jo poundal</comment-text>
                <comment-text-transliterated>kva bi jo poundal</comment-text-transliterated>
            </comment>
            <comment comment-id="25">
                <comment-parent-id/>
                <comment-text>Ta vaša turbo folk diva je resnično zgoraj brez.</comment-text>
                <comment-text-transliterated>Ta vaša turbo folk diva je resnično zgoraj brez.
                </comment-text-transliterated>
            </comment>
            <comment comment-id="26">
                <comment-parent-id/>
                <comment-text>plastik fantastik</comment-text>
                <comment-text-transliterated>plastik fantastik</comment-text-transliterated>
            </comment>
            <comment comment-id="26-1">
                <comment-parent-id>26</comment-parent-id>
                <comment-text>Z jezika si mi vzel/a.</comment-text>
                <comment-text-transliterated>Z jezika si mi vzel/a.</comment-text-transliterated>
            </comment>
        </comment-list>
    </comments>
</document>