<document global-id="si-06-1277">
    <url>https://www.24ur.com/sport/nogomet/miskic-zapusca-zmajevo-gnezdo-in-se-seli-k-ruskemu-orenburgu.html</url>
    <source-id>si-06</source-id>
    <local-id>1277</local-id>
    <source-name>ur24</source-name>
    <article>
        <article-title>Miškić zapušča zmajevo gnezdo in se seli k ruskemu Orenburgu</article-title>
        <article-title-transliterated>Miškić zapušča zmajevo gnezdo in se seli k ruskemu Orenburgu
        </article-title-transliterated>
        <article-time>2018-08-07</article-time>
        <article-author>Ž.L.</article-author>
        <article-text>Danijel Miškić je pri Olimpiji preživel dve sezoni, odigral je 57 tekem in dosegel 8 golov. Bil je
            eden izmed najbolj standardnih igralcev v drugem delu lanske šampionske sezone. Ob nekaterih priložnostih je
            nosil tudi kapetanski trak, na kar je še posebej ponosen. Kariero pa bo nadalejval v Rusiji pri Orenburgu.

            "Rad bi se zahvalil Olimpiji in predsedniku Milanu Mandariću za dve čudoviti leti v Ljubljani. Skupaj smo
            doživeli ogromno lepih trenutkov in naredili nekaj velikih stvari. Dvojno krono in veliko ostalih spominov
            bom za vedno nosil v srcu. Vedno bom velik navijač Olimpije in upam, da bom nekoč znova oblekel ta sveti
            dres. Rad bi se zahvalil tudi najboljšim navijačem, ki so bili ves čas naš 12. igralec. Brez njih nič ne bi
            bilo mogoče," je dejal Miškić in dodal: "Ljubljana bo vedno moje mesto." "Danijelu, ki je v Ljubljani pustil
            pečat tudi s številnimi dobrodelnimi akcijami, izkazal se je tudi z znanjem slovenskega jezika, se
            zahvaljujemo za njegov odnos in igre v zeleno-belem dresu in mu želimo veliko uspeha tudi v nadaljevanju
            kariere. Miško, v Ljubljani boš vedno dobrodošel," pa so zapisali na uradni spletni strani aktualnih
            državnih prvakov. 
        </article-text>
        <article-text-transliterated>Danijel Miškić je pri Olimpiji preživel dve sezoni, odigral je 57 tekem in dosegel
            8 golov. Bil je eden izmed najbolj standardnih igralcev v drugem delu lanske šampionske sezone. Ob nekaterih
            priložnostih je nosil tudi kapetanski trak, na kar je še posebej ponosen. Kariero pa bo nadalejval v Rusiji
            pri Orenburgu.

            "Rad bi se zahvalil Olimpiji in predsedniku Milanu Mandariću za dve čudoviti leti v Ljubljani. Skupaj smo
            doživeli ogromno lepih trenutkov in naredili nekaj velikih stvari. Dvojno krono in veliko ostalih spominov
            bom za vedno nosil v srcu. Vedno bom velik navijač Olimpije in upam, da bom nekoč znova oblekel ta sveti
            dres. Rad bi se zahvalil tudi najboljšim navijačem, ki so bili ves čas naš 12. igralec. Brez njih nič ne bi
            bilo mogoče," je dejal Miškić in dodal: "Ljubljana bo vedno moje mesto." "Danijelu, ki je v Ljubljani pustil
            pečat tudi s številnimi dobrodelnimi akcijami, izkazal se je tudi z znanjem slovenskega jezika, se
            zahvaljujemo za njegov odnos in igre v zeleno-belem dresu in mu želimo veliko uspeha tudi v nadaljevanju
            kariere. Miško, v Ljubljani boš vedno dobrodošel," pa so zapisali na uradni spletni strani aktualnih
            državnih prvakov. 
        </article-text-transliterated>
    </article>
    <comments>
        <comments-count>3</comments-count>
        <comment-list>
            <comment comment-id="1">
                <comment-parent-id/>
                <comment-text>podgane zapuščajo potapljajočo barko</comment-text>
                <comment-text-transliterated>podgane zapuščajo potapljajočo barko</comment-text-transliterated>
            </comment>
            <comment comment-id="2">
                <comment-parent-id/>
                <comment-text>To pa nisem vedel, da je zelena majica sveti dres !?</comment-text>
                <comment-text-transliterated>To pa nisem vedel, da je zelena majica sveti dres !?
                </comment-text-transliterated>
            </comment>
            <comment comment-id="3">
                <comment-parent-id/>
                <comment-text>Počasi bodo vsi zapustili " zeleno potapljajočo barćico ".</comment-text>
                <comment-text-transliterated>Počasi bodo vsi zapustili " zeleno potapljajočo barćico ".
                </comment-text-transliterated>
            </comment>
        </comment-list>
    </comments>
</document>