<document global-id="si-06-1354">
    <url>https://www.24ur.com/novice/slovenija/na-stajerskem-manjka-okoli-300-zdravnikov.html</url>
    <source-id>si-06</source-id>
    <local-id>1354</local-id>
    <source-name>ur24</source-name>
    <article>
        <article-title>Na Štajerskem manjka okoli 300 zdravnikov</article-title>
        <article-title-transliterated>Na Štajerskem manjka okoli 300 zdravnikov</article-title-transliterated>
        <article-time>2016-04-19</article-time>
        <article-author>STA M.M.</article-author>
        <article-text>Slovenski prostor bo do leta 2025 potreboval 1800 novih zdravnikov, v zvezi s tem pa se zato
            postavlja vprašanje reforme slovenskega zdravstva in potrebnih sredstev za zaposlitve teh zdravnikov. Glede
            razmer v UKC Maribor pa je Možina opozoril, da se bosta v prihodnje morala izboljšati tudi delovno okolje in
            klima v bolnišnici.
            Na pobudo Zdravniške zbornice Slovenije so se danes v UKC Maribor sestali predstavniki zbornice, UKC in
            ministrstva za zdravje in govorili o kadrovskih težavah bolnišnice. Po besedah državne sekretarke Sandre
            Tušar ocenjujejo, da v regiji manjka okoli 300 zdravnikov. Konkretno o težavah zaradi pomanjkanja
            anesteziologov v UKC danes niso govorili.
            Zdravniška zbornica Slovenije je po besedah predsednika zbornice Andreja Možine zaznala, da so sistemski
            vzroki za to, da nastajajo nekatere kadrovske luknje v tako veliki bolnišnici, kot je Univerzitetni klinični
            center (UKC) Maribor.
            UKC Maribor zahteva posebno skrb in pozornost tako z vidika kratkoročne popolnitve kadrov kot tudi srednje-
            in dolgoročnega načrtovanja, je poudaril Možina in pojasnil, da so se pogovarjali prav o tem, kako v
            prihodnje zagotoviti, da do primanjkljajev, kot je trenutno na področju anesteziologije, ne bo več
            prihajalo.
            Do leta 2025 bi potrebovali 1800 novih zdravnikov
            Po njegovih besedah bo slovenski prostor do leta 2025 potreboval 1800 novih zdravnikov, v zvezi s tem pa se
            zato postavlja vprašanje reforme slovenskega zdravstva in potrebnih sredstev za zaposlitve teh zdravnikov.
            Glede razmer v UKC Maribor pa je Možina opozoril, da se bosta v prihodnje morala izboljšati tudi delovno
            okolje in klima v bolnišnici.
            Mimo hrvaških anesteziologov niso mogli
            Predstavniki zdravstvenih ustanov, ki so sodelovali na današnjem sestanku, pa se ob podajanju izjav za
            javnost po sestanku niso mogli izogniti vprašanjem v zvezi s hrvaškimi anesteziologi, ki v UKC Maribor
            delajo na podlagi sklenjene pogodbe, v zvezi s tem pa se kot pereče izpostavlja tudi vprašanja znanja
            slovenskega jezika.
            Direktor UKC Maribor Gregor Pivec je v zvezi s tem poudaril, da je sklenjena pogodba za delo hrvaških
            anesteziologov zakonita in da je to bila edina možnost. Dejal je, da ta dolgoletni strokovni problem
            rešujejo z "managerskimi prijemi" in torej "nakupom storitev, ki jih dobiš trgu", ob tem pa še naprej iščejo
            nove anesteziologe.
            Poudaril je, da so bili prisiljeni v takšno reševanje problema, saj je zaradi nenadnih odhodov več
            anesteziologov število programskih operacij konec lanskega leta padlo za polovico. Če bi ostalo na tej
            ravni, bi v letu 2016 ostalo neoskrbljenih od 5000 do 6000 bolnikov, hkrati bi to predstavljalo poslovno
            škodo za UKC Maribor v višini 5,5 milijona evrov, posledično pa bi to bil tudi problem za sosednje
            bolnišnice, je dejal Pivec.
            Zdaj so raven operacij dvignili skoraj na 90 odstotkov, je še dejal Pivec, ki je natančno poročilo za svet
            zavoda in druge pristojne državne organe o tem že pripravil, podrobnosti reševanja problematike
            zagotavljanja anesteziologov pa bo predstavil na novinarski konferenci v sredo.
            Možina pa je glede hrvaških anesteziologov ponovil znano stališče zbornice, da se v Sloveniji govori
            slovensko. Je pa osebno ocenil, da v tem primeru niso bile izkoriščene vse možnosti, da bi pritegnili
            slovenske anesteziologe, da bi pomagali bolnišnici. "Z malo več potrpljenja in volje in dogovarjanj mislim
            da bi lahko dobili v ta prostor slovenske anesteziologe in potem bi tudi ta problem jezika odpadel," je še
            dejal Možina.
            Dodal je še, da "posredniki niso zaželeni v zdravstvu", Pivec pa je v zvezi s tem dejal, da je bil posrednik
            v primeru zagotavljanja hrvaških anesteziologov nujen, saj "drugega na trgu nismo dobili".
            Tudi Tušarjeva je dejala, da ministrstvo zagovarja stališče, da dajemo prednost slovenskim zdravnikom in da
            je v Sloveniji uradni jezik slovenščina.
        </article-text>
        <article-text-transliterated>Slovenski prostor bo do leta 2025 potreboval 1800 novih zdravnikov, v zvezi s tem
            pa se zato postavlja vprašanje reforme slovenskega zdravstva in potrebnih sredstev za zaposlitve teh
            zdravnikov. Glede razmer v UKC Maribor pa je Možina opozoril, da se bosta v prihodnje morala izboljšati tudi
            delovno okolje in klima v bolnišnici.
            Na pobudo Zdravniške zbornice Slovenije so se danes v UKC Maribor sestali predstavniki zbornice, UKC in
            ministrstva za zdravje in govorili o kadrovskih težavah bolnišnice. Po besedah državne sekretarke Sandre
            Tušar ocenjujejo, da v regiji manjka okoli 300 zdravnikov. Konkretno o težavah zaradi pomanjkanja
            anesteziologov v UKC danes niso govorili.
            Zdravniška zbornica Slovenije je po besedah predsednika zbornice Andreja Možine zaznala, da so sistemski
            vzroki za to, da nastajajo nekatere kadrovske luknje v tako veliki bolnišnici, kot je Univerzitetni klinični
            center (UKC) Maribor.
            UKC Maribor zahteva posebno skrb in pozornost tako z vidika kratkoročne popolnitve kadrov kot tudi srednje-
            in dolgoročnega načrtovanja, je poudaril Možina in pojasnil, da so se pogovarjali prav o tem, kako v
            prihodnje zagotoviti, da do primanjkljajev, kot je trenutno na področju anesteziologije, ne bo več
            prihajalo.
            Do leta 2025 bi potrebovali 1800 novih zdravnikov
            Po njegovih besedah bo slovenski prostor do leta 2025 potreboval 1800 novih zdravnikov, v zvezi s tem pa se
            zato postavlja vprašanje reforme slovenskega zdravstva in potrebnih sredstev za zaposlitve teh zdravnikov.
            Glede razmer v UKC Maribor pa je Možina opozoril, da se bosta v prihodnje morala izboljšati tudi delovno
            okolje in klima v bolnišnici.
            Mimo hrvaških anesteziologov niso mogli
            Predstavniki zdravstvenih ustanov, ki so sodelovali na današnjem sestanku, pa se ob podajanju izjav za
            javnost po sestanku niso mogli izogniti vprašanjem v zvezi s hrvaškimi anesteziologi, ki v UKC Maribor
            delajo na podlagi sklenjene pogodbe, v zvezi s tem pa se kot pereče izpostavlja tudi vprašanja znanja
            slovenskega jezika.
            Direktor UKC Maribor Gregor Pivec je v zvezi s tem poudaril, da je sklenjena pogodba za delo hrvaških
            anesteziologov zakonita in da je to bila edina možnost. Dejal je, da ta dolgoletni strokovni problem
            rešujejo z "managerskimi prijemi" in torej "nakupom storitev, ki jih dobiš trgu", ob tem pa še naprej iščejo
            nove anesteziologe.
            Poudaril je, da so bili prisiljeni v takšno reševanje problema, saj je zaradi nenadnih odhodov več
            anesteziologov število programskih operacij konec lanskega leta padlo za polovico. Če bi ostalo na tej
            ravni, bi v letu 2016 ostalo neoskrbljenih od 5000 do 6000 bolnikov, hkrati bi to predstavljalo poslovno
            škodo za UKC Maribor v višini 5,5 milijona evrov, posledično pa bi to bil tudi problem za sosednje
            bolnišnice, je dejal Pivec.
            Zdaj so raven operacij dvignili skoraj na 90 odstotkov, je še dejal Pivec, ki je natančno poročilo za svet
            zavoda in druge pristojne državne organe o tem že pripravil, podrobnosti reševanja problematike
            zagotavljanja anesteziologov pa bo predstavil na novinarski konferenci v sredo.
            Možina pa je glede hrvaških anesteziologov ponovil znano stališče zbornice, da se v Sloveniji govori
            slovensko. Je pa osebno ocenil, da v tem primeru niso bile izkoriščene vse možnosti, da bi pritegnili
            slovenske anesteziologe, da bi pomagali bolnišnici. "Z malo več potrpljenja in volje in dogovarjanj mislim
            da bi lahko dobili v ta prostor slovenske anesteziologe in potem bi tudi ta problem jezika odpadel," je še
            dejal Možina.
            Dodal je še, da "posredniki niso zaželeni v zdravstvu", Pivec pa je v zvezi s tem dejal, da je bil posrednik
            v primeru zagotavljanja hrvaških anesteziologov nujen, saj "drugega na trgu nismo dobili".
            Tudi Tušarjeva je dejala, da ministrstvo zagovarja stališče, da dajemo prednost slovenskim zdravnikom in da
            je v Sloveniji uradni jezik slovenščina.
        </article-text-transliterated>
    </article>
    <comments>
        <comments-count>16</comments-count>
        <comment-list>
            <comment comment-id="1">
                <comment-parent-id/>
                <comment-text>Moralizirati o znanju ali neznanju jezika je v tem primeru nepomembno. Vprasanje je, zakaj
                    je do tega prislo. 100% odgovornost nosijo zdravniska cehovska zdruzenja.
                </comment-text>
                <comment-text-transliterated>Moralizirati o znanju ali neznanju jezika je v tem primeru nepomembno.
                    Vprasanje je, zakaj je do tega prislo. 100% odgovornost nosijo zdravniska cehovska zdruzenja.
                </comment-text-transliterated>
            </comment>
            <comment comment-id="2">
                <comment-parent-id/>
                <comment-text>Saj med migranti je 3/4 zdravnikov, tako da en hitri tečaj slovenščine in zdravnikov bo na
                    tisoče.
                </comment-text>
                <comment-text-transliterated>Saj med migranti je 3/4 zdravnikov, tako da en hitri tečaj slovenščine in
                    zdravnikov bo na tisoče.
                </comment-text-transliterated>
            </comment>
            <comment comment-id="3">
                <comment-parent-id/>
                <comment-text>glede na plačo nekaterih(26.000 eur) je res čudno,da jih ne dobijo</comment-text>
                <comment-text-transliterated>glede na plačo nekaterih(26.000 eur) je res čudno,da jih ne dobijo
                </comment-text-transliterated>
            </comment>
            <comment comment-id="4">
                <comment-parent-id/>
                <comment-text>Moj sorodnik se je zaposlil kot natakar v Avstriji, pa je obvezno moral znati tekoče
                    govoriti njihov jezik, sicer sploh ne bi bil izbran /tolmač ni prišel v poštev/. Na podlagi Ustave
                    republike Slovenije 11. ČLEN Uradni jezik v Sloveniji je slovenščina. Na območjih občin, v katerih
                    živita italijanska in madžarska narodna skupnost, je uradni jezik tudi italijanščina ali
                    madžarščina.. Je naša ustava in ostali zakoni hec, ali se jih moramo držati. Če jo moramo upoštevati
                    so vse pogodbe v zvezi neizpolnjevanja tega člena neveljavne. Samo toliko o naši zakonodaji.
                </comment-text>
                <comment-text-transliterated>Moj sorodnik se je zaposlil kot natakar v Avstriji, pa je obvezno moral
                    znati tekoče govoriti njihov jezik, sicer sploh ne bi bil izbran /tolmač ni prišel v poštev/. Na
                    podlagi Ustave republike Slovenije 11. ČLEN Uradni jezik v Sloveniji je slovenščina. Na območjih
                    občin, v katerih živita italijanska in madžarska narodna skupnost, je uradni jezik tudi
                    italijanščina ali madžarščina.. Je naša ustava in ostali zakoni hec, ali se jih moramo držati. Če jo
                    moramo upoštevati so vse pogodbe v zvezi neizpolnjevanja tega člena neveljavne. Samo toliko o naši
                    zakonodaji.
                </comment-text-transliterated>
            </comment>
            <comment comment-id="5">
                <comment-parent-id/>
                <comment-text>So odšli iz Štajerske v Steiermark??? Kaj se čudite, da prmanjkuje zdravnikov?? Tudi vseh
                    ostalih delavcev bo v roku pol leta primanjkovalo!!!!!
                </comment-text>
                <comment-text-transliterated>So odšli iz Štajerske v Steiermark??? Kaj se čudite, da prmanjkuje
                    zdravnikov?? Tudi vseh ostalih delavcev bo v roku pol leta primanjkovalo!!!!!
                </comment-text-transliterated>
            </comment>
            <comment comment-id="6">
                <comment-parent-id/>
                <comment-text>Posredniki v zdravstvu so se kako dobrodosli, po celi evropi je to normalna praksa samo mi
                    smo spet najbolj pametni 2miljonska vas na balkanu. Seveda ker potem bi zbornica zgubila del
                    dohodka. Kar se pa tice anestezistov v ukc mb, zanimivo zakaj se ta zbrani svet modrecev raje ne
                    vprasa zakaj so nenadoma sli v tako velikem stevilu kot so rekli...ze to ni normalno. Verjetno iz
                    istega razloga kot 20.000 perspektivne mladine. Kar bo ostalo tle bojo razni podmladki znanih strank
                    pa vulkanizerji.
                </comment-text>
                <comment-text-transliterated>Posredniki v zdravstvu so se kako dobrodosli, po celi evropi je to normalna
                    praksa samo mi smo spet najbolj pametni 2miljonska vas na balkanu. Seveda ker potem bi zbornica
                    zgubila del dohodka. Kar se pa tice anestezistov v ukc mb, zanimivo zakaj se ta zbrani svet modrecev
                    raje ne vprasa zakaj so nenadoma sli v tako velikem stevilu kot so rekli...ze to ni normalno.
                    Verjetno iz istega razloga kot 20.000 perspektivne mladine. Kar bo ostalo tle bojo razni podmladki
                    znanih strank pa vulkanizerji.
                </comment-text-transliterated>
            </comment>
            <comment comment-id="7">
                <comment-parent-id/>
                <comment-text>Mojim otrokom bom svetoval da se naj učijo in učijo, za zdravnika !! Za službo nebo
                    problem ! Plača bo dohterska, vsak dohter pa še dobi postransko kako salamo in borovničke za usluge.
                    Kelnarca ki ji pustim napitnino me tud lepše pozdravi
                </comment-text>
                <comment-text-transliterated>Mojim otrokom bom svetoval da se naj učijo in učijo, za zdravnika !! Za
                    službo nebo problem ! Plača bo dohterska, vsak dohter pa še dobi postransko kako salamo in
                    borovničke za usluge. Kelnarca ki ji pustim napitnino me tud lepše pozdravi
                </comment-text-transliterated>
            </comment>
            <comment comment-id="8">
                <comment-parent-id/>
                <comment-text>a ni čudno, čez mesec dni pa novica kako mladi zdravniki ne dobijo posla.</comment-text>
                <comment-text-transliterated>a ni čudno, čez mesec dni pa novica kako mladi zdravniki ne dobijo posla.
                </comment-text-transliterated>
            </comment>
            <comment comment-id="9">
                <comment-parent-id/>
                <comment-text>Pri nas je preveč brezposelnih raje uvoziti iz hrvaške pokasiral denar za posredništvo in
                    prisilit vse da se učijo hrvaški jezik...
                </comment-text>
                <comment-text-transliterated>Pri nas je preveč brezposelnih raje uvoziti iz hrvaške pokasiral denar za
                    posredništvo in prisilit vse da se učijo hrvaški jezik...
                </comment-text-transliterated>
            </comment>
            <comment comment-id="10">
                <comment-parent-id/>
                <comment-text>.? pa kaj na zavodu ni niti enega</comment-text>
                <comment-text-transliterated>.? pa kaj na zavodu ni niti enega</comment-text-transliterated>
            </comment>
            <comment comment-id="11">
                <comment-parent-id/>
                <comment-text>In kdo je za to kriv? Totalno nesposobna politika šolstva in zdravstva v zadnjih 20 letih,
                    oz. vsi predhodni ministri, izmed katerih so nekatere celo kovali v nebo. Marsikdo bi se bil želel
                    vpisat na med. fakulteto, pa za to ni bilo denarja in dovolj razpisnih mest, in sedaj uvažamo
                    zdravnike iz tujine z vprašljivo strokovnostjo. Hkrati pa imamo trume brezposelnih ekonomistov ter
                    raznih FDVjevcev in pravnikov, za kar pa se je našel denar. O tem bi se mediji lahko malo razpisali,
                    torej je o nesposobni politiki, ki je bistvo problema.
                </comment-text>
                <comment-text-transliterated>In kdo je za to kriv? Totalno nesposobna politika šolstva in zdravstva v
                    zadnjih 20 letih, oz. vsi predhodni ministri, izmed katerih so nekatere celo kovali v nebo. Marsikdo
                    bi se bil želel vpisat na med. fakulteto, pa za to ni bilo denarja in dovolj razpisnih mest, in
                    sedaj uvažamo zdravnike iz tujine z vprašljivo strokovnostjo. Hkrati pa imamo trume brezposelnih
                    ekonomistov ter raznih FDVjevcev in pravnikov, za kar pa se je našel denar. O tem bi se mediji lahko
                    malo razpisali, torej je o nesposobni politiki, ki je bistvo problema.
                </comment-text-transliterated>
            </comment>
            <comment comment-id="12">
                <comment-parent-id/>
                <comment-text>Kaj ni Pivec z haloz doma ali ima samo haloške korenine?</comment-text>
                <comment-text-transliterated>Kaj ni Pivec z haloz doma ali ima samo haloške korenine?
                </comment-text-transliterated>
            </comment>
            <comment comment-id="12-1">
                <comment-parent-id>12</comment-parent-id>
                <comment-text>Ni ih Haloz - tam so kmetje z zdravo kmečko pametjo. Je iz Zrkovc pri Mariboru!
                </comment-text>
                <comment-text-transliterated>Ni ih Haloz - tam so kmetje z zdravo kmečko pametjo. Je iz Zrkovc pri
                    Mariboru!
                </comment-text-transliterated>
            </comment>
            <comment comment-id="13">
                <comment-parent-id/>
                <comment-text>A takšna število zdravnikov mainka ? Ne vem zakaj potem slovenski zdravniki nikakor ne
                    dobijo dela v sloveniji in po drugi strani raje odcapljajo v tujino služit kruh, vi pa jih nato še
                    oberete ? Aja..spet se bo nekdo zgovarjal nad zakonodajo, itak, to je najlažje. Osebno še v celjskem
                    zdravstvenem domu nisem imel osebne zdravnice slovenke - pa nimam ničesar proti balkanu - saj to mi
                    sami smo. Pa srečno
                </comment-text>
                <comment-text-transliterated>A takšna število zdravnikov mainka ? Ne vem zakaj potem slovenski zdravniki
                    nikakor ne dobijo dela v sloveniji in po drugi strani raje odcapljajo v tujino služit kruh, vi pa
                    jih nato še oberete ? Aja..spet se bo nekdo zgovarjal nad zakonodajo, itak, to je najlažje. Osebno
                    še v celjskem zdravstvenem domu nisem imel osebne zdravnice slovenke - pa nimam ničesar proti
                    balkanu - saj to mi sami smo. Pa srečno
                </comment-text-transliterated>
            </comment>
            <comment comment-id="13-1">
                <comment-parent-id>13</comment-parent-id>
                <comment-text>Tudi mene čudi, da jih je premalo. V majhni SLO imamo dve MF, mladi s končanim med.faksom
                    so pa na Zav.za zaposl.! Mnogi mladi zdravniki celo volontirajo, samo, da bi jih nekega dne vzeli v
                    službo. Tu je veliko nejasnosti!!!!, ki zagotovo nekomu služijo, mladim zdravnikom zagotovo ne!
                </comment-text>
                <comment-text-transliterated>Tudi mene čudi, da jih je premalo. V majhni SLO imamo dve MF, mladi s
                    končanim med.faksom so pa na Zav.za zaposl.! Mnogi mladi zdravniki celo volontirajo, samo, da bi jih
                    nekega dne vzeli v službo. Tu je veliko nejasnosti!!!!, ki zagotovo nekomu služijo, mladim
                    zdravnikom zagotovo ne!
                </comment-text-transliterated>
            </comment>
            <comment comment-id="13-2">
                <comment-parent-id>13</comment-parent-id>
                <comment-text>Pretežak študij in država Slovenija bi dala premale plače zdravnikom !!! To dvoje je
                    problem !
                </comment-text>
                <comment-text-transliterated>Pretežak študij in država Slovenija bi dala premale plače zdravnikom !!! To
                    dvoje je problem !
                </comment-text-transliterated>
            </comment>
        </comment-list>
    </comments>
</document>