<document global-id="si-06-1113">
    <url>https://www.24ur.com/popin/tuja-scena/kruti-emir-kozcuo-lu-v-povsem-drugacni-luci.html</url>
    <source-id>si-06</source-id>
    <local-id>1113</local-id>
    <source-name>ur24</source-name>
    <article>
        <article-title>Krut Emir Kozcuoğlu v povsem drugačni luči</article-title>
        <article-title-transliterated>Krut Emir Kozcuoğlu v povsem drugačni luči</article-title-transliterated>
        <article-time>2018-09-05</article-time>
        <article-author>A.R.</article-author>
        <article-text>Turški igralec Kaan Urgancıoğlu, ki v vlogi Emirja z grozodejstvi kravžlja živce marsikateremu
            gledalcu in gledalki turške uspešnice Moja boš, je zasebno povsem drug človek. Oboževalce je tokrat
            razveselil s povsem nepričakovano objavo.

            Turški igralec Kaan Urgancıoğlu, ki ga večina seveda pozna po vlogi neusmiljenega, preračunljivega in
            egoističnega Emirja iz uspešnice Moja boš, svojo zasebnost rad skriva pred javnostjo, zato tudi na družbenih
            omrežjih ni preveč dejaven. Zdaj se je po enem mesecu premora končno oglasil, zato je bilo presenečenje
            toliko večje.
            S svojimi sledilci je delil fotografijo z zadnjega snemanja fotografij za turško revijo ''be MAN''. Na njej
            pozira nekje v naravi, oblečen pa ima črtast pulover in temno modro jakno. Veliko pozornosti so na
            fotografiji pritegnili čudovito nebo in oblaki.
            Zvezdnik krasi tudi naslovnico septembrske številke omenjene revije, na kateri pozira med klasjem, oblečen v
            jesenska oblačila. Ker se v seriji Moja boš komajda nasmehne, so fotografije Kaana, ki se smeji, še toliko
            bolj zaželene.
            Čeprav se tudi tokrat z naslovnice ne smehlja, smo že navajeni, da skriva svoj lep nasmeh. A včasih zna
            presenetiti in tudi pokazati, da ima smisel za humor.
            Revija ''be MAN'' je na svojem profilu na Instagramu objavila simpatičen video iz zakulisja snemanja
            fotografij, na katerem vidimo turškega igralca zelo sproščenega.
            Čeprav so zlobneži običajno manj priljubljeni pri gledalkah, pa je pri njem drugače, saj mu oboževalk ne
            manjka. Medtem ko Kaana, ki je igro popeljal še en korak višje, še vedno lahko spremljamo v vlogi Emirja, pa
            igralec ne počiva na lovorikah.
            Kaan gostuje v peti in šesti epizodi prve sezone ameriške serije Jack Ryan, ki je na voljo na spletni
            platformi Amazon, v glavni vlogi pa nastopa John Krasinski. Kaan bo zadolžen za transport ljudi v begunsko
            taborišče v turškem kraju Gaziantep. Zanimivo je, da bo moral prepričljivo govoriti v treh jezikih, in sicer
            turščini, arabščini in angleščini. To pa še ni vse. Njegovemu liku je ime Deniz. Ja, prav ste prebrali, gre
            za enako ime, kot ga ima Kemalova in Nihanina hčerka v seriji Moja boš.
            Bosta Nihan in Kemal kos Emirjevim grozodejstvom?
            Zeynep v zaporu obišče Tarika, ki z njo ne želi več imeti opravka, potem ko izve, da se še vedno videva z
            Emirjem. Nihan in Emir se soočita na sodišču in se dokončno ločita. Toda Kemal je prepričan, da Emir še ni
            rekel zadnje besede in da njune vojne še ni konec. Ker se boji za svojo Nihan, jo ima ves čas pod budnim
            očesom. Galip v zaporu načrtuje napad na Tarika, da bi se mu maščeval za sinovo izdajo. Nihan prejme
            skrivnostno pismo, ki jo vodi na neznano lokacijo. In tam jo bo nekdo čakal. Kemal ali Emir? Bosta nesrečna
            zaljubljenca kos neusmiljenemu Emirju in vsem njegovim grozodejstvom?
            Ne zamudite novih romantičnih dogodivščin med Kemalom in Nihan nocoj ob 21. uri na POP TV. Uspešnica Moja
            boš je na sporedu od ponedeljka do petka ob 21. uri na POP TV. Zamujeni deli turške serije Moja boš vas
            čakajo na VOYO.
        </article-text>
        <article-text-transliterated>Turški igralec Kaan Urgancıoğlu, ki v vlogi Emirja z grozodejstvi kravžlja živce
            marsikateremu gledalcu in gledalki turške uspešnice Moja boš, je zasebno povsem drug človek. Oboževalce je
            tokrat razveselil s povsem nepričakovano objavo.

            Turški igralec Kaan Urgancıoğlu, ki ga večina seveda pozna po vlogi neusmiljenega, preračunljivega in
            egoističnega Emirja iz uspešnice Moja boš, svojo zasebnost rad skriva pred javnostjo, zato tudi na družbenih
            omrežjih ni preveč dejaven. Zdaj se je po enem mesecu premora končno oglasil, zato je bilo presenečenje
            toliko večje.
            S svojimi sledilci je delil fotografijo z zadnjega snemanja fotografij za turško revijo ''be MAN''. Na njej
            pozira nekje v naravi, oblečen pa ima črtast pulover in temno modro jakno. Veliko pozornosti so na
            fotografiji pritegnili čudovito nebo in oblaki.
            Zvezdnik krasi tudi naslovnico septembrske številke omenjene revije, na kateri pozira med klasjem, oblečen v
            jesenska oblačila. Ker se v seriji Moja boš komajda nasmehne, so fotografije Kaana, ki se smeji, še toliko
            bolj zaželene.
            Čeprav se tudi tokrat z naslovnice ne smehlja, smo že navajeni, da skriva svoj lep nasmeh. A včasih zna
            presenetiti in tudi pokazati, da ima smisel za humor.
            Revija ''be MAN'' je na svojem profilu na Instagramu objavila simpatičen video iz zakulisja snemanja
            fotografij, na katerem vidimo turškega igralca zelo sproščenega.
            Čeprav so zlobneži običajno manj priljubljeni pri gledalkah, pa je pri njem drugače, saj mu oboževalk ne
            manjka. Medtem ko Kaana, ki je igro popeljal še en korak višje, še vedno lahko spremljamo v vlogi Emirja, pa
            igralec ne počiva na lovorikah.
            Kaan gostuje v peti in šesti epizodi prve sezone ameriške serije Jack Ryan, ki je na voljo na spletni
            platformi Amazon, v glavni vlogi pa nastopa John Krasinski. Kaan bo zadolžen za transport ljudi v begunsko
            taborišče v turškem kraju Gaziantep. Zanimivo je, da bo moral prepričljivo govoriti v treh jezikih, in sicer
            turščini, arabščini in angleščini. To pa še ni vse. Njegovemu liku je ime Deniz. Ja, prav ste prebrali, gre
            za enako ime, kot ga ima Kemalova in Nihanina hčerka v seriji Moja boš.
            Bosta Nihan in Kemal kos Emirjevim grozodejstvom?
            Zeynep v zaporu obišče Tarika, ki z njo ne želi več imeti opravka, potem ko izve, da se še vedno videva z
            Emirjem. Nihan in Emir se soočita na sodišču in se dokončno ločita. Toda Kemal je prepričan, da Emir še ni
            rekel zadnje besede in da njune vojne še ni konec. Ker se boji za svojo Nihan, jo ima ves čas pod budnim
            očesom. Galip v zaporu načrtuje napad na Tarika, da bi se mu maščeval za sinovo izdajo. Nihan prejme
            skrivnostno pismo, ki jo vodi na neznano lokacijo. In tam jo bo nekdo čakal. Kemal ali Emir? Bosta nesrečna
            zaljubljenca kos neusmiljenemu Emirju in vsem njegovim grozodejstvom?
            Ne zamudite novih romantičnih dogodivščin med Kemalom in Nihan nocoj ob 21. uri na POP TV. Uspešnica Moja
            boš je na sporedu od ponedeljka do petka ob 21. uri na POP TV. Zamujeni deli turške serije Moja boš vas
            čakajo na VOYO.
        </article-text-transliterated>
    </article>
    <comments>
        <comments-count>9</comments-count>
        <comment-list>
            <comment comment-id="1">
                <comment-parent-id/>
                <comment-text>natego....e do konca,kdo bo koga in potem, mina ...</comment-text>
                <comment-text-transliterated>natego....e do konca,kdo bo koga in potem, mina ...
                </comment-text-transliterated>
            </comment>
            <comment comment-id="2">
                <comment-parent-id/>
                <comment-text>O ja.. lušten</comment-text>
                <comment-text-transliterated>O ja.. lušten</comment-text-transliterated>
            </comment>
            <comment comment-id="3">
                <comment-parent-id/>
                <comment-text>Ne gledam teh limonad. Tip vsekakor zgleda bolj šarmanten kot Burek</comment-text>
                <comment-text-transliterated>Ne gledam teh limonad. Tip vsekakor zgleda bolj šarmanten kot Burek
                </comment-text-transliterated>
            </comment>
            <comment comment-id="4">
                <comment-parent-id/>
                <comment-text>To pa je lep moški, pravi moški.</comment-text>
                <comment-text-transliterated>To pa je lep moški, pravi moški.</comment-text-transliterated>
            </comment>
            <comment comment-id="5">
                <comment-parent-id/>
                <comment-text>Kar dober igralec, je treba priznati.</comment-text>
                <comment-text-transliterated>Kar dober igralec, je treba priznati.</comment-text-transliterated>
            </comment>
            <comment comment-id="6">
                <comment-parent-id/>
                <comment-text>oba umreta na koncu v seriji</comment-text>
                <comment-text-transliterated>oba umreta na koncu v seriji</comment-text-transliterated>
            </comment>
            <comment comment-id="6-1">
                <comment-parent-id>6</comment-parent-id>
                <comment-text>Turška protiminska ekipa bi morala še malo na usposabljanje</comment-text>
                <comment-text-transliterated>Turška protiminska ekipa bi morala še malo na usposabljanje
                </comment-text-transliterated>
            </comment>
            <comment comment-id="7">
                <comment-parent-id/>
                <comment-text>Zakaj ne pise Lepi Kaan Urgancıoğlu???</comment-text>
                <comment-text-transliterated>Zakaj ne pise Lepi Kaan Urgancıoğlu???</comment-text-transliterated>
            </comment>
            <comment comment-id="8">
                <comment-parent-id/>
                <comment-text>Kdo pa je spet ta turčin??</comment-text>
                <comment-text-transliterated>Kdo pa je spet ta turčin??</comment-text-transliterated>
            </comment>
        </comment-list>
    </comments>
</document>