<document global-id="si-06-1258">
    <url>
        https://www.24ur.com/tv-oddaje/ljubezen-po-domace/mihael-v-ljubezni-po-domace-dozivel-cudez-simona-zacarala-jozeta.html
    </url>
    <source-id>si-06</source-id>
    <local-id>1258</local-id>
    <source-name>ur24</source-name>
    <article>
        <article-title>Mihael v Ljubezni po domače doživel čudež, Simona začarala Jožeta</article-title>
        <article-title-transliterated>Mihael v Ljubezni po domače doživel čudež, Simona začarala Jožeta
        </article-title-transliterated>
        <article-time>2018-06-10</article-time>
        <article-author>Su.S.</article-author>
        <article-text>Trije pari so uživali na romantičnih potovanjih, na katerih ni manjkalo vročih poljubov in
            ljubezenskih izpovedi. Milan je po strašnih mukah na potovanje vendarle povabil Anno, Mihael pa je priznal,
            da se je zgodil čudež, saj je v šovu spoznal dekle, ki mu je resnično všeč.
            Renato in Tamara se ne moreta odlepiti drug od drugega
            Renato in Tamara sta izvedela, da odhajata v Turčijo na finale nepozabne košarkarske tekme med Slovenijo in
            Srbijo, kar je ljubitelja košarke še posebej razveselilo. Takrat Tamara še ni vedela, da jo bo Renato
            zaprosil za roko, on pa ni vedel, kakšen bo njen odgovor. Oba sta se veselila nore, nepozabne izkušnje, ki
            jo bosta doživela skupaj in sama, torej brez Kaje in Doroteje. Renato: "Ko sva s Tamaro sama … to je zame
            nekaj najlepšega."
            Vesna in Jožko se zbližujeta
            Vesna in Jožko sta bila utrujena zaradi dolge poti do Ostrave. Ko pa sta končno prispela na cilj, se je
            zapletlo na recepciji hotela, saj sta imela težave s komuniciranjem v tujih jezikih, a so se nekako uspeli
            dogovoriti. Vesna je bila očarana nad sobo in se je takoj vrgla na posteljo. Vesna: "Samo, da mi ne boš na
            oni konec pobegnil." Nato sta se šla namakat in stiskat v jacuzzi. Vesna: "Malo je bilo dolgočasno, pa sva
            se potem z Jožkom nekako zbližala." Bila je vesela, da se je njen izbranec tako izkazal. Jožko: "Doslej se
            nisem še za nobeno punco tako potrudil, kot sem se za Vesno, tako da sem ponosen in uživam z njo."
            Milanu je Sonja izpovedala čustva, zaradi česar je bil tako zelo pretresen, da je zapustil snemanje.
            Izvedeli smo tudi pikantne podrobnosti iz zakulisja šova.
            Mihael pokaže svojo romantično plat, Danica je očarana
            Mihael je poprijel za kitaro in svojima dekletoma prepeval pesmi, kar je v očeh kritične Alenke bilo v
            nasprotju z njegovim siceršnjim obnašanjem. Alenka: "Mislim, da nama je res hotel prirediti neko predstavo,
            ki se njemu zdi zelo kul, oziroma je hotel prebuditi neke občutke v nama. Pri meni mu to ni uspelo, Danica
            pa je zardevala kot po tekočem traku, čisto se je topila, skratka zaljubila se je v tistem trenutku." Tudi
            Mihael je opazil, da se je malce spremenila. Danica je priznala, da česa tako romantičnega še ni doživela.
            Milan ne ve, kaj bi
            Milan je Tanji priznal, da se mu je vse porušilo. Motili so ga očitki, da je svojim damam nekaj obljubil,
            in to ga je težilo. Tanjo je zanimalo, kaj mu pravi njegovo srce, pa ni podal jasnega odgovora, saj se je
            navezal na vse dame.
            Mihael doživel čudež
            Mihael se je veselil, kot se je izrazil, konca drame. Danici je povedal, da mu je všeč, ker je odločna in
            atraktivna, in tudi ona je uživala v njegovi družbi. Alenka pa bi si želela globokih pogovorov z njim, saj
            se ji zdi v redu človek, zelo dober po srcu. Alenka: "V bistvu se mi zdi celo malo preveč naiven, saj
            mislim, da vseh nas deklet sploh ni spregledal, mogoče se bo celo zaljubil in bo potem prizadet."
            Mihael se je res zagledal - v Danico. Mihael: "Saj ne moreš reči ne." Alenka je bila presenečena: "Mislim,
            da se je res zgodil čudež, saj je Miši še v zadnjem trenutku pokazal čustva in izbral eno punco, zares."
            Preden se je poslovila, mu je rekla: "Če si pa premisliš, pa pokliči."
            Mihael je priznal: "Življenje je polno presenečenj, in če verjameš v čudeže, se ti tudi dogajajo. Sploh
            nisem pričakoval, da bom spoznal neko osebo, še posebej tako pred kamerami, v tej oddaji, da mi bo všeč."
            Danica je priznala, da sta si res všeč, zato je bil takšen konec zanjo vsekakor srečen.
            Simona je začarala Jožeta
            Simona je uživala v sproščenem vzdušju, ki je zavladalo na romantičnem izletu. Zdelo se ji je, da je Jože
            čisto drugačen, igriv in romantičen, on pa je presenetil z izjavo, da se je vanjo zaljubil že na prvem
            zmenku, in njegova zaljubljenost se menda samo še krepi. Povedal je, da je ognjevita rdečelaska zapolnila
            praznino v njegovem življenju in že se je veselil njenega prihoda na kmetijo in vseh sprememb, ki jih bo ta
            dogodek prinesel s seboj. Povedala mu je, da se to ne bo zgodilo tako hitro, saj se morata bolje spoznati, a
            že si je lahko predstavljala življenje z njim.
            Milan izbere Anno
            Milan se je počutil grozno, ko je moral sporočiti končno odločitev. Vsaki izbranki je najprej namenil
            nekaj besed. Anni je povedal, da je imela visoke zahteve, Pavli pa priznal, da se je zlagal, ko je obljubil,
            da ji na kmetiji ne bo treba delati. Sonjo je pohvalil, ker se ni nič pritoževala in ni postavljala nobenih
            pogojev. A kljub temu se je odločil za Anno, kar je ni prav nič presenetilo. Anna: "Jaz sem vedela, da bom
            jaz zmagala."
            Pavla ni odobravala njegove odločitve, saj je vedela, da je bil Annin cilj samo izlet, Sonja pa bi bila za
            razliko od nje pripravljena zaživeti skupaj z Milanom. Pavla: "Ona se je v njega zaljubila, on pa ji ni
            pokazal tega. Je vzel Anno, ki ni zaljubljena v njega." A Milanu ni ušlo, da Anna ni bila vzhičena in
            srečna zaradi njegove odločitve. Milan: "Nekaj je manjkalo." Sonja, morda?
            Renato razjezi Tamaro, a se hitro pobotata
            Tamara in Renato sta se v Istanbulu zabavala in uživala v družbi drug drugega. A Renato je Tamaro mimogrede
            razburil s priznanjem, da bi zaradi košarkarske tekme skoraj odpovedal potovanje. Ob tej priložnosti mu je
            še povedala, da bo moral manj pogledovati za drugimi dekleti. Renato: "Jaz sem samo gledal, če sploh še
            obstaja kakšna boljša od tebe, samo sem ugotovil, da je ni, ne v Sloveniji, ne v Turčiji, ne kje drugje."
            Povedal je, da ga druga dekleta ne zanimajo več, Tamaro pa kot pravi romantični čarodej presenetil z
            vrtnico.
            Vroče v vroči kadi
            Jože in Simona sta uživala na romantični večerji, kjer se je ona počutila kot princeska. Kasneje sta se
            crkljala ob ognju in namakala v vroči kadi, medtem pa jo je Jože dodatno ogrel z masažo. Oba sta bila malo
            v rožicah, Jože pa je namigoval, da se obeta nemirna noč. V Ljubezni po domače je očitno vse mogoče in morda
            se bo celo uresničila njegova velika želja po otroku. Pustimo se presenetiti.
            Prihodnjič se bodo romantična potovanja naših podeželskih junakov nadaljevala. Eni bodo strastno uživali,
            drugi bodo pokazali vse svoje spretnosti, nekatere pa bodo mučile stare težave. Ne zamudite prihodnjo
            soboto ob 20. uri na POP TV. Vse zamujene oddaje si oglejte na VOYO.
        </article-text>
        <article-text-transliterated>Trije pari so uživali na romantičnih potovanjih, na katerih ni manjkalo vročih
            poljubov in ljubezenskih izpovedi. Milan je po strašnih mukah na potovanje vendarle povabil Anno, Mihael pa
            je priznal, da se je zgodil čudež, saj je v šovu spoznal dekle, ki mu je resnično všeč.
            Renato in Tamara se ne moreta odlepiti drug od drugega
            Renato in Tamara sta izvedela, da odhajata v Turčijo na finale nepozabne košarkarske tekme med Slovenijo in
            Srbijo, kar je ljubitelja košarke še posebej razveselilo. Takrat Tamara še ni vedela, da jo bo Renato
            zaprosil za roko, on pa ni vedel, kakšen bo njen odgovor. Oba sta se veselila nore, nepozabne izkušnje, ki
            jo bosta doživela skupaj in sama, torej brez Kaje in Doroteje. Renato: "Ko sva s Tamaro sama … to je zame
            nekaj najlepšega."
            Vesna in Jožko se zbližujeta
            Vesna in Jožko sta bila utrujena zaradi dolge poti do Ostrave. Ko pa sta končno prispela na cilj, se je
            zapletlo na recepciji hotela, saj sta imela težave s komuniciranjem v tujih jezikih, a so se nekako uspeli
            dogovoriti. Vesna je bila očarana nad sobo in se je takoj vrgla na posteljo. Vesna: "Samo, da mi ne boš na
            oni konec pobegnil." Nato sta se šla namakat in stiskat v jacuzzi. Vesna: "Malo je bilo dolgočasno, pa sva
            se potem z Jožkom nekako zbližala." Bila je vesela, da se je njen izbranec tako izkazal. Jožko: "Doslej se
            nisem še za nobeno punco tako potrudil, kot sem se za Vesno, tako da sem ponosen in uživam z njo."
            Milanu je Sonja izpovedala čustva, zaradi česar je bil tako zelo pretresen, da je zapustil snemanje.
            Izvedeli smo tudi pikantne podrobnosti iz zakulisja šova.
            Mihael pokaže svojo romantično plat, Danica je očarana
            Mihael je poprijel za kitaro in svojima dekletoma prepeval pesmi, kar je v očeh kritične Alenke bilo v
            nasprotju z njegovim siceršnjim obnašanjem. Alenka: "Mislim, da nama je res hotel prirediti neko predstavo,
            ki se njemu zdi zelo kul, oziroma je hotel prebuditi neke občutke v nama. Pri meni mu to ni uspelo, Danica
            pa je zardevala kot po tekočem traku, čisto se je topila, skratka zaljubila se je v tistem trenutku." Tudi
            Mihael je opazil, da se je malce spremenila. Danica je priznala, da česa tako romantičnega še ni doživela.
            Milan ne ve, kaj bi
            Milan je Tanji priznal, da se mu je vse porušilo. Motili so ga očitki, da je svojim damam nekaj obljubil,
            in to ga je težilo. Tanjo je zanimalo, kaj mu pravi njegovo srce, pa ni podal jasnega odgovora, saj se je
            navezal na vse dame.
            Mihael doživel čudež
            Mihael se je veselil, kot se je izrazil, konca drame. Danici je povedal, da mu je všeč, ker je odločna in
            atraktivna, in tudi ona je uživala v njegovi družbi. Alenka pa bi si želela globokih pogovorov z njim, saj
            se ji zdi v redu človek, zelo dober po srcu. Alenka: "V bistvu se mi zdi celo malo preveč naiven, saj
            mislim, da vseh nas deklet sploh ni spregledal, mogoče se bo celo zaljubil in bo potem prizadet."
            Mihael se je res zagledal - v Danico. Mihael: "Saj ne moreš reči ne." Alenka je bila presenečena: "Mislim,
            da se je res zgodil čudež, saj je Miši še v zadnjem trenutku pokazal čustva in izbral eno punco, zares."
            Preden se je poslovila, mu je rekla: "Če si pa premisliš, pa pokliči."
            Mihael je priznal: "Življenje je polno presenečenj, in če verjameš v čudeže, se ti tudi dogajajo. Sploh
            nisem pričakoval, da bom spoznal neko osebo, še posebej tako pred kamerami, v tej oddaji, da mi bo všeč."
            Danica je priznala, da sta si res všeč, zato je bil takšen konec zanjo vsekakor srečen.
            Simona je začarala Jožeta
            Simona je uživala v sproščenem vzdušju, ki je zavladalo na romantičnem izletu. Zdelo se ji je, da je Jože
            čisto drugačen, igriv in romantičen, on pa je presenetil z izjavo, da se je vanjo zaljubil že na prvem
            zmenku, in njegova zaljubljenost se menda samo še krepi. Povedal je, da je ognjevita rdečelaska zapolnila
            praznino v njegovem življenju in že se je veselil njenega prihoda na kmetijo in vseh sprememb, ki jih bo ta
            dogodek prinesel s seboj. Povedala mu je, da se to ne bo zgodilo tako hitro, saj se morata bolje spoznati, a
            že si je lahko predstavljala življenje z njim.
            Milan izbere Anno
            Milan se je počutil grozno, ko je moral sporočiti končno odločitev. Vsaki izbranki je najprej namenil
            nekaj besed. Anni je povedal, da je imela visoke zahteve, Pavli pa priznal, da se je zlagal, ko je obljubil,
            da ji na kmetiji ne bo treba delati. Sonjo je pohvalil, ker se ni nič pritoževala in ni postavljala nobenih
            pogojev. A kljub temu se je odločil za Anno, kar je ni prav nič presenetilo. Anna: "Jaz sem vedela, da bom
            jaz zmagala."
            Pavla ni odobravala njegove odločitve, saj je vedela, da je bil Annin cilj samo izlet, Sonja pa bi bila za
            razliko od nje pripravljena zaživeti skupaj z Milanom. Pavla: "Ona se je v njega zaljubila, on pa ji ni
            pokazal tega. Je vzel Anno, ki ni zaljubljena v njega." A Milanu ni ušlo, da Anna ni bila vzhičena in
            srečna zaradi njegove odločitve. Milan: "Nekaj je manjkalo." Sonja, morda?
            Renato razjezi Tamaro, a se hitro pobotata
            Tamara in Renato sta se v Istanbulu zabavala in uživala v družbi drug drugega. A Renato je Tamaro mimogrede
            razburil s priznanjem, da bi zaradi košarkarske tekme skoraj odpovedal potovanje. Ob tej priložnosti mu je
            še povedala, da bo moral manj pogledovati za drugimi dekleti. Renato: "Jaz sem samo gledal, če sploh še
            obstaja kakšna boljša od tebe, samo sem ugotovil, da je ni, ne v Sloveniji, ne v Turčiji, ne kje drugje."
            Povedal je, da ga druga dekleta ne zanimajo več, Tamaro pa kot pravi romantični čarodej presenetil z
            vrtnico.
            Vroče v vroči kadi
            Jože in Simona sta uživala na romantični večerji, kjer se je ona počutila kot princeska. Kasneje sta se
            crkljala ob ognju in namakala v vroči kadi, medtem pa jo je Jože dodatno ogrel z masažo. Oba sta bila malo
            v rožicah, Jože pa je namigoval, da se obeta nemirna noč. V Ljubezni po domače je očitno vse mogoče in morda
            se bo celo uresničila njegova velika želja po otroku. Pustimo se presenetiti.
            Prihodnjič se bodo romantična potovanja naših podeželskih junakov nadaljevala. Eni bodo strastno uživali,
            drugi bodo pokazali vse svoje spretnosti, nekatere pa bodo mučile stare težave. Ne zamudite prihodnjo
            soboto ob 20. uri na POP TV. Vse zamujene oddaje si oglejte na VOYO.
        </article-text-transliterated>
    </article>
    <comments>
        <comments-count>28</comments-count>
        <comment-list>
            <comment comment-id="1">
                <comment-parent-id/>
                <comment-text>Jože maneken,...hahahahahahahahah.....</comment-text>
                <comment-text-transliterated>Jože maneken,...hahahahahahahahah.....</comment-text-transliterated>
            </comment>
            <comment comment-id="2">
                <comment-parent-id/>
                <comment-text>Tipični volilci levosredinske vlade!</comment-text>
                <comment-text-transliterated>Tipični volilci levosredinske vlade!</comment-text-transliterated>
            </comment>
            <comment comment-id="2-1">
                <comment-parent-id>2</comment-parent-id>
                <comment-text>Preberi si analizo ankete volivci katere stranke imajo najnižjo izobrazbeno strukturo,
                    vleče bolj v desne ekstreme.
                </comment-text>
                <comment-text-transliterated>Preberi si analizo ankete volivci katere stranke imajo najnižjo izobrazbeno
                    strukturo, vleče bolj v desne ekstreme.
                </comment-text-transliterated>
            </comment>
            <comment comment-id="3">
                <comment-parent-id/>
                <comment-text>Vesela sem za Misija in Danico.Koncno je nasel eno, ki ima iq, eq in je izobrazena.Ostale
                    so bile pa GOSI
                </comment-text>
                <comment-text-transliterated>Vesela sem za Misija in Danico.Koncno je nasel eno, ki ima iq, eq in je
                    izobrazena.Ostale so bile pa GOSI
                </comment-text-transliterated>
            </comment>
            <comment comment-id="4">
                <comment-parent-id/>
                <comment-text>Milan se je odlocil za Anno, ki je povedala, da jo zanima samo izlet, ne pa Milan.Seveda,
                    ce si brezposeln, te zanima zastonj varianta pocitnic in se tv prepoznavnost...Anna in Alenka sta si
                    podobni po pameti...minimalni iq, ceprav ima slednja narejen faks, hahaha
                </comment-text>
                <comment-text-transliterated>Milan se je odlocil za Anno, ki je povedala, da jo zanima samo izlet, ne pa
                    Milan.Seveda, ce si brezposeln, te zanima zastonj varianta pocitnic in se tv prepoznavnost...Anna in
                    Alenka sta si podobni po pameti...minimalni iq, ceprav ima slednja narejen faks, hahaha
                </comment-text-transliterated>
            </comment>
            <comment comment-id="5">
                <comment-parent-id/>
                <comment-text>hahaha najbolj prizadeta je tale Anna hahaha :D ta pa je polpismena kura,kaksni dialogi pa
                    to se poscijes od smeha!!! Prosim še takih oddaj hahaha :D .....a ima kdo 6 razredov osnovne šole od
                    telih osebkov v oddaji??
                </comment-text>
                <comment-text-transliterated>hahaha najbolj prizadeta je tale Anna hahaha :D ta pa je polpismena
                    kura,kaksni dialogi pa to se poscijes od smeha!!! Prosim še takih oddaj hahaha :D .....a ima kdo 6
                    razredov osnovne šole od telih osebkov v oddaji??
                </comment-text-transliterated>
            </comment>
            <comment comment-id="6">
                <comment-parent-id/>
                <comment-text>Mene pa zanima, koliko je bilo v teh oddajah zaigranega. Upam, da vsaj 90 %, ker toliko
                    odklonskega vedenja v realnem svetu na kupu ne more obstajati.
                </comment-text>
                <comment-text-transliterated>Mene pa zanima, koliko je bilo v teh oddajah zaigranega. Upam, da vsaj 90
                    %, ker toliko odklonskega vedenja v realnem svetu na kupu ne more obstajati.
                </comment-text-transliterated>
            </comment>
            <comment comment-id="6-1">
                <comment-parent-id>6</comment-parent-id>
                <comment-text>na tv ni fajn bit dolgočasen, to producente ravno ne zanima... sicer pa, dokler se snema
                    se bojo afnali, ko bo pa konc pa bo šel vsak sam domov v svojo postlo
                </comment-text>
                <comment-text-transliterated>na tv ni fajn bit dolgočasen, to producente ravno ne zanima... sicer pa,
                    dokler se snema se bojo afnali, ko bo pa konc pa bo šel vsak sam domov v svojo postlo
                </comment-text-transliterated>
            </comment>
            <comment comment-id="7">
                <comment-parent-id/>
                <comment-text>Tale Jože izgleda in govori kot psihopat ..</comment-text>
                <comment-text-transliterated>Tale Jože izgleda in govori kot psihopat ..</comment-text-transliterated>
            </comment>
            <comment comment-id="8">
                <comment-parent-id/>
                <comment-text>Vsaka ki jo kateri koli kandidat NI izbral naj bo vesela, ker da to dobiš je pa
                    grozljivka, je pa tudi res da vsak ki se prijavi in napiše pismo z upanjem da bo tu našel ljubezen
                    ni čisto gladek.
                </comment-text>
                <comment-text-transliterated>Vsaka ki jo kateri koli kandidat NI izbral naj bo vesela, ker da to dobiš
                    je pa grozljivka, je pa tudi res da vsak ki se prijavi in napiše pismo z upanjem da bo tu našel
                    ljubezen ni čisto gladek.
                </comment-text-transliterated>
            </comment>
            <comment comment-id="9">
                <comment-parent-id/>
                <comment-text>To so šarčevi volivci, pa po levici</comment-text>
                <comment-text-transliterated>To so šarčevi volivci, pa po levici</comment-text-transliterated>
            </comment>
            <comment comment-id="9-1">
                <comment-parent-id>9</comment-parent-id>
                <comment-text>ti si ober tele</comment-text>
                <comment-text-transliterated>ti si ober tele</comment-text-transliterated>
            </comment>
            <comment comment-id="9-2">
                <comment-parent-id>9</comment-parent-id>
                <comment-text>Tele te naredilo</comment-text>
                <comment-text-transliterated>Tele te naredilo</comment-text-transliterated>
            </comment>
            <comment comment-id="10">
                <comment-parent-id/>
                <comment-text>A ima še kdo občutek da s temle Jožetom in njegovo podstreho nekaj ne štima ??
                </comment-text>
                <comment-text-transliterated>A ima še kdo občutek da s temle Jožetom in njegovo podstreho nekaj ne štima
                    ??
                </comment-text-transliterated>
            </comment>
            <comment comment-id="10-1">
                <comment-parent-id>10</comment-parent-id>
                <comment-text>Malo je čudaški ja. Pomoje je problem, da nima kaj dosti izkušenj z ženskami in izpade
                    zelo neroden.
                </comment-text>
                <comment-text-transliterated>Malo je čudaški ja. Pomoje je problem, da nima kaj dosti izkušenj z
                    ženskami in izpade zelo neroden.
                </comment-text-transliterated>
            </comment>
            <comment comment-id="11">
                <comment-parent-id/>
                <comment-text>pogledal in videl te papke me ne čudi da so brez bab</comment-text>
                <comment-text-transliterated>pogledal in videl te papke me ne čudi da so brez bab
                </comment-text-transliterated>
            </comment>
            <comment comment-id="12">
                <comment-parent-id/>
                <comment-text>Simona ga bo pojedla</comment-text>
                <comment-text-transliterated>Simona ga bo pojedla</comment-text-transliterated>
            </comment>
            <comment comment-id="13">
                <comment-parent-id/>
                <comment-text>Čudno da se ni še Donald Trump prijavil, in mali Orban?!</comment-text>
                <comment-text-transliterated>Čudno da se ni še Donald Trump prijavil, in mali Orban?!
                </comment-text-transliterated>
            </comment>
            <comment comment-id="14">
                <comment-parent-id/>
                <comment-text>Ja res sramota, da se lahko tako nizko spustijo.</comment-text>
                <comment-text-transliterated>Ja res sramota, da se lahko tako nizko spustijo.
                </comment-text-transliterated>
            </comment>
            <comment comment-id="15">
                <comment-parent-id/>
                <comment-text>kurbenhaus ales inklusiv</comment-text>
                <comment-text-transliterated>kurbenhaus ales inklusiv</comment-text-transliterated>
            </comment>
            <comment comment-id="16">
                <comment-parent-id/>
                <comment-text>hahah dežela butalah</comment-text>
                <comment-text-transliterated>hahah dežela butalah</comment-text-transliterated>
            </comment>
            <comment comment-id="17">
                <comment-parent-id/>
                <comment-text>Bravo Čakarmiš, tako sranje lahko nosi samo tvoj uredniški podpis. LOL - ek. 😂
                </comment-text>
                <comment-text-transliterated>Bravo Čakarmiš, tako sranje lahko nosi samo tvoj uredniški podpis. LOL -
                    ek. 😂
                </comment-text-transliterated>
            </comment>
            <comment comment-id="18">
                <comment-parent-id/>
                <comment-text>Pa saj to ni res!</comment-text>
                <comment-text-transliterated>Pa saj to ni res!</comment-text-transliterated>
            </comment>
            <comment comment-id="19">
                <comment-parent-id/>
                <comment-text>Čudež bo, če boste tole umaknili s sporeda!</comment-text>
                <comment-text-transliterated>Čudež bo, če boste tole umaknili s sporeda!</comment-text-transliterated>
            </comment>
            <comment comment-id="20">
                <comment-parent-id/>
                <comment-text>Upam,da teh slavnežev niso rabili dolgo iskati po Sloveniji . Vsi so nekje tam nekšni
                    hribolazci .
                </comment-text>
                <comment-text-transliterated>Upam,da teh slavnežev niso rabili dolgo iskati po Sloveniji . Vsi so nekje
                    tam nekšni hribolazci .
                </comment-text-transliterated>
            </comment>
            <comment comment-id="21">
                <comment-parent-id/>
                <comment-text>Le koga volijo tile osebki...</comment-text>
                <comment-text-transliterated>Le koga volijo tile osebki...</comment-text-transliterated>
            </comment>
            <comment comment-id="21-1">
                <comment-parent-id>21</comment-parent-id>
                <comment-text>Zaradi takih je najvec “nenamernih” neveljavnih glasovnic, ko obkrožijo 3 stranke namesto
                    ene 😂
                </comment-text>
                <comment-text-transliterated>Zaradi takih je najvec “nenamernih” neveljavnih glasovnic, ko obkrožijo 3
                    stranke namesto ene 😂
                </comment-text-transliterated>
            </comment>
            <comment comment-id="21-2">
                <comment-parent-id>21</comment-parent-id>
                <comment-text>Šarca in proti levici</comment-text>
                <comment-text-transliterated>Šarca in proti levici</comment-text-transliterated>
            </comment>
        </comment-list>
    </comments>
</document>