<document global-id="si-06-1291">
    <url>
        https://www.24ur.com/sport/nogomet/ligaprvakov/modric-ronaldo-je-najvecji-profesionalec-na-svetu-fant-trenira-kot-nihce-drug.html
    </url>
    <source-id>si-06</source-id>
    <local-id>1291</local-id>
    <source-name>ur24</source-name>
    <article>
        <article-title>Modrić: Ronaldo je največji profesionalec na svetu, fant trenira kot nihče drug</article-title>
        <article-title-transliterated>Modrić: Ronaldo je največji profesionalec na svetu, fant trenira kot nihče drug
        </article-title-transliterated>
        <article-time>2016-02-03</article-time>
        <article-author>M.J.</article-author>
        <article-text>Zinedine Zidane je, tako kot vsi trenerji Reala v zadnjih letih, hrvaškemu vezistu Luki Modriću
            podaril ključe organizacije igre belega baleta. Hrvat je že nekaj časa velik ljubljenec publike na Santiagu
            Bernabeu, tudi zato, ker je tako preprost in nevpadljiv. Španska Marca je Modrića skrbno zaslišala ...
            Luka Modrić je po nekaterih (zdravstvenih) težavah na začetku sezone zadnjih nekaj tednov v izjemnem
            psiho-fizičnem stanju, kar se odraža tudi v odlični tekmovalni formi. Zadrčan je ključni igralec veznega
            dela galaktikov, mož, ki skrbi za kreacijo igre Reala, kot tudi destrukcijo nasprotnikovih poskusov. Modrić
            je v izčrpnem pogovoru za špansko Marco med drugim komentiral odhod Rafaela Beniteza in prihod Zinedina
            Zidana na klop Madridčanov. "Žal mi je Rafe. Takšen je svet nogometa. Trenerji so pod drobnogledom in prvi
            plačajo ceno slabših rezultatov. Vem, da je želel dobro, toda zdi se mi, da ni bil ustrezna rešitev za
            klub," se je pridušal Modrić in nadaljeval: "Zidane? O njem ni potrebno izgubljati besed. Kot igralec je bil
            veličasten. Malo je bilo takšnih, če sploh, skozi nogometno zgodovino. Vsak nasvet, ki ti ga lahko da
            Zidane, je zelo dragocen. On nas bo naredil še boljše na terenu. Njegovi napotki so zlati," je Modrić Marci
            z izbranimi besedami govoril o legendarnemu Zizouju.
            "Priznam, v mlajših letih je bil Zidane moj nogometni vzornik. Spomnim se, da so ga vsi v tistem času
            preprosto oboževali," je še povedal nekdanji nogometaš Dinama in Tottenhama, ki se ni mogel izogniti
            nekaterim vselej aktualnim vprašanjem. Tudi on je moral nekaj besed nameniti prvemu zvezdniku galaktikov
            Cristianu Ronaldu. "Imam veliko srečo, ker sem sodobnik Ronalda. Kot soigralec lahko o njemu povem le
            najboljše stvari. Zame osebno je prvi igralec na svetu. Velika čast je z njim deliti slačilnico. Veliko se
            lahko naučiš od njega. Je izjemen profesionalec in marljivi delavec. Iz dneva v dan naporno trenira, prav
            nič mu ni težko. Povsem predan je nogometu in Realu. Kdor trdi drugače, laže," je bil za madridski športni
            časnik brez dlake na jeziku 30-letni hrvaški nogometni virtuoz, ki verjame, da lov na španski naslov (še) ni
            izgubljen.Hrvat je na zadnji tekmi Primere Division proti Espanyolu (6:0) (vnovič) doživel stoječe ovacije
            Santiaga Bernabeua. "Luka, Luka, Modrić, Modrić," je grmelo po legendarnem stadionu Reala.
            "Prvenstvo bo še dolgo. Mi nimamo pravice na spodrsljaj, Barcelona pa ima lepo prednost, a bo tudi ona še
            doživela kakšen "kiks". Gledati moramo nase, verjeti v to, kar delamo, saj je do konca sezone še kar nekaj
            ciljev. Vidno je, da se ekipa dviguje, kar je pred končnico sezone odlična informacija."
        </article-text>
        <article-text-transliterated>Zinedine Zidane je, tako kot vsi trenerji Reala v zadnjih letih, hrvaškemu vezistu
            Luki Modriću podaril ključe organizacije igre belega baleta. Hrvat je že nekaj časa velik ljubljenec publike
            na Santiagu Bernabeu, tudi zato, ker je tako preprost in nevpadljiv. Španska Marca je Modrića skrbno
            zaslišala ...
            Luka Modrić je po nekaterih (zdravstvenih) težavah na začetku sezone zadnjih nekaj tednov v izjemnem
            psiho-fizičnem stanju, kar se odraža tudi v odlični tekmovalni formi. Zadrčan je ključni igralec veznega
            dela galaktikov, mož, ki skrbi za kreacijo igre Reala, kot tudi destrukcijo nasprotnikovih poskusov. Modrić
            je v izčrpnem pogovoru za špansko Marco med drugim komentiral odhod Rafaela Beniteza in prihod Zinedina
            Zidana na klop Madridčanov. "Žal mi je Rafe. Takšen je svet nogometa. Trenerji so pod drobnogledom in prvi
            plačajo ceno slabših rezultatov. Vem, da je želel dobro, toda zdi se mi, da ni bil ustrezna rešitev za
            klub," se je pridušal Modrić in nadaljeval: "Zidane? O njem ni potrebno izgubljati besed. Kot igralec je bil
            veličasten. Malo je bilo takšnih, če sploh, skozi nogometno zgodovino. Vsak nasvet, ki ti ga lahko da
            Zidane, je zelo dragocen. On nas bo naredil še boljše na terenu. Njegovi napotki so zlati," je Modrić Marci
            z izbranimi besedami govoril o legendarnemu Zizouju.
            "Priznam, v mlajših letih je bil Zidane moj nogometni vzornik. Spomnim se, da so ga vsi v tistem času
            preprosto oboževali," je še povedal nekdanji nogometaš Dinama in Tottenhama, ki se ni mogel izogniti
            nekaterim vselej aktualnim vprašanjem. Tudi on je moral nekaj besed nameniti prvemu zvezdniku galaktikov
            Cristianu Ronaldu. "Imam veliko srečo, ker sem sodobnik Ronalda. Kot soigralec lahko o njemu povem le
            najboljše stvari. Zame osebno je prvi igralec na svetu. Velika čast je z njim deliti slačilnico. Veliko se
            lahko naučiš od njega. Je izjemen profesionalec in marljivi delavec. Iz dneva v dan naporno trenira, prav
            nič mu ni težko. Povsem predan je nogometu in Realu. Kdor trdi drugače, laže," je bil za madridski športni
            časnik brez dlake na jeziku 30-letni hrvaški nogometni virtuoz, ki verjame, da lov na španski naslov (še) ni
            izgubljen.Hrvat je na zadnji tekmi Primere Division proti Espanyolu (6:0) (vnovič) doživel stoječe ovacije
            Santiaga Bernabeua. "Luka, Luka, Modrić, Modrić," je grmelo po legendarnem stadionu Reala.
            "Prvenstvo bo še dolgo. Mi nimamo pravice na spodrsljaj, Barcelona pa ima lepo prednost, a bo tudi ona še
            doživela kakšen "kiks". Gledati moramo nase, verjeti v to, kar delamo, saj je do konca sezone še kar nekaj
            ciljev. Vidno je, da se ekipa dviguje, kar je pred končnico sezone odlična informacija."
        </article-text-transliterated>
    </article>
    <comments>
        <comments-count>69</comments-count>
        <comment-list>
            <comment comment-id="1">
                <comment-parent-id/>
                <comment-text>so mu ukazali, da se mora na napiflati tako bedarijo za izjavo. revež se je potil, da si
                    jo je zapomnil.
                </comment-text>
                <comment-text-transliterated>so mu ukazali, da se mora na napiflati tako bedarijo za izjavo. revež se je
                    potil, da si jo je zapomnil.
                </comment-text-transliterated>
            </comment>
            <comment comment-id="2">
                <comment-parent-id/>
                <comment-text>Mali "nosonja" Modrič, ve komu je treba deliti komplimente. Če bi to ne počel, bi ga
                    Ronaldo že davno "odjurio" u Dinamo.
                </comment-text>
                <comment-text-transliterated>Mali "nosonja" Modrič, ve komu je treba deliti komplimente. Če bi to ne
                    počel, bi ga Ronaldo že davno "odjurio" u Dinamo.
                </comment-text-transliterated>
            </comment>
            <comment comment-id="3">
                <comment-parent-id/>
                <comment-text>hehe ampak sevedno se ni naucil preigrat enega igralca haha</comment-text>
                <comment-text-transliterated>hehe ampak sevedno se ni naucil preigrat enega igralca haha
                </comment-text-transliterated>
            </comment>
            <comment comment-id="3-1">
                <comment-parent-id>3</comment-parent-id>
                <comment-text>Dobro si opazil šumar. Nisem še videl da bi "pošteno"preigral enega. Smešno je videt
                    njegovo na mestu vrtenje nog. Vožnja bicikla, kolesa. Ali se še ni videl na posnetku, ali se mu
                    bojijo povedat. Športni Pavliha pač.
                </comment-text>
                <comment-text-transliterated>Dobro si opazil šumar. Nisem še videl da bi "pošteno"preigral enega. Smešno
                    je videt njegovo na mestu vrtenje nog. Vožnja bicikla, kolesa. Ali se še ni videl na posnetku, ali
                    se mu bojijo povedat. Športni Pavliha pač.
                </comment-text-transliterated>
            </comment>
            <comment comment-id="4">
                <comment-parent-id/>
                <comment-text>Res ste vsi obsedeni z Ronaldom? Pa ne mine dan, da nebi pisali o njem. Beda.
                </comment-text>
                <comment-text-transliterated>Res ste vsi obsedeni z Ronaldom? Pa ne mine dan, da nebi pisali o njem.
                    Beda.
                </comment-text-transliterated>
            </comment>
            <comment comment-id="5">
                <comment-parent-id/>
                <comment-text>Če Ronaldo toliko trenira ,celo največ v ekipi Reala , potem ni ravno talent. Ne vem,
                    kakšne nasvete lahko Ronaldo deli svojim so igralcem. Morda samo te , da se morajo zavedati , kdo je
                    prvi zvezdnik Reala in kaj se od njih tudi pričakuje .
                </comment-text>
                <comment-text-transliterated>Če Ronaldo toliko trenira ,celo največ v ekipi Reala , potem ni ravno
                    talent. Ne vem, kakšne nasvete lahko Ronaldo deli svojim so igralcem. Morda samo te , da se morajo
                    zavedati , kdo je prvi zvezdnik Reala in kaj se od njih tudi pričakuje .
                </comment-text-transliterated>
            </comment>
            <comment comment-id="6">
                <comment-parent-id/>
                <comment-text>naj se še Modrič zaplete z BADR HARIJEM da si bosta pol z jokico delila stroške ko ga
                    bosta obiskovala v maroku
                </comment-text>
                <comment-text-transliterated>naj se še Modrič zaplete z BADR HARIJEM da si bosta pol z jokico delila
                    stroške ko ga bosta obiskovala v maroku
                </comment-text-transliterated>
            </comment>
            <comment comment-id="6-1">
                <comment-parent-id>6</comment-parent-id>
                <comment-text>se bojo igrali vlakca</comment-text>
                <comment-text-transliterated>se bojo igrali vlakca</comment-text-transliterated>
            </comment>
            <comment comment-id="7">
                <comment-parent-id/>
                <comment-text>Pri Modriću me samo nekaj skrbi. Vedno, ko pride v formo, se mu nekaj zgodi. Enako velja
                    tudi za Bale-a. K sreči zdaj ni reprezentančnih tekem in smo čez polovico sezone. Upam, da so
                    poškodbe mimo in da fantje zaigrajo tako kot znajo in želijo. Ja, odkar ni več naveze Kroos -
                    Casemiro zadaj in na desnem spet Carvajal igra, je zadeva povsem druga. Luka se je razživel. Več
                    samozavesti ima. Tudi Isco daje več od sebe. Igra hitreje, James enako. Izjava o Ronaldu je pa pač
                    kolegialna. Pa tudi sicer naj bi vsake oči videle drugega malarja. Skratka, nepotrebne besede in še
                    manj potrebna vprašanja b3bastih novinarjev. Ne znajo bič pametnega vprašat? p.s. - mi je pa Luka
                    popolna protiutež Ronaldu. Skromen, marljiv, neizstopajoč....Skratka, mravljica, ki jo rabi vsaka
                    ekipa. Enako Kroos.
                </comment-text>
                <comment-text-transliterated>Pri Modriću me samo nekaj skrbi. Vedno, ko pride v formo, se mu nekaj
                    zgodi. Enako velja tudi za Bale-a. K sreči zdaj ni reprezentančnih tekem in smo čez polovico sezone.
                    Upam, da so poškodbe mimo in da fantje zaigrajo tako kot znajo in želijo. Ja, odkar ni več naveze
                    Kroos - Casemiro zadaj in na desnem spet Carvajal igra, je zadeva povsem druga. Luka se je razživel.
                    Več samozavesti ima. Tudi Isco daje več od sebe. Igra hitreje, James enako. Izjava o Ronaldu je pa
                    pač kolegialna. Pa tudi sicer naj bi vsake oči videle drugega malarja. Skratka, nepotrebne besede in
                    še manj potrebna vprašanja b3bastih novinarjev. Ne znajo bič pametnega vprašat? p.s. - mi je pa Luka
                    popolna protiutež Ronaldu. Skromen, marljiv, neizstopajoč....Skratka, mravljica, ki jo rabi vsaka
                    ekipa. Enako Kroos.
                </comment-text-transliterated>
            </comment>
            <comment comment-id="7-1">
                <comment-parent-id>7</comment-parent-id>
                <comment-text>Se strinjam Trend, vsak bo podpiral svojega, tako kot je Ronaldinho včeraj Messija, tako
                    Luka danes Ronalda. Je pa res, da je Luka še nekoliko bolj steklen nogometaš kot Bale, saj je Luka v
                    2 sezonah bil poškodovan cca. 220 dni, in Bale v 3 sezonah cca. 110 dni.
                </comment-text>
                <comment-text-transliterated>Se strinjam Trend, vsak bo podpiral svojega, tako kot je Ronaldinho včeraj
                    Messija, tako Luka danes Ronalda. Je pa res, da je Luka še nekoliko bolj steklen nogometaš kot Bale,
                    saj je Luka v 2 sezonah bil poškodovan cca. 220 dni, in Bale v 3 sezonah cca. 110 dni.
                </comment-text-transliterated>
            </comment>
            <comment comment-id="8">
                <comment-parent-id/>
                <comment-text>Se strinjam s cisto vsem povedanim s strani Luke. Zame najboljsi vezist ever.
                </comment-text>
                <comment-text-transliterated>Se strinjam s cisto vsem povedanim s strani Luke. Zame najboljsi vezist
                    ever.
                </comment-text-transliterated>
            </comment>
            <comment comment-id="9">
                <comment-parent-id/>
                <comment-text>Pazi to! Na Santiago Bernabeu nikoli ni dolgčas. Marsikdo bi pomislil, da v Madridu po
                    visoki zmagi proti Espanyolu v prejšnjem krogu španskega prvenstva vlada idilično vzdušje, a temu na
                    žalost navijačev ni tako. Glavni razlog za slabo voljo tokrat ni poškodba temveč kar prvi zvezdnik
                    ekipe Cristiano Ronaldo. Portugalec je po tekmi kljub neodobravanju klubskega vodstva s svojim
                    letalom prost dan izkoristil za odhod v Marakeš, kjer že dalj časa redno obiskuje prijatelja
                    (kickboxerja) Badr Harija. Perez in Zizou nad odhodom nad odhodom Ronalda po poročanju španskih
                    medijev še zdaleč nista navdušena.
                </comment-text>
                <comment-text-transliterated>Pazi to! Na Santiago Bernabeu nikoli ni dolgčas. Marsikdo bi pomislil, da v
                    Madridu po visoki zmagi proti Espanyolu v prejšnjem krogu španskega prvenstva vlada idilično
                    vzdušje, a temu na žalost navijačev ni tako. Glavni razlog za slabo voljo tokrat ni poškodba temveč
                    kar prvi zvezdnik ekipe Cristiano Ronaldo. Portugalec je po tekmi kljub neodobravanju klubskega
                    vodstva s svojim letalom prost dan izkoristil za odhod v Marakeš, kjer že dalj časa redno obiskuje
                    prijatelja (kickboxerja) Badr Harija. Perez in Zizou nad odhodom nad odhodom Ronalda po poročanju
                    španskih medijev še zdaleč nista navdušena.
                </comment-text-transliterated>
            </comment>
            <comment comment-id="9-1">
                <comment-parent-id>9</comment-parent-id>
                <comment-text>Le kaj bo na to rekel KardinalFranc... :D</comment-text>
                <comment-text-transliterated>Le kaj bo na to rekel KardinalFranc... :D</comment-text-transliterated>
            </comment>
            <comment comment-id="9-2">
                <comment-parent-id>9</comment-parent-id>
                <comment-text>Jp. A za spremembo je šel dejansko na festival in je s sabo vlekel celo družino. Sina,
                    brata, mamo.... Torej je morda konec druženja z Badrom..... Upam. Hehe. Kot zanimivost. V Maroko
                    hodi tudi Neymar. On pa Hachim Mastour-ja obiskuje kadar je doma (Rabat). Sicer nogometaš Malage....
                    17 let.... Morda je Ronaldo spet boljše volje, ker se je "njegova" Irina Shayk razšla z Bradley
                    Cooper-jem... hehe
                </comment-text>
                <comment-text-transliterated>Jp. A za spremembo je šel dejansko na festival in je s sabo vlekel celo
                    družino. Sina, brata, mamo.... Torej je morda konec druženja z Badrom..... Upam. Hehe. Kot
                    zanimivost. V Maroko hodi tudi Neymar. On pa Hachim Mastour-ja obiskuje kadar je doma (Rabat). Sicer
                    nogometaš Malage.... 17 let.... Morda je Ronaldo spet boljše volje, ker se je "njegova" Irina Shayk
                    razšla z Bradley Cooper-jem... hehe
                </comment-text-transliterated>
            </comment>
            <comment comment-id="9-3">
                <comment-parent-id>9</comment-parent-id>
                <comment-text>Hja, ampak, če se klub ne strinja oziroma ti celo prepove, da med prostim dnevom greš v
                    Marocco, hm... Tudi to nekaj pove o tem, kakšne privilegije uživa Ronaldo v RMju. Ramos na primer,
                    je prenehal s potovanji v svojo rojstno Sevillo ravno zaradi kluba.
                </comment-text>
                <comment-text-transliterated>Hja, ampak, če se klub ne strinja oziroma ti celo prepove, da med prostim
                    dnevom greš v Marocco, hm... Tudi to nekaj pove o tem, kakšne privilegije uživa Ronaldo v RMju.
                    Ramos na primer, je prenehal s potovanji v svojo rojstno Sevillo ravno zaradi kluba.
                </comment-text-transliterated>
            </comment>
            <comment comment-id="9-4">
                <comment-parent-id>9</comment-parent-id>
                <comment-text>Jp. Saj pravim - morda je bila to v naprej dogovorjena zadeva. Ker je pač celo familjo tja
                    peljal. Upam. Tu se strinjam s Perezom in Zizoujem. Ko ne treniraš - počivaj, miruj. Ne pa se z
                    avionom okoli klatit.
                </comment-text>
                <comment-text-transliterated>Jp. Saj pravim - morda je bila to v naprej dogovorjena zadeva. Ker je pač
                    celo familjo tja peljal. Upam. Tu se strinjam s Perezom in Zizoujem. Ko ne treniraš - počivaj,
                    miruj. Ne pa se z avionom okoli klatit.
                </comment-text-transliterated>
            </comment>
            <comment comment-id="9-5">
                <comment-parent-id>9</comment-parent-id>
                <comment-text>pa kake streljate ... človek ima fraj dan in čao ... če bi imel v pogodbi, da na fraj dan
                    more bit doma, v toplicah, v madridu, potemtakem bi tako tudi bilo ...
                </comment-text>
                <comment-text-transliterated>pa kake streljate ... človek ima fraj dan in čao ... če bi imel v pogodbi,
                    da na fraj dan more bit doma, v toplicah, v madridu, potemtakem bi tako tudi bilo ...
                </comment-text-transliterated>
            </comment>
            <comment comment-id="10">
                <comment-parent-id/>
                <comment-text>Joj tile preplačnai nogometasi s kurjo pametjo.</comment-text>
                <comment-text-transliterated>Joj tile preplačnai nogometasi s kurjo pametjo.
                </comment-text-transliterated>
            </comment>
            <comment comment-id="11">
                <comment-parent-id/>
                <comment-text>Zame je on (Luka) najboljši igralec Reala in eden najboljših vezistov nasploh. Vedno mi je
                    bilo žal, da ga ni raje kupila Barca.
                </comment-text>
                <comment-text-transliterated>Zame je on (Luka) najboljši igralec Reala in eden najboljših vezistov
                    nasploh. Vedno mi je bilo žal, da ga ni raje kupila Barca.
                </comment-text-transliterated>
            </comment>
            <comment comment-id="11-1">
                <comment-parent-id>11</comment-parent-id>
                <comment-text>hrvati so z drugega sveta.To je dominacija.To je vrhunskost!!!</comment-text>
                <comment-text-transliterated>hrvati so z drugega sveta.To je dominacija.To je vrhunskost!!!
                </comment-text-transliterated>
            </comment>
            <comment comment-id="11-2">
                <comment-parent-id>11</comment-parent-id>
                <comment-text>Ne trosi neumnosti!</comment-text>
                <comment-text-transliterated>Ne trosi neumnosti!</comment-text-transliterated>
            </comment>
            <comment comment-id="11-3">
                <comment-parent-id>11</comment-parent-id>
                <comment-text>walter ne govori čez Hrvate,da te Mario ne dobi.To je dominanca,vrhunskost,poezija,to je
                    nogomet z drugega planeta.
                </comment-text>
                <comment-text-transliterated>walter ne govori čez Hrvate,da te Mario ne dobi.To je
                    dominanca,vrhunskost,poezija,to je nogomet z drugega planeta.
                </comment-text-transliterated>
            </comment>
            <comment comment-id="11-4">
                <comment-parent-id>11</comment-parent-id>
                <comment-text>Sempre, car!</comment-text>
                <comment-text-transliterated>Sempre, car!</comment-text-transliterated>
            </comment>
            <comment comment-id="11-5">
                <comment-parent-id>11</comment-parent-id>
                <comment-text>Ma Hrvati so brez konkurence.</comment-text>
                <comment-text-transliterated>Ma Hrvati so brez konkurence.</comment-text-transliterated>
            </comment>
            <comment comment-id="11-6">
                <comment-parent-id>11</comment-parent-id>
                <comment-text>semprebeca maš prav! Hrvati ste res iz drugega sveta in na tega ne spadate...
                </comment-text>
                <comment-text-transliterated>semprebeca maš prav! Hrvati ste res iz drugega sveta in na tega ne
                    spadate...
                </comment-text-transliterated>
            </comment>
            <comment comment-id="11-7">
                <comment-parent-id>11</comment-parent-id>
                <comment-text>ledr a ti res ne razumeš sarkazma?</comment-text>
                <comment-text-transliterated>ledr a ti res ne razumeš sarkazma?</comment-text-transliterated>
            </comment>
            <comment comment-id="12">
                <comment-parent-id/>
                <comment-text>modrič,maš prav da gara,nimaš pa,da je najbolši,upraši raketo kdo je najbolši!!!hehe
                </comment-text>
                <comment-text-transliterated>modrič,maš prav da gara,nimaš pa,da je najbolši,upraši raketo kdo je
                    najbolši!!!hehe
                </comment-text-transliterated>
            </comment>
            <comment comment-id="13">
                <comment-parent-id/>
                <comment-text>Me prav zanima kako bo tole komentiral strokovnjak mariomandzukic. Vedno je pljuval po
                    Ronaldu samo tole je izjavil Modrić.
                </comment-text>
                <comment-text-transliterated>Me prav zanima kako bo tole komentiral strokovnjak mariomandzukic. Vedno je
                    pljuval po Ronaldu samo tole je izjavil Modrić.
                </comment-text-transliterated>
            </comment>
            <comment comment-id="13-1">
                <comment-parent-id>13</comment-parent-id>
                <comment-text>Dobraaa :D</comment-text>
                <comment-text-transliterated>Dobraaa :D</comment-text-transliterated>
            </comment>
            <comment comment-id="13-2">
                <comment-parent-id>13</comment-parent-id>
                <comment-text>To je popolna dominacija Hrvatov, prava poezija ...</comment-text>
                <comment-text-transliterated>To je popolna dominacija Hrvatov, prava poezija ...
                </comment-text-transliterated>
            </comment>
            <comment comment-id="14">
                <comment-parent-id/>
                <comment-text>ronaldo je garac</comment-text>
                <comment-text-transliterated>ronaldo je garac</comment-text-transliterated>
            </comment>
            <comment comment-id="15">
                <comment-parent-id/>
                <comment-text>ronaldo je garac</comment-text>
                <comment-text-transliterated>ronaldo je garac</comment-text-transliterated>
            </comment>
            <comment comment-id="16">
                <comment-parent-id/>
                <comment-text>prav si povedu lula.........messi je naravn talent...kristina pa žal ne zato mora več
                    trenirat...
                </comment-text>
                <comment-text-transliterated>prav si povedu lula.........messi je naravn talent...kristina pa žal ne
                    zato mora več trenirat...
                </comment-text-transliterated>
            </comment>
            <comment comment-id="16-1">
                <comment-parent-id>16</comment-parent-id>
                <comment-text>messi je talent le za barco</comment-text>
                <comment-text-transliterated>messi je talent le za barco</comment-text-transliterated>
            </comment>
            <comment comment-id="16-2">
                <comment-parent-id>16</comment-parent-id>
                <comment-text>Bravo James23!!! Dobro in pravilno si to povedal! In, če nekdo veliko trenira še ne
                    pomeni, da je zato najboljši... Nekdo se tudi ne rabi veliko učit pa je pametnejši od nekoga ki je
                    sicer priden vendar mora v to vložit veloko več truda.
                </comment-text>
                <comment-text-transliterated>Bravo James23!!! Dobro in pravilno si to povedal! In, če nekdo veliko
                    trenira še ne pomeni, da je zato najboljši... Nekdo se tudi ne rabi veliko učit pa je pametnejši od
                    nekoga ki je sicer priden vendar mora v to vložit veloko več truda.
                </comment-text-transliterated>
            </comment>
            <comment comment-id="16-3">
                <comment-parent-id>16</comment-parent-id>
                <comment-text>Kdor veliko dela ,dela tudi veliko napak . Zato pa Ronaldo zapravi preveliko strelov na
                    gol , da doseže zadetek .
                </comment-text>
                <comment-text-transliterated>Kdor veliko dela ,dela tudi veliko napak . Zato pa Ronaldo zapravi
                    preveliko strelov na gol , da doseže zadetek .
                </comment-text-transliterated>
            </comment>
            <comment comment-id="16-4">
                <comment-parent-id>16</comment-parent-id>
                <comment-text>ja ledr, če kdo blesti samo v enem klubu tid še ne pomeni da je zato najboljši ne
                </comment-text>
                <comment-text-transliterated>ja ledr, če kdo blesti samo v enem klubu tid še ne pomeni da je zato
                    najboljši ne
                </comment-text-transliterated>
            </comment>
            <comment comment-id="17">
                <comment-parent-id/>
                <comment-text>no ja, nic pretresljivega ni povedal.... realovci hvalijo Ronalda, barcelonosti messija.
                    jaz se nisem slisal, da bi kateri igralec teh dveh timov rekel kontra...
                </comment-text>
                <comment-text-transliterated>no ja, nic pretresljivega ni povedal.... realovci hvalijo Ronalda,
                    barcelonosti messija. jaz se nisem slisal, da bi kateri igralec teh dveh timov rekel kontra...
                </comment-text-transliterated>
            </comment>
            <comment comment-id="17-1">
                <comment-parent-id>17</comment-parent-id>
                <comment-text>ja itak, kaj da reče, da je messi car, ga spečejo na roštilju in ga počopajo ...
                </comment-text>
                <comment-text-transliterated>ja itak, kaj da reče, da je messi car, ga spečejo na roštilju in ga
                    počopajo ...
                </comment-text-transliterated>
            </comment>
            <comment comment-id="18">
                <comment-parent-id/>
                <comment-text>hahahha tole me je pa nasmejalo :) MESSI BOG</comment-text>
                <comment-text-transliterated>hahahha tole me je pa nasmejalo :) MESSI BOG</comment-text-transliterated>
            </comment>
            <comment comment-id="18-1">
                <comment-parent-id>18</comment-parent-id>
                <comment-text>v barci</comment-text>
                <comment-text-transliterated>v barci</comment-text-transliterated>
            </comment>
            <comment comment-id="18-2">
                <comment-parent-id>18</comment-parent-id>
                <comment-text>vsepovsod ;)</comment-text>
                <comment-text-transliterated>vsepovsod ;)</comment-text-transliterated>
            </comment>
            <comment comment-id="18-3">
                <comment-parent-id>18</comment-parent-id>
                <comment-text>Zato pa je še večji BOG ker igra SAMO v Barci če že hočete nekateri. Legende praviloma
                    vedno igrajo le za en klub oz. vsaj večino svoje karijere. (ala Bufon, Puyol, Maldini, Totti itd...)
                </comment-text>
                <comment-text-transliterated>Zato pa je še večji BOG ker igra SAMO v Barci če že hočete nekateri.
                    Legende praviloma vedno igrajo le za en klub oz. vsaj večino svoje karijere. (ala Bufon, Puyol,
                    Maldini, Totti itd...)
                </comment-text-transliterated>
            </comment>
            <comment comment-id="18-4">
                <comment-parent-id>18</comment-parent-id>
                <comment-text>@ledr: Pa kje si ti našel med legendami še Totija? Mislim, da je takih bistveno več in
                    boljših: manchesterjev Giggs ali Rooney...
                </comment-text>
                <comment-text-transliterated>@ledr: Pa kje si ti našel med legendami še Totija? Mislim, da je takih
                    bistveno več in boljših: manchesterjev Giggs ali Rooney...
                </comment-text-transliterated>
            </comment>
            <comment comment-id="18-5">
                <comment-parent-id>18</comment-parent-id>
                <comment-text>dvomim da vsepovsod, v drugem klubu se ni še dokazal, tudi v repki ni to kar je v barci
                    ;)
                </comment-text>
                <comment-text-transliterated>dvomim da vsepovsod, v drugem klubu se ni še dokazal, tudi v repki ni to
                    kar je v barci ;)
                </comment-text-transliterated>
            </comment>
            <comment comment-id="18-6">
                <comment-parent-id>18</comment-parent-id>
                <comment-text>Arabo, Totti je legenda Rome če ne veš! Imaš pa prav, da je legenda tudi Giggs verjetno bi
                    že lahko to rekli tudi za Rooneya.
                </comment-text>
                <comment-text-transliterated>Arabo, Totti je legenda Rome če ne veš! Imaš pa prav, da je legenda tudi
                    Giggs verjetno bi že lahko to rekli tudi za Rooneya.
                </comment-text-transliterated>
            </comment>
            <comment comment-id="19">
                <comment-parent-id/>
                <comment-text>Mene bolj zanima če je iz svojga kipa že spucal dol št. 10</comment-text>
                <comment-text-transliterated>Mene bolj zanima če je iz svojga kipa že spucal dol št. 10
                </comment-text-transliterated>
            </comment>
            <comment comment-id="19-1">
                <comment-parent-id>19</comment-parent-id>
                <comment-text>pa napis MESSI</comment-text>
                <comment-text-transliterated>pa napis MESSI</comment-text-transliterated>
            </comment>
            <comment comment-id="20">
                <comment-parent-id/>
                <comment-text>Mogoče pa drugi premal, glede na rezultate...prevec cajta pr frizerjih, tattomajatrih
                    porabjo! Pol pa Modrič dobi občutek da Ronči pretirava...
                </comment-text>
                <comment-text-transliterated>Mogoče pa drugi premal, glede na rezultate...prevec cajta pr frizerjih,
                    tattomajatrih porabjo! Pol pa Modrič dobi občutek da Ronči pretirava...
                </comment-text-transliterated>
            </comment>
            <comment comment-id="21">
                <comment-parent-id/>
                <comment-text>A danes sta se že dala dol?</comment-text>
                <comment-text-transliterated>A danes sta se že dala dol?</comment-text-transliterated>
            </comment>
            <comment comment-id="21-1">
                <comment-parent-id>21</comment-parent-id>
                <comment-text>je polajbal tolko žensk kot jh ti nisi niti videl ;)</comment-text>
                <comment-text-transliterated>je polajbal tolko žensk kot jh ti nisi niti videl ;)
                </comment-text-transliterated>
            </comment>
            <comment comment-id="21-2">
                <comment-parent-id>21</comment-parent-id>
                <comment-text>Tudi drugi njega.......</comment-text>
                <comment-text-transliterated>Tudi drugi njega.......</comment-text-transliterated>
            </comment>
            <comment comment-id="21-3">
                <comment-parent-id>21</comment-parent-id>
                <comment-text>.....imaš izkušnje?</comment-text>
                <comment-text-transliterated>.....imaš izkušnje?</comment-text-transliterated>
            </comment>
            <comment comment-id="22">
                <comment-parent-id/>
                <comment-text>Potrebno je pa podžigat navijače,da še upajo na naslove in navijajo.Drugače v resnici je
                    pa prvenstvo in pokal že izgubljeno.Če ne prej se bo to videlo po el-clasicu.
                </comment-text>
                <comment-text-transliterated>Potrebno je pa podžigat navijače,da še upajo na naslove in navijajo.Drugače
                    v resnici je pa prvenstvo in pokal že izgubljeno.Če ne prej se bo to videlo po el-clasicu.
                </comment-text-transliterated>
            </comment>
            <comment comment-id="23">
                <comment-parent-id/>
                <comment-text>Luka spoštujem kot nogometaša in osebnost.Preprost fant.Ne razumem zakaj ga je Real vzel
                    ,kljub temu da je izjavil,da je njegova življenska želja zaigrati za Barcelono.To je bilo še preden
                    je prišel v Real.Prav tako ni nek lepotec,tako da ima srečo da je prišel v Real.
                </comment-text>
                <comment-text-transliterated>Luka spoštujem kot nogometaša in osebnost.Preprost fant.Ne razumem zakaj ga
                    je Real vzel ,kljub temu da je izjavil,da je njegova življenska želja zaigrati za Barcelono.To je
                    bilo še preden je prišel v Real.Prav tako ni nek lepotec,tako da ima srečo da je prišel v Real.
                </comment-text-transliterated>
            </comment>
            <comment comment-id="23-1">
                <comment-parent-id>23</comment-parent-id>
                <comment-text>njegova zelja se verjetno nebo nikoli izpolnila...zal</comment-text>
                <comment-text-transliterated>njegova zelja se verjetno nebo nikoli izpolnila...zal
                </comment-text-transliterated>
            </comment>
            <comment comment-id="23-2">
                <comment-parent-id>23</comment-parent-id>
                <comment-text>Takrat ga Barca ni potrebovala, ker sta bila še Xavi in Iniesta zakon! Zdaj bi bilo pa več
                    kot zaželjeno, če bi bil tu, ampak žal, to late...!
                </comment-text>
                <comment-text-transliterated>Takrat ga Barca ni potrebovala, ker sta bila še Xavi in Iniesta zakon! Zdaj
                    bi bilo pa več kot zaželjeno, če bi bil tu, ampak žal, to late...!
                </comment-text-transliterated>
            </comment>
            <comment comment-id="23-3">
                <comment-parent-id>23</comment-parent-id>
                <comment-text>aja mickica,namesto koga pa???Razen če zamenja dominatorja terminatorja Rakitiča,ostalo
                    imamo polno in ga ne rabimo.
                </comment-text>
                <comment-text-transliterated>aja mickica,namesto koga pa???Razen če zamenja dominatorja terminatorja
                    Rakitiča,ostalo imamo polno in ga ne rabimo.
                </comment-text-transliterated>
            </comment>
            <comment comment-id="24">
                <comment-parent-id/>
                <comment-text>Seveda trenira, ker ni talent .....</comment-text>
                <comment-text-transliterated>Seveda trenira, ker ni talent .....</comment-text-transliterated>
            </comment>
            <comment comment-id="24-1">
                <comment-parent-id>24</comment-parent-id>
                <comment-text>Pol bi vsi dosegali take rezultate...</comment-text>
                <comment-text-transliterated>Pol bi vsi dosegali take rezultate...</comment-text-transliterated>
            </comment>
            <comment comment-id="24-2">
                <comment-parent-id>24</comment-parent-id>
                <comment-text>Tut messi brez treninga ne bi bil na takem nivoju,talent ni vse je pa veliko lazje ce imas
                    talent :-)
                </comment-text>
                <comment-text-transliterated>Tut messi brez treninga ne bi bil na takem nivoju,talent ni vse je pa
                    veliko lazje ce imas talent :-)
                </comment-text-transliterated>
            </comment>
            <comment comment-id="24-3">
                <comment-parent-id>24</comment-parent-id>
                <comment-text>zato pa zabija v tistem klubu kjer špila ker ni talent ane bizgecc</comment-text>
                <comment-text-transliterated>zato pa zabija v tistem klubu kjer špila ker ni talent ane bizgecc
                </comment-text-transliterated>
            </comment>
            <comment comment-id="24-4">
                <comment-parent-id>24</comment-parent-id>
                <comment-text>ja s penala mu še uspeva</comment-text>
                <comment-text-transliterated>ja s penala mu še uspeva</comment-text-transliterated>
            </comment>
            <comment comment-id="24-5">
                <comment-parent-id>24</comment-parent-id>
                <comment-text>messiju niti s penala ne</comment-text>
                <comment-text-transliterated>messiju niti s penala ne</comment-text-transliterated>
            </comment>
            <comment comment-id="25">
                <comment-parent-id/>
                <comment-text>Ne vem kako lahko tako zavzeto trenira, ko se pa ve, da imajo krizne sestanke v Madridu
                    zaradi njegovih pogostih odsotnostih s treningov zaradi privatnih letov (večkrat tedensko) k svojemu
                    prijateljčku kikboksarju v Maroko.
                </comment-text>
                <comment-text-transliterated>Ne vem kako lahko tako zavzeto trenira, ko se pa ve, da imajo krizne
                    sestanke v Madridu zaradi njegovih pogostih odsotnostih s treningov zaradi privatnih letov (večkrat
                    tedensko) k svojemu prijateljčku kikboksarju v Maroko.
                </comment-text-transliterated>
            </comment>
            <comment comment-id="25-1">
                <comment-parent-id>25</comment-parent-id>
                <comment-text>Si na vsakem sestanku??</comment-text>
                <comment-text-transliterated>Si na vsakem sestanku??</comment-text-transliterated>
            </comment>
            <comment comment-id="25-2">
                <comment-parent-id>25</comment-parent-id>
                <comment-text>govoril se je da je PO treningih letu v monaco al kamor koli že</comment-text>
                <comment-text-transliterated>govoril se je da je PO treningih letu v monaco al kamor koli že
                </comment-text-transliterated>
            </comment>
            <comment comment-id="26">
                <comment-parent-id/>
                <comment-text>Vsak berač svojo malho hvali.</comment-text>
                <comment-text-transliterated>Vsak berač svojo malho hvali.</comment-text-transliterated>
            </comment>
            <comment comment-id="26-1">
                <comment-parent-id>26</comment-parent-id>
                <comment-text>valda, tk kot ronaldinho messija ;)</comment-text>
                <comment-text-transliterated>valda, tk kot ronaldinho messija ;)</comment-text-transliterated>
            </comment>
        </comment-list>
    </comments>
</document>