<document global-id="si-06-113">
    <url>https://www.24ur.com/ekskluziv/film_tv/prigode-gorenjskih-gaunarjev-tudi-kot-celovecerni-film.html</url>
    <source-id>si-06</source-id>
    <local-id>113</local-id>
    <source-name>ur24</source-name>
    <article>
        <article-title>'Prigode gorenjskih gaunarjev' tudi kot celovečerni film</article-title>
        <article-title-transliterated>'Prigode gorenjskih gaunarjev' tudi kot celovečerni film
        </article-title-transliterated>
        <article-time>2016-01-23</article-time>
        <article-author>B.R.</article-author>
        <article-text>"Za devetimi gorami in tremi cipresami leži majhna vasica, lepa kot pra*** in v njej hotel, kjer
            ostri so jeziki in prepovedani dotiki," se je glasil opis YouTube nanizanke Pr' Hostar, ki je požel velik
            uspeh. Zdaj pa končno prihaja tudi film in oboževalci so navdušeni.
            Dejan Krupič, Aljoša Armuš, Haris Raković, Erik Margan, Mario Ćulibrk, Mateja Terseglav, Goran Hrvaćanin in
            Igor Kešina je ekipa, ki je 2012 začela s snemanjem štirih kratkih epizod o – kakor so sami zapisali –
            prigodah gorenjskih gaunarjev. Kratka serija Pr' Hostar je bila izredno dobro sprejeta in postali so pravi
            slovenski fenomen. Kot so nam rekli ustvarjalci, so "hoteli prikazati pristno realno stanje ter ne kopirati
            tujih zgodb in scenografij".
            To pa ni bila njihova edina serija, že pred tem so na svojem YouTube kanalu objavljali kratke filme, kjer so
            predstavili zanimive, smešne skeče, kot so Car, Krastać in Carice, mesec dni nazaj so objavili nov, zelo
            hudomušen skeč Car oživlja.Serijo V dvoje si lahko ogledate tudi na VOYO.

            Zdaj pa so ustvarjalci javili, da se pripravlja film, ki bo zasnovan na epizodah Pr' Hostar: "Za snemanje
            filma smo se odločili po tem, ko smo videli, da ima odličen odziv med ljudmi. Film bo režiral Luka Marčetič
            (avtor serij Dan ljubezni in V dvoje), on je kralj. Scenarij smo pisali Goran Hrvaćanin, Dejan Krupić in
            Mario Ćulibrk, avtorja serije in filma pa sva Goran in Dejan," so nam še povedali.  
            Evo pizda, smo se spravl devat, naredl bomo film! Tuko, zdj veste zakuga nas ni bvo neki časa.
            Živeli!Objavil/a Pr' Hostar dne 20. januar 2016
            In o čem ali kom bo govorila zgodba? "To je zgodba malih ljudi velikih src, ki se odvija v hotelu Pr'Hostar
            in direktorju hotela, ki izkorišča njihovo dobrosrčnost in naivnost. Več pa boste izvedeli v
            kinematografih." V filmu bomo tako znova videli vsem že znane like iz serije, prihajajo pa tudi novi obrazi
            in nekaj posebnih gostov. S snemanjem bodo začeli konec februarja oziroma na začetku marca, če bo šlo vse
            brez težav, pa bo film v kinematografih že na jesen.
        </article-text>
        <article-text-transliterated>"Za devetimi gorami in tremi cipresami leži majhna vasica, lepa kot pra*** in v
            njej hotel, kjer ostri so jeziki in prepovedani dotiki," se je glasil opis YouTube nanizanke Pr' Hostar, ki
            je požel velik uspeh. Zdaj pa končno prihaja tudi film in oboževalci so navdušeni.
            Dejan Krupič, Aljoša Armuš, Haris Raković, Erik Margan, Mario Ćulibrk, Mateja Terseglav, Goran Hrvaćanin in
            Igor Kešina je ekipa, ki je 2012 začela s snemanjem štirih kratkih epizod o – kakor so sami zapisali –
            prigodah gorenjskih gaunarjev. Kratka serija Pr' Hostar je bila izredno dobro sprejeta in postali so pravi
            slovenski fenomen. Kot so nam rekli ustvarjalci, so "hoteli prikazati pristno realno stanje ter ne kopirati
            tujih zgodb in scenografij".
            To pa ni bila njihova edina serija, že pred tem so na svojem YouTube kanalu objavljali kratke filme, kjer so
            predstavili zanimive, smešne skeče, kot so Car, Krastać in Carice, mesec dni nazaj so objavili nov, zelo
            hudomušen skeč Car oživlja.Serijo V dvoje si lahko ogledate tudi na VOYO.

            Zdaj pa so ustvarjalci javili, da se pripravlja film, ki bo zasnovan na epizodah Pr' Hostar: "Za snemanje
            filma smo se odločili po tem, ko smo videli, da ima odličen odziv med ljudmi. Film bo režiral Luka Marčetič
            (avtor serij Dan ljubezni in V dvoje), on je kralj. Scenarij smo pisali Goran Hrvaćanin, Dejan Krupić in
            Mario Ćulibrk, avtorja serije in filma pa sva Goran in Dejan," so nam še povedali.  
            Evo pizda, smo se spravl devat, naredl bomo film! Tuko, zdj veste zakuga nas ni bvo neki časa.
            Živeli!Objavil/a Pr' Hostar dne 20. januar 2016
            In o čem ali kom bo govorila zgodba? "To je zgodba malih ljudi velikih src, ki se odvija v hotelu Pr'Hostar
            in direktorju hotela, ki izkorišča njihovo dobrosrčnost in naivnost. Več pa boste izvedeli v
            kinematografih." V filmu bomo tako znova videli vsem že znane like iz serije, prihajajo pa tudi novi obrazi
            in nekaj posebnih gostov. S snemanjem bodo začeli konec februarja oziroma na začetku marca, če bo šlo vse
            brez težav, pa bo film v kinematografih že na jesen.
        </article-text-transliterated>
    </article>
    <comments>
        <comments-count>23</comments-count>
        <comment-list>
            <comment comment-id="1">
                <comment-parent-id/>
                <comment-text>Vrhunski humor ja...spet balkanizem tak da ne razumem kaj bi naj blo tu izvirnega??
                    Kadarkoli se grejo pri nas komedijo, nujno balkanski naglas ker drgač očitno ne gre...
                </comment-text>
                <comment-text-transliterated>Vrhunski humor ja...spet balkanizem tak da ne razumem kaj bi naj blo tu
                    izvirnega?? Kadarkoli se grejo pri nas komedijo, nujno balkanski naglas ker drgač očitno ne gre...
                </comment-text-transliterated>
            </comment>
            <comment comment-id="2">
                <comment-parent-id/>
                <comment-text>obozujem dober humor, tole pa zal to ni:( Je eno samo poceni primitivno gostilnisko
                    zabavljanje, vsaka druga beseda je kletvica, tako da NE, HVALA!
                </comment-text>
                <comment-text-transliterated>obozujem dober humor, tole pa zal to ni:( Je eno samo poceni primitivno
                    gostilnisko zabavljanje, vsaka druga beseda je kletvica, tako da NE, HVALA!
                </comment-text-transliterated>
            </comment>
            <comment comment-id="3">
                <comment-parent-id/>
                <comment-text>mi bomo gledali gaunarje vi pa glejte usdono vidno</comment-text>
                <comment-text-transliterated>mi bomo gledali gaunarje vi pa glejte usdono vidno
                </comment-text-transliterated>
            </comment>
            <comment comment-id="4">
                <comment-parent-id/>
                <comment-text>Bravo, komej čakam</comment-text>
                <comment-text-transliterated>Bravo, komej čakam</comment-text-transliterated>
            </comment>
            <comment comment-id="5">
                <comment-parent-id/>
                <comment-text>Emtiš tist k pravte da je to use skp en sh*t zakuga poj vi ne nrdete kj bolšga pametni k
                    bi mel svamo u glav An. Drgač pa Goran pa vsi ostali sam kapo dol ejga tega.
                </comment-text>
                <comment-text-transliterated>Emtiš tist k pravte da je to use skp en sh*t zakuga poj vi ne nrdete kj
                    bolšga pametni k bi mel svamo u glav An. Drgač pa Goran pa vsi ostali sam kapo dol ejga tega.
                </comment-text-transliterated>
            </comment>
            <comment comment-id="6">
                <comment-parent-id/>
                <comment-text>Bilo je samo vprašanje časa. Kaj!</comment-text>
                <comment-text-transliterated>Bilo je samo vprašanje časa. Kaj!</comment-text-transliterated>
            </comment>
            <comment comment-id="7">
                <comment-parent-id/>
                <comment-text>Kar je za 24. ur hudomusno, je za strokovnjake grozno. Zaradi filmcka Car ozivlja, je svet
                    za reanimacijo zamenjal svojega predsednika, ki je ta film narocil za promocijo. Kar pa se tice
                    zgodb Hostarejv, pa je res skupek samih kletvic, ki se nonstop skup drzijo. To spada na naslovno
                    stran 24 ur. Bravo strokovnjaki, bravo.
                </comment-text>
                <comment-text-transliterated>Kar je za 24. ur hudomusno, je za strokovnjake grozno. Zaradi filmcka Car
                    ozivlja, je svet za reanimacijo zamenjal svojega predsednika, ki je ta film narocil za promocijo.
                    Kar pa se tice zgodb Hostarejv, pa je res skupek samih kletvic, ki se nonstop skup drzijo. To spada
                    na naslovno stran 24 ur. Bravo strokovnjaki, bravo.
                </comment-text-transliterated>
            </comment>
            <comment comment-id="7-1">
                <comment-parent-id>7</comment-parent-id>
                <comment-text>Ne, na naslovno stran spada kaj je Kim Kardashian mela za fruštek, pa napol naga Severina.
                    Pejt spat "strokovnjak" :)
                </comment-text>
                <comment-text-transliterated>Ne, na naslovno stran spada kaj je Kim Kardashian mela za fruštek, pa napol
                    naga Severina. Pejt spat "strokovnjak" :)
                </comment-text-transliterated>
            </comment>
            <comment comment-id="7-2">
                <comment-parent-id>7</comment-parent-id>
                <comment-text>Vsi, ki jih poznam in so ta filmček videli vključno z mojo babico se jim je zdel dober,
                    drugačen, udaren skratka top...tale svet za reanimacijo je pase žal...sploh pa so oni slučajno
                    marketing ekipa? Ne verjamem namreč, da je tole temu predsedniku samemu od sebe padlo na pamet.
                    Kakorkoli dobra poteza.
                </comment-text>
                <comment-text-transliterated>Vsi, ki jih poznam in so ta filmček videli vključno z mojo babico se jim je
                    zdel dober, drugačen, udaren skratka top...tale svet za reanimacijo je pase žal...sploh pa so oni
                    slučajno marketing ekipa? Ne verjamem namreč, da je tole temu predsedniku samemu od sebe padlo na
                    pamet. Kakorkoli dobra poteza.
                </comment-text-transliterated>
            </comment>
            <comment comment-id="7-3">
                <comment-parent-id>7</comment-parent-id>
                <comment-text>Je pa to klasična slovenska zgodba, nekdo pride s pravo idejo, zadeva pali, ogledov veliko
                    in nato en svet starih modrecev prdvsem pa mojstrov teorije reče...ne ne tole pa že ni vredu, ker
                    ??? Ja logično en kup teoretikov združenih v en svet pač ve bolje...in to je to...iz enakega razloga
                    se v Sloveniji težko premikamo na bolje, ker eni pač radi stojijo na mestu.
                </comment-text>
                <comment-text-transliterated>Je pa to klasična slovenska zgodba, nekdo pride s pravo idejo, zadeva pali,
                    ogledov veliko in nato en svet starih modrecev prdvsem pa mojstrov teorije reče...ne ne tole pa že
                    ni vredu, ker ??? Ja logično en kup teoretikov združenih v en svet pač ve bolje...in to je to...iz
                    enakega razloga se v Sloveniji težko premikamo na bolje, ker eni pač radi stojijo na mestu.
                </comment-text-transliterated>
            </comment>
            <comment comment-id="8">
                <comment-parent-id/>
                <comment-text>he, he, sm skor umrla od smeha ko sem gledala njihov skeč car oživlja....dobri so!
                </comment-text>
                <comment-text-transliterated>he, he, sm skor umrla od smeha ko sem gledala njihov skeč car
                    oživlja....dobri so!
                </comment-text-transliterated>
            </comment>
            <comment comment-id="9">
                <comment-parent-id/>
                <comment-text>Same kletvice ejga primitivci</comment-text>
                <comment-text-transliterated>Same kletvice ejga primitivci</comment-text-transliterated>
            </comment>
            <comment comment-id="9-1">
                <comment-parent-id>9</comment-parent-id>
                <comment-text>*jesenićani</comment-text>
                <comment-text-transliterated>*jesenićani</comment-text-transliterated>
            </comment>
            <comment comment-id="10">
                <comment-parent-id/>
                <comment-text>top! ne pa usodno vino :)</comment-text>
                <comment-text-transliterated>top! ne pa usodno vino :)</comment-text-transliterated>
            </comment>
            <comment comment-id="11">
                <comment-parent-id/>
                <comment-text>hudooo!komi čakam;)</comment-text>
                <comment-text-transliterated>hudooo!komi čakam;)</comment-text-transliterated>
            </comment>
            <comment comment-id="12">
                <comment-parent-id/>
                <comment-text>Zakvaaaaj !</comment-text>
                <comment-text-transliterated>Zakvaaaaj !</comment-text-transliterated>
            </comment>
            <comment comment-id="13">
                <comment-parent-id/>
                <comment-text>Super, imajo ideje in so smešni. Mene osebno v prvih dveh delih Pr Hostar moti le
                    neprestano preklinjanje in nonstop ejga oz. ajga.
                </comment-text>
                <comment-text-transliterated>Super, imajo ideje in so smešni. Mene osebno v prvih dveh delih Pr Hostar
                    moti le neprestano preklinjanje in nonstop ejga oz. ajga.
                </comment-text-transliterated>
            </comment>
            <comment comment-id="14">
                <comment-parent-id/>
                <comment-text>Škoda elektrike.</comment-text>
                <comment-text-transliterated>Škoda elektrike.</comment-text-transliterated>
            </comment>
            <comment comment-id="15">
                <comment-parent-id/>
                <comment-text>Kakšen genij je ta hrvačanin. En najbolj talentiranih in hkrati premalo cenjen igralec pri
                    nas...
                </comment-text>
                <comment-text-transliterated>Kakšen genij je ta hrvačanin. En najbolj talentiranih in hkrati premalo
                    cenjen igralec pri nas...
                </comment-text-transliterated>
            </comment>
            <comment comment-id="16">
                <comment-parent-id/>
                <comment-text>Odlično! Res ti polepšajo in nasmejijo dan v njihovih kratkih filmčkih! :D</comment-text>
                <comment-text-transliterated>Odlično! Res ti polepšajo in nasmejijo dan v njihovih kratkih filmčkih!
                    :D
                </comment-text-transliterated>
            </comment>
            <comment comment-id="17">
                <comment-parent-id/>
                <comment-text>Že zdaj vem, da bom morala sina pelat v kino :))))</comment-text>
                <comment-text-transliterated>Že zdaj vem, da bom morala sina pelat v kino :))))
                </comment-text-transliterated>
            </comment>
            <comment comment-id="17-1">
                <comment-parent-id>17</comment-parent-id>
                <comment-text>Kr pel ga na izobrazevanje kletvic, pameten</comment-text>
                <comment-text-transliterated>Kr pel ga na izobrazevanje kletvic, pameten</comment-text-transliterated>
            </comment>
            <comment comment-id="18">
                <comment-parent-id/>
                <comment-text>Toooooooooo!!!</comment-text>
                <comment-text-transliterated>Toooooooooo!!!</comment-text-transliterated>
            </comment>
        </comment-list>
    </comments>
</document>