<document global-id="si-06-1237">
    <url>https://www.24ur.com/ekskluziv/svet-telenovel/mehiski-zvezdnici-uspel-veliki-met.html</url>
    <source-id>si-06</source-id>
    <local-id>1237</local-id>
    <source-name>ur24</source-name>
    <article>
        <article-title>Mehiški zvezdnici uspel veliki met</article-title>
        <article-title-transliterated>Mehiški zvezdnici uspel veliki met</article-title-transliterated>
        <article-time>2017-12-18</article-time>
        <article-author>A.R.</article-author>
        <article-text>Zvezdnica telenovele Rebelde Maite Perroni se lahko pohvali z novim mejnikom v svoji karieri.
            34-letno mehiško pevko in igralko so povabili, da v španskem jeziku odpoje naslovno pesem težko pričakovane
            glasbene drame Največji šovmen, v katerem v glavnih vlogah blestijo Zac Efron, Hugh Jackman in Zendaya.
            Prisluhnite ji.
        </article-text>
        <article-text-transliterated>Zvezdnica telenovele Rebelde Maite Perroni se lahko pohvali z novim mejnikom v
            svoji karieri. 34-letno mehiško pevko in igralko so povabili, da v španskem jeziku odpoje naslovno pesem
            težko pričakovane glasbene drame Največji šovmen, v katerem v glavnih vlogah blestijo Zac Efron, Hugh
            Jackman in Zendaya. Prisluhnite ji.
        </article-text-transliterated>
    </article>
    <comments>
        <comments-count>1</comments-count>
        <comment-list>
            <comment comment-id="1">
                <comment-parent-id/>
                <comment-text>Prav zanalašč sem kliknil na članek, ker me je zanimalo kako daleč je vrgla... Zdaj sem pa
                    razočaran.
                </comment-text>
                <comment-text-transliterated>Prav zanalašč sem kliknil na članek, ker me je zanimalo kako daleč je
                    vrgla... Zdaj sem pa razočaran.
                </comment-text-transliterated>
            </comment>
        </comment-list>
    </comments>
</document>