<document global-id="si-06-12">
    <url>https://www.24ur.com/novice/slovenija/zima-prihaja.html</url>
    <source-id>si-06</source-id>
    <local-id>12</local-id>
    <source-name>ur24</source-name>
    <article>
        <article-title>'Da ranljivi ljudje ne bodo prisiljeni mrzlih dni in noči preživljati na prostem'</article-title>
        <article-title-transliterated>'Da ranljivi ljudje ne bodo prisiljeni mrzlih dni in noči preživljati na
            prostem'
        </article-title-transliterated>
        <article-time>2015-10-31</article-time>
        <article-author>Mira Matković</article-author>
        <article-text>Če evropske in druge svetovne institucije ter organizacije ne bodo primerno pomagale beguncem, jih
            bodo tudi tokrat v svoje roke dobili zaslužkarji. Kaj se takrat zgodi, pa vidimo vsak dan na grški obali,
            prav tako ne smemo pozabiti na tovornjak smrti, ki je terjal 71 smrtnih žrtev.
            "Tudi mi opažamo, da prihajajoči niso pripravljeni na zimo in pristojne opozarjamo, da so na prvem mestu
            življenja. Nedopustno je, da ponoči ostajajo na odprtem in da so med njimi tudi otroci. Pričakujemo, da bo
            pomoč, ki prihaja, vsem čim prej zagotovila dovolj šotorov, odej in dežnih plaščev." To so besede
            predstavnice Rdečega križa Slovenije Mirjane Jarc. A njen glas in glas organizacije, ki jo predstavlja, ni
            osamljen.
            Že dalj časa Unicef in UNHCR opozarjata, da se države morajo pripraviti na oskrbo beguncev v zimskih
            razmerah.
            V Sloveniji smo priča ljudem, ki izza ograj sedijo in spijo na golih tleh in pod milim nebom. Tudi otroci,
            celo tisti najmlajši.
            Zato je tudi Amnesty International Slovenije pozval ljudi, naj podpišejo apel, ki je namenjen premierju Miru
            Cerarju. In na kaj ga pozivajo?
            Čeprav nihče ne zanika, da se vsi vpleteni – policisti, vojaki zdravniki, prostovoljci ... – trudijo po
            svojih močeh, pa je jasno, da ni vse tako, kot bi moralo biti.
            "Vendar me skrbi, da je bilo več dni tisoče ljudi, med njimi tudi otroci in matere z dojenčki, prepuščenih,
            da noči preživljajo na prostem, ob tem ko so se temperature že približevale ničli. Za to, da so bili ljudje
            v teh nizkih temperaturah prisiljeni noči preživeti zunaj, tudi na poljih, in celo spati na golih tleh, ni
            opravičila. Slovenija mora zagotoviti, da so ljudje ob vstopu takoj prepeljani v ustrezne prostore, ki so
            ogrevani, kjer je dovolj ustreznih sanitarij, kjer si lahko dostojno odpočijejo ter dobijo potrebno hrano,
            vodo in higienske potrebščine. Kjer je potrebno, je treba povečati kapacitete za sprejem in bivanje. Vlado
            pozivam, naj nemudoma poskrbi za human sprejem vseh beguncev, zlasti naj takoj učinkovito ukrepa zato, da
            ranljivi ljudje ne bodo prisiljeni mrzlih dni in noči preživljati na prostem," je zapisano v apelu. (Če ga
            želite podpisati, to lahko storite TUKAJ.)
            Skupina 14 nevladnih in humanitarnih organizacij je Cerarja v pismu opozorila, da razmere na nekaterih
            trenutnih in preteklih lokacijah ne ustrezajo minimalnim standardom. "Prenočevanje na prostem, nedostopnost
            ustreznih sanitarij, večurno zadrževanje brez hrane in vode, nevzdržni higienski standardi in nevarnost, ki
            jo za begunce pomeni neprestano kurjenje ognja zaradi gretja, so razmere, ki so nedopustne in
            nesprejemljive. Še zlasti so razmere problematične, ker je beguncem omejeno gibanje in teh prostorov ne
            morejo zapustiti," opozarjajo in poudarjajo, da lahko omenjene razmere celo pomenijo kršitev prepovedi
            nečloveškega in ponižujočega ravnanja po 3. členu Konvencije o varstvu človekovih pravic in temeljnih
            svoboščin.
            Italija je bila že obsojena, evropsko sodišče za človekove pravice pa je v sodbi opozorilo, da množični
            prihodi in otežene razmere držav ne izključujejo iz odgovornosti po mednarodnem pravu, prav tako pa te
            odgovornosti ne izključuje dejstvo, da ljudje v takih razmerah v Sloveniji bivajo le nekaj dni. Organizacije
            so celo opozorile, da bi lahko na evropsko sodišče za človekove pravice same vložile urgentno tožbo.
            Slika našega neuspeha
            Dolgo smo vsi vedeli, kaj se bo zgodilo. Kako torej nihče od odgovornih – tako doma kot v institucijah
            Evropske unije – ni storil nič, da se ustrezno pripravimo na to krizo in preprečimo marsikatero trpljenje in
            tragedijo? "Ob preteči zimi je pogled na tisoče beguncev, ki spijo na prostem na svoji poti čez Evropo,
            jasna obtožba neuspeha Evropske unije, da bi zagotovila vnaprej razmišljujoč in usklajen odziv na begunsko
            krizo," je dejal direktor Amnesty International za Evropo in centralno Azijo John Dalhuisen.
            Pri tem številni opozarjajo, da EU in tudi posamezne države članice Unije ustvarjajo plodna tla za
            izkoriščanje ljudi v stiski in profiterstvo.
            Tako je Melissa Fleming iz UNHCR opozorila, da smo priča številnim zlorabam in spolnim zlorabam odraslih in
            mladoletnih begunk. Še posebej so na udaru mladoletnice brez spremstva odraslih. Tisto, kar pretresa, so
            kredibilna pričevanja in dokazi, ki jih je organizacija pridobila, da so otroci primorani in prisiljeni v
            zlorabe, če želijo nadaljevati svojo pot. Spolno jih zlorabijo nekateri tihotapci in kriminalci. Številni
            otroci so tudi žrtve roparjev in prevarantov.
            Pozivi k varnim koridorjem, prevozom in namestitvi zato ne prenehajo. Če evropske in druge svetovne
            institucije ter organizacije ne bodo primerno pomagale beguncem, jih bodo tudi tokrat v svoje roke dobili
            zaslužkarji. Kaj se takrat zgodi, pa vidimo vsak dan na grški obali, prav tako ne smemo pozabiti na
            tovornjak, v katerem so umrli številni ljudje.
            Ali so na terenu zasledili zaslužkarje? Makedonske humanitarne organizacije ostro kritizirajo oblasti, ki
            beguncem zaračunavajo prevoze z vlakom po 2,5-krat višji ceni, kot pa jo plačujejo domačini. Vagone
            prenatrpajo z ljudmi, vrata pa naj bi zaklepali. Vse to lahko privede do tragedije, opozarjajo in dodajajo,
            da vse skupaj spominja na vožnjo Judov v Auschwitz. Opozarjajo, da je nesprejemljivo, da želi državno
            podjetje zaslužiti na trpljenju ljudi.
            Da se lahko oziroma da so se že tudi v Sloveniji pojavili primeri profiterstva na tuji nesreči, je bilo moč
            prebrati na nekaterih tujih spletnih straneh. Pojavile so se informacije, da begunci in migranti morajo
            plačevati za zdravila, ki naj bi jih kupovali od neznancev. Prav tako naj bi jim za osnovne življenjske
            potrebščine zaračunavali nekajkrat višjo ceno od običajne. V uradu vlade za komuniciranje so glede zdravil
            za 24ur.com dejali, da ministrstvo za zdravje zagotavlja zdravila in potrebne medicinske pripomočke za tiste
            zdravstvene domove, ki v sprejemne in nastanitvene centre napotijo svoje ekipe. So pa poudarili, da
            policisti do sedaj podobnih primerov oziroma kaznivih dejanj v tej zvezi niso obravnavali. 
            Mirjana Jarc iz Rdečega križa nam je povedala, da tudi oni na terenu niso zasledili takšnih primerov, je pa
            poudarila, da morda ne bo odveč na teren poslati tudi tržno in davčno inšpekcijo. Če se to res dogaja, potem
            upajo in želijo, da se pristojne službe tega problema profiterstva čim prej in kar najbolj učinkovito
            lotijo.
            Zakaj se številni prostovoljci ne počutijo dobrodošle?
            Pojavlja se še ena težava: na družbenih omrežjih je namreč zaslediti številne zapise ljudi, ki so želeli
            pomagati, a so njihovo pomoč nekateri predstavniki organizacij zavrnili. Prav tako se številni sprašujejo,
            zakaj nekatere humanitarne organizacije ne sprejemajo pomoči, in sicer z argumentom, da so njihova skladišča
            že polna. Zakaj pomoči ne razdelijo? Slišati je tudi vprašanja, da zakaj zadržujejo pomoč, če pa je potrebna
            na terenu, ljudem pa odsvetujejo, da sami nosijo pomoč k beguncem.
            Prav na "odrivanje" samoorganiziranih skupin opozarja tudi omenjena skupina 14 nevladnih in humanitarnih
            organizacij, ki je pisala Cerarju. "Nenazadnje od Vas tudi zahtevamo, da od svojih ministrov in vodij
            ključnih služb, kot je Civilna zaščita, zahtevate oseben angažma za pospešitev urejanja operativnih zadev,
            namenjenih aktiviranju dodatnih kapacitet in vključevanju (in ne odrivanju) samo-organiziranih skupin v
            podporo izvajanja humanitarne pomoči. Birokratska ozkoglednost, neefektivnost in nefleksibilnost v takšnih
            razmerah, ko je potrebno angažirati vse moči, ni sprejemljiva," pravijo.
            Humanitarne organizacije, ki delujejo na terenu, ves čas opozarjajo, da mora pomoč ljudem potekati
            organizirano in da lahko samoorganizirani prostovoljci naredijo več škode kot pa koristi.
            Ko je eden od uporabnikov Facebooka na strani Slovenske filantropije povprašal, kaj se dogaja na terenu ter
            ali je prostovoljcev res dovolj ali ne, so mu v organizaciji odgovorili, da se je res prijavilo veliko
            prostovoljcev. "Hvala vsem za veliko pripravljenost. Prepričani smo, da boste še vsi prišli na vrsto," so
            dodali.
            Vse namreč kaže, da se bo agonija ljudi še nekaj časa nadaljevala. Potrebni bodo novi, fizično in tudi
            psihično spočiti prostovoljci, ki bodo lahko primerno poskrbeli za ljudi. In ne le to: treba bo pomagati
            tudi tistim, ki bodo pri nas ostali. Ki si bodo tukaj ustvarili svoj novi dom. Pomoč pri vključevanju v
            družbo, pri učenju jezika, razreševanju travm ... Morali pa si bomo pomagati tudi sami: večino so zgodbe
            ljudi in prizori, ki smo jim priča te mesece, močno prizadeli, močno pa boli tudi spoznanje, koliko
            sovraštva premorejo nekateri naši sodržavljani do ljudi, ki se v tej situaciji niso znašli po svoji krivdi.
        </article-text>
        <article-text-transliterated>Če evropske in druge svetovne institucije ter organizacije ne bodo primerno
            pomagale beguncem, jih bodo tudi tokrat v svoje roke dobili zaslužkarji. Kaj se takrat zgodi, pa vidimo vsak
            dan na grški obali, prav tako ne smemo pozabiti na tovornjak smrti, ki je terjal 71 smrtnih žrtev.
            "Tudi mi opažamo, da prihajajoči niso pripravljeni na zimo in pristojne opozarjamo, da so na prvem mestu
            življenja. Nedopustno je, da ponoči ostajajo na odprtem in da so med njimi tudi otroci. Pričakujemo, da bo
            pomoč, ki prihaja, vsem čim prej zagotovila dovolj šotorov, odej in dežnih plaščev." To so besede
            predstavnice Rdečega križa Slovenije Mirjane Jarc. A njen glas in glas organizacije, ki jo predstavlja, ni
            osamljen.
            Že dalj časa Unicef in UNHCR opozarjata, da se države morajo pripraviti na oskrbo beguncev v zimskih
            razmerah.
            V Sloveniji smo priča ljudem, ki izza ograj sedijo in spijo na golih tleh in pod milim nebom. Tudi otroci,
            celo tisti najmlajši.
            Zato je tudi Amnesty International Slovenije pozval ljudi, naj podpišejo apel, ki je namenjen premierju Miru
            Cerarju. In na kaj ga pozivajo?
            Čeprav nihče ne zanika, da se vsi vpleteni – policisti, vojaki zdravniki, prostovoljci ... – trudijo po
            svojih močeh, pa je jasno, da ni vse tako, kot bi moralo biti.
            "Vendar me skrbi, da je bilo več dni tisoče ljudi, med njimi tudi otroci in matere z dojenčki, prepuščenih,
            da noči preživljajo na prostem, ob tem ko so se temperature že približevale ničli. Za to, da so bili ljudje
            v teh nizkih temperaturah prisiljeni noči preživeti zunaj, tudi na poljih, in celo spati na golih tleh, ni
            opravičila. Slovenija mora zagotoviti, da so ljudje ob vstopu takoj prepeljani v ustrezne prostore, ki so
            ogrevani, kjer je dovolj ustreznih sanitarij, kjer si lahko dostojno odpočijejo ter dobijo potrebno hrano,
            vodo in higienske potrebščine. Kjer je potrebno, je treba povečati kapacitete za sprejem in bivanje. Vlado
            pozivam, naj nemudoma poskrbi za human sprejem vseh beguncev, zlasti naj takoj učinkovito ukrepa zato, da
            ranljivi ljudje ne bodo prisiljeni mrzlih dni in noči preživljati na prostem," je zapisano v apelu. (Če ga
            želite podpisati, to lahko storite TUKAJ.)
            Skupina 14 nevladnih in humanitarnih organizacij je Cerarja v pismu opozorila, da razmere na nekaterih
            trenutnih in preteklih lokacijah ne ustrezajo minimalnim standardom. "Prenočevanje na prostem, nedostopnost
            ustreznih sanitarij, večurno zadrževanje brez hrane in vode, nevzdržni higienski standardi in nevarnost, ki
            jo za begunce pomeni neprestano kurjenje ognja zaradi gretja, so razmere, ki so nedopustne in
            nesprejemljive. Še zlasti so razmere problematične, ker je beguncem omejeno gibanje in teh prostorov ne
            morejo zapustiti," opozarjajo in poudarjajo, da lahko omenjene razmere celo pomenijo kršitev prepovedi
            nečloveškega in ponižujočega ravnanja po 3. členu Konvencije o varstvu človekovih pravic in temeljnih
            svoboščin.
            Italija je bila že obsojena, evropsko sodišče za človekove pravice pa je v sodbi opozorilo, da množični
            prihodi in otežene razmere držav ne izključujejo iz odgovornosti po mednarodnem pravu, prav tako pa te
            odgovornosti ne izključuje dejstvo, da ljudje v takih razmerah v Sloveniji bivajo le nekaj dni. Organizacije
            so celo opozorile, da bi lahko na evropsko sodišče za človekove pravice same vložile urgentno tožbo.
            Slika našega neuspeha
            Dolgo smo vsi vedeli, kaj se bo zgodilo. Kako torej nihče od odgovornih – tako doma kot v institucijah
            Evropske unije – ni storil nič, da se ustrezno pripravimo na to krizo in preprečimo marsikatero trpljenje in
            tragedijo? "Ob preteči zimi je pogled na tisoče beguncev, ki spijo na prostem na svoji poti čez Evropo,
            jasna obtožba neuspeha Evropske unije, da bi zagotovila vnaprej razmišljujoč in usklajen odziv na begunsko
            krizo," je dejal direktor Amnesty International za Evropo in centralno Azijo John Dalhuisen.
            Pri tem številni opozarjajo, da EU in tudi posamezne države članice Unije ustvarjajo plodna tla za
            izkoriščanje ljudi v stiski in profiterstvo.
            Tako je Melissa Fleming iz UNHCR opozorila, da smo priča številnim zlorabam in spolnim zlorabam odraslih in
            mladoletnih begunk. Še posebej so na udaru mladoletnice brez spremstva odraslih. Tisto, kar pretresa, so
            kredibilna pričevanja in dokazi, ki jih je organizacija pridobila, da so otroci primorani in prisiljeni v
            zlorabe, če želijo nadaljevati svojo pot. Spolno jih zlorabijo nekateri tihotapci in kriminalci. Številni
            otroci so tudi žrtve roparjev in prevarantov.
            Pozivi k varnim koridorjem, prevozom in namestitvi zato ne prenehajo. Če evropske in druge svetovne
            institucije ter organizacije ne bodo primerno pomagale beguncem, jih bodo tudi tokrat v svoje roke dobili
            zaslužkarji. Kaj se takrat zgodi, pa vidimo vsak dan na grški obali, prav tako ne smemo pozabiti na
            tovornjak, v katerem so umrli številni ljudje.
            Ali so na terenu zasledili zaslužkarje? Makedonske humanitarne organizacije ostro kritizirajo oblasti, ki
            beguncem zaračunavajo prevoze z vlakom po 2,5-krat višji ceni, kot pa jo plačujejo domačini. Vagone
            prenatrpajo z ljudmi, vrata pa naj bi zaklepali. Vse to lahko privede do tragedije, opozarjajo in dodajajo,
            da vse skupaj spominja na vožnjo Judov v Auschwitz. Opozarjajo, da je nesprejemljivo, da želi državno
            podjetje zaslužiti na trpljenju ljudi.
            Da se lahko oziroma da so se že tudi v Sloveniji pojavili primeri profiterstva na tuji nesreči, je bilo moč
            prebrati na nekaterih tujih spletnih straneh. Pojavile so se informacije, da begunci in migranti morajo
            plačevati za zdravila, ki naj bi jih kupovali od neznancev. Prav tako naj bi jim za osnovne življenjske
            potrebščine zaračunavali nekajkrat višjo ceno od običajne. V uradu vlade za komuniciranje so glede zdravil
            za 24ur.com dejali, da ministrstvo za zdravje zagotavlja zdravila in potrebne medicinske pripomočke za tiste
            zdravstvene domove, ki v sprejemne in nastanitvene centre napotijo svoje ekipe. So pa poudarili, da
            policisti do sedaj podobnih primerov oziroma kaznivih dejanj v tej zvezi niso obravnavali. 
            Mirjana Jarc iz Rdečega križa nam je povedala, da tudi oni na terenu niso zasledili takšnih primerov, je pa
            poudarila, da morda ne bo odveč na teren poslati tudi tržno in davčno inšpekcijo. Če se to res dogaja, potem
            upajo in želijo, da se pristojne službe tega problema profiterstva čim prej in kar najbolj učinkovito
            lotijo.
            Zakaj se številni prostovoljci ne počutijo dobrodošle?
            Pojavlja se še ena težava: na družbenih omrežjih je namreč zaslediti številne zapise ljudi, ki so želeli
            pomagati, a so njihovo pomoč nekateri predstavniki organizacij zavrnili. Prav tako se številni sprašujejo,
            zakaj nekatere humanitarne organizacije ne sprejemajo pomoči, in sicer z argumentom, da so njihova skladišča
            že polna. Zakaj pomoči ne razdelijo? Slišati je tudi vprašanja, da zakaj zadržujejo pomoč, če pa je potrebna
            na terenu, ljudem pa odsvetujejo, da sami nosijo pomoč k beguncem.
            Prav na "odrivanje" samoorganiziranih skupin opozarja tudi omenjena skupina 14 nevladnih in humanitarnih
            organizacij, ki je pisala Cerarju. "Nenazadnje od Vas tudi zahtevamo, da od svojih ministrov in vodij
            ključnih služb, kot je Civilna zaščita, zahtevate oseben angažma za pospešitev urejanja operativnih zadev,
            namenjenih aktiviranju dodatnih kapacitet in vključevanju (in ne odrivanju) samo-organiziranih skupin v
            podporo izvajanja humanitarne pomoči. Birokratska ozkoglednost, neefektivnost in nefleksibilnost v takšnih
            razmerah, ko je potrebno angažirati vse moči, ni sprejemljiva," pravijo.
            Humanitarne organizacije, ki delujejo na terenu, ves čas opozarjajo, da mora pomoč ljudem potekati
            organizirano in da lahko samoorganizirani prostovoljci naredijo več škode kot pa koristi.
            Ko je eden od uporabnikov Facebooka na strani Slovenske filantropije povprašal, kaj se dogaja na terenu ter
            ali je prostovoljcev res dovolj ali ne, so mu v organizaciji odgovorili, da se je res prijavilo veliko
            prostovoljcev. "Hvala vsem za veliko pripravljenost. Prepričani smo, da boste še vsi prišli na vrsto," so
            dodali.
            Vse namreč kaže, da se bo agonija ljudi še nekaj časa nadaljevala. Potrebni bodo novi, fizično in tudi
            psihično spočiti prostovoljci, ki bodo lahko primerno poskrbeli za ljudi. In ne le to: treba bo pomagati
            tudi tistim, ki bodo pri nas ostali. Ki si bodo tukaj ustvarili svoj novi dom. Pomoč pri vključevanju v
            družbo, pri učenju jezika, razreševanju travm ... Morali pa si bomo pomagati tudi sami: večino so zgodbe
            ljudi in prizori, ki smo jim priča te mesece, močno prizadeli, močno pa boli tudi spoznanje, koliko
            sovraštva premorejo nekateri naši sodržavljani do ljudi, ki se v tej situaciji niso znašli po svoji krivdi.
        </article-text-transliterated>
    </article>
    <comments>
        <comments-count>0</comments-count>
        <comment-list/>
    </comments>
</document>