<document global-id="si-06-1432">
    <url>
        https://www.24ur.com/sport/ostalo/nizozemci-slovenskega-atleta-bostjana-buca-obtozili-dobavljanja-nedovoljenih-sredstev-3.html
    </url>
    <source-id>si-06</source-id>
    <local-id>1432</local-id>
    <source-name>ur24</source-name>
    <article>
        <article-title>Nizozemci slovenskega atleta Boštjana Buča obtožili dobavljanja nedovoljenih sredstev
        </article-title>
        <article-title-transliterated>Nizozemci slovenskega atleta Boštjana Buča obtožili dobavljanja nedovoljenih
            sredstev
        </article-title-transliterated>
        <article-time>2016-11-15</article-time>
        <article-author>STA J.K.</article-author>
        <article-text>Na Nizozemskem v teh dneh duhove buri biografija nekdanjega kolesarja Thomasa Dekkerja, v kateri
            opisuje jemanje prepovedanih poživil, preživljanje časa v družbi prostitutk, slovenskega atleta Boštjana
            Buča, pa obtožuje, da je njemu in Michaelu Boogerdu dobavljal dinepo, obliko eritropoetina.
            Tako je poročal portal Cyclingnews, ki piše, da naj bi Boštjan Buč nizozemskima kolesarjema Thomasu Dekkerju
            in Michaelu Boogerdu med dirko po Franciji leta 2007, omenjena kolesarja sta si delila sobo, dobavljal
            dinepo, ki je oblika eritropoetina. Med dirko sta si ga vbrizgala osemkrat po dva tisoč enot. Istočasno naj
            bi si vbrizgavala še kortizon. Dekker v knjigi, ki jo je napisal novinar Thijs Zonneveld, pravi, da so
            zlorabljali tudi pravila Mednarodne kolesarske zveze o izjemnih uporabah določenih sredstev. "Vsak dan smo
            uporabljali kortizon. Ime produkta je diprofos. Imeli smo medicinski certifikat. Niti ne vem, za kaj ga
            uporabljajo. S kortizonom lahko greš med dirkami dlje. Pa še lep in suh sem, imam 68 kilogramov pri 188
            centimetrih. Nikoli še nisem bil tako suh," piše Zonneveld.
            Dekker brez dlake na jeziku piše tudi, kako sta se z Boogerdom dolgočasila v hotelski sobi, pila vino in se
            odločila, da najameta prostitutke: "Prišli sta dve prostitutki iz vzhodne Evrope. Bila sva malo razočarana.
            Bili sta manj lepi, kot na slikah na internetni strani." Nekdanji nizozemski kolesar priznava, da je doping
            močno razširjen v kolesarstvu, bil je v njegovi ekipi Rabobank, pa tudi drugod, tekmovalci so jemali dinepo,
            kortizon, krvni doping, uspavalne tablete. Dekker se je od kolesarstva poslovil leta 2015.
        </article-text>
        <article-text-transliterated>Na Nizozemskem v teh dneh duhove buri biografija nekdanjega kolesarja Thomasa
            Dekkerja, v kateri opisuje jemanje prepovedanih poživil, preživljanje časa v družbi prostitutk, slovenskega
            atleta Boštjana Buča, pa obtožuje, da je njemu in Michaelu Boogerdu dobavljal dinepo, obliko eritropoetina.
            Tako je poročal portal Cyclingnews, ki piše, da naj bi Boštjan Buč nizozemskima kolesarjema Thomasu Dekkerju
            in Michaelu Boogerdu med dirko po Franciji leta 2007, omenjena kolesarja sta si delila sobo, dobavljal
            dinepo, ki je oblika eritropoetina. Med dirko sta si ga vbrizgala osemkrat po dva tisoč enot. Istočasno naj
            bi si vbrizgavala še kortizon. Dekker v knjigi, ki jo je napisal novinar Thijs Zonneveld, pravi, da so
            zlorabljali tudi pravila Mednarodne kolesarske zveze o izjemnih uporabah določenih sredstev. "Vsak dan smo
            uporabljali kortizon. Ime produkta je diprofos. Imeli smo medicinski certifikat. Niti ne vem, za kaj ga
            uporabljajo. S kortizonom lahko greš med dirkami dlje. Pa še lep in suh sem, imam 68 kilogramov pri 188
            centimetrih. Nikoli še nisem bil tako suh," piše Zonneveld.
            Dekker brez dlake na jeziku piše tudi, kako sta se z Boogerdom dolgočasila v hotelski sobi, pila vino in se
            odločila, da najameta prostitutke: "Prišli sta dve prostitutki iz vzhodne Evrope. Bila sva malo razočarana.
            Bili sta manj lepi, kot na slikah na internetni strani." Nekdanji nizozemski kolesar priznava, da je doping
            močno razširjen v kolesarstvu, bil je v njegovi ekipi Rabobank, pa tudi drugod, tekmovalci so jemali dinepo,
            kortizon, krvni doping, uspavalne tablete. Dekker se je od kolesarstva poslovil leta 2015.
        </article-text-transliterated>
    </article>
    <comments>
        <comments-count>1</comments-count>
        <comment-list>
            <comment comment-id="1">
                <comment-parent-id/>
                <comment-text>Od nečesa pa mora živet...</comment-text>
                <comment-text-transliterated>Od nečesa pa mora živet...</comment-text-transliterated>
            </comment>
        </comment-list>
    </comments>
</document>