<document global-id="si-06-1333">
    <url>https://www.24ur.com/ekskluziv/film_tv/na-filmska-platna-prihaja-nov-film-o-berlusconiju.html</url>
    <source-id>si-06</source-id>
    <local-id>1333</local-id>
    <source-name>ur24</source-name>
    <article>
        <article-title>Na filmska platna prihaja nov film o Berlusconiju</article-title>
        <article-title-transliterated>Na filmska platna prihaja nov film o Berlusconiju</article-title-transliterated>
        <article-time>2016-09-07</article-time>
        <article-author>STA B.R.</article-author>
        <article-text>Italijanski režiser Paolo Sorrentino, nagrajen s tujejezičnim oskarjem za film Neskončna lepota,
            si je za svoj naslednji projekt zadal dramo o nekdanjem italijanskem premierju in medijskem mogotcu Silviu
            Berlusconiju.

            Z oskarjem nagrajeni Paolo Sorrentino se bo na filmskem platnu lotil Silvia Berlusconija. Delovni naslov
            filma v italijanskem jeziku, za katerega že piše scenarij, je Loro (Oni).
            V naslovu se skriva tudi besedna igra, saj spominja na še eno italijansko besedo - l'oro -, ki pomeni zlato.
            Za priznanega režiserja to ne bo prva zgodba o vplivnih možeh. Pred tem je že posnel dramo Mogočnež o
            nekdanjem sedemkratnem italijanskem premierju Giuliu Andreottiju, simbolu povojne Italije.
            Novi film bo sledil nedavno končani TV seriji v angleškem jeziku Mladi papež. Desetdelna nadaljevanka, v
            kateri je glavno vlogo odigral Jude Law, je bila odlično sprejeta na premieri minuli konec tedna na filmskem
            festivalu v Benetkah.
            Producent filma bo predvidoma družba Indigo Films, ki je bila udeležena pri vseh dosedanjih Sorrentinovih
            filmih. Zelo verjetno pa tokrat ne bo sodelovala družba Medusa, ki jo obvladuje Berlusconi in je
            sofinancirala režiserjeve najnovejše filme, kot sta Neskončna lepota in Mladost.
            Berlusconi, ki bo konec meseca dopolnil 80 let, je bil na filmu že večkrat upodobljen, med drugim v komediji
            Nannija Morettija iz leta 2006 Il Caimano (Kajman). Eden najbogatejših ljudi na svetu se bo pričakovanjih
            počasi umaknil iz politične arene, v središču katere je bil več kot dve desetletji. Julija je imel operacijo
            na srcu, avgusta pa je kitajskim kupcem prodal nogometni klub AC Milan.
        </article-text>
        <article-text-transliterated>Italijanski režiser Paolo Sorrentino, nagrajen s tujejezičnim oskarjem za film
            Neskončna lepota, si je za svoj naslednji projekt zadal dramo o nekdanjem italijanskem premierju in
            medijskem mogotcu Silviu Berlusconiju.

            Z oskarjem nagrajeni Paolo Sorrentino se bo na filmskem platnu lotil Silvia Berlusconija. Delovni naslov
            filma v italijanskem jeziku, za katerega že piše scenarij, je Loro (Oni).
            V naslovu se skriva tudi besedna igra, saj spominja na še eno italijansko besedo - l'oro -, ki pomeni zlato.
            Za priznanega režiserja to ne bo prva zgodba o vplivnih možeh. Pred tem je že posnel dramo Mogočnež o
            nekdanjem sedemkratnem italijanskem premierju Giuliu Andreottiju, simbolu povojne Italije.
            Novi film bo sledil nedavno končani TV seriji v angleškem jeziku Mladi papež. Desetdelna nadaljevanka, v
            kateri je glavno vlogo odigral Jude Law, je bila odlično sprejeta na premieri minuli konec tedna na filmskem
            festivalu v Benetkah.
            Producent filma bo predvidoma družba Indigo Films, ki je bila udeležena pri vseh dosedanjih Sorrentinovih
            filmih. Zelo verjetno pa tokrat ne bo sodelovala družba Medusa, ki jo obvladuje Berlusconi in je
            sofinancirala režiserjeve najnovejše filme, kot sta Neskončna lepota in Mladost.
            Berlusconi, ki bo konec meseca dopolnil 80 let, je bil na filmu že večkrat upodobljen, med drugim v komediji
            Nannija Morettija iz leta 2006 Il Caimano (Kajman). Eden najbogatejših ljudi na svetu se bo pričakovanjih
            počasi umaknil iz politične arene, v središču katere je bil več kot dve desetletji. Julija je imel operacijo
            na srcu, avgusta pa je kitajskim kupcem prodal nogometni klub AC Milan.
        </article-text-transliterated>
    </article>
    <comments>
        <comments-count>2</comments-count>
        <comment-list>
            <comment comment-id="1">
                <comment-parent-id/>
                <comment-text>bunga bunga 95 minut? pa to</comment-text>
                <comment-text-transliterated>bunga bunga 95 minut? pa to</comment-text-transliterated>
            </comment>
            <comment comment-id="2">
                <comment-parent-id/>
                <comment-text>O Berlosconiju vemo že skoraj vse. Sano še tiste skrite resnice izza zaodrja so
                    zanimive.
                </comment-text>
                <comment-text-transliterated>O Berlosconiju vemo že skoraj vse. Sano še tiste skrite resnice izza
                    zaodrja so zanimive.
                </comment-text-transliterated>
            </comment>
        </comment-list>
    </comments>
</document>