<document global-id="si-06-145">
    <url>https://www.24ur.com/tv-oddaje/kmetija/nocoj-ne-zamudite-kaj-si-o-kmetiji-misli-izpadla-ksenija.html</url>
    <source-id>si-06</source-id>
    <local-id>145</local-id>
    <source-name>ur24</source-name>
    <article>
        <article-title>'Tudi če bi šla v dvoboj z Aneto, ne bi zmagala ... Ženska je bila v Survivorju!</article-title>
        <article-title-transliterated>'Tudi če bi šla v dvoboj z Aneto, ne bi zmagala ... Ženska je bila v Survivorju!
        </article-title-transliterated>
        <article-time>2018-10-05</article-time>
        <article-author>B.R.</article-author>
        <article-text>Po hudo napetem boju v areni se je od šova - na veliko veselje drugih – poslovil Sandi. Prejšnji
            teden pa je šov presenetljivo zapustila Ksenija. Zanjo smo pripravili nekaj vprašanj, da nam iz oči v oči
            razloži, kaj se je dogajalo tako v šovu kot tudi v njenih mislih. Ksenija tudi tokrat ni 'šparala jezika'.

            Za nami je še en dvoboj na Kmetiji. Ko sta Sandi in Joel stopila v areno, so Joela spodbujali s pesmico in
            risbami, Sandi pa je zaradi tega čutil še večjo motivacijo, da se dokaže. Toda po začetni smoli se je Joel
            približal Sandiju, ko pa se je Sandi zapletel v vrvi, Joel suvereno Joel zmagal. Tako se je zmagovalec vrnil
            k družini, Sandi pa je odšel domov. Vsaj tako je mislil, kajti Sandi je dobil še eno priložnost, da ostane v
            gozdu.
            Kot prva pa je priljubljeni šov zapustila Ksenija Kranjec. Še preden se je spustila v dvoboj se je namreč
            odločila, da želi domov.
            Za Ksenijo resničnostni šov Kmetija ni bil prvi takšen šov, v preteklosti smo jo lahko videli v Big
            Brotherju, kjer je – podobno kot na Kmetiji, ostala zgolj kratek čas. Ksenija Kranjec je šov zapustila na
            svojo željo, saj jo je izdalo zdravje, hkrati pa je bil pritisk ostalih sotekmovalcev zanjo prevelik, saj se
            je že po štirih dneh odločila, da jo zapusti.
            Za začetek smo s Ksenijo pokomentirali pravkar končani teden. Zanimalo nas je, če je pričakovala takšen
            razplet? Ter če je tudi ona navijala za Joela, kajti Sandija ni pozdravil nihče: "Če bi se mogla odločiti,
            bi se odločila za Joela."
            Mnogi opazili tudi, da se je Franko na zabavi poljubljal z izpadlo, le kaj se je dogajalo med njima? Ksenija
            nam je z nasmeškom odgovorila, da je Franko res čudovit fant, a več kot prijateljstva med njima ni.
            Prva stvar, ki jo je naredila, ko je šla s Kmetije je bil obisk starejše sestre. Priznala pa je tudi, da se
            je končno spet dobro najedla.
            Vse pa je seveda zanimalo, le zakaj se je tako hitro predala, zakaj ni šla v dvoboj? Podala nam je suveren
            odgovor: "Tudi če bi šla v dvoboj z Aneto, ne bi zmagala ... Ženska je bila v Survivorju!"
            Celoten intervju pa si lahko ogledate tukajle:
        </article-text>
        <article-text-transliterated>Po hudo napetem boju v areni se je od šova - na veliko veselje drugih – poslovil
            Sandi. Prejšnji teden pa je šov presenetljivo zapustila Ksenija. Zanjo smo pripravili nekaj vprašanj, da nam
            iz oči v oči razloži, kaj se je dogajalo tako v šovu kot tudi v njenih mislih. Ksenija tudi tokrat ni
            'šparala jezika'.

            Za nami je še en dvoboj na Kmetiji. Ko sta Sandi in Joel stopila v areno, so Joela spodbujali s pesmico in
            risbami, Sandi pa je zaradi tega čutil še večjo motivacijo, da se dokaže. Toda po začetni smoli se je Joel
            približal Sandiju, ko pa se je Sandi zapletel v vrvi, Joel suvereno Joel zmagal. Tako se je zmagovalec vrnil
            k družini, Sandi pa je odšel domov. Vsaj tako je mislil, kajti Sandi je dobil še eno priložnost, da ostane v
            gozdu.
            Kot prva pa je priljubljeni šov zapustila Ksenija Kranjec. Še preden se je spustila v dvoboj se je namreč
            odločila, da želi domov.
            Za Ksenijo resničnostni šov Kmetija ni bil prvi takšen šov, v preteklosti smo jo lahko videli v Big
            Brotherju, kjer je – podobno kot na Kmetiji, ostala zgolj kratek čas. Ksenija Kranjec je šov zapustila na
            svojo željo, saj jo je izdalo zdravje, hkrati pa je bil pritisk ostalih sotekmovalcev zanjo prevelik, saj se
            je že po štirih dneh odločila, da jo zapusti.
            Za začetek smo s Ksenijo pokomentirali pravkar končani teden. Zanimalo nas je, če je pričakovala takšen
            razplet? Ter če je tudi ona navijala za Joela, kajti Sandija ni pozdravil nihče: "Če bi se mogla odločiti,
            bi se odločila za Joela."
            Mnogi opazili tudi, da se je Franko na zabavi poljubljal z izpadlo, le kaj se je dogajalo med njima? Ksenija
            nam je z nasmeškom odgovorila, da je Franko res čudovit fant, a več kot prijateljstva med njima ni.
            Prva stvar, ki jo je naredila, ko je šla s Kmetije je bil obisk starejše sestre. Priznala pa je tudi, da se
            je končno spet dobro najedla.
            Vse pa je seveda zanimalo, le zakaj se je tako hitro predala, zakaj ni šla v dvoboj? Podala nam je suveren
            odgovor: "Tudi če bi šla v dvoboj z Aneto, ne bi zmagala ... Ženska je bila v Survivorju!"
            Celoten intervju pa si lahko ogledate tukajle:
        </article-text-transliterated>
    </article>
    <comments>
        <comments-count>6</comments-count>
        <comment-list>
            <comment comment-id="1">
                <comment-parent-id/>
                <comment-text>Prej bi rekel da ji je manjkala štanga</comment-text>
                <comment-text-transliterated>Prej bi rekel da ji je manjkala štanga</comment-text-transliterated>
            </comment>
            <comment comment-id="2">
                <comment-parent-id/>
                <comment-text>mevža</comment-text>
                <comment-text-transliterated>mevža</comment-text-transliterated>
            </comment>
            <comment comment-id="3">
                <comment-parent-id/>
                <comment-text>Škoda, moja favoritka. Men se je zdela najbolj realna, naravna in iskrena.</comment-text>
                <comment-text-transliterated>Škoda, moja favoritka. Men se je zdela najbolj realna, naravna in
                    iskrena.
                </comment-text-transliterated>
            </comment>
            <comment comment-id="3-1">
                <comment-parent-id>3</comment-parent-id>
                <comment-text>vsak ima pravico do svojega mnenja</comment-text>
                <comment-text-transliterated>vsak ima pravico do svojega mnenja</comment-text-transliterated>
            </comment>
            <comment comment-id="4">
                <comment-parent-id/>
                <comment-text>Ni Ksenija bolj tako ime, ko ga daš psu?</comment-text>
                <comment-text-transliterated>Ni Ksenija bolj tako ime, ko ga daš psu?</comment-text-transliterated>
            </comment>
            <comment comment-id="5">
                <comment-parent-id/>
                <comment-text>verjetno je na poti v srbijo in parovi vabijo lih take</comment-text>
                <comment-text-transliterated>verjetno je na poti v srbijo in parovi vabijo lih take
                </comment-text-transliterated>
            </comment>
        </comment-list>
    </comments>
</document>