<document global-id="si-06-1067">
    <url>https://www.24ur.com/novice/slovenija/klokocovnik-upa-na-dogovor-z-novim-vodstvom-ukc.html</url>
    <source-id>si-06</source-id>
    <local-id>1067</local-id>
    <source-name>ur24</source-name>
    <article>
        <article-title>Klokočovnik upa na dogovor z novim vodstvom UKC</article-title>
        <article-title-transliterated>Klokočovnik upa na dogovor z novim vodstvom UKC</article-title-transliterated>
        <article-time>2019-07-12</article-time>
        <article-author>K.H. / STA</article-author>
        <article-text>Predstojnik oddelka za kirurgijo srca in ožilja ter priznani srčni kirurg Tomislav Klokočovnik
            upa, da bo po imenovanju novega generalnega direktorja UKC Ljubljana z Janezom Poklukarjem uspel najti
            skupen jezik in se dogovoriti za nadaljnje sodelovanje. Kot pozitivno ocenjuje tudi, da novi prvi mož
            največje bolnišnice prihaja iz zdravniških vrst.

            "Je mlad, ima potencial, je sposoben in priljubljen. Upam, da bo tudi tako moder, da bo videl, da brez
            kadrov mojega kalibra klinični center tudi ne more in da bomo našli skupno točko v dobro slovenskih
            bolnikov," je srčni kirurg Tomislav Klokočovnik za STA ocenil Janeza Poklukarja. Ta je v četrtek na
            razgovoru prepričal svet Univerzitetnega kliničnega centra (UKC) Ljubljana, da ga izberejo za generalnega
            direktorja.
            Klokočovnik je pred dnevi namreč napovedal sodelovanje z beograjskim Inštitutom za kardiovaskularne bolezni
            Dedinje. Že februarja, po kritičnem pismu nekaterih kolegov z njegovega oddelka, je napovedal, da se bo
            poslovil od dela v UKC. Odpovedi še ni dal, do 11. avgusta pa je na dopustu.
            Vodstvu kliničnega centra je sicer ponudil tri možnosti sodelovanja, sedaj pa upa, da ga bo Poklukar po
            nastopu mandata avgusta poklical, da se poskušajo dogovoriti.
            Med oblikami sodelovanja, ki jih je vodstvu UKC ponudil kirurg, so pogodbeno sodelovanje in delitev oddelka
            za kirurgijo srca in ožilja na dva, pri čemer bi Klokočovnik vodil enega od teh oddelkov, kirurgi in
            anesteziologi pa bi se sami odločili, kje bi delali. Kot tretjo možnost je predlagal ustanovitev oddelka za
            minimalno invazivno srčno kirurgijo, ki bi ga tudi vodil ter učil kirurge.
            V UKC sicer zagotavljajo, da med odsotnostjo Klokočovnika delo na programu poteka nemoteno, operacije pa
            opravlja ekipa osmih kirurgov.
            Klokočovnik z velikim veseljem še ugotavlja, da je svet zavoda za vodenje bolnišnice izbral zdravnika. Kot
            je spomnil, bo po soglasju ministra za zdravje k imenovanju to šele drugi zdravnik na čelu UKC po Primožu
            Rodetu, ki je bil po oceni Klokočovnika najboljši generalni direktor.
            Glede na to, da je Poklukar uspel izboljšati poslovanje jeseniške bolnišnice, je tudi po oceni kirurga Erika
            Breclja dober kandidat. "Upam, da je dovolj vztrajen. Kdor bo saniral klinični center Ljubljana, bo saniral
            slovensko zdravstvo," pravi.
            Če bo Poklukar dobil soglasje ministra za zdravje Aleša Šabedra, bo štiriletni mandat nastopil 1. avgusta.
            Tako bo že 15. človek na čelu UKC in osmi v zadnjih desetih letih.
        </article-text>
        <article-text-transliterated>Predstojnik oddelka za kirurgijo srca in ožilja ter priznani srčni kirurg Tomislav
            Klokočovnik upa, da bo po imenovanju novega generalnega direktorja UKC Ljubljana z Janezom Poklukarjem uspel
            najti skupen jezik in se dogovoriti za nadaljnje sodelovanje. Kot pozitivno ocenjuje tudi, da novi prvi mož
            največje bolnišnice prihaja iz zdravniških vrst.

            "Je mlad, ima potencial, je sposoben in priljubljen. Upam, da bo tudi tako moder, da bo videl, da brez
            kadrov mojega kalibra klinični center tudi ne more in da bomo našli skupno točko v dobro slovenskih
            bolnikov," je srčni kirurg Tomislav Klokočovnik za STA ocenil Janeza Poklukarja. Ta je v četrtek na
            razgovoru prepričal svet Univerzitetnega kliničnega centra (UKC) Ljubljana, da ga izberejo za generalnega
            direktorja.
            Klokočovnik je pred dnevi namreč napovedal sodelovanje z beograjskim Inštitutom za kardiovaskularne bolezni
            Dedinje. Že februarja, po kritičnem pismu nekaterih kolegov z njegovega oddelka, je napovedal, da se bo
            poslovil od dela v UKC. Odpovedi še ni dal, do 11. avgusta pa je na dopustu.
            Vodstvu kliničnega centra je sicer ponudil tri možnosti sodelovanja, sedaj pa upa, da ga bo Poklukar po
            nastopu mandata avgusta poklical, da se poskušajo dogovoriti.
            Med oblikami sodelovanja, ki jih je vodstvu UKC ponudil kirurg, so pogodbeno sodelovanje in delitev oddelka
            za kirurgijo srca in ožilja na dva, pri čemer bi Klokočovnik vodil enega od teh oddelkov, kirurgi in
            anesteziologi pa bi se sami odločili, kje bi delali. Kot tretjo možnost je predlagal ustanovitev oddelka za
            minimalno invazivno srčno kirurgijo, ki bi ga tudi vodil ter učil kirurge.
            V UKC sicer zagotavljajo, da med odsotnostjo Klokočovnika delo na programu poteka nemoteno, operacije pa
            opravlja ekipa osmih kirurgov.
            Klokočovnik z velikim veseljem še ugotavlja, da je svet zavoda za vodenje bolnišnice izbral zdravnika. Kot
            je spomnil, bo po soglasju ministra za zdravje k imenovanju to šele drugi zdravnik na čelu UKC po Primožu
            Rodetu, ki je bil po oceni Klokočovnika najboljši generalni direktor.
            Glede na to, da je Poklukar uspel izboljšati poslovanje jeseniške bolnišnice, je tudi po oceni kirurga Erika
            Breclja dober kandidat. "Upam, da je dovolj vztrajen. Kdor bo saniral klinični center Ljubljana, bo saniral
            slovensko zdravstvo," pravi.
            Če bo Poklukar dobil soglasje ministra za zdravje Aleša Šabedra, bo štiriletni mandat nastopil 1. avgusta.
            Tako bo že 15. človek na čelu UKC in osmi v zadnjih desetih letih.
        </article-text-transliterated>
    </article>
    <comments>
        <comments-count>33</comments-count>
        <comment-list>
            <comment comment-id="1">
                <comment-parent-id/>
                <comment-text>Med vse te negativne komentarje oddajam vsaj en pozitiven komentar! Klokočovnik, držim
                    pesti, da ostaneš tukaj in da se uspeš dogovoriti z novim vodstvom!Sama imam zelo lepo in pozitivno
                    izkušnjo z njim v živo, je zelo prijazen in mi je pomagal in stal ob strani, ko sem to potrebovala!
                    Je pa res, da znam normalno komunicirati z ljudmi (ker to, kar včasih vidiš, kakšen pristop uberejo
                    nekateri, te lahko samo zaslabi - in pri takih osebkih človek ne more ostati prijazen).Pol leta
                    nazaj ste se drli in jamrali, kako nam strokovnjaki bežijo v tujino, sedaj ko se je pa eden od njih
                    odločil ostati pri nas, vam pa že spet ni prav, češ da samo izsiljuje! Enkrat tako, drugič popolnoma
                    nasprotno - zjasnite se, kaj sploh hočete!!!
                </comment-text>
                <comment-text-transliterated>Med vse te negativne komentarje oddajam vsaj en pozitiven komentar!
                    Klokočovnik, držim pesti, da ostaneš tukaj in da se uspeš dogovoriti z novim vodstvom!Sama imam zelo
                    lepo in pozitivno izkušnjo z njim v živo, je zelo prijazen in mi je pomagal in stal ob strani, ko
                    sem to potrebovala! Je pa res, da znam normalno komunicirati z ljudmi (ker to, kar včasih vidiš,
                    kakšen pristop uberejo nekateri, te lahko samo zaslabi - in pri takih osebkih človek ne more ostati
                    prijazen).Pol leta nazaj ste se drli in jamrali, kako nam strokovnjaki bežijo v tujino, sedaj ko se
                    je pa eden od njih odločil ostati pri nas, vam pa že spet ni prav, češ da samo izsiljuje! Enkrat
                    tako, drugič popolnoma nasprotno - zjasnite se, kaj sploh hočete!!!
                </comment-text-transliterated>
            </comment>
            <comment comment-id="2">
                <comment-parent-id/>
                <comment-text>Klokočovnik in sama neka izsiljevanja.Bil je že na odhodu v Beograd in iz UKC so
                    sporočili,da delo poteka nemoteno,tudi brez motiljca.
                </comment-text>
                <comment-text-transliterated>Klokočovnik in sama neka izsiljevanja.Bil je že na odhodu v Beograd in iz
                    UKC so sporočili,da delo poteka nemoteno,tudi brez motiljca.
                </comment-text-transliterated>
            </comment>
            <comment comment-id="3">
                <comment-parent-id/>
                <comment-text>Upam da s tem in ostalimi zdraharji samodrzci nov direktor opravi na hitro in da moznost
                    mladim veliko bolj izobrazenim in dela voljnim specialistom.
                </comment-text>
                <comment-text-transliterated>Upam da s tem in ostalimi zdraharji samodrzci nov direktor opravi na hitro
                    in da moznost mladim veliko bolj izobrazenim in dela voljnim specialistom.
                </comment-text-transliterated>
            </comment>
            <comment comment-id="4">
                <comment-parent-id/>
                <comment-text>Ok, priznajmo.. odličen kirurg glede na reference. Ampak, ko se začne izsiljevanje, je pa
                    moje simpatije konec. Upam, da se bo kadilo za njim, ko bo zapuščal UKC.
                </comment-text>
                <comment-text-transliterated>Ok, priznajmo.. odličen kirurg glede na reference. Ampak, ko se začne
                    izsiljevanje, je pa moje simpatije konec. Upam, da se bo kadilo za njim, ko bo zapuščal UKC.
                </comment-text-transliterated>
            </comment>
            <comment comment-id="5">
                <comment-parent-id/>
                <comment-text>Klokačovnik je fenomenalen kirurg , ki pa na okolico deluje totalno destruktivno, tako da
                    naredi bistveno več škode kot koristi. Še fikus v operacijski sobi pobegne.
                </comment-text>
                <comment-text-transliterated>Klokačovnik je fenomenalen kirurg , ki pa na okolico deluje totalno
                    destruktivno, tako da naredi bistveno več škode kot koristi. Še fikus v operacijski sobi pobegne.
                </comment-text-transliterated>
            </comment>
            <comment comment-id="5-1">
                <comment-parent-id>5</comment-parent-id>
                <comment-text>Tudi z Beograjčani je naredil grdo. Bog ne daj da se z novim vodstvom KC pogodi.
                </comment-text>
                <comment-text-transliterated>Tudi z Beograjčani je naredil grdo. Bog ne daj da se z novim vodstvom KC
                    pogodi.
                </comment-text-transliterated>
            </comment>
            <comment comment-id="6">
                <comment-parent-id/>
                <comment-text>že spreminja odločitve!</comment-text>
                <comment-text-transliterated>že spreminja odločitve!</comment-text-transliterated>
            </comment>
            <comment comment-id="7">
                <comment-parent-id/>
                <comment-text>Kakšni neumni komentarji. Sigurno ni nobeden od njih srčni bolnik ali pa je to kdo od
                    njihovih najbližjih. Če bi jaz zbolel bi želel , da me operira Klokočovnik. Za managerja pa on ni,
                    to pa je upam jasno vsem vključno s Poklukarjem.
                </comment-text>
                <comment-text-transliterated>Kakšni neumni komentarji. Sigurno ni nobeden od njih srčni bolnik ali pa je
                    to kdo od njihovih najbližjih. Če bi jaz zbolel bi želel , da me operira Klokočovnik. Za managerja
                    pa on ni, to pa je upam jasno vsem vključno s Poklukarjem.
                </comment-text-transliterated>
            </comment>
            <comment comment-id="7-1">
                <comment-parent-id>7</comment-parent-id>
                <comment-text>Tone, nič bat! Imamo več odličnih srčnih kirurgov, samo slabo obvladajo samopromocijo,
                    zato ne slišiš toliko o njih.
                </comment-text>
                <comment-text-transliterated>Tone, nič bat! Imamo več odličnih srčnih kirurgov, samo slabo obvladajo
                    samopromocijo, zato ne slišiš toliko o njih.
                </comment-text-transliterated>
            </comment>
            <comment comment-id="7-2">
                <comment-parent-id>7</comment-parent-id>
                <comment-text>Imamo veliko specialistov napram njemu le da jih tile starcki ne spustijo iz sence
                </comment-text>
                <comment-text-transliterated>Imamo veliko specialistov napram njemu le da jih tile starcki ne spustijo
                    iz sence
                </comment-text-transliterated>
            </comment>
            <comment comment-id="7-3">
                <comment-parent-id>7</comment-parent-id>
                <comment-text>Upam, da imaš prav. Mo ja izjava je bila mišljena , kot provokacija vsem , da se resnično
                    malo ustavijo in globoko premislijo komu bi zaupali svoje življenje. Moje izkušnje iz zdravstva so
                    bolj vezane na gledanje nadaljevanke House. Genijalni zdravnik, nihče mu ne seže do kolen, hkrati pa
                    katastrofa od človeka. Imam pa iskušnje z vodenjem genijev iz drugega področja. Nihče od njih ni bil
                    oziroma je"normalen". Vsi so prepričani, da so krona stvarstva in vse jim mora biti podrejeno. Da
                    imaš v svoji ekipi samo dva taka, je njihovo menegiranje in čiščenje dreka za njimi poln delovnik.
                    Na drugi strani pa, ko drek prileti v ventilator, ne bo nikjer boljšega da bo naredil kar je treba.
                    Zdej se pa odloči.
                </comment-text>
                <comment-text-transliterated>Upam, da imaš prav. Mo ja izjava je bila mišljena , kot provokacija vsem ,
                    da se resnično malo ustavijo in globoko premislijo komu bi zaupali svoje življenje. Moje izkušnje iz
                    zdravstva so bolj vezane na gledanje nadaljevanke House. Genijalni zdravnik, nihče mu ne seže do
                    kolen, hkrati pa katastrofa od človeka. Imam pa iskušnje z vodenjem genijev iz drugega področja.
                    Nihče od njih ni bil oziroma je"normalen". Vsi so prepričani, da so krona stvarstva in vse jim mora
                    biti podrejeno. Da imaš v svoji ekipi samo dva taka, je njihovo menegiranje in čiščenje dreka za
                    njimi poln delovnik. Na drugi strani pa, ko drek prileti v ventilator, ne bo nikjer boljšega da bo
                    naredil kar je treba. Zdej se pa odloči.
                </comment-text-transliterated>
            </comment>
            <comment comment-id="8">
                <comment-parent-id/>
                <comment-text>Zopet neko izsiljevanje samooklicane elite v JS, ki ji +10000 EUR mesečno ni dovolj. Mi
                    smrtniki se borimo za 1000 EUR in 2 tedna dopusta. Ta bo očitno več kot mesec na dopustu samo v
                    poletnem času - potem pa jamrajo, da so preobremenjeni, da jih je premalo,...
                </comment-text>
                <comment-text-transliterated>Zopet neko izsiljevanje samooklicane elite v JS, ki ji +10000 EUR mesečno
                    ni dovolj. Mi smrtniki se borimo za 1000 EUR in 2 tedna dopusta. Ta bo očitno več kot mesec na
                    dopustu samo v poletnem času - potem pa jamrajo, da so preobremenjeni, da jih je premalo,...
                </comment-text-transliterated>
            </comment>
            <comment comment-id="9">
                <comment-parent-id/>
                <comment-text>njegova dama ima v portorožu zasebno lekarno,tako da upam da ne bo potreboval karitasa,ali
                    pač,,,,,srečno
                </comment-text>
                <comment-text-transliterated>njegova dama ima v portorožu zasebno lekarno,tako da upam da ne bo
                    potreboval karitasa,ali pač,,,,,srečno
                </comment-text-transliterated>
            </comment>
            <comment comment-id="10">
                <comment-parent-id/>
                <comment-text>Grozil z odpovedjo? Ampak je ni dal ? Kera rit usrana.</comment-text>
                <comment-text-transliterated>Grozil z odpovedjo? Ampak je ni dal ? Kera rit usrana.
                </comment-text-transliterated>
            </comment>
            <comment comment-id="11">
                <comment-parent-id/>
                <comment-text>Naslov sem prebrala kot "upa na vec ponujenega denarja". Welcome, Beograd, denar pa raje
                    porabite za izplacilo ze oddelanih nadur medicinskim sestram, ker so pridne kot mravljice.
                </comment-text>
                <comment-text-transliterated>Naslov sem prebrala kot "upa na vec ponujenega denarja". Welcome, Beograd,
                    denar pa raje porabite za izplacilo ze oddelanih nadur medicinskim sestram, ker so pridne kot
                    mravljice.
                </comment-text-transliterated>
            </comment>
            <comment comment-id="12">
                <comment-parent-id/>
                <comment-text>Tudi ko ga enkrat ne bo več bo šlo vse naprej kot sedaj</comment-text>
                <comment-text-transliterated>Tudi ko ga enkrat ne bo več bo šlo vse naprej kot sedaj
                </comment-text-transliterated>
            </comment>
            <comment comment-id="13">
                <comment-parent-id/>
                <comment-text>Bojda so imeli rdeči kmeri vrhunske kirurge, prav tako v severni koreji. Delali za pest
                    riža. V našem svetu takšen kirurg ne sme vedet kolk stane štruca kruha in tank bencina. Zanj mora
                    bit to imaginarno, da je lahko skoncentriran samo na svoje delo. Lubčki, tip rešuje življenja, ne
                    popravlja hidravlike v fabriki.
                </comment-text>
                <comment-text-transliterated>Bojda so imeli rdeči kmeri vrhunske kirurge, prav tako v severni koreji.
                    Delali za pest riža. V našem svetu takšen kirurg ne sme vedet kolk stane štruca kruha in tank
                    bencina. Zanj mora bit to imaginarno, da je lahko skoncentriran samo na svoje delo. Lubčki, tip
                    rešuje življenja, ne popravlja hidravlike v fabriki.
                </comment-text-transliterated>
            </comment>
            <comment comment-id="14">
                <comment-parent-id/>
                <comment-text>če se mu ne uspe dogovoriti, potem je z njem neki narobe...</comment-text>
                <comment-text-transliterated>če se mu ne uspe dogovoriti, potem je z njem neki narobe...
                </comment-text-transliterated>
            </comment>
            <comment comment-id="15">
                <comment-parent-id/>
                <comment-text>Če bi klokočovnik resno mislil z odhodom bi že zdavnaj odšel.</comment-text>
                <comment-text-transliterated>Če bi klokočovnik resno mislil z odhodom bi že zdavnaj odšel.
                </comment-text-transliterated>
            </comment>
            <comment comment-id="15-1">
                <comment-parent-id>15</comment-parent-id>
                <comment-text>tako je spet se eno izsiljevanje</comment-text>
                <comment-text-transliterated>tako je spet se eno izsiljevanje</comment-text-transliterated>
            </comment>
            <comment comment-id="16">
                <comment-parent-id/>
                <comment-text>A je lahko še bolj prozoren? Zdaj naenkrat Beograd ni več aktualen.</comment-text>
                <comment-text-transliterated>A je lahko še bolj prozoren? Zdaj naenkrat Beograd ni več aktualen.
                </comment-text-transliterated>
            </comment>
            <comment comment-id="17">
                <comment-parent-id/>
                <comment-text>Prodana duša.</comment-text>
                <comment-text-transliterated>Prodana duša.</comment-text-transliterated>
            </comment>
            <comment comment-id="18">
                <comment-parent-id/>
                <comment-text>Hoče se še opariti, ker v tujini bo mogel delati in ne bo mogel naročati materiala mimo
                    razpisa....
                </comment-text>
                <comment-text-transliterated>Hoče se še opariti, ker v tujini bo mogel delati in ne bo mogel naročati
                    materiala mimo razpisa....
                </comment-text-transliterated>
            </comment>
            <comment comment-id="19">
                <comment-parent-id/>
                <comment-text>Pustite ga da gre. Samo fintiral bi rad. Zvezdnik neki kao.</comment-text>
                <comment-text-transliterated>Pustite ga da gre. Samo fintiral bi rad. Zvezdnik neki kao.
                </comment-text-transliterated>
            </comment>
            <comment comment-id="20">
                <comment-parent-id/>
                <comment-text>ta beograd je samo izsiljevalska politika po pohlepu in denarju,ker za vilo v portorožu je
                    par tisoč eurov mesečno malo,,,srečno
                </comment-text>
                <comment-text-transliterated>ta beograd je samo izsiljevalska politika po pohlepu in denarju,ker za vilo
                    v portorožu je par tisoč eurov mesečno malo,,,srečno
                </comment-text-transliterated>
            </comment>
            <comment comment-id="21">
                <comment-parent-id/>
                <comment-text>Operacije, politika, operacije , politika, vse skupaj pa je samo lov za denarjem.
                </comment-text>
                <comment-text-transliterated>Operacije, politika, operacije , politika, vse skupaj pa je samo lov za
                    denarjem.
                </comment-text-transliterated>
            </comment>
            <comment comment-id="22">
                <comment-parent-id/>
                <comment-text>mnja... torej se mu je Šabeder postavil po robu in ni se ni pustil izsiljevati? g. K. zdaj
                    računa, da se bo z novim šefom lažje zmenil.. Izjava, da je fajn, da izhaja iz zdravniških vrst je
                    zelo pomenljiva. Z menedžerjem Šabedrom se ni dalo zmenit, dohtarji med sabo se bodo pa lažje.
                    Logično. In slabo. Za končni račun.
                </comment-text>
                <comment-text-transliterated>mnja... torej se mu je Šabeder postavil po robu in ni se ni pustil
                    izsiljevati? g. K. zdaj računa, da se bo z novim šefom lažje zmenil.. Izjava, da je fajn, da izhaja
                    iz zdravniških vrst je zelo pomenljiva. Z menedžerjem Šabedrom se ni dalo zmenit, dohtarji med sabo
                    se bodo pa lažje. Logično. In slabo. Za končni račun.
                </comment-text-transliterated>
            </comment>
            <comment comment-id="23">
                <comment-parent-id/>
                <comment-text>Ma najprej naj se preveri kaj se pise... To da delo poteka nemoteno sploh ne drzi. Sama
                    zmeda, nesposobnost in neorganiziranost je odkar Klokacovnika ni. In kdo nastrada - bolniki.... moj
                    oce je 3 mesece lezal na tem oddelku takoj po njegovem odhodu, groza... clovek od takrat ni vec tak
                    kot ke bil, pa ni star in sel je na dokan rutinsko operacijo... sam Klokacovnik ga je ustavil in
                    povedal, da to kar se je zgodilo je malomarnost in packarina.
                </comment-text>
                <comment-text-transliterated>Ma najprej naj se preveri kaj se pise... To da delo poteka nemoteno sploh
                    ne drzi. Sama zmeda, nesposobnost in neorganiziranost je odkar Klokacovnika ni. In kdo nastrada -
                    bolniki.... moj oce je 3 mesece lezal na tem oddelku takoj po njegovem odhodu, groza... clovek od
                    takrat ni vec tak kot ke bil, pa ni star in sel je na dokan rutinsko operacijo... sam Klokacovnik ga
                    je ustavil in povedal, da to kar se je zgodilo je malomarnost in packarina.
                </comment-text-transliterated>
            </comment>
            <comment comment-id="24">
                <comment-parent-id/>
                <comment-text>Kloko bo imel v Beogradu enkrat manjšo plačo, zato si je premislil. Naj ostane tu in naj
                    naredi red, ampak to je misija nemogoče.
                </comment-text>
                <comment-text-transliterated>Kloko bo imel v Beogradu enkrat manjšo plačo, zato si je premislil. Naj
                    ostane tu in naj naredi red, ampak to je misija nemogoče.
                </comment-text-transliterated>
            </comment>
            <comment comment-id="25">
                <comment-parent-id/>
                <comment-text>Ma, takšen je kot so vsi iz Kuštrinove falange. Grozijo z begom možganov, ko pa trenutni
                    minister za zdravje popusti in jim kar konkretno popravi plače je dve leti mir in potem spet grožnja
                    z odpovedjo. Čisto vsakega se da nadomestiti. Tudi Tito je bil nenadomestljiv, pa že skoraj 40 let
                    po njegovi smrti, je komunizem v Sloveniji še vedno na višku vladavine "prava", če malce
                    parafraziram Cmerastega...
                </comment-text>
                <comment-text-transliterated>Ma, takšen je kot so vsi iz Kuštrinove falange. Grozijo z begom možganov,
                    ko pa trenutni minister za zdravje popusti in jim kar konkretno popravi plače je dve leti mir in
                    potem spet grožnja z odpovedjo. Čisto vsakega se da nadomestiti. Tudi Tito je bil nenadomestljiv, pa
                    že skoraj 40 let po njegovi smrti, je komunizem v Sloveniji še vedno na višku vladavine "prava", če
                    malce parafraziram Cmerastega...
                </comment-text-transliterated>
            </comment>
            <comment comment-id="26">
                <comment-parent-id/>
                <comment-text>a ni šel Kloko v Beograd?</comment-text>
                <comment-text-transliterated>a ni šel Kloko v Beograd?</comment-text-transliterated>
            </comment>
            <comment comment-id="26-1">
                <comment-parent-id>26</comment-parent-id>
                <comment-text>so ga najvrjetneje strici prepričali</comment-text>
                <comment-text-transliterated>so ga najvrjetneje strici prepričali</comment-text-transliterated>
            </comment>
            <comment comment-id="27">
                <comment-parent-id/>
                <comment-text>Držim pesti, da bo tako.</comment-text>
                <comment-text-transliterated>Držim pesti, da bo tako.</comment-text-transliterated>
            </comment>
        </comment-list>
    </comments>
</document>