<document global-id="si-06-1095">
    <url>https://www.24ur.com/specialno/nega_in_zdravje/konopljino-olje-novo-upanje-za-kronicne-tezave.html</url>
    <source-id>si-06</source-id>
    <local-id>1095</local-id>
    <source-name>ur24</source-name>
    <article>
        <article-title>Konopljino olje – novo upanje za kronične težave?</article-title>
        <article-title-transliterated>Konopljino olje – novo upanje za kronične težave?</article-title-transliterated>
        <article-time>2017-09-12</article-time>
        <article-author>P.R.</article-author>
        <article-text>Živimo v času, ko zaradi hitrega tempa življenja pogosto pozabimo nase in ne poslušamo svojega
            telesa. Slabe prehranske navade in škodljive razvade ter premalo gibanja pa k našemu dobremu počutju
            vsekakor ne pripomorejo – še več, pogosto so glavni krivec za kronične bolezni sodobnega časa. K njihovemu
            porastu prav gotovo pripomore tudi vsakdanji stres, ki se mu je tako rekoč nemogoče izogniti. Kako si potem
            sploh še lahko pomagamo?
            Konoplja – naravna rešitev za vaše težave
            Konoplja je že stoletja nazaj veljala za vsestransko rastlino, saj je primerna ne le za izdelavo papirja,
            pohištva, vrvi, oblek in podobnega, ampak je vedno bolj priljubljena tudi v prehrambni industriji. Stara
            ljudstva so jo uporabljala tudi v medicinske namene, vendar pa je znanje o njenih pozitivnih učinkih na
            zdravje vmes zamrlo. Na srečo pa so ta znanja v 20. stoletju znova pričeli obujati mnogi raziskovalci, ki so
            preučevali njene učinke na naše telo.
            Med njimi je tudi dr. Raphael Mechoulam, ki je v 60. letih prejšnjega stoletja odkril kanabidiol (CBD),
            enega najbolj zastopanih kanabinoidov v konoplji, ki pomaga pri obnovi uravnoteženega delovanja
            endokanabinoidnega sistema. To je sistem v našem telesu, ki uravnava vse procese, ki se dogajajo v njem –
            vse od razpoloženja, apetita, spomina, spanja, metabolizma, motoričnega nadzora in plodnosti, pa do
            splošnega razvoja telesa.
            Dobra novica tudi za vse, ki si želijo izgubiti odvečne kilograme
            CBD se je izkazal za izjemno uspešnega tudi pri lajšanju mnogih bolezenskih stanj – tudi kroničnih bolezni,
            kot so kronična utrujenost, nekatere duševne bolezni, sladkorna bolezen, Crohnova bolezen, astma in
            luskavica ter druge kožne bolezni. Kanabidiol ima še vrsto drugih čudovitih lastnosti: znan je kot močan
            antioksidant, deluje protivnetno, antipsihotično, zmanjšuje anksioznost in slabost.
            Najnovejše raziskave so pokazale, da pomaga celo pri hujšanju, saj uravnava apetit in spodbuja gene in
            proteine, ki pospešujejo razgradnjo maščob. Obenem pospešuje razgrajevanje kalorij v telesu in zavira
            nastanek maščobnih celic, zato je več kot dobrodošel pomočnik v boju z odvečnimi kilogrami.
            CBD lahko uživamo na različne načine
            Ni skrivnost, da ima konoplja vrsto koristnih učinkov na naše počutje, a strokovnjaki najbolj priporočajo
            uživanje CBD-ja v obliki izdelkov, ki so za razliko od uživanja čiste konoplje bogatejši s kanabidiolom in
            preprostejši za uporabo. Na tržišču so vedno bolj dostopna različna mazila z vsebnostjo CBD-ja, po
            raziskavah sodeč pa obstajajo še učinkovitejši izdelki z njegovo vsebnostjo:
            Konopljino olje oziroma CBD olje nastane prek posebnega postopka obdelave, obdrži pa vsa pomembna hranila –
            nenasičene maščobne kisline, vitamine, aminokisline in še bi lahko naštevali. Med uporabniki so priljubljene
            razne tinkture, katerih vsebnost CBD-ja je manj koncentrirana kot v olju. Konopljine kapljice nakapljamo pod
            jezik, lahko pa jih zmešamo z medom ali jedilnim oljem. Zelo priljubljena je tudi uporaba uparjevalnikov, s
            pomočjo katerih lahko CBD inhaliramo v obliki prijetne pare.
            Konopljina smola oziroma CBD smola je v posebnem procesu pridobljena s pomočjo ogljikovega dioksida. Ta
            metoda pridobivanja CBD-ja je izjemno učinkovita, saj omogoča pridobivanje zelo močnih in čistih izvlečkov.
            Konopljini kristali oziroma CBD kristali imajo antioksidativne učinke, njihovo odmerjanje pa je enostavnejše
            in natančnejše kot denimo odmerjanje olja ali smole. Zmešamo jih lahko z e-tekočino v uparjevalniku, jih
            dodamo k masi za peko peciva oziroma slaščic ali pa jih zmešamo z jedilnim oljem (najbolj primerno je
            konopljino, olivno ali kokosovo olje).
            Konopljin čaj je prav tako kot drugi konopljini izdelki znan kot odličen antioksidant. Krepi imunski sistem
            in blagodejno vpliva na srčno-žilni sistem ter metabolizem, pomaga pa tudi pri zniževanju holesterola in
            sladkorja v krvi.
            Vrhunski izdelki SupraHemp preverjene nemške kakovosti z visoko vsebnostjo CBD-ja so zdaj končno na voljo
            tudi na slovenskem trgu! Za njihovo uporabo ne potrebujete recepta in niso na voljo v lekarni, temveč na
            spletu – spletna trgovina HempMedico.si ponuja bogato izbiro olj, smol in kristalov blagovne znamke
            SupraHemp, ki jih odlikujejo naslednje lastnosti:
            - Nemška kakovost
            - BIO pridelava
            - Certificirano
            - Izdelano v nadzorovanih laboratorijih
            - Brez glutena, GSO, soje, oreščkov, umetnih barvil in arom
            - Primerno za vegane
            - Primerno za odrasle, otroke in celo živali
            - Popolnoma legalno
            Popolnoma naravno!
            Izjemna prednost uporabe CBD-ja je, da ne bo oviral vaših vsakdanjih opravil. Konopljo sicer mnogi
            povezujejo z omamo in drugimi psihoaktivnimi učinki, a teh ne povzroča CBD, pač pa THC, druga pomembna
            komponenta v njej, zato je vsak strah, da bi uživanje izdelkov z vsebnostjo CBD-ja spremenilo vaš vsakdan,
            odveč. CBD se lahko uživa tudi kot dopolnilo k terapijam z zdravili, vendar se pred uporabo posvetujte z
            osebnim zdravnikom, saj lahko v nekaterih primerih poveča učinkovitost zdravil.
            PRIPOROČILO: V primeru nosečnosti ali težjih bolezenskih stanj se pred uporabo CBD-ja posvetujte z osebnim
            zdravnikom.
            S strokovnim svetovanjem do boljšega počutja
            CBD je nedvomno eno izmed najbolj učinkovitih naravnih prehranskih dopolnil. Njegova uporaba je popolnoma
            varna in primerna tako za odrasle kot otroke, vendar pa lahko enak odmerek pri dveh posameznikih učinkuje na
            popolnoma drugačen način. Odmerek in način uživanja CBD-ja je odvisen od težav in potreb vsakega
            posameznika, splošno pravilo pa je, da višje osebe in osebe z več kilogrami običajno potrebujejo višji
            odmerek od oseb manjše rasti in oseb z manj kilogrami.
            Vsekakor je priporočljivo, da se pred uporabo posvetujemo z za to usposobljenim strokovnjakom, ki nas lahko
            vodi skozi celotno izkušnjo ter uporabo CBD-ja sproti prilagaja našim potrebam. Naši strokovnjaki vsakemu
            izmed naših več kot 2000 zadovoljnih uporabnikov nudijo individualno strokovno svetovanje.
            Pokličite na telefonsko številko 031 624 777 ali nam pošljite sporočilo po elektronski pošti
            info@hempmedico.si.  Povpraševanje lahko oddate tudi na naši spletni strani HempMedico.si ali na Facebook
            strani v zasebnem sporočilu, naši strokovnjaki pa vam bodo odgovorili v najkrajšem možnem času in vam
            pomagali do zdravja in dobrega počutja.
            Izkušnje naših uporabnikov
            Matjaž, 31 let, geodet
            »Ko sem se odločal za nakup 10 % CBD olja, sem bil nekoliko skeptičen, a sem kmalu ugotovil, da je bil vsak
            moj dvom odveč – pogosti prehladi in boleče grlo so s pomočjo CBD-ja postali preteklost!«
            »Zaradi narave mojega poklica veliko časa preživim na prostem, zato me je predvsem v hladnejših delih leta
            večino časa spremljal hud prehlad. Sicer me pri mojem delu ni posebej oviral, je pa bilo sila neprijetno.
            Sprva sem težave lajšal z zdravili, ki mi jih je predpisal osebni zdravnik, ko pa tudi ta niso več
            zadoščala, sem se odločil poskusiti alternativo. Ko sem se odločal za nakup 10 % CBD olja, sem bil nekoliko
            skeptičen, a sem kmalu ugotovil, da je bil vsak moj dvom odveč – pogosti prehladi in boleče grlo so s
            pomočjo CBD-ja postali preteklost!«
            Katjuša, 43 let, frizerka
            »Odkar sem odkrila 15 % CBD olje, se mi je povrnila ljubezen do življenja, pa še sladkorna bolezen je
            postala bolj obvladljiva.«
            Pred dobrimi petimi leti sem odkrila, da imam sladkorno bolezen, saj so se mi pričeli pojavljati tipični
            simptomi – neprestana utrujenost, žeja in lakota. Vse od začetka sem bolezen uspešno krotila, vendar me je
            moje zdravstveno stanje precej potrlo in vsem dotedanjim težavam se je pridružila še depresija. Ker nisem
            želela jemati antidepresivov, sem iskala bolj naravno rešitev. Odkar sem odkrila 15 % CBD olje, se mi je
            povrnila ljubezen do življenja, pa še sladkorna bolezen je postala bolj obvladljiva.«
            Preberite še več izkušenj zadovoljnih uporabnikov konopljinih produktov blagovne znamke SupraHemp.
            Ekskluzivna UGODNOST za bralce 24 ur.com samo do 15. 9. 2017: prejmite 10 % POPUST na celoten nakup ob
            naročilu CBD olja, smole ali kristalov iz ponudbe na spletni strani HempMedico.si
            Preizkusite in se prepričajte o številnih izjemnih učinkih CBD-ja na vaše počutje in spremenite svoje
            življenje na bolje!
            IZKORISTITE TO ENKRATNO PRILOŽNOST in preizkusite ta čudež narave za kar 10 % ceneje TUKAJ >>
            Naročilo je možno tudi prek tel. št. 031 624 777 ali prek elektronske pošte info@hempmedico.si.
            Prijavite se tudi na e-novice in všečkajte našo Facebook stran HempMedico Slovenija ter bodite sproti
            obveščeni o zanimivostih in aktualnih novicah o konoplji in CBD-ju.
            Tudi vi pomagajte svojemu telesu zopet vzpostaviti in ohraniti ravnovesje z revolucionarnim odkritjem, ki ga
            ponuja narava, in ki mu zaupa že na tisoče ljudi po vsem svetu!
            ČAKA VAS TUDI DARILO: BREZPLAČNA E-KNJIGA v vrednosti 19,90 €
            Ker želimo, da na dolgi rok ohranite dobro počutje in zdravje, vam ob nakupu v spletni trgovini
            Hempmedico.si podarjamo tudi BREZPLAČEN izvod e-knjige Vodnik do zdravja: Kako s konopljo in CBD-jem do
            zdravja in boljšega počutja?
            Zaupajte preverjeni kakovosti, zaupajte HempMedicu!
            Naročnik oglasa je SAI skupina.
        </article-text>
        <article-text-transliterated>Živimo v času, ko zaradi hitrega tempa življenja pogosto pozabimo nase in ne
            poslušamo svojega telesa. Slabe prehranske navade in škodljive razvade ter premalo gibanja pa k našemu
            dobremu počutju vsekakor ne pripomorejo – še več, pogosto so glavni krivec za kronične bolezni sodobnega
            časa. K njihovemu porastu prav gotovo pripomore tudi vsakdanji stres, ki se mu je tako rekoč nemogoče
            izogniti. Kako si potem sploh še lahko pomagamo?
            Konoplja – naravna rešitev za vaše težave
            Konoplja je že stoletja nazaj veljala za vsestransko rastlino, saj je primerna ne le za izdelavo papirja,
            pohištva, vrvi, oblek in podobnega, ampak je vedno bolj priljubljena tudi v prehrambni industriji. Stara
            ljudstva so jo uporabljala tudi v medicinske namene, vendar pa je znanje o njenih pozitivnih učinkih na
            zdravje vmes zamrlo. Na srečo pa so ta znanja v 20. stoletju znova pričeli obujati mnogi raziskovalci, ki so
            preučevali njene učinke na naše telo.
            Med njimi je tudi dr. Raphael Mechoulam, ki je v 60. letih prejšnjega stoletja odkril kanabidiol (CBD),
            enega najbolj zastopanih kanabinoidov v konoplji, ki pomaga pri obnovi uravnoteženega delovanja
            endokanabinoidnega sistema. To je sistem v našem telesu, ki uravnava vse procese, ki se dogajajo v njem –
            vse od razpoloženja, apetita, spomina, spanja, metabolizma, motoričnega nadzora in plodnosti, pa do
            splošnega razvoja telesa.
            Dobra novica tudi za vse, ki si želijo izgubiti odvečne kilograme
            CBD se je izkazal za izjemno uspešnega tudi pri lajšanju mnogih bolezenskih stanj – tudi kroničnih bolezni,
            kot so kronična utrujenost, nekatere duševne bolezni, sladkorna bolezen, Crohnova bolezen, astma in
            luskavica ter druge kožne bolezni. Kanabidiol ima še vrsto drugih čudovitih lastnosti: znan je kot močan
            antioksidant, deluje protivnetno, antipsihotično, zmanjšuje anksioznost in slabost.
            Najnovejše raziskave so pokazale, da pomaga celo pri hujšanju, saj uravnava apetit in spodbuja gene in
            proteine, ki pospešujejo razgradnjo maščob. Obenem pospešuje razgrajevanje kalorij v telesu in zavira
            nastanek maščobnih celic, zato je več kot dobrodošel pomočnik v boju z odvečnimi kilogrami.
            CBD lahko uživamo na različne načine
            Ni skrivnost, da ima konoplja vrsto koristnih učinkov na naše počutje, a strokovnjaki najbolj priporočajo
            uživanje CBD-ja v obliki izdelkov, ki so za razliko od uživanja čiste konoplje bogatejši s kanabidiolom in
            preprostejši za uporabo. Na tržišču so vedno bolj dostopna različna mazila z vsebnostjo CBD-ja, po
            raziskavah sodeč pa obstajajo še učinkovitejši izdelki z njegovo vsebnostjo:
            Konopljino olje oziroma CBD olje nastane prek posebnega postopka obdelave, obdrži pa vsa pomembna hranila –
            nenasičene maščobne kisline, vitamine, aminokisline in še bi lahko naštevali. Med uporabniki so priljubljene
            razne tinkture, katerih vsebnost CBD-ja je manj koncentrirana kot v olju. Konopljine kapljice nakapljamo pod
            jezik, lahko pa jih zmešamo z medom ali jedilnim oljem. Zelo priljubljena je tudi uporaba uparjevalnikov, s
            pomočjo katerih lahko CBD inhaliramo v obliki prijetne pare.
            Konopljina smola oziroma CBD smola je v posebnem procesu pridobljena s pomočjo ogljikovega dioksida. Ta
            metoda pridobivanja CBD-ja je izjemno učinkovita, saj omogoča pridobivanje zelo močnih in čistih izvlečkov.
            Konopljini kristali oziroma CBD kristali imajo antioksidativne učinke, njihovo odmerjanje pa je enostavnejše
            in natančnejše kot denimo odmerjanje olja ali smole. Zmešamo jih lahko z e-tekočino v uparjevalniku, jih
            dodamo k masi za peko peciva oziroma slaščic ali pa jih zmešamo z jedilnim oljem (najbolj primerno je
            konopljino, olivno ali kokosovo olje).
            Konopljin čaj je prav tako kot drugi konopljini izdelki znan kot odličen antioksidant. Krepi imunski sistem
            in blagodejno vpliva na srčno-žilni sistem ter metabolizem, pomaga pa tudi pri zniževanju holesterola in
            sladkorja v krvi.
            Vrhunski izdelki SupraHemp preverjene nemške kakovosti z visoko vsebnostjo CBD-ja so zdaj končno na voljo
            tudi na slovenskem trgu! Za njihovo uporabo ne potrebujete recepta in niso na voljo v lekarni, temveč na
            spletu – spletna trgovina HempMedico.si ponuja bogato izbiro olj, smol in kristalov blagovne znamke
            SupraHemp, ki jih odlikujejo naslednje lastnosti:
            - Nemška kakovost
            - BIO pridelava
            - Certificirano
            - Izdelano v nadzorovanih laboratorijih
            - Brez glutena, GSO, soje, oreščkov, umetnih barvil in arom
            - Primerno za vegane
            - Primerno za odrasle, otroke in celo živali
            - Popolnoma legalno
            Popolnoma naravno!
            Izjemna prednost uporabe CBD-ja je, da ne bo oviral vaših vsakdanjih opravil. Konopljo sicer mnogi
            povezujejo z omamo in drugimi psihoaktivnimi učinki, a teh ne povzroča CBD, pač pa THC, druga pomembna
            komponenta v njej, zato je vsak strah, da bi uživanje izdelkov z vsebnostjo CBD-ja spremenilo vaš vsakdan,
            odveč. CBD se lahko uživa tudi kot dopolnilo k terapijam z zdravili, vendar se pred uporabo posvetujte z
            osebnim zdravnikom, saj lahko v nekaterih primerih poveča učinkovitost zdravil.
            PRIPOROČILO: V primeru nosečnosti ali težjih bolezenskih stanj se pred uporabo CBD-ja posvetujte z osebnim
            zdravnikom.
            S strokovnim svetovanjem do boljšega počutja
            CBD je nedvomno eno izmed najbolj učinkovitih naravnih prehranskih dopolnil. Njegova uporaba je popolnoma
            varna in primerna tako za odrasle kot otroke, vendar pa lahko enak odmerek pri dveh posameznikih učinkuje na
            popolnoma drugačen način. Odmerek in način uživanja CBD-ja je odvisen od težav in potreb vsakega
            posameznika, splošno pravilo pa je, da višje osebe in osebe z več kilogrami običajno potrebujejo višji
            odmerek od oseb manjše rasti in oseb z manj kilogrami.
            Vsekakor je priporočljivo, da se pred uporabo posvetujemo z za to usposobljenim strokovnjakom, ki nas lahko
            vodi skozi celotno izkušnjo ter uporabo CBD-ja sproti prilagaja našim potrebam. Naši strokovnjaki vsakemu
            izmed naših več kot 2000 zadovoljnih uporabnikov nudijo individualno strokovno svetovanje.
            Pokličite na telefonsko številko 031 624 777 ali nam pošljite sporočilo po elektronski pošti
            info@hempmedico.si.  Povpraševanje lahko oddate tudi na naši spletni strani HempMedico.si ali na Facebook
            strani v zasebnem sporočilu, naši strokovnjaki pa vam bodo odgovorili v najkrajšem možnem času in vam
            pomagali do zdravja in dobrega počutja.
            Izkušnje naših uporabnikov
            Matjaž, 31 let, geodet
            »Ko sem se odločal za nakup 10 % CBD olja, sem bil nekoliko skeptičen, a sem kmalu ugotovil, da je bil vsak
            moj dvom odveč – pogosti prehladi in boleče grlo so s pomočjo CBD-ja postali preteklost!«
            »Zaradi narave mojega poklica veliko časa preživim na prostem, zato me je predvsem v hladnejših delih leta
            večino časa spremljal hud prehlad. Sicer me pri mojem delu ni posebej oviral, je pa bilo sila neprijetno.
            Sprva sem težave lajšal z zdravili, ki mi jih je predpisal osebni zdravnik, ko pa tudi ta niso več
            zadoščala, sem se odločil poskusiti alternativo. Ko sem se odločal za nakup 10 % CBD olja, sem bil nekoliko
            skeptičen, a sem kmalu ugotovil, da je bil vsak moj dvom odveč – pogosti prehladi in boleče grlo so s
            pomočjo CBD-ja postali preteklost!«
            Katjuša, 43 let, frizerka
            »Odkar sem odkrila 15 % CBD olje, se mi je povrnila ljubezen do življenja, pa še sladkorna bolezen je
            postala bolj obvladljiva.«
            Pred dobrimi petimi leti sem odkrila, da imam sladkorno bolezen, saj so se mi pričeli pojavljati tipični
            simptomi – neprestana utrujenost, žeja in lakota. Vse od začetka sem bolezen uspešno krotila, vendar me je
            moje zdravstveno stanje precej potrlo in vsem dotedanjim težavam se je pridružila še depresija. Ker nisem
            želela jemati antidepresivov, sem iskala bolj naravno rešitev. Odkar sem odkrila 15 % CBD olje, se mi je
            povrnila ljubezen do življenja, pa še sladkorna bolezen je postala bolj obvladljiva.«
            Preberite še več izkušenj zadovoljnih uporabnikov konopljinih produktov blagovne znamke SupraHemp.
            Ekskluzivna UGODNOST za bralce 24 ur.com samo do 15. 9. 2017: prejmite 10 % POPUST na celoten nakup ob
            naročilu CBD olja, smole ali kristalov iz ponudbe na spletni strani HempMedico.si
            Preizkusite in se prepričajte o številnih izjemnih učinkih CBD-ja na vaše počutje in spremenite svoje
            življenje na bolje!
            IZKORISTITE TO ENKRATNO PRILOŽNOST in preizkusite ta čudež narave za kar 10 % ceneje TUKAJ >>
            Naročilo je možno tudi prek tel. št. 031 624 777 ali prek elektronske pošte info@hempmedico.si.
            Prijavite se tudi na e-novice in všečkajte našo Facebook stran HempMedico Slovenija ter bodite sproti
            obveščeni o zanimivostih in aktualnih novicah o konoplji in CBD-ju.
            Tudi vi pomagajte svojemu telesu zopet vzpostaviti in ohraniti ravnovesje z revolucionarnim odkritjem, ki ga
            ponuja narava, in ki mu zaupa že na tisoče ljudi po vsem svetu!
            ČAKA VAS TUDI DARILO: BREZPLAČNA E-KNJIGA v vrednosti 19,90 €
            Ker želimo, da na dolgi rok ohranite dobro počutje in zdravje, vam ob nakupu v spletni trgovini
            Hempmedico.si podarjamo tudi BREZPLAČEN izvod e-knjige Vodnik do zdravja: Kako s konopljo in CBD-jem do
            zdravja in boljšega počutja?
            Zaupajte preverjeni kakovosti, zaupajte HempMedicu!
            Naročnik oglasa je SAI skupina.
        </article-text-transliterated>
    </article>
    <comments>
        <comments-count>0</comments-count>
        <comment-list/>
    </comments>
</document>