<document global-id="si-06-100">
    <url>https://www.24ur.com/popin/glasba/plesalke-so-dale-videospotu-pravo-mero-energije-in-seksapila.html</url>
    <source-id>si-06</source-id>
    <local-id>100</local-id>
    <source-name>ur24</source-name>
    <article>
        <article-title>'Plesalke so dale videospotu pravo mero energije in seksapila'</article-title>
        <article-title-transliterated>'Plesalke so dale videospotu pravo mero energije in seksapila'
        </article-title-transliterated>
        <article-time>2019-06-18</article-time>
        <article-author>B.R.</article-author>
        <article-text>Pevec Werner to poletje osvaja s prav posebnim hitom Lagala, ki ga predstavlja v hrvaškem jeziku.
            Pravi, da je ob pesmi začutil, da bo v hrvaškem jeziku zaživela točno na tak način, kot si je zamislil.

            Kralj ljudskih src Werner predstavlja novo pesem, ki jo je naslovil Lagala. Aranžma za pesem je naredil
            Bojan Dragojevič, pod pesem in besedilo se je podpisal Werner, pod producentsko taktirko pa se podpisuje
            Duško Bačić.
            Pesem pa je dobila tudi video preobleko. Snemanje videospota je tako potekalo v muzeju Slovenskih železnic,
            nad katerim je bil glasbeni ustvarjalec navdušen. Prav tam sta z režiserjem videospota Rokom Mavrom začutila
            tisti utrip, ki sta ga želela ujeti v kamero. Za dodatne svetlobne efekte je poskrbel Jože Rupar, za ekstra
            energičen naboj pa seksi plesalke plesne skupine Exquisites. Werner je bil nad njimi navdušen, za plesno
            koreografijo pa je vadil tudi sam: "Ne morem verjeti, koliko truda, energije in treningov je potrebnih."
            Navdušenja nad plesalkami ni skrival, posebej pa je nanj naredila vtis svetlolasa Svetlana Cigoj, ki je
            plesala v priljubljenem šovu Zvezde plešejo. Werner je še dodal, da so ga dekleta s svojimi gibi navdušile
            in da so resnično prave profesionalke: "Plesalke so dale videospotu pravo mero energije in seksapila, ki ga
            pesem in spot potrebujeta. Za piko na i pa je poskrbela tudi plesalka Sumalee S. Krošelj, ki je navdušila s
            svojim plesom z ognjem." Snemanje videospota je potekalo od zgodnjih jutranjih do poznih večernih ur, prav
            vsi pa so potrdili, da je bila zabava prisotna ves čas ustvarjanja.
        </article-text>
        <article-text-transliterated>Pevec Werner to poletje osvaja s prav posebnim hitom Lagala, ki ga predstavlja v
            hrvaškem jeziku. Pravi, da je ob pesmi začutil, da bo v hrvaškem jeziku zaživela točno na tak način, kot si
            je zamislil.

            Kralj ljudskih src Werner predstavlja novo pesem, ki jo je naslovil Lagala. Aranžma za pesem je naredil
            Bojan Dragojevič, pod pesem in besedilo se je podpisal Werner, pod producentsko taktirko pa se podpisuje
            Duško Bačić.
            Pesem pa je dobila tudi video preobleko. Snemanje videospota je tako potekalo v muzeju Slovenskih železnic,
            nad katerim je bil glasbeni ustvarjalec navdušen. Prav tam sta z režiserjem videospota Rokom Mavrom začutila
            tisti utrip, ki sta ga želela ujeti v kamero. Za dodatne svetlobne efekte je poskrbel Jože Rupar, za ekstra
            energičen naboj pa seksi plesalke plesne skupine Exquisites. Werner je bil nad njimi navdušen, za plesno
            koreografijo pa je vadil tudi sam: "Ne morem verjeti, koliko truda, energije in treningov je potrebnih."
            Navdušenja nad plesalkami ni skrival, posebej pa je nanj naredila vtis svetlolasa Svetlana Cigoj, ki je
            plesala v priljubljenem šovu Zvezde plešejo. Werner je še dodal, da so ga dekleta s svojimi gibi navdušile
            in da so resnično prave profesionalke: "Plesalke so dale videospotu pravo mero energije in seksapila, ki ga
            pesem in spot potrebujeta. Za piko na i pa je poskrbela tudi plesalka Sumalee S. Krošelj, ki je navdušila s
            svojim plesom z ognjem." Snemanje videospota je potekalo od zgodnjih jutranjih do poznih večernih ur, prav
            vsi pa so potrdili, da je bila zabava prisotna ves čas ustvarjanja.
        </article-text-transliterated>
    </article>
    <comments>
        <comments-count>2</comments-count>
        <comment-list>
            <comment comment-id="1">
                <comment-parent-id/>
                <comment-text>Pa kaj zdaj že vsi hrvaško pojejo.. Brez veze</comment-text>
                <comment-text-transliterated>Pa kaj zdaj že vsi hrvaško pojejo.. Brez veze</comment-text-transliterated>
            </comment>
            <comment comment-id="2">
                <comment-parent-id/>
                <comment-text>Dobro razmahuje zrokam nevem a ga komarji napadajo</comment-text>
                <comment-text-transliterated>Dobro razmahuje zrokam nevem a ga komarji napadajo
                </comment-text-transliterated>
            </comment>
        </comment-list>
    </comments>
</document>