<document global-id="si-06-1077">
    <url>https://www.24ur.com/ekskluziv/film_tv/ko-se-nam-je-leta-2016-malo-zalomilo.html</url>
    <source-id>si-06</source-id>
    <local-id>1077</local-id>
    <source-name>ur24</source-name>
    <article>
        <article-title>Ko se nam je leta 2016 'malo zalomilo' ...</article-title>
        <article-title-transliterated>Ko se nam je leta 2016 'malo zalomilo' ...</article-title-transliterated>
        <article-time>2017-01-02</article-time>
        <article-author>SVET/24UR</article-author>
        <article-text>Ko ti besede uidejo iz glave v najbolj nepravem trenutku, ko imaš res neroden dan - ali več njih -
            ali pa, ko si brez dlake na jeziku. Še dobro, da vse ne gre v eter. A glej ga zlomka, v arhivu je pa vse.
        </article-text>
        <article-text-transliterated>Ko ti besede uidejo iz glave v najbolj nepravem trenutku, ko imaš res neroden dan -
            ali več njih - ali pa, ko si brez dlake na jeziku. Še dobro, da vse ne gre v eter. A glej ga zlomka, v
            arhivu je pa vse.
        </article-text-transliterated>
    </article>
    <comments>
        <comments-count>13</comments-count>
        <comment-list>
            <comment comment-id="1">
                <comment-parent-id/>
                <comment-text>joj vi pa ste za hece..pravi pobalini :)</comment-text>
                <comment-text-transliterated>joj vi pa ste za hece..pravi pobalini :)</comment-text-transliterated>
            </comment>
            <comment comment-id="2">
                <comment-parent-id/>
                <comment-text>Ljubko</comment-text>
                <comment-text-transliterated>Ljubko</comment-text-transliterated>
            </comment>
            <comment comment-id="3">
                <comment-parent-id/>
                <comment-text>TEH kurnikov že dolgo ne gledam več samo tuje programe ker naši samo nakladajo in se
                    šopirijo_podn
                </comment-text>
                <comment-text-transliterated>TEH kurnikov že dolgo ne gledam več samo tuje programe ker naši samo
                    nakladajo in se šopirijo_podn
                </comment-text-transliterated>
            </comment>
            <comment comment-id="3-1">
                <comment-parent-id>3</comment-parent-id>
                <comment-text>Na njihovem portalu pa še vedno visiš usak dan, širiš pesimizem in v tem več kot očitno
                    uživaš. Vrhunec dneva dosežen. Bravo!
                </comment-text>
                <comment-text-transliterated>Na njihovem portalu pa še vedno visiš usak dan, širiš pesimizem in v tem
                    več kot očitno uživaš. Vrhunec dneva dosežen. Bravo!
                </comment-text-transliterated>
            </comment>
            <comment comment-id="4">
                <comment-parent-id/>
                <comment-text>Pred svojim prispevkom, pa kar brez reklam. Bi se ta praksa lahko nadaljevala ?
                </comment-text>
                <comment-text-transliterated>Pred svojim prispevkom, pa kar brez reklam. Bi se ta praksa lahko
                    nadaljevala ?
                </comment-text-transliterated>
            </comment>
            <comment comment-id="5">
                <comment-parent-id/>
                <comment-text>Kot vidim lažete, da ste v živo :)</comment-text>
                <comment-text-transliterated>Kot vidim lažete, da ste v živo :)</comment-text-transliterated>
            </comment>
            <comment comment-id="5-1">
                <comment-parent-id>5</comment-parent-id>
                <comment-text>najboljše se une, kao v živo, zunaj pri njih je dan, ko pa gledaš je pa že tema
                </comment-text>
                <comment-text-transliterated>najboljše se une, kao v živo, zunaj pri njih je dan, ko pa gledaš je pa že
                    tema
                </comment-text-transliterated>
            </comment>
            <comment comment-id="5-2">
                <comment-parent-id>5</comment-parent-id>
                <comment-text>saj niso vreme šport in ostalo je posneto že vnaprej, tako kot oddaja 24 ur zvečer
                </comment-text>
                <comment-text-transliterated>saj niso vreme šport in ostalo je posneto že vnaprej, tako kot oddaja 24 ur
                    zvečer
                </comment-text-transliterated>
            </comment>
            <comment comment-id="5-3">
                <comment-parent-id>5</comment-parent-id>
                <comment-text>Normalno, da ne gre v živo, sej niso sposobni, ko pa se za vsak d.rek začnejo smejat.
                </comment-text>
                <comment-text-transliterated>Normalno, da ne gre v živo, sej niso sposobni, ko pa se za vsak d.rek
                    začnejo smejat.
                </comment-text-transliterated>
            </comment>
            <comment comment-id="6">
                <comment-parent-id/>
                <comment-text>..tečni ste s tem in niti malo smešni!!!</comment-text>
                <comment-text-transliterated>..tečni ste s tem in niti malo smešni!!!</comment-text-transliterated>
            </comment>
            <comment comment-id="6-1">
                <comment-parent-id>6</comment-parent-id>
                <comment-text>Lisa, upam da ti novo leto prinese kaj več pozitivne energije, smeha in veselja. Verjetno
                    ti nebi škodilo zamenjati sivih misli z malo bolj mavričnimi odtenki pogleda na svet okoli sebe.
                </comment-text>
                <comment-text-transliterated>Lisa, upam da ti novo leto prinese kaj več pozitivne energije, smeha in
                    veselja. Verjetno ti nebi škodilo zamenjati sivih misli z malo bolj mavričnimi odtenki pogleda na
                    svet okoli sebe.
                </comment-text-transliterated>
            </comment>
            <comment comment-id="6-2">
                <comment-parent-id>6</comment-parent-id>
                <comment-text>ko si omenil mavrične odtenke je tud mene nekam prjelo</comment-text>
                <comment-text-transliterated>ko si omenil mavrične odtenke je tud mene nekam prjelo
                </comment-text-transliterated>
            </comment>
            <comment comment-id="6-3">
                <comment-parent-id>6</comment-parent-id>
                <comment-text>Sorry, če pa je ta prispevek simpatičen...mislim, daj no!! Tako so narejeni, da z roko
                    primeš!! Malo objektive ne škodi!! Srečno 2017
                </comment-text>
                <comment-text-transliterated>Sorry, če pa je ta prispevek simpatičen...mislim, daj no!! Tako so
                    narejeni, da z roko primeš!! Malo objektive ne škodi!! Srečno 2017
                </comment-text-transliterated>
            </comment>
        </comment-list>
    </comments>
</document>