<document global-id="si-06-1369">
    <url>
        https://www.24ur.com/novice/svet/najboljsa-uciteljica-na-svetu-za-nagrado-prejela-milijon-ameriskih-dolarjev.html
    </url>
    <source-id>si-06</source-id>
    <local-id>1369</local-id>
    <source-name>ur24</source-name>
    <article>
        <article-title>Najboljša učiteljica na svetu uči v okolju z najvišjim številom umorov v Britaniji: učenci pišejo
            nalogo v kopalnici
        </article-title>
        <article-title-transliterated>Najboljša učiteljica na svetu uči v okolju z najvišjim številom umorov v
            Britaniji: učenci pišejo nalogo v kopalnici
        </article-title-transliterated>
        <article-time>2018-03-20</article-time>
        <article-author>A.I.</article-author>
        <article-text>Britanska učiteljica Andria Zafirakou je postala najboljša učiteljica na svetu, za kar je prejela
            milijon ameriških dolarjev nagrade. Andria poučuje umetnost, za svoje učence pa pravi, da so "neverjetni".
            Nominirali so jo, ker je predana in sposobna iz vsakega od njih zvleči nek potencial. Med 40 finalisti je
            bila tudi Srbkinja Željana Radojičić - Lukić.
            Najboljša učiteljica na svetu je postala Britanka Andria Zafirakou, ki v Brentu na severovzhodu Londona
            poučuje umetnost. Nagrado so ji podelili na slovesnosti v Dubaju, ob tem je prejela tudi milijon ameriških
            dolarjev nagrade (800.000 evrov). 
            Slavnostne podelitve so se udeležile številne znane osebnosti, med njimi nekdanji ameriški podpredsednik Al
            Gore, nekdanji britanski premier Tony Blair in voznik formule ena Lewis Hamilton. 
            "Bila sem šokirana in popolnoma iz sebe. Nisem mogla dojeti, da sem prav jaz dobila nagrado," je povedala
            novinarjem presrečna nagrajenka. Dodala pa še, da britanski učitelji ogromno delajo in da je nagrada
            pravzaprav vsaj malce tudi njihova. 
            Na vprašanje, kaj bo storila z denarjem, je dejala, da bo o tem še razmislila. "Vsekakor pa se bom trudila,
            da bo umetnost še bolj zastopana v naši lokalni skupnosti." Ob tem je pozvala, da se da umetnosti večjo
            veljavo, saj so šole tiste, ki vnašajo v otroška življenja bistveno razliko s tem, da jim dopuščajo
            izražanje kreativnosti. "Vidim, kako umetnost pomaga šolarjem pri njihovi komunikaciji. Daje jim samozavest
            in iz njih ustvarja neverjetne mlade ljudi."
            Andrii je na platnu čestitala tudi britanska premierka Theresa May, ki je dejala, da je to velik poklon za
            njeno pedagoško delo. Zafirakoua je prva Britanka, ki je prejela nagrado za najboljšo pedagoginjo na svetu.
            "Biti učitelj zahteva od človeka določeno predanost, iznajdljivost in radodarno srce. To so kakovosti, ki
            jih pedagogi vsak dan prenašajo na učence, zato se jim zahvaljujem in jih prosim, da to počnejo še naprej." 
            Šola, na kateri poučuje Andria, stoji v enem od najrevnejših predelov Londona. Mestni okraj v Brentu je
            izjemno etnično pisan, učenci prihajajo iz različnih družin, na območju je moč slišati okrog 130 jezikov. 
            Da bi se s šolarji čim bolj povezala, se je Zafirakoua naučila nekaj osnovnih fraz hindijščine in
            tamilščine, pa tudi gudžaratskega jezika, učence obiskuje tudi na njihovih domovih, poroča Guardian.
            "Ko mi šolarji razkrijejo dejstva o svoji družini, odkrijem, da jih veliko živi v prenatrpanih hišah," je
            dejala nagrajena pedagoginja. "Velikokrat bivajo v tako hrupnem in kaotičnem okolju, da domačo nalogo pišejo
            v kopalnici, ker se le tam lahko zberejo."
            Andria je na šoli organizirala dodatne ure, med katerimi lahko učenci v miru opravijo šolske dolžnosti.
            "Najbolj pomembno je, da jemljejo šolo za svojo. Ne glede na to, kaj se jim dogaja za štirimi stenami, kaj
            doživljajo doma, naša šola bo vedno njihova."
            Z nekaterimi učitelji so pripravili poseben urnik, uvedli na primer športne krožke, ki jih lahko obiskujejo
            le dekleta, da bi s tem pomirili njihovo konzervativno okolico.
            Učiteljica na območju z najvišjim številom umorov v državi
            Predel Londona, v katerem dela Andria, se uvršča v sam vrh po številu umorov v državi. Angleščina je
            največkrat šele drugi jezik, ki ga otroci govorijo doma. 
            Učenci, ki so učiteljico nominirali za nagrado, so ob tem izpostavili njeno predanost in sposobnost, da jih
            navdihne ter v vsakem od njih odkrije nek potencial. 
            Lani je nagrado za najboljšo učiteljico na svetu prejela Kanadčanka Maggie MacDonnell, ki dela z učenci iz
            izolirane in oddaljene vasice Salluit na severu Quebeca.
            Med 10 finalistov so se uvrstili še pedagogi iz Avstralije, Belgije, Brazilije, Kolumbije, Norveške,
            Filipinov, Južne Afrike, Turčije in ZDA. Se je pa v širšem izboru 40 najboljših učiteljev znašla tudi
            Srbkinja Željana Radojičić - Lukić. 
            Zafirakoua bo za naziv najboljše učiteljice na svetu prejela milijon ameriških dolarjev nagrade, izplačali
            ji jo bodo v več delih, poleg tega je postala mednarodna ambasadorka fundacije Varkey, ki vsako leto
            podeljuje nagrado. Edini pogoj, ki ga mora izpolniti je, da še najmanj pet let ostane učiteljica.
        </article-text>
        <article-text-transliterated>Britanska učiteljica Andria Zafirakou je postala najboljša učiteljica na svetu, za
            kar je prejela milijon ameriških dolarjev nagrade. Andria poučuje umetnost, za svoje učence pa pravi, da so
            "neverjetni". Nominirali so jo, ker je predana in sposobna iz vsakega od njih zvleči nek potencial. Med 40
            finalisti je bila tudi Srbkinja Željana Radojičić - Lukić.
            Najboljša učiteljica na svetu je postala Britanka Andria Zafirakou, ki v Brentu na severovzhodu Londona
            poučuje umetnost. Nagrado so ji podelili na slovesnosti v Dubaju, ob tem je prejela tudi milijon ameriških
            dolarjev nagrade (800.000 evrov). 
            Slavnostne podelitve so se udeležile številne znane osebnosti, med njimi nekdanji ameriški podpredsednik Al
            Gore, nekdanji britanski premier Tony Blair in voznik formule ena Lewis Hamilton. 
            "Bila sem šokirana in popolnoma iz sebe. Nisem mogla dojeti, da sem prav jaz dobila nagrado," je povedala
            novinarjem presrečna nagrajenka. Dodala pa še, da britanski učitelji ogromno delajo in da je nagrada
            pravzaprav vsaj malce tudi njihova. 
            Na vprašanje, kaj bo storila z denarjem, je dejala, da bo o tem še razmislila. "Vsekakor pa se bom trudila,
            da bo umetnost še bolj zastopana v naši lokalni skupnosti." Ob tem je pozvala, da se da umetnosti večjo
            veljavo, saj so šole tiste, ki vnašajo v otroška življenja bistveno razliko s tem, da jim dopuščajo
            izražanje kreativnosti. "Vidim, kako umetnost pomaga šolarjem pri njihovi komunikaciji. Daje jim samozavest
            in iz njih ustvarja neverjetne mlade ljudi."
            Andrii je na platnu čestitala tudi britanska premierka Theresa May, ki je dejala, da je to velik poklon za
            njeno pedagoško delo. Zafirakoua je prva Britanka, ki je prejela nagrado za najboljšo pedagoginjo na svetu.
            "Biti učitelj zahteva od človeka določeno predanost, iznajdljivost in radodarno srce. To so kakovosti, ki
            jih pedagogi vsak dan prenašajo na učence, zato se jim zahvaljujem in jih prosim, da to počnejo še naprej." 
            Šola, na kateri poučuje Andria, stoji v enem od najrevnejših predelov Londona. Mestni okraj v Brentu je
            izjemno etnično pisan, učenci prihajajo iz različnih družin, na območju je moč slišati okrog 130 jezikov. 
            Da bi se s šolarji čim bolj povezala, se je Zafirakoua naučila nekaj osnovnih fraz hindijščine in
            tamilščine, pa tudi gudžaratskega jezika, učence obiskuje tudi na njihovih domovih, poroča Guardian.
            "Ko mi šolarji razkrijejo dejstva o svoji družini, odkrijem, da jih veliko živi v prenatrpanih hišah," je
            dejala nagrajena pedagoginja. "Velikokrat bivajo v tako hrupnem in kaotičnem okolju, da domačo nalogo pišejo
            v kopalnici, ker se le tam lahko zberejo."
            Andria je na šoli organizirala dodatne ure, med katerimi lahko učenci v miru opravijo šolske dolžnosti.
            "Najbolj pomembno je, da jemljejo šolo za svojo. Ne glede na to, kaj se jim dogaja za štirimi stenami, kaj
            doživljajo doma, naša šola bo vedno njihova."
            Z nekaterimi učitelji so pripravili poseben urnik, uvedli na primer športne krožke, ki jih lahko obiskujejo
            le dekleta, da bi s tem pomirili njihovo konzervativno okolico.
            Učiteljica na območju z najvišjim številom umorov v državi
            Predel Londona, v katerem dela Andria, se uvršča v sam vrh po številu umorov v državi. Angleščina je
            največkrat šele drugi jezik, ki ga otroci govorijo doma. 
            Učenci, ki so učiteljico nominirali za nagrado, so ob tem izpostavili njeno predanost in sposobnost, da jih
            navdihne ter v vsakem od njih odkrije nek potencial. 
            Lani je nagrado za najboljšo učiteljico na svetu prejela Kanadčanka Maggie MacDonnell, ki dela z učenci iz
            izolirane in oddaljene vasice Salluit na severu Quebeca.
            Med 10 finalistov so se uvrstili še pedagogi iz Avstralije, Belgije, Brazilije, Kolumbije, Norveške,
            Filipinov, Južne Afrike, Turčije in ZDA. Se je pa v širšem izboru 40 najboljših učiteljev znašla tudi
            Srbkinja Željana Radojičić - Lukić. 
            Zafirakoua bo za naziv najboljše učiteljice na svetu prejela milijon ameriških dolarjev nagrade, izplačali
            ji jo bodo v več delih, poleg tega je postala mednarodna ambasadorka fundacije Varkey, ki vsako leto
            podeljuje nagrado. Edini pogoj, ki ga mora izpolniti je, da še najmanj pet let ostane učiteljica.
        </article-text-transliterated>
    </article>
    <comments>
        <comments-count>19</comments-count>
        <comment-list>
            <comment comment-id="1">
                <comment-parent-id/>
                <comment-text>Zanimivo je da imajo največ umorov,glede na to da njihova vojska posreduje po afriških
                    državah,lahko bi jo poslali na misijo v Brenton za par let!Kot Američani ki so celemu svetu policaji
                    doma pa kaos!!
                </comment-text>
                <comment-text-transliterated>Zanimivo je da imajo največ umorov,glede na to da njihova vojska posreduje
                    po afriških državah,lahko bi jo poslali na misijo v Brenton za par let!Kot Američani ki so celemu
                    svetu policaji doma pa kaos!!
                </comment-text-transliterated>
            </comment>
            <comment comment-id="2">
                <comment-parent-id/>
                <comment-text>te nagrade so kr neki... kda bo moja dobla za najbolso... ne bo ne ;)</comment-text>
                <comment-text-transliterated>te nagrade so kr neki... kda bo moja dobla za najbolso... ne bo ne ;)
                </comment-text-transliterated>
            </comment>
            <comment comment-id="3">
                <comment-parent-id/>
                <comment-text>To spet nekaj Angleži sami sebi delijo neke titule.... Kot jaz vem je mesto z daleč največ
                    umori glede na število prebivalcev Ciudad Juarez na meji z ZDA. Tako da ne vem kje so našli ravno
                    London........
                </comment-text>
                <comment-text-transliterated>To spet nekaj Angleži sami sebi delijo neke titule.... Kot jaz vem je mesto
                    z daleč največ umori glede na število prebivalcev Ciudad Juarez na meji z ZDA. Tako da ne vem kje so
                    našli ravno London........
                </comment-text-transliterated>
            </comment>
            <comment comment-id="4">
                <comment-parent-id/>
                <comment-text>Čudno...Štrukel pravi, da imamo mi vrhunske učitelje ?!?...</comment-text>
                <comment-text-transliterated>Čudno...Štrukel pravi, da imamo mi vrhunske učitelje ?!?...
                </comment-text-transliterated>
            </comment>
            <comment comment-id="4-1">
                <comment-parent-id>4</comment-parent-id>
                <comment-text>Ja res,na kuharje in ostale v šolah,pa je pozabil.</comment-text>
                <comment-text-transliterated>Ja res,na kuharje in ostale v šolah,pa je pozabil.
                </comment-text-transliterated>
            </comment>
            <comment comment-id="5">
                <comment-parent-id/>
                <comment-text>Kmalu bo kaj podobnega tudi v Sloveniji in sej res ta Anglija že živa greznica je!
                </comment-text>
                <comment-text-transliterated>Kmalu bo kaj podobnega tudi v Sloveniji in sej res ta Anglija že živa
                    greznica je!
                </comment-text-transliterated>
            </comment>
            <comment comment-id="6">
                <comment-parent-id/>
                <comment-text>Etnicno pisan in stevilo umorov...nakljucje?</comment-text>
                <comment-text-transliterated>Etnicno pisan in stevilo umorov...nakljucje?</comment-text-transliterated>
            </comment>
            <comment comment-id="7">
                <comment-parent-id/>
                <comment-text>Dober opis tega kar je nastalo iz Anglije.... Greznica!</comment-text>
                <comment-text-transliterated>Dober opis tega kar je nastalo iz Anglije.... Greznica!
                </comment-text-transliterated>
            </comment>
            <comment comment-id="8">
                <comment-parent-id/>
                <comment-text>...uvedli na primer športne krožke, ki jih lahko obiskujejo le dekleta, da bi s tem
                    pomirili njihovo konzervativno okolico... Evo tu je napaka. Bi mi pustili v muslimanskem svetu
                    rediti svinjo in jo tradicionalno s svojimi obiöaji tudi zaklati? Ne bi. Mi pa se njim lepo klanjamo
                    in priligajamo, da bo mir. Pa poznam tudi muslimane. Ampak so se prilagodili.
                </comment-text>
                <comment-text-transliterated>...uvedli na primer športne krožke, ki jih lahko obiskujejo le dekleta, da
                    bi s tem pomirili njihovo konzervativno okolico... Evo tu je napaka. Bi mi pustili v muslimanskem
                    svetu rediti svinjo in jo tradicionalno s svojimi obiöaji tudi zaklati? Ne bi. Mi pa se njim lepo
                    klanjamo in priligajamo, da bo mir. Pa poznam tudi muslimane. Ampak so se prilagodili.
                </comment-text-transliterated>
            </comment>
            <comment comment-id="9">
                <comment-parent-id/>
                <comment-text>Ko sem videl sliko sem tako vedel kam in kaj je katarski kralj gledal da jo je izbral za
                    najboljso uciteljico, to ti vam je mis tekmovanje za porocene in v letih. Boki pa so privabli
                    katarce mmmmmm kaki trebusni ples pravi kralj ..
                </comment-text>
                <comment-text-transliterated>Ko sem videl sliko sem tako vedel kam in kaj je katarski kralj gledal da jo
                    je izbral za najboljso uciteljico, to ti vam je mis tekmovanje za porocene in v letih. Boki pa so
                    privabli katarce mmmmmm kaki trebusni ples pravi kralj ..
                </comment-text-transliterated>
            </comment>
            <comment comment-id="10">
                <comment-parent-id/>
                <comment-text>V eni novici pišejo da umori in nasilje nimajo nič z migranti in etničnimi, a sedaj pišejo
                    da je najbolj nevaren predel kjer je veliko etničnih oz. migrantov. Kako se že temu reče diplomirani
                    novinarji?!?
                </comment-text>
                <comment-text-transliterated>V eni novici pišejo da umori in nasilje nimajo nič z migranti in etničnimi,
                    a sedaj pišejo da je najbolj nevaren predel kjer je veliko etničnih oz. migrantov. Kako se že temu
                    reče diplomirani novinarji?!?
                </comment-text-transliterated>
            </comment>
            <comment comment-id="11">
                <comment-parent-id/>
                <comment-text>A ste prebrali kaksen clanek v tujem jeziku? SAMA s timom uciteljev je preoblikovala
                    kurikul za boljse ucne ure in nacrte, da bi bili skladni z njenimi ucenci in sposobnostmi, zato da
                    jim je lepo prihajat v solo, kjer naj se pocutijo DOMA. CESTITKE, gospa uciteljica. Nasi ucitelji se
                    ne smejo niti pritoziti nad predpisanim, ajajajaj
                </comment-text>
                <comment-text-transliterated>A ste prebrali kaksen clanek v tujem jeziku? SAMA s timom uciteljev je
                    preoblikovala kurikul za boljse ucne ure in nacrte, da bi bili skladni z njenimi ucenci in
                    sposobnostmi, zato da jim je lepo prihajat v solo, kjer naj se pocutijo DOMA. CESTITKE, gospa
                    uciteljica. Nasi ucitelji se ne smejo niti pritoziti nad predpisanim, ajajajaj
                </comment-text-transliterated>
            </comment>
            <comment comment-id="12">
                <comment-parent-id/>
                <comment-text>Kje so pa slovenski učitelji? Aja oni sam štrajkajo</comment-text>
                <comment-text-transliterated>Kje so pa slovenski učitelji? Aja oni sam štrajkajo
                </comment-text-transliterated>
            </comment>
            <comment comment-id="13">
                <comment-parent-id/>
                <comment-text>Najboljše učiteljice ni možno !! iskati in izbrati.//</comment-text>
                <comment-text-transliterated>Najboljše učiteljice ni možno !! iskati in izbrati.//
                </comment-text-transliterated>
            </comment>
            <comment comment-id="14">
                <comment-parent-id/>
                <comment-text>Grkinja......</comment-text>
                <comment-text-transliterated>Grkinja......</comment-text-transliterated>
            </comment>
            <comment comment-id="15">
                <comment-parent-id/>
                <comment-text>Čudi me, da ni kandidiral Štrukelj...</comment-text>
                <comment-text-transliterated>Čudi me, da ni kandidiral Štrukelj...</comment-text-transliterated>
            </comment>
            <comment comment-id="16">
                <comment-parent-id/>
                <comment-text>umori v britaniji? o čem pa se tu gre saj je orožje prepovedano v britaniji!! pa ja menda
                    to reši ves problem kriminala!
                </comment-text>
                <comment-text-transliterated>umori v britaniji? o čem pa se tu gre saj je orožje prepovedano v
                    britaniji!! pa ja menda to reši ves problem kriminala!
                </comment-text-transliterated>
            </comment>
            <comment comment-id="17">
                <comment-parent-id/>
                <comment-text>Slovenski ucitelji se izbora niso mogli udeleziti, ker so bili na stavki.,</comment-text>
                <comment-text-transliterated>Slovenski ucitelji se izbora niso mogli udeleziti, ker so bili na
                    stavki.,
                </comment-text-transliterated>
            </comment>
            <comment comment-id="18">
                <comment-parent-id/>
                <comment-text>Hindijščina NE obstaja, obstaja pa HINDI.</comment-text>
                <comment-text-transliterated>Hindijščina NE obstaja, obstaja pa HINDI.</comment-text-transliterated>
            </comment>
        </comment-list>
    </comments>
</document>