<document global-id="si-06-1428">
    <url>https://www.24ur.com/popin/domaca-scena/nina-puslar-nekaj-svojih-pesmi-prevedla-v-cescino.html</url>
    <source-id>si-06</source-id>
    <local-id>1428</local-id>
    <source-name>ur24</source-name>
    <article>
        <article-title>Nina Pušlar nekaj svojih pesmi prevedla v češčino</article-title>
        <article-title-transliterated>Nina Pušlar nekaj svojih pesmi prevedla v češčino</article-title-transliterated>
        <article-time>2019-09-03</article-time>
        <article-author>T.A.</article-author>
        <article-text>Priljubljena slovenska pevka Nina Pušlar ima številne skrite talente in strasti, med drugim
            obožuje tudi tuje jezike, saj se že pet let uči španščine. Pred kratkim pa je vzljubila tudi češki jezik, v
            katerega je prevedla nekaj svojih pesmi, saj se ji zdi zelo speven.
            Slovenska pevka Nina Pušlar je pred kratkim predstavila nov videospot za pesem Svet na dlani, s katerim
            napoveduje svoj šesti album, sicer pa se trenutno pripravlja na svoj veliki samostojni koncert v
            ljubljanskih Križankah, ki bo 6. septembra. Pevka pa ima še eno presenečenje, ki pa ga do zdaj še ni
            predstavila javnosti. Rdečelaski je zelo pri srcu češki jezik, v katerega je že prevedla nekaj svojih pesmi.
            Nina obožuje tuje jezike, saj se že pet let pridno uči španščino, njena učiteljica pa govori tudi češčino.
            "Nekoč sva se nekaj šalili in je začela moje pesmi peti v češčini in ker je podobnost med jezikoma res kar
            precejšnja, je te pesmi zelo enostavno prevesti," je povedala Nina za 24ur.com. Za zdaj ima prevedenih že
            pet ali šest skladb, ki pa jih še ne bo predstavila javnosti. "Pesmi v češčini se lahko slišijo predvsem na
            tonskih vajah pred koncerti, kjer se rada malo pošalim in včasih zapojem tudi v tem jeziku. Nikoli pa ne
            veš, kdaj ti kaj takega pride prav," je še dodala.
            Sicer pa se Nina češčine ne namerava učiti: "Učiteljica mi pesmi prevede, jaz pa jih pojem. Všeč mi je zven
            jezika, zato upam, da bomo v prihodnosti prevedli še kakšno pesem." Priljubljena pevka si glede češčine
            pušča prosto pot in pravi, da bodo mogoče celo posneli kakšno skladbo v tem slovanskem jeziku. "Jezik mi je
            lep, simpatičen, posrečen in na trenutke mi pesmi zvenijo celo smešno in ravno zato so mi tako posebne," je
            povedala za naš portal. 
            Nina se trenutno pripravlja na koncert v ljubljanskih Križankah, ki jo čaka konec tedna, kjer je nazadnje
            nastopila pred štirimi leti, ko je ob 10. obletnici glasbene kariere razprodala priljubljeno glasbeno
            prizorišče. "Po Križankah bomo morali čim bolje predstaviti novo ploščo, veliko se bo vrtelo okoli albuma in
            novih pesmi, želim si, da bi za čim več novih skladb posneli videospote," je povedala prikupna glasbenica in
            dodala: "Septembra načrtujemo krajši koncertni premor, oktobra pa že nadaljujemo z nastopi. Sicer pa je bila
            poletna grajska turneja res nekaj lepega, ta prizorišča so res posebna, za nas glasbenike in občinstvo."
            Rdečelaska, ki vsakič znova s svojo energijo razveseli poslušalce, je povedala, da ji je vse bolj pomembno
            tudi prizorišče, na katerem nastopi: "Čedalje bolj opažam, kako je za dober koncert pomembno tudi, kakšno je
            prizorišče in kaj takega bi z veseljem še kdaj ponovila, mogoče v malo spremenjeni zvočni podobi." Nina je
            še priznala, da se leta 2020 še posebej veseli, ker bo praznovala 15. obletnico svoje glasbene poti.
        </article-text>
        <article-text-transliterated>Priljubljena slovenska pevka Nina Pušlar ima številne skrite talente in strasti,
            med drugim obožuje tudi tuje jezike, saj se že pet let uči španščine. Pred kratkim pa je vzljubila tudi
            češki jezik, v katerega je prevedla nekaj svojih pesmi, saj se ji zdi zelo speven.
            Slovenska pevka Nina Pušlar je pred kratkim predstavila nov videospot za pesem Svet na dlani, s katerim
            napoveduje svoj šesti album, sicer pa se trenutno pripravlja na svoj veliki samostojni koncert v
            ljubljanskih Križankah, ki bo 6. septembra. Pevka pa ima še eno presenečenje, ki pa ga do zdaj še ni
            predstavila javnosti. Rdečelaski je zelo pri srcu češki jezik, v katerega je že prevedla nekaj svojih pesmi.
            Nina obožuje tuje jezike, saj se že pet let pridno uči španščino, njena učiteljica pa govori tudi češčino.
            "Nekoč sva se nekaj šalili in je začela moje pesmi peti v češčini in ker je podobnost med jezikoma res kar
            precejšnja, je te pesmi zelo enostavno prevesti," je povedala Nina za 24ur.com. Za zdaj ima prevedenih že
            pet ali šest skladb, ki pa jih še ne bo predstavila javnosti. "Pesmi v češčini se lahko slišijo predvsem na
            tonskih vajah pred koncerti, kjer se rada malo pošalim in včasih zapojem tudi v tem jeziku. Nikoli pa ne
            veš, kdaj ti kaj takega pride prav," je še dodala.
            Sicer pa se Nina češčine ne namerava učiti: "Učiteljica mi pesmi prevede, jaz pa jih pojem. Všeč mi je zven
            jezika, zato upam, da bomo v prihodnosti prevedli še kakšno pesem." Priljubljena pevka si glede češčine
            pušča prosto pot in pravi, da bodo mogoče celo posneli kakšno skladbo v tem slovanskem jeziku. "Jezik mi je
            lep, simpatičen, posrečen in na trenutke mi pesmi zvenijo celo smešno in ravno zato so mi tako posebne," je
            povedala za naš portal. 
            Nina se trenutno pripravlja na koncert v ljubljanskih Križankah, ki jo čaka konec tedna, kjer je nazadnje
            nastopila pred štirimi leti, ko je ob 10. obletnici glasbene kariere razprodala priljubljeno glasbeno
            prizorišče. "Po Križankah bomo morali čim bolje predstaviti novo ploščo, veliko se bo vrtelo okoli albuma in
            novih pesmi, želim si, da bi za čim več novih skladb posneli videospote," je povedala prikupna glasbenica in
            dodala: "Septembra načrtujemo krajši koncertni premor, oktobra pa že nadaljujemo z nastopi. Sicer pa je bila
            poletna grajska turneja res nekaj lepega, ta prizorišča so res posebna, za nas glasbenike in občinstvo."
            Rdečelaska, ki vsakič znova s svojo energijo razveseli poslušalce, je povedala, da ji je vse bolj pomembno
            tudi prizorišče, na katerem nastopi: "Čedalje bolj opažam, kako je za dober koncert pomembno tudi, kakšno je
            prizorišče in kaj takega bi z veseljem še kdaj ponovila, mogoče v malo spremenjeni zvočni podobi." Nina je
            še priznala, da se leta 2020 še posebej veseli, ker bo praznovala 15. obletnico svoje glasbene poti.
        </article-text-transliterated>
    </article>
    <comments>
        <comments-count>14</comments-count>
        <comment-list>
            <comment comment-id="1">
                <comment-parent-id/>
                <comment-text>Lusna in nezafnana</comment-text>
                <comment-text-transliterated>Lusna in nezafnana</comment-text-transliterated>
            </comment>
            <comment comment-id="2">
                <comment-parent-id/>
                <comment-text>Drgač pa Nina zakon, na slovenskih tablicah slovenske gore list...na dolenjskem je
                    dekle...
                </comment-text>
                <comment-text-transliterated>Drgač pa Nina zakon, na slovenskih tablicah slovenske gore list...na
                    dolenjskem je dekle...
                </comment-text-transliterated>
            </comment>
            <comment comment-id="3">
                <comment-parent-id/>
                <comment-text>Češčina je v naši deželici zelo popularna...vsak druga avto z temi tablicami, in
                    noter...misliš, da je čehinja...je pa sam tehničnega gor delala ;)
                </comment-text>
                <comment-text-transliterated>Češčina je v naši deželici zelo popularna...vsak druga avto z temi
                    tablicami, in noter...misliš, da je čehinja...je pa sam tehničnega gor delala ;)
                </comment-text-transliterated>
            </comment>
            <comment comment-id="4">
                <comment-parent-id/>
                <comment-text>simpatična in prijetna ženska😊</comment-text>
                <comment-text-transliterated>simpatična in prijetna ženska😊</comment-text-transliterated>
            </comment>
            <comment comment-id="5">
                <comment-parent-id/>
                <comment-text>Ampak vzdušja pa ne zna narest, ni ona za čago koncert, Oz. Njene pesmi niso
                </comment-text>
                <comment-text-transliterated>Ampak vzdušja pa ne zna narest, ni ona za čago koncert, Oz. Njene pesmi
                    niso
                </comment-text-transliterated>
            </comment>
            <comment comment-id="6">
                <comment-parent-id/>
                <comment-text>Še Nina Pošlar je pogruntala, da je Slovenski trg tako majhen, da se nič ne izplača
                    delat.
                </comment-text>
                <comment-text-transliterated>Še Nina Pošlar je pogruntala, da je Slovenski trg tako majhen, da se nič ne
                    izplača delat.
                </comment-text-transliterated>
            </comment>
            <comment comment-id="6-1">
                <comment-parent-id>6</comment-parent-id>
                <comment-text>samo zakaj potem na češko?</comment-text>
                <comment-text-transliterated>samo zakaj potem na češko?</comment-text-transliterated>
            </comment>
            <comment comment-id="7">
                <comment-parent-id/>
                <comment-text>Nina Pušlar je ODLIČNA pevka in ODLIČNA igralka! Vse najboljše v njeni življenjski
                    karieri!!! :)
                </comment-text>
                <comment-text-transliterated>Nina Pušlar je ODLIČNA pevka in ODLIČNA igralka! Vse najboljše v njeni
                    življenjski karieri!!! :)
                </comment-text-transliterated>
            </comment>
            <comment comment-id="7-1">
                <comment-parent-id>7</comment-parent-id>
                <comment-text>O matr... a tu je treba še paziti, da koga ne prehvališ ali kako??? Sramota</comment-text>
                <comment-text-transliterated>O matr... a tu je treba še paziti, da koga ne prehvališ ali kako???
                    Sramota
                </comment-text-transliterated>
            </comment>
            <comment comment-id="8">
                <comment-parent-id/>
                <comment-text>ZAKAJ NE BI BILA ENA POPEVKARICA NA SLOVENSKI ESTRADI TUDI INTELIGENTNA? koga to moti...
                </comment-text>
                <comment-text-transliterated>ZAKAJ NE BI BILA ENA POPEVKARICA NA SLOVENSKI ESTRADI TUDI INTELIGENTNA?
                    koga to moti...
                </comment-text-transliterated>
            </comment>
            <comment comment-id="9">
                <comment-parent-id/>
                <comment-text>Bravo. Čehi jo bodo sigurno nagradili s pozornostjo. Le tako naprej. Predlagam ti pa še
                    poljski jezik. 40 milijonski trg 😉
                </comment-text>
                <comment-text-transliterated>Bravo. Čehi jo bodo sigurno nagradili s pozornostjo. Le tako naprej.
                    Predlagam ti pa še poljski jezik. 40 milijonski trg 😉
                </comment-text-transliterated>
            </comment>
            <comment comment-id="10">
                <comment-parent-id/>
                <comment-text>Upam da ne bo prevedla tudi v albanščino, ker bo pa potem imela res polne koncerte.
                </comment-text>
                <comment-text-transliterated>Upam da ne bo prevedla tudi v albanščino, ker bo pa potem imela res polne
                    koncerte.
                </comment-text-transliterated>
            </comment>
            <comment comment-id="11">
                <comment-parent-id/>
                <comment-text>Nebi je vprasal kako ji je ime ☺️</comment-text>
                <comment-text-transliterated>Nebi je vprasal kako ji je ime ☺️</comment-text-transliterated>
            </comment>
            <comment comment-id="12">
                <comment-parent-id/>
                <comment-text>Nebi je vpras</comment-text>
                <comment-text-transliterated>Nebi je vpras</comment-text-transliterated>
            </comment>
        </comment-list>
    </comments>
</document>