<document global-id="si-06-1357">
    <url>https://www.24ur.com/ekskluziv/domaca-scena/na-zaru-z-ladom-bizovicarjem.html</url>
    <source-id>si-06</source-id>
    <local-id>1357</local-id>
    <source-name>ur24</source-name>
    <article>
        <article-title>Na žaru z Ladom Bizovičarjem</article-title>
        <article-title-transliterated>Na žaru z Ladom Bizovičarjem</article-title-transliterated>
        <article-time>2015-10-07</article-time>
        <article-author>B.T.</article-author>
        <article-text>V Ljubljano prihaja serija predstav NA ŽARU Z LADOM BIZOVIČARJEM. Lado Bizovičar bo na predstavah
            v živo ''zapekel'' več znanih osebnosti, ljudi, ki puščajo sled v slovenski pop kulturi. Najprej bosta "na
            žaru" on sam in Jan Plestenjak. 2. in 3. novembra v Cankarjevem domu!

            V Ljubljano prihaja serija predstav NA ŽARU Z LADOM BIZOVIČARJEM. Priljubljeni Lado Bizovičar, nekdanji
            voditelj oddaje As ti tud not padu z Jurijem Zrnecem in zdajšnji sodnik v šovu Slovenija ima talent, bo v
            seriji predstav v živo ''zapekel'' več širše znanih oseb, ki jih v slovenskem prostoru (pre)dobro poznamo.
            Za kaj gre?
            Na žaru je odrsko druženje, pri katerem znano osebnost počasti skupina njegovih prijateljev s komičnimi 
            govori, šalami na njegov račun ali skladbami. Ne gre za žaljenje, ampak za poklon osebi, ki je na žaru.
            Obiskovalci si bodo lahko tudi pri nas v živo ogledali poklon znanim Slovencem in priznanje za njihovo delo
            na zelo zabaven način.
            V prihajajoči seriji predstav Na žaru bo najprej vroče Ladu in Janu: LADO BIZOVIČAR: 2. november ob 20.00 v
            Cankarjevem domu / ZAGOTOVI SI VSTOPNICO TUKAJ!
            Lada bodo v marinado namočili tudi Branko Čakarmiš, Aljoša Bagola, Tomi Meglič, Miša Molk in Katarina Čas.
            JAN PLESTENJAK: 3. november ob 20.00 v Cankarjevem domu / ZAGOTOVI SI VSTOPNICO TUKAJ!
            Janu bodo hvalnico zapeli tudi Jure Košir, Ana Marija Mitić, Peter Poles, Manca Košir in Tomaž Domicelj.
            "Samo prijatelji si lahko brez dlake na jeziku, direktno v obraz izrečejo pikre duhovitosti. In na našem
            odru bomo zbrali prijatelje, sodelavce ali sopotnike skozi kariero nekaterih naših največjih ustvarjalcev
            pop kulture. V najbolj iskreni in najbolj duhoviti izdaji! Zakaj bi opravljali in se hihitali za hrbtom, če
            se lahko na glas režimo skupaj! Pripravljamo nekaj resnično vrhunskega in predlagam, da pridete pogledat v
            živo," napoveduje priljubljeni Lado. Število vstopnic je omejeno in zato si zagotovite svojo vstopnico za
            predstavo Na žaru z Ladom Bizovičarjem še danes. Prodajna mesta: Cankarjev dom, www.mojekarte.si, Petrolovi
            bencinski servisi.
        </article-text>
        <article-text-transliterated>V Ljubljano prihaja serija predstav NA ŽARU Z LADOM BIZOVIČARJEM. Lado Bizovičar bo
            na predstavah v živo ''zapekel'' več znanih osebnosti, ljudi, ki puščajo sled v slovenski pop kulturi.
            Najprej bosta "na žaru" on sam in Jan Plestenjak. 2. in 3. novembra v Cankarjevem domu!

            V Ljubljano prihaja serija predstav NA ŽARU Z LADOM BIZOVIČARJEM. Priljubljeni Lado Bizovičar, nekdanji
            voditelj oddaje As ti tud not padu z Jurijem Zrnecem in zdajšnji sodnik v šovu Slovenija ima talent, bo v
            seriji predstav v živo ''zapekel'' več širše znanih oseb, ki jih v slovenskem prostoru (pre)dobro poznamo.
            Za kaj gre?
            Na žaru je odrsko druženje, pri katerem znano osebnost počasti skupina njegovih prijateljev s komičnimi 
            govori, šalami na njegov račun ali skladbami. Ne gre za žaljenje, ampak za poklon osebi, ki je na žaru.
            Obiskovalci si bodo lahko tudi pri nas v živo ogledali poklon znanim Slovencem in priznanje za njihovo delo
            na zelo zabaven način.
            V prihajajoči seriji predstav Na žaru bo najprej vroče Ladu in Janu: LADO BIZOVIČAR: 2. november ob 20.00 v
            Cankarjevem domu / ZAGOTOVI SI VSTOPNICO TUKAJ!
            Lada bodo v marinado namočili tudi Branko Čakarmiš, Aljoša Bagola, Tomi Meglič, Miša Molk in Katarina Čas.
            JAN PLESTENJAK: 3. november ob 20.00 v Cankarjevem domu / ZAGOTOVI SI VSTOPNICO TUKAJ!
            Janu bodo hvalnico zapeli tudi Jure Košir, Ana Marija Mitić, Peter Poles, Manca Košir in Tomaž Domicelj.
            "Samo prijatelji si lahko brez dlake na jeziku, direktno v obraz izrečejo pikre duhovitosti. In na našem
            odru bomo zbrali prijatelje, sodelavce ali sopotnike skozi kariero nekaterih naših največjih ustvarjalcev
            pop kulture. V najbolj iskreni in najbolj duhoviti izdaji! Zakaj bi opravljali in se hihitali za hrbtom, če
            se lahko na glas režimo skupaj! Pripravljamo nekaj resnično vrhunskega in predlagam, da pridete pogledat v
            živo," napoveduje priljubljeni Lado. Število vstopnic je omejeno in zato si zagotovite svojo vstopnico za
            predstavo Na žaru z Ladom Bizovičarjem še danes. Prodajna mesta: Cankarjev dom, www.mojekarte.si, Petrolovi
            bencinski servisi.
        </article-text-transliterated>
    </article>
    <comments>
        <comments-count>19</comments-count>
        <comment-list>
            <comment comment-id="1">
                <comment-parent-id/>
                <comment-text>Wov, še nekaj za našega vrhovnega poveljnika. Po moje komaj čaka povabilo Bizovičarja.
                </comment-text>
                <comment-text-transliterated>Wov, še nekaj za našega vrhovnega poveljnika. Po moje komaj čaka povabilo
                    Bizovičarja.
                </comment-text-transliterated>
            </comment>
            <comment comment-id="2">
                <comment-parent-id/>
                <comment-text>Samo se Branko in Ribicka manjkata pa bo kotel poln rezvezne sluzavosti. Ne vem komu bo to
                    smesno. Morda vasi zlshti. ..... Bljak....
                </comment-text>
                <comment-text-transliterated>Samo se Branko in Ribicka manjkata pa bo kotel poln rezvezne sluzavosti. Ne
                    vem komu bo to smesno. Morda vasi zlshti. ..... Bljak....
                </comment-text-transliterated>
            </comment>
            <comment comment-id="3">
                <comment-parent-id/>
                <comment-text>Ana Marija Mitić, Aljoša Bagola, Manca Košir...hm, 500 eur plačila (meni, jasno) ne bi
                    bilo dovolj, da grem gledat ta sejem ničevosti.
                </comment-text>
                <comment-text-transliterated>Ana Marija Mitić, Aljoša Bagola, Manca Košir...hm, 500 eur plačila (meni,
                    jasno) ne bi bilo dovolj, da grem gledat ta sejem ničevosti.
                </comment-text-transliterated>
            </comment>
            <comment comment-id="4">
                <comment-parent-id/>
                <comment-text>spet posnemajo Američane,oni že imajo dolgo časa ta oddajo,ko je povabljen nek
                    zvezdnik,drugi zvezdniki in priatelji pa mu kisle spuščajo,naprimer ti si tak debela da si z
                    bumerangom pas zapiraš itd.Dajte si zmislit kaj svojega izvirnega ne pa kopirat tuje tv hiše
                </comment-text>
                <comment-text-transliterated>spet posnemajo Američane,oni že imajo dolgo časa ta oddajo,ko je povabljen
                    nek zvezdnik,drugi zvezdniki in priatelji pa mu kisle spuščajo,naprimer ti si tak debela da si z
                    bumerangom pas zapiraš itd.Dajte si zmislit kaj svojega izvirnega ne pa kopirat tuje tv hiše
                </comment-text-transliterated>
            </comment>
            <comment comment-id="5">
                <comment-parent-id/>
                <comment-text>sfaliran model in sfaliran kao šov, pa plastenjaka povabit, jao, bolano</comment-text>
                <comment-text-transliterated>sfaliran model in sfaliran kao šov, pa plastenjaka povabit, jao, bolano
                </comment-text-transliterated>
            </comment>
            <comment comment-id="6">
                <comment-parent-id/>
                <comment-text>A bo na televiziji? Da ne kupujem kart brez zveze.</comment-text>
                <comment-text-transliterated>A bo na televiziji? Da ne kupujem kart brez zveze.
                </comment-text-transliterated>
            </comment>
            <comment comment-id="7">
                <comment-parent-id/>
                <comment-text>On in Plestenjak sta ravno za vkup.</comment-text>
                <comment-text-transliterated>On in Plestenjak sta ravno za vkup.</comment-text-transliterated>
            </comment>
            <comment comment-id="7-1">
                <comment-parent-id>7</comment-parent-id>
                <comment-text>pa še rossi</comment-text>
                <comment-text-transliterated>pa še rossi</comment-text-transliterated>
            </comment>
            <comment comment-id="8">
                <comment-parent-id/>
                <comment-text>Kopija Valičevega Rosta</comment-text>
                <comment-text-transliterated>Kopija Valičevega Rosta</comment-text-transliterated>
            </comment>
            <comment comment-id="9">
                <comment-parent-id/>
                <comment-text>NEKDANJI!</comment-text>
                <comment-text-transliterated>NEKDANJI!</comment-text-transliterated>
            </comment>
            <comment comment-id="10">
                <comment-parent-id/>
                <comment-text>ZDA-ROASTED SERIES....SLOVENIJA-COPY CAT</comment-text>
                <comment-text-transliterated>ZDA-ROASTED SERIES....SLOVENIJA-COPY CAT</comment-text-transliterated>
            </comment>
            <comment comment-id="11">
                <comment-parent-id/>
                <comment-text>raje grem na žar ;P</comment-text>
                <comment-text-transliterated>raje grem na žar ;P</comment-text-transliterated>
            </comment>
            <comment comment-id="12">
                <comment-parent-id/>
                <comment-text>slovenci so kot canon kopirni stroj ...nikoli v zgodovini si sami niso kaj izmislili vedno
                    je vse rezultat plagijata politika zabava you name it .patetika!
                </comment-text>
                <comment-text-transliterated>slovenci so kot canon kopirni stroj ...nikoli v zgodovini si sami niso kaj
                    izmislili vedno je vse rezultat plagijata politika zabava you name it .patetika!
                </comment-text-transliterated>
            </comment>
            <comment comment-id="13">
                <comment-parent-id/>
                <comment-text>predrago</comment-text>
                <comment-text-transliterated>predrago</comment-text-transliterated>
            </comment>
            <comment comment-id="14">
                <comment-parent-id/>
                <comment-text>Torej če prevedemo je to zadeva Comedy Centrala, z naslovom The Roast, ki jo vodi Kevin
                    Hart?
                </comment-text>
                <comment-text-transliterated>Torej če prevedemo je to zadeva Comedy Centrala, z naslovom The Roast, ki
                    jo vodi Kevin Hart?
                </comment-text-transliterated>
            </comment>
            <comment comment-id="14-1">
                <comment-parent-id>14</comment-parent-id>
                <comment-text>Točno tako - čista kopija ameriške The Roast oddaje. Seveda bo slovensko patetična kakor
                    se je že izkazalo.
                </comment-text>
                <comment-text-transliterated>Točno tako - čista kopija ameriške The Roast oddaje. Seveda bo slovensko
                    patetična kakor se je že izkazalo.
                </comment-text-transliterated>
            </comment>
            <comment comment-id="15">
                <comment-parent-id/>
                <comment-text>Kak je že bilo na viktorjih, če je heterovičar, homovičar, bizovičar. Meni je sicer čisto
                    vseeno, lahko pa bi napisali enkrat za vselej, koga bi on raje "zapekel", oziroma "peče".
                </comment-text>
                <comment-text-transliterated>Kak je že bilo na viktorjih, če je heterovičar, homovičar, bizovičar. Meni
                    je sicer čisto vseeno, lahko pa bi napisali enkrat za vselej, koga bi on raje "zapekel", oziroma
                    "peče".
                </comment-text-transliterated>
            </comment>
            <comment comment-id="15-1">
                <comment-parent-id>15</comment-parent-id>
                <comment-text>hehe</comment-text>
                <comment-text-transliterated>hehe</comment-text-transliterated>
            </comment>
            <comment comment-id="16">
                <comment-parent-id/>
                <comment-text>ne hvala.</comment-text>
                <comment-text-transliterated>ne hvala.</comment-text-transliterated>
            </comment>
        </comment-list>
    </comments>
</document>