<document global-id="si-06-1314">
    <url>https://www.24ur.com/novice/slovenija/muslimani-koncujejo-ramazan-in-zacenjajo-ramazanski-bajram.html</url>
    <source-id>si-06</source-id>
    <local-id>1314</local-id>
    <source-name>ur24</source-name>
    <article>
        <article-title>Muslimani končujejo ramazan in začenjajo ramazanski bajram</article-title>
        <article-title-transliterated>Muslimani končujejo ramazan in začenjajo ramazanski bajram
        </article-title-transliterated>
        <article-time>2019-06-03</article-time>
        <article-author>D.F. / STA</article-author>
        <article-text>Z današnjim sončnim zahodom se je končal deveti mesec muslimanskega koledarja ramazana in začelo
            tridnevno praznovanje ali ramazanski bajram. Osrednja bajramska slovesnost, ki jo bo vodil mufti Nedžad
            Grabus, bo v torek ob 5.52 v Športni dvorani Kodeljevo. Slovesnosti bodo tudi v 16 drugih mestih po
            Sloveniji.
            Bajramske slovesnosti bodo v torek, prvi dan ramazanskega bajrama, poleg osrednje v Ljubljani potekale še v
            Kopru, Mariboru, na Jesenicah, v Kranju, Tržiču, Škofji Loki, Postojni, Ajdovščini, Sežani, Kočevju,
            Trbovljah, Novem mestu, Krškem, Celju, Velenju in Novi Gorici.
            Ramazanski bajram je ob kurban bajramu najpomembnejši praznik muslimanov. Kot so lani zapisali v Islamski
            skupnosti v RS, je bajram za vsakega muslimana poseben dan, ker je končno dejanje po postnem času, v katerem
            se pozabljajo morebitne zamere, obiskujejo sorodniki, prijatelji in sosedi ter obdarujejo otroci.
            "V postnem mesecu ramazanu so se verniki duhovno krepili, medsebojno spoznavali in družili, spodbujali
            opravljanje dobrih del in se zavedali, kakšne posledice pri človeku in v širši družbeni skupnosti puščajo
            pomanjkljivosti, kot so oholost, zavist, skopost in samovšečnost. V ramazanu so krepili vrednote, kot so
            dobrodelnost, darežljivost, skromnost, strpnost itd.," so zapisali.
            Ramazan se je začel 5. maja po sončnem zahodu in traja 29 dni. V tem času velja post, ko naj bi bili verniki
            medsebojno solidarni in naj bi krepili občutek za sočloveka. S postom so verniki "očistili svoje srce
            sovraštva, svoj jezik grdih besed, svoje roke slabih dejanj", so še dodali v islamski skupnosti.
            Po verovanju muslimanov je v ramazanu Bog poslancu Mohamedu začel razodevati sveto knjigo muslimanov Koran.
            Zato se muslimani v tem obdobju intenzivno posvečajo njegovemu branju in proučevanju. Celoten Koran v času
            meseca ramazana na glas preberejo v večini džamij, in sicer vsak dan 20 od skupno 604 strani.
            Muslimanski koledar je lunaren in se ravna po Luninih menah. Ker je Lunino leto krajše od Sončevega, prihaja
            ramazan vsako leto 11 dni prej kot v letu pred tem. Postni mesec se po navadi ne začne za vse muslimane
            hkrati, ampak se ponekod začne dan, dva pozneje. Začetek je namreč odvisen od tega, kdaj je na nebu prvič po
            mlaju videti Lunin krajec.
            Ramazanu arabsko govoreči muslimani pravijo ramadan. Poimenovanje ramazan uporabljajo nekateri muslimani v
            Evropi, kot so Bošnjaki in Turki, pa tudi muslimani v Sloveniji. Ramazanu sledi tridnevno praznovanje
            ramazanskega bajrama.
        </article-text>
        <article-text-transliterated>Z današnjim sončnim zahodom se je končal deveti mesec muslimanskega koledarja
            ramazana in začelo tridnevno praznovanje ali ramazanski bajram. Osrednja bajramska slovesnost, ki jo bo
            vodil mufti Nedžad Grabus, bo v torek ob 5.52 v Športni dvorani Kodeljevo. Slovesnosti bodo tudi v 16 drugih
            mestih po Sloveniji.
            Bajramske slovesnosti bodo v torek, prvi dan ramazanskega bajrama, poleg osrednje v Ljubljani potekale še v
            Kopru, Mariboru, na Jesenicah, v Kranju, Tržiču, Škofji Loki, Postojni, Ajdovščini, Sežani, Kočevju,
            Trbovljah, Novem mestu, Krškem, Celju, Velenju in Novi Gorici.
            Ramazanski bajram je ob kurban bajramu najpomembnejši praznik muslimanov. Kot so lani zapisali v Islamski
            skupnosti v RS, je bajram za vsakega muslimana poseben dan, ker je končno dejanje po postnem času, v katerem
            se pozabljajo morebitne zamere, obiskujejo sorodniki, prijatelji in sosedi ter obdarujejo otroci.
            "V postnem mesecu ramazanu so se verniki duhovno krepili, medsebojno spoznavali in družili, spodbujali
            opravljanje dobrih del in se zavedali, kakšne posledice pri človeku in v širši družbeni skupnosti puščajo
            pomanjkljivosti, kot so oholost, zavist, skopost in samovšečnost. V ramazanu so krepili vrednote, kot so
            dobrodelnost, darežljivost, skromnost, strpnost itd.," so zapisali.
            Ramazan se je začel 5. maja po sončnem zahodu in traja 29 dni. V tem času velja post, ko naj bi bili verniki
            medsebojno solidarni in naj bi krepili občutek za sočloveka. S postom so verniki "očistili svoje srce
            sovraštva, svoj jezik grdih besed, svoje roke slabih dejanj", so še dodali v islamski skupnosti.
            Po verovanju muslimanov je v ramazanu Bog poslancu Mohamedu začel razodevati sveto knjigo muslimanov Koran.
            Zato se muslimani v tem obdobju intenzivno posvečajo njegovemu branju in proučevanju. Celoten Koran v času
            meseca ramazana na glas preberejo v večini džamij, in sicer vsak dan 20 od skupno 604 strani.
            Muslimanski koledar je lunaren in se ravna po Luninih menah. Ker je Lunino leto krajše od Sončevega, prihaja
            ramazan vsako leto 11 dni prej kot v letu pred tem. Postni mesec se po navadi ne začne za vse muslimane
            hkrati, ampak se ponekod začne dan, dva pozneje. Začetek je namreč odvisen od tega, kdaj je na nebu prvič po
            mlaju videti Lunin krajec.
            Ramazanu arabsko govoreči muslimani pravijo ramadan. Poimenovanje ramazan uporabljajo nekateri muslimani v
            Evropi, kot so Bošnjaki in Turki, pa tudi muslimani v Sloveniji. Ramazanu sledi tridnevno praznovanje
            ramazanskega bajrama.
        </article-text-transliterated>
    </article>
    <comments>
        <comments-count>80</comments-count>
        <comment-list>
            <comment comment-id="1">
                <comment-parent-id/>
                <comment-text>Vsak naj si prebere svoj komentar. Je ogledalo vaše duhovne zrelosti in splošne
                    inteligence. Eni bodo sila zgroženi nad sabo. Kar večina tu gor.
                </comment-text>
                <comment-text-transliterated>Vsak naj si prebere svoj komentar. Je ogledalo vaše duhovne zrelosti in
                    splošne inteligence. Eni bodo sila zgroženi nad sabo. Kar večina tu gor.
                </comment-text-transliterated>
            </comment>
            <comment comment-id="1-1">
                <comment-parent-id>1</comment-parent-id>
                <comment-text>Bravo teta, da si se spovedala, koliko smo ti dolžni ????????????</comment-text>
                <comment-text-transliterated>Bravo teta, da si se spovedala, koliko smo ti dolžni ????????????
                </comment-text-transliterated>
            </comment>
            <comment comment-id="1-2">
                <comment-parent-id>1</comment-parent-id>
                <comment-text>Mojca, skoda besed...Zalostno res, vedno znova sem presenecen koliko je resnicno ljudi ki
                    so zahrbtni, nestrpni in se in se... Vedno slovenijo hvalim kako je lepa in varna, kako so tu ljudje
                    prijazni, si pogamo itd.. Jem burek pr sipcu, cevape pr bosancu, gibanco pr slovencu,mongolca pr
                    kitajcu, in me cist nic ne moti, ko pa berem komentarje tu.. Sem vedno znova razocaran.. Oh...
                </comment-text>
                <comment-text-transliterated>Mojca, skoda besed...Zalostno res, vedno znova sem presenecen koliko je
                    resnicno ljudi ki so zahrbtni, nestrpni in se in se... Vedno slovenijo hvalim kako je lepa in varna,
                    kako so tu ljudje prijazni, si pogamo itd.. Jem burek pr sipcu, cevape pr bosancu, gibanco pr
                    slovencu,mongolca pr kitajcu, in me cist nic ne moti, ko pa berem komentarje tu.. Sem vedno znova
                    razocaran.. Oh...
                </comment-text-transliterated>
            </comment>
            <comment comment-id="1-3">
                <comment-parent-id>1</comment-parent-id>
                <comment-text>Gospod ali gospa JE-BI-GA,nisem se spovedala, le komentirala. Dolžen mi ni nihče nič, še
                    posebej za vas je moj komentar popolnoma gratis. Komentirala pa sem le zato, ker če bo en Musliman
                    to prebral, bo vsaj ta vedel, da v Sloveniji smo tudi taki, ki to vero cenimo in spoštujemo njihove
                    pripadnike. Kakor spoštujemo pripadnike drugih veroizpovedi. Važno, da si v srcu in odnosu do
                    sočloveka najprej človek. Ko pa berem komentarje tu gor, pa se kot bivša pripadnica katoliške vere
                    globoko zamislim, kako nekateri predstavljajo svojo vero. Ker bodimo si iskreni, molimo se k istemu
                    Bogu. Na kakšen način to počnemo pa res ni pomembno. Zato Slovenija, brez strahov. Islam je lepa,
                    dobra in čista vera. Pravi Muslimani pa najboljši ljudje na svetu.
                </comment-text>
                <comment-text-transliterated>Gospod ali gospa JE-BI-GA,nisem se spovedala, le komentirala. Dolžen mi ni
                    nihče nič, še posebej za vas je moj komentar popolnoma gratis. Komentirala pa sem le zato, ker če bo
                    en Musliman to prebral, bo vsaj ta vedel, da v Sloveniji smo tudi taki, ki to vero cenimo in
                    spoštujemo njihove pripadnike. Kakor spoštujemo pripadnike drugih veroizpovedi. Važno, da si v srcu
                    in odnosu do sočloveka najprej človek. Ko pa berem komentarje tu gor, pa se kot bivša pripadnica
                    katoliške vere globoko zamislim, kako nekateri predstavljajo svojo vero. Ker bodimo si iskreni,
                    molimo se k istemu Bogu. Na kakšen način to počnemo pa res ni pomembno. Zato Slovenija, brez
                    strahov. Islam je lepa, dobra in čista vera. Pravi Muslimani pa najboljši ljudje na svetu.
                </comment-text-transliterated>
            </comment>
            <comment comment-id="2">
                <comment-parent-id/>
                <comment-text>V Sloveniji imamo poleg naše katoliške vere tudi predstavnike pravoslavne in muslimanske
                    vere, saj tu živijo in delajo tudi ljudje omenjenih veroizpovedi. Jaz proti njim nimam popolnoma
                    nič, kot katoličan. Mislim, da je tako zapisano tudi v slovenski Ustavi. Ne vem, zakaj se nekateri
                    tako obremenjujete s tem.
                </comment-text>
                <comment-text-transliterated>V Sloveniji imamo poleg naše katoliške vere tudi predstavnike pravoslavne
                    in muslimanske vere, saj tu živijo in delajo tudi ljudje omenjenih veroizpovedi. Jaz proti njim
                    nimam popolnoma nič, kot katoličan. Mislim, da je tako zapisano tudi v slovenski Ustavi. Ne vem,
                    zakaj se nekateri tako obremenjujete s tem.
                </comment-text-transliterated>
            </comment>
            <comment comment-id="2-1">
                <comment-parent-id>2</comment-parent-id>
                <comment-text>Prišli so s trebuhom za kruhom, nihče jih ni prosil, njihova veroizpoved me ne zanima.
                    Prilagoditi se je treba ureditvi države, ki ti daje kruh in mi naj kdo ne pere možganov !!!!!!!!!
                </comment-text>
                <comment-text-transliterated>Prišli so s trebuhom za kruhom, nihče jih ni prosil, njihova veroizpoved me
                    ne zanima. Prilagoditi se je treba ureditvi države, ki ti daje kruh in mi naj kdo ne pere možganov
                    !!!!!!!!!
                </comment-text-transliterated>
            </comment>
            <comment comment-id="2-2">
                <comment-parent-id>2</comment-parent-id>
                <comment-text>Vaše ime profila sovpada z vašim komentarjem in stopnjo duhovne zrelosti. Pa brez
                    zamere!
                </comment-text>
                <comment-text-transliterated>Vaše ime profila sovpada z vašim komentarjem in stopnjo duhovne zrelosti.
                    Pa brez zamere!
                </comment-text-transliterated>
            </comment>
            <comment comment-id="3">
                <comment-parent-id/>
                <comment-text>Me ne zanima, sem katolik, če me že vlečete za jezik !!!!!</comment-text>
                <comment-text-transliterated>Me ne zanima, sem katolik, če me že vlečete za jezik !!!!!
                </comment-text-transliterated>
            </comment>
            <comment comment-id="3-1">
                <comment-parent-id>3</comment-parent-id>
                <comment-text>Ce bi bil katolik bi poznal glavno nacelo da spostuj druge, ce zelis, da bo tudi tvoje
                    spostovano. Zarad mene ce se h kaci moli, ce si dober clovek je popolnoma vseeno kaj je tvoje
                    bozanstvo.
                </comment-text>
                <comment-text-transliterated>Ce bi bil katolik bi poznal glavno nacelo da spostuj druge, ce zelis, da bo
                    tudi tvoje spostovano. Zarad mene ce se h kaci moli, ce si dober clovek je popolnoma vseeno kaj je
                    tvoje bozanstvo.
                </comment-text-transliterated>
            </comment>
            <comment comment-id="4">
                <comment-parent-id/>
                <comment-text>In zakaj je ta clanek med novicami v Sloveniji? Dajte ga kvecjemu med "zanimivosti".
                </comment-text>
                <comment-text-transliterated>In zakaj je ta clanek med novicami v Sloveniji? Dajte ga kvecjemu med
                    "zanimivosti".
                </comment-text-transliterated>
            </comment>
            <comment comment-id="5">
                <comment-parent-id/>
                <comment-text>Res je. Kaj naj še rečem. Imajo me za zelo tolerantno osebo in mislim, da je treba
                    vsakogar spoštovati in sprejemati kot človeško bitje, moti me skrivanje za ideološko-religijskimi
                    oznakami in dogmami. Tudi vse praznike v krščanstvu, ki ima daljšo tradicijo v Evropi kot pa
                    muslimanski prazniki, razumem kot nadaljevanje poganskih obredov iz preteklosti in jih sprejemam,
                    ker jih pač moram v sistem ujeta. Uživam v prostih dnevih na svoj način kot velika večina Slovencev
                    in ostalih Evropejcev. Prilagajam se. Spoštujem vsakega človeka, ki je pripravljen pošteno živeti in
                    delati, se prilagoditi, govoriti in pisati jezik večine. Res ne vem, zakaj bi morala biti pretirano
                    tolerantna do nekih pripadnikov vere, ki so ušli iz držav, v katerih do evropske mentalitete niso
                    niti najmanj tolerantni? Govorijo o neki skromnosti, strpnosti in darežljivosti kot da so to
                    lastnosti, ki samo njih krasijo in da so zaradi tega boljši od nevernikov....v resnici je to samo en
                    velik napuh in nerealna samovšečnost. Prav tako kot ima krščansko praznovanje velike noči in božiča
                    za posledico naraščanje holesterola in visokega pritiska, ima tudi praznovanje ramazana popolnoma
                    enake posledice. Jesti in piti šele po zahodu sonca ne more ustvariti boljših ljudi, če slabo naredi
                    zdravju. In res je nekaj močno narobe z vrhovi evropske politike, ki se očitno ukvarjajo in služijo
                    z novodobnimi prijemi sužnjelastništva in pridobivanja neuke in poceni delovne sile za koristi
                    lastnih bančnih računov. Trgovina z ljudmi in migracije imajo isti izvor kot poudarjanje pretirane
                    tolerance in zaščite človekovih pravic in oboje samo v škodo nam povprečnim delovnim Slovencem in
                    Evropejcem. Niža se cena dela, znižuje se stopnja izobrazbe in celo pada vrednost izobrazbe. Kam pa
                    to pelje, če nam bodo neke iluzorne verske predstave krojile evropske zakone o človekovih pravicah
                    in enakosti med ljudmi?ODGOVORI
                </comment-text>
                <comment-text-transliterated>Res je. Kaj naj še rečem. Imajo me za zelo tolerantno osebo in mislim, da
                    je treba vsakogar spoštovati in sprejemati kot človeško bitje, moti me skrivanje za
                    ideološko-religijskimi oznakami in dogmami. Tudi vse praznike v krščanstvu, ki ima daljšo tradicijo
                    v Evropi kot pa muslimanski prazniki, razumem kot nadaljevanje poganskih obredov iz preteklosti in
                    jih sprejemam, ker jih pač moram v sistem ujeta. Uživam v prostih dnevih na svoj način kot velika
                    večina Slovencev in ostalih Evropejcev. Prilagajam se. Spoštujem vsakega človeka, ki je pripravljen
                    pošteno živeti in delati, se prilagoditi, govoriti in pisati jezik večine. Res ne vem, zakaj bi
                    morala biti pretirano tolerantna do nekih pripadnikov vere, ki so ušli iz držav, v katerih do
                    evropske mentalitete niso niti najmanj tolerantni? Govorijo o neki skromnosti, strpnosti in
                    darežljivosti kot da so to lastnosti, ki samo njih krasijo in da so zaradi tega boljši od
                    nevernikov....v resnici je to samo en velik napuh in nerealna samovšečnost. Prav tako kot ima
                    krščansko praznovanje velike noči in božiča za posledico naraščanje holesterola in visokega
                    pritiska, ima tudi praznovanje ramazana popolnoma enake posledice. Jesti in piti šele po zahodu
                    sonca ne more ustvariti boljših ljudi, če slabo naredi zdravju. In res je nekaj močno narobe z
                    vrhovi evropske politike, ki se očitno ukvarjajo in služijo z novodobnimi prijemi sužnjelastništva
                    in pridobivanja neuke in poceni delovne sile za koristi lastnih bančnih računov. Trgovina z ljudmi
                    in migracije imajo isti izvor kot poudarjanje pretirane tolerance in zaščite človekovih pravic in
                    oboje samo v škodo nam povprečnim delovnim Slovencem in Evropejcem. Niža se cena dela, znižuje se
                    stopnja izobrazbe in celo pada vrednost izobrazbe. Kam pa to pelje, če nam bodo neke iluzorne verske
                    predstave krojile evropske zakone o človekovih pravicah in enakosti med ljudmi?ODGOVORI
                </comment-text-transliterated>
            </comment>
            <comment comment-id="6">
                <comment-parent-id/>
                <comment-text>Post je pomemben za čiščenje telesa. Vse drugo je mitomanija, kajti čiščenje jezika , rok
                    in češ srca je možno izključno z razumom ne pa z nekim primitivnim obredom. Poleg tega naši
                    muslimani so prevzel islam iz interesa kar je kontradiktorno prepričanju iz zdravega razuma.
                </comment-text>
                <comment-text-transliterated>Post je pomemben za čiščenje telesa. Vse drugo je mitomanija, kajti
                    čiščenje jezika , rok in češ srca je možno izključno z razumom ne pa z nekim primitivnim obredom.
                    Poleg tega naši muslimani so prevzel islam iz interesa kar je kontradiktorno prepričanju iz zdravega
                    razuma.
                </comment-text-transliterated>
            </comment>
            <comment comment-id="7">
                <comment-parent-id/>
                <comment-text>To je res novica dneva!!!</comment-text>
                <comment-text-transliterated>To je res novica dneva!!!</comment-text-transliterated>
            </comment>
            <comment comment-id="8">
                <comment-parent-id/>
                <comment-text>V Sloveniji se ta obrobna vera preveč poudarja......</comment-text>
                <comment-text-transliterated>V Sloveniji se ta obrobna vera preveč poudarja......
                </comment-text-transliterated>
            </comment>
            <comment comment-id="8-1">
                <comment-parent-id>8</comment-parent-id>
                <comment-text>Obrobna🤔</comment-text>
                <comment-text-transliterated>Obrobna🤔</comment-text-transliterated>
            </comment>
            <comment comment-id="9">
                <comment-parent-id/>
                <comment-text>Koga briga, saj je Slovenija krščanska država. Aja saj res, levaki so k nam uvozili
                    Arabce, ki se jim moramo zdaj klanjat in jim plačevat socialno
                </comment-text>
                <comment-text-transliterated>Koga briga, saj je Slovenija krščanska država. Aja saj res, levaki so k nam
                    uvozili Arabce, ki se jim moramo zdaj klanjat in jim plačevat socialno
                </comment-text-transliterated>
            </comment>
            <comment comment-id="10">
                <comment-parent-id/>
                <comment-text>Sicer ne vem, zakaj bi nas to zanimalo!</comment-text>
                <comment-text-transliterated>Sicer ne vem, zakaj bi nas to zanimalo!</comment-text-transliterated>
            </comment>
            <comment comment-id="11">
                <comment-parent-id/>
                <comment-text>Vse vere so zlo človeštva. Vere so navadna maškarada, za katerimi se skriva hudobija.
                </comment-text>
                <comment-text-transliterated>Vse vere so zlo človeštva. Vere so navadna maškarada, za katerimi se skriva
                    hudobija.
                </comment-text-transliterated>
            </comment>
            <comment comment-id="11-1">
                <comment-parent-id>11</comment-parent-id>
                <comment-text>Ja, vere so krive, da ljydje trpijo, ko jim umrejo bližnji in se potem izmišljujejo, kako
                    se bodo videli na drugem svetu in podobne oslarije.
                </comment-text>
                <comment-text-transliterated>Ja, vere so krive, da ljydje trpijo, ko jim umrejo bližnji in se potem
                    izmišljujejo, kako se bodo videli na drugem svetu in podobne oslarije.
                </comment-text-transliterated>
            </comment>
            <comment comment-id="11-2">
                <comment-parent-id>11</comment-parent-id>
                <comment-text>Vera ni zlo, ampak človek🕵!!!!</comment-text>
                <comment-text-transliterated>Vera ni zlo, ampak človek🕵!!!!</comment-text-transliterated>
            </comment>
            <comment comment-id="12">
                <comment-parent-id/>
                <comment-text>Predlagam da bi muslimani nehal jest minimalno za 30 dni pa da vidmo 😃</comment-text>
                <comment-text-transliterated>Predlagam da bi muslimani nehal jest minimalno za 30 dni pa da vidmo 😃
                </comment-text-transliterated>
            </comment>
            <comment comment-id="13">
                <comment-parent-id/>
                <comment-text>Me zanima koliko katoliški cerkev so zgradili na bljižnem vzhodu za katololike glede na to
                    da se đamije po celi evropi gradijo
                </comment-text>
                <comment-text-transliterated>Me zanima koliko katoliški cerkev so zgradili na bljižnem vzhodu za
                    katololike glede na to da se đamije po celi evropi gradijo
                </comment-text-transliterated>
            </comment>
            <comment comment-id="13-1">
                <comment-parent-id>13</comment-parent-id>
                <comment-text>še preveč,glede na to koliko je katolikov,ampak ti iz hleva dlje nisi prišel in seveda
                    nemoreš vedeti
                </comment-text>
                <comment-text-transliterated>še preveč,glede na to koliko je katolikov,ampak ti iz hleva dlje nisi
                    prišel in seveda nemoreš vedeti
                </comment-text-transliterated>
            </comment>
            <comment comment-id="13-2">
                <comment-parent-id>13</comment-parent-id>
                <comment-text>gapiwasted, katoliških cerkva ni prav veliko, ker tam tudi ni veliko katoličanov. So pa
                    druge krščanske cerkve. Rimsko cesarstvo se je razdelilo na vzhodno in zahodno in tudi krščanska
                    vera se je razdelila na zahodno tj. katoliško, ostale pa so večinoma pravoslavne. So pa tudi druge
                    starokrščanske, a ti ne bom tukaj razlagala, ker je tega preveč. Lahko pa se malo izobraziš o tem
                    tudi na googlu.
                </comment-text>
                <comment-text-transliterated>gapiwasted, katoliških cerkva ni prav veliko, ker tam tudi ni veliko
                    katoličanov. So pa druge krščanske cerkve. Rimsko cesarstvo se je razdelilo na vzhodno in zahodno in
                    tudi krščanska vera se je razdelila na zahodno tj. katoliško, ostale pa so večinoma pravoslavne. So
                    pa tudi druge starokrščanske, a ti ne bom tukaj razlagala, ker je tega preveč. Lahko pa se malo
                    izobraziš o tem tudi na googlu.
                </comment-text-transliterated>
            </comment>
            <comment comment-id="13-3">
                <comment-parent-id>13</comment-parent-id>
                <comment-text>lahko se tudi ti malo izobraziš na googlu. po razpadu Svetega rimskega cesarstva se je
                    ozemlje razdelilo na zahodno (t.i. Zahodno rimsko cesarstvo) in vzhodno (t.i Bizantinsko cesarstvo).
                    VEDNO je bila glavna vera katoliška v obeh cesarstvih. Bile so seveda tudi druge vere ampak nikoli
                    ni bila nobena od njih glavna vera. Čigar kraljestvo, tistega vera.
                </comment-text>
                <comment-text-transliterated>lahko se tudi ti malo izobraziš na googlu. po razpadu Svetega rimskega
                    cesarstva se je ozemlje razdelilo na zahodno (t.i. Zahodno rimsko cesarstvo) in vzhodno (t.i
                    Bizantinsko cesarstvo). VEDNO je bila glavna vera katoliška v obeh cesarstvih. Bile so seveda tudi
                    druge vere ampak nikoli ni bila nobena od njih glavna vera. Čigar kraljestvo, tistega vera.
                </comment-text-transliterated>
            </comment>
            <comment comment-id="13-4">
                <comment-parent-id>13</comment-parent-id>
                <comment-text>V Tunisu je katedrala in dve cerkvi. V Sloveniji bo(je) ena džamija. V Siriji jih je bilo
                    tudi nekaj dokler jih niso Ameri in njihovi v imenu bogadenarja porušili in šebi lahko našteval.
                    Tidi v Saudski Arabiji tolerirajo molilnice za tujce. V Vatikanu to ni mogoče. Lep pozdrav od
                    pravega katolika
                </comment-text>
                <comment-text-transliterated>V Tunisu je katedrala in dve cerkvi. V Sloveniji bo(je) ena džamija. V
                    Siriji jih je bilo tudi nekaj dokler jih niso Ameri in njihovi v imenu bogadenarja porušili in šebi
                    lahko našteval. Tidi v Saudski Arabiji tolerirajo molilnice za tujce. V Vatikanu to ni mogoče. Lep
                    pozdrav od pravega katolika
                </comment-text-transliterated>
            </comment>
            <comment comment-id="14">
                <comment-parent-id/>
                <comment-text>Islam vlada svetu...</comment-text>
                <comment-text-transliterated>Islam vlada svetu...</comment-text-transliterated>
            </comment>
            <comment comment-id="14-1">
                <comment-parent-id>14</comment-parent-id>
                <comment-text>Baje so na PH popularne koze pa ovce med njimi</comment-text>
                <comment-text-transliterated>Baje so na PH popularne koze pa ovce med njimi
                </comment-text-transliterated>
            </comment>
            <comment comment-id="14-2">
                <comment-parent-id>14</comment-parent-id>
                <comment-text>Edina vera, ki je resnično vladala Svetu, je bila krščanska in še to dolgo časa nazaj. Da
                    pa bi dandanes islam vladal svetu? morda si mislil napisati, da prevladuje v napadih in pobijanju
                    nasproti verujočih. Svet so vedno vodili razviti narodi in države in med temi ni niti ene
                    muslimanske države. To so fakti.
                </comment-text>
                <comment-text-transliterated>Edina vera, ki je resnično vladala Svetu, je bila krščanska in še to dolgo
                    časa nazaj. Da pa bi dandanes islam vladal svetu? morda si mislil napisati, da prevladuje v napadih
                    in pobijanju nasproti verujočih. Svet so vedno vodili razviti narodi in države in med temi ni niti
                    ene muslimanske države. To so fakti.
                </comment-text-transliterated>
            </comment>
            <comment comment-id="14-3">
                <comment-parent-id>14</comment-parent-id>
                <comment-text>Pa dobr kdaj si ti slisal da so v đamijah maltretiral otroke majketi...Vemo pa kje se
                    pogosto slisi da se to dogaja..
                </comment-text>
                <comment-text-transliterated>Pa dobr kdaj si ti slisal da so v đamijah maltretiral otroke majketi...Vemo
                    pa kje se pogosto slisi da se to dogaja..
                </comment-text-transliterated>
            </comment>
            <comment comment-id="15">
                <comment-parent-id/>
                <comment-text>Če ne bi tega objavljali,tudi sovraštva ne bi sprožali,zato zamislite si kaj počnete
                </comment-text>
                <comment-text-transliterated>Če ne bi tega objavljali,tudi sovraštva ne bi sprožali,zato zamislite si
                    kaj počnete
                </comment-text-transliterated>
            </comment>
            <comment comment-id="15-1">
                <comment-parent-id>15</comment-parent-id>
                <comment-text>Ce objavljajo clanke o harry potterju in game of thrones lahko objavljajo tudi clanke o
                    drugih fantazijskih zgodbah
                </comment-text>
                <comment-text-transliterated>Ce objavljajo clanke o harry potterju in game of thrones lahko objavljajo
                    tudi clanke o drugih fantazijskih zgodbah
                </comment-text-transliterated>
            </comment>
            <comment comment-id="15-2">
                <comment-parent-id>15</comment-parent-id>
                <comment-text>Kugakaj😂😂😂</comment-text>
                <comment-text-transliterated>Kugakaj😂😂😂</comment-text-transliterated>
            </comment>
            <comment comment-id="16">
                <comment-parent-id/>
                <comment-text>Jaz tudi verjamem v palčke......a ni to isto😅😆😎</comment-text>
                <comment-text-transliterated>Jaz tudi verjamem v palčke......a ni to isto😅😆😎
                </comment-text-transliterated>
            </comment>
            <comment comment-id="17">
                <comment-parent-id/>
                <comment-text>Prodam Drva!! Pa še kakega muslimana dobite za hišnega sužnja...ob nezadovoljstvu ga lahko
                    vrnete v 30 dneh. Denar povrnemo!
                </comment-text>
                <comment-text-transliterated>Prodam Drva!! Pa še kakega muslimana dobite za hišnega sužnja...ob
                    nezadovoljstvu ga lahko vrnete v 30 dneh. Denar povrnemo!
                </comment-text-transliterated>
            </comment>
            <comment comment-id="18">
                <comment-parent-id/>
                <comment-text>pa kwa nas slovence to briga -nič ,če kdo veruje naj bo potem pošten in nenasilen in naj
                    špoštuje druge
                </comment-text>
                <comment-text-transliterated>pa kwa nas slovence to briga -nič ,če kdo veruje naj bo potem pošten in
                    nenasilen in naj špoštuje druge
                </comment-text-transliterated>
            </comment>
            <comment comment-id="19">
                <comment-parent-id/>
                <comment-text>Zanimivo...nikjer nobenih komentarjev proti tujcem in drugim veram, ampak komentarji o
                    sovražno nastrojenih, hudobnih, nacionalističnih Slovencih morajo biti kar na prvem mestu???
                </comment-text>
                <comment-text-transliterated>Zanimivo...nikjer nobenih komentarjev proti tujcem in drugim veram, ampak
                    komentarji o sovražno nastrojenih, hudobnih, nacionalističnih Slovencih morajo biti kar na prvem
                    mestu???
                </comment-text-transliterated>
            </comment>
            <comment comment-id="19-1">
                <comment-parent-id>19</comment-parent-id>
                <comment-text>Kaj je hudobno nacionalistocno nastrojeni, ce je objekt postavljen kontra vsem
                    legislacijam? Vse je nezakonito, ze samo pridobivanje financ je strogo sporno in povezano s
                    teroristicno drzavo. Prides v tujo drzavo, zahtevas kr neke pravice, povrh tega pa opravicujes
                    nezakonito dejanje... Sploh ni klisejso za muslimane, sploh ne... Kamorkoli pridejo je isto.
                    Osganite v svojim drzavah in delajte kar vam tam pase, mi vas ne rabimo, vi rabite nas
                </comment-text>
                <comment-text-transliterated>Kaj je hudobno nacionalistocno nastrojeni, ce je objekt postavljen kontra
                    vsem legislacijam? Vse je nezakonito, ze samo pridobivanje financ je strogo sporno in povezano s
                    teroristicno drzavo. Prides v tujo drzavo, zahtevas kr neke pravice, povrh tega pa opravicujes
                    nezakonito dejanje... Sploh ni klisejso za muslimane, sploh ne... Kamorkoli pridejo je isto.
                    Osganite v svojim drzavah in delajte kar vam tam pase, mi vas ne rabimo, vi rabite nas
                </comment-text-transliterated>
            </comment>
            <comment comment-id="19-2">
                <comment-parent-id>19</comment-parent-id>
                <comment-text>Ance Golem, malo se pa le potrudi s slovenščino.</comment-text>
                <comment-text-transliterated>Ance Golem, malo se pa le potrudi s slovenščino.
                </comment-text-transliterated>
            </comment>
            <comment comment-id="19-3">
                <comment-parent-id>19</comment-parent-id>
                <comment-text>Ance... SlOvEnŠčInA jE mOjA JeZiK. 20 let pri nas, nisi pa sposobna stavka napisat. In ne,
                    ne verujemo v istega boga, eni ne verjamemo v te bedarije.
                </comment-text>
                <comment-text-transliterated>Ance... SlOvEnŠčInA jE mOjA JeZiK. 20 let pri nas, nisi pa sposobna stavka
                    napisat. In ne, ne verujemo v istega boga, eni ne verjamemo v te bedarije.
                </comment-text-transliterated>
            </comment>
            <comment comment-id="19-4">
                <comment-parent-id>19</comment-parent-id>
                <comment-text>Res je. Kaj naj še rečem. Imajo me za zelo tolerantno osebo in mislim, da je treba
                    vsakogar spoštovati in sprejemati kot človeško bitje, moti me skrivanje za ideološko-religijskimi
                    oznakami in dogmami. Tudi vse praznike v krščanstvu, ki ima daljšo tradicijo v Evropi kot pa
                    muslimanski prazniki, razumem kot nadaljevanje poganskih obredov iz preteklosti in jih sprejemam,
                    ker jih pač moram v sistem ujeta. Uživam v prostih dnevih na svoj način kot velika večina Slovencev
                    in ostalih Evropejcev. Prilagajam se. Spoštujem vsakega človeka, ki je pripravljen pošteno živeti in
                    delati, se prilagoditi, govoriti in pisati jezik večine. Res ne vem, zakaj bi morala biti pretirano
                    tolerantna do nekih pripadnikov vere, ki so ušli iz držav, v katerih do evropske mentalitete niso
                    niti najmanj tolerantni? Govorijo o neki skromnosti, strpnosti in darežljivosti kot da so to
                    lastnosti, ki samo njih krasijo in da so zaradi tega boljši od nevernikov....v resnici je to samo en
                    velik napuh in nerealna samovšečnost. Prav tako kot ima krščansko praznovanje velike noči in božiča
                    za posledico naraščanje holesterola in visokega pritiska, ima tudi praznovanje ramazana popolnoma
                    enake posledice. Jesti in piti šele po zahodu sonca ne more ustvariti boljših ljudi, če slabo naredi
                    zdravju. In res je nekaj močno narobe z vrhovi evropske politike, ki se očitno ukvarjajo in služijo
                    z novodobnimi prijemi sužnjelastništva in pridobivanja neuke in poceni delovne sile za koristi
                    lastnih bančnih računov. Trgovina z ljudmi in migracije imajo isti izvor kot poudarjanje pretirane
                    tolerance in zaščite človekovih pravic in oboje samo v škodo nam povprečnim delovnim Slovencem in
                    Evropejcem. Niža se cena dela, znižuje se stopnja izobrazbe in celo pada vrednost izobrazbe. Kam pa
                    to pelje, če nam bodo neke iluzorne verske predstave krojile evropske zakone o človekovih pravicah
                    in enakosti med ljudmi?
                </comment-text>
                <comment-text-transliterated>Res je. Kaj naj še rečem. Imajo me za zelo tolerantno osebo in mislim, da
                    je treba vsakogar spoštovati in sprejemati kot človeško bitje, moti me skrivanje za
                    ideološko-religijskimi oznakami in dogmami. Tudi vse praznike v krščanstvu, ki ima daljšo tradicijo
                    v Evropi kot pa muslimanski prazniki, razumem kot nadaljevanje poganskih obredov iz preteklosti in
                    jih sprejemam, ker jih pač moram v sistem ujeta. Uživam v prostih dnevih na svoj način kot velika
                    večina Slovencev in ostalih Evropejcev. Prilagajam se. Spoštujem vsakega človeka, ki je pripravljen
                    pošteno živeti in delati, se prilagoditi, govoriti in pisati jezik večine. Res ne vem, zakaj bi
                    morala biti pretirano tolerantna do nekih pripadnikov vere, ki so ušli iz držav, v katerih do
                    evropske mentalitete niso niti najmanj tolerantni? Govorijo o neki skromnosti, strpnosti in
                    darežljivosti kot da so to lastnosti, ki samo njih krasijo in da so zaradi tega boljši od
                    nevernikov....v resnici je to samo en velik napuh in nerealna samovšečnost. Prav tako kot ima
                    krščansko praznovanje velike noči in božiča za posledico naraščanje holesterola in visokega
                    pritiska, ima tudi praznovanje ramazana popolnoma enake posledice. Jesti in piti šele po zahodu
                    sonca ne more ustvariti boljših ljudi, če slabo naredi zdravju. In res je nekaj močno narobe z
                    vrhovi evropske politike, ki se očitno ukvarjajo in služijo z novodobnimi prijemi sužnjelastništva
                    in pridobivanja neuke in poceni delovne sile za koristi lastnih bančnih računov. Trgovina z ljudmi
                    in migracije imajo isti izvor kot poudarjanje pretirane tolerance in zaščite človekovih pravic in
                    oboje samo v škodo nam povprečnim delovnim Slovencem in Evropejcem. Niža se cena dela, znižuje se
                    stopnja izobrazbe in celo pada vrednost izobrazbe. Kam pa to pelje, če nam bodo neke iluzorne verske
                    predstave krojile evropske zakone o človekovih pravicah in enakosti med ljudmi?
                </comment-text-transliterated>
            </comment>
            <comment comment-id="19-5">
                <comment-parent-id>19</comment-parent-id>
                <comment-text>Verjetno so plačani!</comment-text>
                <comment-text-transliterated>Verjetno so plačani!</comment-text-transliterated>
            </comment>
            <comment comment-id="19-6">
                <comment-parent-id>19</comment-parent-id>
                <comment-text>Zato so krizarji, tako kot americani ki so katoliki in anglezi ostal doma. Nihče od njih
                    ne napada druge in jim drzavo zravna z zemljo in zavzame... Dej ne kvaste neumnosti.. Jbg migracija
                    narodov se dogaja od pamtiveka,..
                </comment-text>
                <comment-text-transliterated>Zato so krizarji, tako kot americani ki so katoliki in anglezi ostal doma.
                    Nihče od njih ne napada druge in jim drzavo zravna z zemljo in zavzame... Dej ne kvaste neumnosti..
                    Jbg migracija narodov se dogaja od pamtiveka,..
                </comment-text-transliterated>
            </comment>
            <comment comment-id="20">
                <comment-parent-id/>
                <comment-text>Vera dela norce!</comment-text>
                <comment-text-transliterated>Vera dela norce!</comment-text-transliterated>
            </comment>
            <comment comment-id="20-1">
                <comment-parent-id>20</comment-parent-id>
                <comment-text>:)</comment-text>
                <comment-text-transliterated>:)</comment-text-transliterated>
            </comment>
            <comment comment-id="21">
                <comment-parent-id/>
                <comment-text>Verujejo neumni, pametni ne verjamejo, vodilnim pa se zdi uporabna</comment-text>
                <comment-text-transliterated>Verujejo neumni, pametni ne verjamejo, vodilnim pa se zdi uporabna
                </comment-text-transliterated>
            </comment>
            <comment comment-id="22">
                <comment-parent-id/>
                <comment-text>Večina teh je slovenskih državljanov ali pa delajo tukaj. Plačujejo davke kot mi vsi. In
                    kaj je tu spornega, če imajo svoje verske obrede in običaje? V slo je več kot 50 verskih skupnosti
                    in vsi imajo svoje obrede. Med tistimi, ki so pa v navzkrižju z zakonom je tudi kar lepo število
                    katoličanov in drugih veroizpovedi.
                </comment-text>
                <comment-text-transliterated>Večina teh je slovenskih državljanov ali pa delajo tukaj. Plačujejo davke
                    kot mi vsi. In kaj je tu spornega, če imajo svoje verske obrede in običaje? V slo je več kot 50
                    verskih skupnosti in vsi imajo svoje obrede. Med tistimi, ki so pa v navzkrižju z zakonom je tudi
                    kar lepo število katoličanov in drugih veroizpovedi.
                </comment-text-transliterated>
            </comment>
            <comment comment-id="22-1">
                <comment-parent-id>22</comment-parent-id>
                <comment-text>Mi vsi nimamo zastonj vrtcev, in drugih ugodnosti</comment-text>
                <comment-text-transliterated>Mi vsi nimamo zastonj vrtcev, in drugih ugodnosti
                </comment-text-transliterated>
            </comment>
            <comment comment-id="22-2">
                <comment-parent-id>22</comment-parent-id>
                <comment-text>Nastepajo 5+ otrok pol pa cuzajo otroski dodatek itd. Nas jezik pa ne govorijo niti po 20
                    letih...
                </comment-text>
                <comment-text-transliterated>Nastepajo 5+ otrok pol pa cuzajo otroski dodatek itd. Nas jezik pa ne
                    govorijo niti po 20 letih...
                </comment-text-transliterated>
            </comment>
            <comment comment-id="22-3">
                <comment-parent-id>22</comment-parent-id>
                <comment-text>NPC, kar se našega jezika tiče, bi se morali tudi mi bolj potruditi. Nekateri res
                    izkoriščajo našo socialo, to vsi vemo, je pa mnogo takih, ki pridno opravljajo najbolj težaška in
                    umazana dela za slabo plačilo. Tista dela, ki jih mi še povohamo ne.
                </comment-text>
                <comment-text-transliterated>NPC, kar se našega jezika tiče, bi se morali tudi mi bolj potruditi.
                    Nekateri res izkoriščajo našo socialo, to vsi vemo, je pa mnogo takih, ki pridno opravljajo najbolj
                    težaška in umazana dela za slabo plačilo. Tista dela, ki jih mi še povohamo ne.
                </comment-text-transliterated>
            </comment>
            <comment comment-id="22-4">
                <comment-parent-id>22</comment-parent-id>
                <comment-text>in kaj ti prepoveduje, da ih sam tudi nastepas?pa malo si se ustel, veliko otrok imajo
                    vecinoma romi, toti muslimani iz bosne pa ne.
                </comment-text>
                <comment-text-transliterated>in kaj ti prepoveduje, da ih sam tudi nastepas?pa malo si se ustel, veliko
                    otrok imajo vecinoma romi, toti muslimani iz bosne pa ne.
                </comment-text-transliterated>
            </comment>
            <comment comment-id="22-5">
                <comment-parent-id>22</comment-parent-id>
                <comment-text>dadinho, pa še zanimivo je, da Romi večinoma niso muslimani.</comment-text>
                <comment-text-transliterated>dadinho, pa še zanimivo je, da Romi večinoma niso muslimani.
                </comment-text-transliterated>
            </comment>
            <comment comment-id="22-6">
                <comment-parent-id>22</comment-parent-id>
                <comment-text>dadinho10. Zato ker sem odgovoren clovek. Ker za 5 otrok je tezko skrbet. Otrok ni
                    "dodaten prihodek". Otrok je bitje, ki mu namenis cas, da postane dober clovek, sposoben,... Zato pa
                    je pri vas tako kot je.
                </comment-text>
                <comment-text-transliterated>dadinho10. Zato ker sem odgovoren clovek. Ker za 5 otrok je tezko skrbet.
                    Otrok ni "dodaten prihodek". Otrok je bitje, ki mu namenis cas, da postane dober clovek,
                    sposoben,... Zato pa je pri vas tako kot je.
                </comment-text-transliterated>
            </comment>
            <comment comment-id="22-7">
                <comment-parent-id>22</comment-parent-id>
                <comment-text>Pa ne govorim o Bosancih, ki so kot muslimani helo vredu. Z niti enim bosancem nisem imel
                    problema. Govorim o Albancih in kosovarjih! To so problematicna horda!!!
                </comment-text>
                <comment-text-transliterated>Pa ne govorim o Bosancih, ki so kot muslimani helo vredu. Z niti enim
                    bosancem nisem imel problema. Govorim o Albancih in kosovarjih! To so problematicna horda!!!
                </comment-text-transliterated>
            </comment>
            <comment comment-id="22-8">
                <comment-parent-id>22</comment-parent-id>
                <comment-text>To pa zato,ker jih razumemo!Torej?</comment-text>
                <comment-text-transliterated>To pa zato,ker jih razumemo!Torej?</comment-text-transliterated>
            </comment>
            <comment comment-id="23">
                <comment-parent-id/>
                <comment-text>Potem govorite in pišete,kako so hrvati z istre nacionalisti,kako vad nemarajo v
                    klagenfurtu...večje sovraštvo do tujcev nisem.nikjer zapazil kot v Sloveniji,v Ljubljani še ne
                    toliko kot izven nje,da vas ni sram,nevem kdo pa ste vi da se neki šopirite koz petelini,milijon vas
                    je,kot da vas je pol evrope...
                </comment-text>
                <comment-text-transliterated>Potem govorite in pišete,kako so hrvati z istre nacionalisti,kako vad
                    nemarajo v klagenfurtu...večje sovraštvo do tujcev nisem.nikjer zapazil kot v Sloveniji,v Ljubljani
                    še ne toliko kot izven nje,da vas ni sram,nevem kdo pa ste vi da se neki šopirite koz
                    petelini,milijon vas je,kot da vas je pol evrope...
                </comment-text-transliterated>
            </comment>
            <comment comment-id="23-1">
                <comment-parent-id>23</comment-parent-id>
                <comment-text>Crreal brez posploševanja ne gre? Ja v Sloveniji je večinsko prebivalstvo slovenske
                    narodnosti in ja večinska vera je katoliška...gola dejstva in nič več. Sama sicer sodim v 10%
                    ateistov. Če cikate na štajersko vardo, pa lepo vas prosim....če se par fantkov igra v gozdu to ne
                    pomeni, da smo vsi neki zagreti nacionalisti. Nacionalna zavest je pecej slabo razvita, kot
                    posledica tega, da smo vedno bili del nečesa večjega, pred 30 leti smo sami sebe imenovali
                    Jugoslovane pred Slovence..pred tem smo bili del Avstro-ogrske in tako nazaj...
                </comment-text>
                <comment-text-transliterated>Crreal brez posploševanja ne gre? Ja v Sloveniji je večinsko prebivalstvo
                    slovenske narodnosti in ja večinska vera je katoliška...gola dejstva in nič več. Sama sicer sodim v
                    10% ateistov. Če cikate na štajersko vardo, pa lepo vas prosim....če se par fantkov igra v gozdu to
                    ne pomeni, da smo vsi neki zagreti nacionalisti. Nacionalna zavest je pecej slabo razvita, kot
                    posledica tega, da smo vedno bili del nečesa večjega, pred 30 leti smo sami sebe imenovali
                    Jugoslovane pred Slovence..pred tem smo bili del Avstro-ogrske in tako nazaj...
                </comment-text-transliterated>
            </comment>
            <comment comment-id="23-2">
                <comment-parent-id>23</comment-parent-id>
                <comment-text>drži,ampak nemarata nič kar ni slovensko,edino sveda če je slučajno uspešen v
                    športu,takrat je pa brat ko je južnjak ali pol pol....
                </comment-text>
                <comment-text-transliterated>drži,ampak nemarata nič kar ni slovensko,edino sveda če je slučajno uspešen
                    v športu,takrat je pa brat ko je južnjak ali pol pol....
                </comment-text-transliterated>
            </comment>
            <comment comment-id="23-3">
                <comment-parent-id>23</comment-parent-id>
                <comment-text>Mogoče zato, ker se ja ta športnik prilagodil nam in državi, v kateri živi. Niti en
                    državljan matične države ne mara ljudi, ki so prišli na njegov teritorij in se ne prilagodijo. Še
                    zdaj ne razumete, da ni težava v matičnih narodih, pač pa v vas samih, da se ne prilagodite. Dober
                    dokaz je že jezik, kjer tričetrt vseh, ki so v Slovenijo pobegnili iz bivših jugo držav pred vojno,
                    še danes ne zna govoriti slovensko oziroma govori polapola. Žalostno. In potem pač ne morete
                    pričakovati nekega spoštovanja. Spoštovanje si moraš priboriti in v prvi vrsti se za to moraš
                    prilagoditi narodu, h kateremu si pribežal!
                </comment-text>
                <comment-text-transliterated>Mogoče zato, ker se ja ta športnik prilagodil nam in državi, v kateri živi.
                    Niti en državljan matične države ne mara ljudi, ki so prišli na njegov teritorij in se ne
                    prilagodijo. Še zdaj ne razumete, da ni težava v matičnih narodih, pač pa v vas samih, da se ne
                    prilagodite. Dober dokaz je že jezik, kjer tričetrt vseh, ki so v Slovenijo pobegnili iz bivših jugo
                    držav pred vojno, še danes ne zna govoriti slovensko oziroma govori polapola. Žalostno. In potem pač
                    ne morete pričakovati nekega spoštovanja. Spoštovanje si moraš priboriti in v prvi vrsti se za to
                    moraš prilagoditi narodu, h kateremu si pribežal!
                </comment-text-transliterated>
            </comment>
            <comment comment-id="23-4">
                <comment-parent-id>23</comment-parent-id>
                <comment-text>Crreal, se pač ne znate obnašat, krivi smo pa spet vsi drugi.</comment-text>
                <comment-text-transliterated>Crreal, se pač ne znate obnašat, krivi smo pa spet vsi drugi.
                </comment-text-transliterated>
            </comment>
            <comment comment-id="23-5">
                <comment-parent-id>23</comment-parent-id>
                <comment-text>Crreal in spet posplošujete, kar ni noben argument sploh pa ne močan. Grem zdaj na burek,
                    tipično slovensko jed pa to...
                </comment-text>
                <comment-text-transliterated>Crreal in spet posplošujete, kar ni noben argument sploh pa ne močan. Grem
                    zdaj na burek, tipično slovensko jed pa to...
                </comment-text-transliterated>
            </comment>
            <comment comment-id="23-6">
                <comment-parent-id>23</comment-parent-id>
                <comment-text>Ja kaj, a ti resno mislis da ce bi figurativno povedano ti odsel na balkan, bi pa kar
                    tekoce govoril recimo srbsko, da niti oni nebi vedli kdo si. Da o narecjih sploh ne govorim..
                </comment-text>
                <comment-text-transliterated>Ja kaj, a ti resno mislis da ce bi figurativno povedano ti odsel na balkan,
                    bi pa kar tekoce govoril recimo srbsko, da niti oni nebi vedli kdo si. Da o narecjih sploh ne
                    govorim..
                </comment-text-transliterated>
            </comment>
            <comment comment-id="24">
                <comment-parent-id/>
                <comment-text>Zdaj se bodo pekli odojki, to bodo fešte...</comment-text>
                <comment-text-transliterated>Zdaj se bodo pekli odojki, to bodo fešte...</comment-text-transliterated>
            </comment>
            <comment comment-id="25">
                <comment-parent-id/>
                <comment-text>a ženske so pa kje ??</comment-text>
                <comment-text-transliterated>a ženske so pa kje ??</comment-text-transliterated>
            </comment>
            <comment comment-id="25-1">
                <comment-parent-id>25</comment-parent-id>
                <comment-text>a so bolj razgledane?</comment-text>
                <comment-text-transliterated>a so bolj razgledane?</comment-text-transliterated>
            </comment>
            <comment comment-id="26">
                <comment-parent-id/>
                <comment-text>Najprej stradanje, potem prenajedanje.</comment-text>
                <comment-text-transliterated>Najprej stradanje, potem prenajedanje.</comment-text-transliterated>
            </comment>
            <comment comment-id="27">
                <comment-parent-id/>
                <comment-text>Koga to zanima?</comment-text>
                <comment-text-transliterated>Koga to zanima?</comment-text-transliterated>
            </comment>
            <comment comment-id="27-1">
                <comment-parent-id>27</comment-parent-id>
                <comment-text>Tebe ker bereš ta članek</comment-text>
                <comment-text-transliterated>Tebe ker bereš ta članek</comment-text-transliterated>
            </comment>
            <comment comment-id="28">
                <comment-parent-id/>
                <comment-text>Stranka srbov SLOVENIJE,kam pa ti pripadajo?Tiha okupacija na zadatki!!</comment-text>
                <comment-text-transliterated>Stranka srbov SLOVENIJE,kam pa ti pripadajo?Tiha okupacija na zadatki!!
                </comment-text-transliterated>
            </comment>
            <comment comment-id="29">
                <comment-parent-id/>
                <comment-text>Če kdo rabi čevlje je tam prava prilika😋</comment-text>
                <comment-text-transliterated>Če kdo rabi čevlje je tam prava prilika😋</comment-text-transliterated>
            </comment>
            <comment comment-id="30">
                <comment-parent-id/>
                <comment-text>Teh je za eno halo! Katolibane mamo v vsaki vasi!</comment-text>
                <comment-text-transliterated>Teh je za eno halo! Katolibane mamo v vsaki vasi!
                </comment-text-transliterated>
            </comment>
            <comment comment-id="30-1">
                <comment-parent-id>30</comment-parent-id>
                <comment-text>ne obremenjuj se ,pač nisi popoln, saj ti ne zamerimo tudi taki so dobrodošli v naši
                    družbi počasi pridejo k pameti
                </comment-text>
                <comment-text-transliterated>ne obremenjuj se ,pač nisi popoln, saj ti ne zamerimo tudi taki so
                    dobrodošli v naši družbi počasi pridejo k pameti
                </comment-text-transliterated>
            </comment>
            <comment comment-id="31">
                <comment-parent-id/>
                <comment-text>Mi smo katoliki ne muslimani</comment-text>
                <comment-text-transliterated>Mi smo katoliki ne muslimani</comment-text-transliterated>
            </comment>
            <comment comment-id="31-1">
                <comment-parent-id>31</comment-parent-id>
                <comment-text>Nismo vsi</comment-text>
                <comment-text-transliterated>Nismo vsi</comment-text-transliterated>
            </comment>
            <comment comment-id="31-2">
                <comment-parent-id>31</comment-parent-id>
                <comment-text>Crreal, ti si moderni kolaborant. Kaj sploh delaš pri nas, če smo tako slabi??
                </comment-text>
                <comment-text-transliterated>Crreal, ti si moderni kolaborant. Kaj sploh delaš pri nas, če smo tako
                    slabi??
                </comment-text-transliterated>
            </comment>
            <comment comment-id="32">
                <comment-parent-id/>
                <comment-text>Vera je droga za ljudstvo. Ta o kateri pišete in vse druge</comment-text>
                <comment-text-transliterated>Vera je droga za ljudstvo. Ta o kateri pišete in vse druge
                </comment-text-transliterated>
            </comment>
            <comment comment-id="32-1">
                <comment-parent-id>32</comment-parent-id>
                <comment-text>Vera je zato, ker določenih stvari ne znamo, nočemo ali ne moremo razumet. Življenje,
                    smrt, nastanek vesolja in tako naprej.
                </comment-text>
                <comment-text-transliterated>Vera je zato, ker določenih stvari ne znamo, nočemo ali ne moremo razumet.
                    Življenje, smrt, nastanek vesolja in tako naprej.
                </comment-text-transliterated>
            </comment>
            <comment comment-id="33">
                <comment-parent-id/>
                <comment-text>Kako v športni dvorani?! Ali jim niso arabci naredili lepe nove džamije?</comment-text>
                <comment-text-transliterated>Kako v športni dvorani?! Ali jim niso arabci naredili lepe nove džamije?
                </comment-text-transliterated>
            </comment>
            <comment comment-id="33-1">
                <comment-parent-id>33</comment-parent-id>
                <comment-text>Vse nezakonizo. Da bi obstajal inspektor z dostojanstvom, bi to zdavnaj podrli.Ze
                    zemljisce, ki je bilo pridobljeno je Jankovic zrihtal nezakonito. Druga nezakonita stvar je pa to,
                    da je dzamija financirana s strani Qatarja, ki je siroko oznacena kot teroristicna drzava
                </comment-text>
                <comment-text-transliterated>Vse nezakonizo. Da bi obstajal inspektor z dostojanstvom, bi to zdavnaj
                    podrli.Ze zemljisce, ki je bilo pridobljeno je Jankovic zrihtal nezakonito. Druga nezakonita stvar
                    je pa to, da je dzamija financirana s strani Qatarja, ki je siroko oznacena kot teroristicna drzava
                </comment-text-transliterated>
            </comment>
            <comment comment-id="33-2">
                <comment-parent-id>33</comment-parent-id>
                <comment-text>Zda in Israel si tudi pozabil</comment-text>
                <comment-text-transliterated>Zda in Israel si tudi pozabil</comment-text-transliterated>
            </comment>
        </comment-list>
    </comments>
</document>