<document global-id="si-06-11">
    <url>https://www.24ur.com/popin/tuja-scena/brooklyn-vse-najboljse.html</url>
    <source-id>si-06</source-id>
    <local-id>11</local-id>
    <source-name>ur24</source-name>
    <article>
        <article-title>'Brooklyn, vse najboljše!'</article-title>
        <article-title-transliterated>'Brooklyn, vse najboljše!'</article-title-transliterated>
        <article-time>2018-03-04</article-time>
        <article-author>A.R.</article-author>
        <article-text>Brooklyn, sin slavnih zakoncev Davida in Victorie Beckham, se je rodil 4. marca 1999. Slavljencu
            so za 19. rojstni dan na družbenih omrežjih čestitali tudi njegovi družinski člani. Poglejte si, kaj so mu
            zaželeli.


            Brooklyn Beckham praznuje 19. rojstni dan.
            ''Vse najboljše, veliki fant ... Tako zelo sem ponosen, da si zrasel v takšnega moškega ... Bodi strasten,
            ponosen, skromen in bodi to, kar si ... Rad te imam,'' je David voščil svojemu sinu za rojstni dan, ob tem
            pa objavil njuno črno-belo fotografijo, na kateri svojemu prvorojencu kaže jezik.
            ''Vse najboljše najboljšemu bratu na svetu!! Ne morem verjeti, da si dopolnil 19 let!!! Upam, da boš imel
            najlepši dan,'' je zapisal Romeo, medtem ko je Cruz bil bolj redkobeseden: ''Rad te imam veliki bratec.
            Brooklyn, vse najboljše.''
            Brooklynova mama Victoria je objavila fotografijo, na kateri so slavljenec dneva Brooklyn, Romeo, Cruz in
            najmlajša članica družine Harper. Pod njo je svojemu sinu voščila z besedami: ''Vse najboljše Brooklyn. Vsi
            te imam zelo radi!! Pošiljamo ti veliko poljubčkov. Ponosni smo nate.''
            Brooklynova partnerica Chloe Grace Moretz je na Instagramu objavila njegovo fotografijo, na kateri se iz
            srca smeji. Pod njo je svojemu dragemu čestitala z besedami: ''Nikoli se ne prenehaj smejati. Ljubim te. Vse
            najboljše, Brooklyn.''
        </article-text>
        <article-text-transliterated>Brooklyn, sin slavnih zakoncev Davida in Victorie Beckham, se je rodil 4. marca
            1999. Slavljencu so za 19. rojstni dan na družbenih omrežjih čestitali tudi njegovi družinski člani.
            Poglejte si, kaj so mu zaželeli.


            Brooklyn Beckham praznuje 19. rojstni dan.
            ''Vse najboljše, veliki fant ... Tako zelo sem ponosen, da si zrasel v takšnega moškega ... Bodi strasten,
            ponosen, skromen in bodi to, kar si ... Rad te imam,'' je David voščil svojemu sinu za rojstni dan, ob tem
            pa objavil njuno črno-belo fotografijo, na kateri svojemu prvorojencu kaže jezik.
            ''Vse najboljše najboljšemu bratu na svetu!! Ne morem verjeti, da si dopolnil 19 let!!! Upam, da boš imel
            najlepši dan,'' je zapisal Romeo, medtem ko je Cruz bil bolj redkobeseden: ''Rad te imam veliki bratec.
            Brooklyn, vse najboljše.''
            Brooklynova mama Victoria je objavila fotografijo, na kateri so slavljenec dneva Brooklyn, Romeo, Cruz in
            najmlajša članica družine Harper. Pod njo je svojemu sinu voščila z besedami: ''Vse najboljše Brooklyn. Vsi
            te imam zelo radi!! Pošiljamo ti veliko poljubčkov. Ponosni smo nate.''
            Brooklynova partnerica Chloe Grace Moretz je na Instagramu objavila njegovo fotografijo, na kateri se iz
            srca smeji. Pod njo je svojemu dragemu čestitala z besedami: ''Nikoli se ne prenehaj smejati. Ljubim te. Vse
            najboljše, Brooklyn.''
        </article-text-transliterated>
    </article>
    <comments>
        <comments-count>3</comments-count>
        <comment-list>
            <comment comment-id="1">
                <comment-parent-id/>
                <comment-text>razumem da vlačite po vseh spletnih straneh Davida in Victorijo- sta nekaj prigarala v
                    svojem življenju(tako ali drugače)...ma kaj so/je pa ta šmrkavec ustvaril da si to zasluži pa res ne
                    vem....Dejansko podpirate in opevate NEdelo in sranje s polne riti.....pol se pa čudite zakaj je
                    naša mladina tako zahojena-pa saj jim samo take vzornike kažete in opevate!!!!
                </comment-text>
                <comment-text-transliterated>razumem da vlačite po vseh spletnih straneh Davida in Victorijo- sta nekaj
                    prigarala v svojem življenju(tako ali drugače)...ma kaj so/je pa ta šmrkavec ustvaril da si to
                    zasluži pa res ne vem....Dejansko podpirate in opevate NEdelo in sranje s polne riti.....pol se pa
                    čudite zakaj je naša mladina tako zahojena-pa saj jim samo take vzornike kažete in opevate!!!!
                </comment-text-transliterated>
            </comment>
            <comment comment-id="2">
                <comment-parent-id/>
                <comment-text>Koliko je veliko boljsih nogometasov bilo kot Beckham. Ampak evo...to ti je dobr
                    marketing.
                </comment-text>
                <comment-text-transliterated>Koliko je veliko boljsih nogometasov bilo kot Beckham. Ampak evo...to ti je
                    dobr marketing.
                </comment-text-transliterated>
            </comment>
            <comment comment-id="3">
                <comment-parent-id/>
                <comment-text>Kje ima zdaj novo tetovazo.. oh moj bog kolk je mehkuzen se izgleda kot lazar polz, vazno
                    da ima denar.. ni neka kvaliteta ribak
                </comment-text>
                <comment-text-transliterated>Kje ima zdaj novo tetovazo.. oh moj bog kolk je mehkuzen se izgleda kot
                    lazar polz, vazno da ima denar.. ni neka kvaliteta ribak
                </comment-text-transliterated>
            </comment>
        </comment-list>
    </comments>
</document>