<document global-id="si-06-1111">
    <url>
        https://www.24ur.com/sport/nogomet/1_snl/kronavetrov-povratek-kratek-vezist-ljubljancanov-na-daljsem-prisilnem-pocitku.html
    </url>
    <source-id>si-06</source-id>
    <local-id>1111</local-id>
    <source-name>ur24</source-name>
    <article>
        <article-title>Kronavetrov povratek kratek, vezist Ljubljančanov na daljšem prisilnem počitku</article-title>
        <article-title-transliterated>Kronavetrov povratek kratek, vezist Ljubljančanov na daljšem prisilnem počitku
        </article-title-transliterated>
        <article-time>2017-03-15</article-time>
        <article-author>Ž.L.</article-author>
        <article-text>V kader ljubljanske Olimpije se je na tekmi 24. kroga PLTS v udarno enajsterico vrnil Rok
            Kronaveter. Vezist je bil dalj časa odsoten, saj je želel zapustiti zmajevo gnezdo. Sedaj ko se je vrnil, pa
            bo znova odstoen dalj časa, saj se je poškodoval na treningu pred tekmo s Koprom. Po prvih podatkih naj bi
            bil ostoten vsaj mesec dni.

            "Na današnjem dopoldanskem treningu se je poškodoval Rok Kronaveter. Po prvih ocenah in pregledih je
            poškodba gležnja resnejše narave. Za bolj natančno oceno bo Rok opravil še podrobnejše preglede, za zdaj pa
            se zdi, da bo z igrišč odsoten kar nekaj časa," so v uradni izjavi zapisali v taboru aktualnih državnih
            prvakov in tako potrdili, da jim na zelenici znova ne bo pomagal Rok Kronaveter, ki je bil že dalj časa na
            stranskem tiru. Mariborčan je namreč po jesenskem delu sezone na vsak način želel zapustiti Ljubljano in se
            znova preizkusiti v tujini. Potem ko je v vodo padel domneven prestop na Kitajsko, si je vodstvo kluba
            skupaj z igralcem prizadevalo poiskati rešitev, ki bi ustrezalo obema stranema. A do prestopa ni prišlo in
            na tekmi z Domžalami, ga je novi (stari) trener Marijan Pušnik nemudoma uvrstil v začetno enajsterico. To
            aktualnim državnim prvakom ni pretirano pomagali, saj so ob Kamniški Bistrici še tretjič zapored v
            spomladanskem delu sezone ostali praznih rok. To je nov hud udarec za Zmaje, ki se v drugem delu sezone
            ukvarjajo z velikimi težavami. Po dveh krogih so ostali brez trenerja Luke Elsnerja, zveneče okrepitve na
            zelenici se zaenkrat še niso izkazale, za nameček pa vse večji postaji bolniški karton. Tako se je
            Kronaveter na prisilnem počitku pridružil Jaokbu Novaku, Nathanu Oduwi, zadnjo tekmo v Domžalah pa so zaradi
            lažjih poškodb spustili še Daniel Avramovski, Danijel Miškić in Issah Abass. Vrnitev Mariborčana v zasedbo
            Olimpije sicer niso najbolje sprejeli člani navijaške skupine Green Dragons, ki so med tekmo z Domžalami
            večkrat skandirali proti Štajercu in mu dali vedeti, kaj si mislijo o njemu. Igralec in najzvestejši
            navijači so v sporu že dalj časa in nič kaj ne kaže na to, da bi lahko še kdaj našli skupni jezik in
            zakopali bojno sekiro.
            Olimpijo naslednji preizkus v domačem prvenstvu čaka prihajajočo nedeljo, ko se bodo v Stožicah pomerili s
            Koprčani, ki so spomladanski del sezone začeli z dvema zmagama in enim neodločenim izidom. Tekmo 25. kroga
            si boste lahko ogledali v živo na Kanalu A. Prenos tekme se začne ob 16.35, Ljubljančani pa se želijo zaradi
            slabih rezultatov oddolžiti svojih navijačem in bo tako v Stožicah vstop za vse obiskovalce prost.
        </article-text>
        <article-text-transliterated>V kader ljubljanske Olimpije se je na tekmi 24. kroga PLTS v udarno enajsterico
            vrnil Rok Kronaveter. Vezist je bil dalj časa odsoten, saj je želel zapustiti zmajevo gnezdo. Sedaj ko se je
            vrnil, pa bo znova odstoen dalj časa, saj se je poškodoval na treningu pred tekmo s Koprom. Po prvih
            podatkih naj bi bil ostoten vsaj mesec dni.

            "Na današnjem dopoldanskem treningu se je poškodoval Rok Kronaveter. Po prvih ocenah in pregledih je
            poškodba gležnja resnejše narave. Za bolj natančno oceno bo Rok opravil še podrobnejše preglede, za zdaj pa
            se zdi, da bo z igrišč odsoten kar nekaj časa," so v uradni izjavi zapisali v taboru aktualnih državnih
            prvakov in tako potrdili, da jim na zelenici znova ne bo pomagal Rok Kronaveter, ki je bil že dalj časa na
            stranskem tiru. Mariborčan je namreč po jesenskem delu sezone na vsak način želel zapustiti Ljubljano in se
            znova preizkusiti v tujini. Potem ko je v vodo padel domneven prestop na Kitajsko, si je vodstvo kluba
            skupaj z igralcem prizadevalo poiskati rešitev, ki bi ustrezalo obema stranema. A do prestopa ni prišlo in
            na tekmi z Domžalami, ga je novi (stari) trener Marijan Pušnik nemudoma uvrstil v začetno enajsterico. To
            aktualnim državnim prvakom ni pretirano pomagali, saj so ob Kamniški Bistrici še tretjič zapored v
            spomladanskem delu sezone ostali praznih rok. To je nov hud udarec za Zmaje, ki se v drugem delu sezone
            ukvarjajo z velikimi težavami. Po dveh krogih so ostali brez trenerja Luke Elsnerja, zveneče okrepitve na
            zelenici se zaenkrat še niso izkazale, za nameček pa vse večji postaji bolniški karton. Tako se je
            Kronaveter na prisilnem počitku pridružil Jaokbu Novaku, Nathanu Oduwi, zadnjo tekmo v Domžalah pa so zaradi
            lažjih poškodb spustili še Daniel Avramovski, Danijel Miškić in Issah Abass. Vrnitev Mariborčana v zasedbo
            Olimpije sicer niso najbolje sprejeli člani navijaške skupine Green Dragons, ki so med tekmo z Domžalami
            večkrat skandirali proti Štajercu in mu dali vedeti, kaj si mislijo o njemu. Igralec in najzvestejši
            navijači so v sporu že dalj časa in nič kaj ne kaže na to, da bi lahko še kdaj našli skupni jezik in
            zakopali bojno sekiro.
            Olimpijo naslednji preizkus v domačem prvenstvu čaka prihajajočo nedeljo, ko se bodo v Stožicah pomerili s
            Koprčani, ki so spomladanski del sezone začeli z dvema zmagama in enim neodločenim izidom. Tekmo 25. kroga
            si boste lahko ogledali v živo na Kanalu A. Prenos tekme se začne ob 16.35, Ljubljančani pa se želijo zaradi
            slabih rezultatov oddolžiti svojih navijačem in bo tako v Stožicah vstop za vse obiskovalce prost.
        </article-text-transliterated>
    </article>
    <comments>
        <comments-count>64</comments-count>
        <comment-list>
            <comment comment-id="1">
                <comment-parent-id/>
                <comment-text>večina moštva je že dosegla svoj zenit. poškodovali sose in to je njihov maksimalen možni
                    doprinos.
                </comment-text>
                <comment-text-transliterated>večina moštva je že dosegla svoj zenit. poškodovali sose in to je njihov
                    maksimalen možni doprinos.
                </comment-text-transliterated>
            </comment>
            <comment comment-id="2">
                <comment-parent-id/>
                <comment-text>Olimpija je ekipa brez duše. Igralci so sicer kot posamezniki dobri, igrajo pa kot
                    razštelan ansambel. Manjka tudi igralec, ki bi igro povezal (morda Kronaveter, če se vrne nazaj v
                    staro formo). Ko bo ekipa čez nekaj mesecev postala homogena in močna, bo pa treba spet nekaj
                    igralcev prodat in zaslužit, dobiček pa vložit v nakup poceni igralcev. Srbska trgovina oz.
                    kuhinja....
                </comment-text>
                <comment-text-transliterated>Olimpija je ekipa brez duše. Igralci so sicer kot posamezniki dobri, igrajo
                    pa kot razštelan ansambel. Manjka tudi igralec, ki bi igro povezal (morda Kronaveter, če se vrne
                    nazaj v staro formo). Ko bo ekipa čez nekaj mesecev postala homogena in močna, bo pa treba spet
                    nekaj igralcev prodat in zaslužit, dobiček pa vložit v nakup poceni igralcev. Srbska trgovina oz.
                    kuhinja....
                </comment-text-transliterated>
            </comment>
            <comment comment-id="3">
                <comment-parent-id/>
                <comment-text>Mladih ne bomo vidli igrat, ker za njih ne skrbi agencija iz Beograda</comment-text>
                <comment-text-transliterated>Mladih ne bomo vidli igrat, ker za njih ne skrbi agencija iz Beograda
                </comment-text-transliterated>
            </comment>
            <comment comment-id="4">
                <comment-parent-id/>
                <comment-text>ilka ima mali kristalni globus v smuku,pa ta Maribor je res svetovna prestolnica športa in
                    uspehov
                </comment-text>
                <comment-text-transliterated>ilka ima mali kristalni globus v smuku,pa ta Maribor je res svetovna
                    prestolnica športa in uspehov
                </comment-text-transliterated>
            </comment>
            <comment comment-id="4-1">
                <comment-parent-id>4</comment-parent-id>
                <comment-text>to je šminkerstvo !!</comment-text>
                <comment-text-transliterated>to je šminkerstvo !!</comment-text-transliterated>
            </comment>
            <comment comment-id="4-2">
                <comment-parent-id>4</comment-parent-id>
                <comment-text>ja s kristalom in kanto se šminkamo</comment-text>
                <comment-text-transliterated>ja s kristalom in kanto se šminkamo</comment-text-transliterated>
            </comment>
            <comment comment-id="4-3">
                <comment-parent-id>4</comment-parent-id>
                <comment-text>ja itak....</comment-text>
                <comment-text-transliterated>ja itak....</comment-text-transliterated>
            </comment>
            <comment comment-id="4-4">
                <comment-parent-id>4</comment-parent-id>
                <comment-text>članek zgrešu????</comment-text>
                <comment-text-transliterated>članek zgrešu????</comment-text-transliterated>
            </comment>
            <comment comment-id="4-5">
                <comment-parent-id>4</comment-parent-id>
                <comment-text>Funkcionarje v smučanju imamo iz zahodnega dela Slovenije, smučarje pa iz vzhodnega.
                    Včasih je bilo pa obratno.
                </comment-text>
                <comment-text-transliterated>Funkcionarje v smučanju imamo iz zahodnega dela Slovenije, smučarje pa iz
                    vzhodnega. Včasih je bilo pa obratno.
                </comment-text-transliterated>
            </comment>
            <comment comment-id="4-6">
                <comment-parent-id>4</comment-parent-id>
                <comment-text>inter ti si en šminker, šminkerstvo al ne uspehi so..ane</comment-text>
                <comment-text-transliterated>inter ti si en šminker, šminkerstvo al ne uspehi so..ane
                </comment-text-transliterated>
            </comment>
            <comment comment-id="4-7">
                <comment-parent-id>4</comment-parent-id>
                <comment-text>spet neki v steno brca ta model ...??</comment-text>
                <comment-text-transliterated>spet neki v steno brca ta model ...??</comment-text-transliterated>
            </comment>
            <comment comment-id="5">
                <comment-parent-id/>
                <comment-text>Škoda za krono. V mariboru vsi mulci ko začnejo nabijat žogo sanjajo, da bi enkrat lahko
                    za veliko lolimpijo igrali...
                </comment-text>
                <comment-text-transliterated>Škoda za krono. V mariboru vsi mulci ko začnejo nabijat žogo sanjajo, da bi
                    enkrat lahko za veliko lolimpijo igrali...
                </comment-text-transliterated>
            </comment>
            <comment comment-id="5-1">
                <comment-parent-id>5</comment-parent-id>
                <comment-text>pusti otrokom sanje</comment-text>
                <comment-text-transliterated>pusti otrokom sanje</comment-text-transliterated>
            </comment>
            <comment comment-id="5-2">
                <comment-parent-id>5</comment-parent-id>
                <comment-text>lolilmpija velki klub? hahahahaha 1.aprila mogoče</comment-text>
                <comment-text-transliterated>lolilmpija velki klub? hahahahaha 1.aprila mogoče
                </comment-text-transliterated>
            </comment>
            <comment comment-id="6">
                <comment-parent-id/>
                <comment-text>OK, no problem. Olimpija ima itak dovolj točk, da ostane v I. Ligi tudi če nobene tekme
                    več ne zmaga.
                </comment-text>
                <comment-text-transliterated>OK, no problem. Olimpija ima itak dovolj točk, da ostane v I. Ligi tudi če
                    nobene tekme več ne zmaga.
                </comment-text-transliterated>
            </comment>
            <comment comment-id="6-1">
                <comment-parent-id>6</comment-parent-id>
                <comment-text>hehehe...itak</comment-text>
                <comment-text-transliterated>hehehe...itak</comment-text-transliterated>
            </comment>
            <comment comment-id="7">
                <comment-parent-id/>
                <comment-text>olimpija tone v globine</comment-text>
                <comment-text-transliterated>olimpija tone v globine</comment-text-transliterated>
            </comment>
            <comment comment-id="7-1">
                <comment-parent-id>7</comment-parent-id>
                <comment-text>lolimpitanik</comment-text>
                <comment-text-transliterated>lolimpitanik</comment-text-transliterated>
            </comment>
            <comment comment-id="8">
                <comment-parent-id/>
                <comment-text>poškodb bo še ogromno v vseh klubih to sm že zdavni reku ..ane!!</comment-text>
                <comment-text-transliterated>poškodb bo še ogromno v vseh klubih to sm že zdavni reku ..ane!!
                </comment-text-transliterated>
            </comment>
            <comment comment-id="8-1">
                <comment-parent-id>8</comment-parent-id>
                <comment-text>ja ni panike za Maribor imamo kadra za tri moštva</comment-text>
                <comment-text-transliterated>ja ni panike za Maribor imamo kadra za tri moštva
                </comment-text-transliterated>
            </comment>
            <comment comment-id="8-2">
                <comment-parent-id>8</comment-parent-id>
                <comment-text>ni videt ..pa zmeri handanović bran ..heheheh</comment-text>
                <comment-text-transliterated>ni videt ..pa zmeri handanović bran ..heheheh</comment-text-transliterated>
            </comment>
            <comment comment-id="8-3">
                <comment-parent-id>8</comment-parent-id>
                <comment-text>boste kader rabil za LP.....hihihihihi</comment-text>
                <comment-text-transliterated>boste kader rabil za LP.....hihihihihi</comment-text-transliterated>
            </comment>
            <comment comment-id="8-4">
                <comment-parent-id>8</comment-parent-id>
                <comment-text>točno tako bomo kupili kako pumo hihihihiiii</comment-text>
                <comment-text-transliterated>točno tako bomo kupili kako pumo hihihihiiii</comment-text-transliterated>
            </comment>
            <comment comment-id="8-5">
                <comment-parent-id>8</comment-parent-id>
                <comment-text>handanovič najboljši golman v ligi,bedak včeraj nisi gledal juve,buffon je še eno leto
                    starejši od hande
                </comment-text>
                <comment-text-transliterated>handanovič najboljši golman v ligi,bedak včeraj nisi gledal juve,buffon je
                    še eno leto starejši od hande
                </comment-text-transliterated>
            </comment>
            <comment comment-id="8-6">
                <comment-parent-id>8</comment-parent-id>
                <comment-text>pa vedno brani za juve</comment-text>
                <comment-text-transliterated>pa vedno brani za juve</comment-text-transliterated>
            </comment>
            <comment comment-id="8-7">
                <comment-parent-id>8</comment-parent-id>
                <comment-text>tm je plačan precej več ko pr vas oni handanović....pa kaj če se poškoduje?????
                </comment-text>
                <comment-text-transliterated>tm je plačan precej več ko pr vas oni handanović....pa kaj če se
                    poškoduje?????
                </comment-text-transliterated>
            </comment>
            <comment comment-id="8-8">
                <comment-parent-id>8</comment-parent-id>
                <comment-text>Saj je zadi odličen golman ne skrbi ti za Maribor,pri olimpiji se še 2 poškodujeta pa bojo
                    si sposodit mogli pri Ivančni gorici kakega igralca,ker je Stojič enkratno kadroval hhiiiihhIII
                </comment-text>
                <comment-text-transliterated>Saj je zadi odličen golman ne skrbi ti za Maribor,pri olimpiji se še 2
                    poškodujeta pa bojo si sposodit mogli pri Ivančni gorici kakega igralca,ker je Stojič enkratno
                    kadroval hhiiiihhIII
                </comment-text-transliterated>
            </comment>
            <comment comment-id="8-9">
                <comment-parent-id>8</comment-parent-id>
                <comment-text>oh sej ma olimpija tut kakega mladinca .. ne se bat.</comment-text>
                <comment-text-transliterated>oh sej ma olimpija tut kakega mladinca .. ne se bat.
                </comment-text-transliterated>
            </comment>
            <comment comment-id="8-10">
                <comment-parent-id>8</comment-parent-id>
                <comment-text>CE SO TAKI KO Novak ni straha</comment-text>
                <comment-text-transliterated>CE SO TAKI KO Novak ni straha</comment-text-transliterated>
            </comment>
            <comment comment-id="8-11">
                <comment-parent-id>8</comment-parent-id>
                <comment-text>boljši</comment-text>
                <comment-text-transliterated>boljši</comment-text-transliterated>
            </comment>
            <comment comment-id="8-12">
                <comment-parent-id>8</comment-parent-id>
                <comment-text>kaj je važno kolko je plačan? brani skoz kot handa...ane</comment-text>
                <comment-text-transliterated>kaj je važno kolko je plačan? brani skoz kot handa...ane
                </comment-text-transliterated>
            </comment>
            <comment comment-id="8-13">
                <comment-parent-id>8</comment-parent-id>
                <comment-text>kr nej brani ...sam ko bo treba kdo ga bo zamenjal</comment-text>
                <comment-text-transliterated>kr nej brani ...sam ko bo treba kdo ga bo zamenjal
                </comment-text-transliterated>
            </comment>
            <comment comment-id="8-14">
                <comment-parent-id>8</comment-parent-id>
                <comment-text>Mariborsko ekipo vleče mali Zaho s svojimi goli. Ko se bo njemu ustavilo, ali če se bo
                    poškodoval bo kriza Maribora
                </comment-text>
                <comment-text-transliterated>Mariborsko ekipo vleče mali Zaho s svojimi goli. Ko se bo njemu ustavilo,
                    ali če se bo poškodoval bo kriza Maribora
                </comment-text-transliterated>
            </comment>
            <comment comment-id="9">
                <comment-parent-id/>
                <comment-text>sej majo dobre mlade baskero ..Tijanića ...treba jih je dat samo igrat ..nimajo tko nič
                    zgubit !!
                </comment-text>
                <comment-text-transliterated>sej majo dobre mlade baskero ..Tijanića ...treba jih je dat samo igrat
                    ..nimajo tko nič zgubit !!
                </comment-text-transliterated>
            </comment>
            <comment comment-id="10">
                <comment-parent-id/>
                <comment-text>Škoda. Ne privoščim poškodb športnikom, ne glede na barvo dresa.</comment-text>
                <comment-text-transliterated>Škoda. Ne privoščim poškodb športnikom, ne glede na barvo dresa.
                </comment-text-transliterated>
            </comment>
            <comment comment-id="10-1">
                <comment-parent-id>10</comment-parent-id>
                <comment-text>+++</comment-text>
                <comment-text-transliterated>+++</comment-text-transliterated>
            </comment>
            <comment comment-id="11">
                <comment-parent-id/>
                <comment-text>Huhuuuu kok jih manka :D Ja nč, dejte šanso mladincem, jo bodo 100% izkoristili in
                    pokazali borbo do zadnje sekunde!
                </comment-text>
                <comment-text-transliterated>Huhuuuu kok jih manka :D Ja nč, dejte šanso mladincem, jo bodo 100%
                    izkoristili in pokazali borbo do zadnje sekunde!
                </comment-text-transliterated>
            </comment>
            <comment comment-id="12">
                <comment-parent-id/>
                <comment-text>šporar bil danes opažen kako je skoraj vstopil v igro na trening tekmi med bazlom B in
                    bazlom C
                </comment-text>
                <comment-text-transliterated>šporar bil danes opažen kako je skoraj vstopil v igro na trening tekmi med
                    bazlom B in bazlom C
                </comment-text-transliterated>
            </comment>
            <comment comment-id="12-1">
                <comment-parent-id>12</comment-parent-id>
                <comment-text>Pa če bi igral za Basel D je že več v življenju naredil kot ti ;)</comment-text>
                <comment-text-transliterated>Pa če bi igral za Basel D je že več v življenju naredil kot ti ;)
                </comment-text-transliterated>
            </comment>
            <comment comment-id="13">
                <comment-parent-id/>
                <comment-text>je prišel k pameti pa se je raj poškodoval kot da se matra v tej super strašni olimpiji
                </comment-text>
                <comment-text-transliterated>je prišel k pameti pa se je raj poškodoval kot da se matra v tej super
                    strašni olimpiji
                </comment-text-transliterated>
            </comment>
            <comment comment-id="14">
                <comment-parent-id/>
                <comment-text>Skoda zanj in Olimpijo</comment-text>
                <comment-text-transliterated>Skoda zanj in Olimpijo</comment-text-transliterated>
            </comment>
            <comment comment-id="15">
                <comment-parent-id/>
                <comment-text>Morda ga je poškodoval Mandarić ali Cime ??? Sam se sigurno ni !!</comment-text>
                <comment-text-transliterated>Morda ga je poškodoval Mandarić ali Cime ??? Sam se sigurno ni !!
                </comment-text-transliterated>
            </comment>
            <comment comment-id="16">
                <comment-parent-id/>
                <comment-text>Edini res dober igralec,ki je se ostal v ol.pa spet smola edino ce ni samo papirnato
                    poskodovan
                </comment-text>
                <comment-text-transliterated>Edini res dober igralec,ki je se ostal v ol.pa spet smola edino ce ni samo
                    papirnato poskodovan
                </comment-text-transliterated>
            </comment>
            <comment comment-id="17">
                <comment-parent-id/>
                <comment-text>pubec enkrat bi,pa nebi..pa zopet bi...pa spet nebi.....hmm....karakter mu ni neka jača
                    strana....
                </comment-text>
                <comment-text-transliterated>pubec enkrat bi,pa nebi..pa zopet bi...pa spet nebi.....hmm....karakter mu
                    ni neka jača strana....
                </comment-text-transliterated>
            </comment>
            <comment comment-id="17-1">
                <comment-parent-id>17</comment-parent-id>
                <comment-text>ja, sej res, glih tko se obnaša, k bi biu štajerc :-D</comment-text>
                <comment-text-transliterated>ja, sej res, glih tko se obnaša, k bi biu štajerc :-D
                </comment-text-transliterated>
            </comment>
            <comment comment-id="17-2">
                <comment-parent-id>17</comment-parent-id>
                <comment-text>res je sej edino štajerci lahko rešujejo žabarje Vršič, Krona pa to edina ki sta pustila
                    ime v vseh 10 letni zgodovini hahaha
                </comment-text>
                <comment-text-transliterated>res je sej edino štajerci lahko rešujejo žabarje Vršič, Krona pa to edina
                    ki sta pustila ime v vseh 10 letni zgodovini hahaha
                </comment-text-transliterated>
            </comment>
            <comment comment-id="17-3">
                <comment-parent-id>17</comment-parent-id>
                <comment-text>tu si ga mimo vstrelo...bodi realen.....je odvisno od človeka.....buenos</comment-text>
                <comment-text-transliterated>tu si ga mimo vstrelo...bodi realen.....je odvisno od človeka.....buenos
                </comment-text-transliterated>
            </comment>
            <comment comment-id="17-4">
                <comment-parent-id>17</comment-parent-id>
                <comment-text>vem...malo sem provociral...</comment-text>
                <comment-text-transliterated>vem...malo sem provociral...</comment-text-transliterated>
            </comment>
            <comment comment-id="17-5">
                <comment-parent-id>17</comment-parent-id>
                <comment-text>revolution...bolj zabarji rešujejo mb, poglej malo zgodovino od Židana naprej :-)
                </comment-text>
                <comment-text-transliterated>revolution...bolj zabarji rešujejo mb, poglej malo zgodovino od Židana
                    naprej :-)
                </comment-text-transliterated>
            </comment>
            <comment comment-id="17-6">
                <comment-parent-id>17</comment-parent-id>
                <comment-text>Ampak mi imamo malo daljšo zgodovino se ti ne zdi jas gledam od vašega novega nastanka
                    leta 2005 ker to je nov klub? Sicer pa v zadnjih letih razen letos Vršiča ni bilo slovenca ki bi
                    iztopal v Mariboru ampak so bili to tujci na čelu z Tavaresom, Ibraimijem, Niltonom, Arghusom
                    predtem še Bozgo in Balajič, pa recimo sedaj Kabha in Defendi..
                </comment-text>
                <comment-text-transliterated>Ampak mi imamo malo daljšo zgodovino se ti ne zdi jas gledam od vašega
                    novega nastanka leta 2005 ker to je nov klub? Sicer pa v zadnjih letih razen letos Vršiča ni bilo
                    slovenca ki bi iztopal v Mariboru ampak so bili to tujci na čelu z Tavaresom, Ibraimijem, Niltonom,
                    Arghusom predtem še Bozgo in Balajič, pa recimo sedaj Kabha in Defendi..
                </comment-text-transliterated>
            </comment>
            <comment comment-id="17-7">
                <comment-parent-id>17</comment-parent-id>
                <comment-text>Buenos vprasaj Zidana kam pripada odgovoril ti bo da po srcu je Mariborcan</comment-text>
                <comment-text-transliterated>Buenos vprasaj Zidana kam pripada odgovoril ti bo da po srcu je
                    Mariborcan
                </comment-text-transliterated>
            </comment>
            <comment comment-id="17-8">
                <comment-parent-id>17</comment-parent-id>
                <comment-text>Zanetti se ne bi strinjal... Židan je ponosen Ljubljančan in trener U9 selekcije Olimpije,
                    v kateri dela z vsem srcem. Vem iz prve roke, saj trenira mojega nečaka :)
                </comment-text>
                <comment-text-transliterated>Zanetti se ne bi strinjal... Židan je ponosen Ljubljančan in trener U9
                    selekcije Olimpije, v kateri dela z vsem srcem. Vem iz prve roke, saj trenira mojega nečaka :)
                </comment-text-transliterated>
            </comment>
            <comment comment-id="17-9">
                <comment-parent-id>17</comment-parent-id>
                <comment-text>Kar vprasaj ga na samem kaj je po srcu in katero pesem je vrtel v ljubljani v kafani al
                    piceriji pred leti ko se je bil igralec Maribora
                </comment-text>
                <comment-text-transliterated>Kar vprasaj ga na samem kaj je po srcu in katero pesem je vrtel v ljubljani
                    v kafani al piceriji pred leti ko se je bil igralec Maribora
                </comment-text-transliterated>
            </comment>
            <comment comment-id="17-10">
                <comment-parent-id>17</comment-parent-id>
                <comment-text>Za pesem ne rabis ugobat naslov je en se po rtv slovenija je bilo po dnevniku,samo ti se
                    ne spomnis,ker si mlad
                </comment-text>
                <comment-text-transliterated>Za pesem ne rabis ugobat naslov je en se po rtv slovenija je bilo po
                    dnevniku,samo ti se ne spomnis,ker si mlad
                </comment-text-transliterated>
            </comment>
            <comment comment-id="17-11">
                <comment-parent-id>17</comment-parent-id>
                <comment-text>zanetti če ga bom jaz vprašal na samem, bo reku, da je žabar :-) verjemi mi, pa če je al
                    pa če ni
                </comment-text>
                <comment-text-transliterated>zanetti če ga bom jaz vprašal na samem, bo reku, da je žabar :-) verjemi
                    mi, pa če je al pa če ni
                </comment-text-transliterated>
            </comment>
            <comment comment-id="17-12">
                <comment-parent-id>17</comment-parent-id>
                <comment-text>Vprasaj pa javi</comment-text>
                <comment-text-transliterated>Vprasaj pa javi</comment-text-transliterated>
            </comment>
            <comment comment-id="17-13">
                <comment-parent-id>17</comment-parent-id>
                <comment-text>velja...čeprav takrat, ko smo zmagali 4-1, je bil zelo navdušen</comment-text>
                <comment-text-transliterated>velja...čeprav takrat, ko smo zmagali 4-1, je bil zelo navdušen
                </comment-text-transliterated>
            </comment>
            <comment comment-id="17-14">
                <comment-parent-id>17</comment-parent-id>
                <comment-text>Zanetti se motiš, tip ma celo avto zeleno od zastavice, šalov, povštrov Olimpije... tudi
                    na derbiju sem ga že videl lani in par let nazaj s šalom Olimpije
                </comment-text>
                <comment-text-transliterated>Zanetti se motiš, tip ma celo avto zeleno od zastavice, šalov, povštrov
                    Olimpije... tudi na derbiju sem ga že videl lani in par let nazaj s šalom Olimpije
                </comment-text-transliterated>
            </comment>
            <comment comment-id="18">
                <comment-parent-id/>
                <comment-text>sedaj bo pa lahko kot tisti spokafcek med polcasom vzel mikrofon v roke in pel
                    salalallallalaalala in se afnal pa to
                </comment-text>
                <comment-text-transliterated>sedaj bo pa lahko kot tisti spokafcek med polcasom vzel mikrofon v roke in
                    pel salalallallalaalala in se afnal pa to
                </comment-text-transliterated>
            </comment>
            <comment comment-id="19">
                <comment-parent-id/>
                <comment-text>Elegantna rešitev, samo ne zanj.... Najbolje, da čimprej iz lj</comment-text>
                <comment-text-transliterated>Elegantna rešitev, samo ne zanj.... Najbolje, da čimprej iz lj
                </comment-text-transliterated>
            </comment>
            <comment comment-id="20">
                <comment-parent-id/>
                <comment-text>Krona res nima srece s poskodbami...verjetno bi imel, ce seveda ne bi bilo poskodb, danes
                    za sabo verjetno zelo lepo kariero in bi se zmeraj igral v tujini...upam da cim prej okreva saj ga
                    olimpija (predvsem pusnik) in reprezentanca potrebujeta...
                </comment-text>
                <comment-text-transliterated>Krona res nima srece s poskodbami...verjetno bi imel, ce seveda ne bi bilo
                    poskodb, danes za sabo verjetno zelo lepo kariero in bi se zmeraj igral v tujini...upam da cim prej
                    okreva saj ga olimpija (predvsem pusnik) in reprezentanca potrebujeta...
                </comment-text-transliterated>
            </comment>
            <comment comment-id="21">
                <comment-parent-id/>
                <comment-text>GD so ga pretepli?</comment-text>
                <comment-text-transliterated>GD so ga pretepli?</comment-text-transliterated>
            </comment>
            <comment comment-id="21-1">
                <comment-parent-id>21</comment-parent-id>
                <comment-text>gotof je isto žabarji</comment-text>
                <comment-text-transliterated>gotof je isto žabarji</comment-text-transliterated>
            </comment>
            <comment comment-id="21-2">
                <comment-parent-id>21</comment-parent-id>
                <comment-text>hahahah GD se še sami sebe bojijo daj ne hecaj se teh 10 srednješolcev ne more iz hiše
                    brez svoje mamice
                </comment-text>
                <comment-text-transliterated>hahahah GD se še sami sebe bojijo daj ne hecaj se teh 10 srednješolcev ne
                    more iz hiše brez svoje mamice
                </comment-text-transliterated>
            </comment>
        </comment-list>
    </comments>
</document>