<document global-id="si-06-1072">
    <url>https://www.24ur.com/sport/ostalo/kmalu-jih-bo-stel-42-a-rokometa-se-se-ni-navelical.html</url>
    <source-id>si-06</source-id>
    <local-id>1072</local-id>
    <source-name>ur24</source-name>
    <article>
        <article-title>Kmalu jih bo štel 42, a rokometa se še ni naveličal</article-title>
        <article-title-transliterated>Kmalu jih bo štel 42, a rokometa se še ni naveličal</article-title-transliterated>
        <article-time>2019-05-08</article-time>
        <article-author>M.F.</article-author>
        <article-text>Rokometni vratar Gorazd Škof bo tudi pri 42 letih branil na prvoligaški ravni. V letošnji sezoni
            član nemškega bundesligaša Erlangna se je dogovoril za sodelovanje z avstrijskim prvoligašem Ferlachom.
            Nekdanji slovenski rokometni reprezentant Gorazd Škof se rokometu ne bo zlahka odrekel. Čeprav je dolgo
            kazalo, da bi lahko postal trener vratarjev v ambicioznem projektu mariborskega prvoligaša, govorilo se je
            celo o tem, da bi združila moči z Urošem Zormanom in se preselila v štajersko prestolnico. A šlo je za
            besede, želja Brežičana, ki bo julija dopolnil 42 let, pa očitno nekaj drugega. Pri nemškem bundesligašu
            Erlangnu je tudi v letošnji sezoni nekajkrat dokazal, da še vedno zna in zmore, in to na najvišji kakovostni
            ravni.
            Zato ne preseneča, da so se zanj zanimali francoski prvoligaši, ni bilo izključeno nadaljevanje športne poti
            v Bundesligi (Lemgo, Wetzlar), rokometni veteran pa se je odločil, da se bo s koncem kariere
            vratarja spogledoval med avstrijskimi prvoligaši. Dogovoril se je za sodelovanje s SC Ferlachom, klubom iz
            Borovelj, kjer so slovenski igralci že dolga leta lepo zapisani. Brez dvoma je tudi to olajšalo odločitev
            zadnjemu Slovencu, ki je nosil dres najbogatejšega kluba na svetu Paris Saint Germaina, s katerim je igral
            finale Lige prvakov leta 2017.
            S predsednikom kluba Walterjem Perkonikom sta hitro našla skupni jezik in se dogovorila, da bo v novem
            tekmovalnem letu stopil med vratnice, glede na veliko slovenskih igralcev, ki si tam služijo kruh, pa ne bi
            bilo nič čudnega, če bi se tako zelo dobro znašel v novem delovnem okolju, da bi se tam zadržal kakšno leto
            več.
        </article-text>
        <article-text-transliterated>Rokometni vratar Gorazd Škof bo tudi pri 42 letih branil na prvoligaški ravni. V
            letošnji sezoni član nemškega bundesligaša Erlangna se je dogovoril za sodelovanje z avstrijskim prvoligašem
            Ferlachom.
            Nekdanji slovenski rokometni reprezentant Gorazd Škof se rokometu ne bo zlahka odrekel. Čeprav je dolgo
            kazalo, da bi lahko postal trener vratarjev v ambicioznem projektu mariborskega prvoligaša, govorilo se je
            celo o tem, da bi združila moči z Urošem Zormanom in se preselila v štajersko prestolnico. A šlo je za
            besede, želja Brežičana, ki bo julija dopolnil 42 let, pa očitno nekaj drugega. Pri nemškem bundesligašu
            Erlangnu je tudi v letošnji sezoni nekajkrat dokazal, da še vedno zna in zmore, in to na najvišji kakovostni
            ravni.
            Zato ne preseneča, da so se zanj zanimali francoski prvoligaši, ni bilo izključeno nadaljevanje športne poti
            v Bundesligi (Lemgo, Wetzlar), rokometni veteran pa se je odločil, da se bo s koncem kariere
            vratarja spogledoval med avstrijskimi prvoligaši. Dogovoril se je za sodelovanje s SC Ferlachom, klubom iz
            Borovelj, kjer so slovenski igralci že dolga leta lepo zapisani. Brez dvoma je tudi to olajšalo odločitev
            zadnjemu Slovencu, ki je nosil dres najbogatejšega kluba na svetu Paris Saint Germaina, s katerim je igral
            finale Lige prvakov leta 2017.
            S predsednikom kluba Walterjem Perkonikom sta hitro našla skupni jezik in se dogovorila, da bo v novem
            tekmovalnem letu stopil med vratnice, glede na veliko slovenskih igralcev, ki si tam služijo kruh, pa ne bi
            bilo nič čudnega, če bi se tako zelo dobro znašel v novem delovnem okolju, da bi se tam zadržal kakšno leto
            več.
        </article-text-transliterated>
    </article>
    <comments>
        <comments-count>1</comments-count>
        <comment-list>
            <comment comment-id="1">
                <comment-parent-id/>
                <comment-text>Legenda!</comment-text>
                <comment-text-transliterated>Legenda!</comment-text-transliterated>
            </comment>
        </comment-list>
    </comments>
</document>