<?xml version="1.0" encoding="utf-8"?>
<document global-id="si-03-1059">
	<url>https://www.dnevnik.si/1042823542/Znanost%20in%20tehnologija/enostavni-trik-za-poslusanje-youtuba-z-izklopljenim-zaslonom-na-androidih</url>
	<source-id>si-03</source-id>
	<local-id>1059</local-id>
	<source-name>Dnevnik</source-name>
	<article>
		<article-title>Enostavni trik za poslušanje youtuba z izklopljenim zaslonom na androidih</article-title>
		<article-title-transliterated>Enostavni trik za poslušanje youtuba z izklopljenim zaslonom na androidih</article-title-transliterated>
		<article-time>2018-05-28</article-time>
		<article-author>Aljaž Potočnik</article-author>
		<article-text>Da je youtube prava zakladnica videovsebin, že dolgo ni sporno, poleg teh pa ponuja tudi številne objave, ki bolj kot sferi vizualnega pripadajo avditivnemu. Ob sko...</article-text>
		<article-text-transliterated>Da je youtube prava zakladnica videovsebin, že dolgo ni sporno, poleg teh pa ponuja tudi številne objave, ki bolj kot sferi vizualnega pripadajo avditivnemu. Ob sko...</article-text-transliterated>
	</article>
	<comments>
		<comments-count>0</comments-count>
		<comments-list/>
	</comments>
</document>
