<?xml version="1.0" encoding="utf-8"?>
<document global-id="si-03-1205">
	<url>https://www.dnevnik.si/1042825820/Vizualna%20umetnost/fotografija-resnica-je-v-oceh-opazovalca</url>
	<source-id>si-03</source-id>
	<local-id>1205</local-id>
	<source-name>Dnevnik</source-name>
	<article>
		<article-title>Fotografija: resnica je v očeh opazovalca</article-title>
		<article-title-transliterated>Fotografija: resnica je v očeh opazovalca</article-title-transliterated>
		<article-time>2018-06-16</article-time>
		<article-author>Tina Bernik</article-author>
		<article-text>Zdi se, da tako kot vsi drugi razen Merklove, ki ima oči uprte v  Trumpa, posluša francoskega predsednika Emmanuela Macrona. Trump je na fotografiji edini voditelj...</article-text>
		<article-text-transliterated>Zdi se, da tako kot vsi drugi razen Merklove, ki ima oči uprte v  Trumpa, posluša francoskega predsednika Emmanuela Macrona. Trump je na fotografiji edini voditelj...</article-text-transliterated>
	</article>
	<comments>
		<comments-count>0</comments-count>
		<comments-list/>
	</comments>
</document>
