<?xml version="1.0" encoding="utf-8"?>
<document global-id="si-03-1489">
	<url>https://www.dnevnik.si/1042825390/Kultura/ideologija-enakopravnosti</url>
	<source-id>si-03</source-id>
	<local-id>1489</local-id>
	<source-name>Dnevnik</source-name>
	<article>
		<article-title>Ideologija enakopravnosti</article-title>
		<article-title-transliterated>Ideologija enakopravnosti</article-title-transliterated>
		<article-time>2018-06-12</article-time>
		<article-author>Gregor Pompe</article-author>
		<article-text>V senatu so ob sprejemanju pravilnika nekateri člani in članice senata ponovno opozorili, da se jim zapisovanje zgolj v moški obliki ne zdi demokratično. Razvila se...</article-text>
		<article-text-transliterated>V senatu so ob sprejemanju pravilnika nekateri člani in članice senata ponovno opozorili, da se jim zapisovanje zgolj v moški obliki ne zdi demokratično. Razvila se...</article-text-transliterated>
	</article>
	<comments>
		<comments-count>0</comments-count>
		<comments-list/>
	</comments>
</document>
