<document global-id="si-03-1186">
    <url>https://www.dnevnik.si/1042702586/Magazin/filatelija-456374890</url>
    <source-id>si-03</source-id>
    <local-id>1186</local-id>
    <source-name>Dnevnik</source-name>
    <article>
        <article-title>Filatelija</article-title>
        <article-title-transliterated>Filatelija</article-title-transliterated>
        <article-time>2015-01-08</article-time>
        <article-author>Janko Štampfl</article-author>
        <article-text>Pred nekaj dnevi so bile ukinjene tri pošte, ki so naslednjega delovnega dne začele poslovati kot
            pogodbene pošte, tako da zdaj v Sloveniji deluje že devetinsedemdeset pogodbenih pošt. Kot vse dosedanje
            pogodbene pošte so tudi nove tri obdržale iste poštne številke, njihov delovni čas pa je precej daljši,
            ugodnejši za uporabnike. Na prvi delovni dan v letošnjem letu sta začeli poslovati pogodbeni pošti 8255
            Pišece in 8262 Krška vas, v ponedeljek, 5. januarja, pa še pogodbena pošta 1219 Laze v Tuhinju. Ob zbiranju
            podatkov za predstavitev delovanja teh pošt se je pokazalo, da so nekateri zgodovinski podatki o njih še
            vedno bele lise, potrebne podrobnega raziskovanja in preverjanja. Pošta Pišece je začela poslovati ob
            prelomu devetnajstega v dvajseto stoletje, točen datum bo treba še ugotoviti. Prvi in edini žig, ki ga je
            pošta uporabljala v času Avstro-Ogrske, je bil dvokrožni s podpisanimi številkami datuma, ime pošte pa je
            bilo v njem zapisano tako v nemškem kot slovenskem jeziku, Pischätz/Pišece. V prvi in drugi Jugoslaviji je
            bilo ime pošte zapisano tako v latinici (ob zgornjem delu krožnice) kot cirilici (ob spodnjem delu
            krožnice), le nekaj let po drugi svetovni vojni le v latinici. Med drugo vojno se je pošta najprej imenovala
            »Pischätz über Rann (Steierm)«, že leta 1942 pa je bila preimenovana v »Dittmannsberg über Rann (Steierm)«.
            Leta 1971 je dobila poštno številko 68255, 1. marca 1996 pa izgubila »jugošestico«, odtlej se imenuje 8255
            Pišece, kot se bo, kljub spremembi v pogodbeno, tudi poslej.

            V Krški vasi je bila pošta ustanovljena 1. avgusta 1851 pod imenom Munkendorf. Ob uvedbi dvojezičnih žigov
            je bilo slovensko ime kraja v njem zapisano kot »Kerska vas«, ko pa je pošta okoli leta 1910 dobila nov,
            dvokrožni žig z mostom in črkovno oznako »a«, je bilo ime kraja v njem zapisano kot »Krška vas«. Isto ime je
            uporabljala pošta vse doslej, le med drugo svetovno vojno je bilo v uporabi staroavstrijsko ime, v prvi in
            drugi Jugoslaviji pa je bil seveda v žigu tudi zapis imena v cirilici. Leta 1971 je dobila poštno številko
            68262, 1. marca 1996 pa je izgubila »jugošestico«, odtlej se imenuje 8262 Krška vas.

            V Lazah v Tuhinju so ob koncu devetnajstega stoletja imeli poštno zbiralnico, katere skrbnik je na sprejete
            pošiljke odtisoval dvojezično štampiljko z napisom »Laase in Tuchein/Laze v Tuhinju«; v literaturi se sicer
            pojavlja podatek, da naj bi bila pošta v kraju ustanovljena 31. maja 1899, kar pa je malo verjetno in bi
            bilo treba podatek podkrepiti z materialnimi dokazi. Pomožna pošta oziroma poštna zbiralnica je bila leta
            1923 prestavljena v sosednje Laze, nadzorna oziroma predpostavljena pošta pa je bila obema Šmartno v
            Tuhinju, kjer je bila pošta ustanovljena že leta 1873. Pošta Šmartno v Tuhinju je leta 1970 dobila poštno
            številko »61219«, 11. novembra 1972 pa se je preselila v nove prostore v Laze, obdržala poštno številko, a
            spremenila ime v 61219 Laze v Tuhinju. Ker je bil žig pošte 61219 Šmartno v Tuhinju v uporabi le kakšno
            leto, brez dvoma spada med najredkejše odtise jugoslovansko-slovenskih poštnih žigov iz obdobja poštnih
            številk.

            Litva in evro

            Pred letom dni je v evrsko območje vstopila Latvija (originalno: Latvijas Republika), kar smo zabeležili
            tudi v tej rubriki, tako njihove nove evrske kovance kot tudi poštne znamke. Z letošnjim začetkom leta pa je
            v evrsko območje vstopila še njena južna soseda Litva (originalno: Lietuvos Respublika). Najbolj severna
            izmed treh baltskih držav, Estonija, je evro prevzela januarja 2011 (na kar smo zbiralce opozorili v prvi
            rubriki Filatelija leta 2011).

            Litva je bila v srednjem veku zgodovinsko povezana s sosednjo Poljsko, pri ozemeljskih delitvah Poljske pa
            je konec 18. stoletja ozemlje Litve pripadlo Rusiji, ob koncu prve svetovne vojne je 16. februarja 1918
            razglasila neodvisnost, ki pa je trajala do 15. junija 1940, ko je Litvo zasedla Sovjetska zveza, leto
            kasneje pa nemška armada. Po koncu druge svetovne vojne jo je spet okupirala ZSSR, maja 1990 pa je Litva
            razglasila suverenost. Politične spremembe se seveda vedno odražajo tudi na poštnih znamkah, zato so bile v
            določenih obdobjih v Litvi v uporabi znamke trenutnega oblastnika. Svoje znamke je Litva izdajala med letoma
            1918 in 1940, v uporabi so bile na večjem delu litovskega ozemlja, zatem pa so uporabljali najprej nemške,
            nato pa do 11. marca 1990 znamke Sovjetske zveze. Odtlej vsako leto izide okoli trideset priložnostnih
            znamk, kar je po načelih sodobnih izdajateljskih smernic optimalno število.

            Da bi bil prehod na evro lažji, so v Litvi sredi lanskega leta na novih priložnostnih znamkah začeli
            zapisovati nominalo tako v njihovi dotedanji valuti, litvanskem litasu, kot tudi v bodočih evrih. Letošnjega
            2. januarja pa je v polmilijonski nakladi izšla priložnostna znamka v počastitev prevzema evra za državno
            valuto, na njej sta prikazana lice in hrbet novega dvoevrskega kovanca z zastavo v ozadju. V Litvi so se
            odločili, da bo na »nacionalni« strani novih kovancev na vseh enaka podoba, povzeta po starodavnem litovskem
            vojvodskem simbolu »Vytis« (Beli vitez). Istega dne je izšla tudi serija šestih rednih znamk, na katerih so
            zelo duhovito prikazali istega viteza, ki se na litovskih nacionalnih kovancih pojavlja že vse od
            štirinajstega stoletja – torej res ne potrebujejo dodatne promocije!

            Se je pa litovska pošta 27. aprila 2013 zelo zamerila domačim filatelistom, združenim v klubu Lituanica, ko
            je skrivoma izdala špekulativni zvežčič z znamkami Europe (poštna vozila; naklada 3000 primerkov!), ki ga ni
            ponudila domačim filatelistom. Odtlej ti filatelisti na svoji spletni strani ignorirajo nove izdaje litovske
            pošte.
            Rubrika Filatelija bo v Dnevniku spet v četrtek, 15. januarja.
        </article-text>
        <article-text-transliterated>Pred nekaj dnevi so bile ukinjene tri pošte, ki so naslednjega delovnega dne začele
            poslovati kot pogodbene pošte, tako da zdaj v Sloveniji deluje že devetinsedemdeset pogodbenih pošt. Kot vse
            dosedanje pogodbene pošte so tudi nove tri obdržale iste poštne številke, njihov delovni čas pa je precej
            daljši, ugodnejši za uporabnike. Na prvi delovni dan v letošnjem letu sta začeli poslovati pogodbeni pošti
            8255 Pišece in 8262 Krška vas, v ponedeljek, 5. januarja, pa še pogodbena pošta 1219 Laze v Tuhinju. Ob
            zbiranju podatkov za predstavitev delovanja teh pošt se je pokazalo, da so nekateri zgodovinski podatki o
            njih še vedno bele lise, potrebne podrobnega raziskovanja in preverjanja. Pošta Pišece je začela poslovati
            ob prelomu devetnajstega v dvajseto stoletje, točen datum bo treba še ugotoviti. Prvi in edini žig, ki ga je
            pošta uporabljala v času Avstro-Ogrske, je bil dvokrožni s podpisanimi številkami datuma, ime pošte pa je
            bilo v njem zapisano tako v nemškem kot slovenskem jeziku, Pischätz/Pišece. V prvi in drugi Jugoslaviji je
            bilo ime pošte zapisano tako v latinici (ob zgornjem delu krožnice) kot cirilici (ob spodnjem delu
            krožnice), le nekaj let po drugi svetovni vojni le v latinici. Med drugo vojno se je pošta najprej imenovala
            »Pischätz über Rann (Steierm)«, že leta 1942 pa je bila preimenovana v »Dittmannsberg über Rann (Steierm)«.
            Leta 1971 je dobila poštno številko 68255, 1. marca 1996 pa izgubila »jugošestico«, odtlej se imenuje 8255
            Pišece, kot se bo, kljub spremembi v pogodbeno, tudi poslej.

            V Krški vasi je bila pošta ustanovljena 1. avgusta 1851 pod imenom Munkendorf. Ob uvedbi dvojezičnih žigov
            je bilo slovensko ime kraja v njem zapisano kot »Kerska vas«, ko pa je pošta okoli leta 1910 dobila nov,
            dvokrožni žig z mostom in črkovno oznako »a«, je bilo ime kraja v njem zapisano kot »Krška vas«. Isto ime je
            uporabljala pošta vse doslej, le med drugo svetovno vojno je bilo v uporabi staroavstrijsko ime, v prvi in
            drugi Jugoslaviji pa je bil seveda v žigu tudi zapis imena v cirilici. Leta 1971 je dobila poštno številko
            68262, 1. marca 1996 pa je izgubila »jugošestico«, odtlej se imenuje 8262 Krška vas.

            V Lazah v Tuhinju so ob koncu devetnajstega stoletja imeli poštno zbiralnico, katere skrbnik je na sprejete
            pošiljke odtisoval dvojezično štampiljko z napisom »Laase in Tuchein/Laze v Tuhinju«; v literaturi se sicer
            pojavlja podatek, da naj bi bila pošta v kraju ustanovljena 31. maja 1899, kar pa je malo verjetno in bi
            bilo treba podatek podkrepiti z materialnimi dokazi. Pomožna pošta oziroma poštna zbiralnica je bila leta
            1923 prestavljena v sosednje Laze, nadzorna oziroma predpostavljena pošta pa je bila obema Šmartno v
            Tuhinju, kjer je bila pošta ustanovljena že leta 1873. Pošta Šmartno v Tuhinju je leta 1970 dobila poštno
            številko »61219«, 11. novembra 1972 pa se je preselila v nove prostore v Laze, obdržala poštno številko, a
            spremenila ime v 61219 Laze v Tuhinju. Ker je bil žig pošte 61219 Šmartno v Tuhinju v uporabi le kakšno
            leto, brez dvoma spada med najredkejše odtise jugoslovansko-slovenskih poštnih žigov iz obdobja poštnih
            številk.

            Litva in evro

            Pred letom dni je v evrsko območje vstopila Latvija (originalno: Latvijas Republika), kar smo zabeležili
            tudi v tej rubriki, tako njihove nove evrske kovance kot tudi poštne znamke. Z letošnjim začetkom leta pa je
            v evrsko območje vstopila še njena južna soseda Litva (originalno: Lietuvos Respublika). Najbolj severna
            izmed treh baltskih držav, Estonija, je evro prevzela januarja 2011 (na kar smo zbiralce opozorili v prvi
            rubriki Filatelija leta 2011).

            Litva je bila v srednjem veku zgodovinsko povezana s sosednjo Poljsko, pri ozemeljskih delitvah Poljske pa
            je konec 18. stoletja ozemlje Litve pripadlo Rusiji, ob koncu prve svetovne vojne je 16. februarja 1918
            razglasila neodvisnost, ki pa je trajala do 15. junija 1940, ko je Litvo zasedla Sovjetska zveza, leto
            kasneje pa nemška armada. Po koncu druge svetovne vojne jo je spet okupirala ZSSR, maja 1990 pa je Litva
            razglasila suverenost. Politične spremembe se seveda vedno odražajo tudi na poštnih znamkah, zato so bile v
            določenih obdobjih v Litvi v uporabi znamke trenutnega oblastnika. Svoje znamke je Litva izdajala med letoma
            1918 in 1940, v uporabi so bile na večjem delu litovskega ozemlja, zatem pa so uporabljali najprej nemške,
            nato pa do 11. marca 1990 znamke Sovjetske zveze. Odtlej vsako leto izide okoli trideset priložnostnih
            znamk, kar je po načelih sodobnih izdajateljskih smernic optimalno število.

            Da bi bil prehod na evro lažji, so v Litvi sredi lanskega leta na novih priložnostnih znamkah začeli
            zapisovati nominalo tako v njihovi dotedanji valuti, litvanskem litasu, kot tudi v bodočih evrih. Letošnjega
            2. januarja pa je v polmilijonski nakladi izšla priložnostna znamka v počastitev prevzema evra za državno
            valuto, na njej sta prikazana lice in hrbet novega dvoevrskega kovanca z zastavo v ozadju. V Litvi so se
            odločili, da bo na »nacionalni« strani novih kovancev na vseh enaka podoba, povzeta po starodavnem litovskem
            vojvodskem simbolu »Vytis« (Beli vitez). Istega dne je izšla tudi serija šestih rednih znamk, na katerih so
            zelo duhovito prikazali istega viteza, ki se na litovskih nacionalnih kovancih pojavlja že vse od
            štirinajstega stoletja – torej res ne potrebujejo dodatne promocije!

            Se je pa litovska pošta 27. aprila 2013 zelo zamerila domačim filatelistom, združenim v klubu Lituanica, ko
            je skrivoma izdala špekulativni zvežčič z znamkami Europe (poštna vozila; naklada 3000 primerkov!), ki ga ni
            ponudila domačim filatelistom. Odtlej ti filatelisti na svoji spletni strani ignorirajo nove izdaje litovske
            pošte.
            Rubrika Filatelija bo v Dnevniku spet v četrtek, 15. januarja.
        </article-text-transliterated>
    </article>
    <comments>
        <comments-count>0</comments-count>
        <comment-list/>
    </comments>
</document>