<document global-id="si-03-1527">
    <url>https://www.dnevnik.si/1042730566/Odprta%20stran/in-memoriam-dr-dusan-cop-19212016-</url>
    <source-id>si-03</source-id>
    <local-id>1527</local-id>
    <source-name>Dnevnik</source-name>
    <article>
        <article-title>In memoriam: Dr. Dušan Čop (1921–2016)</article-title>
        <article-title-transliterated>In memoriam: Dr. Dušan Čop (1921–2016)</article-title-transliterated>
        <article-time>2016-02-24</article-time>
        <article-author>Dragan Petrovec</article-author>
        <article-text>Pred dnevi se je v petindevetdesetem letu od nas poslovil profesor Dušan Čop, eden največjih
            poznavalcev jezika in jezikov. Skromen, kot je bil, mu nikoli ni bilo za javno hvalo. Tudi za formalna
            priznanja se ni boril in večina bi doktorirala že z nekaj odstotki njegovega znanja. Dušan Čop pa ga je
            strastno – da, to je prava beseda – nabiral dan za dnem in leto za letom, preden ga je, le delček, v zrelih
            letih prelil v disertacijo. Naj mi bo dovoljeno prenesti besede enega od znamenitih slovenskih
            jezikoslovcev, ki je bil spremljevalec Čopove disertacije. Tako je pozneje zaupal nekaterim: »Čopovo delo je
            najboljše, kar sem kdaj prebral.« In naj zaupam tudi v intimnem krogu izrečene besede Dušana Čopa iz
            polemike z nekim priznanim akademikom: »Akademik mi je ugovarjal in rekel, da je moja trditev napačna. Pa ga
            nisem hotel javno razvrednotiti. A ko bi on znal špansko, bi vedel, da se je v tistem stoletju latinski 'f'
            spremenil v španski 'h', zaradi česar je moj sklep povsem pravilen.«. Ko se je ukvarjal s raziskovanjem
            slovenskih krajevnih imen, je ob vsem teoretičnem znanju opravil še naslednje preizkuse. Šel je na teren med
            ljudi in jih spraševal, od kod po njihovem vedenju in mnenju kakšno poimenovanje. Tako je sem ter tja prišel
            do presenetljivih ugotovitev, ki bi bile le z jezikoslovnim orodjem popolnoma nerešljive, če mu tamkajšnji
            prebivalci ne bi pojasnili, od kod kakšno nenavadno ime.

            Bližnje sorodstvo s »Prešernovim« Čopom (pranečak) je dokazano s praktično gotovostjo. Zato ne preseneča
            zapis v Dnevnikovem Objektivu ob njegovi devetdesetletnici z naslovom: »Naučil sem se 37 jezikov. Zase.«
            Človeško topel intervju, ki ga je z njim naredila Kristina Božič, ga je razkril kot človeka, ki pri
            devetdesetih piše in govori v sanskrtu, ki pozna vse odtenke in skrivnosti starih in modernih jezikov, ki se
            huduje nad jezikoslovci, ker ne vedo, da ima neka jezikovna skupina šest jezikov in ne le treh – zato v
            podkrepitev svoje trditve odrecitira »Oče naš« v vseh šestih – ki zagrozi, da jim bo pa res povedal, kar jim
            gre, če se ne bodo končno spametovali, in ne nazadnje kot človek, ki skrbno zbira iz vseh teh jezikov
            izreke, ki bi morali veljati kot moralni kažipot za človeka vredno sobivanje. Te izreke nam je pred nekaj
            leti, zbrane v pismu, izročil in s tem položil na dušo.

            Ker ga je zanimalo še marsikaj poleg jezikoslovja, je postregel z imeni katere koli rastline, ki je
            poganjala pri nas, v slovenščini in latinščini. S komaj razumljivo natančnostjo je za vsako vzpetino, ki je
            zaslužila ime hriba, poznal nadmorsko višino v metrih in v čevljih, od Šmarne gore do vseh osemtisočakov.

            Svojemu značaju primerno je vse te stvari omenjal kot povsem samoumevne in iz teh talentov nikoli ni
            poskušal kovati slave, kaj šele dobička. Med urami angleščine je mimogrede natrosil, kako je to po francosko
            in zakaj je po portugalsko malo drugače kot po špansko. Makedonsko in bolgarsko pa je precej podobno, a ne
            povsem enako. Podpisanega, ki mu je bil profesor Čop vsa leta razrednik na klasični gimnaziji in ki se s
            temi besedami poslavlja od njega, je navdušil za študij primerjalnega jezikoslovja, a mu je usoda obrnila
            pot drugam. Kot nekakšna neizživeta strast, katere iskro je zanetil prav profesor Čop, pa ostaja v obliki
            več kot skromnega konjička ob siceršnjem delu na povsem drugem področju. Za to veselje, ki avtorja zapisa
            spremlja vsa leta od gimnazije dalje, naj bo profesorju izrečena iskrena hvaležnost.

            Ob srečanjih, ki jih je naša generacija – leta 1970 njegov zadnji razred na klasični gimnaziji – prirejala
            na pet let, je bil z nami skoraj do zadnjega. Ne le da se je spomnil vseh imen in priimkov, vedel je tudi za
            uspeh vsakogar in razreda v celoti. Še posebej je bil ponosen na nas, ker je točno polovica razreda končala
            gimnazijo z odličnim uspehom. Verjamem, da je z blagim značajem, ki nikoli ni posegal po disciplinskih
            ukrepih in ki mu je bila tudi formalna avtoriteta tuja, vsa štiri leta spodbujal, kar je bilo dobrega v nas.

            Šele ob enem izmed zadnjih srečanj je razkril del svojih čustev, ki so bila povezana z veseljem do
            poučevanja. Pripovedoval je o svojih začetkih, ko je služboval na Jesenicah. Potem ko je bilo konec pouka,
            je zvečer obsedel v praznem razredu in se razjokal.

            Zadnja leta je profesorja Čopa zapuščalo zdravje. Telo, ki mu je dolga leta služilo za mnoge vzpone, med
            njimi več kot štirideset na Triglav, se je utrudilo. Z njim vred tudi misel, ki je zavetje našla v manj
            dostopnem jeziku nekega oddaljenega sveta, v katerega se je vse bolj umikal. Morda mu je to olajšalo
            bolečino, ki bi jo sicer čutil ob nedavni izgubi svoje soproge. Ta umik sta mu s popolno predanostjo lajšali
            hčeri, ki sta dolga leta več kot vzorno in ljubeče skrbeli zanj, kakor tudi za mater.

            Naj končam ta pozdrav v njegov spomin z izrekom, ki ga je napisal v sanskrtu in nam ga prevedel takole: »S
            krepostjo postaneš poštenjak, ne pa z bogastvom, ne z učenostjo.« Kako zgovorno zanj, ki po pravici velja,
            čeprav zaradi svoje skromnosti premalo znan, za enega največjih učenjakov na svojem področju.
        </article-text>
        <article-text-transliterated>Pred dnevi se je v petindevetdesetem letu od nas poslovil profesor Dušan Čop, eden
            največjih poznavalcev jezika in jezikov. Skromen, kot je bil, mu nikoli ni bilo za javno hvalo. Tudi za
            formalna priznanja se ni boril in večina bi doktorirala že z nekaj odstotki njegovega znanja. Dušan Čop pa
            ga je strastno – da, to je prava beseda – nabiral dan za dnem in leto za letom, preden ga je, le delček, v
            zrelih letih prelil v disertacijo. Naj mi bo dovoljeno prenesti besede enega od znamenitih slovenskih
            jezikoslovcev, ki je bil spremljevalec Čopove disertacije. Tako je pozneje zaupal nekaterim: »Čopovo delo je
            najboljše, kar sem kdaj prebral.« In naj zaupam tudi v intimnem krogu izrečene besede Dušana Čopa iz
            polemike z nekim priznanim akademikom: »Akademik mi je ugovarjal in rekel, da je moja trditev napačna. Pa ga
            nisem hotel javno razvrednotiti. A ko bi on znal špansko, bi vedel, da se je v tistem stoletju latinski 'f'
            spremenil v španski 'h', zaradi česar je moj sklep povsem pravilen.«. Ko se je ukvarjal s raziskovanjem
            slovenskih krajevnih imen, je ob vsem teoretičnem znanju opravil še naslednje preizkuse. Šel je na teren med
            ljudi in jih spraševal, od kod po njihovem vedenju in mnenju kakšno poimenovanje. Tako je sem ter tja prišel
            do presenetljivih ugotovitev, ki bi bile le z jezikoslovnim orodjem popolnoma nerešljive, če mu tamkajšnji
            prebivalci ne bi pojasnili, od kod kakšno nenavadno ime.

            Bližnje sorodstvo s »Prešernovim« Čopom (pranečak) je dokazano s praktično gotovostjo. Zato ne preseneča
            zapis v Dnevnikovem Objektivu ob njegovi devetdesetletnici z naslovom: »Naučil sem se 37 jezikov. Zase.«
            Človeško topel intervju, ki ga je z njim naredila Kristina Božič, ga je razkril kot človeka, ki pri
            devetdesetih piše in govori v sanskrtu, ki pozna vse odtenke in skrivnosti starih in modernih jezikov, ki se
            huduje nad jezikoslovci, ker ne vedo, da ima neka jezikovna skupina šest jezikov in ne le treh – zato v
            podkrepitev svoje trditve odrecitira »Oče naš« v vseh šestih – ki zagrozi, da jim bo pa res povedal, kar jim
            gre, če se ne bodo končno spametovali, in ne nazadnje kot človek, ki skrbno zbira iz vseh teh jezikov
            izreke, ki bi morali veljati kot moralni kažipot za človeka vredno sobivanje. Te izreke nam je pred nekaj
            leti, zbrane v pismu, izročil in s tem položil na dušo.

            Ker ga je zanimalo še marsikaj poleg jezikoslovja, je postregel z imeni katere koli rastline, ki je
            poganjala pri nas, v slovenščini in latinščini. S komaj razumljivo natančnostjo je za vsako vzpetino, ki je
            zaslužila ime hriba, poznal nadmorsko višino v metrih in v čevljih, od Šmarne gore do vseh osemtisočakov.

            Svojemu značaju primerno je vse te stvari omenjal kot povsem samoumevne in iz teh talentov nikoli ni
            poskušal kovati slave, kaj šele dobička. Med urami angleščine je mimogrede natrosil, kako je to po francosko
            in zakaj je po portugalsko malo drugače kot po špansko. Makedonsko in bolgarsko pa je precej podobno, a ne
            povsem enako. Podpisanega, ki mu je bil profesor Čop vsa leta razrednik na klasični gimnaziji in ki se s
            temi besedami poslavlja od njega, je navdušil za študij primerjalnega jezikoslovja, a mu je usoda obrnila
            pot drugam. Kot nekakšna neizživeta strast, katere iskro je zanetil prav profesor Čop, pa ostaja v obliki
            več kot skromnega konjička ob siceršnjem delu na povsem drugem področju. Za to veselje, ki avtorja zapisa
            spremlja vsa leta od gimnazije dalje, naj bo profesorju izrečena iskrena hvaležnost.

            Ob srečanjih, ki jih je naša generacija – leta 1970 njegov zadnji razred na klasični gimnaziji – prirejala
            na pet let, je bil z nami skoraj do zadnjega. Ne le da se je spomnil vseh imen in priimkov, vedel je tudi za
            uspeh vsakogar in razreda v celoti. Še posebej je bil ponosen na nas, ker je točno polovica razreda končala
            gimnazijo z odličnim uspehom. Verjamem, da je z blagim značajem, ki nikoli ni posegal po disciplinskih
            ukrepih in ki mu je bila tudi formalna avtoriteta tuja, vsa štiri leta spodbujal, kar je bilo dobrega v nas.

            Šele ob enem izmed zadnjih srečanj je razkril del svojih čustev, ki so bila povezana z veseljem do
            poučevanja. Pripovedoval je o svojih začetkih, ko je služboval na Jesenicah. Potem ko je bilo konec pouka,
            je zvečer obsedel v praznem razredu in se razjokal.

            Zadnja leta je profesorja Čopa zapuščalo zdravje. Telo, ki mu je dolga leta služilo za mnoge vzpone, med
            njimi več kot štirideset na Triglav, se je utrudilo. Z njim vred tudi misel, ki je zavetje našla v manj
            dostopnem jeziku nekega oddaljenega sveta, v katerega se je vse bolj umikal. Morda mu je to olajšalo
            bolečino, ki bi jo sicer čutil ob nedavni izgubi svoje soproge. Ta umik sta mu s popolno predanostjo lajšali
            hčeri, ki sta dolga leta več kot vzorno in ljubeče skrbeli zanj, kakor tudi za mater.

            Naj končam ta pozdrav v njegov spomin z izrekom, ki ga je napisal v sanskrtu in nam ga prevedel takole: »S
            krepostjo postaneš poštenjak, ne pa z bogastvom, ne z učenostjo.« Kako zgovorno zanj, ki po pravici velja,
            čeprav zaradi svoje skromnosti premalo znan, za enega največjih učenjakov na svojem področju.
        </article-text-transliterated>
    </article>
    <comments>
        <comments-count>0</comments-count>
        <comment-list/>
    </comments>
</document>