<?xml version="1.0" encoding="utf-8"?>
<document global-id="si-03-1219">
	<url>https://www.dnevnik.si/1042846224/Kultura/-francoski-novinar-philippe-lancon-dobitnik-nagrade-femina</url>
	<source-id>si-03</source-id>
	<local-id>1219</local-id>
	<source-name>Dnevnik</source-name>
	<article>
		<article-title>Francoski novinar Philippe Lançon dobitnik nagrade femina</article-title>
		<article-title-transliterated>Francoski novinar Philippe Lançon dobitnik nagrade femina</article-title-transliterated>
		<article-time>2018-11-09</article-time>
		<article-author>kul, STA</article-author>
		<article-text>Nagrado femina podeljujejo od leta 1904, poleg osrednje kategorije, nagrade za francoski roman, pa  poznajo tudi nagrado za tuje literate, prevedene v francoski jezik, ter za najboljši esej. Leta 2014 je bil med 14 nominiranci v kategoriji tujih romanov tudi slovenski pisatelj Drago Jančar z romanom To noč sem jo videl. kul, sta</article-text>
		<article-text-transliterated>Nagrado femina podeljujejo od leta 1904, poleg osrednje kategorije, nagrade za francoski roman, pa  poznajo tudi nagrado za tuje literate, prevedene v francoski jezik, ter za najboljši esej. Leta 2014 je bil med 14 nominiranci v kategoriji tujih romanov tudi slovenski pisatelj Drago Jančar z romanom To noč sem jo videl. kul, sta</article-text-transliterated>
	</article>
	<comments>
		<comments-count>0</comments-count>
		<comments-list/>
	</comments>
</document>
