<?xml version="1.0" encoding="utf-8"?>
<document global-id="si-03-1314">
	<url>https://www.dnevnik.si/1042914363/Kultura/neodvisnost</url>
	<source-id>si-03</source-id>
	<local-id>1314</local-id>
	<source-name>Dnevnik</source-name>
	<article>
		<article-title>Goran Injac: Neodvisnost</article-title>
		<article-title-transliterated>Goran Injac: Neodvisnost</article-title-transliterated>
		<article-time>2019-11-19</article-time>
		<article-author>Goran Injac</article-author>
		<article-text>Święto Niepodległości ali   dan neodvisnosti, 11. november,   je poljski nacionalni praznik. Vsako  leto  ga slavijo  z  eno  največjih parad v Evropi. Na varšavski...</article-text>
		<article-text-transliterated>Święto Niepodległości ali   dan neodvisnosti, 11. november,   je poljski nacionalni praznik. Vsako  leto  ga slavijo  z  eno  največjih parad v Evropi. Na varšavski...</article-text-transliterated>
	</article>
	<comments>
		<comments-count>0</comments-count>
		<comments-list/>
	</comments>
</document>
