<?xml version="1.0" encoding="utf-8"?>
<document global-id="si-03-1088">
	<url>https://www.dnevnik.si/1042832698/Kolumne/ervin-hladnik-milharcic-izhod-v-sili</url>
	<source-id>si-03</source-id>
	<local-id>1088</local-id>
	<source-name>Dnevnik</source-name>
	<article>
		<article-title>Ervin Hladnik - Milharčič: Izhod v sili</article-title>
		<article-title-transliterated>Ervin Hladnik - Milharčič: Izhod v sili</article-title-transliterated>
		<article-time>2018-07-12</article-time>
		<article-author>Ervin Hladnik - Milharčič</article-author>
		<article-text>Zdaj se jim želje uresničujejo, življenje pa komplicira.  Nekaj zadoščenja je v pogledu na britanskega zunanjega ministra Borisa Johnsona, ki je odstopil zaradi zap...</article-text>
		<article-text-transliterated>Zdaj se jim želje uresničujejo, življenje pa komplicira.  Nekaj zadoščenja je v pogledu na britanskega zunanjega ministra Borisa Johnsona, ki je odstopil zaradi zap...</article-text-transliterated>
	</article>
	<comments>
		<comments-count>0</comments-count>
		<comments-list/>
	</comments>
</document>
