<?xml version="1.0" encoding="utf-8"?>
<document global-id="si-03-137">
	<url>https://www.dnevnik.si/1042849381/Zdravje/a1-slovenija-bogati-nabor-zvocnih-knjig</url>
	<source-id>si-03</source-id>
	<local-id>137</local-id>
	<source-name>Dnevnik</source-name>
	<article>
		<article-title>A1 Slovenija bogati nabor zvočnih knjig</article-title>
		<article-title-transliterated>A1 Slovenija bogati nabor zvočnih knjig</article-title-transliterated>
		<article-time>2018-12-06</article-time>
		<article-author>Mojca Lorenčič</article-author>
		<article-text>Predsednik Zveze društev slepih in slabovidnih Slovenije Matej Žnuderl je ob predaji donacije povedal, da knjižnica slepim in slabovidnim predstavlja ključen stik z leposlovnimi deli in strokovno literaturo. Načrtujejo, da bodo v letu 2019 v zvočno obliko pretvorili več kot 200 novih knjižnih del. Donacija jim bo pri uresničitvi tega cilja v veliko pomoč, saj so stroški veliki.</article-text>
		<article-text-transliterated>Predsednik Zveze društev slepih in slabovidnih Slovenije Matej Žnuderl je ob predaji donacije povedal, da knjižnica slepim in slabovidnim predstavlja ključen stik z leposlovnimi deli in strokovno literaturo. Načrtujejo, da bodo v letu 2019 v zvočno obliko pretvorili več kot 200 novih knjižnih del. Donacija jim bo pri uresničitvi tega cilja v veliko pomoč, saj so stroški veliki.</article-text-transliterated>
	</article>
	<comments>
		<comments-count>0</comments-count>
		<comments-list/>
	</comments>
</document>
