<?xml version="1.0" encoding="utf-8"?>
<document global-id="si-03-145">
	<url>https://www.dnevnik.si/1042793487/Magazin/-advent-v-zagrebu-kaj-od-danes-ponujajo-v-sosednji-praznicni-prestolnici</url>
	<source-id>si-03</source-id>
	<local-id>145</local-id>
	<source-name>Dnevnik</source-name>
	<article>
		<article-title>Advent v Zagrebu: kaj od danes ponujajo v sosednji  praznični prestolnici</article-title>
		<article-title-transliterated>Advent v Zagrebu: kaj od danes ponujajo v sosednji  praznični prestolnici</article-title-transliterated>
		<article-time>2017-12-04</article-time>
		<article-author>Tina Bernik</article-author>
		<article-text>Zagreb praznični december  jemlje zelo zelo resno. Že tretje leto zapored se bo potegoval za mesto z najboljšim adventom v Evropi, tako kot lani pa se hvali s tem, ...</article-text>
		<article-text-transliterated>Zagreb praznični december  jemlje zelo zelo resno. Že tretje leto zapored se bo potegoval za mesto z najboljšim adventom v Evropi, tako kot lani pa se hvali s tem, ...</article-text-transliterated>
	</article>
	<comments>
		<comments-count>0</comments-count>
		<comments-list/>
	</comments>
</document>
