<document global-id="si-03-1294">
    <url>https://www.dnevnik.si/1042818734/Magazin/1042818734</url>
    <source-id>si-03</source-id>
    <local-id>1294</local-id>
    <source-name>Dnevnik</source-name>
    <article>
        <article-title>Gluhi pes, ki razume znakovni jezik</article-title>
        <article-title-transliterated>Gluhi pes, ki razume znakovni jezik</article-title-transliterated>
        <article-time>2018-04-16</article-time>
        <article-author>Tina Bernik</article-author>
        <article-text>Stanfordski bulterier Ivor, ki je gluh, odkar se je skotil, se je naučil znakovnega jezika. Potem
            ko je mladiča na začetku zavrglo pet družin, je Ivor pristal v zavetišču, nato pa ga je decembra lani
            posvojila Britanka Ellie Beomilow s svojo družino, ki se je vanj zaljubila. Ivorja so v zavetišču že prej
            naučili znakov za sedi in pridi, potem se je naučil tudi drugih ukazov, kot so lezi, stoj, zavrti se, razume
            pa tudi, ko mu pokažejo, da gre na sprehod, tako da je dokazal, da je mogoče trenirati tudi gluhega psa. tb
        </article-text>
        <article-text-transliterated>Stanfordski bulterier Ivor, ki je gluh, odkar se je skotil, se je naučil znakovnega
            jezika. Potem ko je mladiča na začetku zavrglo pet družin, je Ivor pristal v zavetišču, nato pa ga je
            decembra lani posvojila Britanka Ellie Beomilow s svojo družino, ki se je vanj zaljubila. Ivorja so v
            zavetišču že prej naučili znakov za sedi in pridi, potem se je naučil tudi drugih ukazov, kot so lezi, stoj,
            zavrti se, razume pa tudi, ko mu pokažejo, da gre na sprehod, tako da je dokazal, da je mogoče trenirati
            tudi gluhega psa. tb
        </article-text-transliterated>
    </article>
    <comments>
        <comments-count>0</comments-count>
        <comment-list/>
    </comments>
</document>