<document global-id="si-03-1446">
    <url>
        https://www.dnevnik.si/1042755304/Zaposlitve%20in%20kariera/hitro-rastoci-belimed-potrebuje-specialista-vitke-proizvodnje-
    </url>
    <source-id>si-03</source-id>
    <local-id>1446</local-id>
    <source-name>Dnevnik</source-name>
    <article>
        <article-title>Hitro rastoči Belimed potrebuje specialista vitke proizvodnje</article-title>
        <article-title-transliterated>Hitro rastoči Belimed potrebuje specialista vitke proizvodnje
        </article-title-transliterated>
        <article-time>2016-11-25</article-time>
        <article-author>Jana Petkovšek Štakul</article-author>
        <article-text>Grosupeljski Belimed je v letu 2016 bistveno povečal proizvodne zmogljivosti, spremenil proizvodni
            program ter zaposlil več kot 70 novih sodelavcev. Ambiciozne načrte imajo tudi za prihajajoče leto, ko naj
            bi prodajo spet povečali za okoli 40 odstotkov, zato podjetje vabi k sodelovanju specialista vitke
            proizvodnje. Njegove naloge bodo vpeljava sistemov vitke proizvodnje, izboljšanje in optimizacija obstoječih
            proizvodnih procesov, podpora projektom ter podpora procesom sprememb. Idealen kandidat izhaja iz
            proizvodnega okolja, je proaktiven, samoiniciativen, kreativen, asertiven ter ima izkušnje tako z
            implementacijami kot s podporo zaposlenim pri učenju in sprejemanju s tem povezanih sprememb. Kandidat mora
            imeti sposobnost delovanja v kompleksnih situacijah oziroma razvito strateško razmišljanje. Vloga zahteva
            tako samostojno delovanje kot delovanje v skupini.

            V Belimedu pričakujejo ustrezno tehnično izobrazbo ter tri leta delovnih izkušenj na primerljivih delovnih
            mest, ustrezno specializacijo s področja dela (zeleni SIX SIGMA pas, zaželeni so črni pas oziroma drugi
            primerljivi certifikati, ki jih je potrebno priložiti prijavi), aktivno znanje slovenskega in angleškega
            jezika, medtem ko je znanje nemškega jezika prednost, ter poznavanje orodij MS Office in SAP.
        </article-text>
        <article-text-transliterated>Grosupeljski Belimed je v letu 2016 bistveno povečal proizvodne zmogljivosti,
            spremenil proizvodni program ter zaposlil več kot 70 novih sodelavcev. Ambiciozne načrte imajo tudi za
            prihajajoče leto, ko naj bi prodajo spet povečali za okoli 40 odstotkov, zato podjetje vabi k sodelovanju
            specialista vitke proizvodnje. Njegove naloge bodo vpeljava sistemov vitke proizvodnje, izboljšanje in
            optimizacija obstoječih proizvodnih procesov, podpora projektom ter podpora procesom sprememb. Idealen
            kandidat izhaja iz proizvodnega okolja, je proaktiven, samoiniciativen, kreativen, asertiven ter ima
            izkušnje tako z implementacijami kot s podporo zaposlenim pri učenju in sprejemanju s tem povezanih
            sprememb. Kandidat mora imeti sposobnost delovanja v kompleksnih situacijah oziroma razvito strateško
            razmišljanje. Vloga zahteva tako samostojno delovanje kot delovanje v skupini.

            V Belimedu pričakujejo ustrezno tehnično izobrazbo ter tri leta delovnih izkušenj na primerljivih delovnih
            mest, ustrezno specializacijo s področja dela (zeleni SIX SIGMA pas, zaželeni so črni pas oziroma drugi
            primerljivi certifikati, ki jih je potrebno priložiti prijavi), aktivno znanje slovenskega in angleškega
            jezika, medtem ko je znanje nemškega jezika prednost, ter poznavanje orodij MS Office in SAP.
        </article-text-transliterated>
    </article>
    <comments>
        <comments-count>0</comments-count>
        <comment-list/>
    </comments>
</document>