<document global-id="si-03-1203">
    <url>https://www.dnevnik.si/1042892379/Posel/1042892379</url>
    <source-id>si-03</source-id>
    <local-id>1203</local-id>
    <source-name>Dnevnik</source-name>
    <article>
        <article-title>Fortenova grupa prodaja več kot 100 nepremičnin</article-title>
        <article-title-transliterated>Fortenova grupa prodaja več kot 100 nepremičnin</article-title-transliterated>
        <article-time>2019-07-16</article-time>
        <article-author>STA</article-author>
        <article-text>Fortenova grupa, ki je nastala iz zdravega dela Agrokorja, je na posebni spletni strani v hrvaškem
            in angleškem jeziku objavila prodajo 117 nepremičnin, ki ne sodijo v osnovno dejavnost skupine. Na seznamu
            so večinoma zemljišča na različnih koncih Hrvaške, a tudi sedem komercialnih nepremičnin, ki jih družba ne
            uporablja. Ponujene nepremičnine so razvrstili po kategorijah komercialne nepremičnine, stanovanjske
            nepremičnine, zemljišča in ostalo. Največ je zemljišč (109), sedem je komercialnih nepremičnin, eno poslopje
            pa je v rubriki ostalo. Ob fotografijah nepremičnin so na spletni strani nekretnine.fortenovagrupa.hr
            objavili tudi podroben opis njihovega stanja in začetno ceno. Do 16. septembra bodo sprejemali nezavezujoče
            ponudbe, zavezujoče pa od 30. septembra do 30. oktobra, so napovedali. sta
        </article-text>
        <article-text-transliterated>Fortenova grupa, ki je nastala iz zdravega dela Agrokorja, je na posebni spletni
            strani v hrvaškem in angleškem jeziku objavila prodajo 117 nepremičnin, ki ne sodijo v osnovno dejavnost
            skupine. Na seznamu so večinoma zemljišča na različnih koncih Hrvaške, a tudi sedem komercialnih
            nepremičnin, ki jih družba ne uporablja. Ponujene nepremičnine so razvrstili po kategorijah komercialne
            nepremičnine, stanovanjske nepremičnine, zemljišča in ostalo. Največ je zemljišč (109), sedem je
            komercialnih nepremičnin, eno poslopje pa je v rubriki ostalo. Ob fotografijah nepremičnin so na spletni
            strani nekretnine.fortenovagrupa.hr objavili tudi podroben opis njihovega stanja in začetno ceno. Do 16.
            septembra bodo sprejemali nezavezujoče ponudbe, zavezujoče pa od 30. septembra do 30. oktobra, so
            napovedali. sta
        </article-text-transliterated>
    </article>
    <comments>
        <comments-count>0</comments-count>
        <comment-list/>
    </comments>
</document>