<?xml version="1.0" encoding="utf-8"?>
<document global-id="si-03-1012">
	<url>https://www.dnevnik.si/1042897022/Knjiga/dusan-merc-predsednik-drustva-slovenskih-pisateljev-nobene-stvari-ne-bom-pustil-neodkrite</url>
	<source-id>si-03</source-id>
	<local-id>1012</local-id>
	<source-name>Dnevnik</source-name>
	<article>
		<article-title>Dušan Merc, predsednik Društva slovenskih pisateljev: Nobene stvari ne bom pustil neodkrite</article-title>
		<article-title-transliterated>Dušan Merc, predsednik Društva slovenskih pisateljev: Nobene stvari ne bom pustil neodkrite</article-title-transliterated>
		<article-time>2019-09-04</article-time>
		<article-author>Maja Šučur</article-author>
		<article-text>»Govorjenje slovenskih ljudi o tem, da komaj čakajo, da gredo v pokoj, velja zgolj za težake, ki imajo uničena telesa. Če si bil ravnatelj osnovne šole ali pa direk...</article-text>
		<article-text-transliterated>»Govorjenje slovenskih ljudi o tem, da komaj čakajo, da gredo v pokoj, velja zgolj za težake, ki imajo uničena telesa. Če si bil ravnatelj osnovne šole ali pa direk...</article-text-transliterated>
	</article>
	<comments>
		<comments-count>0</comments-count>
		<comments-list/>
	</comments>
</document>
