<?xml version="1.0" encoding="utf-8"?>
<document global-id="si-03-1421">
	<url>https://www.dnevnik.si/1042723521/Svet/gunter-wallraff-nadomestni-talec-islamske-drzave-ki-ga-americani-niso-hoteli</url>
	<source-id>si-03</source-id>
	<local-id>1421</local-id>
	<source-name>Dnevnik</source-name>
	<article>
		<article-title>Günter Wallraff, nadomestni talec Islamske države, ki ga Američani niso hoteli</article-title>
		<article-title-transliterated>Günter Wallraff, nadomestni talec Islamske države, ki ga Američani niso hoteli</article-title-transliterated>
		<article-time>2015-11-02</article-time>
		<article-author>or</article-author>
		<article-text>»Oh, ne, nisem utrujen od življenja. Živim   polno in zavestno ter rad stavim na svoje življenje. Se pa lahko zgodi, da kdaj tudi tvegam, z geslom: Prehiti smrt in daj svojemu življenju poslednji smisel. Peter Kassig, vzoren človek, je bil pol toliko star kot jaz in je imel življenje še pred seboj. Če bi mene javno usmrtili, bi morda v Nemčiji muslimanska mladina, ki jo privlači Islamska država in za katero sem morebiti zaradi svojega zavzemanja za priseljence nekakšen pojem, razmislila in nazadnje spremenila cilj svoje naklonjenosti.« S temi besedami je Günter Wallraff v nemškem dnevniku Süddeutsche Zeitung konec tedna prvič javno spregovoril o svojem lanskem (spodletelem) predlogu, da ga Američani ponudijo Islamski državi kot nadomestnega talca za humanitarca Petra Kassiga. Tega je Islamska država ugrabila 1. oktobra lani, na Wallraffov rojstni dan, in ga poldrugi mesec kasneje javno usmrtila. Američani so Wallraffovo ponudbo po dveh tednih zavrnili z bolj ali manj pričakovano obrazložitvijo, da se s teroristi ne pogajajo niti o odkupninah niti o čem drugem.  Čisto na dnu Če bi se za nadomestnega talca Islamski državi ponudil (skoraj) kdor koli drug, bi o njegovem motivu in tudi zdravi pameti lahko razpravljali, a nemški publicist Günter Wallraff ima pri svojih 73 letih za seboj preveč podobnih »norih podvigov«, da bi mu lahko pripisali iskanje pozornosti ali naveličanost nad življenjem. Pred skoraj natančno tremi desetletji je, denimo, izšla njegova svetovno verjetno najbolj znana in največkrat prevedena (v slovenščino že leto kasneje) knjiga Čisto na dnu (Ganz unten), reportažni popis »prigod« Wallraffa kot turškega gastarbajterja Alija, ki je dve leti sprejemal najbolj umazana, najnevarnejša in najslabše plačana dela. Bil je gradbeni delavec na črno, brez sleherne zaščite v   ruševinah, polnih azbesta, nezaščiten je čistil jedrske odpadke, čistil je zamašena stranišča pri McDonald’su in takoj nato stal za postrežnim pultom, bil je hlapec na posestvih, poskusni zajec farmacevtske industrije ter seveda dnevna žrtev predsodkov in rasizma svojih delodajalcev. Knjiga je bila kmalu po izidu tako iskana, da majhna založba, pri kateri je izšla, nekaj časa ni utegnila sproti dotiskovati izvodov, prevedena je bila v 38 jezikov in je z več kot petimi milijoni primerkov najbolje prodajana neliterarna knjiga v povojni Nemčiji. V ZDA njegovo delo Čisto na dnu, kot je v nedavnem intervjuju za Spiegel izjavil Wallraff, nikoli ni izšlo, ker se je založba bala pravde z mogočnim McDonald’som. V omenjenem pogovoru je Wallraff, ki ni znal niti besede turško, razkril tudi, zakaj ga drugi turški delavci nikoli niso odkrili. Izdajal se je za sina turškega Kurda in matere Grkinje, ki je živel v Grčiji in se ni učil turško, ko pa ga je nekdo nekoč vendarle izzval, naj pove vsaj kaj po grško,   je po spominu iz šole zdeklamiral prve verze Odiseje.   Tretjinska možnost Wallraffa so zaradi njegovih pričevanj, praviloma zbranih pod krinko in objavljenih bodisi v knjižni obliki bodisi v dokumentarnih filmih, velikokrat nagradili, a tudi pogosto tožili in mu marsikaj očitali, med drugim povezave z zloglasnim vzhodnonemškim Stasijem. V novejšem času, ko so njegovi učenci iz raziskovalne ekipe televizijske mreže RTL (Team Wallraff je lani dobil televizijsko nagrado, nemško različico emmyja) razkrili kršitve delovnopravne zakonodaje pri enem od večjih lastnikov nemške franšize Burger Kinga, pa celo, da je plačanec McDonald’sa. Zares obsojen je bil že na začetku kariere. Leta 1974, ko je bila Grčija vojaška diktatura, se je dal namreč prikleniti na osrednjem atenskem trgu Syntagma; vrgli so ga v ječo, mučili in obsodili na 14 mesecev zapora. Glede na vse, kar je počel in objavil, bi se Wallraff lahko že davno upokojil. A kot razkriva uvodni navedek, tega ne le, da ne misli narediti, temveč je pripravljen »prehiteti smrt«: če bi Američani sprejeli njegovo »nadomestno talstvo«, si je sam dal največ tretjinsko možnost, da ga preživi. or</article-text>
		<article-text-transliterated>»Oh, ne, nisem utrujen od življenja. Živim   polno in zavestno ter rad stavim na svoje življenje. Se pa lahko zgodi, da kdaj tudi tvegam, z geslom: Prehiti smrt in daj svojemu življenju poslednji smisel. Peter Kassig, vzoren človek, je bil pol toliko star kot jaz in je imel življenje še pred seboj. Če bi mene javno usmrtili, bi morda v Nemčiji muslimanska mladina, ki jo privlači Islamska država in za katero sem morebiti zaradi svojega zavzemanja za priseljence nekakšen pojem, razmislila in nazadnje spremenila cilj svoje naklonjenosti.« S temi besedami je Günter Wallraff v nemškem dnevniku Süddeutsche Zeitung konec tedna prvič javno spregovoril o svojem lanskem (spodletelem) predlogu, da ga Američani ponudijo Islamski državi kot nadomestnega talca za humanitarca Petra Kassiga. Tega je Islamska država ugrabila 1. oktobra lani, na Wallraffov rojstni dan, in ga poldrugi mesec kasneje javno usmrtila. Američani so Wallraffovo ponudbo po dveh tednih zavrnili z bolj ali manj pričakovano obrazložitvijo, da se s teroristi ne pogajajo niti o odkupninah niti o čem drugem.  Čisto na dnu Če bi se za nadomestnega talca Islamski državi ponudil (skoraj) kdor koli drug, bi o njegovem motivu in tudi zdravi pameti lahko razpravljali, a nemški publicist Günter Wallraff ima pri svojih 73 letih za seboj preveč podobnih »norih podvigov«, da bi mu lahko pripisali iskanje pozornosti ali naveličanost nad življenjem. Pred skoraj natančno tremi desetletji je, denimo, izšla njegova svetovno verjetno najbolj znana in največkrat prevedena (v slovenščino že leto kasneje) knjiga Čisto na dnu (Ganz unten), reportažni popis »prigod« Wallraffa kot turškega gastarbajterja Alija, ki je dve leti sprejemal najbolj umazana, najnevarnejša in najslabše plačana dela. Bil je gradbeni delavec na črno, brez sleherne zaščite v   ruševinah, polnih azbesta, nezaščiten je čistil jedrske odpadke, čistil je zamašena stranišča pri McDonald’su in takoj nato stal za postrežnim pultom, bil je hlapec na posestvih, poskusni zajec farmacevtske industrije ter seveda dnevna žrtev predsodkov in rasizma svojih delodajalcev. Knjiga je bila kmalu po izidu tako iskana, da majhna založba, pri kateri je izšla, nekaj časa ni utegnila sproti dotiskovati izvodov, prevedena je bila v 38 jezikov in je z več kot petimi milijoni primerkov najbolje prodajana neliterarna knjiga v povojni Nemčiji. V ZDA njegovo delo Čisto na dnu, kot je v nedavnem intervjuju za Spiegel izjavil Wallraff, nikoli ni izšlo, ker se je založba bala pravde z mogočnim McDonald’som. V omenjenem pogovoru je Wallraff, ki ni znal niti besede turško, razkril tudi, zakaj ga drugi turški delavci nikoli niso odkrili. Izdajal se je za sina turškega Kurda in matere Grkinje, ki je živel v Grčiji in se ni učil turško, ko pa ga je nekdo nekoč vendarle izzval, naj pove vsaj kaj po grško,   je po spominu iz šole zdeklamiral prve verze Odiseje.   Tretjinska možnost Wallraffa so zaradi njegovih pričevanj, praviloma zbranih pod krinko in objavljenih bodisi v knjižni obliki bodisi v dokumentarnih filmih, velikokrat nagradili, a tudi pogosto tožili in mu marsikaj očitali, med drugim povezave z zloglasnim vzhodnonemškim Stasijem. V novejšem času, ko so njegovi učenci iz raziskovalne ekipe televizijske mreže RTL (Team Wallraff je lani dobil televizijsko nagrado, nemško različico emmyja) razkrili kršitve delovnopravne zakonodaje pri enem od večjih lastnikov nemške franšize Burger Kinga, pa celo, da je plačanec McDonald’sa. Zares obsojen je bil že na začetku kariere. Leta 1974, ko je bila Grčija vojaška diktatura, se je dal namreč prikleniti na osrednjem atenskem trgu Syntagma; vrgli so ga v ječo, mučili in obsodili na 14 mesecev zapora. Glede na vse, kar je počel in objavil, bi se Wallraff lahko že davno upokojil. A kot razkriva uvodni navedek, tega ne le, da ne misli narediti, temveč je pripravljen »prehiteti smrt«: če bi Američani sprejeli njegovo »nadomestno talstvo«, si je sam dal največ tretjinsko možnost, da ga preživi. or</article-text-transliterated>
	</article>
	<comments>
		<comments-count>0</comments-count>
		<comments-list/>
	</comments>
</document>
