<?xml version="1.0" encoding="utf-8"?>
<document global-id="si-03-1045">
	<url>https://www.dnevnik.si/1042831373/Zaposlitve%20in%20kariera/1042831373</url>
	<source-id>si-03</source-id>
	<local-id>1045</local-id>
	<source-name>Dnevnik</source-name>
	<article>
		<article-title>Elmer vabi na Vrhniko</article-title>
		<article-title-transliterated>Elmer vabi na Vrhniko</article-title-transliterated>
		<article-time>2018-06-30</article-time>
		<article-author>Jana Petkovšek Štakul</article-author>
		<article-text>Vrhniško družinsko podjetje Elmer elektronika, ki je specializirano za proizvodnjo elektronske sanitarne opreme, zaposli mehatronika elektronika. Želeno je, da kandidati poleg angleščine govorijo tudi nemščino ali drugi tuji jezik, so inovativni, radi delajo v skupini in so pripravljeni tudi na delo na terenu. Podjetje z 38-letno tradicijo prijave za zaposlitev za nedoločen čas sprejema na info@elmer.si. jpš</article-text>
		<article-text-transliterated>Vrhniško družinsko podjetje Elmer elektronika, ki je specializirano za proizvodnjo elektronske sanitarne opreme, zaposli mehatronika elektronika. Želeno je, da kandidati poleg angleščine govorijo tudi nemščino ali drugi tuji jezik, so inovativni, radi delajo v skupini in so pripravljeni tudi na delo na terenu. Podjetje z 38-letno tradicijo prijave za zaposlitev za nedoločen čas sprejema na info@elmer.si. jpš</article-text-transliterated>
	</article>
	<comments>
		<comments-count>0</comments-count>
		<comments-list/>
	</comments>
</document>
