<document global-id="si-03-1386">
    <url>https://www.dnevnik.si/1042740511/Odprta%20stran/govorimo-anglesko-mislimo-slovensko-</url>
    <source-id>si-03</source-id>
    <local-id>1386</local-id>
    <source-name>Dnevnik</source-name>
    <article>
        <article-title>Govorimo angleško, mislimo slovensko</article-title>
        <article-title-transliterated>Govorimo angleško, mislimo slovensko</article-title-transliterated>
        <article-time>2016-06-07</article-time>
        <article-author/>
        <article-text>Že v šestnajstem stoletju je Primož Trubar ugotovil, da brez jezika ni naroda. Zato je začel v
            Tübingenu, kjer je bil v izgnanstvu, izdajati prve slovenske knjige. Slovenci smo izobesili prvo slovensko
            zastavo v letu 1848 v sedanji Wolfovi ulici v Ljubljani. Borili smo se za svoj jezik vse do konca prve
            svetovne vojne in med drugim zamenjali dvojezične ulične table s slovenskimi. S Kraljevino SHS smo dobili
            svojo prvo univerzo v Ljubljani, na kateri se je predavalo v slovenščini. Res je, da nam je takratna
            kraljevina na table z imeni železniških postaj prinesla tudi napise v cirilici, poleg slovenskih seveda,
            vendar se je življenje odvijalo naprej v slovenščini. In končno smo leta 1991 dobili svojo državo Republiko
            Slovenijo. Z vstopom v EU pa je slovenščina postala enakopraven jezik vsem jezikom v Uniji. Ne bom našteval
            Prešerna, Cankarja, celo Koseskega ne, vendar so v cesarski Avstriji napisali v slovenščini svoja najboljša
            dela. No, zdaj naj bi začeli 25 let po osamosvojitvi predavati na univerzah jasno v angleščini. Ne pomagajo
            nič protesti slovenistov, društva pisateljev in kulturnikov. Vlada dela po svoje, in to povsod, mimo volje
            državljanov in volilcev. Narod brez svojega jezika ni narod. To so ugotovili že naši predniki, vlada pa pač
            ne, morda zato, ker so njeni člani poslušali predavanja v slovenščini, kar pa zdaj naenkrat ni več »in«.

            Sicer pa, kaj bi se razburjal, narodno-zabavni ansambli rastejo kot gobe po dežju, igrajo slovensko muziko s
            harmoniko, čeprav narodnih pesmi skorajda ne poznajo več. Važno je le, da imamo harmoniko, drugo pa pride
            samo po sebi.
            Peter Kozin, Ljubljana
        </article-text>
        <article-text-transliterated>Že v šestnajstem stoletju je Primož Trubar ugotovil, da brez jezika ni naroda. Zato
            je začel v Tübingenu, kjer je bil v izgnanstvu, izdajati prve slovenske knjige. Slovenci smo izobesili prvo
            slovensko zastavo v letu 1848 v sedanji Wolfovi ulici v Ljubljani. Borili smo se za svoj jezik vse do konca
            prve svetovne vojne in med drugim zamenjali dvojezične ulične table s slovenskimi. S Kraljevino SHS smo
            dobili svojo prvo univerzo v Ljubljani, na kateri se je predavalo v slovenščini. Res je, da nam je takratna
            kraljevina na table z imeni železniških postaj prinesla tudi napise v cirilici, poleg slovenskih seveda,
            vendar se je življenje odvijalo naprej v slovenščini. In končno smo leta 1991 dobili svojo državo Republiko
            Slovenijo. Z vstopom v EU pa je slovenščina postala enakopraven jezik vsem jezikom v Uniji. Ne bom našteval
            Prešerna, Cankarja, celo Koseskega ne, vendar so v cesarski Avstriji napisali v slovenščini svoja najboljša
            dela. No, zdaj naj bi začeli 25 let po osamosvojitvi predavati na univerzah jasno v angleščini. Ne pomagajo
            nič protesti slovenistov, društva pisateljev in kulturnikov. Vlada dela po svoje, in to povsod, mimo volje
            državljanov in volilcev. Narod brez svojega jezika ni narod. To so ugotovili že naši predniki, vlada pa pač
            ne, morda zato, ker so njeni člani poslušali predavanja v slovenščini, kar pa zdaj naenkrat ni več »in«.

            Sicer pa, kaj bi se razburjal, narodno-zabavni ansambli rastejo kot gobe po dežju, igrajo slovensko muziko s
            harmoniko, čeprav narodnih pesmi skorajda ne poznajo več. Važno je le, da imamo harmoniko, drugo pa pride
            samo po sebi.
            Peter Kozin, Ljubljana
        </article-text-transliterated>
    </article>
    <comments>
        <comments-count>0</comments-count>
        <comment-list/>
    </comments>
</document>