<?xml version="1.0" encoding="utf-8"?>
<document global-id="si-03-1006">
	<url>https://www.dnevnik.si/1042824070/Vino/dusan-brejc-je-v-35-letih-poskusil-in-izpljunil-priblizno-122000-razlicnih-vin-</url>
	<source-id>si-03</source-id>
	<local-id>1006</local-id>
	<source-name>Dnevnik</source-name>
	<article>
		<article-title>Dušan Brejc je v 35 letih poskusil in izpljunil približno 122.000 različnih vin</article-title>
		<article-title-transliterated>Dušan Brejc je v 35 letih poskusil in izpljunil približno 122.000 različnih vin</article-title-transliterated>
		<article-time>2018-06-03</article-time>
		<article-author>Tatjana Pihlar</article-author>
		<article-text>Nacionalni statistični inštitut iz Francije ga je uvrstil med štiri najnatančnejše degustatorje na lanskem ocenjevanju, na katerem je približno 350 ocenjevalcev oce...</article-text>
		<article-text-transliterated>Nacionalni statistični inštitut iz Francije ga je uvrstil med štiri najnatančnejše degustatorje na lanskem ocenjevanju, na katerem je približno 350 ocenjevalcev oce...</article-text-transliterated>
	</article>
	<comments>
		<comments-count>0</comments-count>
		<comments-list/>
	</comments>
</document>
