<document global-id="si-03-1450">
    <url>https://www.dnevnik.si/1042711323/Hokej%20na%20ledu/hokejisti-jesenic-zjutraj-v-sluzbo-zvecer-po-lovoriko-
    </url>
    <source-id>si-03</source-id>
    <local-id>1450</local-id>
    <source-name>Dnevnik</source-name>
    <article>
        <article-title>Hokejisti Jesenic zjutraj v službo, zvečer po lovoriko</article-title>
        <article-title-transliterated>Hokejisti Jesenic zjutraj v službo, zvečer po lovoriko
        </article-title-transliterated>
        <article-time>2015-04-15</article-time>
        <article-author>Matej Grošelj</article-author>
        <article-text>Na Jesenicah dvojni hokejski program. Po tekmi Slovenija – Japonska še četrti obračun domačega
            finala. Anže Kopitar potrdil igranje za Slovenijo na SP. Hokejske Jesenice so v pričakovanju velikega
            slavja. Železarji bodo imeli že nocoj (19.30) na voljo prvi zaključni plošček za osvojitev državnega
            prvenstva, saj v finalni seriji proti razglašeni in nemotivirani Olimpiji vodijo z 2:1 v zmagah. Gorenjska
            je lovoriko za prvaka nazadnje slavila pred štirimi leti.

            Sporno obnašanje tivolskih igralcev

            Jesenice so glede na vse okoliščine presenetljivo na pragu domačega naslova, a po treh odigranih tekmah ne
            gre mimo nekaterih dejstev. V zaključku sezone so po prihodu trenerja Nika Zupančiča, ki ima sloves
            marljivega in analitičnega delavca, dvignili fizično pripravljenost, kar jim daje možnost za razmeroma
            enakovredno razporeditev moči skozi finalno serijo. Zupančičev sistem igre je kopija reprezentančnega
            modela, ki sta ga pred petimi leti v člansko vrsto skupaj vpeljala s selektorjem Matjažem Kopitarjem.
            Zupančič je v taktičnem smislu doslej zasenčil ljubljanskega trenerja Fabiana Dahlema, ki je glede na
            dogodke na igrišču izgubil pomemben del vpliva na igro Olimpije. Jeseniški hokejisti so se doslej izkazali z
            bojevniškim duhom, saj za železarje ni izgubljenega ploščka. V napadu so učinkoviti predvsem izkušeni
            igralci, kot so Aleš Remar, Miha Brus, Sašo Rajsar..., medtem ko je mladi val za zdaj pokazal malo. V vratih
            se je s korektnim branjenjem izkazal Finec Aleksis Ahlqvist, ki večino ploščkov odbija, a so hokejisti
            Olimpije tako anemični in zasanjani, da na tovrstne priložnosti sploh ne prežijo.

            Ljubljanska zasedba je v finalni seriji resnično neprepoznavna in daleč od slovesa moštva, ki je v tej zimi
            odigralo 54 zahtevnih tekem v EBEL in od avgusta treniralo na občutno višji ravni kot tekmec v finalu. Za
            porazno igro Olimpije enostavno ni opravičila. Obnašanje tivolskih hokejistov na ledu je sporno tudi zaradi
            pomanjkanja spoštovanja do nasprotnikov, navijačev in navsezadnje športa, s katerim naj bi se radi
            ukvarjali. Ni dvoma, da so Ljubljančani v tem trenutku daleč od tega, da bi si zaslužili ubranitev državne
            krone. Posledico nezbranosti kaže tudi statistični podatek, da so nasprotniku na treh finalnih tekmah kar
            petkrat dopustili igro petih proti trem, obenem pa so še vedno brez gola z igralcem več. Kapetan Aleš Mušič
            in trener Fabian Dahlem sta v ponedeljek zvečer skušala prepričevati številne poročevalce, da finale nocoj
            še ne bo odločen, a za kaj takega bo Olimpija potrebovala korenite spremembe v igri in odnosu do dresa.
            Očiten odraz nemoči in psihološke nepripravljenosti na finale je bila nespametna ponedeljkova reakcija
            Andreja Hebarja, ki je po nepotrebnem opletal z jezikom in pestmi.

            Podmežakla bo danes zvečer prvič po prenovi zagotovo rekordno polna. Jesenice bodo doživele odmeven hokejski
            praznik, zelo verjetno bo še bolj bučno kot v soboto zvečer na tekmi številka dve. Zdaj se napovedi o
            številu navzočih na morda že odločilnem finalnem obračunu gibljejo med 4000 in 5000, poln avditorij pa bi
            marsikomu lahko zameglil realno predstavo o trenutnem stanju v domačem klubskem hokeju. Kakovost finala je
            kljub rezultatski zanimivosti na sila povprečni ravni in prav gotovo daleč od mitskih dvobojev izpred let.
            Ko bo padel zastor nad dogajanjem, bodo Jesenice še vedno daleč od vrnitve v EBEL, ki je za okolje s tako
            bogato hokejsko tradicijo edino primerno tekmovanje, Olimpija pa se bo ob več kot trimilijonskem dolgu še
            vedno borila za preživetje in se skušala izogniti stečaju. Ni nepomembno, da večina jeseniških hokejistov
            vsako jutro začne povsem običajen delovni dan v službi in šele popoldan najde prosti čas za hokej. Kot
            zanimivost dodajmo, da Aleš Remar po sobotni tekmi v Podmežakli zaradi službenih obveznosti denimo ni imel
            časa niti za pogovor z novinarji.

            S Kopitarjem v igri za četrtfinale

            O finalni seriji je včeraj govoril tudi selektor reprezentance Matjaž Kopitar. Na vprašanje, ali je za
            nastop na svetovnem prvenstvu skupine A na Češkem kakšen kandidat iz Olimpije ali Jesenic, je rekel: »Po
            tem, kar sem videl do zdaj, realno težko. Olimpiji se pozna, da je bila brez rednih treningov in da z glavo
            ni pri stvari. Ko je enkrat tako, v reprezentanci nimaš kaj početi.« Je pa Matjaž Kopitar zelo zadovoljen z
            odločitvijo svojega prvega sina Anžeta, da bo prihodnji mesec oblekel slovenski dres na šampionatu v
            Ostravi. »Večkrat sem že povedal, da če je čas, potem vedno zelo rad pridem v reprezentanco. Glede na to, da
            je oče selektor, je še malce lažje, saj sva že bila na zvezi in sva se tudi o vsem pogovorila,« je dejal
            Anže Kopitar, s katerim bo imela Slovenija izrazito večje možnosti za obstanek med elito. Ob prisotnosti
            prvega zvezdnika bo imel selektor večji nabor kakovostnih hokejistov in bo lahko sestavil tri konkurenčne in
            precej izenačene napadalne trojke, kar je pomembna razlika v primerjavi s prejšnjimi leti. Ni izključeno, da
            bi se Slovenija na Češkem tako kot v Sočiju lahko borila celo za uvrstitev v četrtfinale.

            Včeraj je na Jesenicah vadilo 24 reprezentantov, med drugim sta bila prvič prisotna pomembna člana Jan
            Muršak in Robert Sabolič. Selektor Matjaž Kopitar je že naredil prvi rez in se pričakovano zahvalil Andreju
            Hočevarju, Luki Bašiču in Tadeju Čimžarju. Pred današnjim nadaljevanjem finala bo Slovenija ob 16. uri na
            Jesenicah odigrala četrto pripravljalno tekmo. Tako kot prejšnji petek bo tekmec znova Japonska, v nedeljo
            pa bodo v Tivoliju na predzadnjem preizkusu pred češkim izzivom gostovali Avstrijci.
        </article-text>
        <article-text-transliterated>Na Jesenicah dvojni hokejski program. Po tekmi Slovenija – Japonska še četrti
            obračun domačega finala. Anže Kopitar potrdil igranje za Slovenijo na SP. Hokejske Jesenice so v
            pričakovanju velikega slavja. Železarji bodo imeli že nocoj (19.30) na voljo prvi zaključni plošček za
            osvojitev državnega prvenstva, saj v finalni seriji proti razglašeni in nemotivirani Olimpiji vodijo z 2:1 v
            zmagah. Gorenjska je lovoriko za prvaka nazadnje slavila pred štirimi leti.

            Sporno obnašanje tivolskih igralcev

            Jesenice so glede na vse okoliščine presenetljivo na pragu domačega naslova, a po treh odigranih tekmah ne
            gre mimo nekaterih dejstev. V zaključku sezone so po prihodu trenerja Nika Zupančiča, ki ima sloves
            marljivega in analitičnega delavca, dvignili fizično pripravljenost, kar jim daje možnost za razmeroma
            enakovredno razporeditev moči skozi finalno serijo. Zupančičev sistem igre je kopija reprezentančnega
            modela, ki sta ga pred petimi leti v člansko vrsto skupaj vpeljala s selektorjem Matjažem Kopitarjem.
            Zupančič je v taktičnem smislu doslej zasenčil ljubljanskega trenerja Fabiana Dahlema, ki je glede na
            dogodke na igrišču izgubil pomemben del vpliva na igro Olimpije. Jeseniški hokejisti so se doslej izkazali z
            bojevniškim duhom, saj za železarje ni izgubljenega ploščka. V napadu so učinkoviti predvsem izkušeni
            igralci, kot so Aleš Remar, Miha Brus, Sašo Rajsar..., medtem ko je mladi val za zdaj pokazal malo. V vratih
            se je s korektnim branjenjem izkazal Finec Aleksis Ahlqvist, ki večino ploščkov odbija, a so hokejisti
            Olimpije tako anemični in zasanjani, da na tovrstne priložnosti sploh ne prežijo.

            Ljubljanska zasedba je v finalni seriji resnično neprepoznavna in daleč od slovesa moštva, ki je v tej zimi
            odigralo 54 zahtevnih tekem v EBEL in od avgusta treniralo na občutno višji ravni kot tekmec v finalu. Za
            porazno igro Olimpije enostavno ni opravičila. Obnašanje tivolskih hokejistov na ledu je sporno tudi zaradi
            pomanjkanja spoštovanja do nasprotnikov, navijačev in navsezadnje športa, s katerim naj bi se radi
            ukvarjali. Ni dvoma, da so Ljubljančani v tem trenutku daleč od tega, da bi si zaslužili ubranitev državne
            krone. Posledico nezbranosti kaže tudi statistični podatek, da so nasprotniku na treh finalnih tekmah kar
            petkrat dopustili igro petih proti trem, obenem pa so še vedno brez gola z igralcem več. Kapetan Aleš Mušič
            in trener Fabian Dahlem sta v ponedeljek zvečer skušala prepričevati številne poročevalce, da finale nocoj
            še ne bo odločen, a za kaj takega bo Olimpija potrebovala korenite spremembe v igri in odnosu do dresa.
            Očiten odraz nemoči in psihološke nepripravljenosti na finale je bila nespametna ponedeljkova reakcija
            Andreja Hebarja, ki je po nepotrebnem opletal z jezikom in pestmi.

            Podmežakla bo danes zvečer prvič po prenovi zagotovo rekordno polna. Jesenice bodo doživele odmeven hokejski
            praznik, zelo verjetno bo še bolj bučno kot v soboto zvečer na tekmi številka dve. Zdaj se napovedi o
            številu navzočih na morda že odločilnem finalnem obračunu gibljejo med 4000 in 5000, poln avditorij pa bi
            marsikomu lahko zameglil realno predstavo o trenutnem stanju v domačem klubskem hokeju. Kakovost finala je
            kljub rezultatski zanimivosti na sila povprečni ravni in prav gotovo daleč od mitskih dvobojev izpred let.
            Ko bo padel zastor nad dogajanjem, bodo Jesenice še vedno daleč od vrnitve v EBEL, ki je za okolje s tako
            bogato hokejsko tradicijo edino primerno tekmovanje, Olimpija pa se bo ob več kot trimilijonskem dolgu še
            vedno borila za preživetje in se skušala izogniti stečaju. Ni nepomembno, da večina jeseniških hokejistov
            vsako jutro začne povsem običajen delovni dan v službi in šele popoldan najde prosti čas za hokej. Kot
            zanimivost dodajmo, da Aleš Remar po sobotni tekmi v Podmežakli zaradi službenih obveznosti denimo ni imel
            časa niti za pogovor z novinarji.

            S Kopitarjem v igri za četrtfinale

            O finalni seriji je včeraj govoril tudi selektor reprezentance Matjaž Kopitar. Na vprašanje, ali je za
            nastop na svetovnem prvenstvu skupine A na Češkem kakšen kandidat iz Olimpije ali Jesenic, je rekel: »Po
            tem, kar sem videl do zdaj, realno težko. Olimpiji se pozna, da je bila brez rednih treningov in da z glavo
            ni pri stvari. Ko je enkrat tako, v reprezentanci nimaš kaj početi.« Je pa Matjaž Kopitar zelo zadovoljen z
            odločitvijo svojega prvega sina Anžeta, da bo prihodnji mesec oblekel slovenski dres na šampionatu v
            Ostravi. »Večkrat sem že povedal, da če je čas, potem vedno zelo rad pridem v reprezentanco. Glede na to, da
            je oče selektor, je še malce lažje, saj sva že bila na zvezi in sva se tudi o vsem pogovorila,« je dejal
            Anže Kopitar, s katerim bo imela Slovenija izrazito večje možnosti za obstanek med elito. Ob prisotnosti
            prvega zvezdnika bo imel selektor večji nabor kakovostnih hokejistov in bo lahko sestavil tri konkurenčne in
            precej izenačene napadalne trojke, kar je pomembna razlika v primerjavi s prejšnjimi leti. Ni izključeno, da
            bi se Slovenija na Češkem tako kot v Sočiju lahko borila celo za uvrstitev v četrtfinale.

            Včeraj je na Jesenicah vadilo 24 reprezentantov, med drugim sta bila prvič prisotna pomembna člana Jan
            Muršak in Robert Sabolič. Selektor Matjaž Kopitar je že naredil prvi rez in se pričakovano zahvalil Andreju
            Hočevarju, Luki Bašiču in Tadeju Čimžarju. Pred današnjim nadaljevanjem finala bo Slovenija ob 16. uri na
            Jesenicah odigrala četrto pripravljalno tekmo. Tako kot prejšnji petek bo tekmec znova Japonska, v nedeljo
            pa bodo v Tivoliju na predzadnjem preizkusu pred češkim izzivom gostovali Avstrijci.
        </article-text-transliterated>
    </article>
    <comments>
        <comments-count>0</comments-count>
        <comment-list/>
    </comments>
</document>