<document global-id="si-03-1194">
    <url>https://www.dnevnik.si/1042714274/Nogomet/porocevalec-iz-berlina-z-vidika-motivacije-je-v-prednosti-juventus
    </url>
    <source-id>si-03</source-id>
    <local-id>1194</local-id>
    <source-name>Dnevnik</source-name>
    <article>
        <article-title>Finale lige prvakov: 90 minut do perfekcije in treh lovorik</article-title>
        <article-title-transliterated>Finale lige prvakov: 90 minut do perfekcije in treh lovorik
        </article-title-transliterated>
        <article-time>2015-06-06</article-time>
        <article-author>Aljaž Vrabec</article-author>
        <article-text>V Berlinu je vse pripravljeno na zaključek evropske klubske sezone. Juventus in Barcelona se bosta
            držala svoje osnovne taktike. V obeh taborih so sproščeni in spoštujejo nasprotnika. Izkazali so se tudi
            navijači, ki jim ne manjka domišljije. Pred finalom so zadovoljni v obeh klubih. Juventus je z veseljem
            sprejel vlogo avtsajderja, Barcelona velikega favorita. Obe moštvi bosta uporabili svoj najljubši pristop:
            Torinčani strnjeno obrambo, Barcelona dinamični napad. Kljub temu bo danes pozno zvečer zadovoljen samo eden
            – zmagovalec lige prvakov.

            Z vidika motivacije je v prednosti Juventus. Gre za skupino nogometašev, v kateri skoraj nihče še ni osvojil
            lige prvakov. Izjeme so Andrea Pirlo, Alvaro Morata, Patrice Evra in Martin Cacares. Vsi drugi se želijo
            prvič dotakniti velikih srebrnih ušes. Drugače je pri Barceloni, ki je v zadnjih devetih letih trikrat stala
            na evropskem vrhu. Lionel Messi, Xavi Hernandez, Andres Iniesta in Gerard Pique lahko osvojijo celo četrti
            evropski naslov. S tem je njihova lakota morda šibkejša, a ima katalonsko moštvo zato več izkušenj s
            finalnimi partijami. Seveda so tudi tukaj izjeme. Pri Juventusu sta stara lisjaka z najtežjih tekem Pirlo in
            Gianluigi Buffon, pri Barceloni si ligo prvakov srčno želijo osvojiti nosilci igre Luis Suarez, Neymar in
            Ivan Rakitić.

            Brez družine ne gre

            Nejasnosti v začetnih postavah ni. Vsi zvezdniki so pripravljeni. Na zaključni zabavi evropskega nogometa bo
            manjkal zgolj osrednji branilec Juventusa Giorgio Chiellini. Včeraj se je sicer preoblekel v opremo za
            trening, a je obstal ob igrišču. Večino časa se je pogovarjal s Pavlom Nedvedom, nekdanjim zvezdnikom, zdaj
            pa športnim direktorjem Juventusa. Brez Chiellinija je Juventus izgubil mentalnega poveljnika, saj gre za
            nogometaša, ki ves čas spodbuja soigralce in draži nasprotnike. Hkrati je res, da je ravno Chiellini
            zakrivil najstrožji kazni proti Borussii iz Dortmunda in Realu Madrid. »Pogrešali bomo Chiellinija, toda
            naša igra se z Andreo Barzaglijem ne bo spremenila. Pomembna je ekipa, ne igralec. Zmaga lahko samo Juventus
            in ne en njegov nogometaš,« je dejal branilec Juventusa Leonardo Bonucci.

            Ko govori Italijan, hitro v debato vmeša svojo družino. Tako je Bonucci razkril zadnji pogovor s svojim
            sinom, preden je odšel od doma. »Vprašal me je: 'Očka, kam greš?' Odgovoril sem mu, da v Berlin, toda sin je
            hotel, da greva skupaj na morje. Ker je bil razočaran, sem obljubil, da mu bom jutri prinesel darilo,« je z
            nasmeškom govoril italijanski reprezentant. Nekaj sekund po tem je mikrofon v roke vzel še Gianluigi Buffon,
            ki je prav tako razpredal o svojih sinovih. »Eden obožuje Messija, drugi Neymarja. Spraševala sta me, zakaj
            raje ne igramo v finalu proti Unitedu ali Realu, da bi navijala samo zame,« je bil sproščen kapetan
            Juventusa.

            Juventus je v finalih lige prvakov izgubil že petkrat, kar je največ v zgodovini tekmovanja. Prav toliko
            finalnih porazov imata še Benfica in Bayern München. Trener Juventusa Massimiliano Allegri je vseeno
            prepričan, da njegovo moštvo nima miselnosti poraženca. »Zgodovina ne bo imela vpliva. Gre za povsem
            različne zgodbe. Lahko bomo tretjič zmagali ali šestič izgubili. Ne pozabite pa, da je Juventus letos že
            zmagal v italijanski ligi in italijanskem pokalu,« pravi Allegri. Na novinarski konferenci so italijanskega
            trenerja spomnili tudi na besede Josepa Guardiole. Trener Bayerna je po polfinalu dejal, da je Barcelona
            nepremagljiva, če je Lionel Messi v pravi formi. Allegri je ostal miren: »Pričakujem, da bo Messi danes
            premagljiv. Seveda bo težko, ampak tako je na vsaki tekmi lige prvakov.«

            Neymar lahko prekosi rojake

            Sproščena je bila tudi zasedba Barcelone. Bistveno bolj je bil zgovoren Gerard Pique, ki je odgovarjal na
            vprašanje v treh jezikih – katalonščini, španščini in angleščini. »Devetdeset minut smo oddaljeni od
            perfekcije in treh lovorik,« je dejal branilec Barcelone. Med soigralci ima v napadu izjemne posameznike,
            toda Pique trdi, da so odlični tudi v obrambi. »Ko govorimo o obrambi, vsi najprej pomislijo na branilce in
            vratarja, toda vsaka obramba se najprej začne pri napadalcih. Če oni ne pritiskajo in kradejo žog, potem
            branilci ne morejo narediti vsega. Veliko se govori o našem napadu, toda Claudio Bravo je prejel najmanj
            golov v španski ligi, kar jasno pove, kako dobri smo v obrambi,« je dejal Pique, ki je imel med treningom
            podporo življenjske sopotnice Shakire ter sinov Milana in Sashe.

            Poleg Messija bo pri Barceloni najbolj izpostavljen Neymar. Pri 23 letih bo prvič igral v finalu lige
            prvakov. Z morebitno zmago bo presegel mnoge legendarne brazilske napadalce, ki niso bili nikoli evropski
            klubski prvaki. Najbolj izpostavljeni v tej kategoriji so Ronaldo, Romario in Bebeto. »Prav zato bi bila
            zmaga v ligi prvakov še toliko bolj sanjska,« je povedal umirjeni Neymar. Podobno velja za trenerja
            Barcelone Luisa Enriqueja. V karieri nogometaša je igral za Real Madrid in Barcelono, toda lige prvakov ni
            nikoli osvojil. »Iz igralske kariere nimam nobenih obžalovanj. Zdaj sem trener in pišem novo zgodbo,« je
            odgovoril Luis Enrique.

            V Berlin s tovornjakom

            Cene nastanitev v Berlinu so za ta konec tedna narasle v večkratnikih. Celo postelje v skupnih sobah z
            drugimi ljudmi dosegajo sto evrov na noč. Hotelirji dobro vedo, da kdor ima vstopnico za finale, nikakor ne
            bo ostal doma. Enako velja za letalske vozovnice, zato so mnogi na pot odšli po avtocesti. Kar s tovornjakom
            je v Berlin odpotovala skupina Juventusovih navijačev. Tovorno prikolico so predelali v diskoteko za 150
            ljudi, kjer se bodo privrženci stare dame zabavali med vožnjo po ulicah Berlina. Na vrhu prikolice je tudi
            terasa, ki je opremljena z močnim stereo sistemom, zato se glasba sliši daleč naokoli.

            A morda največja posebneža sta brata Xavi in Ivan iz Barcelone. Razdaljo 3700 kilometrov, kolikor je od
            Barcelone do Berlina in nazaj, bosta opravila v citroënu pato, letnik 1953. V vožnji ne bosta uživala, saj
            gre za avtomobil, ki ne zmore več kot 80 kilometrov na uro. Njun motiv je drugačen. Znova želita prinesti
            srečo Barceloni, saj je njun najljubši klub vedno zmagal, kadar sta šla na gostovanje s tem avtomobilom.
            Tako je bilo tudi v finalu lige prvakov v Rimu leta 2009 in na Wembleyju leta 2011. Največji podvig sta
            opravila leta 2009, ko sta iz Katalonije potovala vse do Abu Dabija na finale svetovnega klubskega
            prvenstva. A če bo Barcelona na klubskem mundialu tudi letos, bosta morala brata Xavi in Ivan vse do
            Japonske.
        </article-text>
        <article-text-transliterated>V Berlinu je vse pripravljeno na zaključek evropske klubske sezone. Juventus in
            Barcelona se bosta držala svoje osnovne taktike. V obeh taborih so sproščeni in spoštujejo nasprotnika.
            Izkazali so se tudi navijači, ki jim ne manjka domišljije. Pred finalom so zadovoljni v obeh klubih.
            Juventus je z veseljem sprejel vlogo avtsajderja, Barcelona velikega favorita. Obe moštvi bosta uporabili
            svoj najljubši pristop: Torinčani strnjeno obrambo, Barcelona dinamični napad. Kljub temu bo danes pozno
            zvečer zadovoljen samo eden – zmagovalec lige prvakov.

            Z vidika motivacije je v prednosti Juventus. Gre za skupino nogometašev, v kateri skoraj nihče še ni osvojil
            lige prvakov. Izjeme so Andrea Pirlo, Alvaro Morata, Patrice Evra in Martin Cacares. Vsi drugi se želijo
            prvič dotakniti velikih srebrnih ušes. Drugače je pri Barceloni, ki je v zadnjih devetih letih trikrat stala
            na evropskem vrhu. Lionel Messi, Xavi Hernandez, Andres Iniesta in Gerard Pique lahko osvojijo celo četrti
            evropski naslov. S tem je njihova lakota morda šibkejša, a ima katalonsko moštvo zato več izkušenj s
            finalnimi partijami. Seveda so tudi tukaj izjeme. Pri Juventusu sta stara lisjaka z najtežjih tekem Pirlo in
            Gianluigi Buffon, pri Barceloni si ligo prvakov srčno želijo osvojiti nosilci igre Luis Suarez, Neymar in
            Ivan Rakitić.

            Brez družine ne gre

            Nejasnosti v začetnih postavah ni. Vsi zvezdniki so pripravljeni. Na zaključni zabavi evropskega nogometa bo
            manjkal zgolj osrednji branilec Juventusa Giorgio Chiellini. Včeraj se je sicer preoblekel v opremo za
            trening, a je obstal ob igrišču. Večino časa se je pogovarjal s Pavlom Nedvedom, nekdanjim zvezdnikom, zdaj
            pa športnim direktorjem Juventusa. Brez Chiellinija je Juventus izgubil mentalnega poveljnika, saj gre za
            nogometaša, ki ves čas spodbuja soigralce in draži nasprotnike. Hkrati je res, da je ravno Chiellini
            zakrivil najstrožji kazni proti Borussii iz Dortmunda in Realu Madrid. »Pogrešali bomo Chiellinija, toda
            naša igra se z Andreo Barzaglijem ne bo spremenila. Pomembna je ekipa, ne igralec. Zmaga lahko samo Juventus
            in ne en njegov nogometaš,« je dejal branilec Juventusa Leonardo Bonucci.

            Ko govori Italijan, hitro v debato vmeša svojo družino. Tako je Bonucci razkril zadnji pogovor s svojim
            sinom, preden je odšel od doma. »Vprašal me je: 'Očka, kam greš?' Odgovoril sem mu, da v Berlin, toda sin je
            hotel, da greva skupaj na morje. Ker je bil razočaran, sem obljubil, da mu bom jutri prinesel darilo,« je z
            nasmeškom govoril italijanski reprezentant. Nekaj sekund po tem je mikrofon v roke vzel še Gianluigi Buffon,
            ki je prav tako razpredal o svojih sinovih. »Eden obožuje Messija, drugi Neymarja. Spraševala sta me, zakaj
            raje ne igramo v finalu proti Unitedu ali Realu, da bi navijala samo zame,« je bil sproščen kapetan
            Juventusa.

            Juventus je v finalih lige prvakov izgubil že petkrat, kar je največ v zgodovini tekmovanja. Prav toliko
            finalnih porazov imata še Benfica in Bayern München. Trener Juventusa Massimiliano Allegri je vseeno
            prepričan, da njegovo moštvo nima miselnosti poraženca. »Zgodovina ne bo imela vpliva. Gre za povsem
            različne zgodbe. Lahko bomo tretjič zmagali ali šestič izgubili. Ne pozabite pa, da je Juventus letos že
            zmagal v italijanski ligi in italijanskem pokalu,« pravi Allegri. Na novinarski konferenci so italijanskega
            trenerja spomnili tudi na besede Josepa Guardiole. Trener Bayerna je po polfinalu dejal, da je Barcelona
            nepremagljiva, če je Lionel Messi v pravi formi. Allegri je ostal miren: »Pričakujem, da bo Messi danes
            premagljiv. Seveda bo težko, ampak tako je na vsaki tekmi lige prvakov.«

            Neymar lahko prekosi rojake

            Sproščena je bila tudi zasedba Barcelone. Bistveno bolj je bil zgovoren Gerard Pique, ki je odgovarjal na
            vprašanje v treh jezikih – katalonščini, španščini in angleščini. »Devetdeset minut smo oddaljeni od
            perfekcije in treh lovorik,« je dejal branilec Barcelone. Med soigralci ima v napadu izjemne posameznike,
            toda Pique trdi, da so odlični tudi v obrambi. »Ko govorimo o obrambi, vsi najprej pomislijo na branilce in
            vratarja, toda vsaka obramba se najprej začne pri napadalcih. Če oni ne pritiskajo in kradejo žog, potem
            branilci ne morejo narediti vsega. Veliko se govori o našem napadu, toda Claudio Bravo je prejel najmanj
            golov v španski ligi, kar jasno pove, kako dobri smo v obrambi,« je dejal Pique, ki je imel med treningom
            podporo življenjske sopotnice Shakire ter sinov Milana in Sashe.

            Poleg Messija bo pri Barceloni najbolj izpostavljen Neymar. Pri 23 letih bo prvič igral v finalu lige
            prvakov. Z morebitno zmago bo presegel mnoge legendarne brazilske napadalce, ki niso bili nikoli evropski
            klubski prvaki. Najbolj izpostavljeni v tej kategoriji so Ronaldo, Romario in Bebeto. »Prav zato bi bila
            zmaga v ligi prvakov še toliko bolj sanjska,« je povedal umirjeni Neymar. Podobno velja za trenerja
            Barcelone Luisa Enriqueja. V karieri nogometaša je igral za Real Madrid in Barcelono, toda lige prvakov ni
            nikoli osvojil. »Iz igralske kariere nimam nobenih obžalovanj. Zdaj sem trener in pišem novo zgodbo,« je
            odgovoril Luis Enrique.

            V Berlin s tovornjakom

            Cene nastanitev v Berlinu so za ta konec tedna narasle v večkratnikih. Celo postelje v skupnih sobah z
            drugimi ljudmi dosegajo sto evrov na noč. Hotelirji dobro vedo, da kdor ima vstopnico za finale, nikakor ne
            bo ostal doma. Enako velja za letalske vozovnice, zato so mnogi na pot odšli po avtocesti. Kar s tovornjakom
            je v Berlin odpotovala skupina Juventusovih navijačev. Tovorno prikolico so predelali v diskoteko za 150
            ljudi, kjer se bodo privrženci stare dame zabavali med vožnjo po ulicah Berlina. Na vrhu prikolice je tudi
            terasa, ki je opremljena z močnim stereo sistemom, zato se glasba sliši daleč naokoli.

            A morda največja posebneža sta brata Xavi in Ivan iz Barcelone. Razdaljo 3700 kilometrov, kolikor je od
            Barcelone do Berlina in nazaj, bosta opravila v citroënu pato, letnik 1953. V vožnji ne bosta uživala, saj
            gre za avtomobil, ki ne zmore več kot 80 kilometrov na uro. Njun motiv je drugačen. Znova želita prinesti
            srečo Barceloni, saj je njun najljubši klub vedno zmagal, kadar sta šla na gostovanje s tem avtomobilom.
            Tako je bilo tudi v finalu lige prvakov v Rimu leta 2009 in na Wembleyju leta 2011. Največji podvig sta
            opravila leta 2009, ko sta iz Katalonije potovala vse do Abu Dabija na finale svetovnega klubskega
            prvenstva. A če bo Barcelona na klubskem mundialu tudi letos, bosta morala brata Xavi in Ivan vse do
            Japonske.
        </article-text-transliterated>
    </article>
    <comments>
        <comments-count>0</comments-count>
        <comment-list/>
    </comments>
</document>