<?xml version="1.0" encoding="utf-8"?>
<document global-id="si-03-1333">
	<url>https://www.dnevnik.si/1042836601/Kolumne/goran-vojnovic-ko-se-bo-nekoc-vojna-koncala</url>
	<source-id>si-03</source-id>
	<local-id>1333</local-id>
	<source-name>Dnevnik</source-name>
	<article>
		<article-title>Goran Vojnović: Ko se bo nekoč vojna končala</article-title>
		<article-title-transliterated>Goran Vojnović: Ko se bo nekoč vojna končala</article-title-transliterated>
		<article-time>2018-08-18</article-time>
		<article-author>Goran Vojnović</article-author>
		<article-text>Takrat bo možakar, ki se je pred dnevi v Mercatorju na Obali brezsramno prerinil mimo gluhega para, ki si je ravno nekaj kretal in zato ni mogel z blagajnikovih us...</article-text>
		<article-text-transliterated>Takrat bo možakar, ki se je pred dnevi v Mercatorju na Obali brezsramno prerinil mimo gluhega para, ki si je ravno nekaj kretal in zato ni mogel z blagajnikovih us...</article-text-transliterated>
	</article>
	<comments>
		<comments-count>0</comments-count>
		<comments-list/>
	</comments>
</document>
