<?xml version="1.0" encoding="utf-8"?>
<document global-id="si-03-1373">
	<url>https://www.dnevnik.si/1042848291/Slovenija/1042848291</url>
	<source-id>si-03</source-id>
	<local-id>1373</local-id>
	<source-name>Dnevnik</source-name>
	<article>
		<article-title>Gospod Šarec, tako se ne dela!</article-title>
		<article-title-transliterated>Gospod Šarec, tako se ne dela!</article-title-transliterated>
		<article-time>2018-11-28</article-time>
		<article-author>n. n.</article-author>
		<article-text>Cenjeni predsednik vlade, gospod Marjan Šarec. SDS ima, tudi nam gre težko z jezika, prav. Tako se ne dela! Ne morete  kar javno pozivati podjetij v državni lasti, naj razmislijo, kje bodo oglaševala. Ko je bila na oblasti SDS, niso nič javno pozivali in lepo prosili. So kar izvedli. Toliko, da boste vedeli za v prihodnje.   N.N.</article-text>
		<article-text-transliterated>Cenjeni predsednik vlade, gospod Marjan Šarec. SDS ima, tudi nam gre težko z jezika, prav. Tako se ne dela! Ne morete  kar javno pozivati podjetij v državni lasti, naj razmislijo, kje bodo oglaševala. Ko je bila na oblasti SDS, niso nič javno pozivali in lepo prosili. So kar izvedli. Toliko, da boste vedeli za v prihodnje.   N.N.</article-text-transliterated>
	</article>
	<comments>
		<comments-count>0</comments-count>
		<comments-list/>
	</comments>
</document>
