<?xml version="1.0" encoding="utf-8"?>
<document global-id="si-03-1090">
	<url>https://www.dnevnik.si/1042799452/Komentarji/ervin-hladnik-milharcic-priznanje-</url>
	<source-id>si-03</source-id>
	<local-id>1090</local-id>
	<source-name>Dnevnik</source-name>
	<article>
		<article-title>Ervin Hladnik - Milharčič: Priznanje</article-title>
		<article-title-transliterated>Ervin Hladnik - Milharčič: Priznanje</article-title-transliterated>
		<article-time>2018-01-27</article-time>
		<article-author>Ervin Hladnik - Milharčič</article-author>
		<article-text>Priznanje tudi ni osamljeno dejanje. Od 193 članic Združenih narodov jih je 136 priznalo Palestino kot suvereno državo. Devet članic Evropske unije je na tem seznam...</article-text>
		<article-text-transliterated>Priznanje tudi ni osamljeno dejanje. Od 193 članic Združenih narodov jih je 136 priznalo Palestino kot suvereno državo. Devet članic Evropske unije je na tem seznam...</article-text-transliterated>
	</article>
	<comments>
		<comments-count>0</comments-count>
		<comments-list/>
	</comments>
</document>
