<document global-id="si-03-1359">
    <url>https://www.dnevnik.si/1042767265/Posel/gorazd-skubin-odstopil-z-vrha-hse</url>
    <source-id>si-03</source-id>
    <local-id>1359</local-id>
    <source-name>Dnevnik</source-name>
    <article>
        <article-title>Gorazd Skubin odstopil z vrha HSE</article-title>
        <article-title-transliterated>Gorazd Skubin odstopil z vrha HSE</article-title-transliterated>
        <article-time>2017-03-29</article-time>
        <article-author>Manja Pušnik</article-author>
        <article-text>Nadzorniki Holdinga Slovenske elektrarne (HSE) naj bi včeraj sprva razpravljali predvsem o
            domnevno spornem kadrovanju prvega moža HSE Gorazda Skubina. Na očitno burni seji je najprej ponudil odstop
            finančni direktor Stojan Nikolić, na koncu pa je odstopil Skubin. Generalni direktor Holdinga Slovenske
            elektrarne (HSE) Gorazd Skubin in finančni direktor Stojan Nikolić nikakor nista našla skupnega jezika.
            Nesoglasja so se stopnjevala vse od novembra lani, ko je vodenje družbe prevzel Skubin in v HSE začel
            množično zaposlovati. Od nastopa mandata je Skubin na novo zaposlil kar 23 ljudi. Nadzorniki HSE pod
            vodstvom Milana Perovića so prvemu finančniku in šefu HSE na eni od sej dali dva meseca časa, da spor
            rešita. Očitno tega nista zmogla, saj je po naših informacijah prvi finančnik Nikolić včeraj nadzornikom
            ponudil odstop. Vzrok: kroženje anonimk na Nikolićev račun, blatenje Nikolića v medijih in nerešena
            nesoglasja s Skubinom. Zvečer pa je prišlo do preobrata. Do konca redakcije nam je uspelo izvedeti, da je
            Skubin sprejel sporazumni odstop, ki so mu ga ponudili nadzorniki. Neuradno je zakrožila še informacija, da
            Nikolić ostaja v HSE.

            Nikolić je vedel le za Ropovo svetovanje

            Stojan Nikolić je hkrati tudi predsednik nadzornega sveta Premogovnika Velenje. Družba je novembra lani
            sklenila pogodbo z Inštitutom za trajnostni razvoj v lasti nekdanjih politikov (Antona Ropa, Patricka
            Vlačiča, Milana M. Cvikla in Uroša Jauševca). Za okoli 35.000 evrov so mimo javnega razpisa, ker to ni bilo
            potrebno, pripravili analizo učinkovitosti izvajanja poklicnega zavarovanja v rudarstvu. Kot nam je pojasnil
            predsednik uprave Premogovnika Velenje Ludvik Golob, je bil Nikolić seznanjen le s tem, da bo omenjeno
            analizo pripravil Anton Rop, ni pa bil uradno seznanjen s tem, da je uradni izvajalec analize omenjeni
            inštitut. Ta je sicer že opravil prvi del analize in prejel okoli 18.000 evrov za opravljeno delo, včeraj pa
            se je Rop odločil, da bo drugi del analize opravil »pro bono«.

            »Odločili smo, da se zaradi medijske gonje tega enostavno ne gremo več. Prav tako tega ne bomo komentirali
            in ne želimo nobenega plačila. To zgodbo želimo končati,« je dejal Rop. Potrdil je, da so tako prvi kot tudi
            drugi del analize že izdelali, drugi del bodo še dopolnili in ga dokončali. »Ampak očitno mi, ki smo bili v
            politiki, tega ne smemo delati. To je skrajno žalostno. Doživeli smo medijski linč, ne da bi kdor koli sploh
            pogledal, kaj smo naredili, niti na kakšen način je do tega tudi prišlo. Pobuda ni bila naša in tudi
            ponujali se nismo. Bili smo naprošeni, da izdelamo analizo, doživeli pa smo medijski linč,« je še dejal Rop.
        </article-text>
        <article-text-transliterated>Nadzorniki Holdinga Slovenske elektrarne (HSE) naj bi včeraj sprva razpravljali
            predvsem o domnevno spornem kadrovanju prvega moža HSE Gorazda Skubina. Na očitno burni seji je najprej
            ponudil odstop finančni direktor Stojan Nikolić, na koncu pa je odstopil Skubin. Generalni direktor Holdinga
            Slovenske elektrarne (HSE) Gorazd Skubin in finančni direktor Stojan Nikolić nikakor nista našla skupnega
            jezika. Nesoglasja so se stopnjevala vse od novembra lani, ko je vodenje družbe prevzel Skubin in v HSE
            začel množično zaposlovati. Od nastopa mandata je Skubin na novo zaposlil kar 23 ljudi. Nadzorniki HSE pod
            vodstvom Milana Perovića so prvemu finančniku in šefu HSE na eni od sej dali dva meseca časa, da spor
            rešita. Očitno tega nista zmogla, saj je po naših informacijah prvi finančnik Nikolić včeraj nadzornikom
            ponudil odstop. Vzrok: kroženje anonimk na Nikolićev račun, blatenje Nikolića v medijih in nerešena
            nesoglasja s Skubinom. Zvečer pa je prišlo do preobrata. Do konca redakcije nam je uspelo izvedeti, da je
            Skubin sprejel sporazumni odstop, ki so mu ga ponudili nadzorniki. Neuradno je zakrožila še informacija, da
            Nikolić ostaja v HSE.

            Nikolić je vedel le za Ropovo svetovanje

            Stojan Nikolić je hkrati tudi predsednik nadzornega sveta Premogovnika Velenje. Družba je novembra lani
            sklenila pogodbo z Inštitutom za trajnostni razvoj v lasti nekdanjih politikov (Antona Ropa, Patricka
            Vlačiča, Milana M. Cvikla in Uroša Jauševca). Za okoli 35.000 evrov so mimo javnega razpisa, ker to ni bilo
            potrebno, pripravili analizo učinkovitosti izvajanja poklicnega zavarovanja v rudarstvu. Kot nam je pojasnil
            predsednik uprave Premogovnika Velenje Ludvik Golob, je bil Nikolić seznanjen le s tem, da bo omenjeno
            analizo pripravil Anton Rop, ni pa bil uradno seznanjen s tem, da je uradni izvajalec analize omenjeni
            inštitut. Ta je sicer že opravil prvi del analize in prejel okoli 18.000 evrov za opravljeno delo, včeraj pa
            se je Rop odločil, da bo drugi del analize opravil »pro bono«.

            »Odločili smo, da se zaradi medijske gonje tega enostavno ne gremo več. Prav tako tega ne bomo komentirali
            in ne želimo nobenega plačila. To zgodbo želimo končati,« je dejal Rop. Potrdil je, da so tako prvi kot tudi
            drugi del analize že izdelali, drugi del bodo še dopolnili in ga dokončali. »Ampak očitno mi, ki smo bili v
            politiki, tega ne smemo delati. To je skrajno žalostno. Doživeli smo medijski linč, ne da bi kdor koli sploh
            pogledal, kaj smo naredili, niti na kakšen način je do tega tudi prišlo. Pobuda ni bila naša in tudi
            ponujali se nismo. Bili smo naprošeni, da izdelamo analizo, doživeli pa smo medijski linč,« je še dejal Rop.
        </article-text-transliterated>
    </article>
    <comments>
        <comments-count>0</comments-count>
        <comment-list/>
    </comments>
</document>