<?xml version="1.0" encoding="utf-8"?>
<document global-id="si-03-1374">
	<url>https://www.dnevnik.si/1042702320/Ljubljana/gospodarska-cona-na-pol</url>
	<source-id>si-03</source-id>
	<local-id>1374</local-id>
	<source-name>Dnevnik</source-name>
	<article>
		<article-title>Gospodarska cona na pol</article-title>
		<article-title-transliterated>Gospodarska cona na pol</article-title-transliterated>
		<article-time>2015-01-06</article-time>
		<article-author>Vanja Brkić</article-author>
		<article-text>Nov mestni svet se bo na januarski seji spopadel s prvim občinskim podrobnim prostorskim načrtom. Odločali bodo o prostorskem načrtu, ki naj bi uredil del gospodarske cone Zadobrova, ki je trenutno komunalno in prometno slabo opremljena. Zanimivo bo predvsem videti, kaj bodo novinci v mestnem svetu porekli na to, da občina kljub željam lokalne skupnosti, da bi podrobni prostorski načrt pripravili za celotno območje urejanja, tega ni upoštevala.  Gradivo, ki ga je občina objavila na svoji spletni strani, namreč razkriva, da so bili predstavniki sveta četrtne skupnosti Polje razočarani, ker predlog ne vključuje tudi načrtov za parkirišča za tovorna vozila, zbirnega centra za odpadke in parkirišča  parkiraj in se pelji z avtobusom (P+R Zadobrova), saj območje leži ob avtocestnem priključku Ljubljana Sneberje.   Največji lastnik AE Nepremičnine Na občini so pojasnili, da je bila sprva predvidena priprava prostorskega akta za celotno območje urejanja, a so zaradi razdrobljenega lastništva parcel od te namere odstopili. Po navedbah občine bi bila potrebna pogodbena komasacija zemljišč (sprememba meja parcel, tako da vsak lastnik dobi čim bolj zaokroženo parcelo), ki pa se lahko izvede le ob strinjanju vseh lastnikov zemljišč. »Ker se vsi lastniki s pogodbeno komasacijo niso strinjali oziroma so postavljali za druge lastnike nesprejemljive pogoje, se ta ni mogla izvesti,« so na občini razložili, zakaj so pripravili predlog le za del območja urejanja. Podrobni prostorski načrt za preostali del območja bo občina začela pripravljati takrat, ko se bodo lastniki odločili za ta korak, so dodali na občini. Prostorski načrt, ki ga bodo na svoje mize januarja dobili mestni svetniki, predvideva gradnjo industrijskih objektov, stavb za storitvene dejavnosti, skladišča ter upravne in trgovske stavbe. Od objektov, ki trenutno stojijo na zemljiščih med Snebersko cesto, Cesto v Prod in Zadobrovško cesto,  bosta ostala samo stavba Jate Emona in stavba na naslovu Sneberska cesta 111. Lastniki bodo omenjena objekta sodeč po predlogu prostorskega načrta lahko dograjevali v manjšem obsegu.  Največ zemljišč na omenjenem delu ima družba AE Nepremičnine, ki je nastala leta 2011 z oddelitvijo od družbe Agroemona in ki je lastnica opuščenih stavb živalske farme v Zadobrovi. Pobudo za pripravo prostorskega akta je dala družba iProjekt v imenu  AE Nepremičnin.</article-text>
		<article-text-transliterated>Nov mestni svet se bo na januarski seji spopadel s prvim občinskim podrobnim prostorskim načrtom. Odločali bodo o prostorskem načrtu, ki naj bi uredil del gospodarske cone Zadobrova, ki je trenutno komunalno in prometno slabo opremljena. Zanimivo bo predvsem videti, kaj bodo novinci v mestnem svetu porekli na to, da občina kljub željam lokalne skupnosti, da bi podrobni prostorski načrt pripravili za celotno območje urejanja, tega ni upoštevala.  Gradivo, ki ga je občina objavila na svoji spletni strani, namreč razkriva, da so bili predstavniki sveta četrtne skupnosti Polje razočarani, ker predlog ne vključuje tudi načrtov za parkirišča za tovorna vozila, zbirnega centra za odpadke in parkirišča  parkiraj in se pelji z avtobusom (P+R Zadobrova), saj območje leži ob avtocestnem priključku Ljubljana Sneberje.   Največji lastnik AE Nepremičnine Na občini so pojasnili, da je bila sprva predvidena priprava prostorskega akta za celotno območje urejanja, a so zaradi razdrobljenega lastništva parcel od te namere odstopili. Po navedbah občine bi bila potrebna pogodbena komasacija zemljišč (sprememba meja parcel, tako da vsak lastnik dobi čim bolj zaokroženo parcelo), ki pa se lahko izvede le ob strinjanju vseh lastnikov zemljišč. »Ker se vsi lastniki s pogodbeno komasacijo niso strinjali oziroma so postavljali za druge lastnike nesprejemljive pogoje, se ta ni mogla izvesti,« so na občini razložili, zakaj so pripravili predlog le za del območja urejanja. Podrobni prostorski načrt za preostali del območja bo občina začela pripravljati takrat, ko se bodo lastniki odločili za ta korak, so dodali na občini. Prostorski načrt, ki ga bodo na svoje mize januarja dobili mestni svetniki, predvideva gradnjo industrijskih objektov, stavb za storitvene dejavnosti, skladišča ter upravne in trgovske stavbe. Od objektov, ki trenutno stojijo na zemljiščih med Snebersko cesto, Cesto v Prod in Zadobrovško cesto,  bosta ostala samo stavba Jate Emona in stavba na naslovu Sneberska cesta 111. Lastniki bodo omenjena objekta sodeč po predlogu prostorskega načrta lahko dograjevali v manjšem obsegu.  Največ zemljišč na omenjenem delu ima družba AE Nepremičnine, ki je nastala leta 2011 z oddelitvijo od družbe Agroemona in ki je lastnica opuščenih stavb živalske farme v Zadobrovi. Pobudo za pripravo prostorskega akta je dala družba iProjekt v imenu  AE Nepremičnin.</article-text-transliterated>
	</article>
	<comments>
		<comments-count>0</comments-count>
		<comments-list/>
	</comments>
</document>
