<document global-id="si-03-1267">
    <url>https://www.dnevnik.si/1042730695/Odprta%20stran/gimnazija-kranj-ni-enako-gimnazija-franceta-preserna</url>
    <source-id>si-03</source-id>
    <local-id>1267</local-id>
    <source-name>Dnevnik</source-name>
    <article>
        <article-title>Gimnazija Kranj ni enako Gimnazija Franceta Prešerna</article-title>
        <article-title-transliterated>Gimnazija Kranj ni enako Gimnazija Franceta Prešerna
        </article-title-transliterated>
        <article-time>2016-02-26</article-time>
        <article-author/>
        <article-text>Zaradi številnih pisem ogorčenih državljank in državljanov Slovenije, ki smo jih prejeli, in objav
            v medijih o nastanitvi begunskih otrok v Kranju Gimnazija Kranj podaja naslednje stališče:. Kranjska
            gimnazija je terminus tehnicus in pomeni poimenovanje za Gimnazijo Kranj, ki z omenjenim dogajanjem na
            Gimnaziji Franceta Prešerna nima opraviti ničesar. Gimnazija Franceta Prešerna je druga šola in s takim
            neuradnim poimenovanjem nima ničesar skupnega. Kranjska gimnazija je specifično ime, poznano in uveljavljeno
            v okolju že več kot 200 let, in pomeni neuradno poimenovanje za Gimnazijo Kranj z odličnimi šolskimi in
            zunajšolskimi rezultati. Od začetka begunske krize so naši dijaki v starem Kranju 20. oktobra 2015
            pripravili javni recital z vodilno mislijo »Begunci niso pravi problem, so le posledica pravega problema«, s
            čimer smo javno svoje mnenje že izrazili. Udeležili so se ga vsi dijaki naše šole in meščani Kranja. Prav
            tako so se profesorji slovenščine že ob začetku begunske krize takoj ponudili za brezplačno poučevanje
            slovenskega jezika za begunce, če bi se za to pojavile potrebe.
            Mag. Franc Rozman

            ravnatelj Gimnazije Kranj
        </article-text>
        <article-text-transliterated>Zaradi številnih pisem ogorčenih državljank in državljanov Slovenije, ki smo jih
            prejeli, in objav v medijih o nastanitvi begunskih otrok v Kranju Gimnazija Kranj podaja naslednje
            stališče:. Kranjska gimnazija je terminus tehnicus in pomeni poimenovanje za Gimnazijo Kranj, ki z omenjenim
            dogajanjem na Gimnaziji Franceta Prešerna nima opraviti ničesar. Gimnazija Franceta Prešerna je druga šola
            in s takim neuradnim poimenovanjem nima ničesar skupnega. Kranjska gimnazija je specifično ime, poznano in
            uveljavljeno v okolju že več kot 200 let, in pomeni neuradno poimenovanje za Gimnazijo Kranj z odličnimi
            šolskimi in zunajšolskimi rezultati. Od začetka begunske krize so naši dijaki v starem Kranju 20. oktobra
            2015 pripravili javni recital z vodilno mislijo »Begunci niso pravi problem, so le posledica pravega
            problema«, s čimer smo javno svoje mnenje že izrazili. Udeležili so se ga vsi dijaki naše šole in meščani
            Kranja. Prav tako so se profesorji slovenščine že ob začetku begunske krize takoj ponudili za brezplačno
            poučevanje slovenskega jezika za begunce, če bi se za to pojavile potrebe.
            Mag. Franc Rozman

            ravnatelj Gimnazije Kranj
        </article-text-transliterated>
    </article>
    <comments>
        <comments-count>0</comments-count>
        <comment-list/>
    </comments>
</document>