<?xml version="1.0" encoding="utf-8"?>
<document global-id="si-03-1004">
	<url>https://www.dnevnik.si/1042715797/Zaposlitve%20in%20kariera/duol-isce-vec-samostojnih-komercialistov</url>
	<source-id>si-03</source-id>
	<local-id>1004</local-id>
	<source-name>Dnevnik</source-name>
	<article>
		<article-title>Duol išče več samostojnih komercialistov</article-title>
		<article-title-transliterated>Duol išče več samostojnih komercialistov</article-title-transliterated>
		<article-time>2015-06-27</article-time>
		<article-author>jpš</article-author>
		<article-text>Delo komercialista je vzpostavljanje in odpiranje novih trgov, samostojno iskanje kupcev ter vse faze spremljanja kupca do realizacije naročila. Ker je Duol globalno podjetje, komercialisti pogosto potujejo v tujino, govorijo pa najmanj dva tuja jezika. Znanje angleškega jezika je v Duolu samoumevno, govorijo pa tudi rusko, nemško, francosko, italijansko. Veseli bi bili tudi sodelavca z znanjem arabščine.   Bolj kot formalno osvojena znanja jih zanimajo kandidati s sposobnostjo povezovanja tehničnih, komercialnih in marketinških znanj.  Ker se ukvarjajo z nišnim izdelkom, ki mu dodajajo nove in nove namene uporabe, bodo v plus šteli širino znanja o športni infrastrukturi, industrijskih objektih, gojenju in skladiščenju kmetijskih pridelkov. jpš</article-text>
		<article-text-transliterated>Delo komercialista je vzpostavljanje in odpiranje novih trgov, samostojno iskanje kupcev ter vse faze spremljanja kupca do realizacije naročila. Ker je Duol globalno podjetje, komercialisti pogosto potujejo v tujino, govorijo pa najmanj dva tuja jezika. Znanje angleškega jezika je v Duolu samoumevno, govorijo pa tudi rusko, nemško, francosko, italijansko. Veseli bi bili tudi sodelavca z znanjem arabščine.   Bolj kot formalno osvojena znanja jih zanimajo kandidati s sposobnostjo povezovanja tehničnih, komercialnih in marketinških znanj.  Ker se ukvarjajo z nišnim izdelkom, ki mu dodajajo nove in nove namene uporabe, bodo v plus šteli širino znanja o športni infrastrukturi, industrijskih objektih, gojenju in skladiščenju kmetijskih pridelkov. jpš</article-text-transliterated>
	</article>
	<comments>
		<comments-count>0</comments-count>
		<comments-list/>
	</comments>
</document>
