<document global-id="si-04-1405">
    <url>https://www.vecer.com/201504116109008-6109008</url>
    <source-id>si-04</source-id>
    <local-id>1405</local-id>
    <source-name>Večer</source-name>
    <article>
        <article-title>Država stiskaško, prestolnica radodarno</article-title>
        <article-title-transliterated>Država stiskaško, prestolnica radodarno</article-title-transliterated>
        <article-time>2015-04-11</article-time>
        <article-author>DOBNIK SLAVKO</article-author>
        <article-text>Medtem ko Mestna občina Ljubljana (MOL) šteje investicijska vlaganja v Ljubljanski grad v
            desetinah milijonov, ministrstvo za kulturo ne premore niti sredstev, ki bi pokrila postavitev nujno
            potrebnega požarnega hidranta na Ptujskem gradu. Po podrtju opornega zidu na Ptujskem gradu in razkritju
            dejstva, da Ptujski grad ne premore niti enega požarnega hidranta, se seveda postavlja vprašanje, kako
            ministrstvo za kulturo kot lastnik sploh skrbi za svoje premoženje - ki je dragocen spomenik nacionalnega
            pomena. Ker gre za podobno velika objekta in ker sta odigrala podobno vlogo v zgodovini, smo se odločili
            primerjati Ljubljanski grad, katerega lastnik je MOL, in Ptujski grad, ki je, kot rečeno, v lasti
            ministrstva za kulturo.
            Naš namen seveda ni, da bi pri Ljubljančanih vzbujali slabo voljo, ki, kot bo razkrilo to branje, odlično
            skrbijo za svoj grad, ampak da ministrstvu za kulturo skozi primerjavo dokažemo, kako slab skrbnik Ptujskega
            gradu je, pa čeprav ta kot muzej nosi neprimerno večjo kulturno-umetniško težo kot izletniška točka, kar je
            v bistvu Ljubljanski grad.
            Ptujski vs. Ljubljanski
            V času, ko je padel oporni zid na Ptujskem gradu, smo kulturno ministrstvo prosili, da nam poda informacijo,
            koliko je bilo investicijskih vlaganj, torej vlaganj v obnovo in vzdrževanje Ptujskega gradu, v zadnjih
            desetih letih. Namesto desetih let so se na ministrstvu odločili seči globlje v preteklost, in sicer v leto
            1997. Od takrat do leta 2014 je ministrstvo za kulturo v obnovo kompleksa Ptujskega gradu vložilo 1,21
            milijona evrov.
            Veliko večino, torej več kot polovico te vsote, je država namenila obnovi grajske konjušnice. V letih od
            2004 do 2006 je potekala statična obnova konjušnice v vrednosti 554.992 evrov. Dela, s katerimi je bil del
            konjušnice dokončan, so se nadaljevala leta 2010, vrednost teh je bila 170.000 evrov.
            Javni zavod Ljubljanski grad je začel formalnopravno delovati v prvi polovici leta 2011. Vendar obstaja
            analiza vrednosti obnovitvenih del od leta 1990 dalje. MOL je po tej analizi v obnovitvena dela na
            Ljubljanskem gradu v obdobju od 1997 do 2014 investirala več kot 24,4 milijona evrov. Med največjimi
            investicijami izpostavljajo zgraditev tirne vzpenjače in pripadajočih objektov v letu 2006 v višini 7,3
            milijona evrov, obnovo dvorane Palacij v letu 2003 v višini dobrega milijona evrov, obnovo trakta J v letu
            2010 v višini 1,5 milijona evrov, kjer je danes v treh nivojih postavljena stalna razstava Slovenska
            zgodovina, obnovo traktov K, KLMT in L v letu 2011 v višini 1,8 milijona evrov; to so Zgornji lapidarij,
            današnja gostilna Na gradu in vodnjak, ter obnovo poročnih dvoran v letu 2014 v višini 1,5 milijona evrov.
            Na Ptujskem gradu ni ministrstvo za kulturo zagotovilo niti enega požarnega hidranta, čeprav je že
            protipožarna vaja leta 2002 opozorila, da je požarna varnost Ptujskega gradu zaradi tega zelo ogrožena. Kot
            vse kaže, denarja za hidrante na Ptujskem gradu, potrebovali bi jih vsaj tri, ne bodo našli niti v tem letu.
            Na Ljubljanskem gradu je v skladu s požarnim načrtom nameščenih 19 požarnih hidrantov.
            Zbirke Ljubljanskega gradu
            Kakšen status imata v kulturno-varstvenem pogledu Ljubljanski in Ptujski grad? Ljubljanski grad je kulturni
            spomenik lokalnega pomena. Javni zavod Ljubljanski grad na zavodu za varstvo kulturne dediščine Slovenija je
            sicer oddal vlogo za priznanje Ljubljanskega gradu kot kulturnega spomenika državnega pomena.
            Tam delujeta dve stalni postavitvi, v sklopu katerih so razstavljene muzealije, ki imajo
            umetnostnozgodovinsko težo. To sta razstavi Slovenska zgodovina in Kaznilnica. Vsebinski nosilec obeh
            postavitev je Muzej in galerije mesta Ljubljane, prav tako je večina muzealij del zbirk te ustanove. Na
            razstavi Slovenska zgodovina so nekatere razstavljene muzealije last drugih slovenskih muzejev in
            razstavišč. Na razstavi so razstavljene, da obiskovalce usmerjajo v druge slovenske muzeje in razstavišča.
            Financiranje vsebinskega dela stalne postavitve Slovenska zgodovina je bilo neposredno med Mestno občino
            Ljubljana in Muzejem in galerijami mesta Ljubljane kot vsebinskim nosilcem postavitve in tudi prvim
            upravljavcem razstave, za financiranje vsebinskega dela postavitve Kaznilnica pa je MOL namenila 50.000
            evrov. Ljubljanski grad je v obeh primerih izvedel investicijski del v obnovo in dokončanje prostorov, v
            katerih se postavitvi nahajata. Investitorica teh del je ustanoviteljica MOL.
            Zbirke Ptujskega gradu
            Ptujski grad, ki je spomenik državnega pomena, hrani najbolj reprezentativne zbirke Pokrajinskega muzeja
            Ptuj-Ormož (PMP-O). Tam so zbirka fevdalne stanovanjske kulture, grajska galerija gotskih umetnin, grajska
            galerija baročnih umetnin, stalna razstava Gospodje Ptujski, zbirka salonskih in godbenih glasbil, zbirka
            orožja, slike na steklo, vinogradništvo na ptujskem območju in pustne maske. Trije fondi imajo status
            nacionalnega pomena: zbirka salonskih in godbenih glasbil, zbirka orožja in zbirka tapiserij. Kot pojasnjuje
            Andrej Brence, vršilec dolžnosti direktorja, je od leta 2014 cilj PMP-O kot upravljavca Ptujskega gradu
            njihovo posodabljanje, dopolnjevanje in širitev v okviru prostorskih in finančnih danosti: "Prvi koraki so
            bili storjeni februarja s širitvijo in dopolnitvijo grajske galerije s poznogotskim tabelnim slikarstvom in
            kiparstvom. Sledila je posodobitev razsvetljave v zbirki glasbil in ureditev 3. mitreja. Ker menimo, da je
            prihodnost muzeja in posredno tudi turistične in druge ponudbe Ptuja ter okolice v celoviti ureditvi
            grajskega kompleksa (sem sodi obnova vseh stavb, namestitev vseh zbirk - vključno z arheološko, grajski
            arhitekturi primerna ureditev in zasaditev zelenih površin), smo se odločili, da se v prvi fazi sanira in
            uredi južno grajsko obzidje z obrambnimi stolpi. Obnovljeni objekti bi dobili muzejsko vsebino, kar bi
            povečalo skupno ponudbo v grajskem kompleksu. V ta namen smo se prijavili za pridobitev sredstev iz
            norveškega sklada. Pripravili smo obsežno gradivo z naslovom Obnova južnega obzidja, stolpov in pobočja
            Ptujskega gradu. Kot je znano, na razpisu, ki ga je pripravilo gospodarsko ministrstvo, nismo uspeli."
            Zbirka in prezentacija
            Kot še pojasnjuje Brence, ministrstvo vsako leto nameni določena programska sredstva za ves muzej. Skladno z
            letnim programom se sredstva namenijo za razstave oziroma projekte posameznih oddelkov. Finančno
            konstrukcijo za posamezno razstavo je treba pripraviti realno in racionalno.
            Leta 2010 je PMP-O izdal obsežno publikacijo o pustnih maskah v slovenščini - angleščini in nemščini -
            italijanščini. Nato so pričeli načrtovati selitev razstave iz Ptujskega gradu v grajsko konjušnico, ki je
            bila na novo opremljena in postavljena v konjušnici maja 2012 v okviru Evropske prestolnice kulture 2012.
            Sledil je ponatis slovensko–angleške in natis francosko–ruske publikacije. Za vse to so porabili 35.100
            evrov.
            V tem času se na Ljubljanskem gradu zaključuje investicija Ljubljanski grad - muzej in prezentacija lutk,
            sofinancirana iz Evropskega sklada za regionalni razvoj. Ocenjena vrednost projekta je 2.928.000 evrov, od
            tega so sredstva EU v višini 1.527.000 evrov, sredstva MOL 1.131.441 evrov, ministrstvo za kulturo je
            prispevalo 269.482 evrov.
        </article-text>
        <article-text-transliterated>Medtem ko Mestna občina Ljubljana (MOL) šteje investicijska vlaganja v Ljubljanski
            grad v desetinah milijonov, ministrstvo za kulturo ne premore niti sredstev, ki bi pokrila postavitev nujno
            potrebnega požarnega hidranta na Ptujskem gradu. Po podrtju opornega zidu na Ptujskem gradu in razkritju
            dejstva, da Ptujski grad ne premore niti enega požarnega hidranta, se seveda postavlja vprašanje, kako
            ministrstvo za kulturo kot lastnik sploh skrbi za svoje premoženje - ki je dragocen spomenik nacionalnega
            pomena. Ker gre za podobno velika objekta in ker sta odigrala podobno vlogo v zgodovini, smo se odločili
            primerjati Ljubljanski grad, katerega lastnik je MOL, in Ptujski grad, ki je, kot rečeno, v lasti
            ministrstva za kulturo.
            Naš namen seveda ni, da bi pri Ljubljančanih vzbujali slabo voljo, ki, kot bo razkrilo to branje, odlično
            skrbijo za svoj grad, ampak da ministrstvu za kulturo skozi primerjavo dokažemo, kako slab skrbnik Ptujskega
            gradu je, pa čeprav ta kot muzej nosi neprimerno večjo kulturno-umetniško težo kot izletniška točka, kar je
            v bistvu Ljubljanski grad.
            Ptujski vs. Ljubljanski
            V času, ko je padel oporni zid na Ptujskem gradu, smo kulturno ministrstvo prosili, da nam poda informacijo,
            koliko je bilo investicijskih vlaganj, torej vlaganj v obnovo in vzdrževanje Ptujskega gradu, v zadnjih
            desetih letih. Namesto desetih let so se na ministrstvu odločili seči globlje v preteklost, in sicer v leto
            1997. Od takrat do leta 2014 je ministrstvo za kulturo v obnovo kompleksa Ptujskega gradu vložilo 1,21
            milijona evrov.
            Veliko večino, torej več kot polovico te vsote, je država namenila obnovi grajske konjušnice. V letih od
            2004 do 2006 je potekala statična obnova konjušnice v vrednosti 554.992 evrov. Dela, s katerimi je bil del
            konjušnice dokončan, so se nadaljevala leta 2010, vrednost teh je bila 170.000 evrov.
            Javni zavod Ljubljanski grad je začel formalnopravno delovati v prvi polovici leta 2011. Vendar obstaja
            analiza vrednosti obnovitvenih del od leta 1990 dalje. MOL je po tej analizi v obnovitvena dela na
            Ljubljanskem gradu v obdobju od 1997 do 2014 investirala več kot 24,4 milijona evrov. Med največjimi
            investicijami izpostavljajo zgraditev tirne vzpenjače in pripadajočih objektov v letu 2006 v višini 7,3
            milijona evrov, obnovo dvorane Palacij v letu 2003 v višini dobrega milijona evrov, obnovo trakta J v letu
            2010 v višini 1,5 milijona evrov, kjer je danes v treh nivojih postavljena stalna razstava Slovenska
            zgodovina, obnovo traktov K, KLMT in L v letu 2011 v višini 1,8 milijona evrov; to so Zgornji lapidarij,
            današnja gostilna Na gradu in vodnjak, ter obnovo poročnih dvoran v letu 2014 v višini 1,5 milijona evrov.
            Na Ptujskem gradu ni ministrstvo za kulturo zagotovilo niti enega požarnega hidranta, čeprav je že
            protipožarna vaja leta 2002 opozorila, da je požarna varnost Ptujskega gradu zaradi tega zelo ogrožena. Kot
            vse kaže, denarja za hidrante na Ptujskem gradu, potrebovali bi jih vsaj tri, ne bodo našli niti v tem letu.
            Na Ljubljanskem gradu je v skladu s požarnim načrtom nameščenih 19 požarnih hidrantov.
            Zbirke Ljubljanskega gradu
            Kakšen status imata v kulturno-varstvenem pogledu Ljubljanski in Ptujski grad? Ljubljanski grad je kulturni
            spomenik lokalnega pomena. Javni zavod Ljubljanski grad na zavodu za varstvo kulturne dediščine Slovenija je
            sicer oddal vlogo za priznanje Ljubljanskega gradu kot kulturnega spomenika državnega pomena.
            Tam delujeta dve stalni postavitvi, v sklopu katerih so razstavljene muzealije, ki imajo
            umetnostnozgodovinsko težo. To sta razstavi Slovenska zgodovina in Kaznilnica. Vsebinski nosilec obeh
            postavitev je Muzej in galerije mesta Ljubljane, prav tako je večina muzealij del zbirk te ustanove. Na
            razstavi Slovenska zgodovina so nekatere razstavljene muzealije last drugih slovenskih muzejev in
            razstavišč. Na razstavi so razstavljene, da obiskovalce usmerjajo v druge slovenske muzeje in razstavišča.
            Financiranje vsebinskega dela stalne postavitve Slovenska zgodovina je bilo neposredno med Mestno občino
            Ljubljana in Muzejem in galerijami mesta Ljubljane kot vsebinskim nosilcem postavitve in tudi prvim
            upravljavcem razstave, za financiranje vsebinskega dela postavitve Kaznilnica pa je MOL namenila 50.000
            evrov. Ljubljanski grad je v obeh primerih izvedel investicijski del v obnovo in dokončanje prostorov, v
            katerih se postavitvi nahajata. Investitorica teh del je ustanoviteljica MOL.
            Zbirke Ptujskega gradu
            Ptujski grad, ki je spomenik državnega pomena, hrani najbolj reprezentativne zbirke Pokrajinskega muzeja
            Ptuj-Ormož (PMP-O). Tam so zbirka fevdalne stanovanjske kulture, grajska galerija gotskih umetnin, grajska
            galerija baročnih umetnin, stalna razstava Gospodje Ptujski, zbirka salonskih in godbenih glasbil, zbirka
            orožja, slike na steklo, vinogradništvo na ptujskem območju in pustne maske. Trije fondi imajo status
            nacionalnega pomena: zbirka salonskih in godbenih glasbil, zbirka orožja in zbirka tapiserij. Kot pojasnjuje
            Andrej Brence, vršilec dolžnosti direktorja, je od leta 2014 cilj PMP-O kot upravljavca Ptujskega gradu
            njihovo posodabljanje, dopolnjevanje in širitev v okviru prostorskih in finančnih danosti: "Prvi koraki so
            bili storjeni februarja s širitvijo in dopolnitvijo grajske galerije s poznogotskim tabelnim slikarstvom in
            kiparstvom. Sledila je posodobitev razsvetljave v zbirki glasbil in ureditev 3. mitreja. Ker menimo, da je
            prihodnost muzeja in posredno tudi turistične in druge ponudbe Ptuja ter okolice v celoviti ureditvi
            grajskega kompleksa (sem sodi obnova vseh stavb, namestitev vseh zbirk - vključno z arheološko, grajski
            arhitekturi primerna ureditev in zasaditev zelenih površin), smo se odločili, da se v prvi fazi sanira in
            uredi južno grajsko obzidje z obrambnimi stolpi. Obnovljeni objekti bi dobili muzejsko vsebino, kar bi
            povečalo skupno ponudbo v grajskem kompleksu. V ta namen smo se prijavili za pridobitev sredstev iz
            norveškega sklada. Pripravili smo obsežno gradivo z naslovom Obnova južnega obzidja, stolpov in pobočja
            Ptujskega gradu. Kot je znano, na razpisu, ki ga je pripravilo gospodarsko ministrstvo, nismo uspeli."
            Zbirka in prezentacija
            Kot še pojasnjuje Brence, ministrstvo vsako leto nameni določena programska sredstva za ves muzej. Skladno z
            letnim programom se sredstva namenijo za razstave oziroma projekte posameznih oddelkov. Finančno
            konstrukcijo za posamezno razstavo je treba pripraviti realno in racionalno.
            Leta 2010 je PMP-O izdal obsežno publikacijo o pustnih maskah v slovenščini - angleščini in nemščini -
            italijanščini. Nato so pričeli načrtovati selitev razstave iz Ptujskega gradu v grajsko konjušnico, ki je
            bila na novo opremljena in postavljena v konjušnici maja 2012 v okviru Evropske prestolnice kulture 2012.
            Sledil je ponatis slovensko–angleške in natis francosko–ruske publikacije. Za vse to so porabili 35.100
            evrov.
            V tem času se na Ljubljanskem gradu zaključuje investicija Ljubljanski grad - muzej in prezentacija lutk,
            sofinancirana iz Evropskega sklada za regionalni razvoj. Ocenjena vrednost projekta je 2.928.000 evrov, od
            tega so sredstva EU v višini 1.527.000 evrov, sredstva MOL 1.131.441 evrov, ministrstvo za kulturo je
            prispevalo 269.482 evrov.
        </article-text-transliterated>
    </article>
    <comments>
        <comments-count>0</comments-count>
        <comment-list/>
    </comments>
</document>