<document global-id="si-04-1180">
    <url>https://www.vecer.com/201502036092773-6092773</url>
    <source-id>si-04</source-id>
    <local-id>1180</local-id>
    <source-name>Večer</source-name>
    <article>
        <article-title>Delavno kljub zagatam</article-title>
        <article-title-transliterated>Delavno kljub zagatam</article-title-transliterated>
        <article-time>2015-02-03</article-time>
        <article-author>Branka Bezjak</article-author>
        <article-text>Jutri v Pokrajinskem muzeju Maribor odpirajo novo razstavo, čeprav so trenutno financirani le po
            dvanajstinah. Četudi od ministrstva za kulturo še niso pridobili pogodbe o sofinanciranju, so v Pokrajinskem
            muzeju Maribor odločeni, da bodo letošnji program izpeljali, kot so ga zastavili. Direktorica muzeja Mirjana
            Koren je opozorila, da niso 200-članski ansambel, vseh zaposlenih v muzeju je šestnajst, a da bodo kljub
            temu veliko naredili. Letošnja odločitev ministrstva jo čudi: "Pretekla leta je bilo v pogodbi zapisano, da
            v se primeru rebalansa proračuna tudi pogodba ustrezno spremeni. Tokrat je treba čakati na sprejem
            rebalansa, zato smo financirani po dvanajstinah."
            Na enakem so tačas vsi zavodi na področju kulture. V ministrstvu za kulturo se sklicujejo na sklep vlade o
            začasnem zadržanju izvrševanja posameznih izdatkov državnega proračuna za leto 2015. Zato so izdali začasne
            odločbe oziroma pogodbe o financiranju. "Pričakuje se, da bo rebalans v državnem zboru okvirno potrjen konec
            februarja," so še dodali. Lani je Pokrajinski muzej od ministrstva dobil 488.632 evrov, Mestna občina
            Maribor, ki je tudi njegova ustanoviteljica, je prispevala 107.159 evrov, skupaj je njihov lanski proračun
            torej znašal 595.791 evrov.
            Kljub trenutnim finančnim oviram bodo v muzeju že jutri, 4. februarja, ob 11. uri odprli novo razstavo
            Bojevniki Miljenka Sekulića v grajski bastiji. V dolgoročno varstvo so namreč dobili del kostumov iz
            gledališke predstave Oresteia, ki jo je SNG Maribor na oder postavilo leta 1993. Maske in poprsja je takrat
            izdelal akademski kipar Miljenko Sekulić. Z njimi bodo dopolnili stalno muzejsko razstavo orožja v grajski
            bastiji. "S soočenjem avtentičnega orožja iz muzejske zbirke in gledaliških mask sledimo svoji programski
            usmeritvi soočanja starega z novim ter avtentičnega z interpretiranim in s tem ponujamo možnosti za
            doživetje in razmislek," je dejala Korenova.
            Sicer pa med februarjem in decembrom pripravljajo razstavo, posvečeno mariborskemu profesorju in kulturnemu
            ustvarjalcu Rudolfu Gustavu Puffu. Rodil se je leta 1808 v Holzbauereggu na današnjem avstrijskem
            Štajerskem, leta 1832 pa se je zaposlil kot profesor na mariborski gimnaziji. Bil je eden od glavnih
            pobudnikov gradnje mestnega gledališča, je tudi častni meščana mesta ... Čeprav je bil Nemec, je spodbujal
            učenje slovenskega jezika. Ljubezen do mesta je izpričal v svoji knjigi Maribor, njegova okolica, prebivalci
            in zgodovina. Vzporedno s tem želijo predstaviti Maribor v 19. stoletju, ki je bil čas vzpona meščanstva,
            industrijske revolucije, pomladi narodov in oblikovanja narodne zavesti," je povedal kustos Oskar Habjanič.
            Po vzpostavljenih depojih pohištva in slikarstva bodo odprli še depo kiparstva, kjer bodo predstavili
            najpomembnejša dela iz zbirke, ki so bila zaradi obnove grajske stavbe, ki se znova odmika, umaknjena v
            skladišča, je pojasnila kustosinja dr. Valentina Bevc Varl. V razstavišču v Kinu Partizan bo še naprej na
            ogled razstava Kri iz večernih sladkih oblakov na temo prve svetovne vojne. V okviru projekta Poti obrti
            bodo letos kot peto postajo odprli zlatarsko delavnico Klare Kačinari. Mesec mode v muzeju bo v znamenju 50.
            let 20. stoletja. Nadaljevali bodo z muzejskimi večeri in vrsto pedagoških programov pod vodstvom Draga
            Omana. Novost bodo družinske muzejnice ob sobotnih popoldnevih, ki jih bo izvajala Andreja Pliberšek.
            Ker jim zavod za zaposlovanje ni odobril dovolj zaposlenih preko programa javnih del, so bili prisiljeni
            skrajšati tudi delovni čas. Muzej tako ne bo več odprt ob nedeljah in praznikih, ampak le od torka do sobote
            od 10. do 18. ure. Prav tako so se morali odreči načrtom, da bi prevzeli skrb nad zvonikom mariborske stolne
            cerkve, kjer so v okviru Evropske prestolnice kulture leta 2012 postavili razstavo o nekdanjih mestnih
            čuvajih.
        </article-text>
        <article-text-transliterated>Jutri v Pokrajinskem muzeju Maribor odpirajo novo razstavo, čeprav so trenutno
            financirani le po dvanajstinah. Četudi od ministrstva za kulturo še niso pridobili pogodbe o sofinanciranju,
            so v Pokrajinskem muzeju Maribor odločeni, da bodo letošnji program izpeljali, kot so ga zastavili.
            Direktorica muzeja Mirjana Koren je opozorila, da niso 200-članski ansambel, vseh zaposlenih v muzeju je
            šestnajst, a da bodo kljub temu veliko naredili. Letošnja odločitev ministrstva jo čudi: "Pretekla leta je
            bilo v pogodbi zapisano, da v se primeru rebalansa proračuna tudi pogodba ustrezno spremeni. Tokrat je treba
            čakati na sprejem rebalansa, zato smo financirani po dvanajstinah."
            Na enakem so tačas vsi zavodi na področju kulture. V ministrstvu za kulturo se sklicujejo na sklep vlade o
            začasnem zadržanju izvrševanja posameznih izdatkov državnega proračuna za leto 2015. Zato so izdali začasne
            odločbe oziroma pogodbe o financiranju. "Pričakuje se, da bo rebalans v državnem zboru okvirno potrjen konec
            februarja," so še dodali. Lani je Pokrajinski muzej od ministrstva dobil 488.632 evrov, Mestna občina
            Maribor, ki je tudi njegova ustanoviteljica, je prispevala 107.159 evrov, skupaj je njihov lanski proračun
            torej znašal 595.791 evrov.
            Kljub trenutnim finančnim oviram bodo v muzeju že jutri, 4. februarja, ob 11. uri odprli novo razstavo
            Bojevniki Miljenka Sekulića v grajski bastiji. V dolgoročno varstvo so namreč dobili del kostumov iz
            gledališke predstave Oresteia, ki jo je SNG Maribor na oder postavilo leta 1993. Maske in poprsja je takrat
            izdelal akademski kipar Miljenko Sekulić. Z njimi bodo dopolnili stalno muzejsko razstavo orožja v grajski
            bastiji. "S soočenjem avtentičnega orožja iz muzejske zbirke in gledaliških mask sledimo svoji programski
            usmeritvi soočanja starega z novim ter avtentičnega z interpretiranim in s tem ponujamo možnosti za
            doživetje in razmislek," je dejala Korenova.
            Sicer pa med februarjem in decembrom pripravljajo razstavo, posvečeno mariborskemu profesorju in kulturnemu
            ustvarjalcu Rudolfu Gustavu Puffu. Rodil se je leta 1808 v Holzbauereggu na današnjem avstrijskem
            Štajerskem, leta 1832 pa se je zaposlil kot profesor na mariborski gimnaziji. Bil je eden od glavnih
            pobudnikov gradnje mestnega gledališča, je tudi častni meščana mesta ... Čeprav je bil Nemec, je spodbujal
            učenje slovenskega jezika. Ljubezen do mesta je izpričal v svoji knjigi Maribor, njegova okolica, prebivalci
            in zgodovina. Vzporedno s tem želijo predstaviti Maribor v 19. stoletju, ki je bil čas vzpona meščanstva,
            industrijske revolucije, pomladi narodov in oblikovanja narodne zavesti," je povedal kustos Oskar Habjanič.
            Po vzpostavljenih depojih pohištva in slikarstva bodo odprli še depo kiparstva, kjer bodo predstavili
            najpomembnejša dela iz zbirke, ki so bila zaradi obnove grajske stavbe, ki se znova odmika, umaknjena v
            skladišča, je pojasnila kustosinja dr. Valentina Bevc Varl. V razstavišču v Kinu Partizan bo še naprej na
            ogled razstava Kri iz večernih sladkih oblakov na temo prve svetovne vojne. V okviru projekta Poti obrti
            bodo letos kot peto postajo odprli zlatarsko delavnico Klare Kačinari. Mesec mode v muzeju bo v znamenju 50.
            let 20. stoletja. Nadaljevali bodo z muzejskimi večeri in vrsto pedagoških programov pod vodstvom Draga
            Omana. Novost bodo družinske muzejnice ob sobotnih popoldnevih, ki jih bo izvajala Andreja Pliberšek.
            Ker jim zavod za zaposlovanje ni odobril dovolj zaposlenih preko programa javnih del, so bili prisiljeni
            skrajšati tudi delovni čas. Muzej tako ne bo več odprt ob nedeljah in praznikih, ampak le od torka do sobote
            od 10. do 18. ure. Prav tako so se morali odreči načrtom, da bi prevzeli skrb nad zvonikom mariborske stolne
            cerkve, kjer so v okviru Evropske prestolnice kulture leta 2012 postavili razstavo o nekdanjih mestnih
            čuvajih.
        </article-text-transliterated>
    </article>
    <comments>
        <comments-count>0</comments-count>
        <comment-list/>
    </comments>
</document>