<document global-id="si-04-1057">
    <url>https://www.vecer.com/201508076133913-6133913</url>
    <source-id>si-04</source-id>
    <local-id>1057</local-id>
    <source-name>Večer</source-name>
    <article>
        <article-title>Cirkovčani prijateljsko v Crikvenici</article-title>
        <article-title-transliterated>Cirkovčani prijateljsko v Crikvenici</article-title-transliterated>
        <article-time>2015-08-07</article-time>
        <article-author>DOBNIK SLAVKO</article-author>
        <article-text>Pretekli konec tedna se je Prosvetno društvo Cirkovce odzvalo povabilu Turistićke zajednice Grada
            Crikvenica iz Hrvaške in pripravilo predstavitev štirih sekcij društva na glavnem odru v centru Crikvenice.
            "Prva je na oder stopila Mini godba Pepi Krulet in že na začetku z nekaj udarnimi narodno-zabavnimi
            skladbami razživela preko 1500 ljudi, ki so tudi zaplesali. Kako se je včasih igralo na glavnik, lončeni
            pisker in harmoniko, so prikazale Vesele Polanke, ki jih je publika spremljala z velikim zanimanjem. Splet
            štajerskih plesov je prikazala Folklorna skupina Vinka Koržeta - veterani, ki velja za eno najstarejših
            skupin v Sloveniji. Na koncu prvega dela je nastopil Tamburaški orkester Cirkovce, ki letos praznuje 40 let
            delovanja. Zaigrali smo nekaj slovenskih, nekaj evergreenov ter nekaj modernih skladb, za katere je priredbo
            napisal dirigent Drago Klein, s solisti na flavti, klarinetu in vokalistko," dogajanje opisuje Vlado Brglez,
            član tamburašev.
            Tamburaši so v drugem delu nastopa Slavku Avseniku v spomin zaigrali skladbo Slovenija, od kod lepote tvoje
            in Mini godba Pepi Krulet vsem znano skladbo Na Golici. Program je odlično v treh jezikih povezoval
            Cirkovčan Tomaž Dietinger, da pa je po Crikvenici zadišalo, je poskrbela Kmečka pekarna Marije Metličar s
            svojimi domačimi dobrotami. "Domačini so bili nad našo predstavitvijo navdušeni," še pridaja Brglez. "V
            Crikvenici smo dokazali, da je kultura pred politiko, da se z glasbo, petjem in plesom v času, ko so glave
            razgrete, ozračje napeto in je politični dialog med dvema državama na dnu, lahko pozabi na razlike in meje."
        </article-text>
        <article-text-transliterated>Pretekli konec tedna se je Prosvetno društvo Cirkovce odzvalo povabilu Turistićke
            zajednice Grada Crikvenica iz Hrvaške in pripravilo predstavitev štirih sekcij društva na glavnem odru v
            centru Crikvenice. "Prva je na oder stopila Mini godba Pepi Krulet in že na začetku z nekaj udarnimi
            narodno-zabavnimi skladbami razživela preko 1500 ljudi, ki so tudi zaplesali. Kako se je včasih igralo na
            glavnik, lončeni pisker in harmoniko, so prikazale Vesele Polanke, ki jih je publika spremljala z velikim
            zanimanjem. Splet štajerskih plesov je prikazala Folklorna skupina Vinka Koržeta - veterani, ki velja za eno
            najstarejših skupin v Sloveniji. Na koncu prvega dela je nastopil Tamburaški orkester Cirkovce, ki letos
            praznuje 40 let delovanja. Zaigrali smo nekaj slovenskih, nekaj evergreenov ter nekaj modernih skladb, za
            katere je priredbo napisal dirigent Drago Klein, s solisti na flavti, klarinetu in vokalistko," dogajanje
            opisuje Vlado Brglez, član tamburašev.
            Tamburaši so v drugem delu nastopa Slavku Avseniku v spomin zaigrali skladbo Slovenija, od kod lepote tvoje
            in Mini godba Pepi Krulet vsem znano skladbo Na Golici. Program je odlično v treh jezikih povezoval
            Cirkovčan Tomaž Dietinger, da pa je po Crikvenici zadišalo, je poskrbela Kmečka pekarna Marije Metličar s
            svojimi domačimi dobrotami. "Domačini so bili nad našo predstavitvijo navdušeni," še pridaja Brglez. "V
            Crikvenici smo dokazali, da je kultura pred politiko, da se z glasbo, petjem in plesom v času, ko so glave
            razgrete, ozračje napeto in je politični dialog med dvema državama na dnu, lahko pozabi na razlike in meje."
        </article-text-transliterated>
    </article>
    <comments>
        <comments-count>0</comments-count>
        <comment-list/>
    </comments>
</document>