<document global-id="si-04-1214">
    <url>https://www.vecer.com/201510296154131-6154131</url>
    <source-id>si-04</source-id>
    <local-id>1214</local-id>
    <source-name>Večer</source-name>
    <article>
        <article-title>Deželni zbor avstrijske Koroške sprejel reformo deželne ustave</article-title>
        <article-title-transliterated>Deželni zbor avstrijske Koroške sprejel reformo deželne ustave
        </article-title-transliterated>
        <article-time>2015-10-29</article-time>
        <article-author>spletno uredništvo, sta</article-author>
        <article-text>Deželni zbor avstrijske Koroške je danes sprejel reformo deželne ustave, v kateri je prvič
            omenjena slovenska manjšina. Za spremembo deželne ustave so glasovali poslanci socialdemokratov, ljudske
            stranke, Zeleni in Team Stronach.

            Razprava, na kakšen način bo manjšina omenjena v deželni ustavi, je trajala dlje časa, na koncu pa so se
            uskladili za besedilo, ki pravi, da "dežela Koroška priznava svojo prvobitno jezikovno in kulturno
            raznolikost, ter da je treba spoštovati, varovati in podpirati jezik, kulturo, tradicijo in kulturno
            dediščino. Skrb dežele in občin velja enakovredno tako za nemško kot slovensko govoreče prebivalce dežele".

            Narodni svet koroških Slovencev (NSKS) je v odzivu za STA poudaril, da krovne organizacije koroških
            Slovencev niso bile povabljene na noben pogovor glede ustavnih sprememb in v luči predlogov manjšinskih
            organizacij izrazil razočaranje nad reformo.

            "Če se pa na drugi strani spomnimo na to, da nas najprej sploh niso hoteli omeniti, sedanja formulacija
            pomeni, da imamo več kot smo imeli prej (...) Upanje torej živi, konkreten test za ustavo bo pa bodoče
            realno življenje manjšine na terenu," so ocenili v NSKS.

            Manjšinske organizacije so namreč med drugim zahtevale jasno omembo narodne skupnosti, ombudsmana za
            manjšino in vrsto drugih predlogov in nasploh načelno enakopravnost manjšine.

            Kot so še dodali, so tri manjšinske organizacije pred več kot letom dni deželni vladi poslale omenjene
            skupne predloge, NSKS pa je poleg tega zahteval tudi mandat v deželnem zboru, a niso dobile nobenega
            odgovora.

            Na slovenskem ministrstvu za zunanje zadeve so v odzivu poudarili, da je za koroške Slovence najpomembnejša
            novost, da bodo prvič v zgodovini dežele v ustavi izrecno omenjeni.

            "V osnovi gre pri tem za ustavno določilo in simbolni akt, ki med drugim govori tudi o spremenjenem vzdušju
            na avstrijskem Koroškem, in s katerim se odpirajo možnosti za nadaljnjo krepitev manjšinskih pravic,
            dvojezičnega šolstva in položaja slovenščine v javnem življenju" avstrijske Koroške, še ocenjujejo na MZZ.

            Ob tem so še izpostavili, da Slovenija poudarja, da obstoj in razvoj slovenske manjšine na avstrijskem
            Koroškem in Štajerskem v prvi vrsti zagotavlja avstrijska državna pogodba, kar tudi izhaja iz nedavno
            sprejete zunanjepolitične strategija Republike Slovenije.

            Od Avstrije Slovenija pričakuje, da bo z novimi ukrepi, ki bodo temeljili na mednarodnopravnih obvezah
            Avstrije do varstva slovenske manjšine, omogočila njen obstoj in krepitev na avstrijskem Koroškem in
            Štajerskem, so v odzivu za STA še poudarili na MZZ.

            Jedro ustavne reforme je sicer odprava t. i. proporca v deželni vladi. Na avstrijskem Koroškem bodo tako
            poslej imeli večinski, koalicijski sistem pri sestavi vlade namesto proporca, ki je doslej določal, da imajo
            svoje mesto v vladi vse stranke, ki so zastopane v deželnem zboru. Reforma tudi prinaša večjo delitev
            pristojnosti med deželno vlado in deželnim zborom.

            V razpravi pred sprejemom so spremembe deželne ustave kritizirali poslanci iz vrst svobodnjakov in
            Zavezništva za prihodnost Avstrije, poroča avstrijska tiskovna agencija APA.

            Deželni glavar avstrijske Koroške Peter Kaiser iz vrst socialdemokratov je dejal, da gre za "zgodovinski
            dan". Izpostavil je, da je deželni zbor s spremembo ustave dobil nadzorne pravice.

            Predvidoma naj bi nova ustava začela veljati prihodnje leto.
        </article-text>
        <article-text-transliterated>Deželni zbor avstrijske Koroške je danes sprejel reformo deželne ustave, v kateri
            je prvič omenjena slovenska manjšina. Za spremembo deželne ustave so glasovali poslanci socialdemokratov,
            ljudske stranke, Zeleni in Team Stronach.

            Razprava, na kakšen način bo manjšina omenjena v deželni ustavi, je trajala dlje časa, na koncu pa so se
            uskladili za besedilo, ki pravi, da "dežela Koroška priznava svojo prvobitno jezikovno in kulturno
            raznolikost, ter da je treba spoštovati, varovati in podpirati jezik, kulturo, tradicijo in kulturno
            dediščino. Skrb dežele in občin velja enakovredno tako za nemško kot slovensko govoreče prebivalce dežele".

            Narodni svet koroških Slovencev (NSKS) je v odzivu za STA poudaril, da krovne organizacije koroških
            Slovencev niso bile povabljene na noben pogovor glede ustavnih sprememb in v luči predlogov manjšinskih
            organizacij izrazil razočaranje nad reformo.

            "Če se pa na drugi strani spomnimo na to, da nas najprej sploh niso hoteli omeniti, sedanja formulacija
            pomeni, da imamo več kot smo imeli prej (...) Upanje torej živi, konkreten test za ustavo bo pa bodoče
            realno življenje manjšine na terenu," so ocenili v NSKS.

            Manjšinske organizacije so namreč med drugim zahtevale jasno omembo narodne skupnosti, ombudsmana za
            manjšino in vrsto drugih predlogov in nasploh načelno enakopravnost manjšine.

            Kot so še dodali, so tri manjšinske organizacije pred več kot letom dni deželni vladi poslale omenjene
            skupne predloge, NSKS pa je poleg tega zahteval tudi mandat v deželnem zboru, a niso dobile nobenega
            odgovora.

            Na slovenskem ministrstvu za zunanje zadeve so v odzivu poudarili, da je za koroške Slovence najpomembnejša
            novost, da bodo prvič v zgodovini dežele v ustavi izrecno omenjeni.

            "V osnovi gre pri tem za ustavno določilo in simbolni akt, ki med drugim govori tudi o spremenjenem vzdušju
            na avstrijskem Koroškem, in s katerim se odpirajo možnosti za nadaljnjo krepitev manjšinskih pravic,
            dvojezičnega šolstva in položaja slovenščine v javnem življenju" avstrijske Koroške, še ocenjujejo na MZZ.

            Ob tem so še izpostavili, da Slovenija poudarja, da obstoj in razvoj slovenske manjšine na avstrijskem
            Koroškem in Štajerskem v prvi vrsti zagotavlja avstrijska državna pogodba, kar tudi izhaja iz nedavno
            sprejete zunanjepolitične strategija Republike Slovenije.

            Od Avstrije Slovenija pričakuje, da bo z novimi ukrepi, ki bodo temeljili na mednarodnopravnih obvezah
            Avstrije do varstva slovenske manjšine, omogočila njen obstoj in krepitev na avstrijskem Koroškem in
            Štajerskem, so v odzivu za STA še poudarili na MZZ.

            Jedro ustavne reforme je sicer odprava t. i. proporca v deželni vladi. Na avstrijskem Koroškem bodo tako
            poslej imeli večinski, koalicijski sistem pri sestavi vlade namesto proporca, ki je doslej določal, da imajo
            svoje mesto v vladi vse stranke, ki so zastopane v deželnem zboru. Reforma tudi prinaša večjo delitev
            pristojnosti med deželno vlado in deželnim zborom.

            V razpravi pred sprejemom so spremembe deželne ustave kritizirali poslanci iz vrst svobodnjakov in
            Zavezništva za prihodnost Avstrije, poroča avstrijska tiskovna agencija APA.

            Deželni glavar avstrijske Koroške Peter Kaiser iz vrst socialdemokratov je dejal, da gre za "zgodovinski
            dan". Izpostavil je, da je deželni zbor s spremembo ustave dobil nadzorne pravice.

            Predvidoma naj bi nova ustava začela veljati prihodnje leto.
        </article-text-transliterated>
    </article>
    <comments>
        <comments-count>0</comments-count>
        <comment-list/>
    </comments>
</document>