<document global-id="si-04-1263">
    <url>https://www.vecer.com/dnevnik-zastekali-so-ne-vecina-ampak-dovolj-6568118</url>
    <source-id>si-04</source-id>
    <local-id>1263</local-id>
    <source-name>Večer</source-name>
    <article>
        <article-title>Dnevnik: Zaštekali so. Ne večina, ampak dovolj</article-title>
        <article-title-transliterated>Dnevnik: Zaštekali so. Ne večina, ampak dovolj</article-title-transliterated>
        <article-time>2018-09-15</article-time>
        <article-author>Tanja Cvitko</article-author>
        <article-text>/ PETEK, 7. SEPTEMBER
            Prvi festivalski dan. "Kakšen festival? Kaj je to? Skuštrano in bradato? Neka bedarija. Mularija se nekaj
            gre. Aja, čakaj malo. Festival enakosti. To je tisto nekaj s feministkami." Morala sem uporabiti sarkazem za
            ponazoritev tega, kako me ljudje ne jemljejo resno in koliko se nekdo, ki v rokah drži pomembno zadevo, s
            potenciali za močne družbene učinke – mora dokazovati in kričati in riniti in riniti in verjeti v to svojo
            zadevo, ko ne verjame nihče drug. Dragi prijatelj Marko Soršak - Soki mi je v podkastu, ki sva ga posnela
            pred enim letom, rekel, citiram: "Ker v revoluciji se moraš fejst boriti, fejst vlagati sebe in se boriti
            proti nekemu sistemu. Enkrat začneš zgubljati moč. In če si sam, si zelo nepodprt in - izgubiš bitko. To je
            povezano z vsemi dejavnostmi, ne samo z glasbo. (...) Revolucija je bila vedno delana z rokami." Kakšna
            revolucija? O čem zdaj tvezi? Revolucija rušenja ustaljenih/privzgojenih vzorcev mišljenja. Veste tisto:
            "Moški so z Marsa, ženske so z Venere?" Koliko vas kima? Koliko vas odkimava? Če bi se potrudili ...
            Poslušati eni druge, bi se boljše razumeli in takšne primerjave ne bi bile potrebne. Poslušati in slišati.
            Napeljala sem vodo na mlin glasbe, na mlin kulture in umetnosti kot univerzalnih jezikov, ki jih razumemo
            vsi. TO počne festival enakosti. Ne prizadeva si za kvote v glasbi (kultura in umetnosti). Prizadeva si za –
            dialog. Podpirajo me. Zaštekali so. Ne večina, ampak dovolj. Za zdaj. KUD Coda – gledam vas. Prvi
            festivalski dan je potekal v jazz klubu Satchmo, s skupinama MHM (lokalci, trije dobri pubeci) in NoAir s
            Primorskega. Dober rock, lepo podprt pri publiki, čeprav so se za našo ciljno publiko na isti večer odvijali
            tudi mamljivi koncerti na drugih lokacijah po mestu. Kaj sem se naučila? Maribor ima veliko publike. Kako jo
            privabiti in kako ta publika razmišlja ... se bom še učila nekaj časa.
            / SOBOTA, 8. SEPTEMBER
            Drugi festivalski dan. Novo prizorišče. MC Pekarna. Rojstni kraj festivala, ki se je začel lani v tem času.
            Alternativna, underground prizorišča so vedno bila nosilec aktivizma, ker so borijo za preživetje na robu
            sistema. Zunaj sistema. V svojem sistemu. Kar pa ne pomeni, da se tudi ta sistem ne sme izzivati. Spraševati
            o ustaljenih vzorcih, na katere s(m)o navajeni. Ko sem začela delati v Pekarni, znotraj alternativne scene,
            za katero so značilne temne barve (mnogi odtenki črne), sem si začela barvati lase v rožnate barve. In
            nositi rožnate odtenke. Postala sem upornica znotraj upornikov. Pinki Tanja. Kajti barva ne opredeljuje
            človeka. Pravijo, da si človek družine ne more izbrati. Dobiš, kar dobiš. Nekako tako je z mariborskimi
            skupnostmi, vozlišči kreativcev, ustvarjalcev, umetnikov, aktivistov. Imamo veliko žarišč, vsako sije po
            svoje, oddaja svoje barve, igra svoje note, pa vseeno poglede vleče drugam ... k sosedom. Z bolj-ali-manj
            prisotno favšijo. Odvisno, kakšnega ekonomskega statusa in standarda je sosed. Koliko bogat je. Kakšen avto
            vozi. Denar je prekletstvo. Vsi se lahko tolčemo po prsih in pišemo velikanske grafite € (srce je večje od
            denarja), v končni fazi je čisto in popolnoma vsakogar možno kupiti. Veste tisto mariborsko, nad Udarnikom:
            "Please be honest now"? Kupljivi smo. VSI. Ko se vsak pri sebi tega zave, bo mogoče manj kazal s prstom na
            druge. Koncertna nastopa skupin Old Bridge Cartel in HELLCATS sta zaključila dan. "Vanesin bend" (Old Bridge
            Cartel) vedno rada gostim, ker so nastali za prvo izvedbo festivala, in je to eden izmed merljivih učinkov
            festivalske družbeno angažirane note, kot ji pravim. V slušalkah v ušesih mi odmeva glas Grace Slick in
            psihedeličen White Rabbit. "Feed your head." Himna o radovednosti, kot jo je sama opredelila.
            / NEDELJA 9. SEPTEMBER
            Tretji festivalski dan. Prvi dan festivalskih aktivnosti v Vetrinjskem dvoru. Pa še nedelja. Začetek dneva
            je bil obetaven, logistično-izvedbene podrobnosti so padle na svoje mesto, nakar ... Zadnje desetletje delam
            na festivalih (med drugim), sem izurjeni maček. V idejnih predpripravah, miselnih pripravah, konkretnih
            pripravah, izvedbi in vsem, kar sledi za tem. Tudi umazano delo – od stranišč do birokracije. Odpovedi se
            dogajajo, plani se rušijo. Sodelavci odpovedujejo. Nastopajoči odpovedujejo. Dogovori padajo v vodo.
            Dogovori se spreminjajo. Padejo dež, sneg, toča. Posije sonce, nastopita vročinski val, sopara. Dehidracija.
            Kot v življenju. Lahko si pripravljaš možne scenarije, misliš, da si pripravljen na skoraj vse, da si
            pomislil na vse podrobnosti, da imaš plane B in C in D ... "za vsak slučaj", nakar ... po besedah Terryja
            Pratchetta: "Most gods throw dice, but Fate plays chess, and you don't find out til too late that he's been
            playing with two queens all along." (Večina bogov meče kocke, vendar Usoda igra šah in povsem prepozno
            izveš, da ves čas igra z dvema kraljicama.) Kakorkoli obrneš, izgubil boš, človek. Izgubljaš. Razen, če igro
            obrneš v svojo prid. Kako? Ne povem. Oziroma ... ponovila se bom: kupljiva sem. Kantavator Martin Ramoveš,
            avtor festivalske karikature, je odprl dneve Vetrinjskega dvora, LASYE so odpovedali nastop zaradi
            zdravstvenih težav, vskočili so Whiskey Wildcats. Škoda, da Maribor ob nedeljah zvečer – spi.

            / PONEDELJEK, 10. SEPTEMBER
            Četrti festivalski dan. Drugi dan v Vetrinjskem dvoru. Oreh v dvorišču, pod katerim na ravno pravšnjem odru
            nastopajo skuštranke in bradači, je nepredvidljiv. Obmetava nas s svojimi sadovi. Kar niti ni toliko
            napačno. Veste tisto montypythonovsko: "And now for something completely different?" No, to je oreh, ki pade
            predte. Maribor pa itak na vsakem koraku preveva komedija Monty Python. Dvema prijateljema sem podarila
            helikopterske čepice. S kazalcem zavrtiš helikopterček na vrhu glave in rahlo psihopatsko rečeš:
            "Ma-ri-bor." Smo se nasmejali do solz. Ka pa te češ drugega? Jamrali bomo? Resno? A ni že dovolj tega?
            Čvekanja na kavicah, na pirih v gostilnah, po družabnih omrežjih, tvitanja, člankov in kolumen na temo: "Naj
            nekdo nekaj naredi." ali "Vete, kaj bi bilo treba naredit." ali "Takle mamo." ali "Jaz imam to za povedat,
            vi pa kak čete." To je še vedno govorjenje v prazno. Naredi, kolikor sam zmoreš. Opazili bodo. Pridružili se
            bodo. Ti nekaj naredi. TI. Če znaš drugim solit pamet. Te pa daj. Na. Maribor je tvoj. "A neeee, to pa ni
            moje delo. Drugi so plačani za to." Aha. Okej. Iiiiiiiiin smo spet pri denarju. V ušesih mi odmeva Ennio
            Morricone. For a Few Dollars More. Dan so z nastopom zaključile prekrasne Vokalke iz KUD Coda in moja draga
            prijatelja Metka in Matic kot glasbeni duet. Učbeniški primer tistega, za kar si prizadevam skozi
            festivalsko idejo. Dejansko sta festivalska ambasadorja, ne da bi se tega sploh zavedala. Poimenovanja niso
            pomembna. Dejanja so pomembna.
            / TOREK, 11. SEPTEMBER
            Peti festivalski dan. Tretji dan Vetrinjca. Ne spim kaj dosti. Veliko ljudi me je že v zadnjih dveh letih
            vprašalo: "A ti sploh kaj spiš?" Niti ne. Itak od najstništva trpim od nespečnosti. Narobe. Do pred nekaj
            leti sem "trpela", nato sem nespečnost sprejela kot del sebe in v njej, iskreno – uživam. Nočni čas, okoli
            treh zjutraj, je moj čas. Če imam navaden dan, se zbudim sama od sebe, in namesto da me odpelje v globine
            lastnega uma in vseh skrivnosti človeštva, kar zna postati nevarno za mentalno zdravje, se zaposlim. Ali
            grem na sprehod. Fotkam kanalizacijske pokrove za instagram. (Aha. Pokrove od kanalizacije. Zakaj? Ker so mi
            kul. Ker tega noben drug ne počne. Ker me to sprošča in zabava. Ker jih zaznavam in jih do zdaj nisem.) Ali
            grafite. Ker jih je nekdo naredil. Nekdo je moral nekaj povedati in ga poslušam. Vsaj v teh nekaj trenutkih
            pozornosti, dokler stisnem fotkico, ki, upam, da sporoča: "Meni je mar. Vidim te. Nisi sam." Danes sem v
            Vetrinjcu gostila lutkovno predstavo Netopirček in sraka dragih nekdanjih sodelavcev iz društva Indijanez.
            Obiskali so jo 3- do 5-letniki. Vesela sem, da so jim lutkarji dovolili pretipati ročno ustvarjene lutke,
            najbolj pa me je presenetil odziv otrok – name. Ob odhodu so me objemali: "Kako je tebi ime? Zakaj imaš
            netopirje uhane? Kaj to imaš na obleki? Zakaj imaš te vijolične vezalke? Zakaj imaš take lase? Se vidimo še
            kdaaaaaaaaj." Seveda, otročki. Ostanite otroci, čim dlje bo šlo.Dan je zaključil pogovor s Strici iz ozadja
            in njihov glasbeni nastop. Prvič v slovenski zgodovini smo za omizjem videli tiste, ki upravljajo z
            marionetami. Frendica sem z njimi. Domišljam si, da sem nevarna.
            / SREDA, 12. SEPTEMBER
            Šesti festivalski dan. Četrti dan Vetrinjca. Postajam nejevoljna, ampak se kontroliram. Kako smo že rekli na
            začetku? Naj se citiram: "Kakorkoli obrneš, izgubil boš, človek. Izgubljaš." Razen ... Hm. Verjamem v karmo.
            Najde pravo pot, prej ali slej. Tako kot jaz, skozi projektni menedžment in projektno delo. Če veš pri sebi,
            da si od sebe oddal maksimum in še malo preko, za vsak slučaj, je to povsem dovolj. Ker v končni fazi
            odgovarjamo sami sebi. Vsak je svoje sreče kovač in vsak – je zase svoj šef. Ali, z drugimi besedami:
            najprej si uredi svoje podstrešje ali pometi pred svojim pragom. S tem daješ zgled za ostale. Mogoče jim bo
            všeč in te vprašajo, kako si to naredil. To ni "soljenje pameti". To je "prenos primerov dobre
            prakse".Glasbeno-plesni performans MoonRaya za butično publiko, jazz duet Patricija in Tilen ter razdivjani
            mladi rokeri Meter ograje, ki so si sami rekli "meter zajebancije". Sepate. Perfekten zaključek večera.
            / ČETRTEK, 13. SEPTEMBER
            Sedmi festivalski dan. Peti dan v Vetrinjskem dvoru. Razjezili so me. Spet. S tem ni čisto nič narobe. Smo
            ljudje ali nismo? Jeza je zgolj eno izmed čustev v neskončnem spektru z mnogimi barvnimi odtenki. Pravzaprav
            jo imam za pozitivno čustvo, ker aktivira. Sproža reakcijo. Na vsakem posamezniku pa je, da z jezo upravlja
            in jo konstruktivno usmeri. Če je tega zmožen znotraj svojih meja tolerance. Če ni, tudi s tem ni nič
            narobe. Najslabša možna odločitev je (samo)destrukcija, ker je ustrezna v zelo zelo redkih primerih.
            Nekajkrat sem bila na robu in sem se zvlekla. Jeza me je zvlekla. Nimajo me zaman za panker'co. Če kdo ni
            vedel.V ušesih mi odmevajo Pixies. Where is my Mind. Tu nekje je. Saj pride nazaj.
        </article-text>
        <article-text-transliterated>/ PETEK, 7. SEPTEMBER
            Prvi festivalski dan. "Kakšen festival? Kaj je to? Skuštrano in bradato? Neka bedarija. Mularija se nekaj
            gre. Aja, čakaj malo. Festival enakosti. To je tisto nekaj s feministkami." Morala sem uporabiti sarkazem za
            ponazoritev tega, kako me ljudje ne jemljejo resno in koliko se nekdo, ki v rokah drži pomembno zadevo, s
            potenciali za močne družbene učinke – mora dokazovati in kričati in riniti in riniti in verjeti v to svojo
            zadevo, ko ne verjame nihče drug. Dragi prijatelj Marko Soršak - Soki mi je v podkastu, ki sva ga posnela
            pred enim letom, rekel, citiram: "Ker v revoluciji se moraš fejst boriti, fejst vlagati sebe in se boriti
            proti nekemu sistemu. Enkrat začneš zgubljati moč. In če si sam, si zelo nepodprt in - izgubiš bitko. To je
            povezano z vsemi dejavnostmi, ne samo z glasbo. (...) Revolucija je bila vedno delana z rokami." Kakšna
            revolucija? O čem zdaj tvezi? Revolucija rušenja ustaljenih/privzgojenih vzorcev mišljenja. Veste tisto:
            "Moški so z Marsa, ženske so z Venere?" Koliko vas kima? Koliko vas odkimava? Če bi se potrudili ...
            Poslušati eni druge, bi se boljše razumeli in takšne primerjave ne bi bile potrebne. Poslušati in slišati.
            Napeljala sem vodo na mlin glasbe, na mlin kulture in umetnosti kot univerzalnih jezikov, ki jih razumemo
            vsi. TO počne festival enakosti. Ne prizadeva si za kvote v glasbi (kultura in umetnosti). Prizadeva si za –
            dialog. Podpirajo me. Zaštekali so. Ne večina, ampak dovolj. Za zdaj. KUD Coda – gledam vas. Prvi
            festivalski dan je potekal v jazz klubu Satchmo, s skupinama MHM (lokalci, trije dobri pubeci) in NoAir s
            Primorskega. Dober rock, lepo podprt pri publiki, čeprav so se za našo ciljno publiko na isti večer odvijali
            tudi mamljivi koncerti na drugih lokacijah po mestu. Kaj sem se naučila? Maribor ima veliko publike. Kako jo
            privabiti in kako ta publika razmišlja ... se bom še učila nekaj časa.
            / SOBOTA, 8. SEPTEMBER
            Drugi festivalski dan. Novo prizorišče. MC Pekarna. Rojstni kraj festivala, ki se je začel lani v tem času.
            Alternativna, underground prizorišča so vedno bila nosilec aktivizma, ker so borijo za preživetje na robu
            sistema. Zunaj sistema. V svojem sistemu. Kar pa ne pomeni, da se tudi ta sistem ne sme izzivati. Spraševati
            o ustaljenih vzorcih, na katere s(m)o navajeni. Ko sem začela delati v Pekarni, znotraj alternativne scene,
            za katero so značilne temne barve (mnogi odtenki črne), sem si začela barvati lase v rožnate barve. In
            nositi rožnate odtenke. Postala sem upornica znotraj upornikov. Pinki Tanja. Kajti barva ne opredeljuje
            človeka. Pravijo, da si človek družine ne more izbrati. Dobiš, kar dobiš. Nekako tako je z mariborskimi
            skupnostmi, vozlišči kreativcev, ustvarjalcev, umetnikov, aktivistov. Imamo veliko žarišč, vsako sije po
            svoje, oddaja svoje barve, igra svoje note, pa vseeno poglede vleče drugam ... k sosedom. Z bolj-ali-manj
            prisotno favšijo. Odvisno, kakšnega ekonomskega statusa in standarda je sosed. Koliko bogat je. Kakšen avto
            vozi. Denar je prekletstvo. Vsi se lahko tolčemo po prsih in pišemo velikanske grafite € (srce je večje od
            denarja), v končni fazi je čisto in popolnoma vsakogar možno kupiti. Veste tisto mariborsko, nad Udarnikom:
            "Please be honest now"? Kupljivi smo. VSI. Ko se vsak pri sebi tega zave, bo mogoče manj kazal s prstom na
            druge. Koncertna nastopa skupin Old Bridge Cartel in HELLCATS sta zaključila dan. "Vanesin bend" (Old Bridge
            Cartel) vedno rada gostim, ker so nastali za prvo izvedbo festivala, in je to eden izmed merljivih učinkov
            festivalske družbeno angažirane note, kot ji pravim. V slušalkah v ušesih mi odmeva glas Grace Slick in
            psihedeličen White Rabbit. "Feed your head." Himna o radovednosti, kot jo je sama opredelila.
            / NEDELJA 9. SEPTEMBER
            Tretji festivalski dan. Prvi dan festivalskih aktivnosti v Vetrinjskem dvoru. Pa še nedelja. Začetek dneva
            je bil obetaven, logistično-izvedbene podrobnosti so padle na svoje mesto, nakar ... Zadnje desetletje delam
            na festivalih (med drugim), sem izurjeni maček. V idejnih predpripravah, miselnih pripravah, konkretnih
            pripravah, izvedbi in vsem, kar sledi za tem. Tudi umazano delo – od stranišč do birokracije. Odpovedi se
            dogajajo, plani se rušijo. Sodelavci odpovedujejo. Nastopajoči odpovedujejo. Dogovori padajo v vodo.
            Dogovori se spreminjajo. Padejo dež, sneg, toča. Posije sonce, nastopita vročinski val, sopara. Dehidracija.
            Kot v življenju. Lahko si pripravljaš možne scenarije, misliš, da si pripravljen na skoraj vse, da si
            pomislil na vse podrobnosti, da imaš plane B in C in D ... "za vsak slučaj", nakar ... po besedah Terryja
            Pratchetta: "Most gods throw dice, but Fate plays chess, and you don't find out til too late that he's been
            playing with two queens all along." (Večina bogov meče kocke, vendar Usoda igra šah in povsem prepozno
            izveš, da ves čas igra z dvema kraljicama.) Kakorkoli obrneš, izgubil boš, človek. Izgubljaš. Razen, če igro
            obrneš v svojo prid. Kako? Ne povem. Oziroma ... ponovila se bom: kupljiva sem. Kantavator Martin Ramoveš,
            avtor festivalske karikature, je odprl dneve Vetrinjskega dvora, LASYE so odpovedali nastop zaradi
            zdravstvenih težav, vskočili so Whiskey Wildcats. Škoda, da Maribor ob nedeljah zvečer – spi.

            / PONEDELJEK, 10. SEPTEMBER
            Četrti festivalski dan. Drugi dan v Vetrinjskem dvoru. Oreh v dvorišču, pod katerim na ravno pravšnjem odru
            nastopajo skuštranke in bradači, je nepredvidljiv. Obmetava nas s svojimi sadovi. Kar niti ni toliko
            napačno. Veste tisto montypythonovsko: "And now for something completely different?" No, to je oreh, ki pade
            predte. Maribor pa itak na vsakem koraku preveva komedija Monty Python. Dvema prijateljema sem podarila
            helikopterske čepice. S kazalcem zavrtiš helikopterček na vrhu glave in rahlo psihopatsko rečeš:
            "Ma-ri-bor." Smo se nasmejali do solz. Ka pa te češ drugega? Jamrali bomo? Resno? A ni že dovolj tega?
            Čvekanja na kavicah, na pirih v gostilnah, po družabnih omrežjih, tvitanja, člankov in kolumen na temo: "Naj
            nekdo nekaj naredi." ali "Vete, kaj bi bilo treba naredit." ali "Takle mamo." ali "Jaz imam to za povedat,
            vi pa kak čete." To je še vedno govorjenje v prazno. Naredi, kolikor sam zmoreš. Opazili bodo. Pridružili se
            bodo. Ti nekaj naredi. TI. Če znaš drugim solit pamet. Te pa daj. Na. Maribor je tvoj. "A neeee, to pa ni
            moje delo. Drugi so plačani za to." Aha. Okej. Iiiiiiiiin smo spet pri denarju. V ušesih mi odmeva Ennio
            Morricone. For a Few Dollars More. Dan so z nastopom zaključile prekrasne Vokalke iz KUD Coda in moja draga
            prijatelja Metka in Matic kot glasbeni duet. Učbeniški primer tistega, za kar si prizadevam skozi
            festivalsko idejo. Dejansko sta festivalska ambasadorja, ne da bi se tega sploh zavedala. Poimenovanja niso
            pomembna. Dejanja so pomembna.
            / TOREK, 11. SEPTEMBER
            Peti festivalski dan. Tretji dan Vetrinjca. Ne spim kaj dosti. Veliko ljudi me je že v zadnjih dveh letih
            vprašalo: "A ti sploh kaj spiš?" Niti ne. Itak od najstništva trpim od nespečnosti. Narobe. Do pred nekaj
            leti sem "trpela", nato sem nespečnost sprejela kot del sebe in v njej, iskreno – uživam. Nočni čas, okoli
            treh zjutraj, je moj čas. Če imam navaden dan, se zbudim sama od sebe, in namesto da me odpelje v globine
            lastnega uma in vseh skrivnosti človeštva, kar zna postati nevarno za mentalno zdravje, se zaposlim. Ali
            grem na sprehod. Fotkam kanalizacijske pokrove za instagram. (Aha. Pokrove od kanalizacije. Zakaj? Ker so mi
            kul. Ker tega noben drug ne počne. Ker me to sprošča in zabava. Ker jih zaznavam in jih do zdaj nisem.) Ali
            grafite. Ker jih je nekdo naredil. Nekdo je moral nekaj povedati in ga poslušam. Vsaj v teh nekaj trenutkih
            pozornosti, dokler stisnem fotkico, ki, upam, da sporoča: "Meni je mar. Vidim te. Nisi sam." Danes sem v
            Vetrinjcu gostila lutkovno predstavo Netopirček in sraka dragih nekdanjih sodelavcev iz društva Indijanez.
            Obiskali so jo 3- do 5-letniki. Vesela sem, da so jim lutkarji dovolili pretipati ročno ustvarjene lutke,
            najbolj pa me je presenetil odziv otrok – name. Ob odhodu so me objemali: "Kako je tebi ime? Zakaj imaš
            netopirje uhane? Kaj to imaš na obleki? Zakaj imaš te vijolične vezalke? Zakaj imaš take lase? Se vidimo še
            kdaaaaaaaaj." Seveda, otročki. Ostanite otroci, čim dlje bo šlo.Dan je zaključil pogovor s Strici iz ozadja
            in njihov glasbeni nastop. Prvič v slovenski zgodovini smo za omizjem videli tiste, ki upravljajo z
            marionetami. Frendica sem z njimi. Domišljam si, da sem nevarna.
            / SREDA, 12. SEPTEMBER
            Šesti festivalski dan. Četrti dan Vetrinjca. Postajam nejevoljna, ampak se kontroliram. Kako smo že rekli na
            začetku? Naj se citiram: "Kakorkoli obrneš, izgubil boš, človek. Izgubljaš." Razen ... Hm. Verjamem v karmo.
            Najde pravo pot, prej ali slej. Tako kot jaz, skozi projektni menedžment in projektno delo. Če veš pri sebi,
            da si od sebe oddal maksimum in še malo preko, za vsak slučaj, je to povsem dovolj. Ker v končni fazi
            odgovarjamo sami sebi. Vsak je svoje sreče kovač in vsak – je zase svoj šef. Ali, z drugimi besedami:
            najprej si uredi svoje podstrešje ali pometi pred svojim pragom. S tem daješ zgled za ostale. Mogoče jim bo
            všeč in te vprašajo, kako si to naredil. To ni "soljenje pameti". To je "prenos primerov dobre
            prakse".Glasbeno-plesni performans MoonRaya za butično publiko, jazz duet Patricija in Tilen ter razdivjani
            mladi rokeri Meter ograje, ki so si sami rekli "meter zajebancije". Sepate. Perfekten zaključek večera.
            / ČETRTEK, 13. SEPTEMBER
            Sedmi festivalski dan. Peti dan v Vetrinjskem dvoru. Razjezili so me. Spet. S tem ni čisto nič narobe. Smo
            ljudje ali nismo? Jeza je zgolj eno izmed čustev v neskončnem spektru z mnogimi barvnimi odtenki. Pravzaprav
            jo imam za pozitivno čustvo, ker aktivira. Sproža reakcijo. Na vsakem posamezniku pa je, da z jezo upravlja
            in jo konstruktivno usmeri. Če je tega zmožen znotraj svojih meja tolerance. Če ni, tudi s tem ni nič
            narobe. Najslabša možna odločitev je (samo)destrukcija, ker je ustrezna v zelo zelo redkih primerih.
            Nekajkrat sem bila na robu in sem se zvlekla. Jeza me je zvlekla. Nimajo me zaman za panker'co. Če kdo ni
            vedel.V ušesih mi odmevajo Pixies. Where is my Mind. Tu nekje je. Saj pride nazaj.
        </article-text-transliterated>
    </article>
    <comments>
        <comments-count>0</comments-count>
        <comment-list/>
    </comments>
</document>