<document global-id="si-04-1166">
    <url>https://www.vecer.com/dejan-zavec-nisem-naredil-cisto-nic-narobe-6207043</url>
    <source-id>si-04</source-id>
    <local-id>1166</local-id>
    <source-name>Večer</source-name>
    <article>
        <article-title>Dejan Zavec: Nisem naredil čisto nič narobe</article-title>
        <article-title-transliterated>Dejan Zavec: Nisem naredil čisto nič narobe</article-title-transliterated>
        <article-time>2016-04-05</article-time>
        <article-author>sta</article-author>
        <article-text>V medijskih poročilih o skrivanju denarja v davčnih oazah se je izmed slovenskih športnikov v
            največjem viharju znašel najuspešnejši slovenski profesionalni boksar Dejan Zavec, ki je nedavno tega
            zaključil športno pot. Zavec je pojasnil, da denarja nikoli ni skrival, prav tako nikoli ni utajeval davkov.

            Zavec, ki je bil ravno na poti do svojega odvetnika, je dejal, da zadeve sprejema mirno, da pa se bo javno
            odzval, ko se strasti pomirijo. V članku današnje izdaje časnika Delo je avtorica Anuška Delić med drugim
            zapisala, da naj Zavec ne bi podal točnih pojasnil o svojem imetju v tujini in finančnih transakcijah.
            Ptujčan se je danes odzval, "da ni storil ničesar narobe".

            "Osebno sem miren, ker vem, da nisem naredil nič narobe. Kdorkoli najde v članku danes v Delu, da sem
            karkoli naredil narobe ali imel kakršnokoli transakcijo ..., mi zdaj mešamo koruzo in moko, to nima nič
            skupnega z utajo davkov. Čakam, da se stvari umirijo, potem bom razložil stvari, saj se mi zdaj zdi vse
            skupaj neprimerno in neproduktivno, da karkoli razlagam, zaradi tega, ker tisti, ki si mislijo, naj si
            mislijo, tisti, ki pa me poznajo, pa tako vedo, kakšno je dejstvo," je povedal Zavec.

            V milijonih dokumentov, ki so jih pridobili raziskovalni novinarji na čelu z nemškim Süddeutschen Zeitungom,
            v Sloveniji je del poslov ene največjih svetovnih družb za registracijo podjetij v davčnih oazah Mossack
            Fonseca objavilo Delo, se pojavljajo tudi imena športnikov na čelu z argentinskim nogometnim zvezdnikom
            Lionelom Messijem, v Sloveniji je bil najbolj izpostavljen Zavec.

            "Zdi se mi skrajno nedopustno manipuliranje in zelo neprimerno izrazoslovje medijev, ki povzemajo tako, da
            najprej udarijo z novico o davčnih utajah, na koncu pa je kamen spotike podjetje, ki je bilo ustanovljeno.
            Vsi lahko ustanovimo podjetje kjerkoli na svetu, tudi gospod s Fursa je lepo povedal, dokler ni finančnih
            transakcij, ni nobenega spornega dejanja," je o dogajanju dejal Zavec.

            Ptujčan je še enkrat pojasnil, da podjetja v tujini nima. "Nimam podjetja, ne transakcij, ne na Panami, ne
            na Angvili. Da podjetje obstaja, ampak ne posluje in to pomeni, da nisem naredil čisto nič narobe," je dejal
            Zavec.

            Še pred tedni se je ob slovesu od navijačev v mariborski dvorani Tabor spominjal svoje vrhunske kariere,
            zdaj pa se ukvarja z vsem drugim, samo s športom ne. "Zdaj imam nekaj stvari za urediti, na podlagi tega kar
            piše, se nimam kaj pogovarjati v svojem jeziku. Grem do odvetnika, da vidim kako in kaj. Življenje gre
            naprej, na žalost, oziroma čudno je, da v Sloveniji nisem prišel na lestvico najbogatejših 20 ljudi. V
            Panami skrivajo po najmanj 600 milijonov evrov kolikor berem, v Sloveniji pa nisem prišel na lestvico
            najbogatejših, tako da sem malo užaljen," je pojasnil Zavec.

            "Tako je. Če bi ukradel 1000 evrov ali samo cent, kakorkoli ..., ampak v življenju nisem zaslužil toliko, da
            bi odpiral račune v davčnih oazah. Če bi imel razlog za to, bi verjetno tam živel, ne pa da bi si denar tja
            nakazoval," je še dejal Zavec.
        </article-text>
        <article-text-transliterated>V medijskih poročilih o skrivanju denarja v davčnih oazah se je izmed slovenskih
            športnikov v največjem viharju znašel najuspešnejši slovenski profesionalni boksar Dejan Zavec, ki je
            nedavno tega zaključil športno pot. Zavec je pojasnil, da denarja nikoli ni skrival, prav tako nikoli ni
            utajeval davkov.

            Zavec, ki je bil ravno na poti do svojega odvetnika, je dejal, da zadeve sprejema mirno, da pa se bo javno
            odzval, ko se strasti pomirijo. V članku današnje izdaje časnika Delo je avtorica Anuška Delić med drugim
            zapisala, da naj Zavec ne bi podal točnih pojasnil o svojem imetju v tujini in finančnih transakcijah.
            Ptujčan se je danes odzval, "da ni storil ničesar narobe".

            "Osebno sem miren, ker vem, da nisem naredil nič narobe. Kdorkoli najde v članku danes v Delu, da sem
            karkoli naredil narobe ali imel kakršnokoli transakcijo ..., mi zdaj mešamo koruzo in moko, to nima nič
            skupnega z utajo davkov. Čakam, da se stvari umirijo, potem bom razložil stvari, saj se mi zdaj zdi vse
            skupaj neprimerno in neproduktivno, da karkoli razlagam, zaradi tega, ker tisti, ki si mislijo, naj si
            mislijo, tisti, ki pa me poznajo, pa tako vedo, kakšno je dejstvo," je povedal Zavec.

            V milijonih dokumentov, ki so jih pridobili raziskovalni novinarji na čelu z nemškim Süddeutschen Zeitungom,
            v Sloveniji je del poslov ene največjih svetovnih družb za registracijo podjetij v davčnih oazah Mossack
            Fonseca objavilo Delo, se pojavljajo tudi imena športnikov na čelu z argentinskim nogometnim zvezdnikom
            Lionelom Messijem, v Sloveniji je bil najbolj izpostavljen Zavec.

            "Zdi se mi skrajno nedopustno manipuliranje in zelo neprimerno izrazoslovje medijev, ki povzemajo tako, da
            najprej udarijo z novico o davčnih utajah, na koncu pa je kamen spotike podjetje, ki je bilo ustanovljeno.
            Vsi lahko ustanovimo podjetje kjerkoli na svetu, tudi gospod s Fursa je lepo povedal, dokler ni finančnih
            transakcij, ni nobenega spornega dejanja," je o dogajanju dejal Zavec.

            Ptujčan je še enkrat pojasnil, da podjetja v tujini nima. "Nimam podjetja, ne transakcij, ne na Panami, ne
            na Angvili. Da podjetje obstaja, ampak ne posluje in to pomeni, da nisem naredil čisto nič narobe," je dejal
            Zavec.

            Še pred tedni se je ob slovesu od navijačev v mariborski dvorani Tabor spominjal svoje vrhunske kariere,
            zdaj pa se ukvarja z vsem drugim, samo s športom ne. "Zdaj imam nekaj stvari za urediti, na podlagi tega kar
            piše, se nimam kaj pogovarjati v svojem jeziku. Grem do odvetnika, da vidim kako in kaj. Življenje gre
            naprej, na žalost, oziroma čudno je, da v Sloveniji nisem prišel na lestvico najbogatejših 20 ljudi. V
            Panami skrivajo po najmanj 600 milijonov evrov kolikor berem, v Sloveniji pa nisem prišel na lestvico
            najbogatejših, tako da sem malo užaljen," je pojasnil Zavec.

            "Tako je. Če bi ukradel 1000 evrov ali samo cent, kakorkoli ..., ampak v življenju nisem zaslužil toliko, da
            bi odpiral račune v davčnih oazah. Če bi imel razlog za to, bi verjetno tam živel, ne pa da bi si denar tja
            nakazoval," je še dejal Zavec.
        </article-text-transliterated>
    </article>
    <comments>
        <comments-count>0</comments-count>
        <comment-list/>
    </comments>
</document>