<document global-id="si-04-136">
    <url>https://www.vecer.com/201509056139943-6139943</url>
    <source-id>si-04</source-id>
    <local-id>136</local-id>
    <source-name>Večer</source-name>
    <article>
        <article-title>"Videl sem vas na Dragi"</article-title>
        <article-title-transliterated>"Videl sem vas na Dragi"</article-title-transliterated>
        <article-time>2015-09-05</article-time>
        <article-author>Darka Zvonar Predan</article-author>
        <article-text>Tomaž Simčič, profesor slovenščine in latinščine, šolnik, soorganizator Drage. Dragi Tomaž,
            čestitke, še eni študijski dnevi Drage so pod streho. Tokrat jubilejni petdeseti! Žal kot zakleto vsakič
            nanese tako, da se moram o dogajanju pod šotorom v parku openskega Finžgarjevega doma poučiti post festum,
            iz tuje roke. No, sam si zagotovo dober vir informacij, saj si ves čas zraven. Tokrat si moderiral okroglo
            mizo, ki je s svojimi udeleženci iskala odgovore na vprašanje zakaj Draga. Ste jih našli? Imena tvojih
            sogovornikov na vabilu so obetala zanimivo razpravo in so tudi na Štajerskem dobro znana. Vsaj dve:
            prevajalec in diplomat Andrej Capuder in filozof Tine Hribar. Pa tudi tretji razpravljavec, predsednik
            tržaškega Društva slovenskih izobražencev, organizatorja Drage, Sergij Pahor, na našem koncu ni neznan, kot
            sem se lahko na lastne oči prepričala to pomlad med njegovim obiskom pri nas. Takole gre zgodbica: z manjšo
            tržaško družbo smo nekega lepega sobotnega dne sedeli na vrtu priljubljene slaščičarne v strogem središču
            Maribora, v Slovenski ulici, ko pristopi k naši mizi neznani moški srednjih let s prijaznim, štajersko
            obarvanim pozdravom: "Čujte, vas pa poznam." Malce sem se zravnala, prepričana, edina Mariborčanka za
            omizjem, da misli mene, gospod pa se obrne k Sergiju: "Vi pa ste Sergij Pahor iz Trsta, videl sem vas na
            Dragi." Lepo.
            Edine dame za vašim omizjem, sedanje predsednice zdomske Slovenske kulturne akcije (SKA) s sedežem v Buenos
            Airesu, Katice Cukjati, pravnice, ki je prišla na Drago iz Argentine, pa tudi sama ne poznam, le o
            organizaciji, ki ji predseduje in je bila pod prejšnjim režimom v matici visoko na seznamu sovražnikov,
            nekaj malega vem. Bi pa o tej dobitnici letošnje Dragine nagrade, poimenovane po očetu študijskih dni,
            profesorju Jožetu Peterlinu (se ga sam sploh spominjaš?), seveda rada vedela kaj več. Predvsem pa me zanima,
            kaj so tvoji tokratni sogovorniki povedali zanimivega o razlogih za Drago danes, pri čemer domnevam, da je
            ta njihov razmislek povezan tudi z njihovim pogledom na današnjo Slovenijo.
            O Dragi nekoč in njenih svobodnih mikrofonih seveda vem veliko. Precej novega, zlasti o tem, kako
            nadzorovani in zasledovani so (bi morala zapisati ste?) bili njeni organizatorji in udeleženci, nam je zdaj
            razkrila tudi Omerzova Karla, knjiga o Udbi in njenem spremljanju Drage. Najbrž si jo že prebral? Tudi sam
            si omenjen v njej, prvič v poglavju o letu 1984, kot mladi raziskovalec stališč slovenskih maturantov na
            tržaških šolah, potem kot predavatelj. Kolikor vem, je vaša anketa med dijaki tedaj pokazala, da so ti
            pretežno levičarsko usmerjeni, da je zanje slovenska kultura enakovredna italijanski, narodna pripadnosti pa
            pozitivna vrednota. Kako je z mladimi in njihovimi vrednotami ter stališči v zamejstvu danes? Sam si zadnja
            leta del pomlajenega organizacijskega odbora Drage, vendar ta s teboj vred ni ravno mlad. Ali mlade Draga s
            svojimi diskusijami sploh zanima in kako uspešni so poskusi njenega pomlajevanja (Draga mladih)?
            Leta 1979, ko je Sergij Pahor na Dragi govoril o nesvobodi v Sloveniji in o tem, da Slovenska
            kulturno-gospodarska zveza, ki je posrednik med manjšino in Ljubljano, razpolaga z denarjem, s katerim
            kupuje mlade zamejske Slovence in jim nadeva konformistični nagobčnik, si štel vsaj za današnje čase rosnih
            21 let. Jasno, da me zanima tvoje kasnejše delo vodje urada za slovenske šole pri Deželnem šolskem uradu
            Furlanije - Julijske krajine in pri Inštitutu za socialno in versko zgodovino v Gorici, še bolj pa to, kako
            si zorel z Drago sam. Nič manj me ne zanima, kaj boš povedal 9. septembra v Ljubljani, kjer bo v
            organizaciji Svetovnega slovenskega kongresa in spletnega portala Časnik tekla še ena razprava o Dragi.
            Poleg tebe bosta na njej sodelovala kardinal Franc Rode in publicist Igor Omerza. Slednji pogreša odkrito in
            argumentirano razpravo o tem, kam naj gre Slovenija. Pa ti? Če nama ostane kaj prostora, pa še vprašanje:
            Kako se razvija novo Tržaško knjižno središče, nadomestek za ukinjeno slovensko knjigarno sredi Trsta?
            Darka Zvonar Predan
        </article-text>
        <article-text-transliterated>Tomaž Simčič, profesor slovenščine in latinščine, šolnik, soorganizator Drage.
            Dragi Tomaž,
            čestitke, še eni študijski dnevi Drage so pod streho. Tokrat jubilejni petdeseti! Žal kot zakleto vsakič
            nanese tako, da se moram o dogajanju pod šotorom v parku openskega Finžgarjevega doma poučiti post festum,
            iz tuje roke. No, sam si zagotovo dober vir informacij, saj si ves čas zraven. Tokrat si moderiral okroglo
            mizo, ki je s svojimi udeleženci iskala odgovore na vprašanje zakaj Draga. Ste jih našli? Imena tvojih
            sogovornikov na vabilu so obetala zanimivo razpravo in so tudi na Štajerskem dobro znana. Vsaj dve:
            prevajalec in diplomat Andrej Capuder in filozof Tine Hribar. Pa tudi tretji razpravljavec, predsednik
            tržaškega Društva slovenskih izobražencev, organizatorja Drage, Sergij Pahor, na našem koncu ni neznan, kot
            sem se lahko na lastne oči prepričala to pomlad med njegovim obiskom pri nas. Takole gre zgodbica: z manjšo
            tržaško družbo smo nekega lepega sobotnega dne sedeli na vrtu priljubljene slaščičarne v strogem središču
            Maribora, v Slovenski ulici, ko pristopi k naši mizi neznani moški srednjih let s prijaznim, štajersko
            obarvanim pozdravom: "Čujte, vas pa poznam." Malce sem se zravnala, prepričana, edina Mariborčanka za
            omizjem, da misli mene, gospod pa se obrne k Sergiju: "Vi pa ste Sergij Pahor iz Trsta, videl sem vas na
            Dragi." Lepo.
            Edine dame za vašim omizjem, sedanje predsednice zdomske Slovenske kulturne akcije (SKA) s sedežem v Buenos
            Airesu, Katice Cukjati, pravnice, ki je prišla na Drago iz Argentine, pa tudi sama ne poznam, le o
            organizaciji, ki ji predseduje in je bila pod prejšnjim režimom v matici visoko na seznamu sovražnikov,
            nekaj malega vem. Bi pa o tej dobitnici letošnje Dragine nagrade, poimenovane po očetu študijskih dni,
            profesorju Jožetu Peterlinu (se ga sam sploh spominjaš?), seveda rada vedela kaj več. Predvsem pa me zanima,
            kaj so tvoji tokratni sogovorniki povedali zanimivega o razlogih za Drago danes, pri čemer domnevam, da je
            ta njihov razmislek povezan tudi z njihovim pogledom na današnjo Slovenijo.
            O Dragi nekoč in njenih svobodnih mikrofonih seveda vem veliko. Precej novega, zlasti o tem, kako
            nadzorovani in zasledovani so (bi morala zapisati ste?) bili njeni organizatorji in udeleženci, nam je zdaj
            razkrila tudi Omerzova Karla, knjiga o Udbi in njenem spremljanju Drage. Najbrž si jo že prebral? Tudi sam
            si omenjen v njej, prvič v poglavju o letu 1984, kot mladi raziskovalec stališč slovenskih maturantov na
            tržaških šolah, potem kot predavatelj. Kolikor vem, je vaša anketa med dijaki tedaj pokazala, da so ti
            pretežno levičarsko usmerjeni, da je zanje slovenska kultura enakovredna italijanski, narodna pripadnosti pa
            pozitivna vrednota. Kako je z mladimi in njihovimi vrednotami ter stališči v zamejstvu danes? Sam si zadnja
            leta del pomlajenega organizacijskega odbora Drage, vendar ta s teboj vred ni ravno mlad. Ali mlade Draga s
            svojimi diskusijami sploh zanima in kako uspešni so poskusi njenega pomlajevanja (Draga mladih)?
            Leta 1979, ko je Sergij Pahor na Dragi govoril o nesvobodi v Sloveniji in o tem, da Slovenska
            kulturno-gospodarska zveza, ki je posrednik med manjšino in Ljubljano, razpolaga z denarjem, s katerim
            kupuje mlade zamejske Slovence in jim nadeva konformistični nagobčnik, si štel vsaj za današnje čase rosnih
            21 let. Jasno, da me zanima tvoje kasnejše delo vodje urada za slovenske šole pri Deželnem šolskem uradu
            Furlanije - Julijske krajine in pri Inštitutu za socialno in versko zgodovino v Gorici, še bolj pa to, kako
            si zorel z Drago sam. Nič manj me ne zanima, kaj boš povedal 9. septembra v Ljubljani, kjer bo v
            organizaciji Svetovnega slovenskega kongresa in spletnega portala Časnik tekla še ena razprava o Dragi.
            Poleg tebe bosta na njej sodelovala kardinal Franc Rode in publicist Igor Omerza. Slednji pogreša odkrito in
            argumentirano razpravo o tem, kam naj gre Slovenija. Pa ti? Če nama ostane kaj prostora, pa še vprašanje:
            Kako se razvija novo Tržaško knjižno središče, nadomestek za ukinjeno slovensko knjigarno sredi Trsta?
            Darka Zvonar Predan
        </article-text-transliterated>
    </article>
    <comments>
        <comments-count>0</comments-count>
        <comment-list/>
    </comments>
</document>