<document global-id="si-04-100">
    <url>https://www.vecer.com/ravnokar-so-nam-odpadla-predavanja-tako-da-so-prvi-vtisi-odlicni-6581333</url>
    <source-id>si-04</source-id>
    <local-id>100</local-id>
    <source-name>Večer</source-name>
    <article>
        <article-title>"Ravnokar so nam odpadla predavanja, tako da so prvi vtisi odlični"</article-title>
        <article-title-transliterated>"Ravnokar so nam odpadla predavanja, tako da so prvi vtisi odlični"
        </article-title-transliterated>
        <article-time>2018-10-01</article-time>
        <article-author>Franja Žišt</article-author>
        <article-text>"Vprašajte, če česa ne razumete," starejši študenti svetujejo mlajšim. Ob začetku študijskega leta
            so si vsi edini, da bo treba delati redno, da bodo rezultati na koncu najboljši. "Ravnokar so nam odpadla
            prva predavanja, tako da so prvi vtisi odlični," se ob začetku študijskega leta nasmejeta Valerija Lazič iz
            Postojne in Lucija Gregorc iz Ljubljane, študentki prvega letnika magistrskega študija industrijske
            farmacije. Da bo delo bolj zahtevno, kot je bil dodiplomski študij kemijske tehnologije, sta prepičani, ko
            optimistično zreta v leta po študiju. "Nisva pesimistični, se da dogovoriti, vsaj za prakso je bilo tako,"
            se ozirata k najboljšim farmacevtskim podjetjem pri nas, o novem šolskem letu pa še dodata, da ju skrbi
            edinole to, da nimata dovolj predznanja, da od minulega študija nista dovolj odnesli.

            Sprotno delo in veselje do učenja
            "Za ene je študij težak, za druge lahek," je krogu poslušalk pred Filozofsko fakulteto v Ljubljani razlagala
            tutorka, študentka prvega letnika magistrskega študija medjezikovnega posredovanja Saša Sušnik. Tutorji
            brucem razkazujejo fakulteto in jim povedo najpomembnejše informacije o študiju. "Za ta študij sem se
            odločila, ker so me od nekdaj zanimali jeziki in povezave med njimi. Pričakujem, da bo veliko sprotnega dela
            že na začetku in nekaj zmede pri prehodu iz srednje šole na fakulteto, upam, pa, da bomo na fakulteti
            vzpostavili dobre odnose," je razmišljala ena od njenih poslušalk, Mariborčanka Stela Kocbek. Njena kolegica
            iz študentskih klopi Maruša Rožaj se je ravno preselila iz Nemčije, in ker ji nemščina gre dobro, angleščina
            pa tudi, se je odločila, da to nadgradi in da bo to pri nas najlažje študirala. "Slovensko smo govorili samo
            doma, zato bom slovenščino morala malo ujeti," pove ena od redkih študentk, ki bo na študiju medjezikovnega
            posredovanja imela več težav z materinščino kot tujimi jeziki.

            Okoli 75 tisoč študentov se je vrnilo v predavalnice

            Lana Lavrih iz Ivančne Gorice, njuna kolegica, ni čisto sveža brucka, saj študira že specialno pedagogiko,
            še en študij pa je vpisala vzporedno, ker je preveč pogrešala učenje tujih jezikov. Slednje je ugotovila, ko
            se je začela učiti znakovnega jezika. "Samoiniciativnost in pa da najdeš ravnotežje med študijem in osebnim
            življenjem, drugače zna biti težko," se glasi njen nasvet za bodoče študente. Tutorka Saša Sušnik pa dodaja:
            "Zelo pomembno je, da se socializiraš, saj nikoli ne veš, kaj kdo drug ve in s čim ti lahko pomaga. Pomembno
            je, da hodiš na dogodke, ki jih organizirajo tutorji in fakultete, zato da se družiš in spoznaš nove ljudi.
            Potem so tu še sprotno delo, veselje do učenja, da te študij zanima, da stvari ne delaš z muko. Dobro je
            vzpostaviti dobre odnose s profesorji. Najpomembneje pa je, da te ni strah vprašati, če imaš težave ali če
            česa ne razumeš, torej brucem želim, da bi imeli pogum in nič sramu."

            Najstarejše univerzitetno središče pri nas je bolj čisto kot Bratislava
            "Redno delo in sprotno opravljanje obveznosti. Študij je kar precej različen od srednje šole, tudi
            profesorji imajo svoje specifike," je natančen Žan Horvat, študent tretjega letnika strojništva. Skupaj s
            kolegi je pred fakulteto navsezgodaj novačil nove študente, da bi sodelovali pri gradnji nove študentske
            formule, ki jo za tekmovanje skupaj sestavljajo študenti strojništva in elektrotehnike. "Zmeraj rabimo koga.
            Smo že začeli z razvojem, novi člani pa so dobrodošli," je pojasnil ob razstavljenem zadnjem modelu. Morda
            se jim bosta pridružila Uroš Grubar in Hasan Hodžič iz Novega mesta, ki sta se vpisala na visokošolski
            študijski program. "Stroji, avti in vse, kar je s tem povezano, to naju zanima. Tudi najino počitniško delo
            je bilo s tem povezano, delala sva v proizvodnji," razlagata. O študiju pa: "Verjetno ravno lahko ne bo, a
            tudi za žur mora biti kaj časa, brez tega ne gre."

            Okoli 75 tisoč študentov je napolnilo predavalnice po vsej Sloveniji. Med njimi so tudi tuji študenti. Ivana
            Petrenčakova, Kinga Farkas in Jana Drobotova so študentke srednjeevropskih študij iz Bratislave, ki tam
            študirajo tudi slovenščino, zdaj bodo semester preživele v Ljubljani. V prav lepi slovenščini povedo, da
            praga fakultete še niso prestopile, zato lahko strnejo le vtise o največjem univerzitetnem središču pri nas:
            "Ljubljana je manjša in bolj čista kot Bratislava, lepa je in zelena." Študija pa, upajo, da bo kaj lažji,
            kot je bil doma.
        </article-text>
        <article-text-transliterated>"Vprašajte, če česa ne razumete," starejši študenti svetujejo mlajšim. Ob začetku
            študijskega leta so si vsi edini, da bo treba delati redno, da bodo rezultati na koncu najboljši. "Ravnokar
            so nam odpadla prva predavanja, tako da so prvi vtisi odlični," se ob začetku študijskega leta nasmejeta
            Valerija Lazič iz Postojne in Lucija Gregorc iz Ljubljane, študentki prvega letnika magistrskega študija
            industrijske farmacije. Da bo delo bolj zahtevno, kot je bil dodiplomski študij kemijske tehnologije, sta
            prepičani, ko optimistično zreta v leta po študiju. "Nisva pesimistični, se da dogovoriti, vsaj za prakso je
            bilo tako," se ozirata k najboljšim farmacevtskim podjetjem pri nas, o novem šolskem letu pa še dodata, da
            ju skrbi edinole to, da nimata dovolj predznanja, da od minulega študija nista dovolj odnesli.

            Sprotno delo in veselje do učenja
            "Za ene je študij težak, za druge lahek," je krogu poslušalk pred Filozofsko fakulteto v Ljubljani razlagala
            tutorka, študentka prvega letnika magistrskega študija medjezikovnega posredovanja Saša Sušnik. Tutorji
            brucem razkazujejo fakulteto in jim povedo najpomembnejše informacije o študiju. "Za ta študij sem se
            odločila, ker so me od nekdaj zanimali jeziki in povezave med njimi. Pričakujem, da bo veliko sprotnega dela
            že na začetku in nekaj zmede pri prehodu iz srednje šole na fakulteto, upam, pa, da bomo na fakulteti
            vzpostavili dobre odnose," je razmišljala ena od njenih poslušalk, Mariborčanka Stela Kocbek. Njena kolegica
            iz študentskih klopi Maruša Rožaj se je ravno preselila iz Nemčije, in ker ji nemščina gre dobro, angleščina
            pa tudi, se je odločila, da to nadgradi in da bo to pri nas najlažje študirala. "Slovensko smo govorili samo
            doma, zato bom slovenščino morala malo ujeti," pove ena od redkih študentk, ki bo na študiju medjezikovnega
            posredovanja imela več težav z materinščino kot tujimi jeziki.

            Okoli 75 tisoč študentov se je vrnilo v predavalnice

            Lana Lavrih iz Ivančne Gorice, njuna kolegica, ni čisto sveža brucka, saj študira že specialno pedagogiko,
            še en študij pa je vpisala vzporedno, ker je preveč pogrešala učenje tujih jezikov. Slednje je ugotovila, ko
            se je začela učiti znakovnega jezika. "Samoiniciativnost in pa da najdeš ravnotežje med študijem in osebnim
            življenjem, drugače zna biti težko," se glasi njen nasvet za bodoče študente. Tutorka Saša Sušnik pa dodaja:
            "Zelo pomembno je, da se socializiraš, saj nikoli ne veš, kaj kdo drug ve in s čim ti lahko pomaga. Pomembno
            je, da hodiš na dogodke, ki jih organizirajo tutorji in fakultete, zato da se družiš in spoznaš nove ljudi.
            Potem so tu še sprotno delo, veselje do učenja, da te študij zanima, da stvari ne delaš z muko. Dobro je
            vzpostaviti dobre odnose s profesorji. Najpomembneje pa je, da te ni strah vprašati, če imaš težave ali če
            česa ne razumeš, torej brucem želim, da bi imeli pogum in nič sramu."

            Najstarejše univerzitetno središče pri nas je bolj čisto kot Bratislava
            "Redno delo in sprotno opravljanje obveznosti. Študij je kar precej različen od srednje šole, tudi
            profesorji imajo svoje specifike," je natančen Žan Horvat, študent tretjega letnika strojništva. Skupaj s
            kolegi je pred fakulteto navsezgodaj novačil nove študente, da bi sodelovali pri gradnji nove študentske
            formule, ki jo za tekmovanje skupaj sestavljajo študenti strojništva in elektrotehnike. "Zmeraj rabimo koga.
            Smo že začeli z razvojem, novi člani pa so dobrodošli," je pojasnil ob razstavljenem zadnjem modelu. Morda
            se jim bosta pridružila Uroš Grubar in Hasan Hodžič iz Novega mesta, ki sta se vpisala na visokošolski
            študijski program. "Stroji, avti in vse, kar je s tem povezano, to naju zanima. Tudi najino počitniško delo
            je bilo s tem povezano, delala sva v proizvodnji," razlagata. O študiju pa: "Verjetno ravno lahko ne bo, a
            tudi za žur mora biti kaj časa, brez tega ne gre."

            Okoli 75 tisoč študentov je napolnilo predavalnice po vsej Sloveniji. Med njimi so tudi tuji študenti. Ivana
            Petrenčakova, Kinga Farkas in Jana Drobotova so študentke srednjeevropskih študij iz Bratislave, ki tam
            študirajo tudi slovenščino, zdaj bodo semester preživele v Ljubljani. V prav lepi slovenščini povedo, da
            praga fakultete še niso prestopile, zato lahko strnejo le vtise o največjem univerzitetnem središču pri nas:
            "Ljubljana je manjša in bolj čista kot Bratislava, lepa je in zelena." Študija pa, upajo, da bo kaj lažji,
            kot je bil doma.
        </article-text-transliterated>
    </article>
    <comments>
        <comments-count>0</comments-count>
        <comment-list/>
    </comments>
</document>