<document global-id="si-04-1005">
    <url>https://www.vecer.com/carles-puigdemont-borec-za-katalonsko-neodvisnost-6325546</url>
    <source-id>si-04</source-id>
    <local-id>1005</local-id>
    <source-name>Večer</source-name>
    <article>
        <article-title>Carles Puigdemont, borec za katalonsko neodvisnost</article-title>
        <article-title-transliterated>Carles Puigdemont, borec za katalonsko neodvisnost</article-title-transliterated>
        <article-time>2017-10-10</article-time>
        <article-author>Kristina Božič</article-author>
        <article-text>Katalonski premier se zaveda možnosti, da ga španske oblasti zaprejo zaradi vseh dogodkov v
            zadnjih tednih, a se tega ne boji. Človek, ki ima v rokah eno najpomembnejših odločitev v novejši zgodovini
            ne le Španije in Katalonije, ampak tudi Evrope, je znan po svoji odločnosti in predanosti. Carles Puigdemont
            je prvi katalonski premier, ki 12. januarja 2016 ni prisegel na španski ustavi niti ni obljubil zvestobe
            španskemu kralju. Njegova zavezanost in predanost sta drugje. Tedaj je dejal: "Prišli smo daleč, a nismo
            utrujeni. Polni smo upanja."
            "Puigdemont je postal premier z enim samim namenom - doseči katalonsko neodvisnost. To je njegov projekt.
            Povedal je, da ga politični oportunizem ne zanima, saj ne bo kandidiral na prihodnjih volitvah," je v
            Barceloni razložila direktorica katalonskega radia Monica Terribas, ki v svojih oddajah redno gosti
            predstavnike vseh političnih opcij. Puigdemont pa je v intervjuju za Al Jazeero konec septembra dejal, da
            najbolj demokratične oblike političnega odločanja, referendumov, ne izvajajo sodišča ali policija. "Ljudje
            so tisti, ki 'naredijo' referendume," je zavrnil trditve španskih oblasti, da je njihovo ravnanje
            protizakonito. Kot stotisoči, ki so ravnali proti zakonom Španije pred in med referendumom 1. oktobra, je
            trdno verjel, da je, kar počne, prava stvar, ki jo je treba narediti.

            "Referendumov ne izvajajo sodišča ali policija, naredijo jih ljudje"

            Nekdanji novinar, zavezan Kataloniji
            Puigdemont je rojen v mestu Girona, ki velja za zibelko gibanja za neodvisnost. Drugi med osmimi brati v
            družini slaščičarjev je že pri 16 letih začel delati kot novinar pri lokalnih, katalonskih časopisih. Zaradi
            novinarske kariere tudi ni dokončal študija filozofije. Njegova politična prepričanja so jasna že od
            začetkov. Podpiral je koalicijo katalonskih strank za neodvisnost, Povezava in zveza (CiU). Gre za stranki
            Katalonska demokratična zveza (UDC) in Katalonska demokratična povezava (CDC), ki sta vodili katalonsko
            politiko vse od leta 1980, z izjemo obdobja med 2003 in 2010. O katalonski ideji, kulturi in tradiciji, tudi
            v očeh tujcev, je napisal knjigo in nato pisal redne kolumne. Bil je ključen snovalec katalonske tiskovne
            agencije leta 1998, sodeloval pa je tudi pri obrambi in razkritju mučenja katalonskih podpornikov
            neodvisnosti med olimpijskimi igrami leta 1993 v Barceloni, kar ni bilo nikoli uradno raziskano. Novinarstvo
            je zapustil leta 2006, ko je postal podpredsednik koalicije CiU. Leta 2011 je postal župan Girone in štiri
            leta kasneje tudi katalonskega združenja občin za neodvisnost.
            Politik referenduma
            "Puigdemont je pameten človek, v vladi ima dobre strokovnjake in obkrožen je s pravimi svetovalci. Ta proces
            lahko pripelje do konca," je povedal upokojeni odvetnik in aktivist za neodvisnost Pau Miserachs, ki pozna
            katalonskega premiera že desetletja. Pravi, da nihče ne zahteva in ne pričakuje sprememb čez noč; katalonska
            vlada se je pripravljena pogajati s španskimi oblastmi o procesu vzpostavitve neodvisnosti.

            Vendar ta pripravljenost manjka v Španiji. Spomladi 2015, ob ostrih odmevih iz Španije na posvetovalni
            referendum o neodvisnosti, ki so ga v Kataloniji izvedli leta 2014, je zaradi različnih stališč do
            katalonske avtonomije znotraj Španije ali popolne katalonske samostojnosti CiU razpadla. Leta 1962 rojeni
            Carles Puigdemont je kot pristaš neodvisnosti istega leta postal parlamentarec na kandidatni listi politične
            koalicije Skupaj za Da! Ta se je povezala v koalicijo s CUP - skupnimi javnimi kandidaturami, ki povezujejo
            kandidate avtonomnih lokalnih skupščin sosesk in mest. Kandidate CUP, ki so v katalonsko politiko stopili po
            skoraj desetletju delovanja na lokalnih volitvah, povezujejo leva politična stališča in zavezanost k
            neodvisnosti. Puigdemont je bil kompromisni kandidat za predsednika vlade na predlog predsednika CDC Arturja
            Masa, ki je leta 2014 razpisal posvetovalni referendum o neodvisnosti. Zato so Masa španske oblasti
            postavile pred sodišče in marca letos je bil obsojen zaradi zlorabe oblasti in nespoštovanja pravnega reda;
            dobil je denarno kazen in dvoletno prepoved prevzema javno-politične funkcije.
            Kaj je mogoče in kaj ne, je samo mnenje
            Katalonija je eden od centrov demokratičnih družbenih gibanj zadnjih let. Ljudske iniciative so del
            zgodovine uporov proti vojaški diktaturi in oblasti od zunaj. To se pozna. Ljudje opisujejo, da politika v
            Kataloniji ni več hierarhični trikotnik, ampak so tega obrnili na glavo: na idejah ljudi se gradi množična
            podpora in ideje se oblikujejo v politiko. "Katalonska desnica je mnogo bolj na levi kot v politični areni
            Španije ali Evrope," je Monica Terribas opisala raznoliko politično okolje, znotraj katerega so pomemben
            družbeni igralec tudi družbena gibanja. Sogovorniki poudarjajo, da ne gre za nacionalizem, da pri zahtevi po
            neodvisnosti ne gre za izključujočo miselnost: gre za prepričanje o tem, kaj je demokracija, za
            nasprotovanje monarhični ureditvi in podpori demokratične republike, za proces soodločanja in gradnje boljše
            prihodnosti. Španijo, trdijo, še vedno premočno določa dediščina vojaške diktature pod generalom Francom.

            Carles Puigdemont pozna usodo svojega predhodnika in se zaveda možnosti, da ga španske oblasti zaprejo
            zaradi vseh dogodkov v zadnjih tednih. Pravi, da se tega ne boji. Govori štiri jezike: katalonskega,
            španskega, francoskega in romunskega - jezik svoje žene, romunske novinarke, s katero imata dve hčerki. "To,
            kaj je in kaj ni mogoče, je samo mnenje," so njegove besede. V omenjenem intervju je dejal, da se španska
            vlada obnaša praktično kot požigalec. "Zelo neodgovorno bi bilo, da bi bila odgovor na politično
            prizadevanje zaporna kazen. Nisem kriminalec ... Državni udari se ne delajo z volilnimi lističi," je dejal.
            A volilni lističi tudi že dolgo niso nosili takšne teže. Tako za demokracijo kot za odgovornost, ki bo
            danes, ob stopnjujočih se pritiskih in vztrajajoči prisotnosti španskih posebnih policijskih enot v
            Kataloniji, na Carlesu Puigdemontu.
        </article-text>
        <article-text-transliterated>Katalonski premier se zaveda možnosti, da ga španske oblasti zaprejo zaradi vseh
            dogodkov v zadnjih tednih, a se tega ne boji. Človek, ki ima v rokah eno najpomembnejših odločitev v novejši
            zgodovini ne le Španije in Katalonije, ampak tudi Evrope, je znan po svoji odločnosti in predanosti. Carles
            Puigdemont je prvi katalonski premier, ki 12. januarja 2016 ni prisegel na španski ustavi niti ni obljubil
            zvestobe španskemu kralju. Njegova zavezanost in predanost sta drugje. Tedaj je dejal: "Prišli smo daleč, a
            nismo utrujeni. Polni smo upanja."
            "Puigdemont je postal premier z enim samim namenom - doseči katalonsko neodvisnost. To je njegov projekt.
            Povedal je, da ga politični oportunizem ne zanima, saj ne bo kandidiral na prihodnjih volitvah," je v
            Barceloni razložila direktorica katalonskega radia Monica Terribas, ki v svojih oddajah redno gosti
            predstavnike vseh političnih opcij. Puigdemont pa je v intervjuju za Al Jazeero konec septembra dejal, da
            najbolj demokratične oblike političnega odločanja, referendumov, ne izvajajo sodišča ali policija. "Ljudje
            so tisti, ki 'naredijo' referendume," je zavrnil trditve španskih oblasti, da je njihovo ravnanje
            protizakonito. Kot stotisoči, ki so ravnali proti zakonom Španije pred in med referendumom 1. oktobra, je
            trdno verjel, da je, kar počne, prava stvar, ki jo je treba narediti.

            "Referendumov ne izvajajo sodišča ali policija, naredijo jih ljudje"

            Nekdanji novinar, zavezan Kataloniji
            Puigdemont je rojen v mestu Girona, ki velja za zibelko gibanja za neodvisnost. Drugi med osmimi brati v
            družini slaščičarjev je že pri 16 letih začel delati kot novinar pri lokalnih, katalonskih časopisih. Zaradi
            novinarske kariere tudi ni dokončal študija filozofije. Njegova politična prepričanja so jasna že od
            začetkov. Podpiral je koalicijo katalonskih strank za neodvisnost, Povezava in zveza (CiU). Gre za stranki
            Katalonska demokratična zveza (UDC) in Katalonska demokratična povezava (CDC), ki sta vodili katalonsko
            politiko vse od leta 1980, z izjemo obdobja med 2003 in 2010. O katalonski ideji, kulturi in tradiciji, tudi
            v očeh tujcev, je napisal knjigo in nato pisal redne kolumne. Bil je ključen snovalec katalonske tiskovne
            agencije leta 1998, sodeloval pa je tudi pri obrambi in razkritju mučenja katalonskih podpornikov
            neodvisnosti med olimpijskimi igrami leta 1993 v Barceloni, kar ni bilo nikoli uradno raziskano. Novinarstvo
            je zapustil leta 2006, ko je postal podpredsednik koalicije CiU. Leta 2011 je postal župan Girone in štiri
            leta kasneje tudi katalonskega združenja občin za neodvisnost.
            Politik referenduma
            "Puigdemont je pameten človek, v vladi ima dobre strokovnjake in obkrožen je s pravimi svetovalci. Ta proces
            lahko pripelje do konca," je povedal upokojeni odvetnik in aktivist za neodvisnost Pau Miserachs, ki pozna
            katalonskega premiera že desetletja. Pravi, da nihče ne zahteva in ne pričakuje sprememb čez noč; katalonska
            vlada se je pripravljena pogajati s španskimi oblastmi o procesu vzpostavitve neodvisnosti.

            Vendar ta pripravljenost manjka v Španiji. Spomladi 2015, ob ostrih odmevih iz Španije na posvetovalni
            referendum o neodvisnosti, ki so ga v Kataloniji izvedli leta 2014, je zaradi različnih stališč do
            katalonske avtonomije znotraj Španije ali popolne katalonske samostojnosti CiU razpadla. Leta 1962 rojeni
            Carles Puigdemont je kot pristaš neodvisnosti istega leta postal parlamentarec na kandidatni listi politične
            koalicije Skupaj za Da! Ta se je povezala v koalicijo s CUP - skupnimi javnimi kandidaturami, ki povezujejo
            kandidate avtonomnih lokalnih skupščin sosesk in mest. Kandidate CUP, ki so v katalonsko politiko stopili po
            skoraj desetletju delovanja na lokalnih volitvah, povezujejo leva politična stališča in zavezanost k
            neodvisnosti. Puigdemont je bil kompromisni kandidat za predsednika vlade na predlog predsednika CDC Arturja
            Masa, ki je leta 2014 razpisal posvetovalni referendum o neodvisnosti. Zato so Masa španske oblasti
            postavile pred sodišče in marca letos je bil obsojen zaradi zlorabe oblasti in nespoštovanja pravnega reda;
            dobil je denarno kazen in dvoletno prepoved prevzema javno-politične funkcije.
            Kaj je mogoče in kaj ne, je samo mnenje
            Katalonija je eden od centrov demokratičnih družbenih gibanj zadnjih let. Ljudske iniciative so del
            zgodovine uporov proti vojaški diktaturi in oblasti od zunaj. To se pozna. Ljudje opisujejo, da politika v
            Kataloniji ni več hierarhični trikotnik, ampak so tega obrnili na glavo: na idejah ljudi se gradi množična
            podpora in ideje se oblikujejo v politiko. "Katalonska desnica je mnogo bolj na levi kot v politični areni
            Španije ali Evrope," je Monica Terribas opisala raznoliko politično okolje, znotraj katerega so pomemben
            družbeni igralec tudi družbena gibanja. Sogovorniki poudarjajo, da ne gre za nacionalizem, da pri zahtevi po
            neodvisnosti ne gre za izključujočo miselnost: gre za prepričanje o tem, kaj je demokracija, za
            nasprotovanje monarhični ureditvi in podpori demokratične republike, za proces soodločanja in gradnje boljše
            prihodnosti. Španijo, trdijo, še vedno premočno določa dediščina vojaške diktature pod generalom Francom.

            Carles Puigdemont pozna usodo svojega predhodnika in se zaveda možnosti, da ga španske oblasti zaprejo
            zaradi vseh dogodkov v zadnjih tednih. Pravi, da se tega ne boji. Govori štiri jezike: katalonskega,
            španskega, francoskega in romunskega - jezik svoje žene, romunske novinarke, s katero imata dve hčerki. "To,
            kaj je in kaj ni mogoče, je samo mnenje," so njegove besede. V omenjenem intervju je dejal, da se španska
            vlada obnaša praktično kot požigalec. "Zelo neodgovorno bi bilo, da bi bila odgovor na politično
            prizadevanje zaporna kazen. Nisem kriminalec ... Državni udari se ne delajo z volilnimi lističi," je dejal.
            A volilni lističi tudi že dolgo niso nosili takšne teže. Tako za demokracijo kot za odgovornost, ki bo
            danes, ob stopnjujočih se pritiskih in vztrajajoči prisotnosti španskih posebnih policijskih enot v
            Kataloniji, na Carlesu Puigdemontu.
        </article-text-transliterated>
    </article>
    <comments>
        <comments-count>0</comments-count>
        <comment-list/>
    </comments>
</document>