<document global-id="si-04-1309">
    <url>https://www.vecer.com/dolina-nageljnov-10000926</url>
    <source-id>si-04</source-id>
    <local-id>1309</local-id>
    <source-name>Večer</source-name>
    <article>
        <article-title>Dolina nageljnov</article-title>
        <article-title-transliterated>Dolina nageljnov</article-title-transliterated>
        <article-time>2019-04-27</article-time>
        <article-author>Svetlana Slapšak</article-author>
        <article-text>Ta konec tedna bodo najbolj sposobni državljani čofotali po turkiznem morju na Karibih ali v
            Indoneziji, malo manj sposobni bodo odpakirali in zmontirali žar, za katerega so odšteli 700 evrov ali več
            in ki deluje na drva, oglje, plin, elektriko, morda sončno energijo, medtem ko se bodo nesposobni, potem ko
            si bodo za kosilo privoščili pasulj, sprehodili po mestnem parku ali bližnjem gozdu ter se, upamo, uspešno
            zoperstavili klopom. Potovanja so bila nekoč morda krajša, toda delitve in navade ostajajo že več kot
            stoletje praktično enake. Enake so tudi zahteve ob prazniku – osemurni delovnik, pravice proletariata,
            svetovni mir. Premislite, v kolikšni meri so bile uresničene in koliko so kršene. Nekje med demonstracijami,
            kolektivnimi zabavami v naravi in osamljenostjo tistih popolnoma neorganiziranih je 1. maj danes praznik
            bledih spominov.
            Kapitalizmu danes ni kaj dosti mar za dobre obrazložitve, ki jih je znal formulirati še na začetku 20.
            stoletja; v pomoč mu tudi ne priskoči nobena cerkev, saj ima druga stran več vernikov. Kapitalizem
            pravzaprav nikoli niti ni imel lastne ideologije, pomagajo mu le še ceneni mediji, ki povzdigujejo bogastvo,
            vendar ga tudi ti ne ščitijo pred sovraštvom in se veselijo vsake nesreče bogatih. So pa močno sredstvo, saj
            znajo učinkovito zamegliti um, ukrasti nekaj časa in otopiti čustva. Slovenija je ena redkih evropskih držav
            in je del vesele druščine balkanskih, kjer z enakim trash jezikom hvalijo kapitalizem. Zadostuje, če na
            portalu Nova24TV in v reviji Demokracija preberemo nekaj hvalnic kapitalizmu, da postane jasno, kako brez
            dobrega poznavanja Marxa in filozofov, ki so mu sledili (Gramsci, Marcuse, Fromm), o kapitalizmu sploh ni
            mogoče razmišljati. Poleg tega pozitivno propagandno pisanje o določenem družbenem sistemu nikoli ni uspelo
            preseči komunističnega cvetno-avantgardnega sloga. V kombinaciji z zločinskim sovraštvom, ki kipi iz
            omenjenih medijev, hvalnice kapitalizmu ostajajo na ravni predšolske retorike. Najboljši primer današnjega
            govora o kapitalizmu je Trump s svojimi nesmiselnimi kombinacijami in preprostimi stavki, ki nič ne pomenijo
            in so retorično ravno tako na predšolski ravni. Kapitalizem je danes nepopisno neumen in neverbalen, vendar
            nevarnejši kot kadarkoli prej, saj je globalno razširil tehnike hkratnega uničevanja okolja in človeškega
            duha.

            Kapitalizem je danes nepopisno neumen in neverbalen, vendar nevarnejši kot kadarkoli prej, saj je globalno
            razširil tehnike hkratnega uničevanja okolja in človeškega duha

            O delavcih in njihovem načinu življenja se le malo piše; priljubljeno stališče se glasi, da delavci "ne
            obstajajo več", saj ne ustrezajo stoletje starim predstavam. A v resnici gre le za izredno razširitev pojma,
            saj so delavci danes vsi, ki so odvisni od kapitala, skupaj z brezposelnimi, prekarci, poljedelci, migranti
            - domačimi in drugimi, gospodinjami, upokojenci in malimi podjetniki. Ustavno zagotovljena "socialna država"
            neizogibno izgublja svoje temelje v spopadih s kapitalom – že več kot četrt stoletja nam na glavo padajo
            dokazi, vendar mi kljub vsem buškam še nismo pripravljeni na ves glas izreči: kapitalizem ni za ljudi. Prav
            tako neverjetno je, da ne dojamemo, da je mala država idealna za vzpostavitev pravične družbene ureditve,
            raje se kot država s psihologijo nepomembnosti vztrajno ponižujemo, prodajamo, strahopetno odmikamo od
            standardov človekovih pravic in bežimo pred etično zahtevo po mednarodni solidarnosti. Z medijsko propagando
            vsajene predstave nam preprečujejo, da bi videli, da so vsi izkoriščani danes neprimerljivo številnejši in
            potencialno močnejši razred, kot je to bil delavski razred z začetka dvajsetega stoletja. Toda manjkajo nam
            njegova tedanja samozavest, pogum in odpornost proti tudi tedaj privlačnim kapitalističnim lažem. Danes so
            prežitki teh laži še bolj nevarni. Zgodnji kapitalizem je moral igrati na karto, ki so jo uvedle buržoazne
            revolucije, zlasti francoska, torej da smo vsi enaki pred zakonom in enaki na splošno, ne glede na poreklo,
            saj je bilo to ključno orožje proti aristokratom. Danes kapitalizem brezobzirno uvaja kriterij
            "sposobnosti", ki se niti malo ne razlikuje od nekdanjega aristokratskega: izmišljene odlike družinskega
            kroga pri dedovanju poslov, razredni predsodki do revnih v šolah, realna nedostopnost višjih in boljših
            izobraževalnih ustanov za revne, nezmožnost konkuriranja pri evropskih projektih, nezaposljivost,
            nepotistične prepreke, politična pripadnost, ki samo odseva sliko razredne ... Revščina ni deležna skoraj
            nobenega privilegija pri družbenem vzponu. Mar ne nastopajo filozofi, od največjih umov naprej, tako
            užaljeno in sarkastično proti politični korektnosti in pozitivni segregaciji, ki bi lahko prav take preboje
            tudi omogočila? Krog "sposobnih" opredeljuje samo moč denarja in nobena druga odlika ali vrednota. Revni, ki
            se rojevajo v krogih nesposobnih, v glavnem v njih tudi ostanejo. Mnogi, ki poskušajo iz tega kroga
            izstopiti, se na tej težki poti tudi sami preobrazijo v zagovornike "sposobnosti", obskurnega termina, ki ga
            ni mogoče pojasniti z nobeno argumentirano in razdelano mislijo. Bolj ko je obskuren, ljubši je
            kapitalizmu ...
            Prihodnost današnje skupine "nesposobnih", neprimerno največje skupine zemljanov, je v njihovih rokah: treba
            je najti mislece, ki bodo dokazali neuporabnost pojma delo kot opredeljujočega za tiste, ki ne zmorejo
            bolje, razkaditi meglo okoli osnovnih človekovih pravic v zvezi z delom, v glave vrniti stare pojme o
            enakosti vseh, dati nov pomen vsemu mednarodnemu. Vse druge oblike družbene ureditve smo si že zdavnaj
            izmislili in jih opisali, če jih nismo ponekod tudi realizirali; treba se je torej poznati med seboj in
            izkoristiti izkušnje drugih.
            In potem ... Naj preskočim najbolj pomembno in se posvetim dolini nageljnov. Slovenska beseda prihaja iz
            nemščine in označuje "žebelj, klin" kot rezultat dela. To je redek primer imena rože, ki izvira iz
            rokodelstva zaradi podobnosti med izdelkom in cvetnim listom. Nagelj je torej pravi delavski cvet. Vrtni ali
            tisti iz steklenjaka, turški, z veliko manjših cvetov, nagelj je skromen, ni za v luksuzne šopke in marmorne
            vaze. Toda skupaj z vrtnico je najpogostejši okras na uporabnih predmetih, od pohištva, vezenin,
            velikonočnih pirhov do vzorcev na cenenem cicu za obleke po vsem svetu. Dolina nageljnov, raj enakosti in
            preprostih želja, bi lahko bila v neki boljši prihodnosti, v kateri ne bi več trpinčili niti enega živega
            bitja, tudi cvetja ne, da bi raslo pod plastiko, utopično bivališče nekdanjih delavcev in sploh izkoriščanih
            ljudi.

            Dolina nageljnov, raj enakosti in preprostih želja, bi lahko bila v neki boljši prihodnosti utopično
            bivališče nekdanjih delavcev in sploh izkoriščanih ljudi

            Najpomembnejše - kako sploh priti do doline nageljnov - sem preskočila, saj očitno nimam pojma, kako bi bilo
            to mogoče. Včasih so bile ideje plod generacij, ki so izkušnje zložile v neko razumljivo sporočilo. To že
            zdavnaj ni več situacija na našem planetu, kjer so izmenjavanje izkušenj in napredek del osnovnega znanja,
            ki ga pridobimo s pismenostjo. Vse, kar je potrebno za spremembo sistema, je dostopno, sama misel je
            svobodna in obenem dovolj dobro skrita, ko je to potrebno, nič ne more preprečiti, da bi se dobra ideja
            razširila. Očitno gre za našo lenobo ter prevzetost z nesmiselnimi slikami in besedami. Recimo, da je med
            pogovorom "velikanov" o sreči in marksizmu slišati toliko občih mest, pa nobene vizije spremembe ... Rešitev
            ni v tem, da se zatopite v popolno zgradbo nageljnovega cveta in pozabite na ves svet. Nasprotno, rešitev je
            v tem, da vsako neumnost najprej zavrnete s smehom in jo nato uničite z znanjem. Če za zdaj dolino nageljnov
            razumemo kot zgodovino dela, raziskovanja in pravih sposobnosti, potem bo sprehod po njej obveza in
            zadovoljstvo.
        </article-text>
        <article-text-transliterated>Ta konec tedna bodo najbolj sposobni državljani čofotali po turkiznem morju na
            Karibih ali v Indoneziji, malo manj sposobni bodo odpakirali in zmontirali žar, za katerega so odšteli 700
            evrov ali več in ki deluje na drva, oglje, plin, elektriko, morda sončno energijo, medtem ko se bodo
            nesposobni, potem ko si bodo za kosilo privoščili pasulj, sprehodili po mestnem parku ali bližnjem gozdu ter
            se, upamo, uspešno zoperstavili klopom. Potovanja so bila nekoč morda krajša, toda delitve in navade
            ostajajo že več kot stoletje praktično enake. Enake so tudi zahteve ob prazniku – osemurni delovnik, pravice
            proletariata, svetovni mir. Premislite, v kolikšni meri so bile uresničene in koliko so kršene. Nekje med
            demonstracijami, kolektivnimi zabavami v naravi in osamljenostjo tistih popolnoma neorganiziranih je 1. maj
            danes praznik bledih spominov.
            Kapitalizmu danes ni kaj dosti mar za dobre obrazložitve, ki jih je znal formulirati še na začetku 20.
            stoletja; v pomoč mu tudi ne priskoči nobena cerkev, saj ima druga stran več vernikov. Kapitalizem
            pravzaprav nikoli niti ni imel lastne ideologije, pomagajo mu le še ceneni mediji, ki povzdigujejo bogastvo,
            vendar ga tudi ti ne ščitijo pred sovraštvom in se veselijo vsake nesreče bogatih. So pa močno sredstvo, saj
            znajo učinkovito zamegliti um, ukrasti nekaj časa in otopiti čustva. Slovenija je ena redkih evropskih držav
            in je del vesele druščine balkanskih, kjer z enakim trash jezikom hvalijo kapitalizem. Zadostuje, če na
            portalu Nova24TV in v reviji Demokracija preberemo nekaj hvalnic kapitalizmu, da postane jasno, kako brez
            dobrega poznavanja Marxa in filozofov, ki so mu sledili (Gramsci, Marcuse, Fromm), o kapitalizmu sploh ni
            mogoče razmišljati. Poleg tega pozitivno propagandno pisanje o določenem družbenem sistemu nikoli ni uspelo
            preseči komunističnega cvetno-avantgardnega sloga. V kombinaciji z zločinskim sovraštvom, ki kipi iz
            omenjenih medijev, hvalnice kapitalizmu ostajajo na ravni predšolske retorike. Najboljši primer današnjega
            govora o kapitalizmu je Trump s svojimi nesmiselnimi kombinacijami in preprostimi stavki, ki nič ne pomenijo
            in so retorično ravno tako na predšolski ravni. Kapitalizem je danes nepopisno neumen in neverbalen, vendar
            nevarnejši kot kadarkoli prej, saj je globalno razširil tehnike hkratnega uničevanja okolja in človeškega
            duha.

            Kapitalizem je danes nepopisno neumen in neverbalen, vendar nevarnejši kot kadarkoli prej, saj je globalno
            razširil tehnike hkratnega uničevanja okolja in človeškega duha

            O delavcih in njihovem načinu življenja se le malo piše; priljubljeno stališče se glasi, da delavci "ne
            obstajajo več", saj ne ustrezajo stoletje starim predstavam. A v resnici gre le za izredno razširitev pojma,
            saj so delavci danes vsi, ki so odvisni od kapitala, skupaj z brezposelnimi, prekarci, poljedelci, migranti
            - domačimi in drugimi, gospodinjami, upokojenci in malimi podjetniki. Ustavno zagotovljena "socialna država"
            neizogibno izgublja svoje temelje v spopadih s kapitalom – že več kot četrt stoletja nam na glavo padajo
            dokazi, vendar mi kljub vsem buškam še nismo pripravljeni na ves glas izreči: kapitalizem ni za ljudi. Prav
            tako neverjetno je, da ne dojamemo, da je mala država idealna za vzpostavitev pravične družbene ureditve,
            raje se kot država s psihologijo nepomembnosti vztrajno ponižujemo, prodajamo, strahopetno odmikamo od
            standardov človekovih pravic in bežimo pred etično zahtevo po mednarodni solidarnosti. Z medijsko propagando
            vsajene predstave nam preprečujejo, da bi videli, da so vsi izkoriščani danes neprimerljivo številnejši in
            potencialno močnejši razred, kot je to bil delavski razred z začetka dvajsetega stoletja. Toda manjkajo nam
            njegova tedanja samozavest, pogum in odpornost proti tudi tedaj privlačnim kapitalističnim lažem. Danes so
            prežitki teh laži še bolj nevarni. Zgodnji kapitalizem je moral igrati na karto, ki so jo uvedle buržoazne
            revolucije, zlasti francoska, torej da smo vsi enaki pred zakonom in enaki na splošno, ne glede na poreklo,
            saj je bilo to ključno orožje proti aristokratom. Danes kapitalizem brezobzirno uvaja kriterij
            "sposobnosti", ki se niti malo ne razlikuje od nekdanjega aristokratskega: izmišljene odlike družinskega
            kroga pri dedovanju poslov, razredni predsodki do revnih v šolah, realna nedostopnost višjih in boljših
            izobraževalnih ustanov za revne, nezmožnost konkuriranja pri evropskih projektih, nezaposljivost,
            nepotistične prepreke, politična pripadnost, ki samo odseva sliko razredne ... Revščina ni deležna skoraj
            nobenega privilegija pri družbenem vzponu. Mar ne nastopajo filozofi, od največjih umov naprej, tako
            užaljeno in sarkastično proti politični korektnosti in pozitivni segregaciji, ki bi lahko prav take preboje
            tudi omogočila? Krog "sposobnih" opredeljuje samo moč denarja in nobena druga odlika ali vrednota. Revni, ki
            se rojevajo v krogih nesposobnih, v glavnem v njih tudi ostanejo. Mnogi, ki poskušajo iz tega kroga
            izstopiti, se na tej težki poti tudi sami preobrazijo v zagovornike "sposobnosti", obskurnega termina, ki ga
            ni mogoče pojasniti z nobeno argumentirano in razdelano mislijo. Bolj ko je obskuren, ljubši je
            kapitalizmu ...
            Prihodnost današnje skupine "nesposobnih", neprimerno največje skupine zemljanov, je v njihovih rokah: treba
            je najti mislece, ki bodo dokazali neuporabnost pojma delo kot opredeljujočega za tiste, ki ne zmorejo
            bolje, razkaditi meglo okoli osnovnih človekovih pravic v zvezi z delom, v glave vrniti stare pojme o
            enakosti vseh, dati nov pomen vsemu mednarodnemu. Vse druge oblike družbene ureditve smo si že zdavnaj
            izmislili in jih opisali, če jih nismo ponekod tudi realizirali; treba se je torej poznati med seboj in
            izkoristiti izkušnje drugih.
            In potem ... Naj preskočim najbolj pomembno in se posvetim dolini nageljnov. Slovenska beseda prihaja iz
            nemščine in označuje "žebelj, klin" kot rezultat dela. To je redek primer imena rože, ki izvira iz
            rokodelstva zaradi podobnosti med izdelkom in cvetnim listom. Nagelj je torej pravi delavski cvet. Vrtni ali
            tisti iz steklenjaka, turški, z veliko manjših cvetov, nagelj je skromen, ni za v luksuzne šopke in marmorne
            vaze. Toda skupaj z vrtnico je najpogostejši okras na uporabnih predmetih, od pohištva, vezenin,
            velikonočnih pirhov do vzorcev na cenenem cicu za obleke po vsem svetu. Dolina nageljnov, raj enakosti in
            preprostih želja, bi lahko bila v neki boljši prihodnosti, v kateri ne bi več trpinčili niti enega živega
            bitja, tudi cvetja ne, da bi raslo pod plastiko, utopično bivališče nekdanjih delavcev in sploh izkoriščanih
            ljudi.

            Dolina nageljnov, raj enakosti in preprostih želja, bi lahko bila v neki boljši prihodnosti utopično
            bivališče nekdanjih delavcev in sploh izkoriščanih ljudi

            Najpomembnejše - kako sploh priti do doline nageljnov - sem preskočila, saj očitno nimam pojma, kako bi bilo
            to mogoče. Včasih so bile ideje plod generacij, ki so izkušnje zložile v neko razumljivo sporočilo. To že
            zdavnaj ni več situacija na našem planetu, kjer so izmenjavanje izkušenj in napredek del osnovnega znanja,
            ki ga pridobimo s pismenostjo. Vse, kar je potrebno za spremembo sistema, je dostopno, sama misel je
            svobodna in obenem dovolj dobro skrita, ko je to potrebno, nič ne more preprečiti, da bi se dobra ideja
            razširila. Očitno gre za našo lenobo ter prevzetost z nesmiselnimi slikami in besedami. Recimo, da je med
            pogovorom "velikanov" o sreči in marksizmu slišati toliko občih mest, pa nobene vizije spremembe ... Rešitev
            ni v tem, da se zatopite v popolno zgradbo nageljnovega cveta in pozabite na ves svet. Nasprotno, rešitev je
            v tem, da vsako neumnost najprej zavrnete s smehom in jo nato uničite z znanjem. Če za zdaj dolino nageljnov
            razumemo kot zgodovino dela, raziskovanja in pravih sposobnosti, potem bo sprehod po njej obveza in
            zadovoljstvo.
        </article-text-transliterated>
    </article>
    <comments>
        <comments-count>0</comments-count>
        <comment-list/>
    </comments>
</document>