<document global-id="si-04-1353">
    <url>https://www.vecer.com/drago-jancar-nominiran-za-prestizno-tolstojevo-nagrado-6253262</url>
    <source-id>si-04</source-id>
    <local-id>1353</local-id>
    <source-name>Večer</source-name>
    <article>
        <article-title>Drago Jančar nominiran za prestižno Tolstojevo nagrado</article-title>
        <article-title-transliterated>Drago Jančar nominiran za prestižno Tolstojevo nagrado
        </article-title-transliterated>
        <article-time>2017-03-25</article-time>
        <article-author>kr</article-author>
        <article-text>Forum slovanskih kultur te dni gosti predstavnike državnega muzeja Leva Tolstoja iz Jasne Poljane.
            V Ljubljani sta bila pogovora z vodjo raziskovanja v muzeju Galino Aleksejevo in vodjo mednarodnih projektov
            v muzeju Julijo Vronsko. Ta je predstavila tudi nagrado muzeja, za katero je letos nominiran tudi Drago
            Jančar.
            Gre za prestižno mednarodno literarno nagrado, vredno 1,2 milijona rubljev (okoli 20.000 evrov, nekaj manj
            kot polovico te vsote dobi tudi prevajalec nominiranega romana v ruščino). Med 28 letošnjimi nominiranci -
            žirija izbira med romani, ki so novost na ruskem knjižnem trgu - je tudi Drago Jančar, ki je prvi Slovenec,
            nominiran za nagrado.
            Ruski državni muzej Leva Tolstoja domuje na domačiji oziroma nekdanjem posestvu Tolstoja. Gre za originalno
            ohranjeno infrastrukturo posestva, ki ga letno obišče več milijonov ljudi. Na posestvu, na katerem imajo
            samooskrbno kmetijstvo, je zaposlenih okoli 500 ljudi.
            Muzej je bil odprt od leta 1921. Je drugi največji literarni muzej na svetu, ki še vedno zbira Tolstojeve
            prevode. Vsa Tolstojeva dela v muzeju so na Unescovem seznamu svetovne dediščine. Muzej je bil ustanovljen
            in ostaja voden v družinskem krogu. (kr)

            Seznam 28 nominirancev za letošnjo Tolstojevo nagrado je res fascinanten. Drago Jančar je z romanom To noč
            sem jo videl med najuglednejšimi svetovnimi literarnimi imeni, tudi že nobelovci. Toni Morrison je na
            seznamu z romanom Ljubljena (kdaj že smo ga lahko brali v slovenščini), J. M. Coetzee pa z Jezusovim
            otroštvom. Tukaj so še razvpiti Houellebecq s Podreditvijo pa Julian Barnes, Arundati Roy ali Donna Tartt.
            Nagrada bi bila seveda krasna, ampak že prisotnost na takšnem seznamu je lovorika.

            Romani Draga Jančarja prepričajo v vseh jezikih.
        </article-text>
        <article-text-transliterated>Forum slovanskih kultur te dni gosti predstavnike državnega muzeja Leva Tolstoja iz
            Jasne Poljane. V Ljubljani sta bila pogovora z vodjo raziskovanja v muzeju Galino Aleksejevo in vodjo
            mednarodnih projektov v muzeju Julijo Vronsko. Ta je predstavila tudi nagrado muzeja, za katero je letos
            nominiran tudi Drago Jančar.
            Gre za prestižno mednarodno literarno nagrado, vredno 1,2 milijona rubljev (okoli 20.000 evrov, nekaj manj
            kot polovico te vsote dobi tudi prevajalec nominiranega romana v ruščino). Med 28 letošnjimi nominiranci -
            žirija izbira med romani, ki so novost na ruskem knjižnem trgu - je tudi Drago Jančar, ki je prvi Slovenec,
            nominiran za nagrado.
            Ruski državni muzej Leva Tolstoja domuje na domačiji oziroma nekdanjem posestvu Tolstoja. Gre za originalno
            ohranjeno infrastrukturo posestva, ki ga letno obišče več milijonov ljudi. Na posestvu, na katerem imajo
            samooskrbno kmetijstvo, je zaposlenih okoli 500 ljudi.
            Muzej je bil odprt od leta 1921. Je drugi največji literarni muzej na svetu, ki še vedno zbira Tolstojeve
            prevode. Vsa Tolstojeva dela v muzeju so na Unescovem seznamu svetovne dediščine. Muzej je bil ustanovljen
            in ostaja voden v družinskem krogu. (kr)

            Seznam 28 nominirancev za letošnjo Tolstojevo nagrado je res fascinanten. Drago Jančar je z romanom To noč
            sem jo videl med najuglednejšimi svetovnimi literarnimi imeni, tudi že nobelovci. Toni Morrison je na
            seznamu z romanom Ljubljena (kdaj že smo ga lahko brali v slovenščini), J. M. Coetzee pa z Jezusovim
            otroštvom. Tukaj so še razvpiti Houellebecq s Podreditvijo pa Julian Barnes, Arundati Roy ali Donna Tartt.
            Nagrada bi bila seveda krasna, ampak že prisotnost na takšnem seznamu je lovorika.

            Romani Draga Jančarja prepričajo v vseh jezikih.
        </article-text-transliterated>
    </article>
    <comments>
        <comments-count>0</comments-count>
        <comment-list/>
    </comments>
</document>