<document global-id="si-04-1351">
    <url>https://www.vecer.com/201508076133907-6133907</url>
    <source-id>si-04</source-id>
    <local-id>1351</local-id>
    <source-name>Večer</source-name>
    <article>
        <article-title>Drago Jančar bo znova gost literarnega Berlinala</article-title>
        <article-title-transliterated>Drago Jančar bo znova gost literarnega Berlinala</article-title-transliterated>
        <article-time>2015-08-07</article-time>
        <article-author>Petra Vidali</article-author>
        <article-text>Mednarodni literarni festival Berlin, ki se ga je prijel "vzdevek" literarni Berlinale, je postal
            eden največjih in najpomembnejših evropskih in svetovnih literarnih festivalov. Prestiž mu seveda dajejo
            velika imena in dogodki, toda odmevnost si gradi tudi z vztrajno komunikacijo z mediji. Nikoli se jim ni
            zdelo o dogajanju nepotrebno obveščati vse slovenske (in, sklepamo, tudi druge) medije, kadar pa je med
            gosti festivala kak slovenski avtor, je komunikacija posebej ciljna. Tako so te dni opozorili na to, da bo
            med uglednimi gosti letošnjega festivala med 9. in 19. septembrom tudi Drago Jančar.
            Drago Jančar je vedno cenjen gost festivala: prvič so ga povabili leta 2002, nato pa še v letih 2010 in
            2012. Nemško govoreči bralci poznajo njegove romane Luzifers Lächeln (Posmehljivo poželenje), Rauschen im
            Kopf (Zvenenje v glavi), Der Galeot (Galjot), Katharina, der Pfau und der Jesuit (Katarina, pav in jezuit)
            ter Nordlicht (Severni sij).
            V programu Literature sveta, ki ga organizatorji pripravijo v sodelovanju z literarnimi poznavalci po svetu,
            se bodo poleg Jančarja predstavila imena, kot so Kazuo Ishiguro, Pankaj Mishra, Tony Birch, Peter Brown,
            Roddy Doyle, Elif Shafak, Banana Yoshimoto in še drugi svetovno znani avtorji.
            Uvodni govor so letos zaupali Javierju Maríasu, enemu najbolj priznanih sodobnih španskih romanopiscev,
            čigar dela so prevedena v več kot 40 jezikov, tudi v slovenščini ga že leta spoznavamo v prevodih Marjete
            Drobnič, od romanov Tako belo srce in Jutri v bitki misli name do Zaljubljenosti. Kot vsako leto se bo
            festival tudi tokrat v programu Razmišljanja posvetil aktualnim družbenim, političnim in kulturnim temam,
            geografski fokus bo vzhodna Evropa.
            Posebnost literarnega Berlinala je akcija Berlin bere. Nemci so sicer mojstri širjenja literarnega dogajanja
            zunaj uradnih dogajalnih prostorov, knjižni sejem v Leipzigu na primer se ob večerih prav tako širi v mesto
            s projektom Lepzig bere in je mogoče v enem večeru našteti tudi sedemdeset literarnih večerov. Berlinska
            akcija pa je zastavljena še širše. Celotno mesto želi spremeniti v bralnico oziroma čitalnico, to pa počne
            tako, da nagovarja meščane, naj (zase in/ali za druge) berejo iz svojih najljubših knjig. In druga
            posebnost: berlinski festival je edini veliki literarni festival, ki enakovredno vključuje tudi mladinsko
            književnost, njene avtorje in njene bralce.
        </article-text>
        <article-text-transliterated>Mednarodni literarni festival Berlin, ki se ga je prijel "vzdevek" literarni
            Berlinale, je postal eden največjih in najpomembnejših evropskih in svetovnih literarnih festivalov. Prestiž
            mu seveda dajejo velika imena in dogodki, toda odmevnost si gradi tudi z vztrajno komunikacijo z mediji.
            Nikoli se jim ni zdelo o dogajanju nepotrebno obveščati vse slovenske (in, sklepamo, tudi druge) medije,
            kadar pa je med gosti festivala kak slovenski avtor, je komunikacija posebej ciljna. Tako so te dni
            opozorili na to, da bo med uglednimi gosti letošnjega festivala med 9. in 19. septembrom tudi Drago Jančar.
            Drago Jančar je vedno cenjen gost festivala: prvič so ga povabili leta 2002, nato pa še v letih 2010 in
            2012. Nemško govoreči bralci poznajo njegove romane Luzifers Lächeln (Posmehljivo poželenje), Rauschen im
            Kopf (Zvenenje v glavi), Der Galeot (Galjot), Katharina, der Pfau und der Jesuit (Katarina, pav in jezuit)
            ter Nordlicht (Severni sij).
            V programu Literature sveta, ki ga organizatorji pripravijo v sodelovanju z literarnimi poznavalci po svetu,
            se bodo poleg Jančarja predstavila imena, kot so Kazuo Ishiguro, Pankaj Mishra, Tony Birch, Peter Brown,
            Roddy Doyle, Elif Shafak, Banana Yoshimoto in še drugi svetovno znani avtorji.
            Uvodni govor so letos zaupali Javierju Maríasu, enemu najbolj priznanih sodobnih španskih romanopiscev,
            čigar dela so prevedena v več kot 40 jezikov, tudi v slovenščini ga že leta spoznavamo v prevodih Marjete
            Drobnič, od romanov Tako belo srce in Jutri v bitki misli name do Zaljubljenosti. Kot vsako leto se bo
            festival tudi tokrat v programu Razmišljanja posvetil aktualnim družbenim, političnim in kulturnim temam,
            geografski fokus bo vzhodna Evropa.
            Posebnost literarnega Berlinala je akcija Berlin bere. Nemci so sicer mojstri širjenja literarnega dogajanja
            zunaj uradnih dogajalnih prostorov, knjižni sejem v Leipzigu na primer se ob večerih prav tako širi v mesto
            s projektom Lepzig bere in je mogoče v enem večeru našteti tudi sedemdeset literarnih večerov. Berlinska
            akcija pa je zastavljena še širše. Celotno mesto želi spremeniti v bralnico oziroma čitalnico, to pa počne
            tako, da nagovarja meščane, naj (zase in/ali za druge) berejo iz svojih najljubših knjig. In druga
            posebnost: berlinski festival je edini veliki literarni festival, ki enakovredno vključuje tudi mladinsko
            književnost, njene avtorje in njene bralce.
        </article-text-transliterated>
    </article>
    <comments>
        <comments-count>0</comments-count>
        <comment-list/>
    </comments>
</document>