<document global-id="si-04-1045">
    <url>https://www.vecer.com/201501156088079-6088079</url>
    <source-id>si-04</source-id>
    <local-id>1045</local-id>
    <source-name>Večer</source-name>
    <article>
        <article-title>Charlie pošel že pred zoro</article-title>
        <article-title-transliterated>Charlie pošel že pred zoro</article-title-transliterated>
        <article-time>2015-01-15</article-time>
        <article-author>Matija Stepišnik</article-author>
        <article-text>Celo natis treh milijonov pariškega satiričnega tednika Charlie Hebdo je bil včeraj premajhen.
            Urednik o naslovici z jokajočim Mohamedom: Mobilizacija, ki se je zgodila po tragediji, mora odpreti vrata
            odpuščanju. Še prav zdanilo se ni, nekaj pred osmo zjutraj, pa so trafikanti tudi v Strasbourgu, tistem
            francoskem mestu, kjer se te dni spet sestaja evropski parlament, le zmajevali z glavo: "Charlie Hebdo? Ni
            več. Že pošlo." Lahko bi ga pa prodajali do večera. Ena od prodajalk pove, da je dobila 40 izvodov, pošli so
            v 15 minutah. "Kolikor vem, pridejo v četrtek novi. V običajnih dneh prodam dva, največ tri, včasih niti
            toliko ne," se nekako sporazumeva. Mora šele brutalna tragedija pognati v zrak naklado časopisnega izdelka,
            je vprašanje, ki odmeva v glavi, pomešano s splošnimi spoznanji, kako težko se sicer skozi krizo prebijajo
            predvsem tiskani mediji. Svojevrstna perverzija sveta in časa, v katerem živimo: smrt prodaja del medijske
            industrije, ki ji nekateri prerokujejo smrt.
            Teroristi naši otroci
            "Nisem dobil izvoda, upam, da bom imel danes več sreče," se nasmehne Yannick Jadot, evropski poslanec
            Zelenih. Nič političnih zvez? "Kupil ga bom kot vsi," odvrne. Na steni v pisarni v Strasbourgu ima plakat Je
            suis Charlie. "Tega, da je časopis razprodan, ne razumem kot hipokrizijo, ampak kot močno podporo svobodi
            izražanja, novinarstvu in ne nazadnje tudi kot izraz večjega zavedanja o svetu, v katerem živimo. Malo smo,
            pogreznjeni vsak v svoje notranje težave, pozabili, kaj se dogaja. Ukrajina, Egipt, Sirija, Palestina,
            afriške države … In da nekatere stvari, tudi svoboda in varnost, niso samoumevne," mi razlaga Francoz, ki se
            ga je pokol tudi po nacionalni plati posebej dotaknil. "Teroristi so bili naši otroci, Francozi. Torej se
            moramo vprašati, kaj smo v državi naredili narobe, da se je to zgodilo. Obenem je to vprašanje za celo
            evropsko politiko," še reče.
            Čustva, spomin in biznis
            "Imaš svoj izvod?" je bil včeraj v Franciji pozdrav za dobro jutro in dober dan … Prva izdaja satiričnega
            tednika po pokolu v redakciji, ki je prejšnji teden stresel svet, je bila nemudoma razprodana, pa čeprav je
            izšla v nakladi tri milijone izvodov in to v šestih jezikih, tudi v angleščini, arabščini in turščini.
            Naklada je bila 50-krat večja kot sicer. Prodajalci tiska so znali povedati tudi, koliko ljudi si je že dan
            ali dva prej skušalo rezervirati izvod. Domačini, tujci, turisti … V Parizu revije na večini prodajnih mest
            ni bilo več že ob pol sedmih, v Strasbourgu je pošla le malo kasneje. Mnogi srečneži, ki so prišli dovolj
            zgodaj, so kupili tudi po deset, dvajset izvodov. Ista sporočila so iz vseh koncev Francije zasula družabna
            omrežja. Še en čustven dan je bil za ranjeno državo, spontani refleks na tragedijo, izražanje podpore
            uredništvu, lov na spomin(ek) … Za nekatere pa je nacionalno žalovanje postalo donosen biznis - razprodani
            Charlie Hebdo se je nemudoma znašel tudi na internetnih avkcijah. Izklicne cene so se gibale od 90 do
            neverjetnih 10.000 dolarjev, ponudbe za izvod pa naj bi bile na Ebayu dosegle tudi 15.000 dolarjev. Opoldne
            so se na strasbourških trgih že pojavili tudi preprodajalci in cena izvoda se je v mestu na francosko-nemški
            meji na črnem trgu dvignila do 500 evrov. Redna cena edicije je sicer tri evre in pol. Danes naj bi izšel še
            ponatis v nakladi dva milijona.
            Mohamed kot Charlie
            Na naslovnici zgodovinske številke je karikatura jokajočega muslimanskega preroka Mohameda z napisom Je suis
            Charlie (Jaz sem Charlie) v rokah, nad njim pa piše Tout est pardonné (Vse je oproščeno, možen prevod pa je
            tudi Vse je dovoljeno). To je edina karikatura, v kateri se pojavi Mohamed. Narisal jo je Renald "Luz"
            Luzier, karikaturist, ki se je temu, da bi kot dvanajst sodelavcev obležal v mlaki krvi, izognil, ker je na
            sestanek uredništva zaspal. "Bili so težki dnevi. Težko je bilo spraviti skupaj naslovnico. Odražati bi
            morala odražati nekaj novega in povedati nekaj v zvezi z dogodkom, s katerim smo bili soočeni," je ob tem
            rekel urednik Gerard Biard. Naslovnico je pojasnil tako: "Nismo želeli izraziti sovraštva do teroristov.
            Mobilizacija, ki se je zgodila po dogodku, mora odpreti vrata odpuščanju. Vsak mora o tem, kako odpustiti
            sočloveku, razmisliti pri sebi." Člani uredništva so tokratno številko pripravljali v prostorih Liberationa
            z opremo, sposojeno od Le Monda, finančno pa so edicijo v tako visoki nakladi podprli mnogi lokalni in tuji
            mediji.
        </article-text>
        <article-text-transliterated>Celo natis treh milijonov pariškega satiričnega tednika Charlie Hebdo je bil včeraj
            premajhen. Urednik o naslovici z jokajočim Mohamedom: Mobilizacija, ki se je zgodila po tragediji, mora
            odpreti vrata odpuščanju. Še prav zdanilo se ni, nekaj pred osmo zjutraj, pa so trafikanti tudi v
            Strasbourgu, tistem francoskem mestu, kjer se te dni spet sestaja evropski parlament, le zmajevali z glavo:
            "Charlie Hebdo? Ni več. Že pošlo." Lahko bi ga pa prodajali do večera. Ena od prodajalk pove, da je dobila
            40 izvodov, pošli so v 15 minutah. "Kolikor vem, pridejo v četrtek novi. V običajnih dneh prodam dva, največ
            tri, včasih niti toliko ne," se nekako sporazumeva. Mora šele brutalna tragedija pognati v zrak naklado
            časopisnega izdelka, je vprašanje, ki odmeva v glavi, pomešano s splošnimi spoznanji, kako težko se sicer
            skozi krizo prebijajo predvsem tiskani mediji. Svojevrstna perverzija sveta in časa, v katerem živimo: smrt
            prodaja del medijske industrije, ki ji nekateri prerokujejo smrt.
            Teroristi naši otroci
            "Nisem dobil izvoda, upam, da bom imel danes več sreče," se nasmehne Yannick Jadot, evropski poslanec
            Zelenih. Nič političnih zvez? "Kupil ga bom kot vsi," odvrne. Na steni v pisarni v Strasbourgu ima plakat Je
            suis Charlie. "Tega, da je časopis razprodan, ne razumem kot hipokrizijo, ampak kot močno podporo svobodi
            izražanja, novinarstvu in ne nazadnje tudi kot izraz večjega zavedanja o svetu, v katerem živimo. Malo smo,
            pogreznjeni vsak v svoje notranje težave, pozabili, kaj se dogaja. Ukrajina, Egipt, Sirija, Palestina,
            afriške države … In da nekatere stvari, tudi svoboda in varnost, niso samoumevne," mi razlaga Francoz, ki se
            ga je pokol tudi po nacionalni plati posebej dotaknil. "Teroristi so bili naši otroci, Francozi. Torej se
            moramo vprašati, kaj smo v državi naredili narobe, da se je to zgodilo. Obenem je to vprašanje za celo
            evropsko politiko," še reče.
            Čustva, spomin in biznis
            "Imaš svoj izvod?" je bil včeraj v Franciji pozdrav za dobro jutro in dober dan … Prva izdaja satiričnega
            tednika po pokolu v redakciji, ki je prejšnji teden stresel svet, je bila nemudoma razprodana, pa čeprav je
            izšla v nakladi tri milijone izvodov in to v šestih jezikih, tudi v angleščini, arabščini in turščini.
            Naklada je bila 50-krat večja kot sicer. Prodajalci tiska so znali povedati tudi, koliko ljudi si je že dan
            ali dva prej skušalo rezervirati izvod. Domačini, tujci, turisti … V Parizu revije na večini prodajnih mest
            ni bilo več že ob pol sedmih, v Strasbourgu je pošla le malo kasneje. Mnogi srečneži, ki so prišli dovolj
            zgodaj, so kupili tudi po deset, dvajset izvodov. Ista sporočila so iz vseh koncev Francije zasula družabna
            omrežja. Še en čustven dan je bil za ranjeno državo, spontani refleks na tragedijo, izražanje podpore
            uredništvu, lov na spomin(ek) … Za nekatere pa je nacionalno žalovanje postalo donosen biznis - razprodani
            Charlie Hebdo se je nemudoma znašel tudi na internetnih avkcijah. Izklicne cene so se gibale od 90 do
            neverjetnih 10.000 dolarjev, ponudbe za izvod pa naj bi bile na Ebayu dosegle tudi 15.000 dolarjev. Opoldne
            so se na strasbourških trgih že pojavili tudi preprodajalci in cena izvoda se je v mestu na francosko-nemški
            meji na črnem trgu dvignila do 500 evrov. Redna cena edicije je sicer tri evre in pol. Danes naj bi izšel še
            ponatis v nakladi dva milijona.
            Mohamed kot Charlie
            Na naslovnici zgodovinske številke je karikatura jokajočega muslimanskega preroka Mohameda z napisom Je suis
            Charlie (Jaz sem Charlie) v rokah, nad njim pa piše Tout est pardonné (Vse je oproščeno, možen prevod pa je
            tudi Vse je dovoljeno). To je edina karikatura, v kateri se pojavi Mohamed. Narisal jo je Renald "Luz"
            Luzier, karikaturist, ki se je temu, da bi kot dvanajst sodelavcev obležal v mlaki krvi, izognil, ker je na
            sestanek uredništva zaspal. "Bili so težki dnevi. Težko je bilo spraviti skupaj naslovnico. Odražati bi
            morala odražati nekaj novega in povedati nekaj v zvezi z dogodkom, s katerim smo bili soočeni," je ob tem
            rekel urednik Gerard Biard. Naslovnico je pojasnil tako: "Nismo želeli izraziti sovraštva do teroristov.
            Mobilizacija, ki se je zgodila po dogodku, mora odpreti vrata odpuščanju. Vsak mora o tem, kako odpustiti
            sočloveku, razmisliti pri sebi." Člani uredništva so tokratno številko pripravljali v prostorih Liberationa
            z opremo, sposojeno od Le Monda, finančno pa so edicijo v tako visoki nakladi podprli mnogi lokalni in tuji
            mediji.
        </article-text-transliterated>
    </article>
    <comments>
        <comments-count>0</comments-count>
        <comment-list/>
    </comments>
</document>