<document global-id="si-04-1222">
    <url>https://www.vecer.com/dih-jemajoc-razgled-z-jedvovce-6289211</url>
    <source-id>si-04</source-id>
    <local-id>1222</local-id>
    <source-name>Večer</source-name>
    <article>
        <article-title>Dih jemajoč razgled z Jedvovce</article-title>
        <article-title-transliterated>Dih jemajoč razgled z Jedvovce</article-title-transliterated>
        <article-time>2017-08-08</article-time>
        <article-author>Boris Jaušovec</article-author>
        <article-text>Poleg prelestnih razgledov na alpska jezera in vršace ponuja Jedvovca na avstrijskem Koroškem tudi
            vrsto adrenalinskih in etimoloških užitkov. Panoramski razgledni stolp na Jedvovci, nemško Pyramidenkogel,
            naši severni sosedje razglašajo za najvišji leseni stolp na svetu. Skupaj z anteno na vrhu je stolp, ki so
            ga odprli leta 2013, namreč visok 100 metrov. Najvišja od treh razglednih ploščadi pa je pri okoli 70 metrih
            nad zemljo. Torej vendar nekaj metrov višje kakor naš Vinarium v Lendavskih goricah. Že vrh Jedvovce premore
            905 metrov nadmorske višine, tako da je razgled s stolpa po alpskih vršacih in jezerih zares spektakularen.
            In daleč naokoli najlepši. Neposredno pod vami se steguje sinjemodro Vrbsko jezero, od vzhoda do zahoda
            dolgo 16 kilometrov in pol, široko pa v povprečju okoli dva kilometra. Na severu so Poreče, pred njimi Kačji
            otok, s krajem na obali povezan z mostom. Desno v daljavi je koroška prestolnica Celovec, levo jezero doseže
            Vrbo, po kateri nosi slovensko ime. Na ploščadih so informativne table, na katerih so sicer samo v nemščini
            označeni vsi kraji ter planinski in hribovski vrhovi od Dobrača do Vrha ali Svetega Urha.
            Triglav nad vsemi
            Na jug pa je morda pogled še bolj atraktiven, saj ga nese na gorsko verigo Kravank, in to od Pece na vzhodu
            prek Savinjskih Alp do slovensko-avstrijsko-italijanske tromeje. Vmes pa iznad Karavank kraljuje najvišji
            gorski vrh Julijcev in Slovenije Triglav s svojimi 2863 metri nadmorske višine. V dolini pred Karavankami
            opazite v dolini štirih jezer še vsaj dve temnozeleni jezerci, Hodiško in Habnarško, obkroženi s kampisti.
            Drugi dve sta še Rjavško jezero in Mlinarjev birt (birt tukaj v lokalnem narečju pomeni tolmun), vendar
            skriti za krošnjami dreves. Skratka, razgled je čudovit, dih jemajoč, in ni čudno, da je na parkirišču pod
            stolpom na Jedvovci poleg domačih, avstrijskih in nemških avtomobilskih registracij tudi precej nizozemskih
            in madžarskih avtov. Šala je, da se ravninski Evropejci na Jedvovci počutijo precej bližje nebesom kot v
            svojih domovinah.
            Razgledni stolp pravzaprav ni v celoti lesen, ker je zgrajen okoli jeklene konstrukcije. Na vrh vas dvigalo
            popelje v manj ko pol minute, peš po 441 stopnicah bi porabili precej več časa. V sredini stolpa imajo še
            posebno atrakcijo - 120-metrski tobogan, v katerem spuščajoči doseže tudi do 25 kilometrov na uro. Da se
            brez zatikanja popeljete po njem navzdol, vas zgoraj oblečejo v poseben žakelj in vam dajo še ščitnike za
            roke oziroma komolce. Vendar morajo otroci biti visoki vsaj 130 centimetrov, da morete tudi njim privoščiti
            ta adrenalinski užitek, ki sicer stane štiri evre za en spust. Vstopnice za razgledni stolp morda niso
            najbolj poceni. Družina z otroki mora plačati 24 evrov. Poleti ponujajo s stolpa še dva adrenalinska izziva.
            Eden je prosti pad, pravzaprav bungee jumping, drugi je zunanji stometrski zdrs po jeklenici, pri katerem
            premagate 70 metrov višinske razlike. V času, ko sem bil tam, si tega sicer ni privoščil nihče. Očitno je za
            kaj takega treba imeti že nekaj več poguma.
            Slovenska maša na Otoku
            Kar lahko pohvalimo, je tudi to, da delijo na stolpu propagandni prospekt, ki poleg nemščine, angleščine in
            italijanščine premore tudi slovenščino. Dobijo ga vsi, ki kupijo vstopnice. V njem je Pyramidenkogel lepo
            poimenovan po slovensko Jedvovca. Če nemško ime izhaja iz piramidalne oblike vzpetine, slovensko prihaja iz
            koroškega narečnega poimenovanja za jelo: jedva. Gozdovi pod vami so res v veliki večini iglasti. Ampak
            glede teh imen je južna avstrijska Koroška pravi etimološki zaklad. Drugo slovensko ime za Jedvovco je Konj,
            mi pojasni celovška turistična vodnica Sonja Wakounig. "Polno planin tam okoli nosi živalska imena: Kozjak,
            Petelinc, Košuta, Svinja planina. Karavanke naj bi po neki razlagi imele keltski izvor imena, ki da pomeni
            košuto, po drugi strani pa menda skalnate travnike," doda. V Hodišah še lahko najdete slovensko govoreče
            domačine, čeprav kraj zavoljo visokega praga 17,5 odstotka slovensko govorečih dvojezične krajevne table žal
            ne premore. "Je pa na južni strani Hodiškega jezera lastnik koroški Slovenec Sabotnik," pove Sonja Wakounig,
            "in tam se lahko za vse še zmeraj po slovensko zmenite."
            Za verski praznik, 15. avgusta, je na južnem Koroškem primerno iti na romanje na Otok. Tam stoji z nasipom z
            juga iz kraja Ribnica povezana cerkev na Vrbskem jezeru. Maša na ta dan, o Marijinem vnebovzetju, je v tej
            cerkvi že od pamtiveka v slovenskem jeziku.
        </article-text>
        <article-text-transliterated>Poleg prelestnih razgledov na alpska jezera in vršace ponuja Jedvovca na
            avstrijskem Koroškem tudi vrsto adrenalinskih in etimoloških užitkov. Panoramski razgledni stolp na
            Jedvovci, nemško Pyramidenkogel, naši severni sosedje razglašajo za najvišji leseni stolp na svetu. Skupaj z
            anteno na vrhu je stolp, ki so ga odprli leta 2013, namreč visok 100 metrov. Najvišja od treh razglednih
            ploščadi pa je pri okoli 70 metrih nad zemljo. Torej vendar nekaj metrov višje kakor naš Vinarium v
            Lendavskih goricah. Že vrh Jedvovce premore 905 metrov nadmorske višine, tako da je razgled s stolpa po
            alpskih vršacih in jezerih zares spektakularen.
            In daleč naokoli najlepši. Neposredno pod vami se steguje sinjemodro Vrbsko jezero, od vzhoda do zahoda
            dolgo 16 kilometrov in pol, široko pa v povprečju okoli dva kilometra. Na severu so Poreče, pred njimi Kačji
            otok, s krajem na obali povezan z mostom. Desno v daljavi je koroška prestolnica Celovec, levo jezero doseže
            Vrbo, po kateri nosi slovensko ime. Na ploščadih so informativne table, na katerih so sicer samo v nemščini
            označeni vsi kraji ter planinski in hribovski vrhovi od Dobrača do Vrha ali Svetega Urha.
            Triglav nad vsemi
            Na jug pa je morda pogled še bolj atraktiven, saj ga nese na gorsko verigo Kravank, in to od Pece na vzhodu
            prek Savinjskih Alp do slovensko-avstrijsko-italijanske tromeje. Vmes pa iznad Karavank kraljuje najvišji
            gorski vrh Julijcev in Slovenije Triglav s svojimi 2863 metri nadmorske višine. V dolini pred Karavankami
            opazite v dolini štirih jezer še vsaj dve temnozeleni jezerci, Hodiško in Habnarško, obkroženi s kampisti.
            Drugi dve sta še Rjavško jezero in Mlinarjev birt (birt tukaj v lokalnem narečju pomeni tolmun), vendar
            skriti za krošnjami dreves. Skratka, razgled je čudovit, dih jemajoč, in ni čudno, da je na parkirišču pod
            stolpom na Jedvovci poleg domačih, avstrijskih in nemških avtomobilskih registracij tudi precej nizozemskih
            in madžarskih avtov. Šala je, da se ravninski Evropejci na Jedvovci počutijo precej bližje nebesom kot v
            svojih domovinah.
            Razgledni stolp pravzaprav ni v celoti lesen, ker je zgrajen okoli jeklene konstrukcije. Na vrh vas dvigalo
            popelje v manj ko pol minute, peš po 441 stopnicah bi porabili precej več časa. V sredini stolpa imajo še
            posebno atrakcijo - 120-metrski tobogan, v katerem spuščajoči doseže tudi do 25 kilometrov na uro. Da se
            brez zatikanja popeljete po njem navzdol, vas zgoraj oblečejo v poseben žakelj in vam dajo še ščitnike za
            roke oziroma komolce. Vendar morajo otroci biti visoki vsaj 130 centimetrov, da morete tudi njim privoščiti
            ta adrenalinski užitek, ki sicer stane štiri evre za en spust. Vstopnice za razgledni stolp morda niso
            najbolj poceni. Družina z otroki mora plačati 24 evrov. Poleti ponujajo s stolpa še dva adrenalinska izziva.
            Eden je prosti pad, pravzaprav bungee jumping, drugi je zunanji stometrski zdrs po jeklenici, pri katerem
            premagate 70 metrov višinske razlike. V času, ko sem bil tam, si tega sicer ni privoščil nihče. Očitno je za
            kaj takega treba imeti že nekaj več poguma.
            Slovenska maša na Otoku
            Kar lahko pohvalimo, je tudi to, da delijo na stolpu propagandni prospekt, ki poleg nemščine, angleščine in
            italijanščine premore tudi slovenščino. Dobijo ga vsi, ki kupijo vstopnice. V njem je Pyramidenkogel lepo
            poimenovan po slovensko Jedvovca. Če nemško ime izhaja iz piramidalne oblike vzpetine, slovensko prihaja iz
            koroškega narečnega poimenovanja za jelo: jedva. Gozdovi pod vami so res v veliki večini iglasti. Ampak
            glede teh imen je južna avstrijska Koroška pravi etimološki zaklad. Drugo slovensko ime za Jedvovco je Konj,
            mi pojasni celovška turistična vodnica Sonja Wakounig. "Polno planin tam okoli nosi živalska imena: Kozjak,
            Petelinc, Košuta, Svinja planina. Karavanke naj bi po neki razlagi imele keltski izvor imena, ki da pomeni
            košuto, po drugi strani pa menda skalnate travnike," doda. V Hodišah še lahko najdete slovensko govoreče
            domačine, čeprav kraj zavoljo visokega praga 17,5 odstotka slovensko govorečih dvojezične krajevne table žal
            ne premore. "Je pa na južni strani Hodiškega jezera lastnik koroški Slovenec Sabotnik," pove Sonja Wakounig,
            "in tam se lahko za vse še zmeraj po slovensko zmenite."
            Za verski praznik, 15. avgusta, je na južnem Koroškem primerno iti na romanje na Otok. Tam stoji z nasipom z
            juga iz kraja Ribnica povezana cerkev na Vrbskem jezeru. Maša na ta dan, o Marijinem vnebovzetju, je v tej
            cerkvi že od pamtiveka v slovenskem jeziku.
        </article-text-transliterated>
    </article>
    <comments>
        <comments-count>0</comments-count>
        <comment-list/>
    </comments>
</document>