<document global-id="si-04-1408">
    <url>https://www.vecer.com/drzavljani-prevzemimo-odgovornost-6291851</url>
    <source-id>si-04</source-id>
    <local-id>1408</local-id>
    <source-name>Večer</source-name>
    <article>
        <article-title>Državljani, prevzemimo odgovornost</article-title>
        <article-title-transliterated>Državljani, prevzemimo odgovornost</article-title-transliterated>
        <article-time>2017-08-14</article-time>
        <article-author>Blaž Petkovič</article-author>
        <article-text>Spoštovana župan Bleda Janez Fajfar in šef Turizma Bled Matjaž Berčon.
            V medijih, tudi tujih, kot je Al Jazeera Balkans, prebiram, da imate s kolegi iz Bohinja tako resne težave s
            turizmom, da sta se morala pred to nevarno epidemijo začasno umakniti na varno – v Dalmacijo in celo v
            Anglijo. In da ste zaradi tega tudi sodržavljane pozvali, naj se v poletnih mesecih izognejo našemu
            turističnemu biseru in ponosu. Prav nič se vam ni treba sedaj opravičevati, kot berem, da so vas v domovini
            narobe razumeli. Za razliko od tistih, ki so soodgovorni za zadnje ekološke nesreče v naših krajih, ste
            ravnali prav in odgovorno. Res je, lahko bi tudi sokrajane opozorili, naj ne zapuščajo svojih domov in se
            tako zaradi možnosti okužb odpovejo javnim prostorom, ampak … Slovenec sem. Ne jamram. Iščem rešitve, pravi
            predsednik vlade.
            Če drži, da že razmišljate o uvedbi dnevnih kvot, o višjih cenah parkiranja in podobnih represivnih ukrepih,
            bom vaš predlog kot zavedni Slovenec, ki ljubi tehnične ovire, seveda spoštoval. Še več, v bistvu se ne bom
            nikoli več odpravil na Bled in morda naprej proti Bohinjski Bistrici, Bohinju, Voglu, Triglavskim jezerom,
            Domu na Komni ali Pokljuki. Gojzarje bom obul zgolj še ob posebnih priložnostih. Da bi tujci zaradi mene na
            odseku med gorenjsko avtocesto in Bledom čakali več kot pol ure, je nedopustno in niti najmanj državotvorno.
            Tega se za razliko od tistih, ki samo jamrajo na družbenih omrežjih, zelo dobro zavedam. Državne in lokalne
            oblasti so v zadnjih letih naredile preveč za razvoj trajnostnega turizma v vaših krajih - McDonalds v
            Lescah je pravi alpski biser, da bi to sedaj neodgovorni Slovenci – iz zavisti, kakopak – čez noč uničili.
            Za to, da ste z bohinjskimi kolegi komaj kos povečanemu povpraševanju v vaših krajih, kot pravite, niste
            prav nič krivi, odgovornost za to morajo prevzeti državljani. Sta morda slišala tistega blejskega kočijaža,
            ki je pred dnevi v poročilih komercialne televizije razlagal, da prevaža večinoma slovenske goste!?

            Bled mora postati ekskluzivna destinacija za petičneže in visoke goste golf turnirjev ali strateškega
            foruma, za ostale je – prosto po tamkajšnjem županu - Žirovnica. Priznam in se lahko ob tej priložnosti tudi
            posujem s pepelom, če hočete: toliko, kot vam v nekaj dneh pustijo ruski ali ameriški turisti, ne boste od
            mene dobili nikoli v življenju. Zato tudi ob tej priložnosti pozivam ostale sodržavljane, še posebej tiste z
            najnižjimi prihodki, ki so do zdaj pravilno parkirali na Bledu, zato plačevali parkirnino in polnili
            občinsko blagajno, da se v prihodnje z vso ponižnostjo izognete sprehodom ob blejskem jezeru. Do otrok
            bodite neomajni, ko si bodo zaželeli enodnevni izlet v "najslavnejši turistični kraj v Sloveniji". Blejske
            kremšnite so v diskontih, labodi v vsakem slovenskem bajerju, Krst pri Savici pa se tako ali tako učite v
            šoli, jim povejte. Da je voda v tamkajšnjih jezerih, onesnažena, se jim zlažite. Žiga Zois? Odgovorite jim,
            da nima nobene zveze s temi kraji. In če bo otroška vedoželjnost še naprej brbotala, uporabite tisto
            preverjeno, da so celo blejski odbojkarji pred leti zapustili Bled in se preselili v Ljubljano, da bi lahko
            nekega dne izkusili ligo prvakov. Šele takrat, ko se bo ob jezeru slišala samo še tuja beseda in bo vozni
            park najmodernejši v tem delu Evrope, bomo Slovenci na naš zeleni biser lahko ponosni. Verjetno sta že
            slišala tisto ponarodelo "Ko boš prišla na Bled" v nemškem ali italijanskem jeziku, na vašem gradu, med
            poroko … Joj, prelepo!
            Spoštovana gospoda Fajfar in Berčon, če bo vaš poslovni model odprodaje Bleda obrodil sadove, predlagam, da
            ga brezplačno ponudita v upravljanje tudi lokalnim oblastem v Kranjski Gori, Piranu, Ljubljani, skratka vsem
            paradnim konjem slovenskega turizma, ki jim bonitetne hiše v zadnjem obdobju napovedujejo najvišje ocene. Z
            nami, (so)državljani, ki pridno plačujemo davke, pa se ne obremenjujta preveč. Če ne gre drugače, bomo pač
            zimske mesece izkoristili za skok v slovensko morje, poletje pa za kakšen divji spust po belih strminah. In
            ob tem vseeno spili domače pivo za vsega štiri evre.
            Z najlepšimi pozdravi, Blaž
        </article-text>
        <article-text-transliterated>Spoštovana župan Bleda Janez Fajfar in šef Turizma Bled Matjaž Berčon.
            V medijih, tudi tujih, kot je Al Jazeera Balkans, prebiram, da imate s kolegi iz Bohinja tako resne težave s
            turizmom, da sta se morala pred to nevarno epidemijo začasno umakniti na varno – v Dalmacijo in celo v
            Anglijo. In da ste zaradi tega tudi sodržavljane pozvali, naj se v poletnih mesecih izognejo našemu
            turističnemu biseru in ponosu. Prav nič se vam ni treba sedaj opravičevati, kot berem, da so vas v domovini
            narobe razumeli. Za razliko od tistih, ki so soodgovorni za zadnje ekološke nesreče v naših krajih, ste
            ravnali prav in odgovorno. Res je, lahko bi tudi sokrajane opozorili, naj ne zapuščajo svojih domov in se
            tako zaradi možnosti okužb odpovejo javnim prostorom, ampak … Slovenec sem. Ne jamram. Iščem rešitve, pravi
            predsednik vlade.
            Če drži, da že razmišljate o uvedbi dnevnih kvot, o višjih cenah parkiranja in podobnih represivnih ukrepih,
            bom vaš predlog kot zavedni Slovenec, ki ljubi tehnične ovire, seveda spoštoval. Še več, v bistvu se ne bom
            nikoli več odpravil na Bled in morda naprej proti Bohinjski Bistrici, Bohinju, Voglu, Triglavskim jezerom,
            Domu na Komni ali Pokljuki. Gojzarje bom obul zgolj še ob posebnih priložnostih. Da bi tujci zaradi mene na
            odseku med gorenjsko avtocesto in Bledom čakali več kot pol ure, je nedopustno in niti najmanj državotvorno.
            Tega se za razliko od tistih, ki samo jamrajo na družbenih omrežjih, zelo dobro zavedam. Državne in lokalne
            oblasti so v zadnjih letih naredile preveč za razvoj trajnostnega turizma v vaših krajih - McDonalds v
            Lescah je pravi alpski biser, da bi to sedaj neodgovorni Slovenci – iz zavisti, kakopak – čez noč uničili.
            Za to, da ste z bohinjskimi kolegi komaj kos povečanemu povpraševanju v vaših krajih, kot pravite, niste
            prav nič krivi, odgovornost za to morajo prevzeti državljani. Sta morda slišala tistega blejskega kočijaža,
            ki je pred dnevi v poročilih komercialne televizije razlagal, da prevaža večinoma slovenske goste!?

            Bled mora postati ekskluzivna destinacija za petičneže in visoke goste golf turnirjev ali strateškega
            foruma, za ostale je – prosto po tamkajšnjem županu - Žirovnica. Priznam in se lahko ob tej priložnosti tudi
            posujem s pepelom, če hočete: toliko, kot vam v nekaj dneh pustijo ruski ali ameriški turisti, ne boste od
            mene dobili nikoli v življenju. Zato tudi ob tej priložnosti pozivam ostale sodržavljane, še posebej tiste z
            najnižjimi prihodki, ki so do zdaj pravilno parkirali na Bledu, zato plačevali parkirnino in polnili
            občinsko blagajno, da se v prihodnje z vso ponižnostjo izognete sprehodom ob blejskem jezeru. Do otrok
            bodite neomajni, ko si bodo zaželeli enodnevni izlet v "najslavnejši turistični kraj v Sloveniji". Blejske
            kremšnite so v diskontih, labodi v vsakem slovenskem bajerju, Krst pri Savici pa se tako ali tako učite v
            šoli, jim povejte. Da je voda v tamkajšnjih jezerih, onesnažena, se jim zlažite. Žiga Zois? Odgovorite jim,
            da nima nobene zveze s temi kraji. In če bo otroška vedoželjnost še naprej brbotala, uporabite tisto
            preverjeno, da so celo blejski odbojkarji pred leti zapustili Bled in se preselili v Ljubljano, da bi lahko
            nekega dne izkusili ligo prvakov. Šele takrat, ko se bo ob jezeru slišala samo še tuja beseda in bo vozni
            park najmodernejši v tem delu Evrope, bomo Slovenci na naš zeleni biser lahko ponosni. Verjetno sta že
            slišala tisto ponarodelo "Ko boš prišla na Bled" v nemškem ali italijanskem jeziku, na vašem gradu, med
            poroko … Joj, prelepo!
            Spoštovana gospoda Fajfar in Berčon, če bo vaš poslovni model odprodaje Bleda obrodil sadove, predlagam, da
            ga brezplačno ponudita v upravljanje tudi lokalnim oblastem v Kranjski Gori, Piranu, Ljubljani, skratka vsem
            paradnim konjem slovenskega turizma, ki jim bonitetne hiše v zadnjem obdobju napovedujejo najvišje ocene. Z
            nami, (so)državljani, ki pridno plačujemo davke, pa se ne obremenjujta preveč. Če ne gre drugače, bomo pač
            zimske mesece izkoristili za skok v slovensko morje, poletje pa za kakšen divji spust po belih strminah. In
            ob tem vseeno spili domače pivo za vsega štiri evre.
            Z najlepšimi pozdravi, Blaž
        </article-text-transliterated>
    </article>
    <comments>
        <comments-count>0</comments-count>
        <comment-list/>
    </comments>
</document>