<document global-id="si-04-1443">
    <url>https://www.vecer.com/e-realnost-6418993</url>
    <source-id>si-04</source-id>
    <local-id>1443</local-id>
    <source-name>Večer</source-name>
    <article>
        <article-title>E-realnost</article-title>
        <article-title-transliterated>E-realnost</article-title-transliterated>
        <article-time>2018-03-07</article-time>
        <article-author>Jana Juvan</article-author>
        <article-text>Končno je tudi naše zdravstvo prestopilo iz analogne v informacijsko dobo. Da nekdo še zmeraj
            ročno prenaša naše kartoteke, kot smo do nedavnega po hodnikih nosili rentgenske posnetke do zdravnikov, je
            v današnjih časih - milo rečeno - smešno. Kako bo šele tistim, ki se rojevajo s pametnimi tablicami in
            telefoni v roki. Zato je vsekakor bil skrajni čas, da sistem prilagodimo družbeni e-realnosti. A kljub
            polžjim premikom in capljanjem za 'razvitimi', pri čemer ima denimo Hrvaška že leta uvedeno elektronsko
            zdravstvo, so si snovalci eZdravja očitno za nekatere vidike vzeli premalo časa za premislek.
            Vedno je lahko (pre)več ljudi videlo naše zdravstvene kartone, ob tem pa je koga mimogrede zasrbel jezik.
            Tako je lahko prihajalo do zlorab in govoric o teh in teh znanih – javnosti ali le vaškemu občinstvu.
            Informatizacija sistema pa ne le, da tega ne bo uspešneje preprečevala. Nasprotno. Ko so informacije zbrane
            na enem mestu elektronsko, so le en klik od tega, da jih nekdo prekopira in pošlje v širni svet medmrežja.
            Ali pa ima nekdo popolno kontrolo nad nami. Poleg tega so podatki zelo donosna surovina na novodobnem trgu.
            Spomnimo samo na milijonske posle informacijskih gigantov tipa Facebook ali Google, ki z njimi ob naši
            prostovoljni radodarnosti pridno služijo. Da ob tem staknejo kakšno kazen, je pač njihovo poslovno tveganje.
            A zdi se, da smo otopeli. Ne gane nas. Sprijaznjeni smo s tem, kje vse končajo naši osebni podatki. Morda,
            ker je duh tako ali tako že ušel iz steklenice. Podatki za nas preprosto niso sveta stvar. Zato ni veliko
            presenečenje, da se tudi pri eZdravju o tem ne govori prav veliko.
            Korak nazaj v čas analogne romantike seveda ne pride v poštev. In tehnologija seveda ni sama po sebi slaba.
            Kot tudi ne dobra. Odvisna je pač od ljudi, v rokah katerih se znajde. Sistem mora biti zato previdno
            domišljen, da bi kar se da uspešno preprečeval zlorabe. In ne, da je vse prepuščeno medicinskemu osebju, ne
            glede na to, kako odgovorni in k molčečnosti zavezani so. Da jih potem pribijamo na križ zaradi tovrstnih
            kršitev, ne bo namreč nikomur koristilo.
            Žal to ni edina težava eZdravja. Razumljivo je to velik projekt, ki bo šele z menjavo generacije med
            zdravniki lahko zaživel, kot je treba. A ko se lotevamo nadgradnje sistema na procesorjih, ki tega preprosto
            ne zmorejo predelati, in kvazi ukinjamo papirnato napotnico, v resnici pa jo zamenjamo za nov natisnjeni
            papir, je bojazen, da sistem ne bo odporen na morebitno uhajanje informacij, zelo na mestu. V prvi vrsti pa
            se bodo morali o tem, kaj kdo lahko (in mora!) vidi, kot je poudarila informacijska pooblaščenka, dogovoriti
            zdravniki. Ko se v medicino vmešajo pravniki in mediji, jim to tako ali tako nikoli ni prav. Zato ni jasno,
            zakaj tega niso že zdavnaj storili.

            Podatki za nas preprosto niso sveta stvar
        </article-text>
        <article-text-transliterated>Končno je tudi naše zdravstvo prestopilo iz analogne v informacijsko dobo. Da nekdo
            še zmeraj ročno prenaša naše kartoteke, kot smo do nedavnega po hodnikih nosili rentgenske posnetke do
            zdravnikov, je v današnjih časih - milo rečeno - smešno. Kako bo šele tistim, ki se rojevajo s pametnimi
            tablicami in telefoni v roki. Zato je vsekakor bil skrajni čas, da sistem prilagodimo družbeni e-realnosti.
            A kljub polžjim premikom in capljanjem za 'razvitimi', pri čemer ima denimo Hrvaška že leta uvedeno
            elektronsko zdravstvo, so si snovalci eZdravja očitno za nekatere vidike vzeli premalo časa za premislek.
            Vedno je lahko (pre)več ljudi videlo naše zdravstvene kartone, ob tem pa je koga mimogrede zasrbel jezik.
            Tako je lahko prihajalo do zlorab in govoric o teh in teh znanih – javnosti ali le vaškemu občinstvu.
            Informatizacija sistema pa ne le, da tega ne bo uspešneje preprečevala. Nasprotno. Ko so informacije zbrane
            na enem mestu elektronsko, so le en klik od tega, da jih nekdo prekopira in pošlje v širni svet medmrežja.
            Ali pa ima nekdo popolno kontrolo nad nami. Poleg tega so podatki zelo donosna surovina na novodobnem trgu.
            Spomnimo samo na milijonske posle informacijskih gigantov tipa Facebook ali Google, ki z njimi ob naši
            prostovoljni radodarnosti pridno služijo. Da ob tem staknejo kakšno kazen, je pač njihovo poslovno tveganje.
            A zdi se, da smo otopeli. Ne gane nas. Sprijaznjeni smo s tem, kje vse končajo naši osebni podatki. Morda,
            ker je duh tako ali tako že ušel iz steklenice. Podatki za nas preprosto niso sveta stvar. Zato ni veliko
            presenečenje, da se tudi pri eZdravju o tem ne govori prav veliko.
            Korak nazaj v čas analogne romantike seveda ne pride v poštev. In tehnologija seveda ni sama po sebi slaba.
            Kot tudi ne dobra. Odvisna je pač od ljudi, v rokah katerih se znajde. Sistem mora biti zato previdno
            domišljen, da bi kar se da uspešno preprečeval zlorabe. In ne, da je vse prepuščeno medicinskemu osebju, ne
            glede na to, kako odgovorni in k molčečnosti zavezani so. Da jih potem pribijamo na križ zaradi tovrstnih
            kršitev, ne bo namreč nikomur koristilo.
            Žal to ni edina težava eZdravja. Razumljivo je to velik projekt, ki bo šele z menjavo generacije med
            zdravniki lahko zaživel, kot je treba. A ko se lotevamo nadgradnje sistema na procesorjih, ki tega preprosto
            ne zmorejo predelati, in kvazi ukinjamo papirnato napotnico, v resnici pa jo zamenjamo za nov natisnjeni
            papir, je bojazen, da sistem ne bo odporen na morebitno uhajanje informacij, zelo na mestu. V prvi vrsti pa
            se bodo morali o tem, kaj kdo lahko (in mora!) vidi, kot je poudarila informacijska pooblaščenka, dogovoriti
            zdravniki. Ko se v medicino vmešajo pravniki in mediji, jim to tako ali tako nikoli ni prav. Zato ni jasno,
            zakaj tega niso že zdavnaj storili.

            Podatki za nas preprosto niso sveta stvar
        </article-text-transliterated>
    </article>
    <comments>
        <comments-count>0</comments-count>
        <comment-list/>
    </comments>
</document>