<document global-id="si-04-1345">
    <url>https://www.vecer.com/201504146109469-6109469</url>
    <source-id>si-04</source-id>
    <local-id>1345</local-id>
    <source-name>Večer</source-name>
    <article>
        <article-title>Dr. Jekyll in Mrs. Hyde</article-title>
        <article-title-transliterated>Dr. Jekyll in Mrs. Hyde</article-title-transliterated>
        <article-time>2015-04-14</article-time>
        <article-author>BOJAN BREZIGAR, TRST</article-author>
        <article-text>Kadar potujem, vedno obiščem kako knjigarno. To delam tudi v državah, kjer ne obvladam jezika ali
            ga sploh ne poznam, predvsem z namenom, da začutim bralno kulturo nekega naroda, a tudi marketing
            knjigotržcev. Ta je, mimogrede povedano, v Sloveniji na dokaj nizki ravni: predstavijo knjigo, o njej
            poročajo na televiziji in pogosto je naslednjega dne sploh ne ugledaš v izložbah. Zgodi se tudi, da po njej
            povprašaš, pa ti vljudno odgovorijo, da je še niso prejeli. To se, na primer, v Italiji ne dogaja. Novosti
            so vedno lepo izpostavljene in vabijo kupce, ne glede na to, ali se knjigarnar z vsebino oziroma avtorjem
            strinja ali ne. Biznis je pač biznis.
            A pustimo to razglabljanje za kdaj drugič. Leta 2006 sem se tako v Washingtonu sprehajal po veliki
            knjigarni. Mojo pozornost je pritegnila knjiga z naslovom Condi vs. Hillary in podnaslovom Prihodnja velika
            predsedniška tekma. Avtor je Dick Morris, dolgoletni politični svetovalec Billa Clintona, človek, ki je, kot
            piše v kolofonu, Clintonu leta 1996 zagotovil izvolitev v drugi predsedniški mandat. Morris je avtor
            številnih knjig, pretežno ameriške politične vsebine, tudi nekaj bestsellerjev na ameriškem trgu. Knjigo sem
            kupil in tudi prebral (pripomba je nujna, ker imam tudi sam doma kar nekaj neprebranih knjig). Je namreč
            zelo zanimiva, ker podrobno opisuje politično in človeško plat dveh ameriških političnih dam. No, tistim, ki
            jim Condi ne pove veliko, naj pojasnim, da je to Condoleezza Rice, zunanja ministrica Georgea W. Busha
            oziroma njegovega drugega predsedniškega mandata.
            Morris je v svoji knjigi napovedoval ženski dvoboj za Belo hišo. Takrat je bila Hillary Clinton
            najverjetnejša kandidatka demokratske stranke, republikanci pa niso imeli nobene izstopajoče osebnosti.
            Morris je torej sklepa, da se bo "črna kobra", kot so Condoleezzo imenovali v nekaterih bruseljskih
            diplomatskih krogih (pa pri tem niso hoteli biti žaljivi, le njeno agresivnost so tako poudarjali),
            prerinila do kandidature in da bi lahko na republikanskih primarnih volitvah tudi zmagala.
            Glede na dejstvo, da je bil Morris Clintonov politični svetovalec, sem pričakoval, da bo knjiga v celoti v
            podporo Hillary. Pa sem se zmotil. Ameriški analitiki pač znajo ločiti politiko od politologije in tako sem
            z užitkom prebiral pozitivne in negativne plati obeh domnevnih kandidatk. Povedal bom še več: če bi bil
            ameriški volivec in bi se moral odločati samo na osnovi prebranega, bi verjetno glasoval za Condoleezzo
            Rice. Morris je namreč Hillary dokaj močno očrnil, predvsem ji je očital nekonzistentno delo v senatu, še
            bolj pa dvoličnost. Hillary se po njegovih besedah obnaša v javnosti kot prijazni dr. Jekyll, v zasebnem
            krogu pa je strupena mrs. Hyde. Poglavje s tem naslovom sem si v nedeljo zvečer, ko je Hillary najavila
            kandidaturo, ponovno prebral.
            Seveda, veliko prezgodaj je za vsako napoved. Počakati je treba predvsem na odločitev republikancev; če bi
            res kandidirali Jeffa Busha, bi znala imeti Hillary dobre možnosti za izvolitev, ampak zdaj ni še čas, da bi
            karkoli napovedovali. Sicer pa, Hillary je kandidirala pred osmimi leti in pogorela. Obama jo je pregazil.
            No, da ne bo dvoma, Morris v svoji knjigi omenja tudi Obamo: na 180. strani, kjer se sprašuje, ali bi lahko
            temnopolta ženska postala predsednica ZDA, avtor pojasnjuje, da v senatu ni nobene temnopolte ženske in samo
            en senator, Barack Obama iz Illinoisa, je Afroameričan. Pred osmimi leti, ko je Hillary tekmovala za Belo
            hišo, je bil Obama gospod Nihče.
        </article-text>
        <article-text-transliterated>Kadar potujem, vedno obiščem kako knjigarno. To delam tudi v državah, kjer ne
            obvladam jezika ali ga sploh ne poznam, predvsem z namenom, da začutim bralno kulturo nekega naroda, a tudi
            marketing knjigotržcev. Ta je, mimogrede povedano, v Sloveniji na dokaj nizki ravni: predstavijo knjigo, o
            njej poročajo na televiziji in pogosto je naslednjega dne sploh ne ugledaš v izložbah. Zgodi se tudi, da po
            njej povprašaš, pa ti vljudno odgovorijo, da je še niso prejeli. To se, na primer, v Italiji ne dogaja.
            Novosti so vedno lepo izpostavljene in vabijo kupce, ne glede na to, ali se knjigarnar z vsebino oziroma
            avtorjem strinja ali ne. Biznis je pač biznis.
            A pustimo to razglabljanje za kdaj drugič. Leta 2006 sem se tako v Washingtonu sprehajal po veliki
            knjigarni. Mojo pozornost je pritegnila knjiga z naslovom Condi vs. Hillary in podnaslovom Prihodnja velika
            predsedniška tekma. Avtor je Dick Morris, dolgoletni politični svetovalec Billa Clintona, človek, ki je, kot
            piše v kolofonu, Clintonu leta 1996 zagotovil izvolitev v drugi predsedniški mandat. Morris je avtor
            številnih knjig, pretežno ameriške politične vsebine, tudi nekaj bestsellerjev na ameriškem trgu. Knjigo sem
            kupil in tudi prebral (pripomba je nujna, ker imam tudi sam doma kar nekaj neprebranih knjig). Je namreč
            zelo zanimiva, ker podrobno opisuje politično in človeško plat dveh ameriških političnih dam. No, tistim, ki
            jim Condi ne pove veliko, naj pojasnim, da je to Condoleezza Rice, zunanja ministrica Georgea W. Busha
            oziroma njegovega drugega predsedniškega mandata.
            Morris je v svoji knjigi napovedoval ženski dvoboj za Belo hišo. Takrat je bila Hillary Clinton
            najverjetnejša kandidatka demokratske stranke, republikanci pa niso imeli nobene izstopajoče osebnosti.
            Morris je torej sklepa, da se bo "črna kobra", kot so Condoleezzo imenovali v nekaterih bruseljskih
            diplomatskih krogih (pa pri tem niso hoteli biti žaljivi, le njeno agresivnost so tako poudarjali),
            prerinila do kandidature in da bi lahko na republikanskih primarnih volitvah tudi zmagala.
            Glede na dejstvo, da je bil Morris Clintonov politični svetovalec, sem pričakoval, da bo knjiga v celoti v
            podporo Hillary. Pa sem se zmotil. Ameriški analitiki pač znajo ločiti politiko od politologije in tako sem
            z užitkom prebiral pozitivne in negativne plati obeh domnevnih kandidatk. Povedal bom še več: če bi bil
            ameriški volivec in bi se moral odločati samo na osnovi prebranega, bi verjetno glasoval za Condoleezzo
            Rice. Morris je namreč Hillary dokaj močno očrnil, predvsem ji je očital nekonzistentno delo v senatu, še
            bolj pa dvoličnost. Hillary se po njegovih besedah obnaša v javnosti kot prijazni dr. Jekyll, v zasebnem
            krogu pa je strupena mrs. Hyde. Poglavje s tem naslovom sem si v nedeljo zvečer, ko je Hillary najavila
            kandidaturo, ponovno prebral.
            Seveda, veliko prezgodaj je za vsako napoved. Počakati je treba predvsem na odločitev republikancev; če bi
            res kandidirali Jeffa Busha, bi znala imeti Hillary dobre možnosti za izvolitev, ampak zdaj ni še čas, da bi
            karkoli napovedovali. Sicer pa, Hillary je kandidirala pred osmimi leti in pogorela. Obama jo je pregazil.
            No, da ne bo dvoma, Morris v svoji knjigi omenja tudi Obamo: na 180. strani, kjer se sprašuje, ali bi lahko
            temnopolta ženska postala predsednica ZDA, avtor pojasnjuje, da v senatu ni nobene temnopolte ženske in samo
            en senator, Barack Obama iz Illinoisa, je Afroameričan. Pred osmimi leti, ko je Hillary tekmovala za Belo
            hišo, je bil Obama gospod Nihče.
        </article-text-transliterated>
    </article>
    <comments>
        <comments-count>0</comments-count>
        <comment-list/>
    </comments>
</document>