<document global-id="si-04-1254">
    <url>https://www.vecer.com/dnevnik-kako-smo-rojevali-v-novo-leto-6378532</url>
    <source-id>si-04</source-id>
    <local-id>1254</local-id>
    <source-name>Večer</source-name>
    <article>
        <article-title>Dnevnik: Kako smo rojevali v novo leto</article-title>
        <article-title-transliterated>Dnevnik: Kako smo rojevali v novo leto</article-title-transliterated>
        <article-time>2018-01-06</article-time>
        <article-author>Andrej Cokan, Iva Stramec, Tamara Serdinšek</article-author>
        <article-text>Andrej Cokan, specializant, babica Iva Stramec in specializantka Tamara Serdinšek iz UKC Maribor
            so bili del ekipe, ki je med novoletnimi prazniki pomagala na svet novorojencem. Dnevnik smo spisali babica
            Iva, ki ima neizmerno rada svojo družino, poklic, ki jo navdušuje, naravo, veseli pa se tudi izzivov, ki jo
            čakajo v letu 2018; specializantka Tamara, ki za kratek čas odhaja na drugo stran Trojan samo zato, da nam
            bo lahko vsak teden prinesla krofe, hkrati pa je edina mlada ginekologinja v Mariboru, ki obvlada težave,
            povezane z urinsko inkontinenco, in jaz, specializant Andrej, ki sem trenutno na študijskem dopustu, vmes
            kdaj tudi dežuram in se vztrajno držim načel obilne zdrave prehrane.

            Andrej Cokan, specializant, babica Iva Stramec in specializantka Tamara Serdinšek iz UKC Maribor so bili del
            ekipe, ki je med novoletnimi prazniki pomagala na svet novorojencem

            / PETEK, 29. DECEMBER
            Babica Iva: Na poti v službo me je spremljalo toplo zimsko sonce. Gozdovi v okolici Maribora so bili pokriti
            s snežno odejo in vse je bilo videti kot v pravljici. Ob vstopu v porodne sobe me je pozdravil jok pravkar
            rojenega novorojenčka. On in praznično okrašene porodne sobe so me navdali z veseljem in srečo. Lepo je, ko
            se rodi otrok in ko z ročicami kar išče nekoga, pri katerem bi našel oporo. Udobje in dobro počutje družine,
            ki se ji pridruži novi član, mi je vodilo in navdih za izpolnjevanje mojega poslanstva. Preden se odpravim
            na pot proti domu, nas obogati rojstvo še enega otroka - in tako je moj delovni dan popoln. Ob koncu službe
            v oskrbo predam kolegicam in kolegu še dve nosečnici z željo, da čim prej objameta svoja otroka in ju
            stisneta v varno mamino naročje.
            / SOBOTA, 30. DECEMBER
            Babica Iva: Zunaj je prav turobno vreme, megla, veter, ki od časa do časa zareže do kosti. Ob prihodu v
            službo me pričaka prav tako turobno in skrb vzbujajoče vzdušje. V zraku je čutiti napetost in razočaranje,
            kajti ves trud in vnema, ki ju vlagamo v svoje delo, sta v sekundi porušeni in ostaja samo tisti zakaj, na
            katerega žal ni odgovora. Sodelavka mi razloži, da so se naenkrat, brez pravega vzroka, znižali otrokovi
            srčni utripi, zato so morali operativno končati porod - in prav vsi smo mnenja, da nam je narava zopet
            pokazala, kako močna je, in da nas zna prelisičiti na prav prefinjen način. Stopiti v sobo in prevzeti mamo,
            ki je pozabila vse bolečine in ji je skrb le še pravkar rojeni otrok, ki ni v najboljši situaciji, je zelo
            stresno in boleče. Težko je najti besede tolažbe in ostati profesionalen, ko srce govori le še v jeziku
            mame. Čas mineva neverjetno počasi in končno očka sporoči veselo novico, da se je otrokovo stanje
            izboljšalo. Vsem nam je postalo toplo in zopet smo se lahko začeli veseliti izzivov, ki nam jih bo prinesla
            noč.
            / NEDELJA, 31. DECEMBER
            Specializant Andrej: Po približno petih urah spanja sem vstal in se na zadnji dan v letu odpravil v
            dežurstvo. Ponavadi spim malo več, vendar me zadnje čase drži pokonci literatura, ki jo prebiram pred
            specialističnim izpitom. Zadnjič sem kolega spravil v smeh, ker da se pri teh letih še učim. Služba je
            zadnji dan v letu drugačna. Nihče ne 'jamra', vsi so nekam veseli. Morda bi moral biti vsak dan kot zadnji v
            letu; moja žena, ki prihaja iz dežele sambe, rada pove, da smo narod nergačev, ki ne ve, kaj ima.
            Zjutraj predaja službe, nato kava in prvi pregled. Porodne sobe so za zdaj mirne, porodi potekajo normalno.
            Zunaj je toplo, sonce je, kar je super glede na zimski čas. Med dežurstvom veliko časa preživim na poti med
            ginekološko stavbo in porodnišnico, saj je pot po kletnem hodniku daljša. Babica Iva, soavtorica dnevnika,
            je pripravila vse za silvestrsko večerjo. Mislil sem, da bo pač večerja, ampak presenetijo dobrote, ki nas
            čakajo. Štajerke znajo pripraviti dobro vzdušje. Moja dieta bo spet šla rakom žvižgat. Vmes sem opravil
            nekaj pregledov in vizit. Ob devetih zvečer sem bil ponovno v porodnih sobah. Gospa po porodu me je
            vprašala, ali je zadnja letos. Zagotovo ne! Potihoma sem upal, da bomo imeli porod kmalu po polnoči. Prvi po
            polnoči.
            Dan je hitro minil in ob silvestrski oddaji na prvem programu televizije, ki je bila posneta 8. decembra,
            smo odštevali zadnje sekunde. Si zaželeli srečno novo leto. Prvega poroda v novem letu ni bilo. Ne v naši
            porodnišnici. Ob pol štirih zjutraj sem si rekel, da sem dovolj dolgo čakal. Šel sem spat, saj je predaja
            službe ob 7.30. Malo pred sedmo so me sicer klicali na pregled na ginekologijo. K sreči je bila nadzorna že
            pokonci in je uslišala mojo prošnjo po še par minutah spanca.
            / PONEDELJEK, 1. JANUAR
            Specializantka Tamara: Alarm na telefonu se oglasi ob šestih zjutraj. Hitro ga utišam, da ne zbudi spečega
            moža in hčerke, ki ji je Božiček poleg drugih daril prinesel tudi vodene koze. Na srečo se ji stanje že
            izboljšuje, tako da v dežurstvo na prvi dan v letu odhajam z malce manj materinske slabe vesti. V torbo za
            dežurstvo optimistično stlačim tudi računalnik. Morda mi danes uspe opraviti še kaj dela za podiplomski
            študij, za aktivnosti na fakulteti - ali pa mi uspe predelati vsaj nekaj literature za kolokvij. Sledi
            uživanje ob kavi in natanko ob sedmi uri nežen glas z druge strani stanovanja naznanja, da ima mala
            gospodična dovolj spanja, čeprav je včeraj do poznih večernih ur skozi okno z največjim veseljem opazovala
            ognjemete. Kot vsako jutro se tudi danes za nekaj minut še zaspana stisne k meni. Eden od mojih najljubših
            trenutkov dneva.
            Maribor je z izjemo nekaj zgodnjih sprehajalcev prazen in tih. Še pred predajo službe sledi izmenjava voščil
            in objemov, nato pa ugotovim, da v tem letu še sploh nismo imeli prvega poroda. Imeli pa smo že čez nekaj ur
            napovedane obiske župana in premierja, ki naj bi čestitala prvi porodnici v novem letu. A je že tako, da se
            porod ne ozira na ure, praznike in goste. No, malce po dvanajsti uri smo pozdravili prvega mariborskega
            novorojenca, ki se je rodil po izjemno lepem, lahkem in hitrem porodu. Preostanek dneva - po obisku župana
            in premierja - je med delom v porodnih sobah, operacijski dvorani, na oddelku in ob ambulantni obravnavi
            urgenc kar zletel mimo. V dežurno sobo sem prišla ob enih zjutraj in upala na relativno miren preostanek
            noči. Računalnik je seveda ostal nedotaknjen v torbi.

            / TOREK, 2. JANUAR
            Specializantka Tamara: Namesto budilke me tokrat zbudi zvok dežurnega telefona, ki kliče v porodne sobe.
            Nekaj minut pred predajo službe nas razveseli prihod še enega novorojenčka in prvo praznično dežurstvo v tem
            letu zaključimo s pravljičnimi sedmimi porodi. Dan po dežurstvu je družinsko obarvan in nekoliko lenoben. Po
            popoldanskem spanju naše gospodične, ki sem se ji v postelji z veseljem pridružila, sledi kosilo pri mojih
            starših, nato pa igranje, risanje ter večerno odhajanje v posteljo, pri katerem ima mala seveda tisoč in eno
            idejo, zakaj še ne bi šla spat. Ko jo utrujenost končno premaga, se spomnim, da sem pred točno tremi leti ob
            tem času že predihovala popadke v naših porodnih sobah. Zdi se mi, da se to njeno odraščanje odvija čisto
            prehitro ...
            Večeri po tem, ko otroci zaspijo, so najbrž za marsikatere starše prekratki za vse, kar bi želeli postoriti.
            Po osnovnih gospodinjskih opravilih končno vzamem računalnik iz torbe in pričnem delati. Novoletne zaobljube
            o tem, da bom hodila prej spat, hitro padejo v vodo, ko se kazalec na uri neusmiljeno premakne krepko čez
            polnoč. Očitno bo dovolj za danes.
            / SREDA, 3. JANUAR
            Specializantka Tamara: Malo po sedmi uri se pri vratarju srečamo tisti, ki prihajamo, in tisti, ki odhajajo
            iz nočne izmene. Na jutranjem sestanku je čutiti pozitivno ponovoletno vzdušje, ki se nadaljuje, ko pridem v
            ambulanto. Delam s super ekipo. Čeprav imamo naročenih pravzaprav malo pacientk, opravimo še precejšnje
            število nenaročenih urgentnih pregledov. Kljub temu sem imela občutek, da smo lahko vsem pacientkam namenili
            dovolj časa. Zame je eden od najlepših trenutkov našega poklica takrat, ko pri nosečnici na prvem pregledu z
            ultrazvokom potrdimo nosečnost, ki se primerno razvija, ji pokažemo gestacijsko vrečko z zarodkom in morda
            tudi njegove srčne utripe, če so že vidni. Tudi danes imamo nekaj takšnih veselih dogodkov. Vmes na hitro
            opravim nekaj klicev v povezavi z nadaljevanjem specializacije in dobim sporočilo z zdravniške zbornice, da
            so mi odobrili kroženje v tujini. Leto se je torej začelo zelo pozitivno. Preden odidem, zapakiram še nekaj
            svojih stvari, ki jih običajno puščam v službi. Jutri pričnem kroženje v drugi ustanovi. Prihajajo novi
            ljudje, novi izzivi in nove izkušnje. Imam občutek, da bo to leto zelo zanimivo in dinamično. Zdaj pa hitro
            domov, kjer že čaka naša mala slavljenka.
            / ČETRTEK, 4. JANUAR
            Specializant Andrej: Skoraj nam je že zmanjkalo prostora za pisanje, še ene strani v Večeru pa ne dobimo.
            Noč bo še dolga, kave ne smem več, ker me v želodcu že kar pošteno peče. Do izpita je vedno manj časa. Upam,
            da bom kmalu začel delati s polno odgovornostjo in dolžnostmi, ki jih prinaša zdravniški poklic. Zanima me,
            kaj se dogaja v porodnišnici ... Ah, bom jutri vprašal. Tako ali tako se vidimo v novem dežurstvu.
        </article-text>
        <article-text-transliterated>Andrej Cokan, specializant, babica Iva Stramec in specializantka Tamara Serdinšek
            iz UKC Maribor so bili del ekipe, ki je med novoletnimi prazniki pomagala na svet novorojencem. Dnevnik smo
            spisali babica Iva, ki ima neizmerno rada svojo družino, poklic, ki jo navdušuje, naravo, veseli pa se tudi
            izzivov, ki jo čakajo v letu 2018; specializantka Tamara, ki za kratek čas odhaja na drugo stran Trojan samo
            zato, da nam bo lahko vsak teden prinesla krofe, hkrati pa je edina mlada ginekologinja v Mariboru, ki
            obvlada težave, povezane z urinsko inkontinenco, in jaz, specializant Andrej, ki sem trenutno na študijskem
            dopustu, vmes kdaj tudi dežuram in se vztrajno držim načel obilne zdrave prehrane.

            Andrej Cokan, specializant, babica Iva Stramec in specializantka Tamara Serdinšek iz UKC Maribor so bili del
            ekipe, ki je med novoletnimi prazniki pomagala na svet novorojencem

            / PETEK, 29. DECEMBER
            Babica Iva: Na poti v službo me je spremljalo toplo zimsko sonce. Gozdovi v okolici Maribora so bili pokriti
            s snežno odejo in vse je bilo videti kot v pravljici. Ob vstopu v porodne sobe me je pozdravil jok pravkar
            rojenega novorojenčka. On in praznično okrašene porodne sobe so me navdali z veseljem in srečo. Lepo je, ko
            se rodi otrok in ko z ročicami kar išče nekoga, pri katerem bi našel oporo. Udobje in dobro počutje družine,
            ki se ji pridruži novi član, mi je vodilo in navdih za izpolnjevanje mojega poslanstva. Preden se odpravim
            na pot proti domu, nas obogati rojstvo še enega otroka - in tako je moj delovni dan popoln. Ob koncu službe
            v oskrbo predam kolegicam in kolegu še dve nosečnici z željo, da čim prej objameta svoja otroka in ju
            stisneta v varno mamino naročje.
            / SOBOTA, 30. DECEMBER
            Babica Iva: Zunaj je prav turobno vreme, megla, veter, ki od časa do časa zareže do kosti. Ob prihodu v
            službo me pričaka prav tako turobno in skrb vzbujajoče vzdušje. V zraku je čutiti napetost in razočaranje,
            kajti ves trud in vnema, ki ju vlagamo v svoje delo, sta v sekundi porušeni in ostaja samo tisti zakaj, na
            katerega žal ni odgovora. Sodelavka mi razloži, da so se naenkrat, brez pravega vzroka, znižali otrokovi
            srčni utripi, zato so morali operativno končati porod - in prav vsi smo mnenja, da nam je narava zopet
            pokazala, kako močna je, in da nas zna prelisičiti na prav prefinjen način. Stopiti v sobo in prevzeti mamo,
            ki je pozabila vse bolečine in ji je skrb le še pravkar rojeni otrok, ki ni v najboljši situaciji, je zelo
            stresno in boleče. Težko je najti besede tolažbe in ostati profesionalen, ko srce govori le še v jeziku
            mame. Čas mineva neverjetno počasi in končno očka sporoči veselo novico, da se je otrokovo stanje
            izboljšalo. Vsem nam je postalo toplo in zopet smo se lahko začeli veseliti izzivov, ki nam jih bo prinesla
            noč.
            / NEDELJA, 31. DECEMBER
            Specializant Andrej: Po približno petih urah spanja sem vstal in se na zadnji dan v letu odpravil v
            dežurstvo. Ponavadi spim malo več, vendar me zadnje čase drži pokonci literatura, ki jo prebiram pred
            specialističnim izpitom. Zadnjič sem kolega spravil v smeh, ker da se pri teh letih še učim. Služba je
            zadnji dan v letu drugačna. Nihče ne 'jamra', vsi so nekam veseli. Morda bi moral biti vsak dan kot zadnji v
            letu; moja žena, ki prihaja iz dežele sambe, rada pove, da smo narod nergačev, ki ne ve, kaj ima.
            Zjutraj predaja službe, nato kava in prvi pregled. Porodne sobe so za zdaj mirne, porodi potekajo normalno.
            Zunaj je toplo, sonce je, kar je super glede na zimski čas. Med dežurstvom veliko časa preživim na poti med
            ginekološko stavbo in porodnišnico, saj je pot po kletnem hodniku daljša. Babica Iva, soavtorica dnevnika,
            je pripravila vse za silvestrsko večerjo. Mislil sem, da bo pač večerja, ampak presenetijo dobrote, ki nas
            čakajo. Štajerke znajo pripraviti dobro vzdušje. Moja dieta bo spet šla rakom žvižgat. Vmes sem opravil
            nekaj pregledov in vizit. Ob devetih zvečer sem bil ponovno v porodnih sobah. Gospa po porodu me je
            vprašala, ali je zadnja letos. Zagotovo ne! Potihoma sem upal, da bomo imeli porod kmalu po polnoči. Prvi po
            polnoči.
            Dan je hitro minil in ob silvestrski oddaji na prvem programu televizije, ki je bila posneta 8. decembra,
            smo odštevali zadnje sekunde. Si zaželeli srečno novo leto. Prvega poroda v novem letu ni bilo. Ne v naši
            porodnišnici. Ob pol štirih zjutraj sem si rekel, da sem dovolj dolgo čakal. Šel sem spat, saj je predaja
            službe ob 7.30. Malo pred sedmo so me sicer klicali na pregled na ginekologijo. K sreči je bila nadzorna že
            pokonci in je uslišala mojo prošnjo po še par minutah spanca.
            / PONEDELJEK, 1. JANUAR
            Specializantka Tamara: Alarm na telefonu se oglasi ob šestih zjutraj. Hitro ga utišam, da ne zbudi spečega
            moža in hčerke, ki ji je Božiček poleg drugih daril prinesel tudi vodene koze. Na srečo se ji stanje že
            izboljšuje, tako da v dežurstvo na prvi dan v letu odhajam z malce manj materinske slabe vesti. V torbo za
            dežurstvo optimistično stlačim tudi računalnik. Morda mi danes uspe opraviti še kaj dela za podiplomski
            študij, za aktivnosti na fakulteti - ali pa mi uspe predelati vsaj nekaj literature za kolokvij. Sledi
            uživanje ob kavi in natanko ob sedmi uri nežen glas z druge strani stanovanja naznanja, da ima mala
            gospodična dovolj spanja, čeprav je včeraj do poznih večernih ur skozi okno z največjim veseljem opazovala
            ognjemete. Kot vsako jutro se tudi danes za nekaj minut še zaspana stisne k meni. Eden od mojih najljubših
            trenutkov dneva.
            Maribor je z izjemo nekaj zgodnjih sprehajalcev prazen in tih. Še pred predajo službe sledi izmenjava voščil
            in objemov, nato pa ugotovim, da v tem letu še sploh nismo imeli prvega poroda. Imeli pa smo že čez nekaj ur
            napovedane obiske župana in premierja, ki naj bi čestitala prvi porodnici v novem letu. A je že tako, da se
            porod ne ozira na ure, praznike in goste. No, malce po dvanajsti uri smo pozdravili prvega mariborskega
            novorojenca, ki se je rodil po izjemno lepem, lahkem in hitrem porodu. Preostanek dneva - po obisku župana
            in premierja - je med delom v porodnih sobah, operacijski dvorani, na oddelku in ob ambulantni obravnavi
            urgenc kar zletel mimo. V dežurno sobo sem prišla ob enih zjutraj in upala na relativno miren preostanek
            noči. Računalnik je seveda ostal nedotaknjen v torbi.

            / TOREK, 2. JANUAR
            Specializantka Tamara: Namesto budilke me tokrat zbudi zvok dežurnega telefona, ki kliče v porodne sobe.
            Nekaj minut pred predajo službe nas razveseli prihod še enega novorojenčka in prvo praznično dežurstvo v tem
            letu zaključimo s pravljičnimi sedmimi porodi. Dan po dežurstvu je družinsko obarvan in nekoliko lenoben. Po
            popoldanskem spanju naše gospodične, ki sem se ji v postelji z veseljem pridružila, sledi kosilo pri mojih
            starših, nato pa igranje, risanje ter večerno odhajanje v posteljo, pri katerem ima mala seveda tisoč in eno
            idejo, zakaj še ne bi šla spat. Ko jo utrujenost končno premaga, se spomnim, da sem pred točno tremi leti ob
            tem času že predihovala popadke v naših porodnih sobah. Zdi se mi, da se to njeno odraščanje odvija čisto
            prehitro ...
            Večeri po tem, ko otroci zaspijo, so najbrž za marsikatere starše prekratki za vse, kar bi želeli postoriti.
            Po osnovnih gospodinjskih opravilih končno vzamem računalnik iz torbe in pričnem delati. Novoletne zaobljube
            o tem, da bom hodila prej spat, hitro padejo v vodo, ko se kazalec na uri neusmiljeno premakne krepko čez
            polnoč. Očitno bo dovolj za danes.
            / SREDA, 3. JANUAR
            Specializantka Tamara: Malo po sedmi uri se pri vratarju srečamo tisti, ki prihajamo, in tisti, ki odhajajo
            iz nočne izmene. Na jutranjem sestanku je čutiti pozitivno ponovoletno vzdušje, ki se nadaljuje, ko pridem v
            ambulanto. Delam s super ekipo. Čeprav imamo naročenih pravzaprav malo pacientk, opravimo še precejšnje
            število nenaročenih urgentnih pregledov. Kljub temu sem imela občutek, da smo lahko vsem pacientkam namenili
            dovolj časa. Zame je eden od najlepših trenutkov našega poklica takrat, ko pri nosečnici na prvem pregledu z
            ultrazvokom potrdimo nosečnost, ki se primerno razvija, ji pokažemo gestacijsko vrečko z zarodkom in morda
            tudi njegove srčne utripe, če so že vidni. Tudi danes imamo nekaj takšnih veselih dogodkov. Vmes na hitro
            opravim nekaj klicev v povezavi z nadaljevanjem specializacije in dobim sporočilo z zdravniške zbornice, da
            so mi odobrili kroženje v tujini. Leto se je torej začelo zelo pozitivno. Preden odidem, zapakiram še nekaj
            svojih stvari, ki jih običajno puščam v službi. Jutri pričnem kroženje v drugi ustanovi. Prihajajo novi
            ljudje, novi izzivi in nove izkušnje. Imam občutek, da bo to leto zelo zanimivo in dinamično. Zdaj pa hitro
            domov, kjer že čaka naša mala slavljenka.
            / ČETRTEK, 4. JANUAR
            Specializant Andrej: Skoraj nam je že zmanjkalo prostora za pisanje, še ene strani v Večeru pa ne dobimo.
            Noč bo še dolga, kave ne smem več, ker me v želodcu že kar pošteno peče. Do izpita je vedno manj časa. Upam,
            da bom kmalu začel delati s polno odgovornostjo in dolžnostmi, ki jih prinaša zdravniški poklic. Zanima me,
            kaj se dogaja v porodnišnici ... Ah, bom jutri vprašal. Tako ali tako se vidimo v novem dežurstvu.
        </article-text-transliterated>
    </article>
    <comments>
        <comments-count>0</comments-count>
        <comment-list/>
    </comments>
</document>