<document global-id="si-04-1324">
    <url>https://www.vecer.com/domoljubje-ni-vihtenje-zastave-6261036</url>
    <source-id>si-04</source-id>
    <local-id>1324</local-id>
    <source-name>Večer</source-name>
    <article>
        <article-title>Domoljubje ni vihtenje zastave</article-title>
        <article-title-transliterated>Domoljubje ni vihtenje zastave</article-title-transliterated>
        <article-time>2017-05-06</article-time>
        <article-author>Kristina Božič</article-author>
        <article-text>Pogovarjali smo se z zgodovinarko dr. Darjo Kerec. Zgodovinarka dr. Darja Kerec je soavtorica nove
            monografije Slovenija moja dežela, ki sta jo napisala skupaj z zgodovinarjem Božem Repetom o družbeni
            revoluciji v osemdesetih letih. Predavateljica na pedagoških fakultetah v Ljubljani in Kopru opisuje vlogo,
            ki jo imajo spomini pri razumevanju zgodovine, kako se je pred tremi desetletji krepila ljubezen do
            slovenske dežele in na čem se gradi domoljubje. Politiki, pravi, ostaja velik dolg – do dežele in do ljudi.
            Je geslo iz srede osemdesetih let "Slovenija, moja dežela“ misel, pod katero se podpišete tudi sami?
            "O tem sem razmišljala. Verz gre takole:
            Moja dežela, to je njena lepota.
            Moja dežela, mi smo njeni ljudje.
            Lepota dežele je sloves njen,
            njeni ljudje smo njeno ime.
            Ko se je spot Slovenija, moja dežela vrtel na televiziji, je bilo to sporočilo, ki smo ga vzeli za svoje.
            Naravne danosti, ljudje, ki smo potencial in bogastvo države, a vzvodibrezposelnost. Ljudje, delavni. Danes
            bi še vedno radi delali, a tisti, ki so nas pripeljali v suvereno, samostojno državo, ta rek zlorabljajo v
            negativno smer. Kaj nas je določalo? Avantgarda, punk in rock, prodor Laibachov in skupina Videosex na MTV.
            Imeli smo športnike, saj je šport igral pomembno vlogo pri ohranjanju bratstva in enotnosti. Vse to spet
            prihaja v ospredje. Morda bi temu kdo rekel jugonostalgija, a ne gre za to – gre za osvetljevanje tedanjega
            vsakdana.
            Država ne more na silo doseči, da ljudje najdejo ljubezen do nje. Njen ustroj in institucije morajo
            zagotoviti ustrezna, osnovna sredstva, da je vsakdan znosen. Tedanji čas je bil kot katerikoli drug. Bile so
            dobre in slabe stvari, a s temi verzi in tem geslom smo se vsekakor identificirali mnogi."

            V duhu domoljubja bi bilo prav – da vemo, kdo sta bila Primož Trubar in Ivan Cankar ter da je pri
            osamosvojitvi sodelovalo veliko ljudi in da junija 1991 niso prišli trije ramboti in lastnoročno poskrbeli,
            da smo bili nato samostojni

            Je izraz dežela nekaj posebnega?
            "Zagotovo. Nekaj časa je imel slabšalen prizvok – o, vi ste z dežele, naši bratje, Slovenci z dežele. Ti
            razmisleki se lepo pokažejo skozi intervjuje. A če bi uporabili besedo država, bi se hitro očital
            separatizem, kar se kasneje, ob osamosvojitvi tudi je. Zdravko Duša in Jernej Repovš, vsi ključni avtorji
            spota so danes prepoznani in vsak ve povedati to zgodbo. Danes mi je žal le, da se ti pridevniki in
            sporočila ne udejanjajo bolj."
            Pravite, da ste generacija, ki je pol svojega življenja preživela v Jugoslaviji, pol v Sloveniji.
            "Drži – moja osemdeseta leta prejšnjega stoletja so bila leta šolanja. Imela sem srečno otroštvo med
            risankami in prostim časom zunaj, hodila sem k verouku. Ob Titovi smrti pa sem na televiziji gledala stvari,
            za katere sem vedela, da jih v celoti ne razumem."
            Bili ste pionirka.
            "In ne glede na to, kaj se danes govori v nekaterih političnih krogih, mi to ne povzroča travm. Na osnovni
            šoli v Murski Soboti je to pomenilo, da smo na tisti dan dobili nekoliko boljšo malico. Morda pingo sok,
            hrenovko ali sladico. Starši nas s tem niso strašili, od starejših vrstnikov pa smo vedeli, da dobimo rutico
            in kapico, da bo vse skupaj malo bolj slovesno, da se bo zapelo – verjetno bi danes trdili, da je šlo za
            pesmi z ideološkim predznakom, a trajnih posledic na mojem srcu ali možganih to ni pustilo."
            Prisega in petje himne v ameriških šolah še danes ni nič nenavadnega.
            "Z roko na srcu. Zanimivo je, da se je to pojavilo tudi pri Hrvatih in še kje v vzhodni Evropi. Vse večji
            poudarek se daje izrazom domoljubja, in to do mere, ko človek podvomi o pristnosti. Mahanje z zastavami se
            zdi tudi posledica očitkov, ki jih delijo samooklicani politiki domoljubi, češ kdor ne skače, ni Sloven‘c –
            a oprostite, morda kdo ne more skakati. To nima zveze z domoljubjem, ki ni v zunanjih simbolih; naša
            zastava, grb, nekoč tolar. Razumem, da prisega na srce pomeni veliko, saj brez srca ni nič. Ljubezen je
            počelo vsega, a v zadnjih letih je to eskaliralo v nacionalizme, ki se širijo po Evropi."
            O tem se učijo že mladi.
            "Domovinska vzgoja je nekaj posebnega. Domoljubje je otroku težko priučiti. Nekaj je, da znajo otroci že v
            vrtcu narisati pravo sosledje barv slovenske zastave. Da vedo, kaj pomeni grb, kdo je France Prešeren...
            Otroci vedo veliko, marsikdaj celo več kot odrasli. A zame se domoljubje kaže tudi v odnosu do jezika in
            kulture. Izobešanje zastave je subjektivna odločitev in vesela sem bila, da sem lani, ob 25. obletnici, v
            medijih prvič zaznala stališča, ki niso bila očitajoča. Poudarili so, da neizobešanje zastave ne pomeni, da
            nekdo Slovenije nima rad kot svoje dežele. Mnogim pove več to, kako ravnaš z okoljem ali se trudiš lepo
            izražati in pisati, da obvladaš temelje slovnice in osnovna dejstva iz zgodovine, da plačuješ davke, če imaš
            možnost, če ne živiš na socialnem robu – to so osnove domoljubja in pripadnosti državi."
            Je to pomembno sporočilo knjige?
            "Zagotovo je bil namen tudi pokazati, da domoljubje ne nastane instantno v ljudeh na zapoved ali ukaz. Leta
            1991 smo se osamosvojili in dobili nove simbole. Sem zato zdaj vesel domoljub, ki ne potrebuje drugega kot
            Planico in nedeljsko kosilo, da bom mahal z zastavo? Ljudje so bili in so razočarani. Lani so novinarji, ki
            dostikrat neprimerno sugerirajo občutenja domoljubja, obmolknili. Lepo je, če smo ponosni na našo deželo, a
            naj bo to iz upravičenih razlogov. Dober primer je bila čistilna akcija pred leti po celi državi Očistimo
            Slovenijo – ob takih trenutkih je človek ponosen. Moja dežela – to je njena lepota. V mnogočem so bili Dušan
            Velkaverh in ostali ustvarjalci daljnovidni – ni moč zagnati turizma, če nimaš danosti in potenciala. Samo
            na glas govoriti, da imamo radi to deželo, ni dovolj. V osemdesetih je obstajalo skupno občutenje in upanje.
            Danes pa so ljudje, ne le v Sloveniji, tudi širše v Evropi, upravičeno razočarani. Občutja so se razpršila
            in vsak si domoljubje in odnos do dežele razlaga po svoje. Politika pri tem nima pravice vsiljevati ničesar.
            Poskrbeti bi morala, da se o tem sploh ne bi izpraševali."
            Je bilo grajenje domoljubja s pionirsko prisego nekaj, kar pomaga razumeti domoljubje ali njegov manko
            danes?
            "Prisege ne znam več. V knjigo smo vključili le naslovnico knjižice, Pionir sem, pionirka sem – da to obsega
            dolžnosti učenja, biti dober in spoštljiv ... Nič od tega ni napačno. Problematična za marsikoga je
            ikonografija: rdeča zvezda, Tito ..."
            To je večji problem, kot sta današnji grb in predsednik?
            "Da. Če smo realni, lahko trdimo, da je bila Jugoslavija v primerjavi z drugimi vzhodnoevropskimi državami
            odprta v svet. A ne moremo mimo izrinjanja verskih manjšin in zapostavljanja ljudi različnih prepričanj,
            spolnih identitet. Danes se soočamo s tem, kar je značilno za celotno srednjo in vzhodno Evropo. Jugoslavija
            je imela atribute represivne države z Jugoslovansko ljudsko armado na čelu, ki nas je napadla nekaj ur po
            tem, ko smo razglasili samostojnost. Uradno ni bilo cenzure, a je bila že pri popevkah. Ni bilo vulgarizmov,
            ni se žalilo lika in dela tovariša Tita, skupne domovine, partizanskega boja, JLA in komunistične partije,
            ki je imela vse vzvode oblasti. Vse to danes v zahodnih demokracijah ne obstaja, ampak je ..."
            Ponotranjeno?
            "Vsekakor nima ideološkega predznaka. To vidimo pri delu tajnih služb. Jugoslavija je bila država, ki je
            izšla iz narodnoosvobodilnega boja, bila je zmagovalka druge svetovne vojne nad fašizmom in nacizmom,
            sprejela pa je družbeno ureditev, ki na Zahodu, katerega potrditev smo si želeli, ni veljala za
            demokratično. V odnosu do prejšnje države se še vedno prevprašujemo, koliko je bila odprta in v kolikšni
            meri je bila ‘diktatorska‘, kot se jo rado označuje v nekaterih krogih. Odgovor ni preprost. Nekdo, ki je
            moral preživeti čas v zaporu ali je po drugi svetovni vojni prebegnil v diasporo, ima druga občutenja kot
            moja generacija ali generacija iz šestdesetih, ko se je začel liberalizem in se je Slovenija najbolj odprla
            svetu.
            Zdaj, ko je svet v krizi, se spet zastavlja vprašanje, ali je bilo kaj dobrega v komunizmu ali so v
            demokraciji le dobre reči? Demokracijo imamo, a kaj z njo storiti? Vemo, da vse v socializmu ni bilo slabo.
            Rezultat plebiscita nedvomno potrjuje, da smo želeli iti iz te nesrečne Jugoslavije, ni nam bilo všeč, da so
            se sredstva namenjala vojski, da se država infrastrukturno ni razvijala, da je bila kriza in da smo morali
            po določene, ne pa po vse, izdelke čez mejo. Ni nam bilo všeč, da je tehnologija prihajala po korakih. A
            imeli smo zanesenjake, ki so jo širili. Tudi nam ni bilo všeč, da je imel delavec v Avstriji višjo plačo kot
            pri nas."
            A marsikaj od tega bi lahko trdili tudi danes.
            "Drži. A tedaj nam je bilo všeč tudi, da smo bili prepoznavni. Morda so nas severni sosedje gledali kot
            manjvredne in na Koroškem so bile razmere težke, a po večini sveta smo bili kot Jugoslovani cenjeni – zaradi
            partizanskega boja, Tita, gibanja neuvrščenih, ki je bilo poskus razvoja, ki ni bil niti turbokapitalističen
            niti skrajno komunističen. Ti potenciali se niso razvijali naprej, starejše generacije so se bale izgube
            vpliva, mladi pa so prinesli punk, kavbojke ...
            Pred leti so me študentje vpraševali, mar se niso ženske začele ličiti šele po osamosvojitvi in so kavbojke
            prišle v Slovenijo po letu 1991. Take popačene predstave so problem. Tudi v Jugoslaviji se je dogajal prodor
            Zahoda, ki se ga je videlo izrazito rožnato, četudi danes vemo, da vse od tam ni dobro. A tedaj smo si
            izrazito želeli biti del razvitega Zahoda. Potrošništvo se je začelo širiti že v šestdesetih letih, ko smo
            dobili prve samopostrežne trgovine. Pred tem so bile običajne majhne trgovine, kamor si prišel z listkom in
            ti je prodajalka za pultom vse nabrala. V Jugoslaviji je možnost, da si v trgovskih blagovnicah vsak naloži,
            kolikor želi, v vozičke, občudoval tudi Mihail Gorbačov. Na policah trgovin so bili izdelki narejeni v eni
            od jugoslovanskih republik pa tudi iz uvoza, le da so bili dražji. Kritiki socializma in zagovorniki
            možnosti potrošniške izbire poudarjajo, da je bil uvoz občutno dražji, domača pa škart roba. A to ni res.
            Doma imam še marsikaj iz tistega časa, jugoslovanske izdelke, ki so zdržali in so trpežni, medtem ko
            marsikateri sodobni izdelek hitreje razpade. Tudi igrače.
            Zagotovo pa je bila Jugoslavija v določeni meri umetno držana skupaj s svojo ideologijo – temu so služile
            štafete mladosti pa ikonografija, ki je bila s srpom, kladivom in zvezdo poznana po celem vzhodnem bloku,
            vzgajal se je ideal zdravega, športnega človeka, zvestega domovini, ki obvezno služi vojaški rok."

            In to ni moglo zdržati?
            "Življenje v državi, kjer so določene stvari prisila, z današnjega gledišča res težko podpiraš. Ko smo kot
            pionirji zdrdrali prisego, nismo vedeli, kaj to pomeni – v spominu je ostalo, da je bil prešeren dan in
            naredili smo skupno gasilsko fotografijo. Tita smo imeli radi, ker so nas učili, da ga moramo imeti radi,
            učili so nas tudi, da moramo jokati, ko je umrl. Spomnim se podob na televiziji, legendarnega Tomaža Terčka,
            ko je oznanil smrt. Spomnim se prestrašenosti, ne spomnim pa se, da bi kdo od domačih jokal. Bili sta
            morbidnost in negotovost, strah – da bo država razpadla, da smo ‘gotovi‘. A se ni nič zgodilo. Zapovedalo se
            je žalovanje, vse revije in časopisi so pisali o tem, črno-beli filmi so se predvajali na televiziji. A to
            se ob smrtih voditeljev in kraljev marsikje dogaja še danes, v 21. stoletju.
            Ljudi je bilo iskreno strah – Tito je bil figura, ki je držal skupaj državo, in politiki, ki so sledili, so
            privedli tudi do poblaznelih pobojev in sovraštva po nacionalnih in verskih linijah. Nedvomno se temu
            strokovno reče izem. A kaj so razlike, če primerjamo fašizem, nacizem, komunizem in stalinizem? Študente
            učim, da je treba prepoznati značilnosti pranja možganov, indoktrinacije. Začne se na način, ki je blizu
            otrokom – denimo s petjem pesmic. A Judje v nacistični Nemčiji pesmic niso smeli peti. Slovenski otroci v
            fašistični Italiji niso smeli peti slovenskih pesmi. Sama pionirskih pesmi nisem čutila ne kot prisilo ne
            kot orodje za izključevanje. Ko sem bila najstnica, je vpliv pustila pop-rock kultura, slišali smo starše,
            ki so ob kosilu kdaj kleli čez oblasti, bili so vici na račun Jugoslavije."
            Je v osemdesetih letih še obstajalo iskreno zadovoljstvo ljudi?
            "Odvisno, kakšno službo si imel in v kakšnem položaju si bil. Danes velja, da je bilo vsem, ki so bili člani
            partije, postlano z rožicami. To ni res. Člani so bili različni ljudje, od nižjega razreda do srednjega, ki
            danes izginja, pa do uradnikov na vidnih položajih, ki so veljali za ugledne, dobro izobražene kadre.
            So se ljudje avtocenzurirali? Kritika je bila bolj posredna – tudi v časopisih. A že novica, da se je kruh
            podražil, je nosila odmev. Parne in neparne dneve bi danes označili za ekološki ukrep, a so bili tedaj zgolj
            izraz pomanjkanja naftnih derivatov. Obstajali so satirični časopis Pavliha in karikature. Naši sosedje
            Madžari pravijo za risanko Gusztáv, da je lepo prikazala občutje ljudi – glavni junak srednjih let je bil
            vseskozi depresiven. Ustvarjalci naj bi sporočali gledalcem, da jih razumejo. Kritika je obstajala, a na
            začetku še ni šlo za program za samostojno Slovenijo. Krepila se je v intelektualnih krogih, ki so se na
            koncu večinoma zbrali okoli Nove revije, nato je prišla stavka v Litostroju. Brez povezanosti med
            intelektualci in dokaj zmernim stališčem slovenskih partijskih veljakov takšnega soglasja na plebiscitu ne
            bi bilo. Izraz plebiscitarna večina je zdaj nekaj, kar se uporablja vse bolj – tudi, da se posredno poudarja
            razdeljenost. A kdo nas je razdelil? Politika. In morda osebne izkušnje."
            So te drže koherentne? Se sovraštvo do prejšnjega režima prevaja v izključujoče domoljubje, ki ga podžiga
            sovraštvo do vseh drugačnih?
            "O tem se sprašujem kot mnogi. Del svojega življenja sem preživela v Jugoslaviji, a h knjigi lahko vsak doda
            svoj spomin in lahko oblikuje tudi kritiko preteklosti. Morda res nismo imeli tedaj na voljo vsega, a danes
            imamo vsega preveč. Moje otroštvo ni legitimator trditve, da je bilo vse prav in dobro. A drznem si reči, da
            je imela generacija, ki je bila rojena v šestdesetih, sedemdesetih in na začetku osemdesetih, srečnejše
            otroštvo, kot ga ima del slovenskih otrok danes. Ni mi treba naštevati vseh akcij in društev, ki pomagajo
            otrokom in družinam v stiski. Pa govorimo o temeljnih potrebah družin. Spomnim se šolskih izletov, ali iz
            Maribora v Ljubljano ali iz Murske Sobote v Maribor – nikoli ni bilo otroka, ki ne bi mogel na izlet – razen
            če je zbolel. O tem, da se je denar, če je bilo treba, zagotovilo iz skupnega fonda, se sploh ni govorilo.
            Otroci smo si bili bolj podobni po oblekah, čevljih. Starše smo imeli radi, a enako močno smo čutili, da se
            moramo upirati. Zato mi poosamosvojitvene generacije politikov ne morejo prodati tega, da je bilo pred letom
            1991 vse tako grozno. A če vprašate nekoga, ki ima še vedno otroka v sebi na način, da to izkorišča v
            politične namene, vam zna odgovoriti, da ni imel tega in onega ter tistega. Vendar, ljuba duša, to morda
            niti ni slabo. Če vse dobiš kot otrok, kakšen odrasli pa boš? Kako boš prispeval k družbi, če boš vseskozi
            mislil, da ti nekaj pripada? Da so to resna vprašanja naših sodobnih družb, potrjujejo tudi razvojni
            psihologi.
            Ne bi se rada vrnila v Jugoslavijo, ne želim, da se ponovi – sploh v obliki, ki jo je dobila na koncu z
            nacionalizmi, žaljenjem in uničevanjem ljudi. A se ne pustim zreducirati na to, da je, kdor govori tudi
            pozitivno o osemdesetih, jugonostalgik. To so psovke, ki so se pojavile v zadnjih letih in jih izrekajo
            ljudje, ki ali premalo berejo ali pa so podedovali negativne spomine svojih staršev. Razprave se po navadi
            začno s tem, da nekdo pove, da je bil njegov dedek pri domobrancih. Prav. Tako je bilo. A zato ne more
            trditi, da je drugi slab, ker je bil njegov dedek pri partizanih. S temi novodobnimi trditvami imam težave:
            od tega, da so bili vsi partizani komunisti, kar absolutno ne drži, saj je bila ne nazadnje komunistična
            partija pred vojno prepovedana, do krilatice o malem človeku: potrpi, potrpi, Slovenec, s cankarjansko tezo
            o hlapcih, ki so jo mediji z veseljem posvojili, tako kot idejo o razdeljenosti družbe. Danes so besede
            partizanka, intelektualec, feminist psovke. V času interneta, ob vseh knjigah o zgodovini. Za samoumevno
            velja, da mladih preteklost ne zanima. Ne trdim, da bi jih morala zanimati v smislu gradnje domovine, a v
            duhu domoljubja bi bilo prav, da vemo, kdo sta bila Primož Trubar in Ivan Cankar ter da je pri osamosvojitvi
            sodelovalo veliko ljudi in da junija 1991 niso prišli trije ramboti in lastnoročno poskrbeli, da smo bili
            nato samostojni."
            Zakaj mladi o tem ne izvejo v šolah?
            "Nedvomno je težava, da ta snov pride na vrsto maja in junija, ko se pritisk najbolj poveča, in je
            koncentracija manjša. A z določenimi projekti in izbirnimi vsebinami se to lahko popravi. Internet je
            zakladnica virov. Naloga zgodovinarjev in učiteljev je, da ločijo zrno od plev. Mladi imajo ogromno
            informacij in pomembno je, da to zmedo vsaj približno uredimo. Mnogi podedujejo spomin sorodnikov ali
            interesnih skupin. Zato hitro zapadejo pod nove skovanke, ki so napol psovke, od retrokomunistov do
            ‘jugonostalgičarjev‘. Če je v zadnjega četrt stoletja prišlo do poplave teh novorekov, se je splošna
            razgledanost le skrčila – pri študentih, v medijih kot med običajnimi ljudmi. Nekoč smo imeli boljši odnos
            do jezika."
            Je veliko zagrenjenosti?
            "Predvsem je veliko izključnega pripisovanja zaslug. Da je nekdo lastnoročno osamosvojil Slovenijo, je
            žaljivo in zaničevalno – tudi do staršev, dedkov in babic, ki so pomagali zgraditi to deželo."

            Nihče, še posebno noben politik, nima pravice govoriti, česa naj se in česa se lahko ljudje spominjajo.
            Politika nima kaj usmerjati odnos ljudi do česarkoli. Ima vzvode zakonov, s katerimi naj poskrbi, da javne
            storitve in država delujejo – to je njena naloga

            Na predstavitvi knjige ste dejali pro bono, pro patria, brez medalj.
            "Ta drža pro bono, pro patria ni bila izjema. Podobno je bilo na Madžarskem, v baltskih državah, kjer so se
            ljudje prijemali za roke in sklenili obroč, v mnogih pogledih je bilo tako tudi na Poljskem, Češkem in
            Slovaškem, četudi so obstajale specifike.
            Danes se je zakoreninila ideja, da mora biti vsak za vse plačan. Ne razumite narobe, vsekakor mora biti vsak
            plačan za svoje delo, za nadure in izvedene projekte. A ljudje nismo le to. Naredimo še marsikaj drugega.
            Zato je nesprejemljivo, da si v odnosu do domovine nekateri pripenjajo ločene medalje in postavljajo
            spominske table. V osemdesetih ni bilo nikomur nič težko narediti. Ob procesu četverice so ljudje hodili na
            proteste z vseh koncev, tudi z zadnjimi dinarji. Ni bilo težko deliti cvetja, Tonetu Pavčku ni bilo težko
            prebrati Majniške deklaracije. To so drobni detajli, a to je del te zgodbe pro bono, pro patria, v skupno
            dobro, zastonj, za domovino. Danes vidimo nekaj tega med prostovoljci. A razlogi za njihovo prostovoljno
            delo so drugje – država ni znala ali hotela poskrbeti za svoje državljane, za osnovne storitve."
            Od kod je to izviralo tedaj – iz ostankov ideje bratstva in enotnosti ali od drugod?
            "Navajeni smo bili, da marsikaj naredimo sami. Bili so samoprispevki, pa legendarna nadaljevanka Naša
            krajevna skupnost. Ljudje so sestankovali in nato marsikaj naredili. Spomnim se, da so v parku v Murski
            Soboti sosedje postavili tobogan. Zraven je pomagal nekdo, ki je poskrbel, da je bilo varno in otrokom
            prijazno, zamešali so beton, skopali jamo, postavili konstrukcijo. Naredili so peskovnik, ženske so skuhale
            kavo in pripravile malico. Šlo je za skupno akcijo skupnosti. Danes v parku igral ni več. Otroci so za
            računalniki, mar jih potrebujejo? Tobogani so del šolskih igrišč, ki so zaklenjena in zamrežena za visokimi
            ograjami – le delno zaradi varnosti otrok. Tudi kidanje snega je bil tak skupni podvig. Na manjših ulicah;
            da ne bodo trdili, da se tedaj ni plužilo – seveda se je. Danes imamo težave, da se ne. Mladi se sprašujejo,
            kako smo lahko živeli brez mobilnikov in interneta. Pogovarjali smo se in se mnogo manj delili."
            V knjigi pišete o vlogi medijev, ko je prišlo do delitev med ljudmi in narodi. Zanimivo je, da je Slovenija
            največ prispevala v skupni fond Jugoslavije, iz katerega je največ šlo na Kosovo – pa vendar so med
            republikami obstajale velike simpatije in solidarnost. Kako to?
            "To je bratstvo in enotnost. In to je dobro vedel Tito. Pa tudi politiki pred njim, s Francem Jožefom na
            čelu. Če daš znotraj tako megalomanske, versko, etnično in jezikovno pisane države narodom preveč pravic,
            potem ta razpade. Jugoslavija je bila resnično multikulturna tvorba. To se je najlepše odzrcalilo leta 1984,
            ko je bila država že globoko zadolžena, a prva socialistična država, ki je gostila zimske olimpijske igre.
            Sarajevo je bilo srčika tega, kar bi nekateri rekli, da se je umetno vzdrževalo z idejo bratstva in
            enotnosti, s slovesom osvobodilnega boja. Slovenci smo čutili naklonjenost do Kosova, ker smo dobro
            razumeli, kaj pomeni biti manjšinski narod. Imeli smo manjšine v Italiji, Avstriji in na Madžarskem.
            Razumeli smo, da se v Srbiji neti nacionalistični ogenj – tudi med intelektualci in na akademiji.
            A tudi to se je obrnilo. Med prebivalci so danes stališča do podpore kosovski državi mnogo bolj raznolika.
            Nacionalizmi se kuhajo že nekaj let. In obetajo se čudni časi. Študentje pišejo, da so Slovenke dobile
            volilno pravico leta 1991 – oprostite, dala sta jim jo Tito in partija. Res pa je, da so bile možnosti na
            volitvah drugačne, saj ni bilo večstrankarskih volitev. A bile so skupine, ki so se borile za enakopravnost.
            V Jugoslaviji je bila homoseksualnost dekriminalizirana leta 1974. V Sloveniji se je punk pojavil relativno
            kmalu. Če ne poznaš teh dejstev, marsičesa ne razumeš – tudi koncerta Laibachov v Severni Koreji ne."
            Vas je med intervjuji kaj presenetilo, ker se ni skladalo z vašimi spomini?
            "Med ljudmi je obstajala sinergija. Razumeli so. Začelo se je leta 1983 in nato dozorelo v ta čudoviti oglas
            tri leta kasneje, po krajšem času, ko je bil material v bunkerju. Jugoslavija je bila v krizi, a nihče ni
            mislil, da bo razpadla. Vsi so razmišljali kohezivno, a za narodov, slovenski blagor. Šlo je za ekipo, v
            kateri so sodelovali Karpo Godina, Jaka Judnič, Zdravko Papič, Jani Golob in ženski vokalni ansambel Strune
            ter Oto Pestner. Šlo je za čudovito energijo. In sporočilo. Današnje reklame so narejene popolnoma drugače.
            Slovenci smo imeli kasneje pri turizmu težave z lastno identiteto. Zanimivo je, da so že tedaj razmišljali
            tudi o opciji love znotraj imena Slovenija, a tega niso realizirali. Kasnejše geslo na sončni strani Alp so
            zdaj zaščitili Avstrijci.
            Sodelovali so ljudje, ki so bili zgodovinsko razgledani, načitani in so vedeli, kako se spogledovati. Leta
            1986 se je naša identiteta prvič izrisala. Živeli smo naprej, oglas je izginil z ekranov, pojavila so se
            nova gibanja in prvi zapisi programov, prebrala se je Majniška deklaracija, sledile so volitve in plebiscit.
            Šlo je za dekado dogodkov – tudi če gledamo po dnevih, se je vseskozi dogajalo. Ljudje so večinoma zaznali
            le večje dogodke, a vse to se je nekje kopičilo."
            Se lahko na podlagi malih zgodb vsakdanjega življenja ustvari celostna, resnična slika?
            "Obstaja vezivo. Iz osebnih zgodb od potrošništva dalje ostane slika, ki omogoči razumevanje tedanjega časa.
            Ljudje smo unikumi, zato je dragoceno, da lahko h knjigi vsak pridoda svoje spomine. Zgodovinar preveri,
            kakšna je bila cena in povprečna izbira, kaj si si lahko s povprečno plačo privoščil. A tega ne moremo
            projicirati niti povprek niti posamično. Tako nastanejo le manipulacije. Kako ponuditi eno, koherentno
            zgodbo? Če posamezne zgodbe preveč poudarjaš, ti očitajo jugonostalgijo. Kot da dojemanje običajnega človeka
            ne velja. Zato ne maram krilatice mali človek – oprostite, ne počutim se majhno in ni potrebe, da bi se
            kdorkoli ob komerkoli počutil majhnega."
            Zgodba posameznika je nostalgična?
            "Je vse resnica, kar napiše neki politik? Ne trdim, da lahko zgodovinske knjige pišejo le zgodovinarji, vsak
            ima pravico, da goji spomine in jih zapiše. A nihče, še posebno noben politik, nima pravice govoriti, česa
            naj se in česa se lahko ljudje spominjajo. Politika nima kaj usmerjati odnos ljudi do česarkoli. Ima vzvode
            zakonov, s katerimi naj poskrbi, da javne storitve in država delujejo – to je njena naloga. Kar se nam
            dogaja, je huda zloraba. Širijo se laži. In tu je naloga zgodovinarjev, pa tudi novinarjev, da potvarjanjem
            rečemo dovolj. Ljudje hodijo skozi življenje z zelo luknjičavim ali naravnost napačnim znanjem zgodovine,
            nekateri se vzpostavijo tudi v politiki. Posledično se ne moremo čuditi, da imamo nacionalizme in se ljudje
            slepo navdušujejo nad ustaškimi simboli, nacisti in drugimi ljudomrzneži. Ljudi se dobesedno hujska. In to
            se lahko generira že v šolskih klopeh. Zato moramo ostati budni in previdni, kako se uporablja
            indoktrinacija. Vem, da mi bodo očitali, da sem bila sama indoktrinirana v to, da je bil Tito dober, da smo
            lahko poslušali rock in je vsaka republika imela svojo tovarno čokolade. A bližajo se nevarni časi in grozno
            je, da politika nekatere okuži z mržnjo in ljudje začno sovražiti drug drugega.
            To je bil eden od vzgibov za to knjigo. Počasi gre človeku na živce, da mladi, ki niso bili niti rojeni v
            času Jugoslavije, očitajoče govorijo, da tedaj ni bilo banan. A kaj je narobe z jagodami? In zakaj je
            drugače, ko nam zdaj govorijo, kako dobri so domači fižol in jabolka? Je to bolje le zato, ker je trendi in
            z Zahoda?
            Ti preobrati so nori. Od demokratičnih pogledov proti nacionalizmom. K črnjenju vsega, kar je socialno –
            vsemu želijo prilepiti negativne stereotipe o socialističnih režimih. Ljudje mešajo pojme ali nalašč
            manipulirajo. Socializem izvira iz besede socialis – družben. Tudi beseda pionir pomeni nekoga, ki je prvi
            in orje ledino. Od kdaj in zakaj je to nekaj negativnega in relikt komunizma? Lepo vas prosim! Dobro, tedaj
            so otroke indoktrinirali s tem, da so jih šemili v pionirčke – a priznajmo, da se jih danes šemi in
            indoktrinira v marsikaj drugega. Tudi v uniforme določenih organizacij, ki imajo namen širiti lastno
            ideologijo." •
        </article-text>
        <article-text-transliterated>Pogovarjali smo se z zgodovinarko dr. Darjo Kerec. Zgodovinarka dr. Darja Kerec je
            soavtorica nove monografije Slovenija moja dežela, ki sta jo napisala skupaj z zgodovinarjem Božem Repetom o
            družbeni revoluciji v osemdesetih letih. Predavateljica na pedagoških fakultetah v Ljubljani in Kopru
            opisuje vlogo, ki jo imajo spomini pri razumevanju zgodovine, kako se je pred tremi desetletji krepila
            ljubezen do slovenske dežele in na čem se gradi domoljubje. Politiki, pravi, ostaja velik dolg – do dežele
            in do ljudi.
            Je geslo iz srede osemdesetih let "Slovenija, moja dežela“ misel, pod katero se podpišete tudi sami?
            "O tem sem razmišljala. Verz gre takole:
            Moja dežela, to je njena lepota.
            Moja dežela, mi smo njeni ljudje.
            Lepota dežele je sloves njen,
            njeni ljudje smo njeno ime.
            Ko se je spot Slovenija, moja dežela vrtel na televiziji, je bilo to sporočilo, ki smo ga vzeli za svoje.
            Naravne danosti, ljudje, ki smo potencial in bogastvo države, a vzvodibrezposelnost. Ljudje, delavni. Danes
            bi še vedno radi delali, a tisti, ki so nas pripeljali v suvereno, samostojno državo, ta rek zlorabljajo v
            negativno smer. Kaj nas je določalo? Avantgarda, punk in rock, prodor Laibachov in skupina Videosex na MTV.
            Imeli smo športnike, saj je šport igral pomembno vlogo pri ohranjanju bratstva in enotnosti. Vse to spet
            prihaja v ospredje. Morda bi temu kdo rekel jugonostalgija, a ne gre za to – gre za osvetljevanje tedanjega
            vsakdana.
            Država ne more na silo doseči, da ljudje najdejo ljubezen do nje. Njen ustroj in institucije morajo
            zagotoviti ustrezna, osnovna sredstva, da je vsakdan znosen. Tedanji čas je bil kot katerikoli drug. Bile so
            dobre in slabe stvari, a s temi verzi in tem geslom smo se vsekakor identificirali mnogi."

            V duhu domoljubja bi bilo prav – da vemo, kdo sta bila Primož Trubar in Ivan Cankar ter da je pri
            osamosvojitvi sodelovalo veliko ljudi in da junija 1991 niso prišli trije ramboti in lastnoročno poskrbeli,
            da smo bili nato samostojni

            Je izraz dežela nekaj posebnega?
            "Zagotovo. Nekaj časa je imel slabšalen prizvok – o, vi ste z dežele, naši bratje, Slovenci z dežele. Ti
            razmisleki se lepo pokažejo skozi intervjuje. A če bi uporabili besedo država, bi se hitro očital
            separatizem, kar se kasneje, ob osamosvojitvi tudi je. Zdravko Duša in Jernej Repovš, vsi ključni avtorji
            spota so danes prepoznani in vsak ve povedati to zgodbo. Danes mi je žal le, da se ti pridevniki in
            sporočila ne udejanjajo bolj."
            Pravite, da ste generacija, ki je pol svojega življenja preživela v Jugoslaviji, pol v Sloveniji.
            "Drži – moja osemdeseta leta prejšnjega stoletja so bila leta šolanja. Imela sem srečno otroštvo med
            risankami in prostim časom zunaj, hodila sem k verouku. Ob Titovi smrti pa sem na televiziji gledala stvari,
            za katere sem vedela, da jih v celoti ne razumem."
            Bili ste pionirka.
            "In ne glede na to, kaj se danes govori v nekaterih političnih krogih, mi to ne povzroča travm. Na osnovni
            šoli v Murski Soboti je to pomenilo, da smo na tisti dan dobili nekoliko boljšo malico. Morda pingo sok,
            hrenovko ali sladico. Starši nas s tem niso strašili, od starejših vrstnikov pa smo vedeli, da dobimo rutico
            in kapico, da bo vse skupaj malo bolj slovesno, da se bo zapelo – verjetno bi danes trdili, da je šlo za
            pesmi z ideološkim predznakom, a trajnih posledic na mojem srcu ali možganih to ni pustilo."
            Prisega in petje himne v ameriških šolah še danes ni nič nenavadnega.
            "Z roko na srcu. Zanimivo je, da se je to pojavilo tudi pri Hrvatih in še kje v vzhodni Evropi. Vse večji
            poudarek se daje izrazom domoljubja, in to do mere, ko človek podvomi o pristnosti. Mahanje z zastavami se
            zdi tudi posledica očitkov, ki jih delijo samooklicani politiki domoljubi, češ kdor ne skače, ni Sloven‘c –
            a oprostite, morda kdo ne more skakati. To nima zveze z domoljubjem, ki ni v zunanjih simbolih; naša
            zastava, grb, nekoč tolar. Razumem, da prisega na srce pomeni veliko, saj brez srca ni nič. Ljubezen je
            počelo vsega, a v zadnjih letih je to eskaliralo v nacionalizme, ki se širijo po Evropi."
            O tem se učijo že mladi.
            "Domovinska vzgoja je nekaj posebnega. Domoljubje je otroku težko priučiti. Nekaj je, da znajo otroci že v
            vrtcu narisati pravo sosledje barv slovenske zastave. Da vedo, kaj pomeni grb, kdo je France Prešeren...
            Otroci vedo veliko, marsikdaj celo več kot odrasli. A zame se domoljubje kaže tudi v odnosu do jezika in
            kulture. Izobešanje zastave je subjektivna odločitev in vesela sem bila, da sem lani, ob 25. obletnici, v
            medijih prvič zaznala stališča, ki niso bila očitajoča. Poudarili so, da neizobešanje zastave ne pomeni, da
            nekdo Slovenije nima rad kot svoje dežele. Mnogim pove več to, kako ravnaš z okoljem ali se trudiš lepo
            izražati in pisati, da obvladaš temelje slovnice in osnovna dejstva iz zgodovine, da plačuješ davke, če imaš
            možnost, če ne živiš na socialnem robu – to so osnove domoljubja in pripadnosti državi."
            Je to pomembno sporočilo knjige?
            "Zagotovo je bil namen tudi pokazati, da domoljubje ne nastane instantno v ljudeh na zapoved ali ukaz. Leta
            1991 smo se osamosvojili in dobili nove simbole. Sem zato zdaj vesel domoljub, ki ne potrebuje drugega kot
            Planico in nedeljsko kosilo, da bom mahal z zastavo? Ljudje so bili in so razočarani. Lani so novinarji, ki
            dostikrat neprimerno sugerirajo občutenja domoljubja, obmolknili. Lepo je, če smo ponosni na našo deželo, a
            naj bo to iz upravičenih razlogov. Dober primer je bila čistilna akcija pred leti po celi državi Očistimo
            Slovenijo – ob takih trenutkih je človek ponosen. Moja dežela – to je njena lepota. V mnogočem so bili Dušan
            Velkaverh in ostali ustvarjalci daljnovidni – ni moč zagnati turizma, če nimaš danosti in potenciala. Samo
            na glas govoriti, da imamo radi to deželo, ni dovolj. V osemdesetih je obstajalo skupno občutenje in upanje.
            Danes pa so ljudje, ne le v Sloveniji, tudi širše v Evropi, upravičeno razočarani. Občutja so se razpršila
            in vsak si domoljubje in odnos do dežele razlaga po svoje. Politika pri tem nima pravice vsiljevati ničesar.
            Poskrbeti bi morala, da se o tem sploh ne bi izpraševali."
            Je bilo grajenje domoljubja s pionirsko prisego nekaj, kar pomaga razumeti domoljubje ali njegov manko
            danes?
            "Prisege ne znam več. V knjigo smo vključili le naslovnico knjižice, Pionir sem, pionirka sem – da to obsega
            dolžnosti učenja, biti dober in spoštljiv ... Nič od tega ni napačno. Problematična za marsikoga je
            ikonografija: rdeča zvezda, Tito ..."
            To je večji problem, kot sta današnji grb in predsednik?
            "Da. Če smo realni, lahko trdimo, da je bila Jugoslavija v primerjavi z drugimi vzhodnoevropskimi državami
            odprta v svet. A ne moremo mimo izrinjanja verskih manjšin in zapostavljanja ljudi različnih prepričanj,
            spolnih identitet. Danes se soočamo s tem, kar je značilno za celotno srednjo in vzhodno Evropo. Jugoslavija
            je imela atribute represivne države z Jugoslovansko ljudsko armado na čelu, ki nas je napadla nekaj ur po
            tem, ko smo razglasili samostojnost. Uradno ni bilo cenzure, a je bila že pri popevkah. Ni bilo vulgarizmov,
            ni se žalilo lika in dela tovariša Tita, skupne domovine, partizanskega boja, JLA in komunistične partije,
            ki je imela vse vzvode oblasti. Vse to danes v zahodnih demokracijah ne obstaja, ampak je ..."
            Ponotranjeno?
            "Vsekakor nima ideološkega predznaka. To vidimo pri delu tajnih služb. Jugoslavija je bila država, ki je
            izšla iz narodnoosvobodilnega boja, bila je zmagovalka druge svetovne vojne nad fašizmom in nacizmom,
            sprejela pa je družbeno ureditev, ki na Zahodu, katerega potrditev smo si želeli, ni veljala za
            demokratično. V odnosu do prejšnje države se še vedno prevprašujemo, koliko je bila odprta in v kolikšni
            meri je bila ‘diktatorska‘, kot se jo rado označuje v nekaterih krogih. Odgovor ni preprost. Nekdo, ki je
            moral preživeti čas v zaporu ali je po drugi svetovni vojni prebegnil v diasporo, ima druga občutenja kot
            moja generacija ali generacija iz šestdesetih, ko se je začel liberalizem in se je Slovenija najbolj odprla
            svetu.
            Zdaj, ko je svet v krizi, se spet zastavlja vprašanje, ali je bilo kaj dobrega v komunizmu ali so v
            demokraciji le dobre reči? Demokracijo imamo, a kaj z njo storiti? Vemo, da vse v socializmu ni bilo slabo.
            Rezultat plebiscita nedvomno potrjuje, da smo želeli iti iz te nesrečne Jugoslavije, ni nam bilo všeč, da so
            se sredstva namenjala vojski, da se država infrastrukturno ni razvijala, da je bila kriza in da smo morali
            po določene, ne pa po vse, izdelke čez mejo. Ni nam bilo všeč, da je tehnologija prihajala po korakih. A
            imeli smo zanesenjake, ki so jo širili. Tudi nam ni bilo všeč, da je imel delavec v Avstriji višjo plačo kot
            pri nas."
            A marsikaj od tega bi lahko trdili tudi danes.
            "Drži. A tedaj nam je bilo všeč tudi, da smo bili prepoznavni. Morda so nas severni sosedje gledali kot
            manjvredne in na Koroškem so bile razmere težke, a po večini sveta smo bili kot Jugoslovani cenjeni – zaradi
            partizanskega boja, Tita, gibanja neuvrščenih, ki je bilo poskus razvoja, ki ni bil niti turbokapitalističen
            niti skrajno komunističen. Ti potenciali se niso razvijali naprej, starejše generacije so se bale izgube
            vpliva, mladi pa so prinesli punk, kavbojke ...
            Pred leti so me študentje vpraševali, mar se niso ženske začele ličiti šele po osamosvojitvi in so kavbojke
            prišle v Slovenijo po letu 1991. Take popačene predstave so problem. Tudi v Jugoslaviji se je dogajal prodor
            Zahoda, ki se ga je videlo izrazito rožnato, četudi danes vemo, da vse od tam ni dobro. A tedaj smo si
            izrazito želeli biti del razvitega Zahoda. Potrošništvo se je začelo širiti že v šestdesetih letih, ko smo
            dobili prve samopostrežne trgovine. Pred tem so bile običajne majhne trgovine, kamor si prišel z listkom in
            ti je prodajalka za pultom vse nabrala. V Jugoslaviji je možnost, da si v trgovskih blagovnicah vsak naloži,
            kolikor želi, v vozičke, občudoval tudi Mihail Gorbačov. Na policah trgovin so bili izdelki narejeni v eni
            od jugoslovanskih republik pa tudi iz uvoza, le da so bili dražji. Kritiki socializma in zagovorniki
            možnosti potrošniške izbire poudarjajo, da je bil uvoz občutno dražji, domača pa škart roba. A to ni res.
            Doma imam še marsikaj iz tistega časa, jugoslovanske izdelke, ki so zdržali in so trpežni, medtem ko
            marsikateri sodobni izdelek hitreje razpade. Tudi igrače.
            Zagotovo pa je bila Jugoslavija v določeni meri umetno držana skupaj s svojo ideologijo – temu so služile
            štafete mladosti pa ikonografija, ki je bila s srpom, kladivom in zvezdo poznana po celem vzhodnem bloku,
            vzgajal se je ideal zdravega, športnega človeka, zvestega domovini, ki obvezno služi vojaški rok."

            In to ni moglo zdržati?
            "Življenje v državi, kjer so določene stvari prisila, z današnjega gledišča res težko podpiraš. Ko smo kot
            pionirji zdrdrali prisego, nismo vedeli, kaj to pomeni – v spominu je ostalo, da je bil prešeren dan in
            naredili smo skupno gasilsko fotografijo. Tita smo imeli radi, ker so nas učili, da ga moramo imeti radi,
            učili so nas tudi, da moramo jokati, ko je umrl. Spomnim se podob na televiziji, legendarnega Tomaža Terčka,
            ko je oznanil smrt. Spomnim se prestrašenosti, ne spomnim pa se, da bi kdo od domačih jokal. Bili sta
            morbidnost in negotovost, strah – da bo država razpadla, da smo ‘gotovi‘. A se ni nič zgodilo. Zapovedalo se
            je žalovanje, vse revije in časopisi so pisali o tem, črno-beli filmi so se predvajali na televiziji. A to
            se ob smrtih voditeljev in kraljev marsikje dogaja še danes, v 21. stoletju.
            Ljudi je bilo iskreno strah – Tito je bil figura, ki je držal skupaj državo, in politiki, ki so sledili, so
            privedli tudi do poblaznelih pobojev in sovraštva po nacionalnih in verskih linijah. Nedvomno se temu
            strokovno reče izem. A kaj so razlike, če primerjamo fašizem, nacizem, komunizem in stalinizem? Študente
            učim, da je treba prepoznati značilnosti pranja možganov, indoktrinacije. Začne se na način, ki je blizu
            otrokom – denimo s petjem pesmic. A Judje v nacistični Nemčiji pesmic niso smeli peti. Slovenski otroci v
            fašistični Italiji niso smeli peti slovenskih pesmi. Sama pionirskih pesmi nisem čutila ne kot prisilo ne
            kot orodje za izključevanje. Ko sem bila najstnica, je vpliv pustila pop-rock kultura, slišali smo starše,
            ki so ob kosilu kdaj kleli čez oblasti, bili so vici na račun Jugoslavije."
            Je v osemdesetih letih še obstajalo iskreno zadovoljstvo ljudi?
            "Odvisno, kakšno službo si imel in v kakšnem položaju si bil. Danes velja, da je bilo vsem, ki so bili člani
            partije, postlano z rožicami. To ni res. Člani so bili različni ljudje, od nižjega razreda do srednjega, ki
            danes izginja, pa do uradnikov na vidnih položajih, ki so veljali za ugledne, dobro izobražene kadre.
            So se ljudje avtocenzurirali? Kritika je bila bolj posredna – tudi v časopisih. A že novica, da se je kruh
            podražil, je nosila odmev. Parne in neparne dneve bi danes označili za ekološki ukrep, a so bili tedaj zgolj
            izraz pomanjkanja naftnih derivatov. Obstajali so satirični časopis Pavliha in karikature. Naši sosedje
            Madžari pravijo za risanko Gusztáv, da je lepo prikazala občutje ljudi – glavni junak srednjih let je bil
            vseskozi depresiven. Ustvarjalci naj bi sporočali gledalcem, da jih razumejo. Kritika je obstajala, a na
            začetku še ni šlo za program za samostojno Slovenijo. Krepila se je v intelektualnih krogih, ki so se na
            koncu večinoma zbrali okoli Nove revije, nato je prišla stavka v Litostroju. Brez povezanosti med
            intelektualci in dokaj zmernim stališčem slovenskih partijskih veljakov takšnega soglasja na plebiscitu ne
            bi bilo. Izraz plebiscitarna večina je zdaj nekaj, kar se uporablja vse bolj – tudi, da se posredno poudarja
            razdeljenost. A kdo nas je razdelil? Politika. In morda osebne izkušnje."
            So te drže koherentne? Se sovraštvo do prejšnjega režima prevaja v izključujoče domoljubje, ki ga podžiga
            sovraštvo do vseh drugačnih?
            "O tem se sprašujem kot mnogi. Del svojega življenja sem preživela v Jugoslaviji, a h knjigi lahko vsak doda
            svoj spomin in lahko oblikuje tudi kritiko preteklosti. Morda res nismo imeli tedaj na voljo vsega, a danes
            imamo vsega preveč. Moje otroštvo ni legitimator trditve, da je bilo vse prav in dobro. A drznem si reči, da
            je imela generacija, ki je bila rojena v šestdesetih, sedemdesetih in na začetku osemdesetih, srečnejše
            otroštvo, kot ga ima del slovenskih otrok danes. Ni mi treba naštevati vseh akcij in društev, ki pomagajo
            otrokom in družinam v stiski. Pa govorimo o temeljnih potrebah družin. Spomnim se šolskih izletov, ali iz
            Maribora v Ljubljano ali iz Murske Sobote v Maribor – nikoli ni bilo otroka, ki ne bi mogel na izlet – razen
            če je zbolel. O tem, da se je denar, če je bilo treba, zagotovilo iz skupnega fonda, se sploh ni govorilo.
            Otroci smo si bili bolj podobni po oblekah, čevljih. Starše smo imeli radi, a enako močno smo čutili, da se
            moramo upirati. Zato mi poosamosvojitvene generacije politikov ne morejo prodati tega, da je bilo pred letom
            1991 vse tako grozno. A če vprašate nekoga, ki ima še vedno otroka v sebi na način, da to izkorišča v
            politične namene, vam zna odgovoriti, da ni imel tega in onega ter tistega. Vendar, ljuba duša, to morda
            niti ni slabo. Če vse dobiš kot otrok, kakšen odrasli pa boš? Kako boš prispeval k družbi, če boš vseskozi
            mislil, da ti nekaj pripada? Da so to resna vprašanja naših sodobnih družb, potrjujejo tudi razvojni
            psihologi.
            Ne bi se rada vrnila v Jugoslavijo, ne želim, da se ponovi – sploh v obliki, ki jo je dobila na koncu z
            nacionalizmi, žaljenjem in uničevanjem ljudi. A se ne pustim zreducirati na to, da je, kdor govori tudi
            pozitivno o osemdesetih, jugonostalgik. To so psovke, ki so se pojavile v zadnjih letih in jih izrekajo
            ljudje, ki ali premalo berejo ali pa so podedovali negativne spomine svojih staršev. Razprave se po navadi
            začno s tem, da nekdo pove, da je bil njegov dedek pri domobrancih. Prav. Tako je bilo. A zato ne more
            trditi, da je drugi slab, ker je bil njegov dedek pri partizanih. S temi novodobnimi trditvami imam težave:
            od tega, da so bili vsi partizani komunisti, kar absolutno ne drži, saj je bila ne nazadnje komunistična
            partija pred vojno prepovedana, do krilatice o malem človeku: potrpi, potrpi, Slovenec, s cankarjansko tezo
            o hlapcih, ki so jo mediji z veseljem posvojili, tako kot idejo o razdeljenosti družbe. Danes so besede
            partizanka, intelektualec, feminist psovke. V času interneta, ob vseh knjigah o zgodovini. Za samoumevno
            velja, da mladih preteklost ne zanima. Ne trdim, da bi jih morala zanimati v smislu gradnje domovine, a v
            duhu domoljubja bi bilo prav, da vemo, kdo sta bila Primož Trubar in Ivan Cankar ter da je pri osamosvojitvi
            sodelovalo veliko ljudi in da junija 1991 niso prišli trije ramboti in lastnoročno poskrbeli, da smo bili
            nato samostojni."
            Zakaj mladi o tem ne izvejo v šolah?
            "Nedvomno je težava, da ta snov pride na vrsto maja in junija, ko se pritisk najbolj poveča, in je
            koncentracija manjša. A z določenimi projekti in izbirnimi vsebinami se to lahko popravi. Internet je
            zakladnica virov. Naloga zgodovinarjev in učiteljev je, da ločijo zrno od plev. Mladi imajo ogromno
            informacij in pomembno je, da to zmedo vsaj približno uredimo. Mnogi podedujejo spomin sorodnikov ali
            interesnih skupin. Zato hitro zapadejo pod nove skovanke, ki so napol psovke, od retrokomunistov do
            ‘jugonostalgičarjev‘. Če je v zadnjega četrt stoletja prišlo do poplave teh novorekov, se je splošna
            razgledanost le skrčila – pri študentih, v medijih kot med običajnimi ljudmi. Nekoč smo imeli boljši odnos
            do jezika."
            Je veliko zagrenjenosti?
            "Predvsem je veliko izključnega pripisovanja zaslug. Da je nekdo lastnoročno osamosvojil Slovenijo, je
            žaljivo in zaničevalno – tudi do staršev, dedkov in babic, ki so pomagali zgraditi to deželo."

            Nihče, še posebno noben politik, nima pravice govoriti, česa naj se in česa se lahko ljudje spominjajo.
            Politika nima kaj usmerjati odnos ljudi do česarkoli. Ima vzvode zakonov, s katerimi naj poskrbi, da javne
            storitve in država delujejo – to je njena naloga

            Na predstavitvi knjige ste dejali pro bono, pro patria, brez medalj.
            "Ta drža pro bono, pro patria ni bila izjema. Podobno je bilo na Madžarskem, v baltskih državah, kjer so se
            ljudje prijemali za roke in sklenili obroč, v mnogih pogledih je bilo tako tudi na Poljskem, Češkem in
            Slovaškem, četudi so obstajale specifike.
            Danes se je zakoreninila ideja, da mora biti vsak za vse plačan. Ne razumite narobe, vsekakor mora biti vsak
            plačan za svoje delo, za nadure in izvedene projekte. A ljudje nismo le to. Naredimo še marsikaj drugega.
            Zato je nesprejemljivo, da si v odnosu do domovine nekateri pripenjajo ločene medalje in postavljajo
            spominske table. V osemdesetih ni bilo nikomur nič težko narediti. Ob procesu četverice so ljudje hodili na
            proteste z vseh koncev, tudi z zadnjimi dinarji. Ni bilo težko deliti cvetja, Tonetu Pavčku ni bilo težko
            prebrati Majniške deklaracije. To so drobni detajli, a to je del te zgodbe pro bono, pro patria, v skupno
            dobro, zastonj, za domovino. Danes vidimo nekaj tega med prostovoljci. A razlogi za njihovo prostovoljno
            delo so drugje – država ni znala ali hotela poskrbeti za svoje državljane, za osnovne storitve."
            Od kod je to izviralo tedaj – iz ostankov ideje bratstva in enotnosti ali od drugod?
            "Navajeni smo bili, da marsikaj naredimo sami. Bili so samoprispevki, pa legendarna nadaljevanka Naša
            krajevna skupnost. Ljudje so sestankovali in nato marsikaj naredili. Spomnim se, da so v parku v Murski
            Soboti sosedje postavili tobogan. Zraven je pomagal nekdo, ki je poskrbel, da je bilo varno in otrokom
            prijazno, zamešali so beton, skopali jamo, postavili konstrukcijo. Naredili so peskovnik, ženske so skuhale
            kavo in pripravile malico. Šlo je za skupno akcijo skupnosti. Danes v parku igral ni več. Otroci so za
            računalniki, mar jih potrebujejo? Tobogani so del šolskih igrišč, ki so zaklenjena in zamrežena za visokimi
            ograjami – le delno zaradi varnosti otrok. Tudi kidanje snega je bil tak skupni podvig. Na manjših ulicah;
            da ne bodo trdili, da se tedaj ni plužilo – seveda se je. Danes imamo težave, da se ne. Mladi se sprašujejo,
            kako smo lahko živeli brez mobilnikov in interneta. Pogovarjali smo se in se mnogo manj delili."
            V knjigi pišete o vlogi medijev, ko je prišlo do delitev med ljudmi in narodi. Zanimivo je, da je Slovenija
            največ prispevala v skupni fond Jugoslavije, iz katerega je največ šlo na Kosovo – pa vendar so med
            republikami obstajale velike simpatije in solidarnost. Kako to?
            "To je bratstvo in enotnost. In to je dobro vedel Tito. Pa tudi politiki pred njim, s Francem Jožefom na
            čelu. Če daš znotraj tako megalomanske, versko, etnično in jezikovno pisane države narodom preveč pravic,
            potem ta razpade. Jugoslavija je bila resnično multikulturna tvorba. To se je najlepše odzrcalilo leta 1984,
            ko je bila država že globoko zadolžena, a prva socialistična država, ki je gostila zimske olimpijske igre.
            Sarajevo je bilo srčika tega, kar bi nekateri rekli, da se je umetno vzdrževalo z idejo bratstva in
            enotnosti, s slovesom osvobodilnega boja. Slovenci smo čutili naklonjenost do Kosova, ker smo dobro
            razumeli, kaj pomeni biti manjšinski narod. Imeli smo manjšine v Italiji, Avstriji in na Madžarskem.
            Razumeli smo, da se v Srbiji neti nacionalistični ogenj – tudi med intelektualci in na akademiji.
            A tudi to se je obrnilo. Med prebivalci so danes stališča do podpore kosovski državi mnogo bolj raznolika.
            Nacionalizmi se kuhajo že nekaj let. In obetajo se čudni časi. Študentje pišejo, da so Slovenke dobile
            volilno pravico leta 1991 – oprostite, dala sta jim jo Tito in partija. Res pa je, da so bile možnosti na
            volitvah drugačne, saj ni bilo večstrankarskih volitev. A bile so skupine, ki so se borile za enakopravnost.
            V Jugoslaviji je bila homoseksualnost dekriminalizirana leta 1974. V Sloveniji se je punk pojavil relativno
            kmalu. Če ne poznaš teh dejstev, marsičesa ne razumeš – tudi koncerta Laibachov v Severni Koreji ne."
            Vas je med intervjuji kaj presenetilo, ker se ni skladalo z vašimi spomini?
            "Med ljudmi je obstajala sinergija. Razumeli so. Začelo se je leta 1983 in nato dozorelo v ta čudoviti oglas
            tri leta kasneje, po krajšem času, ko je bil material v bunkerju. Jugoslavija je bila v krizi, a nihče ni
            mislil, da bo razpadla. Vsi so razmišljali kohezivno, a za narodov, slovenski blagor. Šlo je za ekipo, v
            kateri so sodelovali Karpo Godina, Jaka Judnič, Zdravko Papič, Jani Golob in ženski vokalni ansambel Strune
            ter Oto Pestner. Šlo je za čudovito energijo. In sporočilo. Današnje reklame so narejene popolnoma drugače.
            Slovenci smo imeli kasneje pri turizmu težave z lastno identiteto. Zanimivo je, da so že tedaj razmišljali
            tudi o opciji love znotraj imena Slovenija, a tega niso realizirali. Kasnejše geslo na sončni strani Alp so
            zdaj zaščitili Avstrijci.
            Sodelovali so ljudje, ki so bili zgodovinsko razgledani, načitani in so vedeli, kako se spogledovati. Leta
            1986 se je naša identiteta prvič izrisala. Živeli smo naprej, oglas je izginil z ekranov, pojavila so se
            nova gibanja in prvi zapisi programov, prebrala se je Majniška deklaracija, sledile so volitve in plebiscit.
            Šlo je za dekado dogodkov – tudi če gledamo po dnevih, se je vseskozi dogajalo. Ljudje so večinoma zaznali
            le večje dogodke, a vse to se je nekje kopičilo."
            Se lahko na podlagi malih zgodb vsakdanjega življenja ustvari celostna, resnična slika?
            "Obstaja vezivo. Iz osebnih zgodb od potrošništva dalje ostane slika, ki omogoči razumevanje tedanjega časa.
            Ljudje smo unikumi, zato je dragoceno, da lahko h knjigi vsak pridoda svoje spomine. Zgodovinar preveri,
            kakšna je bila cena in povprečna izbira, kaj si si lahko s povprečno plačo privoščil. A tega ne moremo
            projicirati niti povprek niti posamično. Tako nastanejo le manipulacije. Kako ponuditi eno, koherentno
            zgodbo? Če posamezne zgodbe preveč poudarjaš, ti očitajo jugonostalgijo. Kot da dojemanje običajnega človeka
            ne velja. Zato ne maram krilatice mali človek – oprostite, ne počutim se majhno in ni potrebe, da bi se
            kdorkoli ob komerkoli počutil majhnega."
            Zgodba posameznika je nostalgična?
            "Je vse resnica, kar napiše neki politik? Ne trdim, da lahko zgodovinske knjige pišejo le zgodovinarji, vsak
            ima pravico, da goji spomine in jih zapiše. A nihče, še posebno noben politik, nima pravice govoriti, česa
            naj se in česa se lahko ljudje spominjajo. Politika nima kaj usmerjati odnos ljudi do česarkoli. Ima vzvode
            zakonov, s katerimi naj poskrbi, da javne storitve in država delujejo – to je njena naloga. Kar se nam
            dogaja, je huda zloraba. Širijo se laži. In tu je naloga zgodovinarjev, pa tudi novinarjev, da potvarjanjem
            rečemo dovolj. Ljudje hodijo skozi življenje z zelo luknjičavim ali naravnost napačnim znanjem zgodovine,
            nekateri se vzpostavijo tudi v politiki. Posledično se ne moremo čuditi, da imamo nacionalizme in se ljudje
            slepo navdušujejo nad ustaškimi simboli, nacisti in drugimi ljudomrzneži. Ljudi se dobesedno hujska. In to
            se lahko generira že v šolskih klopeh. Zato moramo ostati budni in previdni, kako se uporablja
            indoktrinacija. Vem, da mi bodo očitali, da sem bila sama indoktrinirana v to, da je bil Tito dober, da smo
            lahko poslušali rock in je vsaka republika imela svojo tovarno čokolade. A bližajo se nevarni časi in grozno
            je, da politika nekatere okuži z mržnjo in ljudje začno sovražiti drug drugega.
            To je bil eden od vzgibov za to knjigo. Počasi gre človeku na živce, da mladi, ki niso bili niti rojeni v
            času Jugoslavije, očitajoče govorijo, da tedaj ni bilo banan. A kaj je narobe z jagodami? In zakaj je
            drugače, ko nam zdaj govorijo, kako dobri so domači fižol in jabolka? Je to bolje le zato, ker je trendi in
            z Zahoda?
            Ti preobrati so nori. Od demokratičnih pogledov proti nacionalizmom. K črnjenju vsega, kar je socialno –
            vsemu želijo prilepiti negativne stereotipe o socialističnih režimih. Ljudje mešajo pojme ali nalašč
            manipulirajo. Socializem izvira iz besede socialis – družben. Tudi beseda pionir pomeni nekoga, ki je prvi
            in orje ledino. Od kdaj in zakaj je to nekaj negativnega in relikt komunizma? Lepo vas prosim! Dobro, tedaj
            so otroke indoktrinirali s tem, da so jih šemili v pionirčke – a priznajmo, da se jih danes šemi in
            indoktrinira v marsikaj drugega. Tudi v uniforme določenih organizacij, ki imajo namen širiti lastno
            ideologijo." •
        </article-text-transliterated>
    </article>
    <comments>
        <comments-count>0</comments-count>
        <comment-list/>
    </comments>
</document>