<document global-id="si-04-1371">
    <url>https://www.vecer.com/drugacni-songi-6213750</url>
    <source-id>si-04</source-id>
    <local-id>1371</local-id>
    <source-name>Večer</source-name>
    <article>
        <article-title>Druga?ni songi</article-title>
        <article-title-transliterated>Druga?ni songi</article-title-transliterated>
        <article-time>2016-04-20</article-time>
        <article-author>Darinko Kores</article-author>
        <article-text>Nizozemska skupina Rubatong na malem odru mariborskega Narodnega doma. In memoriam Getatchew
            Mekuria. Brechtovski song, angažirani šanson, rudimentarni blues in njegovi moderni podaljški s Tomom
            Waitsom na ?elu pa celo ljudsko zvene?e plesne pesmi in še marsikaj razmeroma kratkega in petega skozi
            izrazito avtorske predelave in z obilico eksperimentalnega pristopa, proste improvizacije ter še ve?
            rudimentarne punkovske energi?nosti - tako nekako bi lahko povzeli uro in ?etrt dolg nastop nizozemskega
            kvarteta Rubatong v ?etrtek zve?er na malem odru mariborskega Narodnega doma (ND) - za?uda pred le nekako do
            polovice obljudenim avditorijem.

            V okviru cikla Jazz v ND, ki je znova potrdil sloves odprtosti za najrazli?nejše sloge in zvrsti sodobne
            improvizirane glasbe, bi morala zasedba, ki jo vodi legendarni Luc Ex (akusti?na baskitara), ustanovitelj
            slavne umetniške kooperative The Ex, nastopiti že pred osmimi leti. A takrat je koncert zaradi spleta
            nesre?nih okoliš?in odpadel. Smo pa zato zasedbo, v kateri sodelujejo še Han Buhrs (vokal), Thijs Elzinga
            (elektri?na kitara) in virtuozna bolgarska glasbenica klasi?ne provenience Tatiana Koleva (vibrafon,
            tolkala), imeli možnost slišati v zrelejši izvedbi in z ve?jim naborom repertoarja. Pravzaprav bi - a o tem
            je zdaj prepozno tarnati - najbrž bilo še najbolje, ?e bi Rubatong nastopil v Mariboru leta 2012, v ?asu
            evropske kulturne prestolnice, s sloganom ?ista energija. Prav tako bi namre? lahko opredelili najbolj
            izstopajo?o vrlino ?etverice izvrstnih, a zelo posebnih glasbenikov. Energi?no ekspresivnemu podajanju
            marsikdaj angažirane in družbenokriti?ne vsebine namre? zavestno podrejajo formalni perfekcionizem, ki pa ga
            v podtonih ostane še vedno dovolj za prepri?ljivost tudi na nivoju "brezinteresnega" estetskega ugajanja.
            Narobe ni, a nikakor ni nujno povsem razumeti besedil v angleškem, francoskem, nemškem, bolgarskem,
            nizozemskem in še katerem jeziku, da dojameš sporo?ilnost njihovih razmeroma kratkih, a zaokroženih komadov.
            Pravzaprav je ob marsikdaj hrupnem, vseskozi pa intenzivnem "nažiganju" (ki ga ob?asno prekinejo bolj
            umirjeni, že kar liri?ni, nekako v slogu spevne baro?ne polifonije zvene?i pasusi na vibrafonu) natan?no
            razumevanje besedil (namerno) skoraj nemogo?e. A zdi se, da prav to daje poslušalcu prosto pot bolj
            intuitivnega dojemanja in (pre)interpretacije.

            Kakorkoli, Rubatong zlahka prepri?a s svojo neposredno intenzivnostjo in svojsko dovršenostjo, ki pa se v
            polni meri razkrije šele ob bolj zbranem spremljanju. A takega nikakor ne zahteva, saj je ob tej in taki
            glasbi povsem mogo?e sproš?eno uživati in se zabavati tudi ob poslušanju mimogrede. V demokrati?nem duhu
            pa?, ki tudi sicer preveva številne in nadvse raznolike projekte kolektiva The Ex. Ne nazadnje se to kaže
            tudi v nadvse socialnih cenah diskografskih izdelkov, ki jih ponujajo na svojih koncertih. Sam sem nanje
            prvi? naletel pred kar precej leti, ko je neka druga sekcija The Ex nastopila na ljubljanski Drugi godbi,
            kot solist pa je z njimi nastopil eden najvidnejših predstavnikov in tvorcev sodobnega etiopskega jazza
            Getatchew Mekuria. Prav na mariborskem koncertu Rubatonga sem žal izvedel, da je njegov saksofon pred nekaj
            dnevi za ve?no umolknil. Slava mu!
        </article-text>
        <article-text-transliterated>Nizozemska skupina Rubatong na malem odru mariborskega Narodnega doma. In memoriam
            Getatchew Mekuria. Brechtovski song, angažirani šanson, rudimentarni blues in njegovi moderni podaljški s
            Tomom Waitsom na ?elu pa celo ljudsko zvene?e plesne pesmi in še marsikaj razmeroma kratkega in petega skozi
            izrazito avtorske predelave in z obilico eksperimentalnega pristopa, proste improvizacije ter še ve?
            rudimentarne punkovske energi?nosti - tako nekako bi lahko povzeli uro in ?etrt dolg nastop nizozemskega
            kvarteta Rubatong v ?etrtek zve?er na malem odru mariborskega Narodnega doma (ND) - za?uda pred le nekako do
            polovice obljudenim avditorijem.

            V okviru cikla Jazz v ND, ki je znova potrdil sloves odprtosti za najrazli?nejše sloge in zvrsti sodobne
            improvizirane glasbe, bi morala zasedba, ki jo vodi legendarni Luc Ex (akusti?na baskitara), ustanovitelj
            slavne umetniške kooperative The Ex, nastopiti že pred osmimi leti. A takrat je koncert zaradi spleta
            nesre?nih okoliš?in odpadel. Smo pa zato zasedbo, v kateri sodelujejo še Han Buhrs (vokal), Thijs Elzinga
            (elektri?na kitara) in virtuozna bolgarska glasbenica klasi?ne provenience Tatiana Koleva (vibrafon,
            tolkala), imeli možnost slišati v zrelejši izvedbi in z ve?jim naborom repertoarja. Pravzaprav bi - a o tem
            je zdaj prepozno tarnati - najbrž bilo še najbolje, ?e bi Rubatong nastopil v Mariboru leta 2012, v ?asu
            evropske kulturne prestolnice, s sloganom ?ista energija. Prav tako bi namre? lahko opredelili najbolj
            izstopajo?o vrlino ?etverice izvrstnih, a zelo posebnih glasbenikov. Energi?no ekspresivnemu podajanju
            marsikdaj angažirane in družbenokriti?ne vsebine namre? zavestno podrejajo formalni perfekcionizem, ki pa ga
            v podtonih ostane še vedno dovolj za prepri?ljivost tudi na nivoju "brezinteresnega" estetskega ugajanja.
            Narobe ni, a nikakor ni nujno povsem razumeti besedil v angleškem, francoskem, nemškem, bolgarskem,
            nizozemskem in še katerem jeziku, da dojameš sporo?ilnost njihovih razmeroma kratkih, a zaokroženih komadov.
            Pravzaprav je ob marsikdaj hrupnem, vseskozi pa intenzivnem "nažiganju" (ki ga ob?asno prekinejo bolj
            umirjeni, že kar liri?ni, nekako v slogu spevne baro?ne polifonije zvene?i pasusi na vibrafonu) natan?no
            razumevanje besedil (namerno) skoraj nemogo?e. A zdi se, da prav to daje poslušalcu prosto pot bolj
            intuitivnega dojemanja in (pre)interpretacije.

            Kakorkoli, Rubatong zlahka prepri?a s svojo neposredno intenzivnostjo in svojsko dovršenostjo, ki pa se v
            polni meri razkrije šele ob bolj zbranem spremljanju. A takega nikakor ne zahteva, saj je ob tej in taki
            glasbi povsem mogo?e sproš?eno uživati in se zabavati tudi ob poslušanju mimogrede. V demokrati?nem duhu
            pa?, ki tudi sicer preveva številne in nadvse raznolike projekte kolektiva The Ex. Ne nazadnje se to kaže
            tudi v nadvse socialnih cenah diskografskih izdelkov, ki jih ponujajo na svojih koncertih. Sam sem nanje
            prvi? naletel pred kar precej leti, ko je neka druga sekcija The Ex nastopila na ljubljanski Drugi godbi,
            kot solist pa je z njimi nastopil eden najvidnejših predstavnikov in tvorcev sodobnega etiopskega jazza
            Getatchew Mekuria. Prav na mariborskem koncertu Rubatonga sem žal izvedel, da je njegov saksofon pred nekaj
            dnevi za ve?no umolknil. Slava mu!
        </article-text-transliterated>
    </article>
    <comments>
        <comments-count>0</comments-count>
        <comment-list/>
    </comments>
</document>