<document global-id="si-04-1392">
    <url>https://www.vecer.com/druzina-gorisek-zavedni-organizatorji-strokovnjaki-10079784</url>
    <source-id>si-04</source-id>
    <local-id>1392</local-id>
    <source-name>Večer</source-name>
    <article>
        <article-title>Družina Gorišek: Zavedni, organizatorji, strokovnjaki</article-title>
        <article-title-transliterated>Družina Gorišek: Zavedni, organizatorji, strokovnjaki
        </article-title-transliterated>
        <article-time>2019-10-20</article-time>
        <article-author>MT</article-author>
        <article-text>V ciklu strokovnih predavanj o narodnozavednih zdravniških družinah na Štajerskem so tokrat
            predstavili Goriškove. V Glazerjevi dvorani Univerzitetne knjižnice Maribor je bilo srečanje članov
            medikohistorične sekcije Slovenskega zdravniškega društva iz Maribora, namenjeno spominu na znano in ugledno
            zdravniško družino Goriškovih. Ob tej priložnosti so izpostavili 80-letnico enega od Goriškov, dr. Boruta
            Goriška, uglednega mariborskega zdravstvenega in pedagoškega delavca.
            Dogodka so se poleg številnih zdravnikov in drugih zdravstvenih delavcev udeležili številni gostje, tudi
            predsednica Zdravniške zbornice Slovenije dr. Zdenka Čebašek Travnik, direktor UKC Maribor dr. Vojko Flis in
            zgodovinarka medicine dr. Zvonka Zupanič Slavec iz Medicinske fakultete v Ljubljani. Udeležence je pozdravil
            predsednik medikohistorične sekcije dr. Elko Borko in predstavil cikel strokovnih predavanj o
            narodnozavednih slovenskih zdravniških družinah na Štajerskem. Strokovno posvetovanje je vodil Aleš Arih, v
            kulturnem programu pa je nastopil igralec Rado Pavalec.
            Pevec, planinec, zdravnik, župan
            Dr. Gašparja Goriška je predstavil dr. Zmago Turk, ki je med drugim izpostavil, da je bil velik in iskren
            slovenski narodnjak v Rušah. Tudi po njegovi zaslugi so bile Ruše v času močnega germanizacijskega pritiska
            trdna slovenska postojanka v preddverju takrat nemškega Maribora. Bil je odličen zdravnik, ki od revežev ni
            nikoli terjal plačila. Veljal je za velikega humanista in vrhunskega organizatorja. Vodil je pevski zbor v
            Rušah in bil glavni organizator velikega pevskega srečanja leta 1906. Zelo rad je gojil rože in se predajal
            planinstvu. V Rušah so ga ljudje neizmerno cenili in ga izvolili za župana.

            Izredno velik narodnjak je bil tudi njegov sin, pravnik, sokolski organizator in politik dr. Milan Gorišek,
            duša in gonilna sila narodnostnega življenja pri Lenartu v Slovenskih goricah pred prvo svetovno vojno. O
            njem je predaval dr. Marjan Toš in izpostavil tudi nekoliko pozabljeno Goriškovo vlogo pri narodni
            osvoboditvi Maribora in Štajerske. Odločno je namreč podprl generala Maistra z živežem za slovensko vojsko
            in tudi z denarjem iz lenarške hranilnice in posojilnice. Bil je predsednik Narodnega sveta v trgu Sv.
            Lenart novembra 1918 in je vodil vse prevratne dogodke, ki so minili brez nasilja in prelivanja krvi. Vneto
            je podpiral in zagovarjal nastanek prve jugoslovanske države. Vseskozi je bil vpliven liberalni politik in
            med obema svetovnima vojnama polnih deset let uspešen lenarški župan. Lenartčani se ga spominjajo tudi kot
            zavzetega sokolskega funkcionarja in organizatorja. Veliko je pripomogel h gospodarskemu razvoju Lenarta.
            Ima največ zaslug za elektrifikacijo trga in tudi za prvo avtobusno povezavo med Lenartom in Mariborom.
            Aktivno se je udejstvoval v lovski in gasilski organizaciji.
            Ustanoviteljica postaje za transfuzijo
            O dr. Drini Gorišek je predavala dr. Jelka Reberšek Gorišek in povedala, da je bila Drina poročena s sinom
            dr. Milana Goriška, Milanom, in da je težke čase druge svetovne vojne preživela v Bosni. Mož Milan je moral
            v jugoslovansko vojsko, po nemški okupaciji pa se je za njim izgubila vsaka sled in Drina je ostala sama z
            dvema majhnima otrokoma. Po vojni se je s hčerko Vojko in sinom Borutom vrnila v Maribor. Zdravniško pot je
            začela v Lenartu, nato pa nadaljevala bogato kariero v Splošni bolnišnici Maribor, kjer je bila
            ustanoviteljica Postaje za transfuzijo krvi. Do prezgodnje smrti leta 1962 je bila predstojnica tega
            oddelka, na veliko je tudi organizirala prostovoljno krvodajalstvo v okviru Rdečega križa na širšem
            mariborskem območju. Bila je izredno izobražena ženska, govorila je več tujih jezikov in se je z vso vnemo
            predajala zdravniškemu poklicu.

            Ob 80-letnici dr. Boruta Goriška je o njegovem bogatem delu spregovoril dr. Elko Borko ter slikovito orisal
            njegovo življenjsko in delovno pot. Borut Gorišek, ugleden in priznan zdravnik, specialist ginekologije in
            porodništva, se je izpopolnjeval v mnogih znanstvenih ustanovah v tujini in prenašal v Maribor nova
            strokovna znanja in izkušnje. Bil je tudi znanstveni in pedagoški delavec, predsednik akademskega zbora
            Medicinske fakultete Univerze v Mariboru v letih 2005–2007, profesor na Medicinski fakulteti v Ljubljani ter
            na Višji in visoki zdravstveni šoli v Mariboru. Ima izjemno bogato bibliografijo in velja za enega najbolj
            prepoznavnih sodelavcev zdajšnjega UKC Maribor. S predanim delom in velikim ugledom je močno zaznamoval tudi
            celotno slovensko medicino.
        </article-text>
        <article-text-transliterated>V ciklu strokovnih predavanj o narodnozavednih zdravniških družinah na Štajerskem
            so tokrat predstavili Goriškove. V Glazerjevi dvorani Univerzitetne knjižnice Maribor je bilo srečanje
            članov medikohistorične sekcije Slovenskega zdravniškega društva iz Maribora, namenjeno spominu na znano in
            ugledno zdravniško družino Goriškovih. Ob tej priložnosti so izpostavili 80-letnico enega od Goriškov, dr.
            Boruta Goriška, uglednega mariborskega zdravstvenega in pedagoškega delavca.
            Dogodka so se poleg številnih zdravnikov in drugih zdravstvenih delavcev udeležili številni gostje, tudi
            predsednica Zdravniške zbornice Slovenije dr. Zdenka Čebašek Travnik, direktor UKC Maribor dr. Vojko Flis in
            zgodovinarka medicine dr. Zvonka Zupanič Slavec iz Medicinske fakultete v Ljubljani. Udeležence je pozdravil
            predsednik medikohistorične sekcije dr. Elko Borko in predstavil cikel strokovnih predavanj o
            narodnozavednih slovenskih zdravniških družinah na Štajerskem. Strokovno posvetovanje je vodil Aleš Arih, v
            kulturnem programu pa je nastopil igralec Rado Pavalec.
            Pevec, planinec, zdravnik, župan
            Dr. Gašparja Goriška je predstavil dr. Zmago Turk, ki je med drugim izpostavil, da je bil velik in iskren
            slovenski narodnjak v Rušah. Tudi po njegovi zaslugi so bile Ruše v času močnega germanizacijskega pritiska
            trdna slovenska postojanka v preddverju takrat nemškega Maribora. Bil je odličen zdravnik, ki od revežev ni
            nikoli terjal plačila. Veljal je za velikega humanista in vrhunskega organizatorja. Vodil je pevski zbor v
            Rušah in bil glavni organizator velikega pevskega srečanja leta 1906. Zelo rad je gojil rože in se predajal
            planinstvu. V Rušah so ga ljudje neizmerno cenili in ga izvolili za župana.

            Izredno velik narodnjak je bil tudi njegov sin, pravnik, sokolski organizator in politik dr. Milan Gorišek,
            duša in gonilna sila narodnostnega življenja pri Lenartu v Slovenskih goricah pred prvo svetovno vojno. O
            njem je predaval dr. Marjan Toš in izpostavil tudi nekoliko pozabljeno Goriškovo vlogo pri narodni
            osvoboditvi Maribora in Štajerske. Odločno je namreč podprl generala Maistra z živežem za slovensko vojsko
            in tudi z denarjem iz lenarške hranilnice in posojilnice. Bil je predsednik Narodnega sveta v trgu Sv.
            Lenart novembra 1918 in je vodil vse prevratne dogodke, ki so minili brez nasilja in prelivanja krvi. Vneto
            je podpiral in zagovarjal nastanek prve jugoslovanske države. Vseskozi je bil vpliven liberalni politik in
            med obema svetovnima vojnama polnih deset let uspešen lenarški župan. Lenartčani se ga spominjajo tudi kot
            zavzetega sokolskega funkcionarja in organizatorja. Veliko je pripomogel h gospodarskemu razvoju Lenarta.
            Ima največ zaslug za elektrifikacijo trga in tudi za prvo avtobusno povezavo med Lenartom in Mariborom.
            Aktivno se je udejstvoval v lovski in gasilski organizaciji.
            Ustanoviteljica postaje za transfuzijo
            O dr. Drini Gorišek je predavala dr. Jelka Reberšek Gorišek in povedala, da je bila Drina poročena s sinom
            dr. Milana Goriška, Milanom, in da je težke čase druge svetovne vojne preživela v Bosni. Mož Milan je moral
            v jugoslovansko vojsko, po nemški okupaciji pa se je za njim izgubila vsaka sled in Drina je ostala sama z
            dvema majhnima otrokoma. Po vojni se je s hčerko Vojko in sinom Borutom vrnila v Maribor. Zdravniško pot je
            začela v Lenartu, nato pa nadaljevala bogato kariero v Splošni bolnišnici Maribor, kjer je bila
            ustanoviteljica Postaje za transfuzijo krvi. Do prezgodnje smrti leta 1962 je bila predstojnica tega
            oddelka, na veliko je tudi organizirala prostovoljno krvodajalstvo v okviru Rdečega križa na širšem
            mariborskem območju. Bila je izredno izobražena ženska, govorila je več tujih jezikov in se je z vso vnemo
            predajala zdravniškemu poklicu.

            Ob 80-letnici dr. Boruta Goriška je o njegovem bogatem delu spregovoril dr. Elko Borko ter slikovito orisal
            njegovo življenjsko in delovno pot. Borut Gorišek, ugleden in priznan zdravnik, specialist ginekologije in
            porodništva, se je izpopolnjeval v mnogih znanstvenih ustanovah v tujini in prenašal v Maribor nova
            strokovna znanja in izkušnje. Bil je tudi znanstveni in pedagoški delavec, predsednik akademskega zbora
            Medicinske fakultete Univerze v Mariboru v letih 2005–2007, profesor na Medicinski fakulteti v Ljubljani ter
            na Višji in visoki zdravstveni šoli v Mariboru. Ima izjemno bogato bibliografijo in velja za enega najbolj
            prepoznavnih sodelavcev zdajšnjega UKC Maribor. S predanim delom in velikim ugledom je močno zaznamoval tudi
            celotno slovensko medicino.
        </article-text-transliterated>
    </article>
    <comments>
        <comments-count>1</comments-count>
        <comment-list>
            <comment comment-id="1">
                <comment-parent-id>,</comment-parent-id>
                <comment-text>Še danes se vam zahvaljujem za vso skrb, ki sem jo imela v času ko sem bila na
                    Ginekološkem oddelku. Dr. Borko pa je pozabil povedati, da ste bili in ste še velik ljubitelj
                    konjev. Hvala, doktor Borut Gorišek.
                </comment-text>
                <comment-text-transliterated>Še danes se vam zahvaljujem za vso skrb, ki sem jo imela v času ko sem bila
                    na Ginekološkem oddelku. Dr. Borko pa je pozabil povedati, da ste bili in ste še velik ljubitelj
                    konjev. Hvala, doktor Borut Gorišek.
                </comment-text-transliterated>
            </comment>
        </comment-list>
    </comments>
</document>