<document global-id="si-04-1064">
    <url>https://www.vecer.com/copa-america-2019-brazilcem-lovorika-messi-z-najbolj-nabrusenim-jezikom-10035759</url>
    <source-id>si-04</source-id>
    <local-id>1064</local-id>
    <source-name>Večer</source-name>
    <article>
        <article-title>Copa America 2019: Brazilcem lovorika, Messi z najbolj nabrušenim jezikom</article-title>
        <article-title-transliterated>Copa America 2019: Brazilcem lovorika, Messi z najbolj nabrušenim jezikom
        </article-title-transliterated>
        <article-time>2019-07-08</article-time>
        <article-author>sta, šr</article-author>
        <article-text>Brazilija je devetič osvojila južnoameriško prvenstvo, a še vedno zaostaja za Urugvajem (15) in
            Argentino (14). Everton (15.), Gabriel Jesus (45.) in Richarlison (90./11-m) so zadeli za gostiteljico
            Brazilijo, ki je v Rio de Janeiru s 3:1 v finalu južnoameriškega prvenstva ugnala Peru, za katerega je zadel
            Paolo Guerrero (44./11 m). Prvenstvo pa je zaznamoval tudi Lionel Messi, petkratni nogometaš leta na svetu,
            član bronaste argentinske zasedbe.

            Mehiki osmič zlati pokal
            Mehika je v finalu zlatega pokala, prvenstva Severne in Srednje Amerike ter Karibov, pred več kot 62.000
            gledalci na Soldier Fieldu v Chicagu premagala gostiteljico ZDA z 1:0 in osmič osvojila to lovoriko. Dvoboj
            je za v 73. minuti odločil Jonathan dos Santos. Američani, sicer branilci naslova, so izgubili še petič v
            šestih medsebojnih finalnih obračunih, uspešni so bili le leta 2007.

            Brazilija je devetič osvojila pokal Amerike (1919, 1922, 1949, 1989, 1997, 1999, 2004, 2007, 2019) ter je po
            uspehih na najstarejšem celinskem nogometnem prvenstvu na svetu tretja, za Urugvajem (15) in Argentinci
            (14). A slednji so v tem tekmovanju slavili zadnjič leta 1993 in jim tudi superzvezdnik Messi ni pomagal, da
            bi prišli so naslova v zadnjem obdobju. Tako je bilo tudi na prejšnjih dveh prvenstvih 2015 in 2016, ko so v
            finalu izgubili s Čilom. Tej reprezentanci so se tokrat oddolžili, a v tekmi za tretje mesto. Na njej je
            rdeč karton šele drugič v reprezentančni karieri dobil Messi, že v 37. minuti je moral z zelenice, in ga
            nato protestno ni bilo na podelitev bronastih medalj. Ob tem je ostre besede namenil vodstvu Južnoameriške
            nogometne konfederacije CONMEBOL.

            "Na letošnjem južnoameriškem pokalu je bilo premalo spoštovanja do naše ekipe. Lahko bi naredili tudi mi kaj
            bolje, toda obenem nam niso pustili do finala. Korupcija in sodniki niso dovolili, da bi navijači uživali v
            finalu. To uničuje nogomet," je ostro dejal Messi. Tako je bila glavna tema po finalni tekmi bolj kot sam
            zaključni obračun za zlato še vedno tekma za tretje mesto oziroma odziv Messija, ki je še v devetem velikem
            nastopu z Argentino ostal brez naslova prvaka.

            Tako je brazilski selektor Tite povedal: "Moral bi pokazati več spoštovanja in sprejeti tudi poraze, bolj
            skrbno izbirati besede ... Proti nam so tako danes sodniki dosodili enajstmetrovko, ki je po mojem mnenju ni
            bilo." Tite se je pri zadnjih besedah spomnil na enajstmetrovko ob koncu prvega dela, ki jo je potem zadel
            Guerrero, kapetan presenetljivih tekmecev v finalu. Te je vodil Argentinec Ricardo Gareca, ki so ga po
            finalu prav tako spraševali o njegovem pogledu na Messijeve besede. "Messijeve besede so besede avtoritete,
            a to ne pomeni, da se strinjam s tem, kar je povedal."

            Brazilci so bili, kljub odsotnosti poškodovanega prvega zvezdnika Neymarja, prvi favoriti prvenstva. V
            skupinskem delu so Peru premagali kar s 5:0, v finalu pa so imeli neprimerno težje delo. "Brazilija je
            zasluženo zmagala. Toda tudi mi smo se popravili od zadnje medsebojne tekme. Smo dobra ekipa, kljub bolečemu
            porazu v finalu na pravi poti. Imamo pa manjši bazen za nabor igralcev za reprezentanco. Denimo Brazilija
            jih ima 1000, Urugvaj 200, mi pa kakšnih 50," je menil 61-letni Gareca.
            Njegov Peru je v finalu od 70. minute igral z igralcem več, saj je bil po drugem rumenem kartonu izključen
            Jesus, ki je tik pred koncem polčasa gostitelje povedel v vodstvo z 2:1. "Res je nekaj posebnega, kar smo
            dosegli, kar smo zgradili skupaj," je dejal kapetan prvakov Dani Alves.

            "Danes sem res dokončno postal trener reprezentance," je bil po zmagi na sloviti Maracani zadovoljen tudi
            Tite: "Tu je tudi veliko simbolike, dosežek v tem templju, največjem templju nogometa. Vsega, kar
            doživljamo, te sreče, ne morem opisati z besedami."
        </article-text>
        <article-text-transliterated>Brazilija je devetič osvojila južnoameriško prvenstvo, a še vedno zaostaja za
            Urugvajem (15) in Argentino (14). Everton (15.), Gabriel Jesus (45.) in Richarlison (90./11-m) so zadeli za
            gostiteljico Brazilijo, ki je v Rio de Janeiru s 3:1 v finalu južnoameriškega prvenstva ugnala Peru, za
            katerega je zadel Paolo Guerrero (44./11 m). Prvenstvo pa je zaznamoval tudi Lionel Messi, petkratni
            nogometaš leta na svetu, član bronaste argentinske zasedbe.

            Mehiki osmič zlati pokal
            Mehika je v finalu zlatega pokala, prvenstva Severne in Srednje Amerike ter Karibov, pred več kot 62.000
            gledalci na Soldier Fieldu v Chicagu premagala gostiteljico ZDA z 1:0 in osmič osvojila to lovoriko. Dvoboj
            je za v 73. minuti odločil Jonathan dos Santos. Američani, sicer branilci naslova, so izgubili še petič v
            šestih medsebojnih finalnih obračunih, uspešni so bili le leta 2007.

            Brazilija je devetič osvojila pokal Amerike (1919, 1922, 1949, 1989, 1997, 1999, 2004, 2007, 2019) ter je po
            uspehih na najstarejšem celinskem nogometnem prvenstvu na svetu tretja, za Urugvajem (15) in Argentinci
            (14). A slednji so v tem tekmovanju slavili zadnjič leta 1993 in jim tudi superzvezdnik Messi ni pomagal, da
            bi prišli so naslova v zadnjem obdobju. Tako je bilo tudi na prejšnjih dveh prvenstvih 2015 in 2016, ko so v
            finalu izgubili s Čilom. Tej reprezentanci so se tokrat oddolžili, a v tekmi za tretje mesto. Na njej je
            rdeč karton šele drugič v reprezentančni karieri dobil Messi, že v 37. minuti je moral z zelenice, in ga
            nato protestno ni bilo na podelitev bronastih medalj. Ob tem je ostre besede namenil vodstvu Južnoameriške
            nogometne konfederacije CONMEBOL.

            "Na letošnjem južnoameriškem pokalu je bilo premalo spoštovanja do naše ekipe. Lahko bi naredili tudi mi kaj
            bolje, toda obenem nam niso pustili do finala. Korupcija in sodniki niso dovolili, da bi navijači uživali v
            finalu. To uničuje nogomet," je ostro dejal Messi. Tako je bila glavna tema po finalni tekmi bolj kot sam
            zaključni obračun za zlato še vedno tekma za tretje mesto oziroma odziv Messija, ki je še v devetem velikem
            nastopu z Argentino ostal brez naslova prvaka.

            Tako je brazilski selektor Tite povedal: "Moral bi pokazati več spoštovanja in sprejeti tudi poraze, bolj
            skrbno izbirati besede ... Proti nam so tako danes sodniki dosodili enajstmetrovko, ki je po mojem mnenju ni
            bilo." Tite se je pri zadnjih besedah spomnil na enajstmetrovko ob koncu prvega dela, ki jo je potem zadel
            Guerrero, kapetan presenetljivih tekmecev v finalu. Te je vodil Argentinec Ricardo Gareca, ki so ga po
            finalu prav tako spraševali o njegovem pogledu na Messijeve besede. "Messijeve besede so besede avtoritete,
            a to ne pomeni, da se strinjam s tem, kar je povedal."

            Brazilci so bili, kljub odsotnosti poškodovanega prvega zvezdnika Neymarja, prvi favoriti prvenstva. V
            skupinskem delu so Peru premagali kar s 5:0, v finalu pa so imeli neprimerno težje delo. "Brazilija je
            zasluženo zmagala. Toda tudi mi smo se popravili od zadnje medsebojne tekme. Smo dobra ekipa, kljub bolečemu
            porazu v finalu na pravi poti. Imamo pa manjši bazen za nabor igralcev za reprezentanco. Denimo Brazilija
            jih ima 1000, Urugvaj 200, mi pa kakšnih 50," je menil 61-letni Gareca.
            Njegov Peru je v finalu od 70. minute igral z igralcem več, saj je bil po drugem rumenem kartonu izključen
            Jesus, ki je tik pred koncem polčasa gostitelje povedel v vodstvo z 2:1. "Res je nekaj posebnega, kar smo
            dosegli, kar smo zgradili skupaj," je dejal kapetan prvakov Dani Alves.

            "Danes sem res dokončno postal trener reprezentance," je bil po zmagi na sloviti Maracani zadovoljen tudi
            Tite: "Tu je tudi veliko simbolike, dosežek v tem templju, največjem templju nogometa. Vsega, kar
            doživljamo, te sreče, ne morem opisati z besedami."
        </article-text-transliterated>
    </article>
    <comments>
        <comments-count>0</comments-count>
        <comment-list/>
    </comments>
</document>