<document global-id="si-04-1444">
    <url>https://www.vecer.com/201507016126126-6126126</url>
    <source-id>si-04</source-id>
    <local-id>1444</local-id>
    <source-name>Večer</source-name>
    <article>
        <article-title>ECB s prstom kaže na Ciprasa</article-title>
        <article-title-transliterated>ECB s prstom kaže na Ciprasa</article-title-transliterated>
        <article-time>2015-07-01</article-time>
        <article-author>STOJAN JURE</article-author>
        <article-text>Grška kriza je dosegla točko, ko so brez dlake na jeziku spregovorili tudi centralni bankirji (ki
            običajno veljajo za vzor zadržanosti). Tako je včeraj med finančnimi analitiki odmeval intervju, ki ga je za
            francoski finančni časnik Les Echos dal Benoît Couré, član ožjega vodstva Evropske centralne banke (ECB).
            Krivdo za zadnjo zaostritev pripisuje grški vladi. "Sklep o prekinitvi razprave je sprejela grška oblast. To
            nas je presenetilo, ker smo prišli do intenzivnih in zelo plodnih izmenjav." Pojasnil pa je tudi pravni
            vidik nedeljskega referenduma, na katerem bodo grški volivci ali potrdili ali zavrnili pogajalski predlog
            trojke, ki ga je ta čez vikend že preklicala, prav tako pa ni podaljšala veljavnosti obstoječega programa
            pomoči, ki se je iztekel včeraj ob polnoči. "S formalnega vidika program dejansko poteče v torek. Ne glede
            na to - če bo referendumski odgovor da, ne dvomim, da bodo organi evroobmočja poiskali načine, da ga v
            takšni ali drugi obliki ohranijo. Vprašanje je politično. Odgovor nanj pa bodo dali Grki." In če bodo Grki
            odgovorili z ne? "To bi bila zavrnitev ponudbe 18 drugih držav v evroobmočju. Potem bi bilo zelo težko
            nadaljevati politični dialog. Evroskupina je očitno ocenila, da so predlogi treh institucij dosegli mejo še
            sprejemljivega," je še opozoril Couré.
        </article-text>
        <article-text-transliterated>Grška kriza je dosegla točko, ko so brez dlake na jeziku spregovorili tudi
            centralni bankirji (ki običajno veljajo za vzor zadržanosti). Tako je včeraj med finančnimi analitiki
            odmeval intervju, ki ga je za francoski finančni časnik Les Echos dal Benoît Couré, član ožjega vodstva
            Evropske centralne banke (ECB). Krivdo za zadnjo zaostritev pripisuje grški vladi. "Sklep o prekinitvi
            razprave je sprejela grška oblast. To nas je presenetilo, ker smo prišli do intenzivnih in zelo plodnih
            izmenjav." Pojasnil pa je tudi pravni vidik nedeljskega referenduma, na katerem bodo grški volivci ali
            potrdili ali zavrnili pogajalski predlog trojke, ki ga je ta čez vikend že preklicala, prav tako pa ni
            podaljšala veljavnosti obstoječega programa pomoči, ki se je iztekel včeraj ob polnoči. "S formalnega vidika
            program dejansko poteče v torek. Ne glede na to - če bo referendumski odgovor da, ne dvomim, da bodo organi
            evroobmočja poiskali načine, da ga v takšni ali drugi obliki ohranijo. Vprašanje je politično. Odgovor nanj
            pa bodo dali Grki." In če bodo Grki odgovorili z ne? "To bi bila zavrnitev ponudbe 18 drugih držav v
            evroobmočju. Potem bi bilo zelo težko nadaljevati politični dialog. Evroskupina je očitno ocenila, da so
            predlogi treh institucij dosegli mejo še sprejemljivega," je še opozoril Couré.
        </article-text-transliterated>
    </article>
    <comments>
        <comments-count>0</comments-count>
        <comment-list/>
    </comments>
</document>