<document global-id="si-04-118">
    <url>https://www.vecer.com/201505216117459-6117459</url>
    <source-id>si-04</source-id>
    <local-id>118</local-id>
    <source-name>Večer</source-name>
    <article>
        <article-title>"Ste že naročili otroka?"</article-title>
        <article-title-transliterated>"Ste že naročili otroka?"</article-title-transliterated>
        <article-time>2015-05-21</article-time>
        <article-author>UROŠ GRAMC</article-author>
        <article-text>Navijači Tine Maze so zelo radovedni, Andrea Massi občutljiv za solze. "Ko mi pade adrenalin, se
            me dotaknejo takšne stvari. Sezona hitro mine in nimam časa predelati vsega. Se me pa navijači dotaknejo,
            hvala vsem, ki ste prišli, hvala vsem, ki ste spremljali celo sezono," je na Kongresnem trgu v Ljubljani
            povedala Tina Maze. Tudi ko Črnjanka ne smuča, ne počiva. V letu, ko je odložila tekmovalne smuči, se je
            najprej posvetila dokončanju študija na pedagoški fakulteti v Mariboru, več časa najde tudi za obisk staršev
            na Koroškem.
            "Veliko sem v Črni, rada sem v Črni. Pripravljam se na zahteven, obširen izpit. Potrebujem nekaj časa, da ga
            osvojim. A poskušam se tudi gibati, kolikor se le da, trenirati, ostati v formi, kljub temu da bom naredila
            tekmovalni počitek," je dejala slovenska smučarska kraljica. Prosti čas je predvčerajšnjim v sklopu
            promocijskega projekta I feel Slovenija izkoristila tudi za obisk Dunaja, Črnjanka je eden naših največjih
            magnetov. Sicer pa je v avstrijski prestolnici podprla duet Maraaya, ki bo nocoj nastopil v polfinalu
            evrovizijske popevke.
            Niti glasbeni karieri še ni zaprla vrat. "Sem zasanjana oseba, ko sem zasanjana, bi iz mojih ust najbrž
            lahko prišla kakšna lepa pesem. Glasbo imam rada, zdi se mi izjemna kombinacija s športom. Žal mi je, da kot
            športnica nisem imela takšnega občutka kot glasbena zvezda, ki pride v Ljubljano, poje svojo pesem in vsi z
            njo. A glede na to, da sem jo posnela, sem tudi to na neki način občutila. Res lepa izkušnja," je dejala
            Mazejeva.
            Na Kongresnem trgu so bili zelo radovedni, ko je občinstvu ponudila mikrofon. Našla se je gospa z nabrušenim
            jezikom. Pa ni vprašala, kdaj bo ohcet z Andreo Massijem. "Ste že naročili otroka?" je bila neposredna. "A
            to se naroči?" je Korošica vrnila z vprašanjem. "Ja, pri štorklji. Pri Andrei!" Da pride vse ob svojem času,
            se je izgovorila Mazejeva. Massi pa, "občutljiv za solze", kot je priznal, je šel tolažit drugo gospodično
            med občinstvo. "Andrea mi večkrat pravi, da ne smem jokati, a vi kar dajte. Ženske smo take, čustvene," je
            pripomnila Črnjanka.
        </article-text>
        <article-text-transliterated>Navijači Tine Maze so zelo radovedni, Andrea Massi občutljiv za solze. "Ko mi pade
            adrenalin, se me dotaknejo takšne stvari. Sezona hitro mine in nimam časa predelati vsega. Se me pa navijači
            dotaknejo, hvala vsem, ki ste prišli, hvala vsem, ki ste spremljali celo sezono," je na Kongresnem trgu v
            Ljubljani povedala Tina Maze. Tudi ko Črnjanka ne smuča, ne počiva. V letu, ko je odložila tekmovalne smuči,
            se je najprej posvetila dokončanju študija na pedagoški fakulteti v Mariboru, več časa najde tudi za obisk
            staršev na Koroškem.
            "Veliko sem v Črni, rada sem v Črni. Pripravljam se na zahteven, obširen izpit. Potrebujem nekaj časa, da ga
            osvojim. A poskušam se tudi gibati, kolikor se le da, trenirati, ostati v formi, kljub temu da bom naredila
            tekmovalni počitek," je dejala slovenska smučarska kraljica. Prosti čas je predvčerajšnjim v sklopu
            promocijskega projekta I feel Slovenija izkoristila tudi za obisk Dunaja, Črnjanka je eden naših največjih
            magnetov. Sicer pa je v avstrijski prestolnici podprla duet Maraaya, ki bo nocoj nastopil v polfinalu
            evrovizijske popevke.
            Niti glasbeni karieri še ni zaprla vrat. "Sem zasanjana oseba, ko sem zasanjana, bi iz mojih ust najbrž
            lahko prišla kakšna lepa pesem. Glasbo imam rada, zdi se mi izjemna kombinacija s športom. Žal mi je, da kot
            športnica nisem imela takšnega občutka kot glasbena zvezda, ki pride v Ljubljano, poje svojo pesem in vsi z
            njo. A glede na to, da sem jo posnela, sem tudi to na neki način občutila. Res lepa izkušnja," je dejala
            Mazejeva.
            Na Kongresnem trgu so bili zelo radovedni, ko je občinstvu ponudila mikrofon. Našla se je gospa z nabrušenim
            jezikom. Pa ni vprašala, kdaj bo ohcet z Andreo Massijem. "Ste že naročili otroka?" je bila neposredna. "A
            to se naroči?" je Korošica vrnila z vprašanjem. "Ja, pri štorklji. Pri Andrei!" Da pride vse ob svojem času,
            se je izgovorila Mazejeva. Massi pa, "občutljiv za solze", kot je priznal, je šel tolažit drugo gospodično
            med občinstvo. "Andrea mi večkrat pravi, da ne smem jokati, a vi kar dajte. Ženske smo take, čustvene," je
            pripomnila Črnjanka.
        </article-text-transliterated>
    </article>
    <comments>
        <comments-count>0</comments-count>
        <comment-list/>
    </comments>
</document>