<document global-id="si-04-1111">
    <url>https://www.vecer.com/damian-merlak-trije-projekti-so-sli-po-zlu-potem-pa-6502506</url>
    <source-id>si-04</source-id>
    <local-id>1111</local-id>
    <source-name>Večer</source-name>
    <article>
        <article-title>Damian Merlak: Trije projekti so šli po zlu, potem pa ...</article-title>
        <article-title-transliterated>Damian Merlak: Trije projekti so šli po zlu, potem pa ...
        </article-title-transliterated>
        <article-time>2018-06-21</article-time>
        <article-author>Miha Raičevič</article-author>
        <article-text>Obrazi 100: Damian Merlak, soustanovitelj kriptoborze Bitstamp in 37. na lestvici najvplivnejših
            Slovencev: »Pozdravljam regulacijo na področju kriptovalut in upam, da se bom čim prej tudi zgodila.«. “A
            pridete kar k meni na Malto?” je rekel, ko smo mu pisali in ga prosili za ta intervju ob uvrstitvi zdaj še
            na lestvico 100 najvplivnejših Slovencev. Potem ko je bil pri še ne 32 letih že trikrat na lestvici 100
            najbogatejših. Fant, ki je odraščal v Kranju, zdaj živi na Malti. Primernejše okolje za posel, kot je
            njegov. Že v osnovni šoli se je srečal s programiranjem v jeziku Pascal, se po srednji računalniški šoli v
            Kranju vpisal na fakulteto za računalništvo v Ljubljani, a po dveh letih študij pustil in se predal delu. Ni
            uspel takoj. Približno trije projekti so šli po zlu, potem pa sta z Nejcem Kodričem ustanovila Bitstamp,
            borzo za trgovanje s kriptovalutami, in uspelo je. Od leta 2015 podjetja ne soupravlja več, sedi v nadzornem
            odboru in je lastnik dobre tretjine Bitstampa.

            Kakšen je bil vaš prvi stik s kriptovalutami?
            “Leta 2011 mi je za bitcoin povedal kolega, s katerim sva delala na projektih. Ko sem preveril zadevo na
            internetu, sem najprej rekel, da me ne zanima. Takrat je bila cena okoli dva dolarja. Dva meseca kasneje sem
            po naključju ujel, da je cena že med 15 in 20 dolarji. Ta razlika je vzbudila interes. Potem je bitcoin spet
            padel in začel sem kupovati. Zanimala me je tehnologija v ozadju. Začel sem sodelovati na forumih. Najprej
            sem bitcoine kupoval, potem se mi je utrnilo, da bi rudaril. Šel sem do sošolca in pri njem naročil grafične
            kartice in vse, kar potrebuje osnovni ‘miner’ za bitcoine. Stvar je začela zanimati tudi njega, raziskovati
            je začel še njegov brat - Nejc Kodrič - in prav z njim sva skupaj prišla na idejo o Bitstampu.”

            »Rekla sva si, če bova vsaj tako slaba, kot so oni, lahko zasluživa 10.000 dolarjev na dan.«

            Koliko ste takrat narudarili?
            “Mislim, da je bilo okoli 4000 bitcoinov. Rudarjenje je prinašalo tudi stroške. Nekaj bitcoinov je bilo
            treba prodati za račune za elektriko in amortizacijo opreme. Nekaj jih je ostalo.”
            Sta z Nejcem Kodričem kakšno borzo kriptovalut videla že kdaj prej, kako sploh sta se domislila tega?
            “Bitstamp ni prva borza kriptovalut. A takrat je obstajala samo menjalnica za bitcoine, ker je takrat
            obstajal samo bitcoin. Obstajal je tudi Mt. Gox, japonska menjalnica, ki pa je imela precej slabo
            uporabniško izkušnjo. Tja spraviti denar in ga dobiti ven je bilo zelo težko. Kot tudi oddajati naročila za
            prodajo in nakupe. Stvar je bila jasna samo tehnično zelo dobro podkovanim ljudem. Po javno dostopnih
            podatkih sva izračunala, da Mt. Gox na dan dobi 10.000 dolarjev od provizij. Rekla sva si, če bova vsaj tako
            slaba, kot so oni, lahko zasluživa 10.000 dolarjev na dan. Avgusta 2011 sva naredila produkt s precej boljšo
            uporabniško izkušnjo, bil je zanesljivejši in ljudje so ga posvojili. Začeli so menjavati Mt. Goxove račune
            za naše. Največja rast pa je prišla, ko je Mt. Gox zaprl svoja vrata. Takrat se je k nam preselila še večina
            preostalih njihovih strank.”
            Gotovo vam verodostojnost daje tudi to, da je Bitstamp priljubljen med trgovci s kriptovalutami.
            “Trenutno obstaja kar velik nabor borz po svetu, a Bitstamp je med večjimi, saj je edini z urejenim
            licenciranjem v Luksemburgu. Pri nas lahko kupujejo in prodajajo kriptovalute tudi institucionalne stranke.
            Neki sklad ali investicijska banka ne more poslovati v neki neregulirani entiteti ali z nekim garažnim
            podjetjem.”

            »Ljudem, ki bi vlagali, svetujem, da se poučijo o sami tehnologiji, kaj ponuja in kaj so njene slabosti.
            Mnogi se bodo opekli, mnogi so se že.«

            Zakaj pa je podjetje registrirano v Veliki Britaniji in ne Sloveniji?
            “To je bila prva ideja in tu sva nekaj časa tudi delovala. A če nekdo nastopa na mednarodnem trgu, je London
            kredibilna jurisdikcija. Če imaš na spletni strani napisano Slovenija, to nekemu Američanu ne vliva
            zaupanja. Predvsem je šlo za to.”
            Je svet kriptovalut že tako močan, da ga ni mogoče ukiniti in ga bodo morale priznati in se mu priključiti
            tudi druge finančne institucije?
            “Da. Mislim, da je to nekaj, kar se bo sčasoma zgodilo. Tudi vem, da večje finančne institucije na tem že
            delajo. Denimo Sberbank. Njihov šef je naklonjen bitcoinom in kriptovalutam. Stvari se premikajo, a
            postopoma.”
            Je v blockchain tehnologijo mogoče vdreti?
            “Ne, v samo tehnologijo bitcoina ne. Vedno, ko poslušamo o varnostnih incidentih oziroma vdorih, poslušamo o
            vdorih v neko podjetje, ki se ukvarja s kriptovalutami. Ali so to borze ali pa drugi projekti, ki se s tem
            ukvarjajo. Vdora v samo bitcoinovo kriptovaluto še ni bilo in mislim, da ga tudi ne bo. Ne morem pa tega
            trditi, če nekdo naredi novo kriptovaluto, ki je lahko slabo sprogramirana.”
            Koliko denarja imamo Slovenci v kriptovalutah?
            “Tega podatka nimam. Omenjajo se velike številke. Bil sem na konferenci, na kateri je bilo rečeno, da naj bi
            bila vsaj milijarda evrov v kriptovalutah, a dvomim, da je to res. Poznam precej ljudi, za katere se govori,
            da imajo ogromno, pa vem, da nimajo. Marsikdo je prodal. Veliko je tudi nastopaštva. So pa tudi posamezniki,
            ki imajo veliko. Morda so že zgodaj kupili in imajo bitcoine še vedno ali pa so jih prodali po trenutnih
            cenah.”
            Torej še ne bi mogli reči, da kriptovalute počasi tudi pri nas nadomeščajo druga vlaganja, na primer v
            nepremičnine.
            “To je drugačna naložba. Nepremičnine so tradicionalne naložbe in nikoli ne prinesejo takšnih potencialnih
            donosov, kot se jih lahko doseže s kriptovaluto. Tudi profil vlagateljev je drugačen.”
            Kakšen?
            “Še ne dolgo nazaj so bili to izključno mladi. Zdaj pa je v tem svetu tudi vse več starejših. Večinoma niti
            ne razumejo, v kaj vlagajo, a vlagajo, ker je to vroča roba.”
            Kaj pa tveganja?
            “Seveda obstajajo. Ljudem, ki bi vlagali, svetujem, da se poučijo o sami tehnologiji, kaj ta ponuja in kaj
            so njene slabosti. Mnogi se bodo opekli, mnogi so se že. Predlagam tudi, da ljudje investirajo v največje,
            kredibilne kriptovalute in ne iščejo hitrih zaslužkov v raznih shemah, ki jih nekdo prodaja od vrat do vrat.
            Najpomembneje pa je, da se investira poceni in ne takrat, ko vrednosti dosegajo rekorde.”
            Celoten intervju si preberite v reviji Obrazi 100.
        </article-text>
        <article-text-transliterated>Obrazi 100: Damian Merlak, soustanovitelj kriptoborze Bitstamp in 37. na lestvici
            najvplivnejših Slovencev: »Pozdravljam regulacijo na področju kriptovalut in upam, da se bom čim prej tudi
            zgodila.«. “A pridete kar k meni na Malto?” je rekel, ko smo mu pisali in ga prosili za ta intervju ob
            uvrstitvi zdaj še na lestvico 100 najvplivnejših Slovencev. Potem ko je bil pri še ne 32 letih že trikrat na
            lestvici 100 najbogatejših. Fant, ki je odraščal v Kranju, zdaj živi na Malti. Primernejše okolje za posel,
            kot je njegov. Že v osnovni šoli se je srečal s programiranjem v jeziku Pascal, se po srednji računalniški
            šoli v Kranju vpisal na fakulteto za računalništvo v Ljubljani, a po dveh letih študij pustil in se predal
            delu. Ni uspel takoj. Približno trije projekti so šli po zlu, potem pa sta z Nejcem Kodričem ustanovila
            Bitstamp, borzo za trgovanje s kriptovalutami, in uspelo je. Od leta 2015 podjetja ne soupravlja več, sedi v
            nadzornem odboru in je lastnik dobre tretjine Bitstampa.

            Kakšen je bil vaš prvi stik s kriptovalutami?
            “Leta 2011 mi je za bitcoin povedal kolega, s katerim sva delala na projektih. Ko sem preveril zadevo na
            internetu, sem najprej rekel, da me ne zanima. Takrat je bila cena okoli dva dolarja. Dva meseca kasneje sem
            po naključju ujel, da je cena že med 15 in 20 dolarji. Ta razlika je vzbudila interes. Potem je bitcoin spet
            padel in začel sem kupovati. Zanimala me je tehnologija v ozadju. Začel sem sodelovati na forumih. Najprej
            sem bitcoine kupoval, potem se mi je utrnilo, da bi rudaril. Šel sem do sošolca in pri njem naročil grafične
            kartice in vse, kar potrebuje osnovni ‘miner’ za bitcoine. Stvar je začela zanimati tudi njega, raziskovati
            je začel še njegov brat - Nejc Kodrič - in prav z njim sva skupaj prišla na idejo o Bitstampu.”

            »Rekla sva si, če bova vsaj tako slaba, kot so oni, lahko zasluživa 10.000 dolarjev na dan.«

            Koliko ste takrat narudarili?
            “Mislim, da je bilo okoli 4000 bitcoinov. Rudarjenje je prinašalo tudi stroške. Nekaj bitcoinov je bilo
            treba prodati za račune za elektriko in amortizacijo opreme. Nekaj jih je ostalo.”
            Sta z Nejcem Kodričem kakšno borzo kriptovalut videla že kdaj prej, kako sploh sta se domislila tega?
            “Bitstamp ni prva borza kriptovalut. A takrat je obstajala samo menjalnica za bitcoine, ker je takrat
            obstajal samo bitcoin. Obstajal je tudi Mt. Gox, japonska menjalnica, ki pa je imela precej slabo
            uporabniško izkušnjo. Tja spraviti denar in ga dobiti ven je bilo zelo težko. Kot tudi oddajati naročila za
            prodajo in nakupe. Stvar je bila jasna samo tehnično zelo dobro podkovanim ljudem. Po javno dostopnih
            podatkih sva izračunala, da Mt. Gox na dan dobi 10.000 dolarjev od provizij. Rekla sva si, če bova vsaj tako
            slaba, kot so oni, lahko zasluživa 10.000 dolarjev na dan. Avgusta 2011 sva naredila produkt s precej boljšo
            uporabniško izkušnjo, bil je zanesljivejši in ljudje so ga posvojili. Začeli so menjavati Mt. Goxove račune
            za naše. Največja rast pa je prišla, ko je Mt. Gox zaprl svoja vrata. Takrat se je k nam preselila še večina
            preostalih njihovih strank.”
            Gotovo vam verodostojnost daje tudi to, da je Bitstamp priljubljen med trgovci s kriptovalutami.
            “Trenutno obstaja kar velik nabor borz po svetu, a Bitstamp je med večjimi, saj je edini z urejenim
            licenciranjem v Luksemburgu. Pri nas lahko kupujejo in prodajajo kriptovalute tudi institucionalne stranke.
            Neki sklad ali investicijska banka ne more poslovati v neki neregulirani entiteti ali z nekim garažnim
            podjetjem.”

            »Ljudem, ki bi vlagali, svetujem, da se poučijo o sami tehnologiji, kaj ponuja in kaj so njene slabosti.
            Mnogi se bodo opekli, mnogi so se že.«

            Zakaj pa je podjetje registrirano v Veliki Britaniji in ne Sloveniji?
            “To je bila prva ideja in tu sva nekaj časa tudi delovala. A če nekdo nastopa na mednarodnem trgu, je London
            kredibilna jurisdikcija. Če imaš na spletni strani napisano Slovenija, to nekemu Američanu ne vliva
            zaupanja. Predvsem je šlo za to.”
            Je svet kriptovalut že tako močan, da ga ni mogoče ukiniti in ga bodo morale priznati in se mu priključiti
            tudi druge finančne institucije?
            “Da. Mislim, da je to nekaj, kar se bo sčasoma zgodilo. Tudi vem, da večje finančne institucije na tem že
            delajo. Denimo Sberbank. Njihov šef je naklonjen bitcoinom in kriptovalutam. Stvari se premikajo, a
            postopoma.”
            Je v blockchain tehnologijo mogoče vdreti?
            “Ne, v samo tehnologijo bitcoina ne. Vedno, ko poslušamo o varnostnih incidentih oziroma vdorih, poslušamo o
            vdorih v neko podjetje, ki se ukvarja s kriptovalutami. Ali so to borze ali pa drugi projekti, ki se s tem
            ukvarjajo. Vdora v samo bitcoinovo kriptovaluto še ni bilo in mislim, da ga tudi ne bo. Ne morem pa tega
            trditi, če nekdo naredi novo kriptovaluto, ki je lahko slabo sprogramirana.”
            Koliko denarja imamo Slovenci v kriptovalutah?
            “Tega podatka nimam. Omenjajo se velike številke. Bil sem na konferenci, na kateri je bilo rečeno, da naj bi
            bila vsaj milijarda evrov v kriptovalutah, a dvomim, da je to res. Poznam precej ljudi, za katere se govori,
            da imajo ogromno, pa vem, da nimajo. Marsikdo je prodal. Veliko je tudi nastopaštva. So pa tudi posamezniki,
            ki imajo veliko. Morda so že zgodaj kupili in imajo bitcoine še vedno ali pa so jih prodali po trenutnih
            cenah.”
            Torej še ne bi mogli reči, da kriptovalute počasi tudi pri nas nadomeščajo druga vlaganja, na primer v
            nepremičnine.
            “To je drugačna naložba. Nepremičnine so tradicionalne naložbe in nikoli ne prinesejo takšnih potencialnih
            donosov, kot se jih lahko doseže s kriptovaluto. Tudi profil vlagateljev je drugačen.”
            Kakšen?
            “Še ne dolgo nazaj so bili to izključno mladi. Zdaj pa je v tem svetu tudi vse več starejših. Večinoma niti
            ne razumejo, v kaj vlagajo, a vlagajo, ker je to vroča roba.”
            Kaj pa tveganja?
            “Seveda obstajajo. Ljudem, ki bi vlagali, svetujem, da se poučijo o sami tehnologiji, kaj ta ponuja in kaj
            so njene slabosti. Mnogi se bodo opekli, mnogi so se že. Predlagam tudi, da ljudje investirajo v največje,
            kredibilne kriptovalute in ne iščejo hitrih zaslužkov v raznih shemah, ki jih nekdo prodaja od vrat do vrat.
            Najpomembneje pa je, da se investira poceni in ne takrat, ko vrednosti dosegajo rekorde.”
            Celoten intervju si preberite v reviji Obrazi 100.
        </article-text-transliterated>
    </article>
    <comments>
        <comments-count>0</comments-count>
        <comment-list/>
    </comments>
</document>