<document global-id="si-04-1247">
    <url>https://www.vecer.com/dnevnik-ultramaratonca-robert-kerezi-ponovno-v-puscavi-na-fuerteventuri-6575288</url>
    <source-id>si-04</source-id>
    <local-id>1247</local-id>
    <source-name>Večer</source-name>
    <article>
        <article-title>Dnevnik ultramaratonca: Robert Kereži ponovno v puščavi, na Fuerteventuri</article-title>
        <article-title-transliterated>Dnevnik ultramaratonca: Robert Kereži ponovno v puščavi, na Fuerteventuri
        </article-title-transliterated>
        <article-time>2018-09-25</article-time>
        <article-author>Gregor Grosman</article-author>
        <article-text>"Tokrat bo moja srečna sedmica obkrožena z enko in devetko," pravi Mariborčan, ki po puščavi teče
            s številko 179 na prsih. Mariborčan Robert Kereži je ponovno "dvignil sidro in izplul iz varne domače luke".
            Tokrat se udeležuje polmaratona Des Sables, ki se je včeraj pričel na Kanarskih otokih, natančneje
            Fuerteventuri. Z Robertom smo se pogovarjali v petek, ko je imel stvari že pripravljene za na pot in se je
            zvečer odpravljal v Ljubljano, nato naprej do Benetk in z letalom prek Madrida na Fuerteventuro, kamor je
            prispel v soboto. Nedelja je bila namenjena aklimatizaciji tekmovalcev, v ponedeljek pa je šlo zares. 

            Španski vodja tekmovanja Fernando Gonzalez je na "tehničnem pregledu" spoznal vse tekmovalce, Robert pa ima
            številko 179. "Formo imam, kot sem pričakoval, čeprav bi seveda lahko človek bil zmeraj bolje pripravljen,"
            nam je povedal in dodal, da tokrat ne gre toliko na rezultat, ampak izkušnjo. "Pri rezultatih se ne morem
            kosati s profesionalnimi tekmovalci," dodaja. Nedeljo je tako še preživel v hotelu, v ponedeljek pa so
            tekmovalce odpeljali v puščavo.

            Kot je zapisal na svojem blogu, je bil hvaležen, ko je na letališču Fuerteventura naletel na bosonogega
            tekača in prijatelja iz Peruja, ki je s seboj pripeljal pisano južnoameriško druščino. "Na odhodu poberemo
            še tri francosko govoreče tekače in skupaj najamemo kombi. Zaradi slabih povezav smo bili namreč primorani
            priti na start Des Sablesa dan prej in tako ostali brez prevoza, ki ga je organizator obljubljal v paketu.

            Seveda moram plačati še dodatno nočitev, a jezo malce ohladi prijazna strežnica hotelske restavracije, ko mi
            ‘časti’ veliko solato s piščancem. Prisežem, da v zameno ni vzela telefonske številke. Pa saj me, tudi če bi
            hotela, najbrž ne bi uspela dobiti. Tudi tokrat je namreč podobno kot v Peruju kup tehničnih težav.
            Predplačniška kartica, ki sem jo že mesec pred odhodom skrbno naročil, je namreč telefon prenastavila na
            španščino in prvič obžalujem, da nisem gledal solzavih nadaljevank, da bi se kot mnoge gospodinje naučil
            osnov tega melodramatičnega jezika," piše Kereži. 

            Nahrbtnik je doma tehtal “zgolj” 7, 7 kilograma

            Za dobro jutro skok z balkona
            "Jutro pričnem s skokom iz balkona. Pa ne zaradi predčasnega prihoda razjarjenega soproga kakšne ljubimke –
            veter mi je ponoči odnesel majico, ki sem jo s spodnjicami, hlačami in nogavicami dal sušiti na ograjo. Ko
            se plazim skozi trnje nazaj v sobo, močno upam, da kdo ne pokliče policije, ki me bo zaradi majice odpeljala
            na zaslišanje zaradi suma vloma. Preden bom dobil prevajalca in odvetnika, pa bo start Des Sablesa že mimo.
            Zato se hitro oblečem in še v temi odtečem ogrevalni aktivacijski sedem kilometrski krog novemu jutru
            naproti," dogajanje naslednjega dne opiše Mariborčan. 

            Popoldan je sledil ustaljen postopek uradnega srečanja z organizatorji s pregledom in tehtanjem opreme,
            zdravniškim pregledom, prevzemom štartnih številk, vode ter najvažnejše – Roadbook (knjižica z napotki) z
            vsemi pomembnimi podatki o, ob in na progi, je še pojasnil Kereži, ki je za cimra dobil prehlajenega Irca,
            ki "nosljavo tolče angleščino z irskim naglasom, da mu komaj sledim. Ker je novinec na tovrstni avanturi,
            ima kup vprašanj in pomislekov. Upam, da ga moja zadržanost ni še bolj dotolkla, a ne morem si pomagati.
            Dečko je sicer prijazen, a do virusov, ki trenutno krožijo okrog njega, sem vedno sovražno razpoložen." 

            Kerežija pa čaka konec novembra in v začetku decembra še pomembnejša preizkušnja. Takrat bo tekel v Omanu.
            "To je zame osebno še bolj pomembna tekma, saj sem, v kolikor jo uspešno zaključim, brez žreba in brez
            prijave avtomatsko kvalificiran na Mont Blanc 2019."
        </article-text>
        <article-text-transliterated>"Tokrat bo moja srečna sedmica obkrožena z enko in devetko," pravi Mariborčan, ki
            po puščavi teče s številko 179 na prsih. Mariborčan Robert Kereži je ponovno "dvignil sidro in izplul iz
            varne domače luke". Tokrat se udeležuje polmaratona Des Sables, ki se je včeraj pričel na Kanarskih otokih,
            natančneje Fuerteventuri. Z Robertom smo se pogovarjali v petek, ko je imel stvari že pripravljene za na pot
            in se je zvečer odpravljal v Ljubljano, nato naprej do Benetk in z letalom prek Madrida na Fuerteventuro,
            kamor je prispel v soboto. Nedelja je bila namenjena aklimatizaciji tekmovalcev, v ponedeljek pa je šlo
            zares. 

            Španski vodja tekmovanja Fernando Gonzalez je na "tehničnem pregledu" spoznal vse tekmovalce, Robert pa ima
            številko 179. "Formo imam, kot sem pričakoval, čeprav bi seveda lahko človek bil zmeraj bolje pripravljen,"
            nam je povedal in dodal, da tokrat ne gre toliko na rezultat, ampak izkušnjo. "Pri rezultatih se ne morem
            kosati s profesionalnimi tekmovalci," dodaja. Nedeljo je tako še preživel v hotelu, v ponedeljek pa so
            tekmovalce odpeljali v puščavo.

            Kot je zapisal na svojem blogu, je bil hvaležen, ko je na letališču Fuerteventura naletel na bosonogega
            tekača in prijatelja iz Peruja, ki je s seboj pripeljal pisano južnoameriško druščino. "Na odhodu poberemo
            še tri francosko govoreče tekače in skupaj najamemo kombi. Zaradi slabih povezav smo bili namreč primorani
            priti na start Des Sablesa dan prej in tako ostali brez prevoza, ki ga je organizator obljubljal v paketu.

            Seveda moram plačati še dodatno nočitev, a jezo malce ohladi prijazna strežnica hotelske restavracije, ko mi
            ‘časti’ veliko solato s piščancem. Prisežem, da v zameno ni vzela telefonske številke. Pa saj me, tudi če bi
            hotela, najbrž ne bi uspela dobiti. Tudi tokrat je namreč podobno kot v Peruju kup tehničnih težav.
            Predplačniška kartica, ki sem jo že mesec pred odhodom skrbno naročil, je namreč telefon prenastavila na
            španščino in prvič obžalujem, da nisem gledal solzavih nadaljevank, da bi se kot mnoge gospodinje naučil
            osnov tega melodramatičnega jezika," piše Kereži. 

            Nahrbtnik je doma tehtal “zgolj” 7, 7 kilograma

            Za dobro jutro skok z balkona
            "Jutro pričnem s skokom iz balkona. Pa ne zaradi predčasnega prihoda razjarjenega soproga kakšne ljubimke –
            veter mi je ponoči odnesel majico, ki sem jo s spodnjicami, hlačami in nogavicami dal sušiti na ograjo. Ko
            se plazim skozi trnje nazaj v sobo, močno upam, da kdo ne pokliče policije, ki me bo zaradi majice odpeljala
            na zaslišanje zaradi suma vloma. Preden bom dobil prevajalca in odvetnika, pa bo start Des Sablesa že mimo.
            Zato se hitro oblečem in še v temi odtečem ogrevalni aktivacijski sedem kilometrski krog novemu jutru
            naproti," dogajanje naslednjega dne opiše Mariborčan. 

            Popoldan je sledil ustaljen postopek uradnega srečanja z organizatorji s pregledom in tehtanjem opreme,
            zdravniškim pregledom, prevzemom štartnih številk, vode ter najvažnejše – Roadbook (knjižica z napotki) z
            vsemi pomembnimi podatki o, ob in na progi, je še pojasnil Kereži, ki je za cimra dobil prehlajenega Irca,
            ki "nosljavo tolče angleščino z irskim naglasom, da mu komaj sledim. Ker je novinec na tovrstni avanturi,
            ima kup vprašanj in pomislekov. Upam, da ga moja zadržanost ni še bolj dotolkla, a ne morem si pomagati.
            Dečko je sicer prijazen, a do virusov, ki trenutno krožijo okrog njega, sem vedno sovražno razpoložen." 

            Kerežija pa čaka konec novembra in v začetku decembra še pomembnejša preizkušnja. Takrat bo tekel v Omanu.
            "To je zame osebno še bolj pomembna tekma, saj sem, v kolikor jo uspešno zaključim, brez žreba in brez
            prijave avtomatsko kvalificiran na Mont Blanc 2019."
        </article-text-transliterated>
    </article>
    <comments>
        <comments-count>0</comments-count>
        <comment-list/>
    </comments>
</document>