<document global-id="si-04-1100">
    <url>https://www.vecer.com/201504296112990-6112990</url>
    <source-id>si-04</source-id>
    <local-id>1100</local-id>
    <source-name>Večer</source-name>
    <article>
        <article-title>Da jim med počitnicami ni dolgčas</article-title>
        <article-title-transliterated>Da jim med počitnicami ni dolgčas</article-title-transliterated>
        <article-time>2015-04-29</article-time>
        <article-author>Darinko Kores Jacks</article-author>
        <article-text>Nimajo vsi otroci te sreče, da bi med počitnicami odšli kam na lepše, novim dogodivščinam naproti.
            A tudi tisti, ki ostanejo doma, imajo v Mariboru dovolj možnosti za kreativno preživljanje prostega časa. Za
            to ob vsakih počitnicah (pa tudi sicer) skrbi zveza prijateljev mladine (ZPM), ki je tudi med letošnjimi
            prvomajskimi pouka prostimi dnevi pripravila pester izbor delavnic v Domu ustvarjalnosti mladih (DUM) in na
            prostem.
            Druženju pod vedrim nebom vreme včeraj sicer ni bilo najbolj naklonjeno, a za danes je napoved že
            prijaznejša in risarski delavnici v Mestnem parku se obeta uspešna izvedba. Likovno je mogoče ta teden vsak
            delavnik med 8. in 16. uro ustvarjati tudi v Dumu na temo prebujajoče se narave. Hkrati potekajo tudi
            delavnice, na katerih bodo udeleženci izdelovali hotele za žuželke. Med 11. in 14. uro lahko migajo, da se
            razgibajo, med 10.30 in 12. uro se lahko preizkusijo v igranju čisto pravih glasbenih instrumentov (bobnov,
            kitare, klaviatur ...), jutri pa se bodo lahko v teoriji in praksi spoznali z osnovami prve pomoči in
            reševanja življenj v nujnih primerih in prisluhnili pravljicam v angleščini. Udeležba je kakopak brezplačna.
        </article-text>
        <article-text-transliterated>Nimajo vsi otroci te sreče, da bi med počitnicami odšli kam na lepše, novim
            dogodivščinam naproti. A tudi tisti, ki ostanejo doma, imajo v Mariboru dovolj možnosti za kreativno
            preživljanje prostega časa. Za to ob vsakih počitnicah (pa tudi sicer) skrbi zveza prijateljev mladine
            (ZPM), ki je tudi med letošnjimi prvomajskimi pouka prostimi dnevi pripravila pester izbor delavnic v Domu
            ustvarjalnosti mladih (DUM) in na prostem.
            Druženju pod vedrim nebom vreme včeraj sicer ni bilo najbolj naklonjeno, a za danes je napoved že
            prijaznejša in risarski delavnici v Mestnem parku se obeta uspešna izvedba. Likovno je mogoče ta teden vsak
            delavnik med 8. in 16. uro ustvarjati tudi v Dumu na temo prebujajoče se narave. Hkrati potekajo tudi
            delavnice, na katerih bodo udeleženci izdelovali hotele za žuželke. Med 11. in 14. uro lahko migajo, da se
            razgibajo, med 10.30 in 12. uro se lahko preizkusijo v igranju čisto pravih glasbenih instrumentov (bobnov,
            kitare, klaviatur ...), jutri pa se bodo lahko v teoriji in praksi spoznali z osnovami prve pomoči in
            reševanja življenj v nujnih primerih in prisluhnili pravljicam v angleščini. Udeležba je kakopak brezplačna.
        </article-text-transliterated>
    </article>
    <comments>
        <comments-count>0</comments-count>
        <comment-list/>
    </comments>
</document>