<document global-id="si-04-1147">
    <url>https://www.vecer.com/darja-kerec-biti-na-svojem-ni-samoumevno-6386321</url>
    <source-id>si-04</source-id>
    <local-id>1147</local-id>
    <source-name>Večer</source-name>
    <article>
        <article-title>Darja Kerec: Biti na svojem ni samoumevno</article-title>
        <article-title-transliterated>Darja Kerec: Biti na svojem ni samoumevno</article-title-transliterated>
        <article-time>2018-01-20</article-time>
        <article-author>Zvezdana Bercko</article-author>
        <article-text>Izjava aludira na vsiljeno mnenje, da je bila osamosvojitev možna zgolj zaradi angažmaja dela
            politike, ki hoče monopolizirati tako osamosvojitev kot izraze domoljubja. Osamosvojitev se ne bi mogla
            izpeljati brez podpore in naklonjenosti civilne družbe in javnosti pa tudi vseh posameznic in posameznikov,
            ki so se za dobro Slovenije izpostavili morda celo bolj, kot se danes dojema in vrednoti, in bolj, kot se
            nekateri politični akterji še danes hvalisajo …

            Darja Kerec: “V duhu domoljubja bi bilo prav, da vemo, kdo sta bila Trubar in Cankar ter da je pri
            osamosvojitvi sodelovalo veliko ljudi in da junija 1991 niso prišli trije ramboti ter lastnoročno poskrbeli,
            da smo bili nato samostojni.”

            Do svoje države smo prišli tudi in predvsem zaradi védenja, da smo se kot narod ohranili zaradi jezika. Zato
            omemba Trubarja in Cankarja. Prvi nam je dal tiskani knjigi v slovenščini in nas nagovoril z 'lubi
            Slovenci', drugi je z ostrim peresom opozarjal na krivice in letargijo Slovencev v odnosu do
            institucionalnih avtoritet. Prvi je zapisal 'stati inu obstati', drugi v znani drami stoletja kasneje, da
            smo Slovenci kot ustvarjeni za hlapčevanje … Z nekaj idealiziranja bi lahko rekli, da sta bila oba
            daljnovidna," pravi Darja Kerec. Nominirana izjava je vzeta iz intervjuja za prilogo V soboto 6. maja 2017
            avtorice Kristine Božič.
            Danes, dobrega pol leta kasneje, ne bi v izjavi spremenila ničesar. "Nasprotno: V duhu domoljubja je
            pomembno, da se sporočilnosti Trubarjevih in Cankarjevih del zdaj, v 21. stoletju, zavedamo še bolj kot v
            obdobju pred osamosvojitvijo. Biti na svojem, v lastni državi, ni nekaj samoumevnega in zahteva odločno
            participacijo vseh državljanov, ne le peščice politikov."
            Doktorica zgodovine, predavateljica na Oddelkih za razredni pouk Pedagoških fakultet Univerze v Ljubljani in
            Univerze na Primorskem, katere osrednje raziskovalno delo zajema zgodovino Prekmurja, mednacionalne,
            razredne, verske in kulturne odnose na tem območju, odnose med Prekmurjem in osrednjim delom Slovenije, v
            širšem smislu pa tudi srednjeevropski prostor Avstro-Ogrske, pravi, da je počaščena, da jo je uredništvo
            Večera uvrstilo v izbor izjav za bob leta. "S prav vsako od izjav v letošnjem izboru se lahko poistovetim."
            Seveda se tudi njena izjava odzivom ni izognila. "V času, ko imamo na voljo svetovni splet, se jim redkokdo,
            ki se pojavi v javnosti, izogne. Po objavi intervjuja sem pričakovala, da bodo komentarji ''lepo' po
            slovensko uravnoteženi (pol-pol). In so bili: del bralcev je razumel prebrano, del pa se je odzval na prvo
            žogo - tj. zgolj na prebran naslov (Domoljubje ni vihtenje zastave) - brez poglobljenega razumevanja, kaj
            vse je, poleg simbolov, kot sta zastava in grb, še izraz pristnega domoljubja."
        </article-text>
        <article-text-transliterated>Izjava aludira na vsiljeno mnenje, da je bila osamosvojitev možna zgolj zaradi
            angažmaja dela politike, ki hoče monopolizirati tako osamosvojitev kot izraze domoljubja. Osamosvojitev se
            ne bi mogla izpeljati brez podpore in naklonjenosti civilne družbe in javnosti pa tudi vseh posameznic in
            posameznikov, ki so se za dobro Slovenije izpostavili morda celo bolj, kot se danes dojema in vrednoti, in
            bolj, kot se nekateri politični akterji še danes hvalisajo …

            Darja Kerec: “V duhu domoljubja bi bilo prav, da vemo, kdo sta bila Trubar in Cankar ter da je pri
            osamosvojitvi sodelovalo veliko ljudi in da junija 1991 niso prišli trije ramboti ter lastnoročno poskrbeli,
            da smo bili nato samostojni.”

            Do svoje države smo prišli tudi in predvsem zaradi védenja, da smo se kot narod ohranili zaradi jezika. Zato
            omemba Trubarja in Cankarja. Prvi nam je dal tiskani knjigi v slovenščini in nas nagovoril z 'lubi
            Slovenci', drugi je z ostrim peresom opozarjal na krivice in letargijo Slovencev v odnosu do
            institucionalnih avtoritet. Prvi je zapisal 'stati inu obstati', drugi v znani drami stoletja kasneje, da
            smo Slovenci kot ustvarjeni za hlapčevanje … Z nekaj idealiziranja bi lahko rekli, da sta bila oba
            daljnovidna," pravi Darja Kerec. Nominirana izjava je vzeta iz intervjuja za prilogo V soboto 6. maja 2017
            avtorice Kristine Božič.
            Danes, dobrega pol leta kasneje, ne bi v izjavi spremenila ničesar. "Nasprotno: V duhu domoljubja je
            pomembno, da se sporočilnosti Trubarjevih in Cankarjevih del zdaj, v 21. stoletju, zavedamo še bolj kot v
            obdobju pred osamosvojitvijo. Biti na svojem, v lastni državi, ni nekaj samoumevnega in zahteva odločno
            participacijo vseh državljanov, ne le peščice politikov."
            Doktorica zgodovine, predavateljica na Oddelkih za razredni pouk Pedagoških fakultet Univerze v Ljubljani in
            Univerze na Primorskem, katere osrednje raziskovalno delo zajema zgodovino Prekmurja, mednacionalne,
            razredne, verske in kulturne odnose na tem območju, odnose med Prekmurjem in osrednjim delom Slovenije, v
            širšem smislu pa tudi srednjeevropski prostor Avstro-Ogrske, pravi, da je počaščena, da jo je uredništvo
            Večera uvrstilo v izbor izjav za bob leta. "S prav vsako od izjav v letošnjem izboru se lahko poistovetim."
            Seveda se tudi njena izjava odzivom ni izognila. "V času, ko imamo na voljo svetovni splet, se jim redkokdo,
            ki se pojavi v javnosti, izogne. Po objavi intervjuja sem pričakovala, da bodo komentarji ''lepo' po
            slovensko uravnoteženi (pol-pol). In so bili: del bralcev je razumel prebrano, del pa se je odzval na prvo
            žogo - tj. zgolj na prebran naslov (Domoljubje ni vihtenje zastave) - brez poglobljenega razumevanja, kaj
            vse je, poleg simbolov, kot sta zastava in grb, še izraz pristnega domoljubja."
        </article-text-transliterated>
    </article>
    <comments>
        <comments-count>0</comments-count>
        <comment-list/>
    </comments>
</document>