<document global-id="si-04-1096">
    <url>https://www.vecer.com/da-bo-dom-zazarel-v-najlepsi-luci-6628123</url>
    <source-id>si-04</source-id>
    <local-id>1096</local-id>
    <source-name>Večer</source-name>
    <article>
        <article-title>Da bo dom zažarel v najlepši luči</article-title>
        <article-title-transliterated>Da bo dom zažarel v najlepši luči</article-title-transliterated>
        <article-time>2018-12-12</article-time>
        <article-author>Tina Recek</article-author>
        <article-text>Ni decembra brez praznične osvetljave. V tem času domove preplavijo kombinacije različnih barv,
            hladnih in toplih, a bolj kot to je pomembna varnost pri njihovi uporabi. V času veselega decembra poskrbijo
            za praznično vzdušje doma božično novoletno drevo, domači piškoti, različni dekorativni okraski in
            osvetljava. Zdi se, da s slednjo začenjamo praznični čas vsako leto prej in bolj razkošno. Kakšno je osnovno
            pravilo pri praznični osvetlitvi, da ne deluje preveč kičasto? Urška Novak Chrysanthis iz podjetja ES
            svetuje, naj uporabimo več virov svetlobe. Če jih bomo kombinirali z drobnimi lučkami in svečkami, vse to pa
            lično uskladili z notranjo opremo, bomo zadeli žebljico na glavico. Kot še pravi sogovornica, osvetlitev
            vedno sledi trendom notranjega oblikovanja oz. gre z njim z roko v roki. Najlepša je še vedno bela svetloba,
            a nekaterim bolj ustreza hladna, spet drugim topla, ki spominja na svetlobo svečk.

            Osvetlitev izklopimo, ko nas ni doma

            Največja nevarnost je pregrevanje. Pri sami svetlobni verigi je tega sedaj manj, saj je po večini na voljo
            LED-tehnika, težava pa lahko nastane pri adapterjih za vtičnico, denimo pride do pregrevanja. Takrat
            proizvod takoj izklopimo. Prav tako izklopimo osvetlitev na smrečicah, medtem ko nas ni doma oz. nismo
            prisotni v prostoru, recimo ponoči.

            Ko si lahko dovolimo malo več
            Potem ko izberemo praznična svetila, se porodi vprašanje, kam jih namestiti. "Svetilke, svetlobne verige in
            druge svetleče okraske namestimo na okna, smrečico, okoli stebrov ... Domišljiji res lahko pustimo prosto
            pot in si v prazničnem času dovolimo malo več. Pri tem smo pazljivi, da do njih ne dostopajo majhni otroci
            in hišni ljubljenčki," opozori Urška Novak Chrysanthis in izpostavi, da je večina dekorativnih prazničnih
            svetil danes v LED-tehniki. To pomeni trenutno najbolj varčno obliko osvetlitve. Svetila upravljamo tako, da
            uporabimo časovni zamik vklopa oz. uro, ki omogoča, da je osvetlitev prižgana takrat, ko si zaželimo, in ne
            ves čas, če nam to ne ustreza.

            Notranja svetila se od tistih, ki so primerna za zunanjo uporabo, razlikujejo predvsem po stopnji zaščite
            pred vlago in prahom, zato jih nikakor ne uporabimo zunaj. Tako se bomo izognili neljubim dogodkom, kot je
            kratki stik ali krajša življenjska doba svetil.

            Prekratek kabel in brez oznake CE

            Tržni inšpektorat je v nadzorih svetlobnih nizov in novoletne okrasne osvetlitve (okraski, svetlobne verige,
            razne figure, opremljene s svetlobnimi nizi …) ugotovil najpogostejše nepravilnosti ali pomanjkljivosti:

            • proizvodi so brez oznake CE ali ta ni ustrezne oblike,

            • prekratek kabel med vtikačem in prvo sijalko (žarnico), dolg mora biti najmanj 1,5 metra,

            • k proizvodom so priložena pomanjkljiva navodila ali so ta le v tujem jeziku, tu in tam pa jih tudi ni,

            • pomanjkljiva opozorila na proizvodu, na njegovi embalaži in/ali v navodilih za uporabo,

            • neustrezna označitev namena uporabe, npr. na proizvodu je piktogram (ali napisano) za notranjo uporabo, v
            priloženih navodilih pa je navedeno, da so za notranjo in zunanjo uporabo,

            • neustrezna navedba stopnja zaščite pred vdorom vode in prahu, npr. na svetlobnem nizu za zunanjo uporabo
            je navedena IP 20 (ustreza notranji uporabi), morala pa bi biti najmanj IP 44, itd.

            Za soseda kič, za nas lepo
            V nasprotju z notranjimi pa zunanja svetila vedno lahko uporabimo tudi v notranjosti. Tukaj ni omejitev
            glede varnosti in vlage ipd. Enako kot pri notranjih tudi pri zunanjih velja, da je večina svetil v
            LED-izvedbi. Kot pravi Novak Chrysanthisova, so varna vsa svetila, ki imajo dovolj visoko stopnjo zaščite
            proti vlagi, torej vsaj IP44. Dodatno lahko poskrbimo, da so adapterji in vtikači zaščiteni pred neposrednim
            dežjem/snegom. Sogovornica poveže z notranjimi svetili še eno vzporednico: "Tako kot je notranja oprema
            subjektivna, je tudi glede zunanje osvetlitve - kar je za koga lepo, je lahko za soseda moteče in kičasto.
            Predvsem kombinacija različnih barv osvetlitve, menjavanje barv, uporaba različnih projektorjev so lahko
            moteči. Ravnajmo po zdravi pameti in postavimo le nekaj prazničnih poudarkov, da bo naš dom zažarel v
            najlepši luči."

            Na trgu so na voljo praznična svetila z daljinskim upravljanjem, a večina se še vedno odloča za klasični
            prižig s stikali oz. uro za vklop. "Kljub vsemu blišču in osvetlitvi pa je največji čar praznikov še vedno
            čas, ki si ga vzamemo za bližnje," sklene Urška Novak Chrysanthis z nespornim dejstvom, ki ga velja
            upoštevati.

            Preverimo brezhibnost žarnic
            Da bodo prazniki minili brez neljubih dogodkov, kot so manjši požari zaradi pregrevanja svetil, pri tržnem
            inšpektoratu svetujejo, naj ne puščamo okrasne razsvetljave brez nadzora - ob odhodu od doma jo ugasnimo,
            omejimo dostopnost majhnim otrokom do prižganih lučk, če opazimo čezmerno segrevanje proizvoda, ga za nekaj
            časa izklopimo. Pred prvo uporabo v sezoni preverimo, ali so vse žarnice brezhibne, in jih ne zamenjujmo, če
            je proizvod priključen na omrežno napetost. Če opazimo kakršnokoli poškodbo na priključnih kablih,
            povezovalnih vodnikih ali sijalkah ali celo, da se iz proizvoda kadi ali da nam ob priklopu na omrežje
            izklaplja varovalko, proizvod nemudoma prenehamo uporabljati in ga zavržemo kot električno in elektronsko
            opremo na ustrezen način.
        </article-text>
        <article-text-transliterated>Ni decembra brez praznične osvetljave. V tem času domove preplavijo kombinacije
            različnih barv, hladnih in toplih, a bolj kot to je pomembna varnost pri njihovi uporabi. V času veselega
            decembra poskrbijo za praznično vzdušje doma božično novoletno drevo, domači piškoti, različni dekorativni
            okraski in osvetljava. Zdi se, da s slednjo začenjamo praznični čas vsako leto prej in bolj razkošno. Kakšno
            je osnovno pravilo pri praznični osvetlitvi, da ne deluje preveč kičasto? Urška Novak Chrysanthis iz
            podjetja ES svetuje, naj uporabimo več virov svetlobe. Če jih bomo kombinirali z drobnimi lučkami in
            svečkami, vse to pa lično uskladili z notranjo opremo, bomo zadeli žebljico na glavico. Kot še pravi
            sogovornica, osvetlitev vedno sledi trendom notranjega oblikovanja oz. gre z njim z roko v roki. Najlepša je
            še vedno bela svetloba, a nekaterim bolj ustreza hladna, spet drugim topla, ki spominja na svetlobo svečk.

            Osvetlitev izklopimo, ko nas ni doma

            Največja nevarnost je pregrevanje. Pri sami svetlobni verigi je tega sedaj manj, saj je po večini na voljo
            LED-tehnika, težava pa lahko nastane pri adapterjih za vtičnico, denimo pride do pregrevanja. Takrat
            proizvod takoj izklopimo. Prav tako izklopimo osvetlitev na smrečicah, medtem ko nas ni doma oz. nismo
            prisotni v prostoru, recimo ponoči.

            Ko si lahko dovolimo malo več
            Potem ko izberemo praznična svetila, se porodi vprašanje, kam jih namestiti. "Svetilke, svetlobne verige in
            druge svetleče okraske namestimo na okna, smrečico, okoli stebrov ... Domišljiji res lahko pustimo prosto
            pot in si v prazničnem času dovolimo malo več. Pri tem smo pazljivi, da do njih ne dostopajo majhni otroci
            in hišni ljubljenčki," opozori Urška Novak Chrysanthis in izpostavi, da je večina dekorativnih prazničnih
            svetil danes v LED-tehniki. To pomeni trenutno najbolj varčno obliko osvetlitve. Svetila upravljamo tako, da
            uporabimo časovni zamik vklopa oz. uro, ki omogoča, da je osvetlitev prižgana takrat, ko si zaželimo, in ne
            ves čas, če nam to ne ustreza.

            Notranja svetila se od tistih, ki so primerna za zunanjo uporabo, razlikujejo predvsem po stopnji zaščite
            pred vlago in prahom, zato jih nikakor ne uporabimo zunaj. Tako se bomo izognili neljubim dogodkom, kot je
            kratki stik ali krajša življenjska doba svetil.

            Prekratek kabel in brez oznake CE

            Tržni inšpektorat je v nadzorih svetlobnih nizov in novoletne okrasne osvetlitve (okraski, svetlobne verige,
            razne figure, opremljene s svetlobnimi nizi …) ugotovil najpogostejše nepravilnosti ali pomanjkljivosti:

            • proizvodi so brez oznake CE ali ta ni ustrezne oblike,

            • prekratek kabel med vtikačem in prvo sijalko (žarnico), dolg mora biti najmanj 1,5 metra,

            • k proizvodom so priložena pomanjkljiva navodila ali so ta le v tujem jeziku, tu in tam pa jih tudi ni,

            • pomanjkljiva opozorila na proizvodu, na njegovi embalaži in/ali v navodilih za uporabo,

            • neustrezna označitev namena uporabe, npr. na proizvodu je piktogram (ali napisano) za notranjo uporabo, v
            priloženih navodilih pa je navedeno, da so za notranjo in zunanjo uporabo,

            • neustrezna navedba stopnja zaščite pred vdorom vode in prahu, npr. na svetlobnem nizu za zunanjo uporabo
            je navedena IP 20 (ustreza notranji uporabi), morala pa bi biti najmanj IP 44, itd.

            Za soseda kič, za nas lepo
            V nasprotju z notranjimi pa zunanja svetila vedno lahko uporabimo tudi v notranjosti. Tukaj ni omejitev
            glede varnosti in vlage ipd. Enako kot pri notranjih tudi pri zunanjih velja, da je večina svetil v
            LED-izvedbi. Kot pravi Novak Chrysanthisova, so varna vsa svetila, ki imajo dovolj visoko stopnjo zaščite
            proti vlagi, torej vsaj IP44. Dodatno lahko poskrbimo, da so adapterji in vtikači zaščiteni pred neposrednim
            dežjem/snegom. Sogovornica poveže z notranjimi svetili še eno vzporednico: "Tako kot je notranja oprema
            subjektivna, je tudi glede zunanje osvetlitve - kar je za koga lepo, je lahko za soseda moteče in kičasto.
            Predvsem kombinacija različnih barv osvetlitve, menjavanje barv, uporaba različnih projektorjev so lahko
            moteči. Ravnajmo po zdravi pameti in postavimo le nekaj prazničnih poudarkov, da bo naš dom zažarel v
            najlepši luči."

            Na trgu so na voljo praznična svetila z daljinskim upravljanjem, a večina se še vedno odloča za klasični
            prižig s stikali oz. uro za vklop. "Kljub vsemu blišču in osvetlitvi pa je največji čar praznikov še vedno
            čas, ki si ga vzamemo za bližnje," sklene Urška Novak Chrysanthis z nespornim dejstvom, ki ga velja
            upoštevati.

            Preverimo brezhibnost žarnic
            Da bodo prazniki minili brez neljubih dogodkov, kot so manjši požari zaradi pregrevanja svetil, pri tržnem
            inšpektoratu svetujejo, naj ne puščamo okrasne razsvetljave brez nadzora - ob odhodu od doma jo ugasnimo,
            omejimo dostopnost majhnim otrokom do prižganih lučk, če opazimo čezmerno segrevanje proizvoda, ga za nekaj
            časa izklopimo. Pred prvo uporabo v sezoni preverimo, ali so vse žarnice brezhibne, in jih ne zamenjujmo, če
            je proizvod priključen na omrežno napetost. Če opazimo kakršnokoli poškodbo na priključnih kablih,
            povezovalnih vodnikih ali sijalkah ali celo, da se iz proizvoda kadi ali da nam ob priklopu na omrežje
            izklaplja varovalko, proizvod nemudoma prenehamo uporabljati in ga zavržemo kot električno in elektronsko
            opremo na ustrezen način.
        </article-text-transliterated>
    </article>
    <comments>
        <comments-count>1</comments-count>
        <comment-list>
            <comment comment-id="1">
                <comment-parent-id>,</comment-parent-id>
                <comment-text>Leto dni ljudje šparajo z elektriko, ugašajo opozorilne lučke na kabelskih podaljških,
                    izklopljajo vse živo, na koncu leta pa jim je malo mar o čemer so jih novinarji pumpali prek leta
                    koliko in kdaj se da kaj prihraniti z rabo elektrike. Tisti sosed, ki vidi neumno početje soseda in
                    meni, da je vse kič in bebarija, je pameten. Kapo dol takemu sosedu!
                </comment-text>
                <comment-text-transliterated>Leto dni ljudje šparajo z elektriko, ugašajo opozorilne lučke na kabelskih
                    podaljških, izklopljajo vse živo, na koncu leta pa jim je malo mar o čemer so jih novinarji pumpali
                    prek leta koliko in kdaj se da kaj prihraniti z rabo elektrike. Tisti sosed, ki vidi neumno početje
                    soseda in meni, da je vse kič in bebarija, je pameten. Kapo dol takemu sosedu!
                </comment-text-transliterated>
            </comment>
        </comment-list>
    </comments>
</document>