<document global-id="si-04-1031">
    <url>https://www.vecer.com/201509176142979-6142979</url>
    <source-id>si-04</source-id>
    <local-id>1031</local-id>
    <source-name>Večer</source-name>
    <article>
        <article-title>Cerar odšel brez velikih obljub</article-title>
        <article-title-transliterated>Cerar odšel brez velikih obljub</article-title-transliterated>
        <article-time>2015-09-17</article-time>
        <article-author>Nataša Gider</article-author>
        <article-text>Predsednik vlade iz Pomurja z optimizmom, zlasti ker je vlada v okolju prepoznala tisto, česar
            potrebujemo bistveno več. S skupnim srečanjem večine ministrov s predstavniki lokalnih skupnosti, javnih
            institucij in podjetij se je včeraj končal dvodnevni obisk vlade v Pomurju, tretji obisk te vlade v kateri
            od regij, z njimi pa bo vlada nadaljevala tudi v prihodnje. Ob koncu obiska je predsednik vlade Miro Cerar
            povedal, da so ministri prišli s konkretnimi idejami in predlogi (vlada je obljubila preplastitev šestih
            odsekov lokalnih cest še v tem letu), glavni namen obiska pa je bil, da se srečajo neposredno z ljudmi iz
            tega okolja - z župani, podjetniki, direktorji zavodov, predstavniki nevladnih organizacij in drugimi - ter
            se pogovorijo o aktualnih problemih.
            "Obisk vlade je bil zelo koristen za obe strani, izmenjali smo veliko mnenj, stališč, našli tudi veliko
            skupnega jezika, da bomo v prihodnje lažje reševali problematiko. Zavedamo se, da je bila situacija tu zelo
            težka, da je še vedno težka, da pa se hkrati izboljšuje. To nas navdaja z optimizmom, še posebej zato, ker
            tudi v lokalnem okolju prepoznavamo lastne iniciative, več optimizma, entuziazem, inovativnost - tisto, kar
            Slovenija v celoti potrebuje v bistveno večji meri," je povedal Cerar in dodal: "Seveda pa je potem naloga
            vlade, da pri tem pomaga." Pri tem je izpostavil predvsem rezultate na področju infrastrukture. Cerar je med
            obiskom odprl (skupaj z murskosoboškim županom Aleksandrom Jevškom) podvoz pod železniško progo v Murski
            Soboti. Včeraj se je skupaj s predsednico Švicarske konfederacije Simonetto Sommaruga udeležil tudi odprtja
            novega pakirnega centra družbe Lek v Lendavi. Ob tem je povedal, da je naložba dokaz, da je Slovenija
            privlačna lokacija za tuje naložbe.
            Kaj bo s koncesninami
            Z obljubami glede pomurske regije je bil Cerar skop. Na vprašanje o tem je navedel le podaljšanje izvajanja
            zakona, ki uvaja spodbude za razvoj Pomurja, tako imenovanega pomurskega zakona, "kajti v obdobju do sedaj
            se je od približno 30 milijonov evrov, ki so bili kot spodbuda predvideni za ta razvoj, porabilo 20
            milijonov." Stališče vlade torej je, da se porabi še preostali denar.
            Tudi na številne administrativne ovire so bili predstavniki vlade opozorjeni na srečanjih v sklopu obiska.
            Te bodo, pravi Cerar, lažje odpravljali, če vidijo, kakšne so potrebe gospodarstva. Prav pomurski
            gospodarstveniki so na včerajšnji okrogli mizi z resornim ministrom opozorili na še en problem. Za
            uporabnike termalnih vod pomeni nov obračun koncesnin velik dodatni strošek, kar za 15-krat naj bi ta bila v
            primerjavi z začetno koncesnino (izpred 12 let) sedaj višja. To bo med drugim ogrozilo poslovanje termalnih
            kopališč.
            Na vprašanje, ali bo vlada vztrajala pri novem obračunu, je Cerar podal le splošen odgovor, ker v tej
            razpravi ni neposredno sodeloval in ni poznal konkretnih podatkov, se bo pa "zavzel, da zadevo nemudoma
            proučimo in najdemo rešitev, kajti če podatki, da bi to v veliki meri zavrlo ali onemogočilo neko dejavnost,
            držijo, je dolžnost vlade, da to temeljito premisli in sprejme boljšo rešitev".
            Veliki potenciali
            "Pomurje ima velike potenciale - človeške in naravne - in najbolj me veseli, ko vidim, da v Pomurju
            prepoznate te potenciale in kažete, kako se jih da izkoristiti. To tudi omogoča državi, da lažje priskoči na
            pomoč," je povedal Cerar. Vesel je premikov, ki so bili v regiji doseženi, "seveda pa se vsi zavedamo, da je
            pot do tistega stanja, ki si ga želimo, da bodo vsi - ali pa vsaj večina - imeli neko normalno blagostanje,
            še pred nami."
            Ena najbolj ranljivih skupin v regiji je romska skupnost. Cerar se je sestal tudi s predstavniki romskih
            organizacij. Ti so kot enega največjih problemov izpostavili prepočasno reševanje bivanjskih pogojev,
            opozorili so tudi na vse pogostejše odhajanje mladih v tujino zaradi iskanja zaposlitve. Cerar jim je
            povedal, da bo nova strategija na področju vključevanja Romov za obdobje 2016-2021 končana do konca leta.
            Predstavnike Sveta romske skupnosti je ob tem pozval, naj še naprej intenzivno sodelujejo pri pripravi
            novega strateškega dokumenta, da bi ta lahko bil odraz realnih potreb in bi vključeval ustrezne rešitve za
            boljšo vključenost Romov v družbo.
        </article-text>
        <article-text-transliterated>Predsednik vlade iz Pomurja z optimizmom, zlasti ker je vlada v okolju prepoznala
            tisto, česar potrebujemo bistveno več. S skupnim srečanjem večine ministrov s predstavniki lokalnih
            skupnosti, javnih institucij in podjetij se je včeraj končal dvodnevni obisk vlade v Pomurju, tretji obisk
            te vlade v kateri od regij, z njimi pa bo vlada nadaljevala tudi v prihodnje. Ob koncu obiska je predsednik
            vlade Miro Cerar povedal, da so ministri prišli s konkretnimi idejami in predlogi (vlada je obljubila
            preplastitev šestih odsekov lokalnih cest še v tem letu), glavni namen obiska pa je bil, da se srečajo
            neposredno z ljudmi iz tega okolja - z župani, podjetniki, direktorji zavodov, predstavniki nevladnih
            organizacij in drugimi - ter se pogovorijo o aktualnih problemih.
            "Obisk vlade je bil zelo koristen za obe strani, izmenjali smo veliko mnenj, stališč, našli tudi veliko
            skupnega jezika, da bomo v prihodnje lažje reševali problematiko. Zavedamo se, da je bila situacija tu zelo
            težka, da je še vedno težka, da pa se hkrati izboljšuje. To nas navdaja z optimizmom, še posebej zato, ker
            tudi v lokalnem okolju prepoznavamo lastne iniciative, več optimizma, entuziazem, inovativnost - tisto, kar
            Slovenija v celoti potrebuje v bistveno večji meri," je povedal Cerar in dodal: "Seveda pa je potem naloga
            vlade, da pri tem pomaga." Pri tem je izpostavil predvsem rezultate na področju infrastrukture. Cerar je med
            obiskom odprl (skupaj z murskosoboškim županom Aleksandrom Jevškom) podvoz pod železniško progo v Murski
            Soboti. Včeraj se je skupaj s predsednico Švicarske konfederacije Simonetto Sommaruga udeležil tudi odprtja
            novega pakirnega centra družbe Lek v Lendavi. Ob tem je povedal, da je naložba dokaz, da je Slovenija
            privlačna lokacija za tuje naložbe.
            Kaj bo s koncesninami
            Z obljubami glede pomurske regije je bil Cerar skop. Na vprašanje o tem je navedel le podaljšanje izvajanja
            zakona, ki uvaja spodbude za razvoj Pomurja, tako imenovanega pomurskega zakona, "kajti v obdobju do sedaj
            se je od približno 30 milijonov evrov, ki so bili kot spodbuda predvideni za ta razvoj, porabilo 20
            milijonov." Stališče vlade torej je, da se porabi še preostali denar.
            Tudi na številne administrativne ovire so bili predstavniki vlade opozorjeni na srečanjih v sklopu obiska.
            Te bodo, pravi Cerar, lažje odpravljali, če vidijo, kakšne so potrebe gospodarstva. Prav pomurski
            gospodarstveniki so na včerajšnji okrogli mizi z resornim ministrom opozorili na še en problem. Za
            uporabnike termalnih vod pomeni nov obračun koncesnin velik dodatni strošek, kar za 15-krat naj bi ta bila v
            primerjavi z začetno koncesnino (izpred 12 let) sedaj višja. To bo med drugim ogrozilo poslovanje termalnih
            kopališč.
            Na vprašanje, ali bo vlada vztrajala pri novem obračunu, je Cerar podal le splošen odgovor, ker v tej
            razpravi ni neposredno sodeloval in ni poznal konkretnih podatkov, se bo pa "zavzel, da zadevo nemudoma
            proučimo in najdemo rešitev, kajti če podatki, da bi to v veliki meri zavrlo ali onemogočilo neko dejavnost,
            držijo, je dolžnost vlade, da to temeljito premisli in sprejme boljšo rešitev".
            Veliki potenciali
            "Pomurje ima velike potenciale - človeške in naravne - in najbolj me veseli, ko vidim, da v Pomurju
            prepoznate te potenciale in kažete, kako se jih da izkoristiti. To tudi omogoča državi, da lažje priskoči na
            pomoč," je povedal Cerar. Vesel je premikov, ki so bili v regiji doseženi, "seveda pa se vsi zavedamo, da je
            pot do tistega stanja, ki si ga želimo, da bodo vsi - ali pa vsaj večina - imeli neko normalno blagostanje,
            še pred nami."
            Ena najbolj ranljivih skupin v regiji je romska skupnost. Cerar se je sestal tudi s predstavniki romskih
            organizacij. Ti so kot enega največjih problemov izpostavili prepočasno reševanje bivanjskih pogojev,
            opozorili so tudi na vse pogostejše odhajanje mladih v tujino zaradi iskanja zaposlitve. Cerar jim je
            povedal, da bo nova strategija na področju vključevanja Romov za obdobje 2016-2021 končana do konca leta.
            Predstavnike Sveta romske skupnosti je ob tem pozval, naj še naprej intenzivno sodelujejo pri pripravi
            novega strateškega dokumenta, da bi ta lahko bil odraz realnih potreb in bi vključeval ustrezne rešitve za
            boljšo vključenost Romov v družbo.
        </article-text-transliterated>
    </article>
    <comments>
        <comments-count>0</comments-count>
        <comment-list/>
    </comments>
</document>