<document global-id="si-04-1395">
    <url>https://www.vecer.com/druzina-po-vec-mesecih-razkrila-vzrok-smrti-legendarnega-mattija-nykaenena-10013007
    </url>
    <source-id>si-04</source-id>
    <local-id>1395</local-id>
    <source-name>Večer</source-name>
    <article>
        <article-title>Družina po več mesecih razkrila vzrok smrti legendarnega Mattija Nykänena</article-title>
        <article-title-transliterated>Družina po več mesecih razkrila vzrok smrti legendarnega Mattija Nykänena
        </article-title-transliterated>
        <article-time>2019-05-23</article-time>
        <article-author>A..L.</article-author>
        <article-text>Družina je prekinila govorice, ki so se pojavljale v medijih. V začetku februarja je bila športna
            javnost zavita v črnino. V 56. letu starosti se je poslovil legendarni finski smučarski skakalec Matti
            Nykänen. Njegovi najbližji so vzrok smrti vse do sedaj skrbno hranili zase, kljub temu, da so se v medijih
            nenehno pojavljale številne govorice, ki so namigovale, kaj naj bi botrovalo prehitri smrti. Nikoli namreč
            ni bila skrivnost, da je imel Nykkänen po končani skakalni karieri številne težave z alkoholom in nasilnim
            obnašanjem.
            Več mesecev po smrti so molk vendarle prekinile njegova mati Vieno ter sestri Tuija in Päivi. Te so v
            pogovoru za finski časnik Ilta Sanomat povedale, da je Matti umrl zaradi pankreatitisa oziroma vnetja
            trebušne slinavke.

            Nykänen velja za enega najboljših smučarskih skakalcev vseh časov, osvojil je pet olimpijskih medalj, od
            tega štiri zlate, ter devet odličij na svetovnih prvenstvih. Zbral je še 46 zmag v svetovnem pokalu. V
            spomin na izjemne športne dosežke Finca njegov nagrobnik krasijo tudi olimpijski krogi.
            "Kot mulc sem imel zvezek in sem si beležil njegove raznorazne statistike. Zelo sem ga spremljal. Je pa res,
            da ko sem sam začel vstopati v svetovni pokal, je že bil malce v zatonu. Pa tudi sam se več nisem z nikomer
            obremenjeval, bil sem osredotočen le nase. Vseeno ti pa taki športniki pokažejo, kaj vse je moč doseči," je
            ob novici o njegovi smrti za Večer povedal nekdanji smučarski skakalec Franci Petek. 
            "Ja, propadal je. Bil je nesrečnež, veliko ljudi se je hotelo senčiti v njegovi slavi, s takimi asi se pač
            vsi radi poistovetijo. Ampak celo tako velika športna dežela, kakršna je Finska, ga ni znala zaščititi. Bil
            je eden tistih, ki niso znali tujih jezikov, samo finsko je govoril, vedno je potreboval prevajalca. Zdi se
            mi, da je celo življenje ostal en velik otrok, to je bila njegova največja hiba. Če bi pa še jezike znal, če
            bi živel s športom naprej, bi bil njegov največji ambasador," pa je povedal Jelko Gros.
        </article-text>
        <article-text-transliterated>Družina je prekinila govorice, ki so se pojavljale v medijih. V začetku februarja
            je bila športna javnost zavita v črnino. V 56. letu starosti se je poslovil legendarni finski smučarski
            skakalec Matti Nykänen. Njegovi najbližji so vzrok smrti vse do sedaj skrbno hranili zase, kljub temu, da so
            se v medijih nenehno pojavljale številne govorice, ki so namigovale, kaj naj bi botrovalo prehitri smrti.
            Nikoli namreč ni bila skrivnost, da je imel Nykkänen po končani skakalni karieri številne težave z alkoholom
            in nasilnim obnašanjem.
            Več mesecev po smrti so molk vendarle prekinile njegova mati Vieno ter sestri Tuija in Päivi. Te so v
            pogovoru za finski časnik Ilta Sanomat povedale, da je Matti umrl zaradi pankreatitisa oziroma vnetja
            trebušne slinavke.

            Nykänen velja za enega najboljših smučarskih skakalcev vseh časov, osvojil je pet olimpijskih medalj, od
            tega štiri zlate, ter devet odličij na svetovnih prvenstvih. Zbral je še 46 zmag v svetovnem pokalu. V
            spomin na izjemne športne dosežke Finca njegov nagrobnik krasijo tudi olimpijski krogi.
            "Kot mulc sem imel zvezek in sem si beležil njegove raznorazne statistike. Zelo sem ga spremljal. Je pa res,
            da ko sem sam začel vstopati v svetovni pokal, je že bil malce v zatonu. Pa tudi sam se več nisem z nikomer
            obremenjeval, bil sem osredotočen le nase. Vseeno ti pa taki športniki pokažejo, kaj vse je moč doseči," je
            ob novici o njegovi smrti za Večer povedal nekdanji smučarski skakalec Franci Petek. 
            "Ja, propadal je. Bil je nesrečnež, veliko ljudi se je hotelo senčiti v njegovi slavi, s takimi asi se pač
            vsi radi poistovetijo. Ampak celo tako velika športna dežela, kakršna je Finska, ga ni znala zaščititi. Bil
            je eden tistih, ki niso znali tujih jezikov, samo finsko je govoril, vedno je potreboval prevajalca. Zdi se
            mi, da je celo življenje ostal en velik otrok, to je bila njegova največja hiba. Če bi pa še jezike znal, če
            bi živel s športom naprej, bi bil njegov največji ambasador," pa je povedal Jelko Gros.
        </article-text-transliterated>
    </article>
    <comments>
        <comments-count>0</comments-count>
        <comment-list/>
    </comments>
</document>