<document global-id="si-04-1414">
    <url>https://www.vecer.com/201505166116317-6116317</url>
    <source-id>si-04</source-id>
    <local-id>1414</local-id>
    <source-name>Večer</source-name>
    <article>
        <article-title>Dubrovniške poletne igre so se prestrašile Houellebecqa</article-title>
        <article-title-transliterated>Dubrovniške poletne igre so se prestrašile Houellebecqa
        </article-title-transliterated>
        <article-time>2015-05-16</article-time>
        <article-author>BALEN ROBERT</article-author>
        <article-text>Ker je hrvaško ministrstvo za notranje zadeve ocenilo, da bi uprizoritev po romanu Osnovni delci
            Michela Houellebecqa pomenila varnostno tveganje, so gostovanje umaknili iz programa 66. Dubrovniških
            poletnih iger. Pred 66. Dubrovniškimi poletnimi igrami je dubrovniško-neretvanska občina zahtevala "oceno
            varnostnega tveganja" te uprizoritve po delu kontroverznega francoskega pisatelja in festival je upošteval
            mnenje policije in hrvaškega ministrstva za notranje zadeve, poroča multimedijski portal RTV SLO. "Niso
            uporabili besede 'terorizem', a gre prav za to," je sporočila predstavnica za stike z javnostmi festivala
            Karla Labas in dodala: "Policijska ocena tveganja je zaupna in je ne bomo nikoli videli, a menim, da gre za
            kombinacijo avtorjevega zadnjega romana, napada na časopis Charlie Hebdo in bližino Bosne."
            Hrvaški minister za notranje zadeve Ranko Ostojić je povedal, da osebno stoji za priporočilom, da se
            uprizoritev umakne iz programa. Ocenil je, da bi izvedba predstave, za katero stoji "deklarirani islamofob",
            predstavljala "dolivanje olja na ogenj", za kar ni opravičila, sploh v Dubrovniku, kjer je muslimanska
            skupnost uspešno integrirana.
            Župan dubrovniško-neretvanske občine Nikola Dobroslavić je povedal, da igra vsebuje žaljive izjave do
            islama. "Svoboda, ki jo ljudje uživajo, mora biti omejena, da ne žalimo občutkov drugih. Meje obstajajo in
            po našem mnenju je meja v tem primeru tu, kjer bi ljudje islamske vere to uprizoritev lahko doživeli kot
            žaljivo," je povedal.
            Direktorica festivala Ivana Medo Bogdanović je povedala, da vsa mnenja o problematičnosti te uprizoritve
            temeljijo na javni podobi pisatelja kot kritika islama, ne pa na sami uprizoritvi ali romanu Osnovni delci:
            "Kontroverzen je pisatelj, po čigar delu je predstava narejena, saj je bil večkrat postavljen v kontekst
            slabih odnosov do muslimanov in njihove vere." Poudarila je, da sama predstava "nima absolutno nobene
            povezave z verskimi prepričanji" - gre le za zgodbo o "pomanjkanju ljubezni med moškim in žensko". Kdor je
            roman prebral ali morda videl uspešen nemški film (režiser Oskar Roehler), posnet po romanu, se zanesljivo
            ne more spomniti niti ene omembe ali kakršnekoli obravnave islama. To ni ta Houellebecqova zgodba, z islamom
            se je začel ukvarjati v naslednjem romanu, Platforma, in se k njemu vrnil v zadnjem, Podrejenosti.
            Roman Osnovni delci je izšel leta 1998 in opisuje življenje dveh polbratov, neuspešnega Bruna in uspešnega
            znanstvenika Michela, oba nesposobna ljubezni. V tem se loteva samskosti, obremenjenosti s spolnostjo,
            individualizma, genetike in kloniranja, možnosti sreče ali kakršnegakoli osvobajajočega dejanja. Na eni
            strani je požel navdušeno odobravanje, na drugi pa ogorčene proteste zaradi seksualne provokativnosti in
            celo reakcionarnosti; odkrito namreč kritizira liberalne vrednote in spolno permisivnost, dediščino
            svobodnjaških šestdesetih. Revija Lire pa ga je razglasila za najboljši roman leta.
            Z direktorico se strinja tudi Mani Gotovac, pomočnica vodje festivala za gledališki program. "Ne razumem,
            zakaj je bila predstava odpovedana. Bila bi zelo zadovoljna, če bi predstavniki oblasti lahko razložili,
            zakaj se je to zgodilo. To je delo enega največjih svetovnih pisateljev, ki je bilo prevedeno v 48 jezikov,"
            je povedala za portal Balkan Insight. Dodala je, da je problem, ko ljudje, ki se ne spoznajo na umetnost,
            odločajo o umetniških vprašanjih in skušajo uravnovesiti "umetniške resnice" s "političnimi".
        </article-text>
        <article-text-transliterated>Ker je hrvaško ministrstvo za notranje zadeve ocenilo, da bi uprizoritev po romanu
            Osnovni delci Michela Houellebecqa pomenila varnostno tveganje, so gostovanje umaknili iz programa 66.
            Dubrovniških poletnih iger. Pred 66. Dubrovniškimi poletnimi igrami je dubrovniško-neretvanska občina
            zahtevala "oceno varnostnega tveganja" te uprizoritve po delu kontroverznega francoskega pisatelja in
            festival je upošteval mnenje policije in hrvaškega ministrstva za notranje zadeve, poroča multimedijski
            portal RTV SLO. "Niso uporabili besede 'terorizem', a gre prav za to," je sporočila predstavnica za stike z
            javnostmi festivala Karla Labas in dodala: "Policijska ocena tveganja je zaupna in je ne bomo nikoli videli,
            a menim, da gre za kombinacijo avtorjevega zadnjega romana, napada na časopis Charlie Hebdo in bližino
            Bosne."
            Hrvaški minister za notranje zadeve Ranko Ostojić je povedal, da osebno stoji za priporočilom, da se
            uprizoritev umakne iz programa. Ocenil je, da bi izvedba predstave, za katero stoji "deklarirani islamofob",
            predstavljala "dolivanje olja na ogenj", za kar ni opravičila, sploh v Dubrovniku, kjer je muslimanska
            skupnost uspešno integrirana.
            Župan dubrovniško-neretvanske občine Nikola Dobroslavić je povedal, da igra vsebuje žaljive izjave do
            islama. "Svoboda, ki jo ljudje uživajo, mora biti omejena, da ne žalimo občutkov drugih. Meje obstajajo in
            po našem mnenju je meja v tem primeru tu, kjer bi ljudje islamske vere to uprizoritev lahko doživeli kot
            žaljivo," je povedal.
            Direktorica festivala Ivana Medo Bogdanović je povedala, da vsa mnenja o problematičnosti te uprizoritve
            temeljijo na javni podobi pisatelja kot kritika islama, ne pa na sami uprizoritvi ali romanu Osnovni delci:
            "Kontroverzen je pisatelj, po čigar delu je predstava narejena, saj je bil večkrat postavljen v kontekst
            slabih odnosov do muslimanov in njihove vere." Poudarila je, da sama predstava "nima absolutno nobene
            povezave z verskimi prepričanji" - gre le za zgodbo o "pomanjkanju ljubezni med moškim in žensko". Kdor je
            roman prebral ali morda videl uspešen nemški film (režiser Oskar Roehler), posnet po romanu, se zanesljivo
            ne more spomniti niti ene omembe ali kakršnekoli obravnave islama. To ni ta Houellebecqova zgodba, z islamom
            se je začel ukvarjati v naslednjem romanu, Platforma, in se k njemu vrnil v zadnjem, Podrejenosti.
            Roman Osnovni delci je izšel leta 1998 in opisuje življenje dveh polbratov, neuspešnega Bruna in uspešnega
            znanstvenika Michela, oba nesposobna ljubezni. V tem se loteva samskosti, obremenjenosti s spolnostjo,
            individualizma, genetike in kloniranja, možnosti sreče ali kakršnegakoli osvobajajočega dejanja. Na eni
            strani je požel navdušeno odobravanje, na drugi pa ogorčene proteste zaradi seksualne provokativnosti in
            celo reakcionarnosti; odkrito namreč kritizira liberalne vrednote in spolno permisivnost, dediščino
            svobodnjaških šestdesetih. Revija Lire pa ga je razglasila za najboljši roman leta.
            Z direktorico se strinja tudi Mani Gotovac, pomočnica vodje festivala za gledališki program. "Ne razumem,
            zakaj je bila predstava odpovedana. Bila bi zelo zadovoljna, če bi predstavniki oblasti lahko razložili,
            zakaj se je to zgodilo. To je delo enega največjih svetovnih pisateljev, ki je bilo prevedeno v 48 jezikov,"
            je povedala za portal Balkan Insight. Dodala je, da je problem, ko ljudje, ki se ne spoznajo na umetnost,
            odločajo o umetniških vprašanjih in skušajo uravnovesiti "umetniške resnice" s "političnimi".
        </article-text-transliterated>
    </article>
    <comments>
        <comments-count>0</comments-count>
        <comment-list/>
    </comments>
</document>