<document global-id="si-04-1429">
    <url>https://www.vecer.com/dva-milijona-za-izobrazevanje-6235102</url>
    <source-id>si-04</source-id>
    <local-id>1429</local-id>
    <source-name>Večer</source-name>
    <article>
        <article-title>Dva milijona za izobraževanje</article-title>
        <article-title-transliterated>Dva milijona za izobraževanje</article-title-transliterated>
        <article-time>2016-09-08</article-time>
        <article-author>Tatjana Vrbnjak</article-author>
        <article-text>Andragoški zavod Maribor je pridobil skoraj dva milijona evropskega denarja za usposabljanje manj
            izobraženih zaposlenih, starih več kot 45 let. "Do konca marca 2019 bomo skupaj s konzorcijskimi partnerji
            (to so Ljudska univerza, Zavod za kulturo in izobraževanje Slovenska Bistrica, Fundacija za izboljšanje
            zaposlitvenih možnosti Prizma in Vzgojno-izobraževalni zavod Antona Martina Slomška) v usposabljanje
            vključili 2670 odraslih iz Zgornjega Podravja," je zadovoljna direktorica Andragoškega zavoda Maribor
            Ljudske univerze Irena Urankar . Andragoški zavod Maribor je bil namreč uspešen na dveh razpisih Ministrstva
            za izobraževanje, znanost in šport ter Evropskega socialnega sklada, ki sta bila objavljena v drugi polovici
            junija: na javnem razpis za pridobivanje temeljnih in poklicnih kompetenc od 2016 do 2019 in javnem razpisu
            za financiranje dejavnosti informiranja in svetovanja ter za ugotavljanje in vrednotenje neformalno
            pridobljenega znanja od 2016 do 2022.
            Starejši veljajo za rizično skupino
            Za tema suhoparnima naslovoma se skrivajo programi za povečanje kompetenc zaposlenih ljudi, starejših od 45
            let in z nižjo izobrazbo (do 5. stopnje), in svetovanje in inf ormiranje o tem. V Sloveniji so taki programi
            praviloma namenjeni brezposelnim, toda v evropskem prostoru se spodbuja tudi vključenost zaposlenih v
            vseživljenjsko učenje. Sploh manj izobraženi zaposleni, ki so starejši od 45 let, veljajo za rizično
            skupino. Tem pridejo prav - da ostanejo v toku in konkurenčni na trgu - dodatna usposabljanja, od
            računalniških in digitalnih vsebin do programov splošnega neformalnega izobraževanja, kot so na primer
            trening socialnih veščin, prenos znanja na delovnem mestu in drugi. Za izvajanje programov v sklopu prvega
            razpisa ima Andragoški zavod Maribor na voljo skoraj milijon evrov oz. natančno 990.158 evrov: polovica je
            namenjena različnim oblikam računalniškega opismenjevanja in digitalne pismenosti, druga polovica pa
            programom usposabljanja za življenjsko uspešnost, učenja tujih jezikov, učenja slovenščine za priseljence,
            programom splošnega neformalnega izobraževanja, kot je trening socialnih veščin … do priprav za nacionalno
            poklicno kvalifikacijo za dietnega kuharja, knjigovodje, viličarista, upravljavca strojev v proizvodnji in
            druge, za izvajanje programov drugega razpisa, pri čemer se bo svetovanje izvajalo do marca 2022, pa še
            dodatnih 854.158 evrov evropskih in državnih sredstev.
            Podjetja so se že odzvala
            "Po daljši vrzeli med eno in drugo finančno perspektivo smo resnično veseli, da smo obogatili svoj program
            izobraževanja. V okolju smo v zadnjem obdobju prepoznani predvsem po programih za brezposelne in
            priseljence. Nekaj vključitev zaposlenih je bilo v naše srednješolske programe in tuje jezike (predvsem
            nemščino) ali kakšne priprave NPK, na primer v zelo popularen program za knjigovodje, z novima projektoma pa
            je ponudba za zaposlene krepko obogatena. Za Andragoški zavod Maribor to tudi pomeni kadrovsko okrepitev,"
            pravi Irena Urankar in dodaja, da so že stopili v stik nekaterimi podjetji, kjer bo potekalo izobraževanje
            za njihove zaposlene. "Nekatera podjetja so se hitro odzvala in prepoznala priložnost brezplačnega
            izobraževanja za zaposlene in prednosti vlaganja v človeške vire. Nekaj programov se bo izvajalo na sedežu
            podjetij, za posamične vključitve pa pri nas." Zainteresirane posameznike bodo v tečaje vabili z oglasi v
            časopisu in tudi z objavo na svojih spletnih straneh in FB strani.
             
            Programi za zaposlene se bodo pričeli izvajati že jeseni in bodo različno dolgi. Programi računalniške in
            digitalne pismenosti za odrasle so na primer 60-urni, programi računalniške pismenosti in splošnega
            neformalnega izobraževanja so 50-urni, programi usposabljanja za življenjsko uspešnost 100- do 120-urni,
            programi začetne integracije za priseljence (v okviru tega sodi tečaj slovenskega jezika) 180-urni, priprave
            pa trajajo 20 ur.
        </article-text>
        <article-text-transliterated>Andragoški zavod Maribor je pridobil skoraj dva milijona evropskega denarja za
            usposabljanje manj izobraženih zaposlenih, starih več kot 45 let. "Do konca marca 2019 bomo skupaj s
            konzorcijskimi partnerji (to so Ljudska univerza, Zavod za kulturo in izobraževanje Slovenska Bistrica,
            Fundacija za izboljšanje zaposlitvenih možnosti Prizma in Vzgojno-izobraževalni zavod Antona Martina
            Slomška) v usposabljanje vključili 2670 odraslih iz Zgornjega Podravja," je zadovoljna direktorica
            Andragoškega zavoda Maribor Ljudske univerze Irena Urankar . Andragoški zavod Maribor je bil namreč uspešen
            na dveh razpisih Ministrstva za izobraževanje, znanost in šport ter Evropskega socialnega sklada, ki sta
            bila objavljena v drugi polovici junija: na javnem razpis za pridobivanje temeljnih in poklicnih kompetenc
            od 2016 do 2019 in javnem razpisu za financiranje dejavnosti informiranja in svetovanja ter za ugotavljanje
            in vrednotenje neformalno pridobljenega znanja od 2016 do 2022.
            Starejši veljajo za rizično skupino
            Za tema suhoparnima naslovoma se skrivajo programi za povečanje kompetenc zaposlenih ljudi, starejših od 45
            let in z nižjo izobrazbo (do 5. stopnje), in svetovanje in inf ormiranje o tem. V Sloveniji so taki programi
            praviloma namenjeni brezposelnim, toda v evropskem prostoru se spodbuja tudi vključenost zaposlenih v
            vseživljenjsko učenje. Sploh manj izobraženi zaposleni, ki so starejši od 45 let, veljajo za rizično
            skupino. Tem pridejo prav - da ostanejo v toku in konkurenčni na trgu - dodatna usposabljanja, od
            računalniških in digitalnih vsebin do programov splošnega neformalnega izobraževanja, kot so na primer
            trening socialnih veščin, prenos znanja na delovnem mestu in drugi. Za izvajanje programov v sklopu prvega
            razpisa ima Andragoški zavod Maribor na voljo skoraj milijon evrov oz. natančno 990.158 evrov: polovica je
            namenjena različnim oblikam računalniškega opismenjevanja in digitalne pismenosti, druga polovica pa
            programom usposabljanja za življenjsko uspešnost, učenja tujih jezikov, učenja slovenščine za priseljence,
            programom splošnega neformalnega izobraževanja, kot je trening socialnih veščin … do priprav za nacionalno
            poklicno kvalifikacijo za dietnega kuharja, knjigovodje, viličarista, upravljavca strojev v proizvodnji in
            druge, za izvajanje programov drugega razpisa, pri čemer se bo svetovanje izvajalo do marca 2022, pa še
            dodatnih 854.158 evrov evropskih in državnih sredstev.
            Podjetja so se že odzvala
            "Po daljši vrzeli med eno in drugo finančno perspektivo smo resnično veseli, da smo obogatili svoj program
            izobraževanja. V okolju smo v zadnjem obdobju prepoznani predvsem po programih za brezposelne in
            priseljence. Nekaj vključitev zaposlenih je bilo v naše srednješolske programe in tuje jezike (predvsem
            nemščino) ali kakšne priprave NPK, na primer v zelo popularen program za knjigovodje, z novima projektoma pa
            je ponudba za zaposlene krepko obogatena. Za Andragoški zavod Maribor to tudi pomeni kadrovsko okrepitev,"
            pravi Irena Urankar in dodaja, da so že stopili v stik nekaterimi podjetji, kjer bo potekalo izobraževanje
            za njihove zaposlene. "Nekatera podjetja so se hitro odzvala in prepoznala priložnost brezplačnega
            izobraževanja za zaposlene in prednosti vlaganja v človeške vire. Nekaj programov se bo izvajalo na sedežu
            podjetij, za posamične vključitve pa pri nas." Zainteresirane posameznike bodo v tečaje vabili z oglasi v
            časopisu in tudi z objavo na svojih spletnih straneh in FB strani.
             
            Programi za zaposlene se bodo pričeli izvajati že jeseni in bodo različno dolgi. Programi računalniške in
            digitalne pismenosti za odrasle so na primer 60-urni, programi računalniške pismenosti in splošnega
            neformalnega izobraževanja so 50-urni, programi usposabljanja za življenjsko uspešnost 100- do 120-urni,
            programi začetne integracije za priseljence (v okviru tega sodi tečaj slovenskega jezika) 180-urni, priprave
            pa trajajo 20 ur.
        </article-text-transliterated>
    </article>
    <comments>
        <comments-count>0</comments-count>
        <comment-list/>
    </comments>
</document>