<document global-id="si-04-1287">
    <url>https://www.vecer.com/dobra-novica-za-spletne-potrosnike-6195262</url>
    <source-id>si-04</source-id>
    <local-id>1287</local-id>
    <source-name>Večer</source-name>
    <article>
        <article-title>Dobra novica za spletne potrošnike</article-title>
        <article-title-transliterated>Dobra novica za spletne potrošnike</article-title-transliterated>
        <article-time>2016-03-11</article-time>
        <article-author>Diana Wallis</article-author>
        <article-text>Evropska unija bi res potrebovala kakšno dobro novico in to bi utegne biti ena. EU se vrača k
            osnovam; prizadeva si oživiti svoj notranji trg z več kot 500 milijoni potrošniki in neštetimi majhnimi
            podjetji, še posebno na spletu. Vedno se je zdelo, da nam, evropskim potrošnikom, primanjkuje poguma, da bi
            kupovali v tujini, ker nas je strah, kaj se utegne zgoditi, če bi šlo kaj narobe. Noben potrošnik niti
            nobeno majhno podjetje si ne želita končati v zapletenih postopkih pred tujimi sodišči.

            No, te bojazni utegnejo zdaj postati preteklost. Zasluge za to gre pripisati dvema novima deloma ustave EU:
            direktivi o alternativnem reševanju sporov in regulaciji spletnega reševanja sporov. Preprosteje povedano,
            zakonodaja obvezuje vse evropske vlade, da zagotovijo sistem, pri čemer naj bi bil vsakdo, ki prodaja blago
            ali storitve potrošnikom, povezan z neodvisnim izvajalcem postopkov alternativnega reševanja sporov. Obstaja
            nekaj, vendar zelo malo izjem, pomanjkljivost sistema pa je, da podjetij ne prisili k sodelovanju. Toda če
            bi vlade sistem uresničevale pravilno, bi prisilile vsa podjetja, ki kaj dajo na svoj ugled in odnose s
            potrošniki, da resno premislijo o tem vidiku svojega poslovanja.

            V spletnem svetu bodo morala vsa podjetja posredovati svojo spletno povezavo enemu izmed izvajalcev
            postopkov alternativnega reševanja sporov, hkrati pa bo komisija zagotovila spletno platformo, ki bo v pomoč
            pri reševanju čezmejnih sporov v njihovih začetnih fazah. Sistem je zdaj predstavljen na spletni strani
            http://ec.europa.eu/odr/. Na prvi pogled se zdita povezava in model dokaj nezapletena in dostopna, zato bo
            zanimivo videti, kako bosta služila potrošnikom. Težko verjetno je, da se pri kateremkoli novem IT-sistemu,
            zlasti takem, ki mora delovati v toliko jezikih in permutacijah, ne bi pojavile kakšne težave, toda bodimo
            optimistični. Če bo deloval, bo to pomenilo ogromen dosežek.

            Da bi to po vsej naši celini tudi funkcioniralo, so vse naše vlade dolžne poskrbeti za učinkovito
            uresničevanje sistema in predvsem informiranje potrošnikov o njihovih možnostih. Na žalost nimam veliko
            dokazov, da se to tudi dogaja, zato sem se zelo razveselila, ko so me pretekli teden povabili, naj se pridem
            o tem pogovarjat na konferenco v Ljubljano. Konferenco so skupaj pripravili Evropski center za razreševanje
            sporov (ECDR), Mestna občina Ljubljana, Evropski pravni inštitut in državni svet. Upam, da je bilo za vse
            udeležence koristno slišati predstavitve različnih pristopov k uresničevanju teh programov. Imeli smo srečo,
            da nas je nagovoril tudi avstrijski pravosodni minister Wolfgang Brandstetter, sama pa sem lahko poročala o
            razvoju dogodkov v Veliki Britaniji. Jasno je, da vlade ta dogovor uresničujejo na različne načine, v
            glavnem v skladu s predhodnimi praksami alternativnega reševanja sporov v njihovih državah. Morda gre za
            široko posploševanje, toda v Veliki Britaniji imamo veliko izkušenj s programi, pri katerih ima pomembno
            vlogo varuh človekovih pravic, zato so ti pri nas očitno prevladujoča oblika alternativnega reševanja
            sporov, medtem ko ste v Sloveniji morda pri tem bolj naklonjeni mediaciji. Poleg razlik glede vrst programov
            obstajajo tudi razlike pri hitrosti uresničevanja. Čeprav je ECDR v Sloveniji že skorajda priznan program,
            pa ni jasno, da obstajajo tudi drugi, medtem ko so v Veliki Britaniji registrirani mnogi obstoječi programi,
            pojavili pa so se še novi.

            Takšna raznolikost in inovativnost bi morali biti potrošnikom v korist, toda vlade bodo morale v skladu z
            zakonodajo EU nedvomno zagotoviti, da bodo vsi izvajalci postopkov alternativnega reševanja sporov dorasli
            nalogi, ki jim je bila zaupana, ter bodo to storitev opravljali kompetentno in transparentno. Na neki način
            bodo nadomestili naša sodišča prve stopnje, ki so se doslej ukvarjala s pritožbami potrošnikov. Toda znano
            je, da se v realnosti le redki potrošniki obrnejo na sodišče, saj jih od tega običajno odvrnejo visoki
            stroški in zapletenost postopkov. Zato bi lahko to pomenilo dodatno možnost, pri čemer je treba spoštovati
            ključne zahteve glede učinkovitosti, poštenosti, svobode in zakonitosti, navedene tudi v Evropski konvenciji
            o človekovih pravicah. Tistim, ki upravljajo sisteme alternativnega reševanja sporov, smo naložili veliko
            odgovornost, poleg tega pa morajo delovati neodvisno in za potrošnike brezplačno. Vzpostavitev finančnih
            modelov, ki bodo to omogočili, bo še posebno velik izziv, zlasti ker bodo morali v večini držav delovati
            brez pomoči državnih sredstev.

            Evropski pravni inštitut z vključevanjem v to področje poskuša spremljati in zagotoviti koherenco ter razvoj
            teh novih sistemov na osnovi "pravičnosti". Sočasno smo pretekli teden odobrili nov zahteven projekt, ki ga
            bomo uresničevali skupaj z Evropsko mrežo sodnih svetov. V okviru njega bomo proučili povezavo med
            alternativnimi načini reševanja potrošniških sporov in našimi tradicionalnimi sodnimi sistemi. To je zelo
            pomembno: evropski mehanizmi alternativnega reševanja potrošniških sporov so bili razviti predvsem znotraj
            okvirjev in potreb enotnega trga EU, zato ni vedno jasno, ali je bilo dovolj pozornosti posvečene vprašanjem
            pravičnosti. To je treba zagotoviti, pa ne le v okviru alternativnega reševanja potrošniških sporov, marveč
            v okviru vseh oblik alternativnega reševanja sporov. Javnost je svojo skeptičnost v zvezi z razpravo o ISDS
            izrazila zlasti med nedavnimi pogajanji o trgovinskem partnerstvu z ZDA. O teh bojaznih je treba govoriti,
            hkrati pa je treba vedno poskrbeti, da je pravici zadoščeno, in to pred očmi vseh.
        </article-text>
        <article-text-transliterated>Evropska unija bi res potrebovala kakšno dobro novico in to bi utegne biti ena. EU
            se vrača k osnovam; prizadeva si oživiti svoj notranji trg z več kot 500 milijoni potrošniki in neštetimi
            majhnimi podjetji, še posebno na spletu. Vedno se je zdelo, da nam, evropskim potrošnikom, primanjkuje
            poguma, da bi kupovali v tujini, ker nas je strah, kaj se utegne zgoditi, če bi šlo kaj narobe. Noben
            potrošnik niti nobeno majhno podjetje si ne želita končati v zapletenih postopkih pred tujimi sodišči.

            No, te bojazni utegnejo zdaj postati preteklost. Zasluge za to gre pripisati dvema novima deloma ustave EU:
            direktivi o alternativnem reševanju sporov in regulaciji spletnega reševanja sporov. Preprosteje povedano,
            zakonodaja obvezuje vse evropske vlade, da zagotovijo sistem, pri čemer naj bi bil vsakdo, ki prodaja blago
            ali storitve potrošnikom, povezan z neodvisnim izvajalcem postopkov alternativnega reševanja sporov. Obstaja
            nekaj, vendar zelo malo izjem, pomanjkljivost sistema pa je, da podjetij ne prisili k sodelovanju. Toda če
            bi vlade sistem uresničevale pravilno, bi prisilile vsa podjetja, ki kaj dajo na svoj ugled in odnose s
            potrošniki, da resno premislijo o tem vidiku svojega poslovanja.

            V spletnem svetu bodo morala vsa podjetja posredovati svojo spletno povezavo enemu izmed izvajalcev
            postopkov alternativnega reševanja sporov, hkrati pa bo komisija zagotovila spletno platformo, ki bo v pomoč
            pri reševanju čezmejnih sporov v njihovih začetnih fazah. Sistem je zdaj predstavljen na spletni strani
            http://ec.europa.eu/odr/. Na prvi pogled se zdita povezava in model dokaj nezapletena in dostopna, zato bo
            zanimivo videti, kako bosta služila potrošnikom. Težko verjetno je, da se pri kateremkoli novem IT-sistemu,
            zlasti takem, ki mora delovati v toliko jezikih in permutacijah, ne bi pojavile kakšne težave, toda bodimo
            optimistični. Če bo deloval, bo to pomenilo ogromen dosežek.

            Da bi to po vsej naši celini tudi funkcioniralo, so vse naše vlade dolžne poskrbeti za učinkovito
            uresničevanje sistema in predvsem informiranje potrošnikov o njihovih možnostih. Na žalost nimam veliko
            dokazov, da se to tudi dogaja, zato sem se zelo razveselila, ko so me pretekli teden povabili, naj se pridem
            o tem pogovarjat na konferenco v Ljubljano. Konferenco so skupaj pripravili Evropski center za razreševanje
            sporov (ECDR), Mestna občina Ljubljana, Evropski pravni inštitut in državni svet. Upam, da je bilo za vse
            udeležence koristno slišati predstavitve različnih pristopov k uresničevanju teh programov. Imeli smo srečo,
            da nas je nagovoril tudi avstrijski pravosodni minister Wolfgang Brandstetter, sama pa sem lahko poročala o
            razvoju dogodkov v Veliki Britaniji. Jasno je, da vlade ta dogovor uresničujejo na različne načine, v
            glavnem v skladu s predhodnimi praksami alternativnega reševanja sporov v njihovih državah. Morda gre za
            široko posploševanje, toda v Veliki Britaniji imamo veliko izkušenj s programi, pri katerih ima pomembno
            vlogo varuh človekovih pravic, zato so ti pri nas očitno prevladujoča oblika alternativnega reševanja
            sporov, medtem ko ste v Sloveniji morda pri tem bolj naklonjeni mediaciji. Poleg razlik glede vrst programov
            obstajajo tudi razlike pri hitrosti uresničevanja. Čeprav je ECDR v Sloveniji že skorajda priznan program,
            pa ni jasno, da obstajajo tudi drugi, medtem ko so v Veliki Britaniji registrirani mnogi obstoječi programi,
            pojavili pa so se še novi.

            Takšna raznolikost in inovativnost bi morali biti potrošnikom v korist, toda vlade bodo morale v skladu z
            zakonodajo EU nedvomno zagotoviti, da bodo vsi izvajalci postopkov alternativnega reševanja sporov dorasli
            nalogi, ki jim je bila zaupana, ter bodo to storitev opravljali kompetentno in transparentno. Na neki način
            bodo nadomestili naša sodišča prve stopnje, ki so se doslej ukvarjala s pritožbami potrošnikov. Toda znano
            je, da se v realnosti le redki potrošniki obrnejo na sodišče, saj jih od tega običajno odvrnejo visoki
            stroški in zapletenost postopkov. Zato bi lahko to pomenilo dodatno možnost, pri čemer je treba spoštovati
            ključne zahteve glede učinkovitosti, poštenosti, svobode in zakonitosti, navedene tudi v Evropski konvenciji
            o človekovih pravicah. Tistim, ki upravljajo sisteme alternativnega reševanja sporov, smo naložili veliko
            odgovornost, poleg tega pa morajo delovati neodvisno in za potrošnike brezplačno. Vzpostavitev finančnih
            modelov, ki bodo to omogočili, bo še posebno velik izziv, zlasti ker bodo morali v večini držav delovati
            brez pomoči državnih sredstev.

            Evropski pravni inštitut z vključevanjem v to področje poskuša spremljati in zagotoviti koherenco ter razvoj
            teh novih sistemov na osnovi "pravičnosti". Sočasno smo pretekli teden odobrili nov zahteven projekt, ki ga
            bomo uresničevali skupaj z Evropsko mrežo sodnih svetov. V okviru njega bomo proučili povezavo med
            alternativnimi načini reševanja potrošniških sporov in našimi tradicionalnimi sodnimi sistemi. To je zelo
            pomembno: evropski mehanizmi alternativnega reševanja potrošniških sporov so bili razviti predvsem znotraj
            okvirjev in potreb enotnega trga EU, zato ni vedno jasno, ali je bilo dovolj pozornosti posvečene vprašanjem
            pravičnosti. To je treba zagotoviti, pa ne le v okviru alternativnega reševanja potrošniških sporov, marveč
            v okviru vseh oblik alternativnega reševanja sporov. Javnost je svojo skeptičnost v zvezi z razpravo o ISDS
            izrazila zlasti med nedavnimi pogajanji o trgovinskem partnerstvu z ZDA. O teh bojaznih je treba govoriti,
            hkrati pa je treba vedno poskrbeti, da je pravici zadoščeno, in to pred očmi vseh.
        </article-text-transliterated>
    </article>
    <comments>
        <comments-count>0</comments-count>
        <comment-list/>
    </comments>
</document>