<document global-id="si-04-1462">
    <url>https://www.vecer.com/emirates-iskal-osebje-v-mariboru-6624853</url>
    <source-id>si-04</source-id>
    <local-id>1462</local-id>
    <source-name>Večer</source-name>
    <article>
        <article-title>Emirates iskal osebje v Mariboru</article-title>
        <article-title-transliterated>Emirates iskal osebje v Mariboru</article-title-transliterated>
        <article-time>2018-12-05</article-time>
        <article-author>Miha Dajčman</article-author>
        <article-text>Četrta finančno najmočnejša letalska družba na svetu je v hotelu City v Mariboru iskala kabinsko
            osebje. V mestu, kjer je letališče samo sebi namen in je potnikov in letaliških delavcev bore malo, je danes
            letalska družba Emirates zainteresiranim za delo med oblaki predstavila svoje delovanje. V hotelu City se je
            pred konferenčno dvorano ob 8. uri zjutraj zbralo več kot 20 ljudi.
            Večina njih je bila uglajeno oblečenih - ženske v oblekah ali s krili in visokimi petami, moški v sakojih in
            z lakasto obutvijo. Predvsem mladi so se zanimali za delo v letalu, le nekaj kandidatov je bilo srednjih
            let. Med iskalci zaposlitve je bil tudi Mariborčan, ki sicer živi v Avstriji. Za priložnost je izvedel na
            eni od poti po svetu, velikokrat se namreč odloči za last minute potovanja. Na avdiciji ga je spremljala
            partnerica iz Avstrije. Večina zbranih je bila Mariborčanov, nekaj jih je zaposlitev prišlo iskat iz Celja
            in okoliških krajev.
            Z več kot polurno zamudo se je pričela predstavitev v veliki dvorani v hotelu, vodila jo je Indijka Kavita
            M. Mukundan iz družbe Emirates, ki leti na več kot 120 destinacij po svetu. Indijka zanjo dela že več kot 17
            let in je trenutno del kadrovske službe pri arabskem letalskem velikanu, za katerega delajo ljudje več kot
            130 narodnosti.
            ”Deliti bi morali neomejeno radovednost, obogatiti druge kulture in strast do zadovoljstva strank,” je
            pisalo v vabilu na avdicijo. V tem duhu je potekala tudi predstavitev. "Kabinsko osebje potuje in služi,
            tako pravijo," je hudomušno predstavitev začela Mukundanova, a dala hitro vedeti, da ni tako in da je to
            delo odgovorno in naporno. "Treba je živeti zdravo, biti fit in spočit," je poudarila. In osnovni kriteriji?
            Emirates je iskal osebe, stare najmanj 21 let, visoke vsaj 160 centimetrov, z zaključeno vsaj srednjo šolo
            in znanjem tujega jezika.

            "Treba je živeti zdravo, biti fit in spočit"

            Po prvem delu predstavitve so zainteresirani oddali svoje posodobljene življenjepise in fotografije. Sledili
            bodo individualni intervjuji, izbrani bodo odpotovali v Dubaj, kjer jih čaka sedem tednov priprav, in "ker
            je čas denar," kot je dejala Mukundanova, bodo kmalu del ene najbolj prepoznavnih letalskih posadk na svetu.
            Pogodbo delavec sklene za določen čas, in sicer tri leta, za kar mu družba zagotovi tudi delovni vizum.
            Plača znaša 2290 evrov in v Dubaju, kjer delavec biva, ni obdavčena.
        </article-text>
        <article-text-transliterated>Četrta finančno najmočnejša letalska družba na svetu je v hotelu City v Mariboru
            iskala kabinsko osebje. V mestu, kjer je letališče samo sebi namen in je potnikov in letaliških delavcev
            bore malo, je danes letalska družba Emirates zainteresiranim za delo med oblaki predstavila svoje delovanje.
            V hotelu City se je pred konferenčno dvorano ob 8. uri zjutraj zbralo več kot 20 ljudi.
            Večina njih je bila uglajeno oblečenih - ženske v oblekah ali s krili in visokimi petami, moški v sakojih in
            z lakasto obutvijo. Predvsem mladi so se zanimali za delo v letalu, le nekaj kandidatov je bilo srednjih
            let. Med iskalci zaposlitve je bil tudi Mariborčan, ki sicer živi v Avstriji. Za priložnost je izvedel na
            eni od poti po svetu, velikokrat se namreč odloči za last minute potovanja. Na avdiciji ga je spremljala
            partnerica iz Avstrije. Večina zbranih je bila Mariborčanov, nekaj jih je zaposlitev prišlo iskat iz Celja
            in okoliških krajev.
            Z več kot polurno zamudo se je pričela predstavitev v veliki dvorani v hotelu, vodila jo je Indijka Kavita
            M. Mukundan iz družbe Emirates, ki leti na več kot 120 destinacij po svetu. Indijka zanjo dela že več kot 17
            let in je trenutno del kadrovske službe pri arabskem letalskem velikanu, za katerega delajo ljudje več kot
            130 narodnosti.
            ”Deliti bi morali neomejeno radovednost, obogatiti druge kulture in strast do zadovoljstva strank,” je
            pisalo v vabilu na avdicijo. V tem duhu je potekala tudi predstavitev. "Kabinsko osebje potuje in služi,
            tako pravijo," je hudomušno predstavitev začela Mukundanova, a dala hitro vedeti, da ni tako in da je to
            delo odgovorno in naporno. "Treba je živeti zdravo, biti fit in spočit," je poudarila. In osnovni kriteriji?
            Emirates je iskal osebe, stare najmanj 21 let, visoke vsaj 160 centimetrov, z zaključeno vsaj srednjo šolo
            in znanjem tujega jezika.

            "Treba je živeti zdravo, biti fit in spočit"

            Po prvem delu predstavitve so zainteresirani oddali svoje posodobljene življenjepise in fotografije. Sledili
            bodo individualni intervjuji, izbrani bodo odpotovali v Dubaj, kjer jih čaka sedem tednov priprav, in "ker
            je čas denar," kot je dejala Mukundanova, bodo kmalu del ene najbolj prepoznavnih letalskih posadk na svetu.
            Pogodbo delavec sklene za določen čas, in sicer tri leta, za kar mu družba zagotovi tudi delovni vizum.
            Plača znaša 2290 evrov in v Dubaju, kjer delavec biva, ni obdavčena.
        </article-text-transliterated>
    </article>
    <comments>
        <comments-count>2</comments-count>
        <comment-list>
            <comment comment-id="1">
                <comment-parent-id>,</comment-parent-id>
                <comment-text>jah, bo davek plačal v Sloveniji, nič bat.</comment-text>
                <comment-text-transliterated>jah, bo davek plačal v Sloveniji, nič bat.</comment-text-transliterated>
            </comment>
            <comment comment-id="1-1">
                <comment-parent-id>1</comment-parent-id>
                <comment-text>Ne bo, ker bo živel v Duba</comment-text>
                <comment-text-transliterated>Ne bo, ker bo živel v Duba</comment-text-transliterated>
            </comment>
        </comment-list>
    </comments>
</document>