<document global-id="si-04-1469">
    <url>https://www.vecer.com/ena-pomembnejsih-zbirk-v-sodobni-slovenski-mladinski-poeziji-6311068</url>
    <source-id>si-04</source-id>
    <local-id>1469</local-id>
    <source-name>Večer</source-name>
    <article>
        <article-title>Ena pomembnejših zbirk v sodobni slovenski mladinski poeziji</article-title>
        <article-title-transliterated>Ena pomembnejših zbirk v sodobni slovenski mladinski poeziji
        </article-title-transliterated>
        <article-time>2017-09-19</article-time>
        <article-author>Igor Saksida</article-author>
        <article-text>Peter Svetina: Molitvice s stopnic, Mladinska knjiga (Knjižnica Čebelica), Ljubljana, 2016.
            Obrazložitev žirije: "Izvrstna pesniška zbirka Molitvice s stopnic je presunljivo iskrena in prepričljiva
            zaradi 'sporočilnega minimuma', tudi sicer značilnega za nekatera besedila Petra Svetine – tudi, kadar gre
            za poetiko nonsensa –, ki književnega sporočila ne gradi le na povedanem, ampak tudi ali celo predvsem na
            tem, kar ostaja neizrečeno in presežno. Pesmi izhajajo iz na videz naivne in preproste, a v globini modre
            otroške perspektive: celo Bog in angel, osrednji osebi, ki ju nagovarja in za kaj prosi otrok kot pesemski
            jaz, sta otroški, prikazani povsem človeško, saj je z njima mogoče skorajda kramljati in skupaj z njima
            sobivati v veliki družini, v kateri so slabovidni dedek, premražena muca, teta, ki ne more imeti otrok, ter
            razmišljujoči, a tudi prestrašen in osamljen otrok.
            Tematika zbirke in vključevanje verske tematike in motivike bi lahko zelo hitro zdrsnilo v idealizacijsko
            ali poučevalno držo 'molitve', ki jo izreka zgledni otrok. A Petru Svetini se to nikoli ne zgodi: otrok v
            svojih prošnji, žalosti in ljubezni do vsega, kar je, ostaja otroško naiven; v teh tonih je mojstrsko
            oglašen tudi jezik, ki se bliža zajčevski poetiki "molka", zastiranja, zgolj nakazovanja neizrekljivega …
            Molitvice s stopnic so zato brez dvoma ena pomembnejših pesniških zbirk v sodobni slovenski mladinski
            poeziji – njihova magičnost v sozvočju z ilustracijami nudi skoraj hipen, a nepozaben in pretresljiv bralni
            užitek."
            Dr. Igor Saksida, predsednik žirije

            Presunljivo iskrena in prepričljiva zaradi "sporočilnega minimuma"

             

            Žiriranje
            Žirijo so, kot narekuje pravilnik večernice, sestavljali predstavniki Večera, revije Otrok in knjiga,
            Društva za humanistična vprašanja Argo, slovenske sekcije Mednarodne zveze za mladinsko književnost IBBY in
            Društva slovenskih pisateljev. Ob predsedniku žirije dr. Igorju Saksidi so bili v žiriji letos Maja Logar,
            Erica Johnson Debeljak, Petra Vidali in Tone Obadič. Med na razpis prispelimi deli in deli, ki so jih
            izbrali med vso drugo produkcijo preteklega leta, so v najožji izbor uvrstili pet del štirih avtorjev:
            Molitvice s stopnic (Mladinska knjiga) in Soseda pod stropom (Sodobnost International) Petra Svetine,
            Avtobus ob treh (Miš založba) Nataše Konc Lorenzutti, Čarimatiko (Založba Pivec) Bine Štampe Žmavc in Zvezde
            vabijo (Mladinska knjiga) Mihe Mazzinija.
        </article-text>
        <article-text-transliterated>Peter Svetina: Molitvice s stopnic, Mladinska knjiga (Knjižnica Čebelica),
            Ljubljana, 2016. Obrazložitev žirije: "Izvrstna pesniška zbirka Molitvice s stopnic je presunljivo iskrena
            in prepričljiva zaradi 'sporočilnega minimuma', tudi sicer značilnega za nekatera besedila Petra Svetine –
            tudi, kadar gre za poetiko nonsensa –, ki književnega sporočila ne gradi le na povedanem, ampak tudi ali
            celo predvsem na tem, kar ostaja neizrečeno in presežno. Pesmi izhajajo iz na videz naivne in preproste, a v
            globini modre otroške perspektive: celo Bog in angel, osrednji osebi, ki ju nagovarja in za kaj prosi otrok
            kot pesemski jaz, sta otroški, prikazani povsem človeško, saj je z njima mogoče skorajda kramljati in skupaj
            z njima sobivati v veliki družini, v kateri so slabovidni dedek, premražena muca, teta, ki ne more imeti
            otrok, ter razmišljujoči, a tudi prestrašen in osamljen otrok.
            Tematika zbirke in vključevanje verske tematike in motivike bi lahko zelo hitro zdrsnilo v idealizacijsko
            ali poučevalno držo 'molitve', ki jo izreka zgledni otrok. A Petru Svetini se to nikoli ne zgodi: otrok v
            svojih prošnji, žalosti in ljubezni do vsega, kar je, ostaja otroško naiven; v teh tonih je mojstrsko
            oglašen tudi jezik, ki se bliža zajčevski poetiki "molka", zastiranja, zgolj nakazovanja neizrekljivega …
            Molitvice s stopnic so zato brez dvoma ena pomembnejših pesniških zbirk v sodobni slovenski mladinski
            poeziji – njihova magičnost v sozvočju z ilustracijami nudi skoraj hipen, a nepozaben in pretresljiv bralni
            užitek."
            Dr. Igor Saksida, predsednik žirije

            Presunljivo iskrena in prepričljiva zaradi "sporočilnega minimuma"

             

            Žiriranje
            Žirijo so, kot narekuje pravilnik večernice, sestavljali predstavniki Večera, revije Otrok in knjiga,
            Društva za humanistična vprašanja Argo, slovenske sekcije Mednarodne zveze za mladinsko književnost IBBY in
            Društva slovenskih pisateljev. Ob predsedniku žirije dr. Igorju Saksidi so bili v žiriji letos Maja Logar,
            Erica Johnson Debeljak, Petra Vidali in Tone Obadič. Med na razpis prispelimi deli in deli, ki so jih
            izbrali med vso drugo produkcijo preteklega leta, so v najožji izbor uvrstili pet del štirih avtorjev:
            Molitvice s stopnic (Mladinska knjiga) in Soseda pod stropom (Sodobnost International) Petra Svetine,
            Avtobus ob treh (Miš založba) Nataše Konc Lorenzutti, Čarimatiko (Založba Pivec) Bine Štampe Žmavc in Zvezde
            vabijo (Mladinska knjiga) Mihe Mazzinija.
        </article-text-transliterated>
    </article>
    <comments>
        <comments-count>0</comments-count>
        <comment-list/>
    </comments>
</document>