<document global-id="si-04-1399">
    <url>https://www.vecer.com/drzno-tesla-slovenskih-gora-sin-6222829</url>
    <source-id>si-04</source-id>
    <local-id>1399</local-id>
    <source-name>Večer</source-name>
    <article>
        <article-title>Drzno: Tesla, slovenskih gora sin</article-title>
        <article-title-transliterated>Drzno: Tesla, slovenskih gora sin</article-title-transliterated>
        <article-time>2016-05-15</article-time>
        <article-author>Stanislav Južni?</article-author>
        <article-text>Kako bi lahko svetovni veleum takoj postal Slovenec, saj vemo, da kjer se prepirata dva (Hrvat in
            Srb), tretji dobiček ima. Za povrhu bi si lahko mirne vesti prisvojili še Ruđerja Boškovića. Valvasor, Žiga
            Popovi?, barona Žiga Zois in Jurij Vega so bili Štajerci in Kranjci. Prešeren, Josip Vošnjak, Franc
            Mikloši?, Cankar in general Maister so se že prekvasili v Slovence. Vmes se je zagozdil še kakšen prepri?an
            Ilirec-Jugoslovan slovenskega rodu od Stanka Vraza do Antona Korošca. Naši vnuki bodo bržkone predvsem
            prebivalci Srednje Evrope, manj pa pripadniki vmesnih narodov. Tako kot so se nacionalizmi ne tako davno
            razbohotili in med drugim pojedli ni? hudega slute?o habsburško monarhijo z Jugoslavijama vred, bodo prešli
            v ozadje ob novih -izmih, na katere bodo prisegali zanamci. Upamo lahko skupaj z Imagine Johna Lennona, da
            bodo prisegali na manj nevarne pripadnosti, za katere ne bo treba ubijati in umirati. Seveda se brez ciganke
            ni? ne ve, gotovo pa bodo posodobljene raziskave DNK narodnostne nestrpneže zavrgle med staro šaro in na
            površje izbezale nove delitve na naše in nenaše.

            ?e se je že treba deliti, lahko kve?jemu upamo, da bodo genetiki preskrbeli znanstveni temelj za lo?evanja,
            ki bodo manj krvava od versko obarvanega razpada britanskega indijskega raja po drugi svetovni vojni ali pol
            stoletja poznejših razpadov po hladni vojni, v katerih sta krvavela predvsem Leninov sovjetski in Titov
            jugoslovanski raj. ?ehoslovaki so pa? znali razpasti brez prehude krvi tudi zato, ker jih kljub podobnemu
            jeziku vera oziroma njeno pomanjkanje med ?ehi ni posebej razlo?evalo; tovrstna strpnost je gotovo tudi eden
            klju?nih ohranjevalcev enotne Kitajske, po svoje pa tudi Albanije ali njenega alter ega na islamskem Kosovu.
            Naši in njihovi ter neumna vprašanja

            Slovenci se že od ?rtomirjevih dni radi razvrš?amo med naše in nenaše. Pri slovanski boginji Živi, Adamu
            Bohori?u in Trubarju je šlo za vero, od naših pradedov dalje pa gre predvsem za volilne politi?ne glasove.
            Osmanski Turki so svoje podanike razvrš?ali glede na vero nedale? od slovenskega praga, naši šefi
            Habsburžani pa so se radi oprijemali zemljepisnih na?el, dokler jim ni odklenkal nav?ek. Pred poldrugim
            stoletjem smo pod vplivom francoskih revolucionarjev po pomladi narodov tudi Srednjeevropejci nehali misliti
            o sebi geografsko in smo se za?eli razvrš?ati nacionalno. Štajerci so se kar ?ez no? prelevili v Nemce in
            Slovence, Korošci prav tako. Kranjec je nenadoma postal Slovenec, Nemec, Italijan ali Hrvat, pa? glede na
            to, katera stranka si je pridobila njegov volilni glas.

            Kri in geni niso imeli z odlo?itvami naših prednikov prav ni? opraviti, šlo je za predvolilne propagande,
            jezikovne prilagoditve in topogledne odlo?ujo?e socializacije. Kot se je nacionalna nestrpnost tisti ?as
            rodila in povzro?ila obilo gorja nacisti?nim žrtvam, bo tudi zelo kmalu odmrla, ko bodo DNK-analize
            dokazale, da smo Srednjeevropejci popolna mešanica tiso?erih prepihov, preljubi sosedje Balkanci pa prav ni?
            manj. Seveda bodo najbolj razgrete glave še nadalje podpihovale pritlehne spore v slogu "kdo je ?igav" ali
            "jaz sem boljši, ker iz mojega naroda izhaja ve? odmevnih ljudi kot iz tvojega". A to bodo le še komajda
            nevarni ostanki ledenih gora. Kosti za prepirljivo glodanje si bodo jeznoriteži pa? morali poiskati kje
            drugje zunaj evropskih rasnih mešanic. Karte se bodo znova premešale, seveda ne nujno na bolje.

            Med Poljaki-Rusi, na Balkanu in v nizozemski-Belgiji je pa? druga?e in vera namesto jezika nekako
            opredeljuje državotvornost; ?eravno je mnogim sodobnim Flamcem žal, da so se njihovi katoliški predniki
            lo?ili od protestantskih Nizozemcev v prid Belgijcev, saj je v naslednjih štirih stoletjih jezik postal
            mo?nejši od vere. Zadnja obešenjakova medvojna želja po poljubu tam, kjer ne govori po flamsko, je s
            stoletji dobila noge. Marsikateremu balkanskemu govorcu nekdanje srbohrvaš?ine je gotovo žal, da je vera
            lo?ila ljudi, ki jih za razliko od Belgijcev-Nizozemcev jezik niti ne razlikuje preve?.

            Moša Pijade z "Jao si ga zemlji, koja Bosne nema" je zavozil na stranski tir skupaj z ustvarjalnim mešanjem
            jugoslovanskih Sarajev?anov: bojeviti srboriteži so pa? bratstvo-enotnost oklestili v bratstvo-pohotnost.

            Je bil Nikola Tesla Srb ali Hrvat kot otrok? Je bil Ru?er Boškovi? Srb ali Hrvat v mladosti? Neumni
            vprašanji o obeh svetovljanskih znanstvenikih, znanih po vsem svetu. Pametni zagati v ozadju sta pravzaprav
            veliko bolj prozorni in obenem nevarni: ali Ru?er Boškovi? spada k Zagreb?anom ali raje k Beograj?anom? Ali
            Nikola Tesla sodi v Zagreb ali v Beograd, med purgerje ali v ?aršijo? Ti dve sta ta pravi uganki, ki
            zadeneta žebljico na glavico, saj prestolnici vle?eta poglavitna dobi?ka iz morebitnega sonarodnjaštva
            svojih domnevnih rojakov Boškovi?a in/ali Tesle. Med drugimi mesti zgolj njuni rojstni in šolski kraji
            kažejo nekaj dodatnega interesa; za naša junaka so to Dubrovnik, Smiljan, Gospi? in Karlovac-Rakovac. Druga
            hrvaška ali srbska naselja pravzaprav niso preve? v igri.

            Ru?er Boškovi? nikoli ni obiskal Zagreba ali Beograda. Mesti pa? nista ležali ob poteh, ki jim je sledil.
            O?itno mu je bilo prav malo mar zanju, saj je sicer veselo kolovratil po dolgem in po?ez po Evropi in Mali
            Aziji. Boškovi?ev alter ego Nikola Tesla pa je bil sploh popotnik, kot se šika, od Zakavkazja fotografa avre
            Semjona Kirliana do ameriškega Divjega zahoda. Tesla je obiskal rodno Liko aprila 1892, da bi zadnji? videl
            svojo umirajo?o mater, naslednji mesec pa je svetoval Zagreb?anom o najprimernejših prijemih
            elektrifikacije. Nato si je Tesla ogledal Varaždin in svoje staro delovno mesto Budimpešto, preden se je za
            nekaj ur oglasil v Beogradu, ki pa mu ni bil preve? po volji. ?eravno je tam sre?al svojega pesniškega
            vzornika Zmaja. Tesla je za name?ek prejel ?astni doktorat zagrebške univerze leta 1926,
            mariborsko-ljubljanskega pa (še) ne; seveda topogledno zamudo vrli mariborsko-ljubljanski akademiki lahko
            nemudoma popravijo s kakšnim prijetnim odlikovanjem neumrljivega Tesle. Ustrezna po?astitev Boškovi?a prav
            tako ne bi bila od muh. Malce pozno, a od srca.
            Izumiteljevo pirovanje v Mariboru

            Za primerjavo, Boškovi? je Ljubljano obiskal vsaj trikrat; prebil je tudi prenekatero no? v tamkajšnjem
            jezuitskem kolegiju sredi burnih debat o svojih novotarijah. Tesla je piroval dobršen del leta 1878/79 v
            Mariboru in medtem postal zavidanja vreden odrasel mož in pol. Torej ?e sta sploh pripadala kakšnim
            prestolnicam, je Boškovi? dolgoval Ljubljani veliko ve? kot Zagrebu ali Beogradu. Tesla je bil navezan na
            spodnještajersko mariborsko metropolo veliko bolj kot na Zagreb in Beograd skupaj. Poleg tega je bila
            Teslova Vojna krajina (1555-1881) ustanovljena in dolga stoletja financirana z denarjem notranjeavstrijskih
            deželnih stanov Štajerske, Koroške, Kranjske in Primorske z Goriško, Gradiš?em in Trstom; tam so ve?inoma
            živeli naši predniki slovenskega rodu in med Krajišniki prav radi bogato služili kot oficirji ali uradniki.
            Notranja Avstrija je ob?asno delovala kot (deloma) samostojna upravna enota od 14. stoletja do terezijanskih
            reform; v Teslovi dobi je bila predvsem blagohoten spomin, danes pa polovica Notranje Avstrije pripada
            Sloveniji. V bistvu Slovenije ni veliko ve? od te polovice, ob njej imamo le še kosa Istre in Prekmurja.
            Ergo, ?e je prestolnica odlo?i državljanstvo, Tesla in Boškovi? spadata mnogo ve? v obe slovenski glavni
            mesti Maribor in Ljubljano, saj nista imela domala ni? pametnega opraviti v hrvaški ali srbski metropoli.
            Torej ?e prestolnica opredeljuje narodnost, sta bili Tesla in Boškovi? veliko bolj Slovenca kot Srba ali
            Hrvata. Seveda je škoda, da sta se pozabila izrecno oklicati za slovenskih gora lista, vendar se tovrstni
            dokumenti še lahko najdejo, ali pa vsaj premeteno proizvedejo zgodovini v pomo?.

            "?e že ni res, bo vsaj dobro izmišljeno," so nas od nekdaj u?ili naši vrli laški sosedje. Po drugi strani pa
            zape?kar Jožef Stefan ni maral potovanj in se zdi domala kot pribito, da nikoli ni videl bele Ljubljane v
            živo. Ve? kot o?itno bi Muzej Nikole Tesle moral biti v totem Mariboru in nikakor ne v Zagreb-Beogradu.
            Nedvomno bi moral Inštitut Ru?erja Boškovi?a biti v Ljubljani in ne v Zagrebu, Inštitut Jožefa Stefana
            pa ...
            Pravoslavni Hrvat iz rodu katoliških Srbov

            Glede srboritega srbo-hrvatstva Nikole Tesle in še Ru?erja Boškovi?a za povrhu imamo o?itno opraviti z
            gordijskim vozlom. Me malce skrbi. Zagreb ima po novem že nekaj mesecev Muzej Nikole Tesle, konkuren?ni
            Beograd pa že lep ?as prav tako, medtem ko naš Tehniški muzej Slovenije še iš?e svoje ime v Bistri. Ker
            Beograj?ani gostujejo v Cankarjevem domu, se zdi, da Slovenci bolj držimo s Teslo - Srbom kot s Teslo -
            Hrvatom v njunem nenehnem ve?nem sporu. Zna biti, da to nekoliko leti na rovaš mestnega vladarja. Jaz bi
            Teslo najraje razglasil za pravoslavnega Hrvata iz rodu katoliških Srbov; tako bi bila ovca sita in volk
            cel, ne da bi kdorkoli drugemu sko?il v lase. ?e pa to ne bo šlo in Srbohrvati ne bi sprejeli ponujene
            hrvaškosrbske roke sprave, naj obvelja tista: "Kjer se prepirata dva, tretji dobi?ek ima."

            Torej (bo)sta tako Tesla kot Boškovi? po pravici tretjega dobi?ka o?itno (p)ostala - Slovenca. Drugega jima
            ne preostane, saj si ju bosta sicer oba nerazrešljivo sprta naroda vekove?no vlekla sem ter tja, podobno,
            kot se Poljaki-Nemci od vekomaj trgajo za ubogega ni? hudega slute?ega Nikolaja Kopernika. Ni? kaj hvaležna
            usoda! Kopernik je zavrtel Zemljo, Boškovi? jo je pretvoril v geoid, Tesla ji je zaman skušal izvabiti
            zastonjsko resonan?no energijo iz svojega newyorškega stolpa, njihovi ozkogledi zanamci pa si me?ejo
            narodnostna polena pod noge. Prepri?an sem, da sta Boškovi? in Tesla tudi sama od nekdaj po tihem na skrivaj
            prisegala na slovenski prapor; ob kvartopirski dobro obloženi mizi visoko nad oblaki med požirki opojne
            ambrozije gotovo veselo pritrjujeta naši izbiri, ki ju bo kon?no spravila ven iz nesre?nega balkanskega
            lonca tostran schengenske obkolpske bode?e žice. Med Slovenci na son?ni strani Alp se jima bo dobro predobro
            godilo, saj pravih tekmecev ne bosta imela glede na to, da zape?karski Stefan ni in ni hotel v belo
            Ljubljano, drugih podobnih asov pa slovenska mati ni rodila, Titu navkljub.

            "U Fužinama" pa bosta tako ali tako imela ve? doma?ih navdušenih pristašev kot kjerkoli drugje po
            ponarodelem dvogovoru: "A gre? Mora gret!" Glede aneksije nekdanje Dubrovniške republike k Sloveniji (ali
            najraje obratno) pa se kaže še pogajati in s tem dokon?no pridobiti Slovencem izhod na odprto morje
            Sekol?evim telefonijadam navkljub. Dubrovniku se v naši španoviji obeta donosno celinsko zaledje, polno
            zvedavih turistov; obenem bomo tako dokon?no uvrstili Boškovi?a v srednjeevropsko okolje, kjer je bil
            deležen najve?jih poklicnih in osebnih uspehov po dunajski objavi svoje poglavitne knjige pred dobro
            ?etrtino tiso?letja.
            Tito je musliman, druga?e ne more biti

            Neki južnjaški šolar je svoj ?as domiselno zapisal v prostem spisu: "Tito je musliman; tako dober in tako
            velik ?lovek kar mora biti musliman." Podobno velja za Boškovi?a - Teslo: "Tako pametna možakarja kar morata
            biti Slovenca!" Slovencem namre? tovrstnega življa že od nekdaj akutno primanjkuje, ?eravno je Tanja
            Torbarina svoj ?as za Danas zatrjevala, da je po svojem politi?nem prepri?anju Slovenka. Sploh pa nam
            pametnjakovi?ev zmanjkuje dandanes, ko so vsi znalci raje s trebuhom za kruhom prebegnili na sen?ne strani
            Alp, ?e že ne kar ?ez ocean. Preskok iz srbohrvaške tretjerazredne "monete za potkusurivanje" nazaj med
            be?ke ko?ijaže se Slovencem ni izpla?al, zato med prepiri naših bivših sonarodnjakov vsaj potegnimo pravico
            tretjega v "kjer se prepirata dva, tretji dobi?ek ima". Pa? v slogu divide et impera, s ?imer bi hlap?evski
            Sloven?ki morda vendarle lahko prerasli v kroja?e svoje slovenske usode s sosednjimi vred, najraje kar po
            starodavnem "tujega ho?emo, svojega ne damo (saj nam ga je itak zmanjkalo)". Osmanska turška opredelitev
            vere kot nacije z dolo?eno dav?no obveznostjo namre? puš?a Teslovi narodnosti povsem prosto pot, saj v
            Gradcu, Mariboru in pred posvetitvijo pravkar zgorele cerkve sv. Save na Manhattnu kmalu po Teslovi smrti
            veliki izumitelj ni mogel obiskovati srbskih cerkva, tudi ?e bi mu bilo do tega. Ena?enje vere in narodnosti
            Teslovih "navija?ev" je tako dvorezen me?, pod katerega Slovenci povsem upravi?eno postavljamo še svoj
            lon?ek.

            Edina nepopravljiva škoda je, da se Tesla in Boškovi? nista ženila Teslovim številnim mariborskim simpatijam
            navkljub, Stefan pa je usodni da dahnil tik pred obiskom starke s koso. Bog ve, zakaj se je veli?astna
            trojica dala tako potegniti za nos. Brez te neljube okoliš?ine bi njihovi uradni potomci gotovo demokrati?no
            soglasno izglasovali Teslovo in Boškovi?evo pripadnost preljubemu narodi?u pod son?nimi obronki Alp.
        </article-text>
        <article-text-transliterated>Kako bi lahko svetovni veleum takoj postal Slovenec, saj vemo, da kjer se prepirata
            dva (Hrvat in Srb), tretji dobiček ima. Za povrhu bi si lahko mirne vesti prisvojili še Ruđerja Boškovića.
            Valvasor, Žiga Popovi?, barona Žiga Zois in Jurij Vega so bili Štajerci in Kranjci. Prešeren, Josip Vošnjak,
            Franc Mikloši?, Cankar in general Maister so se že prekvasili v Slovence. Vmes se je zagozdil še kakšen
            prepri?an Ilirec-Jugoslovan slovenskega rodu od Stanka Vraza do Antona Korošca. Naši vnuki bodo bržkone
            predvsem prebivalci Srednje Evrope, manj pa pripadniki vmesnih narodov. Tako kot so se nacionalizmi ne tako
            davno razbohotili in med drugim pojedli ni? hudega slute?o habsburško monarhijo z Jugoslavijama vred, bodo
            prešli v ozadje ob novih -izmih, na katere bodo prisegali zanamci. Upamo lahko skupaj z Imagine Johna
            Lennona, da bodo prisegali na manj nevarne pripadnosti, za katere ne bo treba ubijati in umirati. Seveda se
            brez ciganke ni? ne ve, gotovo pa bodo posodobljene raziskave DNK narodnostne nestrpneže zavrgle med staro
            šaro in na površje izbezale nove delitve na naše in nenaše.

            ?e se je že treba deliti, lahko kve?jemu upamo, da bodo genetiki preskrbeli znanstveni temelj za lo?evanja,
            ki bodo manj krvava od versko obarvanega razpada britanskega indijskega raja po drugi svetovni vojni ali pol
            stoletja poznejših razpadov po hladni vojni, v katerih sta krvavela predvsem Leninov sovjetski in Titov
            jugoslovanski raj. ?ehoslovaki so pa? znali razpasti brez prehude krvi tudi zato, ker jih kljub podobnemu
            jeziku vera oziroma njeno pomanjkanje med ?ehi ni posebej razlo?evalo; tovrstna strpnost je gotovo tudi eden
            klju?nih ohranjevalcev enotne Kitajske, po svoje pa tudi Albanije ali njenega alter ega na islamskem Kosovu.
            Naši in njihovi ter neumna vprašanja

            Slovenci se že od ?rtomirjevih dni radi razvrš?amo med naše in nenaše. Pri slovanski boginji Živi, Adamu
            Bohori?u in Trubarju je šlo za vero, od naših pradedov dalje pa gre predvsem za volilne politi?ne glasove.
            Osmanski Turki so svoje podanike razvrš?ali glede na vero nedale? od slovenskega praga, naši šefi
            Habsburžani pa so se radi oprijemali zemljepisnih na?el, dokler jim ni odklenkal nav?ek. Pred poldrugim
            stoletjem smo pod vplivom francoskih revolucionarjev po pomladi narodov tudi Srednjeevropejci nehali misliti
            o sebi geografsko in smo se za?eli razvrš?ati nacionalno. Štajerci so se kar ?ez no? prelevili v Nemce in
            Slovence, Korošci prav tako. Kranjec je nenadoma postal Slovenec, Nemec, Italijan ali Hrvat, pa? glede na
            to, katera stranka si je pridobila njegov volilni glas.

            Kri in geni niso imeli z odlo?itvami naših prednikov prav ni? opraviti, šlo je za predvolilne propagande,
            jezikovne prilagoditve in topogledne odlo?ujo?e socializacije. Kot se je nacionalna nestrpnost tisti ?as
            rodila in povzro?ila obilo gorja nacisti?nim žrtvam, bo tudi zelo kmalu odmrla, ko bodo DNK-analize
            dokazale, da smo Srednjeevropejci popolna mešanica tiso?erih prepihov, preljubi sosedje Balkanci pa prav ni?
            manj. Seveda bodo najbolj razgrete glave še nadalje podpihovale pritlehne spore v slogu "kdo je ?igav" ali
            "jaz sem boljši, ker iz mojega naroda izhaja ve? odmevnih ljudi kot iz tvojega". A to bodo le še komajda
            nevarni ostanki ledenih gora. Kosti za prepirljivo glodanje si bodo jeznoriteži pa? morali poiskati kje
            drugje zunaj evropskih rasnih mešanic. Karte se bodo znova premešale, seveda ne nujno na bolje.

            Med Poljaki-Rusi, na Balkanu in v nizozemski-Belgiji je pa? druga?e in vera namesto jezika nekako
            opredeljuje državotvornost; ?eravno je mnogim sodobnim Flamcem žal, da so se njihovi katoliški predniki
            lo?ili od protestantskih Nizozemcev v prid Belgijcev, saj je v naslednjih štirih stoletjih jezik postal
            mo?nejši od vere. Zadnja obešenjakova medvojna želja po poljubu tam, kjer ne govori po flamsko, je s
            stoletji dobila noge. Marsikateremu balkanskemu govorcu nekdanje srbohrvaš?ine je gotovo žal, da je vera
            lo?ila ljudi, ki jih za razliko od Belgijcev-Nizozemcev jezik niti ne razlikuje preve?.

            Moša Pijade z "Jao si ga zemlji, koja Bosne nema" je zavozil na stranski tir skupaj z ustvarjalnim mešanjem
            jugoslovanskih Sarajev?anov: bojeviti srboriteži so pa? bratstvo-enotnost oklestili v bratstvo-pohotnost.

            Je bil Nikola Tesla Srb ali Hrvat kot otrok? Je bil Ru?er Boškovi? Srb ali Hrvat v mladosti? Neumni
            vprašanji o obeh svetovljanskih znanstvenikih, znanih po vsem svetu. Pametni zagati v ozadju sta pravzaprav
            veliko bolj prozorni in obenem nevarni: ali Ru?er Boškovi? spada k Zagreb?anom ali raje k Beograj?anom? Ali
            Nikola Tesla sodi v Zagreb ali v Beograd, med purgerje ali v ?aršijo? Ti dve sta ta pravi uganki, ki
            zadeneta žebljico na glavico, saj prestolnici vle?eta poglavitna dobi?ka iz morebitnega sonarodnjaštva
            svojih domnevnih rojakov Boškovi?a in/ali Tesle. Med drugimi mesti zgolj njuni rojstni in šolski kraji
            kažejo nekaj dodatnega interesa; za naša junaka so to Dubrovnik, Smiljan, Gospi? in Karlovac-Rakovac. Druga
            hrvaška ali srbska naselja pravzaprav niso preve? v igri.

            Ru?er Boškovi? nikoli ni obiskal Zagreba ali Beograda. Mesti pa? nista ležali ob poteh, ki jim je sledil.
            O?itno mu je bilo prav malo mar zanju, saj je sicer veselo kolovratil po dolgem in po?ez po Evropi in Mali
            Aziji. Boškovi?ev alter ego Nikola Tesla pa je bil sploh popotnik, kot se šika, od Zakavkazja fotografa avre
            Semjona Kirliana do ameriškega Divjega zahoda. Tesla je obiskal rodno Liko aprila 1892, da bi zadnji? videl
            svojo umirajo?o mater, naslednji mesec pa je svetoval Zagreb?anom o najprimernejših prijemih
            elektrifikacije. Nato si je Tesla ogledal Varaždin in svoje staro delovno mesto Budimpešto, preden se je za
            nekaj ur oglasil v Beogradu, ki pa mu ni bil preve? po volji. ?eravno je tam sre?al svojega pesniškega
            vzornika Zmaja. Tesla je za name?ek prejel ?astni doktorat zagrebške univerze leta 1926,
            mariborsko-ljubljanskega pa (še) ne; seveda topogledno zamudo vrli mariborsko-ljubljanski akademiki lahko
            nemudoma popravijo s kakšnim prijetnim odlikovanjem neumrljivega Tesle. Ustrezna po?astitev Boškovi?a prav
            tako ne bi bila od muh. Malce pozno, a od srca.
            Izumiteljevo pirovanje v Mariboru

            Za primerjavo, Boškovi? je Ljubljano obiskal vsaj trikrat; prebil je tudi prenekatero no? v tamkajšnjem
            jezuitskem kolegiju sredi burnih debat o svojih novotarijah. Tesla je piroval dobršen del leta 1878/79 v
            Mariboru in medtem postal zavidanja vreden odrasel mož in pol. Torej ?e sta sploh pripadala kakšnim
            prestolnicam, je Boškovi? dolgoval Ljubljani veliko ve? kot Zagrebu ali Beogradu. Tesla je bil navezan na
            spodnještajersko mariborsko metropolo veliko bolj kot na Zagreb in Beograd skupaj. Poleg tega je bila
            Teslova Vojna krajina (1555-1881) ustanovljena in dolga stoletja financirana z denarjem notranjeavstrijskih
            deželnih stanov Štajerske, Koroške, Kranjske in Primorske z Goriško, Gradiš?em in Trstom; tam so ve?inoma
            živeli naši predniki slovenskega rodu in med Krajišniki prav radi bogato služili kot oficirji ali uradniki.
            Notranja Avstrija je ob?asno delovala kot (deloma) samostojna upravna enota od 14. stoletja do terezijanskih
            reform; v Teslovi dobi je bila predvsem blagohoten spomin, danes pa polovica Notranje Avstrije pripada
            Sloveniji. V bistvu Slovenije ni veliko ve? od te polovice, ob njej imamo le še kosa Istre in Prekmurja.
            Ergo, ?e je prestolnica odlo?i državljanstvo, Tesla in Boškovi? spadata mnogo ve? v obe slovenski glavni
            mesti Maribor in Ljubljano, saj nista imela domala ni? pametnega opraviti v hrvaški ali srbski metropoli.
            Torej ?e prestolnica opredeljuje narodnost, sta bili Tesla in Boškovi? veliko bolj Slovenca kot Srba ali
            Hrvata. Seveda je škoda, da sta se pozabila izrecno oklicati za slovenskih gora lista, vendar se tovrstni
            dokumenti še lahko najdejo, ali pa vsaj premeteno proizvedejo zgodovini v pomo?.

            "?e že ni res, bo vsaj dobro izmišljeno," so nas od nekdaj u?ili naši vrli laški sosedje. Po drugi strani pa
            zape?kar Jožef Stefan ni maral potovanj in se zdi domala kot pribito, da nikoli ni videl bele Ljubljane v
            živo. Ve? kot o?itno bi Muzej Nikole Tesle moral biti v totem Mariboru in nikakor ne v Zagreb-Beogradu.
            Nedvomno bi moral Inštitut Ru?erja Boškovi?a biti v Ljubljani in ne v Zagrebu, Inštitut Jožefa Stefana
            pa ...
            Pravoslavni Hrvat iz rodu katoliških Srbov

            Glede srboritega srbo-hrvatstva Nikole Tesle in še Ru?erja Boškovi?a za povrhu imamo o?itno opraviti z
            gordijskim vozlom. Me malce skrbi. Zagreb ima po novem že nekaj mesecev Muzej Nikole Tesle, konkuren?ni
            Beograd pa že lep ?as prav tako, medtem ko naš Tehniški muzej Slovenije še iš?e svoje ime v Bistri. Ker
            Beograj?ani gostujejo v Cankarjevem domu, se zdi, da Slovenci bolj držimo s Teslo - Srbom kot s Teslo -
            Hrvatom v njunem nenehnem ve?nem sporu. Zna biti, da to nekoliko leti na rovaš mestnega vladarja. Jaz bi
            Teslo najraje razglasil za pravoslavnega Hrvata iz rodu katoliških Srbov; tako bi bila ovca sita in volk
            cel, ne da bi kdorkoli drugemu sko?il v lase. ?e pa to ne bo šlo in Srbohrvati ne bi sprejeli ponujene
            hrvaškosrbske roke sprave, naj obvelja tista: "Kjer se prepirata dva, tretji dobi?ek ima."

            Torej (bo)sta tako Tesla kot Boškovi? po pravici tretjega dobi?ka o?itno (p)ostala - Slovenca. Drugega jima
            ne preostane, saj si ju bosta sicer oba nerazrešljivo sprta naroda vekove?no vlekla sem ter tja, podobno,
            kot se Poljaki-Nemci od vekomaj trgajo za ubogega ni? hudega slute?ega Nikolaja Kopernika. Ni? kaj hvaležna
            usoda! Kopernik je zavrtel Zemljo, Boškovi? jo je pretvoril v geoid, Tesla ji je zaman skušal izvabiti
            zastonjsko resonan?no energijo iz svojega newyorškega stolpa, njihovi ozkogledi zanamci pa si me?ejo
            narodnostna polena pod noge. Prepri?an sem, da sta Boškovi? in Tesla tudi sama od nekdaj po tihem na skrivaj
            prisegala na slovenski prapor; ob kvartopirski dobro obloženi mizi visoko nad oblaki med požirki opojne
            ambrozije gotovo veselo pritrjujeta naši izbiri, ki ju bo kon?no spravila ven iz nesre?nega balkanskega
            lonca tostran schengenske obkolpske bode?e žice. Med Slovenci na son?ni strani Alp se jima bo dobro predobro
            godilo, saj pravih tekmecev ne bosta imela glede na to, da zape?karski Stefan ni in ni hotel v belo
            Ljubljano, drugih podobnih asov pa slovenska mati ni rodila, Titu navkljub.

            "U Fužinama" pa bosta tako ali tako imela ve? doma?ih navdušenih pristašev kot kjerkoli drugje po
            ponarodelem dvogovoru: "A gre? Mora gret!" Glede aneksije nekdanje Dubrovniške republike k Sloveniji (ali
            najraje obratno) pa se kaže še pogajati in s tem dokon?no pridobiti Slovencem izhod na odprto morje
            Sekol?evim telefonijadam navkljub. Dubrovniku se v naši španoviji obeta donosno celinsko zaledje, polno
            zvedavih turistov; obenem bomo tako dokon?no uvrstili Boškovi?a v srednjeevropsko okolje, kjer je bil
            deležen najve?jih poklicnih in osebnih uspehov po dunajski objavi svoje poglavitne knjige pred dobro
            ?etrtino tiso?letja.
            Tito je musliman, druga?e ne more biti

            Neki južnjaški šolar je svoj ?as domiselno zapisal v prostem spisu: "Tito je musliman; tako dober in tako
            velik ?lovek kar mora biti musliman." Podobno velja za Boškovi?a - Teslo: "Tako pametna možakarja kar morata
            biti Slovenca!" Slovencem namre? tovrstnega življa že od nekdaj akutno primanjkuje, ?eravno je Tanja
            Torbarina svoj ?as za Danas zatrjevala, da je po svojem politi?nem prepri?anju Slovenka. Sploh pa nam
            pametnjakovi?ev zmanjkuje dandanes, ko so vsi znalci raje s trebuhom za kruhom prebegnili na sen?ne strani
            Alp, ?e že ne kar ?ez ocean. Preskok iz srbohrvaške tretjerazredne "monete za potkusurivanje" nazaj med
            be?ke ko?ijaže se Slovencem ni izpla?al, zato med prepiri naših bivših sonarodnjakov vsaj potegnimo pravico
            tretjega v "kjer se prepirata dva, tretji dobi?ek ima". Pa? v slogu divide et impera, s ?imer bi hlap?evski
            Sloven?ki morda vendarle lahko prerasli v kroja?e svoje slovenske usode s sosednjimi vred, najraje kar po
            starodavnem "tujega ho?emo, svojega ne damo (saj nam ga je itak zmanjkalo)". Osmanska turška opredelitev
            vere kot nacije z dolo?eno dav?no obveznostjo namre? puš?a Teslovi narodnosti povsem prosto pot, saj v
            Gradcu, Mariboru in pred posvetitvijo pravkar zgorele cerkve sv. Save na Manhattnu kmalu po Teslovi smrti
            veliki izumitelj ni mogel obiskovati srbskih cerkva, tudi ?e bi mu bilo do tega. Ena?enje vere in narodnosti
            Teslovih "navija?ev" je tako dvorezen me?, pod katerega Slovenci povsem upravi?eno postavljamo še svoj
            lon?ek.

            Edina nepopravljiva škoda je, da se Tesla in Boškovi? nista ženila Teslovim številnim mariborskim simpatijam
            navkljub, Stefan pa je usodni da dahnil tik pred obiskom starke s koso. Bog ve, zakaj se je veli?astna
            trojica dala tako potegniti za nos. Brez te neljube okoliš?ine bi njihovi uradni potomci gotovo demokrati?no
            soglasno izglasovali Teslovo in Boškovi?evo pripadnost preljubemu narodi?u pod son?nimi obronki Alp.
        </article-text-transliterated>
    </article>
    <comments>
        <comments-count>0</comments-count>
        <comment-list/>
    </comments>
</document>