<document global-id="sr-05-10397">
    <url>
        https://www.srbijadanas.com/vesti/info/sutra-je-spasovdan-dobro-obratite-paznju-jednu-stvar-niposto-ne-smete-uraditi-2017-05-24
    </url>
    <source-id>sr-05</source-id>
    <local-id>10397</local-id>
    <source-name>Srbija_danas</source-name>
    <article>
        <article-title>Sutra je Spasovdan: Dobro obratite pažnju, ovu JEDNU STVAR nipošto NE SMETE uraditi!
        </article-title>
        <article-title-transliterated>Sutra je Spasovdan: Dobro obratite pažnju, ovu JEDNU STVAR nipošto NE SMETE
            uraditi!
        </article-title-transliterated>
        <article-time>2017-05-24</article-time>
        <article-author>Srbija Danas</article-author>
        <article-text>Ispoštujte ovo obavezno.
            Srpska pravoslavna crkva sutra obeležava praznik posvećen Vaznesenju Gospodnjem, u narodu poznat kao
            Spasovdan.
            SVAKI DAN ŠETATE OVOM BEOGRADSKOM ULICOM, A NE ZNATE STRAŠNU TAJNU KOJU KRIJE: Ovaj svetac je spaljen zbog
            Hrista
            Iskopane mošti najmlađeg srpskog sveca: Kada smo zavrnuli rukav, videli smo KOŽU, NOKTE i DLAKE!
            Obeležava se kao spomen na dan kad se Spasitelj uzneo (vazneo) na nebo, pošto je završio svoju zemaljsku
            misiju.
            Pokretnog je datuma i uvek se obeležava u šesti četvrtak po Vaskrsu, odnosno četrdeseti dan po vaskrsenju
            Hristovom.
            Događaju koji se zbio u Vitaniji, na Maslinskoj gori kod Jerusalima prisustvovali su Hristovi apostoli.
            - Naposletku se javi kad njih 11 behoše za trpezom i reče im: "Idite po svetu i propovedajte jevanđelje
            svakom stvorenju.
            OVIM REČIMA se pomolite svecu koji je PRIPITOMIO LAVA i osetite kako vam se život MENJA NA BOLJE
            Onaj koji veruje i pokrsti se, spašće se, a ko ne veruje, osudiće se. A znaci onima koji veruju biće ovi:
            Imenom mojim izgoniće đavole, govoriće novim jezicima".
            I izvede ih na polje i podigavši ruke, blagoslovi ih, i odstupi od njih, uznosaše se na nebo i sede Bogu s
            desne strane- zapisali su sveti jevanđelisti Marko i Luka o ovom događaju.
            Spasovdan je jedan od sedam najvećih svetkovina posvećenih Gospodu Isusu Hristu.
            U crkvenom kalendaru obeležen je crvenim slovom i spada u red zapovednih praznika, koji slave svi vernici.
            Sveradosnim vaskršnjim pozdravom "Hristos vaskrse - vaistinu vaskrse" pravoslavni vernici pozdravljaju se
            sve do Spasovdana.
            Ovaj praznik je slava grada Beograda, a u mnogim mestima u Srbiji je i zavetina - praznik celog naselja i
            obeležava ga litija koja prolazi glavnim ulicama.
            Ovo je molitva Svetom Vasiliju Ostroškom: Izgovorite OVE REČI i spasićete se svake muke i bolesti
            Na Spasovdan nikako ne valja spavati preko dana, da ne biste bili pospani i bez snage čitave godine.
            Na taj dan bogatiji su posle odlaska u crkvu pozivali goste na ručak, a manje imućni su nastavljali druženje
            ispred crkve gde se narod okupljao i veselio
        </article-text>
        <article-text-transliterated>Ispoštujte ovo obavezno.
            Srpska pravoslavna crkva sutra obeležava praznik posvećen Vaznesenju Gospodnjem, u narodu poznat kao
            Spasovdan.
            SVAKI DAN ŠETATE OVOM BEOGRADSKOM ULICOM, A NE ZNATE STRAŠNU TAJNU KOJU KRIJE: Ovaj svetac je spaljen zbog
            Hrista
            Iskopane mošti najmlađeg srpskog sveca: Kada smo zavrnuli rukav, videli smo KOŽU, NOKTE i DLAKE!
            Obeležava se kao spomen na dan kad se Spasitelj uzneo (vazneo) na nebo, pošto je završio svoju zemaljsku
            misiju.
            Pokretnog je datuma i uvek se obeležava u šesti četvrtak po Vaskrsu, odnosno četrdeseti dan po vaskrsenju
            Hristovom.
            Događaju koji se zbio u Vitaniji, na Maslinskoj gori kod Jerusalima prisustvovali su Hristovi apostoli.
            - Naposletku se javi kad njih 11 behoše za trpezom i reče im: "Idite po svetu i propovedajte jevanđelje
            svakom stvorenju.
            OVIM REČIMA se pomolite svecu koji je PRIPITOMIO LAVA i osetite kako vam se život MENJA NA BOLJE
            Onaj koji veruje i pokrsti se, spašće se, a ko ne veruje, osudiće se. A znaci onima koji veruju biće ovi:
            Imenom mojim izgoniće đavole, govoriće novim jezicima".
            I izvede ih na polje i podigavši ruke, blagoslovi ih, i odstupi od njih, uznosaše se na nebo i sede Bogu s
            desne strane- zapisali su sveti jevanđelisti Marko i Luka o ovom događaju.
            Spasovdan je jedan od sedam najvećih svetkovina posvećenih Gospodu Isusu Hristu.
            U crkvenom kalendaru obeležen je crvenim slovom i spada u red zapovednih praznika, koji slave svi vernici.
            Sveradosnim vaskršnjim pozdravom "Hristos vaskrse - vaistinu vaskrse" pravoslavni vernici pozdravljaju se
            sve do Spasovdana.
            Ovaj praznik je slava grada Beograda, a u mnogim mestima u Srbiji je i zavetina - praznik celog naselja i
            obeležava ga litija koja prolazi glavnim ulicama.
            Ovo je molitva Svetom Vasiliju Ostroškom: Izgovorite OVE REČI i spasićete se svake muke i bolesti
            Na Spasovdan nikako ne valja spavati preko dana, da ne biste bili pospani i bez snage čitave godine.
            Na taj dan bogatiji su posle odlaska u crkvu pozivali goste na ručak, a manje imućni su nastavljali druženje
            ispred crkve gde se narod okupljao i veselio
        </article-text-transliterated>
    </article>
    <comments>
        <comments-count>0</comments-count>
        <comment-list/>
    </comments>
</document>