<document global-id="sr-05-1053">
    <url>
        https://www.srbijadanas.com/sport/kosarka/bas-se-potrudio-evo-sta-je-sve-matijas-lesor-morao-da-uradi-da-nauci-pesmu-delije-video-2018-04-04
    </url>
    <source-id>sr-05</source-id>
    <local-id>1053</local-id>
    <source-name>Srbija_danas</source-name>
    <article>
        <article-title>BAŠ SE POTRUDIO: Evo šta je sve Matijas Lesor MORAO da uradi da NAUČI pesmu Delija! (VIDEO)
        </article-title>
        <article-title-transliterated>BAŠ SE POTRUDIO: Evo šta je sve Matijas Lesor MORAO da uradi da NAUČI pesmu
            Delija! (VIDEO)
        </article-title-transliterated>
        <article-time>2018-04-04</article-time>
        <article-author>Srbija Danas</article-author>
        <article-text>Francuski centar je dao sve od sebe.
            Posle pobede nad Mornarom, košarkaši Crvene zvezde okrenuli su se finalnom okršaju ABA lige. U prvom meču na
            pohodu ka odbrani pehara, izabranici Dušana Alimpijevića dočekuju podgoričku Budućnost, koja ih je oba puta
            savladala u ligaškom delu.
            SRBI BLISTALI: Jokić RAZVALIO Bojana! Bogdan SJAJAN u porazu Kingsa! Radovao se i Bobi (VIDEO+FOTO)
            U pauzi između treninga, Ognjen Dobrić je rešio da propita srpski jezik saigrača Matijasa Lesora. Francuski
            centar pokazao se odličnom znalcem, pa je na Dobrićevo pitanje koje reči zna, u dahu odgovorio:
            - Kako si? Dobro veče. Dobar dan. Hvala. Ništa - istakao je Lesor.
            Da li znaš "ajde brate", upitao je Ognjen Francuza?
            - Ajde brate - nije se dao iznenaditi Matijas.
            A onda je na red došlo učenje Zvezdine pesme "pobeda želja naša, titula radost naša". I tu je Lesor pokazao
            besprekorno baratanje srpskim jezikom što je oduševilo Dobrića.
            - Bravo brate, dobar si bio - pohvalio je Ognjen svog saigrača.
            - Hvala brate moj - uzvratio je Francuz na tečnom srpskom.
        </article-text>
        <article-text-transliterated>Francuski centar je dao sve od sebe.
            Posle pobede nad Mornarom, košarkaši Crvene zvezde okrenuli su se finalnom okršaju ABA lige. U prvom meču na
            pohodu ka odbrani pehara, izabranici Dušana Alimpijevića dočekuju podgoričku Budućnost, koja ih je oba puta
            savladala u ligaškom delu.
            SRBI BLISTALI: Jokić RAZVALIO Bojana! Bogdan SJAJAN u porazu Kingsa! Radovao se i Bobi (VIDEO+FOTO)
            U pauzi između treninga, Ognjen Dobrić je rešio da propita srpski jezik saigrača Matijasa Lesora. Francuski
            centar pokazao se odličnom znalcem, pa je na Dobrićevo pitanje koje reči zna, u dahu odgovorio:
            - Kako si? Dobro veče. Dobar dan. Hvala. Ništa - istakao je Lesor.
            Da li znaš "ajde brate", upitao je Ognjen Francuza?
            - Ajde brate - nije se dao iznenaditi Matijas.
            A onda je na red došlo učenje Zvezdine pesme "pobeda želja naša, titula radost naša". I tu je Lesor pokazao
            besprekorno baratanje srpskim jezikom što je oduševilo Dobrića.
            - Bravo brate, dobar si bio - pohvalio je Ognjen svog saigrača.
            - Hvala brate moj - uzvratio je Francuz na tečnom srpskom.
        </article-text-transliterated>
    </article>
    <comments>
        <comments-count>0</comments-count>
        <comment-list/>
    </comments>
</document>