<document global-id="sr-05-10290">
    <url>https://www.srbijadanas.com/biz/posao/srbi-jure-u-slovacku-evo-i-zasto-2017-09-19</url>
    <source-id>sr-05</source-id>
    <local-id>10290</local-id>
    <source-name>Srbija_danas</source-name>
    <article>
        <article-title>Srbi hrle da rade u OVU DRŽAVU: Iako je satnica 2 i po evra, radnici su prezadovoljni!
        </article-title>
        <article-title-transliterated>Srbi hrle da rade u OVU DRŽAVU: Iako je satnica 2 i po evra, radnici su
            prezadovoljni!
        </article-title-transliterated>
        <article-time>2017-09-19</article-time>
        <article-author>Srbija Danas/B92</article-author>
        <article-text>Rad u inostranstvu za mnoge je jedino rešenje.
            Nekada su naši radnici na privremeni i povremen rad odlazili u Zapadnu Evropu, danas je Istočna za mnoge
            primamljiva.
            Posao preko agencije, oko dva i po evra na sat, 8 do deset sati rada na fabričkoj traci - Ivani Vojinović je
            bilo dovoljno da sa mužem ode tri meseca da radi u Slovačkoj.
            Povećana MINIMALNA CENA RADA u Srbiji: Vlada ispunila obećanje 
            Očekuje se novo povećanje plata u javnom sektoru, evo ZA KOLIKO!
            - Jedino je moguće da građani naše zemlje bez EU pasoša odu u Slovačku. Ta zemlja je nas Srbe prihvatila,
            masovno odlaze. U suštini nije to neka velika cifra, ali u našoj zemlji boga mi, nema ni toga. U suštini vi
            tamo nemate ljude iz Beograda jer ipak cena rada je negde kao u Beogradu. I mislim da zato nema ljudi iz
            Beograda. To je Novi Sad, to je Leskovac, Niš, Zaječar, mnogo ljudi iz našeg grada je tamo bilo - priča
            jedna radnica iz Zaječara. 
            Preko granice se traži posao, na graničnim prelazima se dele informacije. Još letos je nadležno ministarstvo
            počelo da daje brošure i deli savete. 
            - Nemojte ići preko posrednika o kojim ne znate ništa, nemojte ići tamo gde niste potpisali ugovor na
            srpskom jeziku pre nego što ste napustili zemlju, nemojte ići dok se ne raspitate koja je visina vaše
            nadoknade - kaže ministar rada Aleksandar Vulin. 
            Redovna plata, poslodavci koji poštuju zakon, bolji uslovi za život razlozi su zašto se i iz Hrvatske odlazi
            na posao u druge članice EU. Za rad u pabovima i skladištima Irci trenutno traže 1500 radnika. 
            - Moja je mesečna plata bila kao ovde za nedelju dana, tako da nisam bila toliko zadovoljna. Ok sezonski se
            može zaradit, ali zimi ne -  kaže radnica iz Hrvatske. 
            - Birokracija nije komplikovana, ovde vam je porezni ured, barem meni, najbolji prijatelj - nastavila je.
            Umesto u Nemačkoj ili Francuskoj sve češće mesto zaposlenja radnika iz Srbije postaje Slovačka. Biljana
            Borzan je evroparlamentarka iz redova hrvatskog SDP-a. 
            - Problem o kojem govorite nije samo problem u Srbiji ili u Bosni, on je problem i zemaljama EU. I u
            Hrvatskoj se on događa i u Sloveniji, i u Rumuniji, Bugarskoj, dakle svim siromašnijim zemljama rekla bih da
            je u stvari možda najveći problem uz ekonomiju u stvari taj osećaj nedostatka reda u ovim državama - 
            Na privremeni rad u inostranstvo prošle godine iz Srbije zvanično je otišlo 5.057 radnika. Nezvanično mnogo
            ih je više. U zemlji u ovom trenutku legalno posluje 100 agencija za posredovanje u zapošljavanju u zemlji i
            inostranstvu.
        </article-text>
        <article-text-transliterated>Rad u inostranstvu za mnoge je jedino rešenje.
            Nekada su naši radnici na privremeni i povremen rad odlazili u Zapadnu Evropu, danas je Istočna za mnoge
            primamljiva.
            Posao preko agencije, oko dva i po evra na sat, 8 do deset sati rada na fabričkoj traci - Ivani Vojinović je
            bilo dovoljno da sa mužem ode tri meseca da radi u Slovačkoj.
            Povećana MINIMALNA CENA RADA u Srbiji: Vlada ispunila obećanje 
            Očekuje se novo povećanje plata u javnom sektoru, evo ZA KOLIKO!
            - Jedino je moguće da građani naše zemlje bez EU pasoša odu u Slovačku. Ta zemlja je nas Srbe prihvatila,
            masovno odlaze. U suštini nije to neka velika cifra, ali u našoj zemlji boga mi, nema ni toga. U suštini vi
            tamo nemate ljude iz Beograda jer ipak cena rada je negde kao u Beogradu. I mislim da zato nema ljudi iz
            Beograda. To je Novi Sad, to je Leskovac, Niš, Zaječar, mnogo ljudi iz našeg grada je tamo bilo - priča
            jedna radnica iz Zaječara. 
            Preko granice se traži posao, na graničnim prelazima se dele informacije. Još letos je nadležno ministarstvo
            počelo da daje brošure i deli savete. 
            - Nemojte ići preko posrednika o kojim ne znate ništa, nemojte ići tamo gde niste potpisali ugovor na
            srpskom jeziku pre nego što ste napustili zemlju, nemojte ići dok se ne raspitate koja je visina vaše
            nadoknade - kaže ministar rada Aleksandar Vulin. 
            Redovna plata, poslodavci koji poštuju zakon, bolji uslovi za život razlozi su zašto se i iz Hrvatske odlazi
            na posao u druge članice EU. Za rad u pabovima i skladištima Irci trenutno traže 1500 radnika. 
            - Moja je mesečna plata bila kao ovde za nedelju dana, tako da nisam bila toliko zadovoljna. Ok sezonski se
            može zaradit, ali zimi ne -  kaže radnica iz Hrvatske. 
            - Birokracija nije komplikovana, ovde vam je porezni ured, barem meni, najbolji prijatelj - nastavila je.
            Umesto u Nemačkoj ili Francuskoj sve češće mesto zaposlenja radnika iz Srbije postaje Slovačka. Biljana
            Borzan je evroparlamentarka iz redova hrvatskog SDP-a. 
            - Problem o kojem govorite nije samo problem u Srbiji ili u Bosni, on je problem i zemaljama EU. I u
            Hrvatskoj se on događa i u Sloveniji, i u Rumuniji, Bugarskoj, dakle svim siromašnijim zemljama rekla bih da
            je u stvari možda najveći problem uz ekonomiju u stvari taj osećaj nedostatka reda u ovim državama - 
            Na privremeni rad u inostranstvo prošle godine iz Srbije zvanično je otišlo 5.057 radnika. Nezvanično mnogo
            ih je više. U zemlji u ovom trenutku legalno posluje 100 agencija za posredovanje u zapošljavanju u zemlji i
            inostranstvu.
        </article-text-transliterated>
    </article>
    <comments>
        <comments-count>1</comments-count>
        <comment-list>
            <comment comment-id="1">
                <comment-parent-id/>
                <comment-text>Jel ova bas glupa kada je izjavila da u Slovackoj nema Beogradjana jer je cena rada
                    priblizno ista u beogradu a u Leskovcu,Zajecaru, Nisu....nije ta cenaPrvo cena rada u SRBIJI je ista
                    a to nije 2.5 eura vec je bila 130 a od 2018 je 143 dinara a to nije 2.5 eura. Jel ova glupaca misli
                    da je u Beogradu jedna cena rada a na jugu Srbije druga. Inace u Slovackoj se nadje i po neki
                    Beogradjanin.
                </comment-text>
                <comment-text-transliterated>Jel ova bas glupa kada je izjavila da u Slovackoj nema Beogradjana jer je
                    cena rada priblizno ista u beogradu a u Leskovcu,Zajecaru, Nisu....nije ta cenaPrvo cena rada u
                    SRBIJI je ista a to nije 2.5 eura vec je bila 130 a od 2018 je 143 dinara a to nije 2.5 eura. Jel
                    ova glupaca misli da je u Beogradu jedna cena rada a na jugu Srbije druga. Inace u Slovackoj se
                    nadje i po neki Beogradjanin.
                </comment-text-transliterated>
            </comment>
        </comment-list>
    </comments>
</document>