<document global-id="sr-05-1027">
    <url>https://www.srbijadanas.com/sport/fudbal/bajern-ili-borusija-dormtund-murinjo-poceo-da-uci-nemacki-2019-10-23
    </url>
    <source-id>sr-05</source-id>
    <local-id>1027</local-id>
    <source-name>Srbija_danas</source-name>
    <article>
        <article-title>BAJERN ILI BORUSIJA DORMTUND? Murinjo počeo da uči nemački</article-title>
        <article-title-transliterated>BAJERN ILI BORUSIJA DORMTUND? Murinjo počeo da uči nemački
        </article-title-transliterated>
        <article-time>2019-10-23</article-time>
        <article-author>Srbija Danas</article-author>
        <article-text>Portugalac skoro godinu dana bez posla.
            Posle dobijenog otkaza u Mančester Junajtedu u decembru prošle godine, Žoze Murinjo bio je bez trenerskog
            posla i naa prinudnom odmoru makar kada je vođenje neke ekipe u pitanju.
            Međutim, to bi moglo da se promeni za Protugalca koji je navodno u pregovorima sa Borudsijom iz Dortmunda, a
            mediji pišu da je Posebni već počeo i da uči nemački jezik.
            Ipak, prepreka u čitavoj priči mogla bi da bude plata Murinja. Portugalac traži više od 20 miliona evra
            koliko je zarađivao kao menadžer Junajteda, a teško da Borusija može da mu obezbedi taj novac.
             
            Pogledajte slike Tejlor Vord, devojke Kuna Aguera.
        </article-text>
        <article-text-transliterated>Portugalac skoro godinu dana bez posla.
            Posle dobijenog otkaza u Mančester Junajtedu u decembru prošle godine, Žoze Murinjo bio je bez trenerskog
            posla i naa prinudnom odmoru makar kada je vođenje neke ekipe u pitanju.
            Međutim, to bi moglo da se promeni za Protugalca koji je navodno u pregovorima sa Borudsijom iz Dortmunda, a
            mediji pišu da je Posebni već počeo i da uči nemački jezik.
            Ipak, prepreka u čitavoj priči mogla bi da bude plata Murinja. Portugalac traži više od 20 miliona evra
            koliko je zarađivao kao menadžer Junajteda, a teško da Borusija može da mu obezbedi taj novac.
             
            Pogledajte slike Tejlor Vord, devojke Kuna Aguera.
        </article-text-transliterated>
    </article>
    <comments>
        <comments-count>0</comments-count>
        <comment-list/>
    </comments>
</document>