<document global-id="sr-05-10377">
    <url>https://www.srbijadanas.com/vesti/svet/stoltenberg-se-obratio-poslanicima-ispred-sobranja-protesti-2018-01-18
    </url>
    <source-id>sr-05</source-id>
    <local-id>10377</local-id>
    <source-name>Srbija_danas</source-name>
    <article>
        <article-title>Stoltenberg se obratio poslanicima, ispred Sobranja protesti!</article-title>
        <article-title-transliterated>Stoltenberg se obratio poslanicima, ispred Sobranja protesti!
        </article-title-transliterated>
        <article-time>2018-01-18</article-time>
        <article-author>Tanjug</article-author>
        <article-text>Generalni sekretar NATO-a Jens Stoltenberg boravi u poseti Makedoniji.
            Generalni sekretar NATO-a Jens Stoltenberg, koji danas boravi u poseti Makedoniji, obratio se poslanicima u
            Sobranju, dok se ispred zgrade parlamenta okupila grupa građana koja, kako kažu, protestuje protiv ulaska te
            zemlje u NATO i antimakedonske politike aktuelne vlade, preneli su makedonski mediji.
            U obraćanju poslanicima Stoltenberg je zahvalio Makedoniji zbog učešća snaga te zemlje u mirovnim misijama
            NATO i izrazio nadu da će ova zemlja postati deo, kako je rekao, "najuspešnijeg vojnog saveza u svetu ",
            preneli su makedonski mediji.
            "Još uvek ima mesta za zastave ispred sedišta NATO. Prošle godine je Crna Gora postala 29 članica i sada je
            ravnopravni član Alijanse. Želimo da budete deo naše porodice, ali ima još posla. Pre svega, rešavanje
            problema sa vašim ustavnim imenom, sa Republikom Grčkom", rekao je generalni sekretar NATO.
            "Cipras i Zaev mogu rešiti spor oko imena"
            Istovremeno ispred zgrade parlamenta a okupila se grupa građana koja protestuje zbog posete Stoltenberga i
            anti-makedonske politike nove vlade, te usvajanja Zakona o jezicima i protiv ulaska Makedonije u NATO.
            Protestu je prisustvuje i bivša oslanica Solza Grčeva koja je izjavila da je tu da jasno kaže da je protiv
            promene naziva države.
        </article-text>
        <article-text-transliterated>Generalni sekretar NATO-a Jens Stoltenberg boravi u poseti Makedoniji.
            Generalni sekretar NATO-a Jens Stoltenberg, koji danas boravi u poseti Makedoniji, obratio se poslanicima u
            Sobranju, dok se ispred zgrade parlamenta okupila grupa građana koja, kako kažu, protestuje protiv ulaska te
            zemlje u NATO i antimakedonske politike aktuelne vlade, preneli su makedonski mediji.
            U obraćanju poslanicima Stoltenberg je zahvalio Makedoniji zbog učešća snaga te zemlje u mirovnim misijama
            NATO i izrazio nadu da će ova zemlja postati deo, kako je rekao, "najuspešnijeg vojnog saveza u svetu ",
            preneli su makedonski mediji.
            "Još uvek ima mesta za zastave ispred sedišta NATO. Prošle godine je Crna Gora postala 29 članica i sada je
            ravnopravni član Alijanse. Želimo da budete deo naše porodice, ali ima još posla. Pre svega, rešavanje
            problema sa vašim ustavnim imenom, sa Republikom Grčkom", rekao je generalni sekretar NATO.
            "Cipras i Zaev mogu rešiti spor oko imena"
            Istovremeno ispred zgrade parlamenta a okupila se grupa građana koja protestuje zbog posete Stoltenberga i
            anti-makedonske politike nove vlade, te usvajanja Zakona o jezicima i protiv ulaska Makedonije u NATO.
            Protestu je prisustvuje i bivša oslanica Solza Grčeva koja je izjavila da je tu da jasno kaže da je protiv
            promene naziva države.
        </article-text-transliterated>
    </article>
    <comments>
        <comments-count>0</comments-count>
        <comment-list/>
    </comments>
</document>