<document global-id="sr-05-10012">
    <url>
        https://www.srbijadanas.com/clanak/svaki-dan-drugi-decko-savija-zamenila-cecinog-brata-za-ruskog-tajkuna-07-10-2015
    </url>
    <source-id>sr-05</source-id>
    <local-id>10012</local-id>
    <source-name>Srbija_danas</source-name>
    <article>
        <article-title>SVAKI DAN DRUGI DEČKO: Šavija ZAMENILA Cecinog brata za RUSKOG TAJKUNA!</article-title>
        <article-title-transliterated>SVAKI DAN DRUGI DEČKO: Šavija ZAMENILA Cecinog brata za RUSKOG TAJKUNA!
        </article-title-transliterated>
        <article-time>2015-10-07</article-time>
        <article-author>Srbija Danas</article-author>
        <article-text>On joj ispunjava sve želje, a dobila je i skupocen automobil od njega.
            Nakon što se pojavila vest da je Nataša Šavija u vezi sa Cecinim bratom, Milanom Marinkovićem, i da joj je
            lepo sa njim, Šavija se predomislila i zamenila Milana ni manje ni više nego za ruskog tajkuna. Ona sada
            kaže da joj je i sa njim lepo i da ispunjava sve njene želje.
            Tako joj je nedavno kupio automobil BMW X6, čija cena se kreće, u zavisnoti od opreme, kreće u rasponu od
            79-102 hiljada evra, i koji je na sebi imao veliku crvenu mašnu.
            - Ne mogu da vas lažem kada ste me već uslikali, dobila sam automobil. Srećna sam i zaljubljena. On mi sve
            želje ispunjava, ali više nisam u rijalitiju i za sada bih svoju jaču polovinu ostavila samo za sebe - rekla
            je Šavija, piše Alo.
            U rijalitijima sve je zanimljivije, te je tako na "Farmi" Jelena Krunić je ponovo pomešala tablete i alkohol
            zbog čega je pobegla sa imanja, a o tome čitajte OVDE! Šta je Kristijan rekao i kako podnosi ulazak kraljice
            silikona čitajte OVDE! A zbog čega će Maja Nikolić pobeći u Kristijanov krevet saznajte OVDE!
            Prethodno je bilo veoma burno i kod njihovih kolega u vili "Parova". Šta je sin Vesne Rivas rekao o Ružici i
            navodnoj trudnoći saznajte OVDE! Zbog čega je Slađa tukla časne sestre otkrijte OVDE! A koja ukućanka je
            očarala Avu saznajte OVDE!
        </article-text>
        <article-text-transliterated>On joj ispunjava sve želje, a dobila je i skupocen automobil od njega.
            Nakon što se pojavila vest da je Nataša Šavija u vezi sa Cecinim bratom, Milanom Marinkovićem, i da joj je
            lepo sa njim, Šavija se predomislila i zamenila Milana ni manje ni više nego za ruskog tajkuna. Ona sada
            kaže da joj je i sa njim lepo i da ispunjava sve njene želje.
            Tako joj je nedavno kupio automobil BMW X6, čija cena se kreće, u zavisnoti od opreme, kreće u rasponu od
            79-102 hiljada evra, i koji je na sebi imao veliku crvenu mašnu.
            - Ne mogu da vas lažem kada ste me već uslikali, dobila sam automobil. Srećna sam i zaljubljena. On mi sve
            želje ispunjava, ali više nisam u rijalitiju i za sada bih svoju jaču polovinu ostavila samo za sebe - rekla
            je Šavija, piše Alo.
            U rijalitijima sve je zanimljivije, te je tako na "Farmi" Jelena Krunić je ponovo pomešala tablete i alkohol
            zbog čega je pobegla sa imanja, a o tome čitajte OVDE! Šta je Kristijan rekao i kako podnosi ulazak kraljice
            silikona čitajte OVDE! A zbog čega će Maja Nikolić pobeći u Kristijanov krevet saznajte OVDE!
            Prethodno je bilo veoma burno i kod njihovih kolega u vili "Parova". Šta je sin Vesne Rivas rekao o Ružici i
            navodnoj trudnoći saznajte OVDE! Zbog čega je Slađa tukla časne sestre otkrijte OVDE! A koja ukućanka je
            očarala Avu saznajte OVDE!
        </article-text-transliterated>
    </article>
    <comments>
        <comments-count>0</comments-count>
        <comment-list/>
    </comments>
</document>