<document global-id="sr-05-10264">
    <url>
        https://www.srbijadanas.com/vesti/info/snazna-poruka-izraelskog-predsednika-zemun-ima-autorska-prava-u-stvaranju-cionizma-foto-2018-07-26
    </url>
    <source-id>sr-05</source-id>
    <local-id>10264</local-id>
    <source-name>Srbija_danas</source-name>
    <article>
        <article-title>Snažna poruka izraelskog predsednika: Zemun ima "autorska prava" u stvaranju cionizma (FOTO)
        </article-title>
        <article-title-transliterated>Snažna poruka izraelskog predsednika: Zemun ima "autorska prava" u stvaranju
            cionizma (FOTO)
        </article-title-transliterated>
        <article-time>2018-07-26</article-time>
        <article-author>Tanjug</article-author>
        <article-text>Rivlin je naglasio da se danas, imenujući jednu ulicu Herclovim imenom, učvršćuje duboka veza
            između Zemuna i Jerusalima.
            Ako je Teodor Hercl rekao da je u Bazelu ustanovio jevrejsku državu, onda su ovde u Zemunu "posađene prve
            mladice" države Izrael, rekao je danas predsednik Izraela Ruven Rivlin na ceremoniji otkrivanja table sa
            imenom Hercla, po kojem će se zvati jedna ulica u Zemunu. 
            - Zemun ima ''autorska prava'' u stvaranju cionizma - podvukao je Rivlin, koji se okupljenima obratio na
            hebrejskom jeziku u čast, kako je rekao, svih Jevreja koji su prisustvovali događaju.
            Rivlin je naglasio da se danas, imenujući jednu ulicu Herclovim imenom, učvršćuje duboka veza između Zemuna
            i Jerusalima, između Srbije i Izraela.
            Kako je rekao, biti danas u Zemunu, za njega, kao Jevrejina, predstavlja veliku čast.
            - Izuzetna je čast biti ovde kao predsednik Izraela - zemlje koja je kao vizija postojala u srcima i dušama
            ljudi, koji su postavili temelje cionističkog pokreta mnogo godina pre nego što je država formalno
            uspostavljena - istakao je Rivlin.

            Podsetio je na rabina Jehudu Alkalaja, jednog od preteče cionizma, koji je bio glavni rabin Zemuna, opisavši
            ga kao čoveka vere i čoveka od akcije.
            - Kada je Alkalaj sanjao o povratku jevrejskog naroda u svoju otadžbinu, sanjao je i ostvaranje sopstvenog
            sna. Imao je realističan politički plan o uspostavljanju suverene domovine na tlu Izraela. Srbija je bila
            jedna od prvih država koja je priznala Balfurovu deklaraciju 1917. godine - podvukao je Rivlin.
            Kako je rekao, Alkalaj je svoj plan zapisao u knjizi "Božja sudbina", a od svih Alkalajevih učenika, jedan
            mu je posebno pomogao u štampanju i objavljivanju knjige - Jakov Hercl.
            Mnogo godina kasnije, Jakov je dobio sina - Benjamina Zeeva Teodora Hercla, koji je u jevrejskoj,
            cionističkoj i izraelskoj istoriji upisan kao vizionar države Izrael i njen tvorac, naveo je predsednik
            Izraela.
            - I ovim činom, svakom detetu želimo da pokažemo da se snovi ostvaruju i da svaki čovek može da postane neko
            ko će promeniti svet. ''Ako nešto želiš, onda to više nije san'', napisao je Hercl u knjizi ''Stara zemlja,
            Nova zemlja'', dodajući ''a ako ne želis, onda san ostaje samo san'' - naveo je Rivlin.
        </article-text>
        <article-text-transliterated>Rivlin je naglasio da se danas, imenujući jednu ulicu Herclovim imenom, učvršćuje
            duboka veza između Zemuna i Jerusalima.
            Ako je Teodor Hercl rekao da je u Bazelu ustanovio jevrejsku državu, onda su ovde u Zemunu "posađene prve
            mladice" države Izrael, rekao je danas predsednik Izraela Ruven Rivlin na ceremoniji otkrivanja table sa
            imenom Hercla, po kojem će se zvati jedna ulica u Zemunu. 
            - Zemun ima ''autorska prava'' u stvaranju cionizma - podvukao je Rivlin, koji se okupljenima obratio na
            hebrejskom jeziku u čast, kako je rekao, svih Jevreja koji su prisustvovali događaju.
            Rivlin je naglasio da se danas, imenujući jednu ulicu Herclovim imenom, učvršćuje duboka veza između Zemuna
            i Jerusalima, između Srbije i Izraela.
            Kako je rekao, biti danas u Zemunu, za njega, kao Jevrejina, predstavlja veliku čast.
            - Izuzetna je čast biti ovde kao predsednik Izraela - zemlje koja je kao vizija postojala u srcima i dušama
            ljudi, koji su postavili temelje cionističkog pokreta mnogo godina pre nego što je država formalno
            uspostavljena - istakao je Rivlin.

            Podsetio je na rabina Jehudu Alkalaja, jednog od preteče cionizma, koji je bio glavni rabin Zemuna, opisavši
            ga kao čoveka vere i čoveka od akcije.
            - Kada je Alkalaj sanjao o povratku jevrejskog naroda u svoju otadžbinu, sanjao je i ostvaranje sopstvenog
            sna. Imao je realističan politički plan o uspostavljanju suverene domovine na tlu Izraela. Srbija je bila
            jedna od prvih država koja je priznala Balfurovu deklaraciju 1917. godine - podvukao je Rivlin.
            Kako je rekao, Alkalaj je svoj plan zapisao u knjizi "Božja sudbina", a od svih Alkalajevih učenika, jedan
            mu je posebno pomogao u štampanju i objavljivanju knjige - Jakov Hercl.
            Mnogo godina kasnije, Jakov je dobio sina - Benjamina Zeeva Teodora Hercla, koji je u jevrejskoj,
            cionističkoj i izraelskoj istoriji upisan kao vizionar države Izrael i njen tvorac, naveo je predsednik
            Izraela.
            - I ovim činom, svakom detetu želimo da pokažemo da se snovi ostvaruju i da svaki čovek može da postane neko
            ko će promeniti svet. ''Ako nešto želiš, onda to više nije san'', napisao je Hercl u knjizi ''Stara zemlja,
            Nova zemlja'', dodajući ''a ako ne želis, onda san ostaje samo san'' - naveo je Rivlin.
        </article-text-transliterated>
    </article>
    <comments>
        <comments-count>12</comments-count>
        <comment-list>
            <comment comment-id="1">
                <comment-parent-id/>
                <comment-text>Jača veza između Srbije i Izraela.</comment-text>
                <comment-text-transliterated>Jača veza između Srbije i Izraela.</comment-text-transliterated>
            </comment>
            <comment comment-id="2">
                <comment-parent-id/>
                <comment-text>I nas narod je propatio puno kao i oni.</comment-text>
                <comment-text-transliterated>I nas narod je propatio puno kao i oni.</comment-text-transliterated>
            </comment>
            <comment comment-id="3">
                <comment-parent-id/>
                <comment-text>Takvi i treba da se nadju sa imenom za ulicu.</comment-text>
                <comment-text-transliterated>Takvi i treba da se nadju sa imenom za ulicu.</comment-text-transliterated>
            </comment>
            <comment comment-id="4">
                <comment-parent-id/>
                <comment-text>Hvala predsedniku Izraela na snaznoj poruci,</comment-text>
                <comment-text-transliterated>Hvala predsedniku Izraela na snaznoj poruci,</comment-text-transliterated>
            </comment>
            <comment comment-id="5">
                <comment-parent-id/>
                <comment-text>Vecina ne zna sta znaci cionizam. To nije nikakva zavera. Svij Jevreji su cionisti ali i
                    mnogi nejevreji. Cionizsm je pokret za zivot drzave Izrael., najpre za ponovno radjanje a posle i
                    njen opstanak. Mnogi srbi su cionisti, mnogi rusi, ameri, francuzi, englezi, pa cak i nemci. Recimo
                    Putin je cionista. Tramp isto tako.
                </comment-text>
                <comment-text-transliterated>Vecina ne zna sta znaci cionizam. To nije nikakva zavera. Svij Jevreji su
                    cionisti ali i mnogi nejevreji. Cionizsm je pokret za zivot drzave Izrael., najpre za ponovno
                    radjanje a posle i njen opstanak. Mnogi srbi su cionisti, mnogi rusi, ameri, francuzi, englezi, pa
                    cak i nemci. Recimo Putin je cionista. Tramp isto tako.
                </comment-text-transliterated>
            </comment>
            <comment comment-id="6">
                <comment-parent-id/>
                <comment-text>Zemunci, ponosite se! Za vas je čuo ceo svet!</comment-text>
                <comment-text-transliterated>Zemunci, ponosite se! Za vas je čuo ceo svet!</comment-text-transliterated>
            </comment>
            <comment comment-id="7">
                <comment-parent-id/>
                <comment-text>Puno toga imamo zajednickog.</comment-text>
                <comment-text-transliterated>Puno toga imamo zajednickog.</comment-text-transliterated>
            </comment>
            <comment comment-id="8">
                <comment-parent-id/>
                <comment-text>Jedan vid zahvalnosti i postovanja je i ova ulica</comment-text>
                <comment-text-transliterated>Jedan vid zahvalnosti i postovanja je i ova ulica
                </comment-text-transliterated>
            </comment>
            <comment comment-id="9">
                <comment-parent-id/>
                <comment-text>Svaki covek moze postati neko ako to zeli</comment-text>
                <comment-text-transliterated>Svaki covek moze postati neko ako to zeli</comment-text-transliterated>
            </comment>
            <comment comment-id="10">
                <comment-parent-id/>
                <comment-text>Naše prijateljstvo traje odavno i u dobru i u zlu.</comment-text>
                <comment-text-transliterated>Naše prijateljstvo traje odavno i u dobru i u zlu.
                </comment-text-transliterated>
            </comment>
            <comment comment-id="11">
                <comment-parent-id/>
                <comment-text>Oduvek smo bili povezani sa jevrejskim narodom, ovim putem samo to još više potvrđujemo i
                    učvršćujemo.
                </comment-text>
                <comment-text-transliterated>Oduvek smo bili povezani sa jevrejskim narodom, ovim putem samo to još više
                    potvrđujemo i učvršćujemo.
                </comment-text-transliterated>
            </comment>
            <comment comment-id="12">
                <comment-parent-id/>
                <comment-text>Iste patnje Drugog svetskog rata, isto postovanje zrtava.Najvise vojne pocasti za
                    predsednika Izraela opravdavaju i govore o postovanju izraelskog predsednika
                </comment-text>
                <comment-text-transliterated>Iste patnje Drugog svetskog rata, isto postovanje zrtava.Najvise vojne
                    pocasti za predsednika Izraela opravdavaju i govore o postovanju izraelskog predsednika
                </comment-text-transliterated>
            </comment>
        </comment-list>
    </comments>
</document>