<document global-id="sr-05-10453">
    <url>
        https://www.srbijadanas.com/vesti/info/svi-su-se-pitali-sta-znace-ove-reci-na-urni-mire-markovic-evo-i-odgovora-foto-2019-04-20
    </url>
    <source-id>sr-05</source-id>
    <local-id>10453</local-id>
    <source-name>Srbija_danas</source-name>
    <article>
        <article-title>Svi su se pitali šta znače OVE REČI na urni MIRE MARKOVIĆ - EVO I ODGOVORA (FOTO)</article-title>
        <article-title-transliterated>Svi su se pitali šta znače OVE REČI na urni MIRE MARKOVIĆ - EVO I ODGOVORA
            (FOTO)
        </article-title-transliterated>
        <article-time>2019-04-20</article-time>
        <article-author>Srbija Danas</article-author>
        <article-text>Veliki broj građana je otišao da uputi poslednji pozdrav, a pored budućeg večnog počivališta
            Miloševićeve supruge urnu drži Slobodan Bulatović, bivši muž Marije Milošević.
            Kremaciji je prisustvovao sin Marko Milošević, a na oproštaju su s mnogo ljubavi i pijeteta govorili Sergej
            Nikolajevič Baburin, akademik i nekadašnji potpredsednik ruske Dume, i Vladimir Ivanovič Dobrenkov,
            prorektor Moskovskog državnog univerziteta Lomonosov na kojem je Mira Marković, kao doktor sociologije, bila
            počasni profesor.
            Međutim, svi su se pitali šta znače reči koje su ispisane na urni Mire Marković. Stajalo je "Mirjana
            Markovič Moma", na ruskom jeziku. 
            Mira Marković je živela u Rusiji, gde je i umrla.
            Moma Marković bio je otac Mirjane Marković. Bio je učesnik Narodnooslobodilačke borbe, društveno-politički
            radnik SFRJ i SR Srbije, junak socijalističkog rada i narodni heroj Jugoslavije.
            Umro u Beogradu 7. avgusta 1992. godine. Kremiran je sahranjen na Novom groblju u Beogradu.
        </article-text>
        <article-text-transliterated>Veliki broj građana je otišao da uputi poslednji pozdrav, a pored budućeg večnog
            počivališta Miloševićeve supruge urnu drži Slobodan Bulatović, bivši muž Marije Milošević.
            Kremaciji je prisustvovao sin Marko Milošević, a na oproštaju su s mnogo ljubavi i pijeteta govorili Sergej
            Nikolajevič Baburin, akademik i nekadašnji potpredsednik ruske Dume, i Vladimir Ivanovič Dobrenkov,
            prorektor Moskovskog državnog univerziteta Lomonosov na kojem je Mira Marković, kao doktor sociologije, bila
            počasni profesor.
            Međutim, svi su se pitali šta znače reči koje su ispisane na urni Mire Marković. Stajalo je "Mirjana
            Markovič Moma", na ruskom jeziku. 
            Mira Marković je živela u Rusiji, gde je i umrla.
            Moma Marković bio je otac Mirjane Marković. Bio je učesnik Narodnooslobodilačke borbe, društveno-politički
            radnik SFRJ i SR Srbije, junak socijalističkog rada i narodni heroj Jugoslavije.
            Umro u Beogradu 7. avgusta 1992. godine. Kremiran je sahranjen na Novom groblju u Beogradu.
        </article-text-transliterated>
    </article>
    <comments>
        <comments-count>0</comments-count>
        <comment-list/>
    </comments>
</document>