<document global-id="sr-05-10406">
    <url>
        https://www.srbijadanas.com/biz/vesti/svaka-druga-bandera-u-beogradu-ima-ovaj-oglas-niko-ne-zna-sta-je-u-pitanju-2017-08-30
    </url>
    <source-id>sr-05</source-id>
    <local-id>10406</local-id>
    <source-name>Srbija_danas</source-name>
    <article>
        <article-title>Svaka druga bandera u Beogradu ima OVAJ OGLAS, a niko NE ZNA šta je u pitanju!</article-title>
        <article-title-transliterated>Svaka druga bandera u Beogradu ima OVAJ OGLAS, a niko NE ZNA šta je u pitanju!
        </article-title-transliterated>
        <article-time>2017-08-30</article-time>
        <article-author>Srbija Danas</article-author>
        <article-text>Nemaju pojma čemu je namenjen.
            Ceo Beograd preplavljen je brojnim oglasima i plaketama, što na oglasnim tablama, što na banderama.
            Uskoro kreće nova školska godina, kao i novi semestar za studente, pa se zbog toga najveći broj oglasa
            odnosi na iznajmljivanje stanova. Pored njih, često se mogu naći ponude za privatne časove straniih jezika,
            matematike, hemije i drugih predmeta, a videli smo i one vezane za prodaju automobila, stanova, životinja
            ili one koji vam nude tehničke usluge oko prevoza ili selidbe nameštaja itd.
            Prodavci sladoleda iz Beograda otkrili koliko KILOGRAMA dnevno prodaju, i zašto su satima BEZ IJEDNE
            MUŠTERIJE!
            Ovaj BROJ se najčešće javlja u DOBITNIM kombinacijama na lotu, a evo i koji su NAJREĐI!
            Međutim, postoji i jedan oglas za koga mnogi Beograđani nemaju pojma čemu je namenjen, a može se naći na
            svakoj drugoj banderi. Reč je o "kamagri". 
            Za sve one koji nisu znali, kamagra je prirodni preparat za potenciju muškaraca, sa odličnim efektima za sve
            one koji imaju između 18 i 45 godina. Dakle, u pitanju je afrodizijak koji je u prodaji premašio čak
            i vijagru, a kako navode na internetu, proizvodi se i sa voćnim ukusima.
            Kod ovog oglasa dostava je čak i besplatna.
        </article-text>
        <article-text-transliterated>Nemaju pojma čemu je namenjen.
            Ceo Beograd preplavljen je brojnim oglasima i plaketama, što na oglasnim tablama, što na banderama.
            Uskoro kreće nova školska godina, kao i novi semestar za studente, pa se zbog toga najveći broj oglasa
            odnosi na iznajmljivanje stanova. Pored njih, često se mogu naći ponude za privatne časove straniih jezika,
            matematike, hemije i drugih predmeta, a videli smo i one vezane za prodaju automobila, stanova, životinja
            ili one koji vam nude tehničke usluge oko prevoza ili selidbe nameštaja itd.
            Prodavci sladoleda iz Beograda otkrili koliko KILOGRAMA dnevno prodaju, i zašto su satima BEZ IJEDNE
            MUŠTERIJE!
            Ovaj BROJ se najčešće javlja u DOBITNIM kombinacijama na lotu, a evo i koji su NAJREĐI!
            Međutim, postoji i jedan oglas za koga mnogi Beograđani nemaju pojma čemu je namenjen, a može se naći na
            svakoj drugoj banderi. Reč je o "kamagri". 
            Za sve one koji nisu znali, kamagra je prirodni preparat za potenciju muškaraca, sa odličnim efektima za sve
            one koji imaju između 18 i 45 godina. Dakle, u pitanju je afrodizijak koji je u prodaji premašio čak
            i vijagru, a kako navode na internetu, proizvodi se i sa voćnim ukusima.
            Kod ovog oglasa dostava je čak i besplatna.
        </article-text-transliterated>
    </article>
    <comments>
        <comments-count>0</comments-count>
        <comment-list/>
    </comments>
</document>