<document global-id="sr-05-10411">
    <url>
        https://www.srbijadanas.com/vesti/beogradski-izbori/radulovic-porucio-dilasu-moras-da-se-izvinis-beogradanima-2018-02-11
    </url>
    <source-id>sr-05</source-id>
    <local-id>10411</local-id>
    <source-name>Srbija_danas</source-name>
    <article>
        <article-title>Svađa u opoziciji se nastavlja! Radulović isprozivao Đilasa na Tviteru (FOTO)</article-title>
        <article-title-transliterated>Svađa u opoziciji se nastavlja! Radulović isprozivao Đilasa na Tviteru (FOTO)
        </article-title-transliterated>
        <article-time>2018-02-11</article-time>
        <article-author>Srbija Danas/ Informer</article-author>
        <article-text>Ne kopiraj moj predizborni program.
            Lider pokreta Dosta je bilo Saša Radulović posle višednevnog razobličavanja političkog delovanja Aleksandra
            Šapića počeo je na Tviteru žestoko da proziva Đilasa optužujući ga da je prekopirao njegov predizborni
            program za Beograd.
            - Mnogo nam je drago da je programska tačka DJB o besplatnim vrtićima postala deo programa ostalih
            političkih opcija. Cena je oko 30 miliona evra na godišnjem nivou. Još samo da kažu kako će to da plate. DJB
            kaže: oporezovanje neizgrađenog građevinskog zemljište tajkuna - napisao je Radulović linkujući
            Đilasov tvit u kojem obećava besplatna obdaništa za Beograđane.
            Radulović je zatim izrazio nadu da će Đilas priznati Beograđanima da je pogrešio što je veliki broj njih,
            dok je on bio gradonačelnik, preskupo plaćao cenu vrtića:

            - Nadamo se takođe, da će posle usvajanja ove tačke programa DJB, bivši gradonačelnik prihvatiti da kaže da
            je pogrešio što je veliki broj Beograđana preplaćivao cenu vrtića za njegovog mandata, izviniti se i
            prihvatiti DJB tačku programa da Beograd vrati roditeljima te pare.
            Za kraj je usledila najžešća Radulovićeva prozivka:
            - Nadamo se i da će bivši gradonačelnik prihvatiti POTPUNU transparentnost, izviniti se Beograđanima za sve
            tajne ugovore koje je potpisao, počev od ugovora za Bus Plus i obezbedi da i njegovi koalicioni partneri
            poštuju POTPUNU transparentnost. Recimo Dušan Petrović u Šapcu.
            Zukorlićeva SPP predala listu za beogradske izbore: Kandidat za gradonačelnika Nenad Prokić
        </article-text>
        <article-text-transliterated>Ne kopiraj moj predizborni program.
            Lider pokreta Dosta je bilo Saša Radulović posle višednevnog razobličavanja političkog delovanja Aleksandra
            Šapića počeo je na Tviteru žestoko da proziva Đilasa optužujući ga da je prekopirao njegov predizborni
            program za Beograd.
            - Mnogo nam je drago da je programska tačka DJB o besplatnim vrtićima postala deo programa ostalih
            političkih opcija. Cena je oko 30 miliona evra na godišnjem nivou. Još samo da kažu kako će to da plate. DJB
            kaže: oporezovanje neizgrađenog građevinskog zemljište tajkuna - napisao je Radulović linkujući
            Đilasov tvit u kojem obećava besplatna obdaništa za Beograđane.
            Radulović je zatim izrazio nadu da će Đilas priznati Beograđanima da je pogrešio što je veliki broj njih,
            dok je on bio gradonačelnik, preskupo plaćao cenu vrtića:

            - Nadamo se takođe, da će posle usvajanja ove tačke programa DJB, bivši gradonačelnik prihvatiti da kaže da
            je pogrešio što je veliki broj Beograđana preplaćivao cenu vrtića za njegovog mandata, izviniti se i
            prihvatiti DJB tačku programa da Beograd vrati roditeljima te pare.
            Za kraj je usledila najžešća Radulovićeva prozivka:
            - Nadamo se i da će bivši gradonačelnik prihvatiti POTPUNU transparentnost, izviniti se Beograđanima za sve
            tajne ugovore koje je potpisao, počev od ugovora za Bus Plus i obezbedi da i njegovi koalicioni partneri
            poštuju POTPUNU transparentnost. Recimo Dušan Petrović u Šapcu.
            Zukorlićeva SPP predala listu za beogradske izbore: Kandidat za gradonačelnika Nenad Prokić
        </article-text-transliterated>
    </article>
    <comments>
        <comments-count>73</comments-count>
        <comment-list>
            <comment comment-id="1">
                <comment-parent-id/>
                <comment-text>Opozicija se prepucava i tvituje,ne radi ništa.Onda se nakon izbora kao nešto iznenade što
                    su izgubli,zovu par ljudi u setnju i to je to...Jad od srpske opozicije
                </comment-text>
                <comment-text-transliterated>Opozicija se prepucava i tvituje,ne radi ništa.Onda se nakon izbora kao
                    nešto iznenade što su izgubli,zovu par ljudi u setnju i to je to...Jad od srpske opozicije
                </comment-text-transliterated>
            </comment>
            <comment comment-id="2">
                <comment-parent-id/>
                <comment-text>I Djilas i Radulovic su dva foliranta koji samo gledaju svoje interese i kako da na
                    pokvaren nacin dodju do cilja..
                </comment-text>
                <comment-text-transliterated>I Djilas i Radulovic su dva foliranta koji samo gledaju svoje interese i
                    kako da na pokvaren nacin dodju do cilja..
                </comment-text-transliterated>
            </comment>
            <comment comment-id="3">
                <comment-parent-id/>
                <comment-text>Opozicija bi mogla neki program da nam kaze,ako ima..Tokom cele kampanje samo se
                    prepucavaju i tvituju
                </comment-text>
                <comment-text-transliterated>Opozicija bi mogla neki program da nam kaze,ako ima..Tokom cele kampanje
                    samo se prepucavaju i tvituju
                </comment-text-transliterated>
            </comment>
            <comment comment-id="4">
                <comment-parent-id/>
                <comment-text>Ovo nema ni u Spanskim serijama</comment-text>
                <comment-text-transliterated>Ovo nema ni u Spanskim serijama</comment-text-transliterated>
            </comment>
            <comment comment-id="5">
                <comment-parent-id/>
                <comment-text>Opozicija vise ne zna sta ce od svoje bahatosti pa se medjusobno prozivaju i ne podnose,
                    ali kako god okrenu cinjenica je da su gubitnici..
                </comment-text>
                <comment-text-transliterated>Opozicija vise ne zna sta ce od svoje bahatosti pa se medjusobno prozivaju
                    i ne podnose, ali kako god okrenu cinjenica je da su gubitnici..
                </comment-text-transliterated>
            </comment>
            <comment comment-id="6">
                <comment-parent-id/>
                <comment-text>Opozicija je kao u spanskoj seriji</comment-text>
                <comment-text-transliterated>Opozicija je kao u spanskoj seriji</comment-text-transliterated>
            </comment>
            <comment comment-id="7">
                <comment-parent-id/>
                <comment-text>Totalno rasulo opozicije.</comment-text>
                <comment-text-transliterated>Totalno rasulo opozicije.</comment-text-transliterated>
            </comment>
            <comment comment-id="8">
                <comment-parent-id/>
                <comment-text>Sta se desava sa opozicijom, kopiraju jedan program, kad budu ispod cenzusa pitace se zbog
                    cega.
                </comment-text>
                <comment-text-transliterated>Sta se desava sa opozicijom, kopiraju jedan program, kad budu ispod cenzusa
                    pitace se zbog cega.
                </comment-text-transliterated>
            </comment>
            <comment comment-id="9">
                <comment-parent-id/>
                <comment-text>Do izbore svi medjusobno ce se posvadjati.</comment-text>
                <comment-text-transliterated>Do izbore svi medjusobno ce se posvadjati.</comment-text-transliterated>
            </comment>
            <comment comment-id="10">
                <comment-parent-id/>
                <comment-text>Svadja samo pokazatelj nejedinstva u opoziciji!</comment-text>
                <comment-text-transliterated>Svadja samo pokazatelj nejedinstva u opoziciji!
                </comment-text-transliterated>
            </comment>
            <comment comment-id="11">
                <comment-parent-id/>
                <comment-text>Vidi se koji je njihov nivo,preko Twittera se svadjaju.</comment-text>
                <comment-text-transliterated>Vidi se koji je njihov nivo,preko Twittera se svadjaju.
                </comment-text-transliterated>
            </comment>
            <comment comment-id="12">
                <comment-parent-id/>
                <comment-text>Opozicija svadjom samo dokazuje svoju velicinu i kvalitet!</comment-text>
                <comment-text-transliterated>Opozicija svadjom samo dokazuje svoju velicinu i kvalitet!
                </comment-text-transliterated>
            </comment>
            <comment comment-id="13">
                <comment-parent-id/>
                <comment-text>OPOZICIONOJ KOMEDIJI NIKAD KRAJA.</comment-text>
                <comment-text-transliterated>OPOZICIONOJ KOMEDIJI NIKAD KRAJA.</comment-text-transliterated>
            </comment>
            <comment comment-id="14">
                <comment-parent-id/>
                <comment-text>prosto ne znam koji je veci lopov od koga.</comment-text>
                <comment-text-transliterated>prosto ne znam koji je veci lopov od koga.</comment-text-transliterated>
            </comment>
            <comment comment-id="15">
                <comment-parent-id/>
                <comment-text>Đilas mora nešto da ukrade, pa makar i ideju. Navika je čudo!</comment-text>
                <comment-text-transliterated>Đilas mora nešto da ukrade, pa makar i ideju. Navika je čudo!
                </comment-text-transliterated>
            </comment>
            <comment comment-id="16">
                <comment-parent-id/>
                <comment-text>Samo neka se prepucavaju, tako sebi spustaju cenu, a najbolji ostaju tamo gde su sad, tako
                    da sve to govori o njima.
                </comment-text>
                <comment-text-transliterated>Samo neka se prepucavaju, tako sebi spustaju cenu, a najbolji ostaju tamo
                    gde su sad, tako da sve to govori o njima.
                </comment-text-transliterated>
            </comment>
            <comment comment-id="17">
                <comment-parent-id/>
                <comment-text>Zabavno je pratiti medjusobne optuzbe opozicije, nisu ni svesni koliko nam samo potvrda
                    daju svojih kriminalnih radnji. Znaju jedni o drugima sve, jedni druge drze u saci jer svi imaju
                    putera na glavi.
                </comment-text>
                <comment-text-transliterated>Zabavno je pratiti medjusobne optuzbe opozicije, nisu ni svesni koliko nam
                    samo potvrda daju svojih kriminalnih radnji. Znaju jedni o drugima sve, jedni druge drze u saci jer
                    svi imaju putera na glavi.
                </comment-text-transliterated>
            </comment>
            <comment comment-id="18">
                <comment-parent-id/>
                <comment-text>Opozicija zeli svim gradjanima Beograda da obeca sve i sve probleme odjednom da resi i ako
                    to neki nisu uspeli i za vise decenija.
                </comment-text>
                <comment-text-transliterated>Opozicija zeli svim gradjanima Beograda da obeca sve i sve probleme
                    odjednom da resi i ako to neki nisu uspeli i za vise decenija.
                </comment-text-transliterated>
            </comment>
            <comment comment-id="19">
                <comment-parent-id/>
                <comment-text>Celokupna opozicija ima isti program a jedino sto stvarno svi zele jeste da smene SNS koje
                    sigurno nece uspeti.
                </comment-text>
                <comment-text-transliterated>Celokupna opozicija ima isti program a jedino sto stvarno svi zele jeste da
                    smene SNS koje sigurno nece uspeti.
                </comment-text-transliterated>
            </comment>
            <comment comment-id="20">
                <comment-parent-id/>
                <comment-text>Spanska sapunica se nastavlja videcemo kakav ce joj biti kraj mada to i oni sami znaju
                </comment-text>
                <comment-text-transliterated>Spanska sapunica se nastavlja videcemo kakav ce joj biti kraj mada to i oni
                    sami znaju
                </comment-text-transliterated>
            </comment>
            <comment comment-id="21">
                <comment-parent-id/>
                <comment-text>Ova opozicija je smešna, zlo da oni vladaju Beogradom.</comment-text>
                <comment-text-transliterated>Ova opozicija je smešna, zlo da oni vladaju Beogradom.
                </comment-text-transliterated>
            </comment>
            <comment comment-id="22">
                <comment-parent-id/>
                <comment-text>Opozicija nam je propast!</comment-text>
                <comment-text-transliterated>Opozicija nam je propast!</comment-text-transliterated>
            </comment>
            <comment comment-id="23">
                <comment-parent-id/>
                <comment-text>Opozicija kakvu mi imamo je sramota za politicku scenu Srbije. Nastavljaju sa prljavom
                    kampanjom, i prebacivanjem odgovornosti u sred kampanje, bez ikakvog postovanja prema narodu Srbije.
                </comment-text>
                <comment-text-transliterated>Opozicija kakvu mi imamo je sramota za politicku scenu Srbije. Nastavljaju
                    sa prljavom kampanjom, i prebacivanjem odgovornosti u sred kampanje, bez ikakvog postovanja prema
                    narodu Srbije.
                </comment-text-transliterated>
            </comment>
            <comment comment-id="24">
                <comment-parent-id/>
                <comment-text>Ponovo na delu cuvena Tviter politika srpske opozicije.</comment-text>
                <comment-text-transliterated>Ponovo na delu cuvena Tviter politika srpske opozicije.
                </comment-text-transliterated>
            </comment>
            <comment comment-id="25">
                <comment-parent-id/>
                <comment-text>Zato i ima 15 lista na gradskim izborima</comment-text>
                <comment-text-transliterated>Zato i ima 15 lista na gradskim izborima</comment-text-transliterated>
            </comment>
            <comment comment-id="26">
                <comment-parent-id/>
                <comment-text>Opozicija u Srbiji je tolika smesna da je to neverovatno, opet pokazuju da nisu dorasli
                    zadatku.
                </comment-text>
                <comment-text-transliterated>Opozicija u Srbiji je tolika smesna da je to neverovatno, opet pokazuju da
                    nisu dorasli zadatku.
                </comment-text-transliterated>
            </comment>
            <comment comment-id="27">
                <comment-parent-id/>
                <comment-text>Isti su pa se prepucavaju preko tvitera. Ni jedan ni drugi nemaju nikakav program i ne
                    znaju ništa osim da otimaju od građana.
                </comment-text>
                <comment-text-transliterated>Isti su pa se prepucavaju preko tvitera. Ni jedan ni drugi nemaju nikakav
                    program i ne znaju ništa osim da otimaju od građana.
                </comment-text-transliterated>
            </comment>
            <comment comment-id="28">
                <comment-parent-id/>
                <comment-text>Ko zna sta ce sve biti do kraja kampanje i sta ce sve jedni o drugima da otkriju i kazu.
                </comment-text>
                <comment-text-transliterated>Ko zna sta ce sve biti do kraja kampanje i sta ce sve jedni o drugima da
                    otkriju i kazu.
                </comment-text-transliterated>
            </comment>
            <comment comment-id="29">
                <comment-parent-id/>
                <comment-text>Udario lopov na lopova!</comment-text>
                <comment-text-transliterated>Udario lopov na lopova!</comment-text-transliterated>
            </comment>
            <comment comment-id="30">
                <comment-parent-id/>
                <comment-text>Saša Radulović ponekada je i u pravu.</comment-text>
                <comment-text-transliterated>Saša Radulović ponekada je i u pravu.</comment-text-transliterated>
            </comment>
            <comment comment-id="31">
                <comment-parent-id/>
                <comment-text>Uživam da gledam kako iznose sav prljav veš!</comment-text>
                <comment-text-transliterated>Uživam da gledam kako iznose sav prljav veš!</comment-text-transliterated>
            </comment>
            <comment comment-id="32">
                <comment-parent-id/>
                <comment-text>Djilas nema strucne ljude da mu napisu program pa mora da krade.</comment-text>
                <comment-text-transliterated>Djilas nema strucne ljude da mu napisu program pa mora da krade.
                </comment-text-transliterated>
            </comment>
            <comment comment-id="33">
                <comment-parent-id/>
                <comment-text>Samo neka oni trose sebe jedni na druge, a ne preko ledja gradjana Srbije.</comment-text>
                <comment-text-transliterated>Samo neka oni trose sebe jedni na druge, a ne preko ledja gradjana
                    Srbije.
                </comment-text-transliterated>
            </comment>
            <comment comment-id="34">
                <comment-parent-id/>
                <comment-text>Rasulo u opoziciji.</comment-text>
                <comment-text-transliterated>Rasulo u opoziciji.</comment-text-transliterated>
            </comment>
            <comment comment-id="35">
                <comment-parent-id/>
                <comment-text>Totalno rasulo i haos u opoziciji, ovo sve vise lici na spansku sapunicu</comment-text>
                <comment-text-transliterated>Totalno rasulo i haos u opoziciji, ovo sve vise lici na spansku sapunicu
                </comment-text-transliterated>
            </comment>
            <comment comment-id="36">
                <comment-parent-id/>
                <comment-text>Dokle više narod mora da trpi ove svađe opozicije, stvarno su preterali.</comment-text>
                <comment-text-transliterated>Dokle više narod mora da trpi ove svađe opozicije, stvarno su preterali.
                </comment-text-transliterated>
            </comment>
            <comment comment-id="37">
                <comment-parent-id/>
                <comment-text>Nikad kraja njihovim prozivkama i svađama.</comment-text>
                <comment-text-transliterated>Nikad kraja njihovim prozivkama i svađama.</comment-text-transliterated>
            </comment>
            <comment comment-id="38">
                <comment-parent-id/>
                <comment-text>Za cirkuske predstave zaduzena je opozicija.</comment-text>
                <comment-text-transliterated>Za cirkuske predstave zaduzena je opozicija.</comment-text-transliterated>
            </comment>
            <comment comment-id="39">
                <comment-parent-id/>
                <comment-text>Svađaju se zbog preklapanja ličnog interesa.</comment-text>
                <comment-text-transliterated>Svađaju se zbog preklapanja ličnog interesa.</comment-text-transliterated>
            </comment>
            <comment comment-id="40">
                <comment-parent-id/>
                <comment-text>Nemaju program zato se svadjaju,to je jedini nacin da dodju do medijske paznje.
                </comment-text>
                <comment-text-transliterated>Nemaju program zato se svadjaju,to je jedini nacin da dodju do medijske
                    paznje.
                </comment-text-transliterated>
            </comment>
            <comment comment-id="41">
                <comment-parent-id/>
                <comment-text>Žuto riđa koalicija je zeznula i turske serije, sapunica iz dana u dan se nastavlja.
                </comment-text>
                <comment-text-transliterated>Žuto riđa koalicija je zeznula i turske serije, sapunica iz dana u dan se
                    nastavlja.
                </comment-text-transliterated>
            </comment>
            <comment comment-id="42">
                <comment-parent-id/>
                <comment-text>rasulo u opoziciji</comment-text>
                <comment-text-transliterated>rasulo u opoziciji</comment-text-transliterated>
            </comment>
            <comment comment-id="43">
                <comment-parent-id/>
                <comment-text>Toliko su "puni" ideja da ih kradu jedni od drugih. Koliko li su tek puni volje da rade -
                    pa, tu "volju" smo ve' imali prilike da vidimo, kao i ono sto su jedino voljni da rade.
                </comment-text>
                <comment-text-transliterated>Toliko su "puni" ideja da ih kradu jedni od drugih. Koliko li su tek puni
                    volje da rade - pa, tu "volju" smo ve' imali prilike da vidimo, kao i ono sto su jedino voljni da
                    rade.
                </comment-text-transliterated>
            </comment>
            <comment comment-id="44">
                <comment-parent-id/>
                <comment-text>Ovi ljudi da vode Beograd? Neka hvala.</comment-text>
                <comment-text-transliterated>Ovi ljudi da vode Beograd? Neka hvala.</comment-text-transliterated>
            </comment>
            <comment comment-id="45">
                <comment-parent-id/>
                <comment-text>Ovde smo primetili jednu stvar a to je da Đilas nije ni pokušao da odgovori Raduloviću,
                    što znači da ovaj ima dobre izvore nformacija i da su ćinjenice kojima napada Đilasa tačne.
                </comment-text>
                <comment-text-transliterated>Ovde smo primetili jednu stvar a to je da Đilas nije ni pokušao da odgovori
                    Raduloviću, što znači da ovaj ima dobre izvore nformacija i da su ćinjenice kojima napada Đilasa
                    tačne.
                </comment-text-transliterated>
            </comment>
            <comment comment-id="46">
                <comment-parent-id/>
                <comment-text>samo nek se oni lepo pljuckaju..</comment-text>
                <comment-text-transliterated>samo nek se oni lepo pljuckaju..</comment-text-transliterated>
            </comment>
            <comment comment-id="47">
                <comment-parent-id/>
                <comment-text>Meni su oni bas smesni sa ovim njihovim svakodnevnim tuzakanjem.</comment-text>
                <comment-text-transliterated>Meni su oni bas smesni sa ovim njihovim svakodnevnim tuzakanjem.
                </comment-text-transliterated>
            </comment>
            <comment comment-id="48">
                <comment-parent-id/>
                <comment-text>U opoziciji se medjusobno svadjaju i iznose istinu koja i nije lepa, pa sami "otvaraju
                    oci" gradjanima ko su i kakvi su i kakvi su im prioriteti! Prioriteti opozicije nisu gradjani vec
                    licna korist!
                </comment-text>
                <comment-text-transliterated>U opoziciji se medjusobno svadjaju i iznose istinu koja i nije lepa, pa
                    sami "otvaraju oci" gradjanima ko su i kakvi su i kakvi su im prioriteti! Prioriteti opozicije nisu
                    gradjani vec licna korist!
                </comment-text-transliterated>
            </comment>
            <comment comment-id="49">
                <comment-parent-id/>
                <comment-text>Samo neka se opozicija svađa jer nije za bolje. Ovako će se mnogo stvari otkriti.
                </comment-text>
                <comment-text-transliterated>Samo neka se opozicija svađa jer nije za bolje. Ovako će se mnogo stvari
                    otkriti.
                </comment-text-transliterated>
            </comment>
            <comment comment-id="50">
                <comment-parent-id/>
                <comment-text>Rasulo u opoziciji, tuga. Vise nije ni smesno, postalo je jako ozbiljno.</comment-text>
                <comment-text-transliterated>Rasulo u opoziciji, tuga. Vise nije ni smesno, postalo je jako ozbiljno.
                </comment-text-transliterated>
            </comment>
            <comment comment-id="51">
                <comment-parent-id/>
                <comment-text>Cirkus</comment-text>
                <comment-text-transliterated>Cirkus</comment-text-transliterated>
            </comment>
            <comment comment-id="52">
                <comment-parent-id/>
                <comment-text>Ovde se ne zna ko koga. Stravrno su sami sebi najveći neprijatelji.</comment-text>
                <comment-text-transliterated>Ovde se ne zna ko koga. Stravrno su sami sebi najveći neprijatelji.
                </comment-text-transliterated>
            </comment>
            <comment comment-id="53">
                <comment-parent-id/>
                <comment-text>Izborna kampanja tek počela, a Điki već krenuo da mažnjava. Samo mi nije jasno gde nađe da
                    prepisuje od Raduleta, taj ni sam ne zna šta hoće?!
                </comment-text>
                <comment-text-transliterated>Izborna kampanja tek počela, a Điki već krenuo da mažnjava. Samo mi nije
                    jasno gde nađe da prepisuje od Raduleta, taj ni sam ne zna šta hoće?!
                </comment-text-transliterated>
            </comment>
            <comment comment-id="54">
                <comment-parent-id/>
                <comment-text>Nije lepo prepisivati, a nije lepo ni tužakati!</comment-text>
                <comment-text-transliterated>Nije lepo prepisivati, a nije lepo ni tužakati!
                </comment-text-transliterated>
            </comment>
            <comment comment-id="55">
                <comment-parent-id/>
                <comment-text>Opoziciju treba da je sramota od naroda i ne zasluzuje nikakvu podrsku.</comment-text>
                <comment-text-transliterated>Opoziciju treba da je sramota od naroda i ne zasluzuje nikakvu podrsku.
                </comment-text-transliterated>
            </comment>
            <comment comment-id="56">
                <comment-parent-id/>
                <comment-text>Svakim danom je u opoziciji sve veci haos.</comment-text>
                <comment-text-transliterated>Svakim danom je u opoziciji sve veci haos.</comment-text-transliterated>
            </comment>
            <comment comment-id="57">
                <comment-parent-id/>
                <comment-text>Siguran sam da beogradjani nece oprostiti Djilasu to sto je radio dok je bio
                    gradonacelnik,i da ce ga zestoko kazniti na izborima tako sto mu nece dati glas...
                </comment-text>
                <comment-text-transliterated>Siguran sam da beogradjani nece oprostiti Djilasu to sto je radio dok je
                    bio gradonacelnik,i da ce ga zestoko kazniti na izborima tako sto mu nece dati glas...
                </comment-text-transliterated>
            </comment>
            <comment comment-id="58">
                <comment-parent-id/>
                <comment-text>Đilas jeste sve to radio i nema potrebe da se nervira što to sada sve izlazi javno.
                </comment-text>
                <comment-text-transliterated>Đilas jeste sve to radio i nema potrebe da se nervira što to sada sve
                    izlazi javno.
                </comment-text-transliterated>
            </comment>
            <comment comment-id="59">
                <comment-parent-id/>
                <comment-text>Ne znam šta se dešava sa opozicijom ali je ovo totalno rasulo i isplivavanje prljavštine
                    na površinu.
                </comment-text>
                <comment-text-transliterated>Ne znam šta se dešava sa opozicijom ali je ovo totalno rasulo i
                    isplivavanje prljavštine na površinu.
                </comment-text-transliterated>
            </comment>
            <comment comment-id="60">
                <comment-parent-id/>
                <comment-text>E moj Điki, pa ti ni program ne umeš sam da napišeš, a hoćeš da vodiš Beograd. Pa ne ide
                    to tako...
                </comment-text>
                <comment-text-transliterated>E moj Điki, pa ti ni program ne umeš sam da napišeš, a hoćeš da vodiš
                    Beograd. Pa ne ide to tako...
                </comment-text-transliterated>
            </comment>
            <comment comment-id="61">
                <comment-parent-id/>
                <comment-text>Djilas se raspada. Ne moze da pobedi. Nece ovaj put uspeti da prevari Beogradjane.
                </comment-text>
                <comment-text-transliterated>Djilas se raspada. Ne moze da pobedi. Nece ovaj put uspeti da prevari
                    Beogradjane.
                </comment-text-transliterated>
            </comment>
            <comment comment-id="62">
                <comment-parent-id/>
                <comment-text>Dzabe se prepucavaju. Ni jedan ni drugi nece nista uraditi na izborima.</comment-text>
                <comment-text-transliterated>Dzabe se prepucavaju. Ni jedan ni drugi nece nista uraditi na izborima.
                </comment-text-transliterated>
            </comment>
            <comment comment-id="63">
                <comment-parent-id/>
                <comment-text>Sve vise svadja u opoziciji.</comment-text>
                <comment-text-transliterated>Sve vise svadja u opoziciji.</comment-text-transliterated>
            </comment>
            <comment comment-id="64">
                <comment-parent-id/>
                <comment-text>Sve ruzno sto ste mogli u ovoj kampanji sami ste rekli o sebi.</comment-text>
                <comment-text-transliterated>Sve ruzno sto ste mogli u ovoj kampanji sami ste rekli o sebi.
                </comment-text-transliterated>
            </comment>
            <comment comment-id="65">
                <comment-parent-id/>
                <comment-text>To je ta opozicija, bruka i sramota.</comment-text>
                <comment-text-transliterated>To je ta opozicija, bruka i sramota.</comment-text-transliterated>
            </comment>
            <comment comment-id="66">
                <comment-parent-id/>
                <comment-text>Pa ovo je cirkus sta drugo reci...</comment-text>
                <comment-text-transliterated>Pa ovo je cirkus sta drugo reci...</comment-text-transliterated>
            </comment>
            <comment comment-id="67">
                <comment-parent-id/>
                <comment-text>Samo neka se opozicija prepire sa Đilasom, to im je svima trenutno najbitnije.
                </comment-text>
                <comment-text-transliterated>Samo neka se opozicija prepire sa Đilasom, to im je svima trenutno
                    najbitnije.
                </comment-text-transliterated>
            </comment>
            <comment comment-id="68">
                <comment-parent-id/>
                <comment-text>Shvatate li da vi niste ni malo bitno vec ovaj narod u Srbiji, nego vama je stalo da se
                    medjusobno prepirete oko politickog programa.
                </comment-text>
                <comment-text-transliterated>Shvatate li da vi niste ni malo bitno vec ovaj narod u Srbiji, nego vama je
                    stalo da se medjusobno prepirete oko politickog programa.
                </comment-text-transliterated>
            </comment>
            <comment comment-id="69">
                <comment-parent-id/>
                <comment-text>Ako se oni ovako između sebe prozivaju javno, koliko toga još kriju.</comment-text>
                <comment-text-transliterated>Ako se oni ovako između sebe prozivaju javno, koliko toga još kriju.
                </comment-text-transliterated>
            </comment>
            <comment comment-id="70">
                <comment-parent-id/>
                <comment-text>Totalno rasulo u opoziciji, ovo sve vise lici na spansku sapunicu</comment-text>
                <comment-text-transliterated>Totalno rasulo u opoziciji, ovo sve vise lici na spansku sapunicu
                </comment-text-transliterated>
            </comment>
            <comment comment-id="71">
                <comment-parent-id/>
                <comment-text>To je blaga reč. Prevazišli su sve sapunice.</comment-text>
                <comment-text-transliterated>To je blaga reč. Prevazišli su sve sapunice.</comment-text-transliterated>
            </comment>
            <comment comment-id="72">
                <comment-parent-id/>
                <comment-text>narod ima jasnu sliku o zutim lopovima.</comment-text>
                <comment-text-transliterated>narod ima jasnu sliku o zutim lopovima.</comment-text-transliterated>
            </comment>
            <comment comment-id="73">
                <comment-parent-id/>
                <comment-text>Kakvo je ovo prepisivanje usred kampanje, sedi jedan!</comment-text>
                <comment-text-transliterated>Kakvo je ovo prepisivanje usred kampanje, sedi jedan!
                </comment-text-transliterated>
            </comment>
        </comment-list>
    </comments>
</document>