<document global-id="sr-05-10421">
    <url>
        https://www.srbijadanas.com/clanak/sve-smo-zabelezili-svaki-put-kada-nam-je-maca-diskrecija-pokazala-sis-foto-18-18-06-2015
    </url>
    <source-id>sr-05</source-id>
    <local-id>10421</local-id>
    <source-name>Srbija_danas</source-name>
    <article>
        <article-title>Sve smo ZABELEŽILI: Svaki put kada nam je Maca Diskrecija pokazala SIS*! (FOTO 18+)
        </article-title>
        <article-title-transliterated>Sve smo ZABELEŽILI: Svaki put kada nam je Maca Diskrecija pokazala SIS*! (FOTO
            18+)
        </article-title-transliterated>
        <article-time>2015-06-18</article-time>
        <article-author>Srbija Danas</article-author>
        <article-text>Možda je ne volite, ali ste za nju sigurno čuli!
            Dvadesetčetvorogodišnja Senada Nurkić iz Tuzle pomerila je sve granice lepog ponašanja. Svojim ulaskom u
            "Parove", Senada je objasnila kako se privlači pažnja publike.
            Poznatija kao Maca Diskrecija, već u prvim danima trajanja rijalitija, osvajala je naslovne strane svojim
            seksi plesovima koje je izvodila po luksuznoj vili. Ukoliko želite da se prisetite Macinog erotskog plesa,
            kliknite OVDE.
            I dok se ona baškarila u najzanimljivijem šou u Srbiji, njeni bivši momci su razvezli jezik, te su pored
            toga kakava je u krevetu, otkrili i Diskrecijine fetiše. 
            Raniji radovi starlete iz Bosne, sa privatnih žurki na kojima je "plesala" bili su izuzetno zanimljivi
            medijima, a jedan takav vidite klikom ovde.
            Ipak, najzanimljivije od svega je činjenica da smo za ovih 100 dana, koliko Maca boravi u vili, mi najbolje
            upoznali njene dve "bliznakinje". U galeriji vam predstavljamo pravi delikates Diskrecijinih, ne tako
            diskretnih grudi.
        </article-text>
        <article-text-transliterated>Možda je ne volite, ali ste za nju sigurno čuli!
            Dvadesetčetvorogodišnja Senada Nurkić iz Tuzle pomerila je sve granice lepog ponašanja. Svojim ulaskom u
            "Parove", Senada je objasnila kako se privlači pažnja publike.
            Poznatija kao Maca Diskrecija, već u prvim danima trajanja rijalitija, osvajala je naslovne strane svojim
            seksi plesovima koje je izvodila po luksuznoj vili. Ukoliko želite da se prisetite Macinog erotskog plesa,
            kliknite OVDE.
            I dok se ona baškarila u najzanimljivijem šou u Srbiji, njeni bivši momci su razvezli jezik, te su pored
            toga kakava je u krevetu, otkrili i Diskrecijine fetiše. 
            Raniji radovi starlete iz Bosne, sa privatnih žurki na kojima je "plesala" bili su izuzetno zanimljivi
            medijima, a jedan takav vidite klikom ovde.
            Ipak, najzanimljivije od svega je činjenica da smo za ovih 100 dana, koliko Maca boravi u vili, mi najbolje
            upoznali njene dve "bliznakinje". U galeriji vam predstavljamo pravi delikates Diskrecijinih, ne tako
            diskretnih grudi.
        </article-text-transliterated>
    </article>
    <comments>
        <comments-count>0</comments-count>
        <comment-list/>
    </comments>
</document>