<document global-id="sr-05-10338">
    <url>
        https://www.srbijadanas.com/vesti/drustvo/srusena-jedna-od-najstarijih-dzamija-u-novom-pazaru-izgradena-jos-davne-1528-godine-fotovideo-2018-09-19
    </url>
    <source-id>sr-05</source-id>
    <local-id>10338</local-id>
    <source-name>Srbija_danas</source-name>
    <article>
        <article-title>Srušena jedna od NAJSTARIJIH DŽAMIJA u SRBIJI, izgrađena još davne 1528. godine! (FOTO/VIDEO)
        </article-title>
        <article-title-transliterated>Srušena jedna od NAJSTARIJIH DŽAMIJA u SRBIJI, izgrađena još davne 1528. godine!
            (FOTO/VIDEO)
        </article-title-transliterated>
        <article-time>2018-09-20</article-time>
        <article-author>Srbija Danas/Blic</article-author>
        <article-text>Prkosila vekovima, nedaćama i osvajačima, a danas više ne postoji.
            Komisija za kulturno-istorijske spomenike Novog Pazara optužila je juče Islamsku zajednicu u Srbiji (IZuS)
            da je rušenjem Hasan Čelebijine, jedne od najstarijih džamija u gradu, uništila autentični objekat od
            neprocenjive vrednosti i simbol identiteta njegovih građana.
            IZuS je u aprilu uklonila krov sa namerom da rekonstruiše džamiju u centru grada, na samom ulazu u Staru
            čaršiju i u narodu poznatu kao Arab džamija, za šta kako u lokalnoj samoupravi tvrde nije ni tražila dozvolu
            Zavoda za zaštitu sponenika.
            Objekat koji se u prvi put dokumentima pominje 1528. godine, bio je bez krova nekoliko meseci, zbog čega su
            zidovi dvospratne bogomolje počeli da se urušavaju.
            Danas su radnici pod nadzorom IZ uklonili ceo objekat, osim minareta, koje je tokom proleća takođe znatno
            oštećeno udarom goroma.
            - Potpuno je neprihvatljivo da se radovi na ovako vrednom objektu obavljaju neadekvatno i rušilački. Umesto
            da se postupak obnove uradi na stručan način, uzimajući u obzir autentičnost iz arhivske građe i sprovodeći
            adekvatne mere restauratorskih zahvata, džamija je bahato, uz pomoć teške mehanizacije srušena - bez ikakvog
            osećaja za tradiciju i njenu simboliku - navodi se u saopštenju gradske Komisije.

            Lokalna samouprava tvrdi da je odmah po otpočinjanju radova na džamiji od Republičkog zavoda za zaštitu
            spomenika tražila uslove o merama tehničke zaštite, koji je 31. maja 2018. godine doneo Rešenje kojim se
            zabranjuje radova na krovnoj konstrukciji.
            - Arap džamija, koja je opstajala vekovima, prkoseći svim nedaćama i osvajačima, nažalost više ne postoji.
            Srušili su je oni koji misle da istorija ovog grada počinje i završava se sa njima - saopštila je Komisija
            za kulturno-istorijske spomenike Novog Pazara.
            Hasan Čelebijina džamija u narodu je poznata kao Arap džamija i vezuje za nacionalnost graditelja. Izvorni
            narodni naziv zapravo je Harab ("porušena", na turskom jeziku) džamija, kako su je Pazarci nazvali posle
            njenog spaljivanja 1689. godine.
        </article-text>
        <article-text-transliterated>Prkosila vekovima, nedaćama i osvajačima, a danas više ne postoji.
            Komisija za kulturno-istorijske spomenike Novog Pazara optužila je juče Islamsku zajednicu u Srbiji (IZuS)
            da je rušenjem Hasan Čelebijine, jedne od najstarijih džamija u gradu, uništila autentični objekat od
            neprocenjive vrednosti i simbol identiteta njegovih građana.
            IZuS je u aprilu uklonila krov sa namerom da rekonstruiše džamiju u centru grada, na samom ulazu u Staru
            čaršiju i u narodu poznatu kao Arab džamija, za šta kako u lokalnoj samoupravi tvrde nije ni tražila dozvolu
            Zavoda za zaštitu sponenika.
            Objekat koji se u prvi put dokumentima pominje 1528. godine, bio je bez krova nekoliko meseci, zbog čega su
            zidovi dvospratne bogomolje počeli da se urušavaju.
            Danas su radnici pod nadzorom IZ uklonili ceo objekat, osim minareta, koje je tokom proleća takođe znatno
            oštećeno udarom goroma.
            - Potpuno je neprihvatljivo da se radovi na ovako vrednom objektu obavljaju neadekvatno i rušilački. Umesto
            da se postupak obnove uradi na stručan način, uzimajući u obzir autentičnost iz arhivske građe i sprovodeći
            adekvatne mere restauratorskih zahvata, džamija je bahato, uz pomoć teške mehanizacije srušena - bez ikakvog
            osećaja za tradiciju i njenu simboliku - navodi se u saopštenju gradske Komisije.

            Lokalna samouprava tvrdi da je odmah po otpočinjanju radova na džamiji od Republičkog zavoda za zaštitu
            spomenika tražila uslove o merama tehničke zaštite, koji je 31. maja 2018. godine doneo Rešenje kojim se
            zabranjuje radova na krovnoj konstrukciji.
            - Arap džamija, koja je opstajala vekovima, prkoseći svim nedaćama i osvajačima, nažalost više ne postoji.
            Srušili su je oni koji misle da istorija ovog grada počinje i završava se sa njima - saopštila je Komisija
            za kulturno-istorijske spomenike Novog Pazara.
            Hasan Čelebijina džamija u narodu je poznata kao Arap džamija i vezuje za nacionalnost graditelja. Izvorni
            narodni naziv zapravo je Harab ("porušena", na turskom jeziku) džamija, kako su je Pazarci nazvali posle
            njenog spaljivanja 1689. godine.
        </article-text-transliterated>
    </article>
    <comments>
        <comments-count>1</comments-count>
        <comment-list>
            <comment comment-id="1">
                <comment-parent-id/>
                <comment-text>Obavezno obnoviti od državnih para i platiti stručna lica da se obnovi . Prelep grad divni
                    ljudi...
                </comment-text>
                <comment-text-transliterated>Obavezno obnoviti od državnih para i platiti stručna lica da se obnovi .
                    Prelep grad divni ljudi...
                </comment-text-transliterated>
            </comment>
        </comment-list>
    </comments>
</document>