<document global-id="sr-05-10299">
    <url>
        https://www.srbijadanas.com/vesti/info/srbija-ima-20-skola-sa-manje-od-20-daka-u-jednoj-surdulickoj-ih-je-samo-cetvoro-2018-03-06
    </url>
    <source-id>sr-05</source-id>
    <local-id>10299</local-id>
    <source-name>Srbija_danas</source-name>
    <article>
        <article-title>Srbija ima 20 škola sa manje od 20 đaka: U jednoj surduličkoj ih je samo četvoro</article-title>
        <article-title-transliterated>Srbija ima 20 škola sa manje od 20 đaka: U jednoj surduličkoj ih je samo četvoro
        </article-title-transliterated>
        <article-time>2018-03-06</article-time>
        <article-author>Srbija Danas/Blic</article-author>
        <article-text>Stručnjaci ocenili da bi se gašenjem ustanova "prekinuo život".
            Srbija ima dvadesetak osnovnih škola sa manje od 20 učenika i 1.470 izdvojenih objekata matičnih škola, u
            kojima takođe ima manje od 20 đaka. Najmanje učenika ima u čak dve osnovne škole u opštini Surdulica. Obe
            ukupno pohađa samo 13 đaka.
            Prema podacima Ministarstva prosvete, najmanje đaka u Srbiji ima Osnovna škola "Ivo Lola Ribar" iz Klisure u
            opštini Surdulica. Ova škola ima samo četiri učenika.
            - Mi smo pogranična škola i trenutno imamo po jednog đaka drugog, trećeg, sedmog i osmog razreda. Ali, i
            jednog predškolca! Bez obzira na to što imamo tako malo učenika, nastava se organizuje potpuno normalno.
            Očekujemo da od septembra bude više đaka. Inače, deca koja pohađaju našu školu su mešovite nacionalnosti -
            kaže Nataša Đorić, direktorka škole "Ivo Lola Ribar" iz Klisure.
            Škola "Sveti Sava" iz Božice, takođe u Surdulici, bori se malim brojem đaka. Prema rečima Gordane Jordanov,
            direktorke ove škole, svi učenici su bugarske nacionalnosti, i nastava teče kao da ih ima trideset, a ne
            samo devet.

            - Deca dobijaju punu pažnju, i ništa im ne nedostaje. Mislim da je teže nastavnicima, od kojih većina putuje
            da bi držali nastavu. Mada, mišljenja sam da iako ima tako malo učenika, oni školu završe sa odličnim
            osnovnim obrazovanjem. Deca uče bugarski srazmerno koliko i srpski jezik. Većina njih kasnije odlazi u
            Bugarsku na studije - objasnila je direktorka Jordanova.
            U mestu Tulare, u opštini Medveđa, Osnovnu školu "Vladimir Bukilić" pre dve decenije pohađalo je čak 200
            đaka. Danas ih ima samo sedamnaest.
            - Deca su uglavnom srpske nacionalnosti i žive u okolnim selima, u kojima se naglo smanjio broj stanovnika.
            Njihovi roditelji su retki koji su ostali, kako bi se bavili stočarstvom i sečom drva, jer drugo ništa ne
            radi u ovom kraju. Nastava se odvija potpuno normalno, iako ima odeljenja sa samo jednim učenikom.
            Nastavnici uglavnom putuju iz Leskovca - rekao je Siniša Stojanović, sekretar škole u selu Tulare.
            Independent svrstao Kosovo u 15 mesta koje treba što pre posetiti
            U školama na KiM, situacija sa brojem učenika je poražavajuća. Prema podacima Mministarstva prosvete, u osam
            osnovnih i srednjih škola, ima manje od deset učenika. Čak u dve škole u Kosovskoj Mitrovici, "Predrag i
            Miodrag Mihajlović" i "Veljko Banašević" ima po osam učenika. Situacija u pojedinim srednjim školama je još
            teža. Gimnazija u Orahovcu ima samo devet učenika, dok Tehnička škola u Srbici ima osam đaka.
            Skoro svi sindikati prosvetnih radnika su mišljenja da škole sa malim brojem đaka ne treba zatvarati, jer se
            neće puno uštedeti. S druge strane, smatraju da bi se gašenjem škola prekinuo svaki život u tim malim
            mestima.
            Poplavljen severni deo Kosovske Mitrovice: Ibar preti da potopi jedno celo naselje
            Za šest godina 30.000 dece manje
            Broj dece smanjuje se iz godine u godinu, pa je od školske 2010/2011. do 2016/2017. godine broj osnovaca,
            prema podacima Zavoda za statistiku, smanjen za 34.400. U prevodu znači da su nestale 34 velike škole.
        </article-text>
        <article-text-transliterated>Stručnjaci ocenili da bi se gašenjem ustanova "prekinuo život".
            Srbija ima dvadesetak osnovnih škola sa manje od 20 učenika i 1.470 izdvojenih objekata matičnih škola, u
            kojima takođe ima manje od 20 đaka. Najmanje učenika ima u čak dve osnovne škole u opštini Surdulica. Obe
            ukupno pohađa samo 13 đaka.
            Prema podacima Ministarstva prosvete, najmanje đaka u Srbiji ima Osnovna škola "Ivo Lola Ribar" iz Klisure u
            opštini Surdulica. Ova škola ima samo četiri učenika.
            - Mi smo pogranična škola i trenutno imamo po jednog đaka drugog, trećeg, sedmog i osmog razreda. Ali, i
            jednog predškolca! Bez obzira na to što imamo tako malo učenika, nastava se organizuje potpuno normalno.
            Očekujemo da od septembra bude više đaka. Inače, deca koja pohađaju našu školu su mešovite nacionalnosti -
            kaže Nataša Đorić, direktorka škole "Ivo Lola Ribar" iz Klisure.
            Škola "Sveti Sava" iz Božice, takođe u Surdulici, bori se malim brojem đaka. Prema rečima Gordane Jordanov,
            direktorke ove škole, svi učenici su bugarske nacionalnosti, i nastava teče kao da ih ima trideset, a ne
            samo devet.

            - Deca dobijaju punu pažnju, i ništa im ne nedostaje. Mislim da je teže nastavnicima, od kojih većina putuje
            da bi držali nastavu. Mada, mišljenja sam da iako ima tako malo učenika, oni školu završe sa odličnim
            osnovnim obrazovanjem. Deca uče bugarski srazmerno koliko i srpski jezik. Većina njih kasnije odlazi u
            Bugarsku na studije - objasnila je direktorka Jordanova.
            U mestu Tulare, u opštini Medveđa, Osnovnu školu "Vladimir Bukilić" pre dve decenije pohađalo je čak 200
            đaka. Danas ih ima samo sedamnaest.
            - Deca su uglavnom srpske nacionalnosti i žive u okolnim selima, u kojima se naglo smanjio broj stanovnika.
            Njihovi roditelji su retki koji su ostali, kako bi se bavili stočarstvom i sečom drva, jer drugo ništa ne
            radi u ovom kraju. Nastava se odvija potpuno normalno, iako ima odeljenja sa samo jednim učenikom.
            Nastavnici uglavnom putuju iz Leskovca - rekao je Siniša Stojanović, sekretar škole u selu Tulare.
            Independent svrstao Kosovo u 15 mesta koje treba što pre posetiti
            U školama na KiM, situacija sa brojem učenika je poražavajuća. Prema podacima Mministarstva prosvete, u osam
            osnovnih i srednjih škola, ima manje od deset učenika. Čak u dve škole u Kosovskoj Mitrovici, "Predrag i
            Miodrag Mihajlović" i "Veljko Banašević" ima po osam učenika. Situacija u pojedinim srednjim školama je još
            teža. Gimnazija u Orahovcu ima samo devet učenika, dok Tehnička škola u Srbici ima osam đaka.
            Skoro svi sindikati prosvetnih radnika su mišljenja da škole sa malim brojem đaka ne treba zatvarati, jer se
            neće puno uštedeti. S druge strane, smatraju da bi se gašenjem škola prekinuo svaki život u tim malim
            mestima.
            Poplavljen severni deo Kosovske Mitrovice: Ibar preti da potopi jedno celo naselje
            Za šest godina 30.000 dece manje
            Broj dece smanjuje se iz godine u godinu, pa je od školske 2010/2011. do 2016/2017. godine broj osnovaca,
            prema podacima Zavoda za statistiku, smanjen za 34.400. U prevodu znači da su nestale 34 velike škole.
        </article-text-transliterated>
    </article>
    <comments>
        <comments-count>0</comments-count>
        <comment-list/>
    </comments>
</document>