<document global-id="sr-05-10504">
    <url>
        https://www.srbijadanas.com/clanak/tehnologija-kao-lek-kada-slepa-majka-prvi-put-ugleda-svoje-dete-video-26-01-2015
    </url>
    <source-id>sr-05</source-id>
    <local-id>10504</local-id>
    <source-name>Srbija_danas</source-name>
    <article>
        <article-title>TEHNOLOGIJA KAO LEK: Kada slepa majka prvi put ugleda svoje dete (VIDEO)</article-title>
        <article-title-transliterated>TEHNOLOGIJA KAO LEK: Kada slepa majka prvi put ugleda svoje dete (VIDEO)
        </article-title-transliterated>
        <article-time>2015-01-26</article-time>
        <article-author>Srbija Danas</article-author>
        <article-text>"Nikad neću zaboraviti trenutak kada sam ugledala svog sina. Desila mi se ljubav na prvi pogled".
            Najveća želja većini žena jeste da se ostvare u ulozi majke i da isprate dobar deo života svoje dece.
            Međutim, dvadesetdevetogodišnja Keti Bejc je žena koja je imala barijeru od onog dana kada je postala majka.
            Pošto je slepa, nije mogla da vidi svoju bebu.
            Ali čuda se događaju i to zahvaljujući naprednoj tehnologiji. Dobivši specijalne naočare, desila joj se
            ljubav na prvi pogled. To nije bilo samo da je prvi put videla svoju bebu, već je to prvi put ikada da je
            videla bilo koju bebu.
            Vid je počela da gubi u osnovnoj školi kada je imala 11 godina, a lekari su joj dijagnostifikovali genetsko
            oboljenje koje uzrokuje makularnu degeneraciju.
            "Često se dešava da kada vidim osobu, deo oko njene glave i ramena, uopšte ne vidim", rekla je Keti. Ali, to
            se sve promeni kada stavim naočare Esight", objašnjava mama Keti. Ova tehnologija joj je omogućila da joj
            konture lica osoba budu mnogo jasnije.
            "Zapamtila sam njegove male usne i maleni jezik. Inače sam morala da zamišljam kako izgleda i navikla sam na
            to, ali to slama srce", rekla je. Kod kuće joj naočare pružaju mnogo pomoći. Do sada se patila sa čitanjem
            upustava na pakovanjima hrane.

            Portparol kompanije eSight Tejlor Vest kaže: "Mislim da je ovo tehnologija koja menja život". Naočare je
            razvila kompanija iz Otave, na tržištu se nalaze već godinu dana, a koštaju 15 hiljada dolara. Trenutno ove
            čudotvorne naočare u SAD-u koristi 140 osoba.
            Upoznajte se sa pričom mlade mame Keti.
        </article-text>
        <article-text-transliterated>"Nikad neću zaboraviti trenutak kada sam ugledala svog sina. Desila mi se ljubav na
            prvi pogled".
            Najveća želja većini žena jeste da se ostvare u ulozi majke i da isprate dobar deo života svoje dece.
            Međutim, dvadesetdevetogodišnja Keti Bejc je žena koja je imala barijeru od onog dana kada je postala majka.
            Pošto je slepa, nije mogla da vidi svoju bebu.
            Ali čuda se događaju i to zahvaljujući naprednoj tehnologiji. Dobivši specijalne naočare, desila joj se
            ljubav na prvi pogled. To nije bilo samo da je prvi put videla svoju bebu, već je to prvi put ikada da je
            videla bilo koju bebu.
            Vid je počela da gubi u osnovnoj školi kada je imala 11 godina, a lekari su joj dijagnostifikovali genetsko
            oboljenje koje uzrokuje makularnu degeneraciju.
            "Često se dešava da kada vidim osobu, deo oko njene glave i ramena, uopšte ne vidim", rekla je Keti. Ali, to
            se sve promeni kada stavim naočare Esight", objašnjava mama Keti. Ova tehnologija joj je omogućila da joj
            konture lica osoba budu mnogo jasnije.
            "Zapamtila sam njegove male usne i maleni jezik. Inače sam morala da zamišljam kako izgleda i navikla sam na
            to, ali to slama srce", rekla je. Kod kuće joj naočare pružaju mnogo pomoći. Do sada se patila sa čitanjem
            upustava na pakovanjima hrane.

            Portparol kompanije eSight Tejlor Vest kaže: "Mislim da je ovo tehnologija koja menja život". Naočare je
            razvila kompanija iz Otave, na tržištu se nalaze već godinu dana, a koštaju 15 hiljada dolara. Trenutno ove
            čudotvorne naočare u SAD-u koristi 140 osoba.
            Upoznajte se sa pričom mlade mame Keti.
        </article-text-transliterated>
    </article>
    <comments>
        <comments-count>0</comments-count>
        <comment-list/>
    </comments>
</document>