<document global-id="sr-05-10450">
    <url>
        https://www.srbijadanas.com/vesti/info/svi-ste-pozurili-do-ikee-zbog-super-cena-znate-li-kako-je-uopste-dobila-ime-nikada-necete-pogoditi-2017-08-14
    </url>
    <source-id>sr-05</source-id>
    <local-id>10450</local-id>
    <source-name>Srbija_danas</source-name>
    <article>
        <article-title>Svi ste požurili do Ikee zbog SUPER cena: A znate li kako je uopšte dobila ime? Nikada nećete
            pogoditi!
        </article-title>
        <article-title-transliterated>Svi ste požurili do Ikee zbog SUPER cena: A znate li kako je uopšte dobila ime?
            Nikada nećete pogoditi!
        </article-title-transliterated>
        <article-time>2017-08-14</article-time>
        <article-author>Srbija Danas</article-author>
        <article-text>Interesantna priča.
            Dolaskom najpoznatijeg i najvećeg proizvođača nameštaja u naše krajeve, nameću se i nedoumice u vezi sa
            pisanjem i izgovaranjem imena ovog švedskog giganta.
            Više gledaju nego što kupuju: U Ikei proizvodi drastično skuplji nego u svetu!
            Ovo su cene svih IKEA proizvoda koji će se PRODAVATI u Srbiji
            IKEA je akronimska skraćenica, što znači da se sastoji od početnih slova višečlanog naziva, u ovom slučaju
            Ingvar Kamprad Elmtaryd Agunaryd.
            Ingvar Kamprad je osnivač kompanije, a ostatak naziva sastoji se od imena farme na kojoj je odrastao
            (Elmtaryd) i imena njegovog rodnog grada na jugu Švedske (Agunnaryd).
            Ovakve skraćenice nazivamo i verbalizovanim, s obzirom na to da su se leksikalizovale (postale su reči) i
            upotrebljavaju se kao samostalne reči (kao i Nin, Avnoj, Bemus i sl.).
            To znači da bi IKEA mogla da ima sličan status kao i drugi nazivi kompanija ili udruženja stranog porekla
            koji su po postanju akronimske skraćenice, kao što su npr. Fijat (od FIAT), Uefa, Unesko, Fifa, Nato i sl.
            Zbog "Ikee" popusti na sve strane: Šokiraće vas CENE u prodavnicama koje su do sada bile PRESKUPE
            Podsetimo, Ikea je u Srbiji zvanično otvorena 10. avgusta, kada je tačno u 10 časova otvorila vrata za sve
            potrošače. Ovo je prva robna kuća te kompanije u Srbije i 400. u svetu, a Srbija je postala 49. zemlja u
            kojoj švedska kompanija posluje i jedino novo tržište u 2017. godini.
            Ikea nudi 9.500 proizvoda, a katalog na srpskom jeziku odštampan je u više od milion primeraka.
        </article-text>
        <article-text-transliterated>Interesantna priča.
            Dolaskom najpoznatijeg i najvećeg proizvođača nameštaja u naše krajeve, nameću se i nedoumice u vezi sa
            pisanjem i izgovaranjem imena ovog švedskog giganta.
            Više gledaju nego što kupuju: U Ikei proizvodi drastično skuplji nego u svetu!
            Ovo su cene svih IKEA proizvoda koji će se PRODAVATI u Srbiji
            IKEA je akronimska skraćenica, što znači da se sastoji od početnih slova višečlanog naziva, u ovom slučaju
            Ingvar Kamprad Elmtaryd Agunaryd.
            Ingvar Kamprad je osnivač kompanije, a ostatak naziva sastoji se od imena farme na kojoj je odrastao
            (Elmtaryd) i imena njegovog rodnog grada na jugu Švedske (Agunnaryd).
            Ovakve skraćenice nazivamo i verbalizovanim, s obzirom na to da su se leksikalizovale (postale su reči) i
            upotrebljavaju se kao samostalne reči (kao i Nin, Avnoj, Bemus i sl.).
            To znači da bi IKEA mogla da ima sličan status kao i drugi nazivi kompanija ili udruženja stranog porekla
            koji su po postanju akronimske skraćenice, kao što su npr. Fijat (od FIAT), Uefa, Unesko, Fifa, Nato i sl.
            Zbog "Ikee" popusti na sve strane: Šokiraće vas CENE u prodavnicama koje su do sada bile PRESKUPE
            Podsetimo, Ikea je u Srbiji zvanično otvorena 10. avgusta, kada je tačno u 10 časova otvorila vrata za sve
            potrošače. Ovo je prva robna kuća te kompanije u Srbije i 400. u svetu, a Srbija je postala 49. zemlja u
            kojoj švedska kompanija posluje i jedino novo tržište u 2017. godini.
            Ikea nudi 9.500 proizvoda, a katalog na srpskom jeziku odštampan je u više od milion primeraka.
        </article-text-transliterated>
    </article>
    <comments>
        <comments-count>0</comments-count>
        <comment-list/>
    </comments>
</document>