<document global-id="sr-05-10428">
    <url>https://www.srbijadanas.com/vesti/drustvo/ljubav-prema-rusiji-putinovo-selo-s-12-dusa-2019-01-22</url>
    <source-id>sr-05</source-id>
    <local-id>10428</local-id>
    <source-name>Srbija_danas</source-name>
    <article>
        <article-title>Sve što niste znali o srpskom selu Putinovo: Iz njega potiče čuveni ADVOKAT, a u kafani se govore
            DVA JEZIKA
        </article-title>
        <article-title-transliterated>Sve što niste znali o srpskom selu Putinovo: Iz njega potiče čuveni ADVOKAT, a u
            kafani se govore DVA JEZIKA
        </article-title-transliterated>
        <article-time>2019-01-22</article-time>
        <article-author>Tanjug</article-author>
        <article-text>Siguran sam da predsednik Putin zna za ovo mesto, kaže Nebojša Arsić, predsednik opštine Medveđa.
            – U „Krimu” se govori i srpski i ruski jezik.
            Uoči i posle posete predsednika Rusije Vladimira Putina, selo koje se zasigurno najviše pominje je –
            Putinovo, u planinskom krajoliku opštine Medveđa, u kome živi dvanaest stanovnika. Nadali se i željno čekali
            da Vladimir Putin poseti njihov kraj, ali su takođe znali da je to gotovo neostvarivo jer je protokol
            predsednika jedne od najmoćnijih zemalja sveta više nego precizan i da njime nije bila predviđena poseta
            ovom kraju Srbije. Uz dobrodošlicu, bila je spremna i rakija nazvana po njegovom imenu – putinovača.
            Predsednik opštine Medveđa Nebojša Arsić kaže:
            - Žitelji Putinova i dalje čekaju priliku da ugoste predsednika Putina, ubeđeni da će do toga doći.
            PUTIN i ove godine: Zaronio u LEDENU BOGOJAVLJENSKU VODU
             Uoči same posete Putina Srbiji, u Putinovu je bilo nekoliko novinarskih ekipa. Centralno mesto u selu je
            kafana „Krim”. Nedavno je ovaj kraj posetio ruski ambasador u Srbiji Aleksandar Čepurin, kome su domaćini i
            predsednik opštine Medveđa priredili srdačan doček.
            - Meštani sela Putinova dobri su i gostoljubivi domaćini. Naše najveće bogatstvo su ljudi, koji su uvek
            spremni da dočekaju i nenajavljenog gosta. Sigurni smo da se u Rusiji zna za Putinovo, čak sam i prilično
            siguran da i sam predsednik Putin zna za ovo mesto - kaže Arsić, uz naglasak da su uvek spremni da dočekaju
            visokog gosta u srdačnoj atmosferi, uz gusle i srpske junačke pesme.

            Putinovo je, zapravo, zaselak poznatog sela Gornji Gajtan, udaljenog od centra Medveđe petnaestak
            kilometara. Godine 2002. naselje je imalo 87, a prema popisu iz 1991. ovde je živelo 106 stanovnika.
            Vlasnik kafane „Krim” Mališa Petrušić ne krije zadovoljstvo što se o njegovom selu sada zna mnogo više nego
            što je iko mogao da očekuje. Predsednik opštine Medveđa smatra da je selo Putinovo već postalo brend jer se
            za ovaj kraj interesuju mnogi svetski mediji. U Putinovu, u kafani „Krim”, sada se govori i srpski i ruski
            jezik.
            "Mi smo JEDINA ZEMLJA gde je Putin dobio takav doček!" Poseta ruskog predsednika nije PRST U OKO EU
            Goran Petronijević, poznati advokat, čija je majka poreklom iz Gajtana, slikovito opisuje život u Putinovu:
            - Kafana s bibliotekom, kompletna atmosfera, divne umetničke slike stvaraju ugodan ambijent za druženje.
            Ovde smo pratili izbore u Rusiji i prisajedinjenje Krima. Svi su slavili. Kafanu nisu slučajno nazvali Krim.
            Prevagnula je velika ljubav prema Rusiji i ruskom narodu.
            Mahala Putinovo, deo Gornje Jablanice, nalazi se na obroncima Radan planine. Mnogi su odavno napustili ove
            krajeve (u koje su došli pre više od stotinu godina). U Putinovu je ostalo desetak starijih žitelja, ali u
            vreme letnjih sparina dolaze mnogi penzioneri, ali i studenti i đaci, koji su poreklom iz ove planinske
            nedođije, a žive u Beogradu, Nišu, Leskovcu i drugim mestima. Poslednjih nekoliko godina sagrađeno je više
            prelepih domova, a obnavljaju se neke stare kuće. Ovaj kraj uveliko, takođe, posećuju turisti iz cele
            Srbije, ali i iz Rusije, kao i brojne novinarske ekipe iz zapadnoevropskih zemalja i njih najviše interesuje
            naziv sela i ime kafane. Seljani uvek odgovaraju isto: ljubav prema Rusiji!
            U ovom zaseoku i celom Gajtanu meštani znaju da to traje prekratko jer su dugi, kišni jesenji dani i zime,
            koje potraju i po pet-šest meseci. gorštaci koji ovde žive jednoglasni su u oceni: rodni kraj ne bi menjali
            ni za najlepšu svetsku varoš!
            PUTINOV MOĆNI VOZNI PARK: Od kolekcije auta, preko letelica i brodova do ljute ZVERI NA TOČKOVIMA
        </article-text>
        <article-text-transliterated>Siguran sam da predsednik Putin zna za ovo mesto, kaže Nebojša Arsić, predsednik
            opštine Medveđa. – U „Krimu” se govori i srpski i ruski jezik.
            Uoči i posle posete predsednika Rusije Vladimira Putina, selo koje se zasigurno najviše pominje je –
            Putinovo, u planinskom krajoliku opštine Medveđa, u kome živi dvanaest stanovnika. Nadali se i željno čekali
            da Vladimir Putin poseti njihov kraj, ali su takođe znali da je to gotovo neostvarivo jer je protokol
            predsednika jedne od najmoćnijih zemalja sveta više nego precizan i da njime nije bila predviđena poseta
            ovom kraju Srbije. Uz dobrodošlicu, bila je spremna i rakija nazvana po njegovom imenu – putinovača.
            Predsednik opštine Medveđa Nebojša Arsić kaže:
            - Žitelji Putinova i dalje čekaju priliku da ugoste predsednika Putina, ubeđeni da će do toga doći.
            PUTIN i ove godine: Zaronio u LEDENU BOGOJAVLJENSKU VODU
             Uoči same posete Putina Srbiji, u Putinovu je bilo nekoliko novinarskih ekipa. Centralno mesto u selu je
            kafana „Krim”. Nedavno je ovaj kraj posetio ruski ambasador u Srbiji Aleksandar Čepurin, kome su domaćini i
            predsednik opštine Medveđa priredili srdačan doček.
            - Meštani sela Putinova dobri su i gostoljubivi domaćini. Naše najveće bogatstvo su ljudi, koji su uvek
            spremni da dočekaju i nenajavljenog gosta. Sigurni smo da se u Rusiji zna za Putinovo, čak sam i prilično
            siguran da i sam predsednik Putin zna za ovo mesto - kaže Arsić, uz naglasak da su uvek spremni da dočekaju
            visokog gosta u srdačnoj atmosferi, uz gusle i srpske junačke pesme.

            Putinovo je, zapravo, zaselak poznatog sela Gornji Gajtan, udaljenog od centra Medveđe petnaestak
            kilometara. Godine 2002. naselje je imalo 87, a prema popisu iz 1991. ovde je živelo 106 stanovnika.
            Vlasnik kafane „Krim” Mališa Petrušić ne krije zadovoljstvo što se o njegovom selu sada zna mnogo više nego
            što je iko mogao da očekuje. Predsednik opštine Medveđa smatra da je selo Putinovo već postalo brend jer se
            za ovaj kraj interesuju mnogi svetski mediji. U Putinovu, u kafani „Krim”, sada se govori i srpski i ruski
            jezik.
            "Mi smo JEDINA ZEMLJA gde je Putin dobio takav doček!" Poseta ruskog predsednika nije PRST U OKO EU
            Goran Petronijević, poznati advokat, čija je majka poreklom iz Gajtana, slikovito opisuje život u Putinovu:
            - Kafana s bibliotekom, kompletna atmosfera, divne umetničke slike stvaraju ugodan ambijent za druženje.
            Ovde smo pratili izbore u Rusiji i prisajedinjenje Krima. Svi su slavili. Kafanu nisu slučajno nazvali Krim.
            Prevagnula je velika ljubav prema Rusiji i ruskom narodu.
            Mahala Putinovo, deo Gornje Jablanice, nalazi se na obroncima Radan planine. Mnogi su odavno napustili ove
            krajeve (u koje su došli pre više od stotinu godina). U Putinovu je ostalo desetak starijih žitelja, ali u
            vreme letnjih sparina dolaze mnogi penzioneri, ali i studenti i đaci, koji su poreklom iz ove planinske
            nedođije, a žive u Beogradu, Nišu, Leskovcu i drugim mestima. Poslednjih nekoliko godina sagrađeno je više
            prelepih domova, a obnavljaju se neke stare kuće. Ovaj kraj uveliko, takođe, posećuju turisti iz cele
            Srbije, ali i iz Rusije, kao i brojne novinarske ekipe iz zapadnoevropskih zemalja i njih najviše interesuje
            naziv sela i ime kafane. Seljani uvek odgovaraju isto: ljubav prema Rusiji!
            U ovom zaseoku i celom Gajtanu meštani znaju da to traje prekratko jer su dugi, kišni jesenji dani i zime,
            koje potraju i po pet-šest meseci. gorštaci koji ovde žive jednoglasni su u oceni: rodni kraj ne bi menjali
            ni za najlepšu svetsku varoš!
            PUTINOV MOĆNI VOZNI PARK: Od kolekcije auta, preko letelica i brodova do ljute ZVERI NA TOČKOVIMA
        </article-text-transliterated>
    </article>
    <comments>
        <comments-count>0</comments-count>
        <comment-list/>
    </comments>
</document>