<document global-id="sr-05-10477">
    <url>
        https://www.srbijadanas.com/clanak/tako-se-koristi-krupan-kadar-marketinska-eksploatacija-guze-vide-gere-video-14-01-2015
    </url>
    <source-id>sr-05</source-id>
    <local-id>10477</local-id>
    <source-name>Srbija_danas</source-name>
    <article>
        <article-title>TAKO SE KORISTI KRUPAN KADAR: Marketinška eksploatacija guze Vide Gere (VIDEO)</article-title>
        <article-title-transliterated>TAKO SE KORISTI KRUPAN KADAR: Marketinška eksploatacija guze Vide Gere (VIDEO)
        </article-title-transliterated>
        <article-time>2015-01-14</article-time>
        <article-author>Srbija Danas</article-author>
        <article-text>Ovaj snimak kao da opisuje staru pesmu: "Kad se Ćira oženio, čabar masti potrošio. Ćaj Ćiro, sedi
            s mirom, u cure ne diraj!".
            Na sve strane obla manekenka, Vida Gera, snimila je reklamu za... Za nešto... Nismo sigurni o čemu je reč,
            znamo samo da je u glavnoj ulozi njena guza, zadnjica, pozadina, du... Velika, lepa, kao i uvek što biva kod
            teta Vide. I dobro nauljena (nismo samo sigurni da li je to ulje jestivo, da ne kažemo zejtin)!
            Uživajte u neprskanom, organskom prizoru spravljanja te čuvene, ne znamo tačno koje, reklame. Samo se pazite
            - ne valja konzumirati mnogo masnog!
        </article-text>
        <article-text-transliterated>Ovaj snimak kao da opisuje staru pesmu: "Kad se Ćira oženio, čabar masti potrošio.
            Ćaj Ćiro, sedi s mirom, u cure ne diraj!".
            Na sve strane obla manekenka, Vida Gera, snimila je reklamu za... Za nešto... Nismo sigurni o čemu je reč,
            znamo samo da je u glavnoj ulozi njena guza, zadnjica, pozadina, du... Velika, lepa, kao i uvek što biva kod
            teta Vide. I dobro nauljena (nismo samo sigurni da li je to ulje jestivo, da ne kažemo zejtin)!
            Uživajte u neprskanom, organskom prizoru spravljanja te čuvene, ne znamo tačno koje, reklame. Samo se pazite
            - ne valja konzumirati mnogo masnog!
        </article-text-transliterated>
    </article>
    <comments>
        <comments-count>0</comments-count>
        <comment-list/>
    </comments>
</document>