<document global-id="sr-05-1037">
    <url>
        https://www.srbijadanas.com/clanak/balerina-podivljala-kristijan-je-cupao-za-kosu-da-je-smiri-video-18-10-2015
    </url>
    <source-id>sr-05</source-id>
    <local-id>1037</local-id>
    <source-name>Srbija_danas</source-name>
    <article>
        <article-title>BALERINA PODIVLJALA: Kristijan je ČUPAO za kosu da je smiri! (VIDEO)</article-title>
        <article-title-transliterated>BALERINA PODIVLJALA: Kristijan je ČUPAO za kosu da je smiri! (VIDEO)
        </article-title-transliterated>
        <article-time>2015-10-18</article-time>
        <article-author>Srbija Danas</article-author>
        <article-text>Ponovo napad histerije.
            Nakon žustre svađe kada je Balerina dobila napad histerije (detaljnije OVDE), Jelena je gađala Staniju, a
            Kristijan je počupao za kosu da bi sprečio dalje divljanje.
            Miloševićeva je i dalje vrištala, dramila i histerisala, a žestoki momak je na kraju uzeo i odneo iz kuće.
            Pogledajte scenu u kojoj Balerina gađa i poliva starletu:
            BALERINA GAĐALA I POLIVALA STANIJU I IVANA !!! by FARMERHUNTER
            Nimalo nije dosadno na "Farmi" gde farmeri sada manje igraju na kartu tuča i svađa, a sve više im je adut za
            gledanost golotinja. Jasmina Medenica je zaboravila da su od nedavno kamere upaljene i u kupatilu -
            pogledajte OVDE kako ona zapira vaginu (18+ snimak). Da ne izgubi u trci golotinje, pobrinula se i Tamara
            Đurić koja pred svim farmerima izvela predstavu "Bezobrazno kupanje u buretu" (pogledajte kako joj ispadaju
            grudi na sve strane na OVOM linku). A, Jelena Krunić je nakon izlaska iz Farme sve iznenadila promenom -
            pogledajte OVDE kako ona izgleda potpuno drugačije.
            Izgleda da su učesnici "Parova" dobrano izgubili kompas za lepo ponašanje u poslednje vreme - izbila je
            opšta tuča, PROGRAM JE PREKINUT, a na OVOM linku možete da pogledate taj snimak kada je Slađa brutalno
            prebila Jelenu. Ružica Veljković je u žestokoj svađi sa Vesnom Rivas koja ide tako daleko da kaže kako će
            ubiti sopstvenog sina ako se ispostavi da je spavao sa pevačicom (više o njihovim svađama čitajte na OVOM
            linku). Brendon je pokazao da ima čudne sklonosti kada je "silovao" plišanu igračku (pogledajte taj bizaran
            snimak na ovom linku). Slađa je postala najveća svađalica - pročitajte OVDE kako se "zakačila" sa Avom
            Karabatić. A, ni Ava nije cveće - pročitajte na OVOM linku kako je otkrila tajnu Mace Diskrecije i šta je
            rekla posle reči: "Sad ćete čuti ko je Maca!"
        </article-text>
        <article-text-transliterated>Ponovo napad histerije.
            Nakon žustre svađe kada je Balerina dobila napad histerije (detaljnije OVDE), Jelena je gađala Staniju, a
            Kristijan je počupao za kosu da bi sprečio dalje divljanje.
            Miloševićeva je i dalje vrištala, dramila i histerisala, a žestoki momak je na kraju uzeo i odneo iz kuće.
            Pogledajte scenu u kojoj Balerina gađa i poliva starletu:
            BALERINA GAĐALA I POLIVALA STANIJU I IVANA !!! by FARMERHUNTER
            Nimalo nije dosadno na "Farmi" gde farmeri sada manje igraju na kartu tuča i svađa, a sve više im je adut za
            gledanost golotinja. Jasmina Medenica je zaboravila da su od nedavno kamere upaljene i u kupatilu -
            pogledajte OVDE kako ona zapira vaginu (18+ snimak). Da ne izgubi u trci golotinje, pobrinula se i Tamara
            Đurić koja pred svim farmerima izvela predstavu "Bezobrazno kupanje u buretu" (pogledajte kako joj ispadaju
            grudi na sve strane na OVOM linku). A, Jelena Krunić je nakon izlaska iz Farme sve iznenadila promenom -
            pogledajte OVDE kako ona izgleda potpuno drugačije.
            Izgleda da su učesnici "Parova" dobrano izgubili kompas za lepo ponašanje u poslednje vreme - izbila je
            opšta tuča, PROGRAM JE PREKINUT, a na OVOM linku možete da pogledate taj snimak kada je Slađa brutalno
            prebila Jelenu. Ružica Veljković je u žestokoj svađi sa Vesnom Rivas koja ide tako daleko da kaže kako će
            ubiti sopstvenog sina ako se ispostavi da je spavao sa pevačicom (više o njihovim svađama čitajte na OVOM
            linku). Brendon je pokazao da ima čudne sklonosti kada je "silovao" plišanu igračku (pogledajte taj bizaran
            snimak na ovom linku). Slađa je postala najveća svađalica - pročitajte OVDE kako se "zakačila" sa Avom
            Karabatić. A, ni Ava nije cveće - pročitajte na OVOM linku kako je otkrila tajnu Mace Diskrecije i šta je
            rekla posle reči: "Sad ćete čuti ko je Maca!"
        </article-text-transliterated>
    </article>
    <comments>
        <comments-count>0</comments-count>
        <comment-list/>
    </comments>
</document>