<document global-id="sr-05-1006">
    <url>https://www.srbijadanas.com/clanak/atina-ferari-se-slikala-sa-2-pitona-oko-tela-foto-02-05-2015</url>
    <source-id>sr-05</source-id>
    <local-id>1006</local-id>
    <source-name>Srbija_danas</source-name>
    <article>
        <article-title>Atina Ferari se slikala sa 2 PITONA oko tela! (FOTO)</article-title>
        <article-title-transliterated>Atina Ferari se slikala sa 2 PITONA oko tela! (FOTO)
        </article-title-transliterated>
        <article-time>2015-05-02</article-time>
        <article-author>Srbija Danas</article-author>
        <article-text>Nema gde se lukave životinje nisu uvukle!
            Estradna plesačica Atina Ferari svojevremeno se slikala sa dve velike zmije, koje su joj obavile celo telo.
            Fotografije su našle put do javnosti, pa se atraktivna učesnica rijalitija "Parovi" može pohvaliti hrabrošću
            da je "pripitomila" dva pitona različite boje, a tokom slikanja pozirala je sa sve osmehom na licu.
            Obučena u animal print i ružičastu nijansu, fotografisala se i spreda, ali i od pozadi. Verujemo da joj
            makar malo nije bilo svejedno kada su životinje počele da se provlače po njenom telu.
            Koja nova šok izjava provokativne Atine je šokirala mnoge saznajte OVDE. Zbog čega je kažnjena od strane
            produkcije pročitajte OVDE.
        </article-text>
        <article-text-transliterated>Nema gde se lukave životinje nisu uvukle!
            Estradna plesačica Atina Ferari svojevremeno se slikala sa dve velike zmije, koje su joj obavile celo telo.
            Fotografije su našle put do javnosti, pa se atraktivna učesnica rijalitija "Parovi" može pohvaliti hrabrošću
            da je "pripitomila" dva pitona različite boje, a tokom slikanja pozirala je sa sve osmehom na licu.
            Obučena u animal print i ružičastu nijansu, fotografisala se i spreda, ali i od pozadi. Verujemo da joj
            makar malo nije bilo svejedno kada su životinje počele da se provlače po njenom telu.
            Koja nova šok izjava provokativne Atine je šokirala mnoge saznajte OVDE. Zbog čega je kažnjena od strane
            produkcije pročitajte OVDE.
        </article-text-transliterated>
    </article>
    <comments>
        <comments-count>0</comments-count>
        <comment-list/>
    </comments>
</document>