<document global-id="sr-05-10461">
    <url>
        https://www.srbijadanas.com/vesti/region/tajana-gudens-supruga-straheovog-saradnika-zena-od-poverenja-milorada-dodika-srpkinja-koja-spaja-bec-2019-05-18
    </url>
    <source-id>sr-05</source-id>
    <local-id>10461</local-id>
    <source-name>Srbija_danas</source-name>
    <article>
        <article-title>TAJANA GUDENS, SUPRUGA ŠTRAHEOVOG SARADNIKA, ŽENA OD POVERENJA MILORADA DODIKA: Srpkinja koja
            spaja Beč i Banjaluku
        </article-title>
        <article-title-transliterated>TAJANA GUDENS, SUPRUGA ŠTRAHEOVOG SARADNIKA, ŽENA OD POVERENJA MILORADA DODIKA:
            Srpkinja koja spaja Beč i Banjaluku
        </article-title-transliterated>
        <article-time>2019-05-18</article-time>
        <article-author>Srbija Danas/Deutsche Welle</article-author>
        <article-text>Skrivena kamera sa Ibice uzdrmala je austrijsku političku scenu. Dvojica vodećih ljudi desničarske
            FPÖ tu ugovaraju sumnjive poslove, a sa njima je i supruga jednog od njih – Srpkinja Tajana Gudenus. Ko je
            ta mlada žena!
            Austriju trese snimak na kojem vodeći političari desničarske Slobodarske partije Austrije (FPÖ) prave
            sumnjive dilove sa navodnom ruskom bogatašicom za koju će se ispostaviti da je bila mamac. Tajno snimljeni
            sastanak u jednoj vili na Ibici već je uzdrmao Vladu u Beču, a vicekancelar Hajnc-Kristijan Štrahe je
            ponudio ostavku. Na snimcima se, pored Štrahea i njegove desne ruke, šefa poslaničkog kluba Johana Gudenusa,
            vidi i supruga ovog potonjeg Tajana Gudenus. Pred njom dvojica političara sa navodnom ruskom stranom
            dogovaraju sumnjive partijske i biznis poduhvate koji su možda i sa one strane zakona.
            Tajana Gudenus, rođena Tajčić, prema pisanju austrijskih medija, potiče iz srpske porodice iz Hrvatske. U
            medijima se navodi da su izbegli u Banjaluku nakon početka rata 1992. godine. Njena majka je "javna
            beležnica sa odličnim vezama u glavnom gradu bosanskih Srba".
            Tajčić se 2007. preselila u Beč bez ikakvog znanja nemačkog i kroz pet godina završila osnovne studije, a
            zatim i master-studije ekonomije te doktorske studije filozofije. Njene fotografije se nalaze na stranicama
            na kojima se reklamiraju foto-modeli. Od 2014. se volonterski angažuje u austrijskom "Fondu za integraciju".
            Rekla je da je kroz svoju priču htela da pokaže ljudima sa migrantskim bekgraundom "da na osnovu porekla
            nemaju manje nego više šansi" zbog više jezika koje govore, preneo je jedan austrijski portal.
             Vodi blog "Baby and Beauty" gde piše o tome kako je biti majka.
            Drugi brak Johana Gudenusa (42) sa tom skoro dvostruko mlađom Srpkinjom (22) bio je često tema austrijskih
            trač-magazina koji su prošlog meseca javili da je Tajana navodno ponovo trudna. Roditelji navodno očekuju
            dečaka. Njihova prva kćer Anastasija (Anastasia) nedavno je navršila godinu dana. Gudenus je tada za srpsku
            državnu agenciju "Tanjug" govorio da je Anastasija "staro hrišćansko ime koje znači vaskrsenje i spaja kako
            Srbe, tako i Austrijance“.
            Veza je u medijima često tumačena u političkom ključu. Iako su se opštinski venčali 2016, naredne godine
            upriličeno je tradicionalno pravoslavno venčanje u Hramu Hrista spasitelja usred Banjaluke. Jedan od gostiju
            bio je i Milorad Dodik, sa kojim se Gudenus često sreće. O tom venčanju je pisao i bečki list "Kurir" pod
            naslovom "Slovenska mreža FPÖ". Politikolozi koji su tada govorili za taj list ukazali su na tesne veze
            "slobodaraca" sa srpskim i ruskim političarima.

            Prošle godine je na obeležavanju spornog Dana Republike Srpske Dodik predao ordenje Gudenusu za njge, ali i
            za Štrahea, koji nije mogao lično da dođe.
            Nekoliko meseci ranije je Štrahe u jednom intervjuu za RTRS u Banjaluci govorio o mogućem otcepljenju RS od
            Bosne i Hercegovine:
            -Da Srbi, ali i Hrvati, naravno treba da dobiju pravo da odluče da li žele da ustanove nezavisna upravna
            područja u Bosni i Hercegovini na dugi rok ili možda u pravcu drugačijeg samoopredeljenja i odluke o
            suverenitetu, možda i da se omogući spajanje sa Srbijom ili Hrvatskom uz promenu državnih granica - rekao je
            Štrahe.
            "Srce FPÖ već dugo kuca za bosanske Srbe“ , napisao je povodom dodele ordena bečki dnevnik "Prese". "Dojče
            vele" je više puta pisao o javnim simpatijama austrijskih desničara za "srpsku stvar" bilo u BiH ili na
            Kosovu. U tom čitanju je FPÖ, stranka koja se bori protiv migracije i često hrani predrasude prema
            muslimanima, otkrila srpsku zajednicu u Austriji kao važan deo biračkog tela. Štrahe je recimo tokom nekih
            kampanja na ruci nosio brojanicu u plavoj boji "slobodaraca" i hvalio svoje komšije Srbe.
            Slično je i sa Gudenusom o kojem su srpski mediji pisali u tabloidnom maniru, nazivajući ga "srpskim zetom".
            - Gudenus se, pored toga što se oženio za devojku "naše gore list", i ranije dokazao kao veliki prijatelj
            srpskog naroda i družio se sa Srbima, redovno posećivao srpske kafiće, a za kuma je uzeo Srbina Konstantina
            Dobrilovića -  pisao je ranije beogradski "Blic".
            O političkim stavovima Tajane Gudenus je malo poznato. Na društvenim mrežama često postavlja fotografije i
            snimke, retko piše. Na Fejsbuku je u septembru 2016. napisala: "Balkan: Mladi odlaze ili žele da odu,
            stariji bi otišli da su nešto mlađi... Penzioneri jedu iz kontejnera, obrazovani mladi ljudi žive kod
            roditelja, koji pozajmljuju od svojih roditelja, penzionera, da bi prehranili obrazovane mlade ljude.
            Patriotizam već dugo vise nije in. Tim više me čudi činjenica da nacionalizam i dalje jeste."
            Ona je tada dodala da joj je najveći strah novi rat na Balkanu: "Ne dozvolimo da državom vladaju loši đaci:
            nepismeni političari, korumpirani direktori i starlete. Borimo se, ali zajedno: protiv tih koji bi da se
            ponovo međusobno uništavamo, tj. samouništavamo. Ne dozvolimo da nam govore da je nemoguća saradnja
            Beograda, Zagreba i Sarajeva, jer grad čine ljudi, a ljude tih gradova povezuju ne samo isti strahovi i
            problemi, već i isti mentalitet, smisao za humor i jezik. Rasparčali smo se u državice, čuvajmo bar njih."
            Po svemu sudeći, vrtoglavi uspon karijere Johana Gudenusa sada nailazi na ogromnu prepreku. Austrijski
            kancelar Sebastijan Kurc je u subotu isključio mogućnost da u Vladi dalje sarađuje sa Štraheom nakon čega je
            ovaj podneo ostavku. Gudenus je u medijima često opisivan kao Štraheov "politički sin" i viđen kao naslednik
            jednog dana.
            Do snimka sa Ibice nije bilo jasno do koje je mere Tajana Gudenus upućena u politički rad svog supruga. Na
            osnovu videa bi se moglo pomisliti da je upućena vrlo detaljno, s obzirom da su Gudenus i Štrahe pred njom
            govorili o preuzimanju medija, dodeli tendera i sumnjivim partijskim donacijama. Na isečcima sedmosatnog
            snimka koje su objavili mediji Tajana se nije uključivala u razgovor.
        </article-text>
        <article-text-transliterated>Skrivena kamera sa Ibice uzdrmala je austrijsku političku scenu. Dvojica vodećih
            ljudi desničarske FPÖ tu ugovaraju sumnjive poslove, a sa njima je i supruga jednog od njih – Srpkinja
            Tajana Gudenus. Ko je ta mlada žena!
            Austriju trese snimak na kojem vodeći političari desničarske Slobodarske partije Austrije (FPÖ) prave
            sumnjive dilove sa navodnom ruskom bogatašicom za koju će se ispostaviti da je bila mamac. Tajno snimljeni
            sastanak u jednoj vili na Ibici već je uzdrmao Vladu u Beču, a vicekancelar Hajnc-Kristijan Štrahe je
            ponudio ostavku. Na snimcima se, pored Štrahea i njegove desne ruke, šefa poslaničkog kluba Johana Gudenusa,
            vidi i supruga ovog potonjeg Tajana Gudenus. Pred njom dvojica političara sa navodnom ruskom stranom
            dogovaraju sumnjive partijske i biznis poduhvate koji su možda i sa one strane zakona.
            Tajana Gudenus, rođena Tajčić, prema pisanju austrijskih medija, potiče iz srpske porodice iz Hrvatske. U
            medijima se navodi da su izbegli u Banjaluku nakon početka rata 1992. godine. Njena majka je "javna
            beležnica sa odličnim vezama u glavnom gradu bosanskih Srba".
            Tajčić se 2007. preselila u Beč bez ikakvog znanja nemačkog i kroz pet godina završila osnovne studije, a
            zatim i master-studije ekonomije te doktorske studije filozofije. Njene fotografije se nalaze na stranicama
            na kojima se reklamiraju foto-modeli. Od 2014. se volonterski angažuje u austrijskom "Fondu za integraciju".
            Rekla je da je kroz svoju priču htela da pokaže ljudima sa migrantskim bekgraundom "da na osnovu porekla
            nemaju manje nego više šansi" zbog više jezika koje govore, preneo je jedan austrijski portal.
             Vodi blog "Baby and Beauty" gde piše o tome kako je biti majka.
            Drugi brak Johana Gudenusa (42) sa tom skoro dvostruko mlađom Srpkinjom (22) bio je često tema austrijskih
            trač-magazina koji su prošlog meseca javili da je Tajana navodno ponovo trudna. Roditelji navodno očekuju
            dečaka. Njihova prva kćer Anastasija (Anastasia) nedavno je navršila godinu dana. Gudenus je tada za srpsku
            državnu agenciju "Tanjug" govorio da je Anastasija "staro hrišćansko ime koje znači vaskrsenje i spaja kako
            Srbe, tako i Austrijance“.
            Veza je u medijima često tumačena u političkom ključu. Iako su se opštinski venčali 2016, naredne godine
            upriličeno je tradicionalno pravoslavno venčanje u Hramu Hrista spasitelja usred Banjaluke. Jedan od gostiju
            bio je i Milorad Dodik, sa kojim se Gudenus često sreće. O tom venčanju je pisao i bečki list "Kurir" pod
            naslovom "Slovenska mreža FPÖ". Politikolozi koji su tada govorili za taj list ukazali su na tesne veze
            "slobodaraca" sa srpskim i ruskim političarima.

            Prošle godine je na obeležavanju spornog Dana Republike Srpske Dodik predao ordenje Gudenusu za njge, ali i
            za Štrahea, koji nije mogao lično da dođe.
            Nekoliko meseci ranije je Štrahe u jednom intervjuu za RTRS u Banjaluci govorio o mogućem otcepljenju RS od
            Bosne i Hercegovine:
            -Da Srbi, ali i Hrvati, naravno treba da dobiju pravo da odluče da li žele da ustanove nezavisna upravna
            područja u Bosni i Hercegovini na dugi rok ili možda u pravcu drugačijeg samoopredeljenja i odluke o
            suverenitetu, možda i da se omogući spajanje sa Srbijom ili Hrvatskom uz promenu državnih granica - rekao je
            Štrahe.
            "Srce FPÖ već dugo kuca za bosanske Srbe“ , napisao je povodom dodele ordena bečki dnevnik "Prese". "Dojče
            vele" je više puta pisao o javnim simpatijama austrijskih desničara za "srpsku stvar" bilo u BiH ili na
            Kosovu. U tom čitanju je FPÖ, stranka koja se bori protiv migracije i često hrani predrasude prema
            muslimanima, otkrila srpsku zajednicu u Austriji kao važan deo biračkog tela. Štrahe je recimo tokom nekih
            kampanja na ruci nosio brojanicu u plavoj boji "slobodaraca" i hvalio svoje komšije Srbe.
            Slično je i sa Gudenusom o kojem su srpski mediji pisali u tabloidnom maniru, nazivajući ga "srpskim zetom".
            - Gudenus se, pored toga što se oženio za devojku "naše gore list", i ranije dokazao kao veliki prijatelj
            srpskog naroda i družio se sa Srbima, redovno posećivao srpske kafiće, a za kuma je uzeo Srbina Konstantina
            Dobrilovića -  pisao je ranije beogradski "Blic".
            O političkim stavovima Tajane Gudenus je malo poznato. Na društvenim mrežama često postavlja fotografije i
            snimke, retko piše. Na Fejsbuku je u septembru 2016. napisala: "Balkan: Mladi odlaze ili žele da odu,
            stariji bi otišli da su nešto mlađi... Penzioneri jedu iz kontejnera, obrazovani mladi ljudi žive kod
            roditelja, koji pozajmljuju od svojih roditelja, penzionera, da bi prehranili obrazovane mlade ljude.
            Patriotizam već dugo vise nije in. Tim više me čudi činjenica da nacionalizam i dalje jeste."
            Ona je tada dodala da joj je najveći strah novi rat na Balkanu: "Ne dozvolimo da državom vladaju loši đaci:
            nepismeni političari, korumpirani direktori i starlete. Borimo se, ali zajedno: protiv tih koji bi da se
            ponovo međusobno uništavamo, tj. samouništavamo. Ne dozvolimo da nam govore da je nemoguća saradnja
            Beograda, Zagreba i Sarajeva, jer grad čine ljudi, a ljude tih gradova povezuju ne samo isti strahovi i
            problemi, već i isti mentalitet, smisao za humor i jezik. Rasparčali smo se u državice, čuvajmo bar njih."
            Po svemu sudeći, vrtoglavi uspon karijere Johana Gudenusa sada nailazi na ogromnu prepreku. Austrijski
            kancelar Sebastijan Kurc je u subotu isključio mogućnost da u Vladi dalje sarađuje sa Štraheom nakon čega je
            ovaj podneo ostavku. Gudenus je u medijima često opisivan kao Štraheov "politički sin" i viđen kao naslednik
            jednog dana.
            Do snimka sa Ibice nije bilo jasno do koje je mere Tajana Gudenus upućena u politički rad svog supruga. Na
            osnovu videa bi se moglo pomisliti da je upućena vrlo detaljno, s obzirom da su Gudenus i Štrahe pred njom
            govorili o preuzimanju medija, dodeli tendera i sumnjivim partijskim donacijama. Na isečcima sedmosatnog
            snimka koje su objavili mediji Tajana se nije uključivala u razgovor.
        </article-text-transliterated>
    </article>
    <comments>
        <comments-count>0</comments-count>
        <comment-list/>
    </comments>
</document>