<document global-id="sr-05-10049">
    <url>
        https://www.srbijadanas.com/clanak/sve-o-premijeru-sto-do-sada-niste-znali-aleksandar-vucic-iz-drugog-ugla-video-21-04-2016
    </url>
    <source-id>sr-05</source-id>
    <local-id>10049</local-id>
    <source-name>Srbija_danas</source-name>
    <article>
        <article-title>SVE O PREMIJERU ŠTO DO SADA NISTE ZNALI: Aleksandar Vučić iz drugog ugla (VIDEO)</article-title>
        <article-title-transliterated>SVE O PREMIJERU ŠTO DO SADA NISTE ZNALI: Aleksandar Vučić iz drugog ugla (VIDEO)
        </article-title-transliterated>
        <article-time>2016-04-21</article-time>
        <article-author>Srbija Danas</article-author>
        <article-text>Do sada nikad objavljeni snimak premijera Srbije i lidera Srpske napredne stranke Aleksandra
            Vučića iz rodnog mesta njegovih roditelja i predaka.
            Naime, u emisiji koja je nosila simboličan naziv "KO JE ALEKSANDAR VUČIĆ", prikazanoj na TV Prva
            predstavljen je premijer Srbije iz drugog ugla.
            ZAJEDNIČKA KONFERENCIJA VUČIĆA I ŠREDERA ZA MEDIJE: Srbija može napred samo radom, a ne obećanjima!
            Aleksandar Vučić rođen je u Beogradu 5. marta 1970. godine srpski je pravnik i političar, predsednik Vlade
            Republike Srbije i predsednik Srpske napredne stranke. Bivši je ministar odbrane i ministar za informisanje.
            Rođen je kao stariji sin Angeline (devojačko Milovanov) i Anđelka Vučića. Bio je odličan učenik i u osnovnoj
            školi "Branko Radičević" i u Zemunskoj gimnaziji.
            VUČIĆ: Hoćemo državu koja ne treba da uzima ni od koga, već da omogući uslove da ljudi rade svoj posao
            Pobeđivao je na gradskim i republičkim takmičenjima iz istorije, a bio je i pionirski prvak Beograda u šahu.
            Završio je Pravni fakultet u Beogradu, a usavršavao je engleski jezik u Engleskoj, u Brajtonu. Kao jedan od
            najboljih studenata generacije bio je i stipendista „Fondacije za razvoj naučnog podmlatka“. Radio je na
            „Kanalu S“ na Palama, Republika Srpska, 1992. i 1993, gde je pripremao i vodio vesti na engleskom jeziku,
            blok iz sveta, intervjue i reportaže. Trenirao je košarku i igrao fudbal. Poznat je kao navijač beogradske
            Crvene zvezde. Oženjen je i ima dvoje dece.

            Pogledajte emisiju KO JE VUČIĆ:
        </article-text>
        <article-text-transliterated>Do sada nikad objavljeni snimak premijera Srbije i lidera Srpske napredne stranke
            Aleksandra Vučića iz rodnog mesta njegovih roditelja i predaka.
            Naime, u emisiji koja je nosila simboličan naziv "KO JE ALEKSANDAR VUČIĆ", prikazanoj na TV Prva
            predstavljen je premijer Srbije iz drugog ugla.
            ZAJEDNIČKA KONFERENCIJA VUČIĆA I ŠREDERA ZA MEDIJE: Srbija može napred samo radom, a ne obećanjima!
            Aleksandar Vučić rođen je u Beogradu 5. marta 1970. godine srpski je pravnik i političar, predsednik Vlade
            Republike Srbije i predsednik Srpske napredne stranke. Bivši je ministar odbrane i ministar za informisanje.
            Rođen je kao stariji sin Angeline (devojačko Milovanov) i Anđelka Vučića. Bio je odličan učenik i u osnovnoj
            školi "Branko Radičević" i u Zemunskoj gimnaziji.
            VUČIĆ: Hoćemo državu koja ne treba da uzima ni od koga, već da omogući uslove da ljudi rade svoj posao
            Pobeđivao je na gradskim i republičkim takmičenjima iz istorije, a bio je i pionirski prvak Beograda u šahu.
            Završio je Pravni fakultet u Beogradu, a usavršavao je engleski jezik u Engleskoj, u Brajtonu. Kao jedan od
            najboljih studenata generacije bio je i stipendista „Fondacije za razvoj naučnog podmlatka“. Radio je na
            „Kanalu S“ na Palama, Republika Srpska, 1992. i 1993, gde je pripremao i vodio vesti na engleskom jeziku,
            blok iz sveta, intervjue i reportaže. Trenirao je košarku i igrao fudbal. Poznat je kao navijač beogradske
            Crvene zvezde. Oženjen je i ima dvoje dece.

            Pogledajte emisiju KO JE VUČIĆ:
        </article-text-transliterated>
    </article>
    <comments>
        <comments-count>53</comments-count>
        <comment-list>
            <comment comment-id="1">
                <comment-parent-id/>
                <comment-text>Sve "postene stranke" su me zvale telefonom da mole za glas, da pricaju bajke,nikog nisam
                    saslusala, inace nisam clan ni jedne od njih. Koliko pljuvanja i ostrascenosti prema premijeru su
                    iskazali, ne zasluzuju ni da im se ime pomene. Time su govorili o sebi. A on je u citavoj kampanji
                    ostao GOSPODIN I IZNAD SVIH.
                </comment-text>
                <comment-text-transliterated>Sve "postene stranke" su me zvale telefonom da mole za glas, da pricaju
                    bajke,nikog nisam saslusala, inace nisam clan ni jedne od njih. Koliko pljuvanja i ostrascenosti
                    prema premijeru su iskazali, ne zasluzuju ni da im se ime pomene. Time su govorili o sebi. A on je u
                    citavoj kampanji ostao GOSPODIN I IZNAD SVIH.
                </comment-text-transliterated>
            </comment>
            <comment comment-id="2">
                <comment-parent-id/>
                <comment-text>Srbija u poslednjih 20 godina nije imala nikog ko moze da se uporedi sa Vucicem.
                    Konkurenti mogu da mu zavide. A pred narodom TREBA DA SE STIDE. Da se stide svojih nedela. Nadam se
                    da je ovaj narod konacno progledao.
                </comment-text>
                <comment-text-transliterated>Srbija u poslednjih 20 godina nije imala nikog ko moze da se uporedi sa
                    Vucicem. Konkurenti mogu da mu zavide. A pred narodom TREBA DA SE STIDE. Da se stide svojih nedela.
                    Nadam se da je ovaj narod konacno progledao.
                </comment-text-transliterated>
            </comment>
            <comment comment-id="3">
                <comment-parent-id/>
                <comment-text>Srbija u poslednjih 20 godina nije imala nikog ko moze da se uporedi sa Vucicem.
                    Konkurenti mogu da mu zavide. A pred narodom TREBA DA SE STIDE. Da se stide svojih nedela. Nadam se
                    da je ovaj narod konacno progledao.
                </comment-text>
                <comment-text-transliterated>Srbija u poslednjih 20 godina nije imala nikog ko moze da se uporedi sa
                    Vucicem. Konkurenti mogu da mu zavide. A pred narodom TREBA DA SE STIDE. Da se stide svojih nedela.
                    Nadam se da je ovaj narod konacno progledao.
                </comment-text-transliterated>
            </comment>
            <comment comment-id="4">
                <comment-parent-id/>
                <comment-text>Vucic je jedini politicar koji ima ozbiljnu politiku i koji svoje reci sprovodi u dela, a
                    to je potrebno nasoj zemlji.
                </comment-text>
                <comment-text-transliterated>Vucic je jedini politicar koji ima ozbiljnu politiku i koji svoje reci
                    sprovodi u dela, a to je potrebno nasoj zemlji.
                </comment-text-transliterated>
            </comment>
            <comment comment-id="5">
                <comment-parent-id/>
                <comment-text>Vucic zasluzuje pobedu jer nije iz neke tajkunsne ili mafijaske porodice nego iz postene i
                    casne porodice
                </comment-text>
                <comment-text-transliterated>Vucic zasluzuje pobedu jer nije iz neke tajkunsne ili mafijaske porodice
                    nego iz postene i casne porodice
                </comment-text-transliterated>
            </comment>
            <comment comment-id="6">
                <comment-parent-id/>
                <comment-text>Veliki vođa i jako dobar čovek, živ nam bio još dugo godina!</comment-text>
                <comment-text-transliterated>Veliki vođa i jako dobar čovek, živ nam bio još dugo godina!
                </comment-text-transliterated>
            </comment>
            <comment comment-id="7">
                <comment-parent-id/>
                <comment-text>Vucic ima bogatu biografiju i karijeru kojom moze da se ponosi. Uradio je mnogo za Srbiju
                    i srpski narod i jedini,ali i inajbolji nacin da mu se oduzimo jeste da mu pruzimo maksmilanu
                    podrsku na ovim izborima. Do pobede!
                </comment-text>
                <comment-text-transliterated>Vucic ima bogatu biografiju i karijeru kojom moze da se ponosi. Uradio je
                    mnogo za Srbiju i srpski narod i jedini,ali i inajbolji nacin da mu se oduzimo jeste da mu pruzimo
                    maksmilanu podrsku na ovim izborima. Do pobede!
                </comment-text-transliterated>
            </comment>
            <comment comment-id="8">
                <comment-parent-id/>
                <comment-text>Čovek sasvim normalan i baš onakav kakav treba da bude na mestu premijera.</comment-text>
                <comment-text-transliterated>Čovek sasvim normalan i baš onakav kakav treba da bude na mestu
                    premijera.
                </comment-text-transliterated>
            </comment>
            <comment comment-id="9">
                <comment-parent-id/>
                <comment-text>pre svega fin,obrazovan i vaspitan covek.</comment-text>
                <comment-text-transliterated>pre svega fin,obrazovan i vaspitan covek.</comment-text-transliterated>
            </comment>
            <comment comment-id="10">
                <comment-parent-id/>
                <comment-text>Premijer Srbije je pošten,vredan,iskren ,radan čovek.</comment-text>
                <comment-text-transliterated>Premijer Srbije je pošten,vredan,iskren ,radan čovek.
                </comment-text-transliterated>
            </comment>
            <comment comment-id="11">
                <comment-parent-id/>
                <comment-text>Vucic je jedini politicar koji neumorno i konstantno radi samo da bi stvorio bolje uslove
                    za sve nas.
                </comment-text>
                <comment-text-transliterated>Vucic je jedini politicar koji neumorno i konstantno radi samo da bi
                    stvorio bolje uslove za sve nas.
                </comment-text-transliterated>
            </comment>
            <comment comment-id="12">
                <comment-parent-id/>
                <comment-text>Na celu drzave imamo jakog lidera.</comment-text>
                <comment-text-transliterated>Na celu drzave imamo jakog lidera.</comment-text-transliterated>
            </comment>
            <comment comment-id="13">
                <comment-parent-id/>
                <comment-text>Vucic nista nekrije, pa tako ni svoje poreklo..</comment-text>
                <comment-text-transliterated>Vucic nista nekrije, pa tako ni svoje poreklo..
                </comment-text-transliterated>
            </comment>
            <comment comment-id="14">
                <comment-parent-id/>
                <comment-text>Nas covek koji zna sta je majka Srbija za koju se bori daima bolju buducnost.
                </comment-text>
                <comment-text-transliterated>Nas covek koji zna sta je majka Srbija za koju se bori daima bolju
                    buducnost.
                </comment-text-transliterated>
            </comment>
            <comment comment-id="15">
                <comment-parent-id/>
                <comment-text>Nema cega da se stidi.Zato moze ovako dostojanstveno Srbiju predstavljati svugde.
                </comment-text>
                <comment-text-transliterated>Nema cega da se stidi.Zato moze ovako dostojanstveno Srbiju predstavljati
                    svugde.
                </comment-text-transliterated>
            </comment>
            <comment comment-id="16">
                <comment-parent-id/>
                <comment-text>po meni je normalno da javnost ne zna sve o coveku koji je premijer jer on ima pravo na
                    svoju privatnost!!!
                </comment-text>
                <comment-text-transliterated>po meni je normalno da javnost ne zna sve o coveku koji je premijer jer on
                    ima pravo na svoju privatnost!!!
                </comment-text-transliterated>
            </comment>
            <comment comment-id="17">
                <comment-parent-id/>
                <comment-text>On je jedan pošten, iskren, skroman čovek, kojem nije ništa teško da uradi za svoj narod i
                    koji se uvek trudi da narodu udovlji. Ovakvog čoveka Srbioja i njeni građani treba da čuvaju jer ako
                    njega izgubimo izgubila je Srbija.
                </comment-text>
                <comment-text-transliterated>On je jedan pošten, iskren, skroman čovek, kojem nije ništa teško da uradi
                    za svoj narod i koji se uvek trudi da narodu udovlji. Ovakvog čoveka Srbioja i njeni građani treba
                    da čuvaju jer ako njega izgubimo izgubila je Srbija.
                </comment-text-transliterated>
            </comment>
            <comment comment-id="18">
                <comment-parent-id/>
                <comment-text>Vidi se da je emotivno vezan za svoju dedovinu.</comment-text>
                <comment-text-transliterated>Vidi se da je emotivno vezan za svoju dedovinu.
                </comment-text-transliterated>
            </comment>
            <comment comment-id="19">
                <comment-parent-id/>
                <comment-text>Aleksandar Vučić rođen je u Beogradu 5. marta 1970. godine srpski je pravnik i političar,
                    predsednik Vlade Republike Srbije i predsednik Srpske napredne stranke. Bivši je ministar odbrane i
                    ministar za informisanje. Aleksandar Vučić je zaista najpošteniji političar u Srbiji. Srbija ima
                    premijera koji voli svoj narod i državu i koji radi na tome da građani Srbije žive bolje.
                </comment-text>
                <comment-text-transliterated>Aleksandar Vučić rođen je u Beogradu 5. marta 1970. godine srpski je
                    pravnik i političar, predsednik Vlade Republike Srbije i predsednik Srpske napredne stranke. Bivši
                    je ministar odbrane i ministar za informisanje. Aleksandar Vučić je zaista najpošteniji političar u
                    Srbiji. Srbija ima premijera koji voli svoj narod i državu i koji radi na tome da građani Srbije
                    žive bolje.
                </comment-text-transliterated>
            </comment>
            <comment comment-id="20">
                <comment-parent-id/>
                <comment-text>VELIK MITING JE BIO U BEOGRADU. SVE POHVALE ZA TO!</comment-text>
                <comment-text-transliterated>VELIK MITING JE BIO U BEOGRADU. SVE POHVALE ZA TO!
                </comment-text-transliterated>
            </comment>
            <comment comment-id="21">
                <comment-parent-id/>
                <comment-text>Premijer je obican covek koji je odrastao u pristojnom okruzenju i koji je takve vrednosti
                    preneo i u politicki zivot.Lepo je videti da imamo takvog coveka na celu drzave.
                </comment-text>
                <comment-text-transliterated>Premijer je obican covek koji je odrastao u pristojnom okruzenju i koji je
                    takve vrednosti preneo i u politicki zivot.Lepo je videti da imamo takvog coveka na celu drzave.
                </comment-text-transliterated>
            </comment>
            <comment comment-id="22">
                <comment-parent-id/>
                <comment-text>Gradjanima je najvaznije da zna da je Vucic sposoban drzavnik koji se iskreno i lavovski
                    bori za bolju buducnost naroda i Srbije.
                </comment-text>
                <comment-text-transliterated>Gradjanima je najvaznije da zna da je Vucic sposoban drzavnik koji se
                    iskreno i lavovski bori za bolju buducnost naroda i Srbije.
                </comment-text-transliterated>
            </comment>
            <comment comment-id="23">
                <comment-parent-id/>
                <comment-text>Premijer koji zasluzuje punu podrsku naroda.</comment-text>
                <comment-text-transliterated>Premijer koji zasluzuje punu podrsku naroda.</comment-text-transliterated>
            </comment>
            <comment comment-id="24">
                <comment-parent-id/>
                <comment-text>Normalan covek iz naroda!</comment-text>
                <comment-text-transliterated>Normalan covek iz naroda!</comment-text-transliterated>
            </comment>
            <comment comment-id="25">
                <comment-parent-id/>
                <comment-text>Skroz normalan i obican covek kao i vecina nas.</comment-text>
                <comment-text-transliterated>Skroz normalan i obican covek kao i vecina nas.
                </comment-text-transliterated>
            </comment>
            <comment comment-id="26">
                <comment-parent-id/>
                <comment-text>Premijer je jedna normalna i pristupacna osoba.</comment-text>
                <comment-text-transliterated>Premijer je jedna normalna i pristupacna osoba.
                </comment-text-transliterated>
            </comment>
            <comment comment-id="27">
                <comment-parent-id/>
                <comment-text>Svoje korene svaki čovek mora da poštuje.</comment-text>
                <comment-text-transliterated>Svoje korene svaki čovek mora da poštuje.</comment-text-transliterated>
            </comment>
            <comment comment-id="28">
                <comment-parent-id/>
                <comment-text>Ostvareni rezultati, pored visokog obrazovanja, pokazuju svestranost, posvećenost, kao i
                    upornost i ambiciju koju jedan premijer i treba da poseduje!
                </comment-text>
                <comment-text-transliterated>Ostvareni rezultati, pored visokog obrazovanja, pokazuju svestranost,
                    posvećenost, kao i upornost i ambiciju koju jedan premijer i treba da poseduje!
                </comment-text-transliterated>
            </comment>
            <comment comment-id="29">
                <comment-parent-id/>
                <comment-text>pobedjivao kao klinac i omladinac ,pobedjuje i sad ,a ti pajticu i dalje bilduj i
                    projektuj se po istri sa macanom.
                </comment-text>
                <comment-text-transliterated>pobedjivao kao klinac i omladinac ,pobedjuje i sad ,a ti pajticu i dalje
                    bilduj i projektuj se po istri sa macanom.
                </comment-text-transliterated>
            </comment>
            <comment comment-id="30">
                <comment-parent-id/>
                <comment-text>Predivna emisija, uzivala sam gledajuci je</comment-text>
                <comment-text-transliterated>Predivna emisija, uzivala sam gledajuci je</comment-text-transliterated>
            </comment>
            <comment comment-id="31">
                <comment-parent-id/>
                <comment-text>Vucic je covek za primer</comment-text>
                <comment-text-transliterated>Vucic je covek za primer</comment-text-transliterated>
            </comment>
            <comment comment-id="32">
                <comment-parent-id/>
                <comment-text>Porodican jasnih vizija nepokolebljivo krcio put ka vrhu. Aleksandar Vucic</comment-text>
                <comment-text-transliterated>Porodican jasnih vizija nepokolebljivo krcio put ka vrhu. Aleksandar
                    Vucic
                </comment-text-transliterated>
            </comment>
            <comment comment-id="33">
                <comment-parent-id/>
                <comment-text>Vidi se da je iz poštene porodice što je veliki plus za njega i njegovu karijeru.
                </comment-text>
                <comment-text-transliterated>Vidi se da je iz poštene porodice što je veliki plus za njega i njegovu
                    karijeru.
                </comment-text-transliterated>
            </comment>
            <comment comment-id="34">
                <comment-parent-id/>
                <comment-text>Narodni covek, iz naroda za narod. Inteligentan i sposoban.</comment-text>
                <comment-text-transliterated>Narodni covek, iz naroda za narod. Inteligentan i sposoban.
                </comment-text-transliterated>
            </comment>
            <comment comment-id="35">
                <comment-parent-id/>
                <comment-text>Normalan i pristojan covek , ponosna je Srbija na svog premijera!</comment-text>
                <comment-text-transliterated>Normalan i pristojan covek , ponosna je Srbija na svog premijera!
                </comment-text-transliterated>
            </comment>
            <comment comment-id="36">
                <comment-parent-id/>
                <comment-text>Da smo birali boljeg ne bi izabrali.Rodjen da spase Srbiju je nas premijer.</comment-text>
                <comment-text-transliterated>Da smo birali boljeg ne bi izabrali.Rodjen da spase Srbiju je nas
                    premijer.
                </comment-text-transliterated>
            </comment>
            <comment comment-id="37">
                <comment-parent-id/>
                <comment-text>Taj ugao najviše govori o čoveku, a o njemu je puno rekao. Svaka čast.</comment-text>
                <comment-text-transliterated>Taj ugao najviše govori o čoveku, a o njemu je puno rekao. Svaka čast.
                </comment-text-transliterated>
            </comment>
            <comment comment-id="38">
                <comment-parent-id/>
                <comment-text>Nijednu mrlju ne mogu da nadju.</comment-text>
                <comment-text-transliterated>Nijednu mrlju ne mogu da nadju.</comment-text-transliterated>
            </comment>
            <comment comment-id="39">
                <comment-parent-id/>
                <comment-text>Sada smo saznali i neke stvari o Vucicu koje nemaju veze sa politikom. Pristojan i vredan
                    covek koji postuje tradiciju.
                </comment-text>
                <comment-text-transliterated>Sada smo saznali i neke stvari o Vucicu koje nemaju veze sa politikom.
                    Pristojan i vredan covek koji postuje tradiciju.
                </comment-text-transliterated>
            </comment>
            <comment comment-id="40">
                <comment-parent-id/>
                <comment-text>Covek koji je na prvom mestu posten radan i sto obeca ispuni</comment-text>
                <comment-text-transliterated>Covek koji je na prvom mestu posten radan i sto obeca ispuni
                </comment-text-transliterated>
            </comment>
            <comment comment-id="41">
                <comment-parent-id/>
                <comment-text>Mislim da je najbolje glasati za njega i SNS.</comment-text>
                <comment-text-transliterated>Mislim da je najbolje glasati za njega i SNS.</comment-text-transliterated>
            </comment>
            <comment comment-id="42">
                <comment-parent-id/>
                <comment-text>Vučić je jedna normalna i poštena osoba.</comment-text>
                <comment-text-transliterated>Vučić je jedna normalna i poštena osoba.</comment-text-transliterated>
            </comment>
            <comment comment-id="43">
                <comment-parent-id/>
                <comment-text>Ovaj video pokazuje da se premijer može ponositi svoji poreklom.</comment-text>
                <comment-text-transliterated>Ovaj video pokazuje da se premijer može ponositi svoji poreklom.
                </comment-text-transliterated>
            </comment>
            <comment comment-id="44">
                <comment-parent-id/>
                <comment-text>Drago mi je sto sam bio u prilici pogledati kratak film o premijeru, gde sam shvatio da je
                    covek iz naroda i covek koji vole a ne kao neki sto mrze i da ima veliko srce.
                </comment-text>
                <comment-text-transliterated>Drago mi je sto sam bio u prilici pogledati kratak film o premijeru, gde
                    sam shvatio da je covek iz naroda i covek koji vole a ne kao neki sto mrze i da ima veliko srce.
                </comment-text-transliterated>
            </comment>
            <comment comment-id="45">
                <comment-parent-id/>
                <comment-text>Koreni najviše govore o čoveku, ova slika o premijeru govori sve najlepeše...
                </comment-text>
                <comment-text-transliterated>Koreni najviše govore o čoveku, ova slika o premijeru govori sve
                    najlepeše...
                </comment-text-transliterated>
            </comment>
            <comment comment-id="46">
                <comment-parent-id/>
                <comment-text>Jedan pravi srpski patriota iz pristojne porodice. Naš premijer.</comment-text>
                <comment-text-transliterated>Jedan pravi srpski patriota iz pristojne porodice. Naš premijer.
                </comment-text-transliterated>
            </comment>
            <comment comment-id="47">
                <comment-parent-id/>
                <comment-text>Vučić je jedan izuzetan čovek. Niko u Srbiji nije zaslužio premijersku fotelju više od
                    njega!
                </comment-text>
                <comment-text-transliterated>Vučić je jedan izuzetan čovek. Niko u Srbiji nije zaslužio premijersku
                    fotelju više od njega!
                </comment-text-transliterated>
            </comment>
            <comment comment-id="48">
                <comment-parent-id/>
                <comment-text>Jedan je Premijer Vucic</comment-text>
                <comment-text-transliterated>Jedan je Premijer Vucic</comment-text-transliterated>
            </comment>
            <comment comment-id="49">
                <comment-parent-id/>
                <comment-text>covek na mestu,pravi predvodnik srba,koreni sve govore</comment-text>
                <comment-text-transliterated>covek na mestu,pravi predvodnik srba,koreni sve govore
                </comment-text-transliterated>
            </comment>
            <comment comment-id="50">
                <comment-parent-id/>
                <comment-text>Posten i jedan od najinteligentnijih ljudi koje imamo.</comment-text>
                <comment-text-transliterated>Posten i jedan od najinteligentnijih ljudi koje imamo.
                </comment-text-transliterated>
            </comment>
            <comment comment-id="51">
                <comment-parent-id/>
                <comment-text>Podrška na izborima će biti preko 50 posto.</comment-text>
                <comment-text-transliterated>Podrška na izborima će biti preko 50 posto.</comment-text-transliterated>
            </comment>
            <comment comment-id="52">
                <comment-parent-id/>
                <comment-text>Ne bi valjalo drugacije.</comment-text>
                <comment-text-transliterated>Ne bi valjalo drugacije.</comment-text-transliterated>
            </comment>
            <comment comment-id="53">
                <comment-parent-id/>
                <comment-text>Jedan sasvim normalan i pristojan čovek, samo je problem što se u Srbiji ne cene više
                    prave vrednosti, već nam je poremećen i izvitoperen sistem kojim vrednujemo stvari oko sebe i ljude.
                    Vučić je čovek koji je vredan svake hvale.
                </comment-text>
                <comment-text-transliterated>Jedan sasvim normalan i pristojan čovek, samo je problem što se u Srbiji ne
                    cene više prave vrednosti, već nam je poremećen i izvitoperen sistem kojim vrednujemo stvari oko
                    sebe i ljude. Vučić je čovek koji je vredan svake hvale.
                </comment-text-transliterated>
            </comment>
        </comment-list>
    </comments>
</document>