<document global-id="sr-05-10236">
    <url>
        https://www.srbijadanas.com/biz/vesti/skocio-i-izvoz-i-uvoz-srbije-u-prva-cetiri-meseca-2017-godine-2017-05-31
    </url>
    <source-id>sr-05</source-id>
    <local-id>10236</local-id>
    <source-name>Srbija_danas</source-name>
    <article>
        <article-title>Skočio i izvoz i uvoz Srbije u prva četiri meseca 2017. godine</article-title>
        <article-title-transliterated>Skočio i izvoz i uvoz Srbije u prva četiri meseca 2017. godine
        </article-title-transliterated>
        <article-time>2017-05-31</article-time>
        <article-author>Tanjug</article-author>
        <article-text>Ukupna spoljnotrgovinska robna razmena Srbije porasla je za 12,5 odsto, na 10,87 milijardi evra, u
            prva četiri meseca 2017. u odnosu na isti period prošle godine.
            Ukupna spoljnotrgovinska robna razmena Srbije porasla je za 12,5 odsto, na 10,87 milijardi evra, u prva
            četiri meseca 2017. u odnosu na isti period prošle godine, saopštio je danas Republički zavod za
            statistiku. Izvoz je u posmatranom periodu skočio za 11,8 odsto na 4,75 milijardi evra, dok jeuvoz povećan
            za 13 odsto na 6,12 milijardi u poređenju sa periodom januar-april 2016.
            Finci počinju da uče RUSKI JEZIK u školama: Biznismeni ove zemlje uložili već 30.000 evra u tu svrhu
            Rusi nam vratili 13 tona mesa, jer im nismo poslali potpunu dokumentaciju
            Deficit u robnoj razmeni sa svetom je iznosio 1,36 milijardi evra, što je povećanje od 17,5 odsto na
            godišnjem nivou. Pokrivenost uvoza izvozom iznosi 77,7 odsto, i manja je nego u lanjskom uporednom periodu
            kada je bila 78,6 posto.
            U dolarima, ukupna spoljnotrgovinska robna razmena za četiri meseca je vredela 11,59 milijardi, što je za
            7,8 odsto više nego lani.

            Izvezeno je robe u vrednosti 5,07 milijardi dolara, ili za 7,1 odsto više nego prethodne godine, a uvezeno
            za 6,52 milijarde dolara, što je porast od 8,3 procenta u odnosi na isti period 2016. Deficit iznosi 1,45
            milijardi dolara, i povećan je za 12,7 odsto.
            Glavni spoljnotrgovinski partneri u izvozu su pojedinačno bili: Italija (778,4 miliona dolara), Nemačka
            (653,9 miliona), Bosna i Hercegovina (387,7), Ruska Federacija (286,1) i Rumunija (251,9 miliona dolara).
            Najveći spoljnotrgovinski partneri u uvozu, pojedinačno, bili su: Nemačka (818,1 miliona dolara), Italija
            (654,1 milion), Ruska Federacija (578,2), Kina (521,1) i Mađarska (297 miliona dolara). Zemlje članice
            Evropske unije čine 64,9 odsto ukupne razmene.
            Drugi po važnosti spoljnotrgovinski partner su zemlje CEFTA, sa kojima imamo suficit u razmeni od 574,7
            miliona dolara. Izvoz Srbije na tržišta zemalja CEFTA iznosio je 827,3 miliona a uvoz 252,6 miliona dolara u
            posmatranom periodu. Pokrivenost uvoza izvozom je 327,5 odsto.
            Samo u aprilu 2017. godine, srpski izvoz robe je “težio” 1,24 miliona evra, što čini povećanje od 6,7 odsto
            u odnosu na isti mesec prethodne godine. Uvoz je iznosio 1,52 miliona evra, i veći je za 5,9 procenata na
            godišnjem nivou.
            Računato u evrima, desezonirani indeks april 2017 / mart 2017. godine pokazuje pad izvoza za 1,7 odsto i pad
            uvoza za 4,4 odsto, navodi se u saopštenju.
        </article-text>
        <article-text-transliterated>Ukupna spoljnotrgovinska robna razmena Srbije porasla je za 12,5 odsto, na 10,87
            milijardi evra, u prva četiri meseca 2017. u odnosu na isti period prošle godine.
            Ukupna spoljnotrgovinska robna razmena Srbije porasla je za 12,5 odsto, na 10,87 milijardi evra, u prva
            četiri meseca 2017. u odnosu na isti period prošle godine, saopštio je danas Republički zavod za
            statistiku. Izvoz je u posmatranom periodu skočio za 11,8 odsto na 4,75 milijardi evra, dok jeuvoz povećan
            za 13 odsto na 6,12 milijardi u poređenju sa periodom januar-april 2016.
            Finci počinju da uče RUSKI JEZIK u školama: Biznismeni ove zemlje uložili već 30.000 evra u tu svrhu
            Rusi nam vratili 13 tona mesa, jer im nismo poslali potpunu dokumentaciju
            Deficit u robnoj razmeni sa svetom je iznosio 1,36 milijardi evra, što je povećanje od 17,5 odsto na
            godišnjem nivou. Pokrivenost uvoza izvozom iznosi 77,7 odsto, i manja je nego u lanjskom uporednom periodu
            kada je bila 78,6 posto.
            U dolarima, ukupna spoljnotrgovinska robna razmena za četiri meseca je vredela 11,59 milijardi, što je za
            7,8 odsto više nego lani.

            Izvezeno je robe u vrednosti 5,07 milijardi dolara, ili za 7,1 odsto više nego prethodne godine, a uvezeno
            za 6,52 milijarde dolara, što je porast od 8,3 procenta u odnosi na isti period 2016. Deficit iznosi 1,45
            milijardi dolara, i povećan je za 12,7 odsto.
            Glavni spoljnotrgovinski partneri u izvozu su pojedinačno bili: Italija (778,4 miliona dolara), Nemačka
            (653,9 miliona), Bosna i Hercegovina (387,7), Ruska Federacija (286,1) i Rumunija (251,9 miliona dolara).
            Najveći spoljnotrgovinski partneri u uvozu, pojedinačno, bili su: Nemačka (818,1 miliona dolara), Italija
            (654,1 milion), Ruska Federacija (578,2), Kina (521,1) i Mađarska (297 miliona dolara). Zemlje članice
            Evropske unije čine 64,9 odsto ukupne razmene.
            Drugi po važnosti spoljnotrgovinski partner su zemlje CEFTA, sa kojima imamo suficit u razmeni od 574,7
            miliona dolara. Izvoz Srbije na tržišta zemalja CEFTA iznosio je 827,3 miliona a uvoz 252,6 miliona dolara u
            posmatranom periodu. Pokrivenost uvoza izvozom je 327,5 odsto.
            Samo u aprilu 2017. godine, srpski izvoz robe je “težio” 1,24 miliona evra, što čini povećanje od 6,7 odsto
            u odnosu na isti mesec prethodne godine. Uvoz je iznosio 1,52 miliona evra, i veći je za 5,9 procenata na
            godišnjem nivou.
            Računato u evrima, desezonirani indeks april 2017 / mart 2017. godine pokazuje pad izvoza za 1,7 odsto i pad
            uvoza za 4,4 odsto, navodi se u saopštenju.
        </article-text-transliterated>
    </article>
    <comments>
        <comments-count>0</comments-count>
        <comment-list/>
    </comments>
</document>