<document global-id="sr-05-10286">
    <url>
        https://www.srbijadanas.com/vesti/region/mrznja-prema-srbima-kao-nacionalni-i-drzavni-projekat-posle-paljenja-srpskog-sela-ovo-je-naredni-2017-08-24
    </url>
    <source-id>sr-05</source-id>
    <local-id>10286</local-id>
    <source-name>Srbija_danas</source-name>
    <article>
        <article-title>Sramota! Srbi u Hrvatskoj nisu ni narod: Posle paljenja srpskog sela OVO je naredni korak
            Hrvata
        </article-title>
        <article-title-transliterated>Sramota! Srbi u Hrvatskoj nisu ni narod: Posle paljenja srpskog sela OVO je
            naredni korak Hrvata
        </article-title-transliterated>
        <article-time>2017-08-24</article-time>
        <article-author>Srbija Danas</article-author>
        <article-text>Mržnja prema Srbima kao nacionalni i državni projekat.
            Poslednjih decenija neosporna je činjenica da su Hrvati neprijateljski nastrojeni prema srpskom narodu.
            Podstiču je čak i sami političari, a onda ga mediji i društvene mreže šire dalje. Srbofobija i sada, u 21.
            veku nije ništa manja, već kao da se raspiruje. 
            MRŽNJA KOJA NEMA GRANICU: Hrvatice zapalile selo jer tamo ŽIVE SRBI!
            Prisetimo se samo operacije Oluja u kojoj je proterano oko 250.000, a ubijeno oko 2.000 Srba. Nisu se
            zaustavili, već stalne provokacije su bile uvek aktuelne, a ovo su neke od novijih: nebrojano puta razbijene
            su dvojezične table, trgovinske takse povećane 22 puta, zatvaranje granica prema Srbiji, rehabilitacija
            ustaštva, a najnovija u nizu je podmetanje požara 20. avgusta u selu Brguda, mesta u okolini Benkovca u
            kojem živi većinom srpsko stanovništvo. Zadarska policija privela je dve ženske osobe, jednu rođenu 1996., a
            drugu rođenu 1992. godine.
            Progon koji još uvek traje: Na porodičnom pragu su mi rekli "Ti više nemaš prava ovde"
            Predsednik Saveza Srba iz regiona Miodrag Linta za portal SrbijaDanas.com kaže da se iz poslednjeg
            slučaja vidi da je to urađeno iz zločina mržnje prema Srbima.
            - Ono što je najvažnije jeste da li će sada nadležni gradski organi da procesuiraju te dve žene hrvatske
            nacionalnosti, da li će one biti kažnjene ili neće. Tu će se videti jasna poruka, ako hrvatska država ne
            bude sankcionisala te žene, jer onda će to biti prećutna saglasnost hrvatskih institucija da se to radi. Ali
            ajde da sačekamo i vidimo hoće li doći do procesuiranja tih žena - kaže Linta.
            Ponašanje Evropske unije ohrabruje USTAŠKE POSTUPKE
            Što se tiče reagovanja Evrope na datu situaciju, mišljenje našeg sagovornika je da da Evropu u velikoj meri
            ne zanima ova priča, odnosno EU neobjašnjivo ćuti na mnoge stvari koje se tiču kršenja ljudskih prava Srba u
            Hrvatskoj, koje se tiču rehabilitacije ustaške ideologije, neprimenjivanja zakona u vezi sa upotrebom
            ćirilice i srpskog jezika, opstrukcije povratka imovinsko stečenih prava itd.
            - Tako da, nažalost, upravo takvo ponašanje EU je i ohrabrilo ustaške snage u Hrvatskoj da se ponašaju tako
            kako se ponašaju.
            Ključna odgovornost je na institucijama hrvatske države, da li će Hrvatska da poštuje svoje ustave i zakone
            i sankcioniše sve one koji krše zakon ili neće, ali postavlja se pitanje hoće li se doći do radikalizacije
            ovakvih poteza Hrvata?
            - Ne verujem da bi Hrvatska dopustila da to postane raširena pojava, da Hrvati uzrokuju požare svim u onim
            delovima gde Srbi čine većinsko stanovništvo, ali da sačekamo da vidimo kako će se rešiti slučaj u vezi sa
            ove dve žene - poručuje Linta.
            S druge strane, Evropska unija je prihavtila Hrvatsku da uđe njene redove iz svojih geopolitičkih razloga
            kako bi se oslobodila uticaja Rusije na Balkanu, tvrdi za naš sajt analitičar Tomislav Kresović.
            -  Istovremeno, prihvatila je i sve ono što je hrvatska vlada od Tuđmana pa do prijema u EU radila prema
            Srbiji i prema Srbima: od otimanja imovine, nekažnjavanja zločina nakon akcija Bljesak i Oluja... Njima je
            to EU oprostila. Na unutrašnjem političkom planu sve hrvatske političke partije šire antisrpsko raspoloženje
            koje na određeni način podrazumeva šikaniranje Srba koji žive u Hrvatskoj, pritisak na njihovu imovinu,
            uništavanje ćiriličnih natpisa u opštinama sa srpskom većinom, pa i šikaniranje građana Srbije koji dolaze u
            Hrvatsku na letovanje ili prelaze preko Hrvatske, od graničnih prelaza do vređanja i uništavanja imovine.
            Prema rečima Kresovića, antisrpsko raspoloženje je u Hrvatskoj i dalje jako rašireno posle više od 20 godina
            i to je deo hrvatske politike i hrvatskog nacionalnog projekta, odnosno da se širi maksimalni pritisak prema
            Srbima što će se posebno odraziti na pritisak Hrvatske prema Srbiji za status Srbije u EU, sa raznim ucenama
            od razgraničenja na Dunavu preko ljudskih prava i drugih pitanja.
            Ipak, Srbi nikada ne bi mogli da se ponašaju na način na koji to rade Hrvati, a jedan od glavnih razloga je
            strah.
            - Srbi u Hrvatskoj nisu ni narod, ispod su kategorije manjine, oni su na nivou etničke grupe, kao što su
            Romi. Dakle od naroda Srbi su izgubili status manjine i prešli su u kategoriju etničke grupe, kao što su u
            Americi bili Indijanci. Srbi su u Hrvatskoj hrvatski Indijanci. Niko ne može zaštititi Srbe u Hrvatskoj, EU
            može samo da pritegne vladu Hrvatske i da to bude samo na nivou opšte deklaracije - obajšnjava naš
            sagovornik.
            Jedna od devojaka je priznala podmetanje požara jer, prema njenim tvrdnjama, gaji izrazitu revoltiranost
            prema Srbima još od Domovinskog rata. Da li otvoren govor mržnje najavljuje i agresivnije korake prema
            Srbima?
            Kresović smatra da neće, jer je Hrvatska postigla svoj cilj.
            - Hrvatska je postigla to što je htela: očistila je Srbe iz Hrvatske, ušla je u EU i NATO, a sada Hrvatsku
            štiti i Vatkan, toleriše antisrpsko i antipravoslavno raspoloženje, i na redu je stvaranje ideje Hrvatske
            pravoslavne crkve koja bi išla na potiranje Srpske pravoslavne crkve.
            PRORADILA SVEST O ZLOČINU: Hrvatska organizacija "Documenta" podnela krivičnu prijavu zbog akcije Oluja!
            Ideje NDH su se realizovale kod Franje Tuđmana prema Srbima, a sa druge strane Srbi su potpuno majorizovani
            u svim strukturama i oni su nezaštićeni od strane hrvatskih zakona.
            - U Hrvatskoj vlada antisrpsko raspoloženje kao državni i nacionalni projekat i on je utemeljen u dubunu
            hrvatske politike, ali i u dubinu hrvatskog naroda. Ovakvi incidenti će se ponavljati kao njihov stil
            življenja - naglašava analitičar
        </article-text>
        <article-text-transliterated>Mržnja prema Srbima kao nacionalni i državni projekat.
            Poslednjih decenija neosporna je činjenica da su Hrvati neprijateljski nastrojeni prema srpskom narodu.
            Podstiču je čak i sami političari, a onda ga mediji i društvene mreže šire dalje. Srbofobija i sada, u 21.
            veku nije ništa manja, već kao da se raspiruje. 
            MRŽNJA KOJA NEMA GRANICU: Hrvatice zapalile selo jer tamo ŽIVE SRBI!
            Prisetimo se samo operacije Oluja u kojoj je proterano oko 250.000, a ubijeno oko 2.000 Srba. Nisu se
            zaustavili, već stalne provokacije su bile uvek aktuelne, a ovo su neke od novijih: nebrojano puta razbijene
            su dvojezične table, trgovinske takse povećane 22 puta, zatvaranje granica prema Srbiji, rehabilitacija
            ustaštva, a najnovija u nizu je podmetanje požara 20. avgusta u selu Brguda, mesta u okolini Benkovca u
            kojem živi većinom srpsko stanovništvo. Zadarska policija privela je dve ženske osobe, jednu rođenu 1996., a
            drugu rođenu 1992. godine.
            Progon koji još uvek traje: Na porodičnom pragu su mi rekli "Ti više nemaš prava ovde"
            Predsednik Saveza Srba iz regiona Miodrag Linta za portal SrbijaDanas.com kaže da se iz poslednjeg
            slučaja vidi da je to urađeno iz zločina mržnje prema Srbima.
            - Ono što je najvažnije jeste da li će sada nadležni gradski organi da procesuiraju te dve žene hrvatske
            nacionalnosti, da li će one biti kažnjene ili neće. Tu će se videti jasna poruka, ako hrvatska država ne
            bude sankcionisala te žene, jer onda će to biti prećutna saglasnost hrvatskih institucija da se to radi. Ali
            ajde da sačekamo i vidimo hoće li doći do procesuiranja tih žena - kaže Linta.
            Ponašanje Evropske unije ohrabruje USTAŠKE POSTUPKE
            Što se tiče reagovanja Evrope na datu situaciju, mišljenje našeg sagovornika je da da Evropu u velikoj meri
            ne zanima ova priča, odnosno EU neobjašnjivo ćuti na mnoge stvari koje se tiču kršenja ljudskih prava Srba u
            Hrvatskoj, koje se tiču rehabilitacije ustaške ideologije, neprimenjivanja zakona u vezi sa upotrebom
            ćirilice i srpskog jezika, opstrukcije povratka imovinsko stečenih prava itd.
            - Tako da, nažalost, upravo takvo ponašanje EU je i ohrabrilo ustaške snage u Hrvatskoj da se ponašaju tako
            kako se ponašaju.
            Ključna odgovornost je na institucijama hrvatske države, da li će Hrvatska da poštuje svoje ustave i zakone
            i sankcioniše sve one koji krše zakon ili neće, ali postavlja se pitanje hoće li se doći do radikalizacije
            ovakvih poteza Hrvata?
            - Ne verujem da bi Hrvatska dopustila da to postane raširena pojava, da Hrvati uzrokuju požare svim u onim
            delovima gde Srbi čine većinsko stanovništvo, ali da sačekamo da vidimo kako će se rešiti slučaj u vezi sa
            ove dve žene - poručuje Linta.
            S druge strane, Evropska unija je prihavtila Hrvatsku da uđe njene redove iz svojih geopolitičkih razloga
            kako bi se oslobodila uticaja Rusije na Balkanu, tvrdi za naš sajt analitičar Tomislav Kresović.
            -  Istovremeno, prihvatila je i sve ono što je hrvatska vlada od Tuđmana pa do prijema u EU radila prema
            Srbiji i prema Srbima: od otimanja imovine, nekažnjavanja zločina nakon akcija Bljesak i Oluja... Njima je
            to EU oprostila. Na unutrašnjem političkom planu sve hrvatske političke partije šire antisrpsko raspoloženje
            koje na određeni način podrazumeva šikaniranje Srba koji žive u Hrvatskoj, pritisak na njihovu imovinu,
            uništavanje ćiriličnih natpisa u opštinama sa srpskom većinom, pa i šikaniranje građana Srbije koji dolaze u
            Hrvatsku na letovanje ili prelaze preko Hrvatske, od graničnih prelaza do vređanja i uništavanja imovine.
            Prema rečima Kresovića, antisrpsko raspoloženje je u Hrvatskoj i dalje jako rašireno posle više od 20 godina
            i to je deo hrvatske politike i hrvatskog nacionalnog projekta, odnosno da se širi maksimalni pritisak prema
            Srbima što će se posebno odraziti na pritisak Hrvatske prema Srbiji za status Srbije u EU, sa raznim ucenama
            od razgraničenja na Dunavu preko ljudskih prava i drugih pitanja.
            Ipak, Srbi nikada ne bi mogli da se ponašaju na način na koji to rade Hrvati, a jedan od glavnih razloga je
            strah.
            - Srbi u Hrvatskoj nisu ni narod, ispod su kategorije manjine, oni su na nivou etničke grupe, kao što su
            Romi. Dakle od naroda Srbi su izgubili status manjine i prešli su u kategoriju etničke grupe, kao što su u
            Americi bili Indijanci. Srbi su u Hrvatskoj hrvatski Indijanci. Niko ne može zaštititi Srbe u Hrvatskoj, EU
            može samo da pritegne vladu Hrvatske i da to bude samo na nivou opšte deklaracije - obajšnjava naš
            sagovornik.
            Jedna od devojaka je priznala podmetanje požara jer, prema njenim tvrdnjama, gaji izrazitu revoltiranost
            prema Srbima još od Domovinskog rata. Da li otvoren govor mržnje najavljuje i agresivnije korake prema
            Srbima?
            Kresović smatra da neće, jer je Hrvatska postigla svoj cilj.
            - Hrvatska je postigla to što je htela: očistila je Srbe iz Hrvatske, ušla je u EU i NATO, a sada Hrvatsku
            štiti i Vatkan, toleriše antisrpsko i antipravoslavno raspoloženje, i na redu je stvaranje ideje Hrvatske
            pravoslavne crkve koja bi išla na potiranje Srpske pravoslavne crkve.
            PRORADILA SVEST O ZLOČINU: Hrvatska organizacija "Documenta" podnela krivičnu prijavu zbog akcije Oluja!
            Ideje NDH su se realizovale kod Franje Tuđmana prema Srbima, a sa druge strane Srbi su potpuno majorizovani
            u svim strukturama i oni su nezaštićeni od strane hrvatskih zakona.
            - U Hrvatskoj vlada antisrpsko raspoloženje kao državni i nacionalni projekat i on je utemeljen u dubunu
            hrvatske politike, ali i u dubinu hrvatskog naroda. Ovakvi incidenti će se ponavljati kao njihov stil
            življenja - naglašava analitičar
        </article-text-transliterated>
    </article>
    <comments>
        <comments-count>0</comments-count>
        <comment-list/>
    </comments>
</document>