<document global-id="sr-05-1000">
    <url>
        https://www.srbijadanas.com/vesti/svet/asanz-nestao-svi-zbunjeni-pitaju-sta-se-desilo-pocele-teorije-zavere-otkriveni-izvori-vikiliksa-2017-12-25
    </url>
    <source-id>sr-05</source-id>
    <local-id>1000</local-id>
    <source-name>Srbija_danas</source-name>
    <article>
        <article-title>Asanž nestao: Svi zbunjeni, pitaju šta se desilo, počele teorije zavere, otkriveni izvori
            Vikiliksa...
        </article-title>
        <article-title-transliterated>Asanž nestao: Svi zbunjeni, pitaju šta se desilo, počele teorije zavere, otkriveni
            izvori Vikiliksa...
        </article-title-transliterated>
        <article-time>2017-12-25</article-time>
        <article-author>Srbija Danas/ Blic</article-author>
        <article-text>Društevne mreže se usijale.
            Tviter nalog osnivača "Vikiliksa" Džulijana Asanža nestao je u nedelju i korisnici društvenih medija su
            zbunjeni u vezi sa tim i pitaju se šta se desilo.
            Nekoliko korisnika izjavilo je da je Asanž izbrisao svoj nalog, ali neki su misle da je suspendovan.
            Naloga @JulianAssange više nema i razlog je nepoznat. Međutim, izvor koji blisko sarađuje sa "Vikiliksom" je
            rekao za "The Gateway Pundit" da nije znao za bilo kakve planove za deaktivaciju njegovog naloga,
            piše "IBTimes".

            - #JulianAssange je izbrisan sa Tvitter-a. Hej, @tvitter zašto ne trošite vreme na brisanje ISIS-ovih Tviter
            naloga ili naloga Muslimanskog bratstva? Ne, umesto toga brišete nalog osobe koja nije učinila ništa loše -
            napisao je jedan korisnik.
            - Trenutno je @JulianAssange suspendovan ili deaktiviran. Nemamo pojma zašto bi on sam ućutao, a svi znamo
            kako Tviter tretira javne ličnosti koje idu previše udesno - rekao je drugi.
            Najveći Putinov RIVAL skupio potpise: Predao dokumenta za PREDSEDNIČKU kandidaturu
            Šanse da je Tviter suspendovao Asanžov nalog su male, jer 46-godišnjak ne spada u kategoriju pojedinaca čije
            će naloge deaktivirati sajt socijalnih medija.
            Tviter je 18. decembra postavio nova pravila u vezi s suspenzijom naloga, prema kojima će ukloniti bilo
            koju osobu, koja je povezana sa grupama mržnje na bilo koji način.
            Korisnici društvenih mreža takođe su izrazili zabrinutost za bezbednost Asanža, jer je njegov nalog nestao
            samo nekoliko dana nakon navodne pljačke u kancelariji madridskog odeljenja "Vikiliksa" Baltasara Garsona.
            Obaveštajna služba u Avganistanu napadnuta: Bombaš došao na ulaz, u sledećem trenutku počeo da seje smrt
            Nekoliko sati nakon te provale, Asanž je na Tviteru nazvao "briljantnim" video koji je objavio voditelj
            Džimi Dor, na kojem se vidi deo Asanžovog intervjua na holandskoj televiziji, u kojem je osnivač "Vikiliksa"
            koristio znakovni jezik kako bi ukazao da je ubijeni nekadašnji član Demokratskog nacionalnog komiteta (DNC)
            Seth Rič bio njegov izvor za objavljivanje spornih mejlova Demokratske partije.
            Teorije zavere, posebno u desničarskim krugovima i medijima, sugerišu da je Set ubijen da bi se prikrila
            istina o tome kako je "Vikiliks" dobio desetine hiljada hakovanih elektronskih poruka iz Demokratske
            stranke.
            U međuvremenu su se na Tviteru pojavili novi nalozi sa Asanžovim imenom, a neki od njih tvrde da je njegov
            glavni nalog izbrisan bez prethodnih upozorenja.
        </article-text>
        <article-text-transliterated>Društevne mreže se usijale.
            Tviter nalog osnivača "Vikiliksa" Džulijana Asanža nestao je u nedelju i korisnici društvenih medija su
            zbunjeni u vezi sa tim i pitaju se šta se desilo.
            Nekoliko korisnika izjavilo je da je Asanž izbrisao svoj nalog, ali neki su misle da je suspendovan.
            Naloga @JulianAssange više nema i razlog je nepoznat. Međutim, izvor koji blisko sarađuje sa "Vikiliksom" je
            rekao za "The Gateway Pundit" da nije znao za bilo kakve planove za deaktivaciju njegovog naloga,
            piše "IBTimes".

            - #JulianAssange je izbrisan sa Tvitter-a. Hej, @tvitter zašto ne trošite vreme na brisanje ISIS-ovih Tviter
            naloga ili naloga Muslimanskog bratstva? Ne, umesto toga brišete nalog osobe koja nije učinila ništa loše -
            napisao je jedan korisnik.
            - Trenutno je @JulianAssange suspendovan ili deaktiviran. Nemamo pojma zašto bi on sam ućutao, a svi znamo
            kako Tviter tretira javne ličnosti koje idu previše udesno - rekao je drugi.
            Najveći Putinov RIVAL skupio potpise: Predao dokumenta za PREDSEDNIČKU kandidaturu
            Šanse da je Tviter suspendovao Asanžov nalog su male, jer 46-godišnjak ne spada u kategoriju pojedinaca čije
            će naloge deaktivirati sajt socijalnih medija.
            Tviter je 18. decembra postavio nova pravila u vezi s suspenzijom naloga, prema kojima će ukloniti bilo
            koju osobu, koja je povezana sa grupama mržnje na bilo koji način.
            Korisnici društvenih mreža takođe su izrazili zabrinutost za bezbednost Asanža, jer je njegov nalog nestao
            samo nekoliko dana nakon navodne pljačke u kancelariji madridskog odeljenja "Vikiliksa" Baltasara Garsona.
            Obaveštajna služba u Avganistanu napadnuta: Bombaš došao na ulaz, u sledećem trenutku počeo da seje smrt
            Nekoliko sati nakon te provale, Asanž je na Tviteru nazvao "briljantnim" video koji je objavio voditelj
            Džimi Dor, na kojem se vidi deo Asanžovog intervjua na holandskoj televiziji, u kojem je osnivač "Vikiliksa"
            koristio znakovni jezik kako bi ukazao da je ubijeni nekadašnji član Demokratskog nacionalnog komiteta (DNC)
            Seth Rič bio njegov izvor za objavljivanje spornih mejlova Demokratske partije.
            Teorije zavere, posebno u desničarskim krugovima i medijima, sugerišu da je Set ubijen da bi se prikrila
            istina o tome kako je "Vikiliks" dobio desetine hiljada hakovanih elektronskih poruka iz Demokratske
            stranke.
            U međuvremenu su se na Tviteru pojavili novi nalozi sa Asanžovim imenom, a neki od njih tvrde da je njegov
            glavni nalog izbrisan bez prethodnih upozorenja.
        </article-text-transliterated>
    </article>
    <comments>
        <comments-count>0</comments-count>
        <comment-list/>
    </comments>
</document>