<document global-id="sr-05-10098">
    <url>
        https://www.srbijadanas.com/clanak/stecci-uvrsteni-u-unesco-srednjevekovni-nadgrobni-spomenici-od-danas-postaju-svetski-nasi
    </url>
    <source-id>sr-05</source-id>
    <local-id>10098</local-id>
    <source-name>Srbija_danas</source-name>
    <article>
        <article-title>SVETSKI, A NAŠI! Srednjevekovni nadgrobni spomenici postali deo UNESCO kulturne baštine! (FOTO)
        </article-title>
        <article-title-transliterated>SVETSKI, A NAŠI! Srednjevekovni nadgrobni spomenici postali deo UNESCO kulturne
            baštine! (FOTO)
        </article-title-transliterated>
        <article-time>2016-07-16</article-time>
        <article-author>Tanjug</article-author>
        <article-text>Srednjevekovni nadgrobni spomenici "stećci" uvršteni su na spisak svetske baštine UNESCO-a,
            objavljeno je juče na sajtu te organizacije.
            Kako je objavljeno na sajtu, radi se o stećcima na 30 lokacija, raspoređenih u zapadnoj Srbiji, Bosni i
            Hercegovini, zapadnoj Crnoj Gori i centralnoj i južnoj Hrvatskoj.
            BAN POKLEKAO PRED SAUDIJCIMA: Šta je nateralo UN da zatvori oči na ubijanje dece?
            Takođe je navedeno da ovi nadgrobni spomenici potiču iz perioda od 12. do 16. veka i da su na njima
            izrezbareni dekorativni motivi i natpisi koji predstavljaju inografski kontinuitet sa srednjevekovnom
            Evropom kao i sa prepoznatljivom lokalnom tradicijom.
            NEMAJU SVOJE, PA KRADU NAŠE: Albanci dobili vetar u leđa, pa udarili na srpsku decu!
        </article-text>
        <article-text-transliterated>Srednjevekovni nadgrobni spomenici "stećci" uvršteni su na spisak svetske baštine
            UNESCO-a, objavljeno je juče na sajtu te organizacije.
            Kako je objavljeno na sajtu, radi se o stećcima na 30 lokacija, raspoređenih u zapadnoj Srbiji, Bosni i
            Hercegovini, zapadnoj Crnoj Gori i centralnoj i južnoj Hrvatskoj.
            BAN POKLEKAO PRED SAUDIJCIMA: Šta je nateralo UN da zatvori oči na ubijanje dece?
            Takođe je navedeno da ovi nadgrobni spomenici potiču iz perioda od 12. do 16. veka i da su na njima
            izrezbareni dekorativni motivi i natpisi koji predstavljaju inografski kontinuitet sa srednjevekovnom
            Evropom kao i sa prepoznatljivom lokalnom tradicijom.
            NEMAJU SVOJE, PA KRADU NAŠE: Albanci dobili vetar u leđa, pa udarili na srpsku decu!
        </article-text-transliterated>
    </article>
    <comments>
        <comments-count>1</comments-count>
        <comment-list>
            <comment comment-id="1">
                <comment-parent-id/>
                <comment-text>od kada su stecci vasi kradete sve pa sad i njih sledece je da je sevdalinka vasa gdje ti
                    je obraz srbine
                </comment-text>
                <comment-text-transliterated>od kada su stecci vasi kradete sve pa sad i njih sledece je da je
                    sevdalinka vasa gdje ti je obraz srbine
                </comment-text-transliterated>
            </comment>
        </comment-list>
    </comments>
</document>