<document global-id="sr-05-1032">
    <url>
        https://www.srbijadanas.com/vesti/info/baka-ana-90-je-pravi-car-upisala-je-kineski-jezik-kada-cujete-sta-jos-sve-ume-odusevicete-se-foto-2016-11-21
    </url>
    <source-id>sr-05</source-id>
    <local-id>1032</local-id>
    <source-name>Srbija_danas</source-name>
    <article>
        <article-title>BAKA ANA (90) JE PRAVI CAR: Govori 12 jezika, a kada čujete šta još sve ume oduševićete se
            (FOTO)
        </article-title>
        <article-title-transliterated>BAKA ANA (90) JE PRAVI CAR: Govori 12 jezika, a kada čujete šta još sve ume
            oduševićete se (FOTO)
        </article-title-transliterated>
        <article-time>2016-11-21</article-time>
        <article-author>Srbija Danas/Kurir</article-author>
        <article-text>Svaki dan je nasmejana!
            Ukoliko već niste čuli za nju, sad morate! Ana Vukotić iz Zrenjanina ima 90 godina i tek je upisala kineski
            jezik!
            To nije sve, ova profesorka engelskog jezika u penziji proputovala je ceo svet. I dalje je svaki dan
            nasmejana, a na peti sprat zgrade u kojoj živi ide - peške!
             
             
             
             

             
            "Zašla sam u godine, ali i dalje se radujem svakom danu. Energiju mi daju moje kreacije. One me izdvajaju od
            ostalih, ljudi su se oduvek okretali na ulici za mnom. Treba umeti biti drugačiji. Dok bi se većina stidela
            takvih kreacija, ja ih sa ponosom prikazujem. Živim od ljubavi, hodam utabanim stopama svog sina, to su
            koraci od 1.000 milja. Živim i dalje u vremenu rokenrola, umetnosti, slobodoumlja, ideja, kreativnost...
            Zarobljena sam u tom teatru magičnih snova i toliko mi je lepo da ponekad plačem", izjavila je ranije Ana.
            Upravo po njoj je prva diskoteka u Zrenjaninu dobila ime, kada je njen sin slikar, scenografi reditelj Milan
            Vukotić Vuka nazvao disko klub "Tetka Ana", i to davne 1969. godine!
        </article-text>
        <article-text-transliterated>Svaki dan je nasmejana!
            Ukoliko već niste čuli za nju, sad morate! Ana Vukotić iz Zrenjanina ima 90 godina i tek je upisala kineski
            jezik!
            To nije sve, ova profesorka engelskog jezika u penziji proputovala je ceo svet. I dalje je svaki dan
            nasmejana, a na peti sprat zgrade u kojoj živi ide - peške!
             
             
             
             

             
            "Zašla sam u godine, ali i dalje se radujem svakom danu. Energiju mi daju moje kreacije. One me izdvajaju od
            ostalih, ljudi su se oduvek okretali na ulici za mnom. Treba umeti biti drugačiji. Dok bi se većina stidela
            takvih kreacija, ja ih sa ponosom prikazujem. Živim od ljubavi, hodam utabanim stopama svog sina, to su
            koraci od 1.000 milja. Živim i dalje u vremenu rokenrola, umetnosti, slobodoumlja, ideja, kreativnost...
            Zarobljena sam u tom teatru magičnih snova i toliko mi je lepo da ponekad plačem", izjavila je ranije Ana.
            Upravo po njoj je prva diskoteka u Zrenjaninu dobila ime, kada je njen sin slikar, scenografi reditelj Milan
            Vukotić Vuka nazvao disko klub "Tetka Ana", i to davne 1969. godine!
        </article-text-transliterated>
    </article>
    <comments>
        <comments-count>0</comments-count>
        <comment-list/>
    </comments>
</document>