<document global-id="sr-05-10487">
    <url>
        https://www.srbijadanas.com/clanak/tamo-gde-divlje-ruze-rastu-nik-kejv-od-narkomana-do-porodicnog-coveka-14-01-2015
    </url>
    <source-id>sr-05</source-id>
    <local-id>10487</local-id>
    <source-name>Srbija_danas</source-name>
    <article>
        <article-title>TAMO GDE DIVLJE RUŽE RASTU: Nik Kejv – od narkomana do porodičnog čoveka</article-title>
        <article-title-transliterated>TAMO GDE DIVLJE RUŽE RASTU: Nik Kejv – od narkomana do porodičnog čoveka
        </article-title-transliterated>
        <article-time>2015-01-14</article-time>
        <article-author/>
        <article-text>Sve što ste oduvek hteli da znate o Kejvu, ali vas je bilo strah da pitate.
            Nik Kejv, neprikosnoveni kralj alternativnog roka, pošto je u svetu muzike, ali i filma, uradio skoro sve
            moguće, uplovio je u dizajnerske vode. Australijski muzičar s britanskom adresom zajedno sa firmom "Fast
            Times" osmislio je dizajn za novu limitiranu seriju skejtbordova. Na dasci se nalaze crtež slikara Čaka
            Sperija i Kejvovi stihovi iz pesme "Nature Boy".
            Ovaj svestrani umetnik zapravo se zove Nikolas Edvard Kejv i rođen je 22. septembra 1957. godine u
            Australiji. Njegova majka Don bila je bibliotekarka, a otac Kolin profesor engleskog jezika.
            Odbio nagradu
            Njegovi najraniji kontakti sa muzikom vraćaju nas u njegove srednjoškolske dane, kada je osnovao bend "The
            Boys Next Door". Nik je u to vreme počeo da se zabavlja sa Anitom Lejn, australijskom pevačicom, koja je
            imala veliki uticaj na razvoj evropske postpank scene ranih osamdesetih. Iako su bili par i on je često
            nazivao "svojom muzom", zajedno su snimili tek nekoliko pesama, piše Dnevni Avaz.
            Može se reći da je on jedan od onih umetnika u čijoj praksi nema nijednog izrazito lošeg dela bez obzira na
            to u kojim je uslovima i psihičkim stanjima stvarao u proteklih 35 godina.
            Konstantno se nadograđivao, usvajao temeljne žanrove, odlazio i u bluz i u kantri, merio se s najvećima i
            postao jedan od njih.
            Poznat je po zanimljivoj izjavi koju je dao nakon što mu je 1996. godine na "MTV Music Awards" dodeljena
            nagrada za najboljeg muškog izvođača, koju je odbio.
            - Ljudima sa MTV-a još jednom želim reći da cenim energiju uloženu nakon izlaska mog poslednjeg albuma i
            kažem vam hvala i ponovo vam kažem hvala, ali ne hvala. Moja muza nije konj, a ja nisam na konjskim trkama.
            Odbio je nagradu i zato što je uvek smatrao da je njegova muzika jedinstvena i da se on ne takmiči s drugim
            izvođačima.
            Heroin je ostavio nakon dve decenije i to kad se pre petnaestak godina oženio fotomodelom Suzi Bik, s kojom
            ima sinove blizance. Pre toga, bio je s brazilskom stilistkinjom Vivijen Karneiro, s kojom ima sina Luka.
            Ženska publika
            Nik je stalno varao Vivijen. Samo deset dana pre nego što se porodila, Kejv je postao otac svog prvog sina
            sa drugom ženom.
            - Kada pišem, na pameti imam žensku publiku. Često razmišljam o tome šta žene smatraju seksi u mojoj muzici
            - rekao je Kejv za New York Times.
            Za Kejva nije neobično da peva o ženama lakog morala i mračnoj strani ljudi. Ko god želi da pronikne u svet
            u kojem on stvara umetnička dela s grupom "The Bad Seeds", odgovor može dobiti u dokumentarcu "20.000 Days
            On Earth", koji se prikazuje od prošle godine. Film su režirali Jan Forsit i Dženi Polard. Na scenariju im
            je asistirao i Nik Kejv.
            Tokom karijere promenio je tri benda i više muzičkih stilova, ali je svejedno ostao prepoznatljiv po svojim
            temama: nasilju i osveti, iracionalnom zlu, iskupljenju i pokoravanju.
            Odjednom zvezda
            Kajli Minog priznala je da, u trenutku kada su joj ponudili duet s Nikom Kejvom, nije imala pojma o njegovoj
            muzici. Kada su 1996. zajedno snimili duet "When the Wild Roses Grow", koji je postao veliki hit, okolnosti
            su se promenile i za Nika. Priznao je kako je odjednom postao zvezda i kako su ga prepoznavali na ulici.
        </article-text>
        <article-text-transliterated>Sve što ste oduvek hteli da znate o Kejvu, ali vas je bilo strah da pitate.
            Nik Kejv, neprikosnoveni kralj alternativnog roka, pošto je u svetu muzike, ali i filma, uradio skoro sve
            moguće, uplovio je u dizajnerske vode. Australijski muzičar s britanskom adresom zajedno sa firmom "Fast
            Times" osmislio je dizajn za novu limitiranu seriju skejtbordova. Na dasci se nalaze crtež slikara Čaka
            Sperija i Kejvovi stihovi iz pesme "Nature Boy".
            Ovaj svestrani umetnik zapravo se zove Nikolas Edvard Kejv i rođen je 22. septembra 1957. godine u
            Australiji. Njegova majka Don bila je bibliotekarka, a otac Kolin profesor engleskog jezika.
            Odbio nagradu
            Njegovi najraniji kontakti sa muzikom vraćaju nas u njegove srednjoškolske dane, kada je osnovao bend "The
            Boys Next Door". Nik je u to vreme počeo da se zabavlja sa Anitom Lejn, australijskom pevačicom, koja je
            imala veliki uticaj na razvoj evropske postpank scene ranih osamdesetih. Iako su bili par i on je često
            nazivao "svojom muzom", zajedno su snimili tek nekoliko pesama, piše Dnevni Avaz.
            Može se reći da je on jedan od onih umetnika u čijoj praksi nema nijednog izrazito lošeg dela bez obzira na
            to u kojim je uslovima i psihičkim stanjima stvarao u proteklih 35 godina.
            Konstantno se nadograđivao, usvajao temeljne žanrove, odlazio i u bluz i u kantri, merio se s najvećima i
            postao jedan od njih.
            Poznat je po zanimljivoj izjavi koju je dao nakon što mu je 1996. godine na "MTV Music Awards" dodeljena
            nagrada za najboljeg muškog izvođača, koju je odbio.
            - Ljudima sa MTV-a još jednom želim reći da cenim energiju uloženu nakon izlaska mog poslednjeg albuma i
            kažem vam hvala i ponovo vam kažem hvala, ali ne hvala. Moja muza nije konj, a ja nisam na konjskim trkama.
            Odbio je nagradu i zato što je uvek smatrao da je njegova muzika jedinstvena i da se on ne takmiči s drugim
            izvođačima.
            Heroin je ostavio nakon dve decenije i to kad se pre petnaestak godina oženio fotomodelom Suzi Bik, s kojom
            ima sinove blizance. Pre toga, bio je s brazilskom stilistkinjom Vivijen Karneiro, s kojom ima sina Luka.
            Ženska publika
            Nik je stalno varao Vivijen. Samo deset dana pre nego što se porodila, Kejv je postao otac svog prvog sina
            sa drugom ženom.
            - Kada pišem, na pameti imam žensku publiku. Često razmišljam o tome šta žene smatraju seksi u mojoj muzici
            - rekao je Kejv za New York Times.
            Za Kejva nije neobično da peva o ženama lakog morala i mračnoj strani ljudi. Ko god želi da pronikne u svet
            u kojem on stvara umetnička dela s grupom "The Bad Seeds", odgovor može dobiti u dokumentarcu "20.000 Days
            On Earth", koji se prikazuje od prošle godine. Film su režirali Jan Forsit i Dženi Polard. Na scenariju im
            je asistirao i Nik Kejv.
            Tokom karijere promenio je tri benda i više muzičkih stilova, ali je svejedno ostao prepoznatljiv po svojim
            temama: nasilju i osveti, iracionalnom zlu, iskupljenju i pokoravanju.
            Odjednom zvezda
            Kajli Minog priznala je da, u trenutku kada su joj ponudili duet s Nikom Kejvom, nije imala pojma o njegovoj
            muzici. Kada su 1996. zajedno snimili duet "When the Wild Roses Grow", koji je postao veliki hit, okolnosti
            su se promenile i za Nika. Priznao je kako je odjednom postao zvezda i kako su ga prepoznavali na ulici.
        </article-text-transliterated>
    </article>
    <comments>
        <comments-count>0</comments-count>
        <comment-list/>
    </comments>
</document>