<?xml version="1.0" encoding="utf-8"?>
<document global-id="si-05-1188">
	<url>https://novice.svet24.si//clanek/novice/slovenija/57c065a57570a/potrjeno-v-sloveniji-drugi-primer-bolezni-modrikastega-jezika</url>
	<source-id>si-05</source-id>
	<local-id>1188</local-id>
	<source-name>Svet24</source-name>
	<article>
		<article-title>Potrjeno v Sloveniji: drugi primer bolezni modrikastega jezika</article-title>
		<article-title-transliterated>Potrjeno v Sloveniji: drugi primer bolezni modrikastega jezika</article-title-transliterated>
		<article-time>2016-08-26</article-time>
		<article-author>T.L./STA</article-author>
		<article-text>Nacionalni veterinarski inštitut je danes na podlagi laboratorijskih analiz potrdil drugi primer bolezni modrikastega jezika v Sloveniji, in sicer pri dveh ovcah na območju Ilirske Bistrice, so sporočili iz Uprave RS za varno hrano, veterinarstvo in varstvo rastlin. Obe živali, pri katerih je bila bolezen klinično izražena, bosta usmrčeni. Pri ostalih živalih na kmetijskem gospodarstvu bodo odvzeli vzorce za laboratorijske preiskave, premiki živali z gospodarstva so do končnih rezultatov preiskav prepovedani. Uprava bo poleg tega določila dodatne preiskave za to bolezen pri dovzetnih živalih na celotnem ozemlju države.
Ne prenaša se na človeka
Bolezen modrikastega jezika povzroča virus, ki ga širijo nekatere vrste krvosesih mušic. Virus se po naravni poti ne prenaša neposredno z živali na žival. Bolezen ni nevarna za ljudi oziroma se ne prenaša na človeka. Za bolezen so dovzetni samo prežvekovalci.
Prav tako bolezen ne vpliva na pogoje za trženje živil živalskega izvora. Veljajo pa določene omejitve glede premikov živali. Na podlagi sklepov državnega središča za nadzor bolezni je uprava določila območje z omejitvami zaradi pojava bolezni modrikastega jezika, in sicer to območje zajema celotno ozemlje Slovenije.
Bolezen je treba obvezno prijaviti, kar pomeni, da je treba vsak sak sum ali pojav bolezni takoj sporočiti najbližji veterinarski organizaciji ali območnemu uradu uprave za veterinarstvo.</article-text>
		<article-text-transliterated>Nacionalni veterinarski inštitut je danes na podlagi laboratorijskih analiz potrdil drugi primer bolezni modrikastega jezika v Sloveniji, in sicer pri dveh ovcah na območju Ilirske Bistrice, so sporočili iz Uprave RS za varno hrano, veterinarstvo in varstvo rastlin. Obe živali, pri katerih je bila bolezen klinično izražena, bosta usmrčeni. Pri ostalih živalih na kmetijskem gospodarstvu bodo odvzeli vzorce za laboratorijske preiskave, premiki živali z gospodarstva so do končnih rezultatov preiskav prepovedani. Uprava bo poleg tega določila dodatne preiskave za to bolezen pri dovzetnih živalih na celotnem ozemlju države.
Ne prenaša se na človeka
Bolezen modrikastega jezika povzroča virus, ki ga širijo nekatere vrste krvosesih mušic. Virus se po naravni poti ne prenaša neposredno z živali na žival. Bolezen ni nevarna za ljudi oziroma se ne prenaša na človeka. Za bolezen so dovzetni samo prežvekovalci.
Prav tako bolezen ne vpliva na pogoje za trženje živil živalskega izvora. Veljajo pa določene omejitve glede premikov živali. Na podlagi sklepov državnega središča za nadzor bolezni je uprava določila območje z omejitvami zaradi pojava bolezni modrikastega jezika, in sicer to območje zajema celotno ozemlje Slovenije.
Bolezen je treba obvezno prijaviti, kar pomeni, da je treba vsak sak sum ali pojav bolezni takoj sporočiti najbližji veterinarski organizaciji ali območnemu uradu uprave za veterinarstvo.</article-text-transliterated>
	</article>
	<comments>
		<comments-count>0</comments-count>
		<comments-list/>
	</comments>
</document>
