<document global-id="si-05-1164">
    <url>https://novice.svet24.si/clanek/novice/slovenija/56fe44b9a6a2e/poslavlja-se-samo-jereb</url>
    <source-id>si-05</source-id>
    <local-id>1164</local-id>
    <source-name>Svet24</source-name>
    <article>
        <article-title>Poslavlja se Samo Jereb</article-title>
        <article-title-transliterated>Poslavlja se Samo Jereb</article-title-transliterated>
        <article-time>2016-04-01</article-time>
        <article-author>J.P./STA</article-author>
        <article-text>Stekel je postopek za iskanje novega drugega namestnika predsednika računskega sodišča. S tega
            mesta se namreč poslavlja Samo Jereb, ki kot slovenski kandidat odhaja za člana Evropskega računskega
            sodišča. Novost v postopku iskanja, ki ga je danes sprožil predsednik republike Borut Pahor, je javna
            predstavitev kandidata. V današnjem uradnem listu bo objavljen Pahorjev poziv za zbiranje predlogov možnih
            kandidatov za člana oz. drugega namestnika računskega sodišča. Rok za zbiranje kandidatur se bo iztekel v
            ponedeljek, 18. aprila, so sporočili iz urada predsednika republike.

            Glasovanje je tajno, kandidat pa bo izvoljen, če bo zanj glasovala večina ali vsaj 46 poslancev.

            Glasovanje je tajno
            Kandidat za to mesto mora biti državljan Slovenije, ki ima najmanj univerzitetno izobrazbo, je strokovnjak
            na področju, ki je pomembno za izvrševanje pristojnosti računskega sodišča, obvlada vsaj en svetovni jezik
            in v štirih letih pred imenovanjem ni bil član vlade. Predlog zanj mora biti obrazložen, prijavi je med
            drugim treba predložiti dokazila o izpolnjevanju pogojev.
            Pahor bo pred izbiro kandidata opravil posvete z vodji poslanskih skupin DZ. Novost v postopku pa je
            predvidena javna predstavitev kandidata pred glasovanjem DZ. Kot so navedli v uradu, se je Pahor za to
            odločil, ker ocenjuje, da bo to koristno povečalo preglednost in kakovost postopkov izvolitev visokih
            državnih funkcionarjev ter okrepilo zaupanje javnosti.
            Predsednik republike bo predlog kandidatke ali kandidata posredoval v DZ v 30 dneh po izteku roka za
            zbiranje kandidatur. DZ bo o kandidatu glasoval najpozneje v 30 dneh po prejemu predloga. Glasovanje je
            tajno, kandidat pa bo izvoljen, če bo zanj glasovala večina ali vsaj 46 poslancev.
        </article-text>
        <article-text-transliterated>Stekel je postopek za iskanje novega drugega namestnika predsednika računskega
            sodišča. S tega mesta se namreč poslavlja Samo Jereb, ki kot slovenski kandidat odhaja za člana Evropskega
            računskega sodišča. Novost v postopku iskanja, ki ga je danes sprožil predsednik republike Borut Pahor, je
            javna predstavitev kandidata. V današnjem uradnem listu bo objavljen Pahorjev poziv za zbiranje predlogov
            možnih kandidatov za člana oz. drugega namestnika računskega sodišča. Rok za zbiranje kandidatur se bo
            iztekel v ponedeljek, 18. aprila, so sporočili iz urada predsednika republike.

            Glasovanje je tajno, kandidat pa bo izvoljen, če bo zanj glasovala večina ali vsaj 46 poslancev.

            Glasovanje je tajno
            Kandidat za to mesto mora biti državljan Slovenije, ki ima najmanj univerzitetno izobrazbo, je strokovnjak
            na področju, ki je pomembno za izvrševanje pristojnosti računskega sodišča, obvlada vsaj en svetovni jezik
            in v štirih letih pred imenovanjem ni bil član vlade. Predlog zanj mora biti obrazložen, prijavi je med
            drugim treba predložiti dokazila o izpolnjevanju pogojev.
            Pahor bo pred izbiro kandidata opravil posvete z vodji poslanskih skupin DZ. Novost v postopku pa je
            predvidena javna predstavitev kandidata pred glasovanjem DZ. Kot so navedli v uradu, se je Pahor za to
            odločil, ker ocenjuje, da bo to koristno povečalo preglednost in kakovost postopkov izvolitev visokih
            državnih funkcionarjev ter okrepilo zaupanje javnosti.
            Predsednik republike bo predlog kandidatke ali kandidata posredoval v DZ v 30 dneh po izteku roka za
            zbiranje kandidatur. DZ bo o kandidatu glasoval najpozneje v 30 dneh po prejemu predloga. Glasovanje je
            tajno, kandidat pa bo izvoljen, če bo zanj glasovala večina ali vsaj 46 poslancev.
        </article-text-transliterated>
    </article>
    <comments>
        <comments-count>0</comments-count>
        <comment-list/>
    </comments>
</document>