<?xml version="1.0" encoding="utf-8"?>
<document global-id="si-05-1025">
	<url>https://novice.svet24.si//clanek/novice/slovenija/566095fbacc3b/objavljamo-kaj-so-nasi-politki-pisali-miklavzu</url>
	<source-id>si-05</source-id>
	<local-id>1025</local-id>
	<source-name>Svet24</source-name>
	<article>
		<article-title>Objavljamo, kaj so naši politki pisali Miklavžu</article-title>
		<article-title-transliterated>Objavljamo, kaj so naši politki pisali Miklavžu</article-title-transliterated>
		<article-time>2015-12-04</article-time>
		<article-author>U.K.</article-author>
		<article-text>Miklavž po tradiciji vsako leto v noči na 6. december obdaruje otroke. Ta obred sega tisočletja v preteklost. Sv. Miklavž oziroma Nikolaj se je rodil v tretjem stoletju. Pravijo, da je bil sin premožnih staršev, vendar je vse podedovano bogastvo razdal ubogim, zato se ga od nekdaj drži sloves radodarnega svetnika. Seveda sv. Miklavž obdaruje samo pridne, preostalim prinese šibe ali pa jih odnesejo parklji. Kaj menite, ali bodo politiki dobili, kar so si zaželeli v pismih Miklavžu, ali raje vidite, da jih odnesejo parklji?

Miro Cerar


Še premišljuje …


Janez Janša


Svojo državo. Vse ostalo si mi že prinesel.


Karl Erjavec


Nov pralni stroj in boljšo sosedo


Vesna Gyӧrkӧs Žnidar


Dojenčka, da ne bodo več samo govorili, da sem noseča.


Andreja Katič


Oranžno barvo za lase


Dušan Mramor


Nov kalkulator, psihiatra in fikus


Zdravko Počivalšek


Učbenik za angleški jezik


Anja Kopač Mrak


Več všečkov na facebooku


Milojka Kolar Celarc


Zdravstveno reformo


ipromZone(1525);Peter Gašperšič


Drugi tir slovenskih železnic in tretjo razvojno os


Julijana Bizjak Mlakar


Novo ruto in plastelin


Irena Majcen


Kvas za potico


Branimir Štrukelj


Višje plače za javni sektor, gospodarstvo nas bo že nekako financiralo.


Milan Kučan


Parklji ne dobijo daril – sploh tisti iz Murgelj.


Aleš Primc


Da bi parklji odnesli vse geje.


Alenka Bratušek


Nove čeveljce; take tigraste


Vinko Gorenak


Koledar Damjana Murka


Boštjan Šefic


Lifting in vsaj en dan brez beguncev


Borut Pahor


Ponija, kotalke, barvice, set za friziranje in hrvaško zastavo.</article-text>
		<article-text-transliterated>Miklavž po tradiciji vsako leto v noči na 6. december obdaruje otroke. Ta obred sega tisočletja v preteklost. Sv. Miklavž oziroma Nikolaj se je rodil v tretjem stoletju. Pravijo, da je bil sin premožnih staršev, vendar je vse podedovano bogastvo razdal ubogim, zato se ga od nekdaj drži sloves radodarnega svetnika. Seveda sv. Miklavž obdaruje samo pridne, preostalim prinese šibe ali pa jih odnesejo parklji. Kaj menite, ali bodo politiki dobili, kar so si zaželeli v pismih Miklavžu, ali raje vidite, da jih odnesejo parklji?

Miro Cerar


Še premišljuje …


Janez Janša


Svojo državo. Vse ostalo si mi že prinesel.


Karl Erjavec


Nov pralni stroj in boljšo sosedo


Vesna Gyӧrkӧs Žnidar


Dojenčka, da ne bodo več samo govorili, da sem noseča.


Andreja Katič


Oranžno barvo za lase


Dušan Mramor


Nov kalkulator, psihiatra in fikus


Zdravko Počivalšek


Učbenik za angleški jezik


Anja Kopač Mrak


Več všečkov na facebooku


Milojka Kolar Celarc


Zdravstveno reformo


ipromZone(1525);Peter Gašperšič


Drugi tir slovenskih železnic in tretjo razvojno os


Julijana Bizjak Mlakar


Novo ruto in plastelin


Irena Majcen


Kvas za potico


Branimir Štrukelj


Višje plače za javni sektor, gospodarstvo nas bo že nekako financiralo.


Milan Kučan


Parklji ne dobijo daril – sploh tisti iz Murgelj.


Aleš Primc


Da bi parklji odnesli vse geje.


Alenka Bratušek


Nove čeveljce; take tigraste


Vinko Gorenak


Koledar Damjana Murka


Boštjan Šefic


Lifting in vsaj en dan brez beguncev


Borut Pahor


Ponija, kotalke, barvice, set za friziranje in hrvaško zastavo.</article-text-transliterated>
	</article>
	<comments>
		<comments-count>0</comments-count>
		<comments-list/>
	</comments>
</document>
