<document global-id="si-05-1424"><url>https://novice.svet24.si//clanek/novice/slovenija/5a689940948c9/stanje-je-nevzdrzno-po-vlada-razumela-to-zelo-jasno-sporocilo</url><source-id>si-05</source-id><local-id>si-05-1424</local-id><source-name>Svet24</source-name><article><article-title>Stanje je nevzdržno: bo vlada razumela to "zelo jasno" sporočilo?</article-title><article-title-transliterated>Stanje je nevzdržno: bo vlada razumela to "zelo jasno" sporočilo?</article-title-transliterated><article_time>2018-01-24</article_time><article-author>J.P./STA</article-author><article-text>Kot je pojasnil, so se današnji stavki, ki poteka v različnih delih javnega sektorja, priključili zaposleni iz cele Slovenije, ki so tudi prišli na shod. "Mislim, da so s tem izrazili močno podporo temu, kar pričakujemo od vlade z našimi zahtevami," je dejal in poudaril, da je trenutno stanje nevzdržno.
Med stavkajočimi so zaposleni na univerzah, v vrtcih, upravnih enotah, centrih za socialno delo, knjižnicah, gledališčih, muzejih, finančni, geodetski in veterinarski upravi, cariniki, veterinarji in različni poklici v zdravstvu. Na shodu pa so se jim pridružili še nekateri, denimo zaposleni na obrambnem ministrstvu in vojaki, za katere sicer velja prepoved stavke.
Sindikati v prvi vrsti zahtevajo, da se po dvigu zdravniških plač znova vzpostavijo ustrezna razmerja in popravijo plače tudi drugim; za tiste do 26. plačnega razreda zahtevajo dvig za dva plačna razreda, višje na plačni lestvici pa za tri do štiri, saj v tem delu še niso odpravljali plačnih anomalij. Med stavkovnimi zahtevami je tudi takojšen začetek odpravljanja vseh varčevalnih ukrepov, vključno z odpravo osemodstotnega znižanja plač.
Z vladnimi pogajalci, ki jih vodi minister za javno upravo Boris Koprivnikar, so se sindikati v minulih dneh po napovedi stavke sestali dvakrat, nazadnje v ponedeljek, a skupnega jezika niso našli.
Kot je Počivavšek pojasnil danes, za zdaj še nimajo nobene informacije o nadaljevanju pogajanj. Po njegovih besedah so se namreč dogovorili, da se bodo ponovno sestali, ko bo vlada dobila mandata za nadaljnja pogajanja.
"Pričakujemo, da bo vlada dobila nov mandat za pogajanja in da se bo pripravljena resno pogovarjati o vseh naših stavkovnih zahtevah," je dejal. Ob tem je pojasnil, da so sami jasno povedali, da so se pripravljeni pogajati in iskati dogovor, toda da je "na vse stavkovne zahteve treba pogledati celovito". "Vlada mora najti predvsem voljo, da se dejansko dogovorimo. Tega do danes, žal, še ni," je dodal.

Med stavkajočimi so zaposleni na univerzah, v vrtcih, upravnih enotah, centrih za socialno delo, knjižnicah, gledališčih, muzejih, finančni, geodetski in veterinarski upravi, cariniki, veterinarji in različni poklici v zdravstvu. 

Prišli bo tisto, kar jim je bilo vzeto
ipromZone(1525);Udeleženci današnjega protestnega shoda so med zahtevami pričakovano izpostavili predvsem višje plače. Želijo si tudi bolj pošten odnos do vseh zaposlenih, predvsem najnižje plačanih. Menijo, da jih je vlada slišala, zato pričakujejo, da bo tudi prisluhnila njihovim zahtevam.
Protestnega shoda se je "zaradi neenakovrednega obravnavanja javnih uslužbencev" udeležil Marcel More, ki dela v zaporu. Večina zaporniških delavcev mora danes delati, ker imajo prepoved stavke, zato se jih je protestnega shoda udeležilo bolj malo, je pojasnil. Pred vlado so se tako zbrali samo tisti, ki danes niso bili razporejeni na delo.
"Zaporniški delavci smo že tako v ozadju in predvsem kadrovsko podhranjeni. Edini poklic, ki se lahko primerja z našim delom, so policisti - vemo, kaj so oni dosegli," je spomnil More in poudaril, da hočejo samo enako obravnavo kot primerljivi poklici. "Slišali so nas. Kakšen bo odziv vlade, pa počakajmo," je še komentiral pričakovanja po današnjem shodu.
V Ljubljano so kot "del celote boja javne uprave za boljšo situacijo vseh zaposlenih" prišli tudi zaposleni na mariborskem centru za socialno delo. Kot je povedala Ana Gajič iz Sindikata centrov za socialno delo, pričakujejo, da bodo slišani.
"Zadnja leta mi je demoniziranje javnega sektorja šlo zelo na živce. Ne vem, zakaj je v naši družbi treba zmeraj nekoga ponižati in razvrednotiti njegovo delo - naj gre za snažilko in vratarja v javnem sektorju ali univerzitetnega profesorja. Ne vem, če se zavedamo, kako povezovalni bi morali biti," je dejala Darja Kerec z ljubljanske pedagoške fakultete, ki predava tudi na pedagoški fakulteti v Mariboru.
Shoda se ni udeležila, ker bi želela višjo plačo, saj lahko s svojo normalno preživi: "Boli pa me srce, ko vidim, kakšne plače imajo snažilke in drugi delavci." Večina zaposlenih na fakulteti se je po njenih besedah protesta udeležila. Posebej ji je bilo všeč, da so se zaposleni na fakulteti - od profesorjev do snažilk - shoda udeležili skupaj in tako pokazali enotnost. Meni sicer, da bodo izkupiček današnjega shoda predvsem floskule in polarizirano poročanje nekaterih medijev.
Shoda se je udeležila tudi ena od zaposlenih na upravni enoti, ki je želela ostati anonimna. Kot je dejala, so "prišli po tisto, kar nam je že bilo odvzeto". Pri tem je izpostavila predvsem zahtevo po višjih plačah in ustrezni ureditvi dodatnega pokojninskega zavarovanja. "Vsako leto sta se vsaj dva odstotka uslužbencev upokojila, novih pa nismo zaposlili. Torej smo svoj davek plačali tudi s tem, da nas je vedno manj, dela pa je vedno več," je opozorila.
Med protestniki je bil tudi urednik spletnega portala Skozi oči prekariata Črt Poglajen, ki je ocenil, da so prekarno in redno zaposleni "na isti ladji", zato se mu zdi prav, da tudi prekarno zaposleni podprejo stavkovne zahteve delavcev. "Prekarizacija dela je postopek, ki traja in proti kateremu se je treba boriti skupaj," je dejal.
Današnja stavka poteka v več delih javnega sektorja. Med drugim so jo napovedali sindikati, ki zastopajo zaposlene na univerzah, v vrtcih, upravnih enotah, centrih za socialno delo, knjižnicah, gledališčih, muzejih, finančni, geodetski in veterinarski upravi, carinike, veterinarje in različne poklice v zdravstvu.
Nekatere ustanove, kot so knjižnice in gledališča, so zaprla svoja vrata, povsod pa zaposleni kljub stavki skrbijo za vse nujne naloge.</article-text><article-text-transliterated>Kot je pojasnil, so se današnji stavki, ki poteka v različnih delih javnega sektorja, priključili zaposleni iz cele Slovenije, ki so tudi prišli na shod. "Mislim, da so s tem izrazili močno podporo temu, kar pričakujemo od vlade z našimi zahtevami," je dejal in poudaril, da je trenutno stanje nevzdržno.
Med stavkajočimi so zaposleni na univerzah, v vrtcih, upravnih enotah, centrih za socialno delo, knjižnicah, gledališčih, muzejih, finančni, geodetski in veterinarski upravi, cariniki, veterinarji in različni poklici v zdravstvu. Na shodu pa so se jim pridružili še nekateri, denimo zaposleni na obrambnem ministrstvu in vojaki, za katere sicer velja prepoved stavke.
Sindikati v prvi vrsti zahtevajo, da se po dvigu zdravniških plač znova vzpostavijo ustrezna razmerja in popravijo plače tudi drugim; za tiste do 26. plačnega razreda zahtevajo dvig za dva plačna razreda, višje na plačni lestvici pa za tri do štiri, saj v tem delu še niso odpravljali plačnih anomalij. Med stavkovnimi zahtevami je tudi takojšen začetek odpravljanja vseh varčevalnih ukrepov, vključno z odpravo osemodstotnega znižanja plač.
Z vladnimi pogajalci, ki jih vodi minister za javno upravo Boris Koprivnikar, so se sindikati v minulih dneh po napovedi stavke sestali dvakrat, nazadnje v ponedeljek, a skupnega jezika niso našli.
Kot je Počivavšek pojasnil danes, za zdaj še nimajo nobene informacije o nadaljevanju pogajanj. Po njegovih besedah so se namreč dogovorili, da se bodo ponovno sestali, ko bo vlada dobila mandata za nadaljnja pogajanja.
"Pričakujemo, da bo vlada dobila nov mandat za pogajanja in da se bo pripravljena resno pogovarjati o vseh naših stavkovnih zahtevah," je dejal. Ob tem je pojasnil, da so sami jasno povedali, da so se pripravljeni pogajati in iskati dogovor, toda da je "na vse stavkovne zahteve treba pogledati celovito". "Vlada mora najti predvsem voljo, da se dejansko dogovorimo. Tega do danes, žal, še ni," je dodal.

Med stavkajočimi so zaposleni na univerzah, v vrtcih, upravnih enotah, centrih za socialno delo, knjižnicah, gledališčih, muzejih, finančni, geodetski in veterinarski upravi, cariniki, veterinarji in različni poklici v zdravstvu. 

Prišli bo tisto, kar jim je bilo vzeto
ipromZone(1525);Udeleženci današnjega protestnega shoda so med zahtevami pričakovano izpostavili predvsem višje plače. Želijo si tudi bolj pošten odnos do vseh zaposlenih, predvsem najnižje plačanih. Menijo, da jih je vlada slišala, zato pričakujejo, da bo tudi prisluhnila njihovim zahtevam.
Protestnega shoda se je "zaradi neenakovrednega obravnavanja javnih uslužbencev" udeležil Marcel More, ki dela v zaporu. Večina zaporniških delavcev mora danes delati, ker imajo prepoved stavke, zato se jih je protestnega shoda udeležilo bolj malo, je pojasnil. Pred vlado so se tako zbrali samo tisti, ki danes niso bili razporejeni na delo.
"Zaporniški delavci smo že tako v ozadju in predvsem kadrovsko podhranjeni. Edini poklic, ki se lahko primerja z našim delom, so policisti - vemo, kaj so oni dosegli," je spomnil More in poudaril, da hočejo samo enako obravnavo kot primerljivi poklici. "Slišali so nas. Kakšen bo odziv vlade, pa počakajmo," je še komentiral pričakovanja po današnjem shodu.
V Ljubljano so kot "del celote boja javne uprave za boljšo situacijo vseh zaposlenih" prišli tudi zaposleni na mariborskem centru za socialno delo. Kot je povedala Ana Gajič iz Sindikata centrov za socialno delo, pričakujejo, da bodo slišani.
"Zadnja leta mi je demoniziranje javnega sektorja šlo zelo na živce. Ne vem, zakaj je v naši družbi treba zmeraj nekoga ponižati in razvrednotiti njegovo delo - naj gre za snažilko in vratarja v javnem sektorju ali univerzitetnega profesorja. Ne vem, če se zavedamo, kako povezovalni bi morali biti," je dejala Darja Kerec z ljubljanske pedagoške fakultete, ki predava tudi na pedagoški fakulteti v Mariboru.
Shoda se ni udeležila, ker bi želela višjo plačo, saj lahko s svojo normalno preživi: "Boli pa me srce, ko vidim, kakšne plače imajo snažilke in drugi delavci." Večina zaposlenih na fakulteti se je po njenih besedah protesta udeležila. Posebej ji je bilo všeč, da so se zaposleni na fakulteti - od profesorjev do snažilk - shoda udeležili skupaj in tako pokazali enotnost. Meni sicer, da bodo izkupiček današnjega shoda predvsem floskule in polarizirano poročanje nekaterih medijev.
Shoda se je udeležila tudi ena od zaposlenih na upravni enoti, ki je želela ostati anonimna. Kot je dejala, so "prišli po tisto, kar nam je že bilo odvzeto". Pri tem je izpostavila predvsem zahtevo po višjih plačah in ustrezni ureditvi dodatnega pokojninskega zavarovanja. "Vsako leto sta se vsaj dva odstotka uslužbencev upokojila, novih pa nismo zaposlili. Torej smo svoj davek plačali tudi s tem, da nas je vedno manj, dela pa je vedno več," je opozorila.
Med protestniki je bil tudi urednik spletnega portala Skozi oči prekariata Črt Poglajen, ki je ocenil, da so prekarno in redno zaposleni "na isti ladji", zato se mu zdi prav, da tudi prekarno zaposleni podprejo stavkovne zahteve delavcev. "Prekarizacija dela je postopek, ki traja in proti kateremu se je treba boriti skupaj," je dejal.
Današnja stavka poteka v več delih javnega sektorja. Med drugim so jo napovedali sindikati, ki zastopajo zaposlene na univerzah, v vrtcih, upravnih enotah, centrih za socialno delo, knjižnicah, gledališčih, muzejih, finančni, geodetski in veterinarski upravi, carinike, veterinarje in različne poklice v zdravstvu.
Nekatere ustanove, kot so knjižnice in gledališča, so zaprla svoja vrata, povsod pa zaposleni kljub stavki skrbijo za vse nujne naloge.</article-text-transliterated></article><comments><comments-count>0</comments-count><comments-list /></comments></document>