<document global-id="si-05-1198"><url>https://novice.svet24.si//clanek/zabava/estrada/59830dc1f2088/pocitniske-prigode-anite-goste</url><source-id>si-05</source-id><local-id>si-05-1198</local-id><source-name>Svet24</source-name><article><article-title>Počitniške prigode Anite Gošte</article-title><article-title-transliterated>Počitniške prigode Anite Gošte</article-title-transliterated><article_time>2017-08-04</article_time><article-author>A.M.</article-author><article-text>Počitniško poletje se je za Anito Gošte začelo na zadnji dan pouka, saj je morala izpolniti obljubo, da bo za vikend na počitnice vzela punčko Kajo. Kaja je bila tista simpatična in zgovorna prvošolka, ki se je s Klemnom Bunderlo kot sovoditeljica pridružila v jutranjem programu Radia Aktual.

 Aktualova Anita je po izobrazbi profesorica slovenščine.

»Ob treh srečanjih se je tako navezala name, da je želela kar ostati pri meni na radiu. In potem sem ji obljubila počitnice …« nam je zaupala Anita in dodala, da ima še tri nečakinje, tako da je doma večkrat pravi počitniški vrtec.
Deloholičarka
Kaj pa dopust? »Ker sem precej deloholične narave, si bom za dopust vzela zgolj nekaj avgustovskih dni, potem bo treba z urednikom že intenzivno kovati načrte za novo radijsko sezono. Kam na lepše bom za dan, dva skočila s prijateljicami, starimi sošolkami iz osnovne šole, s katerimi smo povezane še danes. Rade poklepetamo in se pocrkljamo z dobro hrano in kapljico. Trenutno kaže, da se mi bo zgodilo še nekaj lepega, kar pa bom z vami delila morda kdaj drugič,« je zaključila voditeljica na Radiu Aktual.</article-text><article-text-transliterated>Počitniško poletje se je za Anito Gošte začelo na zadnji dan pouka, saj je morala izpolniti obljubo, da bo za vikend na počitnice vzela punčko Kajo. Kaja je bila tista simpatična in zgovorna prvošolka, ki se je s Klemnom Bunderlo kot sovoditeljica pridružila v jutranjem programu Radia Aktual.

 Aktualova Anita je po izobrazbi profesorica slovenščine.

»Ob treh srečanjih se je tako navezala name, da je želela kar ostati pri meni na radiu. In potem sem ji obljubila počitnice …« nam je zaupala Anita in dodala, da ima še tri nečakinje, tako da je doma večkrat pravi počitniški vrtec.
Deloholičarka
Kaj pa dopust? »Ker sem precej deloholične narave, si bom za dopust vzela zgolj nekaj avgustovskih dni, potem bo treba z urednikom že intenzivno kovati načrte za novo radijsko sezono. Kam na lepše bom za dan, dva skočila s prijateljicami, starimi sošolkami iz osnovne šole, s katerimi smo povezane še danes. Rade poklepetamo in se pocrkljamo z dobro hrano in kapljico. Trenutno kaže, da se mi bo zgodilo še nekaj lepega, kar pa bom z vami delila morda kdaj drugič,« je zaključila voditeljica na Radiu Aktual.</article-text-transliterated></article><comments><comments-count>0</comments-count><comments-list /></comments></document>