<document global-id="si-05-1105"><url>https://novice.svet24.si//clanek/zanimivosti/54c12bef7a3ff/pinterest-kupil-startup-s-slovenskimi-koreninami</url><source-id>si-05</source-id><local-id>si-05-1105</local-id><source-name>Svet24</source-name><article><article-title>Pinterest kupil startup s slovenskimi koreninami</article-title><article-title-transliterated>Pinterest kupil startup s slovenskimi koreninami</article-title-transliterated><article_time>2015-01-22</article_time><article-author>STA/M.J.</article-author><article-text>Pinterest bo skupaj s tehnologijo pod svoje okrilje pridobil tudi večino desetčlanske ekipe iz Koseia (beseda kosei v japonskem jeziku sicer pomeni individualnost, osebnost).

Ekipo kot glavni izvršni direktor vodi soustanovitelj Lance Riedel, ki je pred tem sodeloval tudi v podjetjih Overture in Yahoo, je razvidno s spletne strani podjetja Kosei.

Kosei deluje na področju strojnega učenja in analize velikih podatkovnih zbirk. Razvija tehnologijo, ki lahko na podlagi analize velikih zbirk podatkov podaja visoko personalizirana priporočila uporabnikom.
Ta tehnologija bo prispevala k temu, da bo Pinterest po eni strani podjetjem oziroma blagovnim znamkam pomagal doseči ljudi ob pravem trenutku, po drugi strani pa izboljšal vsebine za uporabnike svojega omrežja, je v sporočilu na spletni strani podjetja zapisal vodja razvoja v Pinterestu Michael Lopp.
Pinterest je zaživel leta 2010, do julija 2013 pa je po na spletu dostopnih neuradnih ocenah pridobil že okrog 70 milijonov uporabnikov - Pinterest sam namreč javno je objavlja podatkov o številu uporabnikov.
Uporabniki Pinteresta sicer v omrežju ustvarjajo in delijo sezname na različne teme, ki jih zanimajo, in nato nanje pripenjajo relevantne fotografije oziroma vsebine, na katere naletijo med brskanjem po spletu.</article-text><article-text-transliterated>Pinterest bo skupaj s tehnologijo pod svoje okrilje pridobil tudi večino desetčlanske ekipe iz Koseia (beseda kosei v japonskem jeziku sicer pomeni individualnost, osebnost).

Ekipo kot glavni izvršni direktor vodi soustanovitelj Lance Riedel, ki je pred tem sodeloval tudi v podjetjih Overture in Yahoo, je razvidno s spletne strani podjetja Kosei.

Kosei deluje na področju strojnega učenja in analize velikih podatkovnih zbirk. Razvija tehnologijo, ki lahko na podlagi analize velikih zbirk podatkov podaja visoko personalizirana priporočila uporabnikom.
Ta tehnologija bo prispevala k temu, da bo Pinterest po eni strani podjetjem oziroma blagovnim znamkam pomagal doseči ljudi ob pravem trenutku, po drugi strani pa izboljšal vsebine za uporabnike svojega omrežja, je v sporočilu na spletni strani podjetja zapisal vodja razvoja v Pinterestu Michael Lopp.
Pinterest je zaživel leta 2010, do julija 2013 pa je po na spletu dostopnih neuradnih ocenah pridobil že okrog 70 milijonov uporabnikov - Pinterest sam namreč javno je objavlja podatkov o številu uporabnikov.
Uporabniki Pinteresta sicer v omrežju ustvarjajo in delijo sezname na različne teme, ki jih zanimajo, in nato nanje pripenjajo relevantne fotografije oziroma vsebine, na katere naletijo med brskanjem po spletu.</article-text-transliterated></article><comments><comments-count>0</comments-count><comments-list /></comments></document>