<document global-id="si-05-1084"><url>https://novice.svet24.si//clanek/novice/svet/5581b6b6ee77d/ukradel-maturitetne-pole</url><source-id>si-05</source-id><local-id>si-05-1084</local-id><source-name>Svet24</source-name><article><article-title>Panika na maturi: ukradli izpitne pole</article-title><article-title-transliterated>Panika na maturi: ukradli izpitne pole</article-title-transliterated><article_time>2015-06-18</article_time><article-author>R.S.</article-author><article-text>Osem ur, preden bi dijaki morali pisati še zadnji test v svoji srednješolski karieri – maturo iz maternega jezika, so tega odpovedali. Razlog? Test je nekako pricurljal iz strogo varovanih predalov in kaj hitro zakrožil po spletu.

Arhiv Svet24
Maturitetna pola iz materinega jezika je zaokrožila po spletu.

Na srečo se to ne dogaja pri nas, kjer so testi zaenkrat še skriti pod dovolj varno ključavnico, so pa to grenko izkušnjo doživeli na Hrvaškem. No, zadeva je neprijetna verjetno le za tiste, ki so zadolženi za varovanje testov, za maturante pa je bil včerajšnji dan zagotovo eden srečnejših dni v njihovih življenjih. Dijakom so tako včeraj prestavili esej, ki bi ga morali pisati na temo knjige Trpljenje mladega Wertherja. Policisti pa že vedo, kje so nepridipravi odtujili strogo zaupne teste.
V ponedeljek so jih namreč iz ene od srednjih šol v Puli obvestili, da so jim ukradli dve izpitni poli za državno maturo. Niso pa bili vsi dijaki srečni, da bodo maturitetni test pisali z nekajdnevnim zamikom. »Toliko sem se učila za ta test, zdaj pa je preložen. Ni pošteno in to bo vplivalo tudi na vse ostale izpite,« je dejala ena od maturantk.</article-text><article-text-transliterated>Osem ur, preden bi dijaki morali pisati še zadnji test v svoji srednješolski karieri – maturo iz maternega jezika, so tega odpovedali. Razlog? Test je nekako pricurljal iz strogo varovanih predalov in kaj hitro zakrožil po spletu.

Arhiv Svet24
Maturitetna pola iz materinega jezika je zaokrožila po spletu.

Na srečo se to ne dogaja pri nas, kjer so testi zaenkrat še skriti pod dovolj varno ključavnico, so pa to grenko izkušnjo doživeli na Hrvaškem. No, zadeva je neprijetna verjetno le za tiste, ki so zadolženi za varovanje testov, za maturante pa je bil včerajšnji dan zagotovo eden srečnejših dni v njihovih življenjih. Dijakom so tako včeraj prestavili esej, ki bi ga morali pisati na temo knjige Trpljenje mladega Wertherja. Policisti pa že vedo, kje so nepridipravi odtujili strogo zaupne teste.
V ponedeljek so jih namreč iz ene od srednjih šol v Puli obvestili, da so jim ukradli dve izpitni poli za državno maturo. Niso pa bili vsi dijaki srečni, da bodo maturitetni test pisali z nekajdnevnim zamikom. »Toliko sem se učila za ta test, zdaj pa je preložen. Ni pošteno in to bo vplivalo tudi na vse ostale izpite,« je dejala ena od maturantk.</article-text-transliterated></article><comments><comments-count>0</comments-count><comments-list /></comments></document>