<?xml version="1.0" encoding="utf-8"?>
<document global-id="si-05-1346">
	<url>https://novice.svet24.si//clanek/novice/slovenija/54db55c66c5be/slavila-je-bibliotekarka</url>
	<source-id>si-05</source-id>
	<local-id>1346</local-id>
	<source-name>Svet24</source-name>
	<article>
		<article-title>Slavila je bibliotekarka</article-title>
		<article-title-transliterated>Slavila je bibliotekarka</article-title-transliterated>
		<article-time>2015-02-11</article-time>
		<article-author>Tilen Pajek</article-author>
		<article-text>Bibliotekarska specialistka Ksenija Petaros Kmetec je v Mestni knjižnici Piran odgovorna za domoznansko zbirko, s svojim dolgoletnim delom na področju bibliotekarstva, domoznanstva in kulture vselej prispeva k popularizaciji znanja in zvišanju zavesti o pomenu dediščine ter pripadnosti piranskemu in istrskemu specifičnemu okolju.
To je le delček obrazložitve, zaradi katere ji je župan Peter Bossman podelil to laskavo priznanje, saj pomembno vpliva na oblikovanje kulturnega življenja prebivalcev občine Piran. Svojo pot je začela v Pomorskem muzeju Sergej Mašera Piran, danes pa prebivalcem piranske občine in tudi širše našo kulturno dediščino predstavlja z organizacijo in vodenjem kulturnih prireditev, literarnih večerov, pripravljanjem razstav, s sodelovanjem pri lokalnih in nacionalnih projektih, pisanjem strokovnih in poljudnih člankov ter prevajanjem domoznanskih prispevkov iz italijanščine v slovenščino.
Na slavnostni prireditvi, ki jo je režirala Mojka Mehora Lavrič in povezovala Nina Šegš Mihalič, so nastopili številni gostje s področja plesa in glasbe. Slavnostni govornik kulturnega srečanja je bil operni pevec Branko Robinšak.</article-text>
		<article-text-transliterated>Bibliotekarska specialistka Ksenija Petaros Kmetec je v Mestni knjižnici Piran odgovorna za domoznansko zbirko, s svojim dolgoletnim delom na področju bibliotekarstva, domoznanstva in kulture vselej prispeva k popularizaciji znanja in zvišanju zavesti o pomenu dediščine ter pripadnosti piranskemu in istrskemu specifičnemu okolju.
To je le delček obrazložitve, zaradi katere ji je župan Peter Bossman podelil to laskavo priznanje, saj pomembno vpliva na oblikovanje kulturnega življenja prebivalcev občine Piran. Svojo pot je začela v Pomorskem muzeju Sergej Mašera Piran, danes pa prebivalcem piranske občine in tudi širše našo kulturno dediščino predstavlja z organizacijo in vodenjem kulturnih prireditev, literarnih večerov, pripravljanjem razstav, s sodelovanjem pri lokalnih in nacionalnih projektih, pisanjem strokovnih in poljudnih člankov ter prevajanjem domoznanskih prispevkov iz italijanščine v slovenščino.
Na slavnostni prireditvi, ki jo je režirala Mojka Mehora Lavrič in povezovala Nina Šegš Mihalič, so nastopili številni gostje s področja plesa in glasbe. Slavnostni govornik kulturnega srečanja je bil operni pevec Branko Robinšak.</article-text-transliterated>
	</article>
	<comments>
		<comments-count>0</comments-count>
		<comments-list/>
	</comments>
</document>
