<document global-id="si-05-120"><url>https://novice.svet24.si//clanek/novice/slovenija/5608fede60afc/bo-s-to-odlocitvijo-slovenscina-postala-enakovredna-anglescini-v-evropskih-instutucijah</url><source-id>si-05</source-id><local-id>si-05-120</local-id><source-name>Svet24</source-name><article><article-title>Bo s to odločitvijo slovenščina postala enakovredna angleščini v evropskih instutucijah?</article-title><article-title-transliterated>Bo s to odločitvijo slovenščina postala enakovredna angleščini v evropskih instutucijah?</article-title-transliterated><article_time>2015-09-28</article_time><article-author>STA</article-author><article-text>Kot je minuli četrtek razsodilo Sodišče EU, smejo kandidati za službe v svoji komunikaciji z Epsom brez ovir uporabljati kateregakoli od 24 uradnih jezikov EU, torej na primer tudi slovenščino. Prav tako lahko kateregakoli od 24 uradnih jezikov uporabljajo pri izpolnjevanju Epsovih testov.

Epso je prva kontaktna točka za vse, ki bi radi delali za EU. Ta urad namreč pripravlja javne natečaje, s katerimi izbira osebje za vse institucije EU ter tako za stalna kot začasna delovna mesta. Poleg tega ponuja pripravništva in vodi zbirko področnih strokovnjakov. V institucijah EU dela več kot 40.000 ljudi iz 28 držav članic EU.

Dosedanja praksa, po kateri smejo uporabljati le angleščino, nemščino ali francoščino, po oceni sodišča predstavlja diskriminacijo, saj "daje prednost določenim potencialnim kandidatom, in sicer tistim z dobrim znanjem vsaj enega od navedenih jezikov". 
Evropska komisija je na sodišču kot argument med drugim navajala, da so angleščina, nemščina in francoščina najbolj razširjeni jeziki v EU, tudi ko gre za notranjo komunikacijo institucij EU. A sodišče je to trditev zavrnilo kot neutemeljeno s kakršnimikoli konkretnimi dokazi.
ipromZone(1525);Na sodišče sta se v tem primeru obrnili Italija in Španija, sodba pa se konkretno nanaša na razpise Epsa za revizorje, znanstvene svetovalce in varnostne strokovnjake v letih 2012 in 2013. Ti razpisi so bili sedaj razveljavljeni, kaj vse bo še sledilo, pa še ni jasno.

Thinkstock
Komunikacija brez ovir

Tiskovna predstavnica Evropske komisije je za bruseljski spletni bilten EUobserver, ki je poročal o odločitvi sodišča, zaenkrat povedala le, da jo preučujejo njihovi odvetniki ter da je nanjo možna pritožba. Podobno so se s sporočilom na svoji spletni strani odzvali v Epsu.
Neimenovani vir v EU je za EUobserver medtem ocenil, da bi se lahko kandidati, ki so bili na Epsovih preteklih razpisih zavrnjeni, sedaj pritožili na Sodišču EU za uslužbence. Kaj bo sledilo, bo odvisno tudi od tega, ali se bo Evropska komisija na odločitev pritožila ali ne. Se bodo pa v institucijah EU s to zadevo zagotovo še veliko ukvarjali, je dodal.</article-text><article-text-transliterated>Kot je minuli četrtek razsodilo Sodišče EU, smejo kandidati za službe v svoji komunikaciji z Epsom brez ovir uporabljati kateregakoli od 24 uradnih jezikov EU, torej na primer tudi slovenščino. Prav tako lahko kateregakoli od 24 uradnih jezikov uporabljajo pri izpolnjevanju Epsovih testov.

Epso je prva kontaktna točka za vse, ki bi radi delali za EU. Ta urad namreč pripravlja javne natečaje, s katerimi izbira osebje za vse institucije EU ter tako za stalna kot začasna delovna mesta. Poleg tega ponuja pripravništva in vodi zbirko področnih strokovnjakov. V institucijah EU dela več kot 40.000 ljudi iz 28 držav članic EU.

Dosedanja praksa, po kateri smejo uporabljati le angleščino, nemščino ali francoščino, po oceni sodišča predstavlja diskriminacijo, saj "daje prednost določenim potencialnim kandidatom, in sicer tistim z dobrim znanjem vsaj enega od navedenih jezikov". 
Evropska komisija je na sodišču kot argument med drugim navajala, da so angleščina, nemščina in francoščina najbolj razširjeni jeziki v EU, tudi ko gre za notranjo komunikacijo institucij EU. A sodišče je to trditev zavrnilo kot neutemeljeno s kakršnimikoli konkretnimi dokazi.
ipromZone(1525);Na sodišče sta se v tem primeru obrnili Italija in Španija, sodba pa se konkretno nanaša na razpise Epsa za revizorje, znanstvene svetovalce in varnostne strokovnjake v letih 2012 in 2013. Ti razpisi so bili sedaj razveljavljeni, kaj vse bo še sledilo, pa še ni jasno.

Thinkstock
Komunikacija brez ovir

Tiskovna predstavnica Evropske komisije je za bruseljski spletni bilten EUobserver, ki je poročal o odločitvi sodišča, zaenkrat povedala le, da jo preučujejo njihovi odvetniki ter da je nanjo možna pritožba. Podobno so se s sporočilom na svoji spletni strani odzvali v Epsu.
Neimenovani vir v EU je za EUobserver medtem ocenil, da bi se lahko kandidati, ki so bili na Epsovih preteklih razpisih zavrnjeni, sedaj pritožili na Sodišču EU za uslužbence. Kaj bo sledilo, bo odvisno tudi od tega, ali se bo Evropska komisija na odločitev pritožila ali ne. Se bodo pa v institucijah EU s to zadevo zagotovo še veliko ukvarjali, je dodal.</article-text-transliterated></article><comments><comments-count>0</comments-count><comments-list /></comments></document>