<document global-id="si-05-1156"><url>https://novice.svet24.si//clanek/novice/crna-kronika/5aabeb5d3b8c0/popovica-opazke-o-oprsju-drago-stale</url><source-id>si-05</source-id><local-id>si-05-1156</local-id><source-name>Svet24</source-name><article><article-title>Popoviča opazke o oprsju drago stale</article-title><article-title-transliterated>Popoviča opazke o oprsju drago stale</article-title-transliterated><article_time>2018-03-16</article_time><article-author>J.P./STA</article-author><article-text>Sodbo je Carlova prejela danes, potem ko se je 12. decembra lani po štirih sodnih obravnavah sklenilo pravdanje, ki ga je sprožila zoper Popoviča. 
"Lokalni politik je s to sodbo dobil lekcijo, da ni vsemogočen in nedotakljiv in da se jezični 'stretching' očitno niti finančno ne izplača," je Carlova zadovoljna z izidom pravdanja.
Ljubljansko sodišče je v županovih izjavah prepoznalo poseganje v njene osebnostne pravice in mu je že leta 2014 z začasno odredbo prepovedalo javno govoriti o njenem telesu. Enkrat je prepoved prekršil, kar ga je stalo 1000 evrov. Na podlagi sodbe, ki jo je Carlova prejela danes, pa ga bo v primeru, da s spornimi izjavami ne bo prenehal, doletela dvakrat večja kazen, po 2000 evrov za vsako kršitev.
"Sodišče ne dvomi, da je tožnica zaradi podanih izjav trpela duševne bolečine. V zvezi s tem je sodišče v celoti sledilo izvedeniškemu mnenju tudi glede obsega duševnih bolečin in samih posledic, pa tudi izpovedbi tožnice, ki jo izvedeniško mnenje tudi potrjuje," izhaja iz sodbe, pod katero je podpisana sodnica Alenka Kočevar Nosan. 
Po poročanju Primorskih novic Popovič še ni komentiral sodbe, ki sicer še ni pravnomočna. Pričakovati pa je, da se bo nanjo pritožil. S Carlovo se bosta v vsakem primeru kmalu ponovno srečala v sodni dvorani, saj ga je novinarka ovadila tudi kazensko, prva obravnava pa je predvidena v začetku aprila.</article-text><article-text-transliterated>Sodbo je Carlova prejela danes, potem ko se je 12. decembra lani po štirih sodnih obravnavah sklenilo pravdanje, ki ga je sprožila zoper Popoviča. 
"Lokalni politik je s to sodbo dobil lekcijo, da ni vsemogočen in nedotakljiv in da se jezični 'stretching' očitno niti finančno ne izplača," je Carlova zadovoljna z izidom pravdanja.
Ljubljansko sodišče je v županovih izjavah prepoznalo poseganje v njene osebnostne pravice in mu je že leta 2014 z začasno odredbo prepovedalo javno govoriti o njenem telesu. Enkrat je prepoved prekršil, kar ga je stalo 1000 evrov. Na podlagi sodbe, ki jo je Carlova prejela danes, pa ga bo v primeru, da s spornimi izjavami ne bo prenehal, doletela dvakrat večja kazen, po 2000 evrov za vsako kršitev.
"Sodišče ne dvomi, da je tožnica zaradi podanih izjav trpela duševne bolečine. V zvezi s tem je sodišče v celoti sledilo izvedeniškemu mnenju tudi glede obsega duševnih bolečin in samih posledic, pa tudi izpovedbi tožnice, ki jo izvedeniško mnenje tudi potrjuje," izhaja iz sodbe, pod katero je podpisana sodnica Alenka Kočevar Nosan. 
Po poročanju Primorskih novic Popovič še ni komentiral sodbe, ki sicer še ni pravnomočna. Pričakovati pa je, da se bo nanjo pritožil. S Carlovo se bosta v vsakem primeru kmalu ponovno srečala v sodni dvorani, saj ga je novinarka ovadila tudi kazensko, prva obravnava pa je predvidena v začetku aprila.</article-text-transliterated></article><comments><comments-count>0</comments-count><comments-list /></comments></document>