<document global-id="si-05-1059">
    <url>https://novice.svet24.si/clanek/novice/svet/55196e797e6b4/osebje-britanske-kraljice-grozi-s-stavko</url>
    <source-id>si-05</source-id>
    <local-id>1059</local-id>
    <source-name>Svet24</source-name>
    <article>
        <article-title>Osebje britanske kraljice grozi s stavko</article-title>
        <article-title-transliterated>Osebje britanske kraljice grozi s stavko</article-title-transliterated>
        <article-time>2015-03-30</article-time>
        <article-author>STA</article-author>
        <article-text>Osebje britanske kraljice Elizabete II. na gradu Windsor grozi s stavko, če jim ne bodo zvišali
            plač. Uslužbenci gradu bodo v torek začeli glasovanje o morebitni stavki. Če do nje pride, bo to prva stavka
            osebja kraljeve družine. Za uslužbence gradu pristojni sindikat PCS trdi, da od že tako slabo plačanega
            osebja zahtevajo še izvajanje neplačanih opravil, kot sta vodenje turističnih ogledov in tolmačenje tujih
            jezikov. Sindikat zato zahteva, da bi morali biti delavci dodatno plačani za te dejavnosti, sicer jih bodo
            med stavko nehali opravljati.
            "Ti uslužbenci so zvesti svojemu delodajalcu in popolnoma predani temu, da so obiskovalci deležni kraljevske
            obravnave," je povedal generalni tajnik PCS Mark Serwotka. "Škandalozno je, da je osebje tako slabo plačano
            in da njih zahtevajo, da zastonj opravlja stvari, ki prinašajo denar za kraljevsko družino," je dodal.
            Elizabeta II. v gradu Windsor ponavadi preživlja konce tedna, pogosto pa tam gosti državne bankete.
            PCS, ki zastopa 120 od 200 uslužbencev v Windsorju, bo v torek organiziral glasovanje o morebitni stavki, ki
            po potekalo do 14. aprila.
        </article-text>
        <article-text-transliterated>Osebje britanske kraljice Elizabete II. na gradu Windsor grozi s stavko, če jim ne
            bodo zvišali plač. Uslužbenci gradu bodo v torek začeli glasovanje o morebitni stavki. Če do nje pride, bo
            to prva stavka osebja kraljeve družine. Za uslužbence gradu pristojni sindikat PCS trdi, da od že tako slabo
            plačanega osebja zahtevajo še izvajanje neplačanih opravil, kot sta vodenje turističnih ogledov in
            tolmačenje tujih jezikov. Sindikat zato zahteva, da bi morali biti delavci dodatno plačani za te dejavnosti,
            sicer jih bodo med stavko nehali opravljati.
            "Ti uslužbenci so zvesti svojemu delodajalcu in popolnoma predani temu, da so obiskovalci deležni kraljevske
            obravnave," je povedal generalni tajnik PCS Mark Serwotka. "Škandalozno je, da je osebje tako slabo plačano
            in da njih zahtevajo, da zastonj opravlja stvari, ki prinašajo denar za kraljevsko družino," je dodal.
            Elizabeta II. v gradu Windsor ponavadi preživlja konce tedna, pogosto pa tam gosti državne bankete.
            PCS, ki zastopa 120 od 200 uslužbencev v Windsorju, bo v torek organiziral glasovanje o morebitni stavki, ki
            po potekalo do 14. aprila.
        </article-text-transliterated>
    </article>
    <comments>
        <comments-count>0</comments-count>
        <comment-list/>
    </comments>
</document>