<document global-id="si-05-1408"><url>https://novice.svet24.si//clanek/novice/crna-kronika/5729ac0669e6d/spet-prevaranti-preberite-kako-vas-poskusajo-opetnajstiti</url><source-id>si-05</source-id><local-id>si-05-1408</local-id><source-name>Svet24</source-name><article><article-title>Spet prevaranti. Preberite, kako vas poskušajo opetnajstiti</article-title><article-title-transliterated>Spet prevaranti. Preberite, kako vas poskušajo opetnajstiti</article-title-transliterated><article_time>2016-05-04</article_time><article-author>R.T.</article-author><article-text>Ponujeno storitev je oškodovanka sprejela in si na računalnik namestila predlagano programsko opremo, klicatelju pa je vmes posredovala še več drugih podatkov, ki so storilcu omogočili prikrit dostop do sredstev na njenem bančnem računu. Z dejanjem so jo oškodovali za nekaj sto evrov.
V izogib takim oškodovanjem policisti svetujejo odpravljanje napak samo s strani pooblaščenih in preverjenih oseb, odsvetujejo pa vsakršno posredovanje osebnih podatkov ter podatkov o bančnih karticah, telefonskih številkah, IP naslovih in ostalem, kar v takih primerih, kot je izpostavljen, lahko omogoči goljufijo in prikrit dostop do računalnika.</article-text><article-text-transliterated>Ponujeno storitev je oškodovanka sprejela in si na računalnik namestila predlagano programsko opremo, klicatelju pa je vmes posredovala še več drugih podatkov, ki so storilcu omogočili prikrit dostop do sredstev na njenem bančnem računu. Z dejanjem so jo oškodovali za nekaj sto evrov.
V izogib takim oškodovanjem policisti svetujejo odpravljanje napak samo s strani pooblaščenih in preverjenih oseb, odsvetujejo pa vsakršno posredovanje osebnih podatkov ter podatkov o bančnih karticah, telefonskih številkah, IP naslovih in ostalem, kar v takih primerih, kot je izpostavljen, lahko omogoči goljufijo in prikrit dostop do računalnika.</article-text-transliterated></article><comments><comments-count>0</comments-count><comments-list /></comments></document>