<document global-id="si-05-1266">
    <url>https://novice.svet24.si/clanek/zabava/estrada/5554a1af2f4a7/raay-in-marjetka-osredotocena-le-na-petje</url>
    <source-id>si-05</source-id>
    <local-id>1266</local-id>
    <source-name>Svet24</source-name>
    <article>
        <article-title>Raay in Marjetka osredotočena le na petje</article-title>
        <article-title-transliterated>Raay in Marjetka osredotočena le na petje</article-title-transliterated>
        <article-time>2015-05-14</article-time>
        <article-author>A.M.</article-author>
        <article-text>Včeraj dopoldne je slovenska evrovizijska karavana krenila Dunaju naproti. Maraayo danes zvečer
            namreč čaka prva vaja in predstavitev medijem. Na 60. tekmovanju za Pesem Evrovizije bo Slovenijo zastopala
            Maraaya s pesmijo Here For You. Marjetka in Aleš Vovk alias Raay se bosta za vstop v evrovizijski finale
            potegovala kot predzadnja v drugem polfinalnem izboru 21. maja. Finale bo dva dni pozneje. Ob njiju bo na
            odru stala violinistka Lara, medtem ko tri spremljevalne pevke - Karin Zemljič, Manca Špik in Nika Zorjan -
            ne bodo vidne. Pričakovanja pred nastopom so velika, uvrstitev v finale pa se jima zdi, kot sta dejala med
            zadnjo uradno vajo pred odhodom, zelo mogoča. Prva misel po zmagi na Emi je bila, da na Dunaj ne bosta šla
            zgolj s pesmijo Here For You, za katero sta posnela kar tri videospote, enega s skupino Perpetuum Jazzile,
            drugega z Marjetkinimi učenci glasbe in uradnega v režiji Nika Kara ter ob finančni podpori združenja Sazas.
            Slovenijo, kot je povedala pevka, želita pokazati v vsej njeni veličini in z njo obkrožiti avstrijsko
            prestolnico.

            Skupen jezik pa je duo Maraaya našel tudi s številni sponzorji, tako da sta s seboj vzela veliko
            promocijskega gradiva, ki ga bosta razdelila medijem. 

            Če smo pri nekaterih državah opazili razne dodatke, kot so ognjemeti, poseben svetlobni šov, ogenj in še
            kaj, tega letos pri nas ne bo. Kot je dejal Raay, se nam obeta kakovostna izvedba, tako da sta skupaj z ženo
            in pevko Marjetko osredotočena predvsem na glasbo in petje, saj naj bi le to štelo na Evroviziji. In v
            kakšnih oblekah se bodo predstavili? Marjetka bo nastopila v beli elegantni obleki, ki jo je oblikovala
            Vesna Mirtelj, s katero sta našli skupen jezik že pri letošnji Emi. Skupen jezik pa je duo Maraaya našel
            tudi s številni sponzorji, tako da sta s seboj vzela veliko promocijskega gradiva, ki ga bosta razdelila
            medijem.
        </article-text>
        <article-text-transliterated>Včeraj dopoldne je slovenska evrovizijska karavana krenila Dunaju naproti. Maraayo
            danes zvečer namreč čaka prva vaja in predstavitev medijem. Na 60. tekmovanju za Pesem Evrovizije bo
            Slovenijo zastopala Maraaya s pesmijo Here For You. Marjetka in Aleš Vovk alias Raay se bosta za vstop v
            evrovizijski finale potegovala kot predzadnja v drugem polfinalnem izboru 21. maja. Finale bo dva dni
            pozneje. Ob njiju bo na odru stala violinistka Lara, medtem ko tri spremljevalne pevke - Karin Zemljič,
            Manca Špik in Nika Zorjan - ne bodo vidne. Pričakovanja pred nastopom so velika, uvrstitev v finale pa se
            jima zdi, kot sta dejala med zadnjo uradno vajo pred odhodom, zelo mogoča. Prva misel po zmagi na Emi je
            bila, da na Dunaj ne bosta šla zgolj s pesmijo Here For You, za katero sta posnela kar tri videospote, enega
            s skupino Perpetuum Jazzile, drugega z Marjetkinimi učenci glasbe in uradnega v režiji Nika Kara ter ob
            finančni podpori združenja Sazas. Slovenijo, kot je povedala pevka, želita pokazati v vsej njeni veličini in
            z njo obkrožiti avstrijsko prestolnico.

            Skupen jezik pa je duo Maraaya našel tudi s številni sponzorji, tako da sta s seboj vzela veliko
            promocijskega gradiva, ki ga bosta razdelila medijem. 

            Če smo pri nekaterih državah opazili razne dodatke, kot so ognjemeti, poseben svetlobni šov, ogenj in še
            kaj, tega letos pri nas ne bo. Kot je dejal Raay, se nam obeta kakovostna izvedba, tako da sta skupaj z ženo
            in pevko Marjetko osredotočena predvsem na glasbo in petje, saj naj bi le to štelo na Evroviziji. In v
            kakšnih oblekah se bodo predstavili? Marjetka bo nastopila v beli elegantni obleki, ki jo je oblikovala
            Vesna Mirtelj, s katero sta našli skupen jezik že pri letošnji Emi. Skupen jezik pa je duo Maraaya našel
            tudi s številni sponzorji, tako da sta s seboj vzela veliko promocijskega gradiva, ki ga bosta razdelila
            medijem.
        </article-text-transliterated>
    </article>
    <comments>
        <comments-count>0</comments-count>
        <comment-list/>
    </comments>
</document>