<document global-id="si-05-1290"><url>https://novice.svet24.si//clanek/zabava/estrada/55eec4badcc1d/rina-k-in-daniel-od-filinga-zadeta</url><source-id>si-05</source-id><local-id>si-05-1290</local-id><source-name>Svet24</source-name><article><article-title>Rina K in Daniel - od filinga zadeta?</article-title><article-title-transliterated>Rina K in Daniel - od filinga zadeta?</article-title-transliterated><article_time>2015-09-08</article_time><article-author>kš</article-author><article-text>Daniel Feelingue zmajuje z glavo ob nerazumni količini položnic in si misli svoje, David Žugman vztrajno trenira na košarkarskem igrišču. Rina išče svoje mesto in trka na vrata, dokler se ena izmed njih ne odprejo, kar je tudi glavno sporočilo pesmi, in si nazadnje privošči zasluženi počitek po napornem delovnem dnevu. Natanko tako, kot je. (Skoraj) brez olepšav. A zato nič manj zabavno.
Rina K je glasbenica in umetnica, ki si upa. Je avtorica kontroverznih kratkih zgodb. Pri štirinajstih, leta 2002, so njeno zgodbo o ženski, ki namesto menstruacije vsak mesec znese jajce, objavili v Oni. Ljubezen do moderne glasbe jo je vpeljala v nočno življenje, ki ji je "vzelo nedolžnost" in zaznamuje njeno ustvarjanje. Skrbi tako za melodije kot besedila. Prav tako tudi Daniel Feelingue, ki ustvarja tudi podlage. 
Tokrat sta združila slovenščino, francoščino in kamerunski jezik fefe. Ujemanje v refrenu "od norga filinga zadeta" in "Feelingue" se je zgodilo po naključju, kajti Rina je svoj del posnela že septembra 2014. Besedilo je namerno preprosto. Ker pa je podobnega stila veliko, je sprejela izziv, da mora ustvarjati drugače. In se je domislila, da bi sodelovala s francoskim glasbenikom, saj je izbira angleščine za slovenski prostor že kar preveč tipična. Želja se ji je kmalu uresničila. 
Z Danielom sta se seznanila prek skupnega (precej odštekanega) kolega, tudi iz Kameruna, ki je Rini posredoval Danielov kontakt, ko je bila za novo leto na obisku pri prijateljici v Parizu. Feelingue nastopa v Sloveniji in tujini, v Murglah pa ima afriško trgovino (Petit Afrique - Ethnic Grocery Store), ki je bila tudi eno izmed prizorišč snemanja tokratnega videospota. Leta 2013 je prejel nagrado Meilleur Artiste de la Diaspora Camerounaise (najboljši kamerunski glasbenik v diaspori).</article-text><article-text-transliterated>Daniel Feelingue zmajuje z glavo ob nerazumni količini položnic in si misli svoje, David Žugman vztrajno trenira na košarkarskem igrišču. Rina išče svoje mesto in trka na vrata, dokler se ena izmed njih ne odprejo, kar je tudi glavno sporočilo pesmi, in si nazadnje privošči zasluženi počitek po napornem delovnem dnevu. Natanko tako, kot je. (Skoraj) brez olepšav. A zato nič manj zabavno.
Rina K je glasbenica in umetnica, ki si upa. Je avtorica kontroverznih kratkih zgodb. Pri štirinajstih, leta 2002, so njeno zgodbo o ženski, ki namesto menstruacije vsak mesec znese jajce, objavili v Oni. Ljubezen do moderne glasbe jo je vpeljala v nočno življenje, ki ji je "vzelo nedolžnost" in zaznamuje njeno ustvarjanje. Skrbi tako za melodije kot besedila. Prav tako tudi Daniel Feelingue, ki ustvarja tudi podlage. 
Tokrat sta združila slovenščino, francoščino in kamerunski jezik fefe. Ujemanje v refrenu "od norga filinga zadeta" in "Feelingue" se je zgodilo po naključju, kajti Rina je svoj del posnela že septembra 2014. Besedilo je namerno preprosto. Ker pa je podobnega stila veliko, je sprejela izziv, da mora ustvarjati drugače. In se je domislila, da bi sodelovala s francoskim glasbenikom, saj je izbira angleščine za slovenski prostor že kar preveč tipična. Želja se ji je kmalu uresničila. 
Z Danielom sta se seznanila prek skupnega (precej odštekanega) kolega, tudi iz Kameruna, ki je Rini posredoval Danielov kontakt, ko je bila za novo leto na obisku pri prijateljici v Parizu. Feelingue nastopa v Sloveniji in tujini, v Murglah pa ima afriško trgovino (Petit Afrique - Ethnic Grocery Store), ki je bila tudi eno izmed prizorišč snemanja tokratnega videospota. Leta 2013 je prejel nagrado Meilleur Artiste de la Diaspora Camerounaise (najboljši kamerunski glasbenik v diaspori).</article-text-transliterated></article><comments><comments-count>0</comments-count><comments-list /></comments></document>