<document global-id="si-05-1314"><url>https://novice.svet24.si//clanek/novice/svet/564db2499b1b8/se-bodo-v-boju-proti-dzihadistom-zganili-se-kitajci</url><source-id>si-05</source-id><local-id>si-05-1314</local-id><source-name>Svet24</source-name><article><article-title>Se bodo v boju proti džihadistom zganili še Kitajci?</article-title><article-title-transliterated>Se bodo v boju proti džihadistom zganili še Kitajci?</article-title-transliterated><article_time>2015-11-19</article_time><article-author>STA/G.G.</article-author><article-text>Ob tem je v najnovejši izdaji svoje uradne spletne revije v angleškem jeziku Dabik objavila zelo nazorne fotografije njunih okrvavljenih trupel. Kako sta bila ubita, ni povsem jasno, a kot je videti, sta bila ustreljena v glavo.
"Obsojamo umor," je po poročanju Deutsche Welle povedala norveška premierka Erna Solberg. Ob tem je zatrdila, da bo norveška vlada iskala potrditve o umoru, po drugi strani pa je dodala, da ni razloga za dvom v vsebino fotografije.
Kitajski predsednik Xi Jinping, ki se je na dogodek odzval ob robu vrha držav Azijsko-tihomorskega gospodarskega sodelovanja (Apec) v Manili, je nad umorom kitajskega državljana šokiran.
"Kitajska ostro obsoja surovo dejanje umora kitajskega državljana s strani skrajnežev IS," je povedal Xi in dodal, da so "teroristi skupen sovražnik človeštva".</article-text><article-text-transliterated>Ob tem je v najnovejši izdaji svoje uradne spletne revije v angleškem jeziku Dabik objavila zelo nazorne fotografije njunih okrvavljenih trupel. Kako sta bila ubita, ni povsem jasno, a kot je videti, sta bila ustreljena v glavo.
"Obsojamo umor," je po poročanju Deutsche Welle povedala norveška premierka Erna Solberg. Ob tem je zatrdila, da bo norveška vlada iskala potrditve o umoru, po drugi strani pa je dodala, da ni razloga za dvom v vsebino fotografije.
Kitajski predsednik Xi Jinping, ki se je na dogodek odzval ob robu vrha držav Azijsko-tihomorskega gospodarskega sodelovanja (Apec) v Manili, je nad umorom kitajskega državljana šokiran.
"Kitajska ostro obsoja surovo dejanje umora kitajskega državljana s strani skrajnežev IS," je povedal Xi in dodal, da so "teroristi skupen sovražnik človeštva".</article-text-transliterated></article><comments><comments-count>0</comments-count><comments-list /></comments></document>