<document global-id="si-05-1437">
    <url>
        https://novice.svet24.si//clanek/novice/slovenija/5c6d692f39618/ste-za-prekrsek-na-tujem-prejeli-obvestilo-v-nemscini-ali-izaljanscini
    </url>
    <source-id>si-05</source-id>
    <local-id>1437</local-id>
    <source-name>Svet24</source-name>
    <article>
        <article-title>Ste za prekršek na tujem prejeli obvestilo, ki ni napisano v slovenščini?</article-title>
        <article-title-transliterated>Ste za prekršek na tujem prejeli obvestilo, ki ni napisano v slovenščini?
        </article-title-transliterated>
        <article-time>2019-02-20</article-time>
        <article-author>T.L./STA</article-author>
        <article-text>Slovenski jezik se ne uporablja pri izmenjavi informacij o prometnih prekrških med državami, je
            opozorila evropska poslanka Šulinova. Zakaj ne, bo zdaj morala pojasniti Evropska komisija. Evropska
            poslanka Patricija Šulin (EPP/SDS) je Evropsko komisijo opozorila na neuporabo slovenskega jezika pri
            izmenjavi informacij o prometnih prekrških med državami. Kar nekaj Slovencev je namreč v zadnjem času
            prejelo obvestilo o prekrških, storjenih v Italiji in v Avstriji, ki so bila v italijanskem oz. nemškem
            jeziku.
            Kot v sporočilu za javnost pojasnjuje Šulinova, evropska direktiva z 11. marca 2015 o lažji čezmejni
            izmenjavi informacij o prometnih prekrških, povezanih z varnostjo v cestnem prometu, določa, da morajo tuji
            organi v pisnih obvestilih o prometnih prekrških uporabiti jezik države registracije ali enega od uradnih
            jezikov države članice registracije.
            O tem je opozorila Evropsko komisijo in od nje zahteva pojasnilo, kako nadzoruje izvajanje te direktive v
            Italiji in v Avstriji, ter kaj bo naredila, da bo pošiljanje obvestil skladno z zakonom in se bo torej
            uporabljala slovenščina za lastnike, ki imajo avtomobil registriran v Sloveniji.
            Direktiva je bila sprejeta za izboljšanje varnosti v cestnem prometu s ciljem zmanjšati število smrtnih
            žrtev in poškodb ter materialno škodo. Pomemben element te politike je dosledno izvrševanje sankcij za
            cestnoprometne prekrške, storjene v EU, ki bistveno ogrožajo varnost v cestnem prometu.
            Vprašanje Evropski komisiji so po navedbah Šulinove podprli tudi vsi ostali slovenski poslanci v Evropskem
            parlamentu. Komisija ima za odgovor tri tedne časa.
        </article-text>
        <article-text-transliterated>Slovenski jezik se ne uporablja pri izmenjavi informacij o prometnih prekrških med
            državami, je opozorila evropska poslanka Šulinova. Zakaj ne, bo zdaj morala pojasniti Evropska komisija.
            Evropska poslanka Patricija Šulin (EPP/SDS) je Evropsko komisijo opozorila na neuporabo slovenskega jezika
            pri izmenjavi informacij o prometnih prekrških med državami. Kar nekaj Slovencev je namreč v zadnjem času
            prejelo obvestilo o prekrških, storjenih v Italiji in v Avstriji, ki so bila v italijanskem oz. nemškem
            jeziku.
            Kot v sporočilu za javnost pojasnjuje Šulinova, evropska direktiva z 11. marca 2015 o lažji čezmejni
            izmenjavi informacij o prometnih prekrških, povezanih z varnostjo v cestnem prometu, določa, da morajo tuji
            organi v pisnih obvestilih o prometnih prekrških uporabiti jezik države registracije ali enega od uradnih
            jezikov države članice registracije.
            O tem je opozorila Evropsko komisijo in od nje zahteva pojasnilo, kako nadzoruje izvajanje te direktive v
            Italiji in v Avstriji, ter kaj bo naredila, da bo pošiljanje obvestil skladno z zakonom in se bo torej
            uporabljala slovenščina za lastnike, ki imajo avtomobil registriran v Sloveniji.
            Direktiva je bila sprejeta za izboljšanje varnosti v cestnem prometu s ciljem zmanjšati število smrtnih
            žrtev in poškodb ter materialno škodo. Pomemben element te politike je dosledno izvrševanje sankcij za
            cestnoprometne prekrške, storjene v EU, ki bistveno ogrožajo varnost v cestnem prometu.
            Vprašanje Evropski komisiji so po navedbah Šulinove podprli tudi vsi ostali slovenski poslanci v Evropskem
            parlamentu. Komisija ima za odgovor tri tedne časa.
        </article-text-transliterated>
    </article>
    <comments>
        <comments-count>3</comments-count>
        <comment-list>
            <comment comment-id="1">
                <comment-parent-id>,</comment-parent-id>
                <comment-text>Evropski komisiji dol maha za nas. Se pa apsolutno strinjam s predlogom. Nas je sploh še
                    kaj Slovenk??? Slovenci ste žal res vsi Janezi.
                </comment-text>
                <comment-text-transliterated>Evropski komisiji dol maha za nas. Se pa apsolutno strinjam s predlogom.
                    Nas je sploh še kaj Slovenk??? Slovenci ste žal res vsi Janezi.
                </comment-text-transliterated>
            </comment>
            <comment comment-id="2">
                <comment-parent-id>,</comment-parent-id>
                <comment-text>Samo mi se moramo tujcem prilagajat nihče okoli nas od sosedov ne poskusi, niti vsaj
                    pozdraviti slovenščini. Ko pridejo v trgovino, udarijo direktno po nemško ali italijansko.
                </comment-text>
                <comment-text-transliterated>Samo mi se moramo tujcem prilagajat nihče okoli nas od sosedov ne poskusi,
                    niti vsaj pozdraviti slovenščini. Ko pridejo v trgovino, udarijo direktno po nemško ali italijansko.
                </comment-text-transliterated>
            </comment>
            <comment comment-id="2-1">
                <comment-parent-id>2</comment-parent-id>
                <comment-text>Enostavno jih nazaj ogovoriš v slovenščini!!</comment-text>
                <comment-text-transliterated>Enostavno jih nazaj ogovoriš v slovenščini!!</comment-text-transliterated>
            </comment>
        </comment-list>
    </comments>
</document>