<document global-id="si-05-1128">
    <url>https://novice.svet24.si/clanek/zdravje/595e2e873b649/po-sestavine-za-izotonicni-napitek-na-domaci-vrt</url>
    <source-id>si-05</source-id>
    <local-id>1128</local-id>
    <source-name>Svet24</source-name>
    <article>
        <article-title>Po sestavine za izotonični napitek na domači vrt!</article-title>
        <article-title-transliterated>Po sestavine za izotonični napitek na domači vrt!</article-title-transliterated>
        <article-time>2017-07-09</article-time>
        <article-author>zf</article-author>
        <article-text>Kumare niso le odlična osvežitev in kosilo v vročih poletnih dneh, temveč tudi polne zdravja, saj
            vsebujejo ogromno mineralov in vitaminov. Zaradi zaščitne lupine pa se odlično obnesejo tudi kot prigrizek
            na potovanjih in izletih. Kumare so odličen vir kremena, ki pomaga pri zdravljenju in krepitvi sklepov in
            vezi. Vse skupaj pa blagodejno vpliva tudi na kosti.

            Na vrtu smo v tem času priča »poplavi« kumar, saj prav zdaj najbogateje zorijo. Solatne kumare v tem obdobju
            nabiramo vsaj dvakrat na teden. Optimalna velikost plodov je nekje med 15 in 30 centimetri. Če jih boste
            uporabili za vlaganje, izberite raje nekoliko manjše plodove, že nekaj dni po cvetenju, velike od 3 do 12
            centimetrov. Vedeti morate, da pogosteje ko boste kumare trgali, več bo nastavkov za nove plodove.
            OBIRAMO ZJUTRAJ

            Vsebujejo veliko vitamina B in elektrolitov, zato bodo vaše telo po divji noči spet spravile v ravnovesje in
            se bo nov dan začel brez mačka in glavobola.

            Kumare je najbolje obirati zjutraj, ko so plodovi sveži in čvrsti, pa tudi manj občutljivi na udarce. Ob
            obiranju sproti odstranjujte iznakažene plodove, pa tudi tiste nerazvite in obolele. Lahko jih vložite ali
            zamrznete, najbolje pa bo, če uživate sveže.
            BOGATE S SELENOM
            Kar 97 odstotkov kumar sestavlja zelena voda z dodatki. V telesu kumare učinkujejo izrazito bazično, zaradi
            česar so odlična hrana, kadar želimo doseči primerno kislinsko-bazično ravnovesje, o katerem pogosto
            govorimo. Vsebujejo veliko bazičnih rudnin, predvsem kalija, pa tudi magnezij in kalcij. Zaužili boste tudi
            ogromno protirakavega mikrominerala selena, če so seveda tla bogata z njim. V lupini kumare pa so tudi
            hormoni, ki pripomorejo pri zniževanju holesterola.
            ZDRAVO ZA PREBAVO

            Vzemite kos tanko odrezane kumare in ga z jezikom pritisnite na nebo – tam ga držite vsaj 30 sekund. Kumara
            bo pobila bakterije, ki so v vaših ustih odgovorne za slab zadah.

            Z uživanjem kumar boste hitro odpravili težave s presežki sečne kisline, pripomogli boste tudi k izboljšanju
            simptomov revme in artritisa. Če so na jedilniku kumare, se voda hitreje izloča iz telesa, čistijo se sečne
            in prebavne poti, obenem pa se razbremenijo jetra in žolčnik. Mnogi verjamejo, da lahko redno uživanje kumar
            ob primerni dieti pripomore k odpravi ledvičnih in žolčnih kamnov, uravnavale naj bi tudi krvni sladkor, saj
            močno razbremenijo žlezo trebušno slinavko.
        </article-text>
        <article-text-transliterated>Kumare niso le odlična osvežitev in kosilo v vročih poletnih dneh, temveč tudi
            polne zdravja, saj vsebujejo ogromno mineralov in vitaminov. Zaradi zaščitne lupine pa se odlično obnesejo
            tudi kot prigrizek na potovanjih in izletih. Kumare so odličen vir kremena, ki pomaga pri zdravljenju in
            krepitvi sklepov in vezi. Vse skupaj pa blagodejno vpliva tudi na kosti.

            Na vrtu smo v tem času priča »poplavi« kumar, saj prav zdaj najbogateje zorijo. Solatne kumare v tem obdobju
            nabiramo vsaj dvakrat na teden. Optimalna velikost plodov je nekje med 15 in 30 centimetri. Če jih boste
            uporabili za vlaganje, izberite raje nekoliko manjše plodove, že nekaj dni po cvetenju, velike od 3 do 12
            centimetrov. Vedeti morate, da pogosteje ko boste kumare trgali, več bo nastavkov za nove plodove.
            OBIRAMO ZJUTRAJ

            Vsebujejo veliko vitamina B in elektrolitov, zato bodo vaše telo po divji noči spet spravile v ravnovesje in
            se bo nov dan začel brez mačka in glavobola.

            Kumare je najbolje obirati zjutraj, ko so plodovi sveži in čvrsti, pa tudi manj občutljivi na udarce. Ob
            obiranju sproti odstranjujte iznakažene plodove, pa tudi tiste nerazvite in obolele. Lahko jih vložite ali
            zamrznete, najbolje pa bo, če uživate sveže.
            BOGATE S SELENOM
            Kar 97 odstotkov kumar sestavlja zelena voda z dodatki. V telesu kumare učinkujejo izrazito bazično, zaradi
            česar so odlična hrana, kadar želimo doseči primerno kislinsko-bazično ravnovesje, o katerem pogosto
            govorimo. Vsebujejo veliko bazičnih rudnin, predvsem kalija, pa tudi magnezij in kalcij. Zaužili boste tudi
            ogromno protirakavega mikrominerala selena, če so seveda tla bogata z njim. V lupini kumare pa so tudi
            hormoni, ki pripomorejo pri zniževanju holesterola.
            ZDRAVO ZA PREBAVO

            Vzemite kos tanko odrezane kumare in ga z jezikom pritisnite na nebo – tam ga držite vsaj 30 sekund. Kumara
            bo pobila bakterije, ki so v vaših ustih odgovorne za slab zadah.

            Z uživanjem kumar boste hitro odpravili težave s presežki sečne kisline, pripomogli boste tudi k izboljšanju
            simptomov revme in artritisa. Če so na jedilniku kumare, se voda hitreje izloča iz telesa, čistijo se sečne
            in prebavne poti, obenem pa se razbremenijo jetra in žolčnik. Mnogi verjamejo, da lahko redno uživanje kumar
            ob primerni dieti pripomore k odpravi ledvičnih in žolčnih kamnov, uravnavale naj bi tudi krvni sladkor, saj
            močno razbremenijo žlezo trebušno slinavko.
        </article-text-transliterated>
    </article>
    <comments>
        <comments-count>0</comments-count>
        <comment-list/>
    </comments>
</document>