<document global-id="si-05-1292">
    <url>https://novice.svet24.si/clanek/novice/slovenija/5964c5df29f07/robotek-ki-vam-olajsa-pot-na-hrvaske-otoke
    </url>
    <source-id>si-05</source-id>
    <local-id>1292</local-id>
    <source-name>Svet24</source-name>
    <article>
        <article-title>Robotek, ki vam olajša pot na hrvaške otoke</article-title>
        <article-title-transliterated>Robotek, ki vam olajša pot na hrvaške otoke</article-title-transliterated>
        <article-time>2017-07-11</article-time>
        <article-author>G.G.</article-author>
        <article-text>V podjetju Styler so pred kratkim razvili klepetalnega robota, ki vam pomaga pri iskanju
            informacij o voznih redih trajektov na Hrvaškem. Slovenci poleti radi obiščejo hrvaške otoke, klepetalni
            robot Trajekto pa vam prek Facebook Messengerja olajša iskanje voznih redov. V stik s klepetalnim robotkom
            vstopite na https://m.me/trajekto/ in Trajekto vam ponudi dnevni vozni red trajektov. Najprej izberete
            želeni otok, nato pa kraj vstopa in izstopa na trajekt. Ob kliku na relacijo se izpiše vozni red in trajanje
            vožnje. Trajekto ponudi še povratni vozni red, zemljevid in cenik. Cene so zaenkrat v hrvaških kunah, v
            evrih pa bodo ob naslednji posodobitvi.
            Blaž Kovač iz podjetja Stailer nam je povedal, da ima Trajekto od začetka julija, ko je javno “začel z
            delom”, že več kot 500 uporabnikov, število pa se hitro viša.
            Trajekto tudi v tujih jezikih
            Večina uporabnikov je z robotkom zadovoljna. Kaj pa pogrešajo? “Med drugim so izrazili željo za ostale
            povezave,” pravi Kovač, ki prizna, da Trajekto zajema le najbolj obiskane linije na hrvaških otokih, zaradi
            želja uporabnikov pa bodo dodajali nove – skratka, kot pravi Kovač, “trajekto se mora redno posodabljati”.
            V bližnji prihodnosti bo Trajekto preveden tudi v tuje jezike (angleščino, nemščino, italijanščino, …), tako
            da bo “strokovnjak za trajekte” zanimiv tudi za tuje turiste.
        </article-text>
        <article-text-transliterated>V podjetju Styler so pred kratkim razvili klepetalnega robota, ki vam pomaga pri
            iskanju informacij o voznih redih trajektov na Hrvaškem. Slovenci poleti radi obiščejo hrvaške otoke,
            klepetalni robot Trajekto pa vam prek Facebook Messengerja olajša iskanje voznih redov. V stik s klepetalnim
            robotkom vstopite na https://m.me/trajekto/ in Trajekto vam ponudi dnevni vozni red trajektov. Najprej
            izberete želeni otok, nato pa kraj vstopa in izstopa na trajekt. Ob kliku na relacijo se izpiše vozni red in
            trajanje vožnje. Trajekto ponudi še povratni vozni red, zemljevid in cenik. Cene so zaenkrat v hrvaških
            kunah, v evrih pa bodo ob naslednji posodobitvi.
            Blaž Kovač iz podjetja Stailer nam je povedal, da ima Trajekto od začetka julija, ko je javno “začel z
            delom”, že več kot 500 uporabnikov, število pa se hitro viša.
            Trajekto tudi v tujih jezikih
            Večina uporabnikov je z robotkom zadovoljna. Kaj pa pogrešajo? “Med drugim so izrazili željo za ostale
            povezave,” pravi Kovač, ki prizna, da Trajekto zajema le najbolj obiskane linije na hrvaških otokih, zaradi
            želja uporabnikov pa bodo dodajali nove – skratka, kot pravi Kovač, “trajekto se mora redno posodabljati”.
            V bližnji prihodnosti bo Trajekto preveden tudi v tuje jezike (angleščino, nemščino, italijanščino, …), tako
            da bo “strokovnjak za trajekte” zanimiv tudi za tuje turiste.
        </article-text-transliterated>
    </article>
    <comments>
        <comments-count>0</comments-count>
        <comment-list/>
    </comments>
</document>