<document global-id="si-05-1166">
    <url>https://novice.svet24.si/clanek/novice/kultura/579899dfd08c7/poslovil-se-je-franc-zadravec</url>
    <source-id>si-05</source-id>
    <local-id>1166</local-id>
    <source-name>Svet24</source-name>
    <article>
        <article-title>Poslovil se je Franc Zadravec</article-title>
        <article-title-transliterated>Poslovil se je Franc Zadravec</article-title-transliterated>
        <article-time>2016-07-27</article-time>
        <article-author>T.L.</article-author>
        <article-text>Umrl 24. julija v Gornjem Gradu v starosti 90 let. Umrl je literarni zgodovinar Franc Zadravec,
            poroča spletni portal MMC. Posvečal se obdobju novejše slovenske književnosti od moderne naprej, od leta
            1983 je bil tudi član Slovenske akademije znanosti in umetnosti (SAZU). Umrl 24. julija v Gornjem Gradu v
            starosti 90 let.
            V svoji dolgi karieri se je podpisal pod vrsto knjižnih del in objavil več kot 300 znanstvenih razprav,
            študij in člankov doma in v tujini. Med drugim je več let urejal literarnozgodovinski del revije Jezik in
            slovstvo, bil član uredniškega odbora Slavistične revije in precej let njen odgovorni urednik, še poroča
            portal. 
            Rodil se je leta 1925 v Stročji vasi pri Ljutomeru. Po končani murskosoboški gimnaziji se je leta 1947
            vpisal na študij slovenistike in rusistike na Filozofski fakulteti v Ljubljani. Leta 1952 je diplomiral,
            deset let pozneje je tam tudi doktoriral s tezo Miško Kranjec 1908–1935.
        </article-text>
        <article-text-transliterated>Umrl 24. julija v Gornjem Gradu v starosti 90 let. Umrl je literarni zgodovinar
            Franc Zadravec, poroča spletni portal MMC. Posvečal se obdobju novejše slovenske književnosti od moderne
            naprej, od leta 1983 je bil tudi član Slovenske akademije znanosti in umetnosti (SAZU). Umrl 24. julija v
            Gornjem Gradu v starosti 90 let.
            V svoji dolgi karieri se je podpisal pod vrsto knjižnih del in objavil več kot 300 znanstvenih razprav,
            študij in člankov doma in v tujini. Med drugim je več let urejal literarnozgodovinski del revije Jezik in
            slovstvo, bil član uredniškega odbora Slavistične revije in precej let njen odgovorni urednik, še poroča
            portal. 
            Rodil se je leta 1925 v Stročji vasi pri Ljutomeru. Po končani murskosoboški gimnaziji se je leta 1947
            vpisal na študij slovenistike in rusistike na Filozofski fakulteti v Ljubljani. Leta 1952 je diplomiral,
            deset let pozneje je tam tudi doktoriral s tezo Miško Kranjec 1908–1935.
        </article-text-transliterated>
    </article>
    <comments>
        <comments-count>0</comments-count>
        <comment-list/>
    </comments>
</document>