<?xml version="1.0" encoding="utf-8"?>
<document global-id="si-05-1279">
	<url>https://novice.svet24.si//clanek/revije/zvezde/54cfdce01891e/rebeka-zamenjala-tasco</url>
	<source-id>si-05</source-id>
	<local-id>1279</local-id>
	<source-name>Svet24</source-name>
	<article>
		<article-title>Rebeka Dremelj zamenjala taščo</article-title>
		<article-title-transliterated>Rebeka Dremelj zamenjala taščo</article-title-transliterated>
		<article-time>2015-02-03</article-time>
		<article-author>Roman Turnšek</article-author>
		<article-text>Ampak Rebeka, kot kaže, preseneča dvakrat, saj se s taščo, ne glede na pesem, odlično ujemata. »Kljub siceršnjemu splošnemu pregovornemu mnenju tudi tašče niso vse enake. Jaz se s svojo dobro razumem, je pa res, da sem poskrbela, da ne more k meni ravno v copatah, saj ne stanujemo čisto blizu. Ideja za pesem je bila preveč vabljiva, da bi se ji lahko uprla, in konec koncev se tudi v pesmi v vsaj enem izmed stavkov najde vsaka snaha,« pravi o svoji hudomušni potezi in zanika, da bi v skladbi kakor koli obračunavala z moževo mamo. Sicer pa so, kot se spominja, tudi ko je pela pesem Vrag naj vzame, mislili, da gre njen zakon po gobe. »Pa sva s Sandijem po šestnajstih letih še vedno skupaj,« se smeji pevka. Čeprav se s taščo odlično razume, pa ta vseeno ni zaigrala v videospotu, saj gospe medijsko pojavljanje ne zanima in ga ni vajena.Namesto nje je vskočila igralka Zvezdana Mlakar, ki je bila po Rebekinem mnenju odlična nadomestna taščica. Rebeka pa si je za potrebe spota za dvajset ur, kolikor so snemali videospot, izposodila tudi moža.</article-text>
		<article-text-transliterated>Ampak Rebeka, kot kaže, preseneča dvakrat, saj se s taščo, ne glede na pesem, odlično ujemata. »Kljub siceršnjemu splošnemu pregovornemu mnenju tudi tašče niso vse enake. Jaz se s svojo dobro razumem, je pa res, da sem poskrbela, da ne more k meni ravno v copatah, saj ne stanujemo čisto blizu. Ideja za pesem je bila preveč vabljiva, da bi se ji lahko uprla, in konec koncev se tudi v pesmi v vsaj enem izmed stavkov najde vsaka snaha,« pravi o svoji hudomušni potezi in zanika, da bi v skladbi kakor koli obračunavala z moževo mamo. Sicer pa so, kot se spominja, tudi ko je pela pesem Vrag naj vzame, mislili, da gre njen zakon po gobe. »Pa sva s Sandijem po šestnajstih letih še vedno skupaj,« se smeji pevka. Čeprav se s taščo odlično razume, pa ta vseeno ni zaigrala v videospotu, saj gospe medijsko pojavljanje ne zanima in ga ni vajena.Namesto nje je vskočila igralka Zvezdana Mlakar, ki je bila po Rebekinem mnenju odlična nadomestna taščica. Rebeka pa si je za potrebe spota za dvajset ur, kolikor so snemali videospot, izposodila tudi moža.</article-text-transliterated>
	</article>
	<comments>
		<comments-count>0</comments-count>
		<comments-list/>
	</comments>
</document>
