<?xml version="1.0" encoding="utf-8"?>
<document global-id="si-05-1259">
	<url>https://novice.svet24.si//clanek/zabava/estrada/5a731f076dca6/prvi-korak-na-poti-do-spanske-krone</url>
	<source-id>si-05</source-id>
	<local-id>1259</local-id>
	<source-name>Svet24</source-name>
	<article>
		<article-title>Prvi korak na poti do španske krone</article-title>
		<article-title-transliterated>Prvi korak na poti do španske krone</article-title-transliterated>
		<article-time>2018-02-02</article-time>
		<article-author>S.N.Č. / Novice Svet24</article-author>
		<article-text>Starejša hči španskega kraljica Felipeja VI. in kraljice Letizie, Leonor, princesa Asturijska, je naredila svoje prve korake k prestolu.
Od svojega očeta je namreč na slovesnosti v kraljevi palači v Madridu prejela red zlatega runa, najvišje odlikovanje, kar jih v Španiji obstaja.

ProfimediaŠpanski kralj je bil ob odlikovanju svoje hčerke ponosen in vidno raznežen.

JASNA POT
Vse do podelitve priznanja so v Španiji potekale vroče debate o njihovem zastarelem zakonu, ki daje prednost moškim potomcem pred ženskimi članicami monarhije. To bi namreč pomenilo, da bi se morala princesa umakniti s položaja prve čakajoče v vrsti za prestol, če bi dobila bratca.
Očitno pa sta se kralj in kraljica odločila, da bosta pri številu otrok ostala pri dveh hčerkah, in usoda dvanajstletne Leonor je zdaj jasna.
Njeno šolanje je bilo že doslej primerno bodoči vladarici – od tujih jezikov do baleta in vsega, kar spada zraven, nadaljevalo pa se bo na kakšni izmed priznanih ameriških univerz. Graciozna deklica bo morala opraviti tudi zahtevno vojaško usposabljanje, ker bo kot kraljica avtomatično postala tudi poveljnica španskih oboroženih sil.
Na svečanem dogodku so princesi čestitali vsi, ki v Španiji kaj pomenijo, vključno z njeno dve leti mlajšo sestrico Sofio, ki pa se je v nasprotju z Leonor obnašala precej nagajivo.</article-text>
		<article-text-transliterated>Starejša hči španskega kraljica Felipeja VI. in kraljice Letizie, Leonor, princesa Asturijska, je naredila svoje prve korake k prestolu.
Od svojega očeta je namreč na slovesnosti v kraljevi palači v Madridu prejela red zlatega runa, najvišje odlikovanje, kar jih v Španiji obstaja.

ProfimediaŠpanski kralj je bil ob odlikovanju svoje hčerke ponosen in vidno raznežen.

JASNA POT
Vse do podelitve priznanja so v Španiji potekale vroče debate o njihovem zastarelem zakonu, ki daje prednost moškim potomcem pred ženskimi članicami monarhije. To bi namreč pomenilo, da bi se morala princesa umakniti s položaja prve čakajoče v vrsti za prestol, če bi dobila bratca.
Očitno pa sta se kralj in kraljica odločila, da bosta pri številu otrok ostala pri dveh hčerkah, in usoda dvanajstletne Leonor je zdaj jasna.
Njeno šolanje je bilo že doslej primerno bodoči vladarici – od tujih jezikov do baleta in vsega, kar spada zraven, nadaljevalo pa se bo na kakšni izmed priznanih ameriških univerz. Graciozna deklica bo morala opraviti tudi zahtevno vojaško usposabljanje, ker bo kot kraljica avtomatično postala tudi poveljnica španskih oboroženih sil.
Na svečanem dogodku so princesi čestitali vsi, ki v Španiji kaj pomenijo, vključno z njeno dve leti mlajšo sestrico Sofio, ki pa se je v nasprotju z Leonor obnašala precej nagajivo.</article-text-transliterated>
	</article>
	<comments>
		<comments-count>0</comments-count>
		<comments-list/>
	</comments>
</document>
