<document global-id="si-05-1126"><url>https://novice.svet24.si//clanek/zabava/resnicnostni-sovi/5724ebb273964/po-nekaj-kozarckih-je-med-vajenci-spet-zavrelo</url><source-id>si-05</source-id><local-id>si-05-1126</local-id><source-name>Svet24</source-name><article><article-title>Po nekaj kozarčkih je med vajenci spet zavrelo</article-title><article-title-transliterated>Po nekaj kozarčkih je med vajenci spet zavrelo</article-title-transliterated><article_time>2016-04-30</article_time><article-author>B.P.</article-author><article-text>Ko je Milan prvič zapustil posestvo, je bil Gvido zelo vesel, saj nikakor nista našla skupnega jezika. Milanu je očital predvsem to, da se preveč izpostavlja in da hoče vse delo opraviti sam. Zato se je, ko se je Milan vrnil na dvorec, zelo burno odzval in rekel, da bi Milana, skritega v zaboju, najraje kar spet zaprl vanj in ga dal nazaj tja, kjer so ga vajenci našli.
Planet TVKo je Milan prvič zapustil posestvo, je bil Gvido zelo vesel, saj nikakor nista našla skupnega jezika.
Na dan, ko Gvido praznuje rojstni dan, pa je v dar dobil tudi nekaj alkohola, ki ga je razdelil tudi med ostale vajence. V trenutku, ko je debata nanesla na Milana in v kateri skupini bi najraje bil, je Gvido eksplodiral in z Milanom začel zelo glasen prepir.</article-text><article-text-transliterated>Ko je Milan prvič zapustil posestvo, je bil Gvido zelo vesel, saj nikakor nista našla skupnega jezika. Milanu je očital predvsem to, da se preveč izpostavlja in da hoče vse delo opraviti sam. Zato se je, ko se je Milan vrnil na dvorec, zelo burno odzval in rekel, da bi Milana, skritega v zaboju, najraje kar spet zaprl vanj in ga dal nazaj tja, kjer so ga vajenci našli.
Planet TVKo je Milan prvič zapustil posestvo, je bil Gvido zelo vesel, saj nikakor nista našla skupnega jezika.
Na dan, ko Gvido praznuje rojstni dan, pa je v dar dobil tudi nekaj alkohola, ki ga je razdelil tudi med ostale vajence. V trenutku, ko je debata nanesla na Milana in v kateri skupini bi najraje bil, je Gvido eksplodiral in z Milanom začel zelo glasen prepir.</article-text-transliterated></article><comments><comments-count>0</comments-count><comments-list /></comments></document>