<?xml version="1.0" encoding="utf-8"?>
<document global-id="si-05-1165">
	<url>https://novice.svet24.si//clanek/zabava/estrada/56b46a404da10/posli-v-tujini-a-denarja-od-nikoder</url>
	<source-id>si-05</source-id>
	<local-id>1165</local-id>
	<source-name>Svet24</source-name>
	<article>
		<article-title>Posli v tujini, a denarja od nikoder</article-title>
		<article-title-transliterated>Posli v tujini, a denarja od nikoder</article-title-transliterated>
		<article-time>2016-02-05</article-time>
		<article-author>Sonja Javornik</article-author>
		<article-text>Izvedeli smo, da s partnerjem Miho nista bila na dopustu, ampak sta se že tretjič udeležila kampa za avtorje glasbe. Toda tisto, kar je najbolj pomembno in kar smo komaj izvlekli iz pevke, je to, da sta med številnimi avtorji z vsega sveta prav onadva med najbolj uspešnimi. Saša in Miha v zadnjem času namreč dobivata vse več naročil za največje zvezde z nemškega govornega področja, kar je pomemben uspeh ne le zanju, pač pa za domačo glasbeno sceno na splošno.

Na zaslužek bo treba še počakati
Glede na to, da je nemško govorno področje neprimerljivo večje od našega, so tudi zaslužki od avtorskih pravic tam precej večji kot pri nas, zato nas je seveda zanimalo, kaj počneta z vsem denarjem. A Saša nam je razložila, da gre to zelo počasi. Najprej traja kakšno leto, da kdo od izvajalcev dokončno potrdi pesem, pa še eno leto, da izvajalec pesem posname in jo izda, saj je glasba v Nemčiji in Avstriji resen posel in izvajalci delajo po točno določenem načrtu, ki je precej dolgoročen. Potem seveda traja kakšno leto, da se pesem vrti po radijih in drugih medijih, nato pa še pol leta, da avtorsko združenje plača honorarje, tako da bosta šele letos poleti dobila prvo nakazilo, ki pa najverjetneje še ne bo omembe vredno.

UŽIVALA V DRUŽENJU
»Ta kamp organizira založnik, s katerim imava že dobro leto ekskluzivno avtorsko pogodbo. Bilo je res čudovito. To je ena od priložnosti, ko se spet zaveš, da je glasba še veliko več kot tisto, v kar se ujameš v vsakodnevnem ustvarjanju. Hvaležna in srečna sva, da lahko delava nekaj, kar nama prinaša toliko užitka, sreče … Bilo je, kot bi nama nekdo prezračil dušo, naju spomnil na to, kako lepa je v resnici glasba,« je vzhičeno povedala Saša, ki je uživala v druženju in ustvarjanju z avtorji z vsega sveta.
ipromZone(1525);Vsakodnevno so se vsi najprej dobili na sestanku in razdelili v skupine po tri. Saša in Miha sta delala v tandemu, tako da sta vsak dan dobila samo drugega tekstopisca, ki je naredil na njuno glasbo besedilo v nemškem jeziku. »Tudi tekstopisci so imeli večinoma izvrstne ideje za glasbo, tako ali tako pa v skupnem delovnem procesu ustvarjamo karseda najboljše. V enem od devetih studiev, ki so jim potem dodali še več improviziranih prostorov za snemanje, smo nato posneli pesmi, ki so nastale ta dan. Delo je bilo še posebej zanimivo zato, ker smo se velikokrat v ekipi dobili ljudje, ki ne delamo v istem žanru,« je povedala Saša, ki je razložila, da potem te delovne posnetke pošljejo velikim založbam ali izvajalcem, da si lahko izberejo kakšno in jo potem posnamejo.



USPEH V TUJINI
Prav zaradi udeležbe na prejšnjih kampih sta Saša in Miha že dosegla velike uspehe na nemškem govornem področju. Ena od največjih zvezdnic nemškega šlagerja, Beatrice Egli, je namreč za svoj album po zmagi na njihovem supertalentu izbrala kar dve Sašini in Mihčevi pesmi. Tudi avstrijski zvezdnik Andy Borg je njuno pesem izbral za radijski singel in je imel prav z njo po desetih letih spet izjemno uspešnico. Avstrijska zasedba Amigos, ki je trenutno na samem vrhu priljubljenosti, je eno pesem že posnela, nekaj novih skladb pa si je rezervirala, saj sta Saša in Miha kot avtorja postala že tako prepoznavna, da se izvajalci upravičeno bojijo, da bi jim pesmi lahko kdo speljal pred nosom. Sodelujeta namreč celo z najmočnejšim producentom na sceni – Dietrom Bohlenom, ki se ga lahko spomnite kot člana dueta Moderen Talking, zdaj pa je žirant na nemških talentih. Tudi ta imena samo potrjujejo, kako pomembna igralca na tej sceni sta postala naša Saša in Miha in da smo lahko izjemno ponosni nanju.</article-text>
		<article-text-transliterated>Izvedeli smo, da s partnerjem Miho nista bila na dopustu, ampak sta se že tretjič udeležila kampa za avtorje glasbe. Toda tisto, kar je najbolj pomembno in kar smo komaj izvlekli iz pevke, je to, da sta med številnimi avtorji z vsega sveta prav onadva med najbolj uspešnimi. Saša in Miha v zadnjem času namreč dobivata vse več naročil za največje zvezde z nemškega govornega področja, kar je pomemben uspeh ne le zanju, pač pa za domačo glasbeno sceno na splošno.

Na zaslužek bo treba še počakati
Glede na to, da je nemško govorno področje neprimerljivo večje od našega, so tudi zaslužki od avtorskih pravic tam precej večji kot pri nas, zato nas je seveda zanimalo, kaj počneta z vsem denarjem. A Saša nam je razložila, da gre to zelo počasi. Najprej traja kakšno leto, da kdo od izvajalcev dokončno potrdi pesem, pa še eno leto, da izvajalec pesem posname in jo izda, saj je glasba v Nemčiji in Avstriji resen posel in izvajalci delajo po točno določenem načrtu, ki je precej dolgoročen. Potem seveda traja kakšno leto, da se pesem vrti po radijih in drugih medijih, nato pa še pol leta, da avtorsko združenje plača honorarje, tako da bosta šele letos poleti dobila prvo nakazilo, ki pa najverjetneje še ne bo omembe vredno.

UŽIVALA V DRUŽENJU
»Ta kamp organizira založnik, s katerim imava že dobro leto ekskluzivno avtorsko pogodbo. Bilo je res čudovito. To je ena od priložnosti, ko se spet zaveš, da je glasba še veliko več kot tisto, v kar se ujameš v vsakodnevnem ustvarjanju. Hvaležna in srečna sva, da lahko delava nekaj, kar nama prinaša toliko užitka, sreče … Bilo je, kot bi nama nekdo prezračil dušo, naju spomnil na to, kako lepa je v resnici glasba,« je vzhičeno povedala Saša, ki je uživala v druženju in ustvarjanju z avtorji z vsega sveta.
ipromZone(1525);Vsakodnevno so se vsi najprej dobili na sestanku in razdelili v skupine po tri. Saša in Miha sta delala v tandemu, tako da sta vsak dan dobila samo drugega tekstopisca, ki je naredil na njuno glasbo besedilo v nemškem jeziku. »Tudi tekstopisci so imeli večinoma izvrstne ideje za glasbo, tako ali tako pa v skupnem delovnem procesu ustvarjamo karseda najboljše. V enem od devetih studiev, ki so jim potem dodali še več improviziranih prostorov za snemanje, smo nato posneli pesmi, ki so nastale ta dan. Delo je bilo še posebej zanimivo zato, ker smo se velikokrat v ekipi dobili ljudje, ki ne delamo v istem žanru,« je povedala Saša, ki je razložila, da potem te delovne posnetke pošljejo velikim založbam ali izvajalcem, da si lahko izberejo kakšno in jo potem posnamejo.



USPEH V TUJINI
Prav zaradi udeležbe na prejšnjih kampih sta Saša in Miha že dosegla velike uspehe na nemškem govornem področju. Ena od največjih zvezdnic nemškega šlagerja, Beatrice Egli, je namreč za svoj album po zmagi na njihovem supertalentu izbrala kar dve Sašini in Mihčevi pesmi. Tudi avstrijski zvezdnik Andy Borg je njuno pesem izbral za radijski singel in je imel prav z njo po desetih letih spet izjemno uspešnico. Avstrijska zasedba Amigos, ki je trenutno na samem vrhu priljubljenosti, je eno pesem že posnela, nekaj novih skladb pa si je rezervirala, saj sta Saša in Miha kot avtorja postala že tako prepoznavna, da se izvajalci upravičeno bojijo, da bi jim pesmi lahko kdo speljal pred nosom. Sodelujeta namreč celo z najmočnejšim producentom na sceni – Dietrom Bohlenom, ki se ga lahko spomnite kot člana dueta Moderen Talking, zdaj pa je žirant na nemških talentih. Tudi ta imena samo potrjujejo, kako pomembna igralca na tej sceni sta postala naša Saša in Miha in da smo lahko izjemno ponosni nanju.</article-text-transliterated>
	</article>
	<comments>
		<comments-count>0</comments-count>
		<comments-list/>
	</comments>
</document>
