<document global-id="si-05-110">
    <url>
        https://novice.svet24.si//clanek/zanimivosti/5573d46226cbd/vsa-voda-ki-jo-pijemo-je-bila-nekoc-urin-dinozavrov
    </url>
    <source-id>si-05</source-id>
    <local-id>110</local-id>
    <source-name>Svet24</source-name>
    <article>
        <article-title>Bizarna teorija, po kateri naj bi bila voda, ki jo pijemo, sumljivega izvora</article-title>
        <article-title-transliterated>Bizarna teorija, po kateri naj bi bila voda, ki jo pijemo, sumljivega izvora
        </article-title-transliterated>
        <article-time>2015-06-07</article-time>
        <article-author>R.T.</article-author>
        <article-text>Skoraj vsa voda na planetu naj bi že bila zaužita in izločena. Kdo je to storil? Dinozavri.
            Teorija se zdi skorajda preveč za lase privlečena, da bi lahko bila resnična, vendar pa velja, da je voda,
            ki jo pijemo, tu že od najzgodnejših dni.

            Za nekatere ni pretirano domnevati, da je dinozavrom v 186 milijonih let, kakor dolgo so tlačili zemljo,
            uspelo kolektivno jezik pomočiti v veliko večino vode našega planeta.

            Po tej teoriji naj bi torej vsako bitje v celotni zgodovini vodo pilo in jo nato izločilo, na ta način pa se
            je neprestano reciklirala. Zato za nekatere ni pretirano domnevati, da je dinozavrom v 186 milijonih let,
            kakor dolgo so tlačili zemljo, uspelo kolektivno jezik pomočiti v veliko večino vode našega planeta.
            To pa sicer ne pomeni, da se danes napajamo z urinom dinozavrov, je pa menda mogoče, da je nekaj molekul
            današnje vode nekoč izločil prazgodovinski plazilec.
        </article-text>
        <article-text-transliterated>Skoraj vsa voda na planetu naj bi že bila zaužita in izločena. Kdo je to storil?
            Dinozavri. Teorija se zdi skorajda preveč za lase privlečena, da bi lahko bila resnična, vendar pa velja, da
            je voda, ki jo pijemo, tu že od najzgodnejših dni.

            Za nekatere ni pretirano domnevati, da je dinozavrom v 186 milijonih let, kakor dolgo so tlačili zemljo,
            uspelo kolektivno jezik pomočiti v veliko večino vode našega planeta.

            Po tej teoriji naj bi torej vsako bitje v celotni zgodovini vodo pilo in jo nato izločilo, na ta način pa se
            je neprestano reciklirala. Zato za nekatere ni pretirano domnevati, da je dinozavrom v 186 milijonih let,
            kakor dolgo so tlačili zemljo, uspelo kolektivno jezik pomočiti v veliko večino vode našega planeta.
            To pa sicer ne pomeni, da se danes napajamo z urinom dinozavrov, je pa menda mogoče, da je nekaj molekul
            današnje vode nekoč izločil prazgodovinski plazilec.
        </article-text-transliterated>
    </article>
    <comments>
        <comments-count>0</comments-count>
        <comment-list/>
    </comments>
</document>