<document global-id="si-05-12">
    <url>
        https://novice.svet24.si//clanek/novice/slovenija/5b9015968c907/poveljnik-nima-sluzbe-ne-prejema-socialke-zivi-pri-mami
    </url>
    <source-id>si-05</source-id>
    <local-id>12</local-id>
    <source-name>Svet24</source-name>
    <article>
        <article-title>"Poveljnik" nima službe, ne prejema socialke, živi pri mami</article-title>
        <article-title-transliterated>"Poveljnik" nima službe, ne prejema socialke, živi pri mami
        </article-title-transliterated>
        <article-time>2018-09-05</article-time>
        <article-author>Luka Tetičkovič</article-author>
        <article-text>Kdo je nekdanji kandidat za predsednika republike, ki po poteh Pohorskega bataljona s somišljeniki
            lomasti s sekiro in dolgocevnim orožjem?. Andrej Šiško je rojen v Kopru 24. aprila 1969, a se kaj kmalu
            priseli v Maribor. Po osnovni šoli obiskuje srednjo gostinsko šolo, kjer leta 1985 najde prve somišljenike,
            s katerimi pri rosnih šestnajstih ustanovi ilegalno organizacijo Anti komunistična organizacija Slovenije. V
            nekdanji socialistični državi gre za protidržavno organizacijo, vendar se ta najstniški klub še ne znajde na
            radarju tedanjih obveščevalnih struktur.

            »V bistvu delam samo to, kar me veseli, nočem nobene socialne podpore, ker je ne rabim,« nam je Šiško zaupal
            svoj življenjski slog.

            Šiškovo protidržavno nastrojenost v SFRJ prvič zaznajo, ko služi vojaški rok v kosovskem mestu Đakovica. Z
            nadrejenimi se zaplete v spor zaradi zahteve, da bi se morala po ustavi SFRJ v JLA kot uradni jezik
            uporabljati tudi slovenščina in da bi morali Slovenci vojaški rok opravljati v Sloveniji. Vojaško sodišče ne
            prisluhne njegovim argumentom, kaznuje ga z mescem dni vojaškega zapora, sledi iz informativnega materiala,
            ki ga je Šiško objavil med kandidaturo za predsednika republike.
            Po vrnitvi v rodno deželo nadaljuje ustanavljanje nelegalnih organizacij. Ko pride do osamosvojitve, se
            znajde med 200 lokalnimi fanti, rezervisti JNA, ki so jim za potrebe Teritorialne obrambe (TO) zamenjali
            kape in jih imenovali za 711. odred TO. »Fantom se je mešalo, saj smo imeli samo deset pušk. Da bi jim
            odvrnil misli, sem jih občasno poslal okopavat Agrokombinatove sadovnjake,« se je tega obdobja za medije
            spominjal Stojan Ledinek, upokojen stotnik Slovenske vojske, ki mu je bilo tedaj zaupano poveljstvo te
            formacije.
            Med vojno ni okopaval sadovnjakov
            711. odred se kasneje izkaže v spopadih za mejni prehod Šentilj. Šiško trdi, da je tedaj poveljeval
            posebnemu vodu v sestavu tega odreda, ki že tedaj nosi neuradno ime Slovenska garda. Na ministrstvu za
            obrambo so nam potrdili, da je Šiško sodeloval v osamosvojitveni vojni vseh devet dni, »nikjer pa ni
            zabeleženo, da bi bil kakšen poveljnik v kakšni enoti. Zabeležena je le šifra, iz katere pa ni razvidno, v
            kateri enoti je deloval.«
            Šiško je po telefonu vztrajal, da je poveljeval svoji posebni enoti, pri čemer postavlja pod vprašaj
            Ledinekove trditve: »Mi smo vsi imeli svoje puške in nikoli nismo okopavali kakšnih sadovnjakov.«

            Poskušal umoriti poslovnega partnerja
            V prvih letih samostojne države se Šiško poskuša politično udejstvovati v vrstah Slovenske nacionalne
            stranke. Razočaran nad njenim prvakom Zmagom Jelinčičem se od nje distancira, a ne dokler ne pride skupaj z
            Jelinčičem navzkriž z zakonom.
            Sodišče ga (po sojenju, trajajočem poldrugo desetletje) namreč leta 2006 spozna za krivega, da je leta 1992
            v avtomobil svojega poslovnega partnerja Milana Klementa, s katerim je bil solastnik diskoteke v Slovenskih
            Konjicah, nastavil eksplozivno telo. Šiško tega ne zanika, vendar trdi, da »zadeva v Klementovem avtomobilu
            ni bila nastavljena zato, da bi eksplodirala, temveč (…) zato, da bi jo oškodovanec zagotovo našel,« se
            spominja na spletni strani Hervardov.
            Soobtožen je tudi Jelinčič, ki da naj bi Šišku priskrbel eksplozivno telo in plinsko jeklenko, vendar
            sodišče za obtožbe ne najde dokazov, potem ko Šiško spremeni svojo izjavo. Šiško se zagovarja, da Klementa
            ni želel ubiti, njegov namen je bil ga le ustrahovati; kot dokaz navaja, da je bila bomba v avtomobil
            »stoenka« nastavljena amatersko, zaradi česar jo je Klement tudi pravočasno opazil.
            Prvi med navijači Viol
            Šiško se po tem umakne iz političnega življenja in se javno udejstvuje le še kot navijač Viol, ki jih vodi
            celo desetletje. Leta 2004 celo pride do stolčka v upravnem odboru Nogometnega kluba Maribor, vendar se
            zaplete v spor in ostale člane obtoži, da so ga poskušali podkupiti. Klub in navijaško skupino zapusti, a ga
            je po naših informacijah še danes mogoče videti na tribunah.
            »Med Violami danes velja bolj za pajaca, tudi pri njegovem društvu Hervardi gre za povsem drug krog ljudi,
            kot se giblje med navijači. Bi se pa med Violami še danes našel kak njegov simpatizer,« nam je zaupal vir,
            ki je želel ostati neimenovan. »Vem, da so ga pred leti vrgli s tribune na neki tekmi, ker je hotel
            vpisovati ljudi v Hervarde,« dodaja drug vir. Viole na naše poizvedbe glede tega sicer niso odgovorile.

            Po navijaški etapi – Hervardi

            »Kar se tiče službe, imam več dela kot nekateri v službi,« pravi Šiško.

            Po zaključeni navijaški karieri začne Šiško temeljito delati na svoji različici skrajno desne ideologije.
            Kot osnovna simbola uporabi knežji kamen in tako imenovanega karantanskega panterja, vendar se odločno
            distancira od arijske ideologije tedaj še aktualne lokalne izpostave nemških neonacistov Blood & Honour, ki
            so aktivni predvsem na območju osrednje Slovenije, kjer služijo s koncertnim turizmom za svoje nemške
            somišljenike.
            Šiško temelje svoje različice nacionalizma poišče v teoriji o venetskem izvoru slovenstva in kovanju novih,
            on trdi, da tradicionalnih besed. To je tudi osnova, s katero vstopi v sodobni čas in se kot predsednik
            stranke Gibanje Zedinjena Slovenija poteguje za predsednika republike, kjer zbere dobra dva odstotka glasov.
            S to popotnico s stranko kandidira tudi na državnozborskih volitvah, vendar ima manj uspeha. Uspe mu zbrati
            le dobrega pol odstotka glasov.
            Kaj počne, kadar ne lomasti po gozdu?
            Mariborčani, s katerimi smo govorili, se sprašujejo, od kod Šišku denar, saj da živi pri mami, ne hodi na
            šiht, pri tem pa niti ne vleče socialne podpore. Šiško nam je potrdil, da z družino živi v hiši, ki je v
            lasti njegove mame, vendar ima od nje ločeno stanovanje. Sosedje, s katerimi je govoril naš novinar, izjav
            niso želeli podajati, pri tem smo dobili vtis, da se svojega politično aktivnega soseda kar malce bojijo.
        </article-text>
        <article-text-transliterated>Kdo je nekdanji kandidat za predsednika republike, ki po poteh Pohorskega bataljona
            s somišljeniki lomasti s sekiro in dolgocevnim orožjem?. Andrej Šiško je rojen v Kopru 24. aprila 1969, a se
            kaj kmalu priseli v Maribor. Po osnovni šoli obiskuje srednjo gostinsko šolo, kjer leta 1985 najde prve
            somišljenike, s katerimi pri rosnih šestnajstih ustanovi ilegalno organizacijo Anti komunistična
            organizacija Slovenije. V nekdanji socialistični državi gre za protidržavno organizacijo, vendar se ta
            najstniški klub še ne znajde na radarju tedanjih obveščevalnih struktur.

            »V bistvu delam samo to, kar me veseli, nočem nobene socialne podpore, ker je ne rabim,« nam je Šiško zaupal
            svoj življenjski slog.

            Šiškovo protidržavno nastrojenost v SFRJ prvič zaznajo, ko služi vojaški rok v kosovskem mestu Đakovica. Z
            nadrejenimi se zaplete v spor zaradi zahteve, da bi se morala po ustavi SFRJ v JLA kot uradni jezik
            uporabljati tudi slovenščina in da bi morali Slovenci vojaški rok opravljati v Sloveniji. Vojaško sodišče ne
            prisluhne njegovim argumentom, kaznuje ga z mescem dni vojaškega zapora, sledi iz informativnega materiala,
            ki ga je Šiško objavil med kandidaturo za predsednika republike.
            Po vrnitvi v rodno deželo nadaljuje ustanavljanje nelegalnih organizacij. Ko pride do osamosvojitve, se
            znajde med 200 lokalnimi fanti, rezervisti JNA, ki so jim za potrebe Teritorialne obrambe (TO) zamenjali
            kape in jih imenovali za 711. odred TO. »Fantom se je mešalo, saj smo imeli samo deset pušk. Da bi jim
            odvrnil misli, sem jih občasno poslal okopavat Agrokombinatove sadovnjake,« se je tega obdobja za medije
            spominjal Stojan Ledinek, upokojen stotnik Slovenske vojske, ki mu je bilo tedaj zaupano poveljstvo te
            formacije.
            Med vojno ni okopaval sadovnjakov
            711. odred se kasneje izkaže v spopadih za mejni prehod Šentilj. Šiško trdi, da je tedaj poveljeval
            posebnemu vodu v sestavu tega odreda, ki že tedaj nosi neuradno ime Slovenska garda. Na ministrstvu za
            obrambo so nam potrdili, da je Šiško sodeloval v osamosvojitveni vojni vseh devet dni, »nikjer pa ni
            zabeleženo, da bi bil kakšen poveljnik v kakšni enoti. Zabeležena je le šifra, iz katere pa ni razvidno, v
            kateri enoti je deloval.«
            Šiško je po telefonu vztrajal, da je poveljeval svoji posebni enoti, pri čemer postavlja pod vprašaj
            Ledinekove trditve: »Mi smo vsi imeli svoje puške in nikoli nismo okopavali kakšnih sadovnjakov.«

            Poskušal umoriti poslovnega partnerja
            V prvih letih samostojne države se Šiško poskuša politično udejstvovati v vrstah Slovenske nacionalne
            stranke. Razočaran nad njenim prvakom Zmagom Jelinčičem se od nje distancira, a ne dokler ne pride skupaj z
            Jelinčičem navzkriž z zakonom.
            Sodišče ga (po sojenju, trajajočem poldrugo desetletje) namreč leta 2006 spozna za krivega, da je leta 1992
            v avtomobil svojega poslovnega partnerja Milana Klementa, s katerim je bil solastnik diskoteke v Slovenskih
            Konjicah, nastavil eksplozivno telo. Šiško tega ne zanika, vendar trdi, da »zadeva v Klementovem avtomobilu
            ni bila nastavljena zato, da bi eksplodirala, temveč (…) zato, da bi jo oškodovanec zagotovo našel,« se
            spominja na spletni strani Hervardov.
            Soobtožen je tudi Jelinčič, ki da naj bi Šišku priskrbel eksplozivno telo in plinsko jeklenko, vendar
            sodišče za obtožbe ne najde dokazov, potem ko Šiško spremeni svojo izjavo. Šiško se zagovarja, da Klementa
            ni želel ubiti, njegov namen je bil ga le ustrahovati; kot dokaz navaja, da je bila bomba v avtomobil
            »stoenka« nastavljena amatersko, zaradi česar jo je Klement tudi pravočasno opazil.
            Prvi med navijači Viol
            Šiško se po tem umakne iz političnega življenja in se javno udejstvuje le še kot navijač Viol, ki jih vodi
            celo desetletje. Leta 2004 celo pride do stolčka v upravnem odboru Nogometnega kluba Maribor, vendar se
            zaplete v spor in ostale člane obtoži, da so ga poskušali podkupiti. Klub in navijaško skupino zapusti, a ga
            je po naših informacijah še danes mogoče videti na tribunah.
            »Med Violami danes velja bolj za pajaca, tudi pri njegovem društvu Hervardi gre za povsem drug krog ljudi,
            kot se giblje med navijači. Bi se pa med Violami še danes našel kak njegov simpatizer,« nam je zaupal vir,
            ki je želel ostati neimenovan. »Vem, da so ga pred leti vrgli s tribune na neki tekmi, ker je hotel
            vpisovati ljudi v Hervarde,« dodaja drug vir. Viole na naše poizvedbe glede tega sicer niso odgovorile.

            Po navijaški etapi – Hervardi

            »Kar se tiče službe, imam več dela kot nekateri v službi,« pravi Šiško.

            Po zaključeni navijaški karieri začne Šiško temeljito delati na svoji različici skrajno desne ideologije.
            Kot osnovna simbola uporabi knežji kamen in tako imenovanega karantanskega panterja, vendar se odločno
            distancira od arijske ideologije tedaj še aktualne lokalne izpostave nemških neonacistov Blood & Honour, ki
            so aktivni predvsem na območju osrednje Slovenije, kjer služijo s koncertnim turizmom za svoje nemške
            somišljenike.
            Šiško temelje svoje različice nacionalizma poišče v teoriji o venetskem izvoru slovenstva in kovanju novih,
            on trdi, da tradicionalnih besed. To je tudi osnova, s katero vstopi v sodobni čas in se kot predsednik
            stranke Gibanje Zedinjena Slovenija poteguje za predsednika republike, kjer zbere dobra dva odstotka glasov.
            S to popotnico s stranko kandidira tudi na državnozborskih volitvah, vendar ima manj uspeha. Uspe mu zbrati
            le dobrega pol odstotka glasov.
            Kaj počne, kadar ne lomasti po gozdu?
            Mariborčani, s katerimi smo govorili, se sprašujejo, od kod Šišku denar, saj da živi pri mami, ne hodi na
            šiht, pri tem pa niti ne vleče socialne podpore. Šiško nam je potrdil, da z družino živi v hiši, ki je v
            lasti njegove mame, vendar ima od nje ločeno stanovanje. Sosedje, s katerimi je govoril naš novinar, izjav
            niso želeli podajati, pri tem smo dobili vtis, da se svojega politično aktivnega soseda kar malce bojijo.
        </article-text-transliterated>
    </article>
    <comments>
        <comments-count>24</comments-count>
        <comment-list>
            <comment comment-id="1">
                <comment-parent-id>,</comment-parent-id>
                <comment-text>OMG in tak bi vodu deželo kransko hahahha kero že ? a sploh ve kaj je dežela kranska ma
                    zgodovina zgleda da ni biu njegov predmet hahahahh
                </comment-text>
                <comment-text-transliterated>OMG in tak bi vodu deželo kransko hahahha kero že ? a sploh ve kaj je
                    dežela kranska ma zgodovina zgleda da ni biu njegov predmet hahahahh
                </comment-text-transliterated>
            </comment>
            <comment comment-id="1-1">
                <comment-parent-id>1</comment-parent-id>
                <comment-text>jah glej to je cvet naše pameti , drugi cvet je pa v paramentu , kar janšota , grimsa in
                    tanka poglej.....mater če bi bil ženska se raje ubijem kot pa da bi eno plešasto zmene plezalo po
                    meno
                </comment-text>
                <comment-text-transliterated>jah glej to je cvet naše pameti , drugi cvet je pa v paramentu , kar
                    janšota , grimsa in tanka poglej.....mater če bi bil ženska se raje ubijem kot pa da bi eno plešasto
                    zmene plezalo po meno
                </comment-text-transliterated>
            </comment>
            <comment comment-id="1-2">
                <comment-parent-id>1</comment-parent-id>
                <comment-text>Poglejte si hervardi.com, veliko zanimivega branja.</comment-text>
                <comment-text-transliterated>Poglejte si hervardi.com, veliko zanimivega branja.
                </comment-text-transliterated>
            </comment>
            <comment comment-id="1-3">
                <comment-parent-id>1</comment-parent-id>
                <comment-text>Kaj pa ti veš.. Janšek pa talevi patroni so zakon anede?</comment-text>
                <comment-text-transliterated>Kaj pa ti veš.. Janšek pa talevi patroni so zakon anede?
                </comment-text-transliterated>
            </comment>
            <comment comment-id="2">
                <comment-parent-id>,</comment-parent-id>
                <comment-text>Poveljnika specialne enote hrani mamica,kako lepo,...</comment-text>
                <comment-text-transliterated>Poveljnika specialne enote hrani mamica,kako lepo,...
                </comment-text-transliterated>
            </comment>
            <comment comment-id="3">
                <comment-parent-id>,</comment-parent-id>
                <comment-text>nekaj idej je imel dobrih, nato pa je iztiril,.....</comment-text>
                <comment-text-transliterated>nekaj idej je imel dobrih, nato pa je iztiril,.....
                </comment-text-transliterated>
            </comment>
            <comment comment-id="3-1">
                <comment-parent-id>3</comment-parent-id>
                <comment-text>Od idej ni sprememb, ker jih režim preprečuje. Seveda, ko se pa nekdo spravi v neko
                    akcijo, pa hitro izgleda "iztirjena". Refleksno eni vidimo to Vardo kot nekaj negativnega, ko pa
                    njegovo razlago upravičenosti in celo ustavne dolžnosti slišiš, pa zadeva pije vodo. Seveda,
                    današnji Slovenci, ki smo še tu, smo najbrž preveč ubogljivi za našo ustavo. :)
                </comment-text>
                <comment-text-transliterated>Od idej ni sprememb, ker jih režim preprečuje. Seveda, ko se pa nekdo
                    spravi v neko akcijo, pa hitro izgleda "iztirjena". Refleksno eni vidimo to Vardo kot nekaj
                    negativnega, ko pa njegovo razlago upravičenosti in celo ustavne dolžnosti slišiš, pa zadeva pije
                    vodo. Seveda, današnji Slovenci, ki smo še tu, smo najbrž preveč ubogljivi za našo ustavo. :)
                </comment-text-transliterated>
            </comment>
            <comment comment-id="4">
                <comment-parent-id>,</comment-parent-id>
                <comment-text>Naši starši so gradili 2-3 stanovanjske hiše, češ: Bom pa spotoma, še za mularijo
                    naredu..Eni so ostali doma, drugi pa, če je bila šansa, so šli na svoje..Eni delajo na črno, samo za
                    to, da vlečejo vse socialne transferej, so doma, pa kljub temu delajo storšek vrcem itd...
                </comment-text>
                <comment-text-transliterated>Naši starši so gradili 2-3 stanovanjske hiše, češ: Bom pa spotoma, še za
                    mularijo naredu..Eni so ostali doma, drugi pa, če je bila šansa, so šli na svoje..Eni delajo na
                    črno, samo za to, da vlečejo vse socialne transferej, so doma, pa kljub temu delajo storšek vrcem
                    itd...
                </comment-text-transliterated>
            </comment>
            <comment comment-id="4-1">
                <comment-parent-id>4</comment-parent-id>
                <comment-text>Ja, v komunistični jugoslaviji je bilo to mogoče. Zdaj ko je svoboda in demokracija je to
                    malo težje :D
                </comment-text>
                <comment-text-transliterated>Ja, v komunistični jugoslaviji je bilo to mogoče. Zdaj ko je svoboda in
                    demokracija je to malo težje :D
                </comment-text-transliterated>
            </comment>
            <comment comment-id="4-2">
                <comment-parent-id>4</comment-parent-id>
                <comment-text>Damir Lisic - Otišla je baba sa kolačima.. :-)A si prepozno rojen ?</comment-text>
                <comment-text-transliterated>Damir Lisic - Otišla je baba sa kolačima.. :-)A si prepozno rojen ?
                </comment-text-transliterated>
            </comment>
            <comment comment-id="5">
                <comment-parent-id>,</comment-parent-id>
                <comment-text>VSA ČAST IN OBLAST DOMOBRANSKI STRAŽI NA ŠTAJERSKI MEJI</comment-text>
                <comment-text-transliterated>VSA ČAST IN OBLAST DOMOBRANSKI STRAŽI NA ŠTAJERSKI MEJI
                </comment-text-transliterated>
            </comment>
            <comment comment-id="5-1">
                <comment-parent-id>5</comment-parent-id>
                <comment-text>Bedak.</comment-text>
                <comment-text-transliterated>Bedak.</comment-text-transliterated>
            </comment>
            <comment comment-id="5-2">
                <comment-parent-id>5</comment-parent-id>
                <comment-text>Vlado Novak - ona ma same pluskote, ti pa še odgovora NE ! Ta moj ti je za v tolažbo..
                </comment-text>
                <comment-text-transliterated>Vlado Novak - ona ma same pluskote, ti pa še odgovora NE ! Ta moj ti je za
                    v tolažbo..
                </comment-text-transliterated>
            </comment>
            <comment comment-id="5-3">
                <comment-parent-id>5</comment-parent-id>
                <comment-text>Domobrancom pa je mesto samo globoko v jamah in tam boste končali tudi vi! Smrt fašiszmu,
                    svoboda narodu!
                </comment-text>
                <comment-text-transliterated>Domobrancom pa je mesto samo globoko v jamah in tam boste končali tudi vi!
                    Smrt fašiszmu, svoboda narodu!
                </comment-text-transliterated>
            </comment>
            <comment comment-id="5-4">
                <comment-parent-id>5</comment-parent-id>
                <comment-text>Jana Škerjanc - pa veš kaj govoriš+ želiš ??Karma je hurba !!</comment-text>
                <comment-text-transliterated>Jana Škerjanc - pa veš kaj govoriš+ želiš ??Karma je hurba !!
                </comment-text-transliterated>
            </comment>
            <comment comment-id="5-5">
                <comment-parent-id>5</comment-parent-id>
                <comment-text>bolnik idiotski</comment-text>
                <comment-text-transliterated>bolnik idiotski</comment-text-transliterated>
            </comment>
            <comment comment-id="5-6">
                <comment-parent-id>5</comment-parent-id>
                <comment-text>za Modrijana mislim</comment-text>
                <comment-text-transliterated>za Modrijana mislim</comment-text-transliterated>
            </comment>
            <comment comment-id="5-7">
                <comment-parent-id>5</comment-parent-id>
                <comment-text>Marjan Moškov - GORNJI KOMENTAR VELJA TUDI ZATE..</comment-text>
                <comment-text-transliterated>Marjan Moškov - GORNJI KOMENTAR VELJA TUDI ZATE..
                </comment-text-transliterated>
            </comment>
            <comment comment-id="5-8">
                <comment-parent-id>5</comment-parent-id>
                <comment-text>Jana Škerjanc SOVRAŽNI GOVOR!!!</comment-text>
                <comment-text-transliterated>Jana Škerjanc SOVRAŽNI GOVOR!!!</comment-text-transliterated>
            </comment>
            <comment comment-id="6">
                <comment-parent-id>,</comment-parent-id>
                <comment-text>a za kupit trojanske krofe rabim passport in potem še carino plačat ? hahahahah
                </comment-text>
                <comment-text-transliterated>a za kupit trojanske krofe rabim passport in potem še carino plačat ?
                    hahahahah
                </comment-text-transliterated>
            </comment>
            <comment comment-id="7">
                <comment-parent-id>,</comment-parent-id>
                <comment-text>a se kdo vpraša odkot našim politikom denar ja nakoncu leta ga imajo več kot zasluzijo no
                    zasluzijo si nič pač pa korupcija in kraja idioti nedomoljubni ja in taki kot je šiško bi moral biti
                    v vladi ne pa same maske skorumpirane
                </comment-text>
                <comment-text-transliterated>a se kdo vpraša odkot našim politikom denar ja nakoncu leta ga imajo več
                    kot zasluzijo no zasluzijo si nič pač pa korupcija in kraja idioti nedomoljubni ja in taki kot je
                    šiško bi moral biti v vladi ne pa same maske skorumpirane
                </comment-text-transliterated>
            </comment>
            <comment comment-id="7-1">
                <comment-parent-id>7</comment-parent-id>
                <comment-text>dej kako piko naredi pa vejico, da človek sploh vidi smisel tvoje povedi</comment-text>
                <comment-text-transliterated>dej kako piko naredi pa vejico, da človek sploh vidi smisel tvoje povedi
                </comment-text-transliterated>
            </comment>
            <comment comment-id="8">
                <comment-parent-id>,</comment-parent-id>
                <comment-text>Da je podal kazenske ovadbe prioti izdajalcem tipa levih in desnih politikov že zaradi
                    Lizbonske pogodbe, ki je Sloveniji odvzela suverenost pa ne poročate in da je avtor desetih knjig,
                    ki so zgodovinskega pomena o tem pa niti besedice! res objektivno poročanje...bravo izdajalski
                    novinarji...tudi zaradi vas je stanje takšno kot je. Pa da nebi o diskriminaciji na volitvah. Levi
                    in desni niste niti malo zavzeli stališča da bi bile volitve poštene pač pa ste poteptali
                    izvenparlamentarce skupaj z mediji. Zgodovina bo povedala kaj je res in kaj ni res. Ukradli so nam
                    državo, sedaj jo bodo islamizirali vi pa govorite čez domoljube ! Sramota!!!
                </comment-text>
                <comment-text-transliterated>Da je podal kazenske ovadbe prioti izdajalcem tipa levih in desnih
                    politikov že zaradi Lizbonske pogodbe, ki je Sloveniji odvzela suverenost pa ne poročate in da je
                    avtor desetih knjig, ki so zgodovinskega pomena o tem pa niti besedice! res objektivno
                    poročanje...bravo izdajalski novinarji...tudi zaradi vas je stanje takšno kot je. Pa da nebi o
                    diskriminaciji na volitvah. Levi in desni niste niti malo zavzeli stališča da bi bile volitve
                    poštene pač pa ste poteptali izvenparlamentarce skupaj z mediji. Zgodovina bo povedala kaj je res in
                    kaj ni res. Ukradli so nam državo, sedaj jo bodo islamizirali vi pa govorite čez domoljube !
                    Sramota!!!
                </comment-text-transliterated>
            </comment>
            <comment comment-id="8-1">
                <comment-parent-id>8</comment-parent-id>
                <comment-text>Toooooo!</comment-text>
                <comment-text-transliterated>Toooooo!</comment-text-transliterated>
            </comment>
        </comment-list>
    </comments>
</document>