<document global-id="si-05-1368">
    <url>
        https://novice.svet24.si//clanek/novice/slovenija/5bbca412d49d1/nikoli-si-ne-bi-mislila-da-bo-prva-ameriska-dama-slovenka
    </url>
    <source-id>si-05</source-id>
    <local-id>1368</local-id>
    <source-name>Svet24</source-name>
    <article>
        <article-title>Slovenka v Ameriki si ni nikoli mislila, da se bo to kdaj zgodilo</article-title>
        <article-title-transliterated>Slovenka v Ameriki si ni nikoli mislila, da se bo to kdaj zgodilo
        </article-title-transliterated>
        <article-time>2018-11-04</article-time>
        <article-author>Katja Božič / Revija Zarja</article-author>
        <article-text>»Nikoli ne bom šla v Ameriko in se poročila z Američanom,« je bila prepričana Branka Učakar
            Poplonski. Vse dokler ni v rosnih dvajsetih letih v Nemčiji spoznala postavnega ameriškega vojaka poljskega
            rodu, se z njim v Sloveniji poročila in pred šestinštiridesetimi leti šla za njim v Ameriko – a kljub temu
            ostala močno povezana s svojo domovino, rodno vasjo Kotredež pri Zagorju in družino. Razlike med državama so
            bile nekoč zelo očitne, ameriški tehnološki napredek je bil leta pred slovenskim, danes pa ne več. Predvsem
            pa se je spremenilo nekaj: medtem ko so jo Američani še do nedavnega spraševali, ali je Slovenija Slovaška,
            jo danes čez lužo vsi poznajo. Za to je seveda zaslužna njihova prva dama Melanija Trump, priznava Branka,
            ki je julija med prijatelji v Sloveniji praznovala okrogli rojstni dan.
            »Danes pa mi res ni treba več podrobno razlagati, kje je Slovenija.« Po zaslugi prve ameriške dame Melanije
            Trump seveda. Jo pa zato pogosto sprašujejo, iz kakšnega okolja prihaja prva dama, kje je živela in kako,
            pravi Branka, ki si seveda ni nikoli mislila, da bo kdaj prva dama njena rojakinja, ki jo je usoda
            pripeljala čez lužo. Tako kot Branko, čeprav je vedno govorila, da v Ameriko se pa res ne bi nikoli
            preselila.
            Med študijem v Ljubljani je zagrabila priložnost in s prijateljico sta odšli v Nemčijo, tam sta delali v
            neki restavraciji, hkrati pa se učili nemškega jezika. Mesto v bližini češke meje, kjer sta živeli, je bilo
            znano po veliki ameriški bazi, kjer so vojaški rok služili mladi ameriški vojaki. Tako je naneslo, da je
            spoznala Staša. »Vprašal me je, kateri jezik govoriva s prijateljico. Slovenščina se mu je namreč zdela
            podobna poljščini, jeziku njegovih staršev.« Beseda je dala besedo in kmalu sta postala par. Ko se je vrnila
            v Slovenijo, sta si dopisovala, enkrat jo je celo obiskal, skupaj sta v Nemčiji preživela božične praznike.
            Ko pa je takratni ameriški predsednik Nixon ameriškim vojakom skrajšal bivanje v Evropi (Stašu za pol leta),
            sta se morala odločiti, kako naprej. Odločila sta se poročiti in poskusiti zaživeti v Ameriki. Težko se je
            poslovila od najbližjih, še posebej od mame, s katero sta bili zelo povezani. A tolažila se je z mislijo, da
            bo po enem letu prišla domov, če se stvari čez lužo ne bodo obnesle, poleg tega ji je ena od prijateljic
            obljubila, da bodo njenemu možu našli službo na njegovem področju, če se bosta slučajno vrnila v Slovenijo.
            Ker je imela rezervni načrt, je bolj zaupala v življenje na drugem koncu sveta. Dvaindvajset let je delala v
            bančništvu, iz najnižjega se je počasi povzpela do najvišjega položaja, takoj za predsednikom banke in
            finančnim direktorjem. V tistem času je bila v svojem okrožju prva ženska s  položajem v menedžmentu.
            Skrbela je za osem poslovnih enot. Ko pa so njeno banko prodali večji banki države Illinois (Branka živi v
            mestu Bloomingdale, v predmestju Chicaga), se je odločila epizodo z bančništvom zaključiti. Naključni
            pogovor z lastnikom podjetja Century 21 (eno največjih nepremičninskih podjetij v njenem okrožju) jo je
            usmeril na novo pot. Ker je v financah doma, pozna veliko ljudi in je rada neodvisna, je bilo to delo kot
            nalašč zanjo, in zdaj mu je predana že triindvajset let. Postalo je del njenega življenja in ne misli
            odnehati, poleg tega ji je omogočilo več časa za dobrodelnost, ki se ji prav tako posveča že leta.

            Slovenske varuške
            Prvih petnajst let, dokler s Stašem nista postala starša, se je v Slovenijo redno vračala vsako poletje. »Z
            mamo sva si pisali pisma vsak teden. Včasih sem o dogajanju na vasi vedela več kot ljudje, ki so tam
            živeli,« se smeji. Prav tako že iz navade vsako jutro, potem ko nahrani mačko in si skuha turško kavo,
            prižge računalnik in prebere osrednji slovenski časnik na spletu, torej je tudi z dogajanjem v Sloveniji
            včasih bolj na tekočem kot marsikdo od Slovencev. S soprogom sta si dolgo želela otroke, a čeprav sta bila
            oba zdrava, kot so trdili zdravniki, Branka ni zanosila. »Po petnajstih letih pa sva si rekla, da nama pač
            ni namenjeno in se bova posvetila drugemu delu.« Konec maja sta se dokončno odločila in s tem sprijaznila,
            julija pa je šla na pregled, ker se ji je zdelo, da je že v meni. Zdravnik jo je pregledal in ji dejal, naj
            resnično pričakuje spremembo v življenju. »Noseči ste in imeli boste dvojčka!« ji je dejal. »Skoraj me je
            kap!« Malo je bila zbegana, saj je bila z mislimi že drugje, pa tudi štiridesetim se je bližala, a ko se je
            prvo presenečenje poleglo, sta bila seveda z možem presrečna. Dvojčka sta bila čudež in v veliko veselje
            vsem. Ker pa je imela zelo dobro službo in jo je z veseljem opravljala, sta se domislila, da bi jima pri
            vzgoji in varstvu otrok pomagale varuške, ki bi pri njih živele. Razen dveh so bile vse Slovenke. »Veliko mi
            je pomenilo, da so se z otrokoma pogovarjale slovensko, ju učile, vsaka jima je predala del svojih izkušenj,
            meni pa so predstavljale dodatno vez z domovino.« Kamor, upa, se bosta vedno več vračala tudi njena sinova
            Mark in Eric; slednji se je lani poročil.
            Zgodovina bo pokazala, koliko je Melanija naredila
            Srečna je, da je prva dama Slovenka. »Večkrat sem že obiskala Belo hišo, ki ima seveda zelo veličastne
            sobane, oprema pa je tradicionalna. Super zanimivo pa se mi zdi, to sem zvedela šele pred dvema letoma, da
            imajo svojo cvetličarno. Tam delajo prekrasne aranžmaje. S tem je začela Eleanor Roosevelt, želela je, da je
            v hiši vedno sveže cvetje, barve pa so morale biti usklajene s pohištvom, stenami, zavesami … Melanija s tem
            nadaljuje. Občutek imam, da bo zgodovina pokazala, koliko je v zakulisju Melanija naredila za otroke. Stalno
            je vključena v neke projekte, ki jih ne obešajo na veliki zvon in zraven ne vabijo medijev. V tem se po
            mojem razlikuje od prejšnjih prvih dam. Točno ve, kaj hoče in želi. Všeč mi je, ker deluje naravno.« 
            Zadovoljna
            Po skoraj tritedenskem dopustu se je prejšnji teden vrnila v Ameriko. »Najbolj pogrešam domače hribe in
            naravo. Vsakič, ko se vrnem v Slovenijo, sem presenečena nad razvojem, novogradnjami, cestno infrastrukturo.
            Lani sem ugotovila, da je v Sloveniji mogoče kupiti lepša oblačila kot pri nas. Zato grem v Sloveniji rada
            nakupovat. Imate lepe lokale, kjer je mogoče dobiti odličen sladoled. V Bloomingdalu moram kar nekaj časa
            razmišljati, kam bi šla, da bi lahko pojedla dober sladoled. Všeč so mi slovenske specializirane
            restavracije, ki ponujajo veliko različnih in okusnih jedi. Presenečena sem, da vsepovsod postrežejo vodo!
            Še vedno pa se ne morem navaditi, da ni treba dajati napitnin. V Ameriki je pri plačilu vedno treba dodati
            dvajset odstotkov. Medtem ko v Ameriki veliko razmišljamo in hranimo denar za prihodnost, se mi zdi, da v
            Sloveniji ljudje živijo bolj sproščeno. Vsaj na vasi pa je življenje umirjeno, ljudje ne hitijo tako kot pri
            nas.« S svojim življenjem je zadovoljna, pravi, pa tudi z zdravjem, družino in prijatelji. »Če ni zdravja,
            se vse podre, noben denar ti ne pomaga. Če pa bomo zdravi, bomo potovali in še pogosteje prišli v
            Slovenijo,« je prepričana.

            Več zanimivih vsebin si preberite v novi izdaji revije Zarja.
        </article-text>
        <article-text-transliterated>»Nikoli ne bom šla v Ameriko in se poročila z Američanom,« je bila prepričana
            Branka Učakar Poplonski. Vse dokler ni v rosnih dvajsetih letih v Nemčiji spoznala postavnega ameriškega
            vojaka poljskega rodu, se z njim v Sloveniji poročila in pred šestinštiridesetimi leti šla za njim v Ameriko
            – a kljub temu ostala močno povezana s svojo domovino, rodno vasjo Kotredež pri Zagorju in družino. Razlike
            med državama so bile nekoč zelo očitne, ameriški tehnološki napredek je bil leta pred slovenskim, danes pa
            ne več. Predvsem pa se je spremenilo nekaj: medtem ko so jo Američani še do nedavnega spraševali, ali je
            Slovenija Slovaška, jo danes čez lužo vsi poznajo. Za to je seveda zaslužna njihova prva dama Melanija
            Trump, priznava Branka, ki je julija med prijatelji v Sloveniji praznovala okrogli rojstni dan.
            »Danes pa mi res ni treba več podrobno razlagati, kje je Slovenija.« Po zaslugi prve ameriške dame Melanije
            Trump seveda. Jo pa zato pogosto sprašujejo, iz kakšnega okolja prihaja prva dama, kje je živela in kako,
            pravi Branka, ki si seveda ni nikoli mislila, da bo kdaj prva dama njena rojakinja, ki jo je usoda
            pripeljala čez lužo. Tako kot Branko, čeprav je vedno govorila, da v Ameriko se pa res ne bi nikoli
            preselila.
            Med študijem v Ljubljani je zagrabila priložnost in s prijateljico sta odšli v Nemčijo, tam sta delali v
            neki restavraciji, hkrati pa se učili nemškega jezika. Mesto v bližini češke meje, kjer sta živeli, je bilo
            znano po veliki ameriški bazi, kjer so vojaški rok služili mladi ameriški vojaki. Tako je naneslo, da je
            spoznala Staša. »Vprašal me je, kateri jezik govoriva s prijateljico. Slovenščina se mu je namreč zdela
            podobna poljščini, jeziku njegovih staršev.« Beseda je dala besedo in kmalu sta postala par. Ko se je vrnila
            v Slovenijo, sta si dopisovala, enkrat jo je celo obiskal, skupaj sta v Nemčiji preživela božične praznike.
            Ko pa je takratni ameriški predsednik Nixon ameriškim vojakom skrajšal bivanje v Evropi (Stašu za pol leta),
            sta se morala odločiti, kako naprej. Odločila sta se poročiti in poskusiti zaživeti v Ameriki. Težko se je
            poslovila od najbližjih, še posebej od mame, s katero sta bili zelo povezani. A tolažila se je z mislijo, da
            bo po enem letu prišla domov, če se stvari čez lužo ne bodo obnesle, poleg tega ji je ena od prijateljic
            obljubila, da bodo njenemu možu našli službo na njegovem področju, če se bosta slučajno vrnila v Slovenijo.
            Ker je imela rezervni načrt, je bolj zaupala v življenje na drugem koncu sveta. Dvaindvajset let je delala v
            bančništvu, iz najnižjega se je počasi povzpela do najvišjega položaja, takoj za predsednikom banke in
            finančnim direktorjem. V tistem času je bila v svojem okrožju prva ženska s  položajem v menedžmentu.
            Skrbela je za osem poslovnih enot. Ko pa so njeno banko prodali večji banki države Illinois (Branka živi v
            mestu Bloomingdale, v predmestju Chicaga), se je odločila epizodo z bančništvom zaključiti. Naključni
            pogovor z lastnikom podjetja Century 21 (eno največjih nepremičninskih podjetij v njenem okrožju) jo je
            usmeril na novo pot. Ker je v financah doma, pozna veliko ljudi in je rada neodvisna, je bilo to delo kot
            nalašč zanjo, in zdaj mu je predana že triindvajset let. Postalo je del njenega življenja in ne misli
            odnehati, poleg tega ji je omogočilo več časa za dobrodelnost, ki se ji prav tako posveča že leta.

            Slovenske varuške
            Prvih petnajst let, dokler s Stašem nista postala starša, se je v Slovenijo redno vračala vsako poletje. »Z
            mamo sva si pisali pisma vsak teden. Včasih sem o dogajanju na vasi vedela več kot ljudje, ki so tam
            živeli,« se smeji. Prav tako že iz navade vsako jutro, potem ko nahrani mačko in si skuha turško kavo,
            prižge računalnik in prebere osrednji slovenski časnik na spletu, torej je tudi z dogajanjem v Sloveniji
            včasih bolj na tekočem kot marsikdo od Slovencev. S soprogom sta si dolgo želela otroke, a čeprav sta bila
            oba zdrava, kot so trdili zdravniki, Branka ni zanosila. »Po petnajstih letih pa sva si rekla, da nama pač
            ni namenjeno in se bova posvetila drugemu delu.« Konec maja sta se dokončno odločila in s tem sprijaznila,
            julija pa je šla na pregled, ker se ji je zdelo, da je že v meni. Zdravnik jo je pregledal in ji dejal, naj
            resnično pričakuje spremembo v življenju. »Noseči ste in imeli boste dvojčka!« ji je dejal. »Skoraj me je
            kap!« Malo je bila zbegana, saj je bila z mislimi že drugje, pa tudi štiridesetim se je bližala, a ko se je
            prvo presenečenje poleglo, sta bila seveda z možem presrečna. Dvojčka sta bila čudež in v veliko veselje
            vsem. Ker pa je imela zelo dobro službo in jo je z veseljem opravljala, sta se domislila, da bi jima pri
            vzgoji in varstvu otrok pomagale varuške, ki bi pri njih živele. Razen dveh so bile vse Slovenke. »Veliko mi
            je pomenilo, da so se z otrokoma pogovarjale slovensko, ju učile, vsaka jima je predala del svojih izkušenj,
            meni pa so predstavljale dodatno vez z domovino.« Kamor, upa, se bosta vedno več vračala tudi njena sinova
            Mark in Eric; slednji se je lani poročil.
            Zgodovina bo pokazala, koliko je Melanija naredila
            Srečna je, da je prva dama Slovenka. »Večkrat sem že obiskala Belo hišo, ki ima seveda zelo veličastne
            sobane, oprema pa je tradicionalna. Super zanimivo pa se mi zdi, to sem zvedela šele pred dvema letoma, da
            imajo svojo cvetličarno. Tam delajo prekrasne aranžmaje. S tem je začela Eleanor Roosevelt, želela je, da je
            v hiši vedno sveže cvetje, barve pa so morale biti usklajene s pohištvom, stenami, zavesami … Melanija s tem
            nadaljuje. Občutek imam, da bo zgodovina pokazala, koliko je v zakulisju Melanija naredila za otroke. Stalno
            je vključena v neke projekte, ki jih ne obešajo na veliki zvon in zraven ne vabijo medijev. V tem se po
            mojem razlikuje od prejšnjih prvih dam. Točno ve, kaj hoče in želi. Všeč mi je, ker deluje naravno.« 
            Zadovoljna
            Po skoraj tritedenskem dopustu se je prejšnji teden vrnila v Ameriko. »Najbolj pogrešam domače hribe in
            naravo. Vsakič, ko se vrnem v Slovenijo, sem presenečena nad razvojem, novogradnjami, cestno infrastrukturo.
            Lani sem ugotovila, da je v Sloveniji mogoče kupiti lepša oblačila kot pri nas. Zato grem v Sloveniji rada
            nakupovat. Imate lepe lokale, kjer je mogoče dobiti odličen sladoled. V Bloomingdalu moram kar nekaj časa
            razmišljati, kam bi šla, da bi lahko pojedla dober sladoled. Všeč so mi slovenske specializirane
            restavracije, ki ponujajo veliko različnih in okusnih jedi. Presenečena sem, da vsepovsod postrežejo vodo!
            Še vedno pa se ne morem navaditi, da ni treba dajati napitnin. V Ameriki je pri plačilu vedno treba dodati
            dvajset odstotkov. Medtem ko v Ameriki veliko razmišljamo in hranimo denar za prihodnost, se mi zdi, da v
            Sloveniji ljudje živijo bolj sproščeno. Vsaj na vasi pa je življenje umirjeno, ljudje ne hitijo tako kot pri
            nas.« S svojim življenjem je zadovoljna, pravi, pa tudi z zdravjem, družino in prijatelji. »Če ni zdravja,
            se vse podre, noben denar ti ne pomaga. Če pa bomo zdravi, bomo potovali in še pogosteje prišli v
            Slovenijo,« je prepričana.

            Več zanimivih vsebin si preberite v novi izdaji revije Zarja.
        </article-text-transliterated>
    </article>
    <comments>
        <comments-count>0</comments-count>
        <comment-list/>
    </comments>
</document>