<?xml version="1.0" encoding="utf-8"?>
<document global-id="si-05-1251">
	<url>https://novice.svet24.si//clanek/novice/slovenija/55b90407008be/prodal-se-bo-tudi-elan</url>
	<source-id>si-05</source-id>
	<local-id>1251</local-id>
	<source-name>Svet24</source-name>
	<article>
		<article-title>Prodal se bo tudi Elan</article-title>
		<article-title-transliterated>Prodal se bo tudi Elan</article-title-transliterated>
		<article-time>2015-07-29</article-time>
		<article-author>STA</article-author>
		<article-text>SDH prodajo deleža v Elanu pogojuje s tem, da kupca sprejmeta določene nefinančne zaveze, ki se nanašajo na spoštovanje veljavne delovne zakonodaje v Sloveniji, veljavnih kolektivnih pogodb in drugih socialnih sporazumov, ki so bili dogovorjeni z zaposlenimi ali svetom delavcev, in ohranitev slovenskega jezika kot jezika komuniciranja z zaposlenimi.
Zaveze se nanašajo tudi na prizadevanje za ohranitev sedeža družbe v Sloveniji, za prestrukturiranje družbe z namenom zagotoviti njeno nadaljnje preživetje, izboljšanje njene učinkovitosti in nadaljnjega razvoja ter ohranjanje socialnega dialoga z zaposlenimi v skladu z delovno zakonodajo v Sloveniji.
Predmet prodaje so sicer vsi lastniški deleži v Elanu. Poleg SDH imajo delež v Elanu še družbe Triglav Naložbe, DSU in Modra zavarovalnica.</article-text>
		<article-text-transliterated>SDH prodajo deleža v Elanu pogojuje s tem, da kupca sprejmeta določene nefinančne zaveze, ki se nanašajo na spoštovanje veljavne delovne zakonodaje v Sloveniji, veljavnih kolektivnih pogodb in drugih socialnih sporazumov, ki so bili dogovorjeni z zaposlenimi ali svetom delavcev, in ohranitev slovenskega jezika kot jezika komuniciranja z zaposlenimi.
Zaveze se nanašajo tudi na prizadevanje za ohranitev sedeža družbe v Sloveniji, za prestrukturiranje družbe z namenom zagotoviti njeno nadaljnje preživetje, izboljšanje njene učinkovitosti in nadaljnjega razvoja ter ohranjanje socialnega dialoga z zaposlenimi v skladu z delovno zakonodajo v Sloveniji.
Predmet prodaje so sicer vsi lastniški deleži v Elanu. Poleg SDH imajo delež v Elanu še družbe Triglav Naložbe, DSU in Modra zavarovalnica.</article-text-transliterated>
	</article>
	<comments>
		<comments-count>0</comments-count>
		<comments-list/>
	</comments>
</document>
