<?xml version="1.0" encoding="utf-8"?>
<document global-id="si-05-1013">
	<url>https://novice.svet24.si//clanek/novice/svet/59f8931f2b9cc/ob-500-obletnici-se-spodobi-da-je-dela-prost-dan</url>
	<source-id>si-05</source-id>
	<local-id>1013</local-id>
	<source-name>Svet24</source-name>
	<article>
		<article-title>Ob 500. obletnici se spodobi, da je dela prost dan</article-title>
		<article-title-transliterated>Ob 500. obletnici se spodobi, da je dela prost dan</article-title-transliterated>
		<article-time>2017-10-31</article-time>
		<article-author>G.G./STA</article-author>
		<article-text>Današnja slovesnost lahko priskrbi &quot;priložnost, da razmislimo o spremembah, ki so prišle iz reformacije,&quot; je dejala nemška kanclerka Angela Merkel pred obletnico. Trenutni vodja sveta nemške protestantske cerkve Heinrich Bedford-Strohm pa je dejal, da je iz Wittenberga izšla duhovno obnova, ki je pretresla ljudi v Nemčiji, Evropi in po svetu.
Obiskovalci bodo lahko danes v Wittenbergu med drugim uživali v velikem srednjeveškem spektaklu in svetlobni instalaciji. Z današnjim dnem, ki bo za Nemce tokrat izjemoma dela prost dan, se formalno končuje jubilejno leto reformacije.
ipromZone(1525);Nemški teolog Martin Luther je odločno nasprotoval tedanji praksi Rimskokatoliške cerkve, ki je ljudem v zameno za denar odpuščala grehe in na ta način zbirala denar za drago obnovo Bazilike sv. Petra v Rimu. Potem ko se je zaradi odpustkov zapletel v oster spor z vrhom nemške Cerkve, naj bi pred točno 500 leti, 31. oktobra 1517, na vrata Grajske cerkve v Wittenbergu, kjer je takrat deloval, nabil omenjenih 95 tez, a je za nekatere zgodovinarje to zgolj legenda.
Prvi celoviti prevod Svetega pisma v slovenščini
Samemu Luthru naj bi šlo pri tezah predvsem za nasprotovanje odpustkom in naj ne bi pričakoval, da bodo imele te tako daljnosežen vpliv. V njih je pozval k spoštovanju Božje besede, kakor je zapisana v Svetem pismu, ki da mora imeti vodilno vlogo pri cerkvenem oznanjanju in učenju. Za Slovence je bilo posebej pomembno, da je bila v središču protestantizma Božja beseda, zapisana v jeziku, ki je bil ljudem blizu in so ga poznali, saj sta v tistem času izšli prva knjiga v slovenščini ter prvi celovit prevod Svetega pisma.
Številni strokovnjaki sicer pravijo, da Luther omenjenih tez sploh ni nabil na cerkvena vrata v Wittenbergu - med drugim ga takrat naj sploh ne bi bilo v mestu -, ampak jih je v protestnem pismu poslal tedanjemu nadškofu Albertu iz Mainza. A skozi zgodovino se je uveljavila drugačna zgodba, majhen Wittenberg pa je obveljal za rojstni kraj reformacije.</article-text>
		<article-text-transliterated>Današnja slovesnost lahko priskrbi &quot;priložnost, da razmislimo o spremembah, ki so prišle iz reformacije,&quot; je dejala nemška kanclerka Angela Merkel pred obletnico. Trenutni vodja sveta nemške protestantske cerkve Heinrich Bedford-Strohm pa je dejal, da je iz Wittenberga izšla duhovno obnova, ki je pretresla ljudi v Nemčiji, Evropi in po svetu.
Obiskovalci bodo lahko danes v Wittenbergu med drugim uživali v velikem srednjeveškem spektaklu in svetlobni instalaciji. Z današnjim dnem, ki bo za Nemce tokrat izjemoma dela prost dan, se formalno končuje jubilejno leto reformacije.
ipromZone(1525);Nemški teolog Martin Luther je odločno nasprotoval tedanji praksi Rimskokatoliške cerkve, ki je ljudem v zameno za denar odpuščala grehe in na ta način zbirala denar za drago obnovo Bazilike sv. Petra v Rimu. Potem ko se je zaradi odpustkov zapletel v oster spor z vrhom nemške Cerkve, naj bi pred točno 500 leti, 31. oktobra 1517, na vrata Grajske cerkve v Wittenbergu, kjer je takrat deloval, nabil omenjenih 95 tez, a je za nekatere zgodovinarje to zgolj legenda.
Prvi celoviti prevod Svetega pisma v slovenščini
Samemu Luthru naj bi šlo pri tezah predvsem za nasprotovanje odpustkom in naj ne bi pričakoval, da bodo imele te tako daljnosežen vpliv. V njih je pozval k spoštovanju Božje besede, kakor je zapisana v Svetem pismu, ki da mora imeti vodilno vlogo pri cerkvenem oznanjanju in učenju. Za Slovence je bilo posebej pomembno, da je bila v središču protestantizma Božja beseda, zapisana v jeziku, ki je bil ljudem blizu in so ga poznali, saj sta v tistem času izšli prva knjiga v slovenščini ter prvi celovit prevod Svetega pisma.
Številni strokovnjaki sicer pravijo, da Luther omenjenih tez sploh ni nabil na cerkvena vrata v Wittenbergu - med drugim ga takrat naj sploh ne bi bilo v mestu -, ampak jih je v protestnem pismu poslal tedanjemu nadškofu Albertu iz Mainza. A skozi zgodovino se je uveljavila drugačna zgodba, majhen Wittenberg pa je obveljal za rojstni kraj reformacije.</article-text-transliterated>
	</article>
	<comments>
		<comments-count>0</comments-count>
		<comments-list/>
	</comments>
</document>
