<document global-id="si-05-1161"><url>https://novice.svet24.si//clanek/novice/slovenija/5a2d6f272ade9/posavskega-poliglota-janka-so-grdo-izigrali</url><source-id>si-05</source-id><local-id>si-05-1161</local-id><source-name>Svet24</source-name><article><article-title>Posavskega poliglota Janka so grdo izigrali</article-title><article-title-transliterated>Posavskega poliglota Janka so grdo izigrali</article-title-transliterated><article_time>2017-12-10</article_time><article-author>J.A. / Dolenjski list</article-author><article-text>Pred dvema tednoma so ga poklicali in povedali, da je konec njegovega nastopanja v tem šovu.
»To me je zelo prizadelo. Po telefonu so mi sporočili, da ne bom nastopil v polfinalu 10. decembra, češ da je moja izvedba prezahtevna, da ni dovolj zanimiva in atraktivna za občinstvo,« je za Dolenjski list razočaran sporočil Gorenc.
Navijači načrtovali pot v Zagreb
S tem so povzročili popolno zmedo, saj se je že od septembra pripravljal na svoj naslednji nastop. Ker so mu producenti rekli, da bi bilo zaželeno, da s sabo pripelje navijače, se je začel dogovarjati tudi s prijatelji in znanci. Kar precej ljudi iz Krškega in okolice se je že zorganiziralo, da si bodo šli to nedeljo v živo ogledat snemanje oddaje v Zagreb, kjer ga bodo tudi spodbujali.
»Ne bi bil toliko razočaran, če bi mi to omenili že prej, saj sem bil obveščen, da bom nastopal v polfinalu že pred dvema mesecema, konec septembra,« je povedal Janko.
ipromZone(1525);Samo rezerva?
Glavna producentka šova Doris Mudrovčić je dejala, da je Gorenc na avdiciji od treh žirantov dobil »da«, od enega »ne«. »Za polfinalno oddajo smo ga izbrali kot nadomestnega kandidata in on je s podpisom pogodbe pristal na to, da bo za našo produkcijo na voljo do 10. decembra,« se je glasil odgovor producentke, ki je dodala, da je 60 kandidatov zbralo po štiri »da« in zato ni bilo potrebe, da bi nastopil tudi on.
Ko smo Gorenca soočili s tem odgovorom, je rekel, da v njihovih pravilih nikakor ni bilo navedeno, da je polfinale odvisen od tega, koliko »da«-jev je kdo dobil, temveč od tega, koga izberejo žiranti.
Naš poliglot Janko v hrvaškem šovu

Žarek upanja
Grenak priokus ostaja. Gorenc si je po tistem, ko mu prek prve ovire ni uspelo v slovenskem šovu Slovenija ima talent, želel navdušiti publiko na Hrvaškem. Ko je videl, da mu je tamkajšnja žirija naklonjena, je zanj posijal žarek upanja. Ta nastop, ki se mu je obetal, je vzel kot neke vrste darilo, saj bo 12. decembra praznoval rojstni dan.
Kljub vsemu se ne da. Njegova zbirka števnikov se še naprej povečuje. »Kajti dobivam števnike in jezike tudi s pomočjo posebnega programa. S programom žal ne morem dobiti vseh števnikov od 1 do 10, iz nekaterih jezikov sem dobil samo po enega. Danes moja zbirka šteje števnike na 39.600 načinov. Zelo kmalu jih bom imel 40.000.«</article-text><article-text-transliterated>Pred dvema tednoma so ga poklicali in povedali, da je konec njegovega nastopanja v tem šovu.
»To me je zelo prizadelo. Po telefonu so mi sporočili, da ne bom nastopil v polfinalu 10. decembra, češ da je moja izvedba prezahtevna, da ni dovolj zanimiva in atraktivna za občinstvo,« je za Dolenjski list razočaran sporočil Gorenc.
Navijači načrtovali pot v Zagreb
S tem so povzročili popolno zmedo, saj se je že od septembra pripravljal na svoj naslednji nastop. Ker so mu producenti rekli, da bi bilo zaželeno, da s sabo pripelje navijače, se je začel dogovarjati tudi s prijatelji in znanci. Kar precej ljudi iz Krškega in okolice se je že zorganiziralo, da si bodo šli to nedeljo v živo ogledat snemanje oddaje v Zagreb, kjer ga bodo tudi spodbujali.
»Ne bi bil toliko razočaran, če bi mi to omenili že prej, saj sem bil obveščen, da bom nastopal v polfinalu že pred dvema mesecema, konec septembra,« je povedal Janko.
ipromZone(1525);Samo rezerva?
Glavna producentka šova Doris Mudrovčić je dejala, da je Gorenc na avdiciji od treh žirantov dobil »da«, od enega »ne«. »Za polfinalno oddajo smo ga izbrali kot nadomestnega kandidata in on je s podpisom pogodbe pristal na to, da bo za našo produkcijo na voljo do 10. decembra,« se je glasil odgovor producentke, ki je dodala, da je 60 kandidatov zbralo po štiri »da« in zato ni bilo potrebe, da bi nastopil tudi on.
Ko smo Gorenca soočili s tem odgovorom, je rekel, da v njihovih pravilih nikakor ni bilo navedeno, da je polfinale odvisen od tega, koliko »da«-jev je kdo dobil, temveč od tega, koga izberejo žiranti.
Naš poliglot Janko v hrvaškem šovu

Žarek upanja
Grenak priokus ostaja. Gorenc si je po tistem, ko mu prek prve ovire ni uspelo v slovenskem šovu Slovenija ima talent, želel navdušiti publiko na Hrvaškem. Ko je videl, da mu je tamkajšnja žirija naklonjena, je zanj posijal žarek upanja. Ta nastop, ki se mu je obetal, je vzel kot neke vrste darilo, saj bo 12. decembra praznoval rojstni dan.
Kljub vsemu se ne da. Njegova zbirka števnikov se še naprej povečuje. »Kajti dobivam števnike in jezike tudi s pomočjo posebnega programa. S programom žal ne morem dobiti vseh števnikov od 1 do 10, iz nekaterih jezikov sem dobil samo po enega. Danes moja zbirka šteje števnike na 39.600 načinov. Zelo kmalu jih bom imel 40.000.«</article-text-transliterated></article><comments><comments-count>0</comments-count><comments-list /></comments></document>