<document global-id="si-05-1427"><url>https://novice.svet24.si//clanek/zanimivosti/55dc22224402e/starodavni-rokopis-ki-omenja-jezusovo-zeno</url><source-id>si-05</source-id><local-id>si-05-1427</local-id><source-name>Svet24</source-name><article><article-title>Starodavni rokopis omenja Jezusovo ženo</article-title><article-title-transliterated>Starodavni rokopis omenja Jezusovo ženo</article-title-transliterated><article_time>2015-08-25</article_time><article-author>R.T.</article-author><article-text>Na delčku papirusa je v starem koptskem jeziku med drugim zapisano: »Jezus jim je dejal: Moja žena …« in »… ona bo lahko postala moja učenka«.
V preteklosti so se nekateri že sklicevali na ta dokument, ko so dokazovali, da je bil Jezus poročen in da ni živel v celibatu. Če se to izkaže za resnico, bi bil spodkopan eden od temeljnih naukov Cerkve. Nič nenavadnega torej, da so vse od odkritja papirusa zgodovinarji in verski voditelji poskušali tako potrditi kot zanikati kredibilnost dokumenta. Nedavna analiza črnila pa je pokazala, da papirus ni delo avtorja, ki je ponaredil več drugih, kot so domnevali nekateri. Lani je karbonska analiza pokazala, da bi dokument lahko nastal med četrtim in osmim stoletjem, kar bi pomenilo, da je avtentičen. Kot že rečeno, to potrjuje tudi analiza raziskovalcev z Univerze Columbia, ki pa so z informacijami v zvezi z njihovimi dognanji skopi, dokler ne bo objavljena celotna raziskava.
Ta papirus je bil skupaj z drugimi leta 2012 anonimno predan harvardski profesorici Karen King. Vatikansko časopisje je takrat »evangelij Jezusove žene« nemudoma označilo za ponaredek. Kingova, kot pravi, pozdravlja razprave, obenem pa opozarja, da na podlagi dveh delcev različnih stavkov z delčka papirusa ni mogoče zaključiti, da je bil Jezus dejansko poročen.</article-text><article-text-transliterated>Na delčku papirusa je v starem koptskem jeziku med drugim zapisano: »Jezus jim je dejal: Moja žena …« in »… ona bo lahko postala moja učenka«.
V preteklosti so se nekateri že sklicevali na ta dokument, ko so dokazovali, da je bil Jezus poročen in da ni živel v celibatu. Če se to izkaže za resnico, bi bil spodkopan eden od temeljnih naukov Cerkve. Nič nenavadnega torej, da so vse od odkritja papirusa zgodovinarji in verski voditelji poskušali tako potrditi kot zanikati kredibilnost dokumenta. Nedavna analiza črnila pa je pokazala, da papirus ni delo avtorja, ki je ponaredil več drugih, kot so domnevali nekateri. Lani je karbonska analiza pokazala, da bi dokument lahko nastal med četrtim in osmim stoletjem, kar bi pomenilo, da je avtentičen. Kot že rečeno, to potrjuje tudi analiza raziskovalcev z Univerze Columbia, ki pa so z informacijami v zvezi z njihovimi dognanji skopi, dokler ne bo objavljena celotna raziskava.
Ta papirus je bil skupaj z drugimi leta 2012 anonimno predan harvardski profesorici Karen King. Vatikansko časopisje je takrat »evangelij Jezusove žene« nemudoma označilo za ponaredek. Kingova, kot pravi, pozdravlja razprave, obenem pa opozarja, da na podlagi dveh delcev različnih stavkov z delčka papirusa ni mogoče zaključiti, da je bil Jezus dejansko poročen.</article-text-transliterated></article><comments><comments-count>0</comments-count><comments-list /></comments></document>