<document global-id="si-05-1430">
    <url>
        https://novice.svet24.si//clanek/novice/slovenija/5a7039e0bf611/starsi-dijakov-zagotovite-jim-dodatnih-100-evrov-na-mesec
    </url>
    <source-id>si-05</source-id>
    <local-id>1430</local-id>
    <source-name>Svet24</source-name>
    <article>
        <article-title>Starši dijakov, zagotovite jim dodatnih 100 evrov na mesec!</article-title>
        <article-title-transliterated>Starši dijakov, zagotovite jim dodatnih 100 evrov na mesec!
        </article-title-transliterated>
        <article-time>2018-01-30</article-time>
        <article-author>J.P.</article-author>
        <article-text>Javni razpis za šolsko leto 2018/2019 je objavljen. Na voljo je 1.000 štipendij »za izobraževanje
            na ravneh izobraževanja in področjih, opredeljenih v Politiki štipendiranja 2015 – 2019, in sicer od
            šolskega leta 2018/2019 do zaključka izobraževalnega programa«, so sporočili z ministrstva za delo, družino,
            socialne zadeve in enake možnosti.

            Vlogo za dodelitev štipendije je mogoče vložiti na predpisanem obrazcu pri Javnem štipendijskem, razvojnem,
            invalidskem in preživninskem skladu Republike Slovenije.

            Le s kadrovsko ne
            Višina mesečne štipendije za deficitarne poklice znaša 100 evrov, prejemati pa jo je mogoče z vsemi
            štipendijami, razen s kadrovsko. Namen štipendij je »zagotavljanje ustreznega kadra na trg dela glede na
            povpraševanje delodajalcev, spodbujanje vpisa na vrste in področja izobraževanja, ki pospešujejo gospodarski
            razvoj in izboljšujejo zaposljivost ter tiste, za katere ni dovolj zanimanja ter promocija poklicnega in
            strokovnega izobraževanja«, so o štipendijah povedali na ministrstvu.
            Javni razpis sofinancirata država in Evropska unija iz sredstev Evropskega socialnega sklada. Skupna
            razpisana vrednost sredstev znaša največ 3.600.000 evrov.

            Javni razpis je objavljen na tem naslovu.

            Rok za oddajo začne teči 15. junija letos, izteče se 20. septembra.
            Letošnji nabor deficitarnih poklicev:
            1. kamnosek2. mehatronik operater3. izdelovalec/izdelovalka kovinskih konstrukcij4. inštalater/inštalaterka
            strojnih inštalacij5. oblikovalec kovin orodjar/orodjarka6. elektrikar/električarka7.
            avtokaroserist/avtokaroseristka8. pek/pekarka9. slaščičar/slaščičarka10. mesar/mesarka11.
            tapetnik/tapetničarka12. mizar/mizarka13. zidar/zidarka14. tesar/tesarka15. klepar-krovec/kleparka-krovka16.
            izvajalec/izvajalka suhomontažne gradnje17. slikopleskar-črkoslikar/slikopleskarka-črkoslikarka18. pečar–
            polagalec keramičnih oblog / pečarka-polagalka keramičnih oblog19. gozdar/gozdarka20. dimnikar/dimnikarka21.
            steklar/steklarka
            Dvojezični izobraževalni programi:
            1. ekonomski tehnik/ekonomska tehtnica (IS), ki se izvaja v italijanskem jeziku,2. mehatronik
            operater/operaterka (DV), ki se izvaja v madžarskem jeziku,3. strojni tehnik/strojna tehtnica (DV), ki se
            izvaja v madžarskem jeziku,4. kemijski tehnik/kemijska tehtnica (DV), ki se izvaja v madžarskem jeziku.
        </article-text>
        <article-text-transliterated>Javni razpis za šolsko leto 2018/2019 je objavljen. Na voljo je 1.000 štipendij »za
            izobraževanje na ravneh izobraževanja in področjih, opredeljenih v Politiki štipendiranja 2015 – 2019, in
            sicer od šolskega leta 2018/2019 do zaključka izobraževalnega programa«, so sporočili z ministrstva za delo,
            družino, socialne zadeve in enake možnosti.

            Vlogo za dodelitev štipendije je mogoče vložiti na predpisanem obrazcu pri Javnem štipendijskem, razvojnem,
            invalidskem in preživninskem skladu Republike Slovenije.

            Le s kadrovsko ne
            Višina mesečne štipendije za deficitarne poklice znaša 100 evrov, prejemati pa jo je mogoče z vsemi
            štipendijami, razen s kadrovsko. Namen štipendij je »zagotavljanje ustreznega kadra na trg dela glede na
            povpraševanje delodajalcev, spodbujanje vpisa na vrste in področja izobraževanja, ki pospešujejo gospodarski
            razvoj in izboljšujejo zaposljivost ter tiste, za katere ni dovolj zanimanja ter promocija poklicnega in
            strokovnega izobraževanja«, so o štipendijah povedali na ministrstvu.
            Javni razpis sofinancirata država in Evropska unija iz sredstev Evropskega socialnega sklada. Skupna
            razpisana vrednost sredstev znaša največ 3.600.000 evrov.

            Javni razpis je objavljen na tem naslovu.

            Rok za oddajo začne teči 15. junija letos, izteče se 20. septembra.
            Letošnji nabor deficitarnih poklicev:
            1. kamnosek2. mehatronik operater3. izdelovalec/izdelovalka kovinskih konstrukcij4. inštalater/inštalaterka
            strojnih inštalacij5. oblikovalec kovin orodjar/orodjarka6. elektrikar/električarka7.
            avtokaroserist/avtokaroseristka8. pek/pekarka9. slaščičar/slaščičarka10. mesar/mesarka11.
            tapetnik/tapetničarka12. mizar/mizarka13. zidar/zidarka14. tesar/tesarka15. klepar-krovec/kleparka-krovka16.
            izvajalec/izvajalka suhomontažne gradnje17. slikopleskar-črkoslikar/slikopleskarka-črkoslikarka18. pečar–
            polagalec keramičnih oblog / pečarka-polagalka keramičnih oblog19. gozdar/gozdarka20. dimnikar/dimnikarka21.
            steklar/steklarka
            Dvojezični izobraževalni programi:
            1. ekonomski tehnik/ekonomska tehtnica (IS), ki se izvaja v italijanskem jeziku,2. mehatronik
            operater/operaterka (DV), ki se izvaja v madžarskem jeziku,3. strojni tehnik/strojna tehtnica (DV), ki se
            izvaja v madžarskem jeziku,4. kemijski tehnik/kemijska tehtnica (DV), ki se izvaja v madžarskem jeziku.
        </article-text-transliterated>
    </article>
    <comments>
        <comments-count>0</comments-count>
        <comment-list/>
    </comments>
</document>