<document global-id="si-05-1132">
    <url>https://novice.svet24.si/clanek/novice/svet/5bd9f4894b0ac/po-znanju-anglescine-smo-v-samem-vrhu</url>
    <source-id>si-05</source-id>
    <local-id>1132</local-id>
    <source-name>Svet24</source-name>
    <article>
        <article-title>Po znanju angleščine smo v samem vrhu</article-title>
        <article-title-transliterated>Po znanju angleščine smo v samem vrhu</article-title-transliterated>
        <article-time>2018-10-31</article-time>
        <article-author>STA/B.K.</article-author>
        <article-text>Slovenija po znanju angleškega jezika zaseda deveto mesto med 88 državami in regijami na svetu,
            kaže mednarodna raziskava podjetja EF Education First. Raven znanja angleščine med Slovenci je zelo visoka,
            so še ugotovili v raziskavi. Na prvem mestu je Švedska, sledita pa ji Nizozemska in Singapur.
            Poleg Slovenije je na zelo visoki ravni samo še znanje prebivalcev 11 držav in regij na svetu. Ta raven v
            skupnem evropskem referenčnem okviru za jezike ustreza ravni B2.
            V raziskavi so ugotovili še, da Evropa v znanju angleščine ostaja vodilna. Osem mest v prvi deseterici
            namreč zasedajo evropske države, piše na spletni strani podjetja, ki se na globalni ravni ukvarja s
            poučevanjem jezikov in drugih področij.
            Afrika je medtem letos v primerjavi z lansko raziskavo najbolj napredovala pri znanju angleškega jezika.
            Latinska Amerika pa je edina regija, kjer je raven znanja na splošno nekoliko upadla.
            Med ključnimi ugotovitvami letošnje raziskave je tudi ta, da je znanje žensk še vedno na višji ravni kot
            znanje moških. Ta razkorak se od leta 2016 povečuje.
            "Naša raziskava kaže, da države in posamezniki še naprej vlagajo v poučevanje angleščine, pri čemer
            prepoznavajo pomen jezika kot vzvoda za konkurenčnost," je povedal predstavnik podjetja Minh N. Tran.
            V raziskavi je sodelovalo 1,3 milijona ljudi, katerih materni jezik ni angleščina. Uporabili so poseben
            standardiziran test.
        </article-text>
        <article-text-transliterated>Slovenija po znanju angleškega jezika zaseda deveto mesto med 88 državami in
            regijami na svetu, kaže mednarodna raziskava podjetja EF Education First. Raven znanja angleščine med
            Slovenci je zelo visoka, so še ugotovili v raziskavi. Na prvem mestu je Švedska, sledita pa ji Nizozemska in
            Singapur.
            Poleg Slovenije je na zelo visoki ravni samo še znanje prebivalcev 11 držav in regij na svetu. Ta raven v
            skupnem evropskem referenčnem okviru za jezike ustreza ravni B2.
            V raziskavi so ugotovili še, da Evropa v znanju angleščine ostaja vodilna. Osem mest v prvi deseterici
            namreč zasedajo evropske države, piše na spletni strani podjetja, ki se na globalni ravni ukvarja s
            poučevanjem jezikov in drugih področij.
            Afrika je medtem letos v primerjavi z lansko raziskavo najbolj napredovala pri znanju angleškega jezika.
            Latinska Amerika pa je edina regija, kjer je raven znanja na splošno nekoliko upadla.
            Med ključnimi ugotovitvami letošnje raziskave je tudi ta, da je znanje žensk še vedno na višji ravni kot
            znanje moških. Ta razkorak se od leta 2016 povečuje.
            "Naša raziskava kaže, da države in posamezniki še naprej vlagajo v poučevanje angleščine, pri čemer
            prepoznavajo pomen jezika kot vzvoda za konkurenčnost," je povedal predstavnik podjetja Minh N. Tran.
            V raziskavi je sodelovalo 1,3 milijona ljudi, katerih materni jezik ni angleščina. Uporabili so poseben
            standardiziran test.
        </article-text-transliterated>
    </article>
    <comments>
        <comments-count>1</comments-count>
        <comment-list>
            <comment comment-id="1">
                <comment-parent-id>,</comment-parent-id>
                <comment-text>Mi se prilagodimo vsem.Tujci pa ko pridejo k nam živet,pa kar v svojem jeziku,ne vsi in
                    izobraženi,ampak iz Italije,pri nas bi morali za tiste ki pridejo za stalno da obvladajo vsaj osnovo
                    slov.jezika ne da moramo mi govoriti njihov jezik.
                </comment-text>
                <comment-text-transliterated>Mi se prilagodimo vsem.Tujci pa ko pridejo k nam živet,pa kar v svojem
                    jeziku,ne vsi in izobraženi,ampak iz Italije,pri nas bi morali za tiste ki pridejo za stalno da
                    obvladajo vsaj osnovo slov.jezika ne da moramo mi govoriti njihov jezik.
                </comment-text-transliterated>
            </comment>
        </comment-list>
    </comments>
</document>