<?xml version="1.0" encoding="utf-8"?>
<document global-id="si-05-1323">
	<url>https://novice.svet24.si//clanek/zanimivosti/5cebd0ba37c7b/sem-seksi-in-imam-odprto-srce</url>
	<source-id>si-05</source-id>
	<local-id>1323</local-id>
	<source-name>Svet24</source-name>
	<article>
		<article-title>Sem seksi in imam odprto srce</article-title>
		<article-title-transliterated>Sem seksi in imam odprto srce</article-title-transliterated>
		<article-time>2019-06-25</article-time>
		<article-author>Alenka Cevc / revija Zarja</article-author>
		<article-text>Včasih je bila ranjen otrok in življenje jo je skušalo na vse mogoče načine; med drugim je bila celo gradbenica v Franciji in skupaj s takratnim partnerjem vodila 30 ljudi v eni od najbolj moških gospodarskih panog. Morala je biti močna kot skala, da jo, vso krhko in nežno, »dedi« niso požrli! Bila so obdobja v njenem življenju, ko je bila zaradi strupenih odnosov revna kot cerkvena miš ali zdrobljena kot avtomobilsko steklo. Pa je preživela! In ne samo to, danes življenje zares živi in ne samo preživlja. Je ena najbolj strastnih ljudi, ki so mi v življenju prišli na pot. Ženska, ki žari! Njena notranja svetloba je tako močna, da si morajo občutljivejši ljudje natakniti sončna očala. No, tole je zapisano malce za šalo, kar pa tudi sodi k Mei, saj se glasno in rada smeji – tudi sebi.
Mea se je rodila kot Metka Peserl v intelektualno družino. Njen prastric je bil Angelo Cerkvenik, ki je napisal eno najlepših mladinskih povesti z naslovom Ovčar Runo. V rodbini je bilo znanje visoko na seznamu vrednot. Do znanja pa prideš samo s pridnostjo. Metka je bila dobra učenka in je vrednote, ki so ji jih vcepljali kot punčki, tudi ponotranjila, marsikaj pa je morala seveda narediti tudi po svoje.  
Travma, ki jo zaznamuje
Ko je bila stara tri leta, ji je v prometni nesreči umrl oče, česar pa ji doma niso povedali. Ko je deklič spraševal po njem, so ji odgovarjali, da je v službi, saj je niso želeli prizadeti z resnico, bili so prepričani, da je premajhna, da bi razumela. »Ta travma je vplivala na velik del mojega življenja. Do konca tridesetih let sem čutila  v sebi neko neopredeljeno žalost in praznino. Očetova smrt oziroma prikrivanje, da je umrl, v resnici pa nikoli več ni prišel domov, sta bistveno zaznamovala moje doživljanje sveta in odnosov. Šele v osnovni šoli sem dojela, da je oče mrtev, vendar sem ga na podzavestni ravni še do pred kratkim pričakovala!«
Rasla je v prilagodljivo, a tudi svojeglavo dekle. Njen dedek, častni meščan Maribora in spoštovan zdravnik Davorin Valenti, je v njenem življenju prevzel očetovski lik in jo usmeril v humanitarne vode. Še pri svojih 90 letih je recitiral Odisejado v grščini. Zato ne čudi, da je bila deklica zelo nadarjena za tuje jezike in se je s strastjo učila tudi latinščino.
Revija ZarjaMea in Simon. Njen zaklad.
Od ateistke do harekrišnovke
Metka si je že v srednji šoli začela zastavljati vprašanja o smislu življenja, kar je postalo rdeča nit njene duhovne poti.
Zaradi družinskega ozadja se je odločila za študij slovenistike in ga opravljala zlahka. Bolj so jo zanimala vprašanja o tem, kdo sploh je in zakaj obstaja, o čemer pa se v šoli niso učili. Pri dvajsetih je odgovore dobila pri jogi bhakti, postala je članica gibanja Hare Krišna in s tem presegla ateizem. Sčasoma je dojela, da Bog ne samo obstaja (seveda zunaj običajnih konceptov), ampak da lahko z njim tudi razvija zelo oseben odnos. »Tri leta sem živela strogo po načelih joge bhakti, poročila sem se in živela življenje predane članice,« pripoveduje in ne skriva, da se je tudi raziskovanja svoje notranjosti in povezovanja z Bogom lotila z vso vnemo in strastjo, ki jo je premogla.
Razkritja na Piramidi
Metka, takrat so jo klicali Madhu, tudi globoko v duhovnih vodah v sebi ni bila iskreno zadovoljna. V njej se je nekaj dokončno prelomilo in prebudilo med vsakodnevno hojo po mariborski Piramidi. »Goreče sem prosila boga, naj mi pokaže pravo pot k sebi in njemu, pa čeprav bi to pomenilo zapustiti organizacijo. Bilo me je groza, saj sem bila vedno častna oseba, odhod pa bi pomenil kršitev svetih obljub Krišni in guruju! Toda iskrena molitev je vedno uslišana – nekega dne na vrhu Piramide mi je dal dovolj močno čutiti, da lahko grem po svoje in da bo vedno z menoj. Odločila sem se zaupati temu glasu in svojemu srcu ter zapustila ukalupljeno življenje. Alarm je sprožilo spoznanje, do katerega sem prišla tudi s pomočjo Nare Petroviča, s katerim sva nekaj let po tem živela skupaj: nobena duhovnost mi ne bo pomagala do notranjega miru in sreče, dokler ne predelam potlačenih čustev in nezavednega v sebi! S pomočjo vedskega znanja sem spisala magisterij o duhovnosti v literaturi in po dveh letih odšla na romanje za svojim bistvom v Južno Ameriko. Sama.«
Rodila se je Popotnica
ipromZone(1525);Mehika, Kostarika, Ekvador, Peru. Vse te države je Mea prepotovala sama. Orala je po sebi in ugotovila, da je polna konceptov. »Dojela sem, da tisto, kar sem v resnici jaz, sploh ni ubesedljivo.« Med tem enoletnim potovanjem je ugotovila, da ko človek najde sebe, tudi drugi začutijo njegovo pristnost. »Nekatere ljudi s tem ogrožaš, druge pa opogumiš,« je njena izkušnja. »Med tem enoletnim potovanjem sem delala vse, česar prej nisem poznala in kar sem morda celo obsojala zaradi napačnih prepričanj. Najbolj skrajno dejanje je bilo morda to, da sem se udeleževala svetih obredov s halucinogenimi rastlinami, kar je bila ena boljših potez, saj se je odprlo neskončno novih predalov mojih možganov, srca in zavedanja. Od takrat se mi materialna stvarnost zdi dokončno neprepričljiva, saj sem vstopila v zakulisje sveta in tam ostala. Postala sem občutljiva tudi zase, začela sem se zaznavati; prvič v življenju sem čutila skozi svoje srce,« opisuje svojo pot do sebe.
Bor
Za dlje se je ustalila v Mehiki, tam se je zelo uspešno preživljala kot refleksoterapevtka. Med tem časom je v Sloveniji izšla njena magistrska naloga Besede o neubesedljivem, zaradi česar se je vrnila v Slovenijo. In ostala. To je bil čas, ko se ji je zgodila najlepša stvar v življenju – postala je mama sinu Boru. »Materinstvo je zelo močna izkušnja. Začela sem se spoznavati na popolnoma nov način. Predala sem se z vsem srcem,« Mea nežno govori o sinu, pa tudi o razočaranju ob razpadu iluzij s koncem partnerske zveze in novi, močni življenjski izkušnji.
Po razpadu zveze z Borovim očetom je ostala brez vsega. Brez vsega pomeni brez materialnih dobrin, sebe k sreči ni izgubila. Stavila je na svojo srečno zvezdo, izrazila svoj največji talent in spisala ter v samozaložbi izdala knjigo Uglašena, v kateri je ubesedila južnoameriške dogodivščine, s katerimi prebuja v bralcih strast do potovanj in življenja. »Res je, da na pot vedno neseš sebe s seboj, spoznaš pa se v drugih okoliščinah in razvijaš drug, neodkriti del sebe.« 
V ta čas sodi tudi sprememba imena, postala je Mea Valens. »Vse manj sem se počutila kot Metka Peserl. Želela sem prerasti Metko, ranjeno deklico, Peserl pa je bil predvsem priimek na pokopališču in sinonim za morje žalosti,« razkrije vzroke za spremembo imena in priimka v Mea Valens. »Seveda se s tem nisem mogla izmakniti zdravljenju notranjega otroka, je pa pomenilo zavestno izbiro, da postanem Moja Pogumna, kar Mea Valens pomeni po latinsko.«
Njeno razumevanje prihaja iz izkušenj
Dve leti je Mea preživela tudi v Franciji, tam se je skupaj s takratnim partnerjem ukvarjala z velikimi gradbenimi projekti. »Čeprav sem umetniški tip, sem se zavestno lotila tega posla. Šla sem v prah in kovino, ukvarjala sem se s poslom. Spet sem spoznavala popolnoma nov svet, ki je čisto nasprotje moji duši, ob tem pa izpustila mnogo strahu, ki me je hromil.« Zdelo se ji je pošteno, da kot duhovna popotnica temeljito spozna tudi materialne strani družbe, in to ji je več kot uspelo.
Kasneje se je vrnila v svojo branžo in Sloveniji predavala o kvantno-fizični metodi sanjskega dnevnika, ki učinkovito podpre ljudi pri uresničevanju srčnih želja. »Ljudje smo v bistvu elektromagnetno valovanje. Od tega je električno valovanje miselna, možganska aktivnost. Kadar pa spregovori srce, aktiviramo magnetno polje, in tu se začne čarovnija. No, kvantno-fizične metode razvijajo in uglašujejo oboje.«
Hvaležna
V prav posebni hiški na vrhu hriba nad Bresternico je prijetno toplo. Nekaj zaradi zakurjene peči, v veliki meri pa zaradi odnosov med tistimi, ki živijo v njej. Mea pravi, da ima končno partnerstvo, ki jo izpolnjuje. Temu pritrdi tudi Simon, njen partner. Med njima vlada občutna sloga. »Pot do sem je bila trnova. Brez mojega psihoanalitika Damijana Severja mi verjetno ne bi uspelo. Zavzel je zdravilno vlogo 'nadomestnega očeta' in jo upravičil, kar je bistvo zdravega terapevtskega odnosa. Najbolj sem napredovala z njegovo metodo filmopsihoanalize, ki jo uspešno uporablja pri delu z otrokom v nas,« pripiše zasluge svojemu psihoterapevtu, hkrati pa ve, da je najtežje delo kljub vsemu morala opraviti sama.
Mea se je v zadnjem času posvetila  fraktalni metodi, s katero lahko z risanjem in barvanjem preobražamo nezavedne vzorce in oživimo notranje svetove, piše pa tudi knjigo o dogajanju zadnjih let. »To bo zgodba o tem, kako sem postala ženska, ki je lahko srečala ljubezen svojega življenja.« Mea začini to svojo ljubezensko zgodbo s stavkom: »Plešem, imam odprto srce, sem seksi in sem ljubezen njegovega življenja! Sem pa 'težka'.« Ob tem se poredno nasmeje in malce nagajivo pogleduje proti »svojemu« Simonu.
Mila in hkrati zelo odločna ženska predava tudi o tem, kako so praktično prepleteni naši materialni, duhovni in duševni svetovi. Črpa kar iz svojega življenja. Nama s fotografinjo Matejo je bilo malce težko zapustiti Mein svet. »Ker je tak fajn, a ne,« je rekla čisto po štajersko. Bo kar držalo!
Več zanimivih vsebin si preberite v novi izdaji revije Zarja.
zarja 26, 24. 6. 2019zarja 26, 24. 6. 2019</article-text>
		<article-text-transliterated>Včasih je bila ranjen otrok in življenje jo je skušalo na vse mogoče načine; med drugim je bila celo gradbenica v Franciji in skupaj s takratnim partnerjem vodila 30 ljudi v eni od najbolj moških gospodarskih panog. Morala je biti močna kot skala, da jo, vso krhko in nežno, »dedi« niso požrli! Bila so obdobja v njenem življenju, ko je bila zaradi strupenih odnosov revna kot cerkvena miš ali zdrobljena kot avtomobilsko steklo. Pa je preživela! In ne samo to, danes življenje zares živi in ne samo preživlja. Je ena najbolj strastnih ljudi, ki so mi v življenju prišli na pot. Ženska, ki žari! Njena notranja svetloba je tako močna, da si morajo občutljivejši ljudje natakniti sončna očala. No, tole je zapisano malce za šalo, kar pa tudi sodi k Mei, saj se glasno in rada smeji – tudi sebi.
Mea se je rodila kot Metka Peserl v intelektualno družino. Njen prastric je bil Angelo Cerkvenik, ki je napisal eno najlepših mladinskih povesti z naslovom Ovčar Runo. V rodbini je bilo znanje visoko na seznamu vrednot. Do znanja pa prideš samo s pridnostjo. Metka je bila dobra učenka in je vrednote, ki so ji jih vcepljali kot punčki, tudi ponotranjila, marsikaj pa je morala seveda narediti tudi po svoje.  
Travma, ki jo zaznamuje
Ko je bila stara tri leta, ji je v prometni nesreči umrl oče, česar pa ji doma niso povedali. Ko je deklič spraševal po njem, so ji odgovarjali, da je v službi, saj je niso želeli prizadeti z resnico, bili so prepričani, da je premajhna, da bi razumela. »Ta travma je vplivala na velik del mojega življenja. Do konca tridesetih let sem čutila  v sebi neko neopredeljeno žalost in praznino. Očetova smrt oziroma prikrivanje, da je umrl, v resnici pa nikoli več ni prišel domov, sta bistveno zaznamovala moje doživljanje sveta in odnosov. Šele v osnovni šoli sem dojela, da je oče mrtev, vendar sem ga na podzavestni ravni še do pred kratkim pričakovala!«
Rasla je v prilagodljivo, a tudi svojeglavo dekle. Njen dedek, častni meščan Maribora in spoštovan zdravnik Davorin Valenti, je v njenem življenju prevzel očetovski lik in jo usmeril v humanitarne vode. Še pri svojih 90 letih je recitiral Odisejado v grščini. Zato ne čudi, da je bila deklica zelo nadarjena za tuje jezike in se je s strastjo učila tudi latinščino.
Revija ZarjaMea in Simon. Njen zaklad.
Od ateistke do harekrišnovke
Metka si je že v srednji šoli začela zastavljati vprašanja o smislu življenja, kar je postalo rdeča nit njene duhovne poti.
Zaradi družinskega ozadja se je odločila za študij slovenistike in ga opravljala zlahka. Bolj so jo zanimala vprašanja o tem, kdo sploh je in zakaj obstaja, o čemer pa se v šoli niso učili. Pri dvajsetih je odgovore dobila pri jogi bhakti, postala je članica gibanja Hare Krišna in s tem presegla ateizem. Sčasoma je dojela, da Bog ne samo obstaja (seveda zunaj običajnih konceptov), ampak da lahko z njim tudi razvija zelo oseben odnos. »Tri leta sem živela strogo po načelih joge bhakti, poročila sem se in živela življenje predane članice,« pripoveduje in ne skriva, da se je tudi raziskovanja svoje notranjosti in povezovanja z Bogom lotila z vso vnemo in strastjo, ki jo je premogla.
Razkritja na Piramidi
Metka, takrat so jo klicali Madhu, tudi globoko v duhovnih vodah v sebi ni bila iskreno zadovoljna. V njej se je nekaj dokončno prelomilo in prebudilo med vsakodnevno hojo po mariborski Piramidi. »Goreče sem prosila boga, naj mi pokaže pravo pot k sebi in njemu, pa čeprav bi to pomenilo zapustiti organizacijo. Bilo me je groza, saj sem bila vedno častna oseba, odhod pa bi pomenil kršitev svetih obljub Krišni in guruju! Toda iskrena molitev je vedno uslišana – nekega dne na vrhu Piramide mi je dal dovolj močno čutiti, da lahko grem po svoje in da bo vedno z menoj. Odločila sem se zaupati temu glasu in svojemu srcu ter zapustila ukalupljeno življenje. Alarm je sprožilo spoznanje, do katerega sem prišla tudi s pomočjo Nare Petroviča, s katerim sva nekaj let po tem živela skupaj: nobena duhovnost mi ne bo pomagala do notranjega miru in sreče, dokler ne predelam potlačenih čustev in nezavednega v sebi! S pomočjo vedskega znanja sem spisala magisterij o duhovnosti v literaturi in po dveh letih odšla na romanje za svojim bistvom v Južno Ameriko. Sama.«
Rodila se je Popotnica
ipromZone(1525);Mehika, Kostarika, Ekvador, Peru. Vse te države je Mea prepotovala sama. Orala je po sebi in ugotovila, da je polna konceptov. »Dojela sem, da tisto, kar sem v resnici jaz, sploh ni ubesedljivo.« Med tem enoletnim potovanjem je ugotovila, da ko človek najde sebe, tudi drugi začutijo njegovo pristnost. »Nekatere ljudi s tem ogrožaš, druge pa opogumiš,« je njena izkušnja. »Med tem enoletnim potovanjem sem delala vse, česar prej nisem poznala in kar sem morda celo obsojala zaradi napačnih prepričanj. Najbolj skrajno dejanje je bilo morda to, da sem se udeleževala svetih obredov s halucinogenimi rastlinami, kar je bila ena boljših potez, saj se je odprlo neskončno novih predalov mojih možganov, srca in zavedanja. Od takrat se mi materialna stvarnost zdi dokončno neprepričljiva, saj sem vstopila v zakulisje sveta in tam ostala. Postala sem občutljiva tudi zase, začela sem se zaznavati; prvič v življenju sem čutila skozi svoje srce,« opisuje svojo pot do sebe.
Bor
Za dlje se je ustalila v Mehiki, tam se je zelo uspešno preživljala kot refleksoterapevtka. Med tem časom je v Sloveniji izšla njena magistrska naloga Besede o neubesedljivem, zaradi česar se je vrnila v Slovenijo. In ostala. To je bil čas, ko se ji je zgodila najlepša stvar v življenju – postala je mama sinu Boru. »Materinstvo je zelo močna izkušnja. Začela sem se spoznavati na popolnoma nov način. Predala sem se z vsem srcem,« Mea nežno govori o sinu, pa tudi o razočaranju ob razpadu iluzij s koncem partnerske zveze in novi, močni življenjski izkušnji.
Po razpadu zveze z Borovim očetom je ostala brez vsega. Brez vsega pomeni brez materialnih dobrin, sebe k sreči ni izgubila. Stavila je na svojo srečno zvezdo, izrazila svoj največji talent in spisala ter v samozaložbi izdala knjigo Uglašena, v kateri je ubesedila južnoameriške dogodivščine, s katerimi prebuja v bralcih strast do potovanj in življenja. »Res je, da na pot vedno neseš sebe s seboj, spoznaš pa se v drugih okoliščinah in razvijaš drug, neodkriti del sebe.« 
V ta čas sodi tudi sprememba imena, postala je Mea Valens. »Vse manj sem se počutila kot Metka Peserl. Želela sem prerasti Metko, ranjeno deklico, Peserl pa je bil predvsem priimek na pokopališču in sinonim za morje žalosti,« razkrije vzroke za spremembo imena in priimka v Mea Valens. »Seveda se s tem nisem mogla izmakniti zdravljenju notranjega otroka, je pa pomenilo zavestno izbiro, da postanem Moja Pogumna, kar Mea Valens pomeni po latinsko.«
Njeno razumevanje prihaja iz izkušenj
Dve leti je Mea preživela tudi v Franciji, tam se je skupaj s takratnim partnerjem ukvarjala z velikimi gradbenimi projekti. »Čeprav sem umetniški tip, sem se zavestno lotila tega posla. Šla sem v prah in kovino, ukvarjala sem se s poslom. Spet sem spoznavala popolnoma nov svet, ki je čisto nasprotje moji duši, ob tem pa izpustila mnogo strahu, ki me je hromil.« Zdelo se ji je pošteno, da kot duhovna popotnica temeljito spozna tudi materialne strani družbe, in to ji je več kot uspelo.
Kasneje se je vrnila v svojo branžo in Sloveniji predavala o kvantno-fizični metodi sanjskega dnevnika, ki učinkovito podpre ljudi pri uresničevanju srčnih želja. »Ljudje smo v bistvu elektromagnetno valovanje. Od tega je električno valovanje miselna, možganska aktivnost. Kadar pa spregovori srce, aktiviramo magnetno polje, in tu se začne čarovnija. No, kvantno-fizične metode razvijajo in uglašujejo oboje.«
Hvaležna
V prav posebni hiški na vrhu hriba nad Bresternico je prijetno toplo. Nekaj zaradi zakurjene peči, v veliki meri pa zaradi odnosov med tistimi, ki živijo v njej. Mea pravi, da ima končno partnerstvo, ki jo izpolnjuje. Temu pritrdi tudi Simon, njen partner. Med njima vlada občutna sloga. »Pot do sem je bila trnova. Brez mojega psihoanalitika Damijana Severja mi verjetno ne bi uspelo. Zavzel je zdravilno vlogo 'nadomestnega očeta' in jo upravičil, kar je bistvo zdravega terapevtskega odnosa. Najbolj sem napredovala z njegovo metodo filmopsihoanalize, ki jo uspešno uporablja pri delu z otrokom v nas,« pripiše zasluge svojemu psihoterapevtu, hkrati pa ve, da je najtežje delo kljub vsemu morala opraviti sama.
Mea se je v zadnjem času posvetila  fraktalni metodi, s katero lahko z risanjem in barvanjem preobražamo nezavedne vzorce in oživimo notranje svetove, piše pa tudi knjigo o dogajanju zadnjih let. »To bo zgodba o tem, kako sem postala ženska, ki je lahko srečala ljubezen svojega življenja.« Mea začini to svojo ljubezensko zgodbo s stavkom: »Plešem, imam odprto srce, sem seksi in sem ljubezen njegovega življenja! Sem pa 'težka'.« Ob tem se poredno nasmeje in malce nagajivo pogleduje proti »svojemu« Simonu.
Mila in hkrati zelo odločna ženska predava tudi o tem, kako so praktično prepleteni naši materialni, duhovni in duševni svetovi. Črpa kar iz svojega življenja. Nama s fotografinjo Matejo je bilo malce težko zapustiti Mein svet. »Ker je tak fajn, a ne,« je rekla čisto po štajersko. Bo kar držalo!
Več zanimivih vsebin si preberite v novi izdaji revije Zarja.
zarja 26, 24. 6. 2019zarja 26, 24. 6. 2019</article-text-transliterated>
	</article>
	<comments>
		<comments-count>0</comments-count>
		<comments-list/>
	</comments>
</document>
