<?xml version="1.0" encoding="utf-8"?>
<document global-id="si-05-1392">
	<url>https://novice.svet24.si//clanek/novice/kultura/5544d79684cd3/slovo-slavne-pisateljice-kriminalk</url>
	<source-id>si-05</source-id>
	<local-id>1392</local-id>
	<source-name>Svet24</source-name>
	<article>
		<article-title>Slovo slavne pisateljice kriminalk</article-title>
		<article-title-transliterated>Slovo slavne pisateljice kriminalk</article-title-transliterated>
		<article-time>2015-05-02</article-time>
		<article-author>STA/G.G.</article-author>
		<article-text>Rendellovo je januarja prizadela kap in je bila od takrat hospitalizirana v kritičnem stanju.
Rendellova je znana po svojih kriminalnih romanih, med drugim z inšpektorjem Reginaldom Wexfordom kot glavno osebo. &quot;Izguba naše najbolj priljubljene avtorice nas je zelo pretresla.&quot; so sporočili njeni založniki.
Njena dela so prevedena v 25 jezikov, tudi slovenščino. Ustvarjala je pod psevdonimom Barbara Vine in pod svojim lastnim imenom. Napisala je več kot 60 kriminalk in psiholoških trilerjev ter prejela več literarnih nagrad. Po številnih njenih romanih so posneli filme.
Inšpektorja Wexforda, ki se je pojavil v njenem prvem romanu From Doon with Death, je &quot;upokojila&quot; v enem od novejših romanov The Valut iz leta 2011. Kljub temu je nadaljevala s pisanjem in zadnjo knjigo, naslovljeno The Girl Next Door, objavila lani.
Kot predstavnica Laburistične stranke je bila od leta 1997 tudi članica zgornjega doma britanskega parlamenta. Živela je v Londonu.</article-text>
		<article-text-transliterated>Rendellovo je januarja prizadela kap in je bila od takrat hospitalizirana v kritičnem stanju.
Rendellova je znana po svojih kriminalnih romanih, med drugim z inšpektorjem Reginaldom Wexfordom kot glavno osebo. &quot;Izguba naše najbolj priljubljene avtorice nas je zelo pretresla.&quot; so sporočili njeni založniki.
Njena dela so prevedena v 25 jezikov, tudi slovenščino. Ustvarjala je pod psevdonimom Barbara Vine in pod svojim lastnim imenom. Napisala je več kot 60 kriminalk in psiholoških trilerjev ter prejela več literarnih nagrad. Po številnih njenih romanih so posneli filme.
Inšpektorja Wexforda, ki se je pojavil v njenem prvem romanu From Doon with Death, je &quot;upokojila&quot; v enem od novejših romanov The Valut iz leta 2011. Kljub temu je nadaljevala s pisanjem in zadnjo knjigo, naslovljeno The Girl Next Door, objavila lani.
Kot predstavnica Laburistične stranke je bila od leta 1997 tudi članica zgornjega doma britanskega parlamenta. Živela je v Londonu.</article-text-transliterated>
	</article>
	<comments>
		<comments-count>0</comments-count>
		<comments-list/>
	</comments>
</document>
