<?xml version="1.0" encoding="utf-8"?>
<document global-id="si-05-1087">
	<url>https://novice.svet24.si//clanek/novice/svet/5bec631d14f9d/papez-francisek-opravljati-pomeni-ubijati</url>
	<source-id>si-05</source-id>
	<local-id>1087</local-id>
	<source-name>Svet24</source-name>
	<article>
		<article-title>Papež Frančišek: Opravljati pomeni ubijati</article-title>
		<article-title-transliterated>Papež Frančišek: Opravljati pomeni ubijati</article-title-transliterated>
		<article-time>2018-11-14</article-time>
		<article-author>J.P.</article-author>
		<article-text>Papež Frančišek je danes govorice označil za obliko terorizma. »Vsi živimo s komuniciranjem in smo nenehno na robu med resnico in lažmi,« je opozoril danes zbrane na Trgu sv. Petra in dejal, da govorice ubijajo, ker »jezik ubija kot nož«.
Kot bombe
Tiste, ki jih širijo, je označil za teroriste. »Opravljivci so teroristi, ker s svojimi jeziki mečejo bombe in nato odidejo, njihove bombe pa vsepovsod uničujejo slovese,« je poudaril in ponovil: »Ne pozabite: opravljati pomeni ubijati.« 
To ni prvič, da se je papež Frančišek obregnil ob govorice – v preteklosti je medije pozval, naj se ubranijo lažnih novic in se posvetijo iskanju resnice.</article-text>
		<article-text-transliterated>Papež Frančišek je danes govorice označil za obliko terorizma. »Vsi živimo s komuniciranjem in smo nenehno na robu med resnico in lažmi,« je opozoril danes zbrane na Trgu sv. Petra in dejal, da govorice ubijajo, ker »jezik ubija kot nož«.
Kot bombe
Tiste, ki jih širijo, je označil za teroriste. »Opravljivci so teroristi, ker s svojimi jeziki mečejo bombe in nato odidejo, njihove bombe pa vsepovsod uničujejo slovese,« je poudaril in ponovil: »Ne pozabite: opravljati pomeni ubijati.« 
To ni prvič, da se je papež Frančišek obregnil ob govorice – v preteklosti je medije pozval, naj se ubranijo lažnih novic in se posvetijo iskanju resnice.</article-text-transliterated>
	</article>
	<comments>
		<comments-count>2</comments-count>
		<comments-list>
			<comment comment-id="1">
				<comment-parent-id>,</comment-parent-id>
				<comment-text>Bravo papež pa še kako res drži kar si rekel,samo mislim,da najbolj otresajo ravno tisti,kki se imajo za tako popolne vernike in zgledne in sedijo v prvih vrstah ali pa zadnjih,da imajo razgled nad celotnim dogajanjem in potem otresajo z jezikom,ki ubija kot nož kakor si rekel mdobro napisano NE POZABITE OPRAVLJATI POMENI UBIJATI-</comment-text>
				<comment-text-transliterated>Bravo papež pa še kako res drži kar si rekel,samo mislim,da najbolj otresajo ravno tisti,kki se imajo za tako popolne vernike in zgledne in sedijo v prvih vrstah ali pa zadnjih,da imajo razgled nad celotnim dogajanjem in potem otresajo z jezikom,ki ubija kot nož kakor si rekel mdobro napisano NE POZABITE OPRAVLJATI POMENI UBIJATI-</comment-text-transliterated>
			</comment>
			<comment comment-id="2">
				<comment-parent-id>,</comment-parent-id>
				<comment-text>Če se piše in govori o pedofiliji, ki jo prakticira cerkev je to terorizem, čeprav so prisotne oškodovane priče,na voljo slike in izvidi iz bolnice !!!!!. papež tega ne vidi, ne sliši in označuje za terorizem!!!!</comment-text>
				<comment-text-transliterated>Če se piše in govori o pedofiliji, ki jo prakticira cerkev je to terorizem, čeprav so prisotne oškodovane priče,na voljo slike in izvidi iz bolnice !!!!!. papež tega ne vidi, ne sliši in označuje za terorizem!!!!</comment-text-transliterated>
			</comment>
		</comments-list>
	</comments>
</document>
