<?xml version="1.0" encoding="utf-8"?>
<document global-id="si-05-1142">
	<url>https://novice.svet24.si//clanek/zabava/horoskop/5b2104cf8e66b/pogovori-z-bogom-so-navdahnili-nebeskoskop</url>
	<source-id>si-05</source-id>
	<local-id>1142</local-id>
	<source-name>Svet24</source-name>
	<article>
		<article-title>Pogovori z bogom so navdahnili nebeškoskop</article-title>
		<article-title-transliterated>Pogovori z bogom so navdahnili nebeškoskop</article-title-transliterated>
		<article-time>2018-06-16</article-time>
		<article-author>S.N.Č. / Novice Svet24</article-author>
		<article-text>Navdihnila jih je nežna in prelepa energija pričakovanja, saj v njihovo sredo prihaja svetovno znani duhovni učitelj Neale Donald Walsch. Inspiracijo so našli v njegovih knjigah, predvsem tistih najbolj znamenitih, ki v svetu duhovnosti veljajo za ene najbolj kultnih vseh časov – to so Pogovori z Bogom.
Poleg teh modrih besed, ki dajejo misliti in božajo, so za vas pripisali še vaš poletni navdih, ki se odlično dopolnjuje z izjemnimi energijami. 
KOZOROG
V življenju se ti ne pripeti nič, kar ni bilo najprej misel. Misel ne pozna daljave. Misel obkroži svet in prepotuje vesoljstvo hitreje, kot lahko izgovoriš besedo. Misli so kot magneti, ki k tebi privlačijo učinke. Misli so nadvse pretanjena, vendar izjemno močna oblika energije. Zelo težko je odpraviti učinke negativnega mišljenja, ko so se ti že utelesili. Ni nemogoče, vendar je sila težko. Potrebna je nepopisna vera v pozitivno moč vesoljstva – pa naj jo imenuješ Bog, Boginja, negibni gibalec, prvobitna sila ali karkoli že.
Tvoj poletni navdih: »Pozdravi svoje misli in pozdravil se bo tvoj svet. Pozdraviš jih tako, da jih razumeš in poslušaš. Nato pa jim daš pozornost, jih pobožaš in jim daš vse, kar si želijo, da bi čutile mir.«
VODNAR
Iz svojega življenja naredi dar. In vedno pomni: ti si dar! Bodi dar vsakomur, ki vstopi v tvoje življenje, in vsakomur, v čigar življenje vstopiš. Ne vstopaj v življenje drugega, če mu ne moreš biti dar. Dar pa si vselej, saj to tudi vselej si – le da si včasih ne pustiš, da bi se tega zavedal. Kadar kdo nepričakovano vstopi v tvoje življenje, se ozri za darom, ki ga je ta človek prišel prejet od tebe.
Tvoj poletni navdih: »Morda res niso vsa darila zavita v pentljo veselih barv. Nekatere izkušnje so skrita darila, a so to kljub temu. Nekoč, nekje spoznaš ta darila. Le dovoli si še vedno verjeti v ljubezen.«
RIBI
Nikdar ne dajaj pomoči, ki človeku jemlje moč. Pomoči, za katero meniš, da je potrebna, nikdar ne vsiljuj. Naj človek ali ljudje, ki potrebujejo pomoč, izvedo, s čim vsem jim lahko pomagaš – potem pa jim prisluhni, kaj bi radi; poglej, kaj so pripravljeni sprejeti. Mnogi ljudje rečejo ali pa s svojim vedenjem izpričujejo, da si ne žele drugega kot mir. In čeprav se tebi zdi, da jim lahko pomagaš, utegne biti prav to, da jih pustiš pri miru, največji dar.
Tvoj poletni navdih: »Ljubi ljudi. Pomagaj, kadar le lahko. A ta signal pomoči pride v obliki besede. Priprošnje. Tako veš, da so te Nebesa navdihnila, da pomagaš. A vedno najprej pomagaj sebi tako, da ceniš svojo energijo in čas.«
OVEN
Občutki so jezik duše. In tvoja duša je tvoja resnica. Občutki niso ne negativni ne razdiralni. Občutki so resnica. Gre samo za to, kako svojo resnico izraziš. Kadar svojo resnico izraziš z ljubeznijo, se negativni oziroma škodljivi učinki le redko pokažejo, če pa se že, je to zato, ker se je nekdo drug odločil, da bo tvojo resnico dojel kot nekaj negativnega. Precej bolj kot to, kako dobro je kakšno sporočilo sprejeto, je pomembno, kako dobro je poslano (kako dobro ga sporočiš) – kako ljubeče, sočutno, rahločutno, kako pogumno in popolno.
Tvoj poletni navdih: »Tvoji občutki so tvoj napev duše. Dovoli si jih izraziti, ne skrivaj jih v sebi. Odziv z druge strani razkrije vse, kar zate je ali pa več ni.«
BIK
Vsakodnevna meditacija je najboljši način doseganja stanja popolne zavesti (čeprav si buden), s katero dvigneš svojo življenjsko energijo do najvišje čakre. To stanje se imenuje »resnična budnost«. V tem stanju preprosto postoj, se ustavi za trenutek, in tako »si, kjer si« postane pravi trenutek natanko tam, kjer si. Postanek, pa čeprav hipen, je lahko blažen. Razgledaš se naokoli, prav počasi, in opaziš stvari, ki jih do tedaj nisi opazil. Ko si v tem stanju, vdihavaš vonj vseh cvetlic, letiš z vsako ptico, začutiš vsak kamenček pod nogami. Odkriješ lepoto in modrost. Kajti modrost je povsod tam, kjer je lepota. Lepota pa se poraja povsod, iz vseh stvari življenja. Ni ti je treba iskati. Sama bo prišla do tebe.
Tvoj poletni navdih: »Utišaj svet, utišaj um, z meditacijo poiščeš nov pogum in lepote življenja.«
DVOJČEK
ipromZone(1525);Negativnost ni sama po sebi znamenje zadnje resnice, pa čeprav se ti v danem trenutku zdi resnična. Nemara izvira iz neozdravljenega dela tebe. Pravzaprav je vselej tako, zato je pomembno, da se tega otreseš, da negativnost s tem lahko jasno uzreš, da veš, ali ji zares verjameš. Moraš pa biti prepričan, da poslušaš pristna občutja, in ne ponaredka, ki si ga je izmislil tvoj um, misli, ki si nadevajo krinko občutkov in temeljijo na prejšnjih izkušnjah ter na izkušnjah, ki jih opažaš pri drugih. Tvoj odziv nima nič opraviti z resničnostjo, temveč zgolj s tem, kako resničnost zaznavaš, utemeljeno na izkušnjah drugih oziroma na nečem, ker se ti je že nekoč prej zgodilo.
Tvoj poletni navdih: »Preteklost nauči veliko. Včasih prinaša pozitivno in včasih negativno. Lahko je učiteljica ali pa rabelj sreče. Pomiri se z njo. In vse bo zacvetelo.«
RAK
Svet ti lahko ponudi okoliščine, a le sam se odločaš, kaj te okoliščine pomenijo zate. V odsotnosti tistega, kar nisi, tistega, kar si, ni. Brez dobrega ni zla, brez mraza ni vročine, brez zgoraj ni spodaj ... To je resnica vesolja. Vendar pa se ti sam odločaš, kaj je mrzlo, kaj vroče, kar zgoraj in kaj spodaj, kaj je dobro in kaj zlo. In tvoje zamisli o tem se stalno spreminjajo –celo z letnimi časi (na primer: poleti te pri 15 stopinjah zebe, pozimi pa ti je vroče).
Tvoj poletni navdih: »Morda je kdaj res tvoje srce 'zeblo' zaradi osamljenosti in morda je kdaj 'gorelo' v jezi. A zdaj lahko vzameš te izkušnje in narediš iz njih zase popoln letni čas ljubezni.«
LEV
Svojo domišljijo lahko uporabiš za ustvarjanje česarkoli. To pa zato, ker deluje tvoja domišljija v obe smeri – ne le da si energijo razlagaš, tudi ustvarjaš jo. Domišljija je funkcija tvojega uma, v katerem si nekaj zamisliš in to začne dobivati fizično podobo. Bolj ko si nekaj predstavljaš, bolj snovna podoba postaja, vse dokler povišanje ravni energije, ki ji jo dovajaš, ne izbruhne v svetlobo in ne odslika podobe same sebe v to, čemur praviš resničnost. Potem to podobo vidiš in se znova odločiš, kaj je. Zato se ciklus nadaljuje. To je proces. Proces si ti. To je to, kar je Bog. Bog je proces. Si ustvarjalec in ustvarjeno obenem.
Tvoj poletni navdih: »Ti si čudež in čudeže lahko ustvariš. Manifestacija je na tvoji strani. Neguj jo v srcu in deli jo s svetom. Pripravljen je nate. Resnično.«
DEVICA
Življenje je ustvarjanje, ne odkrivanje. Vsak posamezen dan preživiš ne zato, da bi odkril, kaj ti bo prinesel, ampak zato, da bi nekaj ustvaril. Vsako minuto ustvarjaš svojo resničnost, tega pa se najverjetneje sploh ne zavedaš. Nemogoče je misliti, govoriti in delati nekaj, v kar v resnici ne verjameš. Zato mora postopek ustvarjanja vključevati vero ali spoznanje. To je popolna vera. To je onstran upanja. To je spoznanje gotovosti.
Tvoj poletni navdih: »Prisluhni srcu. Kaj resnično verjameš? Svoje življenje oblikuj po odgovoru, ki ga prejmeš – in to je ta pot sreče, ki jo iščeš.«
TEHTNICA
Veseli se vsega, kar ustvarjaš in kar si ustvaril, ter uživaj v tem. Ko bi zavrgel katerikoli del ustvarjenega, bi zavrgel del samega sebe. Karkoli se ti zdaj prikazuje kot del tvoje stvaritve, to priznaj, zahtevaj zase, blagoslavljaj in bodi hvaležen za to. Trudi se, da tega ne bi obsojal, kajti ko bi obsojal, bi obsojal samega sebe. Če spoznaš, da te ta ali oni vidik tvoje stvaritve ne razveseljuje, ga blagoslovi in preprosto spremeni. Odloči se znova. Prikliči novo resničnost. Pomisli novo misel. Izreci nov svet. Stori nekaj novega. Stori to z veličino in preostanek sveta ti bo sledil.
Tvoj poletni navdih: »Včasih potrebuješ le nekaj veselja v sebi, da te veselje najde ... vsepovsod. Kajti ti si vir le-tega.«
ŠKORPIJON
Svoje življenje »zasučeš na bolje« tako, da najprej začneš zelo jasno premišljevati o njem. Premisli, kaj bi rad bil, kaj bi rad storil in kaj bi rad imel. Pogosto razmišljaj o tem, dokler ti ne postane vse zelo jasno. Potem pa, ko ti bo vse zelo jasno, ne razmišljaj o ničemer drugem. Nobenih drugih možnosti si ne predstavljaj. Iz svojih razumskih predstav vrzi vse negativne misli. Otresi se vsakršnega pesimizma. Opusti vse dvome. Zavrni vse bojazni. Discipliniraj svoj razum, da se bo oklenil prvotne ustvarjalne misli.
Tvoj poletni navdih: »Tvoj zasuk življenja je že tukaj. To je ta trenutek. Izbereš ga lahko zdaj. Zasučeš lahko vse, kar poželi tvoje srce.«
STRELEC
Vsak sliši glasbo cvetlic v vetru. Vidi lepoto Nevidnega. Čuti sunke, napone in trzaje življenja. Ve, kdaj je čas za beg in kdaj za počitek, kdaj je čas za smeh in kdaj za jok; kdaj je čas za oprijem in kdaj za slovo. Življenje se giblje v ciklih. Vse je ciklično. Ko to doumeš, lahko lažje uživaš v tem procesu – ne pa da ga zgolj prenašaš. Del veličastnega ritma življenja sta jin in jang. En vidik bitja ni popolnejši od drugega. Oba sta samo to in nič več kot to: vidika. Življenje sledi nekakšnemu naravnemu ritmu in vse se giblje v tem ritmu; vse teče s tokom. Zato je tudi pisano: »Za vse je svoj čas; in čas je za sleherni namen pod nebom.« Moder tisti, ki to razume. Pameten tisti, ki to uporablja.
Tvoj poletni navdih: »Prišel je čas za nov cikel. Veš, kaj se mora spremeniti. Veš, kaj je tvoja vloga pri spreminjanju tega. Ne boj se sprememb. Niso te prišle strašit, prišle so te … obdarovat.«</article-text>
		<article-text-transliterated>Navdihnila jih je nežna in prelepa energija pričakovanja, saj v njihovo sredo prihaja svetovno znani duhovni učitelj Neale Donald Walsch. Inspiracijo so našli v njegovih knjigah, predvsem tistih najbolj znamenitih, ki v svetu duhovnosti veljajo za ene najbolj kultnih vseh časov – to so Pogovori z Bogom.
Poleg teh modrih besed, ki dajejo misliti in božajo, so za vas pripisali še vaš poletni navdih, ki se odlično dopolnjuje z izjemnimi energijami. 
KOZOROG
V življenju se ti ne pripeti nič, kar ni bilo najprej misel. Misel ne pozna daljave. Misel obkroži svet in prepotuje vesoljstvo hitreje, kot lahko izgovoriš besedo. Misli so kot magneti, ki k tebi privlačijo učinke. Misli so nadvse pretanjena, vendar izjemno močna oblika energije. Zelo težko je odpraviti učinke negativnega mišljenja, ko so se ti že utelesili. Ni nemogoče, vendar je sila težko. Potrebna je nepopisna vera v pozitivno moč vesoljstva – pa naj jo imenuješ Bog, Boginja, negibni gibalec, prvobitna sila ali karkoli že.
Tvoj poletni navdih: »Pozdravi svoje misli in pozdravil se bo tvoj svet. Pozdraviš jih tako, da jih razumeš in poslušaš. Nato pa jim daš pozornost, jih pobožaš in jim daš vse, kar si želijo, da bi čutile mir.«
VODNAR
Iz svojega življenja naredi dar. In vedno pomni: ti si dar! Bodi dar vsakomur, ki vstopi v tvoje življenje, in vsakomur, v čigar življenje vstopiš. Ne vstopaj v življenje drugega, če mu ne moreš biti dar. Dar pa si vselej, saj to tudi vselej si – le da si včasih ne pustiš, da bi se tega zavedal. Kadar kdo nepričakovano vstopi v tvoje življenje, se ozri za darom, ki ga je ta človek prišel prejet od tebe.
Tvoj poletni navdih: »Morda res niso vsa darila zavita v pentljo veselih barv. Nekatere izkušnje so skrita darila, a so to kljub temu. Nekoč, nekje spoznaš ta darila. Le dovoli si še vedno verjeti v ljubezen.«
RIBI
Nikdar ne dajaj pomoči, ki človeku jemlje moč. Pomoči, za katero meniš, da je potrebna, nikdar ne vsiljuj. Naj človek ali ljudje, ki potrebujejo pomoč, izvedo, s čim vsem jim lahko pomagaš – potem pa jim prisluhni, kaj bi radi; poglej, kaj so pripravljeni sprejeti. Mnogi ljudje rečejo ali pa s svojim vedenjem izpričujejo, da si ne žele drugega kot mir. In čeprav se tebi zdi, da jim lahko pomagaš, utegne biti prav to, da jih pustiš pri miru, največji dar.
Tvoj poletni navdih: »Ljubi ljudi. Pomagaj, kadar le lahko. A ta signal pomoči pride v obliki besede. Priprošnje. Tako veš, da so te Nebesa navdihnila, da pomagaš. A vedno najprej pomagaj sebi tako, da ceniš svojo energijo in čas.«
OVEN
Občutki so jezik duše. In tvoja duša je tvoja resnica. Občutki niso ne negativni ne razdiralni. Občutki so resnica. Gre samo za to, kako svojo resnico izraziš. Kadar svojo resnico izraziš z ljubeznijo, se negativni oziroma škodljivi učinki le redko pokažejo, če pa se že, je to zato, ker se je nekdo drug odločil, da bo tvojo resnico dojel kot nekaj negativnega. Precej bolj kot to, kako dobro je kakšno sporočilo sprejeto, je pomembno, kako dobro je poslano (kako dobro ga sporočiš) – kako ljubeče, sočutno, rahločutno, kako pogumno in popolno.
Tvoj poletni navdih: »Tvoji občutki so tvoj napev duše. Dovoli si jih izraziti, ne skrivaj jih v sebi. Odziv z druge strani razkrije vse, kar zate je ali pa več ni.«
BIK
Vsakodnevna meditacija je najboljši način doseganja stanja popolne zavesti (čeprav si buden), s katero dvigneš svojo življenjsko energijo do najvišje čakre. To stanje se imenuje »resnična budnost«. V tem stanju preprosto postoj, se ustavi za trenutek, in tako »si, kjer si« postane pravi trenutek natanko tam, kjer si. Postanek, pa čeprav hipen, je lahko blažen. Razgledaš se naokoli, prav počasi, in opaziš stvari, ki jih do tedaj nisi opazil. Ko si v tem stanju, vdihavaš vonj vseh cvetlic, letiš z vsako ptico, začutiš vsak kamenček pod nogami. Odkriješ lepoto in modrost. Kajti modrost je povsod tam, kjer je lepota. Lepota pa se poraja povsod, iz vseh stvari življenja. Ni ti je treba iskati. Sama bo prišla do tebe.
Tvoj poletni navdih: »Utišaj svet, utišaj um, z meditacijo poiščeš nov pogum in lepote življenja.«
DVOJČEK
ipromZone(1525);Negativnost ni sama po sebi znamenje zadnje resnice, pa čeprav se ti v danem trenutku zdi resnična. Nemara izvira iz neozdravljenega dela tebe. Pravzaprav je vselej tako, zato je pomembno, da se tega otreseš, da negativnost s tem lahko jasno uzreš, da veš, ali ji zares verjameš. Moraš pa biti prepričan, da poslušaš pristna občutja, in ne ponaredka, ki si ga je izmislil tvoj um, misli, ki si nadevajo krinko občutkov in temeljijo na prejšnjih izkušnjah ter na izkušnjah, ki jih opažaš pri drugih. Tvoj odziv nima nič opraviti z resničnostjo, temveč zgolj s tem, kako resničnost zaznavaš, utemeljeno na izkušnjah drugih oziroma na nečem, ker se ti je že nekoč prej zgodilo.
Tvoj poletni navdih: »Preteklost nauči veliko. Včasih prinaša pozitivno in včasih negativno. Lahko je učiteljica ali pa rabelj sreče. Pomiri se z njo. In vse bo zacvetelo.«
RAK
Svet ti lahko ponudi okoliščine, a le sam se odločaš, kaj te okoliščine pomenijo zate. V odsotnosti tistega, kar nisi, tistega, kar si, ni. Brez dobrega ni zla, brez mraza ni vročine, brez zgoraj ni spodaj ... To je resnica vesolja. Vendar pa se ti sam odločaš, kaj je mrzlo, kaj vroče, kar zgoraj in kaj spodaj, kaj je dobro in kaj zlo. In tvoje zamisli o tem se stalno spreminjajo –celo z letnimi časi (na primer: poleti te pri 15 stopinjah zebe, pozimi pa ti je vroče).
Tvoj poletni navdih: »Morda je kdaj res tvoje srce 'zeblo' zaradi osamljenosti in morda je kdaj 'gorelo' v jezi. A zdaj lahko vzameš te izkušnje in narediš iz njih zase popoln letni čas ljubezni.«
LEV
Svojo domišljijo lahko uporabiš za ustvarjanje česarkoli. To pa zato, ker deluje tvoja domišljija v obe smeri – ne le da si energijo razlagaš, tudi ustvarjaš jo. Domišljija je funkcija tvojega uma, v katerem si nekaj zamisliš in to začne dobivati fizično podobo. Bolj ko si nekaj predstavljaš, bolj snovna podoba postaja, vse dokler povišanje ravni energije, ki ji jo dovajaš, ne izbruhne v svetlobo in ne odslika podobe same sebe v to, čemur praviš resničnost. Potem to podobo vidiš in se znova odločiš, kaj je. Zato se ciklus nadaljuje. To je proces. Proces si ti. To je to, kar je Bog. Bog je proces. Si ustvarjalec in ustvarjeno obenem.
Tvoj poletni navdih: »Ti si čudež in čudeže lahko ustvariš. Manifestacija je na tvoji strani. Neguj jo v srcu in deli jo s svetom. Pripravljen je nate. Resnično.«
DEVICA
Življenje je ustvarjanje, ne odkrivanje. Vsak posamezen dan preživiš ne zato, da bi odkril, kaj ti bo prinesel, ampak zato, da bi nekaj ustvaril. Vsako minuto ustvarjaš svojo resničnost, tega pa se najverjetneje sploh ne zavedaš. Nemogoče je misliti, govoriti in delati nekaj, v kar v resnici ne verjameš. Zato mora postopek ustvarjanja vključevati vero ali spoznanje. To je popolna vera. To je onstran upanja. To je spoznanje gotovosti.
Tvoj poletni navdih: »Prisluhni srcu. Kaj resnično verjameš? Svoje življenje oblikuj po odgovoru, ki ga prejmeš – in to je ta pot sreče, ki jo iščeš.«
TEHTNICA
Veseli se vsega, kar ustvarjaš in kar si ustvaril, ter uživaj v tem. Ko bi zavrgel katerikoli del ustvarjenega, bi zavrgel del samega sebe. Karkoli se ti zdaj prikazuje kot del tvoje stvaritve, to priznaj, zahtevaj zase, blagoslavljaj in bodi hvaležen za to. Trudi se, da tega ne bi obsojal, kajti ko bi obsojal, bi obsojal samega sebe. Če spoznaš, da te ta ali oni vidik tvoje stvaritve ne razveseljuje, ga blagoslovi in preprosto spremeni. Odloči se znova. Prikliči novo resničnost. Pomisli novo misel. Izreci nov svet. Stori nekaj novega. Stori to z veličino in preostanek sveta ti bo sledil.
Tvoj poletni navdih: »Včasih potrebuješ le nekaj veselja v sebi, da te veselje najde ... vsepovsod. Kajti ti si vir le-tega.«
ŠKORPIJON
Svoje življenje »zasučeš na bolje« tako, da najprej začneš zelo jasno premišljevati o njem. Premisli, kaj bi rad bil, kaj bi rad storil in kaj bi rad imel. Pogosto razmišljaj o tem, dokler ti ne postane vse zelo jasno. Potem pa, ko ti bo vse zelo jasno, ne razmišljaj o ničemer drugem. Nobenih drugih možnosti si ne predstavljaj. Iz svojih razumskih predstav vrzi vse negativne misli. Otresi se vsakršnega pesimizma. Opusti vse dvome. Zavrni vse bojazni. Discipliniraj svoj razum, da se bo oklenil prvotne ustvarjalne misli.
Tvoj poletni navdih: »Tvoj zasuk življenja je že tukaj. To je ta trenutek. Izbereš ga lahko zdaj. Zasučeš lahko vse, kar poželi tvoje srce.«
STRELEC
Vsak sliši glasbo cvetlic v vetru. Vidi lepoto Nevidnega. Čuti sunke, napone in trzaje življenja. Ve, kdaj je čas za beg in kdaj za počitek, kdaj je čas za smeh in kdaj za jok; kdaj je čas za oprijem in kdaj za slovo. Življenje se giblje v ciklih. Vse je ciklično. Ko to doumeš, lahko lažje uživaš v tem procesu – ne pa da ga zgolj prenašaš. Del veličastnega ritma življenja sta jin in jang. En vidik bitja ni popolnejši od drugega. Oba sta samo to in nič več kot to: vidika. Življenje sledi nekakšnemu naravnemu ritmu in vse se giblje v tem ritmu; vse teče s tokom. Zato je tudi pisano: »Za vse je svoj čas; in čas je za sleherni namen pod nebom.« Moder tisti, ki to razume. Pameten tisti, ki to uporablja.
Tvoj poletni navdih: »Prišel je čas za nov cikel. Veš, kaj se mora spremeniti. Veš, kaj je tvoja vloga pri spreminjanju tega. Ne boj se sprememb. Niso te prišle strašit, prišle so te … obdarovat.«</article-text-transliterated>
	</article>
	<comments>
		<comments-count>0</comments-count>
		<comments-list/>
	</comments>
</document>
