<document global-id="si-05-117">
    <url>https://novice.svet24.si/clanek/zabava/estrada/5a91ae892628b/bo-vid-opravil-popravni-izpit</url>
    <source-id>si-05</source-id>
    <local-id>117</local-id>
    <source-name>Svet24</source-name>
    <article>
        <article-title>Bo Vid opravil popravni izpit?</article-title>
        <article-title-transliterated>Bo Vid opravil popravni izpit?</article-title-transliterated>
        <article-time>2018-02-24</article-time>
        <article-author>O.P. / Novice Svet24</article-author>
        <article-text>Po polfinalnem večeru letošnjega slovenskega izbora za Pesem Evrovizije je svojo kritiko podala
            tudi ikonična Miša Molk, ki se je spravila tudi na voditelja Eme. Mu bo nocoj uspelo opraviti »popravca«?.
            Nocoj bo znano, kdo nas bo maja zastopal na letošnji Evroviziji v Lizboni. Pregovorno pa tudi letos Ema ni
            in ne bo minila brez škandalov ter vročih zgodbic iz zakulisja. Za sočne trenutke so poskrbeli že izvajalci
            in avtorji pesmi, svoje pa je pristavila tudi legendarna voditeljica, »mama« Eme, Miša Molk. Ta se je po
            polfinalnem večeru kritično in brez dlake na jeziku razpisala o letošnjem izboru. »Spoštujem mnenje, da
            vsevprek bljuvanje in nestrokovno blebetanje kvečjemu škoduje. Neargumentirano medmetno 'šinfanje' res ni
            kritika, ki bi spodbujala k boljšemu. Vseeno pa je treba ohraniti vsaj nekaj zdrave distance do videnega in
            slišanega,« je začela Miša, ki se je odkrito lotila voditelja Eme Vida Valiča. »Žal 'stendaper' ni speljal
            naloge voditelja. Zatikajoči, mestoma zelo nizki spusti/hepatitis!!! Sem se vprašala, ali sem sploh prav
            slišala! itd./, pa tudi nenehno duhovičenje na račun izvajalcev je že precej iztrošena in nič kaj ljubezniva
            roba,« je povedala Miša, ki upa, da bo Vid Valič nocoj opravil popravni izpit kot voditelj finalnega večera
            Eme, kjer mu bo družbo delala pevka Raiven.

            Nad voditelja so se spravili tudi številni tviteraši, ki so znani, da izlivajo greznico nad vsem, kar pač se
            dogaja. »Vid Valič je izvrsten mentor bodočih komikov ... Iz vložka v vložek nam briljantno pokaže, kako ne
            biti smešen,« se je glasil eden od komentarjev.

            KDO BO ZMAGAL?
            V finale Eme so se uvrstili Proper, Lara Kadis, BQL, Lea Sirk, Indigo, Ina Shai ter Marina Martensson in
            Nuška Drašček, a Miša se čudi, da nismo slišali kakšne res dobre pesmi. »Glede na to, da se avtorji in
            izvajalci pritožujejo, da ni oddaje, v kateri bi lahko nastopili. S čim, dragi moji? Je res to to, kar so
            zmožni naši avtorji 'ustvariti'? Ali pa bi bilo treba avtorje, ki se doslej niso odzivali na te razpise,
            povabiti in jih plačati? Evrosong prenese vse žanre in jih sam tudi generira. Zato izjemno nasprotujem že
            tolikokrat slišani in zapisani floskuli 'to ni evrovizijska pesem'. Le kaj za vraga naj bi pomenilo
            'evrovizijska pesem'? Ruslana? Lordi? Jamala? Conchita Wurst? Salvador Sobral?« je še poudarila Miša.
        </article-text>
        <article-text-transliterated>Po polfinalnem večeru letošnjega slovenskega izbora za Pesem Evrovizije je svojo
            kritiko podala tudi ikonična Miša Molk, ki se je spravila tudi na voditelja Eme. Mu bo nocoj uspelo opraviti
            »popravca«?. Nocoj bo znano, kdo nas bo maja zastopal na letošnji Evroviziji v Lizboni. Pregovorno pa tudi
            letos Ema ni in ne bo minila brez škandalov ter vročih zgodbic iz zakulisja. Za sočne trenutke so poskrbeli
            že izvajalci in avtorji pesmi, svoje pa je pristavila tudi legendarna voditeljica, »mama« Eme, Miša Molk. Ta
            se je po polfinalnem večeru kritično in brez dlake na jeziku razpisala o letošnjem izboru. »Spoštujem
            mnenje, da vsevprek bljuvanje in nestrokovno blebetanje kvečjemu škoduje. Neargumentirano medmetno
            'šinfanje' res ni kritika, ki bi spodbujala k boljšemu. Vseeno pa je treba ohraniti vsaj nekaj zdrave
            distance do videnega in slišanega,« je začela Miša, ki se je odkrito lotila voditelja Eme Vida Valiča. »Žal
            'stendaper' ni speljal naloge voditelja. Zatikajoči, mestoma zelo nizki spusti/hepatitis!!! Sem se vprašala,
            ali sem sploh prav slišala! itd./, pa tudi nenehno duhovičenje na račun izvajalcev je že precej iztrošena in
            nič kaj ljubezniva roba,« je povedala Miša, ki upa, da bo Vid Valič nocoj opravil popravni izpit kot
            voditelj finalnega večera Eme, kjer mu bo družbo delala pevka Raiven.

            Nad voditelja so se spravili tudi številni tviteraši, ki so znani, da izlivajo greznico nad vsem, kar pač se
            dogaja. »Vid Valič je izvrsten mentor bodočih komikov ... Iz vložka v vložek nam briljantno pokaže, kako ne
            biti smešen,« se je glasil eden od komentarjev.

            KDO BO ZMAGAL?
            V finale Eme so se uvrstili Proper, Lara Kadis, BQL, Lea Sirk, Indigo, Ina Shai ter Marina Martensson in
            Nuška Drašček, a Miša se čudi, da nismo slišali kakšne res dobre pesmi. »Glede na to, da se avtorji in
            izvajalci pritožujejo, da ni oddaje, v kateri bi lahko nastopili. S čim, dragi moji? Je res to to, kar so
            zmožni naši avtorji 'ustvariti'? Ali pa bi bilo treba avtorje, ki se doslej niso odzivali na te razpise,
            povabiti in jih plačati? Evrosong prenese vse žanre in jih sam tudi generira. Zato izjemno nasprotujem že
            tolikokrat slišani in zapisani floskuli 'to ni evrovizijska pesem'. Le kaj za vraga naj bi pomenilo
            'evrovizijska pesem'? Ruslana? Lordi? Jamala? Conchita Wurst? Salvador Sobral?« je še poudarila Miša.
        </article-text-transliterated>
    </article>
    <comments>
        <comments-count>0</comments-count>
        <comment-list/>
    </comments>
</document>