<?xml version="1.0" encoding="utf-8"?>
<document global-id="si-05-1004">
	<url>https://novice.svet24.si//clanek/novice/slovenija/5dd6394d400d4/novomeska-bolnisnica-s-kadrovskimi-tezavami-na-vseh-oddelkih-delo-se-vedno-poteka-nemoteno</url>
	<source-id>si-05</source-id>
	<local-id>1004</local-id>
	<source-name>Svet24</source-name>
	<article>
		<article-title>Novomeška bolnišnica s kadrovskimi težavami na vseh oddelkih, delo še vedno poteka nemoteno</article-title>
		<article-title-transliterated>Novomeška bolnišnica s kadrovskimi težavami na vseh oddelkih, delo še vedno poteka nemoteno</article-title-transliterated>
		<article-time>2019-11-21</article-time>
		<article-author>B.K./STA</article-author>
		<article-text>V zdravstveni negi imajo sicer nekaj manj kot 570 zaposlenih oz. 11 bolničarjev, 292 srednjih medicinskih sester, 252 diplomiranih medicinskih sester in 13 diplomiranih babic.
Zaradi pomanjkanja kadra zdravstvene nege sicer v tej dolenjsko-belokranjski bolnišnici niso bili potrebni takšni ukrepi, ki bi jih občutili bolniki, omenjeni kader pa ob menjavi za zdaj uspevajo nadomeščati z razpisi za nova delovna mesta.
Ocenili so, da je odziv na razpise še ustrezen, hkrati pa se zavedajo, da bo vse težje, &quot;ker preprosto ne bo več odziva zaradi težkih pogojev dela in odgovornosti, ki jo ta kader nosi, pa tudi zaradi (pre)nizkih plač&quot;.
ipromZone(1525);Nadomeščati morajo sicer predvsem tako imenovani naravni odliv zaposlenih. V prihodnjih dveh ali treh letih pričakujejo več upokojitev, tako da bodo potrebovali več kot 100 novih medicinskih sester. Pri nadomeščanju teh računajo na območno srednje šolstvo, v oddelke katerega se letno vpiše približno 40 dijakov.
&quot;Dozdajšnjo fluktuacijo smo uspeli nadomeščati z novimi zaposlitvami, letos pa z reorganizacijo in združevanjem oddelkov racionaliziramo proces dela in s tem tudi število zaposlenih. Smo optimistični in pričakujemo, da bomo odhode ustrezno nadomestili,&quot; so poudarili.
Kadra zdravstvene nege sicer v tujini še ne bodo iskali. Menijo tudi, da je problem tuje delovne sile predvsem neznanje slovenščine.
V novomeški bolnišnici so povzeli, da je organizacijo njihovega dela do določene mere otežila tudi izvršitev dokumenta o poklicnih kompetencah in aktivnostih v zdravstveni negi, vendar so odhode na področjih, kjer je največ zahtev po diplomiranih medicinskih sestrah, ustrezno nadomeščali že pred leti. &quot;Seveda je še nekaj adaptivnih ovir, ki pa jih sproti razrešujemo,&quot; so še zapisali.
Splošna bolnišnica Novo mesto pokriva območje jugovzhodne Slovenije. Z določenimi dejavnosti pokriva tovrstne potrebe do približno 140.000 prebivalcev. Skupaj s storitvami, ki jih ne pokriva brežiška bolnišnica, pa do približno 180.000 prebivalcev. Premore nekaj manj kot 400 ležišč.</article-text>
		<article-text-transliterated>V zdravstveni negi imajo sicer nekaj manj kot 570 zaposlenih oz. 11 bolničarjev, 292 srednjih medicinskih sester, 252 diplomiranih medicinskih sester in 13 diplomiranih babic.
Zaradi pomanjkanja kadra zdravstvene nege sicer v tej dolenjsko-belokranjski bolnišnici niso bili potrebni takšni ukrepi, ki bi jih občutili bolniki, omenjeni kader pa ob menjavi za zdaj uspevajo nadomeščati z razpisi za nova delovna mesta.
Ocenili so, da je odziv na razpise še ustrezen, hkrati pa se zavedajo, da bo vse težje, &quot;ker preprosto ne bo več odziva zaradi težkih pogojev dela in odgovornosti, ki jo ta kader nosi, pa tudi zaradi (pre)nizkih plač&quot;.
ipromZone(1525);Nadomeščati morajo sicer predvsem tako imenovani naravni odliv zaposlenih. V prihodnjih dveh ali treh letih pričakujejo več upokojitev, tako da bodo potrebovali več kot 100 novih medicinskih sester. Pri nadomeščanju teh računajo na območno srednje šolstvo, v oddelke katerega se letno vpiše približno 40 dijakov.
&quot;Dozdajšnjo fluktuacijo smo uspeli nadomeščati z novimi zaposlitvami, letos pa z reorganizacijo in združevanjem oddelkov racionaliziramo proces dela in s tem tudi število zaposlenih. Smo optimistični in pričakujemo, da bomo odhode ustrezno nadomestili,&quot; so poudarili.
Kadra zdravstvene nege sicer v tujini še ne bodo iskali. Menijo tudi, da je problem tuje delovne sile predvsem neznanje slovenščine.
V novomeški bolnišnici so povzeli, da je organizacijo njihovega dela do določene mere otežila tudi izvršitev dokumenta o poklicnih kompetencah in aktivnostih v zdravstveni negi, vendar so odhode na področjih, kjer je največ zahtev po diplomiranih medicinskih sestrah, ustrezno nadomeščali že pred leti. &quot;Seveda je še nekaj adaptivnih ovir, ki pa jih sproti razrešujemo,&quot; so še zapisali.
Splošna bolnišnica Novo mesto pokriva območje jugovzhodne Slovenije. Z določenimi dejavnosti pokriva tovrstne potrebe do približno 140.000 prebivalcev. Skupaj s storitvami, ki jih ne pokriva brežiška bolnišnica, pa do približno 180.000 prebivalcev. Premore nekaj manj kot 400 ležišč.</article-text-transliterated>
	</article>
	<comments>
		<comments-count>0</comments-count>
		<comments-list/>
	</comments>
</document>
