<document global-id="si-05-1330"><url>https://novice.svet24.si//clanek/zanimivosti/5bc728ede9c10/simbol-jeseni-za-v-lonec-ali-zgolj-za-okras</url><source-id>si-05</source-id><local-id>si-05-1330</local-id><source-name>Svet24</source-name><article><article-title>Simbol jeseni – za v lonec ali zgolj za okras</article-title><article-title-transliterated>Simbol jeseni – za v lonec ali zgolj za okras</article-title-transliterated><article_time>2018-10-21</article_time><article-author>Zoran Franc</article-author><article-text>Kaj je zadnja leta povečalo priljubljenost buč, ni znano. Vrtičkarji se vedno znova radi preizkušajo v vzgajanju novih sort in teh tudi vse več ponuja današnji trg. A na tem mestu je treba izpostaviti dejstvo, da buče različnih sort ne sodijo v isti koš. Nekatere so namenjene zgolj dekoraciji, spet z drugimi si lahko obogatimo jedilnik.
DreamstimeJesenske buče prepoznamo po rumeni barvi mesa, okus pa spominja na kostanj.

Buče lahko jeste surove, kuhane ali pečene. Odlične so v rižotah, juhah, kolačih pa tudi sokovih. Njihov okus se dobro ujema s peteršiljem, timijanom, lovorjem, muškatnim oreščkom in cimetom. 

Neužitne?
Drži, vse buče niso užitne. Razlog, da se vse sorte, ki jih poznamo, ne znajdejo na krožnikih, je sicer predvsem okus in mesnatost. A nekatere okrasne buče, ki imajo obliko krempljev ali kron, so bradavičaste ali hruškaste oblike, vsebujejo tudi strupeno grenčično snov, imenovano kukurbitacin. Zato tudi jedilnih buč, ki so že postale grenke, raje ne pojejte, temveč jih iz previdnosti zavrzite. Če niste prepričani, ali je buča užitna ali ne, odrežite košček in ga dajte na jezik. Če boste okusili grenkobo, naj buča raje služi za dekoracijo. Tako imenovane steklenične buče, med katere spadajo amfora, kobra in druge, naj bodo le za okras in sušenje. Čez zimo jih obesite v suh prostor, da se do pomladi posušijo. Nato pa lahko iz njih naredite posode ali vaze.
ipromZone(1525);DreamstimeMed najbolj poznanimi zimskimi bučami je sorta hokaido, izjemno bogata z karotinom.
Jesenske buče
Jesenske buče so uporabne le do novega leta, saj se bo pozneje njihov okus spremenil do te mere, da ne bodo več užitne. V to skupino spadajo buče želodaste oblike, z izrazitimi rebri, oranžne, zelene in bele barve. Prepoznate jih tudi po svetlo rumeni barvi mesa, njihov okus pa spominja na kostanj. Kraljica jesenskih buč je zagotovo buča, imenovana sladki cmok. Sladko oranžno meso ima rahel okus po lešnikih. Odlična je dušena ali pečena in se zelo dobro skladišči.

Oranžno meso nakazuje bogat izvor betakarotena, ki je močan antioksidant in organizem varuje pred vplivom prostih radikalov. Krepi imunski sistem in preprečuje razvoj malignih tumorjev.

Zimske buče
Med zimske buče uvrščamo muškatne buče. Med najbolj poznanimi in priljubljenimi je zagotovo oranžnordeča buča hokaido, ki je primerna tako za okras kot za pripravo raznovrstnih jedi. Prepoznamo jo po značilni hruškasti obliki, doseže pa tudi 2,5 kilograma. Te buče so bogate s karotinom in vitaminom B1 ter balastnimi snovmi. Odlične so pripravljene v pečici, v juhah in različnih zelenjavnih jedeh ter celo kot sestavina kruha in marmelad.</article-text><article-text-transliterated>Kaj je zadnja leta povečalo priljubljenost buč, ni znano. Vrtičkarji se vedno znova radi preizkušajo v vzgajanju novih sort in teh tudi vse več ponuja današnji trg. A na tem mestu je treba izpostaviti dejstvo, da buče različnih sort ne sodijo v isti koš. Nekatere so namenjene zgolj dekoraciji, spet z drugimi si lahko obogatimo jedilnik.
DreamstimeJesenske buče prepoznamo po rumeni barvi mesa, okus pa spominja na kostanj.

Buče lahko jeste surove, kuhane ali pečene. Odlične so v rižotah, juhah, kolačih pa tudi sokovih. Njihov okus se dobro ujema s peteršiljem, timijanom, lovorjem, muškatnim oreščkom in cimetom. 

Neužitne?
Drži, vse buče niso užitne. Razlog, da se vse sorte, ki jih poznamo, ne znajdejo na krožnikih, je sicer predvsem okus in mesnatost. A nekatere okrasne buče, ki imajo obliko krempljev ali kron, so bradavičaste ali hruškaste oblike, vsebujejo tudi strupeno grenčično snov, imenovano kukurbitacin. Zato tudi jedilnih buč, ki so že postale grenke, raje ne pojejte, temveč jih iz previdnosti zavrzite. Če niste prepričani, ali je buča užitna ali ne, odrežite košček in ga dajte na jezik. Če boste okusili grenkobo, naj buča raje služi za dekoracijo. Tako imenovane steklenične buče, med katere spadajo amfora, kobra in druge, naj bodo le za okras in sušenje. Čez zimo jih obesite v suh prostor, da se do pomladi posušijo. Nato pa lahko iz njih naredite posode ali vaze.
ipromZone(1525);DreamstimeMed najbolj poznanimi zimskimi bučami je sorta hokaido, izjemno bogata z karotinom.
Jesenske buče
Jesenske buče so uporabne le do novega leta, saj se bo pozneje njihov okus spremenil do te mere, da ne bodo več užitne. V to skupino spadajo buče želodaste oblike, z izrazitimi rebri, oranžne, zelene in bele barve. Prepoznate jih tudi po svetlo rumeni barvi mesa, njihov okus pa spominja na kostanj. Kraljica jesenskih buč je zagotovo buča, imenovana sladki cmok. Sladko oranžno meso ima rahel okus po lešnikih. Odlična je dušena ali pečena in se zelo dobro skladišči.

Oranžno meso nakazuje bogat izvor betakarotena, ki je močan antioksidant in organizem varuje pred vplivom prostih radikalov. Krepi imunski sistem in preprečuje razvoj malignih tumorjev.

Zimske buče
Med zimske buče uvrščamo muškatne buče. Med najbolj poznanimi in priljubljenimi je zagotovo oranžnordeča buča hokaido, ki je primerna tako za okras kot za pripravo raznovrstnih jedi. Prepoznamo jo po značilni hruškasti obliki, doseže pa tudi 2,5 kilograma. Te buče so bogate s karotinom in vitaminom B1 ter balastnimi snovmi. Odlične so pripravljene v pečici, v juhah in različnih zelenjavnih jedeh ter celo kot sestavina kruha in marmelad.</article-text-transliterated></article><comments><comments-count>0</comments-count><comments-list /></comments></document>