<document global-id="si-05-1345">
    <url>
        https://novice.svet24.si//clanek/novice/crna-kronika/5774fc23313d4/neznanki-z-ulice-sta-jo-olajsali-za-okrog-1000-evrov
    </url>
    <source-id>si-05</source-id>
    <local-id>1345</local-id>
    <source-name>Svet24</source-name>
    <article>
        <article-title>Skuhala jima je kavico, potem sta jo okradli</article-title>
        <article-title-transliterated>Skuhala jima je kavico, potem sta jo okradli</article-title-transliterated>
        <article-time>2016-06-30</article-time>
        <article-author>M.K.</article-author>
        <article-text>Včeraj sta ženski srednjih let, ki sta govorili poljsko, na Vodnikovi cesti v Ljubljani izvedli
            drzno tatvino. Včeraj okrog 9.30 sta dve neznani ženski na Vodnikovi cesti v križišču s Tržno ulico
            ogovorili oškodovanko iz vozila (večje, temnejše barve), naj jima pokaže pot do bolnišnice. Ko so prispele
            do bolnišnice, je ena od neznank spraševala, kje bi lahko šla na stranišče, takrat pa ju je oškodovanka sama
            povabila v stanovanje. Tam jima je prijazno skuhala kavo in medtem ko je ena pila kavo, je druga izkoristila
            nepazljivost oškodovanke in v spalnici odtujila zlatnino, denar in osebne dokumente.
            Z dejanjem sta jo oškodovali za približno 1000 evrov.
            Obe neznanki sta stari okoli 40 let, ena ima svetle lase in je močnejše postave, druga pa ima temne lase in
            normalne postave. Govorili sta v poljskem jeziku.
            Policija svetuje občanom, da naj v svoje domove nikakor ne vabijo nepoznanih oseb. Če jih ogovorijo na ulici
            in vprašajo za pot do določene ustanove, jim naj to povejo, odsvetujejo pa, da z njimi sedejo v vozilo in
            jim na tak način poskušajo pojasniti pot. V kolikor pa se odločijo za takšno vrsto pomoči, policija opozarja
            na samozaščitna ravnanja (vrednejše predmete naj imajo ves čas pod nadzorom, še posebej pa naj bodo pozorni
            na nepoznane osebe, ki so z njimi v stiku).
        </article-text>
        <article-text-transliterated>Včeraj sta ženski srednjih let, ki sta govorili poljsko, na Vodnikovi cesti v
            Ljubljani izvedli drzno tatvino. Včeraj okrog 9.30 sta dve neznani ženski na Vodnikovi cesti v križišču s
            Tržno ulico ogovorili oškodovanko iz vozila (večje, temnejše barve), naj jima pokaže pot do bolnišnice. Ko
            so prispele do bolnišnice, je ena od neznank spraševala, kje bi lahko šla na stranišče, takrat pa ju je
            oškodovanka sama povabila v stanovanje. Tam jima je prijazno skuhala kavo in medtem ko je ena pila kavo, je
            druga izkoristila nepazljivost oškodovanke in v spalnici odtujila zlatnino, denar in osebne dokumente.
            Z dejanjem sta jo oškodovali za približno 1000 evrov.
            Obe neznanki sta stari okoli 40 let, ena ima svetle lase in je močnejše postave, druga pa ima temne lase in
            normalne postave. Govorili sta v poljskem jeziku.
            Policija svetuje občanom, da naj v svoje domove nikakor ne vabijo nepoznanih oseb. Če jih ogovorijo na ulici
            in vprašajo za pot do določene ustanove, jim naj to povejo, odsvetujejo pa, da z njimi sedejo v vozilo in
            jim na tak način poskušajo pojasniti pot. V kolikor pa se odločijo za takšno vrsto pomoči, policija opozarja
            na samozaščitna ravnanja (vrednejše predmete naj imajo ves čas pod nadzorom, še posebej pa naj bodo pozorni
            na nepoznane osebe, ki so z njimi v stiku).
        </article-text-transliterated>
    </article>
    <comments>
        <comments-count>0</comments-count>
        <comment-list/>
    </comments>
</document>