<?xml version="1.0" encoding="utf-8"?>
<document global-id="si-05-1069">
	<url>https://novice.svet24.si//clanek/novice/svet/5a29725e80994/ovadili-bivsega-predsednika-mesica</url>
	<source-id>si-05</source-id>
	<local-id>1069</local-id>
	<source-name>Svet24</source-name>
	<article>
		<article-title>Ovadili bivšega predsednika Mesića</article-title>
		<article-title-transliterated>Ovadili bivšega predsednika Mesića</article-title-transliterated>
		<article-time>2017-12-07</article-time>
		<article-author>J.P./STA</article-author>
		<article-text>V sporočilu za javnost so navedli, da so bili Mesić, Josipović in Bajić pripadniki &quot;kriminalne koruptivne zločinske mreže&quot;, ki je prispevala k &quot;škandaloznemu in sramotnemu&quot; delovanju Mednarodnega sodišča za vojne zločine na območju bivše Jugoslavije.
Trdijo, da haaško sodišče ni razlikovalo med agresorjem in žrtvijo. Po njihovem mnenju je bila &quot;največja kolektiva žrtev proticivilizacijskega in protihumanističnega mednarodnega pravnega pristopa Hrvaška, največja posamezna žrtev pa general Slobodan Praljak&quot;.
Mesiću očitajo, da je zagrešil &quot;najhujša kazniva dejanja proti državi&quot;, ker je razkrival tajne podatke in vohunil proti Hrvaški, Bajiću pa očitajo zlorabo položaja in pooblastil, je na današnji novinarski konferenci v Zagrebu povedala Zorica Gregurić iz koordinacije društev hrvaških veteranov in žrtev domovinske vojne.
ipromZone(1525);Trdijo, da je Mesić na haaškem sodišču pričal proti Hrvaški, njenemu prvemu predsedniku Franju Tuđmanu ter drugim nekdanjim visokim predstavnikom hrvaške države in vojske.
Mesić je pred kratkim dobil okrepljeno policijsko zaščito zaradi groženj s smrtjo, ki jih je začel prejemati, ko ga je visoki član HDZ Vladimir Šeks obtožil, da je s sodelovanjem s sodiščem v procesu proti šesterici Hrvatov iz BiH zagrešil veleizdajo. Mesić je nato opozoril, da bo Šeks odgovoren, če se mu bo kaj zgodilo.
Koordinacija veteranov je bila posebej dejavna med veteranskimi protesti proti nekdanji levosredinski hrvaški vladi premierja Zorana Milanovića, ko je bil Josipović predsednik države.
Pogosto se oglašajo na novinarskih konferencah s pobudami proti različnim posameznikom in institucijam, za katere ocenjujejo, da &quot;ogrožajo hrvaško državo&quot;. Med drugim so pred kratkim javno kritizirali saborsko poslanko, češ da je govorila v &quot;tujem srbskem jeziku&quot;, in zahtevali nujno razpravo o &quot;srbski agresiji na hrvaški jezik&quot;.</article-text>
		<article-text-transliterated>V sporočilu za javnost so navedli, da so bili Mesić, Josipović in Bajić pripadniki &quot;kriminalne koruptivne zločinske mreže&quot;, ki je prispevala k &quot;škandaloznemu in sramotnemu&quot; delovanju Mednarodnega sodišča za vojne zločine na območju bivše Jugoslavije.
Trdijo, da haaško sodišče ni razlikovalo med agresorjem in žrtvijo. Po njihovem mnenju je bila &quot;največja kolektiva žrtev proticivilizacijskega in protihumanističnega mednarodnega pravnega pristopa Hrvaška, največja posamezna žrtev pa general Slobodan Praljak&quot;.
Mesiću očitajo, da je zagrešil &quot;najhujša kazniva dejanja proti državi&quot;, ker je razkrival tajne podatke in vohunil proti Hrvaški, Bajiću pa očitajo zlorabo položaja in pooblastil, je na današnji novinarski konferenci v Zagrebu povedala Zorica Gregurić iz koordinacije društev hrvaških veteranov in žrtev domovinske vojne.
ipromZone(1525);Trdijo, da je Mesić na haaškem sodišču pričal proti Hrvaški, njenemu prvemu predsedniku Franju Tuđmanu ter drugim nekdanjim visokim predstavnikom hrvaške države in vojske.
Mesić je pred kratkim dobil okrepljeno policijsko zaščito zaradi groženj s smrtjo, ki jih je začel prejemati, ko ga je visoki član HDZ Vladimir Šeks obtožil, da je s sodelovanjem s sodiščem v procesu proti šesterici Hrvatov iz BiH zagrešil veleizdajo. Mesić je nato opozoril, da bo Šeks odgovoren, če se mu bo kaj zgodilo.
Koordinacija veteranov je bila posebej dejavna med veteranskimi protesti proti nekdanji levosredinski hrvaški vladi premierja Zorana Milanovića, ko je bil Josipović predsednik države.
Pogosto se oglašajo na novinarskih konferencah s pobudami proti različnim posameznikom in institucijam, za katere ocenjujejo, da &quot;ogrožajo hrvaško državo&quot;. Med drugim so pred kratkim javno kritizirali saborsko poslanko, češ da je govorila v &quot;tujem srbskem jeziku&quot;, in zahtevali nujno razpravo o &quot;srbski agresiji na hrvaški jezik&quot;.</article-text-transliterated>
	</article>
	<comments>
		<comments-count>0</comments-count>
		<comments-list/>
	</comments>
</document>
