<?xml version="1.0" encoding="utf-8"?>
<document global-id="si-05-1008">
	<url>https://novice.svet24.si//clanek/novice/crna-kronika/56dc2293be3c2/noc-ki-je-ne-bodo-nikoli-pozabili</url>
	<source-id>si-05</source-id>
	<local-id>1008</local-id>
	<source-name>Svet24</source-name>
	<article>
		<article-title>Noč, ki je ne bodo nikoli pozabili</article-title>
		<article-title-transliterated>Noč, ki je ne bodo nikoli pozabili</article-title-transliterated>
		<article-time>2016-03-06</article-time>
		<article-author>J.A. / Dolenjski list</article-author>
		<article-text>J.A,Petelin in kokoška sta se stiskala k osmojeni bali,

Požar je popolnoma uničil objekt, ta je skupaj z nadstreški obsegal 16x14 metrov. Ožgana in neuporabna sta tudi dva traktorja, tri kosilnice, nakladalka, mlatilnica za žito, dva šrotarja, puhalnik, elektromotor, na deponijo morajo odpeljati 20 ton sena ter 1,5 tone ječmena, poginilo jim je osem kokoši.
Gospodar je zadovoljen, da so kljub ogromni količini dima štiri živali vendarle preživele: krava in teliček (trenutno sta nastanjena pri kmetu v vasi, v prihodnjih dneh pa odhajata v nova domova, saj ju je prodal), ena kokoš ter petelin. Slednji je ob našem obisku prestrašeno stal ob svoji družici in na vsakih nekaj minut glasno zakikirikal.
ipromZone(1525);&quot;Kriminalisti so rekli, da je prišlo do kratkega stika. Mogoče je bila kriva pajčevina, prah ali miš. Nihče ne ve točno. V elektro omarici je vrglo ven varovalko,&quot; je nekaj več kot 24 ur po požaru pripovedoval Franc, ki se je pred dvema letoma vrnil z dela v Nemčiji, ravno prvega marca se je upokojil. &quot;Pred tem dogodkom sem nameraval poslopje razširiti, zdaj pa bom dobro razmislil, kaj bomo,&quot; reče in omeni, da mu voljo do dela in življenja dajeta žena, ki je 19 let mlajša od njega, in šestletna hčerka Anna Sofi.
J.A.
Ravno, ko je razlagal, da hči govori tri jezike - slovensko, ukrajinsko (mama prihaja iz Ukrajine) in nemško - je svetlolaso dekletce prišlo pogledat, kje je oči, in spotoma ponosno povedalo, da ima na Studencu, kamor hodi v vrtec, dve dobri prijateljici.
Franc je na koncu poudaril, da je hvaležen pogumnim gasilcem PGD Studenec, Boštanj in Sevnica, ki so nesebično pomagali v nesreči. Njihovo delo ni bilo lahko, saj v bližini hiše ni hidranta in so bili popolnoma odvisni od vode iz cistern.
J.A.</article-text>
		<article-text-transliterated>J.A,Petelin in kokoška sta se stiskala k osmojeni bali,

Požar je popolnoma uničil objekt, ta je skupaj z nadstreški obsegal 16x14 metrov. Ožgana in neuporabna sta tudi dva traktorja, tri kosilnice, nakladalka, mlatilnica za žito, dva šrotarja, puhalnik, elektromotor, na deponijo morajo odpeljati 20 ton sena ter 1,5 tone ječmena, poginilo jim je osem kokoši.
Gospodar je zadovoljen, da so kljub ogromni količini dima štiri živali vendarle preživele: krava in teliček (trenutno sta nastanjena pri kmetu v vasi, v prihodnjih dneh pa odhajata v nova domova, saj ju je prodal), ena kokoš ter petelin. Slednji je ob našem obisku prestrašeno stal ob svoji družici in na vsakih nekaj minut glasno zakikirikal.
ipromZone(1525);&quot;Kriminalisti so rekli, da je prišlo do kratkega stika. Mogoče je bila kriva pajčevina, prah ali miš. Nihče ne ve točno. V elektro omarici je vrglo ven varovalko,&quot; je nekaj več kot 24 ur po požaru pripovedoval Franc, ki se je pred dvema letoma vrnil z dela v Nemčiji, ravno prvega marca se je upokojil. &quot;Pred tem dogodkom sem nameraval poslopje razširiti, zdaj pa bom dobro razmislil, kaj bomo,&quot; reče in omeni, da mu voljo do dela in življenja dajeta žena, ki je 19 let mlajša od njega, in šestletna hčerka Anna Sofi.
J.A.
Ravno, ko je razlagal, da hči govori tri jezike - slovensko, ukrajinsko (mama prihaja iz Ukrajine) in nemško - je svetlolaso dekletce prišlo pogledat, kje je oči, in spotoma ponosno povedalo, da ima na Studencu, kamor hodi v vrtec, dve dobri prijateljici.
Franc je na koncu poudaril, da je hvaležen pogumnim gasilcem PGD Studenec, Boštanj in Sevnica, ki so nesebično pomagali v nesreči. Njihovo delo ni bilo lahko, saj v bližini hiše ni hidranta in so bili popolnoma odvisni od vode iz cistern.
J.A.</article-text-transliterated>
	</article>
	<comments>
		<comments-count>0</comments-count>
		<comments-list/>
	</comments>
</document>
