<document global-id="si-05-1420"><url>https://novice.svet24.si//clanek/zabava/estrada/5d95fca734757/srce-zaljubljenega-radijca-bije-za-lepo-izbranko-ursko</url><source-id>si-05</source-id><local-id>si-05-1420</local-id><source-name>Svet24</source-name><article><article-title>Srce zaljubljenega radijca bije za lepo izbranko Urško</article-title><article-title-transliterated>Srce zaljubljenega radijca bije za lepo izbranko Urško</article-title-transliterated><article_time>2019-10-03</article_time><article-author>N.S.</article-author><article-text>Minuli vikend je v Arboretumu znova potekal Migi migi dan, kjer ni manjkal niti radijski voditelj Grega Javornik. 
Na vprašanje, kdo je skrivnostna simpatična plavolaska, se je Javorniku razvezal jezik: »Ljubezen mojega življenja! Urška je nekaj najboljšega, kar se mi je zgodilo. Je vrelec moje energije in izvir moje mirnosti. Glede na to, da imava oba zelo zahtevni službi, sva se že na začetku zveze odločila, da službenih zadev ne nosiva domov. Mislim, da je to recept za dolgo in uspešno zvezo!«</article-text><article-text-transliterated>Minuli vikend je v Arboretumu znova potekal Migi migi dan, kjer ni manjkal niti radijski voditelj Grega Javornik. 
Na vprašanje, kdo je skrivnostna simpatična plavolaska, se je Javorniku razvezal jezik: »Ljubezen mojega življenja! Urška je nekaj najboljšega, kar se mi je zgodilo. Je vrelec moje energije in izvir moje mirnosti. Glede na to, da imava oba zelo zahtevni službi, sva se že na začetku zveze odločila, da službenih zadev ne nosiva domov. Mislim, da je to recept za dolgo in uspešno zvezo!«</article-text-transliterated></article><comments><comments-count>1</comments-count><comments-list><comment comment-id="1"><comment-parent-id /><comment-text>Bravo! Le tako naprej in srečno. 👍</comment-text><comment-text-transliterated>Bravo! Le tako naprej in srečno. 👍</comment-text-transliterated></comment></comments-list></comments></document>