<?xml version="1.0" encoding="utf-8"?>
<document global-id="si-05-1280">
	<url>https://novice.svet24.si//clanek/zanimivosti/58247d3b7fbd9/reformacija-cerkve</url>
	<source-id>si-05</source-id>
	<local-id>1280</local-id>
	<source-name>Svet24</source-name>
	<article>
		<article-title>Reformacija cerkve</article-title>
		<article-title-transliterated>Reformacija cerkve</article-title-transliterated>
		<article-time>2016-11-10</article-time>
		<article-author>Marjan Kodelja</article-author>
		<article-text>Njegovi nauki, izraženi v 95 tezah, ki jih je 31. oktobra 1517 poslal nadškofu v Mainzu in Magdeburgu ter škofu v Brandenburgu, so navdahnili reformacijo in spodbudili nastanek skupin luterancev, protestantov in drugih. Njegov poziv Cerkvi, naj se vrne k nauku Svetega pisma, je botroval številnim novim običajem. Luthrovo neomajno nasprotovanje Katoliški cerkvi je privedlo do njegovega izobčenja in proglasitve za krivoverca.

Luther je sprva le ostro pridigal proti odpustkom, nato pa je 31. oktobra 1517 poslal protestno pismo. 

Njegov volilni knez Friderik Modri ga je zaščitil tako, da ga je skril na svojem gradu Wartburg. Tam je Luther dokončal svoj prevod Svetega pisma v nemščino. Ta prevod je pripomogel k razvoju enotne različice nemškega jezika in prevajalstvu dodal nekatera nova načela. Njegove himne so znova spodbudile razvoj petja v krščanstvu. V nekaterih krščanskih ločinah je njegova poroka s Katharino von Bora 13. junija 1525 začela običaj poročanja duhovnikov. V Katoliški cerkvi ga je najbolj motilo prodajanje odpustkov. Zavzemal se je za to, da bi verniki sami prebirali Sveto pismo, ter trdil, da človek ne potrebuje papeža ali odpustkov, da bi se približal Bogu. Skozi zgodovino se je uveljavila zgodba, da je Luther teh 95 tez nabil na vrata Grajske cerkve v Wittenbergu. Vendar pa učenjaki, kot so Walter Krämer, Götz Trenkler, Gerhard Ritter in Gerhard Prause, menijo, da Luther svojih tez ni javno objavil na vratih.</article-text>
		<article-text-transliterated>Njegovi nauki, izraženi v 95 tezah, ki jih je 31. oktobra 1517 poslal nadškofu v Mainzu in Magdeburgu ter škofu v Brandenburgu, so navdahnili reformacijo in spodbudili nastanek skupin luterancev, protestantov in drugih. Njegov poziv Cerkvi, naj se vrne k nauku Svetega pisma, je botroval številnim novim običajem. Luthrovo neomajno nasprotovanje Katoliški cerkvi je privedlo do njegovega izobčenja in proglasitve za krivoverca.

Luther je sprva le ostro pridigal proti odpustkom, nato pa je 31. oktobra 1517 poslal protestno pismo. 

Njegov volilni knez Friderik Modri ga je zaščitil tako, da ga je skril na svojem gradu Wartburg. Tam je Luther dokončal svoj prevod Svetega pisma v nemščino. Ta prevod je pripomogel k razvoju enotne različice nemškega jezika in prevajalstvu dodal nekatera nova načela. Njegove himne so znova spodbudile razvoj petja v krščanstvu. V nekaterih krščanskih ločinah je njegova poroka s Katharino von Bora 13. junija 1525 začela običaj poročanja duhovnikov. V Katoliški cerkvi ga je najbolj motilo prodajanje odpustkov. Zavzemal se je za to, da bi verniki sami prebirali Sveto pismo, ter trdil, da človek ne potrebuje papeža ali odpustkov, da bi se približal Bogu. Skozi zgodovino se je uveljavila zgodba, da je Luther teh 95 tez nabil na vrata Grajske cerkve v Wittenbergu. Vendar pa učenjaki, kot so Walter Krämer, Götz Trenkler, Gerhard Ritter in Gerhard Prause, menijo, da Luther svojih tez ni javno objavil na vratih.</article-text-transliterated>
	</article>
	<comments>
		<comments-count>0</comments-count>
		<comments-list/>
	</comments>
</document>
