<document global-id="si-05-1125">
    <url>
        https://novice.svet24.si//clanek/novice/slovenija/5d36b480e6abc/po-incidentu-v-trstu-bi-mu-morali-zagotoviti-tolmaca-kaj-mu-preostane-ce-za-zamejca-nimajo-posluha-pristojni-odgovarjajo
    </url>
    <source-id>si-05</source-id>
    <local-id>1125</local-id>
    <source-name>Svet24</source-name>
    <article>
        <article-title>Po incidentu v Trstu: bi mu morali zagotoviti tolmača? Kaj zamejcu preostane, če zanj nimajo
            posluha? Pristojni odgovarjajo
        </article-title>
        <article-title-transliterated>Po incidentu v Trstu: bi mu morali zagotoviti tolmača? Kaj zamejcu preostane, če
            zanj nimajo posluha? Pristojni odgovarjajo
        </article-title-transliterated>
        <article-time>2019-07-23</article-time>
        <article-author>J.P.</article-author>
        <article-text>Zaščito avtohtone slovenske narodne skupnosti v Italiji opredeljuje več pravnih aktov. Včeraj smo
            pisali o zamejskemu Slovencu, od katerega sta kontrolorja podjetja Triesti Transporti zahtevala, da govori v
            italijanskem jeziku, čeprav se je skliceval na 8. člen Zakona 38/2001. Bi mu morali zagotoviti tolmača
            oziroma z njim govoriti v slovenščini? Kako lahko v takem primeru ravna pripadnik manjšine – torej, da
            naleti na gluha ušesa zaposlenih v podjetjih, "ki na osnovi koncesij opravljajo storitve javne koristi",
            oziroma krajevnih upravnih in sodnih oblasti?
            VIDEO: V Trstu sta zamejskemu Slovencu ponavljala, da se v Italiji govori italijansko

            Za odgovore smo se obrnili na Urad Vlade RS za Slovence v zamejstvu in po svetu. Kot so nam pojasnili,
            zaščito avtohtone slovenske narodne skupnosti v Italiji opredeljuje več pravnih aktov, "med njimi 6. člen
            italijanske Ustave iz leta 1948, Londonski memorandum (l. 1954), Osimski sporazumi (l. 1975), splošni Zakon
            št. 482 o zaščiti jezikovnih manjšin v Italiji (l. 1999), in seveda Zakon št. 38 o zaščiti slovenske
            jezikovne manjšine iz leta 2001. Ta tako imenovani Zaščitni zakon določa ozemeljski obseg manjšinske
            skupnosti, jezikovne pravice in dvojezičnost v javnem življenju, zagotavlja obstoj šolskih in kulturnih
            institucij, vračanje nepremičnin ter finančna sredstva. Ne glede na to v desetletju po sprejetju zakona
            njegove določbe niso bile sistemsko in učinkovito vgrajene v druge (deželne in občinske) zakone. Na deželni
            ravni je skupnost zaščitena z Deželnimi določili za zaščito slovenske jezikovne manjšine (26/2007)".
            Z izjemo mesta Trst
            4. člen Zaščitnega zakona določa, da se ukrepi za zaščito slovenske manjšine izvajajo na ozemlju, kjer je
            manjšina zgodovinsko prisotna, so dodali. "Tako je v ozemeljski obseg izvajanja zakona vključenih 32 občin v
            Avtonomni deželi Furlaniji Julijski krajini. Med njimi je tudi občina Trst, z izjemo mesta Trst," so
            zapisali.
            Nekatere občine so se kmalu prilagodile, druge ...
            V 8. členu na začetku omenjenega zakona je slovenski manjšini priznana pravica do rabe slovenščine "v
            odnosih s krajevnimi upravnimi in sodnimi oblastmi, kakor tudi s podjetji, ki na osnovi koncesij opravljajo
            storitve javne koristi. Pravico do odgovora v slovenskem jeziku imajo tudi v ustnih sporočilih, praviloma
            neposredno ali s tolmačem, pri dopisovanju pa vsaj s prevodom, ki je priložen italijanskemu besedilu".
            Zaščitni zakon je za uveljavitev teh pravic predvidel "prilagoditev uradov in notranjo organizacijo ter
            zagotovitev ustreznega osebja". "Nekatere občine so se temu kmalu prilagodile, nekatere so ustanovile tako
            imenovana slovenska okenca, sedaj pa je končno začel delovati tudi Deželni urad za slovenski jezik s svojimi
            izpostavami."
            Za dosledno izvajanje zakonodaje
            Pripadnikom slovenske narodne skupnosti sta za pomoč pri uveljavljanju jezikovnih pravic krovni organizaciji
            Slovencev v Italiji Slovenska kulturno gospodarska zveza in Svet slovenskih organizacij ustanovili službo za
            jezikovne pravice ZaJezik, "ki nudi pomoč posameznikom pri izbiri najprimernejšega postopka in pri
            argumentiranju zahtev. Tako lahko tudi v tem konkretnem primeru pripadnika slovenske narodne skupnosti
            napotimo na to službo, ki se tudi z nasveti odvetnikov posameznikom trudi, da bi se zaščitna zakonodaja
            dosledno izvajala. Na spletni strani službe ZaJezik je navedeno, da bodo tu "posamezniki lahko našli
            koristne informacije, obrazce in še marsikaj drugega, kar jim bo pomagalo pri uveljavljanju jezikovnih
            pravic. Slovenščina je namreč odvisna od nas, kot ugotavljajo tudi pobudniki pravne službe, pa danes še
            vedno premalo ljudi uveljavlja jezikovne pravice oziroma se marsikdo ne zaveda njihovega pomena. Zato
            prispevajmo k uveljavitvi jezikovnih pravic Slovencev v FJK, povrnimo si priimke in imena v izvorno
            slovensko obliko ter zahtevajmo njihovo pravilno zapisovanje na vseh dokumentih, prosimo za dvojezične
            izkaznice in potrdila ter uporabljajmo slovenščino v odnosu z javno upravo." Posamezniki ali organizacije se
            lahko s službo povežejo preko že omenjene spletne strani oziroma lahko pišejo na e-mail naslov
            info@zajezik.eu ali se obrnejo na urade krovnih organizacij".
        </article-text>
        <article-text-transliterated>Zaščito avtohtone slovenske narodne skupnosti v Italiji opredeljuje več pravnih
            aktov. Včeraj smo pisali o zamejskemu Slovencu, od katerega sta kontrolorja podjetja Triesti Transporti
            zahtevala, da govori v italijanskem jeziku, čeprav se je skliceval na 8. člen Zakona 38/2001. Bi mu morali
            zagotoviti tolmača oziroma z njim govoriti v slovenščini? Kako lahko v takem primeru ravna pripadnik
            manjšine – torej, da naleti na gluha ušesa zaposlenih v podjetjih, "ki na osnovi koncesij opravljajo
            storitve javne koristi", oziroma krajevnih upravnih in sodnih oblasti?
            VIDEO: V Trstu sta zamejskemu Slovencu ponavljala, da se v Italiji govori italijansko

            Za odgovore smo se obrnili na Urad Vlade RS za Slovence v zamejstvu in po svetu. Kot so nam pojasnili,
            zaščito avtohtone slovenske narodne skupnosti v Italiji opredeljuje več pravnih aktov, "med njimi 6. člen
            italijanske Ustave iz leta 1948, Londonski memorandum (l. 1954), Osimski sporazumi (l. 1975), splošni Zakon
            št. 482 o zaščiti jezikovnih manjšin v Italiji (l. 1999), in seveda Zakon št. 38 o zaščiti slovenske
            jezikovne manjšine iz leta 2001. Ta tako imenovani Zaščitni zakon določa ozemeljski obseg manjšinske
            skupnosti, jezikovne pravice in dvojezičnost v javnem življenju, zagotavlja obstoj šolskih in kulturnih
            institucij, vračanje nepremičnin ter finančna sredstva. Ne glede na to v desetletju po sprejetju zakona
            njegove določbe niso bile sistemsko in učinkovito vgrajene v druge (deželne in občinske) zakone. Na deželni
            ravni je skupnost zaščitena z Deželnimi določili za zaščito slovenske jezikovne manjšine (26/2007)".
            Z izjemo mesta Trst
            4. člen Zaščitnega zakona določa, da se ukrepi za zaščito slovenske manjšine izvajajo na ozemlju, kjer je
            manjšina zgodovinsko prisotna, so dodali. "Tako je v ozemeljski obseg izvajanja zakona vključenih 32 občin v
            Avtonomni deželi Furlaniji Julijski krajini. Med njimi je tudi občina Trst, z izjemo mesta Trst," so
            zapisali.
            Nekatere občine so se kmalu prilagodile, druge ...
            V 8. členu na začetku omenjenega zakona je slovenski manjšini priznana pravica do rabe slovenščine "v
            odnosih s krajevnimi upravnimi in sodnimi oblastmi, kakor tudi s podjetji, ki na osnovi koncesij opravljajo
            storitve javne koristi. Pravico do odgovora v slovenskem jeziku imajo tudi v ustnih sporočilih, praviloma
            neposredno ali s tolmačem, pri dopisovanju pa vsaj s prevodom, ki je priložen italijanskemu besedilu".
            Zaščitni zakon je za uveljavitev teh pravic predvidel "prilagoditev uradov in notranjo organizacijo ter
            zagotovitev ustreznega osebja". "Nekatere občine so se temu kmalu prilagodile, nekatere so ustanovile tako
            imenovana slovenska okenca, sedaj pa je končno začel delovati tudi Deželni urad za slovenski jezik s svojimi
            izpostavami."
            Za dosledno izvajanje zakonodaje
            Pripadnikom slovenske narodne skupnosti sta za pomoč pri uveljavljanju jezikovnih pravic krovni organizaciji
            Slovencev v Italiji Slovenska kulturno gospodarska zveza in Svet slovenskih organizacij ustanovili službo za
            jezikovne pravice ZaJezik, "ki nudi pomoč posameznikom pri izbiri najprimernejšega postopka in pri
            argumentiranju zahtev. Tako lahko tudi v tem konkretnem primeru pripadnika slovenske narodne skupnosti
            napotimo na to službo, ki se tudi z nasveti odvetnikov posameznikom trudi, da bi se zaščitna zakonodaja
            dosledno izvajala. Na spletni strani službe ZaJezik je navedeno, da bodo tu "posamezniki lahko našli
            koristne informacije, obrazce in še marsikaj drugega, kar jim bo pomagalo pri uveljavljanju jezikovnih
            pravic. Slovenščina je namreč odvisna od nas, kot ugotavljajo tudi pobudniki pravne službe, pa danes še
            vedno premalo ljudi uveljavlja jezikovne pravice oziroma se marsikdo ne zaveda njihovega pomena. Zato
            prispevajmo k uveljavitvi jezikovnih pravic Slovencev v FJK, povrnimo si priimke in imena v izvorno
            slovensko obliko ter zahtevajmo njihovo pravilno zapisovanje na vseh dokumentih, prosimo za dvojezične
            izkaznice in potrdila ter uporabljajmo slovenščino v odnosu z javno upravo." Posamezniki ali organizacije se
            lahko s službo povežejo preko že omenjene spletne strani oziroma lahko pišejo na e-mail naslov
            info@zajezik.eu ali se obrnejo na urade krovnih organizacij".
        </article-text-transliterated>
    </article>
    <comments>
        <comments-count>7</comments-count>
        <comment-list>
            <comment comment-id="1">
                <comment-parent-id>,</comment-parent-id>
                <comment-text>Kje je sedaj Cerar in Ministrstvo za zunanje zadeve???? Ne rabimo jih, da lapajo neke
                    neumnosti ampak takrat, ko jih Slovenci rabimo!!!!! Birokrati bedni!
                </comment-text>
                <comment-text-transliterated>Kje je sedaj Cerar in Ministrstvo za zunanje zadeve???? Ne rabimo jih, da
                    lapajo neke neumnosti ampak takrat, ko jih Slovenci rabimo!!!!! Birokrati bedni!
                </comment-text-transliterated>
            </comment>
            <comment comment-id="1-1">
                <comment-parent-id>1</comment-parent-id>
                <comment-text>Pusti cmerarja pri miru vidis da je prevec utrujen od samih lazeh naj se spocine na
                    dopustu
                </comment-text>
                <comment-text-transliterated>Pusti cmerarja pri miru vidis da je prevec utrujen od samih lazeh naj se
                    spocine na dopustu
                </comment-text-transliterated>
            </comment>
            <comment comment-id="2">
                <comment-parent-id>,</comment-parent-id>
                <comment-text>Pri 1000+1 problemi,ki jih slovenci imamo,bi se morali državni organi ukvarjati še
                    banalnimi zadevami posameznikov,ki iščejo 5 minut slave.Če se v svoji okolici ne znajdeš prav
                    dobro,svet je velik.....O
                </comment-text>
                <comment-text-transliterated>Pri 1000+1 problemi,ki jih slovenci imamo,bi se morali državni organi
                    ukvarjati še banalnimi zadevami posameznikov,ki iščejo 5 minut slave.Če se v svoji okolici ne
                    znajdeš prav dobro,svet je velik.....O
                </comment-text-transliterated>
            </comment>
            <comment comment-id="3">
                <comment-parent-id>,</comment-parent-id>
                <comment-text>NAMERNA PROVOKACIJA FAK YOU SLO</comment-text>
                <comment-text-transliterated>NAMERNA PROVOKACIJA FAK YOU SLO</comment-text-transliterated>
            </comment>
            <comment comment-id="3-1">
                <comment-parent-id>3</comment-parent-id>
                <comment-text>Ha ha cetnik blesav</comment-text>
                <comment-text-transliterated>Ha ha cetnik blesav</comment-text-transliterated>
            </comment>
            <comment comment-id="4">
                <comment-parent-id>,</comment-parent-id>
                <comment-text>Kdor pozna italijane ve,da so totalni antitalenti kar se tiče poznavanja tujih
                    jezikov...in ko se srečajo s slovenščino,postane breme še težje....jaz osebno jim ne zamerim
                    več...ni vredno zgubljat živcev;)
                </comment-text>
                <comment-text-transliterated>Kdor pozna italijane ve,da so totalni antitalenti kar se tiče poznavanja
                    tujih jezikov...in ko se srečajo s slovenščino,postane breme še težje....jaz osebno jim ne zamerim
                    več...ni vredno zgubljat živcev;)
                </comment-text-transliterated>
            </comment>
            <comment comment-id="5">
                <comment-parent-id>,</comment-parent-id>
                <comment-text>Pa kakšen smisel ima vse to? So to pravice ali bolj kaprice? Italijanski državljan, s
                    karabinjerji govori italijansko v pričo dveh soudeležencev, ki jima v slovenščini odgovarja na
                    italijansko besedilo, kar zopet nakazuje, da zna italijansko.... Kretenizem
                </comment-text>
                <comment-text-transliterated>Pa kakšen smisel ima vse to? So to pravice ali bolj kaprice? Italijanski
                    državljan, s karabinjerji govori italijansko v pričo dveh soudeležencev, ki jima v slovenščini
                    odgovarja na italijansko besedilo, kar zopet nakazuje, da zna italijansko.... Kretenizem
                </comment-text-transliterated>
            </comment>
        </comment-list>
    </comments>
</document>