<document global-id="si-05-1298"><url>https://novice.svet24.si//clanek/novice/svet/5a3beff7144b7/ryanairovi-piloti-bodo-stavkali</url><source-id>si-05</source-id><local-id>si-05-1298</local-id><source-name>Svet24</source-name><article><article-title>Ryanairovi piloti bodo stavkali</article-title><article-title-transliterated>Ryanairovi piloti bodo stavkali</article-title-transliterated><article_time>2017-12-21</article_time><article-author>G.G./STA</article-author><article-text>Nemški sindikat Vereinigung Cockpit je sporočil, da so k stavki pozvali vse pilote, ki so zaposleni neposredno pri Ryanairu. Če bodo sledili pozivu, bo to prva stavka Ryanairovih pilotov v 32-letni zgodovini družbe.
Stavka naj bi potekala med 5. in 9. uro zjutraj. Koliko pilotov naj bi stavkalo, v sindikatu niso navedli. Sporočili niso niti pričakovanega števila letov, na katere bo stavka vplivala. Poudarili so, da morebitne nevšečnosti zaradi odpovedi letov sicer obžalujejo, in potnike pozvali, naj se za podrobne informacije obrnejo na Ryanair.
Delovni pogoji in plačilo za deloipromZone(1525);
Ryanair je prvič v 32-letni zgodovini pristal na to, da sindikati postanejo partnerji v socialnem dialogu. Podjetje se je pod velikim pritiskom znašlo predvsem po fiasku s številnimi odpovedmi letov zaradi slabega načrtovanja. Do marca 2018 so odpovedali 20.000 poletov.
Glavno jabolko spora so delovni pogoji in plačilo za delo, glede česar nasprotnima stranema še vedno ni uspelo najti skupnega jezika. Sindikat družbi očita, da je ta teden prekinila pogovore, ker sta dva od petih članov sindikata, ki sodelujejo pri pogajanjih, družbi očitala pomanjkanje želje po konstruktivnih pogajanjih. Prepričani so, da želi Ryanair le pridobiti čas, da do pogajanj in stavkovnih aktivnosti ne bi prišlo v predprazničnem času.
Za prevoznika je to nov udarec, ki je prišel le nekaj ur po tem, ko so uspeli skleniti dogovor z irskim sindikatom Impact in s tem preprečiti predbožični kaos na domačih letališčih.
Ryanair je na zahtevo pilotov, naj jim dovoli združevanje v okviru sindikatov, pristal prejšnji petek. "Božični poleti so zelo pomembni za naše stranke, zato želim odpraviti vse skrbi glede morebitnih odpovedi," je takrat dejal izvršni direktor družbe Michael O'Leary.
Piloti Ryanaira na Irskem so tako odpovedali napovedano enodnevno stavko, ki naj bi jo izvedli v sredo. Načrtovanim sindikalnim akcijam so se začasno odpovedali tudi piloti v Italiji in na Portugalskem.</article-text><article-text-transliterated>Nemški sindikat Vereinigung Cockpit je sporočil, da so k stavki pozvali vse pilote, ki so zaposleni neposredno pri Ryanairu. Če bodo sledili pozivu, bo to prva stavka Ryanairovih pilotov v 32-letni zgodovini družbe.
Stavka naj bi potekala med 5. in 9. uro zjutraj. Koliko pilotov naj bi stavkalo, v sindikatu niso navedli. Sporočili niso niti pričakovanega števila letov, na katere bo stavka vplivala. Poudarili so, da morebitne nevšečnosti zaradi odpovedi letov sicer obžalujejo, in potnike pozvali, naj se za podrobne informacije obrnejo na Ryanair.
Delovni pogoji in plačilo za deloipromZone(1525);
Ryanair je prvič v 32-letni zgodovini pristal na to, da sindikati postanejo partnerji v socialnem dialogu. Podjetje se je pod velikim pritiskom znašlo predvsem po fiasku s številnimi odpovedmi letov zaradi slabega načrtovanja. Do marca 2018 so odpovedali 20.000 poletov.
Glavno jabolko spora so delovni pogoji in plačilo za delo, glede česar nasprotnima stranema še vedno ni uspelo najti skupnega jezika. Sindikat družbi očita, da je ta teden prekinila pogovore, ker sta dva od petih članov sindikata, ki sodelujejo pri pogajanjih, družbi očitala pomanjkanje želje po konstruktivnih pogajanjih. Prepričani so, da želi Ryanair le pridobiti čas, da do pogajanj in stavkovnih aktivnosti ne bi prišlo v predprazničnem času.
Za prevoznika je to nov udarec, ki je prišel le nekaj ur po tem, ko so uspeli skleniti dogovor z irskim sindikatom Impact in s tem preprečiti predbožični kaos na domačih letališčih.
Ryanair je na zahtevo pilotov, naj jim dovoli združevanje v okviru sindikatov, pristal prejšnji petek. "Božični poleti so zelo pomembni za naše stranke, zato želim odpraviti vse skrbi glede morebitnih odpovedi," je takrat dejal izvršni direktor družbe Michael O'Leary.
Piloti Ryanaira na Irskem so tako odpovedali napovedano enodnevno stavko, ki naj bi jo izvedli v sredo. Načrtovanim sindikalnim akcijam so se začasno odpovedali tudi piloti v Italiji in na Portugalskem.</article-text-transliterated></article><comments><comments-count>0</comments-count><comments-list /></comments></document>