<?xml version="1.0" encoding="utf-8"?>
<document global-id="si-05-1400">
	<url>https://novice.svet24.si//clanek/zabava/estrada/5a9cde902371c/oblika-vode-guillerma-del-tora-s-stirimi-oskarji-tudi-za-najboljsi-film</url>
	<source-id>si-05</source-id>
	<local-id>1400</local-id>
	<source-name>Svet24</source-name>
	<article>
		<article-title>So se napovedi uresničile? Največ oskarjev je dobil ...</article-title>
		<article-title-transliterated>So se napovedi uresničile? Največ oskarjev je dobil ...</article-title-transliterated>
		<article-time>2018-03-05</article-time>
		<article-author>J.P./STA</article-author>
		<article-text>Voditelj podelitve Jimmy Kimmel se je pošalil, da je Oblika vode ustrezen film za današnje čase, ker se morajo ženske zaradi nadlegovanj in napadov moških po novem zaljubiti v ribe. Kimmel je tudi kipec, nagrado oskar, opisal kot idealnega moškega za Hollywood, ker ima roke na vidnem mestu ob sebi, poleg tega pa nima penisa.
ProfimediaSam Rockwell, Frances McDormand, Allison Janney in Gary Oldman
Nagrajenci
Film Oblika vode je dobil še oskarja za režijo (Guillermo del Toro), za izvirno glasbo (Alexandre Desplat) in scenografijo (Paul Denham Austerberry). Dunkirk je osvojil tri oskarje v tehničnih kategorija - (montaža, oblikovanje zvoka ter montaža filma.

S tremi oskarji je Obliki vode sledila vojna drama Dunkirk, po dva oskarja pa sta dobila filma Najtemnejša ura in Trije plakati pred mestom.

Za Najtemnejšo uro je oskarja za glavno moško vlogo v skladu s pričakovanji osvojil Gary Oldman z upodobitvijo Winstona Churchilla, film pa je prejel tudi oskarja za masko.
Frances McDormand je za film Trije plakati pred mestom osvojila oskarja za glavno žensko vlogo, Sam Rockwell pa je v istem filmu dobil oskarja za stransko moško vlogo.
Iztrebljevalec 2049 je dobil oskarja za vizualne učinke in fotografijo, film Koko in velika skrivnost je dobil oskarja za celovečerni animirani film in izvirno pesem, nagrado za najboljši film v tujem jeziku pa je osvojil film Fantastična ženska (Čile).
Med nagrajenci so bili tudi filmi Jaz, Tonya (Allison Janney za stransko žensko vlogo), Fantastična nit (kostumografija), Pokliči me po svojem imenu (priredba scenarija) ter Zbeži! (izvirni scenarij).
Padanje gledanosti
ipromZone(1525);Letos izrazitega favorita za oskarje ni bilo. Del Toro je postal šele tretji Mehičan z oskarjem po Alejandru Inarrituju in Alfonsu Cuaronu, najmanj dvakrat pa se je slišal vzklik &quot;Živela Mehika&quot;, vendar pri animiranem filmu Koko in velika skrivnost.
Podelitev oskarjev je minila v znamenju trenutnih vročih družbenih in političnih tem, vendar te niso prevladovale. Oskarji se soočajo s padanjem gledanost. Kimmel je namignil, da je to morda zaradi predolge podelitve, zato je letos uvedel posebno nagrado za najkrajši zmagoslavni govor - vodni skuter.
Ker ga niso vzeli preveč resno, je kasneje navrgel še bivanje v cenenem hotelu Days Inn na jezeru. Nagrado je namerno ali ne na koncu osvojil dobitnik oskarja za kostumografijo (Mark Bridges - Fantomska nit).
Na oskarjih proti spolnemu nadlegovanju in nasilju niso protestirali z oblačili kot na zlatih globusih, vendar je bila tema prisotna. Ashley Judd, Anabella Sciorra in Salma Hayek, ki so nekdanjega slavnega producenta Harveyja Weinsteina obtožile spolnega nadlegovanja, so spregovorile o gibanju Jaz tudi/Me too, ki je nastalo zaradi Weinsteina in njemu podobnih.
Priseljenca Lupita Nyong'o in Kumail Nanjiani sta opozorila na nezakonite priseljence, ki so jih v ZDA mladoletne pripeljali starši, Kimmel je opozarjal na pomanjkanje režiserk in enakopravnosti zaslužkov med moškimi in ženskami, nekaj zbadanja je bilo na račun ideje predsednika Donalda Trumpa o zidu na meji z Mehiko.
Trump ni bil v ospredju in so ga omenili morda le enkrat, tako kot podpredsednika ZDA Mika Pencea, ki ni naklonjen homoseksualcem. Kimmel se je pošalil, da filme kot je Pokliči me po svojem imenu delajo samo zato, da ga ujezijo. To jim je uspelo tudi s podelitvijo oskarja filmu Fantastična ženska, v katerem nastopa trans ženska, igralka Daniele Vega.
Največ šal je bilo slišati na račun lanskoletne podelitve, ko sta Warren Beatty in Faye Dunaway dobila v roke napačno ovojnico z oskarjem za najboljši film. Podelili so ga Deželi La La, ga takoj vzeli nazaj in dali pravemu zmagovalcu Mesečini. Letos sta med zbadanjem in smehom dobila še eno priložnost in tokrat je vse šlo gladko.
&quot;Zdaj vsaj vemo, da Putin ni priredil te izbire,&quot; je ob podelitvi oskarja za dokumentarni film Icarus, ki je razkril dopinški škandal v ruskih športih, dejal Kimmel. Ruskega predsednika Vladimirja Putina ameriški obveščevalci obtožujejo, da je leta 2016 pomagal do zmage Trumpu.
Seznam nominacij je obetal več zgodovinskih prelomnic, do nekaterih je na koncu res prišlo. Jordan Peele je bil za svoj film Zbeži! nominiran za tri oskarje in na koncu je postal prvi temnopolti dobitnik oskarja za izvirni scenarij.
Christopherju Plummerju ni uspelo dobiti oskarja za stransko moško vlogo in z 88 leti postati najstarejši dobitnik oskarja v tej kategoriji, vendar je to z 89 leti uspelo Jamesu Ivoryju, ki je dobil oskarja za priredbo scenarija (Pokliči me po svojem imenu).
Rachel Morrison (Mudbound) ni postala prva dobitnica oskarja za fotografijo, po 14. nominacijah pa je to le uspelo Rogerju Deakinsu (Iztrebljevalec 2049).</article-text>
		<article-text-transliterated>Voditelj podelitve Jimmy Kimmel se je pošalil, da je Oblika vode ustrezen film za današnje čase, ker se morajo ženske zaradi nadlegovanj in napadov moških po novem zaljubiti v ribe. Kimmel je tudi kipec, nagrado oskar, opisal kot idealnega moškega za Hollywood, ker ima roke na vidnem mestu ob sebi, poleg tega pa nima penisa.
ProfimediaSam Rockwell, Frances McDormand, Allison Janney in Gary Oldman
Nagrajenci
Film Oblika vode je dobil še oskarja za režijo (Guillermo del Toro), za izvirno glasbo (Alexandre Desplat) in scenografijo (Paul Denham Austerberry). Dunkirk je osvojil tri oskarje v tehničnih kategorija - (montaža, oblikovanje zvoka ter montaža filma.

S tremi oskarji je Obliki vode sledila vojna drama Dunkirk, po dva oskarja pa sta dobila filma Najtemnejša ura in Trije plakati pred mestom.

Za Najtemnejšo uro je oskarja za glavno moško vlogo v skladu s pričakovanji osvojil Gary Oldman z upodobitvijo Winstona Churchilla, film pa je prejel tudi oskarja za masko.
Frances McDormand je za film Trije plakati pred mestom osvojila oskarja za glavno žensko vlogo, Sam Rockwell pa je v istem filmu dobil oskarja za stransko moško vlogo.
Iztrebljevalec 2049 je dobil oskarja za vizualne učinke in fotografijo, film Koko in velika skrivnost je dobil oskarja za celovečerni animirani film in izvirno pesem, nagrado za najboljši film v tujem jeziku pa je osvojil film Fantastična ženska (Čile).
Med nagrajenci so bili tudi filmi Jaz, Tonya (Allison Janney za stransko žensko vlogo), Fantastična nit (kostumografija), Pokliči me po svojem imenu (priredba scenarija) ter Zbeži! (izvirni scenarij).
Padanje gledanosti
ipromZone(1525);Letos izrazitega favorita za oskarje ni bilo. Del Toro je postal šele tretji Mehičan z oskarjem po Alejandru Inarrituju in Alfonsu Cuaronu, najmanj dvakrat pa se je slišal vzklik &quot;Živela Mehika&quot;, vendar pri animiranem filmu Koko in velika skrivnost.
Podelitev oskarjev je minila v znamenju trenutnih vročih družbenih in političnih tem, vendar te niso prevladovale. Oskarji se soočajo s padanjem gledanost. Kimmel je namignil, da je to morda zaradi predolge podelitve, zato je letos uvedel posebno nagrado za najkrajši zmagoslavni govor - vodni skuter.
Ker ga niso vzeli preveč resno, je kasneje navrgel še bivanje v cenenem hotelu Days Inn na jezeru. Nagrado je namerno ali ne na koncu osvojil dobitnik oskarja za kostumografijo (Mark Bridges - Fantomska nit).
Na oskarjih proti spolnemu nadlegovanju in nasilju niso protestirali z oblačili kot na zlatih globusih, vendar je bila tema prisotna. Ashley Judd, Anabella Sciorra in Salma Hayek, ki so nekdanjega slavnega producenta Harveyja Weinsteina obtožile spolnega nadlegovanja, so spregovorile o gibanju Jaz tudi/Me too, ki je nastalo zaradi Weinsteina in njemu podobnih.
Priseljenca Lupita Nyong'o in Kumail Nanjiani sta opozorila na nezakonite priseljence, ki so jih v ZDA mladoletne pripeljali starši, Kimmel je opozarjal na pomanjkanje režiserk in enakopravnosti zaslužkov med moškimi in ženskami, nekaj zbadanja je bilo na račun ideje predsednika Donalda Trumpa o zidu na meji z Mehiko.
Trump ni bil v ospredju in so ga omenili morda le enkrat, tako kot podpredsednika ZDA Mika Pencea, ki ni naklonjen homoseksualcem. Kimmel se je pošalil, da filme kot je Pokliči me po svojem imenu delajo samo zato, da ga ujezijo. To jim je uspelo tudi s podelitvijo oskarja filmu Fantastična ženska, v katerem nastopa trans ženska, igralka Daniele Vega.
Največ šal je bilo slišati na račun lanskoletne podelitve, ko sta Warren Beatty in Faye Dunaway dobila v roke napačno ovojnico z oskarjem za najboljši film. Podelili so ga Deželi La La, ga takoj vzeli nazaj in dali pravemu zmagovalcu Mesečini. Letos sta med zbadanjem in smehom dobila še eno priložnost in tokrat je vse šlo gladko.
&quot;Zdaj vsaj vemo, da Putin ni priredil te izbire,&quot; je ob podelitvi oskarja za dokumentarni film Icarus, ki je razkril dopinški škandal v ruskih športih, dejal Kimmel. Ruskega predsednika Vladimirja Putina ameriški obveščevalci obtožujejo, da je leta 2016 pomagal do zmage Trumpu.
Seznam nominacij je obetal več zgodovinskih prelomnic, do nekaterih je na koncu res prišlo. Jordan Peele je bil za svoj film Zbeži! nominiran za tri oskarje in na koncu je postal prvi temnopolti dobitnik oskarja za izvirni scenarij.
Christopherju Plummerju ni uspelo dobiti oskarja za stransko moško vlogo in z 88 leti postati najstarejši dobitnik oskarja v tej kategoriji, vendar je to z 89 leti uspelo Jamesu Ivoryju, ki je dobil oskarja za priredbo scenarija (Pokliči me po svojem imenu).
Rachel Morrison (Mudbound) ni postala prva dobitnica oskarja za fotografijo, po 14. nominacijah pa je to le uspelo Rogerju Deakinsu (Iztrebljevalec 2049).</article-text-transliterated>
	</article>
	<comments>
		<comments-count>0</comments-count>
		<comments-list/>
	</comments>
</document>
