<document global-id="si-05-1403"><url>https://novice.svet24.si//clanek/novice/crna-kronika/5965fa4726304/sojenje-za-smrt-jeseniske-deklice-odvetnica-matere-umrle-arine-pravi-da-se-prevajajo</url><source-id>si-05</source-id><local-id>si-05-1403</local-id><source-name>Svet24</source-name><article><article-title>Sojenje za smrt jeseniške deklice: odvetnica matere umrle Arine pravi, da še prevajajo</article-title><article-title-transliterated>Sojenje za smrt jeseniške deklice: odvetnica matere umrle Arine pravi, da še prevajajo</article-title-transliterated><article_time>2017-07-12</article_time><article-author>J.P./STA</article-author><article-text>Na zadnji junijski obravnavi v primeru sojenja Sandi Alibabić in Mirzanu Jakupiju za smrt njune hčerke oziroma pastorke je sodnica prebrala dopolnjeno mnenje sodnega izvedenca medicinske stroke Antona Laha, ki za razliko od lečečih zdravnikov meni, da deklica predhodno ni utrpela zloma reber, kar naj bi bilo po mnenju lečečih zdravnikov vidno iz posnetka pljuč. Tožilka Tina Lesar je zaradi različnih mnenj že takrat predlagala postavitev novega izvedenca, o katerem sodnica Milena Turuk takrat še ni odločila.
Kot je pojasnila Roblekova, se je nato sodnica na predlog tožilke odločila za postavitev še dveh sodnih izvedencev, in sicer rentgenologa in travmatologa, ki mnenje še pripravljata.
Prav tako po navedbah odvetnice še prevajajo pisma, ki sta si jih izmenjevala obdolžena, pri čemer imajo tolmači kompleksno delo, saj so Jakupijeva pisma napisana v mešanici jezikov.
ipromZone(1525);Prihodnji teden oziroma še pred avgustom
Roblekova pričakuje, da bi se sojenje lahko nadaljevalo prihodnji teden oziroma še pred avgustom. Zaradi pripora obdolženih bodo namreč obravnave razpisane tudi v času sodnih počitnic, ki se začnejo v soboto.
Kot je pojasnila Roblekova, bosta sicer potrebni še ena ali dve obravnavi, da bo dokazni postopek v tem primeru končan. Pričakuje, da bo to do konca avgusta, sledijo pa zaključne besede.
Alibabićeva in Jakupi sta sicer obtožena zanemarjanja mladoletnega otroka in surovo ravnanje ter več kaznivih dejanj povzročitve telesnih poškodb različnih kategorij. Med drugim gre tudi za hudo telesno poškodbo, ki je vodila v smrt deklice 4. julija lani. Oba sta krivdo zanikala.</article-text><article-text-transliterated>Na zadnji junijski obravnavi v primeru sojenja Sandi Alibabić in Mirzanu Jakupiju za smrt njune hčerke oziroma pastorke je sodnica prebrala dopolnjeno mnenje sodnega izvedenca medicinske stroke Antona Laha, ki za razliko od lečečih zdravnikov meni, da deklica predhodno ni utrpela zloma reber, kar naj bi bilo po mnenju lečečih zdravnikov vidno iz posnetka pljuč. Tožilka Tina Lesar je zaradi različnih mnenj že takrat predlagala postavitev novega izvedenca, o katerem sodnica Milena Turuk takrat še ni odločila.
Kot je pojasnila Roblekova, se je nato sodnica na predlog tožilke odločila za postavitev še dveh sodnih izvedencev, in sicer rentgenologa in travmatologa, ki mnenje še pripravljata.
Prav tako po navedbah odvetnice še prevajajo pisma, ki sta si jih izmenjevala obdolžena, pri čemer imajo tolmači kompleksno delo, saj so Jakupijeva pisma napisana v mešanici jezikov.
ipromZone(1525);Prihodnji teden oziroma še pred avgustom
Roblekova pričakuje, da bi se sojenje lahko nadaljevalo prihodnji teden oziroma še pred avgustom. Zaradi pripora obdolženih bodo namreč obravnave razpisane tudi v času sodnih počitnic, ki se začnejo v soboto.
Kot je pojasnila Roblekova, bosta sicer potrebni še ena ali dve obravnavi, da bo dokazni postopek v tem primeru končan. Pričakuje, da bo to do konca avgusta, sledijo pa zaključne besede.
Alibabićeva in Jakupi sta sicer obtožena zanemarjanja mladoletnega otroka in surovo ravnanje ter več kaznivih dejanj povzročitve telesnih poškodb različnih kategorij. Med drugim gre tudi za hudo telesno poškodbo, ki je vodila v smrt deklice 4. julija lani. Oba sta krivdo zanikala.</article-text-transliterated></article><comments><comments-count>0</comments-count><comments-list /></comments></document>