<?xml version="1.0" encoding="utf-8"?>
<document global-id="si-05-1083">
	<url>https://novice.svet24.si//clanek/novice/slovenija/567430d520fd4/pametni-televizorji-neskoncna-zabava-po-meri</url>
	<source-id>si-05</source-id>
	<local-id>1083</local-id>
	<source-name>Svet24</source-name>
	<article>
		<article-title>Pametni televizorji: neskončna zabava po meri</article-title>
		<article-title-transliterated>Pametni televizorji: neskončna zabava po meri</article-title-transliterated>
		<article-time>2015-12-18</article-time>
		<article-author>Oglasno sporočilo</article-author>
		<article-text>TV je vir neskončnih vsebin 
TV je danes veliko več kot nekdanja 'škatla', omejena na predvajanje TV-programov. Integracija operacijskega sistema Android v televizorje je na velike zaslone prinesla neskončne vsebine. Dostop do teh nam omogočajo Googlova orodja, kot je trgovina Google PlayTM, preko katere dostopamo do številnih aplikacij, od informativnih, do najljubših iger. Igre na velikem zaslonu nam še dodatno poženejo adrenalin, druge izbrane vsebine pa so še toliko boljši vir sprostitve, ko si želimo nekaj časa zase. Preko spletnih brskalnikov lahko namreč vstopamo tudi na svetovni splet in si ogledamo karkoli in kadarkoli to želimo.

Pametno povezovanje in upravljanje 



Funkcija Google Cast omogoča, da televizor povežemo z drugimi pametnimi napravami. Tako razširimo svojo pametno izkušnjo. Nov sistem Android prinaša tudi bolj pregleden meni v slovenskem jeziku. Ta nam glede na našo zgodovino uporabe priporoča vsebine, kar pomeni manj iskanja in več gledanja. Pametni televizorji zahtevajo pametno upravljanje, ki pa je z daljinskim upravljalnikom s tipkovnico povsem preprosto in intuitivno.
Neskončni užitki ob kakovostni sliki 
Kakovost slike je prav tako pomembna, kot vsebina, ki jo gledamo. 4K Ultra HDponuja kar štirikrat boljšo ločljivost slike kot Full HD. 8 milijonov slikovnih pik poskrbi, da vidimo bolj ostro, podrobnejšo in pristnejšo sliko.

Dogajanje z zaslona v celoten prostor 
Edinstvena Philipsova tehnologija Ambilight vsebino z zaslona s svetlobnim sijem z robov televizorja ponese v prostor. Naše gledanja je tako še bolj poglobljeno, saj svetloba sledi dogajanju na zaslonu in dodatno razširi doživetje. Intenzivnost svetlobe in njenega gibanja lahko prilagajamo tudi glede na naše razpoloženje in ob akcijah izberemo živahne barve, ob romantičnem filmu pa nežne. 
5 let podaljšanega jamstva 
Za nakup kateregakoli Philipsovega televizorja Ambilight letnik 2014 in 2015 do vključno 31. 1. 2016 velja podaljšano kar 5-letno jamstvo. Več o pogojih posebne akcije izveste na www.tv-ecp.eu.</article-text>
		<article-text-transliterated>TV je vir neskončnih vsebin 
TV je danes veliko več kot nekdanja 'škatla', omejena na predvajanje TV-programov. Integracija operacijskega sistema Android v televizorje je na velike zaslone prinesla neskončne vsebine. Dostop do teh nam omogočajo Googlova orodja, kot je trgovina Google PlayTM, preko katere dostopamo do številnih aplikacij, od informativnih, do najljubših iger. Igre na velikem zaslonu nam še dodatno poženejo adrenalin, druge izbrane vsebine pa so še toliko boljši vir sprostitve, ko si želimo nekaj časa zase. Preko spletnih brskalnikov lahko namreč vstopamo tudi na svetovni splet in si ogledamo karkoli in kadarkoli to želimo.

Pametno povezovanje in upravljanje 



Funkcija Google Cast omogoča, da televizor povežemo z drugimi pametnimi napravami. Tako razširimo svojo pametno izkušnjo. Nov sistem Android prinaša tudi bolj pregleden meni v slovenskem jeziku. Ta nam glede na našo zgodovino uporabe priporoča vsebine, kar pomeni manj iskanja in več gledanja. Pametni televizorji zahtevajo pametno upravljanje, ki pa je z daljinskim upravljalnikom s tipkovnico povsem preprosto in intuitivno.
Neskončni užitki ob kakovostni sliki 
Kakovost slike je prav tako pomembna, kot vsebina, ki jo gledamo. 4K Ultra HDponuja kar štirikrat boljšo ločljivost slike kot Full HD. 8 milijonov slikovnih pik poskrbi, da vidimo bolj ostro, podrobnejšo in pristnejšo sliko.

Dogajanje z zaslona v celoten prostor 
Edinstvena Philipsova tehnologija Ambilight vsebino z zaslona s svetlobnim sijem z robov televizorja ponese v prostor. Naše gledanja je tako še bolj poglobljeno, saj svetloba sledi dogajanju na zaslonu in dodatno razširi doživetje. Intenzivnost svetlobe in njenega gibanja lahko prilagajamo tudi glede na naše razpoloženje in ob akcijah izberemo živahne barve, ob romantičnem filmu pa nežne. 
5 let podaljšanega jamstva 
Za nakup kateregakoli Philipsovega televizorja Ambilight letnik 2014 in 2015 do vključno 31. 1. 2016 velja podaljšano kar 5-letno jamstvo. Več o pogojih posebne akcije izveste na www.tv-ecp.eu.</article-text-transliterated>
	</article>
	<comments>
		<comments-count>0</comments-count>
		<comments-list/>
	</comments>
</document>
