<document global-id="si-05-1364">
    <url>https://novice.svet24.si/clanek/novice/slovenija/550738325473d/slovenija-se-boji-treh-bolezni-iz-italije</url>
    <source-id>si-05</source-id>
    <local-id>1364</local-id>
    <source-name>Svet24</source-name>
    <article>
        <article-title>Slovenija se boji treh bolezni iz Italije</article-title>
        <article-title-transliterated>Slovenija se boji treh bolezni iz Italije</article-title-transliterated>
        <article-time>2015-03-16</article-time>
        <article-author>STA/M.J.</article-author>
        <article-text>Kmetijski ministri EU so danes v Bruslju razpravljali o bakterijski bolezni, ki napada predvsem
            oljke in je od leta 2013 prisotna v južni Italiji. Slovenski kmetijski minister Dejan Židan je ob tem
            opozoril, da se v Sloveniji bojijo treh bolezni iz Italije - poleg te bakterije še bolezni modrega jezika in
            malega panjskega hrošča. Bolezen, ki jo povzroča bakterija Xylella fastidiosa, se širi, zato je Evropska
            komisija spodbudila razpravo o možnih ukrepih za njeno omejitev. Slovenija je kot sosednja država in
            proizvajalka oljčnega olja zaskrbljena nad stanjem na tem področju, je pojasnil Židan.

            Bakterijska bolezen se najbolj širi s sadikami, delno z insekti, glavna težava pa je v tem, da je ukrepanje
            nemogoče, razen z uničevanjem nasadov, zato si Slovenija močno želi, da Italija to težavo obvlada, je
            povedal minister.

            To je sicer po Židanovih besedah ena od treh bolezni, ki se jih Slovenija boji iz Italije. Druga je bolezen
            modrega jezika, ki je nevarna za drobnico in govedo, tretja pa mali panjski hrošč, ki ogroža čebele.
            V povezavi z boleznijo modrega jezika je minister opozoril, da morajo biti rejci zelo pazljivi, ter
            pojasnil, da imata podobne težave kot Italija tudi Hrvaška in Madžarska.
            V povezavi z malim panjskim hroščem pa je povedal, da so opravili intenzivne pogovore s čebelarji in
            pripravili pravno ogrodje za možnost takojšnjega odziva, če se ta pojavi. Gre za uničenje panjev, ki ga
            financira država, saj bo le v tem primeru čebelar zainteresiran, da se odzove pravočasno, je še pojasnil
            minister.
        </article-text>
        <article-text-transliterated>Kmetijski ministri EU so danes v Bruslju razpravljali o bakterijski bolezni, ki
            napada predvsem oljke in je od leta 2013 prisotna v južni Italiji. Slovenski kmetijski minister Dejan Židan
            je ob tem opozoril, da se v Sloveniji bojijo treh bolezni iz Italije - poleg te bakterije še bolezni modrega
            jezika in malega panjskega hrošča. Bolezen, ki jo povzroča bakterija Xylella fastidiosa, se širi, zato je
            Evropska komisija spodbudila razpravo o možnih ukrepih za njeno omejitev. Slovenija je kot sosednja država
            in proizvajalka oljčnega olja zaskrbljena nad stanjem na tem področju, je pojasnil Židan.

            Bakterijska bolezen se najbolj širi s sadikami, delno z insekti, glavna težava pa je v tem, da je ukrepanje
            nemogoče, razen z uničevanjem nasadov, zato si Slovenija močno želi, da Italija to težavo obvlada, je
            povedal minister.

            To je sicer po Židanovih besedah ena od treh bolezni, ki se jih Slovenija boji iz Italije. Druga je bolezen
            modrega jezika, ki je nevarna za drobnico in govedo, tretja pa mali panjski hrošč, ki ogroža čebele.
            V povezavi z boleznijo modrega jezika je minister opozoril, da morajo biti rejci zelo pazljivi, ter
            pojasnil, da imata podobne težave kot Italija tudi Hrvaška in Madžarska.
            V povezavi z malim panjskim hroščem pa je povedal, da so opravili intenzivne pogovore s čebelarji in
            pripravili pravno ogrodje za možnost takojšnjega odziva, če se ta pojavi. Gre za uničenje panjev, ki ga
            financira država, saj bo le v tem primeru čebelar zainteresiran, da se odzove pravočasno, je še pojasnil
            minister.
        </article-text-transliterated>
    </article>
    <comments>
        <comments-count>0</comments-count>
        <comment-list/>
    </comments>
</document>