<?xml version="1.0" encoding="utf-8"?>
<document global-id="si-05-1081">
	<url>https://novice.svet24.si//clanek/novice/slovenija/580c6d69988cc/pahor-pri-slovencih-v-argentini</url>
	<source-id>si-05</source-id>
	<local-id>1081</local-id>
	<source-name>Svet24</source-name>
	<article>
		<article-title>Pahor v Argentini obiskal Slovence</article-title>
		<article-title-transliterated>Pahor v Argentini obiskal Slovence</article-title-transliterated>
		<article-time>2016-10-23</article-time>
		<article-author>S.R./STA</article-author>
		<article-text>V Argentini po ocenah živi približno 30.000 slovenskih izseljencev in njihovih potomcev, ki so se tja priseljevali v treh obdobjih, glavnina v obdobju med obema svetovnima vojnama.

V Slovenski hiši v Buenos Airesu vsako soboto pripravljajo sobotno slovensko šolo slovenskega jezika in delujejo predvsem na kulturnem in izobraževalnem področju. Društvo Zedinjena Slovenija iz Buenos Airesa je uradni predstavnik organizirane skupnosti Slovencev v Argentini in povezuje vse krajevne domove, ki so žarišča kulturnega in verskega življenja med tamkajšnjimi Slovenci.
Društvo je ob obisku predsednika republike pripravilo slovesnost. Njegov predsednik Jure Komar je orisal, kako se v društvu trudijo ohranjati slovenstvo. Spomnil je, da so se tudi pred 25. leti Slovenci, živeči v Argentini, zelo potrudili, da je Argentina kot prva med državami Latinske Amerike prva priznala Slovenijo. Po Komarjevem mnenju prihod predsednika vzbuja upanje, da bo v bodoče sodelovanje potekalo v duhu naklonjenosti in iskrenosti in da bomo &quot;držali skupaj&quot;.
ipromZone(1525);Predsednik se je navzočim ter društvu Zedinjena Slovenija zahvalil, da hodijo po poti sodelovanja in sožitja ter slovenski svet in z njim ves svet gradijo z odgovornostjo in ne s strahom. Komarju je predal slovensko zastavo - posebno protokolarno darilo predsednika republike ob praznovanju 25. obletnice samostojnosti Slovenije. Ob tem je izrazil željo, da bo to darilo v znak enotnosti in da bi bilo namenjeno vsem, ki s svojim delom prispevajo, da ostajamo bolj povezani kot skupnost, da se poslušamo in spoštujemo.

Danes bo Pahor obiskal dom Triglav v Buenos Airesu. Dom Triglav je bil odprt leta 1974, ko se je vanj združilo več društev, ki so prej delovala samostojno. Zbrane bo tudi nagovoril. Uradni obisk v Argentini bo sklenil z obiskom društva Pristava.

Kot je še povedal Pahor, se je v pogovoru z argentinskim predsednikom Mauriciom Macrijem zahvalil Argentini, da je v več obdobjih v težkih časih vedno z odprtostjo sprejemala naše izseljence. Po njegovih besedah moramo storiti vse, da bomo imeli vsi Slovenci in Slovenke ne samo doma, ampak tudi po svetu ne samo eno državo, ampak tudi eno domovino.
Predsednik republike je obiskal tudi dom Bernal, kjer deluje Slovensko prekmursko drüštvo, ter obiskal sedež argentinskega radia, kjer nastaja oddaja Okence v Slovenijo, popoldne pa se je na delovnem srečanju sestal s predstavniki slovenskih društev v Argentini. Predstavniki društev so na njem predsednika in ministra za Slovence v zamejstvu in po svetu Gorazda Žmavca seznanili z delovanjem njihovih društev ter predstavili svoja prizadevanja in načrte za prihodnost.
Zvečer se je Pahor udeležil slavnostnega koncerta komorne skupine Invasion in mezzosopranistke Bernarde Fink, argentinske Slovenke in nagrajenke Prešernovega sklada. Na kasnejšem sprejemu za slovenske rojake je predsednik republike pozdravil delo slovenskih društev, ki povezujejo predstavnike vseh generacij Slovencev, živečih v Argentini, in se jim zahvalil, ker so ga sprejeli s toplino in naklonjenostjo.</article-text>
		<article-text-transliterated>V Argentini po ocenah živi približno 30.000 slovenskih izseljencev in njihovih potomcev, ki so se tja priseljevali v treh obdobjih, glavnina v obdobju med obema svetovnima vojnama.

V Slovenski hiši v Buenos Airesu vsako soboto pripravljajo sobotno slovensko šolo slovenskega jezika in delujejo predvsem na kulturnem in izobraževalnem področju. Društvo Zedinjena Slovenija iz Buenos Airesa je uradni predstavnik organizirane skupnosti Slovencev v Argentini in povezuje vse krajevne domove, ki so žarišča kulturnega in verskega življenja med tamkajšnjimi Slovenci.
Društvo je ob obisku predsednika republike pripravilo slovesnost. Njegov predsednik Jure Komar je orisal, kako se v društvu trudijo ohranjati slovenstvo. Spomnil je, da so se tudi pred 25. leti Slovenci, živeči v Argentini, zelo potrudili, da je Argentina kot prva med državami Latinske Amerike prva priznala Slovenijo. Po Komarjevem mnenju prihod predsednika vzbuja upanje, da bo v bodoče sodelovanje potekalo v duhu naklonjenosti in iskrenosti in da bomo &quot;držali skupaj&quot;.
ipromZone(1525);Predsednik se je navzočim ter društvu Zedinjena Slovenija zahvalil, da hodijo po poti sodelovanja in sožitja ter slovenski svet in z njim ves svet gradijo z odgovornostjo in ne s strahom. Komarju je predal slovensko zastavo - posebno protokolarno darilo predsednika republike ob praznovanju 25. obletnice samostojnosti Slovenije. Ob tem je izrazil željo, da bo to darilo v znak enotnosti in da bi bilo namenjeno vsem, ki s svojim delom prispevajo, da ostajamo bolj povezani kot skupnost, da se poslušamo in spoštujemo.

Danes bo Pahor obiskal dom Triglav v Buenos Airesu. Dom Triglav je bil odprt leta 1974, ko se je vanj združilo več društev, ki so prej delovala samostojno. Zbrane bo tudi nagovoril. Uradni obisk v Argentini bo sklenil z obiskom društva Pristava.

Kot je še povedal Pahor, se je v pogovoru z argentinskim predsednikom Mauriciom Macrijem zahvalil Argentini, da je v več obdobjih v težkih časih vedno z odprtostjo sprejemala naše izseljence. Po njegovih besedah moramo storiti vse, da bomo imeli vsi Slovenci in Slovenke ne samo doma, ampak tudi po svetu ne samo eno državo, ampak tudi eno domovino.
Predsednik republike je obiskal tudi dom Bernal, kjer deluje Slovensko prekmursko drüštvo, ter obiskal sedež argentinskega radia, kjer nastaja oddaja Okence v Slovenijo, popoldne pa se je na delovnem srečanju sestal s predstavniki slovenskih društev v Argentini. Predstavniki društev so na njem predsednika in ministra za Slovence v zamejstvu in po svetu Gorazda Žmavca seznanili z delovanjem njihovih društev ter predstavili svoja prizadevanja in načrte za prihodnost.
Zvečer se je Pahor udeležil slavnostnega koncerta komorne skupine Invasion in mezzosopranistke Bernarde Fink, argentinske Slovenke in nagrajenke Prešernovega sklada. Na kasnejšem sprejemu za slovenske rojake je predsednik republike pozdravil delo slovenskih društev, ki povezujejo predstavnike vseh generacij Slovencev, živečih v Argentini, in se jim zahvalil, ker so ga sprejeli s toplino in naklonjenostjo.</article-text-transliterated>
	</article>
	<comments>
		<comments-count>0</comments-count>
		<comments-list/>
	</comments>
</document>
