<?xml version="1.0" encoding="utf-8"?>
<document global-id="si-06-1365">
	<url>https://www.24ur.com/tv-oddaje/mala-sola-plesa/naj-vas-ne-bo-strah-tega-plesa-naucite-se-plesati-jive.html</url>
	<source-id>si-06</source-id>
	<local-id>1365</local-id>
	<source-name>ur24</source-name>
	<article>
		<article-title>Naj vas ne bo strah tega plesa: naučite se plesati jive</article-title>
		<article-title-transliterated>Naj vas ne bo strah tega plesa: naučite se plesati jive</article-title-transliterated>
		<article-time>2019-03-24</article-time>
		<article-author>K. D.</article-author>
		<article-text>Vsako nedeljo se ob 20. uri družimo z najbleščečejšim šovom pri nas, s šovom Zvezde plešejo. Da se gledalci ne bi počutili prikrajšane, smo vam letos preipravili Malo šolo plesa z Majo Geršak in Tomažem Šterjem. Tokrat učita poskočni jive. Maja Geršak in Tomaž Šter v oblačilih Trgovine Leforma.FOTO: POP TV Zvezde plešejo je priljubljeni plesni šov, ob katerem  marsikaterega gledalca zasrbijo pete. Dekleta si želijo plesati kot profesionalke, moške zamika, da bi lahko s plesnimi koraki osvojili svojo partnerko ali simpatijo. V Mali šoli plesa bosta v skupno desetih tednih Maja Geršak in Tomaž Šter pokazala, kako usvojiti osnovne korake priljubljenih plesov. Tokrat je na vrsti poskočni jive, latinsko-ameriški ples, ki se je razvil okoli leta 1940. Ples, ki je nastal pod vplivom rock'n'rolla, vas bo utrudil, a ko ga boste končno usvojili, ga boste z veseljem zaplesali tudi na zabavah. Zvečer pa si ob 20. uri na POP TV polni novega znanja oglejte spektakularne plesne točke najbleščečejšega šova Zvezde plešejo. V ponedeljek ob 12. uri pa vas na VOYO vsak teden Zvezde plešejo čakajo tudi v znakovnem jeziku! In ne pozabite: naslednjo nedeljo ob 12. uri vam bosta Maja in Tomaž v Mali šoli plesa pokazala, kako zaplesati ognjeno salso.</article-text>
		<article-text-transliterated>Vsako nedeljo se ob 20. uri družimo z najbleščečejšim šovom pri nas, s šovom Zvezde plešejo. Da se gledalci ne bi počutili prikrajšane, smo vam letos preipravili Malo šolo plesa z Majo Geršak in Tomažem Šterjem. Tokrat učita poskočni jive. Maja Geršak in Tomaž Šter v oblačilih Trgovine Leforma.FOTO: POP TV Zvezde plešejo je priljubljeni plesni šov, ob katerem  marsikaterega gledalca zasrbijo pete. Dekleta si želijo plesati kot profesionalke, moške zamika, da bi lahko s plesnimi koraki osvojili svojo partnerko ali simpatijo. V Mali šoli plesa bosta v skupno desetih tednih Maja Geršak in Tomaž Šter pokazala, kako usvojiti osnovne korake priljubljenih plesov. Tokrat je na vrsti poskočni jive, latinsko-ameriški ples, ki se je razvil okoli leta 1940. Ples, ki je nastal pod vplivom rock'n'rolla, vas bo utrudil, a ko ga boste končno usvojili, ga boste z veseljem zaplesali tudi na zabavah. Zvečer pa si ob 20. uri na POP TV polni novega znanja oglejte spektakularne plesne točke najbleščečejšega šova Zvezde plešejo. V ponedeljek ob 12. uri pa vas na VOYO vsak teden Zvezde plešejo čakajo tudi v znakovnem jeziku! In ne pozabite: naslednjo nedeljo ob 12. uri vam bosta Maja in Tomaž v Mali šoli plesa pokazala, kako zaplesati ognjeno salso.</article-text-transliterated>
	</article>
	<comments>
		<comments-count>2</comments-count>
		<comments-list>
			<comment comment-id="1">
				<comment-parent-id/>
				<comment-text>In zakaj naj bi nas bilo strah plesati jive?</comment-text>
				<comment-text-transliterated>In zakaj naj bi nas bilo strah plesati jive?</comment-text-transliterated>
			</comment>
			<comment comment-id="1-1">
				<comment-parent-id>1</comment-parent-id>
				<comment-text>Upostevaj, da je stavek napisal novinarcek s 24ur....</comment-text>
				<comment-text-transliterated>Upostevaj, da je stavek napisal novinarcek s 24ur....</comment-text-transliterated>
			</comment>
		</comments-list>
	</comments>
</document>
