<?xml version="1.0" encoding="utf-8"?>
<document global-id="si-06-1351">
	<url>https://www.24ur.com/novice/slovenija/najvec-sprememb-v-osnovnih-solah-na-udaru-ucitelji-ki-so-poucevali-druge-predmete.html</url>
	<source-id>si-06</source-id>
	<local-id>1351</local-id>
	<source-name>ur24</source-name>
	<article>
		<article-title>Na udaru učitelji, ki so poučevali 'druge' predmete</article-title>
		<article-title-transliterated>Na udaru učitelji, ki so poučevali 'druge' predmete</article-title-transliterated>
		<article-time>2018-09-02</article-time>
		<article-author>L.Š.</article-author>
		<article-text>Po dveh mesecih odmora bo šolski prag prestopilo 184.169 učencev osnovnih šol in 73.200 dijakov. Novo šolsko leto pa prinaša tudi nekaj sprememb v osnovnih šolah, predvsem pri izvajanju razširjenega programa, učitelji pa v novo šolsko leto vstopajo s poenotenim delovnim časom učiteljev, nadaljevala pa se bodo tudi pogajanja za višje plače. Po več kot dva meseca dolgem odmoru bo v prostorih več kot 450 osnovnih šol znova zapel šolski zvonec, hodnike pa napolnila razposajenost številnih otrok in mladostnikov. V novem šolskem letu bo šole obiskovalo kar 73.200 dijakov in 184.169 učencev, generacija prvošolcev bo letos številčno približno enaka kot v preteklem šolskem letu, prvič bo prestopilo pragove šol 21.874 otrok. Že drugo leto zapored se število prvošolčkov ne povečuje, še pred dvema letoma je bilo v razred vpisanih 22.152 otrok. Število osnovnih šol ostaja nespremenjeno, po podatkih pristojnega ministrstva za izobraževanje, znanost in šport pa bo začasno šolski zvonec umolknil v podružnični šoli Podpreska, ki deluje v okviru Osnovne šole dr. Antona Debeljaka Loški Potok. Predajanje znanja se bo nadaljevalo tudi v podružnični šoli Osilnica, ki jo bo obiskovalo pet učencev. Učitelji v novo šolsko leto vstopajo s poenotenim delovnim časom.FOTO: iStock Nekatere šole uvajajo obvezno učenje prvega tujega jezika v prve razrede Novo šolsko leto prinaša več sprememb, ki so nemalo prahu dvigovale še pred koncem lanskega šolskega leta. Po podatkih zavoda za šolstvo bo slaba tretjina (125 osnovnih šol) začela poskusno delno izvajati spremenjen razširjen program, ki bo največ sprememb prinesel pri izvajanju podaljšanega bivanja, saj bodo učencem omogočili dodatne ure gibanja. Na 19 šolah bodo k temu dodali obvezno učenje prvega tujega jezika v prvem razredu in obvezno učenje drugega tujega jezika v sedmem razredu. Največ novosti se letos obeta v osnovnih šolah. Po zadnjih podatkih zavoda za šolstvo bo predvidoma slaba tretjina oziroma 125 osnovnih šol začelo poskusno delno izvajati spremenjen razširjen program, kar bo največje spremembe prineslo pri izvajanju podaljšanega bivanja, kjer naj bi učencem vsak dan omogočili 45 minut gibanja oziroma pet šolskih ur gibanja na teden v sklopu podaljšanega bivanja. 19 šol bo spremenjen razširjen program poskusno izvajalo v celoti, kar pomeni, da se bodo učenci 7. razredov kot obvezen učili drug tuj jezik, učenci 1. razreda pa kot obvezen prvi tuj jezik. Od šolnikov prihajajo očitki, da so z uvajanjem projekta razširjenega programa začeli prepozno, saj od ministrstva niso pravočasno prejeli informacij o možnostih organiziranja in sistemizacije delovnih mest. Učencem bodo v letošnjem šolskem letu omogočili dodatne ure gibanja Odslej poenoten delovni čas učiteljev Precejšnje spremembe bodo pri delovnem času učiteljev. Ti naj ne bi delali več ali manj od 40-urne tedenske delovne obveznosti, te pa bodo odslej zapisane in načrtovane bolj jasno. Ravnatelji bodo morali ob začetku šolskega leta določiti letni razpored delovnega časa vsem učiteljem, z vsakim od njih pa narediti tudi individualni letni načrt dela. Ta mora biti izdelan tako, da učitelj ob koncu šolskega leta ne bo imel manka ali presežka ur, kar do zdaj ni bilo ravno pravilo. Omenjene spremembe na nekaterih šolah spremljajo tudi pomisleki, bo pa praksa pokazala, ali so prinesle želene rezultate ali ne. Kaj bo z učitelji, ki so poučevali predmete, za katere niso imeli formalne izobrazbe? Z novim šolskim letom so na udaru tisti učitelji, ki so do sedaj lahko do določene mere poučevali predmete, za katere nimajo formalne izobrazbe (po nekaterih ocenah naj bi jih bilo samo v osnovnih šolah okoli 300). Čeprav v šolah tej ideji niso bili ravno naklonjeni in so si prizadevali za to, da bi podaljšali prehodno obdobje, saj da bo brez tega nemogoče organizirati delo v šolah, pa so očitno naleteli na gluha ušesa. Kar nekaj ravnateljev, predvsem manjših šol in šol s podružnicami, se sooča z vprašanjem, kako nadomestiti te učitelje oziroma kako takšnim učiteljem zaradi sprememb zagotoviti zadostno učno obveznost. Čeprav na ministrstvu večjega števila presežnih učiteljev ne pričakujejo, je s posameznih šol slišati, da so nekateri učitelji vendarle ostali brez polne učne obveznosti in bodo morali delati skrajšani delovni čas, nekateri pa da so morali celo opustiti učiteljski poklic. ŠolarjiFOTO: iStock Srednje šole: novi šolski programi, razširitev vajeništva V srednjih šolah se spremembe obetajo pri polnoletnih dijakih. Po novem bodo njihovi starši odslej potrebovali soglasje otrok, če bodo želeli vpogledati v njihove ocene ali pridobiti kakšno drugo informacijo o njihovem šolanju (razen informacije o statusu). Prav tako si bodo lahko polnoletni dijaki sami opravičili izostanek od pouka. Na šolah težav, kjer gre za urejene družine, ne pričakujejo, bi pa te lahko nastopile tam, kjer med dijaki in starši ne vladajo najboljši odnosi. V novem šolskem letu bodo imeli osnovnošolci in dijaki prostih 14 delovnih dni, pri čemer bodo morali dva prosta dneva nadomeščati v soboto. Prvič bodo doma za jesenske počitnice, ki bodo trajale od 29. oktobra do 2. novembra. Znova jim ne bo treba v šolo od 24. decembra do 3. januarja 2019. 24. december, ko bi morali imeti pouk, bodo sicer nadomeščali v soboto, 29. septembra. —Kakšen bo urnik? Širi se mreža šol z izvajanjem vajeništva Nekatere srednje šole bodo jeseni začele izvajati nove izobraževalne programe: na Šolskem centru Ravne na Koroškem začenjajo program Farmacevtski tehnik, na Šolskem centru Šentjur program Veterinarski tehnik, na Gimnaziji, elektro in pomorski šoli Piran program Elektrikar, na Srednji tehniški šoli Koper program Mehatronik operater, na Gimnaziji Brežice program Gimnazija - športni oddelek, na Šolskem centru Celje pa program Ustvarjalec modnih oblačil. Obeta se tudi širitev mreže šol in izobraževalnih programov, ki bodo izvajani v vajeniški obliki. To bodo programi mizar, kamnosek, oblikovalec kovin - orodjar, gastronomske in hotelirske storitve, steklar, slikopleskar - črkoslikar, papirničar in strojni mehanik. Boj za višje plače se nadaljuje Z novim šolskim letom se za učitelje znova začenja še boj za višje plače, ki so ga prekinili potem, ko je spomladi padla vlada Mira Cerarja. V Sindikatu vzgoje, izobraževanja, znanosti in kulture Slovenije (Sviz) napovedujejo odmrznitev stavke in obnovitev zahtev takoj, ko bo delo prevzela nova vlada. Med drugim še naprej zahtevajo višje plače, ureditev položaja razrednika in višji regres za zaposlene z minimalno ali nižjo plačo.</article-text>
		<article-text-transliterated>Po dveh mesecih odmora bo šolski prag prestopilo 184.169 učencev osnovnih šol in 73.200 dijakov. Novo šolsko leto pa prinaša tudi nekaj sprememb v osnovnih šolah, predvsem pri izvajanju razširjenega programa, učitelji pa v novo šolsko leto vstopajo s poenotenim delovnim časom učiteljev, nadaljevala pa se bodo tudi pogajanja za višje plače. Po več kot dva meseca dolgem odmoru bo v prostorih več kot 450 osnovnih šol znova zapel šolski zvonec, hodnike pa napolnila razposajenost številnih otrok in mladostnikov. V novem šolskem letu bo šole obiskovalo kar 73.200 dijakov in 184.169 učencev, generacija prvošolcev bo letos številčno približno enaka kot v preteklem šolskem letu, prvič bo prestopilo pragove šol 21.874 otrok. Že drugo leto zapored se število prvošolčkov ne povečuje, še pred dvema letoma je bilo v razred vpisanih 22.152 otrok. Število osnovnih šol ostaja nespremenjeno, po podatkih pristojnega ministrstva za izobraževanje, znanost in šport pa bo začasno šolski zvonec umolknil v podružnični šoli Podpreska, ki deluje v okviru Osnovne šole dr. Antona Debeljaka Loški Potok. Predajanje znanja se bo nadaljevalo tudi v podružnični šoli Osilnica, ki jo bo obiskovalo pet učencev. Učitelji v novo šolsko leto vstopajo s poenotenim delovnim časom.FOTO: iStock Nekatere šole uvajajo obvezno učenje prvega tujega jezika v prve razrede Novo šolsko leto prinaša več sprememb, ki so nemalo prahu dvigovale še pred koncem lanskega šolskega leta. Po podatkih zavoda za šolstvo bo slaba tretjina (125 osnovnih šol) začela poskusno delno izvajati spremenjen razširjen program, ki bo največ sprememb prinesel pri izvajanju podaljšanega bivanja, saj bodo učencem omogočili dodatne ure gibanja. Na 19 šolah bodo k temu dodali obvezno učenje prvega tujega jezika v prvem razredu in obvezno učenje drugega tujega jezika v sedmem razredu. Največ novosti se letos obeta v osnovnih šolah. Po zadnjih podatkih zavoda za šolstvo bo predvidoma slaba tretjina oziroma 125 osnovnih šol začelo poskusno delno izvajati spremenjen razširjen program, kar bo največje spremembe prineslo pri izvajanju podaljšanega bivanja, kjer naj bi učencem vsak dan omogočili 45 minut gibanja oziroma pet šolskih ur gibanja na teden v sklopu podaljšanega bivanja. 19 šol bo spremenjen razširjen program poskusno izvajalo v celoti, kar pomeni, da se bodo učenci 7. razredov kot obvezen učili drug tuj jezik, učenci 1. razreda pa kot obvezen prvi tuj jezik. Od šolnikov prihajajo očitki, da so z uvajanjem projekta razširjenega programa začeli prepozno, saj od ministrstva niso pravočasno prejeli informacij o možnostih organiziranja in sistemizacije delovnih mest. Učencem bodo v letošnjem šolskem letu omogočili dodatne ure gibanja Odslej poenoten delovni čas učiteljev Precejšnje spremembe bodo pri delovnem času učiteljev. Ti naj ne bi delali več ali manj od 40-urne tedenske delovne obveznosti, te pa bodo odslej zapisane in načrtovane bolj jasno. Ravnatelji bodo morali ob začetku šolskega leta določiti letni razpored delovnega časa vsem učiteljem, z vsakim od njih pa narediti tudi individualni letni načrt dela. Ta mora biti izdelan tako, da učitelj ob koncu šolskega leta ne bo imel manka ali presežka ur, kar do zdaj ni bilo ravno pravilo. Omenjene spremembe na nekaterih šolah spremljajo tudi pomisleki, bo pa praksa pokazala, ali so prinesle želene rezultate ali ne. Kaj bo z učitelji, ki so poučevali predmete, za katere niso imeli formalne izobrazbe? Z novim šolskim letom so na udaru tisti učitelji, ki so do sedaj lahko do določene mere poučevali predmete, za katere nimajo formalne izobrazbe (po nekaterih ocenah naj bi jih bilo samo v osnovnih šolah okoli 300). Čeprav v šolah tej ideji niso bili ravno naklonjeni in so si prizadevali za to, da bi podaljšali prehodno obdobje, saj da bo brez tega nemogoče organizirati delo v šolah, pa so očitno naleteli na gluha ušesa. Kar nekaj ravnateljev, predvsem manjših šol in šol s podružnicami, se sooča z vprašanjem, kako nadomestiti te učitelje oziroma kako takšnim učiteljem zaradi sprememb zagotoviti zadostno učno obveznost. Čeprav na ministrstvu večjega števila presežnih učiteljev ne pričakujejo, je s posameznih šol slišati, da so nekateri učitelji vendarle ostali brez polne učne obveznosti in bodo morali delati skrajšani delovni čas, nekateri pa da so morali celo opustiti učiteljski poklic. ŠolarjiFOTO: iStock Srednje šole: novi šolski programi, razširitev vajeništva V srednjih šolah se spremembe obetajo pri polnoletnih dijakih. Po novem bodo njihovi starši odslej potrebovali soglasje otrok, če bodo želeli vpogledati v njihove ocene ali pridobiti kakšno drugo informacijo o njihovem šolanju (razen informacije o statusu). Prav tako si bodo lahko polnoletni dijaki sami opravičili izostanek od pouka. Na šolah težav, kjer gre za urejene družine, ne pričakujejo, bi pa te lahko nastopile tam, kjer med dijaki in starši ne vladajo najboljši odnosi. V novem šolskem letu bodo imeli osnovnošolci in dijaki prostih 14 delovnih dni, pri čemer bodo morali dva prosta dneva nadomeščati v soboto. Prvič bodo doma za jesenske počitnice, ki bodo trajale od 29. oktobra do 2. novembra. Znova jim ne bo treba v šolo od 24. decembra do 3. januarja 2019. 24. december, ko bi morali imeti pouk, bodo sicer nadomeščali v soboto, 29. septembra. —Kakšen bo urnik? Širi se mreža šol z izvajanjem vajeništva Nekatere srednje šole bodo jeseni začele izvajati nove izobraževalne programe: na Šolskem centru Ravne na Koroškem začenjajo program Farmacevtski tehnik, na Šolskem centru Šentjur program Veterinarski tehnik, na Gimnaziji, elektro in pomorski šoli Piran program Elektrikar, na Srednji tehniški šoli Koper program Mehatronik operater, na Gimnaziji Brežice program Gimnazija - športni oddelek, na Šolskem centru Celje pa program Ustvarjalec modnih oblačil. Obeta se tudi širitev mreže šol in izobraževalnih programov, ki bodo izvajani v vajeniški obliki. To bodo programi mizar, kamnosek, oblikovalec kovin - orodjar, gastronomske in hotelirske storitve, steklar, slikopleskar - črkoslikar, papirničar in strojni mehanik. Boj za višje plače se nadaljuje Z novim šolskim letom se za učitelje znova začenja še boj za višje plače, ki so ga prekinili potem, ko je spomladi padla vlada Mira Cerarja. V Sindikatu vzgoje, izobraževanja, znanosti in kulture Slovenije (Sviz) napovedujejo odmrznitev stavke in obnovitev zahtev takoj, ko bo delo prevzela nova vlada. Med drugim še naprej zahtevajo višje plače, ureditev položaja razrednika in višji regres za zaposlene z minimalno ali nižjo plačo.</article-text-transliterated>
	</article>
	<comments>
		<comments-count>137</comments-count>
		<comments-list>
			<comment comment-id="1">
				<comment-parent-id/>
				<comment-text>Dejansko lahko izpostavim tri poklice, ki so izredno psihičnofizično zahtevno...oskrbovalka v domu za starejše, vzgojitelji in učitelji ter lastniki managerji. Kdo pokasira tisto več zato, seveda lastniki in managerji...v obliki bajnih plač in dobičkov. Preostali morajo delati za manj, ker ste delavci pripravljeni delat za minimalca ravno tistim...ki imajo največ od vsega tega, in že nekaj zadnjih dni grozijo z &quot;izvozom&quot; dobičkou v bolj primerna okolja. A s pomočjo koga so doseženi tej dobički? Aia, s pomočjo teh s katerimi se tako dobro ukvarjalo vzgojitelji in učitelji in s pomočjo starejši...za katere dajejo izjemne fizučne in psihične napore oskrbovalke v domovih za ostarele...da ne omenjam zdravnikov in medinskih sester...znotrej teh naših borcev pa seveda so udečežene vse njihove družine. Upam, da veste zdaj...kam usmerjat energijo</comment-text>
				<comment-text-transliterated>Dejansko lahko izpostavim tri poklice, ki so izredno psihičnofizično zahtevno...oskrbovalka v domu za starejše, vzgojitelji in učitelji ter lastniki managerji. Kdo pokasira tisto več zato, seveda lastniki in managerji...v obliki bajnih plač in dobičkov. Preostali morajo delati za manj, ker ste delavci pripravljeni delat za minimalca ravno tistim...ki imajo največ od vsega tega, in že nekaj zadnjih dni grozijo z &quot;izvozom&quot; dobičkou v bolj primerna okolja. A s pomočjo koga so doseženi tej dobički? Aia, s pomočjo teh s katerimi se tako dobro ukvarjalo vzgojitelji in učitelji in s pomočjo starejši...za katere dajejo izjemne fizučne in psihične napore oskrbovalke v domovih za ostarele...da ne omenjam zdravnikov in medinskih sester...znotrej teh naših borcev pa seveda so udečežene vse njihove družine. Upam, da veste zdaj...kam usmerjat energijo</comment-text-transliterated>
			</comment>
			<comment comment-id="2">
				<comment-parent-id/>
				<comment-text>prepovedat delovne zvezke. potuha za otroke in nepotreben strošek za starše.</comment-text>
				<comment-text-transliterated>prepovedat delovne zvezke. potuha za otroke in nepotreben strošek za starše.</comment-text-transliterated>
			</comment>
			<comment comment-id="3">
				<comment-parent-id/>
				<comment-text>Nekatere predmete ukinit, saj so naši otroci preobremenjeni.</comment-text>
				<comment-text-transliterated>Nekatere predmete ukinit, saj so naši otroci preobremenjeni.</comment-text-transliterated>
			</comment>
			<comment comment-id="4">
				<comment-parent-id/>
				<comment-text>Pozzo ce ti je pa tako hudo biti ucitelj pa kaj se vstrajas.A neznas nic drugega delati?Ko ste pa v taburu in soli naravi pa tk dobite dnevnice.Saj smo bili in smo videli kako ste cuvali na nas otroke.Saj so ucitelji uzivali alkohol potem pa je bilo marsikaj ker so bili malo pomesani m ž in se je slisalo marsikdaj kaksno skripanje itd..</comment-text>
				<comment-text-transliterated>Pozzo ce ti je pa tako hudo biti ucitelj pa kaj se vstrajas.A neznas nic drugega delati?Ko ste pa v taburu in soli naravi pa tk dobite dnevnice.Saj smo bili in smo videli kako ste cuvali na nas otroke.Saj so ucitelji uzivali alkohol potem pa je bilo marsikaj ker so bili malo pomesani m ž in se je slisalo marsikdaj kaksno skripanje itd..</comment-text-transliterated>
			</comment>
			<comment comment-id="4-1">
				<comment-parent-id>4</comment-parent-id>
				<comment-text>Eh meni ni nič hudo, jaz v svojem delu uživam. Dva 6mescev počitnic ostalo delam 3ure na dan, plača 5jurjev plus dnevnice.</comment-text>
				<comment-text-transliterated>Eh meni ni nič hudo, jaz v svojem delu uživam. Dva 6mescev počitnic ostalo delam 3ure na dan, plača 5jurjev plus dnevnice.</comment-text-transliterated>
			</comment>
			<comment comment-id="5">
				<comment-parent-id/>
				<comment-text>Aja, da bi imel vsak učitelj kaj za delat 8 ur vsaki dan bi moralo biti idealno število otrok v vsakem njegovem učnem programu posameznika na vseh šolah za vsak posamezni razred od 1-9. Kar je bilo možno v prejšnjem sistemu z načrtno ali ne določenim številom tistih ki razreda niso naredili.</comment-text>
				<comment-text-transliterated>Aja, da bi imel vsak učitelj kaj za delat 8 ur vsaki dan bi moralo biti idealno število otrok v vsakem njegovem učnem programu posameznika na vseh šolah za vsak posamezni razred od 1-9. Kar je bilo možno v prejšnjem sistemu z načrtno ali ne določenim številom tistih ki razreda niso naredili.</comment-text-transliterated>
			</comment>
			<comment comment-id="5-1">
				<comment-parent-id>5</comment-parent-id>
				<comment-text>V kolikor se vi ne stemplate od 7-15. Nima smisla govoriti o vaših popoldanskih obveznostih, saj se lahko stemplate v dokaz tud po delovnem času in zahtevate nadure.</comment-text>
				<comment-text-transliterated>V kolikor se vi ne stemplate od 7-15. Nima smisla govoriti o vaših popoldanskih obveznostih, saj se lahko stemplate v dokaz tud po delovnem času in zahtevate nadure.</comment-text-transliterated>
			</comment>
			<comment comment-id="5-2">
				<comment-parent-id>5</comment-parent-id>
				<comment-text>Za stavko ste imeli celo poletje čas.</comment-text>
				<comment-text-transliterated>Za stavko ste imeli celo poletje čas.</comment-text-transliterated>
			</comment>
			<comment comment-id="5-3">
				<comment-parent-id>5</comment-parent-id>
				<comment-text>Posplosit učitelji bi večjo plačo na vse šole za vse učitelje?</comment-text>
				<comment-text-transliterated>Posplosit učitelji bi večjo plačo na vse šole za vse učitelje?</comment-text-transliterated>
			</comment>
			<comment comment-id="5-4">
				<comment-parent-id>5</comment-parent-id>
				<comment-text>Ka neki na pamet govoriš... ko boš celo leto spremljal učitelja v popoldanskem času, pol pa govor..</comment-text>
				<comment-text-transliterated>Ka neki na pamet govoriš... ko boš celo leto spremljal učitelja v popoldanskem času, pol pa govor..</comment-text-transliterated>
			</comment>
			<comment comment-id="5-5">
				<comment-parent-id>5</comment-parent-id>
				<comment-text>Kaj je na pamet? Da niste imeli morda časa stavkati celo poletje? Drugače pa počakajte na vrsto. Se vidimo čez 4 leta. Plačo so dvignili za 4.6%. Pogajanja so bila, niste se strinjali. Glasove ste oddali. Adijo.</comment-text>
				<comment-text-transliterated>Kaj je na pamet? Da niste imeli morda časa stavkati celo poletje? Drugače pa počakajte na vrsto. Se vidimo čez 4 leta. Plačo so dvignili za 4.6%. Pogajanja so bila, niste se strinjali. Glasove ste oddali. Adijo.</comment-text-transliterated>
			</comment>
			<comment comment-id="5-6">
				<comment-parent-id>5</comment-parent-id>
				<comment-text>Nisem učitelj ... in kako naj stavkajo poleti, če vlade ni?? In to je samo ena stvar, ki jo pišeš tule na pamet (in to kakšno)...</comment-text>
				<comment-text-transliterated>Nisem učitelj ... in kako naj stavkajo poleti, če vlade ni?? In to je samo ena stvar, ki jo pišeš tule na pamet (in to kakšno)...</comment-text-transliterated>
			</comment>
			<comment comment-id="5-7">
				<comment-parent-id>5</comment-parent-id>
				<comment-text>Letos poleti res ni bilo vlade. Ampak učitelji so v preteklosti velikokrat stavkali, nikoli pa ne med počitnicami. Ko so bili moji otroci še v osnovni šoli (danes imajo od 33 let navzdol), so štrajkali v začetku junija in grozili, da če se jim ne ustreže, ne bodo dali učencem spričeval.</comment-text>
				<comment-text-transliterated>Letos poleti res ni bilo vlade. Ampak učitelji so v preteklosti velikokrat stavkali, nikoli pa ne med počitnicami. Ko so bili moji otroci še v osnovni šoli (danes imajo od 33 let navzdol), so štrajkali v začetku junija in grozili, da če se jim ne ustreže, ne bodo dali učencem spričeval.</comment-text-transliterated>
			</comment>
			<comment comment-id="5-8">
				<comment-parent-id>5</comment-parent-id>
				<comment-text>Kakšen efekt pa ima, če bi stavkali poleti...to je tko, kot če bi delafec na dopustu stavka....al pa da bi stavkal, ko je njegov lastnik odsoten...še boljš pa, ko so na čakanju zaradi pomanjkanja dela...kar čez poletje učitelji dejansko so. So pa z namenom fraj, ker drugače bi jih zaradi izgorelosti zarad vsako leto zahtevnejših otrok in tudi snovi poučevanja rabili zaradi izostankov iz dela vsaj še 1x več...tko pa se jim nekako izzide, seveda pa ne vsim...ker naredit red v gruči otrok in ga držat tedne in mesece ni ravno simpl</comment-text>
				<comment-text-transliterated>Kakšen efekt pa ima, če bi stavkali poleti...to je tko, kot če bi delafec na dopustu stavka....al pa da bi stavkal, ko je njegov lastnik odsoten...še boljš pa, ko so na čakanju zaradi pomanjkanja dela...kar čez poletje učitelji dejansko so. So pa z namenom fraj, ker drugače bi jih zaradi izgorelosti zarad vsako leto zahtevnejših otrok in tudi snovi poučevanja rabili zaradi izostankov iz dela vsaj še 1x več...tko pa se jim nekako izzide, seveda pa ne vsim...ker naredit red v gruči otrok in ga držat tedne in mesece ni ravno simpl</comment-text-transliterated>
			</comment>
			<comment comment-id="6">
				<comment-parent-id/>
				<comment-text>Samo to bom reku....vsi ste imeli moznost se solati in postati ucitelji...zato ne bodite jezni na nas ker morate delati v proizvodnji in ste jezni sam na sebe....se 1x v solo bi hodili</comment-text>
				<comment-text-transliterated>Samo to bom reku....vsi ste imeli moznost se solati in postati ucitelji...zato ne bodite jezni na nas ker morate delati v proizvodnji in ste jezni sam na sebe....se 1x v solo bi hodili</comment-text-transliterated>
			</comment>
			<comment comment-id="6-1">
				<comment-parent-id>6</comment-parent-id>
				<comment-text>Ne delajo vsi v proizvodnji</comment-text>
				<comment-text-transliterated>Ne delajo vsi v proizvodnji</comment-text-transliterated>
			</comment>
			<comment comment-id="6-2">
				<comment-parent-id>6</comment-parent-id>
				<comment-text>Kaj bi pa bilo če bi bili vsi ućitelji? A mislite, da denar na drevju raste? Koga za to potrebujete? Spustite se na realna tla, zahtevajte toliko, da preživite, pa da vas vidimo kako boste živeli.</comment-text>
				<comment-text-transliterated>Kaj bi pa bilo če bi bili vsi ućitelji? A mislite, da denar na drevju raste? Koga za to potrebujete? Spustite se na realna tla, zahtevajte toliko, da preživite, pa da vas vidimo kako boste živeli.</comment-text-transliterated>
			</comment>
			<comment comment-id="6-3">
				<comment-parent-id>6</comment-parent-id>
				<comment-text>Prebereš komentar neke masine, in takoj pomisliš na pregovor: blagor ubogim na duhu.</comment-text>
				<comment-text-transliterated>Prebereš komentar neke masine, in takoj pomisliš na pregovor: blagor ubogim na duhu.</comment-text-transliterated>
			</comment>
			<comment comment-id="6-4">
				<comment-parent-id>6</comment-parent-id>
				<comment-text>masina4 res je! nisem učitelj ampak se strinjam... poleg tega pa vašega dela doma žal noben ne vidi razen domači...</comment-text>
				<comment-text-transliterated>masina4 res je! nisem učitelj ampak se strinjam... poleg tega pa vašega dela doma žal noben ne vidi razen domači...</comment-text-transliterated>
			</comment>
			<comment comment-id="6-5">
				<comment-parent-id>6</comment-parent-id>
				<comment-text>Če si mogoče učitel,te je lahko sram o tvojem neumnem komentarju.To namreč ni na ravni šolanega človeka za kar se smatraš.</comment-text>
				<comment-text-transliterated>Če si mogoče učitel,te je lahko sram o tvojem neumnem komentarju.To namreč ni na ravni šolanega človeka za kar se smatraš.</comment-text-transliterated>
			</comment>
			<comment comment-id="6-6">
				<comment-parent-id>6</comment-parent-id>
				<comment-text>Vsako delo je častno in potrebno.</comment-text>
				<comment-text-transliterated>Vsako delo je častno in potrebno.</comment-text-transliterated>
			</comment>
			<comment comment-id="7">
				<comment-parent-id/>
				<comment-text>Prav čudni ste, ko nekateri komentirate, da učiteljeva ura traja 45 minut in zato dela manj. Ja, kaj mislite, da med odmori pa sedi in gleda v zrak? Prav tako mora med tem časom in v času malice, kosila, paziti na otroke, delati red ....To se jim prav tako šteje v delovni čas. Kakor vem, so na naši šoli vsi učitelji prisotni najmanj od 7. ure zjutraj do 15. ure. Potem pa še velikokrat govorilne ure, roditeljski sestanki, kakšni krožki, konference, seminarji, drugo delo v šoli ... dajte no, vsak poklic je hvale vreden, potreben in časten! Žal je učiteljski tudi vedno manj cenjen. Neupravičeno!</comment-text>
				<comment-text-transliterated>Prav čudni ste, ko nekateri komentirate, da učiteljeva ura traja 45 minut in zato dela manj. Ja, kaj mislite, da med odmori pa sedi in gleda v zrak? Prav tako mora med tem časom in v času malice, kosila, paziti na otroke, delati red ....To se jim prav tako šteje v delovni čas. Kakor vem, so na naši šoli vsi učitelji prisotni najmanj od 7. ure zjutraj do 15. ure. Potem pa še velikokrat govorilne ure, roditeljski sestanki, kakšni krožki, konference, seminarji, drugo delo v šoli ... dajte no, vsak poklic je hvale vreden, potreben in časten! Žal je učiteljski tudi vedno manj cenjen. Neupravičeno!</comment-text-transliterated>
			</comment>
			<comment comment-id="7-1">
				<comment-parent-id>7</comment-parent-id>
				<comment-text>In še šola v naravi ter velika odgovornost za varnost otrok!</comment-text>
				<comment-text-transliterated>In še šola v naravi ter velika odgovornost za varnost otrok!</comment-text-transliterated>
			</comment>
			<comment comment-id="7-2">
				<comment-parent-id>7</comment-parent-id>
				<comment-text>No no no. O delanju reda med kavico nebi kaj dosti. Sicer lepo da si jo lahko privoščite. Sicer bi pa lahko naštel koliko je nasilja med odmori, kot drugo samo trdite da so otroci nevzgojeni.</comment-text>
				<comment-text-transliterated>No no no. O delanju reda med kavico nebi kaj dosti. Sicer lepo da si jo lahko privoščite. Sicer bi pa lahko naštel koliko je nasilja med odmori, kot drugo samo trdite da so otroci nevzgojeni.</comment-text-transliterated>
			</comment>
			<comment comment-id="7-3">
				<comment-parent-id>7</comment-parent-id>
				<comment-text>macro že prej sem napisal da ne govor neki na pamet... Kako naj učitelj dela pri nevzgojenih otrokih red, če se otroka niti dotaknat ne sme, ker ga lahko starši tožijo zaradi &quot;nasilja&quot;?? In koliko nasilja izvajajo starši nad učitelji (v različnih oblikah)... In UČITELJ poučuje otroke, ne pa VZGAJA! Za to so odgovorni STARŠI!</comment-text>
				<comment-text-transliterated>macro že prej sem napisal da ne govor neki na pamet... Kako naj učitelj dela pri nevzgojenih otrokih red, če se otroka niti dotaknat ne sme, ker ga lahko starši tožijo zaradi &quot;nasilja&quot;?? In koliko nasilja izvajajo starši nad učitelji (v različnih oblikah)... In UČITELJ poučuje otroke, ne pa VZGAJA! Za to so odgovorni STARŠI!</comment-text-transliterated>
			</comment>
			<comment comment-id="7-4">
				<comment-parent-id>7</comment-parent-id>
				<comment-text>Zato pa pravim, da je delo tudi med odmori, da ni samo tistih 45 minut, potem pa v zrak gledajo. Kavica je samo zjutraj ali med kosilom. In ne, nisem učitelj!</comment-text>
				<comment-text-transliterated>Zato pa pravim, da je delo tudi med odmori, da ni samo tistih 45 minut, potem pa v zrak gledajo. Kavica je samo zjutraj ali med kosilom. In ne, nisem učitelj!</comment-text-transliterated>
			</comment>
			<comment comment-id="7-5">
				<comment-parent-id>7</comment-parent-id>
				<comment-text>Veliko izpadov staršev je, velikokrat za nič. Poznam primer, ko je oče privihral sredi pouka v razred, kričal na učiteljico in gorzil s policijo! Za NIČ!</comment-text>
				<comment-text-transliterated>Veliko izpadov staršev je, velikokrat za nič. Poznam primer, ko je oče privihral sredi pouka v razred, kričal na učiteljico in gorzil s policijo! Za NIČ!</comment-text-transliterated>
			</comment>
			<comment comment-id="7-6">
				<comment-parent-id>7</comment-parent-id>
				<comment-text>Šola je vzgojno-izobraževalna ustanova. Vzgajati in učiti je potrebno otroke v šoli in seveda, najprej DOMA!</comment-text>
				<comment-text-transliterated>Šola je vzgojno-izobraževalna ustanova. Vzgajati in učiti je potrebno otroke v šoli in seveda, najprej DOMA!</comment-text-transliterated>
			</comment>
			<comment comment-id="7-7">
				<comment-parent-id>7</comment-parent-id>
				<comment-text>Vsakega od vas, ki se junačite...bi poslal za 1 teden po 1 uro za začetek...ne 1 uro, 45 minut med gručo otrok...če ne nebi zaleglo, pa naslednjih 10 mesecev po 5 ur na dan vsaj...preostalo pa starše za vratom...bi potem vi za tem jurjem v druge denarnice gledal mal drugače</comment-text>
				<comment-text-transliterated>Vsakega od vas, ki se junačite...bi poslal za 1 teden po 1 uro za začetek...ne 1 uro, 45 minut med gručo otrok...če ne nebi zaleglo, pa naslednjih 10 mesecev po 5 ur na dan vsaj...preostalo pa starše za vratom...bi potem vi za tem jurjem v druge denarnice gledal mal drugače</comment-text-transliterated>
			</comment>
			<comment comment-id="8">
				<comment-parent-id/>
				<comment-text>Dragi kmentatorji kot učitelj vam lahko povem, da se novega sistema prav veselim. Delal bom namreč manj kot sem dosedaj. Oziroma bom vse tisto kar bo več dobil plačano. Na žalost bodo kratko spet potegnili učenci, saj bom dveh projektov, ki so se jih učenci zelo radi udeleževali po navodilu ravnatelja ne smem izvajat, imam preveč ur. Pravilnik je moral v večji meri pripravit SVIZ, ker na ministrstvu niso sposobni oziromane vedi kaj učitelji sploh delamo. Tolk o tem.</comment-text>
				<comment-text-transliterated>Dragi kmentatorji kot učitelj vam lahko povem, da se novega sistema prav veselim. Delal bom namreč manj kot sem dosedaj. Oziroma bom vse tisto kar bo več dobil plačano. Na žalost bodo kratko spet potegnili učenci, saj bom dveh projektov, ki so se jih učenci zelo radi udeleževali po navodilu ravnatelja ne smem izvajat, imam preveč ur. Pravilnik je moral v večji meri pripravit SVIZ, ker na ministrstvu niso sposobni oziromane vedi kaj učitelji sploh delamo. Tolk o tem.</comment-text-transliterated>
			</comment>
			<comment comment-id="8-1">
				<comment-parent-id>8</comment-parent-id>
				<comment-text>ti že nisi učitel, slovnica ti šepa in postavljanje ločil.</comment-text>
				<comment-text-transliterated>ti že nisi učitel, slovnica ti šepa in postavljanje ločil.</comment-text-transliterated>
			</comment>
			<comment comment-id="8-2">
				<comment-parent-id>8</comment-parent-id>
				<comment-text>Sigurno ni učitelj matematike. Prej bi rekel, da kakšne športne vzgoje</comment-text>
				<comment-text-transliterated>Sigurno ni učitelj matematike. Prej bi rekel, da kakšne športne vzgoje</comment-text-transliterated>
			</comment>
			<comment comment-id="8-3">
				<comment-parent-id>8</comment-parent-id>
				<comment-text>Dodajam... SVIZ mogoče ne, ljudje pa. Zakaj pa SVIZ ne ve, pa nam tudi to jasno.</comment-text>
				<comment-text-transliterated>Dodajam... SVIZ mogoče ne, ljudje pa. Zakaj pa SVIZ ne ve, pa nam tudi to jasno.</comment-text-transliterated>
			</comment>
			<comment comment-id="8-4">
				<comment-parent-id>8</comment-parent-id>
				<comment-text>Slovenščine tudi ne.</comment-text>
				<comment-text-transliterated>Slovenščine tudi ne.</comment-text-transliterated>
			</comment>
			<comment comment-id="8-5">
				<comment-parent-id>8</comment-parent-id>
				<comment-text>Ni otroka, ki bi ga zaradi tega doletel kak velik intelektualni manjko. Vsi smo nadomestljivi.</comment-text>
				<comment-text-transliterated>Ni otroka, ki bi ga zaradi tega doletel kak velik intelektualni manjko. Vsi smo nadomestljivi.</comment-text-transliterated>
			</comment>
			<comment comment-id="8-6">
				<comment-parent-id>8</comment-parent-id>
				<comment-text>Emilzapata, ti pa pomojem še osnovne šole nisi naredil, ker ne veš, da se stavek začne z veliko začetnico, če smo že pri slovnici. Pa tudi oblikovanje stavkov ti dela probleme.</comment-text>
				<comment-text-transliterated>Emilzapata, ti pa pomojem še osnovne šole nisi naredil, ker ne veš, da se stavek začne z veliko začetnico, če smo že pri slovnici. Pa tudi oblikovanje stavkov ti dela probleme.</comment-text-transliterated>
			</comment>
			<comment comment-id="9">
				<comment-parent-id/>
				<comment-text>Učitelji naj ne jamrajo kako morajo doma delati kaj vem kaj, ker noben učitelj ni ne prisoten toliko ur(8), niti jih toliko ne uči. Otrok je v razredih manj kot včasih, ko jih je bilo po 30 otrok v a,b,c,d kar pomeni 120 otrok in štiri ure dela na enega učitelja za en predmet. Pozna kdo tak primer, da je toliko otrok zdaj na šoli v enem razredu(30) ali vsaj abcd? Oziroma bi moral poučevati vsaj dva razreda 1 in 2 razred a,b,c,d za dobo 8 ur. Pozna kdo ta primer danes? Pozna kdo primer , ko ima otrok več kot isti 2 uri na isti dan,razen v primerih ko kateri dan odpade predmet ( skupno pa nima več kot 5x na teden). Res je, da je določenih predmetov na urniku učenca več kot drugih. Izračunajte, koliko po tej matematiki dela učitelj telovadbe, če je telovadba vzgoja enkrat na teden na urniku učenca? Je plačan po isti statusni tarifi kot ostali vzgojitelji?4ureX1abcdX2razredax5dni. Prav tako glasba,likovni pouk itd. Imamo 10 razredov ali samo 9? Pozna kdo primer ko gre otrok v šolo in je tam po 8 ur?</comment-text>
				<comment-text-transliterated>Učitelji naj ne jamrajo kako morajo doma delati kaj vem kaj, ker noben učitelj ni ne prisoten toliko ur(8), niti jih toliko ne uči. Otrok je v razredih manj kot včasih, ko jih je bilo po 30 otrok v a,b,c,d kar pomeni 120 otrok in štiri ure dela na enega učitelja za en predmet. Pozna kdo tak primer, da je toliko otrok zdaj na šoli v enem razredu(30) ali vsaj abcd? Oziroma bi moral poučevati vsaj dva razreda 1 in 2 razred a,b,c,d za dobo 8 ur. Pozna kdo ta primer danes? Pozna kdo primer , ko ima otrok več kot isti 2 uri na isti dan,razen v primerih ko kateri dan odpade predmet ( skupno pa nima več kot 5x na teden). Res je, da je določenih predmetov na urniku učenca več kot drugih. Izračunajte, koliko po tej matematiki dela učitelj telovadbe, če je telovadba vzgoja enkrat na teden na urniku učenca? Je plačan po isti statusni tarifi kot ostali vzgojitelji?4ureX1abcdX2razredax5dni. Prav tako glasba,likovni pouk itd. Imamo 10 razredov ali samo 9? Pozna kdo primer ko gre otrok v šolo in je tam po 8 ur?</comment-text-transliterated>
			</comment>
			<comment comment-id="9-1">
				<comment-parent-id>9</comment-parent-id>
				<comment-text>Gospodič več kot očitno si se lotil komentiranja teme, ki je ne poznaš. Ne poznaš normativov števila učencev v razredu, ne poznaš šolske zakonodaje (ki jo ne pišejo učitelji, saj bi bila drugače smiselna), ne poznaš dela učitelja. Zato delaš izračune ur, ki nimajo nobenega smisla. Nikoli ni nihče trdil, da učitelji učijo 8ur na dan. Bi te pa rad videl učit 1uro, al pa bit 5dni 24ur na dan z otroci na taboru. Ne preživiš! Doma imaš verjetno 1,5 otroka, ki ga ne obvladaš seveda znaš drugim solit pamet kako to delat. Če je tolk luštno bit učitelj pa ne vem kaj čakaš, bodi.</comment-text>
				<comment-text-transliterated>Gospodič več kot očitno si se lotil komentiranja teme, ki je ne poznaš. Ne poznaš normativov števila učencev v razredu, ne poznaš šolske zakonodaje (ki jo ne pišejo učitelji, saj bi bila drugače smiselna), ne poznaš dela učitelja. Zato delaš izračune ur, ki nimajo nobenega smisla. Nikoli ni nihče trdil, da učitelji učijo 8ur na dan. Bi te pa rad videl učit 1uro, al pa bit 5dni 24ur na dan z otroci na taboru. Ne preživiš! Doma imaš verjetno 1,5 otroka, ki ga ne obvladaš seveda znaš drugim solit pamet kako to delat. Če je tolk luštno bit učitelj pa ne vem kaj čakaš, bodi.</comment-text-transliterated>
			</comment>
			<comment comment-id="9-2">
				<comment-parent-id>9</comment-parent-id>
				<comment-text>Ni ura. Je 45 minut. Račun je pravilen. Ucitelj 1-8 razred (zdaj9) je 40 dela tedensko za 8ur. Vsi razredi nimajo vseh predmetov( višji imajo več,nižji ne potrebujejo teh uciteljev). Torej ne moremo govoriti 8x5 za posameznega ucitelja. Noben otrok nima 8 solskih ur. Govorim o vaši prisotnosti. V 8 urah po 4 urah( 45 min) ucenja imate čas za vse ostalo. O normativih nebi. Je šlo z 30 učenci pred leti in gre še danes. Toliko o vzgoji mojih otrok in imam 3. Pravilno je tudi dejstvo, da ste imeli čas stavkati med počitnicami. Z neko šolo v naravi pa mi prosim ne ven hodit kot opis delovnih nalog.</comment-text>
				<comment-text-transliterated>Ni ura. Je 45 minut. Račun je pravilen. Ucitelj 1-8 razred (zdaj9) je 40 dela tedensko za 8ur. Vsi razredi nimajo vseh predmetov( višji imajo več,nižji ne potrebujejo teh uciteljev). Torej ne moremo govoriti 8x5 za posameznega ucitelja. Noben otrok nima 8 solskih ur. Govorim o vaši prisotnosti. V 8 urah po 4 urah( 45 min) ucenja imate čas za vse ostalo. O normativih nebi. Je šlo z 30 učenci pred leti in gre še danes. Toliko o vzgoji mojih otrok in imam 3. Pravilno je tudi dejstvo, da ste imeli čas stavkati med počitnicami. Z neko šolo v naravi pa mi prosim ne ven hodit kot opis delovnih nalog.</comment-text-transliterated>
			</comment>
			<comment comment-id="9-3">
				<comment-parent-id>9</comment-parent-id>
				<comment-text>Dej ne bluzi macro....plavas predalec od obale... Zato bos utonil</comment-text>
				<comment-text-transliterated>Dej ne bluzi macro....plavas predalec od obale... Zato bos utonil</comment-text-transliterated>
			</comment>
			<comment comment-id="9-4">
				<comment-parent-id>9</comment-parent-id>
				<comment-text>Gori si poglej kaj je idealizem</comment-text>
				<comment-text-transliterated>Gori si poglej kaj je idealizem</comment-text-transliterated>
			</comment>
			<comment comment-id="9-5">
				<comment-parent-id>9</comment-parent-id>
				<comment-text>Aja pozna kdo primer, ko en učitelj, recimo matematike uči vse od 1-9 razreda? Mogoče učitelja telovadbe, ki po 8 ur telovadi na dan na športni vzgoji? Vsaki dan vsaj 1+2 abcd, 3+4 abcd,5-6,7-8, 9 na petek 2 uri.. Kaj pa ostalih 6ur v petek? Govorilne ure?</comment-text>
				<comment-text-transliterated>Aja pozna kdo primer, ko en učitelj, recimo matematike uči vse od 1-9 razreda? Mogoče učitelja telovadbe, ki po 8 ur telovadi na dan na športni vzgoji? Vsaki dan vsaj 1+2 abcd, 3+4 abcd,5-6,7-8, 9 na petek 2 uri.. Kaj pa ostalih 6ur v petek? Govorilne ure?</comment-text-transliterated>
			</comment>
			<comment comment-id="9-6">
				<comment-parent-id>9</comment-parent-id>
				<comment-text>Popravek... 9 razred na petek 4 ure. Kaj pa ostalih 4 ure v petek? Govorilne ure?</comment-text>
				<comment-text-transliterated>Popravek... 9 razred na petek 4 ure. Kaj pa ostalih 4 ure v petek? Govorilne ure?</comment-text-transliterated>
			</comment>
			<comment comment-id="9-7">
				<comment-parent-id>9</comment-parent-id>
				<comment-text>šola ni farma  Ne poenostavljaj primera samo zato da bi povedal svoje. Ne žagajo drv učitelji žal, da bi ure/kvote bile nekaj tako enostavno izračunanega. In ne pišem to zato, da bi zaničeval ali poveličeval eno ali drugo delo. Vsako delo je treba pač opravit.  Imam pa občutek po tvojih besedah, da če bi jemal tvoj pristop učenja, bi imeli same pasivne učitelje, ki bi povedal svoje pred tablo (45 min), vseen če kdo posluša ali ne, in konec dneva mislil da opravil delo super. Mogoče kasneje zaradi slabih rezultatov kakšno šibo mahal. Učenci so ljudje, in poznam par dobrih učiteljev in se oba strinjata da je 80% njiunega dela sociologija. In obnašanje ki ga moreta vzdreževat, ki posledično prinese spoštovanje pri učenih in v razredu nek sprejemljiv mir, ne ostane v šoli. Predstavljaj si, da moreš živet brez napake, saj če zgubiš spoštovanje učencev, zgubiš razred (čas kjer bi ocene in šibe prinesle to, je mimo). Zase vem, da nebi hotel opravljat tega dela, če bi 2x povečal plače. Vsaj ne dostojno</comment-text>
				<comment-text-transliterated>šola ni farma  Ne poenostavljaj primera samo zato da bi povedal svoje. Ne žagajo drv učitelji žal, da bi ure/kvote bile nekaj tako enostavno izračunanega. In ne pišem to zato, da bi zaničeval ali poveličeval eno ali drugo delo. Vsako delo je treba pač opravit.  Imam pa občutek po tvojih besedah, da če bi jemal tvoj pristop učenja, bi imeli same pasivne učitelje, ki bi povedal svoje pred tablo (45 min), vseen če kdo posluša ali ne, in konec dneva mislil da opravil delo super. Mogoče kasneje zaradi slabih rezultatov kakšno šibo mahal. Učenci so ljudje, in poznam par dobrih učiteljev in se oba strinjata da je 80% njiunega dela sociologija. In obnašanje ki ga moreta vzdreževat, ki posledično prinese spoštovanje pri učenih in v razredu nek sprejemljiv mir, ne ostane v šoli. Predstavljaj si, da moreš živet brez napake, saj če zgubiš spoštovanje učencev, zgubiš razred (čas kjer bi ocene in šibe prinesle to, je mimo). Zase vem, da nebi hotel opravljat tega dela, če bi 2x povečal plače. Vsaj ne dostojno</comment-text-transliterated>
			</comment>
			<comment comment-id="9-8">
				<comment-parent-id>9</comment-parent-id>
				<comment-text>Vsakega od vas, ki se junačite...bi poslal za 1 teden po 1 uro za začetek...ne 1 uro, 45 minut med gručo otrok...če ne nebi zaleglo, pa naslednjih 10 mesecev po 5 ur na dan vsaj...preostalo pa starše za vratom...bi potem vi za tem jurjem v druge denarnice gledal mal drugače...</comment-text>
				<comment-text-transliterated>Vsakega od vas, ki se junačite...bi poslal za 1 teden po 1 uro za začetek...ne 1 uro, 45 minut med gručo otrok...če ne nebi zaleglo, pa naslednjih 10 mesecev po 5 ur na dan vsaj...preostalo pa starše za vratom...bi potem vi za tem jurjem v druge denarnice gledal mal drugače...</comment-text-transliterated>
			</comment>
			<comment comment-id="9-9">
				<comment-parent-id>9</comment-parent-id>
				<comment-text>Zeh</comment-text>
				<comment-text-transliterated>Zeh</comment-text-transliterated>
			</comment>
			<comment comment-id="10">
				<comment-parent-id/>
				<comment-text>to je najbolj pomembno, da bodo višje plače učiteljev, komu pa bodo vzeli, poslancem in dohtarjem zanesljivo ne, sigurno tistim, ki ne zmorejo zvezati meseca, ne da bi obiskali rdeči križ ali karitas.</comment-text>
				<comment-text-transliterated>to je najbolj pomembno, da bodo višje plače učiteljev, komu pa bodo vzeli, poslancem in dohtarjem zanesljivo ne, sigurno tistim, ki ne zmorejo zvezati meseca, ne da bi obiskali rdeči križ ali karitas.</comment-text-transliterated>
			</comment>
			<comment comment-id="10-1">
				<comment-parent-id>10</comment-parent-id>
				<comment-text>Strinjam se. To je pa neskončno narobe. A tako so naštelane vse vlade sveta skozi vse čase. Žal...</comment-text>
				<comment-text-transliterated>Strinjam se. To je pa neskončno narobe. A tako so naštelane vse vlade sveta skozi vse čase. Žal...</comment-text-transliterated>
			</comment>
			<comment comment-id="11">
				<comment-parent-id/>
				<comment-text>Predpise na šolah tokrat pišejo &quot;prfoksi-politiki &quot; ki so v stotisoče bili plačani zgolj za pripravljenost na domu.</comment-text>
				<comment-text-transliterated>Predpise na šolah tokrat pišejo &quot;prfoksi-politiki &quot; ki so v stotisoče bili plačani zgolj za pripravljenost na domu.</comment-text-transliterated>
			</comment>
			<comment comment-id="12">
				<comment-parent-id/>
				<comment-text>Koliko je pa vseh učiteljev OŠ?</comment-text>
				<comment-text-transliterated>Koliko je pa vseh učiteljev OŠ?</comment-text-transliterated>
			</comment>
			<comment comment-id="13">
				<comment-parent-id/>
				<comment-text>Med počitnicami so imeli čas stavkati.</comment-text>
				<comment-text-transliterated>Med počitnicami so imeli čas stavkati.</comment-text-transliterated>
			</comment>
			<comment comment-id="14">
				<comment-parent-id/>
				<comment-text>40 urna tedenska obveznost - a to 45 ali 60 minutne ure?</comment-text>
				<comment-text-transliterated>40 urna tedenska obveznost - a to 45 ali 60 minutne ure?</comment-text-transliterated>
			</comment>
			<comment comment-id="14-1">
				<comment-parent-id>14</comment-parent-id>
				<comment-text>8 ur na delovnem mestu.</comment-text>
				<comment-text-transliterated>8 ur na delovnem mestu.</comment-text-transliterated>
			</comment>
			<comment comment-id="14-2">
				<comment-parent-id>14</comment-parent-id>
				<comment-text>tako bi bilo pravilno ter 22 dni dopusta...</comment-text>
				<comment-text-transliterated>tako bi bilo pravilno ter 22 dni dopusta...</comment-text-transliterated>
			</comment>
			<comment comment-id="14-3">
				<comment-parent-id>14</comment-parent-id>
				<comment-text>22 dni dopusta, ki ga lahko izkoristijo kadarkoli med letom a ne?? učitelji imajo res da 25 dni dopusta (niso prosti ko se začnejo počitnice in ne končajo z dopustom, ko se končajo počitnice, če še ne vete). Učitelj med šolskim letom ne more dobit dopusta, med kratkimi počitnicami morajo biti prisotni na šoli, med glavnimi počitnicami pa je vse najdražje!</comment-text>
				<comment-text-transliterated>22 dni dopusta, ki ga lahko izkoristijo kadarkoli med letom a ne?? učitelji imajo res da 25 dni dopusta (niso prosti ko se začnejo počitnice in ne končajo z dopustom, ko se končajo počitnice, če še ne vete). Učitelj med šolskim letom ne more dobit dopusta, med kratkimi počitnicami morajo biti prisotni na šoli, med glavnimi počitnicami pa je vse najdražje!</comment-text-transliterated>
			</comment>
			<comment comment-id="15">
				<comment-parent-id/>
				<comment-text>Najprej je treba za šolnike uvesti beleženje prihodov in odhodov..Ne pa, da se hodi domov ob 13h in nakladanje, koliko priprav je potrebno popoldne doma...Priprave na drug dan naj se izvajajo v šoli pod nadzorom beleženja časa.. Kaj se ima učitelj zgodovine ali biografije 40let vsak dan popoldne pripravljat? Furajo ene in iste prosojnice in vprašanja na testih bodo večno enaka..</comment-text>
				<comment-text-transliterated>Najprej je treba za šolnike uvesti beleženje prihodov in odhodov..Ne pa, da se hodi domov ob 13h in nakladanje, koliko priprav je potrebno popoldne doma...Priprave na drug dan naj se izvajajo v šoli pod nadzorom beleženja časa.. Kaj se ima učitelj zgodovine ali biografije 40let vsak dan popoldne pripravljat? Furajo ene in iste prosojnice in vprašanja na testih bodo večno enaka..</comment-text-transliterated>
			</comment>
			<comment comment-id="15-1">
				<comment-parent-id>15</comment-parent-id>
				<comment-text>Ne zadovoljnim šolnikom bi predlagal, da dajo odpovedi in se znajdejo oz dokažejo sposobnosti v gospodarstvu.. V gospodarstvu se ne tala plač na lepe oči..</comment-text>
				<comment-text-transliterated>Ne zadovoljnim šolnikom bi predlagal, da dajo odpovedi in se znajdejo oz dokažejo sposobnosti v gospodarstvu.. V gospodarstvu se ne tala plač na lepe oči..</comment-text-transliterated>
			</comment>
			<comment comment-id="16">
				<comment-parent-id/>
				<comment-text>ja celih 8 ur..ne pa šolskih....roko na srce-pretegnejo se na šihtu glih ne</comment-text>
				<comment-text-transliterated>ja celih 8 ur..ne pa šolskih....roko na srce-pretegnejo se na šihtu glih ne</comment-text-transliterated>
			</comment>
			<comment comment-id="17">
				<comment-parent-id/>
				<comment-text>Na leto povprečni zaposleni oddela 2076 ur - dopusti in prazniki. Ko bodo tile enkra imeli ure za preverjaje prisotnosti, bodo videli kako težko je spravit z nedelom te ure skupaj.</comment-text>
				<comment-text-transliterated>Na leto povprečni zaposleni oddela 2076 ur - dopusti in prazniki. Ko bodo tile enkra imeli ure za preverjaje prisotnosti, bodo videli kako težko je spravit z nedelom te ure skupaj.</comment-text-transliterated>
			</comment>
			<comment comment-id="18">
				<comment-parent-id/>
				<comment-text>Končno je prišel čas,ko učitelji ne bodo več zaščiteni,kot severno medvedeki. Sedaj so prišli v šolo ob 8 ih in bili doma ob 14 ih. To je na dan 6 urc,pa še to so delovne ure šolske.</comment-text>
				<comment-text-transliterated>Končno je prišel čas,ko učitelji ne bodo več zaščiteni,kot severno medvedeki. Sedaj so prišli v šolo ob 8 ih in bili doma ob 14 ih. To je na dan 6 urc,pa še to so delovne ure šolske.</comment-text-transliterated>
			</comment>
			<comment comment-id="19">
				<comment-parent-id/>
				<comment-text>Če si doktoriral iz matematike, na poklicni šoli tega predmeta ne boš smel več učiti. Razlog: nisi natančno profesor matematike in nič manj ter nič več. Struktura naše družbe se vse bolj približuje okviru družbe, ki jo je opisoval Milčinski. Butalcem, če komu ni kapnilo...</comment-text>
				<comment-text-transliterated>Če si doktoriral iz matematike, na poklicni šoli tega predmeta ne boš smel več učiti. Razlog: nisi natančno profesor matematike in nič manj ter nič več. Struktura naše družbe se vse bolj približuje okviru družbe, ki jo je opisoval Milčinski. Butalcem, če komu ni kapnilo...</comment-text-transliterated>
			</comment>
			<comment comment-id="20">
				<comment-parent-id/>
				<comment-text>Več kot trideset let nazaj je bil v podaljšanem bivanju NPČ (neusmerjen prosti čas), kjer so se učenci usmerili v športne in druge razgibalne vaje. Dobro je plačano to reformiranje OŠ in SŠ, zato znova izumljajo 'toplo vodo'. Ko bi bila vsaj topla, je pa ledeno mrzla, ker vse skupaj ni za nikamor. Novosti so predstavili tik pred zdajci, da bo ja površno organizirano in bodo denar dobile inšpekcijske službe. Ne poznajo niti psihofizičnega ustroja srednješolca, saj jim popolnoma zaupajo naloge, ki jim glede zrelosti še niso kos. #neumnost</comment-text>
				<comment-text-transliterated>Več kot trideset let nazaj je bil v podaljšanem bivanju NPČ (neusmerjen prosti čas), kjer so se učenci usmerili v športne in druge razgibalne vaje. Dobro je plačano to reformiranje OŠ in SŠ, zato znova izumljajo 'toplo vodo'. Ko bi bila vsaj topla, je pa ledeno mrzla, ker vse skupaj ni za nikamor. Novosti so predstavili tik pred zdajci, da bo ja površno organizirano in bodo denar dobile inšpekcijske službe. Ne poznajo niti psihofizičnega ustroja srednješolca, saj jim popolnoma zaupajo naloge, ki jim glede zrelosti še niso kos. #neumnost</comment-text-transliterated>
			</comment>
			<comment comment-id="21">
				<comment-parent-id/>
				<comment-text>To, da učitelji v OŠ rabijo univerzitetno izobrazbo (in to 2. stopnjo), za vsak predmet je ena navadna bedarija.</comment-text>
				<comment-text-transliterated>To, da učitelji v OŠ rabijo univerzitetno izobrazbo (in to 2. stopnjo), za vsak predmet je ena navadna bedarija.</comment-text-transliterated>
			</comment>
			<comment comment-id="21-1">
				<comment-parent-id>21</comment-parent-id>
				<comment-text>Zato pa Slovenija postaja dežela hiperproduciranih izobražencev, ki so več ali manj neuporabni, glede na pridobljene papirje pa tudi delati ne zna in noče več nihče. Star sem dovolj in tudi dovolj kompetenten, da lahko verodostojno trdim, da je zahtevnost programa in zahtevnost preverjanja znanja izpred 40 let v primerjavi s sedaj drastično padla. Poznam zahtevnost recimo maturitetnih matematičnih nalog nekoč in danes. Za tistega, ki obvlada, priporočam, da si v slovenskem filmu Vesna ogleda maturitetne naloge, ki so bile takrat na eni ljubljanskih gimnazij, torej konec petdesetih let. Itak pa so bile povsod po Sloveniji podobno zahtevne. Živela hiperprodukcija visoko izobraženih neuporabnih kadrov. Parkirišče za njih je v Bistri.</comment-text>
				<comment-text-transliterated>Zato pa Slovenija postaja dežela hiperproduciranih izobražencev, ki so več ali manj neuporabni, glede na pridobljene papirje pa tudi delati ne zna in noče več nihče. Star sem dovolj in tudi dovolj kompetenten, da lahko verodostojno trdim, da je zahtevnost programa in zahtevnost preverjanja znanja izpred 40 let v primerjavi s sedaj drastično padla. Poznam zahtevnost recimo maturitetnih matematičnih nalog nekoč in danes. Za tistega, ki obvlada, priporočam, da si v slovenskem filmu Vesna ogleda maturitetne naloge, ki so bile takrat na eni ljubljanskih gimnazij, torej konec petdesetih let. Itak pa so bile povsod po Sloveniji podobno zahtevne. Živela hiperprodukcija visoko izobraženih neuporabnih kadrov. Parkirišče za njih je v Bistri.</comment-text-transliterated>
			</comment>
			<comment comment-id="21-2">
				<comment-parent-id>21</comment-parent-id>
				<comment-text>Pozabil: učitelji nimajo počitnic. Za vsako uro, ko so dijaki na počitnicah, dajejo dopust. Ko ga zmanjka, morajo biti v šoli, si najti delo in o tem poročati nadrejenim.</comment-text>
				<comment-text-transliterated>Pozabil: učitelji nimajo počitnic. Za vsako uro, ko so dijaki na počitnicah, dajejo dopust. Ko ga zmanjka, morajo biti v šoli, si najti delo in o tem poročati nadrejenim.</comment-text-transliterated>
			</comment>
			<comment comment-id="22">
				<comment-parent-id/>
				<comment-text>TAKOJ sem za, da bi bili učitelji v šoli 40ur/t, ampak mi je jasno, da samo v teoriji. Eni kar nekaj pišete, moti pa vas... kaj tocno... pri uciteljih? Meni je jasno, da dober in zgleden pedagoski delavec dela dosti vec kot se mu prizna. Meni pa je kristalno jasno, da ne bomo hodili na govorilne ure in rod.sestanke za casa mojega lastnega del.casa</comment-text>
				<comment-text-transliterated>TAKOJ sem za, da bi bili učitelji v šoli 40ur/t, ampak mi je jasno, da samo v teoriji. Eni kar nekaj pišete, moti pa vas... kaj tocno... pri uciteljih? Meni je jasno, da dober in zgleden pedagoski delavec dela dosti vec kot se mu prizna. Meni pa je kristalno jasno, da ne bomo hodili na govorilne ure in rod.sestanke za casa mojega lastnega del.casa</comment-text-transliterated>
			</comment>
			<comment comment-id="22-1">
				<comment-parent-id>22</comment-parent-id>
				<comment-text>učitelji na hodijo v službo ob 8.00 in delajo do 16.00,tako kot vsi ostali delavci ,ki hodimo v službe.40 urni delovni teden za vse. A je to pošteno. No javite se učitelj sedaj. Verjetno boste najbolj zjamran delavec v Sloveniji.</comment-text>
				<comment-text-transliterated>učitelji na hodijo v službo ob 8.00 in delajo do 16.00,tako kot vsi ostali delavci ,ki hodimo v službe.40 urni delovni teden za vse. A je to pošteno. No javite se učitelj sedaj. Verjetno boste najbolj zjamran delavec v Sloveniji.</comment-text-transliterated>
			</comment>
			<comment comment-id="22-2">
				<comment-parent-id>22</comment-parent-id>
				<comment-text>Meni je jasno, da v praksi ne deluje. Sporne so mi le poletne pocitnice, vse ostalo imajo oodelano in jaz absolutno ne bom na soli ze ob 14h, ko se bo od mene pricakovalo biti tam na govorilni uri ali rod.sestanku ali nekem izrednem srecanju. ITD CE JE TAK PROBLEM DEL.TEDEN UCITELJEV V SLO, GA KOPIRAJMO OD NAPREDNIH DRZAV, DA BO MIR (alla uciteljev teden v Avstriji, Nemciji, Skandinaviji) -- ampak potem bodite tiho, koliko bodo res na soli, na pocitnicah in koliko manj dejavnosti bo za otroke</comment-text>
				<comment-text-transliterated>Meni je jasno, da v praksi ne deluje. Sporne so mi le poletne pocitnice, vse ostalo imajo oodelano in jaz absolutno ne bom na soli ze ob 14h, ko se bo od mene pricakovalo biti tam na govorilni uri ali rod.sestanku ali nekem izrednem srecanju. ITD CE JE TAK PROBLEM DEL.TEDEN UCITELJEV V SLO, GA KOPIRAJMO OD NAPREDNIH DRZAV, DA BO MIR (alla uciteljev teden v Avstriji, Nemciji, Skandinaviji) -- ampak potem bodite tiho, koliko bodo res na soli, na pocitnicah in koliko manj dejavnosti bo za otroke</comment-text-transliterated>
			</comment>
			<comment comment-id="22-3">
				<comment-parent-id>22</comment-parent-id>
				<comment-text>Pozabljaš na konference, šole v naravi, krožke, priprave na tekmovanja, popravljanja kontrolk, tehnične in tehnološke posodobitve učilnic, izdelavo priprav in LDN-ov (letni delovni načrt), DSP (dodatna strokovna pomoč ali po domače zastonjkarske individualne instrukcije v šoli), spremljavo na ekskurzijah, prevozi dijakov na sejme, promocije šol in še in še bi lahko našteval. Te obremenitve seveda ne tangirajo vseh učiteljev, a nič bat, tisti manj obremenjeni od tega itak nimajo nič, tistim, ki bi se jim pa to moralo upoštevati pa se jim kaj malega prizna, a ne več kot petina. V povprečju delajo učitelji torej mnogo več, kot se jim to splošno prizna.</comment-text>
				<comment-text-transliterated>Pozabljaš na konference, šole v naravi, krožke, priprave na tekmovanja, popravljanja kontrolk, tehnične in tehnološke posodobitve učilnic, izdelavo priprav in LDN-ov (letni delovni načrt), DSP (dodatna strokovna pomoč ali po domače zastonjkarske individualne instrukcije v šoli), spremljavo na ekskurzijah, prevozi dijakov na sejme, promocije šol in še in še bi lahko našteval. Te obremenitve seveda ne tangirajo vseh učiteljev, a nič bat, tisti manj obremenjeni od tega itak nimajo nič, tistim, ki bi se jim pa to moralo upoštevati pa se jim kaj malega prizna, a ne več kot petina. V povprečju delajo učitelji torej mnogo več, kot se jim to splošno prizna.</comment-text-transliterated>
			</comment>
			<comment comment-id="22-4">
				<comment-parent-id>22</comment-parent-id>
				<comment-text>In še odgovornost za vsakega učenca posebej je zelo velika!</comment-text>
				<comment-text-transliterated>In še odgovornost za vsakega učenca posebej je zelo velika!</comment-text-transliterated>
			</comment>
			<comment comment-id="23">
				<comment-parent-id/>
				<comment-text>Imam ženo ravnateljico. V času svojega letnega dopusta je morala nekajkrat v službo, sedaj že nekaj dni pripravlja stvari za šolo, tudi sedaj ko to pišem. Nihče jih teh ur ne bo plačal. Mislim, da so tukaj na forumu ljudje, ki se jim o šoli danes niti ne sanja. Uživajte in pišite, ker nimate kaj bolj pametnega počet.</comment-text>
				<comment-text-transliterated>Imam ženo ravnateljico. V času svojega letnega dopusta je morala nekajkrat v službo, sedaj že nekaj dni pripravlja stvari za šolo, tudi sedaj ko to pišem. Nihče jih teh ur ne bo plačal. Mislim, da so tukaj na forumu ljudje, ki se jim o šoli danes niti ne sanja. Uživajte in pišite, ker nimate kaj bolj pametnega počet.</comment-text-transliterated>
			</comment>
			<comment comment-id="23-1">
				<comment-parent-id>23</comment-parent-id>
				<comment-text>Ko pa med delovnim časom dela 4 ure, kaj pa takrat, kdo tajrat plačuje ure, ko nič ne dela</comment-text>
				<comment-text-transliterated>Ko pa med delovnim časom dela 4 ure, kaj pa takrat, kdo tajrat plačuje ure, ko nič ne dela</comment-text-transliterated>
			</comment>
			<comment comment-id="23-2">
				<comment-parent-id>23</comment-parent-id>
				<comment-text>Je pa doma za krompirjeve počitnice,bižično novoletne,zimske ,aprilsko-prvomajske in en mesec in pol poleti. To je skupno 58 dni dopusta. Mi v gospodarstvu pa začnrmo z 18 dnevi dopusta. Samo nehajte jamrat,ko vas imamo mi,ki vas plačujemo poln kufer.</comment-text>
				<comment-text-transliterated>Je pa doma za krompirjeve počitnice,bižično novoletne,zimske ,aprilsko-prvomajske in en mesec in pol poleti. To je skupno 58 dni dopusta. Mi v gospodarstvu pa začnrmo z 18 dnevi dopusta. Samo nehajte jamrat,ko vas imamo mi,ki vas plačujemo poln kufer.</comment-text-transliterated>
			</comment>
			<comment comment-id="23-3">
				<comment-parent-id>23</comment-parent-id>
				<comment-text>Verjetno sodiš po sebi!!!!</comment-text>
				<comment-text-transliterated>Verjetno sodiš po sebi!!!!</comment-text-transliterated>
			</comment>
			<comment comment-id="23-4">
				<comment-parent-id>23</comment-parent-id>
				<comment-text>Nihče ne jamra, jamraš ti, ki imaš poln kufer neznanja.</comment-text>
				<comment-text-transliterated>Nihče ne jamra, jamraš ti, ki imaš poln kufer neznanja.</comment-text-transliterated>
			</comment>
			<comment comment-id="24">
				<comment-parent-id/>
				<comment-text>Danes bit učitelj je zelo zahtevno predvsem ker ima otrok že preveč pravic in lahko bodisi disciplinsko ali celk kazensko takon odgovarja zaradi veliko prepotentnih starsev ki mislijo da so njihovi otroci nedotakljivi in ob vsakem manjsem pripetljaju privihrajo bodisi sami ali celi z odvetniki v šolo. To ni kot včasih ko smo zganjalj norčije v šoli in dobili klofuto od učitelja podpis pa še eno doma okoli ušes. Pa potem ni nihče zganjal panike.</comment-text>
				<comment-text-transliterated>Danes bit učitelj je zelo zahtevno predvsem ker ima otrok že preveč pravic in lahko bodisi disciplinsko ali celk kazensko takon odgovarja zaradi veliko prepotentnih starsev ki mislijo da so njihovi otroci nedotakljivi in ob vsakem manjsem pripetljaju privihrajo bodisi sami ali celi z odvetniki v šolo. To ni kot včasih ko smo zganjalj norčije v šoli in dobili klofuto od učitelja podpis pa še eno doma okoli ušes. Pa potem ni nihče zganjal panike.</comment-text-transliterated>
			</comment>
			<comment comment-id="25">
				<comment-parent-id/>
				<comment-text>50% učiteljev ima previsoko plačo, 50% pa prenizko. Previsoko imajo razni previligiranci in lizuni, prenizko pa začetniki in normalni učitelji. Pretegnejo se pa oboji sigurno ne !!!</comment-text>
				<comment-text-transliterated>50% učiteljev ima previsoko plačo, 50% pa prenizko. Previsoko imajo razni previligiranci in lizuni, prenizko pa začetniki in normalni učitelji. Pretegnejo se pa oboji sigurno ne !!!</comment-text-transliterated>
			</comment>
			<comment comment-id="25-1">
				<comment-parent-id>25</comment-parent-id>
				<comment-text>&quot;Le čevlje sodi naj kopitar&quot;! Nisem učitelj, a vendar vem, da ti ne končajo svojega dela 25. junija in tudi začnejo veliko prej kot 1. septembra! Vmes pa razni seminarji, izobraževanja in delo tudi doma!</comment-text>
				<comment-text-transliterated>&quot;Le čevlje sodi naj kopitar&quot;! Nisem učitelj, a vendar vem, da ti ne končajo svojega dela 25. junija in tudi začnejo veliko prej kot 1. septembra! Vmes pa razni seminarji, izobraževanja in delo tudi doma!</comment-text-transliterated>
			</comment>
			<comment comment-id="25-2">
				<comment-parent-id>25</comment-parent-id>
				<comment-text>Poleg tega so otroci iz leta v leto bolj problematični; nekateri še svojega doma ne morejo v red spraviti, kaj šele, če jih imaš toliko na kupu! Ne trdim, da je povsod tako, a kakšen razred je kot zakleto nemogoč!</comment-text>
				<comment-text-transliterated>Poleg tega so otroci iz leta v leto bolj problematični; nekateri še svojega doma ne morejo v red spraviti, kaj šele, če jih imaš toliko na kupu! Ne trdim, da je povsod tako, a kakšen razred je kot zakleto nemogoč!</comment-text-transliterated>
			</comment>
			<comment comment-id="25-3">
				<comment-parent-id>25</comment-parent-id>
				<comment-text>ce si naiven</comment-text>
				<comment-text-transliterated>ce si naiven</comment-text-transliterated>
			</comment>
			<comment comment-id="25-4">
				<comment-parent-id>25</comment-parent-id>
				<comment-text>Tako kot cela javna uprava. Neumnost kolektivne pogodbe in pogodbe za nedoločen čas. To so bedarije.</comment-text>
				<comment-text-transliterated>Tako kot cela javna uprava. Neumnost kolektivne pogodbe in pogodbe za nedoločen čas. To so bedarije.</comment-text-transliterated>
			</comment>
			<comment comment-id="25-5">
				<comment-parent-id>25</comment-parent-id>
				<comment-text>Parkorišče ob šoli je poleti prazno. Samo en teden pred poukom se začne dogajti, prej je prava redkost da koga vidiš</comment-text>
				<comment-text-transliterated>Parkorišče ob šoli je poleti prazno. Samo en teden pred poukom se začne dogajti, prej je prava redkost da koga vidiš</comment-text-transliterated>
			</comment>
			<comment comment-id="25-6">
				<comment-parent-id>25</comment-parent-id>
				<comment-text>Prazno parkirišče je tudi med krompirjevimi, božično-novoletnimi in prvomajskimi počitnicami.</comment-text>
				<comment-text-transliterated>Prazno parkirišče je tudi med krompirjevimi, božično-novoletnimi in prvomajskimi počitnicami.</comment-text-transliterated>
			</comment>
			<comment comment-id="25-7">
				<comment-parent-id>25</comment-parent-id>
				<comment-text>No vidiš, da se je začelo dogajati. Prej pa so imeli šolniki dopuste, kot ga imaš ti. Nič več in nič manj.</comment-text>
				<comment-text-transliterated>No vidiš, da se je začelo dogajati. Prej pa so imeli šolniki dopuste, kot ga imaš ti. Nič več in nič manj.</comment-text-transliterated>
			</comment>
			<comment comment-id="26">
				<comment-parent-id/>
				<comment-text>Spoštovani ! Jest takoj podpišem ,da učitelji preživijo 8 ur na dan v šoli vendar pod pogojem,da doma ni ne duha ne sluha o učiteljskem delu doma! Priprave ,popravljanje testov  itd... Vse in izključno vse naj se dogaja v šoli in pika. Doma naj bo družina na prvem mestu ne pa otroci staršev,ki pojma nimajo kako stvar poteka !! Res ,eni ste pa res nori, tako kot je nora ta država ! Sej zato smo pa tam kjer smo . lp Slovenija !</comment-text>
				<comment-text-transliterated>Spoštovani ! Jest takoj podpišem ,da učitelji preživijo 8 ur na dan v šoli vendar pod pogojem,da doma ni ne duha ne sluha o učiteljskem delu doma! Priprave ,popravljanje testov  itd... Vse in izključno vse naj se dogaja v šoli in pika. Doma naj bo družina na prvem mestu ne pa otroci staršev,ki pojma nimajo kako stvar poteka !! Res ,eni ste pa res nori, tako kot je nora ta država ! Sej zato smo pa tam kjer smo . lp Slovenija !</comment-text-transliterated>
			</comment>
			<comment comment-id="26-1">
				<comment-parent-id>26</comment-parent-id>
				<comment-text>Ampak 8 ur, ne tistih šolskih.... Zracunaj si kdaj boš doma...</comment-text>
				<comment-text-transliterated>Ampak 8 ur, ne tistih šolskih.... Zracunaj si kdaj boš doma...</comment-text-transliterated>
			</comment>
			<comment comment-id="26-2">
				<comment-parent-id>26</comment-parent-id>
				<comment-text>od sedmih do treh k ostali !</comment-text>
				<comment-text-transliterated>od sedmih do treh k ostali !</comment-text-transliterated>
			</comment>
			<comment comment-id="26-3">
				<comment-parent-id>26</comment-parent-id>
				<comment-text>Šolska ura je 45 min plus 15 za pripravo. Vseeno se je potrebno pripraviti (enkrat že), kaj potipkat, sprintat, skopirat, izracunat, ponovno splanirat itd</comment-text>
				<comment-text-transliterated>Šolska ura je 45 min plus 15 za pripravo. Vseeno se je potrebno pripraviti (enkrat že), kaj potipkat, sprintat, skopirat, izracunat, ponovno splanirat itd</comment-text-transliterated>
			</comment>
			<comment comment-id="26-4">
				<comment-parent-id>26</comment-parent-id>
				<comment-text>vpisat v e-asiatenta in druge malenkosti. 45 je samo cistega dela v razredu. Meni je vsaj to jasno, pa ne delam v soli</comment-text>
				<comment-text-transliterated>vpisat v e-asiatenta in druge malenkosti. 45 je samo cistega dela v razredu. Meni je vsaj to jasno, pa ne delam v soli</comment-text-transliterated>
			</comment>
			<comment comment-id="26-5">
				<comment-parent-id>26</comment-parent-id>
				<comment-text>Kaj pa vas ostale zares moti?</comment-text>
				<comment-text-transliterated>Kaj pa vas ostale zares moti?</comment-text-transliterated>
			</comment>
			<comment comment-id="26-6">
				<comment-parent-id>26</comment-parent-id>
				<comment-text>+++ zato pa ure za preverjaje prisotnosti!</comment-text>
				<comment-text-transliterated>+++ zato pa ure za preverjaje prisotnosti!</comment-text-transliterated>
			</comment>
			<comment comment-id="27">
				<comment-parent-id/>
				<comment-text>učitrlji po včini delajo 4x45 minut na dan, kar v bistu ni niti 4 pone ure. to pomeni da se šolski program prilagaja samo kiliko bod imeli učitelji priznanih ur prisotnosti. poleg tega je 30dni pouk daljši samo da se učiteljem zagotovi kvoto ur. En velik socialistični sistem ki ga je potrebno drago plačevat v €???????</comment-text>
				<comment-text-transliterated>učitrlji po včini delajo 4x45 minut na dan, kar v bistu ni niti 4 pone ure. to pomeni da se šolski program prilagaja samo kiliko bod imeli učitelji priznanih ur prisotnosti. poleg tega je 30dni pouk daljši samo da se učiteljem zagotovi kvoto ur. En velik socialistični sistem ki ga je potrebno drago plačevat v €???????</comment-text-transliterated>
			</comment>
			<comment comment-id="27-1">
				<comment-parent-id>27</comment-parent-id>
				<comment-text>Privat šolo v vsako vas!</comment-text>
				<comment-text-transliterated>Privat šolo v vsako vas!</comment-text-transliterated>
			</comment>
			<comment comment-id="28">
				<comment-parent-id/>
				<comment-text>Šola je izredno pomembna zato tako lahkotno razlaganje brez gobjega poznavanja lahko naredi več škode kot koristi. Učitelji so pogosto po krivem tarča kritik, posmehovanja in omalovaževanja, kar ni ne prav in ne dobro. Sindikati in ministrstvo bijejo bitko na plečih učiteljev, ki si v nekaterih pogledih zaslužijo več, nekje pa ne, vendar kar tako na počez se stvari ne urejajo. Razredništvo je zahtevno in mora biti ustrezno ovrednoteno, kar pa očitno ni. Anomalije je treba odpraviti in brez podcenjevanja, blatenja prosim.</comment-text>
				<comment-text-transliterated>Šola je izredno pomembna zato tako lahkotno razlaganje brez gobjega poznavanja lahko naredi več škode kot koristi. Učitelji so pogosto po krivem tarča kritik, posmehovanja in omalovaževanja, kar ni ne prav in ne dobro. Sindikati in ministrstvo bijejo bitko na plečih učiteljev, ki si v nekaterih pogledih zaslužijo več, nekje pa ne, vendar kar tako na počez se stvari ne urejajo. Razredništvo je zahtevno in mora biti ustrezno ovrednoteno, kar pa očitno ni. Anomalije je treba odpraviti in brez podcenjevanja, blatenja prosim.</comment-text-transliterated>
			</comment>
			<comment comment-id="29">
				<comment-parent-id/>
				<comment-text>učitelji že imajo zdavnaj več kot minimalni neto plače.na vrsti so ljudje ki še minimalca nimajo.bo lažje referendum uvesti kdo si zasluži višje plače.naj odloči ljudstvo!</comment-text>
				<comment-text-transliterated>učitelji že imajo zdavnaj več kot minimalni neto plače.na vrsti so ljudje ki še minimalca nimajo.bo lažje referendum uvesti kdo si zasluži višje plače.naj odloči ljudstvo!</comment-text-transliterated>
			</comment>
			<comment comment-id="29-1">
				<comment-parent-id>29</comment-parent-id>
				<comment-text>.......ki pojma nima kaj in koliko kdo v šoli dela!!!!</comment-text>
				<comment-text-transliterated>.......ki pojma nima kaj in koliko kdo v šoli dela!!!!</comment-text-transliterated>
			</comment>
			<comment comment-id="29-2">
				<comment-parent-id>29</comment-parent-id>
				<comment-text>Učitelji naj bodo kvalitetni, dobro plačani. Če bo dober kader poučeval, pol bomo šli v pravo smer.</comment-text>
				<comment-text-transliterated>Učitelji naj bodo kvalitetni, dobro plačani. Če bo dober kader poučeval, pol bomo šli v pravo smer.</comment-text-transliterated>
			</comment>
			<comment comment-id="29-3">
				<comment-parent-id>29</comment-parent-id>
				<comment-text>In ti želiš, da tvojega otroka uči nekdo na minimalcu? Lahko uredimo.</comment-text>
				<comment-text-transliterated>In ti želiš, da tvojega otroka uči nekdo na minimalcu? Lahko uredimo.</comment-text-transliterated>
			</comment>
			<comment comment-id="29-4">
				<comment-parent-id>29</comment-parent-id>
				<comment-text>Po tvojih komentarjih vidim, da si sigurno prosvetni delavec.</comment-text>
				<comment-text-transliterated>Po tvojih komentarjih vidim, da si sigurno prosvetni delavec.</comment-text-transliterated>
			</comment>
			<comment comment-id="29-5">
				<comment-parent-id>29</comment-parent-id>
				<comment-text>Normalno da jo imajo , saj imajo tudi višjo izobrazbo. A želiš uravnilovko?</comment-text>
				<comment-text-transliterated>Normalno da jo imajo , saj imajo tudi višjo izobrazbo. A želiš uravnilovko?</comment-text-transliterated>
			</comment>
			<comment comment-id="30">
				<comment-parent-id/>
				<comment-text>Kakšne višje plače, za 5 ur dela in 3 mesece dopusta so že visoke</comment-text>
				<comment-text-transliterated>Kakšne višje plače, za 5 ur dela in 3 mesece dopusta so že visoke</comment-text-transliterated>
			</comment>
			<comment comment-id="30-1">
				<comment-parent-id>30</comment-parent-id>
				<comment-text>Zdaj pa res vidim, da samo nakladaš in da res nimaš pojma o nečemer. Raje utihni, ker delaš škodo zdravemu razumu in te v šoli res niso mogli ničesar naučiti!!!!!!</comment-text>
				<comment-text-transliterated>Zdaj pa res vidim, da samo nakladaš in da res nimaš pojma o nečemer. Raje utihni, ker delaš škodo zdravemu razumu in te v šoli res niso mogli ničesar naučiti!!!!!!</comment-text-transliterated>
			</comment>
			<comment comment-id="30-2">
				<comment-parent-id>30</comment-parent-id>
				<comment-text>Odkod tebi info da imajo 3 mesece dopusta!??</comment-text>
				<comment-text-transliterated>Odkod tebi info da imajo 3 mesece dopusta!??</comment-text-transliterated>
			</comment>
			<comment comment-id="30-3">
				<comment-parent-id>30</comment-parent-id>
				<comment-text>Govori se... Po gostilnah.</comment-text>
				<comment-text-transliterated>Govori se... Po gostilnah.</comment-text-transliterated>
			</comment>
			<comment comment-id="30-4">
				<comment-parent-id>30</comment-parent-id>
				<comment-text>ker ga res imajo najmab 2 in pol eni tud 3</comment-text>
				<comment-text-transliterated>ker ga res imajo najmab 2 in pol eni tud 3</comment-text-transliterated>
			</comment>
			<comment comment-id="31">
				<comment-parent-id/>
				<comment-text>V Oš in vrtcih je zaposlenih cca 94% žensk.V sr.šolstvu in visokem pa manj.</comment-text>
				<comment-text-transliterated>V Oš in vrtcih je zaposlenih cca 94% žensk.V sr.šolstvu in visokem pa manj.</comment-text-transliterated>
			</comment>
			<comment comment-id="31-1">
				<comment-parent-id>31</comment-parent-id>
				<comment-text>Tudi v osnovnih šolah bi morali zaposliti več moških, namreč veliko otrok živi samo z mamo samohranilko. In ne glede na to, da ima družba dandanes probleme z lastnim spolom, otroci v svojem zgodnjem življenju absolutno potrebujejo moško figuro, tako deklice (da ne postanejo cipe) kot fantje (da postanejo odločni moški). Napisano bolj na kratko, ampak psihologija v ozadju je jasna.</comment-text>
				<comment-text-transliterated>Tudi v osnovnih šolah bi morali zaposliti več moških, namreč veliko otrok živi samo z mamo samohranilko. In ne glede na to, da ima družba dandanes probleme z lastnim spolom, otroci v svojem zgodnjem življenju absolutno potrebujejo moško figuro, tako deklice (da ne postanejo cipe) kot fantje (da postanejo odločni moški). Napisano bolj na kratko, ampak psihologija v ozadju je jasna.</comment-text-transliterated>
			</comment>
			<comment comment-id="31-2">
				<comment-parent-id>31</comment-parent-id>
				<comment-text>V šoli naj ima učitel avtoriteto, doma pa starš! Zdaj pa razvajenci ustrahujejo učitelje z prijavami na csd, doma pa peglajo starše! Kam gre taka družba je pa 2 vprašanje!?</comment-text>
				<comment-text-transliterated>V šoli naj ima učitel avtoriteto, doma pa starš! Zdaj pa razvajenci ustrahujejo učitelje z prijavami na csd, doma pa peglajo starše! Kam gre taka družba je pa 2 vprašanje!?</comment-text-transliterated>
			</comment>
			<comment comment-id="31-3">
				<comment-parent-id>31</comment-parent-id>
				<comment-text>Moski so vecinoma geji danes..poglej kako se oblacijo ..</comment-text>
				<comment-text-transliterated>Moski so vecinoma geji danes..poglej kako se oblacijo ..</comment-text-transliterated>
			</comment>
			<comment comment-id="32">
				<comment-parent-id/>
				<comment-text>Namestite naprave za štempljanje v šole, tko bo najbolj pravično za vse. Zdaj je vse odvisno od ravnatelja, eni so bolj strogi, drugi manj, eni si z nekaterimi učitelji niso dobri, z drugimi so si prijatelji, to je že v naprej programirano, da bo zelo krivčno in od šole do šole zelo različno.</comment-text>
				<comment-text-transliterated>Namestite naprave za štempljanje v šole, tko bo najbolj pravično za vse. Zdaj je vse odvisno od ravnatelja, eni so bolj strogi, drugi manj, eni si z nekaterimi učitelji niso dobri, z drugimi so si prijatelji, to je že v naprej programirano, da bo zelo krivčno in od šole do šole zelo različno.</comment-text-transliterated>
			</comment>
			<comment comment-id="32-1">
				<comment-parent-id>32</comment-parent-id>
				<comment-text>Štempljanje ne bo pomagalo. Potrebno bo ravnatelje dobro plačati, da bodo naredili red po šolah ali pa jih nagnati, ker niso sposobni.</comment-text>
				<comment-text-transliterated>Štempljanje ne bo pomagalo. Potrebno bo ravnatelje dobro plačati, da bodo naredili red po šolah ali pa jih nagnati, ker niso sposobni.</comment-text-transliterated>
			</comment>
			<comment comment-id="32-2">
				<comment-parent-id>32</comment-parent-id>
				<comment-text>To je pa zelo pametni komentar. Bravo.</comment-text>
				<comment-text-transliterated>To je pa zelo pametni komentar. Bravo.</comment-text-transliterated>
			</comment>
			<comment comment-id="33">
				<comment-parent-id/>
				<comment-text>Zakaj odpoved ali skrajšan del.čas — glede na to, da že imajo opravljene izpite vezane na pedagoški, psiholiški, didaktični in strokovni del, ne bi fakultete ali zavod organizirali kratko dopolnitev izobraževanja predmeta?! Enako pravilo, če bi se doktor prijavil na del.mesto srednješolskega profesorja in bi imel 1-2 leti, da opravi ostale pedagoške itd izpite!? A ni bolj logično in pretočno? SE SPET NE DA?</comment-text>
				<comment-text-transliterated>Zakaj odpoved ali skrajšan del.čas — glede na to, da že imajo opravljene izpite vezane na pedagoški, psiholiški, didaktični in strokovni del, ne bi fakultete ali zavod organizirali kratko dopolnitev izobraževanja predmeta?! Enako pravilo, če bi se doktor prijavil na del.mesto srednješolskega profesorja in bi imel 1-2 leti, da opravi ostale pedagoške itd izpite!? A ni bolj logično in pretočno? SE SPET NE DA?</comment-text-transliterated>
			</comment>
			<comment comment-id="34">
				<comment-parent-id/>
				<comment-text>Dejstvo je, da ne glede na to koliko imamo čez dolžine delovnikov učiteljev in učiteljic....bi morali tudi v šolah imeti nadomeščanja porihtana z dodatnim ustrezno usposobljenim človekom. Prav tako v privatnem sektorju. To da se nadomešča, se dela uslugo zgolj lastnikom oz.v primeru državnega lastništva državi. Vendarle pa se nam ta sistem predstavlja, da vsak dela zase...zato dela. Torej, kar je viška....se vsak sam odloča...ali mu je bolj pomemben preživet privaten čas z najdražjimi, ali nadurno delo....ki v mnogokaterih primerih sploh ni plačano, oziroma ne odtehta za kar si mora človek odreči zaradi podaljšanega delovnika. Je pa vam vsem težko priznat, da učitelji že imajo pošlihtan delovnik...4 urnik je tisto pravo normalno, za jurja...in da se lahko še poskrbi normalno za svoje otroke in družino, družinsko vzdušje in normalno prehranjevanje. V gospodarskem sektorju si bo treba to priborit, do takrat bomo pa zborali amaškemza tiste...ki nimajo, in daljšali čakalne vrste za tiste ki se jih zaradi pretiranega delovnega časa zdravstveno in družinsko uničuje. Da ne govorim, da je že 3/4 vpisanih učencev v prvem razredu druge narodnosti...ne vem na kateri kulturi mislijo gradit sploh to deželo, če se pa slovenci ne določajo za otroke. Uni od dol tega še niso pogruntali, kako se jih izkorišča....a prišli bodo tud tej časi</comment-text>
				<comment-text-transliterated>Dejstvo je, da ne glede na to koliko imamo čez dolžine delovnikov učiteljev in učiteljic....bi morali tudi v šolah imeti nadomeščanja porihtana z dodatnim ustrezno usposobljenim človekom. Prav tako v privatnem sektorju. To da se nadomešča, se dela uslugo zgolj lastnikom oz.v primeru državnega lastništva državi. Vendarle pa se nam ta sistem predstavlja, da vsak dela zase...zato dela. Torej, kar je viška....se vsak sam odloča...ali mu je bolj pomemben preživet privaten čas z najdražjimi, ali nadurno delo....ki v mnogokaterih primerih sploh ni plačano, oziroma ne odtehta za kar si mora človek odreči zaradi podaljšanega delovnika. Je pa vam vsem težko priznat, da učitelji že imajo pošlihtan delovnik...4 urnik je tisto pravo normalno, za jurja...in da se lahko še poskrbi normalno za svoje otroke in družino, družinsko vzdušje in normalno prehranjevanje. V gospodarskem sektorju si bo treba to priborit, do takrat bomo pa zborali amaškemza tiste...ki nimajo, in daljšali čakalne vrste za tiste ki se jih zaradi pretiranega delovnega časa zdravstveno in družinsko uničuje. Da ne govorim, da je že 3/4 vpisanih učencev v prvem razredu druge narodnosti...ne vem na kateri kulturi mislijo gradit sploh to deželo, če se pa slovenci ne določajo za otroke. Uni od dol tega še niso pogruntali, kako se jih izkorišča....a prišli bodo tud tej časi</comment-text-transliterated>
			</comment>
			<comment comment-id="35">
				<comment-parent-id/>
				<comment-text>Učitelji so v glavnem lenuhi. Sami dopusti jim gredo po glavi. Pa vsi so rdeči. Rezultat terga so Mesec, Trček, Kordiš in 85.000 volivcev, ki so volili levico.</comment-text>
				<comment-text-transliterated>Učitelji so v glavnem lenuhi. Sami dopusti jim gredo po glavi. Pa vsi so rdeči. Rezultat terga so Mesec, Trček, Kordiš in 85.000 volivcev, ki so volili levico.</comment-text-transliterated>
			</comment>
			<comment comment-id="35-1">
				<comment-parent-id>35</comment-parent-id>
				<comment-text>Zanimivo, moja izkušnja je pa drugačna. Sem hodil na eno izmed ljubljanskih gimnazij pa me je učilo več desnih učiteljev.</comment-text>
				<comment-text-transliterated>Zanimivo, moja izkušnja je pa drugačna. Sem hodil na eno izmed ljubljanskih gimnazij pa me je učilo več desnih učiteljev.</comment-text-transliterated>
			</comment>
			<comment comment-id="35-2">
				<comment-parent-id>35</comment-parent-id>
				<comment-text>Ne bo čisto držalo. Poznam kar nekaj uciteljev, ki so zelo prizadevni in niso rdeči.</comment-text>
				<comment-text-transliterated>Ne bo čisto držalo. Poznam kar nekaj uciteljev, ki so zelo prizadevni in niso rdeči.</comment-text-transliterated>
			</comment>
			<comment comment-id="35-3">
				<comment-parent-id>35</comment-parent-id>
				<comment-text>Jaz poznam tudi profesorje - nekaj levih, nekaj desnih, vsi so zelo prizadevni. Se bomo zdaj že tukaj začeli ločevati, namesto da bi se združevali!? Samo eno kratko življenje imamo vsi in se takole delimo in kregamo! Dovolj je bilo!</comment-text>
				<comment-text-transliterated>Jaz poznam tudi profesorje - nekaj levih, nekaj desnih, vsi so zelo prizadevni. Se bomo zdaj že tukaj začeli ločevati, namesto da bi se združevali!? Samo eno kratko življenje imamo vsi in se takole delimo in kregamo! Dovolj je bilo!</comment-text-transliterated>
			</comment>
			<comment comment-id="35-4">
				<comment-parent-id>35</comment-parent-id>
				<comment-text>karantanija +++++ , ampa to se lahko zahvalimo začetniku uničenja slovencev IJJ</comment-text>
				<comment-text-transliterated>karantanija +++++ , ampa to se lahko zahvalimo začetniku uničenja slovencev IJJ</comment-text-transliterated>
			</comment>
			<comment comment-id="35-5">
				<comment-parent-id>35</comment-parent-id>
				<comment-text>igy02-minuse dobivaš, ker trdiš, da so vsi učitelji lenuhi kar 100% ni res. Za ostale trditve bi dobil več plusev. Politična usmerjenost pa ne bi smela biti pomembna. Dobro bi bilo, da ravnatelji ne bi bili politično opredeljeni, ker samo tako bodo verjetno lahko nepristranski.</comment-text>
				<comment-text-transliterated>igy02-minuse dobivaš, ker trdiš, da so vsi učitelji lenuhi kar 100% ni res. Za ostale trditve bi dobil več plusev. Politična usmerjenost pa ne bi smela biti pomembna. Dobro bi bilo, da ravnatelji ne bi bili politično opredeljeni, ker samo tako bodo verjetno lahko nepristranski.</comment-text-transliterated>
			</comment>
			<comment comment-id="35-6">
				<comment-parent-id>35</comment-parent-id>
				<comment-text>Zaradi mene je lahko tudi politično opredeljen, saj je vsak človek pravzaprav, vendar politika v šoli nima kaj početi.</comment-text>
				<comment-text-transliterated>Zaradi mene je lahko tudi politično opredeljen, saj je vsak človek pravzaprav, vendar politika v šoli nima kaj početi.</comment-text-transliterated>
			</comment>
			<comment comment-id="36">
				<comment-parent-id/>
				<comment-text>Butalistan. Nič ne čudi da je vse manj otrok pa se teh je pol opankarjrv.  Vsi pametni Slovenci odhajajo.</comment-text>
				<comment-text-transliterated>Butalistan. Nič ne čudi da je vse manj otrok pa se teh je pol opankarjrv.  Vsi pametni Slovenci odhajajo.</comment-text-transliterated>
			</comment>
			<comment comment-id="37">
				<comment-parent-id/>
				<comment-text>Kdo si upa prvi razred otročkov prevzet za 1 uro na dan za naslednji teden...ne za naslednjih 10 mesecev...samo za eno uro :)</comment-text>
				<comment-text-transliterated>Kdo si upa prvi razred otročkov prevzet za 1 uro na dan za naslednji teden...ne za naslednjih 10 mesecev...samo za eno uro :)</comment-text-transliterated>
			</comment>
			<comment comment-id="37-1">
				<comment-parent-id>37</comment-parent-id>
				<comment-text>jaz</comment-text>
				<comment-text-transliterated>jaz</comment-text-transliterated>
			</comment>
			<comment comment-id="37-2">
				<comment-parent-id>37</comment-parent-id>
				<comment-text>ASDF3, ali si učitelj ali pa bu telj.</comment-text>
				<comment-text-transliterated>ASDF3, ali si učitelj ali pa bu telj.</comment-text-transliterated>
			</comment>
			<comment comment-id="37-3">
				<comment-parent-id>37</comment-parent-id>
				<comment-text>Očitno nimate otrok v šoli ozi9roma se z vašimi otroki ne ubadate dovolj (kar vas je lahko sram!). Otroki znajo biti zelo zelo pridni in jih z lahkoto obvladaš, če poznaš tehnike oziroma imaš vsaj nekaj izkušenj s tem (seveda pa je potrebno dovolj časa in pozornosti ter seveda ustrezen prostor - zaželjeno na odprtem), kar očitno nekateri tu nimate. Seveda pa to velja za otroke, ne za mladostnike. Pri njih pa je nastopi težava (sicer pa bi vsakemu dal telefon in bi imel mir nekaj ur brez težav), a to ni ta pravo. Nekateri komentirate in nimate pojma!</comment-text>
				<comment-text-transliterated>Očitno nimate otrok v šoli ozi9roma se z vašimi otroki ne ubadate dovolj (kar vas je lahko sram!). Otroki znajo biti zelo zelo pridni in jih z lahkoto obvladaš, če poznaš tehnike oziroma imaš vsaj nekaj izkušenj s tem (seveda pa je potrebno dovolj časa in pozornosti ter seveda ustrezen prostor - zaželjeno na odprtem), kar očitno nekateri tu nimate. Seveda pa to velja za otroke, ne za mladostnike. Pri njih pa je nastopi težava (sicer pa bi vsakemu dal telefon in bi imel mir nekaj ur brez težav), a to ni ta pravo. Nekateri komentirate in nimate pojma!</comment-text-transliterated>
			</comment>
			<comment comment-id="37-4">
				<comment-parent-id>37</comment-parent-id>
				<comment-text>Kot prvo - sem pozabil -pa je treba imeti otroke rad.</comment-text>
				<comment-text-transliterated>Kot prvo - sem pozabil -pa je treba imeti otroke rad.</comment-text-transliterated>
			</comment>
			<comment comment-id="37-5">
				<comment-parent-id>37</comment-parent-id>
				<comment-text>1a, spet pameten odgovor.</comment-text>
				<comment-text-transliterated>1a, spet pameten odgovor.</comment-text-transliterated>
			</comment>
			<comment comment-id="37-6">
				<comment-parent-id>37</comment-parent-id>
				<comment-text>Ni ne tič in ne miš. Naj pove ime in priimek potem pa naj širi traparije, če si upa. #pamirnospanje</comment-text>
				<comment-text-transliterated>Ni ne tič in ne miš. Naj pove ime in priimek potem pa naj širi traparije, če si upa. #pamirnospanje</comment-text-transliterated>
			</comment>
			<comment comment-id="38">
				<comment-parent-id/>
				<comment-text>Tudi poslanci niso usposobljeni za vodenje države. No kaj bomo rekli pa na to???</comment-text>
				<comment-text-transliterated>Tudi poslanci niso usposobljeni za vodenje države. No kaj bomo rekli pa na to???</comment-text-transliterated>
			</comment>
			<comment comment-id="38-1">
				<comment-parent-id>38</comment-parent-id>
				<comment-text>...........da smo neprištevni volivci, ki smo take volili!!!!!!</comment-text>
				<comment-text-transliterated>...........da smo neprištevni volivci, ki smo take volili!!!!!!</comment-text-transliterated>
			</comment>
			<comment comment-id="38-2">
				<comment-parent-id>38</comment-parent-id>
				<comment-text>1a, pa ti si genij z odgovori.</comment-text>
				<comment-text-transliterated>1a, pa ti si genij z odgovori.</comment-text-transliterated>
			</comment>
			<comment comment-id="39">
				<comment-parent-id/>
				<comment-text>vec kot dovol so placani</comment-text>
				<comment-text-transliterated>vec kot dovol so placani</comment-text-transliterated>
			</comment>
			<comment comment-id="39-1">
				<comment-parent-id>39</comment-parent-id>
				<comment-text>Ne vsi!!</comment-text>
				<comment-text-transliterated>Ne vsi!!</comment-text-transliterated>
			</comment>
			<comment comment-id="40">
				<comment-parent-id/>
				<comment-text>Treba je v šole takoj jutri namontirat ure za prisotnost, da se bo videlo, kolko časa so dejansko prisotni, poleg tega pa še preverjat kaj počnejo. Potem se lahko pogovarjamo o plačah. Ni pošteno, da bi bili priviligarnci plačani bolj kot tisti ki dejansko dela 7,5h</comment-text>
				<comment-text-transliterated>Treba je v šole takoj jutri namontirat ure za prisotnost, da se bo videlo, kolko časa so dejansko prisotni, poleg tega pa še preverjat kaj počnejo. Potem se lahko pogovarjamo o plačah. Ni pošteno, da bi bili priviligarnci plačani bolj kot tisti ki dejansko dela 7,5h</comment-text-transliterated>
			</comment>
			<comment comment-id="40-1">
				<comment-parent-id>40</comment-parent-id>
				<comment-text>ja ce motejo v fabrikah stempljat pa naj se solniki.</comment-text>
				<comment-text-transliterated>ja ce motejo v fabrikah stempljat pa naj se solniki.</comment-text-transliterated>
			</comment>
			<comment comment-id="40-2">
				<comment-parent-id>40</comment-parent-id>
				<comment-text>Enmeister, spet kvasiš be da rije o učiteljih, moral si biti res slab učene!!!!!!!!</comment-text>
				<comment-text-transliterated>Enmeister, spet kvasiš be da rije o učiteljih, moral si biti res slab učene!!!!!!!!</comment-text-transliterated>
			</comment>
		</comments-list>
	</comments>
</document>
