<document global-id="si-06-116"><url>https://www.24ur.com/popin/glasba/radi-bi-preprosto-bili-to-kar-smo-in-zaplesali-praznovali-zivljenje.html</url><source-id>si-06</source-id><local-id>si-06-116</local-id><source-name>ur24</source-name><article><article-title>'Radi bi preprosto bili to, kar smo, in zaplesali. Praznovali življenje'</article-title><article-title-transliterated>'Radi bi preprosto bili to, kar smo, in zaplesali. Praznovali življenje'</article-title-transliterated><article_time>2018-11-22</article_time><article-author>J.S.</article-author><article-text>Anette, pevka in učiteljica, predstavlja novo pesem Dej pleš, ki jo je posnela s priljubljenim 6Pack Čukurjem. Ta je skladbi dodal pozitivno noto in sporočilo "Ne oziraj se na druge, to je tvoj svet".
Anette je učiteljica, pevka, avtorica in pesnica.FOTO: Boštjan Tacol
"Dej pleš je nastala nekega poletnega popoldneva med vožnjo proti Primorski, ker me morje vedno znova navdihuje. Pesem je protiutež preveliki resnosti, ki jo moramo vedno znova dokazovati pred svetom. Mi pa bi radi preprosto bili to, kar smo, in zaplesali. Praznovali življenje," je o novi pesmi povedala pevka Anette, ki s petjem navdušuje tudi svoje učence angleškega in nemškega jezika. 
Anette je avtorica glasbe in besedila, za produkcijo plesnih ritmov je k sodelovanju povabila vedno bolj uveljavljenega mladega glasbenika Alexa Volaska, "ki je takoj začutil energijo skladbe in je dodal moderen pridih". 
"Ko smo orisali osnovno skico skladbe, se mi je ob poslušanju skladbe zazdelo, da ji manjka tista pika na i. Zato smo k sodelovanju povabili raperja 6Pack Čukurja, ki je skladbi dodal tisto pozitivno noto in sporočilo – Ne oziraj se na druge, to je tvoj svet! Povabilu se je kljub vsem svojim obveznostim z veseljem odzval. Vesela sem, da je pri tem projektu sodelovala tako dobra ekipa, vključno z Lenartom Kobalom, ki je skladbi dodal zelo lep vizualni izgled," je dodala. 
Glasbenica, ki je lani nastopila na Melodijah morja in sonca, je sodelovala že s številnimi glasbeniki. Poleg petja se ukvarja tudi s pisanjem poezije – novembra 2011 je izšel njen pesniški prvenec Za vsako drevo raste pesem pri Založbi KUD France Prešeren.</article-text><article-text-transliterated>Anette, pevka in učiteljica, predstavlja novo pesem Dej pleš, ki jo je posnela s priljubljenim 6Pack Čukurjem. Ta je skladbi dodal pozitivno noto in sporočilo "Ne oziraj se na druge, to je tvoj svet".
Anette je učiteljica, pevka, avtorica in pesnica.FOTO: Boštjan Tacol
"Dej pleš je nastala nekega poletnega popoldneva med vožnjo proti Primorski, ker me morje vedno znova navdihuje. Pesem je protiutež preveliki resnosti, ki jo moramo vedno znova dokazovati pred svetom. Mi pa bi radi preprosto bili to, kar smo, in zaplesali. Praznovali življenje," je o novi pesmi povedala pevka Anette, ki s petjem navdušuje tudi svoje učence angleškega in nemškega jezika. 
Anette je avtorica glasbe in besedila, za produkcijo plesnih ritmov je k sodelovanju povabila vedno bolj uveljavljenega mladega glasbenika Alexa Volaska, "ki je takoj začutil energijo skladbe in je dodal moderen pridih". 
"Ko smo orisali osnovno skico skladbe, se mi je ob poslušanju skladbe zazdelo, da ji manjka tista pika na i. Zato smo k sodelovanju povabili raperja 6Pack Čukurja, ki je skladbi dodal tisto pozitivno noto in sporočilo – Ne oziraj se na druge, to je tvoj svet! Povabilu se je kljub vsem svojim obveznostim z veseljem odzval. Vesela sem, da je pri tem projektu sodelovala tako dobra ekipa, vključno z Lenartom Kobalom, ki je skladbi dodal zelo lep vizualni izgled," je dodala. 
Glasbenica, ki je lani nastopila na Melodijah morja in sonca, je sodelovala že s številnimi glasbeniki. Poleg petja se ukvarja tudi s pisanjem poezije – novembra 2011 je izšel njen pesniški prvenec Za vsako drevo raste pesem pri Založbi KUD France Prešeren.</article-text-transliterated></article><comments><comments-count>0</comments-count><comments-list /></comments></document>