<?xml version="1.0" encoding="utf-8"?>
<document global-id="si-06-1324">
	<url>https://www.24ur.com/ekskluziv/film_tv/na-pop-tv-prihaja-na-zaru-z-ladom-bizovicarjem-2.html</url>
	<source-id>si-06</source-id>
	<local-id>1324</local-id>
	<source-name>ur24</source-name>
	<article>
		<article-title>Na POP TV prihaja Na žaru z Ladom Bizovičarjem</article-title>
		<article-title-transliterated>Na POP TV prihaja Na žaru z Ladom Bizovičarjem</article-title-transliterated>
		<article-time>2017-05-23</article-time>
		<article-author>A.R.</article-author>
		<article-text>Na POP TV bosta 4. junija in 11. junija ob 20. uri na sporedu oddaji Na žaru z Ladom Bizovičarjem. V Cankarjevem domu so bili obiskovalci navdušeni nad šalami, ki sta jih na svoj račun morala poslušati Jonas Žnidaršič in Jože Potrebuješ. Na POP TV bomo ogled komičnega spektakla omogočili našim gledalcem. 4. junija si bomo ob 20. uri na POP TV lahko ogledali Na žaru z Ladom Bizovičarjem, kjer bo vroče Jonasu Žnidaršiču.FOTO: Aljoša Kravanja Lado BizovičarFOTO: Aljoša Kravanja Komični roast je format komedije, pri katerem je ''zvezda večera'' ali ''roastee'' glavna žrtev strupenih jezikov, ki je podvržena šalam na lasten račun, z namenom zabavanja širšega občinstva. Ne gre za žaljenje, ampak za poklon osebi, ki je na žaru. Nastopajoči na piker in duhovit način komentirajo tudi drug drugega. Zakaj bi opravljali in se hihitali za hrbtom, če se lahko na glas režimo skupaj Ne spreglejte najbolj zabavnega spektakla leta iz vašega najljubšega naslanjača. 4. junija in 11. junija ob 20. uri na POP TV. Tudi na VOYO. Vsestranski Lado Bizovičar je skupaj s znanimi Slovenci in Slovenkami tokrat na žaru obrnil Jonasa Žnidaršiča. Ta je slišal kar nekaj krepkih na svoj račun, med drugim tudi to, zakaj na zmenku pred leti ni poljubil Miše Molk, zakaj mu je bila všeč Desa Muck in kako se ga je brez pesti lotil Dejan Zavec. Kako to, da so na odru samo štirje Čuki, po koncertu pa gredo fantje po navadi domov z vsaj desetimi 'čuki' - v žepu. Takšne šale je poslušal Jože Potrebuješ - častni gost oddaje Na Žaru z Ladom Bizovičarjem. Med drugim pa so si ga privoščili tudi Tilen Artač, Tara Zupančič, Jure Sešek in Lucija Ćirović. 11. junija si bomo ob 20. uri na POP TV lahko ogledali Na žaru z Ladom Bizovičarjem, kjer bo vroče Jože Potrebuješ.FOTO: Aljoša Kravanja</article-text>
		<article-text-transliterated>Na POP TV bosta 4. junija in 11. junija ob 20. uri na sporedu oddaji Na žaru z Ladom Bizovičarjem. V Cankarjevem domu so bili obiskovalci navdušeni nad šalami, ki sta jih na svoj račun morala poslušati Jonas Žnidaršič in Jože Potrebuješ. Na POP TV bomo ogled komičnega spektakla omogočili našim gledalcem. 4. junija si bomo ob 20. uri na POP TV lahko ogledali Na žaru z Ladom Bizovičarjem, kjer bo vroče Jonasu Žnidaršiču.FOTO: Aljoša Kravanja Lado BizovičarFOTO: Aljoša Kravanja Komični roast je format komedije, pri katerem je ''zvezda večera'' ali ''roastee'' glavna žrtev strupenih jezikov, ki je podvržena šalam na lasten račun, z namenom zabavanja širšega občinstva. Ne gre za žaljenje, ampak za poklon osebi, ki je na žaru. Nastopajoči na piker in duhovit način komentirajo tudi drug drugega. Zakaj bi opravljali in se hihitali za hrbtom, če se lahko na glas režimo skupaj Ne spreglejte najbolj zabavnega spektakla leta iz vašega najljubšega naslanjača. 4. junija in 11. junija ob 20. uri na POP TV. Tudi na VOYO. Vsestranski Lado Bizovičar je skupaj s znanimi Slovenci in Slovenkami tokrat na žaru obrnil Jonasa Žnidaršiča. Ta je slišal kar nekaj krepkih na svoj račun, med drugim tudi to, zakaj na zmenku pred leti ni poljubil Miše Molk, zakaj mu je bila všeč Desa Muck in kako se ga je brez pesti lotil Dejan Zavec. Kako to, da so na odru samo štirje Čuki, po koncertu pa gredo fantje po navadi domov z vsaj desetimi 'čuki' - v žepu. Takšne šale je poslušal Jože Potrebuješ - častni gost oddaje Na Žaru z Ladom Bizovičarjem. Med drugim pa so si ga privoščili tudi Tilen Artač, Tara Zupančič, Jure Sešek in Lucija Ćirović. 11. junija si bomo ob 20. uri na POP TV lahko ogledali Na žaru z Ladom Bizovičarjem, kjer bo vroče Jože Potrebuješ.FOTO: Aljoša Kravanja</article-text-transliterated>
	</article>
	<comments>
		<comments-count>11</comments-count>
		<comments-list>
			<comment comment-id="1">
				<comment-parent-id/>
				<comment-text>Pa kaj nimate kaj drugega dat na spored kot pa same bedne slovenske oddaje.</comment-text>
				<comment-text-transliterated>Pa kaj nimate kaj drugega dat na spored kot pa same bedne slovenske oddaje.</comment-text-transliterated>
			</comment>
			<comment comment-id="2">
				<comment-parent-id/>
				<comment-text>Lado ima same avtorske oddaje. Zvezde plešejo, karaoke in na žaru, res ima hude ideje :)</comment-text>
				<comment-text-transliterated>Lado ima same avtorske oddaje. Zvezde plešejo, karaoke in na žaru, res ima hude ideje :)</comment-text-transliterated>
			</comment>
			<comment comment-id="2-1">
				<comment-parent-id>2</comment-parent-id>
				<comment-text>On je samo voditelj. Krivi producente</comment-text>
				<comment-text-transliterated>On je samo voditelj. Krivi producente</comment-text-transliterated>
			</comment>
			<comment comment-id="3">
				<comment-parent-id/>
				<comment-text>Samo se 24ur z ladom bizovicarjem in preverjeno potem bo pa ze na vseh oddajah... a vam gre tak slabo??? Mal je ze dosadn...</comment-text>
				<comment-text-transliterated>Samo se 24ur z ladom bizovicarjem in preverjeno potem bo pa ze na vseh oddajah... a vam gre tak slabo??? Mal je ze dosadn...</comment-text-transliterated>
			</comment>
			<comment comment-id="4">
				<comment-parent-id/>
				<comment-text>Kaj pa vem...Men je pa ta na Žaru kr všeč</comment-text>
				<comment-text-transliterated>Kaj pa vem...Men je pa ta na Žaru kr všeč</comment-text-transliterated>
			</comment>
			<comment comment-id="5">
				<comment-parent-id/>
				<comment-text>Kdo lahko to gleda?</comment-text>
				<comment-text-transliterated>Kdo lahko to gleda?</comment-text-transliterated>
			</comment>
			<comment comment-id="5-1">
				<comment-parent-id>5</comment-parent-id>
				<comment-text>jst</comment-text>
				<comment-text-transliterated>jst</comment-text-transliterated>
			</comment>
			<comment comment-id="6">
				<comment-parent-id/>
				<comment-text>Zelo veliko komentarjev. Bom pa še jaz svojega dodal. A sploh kdo gleda to? Tako kot oddaja &amp;quot;hipnoza&amp;quot;. Kr neki.</comment-text>
				<comment-text-transliterated>Zelo veliko komentarjev. Bom pa še jaz svojega dodal. A sploh kdo gleda to? Tako kot oddaja &amp;quot;hipnoza&amp;quot;. Kr neki.</comment-text-transliterated>
			</comment>
			<comment comment-id="7">
				<comment-parent-id/>
				<comment-text>&amp;quot;komični spektakel&amp;quot;.</comment-text>
				<comment-text-transliterated>&amp;quot;komični spektakel&amp;quot;.</comment-text-transliterated>
			</comment>
			<comment comment-id="8">
				<comment-parent-id/>
				<comment-text>DA VIDIMO.</comment-text>
				<comment-text-transliterated>DA VIDIMO.</comment-text-transliterated>
			</comment>
			<comment comment-id="9">
				<comment-parent-id/>
				<comment-text>oddaja brez smisla in veze s humorjem</comment-text>
				<comment-text-transliterated>oddaja brez smisla in veze s humorjem</comment-text-transliterated>
			</comment>
		</comments-list>
	</comments>
</document>
