<?xml version="1.0" encoding="utf-8"?>
<document global-id="si-06-1106">
	<url>https://www.24ur.com/novice/crna-kronika/kriminalisticna-preiskava.html</url>
	<source-id>si-06</source-id>
	<local-id>1106</local-id>
	<source-name>ur24</source-name>
	<article>
		<article-title>Kriminalisti odkrili kriminalno združbo, ki je v Slovenijo pretihotapila 73 ljudi</article-title>
		<article-title-transliterated>Kriminalisti odkrili kriminalno združbo, ki je v Slovenijo pretihotapila 73 ljudi</article-title-transliterated>
		<article-time>2019-02-20</article-time>
		<article-author>M.S.</article-author>
		<article-text>Ljubljanski kriminalisti so končali preiskavo združbe, ki je v Sloveniji izvajala kazniva dejanja prepovedanega prehajanja meje ali ozemlja države. Štirje Afganistanci in en Pakistanec so čez ozemlje Slovenije pretihotapili 73 migrantov in pri tem zagrešili 19 kaznivih dejanj. Na današnji novinarski konferenci sta Stojan Belšak, vodja oddelka za organizirano kriminaliteto in Tomaž Peršolja, vodja sektorja za organizirano kriminaliteto predstavila ugotovitve obsežne kriminalistične preiskave združbe, ki je v Sloveniji izvajala kazniva dejanja prepovedanega prehajanja meje ali ozemlja.  Tomaž Peršolja (levo) in Stojan Belšak (desno) sta predstavila podrobnosti obsežne kriminalistične preiskave.FOTO: POP TV Kot je povedal Belšak, so leta 2016 po začetku migrantskega vala zaznali, da se na območju Ljubljane pojavljajo člani kriminalne skupine petih tujih državljanov, ki so čez mejo spravili 73 migrantov večinoma iz Afganistana, Pakistana, Irana in Iraka.  V letu 2018 so te informacije uspeli potrditi in do februarja letos uspeli zbrati dokaze o 19 kaznivih dejanjih. Pet oseb, od tega štirje državljani Afganistana in en Pakistanec, slednji je bil v času preiskave že izgnan, so bili prosilci za mednarodno zaščito in so tekom preiskave tudi pridobili status. Tujci, stari med 24 in 32 let, so na območju Slovenije izvajali aktivnosti za nezakonito spravljanje migrantov iz Hrvaške v Slovenijo in nato naprej v Italijo. Za prevoz čez mejo so računali med 50 in 200 evrov, prevoze pa so opravljali najeti vozniki in taksisti, občasno pa so uporabljali tudi javna prevozna sredstva in spletne aplikacije, ki ponujajo prevoze.  Kriminalisti so v sklopu preiskave opravili tri hišne preiskave, kjer so našli več dokaznega gradiva, med drugim dokumente, zapiske, beležke, telefone, denar in zemljevide, na katerih so bila označena mesta, kjer se lahko skrito prečka mejo.  Povezovali so se s prosilci za zaščito v azilnem domu  Štirje državljani Afganistana so se povezovali s prosilci za azil v Azilnem domu Ljubljana. V primeru, da so migrante policisti ujeli na meji, so ti takoj zaprosili za mednarodno zaščito, posledično pa so jih pripeljali v azilni dom. Tam so se Afganistanci z njimi povezali in jim organizirali nadaljnje prevoze naprej v Italijo.  Kriminalistom je delo oteževalo predvsem komuniciranje storilcev v njihovem maternem jeziku, zato so med drugim najeli prevajalce, za katere pa se je občasno izkazalo, da svoje delo opravljajo v korist prosilcev za mednarodno zaščito in ne policiji, je še dejal Belšak.  Vsem štirih Afganistancem je bila odvzeta prostost, preiskovalni sodnik pa je za vse odredil sodna pridržanja. Za kazniva dejanja prepovedanega prehajanja meje ali ozemlja države je sicer zagrožena zaporna kazen med enim in osem let ter denarna kazen.  Število nezakonitih migracij se veča  Tomaž Peršolja je ob tem dejal, da je policija v letu 2018 zaznala povečano problematiko prepovedanega prehajanja državne meje. Kot je dejal, so nezakonite migracije postale vse bolj organizirane, v zadnjem času so prijeli več oseb, ki so tihotapili ljudi. Peršolja je hkrati poudaril, da sta zaradi ilegalnih prehajanj meje najbolj obremenjeni dve policijski upravi, in sicer Koper ter Novo mesto. V Kopru policisti ujamejo skoraj 50 odstotkov vseh nezakonitih migrantov. Slovenska policija ob tem sodeluje z Europolom, v letu 2018 so sodelovali v treh mednarodnih preiskavah in odkrili več tovrstnih kriminalnih združb.</article-text>
		<article-text-transliterated>Ljubljanski kriminalisti so končali preiskavo združbe, ki je v Sloveniji izvajala kazniva dejanja prepovedanega prehajanja meje ali ozemlja države. Štirje Afganistanci in en Pakistanec so čez ozemlje Slovenije pretihotapili 73 migrantov in pri tem zagrešili 19 kaznivih dejanj. Na današnji novinarski konferenci sta Stojan Belšak, vodja oddelka za organizirano kriminaliteto in Tomaž Peršolja, vodja sektorja za organizirano kriminaliteto predstavila ugotovitve obsežne kriminalistične preiskave združbe, ki je v Sloveniji izvajala kazniva dejanja prepovedanega prehajanja meje ali ozemlja.  Tomaž Peršolja (levo) in Stojan Belšak (desno) sta predstavila podrobnosti obsežne kriminalistične preiskave.FOTO: POP TV Kot je povedal Belšak, so leta 2016 po začetku migrantskega vala zaznali, da se na območju Ljubljane pojavljajo člani kriminalne skupine petih tujih državljanov, ki so čez mejo spravili 73 migrantov večinoma iz Afganistana, Pakistana, Irana in Iraka.  V letu 2018 so te informacije uspeli potrditi in do februarja letos uspeli zbrati dokaze o 19 kaznivih dejanjih. Pet oseb, od tega štirje državljani Afganistana in en Pakistanec, slednji je bil v času preiskave že izgnan, so bili prosilci za mednarodno zaščito in so tekom preiskave tudi pridobili status. Tujci, stari med 24 in 32 let, so na območju Slovenije izvajali aktivnosti za nezakonito spravljanje migrantov iz Hrvaške v Slovenijo in nato naprej v Italijo. Za prevoz čez mejo so računali med 50 in 200 evrov, prevoze pa so opravljali najeti vozniki in taksisti, občasno pa so uporabljali tudi javna prevozna sredstva in spletne aplikacije, ki ponujajo prevoze.  Kriminalisti so v sklopu preiskave opravili tri hišne preiskave, kjer so našli več dokaznega gradiva, med drugim dokumente, zapiske, beležke, telefone, denar in zemljevide, na katerih so bila označena mesta, kjer se lahko skrito prečka mejo.  Povezovali so se s prosilci za zaščito v azilnem domu  Štirje državljani Afganistana so se povezovali s prosilci za azil v Azilnem domu Ljubljana. V primeru, da so migrante policisti ujeli na meji, so ti takoj zaprosili za mednarodno zaščito, posledično pa so jih pripeljali v azilni dom. Tam so se Afganistanci z njimi povezali in jim organizirali nadaljnje prevoze naprej v Italijo.  Kriminalistom je delo oteževalo predvsem komuniciranje storilcev v njihovem maternem jeziku, zato so med drugim najeli prevajalce, za katere pa se je občasno izkazalo, da svoje delo opravljajo v korist prosilcev za mednarodno zaščito in ne policiji, je še dejal Belšak.  Vsem štirih Afganistancem je bila odvzeta prostost, preiskovalni sodnik pa je za vse odredil sodna pridržanja. Za kazniva dejanja prepovedanega prehajanja meje ali ozemlja države je sicer zagrožena zaporna kazen med enim in osem let ter denarna kazen.  Število nezakonitih migracij se veča  Tomaž Peršolja je ob tem dejal, da je policija v letu 2018 zaznala povečano problematiko prepovedanega prehajanja državne meje. Kot je dejal, so nezakonite migracije postale vse bolj organizirane, v zadnjem času so prijeli več oseb, ki so tihotapili ljudi. Peršolja je hkrati poudaril, da sta zaradi ilegalnih prehajanj meje najbolj obremenjeni dve policijski upravi, in sicer Koper ter Novo mesto. V Kopru policisti ujamejo skoraj 50 odstotkov vseh nezakonitih migrantov. Slovenska policija ob tem sodeluje z Europolom, v letu 2018 so sodelovali v treh mednarodnih preiskavah in odkrili več tovrstnih kriminalnih združb.</article-text-transliterated>
	</article>
	<comments>
		<comments-count>61</comments-count>
		<comments-list>
			<comment comment-id="1">
				<comment-parent-id/>
				<comment-text>Neverjetno. Ljudjem so pomagali v boljši jutri, pol so pa za pomoč kaznovani. Narobe svet.</comment-text>
				<comment-text-transliterated>Neverjetno. Ljudjem so pomagali v boljši jutri, pol so pa za pomoč kaznovani. Narobe svet.</comment-text-transliterated>
			</comment>
			<comment comment-id="2">
				<comment-parent-id/>
				<comment-text>TAKOJSEN IZGON IZ DRZAVE BREZ MILOSTI NIMAJO NIKAKRSNO PRAVICO NOBENE ZASCITE</comment-text>
				<comment-text-transliterated>TAKOJSEN IZGON IZ DRZAVE BREZ MILOSTI NIMAJO NIKAKRSNO PRAVICO NOBENE ZASCITE</comment-text-transliterated>
			</comment>
			<comment comment-id="3">
				<comment-parent-id/>
				<comment-text>Naj mi nihče več ne reče, da naj sprejemamo migrante - ves čas se bom zoperstavljal! Še državljanstva niso dobili, pa so že kriminalci! Če bi imel priliko, bi prvega, ki bi se strinjal z muslimanskimi migranti iz vzhodnih dežel, krepko udaril po ustih!</comment-text>
				<comment-text-transliterated>Naj mi nihče več ne reče, da naj sprejemamo migrante - ves čas se bom zoperstavljal! Še državljanstva niso dobili, pa so že kriminalci! Če bi imel priliko, bi prvega, ki bi se strinjal z muslimanskimi migranti iz vzhodnih dežel, krepko udaril po ustih!</comment-text-transliterated>
			</comment>
			<comment comment-id="4">
				<comment-parent-id/>
				<comment-text>Tihotapiti je kaznivo? Kako potem pojasnjujete podpis Marakeške deklaracije? Sami škodljivci na naši vladi.</comment-text>
				<comment-text-transliterated>Tihotapiti je kaznivo? Kako potem pojasnjujete podpis Marakeške deklaracije? Sami škodljivci na naši vladi.</comment-text-transliterated>
			</comment>
			<comment comment-id="5">
				<comment-parent-id/>
				<comment-text>Še dobro da tihotapijo migrante v sosednje države, drugače bi jih imeli v Sloveniji že nekaj sto tisoč. Na poročilih TV BIH federalna, so povedali kako velike probleme imajo z migranti (kriminal, pretepi, posilstva..), poročajo pa tudi, da je okoli 70.000 migrantov iz Turčije namenjenih na Balkan. Naši pa nič !!!</comment-text>
				<comment-text-transliterated>Še dobro da tihotapijo migrante v sosednje države, drugače bi jih imeli v Sloveniji že nekaj sto tisoč. Na poročilih TV BIH federalna, so povedali kako velike probleme imajo z migranti (kriminal, pretepi, posilstva..), poročajo pa tudi, da je okoli 70.000 migrantov iz Turčije namenjenih na Balkan. Naši pa nič !!!</comment-text-transliterated>
			</comment>
			<comment comment-id="6">
				<comment-parent-id/>
				<comment-text>drugi so jih čez slovenijo pripeljali 500 000 pa nikomur nič</comment-text>
				<comment-text-transliterated>drugi so jih čez slovenijo pripeljali 500 000 pa nikomur nič</comment-text-transliterated>
			</comment>
			<comment comment-id="7">
				<comment-parent-id/>
				<comment-text>Dobro so se integrirali, očitno pa so zaradi nelojalne konkurence in danpinških cen nekomu na žulj stopili.</comment-text>
				<comment-text-transliterated>Dobro so se integrirali, očitno pa so zaradi nelojalne konkurence in danpinških cen nekomu na žulj stopili.</comment-text-transliterated>
			</comment>
			<comment comment-id="7-1">
				<comment-parent-id>7</comment-parent-id>
				<comment-text>ta integracija je že skoraj asimilacija !</comment-text>
				<comment-text-transliterated>ta integracija je že skoraj asimilacija !</comment-text-transliterated>
			</comment>
			<comment comment-id="8">
				<comment-parent-id/>
				<comment-text>Zanimivo. Eni legalno vlačijo v državo, drugi, ki isto počnejo za denar, so pa kriminalci.</comment-text>
				<comment-text-transliterated>Zanimivo. Eni legalno vlačijo v državo, drugi, ki isto počnejo za denar, so pa kriminalci.</comment-text-transliterated>
			</comment>
			<comment comment-id="8-1">
				<comment-parent-id>8</comment-parent-id>
				<comment-text>razlika je v nazivu...eni so &quot;humanitarci&quot;, ta drugi pa kriminalci!</comment-text>
				<comment-text-transliterated>razlika je v nazivu...eni so &quot;humanitarci&quot;, ta drugi pa kriminalci!</comment-text-transliterated>
			</comment>
			<comment comment-id="9">
				<comment-parent-id/>
				<comment-text>To je pa čudno, ker v naši državi se pa take stvari res ne počnejo in to je zastraševanje ljudi kako si policisti to sploh upajo. Ker leve stranke pravijo, da je to zastraševanje.</comment-text>
				<comment-text-transliterated>To je pa čudno, ker v naši državi se pa take stvari res ne počnejo in to je zastraševanje ljudi kako si policisti to sploh upajo. Ker leve stranke pravijo, da je to zastraševanje.</comment-text-transliterated>
			</comment>
			<comment comment-id="10">
				<comment-parent-id/>
				<comment-text>Kordiševa Varda na delu</comment-text>
				<comment-text-transliterated>Kordiševa Varda na delu</comment-text-transliterated>
			</comment>
			<comment comment-id="11">
				<comment-parent-id/>
				<comment-text>Pa saj to ni mogoče, da bi migranti pri nas kriminal zganjali, to so ja najbolj pošteni ljudje takoj za poslanci ministri in župami.</comment-text>
				<comment-text-transliterated>Pa saj to ni mogoče, da bi migranti pri nas kriminal zganjali, to so ja najbolj pošteni ljudje takoj za poslanci ministri in župami.</comment-text-transliterated>
			</comment>
			<comment comment-id="11-1">
				<comment-parent-id>11</comment-parent-id>
				<comment-text>a vidiš da integracija deluje!</comment-text>
				<comment-text-transliterated>a vidiš da integracija deluje!</comment-text-transliterated>
			</comment>
			<comment comment-id="12">
				<comment-parent-id/>
				<comment-text>Ah to nin nič jaz poznam kriminalno združbo po imne i vlada in prisesani seskoti. ni da ni žq od leta 91</comment-text>
				<comment-text-transliterated>Ah to nin nič jaz poznam kriminalno združbo po imne i vlada in prisesani seskoti. ni da ni žq od leta 91</comment-text-transliterated>
			</comment>
			<comment comment-id="13">
				<comment-parent-id/>
				<comment-text>Tudi nevladne organizacije sodelujejo pri tihotapljenju migrantov, pa jih nihče ne upa preganjat. Tihotapijo nezakonite migrante preko Slovenije v tujino, hvala bogu, drugače bodo ostali v Sloveniji.</comment-text>
				<comment-text-transliterated>Tudi nevladne organizacije sodelujejo pri tihotapljenju migrantov, pa jih nihče ne upa preganjat. Tihotapijo nezakonite migrante preko Slovenije v tujino, hvala bogu, drugače bodo ostali v Sloveniji.</comment-text-transliterated>
			</comment>
			<comment comment-id="14">
				<comment-parent-id/>
				<comment-text>BIH notranji misnister iz Grčije v Bosno na poti 70 000 migrantov.</comment-text>
				<comment-text-transliterated>BIH notranji misnister iz Grčije v Bosno na poti 70 000 migrantov.</comment-text-transliterated>
			</comment>
			<comment comment-id="14-1">
				<comment-parent-id>14</comment-parent-id>
				<comment-text>To sem slišal tudi jaz, naši politiki pa se ne zganejo, kdo bo odgovarjal za katastrofo, ko bodo prišli v Slovenijo ???</comment-text>
				<comment-text-transliterated>To sem slišal tudi jaz, naši politiki pa se ne zganejo, kdo bo odgovarjal za katastrofo, ko bodo prišli v Slovenijo ???</comment-text-transliterated>
			</comment>
			<comment comment-id="14-2">
				<comment-parent-id>14</comment-parent-id>
				<comment-text>in vsaki dan iz turčije v grčijo cca 300 komadof!</comment-text>
				<comment-text-transliterated>in vsaki dan iz turčije v grčijo cca 300 komadof!</comment-text-transliterated>
			</comment>
			<comment comment-id="15">
				<comment-parent-id/>
				<comment-text>Azil bi dal recimo današnjim udeležencem kvalifikacij za smučarske teke v Zeefeldu v Nemčiji iz Irana. če laufajo na smučeh potem so mi že malo bližje. dočim med navijači na paralelnem slalomu v Stockholmu nekako ni bilo opaziti reflektantov za švedsko državljanstvo iz Jutrovega.</comment-text>
				<comment-text-transliterated>Azil bi dal recimo današnjim udeležencem kvalifikacij za smučarske teke v Zeefeldu v Nemčiji iz Irana. če laufajo na smučeh potem so mi že malo bližje. dočim med navijači na paralelnem slalomu v Stockholmu nekako ni bilo opaziti reflektantov za švedsko državljanstvo iz Jutrovega.</comment-text-transliterated>
			</comment>
			<comment comment-id="16">
				<comment-parent-id/>
				<comment-text>Tale članek bo že jutri izginil. Bo pa dva tedna gor reportaža kako neživljensko jih obravnamo, katere pravice so jim kršene, da na meji čaka stotine otrok, pa kako se jih je pet uspešno integriralo in koliko navdušenja je med sosedi da imajo tako dobre sosede in koliko so se naučili od njih.</comment-text>
				<comment-text-transliterated>Tale članek bo že jutri izginil. Bo pa dva tedna gor reportaža kako neživljensko jih obravnamo, katere pravice so jim kršene, da na meji čaka stotine otrok, pa kako se jih je pet uspešno integriralo in koliko navdušenja je med sosedi da imajo tako dobre sosede in koliko so se naučili od njih.</comment-text-transliterated>
			</comment>
			<comment comment-id="16-1">
				<comment-parent-id>16</comment-parent-id>
				<comment-text>zanimivo, da ga 24 ur sploh objavi, glede na prislovično usmerjenost medija</comment-text>
				<comment-text-transliterated>zanimivo, da ga 24 ur sploh objavi, glede na prislovično usmerjenost medija</comment-text-transliterated>
			</comment>
			<comment comment-id="16-2">
				<comment-parent-id>16</comment-parent-id>
				<comment-text>.... kršena jim je pravica do zganjanja kriminala.</comment-text>
				<comment-text-transliterated>.... kršena jim je pravica do zganjanja kriminala.</comment-text-transliterated>
			</comment>
			<comment comment-id="17">
				<comment-parent-id/>
				<comment-text>pa čudno ,da se niso (ali so se ) ne vladniki pritožili na početje policije ??? Drugače pa hitri izgon ,ker drugače bodo sami stroški</comment-text>
				<comment-text-transliterated>pa čudno ,da se niso (ali so se ) ne vladniki pritožili na početje policije ??? Drugače pa hitri izgon ,ker drugače bodo sami stroški</comment-text-transliterated>
			</comment>
			<comment comment-id="18">
				<comment-parent-id/>
				<comment-text>Hitro jih naj spokajo iz Slovenije. Obsojeni tako ne bodo, bomo pa imeli kup nepotrebnih stroškov z njimi.</comment-text>
				<comment-text-transliterated>Hitro jih naj spokajo iz Slovenije. Obsojeni tako ne bodo, bomo pa imeli kup nepotrebnih stroškov z njimi.</comment-text-transliterated>
			</comment>
			<comment comment-id="19">
				<comment-parent-id/>
				<comment-text>Sami &quot;intelektualci&quot; razni bančniki in zdravniki... (Komentarje bodo pa tako ali tako zaprli.)</comment-text>
				<comment-text-transliterated>Sami &quot;intelektualci&quot; razni bančniki in zdravniki... (Komentarje bodo pa tako ali tako zaprli.)</comment-text-transliterated>
			</comment>
			<comment comment-id="20">
				<comment-parent-id/>
				<comment-text>Z begunci prihaja k nam organizirani kriminal. In zdaj bodo še neki namišljeni pravičniki kritizirali našo polcijo ki izvaja nadzor na meji proti takim kriminalcem. Kar tako naprej naša policija nihče od davkoplačevalcev vas ne kritizira bodite še naprej strogi in zavračajte vse tiste begunce ki so škodljivi za našo varnost.</comment-text>
				<comment-text-transliterated>Z begunci prihaja k nam organizirani kriminal. In zdaj bodo še neki namišljeni pravičniki kritizirali našo polcijo ki izvaja nadzor na meji proti takim kriminalcem. Kar tako naprej naša policija nihče od davkoplačevalcev vas ne kritizira bodite še naprej strogi in zavračajte vse tiste begunce ki so škodljivi za našo varnost.</comment-text-transliterated>
			</comment>
			<comment comment-id="21">
				<comment-parent-id/>
				<comment-text>Legende, turisticna agencija al kaida airways</comment-text>
				<comment-text-transliterated>Legende, turisticna agencija al kaida airways</comment-text-transliterated>
			</comment>
			<comment comment-id="22">
				<comment-parent-id/>
				<comment-text>Pač so našli podjetniško rešitev. Turistična agencija za potovanja po Evropi in kaj je tle narobe. Saj je ga Fajon povedala, da jim je treba podeljevati status zaščitene osebe in Levica trdno stoji na tem stališču.</comment-text>
				<comment-text-transliterated>Pač so našli podjetniško rešitev. Turistična agencija za potovanja po Evropi in kaj je tle narobe. Saj je ga Fajon povedala, da jim je treba podeljevati status zaščitene osebe in Levica trdno stoji na tem stališču.</comment-text-transliterated>
			</comment>
			<comment comment-id="22-1">
				<comment-parent-id>22</comment-parent-id>
				<comment-text>Ne omenjajte mi te Fajonove,ki bi naredila vse samo,da je opazna.</comment-text>
				<comment-text-transliterated>Ne omenjajte mi te Fajonove,ki bi naredila vse samo,da je opazna.</comment-text-transliterated>
			</comment>
			<comment comment-id="23">
				<comment-parent-id/>
				<comment-text>...na prisilno delo...obvezno...- za vse pretihotapljene poravnati VSE stroške...- za prevajalca...- VSAK južnjak dela za južnjaka...- ne poznam nobenega..., da bi delal v korist maf. slov. ....</comment-text>
				<comment-text-transliterated>...na prisilno delo...obvezno...- za vse pretihotapljene poravnati VSE stroške...- za prevajalca...- VSAK južnjak dela za južnjaka...- ne poznam nobenega..., da bi delal v korist maf. slov. ....</comment-text-transliterated>
			</comment>
			<comment comment-id="23-1">
				<comment-parent-id>23</comment-parent-id>
				<comment-text>Evo, rabijo delavce za izgradnjo drugega tira. Sami se ponujajo.</comment-text>
				<comment-text-transliterated>Evo, rabijo delavce za izgradnjo drugega tira. Sami se ponujajo.</comment-text-transliterated>
			</comment>
			<comment comment-id="24">
				<comment-parent-id/>
				<comment-text>Sedaj pa mati vseh sovraznih govorov: *Iz Turcije v Grcijo vsaki dan pride 300 migrantov. Trenutno je v Grciji 75.000 migrantov, ki so dnevno v gibanju in ti migranti se pripravljajo v napad do mehkega trebuha Evrope tj Slovenije. Kdaj bo horda krenila pa je samo vprasanje dni. Vsi o tem vedo kaj povedati le pri nas kot da se nic ne dogaja</comment-text>
				<comment-text-transliterated>Sedaj pa mati vseh sovraznih govorov: *Iz Turcije v Grcijo vsaki dan pride 300 migrantov. Trenutno je v Grciji 75.000 migrantov, ki so dnevno v gibanju in ti migranti se pripravljajo v napad do mehkega trebuha Evrope tj Slovenije. Kdaj bo horda krenila pa je samo vprasanje dni. Vsi o tem vedo kaj povedati le pri nas kot da se nic ne dogaja</comment-text-transliterated>
			</comment>
			<comment comment-id="24-1">
				<comment-parent-id>24</comment-parent-id>
				<comment-text>kje je pa ze skoraj leto dni tistih 50.000 grimsovih clanov?</comment-text>
				<comment-text-transliterated>kje je pa ze skoraj leto dni tistih 50.000 grimsovih clanov?</comment-text-transliterated>
			</comment>
			<comment comment-id="24-2">
				<comment-parent-id>24</comment-parent-id>
				<comment-text>A je Rusija napadla baltske države...homo...? To pišete že eno leto? Zastrahovanje, ti je v genih?</comment-text>
				<comment-text-transliterated>A je Rusija napadla baltske države...homo...? To pišete že eno leto? Zastrahovanje, ti je v genih?</comment-text-transliterated>
			</comment>
			<comment comment-id="24-3">
				<comment-parent-id>24</comment-parent-id>
				<comment-text>Počakaj pa bo ti kmalu vse jasno. Nam prikrivajo kaj se sploh dogaja v Sloveniji zaradi tega da ne bi padla vlada zaradi podpore migrantov. Ker so podpisali marakeško pogodbo pa morajo biti tiho, tako je zapisano v tej sporni pogodbi. A si bil zato pogodbo.Streznilo te bo ko bo začelo pokati. Takrat bo prepozno.</comment-text>
				<comment-text-transliterated>Počakaj pa bo ti kmalu vse jasno. Nam prikrivajo kaj se sploh dogaja v Sloveniji zaradi tega da ne bi padla vlada zaradi podpore migrantov. Ker so podpisali marakeško pogodbo pa morajo biti tiho, tako je zapisano v tej sporni pogodbi. A si bil zato pogodbo.Streznilo te bo ko bo začelo pokati. Takrat bo prepozno.</comment-text-transliterated>
			</comment>
			<comment comment-id="25">
				<comment-parent-id/>
				<comment-text>Dobro jutro a ne...vsi v Azilnem domu vedo kdo to dela, ampak nič od nič, čudi me zakaj traja 2 leti, da se to odkrije?!??? Jao jao...</comment-text>
				<comment-text-transliterated>Dobro jutro a ne...vsi v Azilnem domu vedo kdo to dela, ampak nič od nič, čudi me zakaj traja 2 leti, da se to odkrije?!??? Jao jao...</comment-text-transliterated>
			</comment>
			<comment comment-id="25-1">
				<comment-parent-id>25</comment-parent-id>
				<comment-text>Wow si izvirna...</comment-text>
				<comment-text-transliterated>Wow si izvirna...</comment-text-transliterated>
			</comment>
			<comment comment-id="25-2">
				<comment-parent-id>25</comment-parent-id>
				<comment-text>Ker v azilni centrih delajo sami ljubitelji kozjejebcov</comment-text>
				<comment-text-transliterated>Ker v azilni centrih delajo sami ljubitelji kozjejebcov</comment-text-transliterated>
			</comment>
			<comment comment-id="26">
				<comment-parent-id/>
				<comment-text>Zakaj se ne poroca o ponedeljkovem klanju v Franciji? Zakaj Soros ni prepovedal porocanja o klanju v Avstriji med tem ko Slovenija o tem ne poroca? Attacke in Marseille Angreifer geht mit Messer auf Passanten los</comment-text>
				<comment-text-transliterated>Zakaj se ne poroca o ponedeljkovem klanju v Franciji? Zakaj Soros ni prepovedal porocanja o klanju v Avstriji med tem ko Slovenija o tem ne poroca? Attacke in Marseille Angreifer geht mit Messer auf Passanten los</comment-text-transliterated>
			</comment>
			<comment comment-id="27">
				<comment-parent-id/>
				<comment-text>super, bodo v zaporu lepo živeli na odprtem oddelku vsaj nekaj let. kaj pa potem?</comment-text>
				<comment-text-transliterated>super, bodo v zaporu lepo živeli na odprtem oddelku vsaj nekaj let. kaj pa potem?</comment-text-transliterated>
			</comment>
			<comment comment-id="28">
				<comment-parent-id/>
				<comment-text>Bravo nasi ! Edin problem je, da imamo mi vrhunsko policijo in porazno sodstvo.</comment-text>
				<comment-text-transliterated>Bravo nasi ! Edin problem je, da imamo mi vrhunsko policijo in porazno sodstvo.</comment-text-transliterated>
			</comment>
			<comment comment-id="29">
				<comment-parent-id/>
				<comment-text>Vse en velik biznis. Nevladniki pa to podpirajo. dejansko podpirajo trgovino z ljudmi.</comment-text>
				<comment-text-transliterated>Vse en velik biznis. Nevladniki pa to podpirajo. dejansko podpirajo trgovino z ljudmi.</comment-text-transliterated>
			</comment>
			<comment comment-id="29-1">
				<comment-parent-id>29</comment-parent-id>
				<comment-text>eh ni nkei biznis. skupaj so posamezno zaslužili v najboljšem primeru (če bi dobili za vsakega 200 EUR) manj kot 3000 EUR. ker pa so za nekatere dobili le 50 EUR+stroški+... so verjetno od tega imeli okrog 1000 -1500 EUR. težka združba ni kaj.</comment-text>
				<comment-text-transliterated>eh ni nkei biznis. skupaj so posamezno zaslužili v najboljšem primeru (če bi dobili za vsakega 200 EUR) manj kot 3000 EUR. ker pa so za nekatere dobili le 50 EUR+stroški+... so verjetno od tega imeli okrog 1000 -1500 EUR. težka združba ni kaj.</comment-text-transliterated>
			</comment>
			<comment comment-id="30">
				<comment-parent-id/>
				<comment-text>pa kdo bo ze razpisal referendum proti tej levicarski ideologiji multi tupi?....cim lrej ,da gredo v arhive in iz nasega financiranja</comment-text>
				<comment-text-transliterated>pa kdo bo ze razpisal referendum proti tej levicarski ideologiji multi tupi?....cim lrej ,da gredo v arhive in iz nasega financiranja</comment-text-transliterated>
			</comment>
			<comment comment-id="31">
				<comment-parent-id/>
				<comment-text>Samo s pisanjem komentarjev ne bomo zaustavili ilegalnih migracij. Bližajo se evropske volitve, ki bodo res odločilne za prihodnost Evrope. Tokrat vsi pozabimo ali običajno volimo levico ali desnico, ali smo za partizane ali za ta bele. Sedaj gre za prihodnost Slovenije in Evrope. Stopimo skupaj in podprimo tiste kandidate, ki bodo na predvolilnih soočenjih zelo nedvoumno in jasno obljubili, da se bodo borili proti ilegalnim migracijam. Verjamem, da tako razmišljajo v vseh EU državah. Če dobimo nov EU parlament in novo EU komisijo, ki bo trdna kot Orban, je še upanje. Sicer nas čez 50 let ne bo več, v Evropi pa bodo vladale afroarabske bande in ISIS.</comment-text>
				<comment-text-transliterated>Samo s pisanjem komentarjev ne bomo zaustavili ilegalnih migracij. Bližajo se evropske volitve, ki bodo res odločilne za prihodnost Evrope. Tokrat vsi pozabimo ali običajno volimo levico ali desnico, ali smo za partizane ali za ta bele. Sedaj gre za prihodnost Slovenije in Evrope. Stopimo skupaj in podprimo tiste kandidate, ki bodo na predvolilnih soočenjih zelo nedvoumno in jasno obljubili, da se bodo borili proti ilegalnim migracijam. Verjamem, da tako razmišljajo v vseh EU državah. Če dobimo nov EU parlament in novo EU komisijo, ki bo trdna kot Orban, je še upanje. Sicer nas čez 50 let ne bo več, v Evropi pa bodo vladale afroarabske bande in ISIS.</comment-text-transliterated>
			</comment>
			<comment comment-id="31-1">
				<comment-parent-id>31</comment-parent-id>
				<comment-text>saj to so vsi obljubili.</comment-text>
				<comment-text-transliterated>saj to so vsi obljubili.</comment-text-transliterated>
			</comment>
			<comment comment-id="31-2">
				<comment-parent-id>31</comment-parent-id>
				<comment-text>Jaz volim samo še tiste, ki bodo proti tem vsiljenim migracijam in to s konkretnimi rešitvami in predlogi. NE VOLITE TANJE FAJON NIKOLI VEČ!!!!</comment-text>
				<comment-text-transliterated>Jaz volim samo še tiste, ki bodo proti tem vsiljenim migracijam in to s konkretnimi rešitvami in predlogi. NE VOLITE TANJE FAJON NIKOLI VEČ!!!!</comment-text-transliterated>
			</comment>
			<comment comment-id="31-3">
				<comment-parent-id>31</comment-parent-id>
				<comment-text>Imaš prav. Navedi tiste kandidate za nevedneže.</comment-text>
				<comment-text-transliterated>Imaš prav. Navedi tiste kandidate za nevedneže.</comment-text-transliterated>
			</comment>
			<comment comment-id="32">
				<comment-parent-id/>
				<comment-text>Vse te je treba sprejeti!!! Najmanj pol leta crkuje njihova drzava in je vceraj crjnila do konca. Ko je bila na visku je stela 30.000 teroristov zdaj pa se le nekaj 100. V Srbiji, Bih ugotavljajo da imajo nekaj 100 migrantov bivsih borcev ki so prisli tja z namenom da ostanejo v Srbiji, Bih dokler jih ne bo aktivirala komanda kj bo nekje v avganistanu, da gredo na zahod in pobijejo cim vec nevernih psov evropejcev. Seveda se o vsem tem, o cem pisejo avstrijci, hrvatje in srbi, nasim niti sanja ne. Za nas je vazno da vsakemu omogocimo da vlozi prosnjo za mednarodno zascito, seveda brez vseh dokumentov pa vsi rojeni 1.1. Nato pa izginejo brez sledu, kam pa so sli pa ziv bog ne ve nic. Jasno da gre za organizacijo celic po evropi ampak ce to reces naglas si fasyst, ksenofob...in ne bo prej mira, dokler se v Sloveniji ne bo zgodilo nekaj podobnega kar bo zdramilo zaverovane levicarje v multikulti! Multi kupti is tod, je rekla Merklova ze pet let nazaj, nasi pa se kar mislijo da je ziv, ker avtohtoni socializem se Merklici ne verjame!</comment-text>
				<comment-text-transliterated>Vse te je treba sprejeti!!! Najmanj pol leta crkuje njihova drzava in je vceraj crjnila do konca. Ko je bila na visku je stela 30.000 teroristov zdaj pa se le nekaj 100. V Srbiji, Bih ugotavljajo da imajo nekaj 100 migrantov bivsih borcev ki so prisli tja z namenom da ostanejo v Srbiji, Bih dokler jih ne bo aktivirala komanda kj bo nekje v avganistanu, da gredo na zahod in pobijejo cim vec nevernih psov evropejcev. Seveda se o vsem tem, o cem pisejo avstrijci, hrvatje in srbi, nasim niti sanja ne. Za nas je vazno da vsakemu omogocimo da vlozi prosnjo za mednarodno zascito, seveda brez vseh dokumentov pa vsi rojeni 1.1. Nato pa izginejo brez sledu, kam pa so sli pa ziv bog ne ve nic. Jasno da gre za organizacijo celic po evropi ampak ce to reces naglas si fasyst, ksenofob...in ne bo prej mira, dokler se v Sloveniji ne bo zgodilo nekaj podobnega kar bo zdramilo zaverovane levicarje v multikulti! Multi kupti is tod, je rekla Merklova ze pet let nazaj, nasi pa se kar mislijo da je ziv, ker avtohtoni socializem se Merklici ne verjame!</comment-text-transliterated>
			</comment>
			<comment comment-id="33">
				<comment-parent-id/>
				<comment-text>Kordiševa Varda v akciji</comment-text>
				<comment-text-transliterated>Kordiševa Varda v akciji</comment-text-transliterated>
			</comment>
			<comment comment-id="33-1">
				<comment-parent-id>33</comment-parent-id>
				<comment-text>Ne omenjajte mi tega rdečega Kordiša.Ne razumem kako je pristal v politiki?</comment-text>
				<comment-text-transliterated>Ne omenjajte mi tega rdečega Kordiša.Ne razumem kako je pristal v politiki?</comment-text-transliterated>
			</comment>
			<comment comment-id="34">
				<comment-parent-id/>
				<comment-text>To je zato ker niso meje zavarovane, kot nekoč. Edinemu, ki je to uspelo za časa yuge, je vodja neke sekte.</comment-text>
				<comment-text-transliterated>To je zato ker niso meje zavarovane, kot nekoč. Edinemu, ki je to uspelo za časa yuge, je vodja neke sekte.</comment-text-transliterated>
			</comment>
			<comment comment-id="35">
				<comment-parent-id/>
				<comment-text>Jaz pa poznam kriminalno združbo iz Bruslja, ki je pretihotapila na tisoče ljudi in še jih kar naprej tihotapijo preko Libije.</comment-text>
				<comment-text-transliterated>Jaz pa poznam kriminalno združbo iz Bruslja, ki je pretihotapila na tisoče ljudi in še jih kar naprej tihotapijo preko Libije.</comment-text-transliterated>
			</comment>
			<comment comment-id="36">
				<comment-parent-id/>
				<comment-text>Aja med preiskavo so dobili sratus hahaha Butale</comment-text>
				<comment-text-transliterated>Aja med preiskavo so dobili sratus hahaha Butale</comment-text-transliterated>
			</comment>
			<comment comment-id="37">
				<comment-parent-id/>
				<comment-text>Zagotovo so tesno povezani z raznimi našimi mirovnimi instituti in Amnesty International, pa še kakšni politiki iz SD in Levice bi se našli tukaj, seveda če bo policija hotela to popolnoma raziskat.</comment-text>
				<comment-text-transliterated>Zagotovo so tesno povezani z raznimi našimi mirovnimi instituti in Amnesty International, pa še kakšni politiki iz SD in Levice bi se našli tukaj, seveda če bo policija hotela to popolnoma raziskat.</comment-text-transliterated>
			</comment>
			<comment comment-id="37-1">
				<comment-parent-id>37</comment-parent-id>
				<comment-text>Verjetno še bol realno če bo policija sploh smela to raziskat ne hotela..</comment-text>
				<comment-text-transliterated>Verjetno še bol realno če bo policija sploh smela to raziskat ne hotela..</comment-text-transliterated>
			</comment>
			<comment comment-id="38">
				<comment-parent-id/>
				<comment-text>Zdaj pa samo izgon iz drzave. Das jim vse oni pa vracajo z kriminalom. Kdor jim je dal status naj tudi odgovarja saj je soodgovoren.</comment-text>
				<comment-text-transliterated>Zdaj pa samo izgon iz drzave. Das jim vse oni pa vracajo z kriminalom. Kdor jim je dal status naj tudi odgovarja saj je soodgovoren.</comment-text-transliterated>
			</comment>
			<comment comment-id="38-1">
				<comment-parent-id>38</comment-parent-id>
				<comment-text>status azilanta dobijo glede na razmere v svoji državi. v času statusa se preuči ali so bili v svoji državi kriminalci ali pa so le preganjani in so res vojni begunci. saj do tu je vse v redu. problem pa je ker se v času tega preučevanja statusa, lahko oni prosto gibajo po državi. včasih so jih v tem času zadržali (npr v Ameriki je bil nekoč cel otok kjer so ljudi imeli v karanteni dokler niso preverili vsega o njih in jih šele nato spustili dalje). po mojem morajo pravi begunci dobiti neko možnost, da se jim pomaga. da začnejo novo življenje. samo je treba prej ustaviti in filtrirati ven tiste, ki so &quot;pribežali&quot; le iz lastne koristi. eni so pozabili, da bi se tudi nam lahko '91 vse drugače obrnilo kot je bilo kasneje v Bosni in na Hrvaškem. samo narod ima kratko pamet</comment-text>
				<comment-text-transliterated>status azilanta dobijo glede na razmere v svoji državi. v času statusa se preuči ali so bili v svoji državi kriminalci ali pa so le preganjani in so res vojni begunci. saj do tu je vse v redu. problem pa je ker se v času tega preučevanja statusa, lahko oni prosto gibajo po državi. včasih so jih v tem času zadržali (npr v Ameriki je bil nekoč cel otok kjer so ljudi imeli v karanteni dokler niso preverili vsega o njih in jih šele nato spustili dalje). po mojem morajo pravi begunci dobiti neko možnost, da se jim pomaga. da začnejo novo življenje. samo je treba prej ustaviti in filtrirati ven tiste, ki so &quot;pribežali&quot; le iz lastne koristi. eni so pozabili, da bi se tudi nam lahko '91 vse drugače obrnilo kot je bilo kasneje v Bosni in na Hrvaškem. samo narod ima kratko pamet</comment-text-transliterated>
			</comment>
			<comment comment-id="39">
				<comment-parent-id/>
				<comment-text>Podporniki migrantov pri nas so sokrivi sploh levičarji, ki jih goreče zagovarjajo. Ogrožajo varnost Slovenije in njenih prebivalcev</comment-text>
				<comment-text-transliterated>Podporniki migrantov pri nas so sokrivi sploh levičarji, ki jih goreče zagovarjajo. Ogrožajo varnost Slovenije in njenih prebivalcev</comment-text-transliterated>
			</comment>
			<comment comment-id="40">
				<comment-parent-id/>
				<comment-text>Doživljensko jim prepovedat vstop na območje EU!</comment-text>
				<comment-text-transliterated>Doživljensko jim prepovedat vstop na območje EU!</comment-text-transliterated>
			</comment>
		</comments-list>
	</comments>
</document>
