<?xml version="1.0" encoding="utf-8"?>
<document global-id="si-06-1154">
	<url>https://www.24ur.com/ekskluziv/survivor/lidija-morala-kot-prva-zapustiti-survivor.html</url>
	<source-id>si-06</source-id>
	<local-id>1154</local-id>
	<source-name>ur24</source-name>
	<article>
		<article-title>Lidija morala kot prva zapustiti Survivor</article-title>
		<article-title-transliterated>Lidija morala kot prva zapustiti Survivor</article-title-transliterated>
		<article-time>2016-09-02</article-time>
		<article-author>A.K.</article-author>
		<article-text>42-letna Lidija je prva zapustila šov Survivor, a je kljub temu izkušnja zanjo zelo pozitiva. &quot;Najbolj so se mi vtisnile v spomin borbe in otok,&quot; pove in še prizna, da ji je bila največji trn v peti prav Sara, s katero nista našli skupne besede. Preverite, komu najbolj privošči zmago in kaj je prva stvar, ki jo je storila ob prihodu domov. Lidija ZverFOTO: POP TV Kakšni so bili občutki ob odhodu iz tekmovanja? Hmmm, zelo mešani: od jeze, do razočaranja. Najmanj kar sem si želela je, da zapustim šov kot prva tekmovalka in ravno to se mi je na koncu zgodilo. Kako bi opisali celotno adrenalinsko izkušnjo in kaj se vam je najbolj vtisnilo v spomin? Sama izkušnja je zelo pozitivna, čeprav je bila kratka. Ta adrenalin pred in med borbami ti da še več zagona, pozabiš na vse in usmeriš vso moč v boj do zmage, vmes sem bila presenečena sama nad sabo kako dobiš tako moč ... Najbolj so se mi vtisnile v spomin borbe med plemeni in seveda sam otok od začetka do konca mojega bivanja. Kdo je bil po vaše najbolj konflikten v tekmovanju in zakaj? Res težko vprašanje. Konfliktna niti ne kot pa tečna in nadležna Sara, ki je bila res čez cel dan glasna. Slišal si samo njo, njena pritoževanja in nerviranje vsakega posebej. Karkoli si reševal s sotekmovalci ali ekipo, vedno je bila zraven, vedno je vtikala nos, jaz tega enostavno nisem mogla prenesti in še vedno sem mnenja, da bi bilo brez nje vse drugače. Komu bi najbolj privoščili zmago? Najbolj zmago privoščim Ines, čeprav sem na koncu, ko sem jezno odšla, omenila samo moški del ekipe. Še vedno sem na strani žensk in glede na moj čas bivanja mi je bila Ines vedno ista, iskrena. Za drugo pleme pa ne morem komentirati, ker jih nisem spoznala, zato Ines. Kaj je bila za vas najtežja preizkušnja v tej borbi? Najtežja preizkušnja v borbi je bila Sara, še zdaj ne morem dojeti, da sem si dovolila, da mi je spila kri v enem dnevu, da sem zaradi nje postala čisto druga oseba kot sem v resnici. Vse ostalo so bile malenkosti - borbe so mi bile všeč in nič preveč napornega. Poškodovala se nisem, v teh nekaj dneh pa tudi nisem občutila prevelike lakote. Je pa res, da me je stala odhoda druga noč bivanja, sotekmovalci enostavno niso želeli razumeti, da ne morem spati tako utesnjeno, zato sem se raje umaknila na plažo, kjer sem imela svobodo. A žal je bila to borba s celim plemenom ... Vsak si je razlagal po svoje in tako sem postala črna ovca plemena. Lidija je iz šova izpadla prva.FOTO: POP TV Česa ste se v tem (pa čeprav kratkem) času na tekmovanju naučili? Ste spoznali kaj novega o sebi? Naučila sem se eno stvar - da nikoli ne načrtuj vnaprej in si ne ustvarjaj nekih ciljev v prihodnosti - kako boš deloval, odreagiral, se obnašal ... Realnost je ena, ko si pa v igri s toliko različnimi karakterji, se pa zadeve obrnejo. Moraš biti to kar si, povedati na glas in se nikoli ne umakniti ali potegniti vase. O sebi sem spoznala, da se lahko obvladam tako z jezikom kot z jezo in v določenem momentu odreagiram modro ali se pa raje umaknem.  Kaj je bila prva stvar, ki ste jo naredili, ko ste prispeli domov? Najprej sem bratu naročila, naj pokliče mamo in ji reče, naj skuha dobro juho. Potem pa sem pla seveda v salon malo na ogled. Boste tudi sedaj še vedno redno spremljali dogajanje na Filipinih prek tv ekrana? Seveda, zdaj mi bo lažje, ko nisem več prisotna. Vsaj meni je težko spremljati sebe na ekranu. Zdaj sem pa zelo radovedna kako so se bojevali moji somučeniki, kakšne igre so vse bile ... Preko tv ekrana bom bolje spoznala vse moje prijatelje Survivorja. survivor pasicaFOTO: POP TV</article-text>
		<article-text-transliterated>42-letna Lidija je prva zapustila šov Survivor, a je kljub temu izkušnja zanjo zelo pozitiva. &quot;Najbolj so se mi vtisnile v spomin borbe in otok,&quot; pove in še prizna, da ji je bila največji trn v peti prav Sara, s katero nista našli skupne besede. Preverite, komu najbolj privošči zmago in kaj je prva stvar, ki jo je storila ob prihodu domov. Lidija ZverFOTO: POP TV Kakšni so bili občutki ob odhodu iz tekmovanja? Hmmm, zelo mešani: od jeze, do razočaranja. Najmanj kar sem si želela je, da zapustim šov kot prva tekmovalka in ravno to se mi je na koncu zgodilo. Kako bi opisali celotno adrenalinsko izkušnjo in kaj se vam je najbolj vtisnilo v spomin? Sama izkušnja je zelo pozitivna, čeprav je bila kratka. Ta adrenalin pred in med borbami ti da še več zagona, pozabiš na vse in usmeriš vso moč v boj do zmage, vmes sem bila presenečena sama nad sabo kako dobiš tako moč ... Najbolj so se mi vtisnile v spomin borbe med plemeni in seveda sam otok od začetka do konca mojega bivanja. Kdo je bil po vaše najbolj konflikten v tekmovanju in zakaj? Res težko vprašanje. Konfliktna niti ne kot pa tečna in nadležna Sara, ki je bila res čez cel dan glasna. Slišal si samo njo, njena pritoževanja in nerviranje vsakega posebej. Karkoli si reševal s sotekmovalci ali ekipo, vedno je bila zraven, vedno je vtikala nos, jaz tega enostavno nisem mogla prenesti in še vedno sem mnenja, da bi bilo brez nje vse drugače. Komu bi najbolj privoščili zmago? Najbolj zmago privoščim Ines, čeprav sem na koncu, ko sem jezno odšla, omenila samo moški del ekipe. Še vedno sem na strani žensk in glede na moj čas bivanja mi je bila Ines vedno ista, iskrena. Za drugo pleme pa ne morem komentirati, ker jih nisem spoznala, zato Ines. Kaj je bila za vas najtežja preizkušnja v tej borbi? Najtežja preizkušnja v borbi je bila Sara, še zdaj ne morem dojeti, da sem si dovolila, da mi je spila kri v enem dnevu, da sem zaradi nje postala čisto druga oseba kot sem v resnici. Vse ostalo so bile malenkosti - borbe so mi bile všeč in nič preveč napornega. Poškodovala se nisem, v teh nekaj dneh pa tudi nisem občutila prevelike lakote. Je pa res, da me je stala odhoda druga noč bivanja, sotekmovalci enostavno niso želeli razumeti, da ne morem spati tako utesnjeno, zato sem se raje umaknila na plažo, kjer sem imela svobodo. A žal je bila to borba s celim plemenom ... Vsak si je razlagal po svoje in tako sem postala črna ovca plemena. Lidija je iz šova izpadla prva.FOTO: POP TV Česa ste se v tem (pa čeprav kratkem) času na tekmovanju naučili? Ste spoznali kaj novega o sebi? Naučila sem se eno stvar - da nikoli ne načrtuj vnaprej in si ne ustvarjaj nekih ciljev v prihodnosti - kako boš deloval, odreagiral, se obnašal ... Realnost je ena, ko si pa v igri s toliko različnimi karakterji, se pa zadeve obrnejo. Moraš biti to kar si, povedati na glas in se nikoli ne umakniti ali potegniti vase. O sebi sem spoznala, da se lahko obvladam tako z jezikom kot z jezo in v določenem momentu odreagiram modro ali se pa raje umaknem.  Kaj je bila prva stvar, ki ste jo naredili, ko ste prispeli domov? Najprej sem bratu naročila, naj pokliče mamo in ji reče, naj skuha dobro juho. Potem pa sem pla seveda v salon malo na ogled. Boste tudi sedaj še vedno redno spremljali dogajanje na Filipinih prek tv ekrana? Seveda, zdaj mi bo lažje, ko nisem več prisotna. Vsaj meni je težko spremljati sebe na ekranu. Zdaj sem pa zelo radovedna kako so se bojevali moji somučeniki, kakšne igre so vse bile ... Preko tv ekrana bom bolje spoznala vse moje prijatelje Survivorja. survivor pasicaFOTO: POP TV</article-text-transliterated>
	</article>
	<comments>
		<comments-count>31</comments-count>
		<comments-list>
			<comment comment-id="1">
				<comment-parent-id/>
				<comment-text>Mama, skuhaj mi juho, da preživim. :)</comment-text>
				<comment-text-transliterated>Mama, skuhaj mi juho, da preživim. :)</comment-text-transliterated>
			</comment>
			<comment comment-id="2">
				<comment-parent-id/>
				<comment-text>Tale pa res izgleda dosti starejsa, sory.Vam.povem njen besedni zaklad: pozitivina energija, to me dvigne,...itd.Tako se izrazajo neizobrazeni Slovenci, ki se hocejo prikazati, da niso ravno neizobrazeni.Ziher ma tud tatoo...Sicer pa- briga me.Gausova krivulja je pac ocitna</comment-text>
				<comment-text-transliterated>Tale pa res izgleda dosti starejsa, sory.Vam.povem njen besedni zaklad: pozitivina energija, to me dvigne,...itd.Tako se izrazajo neizobrazeni Slovenci, ki se hocejo prikazati, da niso ravno neizobrazeni.Ziher ma tud tatoo...Sicer pa- briga me.Gausova krivulja je pac ocitna</comment-text-transliterated>
			</comment>
			<comment comment-id="3">
				<comment-parent-id/>
				<comment-text>Pri teh letih se ji ni potreba pehat za tem denarjem!</comment-text>
				<comment-text-transliterated>Pri teh letih se ji ni potreba pehat za tem denarjem!</comment-text-transliterated>
			</comment>
			<comment comment-id="4">
				<comment-parent-id/>
				<comment-text>zasluzeno ven....deko sama sebi privosci ko bi se lahko se trije pokrili...ni timska oseba...pa se taka dolgocasna je tko da je prav da je sla ven....ajwa</comment-text>
				<comment-text-transliterated>zasluzeno ven....deko sama sebi privosci ko bi se lahko se trije pokrili...ni timska oseba...pa se taka dolgocasna je tko da je prav da je sla ven....ajwa</comment-text-transliterated>
			</comment>
			<comment comment-id="5">
				<comment-parent-id/>
				<comment-text>ehhhhh! drgač pa kot je napisal McLarnovic! pa 42!?</comment-text>
				<comment-text-transliterated>ehhhhh! drgač pa kot je napisal McLarnovic! pa 42!?</comment-text-transliterated>
			</comment>
			<comment comment-id="6">
				<comment-parent-id/>
				<comment-text>Tale rabi nekaj trdega...</comment-text>
				<comment-text-transliterated>Tale rabi nekaj trdega...</comment-text-transliterated>
			</comment>
			<comment comment-id="7">
				<comment-parent-id/>
				<comment-text>No pa je vsaj enkrat v zivljenju prva...hhhh</comment-text>
				<comment-text-transliterated>No pa je vsaj enkrat v zivljenju prva...hhhh</comment-text-transliterated>
			</comment>
			<comment comment-id="8">
				<comment-parent-id/>
				<comment-text>kakšn je to surviver če pa greš dam zaradi galasovanja</comment-text>
				<comment-text-transliterated>kakšn je to surviver če pa greš dam zaradi galasovanja</comment-text-transliterated>
			</comment>
			<comment comment-id="9">
				<comment-parent-id/>
				<comment-text>Draga naša Lidija, zame si zmagovalka ti, če prav še daleč dih in glas si v mojem srcu ti...</comment-text>
				<comment-text-transliterated>Draga naša Lidija, zame si zmagovalka ti, če prav še daleč dih in glas si v mojem srcu ti...</comment-text-transliterated>
			</comment>
			<comment comment-id="10">
				<comment-parent-id/>
				<comment-text>Bedarija na kvadrat. Vceraj sem gledala celih pet mimut. Tip ki je pletel listje in tista zraven sta bila kot dve branjevki na trznici, ki se znata pogovatjat samo o vremenu in nic drugega. Plus tip ima &amp;quot;natrenirano&amp;quot; telo prav za taksno prezivetje. Potem pa sta se dva, karera sta zagovornika zavezdnistva v isti sapi pa priznavata, da jima ni problem &amp;quot; zarinit noz v hrbet&amp;quot; drug drugemu za prezivetje. Ne kapiram tega sova!</comment-text>
				<comment-text-transliterated>Bedarija na kvadrat. Vceraj sem gledala celih pet mimut. Tip ki je pletel listje in tista zraven sta bila kot dve branjevki na trznici, ki se znata pogovatjat samo o vremenu in nic drugega. Plus tip ima &amp;quot;natrenirano&amp;quot; telo prav za taksno prezivetje. Potem pa sta se dva, karera sta zagovornika zavezdnistva v isti sapi pa priznavata, da jima ni problem &amp;quot; zarinit noz v hrbet&amp;quot; drug drugemu za prezivetje. Ne kapiram tega sova!</comment-text-transliterated>
			</comment>
			<comment comment-id="10-1">
				<comment-parent-id>10</comment-parent-id>
				<comment-text>Ne se sekirat sva ze dva..</comment-text>
				<comment-text-transliterated>Ne se sekirat sva ze dva..</comment-text-transliterated>
			</comment>
			<comment comment-id="11">
				<comment-parent-id/>
				<comment-text>Škoda je te Lidije. Najbolj me je pritegnila od vseh tekmovalk in seksualno me zelo privlači, tako da bi jo drsal noč in dan.... Bravo Lidija, lepa si ...</comment-text>
				<comment-text-transliterated>Škoda je te Lidije. Najbolj me je pritegnila od vseh tekmovalk in seksualno me zelo privlači, tako da bi jo drsal noč in dan.... Bravo Lidija, lepa si ...</comment-text-transliterated>
			</comment>
			<comment comment-id="11-1">
				<comment-parent-id>11</comment-parent-id>
				<comment-text>Hvala VRILNILUDOCLOB, res mi je sanjska ženska</comment-text>
				<comment-text-transliterated>Hvala VRILNILUDOCLOB, res mi je sanjska ženska</comment-text-transliterated>
			</comment>
			<comment comment-id="11-2">
				<comment-parent-id>11</comment-parent-id>
				<comment-text>Oreore ti si lud</comment-text>
				<comment-text-transliterated>Oreore ti si lud</comment-text-transliterated>
			</comment>
			<comment comment-id="11-3">
				<comment-parent-id>11</comment-parent-id>
				<comment-text>A ne razumete parodije?:-)</comment-text>
				<comment-text-transliterated>A ne razumete parodije?:-)</comment-text-transliterated>
			</comment>
			<comment comment-id="12">
				<comment-parent-id/>
				<comment-text>še vedno pravim,da to ni nobena borba za preživetje,če jim pa sproti dajejo razne stvari,že u samem štartu vsakemu steklenico vode...včeraj so jim dali kresilo,pa za božjo voljo,sami se naj znajdejo in si prižgejo ogenj brez dodatkov...</comment-text>
				<comment-text-transliterated>še vedno pravim,da to ni nobena borba za preživetje,če jim pa sproti dajejo razne stvari,že u samem štartu vsakemu steklenico vode...včeraj so jim dali kresilo,pa za božjo voljo,sami se naj znajdejo in si prižgejo ogenj brez dodatkov...</comment-text-transliterated>
			</comment>
			<comment comment-id="13">
				<comment-parent-id/>
				<comment-text>Lidija, Sari si lahko hvaležna, da je na plan spravila tvoj alter ego. Sedaj veš, kdo si v podzavesti. Čeprav dvomim, da tega nisi vedela že prej. Dobil sem občutek, da si na koncu pokazala svoj pravi obraz. Moje mnenje.</comment-text>
				<comment-text-transliterated>Lidija, Sari si lahko hvaležna, da je na plan spravila tvoj alter ego. Sedaj veš, kdo si v podzavesti. Čeprav dvomim, da tega nisi vedela že prej. Dobil sem občutek, da si na koncu pokazala svoj pravi obraz. Moje mnenje.</comment-text-transliterated>
			</comment>
			<comment comment-id="14">
				<comment-parent-id/>
				<comment-text>Spet ena bedarija v mozaiku reality kretenizma.</comment-text>
				<comment-text-transliterated>Spet ena bedarija v mozaiku reality kretenizma.</comment-text-transliterated>
			</comment>
			<comment comment-id="14-1">
				<comment-parent-id>14</comment-parent-id>
				<comment-text>Sami budisti je bo te eeeej</comment-text>
				<comment-text-transliterated>Sami budisti je bo te eeeej</comment-text-transliterated>
			</comment>
			<comment comment-id="15">
				<comment-parent-id/>
				<comment-text>Tele je pa škoda. Edina je priznala, da bi se &amp;quot;dol dajala&amp;quot; z tekmovalci, zaradi mene tudi z tekmovalkami, ni važno, glavno, da bi se kaj dogajalo. Ostale so pa bolj bouge in bodo kaj dobile samo zaradi osamljenosti ali iz obupa in usmiljenja.</comment-text>
				<comment-text-transliterated>Tele je pa škoda. Edina je priznala, da bi se &amp;quot;dol dajala&amp;quot; z tekmovalci, zaradi mene tudi z tekmovalkami, ni važno, glavno, da bi se kaj dogajalo. Ostale so pa bolj bouge in bodo kaj dobile samo zaradi osamljenosti ali iz obupa in usmiljenja.</comment-text-transliterated>
			</comment>
			<comment comment-id="16">
				<comment-parent-id/>
				<comment-text>Ajde, če bi se vse to dogajalo v REALNEM času, te bi še bilo nekako gledljivo oziroma zanimivo. Zakaj so te morali te dogodivščine posnet v naprej. Aja scenarij je bil v naprej napisan kdo MORA zmagat.</comment-text>
				<comment-text-transliterated>Ajde, če bi se vse to dogajalo v REALNEM času, te bi še bilo nekako gledljivo oziroma zanimivo. Zakaj so te morali te dogodivščine posnet v naprej. Aja scenarij je bil v naprej napisan kdo MORA zmagat.</comment-text-transliterated>
			</comment>
			<comment comment-id="17">
				<comment-parent-id/>
				<comment-text>Nehajte ze s temi showi.nihce tega ne gleda.dajte ta denar raje lacnim</comment-text>
				<comment-text-transliterated>Nehajte ze s temi showi.nihce tega ne gleda.dajte ta denar raje lacnim</comment-text-transliterated>
			</comment>
			<comment comment-id="17-1">
				<comment-parent-id>17</comment-parent-id>
				<comment-text>Saj v tem pa je problem, ker se lačnim daje denar! Ko ga porabijo, bodo pa zopet lačni. Večina je lenuhov, ki samo čakajo, da jim kaj pade z neba. Tako kot ona Celjanka, ki ji je pred letom dni pogorelo stanovanje pa še do danes ni storila popolnoma nič, da bi si izboljšala bivalne pogoje. Na POP TV pa zna jamrat, da rabi posteljo in kuhinjo in, da bi bila potrebna sanacija stanovanja. Potem pa ponudijo na TV njeno osebno mobi številko za ljudi dobrega srca. Mislim halooooo, kam smo prišli??!</comment-text>
				<comment-text-transliterated>Saj v tem pa je problem, ker se lačnim daje denar! Ko ga porabijo, bodo pa zopet lačni. Večina je lenuhov, ki samo čakajo, da jim kaj pade z neba. Tako kot ona Celjanka, ki ji je pred letom dni pogorelo stanovanje pa še do danes ni storila popolnoma nič, da bi si izboljšala bivalne pogoje. Na POP TV pa zna jamrat, da rabi posteljo in kuhinjo in, da bi bila potrebna sanacija stanovanja. Potem pa ponudijo na TV njeno osebno mobi številko za ljudi dobrega srca. Mislim halooooo, kam smo prišli??!</comment-text-transliterated>
			</comment>
			<comment comment-id="17-2">
				<comment-parent-id>17</comment-parent-id>
				<comment-text>Pravaresnica123, točno tako.</comment-text>
				<comment-text-transliterated>Pravaresnica123, točno tako.</comment-text-transliterated>
			</comment>
			<comment comment-id="17-3">
				<comment-parent-id>17</comment-parent-id>
				<comment-text>No, v bistvu te šove delajo zato, da zaslužijo, ne da porabijo denar. Kljub temu, da večina zanika, da gleda, so šovi še vedno najbolj gledani na tv in se tv hiši splača investirati v šov, saj z reklamami zaslužijo toliko, da lahko financirajo druge projekte. Če bi dali lačnim, nebi bilo nobenega programa, lačni pa bi kmalu bili spet lačni.</comment-text>
				<comment-text-transliterated>No, v bistvu te šove delajo zato, da zaslužijo, ne da porabijo denar. Kljub temu, da večina zanika, da gleda, so šovi še vedno najbolj gledani na tv in se tv hiši splača investirati v šov, saj z reklamami zaslužijo toliko, da lahko financirajo druge projekte. Če bi dali lačnim, nebi bilo nobenega programa, lačni pa bi kmalu bili spet lačni.</comment-text-transliterated>
			</comment>
			<comment comment-id="17-4">
				<comment-parent-id>17</comment-parent-id>
				<comment-text>Ja, slovenska raja ( v glavi) je vsak dan stevilcnejsa.Tv hise sluzijo na racun primitivnega folka.To so showi za ljudi s koncano os ali poklicno solo.Univerzitetno izobrazeni sploh vejo ne, kaj pomeni tv show.Vse je v stilu: kruha in iger. Pomaga se pa raji, lacnim ne.( raja kadi in pije, gleda showe, lacni ne kadijo....)</comment-text>
				<comment-text-transliterated>Ja, slovenska raja ( v glavi) je vsak dan stevilcnejsa.Tv hise sluzijo na racun primitivnega folka.To so showi za ljudi s koncano os ali poklicno solo.Univerzitetno izobrazeni sploh vejo ne, kaj pomeni tv show.Vse je v stilu: kruha in iger. Pomaga se pa raji, lacnim ne.( raja kadi in pije, gleda showe, lacni ne kadijo....)</comment-text-transliterated>
			</comment>
			<comment comment-id="18">
				<comment-parent-id/>
				<comment-text>brigaj se zase</comment-text>
				<comment-text-transliterated>brigaj se zase</comment-text-transliterated>
			</comment>
			<comment comment-id="18-1">
				<comment-parent-id>18</comment-parent-id>
				<comment-text>Maš žlahto v šovu, a ne? Bi reku da ta šow suux, a ne morem, ker ne gledam teh beedarij.</comment-text>
				<comment-text-transliterated>Maš žlahto v šovu, a ne? Bi reku da ta šow suux, a ne morem, ker ne gledam teh beedarij.</comment-text-transliterated>
			</comment>
			<comment comment-id="19">
				<comment-parent-id/>
				<comment-text>Uredniki proplusa so dvajset kilometrov oddaljeni od ljudtva.. in v potrebah po zabavi in v zganjanju svoje politične in ideološke agende FDVja.</comment-text>
				<comment-text-transliterated>Uredniki proplusa so dvajset kilometrov oddaljeni od ljudtva.. in v potrebah po zabavi in v zganjanju svoje politične in ideološke agende FDVja.</comment-text-transliterated>
			</comment>
			<comment comment-id="20">
				<comment-parent-id/>
				<comment-text>Tega šova NIHČE ne gleda!</comment-text>
				<comment-text-transliterated>Tega šova NIHČE ne gleda!</comment-text-transliterated>
			</comment>
			<comment comment-id="20-1">
				<comment-parent-id>20</comment-parent-id>
				<comment-text>Tudi tebe ne!</comment-text>
				<comment-text-transliterated>Tudi tebe ne!</comment-text-transliterated>
			</comment>
		</comments-list>
	</comments>
</document>
