<?xml version="1.0" encoding="utf-8"?>
<document global-id="si-06-1090">
	<url>https://www.24ur.com/novice/slovenija/kolikokrat-ste-ze-razmisljali-o-svoji-smrti.html</url>
	<source-id>si-06</source-id>
	<local-id>1090</local-id>
	<source-name>ur24</source-name>
	<article>
		<article-title>Kolikokrat ste že razmišljali o svoji smrti?</article-title>
		<article-title-transliterated>Kolikokrat ste že razmišljali o svoji smrti?</article-title-transliterated>
		<article-time>2018-09-30</article-time>
		<article-author>Tjaša Petrič</article-author>
		<article-text>Kako ste jo videli, kako ste se ob tem počutili? Kaj se zgodi, ko umremo? Vere krščanstva in islama pravijo, da imamo možnost nebes ali pekla, vice so neka vmesna varianta. No, s tem ob strani, kar 25 odstotkov ameriških katolikov pa verjame v reinkarnacijo, versko teorijo, ki prihaja sicer iz drugega kontinenta, iz druge vere ... Precej zanimivo, kajne? Da nas po smrti čaka še ena priložnost, možnost da napredujemo, ali pa da nas karma kaznuje in se moramo v naslednjem življenju bolje izkazati, je bila vedno stvar, ki me je zanimala in v katero bi, če sem povsem iskrena, rada verjela.  Ampak, seveda sem kot človek skeptik glede vsega neotipljivega, a kolikokrat ste si že kot Cher rekli: &quot;Če bi lahko zavrtel/a čas nazaj&quot; ali pa v nekem sanjarjenju izustili :&quot;To se bo zgodilo v nekem drugem življenju&quot;. Kaj če bi se ponovno rodili, kaj če bi imeli v sebi vso moč, ki bi jo potrebovali za pravilne odločitve, kaj če bi imeli vse talente, da bi postali, izživeli tisto, o čemer sanjarite danes? No, ne moremo mimo tega,da reinkarnacija pravi, da boš v naslednjem življenju plačeval za svoje grehe trenutnega, v tem primeru si si pač sam kriv, ampak če si dober človek, če delaš dobro tako sebi kot drugim, in to pomeni, da si koristen na tej Zemlji, potem si tudi na dobri poti, da ti bo v naslednjem življenju še boljše. No, mogoče sem vse res malo poenostavila, ampak če se vrnem k mojemu prispevku. Bilo je konec julija, ko sem se dobila s predstavnikom Hare Krišna pri nas. Povedal mi je, da v templju praktično vsi vedo, kaj so bili v vsaj enem od prejšnjih življenj: &quot;Kako ste pa to izvedeli?&quot;. Obstajajo trije načini, eden od njih je regresija. Gre za hipnozo v praktično budnem stanju, ko se poglobiš v svojo podzavest, ti ta odpre spomine prejšnjih življenj.  Seveda je bila ta tema hrana za mojo radovednost - da bi lahko sama to odkrila, ali je res ali ni, ne samo da poslušam izjave ljudi s to izkušnjo, ampak da jo pridobim sama. Posredoval mi je kontakt gospe Petre Guštin, hipnoterapevtke. Poklicala sem jo in najin pogovor je trajal ... Zanimalo me je praktično vse, od njenih začetkov regresije, do vprašanj, kaj če je to vse le konstrukt sugestij, delovanja naših možganov, sestavljanja spominov, asociacij med seboj, kot neke sanje. Povedala mi je, da se lahko tako kot pri spominih zgodi, da se kakšno sporočilo izgubi, preoblikuje, a nič več kot to. Pove mi tudi za 40-letno raziskavo profesorja psihiatrije Iana Stevensona, ki jo nadaljujejo še danes – zbrali so 25 tisoč zgodb, ki naj bi bile spomini preteklih življenj, predvsem otrok, mlajših od sedmih let, ko jim kritični um še ne zapre dostopa do podzavestnega uma, kjer naj bi se ti spomini skrivali. Skoraj polovico teh zgodb so potrdili – našli so povezave, arhive, ki naj bi pokazale resničnost pričanj. Ampak profesor ni nikoli zares dobil priznanja znanosti za svoje delo ...  Obstaja tudi veliko dokumentarcev, v katerih razkrivajo zgodbe in neverjetne povezave s preteklimi življenji in na drugi strani strokovnjaki, psihologi pravijo, da če boš iskal neke povezave, jih boš našel – bila je na primer narejena raziskava, kjer so majhnim otrokom rekli, naj si izmislijo namišljenega prijatelja, spraševali so jih, kako je videti, kaj rad počne in podobno in potem te opise primerjali z opisi otrok, ki so preminuli ... Našli so kar nekaj povezav ...  Tudi kraljica pogovornih oddaj Oprah je tekom svoje kariere večkrat gostila &quot;reinkarnirane&quot; osebe in raziskovalce na tem področju. V začetku devetdesetih je gostila dečka, ki je pred leti narisal skico dneva, ko je umrl v državljanski vojni. Zdaj pegasti rdečelasec je rekel, da je videl svojo kožo, bil je temnopolt. V odlomku te oddaje, ki sem jo našla na YouTubu ni bilo vprašanja (ali pa ga niti kasneje ni zastavila), če je ta deček videl filme, slike, slišal pripovedovanja, opise državljanske vojne, da je znal tako točno povedati,kako je bil videti njihov tabor, kako so imeli postavljeno medicinsko pomoč, kako so ga ranjenega prevažali in tako naprej ... To je prvo vprašanje, ki se mi poraja v mislih ob takih zgodbah. Koliko si imel neposrednih in posrednih stikov z informacijami, ki si jih videl v teh svojih spominih pretkelih življenj?  Najbolje, da ugotovim sama.  DekleFOTO: Thinkstock S Petro sva se dogovorili za datum najinega srečanja, ki bi zame pomenil tudi regresijo. Bila sem kar nestrpna, a hkrati malo prestrašena, v tistem času sem večkrat slišala ljudi, ki so mi rekli: &quot;Ne igraj se s tem&quot;, šla sem na internet, brala forume z izkušnjami ljudmi ...Tisti, ki so jih dejansko imeli, so govorili o prijetni izkušnji. Tisti, ki jih niso imeli, so govorili o grozljivih zadevah, kot o primerih, ko so ljudje zblazneli, ali da so jih videnja popolnoma obremenjevala in so morali poiskati pomoč. In potem sem si rekla: &quot;Tjaša ..., če tale ženska ne bi bila tako prepričana vase, da te ne bo potisnila v hipnozo, zaradi katere bi zblaznela, verjetno ne bi šla to početi pred kamere ... Verjetno bi bil to ultimativni potop njene kariere ... pa moje tudi.&quot;  Da ne ponavljam vsebine prispevka, ki bo na sporedu jutri v Svetu, se bom osredotočila na mojo izkušnjo kot občutke pri iskanju, ne samo svojih preteklih življenj, ampak tudi, ali je kaj resnice v tem ... Ko sem bila v hipnozi, sem podlegla vsem sugestijam o sprehodu po stopnicah, ki so vodile v mojo podzavest, do tega, da sem videla vrata, za katerimi se skriva moje prejšnje življenje, kar se je dogajalo, je najlažje primerjati s sanjarjenjem.  Ali kdaj sanjarite? Si predstavljate, da ste na primer nekje drugje kot na svojem delovnem mestu, s svojo skrito simpatijo na primer ... Tukaj vi vodite, kako bo potekal ta film v vaši glavi. No, med regresijo, pa je bil način, kako sem videla neko dogajanje enako kot med takšnim sanjarjenjem, samo da jaz nisem bila režiser. Podobe so se pojavljale brez mojega nadzora in vsakič, ko nisem znala pojasniti, kaj se dogaja – z Guštinovo sva namreč komunicirali – ona me je vodila do vrat življenj tistih, ki so živeli pred današnjo Tjašo, jaz pa sem ji povedala, kaj vidim in ko je rekla na primer &quot;pojdiva 15 minut naprej&quot; in tlesknila s prsti, sem v momentu, ko sem slišala zvok prstov imela pred seboj drugo podobo, scenarij.  Spoznala sem mladega moškega, ki mi je povedal, da je v svoji regresiji videl točno letnico, prebral svoje ime in videl, kaj počne, videl je, kje se nahaja – v Franciji, govoril je francosko, vprašala sem ga, če tudi sicer pozna jezik, &quot;ja, všeč mi je, poznam nekaj besed, ampak nikoli nisem govoril tekoče francosko, kot v samem času moje regresije&quot;. V hipnozi je šel v dve svoji življenji, ki sta bili eno za drugo. V enem je bil znano ime, za drugega se je moral z arhivi malo bolj naprezati, a pri obeh so mu razkrili prava imena, kraje, letnice, glasbo ... Po pogovoru z njim sem, priznam, rekla &quot;Uau!&quot;  Ko sem vstala iz hipnoze in sva se z Guštinovo pogovarjali na štiri oči, saj sta naju snemalca v času regresije pustila sami (kakšna ironija – ne počutim se dovolj sproščeno za hipnozo pred kolegoma snemalcema, ki večkrat na teden preživimo skupaj cel dan, zdaj pa bom to pokazala celi Sloveniji). Bila sem zmedena, nisem vedela, ali bi verjela temu, kar sem videla, &quot;kakor ste se obnašali v hipnozi, se mi zdi da je regresija uspela, dosegli ste 2. stopnjo od 5, kar je za prvič zelo dobro&quot;, sem izvedela. V tretji in četrti fazi že padaš v konkretne občutke, doživljaš čustva, v najglobji – 5. fazi pa videnja doživiš, kot da si tam - deja vu.  Nobena od podob ni bila povezana z mojim takratnim razmišljanjem, da bi si jo nekako vrinila v moja videnja, je pa res, da mi nobena od podob ni bila tuja. Vse sem že nekje videla, slišala, vse mi je bilo znano, pričakovano na nek način. Ali so mi to zakuhale avtosugestije?</article-text>
		<article-text-transliterated>Kako ste jo videli, kako ste se ob tem počutili? Kaj se zgodi, ko umremo? Vere krščanstva in islama pravijo, da imamo možnost nebes ali pekla, vice so neka vmesna varianta. No, s tem ob strani, kar 25 odstotkov ameriških katolikov pa verjame v reinkarnacijo, versko teorijo, ki prihaja sicer iz drugega kontinenta, iz druge vere ... Precej zanimivo, kajne? Da nas po smrti čaka še ena priložnost, možnost da napredujemo, ali pa da nas karma kaznuje in se moramo v naslednjem življenju bolje izkazati, je bila vedno stvar, ki me je zanimala in v katero bi, če sem povsem iskrena, rada verjela.  Ampak, seveda sem kot človek skeptik glede vsega neotipljivega, a kolikokrat ste si že kot Cher rekli: &quot;Če bi lahko zavrtel/a čas nazaj&quot; ali pa v nekem sanjarjenju izustili :&quot;To se bo zgodilo v nekem drugem življenju&quot;. Kaj če bi se ponovno rodili, kaj če bi imeli v sebi vso moč, ki bi jo potrebovali za pravilne odločitve, kaj če bi imeli vse talente, da bi postali, izživeli tisto, o čemer sanjarite danes? No, ne moremo mimo tega,da reinkarnacija pravi, da boš v naslednjem življenju plačeval za svoje grehe trenutnega, v tem primeru si si pač sam kriv, ampak če si dober človek, če delaš dobro tako sebi kot drugim, in to pomeni, da si koristen na tej Zemlji, potem si tudi na dobri poti, da ti bo v naslednjem življenju še boljše. No, mogoče sem vse res malo poenostavila, ampak če se vrnem k mojemu prispevku. Bilo je konec julija, ko sem se dobila s predstavnikom Hare Krišna pri nas. Povedal mi je, da v templju praktično vsi vedo, kaj so bili v vsaj enem od prejšnjih življenj: &quot;Kako ste pa to izvedeli?&quot;. Obstajajo trije načini, eden od njih je regresija. Gre za hipnozo v praktično budnem stanju, ko se poglobiš v svojo podzavest, ti ta odpre spomine prejšnjih življenj.  Seveda je bila ta tema hrana za mojo radovednost - da bi lahko sama to odkrila, ali je res ali ni, ne samo da poslušam izjave ljudi s to izkušnjo, ampak da jo pridobim sama. Posredoval mi je kontakt gospe Petre Guštin, hipnoterapevtke. Poklicala sem jo in najin pogovor je trajal ... Zanimalo me je praktično vse, od njenih začetkov regresije, do vprašanj, kaj če je to vse le konstrukt sugestij, delovanja naših možganov, sestavljanja spominov, asociacij med seboj, kot neke sanje. Povedala mi je, da se lahko tako kot pri spominih zgodi, da se kakšno sporočilo izgubi, preoblikuje, a nič več kot to. Pove mi tudi za 40-letno raziskavo profesorja psihiatrije Iana Stevensona, ki jo nadaljujejo še danes – zbrali so 25 tisoč zgodb, ki naj bi bile spomini preteklih življenj, predvsem otrok, mlajših od sedmih let, ko jim kritični um še ne zapre dostopa do podzavestnega uma, kjer naj bi se ti spomini skrivali. Skoraj polovico teh zgodb so potrdili – našli so povezave, arhive, ki naj bi pokazale resničnost pričanj. Ampak profesor ni nikoli zares dobil priznanja znanosti za svoje delo ...  Obstaja tudi veliko dokumentarcev, v katerih razkrivajo zgodbe in neverjetne povezave s preteklimi življenji in na drugi strani strokovnjaki, psihologi pravijo, da če boš iskal neke povezave, jih boš našel – bila je na primer narejena raziskava, kjer so majhnim otrokom rekli, naj si izmislijo namišljenega prijatelja, spraševali so jih, kako je videti, kaj rad počne in podobno in potem te opise primerjali z opisi otrok, ki so preminuli ... Našli so kar nekaj povezav ...  Tudi kraljica pogovornih oddaj Oprah je tekom svoje kariere večkrat gostila &quot;reinkarnirane&quot; osebe in raziskovalce na tem področju. V začetku devetdesetih je gostila dečka, ki je pred leti narisal skico dneva, ko je umrl v državljanski vojni. Zdaj pegasti rdečelasec je rekel, da je videl svojo kožo, bil je temnopolt. V odlomku te oddaje, ki sem jo našla na YouTubu ni bilo vprašanja (ali pa ga niti kasneje ni zastavila), če je ta deček videl filme, slike, slišal pripovedovanja, opise državljanske vojne, da je znal tako točno povedati,kako je bil videti njihov tabor, kako so imeli postavljeno medicinsko pomoč, kako so ga ranjenega prevažali in tako naprej ... To je prvo vprašanje, ki se mi poraja v mislih ob takih zgodbah. Koliko si imel neposrednih in posrednih stikov z informacijami, ki si jih videl v teh svojih spominih pretkelih življenj?  Najbolje, da ugotovim sama.  DekleFOTO: Thinkstock S Petro sva se dogovorili za datum najinega srečanja, ki bi zame pomenil tudi regresijo. Bila sem kar nestrpna, a hkrati malo prestrašena, v tistem času sem večkrat slišala ljudi, ki so mi rekli: &quot;Ne igraj se s tem&quot;, šla sem na internet, brala forume z izkušnjami ljudmi ...Tisti, ki so jih dejansko imeli, so govorili o prijetni izkušnji. Tisti, ki jih niso imeli, so govorili o grozljivih zadevah, kot o primerih, ko so ljudje zblazneli, ali da so jih videnja popolnoma obremenjevala in so morali poiskati pomoč. In potem sem si rekla: &quot;Tjaša ..., če tale ženska ne bi bila tako prepričana vase, da te ne bo potisnila v hipnozo, zaradi katere bi zblaznela, verjetno ne bi šla to početi pred kamere ... Verjetno bi bil to ultimativni potop njene kariere ... pa moje tudi.&quot;  Da ne ponavljam vsebine prispevka, ki bo na sporedu jutri v Svetu, se bom osredotočila na mojo izkušnjo kot občutke pri iskanju, ne samo svojih preteklih življenj, ampak tudi, ali je kaj resnice v tem ... Ko sem bila v hipnozi, sem podlegla vsem sugestijam o sprehodu po stopnicah, ki so vodile v mojo podzavest, do tega, da sem videla vrata, za katerimi se skriva moje prejšnje življenje, kar se je dogajalo, je najlažje primerjati s sanjarjenjem.  Ali kdaj sanjarite? Si predstavljate, da ste na primer nekje drugje kot na svojem delovnem mestu, s svojo skrito simpatijo na primer ... Tukaj vi vodite, kako bo potekal ta film v vaši glavi. No, med regresijo, pa je bil način, kako sem videla neko dogajanje enako kot med takšnim sanjarjenjem, samo da jaz nisem bila režiser. Podobe so se pojavljale brez mojega nadzora in vsakič, ko nisem znala pojasniti, kaj se dogaja – z Guštinovo sva namreč komunicirali – ona me je vodila do vrat življenj tistih, ki so živeli pred današnjo Tjašo, jaz pa sem ji povedala, kaj vidim in ko je rekla na primer &quot;pojdiva 15 minut naprej&quot; in tlesknila s prsti, sem v momentu, ko sem slišala zvok prstov imela pred seboj drugo podobo, scenarij.  Spoznala sem mladega moškega, ki mi je povedal, da je v svoji regresiji videl točno letnico, prebral svoje ime in videl, kaj počne, videl je, kje se nahaja – v Franciji, govoril je francosko, vprašala sem ga, če tudi sicer pozna jezik, &quot;ja, všeč mi je, poznam nekaj besed, ampak nikoli nisem govoril tekoče francosko, kot v samem času moje regresije&quot;. V hipnozi je šel v dve svoji življenji, ki sta bili eno za drugo. V enem je bil znano ime, za drugega se je moral z arhivi malo bolj naprezati, a pri obeh so mu razkrili prava imena, kraje, letnice, glasbo ... Po pogovoru z njim sem, priznam, rekla &quot;Uau!&quot;  Ko sem vstala iz hipnoze in sva se z Guštinovo pogovarjali na štiri oči, saj sta naju snemalca v času regresije pustila sami (kakšna ironija – ne počutim se dovolj sproščeno za hipnozo pred kolegoma snemalcema, ki večkrat na teden preživimo skupaj cel dan, zdaj pa bom to pokazala celi Sloveniji). Bila sem zmedena, nisem vedela, ali bi verjela temu, kar sem videla, &quot;kakor ste se obnašali v hipnozi, se mi zdi da je regresija uspela, dosegli ste 2. stopnjo od 5, kar je za prvič zelo dobro&quot;, sem izvedela. V tretji in četrti fazi že padaš v konkretne občutke, doživljaš čustva, v najglobji – 5. fazi pa videnja doživiš, kot da si tam - deja vu.  Nobena od podob ni bila povezana z mojim takratnim razmišljanjem, da bi si jo nekako vrinila v moja videnja, je pa res, da mi nobena od podob ni bila tuja. Vse sem že nekje videla, slišala, vse mi je bilo znano, pričakovano na nek način. Ali so mi to zakuhale avtosugestije?</article-text-transliterated>
	</article>
	<comments>
		<comments-count>67</comments-count>
		<comments-list>
			<comment comment-id="1">
				<comment-parent-id/>
				<comment-text>IV. del Če koga zanima, naj začne raziskovati, lahko pa si pogleda tudi mojo stran, kjer sem zbral veliko materiala (ni pa to &quot;in&quot;, ni popularno, ni skladno z lažnivo in agresivno vero današnje dobe): resitevKje si In še to: v krščanstvu ljudi ni strah smrti, te ne more biti - če pa ti vest govori, da ne ljubiš vse ljudi ... si pa v nevarnosti pekla. In v krščanstvu se uporablja tudi razum in v krščanstvu se ne pobira denarja množicam, kot se to počne v katolicizmu, new ageu ...  Vse dobro, bivši vernik v reinkarnacijo in bivši samozaslepljen človeček Milan</comment-text>
				<comment-text-transliterated>IV. del Če koga zanima, naj začne raziskovati, lahko pa si pogleda tudi mojo stran, kjer sem zbral veliko materiala (ni pa to &quot;in&quot;, ni popularno, ni skladno z lažnivo in agresivno vero današnje dobe): resitevKje si In še to: v krščanstvu ljudi ni strah smrti, te ne more biti - če pa ti vest govori, da ne ljubiš vse ljudi ... si pa v nevarnosti pekla. In v krščanstvu se uporablja tudi razum in v krščanstvu se ne pobira denarja množicam, kot se to počne v katolicizmu, new ageu ...  Vse dobro, bivši vernik v reinkarnacijo in bivši samozaslepljen človeček Milan</comment-text-transliterated>
			</comment>
			<comment comment-id="2">
				<comment-parent-id/>
				<comment-text>III. del Ljudi vseeno ljubi in zato jih opozarja ... a kdo od njih ga sliši? Oni poslušajo svoje izkušnje s področja sanj in vodenih sanj (vodene od katerega duha? Kakor se ti ljudje zavajajo, bi dejal, da s strani lažnivega duha, hudiča). Oni povzdigujejo svojega duha, svojega boga, prinašalca lažne luči, Luciferja nad Svetim duhom in nad izkušnjami ljudi, ki so zapisali Biblijo in ljudmi, ki so vedeli, kaj Biblija je. Zbral sem ostanke krščanske vere, iskal povsod, poslušal tudi ljudi, ki so imeli dvome v Biblijo (potem, ko mi je svojih dvomov zmanjkalo) - in na vse sem dobil odgovor.</comment-text>
				<comment-text-transliterated>III. del Ljudi vseeno ljubi in zato jih opozarja ... a kdo od njih ga sliši? Oni poslušajo svoje izkušnje s področja sanj in vodenih sanj (vodene od katerega duha? Kakor se ti ljudje zavajajo, bi dejal, da s strani lažnivega duha, hudiča). Oni povzdigujejo svojega duha, svojega boga, prinašalca lažne luči, Luciferja nad Svetim duhom in nad izkušnjami ljudi, ki so zapisali Biblijo in ljudmi, ki so vedeli, kaj Biblija je. Zbral sem ostanke krščanske vere, iskal povsod, poslušal tudi ljudi, ki so imeli dvome v Biblijo (potem, ko mi je svojih dvomov zmanjkalo) - in na vse sem dobil odgovor.</comment-text-transliterated>
			</comment>
			<comment comment-id="3">
				<comment-parent-id/>
				<comment-text>II. del Tudi sam sem bil skeptik glede duhovnih stvari. Nekaj kvazi &quot;dokazov&quot; za reinkarnacijo me je za nekaj let prepričalo ... Samo kaj sem storil? Vse, kar ni podpiralo reinkarnacije, vse to sem ignoriral ... Tako kot to počne večina, če ne vsi verniki v reinkarnacijo. Potem pa me je našla Biblija ... Kaj vse piše v njej?! In kako tega, čeprav tako enoatavno vidno, kako tega samooklicani duhovno in/ali materialistično napredni ljudje ne vidijo? Meni se zdi najbolj fascinantno to, da je v Bibliji zapisana 2000-letna zgodovina cerkve, v kateri so opisani zločini katolicizma, upor katolicizma proti Bogu; protestantizem, ki se ni do konca obrnil k Bogu; anabaptizem, ki mu je to uspelo in sodobne, &quot;krščanske&quot; sekte, po letu 1840 ... ki so ... Jezus v Bibliji o njih nima dobrega mnenja.</comment-text>
				<comment-text-transliterated>II. del Tudi sam sem bil skeptik glede duhovnih stvari. Nekaj kvazi &quot;dokazov&quot; za reinkarnacijo me je za nekaj let prepričalo ... Samo kaj sem storil? Vse, kar ni podpiralo reinkarnacije, vse to sem ignoriral ... Tako kot to počne večina, če ne vsi verniki v reinkarnacijo. Potem pa me je našla Biblija ... Kaj vse piše v njej?! In kako tega, čeprav tako enoatavno vidno, kako tega samooklicani duhovno in/ali materialistično napredni ljudje ne vidijo? Meni se zdi najbolj fascinantno to, da je v Bibliji zapisana 2000-letna zgodovina cerkve, v kateri so opisani zločini katolicizma, upor katolicizma proti Bogu; protestantizem, ki se ni do konca obrnil k Bogu; anabaptizem, ki mu je to uspelo in sodobne, &quot;krščanske&quot; sekte, po letu 1840 ... ki so ... Jezus v Bibliji o njih nima dobrega mnenja.</comment-text-transliterated>
			</comment>
			<comment comment-id="4">
				<comment-parent-id/>
				<comment-text>I.del &quot;kar 25 odstotkov ameriških katolikov pa verjame v reinkarnacijo ... Precej zanimivo, kajne?&quot; Meni je precej zanimivo, kako se ljudje sami zavajajo ... Kako si lahko katolik, če zavračaš temelj katolištva (papeževa učenja in dogme) in verjameš v reinkarnacijo? Ali si lahko kapitalist, če zavračaš temelj kapitalizma, npr. privatno lastnino? Ljudje, če ne želite razločevati med resnico in lažjo, kako vam potem zaupati? Težko, slepo ...</comment-text>
				<comment-text-transliterated>I.del &quot;kar 25 odstotkov ameriških katolikov pa verjame v reinkarnacijo ... Precej zanimivo, kajne?&quot; Meni je precej zanimivo, kako se ljudje sami zavajajo ... Kako si lahko katolik, če zavračaš temelj katolištva (papeževa učenja in dogme) in verjameš v reinkarnacijo? Ali si lahko kapitalist, če zavračaš temelj kapitalizma, npr. privatno lastnino? Ljudje, če ne želite razločevati med resnico in lažjo, kako vam potem zaupati? Težko, slepo ...</comment-text-transliterated>
			</comment>
			<comment comment-id="5">
				<comment-parent-id/>
				<comment-text>&quot;Vere krščanstva in islama pravijo, da imamo možnost nebes ali pekla, vice so neka vmesna varianta.&quot; Z nebesi, vicami in peklom so religije nadomestile nauk o reinkarnaciji, ki so ga izbrisale iz svojih knjig, a ne povsem. Z namenom kontrole populacije preko strahu. -------------------------------- Odmirajoči rodovi zahodne civilizacije ne morejo razumeti, kar postaja otrokom samo po sebi umevno: nevidnih svetov je nešteto več kot jih mi s svojim omejenim vidom in sluhom zaznavamo. Kaj se bo zgodilo, ko se smrti ne bomo več tako histerično bali in ko bomo izvedeli, da reinkarniramo toliko časa, da se naučimo pravilno živeti na tem svetu ob odrešujočem spoštovanju vsega živega?</comment-text>
				<comment-text-transliterated>&quot;Vere krščanstva in islama pravijo, da imamo možnost nebes ali pekla, vice so neka vmesna varianta.&quot; Z nebesi, vicami in peklom so religije nadomestile nauk o reinkarnaciji, ki so ga izbrisale iz svojih knjig, a ne povsem. Z namenom kontrole populacije preko strahu. -------------------------------- Odmirajoči rodovi zahodne civilizacije ne morejo razumeti, kar postaja otrokom samo po sebi umevno: nevidnih svetov je nešteto več kot jih mi s svojim omejenim vidom in sluhom zaznavamo. Kaj se bo zgodilo, ko se smrti ne bomo več tako histerično bali in ko bomo izvedeli, da reinkarniramo toliko časa, da se naučimo pravilno živeti na tem svetu ob odrešujočem spoštovanju vsega živega?</comment-text-transliterated>
			</comment>
			<comment comment-id="6">
				<comment-parent-id/>
				<comment-text>Karma uči, ne pa kaznuje.</comment-text>
				<comment-text-transliterated>Karma uči, ne pa kaznuje.</comment-text-transliterated>
			</comment>
			<comment comment-id="6-1">
				<comment-parent-id>6</comment-parent-id>
				<comment-text>Točno.</comment-text>
				<comment-text-transliterated>Točno.</comment-text-transliterated>
			</comment>
			<comment comment-id="7">
				<comment-parent-id/>
				<comment-text>Meni je ta tema zelo všeč in upam, da jih bo še več na 24 ur.</comment-text>
				<comment-text-transliterated>Meni je ta tema zelo všeč in upam, da jih bo še več na 24 ur.</comment-text-transliterated>
			</comment>
			<comment comment-id="8">
				<comment-parent-id/>
				<comment-text>JAZ VERJAMEM V REINKARNACIJO OD ROJSTVA, KER SEM IMEL SPOMINE NA PREJŠNJE ŽIVLJENJE. Omenjal sem da sem prej živel, a sem imel strogo prepovedano govoriti o tem. Zato nisem govoril. Kako zgledajo tej spomini???? Zelo čustveno in nostalgično-upam da pove vse. Najbolj pa pogrešaš ljudi katere si prej imel. Zato je najbolje da se človek sploh ne spomni nič. Nekje do 6 ali 7 leta starosti sem zgubil te spomine, danes se ne spominjam več nič.</comment-text>
				<comment-text-transliterated>JAZ VERJAMEM V REINKARNACIJO OD ROJSTVA, KER SEM IMEL SPOMINE NA PREJŠNJE ŽIVLJENJE. Omenjal sem da sem prej živel, a sem imel strogo prepovedano govoriti o tem. Zato nisem govoril. Kako zgledajo tej spomini???? Zelo čustveno in nostalgično-upam da pove vse. Najbolj pa pogrešaš ljudi katere si prej imel. Zato je najbolje da se človek sploh ne spomni nič. Nekje do 6 ali 7 leta starosti sem zgubil te spomine, danes se ne spominjam več nič.</comment-text-transliterated>
			</comment>
			<comment comment-id="9">
				<comment-parent-id/>
				<comment-text>Zavest glede na karmo katero si je človek ustvaril v življenju dobi novo telo . Ni pa vseeno kako telo dobi. Malo se ozrite na okoli pa opazujte ljudi kako izgledajo. Dosti ljudi ni zadovoljnih z svojim izgledom. Poleg izgleda pa je važna kvaliteta telesa, da lažje premaguje ovire in si ustvari lažje življenje. Mislim predvsem na možgane kateri lahko omogočajo lažje razmišljanje, učenje, sklepanje itd. Eni ljudje se rodijo mišično bolj močni in lažje dosegajo športne rezultate kot drugi. Potem je še to kamu in kje se nekdo rodi. Vemo, da niso vsi starši isti in imajo svoje poglede na vzgojo otrok. Določeni otroci se rodijo v ugledni družini a doživljajo pravi pekel.  Glede tega bi lahko debatiral še pa še. Če vas kar koli zanima me vprašajte vam bom odgovoril.</comment-text>
				<comment-text-transliterated>Zavest glede na karmo katero si je človek ustvaril v življenju dobi novo telo . Ni pa vseeno kako telo dobi. Malo se ozrite na okoli pa opazujte ljudi kako izgledajo. Dosti ljudi ni zadovoljnih z svojim izgledom. Poleg izgleda pa je važna kvaliteta telesa, da lažje premaguje ovire in si ustvari lažje življenje. Mislim predvsem na možgane kateri lahko omogočajo lažje razmišljanje, učenje, sklepanje itd. Eni ljudje se rodijo mišično bolj močni in lažje dosegajo športne rezultate kot drugi. Potem je še to kamu in kje se nekdo rodi. Vemo, da niso vsi starši isti in imajo svoje poglede na vzgojo otrok. Določeni otroci se rodijo v ugledni družini a doživljajo pravi pekel.  Glede tega bi lahko debatiral še pa še. Če vas kar koli zanima me vprašajte vam bom odgovoril.</comment-text-transliterated>
			</comment>
			<comment comment-id="10">
				<comment-parent-id/>
				<comment-text>Še noben skeptik ni dokazal da reinkarnacija ne obstaja. Mogoče hodi preveč v cerkev , mogoče.</comment-text>
				<comment-text-transliterated>Še noben skeptik ni dokazal da reinkarnacija ne obstaja. Mogoče hodi preveč v cerkev , mogoče.</comment-text-transliterated>
			</comment>
			<comment comment-id="11">
				<comment-parent-id/>
				<comment-text>Človeška zavest preživi tudi po smrti telesa in se reinkarnira v ponovno telo. Dokaz da reinkarnacija obstaja je knjiga VRNITEV V ŽIVLJENJE katero je napisal dr. Jim Tucker, v knjigi govori o otrocih kateri so se spominjali prejšnja življenja in navajali določene podatke, katere se je preverilo ali držijo. V knjigi lahko tudi preberete o materinih znamenjih otrok, kateri so trdili, da so prej bili določena oseba in imeli tam kake rane ali poškodbe. Preverili so zdravstveno dokumentacijo preminule osebe in ugotavljali ali trditve res držijo. Knjiga je super, če ste odprti za take stvari. Če pa niste vas nihče ne sili da verjamete v to. Imate tudi na you tube veš dokumentarcev in oddaj na to temo. Vaša odločitev ali verjamete ali ne.</comment-text>
				<comment-text-transliterated>Človeška zavest preživi tudi po smrti telesa in se reinkarnira v ponovno telo. Dokaz da reinkarnacija obstaja je knjiga VRNITEV V ŽIVLJENJE katero je napisal dr. Jim Tucker, v knjigi govori o otrocih kateri so se spominjali prejšnja življenja in navajali določene podatke, katere se je preverilo ali držijo. V knjigi lahko tudi preberete o materinih znamenjih otrok, kateri so trdili, da so prej bili določena oseba in imeli tam kake rane ali poškodbe. Preverili so zdravstveno dokumentacijo preminule osebe in ugotavljali ali trditve res držijo. Knjiga je super, če ste odprti za take stvari. Če pa niste vas nihče ne sili da verjamete v to. Imate tudi na you tube veš dokumentarcev in oddaj na to temo. Vaša odločitev ali verjamete ali ne.</comment-text-transliterated>
			</comment>
			<comment comment-id="12">
				<comment-parent-id/>
				<comment-text>Reinkarnacija je en napisal kateri nima pojma da gre za popravni izpit. Popravnih izpitov ni. Reinkarnacija je v pregi z karmo, karma pa ni kazen , kot si mnogi predstavljajo. Karma ali usoda je poduk. Karmo si ustvarjamo vsak dan. Karma je natančna kot matematika. Slaba karma, mešana karma, dobra karma itd.</comment-text>
				<comment-text-transliterated>Reinkarnacija je en napisal kateri nima pojma da gre za popravni izpit. Popravnih izpitov ni. Reinkarnacija je v pregi z karmo, karma pa ni kazen , kot si mnogi predstavljajo. Karma ali usoda je poduk. Karmo si ustvarjamo vsak dan. Karma je natančna kot matematika. Slaba karma, mešana karma, dobra karma itd.</comment-text-transliterated>
			</comment>
			<comment comment-id="13">
				<comment-parent-id/>
				<comment-text>Če je Reinkarnacija popravni izpit ni čudno da nas je 8 milijard</comment-text>
				<comment-text-transliterated>Če je Reinkarnacija popravni izpit ni čudno da nas je 8 milijard</comment-text-transliterated>
			</comment>
			<comment comment-id="13-1">
				<comment-parent-id>13</comment-parent-id>
				<comment-text>Noben popravni izpit ni reinkarnacija, ne bluzi.</comment-text>
				<comment-text-transliterated>Noben popravni izpit ni reinkarnacija, ne bluzi.</comment-text-transliterated>
			</comment>
			<comment comment-id="14">
				<comment-parent-id/>
				<comment-text>Reinkarnacija = popravni izpit ? .. le pogledaš malo okol sebe in sebe, pa je hitro jasno zakaj nas je toliko.</comment-text>
				<comment-text-transliterated>Reinkarnacija = popravni izpit ? .. le pogledaš malo okol sebe in sebe, pa je hitro jasno zakaj nas je toliko.</comment-text-transliterated>
			</comment>
			<comment comment-id="14-1">
				<comment-parent-id>14</comment-parent-id>
				<comment-text>TI NE VEŠ ZAKAJ NAS JE TOLIKO???? Zavesti se razvijajo tudi iz nižjih življenskih oblik.</comment-text>
				<comment-text-transliterated>TI NE VEŠ ZAKAJ NAS JE TOLIKO???? Zavesti se razvijajo tudi iz nižjih življenskih oblik.</comment-text-transliterated>
			</comment>
			<comment comment-id="14-2">
				<comment-parent-id>14</comment-parent-id>
				<comment-text>Človeška zavest je postala iz nižjih zavesti. Na zemlji živi ogromno živih bitij katerim se zavest razvija. Še več ljudi bo.</comment-text>
				<comment-text-transliterated>Človeška zavest je postala iz nižjih zavesti. Na zemlji živi ogromno živih bitij katerim se zavest razvija. Še več ljudi bo.</comment-text-transliterated>
			</comment>
			<comment comment-id="14-3">
				<comment-parent-id>14</comment-parent-id>
				<comment-text>Torej vsa bitja napredujejo razen človeka ?</comment-text>
				<comment-text-transliterated>Torej vsa bitja napredujejo razen človeka ?</comment-text-transliterated>
			</comment>
			<comment comment-id="15">
				<comment-parent-id/>
				<comment-text>Nihče od živečih ne ve kaj je &quot;potem&quot;. Še tega ne vemo, kaj bo jutri. To pa so izrabili razni dušebrižniki in religije, da lahko manipulirajo in služijo z nami.</comment-text>
				<comment-text-transliterated>Nihče od živečih ne ve kaj je &quot;potem&quot;. Še tega ne vemo, kaj bo jutri. To pa so izrabili razni dušebrižniki in religije, da lahko manipulirajo in služijo z nami.</comment-text-transliterated>
			</comment>
			<comment comment-id="15-1">
				<comment-parent-id>15</comment-parent-id>
				<comment-text>Nauk o reinkarnaciji ni le stvar religije ampak tudi znanosti.</comment-text>
				<comment-text-transliterated>Nauk o reinkarnaciji ni le stvar religije ampak tudi znanosti.</comment-text-transliterated>
			</comment>
			<comment comment-id="16">
				<comment-parent-id/>
				<comment-text>Po smrti se človek ničesar ne zaveda več in ne obstaja. Tako uči Sveto pismo, čeprav katoliki in drugi kristjani verjamejo drugače... Ne obstaja duša ločena od človeka ampak je duša človek sam (Ezekiel 18:4), ker duša umre. Zato pa rečemo, da ni žive duše in s tem mislimo človeka. SP lepo pokaže v kakšnem stanju so mrtvi (Pridigar 9:5,10) In ko tukaj omenja šeol, ta beseda pomeni grob in ne nekega kraja za mučenje. Hipnoza in podobne stvari pa so posledica vpliva demonov na ljudi. Oni imajo moč vplivat na razum ljudi.</comment-text>
				<comment-text-transliterated>Po smrti se človek ničesar ne zaveda več in ne obstaja. Tako uči Sveto pismo, čeprav katoliki in drugi kristjani verjamejo drugače... Ne obstaja duša ločena od človeka ampak je duša človek sam (Ezekiel 18:4), ker duša umre. Zato pa rečemo, da ni žive duše in s tem mislimo človeka. SP lepo pokaže v kakšnem stanju so mrtvi (Pridigar 9:5,10) In ko tukaj omenja šeol, ta beseda pomeni grob in ne nekega kraja za mučenje. Hipnoza in podobne stvari pa so posledica vpliva demonov na ljudi. Oni imajo moč vplivat na razum ljudi.</comment-text-transliterated>
			</comment>
			<comment comment-id="17">
				<comment-parent-id/>
				<comment-text>Lahko noč, lepe sanje v lastnih projekcijah, halucinacijah, v sanjah boste sami, hi, hi,...čeprav boste sanjali ljudi. Enako počne zavest ko se osvobodi telesa a le da bolj realno vse skupaj glede na karmo. Pa fajn bodite, hi, hi,......</comment-text>
				<comment-text-transliterated>Lahko noč, lepe sanje v lastnih projekcijah, halucinacijah, v sanjah boste sami, hi, hi,...čeprav boste sanjali ljudi. Enako počne zavest ko se osvobodi telesa a le da bolj realno vse skupaj glede na karmo. Pa fajn bodite, hi, hi,......</comment-text-transliterated>
			</comment>
			<comment comment-id="18">
				<comment-parent-id/>
				<comment-text>Ni slučaj, da se nekdo rodi revež, kot begunec v okolju kjer je zasovražen. Dajte se zamislit malo nad tem.</comment-text>
				<comment-text-transliterated>Ni slučaj, da se nekdo rodi revež, kot begunec v okolju kjer je zasovražen. Dajte se zamislit malo nad tem.</comment-text-transliterated>
			</comment>
			<comment comment-id="19">
				<comment-parent-id/>
				<comment-text>Karma obstaja in to nas čaka v naslednjem življenju kar smo si zaslužili. Vsak je odgovoren za lastno obnašanje.</comment-text>
				<comment-text-transliterated>Karma obstaja in to nas čaka v naslednjem življenju kar smo si zaslužili. Vsak je odgovoren za lastno obnašanje.</comment-text-transliterated>
			</comment>
			<comment comment-id="20">
				<comment-parent-id/>
				<comment-text>Jaz smer nebi poimenoval smrt ampak prehodno stanje, kjer zavest zamenja svoje telo, starše, sorodnike in kraj bivanja.  Reinkarnacija obstaja, tudi, če se večinoma ljudje ne spominjajo prejšnjega življenja. To še ni dokaz da reinkarnacija ne obstaja. Dementen človek se ne spomni kaj je počel 5 minut nazaj a za to vemo, da je obstajal.  Lastnega rojstva se ljudje tudi ne spominjajo, a vedo, da so bili rojeni.</comment-text>
				<comment-text-transliterated>Jaz smer nebi poimenoval smrt ampak prehodno stanje, kjer zavest zamenja svoje telo, starše, sorodnike in kraj bivanja.  Reinkarnacija obstaja, tudi, če se večinoma ljudje ne spominjajo prejšnjega življenja. To še ni dokaz da reinkarnacija ne obstaja. Dementen človek se ne spomni kaj je počel 5 minut nazaj a za to vemo, da je obstajal.  Lastnega rojstva se ljudje tudi ne spominjajo, a vedo, da so bili rojeni.</comment-text-transliterated>
			</comment>
			<comment comment-id="20-1">
				<comment-parent-id>20</comment-parent-id>
				<comment-text>&quot;starše, sorodnike&quot; Niti, skupina duš potuje skupaj skozi življenja, le vloge se zamenjujejo.</comment-text>
				<comment-text-transliterated>&quot;starše, sorodnike&quot; Niti, skupina duš potuje skupaj skozi življenja, le vloge se zamenjujejo.</comment-text-transliterated>
			</comment>
			<comment comment-id="21">
				<comment-parent-id/>
				<comment-text>Smrt je zgrešena beseda, kajti že sama beseda vliva strah, nelagodje, obup itd. Ljudje se bojijo smrti tudi zaradi vere, katera že takoj da vedeti, da je vse izmišljeno. Drugi problem pa je vzgoja, razne mrtvaške glave na spomenikih itd.</comment-text>
				<comment-text-transliterated>Smrt je zgrešena beseda, kajti že sama beseda vliva strah, nelagodje, obup itd. Ljudje se bojijo smrti tudi zaradi vere, katera že takoj da vedeti, da je vse izmišljeno. Drugi problem pa je vzgoja, razne mrtvaške glave na spomenikih itd.</comment-text-transliterated>
			</comment>
			<comment comment-id="21-1">
				<comment-parent-id>21</comment-parent-id>
				<comment-text>Ne bluzi...večina se smrti ne boji, ampak zgolj počasnega in bolečega umiranja...</comment-text>
				<comment-text-transliterated>Ne bluzi...večina se smrti ne boji, ampak zgolj počasnega in bolečega umiranja...</comment-text-transliterated>
			</comment>
			<comment comment-id="21-2">
				<comment-parent-id>21</comment-parent-id>
				<comment-text>Kako pa to veš?????</comment-text>
				<comment-text-transliterated>Kako pa to veš?????</comment-text-transliterated>
			</comment>
			<comment comment-id="21-3">
				<comment-parent-id>21</comment-parent-id>
				<comment-text>Večinoma se ljudje bojijo smrti. To vem osebno.</comment-text>
				<comment-text-transliterated>Večinoma se ljudje bojijo smrti. To vem osebno.</comment-text-transliterated>
			</comment>
			<comment comment-id="21-4">
				<comment-parent-id>21</comment-parent-id>
				<comment-text>Pravijo da je smrt manj 'boleča' oz. lažja kot pa rojstvo.</comment-text>
				<comment-text-transliterated>Pravijo da je smrt manj 'boleča' oz. lažja kot pa rojstvo.</comment-text-transliterated>
			</comment>
			<comment comment-id="22">
				<comment-parent-id/>
				<comment-text>REINKARNACIJA OBSTAJA, JAZ SEM ŽIV DOKAZ. KAJ SE DOGAJA MED ŽIVLJENJI JE PA VELIKA UGANKA. OBSTAJA CEL KUP KNJIG KATERE VLEČEJO SVOJE ZGODBE, KATERE, ČE ČLOVEK VEČKRAT PREBERE UGOTOVI DA SO IZMIŠLJOTINE RAZNIH AVTORJEV, KATERI PIŠEJO DA ZASLUŽIJO. A ŠE NAJBOLJ TOČNA JE TIBETANSKA KNJIGA MRTVIH OZIROMA TOBETANSKA KNJIGA ŽIVLJENJA.</comment-text>
				<comment-text-transliterated>REINKARNACIJA OBSTAJA, JAZ SEM ŽIV DOKAZ. KAJ SE DOGAJA MED ŽIVLJENJI JE PA VELIKA UGANKA. OBSTAJA CEL KUP KNJIG KATERE VLEČEJO SVOJE ZGODBE, KATERE, ČE ČLOVEK VEČKRAT PREBERE UGOTOVI DA SO IZMIŠLJOTINE RAZNIH AVTORJEV, KATERI PIŠEJO DA ZASLUŽIJO. A ŠE NAJBOLJ TOČNA JE TIBETANSKA KNJIGA MRTVIH OZIROMA TOBETANSKA KNJIGA ŽIVLJENJA.</comment-text-transliterated>
			</comment>
			<comment comment-id="23">
				<comment-parent-id/>
				<comment-text>Ko goreč vernik umre se veliko živim začne tisto pravo življenje ,</comment-text>
				<comment-text-transliterated>Ko goreč vernik umre se veliko živim začne tisto pravo življenje ,</comment-text-transliterated>
			</comment>
			<comment comment-id="24">
				<comment-parent-id/>
				<comment-text>Nihče ,kadarkoli je živel ne ve o onostranstvu kaj več kot ti ali jaz,,Preprosto so se vse religije razvile iz prevare, strahu,pohlepa domišljije in poezije ,,</comment-text>
				<comment-text-transliterated>Nihče ,kadarkoli je živel ne ve o onostranstvu kaj več kot ti ali jaz,,Preprosto so se vse religije razvile iz prevare, strahu,pohlepa domišljije in poezije ,,</comment-text-transliterated>
			</comment>
			<comment comment-id="24-1">
				<comment-parent-id>24</comment-parent-id>
				<comment-text>Nauk o reinkarnaciji nima veze z religijo.</comment-text>
				<comment-text-transliterated>Nauk o reinkarnaciji nima veze z religijo.</comment-text-transliterated>
			</comment>
			<comment comment-id="25">
				<comment-parent-id/>
				<comment-text>me zanima kakšen klošar je mogu bit Hugh Hefner v prejšnjem življenju , da je bil v zdejšnjem tak fucker</comment-text>
				<comment-text-transliterated>me zanima kakšen klošar je mogu bit Hugh Hefner v prejšnjem življenju , da je bil v zdejšnjem tak fucker</comment-text-transliterated>
			</comment>
			<comment comment-id="25-1">
				<comment-parent-id>25</comment-parent-id>
				<comment-text>Umrl je nedolžen</comment-text>
				<comment-text-transliterated>Umrl je nedolžen</comment-text-transliterated>
			</comment>
			<comment comment-id="26">
				<comment-parent-id/>
				<comment-text>Edino ateisti gremo po smrti v nebesa. Ko umremo, smo namreč za vedno rešeni vernikov. ;-)</comment-text>
				<comment-text-transliterated>Edino ateisti gremo po smrti v nebesa. Ko umremo, smo namreč za vedno rešeni vernikov. ;-)</comment-text-transliterated>
			</comment>
			<comment comment-id="27">
				<comment-parent-id/>
				<comment-text>Ko umreš si samo kup pepela al pa kosti. Vse kaj ostane za tabo je to kaj si v življenju ustvaril.</comment-text>
				<comment-text-transliterated>Ko umreš si samo kup pepela al pa kosti. Vse kaj ostane za tabo je to kaj si v življenju ustvaril.</comment-text-transliterated>
			</comment>
			<comment comment-id="27-1">
				<comment-parent-id>27</comment-parent-id>
				<comment-text>Delno imaš prov.</comment-text>
				<comment-text-transliterated>Delno imaš prov.</comment-text-transliterated>
			</comment>
			<comment comment-id="28">
				<comment-parent-id/>
				<comment-text>Edina prava vera je stara vera. Vera slovanov. Bog Triglav, Perun, Veles,... to so pravi slovanski bogovi</comment-text>
				<comment-text-transliterated>Edina prava vera je stara vera. Vera slovanov. Bog Triglav, Perun, Veles,... to so pravi slovanski bogovi</comment-text-transliterated>
			</comment>
			<comment comment-id="28-1">
				<comment-parent-id>28</comment-parent-id>
				<comment-text>Tako je. Krscanstvo nam je bilo vsiljeno</comment-text>
				<comment-text-transliterated>Tako je. Krscanstvo nam je bilo vsiljeno</comment-text-transliterated>
			</comment>
			<comment comment-id="28-2">
				<comment-parent-id>28</comment-parent-id>
				<comment-text>Kaj ima pa vera tukaj?</comment-text>
				<comment-text-transliterated>Kaj ima pa vera tukaj?</comment-text-transliterated>
			</comment>
			<comment comment-id="28-3">
				<comment-parent-id>28</comment-parent-id>
				<comment-text>Vera ima tukaj različne poglede na smrt.</comment-text>
				<comment-text-transliterated>Vera ima tukaj različne poglede na smrt.</comment-text-transliterated>
			</comment>
			<comment comment-id="28-4">
				<comment-parent-id>28</comment-parent-id>
				<comment-text>Vsaka vera je lahko prava. To če je bila to naša prva še ne pomeni da je prava.</comment-text>
				<comment-text-transliterated>Vsaka vera je lahko prava. To če je bila to naša prva še ne pomeni da je prava.</comment-text-transliterated>
			</comment>
			<comment comment-id="28-5">
				<comment-parent-id>28</comment-parent-id>
				<comment-text>To je vera narave in ni nič nadnaravnega. Je vera v naravo kot najvišjo silo.</comment-text>
				<comment-text-transliterated>To je vera narave in ni nič nadnaravnega. Je vera v naravo kot najvišjo silo.</comment-text-transliterated>
			</comment>
			<comment comment-id="28-6">
				<comment-parent-id>28</comment-parent-id>
				<comment-text>Z mečem in ognem so nas upognili ,,,kuga človeštva ,je rekel Dioklecijan ,,</comment-text>
				<comment-text-transliterated>Z mečem in ognem so nas upognili ,,,kuga človeštva ,je rekel Dioklecijan ,,</comment-text-transliterated>
			</comment>
			<comment comment-id="29">
				<comment-parent-id/>
				<comment-text>Smrti v bistvo sploh ni.</comment-text>
				<comment-text-transliterated>Smrti v bistvo sploh ni.</comment-text-transliterated>
			</comment>
			<comment comment-id="30">
				<comment-parent-id/>
				<comment-text>Ne obnašajte se kot eni bebčki samo zato, ker vas je strah smrti. Ko umremo, nas pač ni več. Mimogrede, božička in zobne miške tudi ni. Odrastite.</comment-text>
				<comment-text-transliterated>Ne obnašajte se kot eni bebčki samo zato, ker vas je strah smrti. Ko umremo, nas pač ni več. Mimogrede, božička in zobne miške tudi ni. Odrastite.</comment-text-transliterated>
			</comment>
			<comment comment-id="30-1">
				<comment-parent-id>30</comment-parent-id>
				<comment-text>No komcno en, ki ne zivi v pravljici.</comment-text>
				<comment-text-transliterated>No komcno en, ki ne zivi v pravljici.</comment-text-transliterated>
			</comment>
			<comment comment-id="31">
				<comment-parent-id/>
				<comment-text>Tjaša Petrič, prosim pišite članke v obliki člankov in ne blogov. Me je kar glava zabolela od vseh pikic, majhnih začetnic in podobnih oslarij</comment-text>
				<comment-text-transliterated>Tjaša Petrič, prosim pišite članke v obliki člankov in ne blogov. Me je kar glava zabolela od vseh pikic, majhnih začetnic in podobnih oslarij</comment-text-transliterated>
			</comment>
			<comment comment-id="32">
				<comment-parent-id/>
				<comment-text>V bibliji vse piše ne hodim v cerkev ker je sama pedofilija tam občasno jo pa preberem vsi odgovori so notri.</comment-text>
				<comment-text-transliterated>V bibliji vse piše ne hodim v cerkev ker je sama pedofilija tam občasno jo pa preberem vsi odgovori so notri.</comment-text-transliterated>
			</comment>
			<comment comment-id="33">
				<comment-parent-id/>
				<comment-text>Bom jaz vam dal regresijo tu imam pol vasi v DOBROVCAH za zaporni oddelek DOB ali ženski oddelek IG. Idite noter si naročite PSIHIJATRA pa se igrajte pa sanjajte pa se v mislih z zaporniki pogovarjajte.Tja spadate.Pa tam lahko si noročite testiranje pa boste tam sanjali o svoji smrti.PA ŠE KAKŠNEGA ZDRAVNIKA LAHKO NOTER ZAPRETE;KO ME JE NEDOVOLJENO TESTIRAL IN STRELJAL.</comment-text>
				<comment-text-transliterated>Bom jaz vam dal regresijo tu imam pol vasi v DOBROVCAH za zaporni oddelek DOB ali ženski oddelek IG. Idite noter si naročite PSIHIJATRA pa se igrajte pa sanjajte pa se v mislih z zaporniki pogovarjajte.Tja spadate.Pa tam lahko si noročite testiranje pa boste tam sanjali o svoji smrti.PA ŠE KAKŠNEGA ZDRAVNIKA LAHKO NOTER ZAPRETE;KO ME JE NEDOVOLJENO TESTIRAL IN STRELJAL.</comment-text-transliterated>
			</comment>
			<comment comment-id="33-1">
				<comment-parent-id>33</comment-parent-id>
				<comment-text>Pa še to sem pozabil kakšnega odvetnika ko mi je denar dožen ko nam je pozabil nakazat ali odvetnico ali celo kakšno hišo.</comment-text>
				<comment-text-transliterated>Pa še to sem pozabil kakšnega odvetnika ko mi je denar dožen ko nam je pozabil nakazat ali odvetnico ali celo kakšno hišo.</comment-text-transliterated>
			</comment>
			<comment comment-id="34">
				<comment-parent-id/>
				<comment-text>Umre telo, katerega si je duša že vnaprej izbrala z vnaprej izbranim scenarijem. Duša ne umre nikoli.</comment-text>
				<comment-text-transliterated>Umre telo, katerega si je duša že vnaprej izbrala z vnaprej izbranim scenarijem. Duša ne umre nikoli.</comment-text-transliterated>
			</comment>
			<comment comment-id="34-1">
				<comment-parent-id>34</comment-parent-id>
				<comment-text>Za vnaprej izbran scenarij bi rekla tako.. vnaprej izbrane dolocene preizkusnje ja, ampak je na nas, da se odlocimo kaj bomo naredili glede dolocenih situacij, da se nam bo zivljenje odvijalo tako ali drugace. Ni povdarek toliko na dogodkih, kot bolj na tem kako reagiramo in kaj naredimo iz izkusnje, da osebnostno rastemo, smo dobri, nesebicni, skromni, empaticni in ljubeznivi in iskreni v namenih. Svet potrebuje empaticne ljudi bolj kot kdajkoli, zmotno je misliti, da je to sibkost. To je moc, da vse okoli nas postane boljse, pravicnejse in da znamo v sebi in drugih prebuditi radost in stanje mirnosti. Vsi smo povezani, egoizem in sebicnost sta iluziji, ki izhajata iz strahu, obcutka manjvrednosti in dokazovanja necesa, da se pocutimo vredni in “nad nekom”.. prav je, da se uporablja ego, ampak za uravnovesanje sebe in harmonijo pravicnosti drugih do nas in kljub trpljenju, ki ga tudi izkusamo tu je pomembno, da si pomagamo in sejemo razumevanje in ljubezen. Sami sebi smo najvecji kritiki, Bog si zeli, da smo srecni in nas sprejema brezpogojno taksne kot smo. Pogojeno je samo nase razmisljanje, vidimo tako kakor sami zelimo. Kulturo in vzorce obnasanja smo prevzeli tu v fizicnem svetu, kar pa se ne pomeni, da imamo prav kljub druzbenim normam in sprejemljivostim..bistvo je tudi, da se znamo hecati in zivljenja ne jemljemo smrtno resno v dolocenih segmentih, sploh ce delamo dobra dela in smo fer do sebe in drugih. Nacin delovanja je narejen od ljudi, ki razmisljajo prevec skozi racionalo, namesto skozi srce. Ampak se pocasi to spreminja..ker se more, drugace bomo propadli ( izumiranje vrst, katastrofe, materializem, lakota...)</comment-text>
				<comment-text-transliterated>Za vnaprej izbran scenarij bi rekla tako.. vnaprej izbrane dolocene preizkusnje ja, ampak je na nas, da se odlocimo kaj bomo naredili glede dolocenih situacij, da se nam bo zivljenje odvijalo tako ali drugace. Ni povdarek toliko na dogodkih, kot bolj na tem kako reagiramo in kaj naredimo iz izkusnje, da osebnostno rastemo, smo dobri, nesebicni, skromni, empaticni in ljubeznivi in iskreni v namenih. Svet potrebuje empaticne ljudi bolj kot kdajkoli, zmotno je misliti, da je to sibkost. To je moc, da vse okoli nas postane boljse, pravicnejse in da znamo v sebi in drugih prebuditi radost in stanje mirnosti. Vsi smo povezani, egoizem in sebicnost sta iluziji, ki izhajata iz strahu, obcutka manjvrednosti in dokazovanja necesa, da se pocutimo vredni in “nad nekom”.. prav je, da se uporablja ego, ampak za uravnovesanje sebe in harmonijo pravicnosti drugih do nas in kljub trpljenju, ki ga tudi izkusamo tu je pomembno, da si pomagamo in sejemo razumevanje in ljubezen. Sami sebi smo najvecji kritiki, Bog si zeli, da smo srecni in nas sprejema brezpogojno taksne kot smo. Pogojeno je samo nase razmisljanje, vidimo tako kakor sami zelimo. Kulturo in vzorce obnasanja smo prevzeli tu v fizicnem svetu, kar pa se ne pomeni, da imamo prav kljub druzbenim normam in sprejemljivostim..bistvo je tudi, da se znamo hecati in zivljenja ne jemljemo smrtno resno v dolocenih segmentih, sploh ce delamo dobra dela in smo fer do sebe in drugih. Nacin delovanja je narejen od ljudi, ki razmisljajo prevec skozi racionalo, namesto skozi srce. Ampak se pocasi to spreminja..ker se more, drugace bomo propadli ( izumiranje vrst, katastrofe, materializem, lakota...)</comment-text-transliterated>
			</comment>
			<comment comment-id="35">
				<comment-parent-id/>
				<comment-text>Kolikokrat ste že razmišljali o svoji smrti? ...sprašujete? Prvič sem po volitvah...</comment-text>
				<comment-text-transliterated>Kolikokrat ste že razmišljali o svoji smrti? ...sprašujete? Prvič sem po volitvah...</comment-text-transliterated>
			</comment>
			<comment comment-id="35-1">
				<comment-parent-id>35</comment-parent-id>
				<comment-text>To ni politična tema</comment-text>
				<comment-text-transliterated>To ni politična tema</comment-text-transliterated>
			</comment>
			<comment comment-id="36">
				<comment-parent-id/>
				<comment-text>Glede teh tem mi je bila najbolj fascinantna knjiga &quot;Potovanje duš&quot; in njeno nadaljevanje &quot;Usoda duš&quot;.</comment-text>
				<comment-text-transliterated>Glede teh tem mi je bila najbolj fascinantna knjiga &quot;Potovanje duš&quot; in njeno nadaljevanje &quot;Usoda duš&quot;.</comment-text-transliterated>
			</comment>
			<comment comment-id="36-1">
				<comment-parent-id>36</comment-parent-id>
				<comment-text>Sem prebral obe in sta super. Pripiročam še knjigo Življenje po življenju</comment-text>
				<comment-text-transliterated>Sem prebral obe in sta super. Pripiročam še knjigo Življenje po življenju</comment-text-transliterated>
			</comment>
			<comment comment-id="37">
				<comment-parent-id/>
				<comment-text>Kozlarija. Ko umreš te več ni. To je to. Ni nobene duše in ničesar. Vse je posledica kemije, ki se dogaja v možganih.</comment-text>
				<comment-text-transliterated>Kozlarija. Ko umreš te več ni. To je to. Ni nobene duše in ničesar. Vse je posledica kemije, ki se dogaja v možganih.</comment-text-transliterated>
			</comment>
			<comment comment-id="37-1">
				<comment-parent-id>37</comment-parent-id>
				<comment-text>A si ti še vedno na drevesu in ješ banane?</comment-text>
				<comment-text-transliterated>A si ti še vedno na drevesu in ješ banane?</comment-text-transliterated>
			</comment>
			<comment comment-id="37-2">
				<comment-parent-id>37</comment-parent-id>
				<comment-text>Ponavadi je tako, da tisti; ki mislijo, da vedo vse so najbolj “zatucani” in nerazgledani. Ljudje moji ne vemo kaj je km pod morsko gladino pa ze pametujete. Obstajajo stvari katere nasi primitivni mozgani ne zmorejo razumeti.</comment-text>
				<comment-text-transliterated>Ponavadi je tako, da tisti; ki mislijo, da vedo vse so najbolj “zatucani” in nerazgledani. Ljudje moji ne vemo kaj je km pod morsko gladino pa ze pametujete. Obstajajo stvari katere nasi primitivni mozgani ne zmorejo razumeti.</comment-text-transliterated>
			</comment>
			<comment comment-id="37-3">
				<comment-parent-id>37</comment-parent-id>
				<comment-text>Slovenec, verjetno si še premlad, da bi to zastopil</comment-text>
				<comment-text-transliterated>Slovenec, verjetno si še premlad, da bi to zastopil</comment-text-transliterated>
			</comment>
			<comment comment-id="37-4">
				<comment-parent-id>37</comment-parent-id>
				<comment-text>Nisem premlad. Pac ne iscem tolažbe za strah pred smrtjo v nekih nadnaravnih neumnostih. Ti pa se kar tolaži. Če si prebral knjigo še ne pomeni da veš več kot jaz. Jaz trdim samo to kaj je dokazljivo. Vse ostalo so špekulacije.</comment-text>
				<comment-text-transliterated>Nisem premlad. Pac ne iscem tolažbe za strah pred smrtjo v nekih nadnaravnih neumnostih. Ti pa se kar tolaži. Če si prebral knjigo še ne pomeni da veš več kot jaz. Jaz trdim samo to kaj je dokazljivo. Vse ostalo so špekulacije.</comment-text-transliterated>
			</comment>
			<comment comment-id="37-5">
				<comment-parent-id>37</comment-parent-id>
				<comment-text>Nejeverni Tomaž, ko boš doživel določene izkušnje, boš razmišljal drugače</comment-text>
				<comment-text-transliterated>Nejeverni Tomaž, ko boš doživel določene izkušnje, boš razmišljal drugače</comment-text-transliterated>
			</comment>
		</comments-list>
	</comments>
</document>
