<?xml version="1.0" encoding="utf-8"?>
<document global-id="si-06-1216">
	<url>https://www.24ur.com/sport/kosarka/martic-v-finalu-smo-se-prilagodili-pretepaski-kosarki.html</url>
	<source-id>si-06</source-id>
	<local-id>1216</local-id>
	<source-name>ur24</source-name>
	<article>
		<article-title>Martić: V finalu smo se prilagodili 'pretepaški' košarki</article-title>
		<article-title-transliterated>Martić: V finalu smo se prilagodili 'pretepaški' košarki</article-title-transliterated>
		<article-time>2018-05-28</article-time>
		<article-author>A.V.</article-author>
		<article-text>V taboru košarkarjev Petrola Olimpije so si po zmagi na četrti tekmi finala slovenskega državnega prvenstva v Novem mestu pošteno oddahnili, saj bodo o naslovu državnega prvaka odločali na zadnji, peti tekmi v torek pred svojim navijači v Stožicah. Ljubljančani ne skrivajo, da so nad 'pretepaško' košarko tekmecev presenečeni, a hkrati odločeni, da ubranijo lovoriko za najboljši košarkarski kolektiv v državi. Rivalstvo med Ljubljančani in Novomeščani traja že dobri dve desetletji. Od preloma tisočletij, ko so v dolenjski prestolnici ambiciozno pristopili k projektu grajenja močne košarkarske sredine, so se košarkarji Krke sedemkrat veselili naslova slovenskih državnih prvakov (1999/00, 2002/03, 2009/10, 2010/11, 2011/12, 2012/13, 2013/14).   Simon Petrov, trener Krke, je za izgubljeno priložnost, da bi s svojimi varovanci na četrti tekmi pred domačimi navijači proslavil naslov državnega prvaka, okrivil sodniško trojko Zupančič - Krejić - Vučković.FOTO: Damjan Žibert Na drugi strani so jih zmaji zbrali 16, največ med vsemi prvoligaši, kar je glede na bogato zgodovino in ugled košarkarskega kolektiva iz prestolnice pričakovano. Letošnja finalna serija je razburljiva kot že dolgo ne, saj se v njej za naslov najboljšega v deželi na sončni strani Alp znova borita naši najuspešnejši košarkarski moštvi. Krka, ki se po kakovosti igralskega kadra v tem trenutku težko primerja z objektivno boljšo Olimpijino zasedbo, bo zelo drago prodala svojo kožo. Čeprav bo na zadnji, peti tekmi v Stožicah ekipa Simona Petrova nastopila brez svojega prvega organizatorja igre Domna Bratoža, ki si je za nespametno potezo (upravičeno) zaslužil predčasen odhod v slačilnico in prepoved igranja na naslednji tekmi, bodo Novomeščani storili vse, da pripravijo še eno veliko presenečenje.  Petrov: &quot;Niso nam dovolili zmagati.&quot; &quot;Kako bo vse skupaj delovalo v Ljubljani, ne vem, toda poskušali se bomo z nekaj spremembami znotraj moštva zoperstaviti Olimpiji. V prvi vrsti bi čestital svojim fantom za junaško borbo na zadnji tekmi ter vsem gledalcem, ki so nas prišli bodrit v velikem številu. Toda ostaja grenak priokus, saj nam določeni ljudje niso dovolili, da bi prišli do priložnosti za zmago,&quot; je s pikro izjavo po drugem porazu svojega moštva v finalni seriji še nekoliko bolj 'podkuril' ozračje pred zadnjo tekmo strateg Krke Simon Petrov.   Trener Petrola Olimpije Zoran Martić je našel 'recept' za, kot sam poudarja, grobo igro novomeških košarkarjev.FOTO: Damjan Žibert Martić: &quot;Uspeli smo se prilagoditi na 'pretepaško' košarko.&quot; Dolenjci so resnici na ljubo nekajkrat zapretili favorizirani zeleno-beli zasedbi, a nekajkrat, ko so imeli možnost uiti Ljubljančanom, so se slednji odzvali na najboljši mogoč način in zasluženo prišli do izenačenja v seriji na 2 : 2.  &quot;Ne glede na to, da imamo dolgo klop, se nam je na prvi tekmi poškodoval prvi organizator igre Mitchell McCarron. Na tretji tekmi so nam poškodovali Jordana Morgana; to so šoki, ki jih tudi precej boljša moštva od našega težko prenesejo. Zato moram pohvaliti svoje igralce, da so se v ključnih trenutkih zbrali in motivirali ter v teh težkih razmerah v Novem mestu izvlekli pomembno zmago. Krka v tem finalu igra izjemno grobo košarko in tokrat je bila za to kaznovana,&quot; pa je brez dlake na jeziku o načinu igre nasprotnika povedal trener Petrola Olimpije Zoran Martić.</article-text>
		<article-text-transliterated>V taboru košarkarjev Petrola Olimpije so si po zmagi na četrti tekmi finala slovenskega državnega prvenstva v Novem mestu pošteno oddahnili, saj bodo o naslovu državnega prvaka odločali na zadnji, peti tekmi v torek pred svojim navijači v Stožicah. Ljubljančani ne skrivajo, da so nad 'pretepaško' košarko tekmecev presenečeni, a hkrati odločeni, da ubranijo lovoriko za najboljši košarkarski kolektiv v državi. Rivalstvo med Ljubljančani in Novomeščani traja že dobri dve desetletji. Od preloma tisočletij, ko so v dolenjski prestolnici ambiciozno pristopili k projektu grajenja močne košarkarske sredine, so se košarkarji Krke sedemkrat veselili naslova slovenskih državnih prvakov (1999/00, 2002/03, 2009/10, 2010/11, 2011/12, 2012/13, 2013/14).   Simon Petrov, trener Krke, je za izgubljeno priložnost, da bi s svojimi varovanci na četrti tekmi pred domačimi navijači proslavil naslov državnega prvaka, okrivil sodniško trojko Zupančič - Krejić - Vučković.FOTO: Damjan Žibert Na drugi strani so jih zmaji zbrali 16, največ med vsemi prvoligaši, kar je glede na bogato zgodovino in ugled košarkarskega kolektiva iz prestolnice pričakovano. Letošnja finalna serija je razburljiva kot že dolgo ne, saj se v njej za naslov najboljšega v deželi na sončni strani Alp znova borita naši najuspešnejši košarkarski moštvi. Krka, ki se po kakovosti igralskega kadra v tem trenutku težko primerja z objektivno boljšo Olimpijino zasedbo, bo zelo drago prodala svojo kožo. Čeprav bo na zadnji, peti tekmi v Stožicah ekipa Simona Petrova nastopila brez svojega prvega organizatorja igre Domna Bratoža, ki si je za nespametno potezo (upravičeno) zaslužil predčasen odhod v slačilnico in prepoved igranja na naslednji tekmi, bodo Novomeščani storili vse, da pripravijo še eno veliko presenečenje.  Petrov: &quot;Niso nam dovolili zmagati.&quot; &quot;Kako bo vse skupaj delovalo v Ljubljani, ne vem, toda poskušali se bomo z nekaj spremembami znotraj moštva zoperstaviti Olimpiji. V prvi vrsti bi čestital svojim fantom za junaško borbo na zadnji tekmi ter vsem gledalcem, ki so nas prišli bodrit v velikem številu. Toda ostaja grenak priokus, saj nam določeni ljudje niso dovolili, da bi prišli do priložnosti za zmago,&quot; je s pikro izjavo po drugem porazu svojega moštva v finalni seriji še nekoliko bolj 'podkuril' ozračje pred zadnjo tekmo strateg Krke Simon Petrov.   Trener Petrola Olimpije Zoran Martić je našel 'recept' za, kot sam poudarja, grobo igro novomeških košarkarjev.FOTO: Damjan Žibert Martić: &quot;Uspeli smo se prilagoditi na 'pretepaško' košarko.&quot; Dolenjci so resnici na ljubo nekajkrat zapretili favorizirani zeleno-beli zasedbi, a nekajkrat, ko so imeli možnost uiti Ljubljančanom, so se slednji odzvali na najboljši mogoč način in zasluženo prišli do izenačenja v seriji na 2 : 2.  &quot;Ne glede na to, da imamo dolgo klop, se nam je na prvi tekmi poškodoval prvi organizator igre Mitchell McCarron. Na tretji tekmi so nam poškodovali Jordana Morgana; to so šoki, ki jih tudi precej boljša moštva od našega težko prenesejo. Zato moram pohvaliti svoje igralce, da so se v ključnih trenutkih zbrali in motivirali ter v teh težkih razmerah v Novem mestu izvlekli pomembno zmago. Krka v tem finalu igra izjemno grobo košarko in tokrat je bila za to kaznovana,&quot; pa je brez dlake na jeziku o načinu igre nasprotnika povedal trener Petrola Olimpije Zoran Martić.</article-text-transliterated>
	</article>
	<comments>
		<comments-count>2</comments-count>
		<comments-list>
			<comment comment-id="1">
				<comment-parent-id/>
				<comment-text>Kradejo vsepovsod in naredijo vse da je lahko Olimpija prvak. Tako v nogometu kot košarki pa se bi se kaj našlo.</comment-text>
				<comment-text-transliterated>Kradejo vsepovsod in naredijo vse da je lahko Olimpija prvak. Tako v nogometu kot košarki pa se bi se kaj našlo.</comment-text-transliterated>
			</comment>
			<comment comment-id="1-1">
				<comment-parent-id>1</comment-parent-id>
				<comment-text>A minusi so iz Lj? Samo vprašam.</comment-text>
				<comment-text-transliterated>A minusi so iz Lj? Samo vprašam.</comment-text-transliterated>
			</comment>
		</comments-list>
	</comments>
</document>
