<?xml version="1.0" encoding="utf-8"?>
<document global-id="si-06-1080">
	<url>https://www.24ur.com/ko-sovpadeta-poletni-solsticij-in-jagodna-luna.html</url>
	<source-id>si-06</source-id>
	<local-id>1080</local-id>
	<source-name>ur24</source-name>
	<article>
		<article-title>Ko sovpadeta poletni solsticij in jagodna polna luna</article-title>
		<article-title-transliterated>Ko sovpadeta poletni solsticij in jagodna polna luna</article-title-transliterated>
		<article-time>2016-06-20</article-time>
		<article-author>N.Š.K.</article-author>
		<article-text>Po skoraj 50 letih bomo doživeli polno luno na poletni solsticij oziroma sončev obrat. Jagodna luna, kot imenujemo junijsko polno luno, bo povzročila nekaj težav tistim bolj občutljivim, hkrati pa bo razsvetlila najkrajšo noč v letu. Letošnji poletni solsticij bo pri nas nastopil 21. junija ob 00.34 uri. To je najdaljši dan v letu, ko si lahko obetamo skoraj 17 ur dnevne svetlobe. Letošnji solsticij se bo ujel s polno luno, kar je po mnenju mnogih čas za preplah. A le, če verjamete v te reči. Tokratna polna luna, ki je mimogrede že nastopila, se imenuje jagodna luna – takšno ime namreč dobijo vse polne lune v mesecu juniju. Se bo pa prvič po skoraj 50 letih zgodilo (zadnji tak primer je bil leta 1967), da sovpadata poletni solsticij in polna luna. Letošnja jagodna luna sovpada s poletnim solsticijem.FOTO: AP Seveda bi kdo ob imenu jagodna luna pomislil, da bo luna na večernem nebu rdečkaste barve. A temu običajno ni tako. Običajno je junijska polna luna bela, tako kot vse ostale. Ime jagodna luna se je je namreč prijelo zaradi vrhunca sezone jagod in ne zaradi njene barve. Pri nas v Evropi se junijske polne lune držita tudi dve drugi imeni – medena in rožnata luna, saj so rože v razcvetu, čebelice pa pridno letajo od cveta do cveta in nabirajo cvetni prah. Poletni solsticij: zmaga svetlobe nad temo Poletni solsticij ali sončev obrat je dan, ko je Sonce ob poldnevu (v svojem nadglavišču) navidezno najseverneje na nebu, oziroma je najvišje nad nebesnim ekvatorjem. To je hkrati začetek astronomskega poletja, dnevu pa rečemo tudi kresni dan. Pred nami je tako najdaljši dan in posledično najkrajša noč. V Sloveniji in tudi drugod v Evropi so na ta dan običajno potekala kresovanja, s katerimi so proslavili najdaljši dan in zmago svetlobe nad temo. Tokrat pa bo zaradi polne lune (vsaj tam, kjer ne bo oblačno) najkrajša noč svetlejša in zaradi vpliva polne lune za mnoge tudi bolj naporna. Praznovanje poletnega solsticija ob Stonehengu.FOTO: Reuters Praznovanje kresnega dne je običajno potekalo na večer s 23. na 24. junij, ta ljudski praznik pa se je imenoval kupalo in sloni na čaščenju najdaljšega dneva v letu in verovanju v čudežno moč ognja, vode in noči. Tako folklora govori, da je človek na ta dan lahko razumel jezik živali in rastlin, če mu je v žep (ne da bi vedel) padlo praprotno seme. Praprot je namreč najpomembnejša kupalska rastlina.</article-text>
		<article-text-transliterated>Po skoraj 50 letih bomo doživeli polno luno na poletni solsticij oziroma sončev obrat. Jagodna luna, kot imenujemo junijsko polno luno, bo povzročila nekaj težav tistim bolj občutljivim, hkrati pa bo razsvetlila najkrajšo noč v letu. Letošnji poletni solsticij bo pri nas nastopil 21. junija ob 00.34 uri. To je najdaljši dan v letu, ko si lahko obetamo skoraj 17 ur dnevne svetlobe. Letošnji solsticij se bo ujel s polno luno, kar je po mnenju mnogih čas za preplah. A le, če verjamete v te reči. Tokratna polna luna, ki je mimogrede že nastopila, se imenuje jagodna luna – takšno ime namreč dobijo vse polne lune v mesecu juniju. Se bo pa prvič po skoraj 50 letih zgodilo (zadnji tak primer je bil leta 1967), da sovpadata poletni solsticij in polna luna. Letošnja jagodna luna sovpada s poletnim solsticijem.FOTO: AP Seveda bi kdo ob imenu jagodna luna pomislil, da bo luna na večernem nebu rdečkaste barve. A temu običajno ni tako. Običajno je junijska polna luna bela, tako kot vse ostale. Ime jagodna luna se je je namreč prijelo zaradi vrhunca sezone jagod in ne zaradi njene barve. Pri nas v Evropi se junijske polne lune držita tudi dve drugi imeni – medena in rožnata luna, saj so rože v razcvetu, čebelice pa pridno letajo od cveta do cveta in nabirajo cvetni prah. Poletni solsticij: zmaga svetlobe nad temo Poletni solsticij ali sončev obrat je dan, ko je Sonce ob poldnevu (v svojem nadglavišču) navidezno najseverneje na nebu, oziroma je najvišje nad nebesnim ekvatorjem. To je hkrati začetek astronomskega poletja, dnevu pa rečemo tudi kresni dan. Pred nami je tako najdaljši dan in posledično najkrajša noč. V Sloveniji in tudi drugod v Evropi so na ta dan običajno potekala kresovanja, s katerimi so proslavili najdaljši dan in zmago svetlobe nad temo. Tokrat pa bo zaradi polne lune (vsaj tam, kjer ne bo oblačno) najkrajša noč svetlejša in zaradi vpliva polne lune za mnoge tudi bolj naporna. Praznovanje poletnega solsticija ob Stonehengu.FOTO: Reuters Praznovanje kresnega dne je običajno potekalo na večer s 23. na 24. junij, ta ljudski praznik pa se je imenoval kupalo in sloni na čaščenju najdaljšega dneva v letu in verovanju v čudežno moč ognja, vode in noči. Tako folklora govori, da je človek na ta dan lahko razumel jezik živali in rastlin, če mu je v žep (ne da bi vedel) padlo praprotno seme. Praprot je namreč najpomembnejša kupalska rastlina.</article-text-transliterated>
	</article>
	<comments>
		<comments-count>35</comments-count>
		<comments-list>
			<comment comment-id="1">
				<comment-parent-id/>
				<comment-text>najboljš, da nam za vsak mesec poveste kakšna polna luna je. jagodna, češnjeva, češpljeva...</comment-text>
				<comment-text-transliterated>najboljš, da nam za vsak mesec poveste kakšna polna luna je. jagodna, češnjeva, češpljeva...</comment-text-transliterated>
			</comment>
			<comment comment-id="2">
				<comment-parent-id/>
				<comment-text>fotografija je nastala med mrkom, ne pri solsticiju</comment-text>
				<comment-text-transliterated>fotografija je nastala med mrkom, ne pri solsticiju</comment-text-transliterated>
			</comment>
			<comment comment-id="3">
				<comment-parent-id/>
				<comment-text>Oh, kako šokantna novica. Zdaj bomo zagotovo vsi ob polnoči imeli zabavo, kot za novo leto.</comment-text>
				<comment-text-transliterated>Oh, kako šokantna novica. Zdaj bomo zagotovo vsi ob polnoči imeli zabavo, kot za novo leto.</comment-text-transliterated>
			</comment>
			<comment comment-id="4">
				<comment-parent-id/>
				<comment-text>Potres bo. Hudo bo</comment-text>
				<comment-text-transliterated>Potres bo. Hudo bo</comment-text-transliterated>
			</comment>
			<comment comment-id="5">
				<comment-parent-id/>
				<comment-text>Kako je to sploh mogoče, saj je zemlja vendar ravna ploskev. Tole se nekaj zelo motijo.</comment-text>
				<comment-text-transliterated>Kako je to sploh mogoče, saj je zemlja vendar ravna ploskev. Tole se nekaj zelo motijo.</comment-text-transliterated>
			</comment>
			<comment comment-id="5-1">
				<comment-parent-id>5</comment-parent-id>
				<comment-text>Epur si move in vendar se vrti ,,Galilejo Galilej</comment-text>
				<comment-text-transliterated>Epur si move in vendar se vrti ,,Galilejo Galilej</comment-text-transliterated>
			</comment>
			<comment comment-id="6">
				<comment-parent-id/>
				<comment-text>Se sprašujem ,,,Koga luna trka ?Eni pravijo jagodna luna ,moj sosed pa pije veliko šmarnice pa pravi luni da ima pladfus ,,,</comment-text>
				<comment-text-transliterated>Se sprašujem ,,,Koga luna trka ?Eni pravijo jagodna luna ,moj sosed pa pije veliko šmarnice pa pravi luni da ima pladfus ,,,</comment-text-transliterated>
			</comment>
			<comment comment-id="7">
				<comment-parent-id/>
				<comment-text>Posnetek lune je nastal v času njenega popolnega mrka in z današnjim dogajanjem nima ničesar skupnega. Ampak za 24ur je tolikšna količina znanja verjetno prezahtevna. Namig: ukaz ob desnem kliku na sliko &amp;quot;išči sliko tu: Google&amp;quot; neverjetno razširi obzorje znanja. In še to: v času popolnega mrka je luna resnično takšne, rdeče-oranžne barve, zato ji nekateri pravijo tudi &amp;#039;krvava luna&amp;#039;</comment-text>
				<comment-text-transliterated>Posnetek lune je nastal v času njenega popolnega mrka in z današnjim dogajanjem nima ničesar skupnega. Ampak za 24ur je tolikšna količina znanja verjetno prezahtevna. Namig: ukaz ob desnem kliku na sliko &amp;quot;išči sliko tu: Google&amp;quot; neverjetno razširi obzorje znanja. In še to: v času popolnega mrka je luna resnično takšne, rdeče-oranžne barve, zato ji nekateri pravijo tudi &amp;#039;krvava luna&amp;#039;</comment-text-transliterated>
			</comment>
			<comment comment-id="7-1">
				<comment-parent-id>7</comment-parent-id>
				<comment-text>Ti imaš verjetno chrome.</comment-text>
				<comment-text-transliterated>Ti imaš verjetno chrome.</comment-text-transliterated>
			</comment>
			<comment comment-id="8">
				<comment-parent-id/>
				<comment-text>Ja nč,bo treba po gajbo</comment-text>
				<comment-text-transliterated>Ja nč,bo treba po gajbo</comment-text-transliterated>
			</comment>
			<comment comment-id="9">
				<comment-parent-id/>
				<comment-text>a kar naenkrat je jagodna luna? pozimi je bila enake barve, pa ste ji rekli krvava luna? pa sta obe oranžne barve, ki ni podobna ne krvi, ne jagodam.</comment-text>
				<comment-text-transliterated>a kar naenkrat je jagodna luna? pozimi je bila enake barve, pa ste ji rekli krvava luna? pa sta obe oranžne barve, ki ni podobna ne krvi, ne jagodam.</comment-text-transliterated>
			</comment>
			<comment comment-id="9-1">
				<comment-parent-id>9</comment-parent-id>
				<comment-text>Je lepo razloženo, da je ime dobila zaradi sezone jagod in nima zveze z barvo.</comment-text>
				<comment-text-transliterated>Je lepo razloženo, da je ime dobila zaradi sezone jagod in nima zveze z barvo.</comment-text-transliterated>
			</comment>
			<comment comment-id="9-2">
				<comment-parent-id>9</comment-parent-id>
				<comment-text>in kaj je bilo pozimi krvavega? je dobila ime krvava luna zato, ker so ljudje smučali po krvavcu? sicer pa je to poimenovanje iz ameriškega (ne angleškega), predvsem zato, ker naši pisunčki kopirajo članke iz ameriških medijev</comment-text>
				<comment-text-transliterated>in kaj je bilo pozimi krvavega? je dobila ime krvava luna zato, ker so ljudje smučali po krvavcu? sicer pa je to poimenovanje iz ameriškega (ne angleškega), predvsem zato, ker naši pisunčki kopirajo članke iz ameriških medijev</comment-text-transliterated>
			</comment>
			<comment comment-id="10">
				<comment-parent-id/>
				<comment-text>Huda je huda. V Lendavi je fajn vrglo enega mladiča, ki je razsul policijska avta in policaja z knokavtom spravil v bolnico...</comment-text>
				<comment-text-transliterated>Huda je huda. V Lendavi je fajn vrglo enega mladiča, ki je razsul policijska avta in policaja z knokavtom spravil v bolnico...</comment-text-transliterated>
			</comment>
			<comment comment-id="10-1">
				<comment-parent-id>10</comment-parent-id>
				<comment-text>jah droge naredijo svoje...</comment-text>
				<comment-text-transliterated>jah droge naredijo svoje...</comment-text-transliterated>
			</comment>
			<comment comment-id="10-2">
				<comment-parent-id>10</comment-parent-id>
				<comment-text>Potem pa še luna :)</comment-text>
				<comment-text-transliterated>Potem pa še luna :)</comment-text-transliterated>
			</comment>
			<comment comment-id="10-3">
				<comment-parent-id>10</comment-parent-id>
				<comment-text>Pravjo, da ga je brez veze na gobec.....no, to jim glih ne verjamem....</comment-text>
				<comment-text-transliterated>Pravjo, da ga je brez veze na gobec.....no, to jim glih ne verjamem....</comment-text-transliterated>
			</comment>
			<comment comment-id="10-4">
				<comment-parent-id>10</comment-parent-id>
				<comment-text>Zdaj so dobili večje plače,pa hajd nad revčke</comment-text>
				<comment-text-transliterated>Zdaj so dobili večje plače,pa hajd nad revčke</comment-text-transliterated>
			</comment>
			<comment comment-id="11">
				<comment-parent-id/>
				<comment-text>Kwa ste obupal nad vremensko napovedjo....mate že novo stroko...???</comment-text>
				<comment-text-transliterated>Kwa ste obupal nad vremensko napovedjo....mate že novo stroko...???</comment-text-transliterated>
			</comment>
			<comment comment-id="11-1">
				<comment-parent-id>11</comment-parent-id>
				<comment-text>Priluni bodo bolj trofili!</comment-text>
				<comment-text-transliterated>Priluni bodo bolj trofili!</comment-text-transliterated>
			</comment>
			<comment comment-id="12">
				<comment-parent-id/>
				<comment-text>Nekateri iz sekte pogledujejo v luno kr nekaj časa in čakajo kdaj bo dobila luna rumeno plavo barvo ,,,</comment-text>
				<comment-text-transliterated>Nekateri iz sekte pogledujejo v luno kr nekaj časa in čakajo kdaj bo dobila luna rumeno plavo barvo ,,,</comment-text-transliterated>
			</comment>
			<comment comment-id="13">
				<comment-parent-id/>
				<comment-text>me že malo nosi-od šanka do šanka</comment-text>
				<comment-text-transliterated>me že malo nosi-od šanka do šanka</comment-text-transliterated>
			</comment>
			<comment comment-id="13-1">
				<comment-parent-id>13</comment-parent-id>
				<comment-text>jah care polna Luna je....</comment-text>
				<comment-text-transliterated>jah care polna Luna je....</comment-text-transliterated>
			</comment>
			<comment comment-id="14">
				<comment-parent-id/>
				<comment-text>Direktno prepisano iz Independenta, z razliko napačne ure začetka (23.34 20. junija ponedeljek je pravilna ura).Kako je kaj z avtorskimi pravicami N.Š.K.?</comment-text>
				<comment-text-transliterated>Direktno prepisano iz Independenta, z razliko napačne ure začetka (23.34 20. junija ponedeljek je pravilna ura).Kako je kaj z avtorskimi pravicami N.Š.K.?</comment-text-transliterated>
			</comment>
			<comment comment-id="14-1">
				<comment-parent-id>14</comment-parent-id>
				<comment-text>angleži imajo malu drugačno uro, pa glede na to, da so na zemlji nekaj kilometrov bolj severno, ter malo bolj zahodno, pride do razlike teh nekaj minut</comment-text>
				<comment-text-transliterated>angleži imajo malu drugačno uro, pa glede na to, da so na zemlji nekaj kilometrov bolj severno, ter malo bolj zahodno, pride do razlike teh nekaj minut</comment-text-transliterated>
			</comment>
			<comment comment-id="15">
				<comment-parent-id/>
				<comment-text>preveč cvička je spila</comment-text>
				<comment-text-transliterated>preveč cvička je spila</comment-text-transliterated>
			</comment>
			<comment comment-id="16">
				<comment-parent-id/>
				<comment-text>Prvič slišim (berem) za jagodno luno.</comment-text>
				<comment-text-transliterated>Prvič slišim (berem) za jagodno luno.</comment-text-transliterated>
			</comment>
			<comment comment-id="16-1">
				<comment-parent-id>16</comment-parent-id>
				<comment-text>nwm sam pomoje zato, ker je nazadnje bla pred 50 leti?</comment-text>
				<comment-text-transliterated>nwm sam pomoje zato, ker je nazadnje bla pred 50 leti?</comment-text-transliterated>
			</comment>
			<comment comment-id="16-2">
				<comment-parent-id>16</comment-parent-id>
				<comment-text>Ne, ne. Piše, da naj bi bila jagodna luna vsaka polna luna v juniju. To, da je letos še solsticij zraven, ne igra nobene vloge.</comment-text>
				<comment-text-transliterated>Ne, ne. Piše, da naj bi bila jagodna luna vsaka polna luna v juniju. To, da je letos še solsticij zraven, ne igra nobene vloge.</comment-text-transliterated>
			</comment>
			<comment comment-id="17">
				<comment-parent-id/>
				<comment-text>še mal pa bo sneg</comment-text>
				<comment-text-transliterated>še mal pa bo sneg</comment-text-transliterated>
			</comment>
			<comment comment-id="17-1">
				<comment-parent-id>17</comment-parent-id>
				<comment-text>Ja, kure ga bodo napovedovale tam od septembra naprej, do aprila prihodnjega leta jim bo ja ratalo, vsaj enkrat no.</comment-text>
				<comment-text-transliterated>Ja, kure ga bodo napovedovale tam od septembra naprej, do aprila prihodnjega leta jim bo ja ratalo, vsaj enkrat no.</comment-text-transliterated>
			</comment>
			<comment comment-id="18">
				<comment-parent-id/>
				<comment-text>Bemtiš, mi je čisto iz glave padlo, da bo dan že začel &amp;quot;dol jemat&amp;quot;. Če ga ne bom preveč imel pod kapo, si bom ogledal polno luno, itak sem pol noči pokonci.</comment-text>
				<comment-text-transliterated>Bemtiš, mi je čisto iz glave padlo, da bo dan že začel &amp;quot;dol jemat&amp;quot;. Če ga ne bom preveč imel pod kapo, si bom ogledal polno luno, itak sem pol noči pokonci.</comment-text-transliterated>
			</comment>
			<comment comment-id="19">
				<comment-parent-id/>
				<comment-text>pripradniki sds sekte ze pogledujejo ali bo konec sveta pa to</comment-text>
				<comment-text-transliterated>pripradniki sds sekte ze pogledujejo ali bo konec sveta pa to</comment-text-transliterated>
			</comment>
			<comment comment-id="19-1">
				<comment-parent-id>19</comment-parent-id>
				<comment-text>Za Slovenijo je bil konec sveta takrat ko ste levaki oblast prvzel....</comment-text>
				<comment-text-transliterated>Za Slovenijo je bil konec sveta takrat ko ste levaki oblast prvzel....</comment-text-transliterated>
			</comment>
			<comment comment-id="19-2">
				<comment-parent-id>19</comment-parent-id>
				<comment-text>Dejte mir s temi levimi in desnimi!!!</comment-text>
				<comment-text-transliterated>Dejte mir s temi levimi in desnimi!!!</comment-text-transliterated>
			</comment>
		</comments-list>
	</comments>
</document>
