<?xml version="1.0" encoding="utf-8"?>
<document global-id="si-06-1318">
	<url>https://www.24ur.com/novice/svet/na-hrvaskem-letos-najslabsa-generacija-maturantov-doslej.html</url>
	<source-id>si-06</source-id>
	<local-id>1318</local-id>
	<source-name>ur24</source-name>
	<article>
		<article-title>Na Hrvaškem letos najslabša generacija maturantov doslej</article-title>
		<article-title-transliterated>Na Hrvaškem letos najslabša generacija maturantov doslej</article-title-transliterated>
		<article-time>2019-07-11</article-time>
		<article-author>A.K. / STA</article-author>
		<article-text>Na Hrvaškem je na letošnji maturi približno 8800 od 34.600 dijakov dobilo negativne ocene iz hrvaškega jezika in matematike. Gre za najslabše rezultate doslej. Gre za najslabše rezultate doslej, danes na podlagi prvih neuradnih izidov letošnje mature poroča Jutarnji list. Izpostavlja, da je bilo letos za skoraj 1300 negativno ocenjenih dijakov več kot lani. V centru so napovedali, da bodo ob objavi uradnih izidov letošnje mature predstavili tudi mednarodne kazalnike. Med drugim je raziskava pokazala, da so hrvaški dijaki na zelo nizki ravni, kar zadeva bralne, matematične in naravoslovne sposobnosti.FOTO: Thinkstock Samo 58 odstotkov dijakov srednjih strokovnih šol je dobilo pozitivno oceno na izpitu iz matematike na višji ravni znanja, medtem ko je bila uspešnost dijakov gimnazij 79-odstotna. 650 gimnazijcev je ob tem padlo na izpitu iz matematike, kar je 370 dijakov več, kot jih je bilo lani. Na običajni ravni matematike je prav tako 79 odstotkov gimnazijcev opravilo maturo, med dijaki strokovnih šol jih je pozitivne ocene dobilo 71 odstotkov, poroča časnik. Neuradni podatki kažejo tudi, da je samo 396 učencev na maturitetnem izpitu iz višje ravni matematike dobilo oceno odlično, samo 372 pa na izpitu iz nižje ravni. Preverite, kako so se na letošnji maturi odrezali slovenski maturanti. Uradne rezultate mature bodo objavili 15. julija. Začasne rezultate so začeli posameznim srednjim šolam pošiljati v sredo. Nad slabimi rezultati niso presenečeni V hrvaškem centru za zunanje ocenjevanje izobraževanja(Ncvvo) nad slabimi rezultati letošnje mature niso presenečeni. Izpostavljajo, da gre za večletni trend, ki je bil zaznan tudi med raziskavo PISA. Gre za raziskovalni program o znanjih in veščinah učencev in dijakov, ki ga izvaja Organizacija za gospodarsko sodelovanje in razvoj (OECD). V centru so napovedali, da bodo ob objavi uradnih izidov letošnje mature predstavili tudi mednarodne kazalnike. Med drugim je raziskava pokazala, da so hrvaški dijaki na zelo nizki ravni, kar zadeva bralne, matematične in naravoslovne sposobnosti. Hrvaška ministrica za znanost in izobraževanje Blaženka Divjak je pred današnjo sejo vlade novinarjem dejala, da del težave predstavljajo neenakovredni kriteriji ocenjevanja v srednjih šolah. Ugotovili so zelo veliko razliko med ocenami v srednjih šolah in tistimi na državni maturi. Kot je povedala, so letošnji slabi rezultati mature tudi razlog za nujno potrebno in čim prejšnjo izvedbo celovite izobraževalne reforme, s katero bi morali povečati število učnih ur iz matematike in hrvaškega jezika. V primerjavi z drugimi državami članicami EU je Hrvaška tudi na dnu lestvice po številu ur, ki jih učenci in dijaki preživijo v šolah.</article-text>
		<article-text-transliterated>Na Hrvaškem je na letošnji maturi približno 8800 od 34.600 dijakov dobilo negativne ocene iz hrvaškega jezika in matematike. Gre za najslabše rezultate doslej. Gre za najslabše rezultate doslej, danes na podlagi prvih neuradnih izidov letošnje mature poroča Jutarnji list. Izpostavlja, da je bilo letos za skoraj 1300 negativno ocenjenih dijakov več kot lani. V centru so napovedali, da bodo ob objavi uradnih izidov letošnje mature predstavili tudi mednarodne kazalnike. Med drugim je raziskava pokazala, da so hrvaški dijaki na zelo nizki ravni, kar zadeva bralne, matematične in naravoslovne sposobnosti.FOTO: Thinkstock Samo 58 odstotkov dijakov srednjih strokovnih šol je dobilo pozitivno oceno na izpitu iz matematike na višji ravni znanja, medtem ko je bila uspešnost dijakov gimnazij 79-odstotna. 650 gimnazijcev je ob tem padlo na izpitu iz matematike, kar je 370 dijakov več, kot jih je bilo lani. Na običajni ravni matematike je prav tako 79 odstotkov gimnazijcev opravilo maturo, med dijaki strokovnih šol jih je pozitivne ocene dobilo 71 odstotkov, poroča časnik. Neuradni podatki kažejo tudi, da je samo 396 učencev na maturitetnem izpitu iz višje ravni matematike dobilo oceno odlično, samo 372 pa na izpitu iz nižje ravni. Preverite, kako so se na letošnji maturi odrezali slovenski maturanti. Uradne rezultate mature bodo objavili 15. julija. Začasne rezultate so začeli posameznim srednjim šolam pošiljati v sredo. Nad slabimi rezultati niso presenečeni V hrvaškem centru za zunanje ocenjevanje izobraževanja(Ncvvo) nad slabimi rezultati letošnje mature niso presenečeni. Izpostavljajo, da gre za večletni trend, ki je bil zaznan tudi med raziskavo PISA. Gre za raziskovalni program o znanjih in veščinah učencev in dijakov, ki ga izvaja Organizacija za gospodarsko sodelovanje in razvoj (OECD). V centru so napovedali, da bodo ob objavi uradnih izidov letošnje mature predstavili tudi mednarodne kazalnike. Med drugim je raziskava pokazala, da so hrvaški dijaki na zelo nizki ravni, kar zadeva bralne, matematične in naravoslovne sposobnosti. Hrvaška ministrica za znanost in izobraževanje Blaženka Divjak je pred današnjo sejo vlade novinarjem dejala, da del težave predstavljajo neenakovredni kriteriji ocenjevanja v srednjih šolah. Ugotovili so zelo veliko razliko med ocenami v srednjih šolah in tistimi na državni maturi. Kot je povedala, so letošnji slabi rezultati mature tudi razlog za nujno potrebno in čim prejšnjo izvedbo celovite izobraževalne reforme, s katero bi morali povečati število učnih ur iz matematike in hrvaškega jezika. V primerjavi z drugimi državami članicami EU je Hrvaška tudi na dnu lestvice po številu ur, ki jih učenci in dijaki preživijo v šolah.</article-text-transliterated>
	</article>
	<comments>
		<comments-count>30</comments-count>
		<comments-list>
			<comment comment-id="1">
				<comment-parent-id/>
				<comment-text>važno je da obvladajo pametni telefon in video igrice</comment-text>
				<comment-text-transliterated>važno je da obvladajo pametni telefon in video igrice</comment-text-transliterated>
			</comment>
			<comment comment-id="2">
				<comment-parent-id/>
				<comment-text>MATURA NI POTREBNA ZA DOBRO PLAČO NA HRVAŠKEM: troizmensko delo na ribiški barki in policijskem čolnu v piranskem zalivu ne potrebujeta kvalifikacij. opis dela: nagajanje slovencem v zalivu!!!</comment-text>
				<comment-text-transliterated>MATURA NI POTREBNA ZA DOBRO PLAČO NA HRVAŠKEM: troizmensko delo na ribiški barki in policijskem čolnu v piranskem zalivu ne potrebujeta kvalifikacij. opis dela: nagajanje slovencem v zalivu!!!</comment-text-transliterated>
			</comment>
			<comment comment-id="3">
				<comment-parent-id/>
				<comment-text>Saj tudi ko se pogovarjas z njimi, ne dekujejo nic kaj brihtno!</comment-text>
				<comment-text-transliterated>Saj tudi ko se pogovarjas z njimi, ne dekujejo nic kaj brihtno!</comment-text-transliterated>
			</comment>
			<comment comment-id="4">
				<comment-parent-id/>
				<comment-text>ja rvaski osebki niso prav brihtni na svetu, no! Ampak tudi kopace rabimo!</comment-text>
				<comment-text-transliterated>ja rvaski osebki niso prav brihtni na svetu, no! Ampak tudi kopace rabimo!</comment-text-transliterated>
			</comment>
			<comment comment-id="5">
				<comment-parent-id/>
				<comment-text>Selektivno porocanje. Kaj pozitivnega ne uspete najti kajnede? Zunanji sovraznik mora biti, da se lahko vlada. Z Italijani ali Avstrijci ne upate zobati cesenj ane.</comment-text>
				<comment-text-transliterated>Selektivno porocanje. Kaj pozitivnega ne uspete najti kajnede? Zunanji sovraznik mora biti, da se lahko vlada. Z Italijani ali Avstrijci ne upate zobati cesenj ane.</comment-text-transliterated>
			</comment>
			<comment comment-id="6">
				<comment-parent-id/>
				<comment-text>Od kar jim je Franjo jezik spremenil ga tudi sami več ne znajo.... Matematika pa je itak za pametne...</comment-text>
				<comment-text-transliterated>Od kar jim je Franjo jezik spremenil ga tudi sami več ne znajo.... Matematika pa je itak za pametne...</comment-text-transliterated>
			</comment>
			<comment comment-id="6-1">
				<comment-parent-id>6</comment-parent-id>
				<comment-text>Zato so pa dobri politiki.</comment-text>
				<comment-text-transliterated>Zato so pa dobri politiki.</comment-text-transliterated>
			</comment>
			<comment comment-id="7">
				<comment-parent-id/>
				<comment-text>Prihodnja bo se slabsa.</comment-text>
				<comment-text-transliterated>Prihodnja bo se slabsa.</comment-text-transliterated>
			</comment>
			<comment comment-id="8">
				<comment-parent-id/>
				<comment-text>če bom slab v šoli bom šel pa za politika</comment-text>
				<comment-text-transliterated>če bom slab v šoli bom šel pa za politika</comment-text-transliterated>
			</comment>
			<comment comment-id="9">
				<comment-parent-id/>
				<comment-text>Ne gre za znanje in ocene, ampak za padanje inteligenčnega kvocienta. To padanje je zaznavno v celem svetu. Kateri je en skupni imenovalec v razvitem svetu, ki lahko tako vpliva na nevrološko zasnovo? Cepiva.</comment-text>
				<comment-text-transliterated>Ne gre za znanje in ocene, ampak za padanje inteligenčnega kvocienta. To padanje je zaznavno v celem svetu. Kateri je en skupni imenovalec v razvitem svetu, ki lahko tako vpliva na nevrološko zasnovo? Cepiva.</comment-text-transliterated>
			</comment>
			<comment comment-id="10">
				<comment-parent-id/>
				<comment-text>proustaške katoliške šole pač ne morej dati nič dobrega.</comment-text>
				<comment-text-transliterated>proustaške katoliške šole pač ne morej dati nič dobrega.</comment-text-transliterated>
			</comment>
			<comment comment-id="11">
				<comment-parent-id/>
				<comment-text>In zakaj nas Hrvati sploh zanimajo? Kako je bilo pa z maturanti v Italiji, Avstriji, Madžarski? Zakaj pa tega ne izvemo?</comment-text>
				<comment-text-transliterated>In zakaj nas Hrvati sploh zanimajo? Kako je bilo pa z maturanti v Italiji, Avstriji, Madžarski? Zakaj pa tega ne izvemo?</comment-text-transliterated>
			</comment>
			<comment comment-id="11-1">
				<comment-parent-id>11</comment-parent-id>
				<comment-text>To ti bo pa jajo zrecitiru.</comment-text>
				<comment-text-transliterated>To ti bo pa jajo zrecitiru.</comment-text-transliterated>
			</comment>
			<comment comment-id="12">
				<comment-parent-id/>
				<comment-text>Hrvati se zaradi slabih ocen ne sekirajo preveč.......tudi če nihče ne opravi mature........so še vedno najpametnejši narod na svetu...... :-)))</comment-text>
				<comment-text-transliterated>Hrvati se zaradi slabih ocen ne sekirajo preveč.......tudi če nihče ne opravi mature........so še vedno najpametnejši narod na svetu...... :-)))</comment-text-transliterated>
			</comment>
			<comment comment-id="12-1">
				<comment-parent-id>12</comment-parent-id>
				<comment-text>vidimo po statistikah razvoja in demografske slike, ja, imaš prav...</comment-text>
				<comment-text-transliterated>vidimo po statistikah razvoja in demografske slike, ja, imaš prav...</comment-text-transliterated>
			</comment>
			<comment comment-id="13">
				<comment-parent-id/>
				<comment-text>Preveč hodijo v cerkev in imajo manj časa za učenje, pa to...</comment-text>
				<comment-text-transliterated>Preveč hodijo v cerkev in imajo manj časa za učenje, pa to...</comment-text-transliterated>
			</comment>
			<comment comment-id="14">
				<comment-parent-id/>
				<comment-text>Čestitamo ostalim 20.000 za uspešen plonk!</comment-text>
				<comment-text-transliterated>Čestitamo ostalim 20.000 za uspešen plonk!</comment-text-transliterated>
			</comment>
			<comment comment-id="15">
				<comment-parent-id/>
				<comment-text>ja letos so pač našli oz razkrili ponarejevalce in zato so pa verjetno tko slabi, ker jih niso mogli več kupiti hehe. Ampak brez skrbi vsi, ki ste kupili doplomo ali spričeval ne rabite se sekirat sej lahko vam vzamejo papir znanja pač vam ne morejo vzeti.</comment-text>
				<comment-text-transliterated>ja letos so pač našli oz razkrili ponarejevalce in zato so pa verjetno tko slabi, ker jih niso mogli več kupiti hehe. Ampak brez skrbi vsi, ki ste kupili doplomo ali spričeval ne rabite se sekirat sej lahko vam vzamejo papir znanja pač vam ne morejo vzeti.</comment-text-transliterated>
			</comment>
			<comment comment-id="16">
				<comment-parent-id/>
				<comment-text>Vazn, da snajo Tompsonove pesmi na pamet.</comment-text>
				<comment-text-transliterated>Vazn, da snajo Tompsonove pesmi na pamet.</comment-text-transliterated>
			</comment>
			<comment comment-id="17">
				<comment-parent-id/>
				<comment-text>Haha...bojo apartmaje ali pa bar odprli pa poleti turiste oderuhali</comment-text>
				<comment-text-transliterated>Haha...bojo apartmaje ali pa bar odprli pa poleti turiste oderuhali</comment-text-transliterated>
			</comment>
			<comment comment-id="18">
				<comment-parent-id/>
				<comment-text>Zgleda, da tale nas forumas Mario se kar maturo dela...</comment-text>
				<comment-text-transliterated>Zgleda, da tale nas forumas Mario se kar maturo dela...</comment-text-transliterated>
			</comment>
			<comment comment-id="19">
				<comment-parent-id/>
				<comment-text>Glavno da znajo vse thompsonove pesmi na pamet</comment-text>
				<comment-text-transliterated>Glavno da znajo vse thompsonove pesmi na pamet</comment-text-transliterated>
			</comment>
			<comment comment-id="20">
				<comment-parent-id/>
				<comment-text>vidiš, to pa že bolj dokazuje gensko zgodovino naroda...</comment-text>
				<comment-text-transliterated>vidiš, to pa že bolj dokazuje gensko zgodovino naroda...</comment-text-transliterated>
			</comment>
			<comment comment-id="20-1">
				<comment-parent-id>20</comment-parent-id>
				<comment-text>hahaha</comment-text>
				<comment-text-transliterated>hahaha</comment-text-transliterated>
			</comment>
			<comment comment-id="21">
				<comment-parent-id/>
				<comment-text>kaj hočeš. mladini se fučka za tuđmanovico. verjetno, jih nese glede jezika bolj na jug, ali pa jugozahod.</comment-text>
				<comment-text-transliterated>kaj hočeš. mladini se fučka za tuđmanovico. verjetno, jih nese glede jezika bolj na jug, ali pa jugozahod.</comment-text-transliterated>
			</comment>
			<comment comment-id="21-1">
				<comment-parent-id>21</comment-parent-id>
				<comment-text>isto govorijo v Vukovarju pa v celi Istri pa še kje...</comment-text>
				<comment-text-transliterated>isto govorijo v Vukovarju pa v celi Istri pa še kje...</comment-text-transliterated>
			</comment>
			<comment comment-id="22">
				<comment-parent-id/>
				<comment-text>Pa kaj, če svojega jezika dobro ne poznajo - mogoče pa poznajo tuje, saj ima Hrvaška načrte z veliko turizma. Pa kaj , če matematike ne obvladajo - prav gotovo pa vejo, kateri številka je višja. To se pozna tudi pri cenah na Hrvaškem.</comment-text>
				<comment-text-transliterated>Pa kaj, če svojega jezika dobro ne poznajo - mogoče pa poznajo tuje, saj ima Hrvaška načrte z veliko turizma. Pa kaj , če matematike ne obvladajo - prav gotovo pa vejo, kateri številka je višja. To se pozna tudi pri cenah na Hrvaškem.</comment-text-transliterated>
			</comment>
			<comment comment-id="23">
				<comment-parent-id/>
				<comment-text>Zgleda, da je vsako leto manj Teslovih rojakov.</comment-text>
				<comment-text-transliterated>Zgleda, da je vsako leto manj Teslovih rojakov.</comment-text-transliterated>
			</comment>
			<comment comment-id="23-1">
				<comment-parent-id>23</comment-parent-id>
				<comment-text>lahko jih kvečjemu več. tesla ni bil hrvat, temveč srb.</comment-text>
				<comment-text-transliterated>lahko jih kvečjemu več. tesla ni bil hrvat, temveč srb.</comment-text-transliterated>
			</comment>
			<comment comment-id="23-2">
				<comment-parent-id>23</comment-parent-id>
				<comment-text>Beseda &quot;rojak&quot; lahko pomeni oboje: da si iz iste pokrajine, ali pa da si iste narodnosti.</comment-text>
				<comment-text-transliterated>Beseda &quot;rojak&quot; lahko pomeni oboje: da si iz iste pokrajine, ali pa da si iste narodnosti.</comment-text-transliterated>
			</comment>
		</comments-list>
	</comments>
</document>
