<?xml version="1.0" encoding="utf-8"?>
<document global-id="si-06-127">
	<url>https://www.24ur.com/sport/nogomet/z-osvajalcem-lige-prvakov-proti-spremembam-v-najelitnejsem-evropskem-tekmovanju-ceferinova-desna-roka-bo-stankovic.html</url>
	<source-id>si-06</source-id>
	<local-id>127</local-id>
	<source-name>ur24</source-name>
	<article>
		<article-title>'Slovenski zet' Dejan Stanković bo desna roka Čeferina, novi predsednik si želi kongres Uefe pripeljati v domovino</article-title>
		<article-title-transliterated>'Slovenski zet' Dejan Stanković bo desna roka Čeferina, novi predsednik si želi kongres Uefe pripeljati v domovino</article-title-transliterated>
		<article-time>2016-09-14</article-time>
		<article-author>STA J.K.</article-author>
		<article-text>Med prioritetami novoizvoljenega predsednika Evropske nogometne zveze (Uefa) Aleksandra Čeferina bo takoj po njegovi sredini izvolitvi v Atenah gotovo utrditi položaj Uefe, ki so jo v zadnjem času pestili škandali in brezvladje. Srbski mediji poročajo, da bo pod Čeferinom pomemben položaj na Uefi zavzel bivši nogometaš Dejan Stanković. VEČ VIDEOVSEBIN 02:01 Iz 24UR: Kaj je obljubil? 01:24 Iz 24UR: Aleksandru Čeferinu uspelo 01:56 Iz 24UR: Čeferin o izvolitvi Dejan Stanković (v sredini) na tekmi srbske reprezentance s Slovenijo v Beogradu.FOTO: Damjan Žibert Novi predsednik Evropske nogometne zveze (Uefa) Aleksander Čeferin preživlja prve ure kot uradno izvoljeni predsednik Uefe. Zgodba grosupeljskega pravnika, ki se je v rekordnem času povzpel iz precejšnjega neznanca do enega najvplivnejših ljudi v svetovnem nogometu, odmeva v največjih medijih. Ti po izjavah Čeferina na izrednem kongresu Uefe v Atenah poskušajo razvozlati, katere poteze pripravlja dosedanji predsednik Nogometne zveze Slovenije (NZS), potem ko je z veliko večino (42-13) ugnal protikandidata Nizozemca Michaela van Praaga. 48-letni Čeferin naj bi se po poročanju BBC lotil sprememb v Ligi prvakov, ki so pred dnevi tako presenetile številne v veliki evropski nogometni družini. Od sezone 2018/19 bodo imela štiri največja evropska prvenstva (Premier League, Serie A, Primera Division in 1. Bundesliga) zagotovljena štiri mesta v skupinskem delu elitne Lige prvakov, Čeferin pa je pred in po volitvami javno dejal, da vsi vpleteni &quot;niso bili primerno obveščeni&quot; o številnih spremembah, ki so pomembno vplivale tudi na delitev denarne pogače. &quot;Mi smo tisti, ki smo vladajoče telo,&quot; je britanski državni medij izpostavil eno od Čeferinovih atenskih izjav, s katero naj bi nakazal, da bo velikim klubom hitro pokazal, da je Uefa še kako &quot;glavna&quot;. Zveza evropskih profesionalnih nogometnih prvenstev (EPFL), ki zastopa 24 državnih prvenstev v Evropi, je Uefo celo pozvala, da spremembe prekliče, češ da bodo zaradi njih prvenstva trpela. &quot;To bo prva reč, s katero se bom spopadel. Uefa je zelo dobra, zelo močna organizacija. Nekaj časa je bila brez vodstva in to je bila morda težava pri spopadanju s to rečjo,&quot; je dejal Čeferin, ki je na mestu predsednika nasledil osramočenega Michela Platinija. &quot;Moramo govoriti in imeti dialog s klubi in mislim, da se to lahko reši,&quot; je nadaljeval Čeferin. Na položaju bo do leta 2019, ko se izteče preostanek Platinijevega mandata. Osredotočil se bo tudi na izboljševanje finančne kondicije evropskega nogometa, Čeferin pa je tudi priznal, da je Uefi ostalo veliko dela v boju s prirejanjem izidov, pomanjklivo varnostjo in rasizmom. Čestitke na račun grosupeljskega pravnika še naprej dežujejo.FOTO: AP Z izidom so bili zadovoljni tudi največji Čeferinovi podporniki, poleg Italijanske nogometne zveze (FIGC), ki se ji je za neomajno podporo še pred začetkom kampanje posebej zahvalil, velja v to skupino prišteti tudi zveze iz držav nekdanje Jugoslavije. Bivši reprezentant Jugoslavije, Srbije in Črne gore ter Srbije Dejan Stanković, nekoč tudi osvajalec naslova Lige prvakov z Interjem, je zatrdil, da bo Čeferin delal za &quot;korist in blaginjo&quot; evropskega nogometa. Srbski mediji so Stankovića, nekdanjega člana Crvene zvezde, že imenovali za novo desno roko Čeferina pri Uefi, nekateri celo za podpredsednika. &quot;Iz srca čestitam novemu predsedniku Uefe Aleksandru Čeferinu za zmago,&quot; je Stankovića citirala Beta. &quot;Izbran je bil z večino delegatov. Čestitam mu tudi za program, ki ga je sestavil in s katerim je prepričal nogometno Evropo, da je pravi človek za to odgovorno in spoštovanja vredno funkcijo. Program novega predsednika Uefe jasno kaže na to, da bo delal v korist in blaginjo evropskega nogometa. Aleksander se zaveda, da ga čaka veliko dela in da bomo z veliko truda in dela dobili rezultate, s katerimi se lahko pohvalimo. Zaradi vsega omenjenega moram priznati, da je lepo biti v njegovi ekipi.&quot; Le malo je bilo takšnih držav, ki na sredinih volitvah v Atenah ni podprlo Čeferina. Za predsednika Nogometne zveze Slovenije je glasovalo kar 42 od 55 članic Uefe, med njimi tudi vse balkanske zveze. Eden tistih, ki je ves čas kampanje tudi javno podpiral Čeferina, je predsednik hrvaške zveze Davor Šuker. &quot;Aleksander Čeferin bo dober predsednik že zaradi tega, ker je dobil 42 glasov. To pomeni, da je imel dobro kampanjo, potoval je po vseh mestih in državah, predsedniki zvez so spoznali to, videli so njegovo vizijo,&quot; je po volitvah povedal nekdanji hrvaški reprezentant. &quot;Želimo si mir, to potrebujemo. Dobili smo novega predsednika, lahko se pogovarjamo o nogometu. Uefa je krasna organizacija in želim mu res veliko let v Uefi,&quot; je še dodal nekdanji napadalec Osijeka, Dinama, Seville, Reala Madrida, Arsenala, West Hama in 1860 Münchna. Čeprav so Čeferina podprle vse balkanske države, pa Šuker tega ni izpostavljal. &quot;Gre vendarle za 42 držav, ki so ga podprle. Tako kot sta dejala Čeferin in protikandidat Michael van Praag - vsi delamo v interesu nogometa in moramo sodelovati,&quot; je zaključil Šuker, tudi član IO Uefe. Stanković, ki je poročen s sestro nekdanjega slovenskega reprezentanta Milenka Aćimovića, bo po poročanju italijanske La Gazzette dello Sport del nove Čeferinove ekipe pri Uefi. Stanković in seveda Čeferin, ki pred četrtkovo sejo izvršnega odbora, na kateri bo predlagal ime generalnega sekretarja, tega nista potrdila. Aleksander Čeferin in vodja komunikacij ter medijev pri Uefi Pedro Pinto.FOTO: AP Čeferin: V Slovenijo bi rad pripeljal kongres Uefe Nekaj ur po zmagi na izrednem kongresu v Atenah si je Čeferin vzel čas za vprašanja slovenskih novinarjev. Med drugim jim je povedal, da je njegov prvi cilj klubska problematika, veseli ga, da je imel močno podporo regije, izrazil pa je tudi željo, da kakšnega od kongresov pripelje v Slovenijo. &quot;Najbolj pomembna je klubska problematika. O tem se bom moral temeljito seznaniti in videti, kakšni so plusi in minusi tega dogovora. V preteklosti me je najbolj motilo, da v zvezi s tem nismo bili informirani, to pa se v prihodnosti več ne bo zgodilo. To je ena temeljnih stvari, šele potem pridejo na vrsto omejitve mandatov in zadeve, ki so pomemben za transparentnost, zaščito igre itn,&quot; o prvih ciljih v novi vlogi razmišlja Čeferin. Trenutna slika Uefe je po njegovem mnenju pretirana. &quot;Uefina administracija dela dobro, ljudje pa niti več ne ločijo med Uefo in Fifo. Ko so se začeli problemi pri Fifi, je vse delovalo koruptivno, kar pa ne drži. Ne drži, da ni potrebno nič narediti, potrebno bo narediti veliko stvari na področju transparentnosti. Pri tem ne vidim nobenih težav, predvsem zaradi tega, ker sem se pogovarjal z ljudmi na nacionalnih zvezah in praktično se vsi strinjajo, da je to nujna stvar.&quot; Čeferin pravi, da za zdaj ostaja v Grosupljem. V Švico oziroma Nyon se bo kmalu odpravil, da vidi, kakšna je situacija. &quot;V prvih mesecih bom zagotovo porabil dneve in noči, da se bom seznanil z vsemi zadevami, potem pa se bom odločil. A s tem se ne obremenjujem, o celotni zadevi sem se pogovoril tudi s svojo družino in me v tem absolutno podpira,&quot; pravi. Eno prvih opravil ga čaka v četrtek, ko bo v Atenah izvršni odbor Uefe. Tam bo predlagal ime novega generalnega sekretarja. Z novo funkcijo pa je ostal tudi brez mesta predsednika NZS. &quot;Mnenje o svojem nasledniku bom povedal, ne želim, da NZS vodi oseba, ki je ne bo sposobna uspešno voditi, hkrati pa pri tem ne bom imel odločilne vloge. O tem bodo odločali delegati, v zelo kratkem času pa se nameravam sesati s člani izvršnega odbora NZS in se z njimi pogovoriti o tej temi,&quot; obljublja Čeferin. &quot;Formalno bo moja dolžnost, da Slovenijo obravnavam kot vse druge države, neformalno pa lahko gotovo veliko pomagam. Sloveniji ne morem zagotoviti več finančnih sredstev, kot ji pripada po pravilniku Uefe, tega ne morem nobeni drugi državi in tega tudi nisem nikomur obljubil. Vsem pa je jasno, da bodo Slovenijo, NZS in slovensko reprezentanco obravnavali drugače kot v preteklosti. Ogromno se lahko pomaga tudi na področju sponzorstva, tudi slovenskemu gospodarstvu. Neformalna pomoč je možna in jaz nikoli ne bom pozabil, da sem Slovenec. Ko so me nekoč vprašali za kateri klub navijam, sem dejal, da za slovensko reprezentanco in nikogar drugega.&quot; Uglednega slovenskega odvetnika veseli, da je imel močno podporo Balkana, ki je njegovo zmago označila za zmago celotne regije. &quot;Če kdo razume tukajšnjo mentaliteto, kako bi se jim dalo pomagati, smo to Slovenci. Kadarkoli je Uefa reševala probleme na Balkanu, je skušala angažirati Slovence. Razumemo jezik, nihče nas ne sovraži. To je na nek način tudi zmaga regije,&quot; pravi Čeferin, ki obljublja, da bo skušal izpolniti pričakovanja ne samo držav v regiji, temveč vseh držav članic. Dotaknil se je tudi evropskih tekmovanj pod okriljem Uefe. &quot;Mislim, da je EP s 24 reprezentancami dober format. Prinesel je dober finančni rezultati Uefi. Tekmovanje je bilo zame zanimivo. Malo daljše, kot bi bilo idealno, ampak tako pač je. Tudi manjše reprezentance imajo možnost napredovati, to je zame odličen format. Liga prvakov je najboljši športni produkt na svetu. Ne verjamem, da ustvarja največ denarja. Kot sem informiran, Superbowl ustvari več denarja. Mislim, da lahko ta produkt, ligo prvakov, naredimo še bolj zanimiv. Če to uspe, bo več solidarnostih sredstev, več bo denarja za majhne države, manjša razlika bo med velikimi in malimi klubi, zvezami. Moramo se orientirati izven Evrope. Tam je denar. Pripravljeni so sodelovati. To je nekaj idej,&quot; pravi Čeferin. Grosupeljčan je dobil tudi vprašanje, ali bo kot novi predsednik kdaj kongres Uefe uspel pripeljati v svojo domovino: &quot;Zelo rad bi ga pripeljal v Slovenijo. Ne morem obljubiti. Mislim, da bi bilo prav, če je predsednik iz Slovenije, da pripelje kongres v Slovenijo. Dve uri po kongresu je to težko govoriti.&quot; Čeferin je za konec še enkrat poudaril, da se ne boji pritiskov, držal se bo pravil. &quot;Od tega ne bom odstopal. Ne potrebujem kompromisov v nasprotju s pravili,&quot; opozarja odvetnik, ki pravi, da bi lahko v Uefo odpeljal tudi kakšnega sodelavca iz domovine. &quot;Nisem še govoril z njimi. Nekaj Slovencev bo dobilo službo v Uefi. Prav je, da najprej govorim z ljudmi,&quot; meni Čeferin, ki si želi, da bo na čim več tekmah slovenske reprezentance. &quot;Ne vem, če bom lahko na vseh, ampak zagotovo pridem na tekmi s Slovaško in Anglijo. Nenazadnje pa upam, da me bodo tam poslušali,&quot; se je še pošalil novi predsednik Uefe.</article-text>
		<article-text-transliterated>Med prioritetami novoizvoljenega predsednika Evropske nogometne zveze (Uefa) Aleksandra Čeferina bo takoj po njegovi sredini izvolitvi v Atenah gotovo utrditi položaj Uefe, ki so jo v zadnjem času pestili škandali in brezvladje. Srbski mediji poročajo, da bo pod Čeferinom pomemben položaj na Uefi zavzel bivši nogometaš Dejan Stanković. VEČ VIDEOVSEBIN 02:01 Iz 24UR: Kaj je obljubil? 01:24 Iz 24UR: Aleksandru Čeferinu uspelo 01:56 Iz 24UR: Čeferin o izvolitvi Dejan Stanković (v sredini) na tekmi srbske reprezentance s Slovenijo v Beogradu.FOTO: Damjan Žibert Novi predsednik Evropske nogometne zveze (Uefa) Aleksander Čeferin preživlja prve ure kot uradno izvoljeni predsednik Uefe. Zgodba grosupeljskega pravnika, ki se je v rekordnem času povzpel iz precejšnjega neznanca do enega najvplivnejših ljudi v svetovnem nogometu, odmeva v največjih medijih. Ti po izjavah Čeferina na izrednem kongresu Uefe v Atenah poskušajo razvozlati, katere poteze pripravlja dosedanji predsednik Nogometne zveze Slovenije (NZS), potem ko je z veliko večino (42-13) ugnal protikandidata Nizozemca Michaela van Praaga. 48-letni Čeferin naj bi se po poročanju BBC lotil sprememb v Ligi prvakov, ki so pred dnevi tako presenetile številne v veliki evropski nogometni družini. Od sezone 2018/19 bodo imela štiri največja evropska prvenstva (Premier League, Serie A, Primera Division in 1. Bundesliga) zagotovljena štiri mesta v skupinskem delu elitne Lige prvakov, Čeferin pa je pred in po volitvami javno dejal, da vsi vpleteni &quot;niso bili primerno obveščeni&quot; o številnih spremembah, ki so pomembno vplivale tudi na delitev denarne pogače. &quot;Mi smo tisti, ki smo vladajoče telo,&quot; je britanski državni medij izpostavil eno od Čeferinovih atenskih izjav, s katero naj bi nakazal, da bo velikim klubom hitro pokazal, da je Uefa še kako &quot;glavna&quot;. Zveza evropskih profesionalnih nogometnih prvenstev (EPFL), ki zastopa 24 državnih prvenstev v Evropi, je Uefo celo pozvala, da spremembe prekliče, češ da bodo zaradi njih prvenstva trpela. &quot;To bo prva reč, s katero se bom spopadel. Uefa je zelo dobra, zelo močna organizacija. Nekaj časa je bila brez vodstva in to je bila morda težava pri spopadanju s to rečjo,&quot; je dejal Čeferin, ki je na mestu predsednika nasledil osramočenega Michela Platinija. &quot;Moramo govoriti in imeti dialog s klubi in mislim, da se to lahko reši,&quot; je nadaljeval Čeferin. Na položaju bo do leta 2019, ko se izteče preostanek Platinijevega mandata. Osredotočil se bo tudi na izboljševanje finančne kondicije evropskega nogometa, Čeferin pa je tudi priznal, da je Uefi ostalo veliko dela v boju s prirejanjem izidov, pomanjklivo varnostjo in rasizmom. Čestitke na račun grosupeljskega pravnika še naprej dežujejo.FOTO: AP Z izidom so bili zadovoljni tudi največji Čeferinovi podporniki, poleg Italijanske nogometne zveze (FIGC), ki se ji je za neomajno podporo še pred začetkom kampanje posebej zahvalil, velja v to skupino prišteti tudi zveze iz držav nekdanje Jugoslavije. Bivši reprezentant Jugoslavije, Srbije in Črne gore ter Srbije Dejan Stanković, nekoč tudi osvajalec naslova Lige prvakov z Interjem, je zatrdil, da bo Čeferin delal za &quot;korist in blaginjo&quot; evropskega nogometa. Srbski mediji so Stankovića, nekdanjega člana Crvene zvezde, že imenovali za novo desno roko Čeferina pri Uefi, nekateri celo za podpredsednika. &quot;Iz srca čestitam novemu predsedniku Uefe Aleksandru Čeferinu za zmago,&quot; je Stankovića citirala Beta. &quot;Izbran je bil z večino delegatov. Čestitam mu tudi za program, ki ga je sestavil in s katerim je prepričal nogometno Evropo, da je pravi človek za to odgovorno in spoštovanja vredno funkcijo. Program novega predsednika Uefe jasno kaže na to, da bo delal v korist in blaginjo evropskega nogometa. Aleksander se zaveda, da ga čaka veliko dela in da bomo z veliko truda in dela dobili rezultate, s katerimi se lahko pohvalimo. Zaradi vsega omenjenega moram priznati, da je lepo biti v njegovi ekipi.&quot; Le malo je bilo takšnih držav, ki na sredinih volitvah v Atenah ni podprlo Čeferina. Za predsednika Nogometne zveze Slovenije je glasovalo kar 42 od 55 članic Uefe, med njimi tudi vse balkanske zveze. Eden tistih, ki je ves čas kampanje tudi javno podpiral Čeferina, je predsednik hrvaške zveze Davor Šuker. &quot;Aleksander Čeferin bo dober predsednik že zaradi tega, ker je dobil 42 glasov. To pomeni, da je imel dobro kampanjo, potoval je po vseh mestih in državah, predsedniki zvez so spoznali to, videli so njegovo vizijo,&quot; je po volitvah povedal nekdanji hrvaški reprezentant. &quot;Želimo si mir, to potrebujemo. Dobili smo novega predsednika, lahko se pogovarjamo o nogometu. Uefa je krasna organizacija in želim mu res veliko let v Uefi,&quot; je še dodal nekdanji napadalec Osijeka, Dinama, Seville, Reala Madrida, Arsenala, West Hama in 1860 Münchna. Čeprav so Čeferina podprle vse balkanske države, pa Šuker tega ni izpostavljal. &quot;Gre vendarle za 42 držav, ki so ga podprle. Tako kot sta dejala Čeferin in protikandidat Michael van Praag - vsi delamo v interesu nogometa in moramo sodelovati,&quot; je zaključil Šuker, tudi član IO Uefe. Stanković, ki je poročen s sestro nekdanjega slovenskega reprezentanta Milenka Aćimovića, bo po poročanju italijanske La Gazzette dello Sport del nove Čeferinove ekipe pri Uefi. Stanković in seveda Čeferin, ki pred četrtkovo sejo izvršnega odbora, na kateri bo predlagal ime generalnega sekretarja, tega nista potrdila. Aleksander Čeferin in vodja komunikacij ter medijev pri Uefi Pedro Pinto.FOTO: AP Čeferin: V Slovenijo bi rad pripeljal kongres Uefe Nekaj ur po zmagi na izrednem kongresu v Atenah si je Čeferin vzel čas za vprašanja slovenskih novinarjev. Med drugim jim je povedal, da je njegov prvi cilj klubska problematika, veseli ga, da je imel močno podporo regije, izrazil pa je tudi željo, da kakšnega od kongresov pripelje v Slovenijo. &quot;Najbolj pomembna je klubska problematika. O tem se bom moral temeljito seznaniti in videti, kakšni so plusi in minusi tega dogovora. V preteklosti me je najbolj motilo, da v zvezi s tem nismo bili informirani, to pa se v prihodnosti več ne bo zgodilo. To je ena temeljnih stvari, šele potem pridejo na vrsto omejitve mandatov in zadeve, ki so pomemben za transparentnost, zaščito igre itn,&quot; o prvih ciljih v novi vlogi razmišlja Čeferin. Trenutna slika Uefe je po njegovem mnenju pretirana. &quot;Uefina administracija dela dobro, ljudje pa niti več ne ločijo med Uefo in Fifo. Ko so se začeli problemi pri Fifi, je vse delovalo koruptivno, kar pa ne drži. Ne drži, da ni potrebno nič narediti, potrebno bo narediti veliko stvari na področju transparentnosti. Pri tem ne vidim nobenih težav, predvsem zaradi tega, ker sem se pogovarjal z ljudmi na nacionalnih zvezah in praktično se vsi strinjajo, da je to nujna stvar.&quot; Čeferin pravi, da za zdaj ostaja v Grosupljem. V Švico oziroma Nyon se bo kmalu odpravil, da vidi, kakšna je situacija. &quot;V prvih mesecih bom zagotovo porabil dneve in noči, da se bom seznanil z vsemi zadevami, potem pa se bom odločil. A s tem se ne obremenjujem, o celotni zadevi sem se pogovoril tudi s svojo družino in me v tem absolutno podpira,&quot; pravi. Eno prvih opravil ga čaka v četrtek, ko bo v Atenah izvršni odbor Uefe. Tam bo predlagal ime novega generalnega sekretarja. Z novo funkcijo pa je ostal tudi brez mesta predsednika NZS. &quot;Mnenje o svojem nasledniku bom povedal, ne želim, da NZS vodi oseba, ki je ne bo sposobna uspešno voditi, hkrati pa pri tem ne bom imel odločilne vloge. O tem bodo odločali delegati, v zelo kratkem času pa se nameravam sesati s člani izvršnega odbora NZS in se z njimi pogovoriti o tej temi,&quot; obljublja Čeferin. &quot;Formalno bo moja dolžnost, da Slovenijo obravnavam kot vse druge države, neformalno pa lahko gotovo veliko pomagam. Sloveniji ne morem zagotoviti več finančnih sredstev, kot ji pripada po pravilniku Uefe, tega ne morem nobeni drugi državi in tega tudi nisem nikomur obljubil. Vsem pa je jasno, da bodo Slovenijo, NZS in slovensko reprezentanco obravnavali drugače kot v preteklosti. Ogromno se lahko pomaga tudi na področju sponzorstva, tudi slovenskemu gospodarstvu. Neformalna pomoč je možna in jaz nikoli ne bom pozabil, da sem Slovenec. Ko so me nekoč vprašali za kateri klub navijam, sem dejal, da za slovensko reprezentanco in nikogar drugega.&quot; Uglednega slovenskega odvetnika veseli, da je imel močno podporo Balkana, ki je njegovo zmago označila za zmago celotne regije. &quot;Če kdo razume tukajšnjo mentaliteto, kako bi se jim dalo pomagati, smo to Slovenci. Kadarkoli je Uefa reševala probleme na Balkanu, je skušala angažirati Slovence. Razumemo jezik, nihče nas ne sovraži. To je na nek način tudi zmaga regije,&quot; pravi Čeferin, ki obljublja, da bo skušal izpolniti pričakovanja ne samo držav v regiji, temveč vseh držav članic. Dotaknil se je tudi evropskih tekmovanj pod okriljem Uefe. &quot;Mislim, da je EP s 24 reprezentancami dober format. Prinesel je dober finančni rezultati Uefi. Tekmovanje je bilo zame zanimivo. Malo daljše, kot bi bilo idealno, ampak tako pač je. Tudi manjše reprezentance imajo možnost napredovati, to je zame odličen format. Liga prvakov je najboljši športni produkt na svetu. Ne verjamem, da ustvarja največ denarja. Kot sem informiran, Superbowl ustvari več denarja. Mislim, da lahko ta produkt, ligo prvakov, naredimo še bolj zanimiv. Če to uspe, bo več solidarnostih sredstev, več bo denarja za majhne države, manjša razlika bo med velikimi in malimi klubi, zvezami. Moramo se orientirati izven Evrope. Tam je denar. Pripravljeni so sodelovati. To je nekaj idej,&quot; pravi Čeferin. Grosupeljčan je dobil tudi vprašanje, ali bo kot novi predsednik kdaj kongres Uefe uspel pripeljati v svojo domovino: &quot;Zelo rad bi ga pripeljal v Slovenijo. Ne morem obljubiti. Mislim, da bi bilo prav, če je predsednik iz Slovenije, da pripelje kongres v Slovenijo. Dve uri po kongresu je to težko govoriti.&quot; Čeferin je za konec še enkrat poudaril, da se ne boji pritiskov, držal se bo pravil. &quot;Od tega ne bom odstopal. Ne potrebujem kompromisov v nasprotju s pravili,&quot; opozarja odvetnik, ki pravi, da bi lahko v Uefo odpeljal tudi kakšnega sodelavca iz domovine. &quot;Nisem še govoril z njimi. Nekaj Slovencev bo dobilo službo v Uefi. Prav je, da najprej govorim z ljudmi,&quot; meni Čeferin, ki si želi, da bo na čim več tekmah slovenske reprezentance. &quot;Ne vem, če bom lahko na vseh, ampak zagotovo pridem na tekmi s Slovaško in Anglijo. Nenazadnje pa upam, da me bodo tam poslušali,&quot; se je še pošalil novi predsednik Uefe.</article-text-transliterated>
	</article>
	<comments>
		<comments-count>69</comments-count>
		<comments-list>
			<comment comment-id="1">
				<comment-parent-id/>
				<comment-text>Jst bom pa tako reku, cestitke Ceferinu, pa upam da se bo dejansko drzal svojega nacrta, da nebo podlegel lobistom in cvenku ter da nebo pozabu da prihaja iz Slovenije. Vse to je lahko in bo samo pozitiva za domaco kvazi nogometno sceno in jo morda, upam vsaj , spremeni v pravo nogometno sceno. Tukaj ne govorim o direktnem denarnem prispevku uefe ker to nea gre tak ampak posledicnem prilivi denarnih sredstev in kadra ter seveda tudi infrastrukture in sd druge stvari katere sedaj imamo moznost pridobiti samo zaradi tega ker je Ceferin uspel. Temu malemu uspehu posameznika bi lahko rekli velikanski uspeh za vse ljubitelje domacega nogometa ce se le nebo zadeva iznakazila. Tukaj je potencial velik za razvijanje gospodarstva in turizma ce sd bo le znalo izkoristiti vse to. Pa veliko uspeha Ceferinu. 😊</comment-text>
				<comment-text-transliterated>Jst bom pa tako reku, cestitke Ceferinu, pa upam da se bo dejansko drzal svojega nacrta, da nebo podlegel lobistom in cvenku ter da nebo pozabu da prihaja iz Slovenije. Vse to je lahko in bo samo pozitiva za domaco kvazi nogometno sceno in jo morda, upam vsaj , spremeni v pravo nogometno sceno. Tukaj ne govorim o direktnem denarnem prispevku uefe ker to nea gre tak ampak posledicnem prilivi denarnih sredstev in kadra ter seveda tudi infrastrukture in sd druge stvari katere sedaj imamo moznost pridobiti samo zaradi tega ker je Ceferin uspel. Temu malemu uspehu posameznika bi lahko rekli velikanski uspeh za vse ljubitelje domacega nogometa ce se le nebo zadeva iznakazila. Tukaj je potencial velik za razvijanje gospodarstva in turizma ce sd bo le znalo izkoristiti vse to. Pa veliko uspeha Ceferinu. 😊</comment-text-transliterated>
			</comment>
			<comment comment-id="2">
				<comment-parent-id/>
				<comment-text>Vsa čast Čeferinu, a kot vse kaže smo brez pomoči srbskega lobija precej nemočni. Našo ekonomijo šofirajo Kešeljevići, košarko Nesterovići, našega Čeferina pa bodo šofirali Stankovići. Le še Vućića za predsednika vlade in Šešlja za varuha človekovih pravic, pa smo zmagali. Škoda ker je Mladić v arestu. Pod njegovim vodstvom bi se znala pripravljenost slovenske vojske dvigniti v višave...</comment-text>
				<comment-text-transliterated>Vsa čast Čeferinu, a kot vse kaže smo brez pomoči srbskega lobija precej nemočni. Našo ekonomijo šofirajo Kešeljevići, košarko Nesterovići, našega Čeferina pa bodo šofirali Stankovići. Le še Vućića za predsednika vlade in Šešlja za varuha človekovih pravic, pa smo zmagali. Škoda ker je Mladić v arestu. Pod njegovim vodstvom bi se znala pripravljenost slovenske vojske dvigniti v višave...</comment-text-transliterated>
			</comment>
			<comment comment-id="2-1">
				<comment-parent-id>2</comment-parent-id>
				<comment-text>Ti si p.acient poln kompleksov in strahov. Mogoce mu je pomagal pa tvoj ljybljeni J.J., ker je zelo vpliven in iz Grosupljega.</comment-text>
				<comment-text-transliterated>Ti si p.acient poln kompleksov in strahov. Mogoce mu je pomagal pa tvoj ljybljeni J.J., ker je zelo vpliven in iz Grosupljega.</comment-text-transliterated>
			</comment>
			<comment comment-id="2-2">
				<comment-parent-id>2</comment-parent-id>
				<comment-text>Pacient 100%.</comment-text>
				<comment-text-transliterated>Pacient 100%.</comment-text-transliterated>
			</comment>
			<comment comment-id="3">
				<comment-parent-id/>
				<comment-text>Z denarjem,dovolj velikim vložkom denarja,lahko kupiš vse in vsakega posebej,samo zdravja in zdrave pameti ne,tako,da,pustimo se presenetiti.</comment-text>
				<comment-text-transliterated>Z denarjem,dovolj velikim vložkom denarja,lahko kupiš vse in vsakega posebej,samo zdravja in zdrave pameti ne,tako,da,pustimo se presenetiti.</comment-text-transliterated>
			</comment>
			<comment comment-id="3-1">
				<comment-parent-id>3</comment-parent-id>
				<comment-text>kokr je dal, tok bo dobu nazaj.. uefamafija</comment-text>
				<comment-text-transliterated>kokr je dal, tok bo dobu nazaj.. uefamafija</comment-text-transliterated>
			</comment>
			<comment comment-id="3-2">
				<comment-parent-id>3</comment-parent-id>
				<comment-text>Ah...več bi mogu..!</comment-text>
				<comment-text-transliterated>Ah...več bi mogu..!</comment-text-transliterated>
			</comment>
			<comment comment-id="4">
				<comment-parent-id/>
				<comment-text>Pripeljati v domovino: pljuvači, a se zavedate, kaj to pomeni? Tisti, ki ste proti, spokajte ven iz Slovenije, ker niste za razvoj ampak s svojim sovraštvom zavirate še ostale! Jaz sem SKOZI navijal zanj, pa nogometa sploh ne gledam (ni mi zanimivo,ko se ti prepotentneži podijo za žogo - pa sem športnik)</comment-text>
				<comment-text-transliterated>Pripeljati v domovino: pljuvači, a se zavedate, kaj to pomeni? Tisti, ki ste proti, spokajte ven iz Slovenije, ker niste za razvoj ampak s svojim sovraštvom zavirate še ostale! Jaz sem SKOZI navijal zanj, pa nogometa sploh ne gledam (ni mi zanimivo,ko se ti prepotentneži podijo za žogo - pa sem športnik)</comment-text-transliterated>
			</comment>
			<comment comment-id="5">
				<comment-parent-id/>
				<comment-text>Po moje bi moral k sodelovanju povabit obvezno Katanca, da bi povedal kaj pametnega. Zdravn bi mogu bit tudi Zahovič, ki je definitivno sposoben, kongres bi pa mogel bit na Šmarni gori da se omenjena dva nekako pobotata. Zihr nobenemu predsedniku zvez nebi blo jasno kaj se dogaja. Bolje vsekakor kot da se spet razni Balkanci štulijo, kot da brez njih res Slovenci ne moremo.</comment-text>
				<comment-text-transliterated>Po moje bi moral k sodelovanju povabit obvezno Katanca, da bi povedal kaj pametnega. Zdravn bi mogu bit tudi Zahovič, ki je definitivno sposoben, kongres bi pa mogel bit na Šmarni gori da se omenjena dva nekako pobotata. Zihr nobenemu predsedniku zvez nebi blo jasno kaj se dogaja. Bolje vsekakor kot da se spet razni Balkanci štulijo, kot da brez njih res Slovenci ne moremo.</comment-text-transliterated>
			</comment>
			<comment comment-id="6">
				<comment-parent-id/>
				<comment-text>Važno jeda tudi v Sloveniji potisnemo smučarijo na obrobje, kjer ji je mesto samo v Decembru.</comment-text>
				<comment-text-transliterated>Važno jeda tudi v Sloveniji potisnemo smučarijo na obrobje, kjer ji je mesto samo v Decembru.</comment-text-transliterated>
			</comment>
			<comment comment-id="7">
				<comment-parent-id/>
				<comment-text>Smesno res se v Sloveniji ni mogel naredit red jao boga uefa kam to pelje res najprej bi doma mogo red naret ne pa da aluminj nima stadiona in igra v 1 ligi da ne govorim se o drugih klubih ko sploh ne dobivajo plac pri nam .Igrajo za 400 eur to bi mogo naredit red</comment-text>
				<comment-text-transliterated>Smesno res se v Sloveniji ni mogel naredit red jao boga uefa kam to pelje res najprej bi doma mogo red naret ne pa da aluminj nima stadiona in igra v 1 ligi da ne govorim se o drugih klubih ko sploh ne dobivajo plac pri nam .Igrajo za 400 eur to bi mogo naredit red</comment-text-transliterated>
			</comment>
			<comment comment-id="7-1">
				<comment-parent-id>7</comment-parent-id>
				<comment-text>Prevedi....</comment-text>
				<comment-text-transliterated>Prevedi....</comment-text-transliterated>
			</comment>
			<comment comment-id="8">
				<comment-parent-id/>
				<comment-text>Ena.., dva.., tri... Samo nekaj testiram.</comment-text>
				<comment-text-transliterated>Ena.., dva.., tri... Samo nekaj testiram.</comment-text-transliterated>
			</comment>
			<comment comment-id="9">
				<comment-parent-id/>
				<comment-text>A v tem tiči zajec zakaj so Srbi forsirali Čeferina.</comment-text>
				<comment-text-transliterated>A v tem tiči zajec zakaj so Srbi forsirali Čeferina.</comment-text-transliterated>
			</comment>
			<comment comment-id="9-1">
				<comment-parent-id>9</comment-parent-id>
				<comment-text>matej1111, ne bodi kratkoviden. Ena uboga Srbija, v tako številnem odločanju ne pomeni nič. Njente!</comment-text>
				<comment-text-transliterated>matej1111, ne bodi kratkoviden. Ena uboga Srbija, v tako številnem odločanju ne pomeni nič. Njente!</comment-text-transliterated>
			</comment>
			<comment comment-id="10">
				<comment-parent-id/>
				<comment-text>Spremembe u ligi prvakov so res nujne ne pa da u zadnjih treh letih ligo PRVAKOV 2x osvoji ekipa ki je u 7 letih bla 1x PRVAK u svojem drzavnem prvenstvu</comment-text>
				<comment-text-transliterated>Spremembe u ligi prvakov so res nujne ne pa da u zadnjih treh letih ligo PRVAKOV 2x osvoji ekipa ki je u 7 letih bla 1x PRVAK u svojem drzavnem prvenstvu</comment-text-transliterated>
			</comment>
			<comment comment-id="10-1">
				<comment-parent-id>10</comment-parent-id>
				<comment-text>Hahaha</comment-text>
				<comment-text-transliterated>Hahaha</comment-text-transliterated>
			</comment>
			<comment comment-id="11">
				<comment-parent-id/>
				<comment-text>Haha, Čeferinže novači Balkance, ga biksa, to bi že lahko bilo prvo sporno kadrovanje, glede na to da je Mile Ačimović kolega s Čeferinom..pa zares ne morejo mimo balkanskega kadrovanja ?</comment-text>
				<comment-text-transliterated>Haha, Čeferinže novači Balkance, ga biksa, to bi že lahko bilo prvo sporno kadrovanje, glede na to da je Mile Ačimović kolega s Čeferinom..pa zares ne morejo mimo balkanskega kadrovanja ?</comment-text-transliterated>
			</comment>
			<comment comment-id="11-1">
				<comment-parent-id>11</comment-parent-id>
				<comment-text>Daj zapri lapeeeeeeee</comment-text>
				<comment-text-transliterated>Daj zapri lapeeeeeeee</comment-text-transliterated>
			</comment>
			<comment comment-id="12">
				<comment-parent-id/>
				<comment-text>Če bi Ata Turk zmagal ne bil na to prav nič ponosen ...!</comment-text>
				<comment-text-transliterated>Če bi Ata Turk zmagal ne bil na to prav nič ponosen ...!</comment-text-transliterated>
			</comment>
			<comment comment-id="13">
				<comment-parent-id/>
				<comment-text>V Angliji ze googlajo &amp;quot;where is Slovenia&amp;quot;.</comment-text>
				<comment-text-transliterated>V Angliji ze googlajo &amp;quot;where is Slovenia&amp;quot;.</comment-text-transliterated>
			</comment>
			<comment comment-id="13-1">
				<comment-parent-id>13</comment-parent-id>
				<comment-text>Hahaha pa ne sam v Angliji.</comment-text>
				<comment-text-transliterated>Hahaha pa ne sam v Angliji.</comment-text-transliterated>
			</comment>
			<comment comment-id="13-2">
				<comment-parent-id>13</comment-parent-id>
				<comment-text>Žalostno za njih in za njihovo splošno razgledanost.</comment-text>
				<comment-text-transliterated>Žalostno za njih in za njihovo splošno razgledanost.</comment-text-transliterated>
			</comment>
			<comment comment-id="13-3">
				<comment-parent-id>13</comment-parent-id>
				<comment-text>:)) ze nekaj let zivim na otoku,pa sem se vedno Slovak.</comment-text>
				<comment-text-transliterated>:)) ze nekaj let zivim na otoku,pa sem se vedno Slovak.</comment-text-transliterated>
			</comment>
			<comment comment-id="13-4">
				<comment-parent-id>13</comment-parent-id>
				<comment-text>Naj, to je njihov problem. Mene bi bilo sram biti tako nerazgledan.</comment-text>
				<comment-text-transliterated>Naj, to je njihov problem. Mene bi bilo sram biti tako nerazgledan.</comment-text-transliterated>
			</comment>
			<comment comment-id="14">
				<comment-parent-id/>
				<comment-text>Kdo bo pa sedaj zagovarjal našo elito..???</comment-text>
				<comment-text-transliterated>Kdo bo pa sedaj zagovarjal našo elito..???</comment-text-transliterated>
			</comment>
			<comment comment-id="15">
				<comment-parent-id/>
				<comment-text>Čeferinjo....</comment-text>
				<comment-text-transliterated>Čeferinjo....</comment-text-transliterated>
			</comment>
			<comment comment-id="16">
				<comment-parent-id/>
				<comment-text>Kam pa po &amp;quot;mandatu&amp;quot;? :))))))))</comment-text>
				<comment-text-transliterated>Kam pa po &amp;quot;mandatu&amp;quot;? :))))))))</comment-text-transliterated>
			</comment>
			<comment comment-id="17">
				<comment-parent-id/>
				<comment-text>A zdej bo pa Katanec na vrhu naše nogometne zveze...?</comment-text>
				<comment-text-transliterated>A zdej bo pa Katanec na vrhu naše nogometne zveze...?</comment-text-transliterated>
			</comment>
			<comment comment-id="18">
				<comment-parent-id/>
				<comment-text>Čeferina sedaj tako opevajo,kot bi ne vem kaj naredil za Slovenijo,bo pa le še bolj napolnil svoj žep in to pa je tudi vse</comment-text>
				<comment-text-transliterated>Čeferina sedaj tako opevajo,kot bi ne vem kaj naredil za Slovenijo,bo pa le še bolj napolnil svoj žep in to pa je tudi vse</comment-text-transliterated>
			</comment>
			<comment comment-id="18-1">
				<comment-parent-id>18</comment-parent-id>
				<comment-text>...on ma že nafilanega....zdej ga bo mel pa še bolj....</comment-text>
				<comment-text-transliterated>...on ma že nafilanega....zdej ga bo mel pa še bolj....</comment-text-transliterated>
			</comment>
			<comment comment-id="19">
				<comment-parent-id/>
				<comment-text>Za Turka je bila pa že zadosti prevelika podkupnina v drugi krog ... So Murgle skor bankrotirale....</comment-text>
				<comment-text-transliterated>Za Turka je bila pa že zadosti prevelika podkupnina v drugi krog ... So Murgle skor bankrotirale....</comment-text-transliterated>
			</comment>
			<comment comment-id="20">
				<comment-parent-id/>
				<comment-text>Vam povem, da še naprej ne bodo vedl kdo smo Slovenci....pa tut, če zmaga še Melania Trump ...</comment-text>
				<comment-text-transliterated>Vam povem, da še naprej ne bodo vedl kdo smo Slovenci....pa tut, če zmaga še Melania Trump ...</comment-text-transliterated>
			</comment>
			<comment comment-id="21">
				<comment-parent-id/>
				<comment-text>Fuj srbci fuj, njih ne rabimo. Slovenci lahko sami to speljemo.</comment-text>
				<comment-text-transliterated>Fuj srbci fuj, njih ne rabimo. Slovenci lahko sami to speljemo.</comment-text-transliterated>
			</comment>
			<comment comment-id="21-1">
				<comment-parent-id>21</comment-parent-id>
				<comment-text>A vas ni sram, da vas poznam ?????????</comment-text>
				<comment-text-transliterated>A vas ni sram, da vas poznam ?????????</comment-text-transliterated>
			</comment>
			<comment comment-id="21-2">
				<comment-parent-id>21</comment-parent-id>
				<comment-text>Od kje ga poznaš...?</comment-text>
				<comment-text-transliterated>Od kje ga poznaš...?</comment-text-transliterated>
			</comment>
			<comment comment-id="22">
				<comment-parent-id/>
				<comment-text>A odvetniška posla bo lahko še opravljal..? sam vprašam</comment-text>
				<comment-text-transliterated>A odvetniška posla bo lahko še opravljal..? sam vprašam</comment-text-transliterated>
			</comment>
			<comment comment-id="22-1">
				<comment-parent-id>22</comment-parent-id>
				<comment-text>če ne......pol so ga naši na Y...</comment-text>
				<comment-text-transliterated>če ne......pol so ga naši na Y...</comment-text-transliterated>
			</comment>
			<comment comment-id="22-2">
				<comment-parent-id>22</comment-parent-id>
				<comment-text>Rožle ti se en butelj je rekel Kekec</comment-text>
				<comment-text-transliterated>Rožle ti se en butelj je rekel Kekec</comment-text-transliterated>
			</comment>
			<comment comment-id="22-3">
				<comment-parent-id>22</comment-parent-id>
				<comment-text>Takole se pa ti že ne boš z mano pogovarju.....!</comment-text>
				<comment-text-transliterated>Takole se pa ti že ne boš z mano pogovarju.....!</comment-text-transliterated>
			</comment>
			<comment comment-id="22-4">
				<comment-parent-id>22</comment-parent-id>
				<comment-text>Rožle, kako se pa vi izražate, bolj hmhm</comment-text>
				<comment-text-transliterated>Rožle, kako se pa vi izražate, bolj hmhm</comment-text-transliterated>
			</comment>
			<comment comment-id="23">
				<comment-parent-id/>
				<comment-text>ta čeferin bo kralj sveta</comment-text>
				<comment-text-transliterated>ta čeferin bo kralj sveta</comment-text-transliterated>
			</comment>
			<comment comment-id="23-1">
				<comment-parent-id>23</comment-parent-id>
				<comment-text>Je ze ! 😜</comment-text>
				<comment-text-transliterated>Je ze ! 😜</comment-text-transliterated>
			</comment>
			<comment comment-id="24">
				<comment-parent-id/>
				<comment-text>Važno da s to izvolitvijo, s tem spoznanjem, da je nogomet nad vsemi športi, celo nad vso industrijo sveta, nekaj edinstvenega. Pomembno je da se to Kocijančičevo smučanje, ki ga vseskozi podpira potisne tudi pri nas v December in nič več.</comment-text>
				<comment-text-transliterated>Važno da s to izvolitvijo, s tem spoznanjem, da je nogomet nad vsemi športi, celo nad vso industrijo sveta, nekaj edinstvenega. Pomembno je da se to Kocijančičevo smučanje, ki ga vseskozi podpira potisne tudi pri nas v December in nič več.</comment-text-transliterated>
			</comment>
			<comment comment-id="24-1">
				<comment-parent-id>24</comment-parent-id>
				<comment-text>Nogomet je nad vsem.. za nogomet rabiš samo balon napihnjen z zrakom.. to kar ima večina nad vratom.. zato se lahko večina poistoveti s temi žogobrcarji.. ki nevede (zaradi zgoraj opisanega &amp;quot;balona&amp;quot;) služijo milijone in milijone zaradi nezavedne raje (zgoraj opisane zakaj).. dejsto je da je žogobrc najpopolarnejši šport na svetu.. za revne in zabite.. pametni pa od tega živijo za 10 generacij naprej.. medtem ko ljudje najo za kruh.. en lep navijaški žogobrcarski pozdrav..</comment-text>
				<comment-text-transliterated>Nogomet je nad vsem.. za nogomet rabiš samo balon napihnjen z zrakom.. to kar ima večina nad vratom.. zato se lahko večina poistoveti s temi žogobrcarji.. ki nevede (zaradi zgoraj opisanega &amp;quot;balona&amp;quot;) služijo milijone in milijone zaradi nezavedne raje (zgoraj opisane zakaj).. dejsto je da je žogobrc najpopolarnejši šport na svetu.. za revne in zabite.. pametni pa od tega živijo za 10 generacij naprej.. medtem ko ljudje najo za kruh.. en lep navijaški žogobrcarski pozdrav..</comment-text-transliterated>
			</comment>
			<comment comment-id="24-2">
				<comment-parent-id>24</comment-parent-id>
				<comment-text>Šele sedaj sem te dobil. Čim imenuješ nogomet, žogobrc, si vse povedal. Povedal si, da si eden redkih, celo v Evropi, ki ne priznava smučanja.Smučanja, ki je bilo dolga leta za Slovence pogubno. Nismo mogli napredovati zaradi komunističnih Kocijančičev, ki so ignorirali nogomet. Nogomet ki je največja institucija na svetu, pred vsemi gospodarskimi koncerni.</comment-text>
				<comment-text-transliterated>Šele sedaj sem te dobil. Čim imenuješ nogomet, žogobrc, si vse povedal. Povedal si, da si eden redkih, celo v Evropi, ki ne priznava smučanja.Smučanja, ki je bilo dolga leta za Slovence pogubno. Nismo mogli napredovati zaradi komunističnih Kocijančičev, ki so ignorirali nogomet. Nogomet ki je največja institucija na svetu, pred vsemi gospodarskimi koncerni.</comment-text-transliterated>
			</comment>
			<comment comment-id="25">
				<comment-parent-id/>
				<comment-text>Čeferin je vodil že od začetka transparentno, pregledno kampanjo, imel zagotovljeno podporo, na koncu je po mojem pretehtala mladost, je kar 20 let mlajši od van Praaga, dejstvo, da ima kot pravnik številne izkušnje pri reševanju sporov, dobra mednarodna poznanstva, zagnanost, željo po spremembah, brezmadežn pedigre, neokuzenost z delovanjem v Uefi in Fifi. me ne preseneča podpora. podprlo ga je torej 14 zvez več od potrebne večine za izvolitev, 28</comment-text>
				<comment-text-transliterated>Čeferin je vodil že od začetka transparentno, pregledno kampanjo, imel zagotovljeno podporo, na koncu je po mojem pretehtala mladost, je kar 20 let mlajši od van Praaga, dejstvo, da ima kot pravnik številne izkušnje pri reševanju sporov, dobra mednarodna poznanstva, zagnanost, željo po spremembah, brezmadežn pedigre, neokuzenost z delovanjem v Uefi in Fifi. me ne preseneča podpora. podprlo ga je torej 14 zvez več od potrebne večine za izvolitev, 28</comment-text-transliterated>
			</comment>
			<comment comment-id="25-1">
				<comment-parent-id>25</comment-parent-id>
				<comment-text>Pa daj zbudi se človek.</comment-text>
				<comment-text-transliterated>Pa daj zbudi se človek.</comment-text-transliterated>
			</comment>
			<comment comment-id="26">
				<comment-parent-id/>
				<comment-text>katere države so ga podprle? oziroma katere so podprle van praaga?</comment-text>
				<comment-text-transliterated>katere države so ga podprle? oziroma katere so podprle van praaga?</comment-text-transliterated>
			</comment>
			<comment comment-id="26-1">
				<comment-parent-id>26</comment-parent-id>
				<comment-text>Vse balkanske in vse bivše sovjetske. Socializem zmaguje.</comment-text>
				<comment-text-transliterated>Vse balkanske in vse bivše sovjetske. Socializem zmaguje.</comment-text-transliterated>
			</comment>
			<comment comment-id="26-2">
				<comment-parent-id>26</comment-parent-id>
				<comment-text>da bog da, da res...</comment-text>
				<comment-text-transliterated>da bog da, da res...</comment-text-transliterated>
			</comment>
			<comment comment-id="27">
				<comment-parent-id/>
				<comment-text>V vsakem primeru je balkanec primeren da zamenja Michela Platinija ki je s svojimi dejanji dokazal da spada v naš konec in milije po poštenju, etiki in morali. Nizozemski kandidat van Praag je enostavno preveč kredibilen da bi bil sprejet in potrjen. Aleksander pa je rastel med nami na balkanu in se je dobro izučil posla, dela in navad. Gotovo ga bodo tudi Albanci, Grki, Romuni, Bolgari hitro vzeli za svojega in poslovali bodo tako posebno, domače in veselo da se bodo Skandinavci samo čudili koga so podprli.</comment-text>
				<comment-text-transliterated>V vsakem primeru je balkanec primeren da zamenja Michela Platinija ki je s svojimi dejanji dokazal da spada v naš konec in milije po poštenju, etiki in morali. Nizozemski kandidat van Praag je enostavno preveč kredibilen da bi bil sprejet in potrjen. Aleksander pa je rastel med nami na balkanu in se je dobro izučil posla, dela in navad. Gotovo ga bodo tudi Albanci, Grki, Romuni, Bolgari hitro vzeli za svojega in poslovali bodo tako posebno, domače in veselo da se bodo Skandinavci samo čudili koga so podprli.</comment-text-transliterated>
			</comment>
			<comment comment-id="27-1">
				<comment-parent-id>27</comment-parent-id>
				<comment-text>Balkan je zakon, tukaj ljudje znajo živeti.</comment-text>
				<comment-text-transliterated>Balkan je zakon, tukaj ljudje znajo živeti.</comment-text-transliterated>
			</comment>
			<comment comment-id="27-2">
				<comment-parent-id>27</comment-parent-id>
				<comment-text>Aja nemci so pa ime za POŠTENJE... PS: Beckenbauerju so ugotovili 5,5 mio € PROVIZIJ!</comment-text>
				<comment-text-transliterated>Aja nemci so pa ime za POŠTENJE... PS: Beckenbauerju so ugotovili 5,5 mio € PROVIZIJ!</comment-text-transliterated>
			</comment>
			<comment comment-id="28">
				<comment-parent-id/>
				<comment-text>Evo ...že balkanska naveza,........Pa saj to ne moreš verjet,.......Zdaj pa še enega hrvata,..pa enega bosanca pa sedež uefe prestavit...v Sarajevo......na baščaršijo,...pa to.</comment-text>
				<comment-text-transliterated>Evo ...že balkanska naveza,........Pa saj to ne moreš verjet,.......Zdaj pa še enega hrvata,..pa enega bosanca pa sedež uefe prestavit...v Sarajevo......na baščaršijo,...pa to.</comment-text-transliterated>
			</comment>
			<comment comment-id="28-1">
				<comment-parent-id>28</comment-parent-id>
				<comment-text>platini je bil kao korupten ! Ceferin pa ? on bo pac po balkanskem sistemu naredil leva roka bo Srbin! desna bomo se videli! za financ ministra bi lahko vzel brezposelnega Mramorja je tudi sposoben deliti place , sploh pa je vedno v pripravnost!</comment-text>
				<comment-text-transliterated>platini je bil kao korupten ! Ceferin pa ? on bo pac po balkanskem sistemu naredil leva roka bo Srbin! desna bomo se videli! za financ ministra bi lahko vzel brezposelnega Mramorja je tudi sposoben deliti place , sploh pa je vedno v pripravnost!</comment-text-transliterated>
			</comment>
			<comment comment-id="28-2">
				<comment-parent-id>28</comment-parent-id>
				<comment-text>Vse je boljše kot ZDA.</comment-text>
				<comment-text-transliterated>Vse je boljše kot ZDA.</comment-text-transliterated>
			</comment>
			<comment comment-id="28-3">
				<comment-parent-id>28</comment-parent-id>
				<comment-text>Zakaj ne?</comment-text>
				<comment-text-transliterated>Zakaj ne?</comment-text-transliterated>
			</comment>
			<comment comment-id="29">
				<comment-parent-id/>
				<comment-text>jankovic, mandaric, ceferin, stankovic prava transparentna ekipa pa to</comment-text>
				<comment-text-transliterated>jankovic, mandaric, ceferin, stankovic prava transparentna ekipa pa to</comment-text-transliterated>
			</comment>
			<comment comment-id="29-1">
				<comment-parent-id>29</comment-parent-id>
				<comment-text>Sami poštenjaki,..po defaultu,..pa to.</comment-text>
				<comment-text-transliterated>Sami poštenjaki,..po defaultu,..pa to.</comment-text-transliterated>
			</comment>
			<comment comment-id="29-2">
				<comment-parent-id>29</comment-parent-id>
				<comment-text>...pa unga z bananami še naj pokličejo,.......derbi ...pa to.</comment-text>
				<comment-text-transliterated>...pa unga z bananami še naj pokličejo,.......derbi ...pa to.</comment-text-transliterated>
			</comment>
			<comment comment-id="29-3">
				<comment-parent-id>29</comment-parent-id>
				<comment-text>a ti še kar vztrajaš s temi neumnimi pripombami...leta in leta</comment-text>
				<comment-text-transliterated>a ti še kar vztrajaš s temi neumnimi pripombami...leta in leta</comment-text-transliterated>
			</comment>
			<comment comment-id="29-4">
				<comment-parent-id>29</comment-parent-id>
				<comment-text>Kocijančiča pa pozabil ??????????</comment-text>
				<comment-text-transliterated>Kocijančiča pa pozabil ??????????</comment-text-transliterated>
			</comment>
			<comment comment-id="29-5">
				<comment-parent-id>29</comment-parent-id>
				<comment-text>Seveda pa si pozabil Zdrahovića. Aja...</comment-text>
				<comment-text-transliterated>Seveda pa si pozabil Zdrahovića. Aja...</comment-text-transliterated>
			</comment>
			<comment comment-id="30">
				<comment-parent-id/>
				<comment-text>Srbjanec stankoviĆ marš</comment-text>
				<comment-text-transliterated>Srbjanec stankoviĆ marš</comment-text-transliterated>
			</comment>
			<comment comment-id="30-1">
				<comment-parent-id>30</comment-parent-id>
				<comment-text>Poišči ogledalo...</comment-text>
				<comment-text-transliterated>Poišči ogledalo...</comment-text-transliterated>
			</comment>
			<comment comment-id="30-2">
				<comment-parent-id>30</comment-parent-id>
				<comment-text>Zdaj pa še Turka na ZN,pa bo standard slovencem občutno zrastel,nje...</comment-text>
				<comment-text-transliterated>Zdaj pa še Turka na ZN,pa bo standard slovencem občutno zrastel,nje...</comment-text-transliterated>
			</comment>
			<comment comment-id="30-3">
				<comment-parent-id>30</comment-parent-id>
				<comment-text>Zdaj si pameten @poštenjevelja, pa pejt na ulico tole se dret, aja nimaš jajc. V redu.</comment-text>
				<comment-text-transliterated>Zdaj si pameten @poštenjevelja, pa pejt na ulico tole se dret, aja nimaš jajc. V redu.</comment-text-transliterated>
			</comment>
			<comment comment-id="31">
				<comment-parent-id/>
				<comment-text>Bravo, pravi ljudje na pravih mestih!! Čeferin je športnik po duši, nepopustljiv in velik garač. Lahko se nadejamo, da se bo končno uresničila regionalna liga, ki bo nogomet na prostorih bivše Jugoslavije dvignila in mu dala renome, kot ga je že imel. Čeferin, zdaj pa v gard in brez popuščanja v boju proti skorumpirancem!!</comment-text>
				<comment-text-transliterated>Bravo, pravi ljudje na pravih mestih!! Čeferin je športnik po duši, nepopustljiv in velik garač. Lahko se nadejamo, da se bo končno uresničila regionalna liga, ki bo nogomet na prostorih bivše Jugoslavije dvignila in mu dala renome, kot ga je že imel. Čeferin, zdaj pa v gard in brez popuščanja v boju proti skorumpirancem!!</comment-text-transliterated>
			</comment>
		</comments-list>
	</comments>
</document>
