<document global-id="si-06-108"><url>https://www.24ur.com/popin/glasba/prekmurscina-in-hrvascina-sta-bolj-spevni-od-knjizne-slovenscine.html</url><source-id>si-06</source-id><local-id>si-06-108</local-id><source-name>ur24</source-name><article><article-title>'Prekmurščina in hrvaščina sta bolj spevni od knjižne slovenščine'</article-title><article-title-transliterated>'Prekmurščina in hrvaščina sta bolj spevni od knjižne slovenščine'</article-title-transliterated><article_time>2019-06-06</article_time><article-author>K.D.</article-author><article-text>BQL, Nika Zorjan in Isaac Palma so posneli hrvaško različico priljubljenega poletnega hita Vroče, in sicer v sodelovanju z vsemi glasbenimi prijatelji, ki delujejo pod okriljem Raaya in Marjetke Vovk. O osvajanju trga južnih sosedov smo govorili z BQL in Niko.
Nika, BQL in Isaac Palma Slovenije ne zapuščajo, da bi začeli kariero na hrvaškem ali celo katerem drugem trgu ... Vsaj za zdaj še ne. So pa prijatelji posneli hrvaško različico hita Vroče, ki ga je lansko leto Raay lansiral z najuspešnejšimi izvajalci šova Slovenija ima talent. 
Za prikaz vsebine je potrebno omogočite piškotke družbenih omrežij.
OMOGOČI PIŠKOTKE
Brata Piletič, Nika in Isaac se s pesmijo podajajo na največji pop festival na Hrvaškem CMC Festival, na katerem bodo zapeli pesem Vruće, za katero Zorjanova pravi, da je 'poletni hit, ki paše na vsako plažo'.
Nika meni, da je uspeh zagotovo zagotovljen, če bo pesem na Hrvaškem priljubljena vsaj pol toliko, kot je v Sloveniji: "Pesmi, ki so uspele pri nas, si želimo predstaviti tudi na hrvaškem tržišču. Verjamem, da glasba nima meja. Pesem gre hitro v uho in hrvaški tekst nas popelje v res poletno atmosfero."
Tako bratoma Piletič kot Niki je, odkar sodelujejo s portalom Joomboos, naraslo število sledilcev na družbenih omrežjih. A vsi se strinjajo, da to niti ni tako pomembno, da je najbolj pomemben njihov odziv na pesem, da jo bodo 'posvojili' in z veseljem zapeli. "Predvsem sva vesela, da lahko pesmi, ki jih pozna Slovenija, razumejo tudi zunaj naših meja," sta povedala Anej in Rok.
Prijatelji posneli hrvaško različico poletnega hita Vroče.FOTO: Arhiv izvajalca
'Prekmurščina in hrvaščina sta zelo spevni'
Nika je zadnjih nekaj pesmih zapela kar v domači prekmurščini in tako najtežji slovenski dialekt približala širši Sloveniji. Prekmurje, ki leži tik ob hrvaški meji, je, kot je povedala tudi pevka, pod velikim vplivom hrvaškega jezika, zato s hrvaščino ni imela težav. "Prekmurci imamo v našem narečju veliko hrvaških besed, tudi prijateljica iz Hrvaške mi je rekla, da me bolj razume, če z njo govorim prekmursko kot pa knjižno slovensko. Pa še po mojem mnenju sta prekmurščina in hrvaščina veliko bolj spevna jezika kot knjižna slovenščina," je povedala nasmejana 26-letnica.
Isaac Palma v dveh hrvaških pesmih
Isaac pa ne samo, da je sodeloval pri snemanju pesmi Vruće, pred kratkim je sodeloval tudi s priljubljeno hrvaško skupino Vigor. Sicer z njimi v pesmi Šatori ni zapel v hrvaščini, je pa vesel, da spoznava nove ljudi, nove trge. "Hrvaško ne razumem preveč," je za 24ur.com povedal Argentinec in dodal, da se mu še vedno zdi, da je španščina, njegov materni jezik, najbolj speven.
Na vprašanje, katera pesem skupine Vigor mu je najbolj všeč, je z nasmeškom na obrazu odgovoril: "Šatori, seveda!"</article-text><article-text-transliterated>BQL, Nika Zorjan in Isaac Palma so posneli hrvaško različico priljubljenega poletnega hita Vroče, in sicer v sodelovanju z vsemi glasbenimi prijatelji, ki delujejo pod okriljem Raaya in Marjetke Vovk. O osvajanju trga južnih sosedov smo govorili z BQL in Niko.
Nika, BQL in Isaac Palma Slovenije ne zapuščajo, da bi začeli kariero na hrvaškem ali celo katerem drugem trgu ... Vsaj za zdaj še ne. So pa prijatelji posneli hrvaško različico hita Vroče, ki ga je lansko leto Raay lansiral z najuspešnejšimi izvajalci šova Slovenija ima talent. 
Za prikaz vsebine je potrebno omogočite piškotke družbenih omrežij.
OMOGOČI PIŠKOTKE
Brata Piletič, Nika in Isaac se s pesmijo podajajo na največji pop festival na Hrvaškem CMC Festival, na katerem bodo zapeli pesem Vruće, za katero Zorjanova pravi, da je 'poletni hit, ki paše na vsako plažo'.
Nika meni, da je uspeh zagotovo zagotovljen, če bo pesem na Hrvaškem priljubljena vsaj pol toliko, kot je v Sloveniji: "Pesmi, ki so uspele pri nas, si želimo predstaviti tudi na hrvaškem tržišču. Verjamem, da glasba nima meja. Pesem gre hitro v uho in hrvaški tekst nas popelje v res poletno atmosfero."
Tako bratoma Piletič kot Niki je, odkar sodelujejo s portalom Joomboos, naraslo število sledilcev na družbenih omrežjih. A vsi se strinjajo, da to niti ni tako pomembno, da je najbolj pomemben njihov odziv na pesem, da jo bodo 'posvojili' in z veseljem zapeli. "Predvsem sva vesela, da lahko pesmi, ki jih pozna Slovenija, razumejo tudi zunaj naših meja," sta povedala Anej in Rok.
Prijatelji posneli hrvaško različico poletnega hita Vroče.FOTO: Arhiv izvajalca
'Prekmurščina in hrvaščina sta zelo spevni'
Nika je zadnjih nekaj pesmih zapela kar v domači prekmurščini in tako najtežji slovenski dialekt približala širši Sloveniji. Prekmurje, ki leži tik ob hrvaški meji, je, kot je povedala tudi pevka, pod velikim vplivom hrvaškega jezika, zato s hrvaščino ni imela težav. "Prekmurci imamo v našem narečju veliko hrvaških besed, tudi prijateljica iz Hrvaške mi je rekla, da me bolj razume, če z njo govorim prekmursko kot pa knjižno slovensko. Pa še po mojem mnenju sta prekmurščina in hrvaščina veliko bolj spevna jezika kot knjižna slovenščina," je povedala nasmejana 26-letnica.
Isaac Palma v dveh hrvaških pesmih
Isaac pa ne samo, da je sodeloval pri snemanju pesmi Vruće, pred kratkim je sodeloval tudi s priljubljeno hrvaško skupino Vigor. Sicer z njimi v pesmi Šatori ni zapel v hrvaščini, je pa vesel, da spoznava nove ljudi, nove trge. "Hrvaško ne razumem preveč," je za 24ur.com povedal Argentinec in dodal, da se mu še vedno zdi, da je španščina, njegov materni jezik, najbolj speven.
Na vprašanje, katera pesem skupine Vigor mu je najbolj všeč, je z nasmeškom na obrazu odgovoril: "Šatori, seveda!"</article-text-transliterated></article><comments><comments-count>44</comments-count><comments-list><comment comment-id="1"><comment-parent-id /><comment-text>Nekoč zelo dobra pevka..ko je pa začela po prekmursk v vsaki pesmi me je pa minil..da ne govorim k se je združla z latino loverjem tuki je pa zbila dno...uglavnm so bli časi k se te je dal poslušat in te časi so minil..lp</comment-text><comment-text-transliterated>Nekoč zelo dobra pevka..ko je pa začela po prekmursk v vsaki pesmi me je pa minil..da ne govorim k se je združla z latino loverjem tuki je pa zbila dno...uglavnm so bli časi k se te je dal poslušat in te časi so minil..lp</comment-text-transliterated></comment><comment comment-id="2"><comment-parent-id /><comment-text>A ni pesem narjena za BQL, Issaca in Niko Zorjan... promovira se pa samo Niko? Zakaj? Kaj je na njej tako posebnega? Issaca Raay in njegov team kr odreže, sam da se skos promovira Niko.</comment-text><comment-text-transliterated>A ni pesem narjena za BQL, Issaca in Niko Zorjan... promovira se pa samo Niko? Zakaj? Kaj je na njej tako posebnega? Issaca Raay in njegov team kr odreže, sam da se skos promovira Niko.</comment-text-transliterated></comment><comment comment-id="3"><comment-parent-id /><comment-text>Danes vsak, ki ima samo 5 minut časa je lahko pevec/ka. Samo eno raskazuvaje, skakaje in ponavljanje nekih old hitov. Dela se muzika, ki se leto suče po radijskih postajah na to pa se že težko spomniš izvajalca. To pa niso pravi strokovnjaki za petje pač pa iz danes nekaj na največ morda še kak mesec.</comment-text><comment-text-transliterated>Danes vsak, ki ima samo 5 minut časa je lahko pevec/ka. Samo eno raskazuvaje, skakaje in ponavljanje nekih old hitov. Dela se muzika, ki se leto suče po radijskih postajah na to pa se že težko spomniš izvajalca. To pa niso pravi strokovnjaki za petje pač pa iz danes nekaj na največ morda še kak mesec.</comment-text-transliterated></comment><comment comment-id="4"><comment-parent-id /><comment-text>Ljudje, brez panike, to je samo komad za festival CM-tv, kjer pa je pogoj, da je pesem v hrvascini, vsaj vecji del..... Pesem itak ze poznam od prej, ta videospot pa prav oring zaziga..... Bravo Nika Zorjan in ekipa</comment-text><comment-text-transliterated>Ljudje, brez panike, to je samo komad za festival CM-tv, kjer pa je pogoj, da je pesem v hrvascini, vsaj vecji del..... Pesem itak ze poznam od prej, ta videospot pa prav oring zaziga..... Bravo Nika Zorjan in ekipa</comment-text-transliterated></comment><comment comment-id="5"><comment-parent-id /><comment-text>Skoda mi je samo, ker Niki vokal ne pride do izraza. V oddaji znan obraz ima svoj glas je pokazala kako vrhunski vokal ima, v teh pesmih pa izpade cist drugace</comment-text><comment-text-transliterated>Skoda mi je samo, ker Niki vokal ne pride do izraza. V oddaji znan obraz ima svoj glas je pokazala kako vrhunski vokal ima, v teh pesmih pa izpade cist drugace</comment-text-transliterated></comment><comment comment-id="6"><comment-parent-id /><comment-text>Roko na srce je tole totalna katastrofa, pa je škoda saj zna Nika v angleščini zelo lepo zapeti.</comment-text><comment-text-transliterated>Roko na srce je tole totalna katastrofa, pa je škoda saj zna Nika v angleščini zelo lepo zapeti.</comment-text-transliterated></comment><comment comment-id="7"><comment-parent-id /><comment-text>Men slovenska glasba nasploh ni vsec (vsaj ta novejsa ne). To dejansko napisejo eno al pa dve kitice in to se potem ponavlja skozi celo pesem. In to je vrhunec slovenske glasbe. Starejsa glasba je veliko bolj poslusljiva in se mogoce samo refren parkrat ponovi. Drugace nisem za hrvate, ampak glasbo imajo pa veliko boljso kot je slovenska.</comment-text><comment-text-transliterated>Men slovenska glasba nasploh ni vsec (vsaj ta novejsa ne). To dejansko napisejo eno al pa dve kitice in to se potem ponavlja skozi celo pesem. In to je vrhunec slovenske glasbe. Starejsa glasba je veliko bolj poslusljiva in se mogoce samo refren parkrat ponovi. Drugace nisem za hrvate, ampak glasbo imajo pa veliko boljso kot je slovenska.</comment-text-transliterated></comment><comment comment-id="7-1"><comment-parent-id>7</comment-parent-id><comment-text>Glavno da pevka pokaze rit in dekolte. Ce nima posluha se racunalnisko popravi, na veselicah pa se vklopi playback.</comment-text><comment-text-transliterated>Glavno da pevka pokaze rit in dekolte. Ce nima posluha se racunalnisko popravi, na veselicah pa se vklopi playback.</comment-text-transliterated></comment><comment comment-id="8"><comment-parent-id /><comment-text>Nika Zorjan pa bi se pocasi lahko oblacila malo bolj damsko, ne pa kot 15 letna barbika.</comment-text><comment-text-transliterated>Nika Zorjan pa bi se pocasi lahko oblacila malo bolj damsko, ne pa kot 15 letna barbika.</comment-text-transliterated></comment><comment comment-id="9"><comment-parent-id /><comment-text>Kda so retasi spejvali v prekmurscini si jih bar razmo. To Zorjanovo pa ne razmis o cem spejvle.</comment-text><comment-text-transliterated>Kda so retasi spejvali v prekmurscini si jih bar razmo. To Zorjanovo pa ne razmis o cem spejvle.</comment-text-transliterated></comment><comment comment-id="10"><comment-parent-id /><comment-text>Bolano in še enkrat bolano. Zorjanca dela iz sebe nekaj posebnega, na koncu je pa zgolj vaška posebnica. In to še zaplankana zapovrh. A zdaj bo nekaj % samovšečnežev narekovalo v katerem jeziku bomo govorili in peli? Kakšna sveta preproščina. Odrastite že in počasi spoznajte, da je knjižni jezik zato, da se ves narod razume med seboj. Doma pa naj vsak prežvekuje v čemerkoli hoče, znaaaaš.</comment-text><comment-text-transliterated>Bolano in še enkrat bolano. Zorjanca dela iz sebe nekaj posebnega, na koncu je pa zgolj vaška posebnica. In to še zaplankana zapovrh. A zdaj bo nekaj % samovšečnežev narekovalo v katerem jeziku bomo govorili in peli? Kakšna sveta preproščina. Odrastite že in počasi spoznajte, da je knjižni jezik zato, da se ves narod razume med seboj. Doma pa naj vsak prežvekuje v čemerkoli hoče, znaaaaš.</comment-text-transliterated></comment><comment comment-id="10-1"><comment-parent-id>10</comment-parent-id><comment-text>Se strinjam ampak knjizni jezik v pesmi izpade cisto drugace. Kar malce smesno</comment-text><comment-text-transliterated>Se strinjam ampak knjizni jezik v pesmi izpade cisto drugace. Kar malce smesno</comment-text-transliterated></comment><comment comment-id="11"><comment-parent-id /><comment-text>Je bolj spevna malo morgen, praktično ni razlike.</comment-text><comment-text-transliterated>Je bolj spevna malo morgen, praktično ni razlike.</comment-text-transliterated></comment><comment comment-id="12"><comment-parent-id /><comment-text>pa kdo bo to poslušal v stilu balkan turbo folk in seveda na pol nagi v videospotu,da se čim bolj gleda...skratka nič novega niso naredili,če mislijo,da so.</comment-text><comment-text-transliterated>pa kdo bo to poslušal v stilu balkan turbo folk in seveda na pol nagi v videospotu,da se čim bolj gleda...skratka nič novega niso naredili,če mislijo,da so.</comment-text-transliterated></comment><comment comment-id="13"><comment-parent-id /><comment-text>N'Č POSEBNEGA... tista ritka v črnem seka v'n, druga pa...</comment-text><comment-text-transliterated>N'Č POSEBNEGA... tista ritka v črnem seka v'n, druga pa...</comment-text-transliterated></comment><comment comment-id="13-1"><comment-parent-id>13</comment-parent-id><comment-text>Zatipkal sm se. Hotel sem napisati "drugo pa..."</comment-text><comment-text-transliterated>Zatipkal sm se. Hotel sem napisati "drugo pa..."</comment-text-transliterated></comment><comment comment-id="14"><comment-parent-id /><comment-text>Isti dr..ek k pa luka basi,korošc k poje hrvaško.</comment-text><comment-text-transliterated>Isti dr..ek k pa luka basi,korošc k poje hrvaško.</comment-text-transliterated></comment><comment comment-id="14-1"><comment-parent-id>14</comment-parent-id><comment-text>Kaj pa je narobe ce poje hrvaskp? Hrvaske pesmi so odlicne</comment-text><comment-text-transliterated>Kaj pa je narobe ce poje hrvaskp? Hrvaske pesmi so odlicne</comment-text-transliterated></comment><comment comment-id="15"><comment-parent-id /><comment-text>Slabo,žalostno,sramota,bedarija,zapravljanje časa...
Isti dr&amp;ek k pa luka basi,korošc k poje po hrvaško,to je sam pr nam možno.</comment-text><comment-text-transliterated>Slabo,žalostno,sramota,bedarija,zapravljanje časa...
Isti dr&amp;ek k pa luka basi,korošc k poje po hrvaško,to je sam pr nam možno.</comment-text-transliterated></comment><comment comment-id="16"><comment-parent-id /><comment-text>Najvecja ironija je,da jih na Hrvaskem tudi povohali ne bodo...sploh s taksnimi komadi.</comment-text><comment-text-transliterated>Najvecja ironija je,da jih na Hrvaskem tudi povohali ne bodo...sploh s taksnimi komadi.</comment-text-transliterated></comment><comment comment-id="17"><comment-parent-id /><comment-text>kaj pa Buldožer slovenski bend ki je pel v srbohrvaščini, pa Vlado Kreslin v prekmurščini, Zoran Predin v francoščini in Sidharta v ljubljanščini??</comment-text><comment-text-transliterated>kaj pa Buldožer slovenski bend ki je pel v srbohrvaščini, pa Vlado Kreslin v prekmurščini, Zoran Predin v francoščini in Sidharta v ljubljanščini??</comment-text-transliterated></comment><comment comment-id="18"><comment-parent-id /><comment-text>slabo, sliši se slovenski naglas in zato odbija, žanr je pa itak podn</comment-text><comment-text-transliterated>slabo, sliši se slovenski naglas in zato odbija, žanr je pa itak podn</comment-text-transliterated></comment><comment comment-id="19"><comment-parent-id /><comment-text>Kero bedno besedilo. Slovenska verzija je 100000000...x boljš!</comment-text><comment-text-transliterated>Kero bedno besedilo. Slovenska verzija je 100000000...x boljš!</comment-text-transliterated></comment><comment comment-id="20"><comment-parent-id /><comment-text>Ne poznam jih, ker danes poje vsak, ki ima 5 minut časa. Ampak: SRAM VAS JE LAHKO!!!! Slovenija ima kar nekaj pevcev, ki pojejo v našem jeziku. Kaj je s tem narobe??</comment-text><comment-text-transliterated>Ne poznam jih, ker danes poje vsak, ki ima 5 minut časa. Ampak: SRAM VAS JE LAHKO!!!! Slovenija ima kar nekaj pevcev, ki pojejo v našem jeziku. Kaj je s tem narobe??</comment-text-transliterated></comment><comment comment-id="21"><comment-parent-id /><comment-text>Promovirajo se pa pri nas?:D</comment-text><comment-text-transliterated>Promovirajo se pa pri nas?:D</comment-text-transliterated></comment><comment comment-id="22"><comment-parent-id /><comment-text>Slo-španske popevke = spackaj en generičen latino ritem, dodaj malo cviljenja v slovenščini, vmes pripombe v 3-4 verzih v španščini, pa na koncu refren z cviljenjem in pripombami v slovenščini in španščini naenkrat vsepoprek. In imaš današnji "moderen" komad. Ker pa več ne vemo, kako bi zmolzli tole, pa po enem letu naredimo še v hrvaščini. Da ne omenim, kako slabo mi rata, ko slišim "NA BLAZINI NI MEHKOOOOOOOOOOO". Ugasnem radio in na glas nov album Rammsteinov. Me prav pomiri. xD</comment-text><comment-text-transliterated>Slo-španske popevke = spackaj en generičen latino ritem, dodaj malo cviljenja v slovenščini, vmes pripombe v 3-4 verzih v španščini, pa na koncu refren z cviljenjem in pripombami v slovenščini in španščini naenkrat vsepoprek. In imaš današnji "moderen" komad. Ker pa več ne vemo, kako bi zmolzli tole, pa po enem letu naredimo še v hrvaščini. Da ne omenim, kako slabo mi rata, ko slišim "NA BLAZINI NI MEHKOOOOOOOOOOO". Ugasnem radio in na glas nov album Rammsteinov. Me prav pomiri. xD</comment-text-transliterated></comment><comment comment-id="22-1"><comment-parent-id>22</comment-parent-id><comment-text>Latino ritem je super, kaj je narobe z njim?</comment-text><comment-text-transliterated>Latino ritem je super, kaj je narobe z njim?</comment-text-transliterated></comment><comment comment-id="22-2"><comment-parent-id>22</comment-parent-id><comment-text>Zato, ker smo Slovenci ne smemo peti v tujem jeziku?</comment-text><comment-text-transliterated>Zato, ker smo Slovenci ne smemo peti v tujem jeziku?</comment-text-transliterated></comment><comment comment-id="23"><comment-parent-id /><comment-text>En kup spet primitivnih komentarjev, vam je vse kr neki, to je neumno, ta je blesav, vse vam gre na živce. Ne vem kako lahko ljudje okoli vas sploh še prenašajo vaše jamranje. Daj zadihajte malo, nasmehnite se, ne pa samo kritizirat. Oni se pač ukvarjajo s glasbo, ker jim je to v veselje, v tem so uspešni, vi ste pa itak sam fouš, ker so nekaj naredili iz svojega življenja. V tujini so pa itak bolj cenjeni kot pri nas. Ker tukaj za vas obstajajo samo razni ansambli, vse drugo je pa brezveze po vaše. Če vi poslušate razne čebelice in podobno, še ne pomeni da druge zvrsti pa niso glasba. Bravo mladina, vsaj nekdo ve kaj je moderno in poslušljivo! Bratoma BQL pa priporočam, da gresta v tujino, ker bosta tam bolj cenjena, tudi razni komentarji tujcev to potrjujejo;)</comment-text><comment-text-transliterated>En kup spet primitivnih komentarjev, vam je vse kr neki, to je neumno, ta je blesav, vse vam gre na živce. Ne vem kako lahko ljudje okoli vas sploh še prenašajo vaše jamranje. Daj zadihajte malo, nasmehnite se, ne pa samo kritizirat. Oni se pač ukvarjajo s glasbo, ker jim je to v veselje, v tem so uspešni, vi ste pa itak sam fouš, ker so nekaj naredili iz svojega življenja. V tujini so pa itak bolj cenjeni kot pri nas. Ker tukaj za vas obstajajo samo razni ansambli, vse drugo je pa brezveze po vaše. Če vi poslušate razne čebelice in podobno, še ne pomeni da druge zvrsti pa niso glasba. Bravo mladina, vsaj nekdo ve kaj je moderno in poslušljivo! Bratoma BQL pa priporočam, da gresta v tujino, ker bosta tam bolj cenjena, tudi razni komentarji tujcev to potrjujejo;)</comment-text-transliterated></comment><comment comment-id="24"><comment-parent-id /><comment-text>Prodane duša</comment-text><comment-text-transliterated>Prodane duša</comment-text-transliterated></comment><comment comment-id="25"><comment-parent-id /><comment-text>Malo naj pogledajo po starejših pevcih in besedilih, pabodo videli, da je slovenščina tudi spevna. Če pa imaš samo lalala in lalali pa res ne moreš vstavit kaj pametnega od besedila.</comment-text><comment-text-transliterated>Malo naj pogledajo po starejših pevcih in besedilih, pabodo videli, da je slovenščina tudi spevna. Če pa imaš samo lalala in lalali pa res ne moreš vstavit kaj pametnega od besedila.</comment-text-transliterated></comment><comment comment-id="26"><comment-parent-id /><comment-text>Super komad, moderno! Svet svoji na mladih, nekateri bi pa še kar živeli v času Avsenikov in podobnih.</comment-text><comment-text-transliterated>Super komad, moderno! Svet svoji na mladih, nekateri bi pa še kar živeli v času Avsenikov in podobnih.</comment-text-transliterated></comment><comment comment-id="27"><comment-parent-id /><comment-text>Jo katera polomija. Edina svetla tocka je okol tretje minute, kamelji prst gospe u roza.</comment-text><comment-text-transliterated>Jo katera polomija. Edina svetla tocka je okol tretje minute, kamelji prst gospe u roza.</comment-text-transliterated></comment><comment comment-id="27-1"><comment-parent-id>27</comment-parent-id><comment-text>Zdaj bom preveril, če res.</comment-text><comment-text-transliterated>Zdaj bom preveril, če res.</comment-text-transliterated></comment><comment comment-id="28"><comment-parent-id /><comment-text>če ne bi imele in kazale riti in jošk vas ne bi nihče pogledal, posluša vas pa tako in tako nihče</comment-text><comment-text-transliterated>če ne bi imele in kazale riti in jošk vas ne bi nihče pogledal, posluša vas pa tako in tako nihče</comment-text-transliterated></comment><comment comment-id="28-1"><comment-parent-id>28</comment-parent-id><comment-text>Če ti ne poslušaš, še ne pomeni da tudi nihče drug ne</comment-text><comment-text-transliterated>Če ti ne poslušaš, še ne pomeni da tudi nihče drug ne</comment-text-transliterated></comment><comment comment-id="29"><comment-parent-id /><comment-text>no, č smo pušten, gurenšna res ni glih speuna, ejga</comment-text><comment-text-transliterated>no, č smo pušten, gurenšna res ni glih speuna, ejga</comment-text-transliterated></comment><comment comment-id="30"><comment-parent-id /><comment-text>Slovenski jezik je obupen. Dejstvo.</comment-text><comment-text-transliterated>Slovenski jezik je obupen. Dejstvo.</comment-text-transliterated></comment><comment comment-id="30-1"><comment-parent-id>30</comment-parent-id><comment-text>Odseli se nihče ti ne brani. To je dejstvo, da ne spada k nam</comment-text><comment-text-transliterated>Odseli se nihče ti ne brani. To je dejstvo, da ne spada k nam</comment-text-transliterated></comment><comment comment-id="31"><comment-parent-id /><comment-text>Kaj jo samo pljuvate, naredite vi kaj iz sebe...najlažje je pisati v komentarjih, doma ležati na kavču in se pritoževati nad politiko in slabo plačo...Niki pa vsa čast.</comment-text><comment-text-transliterated>Kaj jo samo pljuvate, naredite vi kaj iz sebe...najlažje je pisati v komentarjih, doma ležati na kavču in se pritoževati nad politiko in slabo plačo...Niki pa vsa čast.</comment-text-transliterated></comment><comment comment-id="32"><comment-parent-id /><comment-text>Sramotno razmišljanje gospodične Zorjan.
 Če v slovenskem jeziku ne znaš ustvarjat, je to tvoj problem. Petje patetičnih izrazov v hrvaščini ali dialektu je samo način kako skriješ svoj netalent.</comment-text><comment-text-transliterated>Sramotno razmišljanje gospodične Zorjan.
 Če v slovenskem jeziku ne znaš ustvarjat, je to tvoj problem. Petje patetičnih izrazov v hrvaščini ali dialektu je samo način kako skriješ svoj netalent.</comment-text-transliterated></comment><comment comment-id="33"><comment-parent-id /><comment-text>Rinejo na balkan, ker v razvitih zahodnih državah jih nihče niti ne povoha....</comment-text><comment-text-transliterated>Rinejo na balkan, ker v razvitih zahodnih državah jih nihče niti ne povoha....</comment-text-transliterated></comment><comment comment-id="34"><comment-parent-id /><comment-text>Čez nizek prag lahko stopi vsak ...</comment-text><comment-text-transliterated>Čez nizek prag lahko stopi vsak ...</comment-text-transliterated></comment><comment comment-id="35"><comment-parent-id /><comment-text>Kakšno nakladanje, v njihovih opranih možganih je sploh angleščina najbolj spevna.</comment-text><comment-text-transliterated>Kakšno nakladanje, v njihovih opranih možganih je sploh angleščina najbolj spevna.</comment-text-transliterated></comment></comments-list></comments></document>