<?xml version="1.0" encoding="utf-8"?>
<document global-id="si-06-1358">
	<url>https://www.24ur.com/tv-oddaje/znan-obraz-ima-svoj-glas/na-zirantski-stolcen-prihaja-tomaz-mihelic.html</url>
	<source-id>si-06</source-id>
	<local-id>1358</local-id>
	<source-name>ur24</source-name>
	<article>
		<article-title>Na žirantski stolček prihaja Tomaž Mihelič</article-title>
		<article-title-transliterated>Na žirantski stolček prihaja Tomaž Mihelič</article-title-transliterated>
		<article-time>2019-11-30</article-time>
		<article-author>J. St.</article-author>
		<article-text>V deseti oddaji šova Znan obraz ima svoj glas se bo žirantski mafiji na četrtem stolčku pridružil Tomaž Mihelič, znan tudi kot Marlenna iz glasbenega tria Sestre. Vedno brez dlake na jeziku in pripravljen na zabavo, nam je Tomaž zaupal tudi, zakaj je šov preobrazb njegov najljubši šov pri nas. V najbolj zabavno oddajo te jeseni tokrat prihaja Tomaž Mihelič a.k.a Marlenna, član tria Sestre, ki nas je leta 2002 zastopal na Evroviziji. Tomaž, ki je še vedno glasbeno aktiven, med drugim bo s Sestrami gost na tradicionalnem božičnem koncertu priljubljenega Magnifica, pravi, da že komaj čaka nedeljsko oddajo, saj je šov preobrazb njegov najljubši. &quot;Predvsem me navdušuje, ker je Znan obraz ima svoj glas edina oddaja na slovenskih televizijah, ki spodbuja kreativnost in ne tekmovalnost. Se mi zdi, da živimo v času, ko se ljudje preveč zgledujejo po drugih in tekmujejo med seboj, kdo bo boljši, kdo bo imel več všečkov, kdo bo imel boljši filter, itd. Ta oddaja te pa postavi nastopajoče v neke drugačne okoliščine in si primoran iti iz svoje cone udobja, kar je najboljša možna terapija za nastopajoče, ker vidiš, da le nisi tako ozkousmerjen, kot si morda mislil. Vsi nastopajoči skozi tedne odkrivajo svoje druge talente in vse svoje odtenke,&quot; je povedal Tomaž, ki je vesel tudi, da se v oddaji vsak moški nastopajoči vsaj enkrat v sezoni preobrazi v žensko. &quot;Vsi moški, ki so se morali preobraziti v žensko, so se na to dobro odzvali. To potrjuje mojo tezo, da imajo petke čudežno moč. Vsak moški, ne glede na priložnost kdaj se obleče v žensko, ali je to za pusta ali drugače, začne spoštljivo gledati na ženske in njihovo vlogo v življenju. Jaz pravim, da ta oddaja spreminja življenja nastopajočim in prav tako gledalcem, ker manj resno gledamo na življenje. To oddaja omogoči, da na dan privre njihova zabavna plat,&quot; je še dodal Mihelič, ki je sicer tudi diplomirani delovni terapevt. Tomaž Mihelič, vsem dobro znan kot član tria Sestre, bo v nedeljo četrti žirant šova preobrazb.FOTO: Jože Suhadolnik Tomaž Mihelič prizna, da že komaj čaka, da bo gost svoje najljubše oddaje, kot žirant pa bo, poudarja sam, tak kot je. &quot;Neposreden, iskren, spoštljiv, predvsem pa se pridem zabavat v oddajo. Sem mnenja, da nimaš kaj iskati v zabavni oddaji, če nisi sam zabaven,&quot; je priznal Tomaž, ki je na vprašanje, če bi sam imel možnost probrazbe, koga bi imitiral, kot iz topa izstrelil: &quot;Definitivno Josipo Lisac in Alyo, saj se mi zdi, da znam imitirati obe, kar je zelo težko. Pa verjetno bi dobro 'oddelal' tudi imitacijo Masima Savića.&quot; In kot redni gledalec šova Znan obraz ima svoj glas, se Tomaž vsem znanim nastopajočim samo klanja. &quot;Vse preobrazbe doslej so bile zelo zahtevne. Ene bolj, ene manj, ampak vse so zelo velik izziv in imitiranje res ni lahka naloga. In prav zato se veselim, da bom v nedeljo delal z žirijo in odličnim Denisom Avdićem, ki ga res obožujem,&quot; je še za konec povedal Tomaž.  Kako se bo Tomaž Mihelič, znan kot Marlenna, odrezal v kot četrti žirant, bo znano v nedeljo ob 20. uri na POP TV.</article-text>
		<article-text-transliterated>V deseti oddaji šova Znan obraz ima svoj glas se bo žirantski mafiji na četrtem stolčku pridružil Tomaž Mihelič, znan tudi kot Marlenna iz glasbenega tria Sestre. Vedno brez dlake na jeziku in pripravljen na zabavo, nam je Tomaž zaupal tudi, zakaj je šov preobrazb njegov najljubši šov pri nas. V najbolj zabavno oddajo te jeseni tokrat prihaja Tomaž Mihelič a.k.a Marlenna, član tria Sestre, ki nas je leta 2002 zastopal na Evroviziji. Tomaž, ki je še vedno glasbeno aktiven, med drugim bo s Sestrami gost na tradicionalnem božičnem koncertu priljubljenega Magnifica, pravi, da že komaj čaka nedeljsko oddajo, saj je šov preobrazb njegov najljubši. &quot;Predvsem me navdušuje, ker je Znan obraz ima svoj glas edina oddaja na slovenskih televizijah, ki spodbuja kreativnost in ne tekmovalnost. Se mi zdi, da živimo v času, ko se ljudje preveč zgledujejo po drugih in tekmujejo med seboj, kdo bo boljši, kdo bo imel več všečkov, kdo bo imel boljši filter, itd. Ta oddaja te pa postavi nastopajoče v neke drugačne okoliščine in si primoran iti iz svoje cone udobja, kar je najboljša možna terapija za nastopajoče, ker vidiš, da le nisi tako ozkousmerjen, kot si morda mislil. Vsi nastopajoči skozi tedne odkrivajo svoje druge talente in vse svoje odtenke,&quot; je povedal Tomaž, ki je vesel tudi, da se v oddaji vsak moški nastopajoči vsaj enkrat v sezoni preobrazi v žensko. &quot;Vsi moški, ki so se morali preobraziti v žensko, so se na to dobro odzvali. To potrjuje mojo tezo, da imajo petke čudežno moč. Vsak moški, ne glede na priložnost kdaj se obleče v žensko, ali je to za pusta ali drugače, začne spoštljivo gledati na ženske in njihovo vlogo v življenju. Jaz pravim, da ta oddaja spreminja življenja nastopajočim in prav tako gledalcem, ker manj resno gledamo na življenje. To oddaja omogoči, da na dan privre njihova zabavna plat,&quot; je še dodal Mihelič, ki je sicer tudi diplomirani delovni terapevt. Tomaž Mihelič, vsem dobro znan kot član tria Sestre, bo v nedeljo četrti žirant šova preobrazb.FOTO: Jože Suhadolnik Tomaž Mihelič prizna, da že komaj čaka, da bo gost svoje najljubše oddaje, kot žirant pa bo, poudarja sam, tak kot je. &quot;Neposreden, iskren, spoštljiv, predvsem pa se pridem zabavat v oddajo. Sem mnenja, da nimaš kaj iskati v zabavni oddaji, če nisi sam zabaven,&quot; je priznal Tomaž, ki je na vprašanje, če bi sam imel možnost probrazbe, koga bi imitiral, kot iz topa izstrelil: &quot;Definitivno Josipo Lisac in Alyo, saj se mi zdi, da znam imitirati obe, kar je zelo težko. Pa verjetno bi dobro 'oddelal' tudi imitacijo Masima Savića.&quot; In kot redni gledalec šova Znan obraz ima svoj glas, se Tomaž vsem znanim nastopajočim samo klanja. &quot;Vse preobrazbe doslej so bile zelo zahtevne. Ene bolj, ene manj, ampak vse so zelo velik izziv in imitiranje res ni lahka naloga. In prav zato se veselim, da bom v nedeljo delal z žirijo in odličnim Denisom Avdićem, ki ga res obožujem,&quot; je še za konec povedal Tomaž.  Kako se bo Tomaž Mihelič, znan kot Marlenna, odrezal v kot četrti žirant, bo znano v nedeljo ob 20. uri na POP TV.</article-text-transliterated>
	</article>
	<comments>
		<comments-count>14</comments-count>
		<comments-list>
			<comment comment-id="1">
				<comment-parent-id/>
				<comment-text>še en razlog več, da ne gledam oddaje!</comment-text>
				<comment-text-transliterated>še en razlog več, da ne gledam oddaje!</comment-text-transliterated>
			</comment>
			<comment comment-id="2">
				<comment-parent-id/>
				<comment-text>se kiklco prodala bom....jo je ze</comment-text>
				<comment-text-transliterated>se kiklco prodala bom....jo je ze</comment-text-transliterated>
			</comment>
			<comment comment-id="3">
				<comment-parent-id/>
				<comment-text>Dobro da se držijo reda moški - ženska - moški - ženska... Prejšnjič je bil Dejan Vunjak.</comment-text>
				<comment-text-transliterated>Dobro da se držijo reda moški - ženska - moški - ženska... Prejšnjič je bil Dejan Vunjak.</comment-text-transliterated>
			</comment>
			<comment comment-id="4">
				<comment-parent-id/>
				<comment-text>Po slovnicnih pravilih filofaksa: gospa Mihelic. Pa tudi sicer.</comment-text>
				<comment-text-transliterated>Po slovnicnih pravilih filofaksa: gospa Mihelic. Pa tudi sicer.</comment-text-transliterated>
			</comment>
			<comment comment-id="5">
				<comment-parent-id/>
				<comment-text>Še dobro,da imamo druge programe</comment-text>
				<comment-text-transliterated>Še dobro,da imamo druge programe</comment-text-transliterated>
			</comment>
			<comment comment-id="6">
				<comment-parent-id/>
				<comment-text>pa kje dobite vse te paciente a res nimamo nobenga normalnega</comment-text>
				<comment-text-transliterated>pa kje dobite vse te paciente a res nimamo nobenga normalnega</comment-text-transliterated>
			</comment>
			<comment comment-id="7">
				<comment-parent-id/>
				<comment-text>Jao, jao, jao,,,,</comment-text>
				<comment-text-transliterated>Jao, jao, jao,,,,</comment-text-transliterated>
			</comment>
			<comment comment-id="8">
				<comment-parent-id/>
				<comment-text>Zakaj se je pa nehal oblačit v žensko?</comment-text>
				<comment-text-transliterated>Zakaj se je pa nehal oblačit v žensko?</comment-text-transliterated>
			</comment>
			<comment comment-id="8-1">
				<comment-parent-id>8</comment-parent-id>
				<comment-text>Zmankal mu je kikel....</comment-text>
				<comment-text-transliterated>Zmankal mu je kikel....</comment-text-transliterated>
			</comment>
			<comment comment-id="9">
				<comment-parent-id/>
				<comment-text>Še eden, ki se že leta valja po sceni, pa noben ne ve zakaj. Nič od nič, razen lastne samopomebnosti.</comment-text>
				<comment-text-transliterated>Še eden, ki se že leta valja po sceni, pa noben ne ve zakaj. Nič od nič, razen lastne samopomebnosti.</comment-text-transliterated>
			</comment>
			<comment comment-id="10">
				<comment-parent-id/>
				<comment-text>mater sm srecn k ga bom spet vidu.......</comment-text>
				<comment-text-transliterated>mater sm srecn k ga bom spet vidu.......</comment-text-transliterated>
			</comment>
			<comment comment-id="11">
				<comment-parent-id/>
				<comment-text>...a ta je tud zvezda in to? hahagihihi...</comment-text>
				<comment-text-transliterated>...a ta je tud zvezda in to? hahagihihi...</comment-text-transliterated>
			</comment>
			<comment comment-id="12">
				<comment-parent-id/>
				<comment-text>jaooo!!!</comment-text>
				<comment-text-transliterated>jaooo!!!</comment-text-transliterated>
			</comment>
			<comment comment-id="13">
				<comment-parent-id/>
				<comment-text>Komaj čakam, pa to.</comment-text>
				<comment-text-transliterated>Komaj čakam, pa to.</comment-text-transliterated>
			</comment>
		</comments-list>
	</comments>
</document>
