<document global-id="si-06-1140"><url>https://www.24ur.com/novice/slovenija/lenarcica-cakajo-vprasanja-evropskih-poslancev.html</url><source-id>si-06</source-id><local-id>si-06-1140</local-id><source-name>ur24</source-name><article><article-title>Lenarčič na zaslišanju 'suveren, jasen in vsebinski'</article-title><article-title-transliterated>Lenarčič na zaslišanju 'suveren, jasen in vsebinski'</article-title-transliterated><article_time>2019-10-02</article_time><article-author>U.Z./ A.B./ T.G./ ...</article-author><article-text>Janez Lenarčič, kandidat za komisarja za krizno upravljanje, je na zaslišanju v Evropskem parlamentu obljubil, da bo vso svojo energijo in tri desetletja izkušenj na mednarodnem in evropskem področju usmeril v pomoč pri lajšanju trpljenja in podporo prizadetim v krizah v EU in po svetu. Irena Joveva, Klemen Grošelj in Romana Tomc so ga pohvalili, da je bil suveren, jasen in vsebinski.
VEČ VIDEOVSEBIN
02:46
Iz 24UR ZVEČER: Lenarčič brez težav
02:15
Iz 24UR: Bo prepričal poslance?
02:55
Iz 24UR: Ne pričakujejo presenečenj
Janez Lenarčič, kandidat za komisarja za krizno upravljanje, je na zaslišanje prišel videti osredotočen, zmerno optimističen in sproščen. V 15-minutnem uvodnem nagovoru je v tekoči angleščini izpostavil, da je bil oddelek, iz katerega je nastal današnji generalni direktorat za evropsko civilno zaščito in humanitarno pomoč, ustanovljen leta 1992 tudi v odziv na vojne v bivši Jugoslaviji.
Poudaril je še, da je takrat visoki komisar ZN za begunce vzpostavil urad v Sloveniji, ki se mu je pridružil tudi sam, da bi pomagal beguncem, ki so pribežali v Slovenijo. To je bil njegov prvi, skromen humanitarni prispevek, je dejal.
Med izzivi je izpostavil vse daljše in hujše humanitarne krize, vse pogostejše nesreče naravnega in človeškega izvora ter obenem vse več groženj multilateralni ureditvi ob krepitvi protekcionizma in vse hujše učinke podnebnih sprememb. A vsi ti izzivi so po njegovih besedah priložnosti za izboljšanje razmer, pri čemer je izpostavil tri prioritete: izboljšati odzivanje na krize, preventivo in pripravljenost ter okrepiti vidnost kriznega upravljanja EU, pri čemer bo veliko pozornosti namenil komunikaciji.
Janez LenarčičFOTO: Damjan Žibert
Humanitarna pomoč in odzivanje na nesreče sicer morata biti instrumenta v skrajni sili, ki se uporabita, ko vse drugo propade. Izogibanje takšnim neuspehom mora biti naš prvi cilj, je poudaril. Ob tem je evropske poslance pozval k podpori predlagani 30-odstotni krepitvi proračuna za humanitarno pomoč v naslednjem večletnem evropskem proračunu, saj je ta po njegovih besedah nujna za uresničevanje ambicioznega načrta.
Na koncu uvodnega nagovora je ponovil, kar je poudaril že v pisnih odgovorih na vprašanja poslancev: ko se bo čez pet let ozrl nazaj, želi videti manj trpljenja, odpornejše družbe, bolj zdravo naravno okolje in Evropejce, ki bolj verjamejo v prihodnost.
Vprašanja poslancev
Več poslancev je obžalovalo odstranitev besed humanitarna pomoč iz naziva resorja, ki se je prej imenoval portfelj za humanitarno pomoč in krizno upravljanje. Lenarčič je zatrdil, da je kljub temu humanitarna pomoč ključen del resorja. Vprašanja so pokrivala širok razpon tem, v nadaljevanju je navedenih le nekaj utrinkov.
Na vprašanje evropskega poslanca iz vrst skrajno desne politične skupine Identiteta in demokracija (ID) Bernharda Zimnioka, kako bo ukrepal za obrambo pred migracijskim tokom, ki lahko pomeni tudi zdravstvena tveganja, je odgovoril, da migracijske krize sedaj ni, da je položaj bolj ali manj pod nadzorom in da je to področje v rokah kolegov, pristojnih za notranje zadeve.
Poslanka Joanna Kopcinska iz vrst zmernih evroskeptikov ECR ga je vprašala o vlogi zasebnega sektorja pri humanitarni pomoči. Lenarčič pravi, da je treba preučiti možnosti za vključitev zasebnega sektorja, a ne na račun načel za dodeljevanje humanitarne pomoči. "Nihče ne sme služiti s humanitarno pomočjo. To je plemenito poslanstvo, ne komercialna dejavnost, in to tudi ne sme postati," je poudaril.
Vprašanje je zastavila tudi Ljudmila Novak (EPP/NSi), članica odbora za okolje. Zanimalo jo je, ali je razdeljevanje humanitarne pomoči preko nevladnih organizacij dovolj transparentno in zagotavlja dolgoročne pozitivne učinke. Odgovoril je, da EU vselej dosledno preveri spoštovanje načel pri dodeljevanju humanitarne pomoči, ki sicer poteka preko agencij ZN in raznih nevladnih organizacij, ki so zaupanja vredni partnerji. Novakova, ki je Lenarčiča, ki je ves čas govoril angleško, izrecno pozvala, naj ji odgovori v slovenščini, je v svojem nastopu izpostavila primer Pedra Opeke. Lenarčič se je strinjal, da je delo Opeke lep primer, kako se lahko na lokalni ravni veliko naredi za odpravljanje revščine in krepitev odpornosti lokalnih skupnosti ter da ima vse njegovo občudovanje.
Lenarčič zadovoljen, a previden
"Zadeve še niso odločene," je bil v prvem komentarju previden Lenarčič, ki je sicer zadovoljen z zaslišanjem, ker so bila vprašanja tehtna, nekatera tudi zelo zahtevna. "Upam, da sem prepričal poslance," je dejal. Ob tem je izrazil upanje, da je resor za krizno upravljanje zdaj tudi v domači javnosti nekoliko bolj poznan in da se bo okrepilo soglasje, da je pomemben, s plemenitim poslanstvom.
Lenarčiča so zaslišali člani odbora za razvoj in okolje. Koordinatorji političnih skupin v odboru bodo v naslednjih 24 urah ocenili njegovo uspešnost. Ocenjujejo vsesplošno usposobljenost, evropsko zavezanost in neodvisnost ter poznavanje področja in komunikacijske veščine. Ne Lenarčič ne njegov resor ne veljata za problematična, zaslišanje je potekalo brez pretresov, zapletov ni pričakovati.
O možnosti zamenjave resorja, na primer da bi na koncu dobil širitev, o čemer se v Bruslju veliko ugiba, je Lenarčič dejal, da je osredotočen na krizno upravljanje, da ga ta resor zanima in mu je všeč. Dodal je še, da osebno ne čuti nobene potrebe po menjavanju resorjev, in da misli, da je eno zaslišanje kar dovolj.
Končna ocena bo po Lenarčičevih besedah znana šele sredi meseca, do takrat bodo le govorice, za katere upa, da bodo pozitivne in točne.
Pozitivni odzivi slovenskih evroposlancev
Poslanca Irena Joveva in Klemen Grošelj (Renew  Europe/LMŠ) sta v skupni izjavi sporočila, da je bilo "že iz samega nastopa in odgovarjanja na vprašanja poslancev jasno razvidno, da bo dodeljeni resor nedvomno dobro izkoristil, saj se zaveda njegove širine in pomembnosti, obenem pa že ima oblikovan načrt delovanja". "Bil je zelo suveren, jasen in vsebinski. Več kot očitno je že zdaj dobro pripravljen na izziv, ki ga zagotovo čaka. Prepričana sva namreč, da pri njegovem imenovanju ne bo prav nobenih težav. Nasprotno: Da so bili z njegovimi odgovori zadovoljni tudi poslanci, ki so ga zasliševali, kaže dejstvo, da marsikdo sploh ni imel dodatnega vprašanja. Se je pa zato dodatno dokazalo, da je bil gospod Lenarčič dobra izbira za komisarja, tako za EU oziroma Evropsko komisijo kot tudi za samo Slovenijo."
Tudi Romana Tomc (EPP/SDS) je njegovo predstavitev označila za zelo dobro. Ocenila je, da je na vprašanja odgovarjal spretno in suvereno ter da mu nikoli zmanjkalo vsebinskih argumentov. Obžalovala je, da ni odgovarjal v slovenščini. Kljub temu je po njenih besedah pustil zelo dober vtis, precej boljšega kot na primer Francozinja Sylvie Goulard, ki je nastopila pred njim v isti dvorani.
Franc Bogovič (SLS/EPP) zaslišanja sicer ni spremljal v celoti, a je kljub temu ujel ključne poudarke in ga ocenil kot uspešnega. Po njegovem mnenju je Lenarčič pokazal zadostno mero strokovnosti, ki si jo je pridobil tekom njegove diplomatske kariere, in znanja o področju za humanitarno pomoč in upravljanje s krizami. Čestital mu je za dobro opravljeno zaslišanje in mu zaželel uspešno delo, izrazil pa je tudi pričakovanje po dobremu sodelovanju z evropskimi poslanci iz Slovenije.
Zadovoljen je tudi Milan Brglez (S&amp;D/SD), saj je pokazal, da je na področju kriznega upravljanja suveren, hkrati pa kriznega upravljanja ne razume le kot odpravljanja posledic naravnih nesreč, ampak mu pridaja tudi komponento človekovih pravic, kar je na ravni EU novost. "Po tem, kar sem do sedaj videl in slišal na zaslišanjih v Evropskem parlamentu, je Janez Lenarčič eden najmočnejših členov prihodnje Evropske komisije," meni.
Tudi Tomas Tobe, predsednik odbora za razvoj, glavnega odbora na zaslišanju, je izpostavil, da je bila izmenjava mnenj dobra. Ocenjevalni sestanek bo v četrtek popoldne, je povedal, ocena bo javna najpozneje 17. oktobra. A če bodo zapleti, bomo v četrtek slišali. "Če ne bo novic, je to dobra novica," je dejal. Če odbor ne bo zadovoljen, bo namreč zahteval dodatna pojasnila, kar običajno sporočijo.
Ima podporo koalicije in dela opozicije
Lenarčič je tudi naš kandidat, kandidat Republike Slovenije, so enotni koalicijski partnerji. Prepričani so, da presenečenj ne bo in da se fiasko izpred petih let, ko je pred evroposlanci pogorela Alenka Bratušek, ne more ponoviti.
Lenarčič je odlično opravil zaslišanje pred pristojnim odborom Evropskega parlamenta, je na Twitterju zapisal predsednik vlade Marjan Šarec. "Če se samo spomnim, kako so bili nekateri 'pametni'... oh in sploh ... Včasih je treba pač malo počakati. Iskrene čestitke!"
V SD, ki so v komisiji že videli svojo Tanjo Fajon, danes stiskajo pesti zanj. "Zdaj, ko je padla odločitev, je on absolutno naš kandidat in tako bi morale delovati vse stranke," je dejal Matjaž Han.
Podobno menijo tudi v SMC. "Stojimo za njim. Dobil je resor, ki ga pozna, in to je tudi priložnost iz zunanjepolitičnega vidika za Slovenijo, da utrdi svoj mednarodni ugled," je dejal Gregor Perič.
Gre namreč za izkušenega kandidata, čemur prikimava tudi del opozicije. Podprli sta ga tudi Nsi in SNS. "Mislim, da je izvežban diplomat in da se zna vrteti na diplomatskih podih," je dejal Zmago Jelinčič. Na vprašanje, ali se lahko ponovi primer Bratuškove, pa: "Nikakor. Lenarčič zna kar nekaj jezikov, zna se obnašati in take kozlarije, kot jo je naredila Bratuškova, v zgodovini EU še ni bilo in mislim, da je tudi ne bo."
Kandidati z dvomljivo integriteto
Belgijske oblasti so tik pred zaslišanji ustavile preiskavo proti Belgijcu Didierju Reyndersu z resorjem za pravosodje zaradi očitkov glede korupcije in pranja denarja v Demokratični republiki Kongo. Francozinjo Goulardovo z resorjem za notranji trg pa še vedno preiskuje evropski urad za boj proti goljufijam Olaf.
A čeprav sta Belgijec in Francozinja med problematičnimi kandidati, ni verjetno, da bi kateri od njiju padel. Goulardova, kandidatka francoskega predsednika Emmanuela Macrona, je "prevelika, da bi padla", komentirajo neuradno v Bruslju.
Danes bi morala biti na vrsti tudi Romunka Rovana Plumb, kandidatka za promet, a jo je parlament zaradi navzkrižja interesov zavrnil že pred zaslišanji. Bukarešta je že predlagala dva nova kandidata: Dana Nico in Melanio-Gabrielo Ciot.
Slovak Maroš Šefčovič, Bolgarka Marija Gabriel in Irec Phil Hogan, ki so bili prvi na vrsti, so po neuradnih informacijah že dobili pozitivne ocene odborov, ki so jih zaslišali, Poljak Janusz Wojciechowski pa bo moral na popravni izpit.</article-text><article-text-transliterated>Janez Lenarčič, kandidat za komisarja za krizno upravljanje, je na zaslišanju v Evropskem parlamentu obljubil, da bo vso svojo energijo in tri desetletja izkušenj na mednarodnem in evropskem področju usmeril v pomoč pri lajšanju trpljenja in podporo prizadetim v krizah v EU in po svetu. Irena Joveva, Klemen Grošelj in Romana Tomc so ga pohvalili, da je bil suveren, jasen in vsebinski.
VEČ VIDEOVSEBIN
02:46
Iz 24UR ZVEČER: Lenarčič brez težav
02:15
Iz 24UR: Bo prepričal poslance?
02:55
Iz 24UR: Ne pričakujejo presenečenj
Janez Lenarčič, kandidat za komisarja za krizno upravljanje, je na zaslišanje prišel videti osredotočen, zmerno optimističen in sproščen. V 15-minutnem uvodnem nagovoru je v tekoči angleščini izpostavil, da je bil oddelek, iz katerega je nastal današnji generalni direktorat za evropsko civilno zaščito in humanitarno pomoč, ustanovljen leta 1992 tudi v odziv na vojne v bivši Jugoslaviji.
Poudaril je še, da je takrat visoki komisar ZN za begunce vzpostavil urad v Sloveniji, ki se mu je pridružil tudi sam, da bi pomagal beguncem, ki so pribežali v Slovenijo. To je bil njegov prvi, skromen humanitarni prispevek, je dejal.
Med izzivi je izpostavil vse daljše in hujše humanitarne krize, vse pogostejše nesreče naravnega in človeškega izvora ter obenem vse več groženj multilateralni ureditvi ob krepitvi protekcionizma in vse hujše učinke podnebnih sprememb. A vsi ti izzivi so po njegovih besedah priložnosti za izboljšanje razmer, pri čemer je izpostavil tri prioritete: izboljšati odzivanje na krize, preventivo in pripravljenost ter okrepiti vidnost kriznega upravljanja EU, pri čemer bo veliko pozornosti namenil komunikaciji.
Janez LenarčičFOTO: Damjan Žibert
Humanitarna pomoč in odzivanje na nesreče sicer morata biti instrumenta v skrajni sili, ki se uporabita, ko vse drugo propade. Izogibanje takšnim neuspehom mora biti naš prvi cilj, je poudaril. Ob tem je evropske poslance pozval k podpori predlagani 30-odstotni krepitvi proračuna za humanitarno pomoč v naslednjem večletnem evropskem proračunu, saj je ta po njegovih besedah nujna za uresničevanje ambicioznega načrta.
Na koncu uvodnega nagovora je ponovil, kar je poudaril že v pisnih odgovorih na vprašanja poslancev: ko se bo čez pet let ozrl nazaj, želi videti manj trpljenja, odpornejše družbe, bolj zdravo naravno okolje in Evropejce, ki bolj verjamejo v prihodnost.
Vprašanja poslancev
Več poslancev je obžalovalo odstranitev besed humanitarna pomoč iz naziva resorja, ki se je prej imenoval portfelj za humanitarno pomoč in krizno upravljanje. Lenarčič je zatrdil, da je kljub temu humanitarna pomoč ključen del resorja. Vprašanja so pokrivala širok razpon tem, v nadaljevanju je navedenih le nekaj utrinkov.
Na vprašanje evropskega poslanca iz vrst skrajno desne politične skupine Identiteta in demokracija (ID) Bernharda Zimnioka, kako bo ukrepal za obrambo pred migracijskim tokom, ki lahko pomeni tudi zdravstvena tveganja, je odgovoril, da migracijske krize sedaj ni, da je položaj bolj ali manj pod nadzorom in da je to področje v rokah kolegov, pristojnih za notranje zadeve.
Poslanka Joanna Kopcinska iz vrst zmernih evroskeptikov ECR ga je vprašala o vlogi zasebnega sektorja pri humanitarni pomoči. Lenarčič pravi, da je treba preučiti možnosti za vključitev zasebnega sektorja, a ne na račun načel za dodeljevanje humanitarne pomoči. "Nihče ne sme služiti s humanitarno pomočjo. To je plemenito poslanstvo, ne komercialna dejavnost, in to tudi ne sme postati," je poudaril.
Vprašanje je zastavila tudi Ljudmila Novak (EPP/NSi), članica odbora za okolje. Zanimalo jo je, ali je razdeljevanje humanitarne pomoči preko nevladnih organizacij dovolj transparentno in zagotavlja dolgoročne pozitivne učinke. Odgovoril je, da EU vselej dosledno preveri spoštovanje načel pri dodeljevanju humanitarne pomoči, ki sicer poteka preko agencij ZN in raznih nevladnih organizacij, ki so zaupanja vredni partnerji. Novakova, ki je Lenarčiča, ki je ves čas govoril angleško, izrecno pozvala, naj ji odgovori v slovenščini, je v svojem nastopu izpostavila primer Pedra Opeke. Lenarčič se je strinjal, da je delo Opeke lep primer, kako se lahko na lokalni ravni veliko naredi za odpravljanje revščine in krepitev odpornosti lokalnih skupnosti ter da ima vse njegovo občudovanje.
Lenarčič zadovoljen, a previden
"Zadeve še niso odločene," je bil v prvem komentarju previden Lenarčič, ki je sicer zadovoljen z zaslišanjem, ker so bila vprašanja tehtna, nekatera tudi zelo zahtevna. "Upam, da sem prepričal poslance," je dejal. Ob tem je izrazil upanje, da je resor za krizno upravljanje zdaj tudi v domači javnosti nekoliko bolj poznan in da se bo okrepilo soglasje, da je pomemben, s plemenitim poslanstvom.
Lenarčiča so zaslišali člani odbora za razvoj in okolje. Koordinatorji političnih skupin v odboru bodo v naslednjih 24 urah ocenili njegovo uspešnost. Ocenjujejo vsesplošno usposobljenost, evropsko zavezanost in neodvisnost ter poznavanje področja in komunikacijske veščine. Ne Lenarčič ne njegov resor ne veljata za problematična, zaslišanje je potekalo brez pretresov, zapletov ni pričakovati.
O možnosti zamenjave resorja, na primer da bi na koncu dobil širitev, o čemer se v Bruslju veliko ugiba, je Lenarčič dejal, da je osredotočen na krizno upravljanje, da ga ta resor zanima in mu je všeč. Dodal je še, da osebno ne čuti nobene potrebe po menjavanju resorjev, in da misli, da je eno zaslišanje kar dovolj.
Končna ocena bo po Lenarčičevih besedah znana šele sredi meseca, do takrat bodo le govorice, za katere upa, da bodo pozitivne in točne.
Pozitivni odzivi slovenskih evroposlancev
Poslanca Irena Joveva in Klemen Grošelj (Renew  Europe/LMŠ) sta v skupni izjavi sporočila, da je bilo "že iz samega nastopa in odgovarjanja na vprašanja poslancev jasno razvidno, da bo dodeljeni resor nedvomno dobro izkoristil, saj se zaveda njegove širine in pomembnosti, obenem pa že ima oblikovan načrt delovanja". "Bil je zelo suveren, jasen in vsebinski. Več kot očitno je že zdaj dobro pripravljen na izziv, ki ga zagotovo čaka. Prepričana sva namreč, da pri njegovem imenovanju ne bo prav nobenih težav. Nasprotno: Da so bili z njegovimi odgovori zadovoljni tudi poslanci, ki so ga zasliševali, kaže dejstvo, da marsikdo sploh ni imel dodatnega vprašanja. Se je pa zato dodatno dokazalo, da je bil gospod Lenarčič dobra izbira za komisarja, tako za EU oziroma Evropsko komisijo kot tudi za samo Slovenijo."
Tudi Romana Tomc (EPP/SDS) je njegovo predstavitev označila za zelo dobro. Ocenila je, da je na vprašanja odgovarjal spretno in suvereno ter da mu nikoli zmanjkalo vsebinskih argumentov. Obžalovala je, da ni odgovarjal v slovenščini. Kljub temu je po njenih besedah pustil zelo dober vtis, precej boljšega kot na primer Francozinja Sylvie Goulard, ki je nastopila pred njim v isti dvorani.
Franc Bogovič (SLS/EPP) zaslišanja sicer ni spremljal v celoti, a je kljub temu ujel ključne poudarke in ga ocenil kot uspešnega. Po njegovem mnenju je Lenarčič pokazal zadostno mero strokovnosti, ki si jo je pridobil tekom njegove diplomatske kariere, in znanja o področju za humanitarno pomoč in upravljanje s krizami. Čestital mu je za dobro opravljeno zaslišanje in mu zaželel uspešno delo, izrazil pa je tudi pričakovanje po dobremu sodelovanju z evropskimi poslanci iz Slovenije.
Zadovoljen je tudi Milan Brglez (S&amp;D/SD), saj je pokazal, da je na področju kriznega upravljanja suveren, hkrati pa kriznega upravljanja ne razume le kot odpravljanja posledic naravnih nesreč, ampak mu pridaja tudi komponento človekovih pravic, kar je na ravni EU novost. "Po tem, kar sem do sedaj videl in slišal na zaslišanjih v Evropskem parlamentu, je Janez Lenarčič eden najmočnejših členov prihodnje Evropske komisije," meni.
Tudi Tomas Tobe, predsednik odbora za razvoj, glavnega odbora na zaslišanju, je izpostavil, da je bila izmenjava mnenj dobra. Ocenjevalni sestanek bo v četrtek popoldne, je povedal, ocena bo javna najpozneje 17. oktobra. A če bodo zapleti, bomo v četrtek slišali. "Če ne bo novic, je to dobra novica," je dejal. Če odbor ne bo zadovoljen, bo namreč zahteval dodatna pojasnila, kar običajno sporočijo.
Ima podporo koalicije in dela opozicije
Lenarčič je tudi naš kandidat, kandidat Republike Slovenije, so enotni koalicijski partnerji. Prepričani so, da presenečenj ne bo in da se fiasko izpred petih let, ko je pred evroposlanci pogorela Alenka Bratušek, ne more ponoviti.
Lenarčič je odlično opravil zaslišanje pred pristojnim odborom Evropskega parlamenta, je na Twitterju zapisal predsednik vlade Marjan Šarec. "Če se samo spomnim, kako so bili nekateri 'pametni'... oh in sploh ... Včasih je treba pač malo počakati. Iskrene čestitke!"
V SD, ki so v komisiji že videli svojo Tanjo Fajon, danes stiskajo pesti zanj. "Zdaj, ko je padla odločitev, je on absolutno naš kandidat in tako bi morale delovati vse stranke," je dejal Matjaž Han.
Podobno menijo tudi v SMC. "Stojimo za njim. Dobil je resor, ki ga pozna, in to je tudi priložnost iz zunanjepolitičnega vidika za Slovenijo, da utrdi svoj mednarodni ugled," je dejal Gregor Perič.
Gre namreč za izkušenega kandidata, čemur prikimava tudi del opozicije. Podprli sta ga tudi Nsi in SNS. "Mislim, da je izvežban diplomat in da se zna vrteti na diplomatskih podih," je dejal Zmago Jelinčič. Na vprašanje, ali se lahko ponovi primer Bratuškove, pa: "Nikakor. Lenarčič zna kar nekaj jezikov, zna se obnašati in take kozlarije, kot jo je naredila Bratuškova, v zgodovini EU še ni bilo in mislim, da je tudi ne bo."
Kandidati z dvomljivo integriteto
Belgijske oblasti so tik pred zaslišanji ustavile preiskavo proti Belgijcu Didierju Reyndersu z resorjem za pravosodje zaradi očitkov glede korupcije in pranja denarja v Demokratični republiki Kongo. Francozinjo Goulardovo z resorjem za notranji trg pa še vedno preiskuje evropski urad za boj proti goljufijam Olaf.
A čeprav sta Belgijec in Francozinja med problematičnimi kandidati, ni verjetno, da bi kateri od njiju padel. Goulardova, kandidatka francoskega predsednika Emmanuela Macrona, je "prevelika, da bi padla", komentirajo neuradno v Bruslju.
Danes bi morala biti na vrsti tudi Romunka Rovana Plumb, kandidatka za promet, a jo je parlament zaradi navzkrižja interesov zavrnil že pred zaslišanji. Bukarešta je že predlagala dva nova kandidata: Dana Nico in Melanio-Gabrielo Ciot.
Slovak Maroš Šefčovič, Bolgarka Marija Gabriel in Irec Phil Hogan, ki so bili prvi na vrsti, so po neuradnih informacijah že dobili pozitivne ocene odborov, ki so jih zaslišali, Poljak Janusz Wojciechowski pa bo moral na popravni izpit.</article-text-transliterated></article><comments><comments-count>53</comments-count><comments-list><comment comment-id="1"><comment-parent-id /><comment-text>Odlično se je Lenarčič odrezal</comment-text><comment-text-transliterated>Odlično se je Lenarčič odrezal</comment-text-transliterated></comment><comment comment-id="2"><comment-parent-id /><comment-text>Alenka Bratušek (ti pokvarjenka ) tako se to naredi ! Človek mora imeti tudi kaj v glavi ne samo na glaviin pod njo !</comment-text><comment-text-transliterated>Alenka Bratušek (ti pokvarjenka ) tako se to naredi ! Človek mora imeti tudi kaj v glavi ne samo na glaviin pod njo !</comment-text-transliterated></comment><comment comment-id="3"><comment-parent-id /><comment-text>Vidite, takšni Lenarčiči nam manjkajo v Sloveniji. Verjetno je še kateri, vendar ga ne spustijo zraven. </comment-text><comment-text-transliterated>Vidite, takšni Lenarčiči nam manjkajo v Sloveniji. Verjetno je še kateri, vendar ga ne spustijo zraven. </comment-text-transliterated></comment><comment comment-id="4"><comment-parent-id /><comment-text>Sem spremljal njegovo "zaslišanje". Jezikovno zelo suveren, žal pa da izjavi v smislu, da migracijske krize ni ter nekateri njegovi odgovori pri pomoči migrantom na otokih ... to ne bo zmanjšalo pritiska na Evropo, kvečjemu povečalo... lp</comment-text><comment-text-transliterated>Sem spremljal njegovo "zaslišanje". Jezikovno zelo suveren, žal pa da izjavi v smislu, da migracijske krize ni ter nekateri njegovi odgovori pri pomoči migrantom na otokih ... to ne bo zmanjšalo pritiska na Evropo, kvečjemu povečalo... lp</comment-text-transliterated></comment><comment comment-id="4-1"><comment-parent-id>4</comment-parent-id><comment-text>Ni vsemogoč. Ne bo on rešil migracije, se bo pa trudil po najboljših močeh, da bo poskušal urejati nekatere stvari na tem področju. Dober je.</comment-text><comment-text-transliterated>Ni vsemogoč. Ne bo on rešil migracije, se bo pa trudil po najboljših močeh, da bo poskušal urejati nekatere stvari na tem področju. Dober je.</comment-text-transliterated></comment><comment comment-id="5"><comment-parent-id /><comment-text>Bedak</comment-text><comment-text-transliterated>Bedak</comment-text-transliterated></comment><comment comment-id="5-1"><comment-parent-id>5</comment-parent-id><comment-text>Verjetno sebe misliš!!</comment-text><comment-text-transliterated>Verjetno sebe misliš!!</comment-text-transliterated></comment><comment comment-id="5-2"><comment-parent-id>5</comment-parent-id><comment-text>Kaj ti je pa sedaj ati kriv?</comment-text><comment-text-transliterated>Kaj ti je pa sedaj ati kriv?</comment-text-transliterated></comment><comment comment-id="6"><comment-parent-id /><comment-text>Sedaj še bo migrantov v Sloveniji</comment-text><comment-text-transliterated>Sedaj še bo migrantov v Sloveniji</comment-text-transliterated></comment><comment comment-id="6-1"><comment-parent-id>6</comment-parent-id><comment-text>Vedno so bili in vedno bodo, po vojni je največ grešnikov zbežalo v Argentino !</comment-text><comment-text-transliterated>Vedno so bili in vedno bodo, po vojni je največ grešnikov zbežalo v Argentino !</comment-text-transliterated></comment><comment comment-id="7"><comment-parent-id /><comment-text>Šarec je dobro izbral. Spet mu bo podpora zrasla.</comment-text><comment-text-transliterated>Šarec je dobro izbral. Spet mu bo podpora zrasla.</comment-text-transliterated></comment><comment comment-id="8"><comment-parent-id /><comment-text>Po moje se bili vsi šokirani, ker je bil L suveren, verjetno so pričakovali nekaj v stilu Alenke Bratovšek. Ona je ponost Slovenije, zatadi AB smo prepoznavni!</comment-text><comment-text-transliterated>Po moje se bili vsi šokirani, ker je bil L suveren, verjetno so pričakovali nekaj v stilu Alenke Bratovšek. Ona je ponost Slovenije, zatadi AB smo prepoznavni!</comment-text-transliterated></comment><comment comment-id="9"><comment-parent-id /><comment-text>Bravo, je končno zaprl usta glasni Fajonki. </comment-text><comment-text-transliterated>Bravo, je končno zaprl usta glasni Fajonki. </comment-text-transliterated></comment><comment comment-id="10"><comment-parent-id /><comment-text>Z kandidatom se ne bomo osmešili ,,Janezu je kr dobro šlo ,,</comment-text><comment-text-transliterated>Z kandidatom se ne bomo osmešili ,,Janezu je kr dobro šlo ,,</comment-text-transliterated></comment><comment comment-id="10-1"><comment-parent-id>10</comment-parent-id><comment-text>tebi gre s slovnico malo slabše... s kandidatom </comment-text><comment-text-transliterated>tebi gre s slovnico malo slabše... s kandidatom </comment-text-transliterated></comment><comment comment-id="11"><comment-parent-id /><comment-text>Bodo podnapisi, da bodo tudi desničarji razumeli, kaj je govoril?</comment-text><comment-text-transliterated>Bodo podnapisi, da bodo tudi desničarji razumeli, kaj je govoril?</comment-text-transliterated></comment><comment comment-id="11-1"><comment-parent-id>11</comment-parent-id><comment-text>Ohoho, torej vas na FDV učijo tujih jezikov? Sem mislil, da vas učijo predvsem kako pravilno glasovati! Čestitke!</comment-text><comment-text-transliterated>Ohoho, torej vas na FDV učijo tujih jezikov? Sem mislil, da vas učijo predvsem kako pravilno glasovati! Čestitke!</comment-text-transliterated></comment><comment comment-id="12"><comment-parent-id /><comment-text>Hm. Edina dobra stvar v vsem je, da je Slovenija, vsaj na papirju, dobila pomemben resor. Nismo denimo dobili resor za "zaščito evropskega načina življenja" ali kaj podobnega za lase privlečenega. Pač resorja za gospodarstvo, notranje ali zunanje zadeve Slovenija nikoli ne bo imela. To je jasno. Imamo pa resor za "izredne razmere". Pač resor za civilno zaščito in gasilce. Slovenci smo gasilski narod, imamo najbolj urejeno Civilno zaščito v svetovnem merilu, pač to paše nam Slovencem. Poglejte kako smo v treh dneh zbrali tri milijone evrov za zdravilo za malega Krisa. Če ni to nora mobilizacija. Imamo odlične gorske reševalce, jamarske reševalce, gasilstvo je najbolj množična organizacija na Slovenskem ... Zato tega naslova ne razumem - "obljubiti energijo" :)</comment-text><comment-text-transliterated>Hm. Edina dobra stvar v vsem je, da je Slovenija, vsaj na papirju, dobila pomemben resor. Nismo denimo dobili resor za "zaščito evropskega načina življenja" ali kaj podobnega za lase privlečenega. Pač resorja za gospodarstvo, notranje ali zunanje zadeve Slovenija nikoli ne bo imela. To je jasno. Imamo pa resor za "izredne razmere". Pač resor za civilno zaščito in gasilce. Slovenci smo gasilski narod, imamo najbolj urejeno Civilno zaščito v svetovnem merilu, pač to paše nam Slovencem. Poglejte kako smo v treh dneh zbrali tri milijone evrov za zdravilo za malega Krisa. Če ni to nora mobilizacija. Imamo odlične gorske reševalce, jamarske reševalce, gasilstvo je najbolj množična organizacija na Slovenskem ... Zato tega naslova ne razumem - "obljubiti energijo" :)</comment-text-transliterated></comment><comment comment-id="12-1"><comment-parent-id>12</comment-parent-id><comment-text>"Bofur" dobro reklamo ste naredili J.L. Lahko bi bili njegov 'piar'. Ni da ni, vse v presežkih. Mora pa J.L. narediti eno majčkeno napakico, saj popoln je samo Bog, pa še za njega nismo gotovi, da obstaja. Koliko ogromnih napak naredijo naši vodili! Je kdo kaznovan? Zaprt? Mora plačati denarni nadomestek za svoje neverodostojne ukrepe? Nič od tega. Za 'kazen' napreduje na višje delovno mesto. Gospod Lenarčič je naredil zgolj 'nano' napakico v obliki nekakšne energije. To je zanemarljiva napaka proti vsej njegovi odličnosti. Obilo čestitk s polnim košem energije! #čestitke</comment-text><comment-text-transliterated>"Bofur" dobro reklamo ste naredili J.L. Lahko bi bili njegov 'piar'. Ni da ni, vse v presežkih. Mora pa J.L. narediti eno majčkeno napakico, saj popoln je samo Bog, pa še za njega nismo gotovi, da obstaja. Koliko ogromnih napak naredijo naši vodili! Je kdo kaznovan? Zaprt? Mora plačati denarni nadomestek za svoje neverodostojne ukrepe? Nič od tega. Za 'kazen' napreduje na višje delovno mesto. Gospod Lenarčič je naredil zgolj 'nano' napakico v obliki nekakšne energije. To je zanemarljiva napaka proti vsej njegovi odličnosti. Obilo čestitk s polnim košem energije! #čestitke</comment-text-transliterated></comment><comment comment-id="13"><comment-parent-id /><comment-text>Ta je danes bluzil samo o migrantih... Gotovi smo. </comment-text><comment-text-transliterated>Ta je danes bluzil samo o migrantih... Gotovi smo. </comment-text-transliterated></comment><comment comment-id="13-1"><comment-parent-id>13</comment-parent-id><comment-text>Če pa so ga o tem spraševali.</comment-text><comment-text-transliterated>Če pa so ga o tem spraševali.</comment-text-transliterated></comment><comment comment-id="13-2"><comment-parent-id>13</comment-parent-id><comment-text>Verjetno ti.
</comment-text><comment-text-transliterated>Verjetno ti.
</comment-text-transliterated></comment><comment comment-id="14"><comment-parent-id /><comment-text>No zdaj je pa konec in desni pokvarjenci si lahko za vedno goflje zaprete !</comment-text><comment-text-transliterated>No zdaj je pa konec in desni pokvarjenci si lahko za vedno goflje zaprete !</comment-text-transliterated></comment><comment comment-id="14-1"><comment-parent-id>14</comment-parent-id><comment-text>Kako to,da so vsi boljši od desnakarjev,aja 
,ta glavni so se poskrili</comment-text><comment-text-transliterated>Kako to,da so vsi boljši od desnakarjev,aja 
,ta glavni so se poskrili</comment-text-transliterated></comment><comment comment-id="15"><comment-parent-id /><comment-text>Če misli tudi ta kakšne te ilegalne migrante uvažat, je boljše, da ga grom takoj udari.</comment-text><comment-text-transliterated>Če misli tudi ta kakšne te ilegalne migrante uvažat, je boljše, da ga grom takoj udari.</comment-text-transliterated></comment><comment comment-id="16"><comment-parent-id /><comment-text>Jutri bo Alenka na bolniški, dokler se prah ne poleže. Danes pa gleda predstavitev s slovarjem v roki in polni robce s solzami sramu.</comment-text><comment-text-transliterated>Jutri bo Alenka na bolniški, dokler se prah ne poleže. Danes pa gleda predstavitev s slovarjem v roki in polni robce s solzami sramu.</comment-text-transliterated></comment><comment comment-id="17"><comment-parent-id /><comment-text>Kje si šivilja aj think aj vas. Ta je malo bolj no razumen</comment-text><comment-text-transliterated>Kje si šivilja aj think aj vas. Ta je malo bolj no razumen</comment-text-transliterated></comment><comment comment-id="17-1"><comment-parent-id>17</comment-parent-id><comment-text>Očitno jo pogrešaš, Alenko.</comment-text><comment-text-transliterated>Očitno jo pogrešaš, Alenko.</comment-text-transliterated></comment><comment comment-id="18"><comment-parent-id /><comment-text>Lepo je povedal, včasih v Jugoslaviji smo imeli vaje NNNP - Nič Nas Ne sme Presenetiti. Zdaj pa če se kaj zgodi bo panika, sploh če Facebook ne bo dostopen.</comment-text><comment-text-transliterated>Lepo je povedal, včasih v Jugoslaviji smo imeli vaje NNNP - Nič Nas Ne sme Presenetiti. Zdaj pa če se kaj zgodi bo panika, sploh če Facebook ne bo dostopen.</comment-text-transliterated></comment><comment comment-id="18-1"><comment-parent-id>18</comment-parent-id><comment-text>V Jugoslaviji nas pa res nič ni moglo presenetiti. Smo bili vsega vajeni. Tam je bilo vse možno. </comment-text><comment-text-transliterated>V Jugoslaviji nas pa res nič ni moglo presenetiti. Smo bili vsega vajeni. Tam je bilo vse možno. </comment-text-transliterated></comment><comment comment-id="18-2"><comment-parent-id>18</comment-parent-id><comment-text>Več dobrega,kot slabega.</comment-text><comment-text-transliterated>Več dobrega,kot slabega.</comment-text-transliterated></comment><comment comment-id="19"><comment-parent-id /><comment-text>Lenarčič je še ena potrditev kakšna sramota je bila Alenka.</comment-text><comment-text-transliterated>Lenarčič je še ena potrditev kakšna sramota je bila Alenka.</comment-text-transliterated></comment><comment comment-id="20"><comment-parent-id /><comment-text>Gizmo moram reči, da si me prehitel. Če samo primerjava Alenkino stokanje takrat, odgovori Lenarčiča kažejo neko čisto novo dimenzijo. Samo upamo lahko, da so evropski poslanci babo hitro pozabili. Na drugi strani pa se samo lahko čudim, da od sramu, ki ga je povzročila, ni takoj odstopila. </comment-text><comment-text-transliterated>Gizmo moram reči, da si me prehitel. Če samo primerjava Alenkino stokanje takrat, odgovori Lenarčiča kažejo neko čisto novo dimenzijo. Samo upamo lahko, da so evropski poslanci babo hitro pozabili. Na drugi strani pa se samo lahko čudim, da od sramu, ki ga je povzročila, ni takoj odstopila. </comment-text-transliterated></comment><comment comment-id="21"><comment-parent-id /><comment-text>no pa srečno, bratuškova blamaža pa se gotovo ne more več ponoviti</comment-text><comment-text-transliterated>no pa srečno, bratuškova blamaža pa se gotovo ne more več ponoviti</comment-text-transliterated></comment><comment comment-id="22"><comment-parent-id /><comment-text>Dober je. Zdaj vem zakaj mu v Sloveniji nihče ni nasprotoval.</comment-text><comment-text-transliterated>Dober je. Zdaj vem zakaj mu v Sloveniji nihče ni nasprotoval.</comment-text-transliterated></comment><comment comment-id="23"><comment-parent-id /><comment-text>Je pa sicer tudi Slovenščina uraden jezik EU in prevajalci so pripravljeni.</comment-text><comment-text-transliterated>Je pa sicer tudi Slovenščina uraden jezik EU in prevajalci so pripravljeni.</comment-text-transliterated></comment><comment comment-id="24"><comment-parent-id /><comment-text>Jaz ga vse razumem, če desni ne znate Angleško pa je vaš problem.</comment-text><comment-text-transliterated>Jaz ga vse razumem, če desni ne znate Angleško pa je vaš problem.</comment-text-transliterated></comment><comment comment-id="24-1"><comment-parent-id>24</comment-parent-id><comment-text>Ti si brihta, razumeš celo Angleško. Desni pa še Nemško.</comment-text><comment-text-transliterated>Ti si brihta, razumeš celo Angleško. Desni pa še Nemško.</comment-text-transliterated></comment><comment comment-id="25"><comment-parent-id /><comment-text>mater se eden ki ima tezave z anglescino</comment-text><comment-text-transliterated>mater se eden ki ima tezave z anglescino</comment-text-transliterated></comment><comment comment-id="25-1"><comment-parent-id>25</comment-parent-id><comment-text>Čisto lepo govori Angleško.</comment-text><comment-text-transliterated>Čisto lepo govori Angleško.</comment-text-transliterated></comment><comment comment-id="25-2"><comment-parent-id>25</comment-parent-id><comment-text>Za par stopenj govori bolje angleško kot Grkinja za njim, ki mu postavlja vprašanja, francosko. Popolnoma polomljena francoščina.</comment-text><comment-text-transliterated>Za par stopenj govori bolje angleško kot Grkinja za njim, ki mu postavlja vprašanja, francosko. Popolnoma polomljena francoščina.</comment-text-transliterated></comment><comment comment-id="26"><comment-parent-id /><comment-text>Slišati bo tako kot ko se je predstavljala Bratuškova . Ta ne bo sprejet in tako je prav </comment-text><comment-text-transliterated>Slišati bo tako kot ko se je predstavljala Bratuškova . Ta ne bo sprejet in tako je prav </comment-text-transliterated></comment><comment comment-id="27"><comment-parent-id /><comment-text>Držim pesti. Saj kot je dejal g. Tonin, je g. J. Lavrenčič zelo pameten človek. In kar reče Tonin drži kot selotejp, saj je tudi on eden izmed umnih mož. Če so se v naprej odločili, da ga bodo sprejeli (navadno je tako), je kljub današnjemu dežju, (že) vse jasno. Če ne, se J.L. slabo piše ne glede na njegovo zamegljeno ali bistro izrazoslovje. #pasrečno</comment-text><comment-text-transliterated>Držim pesti. Saj kot je dejal g. Tonin, je g. J. Lavrenčič zelo pameten človek. In kar reče Tonin drži kot selotejp, saj je tudi on eden izmed umnih mož. Če so se v naprej odločili, da ga bodo sprejeli (navadno je tako), je kljub današnjemu dežju, (že) vse jasno. Če ne, se J.L. slabo piše ne glede na njegovo zamegljeno ali bistro izrazoslovje. #pasrečno</comment-text-transliterated></comment><comment comment-id="27-1"><comment-parent-id>27</comment-parent-id><comment-text>anakondabox - Meni osebno g.Lenarčič deluje zelo suvereno, z res dobro angleščino. Ampaaaak, da je Tonin UMEN mož, pa se niti približno NE strinjam!!!!!</comment-text><comment-text-transliterated>anakondabox - Meni osebno g.Lenarčič deluje zelo suvereno, z res dobro angleščino. Ampaaaak, da je Tonin UMEN mož, pa se niti približno NE strinjam!!!!!</comment-text-transliterated></comment><comment comment-id="28"><comment-parent-id /><comment-text>Upam, da bo dobil resor za mešanje zraka.</comment-text><comment-text-transliterated>Upam, da bo dobil resor za mešanje zraka.</comment-text-transliterated></comment><comment comment-id="28-1"><comment-parent-id>28</comment-parent-id><comment-text>Ti že mešaš, še nekaj bolj umazanega ! Kako more bit človek tako pokvarjen, da piše takšne komentarje !</comment-text><comment-text-transliterated>Ti že mešaš, še nekaj bolj umazanega ! Kako more bit človek tako pokvarjen, da piše takšne komentarje !</comment-text-transliterated></comment><comment comment-id="28-2"><comment-parent-id>28</comment-parent-id><comment-text>Sorj sem spregledal Ahim ti je ime, no se ne čudim več !</comment-text><comment-text-transliterated>Sorj sem spregledal Ahim ti je ime, no se ne čudim več !</comment-text-transliterated></comment><comment comment-id="29"><comment-parent-id /><comment-text>glede na to, da so letos same zgube med kandidati, bo Lenarčič pravi biser</comment-text><comment-text-transliterated>glede na to, da so letos same zgube med kandidati, bo Lenarčič pravi biser</comment-text-transliterated></comment><comment comment-id="30"><comment-parent-id /><comment-text>Nima šans 100 %</comment-text><comment-text-transliterated>Nima šans 100 %</comment-text-transliterated></comment><comment comment-id="30-1"><comment-parent-id>30</comment-parent-id><comment-text>Janez za sestavit vlado sigurno nikoli več !</comment-text><comment-text-transliterated>Janez za sestavit vlado sigurno nikoli več !</comment-text-transliterated></comment><comment comment-id="31"><comment-parent-id /><comment-text>glede na to da je lenarčiča predlagal šarec bo njegov nastop brezhiben......večji problemi bi bilo če bi bil kandidat sds,saj potem bi bil problematičen kot je s poljakom, madžarom in podobnimi lopovi......</comment-text><comment-text-transliterated>glede na to da je lenarčiča predlagal šarec bo njegov nastop brezhiben......večji problemi bi bilo če bi bil kandidat sds,saj potem bi bil problematičen kot je s poljakom, madžarom in podobnimi lopovi......</comment-text-transliterated></comment><comment comment-id="31-1"><comment-parent-id>31</comment-parent-id><comment-text>Tebe bi morali izbrati. Ti si pojem modrosti. Toti Janša se ti prikazuje vsako sekundo</comment-text><comment-text-transliterated>Tebe bi morali izbrati. Ti si pojem modrosti. Toti Janša se ti prikazuje vsako sekundo</comment-text-transliterated></comment><comment comment-id="32"><comment-parent-id /><comment-text>Lenarčič bo brezhiben. </comment-text><comment-text-transliterated>Lenarčič bo brezhiben. </comment-text-transliterated></comment></comments-list></comments></document>