<?xml version="1.0" encoding="utf-8"?>
<document global-id="si-06-1233">
	<url>https://www.24ur.com/novice/svet/kdo-so-zrtve-napadov-v-srilanki.html</url>
	<source-id>si-06</source-id>
	<local-id>1233</local-id>
	<source-name>ur24</source-name>
	<article>
		<article-title>Med žrtvami zvezdniška kuharica, otroci danskega milijarderja, turška inženirja</article-title>
		<article-title-transliterated>Med žrtvami zvezdniška kuharica, otroci danskega milijarderja, turška inženirja</article-title-transliterated>
		<article-time>2019-04-22</article-time>
		<article-author>K.H.</article-author>
		<article-text>Medtem ko v Šrilanki še vedno preštevajo žrtve velikonočnih napadov na cerkve in hotele, v javnost že prihajajo imena nekaterih žrtev. Med njimi so lokalna zvezdniška kuharska mojstrica, trije otroci danskega milijarderja, člani indijske politične stranke, turška inženirja ... VEČ VIDEOVSEBIN 03:39 Iz 24UR: 24 osumljencev 04:04 Iz 24UR: Izredne razmere 01:13 Iz 24UR: Posledice vojne v Šrilanki Iz SVETA: Skoraj 300 žrtev Med velikonočnimi obredi so v nedeljo odjeknile eksplozije v krajih Kolombo, Negombo in Batticaloa. Večina od najmanj 290 mrtvih je državljanov Šrilanke, več deset pa jih je tujcev – med drugim Britanci, Indijci, Danci in Kitajci. V javnost pa so pricurljala že prva imena žrtev.  Zvezdniška kuharska mojstrica iz Šrilanke Ena od žrtev je Šantha Ajadune (na sliki tretja z desne), zvezdniška kuharska mojstrica iz Šrilanke. Še pred napadi je njena hčerka Nisanga Majadune (na sliki prva z desne) na Facebooku objavila družinsko fotografijo s prazničnega zajtrka v hotelu Shangri-La v Kolombu, kjer je nato eksplodirala bomba. V napadu je umrla tudi hčerka, kar je v objavi na Facebooku potrdil eden od sorodnikov. &quot;Ni besed, ki bi opisale bolečino,&quot; je zapisal ob fotografiji.  Za prikaz vsebine je potrebno omogočite piškotke družbenih omrežij. OMOGOČI PIŠKOTKE Otroci danskega milijarderja Trije otroci danskega milijarderja Andersa Holcha Povlsena so bili včeraj ob nepravem času na nepravem mestu. Da so med žrtvami res Povlsenovi otroci, so potrdili predstavniki njegovega podjetja Asos in zaprosili za spoštovanje zasebnosti. Družina je bila v Šrilanki na počitnicah. Pred štirimi dnevi je ena od njegovih hčerk na Instagramu objavljala posnetke s počitnic v Šrilanki. Za prikaz vsebine je potrebno omogočite piškotke družbenih omrežij. OMOGOČI PIŠKOTKE Štirje natakarji v Cinnamon Grand hotelu Štirje Šrilančani, ki so delali v restavraciji Taprobane v hotelu Cinnamon Grand, so prav tako umrli v napadih. &quot;Bilo je zelo živahno jutro. Zgodilo se je v nedeljo zjutraj med zajtrkom, ko imamo v restavraciji največ ljudi,&quot; je za BBC povedal predstavnik hotela. Šantha, Sandževani, Ibrahim in Ništar so delali v restavraciji, ko je odjeknilo.  Indijka, ki je bila na obisku pri sorodnikih Po poročanju lokalnih medijev, je med žrtvami tudi 58-letna Rasina iz indijske zvezne države Kerala. V Šrilanko je prispela iz Dubaja, kjer je živela z možem. V Kolombu sta obiskala sorodnike, njen mož je v nedeljo zjutraj odletel nazaj v Dubaj, sama pa bi morala uloviti kasnejši let. Umrla je kmalu, potem ko se je odjavila iz hotela Shangri-La. Zakonca imata hčerko in sina, ki živita v ZDA.  Dva člana indijske politične stranke Med žrtvami sta tudi K. G. Hanumantharajapa in M. Rangapa, člana indijske stranke Janata Dal Party (JDP). Glavni minister indijske zvezne države Karnataka H. D. Kumarasvami je zapisal, da je oba člana stranke osebno poznal in dodal, da je &quot;globoko pretresen&quot;. Indijski zunanji minister Sušma Svaradž je potrdil tudi smrt treh drugih žrtev in jih imenoval kot Lakšmi, Narajan Čandrašekhar in Rameš. Več podrobnosti o njih za zdaj ni znano. Turška inženirja Turški medij Anadolu poroča o dveh turških državljanih, ki sta umrla v napadih. Gre za inženirja Serhana Selcuka Naricija, ki naj bi se v Kolombo preselil pred dvema letoma. Njegov oče je za Anadolu povedal, da je kot električni inženir delal na stavbi ameriškega veleposlaništva v Šrilanki. &quot;Poslal mi je sporočilo na WhatsApp ob 5.00 zjutraj in zapisal 'Dobro jutro'. To je bilo zadnje, kar sem slišal od njega,&quot; je dejal oče Mehmet Narici.  Druga turška žrtev je Yigit Ali Cavus, ki je bil prav tako inženir. &quot;Bil je čudovit otrok. Diplomiral je z odliko na tehnični univerzi v Istanbulu in govoril je dva jezika,&quot; je dejal njegov oče.  Avstralca iz iste družine Avstralski premier Scott Morrison je potrdil, da sta v napadih umrla tudi dva Avstralca. Bila sta člana iste družine, ki je živela v Šrilanki. Podrobnosti niso znane.</article-text>
		<article-text-transliterated>Medtem ko v Šrilanki še vedno preštevajo žrtve velikonočnih napadov na cerkve in hotele, v javnost že prihajajo imena nekaterih žrtev. Med njimi so lokalna zvezdniška kuharska mojstrica, trije otroci danskega milijarderja, člani indijske politične stranke, turška inženirja ... VEČ VIDEOVSEBIN 03:39 Iz 24UR: 24 osumljencev 04:04 Iz 24UR: Izredne razmere 01:13 Iz 24UR: Posledice vojne v Šrilanki Iz SVETA: Skoraj 300 žrtev Med velikonočnimi obredi so v nedeljo odjeknile eksplozije v krajih Kolombo, Negombo in Batticaloa. Večina od najmanj 290 mrtvih je državljanov Šrilanke, več deset pa jih je tujcev – med drugim Britanci, Indijci, Danci in Kitajci. V javnost pa so pricurljala že prva imena žrtev.  Zvezdniška kuharska mojstrica iz Šrilanke Ena od žrtev je Šantha Ajadune (na sliki tretja z desne), zvezdniška kuharska mojstrica iz Šrilanke. Še pred napadi je njena hčerka Nisanga Majadune (na sliki prva z desne) na Facebooku objavila družinsko fotografijo s prazničnega zajtrka v hotelu Shangri-La v Kolombu, kjer je nato eksplodirala bomba. V napadu je umrla tudi hčerka, kar je v objavi na Facebooku potrdil eden od sorodnikov. &quot;Ni besed, ki bi opisale bolečino,&quot; je zapisal ob fotografiji.  Za prikaz vsebine je potrebno omogočite piškotke družbenih omrežij. OMOGOČI PIŠKOTKE Otroci danskega milijarderja Trije otroci danskega milijarderja Andersa Holcha Povlsena so bili včeraj ob nepravem času na nepravem mestu. Da so med žrtvami res Povlsenovi otroci, so potrdili predstavniki njegovega podjetja Asos in zaprosili za spoštovanje zasebnosti. Družina je bila v Šrilanki na počitnicah. Pred štirimi dnevi je ena od njegovih hčerk na Instagramu objavljala posnetke s počitnic v Šrilanki. Za prikaz vsebine je potrebno omogočite piškotke družbenih omrežij. OMOGOČI PIŠKOTKE Štirje natakarji v Cinnamon Grand hotelu Štirje Šrilančani, ki so delali v restavraciji Taprobane v hotelu Cinnamon Grand, so prav tako umrli v napadih. &quot;Bilo je zelo živahno jutro. Zgodilo se je v nedeljo zjutraj med zajtrkom, ko imamo v restavraciji največ ljudi,&quot; je za BBC povedal predstavnik hotela. Šantha, Sandževani, Ibrahim in Ništar so delali v restavraciji, ko je odjeknilo.  Indijka, ki je bila na obisku pri sorodnikih Po poročanju lokalnih medijev, je med žrtvami tudi 58-letna Rasina iz indijske zvezne države Kerala. V Šrilanko je prispela iz Dubaja, kjer je živela z možem. V Kolombu sta obiskala sorodnike, njen mož je v nedeljo zjutraj odletel nazaj v Dubaj, sama pa bi morala uloviti kasnejši let. Umrla je kmalu, potem ko se je odjavila iz hotela Shangri-La. Zakonca imata hčerko in sina, ki živita v ZDA.  Dva člana indijske politične stranke Med žrtvami sta tudi K. G. Hanumantharajapa in M. Rangapa, člana indijske stranke Janata Dal Party (JDP). Glavni minister indijske zvezne države Karnataka H. D. Kumarasvami je zapisal, da je oba člana stranke osebno poznal in dodal, da je &quot;globoko pretresen&quot;. Indijski zunanji minister Sušma Svaradž je potrdil tudi smrt treh drugih žrtev in jih imenoval kot Lakšmi, Narajan Čandrašekhar in Rameš. Več podrobnosti o njih za zdaj ni znano. Turška inženirja Turški medij Anadolu poroča o dveh turških državljanih, ki sta umrla v napadih. Gre za inženirja Serhana Selcuka Naricija, ki naj bi se v Kolombo preselil pred dvema letoma. Njegov oče je za Anadolu povedal, da je kot električni inženir delal na stavbi ameriškega veleposlaništva v Šrilanki. &quot;Poslal mi je sporočilo na WhatsApp ob 5.00 zjutraj in zapisal 'Dobro jutro'. To je bilo zadnje, kar sem slišal od njega,&quot; je dejal oče Mehmet Narici.  Druga turška žrtev je Yigit Ali Cavus, ki je bil prav tako inženir. &quot;Bil je čudovit otrok. Diplomiral je z odliko na tehnični univerzi v Istanbulu in govoril je dva jezika,&quot; je dejal njegov oče.  Avstralca iz iste družine Avstralski premier Scott Morrison je potrdil, da sta v napadih umrla tudi dva Avstralca. Bila sta člana iste družine, ki je živela v Šrilanki. Podrobnosti niso znane.</article-text-transliterated>
	</article>
	<comments>
		<comments-count>1</comments-count>
		<comments-list>
			<comment comment-id="1">
				<comment-parent-id/>
				<comment-text>Vsepovsod žrtve Multi kulture, to je resnična dodana vrednost ??</comment-text>
				<comment-text-transliterated>Vsepovsod žrtve Multi kulture, to je resnična dodana vrednost ??</comment-text-transliterated>
			</comment>
		</comments-list>
	</comments>
</document>
