<document global-id="si-06-1200"><url>https://www.24ur.com/sport/nogomet/zidane-mislim-da-se-temo-bale-malce-prevec-napihuje.html</url><source-id>si-06</source-id><local-id>si-06-1200</local-id><source-name>ur24</source-name><article><article-title>Mariano na treningu Baleu pokazal golf palico, Zidane miri: Tema je prenapihnjena</article-title><article-title-transliterated>Mariano na treningu Baleu pokazal golf palico, Zidane miri: Tema je prenapihnjena</article-title-transliterated><article_time>2019-11-22</article_time><article-author>M.G.</article-author><article-text>Nogometaši madridskega Reala so se vrnili na trening po reprezentančnem premoru. Med trenirajočimi je bil tudi Gareth Bale, tako zelo pogostokrat izven pogona zaradi poškodb. Hitro po provokativnem proslavljanju z zastavo 'Wales. Golf. Madrid. V tem vrstnem redu' pa si ga je na treningu privoščil Mariano Diaz, ki je pred njim 'zamahnil z golf palico'.
"Wales. Golf. Madrid. V tem vrstnem redu," je pisalo na zastavi Walesa, s katero je praktično vsa reprezentanca na čelu z zvezdnikom Real Madrida Garetha Balea proslavljala zmago nad Madžarsko v Cardiffu (2:0). Gre za pomenljivo šalo na račun napadalca, ki v zadnjih letih polni časopisne stolpce zaradi svojega sloga življenja, ki menda poleg igranja golfa nima pretiranih vrhuncev. 
Zastava, s katero je na Iberskem polotoku dvignil precej prahu, ni ostala skrita niti Baleovim soigralcem. Tako si je Mariano Diaz na treningu Reala privoščil pikro potezo ali pa morda šalo in pred Valižanom zamahnil v slogu golfista ...
Za prikaz vsebine je potrebno omogočite piškotke družbenih omrežij.
OMOGOČI PIŠKOTKE
Zidane umirja žogico: Tema Bale je prenapihnjena
"Mislim, da delamo preveč drame o temi Gareth Bale. Pomembno bi bilo, da se osredotočimo na nogomet. Znova je z nami in navdušeni smo. Veliko je dal klubu in gledam le na športne dosežke. Preostalo me ne zanima," je bil na novinarski konferenci pred ligaško tekmo Reala z Real Sociedadom jasen trener Reala Zinedine Zidane.
"Mislim, da je Bale lahko odločilen tudi za tekme Reala. Je pomemben igralec. Če je dobro, če nima težav s poškodbami, je zelo pomemben. To je že dokazal in zagotovo še bo v prihodnje," je prepričan francoski strokovnjak, ki je Real popeljal do treh zaporednih naslovov v Ligi prvakov.
"Se je Bale posmehoval iz Reala?" se je glasilo novinarsko vprašanje. "Ne bom se vključil v to debato. Bale je moj igralec," je bil kratek Zidane. "Bale izgleda srečen v Walesu ..." so nadaljevali španski novinarski kolegi. "Po golu v finalu Lige prvakov sem ga tudi videl zelo srečnega. Mogoče je zaradi jezika. V garderobi je vse v redu," je še v kali zatrl namigovanja novinarjev, da je Bale v prostorih madridskega Reala nesrečen oz. nezadovoljen.</article-text><article-text-transliterated>Nogometaši madridskega Reala so se vrnili na trening po reprezentančnem premoru. Med trenirajočimi je bil tudi Gareth Bale, tako zelo pogostokrat izven pogona zaradi poškodb. Hitro po provokativnem proslavljanju z zastavo 'Wales. Golf. Madrid. V tem vrstnem redu' pa si ga je na treningu privoščil Mariano Diaz, ki je pred njim 'zamahnil z golf palico'.
"Wales. Golf. Madrid. V tem vrstnem redu," je pisalo na zastavi Walesa, s katero je praktično vsa reprezentanca na čelu z zvezdnikom Real Madrida Garetha Balea proslavljala zmago nad Madžarsko v Cardiffu (2:0). Gre za pomenljivo šalo na račun napadalca, ki v zadnjih letih polni časopisne stolpce zaradi svojega sloga življenja, ki menda poleg igranja golfa nima pretiranih vrhuncev. 
Zastava, s katero je na Iberskem polotoku dvignil precej prahu, ni ostala skrita niti Baleovim soigralcem. Tako si je Mariano Diaz na treningu Reala privoščil pikro potezo ali pa morda šalo in pred Valižanom zamahnil v slogu golfista ...
Za prikaz vsebine je potrebno omogočite piškotke družbenih omrežij.
OMOGOČI PIŠKOTKE
Zidane umirja žogico: Tema Bale je prenapihnjena
"Mislim, da delamo preveč drame o temi Gareth Bale. Pomembno bi bilo, da se osredotočimo na nogomet. Znova je z nami in navdušeni smo. Veliko je dal klubu in gledam le na športne dosežke. Preostalo me ne zanima," je bil na novinarski konferenci pred ligaško tekmo Reala z Real Sociedadom jasen trener Reala Zinedine Zidane.
"Mislim, da je Bale lahko odločilen tudi za tekme Reala. Je pomemben igralec. Če je dobro, če nima težav s poškodbami, je zelo pomemben. To je že dokazal in zagotovo še bo v prihodnje," je prepričan francoski strokovnjak, ki je Real popeljal do treh zaporednih naslovov v Ligi prvakov.
"Se je Bale posmehoval iz Reala?" se je glasilo novinarsko vprašanje. "Ne bom se vključil v to debato. Bale je moj igralec," je bil kratek Zidane. "Bale izgleda srečen v Walesu ..." so nadaljevali španski novinarski kolegi. "Po golu v finalu Lige prvakov sem ga tudi videl zelo srečnega. Mogoče je zaradi jezika. V garderobi je vse v redu," je še v kali zatrl namigovanja novinarjev, da je Bale v prostorih madridskega Reala nesrečen oz. nezadovoljen.</article-text-transliterated></article><comments><comments-count>19</comments-count><comments-list><comment comment-id="1"><comment-parent-id /><comment-text>Muahahaha, kako zabavno.....</comment-text><comment-text-transliterated>Muahahaha, kako zabavno.....</comment-text-transliterated></comment><comment comment-id="2"><comment-parent-id /><comment-text>Kaksne golf palice pa karma pa ovo ono... njim se tolk j... za vse skupaj. Lahko imajo kar hocejo in kdo jim kaj more...</comment-text><comment-text-transliterated>Kaksne golf palice pa karma pa ovo ono... njim se tolk j... za vse skupaj. Lahko imajo kar hocejo in kdo jim kaj more...</comment-text-transliterated></comment><comment comment-id="3"><comment-parent-id /><comment-text>Kaksne golf palice pa karma pa</comment-text><comment-text-transliterated>Kaksne golf palice pa karma pa</comment-text-transliterated></comment><comment comment-id="4"><comment-parent-id /><comment-text>Marian Diaz, to je šarmer in klovn na igrišču. In ta osebek se norčuje iz Balea !!!! Karma bo spet na delu !</comment-text><comment-text-transliterated>Marian Diaz, to je šarmer in klovn na igrišču. In ta osebek se norčuje iz Balea !!!! Karma bo spet na delu !</comment-text-transliterated></comment><comment comment-id="5"><comment-parent-id /><comment-text>Tale ki ga podite iz kluba vam je prinesel najmanj 2 kanti. Podili ste tudi Benza pa vam je dokazal,da nimate pojma,ker je moral tako igrati zaradi ta lepega. Sicer pa so v Realu navajeni ven metat tiste ki so nekaj doprinesli k uspehom kluba tudi največje legende</comment-text><comment-text-transliterated>Tale ki ga podite iz kluba vam je prinesel najmanj 2 kanti. Podili ste tudi Benza pa vam je dokazal,da nimate pojma,ker je moral tako igrati zaradi ta lepega. Sicer pa so v Realu navajeni ven metat tiste ki so nekaj doprinesli k uspehom kluba tudi največje legende</comment-text-transliterated></comment><comment comment-id="5-1"><comment-parent-id>5</comment-parent-id><comment-text>ne kakaj konjiček raje bam ne prinese več nič kot da se posmehuje celotnemu klubu in soigralcen ki so ga podpirali vedbo ko ga Zidane in Perez nista..
se lepo vidi da si navijač le messija ne pa kluba barcelobe niben igralec se nima kaj za norčevati iz kluba pa al je to messi al Ronaldo ali bilo kdo sploh pa ne ob takšni plači!!!</comment-text><comment-text-transliterated>ne kakaj konjiček raje bam ne prinese več nič kot da se posmehuje celotnemu klubu in soigralcen ki so ga podpirali vedbo ko ga Zidane in Perez nista..
se lepo vidi da si navijač le messija ne pa kluba barcelobe niben igralec se nima kaj za norčevati iz kluba pa al je to messi al Ronaldo ali bilo kdo sploh pa ne ob takšni plači!!!</comment-text-transliterated></comment><comment comment-id="5-2"><comment-parent-id>5</comment-parent-id><comment-text>hahahha pacient</comment-text><comment-text-transliterated>hahahha pacient</comment-text-transliterated></comment><comment comment-id="5-3"><comment-parent-id>5</comment-parent-id><comment-text>...na kvadrat</comment-text><comment-text-transliterated>...na kvadrat</comment-text-transliterated></comment><comment comment-id="6"><comment-parent-id /><comment-text>Dobro povedano, da se utiša novinarčke, željnih senzacij.</comment-text><comment-text-transliterated>Dobro povedano, da se utiša novinarčke, željnih senzacij.</comment-text-transliterated></comment><comment comment-id="7"><comment-parent-id /><comment-text>prav je tako zdej naj ga še soigralci začnejo špikat ki so mu vedno stali ob strani pa bo sam hotel zbežati kljub takšni plači ki jo ima...</comment-text><comment-text-transliterated>prav je tako zdej naj ga še soigralci začnejo špikat ki so mu vedno stali ob strani pa bo sam hotel zbežati kljub takšni plači ki jo ima...</comment-text-transliterated></comment><comment comment-id="8"><comment-parent-id /><comment-text>To pa je današnja top novica na 24ur.com. Kera reč. Neverjetno. Čisto sem paf. Kaj so naredili Baleu. Ta verjetno tega ne bo nikoli prebolel.</comment-text><comment-text-transliterated>To pa je današnja top novica na 24ur.com. Kera reč. Neverjetno. Čisto sem paf. Kaj so naredili Baleu. Ta verjetno tega ne bo nikoli prebolel.</comment-text-transliterated></comment><comment comment-id="9"><comment-parent-id /><comment-text>Zadnja leta je bil Mariano zelo neuspešen trener, Gareth Bale pa ni pokazal kar bi lahko, preveč ga je zaposloval golf. </comment-text><comment-text-transliterated>Zadnja leta je bil Mariano zelo neuspešen trener, Gareth Bale pa ni pokazal kar bi lahko, preveč ga je zaposloval golf. </comment-text-transliterated></comment><comment comment-id="9-1"><comment-parent-id>9</comment-parent-id><comment-text>Mariano trener ???</comment-text><comment-text-transliterated>Mariano trener ???</comment-text-transliterated></comment><comment comment-id="10"><comment-parent-id /><comment-text>WOW,......to pa je novica na 24ur.</comment-text><comment-text-transliterated>WOW,......to pa je novica na 24ur.</comment-text-transliterated></comment><comment comment-id="11"><comment-parent-id /><comment-text>No tudi na posnetku se vidi, da je bale sproščen na delovnem mestu. Modrić se mi zdi nekam napet, noče u ševo.</comment-text><comment-text-transliterated>No tudi na posnetku se vidi, da je bale sproščen na delovnem mestu. Modrić se mi zdi nekam napet, noče u ševo.</comment-text-transliterated></comment><comment comment-id="12"><comment-parent-id /><comment-text>Te realovi treningi so podobni popoldanski igri v vrtcu</comment-text><comment-text-transliterated>Te realovi treningi so podobni popoldanski igri v vrtcu</comment-text-transliterated></comment><comment comment-id="12-1"><comment-parent-id>12</comment-parent-id><comment-text>Ves ko si enkrat na tako vrhunskem nivoju se težko še karkoli izpili razem taktičnih zamisli in ohranjanja telesne pripravljenosti</comment-text><comment-text-transliterated>Ves ko si enkrat na tako vrhunskem nivoju se težko še karkoli izpili razem taktičnih zamisli in ohranjanja telesne pripravljenosti</comment-text-transliterated></comment><comment comment-id="12-2"><comment-parent-id>12</comment-parent-id><comment-text>Najbolje bi bilo po tvojem, da bi jih nagnal na Šmarno goro z 10 kg peska na hrbtu. Saj bodo v naslednjih 16 dnevih odigrali samo 5 tekem, ti revež pa moraš vsak dan po 8 ur v službo....</comment-text><comment-text-transliterated>Najbolje bi bilo po tvojem, da bi jih nagnal na Šmarno goro z 10 kg peska na hrbtu. Saj bodo v naslednjih 16 dnevih odigrali samo 5 tekem, ti revež pa moraš vsak dan po 8 ur v službo....</comment-text-transliterated></comment><comment comment-id="13"><comment-parent-id /><comment-text>to ni korektno. ta klub mu daje bajeslovno plačo za skoraj nič igranja. pol časa poškodovan itn. ne rečem, zidane je bil in je verjetno še vedno okruten in krivičen do njega, a vseeno. ni klub samo zidane. zares nepotrebna provokacija. škoda.</comment-text><comment-text-transliterated>to ni korektno. ta klub mu daje bajeslovno plačo za skoraj nič igranja. pol časa poškodovan itn. ne rečem, zidane je bil in je verjetno še vedno okruten in krivičen do njega, a vseeno. ni klub samo zidane. zares nepotrebna provokacija. škoda.</comment-text-transliterated></comment></comments-list></comments></document>