<?xml version="1.0" encoding="utf-8"?>
<document global-id="si-06-1283">
	<url>https://www.24ur.com/novice/slovenija/mladi-zdravniki-2.html</url>
	<source-id>si-06</source-id>
	<local-id>1283</local-id>
	<source-name>ur24</source-name>
	<article>
		<article-title>Mladi zdravniki: Življenja bolnikov so resno ogrožena</article-title>
		<article-title-transliterated>Mladi zdravniki: Življenja bolnikov so resno ogrožena</article-title-transliterated>
		<article-time>2018-07-30</article-time>
		<article-author>K.H.</article-author>
		<article-text>Mladi zdravniki so zgroženi nad stanjem v zdravstvu. Kot so zapisali v odprtem pismu, bomo posledice preteklega poseganja politike in posameznikov v stroko čutili še več let. Že v preteklih letih so, kot pravijo, opozarjali na večino nepremišljenih in škodljivih ukrepov, a brez učinka. &quot;Življenja slovenskih bolnikov so resno ogrožena, pod vprašajem je tudi preživetje posameznih subspecialnih medicinskih strok v Sloveniji,&quot; so opozorili.  VEČ VIDEOVSEBIN 03:09 Iz 24UR: Mladi zdravniki opozarjajo na neenakosti 06:13 Iz 24UR ZVEČER: Mladi zdravniki pravijo, da politika ogroža življenja Zdravniki opozarjajo na napremišljeno in hitro sprejemanje zakonov, ki lahko dodatno ogrozijo zdravstveni sistem.FOTO: iStock Trenutno je sicer v javnosti najbolj razvpito dogajanje na otroški srčni kirurgiji. Toda ta primer, ki se vleče že leta, je le &quot;prva padla karta hišice iz kart&quot;, so zapisali Mladi zdravniki v pismu, pod katerega se je podpisala Tina Bergant.  &quot;Mladi zdravniki Slovenije iskreno obžalujemo, da so bila preslišana številna opozorila tako zdravniških organizacij kot zdravnikov posameznikov. V letu brezglavega omejevanja dela slovenskih zdravnikov in rezanju kompetenc mladih specialistov, smo priča ad hoc spremenjenim zakonom, ki so bili malo pred tem po enakih, vrtoglavo hitrih postopkih tudi sprejeti,&quot; so opozorili mladi zdravniki. Zato se sprašujejo, kakšne bodo pasti nove zakonodaje in ali bodo morda razvrednotili slovenske zdravniške licence, pomen znanja slovenskega jezika in vloge tolmača.  Opozorili so na škodljive poteze politike v preteklem letu, vmešavanje politike v stroko, pomanjkanje posluha za bolnike in zdravstveno osebje, pa tudi na &quot;željo po ugajanju javnosti za ceno resnice&quot;. Razvrednotenje lastnih zdravnikov je zaskrbljujoče, so poudarili. &quot;Hkrati pa izpostavljanje slovenskih bolnikov in zdravnikov neurejenim razmeram krši načela kakovostne in varne obravnave, čemur se moramo vsi skupaj upreti in spremeniti trenutni zdravstveni sistem,&quot; so jasni v Mladih zdravnikih.  Želijo si, da bi v Sloveniji vzpostavili delujoč, kakovosten in varen sistem obravnave vseh bolnikov, &quot;ki bi temeljil na sodelovanju, enakovrednih in spoštljivih odnosih, preseganju zavisti, potrebe po premoči in nespodobnega bogatenja na račun bolnih ter zavedanja, da sta etika in morala nadrejena birokraciji in papirologiji&quot;. Dodajajo še, da bi morala politika slediti zavezi, da delujejo za ljudi, ne pa streči lastnim interesom.  Mladi zdravniki so diplomanti Medicinske fakultete, ki so vpisani v register zdravnikov pri Zdravniški zbornici Slovenije do pet let po specialističnem izpitu. Gre za zdravnike pripravnike, sobne zdravnike, specializante in specialiste do pet let po specialističnem izpitu.  Na slabšanje razmer opozorili že v Zdravniškem društvu Na neustrezno reševanje problematike otroške srčne kirurgije in ostale ukrepe v zdravstvu je že pred dnevi opozorilo tudi Zdravniško društvo. Tudi oni so opozorili, da ukrepi vlade vodijo v poniževalno razvrednotenje zdravniškega dela. &quot;Ob sedanjih razmerah nosilci zdravstvene dejavnosti ne moremo več zagotavljati strokovno varnega dela,&quot; je ocenil predsednik društva Radko Komadina. Kot je poudaril, je popolnoma nesprejemljivo, da bodo tuji zdravniki, ki v Slovenijo prihajajo predvsem zaradi odhodov domačih strokovnjakov, za svoje delo dobili neprimerno višje plačilo od domačih specialistov. Pri tem pa se pričakuje, da bodo slovenski zdravniki opravljali vlogo prevajalcev. Vendar, to je povsem neprimerno, saj takšno delo vodi v napake, ki lahko ogrozijo zdravje bolnikov, so poudarili.</article-text>
		<article-text-transliterated>Mladi zdravniki so zgroženi nad stanjem v zdravstvu. Kot so zapisali v odprtem pismu, bomo posledice preteklega poseganja politike in posameznikov v stroko čutili še več let. Že v preteklih letih so, kot pravijo, opozarjali na večino nepremišljenih in škodljivih ukrepov, a brez učinka. &quot;Življenja slovenskih bolnikov so resno ogrožena, pod vprašajem je tudi preživetje posameznih subspecialnih medicinskih strok v Sloveniji,&quot; so opozorili.  VEČ VIDEOVSEBIN 03:09 Iz 24UR: Mladi zdravniki opozarjajo na neenakosti 06:13 Iz 24UR ZVEČER: Mladi zdravniki pravijo, da politika ogroža življenja Zdravniki opozarjajo na napremišljeno in hitro sprejemanje zakonov, ki lahko dodatno ogrozijo zdravstveni sistem.FOTO: iStock Trenutno je sicer v javnosti najbolj razvpito dogajanje na otroški srčni kirurgiji. Toda ta primer, ki se vleče že leta, je le &quot;prva padla karta hišice iz kart&quot;, so zapisali Mladi zdravniki v pismu, pod katerega se je podpisala Tina Bergant.  &quot;Mladi zdravniki Slovenije iskreno obžalujemo, da so bila preslišana številna opozorila tako zdravniških organizacij kot zdravnikov posameznikov. V letu brezglavega omejevanja dela slovenskih zdravnikov in rezanju kompetenc mladih specialistov, smo priča ad hoc spremenjenim zakonom, ki so bili malo pred tem po enakih, vrtoglavo hitrih postopkih tudi sprejeti,&quot; so opozorili mladi zdravniki. Zato se sprašujejo, kakšne bodo pasti nove zakonodaje in ali bodo morda razvrednotili slovenske zdravniške licence, pomen znanja slovenskega jezika in vloge tolmača.  Opozorili so na škodljive poteze politike v preteklem letu, vmešavanje politike v stroko, pomanjkanje posluha za bolnike in zdravstveno osebje, pa tudi na &quot;željo po ugajanju javnosti za ceno resnice&quot;. Razvrednotenje lastnih zdravnikov je zaskrbljujoče, so poudarili. &quot;Hkrati pa izpostavljanje slovenskih bolnikov in zdravnikov neurejenim razmeram krši načela kakovostne in varne obravnave, čemur se moramo vsi skupaj upreti in spremeniti trenutni zdravstveni sistem,&quot; so jasni v Mladih zdravnikih.  Želijo si, da bi v Sloveniji vzpostavili delujoč, kakovosten in varen sistem obravnave vseh bolnikov, &quot;ki bi temeljil na sodelovanju, enakovrednih in spoštljivih odnosih, preseganju zavisti, potrebe po premoči in nespodobnega bogatenja na račun bolnih ter zavedanja, da sta etika in morala nadrejena birokraciji in papirologiji&quot;. Dodajajo še, da bi morala politika slediti zavezi, da delujejo za ljudi, ne pa streči lastnim interesom.  Mladi zdravniki so diplomanti Medicinske fakultete, ki so vpisani v register zdravnikov pri Zdravniški zbornici Slovenije do pet let po specialističnem izpitu. Gre za zdravnike pripravnike, sobne zdravnike, specializante in specialiste do pet let po specialističnem izpitu.  Na slabšanje razmer opozorili že v Zdravniškem društvu Na neustrezno reševanje problematike otroške srčne kirurgije in ostale ukrepe v zdravstvu je že pred dnevi opozorilo tudi Zdravniško društvo. Tudi oni so opozorili, da ukrepi vlade vodijo v poniževalno razvrednotenje zdravniškega dela. &quot;Ob sedanjih razmerah nosilci zdravstvene dejavnosti ne moremo več zagotavljati strokovno varnega dela,&quot; je ocenil predsednik društva Radko Komadina. Kot je poudaril, je popolnoma nesprejemljivo, da bodo tuji zdravniki, ki v Slovenijo prihajajo predvsem zaradi odhodov domačih strokovnjakov, za svoje delo dobili neprimerno višje plačilo od domačih specialistov. Pri tem pa se pričakuje, da bodo slovenski zdravniki opravljali vlogo prevajalcev. Vendar, to je povsem neprimerno, saj takšno delo vodi v napake, ki lahko ogrozijo zdravje bolnikov, so poudarili.</article-text-transliterated>
	</article>
	<comments>
		<comments-count>86</comments-count>
		<comments-list>
			<comment comment-id="1">
				<comment-parent-id/>
				<comment-text>Navadni nakladači. Vejo da bodo prej ali slej bogovi, ko se bodo sedanji bogovi upokojili. Konkretnih rešitev pa zdravniški ceh ne daje. Zakaj pa bi, če jim zaenkrat ustreza kaos. Mladi zdravniki pozabljajo, da delajo in delajo za bogove ki se sončijo. Nad mladimi zdravniki sem razočaran.</comment-text>
				<comment-text-transliterated>Navadni nakladači. Vejo da bodo prej ali slej bogovi, ko se bodo sedanji bogovi upokojili. Konkretnih rešitev pa zdravniški ceh ne daje. Zakaj pa bi, če jim zaenkrat ustreza kaos. Mladi zdravniki pozabljajo, da delajo in delajo za bogove ki se sončijo. Nad mladimi zdravniki sem razočaran.</comment-text-transliterated>
			</comment>
			<comment comment-id="2">
				<comment-parent-id/>
				<comment-text>V zdravstvu samo čakajo, da mine mesec in da lahko vlečejo plače, delajo pa bolj malo v korist boljšemu zdravju ljudi, žal. Neke papirje prekladajo, kofetkajo, se sprehajajo, delajo neke brezvezne preglede,...na koncu če se potegne črto, bolani ljudje ostanejo v nemislosti prepuščeni sami seb.</comment-text>
				<comment-text-transliterated>V zdravstvu samo čakajo, da mine mesec in da lahko vlečejo plače, delajo pa bolj malo v korist boljšemu zdravju ljudi, žal. Neke papirje prekladajo, kofetkajo, se sprehajajo, delajo neke brezvezne preglede,...na koncu če se potegne črto, bolani ljudje ostanejo v nemislosti prepuščeni sami seb.</comment-text-transliterated>
			</comment>
			<comment comment-id="3">
				<comment-parent-id/>
				<comment-text>Življenje je vedno in povsod ogroženo, ko se pripelje do situacije...ko člouk ne ve, kaj bi napisou. Tudi večine konetarjev je, preprosto zelo težko razumljivo.</comment-text>
				<comment-text-transliterated>Življenje je vedno in povsod ogroženo, ko se pripelje do situacije...ko člouk ne ve, kaj bi napisou. Tudi večine konetarjev je, preprosto zelo težko razumljivo.</comment-text-transliterated>
			</comment>
			<comment comment-id="4">
				<comment-parent-id/>
				<comment-text>Men je jasno da bo vse huje. Posebaj še ko vemo da se je šel mali milan v Švico zdravit. Tam ni poceni. In plačali smo mi navadni delavci na minimalcu. In ob tem še SD pere denar na NLB.  Kje je to blaginja za vse in ne za peščico????  To si floskule in te ljudi bi morali vreč na smetišče zgodovine.</comment-text>
				<comment-text-transliterated>Men je jasno da bo vse huje. Posebaj še ko vemo da se je šel mali milan v Švico zdravit. Tam ni poceni. In plačali smo mi navadni delavci na minimalcu. In ob tem še SD pere denar na NLB.  Kje je to blaginja za vse in ne za peščico????  To si floskule in te ljudi bi morali vreč na smetišče zgodovine.</comment-text-transliterated>
			</comment>
			<comment comment-id="4-1">
				<comment-parent-id>4</comment-parent-id>
				<comment-text>Kilav kot je mu ne pomaga več noben doktor. debeli se in debeli, možganov pa tko ni mel, da bi mu propadali.</comment-text>
				<comment-text-transliterated>Kilav kot je mu ne pomaga več noben doktor. debeli se in debeli, možganov pa tko ni mel, da bi mu propadali.</comment-text-transliterated>
			</comment>
			<comment comment-id="5">
				<comment-parent-id/>
				<comment-text>Eh, kaj pa vem... toliko člankov o delu zdravnikov, vsi jamrajo, ne zmorejo, imajo nadur toliko, kot da delajo 20 ur na dan, plače prenizke..... Pa se mi zasmilijo, dokler jih ne rabim in me dobesedno ponižajo najprej s čakanjem in poslušanjem, kako kofetkajo, potem pa z njihovim odnosom, ko ni nič prav, kar narediš in jim je dobesedno odveč, da so te sprejeli. Vsi zdravniki, ki jih poznam, živijo nadstandardno življenje, imajo nadpovprečno hišo in avtomobil, se prehranjujejo bio, na počitnice hodijo po vsem svetu za tri tedne skupaj. Ne vem, če bi to zmogli s tisto plačo 2000 bruto, kolikor pravijo, da imajo, očitno nekateri dobijo dosti več. Verjamem, da ni vse popolno in si želijo, da bi bilo kaj drugače, ampak ne zdi se mi fer, da jamrajo ljudem, ki si niti predstavljati ne morejo, kako priti čez mesec brez skrbi, kako je kupiti kvalitetno hrano in kako se je peljati na počitnice z letalom. Naj se obrnejo s svojimi problemi na tiste, ki jih lahko rešijo, naj dajo realne predloge, ki so v naši državi izvedljivi.</comment-text>
				<comment-text-transliterated>Eh, kaj pa vem... toliko člankov o delu zdravnikov, vsi jamrajo, ne zmorejo, imajo nadur toliko, kot da delajo 20 ur na dan, plače prenizke..... Pa se mi zasmilijo, dokler jih ne rabim in me dobesedno ponižajo najprej s čakanjem in poslušanjem, kako kofetkajo, potem pa z njihovim odnosom, ko ni nič prav, kar narediš in jim je dobesedno odveč, da so te sprejeli. Vsi zdravniki, ki jih poznam, živijo nadstandardno življenje, imajo nadpovprečno hišo in avtomobil, se prehranjujejo bio, na počitnice hodijo po vsem svetu za tri tedne skupaj. Ne vem, če bi to zmogli s tisto plačo 2000 bruto, kolikor pravijo, da imajo, očitno nekateri dobijo dosti več. Verjamem, da ni vse popolno in si želijo, da bi bilo kaj drugače, ampak ne zdi se mi fer, da jamrajo ljudem, ki si niti predstavljati ne morejo, kako priti čez mesec brez skrbi, kako je kupiti kvalitetno hrano in kako se je peljati na počitnice z letalom. Naj se obrnejo s svojimi problemi na tiste, ki jih lahko rešijo, naj dajo realne predloge, ki so v naši državi izvedljivi.</comment-text-transliterated>
			</comment>
			<comment comment-id="6">
				<comment-parent-id/>
				<comment-text>Življenja slovenskih bolnikov so resno ogrožena, a partijska dr hal se bori samo za svoje stolčke. cerarja in Milojko je treba takoj dati pred Turnškova hitra sodišča ali soditi po Brglezovem naravnem pravu..</comment-text>
				<comment-text-transliterated>Življenja slovenskih bolnikov so resno ogrožena, a partijska dr hal se bori samo za svoje stolčke. cerarja in Milojko je treba takoj dati pred Turnškova hitra sodišča ali soditi po Brglezovem naravnem pravu..</comment-text-transliterated>
			</comment>
			<comment comment-id="6-1">
				<comment-parent-id>6</comment-parent-id>
				<comment-text>Cerarjevi plenilci v zdravstvu še vedno uničujejo vse povprek. In ta nesposobna hijena bo pokleknila pred vsemi, samo, da bo lahko še naprej kradla.</comment-text>
				<comment-text-transliterated>Cerarjevi plenilci v zdravstvu še vedno uničujejo vse povprek. In ta nesposobna hijena bo pokleknila pred vsemi, samo, da bo lahko še naprej kradla.</comment-text-transliterated>
			</comment>
			<comment comment-id="6-2">
				<comment-parent-id>6</comment-parent-id>
				<comment-text>Požun, Žličarjeva in Milojka skupaj uničujejo onkološki inštitut.</comment-text>
				<comment-text-transliterated>Požun, Žličarjeva in Milojka skupaj uničujejo onkološki inštitut.</comment-text-transliterated>
			</comment>
			<comment comment-id="7">
				<comment-parent-id/>
				<comment-text>Ne se bat za bogate bolnike, ti imajo zveze ali pa gredo k privatnemu. Na ostale se pa politika poserje!</comment-text>
				<comment-text-transliterated>Ne se bat za bogate bolnike, ti imajo zveze ali pa gredo k privatnemu. Na ostale se pa politika poserje!</comment-text-transliterated>
			</comment>
			<comment comment-id="8">
				<comment-parent-id/>
				<comment-text>Bla, bla, bla. Vsi enaki, stari in mladi. €€€€€€€ $$$$$$$ ££££££🙄</comment-text>
				<comment-text-transliterated>Bla, bla, bla. Vsi enaki, stari in mladi. €€€€€€€ $$$$$$$ ££££££🙄</comment-text-transliterated>
			</comment>
			<comment comment-id="9">
				<comment-parent-id/>
				<comment-text>Zadnjih 6 let je na oblasti levica, katero ste izvolili tudi na zadnjih volitvah. Če vam bodo presedale čakalne dobe in ostale stvari v zdravstvu, se spomnite, da je za to kriva predvsem politika. Ne glede na to, koga volimo, levico ali desnico, bi moralo biti zdravstvo med najvišjimi prioritetami, saj ravno zdravje daje človeku osnovo za normalno in dostojno življenje. Brez zdravja ti denar in luksuz ne pomagata kaj dosti.</comment-text>
				<comment-text-transliterated>Zadnjih 6 let je na oblasti levica, katero ste izvolili tudi na zadnjih volitvah. Če vam bodo presedale čakalne dobe in ostale stvari v zdravstvu, se spomnite, da je za to kriva predvsem politika. Ne glede na to, koga volimo, levico ali desnico, bi moralo biti zdravstvo med najvišjimi prioritetami, saj ravno zdravje daje človeku osnovo za normalno in dostojno življenje. Brez zdravja ti denar in luksuz ne pomagata kaj dosti.</comment-text-transliterated>
			</comment>
			<comment comment-id="9-1">
				<comment-parent-id>9</comment-parent-id>
				<comment-text>Seveda je kriva politika Janšev ZUJF leta 2012. Ki je onemogočil zaposlovanje mladih zdravnikov, medicinskih sester... Ki so zato odšli v tujino. Zato danes primanjkuje 500 zdravnikov in 3.000 medicinskih sester. Nobena politika to ne more rešiti čez noč. Desetletje bo potrebno, da se izobrazi ustrezen slovenski kader.</comment-text>
				<comment-text-transliterated>Seveda je kriva politika Janšev ZUJF leta 2012. Ki je onemogočil zaposlovanje mladih zdravnikov, medicinskih sester... Ki so zato odšli v tujino. Zato danes primanjkuje 500 zdravnikov in 3.000 medicinskih sester. Nobena politika to ne more rešiti čez noč. Desetletje bo potrebno, da se izobrazi ustrezen slovenski kader.</comment-text-transliterated>
			</comment>
			<comment comment-id="10">
				<comment-parent-id/>
				<comment-text>S komentarji marsikdo kaže slabo mnenje o zdravnikih, želi pa si dobrega ravnanja s strani istih. Kdor drugemu slabo hoče, sam do rega ne zasluži.</comment-text>
				<comment-text-transliterated>S komentarji marsikdo kaže slabo mnenje o zdravnikih, želi pa si dobrega ravnanja s strani istih. Kdor drugemu slabo hoče, sam do rega ne zasluži.</comment-text-transliterated>
			</comment>
			<comment comment-id="10-1">
				<comment-parent-id>10</comment-parent-id>
				<comment-text>Jst raj crknem, kt da grem k tem mazačem.</comment-text>
				<comment-text-transliterated>Jst raj crknem, kt da grem k tem mazačem.</comment-text-transliterated>
			</comment>
			<comment comment-id="10-2">
				<comment-parent-id>10</comment-parent-id>
				<comment-text>Poj pa dej ane. Pogrešal te ne bo nihče</comment-text>
				<comment-text-transliterated>Poj pa dej ane. Pogrešal te ne bo nihče</comment-text-transliterated>
			</comment>
			<comment comment-id="10-3">
				<comment-parent-id>10</comment-parent-id>
				<comment-text>SEj ti boš tud, k to nas pa vse čaka.</comment-text>
				<comment-text-transliterated>SEj ti boš tud, k to nas pa vse čaka.</comment-text-transliterated>
			</comment>
			<comment comment-id="10-4">
				<comment-parent-id>10</comment-parent-id>
				<comment-text>Ja in. Kaj je potem bistvo tvojega komentarja?</comment-text>
				<comment-text-transliterated>Ja in. Kaj je potem bistvo tvojega komentarja?</comment-text-transliterated>
			</comment>
			<comment comment-id="11">
				<comment-parent-id/>
				<comment-text>PET NESPREJEMLJIVIH, IZKLJUČUJOČIH TOČK LEVICE ZA NSi in SDS GLEDE ZDRAVSTVA ........   1.)Dopolnilno zdravstveno zavarovanje bomo nadomestili s solidarnostno dajatvijo. Večina prebivalcev bo plačevala manj, kot plačujejo zdaj zavarovalnicam. 60 milijonov evrov sredstev iz postavke zavarovalnin, ki si jih zdaj prisvajajo zavarovalnice, bo preusmerjenih v javni zdravstveni sistem..... 2.) Košarico pravic bomo razširili, zlasti v zobozdravstvu, kjer doplačujemo celo osnovne storitve..... 3.) Ustavili bomo podeljevanje koncesij in prepovedali dopolnilno delo v zasebnem sektorju zdravnikom,  zaposlenim v javnem sektorju. Zdravstvene delavce bomo spodbujali, da dodatno delo za plačilo opravijo v javnih zavodih, koncesionarje pa, da se vrnejo v javni sistem. Tako bomo zagotovili, da bodo prednostno obravnavani bolniki z najtežjimi obolenji, ne pa prehlajeni potrošniki z najglobljo denarnico..... 4.)Zagotovili bomo sredstva za modernizacijo zdravstvenih domov in bolnišnic. Zato ne bo več treba podeljevati koncesij, se zatekati k akcijam zbiranja zamaškov ali se zanašati na arbitrarno dobrodelnost za nabavo nujno potrebnih medicinskih naprav..... 5.)Korupcijo in visoke provizije pri dobavi medicinskih materialov bomo odpravili z ustanovitvijo javnega podjetja za nabavo medicinskih materialov, ki bo izrinilo privatne posrednike............ V NSi in SDS NE BODO NIKOLI PRISTALI NA ZGORNJIH 5 TOČK LEVICE.</comment-text>
				<comment-text-transliterated>PET NESPREJEMLJIVIH, IZKLJUČUJOČIH TOČK LEVICE ZA NSi in SDS GLEDE ZDRAVSTVA ........   1.)Dopolnilno zdravstveno zavarovanje bomo nadomestili s solidarnostno dajatvijo. Večina prebivalcev bo plačevala manj, kot plačujejo zdaj zavarovalnicam. 60 milijonov evrov sredstev iz postavke zavarovalnin, ki si jih zdaj prisvajajo zavarovalnice, bo preusmerjenih v javni zdravstveni sistem..... 2.) Košarico pravic bomo razširili, zlasti v zobozdravstvu, kjer doplačujemo celo osnovne storitve..... 3.) Ustavili bomo podeljevanje koncesij in prepovedali dopolnilno delo v zasebnem sektorju zdravnikom,  zaposlenim v javnem sektorju. Zdravstvene delavce bomo spodbujali, da dodatno delo za plačilo opravijo v javnih zavodih, koncesionarje pa, da se vrnejo v javni sistem. Tako bomo zagotovili, da bodo prednostno obravnavani bolniki z najtežjimi obolenji, ne pa prehlajeni potrošniki z najglobljo denarnico..... 4.)Zagotovili bomo sredstva za modernizacijo zdravstvenih domov in bolnišnic. Zato ne bo več treba podeljevati koncesij, se zatekati k akcijam zbiranja zamaškov ali se zanašati na arbitrarno dobrodelnost za nabavo nujno potrebnih medicinskih naprav..... 5.)Korupcijo in visoke provizije pri dobavi medicinskih materialov bomo odpravili z ustanovitvijo javnega podjetja za nabavo medicinskih materialov, ki bo izrinilo privatne posrednike............ V NSi in SDS NE BODO NIKOLI PRISTALI NA ZGORNJIH 5 TOČK LEVICE.</comment-text-transliterated>
			</comment>
			<comment comment-id="11-1">
				<comment-parent-id>11</comment-parent-id>
				<comment-text>Kaj je to tekmovanje v pisanju pravljic, ali kaj bolj resnega?...</comment-text>
				<comment-text-transliterated>Kaj je to tekmovanje v pisanju pravljic, ali kaj bolj resnega?...</comment-text-transliterated>
			</comment>
			<comment comment-id="11-2">
				<comment-parent-id>11</comment-parent-id>
				<comment-text>Očitno je tekmovanje v jokcanju. Buhuhu</comment-text>
				<comment-text-transliterated>Očitno je tekmovanje v jokcanju. Buhuhu</comment-text-transliterated>
			</comment>
			<comment comment-id="11-3">
				<comment-parent-id>11</comment-parent-id>
				<comment-text>dostojevski II ++++++++++++ a kaj ko je dežurnim kritikom to nerazumljivo in neprestavljivo ne vedo kaj je solidarnost in človečnost pa tudi zavarovalnice so proti zakaj že zaradi dobička!</comment-text>
				<comment-text-transliterated>dostojevski II ++++++++++++ a kaj ko je dežurnim kritikom to nerazumljivo in neprestavljivo ne vedo kaj je solidarnost in človečnost pa tudi zavarovalnice so proti zakaj že zaradi dobička!</comment-text-transliterated>
			</comment>
			<comment comment-id="11-4">
				<comment-parent-id>11</comment-parent-id>
				<comment-text>Real, ti si absolutni zmagovalc v pisanju pravljic.</comment-text>
				<comment-text-transliterated>Real, ti si absolutni zmagovalc v pisanju pravljic.</comment-text-transliterated>
			</comment>
			<comment comment-id="11-5">
				<comment-parent-id>11</comment-parent-id>
				<comment-text>Prva pravljica je, osebno mi je ta najjača, da je ta svet lep. Hahaha.</comment-text>
				<comment-text-transliterated>Prva pravljica je, osebno mi je ta najjača, da je ta svet lep. Hahaha.</comment-text-transliterated>
			</comment>
			<comment comment-id="12">
				<comment-parent-id/>
				<comment-text>Iz spletne strani......Specialistični kardiološki pregled čakalna doba: HITRO-91 dni, REDNO-161 dni ... Vse preglede opravljamo tudi na samoplačniški način. V tem primeru čakalne dobe ni in na pregled lahko večinoma pridete že v nekaj dneh.............. TO JE SLOVENSKO ZDRAVSTVO !.... Če nimaš vreče denarja, lahko čakaš mesece in leta na zdravstveno storitev.</comment-text>
				<comment-text-transliterated>Iz spletne strani......Specialistični kardiološki pregled čakalna doba: HITRO-91 dni, REDNO-161 dni ... Vse preglede opravljamo tudi na samoplačniški način. V tem primeru čakalne dobe ni in na pregled lahko večinoma pridete že v nekaj dneh.............. TO JE SLOVENSKO ZDRAVSTVO !.... Če nimaš vreče denarja, lahko čakaš mesece in leta na zdravstveno storitev.</comment-text-transliterated>
			</comment>
			<comment comment-id="12-1">
				<comment-parent-id>12</comment-parent-id>
				<comment-text>In kaj se ti hinavec pritožuješ?....To so ti in tvoji ki jih že leta tukaj tako zagrizeno zagovarjaš in braniš....kar imejte un crkujte v tem socialističnem zdravstvu naprej,.....</comment-text>
				<comment-text-transliterated>In kaj se ti hinavec pritožuješ?....To so ti in tvoji ki jih že leta tukaj tako zagrizeno zagovarjaš in braniš....kar imejte un crkujte v tem socialističnem zdravstvu naprej,.....</comment-text-transliterated>
			</comment>
			<comment comment-id="12-2">
				<comment-parent-id>12</comment-parent-id>
				<comment-text>To je janšastan. Bručanove koncesije. Od leta 2004 slovensko zdravstvo propada. Od leta 2004, ko je zdravstvo postalo pridobitniška dejavnost.</comment-text>
				<comment-text-transliterated>To je janšastan. Bručanove koncesije. Od leta 2004 slovensko zdravstvo propada. Od leta 2004, ko je zdravstvo postalo pridobitniška dejavnost.</comment-text-transliterated>
			</comment>
			<comment comment-id="12-3">
				<comment-parent-id>12</comment-parent-id>
				<comment-text>Pa kaj si nor, pa JJ bo še 5 stoletij kriv za vse kar je narobe ali kaj?....Kaj so vsi zakoni zabetonirani ali kaj....A nimate že 6 let večine v parlamentu....A imaš slovence res za takšne de.bile da bodo to vsi verjeli?...</comment-text>
				<comment-text-transliterated>Pa kaj si nor, pa JJ bo še 5 stoletij kriv za vse kar je narobe ali kaj?....Kaj so vsi zakoni zabetonirani ali kaj....A nimate že 6 let večine v parlamentu....A imaš slovence res za takšne de.bile da bodo to vsi verjeli?...</comment-text-transliterated>
			</comment>
			<comment comment-id="12-4">
				<comment-parent-id>12</comment-parent-id>
				<comment-text>Zgoraj imaš 5 točk Levice, ki bodo, če bodo seveda sprejete v DZ, ustavile propadanje javnega zdravstva. Onemogočile zdravstveno mafijo, dvoživke, zavarovalniške lobije in korupcijo pri nabavi opreme, zdravil, materiala... To bo sanacija javnega zdravstva, ki so ga začeli uničevati v letu 2004.</comment-text>
				<comment-text-transliterated>Zgoraj imaš 5 točk Levice, ki bodo, če bodo seveda sprejete v DZ, ustavile propadanje javnega zdravstva. Onemogočile zdravstveno mafijo, dvoživke, zavarovalniške lobije in korupcijo pri nabavi opreme, zdravil, materiala... To bo sanacija javnega zdravstva, ki so ga začeli uničevati v letu 2004.</comment-text-transliterated>
			</comment>
			<comment comment-id="12-5">
				<comment-parent-id>12</comment-parent-id>
				<comment-text>V 6 letih, odkar je bil Janša nazadnje v vladi za kratek čas, je bilo dovolj časa za spremembe na bolje. Prav tako je bilo med leti 2008 in 2011 prav tako ogromno časa za spremembe na bolje. Večino časa od leta 1991 je vladala levica. Res neumno, da kriviš desnico za nekaj, za kar je odgovorna levica. Za dogajanje v firmi so krivi šef in njegovi sodelavci, ne pa delavci neke tretje, nepovezane firme. Janša ni vladal in ni odločal, zato ne more biti kriv. Nekaterim so vam žal tako oprali možgane, da za vse krivite SDS in Janšo, ne razumete pa razlike med vlado in opozicijo. Jaz sicer bodoči levi vladi želim vse najboljše in upam, da bodo zdravstvo postavili kot prvo prioriteto.</comment-text>
				<comment-text-transliterated>V 6 letih, odkar je bil Janša nazadnje v vladi za kratek čas, je bilo dovolj časa za spremembe na bolje. Prav tako je bilo med leti 2008 in 2011 prav tako ogromno časa za spremembe na bolje. Večino časa od leta 1991 je vladala levica. Res neumno, da kriviš desnico za nekaj, za kar je odgovorna levica. Za dogajanje v firmi so krivi šef in njegovi sodelavci, ne pa delavci neke tretje, nepovezane firme. Janša ni vladal in ni odločal, zato ne more biti kriv. Nekaterim so vam žal tako oprali možgane, da za vse krivite SDS in Janšo, ne razumete pa razlike med vlado in opozicijo. Jaz sicer bodoči levi vladi želim vse najboljše in upam, da bodo zdravstvo postavili kot prvo prioriteto.</comment-text-transliterated>
			</comment>
			<comment comment-id="12-6">
				<comment-parent-id>12</comment-parent-id>
				<comment-text>Zagotovo bodo sanirali zdravstvo. Če bo v vladi Levica. Tako kot so morali sanirati banke, ki so jih tajkuni in njihovi politični botri oplenili v letih 2005-2008 za 5 milijard evrov. Kdo je bil takrat premier, kdo je imel v rokah škarje in platno pa je za svečkarje ostaja tabu tema.</comment-text>
				<comment-text-transliterated>Zagotovo bodo sanirali zdravstvo. Če bo v vladi Levica. Tako kot so morali sanirati banke, ki so jih tajkuni in njihovi politični botri oplenili v letih 2005-2008 za 5 milijard evrov. Kdo je bil takrat premier, kdo je imel v rokah škarje in platno pa je za svečkarje ostaja tabu tema.</comment-text-transliterated>
			</comment>
			<comment comment-id="13">
				<comment-parent-id/>
				<comment-text>Upam da enkrat volilci končno dobijo kar jim gre...Sem šel danes mimo ene, ki je nekaj pobirala ze neko pomoč za neko operacijo nekega otroka....Sem šel kar mimo, ko hebe bedake, ki pobirajo drobiž okoli za otroške operacije, ko so volitve pa hitijo obkrožat zdravniško mafijo, oziroma te ki jo podpira. Pa kaj ste munjeni v glavo al kaj....Upam da vas bodo še bolj v glavo, saj sedaj pride pa na krmilo zblojena socialistićno brezdelno vzgojena smrklarija, ki niti nima namena se kdaj preživljati s svojim delom.....Upam, da vam čimbolj zasolijo preostanek življenja v tej socialistični podalpki džamahariji.....Lep dan....</comment-text>
				<comment-text-transliterated>Upam da enkrat volilci končno dobijo kar jim gre...Sem šel danes mimo ene, ki je nekaj pobirala ze neko pomoč za neko operacijo nekega otroka....Sem šel kar mimo, ko hebe bedake, ki pobirajo drobiž okoli za otroške operacije, ko so volitve pa hitijo obkrožat zdravniško mafijo, oziroma te ki jo podpira. Pa kaj ste munjeni v glavo al kaj....Upam da vas bodo še bolj v glavo, saj sedaj pride pa na krmilo zblojena socialistićno brezdelno vzgojena smrklarija, ki niti nima namena se kdaj preživljati s svojim delom.....Upam, da vam čimbolj zasolijo preostanek življenja v tej socialistični podalpki džamahariji.....Lep dan....</comment-text-transliterated>
			</comment>
			<comment comment-id="13-1">
				<comment-parent-id>13</comment-parent-id>
				<comment-text>Dej še mau zajokaj. Dejmo no jokica dej še malo solzic. Slovenec se je dvignil ko je dobil internet in z tem anonimnost. Sedaj udriha z vso svojo sveto jezo po vsem in vsakomur. Ker drugače skloni glavo in pohlevno prenese vse. Ampak ko je anonimen na netu. Ohohohoho takrat pa pogumno udari.</comment-text>
				<comment-text-transliterated>Dej še mau zajokaj. Dejmo no jokica dej še malo solzic. Slovenec se je dvignil ko je dobil internet in z tem anonimnost. Sedaj udriha z vso svojo sveto jezo po vsem in vsakomur. Ker drugače skloni glavo in pohlevno prenese vse. Ampak ko je anonimen na netu. Ohohohoho takrat pa pogumno udari.</comment-text-transliterated>
			</comment>
			<comment comment-id="13-2">
				<comment-parent-id>13</comment-parent-id>
				<comment-text>Ali ti &quot;SLOKILL&quot; nisi Slovenec - sicer se da iz tvojega nickname-a marsikaj sklepati, le nikakor ne razberem ime in priimek, tako kot pišeš tu zgoraj v svojem komentarju. Res je lahko biti pogumen, če si anonimen .... hehehehe</comment-text>
				<comment-text-transliterated>Ali ti &quot;SLOKILL&quot; nisi Slovenec - sicer se da iz tvojega nickname-a marsikaj sklepati, le nikakor ne razberem ime in priimek, tako kot pišeš tu zgoraj v svojem komentarju. Res je lahko biti pogumen, če si anonimen .... hehehehe</comment-text-transliterated>
			</comment>
			<comment comment-id="13-3">
				<comment-parent-id>13</comment-parent-id>
				<comment-text>Ti samo razbiraj izma. Razbiraj in sklepaj dokler te je volja...</comment-text>
				<comment-text-transliterated>Ti samo razbiraj izma. Razbiraj in sklepaj dokler te je volja...</comment-text-transliterated>
			</comment>
			<comment comment-id="13-4">
				<comment-parent-id>13</comment-parent-id>
				<comment-text>In nisem jaz tisti ki se po tem portalu napenja in nabija tjavendan. Jaz vam samo nastavljam ogledalo.</comment-text>
				<comment-text-transliterated>In nisem jaz tisti ki se po tem portalu napenja in nabija tjavendan. Jaz vam samo nastavljam ogledalo.</comment-text-transliterated>
			</comment>
			<comment comment-id="14">
				<comment-parent-id/>
				<comment-text>Mladi zdravniki: naduvani, brez posluha za bolnike, vsi bi zaslužili mastne denarce, to, da so podpisali zavezo o zdravljenju bolnikov brez predsodkov - na to lahko kar pozabite. Če si malo premočan, bolezni pripisujejo preveliki teži, če si presuh, bolezen izhaja iz pomanjkanja česarkoli že. Če imaš probleme s psiho - problemi, ki se vlečejo iz otroštva. Če imaš konstantne bolečine - ker tega sami ne občutijo, potem ta bolezen ne obstaja in si jo domišljaš - pošljejo te na psihoanalizo - seveda, jasno, problemi iz otroštva... . Ko si ekrat bolnik, se soočaš z obnašanjem zdravnikov - vedno čas za klepet s kolegom, za bolnika (pa še to z nejevoljo) si ne vzamejo dovolj časa (razen za poznane, seveda).  Najbolj boli dejstvo, da si čakajoč v čakalnici, uro si imel ob 8.00 zjutraj, ko je ura 11.00 se zdravnik, ki bi moral imeti ambulanto, primaje prav počasi po hodniku, z videzom povoženega reveža, med pogovorom s tabo, kake skrbi te tarejo, malo zakinka v stolu nasproti tebe, roka se mu ustavi nad tipkovnico, ko tipka po starih izvidih .... dvakrat vpraša eno in isto stvar. Potem pa odideš, nevedoč o tem, kaj se s teboj pravzaprav dogaja, slučajno se odprejo vrata nasproti vhoda v ambulanto, kjer si pravkar bil, noter pa ducat zdravnikov, zleknjenih v stole, smehljaje govorijo o tem, kaj so čez vikend delali..... sestra pa jim v ozadju kuha kavico, ven zadiši po frišnih žemljicah ..... tvoj doktor pa se je skoraj plazil okoli mize, ker je bil tako utrujen od nočnega šihta pa še od bog vedi česa in to samo zato, ker je strokovnjak in ga povsod rabijo..... če ne drugače, je v penzionu in dela kot penzionist dalje, saj ta mladi še nimajo pravega znanja ....ja, pol se pa res vprašaš, kam gre ta svet.  Ko je štrajk, se šele točno zavedaš, koliko zdravnikov imamo, ker jih tri četrtine nikoli ne srečaš, razen ko je treba paradirat po tv ali pit kavo. Škoda, da se ne vidijo z očmi bolnika!</comment-text>
				<comment-text-transliterated>Mladi zdravniki: naduvani, brez posluha za bolnike, vsi bi zaslužili mastne denarce, to, da so podpisali zavezo o zdravljenju bolnikov brez predsodkov - na to lahko kar pozabite. Če si malo premočan, bolezni pripisujejo preveliki teži, če si presuh, bolezen izhaja iz pomanjkanja česarkoli že. Če imaš probleme s psiho - problemi, ki se vlečejo iz otroštva. Če imaš konstantne bolečine - ker tega sami ne občutijo, potem ta bolezen ne obstaja in si jo domišljaš - pošljejo te na psihoanalizo - seveda, jasno, problemi iz otroštva... . Ko si ekrat bolnik, se soočaš z obnašanjem zdravnikov - vedno čas za klepet s kolegom, za bolnika (pa še to z nejevoljo) si ne vzamejo dovolj časa (razen za poznane, seveda).  Najbolj boli dejstvo, da si čakajoč v čakalnici, uro si imel ob 8.00 zjutraj, ko je ura 11.00 se zdravnik, ki bi moral imeti ambulanto, primaje prav počasi po hodniku, z videzom povoženega reveža, med pogovorom s tabo, kake skrbi te tarejo, malo zakinka v stolu nasproti tebe, roka se mu ustavi nad tipkovnico, ko tipka po starih izvidih .... dvakrat vpraša eno in isto stvar. Potem pa odideš, nevedoč o tem, kaj se s teboj pravzaprav dogaja, slučajno se odprejo vrata nasproti vhoda v ambulanto, kjer si pravkar bil, noter pa ducat zdravnikov, zleknjenih v stole, smehljaje govorijo o tem, kaj so čez vikend delali..... sestra pa jim v ozadju kuha kavico, ven zadiši po frišnih žemljicah ..... tvoj doktor pa se je skoraj plazil okoli mize, ker je bil tako utrujen od nočnega šihta pa še od bog vedi česa in to samo zato, ker je strokovnjak in ga povsod rabijo..... če ne drugače, je v penzionu in dela kot penzionist dalje, saj ta mladi še nimajo pravega znanja ....ja, pol se pa res vprašaš, kam gre ta svet.  Ko je štrajk, se šele točno zavedaš, koliko zdravnikov imamo, ker jih tri četrtine nikoli ne srečaš, razen ko je treba paradirat po tv ali pit kavo. Škoda, da se ne vidijo z očmi bolnika!</comment-text-transliterated>
			</comment>
			<comment comment-id="14-1">
				<comment-parent-id>14</comment-parent-id>
				<comment-text>Ja itak. Dej nehej basat no.</comment-text>
				<comment-text-transliterated>Ja itak. Dej nehej basat no.</comment-text-transliterated>
			</comment>
			<comment comment-id="15">
				<comment-parent-id/>
				<comment-text>To je to, ko je vedno treba spostovati in povelicevati druge, svojim pa ne dati nobene vrednosti, enakosti in primernega okolja z boljsimi pogoji dela in boljsimi odnosi na oddelku s pol manj trenji med njimi. Samo da je krega na vsakem vogalu, res. Za zdravniki bomo zaceli uvazati se strokovne delavce s podrocja solstva, sodstva, organov zascite, administracije itd.</comment-text>
				<comment-text-transliterated>To je to, ko je vedno treba spostovati in povelicevati druge, svojim pa ne dati nobene vrednosti, enakosti in primernega okolja z boljsimi pogoji dela in boljsimi odnosi na oddelku s pol manj trenji med njimi. Samo da je krega na vsakem vogalu, res. Za zdravniki bomo zaceli uvazati se strokovne delavce s podrocja solstva, sodstva, organov zascite, administracije itd.</comment-text-transliterated>
			</comment>
			<comment comment-id="16">
				<comment-parent-id/>
				<comment-text>..pa še to je treba povedat..da je dohtarca xy vsak mesec imela 120 nadur, mastno placanih, za katere je svoj doktorat v pisarni pripravljala. ker otroci so prevec razgrajaski doma, pa tam ni mogla.. Tako da, zdravstvo ima denarja na pretek, za udobje zdravnikov, ne pacientov</comment-text>
				<comment-text-transliterated>..pa še to je treba povedat..da je dohtarca xy vsak mesec imela 120 nadur, mastno placanih, za katere je svoj doktorat v pisarni pripravljala. ker otroci so prevec razgrajaski doma, pa tam ni mogla.. Tako da, zdravstvo ima denarja na pretek, za udobje zdravnikov, ne pacientov</comment-text-transliterated>
			</comment>
			<comment comment-id="17">
				<comment-parent-id/>
				<comment-text>Prebral sem kar nekaj pisem na FB strani Mladih zdravnikov. Eno samo jamranje in obtoževanje... nobenih rešitev ne ponujajo. Zgražajo se nad višino plačila ameriških zdravnikov, namesto nad početjem svojih starejših kolegov, ki so dejansko z kolektivno odpovedjo, pustili na na cedilu bolne otroke na srčni kirurgiji. SPORNO JE, KER AMERIŠKI ZDRAVNIK NE ZNA SLOVENSKO. Če bi bolnega otroka odpeljali v ZDA, kjer bi ga operiral ta isti zdravnik, pa bi bilo vse v redu. Čeprav na ameriški kliniki ne zna nihče od osebja (zdravniki, medicinske sestre, strežnice...) niti besedice slovensko. Stroški zdravljenja bi bili v ZDA višji kot če ameriški zdravnik operira v Sloveniji. Tudi za bolne otroke in njihove starše je bolje, da ameriški zdravnik operira v Sloveniji kot da z bolnim otrokom potujejo v ZDA.</comment-text>
				<comment-text-transliterated>Prebral sem kar nekaj pisem na FB strani Mladih zdravnikov. Eno samo jamranje in obtoževanje... nobenih rešitev ne ponujajo. Zgražajo se nad višino plačila ameriških zdravnikov, namesto nad početjem svojih starejših kolegov, ki so dejansko z kolektivno odpovedjo, pustili na na cedilu bolne otroke na srčni kirurgiji. SPORNO JE, KER AMERIŠKI ZDRAVNIK NE ZNA SLOVENSKO. Če bi bolnega otroka odpeljali v ZDA, kjer bi ga operiral ta isti zdravnik, pa bi bilo vse v redu. Čeprav na ameriški kliniki ne zna nihče od osebja (zdravniki, medicinske sestre, strežnice...) niti besedice slovensko. Stroški zdravljenja bi bili v ZDA višji kot če ameriški zdravnik operira v Sloveniji. Tudi za bolne otroke in njihove starše je bolje, da ameriški zdravnik operira v Sloveniji kot da z bolnim otrokom potujejo v ZDA.</comment-text-transliterated>
			</comment>
			<comment comment-id="17-1">
				<comment-parent-id>17</comment-parent-id>
				<comment-text>dostojevski II ...ja a kaj ko je pohlep vseprisoten...++++++++</comment-text>
				<comment-text-transliterated>dostojevski II ...ja a kaj ko je pohlep vseprisoten...++++++++</comment-text-transliterated>
			</comment>
			<comment comment-id="18">
				<comment-parent-id/>
				<comment-text>Tito vstani in reši bedo..</comment-text>
				<comment-text-transliterated>Tito vstani in reši bedo..</comment-text-transliterated>
			</comment>
			<comment comment-id="19">
				<comment-parent-id/>
				<comment-text>Pa kakšne folk piše, da jih bo treba začet slačit, da so nagravžne itd. Slovenci so pobegnili iz bazena pred eno rjuharico. Ja, junaki, no.</comment-text>
				<comment-text-transliterated>Pa kakšne folk piše, da jih bo treba začet slačit, da so nagravžne itd. Slovenci so pobegnili iz bazena pred eno rjuharico. Ja, junaki, no.</comment-text-transliterated>
			</comment>
			<comment comment-id="19-1">
				<comment-parent-id>19</comment-parent-id>
				<comment-text>A si lahko še bolj rasistična in ksenofobna?</comment-text>
				<comment-text-transliterated>A si lahko še bolj rasistična in ksenofobna?</comment-text-transliterated>
			</comment>
			<comment comment-id="19-2">
				<comment-parent-id>19</comment-parent-id>
				<comment-text>Ja. Boš vidu.</comment-text>
				<comment-text-transliterated>Ja. Boš vidu.</comment-text-transliterated>
			</comment>
			<comment comment-id="20">
				<comment-parent-id/>
				<comment-text>LEVAKI SO ZAGOVARJALI VSE SLABE MINISTRE KATERI BI MORALI LETET Z MINISTERSKIH STOLCKOV... KDO JIH JE SCITIL??? BANDA LEVICARSKA POKVARJENA....KATERA SI SPET ZELI OBLASTI... SDS JE PREDLAGAL VRSTO ODSTRANITEV SLABIH MINISTROV.. IN NA KONCU SO JIH OBTOZILI POLITIKO SOVRASTVA... NE TO NI SOVRASTVO.. SLABE NESPOSOBNE JE TREBA ODSTRANIT OD FUNKC8J...</comment-text>
				<comment-text-transliterated>LEVAKI SO ZAGOVARJALI VSE SLABE MINISTRE KATERI BI MORALI LETET Z MINISTERSKIH STOLCKOV... KDO JIH JE SCITIL??? BANDA LEVICARSKA POKVARJENA....KATERA SI SPET ZELI OBLASTI... SDS JE PREDLAGAL VRSTO ODSTRANITEV SLABIH MINISTROV.. IN NA KONCU SO JIH OBTOZILI POLITIKO SOVRASTVA... NE TO NI SOVRASTVO.. SLABE NESPOSOBNE JE TREBA ODSTRANIT OD FUNKC8J...</comment-text-transliterated>
			</comment>
			<comment comment-id="21">
				<comment-parent-id/>
				<comment-text>in kaj sedaj ko je vse tako??? vsi v en glas, treba na volitve .... mah kake volitve, v tem stanju drzave je treba na ulice, vsi ... pa dol pometat to bando, ki kot paraziti ze slabih 30 let hirajo mojo slovenijo, pa naj si bodo levi ali desni!</comment-text>
				<comment-text-transliterated>in kaj sedaj ko je vse tako??? vsi v en glas, treba na volitve .... mah kake volitve, v tem stanju drzave je treba na ulice, vsi ... pa dol pometat to bando, ki kot paraziti ze slabih 30 let hirajo mojo slovenijo, pa naj si bodo levi ali desni!</comment-text-transliterated>
			</comment>
			<comment comment-id="21-1">
				<comment-parent-id>21</comment-parent-id>
				<comment-text>STE IMELI ULICO... IN NA KONCU SE JE IZKAZALO DA SO ZREZIRANI OD LEVICE... KO JE JANSA PADEL SO SE VZTRAJNIKI POTUHNILI V RAZNORAZNE DRZAVNE URADE... PARAZITI DRZAVNI ZNAJO SRRNJE DELAT KO KDO BRCA PROTI NJIM ..</comment-text>
				<comment-text-transliterated>STE IMELI ULICO... IN NA KONCU SE JE IZKAZALO DA SO ZREZIRANI OD LEVICE... KO JE JANSA PADEL SO SE VZTRAJNIKI POTUHNILI V RAZNORAZNE DRZAVNE URADE... PARAZITI DRZAVNI ZNAJO SRRNJE DELAT KO KDO BRCA PROTI NJIM ..</comment-text-transliterated>
			</comment>
			<comment comment-id="22">
				<comment-parent-id/>
				<comment-text>A lahk kdo stož novo, ker kar se pa tam grejo, je pa čisto filanje s sovraštvom proti muslimankam. Napadajo že tko zatirane muslimanke, ker je pač modelka preveč oblečena. Preveč je oblečena. Pa raj njo gledam, kt pa te vaše zavaljene p. al pa plastikanerke.</comment-text>
				<comment-text-transliterated>A lahk kdo stož novo, ker kar se pa tam grejo, je pa čisto filanje s sovraštvom proti muslimankam. Napadajo že tko zatirane muslimanke, ker je pač modelka preveč oblečena. Preveč je oblečena. Pa raj njo gledam, kt pa te vaše zavaljene p. al pa plastikanerke.</comment-text-transliterated>
			</comment>
			<comment comment-id="22-1">
				<comment-parent-id>22</comment-parent-id>
				<comment-text>Ko bodo Slovenke oz zahodnjakinje lahko napol slečene v Savdovi Arabiji, Iranu, Pakistanu... se zarad mene lahko zatiranke v 4 slojih deke sprehajajo okoli tukaj, da ustrežejo svojim gospodarjem</comment-text>
				<comment-text-transliterated>Ko bodo Slovenke oz zahodnjakinje lahko napol slečene v Savdovi Arabiji, Iranu, Pakistanu... se zarad mene lahko zatiranke v 4 slojih deke sprehajajo okoli tukaj, da ustrežejo svojim gospodarjem</comment-text-transliterated>
			</comment>
			<comment comment-id="23">
				<comment-parent-id/>
				<comment-text>Zgleda, da bo LMŠ, Levica in dosedanji nesposobneži to rešili v roku 5 delovnih dni. So sposobni... LOL</comment-text>
				<comment-text-transliterated>Zgleda, da bo LMŠ, Levica in dosedanji nesposobneži to rešili v roku 5 delovnih dni. So sposobni... LOL</comment-text-transliterated>
			</comment>
			<comment comment-id="24">
				<comment-parent-id/>
				<comment-text>Zdravniško društvo in sindikat zdravnikov se morajo prvi vprašat zakaj imamo takšno stanje...na kratko povedano zaradi pohlepa ki se je razmahnil v vse pore tega včasih cenjenega in požrtvovalnega poklica (poslanstva) vsi ki so za to odgovorni pritiskajo za popolno privatizacijo zdravstva in zaradi tega se dogaja kar se...morajo se zavedati da ne morejo imeti plače kot v Nemčiji,Švici ali Ameriki smo Slovenija in naš dohodek je kakšen je izven sistema preprosto ne moremo iti! A kaj ko društvo zdravnikov in sindikat to nočejo razumeti in imamo zdravstvo kot ga imamo vse težke primere v javni sektor,privatni pa bo tržil in neopravičeno bogatel,na osiromašenem javnem zdravstvu do popolnega zloma in kaj potem kdo ima bo pozdravljen kdo nima pa bo pokojni! Kaj nas čaka v prihodnosti (upajmo da ne bo tako a nisem optimist) to kar se dogaja že leta v zobozdravstvu !!!</comment-text>
				<comment-text-transliterated>Zdravniško društvo in sindikat zdravnikov se morajo prvi vprašat zakaj imamo takšno stanje...na kratko povedano zaradi pohlepa ki se je razmahnil v vse pore tega včasih cenjenega in požrtvovalnega poklica (poslanstva) vsi ki so za to odgovorni pritiskajo za popolno privatizacijo zdravstva in zaradi tega se dogaja kar se...morajo se zavedati da ne morejo imeti plače kot v Nemčiji,Švici ali Ameriki smo Slovenija in naš dohodek je kakšen je izven sistema preprosto ne moremo iti! A kaj ko društvo zdravnikov in sindikat to nočejo razumeti in imamo zdravstvo kot ga imamo vse težke primere v javni sektor,privatni pa bo tržil in neopravičeno bogatel,na osiromašenem javnem zdravstvu do popolnega zloma in kaj potem kdo ima bo pozdravljen kdo nima pa bo pokojni! Kaj nas čaka v prihodnosti (upajmo da ne bo tako a nisem optimist) to kar se dogaja že leta v zobozdravstvu !!!</comment-text-transliterated>
			</comment>
			<comment comment-id="25">
				<comment-parent-id/>
				<comment-text>zdravniki v sloveniji so razvajena bitja, podeljevanje specializacij je načrtno usmerjeno v priviligiranje</comment-text>
				<comment-text-transliterated>zdravniki v sloveniji so razvajena bitja, podeljevanje specializacij je načrtno usmerjeno v priviligiranje</comment-text-transliterated>
			</comment>
			<comment comment-id="26">
				<comment-parent-id/>
				<comment-text>Zadnja štiri leta nič od zdravstva, in sedaj ta isti sodelujejo pri tem. Sam slabš bo, pa še več bojo kradl.</comment-text>
				<comment-text-transliterated>Zadnja štiri leta nič od zdravstva, in sedaj ta isti sodelujejo pri tem. Sam slabš bo, pa še več bojo kradl.</comment-text-transliterated>
			</comment>
			<comment comment-id="27">
				<comment-parent-id/>
				<comment-text>Zapuščina jugo-komunizma začenja zaudarjati.</comment-text>
				<comment-text-transliterated>Zapuščina jugo-komunizma začenja zaudarjati.</comment-text-transliterated>
			</comment>
			<comment comment-id="27-1">
				<comment-parent-id>27</comment-parent-id>
				<comment-text>Zaudarjaš ti, v jugo komunizmu je vsak prišel do zdravnika in kvalitetnih uslug prej kot v mesecu, brez vseh vez. Isti, ki je zdravil Tita in partijce, je zdravil tudi navadne ljudi. Zlorabe so verjetno bile, kot so povsod in vedno, ampak v drastično manjšem obsegu.</comment-text>
				<comment-text-transliterated>Zaudarjaš ti, v jugo komunizmu je vsak prišel do zdravnika in kvalitetnih uslug prej kot v mesecu, brez vseh vez. Isti, ki je zdravil Tita in partijce, je zdravil tudi navadne ljudi. Zlorabe so verjetno bile, kot so povsod in vedno, ampak v drastično manjšem obsegu.</comment-text-transliterated>
			</comment>
			<comment comment-id="28">
				<comment-parent-id/>
				<comment-text>Povzročitelji tega pa ste novinarji.....</comment-text>
				<comment-text-transliterated>Povzročitelji tega pa ste novinarji.....</comment-text-transliterated>
			</comment>
			<comment comment-id="29">
				<comment-parent-id/>
				<comment-text>Pustimo mladim zdravnikom do zraka naj izpovejo svoje vse tisto kar so morali pod grožnjo zamižati in preslišati. To ni več zdravstvo to je resnično že ena velika štala. To sem žal občutil nedavno na lastni koži.</comment-text>
				<comment-text-transliterated>Pustimo mladim zdravnikom do zraka naj izpovejo svoje vse tisto kar so morali pod grožnjo zamižati in preslišati. To ni več zdravstvo to je resnično že ena velika štala. To sem žal občutil nedavno na lastni koži.</comment-text-transliterated>
			</comment>
			<comment comment-id="29-1">
				<comment-parent-id>29</comment-parent-id>
				<comment-text>Štajn- ja bogi revež, najlažje je samo pljuvat po vsem kar je slovensko ! To namreč ti počneš, malo berem tvoje komentarje vse kar je slovensko je po tvojem mnenju slabo- sram naj te bo !</comment-text>
				<comment-text-transliterated>Štajn- ja bogi revež, najlažje je samo pljuvat po vsem kar je slovensko ! To namreč ti počneš, malo berem tvoje komentarje vse kar je slovensko je po tvojem mnenju slabo- sram naj te bo !</comment-text-transliterated>
			</comment>
			<comment comment-id="29-2">
				<comment-parent-id>29</comment-parent-id>
				<comment-text>Duhana, prvo pravilo je vedno, da je treba pred svojim pragom najprej pomest. In to on počne, jst pa tud.</comment-text>
				<comment-text-transliterated>Duhana, prvo pravilo je vedno, da je treba pred svojim pragom najprej pomest. In to on počne, jst pa tud.</comment-text-transliterated>
			</comment>
			<comment comment-id="29-3">
				<comment-parent-id>29</comment-parent-id>
				<comment-text>ampak, da pa pljuvaš čez čisto vse to pa tudi ne gre. Mene bi bilo pošteno sram , če bi to počel !</comment-text>
				<comment-text-transliterated>ampak, da pa pljuvaš čez čisto vse to pa tudi ne gre. Mene bi bilo pošteno sram , če bi to počel !</comment-text-transliterated>
			</comment>
			<comment comment-id="29-4">
				<comment-parent-id>29</comment-parent-id>
				<comment-text>Men je pa to u užitek.</comment-text>
				<comment-text-transliterated>Men je pa to u užitek.</comment-text-transliterated>
			</comment>
			<comment comment-id="30">
				<comment-parent-id/>
				<comment-text>Pa wse zarad tržnega gospodarstva in kapitalizma. Če bi blli w socializmu tega neb blo.</comment-text>
				<comment-text-transliterated>Pa wse zarad tržnega gospodarstva in kapitalizma. Če bi blli w socializmu tega neb blo.</comment-text-transliterated>
			</comment>
			<comment comment-id="30-1">
				<comment-parent-id>30</comment-parent-id>
				<comment-text>V Sloveniji je zdravstvo večinoma del javnega sektorja, kar se pa zasebnikov tiče, pa ti delajo dobro, le plačati jih je treba.</comment-text>
				<comment-text-transliterated>V Sloveniji je zdravstvo večinoma del javnega sektorja, kar se pa zasebnikov tiče, pa ti delajo dobro, le plačati jih je treba.</comment-text-transliterated>
			</comment>
			<comment comment-id="31">
				<comment-parent-id/>
				<comment-text>Dokler so na položajih v &quot; javnih bolnišnicah &quot; ljudje , ki jim ni bilo problem plačati za srčnožilno opornico 700 , 1000 ali celo več € ( in bolnišnicam se dobavlja na tisoče preplačanih artiklov ) bodo težave - tako finančne , kot tudi strokovne ( ne pustijo zraven mladim in neobremenjenim , izkušene ki pobezajo po takih kakcih pa kaznujejo ali izločijo ) . . . nam bodo pa naložili še kakšnih 200 mio € v obliki dodatnih prispevkov , žalost žalost !</comment-text>
				<comment-text-transliterated>Dokler so na položajih v &quot; javnih bolnišnicah &quot; ljudje , ki jim ni bilo problem plačati za srčnožilno opornico 700 , 1000 ali celo več € ( in bolnišnicam se dobavlja na tisoče preplačanih artiklov ) bodo težave - tako finančne , kot tudi strokovne ( ne pustijo zraven mladim in neobremenjenim , izkušene ki pobezajo po takih kakcih pa kaznujejo ali izločijo ) . . . nam bodo pa naložili še kakšnih 200 mio € v obliki dodatnih prispevkov , žalost žalost !</comment-text-transliterated>
			</comment>
			<comment comment-id="31-1">
				<comment-parent-id>31</comment-parent-id>
				<comment-text>kakorkoli se levi komentatorji tukaj sprenevedajo je 100 procentno dejstvo da slovensko zdravstvo obvladuje zemljarič in njegovi tovariši in naredili bodo čisto vse,da tako ostane tudi v prihodnosti.zemljarič je lastnik 23 podjetij registriranih po celi evropi in davčnih oazah,preko katerih dobavlja slovenskemu zdravstvu od rokavic do žilnih opornic.tako izčrpavanje slovenskega zdravstva je pustilo posledice,ker nobeno podjetje ne prenese 1000% višjih cen.del tega denarja gre za politični marketig in del za podkupnine.pri godčevi komisiji so nedvoumno dokazali da so se zdravniki vozili z 27 metrsko jahto zemljariča in tega dejstva niti niso zanikali.da ne bo pomote:-):-)niso vsi zdravniki koruptivni,toda tisti,kateri so bližje zemljariču in levi politični opciji držijo škarje in platno.vso to gnilobo smo imeli priložnost videti pri cerarjevi ministrici kolarjevi,kjer je bilo njeno delo,da drži štango tem levim oligarhom,da jim je zrihtala dodaten denar,cerar pa ni mogel stlriti popolnoma nič,,,ni mogel ali hotel,ker ne moremo mimo dejstva,da je oče mira cerarja kljub svojim letom še vedno uradni odvetnik foruma 21....to so dejstva,katere nekateri poskušajo zamegljevati,toda še vedno so dejstva.če karikiram:-):-):-)toliko enih besed je bilo napisanih glede afere patria,kjer smo se pogovarjali o 3 milijonih eu.podkupnine....samo pri žilnih opornicah,jih v enem letu preplačamo za 45 milijonov na leto in nobenih besed.zanimivo kajne???:-):-):-)</comment-text>
				<comment-text-transliterated>kakorkoli se levi komentatorji tukaj sprenevedajo je 100 procentno dejstvo da slovensko zdravstvo obvladuje zemljarič in njegovi tovariši in naredili bodo čisto vse,da tako ostane tudi v prihodnosti.zemljarič je lastnik 23 podjetij registriranih po celi evropi in davčnih oazah,preko katerih dobavlja slovenskemu zdravstvu od rokavic do žilnih opornic.tako izčrpavanje slovenskega zdravstva je pustilo posledice,ker nobeno podjetje ne prenese 1000% višjih cen.del tega denarja gre za politični marketig in del za podkupnine.pri godčevi komisiji so nedvoumno dokazali da so se zdravniki vozili z 27 metrsko jahto zemljariča in tega dejstva niti niso zanikali.da ne bo pomote:-):-)niso vsi zdravniki koruptivni,toda tisti,kateri so bližje zemljariču in levi politični opciji držijo škarje in platno.vso to gnilobo smo imeli priložnost videti pri cerarjevi ministrici kolarjevi,kjer je bilo njeno delo,da drži štango tem levim oligarhom,da jim je zrihtala dodaten denar,cerar pa ni mogel stlriti popolnoma nič,,,ni mogel ali hotel,ker ne moremo mimo dejstva,da je oče mira cerarja kljub svojim letom še vedno uradni odvetnik foruma 21....to so dejstva,katere nekateri poskušajo zamegljevati,toda še vedno so dejstva.če karikiram:-):-):-)toliko enih besed je bilo napisanih glede afere patria,kjer smo se pogovarjali o 3 milijonih eu.podkupnine....samo pri žilnih opornicah,jih v enem letu preplačamo za 45 milijonov na leto in nobenih besed.zanimivo kajne???:-):-):-)</comment-text-transliterated>
			</comment>
			<comment comment-id="32">
				<comment-parent-id/>
				<comment-text>Življenja so ogrožena iz treh razlogov:  1. Kraja denarja s strani države za povsem neuporabno zdravstveno zavarovanje, ki ga mesečno plačujemo, a nas velika večina sploh ne pride do strokovnih storitev 2. Lenoba večine zdravnikov, skupaj s pohlepom po vedno večji plači za vedno manj dela. 3. Nestrokoven kader, čemur pričajo rešena življenja, ko naš pacient pobegne v tujino iskati boljše storitve (razne otroške nogice, ki bi jih tukaj kar odrezali ipd...)  BANANA DRŽAVA, ki bo pa še bolj zabredla glede na to kdo si obeta določena ministrastva.</comment-text>
				<comment-text-transliterated>Življenja so ogrožena iz treh razlogov:  1. Kraja denarja s strani države za povsem neuporabno zdravstveno zavarovanje, ki ga mesečno plačujemo, a nas velika večina sploh ne pride do strokovnih storitev 2. Lenoba večine zdravnikov, skupaj s pohlepom po vedno večji plači za vedno manj dela. 3. Nestrokoven kader, čemur pričajo rešena življenja, ko naš pacient pobegne v tujino iskati boljše storitve (razne otroške nogice, ki bi jih tukaj kar odrezali ipd...)  BANANA DRŽAVA, ki bo pa še bolj zabredla glede na to kdo si obeta določena ministrastva.</comment-text-transliterated>
			</comment>
			<comment comment-id="32-1">
				<comment-parent-id>32</comment-parent-id>
				<comment-text>in zavarovalnice,ki kujejo dobiček...</comment-text>
				<comment-text-transliterated>in zavarovalnice,ki kujejo dobiček...</comment-text-transliterated>
			</comment>
			<comment comment-id="32-2">
				<comment-parent-id>32</comment-parent-id>
				<comment-text>Življenja so ogrožena, k nas zastrupljajo s cepivi pa z zdravili pa nas filajo z nepotrebnimi kemikalijami. Pa še mislijo ti dohtarji, da nam pomagajo, k jim tok sperejo možgane.</comment-text>
				<comment-text-transliterated>Življenja so ogrožena, k nas zastrupljajo s cepivi pa z zdravili pa nas filajo z nepotrebnimi kemikalijami. Pa še mislijo ti dohtarji, da nam pomagajo, k jim tok sperejo možgane.</comment-text-transliterated>
			</comment>
			<comment comment-id="32-3">
				<comment-parent-id>32</comment-parent-id>
				<comment-text>ne bluzi,...za 35 eur na mesec ni pričakovati kaj drugega; če imaš denar imaš tudi boljšo storitev,....glede na tvoje komentarje ga ti očitno nimaš,...tako, da se raje vprašaj zakaj je tako ne pa kar nekaj na pamet....</comment-text>
				<comment-text-transliterated>ne bluzi,...za 35 eur na mesec ni pričakovati kaj drugega; če imaš denar imaš tudi boljšo storitev,....glede na tvoje komentarje ga ti očitno nimaš,...tako, da se raje vprašaj zakaj je tako ne pa kar nekaj na pamet....</comment-text-transliterated>
			</comment>
			<comment comment-id="32-4">
				<comment-parent-id>32</comment-parent-id>
				<comment-text>Če ga nimaš, pa umri. K v Ameriki, ja, bravo.</comment-text>
				<comment-text-transliterated>Če ga nimaš, pa umri. K v Ameriki, ja, bravo.</comment-text-transliterated>
			</comment>
			<comment comment-id="32-5">
				<comment-parent-id>32</comment-parent-id>
				<comment-text>Ne vem, zakva ste mi tok minusov nabil, jst poznam več folka, k so ga dohtarji zašuštral, kokr pa ozdravil, v bistvu nbenga ne poznam, k bi ga ozdravil.</comment-text>
				<comment-text-transliterated>Ne vem, zakva ste mi tok minusov nabil, jst poznam več folka, k so ga dohtarji zašuštral, kokr pa ozdravil, v bistvu nbenga ne poznam, k bi ga ozdravil.</comment-text-transliterated>
			</comment>
			<comment comment-id="33">
				<comment-parent-id/>
				<comment-text>Zdravniska zbornica in odvetniska zbornica to so dve hudodelski organizaciji ki do zadnjega drzijo vajeti starih  pogoltnih okostnjakov ki na vse nacine onemogocajo mlade sposobnejse strokovnjake.</comment-text>
				<comment-text-transliterated>Zdravniska zbornica in odvetniska zbornica to so dve hudodelski organizaciji ki do zadnjega drzijo vajeti starih  pogoltnih okostnjakov ki na vse nacine onemogocajo mlade sposobnejse strokovnjake.</comment-text-transliterated>
			</comment>
			<comment comment-id="34">
				<comment-parent-id/>
				<comment-text>Tu je že vaša zdravnikova prva napaka,ker boljše da sedite za zdravniškim stolom kot pa iščete že pri otrocih ,kaj so bolani pa jih mantrate potem celo živlenje.Raje rečite če je otrok tak bolan je umrl.Mene ste brez mojega dovoljenja testirali kot otroka,da nebi misli poslušal z raznimi tabletami pa sem od 15 leta trpel,ker so bili zopet nori zdravniki 20 let.Kdo je kriv?Zdravstvo pa ljudje se bahajo sedaj se smo dosti potegnili 20 let od vas da smo te mantrali namerno??Zakaj sedaj nisem jaz dobil centa odškodnine pa zakaj še oni niso zapreti??NEKDO OD VODILNIH BO ZA TO ODGOVARJAL Z ZAPOROM.</comment-text>
				<comment-text-transliterated>Tu je že vaša zdravnikova prva napaka,ker boljše da sedite za zdravniškim stolom kot pa iščete že pri otrocih ,kaj so bolani pa jih mantrate potem celo živlenje.Raje rečite če je otrok tak bolan je umrl.Mene ste brez mojega dovoljenja testirali kot otroka,da nebi misli poslušal z raznimi tabletami pa sem od 15 leta trpel,ker so bili zopet nori zdravniki 20 let.Kdo je kriv?Zdravstvo pa ljudje se bahajo sedaj se smo dosti potegnili 20 let od vas da smo te mantrali namerno??Zakaj sedaj nisem jaz dobil centa odškodnine pa zakaj še oni niso zapreti??NEKDO OD VODILNIH BO ZA TO ODGOVARJAL Z ZAPOROM.</comment-text-transliterated>
			</comment>
			<comment comment-id="34-1">
				<comment-parent-id>34</comment-parent-id>
				<comment-text>Zdravnik mora vse svoje ugotovitve in diagnozo napisati na računalnik in večinokrat še ročno v kartoteko... če tega ne stori se lahko nanj usedeta tako inšpekcija kot zavarovalnica... in ob volumnu pacientov, ki jih imajo zdravniki vsak dan te vprašam kako naj to vse storijo? Če bi se vsakemu res posvetili in se z njim pogovarjalj 30 min, bi bilo pa še večje godrnjanje zaradi čakanja in še dalših vrst...</comment-text>
				<comment-text-transliterated>Zdravnik mora vse svoje ugotovitve in diagnozo napisati na računalnik in večinokrat še ročno v kartoteko... če tega ne stori se lahko nanj usedeta tako inšpekcija kot zavarovalnica... in ob volumnu pacientov, ki jih imajo zdravniki vsak dan te vprašam kako naj to vse storijo? Če bi se vsakemu res posvetili in se z njim pogovarjalj 30 min, bi bilo pa še večje godrnjanje zaradi čakanja in še dalših vrst...</comment-text-transliterated>
			</comment>
			<comment comment-id="34-2">
				<comment-parent-id>34</comment-parent-id>
				<comment-text>Kako je pa to bilo v yugi...na roke?,dejstvo,da so z birokracijo za..ali vse v tej državi,kjerkoli- poglej nap. šolstvo.</comment-text>
				<comment-text-transliterated>Kako je pa to bilo v yugi...na roke?,dejstvo,da so z birokracijo za..ali vse v tej državi,kjerkoli- poglej nap. šolstvo.</comment-text-transliterated>
			</comment>
			<comment comment-id="35">
				<comment-parent-id/>
				<comment-text>Žal so zdravstvo, šolstvo in sodstvo slika naše družbe, vrednot in države. Slovenija pa je pokradena in ugrabljena od tistih elit ki so jo pokradle. Mladi zdravniki so samo eni od žrtev tega stanja in balkanskega pakovanja.</comment-text>
				<comment-text-transliterated>Žal so zdravstvo, šolstvo in sodstvo slika naše družbe, vrednot in države. Slovenija pa je pokradena in ugrabljena od tistih elit ki so jo pokradle. Mladi zdravniki so samo eni od žrtev tega stanja in balkanskega pakovanja.</comment-text-transliterated>
			</comment>
			<comment comment-id="36">
				<comment-parent-id/>
				<comment-text>Milijonkrat sem ze napisal da komunisticna partija z udbo v ozadju (kdor ne verjame naj samo bere zgodovino nastanka LB in poznejsi razvoj in fruktuacija njenih udbaskih kadrov v vse pore slovenske druzbe), seveda je danes ta ista KPSlovenije zamaskirana pod stevilcnimi novonastalimi levicarskimi strankami, skratka te cakalne vrste so ustvarili umetno, da preko njih izvrsujejo nafaljne eksikucije, tokrat nepotrebnih drzavljanov, ki le odzirajo proracun ali bolnikov katerih zdravljenje nesorazmerno stane glede na njihov vlozek v druzbo. In tukaj se oni zlepa ne bodo dali sestopiti. Poleg ciscenjs neuporabnih drzavljanov ps je prisotna korupcija ki gre v milijarde in jo je brez izrednega stanja v drzavi nemogoce resiti. Lep primer za to so preiskovalne komisije ki so ze lani ugotovile kriminal pri eni od 10.000 nabavi medicinske opreme kjer je slo za preplacila tudi po 1000 in vec eur pri enem samem komadu. Kaksna je potem sele cifra na vso dobavljeno medicinsko opremo??? Pa se tistih nekaj preplacanih stendov niso bili v stanju raziskati (v bistvu imajo vse zbrabo, se samo kaksen UZ o zbranih obvestilih s pricami in formalni zapisnik o zaslisanju osumljencev-itak nic ne povedo, in lepo podajo ovadbo k kateri gredo ugotovitve preiskovalnih komisij kot priloge. Vrh glave je dela do spisane ovadbe za teden dni, ampak do danes ni nicesar narejenega, ZAKAJ???</comment-text>
				<comment-text-transliterated>Milijonkrat sem ze napisal da komunisticna partija z udbo v ozadju (kdor ne verjame naj samo bere zgodovino nastanka LB in poznejsi razvoj in fruktuacija njenih udbaskih kadrov v vse pore slovenske druzbe), seveda je danes ta ista KPSlovenije zamaskirana pod stevilcnimi novonastalimi levicarskimi strankami, skratka te cakalne vrste so ustvarili umetno, da preko njih izvrsujejo nafaljne eksikucije, tokrat nepotrebnih drzavljanov, ki le odzirajo proracun ali bolnikov katerih zdravljenje nesorazmerno stane glede na njihov vlozek v druzbo. In tukaj se oni zlepa ne bodo dali sestopiti. Poleg ciscenjs neuporabnih drzavljanov ps je prisotna korupcija ki gre v milijarde in jo je brez izrednega stanja v drzavi nemogoce resiti. Lep primer za to so preiskovalne komisije ki so ze lani ugotovile kriminal pri eni od 10.000 nabavi medicinske opreme kjer je slo za preplacila tudi po 1000 in vec eur pri enem samem komadu. Kaksna je potem sele cifra na vso dobavljeno medicinsko opremo??? Pa se tistih nekaj preplacanih stendov niso bili v stanju raziskati (v bistvu imajo vse zbrabo, se samo kaksen UZ o zbranih obvestilih s pricami in formalni zapisnik o zaslisanju osumljencev-itak nic ne povedo, in lepo podajo ovadbo k kateri gredo ugotovitve preiskovalnih komisij kot priloge. Vrh glave je dela do spisane ovadbe za teden dni, ampak do danes ni nicesar narejenega, ZAKAJ???</comment-text-transliterated>
			</comment>
			<comment comment-id="36-1">
				<comment-parent-id>36</comment-parent-id>
				<comment-text>daj spelji se nekam jju v r-i--t, so tablete popustile pa te spet teorije zarot in politični konstrukti dajejejo a ne ?</comment-text>
				<comment-text-transliterated>daj spelji se nekam jju v r-i--t, so tablete popustile pa te spet teorije zarot in politični konstrukti dajejejo a ne ?</comment-text-transliterated>
			</comment>
			<comment comment-id="37">
				<comment-parent-id/>
				<comment-text>Kar ste izvolili to imamo! Komunizem in kaviar socializem .... Bruh</comment-text>
				<comment-text-transliterated>Kar ste izvolili to imamo! Komunizem in kaviar socializem .... Bruh</comment-text-transliterated>
			</comment>
			<comment comment-id="38">
				<comment-parent-id/>
				<comment-text>prevec vas je</comment-text>
				<comment-text-transliterated>prevec vas je</comment-text-transliterated>
			</comment>
			<comment comment-id="39">
				<comment-parent-id/>
				<comment-text>Saj večina podpira novonastajočo vlado... se bo smc spet potegoval za zdravstvo, ko imajo tako sposobno ministrico???</comment-text>
				<comment-text-transliterated>Saj večina podpira novonastajočo vlado... se bo smc spet potegoval za zdravstvo, ko imajo tako sposobno ministrico???</comment-text-transliterated>
			</comment>
			<comment comment-id="40">
				<comment-parent-id/>
				<comment-text>To kar delajo v UKC je obup, človek pride domov še bolj bolan, kot pred težavami.</comment-text>
				<comment-text-transliterated>To kar delajo v UKC je obup, človek pride domov še bolj bolan, kot pred težavami.</comment-text-transliterated>
			</comment>
			<comment comment-id="40-1">
				<comment-parent-id>40</comment-parent-id>
				<comment-text>ne bluzi,,,,...za 35 eur na mesec ni pričakovati kaj drugega; če imaš denar imaš tudi boljšo storitev,....glede na tvoje komentarje ga ti očitno nimaš,...tako, da se raje vprašaj zakaj je tako ne pa kar nekaj na pamet....</comment-text>
				<comment-text-transliterated>ne bluzi,,,,...za 35 eur na mesec ni pričakovati kaj drugega; če imaš denar imaš tudi boljšo storitev,....glede na tvoje komentarje ga ti očitno nimaš,...tako, da se raje vprašaj zakaj je tako ne pa kar nekaj na pamet....</comment-text-transliterated>
			</comment>
			<comment comment-id="40-2">
				<comment-parent-id>40</comment-parent-id>
				<comment-text>35 evrov ???? Zaposleni plačujem konkretno več !!!!</comment-text>
				<comment-text-transliterated>35 evrov ???? Zaposleni plačujem konkretno več !!!!</comment-text-transliterated>
			</comment>
		</comments-list>
	</comments>
</document>
