<document global-id="si-06-1141"><url>https://www.24ur.com/popin/tuja-scena/lenny-srcno-voscil-hcerki-zoe-za-30-let.html</url><source-id>si-06</source-id><local-id>si-06-1141</local-id><source-name>ur24</source-name><article><article-title>Lenny srčno voščil hčerki Zoe za 30 let</article-title><article-title-transliterated>Lenny srčno voščil hčerki Zoe za 30 let</article-title-transliterated><article_time>2018-12-03</article_time><article-author>B.T.</article-author><article-text>Rocker Lenny Kravitz, ki prihodnjo pomlad prihaja v Slovenijo, je na Instagramu delil črnobelo fotografijo, na kateri sta na motorju s hčerko Zoe, ki ji je na simpatičen način voščil za njeno okroglo obletnico, 30 let.
Za prikaz vsebine je potrebno omogočite piškotke družbenih omrežij.
OMOGOČI PIŠKOTKE
54-letni rocker Lenny Kravitz, ki ga bomo 27. aprila prihodnje leto lahko gledali v Stožicah, je za hčerkin 30. rojstni dan zapisal prijazno posvetilo in ji tako čestital.
Objavil je fotografijo Zoe in sebe, kako drvita na motorju, ona pa se smeji, kaže jezik in z roko kaže "hudičeve" metalske rožičke.
"Vse najboljše ljubica Zoe Kravitz. Vozila se bova, dokler ne bo odpadla balanca. Rad te imam do nerazumljivosti, Xx," je ob skupni fotografiji zapisal na Instagramu.
Zoe je igralka, ki jo ima z Liso Bonet. Sicer pa je Zoe nedavno dejala, da njen "oče ni bil odsoten, ko je odraščala, da pa je veliko delal in da se ji je včasih zdelo kot da je Božiček".</article-text><article-text-transliterated>Rocker Lenny Kravitz, ki prihodnjo pomlad prihaja v Slovenijo, je na Instagramu delil črnobelo fotografijo, na kateri sta na motorju s hčerko Zoe, ki ji je na simpatičen način voščil za njeno okroglo obletnico, 30 let.
Za prikaz vsebine je potrebno omogočite piškotke družbenih omrežij.
OMOGOČI PIŠKOTKE
54-letni rocker Lenny Kravitz, ki ga bomo 27. aprila prihodnje leto lahko gledali v Stožicah, je za hčerkin 30. rojstni dan zapisal prijazno posvetilo in ji tako čestital.
Objavil je fotografijo Zoe in sebe, kako drvita na motorju, ona pa se smeji, kaže jezik in z roko kaže "hudičeve" metalske rožičke.
"Vse najboljše ljubica Zoe Kravitz. Vozila se bova, dokler ne bo odpadla balanca. Rad te imam do nerazumljivosti, Xx," je ob skupni fotografiji zapisal na Instagramu.
Zoe je igralka, ki jo ima z Liso Bonet. Sicer pa je Zoe nedavno dejala, da njen "oče ni bil odsoten, ko je odraščala, da pa je veliko delal in da se ji je včasih zdelo kot da je Božiček".</article-text-transliterated></article><comments><comments-count>3</comments-count><comments-list><comment comment-id="1"><comment-parent-id /><comment-text>Wheels fall off....belanca?.? Nas so pa učili da kolesa odpadejo</comment-text><comment-text-transliterated>Wheels fall off....belanca?.? Nas so pa učili da kolesa odpadejo</comment-text-transliterated></comment><comment comment-id="2"><comment-parent-id /><comment-text>Nobene opreme?
Pa se hcerka zadej,totalno neodgovorno.</comment-text><comment-text-transliterated>Nobene opreme?
Pa se hcerka zadej,totalno neodgovorno.</comment-text-transliterated></comment><comment comment-id="3"><comment-parent-id /><comment-text>Brez čelade?!</comment-text><comment-text-transliterated>Brez čelade?!</comment-text-transliterated></comment></comments-list></comments></document>