<?xml version="1.0" encoding="utf-8"?>
<document global-id="si-06-1103">
	<url>https://www.24ur.com/novice/slovenija/kranj-bo-dobil-zeleno-streho-in-park-uredili-bodo-tudi-kanjon-kokre.html</url>
	<source-id>si-06</source-id>
	<local-id>1103</local-id>
	<source-name>ur24</source-name>
	<article>
		<article-title>Kranj bo dobil zeleno streho in mestni park, uredili bodo tudi kanjon Kokre</article-title>
		<article-title-transliterated>Kranj bo dobil zeleno streho in mestni park, uredili bodo tudi kanjon Kokre</article-title-transliterated>
		<article-time>2019-12-15</article-time>
		<article-author>Urša Zupan</article-author>
		<article-text>Med 15 občinami, ki so se prijavile za ozelenitev strehe, je zmagal Kranj. Prihodnje leto bo tako ena od streh dobila zeleno površino, ki bo merila do 400 kvadratnih metrov. Če bo vse po sreči, bodo do konca leta na trenutno zanemarjenem in zapuščenem območju med avtobusno postajo in porodnišnico uredili tudi največji mestni park. Na poziv kulturnega društva prostoRož za ozelenitev strehe se je prijavilo 15 občin, z najbolj prepričljivo prijavo pa je bil izbran Kranj. Med občinami, ki jih je Kranj &quot;premagal&quot;, so Ankaran, Brezovica, Hrastnik, Kamnik, Kočevje, Litija, Ljubljana, Maribor, Nova Gorica, Ormož, Razkrižje, Selnica ob Dravi, Škofja Loka in Zagorje. &quot;Kranj nas je prepričal s konkretnimi predlogi primernih občinskih stavb za ozelenitev, naborom občinskih okoljskih strategij, razumevanjem pomembnosti boja proti podnebnim spremembam in pripravljenostjo, da več mestnih oddelkov skupaj zagotovi izvedbo projekta. Poleg tega občina že razmišlja o širjenju zelenih streh v sklopu energetskega podnebnega načrta Gorenjske. Nova zelena streha je le eden od korakov k bolj zelenemu mestu. Verjamemo, da bo Kranj naše delo podprl z naprednimi politikami in pogumnimi ukrepi, ki bodo mesto bolje pripravili na podnebne spremembe in na nove potrebe, ki jih bodo imeli prebivalci Kranja v prihodnje,&quot; so sporočili iz društva. V letu 2020 bo kranjska občina tako dobila popis ravnih streh, ki so primerne za ozelenitev, novo zeleno streho na javni stavbi in analizo učinkov, ki jih bo imela streha na uporabnike in na okolje. ProstoRož bo podrobno obravnaval 14 streh v središču mesta, pa tudi v bližnji okolici, na Planini in Savskem otoku. Zelena površina na strehi bo merila do 400 kvadratnih metrov, prednost pa bodo imele strehe, na katere je možno dostopati in ki so vidne iz okoliških stavb.FOTO: Nanostudio &quot;Skupaj z Mestno občino Kranj že pregledujemo dokumentacijo in preverjamo, kateri obstoječi javni objekt je najbolj primeren za ozelenitev. Zelena površina bo merila do 400 kvadratnih metrov, prednost pa bodo imele strehe, na katere je možno dostopati in ki so vidne iz okoliških stavb,&quot; je sporočilo društvo prostoRož. Zasaditev na strehi bo potekala v začetku pomladi, skupaj z zunanjimi strokovnjaki pa bodo celo pomlad in poletje spremljali stanje. &quot;Da bi navdušili uporabnike in opogumili lastnike stavb, bomo organizirali delavnice na temo urbanega zelenja in hkrati izvajali meritve, s katerimi bomo preverili okoljske in psihološke učinke nove strehe. Upamo, da bomo v okviru projekta Kranj in druge občine spodbudili, da ozelenijo strehe svojih objektov,&quot; so še povedali. Projekt 2° Zelene strehe vodi KD prostoRož, sofinancirata ga Eko sklad in ministrstvo za okolje in prostor, izvedbo pa podpira tudi Mestna občina Kranj. Podžupan Janez Černe je ob tem dejal, da je nagrada dokaz, da je Kranj na pravi poti večjega in bolj učinkovitega odnosa do okolja. Pri tem je poudaril, da mestna uprava izvaja že celo vrsto projektov, ki zagotavljajo bolj zeleno politiko. &quot;Izvajamo energetsko prenovo stavb v lasti Mestne občine Kranj, skrbimo za zelene površine ter jih tudi povečujemo. Pohvalimo pa se lahko tudi z največjim elektrificiranim sistemom za izposojo koles v državi.&quot;   Ob avtobusni postaji bo stal največji park v Kranju Poleg tega bo Kranj, ki mu glede na število prebivalcev primanjkuje parkovnih površin, dobil nov največji mestni park z ustreznimi povezavami za kolesarje in pešce. Uredili ga bodo na degradiranem, trenutno zanemarjenem in zapuščenem območju med avtobusno postajo in porodnišnico. S tem bo mesto pridobilo nov urejen javni prostor v neposredni bližini starega mestnega jedra. &quot;Ukrepi trajnostne urbane mobilnosti stremijo pri vsakodnevnih migracijah k večji uporabi kolesarjenja in hoje, posledično se izboljša tudi kakovost zraka (manj izpustov CO2), ter zmanjšanju hrupa. Ureditev površin za pešce in kolesarje med Gosposvetsko ulico in Bleiweisovo cesto bo omogočila dnevno mobilnost s kolesom in peš ter predstavlja neposredno, varno, udobno in privlačno povezavo širšega območja Zdravstvenega doma Kranj z velikim številom deležnikov (prebivalci in obiskovalci) z različnimi pomembnimi ustanovami na tem območju (zdravstveni dom, lekarna, glavna avtobusna postaja, dve banki, vrtec, sodišče, kino, policija) in v nadaljevanju s centrom mesta Kranja,&quot; so pojasnili na občini. Največji park v Kranju bo poimenovan po Janezu Bleiweisu, stal pa bo med avtobusno postajo in porodnišnico.FOTO: Mestna občina Kranj Park bo poimenovan po Kranjčanu Janezu Bleiweisu, ki je bil v 19. stoletju med zaslužnimi za obstoj slovenskega jezika in naroda. Namembnost objektov v neposredni bližini parka pa se močno prepleta z Bleiweisovim delom, saj je bil tudi zdravnik in porodničar. V parku bo pomemben poudarek na urbani opremi, prilagojeni za pešce in kolesarje (klopi in mize, koši za smeti, koši za pasje iztrebke, otroško igrišče – za različne starostne skupine, stojala za kolesa, pitniki, stojnice idr.). Za ureditev pešpoti in kolesarskih povezav ter obenem parkovnih površin se bo Mestna občina Kranj potegovala za evropska sredstva sofinanciranja. Za najboljšo ureditev celotnega parka bodo k sodelovanju povabili več krajinsko-arhitekturnih birojev, predvidevajo pa, da bo park urejen do konca naslednjega leta. načrti za park v KranjuFOTO: Mestna občina Kranj Kanjon Kokre za šport in rekreacijo Namen sprejema občinskega podrobnega prostorskega načrta (OPPN) je tudi ureditev zelenih in rekreacijskih površin za območje starega mesta in bližnje okolice. Ureditev območja izhaja iz na javnem natečaju leta 2009 nagrajene rešitve, ki določa sonaravno usklajen razvojni režim z ureditvijo kanjona v zeleno rekreacijsko območje Kranja. Mestni svet je v postopku sprejemanja OPPN dokument potrdil v prvem branju. &quot;Območje OPPN je razdeljeno na več con. V enem delu se ohranja naravne danosti prostora (ureditev pešpoti, povezave za turistične in rekreacijske namene), na poplavni ravnici je predvideno območje za šport in rekreacijo, otroško igrišče, na stavbnem zemljišču je predviden večnamenski objekt (predstavitve, info točka, manjši lokal). Na območju je predvidena ureditev pešpoti, novih brvi, otroškega igrišča, športnega igrišča, plezalne stene, manjšega lokala kot dodatne ponudbe v bližini športnega igrišča,&quot; še pojasnjujejo na občini. &quot;Kanjon Kokre želimo ohraniti v obliki, v kakršni je, predvsem pa ga ponuditi občanom in ga ne narediti tako turističnega, saj vemo, da ima že kar precej krajev v zadnjem času težave zaradi množičnega turizma in tu moramo najti ravnovesje,&quot; pravi kranjski župan Matjaž Rakovec. Kanjon reke Kokre, ki velja za drugi najvišji obmestni kanjon v Evropi, je sicer decembra dobil praznično podobo. Letošnja novost so lesene jaslice mojstra Matjaža Beguša, ki stojijo na slikoviti skali pod mostom. Pogled privabljajo že s Kokrškega mostu, saj so lepo osvetljene, lahko pa si jih ogledate tudi od blizu in se sprehodite po osvetljenem lesenem mostu. Lesene jaslice v kanjonu Kokre so letošnja novost novoletne okrasitve v mestu.FOTO: Mestna občina Kranj</article-text>
		<article-text-transliterated>Med 15 občinami, ki so se prijavile za ozelenitev strehe, je zmagal Kranj. Prihodnje leto bo tako ena od streh dobila zeleno površino, ki bo merila do 400 kvadratnih metrov. Če bo vse po sreči, bodo do konca leta na trenutno zanemarjenem in zapuščenem območju med avtobusno postajo in porodnišnico uredili tudi največji mestni park. Na poziv kulturnega društva prostoRož za ozelenitev strehe se je prijavilo 15 občin, z najbolj prepričljivo prijavo pa je bil izbran Kranj. Med občinami, ki jih je Kranj &quot;premagal&quot;, so Ankaran, Brezovica, Hrastnik, Kamnik, Kočevje, Litija, Ljubljana, Maribor, Nova Gorica, Ormož, Razkrižje, Selnica ob Dravi, Škofja Loka in Zagorje. &quot;Kranj nas je prepričal s konkretnimi predlogi primernih občinskih stavb za ozelenitev, naborom občinskih okoljskih strategij, razumevanjem pomembnosti boja proti podnebnim spremembam in pripravljenostjo, da več mestnih oddelkov skupaj zagotovi izvedbo projekta. Poleg tega občina že razmišlja o širjenju zelenih streh v sklopu energetskega podnebnega načrta Gorenjske. Nova zelena streha je le eden od korakov k bolj zelenemu mestu. Verjamemo, da bo Kranj naše delo podprl z naprednimi politikami in pogumnimi ukrepi, ki bodo mesto bolje pripravili na podnebne spremembe in na nove potrebe, ki jih bodo imeli prebivalci Kranja v prihodnje,&quot; so sporočili iz društva. V letu 2020 bo kranjska občina tako dobila popis ravnih streh, ki so primerne za ozelenitev, novo zeleno streho na javni stavbi in analizo učinkov, ki jih bo imela streha na uporabnike in na okolje. ProstoRož bo podrobno obravnaval 14 streh v središču mesta, pa tudi v bližnji okolici, na Planini in Savskem otoku. Zelena površina na strehi bo merila do 400 kvadratnih metrov, prednost pa bodo imele strehe, na katere je možno dostopati in ki so vidne iz okoliških stavb.FOTO: Nanostudio &quot;Skupaj z Mestno občino Kranj že pregledujemo dokumentacijo in preverjamo, kateri obstoječi javni objekt je najbolj primeren za ozelenitev. Zelena površina bo merila do 400 kvadratnih metrov, prednost pa bodo imele strehe, na katere je možno dostopati in ki so vidne iz okoliških stavb,&quot; je sporočilo društvo prostoRož. Zasaditev na strehi bo potekala v začetku pomladi, skupaj z zunanjimi strokovnjaki pa bodo celo pomlad in poletje spremljali stanje. &quot;Da bi navdušili uporabnike in opogumili lastnike stavb, bomo organizirali delavnice na temo urbanega zelenja in hkrati izvajali meritve, s katerimi bomo preverili okoljske in psihološke učinke nove strehe. Upamo, da bomo v okviru projekta Kranj in druge občine spodbudili, da ozelenijo strehe svojih objektov,&quot; so še povedali. Projekt 2° Zelene strehe vodi KD prostoRož, sofinancirata ga Eko sklad in ministrstvo za okolje in prostor, izvedbo pa podpira tudi Mestna občina Kranj. Podžupan Janez Černe je ob tem dejal, da je nagrada dokaz, da je Kranj na pravi poti večjega in bolj učinkovitega odnosa do okolja. Pri tem je poudaril, da mestna uprava izvaja že celo vrsto projektov, ki zagotavljajo bolj zeleno politiko. &quot;Izvajamo energetsko prenovo stavb v lasti Mestne občine Kranj, skrbimo za zelene površine ter jih tudi povečujemo. Pohvalimo pa se lahko tudi z največjim elektrificiranim sistemom za izposojo koles v državi.&quot;   Ob avtobusni postaji bo stal največji park v Kranju Poleg tega bo Kranj, ki mu glede na število prebivalcev primanjkuje parkovnih površin, dobil nov največji mestni park z ustreznimi povezavami za kolesarje in pešce. Uredili ga bodo na degradiranem, trenutno zanemarjenem in zapuščenem območju med avtobusno postajo in porodnišnico. S tem bo mesto pridobilo nov urejen javni prostor v neposredni bližini starega mestnega jedra. &quot;Ukrepi trajnostne urbane mobilnosti stremijo pri vsakodnevnih migracijah k večji uporabi kolesarjenja in hoje, posledično se izboljša tudi kakovost zraka (manj izpustov CO2), ter zmanjšanju hrupa. Ureditev površin za pešce in kolesarje med Gosposvetsko ulico in Bleiweisovo cesto bo omogočila dnevno mobilnost s kolesom in peš ter predstavlja neposredno, varno, udobno in privlačno povezavo širšega območja Zdravstvenega doma Kranj z velikim številom deležnikov (prebivalci in obiskovalci) z različnimi pomembnimi ustanovami na tem območju (zdravstveni dom, lekarna, glavna avtobusna postaja, dve banki, vrtec, sodišče, kino, policija) in v nadaljevanju s centrom mesta Kranja,&quot; so pojasnili na občini. Največji park v Kranju bo poimenovan po Janezu Bleiweisu, stal pa bo med avtobusno postajo in porodnišnico.FOTO: Mestna občina Kranj Park bo poimenovan po Kranjčanu Janezu Bleiweisu, ki je bil v 19. stoletju med zaslužnimi za obstoj slovenskega jezika in naroda. Namembnost objektov v neposredni bližini parka pa se močno prepleta z Bleiweisovim delom, saj je bil tudi zdravnik in porodničar. V parku bo pomemben poudarek na urbani opremi, prilagojeni za pešce in kolesarje (klopi in mize, koši za smeti, koši za pasje iztrebke, otroško igrišče – za različne starostne skupine, stojala za kolesa, pitniki, stojnice idr.). Za ureditev pešpoti in kolesarskih povezav ter obenem parkovnih površin se bo Mestna občina Kranj potegovala za evropska sredstva sofinanciranja. Za najboljšo ureditev celotnega parka bodo k sodelovanju povabili več krajinsko-arhitekturnih birojev, predvidevajo pa, da bo park urejen do konca naslednjega leta. načrti za park v KranjuFOTO: Mestna občina Kranj Kanjon Kokre za šport in rekreacijo Namen sprejema občinskega podrobnega prostorskega načrta (OPPN) je tudi ureditev zelenih in rekreacijskih površin za območje starega mesta in bližnje okolice. Ureditev območja izhaja iz na javnem natečaju leta 2009 nagrajene rešitve, ki določa sonaravno usklajen razvojni režim z ureditvijo kanjona v zeleno rekreacijsko območje Kranja. Mestni svet je v postopku sprejemanja OPPN dokument potrdil v prvem branju. &quot;Območje OPPN je razdeljeno na več con. V enem delu se ohranja naravne danosti prostora (ureditev pešpoti, povezave za turistične in rekreacijske namene), na poplavni ravnici je predvideno območje za šport in rekreacijo, otroško igrišče, na stavbnem zemljišču je predviden večnamenski objekt (predstavitve, info točka, manjši lokal). Na območju je predvidena ureditev pešpoti, novih brvi, otroškega igrišča, športnega igrišča, plezalne stene, manjšega lokala kot dodatne ponudbe v bližini športnega igrišča,&quot; še pojasnjujejo na občini. &quot;Kanjon Kokre želimo ohraniti v obliki, v kakršni je, predvsem pa ga ponuditi občanom in ga ne narediti tako turističnega, saj vemo, da ima že kar precej krajev v zadnjem času težave zaradi množičnega turizma in tu moramo najti ravnovesje,&quot; pravi kranjski župan Matjaž Rakovec. Kanjon reke Kokre, ki velja za drugi najvišji obmestni kanjon v Evropi, je sicer decembra dobil praznično podobo. Letošnja novost so lesene jaslice mojstra Matjaža Beguša, ki stojijo na slikoviti skali pod mostom. Pogled privabljajo že s Kokrškega mostu, saj so lepo osvetljene, lahko pa si jih ogledate tudi od blizu in se sprehodite po osvetljenem lesenem mostu. Lesene jaslice v kanjonu Kokre so letošnja novost novoletne okrasitve v mestu.FOTO: Mestna občina Kranj</article-text-transliterated>
	</article>
	<comments>
		<comments-count>70</comments-count>
		<comments-list>
			<comment comment-id="1">
				<comment-parent-id/>
				<comment-text>Kako prenovili kanjon? kaj ni bil prenovljen par let nazaj?</comment-text>
				<comment-text-transliterated>Kako prenovili kanjon? kaj ni bil prenovljen par let nazaj?</comment-text-transliterated>
			</comment>
			<comment comment-id="2">
				<comment-parent-id/>
				<comment-text>Zelo pomembna novica, da si že dva dni zasluži biti na vrhu.</comment-text>
				<comment-text-transliterated>Zelo pomembna novica, da si že dva dni zasluži biti na vrhu.</comment-text-transliterated>
			</comment>
			<comment comment-id="3">
				<comment-parent-id/>
				<comment-text>Obvoznico okoli kranja....ne pa zelene strehe!!!! Zelenavarji!!!!!!</comment-text>
				<comment-text-transliterated>Obvoznico okoli kranja....ne pa zelene strehe!!!! Zelenavarji!!!!!!</comment-text-transliterated>
			</comment>
			<comment comment-id="4">
				<comment-parent-id/>
				<comment-text>Jaz sem se iz Kranja odselil nekaj let nazaj ravno zaradi razmer. Vrtec pri avtobusni ravno pri policiji poln drogerašov, kot da jih policija čuva. Sem pa vesel, da sem prodal nepremičnino na kateri bo sedaj park. Cela ta nepremičnina, kjer bo sedaj park je bila lastnina moje rodbine, tako da sem vesel, da se bo končno nekaj koristnega naredilo.</comment-text>
				<comment-text-transliterated>Jaz sem se iz Kranja odselil nekaj let nazaj ravno zaradi razmer. Vrtec pri avtobusni ravno pri policiji poln drogerašov, kot da jih policija čuva. Sem pa vesel, da sem prodal nepremičnino na kateri bo sedaj park. Cela ta nepremičnina, kjer bo sedaj park je bila lastnina moje rodbine, tako da sem vesel, da se bo končno nekaj koristnega naredilo.</comment-text-transliterated>
			</comment>
			<comment comment-id="4-1">
				<comment-parent-id>4</comment-parent-id>
				<comment-text>Jaz sem bil lastnik samo deleža tega, da ne bo pomote.</comment-text>
				<comment-text-transliterated>Jaz sem bil lastnik samo deleža tega, da ne bo pomote.</comment-text-transliterated>
			</comment>
			<comment comment-id="4-2">
				<comment-parent-id>4</comment-parent-id>
				<comment-text>Mubijev??</comment-text>
				<comment-text-transliterated>Mubijev??</comment-text-transliterated>
			</comment>
			<comment comment-id="5">
				<comment-parent-id/>
				<comment-text>kranjska avtobusna postaja je odraz slovenije - bila je narejena začasno in taja 50 let. taki so namreč vsi začasni slo projekti, kao dokler se ne postavi novo, tiso pravo.</comment-text>
				<comment-text-transliterated>kranjska avtobusna postaja je odraz slovenije - bila je narejena začasno in taja 50 let. taki so namreč vsi začasni slo projekti, kao dokler se ne postavi novo, tiso pravo.</comment-text-transliterated>
			</comment>
			<comment comment-id="6">
				<comment-parent-id/>
				<comment-text>v kranju je prevec onih od tam spodaj in tistih z rutami, pa to</comment-text>
				<comment-text-transliterated>v kranju je prevec onih od tam spodaj in tistih z rutami, pa to</comment-text-transliterated>
			</comment>
			<comment comment-id="6-1">
				<comment-parent-id>6</comment-parent-id>
				<comment-text>pa brez gat</comment-text>
				<comment-text-transliterated>pa brez gat</comment-text-transliterated>
			</comment>
			<comment comment-id="7">
				<comment-parent-id/>
				<comment-text>Kranj ni mesto pa fertik</comment-text>
				<comment-text-transliterated>Kranj ni mesto pa fertik</comment-text-transliterated>
			</comment>
			<comment comment-id="7-1">
				<comment-parent-id>7</comment-parent-id>
				<comment-text>Tretje največje mesto</comment-text>
				<comment-text-transliterated>Tretje največje mesto</comment-text-transliterated>
			</comment>
			<comment comment-id="7-2">
				<comment-parent-id>7</comment-parent-id>
				<comment-text>Iz kere jazbine pa ti prihajas...če kranj zate ni mesto</comment-text>
				<comment-text-transliterated>Iz kere jazbine pa ti prihajas...če kranj zate ni mesto</comment-text-transliterated>
			</comment>
			<comment comment-id="7-3">
				<comment-parent-id>7</comment-parent-id>
				<comment-text>To je Kranj, naše mesto sanj!</comment-text>
				<comment-text-transliterated>To je Kranj, naše mesto sanj!</comment-text-transliterated>
			</comment>
			<comment comment-id="8">
				<comment-parent-id/>
				<comment-text>Lepo mesto, ampak mal zastarelo, infrastruktura bolj.</comment-text>
				<comment-text-transliterated>Lepo mesto, ampak mal zastarelo, infrastruktura bolj.</comment-text-transliterated>
			</comment>
			<comment comment-id="9">
				<comment-parent-id/>
				<comment-text>Kakršno koli vlaganje v Kranj je po mojem zgrešeno. Mesto duhov je postalo, ko so zgradili prvi trgovski center na primskovem. Če bi takrat postavili Mercator center kjer je stala bivša sava bi bilo danes čisto drugače. Med karunom in AMDjem bi komot stala qulandija ( danes tam stojijo propadajoči bloki) in mesto bi živelo naprej.</comment-text>
				<comment-text-transliterated>Kakršno koli vlaganje v Kranj je po mojem zgrešeno. Mesto duhov je postalo, ko so zgradili prvi trgovski center na primskovem. Če bi takrat postavili Mercator center kjer je stala bivša sava bi bilo danes čisto drugače. Med karunom in AMDjem bi komot stala qulandija ( danes tam stojijo propadajoči bloki) in mesto bi živelo naprej.</comment-text-transliterated>
			</comment>
			<comment comment-id="10">
				<comment-parent-id/>
				<comment-text>Kranj je malo večja vas nikoli nebo mesto mesto je Maribor ljubljana.Kranj pa je industrisko umazano mesto sramota Slovenije</comment-text>
				<comment-text-transliterated>Kranj je malo večja vas nikoli nebo mesto mesto je Maribor ljubljana.Kranj pa je industrisko umazano mesto sramota Slovenije</comment-text-transliterated>
			</comment>
			<comment comment-id="10-1">
				<comment-parent-id>10</comment-parent-id>
				<comment-text>Hahaha duhovit pa si. Je pa žalostno, da največji dosežki prihajajo iz gorenjskega konca, če ste pa mariborčani in ljubljančani tako oh in sploh :D</comment-text>
				<comment-text-transliterated>Hahaha duhovit pa si. Je pa žalostno, da največji dosežki prihajajo iz gorenjskega konca, če ste pa mariborčani in ljubljančani tako oh in sploh :D</comment-text-transliterated>
			</comment>
			<comment comment-id="10-2">
				<comment-parent-id>10</comment-parent-id>
				<comment-text>Upam, da se Kranja, če je po tvojem tak, kot ga opisuješ vedno izogneš. Industrijsko mesto že davno ni več, ker so v glavnem vso industrijo uničili, pokradli, res pa je, da obstoječih objektov v katerih so zdaj razne firme noben ne obnavlja. Ampak to se dogaja na obrobju mesta.</comment-text>
				<comment-text-transliterated>Upam, da se Kranja, če je po tvojem tak, kot ga opisuješ vedno izogneš. Industrijsko mesto že davno ni več, ker so v glavnem vso industrijo uničili, pokradli, res pa je, da obstoječih objektov v katerih so zdaj razne firme noben ne obnavlja. Ampak to se dogaja na obrobju mesta.</comment-text-transliterated>
			</comment>
			<comment comment-id="10-3">
				<comment-parent-id>10</comment-parent-id>
				<comment-text>Droga je res dosežek pa to</comment-text>
				<comment-text-transliterated>Droga je res dosežek pa to</comment-text-transliterated>
			</comment>
			<comment comment-id="10-4">
				<comment-parent-id>10</comment-parent-id>
				<comment-text>Andry maš pa res komplekse glede Kranja.</comment-text>
				<comment-text-transliterated>Andry maš pa res komplekse glede Kranja.</comment-text-transliterated>
			</comment>
			<comment comment-id="10-5">
				<comment-parent-id>10</comment-parent-id>
				<comment-text>Kranj je znan po rastlini od Boga dani. Maribor in Lublana po trdoti.</comment-text>
				<comment-text-transliterated>Kranj je znan po rastlini od Boga dani. Maribor in Lublana po trdoti.</comment-text-transliterated>
			</comment>
			<comment comment-id="10-6">
				<comment-parent-id>10</comment-parent-id>
				<comment-text>Kranj je čisto in urejeno mesto, življenje v mojem mestu je veliko bolj prijetno kot npr. v Ljubljani ali Celju, življenski stroški in cene nepremičnin pa so občutno nižji kot v drugih večjih slovenskih mestih. Kranj je eno nastarejših mest v Sloveniji in Evropi. Ponaša se z več kot 6000 letno neprekinjeno kontinuiteto naseljenosti. Ima enkratno naravno lego, ki ga poosebljajo kanjon Kokre, veličastne gore v zaledju ter gozdovi in polja na oberobju mesta. V njem je svoja zadnja leta preživel največji slovenski pesnik France Prešeren, tu so bili rojeni izumitelj fotografije na steklo Janez Puhar, komandant pohorskega bataljona Rudolf Mede ter znana filmska režiserja Boštjan Hladnik in France Stiglic. Za časa bivše Jugoslavije sta bili tovarni Iskra in Sava ponos vse države. Stanovanjska soseska Planina je med najlepše urejenimi v Sloveniji, v Kranju je veliko uspešnih podjetnikov. Kranjčanke so najlepša dekleta v Sloveniji, ponosen sem, da sem Kranjčan!</comment-text>
				<comment-text-transliterated>Kranj je čisto in urejeno mesto, življenje v mojem mestu je veliko bolj prijetno kot npr. v Ljubljani ali Celju, življenski stroški in cene nepremičnin pa so občutno nižji kot v drugih večjih slovenskih mestih. Kranj je eno nastarejših mest v Sloveniji in Evropi. Ponaša se z več kot 6000 letno neprekinjeno kontinuiteto naseljenosti. Ima enkratno naravno lego, ki ga poosebljajo kanjon Kokre, veličastne gore v zaledju ter gozdovi in polja na oberobju mesta. V njem je svoja zadnja leta preživel največji slovenski pesnik France Prešeren, tu so bili rojeni izumitelj fotografije na steklo Janez Puhar, komandant pohorskega bataljona Rudolf Mede ter znana filmska režiserja Boštjan Hladnik in France Stiglic. Za časa bivše Jugoslavije sta bili tovarni Iskra in Sava ponos vse države. Stanovanjska soseska Planina je med najlepše urejenimi v Sloveniji, v Kranju je veliko uspešnih podjetnikov. Kranjčanke so najlepša dekleta v Sloveniji, ponosen sem, da sem Kranjčan!</comment-text-transliterated>
			</comment>
			<comment comment-id="11">
				<comment-parent-id/>
				<comment-text>Zmanjkal bo pa denarja za vzdrzevanje zelene strehe..to ni poceni ce hoces da zgleda.</comment-text>
				<comment-text-transliterated>Zmanjkal bo pa denarja za vzdrzevanje zelene strehe..to ni poceni ce hoces da zgleda.</comment-text-transliterated>
			</comment>
			<comment comment-id="12">
				<comment-parent-id/>
				<comment-text>V tistem trenutnem zarascenem parku je veliko igel</comment-text>
				<comment-text-transliterated>V tistem trenutnem zarascenem parku je veliko igel</comment-text-transliterated>
			</comment>
			<comment comment-id="13">
				<comment-parent-id/>
				<comment-text>Največja sramota Kranja je avtobusna postaja!! Naj ta mestna politika začne s tem!!</comment-text>
				<comment-text-transliterated>Največja sramota Kranja je avtobusna postaja!! Naj ta mestna politika začne s tem!!</comment-text-transliterated>
			</comment>
			<comment comment-id="13-1">
				<comment-parent-id>13</comment-parent-id>
				<comment-text>ne največja sramota kranja so kosovarji</comment-text>
				<comment-text-transliterated>ne največja sramota kranja so kosovarji</comment-text-transliterated>
			</comment>
			<comment comment-id="13-2">
				<comment-parent-id>13</comment-parent-id>
				<comment-text>Kaj avtobusna postaja !!! Ko se tako prsato ponašamo z Prešernovim parkom !!! Poln drogerašev ,igel steklenic !!! V tem parku mene sigurno ne bo !! Pa še marsikaterega občana ne !! Prava sramota !! Moje mnenje je ,da se bo tu ,kar nekaj denarja upralo !!! Samo ne vemo v katere žepe !!! Ja marsikaj bi se lahko polebšalo a kaj ,ko sam gledajo ,kje in koliko bodo na...dli</comment-text>
				<comment-text-transliterated>Kaj avtobusna postaja !!! Ko se tako prsato ponašamo z Prešernovim parkom !!! Poln drogerašev ,igel steklenic !!! V tem parku mene sigurno ne bo !! Pa še marsikaterega občana ne !! Prava sramota !! Moje mnenje je ,da se bo tu ,kar nekaj denarja upralo !!! Samo ne vemo v katere žepe !!! Ja marsikaj bi se lahko polebšalo a kaj ,ko sam gledajo ,kje in koliko bodo na...dli</comment-text-transliterated>
			</comment>
			<comment comment-id="13-3">
				<comment-parent-id>13</comment-parent-id>
				<comment-text>Avtobusna postaja se seli na železniško postajo, tako da stvari se že odvijajo.</comment-text>
				<comment-text-transliterated>Avtobusna postaja se seli na železniško postajo, tako da stvari se že odvijajo.</comment-text-transliterated>
			</comment>
			<comment comment-id="13-4">
				<comment-parent-id>13</comment-parent-id>
				<comment-text>No, za to je odgovorna Upravna enota in ta je potrebno pogledati, če vse &quot;čisto&quot;!! Enkrat je že bila neka &quot;afera&quot;!!</comment-text>
				<comment-text-transliterated>No, za to je odgovorna Upravna enota in ta je potrebno pogledati, če vse &quot;čisto&quot;!! Enkrat je že bila neka &quot;afera&quot;!!</comment-text-transliterated>
			</comment>
			<comment comment-id="13-5">
				<comment-parent-id>13</comment-parent-id>
				<comment-text>Chrome, sam nisem prepričan, da se bo res preselila in sploh začela graditi. Toliko projektov za razne lokacije je bilo že narejenih, da bi za njihov denar že zdavnaj lahko imeli skoraj v celoti poplačano moderno zgrajeno avtobusno postajo. Sam sem prepričan, če bi namesto teh projektov plačali lastniku zemljo, ki je ob sedanji avtobusni postaji, bi tam lahko zgradili spodobno in moderno avtobusno postajo. Kajti ves denar, ki so ga plačali za neuresničene projekte, bi pokril strošek nakupa zemljišča, pa če tudi je lastnik zahteval dokaj visoko ceno. Prostora je ogromno, naseljen je le z zahodne strani, torej ne bi motilo tam živečih ljudi, ker so se že tako ali tako navadili na dnevni avtobusni ropot. Sicer, če bo park in bo ta resnično urejen, bo meni tudi prav, saj zdaj poštenega parka v mestu ni. Ampak, da pa se avtobusna postaja gradi že 30 ali 40 let, pa tudi ni normalno, ker še danes ni niti zgrajena, niti ni nikjer začetek gradnje. Obljube so pa padale iz mandata v mandat, da bo. Mogoče pa enkrat res bo, vprašanje le kje. Upam, da ne na koncu Stražišča v smeri Bitenj oziroma Žabnice pa ne čez kakih 30 let.</comment-text>
				<comment-text-transliterated>Chrome, sam nisem prepričan, da se bo res preselila in sploh začela graditi. Toliko projektov za razne lokacije je bilo že narejenih, da bi za njihov denar že zdavnaj lahko imeli skoraj v celoti poplačano moderno zgrajeno avtobusno postajo. Sam sem prepričan, če bi namesto teh projektov plačali lastniku zemljo, ki je ob sedanji avtobusni postaji, bi tam lahko zgradili spodobno in moderno avtobusno postajo. Kajti ves denar, ki so ga plačali za neuresničene projekte, bi pokril strošek nakupa zemljišča, pa če tudi je lastnik zahteval dokaj visoko ceno. Prostora je ogromno, naseljen je le z zahodne strani, torej ne bi motilo tam živečih ljudi, ker so se že tako ali tako navadili na dnevni avtobusni ropot. Sicer, če bo park in bo ta resnično urejen, bo meni tudi prav, saj zdaj poštenega parka v mestu ni. Ampak, da pa se avtobusna postaja gradi že 30 ali 40 let, pa tudi ni normalno, ker še danes ni niti zgrajena, niti ni nikjer začetek gradnje. Obljube so pa padale iz mandata v mandat, da bo. Mogoče pa enkrat res bo, vprašanje le kje. Upam, da ne na koncu Stražišča v smeri Bitenj oziroma Žabnice pa ne čez kakih 30 let.</comment-text-transliterated>
			</comment>
			<comment comment-id="13-6">
				<comment-parent-id>13</comment-parent-id>
				<comment-text>Kdaj si bil nazadnje v Prešernovem gaju??? Če bi vsaj šel tja mimo bi vedel da je urejen, brez igel in narkomanov. Ne govori nekaj na pamet!</comment-text>
				<comment-text-transliterated>Kdaj si bil nazadnje v Prešernovem gaju??? Če bi vsaj šel tja mimo bi vedel da je urejen, brez igel in narkomanov. Ne govori nekaj na pamet!</comment-text-transliterated>
			</comment>
			<comment comment-id="14">
				<comment-parent-id/>
				<comment-text>Pri gimnaziji imate eno sekvojo privezano na fasado gimnazije, mislim.... Gimazija se bo zato kmalu podrla,</comment-text>
				<comment-text-transliterated>Pri gimnaziji imate eno sekvojo privezano na fasado gimnazije, mislim.... Gimazija se bo zato kmalu podrla,</comment-text-transliterated>
			</comment>
			<comment comment-id="14-1">
				<comment-parent-id>14</comment-parent-id>
				<comment-text>ha,ha,kje si pa ti sekvojo našel...</comment-text>
				<comment-text-transliterated>ha,ha,kje si pa ti sekvojo našel...</comment-text-transliterated>
			</comment>
			<comment comment-id="15">
				<comment-parent-id/>
				<comment-text>Navečja zasluga gre ovnovi OS Simona Jenka pri Prešernovem gaju. Gdaj bo otvoritev?</comment-text>
				<comment-text-transliterated>Navečja zasluga gre ovnovi OS Simona Jenka pri Prešernovem gaju. Gdaj bo otvoritev?</comment-text-transliterated>
			</comment>
			<comment comment-id="16">
				<comment-parent-id/>
				<comment-text>Zoki pravi, da bo tudi zriktal avtobusno v najlepšem mestu. Sam zasebnika še ni dobil, da bi mu partnersko nakazal.</comment-text>
				<comment-text-transliterated>Zoki pravi, da bo tudi zriktal avtobusno v najlepšem mestu. Sam zasebnika še ni dobil, da bi mu partnersko nakazal.</comment-text-transliterated>
			</comment>
			<comment comment-id="16-1">
				<comment-parent-id>16</comment-parent-id>
				<comment-text>Samo to dela kjer lahko krade. Lj.ima obupno infrastrukturo. Ceste so kot pred 35 leti oz. še starejše.....katastrofa. Gradi pa hotele, glupe mostičke,ki ne spadajo v stari del Plečnikove Lj. in Stožice?????? Kokl so vsi nakradli v Kranju,Lj.,MB,,.....Sramota. Ampak folk še kar hodi na volitve - neverjetno....</comment-text>
				<comment-text-transliterated>Samo to dela kjer lahko krade. Lj.ima obupno infrastrukturo. Ceste so kot pred 35 leti oz. še starejše.....katastrofa. Gradi pa hotele, glupe mostičke,ki ne spadajo v stari del Plečnikove Lj. in Stožice?????? Kokl so vsi nakradli v Kranju,Lj.,MB,,.....Sramota. Ampak folk še kar hodi na volitve - neverjetno....</comment-text-transliterated>
			</comment>
			<comment comment-id="17">
				<comment-parent-id/>
				<comment-text>Kransterdam, je drugo ime za Kranj. naj se župan loti drugih problemov, ne pa neumnosti. Vsata stara bajta ima &quot;zeleno&quot; streho, zaradi mahu ki raste gor. Vse skupaj spominja na Andesenova &quot;Cesarjeva nova oblačila&quot;.</comment-text>
				<comment-text-transliterated>Kransterdam, je drugo ime za Kranj. naj se župan loti drugih problemov, ne pa neumnosti. Vsata stara bajta ima &quot;zeleno&quot; streho, zaradi mahu ki raste gor. Vse skupaj spominja na Andesenova &quot;Cesarjeva nova oblačila&quot;.</comment-text-transliterated>
			</comment>
			<comment comment-id="17-1">
				<comment-parent-id>17</comment-parent-id>
				<comment-text>V Kranju se manjka coffea shopiv kransterdam. Posel bi stagniral s turizmom z roko v roki. SDSarji znate samo poslovat prisesani na davkoplačevalski fond.</comment-text>
				<comment-text-transliterated>V Kranju se manjka coffea shopiv kransterdam. Posel bi stagniral s turizmom z roko v roki. SDSarji znate samo poslovat prisesani na davkoplačevalski fond.</comment-text-transliterated>
			</comment>
			<comment comment-id="17-2">
				<comment-parent-id>17</comment-parent-id>
				<comment-text>*coffee shopov</comment-text>
				<comment-text-transliterated>*coffee shopov</comment-text-transliterated>
			</comment>
			<comment comment-id="17-3">
				<comment-parent-id>17</comment-parent-id>
				<comment-text>@Mauzahec, nikoli nisem bil član kakšne stranke, kaj šele prisesan na javno. Levčarji so na oblasti in javno državnem, že 74 let. Verjetnost, da boš srečal desničarja prisesanega na javnoupravno je torej 6,7%. Kolikor so bili desničarji na oblasti zadnjih 74 let. In v 93,24% pa bo to levičar.</comment-text>
				<comment-text-transliterated>@Mauzahec, nikoli nisem bil član kakšne stranke, kaj šele prisesan na javno. Levčarji so na oblasti in javno državnem, že 74 let. Verjetnost, da boš srečal desničarja prisesanega na javnoupravno je torej 6,7%. Kolikor so bili desničarji na oblasti zadnjih 74 let. In v 93,24% pa bo to levičar.</comment-text-transliterated>
			</comment>
			<comment comment-id="18">
				<comment-parent-id/>
				<comment-text>Bo treba najprej drogeraše umakniti iz kanjona in izpred Mercatorja pri avtobusni postaji, ker če ne bo tisti park postal leglo droge.</comment-text>
				<comment-text-transliterated>Bo treba najprej drogeraše umakniti iz kanjona in izpred Mercatorja pri avtobusni postaji, ker če ne bo tisti park postal leglo droge.</comment-text-transliterated>
			</comment>
			<comment comment-id="19">
				<comment-parent-id/>
				<comment-text>Spomnimo.</comment-text>
				<comment-text-transliterated>Spomnimo.</comment-text-transliterated>
			</comment>
			<comment comment-id="20">
				<comment-parent-id/>
				<comment-text>Bravo za obcino ceprav je to zelo majgen korak. Trebs ozeleniti vecji del streh in cimvec dreves</comment-text>
				<comment-text-transliterated>Bravo za obcino ceprav je to zelo majgen korak. Trebs ozeleniti vecji del streh in cimvec dreves</comment-text-transliterated>
			</comment>
			<comment comment-id="20-1">
				<comment-parent-id>20</comment-parent-id>
				<comment-text>Seveda, več streh. Me zanima če se zavedate kaj to pomeni s finančnega vidika? Da je izvedeno tako kot je treba zadeva stane, drugače je v objektu voda, vlaga in plesen... potem, je problem... ampak vsi bi pa imeli drevesa po bajtah, sam ne na svojih...</comment-text>
				<comment-text-transliterated>Seveda, več streh. Me zanima če se zavedate kaj to pomeni s finančnega vidika? Da je izvedeno tako kot je treba zadeva stane, drugače je v objektu voda, vlaga in plesen... potem, je problem... ampak vsi bi pa imeli drevesa po bajtah, sam ne na svojih...</comment-text-transliterated>
			</comment>
			<comment comment-id="20-2">
				<comment-parent-id>20</comment-parent-id>
				<comment-text>Drevesa sploh niso za na strehe, niti ne okoli blokov. Ne razumem pa, zakaj civilna iniciativa za zelenje ali kako se že imenuje, pa predstavniki Domplana in občine ne sedejo skupaj in določijo kaj se lahko sadi in gradi na zelenicah ob blokih. Tako pa sadi in gradi vsak kar je njemu všeč, potem je pa okolica taka, da ni za nikamor. Za zaščito pritličnih stanovanj so prave grmovnice tja do višine 1,5 m. Sicer pa že vsak na občinski zemlji (ker noben blok nima funkcionalnega zemljišča) dela kar hoče. Tako so dograjena tudi skrapucala, ki skazijo vse naselje, namesto, da bi se dogovorili in sadili tako, da bi bilo naselje urejeno in prijetno za pogled.</comment-text>
				<comment-text-transliterated>Drevesa sploh niso za na strehe, niti ne okoli blokov. Ne razumem pa, zakaj civilna iniciativa za zelenje ali kako se že imenuje, pa predstavniki Domplana in občine ne sedejo skupaj in določijo kaj se lahko sadi in gradi na zelenicah ob blokih. Tako pa sadi in gradi vsak kar je njemu všeč, potem je pa okolica taka, da ni za nikamor. Za zaščito pritličnih stanovanj so prave grmovnice tja do višine 1,5 m. Sicer pa že vsak na občinski zemlji (ker noben blok nima funkcionalnega zemljišča) dela kar hoče. Tako so dograjena tudi skrapucala, ki skazijo vse naselje, namesto, da bi se dogovorili in sadili tako, da bi bilo naselje urejeno in prijetno za pogled.</comment-text-transliterated>
			</comment>
			<comment comment-id="21">
				<comment-parent-id/>
				<comment-text>Bil v soboto v Kranju.Dobesedno,mesto duhov! Na 80% lokalov v centru napisi &quot;prodamo&quot; ali &quot;oddamo&quot;. Nobenih ljudi. Skratka ena sama ZALOST!</comment-text>
				<comment-text-transliterated>Bil v soboto v Kranju.Dobesedno,mesto duhov! Na 80% lokalov v centru napisi &quot;prodamo&quot; ali &quot;oddamo&quot;. Nobenih ljudi. Skratka ena sama ZALOST!</comment-text-transliterated>
			</comment>
			<comment comment-id="21-1">
				<comment-parent-id>21</comment-parent-id>
				<comment-text>Res je, Kranj je mrtev. V mestu lahko najdeš samo še 'težave'.</comment-text>
				<comment-text-transliterated>Res je, Kranj je mrtev. V mestu lahko najdeš samo še 'težave'.</comment-text-transliterated>
			</comment>
			<comment comment-id="21-2">
				<comment-parent-id>21</comment-parent-id>
				<comment-text>To je res. In ko preberem še tole: &quot;Kanjon Kokre želimo ohraniti v obliki, v kakršni je, predvsem pa ga ponuditi občanom in ga ne narediti tako turističnega, saj vemo, da ima že kar precej krajev v zadnjem času težave zaradi množičnega turizma in tu moramo najti ravnovesje,&quot; pravi kranjski župan Matjaž Rakovec.  si mislim, a tale župan sploh živi v Kranju?</comment-text>
				<comment-text-transliterated>To je res. In ko preberem še tole: &quot;Kanjon Kokre želimo ohraniti v obliki, v kakršni je, predvsem pa ga ponuditi občanom in ga ne narediti tako turističnega, saj vemo, da ima že kar precej krajev v zadnjem času težave zaradi množičnega turizma in tu moramo najti ravnovesje,&quot; pravi kranjski župan Matjaž Rakovec.  si mislim, a tale župan sploh živi v Kranju?</comment-text-transliterated>
			</comment>
			<comment comment-id="21-3">
				<comment-parent-id>21</comment-parent-id>
				<comment-text>Qulandia 5000 folka notr.</comment-text>
				<comment-text-transliterated>Qulandia 5000 folka notr.</comment-text-transliterated>
			</comment>
			<comment comment-id="21-4">
				<comment-parent-id>21</comment-parent-id>
				<comment-text>v qulandiji ne slišiš slovenske besede.</comment-text>
				<comment-text-transliterated>v qulandiji ne slišiš slovenske besede.</comment-text-transliterated>
			</comment>
			<comment comment-id="21-5">
				<comment-parent-id>21</comment-parent-id>
				<comment-text>Ko že opevate ta KANJON !! So ga že prenovili in obnavljali in ogromno pokradli 1!!!</comment-text>
				<comment-text-transliterated>Ko že opevate ta KANJON !! So ga že prenovili in obnavljali in ogromno pokradli 1!!!</comment-text-transliterated>
			</comment>
			<comment comment-id="21-6">
				<comment-parent-id>21</comment-parent-id>
				<comment-text>Živim v mestu 13 let,hodim domov ponoči,grem na šiht ob 4:00,še nisem enkrat naletel na težave o katerih nabijate.Oprostite ampak Kranj je bil pred 20-25 leti veliko bolj nevarno mesto kot pa zdaj.</comment-text>
				<comment-text-transliterated>Živim v mestu 13 let,hodim domov ponoči,grem na šiht ob 4:00,še nisem enkrat naletel na težave o katerih nabijate.Oprostite ampak Kranj je bil pred 20-25 leti veliko bolj nevarno mesto kot pa zdaj.</comment-text-transliterated>
			</comment>
			<comment comment-id="21-7">
				<comment-parent-id>21</comment-parent-id>
				<comment-text>vsi črnogorci so šli v interšport :)</comment-text>
				<comment-text-transliterated>vsi črnogorci so šli v interšport :)</comment-text-transliterated>
			</comment>
			<comment comment-id="22">
				<comment-parent-id/>
				<comment-text>Zelene strehe, na ravnih streha, že, kaj pa nosilnost obstoječih streh (stavb), možnost zamakanja in še kaj.</comment-text>
				<comment-text-transliterated>Zelene strehe, na ravnih streha, že, kaj pa nosilnost obstoječih streh (stavb), možnost zamakanja in še kaj.</comment-text-transliterated>
			</comment>
			<comment comment-id="23">
				<comment-parent-id/>
				<comment-text>Naslov malo neposrečen, le kako bi izgledal Kranj pod streho, razen brez sonca in padavin.</comment-text>
				<comment-text-transliterated>Naslov malo neposrečen, le kako bi izgledal Kranj pod streho, razen brez sonca in padavin.</comment-text-transliterated>
			</comment>
			<comment comment-id="24">
				<comment-parent-id/>
				<comment-text>super! še več mest kjer se bodo lahko albanci zadrževal in kadil marihuano</comment-text>
				<comment-text-transliterated>super! še več mest kjer se bodo lahko albanci zadrževal in kadil marihuano</comment-text-transliterated>
			</comment>
			<comment comment-id="24-1">
				<comment-parent-id>24</comment-parent-id>
				<comment-text>in nabijal albansko muzko na bluetooth zvočniku</comment-text>
				<comment-text-transliterated>in nabijal albansko muzko na bluetooth zvočniku</comment-text-transliterated>
			</comment>
			<comment comment-id="24-2">
				<comment-parent-id>24</comment-parent-id>
				<comment-text>to so kao bodoći grimsovi navijaći,ki jih je s pomočjo svojega šefa navozil v kranj..gashi fura vsko sobota in ponedeljek novo turo..</comment-text>
				<comment-text-transliterated>to so kao bodoći grimsovi navijaći,ki jih je s pomočjo svojega šefa navozil v kranj..gashi fura vsko sobota in ponedeljek novo turo..</comment-text-transliterated>
			</comment>
			<comment comment-id="25">
				<comment-parent-id/>
				<comment-text>Toooo! Bodo kosovarji srečni! :'D</comment-text>
				<comment-text-transliterated>Toooo! Bodo kosovarji srečni! :'D</comment-text-transliterated>
			</comment>
			<comment comment-id="26">
				<comment-parent-id/>
				<comment-text>Park na omenjenem območju bi si morali omisliti enih 30 let nazaj. Kdo pa se bo sprehajal po parku? Po sedmi uri zvečer je Kranj mesto duhov. Zaradi velikega števila registriranih in še vešjega števila neregistriranih kosovskih albancev, si nihče normalen ne upa ven!</comment-text>
				<comment-text-transliterated>Park na omenjenem območju bi si morali omisliti enih 30 let nazaj. Kdo pa se bo sprehajal po parku? Po sedmi uri zvečer je Kranj mesto duhov. Zaradi velikega števila registriranih in še vešjega števila neregistriranih kosovskih albancev, si nihče normalen ne upa ven!</comment-text-transliterated>
			</comment>
			<comment comment-id="26-1">
				<comment-parent-id>26</comment-parent-id>
				<comment-text>Po parku se sprehaja podnevi, ne ponoči. Ali pa želiš, da te kak policaj obravnava zaradi ...</comment-text>
				<comment-text-transliterated>Po parku se sprehaja podnevi, ne ponoči. Ali pa želiš, da te kak policaj obravnava zaradi ...</comment-text-transliterated>
			</comment>
			<comment comment-id="26-2">
				<comment-parent-id>26</comment-parent-id>
				<comment-text>velikokrat grem zvečer vn in srečam skupine kosovarjev (3-4 skupaj), ki gredo na večerno šetnjo... in se vedno držijo zase, so mirni in popolnoma miroljubni. Ne vem o čem govoriš in koga se bojiš… ko je šla pa moja žena sama na sprehod so ji pa zaželeli trije dober večer…</comment-text>
				<comment-text-transliterated>velikokrat grem zvečer vn in srečam skupine kosovarjev (3-4 skupaj), ki gredo na večerno šetnjo... in se vedno držijo zase, so mirni in popolnoma miroljubni. Ne vem o čem govoriš in koga se bojiš… ko je šla pa moja žena sama na sprehod so ji pa zaželeli trije dober večer…</comment-text-transliterated>
			</comment>
			<comment comment-id="26-3">
				<comment-parent-id>26</comment-parent-id>
				<comment-text>Sure da.</comment-text>
				<comment-text-transliterated>Sure da.</comment-text-transliterated>
			</comment>
			<comment comment-id="26-4">
				<comment-parent-id>26</comment-parent-id>
				<comment-text>Kako, zna tvoja žena Albansko? Ker tile Albanci ne govorijo besedice Slovensko.</comment-text>
				<comment-text-transliterated>Kako, zna tvoja žena Albansko? Ker tile Albanci ne govorijo besedice Slovensko.</comment-text-transliterated>
			</comment>
			<comment comment-id="26-5">
				<comment-parent-id>26</comment-parent-id>
				<comment-text>Sem Kranjčan in me ni niti malo strah se sprehajati ob 2 popoldne ali ob 2 ponoči po Kranju. Ne vem od kod imaš toliko strahu?</comment-text>
				<comment-text-transliterated>Sem Kranjčan in me ni niti malo strah se sprehajati ob 2 popoldne ali ob 2 ponoči po Kranju. Ne vem od kod imaš toliko strahu?</comment-text-transliterated>
			</comment>
			<comment comment-id="27">
				<comment-parent-id/>
				<comment-text>Hebeš to ...Cjele bo dobil tibetanski most!!! ;)</comment-text>
				<comment-text-transliterated>Hebeš to ...Cjele bo dobil tibetanski most!!! ;)</comment-text-transliterated>
			</comment>
			<comment comment-id="27-1">
				<comment-parent-id>27</comment-parent-id>
				<comment-text>Čemu, nima tibetancev, ne tibetanskega templja, vsaj zaenkrat ne.</comment-text>
				<comment-text-transliterated>Čemu, nima tibetancev, ne tibetanskega templja, vsaj zaenkrat ne.</comment-text-transliterated>
			</comment>
			<comment comment-id="27-2">
				<comment-parent-id>27</comment-parent-id>
				<comment-text>Vprašaj župana, on že ve ... ;)</comment-text>
				<comment-text-transliterated>Vprašaj župana, on že ve ... ;)</comment-text-transliterated>
			</comment>
			<comment comment-id="27-3">
				<comment-parent-id>27</comment-parent-id>
				<comment-text>da bo Veronik Deseniška lahko pobegnila :)</comment-text>
				<comment-text-transliterated>da bo Veronik Deseniška lahko pobegnila :)</comment-text-transliterated>
			</comment>
			<comment comment-id="27-4">
				<comment-parent-id>27</comment-parent-id>
				<comment-text>Kolk jih je navozil v KRANJ !! SAM BOG NE VE !!! ALI KAJ RAZMIŠLJAŠ O TVOJIH VNUKIH / UNUKINJAH !!!!</comment-text>
				<comment-text-transliterated>Kolk jih je navozil v KRANJ !! SAM BOG NE VE !!! ALI KAJ RAZMIŠLJAŠ O TVOJIH VNUKIH / UNUKINJAH !!!!</comment-text-transliterated>
			</comment>
		</comments-list>
	</comments>
</document>
