<?xml version="1.0" encoding="utf-8"?>
<document global-id="si-06-1208">
	<url>https://www.24ur.com/sport/motogp/maruez.html</url>
	<source-id>si-06</source-id>
	<local-id>1208</local-id>
	<source-name>ur24</source-name>
	<article>
		<article-title>Marquez: Prioriteta je podaljšanje pogodbe z ekipo</article-title>
		<article-title-transliterated>Marquez: Prioriteta je podaljšanje pogodbe z ekipo</article-title-transliterated>
		<article-time>2019-11-25</article-time>
		<article-author>M.J.</article-author>
		<article-text>Marc Marquez je, tako kot že nekaj zadnjih let, zaznamoval tekmovalno sezono v motociklističnem razredu motoGP. Španec je že štiri dirke pred koncem predčasno slavil nov naslov, v novi sezoni pa mu bo, po upokojitvi Jorgeja Lorenza v garaži Honde, družbo delal mlajši brat Alex. Da se pri Hondi odlično počuti, potrjujejo njegove besede za madridski AS, ko je zatrdil, da komaj čaka, da podaljša pogodbo z ekipo. Marc Marquez in Fabio QuartararoFOTO: motoGP Španec Marc Marquez je še osmič skupno in šestič v razredu motoGP postal svetovni motociklistični prvak. Marquez se je s šestim naslovom v kraljevskem razredu na tretjem mestu večne lestvice izenačil z Avstralcem Mickom Doohanom, Italijan Valentino Rossi jih ima sedem in je drugi med vsemi, prvi pa je njegov rojak Giacomo Agostini z osmimi naslovi. Ta je dirkal v šestdesetih in sedemdesetih letih prejšnjega stoletja, osem naslovov svetovnega prvaka pa je osvojil v razredu 500-kubičnih centimetrov, takratnem elitnem razredu. Španec je četrti zaporedni naslov svetovnega prvaka v kraljevskem motociklističnem razredu osvojil že štiri dirke pred koncem sezone na VN Tajske v Buriramu, kljub temu pa na preostalih dirkah konkurentom ni pustil več od drobtinic. &quot;Ko gre za dirkanje, sem nenasiten zmag. Vedel sem tudi po VN Tajske, ko je bilo jasno, da bom osvojil naslov svetovnega prvaka, da ne bom dal roke za vrat in le čakal na konec sezone, ampak bom želel zmagati tudi na vseh preostalih dirkah. Mislim, da le takšno razmišljanje vodi k popolnosti,&quot; je bil brez dlake na jeziku v pogovoru s španskimi novinarji Marc Marquez, ki je bil spet za korak ali dva pred svetovno konkurenco. Še posebej v zaključku sezone mu je, kolikor toliko, pariral le mladi Francoz Fabio Quartararo.  Alex Marquez in Marc MarquezFOTO: AP &quot;Zavedam se, da je vsak dan nova priložnost za dokazovanje, zato svojih uspehov ne jemljem kot nekaj normalnega ali vnaprej predvidenega. Vem, da se moraš za vsako zmago potruditi, dati vse od sebe, in tako bo tudi naprej.&quot; Čeprav se je sezona komaj končala, pa so ekipe že hitele s testiranji, in tudi Marquez se je trudil, da bi bil motocikel za naslednjo še boljši od tega, ki ga je vozil leta 2019. &quot;Neverjetno leto, opravili smo odlično delo, rad bi se zahvalil vsem ljudem, ki so mi pomagali, in zdaj je napočil čas, da uživam in se poveselim. A le za kratko, sledila bodo nova testiranja, še veliko dela imamo pred sabo, da bo vse tako, kot je treba.&quot; Marquez je že nekaj sezon maneken Honde, Španec je potrdil, da bi bil rad še nekaj časa član te družine. &quot;Pred leti so mi vodilni možje predstavili projekt, ki me je takrat navdušil, in kot kaže, sem se odločil prav. Honda mi je ponudila možnost, da dirkam v kraljevem razredu, in to zelo cenim. Ostaja moja prioriteta,&quot; je AS-u zaupal 26-letni Marquez in potrdil, da ima na mizi &quot;papir&quot; za podaljšanje zvestobe tej japonski ekipi. &quot;Da smo ekipa, ki odlično sodeluje, potrjujejo naši rezultati. Neumno bi bilo prekiniti takšno plodno sodelovanje. Moja velika želja je, da nadaljujemo projekt,&quot; je dejal lastnik šestih naslovov v razredu motoGP.  Marc Marquez je s tekmeci večinoma počel, kar je hotel ...FOTO: AP O Alexu, novem kolegu v Hondini garaži, tokrat ni želel govoriti. &quot;Lahko mu rečem le to, da je motoGP povsem druga kategorija od tistih, s katerimi se je brat ukvarjal doslej. Moj nasvet je tudi, naj bo ves čas koncentriran na dogajanje v naši garaži, saj je naš motocikel zahteven za upravljanje. Preden sem ga docela spoznal in ugotovil njegove limite oziroma skrajne zmogljivosti, sem doživel kar nekaj bolečih padcev. Alexu polagam na srce, naj se ne ukvarja z nepomembnimi stvarmi.&quot; Marquez je spregovoril tudi o dirkalniku, ki ga (bo) čaka(l) v letu 2020. Brez dvoma bo na vseh stavnicah in prognozah pred prihajajočo sezono užival vlogo prvega favorita. &quot;Letošnji motocikel je bil odličen, a zelo zahteven za upravljanje. Ima specifične značilnosti, zaradi katerih ne ustreza vsakomur. Naša želja je, da sestavimo motocikel, ki bo hiter, a lažji za upravljanje.&quot;</article-text>
		<article-text-transliterated>Marc Marquez je, tako kot že nekaj zadnjih let, zaznamoval tekmovalno sezono v motociklističnem razredu motoGP. Španec je že štiri dirke pred koncem predčasno slavil nov naslov, v novi sezoni pa mu bo, po upokojitvi Jorgeja Lorenza v garaži Honde, družbo delal mlajši brat Alex. Da se pri Hondi odlično počuti, potrjujejo njegove besede za madridski AS, ko je zatrdil, da komaj čaka, da podaljša pogodbo z ekipo. Marc Marquez in Fabio QuartararoFOTO: motoGP Španec Marc Marquez je še osmič skupno in šestič v razredu motoGP postal svetovni motociklistični prvak. Marquez se je s šestim naslovom v kraljevskem razredu na tretjem mestu večne lestvice izenačil z Avstralcem Mickom Doohanom, Italijan Valentino Rossi jih ima sedem in je drugi med vsemi, prvi pa je njegov rojak Giacomo Agostini z osmimi naslovi. Ta je dirkal v šestdesetih in sedemdesetih letih prejšnjega stoletja, osem naslovov svetovnega prvaka pa je osvojil v razredu 500-kubičnih centimetrov, takratnem elitnem razredu. Španec je četrti zaporedni naslov svetovnega prvaka v kraljevskem motociklističnem razredu osvojil že štiri dirke pred koncem sezone na VN Tajske v Buriramu, kljub temu pa na preostalih dirkah konkurentom ni pustil več od drobtinic. &quot;Ko gre za dirkanje, sem nenasiten zmag. Vedel sem tudi po VN Tajske, ko je bilo jasno, da bom osvojil naslov svetovnega prvaka, da ne bom dal roke za vrat in le čakal na konec sezone, ampak bom želel zmagati tudi na vseh preostalih dirkah. Mislim, da le takšno razmišljanje vodi k popolnosti,&quot; je bil brez dlake na jeziku v pogovoru s španskimi novinarji Marc Marquez, ki je bil spet za korak ali dva pred svetovno konkurenco. Še posebej v zaključku sezone mu je, kolikor toliko, pariral le mladi Francoz Fabio Quartararo.  Alex Marquez in Marc MarquezFOTO: AP &quot;Zavedam se, da je vsak dan nova priložnost za dokazovanje, zato svojih uspehov ne jemljem kot nekaj normalnega ali vnaprej predvidenega. Vem, da se moraš za vsako zmago potruditi, dati vse od sebe, in tako bo tudi naprej.&quot; Čeprav se je sezona komaj končala, pa so ekipe že hitele s testiranji, in tudi Marquez se je trudil, da bi bil motocikel za naslednjo še boljši od tega, ki ga je vozil leta 2019. &quot;Neverjetno leto, opravili smo odlično delo, rad bi se zahvalil vsem ljudem, ki so mi pomagali, in zdaj je napočil čas, da uživam in se poveselim. A le za kratko, sledila bodo nova testiranja, še veliko dela imamo pred sabo, da bo vse tako, kot je treba.&quot; Marquez je že nekaj sezon maneken Honde, Španec je potrdil, da bi bil rad še nekaj časa član te družine. &quot;Pred leti so mi vodilni možje predstavili projekt, ki me je takrat navdušil, in kot kaže, sem se odločil prav. Honda mi je ponudila možnost, da dirkam v kraljevem razredu, in to zelo cenim. Ostaja moja prioriteta,&quot; je AS-u zaupal 26-letni Marquez in potrdil, da ima na mizi &quot;papir&quot; za podaljšanje zvestobe tej japonski ekipi. &quot;Da smo ekipa, ki odlično sodeluje, potrjujejo naši rezultati. Neumno bi bilo prekiniti takšno plodno sodelovanje. Moja velika želja je, da nadaljujemo projekt,&quot; je dejal lastnik šestih naslovov v razredu motoGP.  Marc Marquez je s tekmeci večinoma počel, kar je hotel ...FOTO: AP O Alexu, novem kolegu v Hondini garaži, tokrat ni želel govoriti. &quot;Lahko mu rečem le to, da je motoGP povsem druga kategorija od tistih, s katerimi se je brat ukvarjal doslej. Moj nasvet je tudi, naj bo ves čas koncentriran na dogajanje v naši garaži, saj je naš motocikel zahteven za upravljanje. Preden sem ga docela spoznal in ugotovil njegove limite oziroma skrajne zmogljivosti, sem doživel kar nekaj bolečih padcev. Alexu polagam na srce, naj se ne ukvarja z nepomembnimi stvarmi.&quot; Marquez je spregovoril tudi o dirkalniku, ki ga (bo) čaka(l) v letu 2020. Brez dvoma bo na vseh stavnicah in prognozah pred prihajajočo sezono užival vlogo prvega favorita. &quot;Letošnji motocikel je bil odličen, a zelo zahteven za upravljanje. Ima specifične značilnosti, zaradi katerih ne ustreza vsakomur. Naša želja je, da sestavimo motocikel, ki bo hiter, a lažji za upravljanje.&quot;</article-text-transliterated>
	</article>
	<comments>
		<comments-count>64</comments-count>
		<comments-list>
			<comment comment-id="1">
				<comment-parent-id/>
				<comment-text>v prihajajoči sezoni bo imel Marquez več tekmecev kot letos in posledično bo sledila slabša sezona kot letošnja, saj je dosegel svoj maksimum</comment-text>
				<comment-text-transliterated>v prihajajoči sezoni bo imel Marquez več tekmecev kot letos in posledično bo sledila slabša sezona kot letošnja, saj je dosegel svoj maksimum</comment-text-transliterated>
			</comment>
			<comment comment-id="2">
				<comment-parent-id/>
				<comment-text>Sami poznavalci motoģp vidim...vsi bi lahko bili najmanj inženirji....dajte si glave malo ohladit...rezultatibsontisti ki štejejo, ne pa naključja...</comment-text>
				<comment-text-transliterated>Sami poznavalci motoģp vidim...vsi bi lahko bili najmanj inženirji....dajte si glave malo ohladit...rezultatibsontisti ki štejejo, ne pa naključja...</comment-text-transliterated>
			</comment>
			<comment comment-id="3">
				<comment-parent-id/>
				<comment-text>Se pravi ce se ne podas v neznano nikol ne bos velik??pol naprimer messi pele...nista nic ker oba sta oziroma igrata samo za en klub?</comment-text>
				<comment-text-transliterated>Se pravi ce se ne podas v neznano nikol ne bos velik??pol naprimer messi pele...nista nic ker oba sta oziroma igrata samo za en klub?</comment-text-transliterated>
			</comment>
			<comment comment-id="4">
				<comment-parent-id/>
				<comment-text>a rosi ne gre probat letos k ducatiju? zakaj le ima dovizioso take rezultate.. rosi penzija</comment-text>
				<comment-text-transliterated>a rosi ne gre probat letos k ducatiju? zakaj le ima dovizioso take rezultate.. rosi penzija</comment-text-transliterated>
			</comment>
			<comment comment-id="5">
				<comment-parent-id/>
				<comment-text>Inženirji Yamah so v totalnem .... Rossijevi mehaniki ne vedo, kaj je narobe z njegovim motorjem, mehaniki Fabia pa ne vedo, kaj je v redu z njegovim</comment-text>
				<comment-text-transliterated>Inženirji Yamah so v totalnem .... Rossijevi mehaniki ne vedo, kaj je narobe z njegovim motorjem, mehaniki Fabia pa ne vedo, kaj je v redu z njegovim</comment-text-transliterated>
			</comment>
			<comment comment-id="6">
				<comment-parent-id/>
				<comment-text>Trenutno sem pred ogromno dilemo.... imam čudovito službo, blizu doma,kjer mi vse uspeva in imam odlično plačo in dobre pogoje za delo in razvoj...zdaj pa me sosed zbada, da nimam jajc, da bi zamenjal službo tako kot on, čeprav se je zafrknil...</comment-text>
				<comment-text-transliterated>Trenutno sem pred ogromno dilemo.... imam čudovito službo, blizu doma,kjer mi vse uspeva in imam odlično plačo in dobre pogoje za delo in razvoj...zdaj pa me sosed zbada, da nimam jajc, da bi zamenjal službo tako kot on, čeprav se je zafrknil...</comment-text-transliterated>
			</comment>
			<comment comment-id="6-1">
				<comment-parent-id>6</comment-parent-id>
				<comment-text>Zelo lepa prispodoba! Ce vse stima v mostvu z medsebojnimi odnosi, dobra placa, vrhunski rezultati itd itd, tudi jaz nebi menjal in sel nekam na nrznano samo zaradi 10-20% dodatka v denarju...</comment-text>
				<comment-text-transliterated>Zelo lepa prispodoba! Ce vse stima v mostvu z medsebojnimi odnosi, dobra placa, vrhunski rezultati itd itd, tudi jaz nebi menjal in sel nekam na nrznano samo zaradi 10-20% dodatka v denarju...</comment-text-transliterated>
			</comment>
			<comment comment-id="6-2">
				<comment-parent-id>6</comment-parent-id>
				<comment-text>Odlicno napisano!</comment-text>
				<comment-text-transliterated>Odlicno napisano!</comment-text-transliterated>
			</comment>
			<comment comment-id="6-3">
				<comment-parent-id>6</comment-parent-id>
				<comment-text>Resnica zelo slaba primerjava če si to želel, denar jim sploh ni problem ker ga majo več kot preveč, gre se samo za to če si kdo upa ali ne, torej če bi ti Mel jajca in zaupal v sebe, bi pusto službo ki je super, bi šel v drugo podjetje, ga z svojim znanjem dvignil iz dna, v nebo, in bi si ustvari ime, spoštovanje, vsi od blizo in daleč bi te imeli radi...</comment-text>
				<comment-text-transliterated>Resnica zelo slaba primerjava če si to želel, denar jim sploh ni problem ker ga majo več kot preveč, gre se samo za to če si kdo upa ali ne, torej če bi ti Mel jajca in zaupal v sebe, bi pusto službo ki je super, bi šel v drugo podjetje, ga z svojim znanjem dvignil iz dna, v nebo, in bi si ustvari ime, spoštovanje, vsi od blizo in daleč bi te imeli radi...</comment-text-transliterated>
			</comment>
			<comment comment-id="6-4">
				<comment-parent-id>6</comment-parent-id>
				<comment-text>Po tvojem je imel Rossi jajca in zaupal vase... s svojim znanjem pa v 10 letih ni mogel potegniti Yamahe ne z dna, ker je le imela Lorenza</comment-text>
				<comment-text-transliterated>Po tvojem je imel Rossi jajca in zaupal vase... s svojim znanjem pa v 10 letih ni mogel potegniti Yamahe ne z dna, ker je le imela Lorenza</comment-text-transliterated>
			</comment>
			<comment comment-id="6-5">
				<comment-parent-id>6</comment-parent-id>
				<comment-text>Hmm včasih ko so šli ljudje s trebuhom za kruhom so zapustili svoj dom, svoje bližnje in svoje imetje. Očitno je za današnjo mladino junaštvo, če starše in svojo otroško sobo vzameš seboj k sosedu.</comment-text>
				<comment-text-transliterated>Hmm včasih ko so šli ljudje s trebuhom za kruhom so zapustili svoj dom, svoje bližnje in svoje imetje. Očitno je za današnjo mladino junaštvo, če starše in svojo otroško sobo vzameš seboj k sosedu.</comment-text-transliterated>
			</comment>
			<comment comment-id="7">
				<comment-parent-id/>
				<comment-text>Imam na sumu, da bo imel prihodnjo sezono vec konkurence</comment-text>
				<comment-text-transliterated>Imam na sumu, da bo imel prihodnjo sezono vec konkurence</comment-text-transliterated>
			</comment>
			<comment comment-id="7-1">
				<comment-parent-id>7</comment-parent-id>
				<comment-text>Za Rossija se ne bo nič spremenilo</comment-text>
				<comment-text-transliterated>Za Rossija se ne bo nič spremenilo</comment-text-transliterated>
			</comment>
			<comment comment-id="8">
				<comment-parent-id/>
				<comment-text>Če bi Rossi in Marquez zamenjala motorja obstaja 98%, da bi MM ostal svetovni prvak...isti procent bi imel tudi Rossi za upokojitev</comment-text>
				<comment-text-transliterated>Če bi Rossi in Marquez zamenjala motorja obstaja 98%, da bi MM ostal svetovni prvak...isti procent bi imel tudi Rossi za upokojitev</comment-text-transliterated>
			</comment>
			<comment comment-id="8-1">
				<comment-parent-id>8</comment-parent-id>
				<comment-text>kaj si poguglal in izvedel , da se je Marko nalašč sam zvrnil 2015 in, da honda ni nikoli pokazala telemetrije, ker je mark, nalašč oviral dohtarja. zaradi tega dejanja je izvižgan na vsaki dirki, tudi domači.</comment-text>
				<comment-text-transliterated>kaj si poguglal in izvedel , da se je Marko nalašč sam zvrnil 2015 in, da honda ni nikoli pokazala telemetrije, ker je mark, nalašč oviral dohtarja. zaradi tega dejanja je izvižgan na vsaki dirki, tudi domači.</comment-text-transliterated>
			</comment>
			<comment comment-id="8-2">
				<comment-parent-id>8</comment-parent-id>
				<comment-text>Vsi vemo, da se Honda vozi sama...zatorej je MM 2015 moral pasti zaradi zunanjega vpliva , druge razlage enostavno ne more biti , če beremo med vrsticami rumenjakov</comment-text>
				<comment-text-transliterated>Vsi vemo, da se Honda vozi sama...zatorej je MM 2015 moral pasti zaradi zunanjega vpliva , druge razlage enostavno ne more biti , če beremo med vrsticami rumenjakov</comment-text-transliterated>
			</comment>
			<comment comment-id="8-3">
				<comment-parent-id>8</comment-parent-id>
				<comment-text>Izzvizga ga pa horda rumenjakecev... Normalni navijaci rossija mu pa enostavno priznajo da je odlicen oz trenutno najboljsi...</comment-text>
				<comment-text-transliterated>Izzvizga ga pa horda rumenjakecev... Normalni navijaci rossija mu pa enostavno priznajo da je odlicen oz trenutno najboljsi...</comment-text-transliterated>
			</comment>
			<comment comment-id="9">
				<comment-parent-id/>
				<comment-text>Lepo bi bilo, če bi Honda svoj motor tako poenostavila, da bi ga lahko vozil še kakšen bivši svetovni prvak</comment-text>
				<comment-text-transliterated>Lepo bi bilo, če bi Honda svoj motor tako poenostavila, da bi ga lahko vozil še kakšen bivši svetovni prvak</comment-text-transliterated>
			</comment>
			<comment comment-id="10">
				<comment-parent-id/>
				<comment-text>Alex napreduje z velikimi koraki. Trenutno na testih v Jerezu 16. , za Marcom zaostaja samo še debelo sekundo. Izvrstno.</comment-text>
				<comment-text-transliterated>Alex napreduje z velikimi koraki. Trenutno na testih v Jerezu 16. , za Marcom zaostaja samo še debelo sekundo. Izvrstno.</comment-text-transliterated>
			</comment>
			<comment comment-id="10-1">
				<comment-parent-id>10</comment-parent-id>
				<comment-text>seveda, Marco je že cel dan na urgenci in ne vozi</comment-text>
				<comment-text-transliterated>seveda, Marco je že cel dan na urgenci in ne vozi</comment-text-transliterated>
			</comment>
			<comment comment-id="11">
				<comment-parent-id/>
				<comment-text>Ja ...Rossi je pogumen...ne kot neki Michael Phelps , ki je plaval le s speedo kopalkami, ki plavajo takorekoč same...</comment-text>
				<comment-text-transliterated>Ja ...Rossi je pogumen...ne kot neki Michael Phelps , ki je plaval le s speedo kopalkami, ki plavajo takorekoč same...</comment-text-transliterated>
			</comment>
			<comment comment-id="11-1">
				<comment-parent-id>11</comment-parent-id>
				<comment-text>ti sanjaš rossija. ni stavka, da ga ne bi omenil. celo rossi je bil nepremagljiv na hondi. tako hudo je bilo, da so vsi govorili, celo honda, da je motor tisti, ki zmaguje. nekako,tako kot sedaj Marko zmaguje, statistika pravi, da je bil rossi boljši. navijači tudi.</comment-text>
				<comment-text-transliterated>ti sanjaš rossija. ni stavka, da ga ne bi omenil. celo rossi je bil nepremagljiv na hondi. tako hudo je bilo, da so vsi govorili, celo honda, da je motor tisti, ki zmaguje. nekako,tako kot sedaj Marko zmaguje, statistika pravi, da je bil rossi boljši. navijači tudi.</comment-text-transliterated>
			</comment>
			<comment comment-id="11-2">
				<comment-parent-id>11</comment-parent-id>
				<comment-text>Statistika je tudi, kot če sta ob frajli 3 letni fanta in 77 letni upokojenec. Statistično ima 40 letnega moškega na vrhu spolne moči, realno pa si ne more z nobenim pomagati...</comment-text>
				<comment-text-transliterated>Statistika je tudi, kot če sta ob frajli 3 letni fanta in 77 letni upokojenec. Statistično ima 40 letnega moškega na vrhu spolne moči, realno pa si ne more z nobenim pomagati...</comment-text-transliterated>
			</comment>
			<comment comment-id="12">
				<comment-parent-id/>
				<comment-text>Mark nima neke resne konstantne konkurence,bi pa sigurno zmagoval tudi na bajkih od konkurence ki so tehnično manj zahtevni ,me prav zanima kako bi ostali vozil hondo ,to bi blo enih štorij</comment-text>
				<comment-text-transliterated>Mark nima neke resne konstantne konkurence,bi pa sigurno zmagoval tudi na bajkih od konkurence ki so tehnično manj zahtevni ,me prav zanima kako bi ostali vozil hondo ,to bi blo enih štorij</comment-text-transliterated>
			</comment>
			<comment comment-id="13">
				<comment-parent-id/>
				<comment-text>Hahaha k hejterji nimajo vec kej druzga pisat k jim je ze skor na vseh podrocjih zapl usta, potem se naslanjajo sr na zadnjo bilko in to je naslovi z enim motorjem. Vprasanje...zakaj bi menjal stvari ki delujejo,...zato k konkurenci niso vsec :D in pa dejstvo,...na hondi jih bo naredu 10, potem bo sel pa se po kaksno zmago ali naslov na drug motor ;)</comment-text>
				<comment-text-transliterated>Hahaha k hejterji nimajo vec kej druzga pisat k jim je ze skor na vseh podrocjih zapl usta, potem se naslanjajo sr na zadnjo bilko in to je naslovi z enim motorjem. Vprasanje...zakaj bi menjal stvari ki delujejo,...zato k konkurenci niso vsec :D in pa dejstvo,...na hondi jih bo naredu 10, potem bo sel pa se po kaksno zmago ali naslov na drug motor ;)</comment-text-transliterated>
			</comment>
			<comment comment-id="13-1">
				<comment-parent-id>13</comment-parent-id>
				<comment-text>ZKL, sem že spodaj mili vabili odgovoril, da se nebom ponavljal, pač stvar posameznika, če hočeš postat velik, moreš naredit velike stvari, ob pravem času, drugače bo pač šel v pozabo, klub vsem naslovom ki jih bo osvojil...</comment-text>
				<comment-text-transliterated>ZKL, sem že spodaj mili vabili odgovoril, da se nebom ponavljal, pač stvar posameznika, če hočeš postat velik, moreš naredit velike stvari, ob pravem času, drugače bo pač šel v pozabo, klub vsem naslovom ki jih bo osvojil...</comment-text-transliterated>
			</comment>
			<comment comment-id="13-2">
				<comment-parent-id>13</comment-parent-id>
				<comment-text>kajcene kako patetično.</comment-text>
				<comment-text-transliterated>kajcene kako patetično.</comment-text-transliterated>
			</comment>
			<comment comment-id="13-3">
				<comment-parent-id>13</comment-parent-id>
				<comment-text>Tudi vsi tvoji vzdevki grejo hitro v pozabo. Le za +/- ratio so še dobri.</comment-text>
				<comment-text-transliterated>Tudi vsi tvoji vzdevki grejo hitro v pozabo. Le za +/- ratio so še dobri.</comment-text-transliterated>
			</comment>
			<comment comment-id="14">
				<comment-parent-id/>
				<comment-text>Pa saj je star komaj 26let in še 8x svetovni prvak. Pa saj ni zaletav tako kot Rossi. Vse ima še pred sabo. Honda ne bo spustila kar tako Marqueza iz rok. To ni Rossi, ki jih je izsiljeval za višjo plačo in potem ves užaljen odšel k Yamahi in z seboj potegnil komplet inženirsko ekipo s Jeremyjem Burgessom na čelu.</comment-text>
				<comment-text-transliterated>Pa saj je star komaj 26let in še 8x svetovni prvak. Pa saj ni zaletav tako kot Rossi. Vse ima še pred sabo. Honda ne bo spustila kar tako Marqueza iz rok. To ni Rossi, ki jih je izsiljeval za višjo plačo in potem ves užaljen odšel k Yamahi in z seboj potegnil komplet inženirsko ekipo s Jeremyjem Burgessom na čelu.</comment-text-transliterated>
			</comment>
			<comment comment-id="14-1">
				<comment-parent-id>14</comment-parent-id>
				<comment-text>Noki, namesto zaletav, si mislo napisat pogumen kot Rossi, on si je upal, ne glede na naslove, s hondo mu ni bila več motivacija zmagovati...</comment-text>
				<comment-text-transliterated>Noki, namesto zaletav, si mislo napisat pogumen kot Rossi, on si je upal, ne glede na naslove, s hondo mu ni bila več motivacija zmagovati...</comment-text-transliterated>
			</comment>
			<comment comment-id="14-2">
				<comment-parent-id>14</comment-parent-id>
				<comment-text>Noki in zakaj po tvoje, ni inzinerska ekipa ostala pri Hondi in je šla z Rossijem?</comment-text>
				<comment-text-transliterated>Noki in zakaj po tvoje, ni inzinerska ekipa ostala pri Hondi in je šla z Rossijem?</comment-text-transliterated>
			</comment>
			<comment comment-id="14-3">
				<comment-parent-id>14</comment-parent-id>
				<comment-text>kajce.... - ko je Rossi šel k Ducatiju, je spet hotel celo inžinersko ekipo s sabo odpeljat, pa Yamaha ni dovolila. Si se vprašal kdaj zakaj?</comment-text>
				<comment-text-transliterated>kajce.... - ko je Rossi šel k Ducatiju, je spet hotel celo inžinersko ekipo s sabo odpeljat, pa Yamaha ni dovolila. Si se vprašal kdaj zakaj?</comment-text-transliterated>
			</comment>
			<comment comment-id="14-4">
				<comment-parent-id>14</comment-parent-id>
				<comment-text>Ruje, to pa ne vem, dejansko v tistem obdobju nisem toliko spremljal, pol pa sem spet začel...</comment-text>
				<comment-text-transliterated>Ruje, to pa ne vem, dejansko v tistem obdobju nisem toliko spremljal, pol pa sem spet začel...</comment-text-transliterated>
			</comment>
			<comment comment-id="14-5">
				<comment-parent-id>14</comment-parent-id>
				<comment-text>Pa da malo drugače vprašam. Kdo misliš, da ima več znanja o tehnologiji motocikla? Mehaniki ali dirkač? Yamaha je videla, koliko informacij o Hondinem motociklu so prinesli mehaniki, z Burgesom na čelu in je logično, če bi jim pustili oditi k Ducatiju, bi Ducati pridobil preveč informacij o Yamahinem motociklu. Da pa ne bo pomote, po moje, takrat tudi Yamaha ni bila tako slab motocikel, problem je bil v dirkačih, ki niso znali izkoristit njenega potenciala, tako, da je bil Rossi tisti, ki je naredil razliko za Yamaho.</comment-text>
				<comment-text-transliterated>Pa da malo drugače vprašam. Kdo misliš, da ima več znanja o tehnologiji motocikla? Mehaniki ali dirkač? Yamaha je videla, koliko informacij o Hondinem motociklu so prinesli mehaniki, z Burgesom na čelu in je logično, če bi jim pustili oditi k Ducatiju, bi Ducati pridobil preveč informacij o Yamahinem motociklu. Da pa ne bo pomote, po moje, takrat tudi Yamaha ni bila tako slab motocikel, problem je bil v dirkačih, ki niso znali izkoristit njenega potenciala, tako, da je bil Rossi tisti, ki je naredil razliko za Yamaho.</comment-text-transliterated>
			</comment>
			<comment comment-id="15">
				<comment-parent-id/>
				<comment-text>Na hondi še bo,da dobi deset naslov,potem pa še bo dokazal na drugem motorju.....dečko še je mlad....</comment-text>
				<comment-text-transliterated>Na hondi še bo,da dobi deset naslov,potem pa še bo dokazal na drugem motorju.....dečko še je mlad....</comment-text-transliterated>
			</comment>
			<comment comment-id="16">
				<comment-parent-id/>
				<comment-text>Nima jajc da bi sel kam drugam</comment-text>
				<comment-text-transliterated>Nima jajc da bi sel kam drugam</comment-text-transliterated>
			</comment>
			<comment comment-id="16-1">
				<comment-parent-id>16</comment-parent-id>
				<comment-text>Kam drugam....zakaj.? Dober motor, dobra plača.....a ti bi šel drugam.? Ajd, da vidimo, če maš ti jajca, pa povej.!</comment-text>
				<comment-text-transliterated>Kam drugam....zakaj.? Dober motor, dobra plača.....a ti bi šel drugam.? Ajd, da vidimo, če maš ti jajca, pa povej.!</comment-text-transliterated>
			</comment>
			<comment comment-id="16-2">
				<comment-parent-id>16</comment-parent-id>
				<comment-text>Ti mu jih posodi,samo zaupaj nam,kateri heroj si @supersic :D</comment-text>
				<comment-text-transliterated>Ti mu jih posodi,samo zaupaj nam,kateri heroj si @supersic :D</comment-text-transliterated>
			</comment>
			<comment comment-id="16-3">
				<comment-parent-id>16</comment-parent-id>
				<comment-text>Tvoj nick je nov,lahko si samo maskiran žuranov cmirko :D</comment-text>
				<comment-text-transliterated>Tvoj nick je nov,lahko si samo maskiran žuranov cmirko :D</comment-text-transliterated>
			</comment>
			<comment comment-id="16-4">
				<comment-parent-id>16</comment-parent-id>
				<comment-text>Mili, to je stvar posameznika, če ma željo dokazovanja bi šel po 2, 3, naslovu, ker tudi drugje nebi bil slabo plačan, pa bi dvignil na primer aprilijo ali ktm iz brezna, kot je takrat Rossi yamaho, in bi postal večji kot pri Hondi z 15 naslovi...</comment-text>
				<comment-text-transliterated>Mili, to je stvar posameznika, če ma željo dokazovanja bi šel po 2, 3, naslovu, ker tudi drugje nebi bil slabo plačan, pa bi dvignil na primer aprilijo ali ktm iz brezna, kot je takrat Rossi yamaho, in bi postal večji kot pri Hondi z 15 naslovi...</comment-text-transliterated>
			</comment>
			<comment comment-id="16-5">
				<comment-parent-id>16</comment-parent-id>
				<comment-text>Mi je pa prsv zanimivo, da vsi, ki pošiljate Marqueza na drugo znamko, je to zmeraj Aprillia ali pa KTM. A če bi šel k Ducatiju in osvojil naslov prvaka, ta naslov tudi ne bi bil nič vreden?</comment-text>
				<comment-text-transliterated>Mi je pa prsv zanimivo, da vsi, ki pošiljate Marqueza na drugo znamko, je to zmeraj Aprillia ali pa KTM. A če bi šel k Ducatiju in osvojil naslov prvaka, ta naslov tudi ne bi bil nič vreden?</comment-text-transliterated>
			</comment>
			<comment comment-id="16-6">
				<comment-parent-id>16</comment-parent-id>
				<comment-text>Ce ima kdo jajca jih ima ravno MM, pika!</comment-text>
				<comment-text-transliterated>Ce ima kdo jajca jih ima ravno MM, pika!</comment-text-transliterated>
			</comment>
			<comment comment-id="16-7">
				<comment-parent-id>16</comment-parent-id>
				<comment-text>Ruje, če vsi delajo primerjave z Rossijem, takrat ko je Rossi šel k jamahi je bila jamaha na dnu, kolko vem, medtem ko dukati takrat pa danes je ogromna razlika, pa saj markez ne rabi nikamor it, samo če bi se želel dokazat bi šel k slabši znamki in jo dvigno, kot takrat Rossi..</comment-text>
				<comment-text-transliterated>Ruje, če vsi delajo primerjave z Rossijem, takrat ko je Rossi šel k jamahi je bila jamaha na dnu, kolko vem, medtem ko dukati takrat pa danes je ogromna razlika, pa saj markez ne rabi nikamor it, samo če bi se želel dokazat bi šel k slabši znamki in jo dvigno, kot takrat Rossi..</comment-text-transliterated>
			</comment>
			<comment comment-id="16-8">
				<comment-parent-id>16</comment-parent-id>
				<comment-text>kajce... - Yamaha je, pred Rossijem, bila tretja ekipa, za Hondo in Ducatijem. Slabši od Yamahe so bili Aprillia, Suzuki, Kawasaki. Tako da, gkede na to primerjavo, bi bilo še najbližje, če bi Marquez presedlal na Yamaho, ki je, zadnja leta, spet tretja med konstruktorji.</comment-text>
				<comment-text-transliterated>kajce... - Yamaha je, pred Rossijem, bila tretja ekipa, za Hondo in Ducatijem. Slabši od Yamahe so bili Aprillia, Suzuki, Kawasaki. Tako da, gkede na to primerjavo, bi bilo še najbližje, če bi Marquez presedlal na Yamaho, ki je, zadnja leta, spet tretja med konstruktorji.</comment-text-transliterated>
			</comment>
			<comment comment-id="16-9">
				<comment-parent-id>16</comment-parent-id>
				<comment-text>Ruje, nisem vedel točno, bral sem da je bila jamaha slabsa, nisem pa vedel da so bili še slabši motorji...</comment-text>
				<comment-text-transliterated>Ruje, nisem vedel točno, bral sem da je bila jamaha slabsa, nisem pa vedel da so bili še slabši motorji...</comment-text-transliterated>
			</comment>
			<comment comment-id="17">
				<comment-parent-id/>
				<comment-text>Sedaj bi moral duce ponuditi nesramno vsoto da če že ne gre drugam mu vsaj Honda ki je gajcar da denar ki si ga zasluži!</comment-text>
				<comment-text-transliterated>Sedaj bi moral duce ponuditi nesramno vsoto da če že ne gre drugam mu vsaj Honda ki je gajcar da denar ki si ga zasluži!</comment-text-transliterated>
			</comment>
			<comment comment-id="18">
				<comment-parent-id/>
				<comment-text>Upam da ostane na Hondi,čeprav je sposoben postati prvak z vsakim motorjem,ki je trenutno v motoGP</comment-text>
				<comment-text-transliterated>Upam da ostane na Hondi,čeprav je sposoben postati prvak z vsakim motorjem,ki je trenutno v motoGP</comment-text-transliterated>
			</comment>
			<comment comment-id="18-1">
				<comment-parent-id>18</comment-parent-id>
				<comment-text>March, zato pa se drži Honde, ker je sposoben z vsakim motorjem postat prvak! 😂😂😂😂🤣</comment-text>
				<comment-text-transliterated>March, zato pa se drži Honde, ker je sposoben z vsakim motorjem postat prvak! 😂😂😂😂🤣</comment-text-transliterated>
			</comment>
			<comment comment-id="18-2">
				<comment-parent-id>18</comment-parent-id>
				<comment-text>So vozniki,ki so ostali zvesti eni znamki vso kariero(Doohan,Schwantz...) in to ni nič narobe....Bi mogel tebi dokazovat da je slosoben zmagat z drugim motorjem?</comment-text>
				<comment-text-transliterated>So vozniki,ki so ostali zvesti eni znamki vso kariero(Doohan,Schwantz...) in to ni nič narobe....Bi mogel tebi dokazovat da je slosoben zmagat z drugim motorjem?</comment-text-transliterated>
			</comment>
			<comment comment-id="18-3">
				<comment-parent-id>18</comment-parent-id>
				<comment-text>sposoben</comment-text>
				<comment-text-transliterated>sposoben</comment-text-transliterated>
			</comment>
			<comment comment-id="18-4">
				<comment-parent-id>18</comment-parent-id>
				<comment-text>March, meni ne rabi nič dokazovati, kvečjemu sebi, po moje več šteje če si z različnimi znamkami prvak, postal bi velik, tak pa bo šel v pozabo, kot serijski prvak Honde, to zdaj ni pomembno, je pa Rossi takrat šel na yamaho, ko je bila če se ne motim med najslabšimi...</comment-text>
				<comment-text-transliterated>March, meni ne rabi nič dokazovati, kvečjemu sebi, po moje več šteje če si z različnimi znamkami prvak, postal bi velik, tak pa bo šel v pozabo, kot serijski prvak Honde, to zdaj ni pomembno, je pa Rossi takrat šel na yamaho, ko je bila če se ne motim med najslabšimi...</comment-text-transliterated>
			</comment>
			<comment comment-id="18-5">
				<comment-parent-id>18</comment-parent-id>
				<comment-text>kajce.... - tako kot sta šla v pozabo Doohan in Schwanz ???</comment-text>
				<comment-text-transliterated>kajce.... - tako kot sta šla v pozabo Doohan in Schwanz ???</comment-text-transliterated>
			</comment>
			<comment comment-id="18-6">
				<comment-parent-id>18</comment-parent-id>
				<comment-text>Rumenjakeci boste upali da pozabite na mm, medtem ko si ga bo ves ostali svet zapomnil po dosezkih in kot super talentiranega in vrhunskega dirkaca... To ti garantiram!</comment-text>
				<comment-text-transliterated>Rumenjakeci boste upali da pozabite na mm, medtem ko si ga bo ves ostali svet zapomnil po dosezkih in kot super talentiranega in vrhunskega dirkaca... To ti garantiram!</comment-text-transliterated>
			</comment>
			<comment comment-id="18-7">
				<comment-parent-id>18</comment-parent-id>
				<comment-text>Ruje, kolko pa se te še govori o njih... Nekaj ful ne...</comment-text>
				<comment-text-transliterated>Ruje, kolko pa se te še govori o njih... Nekaj ful ne...</comment-text-transliterated>
			</comment>
			<comment comment-id="18-8">
				<comment-parent-id>18</comment-parent-id>
				<comment-text>9474, super če bo tak, samo ne verjamem, mogoče takoj ko bo nehal, pol pa bo talent pa vse šlo v pozabo...</comment-text>
				<comment-text-transliterated>9474, super če bo tak, samo ne verjamem, mogoče takoj ko bo nehal, pol pa bo talent pa vse šlo v pozabo...</comment-text-transliterated>
			</comment>
			<comment comment-id="18-9">
				<comment-parent-id>18</comment-parent-id>
				<comment-text>Večkrat kot Doohan so omenjeni, Agostini, Rossi in Marquez. Agostini, ker je rekorder v številu osvojenih svetovnih prvenstev, Rossi im Marquez, pa imata toliko publicitete, ker sta še zmeraj aktivna dirkača. Tudi o Stonerju recimo, se ne piše več veliko pa to ne pomeni, da je pozabljen. Tako pač je. Dalj časa kot je športnik v pokoju, manj se piše o njem.</comment-text>
				<comment-text-transliterated>Večkrat kot Doohan so omenjeni, Agostini, Rossi in Marquez. Agostini, ker je rekorder v številu osvojenih svetovnih prvenstev, Rossi im Marquez, pa imata toliko publicitete, ker sta še zmeraj aktivna dirkača. Tudi o Stonerju recimo, se ne piše več veliko pa to ne pomeni, da je pozabljen. Tako pač je. Dalj časa kot je športnik v pokoju, manj se piše o njem.</comment-text-transliterated>
			</comment>
			<comment comment-id="18-10">
				<comment-parent-id>18</comment-parent-id>
				<comment-text>Kajce.... Se bomo cez 10-20 let pogovarjali o tem... Jaz sem trdno preprican, da bo z veliki crkami zapisan v zgodovino kot legenda, serijski zmagovalec, z velikim kupom rekordov, ki jih bojo lovili mlajsi oz takratni dirkaci... Seveda pa zaradi tega ne bodo pozabljene ostale legende tega motosporta...</comment-text>
				<comment-text-transliterated>Kajce.... Se bomo cez 10-20 let pogovarjali o tem... Jaz sem trdno preprican, da bo z veliki crkami zapisan v zgodovino kot legenda, serijski zmagovalec, z velikim kupom rekordov, ki jih bojo lovili mlajsi oz takratni dirkaci... Seveda pa zaradi tega ne bodo pozabljene ostale legende tega motosporta...</comment-text-transliterated>
			</comment>
			<comment comment-id="19">
				<comment-parent-id/>
				<comment-text>S polno ritjo je lahko sračkat...tako kot Messi nima jajc, da bi odšel drugam, ker ve da je realnost čist drugačna...</comment-text>
				<comment-text-transliterated>S polno ritjo je lahko sračkat...tako kot Messi nima jajc, da bi odšel drugam, ker ve da je realnost čist drugačna...</comment-text-transliterated>
			</comment>
			<comment comment-id="19-1">
				<comment-parent-id>19</comment-parent-id>
				<comment-text>a taka prostaštva se tukaj tolerirajo? moj bog kakšna bedznica...</comment-text>
				<comment-text-transliterated>a taka prostaštva se tukaj tolerirajo? moj bog kakšna bedznica...</comment-text-transliterated>
			</comment>
			<comment comment-id="19-2">
				<comment-parent-id>19</comment-parent-id>
				<comment-text>hayek dej ne jamraj. če je to zate neko silno prostaštvo pojdi v cerkev</comment-text>
				<comment-text-transliterated>hayek dej ne jamraj. če je to zate neko silno prostaštvo pojdi v cerkev</comment-text-transliterated>
			</comment>
			<comment comment-id="19-3">
				<comment-parent-id>19</comment-parent-id>
				<comment-text>Sputnik moti me, ker se meni briše skoraj vse kar napišem, tudi če ni ničesar žaljivega za nikogar, drugim pa je marsikaj dovoljeno. Enaka merila za vse so temelj, ki pa ga tukajšnji uredniki niso sposobni zagotavljati. (najbrž bo tudi ta zapis zbrisan glede na dosedanje brisanje)</comment-text>
				<comment-text-transliterated>Sputnik moti me, ker se meni briše skoraj vse kar napišem, tudi če ni ničesar žaljivega za nikogar, drugim pa je marsikaj dovoljeno. Enaka merila za vse so temelj, ki pa ga tukajšnji uredniki niso sposobni zagotavljati. (najbrž bo tudi ta zapis zbrisan glede na dosedanje brisanje)</comment-text-transliterated>
			</comment>
			<comment comment-id="19-4">
				<comment-parent-id>19</comment-parent-id>
				<comment-text>Bravo.</comment-text>
				<comment-text-transliterated>Bravo.</comment-text-transliterated>
			</comment>
			<comment comment-id="19-5">
				<comment-parent-id>19</comment-parent-id>
				<comment-text>jezdimir ti in tvoji prispevki so kronski dokaz, da pri urejanju foruma nekje močno škriplje. če bi se tebe znebili, bi bil to že velik korak...</comment-text>
				<comment-text-transliterated>jezdimir ti in tvoji prispevki so kronski dokaz, da pri urejanju foruma nekje močno škriplje. če bi se tebe znebili, bi bil to že velik korak...</comment-text-transliterated>
			</comment>
			<comment comment-id="19-6">
				<comment-parent-id>19</comment-parent-id>
				<comment-text>zanimivo kako jezdimir svoje lastne zmazke zbriše takoj, ko dobi adekvaten odgovor na svoje nečednosti. že zaradi tega in pa zaradi manipuliranja s plusi in minusi bi ga morali odsloviti. kaj se čaka?</comment-text>
				<comment-text-transliterated>zanimivo kako jezdimir svoje lastne zmazke zbriše takoj, ko dobi adekvaten odgovor na svoje nečednosti. že zaradi tega in pa zaradi manipuliranja s plusi in minusi bi ga morali odsloviti. kaj se čaka?</comment-text-transliterated>
			</comment>
		</comments-list>
	</comments>
</document>
