<?xml version="1.0" encoding="utf-8"?>
<document global-id="si-06-1336">
	<url>https://www.24ur.com/novice/svet/na-japonskem-vse-vec-podjetij-zaposluje-robote.html</url>
	<source-id>si-06</source-id>
	<local-id>1336</local-id>
	<source-name>ur24</source-name>
	<article>
		<article-title>Na japonskem vse več podjetij 'zaposluje' robote</article-title>
		<article-title-transliterated>Na japonskem vse več podjetij 'zaposluje' robote</article-title-transliterated>
		<article-time>2015-04-25</article-time>
		<article-author>S.S.</article-author>
		<article-text>Današnja noviteta bi lahko bila v prihodnosti nuja. Vse več japonskih podjetij razmišlja o uvedbi (humanoidnih) robotov, ki bi rešili problem pomanjkanja in staranja delovne sile. Nekateri roboti so že zavzeli nekatera delovna mesta. Aiko ChihiraFOTO: Reuters Vse več japonskih podjetij razmišlja o uvedbi (humanoidnih) robotov, ki bi rešili problem pomanjkanja in staranja delovne sile. Tako je denimo robotka Aiko Chihira, ki jo je izdelalo podjetje Toshiba, prevzela delovno mesto na vhodu v trgovini s tradicionalnimi japonskimi oblačili, kjer pozdravlja kupce. V podjetju so pojasnili, da ji 43 motorjev omogoča, da se premika, da govori znakovni jezik in celo poje. Izdelana je tako, da bi bila čim bolj podobna človeku. Ayako Seiryu, ki prav tako opravlja to delo, se ne boji, da bi jo roboti zamenjali. ''Komunikacija je pomembna. Moja prednost je, da se z ljudmi dejansko lahko pogovarjam,'' je dejala. Chihira namreč še ni sposobna voditi pogovora, so pojasnili v Toshibi in dodali, da se tehnologija hitro razvija in bodo v prihodnosti taki roboti zagotovo zamenjali ljudi na določenih delovnih mestih. Vse več japonskih podjetjih to možnost že preskuša. Uvajajo jih v trgovinah, bankah, kmalu naj bi se roboti pojavili tudi v hotelih. V tokijski banki preizkušajo Naa, robota, ki v 19 različnih jezikih lahko odgovori na osnovna vprašanja. Za zelo uporabnega bi se tak robot poliglot izkazal med olimpijskimi igrami, ki jih bo Tokio gostil leta 2020. Današnja noviteta bi lahko bila v prihodnosti nuja, navaja CNN. Prebivalstvo se namreč stara, Japonska se upira imigraciji tujcev. Anketa med starejšimi v domovih za ostarele je pokazala, da bi raje videli, če bi zanje skrbel robot kot pa tujec.</article-text>
		<article-text-transliterated>Današnja noviteta bi lahko bila v prihodnosti nuja. Vse več japonskih podjetij razmišlja o uvedbi (humanoidnih) robotov, ki bi rešili problem pomanjkanja in staranja delovne sile. Nekateri roboti so že zavzeli nekatera delovna mesta. Aiko ChihiraFOTO: Reuters Vse več japonskih podjetij razmišlja o uvedbi (humanoidnih) robotov, ki bi rešili problem pomanjkanja in staranja delovne sile. Tako je denimo robotka Aiko Chihira, ki jo je izdelalo podjetje Toshiba, prevzela delovno mesto na vhodu v trgovini s tradicionalnimi japonskimi oblačili, kjer pozdravlja kupce. V podjetju so pojasnili, da ji 43 motorjev omogoča, da se premika, da govori znakovni jezik in celo poje. Izdelana je tako, da bi bila čim bolj podobna človeku. Ayako Seiryu, ki prav tako opravlja to delo, se ne boji, da bi jo roboti zamenjali. ''Komunikacija je pomembna. Moja prednost je, da se z ljudmi dejansko lahko pogovarjam,'' je dejala. Chihira namreč še ni sposobna voditi pogovora, so pojasnili v Toshibi in dodali, da se tehnologija hitro razvija in bodo v prihodnosti taki roboti zagotovo zamenjali ljudi na določenih delovnih mestih. Vse več japonskih podjetjih to možnost že preskuša. Uvajajo jih v trgovinah, bankah, kmalu naj bi se roboti pojavili tudi v hotelih. V tokijski banki preizkušajo Naa, robota, ki v 19 različnih jezikih lahko odgovori na osnovna vprašanja. Za zelo uporabnega bi se tak robot poliglot izkazal med olimpijskimi igrami, ki jih bo Tokio gostil leta 2020. Današnja noviteta bi lahko bila v prihodnosti nuja, navaja CNN. Prebivalstvo se namreč stara, Japonska se upira imigraciji tujcev. Anketa med starejšimi v domovih za ostarele je pokazala, da bi raje videli, če bi zanje skrbel robot kot pa tujec.</article-text-transliterated>
	</article>
	<comments>
		<comments-count>30</comments-count>
		<comments-list>
			<comment comment-id="1">
				<comment-parent-id/>
				<comment-text>Dokler ta ideja ostane na japonskem, me ne moti.</comment-text>
				<comment-text-transliterated>Dokler ta ideja ostane na japonskem, me ne moti.</comment-text-transliterated>
			</comment>
			<comment comment-id="2">
				<comment-parent-id/>
				<comment-text>kmalu elite ne bodo vec potrebovale toliko raje...</comment-text>
				<comment-text-transliterated>kmalu elite ne bodo vec potrebovale toliko raje...</comment-text-transliterated>
			</comment>
			<comment comment-id="3">
				<comment-parent-id/>
				<comment-text>A BOJO DOBIVALI PLAČO TOTI ROBOTI ROBOTI BOJO DELALI LJUDJE PA BOJO LAČNI SVET GRE PROTI KONCU NO NE SVET LJUDJE</comment-text>
				<comment-text-transliterated>A BOJO DOBIVALI PLAČO TOTI ROBOTI ROBOTI BOJO DELALI LJUDJE PA BOJO LAČNI SVET GRE PROTI KONCU NO NE SVET LJUDJE</comment-text-transliterated>
			</comment>
			<comment comment-id="4">
				<comment-parent-id/>
				<comment-text>Se kak starejsi model robota naj posljejo k nam, da zamenja garnituro v parlamentu. Sej ni treba da govori. Vazn da zna krast pa spat za mizo.</comment-text>
				<comment-text-transliterated>Se kak starejsi model robota naj posljejo k nam, da zamenja garnituro v parlamentu. Sej ni treba da govori. Vazn da zna krast pa spat za mizo.</comment-text-transliterated>
			</comment>
			<comment comment-id="4-1">
				<comment-parent-id>4</comment-parent-id>
				<comment-text>prej bo da bo vojska ustvarila robote, ki bodo razpihali demostrante</comment-text>
				<comment-text-transliterated>prej bo da bo vojska ustvarila robote, ki bodo razpihali demostrante</comment-text-transliterated>
			</comment>
			<comment comment-id="5">
				<comment-parent-id/>
				<comment-text>Japonci robote mi pa nesposobne juznake</comment-text>
				<comment-text-transliterated>Japonci robote mi pa nesposobne juznake</comment-text-transliterated>
			</comment>
			<comment comment-id="5-1">
				<comment-parent-id>5</comment-parent-id>
				<comment-text>direktor bi najrajš vidu da delaš zastonj ,samo bog ne daj da plača pravično</comment-text>
				<comment-text-transliterated>direktor bi najrajš vidu da delaš zastonj ,samo bog ne daj da plača pravično</comment-text-transliterated>
			</comment>
			<comment comment-id="6">
				<comment-parent-id/>
				<comment-text>super ane ljudje, več robotov , strojev, manj delovnih mest in večja revščina in manj potrošnje, pol mi pa naj vlada pove kako bom preživel sebe ali pa mi naj ona vse plača js pa bom užival na postelji</comment-text>
				<comment-text-transliterated>super ane ljudje, več robotov , strojev, manj delovnih mest in večja revščina in manj potrošnje, pol mi pa naj vlada pove kako bom preživel sebe ali pa mi naj ona vse plača js pa bom užival na postelji</comment-text-transliterated>
			</comment>
			<comment comment-id="6-1">
				<comment-parent-id>6</comment-parent-id>
				<comment-text>bravo</comment-text>
				<comment-text-transliterated>bravo</comment-text-transliterated>
			</comment>
			<comment comment-id="7">
				<comment-parent-id/>
				<comment-text>mene zanima kdo bo trošil..............če bo več revežev kot srednjega sloja................</comment-text>
				<comment-text-transliterated>mene zanima kdo bo trošil..............če bo več revežev kot srednjega sloja................</comment-text-transliterated>
			</comment>
			<comment comment-id="8">
				<comment-parent-id/>
				<comment-text>Potem pa naj še roboti trošijo, ker ljudje ne bodo imeli kaj.</comment-text>
				<comment-text-transliterated>Potem pa naj še roboti trošijo, ker ljudje ne bodo imeli kaj.</comment-text-transliterated>
			</comment>
			<comment comment-id="9">
				<comment-parent-id/>
				<comment-text>Dobra ideja kako dobit sloužbo... se bom pa pretvarjal da sem robot!</comment-text>
				<comment-text-transliterated>Dobra ideja kako dobit sloužbo... se bom pa pretvarjal da sem robot!</comment-text-transliterated>
			</comment>
			<comment comment-id="10">
				<comment-parent-id/>
				<comment-text>še otroke jim naj delajo</comment-text>
				<comment-text-transliterated>še otroke jim naj delajo</comment-text-transliterated>
			</comment>
			<comment comment-id="10-1">
				<comment-parent-id>10</comment-parent-id>
				<comment-text>Vse bolj kot tvoja zelnata glava</comment-text>
				<comment-text-transliterated>Vse bolj kot tvoja zelnata glava</comment-text-transliterated>
			</comment>
			<comment comment-id="11">
				<comment-parent-id/>
				<comment-text>Najboljš da jih dajo v javni upravi na šaltarje. Pa jih lahko pošiljaš v une kraje po mili volji.</comment-text>
				<comment-text-transliterated>Najboljš da jih dajo v javni upravi na šaltarje. Pa jih lahko pošiljaš v une kraje po mili volji.</comment-text-transliterated>
			</comment>
			<comment comment-id="11-1">
				<comment-parent-id>11</comment-parent-id>
				<comment-text>ah potem bo konc korupcije, pa bo treba cakat 2meseca, da prides na vrsto ;)</comment-text>
				<comment-text-transliterated>ah potem bo konc korupcije, pa bo treba cakat 2meseca, da prides na vrsto ;)</comment-text-transliterated>
			</comment>
			<comment comment-id="12">
				<comment-parent-id/>
				<comment-text>kolk imajo na uro?</comment-text>
				<comment-text-transliterated>kolk imajo na uro?</comment-text-transliterated>
			</comment>
			<comment comment-id="12-1">
				<comment-parent-id>12</comment-parent-id>
				<comment-text>plačajo jim 4€ na uro plus napajanje!</comment-text>
				<comment-text-transliterated>plačajo jim 4€ na uro plus napajanje!</comment-text-transliterated>
			</comment>
			<comment comment-id="13">
				<comment-parent-id/>
				<comment-text>Ideja ni slaba le za delovno mesto naj izberejo parlament. Raje imam robota za vodjo kakor tote pajace. Pa še če te razjezi mu vzameš baterijo vun in mir.</comment-text>
				<comment-text-transliterated>Ideja ni slaba le za delovno mesto naj izberejo parlament. Raje imam robota za vodjo kakor tote pajace. Pa še če te razjezi mu vzameš baterijo vun in mir.</comment-text-transliterated>
			</comment>
			<comment comment-id="13-1">
				<comment-parent-id>13</comment-parent-id>
				<comment-text>In če ti razjeziš njega pa on potegne puško ven!</comment-text>
				<comment-text-transliterated>In če ti razjeziš njega pa on potegne puško ven!</comment-text-transliterated>
			</comment>
			<comment comment-id="14">
				<comment-parent-id/>
				<comment-text>ljudem nav treba več delat do dnarja bojo pa pršl tko da bojo kupl robota in ga dal delat in bo delu namest njih več robotov k boš meu več dnarja boš meu o.O</comment-text>
				<comment-text-transliterated>ljudem nav treba več delat do dnarja bojo pa pršl tko da bojo kupl robota in ga dal delat in bo delu namest njih več robotov k boš meu več dnarja boš meu o.O</comment-text-transliterated>
			</comment>
			<comment comment-id="14-1">
				<comment-parent-id>14</comment-parent-id>
				<comment-text>ja in en robot bo stal npr 150.000€ , podjetje pa bo raje samo kupilo delovno silo, mi itak tega nebomo zmozni..</comment-text>
				<comment-text-transliterated>ja in en robot bo stal npr 150.000€ , podjetje pa bo raje samo kupilo delovno silo, mi itak tega nebomo zmozni..</comment-text-transliterated>
			</comment>
			<comment comment-id="15">
				<comment-parent-id/>
				<comment-text>Evo pa smo tam, podjetja ki bodo zaposlovala ljudi ne bodo mogla konkurirat podjetjom ki bodo zaposlovala robote. Manj ljudi bo zaposlenih manj se bo kupvalo kapitalizm bo šel v pm</comment-text>
				<comment-text-transliterated>Evo pa smo tam, podjetja ki bodo zaposlovala ljudi ne bodo mogla konkurirat podjetjom ki bodo zaposlovala robote. Manj ljudi bo zaposlenih manj se bo kupvalo kapitalizm bo šel v pm</comment-text-transliterated>
			</comment>
			<comment comment-id="15-1">
				<comment-parent-id>15</comment-parent-id>
				<comment-text>juhuuuuu, hvala bogu naj raznese vse</comment-text>
				<comment-text-transliterated>juhuuuuu, hvala bogu naj raznese vse</comment-text-transliterated>
			</comment>
			<comment comment-id="16">
				<comment-parent-id/>
				<comment-text>Super. Idealna druzba. Roboti bodo delali mi pa uzivali.</comment-text>
				<comment-text-transliterated>Super. Idealna druzba. Roboti bodo delali mi pa uzivali.</comment-text-transliterated>
			</comment>
			<comment comment-id="16-1">
				<comment-parent-id>16</comment-parent-id>
				<comment-text>Sej sam kapitalizm bo mogu prvo propast da nam bo tko lepo.</comment-text>
				<comment-text-transliterated>Sej sam kapitalizm bo mogu prvo propast da nam bo tko lepo.</comment-text-transliterated>
			</comment>
			<comment comment-id="16-2">
				<comment-parent-id>16</comment-parent-id>
				<comment-text>.ja ampak men pa ni jasn , od kje bo dobu dnar za zapravljat neDelaven in neRobotski folk ...ej...</comment-text>
				<comment-text-transliterated>.ja ampak men pa ni jasn , od kje bo dobu dnar za zapravljat neDelaven in neRobotski folk ...ej...</comment-text-transliterated>
			</comment>
			<comment comment-id="16-3">
				<comment-parent-id>16</comment-parent-id>
				<comment-text>Primož misliš da res? Napredek družbe je namenjen peščici petičnežev, ki bodo od tega dejansko imeli korist ostali bomo pa po domače povedano j ježa na zavodu za zaposlovanje.</comment-text>
				<comment-text-transliterated>Primož misliš da res? Napredek družbe je namenjen peščici petičnežev, ki bodo od tega dejansko imeli korist ostali bomo pa po domače povedano j ježa na zavodu za zaposlovanje.</comment-text-transliterated>
			</comment>
			<comment comment-id="16-4">
				<comment-parent-id>16</comment-parent-id>
				<comment-text>Se nič ne naučite iz filmov roboti bojo delali mi pa bomo stradali ne uživali ker ne bo služb!</comment-text>
				<comment-text-transliterated>Se nič ne naučite iz filmov roboti bojo delali mi pa bomo stradali ne uživali ker ne bo služb!</comment-text-transliterated>
			</comment>
			<comment comment-id="16-5">
				<comment-parent-id>16</comment-parent-id>
				<comment-text>Če bi bila druzba idealna. Torej moralna / pravicna / eticna itd. bi to lahko bilo. Ampak ker ni ... potem seveda ne bo nic iz tega. Ze danes bi lahko vsi imeli zastonj elektriko ter elektricne avtomobile ... ampak kakor je omenil kolega &amp;gt;&amp;gt; kapitalizem &amp;lt;&amp;lt; zavira kaj takega ... še več. Celo generira trpljenje ... krize / vojne itd.</comment-text>
				<comment-text-transliterated>Če bi bila druzba idealna. Torej moralna / pravicna / eticna itd. bi to lahko bilo. Ampak ker ni ... potem seveda ne bo nic iz tega. Ze danes bi lahko vsi imeli zastonj elektriko ter elektricne avtomobile ... ampak kakor je omenil kolega &amp;gt;&amp;gt; kapitalizem &amp;lt;&amp;lt; zavira kaj takega ... še več. Celo generira trpljenje ... krize / vojne itd.</comment-text-transliterated>
			</comment>
		</comments-list>
	</comments>
</document>
