<document global-id="si-06-1029"><url>https://www.24ur.com/ekskluziv/tuja-scena/katere-so-nemarne-navade-j-law.html</url><source-id>si-06</source-id><local-id>si-06-1029</local-id><source-name>ur24</source-name><article><article-title>Katere so nemarne navade J-Law?</article-title><article-title-transliterated>Katere so nemarne navade J-Law?</article-title-transliterated><article_time>2015-10-03</article_time><article-author>B.T.</article-author><article-text>Jennifer Lawrence je v oddaji After Hours razkrila, kaj so njene najbolj ogabne in neokusne navade. Ste vedeli, kaj Jennifer naredi oz. ne naredi, potem ko uporabi stranišče? In koliko penastih bonbonov lahko stlači naenkrat v usta?
Igralka Jennifer Lawrence prekaša številne moške kolege, ko gre za šaljenje (pa četudi na svoj račun) ...FOTO: YouTube
"Moja najbolj nemarna navada je, da si ne umijem rok potem, ko uporabim stranišče," je v sproščenem pogovoru ob improviziranem tabornem ognju v MTV-jevi oddaji After Hours priznala oskarjevka Jennifer Lawrence.
Potem je dobila izziv, koliko penastih bonbonov lahko stlači v usta, pa ji jih je uspelo osem oz. deset. Na vprašanje, če je kdaj lulala v bide, pa je zadevo popeljala celo korak dlje in priznala, da je urinirala celo v umivalnike.
"Ko gresta dve dekleti na stranišče, mora ena pač vzeti umivalnik," se je brez dlake na jeziku pošalila Jennifer, vmes pa pomodrovala, "ni čudno, da nimam fanta."

Jennifer, razumemo tvojo stisko ..</article-text><article-text-transliterated>Jennifer Lawrence je v oddaji After Hours razkrila, kaj so njene najbolj ogabne in neokusne navade. Ste vedeli, kaj Jennifer naredi oz. ne naredi, potem ko uporabi stranišče? In koliko penastih bonbonov lahko stlači naenkrat v usta?
Igralka Jennifer Lawrence prekaša številne moške kolege, ko gre za šaljenje (pa četudi na svoj račun) ...FOTO: YouTube
"Moja najbolj nemarna navada je, da si ne umijem rok potem, ko uporabim stranišče," je v sproščenem pogovoru ob improviziranem tabornem ognju v MTV-jevi oddaji After Hours priznala oskarjevka Jennifer Lawrence.
Potem je dobila izziv, koliko penastih bonbonov lahko stlači v usta, pa ji jih je uspelo osem oz. deset. Na vprašanje, če je kdaj lulala v bide, pa je zadevo popeljala celo korak dlje in priznala, da je urinirala celo v umivalnike.
"Ko gresta dve dekleti na stranišče, mora ena pač vzeti umivalnik," se je brez dlake na jeziku pošalila Jennifer, vmes pa pomodrovala, "ni čudno, da nimam fanta."

Jennifer, razumemo tvojo stisko ..</article-text-transliterated></article><comments><comments-count>5</comments-count><comments-list><comment comment-id="1"><comment-parent-id /><comment-text>dobra je bla naga</comment-text><comment-text-transliterated>dobra je bla naga</comment-text-transliterated></comment><comment comment-id="1-1"><comment-parent-id>1</comment-parent-id><comment-text>Ja sem jo tudi jaz zadnjič podrl. Ni ji primere.</comment-text><comment-text-transliterated>Ja sem jo tudi jaz zadnjič podrl. Ni ji primere.</comment-text-transliterated></comment><comment comment-id="2"><comment-parent-id /><comment-text>JLAW, nič se bat, smo si ogledali tvoje slikce, vemo da si še hujša packa:)</comment-text><comment-text-transliterated>JLAW, nič se bat, smo si ogledali tvoje slikce, vemo da si še hujša packa:)</comment-text-transliterated></comment><comment comment-id="3"><comment-parent-id /><comment-text>Hahahaha, ona je pa meni prava osvežitev v Hollywoodu. Ostale &amp;quot;kao dame&amp;quot; so verjetno veliko večje packe, kot je Jennifer.</comment-text><comment-text-transliterated>Hahahaha, ona je pa meni prava osvežitev v Hollywoodu. Ostale &amp;quot;kao dame&amp;quot; so verjetno veliko večje packe, kot je Jennifer.</comment-text-transliterated></comment><comment comment-id="3-1"><comment-parent-id>3</comment-parent-id><comment-text>jp, ni zamanj pregovor: &amp;quot;bolj fina, bolj svina&amp;quot; :)</comment-text><comment-text-transliterated>jp, ni zamanj pregovor: &amp;quot;bolj fina, bolj svina&amp;quot; :)</comment-text-transliterated></comment></comments-list></comments></document>