<?xml version="1.0" encoding="utf-8"?>
<document global-id="si-06-1296">
	<url>https://www.24ur.com/sport/nogomet/mourinho-ne-more-uzivati-v-poletju-pogresam-nogomet-v-meni-je-ogenj.html</url>
	<source-id>si-06</source-id>
	<local-id>1296</local-id>
	<source-name>ur24</source-name>
	<article>
		<article-title>Mourinho ne more uživati v poletju: Pogrešam nogomet, v meni je ogenj</article-title>
		<article-title-transliterated>Mourinho ne more uživati v poletju: Pogrešam nogomet, v meni je ogenj</article-title-transliterated>
		<article-time>2019-07-30</article-time>
		<article-author>M.G.</article-author>
		<article-text>&quot;Imam čas za razmišljanje in analiziranje. Počutim se, da je v meni polno ognja. Prijatelji mi govorijo, naj uživam v juliju in avgustu, saj nisi nikoli imel te priložnost. Iskreno: ne morem uživati. Nisem dovolj srečen, da bi užival. Pogrešam moj nogomet. Imam ogenj,&quot; je iz rojstnega mesta sporočil karizmatični portugalski strateg Jose Mourinho. Za prikaz vsebine je potrebno omogočite piškotke družbenih omrežij. OMOGOČI PIŠKOTKE Jose Mourinho je vse od lanskega decembra, ko so ga odslovili pri Manchester Unitedu, brez službe, kot pravi mu ponudb za delo ni manjkalo, a novega izziva še ni sprejel, ker na njegova vrata še ni potrkal pravi delodajalec. &quot;Moram biti potrpežljiv in počakati na pravo ponudbo. In prava je tista ponudba, ki ustreza mojim dimenzijam vodenja. Moram biti potrpežljiv. In to je najtežja stvar, saj imam impulze, ko si rečem, da bom šel, nato pa si rečem: 'Ne, ne morem iti, moram počakati na pravo ponudbo,'&quot; je v rojstnem mestu Setubal v intervjuju za SkySports povedal Mourinho.  Mourinho pogreša dnevno rutino nogometnega trenerja. V poletnem dopustu ne more popolnoma uživati.FOTO: AP Priznal je, da se uči nemško, a ne zaradi tega, ker bi nanj čakal klub iz nemške Bundeslige. &quot;To je težek jezik, človek. Res je težek. Za Portugalca je učenje španščine, italijanščine preprosto in enostavno. Francoščina in angleščina tudi nista težavna, nemščina pa je težka. Ko se vrnem v London septembra, bom na tečaju dva do trikrat na teden, da poskusim, toda iskreno ne razmišljam o tem, da bi odšel v Bundesligo. Noben klub ne čaka name, nihče ni potrkal na moja vrata. To je zgolj moja odločitev: nemščina ali ruščina. Rad se učim, rad imam določene cilje. Poskusil bom, vsaj osnovne stvari,&quot; je razkril nekdanji strateg Manchester Uniteda, Chelseaja in Real Madrida.  Reprezentanca ga zaenkrat ne mika  Pojasnil je, da ga zaenkrat vodenje reprezentance zaenkrat še ne mika, saj je premalo razgibano, ne izključuje pa tega izziva v daljni prihodnosti. Še posebej, če bo to portugalska reprezentanca. &quot;Mogoče, ampak ne vem: ena tekma na mesec, veliko pisarniškega dela, malo zelenice, malo tekem. Čakati dve leti na novo tekmovanje. Ne vem, še vedno to ni zame, a kdo ve, mogoče nekega dne. Če ne s Portugalsko, mogoče s kakšno drugo državo. Ko sem na prvenstvih, ko grem na Euro oz. na SP, ko sem v središču dogajanja, dobim občutek, da si tega nekoč želim. Nekega dne si to želim občutiti, želim to doživeti. Toda potem ko razmišljam, to ni služba zame. Toda mogoče nekega dne. Če bo to Portugalska, bom na to zelo ponosen,&quot; je razložil 'The Special One'. Ta ne skriva tega, da si želi delovati v petih najmočnejših ligah na svetu (angleška, španska, nemška, italijanska, francoska). &quot;Vse ostalo ni zame. Mogoče če mi rečete, da je nek klub treba pripeljati na višjo raven znotraj države, mogoče, kdo ve, toda moj fokus je na največjih ligah,&quot; je priznal Mourinho, ki pravi, da zelo težko reče 'ne'. &quot;Reci 'ne' je zelo težko. Če rečem 'ne', je zato, ker to ni dovolj velik izziv, kot bi si ga sam želel. Toda z vsem spoštovanjem do klubov in možnosti, ki sem jih imel, mislim, da imam pravico, da izbiram ljudi, ki so 'Mourinhista'. Mourinhista je nekdo, ki je navijač. Mourinhista me želijo tam, kjer pripadam,&quot; je zaključil 56-letni Portugalec.</article-text>
		<article-text-transliterated>&quot;Imam čas za razmišljanje in analiziranje. Počutim se, da je v meni polno ognja. Prijatelji mi govorijo, naj uživam v juliju in avgustu, saj nisi nikoli imel te priložnost. Iskreno: ne morem uživati. Nisem dovolj srečen, da bi užival. Pogrešam moj nogomet. Imam ogenj,&quot; je iz rojstnega mesta sporočil karizmatični portugalski strateg Jose Mourinho. Za prikaz vsebine je potrebno omogočite piškotke družbenih omrežij. OMOGOČI PIŠKOTKE Jose Mourinho je vse od lanskega decembra, ko so ga odslovili pri Manchester Unitedu, brez službe, kot pravi mu ponudb za delo ni manjkalo, a novega izziva še ni sprejel, ker na njegova vrata še ni potrkal pravi delodajalec. &quot;Moram biti potrpežljiv in počakati na pravo ponudbo. In prava je tista ponudba, ki ustreza mojim dimenzijam vodenja. Moram biti potrpežljiv. In to je najtežja stvar, saj imam impulze, ko si rečem, da bom šel, nato pa si rečem: 'Ne, ne morem iti, moram počakati na pravo ponudbo,'&quot; je v rojstnem mestu Setubal v intervjuju za SkySports povedal Mourinho.  Mourinho pogreša dnevno rutino nogometnega trenerja. V poletnem dopustu ne more popolnoma uživati.FOTO: AP Priznal je, da se uči nemško, a ne zaradi tega, ker bi nanj čakal klub iz nemške Bundeslige. &quot;To je težek jezik, človek. Res je težek. Za Portugalca je učenje španščine, italijanščine preprosto in enostavno. Francoščina in angleščina tudi nista težavna, nemščina pa je težka. Ko se vrnem v London septembra, bom na tečaju dva do trikrat na teden, da poskusim, toda iskreno ne razmišljam o tem, da bi odšel v Bundesligo. Noben klub ne čaka name, nihče ni potrkal na moja vrata. To je zgolj moja odločitev: nemščina ali ruščina. Rad se učim, rad imam določene cilje. Poskusil bom, vsaj osnovne stvari,&quot; je razkril nekdanji strateg Manchester Uniteda, Chelseaja in Real Madrida.  Reprezentanca ga zaenkrat ne mika  Pojasnil je, da ga zaenkrat vodenje reprezentance zaenkrat še ne mika, saj je premalo razgibano, ne izključuje pa tega izziva v daljni prihodnosti. Še posebej, če bo to portugalska reprezentanca. &quot;Mogoče, ampak ne vem: ena tekma na mesec, veliko pisarniškega dela, malo zelenice, malo tekem. Čakati dve leti na novo tekmovanje. Ne vem, še vedno to ni zame, a kdo ve, mogoče nekega dne. Če ne s Portugalsko, mogoče s kakšno drugo državo. Ko sem na prvenstvih, ko grem na Euro oz. na SP, ko sem v središču dogajanja, dobim občutek, da si tega nekoč želim. Nekega dne si to želim občutiti, želim to doživeti. Toda potem ko razmišljam, to ni služba zame. Toda mogoče nekega dne. Če bo to Portugalska, bom na to zelo ponosen,&quot; je razložil 'The Special One'. Ta ne skriva tega, da si želi delovati v petih najmočnejših ligah na svetu (angleška, španska, nemška, italijanska, francoska). &quot;Vse ostalo ni zame. Mogoče če mi rečete, da je nek klub treba pripeljati na višjo raven znotraj države, mogoče, kdo ve, toda moj fokus je na največjih ligah,&quot; je priznal Mourinho, ki pravi, da zelo težko reče 'ne'. &quot;Reci 'ne' je zelo težko. Če rečem 'ne', je zato, ker to ni dovolj velik izziv, kot bi si ga sam želel. Toda z vsem spoštovanjem do klubov in možnosti, ki sem jih imel, mislim, da imam pravico, da izbiram ljudi, ki so 'Mourinhista'. Mourinhista je nekdo, ki je navijač. Mourinhista me želijo tam, kjer pripadam,&quot; je zaključil 56-letni Portugalec.</article-text-transliterated>
	</article>
	<comments>
		<comments-count>20</comments-count>
		<comments-list>
			<comment comment-id="1">
				<comment-parent-id/>
				<comment-text>Mourinho, saj te na veliko gledam v top eleven manager... ah klinc, se mi zdi, da se zamudil tekmo!</comment-text>
				<comment-text-transliterated>Mourinho, saj te na veliko gledam v top eleven manager... ah klinc, se mi zdi, da se zamudil tekmo!</comment-text-transliterated>
			</comment>
			<comment comment-id="2">
				<comment-parent-id/>
				<comment-text>Saj bo...Zidan bo slej ko prej z culo na rami odletel...potem pa Muri v Rojal.</comment-text>
				<comment-text-transliterated>Saj bo...Zidan bo slej ko prej z culo na rami odletel...potem pa Muri v Rojal.</comment-text-transliterated>
			</comment>
			<comment comment-id="3">
				<comment-parent-id/>
				<comment-text>Tako opevani in najbolj prepoznavni trener 21.stoletja , pa ne najde novega kluba . Morda je preveč izbirčen ali ga preprosto nihče ne mara . Hiter visok vzpon , hiter globoki padec v brezno iz katerega se sam ne moreš rešiti.</comment-text>
				<comment-text-transliterated>Tako opevani in najbolj prepoznavni trener 21.stoletja , pa ne najde novega kluba . Morda je preveč izbirčen ali ga preprosto nihče ne mara . Hiter visok vzpon , hiter globoki padec v brezno iz katerega se sam ne moreš rešiti.</comment-text-transliterated>
			</comment>
			<comment comment-id="4">
				<comment-parent-id/>
				<comment-text>Samo poglejte kako je Explodiral Angleški nogomet, ko so se ga otresli..dobesedno je švignil v vesolje pa še plačali so mu samo, da se pobere iz OTOKA..On je eden tistih ki razveseljuje z svojim ODHODOM..</comment-text>
				<comment-text-transliterated>Samo poglejte kako je Explodiral Angleški nogomet, ko so se ga otresli..dobesedno je švignil v vesolje pa še plačali so mu samo, da se pobere iz OTOKA..On je eden tistih ki razveseljuje z svojim ODHODOM..</comment-text-transliterated>
			</comment>
			<comment comment-id="5">
				<comment-parent-id/>
				<comment-text>njegov avtobus sistem in njegov &quot;izplen&quot; 20 mil eur za nič dela pri MU sta danes preveč slavna, da bi se še kateri klub šel kaj takega. Mu si bo lahko vzel še dolge dolge počitnice.</comment-text>
				<comment-text-transliterated>njegov avtobus sistem in njegov &quot;izplen&quot; 20 mil eur za nič dela pri MU sta danes preveč slavna, da bi se še kateri klub šel kaj takega. Mu si bo lahko vzel še dolge dolge počitnice.</comment-text-transliterated>
			</comment>
			<comment comment-id="6">
				<comment-parent-id/>
				<comment-text>Tudi Mourinho ve, da denar ni vse</comment-text>
				<comment-text-transliterated>Tudi Mourinho ve, da denar ni vse</comment-text-transliterated>
			</comment>
			<comment comment-id="6-1">
				<comment-parent-id>6</comment-parent-id>
				<comment-text>Resnica Dovolj si je nagrabil denarja, da bi lahko v miru končal svojo trenersko pot, ampak pohlep po denarju, ga vleče naprej . Več imaš , več hočeš , to je zakon .</comment-text>
				<comment-text-transliterated>Resnica Dovolj si je nagrabil denarja, da bi lahko v miru končal svojo trenersko pot, ampak pohlep po denarju, ga vleče naprej . Več imaš , več hočeš , to je zakon .</comment-text-transliterated>
			</comment>
			<comment comment-id="7">
				<comment-parent-id/>
				<comment-text>Daj reši nas tvojega bunkerja in idi v Kitajsko!</comment-text>
				<comment-text-transliterated>Daj reši nas tvojega bunkerja in idi v Kitajsko!</comment-text-transliterated>
			</comment>
			<comment comment-id="7-1">
				<comment-parent-id>7</comment-parent-id>
				<comment-text>Pa še Bale naj gre z njim.</comment-text>
				<comment-text-transliterated>Pa še Bale naj gre z njim.</comment-text-transliterated>
			</comment>
			<comment comment-id="8">
				<comment-parent-id/>
				<comment-text>Vse nohte na rokah in nogah si bo pogrizu ta &quot;The special one&quot;, ker ga nihče ne mara. A človek ne dojame, da ga noben resen klub noče videti na svoji klopi? Tip se javno ponuja, pa nič.</comment-text>
				<comment-text-transliterated>Vse nohte na rokah in nogah si bo pogrizu ta &quot;The special one&quot;, ker ga nihče ne mara. A človek ne dojame, da ga noben resen klub noče videti na svoji klopi? Tip se javno ponuja, pa nič.</comment-text-transliterated>
			</comment>
			<comment comment-id="8-1">
				<comment-parent-id>8</comment-parent-id>
				<comment-text>Max Posebnež in ti posebneži prihajajo ravno iz iste države . Sam sebe proglasiti na najboljšega trenerja na svetu in se kititi z lovorikami na račun ekipe . Vse to so mu dopuščali mediji , celo so ga podpirali in mu dajali inspiracije za njegovo vprašljivo popularnost.</comment-text>
				<comment-text-transliterated>Max Posebnež in ti posebneži prihajajo ravno iz iste države . Sam sebe proglasiti na najboljšega trenerja na svetu in se kititi z lovorikami na račun ekipe . Vse to so mu dopuščali mediji , celo so ga podpirali in mu dajali inspiracije za njegovo vprašljivo popularnost.</comment-text-transliterated>
			</comment>
			<comment comment-id="9">
				<comment-parent-id/>
				<comment-text>Naj že naredi uslugo celotnemu svetu in naj sporoči kam bi rad šel.</comment-text>
				<comment-text-transliterated>Naj že naredi uslugo celotnemu svetu in naj sporoči kam bi rad šel.</comment-text-transliterated>
			</comment>
			<comment comment-id="9-1">
				<comment-parent-id>9</comment-parent-id>
				<comment-text>Razumnež Naj od eznama razpoložljivih klubov zahteva , kdo ga želi imeti .</comment-text>
				<comment-text-transliterated>Razumnež Naj od eznama razpoložljivih klubov zahteva , kdo ga želi imeti .</comment-text-transliterated>
			</comment>
			<comment comment-id="9-2">
				<comment-parent-id>9</comment-parent-id>
				<comment-text>seznama</comment-text>
				<comment-text-transliterated>seznama</comment-text-transliterated>
			</comment>
			<comment comment-id="10">
				<comment-parent-id/>
				<comment-text>Klubi te sovražijo saj ne vidiš druga kot evre, zato kar pogrešaj nogomet še naprej</comment-text>
				<comment-text-transliterated>Klubi te sovražijo saj ne vidiš druga kot evre, zato kar pogrešaj nogomet še naprej</comment-text-transliterated>
			</comment>
			<comment comment-id="11">
				<comment-parent-id/>
				<comment-text>...kaj to pomaga, če pa Maribor ni Maurinhista. Igramo sicer že nekaj časa tako pos..., kot da bi na klopi bil Jose, pa vam povem, da je še huje.</comment-text>
				<comment-text-transliterated>...kaj to pomaga, če pa Maribor ni Maurinhista. Igramo sicer že nekaj časa tako pos..., kot da bi na klopi bil Jose, pa vam povem, da je še huje.</comment-text-transliterated>
			</comment>
			<comment comment-id="12">
				<comment-parent-id/>
				<comment-text>Mariborska klop bo kmalu fraj.</comment-text>
				<comment-text-transliterated>Mariborska klop bo kmalu fraj.</comment-text-transliterated>
			</comment>
			<comment comment-id="12-1">
				<comment-parent-id>12</comment-parent-id>
				<comment-text>Milanić je boljši strateg od Murija.</comment-text>
				<comment-text-transliterated>Milanić je boljši strateg od Murija.</comment-text-transliterated>
			</comment>
			<comment comment-id="12-2">
				<comment-parent-id>12</comment-parent-id>
				<comment-text>pa z unim Zahotom bi se ujela, ker mata približno podoben karakter</comment-text>
				<comment-text-transliterated>pa z unim Zahotom bi se ujela, ker mata približno podoben karakter</comment-text-transliterated>
			</comment>
			<comment comment-id="13">
				<comment-parent-id/>
				<comment-text>a družine nima?</comment-text>
				<comment-text-transliterated>a družine nima?</comment-text-transliterated>
			</comment>
		</comments-list>
	</comments>
</document>
