<document global-id="si-06-1260"><url>https://www.24ur.com/sport/nogomet/ligaprvakov/komentar-milan-mandaric-poosebljen-paradoks-olimpije.html</url><source-id>si-06</source-id><local-id>si-06-1260</local-id><source-name>ur24</source-name><article><article-title>Milan Mandarić – poosebljen paradoks Olimpije</article-title><article-title-transliterated>Milan Mandarić – poosebljen paradoks Olimpije</article-title-transliterated><article_time>2018-07-19</article_time><article-author>Božidar Bulat</article-author><article-text>Vidno utrujen in potrt se je predsednik Olimpije usedel na svoj sedež. Zmogel prisiljen nasmešek ali dva, nato pa večino dolgega poleta iz Bakuja v Ljubljano prespal. Zagotovo ni sanjal Lige prvakov, sanje o tej so se razblinile, ko je imel oči še odprte.
Milan Mandarić je dvoje v enem – rešitelj Olimpije, hkrati njena težava. Nihče mu ne oporeka, da je med najbolj zaslužnimi, če že ne najbolj zaslužen, da so zmaji v preteklih treh sezonah dvakrat pokorili Slovenijo, enkrat osvojili pokal. Vlaga svoj denar, ne operira s tujim. Za (večino) predstavnikov sedme sile je vedno na voljo. V Baku je na stroške kluba povabil novinarje iz večine slovenskih medijskih hiš, kar je na sončni strani Alp redkost. (Vsaj v Ljubljani) je priljubljen in v tem uživa. A kot da bi mu hitro postalo dolgčas, kot da bi mu negotov uspeh bolj prijal od predvidljivega, se v ključnih tednih pred odločilnimi tekmami na evropski sceni (zdaj že tradicionalno) odloči za zelo tvegane poteze.

Milan Mandarić in Igor BišćanFOTO: Miro Majcen
Še junija je imel trenerja. Gospoda trenerja Igorja Biščana. Javna skrivnost je, da se z njim ni dobro razumel. Ker je Igor trmast.
Čeprav se je Mandariću ob igri, ki jo je gojil Bišćan, (pre)večkrat (upravičeno) zehalo, so ga ljudje vzljubili, podpirali. Pred finalom pokala "zeleno ni bilo več grdo" - na vstop v uradno trgovino s klubskimi artikli je čakalo več deset ljudi. Biščan je osvojil dvojno krono
Človek principa. Človek, ki ne bo spremenil svojega mnenja, ker šef misli drugače. Človek, ki klubski interes enači le z dobrimi rezultati, ne pa tudi s kalkulacijami, kdaj bi moral kdo igrati, da bi ga opazil kateri od bogatejših klubov. Čeprav se je Mandariću ob igri, ki jo je gojil Hrvat, (pre)večkrat (upravičeno) zehalo, so ga ljudje vzljubili, podpirali. Pred finalom pokala "zeleno ni bilo več grdo" – na vstop v uradno trgovino s klubskimi artikli je čakalo več deset ljudi. Biščan je osvojil dvojno krono, Mandariću ni bilo najbolj po godu, da ljudje skandirajo Hrvatovo ime bolj glasno kot bodo njegovo kadarkoli. Pa vendar bi si lahko rekel: "To je dobro za klub, katerega (so)lastnik sem. Temelji so postavljeni, vzdušje okoli moštva je pravo, gremo po podvig v Evropi." 

No, Mandarić si tega ni rekel. Biščan je postal bivši. Hkrati ni podaljšal pogodb z več igralci, ki so odigrali ključno vlogo pri osvojitvi lovorik (npr. branilec Mitch Apau, pa vezist Ricardo Alves). Ni odkupil v Ljubljani že dokazanih nogometašev, ki so bili v Stožice posojeni (npr. vezist Dario Čanađija). Morda se za to ni odločil zgolj zato, ker nasvet, da bi bilo dobro, da omenjeni ostanejo v zmajevem gnezdu, ni prišel iz pravih ust. Deluje, da Mandarić lažje shaja z ljudmi, ki mu ne kljubujejo. Ki mu resnico olepšujejo. Ki mu obljubljajo raj ... A le če bo fantu iz vrhunske mladinske šole znamenitega londonskega Tottenhama (krilni napadalec Nathan Oduwa), pa tudi fantu iz mladinskega pogona AC Milana (napadalec Kingsley Boateng) plačal, govori se, približno 45.000 evrov bruto na mesec. Gre samo za dva primera v nizu zgrešenih nakupov. Ker je zaupal napačnim ljudem.

Ilija Stolica in Milan MandarićFOTO: Damjan Žibert
Na trenerski stolček je mesec pred prvim evropskim izzivom posedel Ilijo Stolico. Iz Vojvodine, Srbije, so na njegov račun deževale pohvale.
In zdaj je Mandarić, še preden smo se dobro odrinili od vročih azerbajdžanskih tal, bržčas že razmišljal o trenerju, ki bo Stolico zamenjal, če mu ne uspe priti v skupinski del Lige Evropa.
In res. Gre za možakarja, ki ima dober javni nastop. Pove veliko, a hkrati izda malo. Je poliglot, govori kar šest jezikov. Je trener z zelo modernim pogledom na nogomet. Za lažjo predstavo: z Olimpijo bo skušal kar se da dobro posnemati všečno igro Manchester Cityja pod vodstvom Pepa Guardiole. Izvrstna ideja, ki je padla na prvem resnem preizkusu. In zdaj je Mandarić, še preden smo se dobro odrinili od vročih azerbajdžanskih tal, bržčas že razmišljal o trenerju, ki bo Stolico zamenjal, če mu ne uspe priti v skupinski del Lige Evropa. Verjetno si razbija glavo s tem, katere okrepitve mora še pripeljati, hkrati pa morda pozablja na najpomembnejše. In to je čas – edina "valuta", s katero gospod MM skopari.

Hitri uspehi so v nogometu redki, brez dolgoročne vizije, potrpežljivosti je vse obsojeno na propad. Stolici je potrebno dati mir, da postane slovenski Pep, Danielu Avramovskemu in Marko Putinčaninu podporo, da postaneta slovenska David Silva in Fernandinho. Njegovo, njihovo delo bomo lahko sodili šele po koncu sezone. Uigranost, avtomatizmi, simbioza moštva so trdo prigarane nogometne vrednote. Te znajo ceniti tudi ljudje, ki Mandarića ustavljajo na največji tržnici v Ljubljani in ga, kot rad večkrat poudari, prosijo, naj ne zapusti kluba. A če bo še naprej kadrovsko tako pogosto premetaval zasedbo, bo zelo verjetno prišel dan, ko ga bo ob prijetnem sprehodu skozi metropolo naključni mimoidoči z ne preveč vljudnim tonom vprašal: "Milan, kaj za vraga počneš z mojim klubom?"</article-text><article-text-transliterated>Vidno utrujen in potrt se je predsednik Olimpije usedel na svoj sedež. Zmogel prisiljen nasmešek ali dva, nato pa večino dolgega poleta iz Bakuja v Ljubljano prespal. Zagotovo ni sanjal Lige prvakov, sanje o tej so se razblinile, ko je imel oči še odprte.
Milan Mandarić je dvoje v enem – rešitelj Olimpije, hkrati njena težava. Nihče mu ne oporeka, da je med najbolj zaslužnimi, če že ne najbolj zaslužen, da so zmaji v preteklih treh sezonah dvakrat pokorili Slovenijo, enkrat osvojili pokal. Vlaga svoj denar, ne operira s tujim. Za (večino) predstavnikov sedme sile je vedno na voljo. V Baku je na stroške kluba povabil novinarje iz večine slovenskih medijskih hiš, kar je na sončni strani Alp redkost. (Vsaj v Ljubljani) je priljubljen in v tem uživa. A kot da bi mu hitro postalo dolgčas, kot da bi mu negotov uspeh bolj prijal od predvidljivega, se v ključnih tednih pred odločilnimi tekmami na evropski sceni (zdaj že tradicionalno) odloči za zelo tvegane poteze.

Milan Mandarić in Igor BišćanFOTO: Miro Majcen
Še junija je imel trenerja. Gospoda trenerja Igorja Biščana. Javna skrivnost je, da se z njim ni dobro razumel. Ker je Igor trmast.
Čeprav se je Mandariću ob igri, ki jo je gojil Bišćan, (pre)večkrat (upravičeno) zehalo, so ga ljudje vzljubili, podpirali. Pred finalom pokala "zeleno ni bilo več grdo" - na vstop v uradno trgovino s klubskimi artikli je čakalo več deset ljudi. Biščan je osvojil dvojno krono
Človek principa. Človek, ki ne bo spremenil svojega mnenja, ker šef misli drugače. Človek, ki klubski interes enači le z dobrimi rezultati, ne pa tudi s kalkulacijami, kdaj bi moral kdo igrati, da bi ga opazil kateri od bogatejših klubov. Čeprav se je Mandariću ob igri, ki jo je gojil Hrvat, (pre)večkrat (upravičeno) zehalo, so ga ljudje vzljubili, podpirali. Pred finalom pokala "zeleno ni bilo več grdo" – na vstop v uradno trgovino s klubskimi artikli je čakalo več deset ljudi. Biščan je osvojil dvojno krono, Mandariću ni bilo najbolj po godu, da ljudje skandirajo Hrvatovo ime bolj glasno kot bodo njegovo kadarkoli. Pa vendar bi si lahko rekel: "To je dobro za klub, katerega (so)lastnik sem. Temelji so postavljeni, vzdušje okoli moštva je pravo, gremo po podvig v Evropi." 

No, Mandarić si tega ni rekel. Biščan je postal bivši. Hkrati ni podaljšal pogodb z več igralci, ki so odigrali ključno vlogo pri osvojitvi lovorik (npr. branilec Mitch Apau, pa vezist Ricardo Alves). Ni odkupil v Ljubljani že dokazanih nogometašev, ki so bili v Stožice posojeni (npr. vezist Dario Čanađija). Morda se za to ni odločil zgolj zato, ker nasvet, da bi bilo dobro, da omenjeni ostanejo v zmajevem gnezdu, ni prišel iz pravih ust. Deluje, da Mandarić lažje shaja z ljudmi, ki mu ne kljubujejo. Ki mu resnico olepšujejo. Ki mu obljubljajo raj ... A le če bo fantu iz vrhunske mladinske šole znamenitega londonskega Tottenhama (krilni napadalec Nathan Oduwa), pa tudi fantu iz mladinskega pogona AC Milana (napadalec Kingsley Boateng) plačal, govori se, približno 45.000 evrov bruto na mesec. Gre samo za dva primera v nizu zgrešenih nakupov. Ker je zaupal napačnim ljudem.

Ilija Stolica in Milan MandarićFOTO: Damjan Žibert
Na trenerski stolček je mesec pred prvim evropskim izzivom posedel Ilijo Stolico. Iz Vojvodine, Srbije, so na njegov račun deževale pohvale.
In zdaj je Mandarić, še preden smo se dobro odrinili od vročih azerbajdžanskih tal, bržčas že razmišljal o trenerju, ki bo Stolico zamenjal, če mu ne uspe priti v skupinski del Lige Evropa.
In res. Gre za možakarja, ki ima dober javni nastop. Pove veliko, a hkrati izda malo. Je poliglot, govori kar šest jezikov. Je trener z zelo modernim pogledom na nogomet. Za lažjo predstavo: z Olimpijo bo skušal kar se da dobro posnemati všečno igro Manchester Cityja pod vodstvom Pepa Guardiole. Izvrstna ideja, ki je padla na prvem resnem preizkusu. In zdaj je Mandarić, še preden smo se dobro odrinili od vročih azerbajdžanskih tal, bržčas že razmišljal o trenerju, ki bo Stolico zamenjal, če mu ne uspe priti v skupinski del Lige Evropa. Verjetno si razbija glavo s tem, katere okrepitve mora še pripeljati, hkrati pa morda pozablja na najpomembnejše. In to je čas – edina "valuta", s katero gospod MM skopari.

Hitri uspehi so v nogometu redki, brez dolgoročne vizije, potrpežljivosti je vse obsojeno na propad. Stolici je potrebno dati mir, da postane slovenski Pep, Danielu Avramovskemu in Marko Putinčaninu podporo, da postaneta slovenska David Silva in Fernandinho. Njegovo, njihovo delo bomo lahko sodili šele po koncu sezone. Uigranost, avtomatizmi, simbioza moštva so trdo prigarane nogometne vrednote. Te znajo ceniti tudi ljudje, ki Mandarića ustavljajo na največji tržnici v Ljubljani in ga, kot rad večkrat poudari, prosijo, naj ne zapusti kluba. A če bo še naprej kadrovsko tako pogosto premetaval zasedbo, bo zelo verjetno prišel dan, ko ga bo ob prijetnem sprehodu skozi metropolo naključni mimoidoči z ne preveč vljudnim tonom vprašal: "Milan, kaj za vraga počneš z mojim klubom?"</article-text-transliterated></article><comments><comments-count>63</comments-count><comments-list><comment comment-id="1"><comment-parent-id /><comment-text>Kot sem predvidel pred tekmo Olimpija ni imela možnosti zakaj,ekipa se gradi na dolgi rok ne pa da se sestavi vsako sezono na novo,novi trener potreben je čas,potrpljenje,kemija,uigranost..dokler se bodo igralci samo preprodajali ne bo uspeha a to ni cilj vodstva Olimpije,njihov cilj je preprodaja..žal! Maribor dela tako kot se mora delati pametno da daljši rok ki edini lahko prinese uspehe in.</comment-text><comment-text-transliterated>Kot sem predvidel pred tekmo Olimpija ni imela možnosti zakaj,ekipa se gradi na dolgi rok ne pa da se sestavi vsako sezono na novo,novi trener potreben je čas,potrpljenje,kemija,uigranost..dokler se bodo igralci samo preprodajali ne bo uspeha a to ni cilj vodstva Olimpije,njihov cilj je preprodaja..žal! Maribor dela tako kot se mora delati pametno da daljši rok ki edini lahko prinese uspehe in.</comment-text-transliterated></comment><comment comment-id="2"><comment-parent-id /><comment-text>Mandarić je tipičen slovenski paradoks. Rad bi glumil svetovljana, iz oči pa gleda Balkan. 😂 In takih je pri nas malo morje. 😒</comment-text><comment-text-transliterated>Mandarić je tipičen slovenski paradoks. Rad bi glumil svetovljana, iz oči pa gleda Balkan. 😂 In takih je pri nas malo morje. 😒</comment-text-transliterated></comment><comment comment-id="3"><comment-parent-id /><comment-text>ŠTAJERJI SE MORDA NISTE VPRAŠALI, DANES IGRATE POVRATNO TEKMO V KVALIFIKACIJAH ZA EL. A LEJ GA ZLOMKA TULE NISEM ZASLEDIL NOBENEGA ČLANKA O TEJ TEKMI. SEJ VESTE ZA DOBRIM KONJEM SE ZMERAJ KADI, OČITNO MARIBOR VEČ NI, KO SE GA NE OMENJA, ZDOLGOČASENI IN ZA FRUSTRIRANI ŠTAJERJI PA PLUVAJO PO KLUBU, KI JIM JE VZEL KRUHA IN IGER.</comment-text><comment-text-transliterated>ŠTAJERJI SE MORDA NISTE VPRAŠALI, DANES IGRATE POVRATNO TEKMO V KVALIFIKACIJAH ZA EL. A LEJ GA ZLOMKA TULE NISEM ZASLEDIL NOBENEGA ČLANKA O TEJ TEKMI. SEJ VESTE ZA DOBRIM KONJEM SE ZMERAJ KADI, OČITNO MARIBOR VEČ NI, KO SE GA NE OMENJA, ZDOLGOČASENI IN ZA FRUSTRIRANI ŠTAJERJI PA PLUVAJO PO KLUBU, KI JIM JE VZEL KRUHA IN IGER.</comment-text-transliterated></comment><comment comment-id="4"><comment-parent-id /><comment-text>Manda car
Klub je od njega ker edini daje denar</comment-text><comment-text-transliterated>Manda car
Klub je od njega ker edini daje denar</comment-text-transliterated></comment><comment comment-id="5"><comment-parent-id /><comment-text>Mr bi bilo treba dat že kar nekaj trenerjem.....A veste kaj pomeni stolica?? To ima sedaj olimpija.</comment-text><comment-text-transliterated>Mr bi bilo treba dat že kar nekaj trenerjem.....A veste kaj pomeni stolica?? To ima sedaj olimpija.</comment-text-transliterated></comment><comment comment-id="6"><comment-parent-id /><comment-text>Navadno pranje denarja. Žal.</comment-text><comment-text-transliterated>Navadno pranje denarja. Žal.</comment-text-transliterated></comment><comment comment-id="7"><comment-parent-id /><comment-text>Kje so okrepitve n napada ni in ni</comment-text><comment-text-transliterated>Kje so okrepitve n napada ni in ni</comment-text-transliterated></comment><comment comment-id="8"><comment-parent-id /><comment-text>Pozdravljeni Mariborčani na novici o Olimpiji, državnem prvaku Slovenije. Veseli me, da spremljate najboljši slovenski klub v takšnem številu in oddajate številne komentarje, kar novico na 24ur še dodatno meče med "najbolj brane", s čimer se dela brezplačna reklama. Želim vam veliko uspehov v Evropi.</comment-text><comment-text-transliterated>Pozdravljeni Mariborčani na novici o Olimpiji, državnem prvaku Slovenije. Veseli me, da spremljate najboljši slovenski klub v takšnem številu in oddajate številne komentarje, kar novico na 24ur še dodatno meče med "najbolj brane", s čimer se dela brezplačna reklama. Želim vam veliko uspehov v Evropi.</comment-text-transliterated></comment><comment comment-id="9"><comment-parent-id /><comment-text>Olimpija pač nikoli ne bo Maribor.</comment-text><comment-text-transliterated>Olimpija pač nikoli ne bo Maribor.</comment-text-transliterated></comment><comment comment-id="9-1"><comment-parent-id>9</comment-parent-id><comment-text>Še dobro, potem ne bi bili prvaki.</comment-text><comment-text-transliterated>Še dobro, potem ne bi bili prvaki.</comment-text-transliterated></comment><comment comment-id="10"><comment-parent-id /><comment-text>Olimpija lahko zmaguje v Sloveniji,v kateri se sodniki podkupijo in sodijo njim v prid! Vsaj 30% tekem v slovenski ligi so zmagali ali igrali neodločeni po zaslugi sodnikov!! Srbska naveza lahko tako dela samo v Sloveniji saj je Olimpija kot prvak že dvakrat izpadla po prvi tekmi!! Z takšnim načinom se uničuje slovenski nogomet!! Dobro bi bilo,da se takšne tekme ne bi prenašale saj delajo SRAMOTO nogometu!!</comment-text><comment-text-transliterated>Olimpija lahko zmaguje v Sloveniji,v kateri se sodniki podkupijo in sodijo njim v prid! Vsaj 30% tekem v slovenski ligi so zmagali ali igrali neodločeni po zaslugi sodnikov!! Srbska naveza lahko tako dela samo v Sloveniji saj je Olimpija kot prvak že dvakrat izpadla po prvi tekmi!! Z takšnim načinom se uničuje slovenski nogomet!! Dobro bi bilo,da se takšne tekme ne bi prenašale saj delajo SRAMOTO nogometu!!</comment-text-transliterated></comment><comment comment-id="10-1"><comment-parent-id>10</comment-parent-id><comment-text>Tocno tako. Ves čas ze pisem, da Olimpija z prikazanim ne bi bila nikoli prva v Sloveniji, če ji ne bi tako pomagali sodniki.Zelo žalostno. Ce se samo spomnimo tekme na kateri je Abas iz prepovedanega položaja zadel in zmagali so.</comment-text><comment-text-transliterated>Tocno tako. Ves čas ze pisem, da Olimpija z prikazanim ne bi bila nikoli prva v Sloveniji, če ji ne bi tako pomagali sodniki.Zelo žalostno. Ce se samo spomnimo tekme na kateri je Abas iz prepovedanega položaja zadel in zmagali so.</comment-text-transliterated></comment><comment comment-id="10-2"><comment-parent-id>10</comment-parent-id><comment-text>o podobnih zadevah je pred leti govoril zmago sagadin in slovenska klubska košarka je tam kot je</comment-text><comment-text-transliterated>o podobnih zadevah je pred leti govoril zmago sagadin in slovenska klubska košarka je tam kot je</comment-text-transliterated></comment><comment comment-id="10-3"><comment-parent-id>10</comment-parent-id><comment-text>Reveži, ki padete pod vpliv teorij zarot...</comment-text><comment-text-transliterated>Reveži, ki padete pod vpliv teorij zarot...</comment-text-transliterated></comment><comment comment-id="11"><comment-parent-id /><comment-text>Pri NkBežigradu05 so najbolj antipatični navijači. Ko klubu ne gre, jih skoraj ni. Ko so pa na površju, pridejo iz ilegale.</comment-text><comment-text-transliterated>Pri NkBežigradu05 so najbolj antipatični navijači. Ko klubu ne gre, jih skoraj ni. Ko so pa na površju, pridejo iz ilegale.</comment-text-transliterated></comment><comment comment-id="12"><comment-parent-id /><comment-text>Kako lepo! Sloveniji in Ljubljani res ni potrebno stopiti v krog milijonov za nogometaše.</comment-text><comment-text-transliterated>Kako lepo! Sloveniji in Ljubljani res ni potrebno stopiti v krog milijonov za nogometaše.</comment-text-transliterated></comment><comment comment-id="13"><comment-parent-id /><comment-text>Lahko pa pride Olimpija v Maribor gledati in se učiti kako se igrajo evropske tekme</comment-text><comment-text-transliterated>Lahko pa pride Olimpija v Maribor gledati in se učiti kako se igrajo evropske tekme</comment-text-transliterated></comment><comment comment-id="13-1"><comment-parent-id>13</comment-parent-id><comment-text>maribor je gospodatsko na dnu ljubljana pa...</comment-text><comment-text-transliterated>maribor je gospodatsko na dnu ljubljana pa...</comment-text-transliterated></comment><comment comment-id="13-2"><comment-parent-id>13</comment-parent-id><comment-text>Po principu "dokler se ata Tavares lahko premika po igrišču, imamo upanje".</comment-text><comment-text-transliterated>Po principu "dokler se ata Tavares lahko premika po igrišču, imamo upanje".</comment-text-transliterated></comment><comment comment-id="14"><comment-parent-id /><comment-text>Ka je vlozil? 1e hahahahahaha sprivatiziral zdaj pa zivotarijo</comment-text><comment-text-transliterated>Ka je vlozil? 1e hahahahahaha sprivatiziral zdaj pa zivotarijo</comment-text-transliterated></comment><comment comment-id="15"><comment-parent-id /><comment-text>Karabag boljši v obeh tekmah, zaslužena zmaga</comment-text><comment-text-transliterated>Karabag boljši v obeh tekmah, zaslužena zmaga</comment-text-transliterated></comment><comment comment-id="16"><comment-parent-id /><comment-text>Spet bomo to gnojno bulo od srbske olimpije plačevali davkoplačevalci, ko bo zoki odplačeval mandariča z našim gnarom.</comment-text><comment-text-transliterated>Spet bomo to gnojno bulo od srbske olimpije plačevali davkoplačevalci, ko bo zoki odplačeval mandariča z našim gnarom.</comment-text-transliterated></comment><comment comment-id="16-1"><comment-parent-id>16</comment-parent-id><comment-text>Pa kaj si ti od moderatorja sin al kako?</comment-text><comment-text-transliterated>Pa kaj si ti od moderatorja sin al kako?</comment-text-transliterated></comment><comment comment-id="17"><comment-parent-id /><comment-text>Ko bo samo rekel, tu imate račun. hahahahahahah Peta liga ole ole ole....</comment-text><comment-text-transliterated>Ko bo samo rekel, tu imate račun. hahahahahahah Peta liga ole ole ole....</comment-text-transliterated></comment><comment comment-id="18"><comment-parent-id /><comment-text>iz Bakuja nese kufer z enajstimi milijoni ,ki ga bosta z županom skupaj odprla in Ljubljančanom podarila za izgradnjo prepotrebnega verskega objekta</comment-text><comment-text-transliterated>iz Bakuja nese kufer z enajstimi milijoni ,ki ga bosta z županom skupaj odprla in Ljubljančanom podarila za izgradnjo prepotrebnega verskega objekta</comment-text-transliterated></comment><comment comment-id="19"><comment-parent-id /><comment-text>Nehajte že s tem klubom, ki si ne zasluži naše pozornosti. To je NK BEŽIGRAD, manjši klub v Ljubljani (manjši od Slovana recimo...)!!! Žalostno, da Ljubljančani nasedajo na te finte!</comment-text><comment-text-transliterated>Nehajte že s tem klubom, ki si ne zasluži naše pozornosti. To je NK BEŽIGRAD, manjši klub v Ljubljani (manjši od Slovana recimo...)!!! Žalostno, da Ljubljančani nasedajo na te finte!</comment-text-transliterated></comment><comment comment-id="19-1"><comment-parent-id>19</comment-parent-id><comment-text>očitno si zasluži pozornost iz preprostega razloga, očitno tudi tvojo, si prebral in si oddal svoj komentar, kar se tiče velikosti klubov v Ljubljani, če nisi Ljubljančan ne komentiraj.</comment-text><comment-text-transliterated>očitno si zasluži pozornost iz preprostega razloga, očitno tudi tvojo, si prebral in si oddal svoj komentar, kar se tiče velikosti klubov v Ljubljani, če nisi Ljubljančan ne komentiraj.</comment-text-transliterated></comment><comment comment-id="19-2"><comment-parent-id>19</comment-parent-id><comment-text>Strogo pravno NK Bežigrad, ustanovljen pa s popotnico prejšnje NK Olimpija. SCT Olimpija = NK Olimpija = ... = Olimpija. Pa če se postaviš na glavo.</comment-text><comment-text-transliterated>Strogo pravno NK Bežigrad, ustanovljen pa s popotnico prejšnje NK Olimpija. SCT Olimpija = NK Olimpija = ... = Olimpija. Pa če se postaviš na glavo.</comment-text-transliterated></comment><comment comment-id="20"><comment-parent-id /><comment-text>Vidno utrujen in potrt se je predsednik Olimpije usedel na svoj sedež???? uvodni stavek bi se moral glasiti, da se je potrt vsedel na STOLICO????????</comment-text><comment-text-transliterated>Vidno utrujen in potrt se je predsednik Olimpije usedel na svoj sedež???? uvodni stavek bi se moral glasiti, da se je potrt vsedel na STOLICO????????</comment-text-transliterated></comment><comment comment-id="20-1"><comment-parent-id>20</comment-parent-id><comment-text>'usesti se'.</comment-text><comment-text-transliterated>'usesti se'.</comment-text-transliterated></comment><comment comment-id="21"><comment-parent-id /><comment-text>Glede na to kako je Qarabak igral, bi ga z Biščanom Olimpija pojedla. Te dve tekmi sta bili pokazatelj realne slike MM v Olimpiji. Niti 1% zaupanja v MM ni, vsaj z moje strani. Igrajo igralci, ki ne morejo igrati v 2. občinski ligi, najboljše se prodaja... O Einsteinu Cimetu raje ne bom... Medtem, ko MB in Domžale gradijo na mladih, najboljše prodajajo samo v primerih, ko imajo adekvatno zamenjavo in na tak način polnijo blagajno... Olimpija je brez vizije,ekonomske in športne poti. Bojim se samo, ko bo MM spakiral kovčke, Olimpija pa bo v težavah... Brez Olimpije tudi slo liga ni dobra/konkurenčna... Enako velja za domžale, mb... Nivo se strmo dviga, samo s takšno začrtano smerjo, Olimpija žal nima prihodnosti. Trpimo navijači, trpi slo nogomet.</comment-text><comment-text-transliterated>Glede na to kako je Qarabak igral, bi ga z Biščanom Olimpija pojedla. Te dve tekmi sta bili pokazatelj realne slike MM v Olimpiji. Niti 1% zaupanja v MM ni, vsaj z moje strani. Igrajo igralci, ki ne morejo igrati v 2. občinski ligi, najboljše se prodaja... O Einsteinu Cimetu raje ne bom... Medtem, ko MB in Domžale gradijo na mladih, najboljše prodajajo samo v primerih, ko imajo adekvatno zamenjavo in na tak način polnijo blagajno... Olimpija je brez vizije,ekonomske in športne poti. Bojim se samo, ko bo MM spakiral kovčke, Olimpija pa bo v težavah... Brez Olimpije tudi slo liga ni dobra/konkurenčna... Enako velja za domžale, mb... Nivo se strmo dviga, samo s takšno začrtano smerjo, Olimpija žal nima prihodnosti. Trpimo navijači, trpi slo nogomet.</comment-text-transliterated></comment><comment comment-id="21-1"><comment-parent-id>21</comment-parent-id><comment-text>100% točno zapisano. Ko se je ustvarila pozitivna klima, ko je začela Olimpija zmagovati je bilo treba zamenjati trenerja? Prepričan sem, da za Mandariča in Cimeta tudi Zidane najbrž nebi bil dober trener? Kdor še ni dojel bo morda sedaj vendarle, da gre v prvi vrsti za biznis - preprodajanje igralcev (kupi - proda naprej), liga in ostalo je v drugem planu. Važno je da igrajo tisti, ki jih namerava prodati, kdo pa bo kupoval rezerviste s klopi?</comment-text><comment-text-transliterated>100% točno zapisano. Ko se je ustvarila pozitivna klima, ko je začela Olimpija zmagovati je bilo treba zamenjati trenerja? Prepričan sem, da za Mandariča in Cimeta tudi Zidane najbrž nebi bil dober trener? Kdor še ni dojel bo morda sedaj vendarle, da gre v prvi vrsti za biznis - preprodajanje igralcev (kupi - proda naprej), liga in ostalo je v drugem planu. Važno je da igrajo tisti, ki jih namerava prodati, kdo pa bo kupoval rezerviste s klopi?</comment-text-transliterated></comment><comment comment-id="22"><comment-parent-id /><comment-text>Hiša na slabih temeljih nima bodočnosti!Že malo močnejši veter jo zruši.To se dogaja v tem klubu.Koper se ponavlja!</comment-text><comment-text-transliterated>Hiša na slabih temeljih nima bodočnosti!Že malo močnejši veter jo zruši.To se dogaja v tem klubu.Koper se ponavlja!</comment-text-transliterated></comment><comment comment-id="23"><comment-parent-id /><comment-text>6 jezikov zna, a ene slovenščine ne obvlada, sramota.</comment-text><comment-text-transliterated>6 jezikov zna, a ene slovenščine ne obvlada, sramota.</comment-text-transliterated></comment><comment comment-id="23-1"><comment-parent-id>23</comment-parent-id><comment-text>Iz katerega razloga bi nek tujec, ki ni nikoli delal ali živel v Sloveniji, znal slovensko?</comment-text><comment-text-transliterated>Iz katerega razloga bi nek tujec, ki ni nikoli delal ali živel v Sloveniji, znal slovensko?</comment-text-transliterated></comment><comment comment-id="24"><comment-parent-id /><comment-text>Nakladanje, da te kap.</comment-text><comment-text-transliterated>Nakladanje, da te kap.</comment-text-transliterated></comment><comment comment-id="25"><comment-parent-id /><comment-text>če bi obdržal Biščana bi sigurno napredovali,s tem trenerjem pa bo misija težka</comment-text><comment-text-transliterated>če bi obdržal Biščana bi sigurno napredovali,s tem trenerjem pa bo misija težka</comment-text-transliterated></comment><comment comment-id="25-1"><comment-parent-id>25</comment-parent-id><comment-text>Ja zdaj pa je spet trener kriv.</comment-text><comment-text-transliterated>Ja zdaj pa je spet trener kriv.</comment-text-transliterated></comment><comment comment-id="26"><comment-parent-id /><comment-text>Qarabag zasluženo v dveh tekmah boljši.</comment-text><comment-text-transliterated>Qarabag zasluženo v dveh tekmah boljši.</comment-text-transliterated></comment><comment comment-id="27"><comment-parent-id /><comment-text>Pod Mandaričem je vse skupaj postalo ena pralnica denarja, tako da me ta klub trenutno ne zanima, sploh pa , ker se ne govori slovensko po nekaj letih.</comment-text><comment-text-transliterated>Pod Mandaričem je vse skupaj postalo ena pralnica denarja, tako da me ta klub trenutno ne zanima, sploh pa , ker se ne govori slovensko po nekaj letih.</comment-text-transliterated></comment><comment comment-id="27-1"><comment-parent-id>27</comment-parent-id><comment-text>če te klub ne zanima, ne bereš novic o klubu, ki te ne zanima, še manj pa pišeš neumnosti in ne sodeluješ na forumih, ki so povezani s klubom, ki te ne zanima.</comment-text><comment-text-transliterated>če te klub ne zanima, ne bereš novic o klubu, ki te ne zanima, še manj pa pišeš neumnosti in ne sodeluješ na forumih, ki so povezani s klubom, ki te ne zanima.</comment-text-transliterated></comment><comment comment-id="27-2"><comment-parent-id>27</comment-parent-id><comment-text>to so frustracije štajercev, ko jih še vedno peče konec lanske sezone</comment-text><comment-text-transliterated>to so frustracije štajercev, ko jih še vedno peče konec lanske sezone</comment-text-transliterated></comment><comment comment-id="28"><comment-parent-id /><comment-text>BOJKOT TEKEM V STOZICAH!!!! Nova parola: NIHCE NA TEKMO V STOZICE,NIHCE NA TEKMO V STOZICE.......
MENE NE BODO VEC VIDELI V STOZICAH!!!! HVALA MILAN ZA TO!!! Sej zdej pa nevem vec a je to slucajno Milan Kucan v preobleki?! Hmmmm.....</comment-text><comment-text-transliterated>BOJKOT TEKEM V STOZICAH!!!! Nova parola: NIHCE NA TEKMO V STOZICE,NIHCE NA TEKMO V STOZICE.......
MENE NE BODO VEC VIDELI V STOZICAH!!!! HVALA MILAN ZA TO!!! Sej zdej pa nevem vec a je to slucajno Milan Kucan v preobleki?! Hmmmm.....</comment-text-transliterated></comment><comment comment-id="28-1"><comment-parent-id>28</comment-parent-id><comment-text>bejš no v Stožicah si pa bil morda enkrat in še takrat je igrala Slo. repka, takih gledalcev in navijačev ne bo nihče pogrešal.</comment-text><comment-text-transliterated>bejš no v Stožicah si pa bil morda enkrat in še takrat je igrala Slo. repka, takih gledalcev in navijačev ne bo nihče pogrešal.</comment-text-transliterated></comment><comment comment-id="29"><comment-parent-id /><comment-text>Skoda da ta klavn uničuje olimpijo!!! V tem pogledu nima veze al vijolcni al zeleni oboji smo Slovenci za to me izredno žalosti da je Olimpija končala kvalifikacije... Sedaj pa spet vsak za svoj klub. Gremo MARIBOOOOR</comment-text><comment-text-transliterated>Skoda da ta klavn uničuje olimpijo!!! V tem pogledu nima veze al vijolcni al zeleni oboji smo Slovenci za to me izredno žalosti da je Olimpija končala kvalifikacije... Sedaj pa spet vsak za svoj klub. Gremo MARIBOOOOR</comment-text-transliterated></comment><comment comment-id="29-1"><comment-parent-id>29</comment-parent-id><comment-text>Olimpija je končala kvalifikacije za LP ne pa za ligo Evropa.</comment-text><comment-text-transliterated>Olimpija je končala kvalifikacije za LP ne pa za ligo Evropa.</comment-text-transliterated></comment><comment comment-id="29-2"><comment-parent-id>29</comment-parent-id><comment-text>Kdo je govoril o ligi Evropa? Ti si tak pametnjakovic da bi človek reko da si bližni sorodnik degenosa</comment-text><comment-text-transliterated>Kdo je govoril o ligi Evropa? Ti si tak pametnjakovic da bi človek reko da si bližni sorodnik degenosa</comment-text-transliterated></comment><comment comment-id="29-3"><comment-parent-id>29</comment-parent-id><comment-text>Da, samo sramotno je končala kvalifikacije</comment-text><comment-text-transliterated>Da, samo sramotno je končala kvalifikacije</comment-text-transliterated></comment><comment comment-id="30"><comment-parent-id /><comment-text>On dolgoročne vizije ne pozna in verjetno že išče novega trenerja.Sicer pa dober članek.</comment-text><comment-text-transliterated>On dolgoročne vizije ne pozna in verjetno že išče novega trenerja.Sicer pa dober članek.</comment-text-transliterated></comment><comment comment-id="31"><comment-parent-id /><comment-text>bolj da se osredotočijo na DP ...ostali bojo bolj utrujeni ker bojo štartal na finale LE !1 hihihih</comment-text><comment-text-transliterated>bolj da se osredotočijo na DP ...ostali bojo bolj utrujeni ker bojo štartal na finale LE !1 hihihih</comment-text-transliterated></comment><comment comment-id="32"><comment-parent-id /><comment-text>E.bi.veter ni dobil penala da bi odločil tekmo kot v slovenski ligi. Čestitke Mandariću in Stolici za izvrsten nogomet Olimpija gre domov ole ole ole. 24 kur kje imate slike kako se vozijo domov z motorji?</comment-text><comment-text-transliterated>E.bi.veter ni dobil penala da bi odločil tekmo kot v slovenski ligi. Čestitke Mandariću in Stolici za izvrsten nogomet Olimpija gre domov ole ole ole. 24 kur kje imate slike kako se vozijo domov z motorji?</comment-text-transliterated></comment><comment comment-id="32-1"><comment-parent-id>32</comment-parent-id><comment-text>Glej vem da te boli, tudi mene (danes grem na tekmo MB - Partizani mimogrede) ampak krivi smo si sami. Pusti tisto enajstmetrovko. Zmagat bi mogl prvenstvo z najmanj 6 točkami naskoka.</comment-text><comment-text-transliterated>Glej vem da te boli, tudi mene (danes grem na tekmo MB - Partizani mimogrede) ampak krivi smo si sami. Pusti tisto enajstmetrovko. Zmagat bi mogl prvenstvo z najmanj 6 točkami naskoka.</comment-text-transliterated></comment><comment comment-id="33"><comment-parent-id /><comment-text>olimpija ne bo razpadla !!!</comment-text><comment-text-transliterated>olimpija ne bo razpadla !!!</comment-text-transliterated></comment><comment comment-id="34"><comment-parent-id /><comment-text>olimpija šampion ..!!! hehehe</comment-text><comment-text-transliterated>olimpija šampion ..!!! hehehe</comment-text-transliterated></comment><comment comment-id="35"><comment-parent-id /><comment-text>Odličen članek - kot bi ga bral na Nogomanii. Vse realno povedano</comment-text><comment-text-transliterated>Odličen članek - kot bi ga bral na Nogomanii. Vse realno povedano</comment-text-transliterated></comment><comment comment-id="36"><comment-parent-id /><comment-text>težko ga je razumeti, kaj sploh hoče ta poma.rančasti al man.darinasti... denar pere, ob tem pa se gre nekega rešitelja kvazi kluba... žal mi je olimpijinih gledalcev... ni jim lahko....</comment-text><comment-text-transliterated>težko ga je razumeti, kaj sploh hoče ta poma.rančasti al man.darinasti... denar pere, ob tem pa se gre nekega rešitelja kvazi kluba... žal mi je olimpijinih gledalcev... ni jim lahko....</comment-text-transliterated></comment><comment comment-id="37"><comment-parent-id /><comment-text>odgovor na vprasanje, zakaj Hrvati tako evforicno praznujejo uspehe svojih nogometasev, Slovenci pa svojih ne: ker v nasih ekipah skorajda ni Slovencev. Ne cutimo jih kot svoje.</comment-text><comment-text-transliterated>odgovor na vprasanje, zakaj Hrvati tako evforicno praznujejo uspehe svojih nogometasev, Slovenci pa svojih ne: ker v nasih ekipah skorajda ni Slovencev. Ne cutimo jih kot svoje.</comment-text-transliterated></comment><comment comment-id="37-1"><comment-parent-id>37</comment-parent-id><comment-text>reprezentanca in klub ni isto.. je pa res,da pri olimpiji skoraj ni domačih igralcev....</comment-text><comment-text-transliterated>reprezentanca in klub ni isto.. je pa res,da pri olimpiji skoraj ni domačih igralcev....</comment-text-transliterated></comment><comment comment-id="37-2"><comment-parent-id>37</comment-parent-id><comment-text>koliko domačih igralcev je pri juventusu, realu, cityju, PSGju,...?</comment-text><comment-text-transliterated>koliko domačih igralcev je pri juventusu, realu, cityju, PSGju,...?</comment-text-transliterated></comment><comment comment-id="37-3"><comment-parent-id>37</comment-parent-id><comment-text>Samo ti imajo denar in kvaliteto, lolimpija pa je en velik smeh!</comment-text><comment-text-transliterated>Samo ti imajo denar in kvaliteto, lolimpija pa je en velik smeh!</comment-text-transliterated></comment><comment comment-id="38"><comment-parent-id /><comment-text>Sam nekaj bom povedal: Stolica je mahnjen s stolico!</comment-text><comment-text-transliterated>Sam nekaj bom povedal: Stolica je mahnjen s stolico!</comment-text-transliterated></comment><comment comment-id="39"><comment-parent-id /><comment-text>Jaz sem pa za to da ostane. In popelje Olimpijo do pete lige. Ker le tako se bo MOGOČE ENKRAT PA LE RESNO začelo misliti o tem, da je treba Olimpijo začeti graditi od temeljev proti strehi. Dokler ne bodo šli skozi ta proces, bodo to le sezone prebliska in slučajnosti. To, da se vedno samo na veliko kupuje, ni dobro za noben klub in tudi za Olimpijo ne. Prej ko bodo to spoznali, bolje bo zanje. Res imajo v zadnjih treh sezonah nekaj trofej, ampak vse to je le SLUČAJNOST. Ni kontinuitete. Včerajšnja tekma, pa raje, kar najhitreje v pozabo. Tako slab nasprotnik, kot je bil včeraj, pa ne zabijejo gola, sramota. Še večja sramota je to, da so potrebovali vsaj gol za podaljšek, igrali pa so BREZ PRAVEGA NAPADALCA. Zame to pomeni samo eno - NEPOZNAVANJE NOGOMETA IZ STRANI STROKOVNEGA VODSTVA OZIROMA TRENERJA. Zastonj je POLIGLOT, če ne pozna NOGOMETNEGA JEZIKA.</comment-text><comment-text-transliterated>Jaz sem pa za to da ostane. In popelje Olimpijo do pete lige. Ker le tako se bo MOGOČE ENKRAT PA LE RESNO začelo misliti o tem, da je treba Olimpijo začeti graditi od temeljev proti strehi. Dokler ne bodo šli skozi ta proces, bodo to le sezone prebliska in slučajnosti. To, da se vedno samo na veliko kupuje, ni dobro za noben klub in tudi za Olimpijo ne. Prej ko bodo to spoznali, bolje bo zanje. Res imajo v zadnjih treh sezonah nekaj trofej, ampak vse to je le SLUČAJNOST. Ni kontinuitete. Včerajšnja tekma, pa raje, kar najhitreje v pozabo. Tako slab nasprotnik, kot je bil včeraj, pa ne zabijejo gola, sramota. Še večja sramota je to, da so potrebovali vsaj gol za podaljšek, igrali pa so BREZ PRAVEGA NAPADALCA. Zame to pomeni samo eno - NEPOZNAVANJE NOGOMETA IZ STRANI STROKOVNEGA VODSTVA OZIROMA TRENERJA. Zastonj je POLIGLOT, če ne pozna NOGOMETNEGA JEZIKA.</comment-text-transliterated></comment><comment comment-id="40"><comment-parent-id /><comment-text>Realna slika se bo pokazala v slovenski ligi, dokler se bo pa vsako sezono zamenjalo skoraj pol ekipe in trenerja pa v Evropi na žalost nimamo kaj iskati</comment-text><comment-text-transliterated>Realna slika se bo pokazala v slovenski ligi, dokler se bo pa vsako sezono zamenjalo skoraj pol ekipe in trenerja pa v Evropi na žalost nimamo kaj iskati</comment-text-transliterated></comment></comments-list></comments></document>