<?xml version="1.0" encoding="utf-8"?>
<document global-id="si-06-1193">
	<url>https://www.24ur.com/popin/glasba/manuella-tokrat-stavi-na-tuji-trg.html</url>
	<source-id>si-06</source-id>
	<local-id>1193</local-id>
	<source-name>ur24</source-name>
	<article>
		<article-title>ManuElla tokrat stavi na tuji trg</article-title>
		<article-title-transliterated>ManuElla tokrat stavi na tuji trg</article-title-transliterated>
		<article-time>2018-05-18</article-time>
		<article-author>A.R.</article-author>
		<article-text>ManuElla, ki že leto in pol živi in ustvarja v Stockholmu, je zdaj izdala svoj novi singel z naslovom The Sound. Hkrati je to tudi njena prva pesem, ki je izšla globalno, in sicer v sodelovanju z Rockatown Music Group Manuella Brechko, ki ustvarja pod imenom ManuElla, se predstavlja s pesmijo The Sound. Skladba je delo ameriške avtorice Lauren Evans, ki je napisala že mnogo singlov za svetovno znana imena (Kelly Rowland, Olly Murs, Camila ...), ter priznanega švedskega producenta Mika Erikssona, lastnika Rockatown Music Group, ki je ManuEllo pod svoje okrilje vzel konec lanskega leta. ManuEllaFOTO: Arhiv izvajalke Pesem je bila slovenskemu občinstvu prvič predstavljena na EMI 2018, in sicer v krajši slovenski verziji z naslovom Glas. Ker je ManuElla morala upoštevati pravila izbora za pesem Evrovizije, se je morala predstaviti s krajšo verzijo in ta ni bila nikoli izdana. Izid pesmi je bil prvotno načrtovan v angleškem jeziku za globalni trg. ''Ko mi je moj producent Mike v studiu pokazal to pesem, sem jo takoj vzela za svojo in izjavila, da bi s takšno dobro pesmijo, s tako močnim sporočilom, pa še kdaj stopila na evrovizijski oder,'' je dejala ManuElla, ki je zato pesem prijavila na EMO 2018. Singel The Sound govori o tem, da je vsak od nas v ta svet najprej rojen s svojimi sanjami, za katere pa nam družba že takoj ob odraščanju vztrajno dopoveduje, da jih je skorajda nemogoče doseči. ''Če smo drugačni in živimo zunaj nekih normativov družbe, nas večina takoj izključi, dokler nas ravno ta naša posebnost ne povzdigne do ravni, ki je za večino ravno zaradi teh okvirjev nedostopna. Čeprav svoje pesmi zmeraj soustvarjam in v njih govorim o svojih doživetjih, sem se v tem besedilu takoj našla, kot da sem ga narekovala sama, saj ravno to zgodbo sama doživljam že celo življenje. Želim si živeti in biti to kar sem, saj se zavedam, kako kratko in vredno je to življenje. Nikoli ne smemo izgubiti notranje strasti do življenja, pa karkoli že to zahteva od nas …'' je ob izidu nove pesmi še povedala ManuElla. ManuElla se predstavlja s pesmijo The Sound.FOTO: Arhiv izvajalke</article-text>
		<article-text-transliterated>ManuElla, ki že leto in pol živi in ustvarja v Stockholmu, je zdaj izdala svoj novi singel z naslovom The Sound. Hkrati je to tudi njena prva pesem, ki je izšla globalno, in sicer v sodelovanju z Rockatown Music Group Manuella Brechko, ki ustvarja pod imenom ManuElla, se predstavlja s pesmijo The Sound. Skladba je delo ameriške avtorice Lauren Evans, ki je napisala že mnogo singlov za svetovno znana imena (Kelly Rowland, Olly Murs, Camila ...), ter priznanega švedskega producenta Mika Erikssona, lastnika Rockatown Music Group, ki je ManuEllo pod svoje okrilje vzel konec lanskega leta. ManuEllaFOTO: Arhiv izvajalke Pesem je bila slovenskemu občinstvu prvič predstavljena na EMI 2018, in sicer v krajši slovenski verziji z naslovom Glas. Ker je ManuElla morala upoštevati pravila izbora za pesem Evrovizije, se je morala predstaviti s krajšo verzijo in ta ni bila nikoli izdana. Izid pesmi je bil prvotno načrtovan v angleškem jeziku za globalni trg. ''Ko mi je moj producent Mike v studiu pokazal to pesem, sem jo takoj vzela za svojo in izjavila, da bi s takšno dobro pesmijo, s tako močnim sporočilom, pa še kdaj stopila na evrovizijski oder,'' je dejala ManuElla, ki je zato pesem prijavila na EMO 2018. Singel The Sound govori o tem, da je vsak od nas v ta svet najprej rojen s svojimi sanjami, za katere pa nam družba že takoj ob odraščanju vztrajno dopoveduje, da jih je skorajda nemogoče doseči. ''Če smo drugačni in živimo zunaj nekih normativov družbe, nas večina takoj izključi, dokler nas ravno ta naša posebnost ne povzdigne do ravni, ki je za večino ravno zaradi teh okvirjev nedostopna. Čeprav svoje pesmi zmeraj soustvarjam in v njih govorim o svojih doživetjih, sem se v tem besedilu takoj našla, kot da sem ga narekovala sama, saj ravno to zgodbo sama doživljam že celo življenje. Želim si živeti in biti to kar sem, saj se zavedam, kako kratko in vredno je to življenje. Nikoli ne smemo izgubiti notranje strasti do življenja, pa karkoli že to zahteva od nas …'' je ob izidu nove pesmi še povedala ManuElla. ManuElla se predstavlja s pesmijo The Sound.FOTO: Arhiv izvajalke</article-text-transliterated>
	</article>
	<comments>
		<comments-count>5</comments-count>
		<comments-list>
			<comment comment-id="1">
				<comment-parent-id/>
				<comment-text>Kdo je sploh ta lutka? A vam jo je Feštajn šenkal ker še ni izpraznil lanskih zalog?</comment-text>
				<comment-text-transliterated>Kdo je sploh ta lutka? A vam jo je Feštajn šenkal ker še ni izpraznil lanskih zalog?</comment-text-transliterated>
			</comment>
			<comment comment-id="2">
				<comment-parent-id/>
				<comment-text>Tale punca mora imeti dober talent, samo pevski sigurno ne.</comment-text>
				<comment-text-transliterated>Tale punca mora imeti dober talent, samo pevski sigurno ne.</comment-text-transliterated>
			</comment>
			<comment comment-id="3">
				<comment-parent-id/>
				<comment-text>Bravo Manuela, super pesem in dobri sodelavci - vse kaj drugega kot domača scena.</comment-text>
				<comment-text-transliterated>Bravo Manuela, super pesem in dobri sodelavci - vse kaj drugega kot domača scena.</comment-text-transliterated>
			</comment>
			<comment comment-id="4">
				<comment-parent-id/>
				<comment-text>Manuella, manualma, kaj zdaj?</comment-text>
				<comment-text-transliterated>Manuella, manualma, kaj zdaj?</comment-text-transliterated>
			</comment>
			<comment comment-id="5">
				<comment-parent-id/>
				<comment-text>Ne poznam.</comment-text>
				<comment-text-transliterated>Ne poznam.</comment-text-transliterated>
			</comment>
		</comments-list>
	</comments>
</document>
