<document global-id="si-06-1241"><url>https://www.24ur.com/popin/domaca-scena/menopavza-znane-slovenke-obcinstvo-navdusilo-do-solz.html</url><source-id>si-06</source-id><local-id>si-06-1241</local-id><source-name>ur24</source-name><article><article-title>Menopavza: znane Slovenke navdušile občinstvo do solz</article-title><article-title-transliterated>Menopavza: znane Slovenke navdušile občinstvo do solz</article-title-transliterated><article_time>2018-11-11</article_time><article-author>Simon Vadnjal</article-author><article-text>Kaj ima cvetober znanih slovenskih dam opraviti z navali vročice, nočnim potenjem in spremembami med rjuhami domačih spalnic? Vse lahko brez dlake na jeziku spregovorijo o menopavzi in ob tem občinstvo navdušijo do solz smeha.</article-text><article-text-transliterated>Kaj ima cvetober znanih slovenskih dam opraviti z navali vročice, nočnim potenjem in spremembami med rjuhami domačih spalnic? Vse lahko brez dlake na jeziku spregovorijo o menopavzi in ob tem občinstvo navdušijo do solz smeha.</article-text-transliterated></article><comments><comments-count>0</comments-count><comments-list /></comments></document>