<document global-id="si-06-1051"><url>https://www.24ur.com/popin/tuja-scena/ker-je-izgubila-cut-za-vonj-ni-zavohala-plina.html</url><source-id>si-06</source-id><local-id>si-06-1051</local-id><source-name>ur24</source-name><article><article-title>Ker je izgubila čut za vonj, ni zavohala plina</article-title><article-title-transliterated>Ker je izgubila čut za vonj, ni zavohala plina</article-title-transliterated><article_time>2019-04-17</article_time><article-author>B.R.</article-author><article-text>Rose McGowan, ameriška televizijska in filmska igralka, glasbenica ter fotomodel, je imela pred petimi leti nesrečo, v kateri si je poškodovala glavo, zaradi tega pa je ostala brez čuta za vonj.
Rose McGowan je ostala brez čuta za vonj.FOTO: Profimedia
Ameriška zvezdnica Rose McGowan (Čarovnice, Črna dalija, Planet terorja, Smrtno varen ...) je v nedavnem intervjuju povedala, da je zaradi rahlo smešne nesreče ostala brez čuta za vonj. Pred petimi leti se je namreč z glavo zaletela v vrata avtomobila in posledično izgubila zmožnost zaznavanja vonjav, na srečo pa še vedno lahko okuša.
"Opazila sem, da ne zaznavam več vonjev, ker pa sem še vedno lahko okušala, sem šla celo na teste na Harvard Medical School. Tako sem enkrat na mesec odpotovala v Boston, kjer so testirali moje reakcije, tako na jeziku kot v nosu."
Priznala je, da je zaradi izgube vonja doživela tudi neprijetno stvar doma, ki bi lahko privedla do katastrofe: "Ker ne morem zaznati vonjev, sem v svojem domovanju namestila detektorje, ki zaznajo uhajanje plina. Kajti ob neki priložnosti sem zvečer pozabila izklopiti plin, ker imam poškodovane receptorje za vonj, ga nisem zavohala."</article-text><article-text-transliterated>Rose McGowan, ameriška televizijska in filmska igralka, glasbenica ter fotomodel, je imela pred petimi leti nesrečo, v kateri si je poškodovala glavo, zaradi tega pa je ostala brez čuta za vonj.
Rose McGowan je ostala brez čuta za vonj.FOTO: Profimedia
Ameriška zvezdnica Rose McGowan (Čarovnice, Črna dalija, Planet terorja, Smrtno varen ...) je v nedavnem intervjuju povedala, da je zaradi rahlo smešne nesreče ostala brez čuta za vonj. Pred petimi leti se je namreč z glavo zaletela v vrata avtomobila in posledično izgubila zmožnost zaznavanja vonjav, na srečo pa še vedno lahko okuša.
"Opazila sem, da ne zaznavam več vonjev, ker pa sem še vedno lahko okušala, sem šla celo na teste na Harvard Medical School. Tako sem enkrat na mesec odpotovala v Boston, kjer so testirali moje reakcije, tako na jeziku kot v nosu."
Priznala je, da je zaradi izgube vonja doživela tudi neprijetno stvar doma, ki bi lahko privedla do katastrofe: "Ker ne morem zaznati vonjev, sem v svojem domovanju namestila detektorje, ki zaznajo uhajanje plina. Kajti ob neki priložnosti sem zvečer pozabila izklopiti plin, ker imam poškodovane receptorje za vonj, ga nisem zavohala."</article-text-transliterated></article><comments><comments-count>1</comments-count><comments-list><comment comment-id="1"><comment-parent-id /><comment-text>a na štedilniku nima varnostnih ventilov, ki izklopijo plin, če na gorilniku ni ognja? na vsakem plinskem gorilniku in štedilniku se uporabljajo že 60 let. ona pa jih nima? ali laže?</comment-text><comment-text-transliterated>a na štedilniku nima varnostnih ventilov, ki izklopijo plin, če na gorilniku ni ognja? na vsakem plinskem gorilniku in štedilniku se uporabljajo že 60 let. ona pa jih nima? ali laže?</comment-text-transliterated></comment></comments-list></comments></document>