<document global-id="si-06-119"><url>https://www.24ur.com/novice/svet/resno-kaj-je-sploh-ta-vecerja-in-zakaj-se-je-moram-udeleziti.html</url><source-id>si-06</source-id><local-id>si-06-119</local-id><source-name>ur24</source-name><article><article-title>'Resno, kaj je sploh ta večerja? In zakaj se je moram udeležiti?'</article-title><article-title-transliterated>'Resno, kaj je sploh ta večerja? In zakaj se je moram udeležiti?'</article-title-transliterated><article_time>2015-04-26</article_time><article-author>S.S.</article-author><article-text>Ameriški predsednik Barack Obama je znova gostil tradicionalno večerjo za dopisnike, na kateri je zbijal šale na račun svojih nasprotnikov in zaveznikov. Povabil pa je tudi jeznega prevajalca, ki je zbranim prevedel, kaj si v resnici misli.
Barack ObamaFOTO: Reuters
Ameriški predsednik Barack Obama je gostil tradicionalno večerjo za dopisnike, ki se je udeleži veliko znanih imen. Seveda zbrani na tako imenovanem maturantskem plesu za 'piflarje' najbolj pričakujejo Obamov govor, v katerem se praviloma norčuje na lasten račun kot na račun njegovih političnih tekmecev. In tudi letos ni skoparil.
Najbolj na udaru so bili vsi, ki se podajajo v predsedniško tekmo 2016, saj se Obamov mandat izteka.
Ted Cruz se je primerjal z Galilejem, ko je govoril o podnebnih spremembah, je omenil Obama, ki se je tako dotaknil kandidata konservativcev v igri za republikansko nominacijo. ''To ni ravno posrečena primerjava. Galilejo je verjel, da se Zemlja vrti okoli Sonca. Ted Cruz verjame, da se vrti okoli Teda Cruza.''
In Rick Santorum naj že neha govoriti, da se nikoli ne bi udeležil poroke istospolnega para, je dejal Obama in nadaljeval, da zato ker noben istospolni par ne bi niti pomislil, da ga povabi.
A šale niso bile namenjene le nasprotnikom. Dotaknil se je tudi Hillary Clinton. Časi so težki, je začel. ''Imam prijateljico, ki je še pred tedni zaslužila milijon dolarjev na leto. In zdaj živi v kombiju v Iowi.'' Clintonova je svojo kampanjo namreč začela s potovanjem v Iowo, na pot se je podala v kombiju.
Jezni prevajalec
Obama in prevajalecFOTO: Reuters
Morda najbolj smešen trenutek govora pa je bil nastop komedijanta Keegan-Michaela Keya, ki je bil v vlogi Luthra - jeznega prevajalca. Vse kar je Obama povedal v lepem, diplomatskem jeziku, je Luther prevedel v tisto, kar naj bi si Obama mislil v resnici.
''V našem hitro spreminjajočem svetu je tradicija pomembna, tradicionalna današnja večerja je pomembna,'' je dejal Obama. Luthrov prevod: ''Resno, kaj je sploh ta večerja?! In zakaj se je moram sploh udeležiti?''
''Hillary bo morala zbrati veliko sredstev,'' je dejal Obama glede zbiranja sredstev v kampanji. ''Dobila bo ta denar, dobila ga bo. Khaleesi prihaja v Westeros,'' je prevedel jezni prevajalec in se dotaknil priljubljenih knjižnih in filmskih junakov v Igrah prestolov.</article-text><article-text-transliterated>Ameriški predsednik Barack Obama je znova gostil tradicionalno večerjo za dopisnike, na kateri je zbijal šale na račun svojih nasprotnikov in zaveznikov. Povabil pa je tudi jeznega prevajalca, ki je zbranim prevedel, kaj si v resnici misli.
Barack ObamaFOTO: Reuters
Ameriški predsednik Barack Obama je gostil tradicionalno večerjo za dopisnike, ki se je udeleži veliko znanih imen. Seveda zbrani na tako imenovanem maturantskem plesu za 'piflarje' najbolj pričakujejo Obamov govor, v katerem se praviloma norčuje na lasten račun kot na račun njegovih političnih tekmecev. In tudi letos ni skoparil.
Najbolj na udaru so bili vsi, ki se podajajo v predsedniško tekmo 2016, saj se Obamov mandat izteka.
Ted Cruz se je primerjal z Galilejem, ko je govoril o podnebnih spremembah, je omenil Obama, ki se je tako dotaknil kandidata konservativcev v igri za republikansko nominacijo. ''To ni ravno posrečena primerjava. Galilejo je verjel, da se Zemlja vrti okoli Sonca. Ted Cruz verjame, da se vrti okoli Teda Cruza.''
In Rick Santorum naj že neha govoriti, da se nikoli ne bi udeležil poroke istospolnega para, je dejal Obama in nadaljeval, da zato ker noben istospolni par ne bi niti pomislil, da ga povabi.
A šale niso bile namenjene le nasprotnikom. Dotaknil se je tudi Hillary Clinton. Časi so težki, je začel. ''Imam prijateljico, ki je še pred tedni zaslužila milijon dolarjev na leto. In zdaj živi v kombiju v Iowi.'' Clintonova je svojo kampanjo namreč začela s potovanjem v Iowo, na pot se je podala v kombiju.
Jezni prevajalec
Obama in prevajalecFOTO: Reuters
Morda najbolj smešen trenutek govora pa je bil nastop komedijanta Keegan-Michaela Keya, ki je bil v vlogi Luthra - jeznega prevajalca. Vse kar je Obama povedal v lepem, diplomatskem jeziku, je Luther prevedel v tisto, kar naj bi si Obama mislil v resnici.
''V našem hitro spreminjajočem svetu je tradicija pomembna, tradicionalna današnja večerja je pomembna,'' je dejal Obama. Luthrov prevod: ''Resno, kaj je sploh ta večerja?! In zakaj se je moram sploh udeležiti?''
''Hillary bo morala zbrati veliko sredstev,'' je dejal Obama glede zbiranja sredstev v kampanji. ''Dobila bo ta denar, dobila ga bo. Khaleesi prihaja v Westeros,'' je prevedel jezni prevajalec in se dotaknil priljubljenih knjižnih in filmskih junakov v Igrah prestolov.</article-text-transliterated></article><comments><comments-count>32</comments-count><comments-list><comment comment-id="1"><comment-parent-id /><comment-text>Če ne bi bilo dežele preko luže in njihovega razmišljanja, inovativnosti, sproščenosti, bi bili tudi mi prikrajšani za marsi katero stvar... Vsak pa lahko pri sebi najprej razčisti. Ko imaš enkrat toliko moči v rokah, si lahko tudi pogumen. Naši loleki pa kradejo še tisto malo, kar imamo. Ali pa smo imeli...</comment-text><comment-text-transliterated>Če ne bi bilo dežele preko luže in njihovega razmišljanja, inovativnosti, sproščenosti, bi bili tudi mi prikrajšani za marsi katero stvar... Vsak pa lahko pri sebi najprej razčisti. Ko imaš enkrat toliko moči v rokah, si lahko tudi pogumen. Naši loleki pa kradejo še tisto malo, kar imamo. Ali pa smo imeli...</comment-text-transliterated></comment><comment comment-id="1-1"><comment-parent-id>1</comment-parent-id><comment-text>o uboga ofca, kaj bi bilo tezko prezivet brez jabucka a:)</comment-text><comment-text-transliterated>o uboga ofca, kaj bi bilo tezko prezivet brez jabucka a:)</comment-text-transliterated></comment><comment comment-id="1-2"><comment-parent-id>1</comment-parent-id><comment-text>in zakaj bi bili prikrajsani recimo:)?</comment-text><comment-text-transliterated>in zakaj bi bili prikrajsani recimo:)?</comment-text-transliterated></comment><comment comment-id="2"><comment-parent-id /><comment-text>Kera igra, res ne vem kateri je večja lutka, no, ...</comment-text><comment-text-transliterated>Kera igra, res ne vem kateri je večja lutka, no, ...</comment-text-transliterated></comment><comment comment-id="3"><comment-parent-id /><comment-text>rusija pa resuje Americane iz Jemna. bolano.</comment-text><comment-text-transliterated>rusija pa resuje Americane iz Jemna. bolano.</comment-text-transliterated></comment><comment comment-id="4"><comment-parent-id /><comment-text>Večerja puranov!</comment-text><comment-text-transliterated>Večerja puranov!</comment-text-transliterated></comment><comment comment-id="5"><comment-parent-id /><comment-text>al merika al rusija,dajte spucat tote naše voluharje. pozivam na pomoč mednarodne velesile!!!!</comment-text><comment-text-transliterated>al merika al rusija,dajte spucat tote naše voluharje. pozivam na pomoč mednarodne velesile!!!!</comment-text-transliterated></comment><comment comment-id="5-1"><comment-parent-id>5</comment-parent-id><comment-text>in res bom piso obami bruahahahahahahahaha</comment-text><comment-text-transliterated>in res bom piso obami bruahahahahahahahaha</comment-text-transliterated></comment><comment comment-id="5-2"><comment-parent-id>5</comment-parent-id><comment-text>In mednarodne velesile se poščijejo na to prošnjo...</comment-text><comment-text-transliterated>In mednarodne velesile se poščijejo na to prošnjo...</comment-text-transliterated></comment><comment comment-id="6"><comment-parent-id /><comment-text>Spet slovenska fovšerija; pa kako so Američani sproščeni, tega primanjkuje v Sloveniji.</comment-text><comment-text-transliterated>Spet slovenska fovšerija; pa kako so Američani sproščeni, tega primanjkuje v Sloveniji.</comment-text-transliterated></comment><comment comment-id="6-1"><comment-parent-id>6</comment-parent-id><comment-text>to me sploh ne moti, niti nisem fauš ,daleč od tega , moti me njihova invazija in vmešavanje v države in stvari ki se jih sploh ne tiče , način življenja in razmišljanja</comment-text><comment-text-transliterated>to me sploh ne moti, niti nisem fauš ,daleč od tega , moti me njihova invazija in vmešavanje v države in stvari ki se jih sploh ne tiče , način življenja in razmišljanja</comment-text-transliterated></comment><comment comment-id="6-2"><comment-parent-id>6</comment-parent-id><comment-text>ti kriminalci se smejijo, evropa pa poka pod navalom beguncev iz drzav, kjer so zgornji uvazal demokracijo:) offce se jim pa se kr klanjano:) ubog narod.</comment-text><comment-text-transliterated>ti kriminalci se smejijo, evropa pa poka pod navalom beguncev iz drzav, kjer so zgornji uvazal demokracijo:) offce se jim pa se kr klanjano:) ubog narod.</comment-text-transliterated></comment><comment comment-id="6-3"><comment-parent-id>6</comment-parent-id><comment-text>Pa saj ima Amerika tudi naval beguncev, na milijone jih je, ej, malo na sprehod po Las Vegasu.</comment-text><comment-text-transliterated>Pa saj ima Amerika tudi naval beguncev, na milijone jih je, ej, malo na sprehod po Las Vegasu.</comment-text-transliterated></comment><comment comment-id="6-4"><comment-parent-id>6</comment-parent-id><comment-text>pol ne bo skoda ce se te iz libije, sej so oni izvazlal demokracijo v libijo.</comment-text><comment-text-transliterated>pol ne bo skoda ce se te iz libije, sej so oni izvazlal demokracijo v libijo.</comment-text-transliterated></comment><comment comment-id="7"><comment-parent-id /><comment-text>ne maram ZDA</comment-text><comment-text-transliterated>ne maram ZDA</comment-text-transliterated></comment><comment comment-id="7-1"><comment-parent-id>7</comment-parent-id><comment-text>who cares...</comment-text><comment-text-transliterated>who cares...</comment-text-transliterated></comment><comment comment-id="8"><comment-parent-id /><comment-text>Kakva večera, dođite kod nas pa idite u Bar Titty Twister pa kažite mu.</comment-text><comment-text-transliterated>Kakva večera, dođite kod nas pa idite u Bar Titty Twister pa kažite mu.</comment-text-transliterated></comment><comment comment-id="9"><comment-parent-id /><comment-text>A so hekerji vedeli, da bo večerjal???!</comment-text><comment-text-transliterated>A so hekerji vedeli, da bo večerjal???!</comment-text-transliterated></comment><comment comment-id="10"><comment-parent-id /><comment-text>On misli, da je smešen s temi svojimi bednimi vici.</comment-text><comment-text-transliterated>On misli, da je smešen s temi svojimi bednimi vici.</comment-text-transliterated></comment><comment comment-id="10-1"><comment-parent-id>10</comment-parent-id><comment-text>Za razliko od vašega veličastnega Putina in našega slovenistana, kjer se preganja tiste, ki pišejo o nacijih in sds-ovcih, se ta vsaj zaveda, kaj pomeni svoboda tiska za demokracijo in družbo.</comment-text><comment-text-transliterated>Za razliko od vašega veličastnega Putina in našega slovenistana, kjer se preganja tiste, ki pišejo o nacijih in sds-ovcih, se ta vsaj zaveda, kaj pomeni svoboda tiska za demokracijo in družbo.</comment-text-transliterated></comment><comment comment-id="10-2"><comment-parent-id>10</comment-parent-id><comment-text>Naš naj bi bil, oz. od tistih, ki ste ga izvolil, nekdo drug, ki pa je še večji klovn.</comment-text><comment-text-transliterated>Naš naj bi bil, oz. od tistih, ki ste ga izvolil, nekdo drug, ki pa je še večji klovn.</comment-text-transliterated></comment><comment comment-id="10-3"><comment-parent-id>10</comment-parent-id><comment-text>scar face kdo ti brani da se usedes na letalo za raj:) tle smo bli pa vedno blizje rusom, ne glede kok so ti zelis da bi blo tle drgac:) detroit ti priporocam, baje je k v raju trenutno tm:)</comment-text><comment-text-transliterated>scar face kdo ti brani da se usedes na letalo za raj:) tle smo bli pa vedno blizje rusom, ne glede kok so ti zelis da bi blo tle drgac:) detroit ti priporocam, baje je k v raju trenutno tm:)</comment-text-transliterated></comment><comment comment-id="10-4"><comment-parent-id>10</comment-parent-id><comment-text>cecaj ga putinu rusofil trapast</comment-text><comment-text-transliterated>cecaj ga putinu rusofil trapast</comment-text-transliterated></comment><comment comment-id="10-5"><comment-parent-id>10</comment-parent-id><comment-text>rusofil, hehe zal smo slovani blizje rusom:) tko da kr na legally binding pa cez luzo, tle ne rabmo amerike da zivimo.</comment-text><comment-text-transliterated>rusofil, hehe zal smo slovani blizje rusom:) tko da kr na legally binding pa cez luzo, tle ne rabmo amerike da zivimo.</comment-text-transliterated></comment><comment comment-id="11"><comment-parent-id /><comment-text>obama stisni slovenske politike in nardi to deželo ameriško. save us obama! pleaseeeeeeeeeeeeee!</comment-text><comment-text-transliterated>obama stisni slovenske politike in nardi to deželo ameriško. save us obama! pleaseeeeeeeeeeeeee!</comment-text-transliterated></comment><comment comment-id="11-1"><comment-parent-id>11</comment-parent-id><comment-text>Ajde hitr vn iz drzave ce misls take pokat amerofil</comment-text><comment-text-transliterated>Ajde hitr vn iz drzave ce misls take pokat amerofil</comment-text-transliterated></comment><comment comment-id="11-2"><comment-parent-id>11</comment-parent-id><comment-text>ma ne.....to je potomec petokolonašev,ki so Slovenijo 70let nazaj prodali za drobiž...</comment-text><comment-text-transliterated>ma ne.....to je potomec petokolonašev,ki so Slovenijo 70let nazaj prodali za drobiž...</comment-text-transliterated></comment><comment comment-id="11-3"><comment-parent-id>11</comment-parent-id><comment-text>ooo uboge ofce, iq pa to pod st. cevljev, ocitno bomo spet moral pucat izdajalce naroda, za pest drobiza ste se prodal. Vzet slovensko drzavljanstvo, pa se letalstko karto do zda naj si Sam placa x10. izmecki.</comment-text><comment-text-transliterated>ooo uboge ofce, iq pa to pod st. cevljev, ocitno bomo spet moral pucat izdajalce naroda, za pest drobiza ste se prodal. Vzet slovensko drzavljanstvo, pa se letalstko karto do zda naj si Sam placa x10. izmecki.</comment-text-transliterated></comment><comment comment-id="11-4"><comment-parent-id>11</comment-parent-id><comment-text>Sj je skoraj cela evropa ameriska imas naprimer praznik velikonocni ponedeljek idt</comment-text><comment-text-transliterated>Sj je skoraj cela evropa ameriska imas naprimer praznik velikonocni ponedeljek idt</comment-text-transliterated></comment><comment comment-id="11-5"><comment-parent-id>11</comment-parent-id><comment-text>@br.0001s Če nisi še opazil, postajamo počasi identični z USA.</comment-text><comment-text-transliterated>@br.0001s Če nisi še opazil, postajamo počasi identični z USA.</comment-text-transliterated></comment><comment comment-id="11-6"><comment-parent-id>11</comment-parent-id><comment-text>Rajs imam 10 velikonocnih ponedeljkov, kot da 1x na 10 let slisim ezan v daljavi.</comment-text><comment-text-transliterated>Rajs imam 10 velikonocnih ponedeljkov, kot da 1x na 10 let slisim ezan v daljavi.</comment-text-transliterated></comment><comment comment-id="11-7"><comment-parent-id>11</comment-parent-id><comment-text>do.pejzdli so mi toti naši politikanti polizani. naj še kaj črnega teka okol.. če v košarki lahk a v politiki pa ne.. dededede</comment-text><comment-text-transliterated>do.pejzdli so mi toti naši politikanti polizani. naj še kaj črnega teka okol.. če v košarki lahk a v politiki pa ne.. dededede</comment-text-transliterated></comment></comments-list></comments></document>