<?xml version="1.0" encoding="utf-8"?>
<document global-id="si-06-1203">
	<url>https://www.24ur.com/novice/slovenija/mariborski-obcini-milijonsko-placilo-za-pohorske-zicnice-in-gondolo.html</url>
	<source-id>si-06</source-id>
	<local-id>1203</local-id>
	<source-name>ur24</source-name>
	<article>
		<article-title>Mariborski občini milijonsko plačilo za pohorske žičnice in gondolo</article-title>
		<article-title-transliterated>Mariborski občini milijonsko plačilo za pohorske žičnice in gondolo</article-title-transliterated>
		<article-time>2019-06-05</article-time>
		<article-author>STA</article-author>
		<article-text>Mariborsko sodišče je v za zdaj še nepravnomočni sodbi odločilo, da mora Mestna občina Maribor Športnemu centru Pohorje v stečaju za prevzem gondole in žičniških naprav na Mariborskem Pohorju v 30 dneh po pravnomočnosti plačati skoraj 13,25 milijona nadomestila. Mariborska občina ima zdaj 15 dni časa za vložitev pritožbe. Glavna obravnava v omenjenem gospodarskem sporu se je kljub poskusom odvetnika Mestne občine Maribor Gregorja Živka, da bi preložili narok, sklenila prejšnji teden. Sodni postopki, različne cenitve in neuspešni poskusi mediacije so trajali že več kot dve leti, stečajnemu upravitelju Dragu Dubrovskemu ter DUTB kot ločitvenemu upniku pa ni uspelo najti skupnega jezika z mariborsko občino. Zgodba glede plačila odkupne vrednosti gondole in žičniških naprav se vleče že iz časov prejšnje mestne oblasti. Sodni cenilci so vrednost pred časom že ocenili na 16,8 milijona evrov, kar pa je bistveno več od sedmih milijonov evrov, za kolikor naj bi se občina in DUTB že izpogajali, a nato prva na dogovor ni pristala. Po novi cenitvi je stečajni upravitelj predlagal plačilo v višini, ki jo je zdaj dosodilo sodišče. Novi pravni zastopnik mestne občine, ki je prišel z novo mestno oblastjo, je še prejšnji teden želel zaslišanje več prič ter imenovanje izvedenca finančne stroke. Kot namreč trdijo na občini, naj bi ta imela v času od prevzema naprav in podelitve koncesije Marpromu za okoli 1,8 milijona evrov stroškov v obliki investicijskih vlaganj, te pa bi po njihovem morali odbiti od skupne vsote. Ker je Dubrovski na drugi strani zanikal, da bi občina ta denar namenila za investicije, pač pa da gre zgolj za subvencioniranje javne službe, s katero Marpromu mesečno plačujejo stroške upravljanja Pohorske vzpenjače, je odvetnik občine predlagal imenovanje finančnega izvedenca, ki bi ugotovil dejansko stanje. Vendar ne stečajni upravitelj niti predstavnici DUTB temu predlogu niso bili naklonjeni, nasprotovali pa so tudi preložitvi naroka na jesen. Odvetnik Živko je namreč predlagal, da bi v poletnih mesecih z DUTB skušali najti skupno rešitev, nato pa nov narok izvedli septembra. Sodnik Matjaž Štok je vse njegove predloge zavrnil in sklenil glavno obravnavo. PohorjeFOTO: Thinkstock Občina bo verjetno uporabila vsa razpoložljiva pravna sredstva Do poplačila je verjetno še zelo daleč, saj bo občina zagotovo uporabila vsa razpoložljiva pravna sredstva. Tega se zaveda tudi stečajni upravitelj, ki je že v četrtek povedal, da bo slej kot prej prišlo do dokončne odločitve. Kot so v odzivu povedali na mariborski občini, so z nastopom mandata novega župana podali številne relevantne ugovore, ki v predhodnem postopku pod prejšnjim županom niso bili podani. &quot;Sodišče je zavzelo stališče, da bi morali ti ugovori biti podani že v letu 2017. Ne glede na to, menimo, da so ugovori utemeljeni in bo vložena pritožba,&quot; so še dodali. &quot;Ne računam pa, da je to zdaj dokončna faza, verjetno bodo tukaj še pritožbe. Nenazadnje pa so tudi po izidu nekega sklepa mogoča pogajanja. Verjetno to torej ni dokončni zaključek, je pa ena od faz, ki predstavlja dobro izhodišče za razreševanje spora za naprej,&quot; je dejal Dubrovski.</article-text>
		<article-text-transliterated>Mariborsko sodišče je v za zdaj še nepravnomočni sodbi odločilo, da mora Mestna občina Maribor Športnemu centru Pohorje v stečaju za prevzem gondole in žičniških naprav na Mariborskem Pohorju v 30 dneh po pravnomočnosti plačati skoraj 13,25 milijona nadomestila. Mariborska občina ima zdaj 15 dni časa za vložitev pritožbe. Glavna obravnava v omenjenem gospodarskem sporu se je kljub poskusom odvetnika Mestne občine Maribor Gregorja Živka, da bi preložili narok, sklenila prejšnji teden. Sodni postopki, različne cenitve in neuspešni poskusi mediacije so trajali že več kot dve leti, stečajnemu upravitelju Dragu Dubrovskemu ter DUTB kot ločitvenemu upniku pa ni uspelo najti skupnega jezika z mariborsko občino. Zgodba glede plačila odkupne vrednosti gondole in žičniških naprav se vleče že iz časov prejšnje mestne oblasti. Sodni cenilci so vrednost pred časom že ocenili na 16,8 milijona evrov, kar pa je bistveno več od sedmih milijonov evrov, za kolikor naj bi se občina in DUTB že izpogajali, a nato prva na dogovor ni pristala. Po novi cenitvi je stečajni upravitelj predlagal plačilo v višini, ki jo je zdaj dosodilo sodišče. Novi pravni zastopnik mestne občine, ki je prišel z novo mestno oblastjo, je še prejšnji teden želel zaslišanje več prič ter imenovanje izvedenca finančne stroke. Kot namreč trdijo na občini, naj bi ta imela v času od prevzema naprav in podelitve koncesije Marpromu za okoli 1,8 milijona evrov stroškov v obliki investicijskih vlaganj, te pa bi po njihovem morali odbiti od skupne vsote. Ker je Dubrovski na drugi strani zanikal, da bi občina ta denar namenila za investicije, pač pa da gre zgolj za subvencioniranje javne službe, s katero Marpromu mesečno plačujejo stroške upravljanja Pohorske vzpenjače, je odvetnik občine predlagal imenovanje finančnega izvedenca, ki bi ugotovil dejansko stanje. Vendar ne stečajni upravitelj niti predstavnici DUTB temu predlogu niso bili naklonjeni, nasprotovali pa so tudi preložitvi naroka na jesen. Odvetnik Živko je namreč predlagal, da bi v poletnih mesecih z DUTB skušali najti skupno rešitev, nato pa nov narok izvedli septembra. Sodnik Matjaž Štok je vse njegove predloge zavrnil in sklenil glavno obravnavo. PohorjeFOTO: Thinkstock Občina bo verjetno uporabila vsa razpoložljiva pravna sredstva Do poplačila je verjetno še zelo daleč, saj bo občina zagotovo uporabila vsa razpoložljiva pravna sredstva. Tega se zaveda tudi stečajni upravitelj, ki je že v četrtek povedal, da bo slej kot prej prišlo do dokončne odločitve. Kot so v odzivu povedali na mariborski občini, so z nastopom mandata novega župana podali številne relevantne ugovore, ki v predhodnem postopku pod prejšnjim županom niso bili podani. &quot;Sodišče je zavzelo stališče, da bi morali ti ugovori biti podani že v letu 2017. Ne glede na to, menimo, da so ugovori utemeljeni in bo vložena pritožba,&quot; so še dodali. &quot;Ne računam pa, da je to zdaj dokončna faza, verjetno bodo tukaj še pritožbe. Nenazadnje pa so tudi po izidu nekega sklepa mogoča pogajanja. Verjetno to torej ni dokončni zaključek, je pa ena od faz, ki predstavlja dobro izhodišče za razreševanje spora za naprej,&quot; je dejal Dubrovski.</article-text-transliterated>
	</article>
	<comments>
		<comments-count>0</comments-count>
		<comments-list/>
	</comments>
</document>
