<?xml version="1.0" encoding="utf-8"?>
<document global-id="si-06-1142">
	<url>https://www.24ur.com/popin/domaca-scena/lepa-ptujcanka-postala-world-top-model-slovenije.html</url>
	<source-id>si-06</source-id>
	<local-id>1142</local-id>
	<source-name>ur24</source-name>
	<article>
		<article-title>Lepa Ptujčanka postala World Top Model Slovenije</article-title>
		<article-title-transliterated>Lepa Ptujčanka postala World Top Model Slovenije</article-title-transliterated>
		<article-time>2018-06-10</article-time>
		<article-author>B.R.</article-author>
		<article-text>World Top Model je najbolj prestižen in največji dogodek v svetu modelov, barve Slovenije pa bo na svetovnem izboru decembra zastopala prelepa Emma Peralta iz Ptuja. Emma je ob zmagi povedala, da je presrečna, saj si je že od malega želela delati v svetu mode. Emma Peralta, letošnja zmagovalka.FOTO: Luka Rebol Za prestižni naslov World Top Model Slovenije se je letos potegovalo devet super finalistk, poleg Emme Peralta še Hana Zagorc, Ana Sučević, Maja Hočevar, Lana Rupar, Kristina Požun, Ana Ćiković, Gentiana Barbatovci in Andreja Sitar. &quot;Žirija je ocenjevala več kategorij, mere tekmovalk, poziranje pred fotografskim objektivom, hojo in obrate na modni pisti ter naravni čut za poziranje,&quot; nam je razložila lastnica licence World Top Model Slovenija in voditeljica, Kaly Kolonič, ki je dodala, da imajo visoka merila, saj morajo biti tekmovalke visoke vsaj 170 cm, morajo imeti mere, ki so zaželene v svetu modelov in morajo spadati v starostno skupino od 16 do 26 let. Emmo Peralta že čakajo enotedenske priprave na Korčuli, kjer ji bo lastnik svetovne licence, Fiore Tondi, podelil častno lento, s katero bo zastopala našo državo. Na Korčuli se ji bodo pridružile še vse zmagovalke ostalih držav Balkanske regije, med drugim pa bosta Emmo na Korčuli sprejela tudi hrvaška superzvezdnika Davor Radolfi in Jaques Houdek, ki ji bosta zaželela dobrodošlico. Emma je ob zmagi povedala, da je presrečna, saj si je že od malega želela delati v svetu mode in dodala: &quot;Dobesedno so se mi uresničile moje sanje iz otroštva. Že od nekdaj sem rada pozirala, poziranje in moda pa me neizmerno privlačita. Veselim se priprav na Korčuli, kjer bom spoznala ostale zmagovalke.&quot; FOTO: Luka Rebol World Top Model 2018 1 / 8 Kaly pa je še dodala: &quot;Emma ima karizmo, je všečna in pozitivna, nasmejana, komunikativna in pripravljena garati za uspeh v svetu modelov, kar v tem poslu veliko šteje. Pred kamero se giblje povsem naravno in se zdi, da ji je poziranje v krvi. Vidi se, da si v tem poslu želi uspeti, kar se odraža predvsem ko dela pred fotografskim objektivom in kamero. Po petih letih, odkar je prišla iz Dominikanske republike v Slovenijo, govori lepo in tekoče naš jezik, kar mi veliko pove o človeku in njegovih prizadevanjih. Ceni našo državo. Na svetovnem izboru ji želim vso srečo in vem, da je pred njo resnično lepa in nepozabna izkušnja.&quot; Plesalka Gordana Grandošek Whiddon je oblekla tako tekmovalke, kot tudi Kaly Kolonič.FOTO: osebni arhiv</article-text>
		<article-text-transliterated>World Top Model je najbolj prestižen in največji dogodek v svetu modelov, barve Slovenije pa bo na svetovnem izboru decembra zastopala prelepa Emma Peralta iz Ptuja. Emma je ob zmagi povedala, da je presrečna, saj si je že od malega želela delati v svetu mode. Emma Peralta, letošnja zmagovalka.FOTO: Luka Rebol Za prestižni naslov World Top Model Slovenije se je letos potegovalo devet super finalistk, poleg Emme Peralta še Hana Zagorc, Ana Sučević, Maja Hočevar, Lana Rupar, Kristina Požun, Ana Ćiković, Gentiana Barbatovci in Andreja Sitar. &quot;Žirija je ocenjevala več kategorij, mere tekmovalk, poziranje pred fotografskim objektivom, hojo in obrate na modni pisti ter naravni čut za poziranje,&quot; nam je razložila lastnica licence World Top Model Slovenija in voditeljica, Kaly Kolonič, ki je dodala, da imajo visoka merila, saj morajo biti tekmovalke visoke vsaj 170 cm, morajo imeti mere, ki so zaželene v svetu modelov in morajo spadati v starostno skupino od 16 do 26 let. Emmo Peralta že čakajo enotedenske priprave na Korčuli, kjer ji bo lastnik svetovne licence, Fiore Tondi, podelil častno lento, s katero bo zastopala našo državo. Na Korčuli se ji bodo pridružile še vse zmagovalke ostalih držav Balkanske regije, med drugim pa bosta Emmo na Korčuli sprejela tudi hrvaška superzvezdnika Davor Radolfi in Jaques Houdek, ki ji bosta zaželela dobrodošlico. Emma je ob zmagi povedala, da je presrečna, saj si je že od malega želela delati v svetu mode in dodala: &quot;Dobesedno so se mi uresničile moje sanje iz otroštva. Že od nekdaj sem rada pozirala, poziranje in moda pa me neizmerno privlačita. Veselim se priprav na Korčuli, kjer bom spoznala ostale zmagovalke.&quot; FOTO: Luka Rebol World Top Model 2018 1 / 8 Kaly pa je še dodala: &quot;Emma ima karizmo, je všečna in pozitivna, nasmejana, komunikativna in pripravljena garati za uspeh v svetu modelov, kar v tem poslu veliko šteje. Pred kamero se giblje povsem naravno in se zdi, da ji je poziranje v krvi. Vidi se, da si v tem poslu želi uspeti, kar se odraža predvsem ko dela pred fotografskim objektivom in kamero. Po petih letih, odkar je prišla iz Dominikanske republike v Slovenijo, govori lepo in tekoče naš jezik, kar mi veliko pove o človeku in njegovih prizadevanjih. Ceni našo državo. Na svetovnem izboru ji želim vso srečo in vem, da je pred njo resnično lepa in nepozabna izkušnja.&quot; Plesalka Gordana Grandošek Whiddon je oblekla tako tekmovalke, kot tudi Kaly Kolonič.FOTO: osebni arhiv</article-text-transliterated>
	</article>
	<comments>
		<comments-count>39</comments-count>
		<comments-list>
			<comment comment-id="1">
				<comment-parent-id/>
				<comment-text>ta je slovenka, kot je šačiri iz švice.</comment-text>
				<comment-text-transliterated>ta je slovenka, kot je šačiri iz švice.</comment-text-transliterated>
			</comment>
			<comment comment-id="2">
				<comment-parent-id/>
				<comment-text>Lepa PUNCA SI... Iz trte zvita... Ponos Slovenije..</comment-text>
				<comment-text-transliterated>Lepa PUNCA SI... Iz trte zvita... Ponos Slovenije..</comment-text-transliterated>
			</comment>
			<comment comment-id="3">
				<comment-parent-id/>
				<comment-text>nisem rasistka..samo a resno, da bo Slovenijo predstavljala temnopolta?! resno?! a nimamo nobene lepotice kot tipične predstavnice Slovenije za poslat v svet?! zalostno.</comment-text>
				<comment-text-transliterated>nisem rasistka..samo a resno, da bo Slovenijo predstavljala temnopolta?! resno?! a nimamo nobene lepotice kot tipične predstavnice Slovenije za poslat v svet?! zalostno.</comment-text-transliterated>
			</comment>
			<comment comment-id="3-1">
				<comment-parent-id>3</comment-parent-id>
				<comment-text>A ce nas vsa leta zastopajo ta juzne, je pa uredu?</comment-text>
				<comment-text-transliterated>A ce nas vsa leta zastopajo ta juzne, je pa uredu?</comment-text-transliterated>
			</comment>
			<comment comment-id="3-2">
				<comment-parent-id>3</comment-parent-id>
				<comment-text>Itak, da nimamo lepih slovenk, če pa so v komisiji &quot;ić-i&quot;</comment-text>
				<comment-text-transliterated>Itak, da nimamo lepih slovenk, če pa so v komisiji &quot;ić-i&quot;</comment-text-transliterated>
			</comment>
			<comment comment-id="4">
				<comment-parent-id/>
				<comment-text>bejbe so čudne, vi pa govorite o prestižu. česa?</comment-text>
				<comment-text-transliterated>bejbe so čudne, vi pa govorite o prestižu. česa?</comment-text-transliterated>
			</comment>
			<comment comment-id="5">
				<comment-parent-id/>
				<comment-text>a zdaj nas bodo tujci po svetu zastopali?</comment-text>
				<comment-text-transliterated>a zdaj nas bodo tujci po svetu zastopali?</comment-text-transliterated>
			</comment>
			<comment comment-id="6">
				<comment-parent-id/>
				<comment-text>Definicija kr-nečesa...</comment-text>
				<comment-text-transliterated>Definicija kr-nečesa...</comment-text-transliterated>
			</comment>
			<comment comment-id="7">
				<comment-parent-id/>
				<comment-text>jaoo kake blesave slike. kaj ta čara gor po nebu da se mu vsepovsod kolobarji delajo od temnenja, punce pa še zmeraj ne vidiš. Blesav ćlanek blesave slike.</comment-text>
				<comment-text-transliterated>jaoo kake blesave slike. kaj ta čara gor po nebu da se mu vsepovsod kolobarji delajo od temnenja, punce pa še zmeraj ne vidiš. Blesav ćlanek blesave slike.</comment-text-transliterated>
			</comment>
			<comment comment-id="8">
				<comment-parent-id/>
				<comment-text>po priimku in videzu bi rekel, da ima Mehiške korenine....</comment-text>
				<comment-text-transliterated>po priimku in videzu bi rekel, da ima Mehiške korenine....</comment-text-transliterated>
			</comment>
			<comment comment-id="9">
				<comment-parent-id/>
				<comment-text>Zaradi mene je Iz lune.</comment-text>
				<comment-text-transliterated>Zaradi mene je Iz lune.</comment-text-transliterated>
			</comment>
			<comment comment-id="9-1">
				<comment-parent-id>9</comment-parent-id>
				<comment-text>Ne , ni iz lune! Koncno en obraz iz Slovenije, ki na nekaj zgleda! Prelepa je!</comment-text>
				<comment-text-transliterated>Ne , ni iz lune! Koncno en obraz iz Slovenije, ki na nekaj zgleda! Prelepa je!</comment-text-transliterated>
			</comment>
			<comment comment-id="10">
				<comment-parent-id/>
				<comment-text>Ta punca ni Slovenka, sedaj če ima naše državljanstvo kri nima Slovensko</comment-text>
				<comment-text-transliterated>Ta punca ni Slovenka, sedaj če ima naše državljanstvo kri nima Slovensko</comment-text-transliterated>
			</comment>
			<comment comment-id="10-1">
				<comment-parent-id>10</comment-parent-id>
				<comment-text>Kaj pa ti? Slovenec bi namreč napisal: krvi nima slovenske.</comment-text>
				<comment-text-transliterated>Kaj pa ti? Slovenec bi namreč napisal: krvi nima slovenske.</comment-text-transliterated>
			</comment>
			<comment comment-id="10-2">
				<comment-parent-id>10</comment-parent-id>
				<comment-text>hahhahahhhahhaha, dobra je ta, dobraaaaaaaaa</comment-text>
				<comment-text-transliterated>hahhahahhhahhaha, dobra je ta, dobraaaaaaaaa</comment-text-transliterated>
			</comment>
			<comment comment-id="11">
				<comment-parent-id/>
				<comment-text>a so res slovenke tako nesamozavestne,da nas migranti zastopajo.</comment-text>
				<comment-text-transliterated>a so res slovenke tako nesamozavestne,da nas migranti zastopajo.</comment-text-transliterated>
			</comment>
			<comment comment-id="12">
				<comment-parent-id/>
				<comment-text>Sami rasisti...punca ma slovensko državljanstvo in je Slovenka!!!!</comment-text>
				<comment-text-transliterated>Sami rasisti...punca ma slovensko državljanstvo in je Slovenka!!!!</comment-text-transliterated>
			</comment>
			<comment comment-id="12-1">
				<comment-parent-id>12</comment-parent-id>
				<comment-text>Ja na papirjih je ja. Amapak da nas pa tujci predstavljajo po svetu.... Narod po svetu ni ravno najbolj pameten in folku ce predstavis eno japonko kot slovenko bodo mislili da smo vsi taki... Večina juznih afričanov je popolnoma bela; skoraj bleda. Ampak ko cujes juzna afrika imas pred sabo črnce. Podobno bo s tole latino.</comment-text>
				<comment-text-transliterated>Ja na papirjih je ja. Amapak da nas pa tujci predstavljajo po svetu.... Narod po svetu ni ravno najbolj pameten in folku ce predstavis eno japonko kot slovenko bodo mislili da smo vsi taki... Večina juznih afričanov je popolnoma bela; skoraj bleda. Ampak ko cujes juzna afrika imas pred sabo črnce. Podobno bo s tole latino.</comment-text-transliterated>
			</comment>
			<comment comment-id="12-2">
				<comment-parent-id>12</comment-parent-id>
				<comment-text>državljanstvo še ne pomeni da si slovenc.... itak pa so se 91 leta prodajali za 100 mark.</comment-text>
				<comment-text-transliterated>državljanstvo še ne pomeni da si slovenc.... itak pa so se 91 leta prodajali za 100 mark.</comment-text-transliterated>
			</comment>
			<comment comment-id="13">
				<comment-parent-id/>
				<comment-text>Če je tale iz Ptuja sem jaz iz Madagaskarja!</comment-text>
				<comment-text-transliterated>Če je tale iz Ptuja sem jaz iz Madagaskarja!</comment-text-transliterated>
			</comment>
			<comment comment-id="13-1">
				<comment-parent-id>13</comment-parent-id>
				<comment-text>hehe... top komentar. itak kot je šačiri iz Švice...</comment-text>
				<comment-text-transliterated>hehe... top komentar. itak kot je šačiri iz Švice...</comment-text-transliterated>
			</comment>
			<comment comment-id="14">
				<comment-parent-id/>
				<comment-text>tipična Ptujčanka.</comment-text>
				<comment-text-transliterated>tipična Ptujčanka.</comment-text-transliterated>
			</comment>
			<comment comment-id="14-1">
				<comment-parent-id>14</comment-parent-id>
				<comment-text>v okolici je dostio kvirjev!</comment-text>
				<comment-text-transliterated>v okolici je dostio kvirjev!</comment-text-transliterated>
			</comment>
			<comment comment-id="14-2">
				<comment-parent-id>14</comment-parent-id>
				<comment-text>popravek: okvirjev!</comment-text>
				<comment-text-transliterated>popravek: okvirjev!</comment-text-transliterated>
			</comment>
			<comment comment-id="15">
				<comment-parent-id/>
				<comment-text>„Ptujčanka“</comment-text>
				<comment-text-transliterated>„Ptujčanka“</comment-text-transliterated>
			</comment>
			<comment comment-id="15-1">
				<comment-parent-id>15</comment-parent-id>
				<comment-text>Če živi na Ptuju, je Ptujčanka. Zelo lepa in postavna je, kot tudi vse druge tekmovalke!</comment-text>
				<comment-text-transliterated>Če živi na Ptuju, je Ptujčanka. Zelo lepa in postavna je, kot tudi vse druge tekmovalke!</comment-text-transliterated>
			</comment>
			<comment comment-id="15-2">
				<comment-parent-id>15</comment-parent-id>
				<comment-text>Jaz tudi zivim v berlinu ze dolga leta, sem tukaj stalno prijavljen, pa nisem niti se ne smatram za berlinca kajšele nemca - pa bi se rad</comment-text>
				<comment-text-transliterated>Jaz tudi zivim v berlinu ze dolga leta, sem tukaj stalno prijavljen, pa nisem niti se ne smatram za berlinca kajšele nemca - pa bi se rad</comment-text-transliterated>
			</comment>
			<comment comment-id="16">
				<comment-parent-id/>
				<comment-text>Brezvezen članek, saj ni fotografije dekleta kjer jasno prikaže obraz. Poleg tega pa je predlog pred Ptujem napačen. Naučite se slovenščine in potem pišite prispevke za javno objavo.</comment-text>
				<comment-text-transliterated>Brezvezen članek, saj ni fotografije dekleta kjer jasno prikaže obraz. Poleg tega pa je predlog pred Ptujem napačen. Naučite se slovenščine in potem pišite prispevke za javno objavo.</comment-text-transliterated>
			</comment>
			<comment comment-id="17">
				<comment-parent-id/>
				<comment-text>Te ki so prišle iz Dominikane so vse delale v isti &quot;firmi&quot;...</comment-text>
				<comment-text-transliterated>Te ki so prišle iz Dominikane so vse delale v isti &quot;firmi&quot;...</comment-text-transliterated>
			</comment>
			<comment comment-id="18">
				<comment-parent-id/>
				<comment-text>Zakaj se na slikah ne vidi obraza?</comment-text>
				<comment-text-transliterated>Zakaj se na slikah ne vidi obraza?</comment-text-transliterated>
			</comment>
			<comment comment-id="19">
				<comment-parent-id/>
				<comment-text>Kje se je ta Kaly vzela ...? Njo se v velenju ni noben smirglu 5%</comment-text>
				<comment-text-transliterated>Kje se je ta Kaly vzela ...? Njo se v velenju ni noben smirglu 5%</comment-text-transliterated>
			</comment>
			<comment comment-id="20">
				<comment-parent-id/>
				<comment-text>Bravo, si je zasluzila. Ni vazno kak se pise niti od kod je. Ptujčanom v ponos</comment-text>
				<comment-text-transliterated>Bravo, si je zasluzila. Ni vazno kak se pise niti od kod je. Ptujčanom v ponos</comment-text-transliterated>
			</comment>
			<comment comment-id="21">
				<comment-parent-id/>
				<comment-text>Hmmm... od koder pa je tale prišla... ne zgleda kot tipična Slovenka... Drugače pa je super, postavna... auuuuuuuuu</comment-text>
				<comment-text-transliterated>Hmmm... od koder pa je tale prišla... ne zgleda kot tipična Slovenka... Drugače pa je super, postavna... auuuuuuuuu</comment-text-transliterated>
			</comment>
			<comment comment-id="22">
				<comment-parent-id/>
				<comment-text>Sponzorstvo ima?</comment-text>
				<comment-text-transliterated>Sponzorstvo ima?</comment-text-transliterated>
			</comment>
			<comment comment-id="22-1">
				<comment-parent-id>22</comment-parent-id>
				<comment-text>Ima, in to več, vseh tistih, ki so jo obiskovali...</comment-text>
				<comment-text-transliterated>Ima, in to več, vseh tistih, ki so jo obiskovali...</comment-text-transliterated>
			</comment>
			<comment comment-id="23">
				<comment-parent-id/>
				<comment-text>in kje je fotka zmagovalke, kjer bi jo videli v obraz? boh ne dej celo vec fotk ...</comment-text>
				<comment-text-transliterated>in kje je fotka zmagovalke, kjer bi jo videli v obraz? boh ne dej celo vec fotk ...</comment-text-transliterated>
			</comment>
			<comment comment-id="24">
				<comment-parent-id/>
				<comment-text>Ptujčanka??</comment-text>
				<comment-text-transliterated>Ptujčanka??</comment-text-transliterated>
			</comment>
			<comment comment-id="24-1">
				<comment-parent-id>24</comment-parent-id>
				<comment-text>Emma Peralta? Kaj se ne pišejo na Ptuju skoraj vsi tako? 😂</comment-text>
				<comment-text-transliterated>Emma Peralta? Kaj se ne pišejo na Ptuju skoraj vsi tako? 😂</comment-text-transliterated>
			</comment>
			<comment comment-id="24-2">
				<comment-parent-id>24</comment-parent-id>
				<comment-text>Ni iz Peruja ampak iz Ptuja</comment-text>
				<comment-text-transliterated>Ni iz Peruja ampak iz Ptuja</comment-text-transliterated>
			</comment>
		</comments-list>
	</comments>
</document>
