<document global-id="si-06-1276"><url>https://www.24ur.com/popin/zanimivosti/miss-anglije-postalo-dekle-z-inteligencnim-kolicnikom-146.html</url><source-id>si-06</source-id><local-id>si-06-1276</local-id><source-name>ur24</source-name><article><article-title>Miss Anglije postalo dekle z inteligenčnim količnikom 146</article-title><article-title-transliterated>Miss Anglije postalo dekle z inteligenčnim količnikom 146</article-title-transliterated><article_time>2019-08-04</article_time><article-author>L.Š.</article-author><article-text>Na tekmovanju za miss Anglije se je pomerilo na stotine žensk, krono pa si je na koncu zagotovila 23-letna Indijka, ki je vse prej kot stereotipna udeleženka tovrstnih tekmovanj. Mlada zdravnica ima dve diplomi iz medicine, vrh vsega pa se lahko pohvali z "genialnim" inteligenčnim količnikom. 
Nova miss Anglije Bhaša Mukherjee, ki se je rodila v Indiji, njena družina pa se je v Veliko Britanijo preselila, ko je bila stara devet let, je vse prej kot stereotipna udeleženka tovrstnih lepotnih tekmovanj. Poleg dveh diplom iz medicine govori pet tujih jezikov, vrh vsega pa spada v skupino ljudi z nadpovprečno visokim inteligenčnim količnikom.
Za prikaz vsebine je potrebno omogočite piškotke družbenih omrežij.
OMOGOČI PIŠKOTKE
Mlada zdravnica z IQ-jem 146 je le nekaj ur po zmagi na lepotnem tekmovanju nastopila tudi novo službo. "Vse skupaj je bilo zelo kaotično, ne morem se odločiti, ali sem bila bolj nervozna zaradi tekmovanja ali zaradi nove službe ," je strnila svoje občutke.
Za prikaz vsebine je potrebno omogočite piškotke družbenih omrežij.
OMOGOČI PIŠKOTKE
V zgodbi, ki jo je kmalu zatem objavila na svojem Instagram profilu, pa je zapisala, da se še vedno navaja na dejstvo, da je postala prva britansko-indijska miss Anglije.
Kot zmagovalka Miss Anglije bo državo predstavljala na tekmovanju za Miss sveta. S pridobitvijo krone pa si je zagotovila tudi počitnice na Mauritiusu.</article-text><article-text-transliterated>Na tekmovanju za miss Anglije se je pomerilo na stotine žensk, krono pa si je na koncu zagotovila 23-letna Indijka, ki je vse prej kot stereotipna udeleženka tovrstnih tekmovanj. Mlada zdravnica ima dve diplomi iz medicine, vrh vsega pa se lahko pohvali z "genialnim" inteligenčnim količnikom. 
Nova miss Anglije Bhaša Mukherjee, ki se je rodila v Indiji, njena družina pa se je v Veliko Britanijo preselila, ko je bila stara devet let, je vse prej kot stereotipna udeleženka tovrstnih lepotnih tekmovanj. Poleg dveh diplom iz medicine govori pet tujih jezikov, vrh vsega pa spada v skupino ljudi z nadpovprečno visokim inteligenčnim količnikom.
Za prikaz vsebine je potrebno omogočite piškotke družbenih omrežij.
OMOGOČI PIŠKOTKE
Mlada zdravnica z IQ-jem 146 je le nekaj ur po zmagi na lepotnem tekmovanju nastopila tudi novo službo. "Vse skupaj je bilo zelo kaotično, ne morem se odločiti, ali sem bila bolj nervozna zaradi tekmovanja ali zaradi nove službe ," je strnila svoje občutke.
Za prikaz vsebine je potrebno omogočite piškotke družbenih omrežij.
OMOGOČI PIŠKOTKE
V zgodbi, ki jo je kmalu zatem objavila na svojem Instagram profilu, pa je zapisala, da se še vedno navaja na dejstvo, da je postala prva britansko-indijska miss Anglije.
Kot zmagovalka Miss Anglije bo državo predstavljala na tekmovanju za Miss sveta. S pridobitvijo krone pa si je zagotovila tudi počitnice na Mauritiusu.</article-text-transliterated></article><comments><comments-count>35</comments-count><comments-list><comment comment-id="1"><comment-parent-id /><comment-text>Od kdaj kozmetika in frizerstvo spadata pod smer medicina? </comment-text><comment-text-transliterated>Od kdaj kozmetika in frizerstvo spadata pod smer medicina? </comment-text-transliterated></comment><comment comment-id="2"><comment-parent-id /><comment-text>NEMOGOČE, DA JE PRI 23 LETIH POSTALA ZDRAVNICA. </comment-text><comment-text-transliterated>NEMOGOČE, DA JE PRI 23 LETIH POSTALA ZDRAVNICA. </comment-text-transliterated></comment><comment comment-id="3"><comment-parent-id /><comment-text>Take naj k nam uvozijo,ne pa tiste inženirje iz sirije,ki še delat ne znajo</comment-text><comment-text-transliterated>Take naj k nam uvozijo,ne pa tiste inženirje iz sirije,ki še delat ne znajo</comment-text-transliterated></comment><comment comment-id="4"><comment-parent-id /><comment-text>Mal so verjetno napihnili vse skupaj, a ni slaba. Čeprav neke Indijke pa na njej ne najdem</comment-text><comment-text-transliterated>Mal so verjetno napihnili vse skupaj, a ni slaba. Čeprav neke Indijke pa na njej ne najdem</comment-text-transliterated></comment><comment comment-id="5"><comment-parent-id /><comment-text>Kdaj bo začela zdraviti?</comment-text><comment-text-transliterated>Kdaj bo začela zdraviti?</comment-text-transliterated></comment><comment comment-id="6"><comment-parent-id /><comment-text>Prisla v novo drzavo kot otrok, se tam solala, dobila drzavljanstvo... in kot vidimo povsem vkljucena v druzbo... kar je ODRAZ DRZAVE, ki ima pravi pristop in prave prijeme, celo lasten narod spostuje svojo kraljevino. Zato je tako, ker mora stars (drzava) poskrbeti za sprejem, ljubezen in red vseh, ne morejo biti gostje sveti kralji kot je to na Balkanu IN v Sloveniji. Naj se seli zaradi POTREB NAPREDKA druzbe</comment-text><comment-text-transliterated>Prisla v novo drzavo kot otrok, se tam solala, dobila drzavljanstvo... in kot vidimo povsem vkljucena v druzbo... kar je ODRAZ DRZAVE, ki ima pravi pristop in prave prijeme, celo lasten narod spostuje svojo kraljevino. Zato je tako, ker mora stars (drzava) poskrbeti za sprejem, ljubezen in red vseh, ne morejo biti gostje sveti kralji kot je to na Balkanu IN v Sloveniji. Naj se seli zaradi POTREB NAPREDKA druzbe</comment-text-transliterated></comment><comment comment-id="7"><comment-parent-id /><comment-text>popolno nasprotje eve irgl. vsaj kar se iq tiče :)))</comment-text><comment-text-transliterated>popolno nasprotje eve irgl. vsaj kar se iq tiče :)))</comment-text-transliterated></comment><comment comment-id="7-1"><comment-parent-id>7</comment-parent-id><comment-text>Kje si pa ti Irglco ven privlekel?</comment-text><comment-text-transliterated>Kje si pa ti Irglco ven privlekel?</comment-text-transliterated></comment><comment comment-id="7-2"><comment-parent-id>7</comment-parent-id><comment-text>iz žepa zakaj vprašaš?</comment-text><comment-text-transliterated>iz žepa zakaj vprašaš?</comment-text-transliterated></comment><comment comment-id="8"><comment-parent-id /><comment-text>Pri 23 letih 2 diplomi iz medicine?!!!!!!! Kaj hodijo 2 leti v šolo za zdravnika?!!!!!!! Pri nas pa 10 let. Zdaj še bom jaz šel v Anglijo na medicino. Kot izgleda, mačji kašelj. </comment-text><comment-text-transliterated>Pri 23 letih 2 diplomi iz medicine?!!!!!!! Kaj hodijo 2 leti v šolo za zdravnika?!!!!!!! Pri nas pa 10 let. Zdaj še bom jaz šel v Anglijo na medicino. Kot izgleda, mačji kašelj. </comment-text-transliterated></comment><comment comment-id="8-1"><comment-parent-id>8</comment-parent-id><comment-text>revše bodi raje tiho.</comment-text><comment-text-transliterated>revše bodi raje tiho.</comment-text-transliterated></comment><comment comment-id="8-2"><comment-parent-id>8</comment-parent-id><comment-text>nick si pa zadel v nulo :)</comment-text><comment-text-transliterated>nick si pa zadel v nulo :)</comment-text-transliterated></comment><comment comment-id="9"><comment-parent-id /><comment-text>Miss Anglije je Indijka. Nogometna reprezentanca Francije so Afričani. Prebivalci Frankfurta so Turki. Nogometna reprezentanca Švice so Albanci. Daleč smo prišli.</comment-text><comment-text-transliterated>Miss Anglije je Indijka. Nogometna reprezentanca Francije so Afričani. Prebivalci Frankfurta so Turki. Nogometna reprezentanca Švice so Albanci. Daleč smo prišli.</comment-text-transliterated></comment><comment comment-id="10"><comment-parent-id /><comment-text>Prava redkost. </comment-text><comment-text-transliterated>Prava redkost. </comment-text-transliterated></comment><comment comment-id="11"><comment-parent-id /><comment-text>Takšnih se je za bati pri zvezah,ko hoče biti ta glavna in najbolj pametna.Lp</comment-text><comment-text-transliterated>Takšnih se je za bati pri zvezah,ko hoče biti ta glavna in najbolj pametna.Lp</comment-text-transliterated></comment><comment comment-id="11-1"><comment-parent-id>11</comment-parent-id><comment-text>Take prenašajo samo copate. </comment-text><comment-text-transliterated>Take prenašajo samo copate. </comment-text-transliterated></comment><comment comment-id="11-2"><comment-parent-id>11</comment-parent-id><comment-text>Ne govori neumnosti</comment-text><comment-text-transliterated>Ne govori neumnosti</comment-text-transliterated></comment><comment comment-id="12"><comment-parent-id /><comment-text>Lepa in pametna, skoraj ne morem verjet.</comment-text><comment-text-transliterated>Lepa in pametna, skoraj ne morem verjet.</comment-text-transliterated></comment><comment comment-id="13"><comment-parent-id /><comment-text>za ožent</comment-text><comment-text-transliterated>za ožent</comment-text-transliterated></comment><comment comment-id="14"><comment-parent-id /><comment-text>Tale titula ti ga za ene 100 zbije ponavadi.... </comment-text><comment-text-transliterated>Tale titula ti ga za ene 100 zbije ponavadi.... </comment-text-transliterated></comment><comment comment-id="15"><comment-parent-id /><comment-text>Miss Anglije postalo dekle z inteligenčnim količnikom 146. A postala je dekle z IQ 146? Zanimivo.. pa še iz Anglije je. Vejice.</comment-text><comment-text-transliterated>Miss Anglije postalo dekle z inteligenčnim količnikom 146. A postala je dekle z IQ 146? Zanimivo.. pa še iz Anglije je. Vejice.</comment-text-transliterated></comment><comment comment-id="15-1"><comment-parent-id>15</comment-parent-id><comment-text>dule večina tukaj pojma nima kaj si napisal :)</comment-text><comment-text-transliterated>dule večina tukaj pojma nima kaj si napisal :)</comment-text-transliterated></comment><comment comment-id="15-2"><comment-parent-id>15</comment-parent-id><comment-text>posebaj pa ne jajotove svečke :)</comment-text><comment-text-transliterated>posebaj pa ne jajotove svečke :)</comment-text-transliterated></comment><comment comment-id="16"><comment-parent-id /><comment-text>Lepo dekle in če je še pametna po vrhu toliko bolje</comment-text><comment-text-transliterated>Lepo dekle in če je še pametna po vrhu toliko bolje</comment-text-transliterated></comment><comment comment-id="17"><comment-parent-id /><comment-text>Če je le podstresje pospravljeno. </comment-text><comment-text-transliterated>Če je le podstresje pospravljeno. </comment-text-transliterated></comment><comment comment-id="18"><comment-parent-id /><comment-text>Koliko ima pa emocionalni IQ, kajti le tega se veliko vec manjka. </comment-text><comment-text-transliterated>Koliko ima pa emocionalni IQ, kajti le tega se veliko vec manjka. </comment-text-transliterated></comment><comment comment-id="19"><comment-parent-id /><comment-text>ZAKAJ NE BI BILA ZA SPREMEMBO TUDI KAKŠNA MISSICA INTELIGENTNA???</comment-text><comment-text-transliterated>ZAKAJ NE BI BILA ZA SPREMEMBO TUDI KAKŠNA MISSICA INTELIGENTNA???</comment-text-transliterated></comment><comment comment-id="20"><comment-parent-id /><comment-text>Indijke so najlepše, Aishwarya Rai je najlepša miss vseh časov, tudi tale je lepa</comment-text><comment-text-transliterated>Indijke so najlepše, Aishwarya Rai je najlepša miss vseh časov, tudi tale je lepa</comment-text-transliterated></comment><comment comment-id="20-1"><comment-parent-id>20</comment-parent-id><comment-text>Težko me boš prepričal to o Indijkah, v vsaki rasi so lepotice, a da v povprečju Evropejke niso lepše se ne bom nikoli strinjal! Pika!</comment-text><comment-text-transliterated>Težko me boš prepričal to o Indijkah, v vsaki rasi so lepotice, a da v povprečju Evropejke niso lepše se ne bom nikoli strinjal! Pika!</comment-text-transliterated></comment><comment comment-id="20-2"><comment-parent-id>20</comment-parent-id><comment-text>Ti to resno, da je ona najlepsa vseh casov?! </comment-text><comment-text-transliterated>Ti to resno, da je ona najlepsa vseh casov?! </comment-text-transliterated></comment><comment comment-id="21"><comment-parent-id /><comment-text>Moj dr. gre v penzijo. A sprejema nove paciente? </comment-text><comment-text-transliterated>Moj dr. gre v penzijo. A sprejema nove paciente? </comment-text-transliterated></comment><comment comment-id="22"><comment-parent-id /><comment-text>Čemu moramo neprestano te nebuloze o misicah trpeti.. res zrel medij ta 24 ...</comment-text><comment-text-transliterated>Čemu moramo neprestano te nebuloze o misicah trpeti.. res zrel medij ta 24 ...</comment-text-transliterated></comment><comment comment-id="22-1"><comment-parent-id>22</comment-parent-id><comment-text>Vas boli, da je inteligentnejša od vas?</comment-text><comment-text-transliterated>Vas boli, da je inteligentnejša od vas?</comment-text-transliterated></comment><comment comment-id="22-2"><comment-parent-id>22</comment-parent-id><comment-text>ivan od vseh skupaj tudi če iq seštevajo :))))</comment-text><comment-text-transliterated>ivan od vseh skupaj tudi če iq seštevajo :))))</comment-text-transliterated></comment><comment comment-id="23"><comment-parent-id /><comment-text>Miss indijka!!!!!!!!</comment-text><comment-text-transliterated>Miss indijka!!!!!!!!</comment-text-transliterated></comment></comments-list></comments></document>