<?xml version="1.0" encoding="utf-8"?>
<document global-id="si-06-1394">
	<url>https://www.24ur.com/popin/glasba/ne-potrebujemo-izobrazbe-15-pesmi-na-temo-sole.html</url>
	<source-id>si-06</source-id>
	<local-id>1394</local-id>
	<source-name>ur24</source-name>
	<article>
		<article-title>Ne potrebujemo izobrazbe? 15 pesmi na temo šole</article-title>
		<article-title-transliterated>Ne potrebujemo izobrazbe? 15 pesmi na temo šole</article-title-transliterated>
		<article-time>2019-09-10</article-time>
		<article-author>Boštjan Tušek</article-author>
		<article-text>Z začetkom šole se lahko v prvih septembrskih dneh spomnimo na nekatere največje pesmi, ki so nas v zadnje pol stoletja najbolj razveseljevale ali pa jezile, ko pomislimo na šolo, šolanje, izobraževanje ali pač podivjano žuriranje. Z obrazložitvijo ponujamo petnajst predlogov. Za prikaz vsebine je potrebno omogočite piškotke družbenih omrežij. OMOGOČI PIŠKOTKE Pink Floyd – Another brick in the wall Dober tekmec za najboljšo šolsko pesem vseh časov je zagotovo pesem zasedbe Pink Floyd. Roger Waters je pesem leta 1979 napisal za film The Wall, ki slovi tako po vizionarstvu kot po odličnih animiranih prizorih. &quot;Ne potrebujemo izobrazbe, ne potrebujemo nadzora misli, brez temnega sarkazma v učilnicah, učitelji, pustite otroke na miru, konec koncev ste le še en zidak v zidu&quot;. Naravnost genialno, kajne? Za prikaz vsebine je potrebno omogočite piškotke družbenih omrežij. OMOGOČI PIŠKOTKE The Boomtown Rats – I don't like mondays Zanimivo je, da je Bob Geldof v filmu The Wall zaigral glavno vlogo Pinka, nato pa še isto leto napisal pesem, da ne mara ponedeljkov. V bistvu gre za pesem o 16-letni Brendi Ann Spencer, ki je v San Diegu v Kaliforniji januarja omenjenega leta streljala na osnovnošolce, njen razlog pa naj bi bil, da &quot;ni marala ponedeljkov&quot; in je tako malce &quot;popestrila&quot; dan. Geldof se tako v pesmi sprašuje, &quot;povejte mi, zakaj?&quot;, začne pa se, da je &quot;silikonski čip v njeni glavi začel preskakovati&quot;. Dejal je, da ni želel poveličevati tragedije, prav zaradi čipa pa ga je kontaktiral tudi Steve Jobs, da bi za Apple odigral koncert. Za prikaz vsebine je potrebno omogočite piškotke družbenih omrežij. OMOGOČI PIŠKOTKE Madness – Baggy Trousers Britanski ska prvaki so leta 1980 napisali hvalnico &quot;vrečastim hlačam&quot;, o porednih učencih, ki se podijo po dvorišču, o različnih vragolijah, o tem, kako raztegovati, a ne kršiti pravila, vse, skratka, o vsem, kar je v šoli dobrega in slabega. Živahna pesem, ki je zagotovo ena večjih poskočnic, ki so jih kdaj koli zagrešili v svoji karieri, je obenem postala priljubljena tako pri britanskih šolarjih kot tudi drugod. Za prikaz vsebine je potrebno omogočite piškotke družbenih omrežij. OMOGOČI PIŠKOTKE Ramones – Rock'n'roll high school Ramones so leta 1978 napisali pesem, da jih &quot;ne zanima zgodovina&quot;, da pa bi hodili na rokenrol srednjo šolo, da ne marajo učiteljev in ravnatelja, da nočejo, da bi se učili za bedake, bi pa počenjali neumnosti in se zabavali z dekleti. Naslednje leto so posneli tudi istoimenski film z Ramonesi vred, hkrati pa to ostaja eden njihovih večjih hitov, tudi po zaslugi popularnosti na ameriških srednjih šolah. Za prikaz vsebine je potrebno omogočite piškotke družbenih omrežij. OMOGOČI PIŠKOTKE Twisted Sister – We're not gonna take it / I wanna rock / Be cruel to your schuel Neponovljivi pevec Dee Snider je s svojo zasedbo že leta 1984 izdal dva nepozabna hita, ki sta zapečatila platinasti uspeh albuma Stay Hungry. Obe pesmi izpostavita glavno vprašanje: &quot;Kaj želiš početi v svojem življenju?&quot; To v videospotih za pesmi We're not gonna take it in I wanna rock sprašuje igralec Mark Metcalf, enkrat kot oče, drugič kot učitelj. Seveda je odgovor &quot;rockati&quot;, hkrati pa poudarja pravico do izbire in svobode. Bolj kičasta je pesem v prevodu &quot;bodi krut do svoje šole&quot; iz leta 1985, je pa zato toliko bolj zabaven videospot z gostujočim Aliceom Cooprom, v katerem so vsi učenci in učenke lačni zombiji. Za prikaz vsebine je potrebno omogočite piškotke družbenih omrežij. OMOGOČI PIŠKOTKE Sam Cooke – Wonderful world Pesem iz leta 1960 so po Cooku priredili tudi Herman's Hermits, Otis Redding, Art Garfunkel in drugi, poje pa: &quot;Ne vem kaj dosti o zgodovini, o biologiji, trigonometriji, geografiji in algebri, vem pa, da te ljubim in če me ljubiš tudi ti, oh, kako čudovit svet bi to bil.&quot; Čeprav ima pesem dokaj močno sporočilo, je Cookov pristop precej lahkoten, skladbo pa sta mu pomagala napisati tudi slovita Lou Adler ter jazzist Herb Alpert. Za prikaz vsebine je potrebno omogočite piškotke družbenih omrežij. OMOGOČI PIŠKOTKE Beastie Boys – (You Gotta) Fight for Your Right (To Party!) Beastie Boys so bili prvi belci, ki jim je uspel preboj na rastoči rap sceni leta 1986. Pesem je pokojni Adam Yauch napisal skupaj s producentom Rickom Rubinom, gre pa pravzaprav za ironično parodijo na vse tovrstne pesmi in čeprav je veliko ljudi z njimi kričalo, da &quot;se morajo boriti za pravico do zabave&quot;, so se norčevali pravzaprav iz njih. Gre za enega večjih hitov skupine, ki je bil zagotovo prebojen, a so se mu kasneje praktično odrekli, saj jim je bil, z videospotom vred, prej v sramoto kot ponos. Za prikaz vsebine je potrebno omogočite piškotke družbenih omrežij. OMOGOČI PIŠKOTKE Young MC – Principal's Office Marvin Young se je v Londonu rodil jamajškim priseljencem, nato pa od tretjega leta živel v New Yorku. Leta 1989 mu je uspelo s prvencem Stone Cold Rhymin', s katerega sta najbolj poznani pesmi Bust a move in zgoraj omenjena, ki v humornem slogu zgodnjega rapa govori o tem, kako je zamudil pouk in so ga napotili k ravnatelju. Če temu dodamo še zabaven videospot, se lahko brez težav vrnemo v preteklost.   Za prikaz vsebine je potrebno omogočite piškotke družbenih omrežij. OMOGOČI PIŠKOTKE Marilyn Manson – Lunchbox Brian Warner, bolj poznan kot Marilyn Manson, je bil v mladosti ljubitelj skupine Kiss in Alicea Coopra ter skrinjic za kosilo, da je o tem celo napisal pesem. &quot;Imam svojo skrinjo za kosilo, dobro sem oborožen,&quot; poje v refrenu, sicer pa pravi, da &quot;bi rad odrasel, bil velika rokenrol zvezda, da se ne bo nihče zaj**aval z njim&quot;. Ni odveč omeniti, da se mu je vse našteto tudi uresničilo. Za prikaz vsebine je potrebno omogočite piškotke družbenih omrežij. OMOGOČI PIŠKOTKE Wheatus – Teenage dirtbag Se spomnite filma Zguba z Jasonom Biggsom in Meno Suvari? Da, s tistim ljubiteljem ameriških pit in blondinko iz Lepote po ameriško? Če se že ne spomnite filma, pa vam je morda v glavi ostala pesem zasedbe Wheatus, ki poje o tem, kako sanja o njej, a ga ona ne opazi, kako njen fant nosi v šolo pištolo in bi ga zbrcal v rit, če bi vedel, da je zagledan vanjo in s katero bi rad poslušal Iron Maiden. Dokler ona ne kupi dveh vstopnic za njihov koncert in prizna, da je ravno taka najstniška zguba kot on? Res, pravo dekle iz sanj ... Za prikaz vsebine je potrebno omogočite piškotke družbenih omrežij. OMOGOČI PIŠKOTKE Jackson 5 – ABC Michael Jackson je pri še ne polnih dvanajstih letih že leta 1970 z brati imel uspešnico, ki je posegla po prvem mestu Billboardove lestvice, s katere je sklatila same Beatlese in njihovo pesem Let it be. Pesem sicer govori o tem, kako bo svoje dekle naučil abecede, če bo lepo ponavljala za njim A, B, C in ena, dva, tri. Za povrhu pa tudi, da je tako enostavna tudi ljubezen. V Jacksonovem primeru se je to, kasneje v življenju, ironično, izkazalo za vse prej kot enostavno ... Za prikaz vsebine je potrebno omogočite piškotke družbenih omrežij. OMOGOČI PIŠKOTKE Asher Roth – I love college &quot;Tista zabava sinoči je bila nora, želim si, da bi jo posneli,&quot; poje Asher Roth, ko govori o študenstskih zabavah, dekletih, popivanju in kosih pice za dolar. Njegova ležernost in tudi nazoren videospot vas težko pustijo hladne, saj vas vrnejo v nora študentska leta, če se jih seveda spomnite. Za prikaz vsebine je potrebno omogočite piškotke družbenih omrežij. OMOGOČI PIŠKOTKE Alice Cooper – School's out Vincent Furnier, bolje poznan kot Alice Cooper, je že leta 1972 napisal ultimativno pesem o koncu šole. &quot;Nič več svinčnikov, knjig, nič več grdih pogledov učiteljev, nič več pouka in ravnateljev, šolo so razstrelili na koščke.&quot;  Mogoče primernejša za konec šole kot pa za začetek, a vseeno ena najboljših rock himen na temo šole. Za prikaz vsebine je potrebno omogočite piškotke družbenih omrežij. OMOGOČI PIŠKOTKE Adi Smolar – Jaz ne grem v šolo Tudi Slovenci imamo kakšno šolsko, ena izmed njih je zagotovo Smolarjeva, ki pa je &quot;otrokom in staršem prijazna&quot;, govori pa o tem, da bi &quot;rajši kot šolo počitnice imel&quot;, saj &quot;ni nor, da v šoli bi sedel&quot;, hkrati pa postreže z nekaj dokazi, kako pameten je, da zares ne potrebuje šole. Adi, verjamemo ti, samo otrok nam prehudo ne hujskaj ... Za prikaz vsebine je potrebno omogočite piškotke družbenih omrežij. OMOGOČI PIŠKOTKE Racija – Stara Bolj ostri so bili v nekdaj popularni punk zasedbi Racija, ki so svoji učiteljici, ki je pet let učila pet predmetov, po punkovsko brez dlake na jeziku povedali vse in še več, v drugi polovici 90. let pa marsikateremu najstniškemu šolarju olajšali šolske dneve, ki so si z veseljem dali duška z vzklikanjem nazornega refrena pričujoče pesmi. Za prikaz vsebine je potrebno omogočite piškotke družbenih omrežij. OMOGOČI PIŠKOTKE Častni omembi: The Smiths - The Headmaster's Ritual / Nirvana - School Seznamu velja dodati vsaj še dve pesmi, in sicer in sicer mojstra ironije Morrisseya ter grunge prvake iz Seattla. Moz govori o tem, kako manchesterske šole vodijo grozljivi duhovi, v prastarih oblekah, ki so ljubosumni na mladino in poje &quot;rad bi šel domov in se odrekel izobrazbi kot slabi napaki&quot;. O nočni mori vsakega otroka je pisal tudi Kurt Cobain, četudi je naskrivaj kadil, hkrati pa tarna, &quot;ne boste verjeli, imam res srečo, ni odmora, spet si v srednji šoli&quot;. Za prikaz vsebine je potrebno omogočite piškotke družbenih omrežij. OMOGOČI PIŠKOTKE</article-text>
		<article-text-transliterated>Z začetkom šole se lahko v prvih septembrskih dneh spomnimo na nekatere največje pesmi, ki so nas v zadnje pol stoletja najbolj razveseljevale ali pa jezile, ko pomislimo na šolo, šolanje, izobraževanje ali pač podivjano žuriranje. Z obrazložitvijo ponujamo petnajst predlogov. Za prikaz vsebine je potrebno omogočite piškotke družbenih omrežij. OMOGOČI PIŠKOTKE Pink Floyd – Another brick in the wall Dober tekmec za najboljšo šolsko pesem vseh časov je zagotovo pesem zasedbe Pink Floyd. Roger Waters je pesem leta 1979 napisal za film The Wall, ki slovi tako po vizionarstvu kot po odličnih animiranih prizorih. &quot;Ne potrebujemo izobrazbe, ne potrebujemo nadzora misli, brez temnega sarkazma v učilnicah, učitelji, pustite otroke na miru, konec koncev ste le še en zidak v zidu&quot;. Naravnost genialno, kajne? Za prikaz vsebine je potrebno omogočite piškotke družbenih omrežij. OMOGOČI PIŠKOTKE The Boomtown Rats – I don't like mondays Zanimivo je, da je Bob Geldof v filmu The Wall zaigral glavno vlogo Pinka, nato pa še isto leto napisal pesem, da ne mara ponedeljkov. V bistvu gre za pesem o 16-letni Brendi Ann Spencer, ki je v San Diegu v Kaliforniji januarja omenjenega leta streljala na osnovnošolce, njen razlog pa naj bi bil, da &quot;ni marala ponedeljkov&quot; in je tako malce &quot;popestrila&quot; dan. Geldof se tako v pesmi sprašuje, &quot;povejte mi, zakaj?&quot;, začne pa se, da je &quot;silikonski čip v njeni glavi začel preskakovati&quot;. Dejal je, da ni želel poveličevati tragedije, prav zaradi čipa pa ga je kontaktiral tudi Steve Jobs, da bi za Apple odigral koncert. Za prikaz vsebine je potrebno omogočite piškotke družbenih omrežij. OMOGOČI PIŠKOTKE Madness – Baggy Trousers Britanski ska prvaki so leta 1980 napisali hvalnico &quot;vrečastim hlačam&quot;, o porednih učencih, ki se podijo po dvorišču, o različnih vragolijah, o tem, kako raztegovati, a ne kršiti pravila, vse, skratka, o vsem, kar je v šoli dobrega in slabega. Živahna pesem, ki je zagotovo ena večjih poskočnic, ki so jih kdaj koli zagrešili v svoji karieri, je obenem postala priljubljena tako pri britanskih šolarjih kot tudi drugod. Za prikaz vsebine je potrebno omogočite piškotke družbenih omrežij. OMOGOČI PIŠKOTKE Ramones – Rock'n'roll high school Ramones so leta 1978 napisali pesem, da jih &quot;ne zanima zgodovina&quot;, da pa bi hodili na rokenrol srednjo šolo, da ne marajo učiteljev in ravnatelja, da nočejo, da bi se učili za bedake, bi pa počenjali neumnosti in se zabavali z dekleti. Naslednje leto so posneli tudi istoimenski film z Ramonesi vred, hkrati pa to ostaja eden njihovih večjih hitov, tudi po zaslugi popularnosti na ameriških srednjih šolah. Za prikaz vsebine je potrebno omogočite piškotke družbenih omrežij. OMOGOČI PIŠKOTKE Twisted Sister – We're not gonna take it / I wanna rock / Be cruel to your schuel Neponovljivi pevec Dee Snider je s svojo zasedbo že leta 1984 izdal dva nepozabna hita, ki sta zapečatila platinasti uspeh albuma Stay Hungry. Obe pesmi izpostavita glavno vprašanje: &quot;Kaj želiš početi v svojem življenju?&quot; To v videospotih za pesmi We're not gonna take it in I wanna rock sprašuje igralec Mark Metcalf, enkrat kot oče, drugič kot učitelj. Seveda je odgovor &quot;rockati&quot;, hkrati pa poudarja pravico do izbire in svobode. Bolj kičasta je pesem v prevodu &quot;bodi krut do svoje šole&quot; iz leta 1985, je pa zato toliko bolj zabaven videospot z gostujočim Aliceom Cooprom, v katerem so vsi učenci in učenke lačni zombiji. Za prikaz vsebine je potrebno omogočite piškotke družbenih omrežij. OMOGOČI PIŠKOTKE Sam Cooke – Wonderful world Pesem iz leta 1960 so po Cooku priredili tudi Herman's Hermits, Otis Redding, Art Garfunkel in drugi, poje pa: &quot;Ne vem kaj dosti o zgodovini, o biologiji, trigonometriji, geografiji in algebri, vem pa, da te ljubim in če me ljubiš tudi ti, oh, kako čudovit svet bi to bil.&quot; Čeprav ima pesem dokaj močno sporočilo, je Cookov pristop precej lahkoten, skladbo pa sta mu pomagala napisati tudi slovita Lou Adler ter jazzist Herb Alpert. Za prikaz vsebine je potrebno omogočite piškotke družbenih omrežij. OMOGOČI PIŠKOTKE Beastie Boys – (You Gotta) Fight for Your Right (To Party!) Beastie Boys so bili prvi belci, ki jim je uspel preboj na rastoči rap sceni leta 1986. Pesem je pokojni Adam Yauch napisal skupaj s producentom Rickom Rubinom, gre pa pravzaprav za ironično parodijo na vse tovrstne pesmi in čeprav je veliko ljudi z njimi kričalo, da &quot;se morajo boriti za pravico do zabave&quot;, so se norčevali pravzaprav iz njih. Gre za enega večjih hitov skupine, ki je bil zagotovo prebojen, a so se mu kasneje praktično odrekli, saj jim je bil, z videospotom vred, prej v sramoto kot ponos. Za prikaz vsebine je potrebno omogočite piškotke družbenih omrežij. OMOGOČI PIŠKOTKE Young MC – Principal's Office Marvin Young se je v Londonu rodil jamajškim priseljencem, nato pa od tretjega leta živel v New Yorku. Leta 1989 mu je uspelo s prvencem Stone Cold Rhymin', s katerega sta najbolj poznani pesmi Bust a move in zgoraj omenjena, ki v humornem slogu zgodnjega rapa govori o tem, kako je zamudil pouk in so ga napotili k ravnatelju. Če temu dodamo še zabaven videospot, se lahko brez težav vrnemo v preteklost.   Za prikaz vsebine je potrebno omogočite piškotke družbenih omrežij. OMOGOČI PIŠKOTKE Marilyn Manson – Lunchbox Brian Warner, bolj poznan kot Marilyn Manson, je bil v mladosti ljubitelj skupine Kiss in Alicea Coopra ter skrinjic za kosilo, da je o tem celo napisal pesem. &quot;Imam svojo skrinjo za kosilo, dobro sem oborožen,&quot; poje v refrenu, sicer pa pravi, da &quot;bi rad odrasel, bil velika rokenrol zvezda, da se ne bo nihče zaj**aval z njim&quot;. Ni odveč omeniti, da se mu je vse našteto tudi uresničilo. Za prikaz vsebine je potrebno omogočite piškotke družbenih omrežij. OMOGOČI PIŠKOTKE Wheatus – Teenage dirtbag Se spomnite filma Zguba z Jasonom Biggsom in Meno Suvari? Da, s tistim ljubiteljem ameriških pit in blondinko iz Lepote po ameriško? Če se že ne spomnite filma, pa vam je morda v glavi ostala pesem zasedbe Wheatus, ki poje o tem, kako sanja o njej, a ga ona ne opazi, kako njen fant nosi v šolo pištolo in bi ga zbrcal v rit, če bi vedel, da je zagledan vanjo in s katero bi rad poslušal Iron Maiden. Dokler ona ne kupi dveh vstopnic za njihov koncert in prizna, da je ravno taka najstniška zguba kot on? Res, pravo dekle iz sanj ... Za prikaz vsebine je potrebno omogočite piškotke družbenih omrežij. OMOGOČI PIŠKOTKE Jackson 5 – ABC Michael Jackson je pri še ne polnih dvanajstih letih že leta 1970 z brati imel uspešnico, ki je posegla po prvem mestu Billboardove lestvice, s katere je sklatila same Beatlese in njihovo pesem Let it be. Pesem sicer govori o tem, kako bo svoje dekle naučil abecede, če bo lepo ponavljala za njim A, B, C in ena, dva, tri. Za povrhu pa tudi, da je tako enostavna tudi ljubezen. V Jacksonovem primeru se je to, kasneje v življenju, ironično, izkazalo za vse prej kot enostavno ... Za prikaz vsebine je potrebno omogočite piškotke družbenih omrežij. OMOGOČI PIŠKOTKE Asher Roth – I love college &quot;Tista zabava sinoči je bila nora, želim si, da bi jo posneli,&quot; poje Asher Roth, ko govori o študenstskih zabavah, dekletih, popivanju in kosih pice za dolar. Njegova ležernost in tudi nazoren videospot vas težko pustijo hladne, saj vas vrnejo v nora študentska leta, če se jih seveda spomnite. Za prikaz vsebine je potrebno omogočite piškotke družbenih omrežij. OMOGOČI PIŠKOTKE Alice Cooper – School's out Vincent Furnier, bolje poznan kot Alice Cooper, je že leta 1972 napisal ultimativno pesem o koncu šole. &quot;Nič več svinčnikov, knjig, nič več grdih pogledov učiteljev, nič več pouka in ravnateljev, šolo so razstrelili na koščke.&quot;  Mogoče primernejša za konec šole kot pa za začetek, a vseeno ena najboljših rock himen na temo šole. Za prikaz vsebine je potrebno omogočite piškotke družbenih omrežij. OMOGOČI PIŠKOTKE Adi Smolar – Jaz ne grem v šolo Tudi Slovenci imamo kakšno šolsko, ena izmed njih je zagotovo Smolarjeva, ki pa je &quot;otrokom in staršem prijazna&quot;, govori pa o tem, da bi &quot;rajši kot šolo počitnice imel&quot;, saj &quot;ni nor, da v šoli bi sedel&quot;, hkrati pa postreže z nekaj dokazi, kako pameten je, da zares ne potrebuje šole. Adi, verjamemo ti, samo otrok nam prehudo ne hujskaj ... Za prikaz vsebine je potrebno omogočite piškotke družbenih omrežij. OMOGOČI PIŠKOTKE Racija – Stara Bolj ostri so bili v nekdaj popularni punk zasedbi Racija, ki so svoji učiteljici, ki je pet let učila pet predmetov, po punkovsko brez dlake na jeziku povedali vse in še več, v drugi polovici 90. let pa marsikateremu najstniškemu šolarju olajšali šolske dneve, ki so si z veseljem dali duška z vzklikanjem nazornega refrena pričujoče pesmi. Za prikaz vsebine je potrebno omogočite piškotke družbenih omrežij. OMOGOČI PIŠKOTKE Častni omembi: The Smiths - The Headmaster's Ritual / Nirvana - School Seznamu velja dodati vsaj še dve pesmi, in sicer in sicer mojstra ironije Morrisseya ter grunge prvake iz Seattla. Moz govori o tem, kako manchesterske šole vodijo grozljivi duhovi, v prastarih oblekah, ki so ljubosumni na mladino in poje &quot;rad bi šel domov in se odrekel izobrazbi kot slabi napaki&quot;. O nočni mori vsakega otroka je pisal tudi Kurt Cobain, četudi je naskrivaj kadil, hkrati pa tarna, &quot;ne boste verjeli, imam res srečo, ni odmora, spet si v srednji šoli&quot;. Za prikaz vsebine je potrebno omogočite piškotke družbenih omrežij. OMOGOČI PIŠKOTKE</article-text-transliterated>
	</article>
	<comments>
		<comments-count>3</comments-count>
		<comments-list>
			<comment comment-id="1">
				<comment-parent-id/>
				<comment-text>haha Racija, kako smo se drli na ta komad :D</comment-text>
				<comment-text-transliterated>haha Racija, kako smo se drli na ta komad :D</comment-text-transliterated>
			</comment>
			<comment comment-id="2">
				<comment-parent-id/>
				<comment-text>U to so bila prava leta! Ne pa sedaj otroci zaviti v vato itd...</comment-text>
				<comment-text-transliterated>U to so bila prava leta! Ne pa sedaj otroci zaviti v vato itd...</comment-text-transliterated>
			</comment>
			<comment comment-id="3">
				<comment-parent-id/>
				<comment-text>Pa ravno Alice Cooper je eden najbolj izobraženih glasbenikov na svetu... Nekako ne sodi pod ta naslov v nobenem kontekstu.</comment-text>
				<comment-text-transliterated>Pa ravno Alice Cooper je eden najbolj izobraženih glasbenikov na svetu... Nekako ne sodi pod ta naslov v nobenem kontekstu.</comment-text-transliterated>
			</comment>
		</comments-list>
	</comments>
</document>
