<?xml version="1.0" encoding="utf-8"?>
<document global-id="si-06-1371">
	<url>https://www.24ur.com/novice/slovenija/najela-vozilo-placala-600-evrov-pologa-nato-pa-so-ji-zaradi-manjse-skode-ki-je-ni-povzrocila-vzeli-ves-denar.html</url>
	<source-id>si-06</source-id>
	<local-id>1371</local-id>
	<source-name>ur24</source-name>
	<article>
		<article-title>Najela vozilo, plačala 600 evrov pologa, nato pa so ji zaradi manjše škode, ki je ni povzročila, vzeli ves denar</article-title>
		<article-title-transliterated>Najela vozilo, plačala 600 evrov pologa, nato pa so ji zaradi manjše škode, ki je ni povzročila, vzeli ves denar</article-title-transliterated>
		<article-time>2015-07-17</article-time>
		<article-author>N.Š.K.</article-author>
		<article-text>Evropski potrošniški center zadnja leta obravnava vedno več pritožb potrošnikov s področja najema vozil. Tako so obravnavali pritožbo ženske, ki je najela vozilo, plačala 600 evrov pologa, ko je nekdo opaskal vozilo in povzročil manjšo škodo, pa je agencija zadržala ves denar. Pritožbe, ki jih obravnavajo Evropski potrošniški centri (EPC), se največkrat nanašajo na nakupe blaga prek spleta, na zamude ali odpovedi letov, vse pogosteje pa se srečujejo tudi s primeri, kot je naslednji: &quot;Potrošnica je najela vozilo in plačala 600 evrov pologa. V času najema je nekdo opraskal avto in povzročil manjšo škodo, ocenjeno na manj kot 100 evrov. Ob vrnitvi vozila je agencija zadržala celoten znesek pologa, agent pa je voznici to utemeljil z obrazložitvijo, da je tako določeno v pogodbenih pogojih.&quot; Vedno več pritožb Ko najemate vozilo, bodite še posebej pozorni, kakšni so ključni pogoji in zahteve najema.FOTO: Thinkstock Opisani primer je le eden izmed 1750 primerov, ki jih je mreža EPC v preteklem letu obravnavala na področju najema vozil. Na podlagi strmega porasta pritožb v zadnjih letih (50 odstotkov več pritožb v letu 2014 glede na leto 2012), je Evropska komisija ob sodelovanju nacionalnih nadzornih organov pet največjih podjetij, ki se ukvarjajo z oddajo vozil v najem v EU (Avis-Budget, Enterprise, Europcar, Hertz, Sixt), pozvala k uskladitvi obstoječe prakse oddaje vozil v najem z zahtevami zakonodaje o varstvu potrošnikov, ki jih določajo pravila EU. Podjetja so sprejela dogovor o obsežnem pregledu svojega dosedanjega dela s strankami in obljubila naslednje izboljšave: boljša preglednost spletnih rezervacij, pri čemer imajo v mislih jasnejše informacije o vseh obveznih stroških in neobveznih dodatkih ter jasnejše informacije o ključnih pogojih in zahtevah najema, vključno s pologi, ki se bremenijo na kartici potrošnika. Boljše informacije v fazi rezervacije o osnovnemu kasko zavarovanju in drugih zavarovalnih produktih, vključno z njihovimi cenami, izjemami in upravičenimi dodatnimi stroški. Izboljšane in preglednejše politike glede goriva, jasnejši in bolj pošteni postopki pregleda vozila ter izboljšane prakse zaračunavanja dodatnih stroškov potrošniku. To pomeni, da mora biti potrošniku dana razumna možnost, da ugovarja oceni škode, preden mu podjetje bremeni račun. Navedeni ukrepi naj bi bili v celoti zaključeni že do konca leta 2015, ostajajo pa še nekatera odprta vprašanja, ki bi se jih bilo, po mnenju nacionalnih nadzornih organov, treba lotiti v prihodnje - odgovornost potrošnika za škodo, ki jo stori tretja oseba, prakse posrednikov, jezik, v katerem bi morali biti predstavljeni pogoji najema avtomobila v drugi državi članici, kritje, ki ga ponuja zavarovalnica v paketih za najem avtomobila in iskanje drugih možnosti za zavarovanje, ki so na voljo na trgu. Do pomoči z brezplačno aplikacijo Če potrebujete pomoč, ko naletite na težave v zvezi z najemom vozila, si lahko pomagate tudi z aplikacijo ECC-net:Travel, ki ponuja rešitve za različne težave, na katere lahko naletite v tujini. Aplikacija potrošnike seznanja z njihovimi pravicami, poleg tega pa omogoča, da nasprotni strani povedo ali pokažejo svojo zahtevo v jeziku, ki ga razume. Aplikacija je namreč na voljo v 25 evropskih jezikih, naložiti pa jo je možno v Apple app store(iOS), Google Playstore (Android) in v Windows Apps+GamesStore (Windows Phone). Deluje brez povezave, kar pomeni, da pri uporabi ne bo povzročila stroškov, še sporočajo iz EPC Slovenija.</article-text>
		<article-text-transliterated>Evropski potrošniški center zadnja leta obravnava vedno več pritožb potrošnikov s področja najema vozil. Tako so obravnavali pritožbo ženske, ki je najela vozilo, plačala 600 evrov pologa, ko je nekdo opaskal vozilo in povzročil manjšo škodo, pa je agencija zadržala ves denar. Pritožbe, ki jih obravnavajo Evropski potrošniški centri (EPC), se največkrat nanašajo na nakupe blaga prek spleta, na zamude ali odpovedi letov, vse pogosteje pa se srečujejo tudi s primeri, kot je naslednji: &quot;Potrošnica je najela vozilo in plačala 600 evrov pologa. V času najema je nekdo opraskal avto in povzročil manjšo škodo, ocenjeno na manj kot 100 evrov. Ob vrnitvi vozila je agencija zadržala celoten znesek pologa, agent pa je voznici to utemeljil z obrazložitvijo, da je tako določeno v pogodbenih pogojih.&quot; Vedno več pritožb Ko najemate vozilo, bodite še posebej pozorni, kakšni so ključni pogoji in zahteve najema.FOTO: Thinkstock Opisani primer je le eden izmed 1750 primerov, ki jih je mreža EPC v preteklem letu obravnavala na področju najema vozil. Na podlagi strmega porasta pritožb v zadnjih letih (50 odstotkov več pritožb v letu 2014 glede na leto 2012), je Evropska komisija ob sodelovanju nacionalnih nadzornih organov pet največjih podjetij, ki se ukvarjajo z oddajo vozil v najem v EU (Avis-Budget, Enterprise, Europcar, Hertz, Sixt), pozvala k uskladitvi obstoječe prakse oddaje vozil v najem z zahtevami zakonodaje o varstvu potrošnikov, ki jih določajo pravila EU. Podjetja so sprejela dogovor o obsežnem pregledu svojega dosedanjega dela s strankami in obljubila naslednje izboljšave: boljša preglednost spletnih rezervacij, pri čemer imajo v mislih jasnejše informacije o vseh obveznih stroških in neobveznih dodatkih ter jasnejše informacije o ključnih pogojih in zahtevah najema, vključno s pologi, ki se bremenijo na kartici potrošnika. Boljše informacije v fazi rezervacije o osnovnemu kasko zavarovanju in drugih zavarovalnih produktih, vključno z njihovimi cenami, izjemami in upravičenimi dodatnimi stroški. Izboljšane in preglednejše politike glede goriva, jasnejši in bolj pošteni postopki pregleda vozila ter izboljšane prakse zaračunavanja dodatnih stroškov potrošniku. To pomeni, da mora biti potrošniku dana razumna možnost, da ugovarja oceni škode, preden mu podjetje bremeni račun. Navedeni ukrepi naj bi bili v celoti zaključeni že do konca leta 2015, ostajajo pa še nekatera odprta vprašanja, ki bi se jih bilo, po mnenju nacionalnih nadzornih organov, treba lotiti v prihodnje - odgovornost potrošnika za škodo, ki jo stori tretja oseba, prakse posrednikov, jezik, v katerem bi morali biti predstavljeni pogoji najema avtomobila v drugi državi članici, kritje, ki ga ponuja zavarovalnica v paketih za najem avtomobila in iskanje drugih možnosti za zavarovanje, ki so na voljo na trgu. Do pomoči z brezplačno aplikacijo Če potrebujete pomoč, ko naletite na težave v zvezi z najemom vozila, si lahko pomagate tudi z aplikacijo ECC-net:Travel, ki ponuja rešitve za različne težave, na katere lahko naletite v tujini. Aplikacija potrošnike seznanja z njihovimi pravicami, poleg tega pa omogoča, da nasprotni strani povedo ali pokažejo svojo zahtevo v jeziku, ki ga razume. Aplikacija je namreč na voljo v 25 evropskih jezikih, naložiti pa jo je možno v Apple app store(iOS), Google Playstore (Android) in v Windows Apps+GamesStore (Windows Phone). Deluje brez povezave, kar pomeni, da pri uporabi ne bo povzročila stroškov, še sporočajo iz EPC Slovenija.</article-text-transliterated>
	</article>
	<comments>
		<comments-count>29</comments-count>
		<comments-list>
			<comment comment-id="1">
				<comment-parent-id/>
				<comment-text>O ljudje ne malikujte denarja. To je zgolj sredstvo. Ne hodite v banke po kredite. NE plačujte obresti. Ne kupujte čez svoje zmoznosti posebi v tem času, ki je tako nestabilen. Amen</comment-text>
				<comment-text-transliterated>O ljudje ne malikujte denarja. To je zgolj sredstvo. Ne hodite v banke po kredite. NE plačujte obresti. Ne kupujte čez svoje zmoznosti posebi v tem času, ki je tako nestabilen. Amen</comment-text-transliterated>
			</comment>
			<comment comment-id="1-1">
				<comment-parent-id>1</comment-parent-id>
				<comment-text>važno je kaj je podpisala ob najemu vozila.---prav je tako.</comment-text>
				<comment-text-transliterated>važno je kaj je podpisala ob najemu vozila.---prav je tako.</comment-text-transliterated>
			</comment>
			<comment comment-id="2">
				<comment-parent-id/>
				<comment-text>je opaskala ja</comment-text>
				<comment-text-transliterated>je opaskala ja</comment-text-transliterated>
			</comment>
			<comment comment-id="3">
				<comment-parent-id/>
				<comment-text>V kapitalizmu so lopovi na vsake4m koraku, kajti edini Bog je denar, ne glede na to, kako ga pridobiš. Za nekatere tuke spodaj so tile oderuhi celo največji frajerji.</comment-text>
				<comment-text-transliterated>V kapitalizmu so lopovi na vsake4m koraku, kajti edini Bog je denar, ne glede na to, kako ga pridobiš. Za nekatere tuke spodaj so tile oderuhi celo največji frajerji.</comment-text-transliterated>
			</comment>
			<comment comment-id="4">
				<comment-parent-id/>
				<comment-text>no da neki pojasnm... najprej ce ti naredis rezervacijo preko spleta je lahko tudi preko drugega podjetja in vam oni povrnejo denar v primeru nesrece, ko pa vi pridete do poslovalnice vam bo pa firma vzela neki zavaravanje oziroma naredila &amp;quot;blokado&amp;quot; v visi 1% odbitne fransize avtomobila. Zakaj je tako? Ker je to podjetje in v primeru da ti daš na dan (govorim zgolj v primeru) 100 avtomobilov in jih od tega 30 pripelje avto nazaj ki ne more biti več v uporabi 10 z manjšimi poškodbami in recimo 1 ukrade avto... je podjetje dejansko brez 41ih avtomobilov... ker morjo na popravilo... za to so te pologi zgolj zaradi zavarovanja... lahko dam tudi vsakdanji primer... posodite avto prijatelju... vam ga razbije... vi da greste kam boste morali na avtobus/vlak... ne glede na to ali imate kasko ali ne... potem pa ker je ona kriva boste sami placevali?</comment-text>
				<comment-text-transliterated>no da neki pojasnm... najprej ce ti naredis rezervacijo preko spleta je lahko tudi preko drugega podjetja in vam oni povrnejo denar v primeru nesrece, ko pa vi pridete do poslovalnice vam bo pa firma vzela neki zavaravanje oziroma naredila &amp;quot;blokado&amp;quot; v visi 1% odbitne fransize avtomobila. Zakaj je tako? Ker je to podjetje in v primeru da ti daš na dan (govorim zgolj v primeru) 100 avtomobilov in jih od tega 30 pripelje avto nazaj ki ne more biti več v uporabi 10 z manjšimi poškodbami in recimo 1 ukrade avto... je podjetje dejansko brez 41ih avtomobilov... ker morjo na popravilo... za to so te pologi zgolj zaradi zavarovanja... lahko dam tudi vsakdanji primer... posodite avto prijatelju... vam ga razbije... vi da greste kam boste morali na avtobus/vlak... ne glede na to ali imate kasko ali ne... potem pa ker je ona kriva boste sami placevali?</comment-text-transliterated>
			</comment>
			<comment comment-id="4-1">
				<comment-parent-id>4</comment-parent-id>
				<comment-text>Si napisal tako zmedeno, da verjetno še sam ne razumeš.</comment-text>
				<comment-text-transliterated>Si napisal tako zmedeno, da verjetno še sam ne razumeš.</comment-text-transliterated>
			</comment>
			<comment comment-id="4-2">
				<comment-parent-id>4</comment-parent-id>
				<comment-text>Ni čisto res. Varščino dejansko plačaš, ampak zagotovo ne v takšnih višinah. Najem vozila ford mondeo za 2 dni je 58 eur varščine. Za dolgotrajne najeme pa tam do 30% od zneska za celotno obdobje najema.</comment-text>
				<comment-text-transliterated>Ni čisto res. Varščino dejansko plačaš, ampak zagotovo ne v takšnih višinah. Najem vozila ford mondeo za 2 dni je 58 eur varščine. Za dolgotrajne najeme pa tam do 30% od zneska za celotno obdobje najema.</comment-text-transliterated>
			</comment>
			<comment comment-id="5">
				<comment-parent-id/>
				<comment-text>Šel gledat na avto net in videl da vozilo audi 1,9 tdi in tako dalje ,najameš lahko za 49€ na dan in spodaj piše da je v ceno všteto obvezno in kasko zavarovanje o pologu ne duha in sluha in gospa je pač na nek način padla v kremplje prevarantom, ne vem kakšni so bili pogoji najema, samo jaz jim ne bi dal pologa oziroma sploh ne bi najemal vozila pri njih. Pred leti sem tudi jaz imel vozilo od zavarovalnice in tudi ni bilo ne pologa edino opozorilo če sem jaz kriv za poškodbo sem dolžan poškodbo sanirati na svoj račun.</comment-text>
				<comment-text-transliterated>Šel gledat na avto net in videl da vozilo audi 1,9 tdi in tako dalje ,najameš lahko za 49€ na dan in spodaj piše da je v ceno všteto obvezno in kasko zavarovanje o pologu ne duha in sluha in gospa je pač na nek način padla v kremplje prevarantom, ne vem kakšni so bili pogoji najema, samo jaz jim ne bi dal pologa oziroma sploh ne bi najemal vozila pri njih. Pred leti sem tudi jaz imel vozilo od zavarovalnice in tudi ni bilo ne pologa edino opozorilo če sem jaz kriv za poškodbo sem dolžan poškodbo sanirati na svoj račun.</comment-text-transliterated>
			</comment>
			<comment comment-id="6">
				<comment-parent-id/>
				<comment-text>jst nevidim tuki problema, polog je ubistvu varščina oz. 1% odbitne franšize vrednosti novega vozila...jah tko je to nč namo uničevali tujega imetja pa ni važn al je to renta car al nevem kva...plačat je treba za povzročeno škodo</comment-text>
				<comment-text-transliterated>jst nevidim tuki problema, polog je ubistvu varščina oz. 1% odbitne franšize vrednosti novega vozila...jah tko je to nč namo uničevali tujega imetja pa ni važn al je to renta car al nevem kva...plačat je treba za povzročeno škodo</comment-text-transliterated>
			</comment>
			<comment comment-id="6-1">
				<comment-parent-id>6</comment-parent-id>
				<comment-text>uni pa k nasprotujete pa pojma nimate o splošnih pogojih rent a car</comment-text>
				<comment-text-transliterated>uni pa k nasprotujete pa pojma nimate o splošnih pogojih rent a car</comment-text-transliterated>
			</comment>
			<comment comment-id="6-2">
				<comment-parent-id>6</comment-parent-id>
				<comment-text>za škodo že, ne pa da šeskrat večjo varščino zadržijo</comment-text>
				<comment-text-transliterated>za škodo že, ne pa da šeskrat večjo varščino zadržijo</comment-text-transliterated>
			</comment>
			<comment comment-id="6-3">
				<comment-parent-id>6</comment-parent-id>
				<comment-text>Me zanima,če bi imel isto mnenje,če bi se tebi to zgodilo.</comment-text>
				<comment-text-transliterated>Me zanima,če bi imel isto mnenje,če bi se tebi to zgodilo.</comment-text-transliterated>
			</comment>
			<comment comment-id="6-4">
				<comment-parent-id>6</comment-parent-id>
				<comment-text>denar bo dobila nazaj, ko se vse &amp;quot;pošlihta&amp;quot; na zavarovalnici</comment-text>
				<comment-text-transliterated>denar bo dobila nazaj, ko se vse &amp;quot;pošlihta&amp;quot; na zavarovalnici</comment-text-transliterated>
			</comment>
			<comment comment-id="6-5">
				<comment-parent-id>6</comment-parent-id>
				<comment-text>&amp;quot;Svečka&amp;quot; spremen &amp;quot;slikco&amp;quot;. Je kot bi oblekel moje gate in šel na randi .. jaz bi šel raje nag. Sam tebe jemat resno pa res ni moč.</comment-text>
				<comment-text-transliterated>&amp;quot;Svečka&amp;quot; spremen &amp;quot;slikco&amp;quot;. Je kot bi oblekel moje gate in šel na randi .. jaz bi šel raje nag. Sam tebe jemat resno pa res ni moč.</comment-text-transliterated>
			</comment>
			<comment comment-id="6-6">
				<comment-parent-id>6</comment-parent-id>
				<comment-text>O ja ti svetilnik na koncu tunela hvala bogu, da vas imamo branilce oderuštva.</comment-text>
				<comment-text-transliterated>O ja ti svetilnik na koncu tunela hvala bogu, da vas imamo branilce oderuštva.</comment-text-transliterated>
			</comment>
			<comment comment-id="6-7">
				<comment-parent-id>6</comment-parent-id>
				<comment-text>birdslo, saj jim zavarovalnica pokriva škodo, tako kot tebi, če nisi kriv za storjeno škodo.</comment-text>
				<comment-text-transliterated>birdslo, saj jim zavarovalnica pokriva škodo, tako kot tebi, če nisi kriv za storjeno škodo.</comment-text-transliterated>
			</comment>
			<comment comment-id="7">
				<comment-parent-id/>
				<comment-text>včasih si lahko na ministr.za gospodarstvo lahko poslal vprašanje in dobil pisni odgovor na podobne težave. Sicer so vedno odgovarjali zunanji sodelavci ker zaposleni strokovni kader na minist.ni strokoven. Sedaj jih lahko pokličeš le po telefonu. Seveda , telefon je vseskozi zaseden. Ampak itak je ustni odgovor bolj tako, da lahko rečeš, da to delo nekdo odgovarja. Teža odgovora je podobna odgovorom kakšne vedeževalke. Sicer odlično del. mesto za zaposliti nekoga od sorodnikov. Dobro plačano in nikakršne odgovornosti (ki je v ju itak ni).</comment-text>
				<comment-text-transliterated>včasih si lahko na ministr.za gospodarstvo lahko poslal vprašanje in dobil pisni odgovor na podobne težave. Sicer so vedno odgovarjali zunanji sodelavci ker zaposleni strokovni kader na minist.ni strokoven. Sedaj jih lahko pokličeš le po telefonu. Seveda , telefon je vseskozi zaseden. Ampak itak je ustni odgovor bolj tako, da lahko rečeš, da to delo nekdo odgovarja. Teža odgovora je podobna odgovorom kakšne vedeževalke. Sicer odlično del. mesto za zaposliti nekoga od sorodnikov. Dobro plačano in nikakršne odgovornosti (ki je v ju itak ni).</comment-text-transliterated>
			</comment>
			<comment comment-id="8">
				<comment-parent-id/>
				<comment-text>Medrugim preverit kolikokrat je agencija za podobne postopke zadržala polog. Če večkrat, pomeni je odkrila novo tržno nišo in ji je posoja vozil postranska dejavnost</comment-text>
				<comment-text-transliterated>Medrugim preverit kolikokrat je agencija za podobne postopke zadržala polog. Če večkrat, pomeni je odkrila novo tržno nišo in ji je posoja vozil postranska dejavnost</comment-text-transliterated>
			</comment>
			<comment comment-id="8-1">
				<comment-parent-id>8</comment-parent-id>
				<comment-text>itak</comment-text>
				<comment-text-transliterated>itak</comment-text-transliterated>
			</comment>
			<comment comment-id="9">
				<comment-parent-id/>
				<comment-text>Pač takšni avti so Kasko zavarovani,in kwa je tukaj narobe če ko naredi škodo,edino če je v pijanem stanju naredil škodo tole sam plača po logiki---------------------------------------------------------------------------------------------------------bingo x Ljubljana--------------------------------------------------------------------------------------------------------</comment-text>
				<comment-text-transliterated>Pač takšni avti so Kasko zavarovani,in kwa je tukaj narobe če ko naredi škodo,edino če je v pijanem stanju naredil škodo tole sam plača po logiki---------------------------------------------------------------------------------------------------------bingo x Ljubljana--------------------------------------------------------------------------------------------------------</comment-text-transliterated>
			</comment>
			<comment comment-id="10">
				<comment-parent-id/>
				<comment-text>...ker je bila prefina, da mi mojega kupila za 600 eurov? Pa bi bil njen..</comment-text>
				<comment-text-transliterated>...ker je bila prefina, da mi mojega kupila za 600 eurov? Pa bi bil njen..</comment-text-transliterated>
			</comment>
			<comment comment-id="10-1">
				<comment-parent-id>10</comment-parent-id>
				<comment-text>kakšnega pa prodajaš? letnik je dobro ohranjen</comment-text>
				<comment-text-transliterated>kakšnega pa prodajaš? letnik je dobro ohranjen</comment-text-transliterated>
			</comment>
			<comment comment-id="10-2">
				<comment-parent-id>10</comment-parent-id>
				<comment-text>svetilnik plagiator</comment-text>
				<comment-text-transliterated>svetilnik plagiator</comment-text-transliterated>
			</comment>
			<comment comment-id="10-3">
				<comment-parent-id>10</comment-parent-id>
				<comment-text>spet ti kapljač1</comment-text>
				<comment-text-transliterated>spet ti kapljač1</comment-text-transliterated>
			</comment>
			<comment comment-id="10-4">
				<comment-parent-id>10</comment-parent-id>
				<comment-text>spremen &amp;quot;slikco&amp;quot;. Je kot bi oblekel moje gate in šel na randi .. jaz bi šel raje nag. Sam tebe jemat resno pa res ni moč.</comment-text>
				<comment-text-transliterated>spremen &amp;quot;slikco&amp;quot;. Je kot bi oblekel moje gate in šel na randi .. jaz bi šel raje nag. Sam tebe jemat resno pa res ni moč.</comment-text-transliterated>
			</comment>
			<comment comment-id="11">
				<comment-parent-id/>
				<comment-text>bodi samozadosten, ne zanašaj se na drugega, ne vstopaj v pogodbena razmerja, ne spravljaj se v odvisnost, ne najemaj posojil, prideluj hrano sam , ogrevaj se z drvmi oz. lastnim toplotnim virom, ne poročaj se, živi anonimno, a zase nadvse polno življenje, skrbi za svoje duhovno in fizično zdravje. bodi globoko veren. postani bogat, a ne izpostavljaj se. in noben ti nič ne more, kvečjemu ti pa boš lahko vsakemu jeb..* mater.</comment-text>
				<comment-text-transliterated>bodi samozadosten, ne zanašaj se na drugega, ne vstopaj v pogodbena razmerja, ne spravljaj se v odvisnost, ne najemaj posojil, prideluj hrano sam , ogrevaj se z drvmi oz. lastnim toplotnim virom, ne poročaj se, živi anonimno, a zase nadvse polno življenje, skrbi za svoje duhovno in fizično zdravje. bodi globoko veren. postani bogat, a ne izpostavljaj se. in noben ti nič ne more, kvečjemu ti pa boš lahko vsakemu jeb..* mater.</comment-text-transliterated>
			</comment>
			<comment comment-id="11-1">
				<comment-parent-id>11</comment-parent-id>
				<comment-text>.... bodi brez prijateljev, ne zaupaj nikomur, vse dobro vnaprej premisli.... Pa ti sploh živiš?</comment-text>
				<comment-text-transliterated>.... bodi brez prijateljev, ne zaupaj nikomur, vse dobro vnaprej premisli.... Pa ti sploh živiš?</comment-text-transliterated>
			</comment>
			<comment comment-id="11-2">
				<comment-parent-id>11</comment-parent-id>
				<comment-text>zmešal ga je lokalni župnik...</comment-text>
				<comment-text-transliterated>zmešal ga je lokalni župnik...</comment-text-transliterated>
			</comment>
			<comment comment-id="12">
				<comment-parent-id/>
				<comment-text>V čem je problem, ni zakon tak, da če je vozilo vrnjeno poškodovano, lahko zadržijo varščino, ... polog je namreč pri nakupu, ne izposoji.</comment-text>
				<comment-text-transliterated>V čem je problem, ni zakon tak, da če je vozilo vrnjeno poškodovano, lahko zadržijo varščino, ... polog je namreč pri nakupu, ne izposoji.</comment-text-transliterated>
			</comment>
		</comments-list>
	</comments>
</document>
