<?xml version="1.0" encoding="utf-8"?>
<document global-id="si-06-1175">
	<url>https://www.24ur.com/sport/nogomet/luxemburgo-razkril-zakaj-je-moral-oditi-iz-reala-perez-me-je-klical-da-se-ronalda-zaradi-spektakla-ne-potegne-iz-igre.html</url>
	<source-id>si-06</source-id>
	<local-id>1175</local-id>
	<source-name>ur24</source-name>
	<article>
		<article-title>Luxemburgo razkril, zakaj je moral iz Reala: Perez me je poklical in oštel, da se Ronalda zavoljo spektakla ne potegne iz igre</article-title>
		<article-title-transliterated>Luxemburgo razkril, zakaj je moral iz Reala: Perez me je poklical in oštel, da se Ronalda zavoljo spektakla ne potegne iz igre</article-title-transliterated>
		<article-time>2016-10-09</article-time>
		<article-author>M.G.</article-author>
		<article-text>Nekdanji trener Reala Vanderlei Luxemburgo je v nedavnem pogovoru za Fox Sports razkril, zakaj je moral zapustiti klop madridskega Reala, na kateri je preživel manj kot leto dni. Glavni razlog naj bi bila zamenjava legendarnega Ronalda el Fenomena. Po Perezu je brazilski trener obračunal še z Guardiolo. Luxemburgo je po več kot desetih letih razkril ozadje odhoda iz Real Madrida.FOTO: AP &quot;Dobro sem opravljal svoje delo, želja je bila, da bi nadaljeval, toda Florentino Perez me je odslovil po tekmi z Getafejem, kjer smo zmagali 1:0. Na tej tekmi je bil David Beckham izključen v prvem polčasu, v drugem pa sem v 43. minuti zamenjal Ronalda. V Španiji se ob nezadovoljstvu ne žvižga, temveč izvleče bele robčke, saj si želijo spektakla. Jaz sem si želel le zmagati tekmo. Predsednik kluba ni bil srečen. Poklical me je in me vprašal. 'Trener, zakaj si z zelenice odstranil Ronalda?' Dejal sem mu, da sem ga zamenjal, ker je bila tekma praktično zaključena in sem želel zmagati, imeli smo igralca manj. Odvrnil mi je: 'Toda tukaj ne smeš narediti tega, moraš jim dati spektakel, navijači si želijo spektakla.' Jaz pa sem mu odgovoril: 'Gospod predsednik, dovolite mi, da vam povem nekaj. Sem sem prišel delat in zmagovati tekme z namenom, da izpodrinem Barcelono. Nisem prišel sem, da bi vas prosil za službo, vi ste tisti, ki je odšel v Brazilijo, da bi me najel. Če niste zadovoljni, storite isto, kot ko ste me najeli, pošljite me daleč stran',&quot; je v pogovoru v oddaji Aqui com Benja (Tukaj z Benjo, op. p.) dejal nekdanji trener madridskega Reala Vanderlei Luxemburgo. Prav v tem pogovoru je priznal, da danes tega ne bi storil, toda nedopustno se mu zdi, da &quot;se kateri koli predsednik kluba na takšen način približa trenerju ali igralcu, ko mu po žilah še teče adrenalin&quot;. 'Guardiola ni dober trener, temveč …' Luxemburgo, ki je nazadnje deloval na Kitajskem, je ostre puščice nameril tudi nekdanjemu trenerju Barcelone Pepu Guardioli, ki si zdaj kruh služi v Manchester Cityju. &quot;Bolj kot trener je dober ''marketingar',&quot; je dejal Luxemburgo. &quot;Guardiola je osvajal lovorike z Barcelono. Nato je prišel Fernandez, čakajte, Luis Fernando? Luis Enrique, da. Prav tako zmaguje. Nato je Guardiola odšel v Bayern. Učil se je jezika eno leto, a ni zmogel realizirati svojega dela. Trener, ki je bil tam pred njim, 70-letnik, je osvojil trojno krono,&quot; je zaključil Luxemburgo.</article-text>
		<article-text-transliterated>Nekdanji trener Reala Vanderlei Luxemburgo je v nedavnem pogovoru za Fox Sports razkril, zakaj je moral zapustiti klop madridskega Reala, na kateri je preživel manj kot leto dni. Glavni razlog naj bi bila zamenjava legendarnega Ronalda el Fenomena. Po Perezu je brazilski trener obračunal še z Guardiolo. Luxemburgo je po več kot desetih letih razkril ozadje odhoda iz Real Madrida.FOTO: AP &quot;Dobro sem opravljal svoje delo, želja je bila, da bi nadaljeval, toda Florentino Perez me je odslovil po tekmi z Getafejem, kjer smo zmagali 1:0. Na tej tekmi je bil David Beckham izključen v prvem polčasu, v drugem pa sem v 43. minuti zamenjal Ronalda. V Španiji se ob nezadovoljstvu ne žvižga, temveč izvleče bele robčke, saj si želijo spektakla. Jaz sem si želel le zmagati tekmo. Predsednik kluba ni bil srečen. Poklical me je in me vprašal. 'Trener, zakaj si z zelenice odstranil Ronalda?' Dejal sem mu, da sem ga zamenjal, ker je bila tekma praktično zaključena in sem želel zmagati, imeli smo igralca manj. Odvrnil mi je: 'Toda tukaj ne smeš narediti tega, moraš jim dati spektakel, navijači si želijo spektakla.' Jaz pa sem mu odgovoril: 'Gospod predsednik, dovolite mi, da vam povem nekaj. Sem sem prišel delat in zmagovati tekme z namenom, da izpodrinem Barcelono. Nisem prišel sem, da bi vas prosil za službo, vi ste tisti, ki je odšel v Brazilijo, da bi me najel. Če niste zadovoljni, storite isto, kot ko ste me najeli, pošljite me daleč stran',&quot; je v pogovoru v oddaji Aqui com Benja (Tukaj z Benjo, op. p.) dejal nekdanji trener madridskega Reala Vanderlei Luxemburgo. Prav v tem pogovoru je priznal, da danes tega ne bi storil, toda nedopustno se mu zdi, da &quot;se kateri koli predsednik kluba na takšen način približa trenerju ali igralcu, ko mu po žilah še teče adrenalin&quot;. 'Guardiola ni dober trener, temveč …' Luxemburgo, ki je nazadnje deloval na Kitajskem, je ostre puščice nameril tudi nekdanjemu trenerju Barcelone Pepu Guardioli, ki si zdaj kruh služi v Manchester Cityju. &quot;Bolj kot trener je dober ''marketingar',&quot; je dejal Luxemburgo. &quot;Guardiola je osvajal lovorike z Barcelono. Nato je prišel Fernandez, čakajte, Luis Fernando? Luis Enrique, da. Prav tako zmaguje. Nato je Guardiola odšel v Bayern. Učil se je jezika eno leto, a ni zmogel realizirati svojega dela. Trener, ki je bil tam pred njim, 70-letnik, je osvojil trojno krono,&quot; je zaključil Luxemburgo.</article-text-transliterated>
	</article>
	<comments>
		<comments-count>6</comments-count>
		<comments-list>
			<comment comment-id="1">
				<comment-parent-id/>
				<comment-text>ze po izjavi kako so se menjal trenerji v Barci se vid da nima pojma</comment-text>
				<comment-text-transliterated>ze po izjavi kako so se menjal trenerji v Barci se vid da nima pojma</comment-text-transliterated>
			</comment>
			<comment comment-id="2">
				<comment-parent-id/>
				<comment-text>toti real je menjal več trenerjev ko perez gat..hahahah</comment-text>
				<comment-text-transliterated>toti real je menjal več trenerjev ko perez gat..hahahah</comment-text-transliterated>
			</comment>
			<comment comment-id="3">
				<comment-parent-id/>
				<comment-text>Clanek govori o ronaldu fenomenu, slika pa od ronalda kristine...</comment-text>
				<comment-text-transliterated>Clanek govori o ronaldu fenomenu, slika pa od ronalda kristine...</comment-text-transliterated>
			</comment>
			<comment comment-id="3-1">
				<comment-parent-id>3</comment-parent-id>
				<comment-text>Res je. Sramota kakšno skropocalo je ta članek!</comment-text>
				<comment-text-transliterated>Res je. Sramota kakšno skropocalo je ta članek!</comment-text-transliterated>
			</comment>
			<comment comment-id="4">
				<comment-parent-id/>
				<comment-text>Spomnim se ga. Nic kaj posebnega ni bil.</comment-text>
				<comment-text-transliterated>Spomnim se ga. Nic kaj posebnega ni bil.</comment-text-transliterated>
			</comment>
			<comment comment-id="5">
				<comment-parent-id/>
				<comment-text>Najlazje je druge pljuvat. Ker ligo prvakov je pa cist simpl zmagat.</comment-text>
				<comment-text-transliterated>Najlazje je druge pljuvat. Ker ligo prvakov je pa cist simpl zmagat.</comment-text-transliterated>
			</comment>
		</comments-list>
	</comments>
</document>
