<?xml version="1.0" encoding="utf-8"?>
<document global-id="si-06-1278">
	<url>https://www.24ur.com/ekskluziv/znan-obraz-ima-svoj-glas/miso-kontrec-bo-aniko-ucil-romscine.html</url>
	<source-id>si-06</source-id>
	<local-id>1278</local-id>
	<source-name>ur24</source-name>
	<article>
		<article-title>Mišo Kontrec bo Aniko učil romščine</article-title>
		<article-title-transliterated>Mišo Kontrec bo Aniko učil romščine</article-title-transliterated>
		<article-time>2016-03-21</article-time>
		<article-author>A.K.</article-author>
		<article-text>V 3. oddaji šova Znan obraz ima svoj glas je bila Anika Horvat Mišev odlično vloženi joker. Preobrazila se je v legendarno Amy Winehouse in s svojo imitacijo več kot navdušila. V zameno za uslugo pa si je zaželela, da bi jo Mišo naučil romskega jezika. Ruleta v 2. oddaji šova Znan obraz ima svoj glas se je za Miša Kontreca ustavila pri Amy Winehouse, ki je bila zanj malce prevelik zalogaj. Malo zaradi angleščine, malo zaradi spremembe spola. &quot;Moral bi se še depilirati,&quot; je svoje pomisleke delil Mišo. Tako se je odločil, da bo vložil jokerja. Ves teden je Rene objavljala namige, kdo vloženi joker je, v 3. oddaji pa smo se lahko kaj hitro prepričali, da je to odlična slovenska pevka Anika Horvat. Priznala je, da imitacije sploh niso mačji kašelj. &quot;Ko se skušaš vživeti v osebo, kmalu ugotoviš, da je kup detajlov. Ko enega osvojiš, pride že drugi,&quot; je razložila. Mišo je ostal po njenem nastopu skorajda brez besed, dogovorila pa sta se, da jo bo v zameno za uslugo naučil romskega jezika.  Anika se je odlično odrezala v vlogi Amy Winehouse.FOTO: Miro Majcen Nedelje ob 20.00 so tako znova rezervirane za najboljšo zabavo! Več preverite z VOYO dostopom.</article-text>
		<article-text-transliterated>V 3. oddaji šova Znan obraz ima svoj glas je bila Anika Horvat Mišev odlično vloženi joker. Preobrazila se je v legendarno Amy Winehouse in s svojo imitacijo več kot navdušila. V zameno za uslugo pa si je zaželela, da bi jo Mišo naučil romskega jezika. Ruleta v 2. oddaji šova Znan obraz ima svoj glas se je za Miša Kontreca ustavila pri Amy Winehouse, ki je bila zanj malce prevelik zalogaj. Malo zaradi angleščine, malo zaradi spremembe spola. &quot;Moral bi se še depilirati,&quot; je svoje pomisleke delil Mišo. Tako se je odločil, da bo vložil jokerja. Ves teden je Rene objavljala namige, kdo vloženi joker je, v 3. oddaji pa smo se lahko kaj hitro prepričali, da je to odlična slovenska pevka Anika Horvat. Priznala je, da imitacije sploh niso mačji kašelj. &quot;Ko se skušaš vživeti v osebo, kmalu ugotoviš, da je kup detajlov. Ko enega osvojiš, pride že drugi,&quot; je razložila. Mišo je ostal po njenem nastopu skorajda brez besed, dogovorila pa sta se, da jo bo v zameno za uslugo naučil romskega jezika.  Anika se je odlično odrezala v vlogi Amy Winehouse.FOTO: Miro Majcen Nedelje ob 20.00 so tako znova rezervirane za najboljšo zabavo! Več preverite z VOYO dostopom.</article-text-transliterated>
	</article>
	<comments>
		<comments-count>8</comments-count>
		<comments-list>
			<comment comment-id="1">
				<comment-parent-id/>
				<comment-text>Kakšna razlika med pevko in &amp;quot;zvezdniki&amp;quot;</comment-text>
				<comment-text-transliterated>Kakšna razlika med pevko in &amp;quot;zvezdniki&amp;quot;</comment-text-transliterated>
			</comment>
			<comment comment-id="2">
				<comment-parent-id/>
				<comment-text>On se še prej mora naučiti Slovenščine</comment-text>
				<comment-text-transliterated>On se še prej mora naučiti Slovenščine</comment-text-transliterated>
			</comment>
			<comment comment-id="2-1">
				<comment-parent-id>2</comment-parent-id>
				<comment-text>Tudi ti se moraš; slovenščine se piše z malo!</comment-text>
				<comment-text-transliterated>Tudi ti se moraš; slovenščine se piše z malo!</comment-text-transliterated>
			</comment>
			<comment comment-id="3">
				<comment-parent-id/>
				<comment-text>Učil jo bo romščine? Kvazi novinar, misliš, učil jo bo romščino. &amp;quot;Romščine&amp;quot; je dajalnik, kar pomeni, da bi izraz pasal v opis, da je NE bo učil romščine. Nazaj v osnovno šolo!</comment-text>
				<comment-text-transliterated>Učil jo bo romščine? Kvazi novinar, misliš, učil jo bo romščino. &amp;quot;Romščine&amp;quot; je dajalnik, kar pomeni, da bi izraz pasal v opis, da je NE bo učil romščine. Nazaj v osnovno šolo!</comment-text-transliterated>
			</comment>
			<comment comment-id="3-1">
				<comment-parent-id>3</comment-parent-id>
				<comment-text>Ja meni se tudi zdi da je to dajalnik(4.sklon). Ne bo jo učil romščine ...če že...</comment-text>
				<comment-text-transliterated>Ja meni se tudi zdi da je to dajalnik(4.sklon). Ne bo jo učil romščine ...če že...</comment-text-transliterated>
			</comment>
			<comment comment-id="3-2">
				<comment-parent-id>3</comment-parent-id>
				<comment-text>@Ana Vidic: Rodilnik, ne dajalnik. @nenajdem: Četrti sklon je tožilnik. Oba nazaj v OŠ!</comment-text>
				<comment-text-transliterated>@Ana Vidic: Rodilnik, ne dajalnik. @nenajdem: Četrti sklon je tožilnik. Oba nazaj v OŠ!</comment-text-transliterated>
			</comment>
			<comment comment-id="4">
				<comment-parent-id/>
				<comment-text>A je od tiste blondinke v ziriji,hcerka se v New Yorku?????</comment-text>
				<comment-text-transliterated>A je od tiste blondinke v ziriji,hcerka se v New Yorku?????</comment-text-transliterated>
			</comment>
			<comment comment-id="4-1">
				<comment-parent-id>4</comment-parent-id>
				<comment-text>Ja, in spi v nekdanji postelji Roberta de Nira.....:))))))</comment-text>
				<comment-text-transliterated>Ja, in spi v nekdanji postelji Roberta de Nira.....:))))))</comment-text-transliterated>
			</comment>
		</comments-list>
	</comments>
</document>
