<?xml version="1.0" encoding="utf-8"?>
<document global-id="si-06-1271">
	<url>https://www.24ur.com/novice/slovenija/ministrstvo-za-kulturo-zacasno-prevzema-jernej-pikalo.html</url>
	<source-id>si-06</source-id>
	<local-id>1271</local-id>
	<source-name>ur24</source-name>
	<article>
		<article-title>Ministrstvo za kulturo začasno prevzema Jernej Pikalo</article-title>
		<article-title-transliterated>Ministrstvo za kulturo začasno prevzema Jernej Pikalo</article-title-transliterated>
		<article-time>2019-01-28</article-time>
		<article-author>Ti.Š. / STA / S.P.</article-author>
		<article-text>Ministrstvo za kulturo bo začasno vodil minister za izobraževanje, znanost in šport Jernej Pikalo. To je predsedniku DZ Dejanu Židanu sporočil premier Marjan Šarec, potem ko je sprejel odstop ministra Dejana Prešička. A vsi ti odhodi očitno ne zamajejo priljubljenosti premierja Šarca. Ministrstvo za kulturo začasno prevzema Jernej Pikalo.FOTO: Damjan Žibert Dejanu Prešičku bo funkcija sicer prenehala, ko se bo DZ z odstopom seznanil na seji. Obvestilo o odstopu ministra, ki ga je predsednik vlade Marjan Šarec danes poslal v DZ, se na dnevni red seje DZ v skladu s poslovnikom uvrsti najpozneje v sedmih dneh po prejemu obvestila. V desetih dneh po prenehanju funkcije ministra mora predsednik vlade predlagati novega ministra ali obvestiti DZ, da bo funkcijo tega ministra začasno opravljal sam ali jo poveril drugemu ministru. A je Šarec takšno obvestilo v DZ posredoval že danes, v njem pa zapisal, da bo funkcijo začasno opravljal Pikalo. Minister za izobraževanje je ob tem poudaril, da gre za začasno funkcijo, medtem ko kultura po njegovih besedah potrebuje &quot;nekoga s polnimi pooblastili, ki bo mogoče nekoliko drugače zapeljal to kulturno barko&quot;. In če utegne SD to afero plačati s padcem javne podpore -  tudi bivši premier Miro Cerar je ob podobnih ministrskih aferah strmo tonil - pa to nikakor ne velja za aktualnega premierja, ki ob takšnih priložnostih odreagira odločno in taktično obračuna s še posebej glasnimi koalicijskimi partnerji. Danes je tako javno okrcal tudi ministra Karla Erjavca in Cerarja, ker sta 'afero Prešiček' še pred njim javno komentirala. Židan, ki je tudi predsednik SD, iz katere izhaja Prešiček, je sicer v izjavi za medije pojasnil, da v stranki že danes začenjajo vsa opravila, ki so potrebna za imenovanje novega ministra ali ministrice za kulturo. Šarec je namreč danes sprejel odstop ministra za kulturo, želi pa, da odideta tudi državna sekretarja na tem ministrstvu. Ob tem je spomnil na nekatere dosežke ministra oziroma stvari, ki jih je minister premaknil, a ocenil, da so odnosi na ministrstvu skrhani do te mere, da si ne zna predstavljati, kako bi lahko dosedanja zasedba delala naprej. Prešiček je Šarcu svoj odstop ponudil v nedeljo zvečer. Nanj so leteli očitki glede zlorabe položaja, ker je službeni avto uporabljal v zasebne namene, kar je tudi priznal, in šikaniranja podrejenih, kar zanika. Premier Marjan ŠarecFOTO: POP TV Od kod rekordna podpora Šarčevi vladi? In če je zaradi 'afere Prešiček' zdaj ranjena, tudi osramočena Židanova SD, podobno kot je bila zaradi Marka Bandellija SAB, pa te afere in odhodi ministrov očitno ne zamajajo priljubljenosti predsednika vlade Šarca, ampak jo samo okrepijo. Po mnenju Mateja Tonina zato, ker &quot;je potegnil poteze ki jih ljudje pričakujejo&quot;, Maša Kociper pa meni, da Šarec komunicira na način ki je ljudem bližje, &quot;v jeziku ki ga lažje razumejo&quot;. Miro Cerar je sicer prepričan, da je k njegovi priljubljenosti pripomoglo dejstvo, &quot;da smo zdaj kar razdelili nekaj denarja&quot;. Kljub večji javni porabi pa premier pred poslanci zagotavlja: rebalans je optimalen, v skladu s fiskalnimi pravili, pa da se zmanjšuje tudi javni dolg.</article-text>
		<article-text-transliterated>Ministrstvo za kulturo bo začasno vodil minister za izobraževanje, znanost in šport Jernej Pikalo. To je predsedniku DZ Dejanu Židanu sporočil premier Marjan Šarec, potem ko je sprejel odstop ministra Dejana Prešička. A vsi ti odhodi očitno ne zamajejo priljubljenosti premierja Šarca. Ministrstvo za kulturo začasno prevzema Jernej Pikalo.FOTO: Damjan Žibert Dejanu Prešičku bo funkcija sicer prenehala, ko se bo DZ z odstopom seznanil na seji. Obvestilo o odstopu ministra, ki ga je predsednik vlade Marjan Šarec danes poslal v DZ, se na dnevni red seje DZ v skladu s poslovnikom uvrsti najpozneje v sedmih dneh po prejemu obvestila. V desetih dneh po prenehanju funkcije ministra mora predsednik vlade predlagati novega ministra ali obvestiti DZ, da bo funkcijo tega ministra začasno opravljal sam ali jo poveril drugemu ministru. A je Šarec takšno obvestilo v DZ posredoval že danes, v njem pa zapisal, da bo funkcijo začasno opravljal Pikalo. Minister za izobraževanje je ob tem poudaril, da gre za začasno funkcijo, medtem ko kultura po njegovih besedah potrebuje &quot;nekoga s polnimi pooblastili, ki bo mogoče nekoliko drugače zapeljal to kulturno barko&quot;. In če utegne SD to afero plačati s padcem javne podpore -  tudi bivši premier Miro Cerar je ob podobnih ministrskih aferah strmo tonil - pa to nikakor ne velja za aktualnega premierja, ki ob takšnih priložnostih odreagira odločno in taktično obračuna s še posebej glasnimi koalicijskimi partnerji. Danes je tako javno okrcal tudi ministra Karla Erjavca in Cerarja, ker sta 'afero Prešiček' še pred njim javno komentirala. Židan, ki je tudi predsednik SD, iz katere izhaja Prešiček, je sicer v izjavi za medije pojasnil, da v stranki že danes začenjajo vsa opravila, ki so potrebna za imenovanje novega ministra ali ministrice za kulturo. Šarec je namreč danes sprejel odstop ministra za kulturo, želi pa, da odideta tudi državna sekretarja na tem ministrstvu. Ob tem je spomnil na nekatere dosežke ministra oziroma stvari, ki jih je minister premaknil, a ocenil, da so odnosi na ministrstvu skrhani do te mere, da si ne zna predstavljati, kako bi lahko dosedanja zasedba delala naprej. Prešiček je Šarcu svoj odstop ponudil v nedeljo zvečer. Nanj so leteli očitki glede zlorabe položaja, ker je službeni avto uporabljal v zasebne namene, kar je tudi priznal, in šikaniranja podrejenih, kar zanika. Premier Marjan ŠarecFOTO: POP TV Od kod rekordna podpora Šarčevi vladi? In če je zaradi 'afere Prešiček' zdaj ranjena, tudi osramočena Židanova SD, podobno kot je bila zaradi Marka Bandellija SAB, pa te afere in odhodi ministrov očitno ne zamajajo priljubljenosti predsednika vlade Šarca, ampak jo samo okrepijo. Po mnenju Mateja Tonina zato, ker &quot;je potegnil poteze ki jih ljudje pričakujejo&quot;, Maša Kociper pa meni, da Šarec komunicira na način ki je ljudem bližje, &quot;v jeziku ki ga lažje razumejo&quot;. Miro Cerar je sicer prepričan, da je k njegovi priljubljenosti pripomoglo dejstvo, &quot;da smo zdaj kar razdelili nekaj denarja&quot;. Kljub večji javni porabi pa premier pred poslanci zagotavlja: rebalans je optimalen, v skladu s fiskalnimi pravili, pa da se zmanjšuje tudi javni dolg.</article-text-transliterated>
	</article>
	<comments>
		<comments-count>38</comments-count>
		<comments-list>
			<comment comment-id="1">
				<comment-parent-id/>
				<comment-text>Slovenija rabi KULTURNE ministre, ne pa ministra za kulturo. Ukinit ministrstvo za kulturo in kulturo k kakemu drugemu ministrstvu priključit, saj smo v časih brez ministrov za kulturo imeli več mednarodno priznanih umetnikov.</comment-text>
				<comment-text-transliterated>Slovenija rabi KULTURNE ministre, ne pa ministra za kulturo. Ukinit ministrstvo za kulturo in kulturo k kakemu drugemu ministrstvu priključit, saj smo v časih brez ministrov za kulturo imeli več mednarodno priznanih umetnikov.</comment-text-transliterated>
			</comment>
			<comment comment-id="2">
				<comment-parent-id/>
				<comment-text>A je že mogoč kakšna stavka na vidiku dolgo je že mir..</comment-text>
				<comment-text-transliterated>A je že mogoč kakšna stavka na vidiku dolgo je že mir..</comment-text-transliterated>
			</comment>
			<comment comment-id="3">
				<comment-parent-id/>
				<comment-text>V JU mal zajokajo pa so ministri že na udaru hahaaaa..</comment-text>
				<comment-text-transliterated>V JU mal zajokajo pa so ministri že na udaru hahaaaa..</comment-text-transliterated>
			</comment>
			<comment comment-id="4">
				<comment-parent-id/>
				<comment-text>Začasno 😂😂😂😂😂😂.</comment-text>
				<comment-text-transliterated>Začasno 😂😂😂😂😂😂.</comment-text-transliterated>
			</comment>
			<comment comment-id="5">
				<comment-parent-id/>
				<comment-text>Šarec je nad njimi, nihče mu ne bo blatil plesa—pa še odločen in hiter je, ko se mu kdo spotakne na parketu!</comment-text>
				<comment-text-transliterated>Šarec je nad njimi, nihče mu ne bo blatil plesa—pa še odločen in hiter je, ko se mu kdo spotakne na parketu!</comment-text-transliterated>
			</comment>
			<comment comment-id="6">
				<comment-parent-id/>
				<comment-text>spet se bojo ene 2-3 leta ukwarjali sami s sabo pa z lopowskimi ministri po strankah itd : ))) reforme čakalne wrste w zdrawstwu pa nimajo kle kej dost weze : ))) lohka počakajo dokler ne škripnejo : ))))</comment-text>
				<comment-text-transliterated>spet se bojo ene 2-3 leta ukwarjali sami s sabo pa z lopowskimi ministri po strankah itd : ))) reforme čakalne wrste w zdrawstwu pa nimajo kle kej dost weze : ))) lohka počakajo dokler ne škripnejo : ))))</comment-text-transliterated>
			</comment>
			<comment comment-id="7">
				<comment-parent-id/>
				<comment-text>SD bo predlagala Škoberneta, pozna položaj</comment-text>
				<comment-text-transliterated>SD bo predlagala Škoberneta, pozna položaj</comment-text-transliterated>
			</comment>
			<comment comment-id="7-1">
				<comment-parent-id>7</comment-parent-id>
				<comment-text>kobal je taprau : ))) lagat zna krast tut : ))) idealen za ministra : ))))</comment-text>
				<comment-text-transliterated>kobal je taprau : ))) lagat zna krast tut : ))) idealen za ministra : ))))</comment-text-transliterated>
			</comment>
			<comment comment-id="8">
				<comment-parent-id/>
				<comment-text>Ni vedel, da je &quot;mobing&quot; kaznivo dejanje..</comment-text>
				<comment-text-transliterated>Ni vedel, da je &quot;mobing&quot; kaznivo dejanje..</comment-text-transliterated>
			</comment>
			<comment comment-id="8-1">
				<comment-parent-id>8</comment-parent-id>
				<comment-text>Pa saj ni trpinčil ljudi, če &quot;glih ni blo mus&quot;.</comment-text>
				<comment-text-transliterated>Pa saj ni trpinčil ljudi, če &quot;glih ni blo mus&quot;.</comment-text-transliterated>
			</comment>
			<comment comment-id="8-2">
				<comment-parent-id>8</comment-parent-id>
				<comment-text>Se bojim, da včasih lahko poživčkal nad temi razvajenimi aparatčiki. Le zakaj ni tista ženska na soočenju povedala, kaj je bilo v Ukrajini (ali kateri že bližnjih držav)? Jo je nadrl (tudi jaz sem kdaj koga, ko mi je preveč dvignil dekel), je preklinjal, grozil?</comment-text>
				<comment-text-transliterated>Se bojim, da včasih lahko poživčkal nad temi razvajenimi aparatčiki. Le zakaj ni tista ženska na soočenju povedala, kaj je bilo v Ukrajini (ali kateri že bližnjih držav)? Jo je nadrl (tudi jaz sem kdaj koga, ko mi je preveč dvignil dekel), je preklinjal, grozil?</comment-text-transliterated>
			</comment>
			<comment comment-id="9">
				<comment-parent-id/>
				<comment-text>naslednji prosim...za odhod!</comment-text>
				<comment-text-transliterated>naslednji prosim...za odhod!</comment-text-transliterated>
			</comment>
			<comment comment-id="10">
				<comment-parent-id/>
				<comment-text>A se še ni razletela ta vlada, premier pa visoka podpora, pa koga vi zaj....vsak dan po ena afera, ko se človek sili, pa ni za nikamor...kakšna priljubljenost neki...odgovornost medijev je pri nas velika, razni Vilfani, brez parazitov nam živeti ni, lagano sportski, javnosektorsko ane, podpora pa do neba...</comment-text>
				<comment-text-transliterated>A se še ni razletela ta vlada, premier pa visoka podpora, pa koga vi zaj....vsak dan po ena afera, ko se človek sili, pa ni za nikamor...kakšna priljubljenost neki...odgovornost medijev je pri nas velika, razni Vilfani, brez parazitov nam živeti ni, lagano sportski, javnosektorsko ane, podpora pa do neba...</comment-text-transliterated>
			</comment>
			<comment comment-id="10-1">
				<comment-parent-id>10</comment-parent-id>
				<comment-text>Krainrland - A si slišal za kakšno afero glede DENARJA? Da se pa preds.vlade odloča kot se, pa normalni in pošteni podpiramo. Naj se konča&quot;naši lahko&quot;, kajti gre za vse Slovence, NE le peščico. Šarec se tega zaveda. . . . . . . . . .</comment-text>
				<comment-text-transliterated>Krainrland - A si slišal za kakšno afero glede DENARJA? Da se pa preds.vlade odloča kot se, pa normalni in pošteni podpiramo. Naj se konča&quot;naši lahko&quot;, kajti gre za vse Slovence, NE le peščico. Šarec se tega zaveda. . . . . . . . . .</comment-text-transliterated>
			</comment>
			<comment comment-id="10-2">
				<comment-parent-id>10</comment-parent-id>
				<comment-text>Si kdaj slišala za visoke obrate..sam vprašam.</comment-text>
				<comment-text-transliterated>Si kdaj slišala za visoke obrate..sam vprašam.</comment-text-transliterated>
			</comment>
			<comment comment-id="11">
				<comment-parent-id/>
				<comment-text>Jao, jao, jao pa on ne zna enega ministrstva voditi a zdaj mu je pripadla čast, da kar dva na enkrat zavozi.</comment-text>
				<comment-text-transliterated>Jao, jao, jao pa on ne zna enega ministrstva voditi a zdaj mu je pripadla čast, da kar dva na enkrat zavozi.</comment-text-transliterated>
			</comment>
			<comment comment-id="11-1">
				<comment-parent-id>11</comment-parent-id>
				<comment-text>FC Chelsea - začasno!, dokler SD ne najde oz.se odloči iz svojih vrst za drugega - upam, normalnega ministra.</comment-text>
				<comment-text-transliterated>FC Chelsea - začasno!, dokler SD ne najde oz.se odloči iz svojih vrst za drugega - upam, normalnega ministra.</comment-text-transliterated>
			</comment>
			<comment comment-id="11-2">
				<comment-parent-id>11</comment-parent-id>
				<comment-text>a kdo pozna katerega normalnega sd ministra iz preteklosti?</comment-text>
				<comment-text-transliterated>a kdo pozna katerega normalnega sd ministra iz preteklosti?</comment-text-transliterated>
			</comment>
			<comment comment-id="11-3">
				<comment-parent-id>11</comment-parent-id>
				<comment-text>tudi začasno je dovolj, da se marsikaj zavozi.  Predvsem pa normalnega odvisno koga vprašaš kaj je to normalno Prešičkova napaka je bila zloraba položaja avtomobila ampak na ministrstvu so se ga znebili predvsem zato, ker jim je ukazal, da sedaj se bo pa tudi delajo in to jim seveda ni dišalo.</comment-text>
				<comment-text-transliterated>tudi začasno je dovolj, da se marsikaj zavozi.  Predvsem pa normalnega odvisno koga vprašaš kaj je to normalno Prešičkova napaka je bila zloraba položaja avtomobila ampak na ministrstvu so se ga znebili predvsem zato, ker jim je ukazal, da sedaj se bo pa tudi delajo in to jim seveda ni dišalo.</comment-text-transliterated>
			</comment>
			<comment comment-id="12">
				<comment-parent-id/>
				<comment-text>Politične igrice. Kot zmeraj. Pa nehajte nabijat da ima Šarec podporo. Ljudje te vlade sploh ne podpirajo. Vsega imamo dovolj. Podpirate jo novinarji in vladajoče stranke. Ljudje se sam zase še zanimajo in to da preživijo.</comment-text>
				<comment-text-transliterated>Politične igrice. Kot zmeraj. Pa nehajte nabijat da ima Šarec podporo. Ljudje te vlade sploh ne podpirajo. Vsega imamo dovolj. Podpirate jo novinarji in vladajoče stranke. Ljudje se sam zase še zanimajo in to da preživijo.</comment-text-transliterated>
			</comment>
			<comment comment-id="13">
				<comment-parent-id/>
				<comment-text>Ma kaj pretiravate z neko gromozansko podporo...</comment-text>
				<comment-text-transliterated>Ma kaj pretiravate z neko gromozansko podporo...</comment-text-transliterated>
			</comment>
			<comment comment-id="14">
				<comment-parent-id/>
				<comment-text>Neverjetno kakšna država smo, eni imajo po tri službe, medtem ko drugi izobraženi ne dobijo niti ene zaposlitve.</comment-text>
				<comment-text-transliterated>Neverjetno kakšna država smo, eni imajo po tri službe, medtem ko drugi izobraženi ne dobijo niti ene zaposlitve.</comment-text-transliterated>
			</comment>
			<comment comment-id="14-1">
				<comment-parent-id>14</comment-parent-id>
				<comment-text>Kje si diplomiral, v Skopju na fakulteti Cirila in Metoda kot Zmago?</comment-text>
				<comment-text-transliterated>Kje si diplomiral, v Skopju na fakulteti Cirila in Metoda kot Zmago?</comment-text-transliterated>
			</comment>
			<comment comment-id="14-2">
				<comment-parent-id>14</comment-parent-id>
				<comment-text>Za tebe pa dvomim, da imaš sploh srednjo šolo, kar dokazuješ z svojimi komentarji.</comment-text>
				<comment-text-transliterated>Za tebe pa dvomim, da imaš sploh srednjo šolo, kar dokazuješ z svojimi komentarji.</comment-text-transliterated>
			</comment>
			<comment comment-id="14-3">
				<comment-parent-id>14</comment-parent-id>
				<comment-text>Odpri firmo! Ti bi vse na državne stroške. Kandidirej!</comment-text>
				<comment-text-transliterated>Odpri firmo! Ti bi vse na državne stroške. Kandidirej!</comment-text-transliterated>
			</comment>
			<comment comment-id="15">
				<comment-parent-id/>
				<comment-text>kaj pa levičarski podenj gre v bruselj bolje bi bilo da bi šlo v sarajevo</comment-text>
				<comment-text-transliterated>kaj pa levičarski podenj gre v bruselj bolje bi bilo da bi šlo v sarajevo</comment-text-transliterated>
			</comment>
			<comment comment-id="16">
				<comment-parent-id/>
				<comment-text>Penzija party tuc tuc tuc</comment-text>
				<comment-text-transliterated>Penzija party tuc tuc tuc</comment-text-transliterated>
			</comment>
			<comment comment-id="17">
				<comment-parent-id/>
				<comment-text>HOČEMO BORISA !!!!!!!!</comment-text>
				<comment-text-transliterated>HOČEMO BORISA !!!!!!!!</comment-text-transliterated>
			</comment>
			<comment comment-id="17-1">
				<comment-parent-id>17</comment-parent-id>
				<comment-text>Tako je. Borisa.</comment-text>
				<comment-text-transliterated>Tako je. Borisa.</comment-text-transliterated>
			</comment>
			<comment comment-id="18">
				<comment-parent-id/>
				<comment-text>Stvari se premikajo v pravo smer ,,samo to zanima narod ,</comment-text>
				<comment-text-transliterated>Stvari se premikajo v pravo smer ,,samo to zanima narod ,</comment-text-transliterated>
			</comment>
			<comment comment-id="19">
				<comment-parent-id/>
				<comment-text>Marjan postavlja figure, krog se oža</comment-text>
				<comment-text-transliterated>Marjan postavlja figure, krog se oža</comment-text-transliterated>
			</comment>
			<comment comment-id="19-1">
				<comment-parent-id>19</comment-parent-id>
				<comment-text>Ne sanjaj, brez ostalih je Marjan gotof.</comment-text>
				<comment-text-transliterated>Ne sanjaj, brez ostalih je Marjan gotof.</comment-text-transliterated>
			</comment>
			<comment comment-id="19-2">
				<comment-parent-id>19</comment-parent-id>
				<comment-text>Marjan bo na naslednjih volitvah sam vodil vlado. Ne rabi ne levih, ne desnih zdraharjev.</comment-text>
				<comment-text-transliterated>Marjan bo na naslednjih volitvah sam vodil vlado. Ne rabi ne levih, ne desnih zdraharjev.</comment-text-transliterated>
			</comment>
			<comment comment-id="20">
				<comment-parent-id/>
				<comment-text>Joj zakaj Pikalo, ki je že tako obremenjen vse povsod. Boris je zdaj prost. Borisa naj dajo. SD ima pa ja dovolj kadra na klopi.</comment-text>
				<comment-text-transliterated>Joj zakaj Pikalo, ki je že tako obremenjen vse povsod. Boris je zdaj prost. Borisa naj dajo. SD ima pa ja dovolj kadra na klopi.</comment-text-transliterated>
			</comment>
			<comment comment-id="21">
				<comment-parent-id/>
				<comment-text>Miro Cerar je sicer prepričan, da je k njegovi priljubljenosti pripomoglo dejstvo, &quot;da smo zdaj kar razdelili nekaj denarja&quot;.</comment-text>
				<comment-text-transliterated>Miro Cerar je sicer prepričan, da je k njegovi priljubljenosti pripomoglo dejstvo, &quot;da smo zdaj kar razdelili nekaj denarja&quot;.</comment-text-transliterated>
			</comment>
			<comment comment-id="21-1">
				<comment-parent-id>21</comment-parent-id>
				<comment-text>Ni to, njegov uspeh je v njegovi preprostosti in poštenosti ter jasnem govoru, brez nepotrebnih tujk, katerega lahko razume vsak državljan.</comment-text>
				<comment-text-transliterated>Ni to, njegov uspeh je v njegovi preprostosti in poštenosti ter jasnem govoru, brez nepotrebnih tujk, katerega lahko razume vsak državljan.</comment-text-transliterated>
			</comment>
			<comment comment-id="22">
				<comment-parent-id/>
				<comment-text>Joj,Pikalo je že minister,poleg ministrovanja dela še na fakulteti sedaj še začasni minitser kulture.To pa je nekulturno.</comment-text>
				<comment-text-transliterated>Joj,Pikalo je že minister,poleg ministrovanja dela še na fakulteti sedaj še začasni minitser kulture.To pa je nekulturno.</comment-text-transliterated>
			</comment>
			<comment comment-id="23">
				<comment-parent-id/>
				<comment-text>Lepo je okrco Korlna in Cerarja! hahaha</comment-text>
				<comment-text-transliterated>Lepo je okrco Korlna in Cerarja! hahaha</comment-text-transliterated>
			</comment>
		</comments-list>
	</comments>
</document>
