<?xml version="1.0" encoding="utf-8"?>
<document global-id="si-06-1221">
	<url>https://www.24ur.com/novice/slovenija/nekaj-vec-kot-6500-dijakov-bo-danes-seznanjenih-z-rezultati-letosnje-splosne-mature.html</url>
	<source-id>si-06</source-id>
	<local-id>1221</local-id>
	<source-name>ur24</source-name>
	<article>
		<article-title>Maturo opravilo več kot 93 odstotkov kandidatov, 15 jih je doseglo vse možne točke</article-title>
		<article-title-transliterated>Maturo opravilo več kot 93 odstotkov kandidatov, 15 jih je doseglo vse možne točke</article-title-transliterated>
		<article-time>2017-07-10</article-time>
		<article-author>STA</article-author>
		<article-text>Na Ministrstvu za izobraževanje so predstavili rezultate letošnje mature, ki kažejo na več kot 93-odstotno uspešnost kandidatov. Maturantov, ki so dosegli vse možne točke na splošni maturi, je 15, od tega devet deklet in šest fantov. Novost letošnje mature je izdajanje certifikatov za znanje tujega jezika. VEČ VIDEOVSEBIN 02:11 Iz 24UR: Kako uspešni so bili maturanti? 02:10 Iz SVETA: Rezultati mature 02:03 Iz SVETA: Kako so maturanti pričakali rezultate? Iz SVETA: Nastja Rudolf maturo opravila brez napak Maturo je uspešno opravilo 5699 od skupno 6376 kandidatov.FOTO: Thinkstock V prostorih državnega izpitnega centra so predstavili rezultate letošnje mature, ki kažejo na več kot 93-odstotno uspešnost kandidatov. Ministrica za izobraževanje Maja Makovec Brenčič je dejala, da so z rezultati zadovoljni in da bistvenih odstopanj od preteklih let ni. Novost letošnje mature je izdajanje certifikatov za znanje tujega jezika. Splošno maturo je po navedbah ministrice za izobraževanje, znanost in šport Makovec Brenčičeve na 83 šolah opravljalo 6376 kandidatov, kar je manj kot lani, ko jih je bilo 6890. Maturo je opravilo 5699 kandidatov, kar je 93,45 odstotka. Lani je bilo uspešnih 94,40 odstotka kandidatov. Maturantov, ki so dosegli vse možne točke na splošni maturi, je 15, od tega devet deklet in šest fantov. Prihajajo iz 12 gimnazij v devetih krajih. Skupaj z njimi je še 245 maturantov, ki so na spomladanskem izpitnem roku splošne mature dosegli 30 do 34 točk. Vseh zlatih maturantov 23. generacije je po navedbah ministrice 260, tako kot julija lani, prihajajo pa s 43 gimnazij. Poklicno maturo letošnjega spomladanskega izpitnega roka so na 143 srednjih šolah in organizacijah za izobraževanje odraslih skupaj opravljali 8003 kandidati, od tega 6890 dijakov in 1113 ostalih. &quot;Rezultati poklicne mature prav tako kažejo zelo lep uspeh, saj jo je prvič v celoti opravljalo 7528 kandidatov, kar je 93,2 odstotka vseh,&quot; je dejala ministrica na današnji novinarski konferenci. Tudi na poklicni maturi je bilo kandidatov nekaj manj kot lani, ko jo je opravljalo 8042 kandidatov. Kandidatov z vsemi točkami na poklicni maturi je bilo 59, od tega 43 deklet in 16 fantov. Prihajajo pa s 37 šol iz 18 različnih krajev po Sloveniji. Sicer so bili dijaki uspešni v 93,5 odstotka in ostali v 89,7 odstotka, je dodala. Slovenski dijaki se uvrščajo v sam vrh med več kot 1300 šolami po svetu Mednarodno maturo je opravljalo 62 dijakov iz Slovenije in 22 tujcev. Dijak ljubljanske Gimnazije Bežigrad pa je dosegel vseh 45 točk. Podatki tudi letos kažejo, da se dijaki slovenskih gimnazij z odličnimi dosežki uvrščajo v sam vrh med več kot 1300 šolami po svetu, kjer opravljajo mednarodno maturo, je poudarila Makovec Brenčičeva. V nadaljevanju je izpostavila novost letošnje mature, to je izdajanje certifikatov z evropsko ravnijo znanja tujega jezika za angleški, nemški, italijanski, francoski in španski jezik. Tako bo pri splošni maturi izdanih 5086 certifikatov, pri poklicni pa 3254, je še dodala ministrica. Predsednik državne komisije za splošno maturo Blaž Zmazek je med drugim povedal, da so kandidati opravljali splošno maturo iz 35 maturitetnih predmetov, skupno je bilo izvedenih 32.956 izpitov, 1125 zunanjih ocenjevalcev je ocenilo 68.843 izpitnih pol. Komisija je po njegovih besedah zadovoljna ob rezultatih, doseženih na letošnji splošni maturi, in je ocenila, da sta zahtevnost in težavnost letošnje splošne mature v spomladanskem roku primerljivi z zahtevnostjo splošne mature v preteklih letih. Neuspešnih je bilo 373 kandidatov, ki splošne mature niso opravili. Tisti z eno ali dvema negativnima ocenama bodo lahko v naslednjih izpitnih rokih opravljali popravne izpite, tisti s tremi ali več negativnimi ocenami pa bodo ponovno opravljali maturo v celoti, je pojasnil. &quot;Poklicna matura je danes malo manj stresna zaradi tega, ker kandidati že en teden vedo za svoje rezultate,&quot; je menil predsednik komisije za poklicno maturo Boris Dular. Vsekakor pa je poklicno izobraževanje na srednji ravni po njegovi oceni izredno pomemben steber slovenskega šolstva za bero kadrov za gospodarstvo. Direktor Državnega izpitnega centra Darko Zupanc je spomnil, da kandidati v treh dneh po objavi rezultatov lahko oddajo na državni izpitni center zahtevo za vpogled v izpitno dokumentacijo, lahko pa vložijo tudi pisni ugovor na način izračuna izpitne ocene ali obrazložen pisni ugovor na oceno. Sicer pa je v torek zadnji rok za prijavo k jesenskemu izpitnemu roku splošne mature, je opozoril Zupanc. Ministrica za izobraževanje Maja Makovec Brenčič je z rezultati mature zadovoljna.FOTO: Aljoša Kravanja Število dijakov, ki opravljajo splošno maturo, upada Na spomladanski rok splošne mature sta se letos na 84 šolah prvič prijavila 6502 kandidata, kar je za 500 manj kot lani. Slednje tudi sledi splošnemu trendu v srednjem šolstvu, kjer število tistih, ki opravljajo splošno maturo, zaradi zmanjševanja števila dijakov v zadnjih letih upada. Vsi prijavljeni na spomladanski rok letošnje splošne mature so preskuse začeli v začetku maja s pisanjem eseja iz materinščine. Letošnji tematski sklop je imel naslov Človek v kolesju sistema, in je obsegal besedili Vladimirja Bartola Alamut in Aldousa Huxleya Krasni novi svet. Konec maja so kandidati pisali izpit iz angleščine in drugi del izpita iz maternega jezika. Do sredine junija so potekali pisni izpiti iz preostalih predmetov, v drugi polovici junija pa ustni izpiti. Na spomladanskem roku je splošno maturo v minulih letih uspešno opravilo od 84 do 87 odstotkov prijavljenih kandidatov, letno pa od 86 do 89 odstotkov. Tisti, ki so opravljali poklicno maturo, so bili z dosežki seznanjeni pred enim tednom.</article-text>
		<article-text-transliterated>Na Ministrstvu za izobraževanje so predstavili rezultate letošnje mature, ki kažejo na več kot 93-odstotno uspešnost kandidatov. Maturantov, ki so dosegli vse možne točke na splošni maturi, je 15, od tega devet deklet in šest fantov. Novost letošnje mature je izdajanje certifikatov za znanje tujega jezika. VEČ VIDEOVSEBIN 02:11 Iz 24UR: Kako uspešni so bili maturanti? 02:10 Iz SVETA: Rezultati mature 02:03 Iz SVETA: Kako so maturanti pričakali rezultate? Iz SVETA: Nastja Rudolf maturo opravila brez napak Maturo je uspešno opravilo 5699 od skupno 6376 kandidatov.FOTO: Thinkstock V prostorih državnega izpitnega centra so predstavili rezultate letošnje mature, ki kažejo na več kot 93-odstotno uspešnost kandidatov. Ministrica za izobraževanje Maja Makovec Brenčič je dejala, da so z rezultati zadovoljni in da bistvenih odstopanj od preteklih let ni. Novost letošnje mature je izdajanje certifikatov za znanje tujega jezika. Splošno maturo je po navedbah ministrice za izobraževanje, znanost in šport Makovec Brenčičeve na 83 šolah opravljalo 6376 kandidatov, kar je manj kot lani, ko jih je bilo 6890. Maturo je opravilo 5699 kandidatov, kar je 93,45 odstotka. Lani je bilo uspešnih 94,40 odstotka kandidatov. Maturantov, ki so dosegli vse možne točke na splošni maturi, je 15, od tega devet deklet in šest fantov. Prihajajo iz 12 gimnazij v devetih krajih. Skupaj z njimi je še 245 maturantov, ki so na spomladanskem izpitnem roku splošne mature dosegli 30 do 34 točk. Vseh zlatih maturantov 23. generacije je po navedbah ministrice 260, tako kot julija lani, prihajajo pa s 43 gimnazij. Poklicno maturo letošnjega spomladanskega izpitnega roka so na 143 srednjih šolah in organizacijah za izobraževanje odraslih skupaj opravljali 8003 kandidati, od tega 6890 dijakov in 1113 ostalih. &quot;Rezultati poklicne mature prav tako kažejo zelo lep uspeh, saj jo je prvič v celoti opravljalo 7528 kandidatov, kar je 93,2 odstotka vseh,&quot; je dejala ministrica na današnji novinarski konferenci. Tudi na poklicni maturi je bilo kandidatov nekaj manj kot lani, ko jo je opravljalo 8042 kandidatov. Kandidatov z vsemi točkami na poklicni maturi je bilo 59, od tega 43 deklet in 16 fantov. Prihajajo pa s 37 šol iz 18 različnih krajev po Sloveniji. Sicer so bili dijaki uspešni v 93,5 odstotka in ostali v 89,7 odstotka, je dodala. Slovenski dijaki se uvrščajo v sam vrh med več kot 1300 šolami po svetu Mednarodno maturo je opravljalo 62 dijakov iz Slovenije in 22 tujcev. Dijak ljubljanske Gimnazije Bežigrad pa je dosegel vseh 45 točk. Podatki tudi letos kažejo, da se dijaki slovenskih gimnazij z odličnimi dosežki uvrščajo v sam vrh med več kot 1300 šolami po svetu, kjer opravljajo mednarodno maturo, je poudarila Makovec Brenčičeva. V nadaljevanju je izpostavila novost letošnje mature, to je izdajanje certifikatov z evropsko ravnijo znanja tujega jezika za angleški, nemški, italijanski, francoski in španski jezik. Tako bo pri splošni maturi izdanih 5086 certifikatov, pri poklicni pa 3254, je še dodala ministrica. Predsednik državne komisije za splošno maturo Blaž Zmazek je med drugim povedal, da so kandidati opravljali splošno maturo iz 35 maturitetnih predmetov, skupno je bilo izvedenih 32.956 izpitov, 1125 zunanjih ocenjevalcev je ocenilo 68.843 izpitnih pol. Komisija je po njegovih besedah zadovoljna ob rezultatih, doseženih na letošnji splošni maturi, in je ocenila, da sta zahtevnost in težavnost letošnje splošne mature v spomladanskem roku primerljivi z zahtevnostjo splošne mature v preteklih letih. Neuspešnih je bilo 373 kandidatov, ki splošne mature niso opravili. Tisti z eno ali dvema negativnima ocenama bodo lahko v naslednjih izpitnih rokih opravljali popravne izpite, tisti s tremi ali več negativnimi ocenami pa bodo ponovno opravljali maturo v celoti, je pojasnil. &quot;Poklicna matura je danes malo manj stresna zaradi tega, ker kandidati že en teden vedo za svoje rezultate,&quot; je menil predsednik komisije za poklicno maturo Boris Dular. Vsekakor pa je poklicno izobraževanje na srednji ravni po njegovi oceni izredno pomemben steber slovenskega šolstva za bero kadrov za gospodarstvo. Direktor Državnega izpitnega centra Darko Zupanc je spomnil, da kandidati v treh dneh po objavi rezultatov lahko oddajo na državni izpitni center zahtevo za vpogled v izpitno dokumentacijo, lahko pa vložijo tudi pisni ugovor na način izračuna izpitne ocene ali obrazložen pisni ugovor na oceno. Sicer pa je v torek zadnji rok za prijavo k jesenskemu izpitnemu roku splošne mature, je opozoril Zupanc. Ministrica za izobraževanje Maja Makovec Brenčič je z rezultati mature zadovoljna.FOTO: Aljoša Kravanja Število dijakov, ki opravljajo splošno maturo, upada Na spomladanski rok splošne mature sta se letos na 84 šolah prvič prijavila 6502 kandidata, kar je za 500 manj kot lani. Slednje tudi sledi splošnemu trendu v srednjem šolstvu, kjer število tistih, ki opravljajo splošno maturo, zaradi zmanjševanja števila dijakov v zadnjih letih upada. Vsi prijavljeni na spomladanski rok letošnje splošne mature so preskuse začeli v začetku maja s pisanjem eseja iz materinščine. Letošnji tematski sklop je imel naslov Človek v kolesju sistema, in je obsegal besedili Vladimirja Bartola Alamut in Aldousa Huxleya Krasni novi svet. Konec maja so kandidati pisali izpit iz angleščine in drugi del izpita iz maternega jezika. Do sredine junija so potekali pisni izpiti iz preostalih predmetov, v drugi polovici junija pa ustni izpiti. Na spomladanskem roku je splošno maturo v minulih letih uspešno opravilo od 84 do 87 odstotkov prijavljenih kandidatov, letno pa od 86 do 89 odstotkov. Tisti, ki so opravljali poklicno maturo, so bili z dosežki seznanjeni pred enim tednom.</article-text-transliterated>
	</article>
	<comments>
		<comments-count>60</comments-count>
		<comments-list>
			<comment comment-id="1">
				<comment-parent-id/>
				<comment-text>V mojih casih je bilo zlatih maturantov trideset. Sedaj jih je 15 odstotkov... Se malo, pa bodo vsi zlati... Imam slab obcutek, da so standardi nekoliko padli...</comment-text>
				<comment-text-transliterated>V mojih casih je bilo zlatih maturantov trideset. Sedaj jih je 15 odstotkov... Se malo, pa bodo vsi zlati... Imam slab obcutek, da so standardi nekoliko padli...</comment-text-transliterated>
			</comment>
			<comment comment-id="2">
				<comment-parent-id/>
				<comment-text>TUKAJ JE MALO SUMLJIVO, JAZ BI DAL ŠE ENKRAT SUMIM DA SO SAMO TAKŠNI KI IMAJO ŠE DODATNO POMOČ,ŠE ENKRAT NAJ GREDO IN DA VIDIMO,JAZ SEM PREPRIČAN DA TOKRAT NEBO TAKO ENOSTAVNO.</comment-text>
				<comment-text-transliterated>TUKAJ JE MALO SUMLJIVO, JAZ BI DAL ŠE ENKRAT SUMIM DA SO SAMO TAKŠNI KI IMAJO ŠE DODATNO POMOČ,ŠE ENKRAT NAJ GREDO IN DA VIDIMO,JAZ SEM PREPRIČAN DA TOKRAT NEBO TAKO ENOSTAVNO.</comment-text-transliterated>
			</comment>
			<comment comment-id="3">
				<comment-parent-id/>
				<comment-text>Ko sem prebral uvod in v njem omenjene številke se mi zdi, da smo pravzaprav kompletno šolstvo prodali v milost in nemilost staršem zaradi borih 15% odličnjakov. Patetično je to, da bi vsi skupaj preživeli tudi z 8%. No ja, odvetniki bi služili manj...</comment-text>
				<comment-text-transliterated>Ko sem prebral uvod in v njem omenjene številke se mi zdi, da smo pravzaprav kompletno šolstvo prodali v milost in nemilost staršem zaradi borih 15% odličnjakov. Patetično je to, da bi vsi skupaj preživeli tudi z 8%. No ja, odvetniki bi služili manj...</comment-text-transliterated>
			</comment>
			<comment comment-id="4">
				<comment-parent-id/>
				<comment-text>Sama bodoča FDV kliantela....paraziti družbe!</comment-text>
				<comment-text-transliterated>Sama bodoča FDV kliantela....paraziti družbe!</comment-text-transliterated>
			</comment>
			<comment comment-id="5">
				<comment-parent-id/>
				<comment-text>Zej pa vsi na FDV in pol jamrat, da kjub doktoratu (iz gofljanja) ni službe.</comment-text>
				<comment-text-transliterated>Zej pa vsi na FDV in pol jamrat, da kjub doktoratu (iz gofljanja) ni službe.</comment-text-transliterated>
			</comment>
			<comment comment-id="5-1">
				<comment-parent-id>5</comment-parent-id>
				<comment-text>a lahko vprašam kajs i pa ti šrudiral, če sploh si? ker noben študij ni lahek, v tem času je pa še težje najti službo, ne gkede na to katerem faksu si. ni nobene potrebe po pljuvanju po študentih fdvja</comment-text>
				<comment-text-transliterated>a lahko vprašam kajs i pa ti šrudiral, če sploh si? ker noben študij ni lahek, v tem času je pa še težje najti službo, ne gkede na to katerem faksu si. ni nobene potrebe po pljuvanju po študentih fdvja</comment-text-transliterated>
			</comment>
			<comment comment-id="6">
				<comment-parent-id/>
				<comment-text>Matura je prelahka, če jo opravi 93% šolarjev. To je samo degradiranje šolstva. Včasih je obstajala razlika med poklicno in srednjo šolo, sedaj pa srednjo uspešno opravi že vsak krethen.</comment-text>
				<comment-text-transliterated>Matura je prelahka, če jo opravi 93% šolarjev. To je samo degradiranje šolstva. Včasih je obstajala razlika med poklicno in srednjo šolo, sedaj pa srednjo uspešno opravi že vsak krethen.</comment-text-transliterated>
			</comment>
			<comment comment-id="6-1">
				<comment-parent-id>6</comment-parent-id>
				<comment-text>Sej tudi včasih je lahko srednjo šolo opravil vsak, ampam včasih ni bilo toliko interesa, ker v socializmu izobrazba pač ni bila zelo zaželjena, takrat je bila vrlina kramp in lopata im čim manj razmišljat....</comment-text>
				<comment-text-transliterated>Sej tudi včasih je lahko srednjo šolo opravil vsak, ampam včasih ni bilo toliko interesa, ker v socializmu izobrazba pač ni bila zelo zaželjena, takrat je bila vrlina kramp in lopata im čim manj razmišljat....</comment-text-transliterated>
			</comment>
			<comment comment-id="6-2">
				<comment-parent-id>6</comment-parent-id>
				<comment-text>Če bi bila res lahka bi bi bili vsi zlati maturantje. Amapk moraš pomislt, da moraš do mature skozi štiri leta srednje šole prej in da je to pa najtežje nardit. govorim kot gimnazijka, da ni lahko. Pa matura iz slovenščine bi morala bit po mojem mnenju še težja kot je, glede na to, da pismenost v zadnjih letih v sloveniji malce upada</comment-text>
				<comment-text-transliterated>Če bi bila res lahka bi bi bili vsi zlati maturantje. Amapk moraš pomislt, da moraš do mature skozi štiri leta srednje šole prej in da je to pa najtežje nardit. govorim kot gimnazijka, da ni lahko. Pa matura iz slovenščine bi morala bit po mojem mnenju še težja kot je, glede na to, da pismenost v zadnjih letih v sloveniji malce upada</comment-text-transliterated>
			</comment>
			<comment comment-id="7">
				<comment-parent-id/>
				<comment-text>Piflarji, kva češ, stara pesem.</comment-text>
				<comment-text-transliterated>Piflarji, kva češ, stara pesem.</comment-text-transliterated>
			</comment>
			<comment comment-id="8">
				<comment-parent-id/>
				<comment-text>Lepo bo z maturo cement premetavat</comment-text>
				<comment-text-transliterated>Lepo bo z maturo cement premetavat</comment-text-transliterated>
			</comment>
			<comment comment-id="9">
				<comment-parent-id/>
				<comment-text>za na kruh namazat</comment-text>
				<comment-text-transliterated>za na kruh namazat</comment-text-transliterated>
			</comment>
			<comment comment-id="10">
				<comment-parent-id/>
				<comment-text>Ta statistika je žalostna, čedalje manj je inteligentne mladine, ki imajo oprane možgane in navade, da za kariero denar in uspeh nista več pomembna izobrazba na papirju.....žal....... Tudi jaz sem to spoznal šele po letih po magisteriju.....da sem od tam odnesel v bistvu nič..... Študiranje se splača samo peščici, ki imajo starše na visokih položajih v JU, da pol razpis prilagodijo svojim nesposobnim otrokom , da ima tako izobrazbo, pa takšno št. noge, pa star med 29-30 itd........</comment-text>
				<comment-text-transliterated>Ta statistika je žalostna, čedalje manj je inteligentne mladine, ki imajo oprane možgane in navade, da za kariero denar in uspeh nista več pomembna izobrazba na papirju.....žal....... Tudi jaz sem to spoznal šele po letih po magisteriju.....da sem od tam odnesel v bistvu nič..... Študiranje se splača samo peščici, ki imajo starše na visokih položajih v JU, da pol razpis prilagodijo svojim nesposobnim otrokom , da ima tako izobrazbo, pa takšno št. noge, pa star med 29-30 itd........</comment-text-transliterated>
			</comment>
			<comment comment-id="10-1">
				<comment-parent-id>10</comment-parent-id>
				<comment-text>študirati se splača vsakomur, ker študij ni samo formalna izobrazba, ampak tudi izkušnje, ki jih pridobiš ob študiju. seveda obsajajo ljudje, kk jim nobena diploma ne pomaga, ampak tako je bilo vedno. In ni res, da dobijo službo samo tisti, ki imajo bogate starše,to je samo izgovor za nesposobne, ki krivijo vse okoli sebe. Vsak diplomant,kj pridobi znanje in se trudi slej ko prej dobi službo, samoza to je potrebno kaj storiti, ne samo mahati s papirjem.</comment-text>
				<comment-text-transliterated>študirati se splača vsakomur, ker študij ni samo formalna izobrazba, ampak tudi izkušnje, ki jih pridobiš ob študiju. seveda obsajajo ljudje, kk jim nobena diploma ne pomaga, ampak tako je bilo vedno. In ni res, da dobijo službo samo tisti, ki imajo bogate starše,to je samo izgovor za nesposobne, ki krivijo vse okoli sebe. Vsak diplomant,kj pridobi znanje in se trudi slej ko prej dobi službo, samoza to je potrebno kaj storiti, ne samo mahati s papirjem.</comment-text-transliterated>
			</comment>
			<comment comment-id="10-2">
				<comment-parent-id>10</comment-parent-id>
				<comment-text>Delno maš prav....mora imeti veze in poznanstva........</comment-text>
				<comment-text-transliterated>Delno maš prav....mora imeti veze in poznanstva........</comment-text-transliterated>
			</comment>
			<comment comment-id="11">
				<comment-parent-id/>
				<comment-text>Kdo bo delal, če pa prevladujejo otroci bogatih...upajo na uvoz, ampak nisem prepričan....da bo tako enostavno.,,ampk delat bo mogu edn, vsaj travo pokosit in pomagat ostarelemu prebivalstvu...pozabljajo na vrli &amp;quot;diplomirani igralci&amp;quot; od voditeljev in politikov, da pa so otroci od srddnjega in nižjega sloja tisto kar bo družbo v prihodnosti pokonci držalo....nenazadnje so le-ti tudi to družbo do te mere skozi zgodovino pripeljali. Zadnjih 30 let od leta 1985, ko začeli devize množično iz jugoslovanskih zalog z trahtorji krast, pa se gradi in časti samo sloj najbogatejših....na račun katerega se je srednji sloj že zelo uničilo in se krepi revšna....otrok zato vsako četo manj, in težnje po uvozu čimveč tujcev....kajti bogatuni in otroci od njih seveda ne bodo in nočejo delat, zakaj bi....mislim pa, da si tudi z migranti in cigani na dolgi rok ne bodo kljub spodobnemu plusu nakradenega na kontu ne bo izšlo.,,zakon narave se ne izzide</comment-text>
				<comment-text-transliterated>Kdo bo delal, če pa prevladujejo otroci bogatih...upajo na uvoz, ampak nisem prepričan....da bo tako enostavno.,,ampk delat bo mogu edn, vsaj travo pokosit in pomagat ostarelemu prebivalstvu...pozabljajo na vrli &amp;quot;diplomirani igralci&amp;quot; od voditeljev in politikov, da pa so otroci od srddnjega in nižjega sloja tisto kar bo družbo v prihodnosti pokonci držalo....nenazadnje so le-ti tudi to družbo do te mere skozi zgodovino pripeljali. Zadnjih 30 let od leta 1985, ko začeli devize množično iz jugoslovanskih zalog z trahtorji krast, pa se gradi in časti samo sloj najbogatejših....na račun katerega se je srednji sloj že zelo uničilo in se krepi revšna....otrok zato vsako četo manj, in težnje po uvozu čimveč tujcev....kajti bogatuni in otroci od njih seveda ne bodo in nočejo delat, zakaj bi....mislim pa, da si tudi z migranti in cigani na dolgi rok ne bodo kljub spodobnemu plusu nakradenega na kontu ne bo izšlo.,,zakon narave se ne izzide</comment-text-transliterated>
			</comment>
			<comment comment-id="12">
				<comment-parent-id/>
				<comment-text>vsi smo najpametnejši!! JEEE!</comment-text>
				<comment-text-transliterated>vsi smo najpametnejši!! JEEE!</comment-text-transliterated>
			</comment>
			<comment comment-id="13">
				<comment-parent-id/>
				<comment-text>kaj so jim dali lahka prašanja tko kot pri meni sem imel za obkrožit pravilen dogovor da al ne</comment-text>
				<comment-text-transliterated>kaj so jim dali lahka prašanja tko kot pri meni sem imel za obkrožit pravilen dogovor da al ne</comment-text-transliterated>
			</comment>
			<comment comment-id="14">
				<comment-parent-id/>
				<comment-text>kdo bo pa delal</comment-text>
				<comment-text-transliterated>kdo bo pa delal</comment-text-transliterated>
			</comment>
			<comment comment-id="14-1">
				<comment-parent-id>14</comment-parent-id>
				<comment-text>s kom bodo delali?če imaš v eni roki tablico,v drugi pametni telefon,si 100%invalid in pika...</comment-text>
				<comment-text-transliterated>s kom bodo delali?če imaš v eni roki tablico,v drugi pametni telefon,si 100%invalid in pika...</comment-text-transliterated>
			</comment>
			<comment comment-id="14-2">
				<comment-parent-id>14</comment-parent-id>
				<comment-text>najmanj še 7-10 let študija in od teh le 5 % pride v poštev v TUJINI ,, naprej delovne navade in obnašanje</comment-text>
				<comment-text-transliterated>najmanj še 7-10 let študija in od teh le 5 % pride v poštev v TUJINI ,, naprej delovne navade in obnašanje</comment-text-transliterated>
			</comment>
			<comment comment-id="14-3">
				<comment-parent-id>14</comment-parent-id>
				<comment-text>najmanj še 7-10 let študija in od teh le 5 % pride v poštev v TUJINI ,, naprej delovne navade in obnašanje</comment-text>
				<comment-text-transliterated>najmanj še 7-10 let študija in od teh le 5 % pride v poštev v TUJINI ,, naprej delovne navade in obnašanje</comment-text-transliterated>
			</comment>
			<comment comment-id="14-4">
				<comment-parent-id>14</comment-parent-id>
				<comment-text>Kdo bo delal, če pa prevladujejo otroci bogatih...upajo na uvoz, ampak nisem prepričan....da bo tako enostavno.,,ampk delat bo mogu edn, vsaj travo pokosit</comment-text>
				<comment-text-transliterated>Kdo bo delal, če pa prevladujejo otroci bogatih...upajo na uvoz, ampak nisem prepričan....da bo tako enostavno.,,ampk delat bo mogu edn, vsaj travo pokosit</comment-text-transliterated>
			</comment>
			<comment comment-id="14-5">
				<comment-parent-id>14</comment-parent-id>
				<comment-text>Normalno da gredo naprej študirat ne pa delat. Škoda življenja, da bi ga zabili za proizvodnjo al pa kopanje jarkov. Treba se je izobraževat.</comment-text>
				<comment-text-transliterated>Normalno da gredo naprej študirat ne pa delat. Škoda življenja, da bi ga zabili za proizvodnjo al pa kopanje jarkov. Treba se je izobraževat.</comment-text-transliterated>
			</comment>
			<comment comment-id="15">
				<comment-parent-id/>
				<comment-text>Se bo zdaj pokazalo, koliko so ti &amp;quot;zlati maturantje&amp;quot; dejansko zreli za življenje, ko ne bodo več v objemu mamice in atija.</comment-text>
				<comment-text-transliterated>Se bo zdaj pokazalo, koliko so ti &amp;quot;zlati maturantje&amp;quot; dejansko zreli za življenje, ko ne bodo več v objemu mamice in atija.</comment-text-transliterated>
			</comment>
			<comment comment-id="15-1">
				<comment-parent-id>15</comment-parent-id>
				<comment-text>ha ha dober vic....</comment-text>
				<comment-text-transliterated>ha ha dober vic....</comment-text-transliterated>
			</comment>
			<comment comment-id="15-2">
				<comment-parent-id>15</comment-parent-id>
				<comment-text>IN TUDI CENE BODO DRUGAČNE BOL NIZKE</comment-text>
				<comment-text-transliterated>IN TUDI CENE BODO DRUGAČNE BOL NIZKE</comment-text-transliterated>
			</comment>
			<comment comment-id="16">
				<comment-parent-id/>
				<comment-text>Mcdonalds že išče nove sodelavce.</comment-text>
				<comment-text-transliterated>Mcdonalds že išče nove sodelavce.</comment-text-transliterated>
			</comment>
			<comment comment-id="17">
				<comment-parent-id/>
				<comment-text>Zakaj pa niso prej oddajali certifikatov za tuje jezike?</comment-text>
				<comment-text-transliterated>Zakaj pa niso prej oddajali certifikatov za tuje jezike?</comment-text-transliterated>
			</comment>
			<comment comment-id="18">
				<comment-parent-id/>
				<comment-text>Ja tele odstotke ne vem kako so računali - ne greo skupaj s številkami, ali pa mi ki smo naredili samo zaključne izpite ne ne znamo računati procentnega računa. Če je delalo splošno maturo 6376 dijakov in jih je od tega maturo naredilo 5699 je to 89,38%. Predvidevam, pa da so povzeto le delno poročilo, novinarji pa ne vidijo na prvi uč, da pri številkah nekaj ne štima??</comment-text>
				<comment-text-transliterated>Ja tele odstotke ne vem kako so računali - ne greo skupaj s številkami, ali pa mi ki smo naredili samo zaključne izpite ne ne znamo računati procentnega računa. Če je delalo splošno maturo 6376 dijakov in jih je od tega maturo naredilo 5699 je to 89,38%. Predvidevam, pa da so povzeto le delno poročilo, novinarji pa ne vidijo na prvi uč, da pri številkah nekaj ne štima??</comment-text-transliterated>
			</comment>
			<comment comment-id="19">
				<comment-parent-id/>
				<comment-text>Zame je matura potrdilo za pridnost in vztrajnost. Pokaze kdo je primeren, kjer je iskana ubogljivost. Vstopnica na fakultete bi morali biti sprejemni izpiti, ker pridnost se nikoli ni prekasala talenta in strasti, slednje pa sta zadevi, ki jih ravno ta koncept dusi.</comment-text>
				<comment-text-transliterated>Zame je matura potrdilo za pridnost in vztrajnost. Pokaze kdo je primeren, kjer je iskana ubogljivost. Vstopnica na fakultete bi morali biti sprejemni izpiti, ker pridnost se nikoli ni prekasala talenta in strasti, slednje pa sta zadevi, ki jih ravno ta koncept dusi.</comment-text-transliterated>
			</comment>
			<comment comment-id="19-1">
				<comment-parent-id>19</comment-parent-id>
				<comment-text>Trudimo se, da bo od naslednjega leta dalje vpeljan sistem splošnih sprejemnih izpitov na vse fakultete, ki so del Univerze v Ljubljani.</comment-text>
				<comment-text-transliterated>Trudimo se, da bo od naslednjega leta dalje vpeljan sistem splošnih sprejemnih izpitov na vse fakultete, ki so del Univerze v Ljubljani.</comment-text-transliterated>
			</comment>
			<comment comment-id="20">
				<comment-parent-id/>
				<comment-text>No zdej pa hitro na razne fakultete, saj trg dela brez novih ekonomistov in fdv specialistov ne more.</comment-text>
				<comment-text-transliterated>No zdej pa hitro na razne fakultete, saj trg dela brez novih ekonomistov in fdv specialistov ne more.</comment-text-transliterated>
			</comment>
			<comment comment-id="21">
				<comment-parent-id/>
				<comment-text>Po odstotkih sodeč moraš pa res biti talent, da ne narediš mature. Matura dandanes pomeni samo potrdilo, da nisi duševno zaostal.</comment-text>
				<comment-text-transliterated>Po odstotkih sodeč moraš pa res biti talent, da ne narediš mature. Matura dandanes pomeni samo potrdilo, da nisi duševno zaostal.</comment-text-transliterated>
			</comment>
			<comment comment-id="21-1">
				<comment-parent-id>21</comment-parent-id>
				<comment-text>in da bos se naslednji 10 let brezposeln.</comment-text>
				<comment-text-transliterated>in da bos se naslednji 10 let brezposeln.</comment-text-transliterated>
			</comment>
			<comment comment-id="21-2">
				<comment-parent-id>21</comment-parent-id>
				<comment-text>potemtakem so vsi ki so šli na poklicne srednje šole duševno zaostali?</comment-text>
				<comment-text-transliterated>potemtakem so vsi ki so šli na poklicne srednje šole duševno zaostali?</comment-text-transliterated>
			</comment>
			<comment comment-id="22">
				<comment-parent-id/>
				<comment-text>Ja, nekateri danes praznujemo! Se pa strinjam z spodnjim komentatorjem, ki pravi, da kdor naše mature ne naredi, ni sposoben za fakulteto, sam se spomnim, da se mi je še pred leti na vseh kar smejalo. Sam bi zgolj rad videl, da matura ne bi bila kampanjski festival in da bi se pokazala korelacija vsidranega znanja že skoz leto, a vem, da sem pri tem utopičen. Čestitke vsem, uživajte svoj dan!</comment-text>
				<comment-text-transliterated>Ja, nekateri danes praznujemo! Se pa strinjam z spodnjim komentatorjem, ki pravi, da kdor naše mature ne naredi, ni sposoben za fakulteto, sam se spomnim, da se mi je še pred leti na vseh kar smejalo. Sam bi zgolj rad videl, da matura ne bi bila kampanjski festival in da bi se pokazala korelacija vsidranega znanja že skoz leto, a vem, da sem pri tem utopičen. Čestitke vsem, uživajte svoj dan!</comment-text-transliterated>
			</comment>
			<comment comment-id="23">
				<comment-parent-id/>
				<comment-text>Čestitke. Šolanje v realnosti pa vam prinese prave pomene besede oprosti in hvala....laž in kraja. To bo žurka</comment-text>
				<comment-text-transliterated>Čestitke. Šolanje v realnosti pa vam prinese prave pomene besede oprosti in hvala....laž in kraja. To bo žurka</comment-text-transliterated>
			</comment>
			<comment comment-id="24">
				<comment-parent-id/>
				<comment-text>Moje čestitke , mladina !!! Le tako naprej, iz vas še bo kaj !</comment-text>
				<comment-text-transliterated>Moje čestitke , mladina !!! Le tako naprej, iz vas še bo kaj !</comment-text-transliterated>
			</comment>
			<comment comment-id="24-1">
				<comment-parent-id>24</comment-parent-id>
				<comment-text>pametni so, sam obnašat se ne znajo</comment-text>
				<comment-text-transliterated>pametni so, sam obnašat se ne znajo</comment-text-transliterated>
			</comment>
			<comment comment-id="25">
				<comment-parent-id/>
				<comment-text>Zakaj ne objavite članka, da vas je kupil United Group? Čisto tako informativno me zanima?</comment-text>
				<comment-text-transliterated>Zakaj ne objavite članka, da vas je kupil United Group? Čisto tako informativno me zanima?</comment-text-transliterated>
			</comment>
			<comment comment-id="25-1">
				<comment-parent-id>25</comment-parent-id>
				<comment-text>to je bil načrt že ob zaračunavanju POPTV programov</comment-text>
				<comment-text-transliterated>to je bil načrt že ob zaračunavanju POPTV programov</comment-text-transliterated>
			</comment>
			<comment comment-id="26">
				<comment-parent-id/>
				<comment-text>93 odstotkov?..to je nemogoče..!</comment-text>
				<comment-text-transliterated>93 odstotkov?..to je nemogoče..!</comment-text-transliterated>
			</comment>
			<comment comment-id="26-1">
				<comment-parent-id>26</comment-parent-id>
				<comment-text>tu nekaj smrdi...</comment-text>
				<comment-text-transliterated>tu nekaj smrdi...</comment-text-transliterated>
			</comment>
			<comment comment-id="26-2">
				<comment-parent-id>26</comment-parent-id>
				<comment-text>morda sem slabo razumel,a to je bila matura v poznavanju pametnega telefona?</comment-text>
				<comment-text-transliterated>morda sem slabo razumel,a to je bila matura v poznavanju pametnega telefona?</comment-text-transliterated>
			</comment>
			<comment comment-id="27">
				<comment-parent-id/>
				<comment-text>A žarnice pa noben ne zna zamenjat.</comment-text>
				<comment-text-transliterated>A žarnice pa noben ne zna zamenjat.</comment-text-transliterated>
			</comment>
			<comment comment-id="27-1">
				<comment-parent-id>27</comment-parent-id>
				<comment-text>res je , vsi bi samo študirali, delal pa več nihče ne bi.</comment-text>
				<comment-text-transliterated>res je , vsi bi samo študirali, delal pa več nihče ne bi.</comment-text-transliterated>
			</comment>
			<comment comment-id="27-2">
				<comment-parent-id>27</comment-parent-id>
				<comment-text>ja to so novi milenijci :D</comment-text>
				<comment-text-transliterated>ja to so novi milenijci :D</comment-text-transliterated>
			</comment>
			<comment comment-id="27-3">
				<comment-parent-id>27</comment-parent-id>
				<comment-text>tisti,ki pričakujete penzije od teh ljudi,se kar obrišite pod nosom...</comment-text>
				<comment-text-transliterated>tisti,ki pričakujete penzije od teh ljudi,se kar obrišite pod nosom...</comment-text-transliterated>
			</comment>
			<comment comment-id="28">
				<comment-parent-id/>
				<comment-text>Kako je lepo biti mlad in praznovat uspeh na maturi. Ko pa narediš faks, pa ne dobiš službe.</comment-text>
				<comment-text-transliterated>Kako je lepo biti mlad in praznovat uspeh na maturi. Ko pa narediš faks, pa ne dobiš službe.</comment-text-transliterated>
			</comment>
			<comment comment-id="28-1">
				<comment-parent-id>28</comment-parent-id>
				<comment-text>si naredil strojno oz. elektro smer?? ali si naredil FDV oz. eno podobno sranje??</comment-text>
				<comment-text-transliterated>si naredil strojno oz. elektro smer?? ali si naredil FDV oz. eno podobno sranje??</comment-text-transliterated>
			</comment>
			<comment comment-id="28-2">
				<comment-parent-id>28</comment-parent-id>
				<comment-text>Napaka je pri starsih ......moj ne bo nikoli studiral na FDVju oz podobno sranje!!!! Bi lahko starsi mal razlozil ,da ni sluzb in da ne rabim o150000FDvjevcev ,ne rabimo 50000 novih uciteljev in tako naprej</comment-text>
				<comment-text-transliterated>Napaka je pri starsih ......moj ne bo nikoli studiral na FDVju oz podobno sranje!!!! Bi lahko starsi mal razlozil ,da ni sluzb in da ne rabim o150000FDvjevcev ,ne rabimo 50000 novih uciteljev in tako naprej</comment-text-transliterated>
			</comment>
			<comment comment-id="28-3">
				<comment-parent-id>28</comment-parent-id>
				<comment-text>tako pa vsak razmislja v tejle smeri ; &amp;quot; Ja kar pejd studirat kar te zanima....&amp;quot; NAPAKA ,življenje je treba premislit ne pa kar nekaj na pamet</comment-text>
				<comment-text-transliterated>tako pa vsak razmislja v tejle smeri ; &amp;quot; Ja kar pejd studirat kar te zanima....&amp;quot; NAPAKA ,življenje je treba premislit ne pa kar nekaj na pamet</comment-text-transliterated>
			</comment>
			<comment comment-id="28-4">
				<comment-parent-id>28</comment-parent-id>
				<comment-text>NE BOJ SE PRI TEH JE ŽE VSE PRESKRBLJENO,TAKO KOT V ŠOLI DA SO ODLIČNJAKI.</comment-text>
				<comment-text-transliterated>NE BOJ SE PRI TEH JE ŽE VSE PRESKRBLJENO,TAKO KOT V ŠOLI DA SO ODLIČNJAKI.</comment-text-transliterated>
			</comment>
			<comment comment-id="29">
				<comment-parent-id/>
				<comment-text>Ne vem zakaj potem dijaki vsa štiri leta pridobivajo ocene, a ni to že dovolj? Je res treba mature, pa še vsako leto bolj je zagamana. Kot da si določeni superpametnjakoviči zdravijo svoje komplekse !!! Na fakultete naj raje uvedejo sprejemne izpite, saj ni treba vsakemu vsega znat. Halo !!</comment-text>
				<comment-text-transliterated>Ne vem zakaj potem dijaki vsa štiri leta pridobivajo ocene, a ni to že dovolj? Je res treba mature, pa še vsako leto bolj je zagamana. Kot da si določeni superpametnjakoviči zdravijo svoje komplekse !!! Na fakultete naj raje uvedejo sprejemne izpite, saj ni treba vsakemu vsega znat. Halo !!</comment-text-transliterated>
			</comment>
			<comment comment-id="29-1">
				<comment-parent-id>29</comment-parent-id>
				<comment-text>Kdor ima težave z našo splošno maturo, nima kaj iskati na fakulteti.</comment-text>
				<comment-text-transliterated>Kdor ima težave z našo splošno maturo, nima kaj iskati na fakulteti.</comment-text-transliterated>
			</comment>
			<comment comment-id="29-2">
				<comment-parent-id>29</comment-parent-id>
				<comment-text>...čestitke. Šolanje v realnosti pa vam prinese prave pomene besede oprosti in hvala....laž in kraja. To bo žurka!</comment-text>
				<comment-text-transliterated>...čestitke. Šolanje v realnosti pa vam prinese prave pomene besede oprosti in hvala....laž in kraja. To bo žurka!</comment-text-transliterated>
			</comment>
			<comment comment-id="29-3">
				<comment-parent-id>29</comment-parent-id>
				<comment-text>KDOR NIMA STARŠE PRI KURITU NIMA KAJ ISKATI NIMA KAJ ISKATI,</comment-text>
				<comment-text-transliterated>KDOR NIMA STARŠE PRI KURITU NIMA KAJ ISKATI NIMA KAJ ISKATI,</comment-text-transliterated>
			</comment>
			<comment comment-id="30">
				<comment-parent-id/>
				<comment-text>Naslov je maturaricsi</comment-text>
				<comment-text-transliterated>Naslov je maturaricsi</comment-text-transliterated>
			</comment>
			<comment comment-id="31">
				<comment-parent-id/>
				<comment-text>Se je število samomorov povečalo, kot je skrbelo desničarje?</comment-text>
				<comment-text-transliterated>Se je število samomorov povečalo, kot je skrbelo desničarje?</comment-text-transliterated>
			</comment>
		</comments-list>
	</comments>
</document>
