<document global-id="si-06-1133"><url>https://www.24ur.com/sport/nogomet/ligaprvakov/legenda-uniteda-roy-keane-po-zmagi-redsov-nad-mariborom-liverpoola-ne-bi-gledal-tudi-ce-bi-igrali-za-mojo-hiso.html</url><source-id>si-06</source-id><local-id>si-06-1133</local-id><source-name>ur24</source-name><article><article-title>Legenda Uniteda Roy Keane po zmagi redsov nad Mariborom: Liverpoola ne bi gledal, tudi če bi igrali za mojo hišo</article-title><article-title-transliterated>Legenda Uniteda Roy Keane po zmagi redsov nad Mariborom: Liverpoola ne bi gledal, tudi če bi igrali za mojo hišo</article-title-transliterated><article_time>2017-11-03</article_time><article-author>Ž.L.</article-author><article-text>Nogometaši Liverpoola so v četrtem krogu še drugič v letošnji sezoni Lige prvakov premagali nogometaše Maribora. Na Anfield Roadu je bilo 3:0, kar je bil bistveno milejši poraz za vijoličaste kot pa tisti v Ljudskem vrtu, ko je bilo kar 7:0. Čeprav so bili redsi proti Mariborčanom bistveno boljši nasprotnik, pa varovanci Jürgena Kloppa vseeno niso prepričali vseh ...
Roy Keane (levo) je z ostrimi besedami napadel igro Liverpoola na začetku letošnje sezone.FOTO: Reuters
Eden takšnih je nekdanji odlični vezist Manchester Uniteda Roy Keane. Znan po izjemno grobi igri in predvsem kot človek brez dlake na jeziku, se je sedaj spravil še na največjega rivala njegovega nekdanjega kluba. Čeprav je Liverpool na dveh tekmah v Ligi prvakov Mariboru nasul kar 10 golov in pri tem svojo mrežo ohranil nedotaknjeno, letošnje predstave rdečih ne navdušujejo Irca. Keane je namreč prepričan, da kljub prepričljivi zmagi nad slovenskimi državnimi prvaki, varovanci Jürgena Kloppa nimajo prepoznavne igre, s katero bi lahko v letošnji sezoni osvojil kakšno lovoriko na domačih tleh in prišli daleč med elito v Evropi. 
"Liverpoola ne bi gledal, tudi če bi igrali za mojo hišo. V tem trenutku je težko ugotoviti, če sploh imajo izrazit igralni slog. Težko je biti navdušen nad njihovo igro. Še nekaj časa ne bodo napredovali in niso na poti v pravo smer. V napadu so prefinjeni, a v obrambi .... Na koncu sezone, ko se delijo lovorike, Liverpoola ne bo niti blizu," je bil v značilnem slogu do nogometašev in trenerskega štaba Liverpoolčanov kritičen Keane, ki je sicer trenutno pomočnik selektorja pri reprezentanci Republike Irske. Kloppovi fantje so sicer na dobri poti, da se uvrstijo v izločilne boje Lige prvakov, na zadnjih dveh tekmah potrebujejo eno zmago in bodo ne glede na ostale rezultate uvrščeni v spomladanski del. Drugače pa je v angleški Premier League, kjer na šestem mestu kar za 12 točk zaostajajo za vodilnim Manchester Cityjem in to zgolj po desetih krogih!</article-text><article-text-transliterated>Nogometaši Liverpoola so v četrtem krogu še drugič v letošnji sezoni Lige prvakov premagali nogometaše Maribora. Na Anfield Roadu je bilo 3:0, kar je bil bistveno milejši poraz za vijoličaste kot pa tisti v Ljudskem vrtu, ko je bilo kar 7:0. Čeprav so bili redsi proti Mariborčanom bistveno boljši nasprotnik, pa varovanci Jürgena Kloppa vseeno niso prepričali vseh ...
Roy Keane (levo) je z ostrimi besedami napadel igro Liverpoola na začetku letošnje sezone.FOTO: Reuters
Eden takšnih je nekdanji odlični vezist Manchester Uniteda Roy Keane. Znan po izjemno grobi igri in predvsem kot človek brez dlake na jeziku, se je sedaj spravil še na največjega rivala njegovega nekdanjega kluba. Čeprav je Liverpool na dveh tekmah v Ligi prvakov Mariboru nasul kar 10 golov in pri tem svojo mrežo ohranil nedotaknjeno, letošnje predstave rdečih ne navdušujejo Irca. Keane je namreč prepričan, da kljub prepričljivi zmagi nad slovenskimi državnimi prvaki, varovanci Jürgena Kloppa nimajo prepoznavne igre, s katero bi lahko v letošnji sezoni osvojil kakšno lovoriko na domačih tleh in prišli daleč med elito v Evropi. 
"Liverpoola ne bi gledal, tudi če bi igrali za mojo hišo. V tem trenutku je težko ugotoviti, če sploh imajo izrazit igralni slog. Težko je biti navdušen nad njihovo igro. Še nekaj časa ne bodo napredovali in niso na poti v pravo smer. V napadu so prefinjeni, a v obrambi .... Na koncu sezone, ko se delijo lovorike, Liverpoola ne bo niti blizu," je bil v značilnem slogu do nogometašev in trenerskega štaba Liverpoolčanov kritičen Keane, ki je sicer trenutno pomočnik selektorja pri reprezentanci Republike Irske. Kloppovi fantje so sicer na dobri poti, da se uvrstijo v izločilne boje Lige prvakov, na zadnjih dveh tekmah potrebujejo eno zmago in bodo ne glede na ostale rezultate uvrščeni v spomladanski del. Drugače pa je v angleški Premier League, kjer na šestem mestu kar za 12 točk zaostajajo za vodilnim Manchester Cityjem in to zgolj po desetih krogih!</article-text-transliterated></article><comments><comments-count>12</comments-count><comments-list><comment comment-id="1"><comment-parent-id /><comment-text>naj gleda MU bunker</comment-text><comment-text-transliterated>naj gleda MU bunker</comment-text-transliterated></comment><comment comment-id="1-1"><comment-parent-id>1</comment-parent-id><comment-text>MU je 2. v Angliji</comment-text><comment-text-transliterated>MU je 2. v Angliji</comment-text-transliterated></comment><comment comment-id="2"><comment-parent-id /><comment-text>pravilno Keane</comment-text><comment-text-transliterated>pravilno Keane</comment-text-transliterated></comment><comment comment-id="3"><comment-parent-id /><comment-text>človek je jezen ker ga Liverpool ni htel me d svoje.</comment-text><comment-text-transliterated>človek je jezen ker ga Liverpool ni htel me d svoje.</comment-text-transliterated></comment><comment comment-id="3-1"><comment-parent-id>3</comment-parent-id><comment-text>Kako bi ti razložil? Težko. Bom poskusil. Ko je, žal, po vseh kozlarijah, L&amp;#039;pool odšel &amp;quot;south&amp;quot; (ter se počasi začel vračati), se je leta 1993 Kean pridružil - vsaj zaenkrat - zlatemu, platinastemu ali celo diamantnemu obdobju Uniteda. A ta čas bi moral, ti, pač poznati. Svet se ne začne in ne konča pri L&amp;#039;poolu. Imeli so preteklost. Sedanjosti nimajo. Kakšna bo prihodnost? Nihče ne ve. V kolikor ga L&amp;#039;pool ni želel (po tvojem vedenju) regrutirati; je našel mnogo boljšo zaposlitev v Unitedu. In, v 13ih letih, &amp;quot;nesrečnih letih&amp;quot;, je s klubom osvojil vse. Celo kapetan je bil. Ja, res mora biti jezen na L&amp;#039;pool.</comment-text><comment-text-transliterated>Kako bi ti razložil? Težko. Bom poskusil. Ko je, žal, po vseh kozlarijah, L&amp;#039;pool odšel &amp;quot;south&amp;quot; (ter se počasi začel vračati), se je leta 1993 Kean pridružil - vsaj zaenkrat - zlatemu, platinastemu ali celo diamantnemu obdobju Uniteda. A ta čas bi moral, ti, pač poznati. Svet se ne začne in ne konča pri L&amp;#039;poolu. Imeli so preteklost. Sedanjosti nimajo. Kakšna bo prihodnost? Nihče ne ve. V kolikor ga L&amp;#039;pool ni želel (po tvojem vedenju) regrutirati; je našel mnogo boljšo zaposlitev v Unitedu. In, v 13ih letih, &amp;quot;nesrečnih letih&amp;quot;, je s klubom osvojil vse. Celo kapetan je bil. Ja, res mora biti jezen na L&amp;#039;pool.</comment-text-transliterated></comment><comment comment-id="3-2"><comment-parent-id>3</comment-parent-id><comment-text>Takšne izjave - človeka na splošno, kaj šele športnika - so pa (tu napiši kar komu ustreza).</comment-text><comment-text-transliterated>Takšne izjave - človeka na splošno, kaj šele športnika - so pa (tu napiši kar komu ustreza).</comment-text-transliterated></comment><comment comment-id="4"><comment-parent-id /><comment-text>Če ne bi gledal, potem ne bi komentiral. Tko da.....Roy je bil vedno znan kot nerelevantna oseba, nagnjena k alkoholu in nasilju.</comment-text><comment-text-transliterated>Če ne bi gledal, potem ne bi komentiral. Tko da.....Roy je bil vedno znan kot nerelevantna oseba, nagnjena k alkoholu in nasilju.</comment-text-transliterated></comment><comment comment-id="5"><comment-parent-id /><comment-text>dost je ze debate o tej tekmi 10 nula za Liverpool sramota</comment-text><comment-text-transliterated>dost je ze debate o tej tekmi 10 nula za Liverpool sramota</comment-text-transliterated></comment><comment comment-id="5-1"><comment-parent-id>5</comment-parent-id><comment-text>sramota je bolj to da lolimpija ne more niti v LE....eni Finci jh izločijo</comment-text><comment-text-transliterated>sramota je bolj to da lolimpija ne more niti v LE....eni Finci jh izločijo</comment-text-transliterated></comment><comment comment-id="5-2"><comment-parent-id>5</comment-parent-id><comment-text>Drvarji finskih gozdov.</comment-text><comment-text-transliterated>Drvarji finskih gozdov.</comment-text-transliterated></comment><comment comment-id="5-3"><comment-parent-id>5</comment-parent-id><comment-text>Maribor je zrev za penzijo.sramota😪</comment-text><comment-text-transliterated>Maribor je zrev za penzijo.sramota😪</comment-text-transliterated></comment><comment comment-id="5-4"><comment-parent-id>5</comment-parent-id><comment-text>lolimpija pa za 2m pod zemljo....sramota da ne morejo niti v LE</comment-text><comment-text-transliterated>lolimpija pa za 2m pod zemljo....sramota da ne morejo niti v LE</comment-text-transliterated></comment></comments-list></comments></document>