<document global-id="si-06-1230"><url>https://www.24ur.com/sport/borilni-sporti/mascevanje-habazinove-napovedano-za-januar-cutim-kot-da-se-borim-za-ali-bashirja.html</url><source-id>si-06</source-id><local-id>si-06-1230</local-id><source-name>ur24</source-name><article><article-title>Maščevanje Habazinove napovedano za januar: Čutim, kot da se borim za Alija Bashirja</article-title><article-title-transliterated>Maščevanje Habazinove napovedano za januar: Čutim, kot da se borim za Alija Bashirja</article-title-transliterated><article_time>2019-11-17</article_time><article-author>N.A.</article-author><article-text>Po nekaj zanimivih borbah, ki se bodo zvrstile v zadnjih tednih iztekajočega leta, bodo ljubitelji borilnih veščin na svoj račun prišli tudi v začetku 2020. V januarju bosta namreč v ring stopili Claressa Shields in Ivana Habazin, ki bi morali zaplesati že oktobra, a je bila borba zaradi sramotnega incidenta na tehtanju prestavljena.
Brat ameriške boksarke Claressa Shields in glavni trener Hrvatice Ivane Habazin James Ali Bashir sta se namreč zapletla v prepir. Hrvatičin trener naj bi po pričevanjih svoje varovanke le želel prisostvovati tehtanju Shieldsove, nakar se je nadenj s psovkami spravila najprej Claressina sestra, le nekaj trenutkov pozneje pa naj bi 70-letnega boksarskega strokovnjaka grdo napadel še Američankin brat.
James Ali Bashir jo je hudo skupil ob incidentu, šele pred časom so ga tako odpustili iz lokalne bolnišnice.FOTO: www.worldboxingnews.com
Bashir je ob poškodbah celo izgubil zavest, okreval je šele pred nedavnim in tako zapustil bolnišnico. Incident je močno pretresel nadarjeno Hrvatico, ki je zavrnila svojo udeležbo, zaradi česar je bila borba tudi preklicana.
Po nekaj tednih pa sta strani le našli skupen jezik, borba za šampionska pasova po verzijah WBC in WBO v polsrednji kategoriji je namreč napovedana za deseti januar. Cilj Shieldsove je jasen, osvojiti želi šampionski pas še v tretji kategoriji. Če bi ji to uspelo, bi se z zlatimi črkami zapisala v zgodovino boksa, saj tako hitro to ni uspelo še nikomur.
Claressa Shields ima priložnost, da osvoji šampionski pas še v tretji težnostni kategoriji.FOTO: AP
Habazinova: "Želim, da bi bila Hrvaška ponosna na svojo hči"
"Moj cilj je postati prvakinja v treh različnih kategorijah, tako hitro to še nikomur ni uspelo. Borba nama obema veliko pomeni. Obe trdo trenirava, zmagovalki pa se bo ponudila izjemna priložnost," je na tiskovni konferenci povedala Američanka.
Habazinova pa bo imela še motiv več – maščevanje. Borbo bo namreč posvetila svojemu trenerju, ki jo je skupil ob snidenju s Claressinim bratom. "O tem razmišljam že od oktobra. Sem še dosti bolj motivirana kot takrat, glede na vse, kar se je zgodilo. Čutim, kot da se borim za Alija Bashirja, pa tudi za svoj ponos in spoštovanje. Borim se tudi za svojo državo. Želim, da bi bila Hrvaška ponosna na svojo hči. Čutim, da imam podporo svojega naroda. Claressa je le kratek postanek na moji boksarski poti. Imam večje sanje in cilje v življenju. Sem na dobri poti, da se za vse večne čase vpišem v zgodovino boksa," so besede Hrvatice, ki je za konec dodala: "Prepričana sem, da bom januarja jaz tista, ki bo visoko dvignila roko zmagoslavja."</article-text><article-text-transliterated>Po nekaj zanimivih borbah, ki se bodo zvrstile v zadnjih tednih iztekajočega leta, bodo ljubitelji borilnih veščin na svoj račun prišli tudi v začetku 2020. V januarju bosta namreč v ring stopili Claressa Shields in Ivana Habazin, ki bi morali zaplesati že oktobra, a je bila borba zaradi sramotnega incidenta na tehtanju prestavljena.
Brat ameriške boksarke Claressa Shields in glavni trener Hrvatice Ivane Habazin James Ali Bashir sta se namreč zapletla v prepir. Hrvatičin trener naj bi po pričevanjih svoje varovanke le želel prisostvovati tehtanju Shieldsove, nakar se je nadenj s psovkami spravila najprej Claressina sestra, le nekaj trenutkov pozneje pa naj bi 70-letnega boksarskega strokovnjaka grdo napadel še Američankin brat.
James Ali Bashir jo je hudo skupil ob incidentu, šele pred časom so ga tako odpustili iz lokalne bolnišnice.FOTO: www.worldboxingnews.com
Bashir je ob poškodbah celo izgubil zavest, okreval je šele pred nedavnim in tako zapustil bolnišnico. Incident je močno pretresel nadarjeno Hrvatico, ki je zavrnila svojo udeležbo, zaradi česar je bila borba tudi preklicana.
Po nekaj tednih pa sta strani le našli skupen jezik, borba za šampionska pasova po verzijah WBC in WBO v polsrednji kategoriji je namreč napovedana za deseti januar. Cilj Shieldsove je jasen, osvojiti želi šampionski pas še v tretji kategoriji. Če bi ji to uspelo, bi se z zlatimi črkami zapisala v zgodovino boksa, saj tako hitro to ni uspelo še nikomur.
Claressa Shields ima priložnost, da osvoji šampionski pas še v tretji težnostni kategoriji.FOTO: AP
Habazinova: "Želim, da bi bila Hrvaška ponosna na svojo hči"
"Moj cilj je postati prvakinja v treh različnih kategorijah, tako hitro to še nikomur ni uspelo. Borba nama obema veliko pomeni. Obe trdo trenirava, zmagovalki pa se bo ponudila izjemna priložnost," je na tiskovni konferenci povedala Američanka.
Habazinova pa bo imela še motiv več – maščevanje. Borbo bo namreč posvetila svojemu trenerju, ki jo je skupil ob snidenju s Claressinim bratom. "O tem razmišljam že od oktobra. Sem še dosti bolj motivirana kot takrat, glede na vse, kar se je zgodilo. Čutim, kot da se borim za Alija Bashirja, pa tudi za svoj ponos in spoštovanje. Borim se tudi za svojo državo. Želim, da bi bila Hrvaška ponosna na svojo hči. Čutim, da imam podporo svojega naroda. Claressa je le kratek postanek na moji boksarski poti. Imam večje sanje in cilje v življenju. Sem na dobri poti, da se za vse večne čase vpišem v zgodovino boksa," so besede Hrvatice, ki je za konec dodala: "Prepričana sem, da bom januarja jaz tista, ki bo visoko dvignila roko zmagoslavja."</article-text-transliterated></article><comments><comments-count>0</comments-count><comments-list /></comments></document>