<?xml version="1.0" encoding="utf-8"?>
<document global-id="si-06-112">
	<url>https://www.24ur.com/popin/film_tv/pridemo-k-vam-domov-v-dnevno-sobo-kuhinjo-ali-spalnico.html</url>
	<source-id>si-06</source-id>
	<local-id>112</local-id>
	<source-name>ur24</source-name>
	<article>
		<article-title>'Pridemo k vam domov – v dnevno sobo, kuhinjo ali spalnico'</article-title>
		<article-title-transliterated>'Pridemo k vam domov – v dnevno sobo, kuhinjo ali spalnico'</article-title-transliterated>
		<article-time>2018-12-31</article-time>
		<article-author>B.R.</article-author>
		<article-text>Na silvestrovo se boste na POP TV nasmejali do solz. Fantje najbolj kosmate komedije Brade bodo namreč poskrbeli, da boste na najdaljšo noč v dobri družbi. V svojo družbo pa vabijo kar iz avtomobila. Poglejte, kaj vam sporočajo. Na silvestrovo, 31. decembra, se boste na POP TV v družbi filma Pr' Hostar ob 20. uri nasmejali do solz in s solzami v očeh nadaljevali veselje ob stand-up bradatih moških. Fantje najbolj kosmate komedije Brade bodo namreč poskrbeli, da boste na najdaljšo noč v dobri družbi. Še preden bo odbila magična ura polnoč, vabljeni na ples. Ob 22. uri boste lahko zarajali v dolgo noč ob ogledu najnovejšega koncerta Jana Plestenjaka. Boštjan Gorenc - Pižama, Perica Jerković in Gašper Bergant v zabavnem šovu Brade ob obilju svežih šal prinašajo ekskluzivni vpogled v zakulisje stand up scene. Seks v avtu, nenavadne tetovaže, vzgajanje otrok in resničnostni šovi bodo le nekatere od tem, ki se jih je dotaknil bradati cvetober slovenske samostoječe komedije. Najbolj kosmata komedija tako ponuja poldrugo uro smeha v razposajeni moški družbi brez dlake (zgolj) na jeziku – tokrat ne samo na VOYO, ampak tudi na POP TV. K ogledu pa vabijo kar v svojem stilu: &quot;Pridemo k vam domov – v dnevno sobo, kuhinjo ali spalnico. Obljubimo, da ne bomo nič posvinjali, obuli bomo copate ...&quot; Zaodrske zbadljivke in odrske domislice krojijo komedijo Brade, ki pravih šaljivk in šaljivcev ne bo pustila ravnodušnih. Najbolj kosmata skodelica humorja ponuja poldrugo uro smeha v razposajeni moški družbi brez dlake (zgolj) na jeziku.</article-text>
		<article-text-transliterated>Na silvestrovo se boste na POP TV nasmejali do solz. Fantje najbolj kosmate komedije Brade bodo namreč poskrbeli, da boste na najdaljšo noč v dobri družbi. V svojo družbo pa vabijo kar iz avtomobila. Poglejte, kaj vam sporočajo. Na silvestrovo, 31. decembra, se boste na POP TV v družbi filma Pr' Hostar ob 20. uri nasmejali do solz in s solzami v očeh nadaljevali veselje ob stand-up bradatih moških. Fantje najbolj kosmate komedije Brade bodo namreč poskrbeli, da boste na najdaljšo noč v dobri družbi. Še preden bo odbila magična ura polnoč, vabljeni na ples. Ob 22. uri boste lahko zarajali v dolgo noč ob ogledu najnovejšega koncerta Jana Plestenjaka. Boštjan Gorenc - Pižama, Perica Jerković in Gašper Bergant v zabavnem šovu Brade ob obilju svežih šal prinašajo ekskluzivni vpogled v zakulisje stand up scene. Seks v avtu, nenavadne tetovaže, vzgajanje otrok in resničnostni šovi bodo le nekatere od tem, ki se jih je dotaknil bradati cvetober slovenske samostoječe komedije. Najbolj kosmata komedija tako ponuja poldrugo uro smeha v razposajeni moški družbi brez dlake (zgolj) na jeziku – tokrat ne samo na VOYO, ampak tudi na POP TV. K ogledu pa vabijo kar v svojem stilu: &quot;Pridemo k vam domov – v dnevno sobo, kuhinjo ali spalnico. Obljubimo, da ne bomo nič posvinjali, obuli bomo copate ...&quot; Zaodrske zbadljivke in odrske domislice krojijo komedijo Brade, ki pravih šaljivk in šaljivcev ne bo pustila ravnodušnih. Najbolj kosmata skodelica humorja ponuja poldrugo uro smeha v razposajeni moški družbi brez dlake (zgolj) na jeziku.</article-text-transliterated>
	</article>
	<comments>
		<comments-count>5</comments-count>
		<comments-list>
			<comment comment-id="1">
				<comment-parent-id/>
				<comment-text>in tejle bradati naj bi bili smešni...???? ...Solze bi človeku ob takšnem &quot; humorju &quot; prišle v oči -- od žalosti , kaj se nekaterim zdi smešno...</comment-text>
				<comment-text-transliterated>in tejle bradati naj bi bili smešni...???? ...Solze bi človeku ob takšnem &quot; humorju &quot; prišle v oči -- od žalosti , kaj se nekaterim zdi smešno...</comment-text-transliterated>
			</comment>
			<comment comment-id="2">
				<comment-parent-id/>
				<comment-text>še zmeri mislijo ,da so brade in......</comment-text>
				<comment-text-transliterated>še zmeri mislijo ,da so brade in......</comment-text-transliterated>
			</comment>
			<comment comment-id="3">
				<comment-parent-id/>
				<comment-text>ja super</comment-text>
				<comment-text-transliterated>ja super</comment-text-transliterated>
			</comment>
			<comment comment-id="4">
				<comment-parent-id/>
				<comment-text>Smejem se le še vrhunskemu humorju in kdor me nasmeje se mu poklonim.....z nasmehom.  Ceneni humor me spravlja ob živce, uporaba izrazov, ki bi bili tule cenzurirani, res niso humor, obožujem pa Tonija Gašperšiča, Partljiča pa Izraelca Einpreina ( na zameri mojemu črkovanju) .....filme Moj ata socialistični kulak, Ko to tamo pjeva, Petelinji zajtrk..... Mislim da sem povedal vse in upam na veselo Silvestrovanje.</comment-text>
				<comment-text-transliterated>Smejem se le še vrhunskemu humorju in kdor me nasmeje se mu poklonim.....z nasmehom.  Ceneni humor me spravlja ob živce, uporaba izrazov, ki bi bili tule cenzurirani, res niso humor, obožujem pa Tonija Gašperšiča, Partljiča pa Izraelca Einpreina ( na zameri mojemu črkovanju) .....filme Moj ata socialistični kulak, Ko to tamo pjeva, Petelinji zajtrk..... Mislim da sem povedal vse in upam na veselo Silvestrovanje.</comment-text-transliterated>
			</comment>
			<comment comment-id="4-1">
				<comment-parent-id>4</comment-parent-id>
				<comment-text>Ja povedal si, da si star kot zemlja in da je tvoj nabor humorja precej omejen. Mimogrede: Petelinji zajtrk???</comment-text>
				<comment-text-transliterated>Ja povedal si, da si star kot zemlja in da je tvoj nabor humorja precej omejen. Mimogrede: Petelinji zajtrk???</comment-text-transliterated>
			</comment>
		</comments-list>
	</comments>
</document>
