<document global-id="si-06-1261"><url>https://www.24ur.com/tv-oddaje/ljubezen-po-domace/milan-misli-resno-plesal-je-s-katarino-venturini.html</url><source-id>si-06</source-id><local-id>si-06-1261</local-id><source-name>ur24</source-name><article><article-title>Milan misli resno, plesal je s Katarino Venturini</article-title><article-title-transliterated>Milan misli resno, plesal je s Katarino Venturini</article-title-transliterated><article_time>2019-06-23</article_time><article-author>Su.S.</article-author><article-text>Podeželski junak Milan Tržan se je, da bi presenetil Ireno, dogovoril za plesne vaje z mojstrico vrtenja po plesnem parketu, Katarino Venturini. Ali mu bo uspelo omehčati svojo izbranko?
Milan Tržan se na vse pretege trudi, da bi osvojil Ireno Drozg. Ker si njegova izbranka želi plesati, sam pa tega ni bil najbolj vešč, se je dogovoril za učne ure pri slovenski plesalki, učiteljici plesa in plesni sodnici, Katarini Venturini. Sodnica šova Zvezde plešejo se je z veseljem odzvala, saj je bila v igri ljubezen. Začutila je namreč, da se je Milan res zaljubil in zato mu je želela pomagati.
Milan je imel ob prvem srečanju z lepo in postavno Katarino precejšnjo tremo in se mu je malce zapletal jezik, a ga je s svojim občutkom in toplino hitro uspela sprostiti. Padla je tudi prva, odlična ocena: "Po moje je bila Irena kar malo preveč stroga do Milana, ker mu gre dobro." Kmalu zatem pa je svojemu učencu namenila še kompliment: "Vi ste naravni talent."
Če Katarina reče, da gre Milanu dobro, potem mu gre dobro.FOTO: POP TV
Kako se bo Milan izkazal na plesnem parketu z Ireno in ali se bo njegova izbranka omehčala, bomo videli nocoj ob 20. uri na POP TV. Oddajo si lahko ogledate že zdaj na VOYO.
Prihodnji teden pa ne zamudite predstavitvene oddaje nove sezone Ljubezni po domače, ki bo na sporedu v soboto ob 20. uri na POP TV in že dan prej na VOYO.
Pasica Ljubezen po domače 4. sezona</article-text><article-text-transliterated>Podeželski junak Milan Tržan se je, da bi presenetil Ireno, dogovoril za plesne vaje z mojstrico vrtenja po plesnem parketu, Katarino Venturini. Ali mu bo uspelo omehčati svojo izbranko?
Milan Tržan se na vse pretege trudi, da bi osvojil Ireno Drozg. Ker si njegova izbranka želi plesati, sam pa tega ni bil najbolj vešč, se je dogovoril za učne ure pri slovenski plesalki, učiteljici plesa in plesni sodnici, Katarini Venturini. Sodnica šova Zvezde plešejo se je z veseljem odzvala, saj je bila v igri ljubezen. Začutila je namreč, da se je Milan res zaljubil in zato mu je želela pomagati.
Milan je imel ob prvem srečanju z lepo in postavno Katarino precejšnjo tremo in se mu je malce zapletal jezik, a ga je s svojim občutkom in toplino hitro uspela sprostiti. Padla je tudi prva, odlična ocena: "Po moje je bila Irena kar malo preveč stroga do Milana, ker mu gre dobro." Kmalu zatem pa je svojemu učencu namenila še kompliment: "Vi ste naravni talent."
Če Katarina reče, da gre Milanu dobro, potem mu gre dobro.FOTO: POP TV
Kako se bo Milan izkazal na plesnem parketu z Ireno in ali se bo njegova izbranka omehčala, bomo videli nocoj ob 20. uri na POP TV. Oddajo si lahko ogledate že zdaj na VOYO.
Prihodnji teden pa ne zamudite predstavitvene oddaje nove sezone Ljubezni po domače, ki bo na sporedu v soboto ob 20. uri na POP TV in že dan prej na VOYO.
Pasica Ljubezen po domače 4. sezona</article-text-transliterated></article><comments><comments-count>14</comments-count><comments-list><comment comment-id="1"><comment-parent-id /><comment-text>Milan boljše da si sam kot pa z Ireno ki išče princa da bi uživala v brezdelju in luft mešanju! Verjetno se je prijavila v sov zaradi dolgega časa! Nič čudnega da je sama pri takšnemu karakterju!</comment-text><comment-text-transliterated>Milan boljše da si sam kot pa z Ireno ki išče princa da bi uživala v brezdelju in luft mešanju! Verjetno se je prijavila v sov zaradi dolgega časa! Nič čudnega da je sama pri takšnemu karakterju!</comment-text-transliterated></comment><comment comment-id="2"><comment-parent-id /><comment-text>Milan če si pameten pusti Ireno pri miru ona tako ne bo našla nobenega ker je preveč zoprna</comment-text><comment-text-transliterated>Milan če si pameten pusti Ireno pri miru ona tako ne bo našla nobenega ker je preveč zoprna</comment-text-transliterated></comment><comment comment-id="3"><comment-parent-id /><comment-text>Milan zaslužiš si boljšo kot je Irena če ne je boljše da si sam!</comment-text><comment-text-transliterated>Milan zaslužiš si boljšo kot je Irena če ne je boljše da si sam!</comment-text-transliterated></comment><comment comment-id="4"><comment-parent-id /><comment-text>Tale Milan ni slab človek, samo precej naiven je. Ženski tud malo ni do njega, on žal tega ne dojame. Prav veliko socialnih izkušenj z ljudmi, sploh pa z ženskami v življenju očitno ni imel.</comment-text><comment-text-transliterated>Tale Milan ni slab človek, samo precej naiven je. Ženski tud malo ni do njega, on žal tega ne dojame. Prav veliko socialnih izkušenj z ljudmi, sploh pa z ženskami v življenju očitno ni imel.</comment-text-transliterated></comment><comment comment-id="5"><comment-parent-id /><comment-text>jaz sem ime, Milan mi je, hahaaaa........hecen je ta Milan !</comment-text><comment-text-transliterated>jaz sem ime, Milan mi je, hahaaaa........hecen je ta Milan !</comment-text-transliterated></comment><comment comment-id="5-1"><comment-parent-id>5</comment-parent-id><comment-text>saj James Bond tud nekaj takega reče</comment-text><comment-text-transliterated>saj James Bond tud nekaj takega reče</comment-text-transliterated></comment><comment comment-id="5-2"><comment-parent-id>5</comment-parent-id><comment-text>hahah ja orng je zablokiro</comment-text><comment-text-transliterated>hahah ja orng je zablokiro</comment-text-transliterated></comment><comment comment-id="6"><comment-parent-id /><comment-text>Dej milanček išči dalje..in pusti tisto žleht žensko pri miru, ker boš ob njej v polju pristal.</comment-text><comment-text-transliterated>Dej milanček išči dalje..in pusti tisto žleht žensko pri miru, ker boš ob njej v polju pristal.</comment-text-transliterated></comment><comment comment-id="7"><comment-parent-id /><comment-text>starci in debele zenske</comment-text><comment-text-transliterated>starci in debele zenske</comment-text-transliterated></comment><comment comment-id="8"><comment-parent-id /><comment-text>Milan se je kot kaže v preteklosti v napačnih krajih trudil...povsem tipičen primer, da ti na določenih mestih ne bo uspelo pa če tud daš od sebe tok da bi čez zaprta vrata lahko vstopu. Če ni, še vojska ne vzame. Milan čestitke za iskrenost in trud</comment-text><comment-text-transliterated>Milan se je kot kaže v preteklosti v napačnih krajih trudil...povsem tipičen primer, da ti na določenih mestih ne bo uspelo pa če tud daš od sebe tok da bi čez zaprta vrata lahko vstopu. Če ni, še vojska ne vzame. Milan čestitke za iskrenost in trud</comment-text-transliterated></comment><comment comment-id="9"><comment-parent-id /><comment-text>Ples gor ali dol. Tema dvema ne bo slo ni sans. On sploh ni njen tip moskega, niti vsec ji ni, v show se je prijavila izkljucno zaradi dviga samozavesti. On pa zeli zensko po vsej sili, nekaj trmari,zeli magari osvojiti Ireno, ki mu je naravnost rekla, da on tega kar sama zeli, nima v sebi,on pa se vztraja?!? Ce je ze v startu popoln polom, zakaj sploh se vztrajati?!? Suha rit je edino, kar on vidi na njej. In ta suha rit zahrije tudi grd obraz, s povesenini ustnimi koticki, kar izraza veliko razocaranje nad zivljenjem... Nista za skupaj niti po nazoru, niti po nacinu zivljenja, predvsem pa ni NOBENE KEMIJE! Kaj misli Milan? Samo da je zenska, ni vazno kaksna?!? In bo vse ok?!? Ja ce se ne ujameta, res ne bo ok, ampak tega moski ego sploh ne zeli razumet....</comment-text><comment-text-transliterated>Ples gor ali dol. Tema dvema ne bo slo ni sans. On sploh ni njen tip moskega, niti vsec ji ni, v show se je prijavila izkljucno zaradi dviga samozavesti. On pa zeli zensko po vsej sili, nekaj trmari,zeli magari osvojiti Ireno, ki mu je naravnost rekla, da on tega kar sama zeli, nima v sebi,on pa se vztraja?!? Ce je ze v startu popoln polom, zakaj sploh se vztrajati?!? Suha rit je edino, kar on vidi na njej. In ta suha rit zahrije tudi grd obraz, s povesenini ustnimi koticki, kar izraza veliko razocaranje nad zivljenjem... Nista za skupaj niti po nazoru, niti po nacinu zivljenja, predvsem pa ni NOBENE KEMIJE! Kaj misli Milan? Samo da je zenska, ni vazno kaksna?!? In bo vse ok?!? Ja ce se ne ujameta, res ne bo ok, ampak tega moski ego sploh ne zeli razumet....</comment-text-transliterated></comment><comment comment-id="9-1"><comment-parent-id>9</comment-parent-id><comment-text>Pa je pa dobra za trening...na poti do cilja je pomebna...pot</comment-text><comment-text-transliterated>Pa je pa dobra za trening...na poti do cilja je pomebna...pot</comment-text-transliterated></comment><comment comment-id="10"><comment-parent-id /><comment-text>Copata ki bi prej našel sorodno dušo v LGBT društvu</comment-text><comment-text-transliterated>Copata ki bi prej našel sorodno dušo v LGBT društvu</comment-text-transliterated></comment><comment comment-id="11"><comment-parent-id /><comment-text>Milan dajmo</comment-text><comment-text-transliterated>Milan dajmo</comment-text-transliterated></comment></comments-list></comments></document>