<document global-id="si-06-1399"><url>https://www.24ur.com/popin/tuja-scena/nekdanja-spajsica-priznala-da-je-bila-v-dolgoletni-zvezi-z-zensko.html</url><source-id>si-06</source-id><local-id>si-06-1399</local-id><source-name>ur24</source-name><article><article-title>Nekdanja 'spajsica' razkrila, da je bila v dolgoletni zvezi z žensko</article-title><article-title-transliterated>Nekdanja 'spajsica' razkrila, da je bila v dolgoletni zvezi z žensko</article-title-transliterated><article_time>2018-05-15</article_time><article-author>B.R.</article-author><article-text>Po javnem pranju umazanega perila sta se pevka Mel B in njen mož, producent Stephen Belafonte, januarja uradno ločila. Tako zdaj živi samsko življenje, a ljubezni se ni odpovedala. Priznala je, da si ne more pomagati, ko pride do zaljubljenosti – ko se zaljubi, se zaljubi, pa naj bo to moški ali ženska.
Mel B ni obupala nad ljubeznijo.FOTO: AP
Nekdanja 'spajsica' Mel B, ki je od januarja ločena, je dolgo bila grdo ločitveno bitko, drug drugemu sta zakonca grozila, se žalila in podtikala stvari, vse to pa se je dogajalo na očeh javnosti. Januarja sta vseeno našla skupen jezik in ločitev je postala dokončna. Mel B tako nekdanjemu partnerju, producentu Stephenu Belafonteju, plačuje preživnino v višini 13 tisoč evrov, delita pa si tudi skrbništvo nad šestletno hčerko Madison.
Zvezdnica je večkrat poudarila, da je bil desetletni zakon z nekdanjim pravi pekel, skupno življenje naj bi se vrtelo okoli pretirane uporabe alkohola, drog in fizičnih zlorab. A kljub temu zvezdnica pravi, da nad ljubeznijo ni obupala. Dodala je še, da ljubezen ne pozna meja, kajti v preteklosti je bila tudi v dolgoletni zvezi z žensko: "Pet let sem hodila z dekletom, ko se zaljubiš, se pač zaljubiš ..."
"Vzgojili so me, da sem zelo iskrena. Kar koli čutim, kar koli mislim ... dokler ne škodujem drugim. Nadaljevala bom svojo pot, in se imela lepo," je za konec odločno dodala.
Nekdanja članica Spice Girls ima iz prvega zakona še hčerko Phoenix Chi, ko je bila skupaj s komikom in igralcem Eddiejem Murphyjem, pa je rodila hčerko Angel Iris.</article-text><article-text-transliterated>Po javnem pranju umazanega perila sta se pevka Mel B in njen mož, producent Stephen Belafonte, januarja uradno ločila. Tako zdaj živi samsko življenje, a ljubezni se ni odpovedala. Priznala je, da si ne more pomagati, ko pride do zaljubljenosti – ko se zaljubi, se zaljubi, pa naj bo to moški ali ženska.
Mel B ni obupala nad ljubeznijo.FOTO: AP
Nekdanja 'spajsica' Mel B, ki je od januarja ločena, je dolgo bila grdo ločitveno bitko, drug drugemu sta zakonca grozila, se žalila in podtikala stvari, vse to pa se je dogajalo na očeh javnosti. Januarja sta vseeno našla skupen jezik in ločitev je postala dokončna. Mel B tako nekdanjemu partnerju, producentu Stephenu Belafonteju, plačuje preživnino v višini 13 tisoč evrov, delita pa si tudi skrbništvo nad šestletno hčerko Madison.
Zvezdnica je večkrat poudarila, da je bil desetletni zakon z nekdanjim pravi pekel, skupno življenje naj bi se vrtelo okoli pretirane uporabe alkohola, drog in fizičnih zlorab. A kljub temu zvezdnica pravi, da nad ljubeznijo ni obupala. Dodala je še, da ljubezen ne pozna meja, kajti v preteklosti je bila tudi v dolgoletni zvezi z žensko: "Pet let sem hodila z dekletom, ko se zaljubiš, se pač zaljubiš ..."
"Vzgojili so me, da sem zelo iskrena. Kar koli čutim, kar koli mislim ... dokler ne škodujem drugim. Nadaljevala bom svojo pot, in se imela lepo," je za konec odločno dodala.
Nekdanja članica Spice Girls ima iz prvega zakona še hčerko Phoenix Chi, ko je bila skupaj s komikom in igralcem Eddiejem Murphyjem, pa je rodila hčerko Angel Iris.</article-text-transliterated></article><comments><comments-count>3</comments-count><comments-list><comment comment-id="1"><comment-parent-id /><comment-text>Placuje bivsemu prezivnino na podlagi cesa bi bilo zanimivo vedeti kajti vsota 13000e ni majhna</comment-text><comment-text-transliterated>Placuje bivsemu prezivnino na podlagi cesa bi bilo zanimivo vedeti kajti vsota 13000e ni majhna</comment-text-transliterated></comment><comment comment-id="2"><comment-parent-id /><comment-text>sodomiti pokvarjeni</comment-text><comment-text-transliterated>sodomiti pokvarjeni</comment-text-transliterated></comment><comment comment-id="3"><comment-parent-id /><comment-text>Saj je taka kot dec.</comment-text><comment-text-transliterated>Saj je taka kot dec.</comment-text-transliterated></comment></comments-list></comments></document>