<?xml version="1.0" encoding="utf-8"?>
<document global-id="si-06-1388">
	<url>https://www.24ur.com/ekskluziv/zanimivosti/najdena-ukradena-prva-izdaja-dela-sto-let-samote.html</url>
	<source-id>si-06</source-id>
	<local-id>1388</local-id>
	<source-name>ur24</source-name>
	<article>
		<article-title>Našli ukradeno prvo izdajo dela Sto let samote</article-title>
		<article-title-transliterated>Našli ukradeno prvo izdajo dela Sto let samote</article-title-transliterated>
		<article-time>2015-05-09</article-time>
		<article-author>STA B.R.</article-author>
		<article-text>Podpisano prvo izdajo slavnega romana Sto let samote, kolumbijskega pisatelja in Nobelovca Gabriela Garcíe Márqueza, so teden dni po kraji iz mednarodnega knjižnega sejma našli. Gabriel García Márquez velja za velikana magičnega realizma.FOTO: Reuters Roman Sto let samote, ki je izšel leta 1967, je bil prodan v več kot 50 milijonih izvodov ter je preveden v najmanj 25 jezikov. Roman, ki opisuje življenje odmaknjene mistične, južnoameriške vasi Macondo, kjer so nenavadni, nadnaravni pojavi prikazani kot nekaj vsakdanjega, je bil najbolj znani roman kolumbijskega pisatelja Gabriela Garcíe Márqueza. Na mednarodnem knjižnem sejmu v kolumbijski Bogoti so razstavili prvo izdaje dotičnega romana, katerega so nepridipravi ukradli. Sedaj pa ga je policija po intenzivni policijski preiskavi našli na lokaciji v mestu, kjer ponavadi prodajajo umetniška dela. Po smrti 87-letnega Márqueza, Nobelovega nagrajenca za literaturo, je vrednost prvih izdaj njegovih romanov narasla. Najdena izdaja, ena od 8000 primerkov, ki jih je leta 1967 natisnila argentinska založba, naj bi bila po ocenah poznavalcev vredna 60.000 ameriških dolarjev (slabih 53.500 evrov). Podpisana izdaja je last trgovca z redkimi knjigami Alvara Castilla. Kupil jo je leta 2006 v knjigarni v urugvajski prestolnici Montevideo, Marquez pa mu je vanjo kasneje napisal posvetilo: &quot;Za Alvara Castilla, trgovca z redkimi knjigami, tako včeraj kot zmeraj. Tvoj prijatelj Gabriel.&quot; Castillo se je odločil, da bo nazaj pridobljeno knjigo podaril Kolumbijski narodni knjižnici: &quot;Ta knjiga mi ne pripada več, sedaj pripada moji državi. Od trenutka, ko so številni Kolumbijci obsodili njeno krajo, to delo pripada vsem nam.&quot; Podpisano prvo izdajo romana Sto let samote so tatovi minulo soboto ukradli iz zaklenjenega kabineta, v katerem je bila razstavljena v sklopu mednarodnega knjižnega sejma v Bogoti. Márquez velja za najbolj znanega in najbolje prodajanega špansko pišočega avtorja po Miguelu de Cervantesu, njegova dela pa se po prodajnosti v izvirniku (španščini) uvrščajo le za španskim prevodom Svetega pisma in za Cervantesovim Don Kihotom (1605), ki velja za najbolje prodajani roman vseh časov. Leta 1982 je pisatelj za svoje delo prejel Nobelovo nagrado za književnost, denar od nagrade pa je porabil za nakup kolumbijskega časnika Cambio. Med pisateljeva najbolj znana dela pa spadajo tudi romani Kronika napovedane smrti, Ljubezen v času kolere, Žalostne kurbe mojega življenja.FOTO: Reuters</article-text>
		<article-text-transliterated>Podpisano prvo izdajo slavnega romana Sto let samote, kolumbijskega pisatelja in Nobelovca Gabriela Garcíe Márqueza, so teden dni po kraji iz mednarodnega knjižnega sejma našli. Gabriel García Márquez velja za velikana magičnega realizma.FOTO: Reuters Roman Sto let samote, ki je izšel leta 1967, je bil prodan v več kot 50 milijonih izvodov ter je preveden v najmanj 25 jezikov. Roman, ki opisuje življenje odmaknjene mistične, južnoameriške vasi Macondo, kjer so nenavadni, nadnaravni pojavi prikazani kot nekaj vsakdanjega, je bil najbolj znani roman kolumbijskega pisatelja Gabriela Garcíe Márqueza. Na mednarodnem knjižnem sejmu v kolumbijski Bogoti so razstavili prvo izdaje dotičnega romana, katerega so nepridipravi ukradli. Sedaj pa ga je policija po intenzivni policijski preiskavi našli na lokaciji v mestu, kjer ponavadi prodajajo umetniška dela. Po smrti 87-letnega Márqueza, Nobelovega nagrajenca za literaturo, je vrednost prvih izdaj njegovih romanov narasla. Najdena izdaja, ena od 8000 primerkov, ki jih je leta 1967 natisnila argentinska založba, naj bi bila po ocenah poznavalcev vredna 60.000 ameriških dolarjev (slabih 53.500 evrov). Podpisana izdaja je last trgovca z redkimi knjigami Alvara Castilla. Kupil jo je leta 2006 v knjigarni v urugvajski prestolnici Montevideo, Marquez pa mu je vanjo kasneje napisal posvetilo: &quot;Za Alvara Castilla, trgovca z redkimi knjigami, tako včeraj kot zmeraj. Tvoj prijatelj Gabriel.&quot; Castillo se je odločil, da bo nazaj pridobljeno knjigo podaril Kolumbijski narodni knjižnici: &quot;Ta knjiga mi ne pripada več, sedaj pripada moji državi. Od trenutka, ko so številni Kolumbijci obsodili njeno krajo, to delo pripada vsem nam.&quot; Podpisano prvo izdajo romana Sto let samote so tatovi minulo soboto ukradli iz zaklenjenega kabineta, v katerem je bila razstavljena v sklopu mednarodnega knjižnega sejma v Bogoti. Márquez velja za najbolj znanega in najbolje prodajanega špansko pišočega avtorja po Miguelu de Cervantesu, njegova dela pa se po prodajnosti v izvirniku (španščini) uvrščajo le za španskim prevodom Svetega pisma in za Cervantesovim Don Kihotom (1605), ki velja za najbolje prodajani roman vseh časov. Leta 1982 je pisatelj za svoje delo prejel Nobelovo nagrado za književnost, denar od nagrade pa je porabil za nakup kolumbijskega časnika Cambio. Med pisateljeva najbolj znana dela pa spadajo tudi romani Kronika napovedane smrti, Ljubezen v času kolere, Žalostne kurbe mojega življenja.FOTO: Reuters</article-text-transliterated>
	</article>
	<comments>
		<comments-count>3</comments-count>
		<comments-list>
			<comment comment-id="1">
				<comment-parent-id/>
				<comment-text>Čigav pradedek je bil ne vem.Sem pa prebral njegov roman Sto let samote ki ga z besedami kako je bil super ne znam opisati enostavno ga je treba prebrati.</comment-text>
				<comment-text-transliterated>Čigav pradedek je bil ne vem.Sem pa prebral njegov roman Sto let samote ki ga z besedami kako je bil super ne znam opisati enostavno ga je treba prebrati.</comment-text-transliterated>
			</comment>
			<comment comment-id="2">
				<comment-parent-id/>
				<comment-text>To je bil praprapra dedek od svetovnega prvaka GP Mark Marqueza.</comment-text>
				<comment-text-transliterated>To je bil praprapra dedek od svetovnega prvaka GP Mark Marqueza.</comment-text-transliterated>
			</comment>
			<comment comment-id="3">
				<comment-parent-id/>
				<comment-text>in?</comment-text>
				<comment-text-transliterated>in?</comment-text-transliterated>
			</comment>
		</comments-list>
	</comments>
</document>
