<document global-id="si-06-1091"><url>https://www.24ur.com/sport/nogomet/kolumbijec-ni-pozabil-svoje-najvecje-ljubezni-v-munchnu-uzivam-toda.html</url><source-id>si-06</source-id><local-id>si-06-1091</local-id><source-name>ur24</source-name><article><article-title>Kolumbijec ni pozabil svoje največje 'ljubezni': V Münchnu uživam, toda ...</article-title><article-title-transliterated>Kolumbijec ni pozabil svoje največje 'ljubezni': V Münchnu uživam, toda ...</article-title-transliterated><article_time>2018-01-18</article_time><article-author>A.V.</article-author><article-text>Za odličnega kolumbijskega nogometaša Jamesa Rodrigueza je bila selitev iz Madrida v vrste münchenskega Bayerna vse prej kot prijetna stvar. Po treh čudovitih letih med 'galaktiki' je hvaležen vodstvu kluba s Santiaga Bernabeua, ki mu je ponudilo možnost igranja za sanjsko moštvo, a usoda zna biti včasih zelo kruta. Trenutno uživa v bavarski prestolnici, a nekega dne si znova želi nadeti dres 'belega baleta'.
Spomnimo, da je 26-letni James Rodriguez lani poleti zapustil Santiago Bernabeu in se kot posojeni nogometaš preselil v vrste münchenskega Bayerna, kjer uživa zaupanje trenerja Juppa Heynckesa. Bistveno večjega, kot je pri nekdanjem 'šefu' v Madridu Zinedinu Zidanu.

Slednji je bil tudi glavni razlog za Kolumbijčev odhod, kar je James priznal v zanimivem intervjuju v priljubljeni španski radijski oddaji 'El Chiringuito'. "Želel sem igrati, zavedajoč se lastne kakovosti in dejstva, da pri 26-ih letih prihajam v obdobje, ko mora vsak zdrav nogometaš prikazovati svoje najboljše predstave. Ne bežim od dejstva, da zelo pogrešam svoje nekdanje soigralce iz Reala, mesto Madrid in možnosti za osvajanje novih lovorik. Toda tudi v Münchnu zelo uživam, imam odlične soigralce, moštvo je močno in pripravljeno za največje izzive," je uvodoma dejal kolumbijski nogometni reprezentant, ki bo v bavarski prestolnici ostal predvidoma do poletja 2019, za kolikor sta se Real in Bayern dogovorila glede posoje.

James Rodriguez ne skriva želje, da bi si nekega dne znova nadel dres madridskega Reala.FOTO: AP
Če odide Zidane, ...
Glede na to, da je bil francoski strateg na klopi 'galaktikov' glavni razlog za Jamesov odhod iz španske prestolnice, se samo po sebi postavlja vprašanje o morebitni vrnitvi Kolumbijca na kultni Santiago Bernabeuu v kolikor se uresničijo vse glasnejše govorice o Zidanovi zamenjavi ob koncu aktualne klubske sezone.

"Nikoli nisem skrival, da bi se nekega dne želel vrniti v Madrid. To je klub mojega življenja. Z Realom me ne nazadnje veže pogodba do konca junija 2021, toda zdaj sem v Bayernu, kjer bom storil vse, da s soigralci osvojimo čim več lovorik. Če pa se nekega dne pojavi možnost vrnitve k Realu, bom klic Florentina Pereza z veseljem sprejel," je brez dlake na jeziku priznal zvezdnik kolumbijske izbrane vrste.</article-text><article-text-transliterated>Za odličnega kolumbijskega nogometaša Jamesa Rodrigueza je bila selitev iz Madrida v vrste münchenskega Bayerna vse prej kot prijetna stvar. Po treh čudovitih letih med 'galaktiki' je hvaležen vodstvu kluba s Santiaga Bernabeua, ki mu je ponudilo možnost igranja za sanjsko moštvo, a usoda zna biti včasih zelo kruta. Trenutno uživa v bavarski prestolnici, a nekega dne si znova želi nadeti dres 'belega baleta'.
Spomnimo, da je 26-letni James Rodriguez lani poleti zapustil Santiago Bernabeu in se kot posojeni nogometaš preselil v vrste münchenskega Bayerna, kjer uživa zaupanje trenerja Juppa Heynckesa. Bistveno večjega, kot je pri nekdanjem 'šefu' v Madridu Zinedinu Zidanu.

Slednji je bil tudi glavni razlog za Kolumbijčev odhod, kar je James priznal v zanimivem intervjuju v priljubljeni španski radijski oddaji 'El Chiringuito'. "Želel sem igrati, zavedajoč se lastne kakovosti in dejstva, da pri 26-ih letih prihajam v obdobje, ko mora vsak zdrav nogometaš prikazovati svoje najboljše predstave. Ne bežim od dejstva, da zelo pogrešam svoje nekdanje soigralce iz Reala, mesto Madrid in možnosti za osvajanje novih lovorik. Toda tudi v Münchnu zelo uživam, imam odlične soigralce, moštvo je močno in pripravljeno za največje izzive," je uvodoma dejal kolumbijski nogometni reprezentant, ki bo v bavarski prestolnici ostal predvidoma do poletja 2019, za kolikor sta se Real in Bayern dogovorila glede posoje.

James Rodriguez ne skriva želje, da bi si nekega dne znova nadel dres madridskega Reala.FOTO: AP
Če odide Zidane, ...
Glede na to, da je bil francoski strateg na klopi 'galaktikov' glavni razlog za Jamesov odhod iz španske prestolnice, se samo po sebi postavlja vprašanje o morebitni vrnitvi Kolumbijca na kultni Santiago Bernabeuu v kolikor se uresničijo vse glasnejše govorice o Zidanovi zamenjavi ob koncu aktualne klubske sezone.

"Nikoli nisem skrival, da bi se nekega dne želel vrniti v Madrid. To je klub mojega življenja. Z Realom me ne nazadnje veže pogodba do konca junija 2021, toda zdaj sem v Bayernu, kjer bom storil vse, da s soigralci osvojimo čim več lovorik. Če pa se nekega dne pojavi možnost vrnitve k Realu, bom klic Florentina Pereza z veseljem sprejel," je brez dlake na jeziku priznal zvezdnik kolumbijske izbrane vrste.</article-text-transliterated></article><comments><comments-count>10</comments-count><comments-list><comment comment-id="1"><comment-parent-id /><comment-text>real je zakon.</comment-text><comment-text-transliterated>real je zakon.</comment-text-transliterated></comment><comment comment-id="1-1"><comment-parent-id>1</comment-parent-id><comment-text>Niti malo.</comment-text><comment-text-transliterated>Niti malo.</comment-text-transliterated></comment><comment comment-id="2"><comment-parent-id /><comment-text>froc razvajen....</comment-text><comment-text-transliterated>froc razvajen....</comment-text-transliterated></comment><comment comment-id="3"><comment-parent-id /><comment-text>nihče ne pozabi kraljevega kluba nikoli! niti Katalonci očitno hahaha:DDD</comment-text><comment-text-transliterated>nihče ne pozabi kraljevega kluba nikoli! niti Katalonci očitno hahaha:DDD</comment-text-transliterated></comment><comment comment-id="3-1"><comment-parent-id>3</comment-parent-id><comment-text>Ti pa nikoli Barcelone, res nikoli. Ti je zelo prirasla k srcu.</comment-text><comment-text-transliterated>Ti pa nikoli Barcelone, res nikoli. Ti je zelo prirasla k srcu.</comment-text-transliterated></comment><comment comment-id="3-2"><comment-parent-id>3</comment-parent-id><comment-text>Kraljevi klub, diktatorjev klub ...zmeraj so pri koritu</comment-text><comment-text-transliterated>Kraljevi klub, diktatorjev klub ...zmeraj so pri koritu</comment-text-transliterated></comment><comment comment-id="4"><comment-parent-id /><comment-text>saj bo...malo še....</comment-text><comment-text-transliterated>saj bo...malo še....</comment-text-transliterated></comment><comment comment-id="5"><comment-parent-id /><comment-text>S to izjavo je dokazal, da ni zvest klubu. Na rezervno klop, takoj. Fc Bayern ga je prebudil in za zahvalo taksna izjava.</comment-text><comment-text-transliterated>S to izjavo je dokazal, da ni zvest klubu. Na rezervno klop, takoj. Fc Bayern ga je prebudil in za zahvalo taksna izjava.</comment-text-transliterated></comment><comment comment-id="6"><comment-parent-id /><comment-text>a se mu ni ljubi več igrat, bi rad spet na klopi sedel?</comment-text><comment-text-transliterated>a se mu ni ljubi več igrat, bi rad spet na klopi sedel?</comment-text-transliterated></comment><comment comment-id="6-1"><comment-parent-id>6</comment-parent-id><comment-text>Osel gre dvakrat na led</comment-text><comment-text-transliterated>Osel gre dvakrat na led</comment-text-transliterated></comment></comments-list></comments></document>