<?xml version="1.0" encoding="utf-8"?>
<document global-id="si-06-1234">
	<url>https://www.24ur.com/popin/zanimivosti/meghan-in-harry-sanjska-poroka-locitev-kot-iz-nocne-more.html</url>
	<source-id>si-06</source-id>
	<local-id>1234</local-id>
	<source-name>ur24</source-name>
	<article>
		<article-title>Meghan in Harry: statistika jima napoveduje ločitev</article-title>
		<article-title-transliterated>Meghan in Harry: statistika jima napoveduje ločitev</article-title-transliterated>
		<article-time>2018-05-19</article-time>
		<article-author>Natalija Švab</article-author>
		<article-text>Britanski princ Harry in njegova Meghan Markle se bosta danes sprehodila do oltarja. Medtem ko večina z njima veselo praznuje, pa ne manjka niti zlobnih jezikov, ki pravijo, da je ves pomp okoli poroke odveč, saj se bo pravljica končala z - ločitvijo. Se bo pravljica končala z ločitvijo?FOTO: AP Kraljeva poroka princa Harryja in Meghan Markle na Otoku že več tednov skrbi za evforijo. In za odmevne medijske zgodbe, ki se predvsem naslajajo nad disfunkcionalno nevestino družino. Oče Meghan Markle je imel namreč še preden se rodila Meghan, že družino. Zamere starejšega polbrata in pol sestre, ki ju je nato zapustil, pa se očitno še niso polegle, saj sta si oba več tednov prizadevala, da mi maksimalno očrnila nevesto. Zato ni čudno, da se že pojavljajo ugibanj, da se bo zakon med ambiciozno Marklovo in ne povsem odraslim princem končal z ločitvijo. Oba namreč v zakon prinašata precej čustvene prtljage. Oba je zaznamovalo otroštvo v ločenih staršev. Harry se je soočal celo z zelo odmevnimi ugibanji, da princ Charles ni njegov biološki oče, Meghan je imela težave, ker sta se njena starša razšla in ker je potomec rasno mešane zveze. Harry ni nikoli skrival dejstva, da se je le s težavo soočil s smrtjo matere Diane. Poznavalci dvora ocenjujejo, da sta bila ob emocionalno precej nedostopnem očetu Charlesu, z bratom Williamom v procesu žalovanja precej prepuščena sama sebi. V objem Marklove naj bi se zato zatekel tudi, ker naj bi bila precej materinska in naj bi mu namenjala potrebno pozornost. A njena sestra Samantha trdi, da je Meghan predvsem spretna manipulatorka. Če to dejansko drži, nekateri strokovnjaki menijo, da to ni presenetljivo. Otroci ločenih staršev, ki se morajo vseskozi boriti za njihovo pozornost pač razvijejo načine, kako se do kančka naklonjenosti tudi dokopati. Kakor koli - paru privoščimo, da gre za resnično ljubeze in ne poskus celjenja ran iz preteklosti.  So pa v številke pogledali statistiki, ki so ugotovili, da možnost ločitve dejansko ni zanemarljiva. Marklova je enkrat že bila poročena. Njen nekdanji mož pa je pravkar prodal televizijsko serijo, ki sumljivo spominja na realne dogodke. Namreč - serija pripoveduje zgodbo o moškem, čigar nekdanja žena se poroči s princem. Statistika pravi, da se zakoni ločencev pogosteje končajo z novo ločitvijo kot zveze, kjer gre za prvi zakon obeh vpletenih. Z ločitvijo se konča okoli 67-odstotkov &quot;drugih zakonov&quot;. Oba zakonca sta zvezdi. Zakonsko življenje že tako ni enostavno, če je treba vse težave reševati na očeh javnosti, pa je še toliko težje. Tudi to je minus kraljeve zveze, menijo poznavalci. V prid ne govori niti študija, objavljena v publikaciji Interpersonal Relations and Group Processes, ki trdi, da pari, ki si v javnosti ves čas izkazujejo nežnosti, prej pogosteje končajo na ločitvenem sodišču. Zaljubljeni pogledi naj vas torej ne zavedejo. Pari, ki so se ločili po vsaj sedmih letih zakona, so si javno naklonjenost izkazovali za vsaj tretjino več kot tisti, ki so skupaj ostali dolgoročno.  Harry in Meghan tudi prihajata iz zelo različnih kulturnih in družbeno-ekonomskih okolij. Medtem ko je ob odrasel na britanskem dvoru, je bilo odraščanje za Marklovo vse prej kot enostavno, saj finančne razmere v njeni družini niso bile rožnate. Harry je odrasel v družini, kjer je polno pravil. Meghan je na drugi strani precej samosvoja, že kot deklica je nasprotovala mačizmu in pisala pisma, ker jo je razjezil oglas, ki je nakazoval, da je pomivanje posode samo žensko opravilo. Uveljavila se je v svetu, kjer štejeta individualnost in zagon - torej ravno nasprotno kot na dvoru, kjer ni zaželeno, da žena zasenči princa, kaj šele, da bi želela zasenčiti bodočo kraljico Kate Middleton. Poroka Harryja in Meghan je razkošnna, štroški se štejejo v sto tisočih funtov. Napaka, pravi statistika, ki ugotavlja, da se pari, ki za poroko zapravijo več kot 20.000 evrov, ločijo trikrat pogosteje kot tisti, ki se odločijo za preprosto poroko. Argument, da druge izbire nista imela, sicer ne drži. Harry ni prestolonaslednik, zato bi se lahko odločila za skromen obred. V zakon vstopata, ko je Harry star 33, Meghan pa 36 let. Za primerjavo - na Otoku so moški ob vstopu v zakon stari 37 let, ženske pa 35. A statistika pravi, da se verjetnost za ločitev vsako leto poveča za 5-odstotkov, če par v zakon vstopa starejši kot 32 let. Na Otoku je bilo sicer leta 2016 106.959 ločitev. Moški so bili ob ločitvi povprečno stari 46, ženske pa 44 let. Zakoni, ki so se končali z ločitvijo, so povprečno trajali 12 let. Če bi v prihodnosti res prišlo do ločitve, se mediji nadejajo umazane ločitvene vojne, saj je družina Marklove že dokazala, da diskretnost nikakor ni njihova vrlina. Bi se pa ločitev Marklovi finančno izplačala. Harryjevo premoženje ocenjujejo na od 25 do 40 milijonov dolarjev, njeno na okoli 5 milijonov. Predporočne pogodbe ne bosta podpisala, saj to na Otoku ni običaj, prav tako pa Harry verjame, da to ni potrebno, saj bo njun zakon trajal večno.</article-text>
		<article-text-transliterated>Britanski princ Harry in njegova Meghan Markle se bosta danes sprehodila do oltarja. Medtem ko večina z njima veselo praznuje, pa ne manjka niti zlobnih jezikov, ki pravijo, da je ves pomp okoli poroke odveč, saj se bo pravljica končala z - ločitvijo. Se bo pravljica končala z ločitvijo?FOTO: AP Kraljeva poroka princa Harryja in Meghan Markle na Otoku že več tednov skrbi za evforijo. In za odmevne medijske zgodbe, ki se predvsem naslajajo nad disfunkcionalno nevestino družino. Oče Meghan Markle je imel namreč še preden se rodila Meghan, že družino. Zamere starejšega polbrata in pol sestre, ki ju je nato zapustil, pa se očitno še niso polegle, saj sta si oba več tednov prizadevala, da mi maksimalno očrnila nevesto. Zato ni čudno, da se že pojavljajo ugibanj, da se bo zakon med ambiciozno Marklovo in ne povsem odraslim princem končal z ločitvijo. Oba namreč v zakon prinašata precej čustvene prtljage. Oba je zaznamovalo otroštvo v ločenih staršev. Harry se je soočal celo z zelo odmevnimi ugibanji, da princ Charles ni njegov biološki oče, Meghan je imela težave, ker sta se njena starša razšla in ker je potomec rasno mešane zveze. Harry ni nikoli skrival dejstva, da se je le s težavo soočil s smrtjo matere Diane. Poznavalci dvora ocenjujejo, da sta bila ob emocionalno precej nedostopnem očetu Charlesu, z bratom Williamom v procesu žalovanja precej prepuščena sama sebi. V objem Marklove naj bi se zato zatekel tudi, ker naj bi bila precej materinska in naj bi mu namenjala potrebno pozornost. A njena sestra Samantha trdi, da je Meghan predvsem spretna manipulatorka. Če to dejansko drži, nekateri strokovnjaki menijo, da to ni presenetljivo. Otroci ločenih staršev, ki se morajo vseskozi boriti za njihovo pozornost pač razvijejo načine, kako se do kančka naklonjenosti tudi dokopati. Kakor koli - paru privoščimo, da gre za resnično ljubeze in ne poskus celjenja ran iz preteklosti.  So pa v številke pogledali statistiki, ki so ugotovili, da možnost ločitve dejansko ni zanemarljiva. Marklova je enkrat že bila poročena. Njen nekdanji mož pa je pravkar prodal televizijsko serijo, ki sumljivo spominja na realne dogodke. Namreč - serija pripoveduje zgodbo o moškem, čigar nekdanja žena se poroči s princem. Statistika pravi, da se zakoni ločencev pogosteje končajo z novo ločitvijo kot zveze, kjer gre za prvi zakon obeh vpletenih. Z ločitvijo se konča okoli 67-odstotkov &quot;drugih zakonov&quot;. Oba zakonca sta zvezdi. Zakonsko življenje že tako ni enostavno, če je treba vse težave reševati na očeh javnosti, pa je še toliko težje. Tudi to je minus kraljeve zveze, menijo poznavalci. V prid ne govori niti študija, objavljena v publikaciji Interpersonal Relations and Group Processes, ki trdi, da pari, ki si v javnosti ves čas izkazujejo nežnosti, prej pogosteje končajo na ločitvenem sodišču. Zaljubljeni pogledi naj vas torej ne zavedejo. Pari, ki so se ločili po vsaj sedmih letih zakona, so si javno naklonjenost izkazovali za vsaj tretjino več kot tisti, ki so skupaj ostali dolgoročno.  Harry in Meghan tudi prihajata iz zelo različnih kulturnih in družbeno-ekonomskih okolij. Medtem ko je ob odrasel na britanskem dvoru, je bilo odraščanje za Marklovo vse prej kot enostavno, saj finančne razmere v njeni družini niso bile rožnate. Harry je odrasel v družini, kjer je polno pravil. Meghan je na drugi strani precej samosvoja, že kot deklica je nasprotovala mačizmu in pisala pisma, ker jo je razjezil oglas, ki je nakazoval, da je pomivanje posode samo žensko opravilo. Uveljavila se je v svetu, kjer štejeta individualnost in zagon - torej ravno nasprotno kot na dvoru, kjer ni zaželeno, da žena zasenči princa, kaj šele, da bi želela zasenčiti bodočo kraljico Kate Middleton. Poroka Harryja in Meghan je razkošnna, štroški se štejejo v sto tisočih funtov. Napaka, pravi statistika, ki ugotavlja, da se pari, ki za poroko zapravijo več kot 20.000 evrov, ločijo trikrat pogosteje kot tisti, ki se odločijo za preprosto poroko. Argument, da druge izbire nista imela, sicer ne drži. Harry ni prestolonaslednik, zato bi se lahko odločila za skromen obred. V zakon vstopata, ko je Harry star 33, Meghan pa 36 let. Za primerjavo - na Otoku so moški ob vstopu v zakon stari 37 let, ženske pa 35. A statistika pravi, da se verjetnost za ločitev vsako leto poveča za 5-odstotkov, če par v zakon vstopa starejši kot 32 let. Na Otoku je bilo sicer leta 2016 106.959 ločitev. Moški so bili ob ločitvi povprečno stari 46, ženske pa 44 let. Zakoni, ki so se končali z ločitvijo, so povprečno trajali 12 let. Če bi v prihodnosti res prišlo do ločitve, se mediji nadejajo umazane ločitvene vojne, saj je družina Marklove že dokazala, da diskretnost nikakor ni njihova vrlina. Bi se pa ločitev Marklovi finančno izplačala. Harryjevo premoženje ocenjujejo na od 25 do 40 milijonov dolarjev, njeno na okoli 5 milijonov. Predporočne pogodbe ne bosta podpisala, saj to na Otoku ni običaj, prav tako pa Harry verjame, da to ni potrebno, saj bo njun zakon trajal večno.</article-text-transliterated>
	</article>
	<comments>
		<comments-count>33</comments-count>
		<comments-list>
			<comment comment-id="1">
				<comment-parent-id/>
				<comment-text>Ta čustvena prtljaga pri obeh zna priti še toliko bolj do izraza, ker sta na očeh javnosti in sta še pod dodatnim stresom. Upam, da se je kraljeva družina v primeru Diane tudi kaj naučila in da bodo drugače reagirali, če bo prihajajo do nesoglasij med njima. Moje skromno mnenje je, da edino pristna ljubezen med njima lahko preobrazi te vzorce. Želim si, da bi bila zmožna zapustiti bolečino preteklosti, še posebej pa zato, ker sta par, ki je na očeh javnosti in bi njuna zgodba o tem, da sta zmogla čez to, na nek način dala upanje tudi navadnim ljudem, ki imajo za seboj tako izkušnjo. Nekako sem mnenja, da si zaslužita biti srečna zaradi vsega, kar sta pretrpela v življenju in prav se mi zdi, da imata tudi onadva še kaj drugega od življenja kot pa samo trpljenje.</comment-text>
				<comment-text-transliterated>Ta čustvena prtljaga pri obeh zna priti še toliko bolj do izraza, ker sta na očeh javnosti in sta še pod dodatnim stresom. Upam, da se je kraljeva družina v primeru Diane tudi kaj naučila in da bodo drugače reagirali, če bo prihajajo do nesoglasij med njima. Moje skromno mnenje je, da edino pristna ljubezen med njima lahko preobrazi te vzorce. Želim si, da bi bila zmožna zapustiti bolečino preteklosti, še posebej pa zato, ker sta par, ki je na očeh javnosti in bi njuna zgodba o tem, da sta zmogla čez to, na nek način dala upanje tudi navadnim ljudem, ki imajo za seboj tako izkušnjo. Nekako sem mnenja, da si zaslužita biti srečna zaradi vsega, kar sta pretrpela v življenju in prav se mi zdi, da imata tudi onadva še kaj drugega od življenja kot pa samo trpljenje.</comment-text-transliterated>
			</comment>
			<comment comment-id="2">
				<comment-parent-id/>
				<comment-text>Ne potrebuješ predporočne pogodbe , če greš ob ločitvi v falar...</comment-text>
				<comment-text-transliterated>Ne potrebuješ predporočne pogodbe , če greš ob ločitvi v falar...</comment-text-transliterated>
			</comment>
			<comment comment-id="3">
				<comment-parent-id/>
				<comment-text>Članek polno napak! Švabovi takoj odpustit al znižajte ji plačo!!</comment-text>
				<comment-text-transliterated>Članek polno napak! Švabovi takoj odpustit al znižajte ji plačo!!</comment-text-transliterated>
			</comment>
			<comment comment-id="4">
				<comment-parent-id/>
				<comment-text>Ma pustite pri miru ločitev saj je šele ohcet sedaj se je treba veselit ,ko bo pa kaj drugega bomo pa tak izvedeli .živela ženin in nevesta.</comment-text>
				<comment-text-transliterated>Ma pustite pri miru ločitev saj je šele ohcet sedaj se je treba veselit ,ko bo pa kaj drugega bomo pa tak izvedeli .živela ženin in nevesta.</comment-text-transliterated>
			</comment>
			<comment comment-id="5">
				<comment-parent-id/>
				<comment-text>jaz tudi</comment-text>
				<comment-text-transliterated>jaz tudi</comment-text-transliterated>
			</comment>
			<comment comment-id="6">
				<comment-parent-id/>
				<comment-text>Koga briga. 24ur.com je očitno portal brez nekih idej, saj kopirajo druge medije in smetijo novice s poroko iz ene male državice na obronku Evrope.</comment-text>
				<comment-text-transliterated>Koga briga. 24ur.com je očitno portal brez nekih idej, saj kopirajo druge medije in smetijo novice s poroko iz ene male državice na obronku Evrope.</comment-text-transliterated>
			</comment>
			<comment comment-id="7">
				<comment-parent-id/>
				<comment-text>nekaj je statistika ,nekaj prvinski nagon-bravo mladoporočenca,nekaj pa bedni staršiu oziroma eden od njih.V primeru Harrya je zatajil oče ki je tipičen osladen razvajenec...v primeru nje pa očitno oba oziroma oče ki je ena mevža....upam da to vesta in da se imata fino čim dlje....</comment-text>
				<comment-text-transliterated>nekaj je statistika ,nekaj prvinski nagon-bravo mladoporočenca,nekaj pa bedni staršiu oziroma eden od njih.V primeru Harrya je zatajil oče ki je tipičen osladen razvajenec...v primeru nje pa očitno oba oziroma oče ki je ena mevža....upam da to vesta in da se imata fino čim dlje....</comment-text-transliterated>
			</comment>
			<comment comment-id="7-1">
				<comment-parent-id>7</comment-parent-id>
				<comment-text>Ja seveda. Ti bos ze vedel. A na Diano si pa pozabil?</comment-text>
				<comment-text-transliterated>Ja seveda. Ti bos ze vedel. A na Diano si pa pozabil?</comment-text-transliterated>
			</comment>
			<comment comment-id="8">
				<comment-parent-id/>
				<comment-text>Statistika napoveduje, da bom od tega bruhal.</comment-text>
				<comment-text-transliterated>Statistika napoveduje, da bom od tega bruhal.</comment-text-transliterated>
			</comment>
			<comment comment-id="9">
				<comment-parent-id/>
				<comment-text>Kako je lahko ta trač pod rubriko Slovenija?</comment-text>
				<comment-text-transliterated>Kako je lahko ta trač pod rubriko Slovenija?</comment-text-transliterated>
			</comment>
			<comment comment-id="10">
				<comment-parent-id/>
				<comment-text>Katera statistika, Slovenska. Da vas ne bo razgnalo od foušije slovenčki.</comment-text>
				<comment-text-transliterated>Katera statistika, Slovenska. Da vas ne bo razgnalo od foušije slovenčki.</comment-text-transliterated>
			</comment>
			<comment comment-id="11">
				<comment-parent-id/>
				<comment-text>Lovači je padla sekira v med. V 2 do 3 letih bosta ločena pol pa nova poroka. Saj radi gledate take poroke.</comment-text>
				<comment-text-transliterated>Lovači je padla sekira v med. V 2 do 3 letih bosta ločena pol pa nova poroka. Saj radi gledate take poroke.</comment-text-transliterated>
			</comment>
			<comment comment-id="12">
				<comment-parent-id/>
				<comment-text>ogabno</comment-text>
				<comment-text-transliterated>ogabno</comment-text-transliterated>
			</comment>
			<comment comment-id="13">
				<comment-parent-id/>
				<comment-text>Normalno je, da se najprej poročiš, da se potem lahko ločiš</comment-text>
				<comment-text-transliterated>Normalno je, da se najprej poročiš, da se potem lahko ločiš</comment-text-transliterated>
			</comment>
			<comment comment-id="14">
				<comment-parent-id/>
				<comment-text>Ne greta skup, pa fertik!</comment-text>
				<comment-text-transliterated>Ne greta skup, pa fertik!</comment-text-transliterated>
			</comment>
			<comment comment-id="15">
				<comment-parent-id/>
				<comment-text>Sem pričakoval Halida, da bo kero zapel. Kje se je zgubu kronik?</comment-text>
				<comment-text-transliterated>Sem pričakoval Halida, da bo kero zapel. Kje se je zgubu kronik?</comment-text-transliterated>
			</comment>
			<comment comment-id="16">
				<comment-parent-id/>
				<comment-text>roko na srce ..da ni princ ga narasla reka ne pobere ne pa model iz koledarja</comment-text>
				<comment-text-transliterated>roko na srce ..da ni princ ga narasla reka ne pobere ne pa model iz koledarja</comment-text-transliterated>
			</comment>
			<comment comment-id="17">
				<comment-parent-id/>
				<comment-text>itak ne bo več kot leto dve..to ni Hollywood to je toga UK ....rodila bo otroka nato pa mu bo pobrala par miljonov in nazaj v LA</comment-text>
				<comment-text-transliterated>itak ne bo več kot leto dve..to ni Hollywood to je toga UK ....rodila bo otroka nato pa mu bo pobrala par miljonov in nazaj v LA</comment-text-transliterated>
			</comment>
			<comment comment-id="17-1">
				<comment-parent-id>17</comment-parent-id>
				<comment-text>Prav ima.</comment-text>
				<comment-text-transliterated>Prav ima.</comment-text-transliterated>
			</comment>
			<comment comment-id="18">
				<comment-parent-id/>
				<comment-text>Nisem vedeževalec pa vseeno, lovka in nič drugega. Čez tri leta s spomnite na moje besede. Fante pač ni bil vajen pravega se a in bilo z njim konec. Kot je ljubezen izbruhnila bo tudi zamrla. Megan izkušena ženska on pa mamin sinček 😀</comment-text>
				<comment-text-transliterated>Nisem vedeževalec pa vseeno, lovka in nič drugega. Čez tri leta s spomnite na moje besede. Fante pač ni bil vajen pravega se a in bilo z njim konec. Kot je ljubezen izbruhnila bo tudi zamrla. Megan izkušena ženska on pa mamin sinček 😀</comment-text-transliterated>
			</comment>
			<comment comment-id="19">
				<comment-parent-id/>
				<comment-text>Angleži enako fu...n narod kot slovenci da podpirajo to ga..t ki živijo na račun ljudstva.</comment-text>
				<comment-text-transliterated>Angleži enako fu...n narod kot slovenci da podpirajo to ga..t ki živijo na račun ljudstva.</comment-text-transliterated>
			</comment>
			<comment comment-id="20">
				<comment-parent-id/>
				<comment-text>Bedni ste vsi ki to spremljate.</comment-text>
				<comment-text-transliterated>Bedni ste vsi ki to spremljate.</comment-text-transliterated>
			</comment>
			<comment comment-id="21">
				<comment-parent-id/>
				<comment-text>Harry pač ni sposoben dobiti svež sadež, vedno je dobIl OBGRIZEK., OSTANKE..pač ne zasluži boljše..</comment-text>
				<comment-text-transliterated>Harry pač ni sposoben dobiti svež sadež, vedno je dobIl OBGRIZEK., OSTANKE..pač ne zasluži boljše..</comment-text-transliterated>
			</comment>
			<comment comment-id="21-1">
				<comment-parent-id>21</comment-parent-id>
				<comment-text>Pomembno je, da je tvoj dobil rdeče jabolko, a znotraj črvivo ...</comment-text>
				<comment-text-transliterated>Pomembno je, da je tvoj dobil rdeče jabolko, a znotraj črvivo ...</comment-text-transliterated>
			</comment>
			<comment comment-id="22">
				<comment-parent-id/>
				<comment-text>Ja kaj pa ...</comment-text>
				<comment-text-transliterated>Ja kaj pa ...</comment-text-transliterated>
			</comment>
			<comment comment-id="23">
				<comment-parent-id/>
				<comment-text>Ta pametni, ne pozabite v ponedeljek kupiti posebnih izdaj Nove, Story, Lady, Jana v katerih bo vse posvečeno kraljevski poroki, tud o tem kolikokrat in kdaj sta mladoporočenca obiskala stranišče.</comment-text>
				<comment-text-transliterated>Ta pametni, ne pozabite v ponedeljek kupiti posebnih izdaj Nove, Story, Lady, Jana v katerih bo vse posvečeno kraljevski poroki, tud o tem kolikokrat in kdaj sta mladoporočenca obiskala stranišče.</comment-text-transliterated>
			</comment>
			<comment comment-id="23-1">
				<comment-parent-id>23</comment-parent-id>
				<comment-text>Princi ne hodijo na stranišče, njim menjajo plenice 😀</comment-text>
				<comment-text-transliterated>Princi ne hodijo na stranišče, njim menjajo plenice 😀</comment-text-transliterated>
			</comment>
			<comment comment-id="24">
				<comment-parent-id/>
				<comment-text>Dajte no mir! Še poročila se nista!</comment-text>
				<comment-text-transliterated>Dajte no mir! Še poročila se nista!</comment-text-transliterated>
			</comment>
			<comment comment-id="25">
				<comment-parent-id/>
				<comment-text>men ta poroka bol deluje kot reklama za dormeo</comment-text>
				<comment-text-transliterated>men ta poroka bol deluje kot reklama za dormeo</comment-text-transliterated>
			</comment>
			<comment comment-id="26">
				<comment-parent-id/>
				<comment-text>Statistika tak vsakemu napoveduje ločitev!! Dejte kdaj kaj pozitivnega napisat ne pa same škandale pa vroče posnetke..tak cirkus kot, da se ženita župnik pa nuna!!!</comment-text>
				<comment-text-transliterated>Statistika tak vsakemu napoveduje ločitev!! Dejte kdaj kaj pozitivnega napisat ne pa same škandale pa vroče posnetke..tak cirkus kot, da se ženita župnik pa nuna!!!</comment-text-transliterated>
			</comment>
			<comment comment-id="27">
				<comment-parent-id/>
				<comment-text>k bo taoranzen to skuzil, bo ze prepozen</comment-text>
				<comment-text-transliterated>k bo taoranzen to skuzil, bo ze prepozen</comment-text-transliterated>
			</comment>
			<comment comment-id="28">
				<comment-parent-id/>
				<comment-text>pupa je pac lovača</comment-text>
				<comment-text-transliterated>pupa je pac lovača</comment-text-transliterated>
			</comment>
			<comment comment-id="28-1">
				<comment-parent-id>28</comment-parent-id>
				<comment-text>Točno tako, spoznala pa sta se na zmenkih. Princ si žensko najde šele na zmenkih, tam se pa ve koliko je ura. Pa ne nabijat brez veze, verjamete da vem zakaj sem to napisal. Zmenki na slepo je isto kot srečolov. Večina ostane brez VSEGA 😁</comment-text>
				<comment-text-transliterated>Točno tako, spoznala pa sta se na zmenkih. Princ si žensko najde šele na zmenkih, tam se pa ve koliko je ura. Pa ne nabijat brez veze, verjamete da vem zakaj sem to napisal. Zmenki na slepo je isto kot srečolov. Večina ostane brez VSEGA 😁</comment-text-transliterated>
			</comment>
		</comments-list>
	</comments>
</document>
