<?xml version="1.0" encoding="utf-8"?>
<document global-id="si-06-1183">
	<url>https://www.24ur.com/popin/glasba/madonna-kot-kavbojska-nevesta-z-bicem-zapeljuje-svojega-snubca.html</url>
	<source-id>si-06</source-id>
	<local-id>1183</local-id>
	<source-name>ur24</source-name>
	<article>
		<article-title>Madonna kot kavbojska nevesta z bičem zapeljuje svojega snubca</article-title>
		<article-title-transliterated>Madonna kot kavbojska nevesta z bičem zapeljuje svojega snubca</article-title-transliterated>
		<article-time>2019-04-25</article-time>
		<article-author>A.R.</article-author>
		<article-text>Legendarna pevka Madonna je zadnje dni oboževalce na družbenih omrežjih dražila z objavami o novem videospotu za pesem Medellín, ki jo je posnela s Kolumbijcem Malumo. Spot je zdaj ugledal luč sveta, v njem pa lahko vidimo zapeljive in kontroverzne prizore med njima. Za prikaz vsebine je potrebno omogočite piškotke družbenih omrežij. OMOGOČI PIŠKOTKE Ameriška zvezdnica Madonna je pred dnevi izdala pesem v angleško-španskem jeziku Medellín, pri kateri je sodelovala s kolumbijskim zvezdnikom Malumo. Izid pesmi je bil zelo čustven za 23-letnika, ki je na Instagramu, kjer ima več kot 40 milijonov sledilcev, objavil posnetek, na katerem so ga premagala močna čustva. S pesmijo je pevka hkrati napovedala nov, že 14. studijski album, ki ga je poimenovala Madame X in bo izšel 14. junija. Za prikaz vsebine je potrebno omogočite piškotke družbenih omrežij. OMOGOČI PIŠKOTKE Pesem je dobila tudi zelo barvito vizualno podobo, in sicer videospot, ki je dolg skoraj sedem minut. Videospot se začne z Madonnino molitvijo, potem pa sledijo prizori v sobi z zrcali, kjer se ji pridružijo Maluma in skupina plesalcev. 60-letna kraljica popa ima na sebi oprijeto krilo z visokim razporkom, belo bluzo, črno kravato in 'piratsko' prevezo za oči, v roki pa drži jahalni bič. Madonna kot Madame X obožuje ples in pokaže kar nekaj značilnih plesnih korakov ča-ča-ča-ja, na plesišču pa ne manjka niti drznih in zapeljivih gibov Madonne in Malume, ki je prevzel vlogo snubca. Maluma in MadonnaFOTO: Profimedia Zvezdnika sta nekaj kadrov posnela tudi v postelji, kjer nazdravljata s šampanjcem. Madonna, oblečena v modro obleko, v enem od prizorov poliže pevčev prst na nogi. Ja, to je pač Madonna. Njuno razmerje je v spotu vse bolj resno, saj se kar naenkrat znajdemo na svatbi. Madonna kot kavbojska nevesta pleše na mizi, za katero sedijo poročni gostje in priča smo pravi gostiji. Na koncu pa vidimo, kako Madonna in Maluma skupaj odjahata v noč. Poglejte si Madonnin novi videospot za videospot Medellín: Za prikaz vsebine je potrebno omogočite piškotke družbenih omrežij. OMOGOČI PIŠKOTKE</article-text>
		<article-text-transliterated>Legendarna pevka Madonna je zadnje dni oboževalce na družbenih omrežjih dražila z objavami o novem videospotu za pesem Medellín, ki jo je posnela s Kolumbijcem Malumo. Spot je zdaj ugledal luč sveta, v njem pa lahko vidimo zapeljive in kontroverzne prizore med njima. Za prikaz vsebine je potrebno omogočite piškotke družbenih omrežij. OMOGOČI PIŠKOTKE Ameriška zvezdnica Madonna je pred dnevi izdala pesem v angleško-španskem jeziku Medellín, pri kateri je sodelovala s kolumbijskim zvezdnikom Malumo. Izid pesmi je bil zelo čustven za 23-letnika, ki je na Instagramu, kjer ima več kot 40 milijonov sledilcev, objavil posnetek, na katerem so ga premagala močna čustva. S pesmijo je pevka hkrati napovedala nov, že 14. studijski album, ki ga je poimenovala Madame X in bo izšel 14. junija. Za prikaz vsebine je potrebno omogočite piškotke družbenih omrežij. OMOGOČI PIŠKOTKE Pesem je dobila tudi zelo barvito vizualno podobo, in sicer videospot, ki je dolg skoraj sedem minut. Videospot se začne z Madonnino molitvijo, potem pa sledijo prizori v sobi z zrcali, kjer se ji pridružijo Maluma in skupina plesalcev. 60-letna kraljica popa ima na sebi oprijeto krilo z visokim razporkom, belo bluzo, črno kravato in 'piratsko' prevezo za oči, v roki pa drži jahalni bič. Madonna kot Madame X obožuje ples in pokaže kar nekaj značilnih plesnih korakov ča-ča-ča-ja, na plesišču pa ne manjka niti drznih in zapeljivih gibov Madonne in Malume, ki je prevzel vlogo snubca. Maluma in MadonnaFOTO: Profimedia Zvezdnika sta nekaj kadrov posnela tudi v postelji, kjer nazdravljata s šampanjcem. Madonna, oblečena v modro obleko, v enem od prizorov poliže pevčev prst na nogi. Ja, to je pač Madonna. Njuno razmerje je v spotu vse bolj resno, saj se kar naenkrat znajdemo na svatbi. Madonna kot kavbojska nevesta pleše na mizi, za katero sedijo poročni gostje in priča smo pravi gostiji. Na koncu pa vidimo, kako Madonna in Maluma skupaj odjahata v noč. Poglejte si Madonnin novi videospot za videospot Medellín: Za prikaz vsebine je potrebno omogočite piškotke družbenih omrežij. OMOGOČI PIŠKOTKE</article-text-transliterated>
	</article>
	<comments>
		<comments-count>3</comments-count>
		<comments-list>
			<comment comment-id="1">
				<comment-parent-id/>
				<comment-text>Groza!</comment-text>
				<comment-text-transliterated>Groza!</comment-text-transliterated>
			</comment>
			<comment comment-id="2">
				<comment-parent-id/>
				<comment-text>Še na mnoga leta, mamka!</comment-text>
				<comment-text-transliterated>Še na mnoga leta, mamka!</comment-text-transliterated>
			</comment>
			<comment comment-id="3">
				<comment-parent-id/>
				<comment-text>Tako to gre , ko je prepolna rit vsega!</comment-text>
				<comment-text-transliterated>Tako to gre , ko je prepolna rit vsega!</comment-text-transliterated>
			</comment>
		</comments-list>
	</comments>
</document>
