<?xml version="1.0" encoding="utf-8"?>
<document global-id="si-06-1186">
	<url>https://www.24ur.com/novice/svet/varnostni-svet-zn-bo-zasedal-o-venezueli.html</url>
	<source-id>si-06</source-id>
	<local-id>1186</local-id>
	<source-name>ur24</source-name>
	<article>
		<article-title>Maduro zagrozil Guaidoju z morebitno aretacijo ob vrnitvi v državo</article-title>
		<article-title-transliterated>Maduro zagrozil Guaidoju z morebitno aretacijo ob vrnitvi v državo</article-title-transliterated>
		<article-time>2019-02-26</article-time>
		<article-author>A.K. / K.H. / STA</article-author>
		<article-text>Venezuelskega vodjo opozicije Juana Guaidoja bi lahko ob vrnitvi iz Kolumbije v Venezuelo aretirali, je dejal venezuelski predsednik Nicolas Maduro. Guaidoju je namreč v petek kljub prepovedi, da zapusti državo, uspelo priti v sosednjo Kolumbijo, ni pa jasno, kako se bo vrnil. Venezuelski predsednik Nicolas Maduro je bil glede svojega nasprotnika Juana Guaidoja v intervjuju za ABC News jasen: &quot;Ne more kar prihajati in odhajati. Moral se bo soočiti z roko pravice in pravosodje mu je prepovedalo, da zapusti državo. Spoštoval bom zakone.&quot; Ob tem je spomnil, da sam ne more dati ukaza za aretacijo in da se s tem ukvarjajo sodišča in izvršna oblast, ki se vsak dan odločajo glede različnih kriminalnih dejanj. &quot;Nihče ni nad zakonom,&quot; je dodal. Venezuelsko vrhovno sodišče je januarja Guaidoju prepovedalo potovanja v tujino, saj proti njemu poteka preiskava zaradi domnevnega kršenja ustavnega reda. Ne glede na prepoved je vodji opozicije v petek uspelo priti v kolumbijsko mesto Cucuta, kjer je konec minulega tedna sprožil akcijo dostave humanitarne pomoči Venezueli. V ponedeljek pa se je v Bogoti udeležil tudi srečanja držav t. i. skupine iz Lime. Guaido je sicer kolumbijskim medijem dejal, da se bo kmalu vrnil v domovino. Varnostni svet ZN bo zasedal o Venezueli Varnostni svet Združenih narodov je sklical odprto zasedanje o krizi v Venezueli, ki so ga zahtevale ZDA zaradi nasilja ob neuspešnih poskusih dostave humanitarne pomoči, v katerem so minuli konec tedna umrle štiri osebe.  ZDA so v ponedeljek uvedle sankcije proti štirim guvernerjem zveznih držav Venezuele, podpredsednik ZDA Mike Pence pa se je v Kolumbiji sestal z samooklicanim začasnim predsednikom Venezuele Guaidojem. Maduro vidi v pomoči krinko za ameriško vojaško posredovanje in jo zato zavrača.FOTO: AP Pence in Guaido sta se dogovorila za strategijo stopnjevanja pritiska na venezuelskega predsednika Nicolasa Madura. Ta je v odzivu poudaril, da je srečanje v Kolumbiji namenjeno vzpostavitvi vzporedne venezuelske vlade. Venezuelski predsednik je v intervjuju, predvajanem v ponedeljek, še obtožil ZDA, da želijo venezuelsko nafto ter da so pripravljene zanjo celo iti v vojno. Guaido je na srečanju skupine iz Lime in ZDA pozval k odločnosti do predsednika Venezuele Nicolasa Madura, saj da pomeni grožnjo Ameriki. Pence pa mu je zagotovil 100-odstotno podporo predsednika Donalda Trumpa in opozoril, da ostajajo &quot;odprte vse možnosti&quot;. Ob tem je napovedal še več ameriške humanitarne pomoči in nove sankcije proti režimu v Caracasu oziroma &quot;njegovim koruptivnim finančnim mrežam&quot;. Guaido želi dostaviti pomoč več sto tisoč Venezuelcem, ki so po njegovih besedah življenjsko ogroženi zaradi pomanjkanja hrane in zdravil. Maduro vidi v pomoči krinko za ameriško vojaško posredovanje in jo zato zavrača. Guaido je na srečanje v Kolumbiji odpotoval, čeprav mu je sodišče to prepovedalo. V ponedeljek je napovedal, da se bo ta teden vrnil v domovino, njegovi sodelavci pa opozarjajo, da je prejel &quot;resne in verodostojne grožnje&quot;. Jorge Ramos, novinar ameriške televizije v španskem jeziku Univision s sedežem v New Yorku, ki je znan po svojem neposrednem in agresivnem pristopu, je Maduru pokazal posnetek Venezuelcev, ki se hranijo iz tovornjaka za smeti.FOTO: AP Ukrepa ni pričakovati Stalni članici Varnostnega sveta ZN Rusija in Kitajska sicer še naprej podpirata in priznavata vlado predsednika Nicolasa Madure, ZDA, Velika Britanija in Francija pa priznavajo Guaidoja. Zaradi tega kakšnega ukrepa po odprtem zasedanju, na katerem lahko sodelujejo vse članice ZN, ni pričakovati. Podpredsednik ZDA Mike Pence se je v Kolumbiji sestal z samooklicanim začasnim predsednikom Venezuele Juanom Guaidojem.FOTO: AP Poročilo o Venezueli bo podala namestnica generalnega sekretarja ZN Rosemary DiCarlo, ki je bila pred tem namestnica veleposlanice ZDA v ZN. ZDA pripravljajo predlog resolucije, ki bi pozvala k začetku političnega procesa za svobodne, poštene in verodostojne predsedniške volitve. Rusija pa pripravlja predlog, ki bi obsodil poskuse vpletanja v notranje zadeve Venezuele in izrazil zaskrbljenost zaradi groženj s silo. Iz Venezuele je po podatkih ZN od leta 2015 zaradi pomanjkanja pobegnilo 2,7 milijona ljudi. Maduro ukazal pridržati novinarsko ekipo Nekaj drame je bilo v ponedeljek tudi v predsedniški palači Miraflores, kjer se je Maduro zelo razjezil nad novinarji in jih celo ukazal pridržati. Novinar ameriške televizije v španskem jeziku Univision s sedežem v New Yorku Jorge Ramos, ki je znan po svojem neposrednem in agresivnem pristopu, je Maduru pokazal posnetek Venezuelcev, ki se hranijo iz tovornjaka za smeti. Iz Venezuele je po podatkih ZN od leta 2015 zaradi pomanjkanja pobegnilo 2,7 milijona ljudi.FOTO: AP Madura je to tako razjezilo, da je prekinil intervju, televizija Univision pa je poročala, da je ukazal pridržanje novinarske ekipe. Poleg Ramosa naj bi za tri ure pridržali še pet članov njegove ekipe in jim odvzeli tehnično opremo. Ramos je po izpustitvi poročal, da Maduru ni bil všeč posnetek, pa tudi njegova vprašanja o pomanjkanju demokracije v državi, mučenju političnih zapornikov in humanitarni krizi. Ramos ima veliko izkušenj z ljudmi, ki jim niso všeč njegova vprašanja. Leta 2015 so ga zaradi tega poslali iz dvorane, kjer je imel svoj dogodek Donald Trump, takrat še predsedniški kandidat. Ramos je skušal Trumpa vprašati o njegovih stališčih do priseljencev, kandidat pa mu je odvrnil, naj gre nazaj na Univison, nakar so ga varnostniki pospremili iz dvorane v Iowi.</article-text>
		<article-text-transliterated>Venezuelskega vodjo opozicije Juana Guaidoja bi lahko ob vrnitvi iz Kolumbije v Venezuelo aretirali, je dejal venezuelski predsednik Nicolas Maduro. Guaidoju je namreč v petek kljub prepovedi, da zapusti državo, uspelo priti v sosednjo Kolumbijo, ni pa jasno, kako se bo vrnil. Venezuelski predsednik Nicolas Maduro je bil glede svojega nasprotnika Juana Guaidoja v intervjuju za ABC News jasen: &quot;Ne more kar prihajati in odhajati. Moral se bo soočiti z roko pravice in pravosodje mu je prepovedalo, da zapusti državo. Spoštoval bom zakone.&quot; Ob tem je spomnil, da sam ne more dati ukaza za aretacijo in da se s tem ukvarjajo sodišča in izvršna oblast, ki se vsak dan odločajo glede različnih kriminalnih dejanj. &quot;Nihče ni nad zakonom,&quot; je dodal. Venezuelsko vrhovno sodišče je januarja Guaidoju prepovedalo potovanja v tujino, saj proti njemu poteka preiskava zaradi domnevnega kršenja ustavnega reda. Ne glede na prepoved je vodji opozicije v petek uspelo priti v kolumbijsko mesto Cucuta, kjer je konec minulega tedna sprožil akcijo dostave humanitarne pomoči Venezueli. V ponedeljek pa se je v Bogoti udeležil tudi srečanja držav t. i. skupine iz Lime. Guaido je sicer kolumbijskim medijem dejal, da se bo kmalu vrnil v domovino. Varnostni svet ZN bo zasedal o Venezueli Varnostni svet Združenih narodov je sklical odprto zasedanje o krizi v Venezueli, ki so ga zahtevale ZDA zaradi nasilja ob neuspešnih poskusih dostave humanitarne pomoči, v katerem so minuli konec tedna umrle štiri osebe.  ZDA so v ponedeljek uvedle sankcije proti štirim guvernerjem zveznih držav Venezuele, podpredsednik ZDA Mike Pence pa se je v Kolumbiji sestal z samooklicanim začasnim predsednikom Venezuele Guaidojem. Maduro vidi v pomoči krinko za ameriško vojaško posredovanje in jo zato zavrača.FOTO: AP Pence in Guaido sta se dogovorila za strategijo stopnjevanja pritiska na venezuelskega predsednika Nicolasa Madura. Ta je v odzivu poudaril, da je srečanje v Kolumbiji namenjeno vzpostavitvi vzporedne venezuelske vlade. Venezuelski predsednik je v intervjuju, predvajanem v ponedeljek, še obtožil ZDA, da želijo venezuelsko nafto ter da so pripravljene zanjo celo iti v vojno. Guaido je na srečanju skupine iz Lime in ZDA pozval k odločnosti do predsednika Venezuele Nicolasa Madura, saj da pomeni grožnjo Ameriki. Pence pa mu je zagotovil 100-odstotno podporo predsednika Donalda Trumpa in opozoril, da ostajajo &quot;odprte vse možnosti&quot;. Ob tem je napovedal še več ameriške humanitarne pomoči in nove sankcije proti režimu v Caracasu oziroma &quot;njegovim koruptivnim finančnim mrežam&quot;. Guaido želi dostaviti pomoč več sto tisoč Venezuelcem, ki so po njegovih besedah življenjsko ogroženi zaradi pomanjkanja hrane in zdravil. Maduro vidi v pomoči krinko za ameriško vojaško posredovanje in jo zato zavrača. Guaido je na srečanje v Kolumbiji odpotoval, čeprav mu je sodišče to prepovedalo. V ponedeljek je napovedal, da se bo ta teden vrnil v domovino, njegovi sodelavci pa opozarjajo, da je prejel &quot;resne in verodostojne grožnje&quot;. Jorge Ramos, novinar ameriške televizije v španskem jeziku Univision s sedežem v New Yorku, ki je znan po svojem neposrednem in agresivnem pristopu, je Maduru pokazal posnetek Venezuelcev, ki se hranijo iz tovornjaka za smeti.FOTO: AP Ukrepa ni pričakovati Stalni članici Varnostnega sveta ZN Rusija in Kitajska sicer še naprej podpirata in priznavata vlado predsednika Nicolasa Madure, ZDA, Velika Britanija in Francija pa priznavajo Guaidoja. Zaradi tega kakšnega ukrepa po odprtem zasedanju, na katerem lahko sodelujejo vse članice ZN, ni pričakovati. Podpredsednik ZDA Mike Pence se je v Kolumbiji sestal z samooklicanim začasnim predsednikom Venezuele Juanom Guaidojem.FOTO: AP Poročilo o Venezueli bo podala namestnica generalnega sekretarja ZN Rosemary DiCarlo, ki je bila pred tem namestnica veleposlanice ZDA v ZN. ZDA pripravljajo predlog resolucije, ki bi pozvala k začetku političnega procesa za svobodne, poštene in verodostojne predsedniške volitve. Rusija pa pripravlja predlog, ki bi obsodil poskuse vpletanja v notranje zadeve Venezuele in izrazil zaskrbljenost zaradi groženj s silo. Iz Venezuele je po podatkih ZN od leta 2015 zaradi pomanjkanja pobegnilo 2,7 milijona ljudi. Maduro ukazal pridržati novinarsko ekipo Nekaj drame je bilo v ponedeljek tudi v predsedniški palači Miraflores, kjer se je Maduro zelo razjezil nad novinarji in jih celo ukazal pridržati. Novinar ameriške televizije v španskem jeziku Univision s sedežem v New Yorku Jorge Ramos, ki je znan po svojem neposrednem in agresivnem pristopu, je Maduru pokazal posnetek Venezuelcev, ki se hranijo iz tovornjaka za smeti. Iz Venezuele je po podatkih ZN od leta 2015 zaradi pomanjkanja pobegnilo 2,7 milijona ljudi.FOTO: AP Madura je to tako razjezilo, da je prekinil intervju, televizija Univision pa je poročala, da je ukazal pridržanje novinarske ekipe. Poleg Ramosa naj bi za tri ure pridržali še pet članov njegove ekipe in jim odvzeli tehnično opremo. Ramos je po izpustitvi poročal, da Maduru ni bil všeč posnetek, pa tudi njegova vprašanja o pomanjkanju demokracije v državi, mučenju političnih zapornikov in humanitarni krizi. Ramos ima veliko izkušenj z ljudmi, ki jim niso všeč njegova vprašanja. Leta 2015 so ga zaradi tega poslali iz dvorane, kjer je imel svoj dogodek Donald Trump, takrat še predsedniški kandidat. Ramos je skušal Trumpa vprašati o njegovih stališčih do priseljencev, kandidat pa mu je odvrnil, naj gre nazaj na Univison, nakar so ga varnostniki pospremili iz dvorane v Iowi.</article-text-transliterated>
	</article>
	<comments>
		<comments-count>12</comments-count>
		<comments-list>
			<comment comment-id="1">
				<comment-parent-id/>
				<comment-text>naj gre tale Ramos v Saudsko Arabijo, pa tam vpraša zločinskega princa, kako in kaj je tam z demokracijo in človekovimi pravicami, zlasti žensk in kritičnih novinarjev, pa če ga kaj motijo lakota in smrt na vsakem koraku v Jemnu.</comment-text>
				<comment-text-transliterated>naj gre tale Ramos v Saudsko Arabijo, pa tam vpraša zločinskega princa, kako in kaj je tam z demokracijo in človekovimi pravicami, zlasti žensk in kritičnih novinarjev, pa če ga kaj motijo lakota in smrt na vsakem koraku v Jemnu.</comment-text-transliterated>
			</comment>
			<comment comment-id="2">
				<comment-parent-id/>
				<comment-text>krizo je naredila zda, ker so amričani naftni đankiji in bi pokradli vsem vse!!!! spokajte se domov in dajte mir venezuecem</comment-text>
				<comment-text-transliterated>krizo je naredila zda, ker so amričani naftni đankiji in bi pokradli vsem vse!!!! spokajte se domov in dajte mir venezuecem</comment-text-transliterated>
			</comment>
			<comment comment-id="3">
				<comment-parent-id/>
				<comment-text>Maduro ne daj se ameriškim imperialistom in pokvarjencem. Ameriški novinar je šel v tajnosti razkrivat v Venezuelske trgovine njihovo založenost. V mestih se ni mogel načuditi kako dobro so založene in kako lahko njegovi američani pišejo o praznih policah. To vse pove.</comment-text>
				<comment-text-transliterated>Maduro ne daj se ameriškim imperialistom in pokvarjencem. Ameriški novinar je šel v tajnosti razkrivat v Venezuelske trgovine njihovo založenost. V mestih se ni mogel načuditi kako dobro so založene in kako lahko njegovi američani pišejo o praznih policah. To vse pove.</comment-text-transliterated>
			</comment>
			<comment comment-id="3-1">
				<comment-parent-id>3</comment-parent-id>
				<comment-text>baretić ti se boš še v begnah znajdu</comment-text>
				<comment-text-transliterated>baretić ti se boš še v begnah znajdu</comment-text-transliterated>
			</comment>
			<comment comment-id="3-2">
				<comment-parent-id>3</comment-parent-id>
				<comment-text>Trgovine so založene zame ker sem v Venezuelo prinesel 1500eur,ti k boš pa dol živel z 3eur na mesec si boš lahko pa drisko od Madurota vtaknil v usta.Iz koša so vzemali Venezuelci moj košček kruha,otroci stali ko sem jedel,sramota,da pišete take komentarje.!!!!!!!!!!!!!!!!!!!!!!!!!!!!!!1</comment-text>
				<comment-text-transliterated>Trgovine so založene zame ker sem v Venezuelo prinesel 1500eur,ti k boš pa dol živel z 3eur na mesec si boš lahko pa drisko od Madurota vtaknil v usta.Iz koša so vzemali Venezuelci moj košček kruha,otroci stali ko sem jedel,sramota,da pišete take komentarje.!!!!!!!!!!!!!!!!!!!!!!!!!!!!!!1</comment-text-transliterated>
			</comment>
			<comment comment-id="3-3">
				<comment-parent-id>3</comment-parent-id>
				<comment-text>filipino... Novinar Max Blumenthal (Grayzone) se je pred nekaj dnevi odpravil v hipermarket v Caracasu (prestolnico Venezuele). Police so normalno – polno založene, najdete tudi francoski šampanjec. Res pa je, da so cene zelo visoke. Trgovci in proizvajalci vsak teden dražijo proizvode, ker je domača valuta uničena – gre že hiperinflacijo venezuelskega bolivarja – stopnja inflacije znaša že 2,69 milijona %. Cene prehranskih izdelkov so se v mesecu dni (od decembra 2018 do januarja 2019) dvignile za 192 %. Vlada prebivalcem zato preko človekoljubne organizacije pomaga s PONUDBO ŽIVILSKIH IZDELKOV PO ZELO NIZKIH, smešnih CENAH, zato v resnici lakote ne poznajo. Posnetek obiska novinarja v hipermarketu je precej pomenljiv (in smešen - ob insertu ameriških medijev, kako jim vsega primanjkuje, celo zobne paste in ščetk). Gospodarsko stanje v državi, ko je vladal Chavez je seveda bistveno spremenjeno – za časa Chaveza je znašala cena sodčka nafte 120 USD, v času Madura pa 20 EUR. Ob tem pa mu je od leta 2016 ves čas polena pod noge metala opozicija. Poleg tega pa so bili ves čas tudi pod sankcijami in hudimi pritiski zoprne sosede ZDA. Na nacionalki je zanimiv pogovor z Karolino Koglot de Maurerea, slovensko slikarko, ki že leta živi in dela v Venezueli. Pravi, da se večina Venezuelcev Guaidoju smeji, saj ga sploh ne poznajo in ne vedo od kod se je vzel. Je očitna lutka ZDA, ki ga skušajo tako kot na primeru Libije postaviti v »paralelno« vlado ter uspeti v svojih namerah zrušenja Madure in kraje nacionalna bogastva (nafta, zlato,…), zato so pritiski ZDA ves čas izjemni. Vendar pa je tudi chavizem v Venezueli zelo močan in ne kaže, da bi bilo pri naslednjih volitvah kako drugače, kot tako, da zmaga »Chavezov« človek. Zato se vsi proameriški simpatizerji ustavite in se zavedajte, da si je venezuelski narod izvolil svojega predstavnika na demokratičnih volitvah, in nihče drug kot zgolj venezuelski narod, ga nima pravice odstaviti.</comment-text>
				<comment-text-transliterated>filipino... Novinar Max Blumenthal (Grayzone) se je pred nekaj dnevi odpravil v hipermarket v Caracasu (prestolnico Venezuele). Police so normalno – polno založene, najdete tudi francoski šampanjec. Res pa je, da so cene zelo visoke. Trgovci in proizvajalci vsak teden dražijo proizvode, ker je domača valuta uničena – gre že hiperinflacijo venezuelskega bolivarja – stopnja inflacije znaša že 2,69 milijona %. Cene prehranskih izdelkov so se v mesecu dni (od decembra 2018 do januarja 2019) dvignile za 192 %. Vlada prebivalcem zato preko človekoljubne organizacije pomaga s PONUDBO ŽIVILSKIH IZDELKOV PO ZELO NIZKIH, smešnih CENAH, zato v resnici lakote ne poznajo. Posnetek obiska novinarja v hipermarketu je precej pomenljiv (in smešen - ob insertu ameriških medijev, kako jim vsega primanjkuje, celo zobne paste in ščetk). Gospodarsko stanje v državi, ko je vladal Chavez je seveda bistveno spremenjeno – za časa Chaveza je znašala cena sodčka nafte 120 USD, v času Madura pa 20 EUR. Ob tem pa mu je od leta 2016 ves čas polena pod noge metala opozicija. Poleg tega pa so bili ves čas tudi pod sankcijami in hudimi pritiski zoprne sosede ZDA. Na nacionalki je zanimiv pogovor z Karolino Koglot de Maurerea, slovensko slikarko, ki že leta živi in dela v Venezueli. Pravi, da se večina Venezuelcev Guaidoju smeji, saj ga sploh ne poznajo in ne vedo od kod se je vzel. Je očitna lutka ZDA, ki ga skušajo tako kot na primeru Libije postaviti v »paralelno« vlado ter uspeti v svojih namerah zrušenja Madure in kraje nacionalna bogastva (nafta, zlato,…), zato so pritiski ZDA ves čas izjemni. Vendar pa je tudi chavizem v Venezueli zelo močan in ne kaže, da bi bilo pri naslednjih volitvah kako drugače, kot tako, da zmaga »Chavezov« človek. Zato se vsi proameriški simpatizerji ustavite in se zavedajte, da si je venezuelski narod izvolil svojega predstavnika na demokratičnih volitvah, in nihče drug kot zgolj venezuelski narod, ga nima pravice odstaviti.</comment-text-transliterated>
			</comment>
			<comment comment-id="4">
				<comment-parent-id/>
				<comment-text>Žalostno, da je bivši šofer avtobusa intelegentnejši od predsednika ZDA!!!</comment-text>
				<comment-text-transliterated>Žalostno, da je bivši šofer avtobusa intelegentnejši od predsednika ZDA!!!</comment-text-transliterated>
			</comment>
			<comment comment-id="4-1">
				<comment-parent-id>4</comment-parent-id>
				<comment-text>Pa kaj žališ Maduro, kdo pa ni bolj brihten kot Trump, poglej kako se mu je včeraj smejal kitajski birokrat pri trgovinskih pogajanjih.</comment-text>
				<comment-text-transliterated>Pa kaj žališ Maduro, kdo pa ni bolj brihten kot Trump, poglej kako se mu je včeraj smejal kitajski birokrat pri trgovinskih pogajanjih.</comment-text-transliterated>
			</comment>
			<comment comment-id="5">
				<comment-parent-id/>
				<comment-text>Po pričakovanju VS ZN ne bo rešil ničesar. Kot vedno, bo prišlo do veta. Morda bi pa kdo le opozoril Američane naj ne zlorabljajo logotipa Rdečega križa za svoje umazane namene. Rdeči križ se je ostro distanciral od takšne &quot;pomoči&quot;, ki je vse drugo, samo humanitarna ne. Prav tako me ne čudi, da je Maduro znorel zaradi posnetka &quot;lačnih Venezuelcev&quot;, ki jedo s smetarskega kamiona. Ogabna proameriška propaganda. Kje pa so našli te &quot;Venezuelce&quot;? Verjetno so bili to kar statisti z domače USA, kjer je 50 milijonov lačnih in potrebujejo humanitarno pomoč. Skratka čas bi bil, da Varnostni svet spremeni pravila, ker je več kot očitno, da tako ne gre več naprej.</comment-text>
				<comment-text-transliterated>Po pričakovanju VS ZN ne bo rešil ničesar. Kot vedno, bo prišlo do veta. Morda bi pa kdo le opozoril Američane naj ne zlorabljajo logotipa Rdečega križa za svoje umazane namene. Rdeči križ se je ostro distanciral od takšne &quot;pomoči&quot;, ki je vse drugo, samo humanitarna ne. Prav tako me ne čudi, da je Maduro znorel zaradi posnetka &quot;lačnih Venezuelcev&quot;, ki jedo s smetarskega kamiona. Ogabna proameriška propaganda. Kje pa so našli te &quot;Venezuelce&quot;? Verjetno so bili to kar statisti z domače USA, kjer je 50 milijonov lačnih in potrebujejo humanitarno pomoč. Skratka čas bi bil, da Varnostni svet spremeni pravila, ker je več kot očitno, da tako ne gre več naprej.</comment-text-transliterated>
			</comment>
			<comment comment-id="6">
				<comment-parent-id/>
				<comment-text>Venezuela je &quot;trn v peti&quot; američanom že dalj časa. Njihova naravna bogastva so zelo zanimiva ameriškim kolonizatorjem. Sledi scenarij Libije, Iraka...Venezueli so blokirali račune, kako naj potem plača oskrbo državljanov? Ne poznam nezadolžene in samooskrbne države. Napad na Venezuelo ali državljanska vojna...</comment-text>
				<comment-text-transliterated>Venezuela je &quot;trn v peti&quot; američanom že dalj časa. Njihova naravna bogastva so zelo zanimiva ameriškim kolonizatorjem. Sledi scenarij Libije, Iraka...Venezueli so blokirali račune, kako naj potem plača oskrbo državljanov? Ne poznam nezadolžene in samooskrbne države. Napad na Venezuelo ali državljanska vojna...</comment-text-transliterated>
			</comment>
			<comment comment-id="7">
				<comment-parent-id/>
				<comment-text>TAKEGA DIKTATORJA JE TREBA ODSTAVITI, ČE NE DRUGAČE NAJ POMAGA AMERIKA</comment-text>
				<comment-text-transliterated>TAKEGA DIKTATORJA JE TREBA ODSTAVITI, ČE NE DRUGAČE NAJ POMAGA AMERIKA</comment-text-transliterated>
			</comment>
			<comment comment-id="7-1">
				<comment-parent-id>7</comment-parent-id>
				<comment-text>Amerika naj tebi pomaga da boš prej v čakalni vrsti za kruh, poglej si Irak, Libijo in še in še držav, ki jim je USA pomagala do izgube vsega, človekovega dostojanstva !!!</comment-text>
				<comment-text-transliterated>Amerika naj tebi pomaga da boš prej v čakalni vrsti za kruh, poglej si Irak, Libijo in še in še držav, ki jim je USA pomagala do izgube vsega, človekovega dostojanstva !!!</comment-text-transliterated>
			</comment>
		</comments-list>
	</comments>
</document>
