<?xml version="1.0" encoding="utf-8"?>
<document global-id="si-06-109">
	<url>https://www.24ur.com/novice/slovenija/dan-primoza-trubarja-v-luci-500-letnice-reformacije.html</url>
	<source-id>si-06</source-id>
	<local-id>109</local-id>
	<source-name>ur24</source-name>
	<article>
		<article-title>'Premalo je zavedanja, da je skrb za kulturo pravzaprav skrb za ohranjanje naroda'</article-title>
		<article-title-transliterated>'Premalo je zavedanja, da je skrb za kulturo pravzaprav skrb za ohranjanje naroda'</article-title-transliterated>
		<article-time>2017-06-08</article-time>
		<article-author>STA S.S./U.Z.</article-author>
		<article-text>Dan Primoža Trubarja so v DZ obeležili s proslavo. Predsednik odbora za kulturo Dragan Matić je povedal, da sta kultura in jezik narodova bit, brez njiju ni narodne zavesti. &quot;Oboje nam je omogočilo, da smo 'stali inu obstali' do današnjih dni. Žal pa je danes področje kulture prvo, kjer se režejo proračunska sredstva,&quot; je opomnil. Danes praznujemo dan Primoža Trubarja, letos praznik mineva v luči 500-letnice reformacije. Za spominski dan avtorja prve knjige v slovenskem jeziku in pobudnika oblikovanja zavesti o enotnosti slovenskega kulturnega, jezikovnega in političnega prostora je bil izbran domnevni datum njegovega rojstva.  Pobudo za državni praznik je leta 2008 ob praznovanju 500. obletnice Trubarjevega rojstva dal tržaški pisatelj Boris Pahor. Posredoval jo je tedanjemu predsedniku Slovenskega centra Pen Tonetu Peršaku, ta pa dalje v DZ. Poslanska skupina SD je oblikovala predlog, ki ga je junija 2010 sprejel DZ. Pobudo za državni praznik je leta 2008 ob praznovanju 500. obletnice Trubarjevega rojstva dal tržaški pisatelj Boris Pahor.FOTO: POP TV Primož Trubar, rojen leta 1508 na Rašici, velja za eno osrednjih osebnosti slovenske kulturne in tudi siceršnje zgodovine. Kot duhovnik je služboval na Slovenskem in v Nemčiji. Kot zagovornik nauka Martina Lutra je širil protestantsko vero in po idejah reformatorjev, da naj bodo verske knjige v ljudskem jeziku, začel pisati slovenske knjige, med prvimi sta bila Katekizem in Abecednik. Umrl je leta 1586. Na proslavi pozivi k materialni krepitvi področja kulture Današnji dan so v DZ obeležili s proslavo. Predsednik odbora za kulturo Dragan Matić je v svojem nagovoru poudaril, da je današnji državni praznik posvečen eni najpomembnejših osebnosti slovenske zgodovine. Spomnil je, da je Trubar svoje ljudi nagovarjal z &quot;moji lubi Slovenci&quot;, nam podaril prvo tiskano knjigo v slovenskem jeziku ter nas povezal s tedanjo sodobno Evropo. &quot;Skupni jezik je med slovenskih ljudstvom okrepil in utrdil zavest o skupni pripadnosti in povezanosti. S tem smo Slovenci pridobili možnost, da iz razdrobljenega ljudstva prerastemo v narod,&quot; je povedal Matić in spomnil, da so slovenski knjižni jezik in prve knjige, tiskane v slovenskem jeziku, povezane tudi z reformacijo, katere 500. obletnico obeležujemo letos. Matić se je ozrl tudi na trenutno stanje v slovenski kulturi. Kulturo po njegovih besedah žal javnost vse pogosteje razume kot strošek in zato predlaga, da naj bo prepuščena trgu. &quot;Premalo je zavedanja, da je skrb za kulturo pravzaprav skrb za ohranjanje naroda. Da je to pravzaprav smisel naše samostojnosti in državnosti.&quot; Opomnil je tudi na pomen Turjaškega gradu, eminentnega kulturnega spomenika v neposredni bližini Trubarjevega rojstnega kraja, ki propada, namesto, da bi se razvijal v polni kulturni funkciji. Po Matićevih besedah je lahko primer gradu opomnik, kaj se dogaja s slovensko kulturo. &quot;Nujno je, da po letih krize prevlada spoznanje, da so vlaganja v kulturo nujna,&quot; je dejal in napovedal, da si bodo v zadnji četrtini mandata v DZ prizadevali zato, da kultura končno dobi boljšo materialno osnovo. Za prikaz vsebine je potrebno omogočite piškotke družbenih omrežij. OMOGOČI PIŠKOTKE Dan odprtih vrat v uradu predsednika V uradu predsednika republike Boruta Pahorja so pripravili dan odprtih vrat, predsednik pa je ob današnjemu dnevu podelil tudi jabolko navdiha jezikoslovcu Kozmi Ahačiču ter prevajalcu, komiku in po novem tudi pisatelju Boštjanu Gorencu - Pižami. Ahačič si je priznanje prislužil za prvi slovnici, ki sta ciljno napisani za osnovnošolce in dijake - Kratkoslovnico in Slovnico na kvadrat, Gorenc pa za prvenec sLOLvenski klasiki 1. Pahor je nagovoril vse Slovence doma in po svetu. Omenil je, da je sicer Trubarjev dan eden bolj pozabljenih praznikov med Slovenci, za katerega mnogi menijo, da poteka oktobra, ne pa na današnji, domnevni dan Trubarjevega rojstva. Poudaril je tako pomen avtorja Katekizma in Abecednika kot tudi drugih reformatorjev, med njimi Adama Bohoriča in Jurija Dalmatina. Predsednik je menil, da Slovenci vse prevečkrat pozabljamo, da imamo dolge, močne in slavne korenine: &quot;Slovenci nismo nek prehlajen predmet zgodovine od danes do jutri, ampak smo majhen narod, ki smo z državo postali nacija.&quot; Seveda se je v pol tisočletja od reformacije nabralo tudi kaj, kar nam ne služi kot slaven spomin temveč kot opomin, a kljub temu smemo po Pahorjevih besedah &quot;z nekim optimizmom in samozavestjo in ponosom gledati tudi naprej in prihodnost videti z upanjem in ne s strahom&quot;.</article-text>
		<article-text-transliterated>Dan Primoža Trubarja so v DZ obeležili s proslavo. Predsednik odbora za kulturo Dragan Matić je povedal, da sta kultura in jezik narodova bit, brez njiju ni narodne zavesti. &quot;Oboje nam je omogočilo, da smo 'stali inu obstali' do današnjih dni. Žal pa je danes področje kulture prvo, kjer se režejo proračunska sredstva,&quot; je opomnil. Danes praznujemo dan Primoža Trubarja, letos praznik mineva v luči 500-letnice reformacije. Za spominski dan avtorja prve knjige v slovenskem jeziku in pobudnika oblikovanja zavesti o enotnosti slovenskega kulturnega, jezikovnega in političnega prostora je bil izbran domnevni datum njegovega rojstva.  Pobudo za državni praznik je leta 2008 ob praznovanju 500. obletnice Trubarjevega rojstva dal tržaški pisatelj Boris Pahor. Posredoval jo je tedanjemu predsedniku Slovenskega centra Pen Tonetu Peršaku, ta pa dalje v DZ. Poslanska skupina SD je oblikovala predlog, ki ga je junija 2010 sprejel DZ. Pobudo za državni praznik je leta 2008 ob praznovanju 500. obletnice Trubarjevega rojstva dal tržaški pisatelj Boris Pahor.FOTO: POP TV Primož Trubar, rojen leta 1508 na Rašici, velja za eno osrednjih osebnosti slovenske kulturne in tudi siceršnje zgodovine. Kot duhovnik je služboval na Slovenskem in v Nemčiji. Kot zagovornik nauka Martina Lutra je širil protestantsko vero in po idejah reformatorjev, da naj bodo verske knjige v ljudskem jeziku, začel pisati slovenske knjige, med prvimi sta bila Katekizem in Abecednik. Umrl je leta 1586. Na proslavi pozivi k materialni krepitvi področja kulture Današnji dan so v DZ obeležili s proslavo. Predsednik odbora za kulturo Dragan Matić je v svojem nagovoru poudaril, da je današnji državni praznik posvečen eni najpomembnejših osebnosti slovenske zgodovine. Spomnil je, da je Trubar svoje ljudi nagovarjal z &quot;moji lubi Slovenci&quot;, nam podaril prvo tiskano knjigo v slovenskem jeziku ter nas povezal s tedanjo sodobno Evropo. &quot;Skupni jezik je med slovenskih ljudstvom okrepil in utrdil zavest o skupni pripadnosti in povezanosti. S tem smo Slovenci pridobili možnost, da iz razdrobljenega ljudstva prerastemo v narod,&quot; je povedal Matić in spomnil, da so slovenski knjižni jezik in prve knjige, tiskane v slovenskem jeziku, povezane tudi z reformacijo, katere 500. obletnico obeležujemo letos. Matić se je ozrl tudi na trenutno stanje v slovenski kulturi. Kulturo po njegovih besedah žal javnost vse pogosteje razume kot strošek in zato predlaga, da naj bo prepuščena trgu. &quot;Premalo je zavedanja, da je skrb za kulturo pravzaprav skrb za ohranjanje naroda. Da je to pravzaprav smisel naše samostojnosti in državnosti.&quot; Opomnil je tudi na pomen Turjaškega gradu, eminentnega kulturnega spomenika v neposredni bližini Trubarjevega rojstnega kraja, ki propada, namesto, da bi se razvijal v polni kulturni funkciji. Po Matićevih besedah je lahko primer gradu opomnik, kaj se dogaja s slovensko kulturo. &quot;Nujno je, da po letih krize prevlada spoznanje, da so vlaganja v kulturo nujna,&quot; je dejal in napovedal, da si bodo v zadnji četrtini mandata v DZ prizadevali zato, da kultura končno dobi boljšo materialno osnovo. Za prikaz vsebine je potrebno omogočite piškotke družbenih omrežij. OMOGOČI PIŠKOTKE Dan odprtih vrat v uradu predsednika V uradu predsednika republike Boruta Pahorja so pripravili dan odprtih vrat, predsednik pa je ob današnjemu dnevu podelil tudi jabolko navdiha jezikoslovcu Kozmi Ahačiču ter prevajalcu, komiku in po novem tudi pisatelju Boštjanu Gorencu - Pižami. Ahačič si je priznanje prislužil za prvi slovnici, ki sta ciljno napisani za osnovnošolce in dijake - Kratkoslovnico in Slovnico na kvadrat, Gorenc pa za prvenec sLOLvenski klasiki 1. Pahor je nagovoril vse Slovence doma in po svetu. Omenil je, da je sicer Trubarjev dan eden bolj pozabljenih praznikov med Slovenci, za katerega mnogi menijo, da poteka oktobra, ne pa na današnji, domnevni dan Trubarjevega rojstva. Poudaril je tako pomen avtorja Katekizma in Abecednika kot tudi drugih reformatorjev, med njimi Adama Bohoriča in Jurija Dalmatina. Predsednik je menil, da Slovenci vse prevečkrat pozabljamo, da imamo dolge, močne in slavne korenine: &quot;Slovenci nismo nek prehlajen predmet zgodovine od danes do jutri, ampak smo majhen narod, ki smo z državo postali nacija.&quot; Seveda se je v pol tisočletja od reformacije nabralo tudi kaj, kar nam ne služi kot slaven spomin temveč kot opomin, a kljub temu smemo po Pahorjevih besedah &quot;z nekim optimizmom in samozavestjo in ponosom gledati tudi naprej in prihodnost videti z upanjem in ne s strahom&quot;.</article-text-transliterated>
	</article>
	<comments>
		<comments-count>4</comments-count>
		<comments-list>
			<comment comment-id="1">
				<comment-parent-id/>
				<comment-text>super</comment-text>
				<comment-text-transliterated>super</comment-text-transliterated>
			</comment>
			<comment comment-id="2">
				<comment-parent-id/>
				<comment-text>Vedno manj je narodnega ponosa....žal....Slovenci se moramo zavedati svoje identitete in jo moramo skrbno čuvati...Žal pa pri nas razdvojeni sužnji ideologije delajo ravno nasprotno, eni opevajo Beograd, drugi pa Berlin, za Slovenijo jim pa ni mar....</comment-text>
				<comment-text-transliterated>Vedno manj je narodnega ponosa....žal....Slovenci se moramo zavedati svoje identitete in jo moramo skrbno čuvati...Žal pa pri nas razdvojeni sužnji ideologije delajo ravno nasprotno, eni opevajo Beograd, drugi pa Berlin, za Slovenijo jim pa ni mar....</comment-text-transliterated>
			</comment>
			<comment comment-id="3">
				<comment-parent-id/>
				<comment-text>Več kot 9000 strani besedila je napisal Primož Trubar, do 20. stoletja ni bil tega zmožen noben drugi slovenski avtor več. Besede Slovenski, Slovensko, Slovenska so s Primožem Trubarjem dobile svojo veljavo. Izjemen pomen za Slovensko kulturo. Skupaj z Adamom Bohoričem, ki je napisal prvo slovensko slovnico ( daleč pred vsemi ostalimi slovanskimi narodi na tem območju!), sta neprecenljiva in temelj slovenskega jezika in kulture. Slovenski narod je bil že v 16. stoletju ponosen na slovenstvo, mogoče celo bolj kot danes, saj današnji dan ni pomemben državni praznik, čeprav bi moral biti !</comment-text>
				<comment-text-transliterated>Več kot 9000 strani besedila je napisal Primož Trubar, do 20. stoletja ni bil tega zmožen noben drugi slovenski avtor več. Besede Slovenski, Slovensko, Slovenska so s Primožem Trubarjem dobile svojo veljavo. Izjemen pomen za Slovensko kulturo. Skupaj z Adamom Bohoričem, ki je napisal prvo slovensko slovnico ( daleč pred vsemi ostalimi slovanskimi narodi na tem območju!), sta neprecenljiva in temelj slovenskega jezika in kulture. Slovenski narod je bil že v 16. stoletju ponosen na slovenstvo, mogoče celo bolj kot danes, saj današnji dan ni pomemben državni praznik, čeprav bi moral biti !</comment-text-transliterated>
			</comment>
			<comment comment-id="3-1">
				<comment-parent-id>3</comment-parent-id>
				<comment-text>in za tako stanje so krivi tudi danasnji nekulturniki ,,kaksne nekulturne umetniske zmazke imamo danes je res skregano z kulturo ,,knjige ki dane s izhajajo pa so samo se hvalospevi nekih politikov ,,,</comment-text>
				<comment-text-transliterated>in za tako stanje so krivi tudi danasnji nekulturniki ,,kaksne nekulturne umetniske zmazke imamo danes je res skregano z kulturo ,,knjige ki dane s izhajajo pa so samo se hvalospevi nekih politikov ,,,</comment-text-transliterated>
			</comment>
		</comments-list>
	</comments>
</document>
