<?xml version="1.0" encoding="utf-8"?>
<document global-id="si-06-1153">
	<url>https://www.24ur.com/ekskluziv/erotika/lezbijika-svetuje-moski-tako-morate-zadovoljiti-zenske.html</url>
	<source-id>si-06</source-id>
	<local-id>1153</local-id>
	<source-name>ur24</source-name>
	<article>
		<article-title>Lezbijka svetuje: moški, tako morate zadovoljiti ženske!</article-title>
		<article-title-transliterated>Lezbijka svetuje: moški, tako morate zadovoljiti ženske!</article-title-transliterated>
		<article-time>2015-06-03</article-time>
		<article-author>B.T.</article-author>
		<article-text>Producentka, scenaristka, pisateljica in tudi lezbijka Ali Adler se je odločila pomagati moškim. Seveda predvsem z namenom, da bi osrečila ženske in moškim razložila, kako pristopiti k večno enigmatičnemu in zapletenemu ženskemu telesu. partnerja v spalniciFOTO: Thinkstock &quot;Napadi&quot; na obraz niso dovoljeni Poljubljanje je preizkus za seksanje. Če se grozno poljubljaš, potem stvari pogosto ne gredo prav daleč naprej od tega. Bodi nežen, a strasten, še sploh na začetku. Postavi tempo, a bodi pozoren na njene smernice. Tvoj jezik ni svedrasti raziskovalec na Marsu, ki mora vzorce sline dostaviti NASI. Nežno dotikanje prsi Žgečkanje je boljše od stiskanja. Če želite, da ostanemo vzburjene, se nehajte osredotočati samo na prsi, ker nas bo to morda privedlo do točke, ko bomo obupale. Nehajte ves čas samo stiskati, kar vam pride pod roke. Nekatere ženske imajo rade grobost, a tudi v takih primerih pogosto manjka točno tisto, kar si ženska najbolj želi in jo najbolj vzburja. Spolnost - 6FOTO: Thinkstock Pazljivo s klitorisom Čeprav morda tako misliš, ščegetavček ni majhen penis. Ko se dotakneš tega vrednega dragulja, pazi, da imaš čiste roke in urejene nohte. Pristopi z enako nežnostjo kot kadar v roke primeš pikapolonico, ki je ne želiš vznemiriti. Včasih je središče lahko malce z ene ali druge strani. Najprej prsti Prsti ne bodo uničili doživetja, ki ji ga boš hitro omogočil s svojim penisom. Vam pa omogočajo preizkus, v kateri fazi je ženska. Enostavno, če je mokra, vam to daje vedeti, da je pripravljena. Če še ni dovolj mokra in ti govori, da je pripravljena, potem je lažnjivka. Pač nisi naredil dovolj, da bi ji &quot;zadogajalo&quot; ali ji nisi dovolj všeč. Vagina nikoli ne laže. Orala je obvezna Velik del seksa se ženskam odvije v glavi. Včasih se ne morejo sprostiti zaradi negotovosti ali zavor. Takrat vskočiš ti. Ko se spustiš nižje, jo glej v njen obraz in se obnašaj, da je njena vagina nekaj najboljšega, kar si kdaj poduhal, okusil in ji tudi z usti pokaži, da ti je privilegij, da si lahko v njeni bližini. Nabijanje? Prenehaj! Osredotoči se na to, da ji bo prišlo z mislijo, da si tipček, ki mu je mar zanjo. Potem delaj, kar koli si želiš. Seveda jo moraš poseksati, a če je ne, jo to privede v stanje, ki si te bo neznansko želela, kar je skoraj enako zadovoljujoče. Ne sme biti samo bum-bum-bum, čeprav sem prepričana, da je tudi to zabavno. Ne samo nabijati, naj se to zgodi postopoma. zaljubljencaFOTO: Thinkstock Ne pozabi na malce umazanih zgodbic Glava je najpomembnejši ključ za seksualno povezanost z ženskami. Pripravi teren. Prisili jo, da bo pozorna na to, kar se dogaja v tem konkretnem trenutku. Odženi njene negotovosti. Poslušajte jo Ženski je najljubša predigra ta, da jo poslušate. Ključ za kraljestvo vagine je, da ne popravljajte, samo poslušajte. To je težko, a ključno. Razmišljajte o svojem penisu kot o mikrofonu, ne kot o izvijaču. Da, rade imamo seks (pravzaprav ga obožujemo!), a če se počutimo slabo, nas ne boste spravili med rjuhe.</article-text>
		<article-text-transliterated>Producentka, scenaristka, pisateljica in tudi lezbijka Ali Adler se je odločila pomagati moškim. Seveda predvsem z namenom, da bi osrečila ženske in moškim razložila, kako pristopiti k večno enigmatičnemu in zapletenemu ženskemu telesu. partnerja v spalniciFOTO: Thinkstock &quot;Napadi&quot; na obraz niso dovoljeni Poljubljanje je preizkus za seksanje. Če se grozno poljubljaš, potem stvari pogosto ne gredo prav daleč naprej od tega. Bodi nežen, a strasten, še sploh na začetku. Postavi tempo, a bodi pozoren na njene smernice. Tvoj jezik ni svedrasti raziskovalec na Marsu, ki mora vzorce sline dostaviti NASI. Nežno dotikanje prsi Žgečkanje je boljše od stiskanja. Če želite, da ostanemo vzburjene, se nehajte osredotočati samo na prsi, ker nas bo to morda privedlo do točke, ko bomo obupale. Nehajte ves čas samo stiskati, kar vam pride pod roke. Nekatere ženske imajo rade grobost, a tudi v takih primerih pogosto manjka točno tisto, kar si ženska najbolj želi in jo najbolj vzburja. Spolnost - 6FOTO: Thinkstock Pazljivo s klitorisom Čeprav morda tako misliš, ščegetavček ni majhen penis. Ko se dotakneš tega vrednega dragulja, pazi, da imaš čiste roke in urejene nohte. Pristopi z enako nežnostjo kot kadar v roke primeš pikapolonico, ki je ne želiš vznemiriti. Včasih je središče lahko malce z ene ali druge strani. Najprej prsti Prsti ne bodo uničili doživetja, ki ji ga boš hitro omogočil s svojim penisom. Vam pa omogočajo preizkus, v kateri fazi je ženska. Enostavno, če je mokra, vam to daje vedeti, da je pripravljena. Če še ni dovolj mokra in ti govori, da je pripravljena, potem je lažnjivka. Pač nisi naredil dovolj, da bi ji &quot;zadogajalo&quot; ali ji nisi dovolj všeč. Vagina nikoli ne laže. Orala je obvezna Velik del seksa se ženskam odvije v glavi. Včasih se ne morejo sprostiti zaradi negotovosti ali zavor. Takrat vskočiš ti. Ko se spustiš nižje, jo glej v njen obraz in se obnašaj, da je njena vagina nekaj najboljšega, kar si kdaj poduhal, okusil in ji tudi z usti pokaži, da ti je privilegij, da si lahko v njeni bližini. Nabijanje? Prenehaj! Osredotoči se na to, da ji bo prišlo z mislijo, da si tipček, ki mu je mar zanjo. Potem delaj, kar koli si želiš. Seveda jo moraš poseksati, a če je ne, jo to privede v stanje, ki si te bo neznansko želela, kar je skoraj enako zadovoljujoče. Ne sme biti samo bum-bum-bum, čeprav sem prepričana, da je tudi to zabavno. Ne samo nabijati, naj se to zgodi postopoma. zaljubljencaFOTO: Thinkstock Ne pozabi na malce umazanih zgodbic Glava je najpomembnejši ključ za seksualno povezanost z ženskami. Pripravi teren. Prisili jo, da bo pozorna na to, kar se dogaja v tem konkretnem trenutku. Odženi njene negotovosti. Poslušajte jo Ženski je najljubša predigra ta, da jo poslušate. Ključ za kraljestvo vagine je, da ne popravljajte, samo poslušajte. To je težko, a ključno. Razmišljajte o svojem penisu kot o mikrofonu, ne kot o izvijaču. Da, rade imamo seks (pravzaprav ga obožujemo!), a če se počutimo slabo, nas ne boste spravili med rjuhe.</article-text-transliterated>
	</article>
	<comments>
		<comments-count>91</comments-count>
		<comments-list>
			<comment comment-id="1">
				<comment-parent-id/>
				<comment-text>Znanost iz preporste stvari kot je seks, če bi bilo tako kompleksno ne bi bilo skoraj 8 miljard ljudi.</comment-text>
				<comment-text-transliterated>Znanost iz preporste stvari kot je seks, če bi bilo tako kompleksno ne bi bilo skoraj 8 miljard ljudi.</comment-text-transliterated>
			</comment>
			<comment comment-id="2">
				<comment-parent-id/>
				<comment-text>hahahahahahah hahahahah hahhahaaahhhahahahah kr ne morm nehat , zato pa je najbrs PRODUCENTKA ...</comment-text>
				<comment-text-transliterated>hahahahahahah hahahahah hahhahaaahhhahahahah kr ne morm nehat , zato pa je najbrs PRODUCENTKA ...</comment-text-transliterated>
			</comment>
			<comment comment-id="3">
				<comment-parent-id/>
				<comment-text>nabuloze od članka...evo moja zraven pike dobiva, ko ji to berem. Pravi...kaj bo neka lezbijka govorila in kdor koli drug kaj meni paše....že štiri stvari meni pašejo, ki pač tej lezbijki ne. Napiši si svojo lezbijčno kamasutro in pametuj sebi enakim...heheh. Morali bi videti to jezo....hahahaha. Chick fight ;)</comment-text>
				<comment-text-transliterated>nabuloze od članka...evo moja zraven pike dobiva, ko ji to berem. Pravi...kaj bo neka lezbijka govorila in kdor koli drug kaj meni paše....že štiri stvari meni pašejo, ki pač tej lezbijki ne. Napiši si svojo lezbijčno kamasutro in pametuj sebi enakim...heheh. Morali bi videti to jezo....hahahaha. Chick fight ;)</comment-text-transliterated>
			</comment>
			<comment comment-id="4">
				<comment-parent-id/>
				<comment-text>Ja, če ni noben novinar nič na spletu našel, je potrebno pač stari članek še enkrat objaviti! Samo, da ni prazno! Pa kliki štejejo 2x!!!</comment-text>
				<comment-text-transliterated>Ja, če ni noben novinar nič na spletu našel, je potrebno pač stari članek še enkrat objaviti! Samo, da ni prazno! Pa kliki štejejo 2x!!!</comment-text-transliterated>
			</comment>
			<comment comment-id="4-1">
				<comment-parent-id>4</comment-parent-id>
				<comment-text>Še dobro, da ste komentarje zraven pustili; ni treba še enkrat tolmačiti tej lezbijki, naj se s svoji posli ukvarja!</comment-text>
				<comment-text-transliterated>Še dobro, da ste komentarje zraven pustili; ni treba še enkrat tolmačiti tej lezbijki, naj se s svoji posli ukvarja!</comment-text-transliterated>
			</comment>
			<comment comment-id="5">
				<comment-parent-id/>
				<comment-text>vse lepo in prav, ampak jest sem tako utrujen......</comment-text>
				<comment-text-transliterated>vse lepo in prav, ampak jest sem tako utrujen......</comment-text-transliterated>
			</comment>
			<comment comment-id="6">
				<comment-parent-id/>
				<comment-text>Prav je napisala</comment-text>
				<comment-text-transliterated>Prav je napisala</comment-text-transliterated>
			</comment>
			<comment comment-id="6-1">
				<comment-parent-id>6</comment-parent-id>
				<comment-text>VSI imamo svoj prav !!!!</comment-text>
				<comment-text-transliterated>VSI imamo svoj prav !!!!</comment-text-transliterated>
			</comment>
			<comment comment-id="7">
				<comment-parent-id/>
				<comment-text>Če si ženska res želi seksa, bo tudi temu primerno uživala in to brez lezbičnih &amp;quot;izkušenj&amp;quot;!!!</comment-text>
				<comment-text-transliterated>Če si ženska res želi seksa, bo tudi temu primerno uživala in to brez lezbičnih &amp;quot;izkušenj&amp;quot;!!!</comment-text-transliterated>
			</comment>
			<comment comment-id="8">
				<comment-parent-id/>
				<comment-text>vse je v glavi, če ženske noče, se lahko trudiš kolk se hočeš</comment-text>
				<comment-text-transliterated>vse je v glavi, če ženske noče, se lahko trudiš kolk se hočeš</comment-text-transliterated>
			</comment>
			<comment comment-id="8-1">
				<comment-parent-id>8</comment-parent-id>
				<comment-text>tocno tako se strinjam stabo.</comment-text>
				<comment-text-transliterated>tocno tako se strinjam stabo.</comment-text-transliterated>
			</comment>
			<comment comment-id="9">
				<comment-parent-id/>
				<comment-text>to je tko k bi jest homi..em svetoval kako ga naj partnerju poteg..ne..jio</comment-text>
				<comment-text-transliterated>to je tko k bi jest homi..em svetoval kako ga naj partnerju poteg..ne..jio</comment-text-transliterated>
			</comment>
			<comment comment-id="9-1">
				<comment-parent-id>9</comment-parent-id>
				<comment-text>ja a si ti homo pol? ker drugače ni isto, razen če maš izkušnje s tem</comment-text>
				<comment-text-transliterated>ja a si ti homo pol? ker drugače ni isto, razen če maš izkušnje s tem</comment-text-transliterated>
			</comment>
			<comment comment-id="10">
				<comment-parent-id/>
				<comment-text>Kaj med novinarji imate tudi lezbijke? Kako pa lezbijka ve, kaj delajo moški narobe, če še ni probala? Vsaj enkrat se odpovej svojim lezbičnim načelom, pa pridi na test k moškemu, potem pa lahko komentiraš iz lastnih izkušenj; vse ostalo je pa &amp;quot;baba čula, baba rekla&amp;quot;!!!</comment-text>
				<comment-text-transliterated>Kaj med novinarji imate tudi lezbijke? Kako pa lezbijka ve, kaj delajo moški narobe, če še ni probala? Vsaj enkrat se odpovej svojim lezbičnim načelom, pa pridi na test k moškemu, potem pa lahko komentiraš iz lastnih izkušenj; vse ostalo je pa &amp;quot;baba čula, baba rekla&amp;quot;!!!</comment-text-transliterated>
			</comment>
			<comment comment-id="11">
				<comment-parent-id/>
				<comment-text>Zdravi in fit recepti ter ostale koristne informacije glede hujšanja in podobno. Najdete nas na FB, zdravi in fit.</comment-text>
				<comment-text-transliterated>Zdravi in fit recepti ter ostale koristne informacije glede hujšanja in podobno. Najdete nas na FB, zdravi in fit.</comment-text-transliterated>
			</comment>
			<comment comment-id="12">
				<comment-parent-id/>
				<comment-text>a ta članek bo spet cel mesec gor ???</comment-text>
				<comment-text-transliterated>a ta članek bo spet cel mesec gor ???</comment-text-transliterated>
			</comment>
			<comment comment-id="13">
				<comment-parent-id/>
				<comment-text>Zakaj pa nihče ne napiše nasvetov &amp;quot;Kako zadovoljiti moškega&amp;quot; ? Kaj nismo enakopravni??? Sicer razumem, da lezbijka tega ne zmore, lahko pa kdo drugi!</comment-text>
				<comment-text-transliterated>Zakaj pa nihče ne napiše nasvetov &amp;quot;Kako zadovoljiti moškega&amp;quot; ? Kaj nismo enakopravni??? Sicer razumem, da lezbijka tega ne zmore, lahko pa kdo drugi!</comment-text-transliterated>
			</comment>
			<comment comment-id="14">
				<comment-parent-id/>
				<comment-text>to je kot bi grizli držal predavanje kravi o pašnikih in vegi prehrani........dobr da jo kdo sploh posluša....</comment-text>
				<comment-text-transliterated>to je kot bi grizli držal predavanje kravi o pašnikih in vegi prehrani........dobr da jo kdo sploh posluša....</comment-text-transliterated>
			</comment>
			<comment comment-id="15">
				<comment-parent-id/>
				<comment-text>A tudi v seksu je potrebno svetovanje oohhh</comment-text>
				<comment-text-transliterated>A tudi v seksu je potrebno svetovanje oohhh</comment-text-transliterated>
			</comment>
			<comment comment-id="15-1">
				<comment-parent-id>15</comment-parent-id>
				<comment-text>Za une, ki ležijo in čakajo da tadrug ali tadruga naredi vse ni potrebno svetovanje.. Ležat in se pritoževat znajo vsi..</comment-text>
				<comment-text-transliterated>Za une, ki ležijo in čakajo da tadrug ali tadruga naredi vse ni potrebno svetovanje.. Ležat in se pritoževat znajo vsi..</comment-text-transliterated>
			</comment>
			<comment comment-id="16">
				<comment-parent-id/>
				<comment-text>Taki sex, kot bluzi tota lejzba, je samo za luleke z jeklenimi živci! Tota ga še nikoli ni pošteno fasla, zato pa je lajzba!</comment-text>
				<comment-text-transliterated>Taki sex, kot bluzi tota lejzba, je samo za luleke z jeklenimi živci! Tota ga še nikoli ni pošteno fasla, zato pa je lajzba!</comment-text-transliterated>
			</comment>
			<comment comment-id="17">
				<comment-parent-id/>
				<comment-text>A je to homosexualna agenda na pohodu . Kmal bomo brali še kako morajo mpški zadovoljit moškega da si ne najde drugega partnerja . Bolano do konca. Kaj slučajno kdo dvomi da ne gredo homosexualci v pekel če se res ne spovejo svojega greha in zaživijo sveto ?</comment-text>
				<comment-text-transliterated>A je to homosexualna agenda na pohodu . Kmal bomo brali še kako morajo mpški zadovoljit moškega da si ne najde drugega partnerja . Bolano do konca. Kaj slučajno kdo dvomi da ne gredo homosexualci v pekel če se res ne spovejo svojega greha in zaživijo sveto ?</comment-text-transliterated>
			</comment>
			<comment comment-id="17-1">
				<comment-parent-id>17</comment-parent-id>
				<comment-text>+++++++++++++++++++++++++++++</comment-text>
				<comment-text-transliterated>+++++++++++++++++++++++++++++</comment-text-transliterated>
			</comment>
			<comment comment-id="18">
				<comment-parent-id/>
				<comment-text>Te lezbijke pa že dober mesec svetujejo; ali se medtem še niso vsi naučili vseh umetnosti???</comment-text>
				<comment-text-transliterated>Te lezbijke pa že dober mesec svetujejo; ali se medtem še niso vsi naučili vseh umetnosti???</comment-text-transliterated>
			</comment>
			<comment comment-id="19">
				<comment-parent-id/>
				<comment-text>PRAVILO ŠT. ENA. NAJBOLJ SREČNA JE TISTA ŽENSKA, KI NE KOMPLICIRA, NE ZGANJA FEMINISTIČNIH UMOTVOROV, SPREJME MOŠKEGA TAKŠNEGA KOT JE IN V POSTELJNIH IGRAH PREPROSTO UŽIVA, PREDVSEM PA MOŠKIM NE DAJE NAVODIL IN ZAHTEVKOV. IN ZA KONEC....SREČNA ŽENSKA SE ZAVEDA, DA MOŠKI NE BEREMO MISLI, BOG PA JE ŽENSKAM DAL JEZIK, DA POVEDO, KAJ SI ŽELIJO IN KAJ JIM JE VŠEČ. PIKA. VSE OSTALO SO BUČKE.</comment-text>
				<comment-text-transliterated>PRAVILO ŠT. ENA. NAJBOLJ SREČNA JE TISTA ŽENSKA, KI NE KOMPLICIRA, NE ZGANJA FEMINISTIČNIH UMOTVOROV, SPREJME MOŠKEGA TAKŠNEGA KOT JE IN V POSTELJNIH IGRAH PREPROSTO UŽIVA, PREDVSEM PA MOŠKIM NE DAJE NAVODIL IN ZAHTEVKOV. IN ZA KONEC....SREČNA ŽENSKA SE ZAVEDA, DA MOŠKI NE BEREMO MISLI, BOG PA JE ŽENSKAM DAL JEZIK, DA POVEDO, KAJ SI ŽELIJO IN KAJ JIM JE VŠEČ. PIKA. VSE OSTALO SO BUČKE.</comment-text-transliterated>
			</comment>
			<comment comment-id="19-1">
				<comment-parent-id>19</comment-parent-id>
				<comment-text>Kam ti lahko pošljem 5€ za popravilo tvoje tipkovnice? CAPS LOCK ni tako zelo draga tipka..</comment-text>
				<comment-text-transliterated>Kam ti lahko pošljem 5€ za popravilo tvoje tipkovnice? CAPS LOCK ni tako zelo draga tipka..</comment-text-transliterated>
			</comment>
			<comment comment-id="19-2">
				<comment-parent-id>19</comment-parent-id>
				<comment-text>Po moje pa je z levim kazalcem držal &amp;#039;shift&amp;#039; in pisal samo z desnim kazalcem.</comment-text>
				<comment-text-transliterated>Po moje pa je z levim kazalcem držal &amp;#039;shift&amp;#039; in pisal samo z desnim kazalcem.</comment-text-transliterated>
			</comment>
			<comment comment-id="19-3">
				<comment-parent-id>19</comment-parent-id>
				<comment-text>@Bu.Da: Si poizkušal biti duhovit ali govoriš iz izkušenj???</comment-text>
				<comment-text-transliterated>@Bu.Da: Si poizkušal biti duhovit ali govoriš iz izkušenj???</comment-text-transliterated>
			</comment>
			<comment comment-id="20">
				<comment-parent-id/>
				<comment-text>ej ne čudim se zakaj je ta ženska lezbijka</comment-text>
				<comment-text-transliterated>ej ne čudim se zakaj je ta ženska lezbijka</comment-text-transliterated>
			</comment>
			<comment comment-id="21">
				<comment-parent-id/>
				<comment-text>Kakšna neumnost! Lezbijka ni svetovala nič novega, česar si vsaka ženska želi. Seveda je pa od moškega odvisno, če ni kakšen buksel, kako jo bo osrečil.</comment-text>
				<comment-text-transliterated>Kakšna neumnost! Lezbijka ni svetovala nič novega, česar si vsaka ženska želi. Seveda je pa od moškega odvisno, če ni kakšen buksel, kako jo bo osrečil.</comment-text-transliterated>
			</comment>
			<comment comment-id="21-1">
				<comment-parent-id>21</comment-parent-id>
				<comment-text>zato pa je raje lezbijka, ker ženska ve kako zadovoljiti žensko, očitno ji noben moški ni mogel dati to kar je pričakovala... verjetno je tudi obratno. večino ma moški v glavi to, da predvsem zadovolji sebe in ne razumejo, da ko ženska reče ne , da je to NE!</comment-text>
				<comment-text-transliterated>zato pa je raje lezbijka, ker ženska ve kako zadovoljiti žensko, očitno ji noben moški ni mogel dati to kar je pričakovala... verjetno je tudi obratno. večino ma moški v glavi to, da predvsem zadovolji sebe in ne razumejo, da ko ženska reče ne , da je to NE!</comment-text-transliterated>
			</comment>
			<comment comment-id="21-2">
				<comment-parent-id>21</comment-parent-id>
				<comment-text>@kavagre: Jaz mislim, da ta lezbijka še nikoli ni probala z moškim; drugače ne bi bila lezbijka! To dokazuje tudi dejstvo, da piše o stvarih, ki so vsem moškim znane!</comment-text>
				<comment-text-transliterated>@kavagre: Jaz mislim, da ta lezbijka še nikoli ni probala z moškim; drugače ne bi bila lezbijka! To dokazuje tudi dejstvo, da piše o stvarih, ki so vsem moškim znane!</comment-text-transliterated>
			</comment>
			<comment comment-id="22">
				<comment-parent-id/>
				<comment-text>Lezbijka ponuja nasvete, a je že v osnovi zgrešeno bitje.</comment-text>
				<comment-text-transliterated>Lezbijka ponuja nasvete, a je že v osnovi zgrešeno bitje.</comment-text-transliterated>
			</comment>
			<comment comment-id="22-1">
				<comment-parent-id>22</comment-parent-id>
				<comment-text>ti s pa runklj s hribou k jo je vidu sam od krave</comment-text>
				<comment-text-transliterated>ti s pa runklj s hribou k jo je vidu sam od krave</comment-text-transliterated>
			</comment>
			<comment comment-id="23">
				<comment-parent-id/>
				<comment-text>Če njej tako paše misli, da vsem? Amaterka!</comment-text>
				<comment-text-transliterated>Če njej tako paše misli, da vsem? Amaterka!</comment-text-transliterated>
			</comment>
			<comment comment-id="23-1">
				<comment-parent-id>23</comment-parent-id>
				<comment-text>Nikjer ni napisala da vse ve. Dala je le nekaj nasvetov iz lastnih izkušenj, katere lahko upoštevaš ali pa še naprej svojo ženo mučiš v misionarskem položaju, kakor ti svetuje tvoj župnik. Pa še to le takrat, ko delaš potomce.</comment-text>
				<comment-text-transliterated>Nikjer ni napisala da vse ve. Dala je le nekaj nasvetov iz lastnih izkušenj, katere lahko upoštevaš ali pa še naprej svojo ženo mučiš v misionarskem položaju, kakor ti svetuje tvoj župnik. Pa še to le takrat, ko delaš potomce.</comment-text-transliterated>
			</comment>
			<comment comment-id="23-2">
				<comment-parent-id>23</comment-parent-id>
				<comment-text>Kje pa je lezbijka nabirala lastne izkušnje? Pa menda ja ne z moškimi?</comment-text>
				<comment-text-transliterated>Kje pa je lezbijka nabirala lastne izkušnje? Pa menda ja ne z moškimi?</comment-text-transliterated>
			</comment>
			<comment comment-id="24">
				<comment-parent-id/>
				<comment-text>Moja pravi, da je že 8,5 cm dosti, pol pa ni važen kera kartica je...</comment-text>
				<comment-text-transliterated>Moja pravi, da je že 8,5 cm dosti, pol pa ni važen kera kartica je...</comment-text-transliterated>
			</comment>
			<comment comment-id="24-1">
				<comment-parent-id>24</comment-parent-id>
				<comment-text>Včasih je že prst dovolj. Vagina je najbolj očutljiva in dovzetna prav tam na vhodu. Sicer pa je cela ženska ena sama erogena cona.</comment-text>
				<comment-text-transliterated>Včasih je že prst dovolj. Vagina je najbolj očutljiva in dovzetna prav tam na vhodu. Sicer pa je cela ženska ena sama erogena cona.</comment-text-transliterated>
			</comment>
			<comment comment-id="25">
				<comment-parent-id/>
				<comment-text>Zadnjič mi pravi moja, da naj ji govorim umazane stvari, pa sem začel: &amp;quot;Kuhinja, kopalnica, spalnica...&amp;quot;</comment-text>
				<comment-text-transliterated>Zadnjič mi pravi moja, da naj ji govorim umazane stvari, pa sem začel: &amp;quot;Kuhinja, kopalnica, spalnica...&amp;quot;</comment-text-transliterated>
			</comment>
			<comment comment-id="25-1">
				<comment-parent-id>25</comment-parent-id>
				<comment-text>ha ha ha</comment-text>
				<comment-text-transliterated>ha ha ha</comment-text-transliterated>
			</comment>
			<comment comment-id="26">
				<comment-parent-id/>
				<comment-text>Kva bi mi brez vas, 24 kur..??!!</comment-text>
				<comment-text-transliterated>Kva bi mi brez vas, 24 kur..??!!</comment-text-transliterated>
			</comment>
			<comment comment-id="26-1">
				<comment-parent-id>26</comment-parent-id>
				<comment-text>sama šola</comment-text>
				<comment-text-transliterated>sama šola</comment-text-transliterated>
			</comment>
			<comment comment-id="27">
				<comment-parent-id/>
				<comment-text>Najbolj zadovoljiš žensko,če ji daš zlato bančno kartico brez omejitev</comment-text>
				<comment-text-transliterated>Najbolj zadovoljiš žensko,če ji daš zlato bančno kartico brez omejitev</comment-text-transliterated>
			</comment>
			<comment comment-id="28">
				<comment-parent-id/>
				<comment-text>Vsaka ima rada nabijanje . Razen če je lezbijka.</comment-text>
				<comment-text-transliterated>Vsaka ima rada nabijanje . Razen če je lezbijka.</comment-text-transliterated>
			</comment>
			<comment comment-id="28-1">
				<comment-parent-id>28</comment-parent-id>
				<comment-text>Ni res.</comment-text>
				<comment-text-transliterated>Ni res.</comment-text-transliterated>
			</comment>
			<comment comment-id="29">
				<comment-parent-id/>
				<comment-text>Lezbijka nima s čim nabijat, potem pa pametuje.</comment-text>
				<comment-text-transliterated>Lezbijka nima s čim nabijat, potem pa pametuje.</comment-text-transliterated>
			</comment>
			<comment comment-id="29-1">
				<comment-parent-id>29</comment-parent-id>
				<comment-text>o ma ma sam ti še nisi videl ka se da danes vse kupit</comment-text>
				<comment-text-transliterated>o ma ma sam ti še nisi videl ka se da danes vse kupit</comment-text-transliterated>
			</comment>
			<comment comment-id="29-2">
				<comment-parent-id>29</comment-parent-id>
				<comment-text>m@ko si pa res za lunooooooooooooo</comment-text>
				<comment-text-transliterated>m@ko si pa res za lunooooooooooooo</comment-text-transliterated>
			</comment>
			<comment comment-id="30">
				<comment-parent-id/>
				<comment-text>Lezbijka svetuje moškim ????????????????? Še samo manjka , da lopovjanša naredi- kupi pravosodni izpit in postane sodnik.</comment-text>
				<comment-text-transliterated>Lezbijka svetuje moškim ????????????????? Še samo manjka , da lopovjanša naredi- kupi pravosodni izpit in postane sodnik.</comment-text-transliterated>
			</comment>
			<comment comment-id="30-1">
				<comment-parent-id>30</comment-parent-id>
				<comment-text>Pa kje si ti Janšo našel ?? Pod rubriko erotika. No ja ... vsak ima svoje fetiše.</comment-text>
				<comment-text-transliterated>Pa kje si ti Janšo našel ?? Pod rubriko erotika. No ja ... vsak ima svoje fetiše.</comment-text-transliterated>
			</comment>
			<comment comment-id="30-2">
				<comment-parent-id>30</comment-parent-id>
				<comment-text>tudi take fetisiste mamo ,,???? ta pa je res mocna ,,</comment-text>
				<comment-text-transliterated>tudi take fetisiste mamo ,,???? ta pa je res mocna ,,</comment-text-transliterated>
			</comment>
			<comment comment-id="30-3">
				<comment-parent-id>30</comment-parent-id>
				<comment-text>Če se ne razume primerjave, se naj tudi ne komentira. Če si v temi in nočeš ali ne veš prižgat luči, ostani v temi.</comment-text>
				<comment-text-transliterated>Če se ne razume primerjave, se naj tudi ne komentira. Če si v temi in nočeš ali ne veš prižgat luči, ostani v temi.</comment-text-transliterated>
			</comment>
			<comment comment-id="31">
				<comment-parent-id/>
				<comment-text>En kolega je reku : Vagina je sladka ALI JE NA GADNOM MESTU hehehe</comment-text>
				<comment-text-transliterated>En kolega je reku : Vagina je sladka ALI JE NA GADNOM MESTU hehehe</comment-text-transliterated>
			</comment>
			<comment comment-id="31-1">
				<comment-parent-id>31</comment-parent-id>
				<comment-text>te pa daj moškega v rit</comment-text>
				<comment-text-transliterated>te pa daj moškega v rit</comment-text-transliterated>
			</comment>
			<comment comment-id="32">
				<comment-parent-id/>
				<comment-text>kaj je pa ona zdaj novega odkriila, to je normalno že od pamtiveka...se vidi da ne sexa s tipom..pol pa piše 10000 let stare scene</comment-text>
				<comment-text-transliterated>kaj je pa ona zdaj novega odkriila, to je normalno že od pamtiveka...se vidi da ne sexa s tipom..pol pa piše 10000 let stare scene</comment-text-transliterated>
			</comment>
			<comment comment-id="32-1">
				<comment-parent-id>32</comment-parent-id>
				<comment-text>Verjetno prepisuje iz romanov Jean M. Auel- (Pečina jamskega medveda, Dolina konj, itd... )</comment-text>
				<comment-text-transliterated>Verjetno prepisuje iz romanov Jean M. Auel- (Pečina jamskega medveda, Dolina konj, itd... )</comment-text-transliterated>
			</comment>
			<comment comment-id="33">
				<comment-parent-id/>
				<comment-text>aha, lezbijka daje nasvete hetero parom? Dobr, da ni predlagala, da se po sobi polije flašo ribjega olja za večjo vzburjenost al pa kakega podobnega nasveta iz svoje zakladnice modrosti</comment-text>
				<comment-text-transliterated>aha, lezbijka daje nasvete hetero parom? Dobr, da ni predlagala, da se po sobi polije flašo ribjega olja za večjo vzburjenost al pa kakega podobnega nasveta iz svoje zakladnice modrosti</comment-text-transliterated>
			</comment>
			<comment comment-id="33-1">
				<comment-parent-id>33</comment-parent-id>
				<comment-text>@Dart Vajder: Čau! Si še med živimi? Me je že skrbel za tebe, stara sablja ;)</comment-text>
				<comment-text-transliterated>@Dart Vajder: Čau! Si še med živimi? Me je že skrbel za tebe, stara sablja ;)</comment-text-transliterated>
			</comment>
			<comment comment-id="33-2">
				<comment-parent-id>33</comment-parent-id>
				<comment-text>uf še, še. lepo je bit malo nazaj</comment-text>
				<comment-text-transliterated>uf še, še. lepo je bit malo nazaj</comment-text-transliterated>
			</comment>
			<comment comment-id="33-3">
				<comment-parent-id>33</comment-parent-id>
				<comment-text>ja, to je nekako tako, ko nam župniki dajejo nasvete o družini, sexu in ljubezni.</comment-text>
				<comment-text-transliterated>ja, to je nekako tako, ko nam župniki dajejo nasvete o družini, sexu in ljubezni.</comment-text-transliterated>
			</comment>
			<comment comment-id="33-4">
				<comment-parent-id>33</comment-parent-id>
				<comment-text>O morali/etiki še nekako razumem, sploh če striktno uporabljajo &amp;quot;the big book&amp;quot;, ker je notri v bistvu samo zapisano kašna mora biti družba, ki bo funkcionalna skozi veliko generacij. Krščanstvo je preživelo 2000 let, tako da je prestal test časa. Za sex in ljubezen pa naj raje tiho bojo..</comment-text>
				<comment-text-transliterated>O morali/etiki še nekako razumem, sploh če striktno uporabljajo &amp;quot;the big book&amp;quot;, ker je notri v bistvu samo zapisano kašna mora biti družba, ki bo funkcionalna skozi veliko generacij. Krščanstvo je preživelo 2000 let, tako da je prestal test časa. Za sex in ljubezen pa naj raje tiho bojo..</comment-text-transliterated>
			</comment>
			<comment comment-id="33-5">
				<comment-parent-id>33</comment-parent-id>
				<comment-text>burga ,,se motis ,,kar nekaj zupnikov poznam ki imajo vec tetic kot marsikdo ,,pa se same pridejo ,in se kaj za senk prinesejo ,,</comment-text>
				<comment-text-transliterated>burga ,,se motis ,,kar nekaj zupnikov poznam ki imajo vec tetic kot marsikdo ,,pa se same pridejo ,in se kaj za senk prinesejo ,,</comment-text-transliterated>
			</comment>
			<comment comment-id="34">
				<comment-parent-id/>
				<comment-text>Identiteta, kdo si, je vedno povezana s spolno identiteto-ta pa je bistvena v povezavi s socializacijo, odnosom s starši in kaj je bilo preneseno. Tako da bi lahko začeli izobrazevat tudi v tej smeri, ne samo, kaj pase ženskam v obliki priročnika za moške. Ampak tudi kako pride do lezbik in Elvisov/Pij. Premalo je tega v medijih in na TV. Potem pa taki komentarji.... nič čudnega!</comment-text>
				<comment-text-transliterated>Identiteta, kdo si, je vedno povezana s spolno identiteto-ta pa je bistvena v povezavi s socializacijo, odnosom s starši in kaj je bilo preneseno. Tako da bi lahko začeli izobrazevat tudi v tej smeri, ne samo, kaj pase ženskam v obliki priročnika za moške. Ampak tudi kako pride do lezbik in Elvisov/Pij. Premalo je tega v medijih in na TV. Potem pa taki komentarji.... nič čudnega!</comment-text-transliterated>
			</comment>
			<comment comment-id="34-1">
				<comment-parent-id>34</comment-parent-id>
				<comment-text>Biologija. Ljudje nismo nepopisan list papirja.</comment-text>
				<comment-text-transliterated>Biologija. Ljudje nismo nepopisan list papirja.</comment-text-transliterated>
			</comment>
			<comment comment-id="35">
				<comment-parent-id/>
				<comment-text>mene bolj zanima.zakaj postanejo lezbijke-ali niso dovolj in prav doživele pravi seks ali pa so že rojene v takem prepričanju-sicer pa vsak po svoje in kot mu paše-srečno</comment-text>
				<comment-text-transliterated>mene bolj zanima.zakaj postanejo lezbijke-ali niso dovolj in prav doživele pravi seks ali pa so že rojene v takem prepričanju-sicer pa vsak po svoje in kot mu paše-srečno</comment-text-transliterated>
			</comment>
			<comment comment-id="35-1">
				<comment-parent-id>35</comment-parent-id>
				<comment-text>90% vzgoja!</comment-text>
				<comment-text-transliterated>90% vzgoja!</comment-text-transliterated>
			</comment>
			<comment comment-id="35-2">
				<comment-parent-id>35</comment-parent-id>
				<comment-text>ne</comment-text>
				<comment-text-transliterated>ne</comment-text-transliterated>
			</comment>
			<comment comment-id="35-3">
				<comment-parent-id>35</comment-parent-id>
				<comment-text>da</comment-text>
				<comment-text-transliterated>da</comment-text-transliterated>
			</comment>
			<comment comment-id="35-4">
				<comment-parent-id>35</comment-parent-id>
				<comment-text>Spolna usmeritev ni prepričanje, temveč usmeritev. Hormoni ne delujejo pravilno. Vzgoja seveda nima tukaj zraven popolnoma nič. Le kdo si želi vzgojiti istospolno usmerjenega svojega otroka in kako bi lahko to dosegel z vzgojo.</comment-text>
				<comment-text-transliterated>Spolna usmeritev ni prepričanje, temveč usmeritev. Hormoni ne delujejo pravilno. Vzgoja seveda nima tukaj zraven popolnoma nič. Le kdo si želi vzgojiti istospolno usmerjenega svojega otroka in kako bi lahko to dosegel z vzgojo.</comment-text-transliterated>
			</comment>
			<comment comment-id="35-5">
				<comment-parent-id>35</comment-parent-id>
				<comment-text>tako je, hormoni ne delajo pravilno. Ponavadi se tak otrok zgodi ravno takim staršem, ki so sami bili močno nestrpni do homoseksualnih.</comment-text>
				<comment-text-transliterated>tako je, hormoni ne delajo pravilno. Ponavadi se tak otrok zgodi ravno takim staršem, ki so sami bili močno nestrpni do homoseksualnih.</comment-text-transliterated>
			</comment>
			<comment comment-id="35-6">
				<comment-parent-id>35</comment-parent-id>
				<comment-text>ja, bog jih štrafne, ker sovražijo homosexualce, ane..</comment-text>
				<comment-text-transliterated>ja, bog jih štrafne, ker sovražijo homosexualce, ane..</comment-text-transliterated>
			</comment>
			<comment comment-id="35-7">
				<comment-parent-id>35</comment-parent-id>
				<comment-text>cigu migu,nekaj takih tetic poznam ,,pravijo da to ni od rojstva je pa zacelo kar zgodaj ,, sicer pa ce se meckata dve tetice je se sprejemljivo ko pa se dva stricka meckata je pa kar ogabno ,,in kot si napisal kakor jim pase ,</comment-text>
				<comment-text-transliterated>cigu migu,nekaj takih tetic poznam ,,pravijo da to ni od rojstva je pa zacelo kar zgodaj ,, sicer pa ce se meckata dve tetice je se sprejemljivo ko pa se dva stricka meckata je pa kar ogabno ,,in kot si napisal kakor jim pase ,</comment-text-transliterated>
			</comment>
			<comment comment-id="36">
				<comment-parent-id/>
				<comment-text>znan komik je rekel: medtem, ko ženske potrebujejo vse to, da so pripravljene za seks , vas moramo mi samo videti nage. torej, če povzamemo: mogoče ve rabite nežnost, pozornost, poljube, poslušanje, rahle dotike... medtem ko mi potrebujemo samo vas, kdo je zdaj resen v razmerjih :)</comment-text>
				<comment-text-transliterated>znan komik je rekel: medtem, ko ženske potrebujejo vse to, da so pripravljene za seks , vas moramo mi samo videti nage. torej, če povzamemo: mogoče ve rabite nežnost, pozornost, poljube, poslušanje, rahle dotike... medtem ko mi potrebujemo samo vas, kdo je zdaj resen v razmerjih :)</comment-text-transliterated>
			</comment>
			<comment comment-id="36-1">
				<comment-parent-id>36</comment-parent-id>
				<comment-text>Resni smo lahko eni in drugi, ne vem pa ali si ti neresen ali pa nimaš pojma.</comment-text>
				<comment-text-transliterated>Resni smo lahko eni in drugi, ne vem pa ali si ti neresen ali pa nimaš pojma.</comment-text-transliterated>
			</comment>
			<comment comment-id="36-2">
				<comment-parent-id>36</comment-parent-id>
				<comment-text>gnila koleraba</comment-text>
				<comment-text-transliterated>gnila koleraba</comment-text-transliterated>
			</comment>
			<comment comment-id="37">
				<comment-parent-id/>
				<comment-text>drugače pa hvala za nasvete.. za info... mi tudi dostikrat povemo ženskam kako bi nam pasalo, pa mislite da nas poslušajo? :)</comment-text>
				<comment-text-transliterated>drugače pa hvala za nasvete.. za info... mi tudi dostikrat povemo ženskam kako bi nam pasalo, pa mislite da nas poslušajo? :)</comment-text-transliterated>
			</comment>
			<comment comment-id="37-1">
				<comment-parent-id>37</comment-parent-id>
				<comment-text>ja</comment-text>
				<comment-text-transliterated>ja</comment-text-transliterated>
			</comment>
			<comment comment-id="37-2">
				<comment-parent-id>37</comment-parent-id>
				<comment-text>Poslušajo, če jim znaš razložiti.</comment-text>
				<comment-text-transliterated>Poslušajo, če jim znaš razložiti.</comment-text-transliterated>
			</comment>
			<comment comment-id="38">
				<comment-parent-id/>
				<comment-text>dragi dijaki na 24ur.com... &amp;quot;kar koli&amp;quot; se piše skupaj</comment-text>
				<comment-text-transliterated>dragi dijaki na 24ur.com... &amp;quot;kar koli&amp;quot; se piše skupaj</comment-text-transliterated>
			</comment>
			<comment comment-id="38-1">
				<comment-parent-id>38</comment-parent-id>
				<comment-text>Brusilec, če bi mal več knjig bral, bi vedel, da se piše tud narazen.</comment-text>
				<comment-text-transliterated>Brusilec, če bi mal več knjig bral, bi vedel, da se piše tud narazen.</comment-text-transliterated>
			</comment>
			<comment comment-id="39">
				<comment-parent-id/>
				<comment-text>najbolje imeti dve lezbijke in poleg njih samo pobirati vroče ostanke:)</comment-text>
				<comment-text-transliterated>najbolje imeti dve lezbijke in poleg njih samo pobirati vroče ostanke:)</comment-text-transliterated>
			</comment>
			<comment comment-id="39-1">
				<comment-parent-id>39</comment-parent-id>
				<comment-text>Domnevam, da imaš v mislih bisexualki..</comment-text>
				<comment-text-transliterated>Domnevam, da imaš v mislih bisexualki..</comment-text-transliterated>
			</comment>
			<comment comment-id="40">
				<comment-parent-id/>
				<comment-text>mogoče bi pa za začetek moral tole lezbijko nekdo porihtat</comment-text>
				<comment-text-transliterated>mogoče bi pa za začetek moral tole lezbijko nekdo porihtat</comment-text-transliterated>
			</comment>
			<comment comment-id="40-1">
				<comment-parent-id>40</comment-parent-id>
				<comment-text>Zakaj bi hotel porihtat eno, ki jo privlačijo ženske.. Sej nisem ženska, posiljevalec pa tudi ne..</comment-text>
				<comment-text-transliterated>Zakaj bi hotel porihtat eno, ki jo privlačijo ženske.. Sej nisem ženska, posiljevalec pa tudi ne..</comment-text-transliterated>
			</comment>
			<comment comment-id="40-2">
				<comment-parent-id>40</comment-parent-id>
				<comment-text>da ji razširimo obzorja..</comment-text>
				<comment-text-transliterated>da ji razširimo obzorja..</comment-text-transliterated>
			</comment>
			<comment comment-id="40-3">
				<comment-parent-id>40</comment-parent-id>
				<comment-text>vprašanje je tudi zakaj je postala lejzbika</comment-text>
				<comment-text-transliterated>vprašanje je tudi zakaj je postala lejzbika</comment-text-transliterated>
			</comment>
			<comment comment-id="40-4">
				<comment-parent-id>40</comment-parent-id>
				<comment-text>ker je vidla končito..</comment-text>
				<comment-text-transliterated>ker je vidla končito..</comment-text-transliterated>
			</comment>
			<comment comment-id="40-5">
				<comment-parent-id>40</comment-parent-id>
				<comment-text>Grumf najprej razširi svoja obzorja.</comment-text>
				<comment-text-transliterated>Grumf najprej razširi svoja obzorja.</comment-text-transliterated>
			</comment>
			<comment comment-id="40-6">
				<comment-parent-id>40</comment-parent-id>
				<comment-text>soba666 lezbijka ne postaneš, temveč se rodiš</comment-text>
				<comment-text-transliterated>soba666 lezbijka ne postaneš, temveč se rodiš</comment-text-transliterated>
			</comment>
			<comment comment-id="40-7">
				<comment-parent-id>40</comment-parent-id>
				<comment-text>ene so fejk lezbijke.. to je moderno dons, tko kot je očitno moderno si tiča odrezat..</comment-text>
				<comment-text-transliterated>ene so fejk lezbijke.. to je moderno dons, tko kot je očitno moderno si tiča odrezat..</comment-text-transliterated>
			</comment>
		</comments-list>
	</comments>
</document>
