<?xml version="1.0" encoding="utf-8"?>
<document global-id="si-06-1267">
	<url>https://www.24ur.com/novice/gospodarstvo/milijarda-evrov-61-000-kristalov-vratolomni-sprehod-nad-morjem-in-vsevedna-zoe.html</url>
	<source-id>si-06</source-id>
	<local-id>1267</local-id>
	<source-name>ur24</source-name>
	<article>
		<article-title>Milijarda evrov, 61.000 kristalov, vratolomni sprehod nad morjem in 'vsevedna' Zoe</article-title>
		<article-title-transliterated>Milijarda evrov, 61.000 kristalov, vratolomni sprehod nad morjem in 'vsevedna' Zoe</article-title-transliterated>
		<article-time>2019-03-09</article-time>
		<article-author>Natalija Švab</article-author>
		<article-text>Več kot dve leti so delavci v francoski ladjedelnici gradili skoraj 172.000 ton težko, dobrih 315 metrov dolgo in 67 metrov visoko potniško ladjo MSC Bellissima. &quot;Lepotica&quot; premore vse, kar potniki običajno pričakujejo od udobne, sodobne ladje za križarjenja, še posebej pa bo navdušila ljubitelje tehnologije, saj je prva, ki ima čisto posebnega člana posadke, ki nikoli ne počiva – umetno inteligenco Zoe. Deževni in vetrovni britanski Southampton je bil pred dnevi kulisa za krst Bellissime, sicer sestre MSC-jeve ladje Meraviglia. Plavajoče zabavišče v pristanišče ni privabilo le tistih, ki smo se vkrcali na ladjo, ampak tudi številne domačine, ki so želeli fotografije impresivne ladje. Najbolj navdušeni fotografi so s seboj prinesli kar drone, da bi lahko v objektiv ujeli celotno Bellissimo. A če je bilo mogoče zunaj še slišati pritožbe čez &quot;britansko vreme&quot;, so na ladji s tehnologijo poskrbeli za to, da lahko &quot;vsak dan sije sonce&quot;. Vsaj tisto na 480 kvadratnih metrov velikem LED zaslonu, ki se razteza čez strop velike notranje promenade. Zaslon s projekcijami 24 ur na dan skrbi za vzdušje. Ob bolj abstraktih podobah se namreč na njem pojavljajo tudi podobe iz narave pa sončni zahod ali zvezdnato nebo. Pod vedno spreminjajočim se LED nebom najdete številne trgovine, kjer je mogoče najti vse – od oblačil do elektroskih naprav. Pa seveda kavarne, slaščičarne in restavracije. Skupaj je sicer na ladji 20 barov in 10 restavracij. FOTO: 24ur.com MSC Bellissima 1 / 8 Glamur Bleščeča notranjost ladje, ki je ob našem obisku še dišala po sveži barvi, bo odlična kulisa za tiste, ki želijo svoje profile na družbenih omrežjih opremiti z glamuroznimi fotografijami. Tudi na Bellissimi namreč  najdemo &quot;tipično MSC-jevo&quot; stopnišče – 96 stopnic, ki so jih okrasili v podjetju Swarovski in za to porabili 61.000 svojih značilnih kristalov. Šef družbe Pierfrancesco Vago je prepričan, da so stopnice &quot;simbol sofisticiranosti MSC-jevih ladij&quot;. Vsekakor so odličen prepoznaven znak družbe, gneča za fotografiranje na njih je bila namreč vsak dan izjemno velika. In to ne le zaradi tega, ker je družba tokrat na krov povabila tudi veliko &quot;influencerjev&quot; družbenih omrežij. &quot;Vedno vsi, ki pridejo na krov, želijo stopniščno fotografijo,&quot; pojasni članica več kot 1500-glave ekipe, ki na ladji skrbi za udobje več kot 5.600 potnikov, Bellissima pa je že četrta MSC-jeva ladja, ki je postala njeno delovno mesto. Klasična eleganca sreča umetno inteligenco Iz osrednjega dela ladje se lahko odpravite na počitek v kabino. Na voljo je tako &quot;kraljeva&quot; verzija, kot navadnim smrtnikom dostopnejša kabina z balkonom ali oknom. Če bi nas na večini ladij najprej zanimalo, kako udobna je postelja ali kako kreativna je bila ekipa, ki je urejala prostor, pri izbiri materialov, barv in razporejanju pohištva, tokrat pogled najprej ujame škatlica z napisom Zoe. Vse odkar so leta 1900 zgradili prvo ladjo, namenjeno izključno luksuznemu križarjenju, ladjo, poimenovano Prinzessin Victoria Luise si je zamislil Albert Ballin, ladijske družbe tekmujejo v tem, čigava ladja bo največja, najsodobnejša, katera bo ponujala največ zabave. Trenutno smo, kot kaže, tudi sredi tekme, čigava bo najbolj zanimiva navdušencem nad tehnologijo. V škatli Zoe se skriva umetna inteligenca, ki naj bi poznala odgovore na vprašanja ladijskega potnika. Aktivirate jo tako, da enostavno izgovorite &quot;ok, Zoe&quot;. In Zoe se aktivira približno tako kot se podobne naprave v filmih – prižge se lučka na vrhu škatlice in Zoe spregovori. Zoe je najdražja članica posadke, priznavajo v družbi, čeprav natančnega zneska, ki so ga porabili za njen razvoj, ne želijo izdati. So pa menda za celotno ladjo odšteli okoli milijardo evrov, do leta 2027 pa nameravajo na valove postaviti še 13 ladij. Od leta 2017 pa do 2027 bo tako družba za investicije namenila skoraj 14 milijard evrov. Če Zoe odgovora ne pozna, vam bo svetovala, da se obrnite na recepcijo. Kar se zaenkrat dogaja še precej pogosto. Vseeno je interakcija z Zoe zabavna in nekaj novega. &quot;Zoe se še uči. Več kot se z njo pogovarjate, več zna,&quot; nam pojasni Achille Staiano iz MSC. Zoe trenutno govori sedem jezikov – angleško, špansko, nemško, italijansko, francosko, portugalsko, z njo lahko v svojem jeziku komunicirajo tudi gostje s Kitajske. Njeni snovalci pravijo, da zna odgovriti že na okoli 800 vprašanj, povezanih z dogajanjem na ladji. &quot;Vsekakor je to za potnike nekaj novega. Gost se na križarjenju spopade v veliko količino informacij, lahko se zgodi, da na kaj pozabi. Zoe pa je na voljo ves čas, kar koli jo lahko vprašate tudi ob treh zjutraj,&quot; nadaljuje Staiano. Sicer pa brez skrbi, sama vas ob treh ponoči (ali ob kateri koli drugi uri) ne bo nagovorila. Zoe sicer ne boste mogli vzeti v roke in si jo ogledati. V sobi je trdno pritrjena. &quot;Boste pa opazili, da morda ni na mestu, ki bi bilo glede na razporeditev v sobi, najbolj primerno. Locirana namreč ni tako, da je oblikovalsko najbolje, ampak glede na akustiko v posamezni sobi. In sicer tako, da se lahko z njo pogovarjate iz katerega koli kotička sobe pa vas bo slišala,&quot; še pojasni Staiano, ki je Zoe na uradni predstavitvi &quot;prepričal&quot;, da zbranim pojasni, da &quot;res ne ve, kdo je Pierfrancesco Vago (direktor), da pa je Staiano &quot;krasen&quot;. Zoe je najdražja članica posadke, priznavajo v družbi, čeprav natančnega zneska, ki so ga porabili za njen razvoj, ne želijo izdati. So pa menda za celotno ladjo odšteli okoli milijardo evrov, do leta 2027 pa nameravajo na valove postaviti še 13 ladij. Od leta 2017 pa do 2027 bo tako družba za investicije namenila skoraj 14 milijard evrov. FOTO: 24ur.com MSC Bellissima 1 / 6 Lačni? Podobno kot za navdušence nad tehnologijo, je na ladji poskrbljeno za gurmane. Hrana je na voljo večji del dneva, zato lačni ne boste. Ob klasičnih dobrotah, ki vključujejo vse od sušija do zelenjavnih in mesnih jedi, Bellissima prinaša nekaj za navdušence nad španskimi okusi. Restavracija Hola Tapas, ki jo vodi kuhar z dvema Michelinovima zvezdicama Ramon Freixa namreč prinaša, kot trdi kuharski mojster, &quot;resnični okus Španije&quot;, na krožnik pa pričara &quot;mediteranski način življenja&quot;. Prav tako na krovu Bellissime kuha znan nemški kuhar Harald Wohlfart, ki skrbi za petične goste Yacht Cluba. Na svoj račun pa bodo prišli tudi ljubitelji slaščic. Večkrat nagrajeni, sicer pa eden najbolj znanih francoskih mojstrov slaščic, Jean Philippe Maury namreč na ladji pripravlja svoje sladke dobrote. Posebno doživetje pa je možnost, da si ustvarite svojo čokolado. Mojster je sicer precej časa razmišljal o tem ali sprejeti mamljivo ponudbo, da postane &quot;ladijski čokoladni mojster&quot;. Vlaga je namreč velika sovražnica čokolade, zato je bilo potrebnega kar nekaj dela, da so s snovalci ladje ugotovili, kako urediti prostor tako, da bo bolj naklonjen tej slastni dobrini. Tobogani in himalajski most Ob bogato obloženih ladijskih mizah, je nevarnost, da se boste z dopusta vrnili s kakšnim dodatnim kilogramom, velika. Dobra novica pa je, da je na krovu na voljo dovolj možnosti za rekreacijo. Stereotipna prepričanja, da dopust na ladji pomeni, da boste lahko končno v miru brali knjigo, na kateri se že od lanskega božiča nabira prah, so namreč zmotna. Sodobne potniške ladje ponujajo skoraj neomejene možnosti zabave in rekreacije, kar pomeni, da boste tudi na dneve, ko bo na sporedu plovba, najbrž le malo počivali. Na Bellissimi so si omislili Arizona Aqua Park, kjer so med drugim postavili tudi tri tobogane, himalajski most je za željne adrenalina, ki se želijo sprehajati okoli 60 metrov nad morjem, na voljo je še steza za tek, velika telovadnica z različnimi napravami, igrišče za košarko, nogomet, pa več bazenov, bowling … Za sproščanje po napornem dnevu pa je na voljo velik sprostitveni center, kjer ponujajo vrsto različnih masaž. Prav tako se lahko gostje zabavajo z obiskom simulatorja formule ena. Za tiste, ki želijo preveriti ali je sreča na njihovi strani, je na voljo igralnica, potem pa je tukaj še vrsta šovov, Cirque du Soleil pa je za Bellissimo pripravil dve predstavi, ki ju je mogoče videti samo na tej ladji. FOTO: 24ur.com MSC Bellissima 1 / 5 Krst odpihnil veter Cirque du Soleil je poseben spektakel pripravil tudi za krstno slovesnost, kjer je sicer nastopil tudi legendarni Andrea Bocelli s sinom, za voditeljico pa so izbrali priljubljeno britansko zvezdnico Holly Willoughby. Vendar je bil to večer, ko je šlo le malo po načrtih. Potem ko so delavci velik del dneva na nemirnih valovih utrjevali ladjo, da bi bila ta za večerno prireditev na svojem mestu, je veter prekinil krstno prireditev. Organizatorji so se namreč odločili povabljene iz prireditvenega šotora ob ladji umakiti na varno nazaj na ladjo, potem ko so sunki vetra začeli nevarno majati šotor. Z nekaj spretne improvizacije je bila Bellissima na koncu vseeno krščena, govor njene botre, igralske ikone Sophie Loren, smo namesto na odru, spremljali na velikem stropnem led zaslonu. Ladja, ki nikoli ne spi A ne glede na to, kako burni so večeri na ladji – večinoma se zavlečejo kar v zgodnje jutranje ure – ko se boste zjutraj zbudili, bo ladja brezhibno čista. Zulkifli, ki prihaja iz Indonezije in si kruh z delom na ladjah služi že več kot dve leti, nam je zgodaj zjutraj razložil in pokazal, kako poteka njegovo delo. &quot;Začel sem ob enajstih zvečer, končal pa bom ob enajstih dopolne,&quot; pravi, medtem ko odnese veliko vedro do steklene ograje v Aqua Parku, ki potrebuje čiščenje. Preostanek dneva je prost. &quot;Kar je krasno, ker lahko počivam ali grem na oglede, ko se zasidramo,&quot; pravi. Tako lahko spozna številne nove kraje, kar se mu zdi ena od glavnih prednosti njegove službe, doda. Praviloma boste čistilno ekipo videli &quot;oboroženo&quot; le z vodo, metlami in krpami. Čistila, polna kemikalij so prej izjema kot pravilo. Kljub očitkom, da ladje za križarjenja obremenjujejo okolje, pri MSC namreč vztrajajo, da se trudijo čim bolj skrbeti za okolje. Na krovu tako ne boste našli plastike za enkratno uporabo. Razvili so tudi sisteme upravljanja z odpadno vodo in drugimi odpadki, ki okolje čim manj obremenjujejo. &quot;Predstave o umazanih ladjah so danes napačne. Razvoj gre v smeri čim hitrejšega približevanja ničelnim emisijam. Ko ljudje nad ladjo vidijo bel oblak, včasih mislijo, da so to škodljivi izpusti. Ampak to je para, ne dim,&quot; vztraja Staiano. Trdi, da obračanje v zeleno ni marketinški trik za privabljanje okoljsko ozaveščenih milenijcev, ampak logična usmeritev podjetja, ki &quot;živi od morja&quot;: &quot;Prav tako je treba vedeti, da tudi za ladje veljajo okoljski predpisi. Ponekod so še posebej strogi in če jih ne bi izpolnjevali, ne bi mogli pluti.&quot; Počitnice na ladji - udoben način, da v kratkem času vidite velik košček sveta Velike ladje za križarjenja v zadnjih letih postajajo vse bolj priljubljen način preživljanja počitnic. Ladje so vse bolj udobne, zanimive, praktične za ljudi, ki želijo v kratkem času obiskati veliko krajev, vmesni potovalni čas pa preživeti čim bolj zabavno. Prihodki branže naj bi se gibali okoli 30 milijard evrov letno. Število potnikov pa se je z okoli 17 milijonov leta 2009 povzpelo na okoli 27 milijonov, kolikor naj bi jih potovalo lani. &quot;V bistvu so križarjenja zelo priljubljena povsod po svetu, čeprav še vedno predstavljajo samo okoli odstotek vsega turizma v svetu,&quot; razlaga Mladen Barukčić iz agencije Svet križarjenj. &quot;Vidimo pa zelo veliko rast, vse več je novih ladij, v bistvu je do leta 2027 napovedanih več kot 100 novih takšnih ladij,&quot; nadaljuje Barukčić. Na ladje prihaja nova generacija potnikov, mlajši, zabave željni, še vedno pa velik delež predstavljajo družine, ki jih na krov pritegnejo cenovne ugodnosti za otroke. Pa tudi dejstvo, da na ladjah za zabavo otrok skrbijo animatorji, kar staršem omogoči nekaj brezskrbnega oddiha. Na Antarktiko v udobju &quot;petih zvezdic&quot; Kako v množici ladij izbrati pravo? &quot;Ladje so se diferencirale, ponudbe je ogromno. Ladjarji se sami postavljajo v nek razred – morda so bolj namenjeni družinam, morda bolj zabavi, rekreaciji ali imajo ponudbo prilagojeno gurmanom. Ladjarji tudi sledijo razvoju pametne tehnologije,&quot; razlaga Barukčić. Kje najraje križarimo Slovenci? Prednjači Sredozemlje. Globalno pa se hitro vzpenja priljubljenost azijskih destinacij. Prihodnost pa očitno prinaša tudi veliko ladij, ki bodo namenjene izključno gostom z nekoliko globljimi žepi. Ladje, kjer namesto kabine najdemo apartmaje, kjer za udobje gosta skrbi butler … &quot;Tam je storitev zelo osebna, posadka do gosta pristopa poimensko, ekskluzivne so lahko tudi destinacije takšnega potovanja, na primer luksuzno križarjenje na Antarktiko, ki gostu ponuja, da tudi ta del sveta obišče v udobju, ki ga je vajen sicer,&quot; pravi sogovornik. Vendar pa križarjenja seveda niso namenjena le tistim z višjimi prihodki. &quot;Cene so v resnici precej drugačne, kot misli večina,&quot; pravi Barukčić. &quot;Cene so recimo v priljubljnh terminih od 500 evrov naprej za osnovno namestitev v notranji kabini, kjer pa imate še vedno vse vključeno. Potem pa je odvisno od tega ali morda želite kabino z balkonom, kjer so cene okoli 800, 900 evrov naprej.&quot; In kje najraje križarimo Slovenci? Prednjači Sredozemlje. Globalno pa se hitro vzpenja priljubljenost azijskih destinacij.</article-text>
		<article-text-transliterated>Več kot dve leti so delavci v francoski ladjedelnici gradili skoraj 172.000 ton težko, dobrih 315 metrov dolgo in 67 metrov visoko potniško ladjo MSC Bellissima. &quot;Lepotica&quot; premore vse, kar potniki običajno pričakujejo od udobne, sodobne ladje za križarjenja, še posebej pa bo navdušila ljubitelje tehnologije, saj je prva, ki ima čisto posebnega člana posadke, ki nikoli ne počiva – umetno inteligenco Zoe. Deževni in vetrovni britanski Southampton je bil pred dnevi kulisa za krst Bellissime, sicer sestre MSC-jeve ladje Meraviglia. Plavajoče zabavišče v pristanišče ni privabilo le tistih, ki smo se vkrcali na ladjo, ampak tudi številne domačine, ki so želeli fotografije impresivne ladje. Najbolj navdušeni fotografi so s seboj prinesli kar drone, da bi lahko v objektiv ujeli celotno Bellissimo. A če je bilo mogoče zunaj še slišati pritožbe čez &quot;britansko vreme&quot;, so na ladji s tehnologijo poskrbeli za to, da lahko &quot;vsak dan sije sonce&quot;. Vsaj tisto na 480 kvadratnih metrov velikem LED zaslonu, ki se razteza čez strop velike notranje promenade. Zaslon s projekcijami 24 ur na dan skrbi za vzdušje. Ob bolj abstraktih podobah se namreč na njem pojavljajo tudi podobe iz narave pa sončni zahod ali zvezdnato nebo. Pod vedno spreminjajočim se LED nebom najdete številne trgovine, kjer je mogoče najti vse – od oblačil do elektroskih naprav. Pa seveda kavarne, slaščičarne in restavracije. Skupaj je sicer na ladji 20 barov in 10 restavracij. FOTO: 24ur.com MSC Bellissima 1 / 8 Glamur Bleščeča notranjost ladje, ki je ob našem obisku še dišala po sveži barvi, bo odlična kulisa za tiste, ki želijo svoje profile na družbenih omrežjih opremiti z glamuroznimi fotografijami. Tudi na Bellissimi namreč  najdemo &quot;tipično MSC-jevo&quot; stopnišče – 96 stopnic, ki so jih okrasili v podjetju Swarovski in za to porabili 61.000 svojih značilnih kristalov. Šef družbe Pierfrancesco Vago je prepričan, da so stopnice &quot;simbol sofisticiranosti MSC-jevih ladij&quot;. Vsekakor so odličen prepoznaven znak družbe, gneča za fotografiranje na njih je bila namreč vsak dan izjemno velika. In to ne le zaradi tega, ker je družba tokrat na krov povabila tudi veliko &quot;influencerjev&quot; družbenih omrežij. &quot;Vedno vsi, ki pridejo na krov, želijo stopniščno fotografijo,&quot; pojasni članica več kot 1500-glave ekipe, ki na ladji skrbi za udobje več kot 5.600 potnikov, Bellissima pa je že četrta MSC-jeva ladja, ki je postala njeno delovno mesto. Klasična eleganca sreča umetno inteligenco Iz osrednjega dela ladje se lahko odpravite na počitek v kabino. Na voljo je tako &quot;kraljeva&quot; verzija, kot navadnim smrtnikom dostopnejša kabina z balkonom ali oknom. Če bi nas na večini ladij najprej zanimalo, kako udobna je postelja ali kako kreativna je bila ekipa, ki je urejala prostor, pri izbiri materialov, barv in razporejanju pohištva, tokrat pogled najprej ujame škatlica z napisom Zoe. Vse odkar so leta 1900 zgradili prvo ladjo, namenjeno izključno luksuznemu križarjenju, ladjo, poimenovano Prinzessin Victoria Luise si je zamislil Albert Ballin, ladijske družbe tekmujejo v tem, čigava ladja bo največja, najsodobnejša, katera bo ponujala največ zabave. Trenutno smo, kot kaže, tudi sredi tekme, čigava bo najbolj zanimiva navdušencem nad tehnologijo. V škatli Zoe se skriva umetna inteligenca, ki naj bi poznala odgovore na vprašanja ladijskega potnika. Aktivirate jo tako, da enostavno izgovorite &quot;ok, Zoe&quot;. In Zoe se aktivira približno tako kot se podobne naprave v filmih – prižge se lučka na vrhu škatlice in Zoe spregovori. Zoe je najdražja članica posadke, priznavajo v družbi, čeprav natančnega zneska, ki so ga porabili za njen razvoj, ne želijo izdati. So pa menda za celotno ladjo odšteli okoli milijardo evrov, do leta 2027 pa nameravajo na valove postaviti še 13 ladij. Od leta 2017 pa do 2027 bo tako družba za investicije namenila skoraj 14 milijard evrov. Če Zoe odgovora ne pozna, vam bo svetovala, da se obrnite na recepcijo. Kar se zaenkrat dogaja še precej pogosto. Vseeno je interakcija z Zoe zabavna in nekaj novega. &quot;Zoe se še uči. Več kot se z njo pogovarjate, več zna,&quot; nam pojasni Achille Staiano iz MSC. Zoe trenutno govori sedem jezikov – angleško, špansko, nemško, italijansko, francosko, portugalsko, z njo lahko v svojem jeziku komunicirajo tudi gostje s Kitajske. Njeni snovalci pravijo, da zna odgovriti že na okoli 800 vprašanj, povezanih z dogajanjem na ladji. &quot;Vsekakor je to za potnike nekaj novega. Gost se na križarjenju spopade v veliko količino informacij, lahko se zgodi, da na kaj pozabi. Zoe pa je na voljo ves čas, kar koli jo lahko vprašate tudi ob treh zjutraj,&quot; nadaljuje Staiano. Sicer pa brez skrbi, sama vas ob treh ponoči (ali ob kateri koli drugi uri) ne bo nagovorila. Zoe sicer ne boste mogli vzeti v roke in si jo ogledati. V sobi je trdno pritrjena. &quot;Boste pa opazili, da morda ni na mestu, ki bi bilo glede na razporeditev v sobi, najbolj primerno. Locirana namreč ni tako, da je oblikovalsko najbolje, ampak glede na akustiko v posamezni sobi. In sicer tako, da se lahko z njo pogovarjate iz katerega koli kotička sobe pa vas bo slišala,&quot; še pojasni Staiano, ki je Zoe na uradni predstavitvi &quot;prepričal&quot;, da zbranim pojasni, da &quot;res ne ve, kdo je Pierfrancesco Vago (direktor), da pa je Staiano &quot;krasen&quot;. Zoe je najdražja članica posadke, priznavajo v družbi, čeprav natančnega zneska, ki so ga porabili za njen razvoj, ne želijo izdati. So pa menda za celotno ladjo odšteli okoli milijardo evrov, do leta 2027 pa nameravajo na valove postaviti še 13 ladij. Od leta 2017 pa do 2027 bo tako družba za investicije namenila skoraj 14 milijard evrov. FOTO: 24ur.com MSC Bellissima 1 / 6 Lačni? Podobno kot za navdušence nad tehnologijo, je na ladji poskrbljeno za gurmane. Hrana je na voljo večji del dneva, zato lačni ne boste. Ob klasičnih dobrotah, ki vključujejo vse od sušija do zelenjavnih in mesnih jedi, Bellissima prinaša nekaj za navdušence nad španskimi okusi. Restavracija Hola Tapas, ki jo vodi kuhar z dvema Michelinovima zvezdicama Ramon Freixa namreč prinaša, kot trdi kuharski mojster, &quot;resnični okus Španije&quot;, na krožnik pa pričara &quot;mediteranski način življenja&quot;. Prav tako na krovu Bellissime kuha znan nemški kuhar Harald Wohlfart, ki skrbi za petične goste Yacht Cluba. Na svoj račun pa bodo prišli tudi ljubitelji slaščic. Večkrat nagrajeni, sicer pa eden najbolj znanih francoskih mojstrov slaščic, Jean Philippe Maury namreč na ladji pripravlja svoje sladke dobrote. Posebno doživetje pa je možnost, da si ustvarite svojo čokolado. Mojster je sicer precej časa razmišljal o tem ali sprejeti mamljivo ponudbo, da postane &quot;ladijski čokoladni mojster&quot;. Vlaga je namreč velika sovražnica čokolade, zato je bilo potrebnega kar nekaj dela, da so s snovalci ladje ugotovili, kako urediti prostor tako, da bo bolj naklonjen tej slastni dobrini. Tobogani in himalajski most Ob bogato obloženih ladijskih mizah, je nevarnost, da se boste z dopusta vrnili s kakšnim dodatnim kilogramom, velika. Dobra novica pa je, da je na krovu na voljo dovolj možnosti za rekreacijo. Stereotipna prepričanja, da dopust na ladji pomeni, da boste lahko končno v miru brali knjigo, na kateri se že od lanskega božiča nabira prah, so namreč zmotna. Sodobne potniške ladje ponujajo skoraj neomejene možnosti zabave in rekreacije, kar pomeni, da boste tudi na dneve, ko bo na sporedu plovba, najbrž le malo počivali. Na Bellissimi so si omislili Arizona Aqua Park, kjer so med drugim postavili tudi tri tobogane, himalajski most je za željne adrenalina, ki se želijo sprehajati okoli 60 metrov nad morjem, na voljo je še steza za tek, velika telovadnica z različnimi napravami, igrišče za košarko, nogomet, pa več bazenov, bowling … Za sproščanje po napornem dnevu pa je na voljo velik sprostitveni center, kjer ponujajo vrsto različnih masaž. Prav tako se lahko gostje zabavajo z obiskom simulatorja formule ena. Za tiste, ki želijo preveriti ali je sreča na njihovi strani, je na voljo igralnica, potem pa je tukaj še vrsta šovov, Cirque du Soleil pa je za Bellissimo pripravil dve predstavi, ki ju je mogoče videti samo na tej ladji. FOTO: 24ur.com MSC Bellissima 1 / 5 Krst odpihnil veter Cirque du Soleil je poseben spektakel pripravil tudi za krstno slovesnost, kjer je sicer nastopil tudi legendarni Andrea Bocelli s sinom, za voditeljico pa so izbrali priljubljeno britansko zvezdnico Holly Willoughby. Vendar je bil to večer, ko je šlo le malo po načrtih. Potem ko so delavci velik del dneva na nemirnih valovih utrjevali ladjo, da bi bila ta za večerno prireditev na svojem mestu, je veter prekinil krstno prireditev. Organizatorji so se namreč odločili povabljene iz prireditvenega šotora ob ladji umakiti na varno nazaj na ladjo, potem ko so sunki vetra začeli nevarno majati šotor. Z nekaj spretne improvizacije je bila Bellissima na koncu vseeno krščena, govor njene botre, igralske ikone Sophie Loren, smo namesto na odru, spremljali na velikem stropnem led zaslonu. Ladja, ki nikoli ne spi A ne glede na to, kako burni so večeri na ladji – večinoma se zavlečejo kar v zgodnje jutranje ure – ko se boste zjutraj zbudili, bo ladja brezhibno čista. Zulkifli, ki prihaja iz Indonezije in si kruh z delom na ladjah služi že več kot dve leti, nam je zgodaj zjutraj razložil in pokazal, kako poteka njegovo delo. &quot;Začel sem ob enajstih zvečer, končal pa bom ob enajstih dopolne,&quot; pravi, medtem ko odnese veliko vedro do steklene ograje v Aqua Parku, ki potrebuje čiščenje. Preostanek dneva je prost. &quot;Kar je krasno, ker lahko počivam ali grem na oglede, ko se zasidramo,&quot; pravi. Tako lahko spozna številne nove kraje, kar se mu zdi ena od glavnih prednosti njegove službe, doda. Praviloma boste čistilno ekipo videli &quot;oboroženo&quot; le z vodo, metlami in krpami. Čistila, polna kemikalij so prej izjema kot pravilo. Kljub očitkom, da ladje za križarjenja obremenjujejo okolje, pri MSC namreč vztrajajo, da se trudijo čim bolj skrbeti za okolje. Na krovu tako ne boste našli plastike za enkratno uporabo. Razvili so tudi sisteme upravljanja z odpadno vodo in drugimi odpadki, ki okolje čim manj obremenjujejo. &quot;Predstave o umazanih ladjah so danes napačne. Razvoj gre v smeri čim hitrejšega približevanja ničelnim emisijam. Ko ljudje nad ladjo vidijo bel oblak, včasih mislijo, da so to škodljivi izpusti. Ampak to je para, ne dim,&quot; vztraja Staiano. Trdi, da obračanje v zeleno ni marketinški trik za privabljanje okoljsko ozaveščenih milenijcev, ampak logična usmeritev podjetja, ki &quot;živi od morja&quot;: &quot;Prav tako je treba vedeti, da tudi za ladje veljajo okoljski predpisi. Ponekod so še posebej strogi in če jih ne bi izpolnjevali, ne bi mogli pluti.&quot; Počitnice na ladji - udoben način, da v kratkem času vidite velik košček sveta Velike ladje za križarjenja v zadnjih letih postajajo vse bolj priljubljen način preživljanja počitnic. Ladje so vse bolj udobne, zanimive, praktične za ljudi, ki želijo v kratkem času obiskati veliko krajev, vmesni potovalni čas pa preživeti čim bolj zabavno. Prihodki branže naj bi se gibali okoli 30 milijard evrov letno. Število potnikov pa se je z okoli 17 milijonov leta 2009 povzpelo na okoli 27 milijonov, kolikor naj bi jih potovalo lani. &quot;V bistvu so križarjenja zelo priljubljena povsod po svetu, čeprav še vedno predstavljajo samo okoli odstotek vsega turizma v svetu,&quot; razlaga Mladen Barukčić iz agencije Svet križarjenj. &quot;Vidimo pa zelo veliko rast, vse več je novih ladij, v bistvu je do leta 2027 napovedanih več kot 100 novih takšnih ladij,&quot; nadaljuje Barukčić. Na ladje prihaja nova generacija potnikov, mlajši, zabave željni, še vedno pa velik delež predstavljajo družine, ki jih na krov pritegnejo cenovne ugodnosti za otroke. Pa tudi dejstvo, da na ladjah za zabavo otrok skrbijo animatorji, kar staršem omogoči nekaj brezskrbnega oddiha. Na Antarktiko v udobju &quot;petih zvezdic&quot; Kako v množici ladij izbrati pravo? &quot;Ladje so se diferencirale, ponudbe je ogromno. Ladjarji se sami postavljajo v nek razred – morda so bolj namenjeni družinam, morda bolj zabavi, rekreaciji ali imajo ponudbo prilagojeno gurmanom. Ladjarji tudi sledijo razvoju pametne tehnologije,&quot; razlaga Barukčić. Kje najraje križarimo Slovenci? Prednjači Sredozemlje. Globalno pa se hitro vzpenja priljubljenost azijskih destinacij. Prihodnost pa očitno prinaša tudi veliko ladij, ki bodo namenjene izključno gostom z nekoliko globljimi žepi. Ladje, kjer namesto kabine najdemo apartmaje, kjer za udobje gosta skrbi butler … &quot;Tam je storitev zelo osebna, posadka do gosta pristopa poimensko, ekskluzivne so lahko tudi destinacije takšnega potovanja, na primer luksuzno križarjenje na Antarktiko, ki gostu ponuja, da tudi ta del sveta obišče v udobju, ki ga je vajen sicer,&quot; pravi sogovornik. Vendar pa križarjenja seveda niso namenjena le tistim z višjimi prihodki. &quot;Cene so v resnici precej drugačne, kot misli večina,&quot; pravi Barukčić. &quot;Cene so recimo v priljubljnh terminih od 500 evrov naprej za osnovno namestitev v notranji kabini, kjer pa imate še vedno vse vključeno. Potem pa je odvisno od tega ali morda želite kabino z balkonom, kjer so cene okoli 800, 900 evrov naprej.&quot; In kje najraje križarimo Slovenci? Prednjači Sredozemlje. Globalno pa se hitro vzpenja priljubljenost azijskih destinacij.</article-text-transliterated>
	</article>
	<comments>
		<comments-count>68</comments-count>
		<comments-list>
			<comment comment-id="1">
				<comment-parent-id/>
				<comment-text>Zakaj se povsod najdejo ljudje, ki vse kar vidijo im slišijo popljuvate, ker, domnevam, da večina ni bila na takšnem križarjrnju ali celo na taki ladji, prav ti znajo povedati kako in kaj!Tisti, ki imajo denar in gredo na križarjenje, se po mojem mišlenju sploh ne obremenjujejo z gužo, z delavci kdo je suženj in kdo ne, kakšne izpuste ima ladja in kakšna je hrana!Če si križarjenje s tako ladjo pač lahko privoščiš, potem se ne obremenjuješ z vsem tem ampak preprosto uživaš...vsaj jaz bi tako, če bi se znašel privsem tem oz. če bi imel denar!</comment-text>
				<comment-text-transliterated>Zakaj se povsod najdejo ljudje, ki vse kar vidijo im slišijo popljuvate, ker, domnevam, da večina ni bila na takšnem križarjrnju ali celo na taki ladji, prav ti znajo povedati kako in kaj!Tisti, ki imajo denar in gredo na križarjenje, se po mojem mišlenju sploh ne obremenjujejo z gužo, z delavci kdo je suženj in kdo ne, kakšne izpuste ima ladja in kakšna je hrana!Če si križarjenje s tako ladjo pač lahko privoščiš, potem se ne obremenjuješ z vsem tem ampak preprosto uživaš...vsaj jaz bi tako, če bi se znašel privsem tem oz. če bi imel denar!</comment-text-transliterated>
			</comment>
			<comment comment-id="1-1">
				<comment-parent-id>1</comment-parent-id>
				<comment-text>Temu se reče balkanska mentaliteta. Narod ni srečen, če tukaj vsega ne popljuluva, skritizira ipd.. En kup godrnjanja. In potem se sprašujejo zakaj smo kjer smo.. Hahaha</comment-text>
				<comment-text-transliterated>Temu se reče balkanska mentaliteta. Narod ni srečen, če tukaj vsega ne popljuluva, skritizira ipd.. En kup godrnjanja. In potem se sprašujejo zakaj smo kjer smo.. Hahaha</comment-text-transliterated>
			</comment>
			<comment comment-id="1-2">
				<comment-parent-id>1</comment-parent-id>
				<comment-text>Pa kaj posebnega je to križarjanje, to je za navaden folk, to ni za elito. Elita gre na privatne jahte, pa v privatne resorte.</comment-text>
				<comment-text-transliterated>Pa kaj posebnega je to križarjanje, to je za navaden folk, to ni za elito. Elita gre na privatne jahte, pa v privatne resorte.</comment-text-transliterated>
			</comment>
			<comment comment-id="2">
				<comment-parent-id/>
				<comment-text>Taksne ladje so med najvecjimi onesnazevalci morja!!!</comment-text>
				<comment-text-transliterated>Taksne ladje so med najvecjimi onesnazevalci morja!!!</comment-text-transliterated>
			</comment>
			<comment comment-id="3">
				<comment-parent-id/>
				<comment-text>Naj se potopi, preseravanje na cel fronti.</comment-text>
				<comment-text-transliterated>Naj se potopi, preseravanje na cel fronti.</comment-text-transliterated>
			</comment>
			<comment comment-id="3-1">
				<comment-parent-id>3</comment-parent-id>
				<comment-text>Pa to je huje,kot če bi preživljal dopust v centru velemesta.Morje vidiš samo z daljnogledom.Ne grem,če mi plačajo.</comment-text>
				<comment-text-transliterated>Pa to je huje,kot če bi preživljal dopust v centru velemesta.Morje vidiš samo z daljnogledom.Ne grem,če mi plačajo.</comment-text-transliterated>
			</comment>
			<comment comment-id="3-2">
				<comment-parent-id>3</comment-parent-id>
				<comment-text>Sej ti ni potrebno it, bodi doma. Jaz pa zelo rad stvari doživljam osebno ne na podgladi slik. In ja, iz izkušenj ti lahko povem, da so križarjenja prava dogodivščina, ki je zaradi tvoj zamplankanksti nikoli ne boš okusil. Žal!</comment-text>
				<comment-text-transliterated>Sej ti ni potrebno it, bodi doma. Jaz pa zelo rad stvari doživljam osebno ne na podgladi slik. In ja, iz izkušenj ti lahko povem, da so križarjenja prava dogodivščina, ki je zaradi tvoj zamplankanksti nikoli ne boš okusil. Žal!</comment-text-transliterated>
			</comment>
			<comment comment-id="4">
				<comment-parent-id/>
				<comment-text>Tisti ki tukaj nabijate kakšna je gneča na teh ladjah in da je vse ceneno, še nikoli niste bili na pravi križarki. Nobene gneče ni, za sobo je vseeno kaj imate, saj v sobi samo spite, sicer pa je super. Na teh ladjah je toliko dogajanja in možnih aktivnosti, da ni nikoli dolgčas. Ladja se zasidra v več mestih in imate dovolj časa da si ta mesta ogledate. Skratka, križarjenje je res odličen dopust ki ga priporočam.</comment-text>
				<comment-text-transliterated>Tisti ki tukaj nabijate kakšna je gneča na teh ladjah in da je vse ceneno, še nikoli niste bili na pravi križarki. Nobene gneče ni, za sobo je vseeno kaj imate, saj v sobi samo spite, sicer pa je super. Na teh ladjah je toliko dogajanja in možnih aktivnosti, da ni nikoli dolgčas. Ladja se zasidra v več mestih in imate dovolj časa da si ta mesta ogledate. Skratka, križarjenje je res odličen dopust ki ga priporočam.</comment-text-transliterated>
			</comment>
			<comment comment-id="4-1">
				<comment-parent-id>4</comment-parent-id>
				<comment-text>Poglej kaj vse gre v Miami, nobena elita, navadne družine, nafutrajo se, divjajo... Če boš pa šel do Antarktike, pa tam okoli, ali pa do Alaske poleti, to je p za penzioniste.</comment-text>
				<comment-text-transliterated>Poglej kaj vse gre v Miami, nobena elita, navadne družine, nafutrajo se, divjajo... Če boš pa šel do Antarktike, pa tam okoli, ali pa do Alaske poleti, to je p za penzioniste.</comment-text-transliterated>
			</comment>
			<comment comment-id="4-2">
				<comment-parent-id>4</comment-parent-id>
				<comment-text>Nimaš pojma. Ladje so različne. Če je family ship, ne bo nobenih penzionistov.</comment-text>
				<comment-text-transliterated>Nimaš pojma. Ladje so različne. Če je family ship, ne bo nobenih penzionistov.</comment-text-transliterated>
			</comment>
			<comment comment-id="5">
				<comment-parent-id/>
				<comment-text>Novinarji, pred casom (leto ali dve) ste imeli prispevek o high-tech podjetjih in primerjali stevilo taksnih podetij z Nemcijo, Cesko in Slovasko ... in se pohvalili, da smo po stevilu na milion prebivalcev pred Cesko in Slovasko a se vedno dalec izza Nemcije ... predlagam, da intenzivneje poiscete po obrtnih conah (in ne na GZS) taksna podjetja in videli boste, da za Nemcijo ne zaostajamo mnogo ... in napisite pozitivne zgodbe.</comment-text>
				<comment-text-transliterated>Novinarji, pred casom (leto ali dve) ste imeli prispevek o high-tech podjetjih in primerjali stevilo taksnih podetij z Nemcijo, Cesko in Slovasko ... in se pohvalili, da smo po stevilu na milion prebivalcev pred Cesko in Slovasko a se vedno dalec izza Nemcije ... predlagam, da intenzivneje poiscete po obrtnih conah (in ne na GZS) taksna podjetja in videli boste, da za Nemcijo ne zaostajamo mnogo ... in napisite pozitivne zgodbe.</comment-text-transliterated>
			</comment>
			<comment comment-id="6">
				<comment-parent-id/>
				<comment-text>Po spodnjih reakcijah sodim, da nekateri Slovenci s slabo samopodobo ne morejo razumeti ali dojeti, da smo Slovenci sposobni zahtevnih stvari ... ker se jim v glavi posledicno sesuva konstrukcija, da je za njihovo nesposobnost kriv nekdo imaginaren (drzava, partija, soseda, ...) ...</comment-text>
				<comment-text-transliterated>Po spodnjih reakcijah sodim, da nekateri Slovenci s slabo samopodobo ne morejo razumeti ali dojeti, da smo Slovenci sposobni zahtevnih stvari ... ker se jim v glavi posledicno sesuva konstrukcija, da je za njihovo nesposobnost kriv nekdo imaginaren (drzava, partija, soseda, ...) ...</comment-text-transliterated>
			</comment>
			<comment comment-id="6-1">
				<comment-parent-id>6</comment-parent-id>
				<comment-text>... kot prvo ... na cruserjih je znanje iz goriskega in tolminskega ... kot drugo ... srece cloveku ne more dati niti drzava niti sistem in niti partija, sreco si mora clovek ustvariti sam! - je zapisal veliki pred natanko 40-leti umrli slovenski mislec.</comment-text>
				<comment-text-transliterated>... kot prvo ... na cruserjih je znanje iz goriskega in tolminskega ... kot drugo ... srece cloveku ne more dati niti drzava niti sistem in niti partija, sreco si mora clovek ustvariti sam! - je zapisal veliki pred natanko 40-leti umrli slovenski mislec.</comment-text-transliterated>
			</comment>
			<comment comment-id="6-2">
				<comment-parent-id>6</comment-parent-id>
				<comment-text>Križarke so večinoma kot plavajoči domovi za starejše, več kot 60 % gostov je starejših od 65 let..... Postelje in vse v sobah ( z balkoni in višji razred ) je zelo ceneno. Res prestižnih je le peščica sob. Vrste za hrano, v restavracijah ,ki strežejo tak dren , da se natakarji komaj prebijejo mimo skratka katastrofa. Osebna izkušnja prvić,zadnjič in nikoli več pa sem za 12 dnevno križarjenje za dva plačal 11500,00 torej nisem šparal....</comment-text>
				<comment-text-transliterated>Križarke so večinoma kot plavajoči domovi za starejše, več kot 60 % gostov je starejših od 65 let..... Postelje in vse v sobah ( z balkoni in višji razred ) je zelo ceneno. Res prestižnih je le peščica sob. Vrste za hrano, v restavracijah ,ki strežejo tak dren , da se natakarji komaj prebijejo mimo skratka katastrofa. Osebna izkušnja prvić,zadnjič in nikoli več pa sem za 12 dnevno križarjenje za dva plačal 11500,00 torej nisem šparal....</comment-text-transliterated>
			</comment>
			<comment comment-id="6-3">
				<comment-parent-id>6</comment-parent-id>
				<comment-text>To je v glavnem za ta mlade, poglej video. Če si malo starejši, pa pomembno da ne greš kadar imajo šole počitnice. Pa sem in tja tudi kakšni problemi, poglej par dni nazaj, ves kaos potem ko je cruiser odplul iz New Yorka v neurje.</comment-text>
				<comment-text-transliterated>To je v glavnem za ta mlade, poglej video. Če si malo starejši, pa pomembno da ne greš kadar imajo šole počitnice. Pa sem in tja tudi kakšni problemi, poglej par dni nazaj, ves kaos potem ko je cruiser odplul iz New Yorka v neurje.</comment-text-transliterated>
			</comment>
			<comment comment-id="6-4">
				<comment-parent-id>6</comment-parent-id>
				<comment-text>ma kakšen mislec.. ha ha. On si jo je ker je bil pri koritu in so mu drugi srečo kovali</comment-text>
				<comment-text-transliterated>ma kakšen mislec.. ha ha. On si jo je ker je bil pri koritu in so mu drugi srečo kovali</comment-text-transliterated>
			</comment>
			<comment comment-id="6-5">
				<comment-parent-id>6</comment-parent-id>
				<comment-text>Partija in država pa ti srečo lahko zelo zagreni,anede,mislec !!!</comment-text>
				<comment-text-transliterated>Partija in država pa ti srečo lahko zelo zagreni,anede,mislec !!!</comment-text-transliterated>
			</comment>
			<comment comment-id="7">
				<comment-parent-id/>
				<comment-text>Pa to ni za bogataše, to je z navaden folk, poglej kaj vse pride gor. Bogati ne bodo šli v to gužvo, saj nimajo nobenega mira; moreš že biti poseben tip da ti takšen živ-žav ugaja.</comment-text>
				<comment-text-transliterated>Pa to ni za bogataše, to je z navaden folk, poglej kaj vse pride gor. Bogati ne bodo šli v to gužvo, saj nimajo nobenega mira; moreš že biti poseben tip da ti takšen živ-žav ugaja.</comment-text-transliterated>
			</comment>
			<comment comment-id="8">
				<comment-parent-id/>
				<comment-text>To sploh ni več ladija to je že skor ena mala država haha</comment-text>
				<comment-text-transliterated>To sploh ni več ladija to je že skor ena mala država haha</comment-text-transliterated>
			</comment>
			<comment comment-id="9">
				<comment-parent-id/>
				<comment-text>To je tisto kar pelje svet v propad . Osebno nimam nič proti bogatašem . samo če po eni strani pomisliš na lačne otroke v Jemnu na primer , na drugi pa takšno bogastvo , ki je namenjeno izključno zabavi potem mora biti vsakemu jasno , da pohlep vodi lahko samo v propad , ne jutri ali pojutrišnjem , tudi stari Rim ni propadel v enem dnevu ampak propadel pa je in to od znotraj navzven</comment-text>
				<comment-text-transliterated>To je tisto kar pelje svet v propad . Osebno nimam nič proti bogatašem . samo če po eni strani pomisliš na lačne otroke v Jemnu na primer , na drugi pa takšno bogastvo , ki je namenjeno izključno zabavi potem mora biti vsakemu jasno , da pohlep vodi lahko samo v propad , ne jutri ali pojutrišnjem , tudi stari Rim ni propadel v enem dnevu ampak propadel pa je in to od znotraj navzven</comment-text-transliterated>
			</comment>
			<comment comment-id="9-1">
				<comment-parent-id>9</comment-parent-id>
				<comment-text>Kolikim otrokom v Jemnu pa si ti pomagal?</comment-text>
				<comment-text-transliterated>Kolikim otrokom v Jemnu pa si ti pomagal?</comment-text-transliterated>
			</comment>
			<comment comment-id="9-2">
				<comment-parent-id>9</comment-parent-id>
				<comment-text>Za lačne otroke so odgovorni predvsem njihovi starši,pa ne samo v Jemnu,Apostol !</comment-text>
				<comment-text-transliterated>Za lačne otroke so odgovorni predvsem njihovi starši,pa ne samo v Jemnu,Apostol !</comment-text-transliterated>
			</comment>
			<comment comment-id="10">
				<comment-parent-id/>
				<comment-text>Veliko lepše se počutim doma. Bivalni prostori so na dokaj dobrem nivoju, s tem da imam še klet, ki je stara vendar skrbno obnovljena z odlično mikro klimo kjer se sušijo odlične salame in klobase, kjer je shranjena kvalitetna kapljica, kjer so prijatelji vedno dobrodošli, kjer je sproščenost na prvem mestu, kjer dobra klapa zapoje, skratka prav domačnost brez pretiravanja. Na tisti ladji, pa moraš stalno paziti kako si urejen in kako se obnašaš, kar je včasih zalo neprijetno.</comment-text>
				<comment-text-transliterated>Veliko lepše se počutim doma. Bivalni prostori so na dokaj dobrem nivoju, s tem da imam še klet, ki je stara vendar skrbno obnovljena z odlično mikro klimo kjer se sušijo odlične salame in klobase, kjer je shranjena kvalitetna kapljica, kjer so prijatelji vedno dobrodošli, kjer je sproščenost na prvem mestu, kjer dobra klapa zapoje, skratka prav domačnost brez pretiravanja. Na tisti ladji, pa moraš stalno paziti kako si urejen in kako se obnašaš, kar je včasih zalo neprijetno.</comment-text-transliterated>
			</comment>
			<comment comment-id="10-1">
				<comment-parent-id>10</comment-parent-id>
				<comment-text>Prav imaš. Najbolje, da ostaneš kar doma.</comment-text>
				<comment-text-transliterated>Prav imaš. Najbolje, da ostaneš kar doma.</comment-text-transliterated>
			</comment>
			<comment comment-id="11">
				<comment-parent-id/>
				<comment-text>Schettino bi bil odličen kapitan za tako ladjo. 🙄</comment-text>
				<comment-text-transliterated>Schettino bi bil odličen kapitan za tako ladjo. 🙄</comment-text-transliterated>
			</comment>
			<comment comment-id="12">
				<comment-parent-id/>
				<comment-text>Vžne so zvezdice in luksuz,ki ga 97% ljudi nikoli ne užije.</comment-text>
				<comment-text-transliterated>Vžne so zvezdice in luksuz,ki ga 97% ljudi nikoli ne užije.</comment-text-transliterated>
			</comment>
			<comment comment-id="12-1">
				<comment-parent-id>12</comment-parent-id>
				<comment-text>99,99%.</comment-text>
				<comment-text-transliterated>99,99%.</comment-text-transliterated>
			</comment>
			<comment comment-id="12-2">
				<comment-parent-id>12</comment-parent-id>
				<comment-text>Na teh ladjah ni nobenega pravega luksuza. Vsak hotel s štirimi zvezdicami je bolj udoben in ima boljšo ponudbo....Enkrat probal ( najvišji nivo ) pa nikoli več....</comment-text>
				<comment-text-transliterated>Na teh ladjah ni nobenega pravega luksuza. Vsak hotel s štirimi zvezdicami je bolj udoben in ima boljšo ponudbo....Enkrat probal ( najvišji nivo ) pa nikoli več....</comment-text-transliterated>
			</comment>
			<comment comment-id="12-3">
				<comment-parent-id>12</comment-parent-id>
				<comment-text>Je pa križarjenje po Kornatih veliko lepše in zanimivejše,Satana !!!</comment-text>
				<comment-text-transliterated>Je pa križarjenje po Kornatih veliko lepše in zanimivejše,Satana !!!</comment-text-transliterated>
			</comment>
			<comment comment-id="13">
				<comment-parent-id/>
				<comment-text>Mi pa smo še več zapravili za TEŠ, ki ga niti nismo rabili. Raje bi naredili takšno ladjo, da bi vsaj vedeli kam je šel denar...</comment-text>
				<comment-text-transliterated>Mi pa smo še več zapravili za TEŠ, ki ga niti nismo rabili. Raje bi naredili takšno ladjo, da bi vsaj vedeli kam je šel denar...</comment-text-transliterated>
			</comment>
			<comment comment-id="14">
				<comment-parent-id/>
				<comment-text>kozlam od pametnih komentarjev</comment-text>
				<comment-text-transliterated>kozlam od pametnih komentarjev</comment-text-transliterated>
			</comment>
			<comment comment-id="15">
				<comment-parent-id/>
				<comment-text>Bella makina!</comment-text>
				<comment-text-transliterated>Bella makina!</comment-text-transliterated>
			</comment>
			<comment comment-id="16">
				<comment-parent-id/>
				<comment-text>No krasno. Ena taka križarka v enem dnevu izpusti v zrak toliko NOx in CO2 ,žvepla in še kaj kot par miljonov dieslov v celem letu ( BBC npr je o tem poročal in predstavil meritve ). Potem pa omejujemo vožnjo z diesli....halo ekologija . Da je absurd še večji so najmnožičnejši koristniki teh potovanj nemci, i so najbolj glasni pri dieslih....</comment-text>
				<comment-text-transliterated>No krasno. Ena taka križarka v enem dnevu izpusti v zrak toliko NOx in CO2 ,žvepla in še kaj kot par miljonov dieslov v celem letu ( BBC npr je o tem poročal in predstavil meritve ). Potem pa omejujemo vožnjo z diesli....halo ekologija . Da je absurd še večji so najmnožičnejši koristniki teh potovanj nemci, i so najbolj glasni pri dieslih....</comment-text-transliterated>
			</comment>
			<comment comment-id="17">
				<comment-parent-id/>
				<comment-text>Pa ogromno uničenega ozona</comment-text>
				<comment-text-transliterated>Pa ogromno uničenega ozona</comment-text-transliterated>
			</comment>
			<comment comment-id="18">
				<comment-parent-id/>
				<comment-text>TITANIK 2...</comment-text>
				<comment-text-transliterated>TITANIK 2...</comment-text-transliterated>
			</comment>
			<comment comment-id="18-1">
				<comment-parent-id>18</comment-parent-id>
				<comment-text>Ta že obstaja.</comment-text>
				<comment-text-transliterated>Ta že obstaja.</comment-text-transliterated>
			</comment>
			<comment comment-id="19">
				<comment-parent-id/>
				<comment-text>je, pa tudi par tisoč sužnjev - črncev, ki gradijo take bizarnost.</comment-text>
				<comment-text-transliterated>je, pa tudi par tisoč sužnjev - črncev, ki gradijo take bizarnost.</comment-text-transliterated>
			</comment>
			<comment comment-id="19-1">
				<comment-parent-id>19</comment-parent-id>
				<comment-text>teh par črncev plačujejo v državno blagajno tako ne ti meni da so sužnji raje poglej sužnje na socialni!!</comment-text>
				<comment-text-transliterated>teh par črncev plačujejo v državno blagajno tako ne ti meni da so sužnji raje poglej sužnje na socialni!!</comment-text-transliterated>
			</comment>
			<comment comment-id="19-2">
				<comment-parent-id>19</comment-parent-id>
				<comment-text>k boš kaj dajansko koristnega naredila za te sužnje razn, da blabetaš iz udobnega kavča od doma se lahko oglasiš do takrat pa se kaži naokoli v svojih udobnih UGGicah..</comment-text>
				<comment-text-transliterated>k boš kaj dajansko koristnega naredila za te sužnje razn, da blabetaš iz udobnega kavča od doma se lahko oglasiš do takrat pa se kaži naokoli v svojih udobnih UGGicah..</comment-text-transliterated>
			</comment>
			<comment comment-id="20">
				<comment-parent-id/>
				<comment-text>Potrata vsega mogočega.</comment-text>
				<comment-text-transliterated>Potrata vsega mogočega.</comment-text-transliterated>
			</comment>
			<comment comment-id="21">
				<comment-parent-id/>
				<comment-text>5000 drekov in scalnice na dan, ki gredo direktno v morje! kdor to želi imeti naj ima!</comment-text>
				<comment-text-transliterated>5000 drekov in scalnice na dan, ki gredo direktno v morje! kdor to želi imeti naj ima!</comment-text-transliterated>
			</comment>
			<comment comment-id="21-1">
				<comment-parent-id>21</comment-parent-id>
				<comment-text>To še ni vprašljivo, saj je to naravno, vprašanje so druge zadeve, ki prav tako gredo v morje.</comment-text>
				<comment-text-transliterated>To še ni vprašljivo, saj je to naravno, vprašanje so druge zadeve, ki prav tako gredo v morje.</comment-text-transliterated>
			</comment>
			<comment comment-id="21-2">
				<comment-parent-id>21</comment-parent-id>
				<comment-text>Kam pa gredo tvoje fekalije? V skupno greznico ki si deli pol mesta. Kaj misliš, da komunala pleskavice naredi iz tega? Ha, ti pa si teslo..</comment-text>
				<comment-text-transliterated>Kam pa gredo tvoje fekalije? V skupno greznico ki si deli pol mesta. Kaj misliš, da komunala pleskavice naredi iz tega? Ha, ti pa si teslo..</comment-text-transliterated>
			</comment>
			<comment comment-id="22">
				<comment-parent-id/>
				<comment-text>Te križarke so ene največjih onasnaževalk morja! Skratka 3000 do 5000 sekretov na dan!</comment-text>
				<comment-text-transliterated>Te križarke so ene največjih onasnaževalk morja! Skratka 3000 do 5000 sekretov na dan!</comment-text-transliterated>
			</comment>
			<comment comment-id="22-1">
				<comment-parent-id>22</comment-parent-id>
				<comment-text>in še kolko tangic, kondomov...</comment-text>
				<comment-text-transliterated>in še kolko tangic, kondomov...</comment-text-transliterated>
			</comment>
			<comment comment-id="22-2">
				<comment-parent-id>22</comment-parent-id>
				<comment-text>Dandanes ni fajn biti ribica na zemeljskem morju</comment-text>
				<comment-text-transliterated>Dandanes ni fajn biti ribica na zemeljskem morju</comment-text-transliterated>
			</comment>
			<comment comment-id="22-3">
				<comment-parent-id>22</comment-parent-id>
				<comment-text>Pa obrazcev ,za dovoljen spolni odnos!</comment-text>
				<comment-text-transliterated>Pa obrazcev ,za dovoljen spolni odnos!</comment-text-transliterated>
			</comment>
			<comment comment-id="22-4">
				<comment-parent-id>22</comment-parent-id>
				<comment-text>Pa izpuhov v enem kot par miljonov dieslov v celem letu.</comment-text>
				<comment-text-transliterated>Pa izpuhov v enem kot par miljonov dieslov v celem letu.</comment-text-transliterated>
			</comment>
			<comment comment-id="23">
				<comment-parent-id/>
				<comment-text>Tako v Costa Venezia kot v MSC Bellissima je vgrajenega nekaj malega slovenskega znanja ... primorskega!</comment-text>
				<comment-text-transliterated>Tako v Costa Venezia kot v MSC Bellissima je vgrajenega nekaj malega slovenskega znanja ... primorskega!</comment-text-transliterated>
			</comment>
			<comment comment-id="23-1">
				<comment-parent-id>23</comment-parent-id>
				<comment-text>Švajsajo tudi naši, brače  in slo hla..</comment-text>
				<comment-text-transliterated>Švajsajo tudi naši, brače  in slo hla..</comment-text-transliterated>
			</comment>
			<comment comment-id="23-2">
				<comment-parent-id>23</comment-parent-id>
				<comment-text>Ne poznam nobenega Slovenca, ki svasa ... ti, ki jih jaz poznam so na ELV, FD, RMS, HVAC in podobno ... mogoce tamali sraufcinger</comment-text>
				<comment-text-transliterated>Ne poznam nobenega Slovenca, ki svasa ... ti, ki jih jaz poznam so na ELV, FD, RMS, HVAC in podobno ... mogoce tamali sraufcinger</comment-text-transliterated>
			</comment>
			<comment comment-id="23-3">
				<comment-parent-id>23</comment-parent-id>
				<comment-text>če nočeš poznat, je to tvoj problem.</comment-text>
				<comment-text-transliterated>če nočeš poznat, je to tvoj problem.</comment-text-transliterated>
			</comment>
			<comment comment-id="23-4">
				<comment-parent-id>23</comment-parent-id>
				<comment-text>Niti ni tako malo tega znanja. Pa se goricani delajov v trzicu_gradnja. Edino MSC ladjar belih noskov. Poglejte iz kje je, pa rast flote v prvem letu pa vam bo jasno. Pa dobre plovbe.</comment-text>
				<comment-text-transliterated>Niti ni tako malo tega znanja. Pa se goricani delajov v trzicu_gradnja. Edino MSC ladjar belih noskov. Poglejte iz kje je, pa rast flote v prvem letu pa vam bo jasno. Pa dobre plovbe.</comment-text-transliterated>
			</comment>
			<comment comment-id="24">
				<comment-parent-id/>
				<comment-text>Baje, se v Magadanu gradi najvčja, neslišna za sonarje, podmornica, ki bo napadla te kristale.</comment-text>
				<comment-text-transliterated>Baje, se v Magadanu gradi najvčja, neslišna za sonarje, podmornica, ki bo napadla te kristale.</comment-text-transliterated>
			</comment>
			<comment comment-id="24-1">
				<comment-parent-id>24</comment-parent-id>
				<comment-text>e</comment-text>
				<comment-text-transliterated>e</comment-text-transliterated>
			</comment>
			<comment comment-id="25">
				<comment-parent-id/>
				<comment-text>stvar okusa...kot bi šlo pol države na skupni izlet ...Osebno imam mnogo raje jadranje po jadranu ...zasidraš se v kakšnem mirnem zalivu...za eno noč , dve ...in gremo dalje...če si kdo zaželi gneče pač v neko mesto...in problem čez nekaj ur rešen...Ampak, kot rečeno...kakor je komu ljubše...</comment-text>
				<comment-text-transliterated>stvar okusa...kot bi šlo pol države na skupni izlet ...Osebno imam mnogo raje jadranje po jadranu ...zasidraš se v kakšnem mirnem zalivu...za eno noč , dve ...in gremo dalje...če si kdo zaželi gneče pač v neko mesto...in problem čez nekaj ur rešen...Ampak, kot rečeno...kakor je komu ljubše...</comment-text-transliterated>
			</comment>
			<comment comment-id="26">
				<comment-parent-id/>
				<comment-text>Priporocam vtipkat v iskalnik... Costa Venezia Trieste</comment-text>
				<comment-text-transliterated>Priporocam vtipkat v iskalnik... Costa Venezia Trieste</comment-text-transliterated>
			</comment>
			<comment comment-id="27">
				<comment-parent-id/>
				<comment-text>Kapitan bo tisti iz Coste Concordie če je že prišel z dopusta.</comment-text>
				<comment-text-transliterated>Kapitan bo tisti iz Coste Concordie če je že prišel z dopusta.</comment-text-transliterated>
			</comment>
			<comment comment-id="28">
				<comment-parent-id/>
				<comment-text>Jst bi dal, to na amblem od 24ur.</comment-text>
				<comment-text-transliterated>Jst bi dal, to na amblem od 24ur.</comment-text-transliterated>
			</comment>
			<comment comment-id="29">
				<comment-parent-id/>
				<comment-text>Sicer pa počakajmo, čas bo pokazal vrednost vsega kar so povedali.</comment-text>
				<comment-text-transliterated>Sicer pa počakajmo, čas bo pokazal vrednost vsega kar so povedali.</comment-text-transliterated>
			</comment>
			<comment comment-id="30">
				<comment-parent-id/>
				<comment-text>Zna Zoe usmeriti ljudi k najbližjemu izhodu, ko je sila, ker si ljudje nič ne preverijo, le redke izjeme, zapomnijo pa še manj. Potem vemo kako se konča, krivi pa so drugi. Zlato pravilo namestitve, ne glede kje.</comment-text>
				<comment-text-transliterated>Zna Zoe usmeriti ljudi k najbližjemu izhodu, ko je sila, ker si ljudje nič ne preverijo, le redke izjeme, zapomnijo pa še manj. Potem vemo kako se konča, krivi pa so drugi. Zlato pravilo namestitve, ne glede kje.</comment-text-transliterated>
			</comment>
			<comment comment-id="31">
				<comment-parent-id/>
				<comment-text>Masovka za rajo, to ni luksuz.</comment-text>
				<comment-text-transliterated>Masovka za rajo, to ni luksuz.</comment-text-transliterated>
			</comment>
			<comment comment-id="32">
				<comment-parent-id/>
				<comment-text>O cenah pa ne bi, začetna cena je eno, končna pa drugo .</comment-text>
				<comment-text-transliterated>O cenah pa ne bi, začetna cena je eno, končna pa drugo .</comment-text-transliterated>
			</comment>
			<comment comment-id="33">
				<comment-parent-id/>
				<comment-text>Če ga Zoe česa ne polomi, bo OK, a kaj ker bo kljub temu ona kriva, četudi je vir zunanji. Film Hitrost 2 verjetno ni povsem izmišljen. In kako Zoe kljubuje naravnim ujmam, spremembam?</comment-text>
				<comment-text-transliterated>Če ga Zoe česa ne polomi, bo OK, a kaj ker bo kljub temu ona kriva, četudi je vir zunanji. Film Hitrost 2 verjetno ni povsem izmišljen. In kako Zoe kljubuje naravnim ujmam, spremembam?</comment-text-transliterated>
			</comment>
			<comment comment-id="34">
				<comment-parent-id/>
				<comment-text>velja pripomniti da to ni ladja ampak plavajoči hotel s propelerjem</comment-text>
				<comment-text-transliterated>velja pripomniti da to ni ladja ampak plavajoči hotel s propelerjem</comment-text-transliterated>
			</comment>
			<comment comment-id="34-1">
				<comment-parent-id>34</comment-parent-id>
				<comment-text>Če so pogoji pravi, pa na koncu tudi množično grobišče.</comment-text>
				<comment-text-transliterated>Če so pogoji pravi, pa na koncu tudi množično grobišče.</comment-text-transliterated>
			</comment>
			<comment comment-id="35">
				<comment-parent-id/>
				<comment-text>Ker se Slovenci le redko hvalimo ... dalec od oci javnosti so 3-4 slovenske high-tech gospodarske druzbe (100-150 strokovnjakov), ki obvladujejo pomembne deleze (celo do 60% svetovnega trga) v posameznih segmentih izgradnje in upravljanja cruiserjev.</comment-text>
				<comment-text-transliterated>Ker se Slovenci le redko hvalimo ... dalec od oci javnosti so 3-4 slovenske high-tech gospodarske druzbe (100-150 strokovnjakov), ki obvladujejo pomembne deleze (celo do 60% svetovnega trga) v posameznih segmentih izgradnje in upravljanja cruiserjev.</comment-text-transliterated>
			</comment>
			<comment comment-id="36">
				<comment-parent-id/>
				<comment-text>na to ladjo bom pa šel na križarjenje po južni ameriki!</comment-text>
				<comment-text-transliterated>na to ladjo bom pa šel na križarjenje po južni ameriki!</comment-text-transliterated>
			</comment>
		</comments-list>
	</comments>
</document>
