<document global-id="si-06-1185"><url>https://www.24ur.com/novice/svet/vse-za-preprecitev-referenduma-madrid-prevzel-nadzor-nad-katalonsko-policijo.html</url><source-id>si-06</source-id><local-id>si-06-1185</local-id><source-name>ur24</source-name><article><article-title>Madrid prevzel nadzor nad katalonsko policijo, zagovorniki neodvisnosti med Katalonce medtem razdelili milijon glasovnic</article-title><article-title-transliterated>Madrid prevzel nadzor nad katalonsko policijo, zagovorniki neodvisnosti med Katalonce medtem razdelili milijon glasovnic</article-title-transliterated><article_time>2017-09-24</article_time><article-author>STA S.S. / Ti.Š.</article-author><article-text>Španska vlada se močno trudi, da bi preprečila za 1. oktober napovedan referendum o neodvisnosti Katalonije. Tamkajšnja vlada je sporočila, da odločitve Madrida ne sprejemajo, španska policija pa je v minulih dneh zasegla skoraj deset milijonov glasovnic. Te zagovorniki neodvisnosti še naprej delijo med Katalonce.
Španska policijaFOTO: AP
Španska vlada je sporočila, da prevzema nadzor nad katalonsko policijo Mossos d'Esquadra. Gre za zadnjega v vrsti ukrepov Madrida, da prepreči za 1. oktober napovedan referendum o neodvisnosti Katalonije.
V skladu s sobotnim odlokom državnega tožilca je katalonska policija zdaj podrejena nacionalni policiji Guardia Civil, je potrdil predstavnik španskega notranjega ministrstva. Katalonski policiji Madrid očita "nezadosten angažma" v sodelovanju s španskimi oblastmi.
Posebej ji je očital dogajanje iz minulega tedna, ko se je na ulice katalonske prestolnice Barcelona odpravilo na tisoče zagovornikov neodvisnosti - potem ko je španska policija izvedla vrsto racij in priprla več ključnih članov ekipe, ki pripravlja napovedani referendum.
Katalonija odločitve Madrida ne sprejema, narašča strah pred večjimi incidenti
V katalonski policiji so na Twitterju v soboto zapisali, da bodo tako kot doslej še naprej delovali s ciljem zagotoviti javno varnost in zaščititi prebivalce. Bolj jasen je bil katalonski notranji minister Joaquim Forn, ki je sporočil, da odločitve Madrida ne sprejemajo. Kot je še pojasnil, preučujejo, kakšne pravne ukrepe lahko uporabijo, da se uprejo temu "vmešavanju države".
"Naše najnevarnejše orožje so glasovnice in volilne skrinjice. Ne bo jim uspelo, da obvladajo našo demokracijo," pa je pred več tisoč podporniki na shodu v Barceloni danes povedal Jordi Cuixart, predsednik društva za katalonsko kulturo in jezik Omnium Cultural. Shod je bil del širšega dogodka Maraton za demokracijo, ki so ga po vsej Kataloniji pripravili zagovorniki neodvisnosti.
Španska policija je v minulih dneh prav tako zasegla skoraj deset milijonov glasovnic, kar je še eden v vrsti ukrepov Madrida, da prepreči za 1. oktober napovedani referendum. Tega je špansko ustavno sodišče na zahtevo vlade v Madridu prepovedalo. Več vidnih katalonskih politikov je policija v minulem tednu tudi priprla zaradi sodelovanja pri pripravi referenduma, kar je na ulice katalonskih mest pognalo na tisoče protestnikov.
Shodi in protesti zagovornikov neodvisnosti so doslej potekali mirno, a strah pred večjimi incidenti narašča. Nadškof Barcelone Joan Josep Omella je tako v današnji maši vse strani pozval k "razumu". V teh "težkih časih" se moramo izogibati "konfrontacijam, nasilju in zaničevanju soljudi", je poudaril.
Katalonski duhovniki in združenja so sicer pred dnevi izrazili solidarnost s separatisti ter - podobno kot tudi leve stranke in druge organizacije v drugih španskih regijah - kritizirali "vse bolj represivne" ukrepe španske vlade.</article-text><article-text-transliterated>Španska vlada se močno trudi, da bi preprečila za 1. oktober napovedan referendum o neodvisnosti Katalonije. Tamkajšnja vlada je sporočila, da odločitve Madrida ne sprejemajo, španska policija pa je v minulih dneh zasegla skoraj deset milijonov glasovnic. Te zagovorniki neodvisnosti še naprej delijo med Katalonce.
Španska policijaFOTO: AP
Španska vlada je sporočila, da prevzema nadzor nad katalonsko policijo Mossos d'Esquadra. Gre za zadnjega v vrsti ukrepov Madrida, da prepreči za 1. oktober napovedan referendum o neodvisnosti Katalonije.
V skladu s sobotnim odlokom državnega tožilca je katalonska policija zdaj podrejena nacionalni policiji Guardia Civil, je potrdil predstavnik španskega notranjega ministrstva. Katalonski policiji Madrid očita "nezadosten angažma" v sodelovanju s španskimi oblastmi.
Posebej ji je očital dogajanje iz minulega tedna, ko se je na ulice katalonske prestolnice Barcelona odpravilo na tisoče zagovornikov neodvisnosti - potem ko je španska policija izvedla vrsto racij in priprla več ključnih članov ekipe, ki pripravlja napovedani referendum.
Katalonija odločitve Madrida ne sprejema, narašča strah pred večjimi incidenti
V katalonski policiji so na Twitterju v soboto zapisali, da bodo tako kot doslej še naprej delovali s ciljem zagotoviti javno varnost in zaščititi prebivalce. Bolj jasen je bil katalonski notranji minister Joaquim Forn, ki je sporočil, da odločitve Madrida ne sprejemajo. Kot je še pojasnil, preučujejo, kakšne pravne ukrepe lahko uporabijo, da se uprejo temu "vmešavanju države".
"Naše najnevarnejše orožje so glasovnice in volilne skrinjice. Ne bo jim uspelo, da obvladajo našo demokracijo," pa je pred več tisoč podporniki na shodu v Barceloni danes povedal Jordi Cuixart, predsednik društva za katalonsko kulturo in jezik Omnium Cultural. Shod je bil del širšega dogodka Maraton za demokracijo, ki so ga po vsej Kataloniji pripravili zagovorniki neodvisnosti.
Španska policija je v minulih dneh prav tako zasegla skoraj deset milijonov glasovnic, kar je še eden v vrsti ukrepov Madrida, da prepreči za 1. oktober napovedani referendum. Tega je špansko ustavno sodišče na zahtevo vlade v Madridu prepovedalo. Več vidnih katalonskih politikov je policija v minulem tednu tudi priprla zaradi sodelovanja pri pripravi referenduma, kar je na ulice katalonskih mest pognalo na tisoče protestnikov.
Shodi in protesti zagovornikov neodvisnosti so doslej potekali mirno, a strah pred večjimi incidenti narašča. Nadškof Barcelone Joan Josep Omella je tako v današnji maši vse strani pozval k "razumu". V teh "težkih časih" se moramo izogibati "konfrontacijam, nasilju in zaničevanju soljudi", je poudaril.
Katalonski duhovniki in združenja so sicer pred dnevi izrazili solidarnost s separatisti ter - podobno kot tudi leve stranke in druge organizacije v drugih španskih regijah - kritizirali "vse bolj represivne" ukrepe španske vlade.</article-text-transliterated></article><comments><comments-count>82</comments-count><comments-list><comment comment-id="1"><comment-parent-id /><comment-text>Znano slovenčki? Ne alshajmer pa to? Kdo je že v Slo 1991 prevzemal mejne prehode, in ostale javne institucije oz poskušal?</comment-text><comment-text-transliterated>Znano slovenčki? Ne alshajmer pa to? Kdo je že v Slo 1991 prevzemal mejne prehode, in ostale javne institucije oz poskušal?</comment-text-transliterated></comment><comment comment-id="2"><comment-parent-id /><comment-text>tole s terorjem in ustrahovanjem kataloncev se španskim oblastem dolgoročno zagotovo ne bo izšlo, Eu je pa tiho in čaka kako se bo izšlo</comment-text><comment-text-transliterated>tole s terorjem in ustrahovanjem kataloncev se španskim oblastem dolgoročno zagotovo ne bo izšlo, Eu je pa tiho in čaka kako se bo izšlo</comment-text-transliterated></comment><comment comment-id="2-1"><comment-parent-id>2</comment-parent-id><comment-text>Si pozabil amerika je do 1993 zagovarjala miloševiča+YU in trdila da Slo NE bo priznala ...EU pa je tud do 1995 mečkala okrod YU krize ...ZBUDI se EU ne bo naredila NIČ dokler ne bio RESNO pokalo</comment-text><comment-text-transliterated>Si pozabil amerika je do 1993 zagovarjala miloševiča+YU in trdila da Slo NE bo priznala ...EU pa je tud do 1995 mečkala okrod YU krize ...ZBUDI se EU ne bo naredila NIČ dokler ne bio RESNO pokalo</comment-text-transliterated></comment><comment comment-id="3"><comment-parent-id /><comment-text>Takoj poslati JBTZ skupino za pomoc.Enkrat so bili uspesni, zakaj ne bi bill se enkrat.</comment-text><comment-text-transliterated>Takoj poslati JBTZ skupino za pomoc.Enkrat so bili uspesni, zakaj ne bi bill se enkrat.</comment-text-transliterated></comment><comment comment-id="4"><comment-parent-id /><comment-text>Pravzaprav bi težko rekli, ko se sklicujejo na zgodovinska dejstva, da Katalonci hočejo samostojno Katalonijo, ker če bi to hoteli, bi se dvignili z njimi vred še Andora in Catalogne Nord. Do sedaj ni bilo še nobene resne ideje, ki bi se nagibala k realizaciji tega, sploh Andora nima nikakršnega interesa stopiti v EU. Sicer je referendum v Kataloniji povsem nepomemben, ker je neregularen. Za odcepitev bi moral potekati referendum na celotnem področju Španije, in seveda takšnega referenduma Barcelona ne bo dobila. Če bi se to slučajno kdaj zgodilo, pa se ne bo, pa bi moral naslednji filter biti EU. Glede na to, da gre za članico EU, bi nedvomno bilo potrebno tudi, da takšne svojevoljne težnje po odstopu rešuje tudi Evropa. Katalonija v Evropi nastopa kot del celote. Ob osamosvojitvi bi morala iti iz nule, in tudi, če bi jo Evropa recimo da zgrešeno priznala kot polnopravno državo, je nikakor ne bi smela obravnavati kot polnopravno članico EU, zgolj zato, ker je teritorialno v EU območju. Katalonija bi morala skozi popolnoma enako proceduro kot vse novopristopne članice, z usklajevanji in podporo vseh držav članic, kar bi avtomatsko pomenilo veliki ne vsaj od Špancev, odvzete bi ji morale biti pa pravice, izhajajoč iz skupnega Evropskega teritorija, se pravi prost pretok, kar seveda pomeni spet meje in carino. Za ven in za noter, seveda. Ker sicer, brez tega, da se o vseh pogojih jasno spregovori, je vse skupaj zgolj in samo farsa, pumpanje naroda, ki v veliki večini niti ne razume, da odcepitev ni njihova legitimna pravica. Pač mašilo, da sedaj, ko so prepovedali bike, da se imajo spet s čem bost.</comment-text><comment-text-transliterated>Pravzaprav bi težko rekli, ko se sklicujejo na zgodovinska dejstva, da Katalonci hočejo samostojno Katalonijo, ker če bi to hoteli, bi se dvignili z njimi vred še Andora in Catalogne Nord. Do sedaj ni bilo še nobene resne ideje, ki bi se nagibala k realizaciji tega, sploh Andora nima nikakršnega interesa stopiti v EU. Sicer je referendum v Kataloniji povsem nepomemben, ker je neregularen. Za odcepitev bi moral potekati referendum na celotnem področju Španije, in seveda takšnega referenduma Barcelona ne bo dobila. Če bi se to slučajno kdaj zgodilo, pa se ne bo, pa bi moral naslednji filter biti EU. Glede na to, da gre za članico EU, bi nedvomno bilo potrebno tudi, da takšne svojevoljne težnje po odstopu rešuje tudi Evropa. Katalonija v Evropi nastopa kot del celote. Ob osamosvojitvi bi morala iti iz nule, in tudi, če bi jo Evropa recimo da zgrešeno priznala kot polnopravno državo, je nikakor ne bi smela obravnavati kot polnopravno članico EU, zgolj zato, ker je teritorialno v EU območju. Katalonija bi morala skozi popolnoma enako proceduro kot vse novopristopne članice, z usklajevanji in podporo vseh držav članic, kar bi avtomatsko pomenilo veliki ne vsaj od Špancev, odvzete bi ji morale biti pa pravice, izhajajoč iz skupnega Evropskega teritorija, se pravi prost pretok, kar seveda pomeni spet meje in carino. Za ven in za noter, seveda. Ker sicer, brez tega, da se o vseh pogojih jasno spregovori, je vse skupaj zgolj in samo farsa, pumpanje naroda, ki v veliki večini niti ne razume, da odcepitev ni njihova legitimna pravica. Pač mašilo, da sedaj, ko so prepovedali bike, da se imajo spet s čem bost.</comment-text-transliterated></comment><comment comment-id="4-1"><comment-parent-id>4</comment-parent-id><comment-text>Daj ne bluzi. Referendum o samostojnosti Slovenije je bil samo na ozemlju Slovenije. Katalonija hoče biti samostojna zato se referendum tiče samo Katalonije.</comment-text><comment-text-transliterated>Daj ne bluzi. Referendum o samostojnosti Slovenije je bil samo na ozemlju Slovenije. Katalonija hoče biti samostojna zato se referendum tiče samo Katalonije.</comment-text-transliterated></comment><comment comment-id="4-2"><comment-parent-id>4</comment-parent-id><comment-text>Sploh ne bluzi, ampak je povedal-a sama dejstva. Referendum je neustaven, prvi člen španske ustave govori o tem, da je Španija enotna država, tako da to, kar Katalonci počnejo, je čisto nelegalno un neustavno.</comment-text><comment-text-transliterated>Sploh ne bluzi, ampak je povedal-a sama dejstva. Referendum je neustaven, prvi člen španske ustave govori o tem, da je Španija enotna država, tako da to, kar Katalonci počnejo, je čisto nelegalno un neustavno.</comment-text-transliterated></comment><comment comment-id="4-3"><comment-parent-id>4</comment-parent-id><comment-text>Jaz se pa vprašam kaj bodo dobili Katalonci s samostojnostjo ,ker mi smo več izgubili ko se je Jugoslavija skregala kot pa dobili ,smisel je v združevanju ne v delitvi.in to dokazujejo recimo ZDA , čeprav jih ne maram kaj preveč</comment-text><comment-text-transliterated>Jaz se pa vprašam kaj bodo dobili Katalonci s samostojnostjo ,ker mi smo več izgubili ko se je Jugoslavija skregala kot pa dobili ,smisel je v združevanju ne v delitvi.in to dokazujejo recimo ZDA , čeprav jih ne maram kaj preveč</comment-text-transliterated></comment><comment comment-id="4-4"><comment-parent-id>4</comment-parent-id><comment-text>Mytra TUD slovenski referendum je bil NEUSTAVEN po YU merilih</comment-text><comment-text-transliterated>Mytra TUD slovenski referendum je bil NEUSTAVEN po YU merilih</comment-text-transliterated></comment><comment comment-id="5"><comment-parent-id /><comment-text>Še bo toplo .....</comment-text><comment-text-transliterated>Še bo toplo .....</comment-text-transliterated></comment><comment comment-id="6"><comment-parent-id /><comment-text>Očitno si želijo novih Baskov</comment-text><comment-text-transliterated>Očitno si želijo novih Baskov</comment-text-transliterated></comment><comment comment-id="7"><comment-parent-id /><comment-text>Katalonija nima zunanje podpore</comment-text><comment-text-transliterated>Katalonija nima zunanje podpore</comment-text-transliterated></comment><comment comment-id="8"><comment-parent-id /><comment-text>Tako kot so nam počeli to v jugi.</comment-text><comment-text-transliterated>Tako kot so nam počeli to v jugi.</comment-text-transliterated></comment><comment comment-id="9"><comment-parent-id /><comment-text>Obstaja tudi drugačna malo manj demokratična pot v obliki eta terorizma....no ta eta se ne ukvarja z konservami....</comment-text><comment-text-transliterated>Obstaja tudi drugačna malo manj demokratična pot v obliki eta terorizma....no ta eta se ne ukvarja z konservami....</comment-text-transliterated></comment><comment comment-id="10"><comment-parent-id /><comment-text>Tako je treba. Bando odstranit tkoj</comment-text><comment-text-transliterated>Tako je treba. Bando odstranit tkoj</comment-text-transliterated></comment><comment comment-id="11"><comment-parent-id /><comment-text>.ne razumem zakaj se eni bojijo referenduma. /očitno ne vedo, kar je vedel že stalin.. : niso važni oddani glasovi, važno je kdo jih šteje</comment-text><comment-text-transliterated>.ne razumem zakaj se eni bojijo referenduma. /očitno ne vedo, kar je vedel že stalin.. : niso važni oddani glasovi, važno je kdo jih šteje</comment-text-transliterated></comment><comment comment-id="12"><comment-parent-id /><comment-text>Edino so Albancem dovolili začasno državo na ozemlju Srbije.</comment-text><comment-text-transliterated>Edino so Albancem dovolili začasno državo na ozemlju Srbije.</comment-text-transliterated></comment><comment comment-id="12-1"><comment-parent-id>12</comment-parent-id><comment-text>Uh to nic, dolgo nazaj pa vsem juznim slovanom na ozemlju ilirov-albancev.</comment-text><comment-text-transliterated>Uh to nic, dolgo nazaj pa vsem juznim slovanom na ozemlju ilirov-albancev.</comment-text-transliterated></comment><comment comment-id="12-2"><comment-parent-id>12</comment-parent-id><comment-text>Albanci NISO iliri, svoje poreklo vlečejo iz severno afriških berberov. Dokazni material? Genetika....</comment-text><comment-text-transliterated>Albanci NISO iliri, svoje poreklo vlečejo iz severno afriških berberov. Dokazni material? Genetika....</comment-text-transliterated></comment><comment comment-id="13"><comment-parent-id /><comment-text>Španska vlada si je z uporabo represivnih sredstev naredila medvedjo uslugo. Verjamem, da se bo prav zato podpora referendumu (in odcepitvi) le še povečala.</comment-text><comment-text-transliterated>Španska vlada si je z uporabo represivnih sredstev naredila medvedjo uslugo. Verjamem, da se bo prav zato podpora referendumu (in odcepitvi) le še povečala.</comment-text-transliterated></comment><comment comment-id="14"><comment-parent-id /><comment-text>Nobena osamosvojitev ni lahko, tudi naša ni bila. Ne vem pa zakaj, se vlada v Madridu, tako zelo boji referenduma, naj se ljudje odločijo v kateri državi želijo živeti. Na silo jih ne bodo mogli zadržati v Španiji.</comment-text><comment-text-transliterated>Nobena osamosvojitev ni lahko, tudi naša ni bila. Ne vem pa zakaj, se vlada v Madridu, tako zelo boji referenduma, naj se ljudje odločijo v kateri državi želijo živeti. Na silo jih ne bodo mogli zadržati v Španiji.</comment-text-transliterated></comment><comment comment-id="14-1"><comment-parent-id>14</comment-parent-id><comment-text>Ker Katalonija je gospodarsko najbolj razvita. Gre se za denar prijatelj.</comment-text><comment-text-transliterated>Ker Katalonija je gospodarsko najbolj razvita. Gre se za denar prijatelj.</comment-text-transliterated></comment><comment comment-id="15"><comment-parent-id /><comment-text>-mackon08- ni za vsakega slo-balkanca, afričana, korejca demokracija, to je za sever europe in razvite države, kaj tebi tudi ne potegne...</comment-text><comment-text-transliterated>-mackon08- ni za vsakega slo-balkanca, afričana, korejca demokracija, to je za sever europe in razvite države, kaj tebi tudi ne potegne...</comment-text-transliterated></comment><comment comment-id="16"><comment-parent-id /><comment-text>Katalonci, da vas ni sram!</comment-text><comment-text-transliterated>Katalonci, da vas ni sram!</comment-text-transliterated></comment><comment comment-id="16-1"><comment-parent-id>16</comment-parent-id><comment-text>Zakaj že?</comment-text><comment-text-transliterated>Zakaj že?</comment-text-transliterated></comment><comment comment-id="17"><comment-parent-id /><comment-text>KRATKA JE POT IZ DEMOKRACIJE DO FAŠIZMA in iz socialistov do FAŠISTOV..</comment-text><comment-text-transliterated>KRATKA JE POT IZ DEMOKRACIJE DO FAŠIZMA in iz socialistov do FAŠISTOV..</comment-text-transliterated></comment><comment comment-id="18"><comment-parent-id /><comment-text>...španski fašiji...</comment-text><comment-text-transliterated>...španski fašiji...</comment-text-transliterated></comment><comment comment-id="19"><comment-parent-id /><comment-text>Tole zmeraj hitreje eskalira. Zelo me spominja na našo osamosvojitev. Upam da bodo dosegli samostojnost.</comment-text><comment-text-transliterated>Tole zmeraj hitreje eskalira. Zelo me spominja na našo osamosvojitev. Upam da bodo dosegli samostojnost.</comment-text-transliterated></comment><comment comment-id="19-1"><comment-parent-id>19</comment-parent-id><comment-text>..s puj seki u a rest u./ pa ne da po 26ih letih zatem</comment-text><comment-text-transliterated>..s puj seki u a rest u./ pa ne da po 26ih letih zatem</comment-text-transliterated></comment><comment comment-id="20"><comment-parent-id /><comment-text>Sicer mene Španci in Katalonci zanimajo toliko kot njih piranski zaliv.</comment-text><comment-text-transliterated>Sicer mene Španci in Katalonci zanimajo toliko kot njih piranski zaliv.</comment-text-transliterated></comment><comment comment-id="20-1"><comment-parent-id>20</comment-parent-id><comment-text>Katalonci so bili veliki podporniki naše odcepitve od bivše juge in neke vrste naši občudovalci. So najbolj razvita dežela v Španiji in tudi po temperamentu še najbolj podobni slovencem. Toliko o kataloncih.</comment-text><comment-text-transliterated>Katalonci so bili veliki podporniki naše odcepitve od bivše juge in neke vrste naši občudovalci. So najbolj razvita dežela v Španiji in tudi po temperamentu še najbolj podobni slovencem. Toliko o kataloncih.</comment-text-transliterated></comment><comment comment-id="21"><comment-parent-id /><comment-text>Vse diši po vojni. Upam srčno upam, da je ne bo!</comment-text><comment-text-transliterated>Vse diši po vojni. Upam srčno upam, da je ne bo!</comment-text-transliterated></comment><comment comment-id="22"><comment-parent-id /><comment-text>Erjavec je poslal pismo podpore Kataloncem?</comment-text><comment-text-transliterated>Erjavec je poslal pismo podpore Kataloncem?</comment-text-transliterated></comment><comment comment-id="23"><comment-parent-id /><comment-text>Španija ubira napačno pot. S takšno neumno prisilo, ki meji že na teror, bo od samega sebe oddaljila še tistih nekaj kataloncev, ki niso za referendum in odcepitev.</comment-text><comment-text-transliterated>Španija ubira napačno pot. S takšno neumno prisilo, ki meji že na teror, bo od samega sebe oddaljila še tistih nekaj kataloncev, ki niso za referendum in odcepitev.</comment-text-transliterated></comment><comment comment-id="24"><comment-parent-id /><comment-text>Nas so tudi tako zaj... Včasih je šel denar na jug za razvoj sedaj pa za korupcijo</comment-text><comment-text-transliterated>Nas so tudi tako zaj... Včasih je šel denar na jug za razvoj sedaj pa za korupcijo</comment-text-transliterated></comment><comment comment-id="24-1"><comment-parent-id>24</comment-parent-id><comment-text>Tudi takrat je bila korupcija, le da se o tem nič</comment-text><comment-text-transliterated>Tudi takrat je bila korupcija, le da se o tem nič</comment-text-transliterated></comment><comment comment-id="24-2"><comment-parent-id>24</comment-parent-id><comment-text>ni pisalo :)</comment-text><comment-text-transliterated>ni pisalo :)</comment-text-transliterated></comment><comment comment-id="25"><comment-parent-id /><comment-text>Demokracija. Dokler nam paše je vredu pol pa ne več</comment-text><comment-text-transliterated>Demokracija. Dokler nam paše je vredu pol pa ne več</comment-text-transliterated></comment><comment comment-id="26"><comment-parent-id /><comment-text>kosovo može, katalonija ne može, sramota za evropo.</comment-text><comment-text-transliterated>kosovo može, katalonija ne može, sramota za evropo.</comment-text-transliterated></comment><comment comment-id="27"><comment-parent-id /><comment-text>-3xcepljen- še večkrat se moraš, ali si mlad naiven nevednež, pod JJ smo bili ponosen narod z zdravimi načeli, pod posljenimi rdečimi kmeri pa tonem in tonemo v vseh družbenih porah...</comment-text><comment-text-transliterated>-3xcepljen- še večkrat se moraš, ali si mlad naiven nevednež, pod JJ smo bili ponosen narod z zdravimi načeli, pod posljenimi rdečimi kmeri pa tonem in tonemo v vseh družbenih porah...</comment-text-transliterated></comment><comment comment-id="27-1"><comment-parent-id>27</comment-parent-id><comment-text>Ta tvoj JJ je uničo celo Slovenijo, no imel je obilo pomoči. če ti še ni potegnilo ti ni pomoči.</comment-text><comment-text-transliterated>Ta tvoj JJ je uničo celo Slovenijo, no imel je obilo pomoči. če ti še ni potegnilo ti ni pomoči.</comment-text-transliterated></comment><comment comment-id="27-2"><comment-parent-id>27</comment-parent-id><comment-text>Zaradi tvojih tujcev EVROPEJCI OBISKUJEJO BOLNIŠNICE MRTVAŠNICE V BOLNIŠNICAH IN pokopališča..</comment-text><comment-text-transliterated>Zaradi tvojih tujcev EVROPEJCI OBISKUJEJO BOLNIŠNICE MRTVAŠNICE V BOLNIŠNICAH IN pokopališča..</comment-text-transliterated></comment><comment comment-id="27-3"><comment-parent-id>27</comment-parent-id><comment-text>@kao
na čem si?
zgleda da orng udari</comment-text><comment-text-transliterated>@kao
na čem si?
zgleda da orng udari</comment-text-transliterated></comment><comment comment-id="27-4"><comment-parent-id>27</comment-parent-id><comment-text>@kaoslovenac, žal tudi veliko Slovencev tako razmišlja. V apatičnosti vidijo samo še dve volilni opciji in zato se že 25 let pri koritu mastijo eni in isti obrazi.</comment-text><comment-text-transliterated>@kaoslovenac, žal tudi veliko Slovencev tako razmišlja. V apatičnosti vidijo samo še dve volilni opciji in zato se že 25 let pri koritu mastijo eni in isti obrazi.</comment-text-transliterated></comment><comment comment-id="28"><comment-parent-id /><comment-text>EVROPA gnije..RAZPADA TO je še samo TRUPLO..tu ni več ničesar EVROPSKEGA tu je samo še teror..</comment-text><comment-text-transliterated>EVROPA gnije..RAZPADA TO je še samo TRUPLO..tu ni več ničesar EVROPSKEGA tu je samo še teror..</comment-text-transliterated></comment><comment comment-id="28-1"><comment-parent-id>28</comment-parent-id><comment-text>gniješ samo ti, ostalo pa se razvija in množi po svoji poti.....</comment-text><comment-text-transliterated>gniješ samo ti, ostalo pa se razvija in množi po svoji poti.....</comment-text-transliterated></comment><comment comment-id="29"><comment-parent-id /><comment-text>Nekje sredi EU leta 2017. Kdo bi si mislil</comment-text><comment-text-transliterated>Nekje sredi EU leta 2017. Kdo bi si mislil</comment-text-transliterated></comment><comment comment-id="30"><comment-parent-id /><comment-text>kr naj se, pa jizključit športne institucije iz vseh tekmovanj, izključit iz EU, pa še iz kje in bo jo živeli od ljimunad...</comment-text><comment-text-transliterated>kr naj se, pa jizključit športne institucije iz vseh tekmovanj, izključit iz EU, pa še iz kje in bo jo živeli od ljimunad...</comment-text-transliterated></comment><comment comment-id="30-1"><comment-parent-id>30</comment-parent-id><comment-text>Ti pa si za srednji vek</comment-text><comment-text-transliterated>Ti pa si za srednji vek</comment-text-transliterated></comment><comment comment-id="30-2"><comment-parent-id>30</comment-parent-id><comment-text>++++++++++++. Sploh ne ve kje je Katalonija in na čem sloni njeno gospodarstvo. Kataloncem bo boljše kot samostojna država, 100 %.</comment-text><comment-text-transliterated>++++++++++++. Sploh ne ve kje je Katalonija in na čem sloni njeno gospodarstvo. Kataloncem bo boljše kot samostojna država, 100 %.</comment-text-transliterated></comment><comment comment-id="30-3"><comment-parent-id>30</comment-parent-id><comment-text>Katalonija je molzna krava Španije, če še ne veš. Ko Katalonija zapre pipco se bodo Španci malo tresli ;P</comment-text><comment-text-transliterated>Katalonija je molzna krava Španije, če še ne veš. Ko Katalonija zapre pipco se bodo Španci malo tresli ;P</comment-text-transliterated></comment><comment comment-id="31"><comment-parent-id /><comment-text>Upam samo, da ni to igra posameznikov, tako kot v Sloveniji, ko je peščica pohlepnežev prepričala in izkoristila slovenski narod, da smo se od cepili z orožjem za njihove interese. In takoj po osamosvojitvi so nam ti isti obrazi ukradli državo, za katero smo se borili.</comment-text><comment-text-transliterated>Upam samo, da ni to igra posameznikov, tako kot v Sloveniji, ko je peščica pohlepnežev prepričala in izkoristila slovenski narod, da smo se od cepili z orožjem za njihove interese. In takoj po osamosvojitvi so nam ti isti obrazi ukradli državo, za katero smo se borili.</comment-text-transliterated></comment><comment comment-id="31-1"><comment-parent-id>31</comment-parent-id><comment-text>Slovenci smo imeli samo dve možnosti ...ali ostati v Miloševićevi Jugoslaviji ali izbrati svojo pot ...</comment-text><comment-text-transliterated>Slovenci smo imeli samo dve možnosti ...ali ostati v Miloševićevi Jugoslaviji ali izbrati svojo pot ...</comment-text-transliterated></comment><comment comment-id="31-2"><comment-parent-id>31</comment-parent-id><comment-text>.?eni so imeli eno možnost</comment-text><comment-text-transliterated>.?eni so imeli eno možnost</comment-text-transliterated></comment><comment comment-id="32"><comment-parent-id /><comment-text>zanimivo, ce bi srbija poskusala kej takega izvest na kosovu, bi bile parkirane tri ameriske letalonosilke v jadranu, ki bi branile demokracijo na balkanu...</comment-text><comment-text-transliterated>zanimivo, ce bi srbija poskusala kej takega izvest na kosovu, bi bile parkirane tri ameriske letalonosilke v jadranu, ki bi branile demokracijo na balkanu...</comment-text-transliterated></comment><comment comment-id="33"><comment-parent-id /><comment-text>Hrvati pa sam čakajo da pokne, kjerkoli, sam da pokne, ko bo EU začela razpadati, ode vladavina prava in naša polovica zaliva in še kaj več.</comment-text><comment-text-transliterated>Hrvati pa sam čakajo da pokne, kjerkoli, sam da pokne, ko bo EU začela razpadati, ode vladavina prava in naša polovica zaliva in še kaj več.</comment-text-transliterated></comment><comment comment-id="33-1"><comment-parent-id>33</comment-parent-id><comment-text>To pa ni res pa menda boste vi ta mladi sli branit nase meje:-D</comment-text><comment-text-transliterated>To pa ni res pa menda boste vi ta mladi sli branit nase meje:-D</comment-text-transliterated></comment><comment comment-id="34"><comment-parent-id /><comment-text>Ne razumem španije in EU!! A ni najbolj pomembna volja ljudstva? Prepovejo referendum? V EU? V kakšni skupnosti pa mi to živimo? Se bo kaj oglasil Pahor in rekel, da je Španija tu prestopila mejo? Ker če ne bo, potem ne dobi mojega glasu!!!!!</comment-text><comment-text-transliterated>Ne razumem španije in EU!! A ni najbolj pomembna volja ljudstva? Prepovejo referendum? V EU? V kakšni skupnosti pa mi to živimo? Se bo kaj oglasil Pahor in rekel, da je Španija tu prestopila mejo? Ker če ne bo, potem ne dobi mojega glasu!!!!!</comment-text-transliterated></comment><comment comment-id="34-1"><comment-parent-id>34</comment-parent-id><comment-text>Referendum za Primorsko, Stajersko itd, tako to ne gre.</comment-text><comment-text-transliterated>Referendum za Primorsko, Stajersko itd, tako to ne gre.</comment-text-transliterated></comment><comment comment-id="34-2"><comment-parent-id>34</comment-parent-id><comment-text>zakaj ne gre? kdo sem jaz da bi primorcem govoril, da nej bodo v svoji državi?</comment-text><comment-text-transliterated>zakaj ne gre? kdo sem jaz da bi primorcem govoril, da nej bodo v svoji državi?</comment-text-transliterated></comment><comment comment-id="34-3"><comment-parent-id>34</comment-parent-id><comment-text>A dej ga srat no. A pol se lohk tud moj predel mesta odcepi al pa celo samo moja hiša? In lahko nekdo v hiši ob meji s hrvaško z referendumom v hiši izglasuje prikljicitev hrvaski? Svašta.</comment-text><comment-text-transliterated>A dej ga srat no. A pol se lohk tud moj predel mesta odcepi al pa celo samo moja hiša? In lahko nekdo v hiši ob meji s hrvaško z referendumom v hiši izglasuje prikljicitev hrvaski? Svašta.</comment-text-transliterated></comment><comment comment-id="34-4"><comment-parent-id>34</comment-parent-id><comment-text>Za Štajersko, potem še avstrijski štajerci naredijo isto, in skupaj napravimo državo Šajersko, pardon Štajersko.</comment-text><comment-text-transliterated>Za Štajersko, potem še avstrijski štajerci naredijo isto, in skupaj napravimo državo Šajersko, pardon Štajersko.</comment-text-transliterated></comment><comment comment-id="34-5"><comment-parent-id>34</comment-parent-id><comment-text>Zakaj pa ne? Če dobiš večino se odcepi kamor češ. Grem pa stavit da večina prebivalcev sedaj ne bi šla v neodvisnost ki bi jo peljala izven EU. Tako da velik sreče z referendumom v hiši.</comment-text><comment-text-transliterated>Zakaj pa ne? Če dobiš večino se odcepi kamor češ. Grem pa stavit da večina prebivalcev sedaj ne bi šla v neodvisnost ki bi jo peljala izven EU. Tako da velik sreče z referendumom v hiši.</comment-text-transliterated></comment><comment comment-id="35"><comment-parent-id /><comment-text>Se bo spet v Španiji začelo?</comment-text><comment-text-transliterated>Se bo spet v Španiji začelo?</comment-text-transliterated></comment><comment comment-id="36"><comment-parent-id /><comment-text>Tudi pri nas vlada na vsak način poskuša preprečiti voljo naroda in ko se spomnimo besed Mira Cerarja, kako se referendum o zakonu o drugem tiru mora preprečiti, smo v resnici na enakem. Poskus preprečitve glasu naroda je nevarna zadeva.</comment-text><comment-text-transliterated>Tudi pri nas vlada na vsak način poskuša preprečiti voljo naroda in ko se spomnimo besed Mira Cerarja, kako se referendum o zakonu o drugem tiru mora preprečiti, smo v resnici na enakem. Poskus preprečitve glasu naroda je nevarna zadeva.</comment-text-transliterated></comment><comment comment-id="36-1"><comment-parent-id>36</comment-parent-id><comment-text>Tako je, samo sedaj je pa drugače, narod dere na volišča. čaka se po par ur za oddajo glasu!</comment-text><comment-text-transliterated>Tako je, samo sedaj je pa drugače, narod dere na volišča. čaka se po par ur za oddajo glasu!</comment-text-transliterated></comment><comment comment-id="36-2"><comment-parent-id>36</comment-parent-id><comment-text>Glede nato, da vneto zagovarjaš levo vlado, je jasno da si samo eden od tistih, ki živijo od nakradenega.</comment-text><comment-text-transliterated>Glede nato, da vneto zagovarjaš levo vlado, je jasno da si samo eden od tistih, ki živijo od nakradenega.</comment-text-transliterated></comment><comment comment-id="37"><comment-parent-id /><comment-text>Tudi v Sloveniji je tako NAROD praktično ne odloča v nobeni stvari več..vse je načrtno tako da propade..EVRO PARLAMENT je danes z Merklco in Junkerjem na čelu sedež totalnega FAŠIZMA ki je kriv da EVROPA RAZPADA IN GRE PROTI TOTALNI VOJNI VSEH PROTI VSEM..</comment-text><comment-text-transliterated>Tudi v Sloveniji je tako NAROD praktično ne odloča v nobeni stvari več..vse je načrtno tako da propade..EVRO PARLAMENT je danes z Merklco in Junkerjem na čelu sedež totalnega FAŠIZMA ki je kriv da EVROPA RAZPADA IN GRE PROTI TOTALNI VOJNI VSEH PROTI VSEM..</comment-text-transliterated></comment><comment comment-id="37-1"><comment-parent-id>37</comment-parent-id><comment-text>To še bo KRVAVO..TUDI PRI NAS..</comment-text><comment-text-transliterated>To še bo KRVAVO..TUDI PRI NAS..</comment-text-transliterated></comment><comment comment-id="37-2"><comment-parent-id>37</comment-parent-id><comment-text>Misliš da bo spet partizanstvo razcvetelo? Komaj čakam.</comment-text><comment-text-transliterated>Misliš da bo spet partizanstvo razcvetelo? Komaj čakam.</comment-text-transliterated></comment><comment comment-id="37-3"><comment-parent-id>37</comment-parent-id><comment-text>In bo tudi hitro izginilo. Tokrat ljudje ne bodo nasedli ideji, Jaz bi imel tvoje in nič ne bi delal.</comment-text><comment-text-transliterated>In bo tudi hitro izginilo. Tokrat ljudje ne bodo nasedli ideji, Jaz bi imel tvoje in nič ne bi delal.</comment-text-transliterated></comment><comment comment-id="37-4"><comment-parent-id>37</comment-parent-id><comment-text>fake. Saj to že sedaj počneš! Pišeš traparije in špilaš na orglice</comment-text><comment-text-transliterated>fake. Saj to že sedaj počneš! Pišeš traparije in špilaš na orglice</comment-text-transliterated></comment><comment comment-id="37-5"><comment-parent-id>37</comment-parent-id><comment-text>Zame je tvoje mnenje o meni pomembno toliko kot ti. Nič.</comment-text><comment-text-transliterated>Zame je tvoje mnenje o meni pomembno toliko kot ti. Nič.</comment-text-transliterated></comment><comment comment-id="37-6"><comment-parent-id>37</comment-parent-id><comment-text>Saj si res nič od niča.</comment-text><comment-text-transliterated>Saj si res nič od niča.</comment-text-transliterated></comment><comment comment-id="37-7"><comment-parent-id>37</comment-parent-id><comment-text>kori +++++</comment-text><comment-text-transliterated>kori +++++</comment-text-transliterated></comment><comment comment-id="38"><comment-parent-id /><comment-text>pokou bo ej..velike kolonialne sile se sesedajo vase..bizzare</comment-text><comment-text-transliterated>pokou bo ej..velike kolonialne sile se sesedajo vase..bizzare</comment-text-transliterated></comment><comment comment-id="39"><comment-parent-id /><comment-text>Španija se čedalje bolj približuje časom za katere so upali, da jih ne bo več. Če mislijo, da bodo s tem težnje Kataloncev ustavili, so se hudičevo zmotili. Najhuje je, ko ljudem preprečiš, da stvari urejajo na civiliziran demokratičen način in jih prisiliš, da se zatečejo k bolj radikalnim oblikam! Je sila tista prava smer, kje je sedaj EU, žalostno je, da nam EU razpada pred očmi. Ko smo vstopali v EU so nam delili levite, kako je treba spoštovati vladavino prava, kako pomembno je, da se evropski pravni red spoštuje, da se spoštujejo človekove pravice in temeljne svoboščine, danes pa? Hrvaška se požvižga na zahteve EU naj spoštuje mednarodno pravo, Španija s silo ureja ureja &amp;quot;demokracijo&amp;quot;, Turčija je že zdavnaj postala čista diktatura pa je še vedno v nekem postopku pridruževanja in celo polnopravna članica NATO? Je komu jasno kam gre za svet? Tudi v Slovenijo so poslali zvezno policijo?? Kako se je zadeva razpletla se ve!</comment-text><comment-text-transliterated>Španija se čedalje bolj približuje časom za katere so upali, da jih ne bo več. Če mislijo, da bodo s tem težnje Kataloncev ustavili, so se hudičevo zmotili. Najhuje je, ko ljudem preprečiš, da stvari urejajo na civiliziran demokratičen način in jih prisiliš, da se zatečejo k bolj radikalnim oblikam! Je sila tista prava smer, kje je sedaj EU, žalostno je, da nam EU razpada pred očmi. Ko smo vstopali v EU so nam delili levite, kako je treba spoštovati vladavino prava, kako pomembno je, da se evropski pravni red spoštuje, da se spoštujejo človekove pravice in temeljne svoboščine, danes pa? Hrvaška se požvižga na zahteve EU naj spoštuje mednarodno pravo, Španija s silo ureja ureja &amp;quot;demokracijo&amp;quot;, Turčija je že zdavnaj postala čista diktatura pa je še vedno v nekem postopku pridruževanja in celo polnopravna članica NATO? Je komu jasno kam gre za svet? Tudi v Slovenijo so poslali zvezno policijo?? Kako se je zadeva razpletla se ve!</comment-text-transliterated></comment><comment comment-id="39-1"><comment-parent-id>39</comment-parent-id><comment-text>V Sloveniji pa LEVI FAŠIZEM RUŠI vse pred seboj..</comment-text><comment-text-transliterated>V Sloveniji pa LEVI FAŠIZEM RUŠI vse pred seboj..</comment-text-transliterated></comment><comment comment-id="39-2"><comment-parent-id>39</comment-parent-id><comment-text>Ni treba gledat ŠPANIJO v Sloveniji TOTALNI LEVI FAŠIZEM na vsakem koraku..</comment-text><comment-text-transliterated>Ni treba gledat ŠPANIJO v Sloveniji TOTALNI LEVI FAŠIZEM na vsakem koraku..</comment-text-transliterated></comment><comment comment-id="40"><comment-parent-id /><comment-text>Malo huda zadeva je to. Kaj če bi to želela štajerska? Ali malo morje dežel ki se ne strinjajo z državo oziroma se počutijo izkoriščene.</comment-text><comment-text-transliterated>Malo huda zadeva je to. Kaj če bi to želela štajerska? Ali malo morje dežel ki se ne strinjajo z državo oziroma se počutijo izkoriščene.</comment-text-transliterated></comment><comment comment-id="40-1"><comment-parent-id>40</comment-parent-id><comment-text>Štajerci so Slovenci, Katalonci pa niso Španci.</comment-text><comment-text-transliterated>Štajerci so Slovenci, Katalonci pa niso Španci.</comment-text-transliterated></comment><comment comment-id="40-2"><comment-parent-id>40</comment-parent-id><comment-text>Španije ni več. Gre za Katalonijo.</comment-text><comment-text-transliterated>Španije ni več. Gre za Katalonijo.</comment-text-transliterated></comment></comments-list></comments></document>