<?xml version="1.0" encoding="utf-8"?>
<document global-id="si-06-1239">
	<url>https://www.24ur.com/popin/tuja-scena/mel-b-popravili-so-mi-prsi-in-se-tu-in-tam-kaj.html</url>
	<source-id>si-06</source-id>
	<local-id>1239</local-id>
	<source-name>ur24</source-name>
	<article>
		<article-title>Mel B: Popravili so mi prsi in še tu in tam kaj ...</article-title>
		<article-title-transliterated>Mel B: Popravili so mi prsi in še tu in tam kaj ...</article-title-transliterated>
		<article-time>2019-05-28</article-time>
		<article-author>B.T.</article-author>
		<article-text>43-letna Melanie Brown, poznana kot Scary Spice iz Spice Girls, ki so se nedavno, ne preveč uspešno, vrnile na glasbene odre, je priznala, da se je že zatekla k lepotnim popravkov. To je zdaj povedala Pierceu Morganu v njegovi oddaji Life Stories. Kar vidimo na Mel B, je očitno vse prej kot delo matere narave ...FOTO: AP Pevka Mel B, ki se je pred dnevi s Spice Girls vrnila na otoške odre, je v televizijskem intervjuju priznala, da si je dala povečati prsi in da je imela še vrsto drugih lepotnih popravkov. Dan, potem ko so &quot;spajsice&quot; nastopile v Dublinu na Irskem, kjer je njihov nastop številnim oboževalcem pokvaril slab zvok, so predvajali njen intervju z novinarjem Pierceom Morganom. Ta jo je vprašal, če si je &quot;popravila joške&quot;, pa mu je odvrnila, da &quot;bi to lahko vprašal malce lepše&quot;. &quot;Reče se povečava prsi,&quot; ga je podučila Mel. &quot;Se opravičujem, ste imeli povečavo prsi?&quot; je spremenil vprašanje. Nakar mu je odgovorila, da &quot;je to točno in da je imela nekaj popravkov tu in tam&quot;. Mel pa je svoji kolegici, Victorio Beckham in Geri Horner, označila za &quot;pra**ci&quot;. Za Posh je dejala, da je &quot;malce pra**ca, a jo ima rada in da je škoda, da je ni na tej turneji z njimi&quot;. Dejala je še, da ni nikoli povsem oprostila Geri, ki je skupino zapustila leta 1998. &quot;Bila sem tako žalostna in zelo, zelo, zelo jezna, ker smo to začele skupaj, nas pet, to pa nam ne bi uspelo, če nas ne bi bilo pet. Odšla je v Oslu na moj rojstni dan oz. dan pred njim, kar sem si res zapomnila. Kakšna pra**ca!&quot; je brez dlake na jeziku povedala Mel. No, zdaj vemo tudi, da ji je Geri nedavno zamerila, ker naj bi Mel dejala, da sta bili v nekem obdobju tudi ljubimki, tako da se njun odnos očitno ni nič izboljšal, prej obratno ...</article-text>
		<article-text-transliterated>43-letna Melanie Brown, poznana kot Scary Spice iz Spice Girls, ki so se nedavno, ne preveč uspešno, vrnile na glasbene odre, je priznala, da se je že zatekla k lepotnim popravkov. To je zdaj povedala Pierceu Morganu v njegovi oddaji Life Stories. Kar vidimo na Mel B, je očitno vse prej kot delo matere narave ...FOTO: AP Pevka Mel B, ki se je pred dnevi s Spice Girls vrnila na otoške odre, je v televizijskem intervjuju priznala, da si je dala povečati prsi in da je imela še vrsto drugih lepotnih popravkov. Dan, potem ko so &quot;spajsice&quot; nastopile v Dublinu na Irskem, kjer je njihov nastop številnim oboževalcem pokvaril slab zvok, so predvajali njen intervju z novinarjem Pierceom Morganom. Ta jo je vprašal, če si je &quot;popravila joške&quot;, pa mu je odvrnila, da &quot;bi to lahko vprašal malce lepše&quot;. &quot;Reče se povečava prsi,&quot; ga je podučila Mel. &quot;Se opravičujem, ste imeli povečavo prsi?&quot; je spremenil vprašanje. Nakar mu je odgovorila, da &quot;je to točno in da je imela nekaj popravkov tu in tam&quot;. Mel pa je svoji kolegici, Victorio Beckham in Geri Horner, označila za &quot;pra**ci&quot;. Za Posh je dejala, da je &quot;malce pra**ca, a jo ima rada in da je škoda, da je ni na tej turneji z njimi&quot;. Dejala je še, da ni nikoli povsem oprostila Geri, ki je skupino zapustila leta 1998. &quot;Bila sem tako žalostna in zelo, zelo, zelo jezna, ker smo to začele skupaj, nas pet, to pa nam ne bi uspelo, če nas ne bi bilo pet. Odšla je v Oslu na moj rojstni dan oz. dan pred njim, kar sem si res zapomnila. Kakšna pra**ca!&quot; je brez dlake na jeziku povedala Mel. No, zdaj vemo tudi, da ji je Geri nedavno zamerila, ker naj bi Mel dejala, da sta bili v nekem obdobju tudi ljubimki, tako da se njun odnos očitno ni nič izboljšal, prej obratno ...</article-text-transliterated>
	</article>
	<comments>
		<comments-count>5</comments-count>
		<comments-list>
			<comment comment-id="1">
				<comment-parent-id/>
				<comment-text>ma vse te spajsice so nikakve in umetne. je na sceni dost precej boljsih babnic v vseh pogledih kot pa te koklje.</comment-text>
				<comment-text-transliterated>ma vse te spajsice so nikakve in umetne. je na sceni dost precej boljsih babnic v vseh pogledih kot pa te koklje.</comment-text-transliterated>
			</comment>
			<comment comment-id="2">
				<comment-parent-id/>
				<comment-text>Dobra mucika takoj bi jo imel za ženo ....</comment-text>
				<comment-text-transliterated>Dobra mucika takoj bi jo imel za ženo ....</comment-text-transliterated>
			</comment>
			<comment comment-id="3">
				<comment-parent-id/>
				<comment-text>Mozgane so pozabl</comment-text>
				<comment-text-transliterated>Mozgane so pozabl</comment-text-transliterated>
			</comment>
			<comment comment-id="4">
				<comment-parent-id/>
				<comment-text>Kdaj pa bo šla na presaditev možganov?</comment-text>
				<comment-text-transliterated>Kdaj pa bo šla na presaditev možganov?</comment-text-transliterated>
			</comment>
			<comment comment-id="5">
				<comment-parent-id/>
				<comment-text>Babe pač...</comment-text>
				<comment-text-transliterated>Babe pač...</comment-text-transliterated>
			</comment>
		</comments-list>
	</comments>
</document>
