<?xml version="1.0" encoding="utf-8"?>
<document global-id="si-06-1304">
	<url>https://www.24ur.com/sport/nogomet/mourinhu-je-prekipelo-pogba-in-lukaku-na-izhodnih-vratih-old-trafforda-prihaja-mauro-icardi.html</url>
	<source-id>si-06</source-id>
	<local-id>1304</local-id>
	<source-name>ur24</source-name>
	<article>
		<article-title>Mourinhu je prekipelo: Pogba in Lukaku na izhodnih vratih Old Trafforda, prihaja Mauro Icardi</article-title>
		<article-title-transliterated>Mourinhu je prekipelo: Pogba in Lukaku na izhodnih vratih Old Trafforda, prihaja Mauro Icardi</article-title-transliterated>
		<article-time>2018-04-17</article-time>
		<article-author>A.V.</article-author>
		<article-text>Vodstvo Manchester Uniteda ne prekipeva ravno od zadovoljstva po še eni zapravljeni sezoni, v kateri Joseju Mourinhu ni uspelo uresničiti ene od svojih največjih želja - osvojiti naslov angleškega državnega prvaka. Ni skrivnost, da sta nezadovoljstvo in napetost v slačilnici rdečih vragov pogosta pojava, zaradi česar bo ob koncu sezone prišlo do (ne)pričakovanih odhodov. Mestni rival Manchester Uniteda je premočno slavil v domačem prvenstvu, kar je privedlo do velikega negodovanja zvezdnikov v zasedbi Joseja Mourinha, ki po navedbah številnih otoških medijev naj ne bi držal vseh vajeti v svojih rokah.  Francoski reprezentant Paul Pogba je po mnenju stratega rdečih vragov Joseja Mourinha pokazal premalo.FOTO: AP Zato so se pojavile vse glasnejše govorice o odhodu najdražje okrepitve v zadnjih letih, sicer odličnega francoskega reprezentanta Paula Pogbaja, ki je vodstvo kluba z Old Trafforda stal vrtoglavih 105 milijonov evrov. Slednji nikakor ne more najti skupnega jezika s 54-letnim strategom iz Setubala, posledično pa bo v slovo moral pomahati prav Pogba, ob katerem so na izhodnih vratih še Anthony Martial, Matteo Darmian in Daley Blind.   Lukaku nedorečen, Icardi 'vroča' želja V želji, da bi se 'rdeči vragi' v naslednji sezoni približali 'meščanom' Josepa &quot;Pepa&quot; Guardiole, so vodilni možje Portugalcu obljubili novi sveženj sredstev v višini 110 milijonov evrov, s katerimi namerava v svoje vrste privabiti odličnega napadalca milanskega Interja Maura Icardija. Ta bi lahko zamenjal nedorečenega Romeluja Lukakuja, ki je blestel na začetku sezone, a v nadaljevanju 'poniknil' in ni izpolnil pričakovanj.  Odlični Argentinec Mauro Icardi, ki si kruh trenutno služi pri milanskem Interju, je velika želja portugalskega trenerja na klopi Manchester Uniteda.FOTO: AP Čeprav se za Argentinca zanimata tudi madridski Real in Paris Saint Germain, delnice Manchester Uniteda med potencialnimi snubci v tem trenutku kotirajo najvišje.</article-text>
		<article-text-transliterated>Vodstvo Manchester Uniteda ne prekipeva ravno od zadovoljstva po še eni zapravljeni sezoni, v kateri Joseju Mourinhu ni uspelo uresničiti ene od svojih največjih želja - osvojiti naslov angleškega državnega prvaka. Ni skrivnost, da sta nezadovoljstvo in napetost v slačilnici rdečih vragov pogosta pojava, zaradi česar bo ob koncu sezone prišlo do (ne)pričakovanih odhodov. Mestni rival Manchester Uniteda je premočno slavil v domačem prvenstvu, kar je privedlo do velikega negodovanja zvezdnikov v zasedbi Joseja Mourinha, ki po navedbah številnih otoških medijev naj ne bi držal vseh vajeti v svojih rokah.  Francoski reprezentant Paul Pogba je po mnenju stratega rdečih vragov Joseja Mourinha pokazal premalo.FOTO: AP Zato so se pojavile vse glasnejše govorice o odhodu najdražje okrepitve v zadnjih letih, sicer odličnega francoskega reprezentanta Paula Pogbaja, ki je vodstvo kluba z Old Trafforda stal vrtoglavih 105 milijonov evrov. Slednji nikakor ne more najti skupnega jezika s 54-letnim strategom iz Setubala, posledično pa bo v slovo moral pomahati prav Pogba, ob katerem so na izhodnih vratih še Anthony Martial, Matteo Darmian in Daley Blind.   Lukaku nedorečen, Icardi 'vroča' želja V želji, da bi se 'rdeči vragi' v naslednji sezoni približali 'meščanom' Josepa &quot;Pepa&quot; Guardiole, so vodilni možje Portugalcu obljubili novi sveženj sredstev v višini 110 milijonov evrov, s katerimi namerava v svoje vrste privabiti odličnega napadalca milanskega Interja Maura Icardija. Ta bi lahko zamenjal nedorečenega Romeluja Lukakuja, ki je blestel na začetku sezone, a v nadaljevanju 'poniknil' in ni izpolnil pričakovanj.  Odlični Argentinec Mauro Icardi, ki si kruh trenutno služi pri milanskem Interju, je velika želja portugalskega trenerja na klopi Manchester Uniteda.FOTO: AP Čeprav se za Argentinca zanimata tudi madridski Real in Paris Saint Germain, delnice Manchester Uniteda med potencialnimi snubci v tem trenutku kotirajo najvišje.</article-text-transliterated>
	</article>
	<comments>
		<comments-count>17</comments-count>
		<comments-list>
			<comment comment-id="1">
				<comment-parent-id/>
				<comment-text>Ta sam nekaj kupuje in prodaja.</comment-text>
				<comment-text-transliterated>Ta sam nekaj kupuje in prodaja.</comment-text-transliterated>
			</comment>
			<comment comment-id="2">
				<comment-parent-id/>
				<comment-text>trenerja nagnat in kupit enega vezista in napadalca.obramba je dobra.prodat je treba avtobus pa so na konju saj imajo mlade dobre igralce.</comment-text>
				<comment-text-transliterated>trenerja nagnat in kupit enega vezista in napadalca.obramba je dobra.prodat je treba avtobus pa so na konju saj imajo mlade dobre igralce.</comment-text-transliterated>
			</comment>
			<comment comment-id="3">
				<comment-parent-id/>
				<comment-text>Tole pa bi bilo smešno celo za Mourinha. Zakaj bi menjal Lukakuja, če je skoraj edini, ki da 110% na vsaki tekmi? Verjetno spet medijske čenče.</comment-text>
				<comment-text-transliterated>Tole pa bi bilo smešno celo za Mourinha. Zakaj bi menjal Lukakuja, če je skoraj edini, ki da 110% na vsaki tekmi? Verjetno spet medijske čenče.</comment-text-transliterated>
			</comment>
			<comment comment-id="4">
				<comment-parent-id/>
				<comment-text>Nobenih nakupov mamo ti vidim...taksna taktika in igra ko proti cityu drugo polcas. Pa tudi ce ne bo vedno zmaga, se bo pravim navijacem zlo priljubil..</comment-text>
				<comment-text-transliterated>Nobenih nakupov mamo ti vidim...taksna taktika in igra ko proti cityu drugo polcas. Pa tudi ce ne bo vedno zmaga, se bo pravim navijacem zlo priljubil..</comment-text-transliterated>
			</comment>
			<comment comment-id="5">
				<comment-parent-id/>
				<comment-text>mislim , da je murinho prvi, ki bi moral oditi</comment-text>
				<comment-text-transliterated>mislim , da je murinho prvi, ki bi moral oditi</comment-text-transliterated>
			</comment>
			<comment comment-id="6">
				<comment-parent-id/>
				<comment-text>Ne kupit Ikardija: ne gre mu dobro na vsaki tekmi..............Sicer pa Manchester sploh ne deluje dobro, ni učinkovitega napada, premalo idej, obramba pa tudi - luknjasta</comment-text>
				<comment-text-transliterated>Ne kupit Ikardija: ne gre mu dobro na vsaki tekmi..............Sicer pa Manchester sploh ne deluje dobro, ni učinkovitega napada, premalo idej, obramba pa tudi - luknjasta</comment-text-transliterated>
			</comment>
			<comment comment-id="7">
				<comment-parent-id/>
				<comment-text>Koga briga kaj pravi Mourinho? Štele bodo odločitve trenerja ki bo od naslednje sezone naprej vodil Man United.</comment-text>
				<comment-text-transliterated>Koga briga kaj pravi Mourinho? Štele bodo odločitve trenerja ki bo od naslednje sezone naprej vodil Man United.</comment-text-transliterated>
			</comment>
			<comment comment-id="8">
				<comment-parent-id/>
				<comment-text>ce ManU ne bi igral tako zaprtega in neumnega nogometa bi Lukaku prisel veliko bolj do izraza... kako naj zabija gole ce igrajo parkiranje busa...</comment-text>
				<comment-text-transliterated>ce ManU ne bi igral tako zaprtega in neumnega nogometa bi Lukaku prisel veliko bolj do izraza... kako naj zabija gole ce igrajo parkiranje busa...</comment-text-transliterated>
			</comment>
			<comment comment-id="9">
				<comment-parent-id/>
				<comment-text>lukaku sploh ni slab.. obratno izvrsten je... ampak doloceni nogometasi v dolocenih klubih eksplodirajo tipo Salah v Liverpoolu..dolocene pa pokvarijo... ala Lukaku v Unitedu.. lani je Lukaku bil ali predlani sej nevem med najboljsimi strelci lige ..</comment-text>
				<comment-text-transliterated>lukaku sploh ni slab.. obratno izvrsten je... ampak doloceni nogometasi v dolocenih klubih eksplodirajo tipo Salah v Liverpoolu..dolocene pa pokvarijo... ala Lukaku v Unitedu.. lani je Lukaku bil ali predlani sej nevem med najboljsimi strelci lige ..</comment-text-transliterated>
			</comment>
			<comment comment-id="10">
				<comment-parent-id/>
				<comment-text>transfer Pogbaja je najvecji financni nateg v zgodovini nogometa..</comment-text>
				<comment-text-transliterated>transfer Pogbaja je najvecji financni nateg v zgodovini nogometa..</comment-text-transliterated>
			</comment>
			<comment comment-id="10-1">
				<comment-parent-id>10</comment-parent-id>
				<comment-text>isto tako Coutinho.. 160mil.. za povprecne predstave... adio pamet</comment-text>
				<comment-text-transliterated>isto tako Coutinho.. 160mil.. za povprecne predstave... adio pamet</comment-text-transliterated>
			</comment>
			<comment comment-id="11">
				<comment-parent-id/>
				<comment-text>Pogba en dobr gol za reprezentanco francije je dal in to je vse</comment-text>
				<comment-text-transliterated>Pogba en dobr gol za reprezentanco francije je dal in to je vse</comment-text-transliterated>
			</comment>
			<comment comment-id="12">
				<comment-parent-id/>
				<comment-text>Pogba ni vreden pol p.. .. mlačne vode, že davno bi ga trebalo nagnat, lukakuja pa isto, le kje so našli ta dva povrečneža...</comment-text>
				<comment-text-transliterated>Pogba ni vreden pol p.. .. mlačne vode, že davno bi ga trebalo nagnat, lukakuja pa isto, le kje so našli ta dva povrečneža...</comment-text-transliterated>
			</comment>
			<comment comment-id="13">
				<comment-parent-id/>
				<comment-text>Šarlatan pojma nima o nogometu. ne vem, ali so tile gospodje pri Manchestru dementni ali pa nesposobni?</comment-text>
				<comment-text-transliterated>Šarlatan pojma nima o nogometu. ne vem, ali so tile gospodje pri Manchestru dementni ali pa nesposobni?</comment-text-transliterated>
			</comment>
			<comment comment-id="14">
				<comment-parent-id/>
				<comment-text>Za MANU bi bilo bolje da se resi Mourinha kot pa tako dobrih igralcev , ki jih ravno Mourinho unicuje. Skoda za tako dober klub , da si ugled zapravlja z trenerjem ki je presegel svoj zenit.</comment-text>
				<comment-text-transliterated>Za MANU bi bilo bolje da se resi Mourinha kot pa tako dobrih igralcev , ki jih ravno Mourinho unicuje. Skoda za tako dober klub , da si ugled zapravlja z trenerjem ki je presegel svoj zenit.</comment-text-transliterated>
			</comment>
			<comment comment-id="14-1">
				<comment-parent-id>14</comment-parent-id>
				<comment-text>Pusti nogomet pa raje ostani pri likalniku...</comment-text>
				<comment-text-transliterated>Pusti nogomet pa raje ostani pri likalniku...</comment-text-transliterated>
			</comment>
			<comment comment-id="14-2">
				<comment-parent-id>14</comment-parent-id>
				<comment-text>Če je pa to fuzbal, kar igra Muritova ekipa, mam pa tud jest res raje peglezn.</comment-text>
				<comment-text-transliterated>Če je pa to fuzbal, kar igra Muritova ekipa, mam pa tud jest res raje peglezn.</comment-text-transliterated>
			</comment>
		</comments-list>
	</comments>
</document>
