<document global-id="si-06-1018"><url>https://www.24ur.com/novice/slovenija/kandidat-za-ministra-za-kulturo-dejan-presicek-preprical-odbor.html</url><source-id>si-06</source-id><local-id>si-06-1018</local-id><source-name>ur24</source-name><article><article-title>Kandidat za ministra za kulturo Dejan Prešiček prepričal odbor</article-title><article-title-transliterated>Kandidat za ministra za kulturo Dejan Prešiček prepričal odbor</article-title-transliterated><article_time>2018-09-05</article_time><article-author>STA / K.H.</article-author><article-text>Odbor za kulturo je po današnji triurni seji predstavitev kandidata za ministra za kulturo Dejana Prešička ocenil kot ustrezno. Prešiček je kot prioriteto izpostavil postopni dvig proračunskih sredstev za kulturo na vsaj 0,5 odstotka BDP do leta 2020. To se mu zdi prepotrebno za ureditev številnih odprtih vprašanj na področju kulture.
Dejan Prešiček, ki ga je kot kandidata za ministra za kulturo v vladi premiera Marjana Šarca predlagala stranka SD, prihaja iz glasbenega okolja, a kot je dejal na današnji predstavitvi, ima tudi več izkušenj z organizacijo in vodenjem. Od leta 2010 denimo vodi javni zavod z 250 zaposlenimi, ki organizira 200 prireditev na leto. Prav tako pa ima tudi izkušnje z delom na svobodi.
Prešičku se zdi nedopustno, da v Sloveniji kulture ne podpiramo in ne financiramo, kot bi si zaslužila. Kot je poudaril, je poglaviten za spremembo aktualnega stanja postopen dvig proračunskih sredstev za kulturo. V koalicijski pogodbi je zapisana namera, da bi do leta 2020 za kulturo namenili 0,5 BDP in s tem prišli na raven, ki je bila kulturi namenjena v letu 2009. To je tudi leto, ko so začela sredstva za kulturo padati.
Dejan Prešiček se je predstavil odboru DZ za kulturo.FOTO: SD/Twitter
Prešiček si želi kulturo ponovno postaviti v središče javnega interesa. Zaveda se, da bo treba preurediti aktualni kulturni sistem. Med drugim se zavzema za pripravo novega Nacionalnega programa za kulturo, pa tudi zato, da bo v vladno proceduro čim prej vložen predlog zakona o kulturnem evru.
Med prioritetami je navedel ureditev položaja samozaposlenih v kulturi ter nevladnih organizacij, decentralizacijo kulture, debirokratizacijo in reformo razpisnih postopkov, pripravo dolgoročnega načrta sofinanciranja in novih investicij v kulturno infrastrukturo, skrb za slovenski jezik in ureditev položaja knjige ter njenega pomena za družbo ter medijsko zakonodajo.
Velik potencial sicer prepoznava v medresorskem povezovanju kulture z drugimi sferami, denimo z ministrstvi za gospodarstvo, za zunanje zadeve in za izobraževanje.
Povzel je tudi besede nedavno preminulega pesnika Cirila Zlobca, da se bo zavzel, da "bo v kulturi čim manj politike in v politiki čim več kulture".
Še brez odločitve o primernosti Lebna za okoljskega ministra
Odbor DZ za infrastrukturo, okolje in prostor je prekinil točko seje, v sklopu katere odloča o ustreznosti predstavitve kandidata Jureta Lebna za ministra za okolje in prostor. Leben je sicer obljubil sodelovanje z deležniki ter drugimi resorji. Prioritetno se namerava lotiti problema odpadne embalaže in sanacije degradiranih okolij.
Na matičnih odborih se predstavljajo Jure Leben, kandidat za ministra za okolje in prostor, Dejan Prešiček, kandidat za ministra za kulturo, Alenka Bratušek, kandidatka za infrastrukturno ministrico in Samo Fakin, kandidat za ministra za zdravje.
"V popolnosti se zavedam, da je obseg dela na ministrstvu za okolje in prostor izjemno velik in izjemno zahteven," je v svoji predstavitvi poudaril Leben. Med drugim se je zavzel za "dvig odločevalskih in delovnih procesov" ter "vsebine dela" ministrstva. Obljubil je tudi intenzivno sodelovanje z drugimi resorji.
Na področju okolja je kot eno od prioritet izpostavil odpadno embalažo. Povedal je, da bo v zvezi z že nakopičeno embalažo "verjetno potreben nek interventen ukrep". Sicer pa se je zavzel za vzpostavitev novega koncepta, ki bo določil jasno odgovornost vsakega deležnika v sistemu.
Glede morebitne sežigalnice je dejal, da "nima nič proti", a le pod določenimi pogoji – med drugim bi moral biti tak obrat neprofiten, ključen pa bo dialog. Zavzel se je tudi za boljše izkoriščanje obnovljivih virov energije, tudi postavitev vetrnic.
Izrekel se je za popolno ukinitev plastičnih vrečk, in sicer "čim prej", morda že do začetka prihodnjega leta. Obljubil je dvoletno programsko financiranje nevladnih organizacij in redna mesečna posvetovanja z njimi. Nevladnike bo ministrstvo v pripravo zakonodaje vključilo že v fazi priprave konceptov.
Jure Leben je napovedal, da se bodo morali na ministrstvu navaditi na projektni način dela.FOTO: POP TV
Ena od prioritet bo tudi sanacija degradiranih območij. Leben se namerava nemudoma lotiti problema Celjske kotline, pozornost bi rad dal zlasti šolam in vrtcem. Delovati želi po načelu onesnaževalec plača.
Reko Muro namerava namesto za hidroelektrarne izkoristiti za potrebe namakanja v kmetijstvu. Iz Jernejevega kanala pa želi zapuščena plovila dvigniti na državne stroške in nato znesek izterjati od zadnjih znanih lastnikov.
Na področju prostora je obljubil analizo učinkovitosti izvajanja trojčka gradbene zakonodaje. Na področju stanovanjske politike se je zavzel za plasiranje več stanovanj na trg, še posebej tistih za mlade in mlade družine, tudi v sodelovanju z Družbo za upravljanje terjatev bank. Pod Lebnom se bodo na ministrstvu za okolje in prostor morali navaditi na projektni način dela, je še napovedal.
Zaradi številnih poslanskih vprašanj in časovne omejitve je sicer odbor DZ sejo po treh urah razprave prekinil. Nadaljeval jo bo predvidoma popoldne, kdaj in kje točno, še ni znano.</article-text><article-text-transliterated>Odbor za kulturo je po današnji triurni seji predstavitev kandidata za ministra za kulturo Dejana Prešička ocenil kot ustrezno. Prešiček je kot prioriteto izpostavil postopni dvig proračunskih sredstev za kulturo na vsaj 0,5 odstotka BDP do leta 2020. To se mu zdi prepotrebno za ureditev številnih odprtih vprašanj na področju kulture.
Dejan Prešiček, ki ga je kot kandidata za ministra za kulturo v vladi premiera Marjana Šarca predlagala stranka SD, prihaja iz glasbenega okolja, a kot je dejal na današnji predstavitvi, ima tudi več izkušenj z organizacijo in vodenjem. Od leta 2010 denimo vodi javni zavod z 250 zaposlenimi, ki organizira 200 prireditev na leto. Prav tako pa ima tudi izkušnje z delom na svobodi.
Prešičku se zdi nedopustno, da v Sloveniji kulture ne podpiramo in ne financiramo, kot bi si zaslužila. Kot je poudaril, je poglaviten za spremembo aktualnega stanja postopen dvig proračunskih sredstev za kulturo. V koalicijski pogodbi je zapisana namera, da bi do leta 2020 za kulturo namenili 0,5 BDP in s tem prišli na raven, ki je bila kulturi namenjena v letu 2009. To je tudi leto, ko so začela sredstva za kulturo padati.
Dejan Prešiček se je predstavil odboru DZ za kulturo.FOTO: SD/Twitter
Prešiček si želi kulturo ponovno postaviti v središče javnega interesa. Zaveda se, da bo treba preurediti aktualni kulturni sistem. Med drugim se zavzema za pripravo novega Nacionalnega programa za kulturo, pa tudi zato, da bo v vladno proceduro čim prej vložen predlog zakona o kulturnem evru.
Med prioritetami je navedel ureditev položaja samozaposlenih v kulturi ter nevladnih organizacij, decentralizacijo kulture, debirokratizacijo in reformo razpisnih postopkov, pripravo dolgoročnega načrta sofinanciranja in novih investicij v kulturno infrastrukturo, skrb za slovenski jezik in ureditev položaja knjige ter njenega pomena za družbo ter medijsko zakonodajo.
Velik potencial sicer prepoznava v medresorskem povezovanju kulture z drugimi sferami, denimo z ministrstvi za gospodarstvo, za zunanje zadeve in za izobraževanje.
Povzel je tudi besede nedavno preminulega pesnika Cirila Zlobca, da se bo zavzel, da "bo v kulturi čim manj politike in v politiki čim več kulture".
Še brez odločitve o primernosti Lebna za okoljskega ministra
Odbor DZ za infrastrukturo, okolje in prostor je prekinil točko seje, v sklopu katere odloča o ustreznosti predstavitve kandidata Jureta Lebna za ministra za okolje in prostor. Leben je sicer obljubil sodelovanje z deležniki ter drugimi resorji. Prioritetno se namerava lotiti problema odpadne embalaže in sanacije degradiranih okolij.
Na matičnih odborih se predstavljajo Jure Leben, kandidat za ministra za okolje in prostor, Dejan Prešiček, kandidat za ministra za kulturo, Alenka Bratušek, kandidatka za infrastrukturno ministrico in Samo Fakin, kandidat za ministra za zdravje.
"V popolnosti se zavedam, da je obseg dela na ministrstvu za okolje in prostor izjemno velik in izjemno zahteven," je v svoji predstavitvi poudaril Leben. Med drugim se je zavzel za "dvig odločevalskih in delovnih procesov" ter "vsebine dela" ministrstva. Obljubil je tudi intenzivno sodelovanje z drugimi resorji.
Na področju okolja je kot eno od prioritet izpostavil odpadno embalažo. Povedal je, da bo v zvezi z že nakopičeno embalažo "verjetno potreben nek interventen ukrep". Sicer pa se je zavzel za vzpostavitev novega koncepta, ki bo določil jasno odgovornost vsakega deležnika v sistemu.
Glede morebitne sežigalnice je dejal, da "nima nič proti", a le pod določenimi pogoji – med drugim bi moral biti tak obrat neprofiten, ključen pa bo dialog. Zavzel se je tudi za boljše izkoriščanje obnovljivih virov energije, tudi postavitev vetrnic.
Izrekel se je za popolno ukinitev plastičnih vrečk, in sicer "čim prej", morda že do začetka prihodnjega leta. Obljubil je dvoletno programsko financiranje nevladnih organizacij in redna mesečna posvetovanja z njimi. Nevladnike bo ministrstvo v pripravo zakonodaje vključilo že v fazi priprave konceptov.
Jure Leben je napovedal, da se bodo morali na ministrstvu navaditi na projektni način dela.FOTO: POP TV
Ena od prioritet bo tudi sanacija degradiranih območij. Leben se namerava nemudoma lotiti problema Celjske kotline, pozornost bi rad dal zlasti šolam in vrtcem. Delovati želi po načelu onesnaževalec plača.
Reko Muro namerava namesto za hidroelektrarne izkoristiti za potrebe namakanja v kmetijstvu. Iz Jernejevega kanala pa želi zapuščena plovila dvigniti na državne stroške in nato znesek izterjati od zadnjih znanih lastnikov.
Na področju prostora je obljubil analizo učinkovitosti izvajanja trojčka gradbene zakonodaje. Na področju stanovanjske politike se je zavzel za plasiranje več stanovanj na trg, še posebej tistih za mlade in mlade družine, tudi v sodelovanju z Družbo za upravljanje terjatev bank. Pod Lebnom se bodo na ministrstvu za okolje in prostor morali navaditi na projektni način dela, je še napovedal.
Zaradi številnih poslanskih vprašanj in časovne omejitve je sicer odbor DZ sejo po treh urah razprave prekinil. Nadaljeval jo bo predvidoma popoldne, kdaj in kje točno, še ni znano.</article-text-transliterated></article><comments><comments-count>46</comments-count><comments-list><comment comment-id="1"><comment-parent-id /><comment-text>kaj bo pa delal minister za kulturo, po mojem bo serpentinška igral.</comment-text><comment-text-transliterated>kaj bo pa delal minister za kulturo, po mojem bo serpentinška igral.</comment-text-transliterated></comment><comment comment-id="2"><comment-parent-id /><comment-text>a za kulturo bo tudi treba ministra. pa saj še osnovne kulture nimajo, vsaj kolikor jih jaz poznam.</comment-text><comment-text-transliterated>a za kulturo bo tudi treba ministra. pa saj še osnovne kulture nimajo, vsaj kolikor jih jaz poznam.</comment-text-transliterated></comment><comment comment-id="3"><comment-parent-id /><comment-text>Le še na pol saksofonista za ministra, pa ste zmagali....</comment-text><comment-text-transliterated>Le še na pol saksofonista za ministra, pa ste zmagali....</comment-text-transliterated></comment><comment comment-id="4"><comment-parent-id /><comment-text>hočemo meseca za ministra.</comment-text><comment-text-transliterated>hočemo meseca za ministra.</comment-text-transliterated></comment><comment comment-id="4-1"><comment-parent-id>4</comment-parent-id><comment-text>Tud Kordiša, bi bil vesel... pa da čim prej vse v maloro.... nove volitve, ni kej druga... sigurno, zelo kmalu...</comment-text><comment-text-transliterated>Tud Kordiša, bi bil vesel... pa da čim prej vse v maloro.... nove volitve, ni kej druga... sigurno, zelo kmalu...</comment-text-transliterated></comment><comment comment-id="5"><comment-parent-id /><comment-text>Tudi Kodelja je prepričal odbor brezvestnih glasovalnih sužnjev. Šele ko se je zatreslo, so videli, kaj so izglasovali.</comment-text><comment-text-transliterated>Tudi Kodelja je prepričal odbor brezvestnih glasovalnih sužnjev. Šele ko se je zatreslo, so videli, kaj so izglasovali.</comment-text-transliterated></comment><comment comment-id="6"><comment-parent-id /><comment-text>mate srečo desni, da so tile na 24 ur tako tolerantni z vami, s tem pa samo kažejo svojo nesposobnost, ker so v bistvu največji krivci za te besedne vojne, ki se tu odvijajo, ker dajo ven vedno novo kost za glodanje, da si tako služijo cente...</comment-text><comment-text-transliterated>mate srečo desni, da so tile na 24 ur tako tolerantni z vami, s tem pa samo kažejo svojo nesposobnost, ker so v bistvu največji krivci za te besedne vojne, ki se tu odvijajo, ker dajo ven vedno novo kost za glodanje, da si tako služijo cente...</comment-text-transliterated></comment><comment comment-id="6-1"><comment-parent-id>6</comment-parent-id><comment-text>A besedne vojne, revček... kdo ti je KRIV, če si zafrustriran in nervozen ...a veš kva je to SVOBODA GOVORA.... ma kaki, Levaki ste pač kot Rdeči kmeri... samo po njihovo, najpametnejša elitna rasa..</comment-text><comment-text-transliterated>A besedne vojne, revček... kdo ti je KRIV, če si zafrustriran in nervozen ...a veš kva je to SVOBODA GOVORA.... ma kaki, Levaki ste pač kot Rdeči kmeri... samo po njihovo, najpametnejša elitna rasa..</comment-text-transliterated></comment><comment comment-id="6-2"><comment-parent-id>6</comment-parent-id><comment-text>ko se boš pozdravil, se javi, do takrat pa uživaj v svoji vlogi...</comment-text><comment-text-transliterated>ko se boš pozdravil, se javi, do takrat pa uživaj v svoji vlogi...</comment-text-transliterated></comment><comment comment-id="7"><comment-parent-id /><comment-text>Čudno, da tele Kominterna ministre ni sram, da jih posluša, cela Slovenija.. niti pripravt, na vprašanja se ne znajo,.. ne vem, ni v moji pristojnosti, bomo potem o tem, še nisem zasledil... haha hahaha</comment-text><comment-text-transliterated>Čudno, da tele Kominterna ministre ni sram, da jih posluša, cela Slovenija.. niti pripravt, na vprašanja se ne znajo,.. ne vem, ni v moji pristojnosti, bomo potem o tem, še nisem zasledil... haha hahaha</comment-text-transliterated></comment><comment comment-id="8"><comment-parent-id /><comment-text>Komunistični biseri</comment-text><comment-text-transliterated>Komunistični biseri</comment-text-transliterated></comment><comment comment-id="9"><comment-parent-id /><comment-text>Hehe, jagodni izbor, kronski biseri... in to je potencial,ki ga premore Slo Kominterna.. ni čudno, da je toliko smeha in posmeha v soseščini..</comment-text><comment-text-transliterated>Hehe, jagodni izbor, kronski biseri... in to je potencial,ki ga premore Slo Kominterna.. ni čudno, da je toliko smeha in posmeha v soseščini..</comment-text-transliterated></comment><comment comment-id="10"><comment-parent-id /><comment-text>Ja a ni logično, da bodo podprti, ce imajo večino</comment-text><comment-text-transliterated>Ja a ni logično, da bodo podprti, ce imajo večino</comment-text-transliterated></comment><comment comment-id="10-1"><comment-parent-id>10</comment-parent-id><comment-text>to desnim papagajem ne bo nikol jasno, ker živijo visoko nad oblaki...so taki kot njihov lider..</comment-text><comment-text-transliterated>to desnim papagajem ne bo nikol jasno, ker živijo visoko nad oblaki...so taki kot njihov lider..</comment-text-transliterated></comment><comment comment-id="10-2"><comment-parent-id>10</comment-parent-id><comment-text>Kako večino, a ni Anarhist Lu-ka v opoziciji.... hahaha</comment-text><comment-text-transliterated>Kako večino, a ni Anarhist Lu-ka v opoziciji.... hahaha</comment-text-transliterated></comment><comment comment-id="10-3"><comment-parent-id>10</comment-parent-id><comment-text>ej, skoč iz drevesa, je že čas..</comment-text><comment-text-transliterated>ej, skoč iz drevesa, je že čas..</comment-text-transliterated></comment><comment comment-id="11"><comment-parent-id /><comment-text>A Šarec sploh ve kva se danes dogaja ....no ja mu bo Mesec,  Prime minister 
 dal instrukcije .</comment-text><comment-text-transliterated>A Šarec sploh ve kva se danes dogaja ....no ja mu bo Mesec,  Prime minister 
 dal instrukcije .</comment-text-transliterated></comment><comment comment-id="11-1"><comment-parent-id>11</comment-parent-id><comment-text>zakaj si pa skoz sam sebi pluse limaš..ker misliš kako dobro izjavo si napisal..to samo kaže, kako si u..ko podhranjen in res rabiš strokovno pomoč...si beda od bede..</comment-text><comment-text-transliterated>zakaj si pa skoz sam sebi pluse limaš..ker misliš kako dobro izjavo si napisal..to samo kaže, kako si u..ko podhranjen in res rabiš strokovno pomoč...si beda od bede..</comment-text-transliterated></comment><comment comment-id="11-2"><comment-parent-id>11</comment-parent-id><comment-text>Si ti že Dobu strokovno pomoč, ampak ,ampak kot vidim, ni pomagalo......</comment-text><comment-text-transliterated>Si ti že Dobu strokovno pomoč, ampak ,ampak kot vidim, ni pomagalo......</comment-text-transliterated></comment><comment comment-id="12"><comment-parent-id /><comment-text>Tole danes in včeraj je farsa nad farso. Enako Kot SFRJ ZIS.. 
pač Vietkong, Banda šesterice...Ljudska republika Slowenistan...</comment-text><comment-text-transliterated>Tole danes in včeraj je farsa nad farso. Enako Kot SFRJ ZIS.. 
pač Vietkong, Banda šesterice...Ljudska republika Slowenistan...</comment-text-transliterated></comment><comment comment-id="12-1"><comment-parent-id>12</comment-parent-id><comment-text>farsa je, da takim sploh dovolijo komentirat na teh portalih...socialci, ki živite na naš račun, tu pa pametujete...</comment-text><comment-text-transliterated>farsa je, da takim sploh dovolijo komentirat na teh portalih...socialci, ki živite na naš račun, tu pa pametujete...</comment-text-transliterated></comment><comment comment-id="12-2"><comment-parent-id>12</comment-parent-id><comment-text>🐛🐛🐛</comment-text><comment-text-transliterated>🐛🐛🐛</comment-text-transliterated></comment><comment comment-id="12-3"><comment-parent-id>12</comment-parent-id><comment-text>nimaš argumentiranega odgovora...sirotka</comment-text><comment-text-transliterated>nimaš argumentiranega odgovora...sirotka</comment-text-transliterated></comment><comment comment-id="13"><comment-parent-id /><comment-text>Ministra za kulturo? Se hecate, a tudi to imamo? Kaj pa ministra za reveže? Pa ministra za gubljenje vremena? Ministra za migrante?,..</comment-text><comment-text-transliterated>Ministra za kulturo? Se hecate, a tudi to imamo? Kaj pa ministra za reveže? Pa ministra za gubljenje vremena? Ministra za migrante?,..</comment-text-transliterated></comment><comment comment-id="13-1"><comment-parent-id>13</comment-parent-id><comment-text>pa pametne desne papagaje, ki mislijo, da so se naučili kokodakat....</comment-text><comment-text-transliterated>pa pametne desne papagaje, ki mislijo, da so se naučili kokodakat....</comment-text-transliterated></comment><comment comment-id="14"><comment-parent-id /><comment-text>Hehe, bo kdaj zmanjkalo peska, za narodu v oči metat, sicer pa kar si narod zasluži, to ponavadi tud dobi....Želeli ste, plačujte...</comment-text><comment-text-transliterated>Hehe, bo kdaj zmanjkalo peska, za narodu v oči metat, sicer pa kar si narod zasluži, to ponavadi tud dobi....Želeli ste, plačujte...</comment-text-transliterated></comment><comment comment-id="14-1"><comment-parent-id>14</comment-parent-id><comment-text>Evo, si priznal... priznal Rdeči kmer...</comment-text><comment-text-transliterated>Evo, si priznal... priznal Rdeči kmer...</comment-text-transliterated></comment><comment comment-id="14-2"><comment-parent-id>14</comment-parent-id><comment-text>Res je Kaktusar, a to ni bil kontraargument Direstraitsu</comment-text><comment-text-transliterated>Res je Kaktusar, a to ni bil kontraargument Direstraitsu</comment-text-transliterated></comment><comment comment-id="14-3"><comment-parent-id>14</comment-parent-id><comment-text>dire, po kometarjih me spominjaš na enega bivšega pijančka, ki se je malo pobral, bil celo svetnik mislim da 1 cel mandat, sedaj se mu je pa totalno odprlo, po facebooki piše približno iste kozlarije kot ti..</comment-text><comment-text-transliterated>dire, po kometarjih me spominjaš na enega bivšega pijančka, ki se je malo pobral, bil celo svetnik mislim da 1 cel mandat, sedaj se mu je pa totalno odprlo, po facebooki piše približno iste kozlarije kot ti..</comment-text-transliterated></comment><comment comment-id="15"><comment-parent-id /><comment-text>desni papagaji, ki mislite, da ste se naučili kokodakat...vlada je taka kot je..tud men osebno marsikaj ne paše, pa upam, da bode le začeli delat za NAS, kar se pa vas tiče, ste pa poden od podna..sedaj vi in ves sds strelja z vsem orožjem, vmešali ste še privatnike, kriminalca iz banje luke, ki vabi privatnike v bosno..v glavnem mečete polena (to je stvar, ki jo najbolj obvladate) vladi, ki sploh še ni začela delat, ki se sploh še ni skup v celoti spravla in vi tud nimam besede, katero bi napisal pišete tu, da se vam gre za slovenjo..ne, vam se gre samo za to, da bi vaš financer prišel na položaj, čeprav je že 2 x pokazal svojo nesposobnost, predvsem pa to, da je razdelil slovenijo na 2 dela, desnega, domobranskega in levega, komunističnega....kam pa pašemo mi, ki nismo ne levi in ne desni, pa mislim, da nas je največ..aja za vas smo levi komuniste, ker se ne strinjamo, oziroma smo prebrali vašega vsemogočnega nesposobnega jansho...</comment-text><comment-text-transliterated>desni papagaji, ki mislite, da ste se naučili kokodakat...vlada je taka kot je..tud men osebno marsikaj ne paše, pa upam, da bode le začeli delat za NAS, kar se pa vas tiče, ste pa poden od podna..sedaj vi in ves sds strelja z vsem orožjem, vmešali ste še privatnike, kriminalca iz banje luke, ki vabi privatnike v bosno..v glavnem mečete polena (to je stvar, ki jo najbolj obvladate) vladi, ki sploh še ni začela delat, ki se sploh še ni skup v celoti spravla in vi tud nimam besede, katero bi napisal pišete tu, da se vam gre za slovenjo..ne, vam se gre samo za to, da bi vaš financer prišel na položaj, čeprav je že 2 x pokazal svojo nesposobnost, predvsem pa to, da je razdelil slovenijo na 2 dela, desnega, domobranskega in levega, komunističnega....kam pa pašemo mi, ki nismo ne levi in ne desni, pa mislim, da nas je največ..aja za vas smo levi komuniste, ker se ne strinjamo, oziroma smo prebrali vašega vsemogočnega nesposobnega jansho...</comment-text-transliterated></comment><comment comment-id="15-1"><comment-parent-id>15</comment-parent-id><comment-text>Ha ha, kdo to piše,.. kdo to piše o polenih. .ja Zrcalna slika, le poglejte se Levnuhi... a zdej pričakujete, da vas desnica podpira, svetovne lopove in intrigante ..vem, itak, da ste luzerji.. ampak ne zase...</comment-text><comment-text-transliterated>Ha ha, kdo to piše,.. kdo to piše o polenih. .ja Zrcalna slika, le poglejte se Levnuhi... a zdej pričakujete, da vas desnica podpira, svetovne lopove in intrigante ..vem, itak, da ste luzerji.. ampak ne zase...</comment-text-transliterated></comment><comment comment-id="15-2"><comment-parent-id>15</comment-parent-id><comment-text>dej si kako strokovno pomoč poišč..</comment-text><comment-text-transliterated>dej si kako strokovno pomoč poišč..</comment-text-transliterated></comment><comment comment-id="15-3"><comment-parent-id>15</comment-parent-id><comment-text>lahko ti priporočim kakega dobrega psihiatra, drugače boš bolj težko zlezel nazaj na vejo..</comment-text><comment-text-transliterated>lahko ti priporočim kakega dobrega psihiatra, drugače boš bolj težko zlezel nazaj na vejo..</comment-text-transliterated></comment><comment comment-id="15-4"><comment-parent-id>15</comment-parent-id><comment-text>Kaktusar ti rabis strokovno pomoc, ker si tako kratkoviden, da bog ti pomagaj.</comment-text><comment-text-transliterated>Kaktusar ti rabis strokovno pomoc, ker si tako kratkoviden, da bog ti pomagaj.</comment-text-transliterated></comment><comment comment-id="16"><comment-parent-id /><comment-text>Isto korito novi prašički</comment-text><comment-text-transliterated>Isto korito novi prašički</comment-text-transliterated></comment><comment comment-id="16-1"><comment-parent-id>16</comment-parent-id><comment-text>Ha ha h ha....</comment-text><comment-text-transliterated>Ha ha h ha....</comment-text-transliterated></comment><comment comment-id="17"><comment-parent-id /><comment-text>Admin spet briše ,je uvidu za katero vlado mora navijat... itak nič novega...</comment-text><comment-text-transliterated>Admin spet briše ,je uvidu za katero vlado mora navijat... itak nič novega...</comment-text-transliterated></comment><comment comment-id="17-1"><comment-parent-id>17</comment-parent-id><comment-text>na noro pejt komentirat, tm se sigurno ne bo nihče brisal...</comment-text><comment-text-transliterated>na noro pejt komentirat, tm se sigurno ne bo nihče brisal...</comment-text-transliterated></comment><comment comment-id="18"><comment-parent-id /><comment-text>Saksofon kontrabas......... je vlada za na VAS............ ebe se njim za NAS......</comment-text><comment-text-transliterated>Saksofon kontrabas......... je vlada za na VAS............ ebe se njim za NAS......</comment-text-transliterated></comment><comment comment-id="19"><comment-parent-id /><comment-text>jagodni izbor levih lovorokih lopovov.</comment-text><comment-text-transliterated>jagodni izbor levih lovorokih lopovov.</comment-text-transliterated></comment><comment comment-id="20"><comment-parent-id /><comment-text>Kaj sploh pišete to! Itak da bodo vsi potrjeni. Če drugega ne morajo tak vsi glumit da je vse v najlepšem redu.</comment-text><comment-text-transliterated>Kaj sploh pišete to! Itak da bodo vsi potrjeni. Če drugega ne morajo tak vsi glumit da je vse v najlepšem redu.</comment-text-transliterated></comment><comment comment-id="21"><comment-parent-id /><comment-text>Kakšna farsa je to vse skupaj.</comment-text><comment-text-transliterated>Kakšna farsa je to vse skupaj.</comment-text-transliterated></comment><comment comment-id="22"><comment-parent-id /><comment-text>leben in ti boljševilki levičarjo mislijo uničit slovenijo</comment-text><comment-text-transliterated>leben in ti boljševilki levičarjo mislijo uničit slovenijo</comment-text-transliterated></comment><comment comment-id="23"><comment-parent-id /><comment-text>Prašiček in kultura po navadi nimata veliko skupnega.</comment-text><comment-text-transliterated>Prašiček in kultura po navadi nimata veliko skupnega.</comment-text-transliterated></comment><comment comment-id="24"><comment-parent-id /><comment-text>Naključje da je Prešiček postal član SD šele 10. avgusta letos, tik pred imenovanjem za kandidata.</comment-text><comment-text-transliterated>Naključje da je Prešiček postal član SD šele 10. avgusta letos, tik pred imenovanjem za kandidata.</comment-text-transliterated></comment><comment comment-id="25"><comment-parent-id /><comment-text>To zasliševanje je brez veze. tako ima koalicija povsod večino in vse potrdijo. Včeraj je baje Kodelja imel nikakvo predstavitev. Baje je bilo vsem nerodno. In kaj? Sicer je moje mnenje, da bi morali postaviti minister na besedo PM in tudi tako odstavljati.</comment-text><comment-text-transliterated>To zasliševanje je brez veze. tako ima koalicija povsod večino in vse potrdijo. Včeraj je baje Kodelja imel nikakvo predstavitev. Baje je bilo vsem nerodno. In kaj? Sicer je moje mnenje, da bi morali postaviti minister na besedo PM in tudi tako odstavljati.</comment-text-transliterated></comment></comments-list></comments></document>