<?xml version="1.0" encoding="utf-8"?>
<document global-id="si-06-1205">
	<url>https://www.24ur.com/sport/motogp/marc-marquez-brez-dlake-na-jeziku-najlazje-je-dvigniti-spansko-zastavo-kaj-pa-davki.html</url>
	<source-id>si-06</source-id>
	<local-id>1205</local-id>
	<source-name>ur24</source-name>
	<article>
		<article-title>Marquez brez dlake na jeziku: Najlažje je dvigniti špansko zastavo, kaj pa davki?</article-title>
		<article-title-transliterated>Marquez brez dlake na jeziku: Najlažje je dvigniti špansko zastavo, kaj pa davki?</article-title-transliterated>
		<article-time>2017-12-13</article-time>
		<article-author>A.V.</article-author>
		<article-text>Izjemni dirkač Honde Marc Marquez se že pripravlja na nove tekmovalne izzive v naslednji sezoni, v kateri bo vnovič branil naslov svetovnega prvaka v kraljevem razredu motoGP. V vmesnem času pa zna poskrbeti za dvig 'temperature', med drugim tudi z zadnjim intervjujem za špansko medijsko agencijo Efe, kjer se je brez dlake na jeziku dotaknil tudi samooklicanih domoljubov ... Marc Marquez je nedvomno eden od najpriljubljenejših španskih športnikov, kar med drugim dokazuje tudi veliko medijsko zanimanje oziroma povpraševanje za pogovore z aktualnim svetovnim dirkaškim prvakom v kraljevem razredu motoGP.  Izjemni Katalonec, ki ima v svojih vitrinah skupno 6 naslovov svetovnega prvaka v različnih razredih - od tega štiri v že omenjenem kraljevem - je v obširnem in nadvse zanimivem pogovoru za špansko medijsko agencijo Efe odgovarjal na prijetna in manj prijetna vprašanja. Med slednja zagotovo spadajo vprašanja o morebitni odcepitvi Katalonije od Španije, ponosu, ki ga čuti, ko ob velikih zmagah zadoni španska himna, in polnem srcu, ko spregovori o svojih katalonskih koreninah. &quot;Skozi kariero se učim, da ni preveč inteligentno odgovarjati na provokativna vprašanja na 'prvo žogo'. Ko enkrat postaneš del svetovnega vrha oziroma ga nekega dne tudi zasedeš, si naenkrat postavljen pred neizpodbitno dejstvo krutosti medijskega sveta, ki včasih ne pozna meja,&quot; je uvodoma dejal 24-letni Marquez, ki je v sezoni 2017 znova demonstriral vso svoje mojstrstvo in še četrtič (2013, 2014, 2016 in 2017) v karieri postal svetovni prvak v kraljevem razredu motoGP.  Izjemni Katalonec Marc Marquez je ponosen na svoje korenine, a v isti sapi poudarja, da na dirkah kraljevega razreda v prvi vrsti zastopa svoje navijače.FOTO: AP Najlažje je dvigniti špansko zastavo visoko v zrak, kaj pa davki?  Na vprašanje španskega kolega o občutkih, ko v času velikega krize, ki trese Španijo zaradi vsem dobro znanih zdrah povezanih z željo Katalonije po odcepitvi, ob zmagah na ves glas prepeva himno svoje domovine, je Marquez nekoliko presenetil s svojo neposrednostjo: &quot;Veste, zmoti me, ko vidim, da tisti, ki običajno najvišje dvigujejo špansko zastavo ob raznih proslavah oziroma slavjih, taisto zastavo 'pohodijo' z neizpolnjevanjem osnovnih državljanskih dolžnosti. Kot na primer z neplačevanjem davkov. Vi, mediji, pa pri tem ne storite ničesar. Kot da imajo nekateri privilegiran položaj v naši družbi. S tem želim poudariti, da se nemalokrat s kritikami lotevate napačnih oseb oziroma množic. Sam prav tako z velikim ponosom vihram špansko zastavo, a ob zavedanju, da sem taisti državi nekaj dal oziroma vrnil. Na različne načine, da se razumemo. Kar se športnih oboževalcev Marca Marqueza tiče, se najlažje identificirajo z menoj, ko v zraku plapola moštvena zastava Honde. Pred štirimi leti sem se odločil, da bo slednja glavna ob proslavah mojih zmag na dirkah motoGP-ja.&quot;   Ostajam pri Hondi, toda ...     Aktualni svetovni prvak se je dotaknil tudi novih izzivov v sezoni 2018. &quot;Vsak dirkač išče ravnotežje med zmožnostmi ekipe, samega sebe in kakovostjo dirkalnika. Slednja je ključnega pomena, zato pri Hondi nikoli ničesar ne prepuščamo naključju. Zavedamo se lastnih pomanjkljivosti in obenem stremimo k popolnosti, da bi novo sezono dočakali v najboljši mogoči pripravljenosti na vseh ravneh,&quot; je v svojem slogu dejal Marquez in se še enkrat zahvalil celotnemu osebju Honde za nesebično pomoč in podporo, a v isti sapi dodal, da v srednjeročnem oziroma dolgoročnem smislu obstaja tudi možnost menjave moštva.   &quot;Nikoli ne bom pozabil, kaj so možje pri Hondi storili za moj celosten razvoj. Vselej sem sanjal o tem, da pripadam najboljšemu moštvu na svetu. In to je v tem trenutku nedvomno Honda. Toda v prihodnosti se nikoli ne ve. Vsak išče najboljšo mogočo pot zase in nadaljnji razvoj. Če bom v danem trenutku ocenil, da sem pri Hondi dosegel višek svojih moči na vseh ravneh, bom moral nove cilje in s tem povezano motivacijo poiskati nekje drugje.&quot;  Marc Marquez v trenutkih velikega slavja ob ubranitvi naslova svetovnega prvaka.FOTO: AP Mnoge vodi ambicija po bogastvu in 'instant' slavi  Ob zaključku pogovora je Marquez pojasnil razliko med tistimi, ki želijo v športu zmagovati, in drugimi, ki v športu vidijo možnost velikega zaslužka ter 'instant' slave. &quot;Meni so stvari popolnoma jasne. Kamorkoli grem, kjerkoli tekmujem, želim zmagati. To je osnova, to je največji mogoč motiv, da iz sezone v sezono iščem nove rešitve, izboljšave za še boljši jutri. Ne vodi me motiv po denarju, temveč športni dosežki. Ko bom nekega dne začutil zasičenost, bom znal presoditi, kdaj je pravi trenutek za zaključek kariere.&quot;</article-text>
		<article-text-transliterated>Izjemni dirkač Honde Marc Marquez se že pripravlja na nove tekmovalne izzive v naslednji sezoni, v kateri bo vnovič branil naslov svetovnega prvaka v kraljevem razredu motoGP. V vmesnem času pa zna poskrbeti za dvig 'temperature', med drugim tudi z zadnjim intervjujem za špansko medijsko agencijo Efe, kjer se je brez dlake na jeziku dotaknil tudi samooklicanih domoljubov ... Marc Marquez je nedvomno eden od najpriljubljenejših španskih športnikov, kar med drugim dokazuje tudi veliko medijsko zanimanje oziroma povpraševanje za pogovore z aktualnim svetovnim dirkaškim prvakom v kraljevem razredu motoGP.  Izjemni Katalonec, ki ima v svojih vitrinah skupno 6 naslovov svetovnega prvaka v različnih razredih - od tega štiri v že omenjenem kraljevem - je v obširnem in nadvse zanimivem pogovoru za špansko medijsko agencijo Efe odgovarjal na prijetna in manj prijetna vprašanja. Med slednja zagotovo spadajo vprašanja o morebitni odcepitvi Katalonije od Španije, ponosu, ki ga čuti, ko ob velikih zmagah zadoni španska himna, in polnem srcu, ko spregovori o svojih katalonskih koreninah. &quot;Skozi kariero se učim, da ni preveč inteligentno odgovarjati na provokativna vprašanja na 'prvo žogo'. Ko enkrat postaneš del svetovnega vrha oziroma ga nekega dne tudi zasedeš, si naenkrat postavljen pred neizpodbitno dejstvo krutosti medijskega sveta, ki včasih ne pozna meja,&quot; je uvodoma dejal 24-letni Marquez, ki je v sezoni 2017 znova demonstriral vso svoje mojstrstvo in še četrtič (2013, 2014, 2016 in 2017) v karieri postal svetovni prvak v kraljevem razredu motoGP.  Izjemni Katalonec Marc Marquez je ponosen na svoje korenine, a v isti sapi poudarja, da na dirkah kraljevega razreda v prvi vrsti zastopa svoje navijače.FOTO: AP Najlažje je dvigniti špansko zastavo visoko v zrak, kaj pa davki?  Na vprašanje španskega kolega o občutkih, ko v času velikega krize, ki trese Španijo zaradi vsem dobro znanih zdrah povezanih z željo Katalonije po odcepitvi, ob zmagah na ves glas prepeva himno svoje domovine, je Marquez nekoliko presenetil s svojo neposrednostjo: &quot;Veste, zmoti me, ko vidim, da tisti, ki običajno najvišje dvigujejo špansko zastavo ob raznih proslavah oziroma slavjih, taisto zastavo 'pohodijo' z neizpolnjevanjem osnovnih državljanskih dolžnosti. Kot na primer z neplačevanjem davkov. Vi, mediji, pa pri tem ne storite ničesar. Kot da imajo nekateri privilegiran položaj v naši družbi. S tem želim poudariti, da se nemalokrat s kritikami lotevate napačnih oseb oziroma množic. Sam prav tako z velikim ponosom vihram špansko zastavo, a ob zavedanju, da sem taisti državi nekaj dal oziroma vrnil. Na različne načine, da se razumemo. Kar se športnih oboževalcev Marca Marqueza tiče, se najlažje identificirajo z menoj, ko v zraku plapola moštvena zastava Honde. Pred štirimi leti sem se odločil, da bo slednja glavna ob proslavah mojih zmag na dirkah motoGP-ja.&quot;   Ostajam pri Hondi, toda ...     Aktualni svetovni prvak se je dotaknil tudi novih izzivov v sezoni 2018. &quot;Vsak dirkač išče ravnotežje med zmožnostmi ekipe, samega sebe in kakovostjo dirkalnika. Slednja je ključnega pomena, zato pri Hondi nikoli ničesar ne prepuščamo naključju. Zavedamo se lastnih pomanjkljivosti in obenem stremimo k popolnosti, da bi novo sezono dočakali v najboljši mogoči pripravljenosti na vseh ravneh,&quot; je v svojem slogu dejal Marquez in se še enkrat zahvalil celotnemu osebju Honde za nesebično pomoč in podporo, a v isti sapi dodal, da v srednjeročnem oziroma dolgoročnem smislu obstaja tudi možnost menjave moštva.   &quot;Nikoli ne bom pozabil, kaj so možje pri Hondi storili za moj celosten razvoj. Vselej sem sanjal o tem, da pripadam najboljšemu moštvu na svetu. In to je v tem trenutku nedvomno Honda. Toda v prihodnosti se nikoli ne ve. Vsak išče najboljšo mogočo pot zase in nadaljnji razvoj. Če bom v danem trenutku ocenil, da sem pri Hondi dosegel višek svojih moči na vseh ravneh, bom moral nove cilje in s tem povezano motivacijo poiskati nekje drugje.&quot;  Marc Marquez v trenutkih velikega slavja ob ubranitvi naslova svetovnega prvaka.FOTO: AP Mnoge vodi ambicija po bogastvu in 'instant' slavi  Ob zaključku pogovora je Marquez pojasnil razliko med tistimi, ki želijo v športu zmagovati, in drugimi, ki v športu vidijo možnost velikega zaslužka ter 'instant' slave. &quot;Meni so stvari popolnoma jasne. Kamorkoli grem, kjerkoli tekmujem, želim zmagati. To je osnova, to je največji mogoč motiv, da iz sezone v sezono iščem nove rešitve, izboljšave za še boljši jutri. Ne vodi me motiv po denarju, temveč športni dosežki. Ko bom nekega dne začutil zasičenost, bom znal presoditi, kdaj je pravi trenutek za zaključek kariere.&quot;</article-text-transliterated>
	</article>
	<comments>
		<comments-count>47</comments-count>
		<comments-list>
			<comment comment-id="1">
				<comment-parent-id/>
				<comment-text>Muha kaj se jokaš mal se poglobi vase ne pa da se jokaš tri dni samo zato ker so te vsi siti in zbrišejo tvoje veloumne zmazke.</comment-text>
				<comment-text-transliterated>Muha kaj se jokaš mal se poglobi vase ne pa da se jokaš tri dni samo zato ker so te vsi siti in zbrišejo tvoje veloumne zmazke.</comment-text-transliterated>
			</comment>
			<comment comment-id="2">
				<comment-parent-id/>
				<comment-text>CarlosCars 13.12.2017 12:12 Muha z malim n in i namesto y : z Lune se opazi, da si fake.# # # # # # # # jaka, ne se mucit . JAZsem Jaz, vi ste pa vi. Amen.</comment-text>
				<comment-text-transliterated>CarlosCars 13.12.2017 12:12 Muha z malim n in i namesto y : z Lune se opazi, da si fake.# # # # # # # # jaka, ne se mucit . JAZsem Jaz, vi ste pa vi. Amen.</comment-text-transliterated>
			</comment>
			<comment comment-id="3">
				<comment-parent-id/>
				<comment-text>Dragi vrli komentatorji,profesorji najvecjega med najvecjimi......po vasih stadardih . Svetujem vam ,da naredite retrospektivo vseh vasih prispevkov in jih ocenite ,,, kot vi zatrjujete- z samo vam lastno pregovorno objektivnostjo. Cisto mogoce je , da boste v tej masi odgovorov na nekaj redkih prispevkov&amp;#039; rumenih&amp;#039; nasli vase objektivne mojstrovine , ki z vso subjektivnostjo kar prebadajo mozgane nic slutecim hvalevrednim in potrpezljivim bralcem te strani .In mogoce boste nasli tudi scepec kulture . ......pa lep vecer . Pardon,...nnocni let. ;)=</comment-text>
				<comment-text-transliterated>Dragi vrli komentatorji,profesorji najvecjega med najvecjimi......po vasih stadardih . Svetujem vam ,da naredite retrospektivo vseh vasih prispevkov in jih ocenite ,,, kot vi zatrjujete- z samo vam lastno pregovorno objektivnostjo. Cisto mogoce je , da boste v tej masi odgovorov na nekaj redkih prispevkov&amp;#039; rumenih&amp;#039; nasli vase objektivne mojstrovine , ki z vso subjektivnostjo kar prebadajo mozgane nic slutecim hvalevrednim in potrpezljivim bralcem te strani .In mogoce boste nasli tudi scepec kulture . ......pa lep vecer . Pardon,...nnocni let. ;)=</comment-text-transliterated>
			</comment>
			<comment comment-id="4">
				<comment-parent-id/>
				<comment-text>berem komentarje od dohtarjev hehe če bo šlo tak naprej se bodo kmalu razpočili od nevoščljivosti</comment-text>
				<comment-text-transliterated>berem komentarje od dohtarjev hehe če bo šlo tak naprej se bodo kmalu razpočili od nevoščljivosti</comment-text-transliterated>
			</comment>
			<comment comment-id="4-1">
				<comment-parent-id>4</comment-parent-id>
				<comment-text>..oprosti; misliš ;komentarje pacientov Dohtarja? HEHEHEHHEHEH</comment-text>
				<comment-text-transliterated>..oprosti; misliš ;komentarje pacientov Dohtarja? HEHEHEHHEHEH</comment-text-transliterated>
			</comment>
			<comment comment-id="4-2">
				<comment-parent-id>4</comment-parent-id>
				<comment-text>ne ne mislim komentarje dohtarčkov, kvečjemu je dohtar v bistvu pacient španskega šampiona hehehehehhe</comment-text>
				<comment-text-transliterated>ne ne mislim komentarje dohtarčkov, kvečjemu je dohtar v bistvu pacient španskega šampiona hehehehehhe</comment-text-transliterated>
			</comment>
			<comment comment-id="4-3">
				<comment-parent-id>4</comment-parent-id>
				<comment-text>..Razumem</comment-text>
				<comment-text-transliterated>..Razumem</comment-text-transliterated>
			</comment>
			<comment comment-id="4-4">
				<comment-parent-id>4</comment-parent-id>
				<comment-text>Marcquez 13.12.2017 19:40 berem komentarje od dohtarjev hehe če bo šlo tak naprej se bodo kmalu razpočili od nevoščljivosti #!# # # # !#😁✅ne se bati , marko skace bo moral zmagati vsaj se cca 60 ali veckrat. Ne vodim tocne evidence. Je pa jasno ,da razbije na leto 27 draguljev , torej Honda ze zdaj zaskrbljeno gleda na bodocnost......pa mu bodo oprostili tudi vse te milione skode. Je tako marrquez ? Vam ni nerodno,da ste si dal nick enega dikaca ? Niti v sanjah si jaz ne bi dal ime enega dirkaca . Ker jaz nisem on in on ni jaz . Ste razumel kaj zelim povedati ? Ne ? Skoda.</comment-text>
				<comment-text-transliterated>Marcquez 13.12.2017 19:40 berem komentarje od dohtarjev hehe če bo šlo tak naprej se bodo kmalu razpočili od nevoščljivosti #!# # # # !#😁✅ne se bati , marko skace bo moral zmagati vsaj se cca 60 ali veckrat. Ne vodim tocne evidence. Je pa jasno ,da razbije na leto 27 draguljev , torej Honda ze zdaj zaskrbljeno gleda na bodocnost......pa mu bodo oprostili tudi vse te milione skode. Je tako marrquez ? Vam ni nerodno,da ste si dal nick enega dikaca ? Niti v sanjah si jaz ne bi dal ime enega dirkaca . Ker jaz nisem on in on ni jaz . Ste razumel kaj zelim povedati ? Ne ? Skoda.</comment-text-transliterated>
			</comment>
			<comment comment-id="4-5">
				<comment-parent-id>4</comment-parent-id>
				<comment-text>A vi g. MUHA SKAČE razumete kaj ste napisali? Ne? Škoda! Po vsej vrjetnosti gre za Google prevod vaše &amp;quot;švicarščine&amp;quot; v slovenski jezik!</comment-text>
				<comment-text-transliterated>A vi g. MUHA SKAČE razumete kaj ste napisali? Ne? Škoda! Po vsej vrjetnosti gre za Google prevod vaše &amp;quot;švicarščine&amp;quot; v slovenski jezik!</comment-text-transliterated>
			</comment>
			<comment comment-id="4-6">
				<comment-parent-id>4</comment-parent-id>
				<comment-text>nighti tvoj dohtar je zmagoval ko konkurenca ni bla tak močna in ne piši neumnosti.....kar se pa nicka tiče....a si ti nočni letalec?</comment-text>
				<comment-text-transliterated>nighti tvoj dohtar je zmagoval ko konkurenca ni bla tak močna in ne piši neumnosti.....kar se pa nicka tiče....a si ti nočni letalec?</comment-text-transliterated>
			</comment>
			<comment comment-id="5">
				<comment-parent-id/>
				<comment-text>Govori o tistih, ki ne izpolnjujejo dolžnosti z plačevanji davkov svoji državi, on sam pa v Andori živi, hmm neki mi ne klapa tukaj.</comment-text>
				<comment-text-transliterated>Govori o tistih, ki ne izpolnjujejo dolžnosti z plačevanji davkov svoji državi, on sam pa v Andori živi, hmm neki mi ne klapa tukaj.</comment-text-transliterated>
			</comment>
			<comment comment-id="6">
				<comment-parent-id/>
				<comment-text>Hehe, lepo,da berem spodaj zaskrbljujoce komentarje......ne,ne ne bom si nic naredil , hvala za skrb . Se bom pa dobro odpocil. Edini iz vase strani ,ki se vane klanja za vsako ceno je#cev norc#,ki je pravilno ugotovil ,kje ima srce MM. Pozdravljam .</comment-text>
				<comment-text-transliterated>Hehe, lepo,da berem spodaj zaskrbljujoce komentarje......ne,ne ne bom si nic naredil , hvala za skrb . Se bom pa dobro odpocil. Edini iz vase strani ,ki se vane klanja za vsako ceno je#cev norc#,ki je pravilno ugotovil ,kje ima srce MM. Pozdravljam .</comment-text-transliterated>
			</comment>
			<comment comment-id="7">
				<comment-parent-id/>
				<comment-text>Muha z malim n in i namesto y : z Lune se opazi, da si fake. Zgini pliz, še originalni @Nightyfly je bil kljub svojim bolanim foram stokrat boljši.</comment-text>
				<comment-text-transliterated>Muha z malim n in i namesto y : z Lune se opazi, da si fake. Zgini pliz, še originalni @Nightyfly je bil kljub svojim bolanim foram stokrat boljši.</comment-text-transliterated>
			</comment>
			<comment comment-id="7-1">
				<comment-parent-id>7</comment-parent-id>
				<comment-text>Vsekakor z malim zato pa je tok zafurstriran tukaj</comment-text>
				<comment-text-transliterated>Vsekakor z malim zato pa je tok zafurstriran tukaj</comment-text-transliterated>
			</comment>
			<comment comment-id="7-2">
				<comment-parent-id>7</comment-parent-id>
				<comment-text>Nightyfly in vsi njegovi nicki trenutno pozrtvovalno cakajo na zascitnika, ki bi nas vse brisal in njega pa jezdica osvobodil...to je vse. Bomo videli iz komentiranja, ki bo kljub kletvicam in zaljivkam prezivelo...</comment-text>
				<comment-text-transliterated>Nightyfly in vsi njegovi nicki trenutno pozrtvovalno cakajo na zascitnika, ki bi nas vse brisal in njega pa jezdica osvobodil...to je vse. Bomo videli iz komentiranja, ki bo kljub kletvicam in zaljivkam prezivelo...</comment-text-transliterated>
			</comment>
			<comment comment-id="7-3">
				<comment-parent-id>7</comment-parent-id>
				<comment-text>Muha z malim n in i namesto y, vidi bele miške, zato se ne ukvarjajte z njim!</comment-text>
				<comment-text-transliterated>Muha z malim n in i namesto y, vidi bele miške, zato se ne ukvarjajte z njim!</comment-text-transliterated>
			</comment>
			<comment comment-id="7-4">
				<comment-parent-id>7</comment-parent-id>
				<comment-text>Carlito, vse ste povedal...jaka. ljudje niso trapsti.</comment-text>
				<comment-text-transliterated>Carlito, vse ste povedal...jaka. ljudje niso trapsti.</comment-text-transliterated>
			</comment>
			<comment comment-id="8">
				<comment-parent-id/>
				<comment-text>Zakaj je Marko skace skocil z davki v Andoro ?....kot drugo., torej motivacija oz. Zelja po osvojitvi cim vec naslovov ga je prisvasala na Hondoooooo., ter nic externih izzivov. Lepo. Torej bomo zdaj namesto spanske ali katalonske zastave gledali posevno zastavo Honde?</comment-text>
				<comment-text-transliterated>Zakaj je Marko skace skocil z davki v Andoro ?....kot drugo., torej motivacija oz. Zelja po osvojitvi cim vec naslovov ga je prisvasala na Hondoooooo., ter nic externih izzivov. Lepo. Torej bomo zdaj namesto spanske ali katalonske zastave gledali posevno zastavo Honde?</comment-text-transliterated>
			</comment>
			<comment comment-id="8-1">
				<comment-parent-id>8</comment-parent-id>
				<comment-text>Da si ne boš kaj naredu haha</comment-text>
				<comment-text-transliterated>Da si ne boš kaj naredu haha</comment-text-transliterated>
			</comment>
			<comment comment-id="8-2">
				<comment-parent-id>8</comment-parent-id>
				<comment-text>Rossi pa vozi gratis, a ne brihta?</comment-text>
				<comment-text-transliterated>Rossi pa vozi gratis, a ne brihta?</comment-text-transliterated>
			</comment>
			<comment comment-id="8-3">
				<comment-parent-id>8</comment-parent-id>
				<comment-text>On je predvsem svetovni prvak.in zastava ,ki jo bomo gledali je tista katero si svetovni prvak izbere,to bo namreč tudi televizija prenašala ne glede na različna patetična in ničvredna mnenja</comment-text>
				<comment-text-transliterated>On je predvsem svetovni prvak.in zastava ,ki jo bomo gledali je tista katero si svetovni prvak izbere,to bo namreč tudi televizija prenašala ne glede na različna patetična in ničvredna mnenja</comment-text-transliterated>
			</comment>
			<comment comment-id="8-4">
				<comment-parent-id>8</comment-parent-id>
				<comment-text>Tuki se je tud men zameril mal, ko so se Katalonci borili, eni preko medijev, drugi na ulicah, sta on in Pedrosa traktor furala. Pa oba ponosna Katalonca.</comment-text>
				<comment-text-transliterated>Tuki se je tud men zameril mal, ko so se Katalonci borili, eni preko medijev, drugi na ulicah, sta on in Pedrosa traktor furala. Pa oba ponosna Katalonca.</comment-text-transliterated>
			</comment>
			<comment comment-id="8-5">
				<comment-parent-id>8</comment-parent-id>
				<comment-text>uzivaj ali trpi ob tem ko Honda nate.ava Yamahico</comment-text>
				<comment-text-transliterated>uzivaj ali trpi ob tem ko Honda nate.ava Yamahico</comment-text-transliterated>
			</comment>
			<comment comment-id="8-6">
				<comment-parent-id>8</comment-parent-id>
				<comment-text>totega nočnega letalca kar kuri od nevoščljivosti lojzeka pa še bolj</comment-text>
				<comment-text-transliterated>totega nočnega letalca kar kuri od nevoščljivosti lojzeka pa še bolj</comment-text-transliterated>
			</comment>
			<comment comment-id="8-7">
				<comment-parent-id>8</comment-parent-id>
				<comment-text>krnekilojz 13.12.2017 15:40:37 -2 5 7 ničvreden je MM ki nima jajčkov da bi mahal s Špansko ali celo Katalonsko zastavo. Raje uporablja hondino zastavo. MM je izdajalec lastnega naroda. Nićvredna te je tvoja m.... Si navaden brezobrazen huligan. ki ni in nebi smel biti aktiven na tem forumu!</comment-text>
				<comment-text-transliterated>krnekilojz 13.12.2017 15:40:37 -2 5 7 ničvreden je MM ki nima jajčkov da bi mahal s Špansko ali celo Katalonsko zastavo. Raje uporablja hondino zastavo. MM je izdajalec lastnega naroda. Nićvredna te je tvoja m.... Si navaden brezobrazen huligan. ki ni in nebi smel biti aktiven na tem forumu!</comment-text-transliterated>
			</comment>
			<comment comment-id="8-8">
				<comment-parent-id>8</comment-parent-id>
				<comment-text>no ne se spuščat na tak nizek nivo pa omenjat staršev, ki niso nič krivi da je sin tak bogi, sicer se strinjam z zadnjim stavkom</comment-text>
				<comment-text-transliterated>no ne se spuščat na tak nizek nivo pa omenjat staršev, ki niso nič krivi da je sin tak bogi, sicer se strinjam z zadnjim stavkom</comment-text-transliterated>
			</comment>
			<comment comment-id="9">
				<comment-parent-id/>
				<comment-text>Kapitalizem je je**a. Rozek je mislil da bo lahko goljufal in na koncu stisnil rep med noge, ko so ga dobili in mu stopili na prste. Pač goljufanje se ne izplača tako kot se ni njemu in je moral za kazen trikrat preplačat davke da se lahko sedaj sprehaja okoli.</comment-text>
				<comment-text-transliterated>Kapitalizem je je**a. Rozek je mislil da bo lahko goljufal in na koncu stisnil rep med noge, ko so ga dobili in mu stopili na prste. Pač goljufanje se ne izplača tako kot se ni njemu in je moral za kazen trikrat preplačat davke da se lahko sedaj sprehaja okoli.</comment-text-transliterated>
			</comment>
			<comment comment-id="10">
				<comment-parent-id/>
				<comment-text>markez prihodnost gp-ja!</comment-text>
				<comment-text-transliterated>markez prihodnost gp-ja!</comment-text-transliterated>
			</comment>
			<comment comment-id="10-1">
				<comment-parent-id>10</comment-parent-id>
				<comment-text>+++++++++++++++++++</comment-text>
				<comment-text-transliterated>+++++++++++++++++++</comment-text-transliterated>
			</comment>
			<comment comment-id="11">
				<comment-parent-id/>
				<comment-text>Ma naj že kdo ugasne luč vešči!</comment-text>
				<comment-text-transliterated>Ma naj že kdo ugasne luč vešči!</comment-text-transliterated>
			</comment>
			<comment comment-id="12">
				<comment-parent-id/>
				<comment-text>Katalonec brez dlake na jeziku. ? Torej je Spanec ,ne Katalonec. Katalonci v srcu iskreno to povedo svetu. On kot znan Katalonec ima odlicni,enkratno priloznost ,da promovira neodvisnost svoje Katalonije. Podprli bi ga prav vsi zunaj . To bi bilo herojstvo brez primere . Ocitno je denar ,so davki bolj vazni . Ehhhh. Pomislimo malo na Slovenijo ob odcepitvi.</comment-text>
				<comment-text-transliterated>Katalonec brez dlake na jeziku. ? Torej je Spanec ,ne Katalonec. Katalonci v srcu iskreno to povedo svetu. On kot znan Katalonec ima odlicni,enkratno priloznost ,da promovira neodvisnost svoje Katalonije. Podprli bi ga prav vsi zunaj . To bi bilo herojstvo brez primere . Ocitno je denar ,so davki bolj vazni . Ehhhh. Pomislimo malo na Slovenijo ob odcepitvi.</comment-text-transliterated>
			</comment>
			<comment comment-id="12-1">
				<comment-parent-id>12</comment-parent-id>
				<comment-text>Pravi da bo po moto GP dober politik.</comment-text>
				<comment-text-transliterated>Pravi da bo po moto GP dober politik.</comment-text-transliterated>
			</comment>
			<comment comment-id="12-2">
				<comment-parent-id>12</comment-parent-id>
				<comment-text>tebi ni pomoci fly... pojej se saban</comment-text>
				<comment-text-transliterated>tebi ni pomoci fly... pojej se saban</comment-text-transliterated>
			</comment>
			<comment comment-id="12-3">
				<comment-parent-id>12</comment-parent-id>
				<comment-text>nevoščljivost ga bo zažgala</comment-text>
				<comment-text-transliterated>nevoščljivost ga bo zažgala</comment-text-transliterated>
			</comment>
			<comment comment-id="13">
				<comment-parent-id/>
				<comment-text>Ko bo moj dirkac v katerega verkjamem tudi kot cloveka izrekel besede, da mu je bolj vaznazastava firme ,ki mu dobavlja bolide ,ga bom zapustil kot navijac.</comment-text>
				<comment-text-transliterated>Ko bo moj dirkac v katerega verkjamem tudi kot cloveka izrekel besede, da mu je bolj vaznazastava firme ,ki mu dobavlja bolide ,ga bom zapustil kot navijac.</comment-text-transliterated>
			</comment>
			<comment comment-id="13-1">
				<comment-parent-id>13</comment-parent-id>
				<comment-text>Potem to stori takoj. Če mu ni pomembno, naj strga sponzorski material iz dirkalnika in sebe. Ni ga junaka, zato se brzdaj, da se ne spotakneš.</comment-text>
				<comment-text-transliterated>Potem to stori takoj. Če mu ni pomembno, naj strga sponzorski material iz dirkalnika in sebe. Ni ga junaka, zato se brzdaj, da se ne spotakneš.</comment-text-transliterated>
			</comment>
			<comment comment-id="13-2">
				<comment-parent-id>13</comment-parent-id>
				<comment-text>pa spomni se, ko je tvoj idol in malik zatajil za 60mio evrov davka.potem pa je naknadno plačal 35 mio da ga niso ZAPRLI, pa še vedno vozi in to brez SRAMU.</comment-text>
				<comment-text-transliterated>pa spomni se, ko je tvoj idol in malik zatajil za 60mio evrov davka.potem pa je naknadno plačal 35 mio da ga niso ZAPRLI, pa še vedno vozi in to brez SRAMU.</comment-text-transliterated>
			</comment>
			<comment comment-id="14">
				<comment-parent-id/>
				<comment-text>Bravo MM... #Big6...</comment-text>
				<comment-text-transliterated>Bravo MM... #Big6...</comment-text-transliterated>
			</comment>
			<comment comment-id="15">
				<comment-parent-id/>
				<comment-text>Med vrsticami je lepo povedal ; nisem nastopac , dirkam in ne bingljam v mostvu zaradi denarja</comment-text>
				<comment-text-transliterated>Med vrsticami je lepo povedal ; nisem nastopac , dirkam in ne bingljam v mostvu zaradi denarja</comment-text-transliterated>
			</comment>
			<comment comment-id="16">
				<comment-parent-id/>
				<comment-text>Marc Marquez dokazuje, da je pravi možak. Ne klanja se nikomur. Tako ne na dirkah, kot ne pred mikrofoni in mediji. Povedal jim je svoje, brez dlake na jeziku. Povedal je, kar navijači že dolgo vemo, da bo z Hondo osvojil še nekaj naslovov, potem pa gas na KTM. Smilijo se mi tisti, ki ga zaradi sovraštva in zavisti toliko kritizirate. Dokazuje, da je največji in mu ni mar za nasprotnike in njihovo sovražno in omejeno razmišljanje. Bravo Marc, nikomur se ne klanjaj, tudi navijači imamo izbiro, kam se postavit in ni nas potrebno kupovat z lepo in darilno ovitimi besedami. GP je dirkanje in nič drugega. Oziroma, ostalo ni v prvem planu.</comment-text>
				<comment-text-transliterated>Marc Marquez dokazuje, da je pravi možak. Ne klanja se nikomur. Tako ne na dirkah, kot ne pred mikrofoni in mediji. Povedal jim je svoje, brez dlake na jeziku. Povedal je, kar navijači že dolgo vemo, da bo z Hondo osvojil še nekaj naslovov, potem pa gas na KTM. Smilijo se mi tisti, ki ga zaradi sovraštva in zavisti toliko kritizirate. Dokazuje, da je največji in mu ni mar za nasprotnike in njihovo sovražno in omejeno razmišljanje. Bravo Marc, nikomur se ne klanjaj, tudi navijači imamo izbiro, kam se postavit in ni nas potrebno kupovat z lepo in darilno ovitimi besedami. GP je dirkanje in nič drugega. Oziroma, ostalo ni v prvem planu.</comment-text-transliterated>
			</comment>
			<comment comment-id="16-1">
				<comment-parent-id>16</comment-parent-id>
				<comment-text>Nisem nikoli pljuval po nobenem dirkaču. To sem že komentiral in ne bom se s tabo ukvarjal. Spoštuj in boš spoštovan - Ali pa sovraži in boš osovražen. Spelji se, ker si zgrešil naslov!</comment-text>
				<comment-text-transliterated>Nisem nikoli pljuval po nobenem dirkaču. To sem že komentiral in ne bom se s tabo ukvarjal. Spoštuj in boš spoštovan - Ali pa sovraži in boš osovražen. Spelji se, ker si zgrešil naslov!</comment-text-transliterated>
			</comment>
			<comment comment-id="16-2">
				<comment-parent-id>16</comment-parent-id>
				<comment-text>Bravo Melaj! Za oba komentarja!</comment-text>
				<comment-text-transliterated>Bravo Melaj! Za oba komentarja!</comment-text-transliterated>
			</comment>
			<comment comment-id="16-3">
				<comment-parent-id>16</comment-parent-id>
				<comment-text>...kako lahko brez sramu pišeš, da je največji, ko pa NAJVEČJEMU niti blizu (še) ni??????</comment-text>
				<comment-text-transliterated>...kako lahko brez sramu pišeš, da je največji, ko pa NAJVEČJEMU niti blizu (še) ni??????</comment-text-transliterated>
			</comment>
			<comment comment-id="16-4">
				<comment-parent-id>16</comment-parent-id>
				<comment-text>Do Giacomo Agostinija mu še nekaj manjka priznam, ampak pustimo času čas, pa bomo videli.</comment-text>
				<comment-text-transliterated>Do Giacomo Agostinija mu še nekaj manjka priznam, ampak pustimo času čas, pa bomo videli.</comment-text-transliterated>
			</comment>
			<comment comment-id="16-5">
				<comment-parent-id>16</comment-parent-id>
				<comment-text>Agostini je in bo vedno oz, dokler nekdo ne preseže njegove številke, merilo za najboljšega. Pa ne mislim števila vseh naslovov, le tistih 8 iz GP klase.</comment-text>
				<comment-text-transliterated>Agostini je in bo vedno oz, dokler nekdo ne preseže njegove številke, merilo za najboljšega. Pa ne mislim števila vseh naslovov, le tistih 8 iz GP klase.</comment-text-transliterated>
			</comment>
			<comment comment-id="16-6">
				<comment-parent-id>16</comment-parent-id>
				<comment-text>kak pa veš da bi dosegel še več kot Agostini? ti se boš od nevoščljivosti še razpočil</comment-text>
				<comment-text-transliterated>kak pa veš da bi dosegel še več kot Agostini? ti se boš od nevoščljivosti še razpočil</comment-text-transliterated>
			</comment>
			<comment comment-id="17">
				<comment-parent-id/>
				<comment-text>Mravljica, kar tako naprej!</comment-text>
				<comment-text-transliterated>Mravljica, kar tako naprej!</comment-text-transliterated>
			</comment>
		</comments-list>
	</comments>
</document>
