<document global-id="si-06-117"><url>https://www.24ur.com/ekskluziv/tuja-scena/crna-gazela-izrazila-javno-kritiko-dolgoletni-urednici-britanske-vogue.html</url><source-id>si-06</source-id><local-id>si-06-117</local-id><source-name>ur24</source-name><article><article-title>'Raznolikost je lepa'</article-title><article-title-transliterated>'Raznolikost je lepa'</article-title-transliterated><article_time>2017-08-25</article_time><article-author>K.P.</article-author><article-text>Naomi Campbell je brez dlake na jeziku izrazila kritiko dosedanji uredniški politiki in pomanjkanju raznolikosti med obrazi v modni bibliji – reviji Vogue. Svoje stališče je podkrepila s fotografijo osebja, ki je revijo ustvarjalo do zdaj in tako nazorno pokazala, da so bili v ekipi sami beli obrazi. A odslej bo drugače, je z veseljem oznanila.
Upokojena manekenka Naomi Campbell je napovedala, da se britanski reviji Vogue, poznani tudi kot modna bibija, obetajo novi časi – in predvsem več raznolikosti. "Veselim se uspešne in raznolike ekipe ustvarjalcev, zdaj ko je postal urednik Edward Enninful," je zapisala ob objavi fotografije na Instagramu, na kateri med več kot 50 obrazi nekdanje posadke modne revije ni niti enega temnopoltega človeka. Z zapisom je požela ogromno pozitivnih komentarjev in odobravanja nove politike revije, ki se bo trudila ponuditi priložnost vsem, ne glede na barvo kože ali politično in religiozno pripadnost.
Za prikaz vsebine je potrebno omogočite piškotke družbenih omrežij.
OMOGOČI PIŠKOTKE
S prvim avgustom je britanska modna revija Vogue, ki ji je četrt stoletja poveljevala Alexandra Shulman, dobila novega urednika. Edward Enninful pa ne bo le prvi moški na čelu revije, ampak tudi prvi temnopolti urednik v njeni zgodovini. Modni stilist in urednik Enninful je sicer stopil v velike čevlje, saj je bila Shulmanova najuspešnejša urednica v stoletni zgodovini modne biblije, a se izziva ni ustrašil. Za eno glavnih nalog si je zadal izboljšati njeno vlogo v virtualnem svetu, kar je podkrepil s prvo objavo na Snapchatu, ko je prevzel vajeti kot urednik.
Naomi Campbell in Edward EnninfulFOTO: AP
V revijo bo vnesel tudi več raznolikosti med manekenkami in manekeni in v tematiki, saj meni da bo reviji s tem zagotovljena pot k uspehu. To je dokazal že februarski teden mode v New Yorku, na katerem so se po pistah sprehodile manekenke močnejših postav, predstavili pa so tudi modno kolekcijo hidžabov. Enninful se zaveda, da modnega sveta ne moreš ukalupiti, ker se razvija po svoje. V dobi, ko se oblikovalci za promoviranje svojih oblačil pogosteje kot k Vogue zatečejo k znanim ustvarjalcem, kot so Beyonce, Rihanna in drugi, saj jim to v blagajno prinese več cekinov, njegovo poslanstvo na modnem prestolu nikakor ne bo lahko. "Če se ena manekenka pojavi v šovu ali oglaševalski kampanji, s tem še ne rešiš težave," se zaveda, zato je ob sebi zbral tri pomožne urednike, ki bodo skrbeli za čim več diverzitete in novih pristopov.
"Potrebujemo profesorje na univerzah, potrebujemo pripravnike, ljudi iz različnih etničnih ozadij na vseh področjih modne industrije. To je prava rešitev, potrebne so spremembe odznotraj," je razkril svoj načrt Enninful, ki je kot pomožne urednike k novi misiji povabil zveneča imena iz modne industrije, Steva McQueena, Kate Moss in Naomi Campbell.
47-letna upokojena manekenka bo desna roka urednika britanske Vogue.FOTO: AP
Prav črna gazela je prva podkrepila urednikovo odločitev, da nas raznolikost bogati: "To ne bo boj, ampak bolj pogovor, v katerem bomo ljudi nenehno opominjali, da je raznolikost lepa in da jo moramo vzdrževati ter tako ponuditi enake možnosti za vse."</article-text><article-text-transliterated>Naomi Campbell je brez dlake na jeziku izrazila kritiko dosedanji uredniški politiki in pomanjkanju raznolikosti med obrazi v modni bibliji – reviji Vogue. Svoje stališče je podkrepila s fotografijo osebja, ki je revijo ustvarjalo do zdaj in tako nazorno pokazala, da so bili v ekipi sami beli obrazi. A odslej bo drugače, je z veseljem oznanila.
Upokojena manekenka Naomi Campbell je napovedala, da se britanski reviji Vogue, poznani tudi kot modna bibija, obetajo novi časi – in predvsem več raznolikosti. "Veselim se uspešne in raznolike ekipe ustvarjalcev, zdaj ko je postal urednik Edward Enninful," je zapisala ob objavi fotografije na Instagramu, na kateri med več kot 50 obrazi nekdanje posadke modne revije ni niti enega temnopoltega človeka. Z zapisom je požela ogromno pozitivnih komentarjev in odobravanja nove politike revije, ki se bo trudila ponuditi priložnost vsem, ne glede na barvo kože ali politično in religiozno pripadnost.
Za prikaz vsebine je potrebno omogočite piškotke družbenih omrežij.
OMOGOČI PIŠKOTKE
S prvim avgustom je britanska modna revija Vogue, ki ji je četrt stoletja poveljevala Alexandra Shulman, dobila novega urednika. Edward Enninful pa ne bo le prvi moški na čelu revije, ampak tudi prvi temnopolti urednik v njeni zgodovini. Modni stilist in urednik Enninful je sicer stopil v velike čevlje, saj je bila Shulmanova najuspešnejša urednica v stoletni zgodovini modne biblije, a se izziva ni ustrašil. Za eno glavnih nalog si je zadal izboljšati njeno vlogo v virtualnem svetu, kar je podkrepil s prvo objavo na Snapchatu, ko je prevzel vajeti kot urednik.
Naomi Campbell in Edward EnninfulFOTO: AP
V revijo bo vnesel tudi več raznolikosti med manekenkami in manekeni in v tematiki, saj meni da bo reviji s tem zagotovljena pot k uspehu. To je dokazal že februarski teden mode v New Yorku, na katerem so se po pistah sprehodile manekenke močnejših postav, predstavili pa so tudi modno kolekcijo hidžabov. Enninful se zaveda, da modnega sveta ne moreš ukalupiti, ker se razvija po svoje. V dobi, ko se oblikovalci za promoviranje svojih oblačil pogosteje kot k Vogue zatečejo k znanim ustvarjalcem, kot so Beyonce, Rihanna in drugi, saj jim to v blagajno prinese več cekinov, njegovo poslanstvo na modnem prestolu nikakor ne bo lahko. "Če se ena manekenka pojavi v šovu ali oglaševalski kampanji, s tem še ne rešiš težave," se zaveda, zato je ob sebi zbral tri pomožne urednike, ki bodo skrbeli za čim več diverzitete in novih pristopov.
"Potrebujemo profesorje na univerzah, potrebujemo pripravnike, ljudi iz različnih etničnih ozadij na vseh področjih modne industrije. To je prava rešitev, potrebne so spremembe odznotraj," je razkril svoj načrt Enninful, ki je kot pomožne urednike k novi misiji povabil zveneča imena iz modne industrije, Steva McQueena, Kate Moss in Naomi Campbell.
47-letna upokojena manekenka bo desna roka urednika britanske Vogue.FOTO: AP
Prav črna gazela je prva podkrepila urednikovo odločitev, da nas raznolikost bogati: "To ne bo boj, ampak bolj pogovor, v katerem bomo ljudi nenehno opominjali, da je raznolikost lepa in da jo moramo vzdrževati ter tako ponuditi enake možnosti za vse."</article-text-transliterated></article><comments><comments-count>5</comments-count><comments-list><comment comment-id="1"><comment-parent-id /><comment-text>toliko o enakosti....in vrze telefon sluzabnici v obraz....</comment-text><comment-text-transliterated>toliko o enakosti....in vrze telefon sluzabnici v obraz....</comment-text-transliterated></comment><comment comment-id="2"><comment-parent-id /><comment-text>glavno besedo imajo kupti in ne ideologija.</comment-text><comment-text-transliterated>glavno besedo imajo kupti in ne ideologija.</comment-text-transliterated></comment><comment comment-id="3"><comment-parent-id /><comment-text>Ja očitno so nesposobni da jih ne zaposlijo</comment-text><comment-text-transliterated>Ja očitno so nesposobni da jih ne zaposlijo</comment-text-transliterated></comment><comment comment-id="4"><comment-parent-id /><comment-text>omajgad ta Amerika poka z jamranjem. Vsepovsod jim vse manjka, nikjer nič uredu. In mediji samo še podpihujejo vse skupaj, kot prodan 24ur.</comment-text><comment-text-transliterated>omajgad ta Amerika poka z jamranjem. Vsepovsod jim vse manjka, nikjer nič uredu. In mediji samo še podpihujejo vse skupaj, kot prodan 24ur.</comment-text-transliterated></comment><comment comment-id="4-1"><comment-parent-id>4</comment-parent-id><comment-text>Kar je se Taylor Swift</comment-text><comment-text-transliterated>Kar je se Taylor Swift</comment-text-transliterated></comment></comments-list></comments></document>