<?xml version="1.0" encoding="utf-8"?>
<document global-id="si-06-1176">
	<url>https://www.24ur.com/ekskluziv/koncerti/manu-chao-in-la-ventura.html</url>
	<source-id>si-06</source-id>
	<local-id>1176</local-id>
	<source-name>ur24</source-name>
	<article>
		<article-title>MANU CHAO IN LA VENTURA</article-title>
		<article-title-transliterated>MANU CHAO IN LA VENTURA</article-title-transliterated>
		<article-time>2015-07-15</article-time>
		<article-author>T. P.</article-author>
		<article-text>Manu Chao, La Ventura 15. julij 2015 od 19:30 ure dalje Koper, Manu Chao, revolucionar ritma in besed, po dveh letih zopet prihaja v Slovenijo. Trikrat nas je v Ljubljani prepričal z neverjetno energijo in trikrat je občinstvo zahtevalo: 'Še'! To poletje bo Manu Chao prvič nastopil na Obali, pod zvezdami, v neposredni bližini morja, kjer bo izvajal ponarodele himne Clandestino, Bongo Bong, Me Gustas Tu, Politik Kills, Mi Vida, Welcome to Tihuana, Je ne t'aime plus ... Bolj angažiranega in predanega glasbenika bi težko našli. Njegovi koncerti, ki trajajo tudi po več ur, so eksplozija pozitivne energije in nalezljivih, živahnih plesnih ritmov. Pesmi so prežete s socialno tematiko, besedila pa so iz leta v leto bolj aktualna. Glasbeni kritiki o njegovi glasbi menijo, da politika v glasbi še nikoli ni zvenela tako dobro. Aktualne tematike, kot so antipotrošništvo, problematika migrantov, vprašanje človekovih pravic se prepletajo s koktajlom rocka, reggaeja, punka, skaja in ostalih živahnih svetovnih ritmov. Manu poje v angleškem, španskem, italijanskem, portugalskem, francoskem in galicijskem jeziku. V Kopru bo Manu Chao nastopil z La Venturo, ki jo sestavljajo kitarist Madjid, basist Gambeat in bobnar Garbancito. Zasedba je na letošnji turneji okrepljena še z dvema pihalcema, ki bosta še dodatno podžigala ognjeni repertoar. Manu nam bo poleg hitov, ki jih občinstvo pri nas vedno zelo dobro sprejme, na koncertu v Kopru predstavil še številna presenečenja v obliki do sedaj še neobjavljenih pesmi. Kariera tega neverjetnega glasbenika, ki že tri desetletja nastopa na vseh kontinentih, in je imel na koncertih tudi več kot 100.000 ljudi, je še vedno bleščeča, občinstvo pa se ga preprosto ne naveliča. Manu Chao je leta 1987 skupaj z bratom in bratrancem ustanovil skupino Mano Negra, ki se je v zgodovino rock glasbe zapisala kot najbolj uspešna francoska rock zasedba.Leta 1998 je pričel s solo kariero – nastali so odlični štirje studijski albumi. Prvi album Clandestino je kmalu dosegel kultni status, leta 2001 je uspeh nadgradil z izjemno uspešnim Próxima Estación: Esperanza.</article-text>
		<article-text-transliterated>Manu Chao, La Ventura 15. julij 2015 od 19:30 ure dalje Koper, Manu Chao, revolucionar ritma in besed, po dveh letih zopet prihaja v Slovenijo. Trikrat nas je v Ljubljani prepričal z neverjetno energijo in trikrat je občinstvo zahtevalo: 'Še'! To poletje bo Manu Chao prvič nastopil na Obali, pod zvezdami, v neposredni bližini morja, kjer bo izvajal ponarodele himne Clandestino, Bongo Bong, Me Gustas Tu, Politik Kills, Mi Vida, Welcome to Tihuana, Je ne t'aime plus ... Bolj angažiranega in predanega glasbenika bi težko našli. Njegovi koncerti, ki trajajo tudi po več ur, so eksplozija pozitivne energije in nalezljivih, živahnih plesnih ritmov. Pesmi so prežete s socialno tematiko, besedila pa so iz leta v leto bolj aktualna. Glasbeni kritiki o njegovi glasbi menijo, da politika v glasbi še nikoli ni zvenela tako dobro. Aktualne tematike, kot so antipotrošništvo, problematika migrantov, vprašanje človekovih pravic se prepletajo s koktajlom rocka, reggaeja, punka, skaja in ostalih živahnih svetovnih ritmov. Manu poje v angleškem, španskem, italijanskem, portugalskem, francoskem in galicijskem jeziku. V Kopru bo Manu Chao nastopil z La Venturo, ki jo sestavljajo kitarist Madjid, basist Gambeat in bobnar Garbancito. Zasedba je na letošnji turneji okrepljena še z dvema pihalcema, ki bosta še dodatno podžigala ognjeni repertoar. Manu nam bo poleg hitov, ki jih občinstvo pri nas vedno zelo dobro sprejme, na koncertu v Kopru predstavil še številna presenečenja v obliki do sedaj še neobjavljenih pesmi. Kariera tega neverjetnega glasbenika, ki že tri desetletja nastopa na vseh kontinentih, in je imel na koncertih tudi več kot 100.000 ljudi, je še vedno bleščeča, občinstvo pa se ga preprosto ne naveliča. Manu Chao je leta 1987 skupaj z bratom in bratrancem ustanovil skupino Mano Negra, ki se je v zgodovino rock glasbe zapisala kot najbolj uspešna francoska rock zasedba.Leta 1998 je pričel s solo kariero – nastali so odlični štirje studijski albumi. Prvi album Clandestino je kmalu dosegel kultni status, leta 2001 je uspeh nadgradil z izjemno uspešnim Próxima Estación: Esperanza.</article-text-transliterated>
	</article>
	<comments>
		<comments-count>0</comments-count>
		<comments-list/>
	</comments>
</document>
