<?xml version="1.0" encoding="utf-8"?>
<document global-id="si-06-1335">
	<url>https://www.24ur.com/novice/slovenija/na-hrvaski-obali-bodo-slovenskim-turistom-tudi-letos-pomagali-trije-slovenski-policisti.html</url>
	<source-id>si-06</source-id>
	<local-id>1335</local-id>
	<source-name>ur24</source-name>
	<article>
		<article-title>Na hrvaški obali bodo slovenskim turistom tudi letos pomagali trije slovenski policisti</article-title>
		<article-title-transliterated>Na hrvaški obali bodo slovenskim turistom tudi letos pomagali trije slovenski policisti</article-title-transliterated>
		<article-time>2016-07-10</article-time>
		<article-author>STA J.S.</article-author>
		<article-text>Hrvaškim kolegom bodo poleti priskočili na pomoč trije slovenski policisti. Nameščeni bodo na policijskih postajah v Pulju, v mestu Krk na otoku Krk ter v Novalji na Pagu, kjer bodo pomagali slovenskim turistom in hrvaškim kolegom. Nanje se lahko obrnete preko posameznih policijskih postaj ali preko veleposlaništva v Zagrebu. Hrvaška obalaFOTO: Mateja Klavs Hrvaškim kolegom bodo na pomoč pri izvajanju policijskih nalog v povezavi s slovenskimi državljani sredi turistične sezone, 15. julija, prišli trije slovenski policisti. Do 15. avgusta bodo nameščeni na policijskih postajah v Pulju, v mestu Krk na otoku Krk ter v Novalji na Pagu, kjer bodo pomagali slovenskim turistom in hrvaškim kolegom. Z notranjega ministrstva so v Pulj napotili policista s policijske postaje Lendava, njegovega kolega s policijske postaje Grosuplje v Novaljo, medtem ko bo na Krku policist s policijske postaje Metlika. Slovenski policisti bodo predvsem omogočali hitrejšo komunikacijo s slovenskimi turisti ter hrvaškim kolegom posredovali predloge glede morebitnega obravnavanja slovenskih državljanov. Sodelovanje pomeni tudi krajše postopke, ki so manj stresni za turiste. Zaradi poznavanja jezika je komunikacija veliko lažja in poenostavlja policijske postopke. Dosedanje izkušnje policistov kažejo, da so tudi slovenski turisti bolj zadovoljni in se počutijo varneje ob prisotnosti policista, ki pozna okolje, iz katerega prihajajo, so poudarili na notranjem ministrstvu. Pri svojem delu bodo nosili uniformo slovenske policije in ne bodo oboroženi. Ne bodo izvajali policijskih pooblastil in ukrepov, za katere so pristojni samo hrvaški policisti. Kot so dodali, se slovenski državljani lahko obrnejo na slovenske policiste preko posameznih policijskih postaj v Pulju, Krku in Novalji ali pa preko slovenskega veleposlaništva v Zagrebu. Slovenski policisti sodelujejo v hrvaškem projektu varna turistična sezona na Hrvaškem od leta 2011, na slovenskim smučiščih pa v zimski turistični sezoni gostijo hrvaške kolege. Izkušnje so bile zelo pozitivne za obe strani, ker je izmenjava informacij neposredna in hitrejša, policisti pa izmenjujejo svoja operativna znanja, se medsebojno učijo in soustvarjajo dobre prakse, so še dejali na slovenski policiji.</article-text>
		<article-text-transliterated>Hrvaškim kolegom bodo poleti priskočili na pomoč trije slovenski policisti. Nameščeni bodo na policijskih postajah v Pulju, v mestu Krk na otoku Krk ter v Novalji na Pagu, kjer bodo pomagali slovenskim turistom in hrvaškim kolegom. Nanje se lahko obrnete preko posameznih policijskih postaj ali preko veleposlaništva v Zagrebu. Hrvaška obalaFOTO: Mateja Klavs Hrvaškim kolegom bodo na pomoč pri izvajanju policijskih nalog v povezavi s slovenskimi državljani sredi turistične sezone, 15. julija, prišli trije slovenski policisti. Do 15. avgusta bodo nameščeni na policijskih postajah v Pulju, v mestu Krk na otoku Krk ter v Novalji na Pagu, kjer bodo pomagali slovenskim turistom in hrvaškim kolegom. Z notranjega ministrstva so v Pulj napotili policista s policijske postaje Lendava, njegovega kolega s policijske postaje Grosuplje v Novaljo, medtem ko bo na Krku policist s policijske postaje Metlika. Slovenski policisti bodo predvsem omogočali hitrejšo komunikacijo s slovenskimi turisti ter hrvaškim kolegom posredovali predloge glede morebitnega obravnavanja slovenskih državljanov. Sodelovanje pomeni tudi krajše postopke, ki so manj stresni za turiste. Zaradi poznavanja jezika je komunikacija veliko lažja in poenostavlja policijske postopke. Dosedanje izkušnje policistov kažejo, da so tudi slovenski turisti bolj zadovoljni in se počutijo varneje ob prisotnosti policista, ki pozna okolje, iz katerega prihajajo, so poudarili na notranjem ministrstvu. Pri svojem delu bodo nosili uniformo slovenske policije in ne bodo oboroženi. Ne bodo izvajali policijskih pooblastil in ukrepov, za katere so pristojni samo hrvaški policisti. Kot so dodali, se slovenski državljani lahko obrnejo na slovenske policiste preko posameznih policijskih postaj v Pulju, Krku in Novalji ali pa preko slovenskega veleposlaništva v Zagrebu. Slovenski policisti sodelujejo v hrvaškem projektu varna turistična sezona na Hrvaškem od leta 2011, na slovenskim smučiščih pa v zimski turistični sezoni gostijo hrvaške kolege. Izkušnje so bile zelo pozitivne za obe strani, ker je izmenjava informacij neposredna in hitrejša, policisti pa izmenjujejo svoja operativna znanja, se medsebojno učijo in soustvarjajo dobre prakse, so še dejali na slovenski policiji.</article-text-transliterated>
	</article>
	<comments>
		<comments-count>6</comments-count>
		<comments-list>
			<comment comment-id="1">
				<comment-parent-id/>
				<comment-text>A to bodo imeli poslovno z koristnim,pametno</comment-text>
				<comment-text-transliterated>A to bodo imeli poslovno z koristnim,pametno</comment-text-transliterated>
			</comment>
			<comment comment-id="2">
				<comment-parent-id/>
				<comment-text>Uh ogromno so trije policaji ni kaj res</comment-text>
				<comment-text-transliterated>Uh ogromno so trije policaji ni kaj res</comment-text-transliterated>
			</comment>
			<comment comment-id="3">
				<comment-parent-id/>
				<comment-text>Če znajo it na Hrvaško na dopust, naj se tam znajdejo, policisti naj so doma.</comment-text>
				<comment-text-transliterated>Če znajo it na Hrvaško na dopust, naj se tam znajdejo, policisti naj so doma.</comment-text-transliterated>
			</comment>
			<comment comment-id="4">
				<comment-parent-id/>
				<comment-text>Gredo slovenskim turistom praznat denarnice!</comment-text>
				<comment-text-transliterated>Gredo slovenskim turistom praznat denarnice!</comment-text-transliterated>
			</comment>
			<comment comment-id="5">
				<comment-parent-id/>
				<comment-text>Že doma jih imam pol kufer ( pa na srečo nimam problemov z njimi ). So tam kjer jih ni treba , tam ,ko bi pa bili nujni jih pa ni. Že zdavnaj niso več pravi policisti ampak v glavnem smo inkasantje.</comment-text>
				<comment-text-transliterated>Že doma jih imam pol kufer ( pa na srečo nimam problemov z njimi ). So tam kjer jih ni treba , tam ,ko bi pa bili nujni jih pa ni. Že zdavnaj niso več pravi policisti ampak v glavnem smo inkasantje.</comment-text-transliterated>
			</comment>
			<comment comment-id="6">
				<comment-parent-id/>
				<comment-text>Meni se to zdi vredu</comment-text>
				<comment-text-transliterated>Meni se to zdi vredu</comment-text-transliterated>
			</comment>
		</comments-list>
	</comments>
</document>
