<document global-id="si-06-1448"><url>https://www.24ur.com/novice/slovenija/nova-ameriska-veleposlanica-na-poti-v-slovenijo.html</url><source-id>si-06</source-id><local-id>si-06-1448</local-id><source-name>ur24</source-name><article><article-title>Nova ameriška veleposlanica prispela v Slovenijo</article-title><article-title-transliterated>Nova ameriška veleposlanica prispela v Slovenijo</article-title-transliterated><article_time>2019-08-19</article_time><article-author>K.H.</article-author><article-text>V Slovenijo je prispela nova veleposlanica ZDA Lynda C. Blanchard. Na položaj je bila nominirana že junija 2018, a je na dokončno potrditev zaradi različnih zamud čakala več kot leto dni. V tem času pa so veleposlaništvo ZDA v Sloveniji vodili odpravniki poslov.
VEČ VIDEOVSEBIN
01:33
Prihod nove veleposlanice v Slovenijo
02:30
Iz SVETA: Nova ameriška veleposlanica
05:03
Iz SVETA: Bogomil Ferfila o novi ameriški veleposlanici
Iz 24UR: Prihod nove veleposlanice
FOTO: 24ur.com
Lynda C. Blanchard
1
/
16
Okoli 14.30 je na Letališču Jožeta Pučnika na Brniku pristalo letalo z novo veleposlanico Združenih držav Amerike Lyndo C. Blanchard. Slovenija je bila leto dni brez uradnega ameriškega veleposlanika. Po odhodu Brenta Hartleyja sta veleposlaništvo ZDA vodila odpravnika poslov, najprej Guatam Rana in nato Susan K. Falatko.
Ameriški predsednik Donald Trump je Blanchardovo na položaj veleposlanice v Sloveniji imenoval že junija 2018. Kandidatka za novo veleposlanico ZDA v Sloveniji, podjetnica in humanitarna aktivistka, se je članom odbora ameriškega senata za mednarodne odnose predstavila sredi avgusta, a so jo dokončno potrdili šele julija letos.
V svojem nastopu pred odborom avgusta lani je Slovenijo označila za zanesljivo partnerico ZDA in pomembno regionalno silo pri uveljavljanju demokratičnih reform v balkanskih državah. Med drugim je izpostavila, da si je Slovenija, čeprav je mlada država, že zagotovila izjemen sloves na področju mednarodnega sodelovanja. V okviru zveze Nato pa so slovenski vojaki podpirali ameriški misiji v Afganistanu in Iraku. Med drugim je dejala tudi, da se zaveda, kako pomemben je položaj ameriškega veleposlanika v Ljubljani tudi za prvo damo Melanio Trump.
Podjetnica in humanitarka
Blanchardova je soustanovila in bila višja svetovalka v podjetju za upravljanje z investicijami in nepremičninami B &amp; M Management Company, ki je vredno več kot milijardo dolarjev. Je tudi soustanoviteljica in nekdanja direktorica razvojne fundacije 100X, ustanovljene leta 2004 v Montgomeryju v Alabami, ki se posveča ustvarjalnim rešitvam za izkoreninjenje revščine in njenih negativnih posledic za izboljšanje življenja otrok po svetu.
Lynda C. BlanchardFOTO: Aljoša Kravanja
Nova veleposlanica ZDA ima bogate vodstvene izkušnje in izkušnje iz strateškega upravljanja in je velika zagovornica otrokovih pravic tako v ZDA kot v mednarodnem merilu. Več kot 20 let je delovala kot zagovornica pravic ljudi s posebnimi potrebami in bila članica svetovalnega odbora neprofitne organizacije Montgomery Area Nontraditional Equestrians, ki se ukvarja s terapevtskim jahanjem konj za ljudi s čustvenimi, telesnimi, kognitivnimi in razvojnimi motnjami. Je članica več odborov in tudi drugače podpira številne druge izobraževalne programe v Alabami, prav tako pa pomaga družinam, zainteresiranim za posvojitev.
Je mati sedmih otrok, od katerih je štiri posvojila v tujini. Ima diplomo iz matematike in računalništva z Univerze v Auburnu, kjer se je naučila pet programskih/računalniških jezikov. Za svoje humanitarno delovanje je prejela številne mednarodne in ameriške nagrade. Obvlada osnove španščine.
Njen mož John Blanchard je nepremičninski magnat, ki je za Trumpov inavguracijski fond doniral več kot pol milijona dolarjev, od leta 2015 pa sta skupaj z ženo, novo veleposlanico v Sloveniji, za republikansko stranko donirala več kot 2,6 milijona dolarjev (2,3 milijona evrov). Januarja 2018 sta Blanchardova komiteju za vnovično izvolitev Trumpa donirala 250.000 dolarjev (221.000 evrov), je poročal NBC.</article-text><article-text-transliterated>V Slovenijo je prispela nova veleposlanica ZDA Lynda C. Blanchard. Na položaj je bila nominirana že junija 2018, a je na dokončno potrditev zaradi različnih zamud čakala več kot leto dni. V tem času pa so veleposlaništvo ZDA v Sloveniji vodili odpravniki poslov.
VEČ VIDEOVSEBIN
01:33
Prihod nove veleposlanice v Slovenijo
02:30
Iz SVETA: Nova ameriška veleposlanica
05:03
Iz SVETA: Bogomil Ferfila o novi ameriški veleposlanici
Iz 24UR: Prihod nove veleposlanice
FOTO: 24ur.com
Lynda C. Blanchard
1
/
16
Okoli 14.30 je na Letališču Jožeta Pučnika na Brniku pristalo letalo z novo veleposlanico Združenih držav Amerike Lyndo C. Blanchard. Slovenija je bila leto dni brez uradnega ameriškega veleposlanika. Po odhodu Brenta Hartleyja sta veleposlaništvo ZDA vodila odpravnika poslov, najprej Guatam Rana in nato Susan K. Falatko.
Ameriški predsednik Donald Trump je Blanchardovo na položaj veleposlanice v Sloveniji imenoval že junija 2018. Kandidatka za novo veleposlanico ZDA v Sloveniji, podjetnica in humanitarna aktivistka, se je članom odbora ameriškega senata za mednarodne odnose predstavila sredi avgusta, a so jo dokončno potrdili šele julija letos.
V svojem nastopu pred odborom avgusta lani je Slovenijo označila za zanesljivo partnerico ZDA in pomembno regionalno silo pri uveljavljanju demokratičnih reform v balkanskih državah. Med drugim je izpostavila, da si je Slovenija, čeprav je mlada država, že zagotovila izjemen sloves na področju mednarodnega sodelovanja. V okviru zveze Nato pa so slovenski vojaki podpirali ameriški misiji v Afganistanu in Iraku. Med drugim je dejala tudi, da se zaveda, kako pomemben je položaj ameriškega veleposlanika v Ljubljani tudi za prvo damo Melanio Trump.
Podjetnica in humanitarka
Blanchardova je soustanovila in bila višja svetovalka v podjetju za upravljanje z investicijami in nepremičninami B &amp; M Management Company, ki je vredno več kot milijardo dolarjev. Je tudi soustanoviteljica in nekdanja direktorica razvojne fundacije 100X, ustanovljene leta 2004 v Montgomeryju v Alabami, ki se posveča ustvarjalnim rešitvam za izkoreninjenje revščine in njenih negativnih posledic za izboljšanje življenja otrok po svetu.
Lynda C. BlanchardFOTO: Aljoša Kravanja
Nova veleposlanica ZDA ima bogate vodstvene izkušnje in izkušnje iz strateškega upravljanja in je velika zagovornica otrokovih pravic tako v ZDA kot v mednarodnem merilu. Več kot 20 let je delovala kot zagovornica pravic ljudi s posebnimi potrebami in bila članica svetovalnega odbora neprofitne organizacije Montgomery Area Nontraditional Equestrians, ki se ukvarja s terapevtskim jahanjem konj za ljudi s čustvenimi, telesnimi, kognitivnimi in razvojnimi motnjami. Je članica več odborov in tudi drugače podpira številne druge izobraževalne programe v Alabami, prav tako pa pomaga družinam, zainteresiranim za posvojitev.
Je mati sedmih otrok, od katerih je štiri posvojila v tujini. Ima diplomo iz matematike in računalništva z Univerze v Auburnu, kjer se je naučila pet programskih/računalniških jezikov. Za svoje humanitarno delovanje je prejela številne mednarodne in ameriške nagrade. Obvlada osnove španščine.
Njen mož John Blanchard je nepremičninski magnat, ki je za Trumpov inavguracijski fond doniral več kot pol milijona dolarjev, od leta 2015 pa sta skupaj z ženo, novo veleposlanico v Sloveniji, za republikansko stranko donirala več kot 2,6 milijona dolarjev (2,3 milijona evrov). Januarja 2018 sta Blanchardova komiteju za vnovično izvolitev Trumpa donirala 250.000 dolarjev (221.000 evrov), je poročal NBC.</article-text-transliterated></article><comments><comments-count>77</comments-count><comments-list><comment comment-id="1"><comment-parent-id /><comment-text>DENAR SVETA VLADAR! In vedno več bogastva si kopiči peščica ljudi, ki vodi ta svet sebi v prid! </comment-text><comment-text-transliterated>DENAR SVETA VLADAR! In vedno več bogastva si kopiči peščica ljudi, ki vodi ta svet sebi v prid! </comment-text-transliterated></comment><comment comment-id="2"><comment-parent-id /><comment-text>V ameriki doniraš in dobiš za nagrado fajn službo, v Sloveniji pa moraš krasti.</comment-text><comment-text-transliterated>V ameriki doniraš in dobiš za nagrado fajn službo, v Sloveniji pa moraš krasti.</comment-text-transliterated></comment><comment comment-id="3"><comment-parent-id /><comment-text>a bo kupila slovenijo ali grendandijo?</comment-text><comment-text-transliterated>a bo kupila slovenijo ali grendandijo?</comment-text-transliterated></comment><comment comment-id="4"><comment-parent-id /><comment-text>Pred kamerami je parkrat ponovila, da zna, da je že, da bo super sodeovala z vlado... ne vem, a je prišla v SLO za ministrico za zamejce ali na ambasado ZDA? Mislim, da se bo hitro ohladila. Samo da malo bolje spozna ustroj naše države in dejstvo, da Slovenci nismo ameriški ritolizniki.</comment-text><comment-text-transliterated>Pred kamerami je parkrat ponovila, da zna, da je že, da bo super sodeovala z vlado... ne vem, a je prišla v SLO za ministrico za zamejce ali na ambasado ZDA? Mislim, da se bo hitro ohladila. Samo da malo bolje spozna ustroj naše države in dejstvo, da Slovenci nismo ameriški ritolizniki.</comment-text-transliterated></comment><comment comment-id="5"><comment-parent-id /><comment-text>Denar odpira vsa vrata</comment-text><comment-text-transliterated>Denar odpira vsa vrata</comment-text-transliterated></comment><comment comment-id="6"><comment-parent-id /><comment-text>Donald uvalio trojanca....skener za balkan.....</comment-text><comment-text-transliterated>Donald uvalio trojanca....skener za balkan.....</comment-text-transliterated></comment><comment comment-id="7"><comment-parent-id /><comment-text>ah,karkoli bi napisal bi lo verjetno preostro za dandanašnje standarde</comment-text><comment-text-transliterated>ah,karkoli bi napisal bi lo verjetno preostro za dandanašnje standarde</comment-text-transliterated></comment><comment comment-id="8"><comment-parent-id /><comment-text>Kdo je to? 6 let diplomatskih izkušenj? No, očitno se kavbojcem SLO ne zdi posebej pomembna, da so poslali nekoga s tako malo izkušnjami v diplomaciji. In morda bi naredila bolje, ko bi ostala doma v fundaciji, ki se posveča ustvarjalnim rešitvam za izkoreninjenje revščine in njenih negativnih posledic za izboljšanje življenja otrok po svetu. V ZDA ima dela do konca življenja, če se hoče resno lotiti te teme. Očitno doma ni bila posebej uspešna z "otrokovimi pravicami", saj so ZDA ena silno redkih držav, ki niso želele podpisati te konvencije. Med drugim je dejala tudi, da se zaveda, kako pomemben je položaj ameriškega veleposlanika v Ljubljani.... ja, ja, ...</comment-text><comment-text-transliterated>Kdo je to? 6 let diplomatskih izkušenj? No, očitno se kavbojcem SLO ne zdi posebej pomembna, da so poslali nekoga s tako malo izkušnjami v diplomaciji. In morda bi naredila bolje, ko bi ostala doma v fundaciji, ki se posveča ustvarjalnim rešitvam za izkoreninjenje revščine in njenih negativnih posledic za izboljšanje življenja otrok po svetu. V ZDA ima dela do konca življenja, če se hoče resno lotiti te teme. Očitno doma ni bila posebej uspešna z "otrokovimi pravicami", saj so ZDA ena silno redkih držav, ki niso želele podpisati te konvencije. Med drugim je dejala tudi, da se zaveda, kako pomemben je položaj ameriškega veleposlanika v Ljubljani.... ja, ja, ...</comment-text-transliterated></comment><comment comment-id="8-1"><comment-parent-id>8</comment-parent-id><comment-text>Se popolnoma strinjam z vasim komentarjem. Tole delovno mesto je bilo Trumpovo darilo za njene/moževe donacije. Uffa, kakšen je njen "karierni diplomatski" CV? 😰</comment-text><comment-text-transliterated>Se popolnoma strinjam z vasim komentarjem. Tole delovno mesto je bilo Trumpovo darilo za njene/moževe donacije. Uffa, kakšen je njen "karierni diplomatski" CV? 😰</comment-text-transliterated></comment><comment comment-id="9"><comment-parent-id /><comment-text>Naj pride v Slo zivet za vedno in za 800 e na mesec (kot velika vecina lsovencev)! Bomo videli ce bo navdusena! :))))))</comment-text><comment-text-transliterated>Naj pride v Slo zivet za vedno in za 800 e na mesec (kot velika vecina lsovencev)! Bomo videli ce bo navdusena! :))))))</comment-text-transliterated></comment><comment comment-id="9-1"><comment-parent-id>9</comment-parent-id><comment-text>Plača ni zakonsko omejena na tvojih 800. Marsikdo zasluži več pa se vprašaj, zakaj!?</comment-text><comment-text-transliterated>Plača ni zakonsko omejena na tvojih 800. Marsikdo zasluži več pa se vprašaj, zakaj!?</comment-text-transliterated></comment><comment comment-id="9-2"><comment-parent-id>9</comment-parent-id><comment-text>Ste pač nesposoben, da imate tako plačo. Moj sin ob študiju zasluži v tednu dni veliko več.</comment-text><comment-text-transliterated>Ste pač nesposoben, da imate tako plačo. Moj sin ob študiju zasluži v tednu dni veliko več.</comment-text-transliterated></comment><comment comment-id="9-3"><comment-parent-id>9</comment-parent-id><comment-text>Zelo sposoben. Kaj pa dela? </comment-text><comment-text-transliterated>Zelo sposoben. Kaj pa dela? </comment-text-transliterated></comment><comment comment-id="10"><comment-parent-id /><comment-text>Lepa gospa. Pa sposobna in uspešna. Kot Trump.</comment-text><comment-text-transliterated>Lepa gospa. Pa sposobna in uspešna. Kot Trump.</comment-text-transliterated></comment><comment comment-id="11"><comment-parent-id /><comment-text>Verjetno bo prvo obvestilo ob prihodu, Slovenceljni so nori pišejo lazni, kazni za brezplačno pomoč, medtem pa redijo na tisoče Balkanskih in ostalih lenuhov. Ali tako kot so povedali Musomeli in predhodniki rdeči FLEK vrednote zahoda in civilizacije privat lastnina, svoboda, svobodna izbira in delo na trgu ne poznajo.</comment-text><comment-text-transliterated>Verjetno bo prvo obvestilo ob prihodu, Slovenceljni so nori pišejo lazni, kazni za brezplačno pomoč, medtem pa redijo na tisoče Balkanskih in ostalih lenuhov. Ali tako kot so povedali Musomeli in predhodniki rdeči FLEK vrednote zahoda in civilizacije privat lastnina, svoboda, svobodna izbira in delo na trgu ne poznajo.</comment-text-transliterated></comment><comment comment-id="12"><comment-parent-id /><comment-text>Zmaji prihajajo, ne samo na Zmajskem mostu</comment-text><comment-text-transliterated>Zmaji prihajajo, ne samo na Zmajskem mostu</comment-text-transliterated></comment><comment comment-id="13"><comment-parent-id /><comment-text>spet se bo na velko rasipalo po ambasadi na prešernovi </comment-text><comment-text-transliterated>spet se bo na velko rasipalo po ambasadi na prešernovi </comment-text-transliterated></comment><comment comment-id="14"><comment-parent-id /><comment-text>dam ji 3 mesece, potem bo pokvarjena kot naši politajzerji</comment-text><comment-text-transliterated>dam ji 3 mesece, potem bo pokvarjena kot naši politajzerji</comment-text-transliterated></comment><comment comment-id="15"><comment-parent-id /><comment-text>Prvi vtis pozitiven. CV ima odličen - ni kaj. Predvsem mi je všeč njeno humanitarno delo. Pa tudi s Slovenci bo znala, saj ima bogate izkušnje z ljudmi s posebnimi potrebami. 😁 </comment-text><comment-text-transliterated>Prvi vtis pozitiven. CV ima odličen - ni kaj. Predvsem mi je všeč njeno humanitarno delo. Pa tudi s Slovenci bo znala, saj ima bogate izkušnje z ljudmi s posebnimi potrebami. 😁 </comment-text-transliterated></comment><comment comment-id="15-1"><comment-parent-id>15</comment-parent-id><comment-text>Torej se že vesliš dela z njo- ona s tabo..</comment-text><comment-text-transliterated>Torej se že vesliš dela z njo- ona s tabo..</comment-text-transliterated></comment><comment comment-id="16"><comment-parent-id /><comment-text>Leto dni čakala.......Donald je vse "preverjal"..........</comment-text><comment-text-transliterated>Leto dni čakala.......Donald je vse "preverjal"..........</comment-text-transliterated></comment><comment comment-id="17"><comment-parent-id /><comment-text>Je prisla mal na dopust.</comment-text><comment-text-transliterated>Je prisla mal na dopust.</comment-text-transliterated></comment><comment comment-id="17-1"><comment-parent-id>17</comment-parent-id><comment-text>kaj pa misliš da se res dela oz. ne dela pa pondelk, zato pa nelson mandela.. ker večinoma zabušava</comment-text><comment-text-transliterated>kaj pa misliš da se res dela oz. ne dela pa pondelk, zato pa nelson mandela.. ker večinoma zabušava</comment-text-transliterated></comment><comment comment-id="18"><comment-parent-id /><comment-text>A sužnje si je pa kar zraven pripeljala. </comment-text><comment-text-transliterated>A sužnje si je pa kar zraven pripeljala. </comment-text-transliterated></comment><comment comment-id="19"><comment-parent-id /><comment-text>Američani imenujejo sposobne - Slovenci pa nesposobne....v tem je razlika ...negativna selekcija</comment-text><comment-text-transliterated>Američani imenujejo sposobne - Slovenci pa nesposobne....v tem je razlika ...negativna selekcija</comment-text-transliterated></comment><comment comment-id="20"><comment-parent-id /><comment-text>kostum izraža njeno presojo in vzporednico z njihovim indijanskim rezervatom , ampak ona je prišla trenutno v MIX rezervat , ki se vsaj začasno kliče slovenija , imamo še nekaj maneverskega časa da jo ohranimo slovenijo kot celoto , če pa se bodo povzpeli opozicijski vojščaki , katerim je veleposlanica zelo naklonjena , pa bomo končali kot Paloma podjetje</comment-text><comment-text-transliterated>kostum izraža njeno presojo in vzporednico z njihovim indijanskim rezervatom , ampak ona je prišla trenutno v MIX rezervat , ki se vsaj začasno kliče slovenija , imamo še nekaj maneverskega časa da jo ohranimo slovenijo kot celoto , če pa se bodo povzpeli opozicijski vojščaki , katerim je veleposlanica zelo naklonjena , pa bomo končali kot Paloma podjetje</comment-text-transliterated></comment><comment comment-id="21"><comment-parent-id /><comment-text>Neko mlajšo bi pa nam lahko Trump privoščil...</comment-text><comment-text-transliterated>Neko mlajšo bi pa nam lahko Trump privoščil...</comment-text-transliterated></comment><comment comment-id="21-1"><comment-parent-id>21</comment-parent-id><comment-text>Še zase ne more zrihtat mlajše pa bo za nas :)</comment-text><comment-text-transliterated>Še zase ne more zrihtat mlajše pa bo za nas :)</comment-text-transliterated></comment><comment comment-id="22"><comment-parent-id /><comment-text>in kje so dobili to starleto</comment-text><comment-text-transliterated>in kje so dobili to starleto</comment-text-transliterated></comment><comment comment-id="23"><comment-parent-id /><comment-text>Tista fotografija v naslovnici: nasmeh s stisnjenimi zobmi, dvignjenimi obrvmi, gube na čelu - ne vem, kakšen izraz je to, nisem psiholog ali še manj psihiater.</comment-text><comment-text-transliterated>Tista fotografija v naslovnici: nasmeh s stisnjenimi zobmi, dvignjenimi obrvmi, gube na čelu - ne vem, kakšen izraz je to, nisem psiholog ali še manj psihiater.</comment-text-transliterated></comment><comment comment-id="23-1"><comment-parent-id>23</comment-parent-id><comment-text>Se opravičujem, sem ugotovil, da jo hotela samo kihniti, pa tega ne moreš v javnosti.</comment-text><comment-text-transliterated>Se opravičujem, sem ugotovil, da jo hotela samo kihniti, pa tega ne moreš v javnosti.</comment-text-transliterated></comment><comment comment-id="24"><comment-parent-id /><comment-text>Wno cares...</comment-text><comment-text-transliterated>Wno cares...</comment-text-transliterated></comment><comment comment-id="25"><comment-parent-id /><comment-text>Kaj je zdaj to ? Ples vampirjev ?</comment-text><comment-text-transliterated>Kaj je zdaj to ? Ples vampirjev ?</comment-text-transliterated></comment><comment comment-id="26"><comment-parent-id /><comment-text>Keri ritolizci smo</comment-text><comment-text-transliterated>Keri ritolizci smo</comment-text-transliterated></comment><comment comment-id="27"><comment-parent-id /><comment-text>Končno. </comment-text><comment-text-transliterated>Končno. </comment-text-transliterated></comment><comment comment-id="28"><comment-parent-id /><comment-text>boga, kam je prišla...</comment-text><comment-text-transliterated>boga, kam je prišla...</comment-text-transliterated></comment><comment comment-id="28-1"><comment-parent-id>28</comment-parent-id><comment-text>Za vse veleposlanike je razporeditev v Slovenijo kot dobitek na tomboli. Slovenija je vrhunska destinacija za življenje. Na žalost se precej Slovencev tega ne zaveda, verjetno zato, ker še niso prestopili svojega praga, da bi videli, da velika večina ljudi na svetu živi v bistveno slabših pogojih. Vsak, ki pri nas zasluži 600 eur spada med 5% svetovne populacije. Da pa ne govorim o čudovitem okolju in možnostih, ki jih nudi. Slovenija je raj na Zemlji!</comment-text><comment-text-transliterated>Za vse veleposlanike je razporeditev v Slovenijo kot dobitek na tomboli. Slovenija je vrhunska destinacija za življenje. Na žalost se precej Slovencev tega ne zaveda, verjetno zato, ker še niso prestopili svojega praga, da bi videli, da velika večina ljudi na svetu živi v bistveno slabših pogojih. Vsak, ki pri nas zasluži 600 eur spada med 5% svetovne populacije. Da pa ne govorim o čudovitem okolju in možnostih, ki jih nudi. Slovenija je raj na Zemlji!</comment-text-transliterated></comment><comment comment-id="28-2"><comment-parent-id>28</comment-parent-id><comment-text>lepo njej, seveda...slo vedno manj! tako, na pogled, simpatična vohunka!</comment-text><comment-text-transliterated>lepo njej, seveda...slo vedno manj! tako, na pogled, simpatična vohunka!</comment-text-transliterated></comment><comment comment-id="28-3"><comment-parent-id>28</comment-parent-id><comment-text>Tako je, žal pa jo je nekatera gol.azen vso pokradla in zato teh navedenih 600€. </comment-text><comment-text-transliterated>Tako je, žal pa jo je nekatera gol.azen vso pokradla in zato teh navedenih 600€. </comment-text-transliterated></comment><comment comment-id="28-4"><comment-parent-id>28</comment-parent-id><comment-text>Snežek: 5% svetovne populacije - pa saj nas je samo 2 milijona, menda....</comment-text><comment-text-transliterated>Snežek: 5% svetovne populacije - pa saj nas je samo 2 milijona, menda....</comment-text-transliterated></comment><comment comment-id="28-5"><comment-parent-id>28</comment-parent-id><comment-text>Snezek; Vsaj nekdo, ki ima pojma. Pri nas, ce si priden, ma tudi ce ne, se da dovro ziveti. So primeri, ni kaj ko komaj kdo shaja, se vedno prenizke pokojnine, dalec prenizke, seveda se je tukaj nekaj birokratskih napak, itd... ampak nasploh je Slovenija ena najboljsih drzav za zivet. Kdor je poslovno moral po svetu, ve o cem govorim</comment-text><comment-text-transliterated>Snezek; Vsaj nekdo, ki ima pojma. Pri nas, ce si priden, ma tudi ce ne, se da dovro ziveti. So primeri, ni kaj ko komaj kdo shaja, se vedno prenizke pokojnine, dalec prenizke, seveda se je tukaj nekaj birokratskih napak, itd... ampak nasploh je Slovenija ena najboljsih drzav za zivet. Kdor je poslovno moral po svetu, ve o cem govorim</comment-text-transliterated></comment><comment comment-id="28-6"><comment-parent-id>28</comment-parent-id><comment-text>Očitno ne razumeš. Ker pri nas skoraj vsakdo dobi 600 eur, morda res ne nekateri upokojenci, pomeni, da skoraj vsi Slovenci spadamo po tem kriteriju med 5% svetovne populacije. Večina svetovnega prebivalstva zasluži manj in tudi nima skoraj nobene možnosti zaslužiti več. Če se pri nas le malo pomujaš, lahko to mejo zlahka presežeš. Seveda so izjeme, bolni in ostareli upokojenci itd. , za katere pa država zopet kolikor toliko poskrbi. Večina svetovnega prebivalstva penzije sploh ne dobi.</comment-text><comment-text-transliterated>Očitno ne razumeš. Ker pri nas skoraj vsakdo dobi 600 eur, morda res ne nekateri upokojenci, pomeni, da skoraj vsi Slovenci spadamo po tem kriteriju med 5% svetovne populacije. Večina svetovnega prebivalstva zasluži manj in tudi nima skoraj nobene možnosti zaslužiti več. Če se pri nas le malo pomujaš, lahko to mejo zlahka presežeš. Seveda so izjeme, bolni in ostareli upokojenci itd. , za katere pa država zopet kolikor toliko poskrbi. Večina svetovnega prebivalstva penzije sploh ne dobi.</comment-text-transliterated></comment><comment comment-id="28-7"><comment-parent-id>28</comment-parent-id><comment-text>SNEŽEK- res imamo raj na zemlji, ne vem pa zakaj dopuščamo politikom, da ga na veliko uničujejo. </comment-text><comment-text-transliterated>SNEŽEK- res imamo raj na zemlji, ne vem pa zakaj dopuščamo politikom, da ga na veliko uničujejo. </comment-text-transliterated></comment><comment comment-id="29"><comment-parent-id /><comment-text>Baje da nam bo pripeljala vodovod in elektriko.</comment-text><comment-text-transliterated>Baje da nam bo pripeljala vodovod in elektriko.</comment-text-transliterated></comment><comment comment-id="29-1"><comment-parent-id>29</comment-parent-id><comment-text>brez tega so sosedje, Urvati...mi smo le malo bližje zahodni kulturi!</comment-text><comment-text-transliterated>brez tega so sosedje, Urvati...mi smo le malo bližje zahodni kulturi!</comment-text-transliterated></comment><comment comment-id="30"><comment-parent-id /><comment-text>Novi dan, nova usa vesa!</comment-text><comment-text-transliterated>Novi dan, nova usa vesa!</comment-text-transliterated></comment><comment comment-id="31"><comment-parent-id /><comment-text>Fajn mi izgleda.</comment-text><comment-text-transliterated>Fajn mi izgleda.</comment-text-transliterated></comment><comment comment-id="32"><comment-parent-id /><comment-text>A se bo šla kaj priklonit k ruski kapelici na vršič,vsem ruskim vojakom,ki so pustili svoja življenja v sloveniji????? Kolk je že amerov pokopanih pri nas???</comment-text><comment-text-transliterated>A se bo šla kaj priklonit k ruski kapelici na vršič,vsem ruskim vojakom,ki so pustili svoja življenja v sloveniji????? Kolk je že amerov pokopanih pri nas???</comment-text-transliterated></comment><comment comment-id="32-1"><comment-parent-id>32</comment-parent-id><comment-text>a se gredo priklonit,nemci,italijani,hrvati,ali kdo drug...pride putin z armado pravoslavnih duhovnikov in to je to....ruski popje vas ne motijo,medtem,ko vas katoliški motijo...hmm le zakaj??? mogoče ste pravoslavc,oziroma srb.....</comment-text><comment-text-transliterated>a se gredo priklonit,nemci,italijani,hrvati,ali kdo drug...pride putin z armado pravoslavnih duhovnikov in to je to....ruski popje vas ne motijo,medtem,ko vas katoliški motijo...hmm le zakaj??? mogoče ste pravoslavc,oziroma srb.....</comment-text-transliterated></comment><comment comment-id="32-2"><comment-parent-id>32</comment-parent-id><comment-text>Trije. Jack Daniels,John Doe in Johnny Walker. </comment-text><comment-text-transliterated>Trije. Jack Daniels,John Doe in Johnny Walker. </comment-text-transliterated></comment><comment comment-id="32-3"><comment-parent-id>32</comment-parent-id><comment-text>Misliš Ruskih vojnih ujetnikov, ki so jih zajeli medtem, ko so še sli vojno proti nam? Drugače imaš kar nekaj grobov Ameriških pilotov, ki so dostavljajli zaloge in pomagali slovenskim partizanizanom med 2. svetovno vojno.</comment-text><comment-text-transliterated>Misliš Ruskih vojnih ujetnikov, ki so jih zajeli medtem, ko so še sli vojno proti nam? Drugače imaš kar nekaj grobov Ameriških pilotov, ki so dostavljajli zaloge in pomagali slovenskim partizanizanom med 2. svetovno vojno.</comment-text-transliterated></comment><comment comment-id="32-4"><comment-parent-id>32</comment-parent-id><comment-text>Za nepoučene, tudi slovenski plavi gardi so dostavljali opremo!</comment-text><comment-text-transliterated>Za nepoučene, tudi slovenski plavi gardi so dostavljali opremo!</comment-text-transliterated></comment><comment comment-id="32-5"><comment-parent-id>32</comment-parent-id><comment-text>@ barija - vsakemu ki se je boril proti komunjarama..</comment-text><comment-text-transliterated>@ barija - vsakemu ki se je boril proti komunjarama..</comment-text-transliterated></comment><comment comment-id="33"><comment-parent-id /><comment-text>Mala država, mali narod vedno išče zaveznike, saj je v krutem svetu politike in interesov brez političnih prijateljev nemogoče uresničiti lastne interese. Kdo je naš politični zaveznik? Rusija? Venezuela?... Pod ministrovanjem Rupla je bila močan podpornik Slovenije Nemčija, pa tudi Italija in Avstrija. Danes pa 😕</comment-text><comment-text-transliterated>Mala država, mali narod vedno išče zaveznike, saj je v krutem svetu politike in interesov brez političnih prijateljev nemogoče uresničiti lastne interese. Kdo je naš politični zaveznik? Rusija? Venezuela?... Pod ministrovanjem Rupla je bila močan podpornik Slovenije Nemčija, pa tudi Italija in Avstrija. Danes pa 😕</comment-text-transliterated></comment><comment comment-id="33-1"><comment-parent-id>33</comment-parent-id><comment-text>V Slovenijo so na redno obisk (celo dopust) hodili Genscher, DeMichelis, Avstrijski, Francoski, Češki, Poljski ministri. In zadnjih 10 let? Kdo je prišel? Kdo od pomembnih? </comment-text><comment-text-transliterated>V Slovenijo so na redno obisk (celo dopust) hodili Genscher, DeMichelis, Avstrijski, Francoski, Češki, Poljski ministri. In zadnjih 10 let? Kdo je prišel? Kdo od pomembnih? </comment-text-transliterated></comment><comment comment-id="33-2"><comment-parent-id>33</comment-parent-id><comment-text>Slovenija je ČLANICA Evropske unije in zveze NATO. O kakšnih ti to "zaveznikih" govoriš? Je pa res, da imamo s članstvom v NATU samo stroške in nobenih investicij. Ruplovanje je naredilo Sloveniji veliko škodo. </comment-text><comment-text-transliterated>Slovenija je ČLANICA Evropske unije in zveze NATO. O kakšnih ti to "zaveznikih" govoriš? Je pa res, da imamo s članstvom v NATU samo stroške in nobenih investicij. Ruplovanje je naredilo Sloveniji veliko škodo. </comment-text-transliterated></comment><comment comment-id="33-3"><comment-parent-id>33</comment-parent-id><comment-text>bofur...v jugi smo dajali za vojsko 10% bdp v sloveniji pa manj kot 1 %,,o kakšnih stroških vi to.....</comment-text><comment-text-transliterated>bofur...v jugi smo dajali za vojsko 10% bdp v sloveniji pa manj kot 1 %,,o kakšnih stroških vi to.....</comment-text-transliterated></comment><comment comment-id="33-4"><comment-parent-id>33</comment-parent-id><comment-text>Ti veljaki so prihajali,ko se je lahko v Sloveniji še kaj zastonj kupilo. Prišel je tudi papež. In kaj je bil rezultat prihoda? Da je Slovenija izgubila večji del gozdov,ki nikoli niso bil last cerkve. Visoki obiski?Hvala lepa. </comment-text><comment-text-transliterated>Ti veljaki so prihajali,ko se je lahko v Sloveniji še kaj zastonj kupilo. Prišel je tudi papež. In kaj je bil rezultat prihoda? Da je Slovenija izgubila večji del gozdov,ki nikoli niso bil last cerkve. Visoki obiski?Hvala lepa. </comment-text-transliterated></comment><comment comment-id="33-5"><comment-parent-id>33</comment-parent-id><comment-text>Slovenija nima zaveznikov. Če si nalijemo čistega vina smo Slovenci najslabši zavezniki, kar jih lahko imaš še hujši od Italjanov.</comment-text><comment-text-transliterated>Slovenija nima zaveznikov. Če si nalijemo čistega vina smo Slovenci najslabši zavezniki, kar jih lahko imaš še hujši od Italjanov.</comment-text-transliterated></comment><comment comment-id="33-6"><comment-parent-id>33</comment-parent-id><comment-text>bofur,kot so vsi ostali dobili nazaj nacionalizirano premoženje,ga je tudi cerkev.....drugače pa slo mediji pljuvajo po trumpu in melaniji vsak dan,,rezultat pa je izolacija slovenije tako v eu,kot v svetu....</comment-text><comment-text-transliterated>bofur,kot so vsi ostali dobili nazaj nacionalizirano premoženje,ga je tudi cerkev.....drugače pa slo mediji pljuvajo po trumpu in melaniji vsak dan,,rezultat pa je izolacija slovenije tako v eu,kot v svetu....</comment-text-transliterated></comment><comment comment-id="33-7"><comment-parent-id>33</comment-parent-id><comment-text>Mislim da Slovenija ni izolirana. Toliko turistov kolikor jih je v Sloveniji jih še ni bilo v zgodovini te države in nacije. Tako da je Slovenija kar priljubljena kot destinacija. Trump in Melanija sta pa tragikomicen par. Zapisan bo Trump kot najslabši predsednik v zgodovini USA. To je mnenje večine Američanov. </comment-text><comment-text-transliterated>Mislim da Slovenija ni izolirana. Toliko turistov kolikor jih je v Sloveniji jih še ni bilo v zgodovini te države in nacije. Tako da je Slovenija kar priljubljena kot destinacija. Trump in Melanija sta pa tragikomicen par. Zapisan bo Trump kot najslabši predsednik v zgodovini USA. To je mnenje večine Američanov. </comment-text-transliterated></comment><comment comment-id="33-8"><comment-parent-id>33</comment-parent-id><comment-text>bofur...koliko američanov poznate???jaz jih kar nekaj in to kar vitrdite z realnostjo nima nobene veze.pod trumpom se je odprlo največ delovnih mest,minimalna urna postavka se je zvišala za 11%,nabil je kitajcem carine,da se ameriškim investitorjem spet izplača vlagati v domače gospodarstvo itd.odpustilje 100.000 javne uprave,public servis,kar večina američanov podpira itd.24 ur je medij demokratovin pišejo kot pišejo,pojdite na kak republikanski medij,da dobite uravnotežene informacije......</comment-text><comment-text-transliterated>bofur...koliko američanov poznate???jaz jih kar nekaj in to kar vitrdite z realnostjo nima nobene veze.pod trumpom se je odprlo največ delovnih mest,minimalna urna postavka se je zvišala za 11%,nabil je kitajcem carine,da se ameriškim investitorjem spet izplača vlagati v domače gospodarstvo itd.odpustilje 100.000 javne uprave,public servis,kar večina američanov podpira itd.24 ur je medij demokratovin pišejo kot pišejo,pojdite na kak republikanski medij,da dobite uravnotežene informacije......</comment-text-transliterated></comment><comment comment-id="33-9"><comment-parent-id>33</comment-parent-id><comment-text>bofur...samo v vednost...trump dela tisto,kar v enem delu zagovarja v sloveniji levica.trumpova administracija je prva v zgodovini zda uvedla poseben zakon za zaščito delavcev.je pa proti migrantom,kateri delajo na črno in ne plačujejo davkov.v zdaje največji možen prekršek,neplačevanje davkov.....tisti kateri v zda dela 8 ur na dan,živi mnogobolje kot slovenec....le zakajvsimožgani bežijo v zda,če je vse tako slabo...ni logike....</comment-text><comment-text-transliterated>bofur...samo v vednost...trump dela tisto,kar v enem delu zagovarja v sloveniji levica.trumpova administracija je prva v zgodovini zda uvedla poseben zakon za zaščito delavcev.je pa proti migrantom,kateri delajo na črno in ne plačujejo davkov.v zdaje največji možen prekršek,neplačevanje davkov.....tisti kateri v zda dela 8 ur na dan,živi mnogobolje kot slovenec....le zakajvsimožgani bežijo v zda,če je vse tako slabo...ni logike....</comment-text-transliterated></comment><comment comment-id="34"><comment-parent-id /><comment-text>Kakšne pišete eni... tudi take info, ki niso v članku... Srecno, dama! Zelo lepo dobrodoslico je dobila... in zelo lepe v stilu so se nam prikazale. Uzivajte v nasi cudoviti dezeli, slovenscine se nikar ne ucite - boljse preslisati vecino folka tukaj</comment-text><comment-text-transliterated>Kakšne pišete eni... tudi take info, ki niso v članku... Srecno, dama! Zelo lepo dobrodoslico je dobila... in zelo lepe v stilu so se nam prikazale. Uzivajte v nasi cudoviti dezeli, slovenscine se nikar ne ucite - boljse preslisati vecino folka tukaj</comment-text-transliterated></comment><comment comment-id="35"><comment-parent-id /><comment-text>Torej mož doniral stranki 2.6 Mio USD in s tem kupil položaj v zunanjem ministrstvu. No in temu se po ameriško reče demokracija. Stara juga je bila bolj demokratična. Je vsaj pošiljala v tujino karierne diplomate, ne pa soprog kakih partijskih veljakov. Temu se reče klasični nepotizem. Žena donatorja do položaja. Kaj bo ta gospa počela v SLO? Ja možu bo skušala oplemenititi njegovo donacijo. ZDA država, kjer si z denarjem lahko kupiš vse. Imuniteto pred zakonom, položaje v vladi, znanje, izobrazbo, diplomo, naslove... </comment-text><comment-text-transliterated>Torej mož doniral stranki 2.6 Mio USD in s tem kupil položaj v zunanjem ministrstvu. No in temu se po ameriško reče demokracija. Stara juga je bila bolj demokratična. Je vsaj pošiljala v tujino karierne diplomate, ne pa soprog kakih partijskih veljakov. Temu se reče klasični nepotizem. Žena donatorja do položaja. Kaj bo ta gospa počela v SLO? Ja možu bo skušala oplemenititi njegovo donacijo. ZDA država, kjer si z denarjem lahko kupiš vse. Imuniteto pred zakonom, položaje v vladi, znanje, izobrazbo, diplomo, naslove... </comment-text-transliterated></comment><comment comment-id="35-1"><comment-parent-id>35</comment-parent-id><comment-text>Ja, v Jugi ni bilo nepotizma, še manj vez in poznanstva popularno VIP) da ne govorimo o "rodbini".... ma koliko si star? 😂😂😂😂</comment-text><comment-text-transliterated>Ja, v Jugi ni bilo nepotizma, še manj vez in poznanstva popularno VIP) da ne govorimo o "rodbini".... ma koliko si star? 😂😂😂😂</comment-text-transliterated></comment><comment comment-id="35-2"><comment-parent-id>35</comment-parent-id><comment-text>Sicer pa, ZDA imajo tak politični sistem, da se že med predsedniško kampanijo donirajo sredstva, ki se seveda potem "pokompenzirajo". Tako delujejo v ZDA, levi in desni. Npr. ; uradno: Za kampanijo Clintonove so "sponzorji" donirali 30 mil USD. Kako misliš da bi jim vrnila, če bi zmagala? </comment-text><comment-text-transliterated>Sicer pa, ZDA imajo tak politični sistem, da se že med predsedniško kampanijo donirajo sredstva, ki se seveda potem "pokompenzirajo". Tako delujejo v ZDA, levi in desni. Npr. ; uradno: Za kampanijo Clintonove so "sponzorji" donirali 30 mil USD. Kako misliš da bi jim vrnila, če bi zmagala? </comment-text-transliterated></comment><comment comment-id="35-3"><comment-parent-id>35</comment-parent-id><comment-text>V diplomaciji? Katera soproga, gospa donatorjev ali veljakova, je dobila položaj denimo ambasadorke v Washingtonu? </comment-text><comment-text-transliterated>V diplomaciji? Katera soproga, gospa donatorjev ali veljakova, je dobila položaj denimo ambasadorke v Washingtonu? </comment-text-transliterated></comment><comment comment-id="35-4"><comment-parent-id>35</comment-parent-id><comment-text>Soproga ne, bila je pa "rodbina" ali ljubica ali komšija.... še enkrat, koliko si star? </comment-text><comment-text-transliterated>Soproga ne, bila je pa "rodbina" ali ljubica ali komšija.... še enkrat, koliko si star? </comment-text-transliterated></comment><comment comment-id="35-5"><comment-parent-id>35</comment-parent-id><comment-text>In castrum? Kaj sem pa jaz napisal. Da si lahko v ZDA z denarjem, "donacijami", kupiš VSE. To ni definicija demokracije. To je definicija absolutnih monarhije, diktatur, tiranij, kjer so plemeniti, člani oligarhij, bili in so nad zakoni. </comment-text><comment-text-transliterated>In castrum? Kaj sem pa jaz napisal. Da si lahko v ZDA z denarjem, "donacijami", kupiš VSE. To ni definicija demokracije. To je definicija absolutnih monarhije, diktatur, tiranij, kjer so plemeniti, člani oligarhij, bili in so nad zakoni. </comment-text-transliterated></comment><comment comment-id="35-6"><comment-parent-id>35</comment-parent-id><comment-text>A res? In ti si neki veliki poznavalec diplomacije. Konkretno mi povej kateri "komšija, ljubica, rodbina" je dobil službo v jugoslovanski diplomaciji!? Jugoslavija se ni blamirala. Pošiljala je v tujino KARIERNE diplomate,ne pa soprog nekih apartčikov, ki so zaslužili z vzrejo prašičev. </comment-text><comment-text-transliterated>A res? In ti si neki veliki poznavalec diplomacije. Konkretno mi povej kateri "komšija, ljubica, rodbina" je dobil službo v jugoslovanski diplomaciji!? Jugoslavija se ni blamirala. Pošiljala je v tujino KARIERNE diplomate,ne pa soprog nekih apartčikov, ki so zaslužili z vzrejo prašičev. </comment-text-transliterated></comment><comment comment-id="35-7"><comment-parent-id>35</comment-parent-id><comment-text>Ne bofur, napisal si naivno razmišljanje. Svet, predvsem pa politiko vodijo interesi! Tako je bilo vedno in vedno bo. Demokracija pomeni samo to, da so zadeve zaradi pluralizma malo bolj pregledne in kontrolirane. </comment-text><comment-text-transliterated>Ne bofur, napisal si naivno razmišljanje. Svet, predvsem pa politiko vodijo interesi! Tako je bilo vedno in vedno bo. Demokracija pomeni samo to, da so zadeve zaradi pluralizma malo bolj pregledne in kontrolirane. </comment-text-transliterated></comment><comment comment-id="36"><comment-parent-id /><comment-text>Naša zunanja diplomacija je namesto tega da bi izkoristila položaj Slovenke v Beli hiši, celemu svetu pokazala svojo popolno nesposobnost ki temelji na ideološki zaslepljenosti. </comment-text><comment-text-transliterated>Naša zunanja diplomacija je namesto tega da bi izkoristila položaj Slovenke v Beli hiši, celemu svetu pokazala svojo popolno nesposobnost ki temelji na ideološki zaslepljenosti. </comment-text-transliterated></comment><comment comment-id="37"><comment-parent-id /><comment-text>Vsak kesec prihajajo novi veleposlaniki, za njo je treba pa v zivo prenos?! </comment-text><comment-text-transliterated>Vsak kesec prihajajo novi veleposlaniki, za njo je treba pa v zivo prenos?! </comment-text-transliterated></comment><comment comment-id="38"><comment-parent-id /><comment-text>Glede znanja tujih jezikov, izobrazbe in ostalega (z izjemo menežerskih funkcij in donacij republikancem) imam boljše kompentence od slednje gospe... Kam se lahko prijavim za veleposlanika' . Glede na ažurnost potrditve veleposlanice je zelo lepo vidna "pomembnost" Slovenije oz butal v Beli hiši ! </comment-text><comment-text-transliterated>Glede znanja tujih jezikov, izobrazbe in ostalega (z izjemo menežerskih funkcij in donacij republikancem) imam boljše kompentence od slednje gospe... Kam se lahko prijavim za veleposlanika' . Glede na ažurnost potrditve veleposlanice je zelo lepo vidna "pomembnost" Slovenije oz butal v Beli hiši ! </comment-text-transliterated></comment><comment comment-id="39"><comment-parent-id /><comment-text>Kmalu bo v Ameriški vladi več Slovencev kot v naši, verjetno je pa prišla na pop tv po vse pohvale in čestitke za predsednika Trumpa, spotoma pa še v Murgle k Kučanu po prošnjo za donacijo za njegov forum 21, ker slovenija ne zmore več.</comment-text><comment-text-transliterated>Kmalu bo v Ameriški vladi več Slovencev kot v naši, verjetno je pa prišla na pop tv po vse pohvale in čestitke za predsednika Trumpa, spotoma pa še v Murgle k Kučanu po prošnjo za donacijo za njegov forum 21, ker slovenija ne zmore več.</comment-text-transliterated></comment><comment comment-id="40"><comment-parent-id /><comment-text>DA bo razumela naše levuherje ne sme biti preveč bistra ...edino na laganje in zavajanje se naj dobro pripravi.</comment-text><comment-text-transliterated>DA bo razumela naše levuherje ne sme biti preveč bistra ...edino na laganje in zavajanje se naj dobro pripravi.</comment-text-transliterated></comment></comments-list></comments></document>