<?xml version="1.0" encoding="utf-8"?>
<document global-id="si-04-1189">
	<url>https://www.vecer.com//201601306182509-6182509</url>
	<source-id>si-04</source-id>
	<local-id>1189</local-id>
	<source-name>Večer</source-name>
	<article>
		<article-title>Demokracije v globalizaciji ni</article-title>
		<article-title-transliterated>Demokracije v globalizaciji ni</article-title-transliterated>
		<article-time>2016-01-30</article-time>
		<article-author>Kristina Božič</article-author>
		<article-text>Eden najbolj priznanih antropologov, profesor socialne antropologije na univerzi v Oslu in predsednik evropskega združenja socialnih antropologov zbrano razkriva evropsko družbeno krajino. Slika ni lepa. Hkrati so na obzorju nujnosti in potenciali lepih, velikih zgodb. Norveški antropolog je avtor številnih znanstvenih del, med drugim monografij Majhni kraji, velike teme; Zastava, nacija in simbolizem v Evropi in Ameriki (Flag, Nation and Identity in Europe and America) ter Svet negotovosti (A World of Insecurity). Bil je pogost komentator ob sojenju norveškemu nacionalističnemu ekstremistu Andersu B. Breiviku, ki ga je citiral v svojem manifestu. V Ljubljani je predaval na tretjem mednarodnem simpoziju Zakaj svet potrebuje antropologe – s svojim delom ponuja jasne razloge.Kako danes razumeti Evropo? Ideja je bila, da se bo vzhod po padcu Berlinskega zidu približal zahodu. A z dviganjem ograj proti beguncem tudi v Sloveniji in govoru o omejitvah schengna se zdi, da se zahod bliža vzhodu.&quot;Nekaj zidov se je s ponovno združitvijo Evrope po koncu sovjetskega komunizma res porušilo. Lahko smo svobodno potovali. Vendar je to ljudi le še dodatno spominjalo in opominjalo na druge, nevidne zidove, ki ločujejo glede na življenjske priložnosti. Madžarsko gospodarstvo se komaj drži nad vodo in ljudem tam v primerjavi z Nemkami in Nemci ni lahko. Tudi ljudje v osrednji in vzhodni Evropi so bili ves čas opominjani na ta svoj slabši položaj. Poljaki, ki gredo delat v zahodno Evropo, imajo po navadi visoko ali višjo izobrazbo, končajo pa kot delavci v gradbeništvu, saj le tam najdejo delo. Zato je bila izkušnja zadnjih desetih, petindvajsetih let za mnoge Evropejce z vzhoda ponižujoča.Slovenska izkušnja je bila drugačna, saj ste bili kot najbogatejši del Jugoslavije v gospodarsko relativno dobrem položaju. Morda se je to spremenilo v zadnjem obdobju, a če pogledamo širše, ste bili najbližje zahodnoevropskim državam. Slovaška po drugi strani, tudi Poljska in Madžarska ter celo vzhodna Nemčija se še vedno soočajo s socialnimi problemi, ki so mnogo hujši kot v zahodni Nemčiji. Ta pomembna meja, četudi nevidna, še vedno obstaja.Potem pa je tu še drug dejavnik: ljudje globalizacijo vse bolj vidijo kot grožnjo in ne več kot priložnost. V devetdesetih je globalizacija še vedno predstavljala nekaj dobrega: pomenila je odprtost, padec mej in več komunikacije, stikov, lažje potovanje, investicije, priložnosti za zaposlitev, možnost študija v tujini ... Bilo je fantastično. Imeli smo internet! A po terorističnih napadih na New York in Pentagon se je začel pogled obračati. Vse več ljudi gleda na svet, ki je tam zunaj, s sumničenjem. Tuji svet je poln nevarnosti. Napadom 11. septembra 2001 je sledil cel niz zdravstvenih preplahov – od sarsa do ptičje gripe. Smrtonosne bolezni, ki se prenašajo po zraku, a pridejo od drugod in se nenadzorovano širijo, skupaj s terorizmom. Gre za enako 'resnico' – idejo: svoboda gibanja postane grožnja, ne pa priložnost. To je okvir te nove govorice, ki smo ji priča.&quot;Zdi se, da sta sedaj varnostna in zdravstvena grožnja prišli skupaj. Slovenske oblasti so policistom takoj dale rokavice in maske. Smo spet na prelomni točki?&quot;Po svoje. Ne vemo še, kaj bo iz sedanje situacije nastalo. A vseeno je dokaj očitno, da smo v prelomnih trenutkih. Zaupanje v evropski projekt je danes nižje kot kdajkoli doslej. Povsod. Tudi v Nemčiji so ljudje, ki dvomijo, da ima lahko EU prihodnost in da lahko ustvarimo integrirano Evropo z vsaj določeno stopnjo skupne identitete in sodelovanja. Časi so dramatični: z negotovostjo in finančnim položajem, kakršen je, z begunci in vse večjo polarizacijo v javnih debatah, ko pride do vprašanj identitete. Ne gre več toliko za tipična vprašanja naroda in narodnosti, ampak se vprašanja vrtijo predvsem okoli vsebine naroda. Redki govorijo, da je čas, da pustimo narod za sabo in postanemo vsi le Evropejci, pa je to nekaj, kar bi morda ljudje govorili v devetdesetih.Druga šokantna razsežnost sedanjosti je, če se spomnimo, da je tudi bosanska vojna povzročila, da je stotisoče beguncev prebegnilo proti severu in na zahod. O tem, ali se bo sprejelo te begunce, tedaj ni bilo debate. Sprejelo se jih je, nastanilo in poskrbelo zanje. Je bila razlika v tem, da so bili beli in Evropejci? Ali pa se je danes spremenilo še kaj drugega? Ne znam vam dati jasnega odgovora, a zagotovo se je zgodila dramatična sprememba, če pogledamo, kako se je govorilo o bosanskih beguncih in kako se danes govori o sirskih.&quot;Ali Afganistancih, Iračankah, Sudancih, Nigerijkah ... Čeprav je ekonomija že davno nadvladala politiko, se ločuje med političnimi in ekonomskimi begunci. Ob tem je Angela Merkel že pred leti rekla, da je multikulturalizem mrtev.&quot;To je v resnici zelo zanimivo, sploh če upoštevamo njene zadnje odločitve, ki so omogočile prihod številnih Sirk in Sircev v Nemčijo. Spomnim se, da sem tedaj pisal o tem, saj so skoraj identične besedne zveze uporabili ona, Nicolas Sarkozy in David Cameron. Glavni in najmočnejši politični voditelji Evrope. A mislim, da je Merklova tedaj govorila o tem, da je mrtev multikulturalizem kot raznolikost, ne pa različne etnične skupine. Skrbelo jo je in je zato pokopala kulturno raznolikost.&quot;Kaj bi bila ta razlika, o kateri govorite?&quot;Če se ne motim, bi to pomenilo, da problem za Merklovo ni, če ljudje pridejo iz različnih etničnih in kulturnih okolij, če se nato obnašajo na enak način, ko so tu. Morajo se torej integrirati. Multikulturalizem lahko pomeni omogočanje razlik, to pa lahko pripelje do obstoja vzporednih družb. Njeno tedanjo izjavo bi tako lahko razumeli kot opozorilo pred nastankom takih vzporednih družb. Da se Turki denimo ne naučijo nemško in se družijo le med sabo, imajo lastno neformalno ekonomijo. Somalci, ki se nikoli ne navadijo na kulturne navade Nemčije. V tej luči bi lahko rekli, da je morda govorila o tem, da potrebujemo skupne kulturne vrednote. In temu ne bi nujno nasprotoval.Vedno sem bil naklonjen raznolikosti, a tudi skeptičen do multikulturalizma, ki pogosto temelji na skupinski pripadnosti. Ideja je, da če si Tamilec, potem se moraš obnašati kot Tamilec. Sam verjamem, da bi morali ljudje svobodo izbirati, ne glede na to, kdo so. Hibridnost, pluralizem ali mešanje so vse drugačne rešitve kot multikulturnost. Predpostavljajo, da vzamemo nekaj od tu in nekaj od tam, da si sposodimo drug od drugega in ustvarimo nekaj novega. To danes ponekod po Evropi tudi srečamo, vključno z mojim rodnim krajem, Oslom. Ta pluralizem vidim med mladimi, ki prihajajo, ali pa so njihovi starši prišli z vseh mogočih koncev sveta. V Oslu so sedaj ustvarili novo kulturo mladih, novo govorico ...&quot;Opozarjate, da kulture niso ne racionalne ne homogene. V Sloveniji se desnica boji, da bi muslimanska oblačila napadla slovensko kulturo. Tudi Slavoj Žižek, ki ste ga omenili med predavanjem, pravi, da prepričanja nekaterih muslimanov niso skladna z zahodnimi vrednotami, karkoli bi te lahko bile ...&quot;Da, Žižku sledim že leta. In berem, kaj piše tudi v zadnjem času. Morda je del zabavne industrije, a govori tudi o raznolikosti in multikulturnosti – in ko govori o teh pojmih, postane očitno, da ne ve, o čem govori. S tem ko opisuje to kot parodijo, naredi iz sebe, preden se zave, glasnika ekstremne desnice. Ta vprašanja so mnogo bolj zapletena in večplastna. V zahodni Evropi je bilo narejenih veliko raziskav o hijabu. Pokazalo se je, da gre za kompleksno vprašanje: za mnoge ženske, verjetno za večino, je hijab le način, da potrdijo, kdo so. Da to povedo in izrazijo. V veliki večini, če ne v vseh primerih, ne gre za nič bolj dramatičnega. Moje kolegice na univerzi nosijo hijab, skupaj klepetamo ob kosilih, imajo družine, otroke poberejo iz vrtca, ko ponje ne more mož. Živijo življenje kot vsi drugi. Nobena grožnja niso za nikogar. Edina nevarnost v sedanji situaciji je, da bi se vse muslimane začelo povezovati z ekstremizmom in umikom iz družbe. Ljudem mora biti omogočeno, da kombinirajo in zmešajo svoje identitete. Končna kombinacija mora biti vsakič znova osebna odločitev.&quot;Pišete, da v Londonu obstaja 300 jezikov, v predelu Osla 160. Kako se lahko ljudje, če govorijo toliko različnih jezikov, pogovarjajo med sabo in sporazumevajo?&quot;To je pomembno vprašanje. In tu bi rekel, da zelo močna oblika multikulturalizma ni dobra ideja. Kajti kmalu lahko nastane situacija, ko imajo ljudje premalo skupnega, da bi lahko skupaj oblikovali in bili del iste družbe. Kar nekaj stvari moramo imeti skupnih, da imamo lahko družbo. Potrebno je soglasje, kako in kje šolati otroke, kako bomo zaslužili za preživetje in potrebujemo jezik komunikacije. Večina ljudi, ki sestavljajo to marvico 160 jezikov, govori tudi norveško. Drugače bi jim bilo še mnogo težje: ne bi mogli slediti novicam na televiziji, nič ne bi vedeli o politiki in družbi ... Ogromno stvari je, ki jih moraš razumeti, če želiš biti polnopraven sodelujoči v moderni družbi. Zato sem prepričan v moč in pomen skupnega jezika, ki ga delimo kot člani družbe. Zame je to tudi meja multikulturalizma. Skupni jezik je nujen.&quot;A države beguncem otežujejo prav vzpostavljanje najbolj temeljnih skupnih orodij. Nemčija, Danska, Švedska, Avstrija, celo Slovenija, ki ima že sedaj minimalne azilne standarde, še zaostrujejo začasnost podeljenega statusa, pravico do združevanja z družino ... Kaj so tu nevarnosti?&quot;Vse bolj omejujoče politike, ki jih v različnih preoblekah vidimo v večini evropskih držav, so gotovo recept za krepitev identitetnih politik in zelo verjetno tudi ekstremizmov. Najhitrejša in najbolj pomembna posledica bo, da se ljudje zaradi teh ukrepov enostavno ne bodo počutili dobrodošle. Kaj to pomeni? Da bodo razumeli, da večinska družba ne želi, da bi tudi oni postali del njih, del družbe. 'Prav, potem jim bom pa pokazal, da sem hudičevo lahko tudi nekdo drug. Sovražim Evropo! Sovražim dekadenco zahodne civilizacije,' je lahko stereotipen, a resničen odziv. Gre za zelo preprosto človeško psihologijo. Če do ljudi nisi zaupljiv in odprt, če si poln nezaupanja in sumničavosti, se bodo tudi oni obnašali tako. Zato to niso pametne in najboljše politike.&quot;Hkrati se s tem povečuje prekarnost, negotovost beguncev. Kdo bo vložil vse v učenje novega jezika, ustvarjanje novega življenja, če bo morda že čez dve leti prisiljen, da zapusti državo, ker bodo ugotovili, da je njegova domovina sedaj &quot;varna&quot;?&quot;Ljudem takoj res morda ne morete dati državljanstva, morda tudi ne dovoljenja za stalno prebivanje, a zagotovo je treba vsem takoj omogočiti, da se začnejo učiti jezika in da lahko nekaj delajo – služijo denar ali se izobražujejo. To mora biti prioriteta. Le tako se bomo izognili temu, da begunci ne bi bili integrirani, da ne bodo imeli dela in bodo zato morali prejemati socialno podporo. Taka situacija pa je nato sijajna podlaga za desnico, da prevzame politični prostor in govorico: 'Zakaj ne delajo?' 'Leni so.' 'Le izkoriščajo sistem ...' in podobne neumnosti.To potem ni dobro za nikogar. Najbolje bi bilo, da poskusimo ljudi čim prej integrirati. Tudi če se jih nato vrne, so vsaj imeli določeno izkušnjo znotraj druge kulture.Sedanja situacija, ko prihaja v kratkem času veliko beguncev, je težka. Ni enostavno. Je težko, drago in zagotovo pomeni vse to tudi pritisk na naše družbe. A to ne pomeni, da nam ne bo uspelo. Težke stvari smo v zgodovini že naredili. Na Norveškem, kjer je toliko denarja in toliko visoko izobraženih ljudi, ki nimajo dela, ni razloga, zakaj ne bi sprejeli in poskrbeli za begunce. To lahko naredimo. Imamo izbiro. V položaju, v katerem smo, ni nobenega determinizma – lahko se odločimo, kam želimo, da se naše družbe razvijajo.&quot;V projektu Pregreto (Overheated) raziskujete preplet financ in ekonomije, okolja in narave ter kulture in nacionalnosti. Slovenski filozof Tadej Troha opozarja, da se je finančna govorica preslikala na to, kako obravnavamo begunce – obstaja &quot;fiskalna&quot; meja, meja, koliko ljudi države &quot;zmorejo&quot;. Kako se krize prepletajo in vplivajo druga na drugo?&quot;Ne gre le za vplive finančne krize, ampak za posledice neoliberalnega, s trgom prepredenega načina razmišljanja. Tega v zahodni Evropi v osemdesetih in devetdesetih nismo poznali. Na Švedsko in Norveško je prišlo veliko beguncev iz Somalije, Afganistana, Iraka ... Ti ljudje so prišli iz uničenih držav, ki jih dejansko ni bilo, ki niso delovale. Potrebovali so zaščito. Debate, ali so 'le' ekonomski begunci ali so bili preganjani, ni bilo. Glavno izhodišče je bilo, da so bile njihove države uničene, deloma z našo pomočjo, in samoumevno je bilo, da jih je bilo treba sprejeti. Ekonomski vidik ni bil pomemben. Danes je postal glavni argument. Na Norveškem poslušamo le, kako je to, da bodo prišli, predrago in da begunci ne bodo delali ... Tudi če so številke vzete iz konteksta in so nerealne, postanejo srčika vseh pogovorov. Tega prej ni bilo ...&quot;Govorilo se je o človekovih pravicah?&quot;Da, o humanitarnih vrednotah: videli smo ljudi, ki so izgubili vse in potrebujejo zaščito, ki potrebujejo priložnost. To je nekaj, kar jim lahko damo, zato jim dajmo priložnost. Pred nekaj desetletji je bil to prevladujoči argument. A v vmesnem času sta se celotna evropska govorica in razmislek premaknila proti trgu in se pokorila tržni, kapitalski logiki. Danes imamo odnose, v katerih je manj pravic, manj optimizma in manj odprtosti. Želim si, da bi lahko rekel, da se bo to kmalu spremenilo. Vendar v resnici te spremembe ne vidim.&quot;Ideja je bila, da bo globalizacija, tudi če najprej ekonomska, za sabo pripeljala še demokracijo. Opozarjate, da je danes edina stvar, ki ni globalna in je je vse manj, prav demokracija.&quot;Drži.&quot;A sami trdite, da so med družbami razlike. Kako ohraniti mejo med rasizmom, ki bi trdil, da nekdo &quot;ni zrel za demokracijo&quot;, in zavedanjem, da prihajamo iz različnih okolij?&quot;Mnogi trdijo, da je vsak kulturni relativizem rasističen. Mislim, da to ne drži. Zame je rasizem nekaj zelo specifičnega. Gre za prepričanje o vrojenih, genetskih razlikah med ljudmi. Vendar vidimo, da tudi opozarjanje in prepričanje v kulturne razlike deluje podobno: razlikuje se na podlagi videza. Obstajata kulturna diskriminacija in nepotrpežljivost do integracije, ki postaja v Evropi, kjer je prej ni bilo, vse bolj opazna. Pričakuje in zahteva se, da ljudje takoj postanejo taki, kot smo mi. Nekoč je bilo mnogo več odprtosti, da lahko vsak ohrani svoj način življenja znotraj družine, neke širše vrednote ... Verjelo se je, da se bodo ljudje počasi vključili v družbo in odnos je bil bolj gostoljuben, humanističen, utemeljen na ideji države blagostanja. Sedaj trg dominira nad tem odnosom, ki je mnogo manj velikodušen.&quot;Tudi manj demokratičen?&quot;Zagotovo, vsaj ko pride do človekovih pravic. Jasno vidimo, da imamo različna življenja in vrednote. Po napadih v Parizu je bilo enostavno dati na svoj facebook francosko zastavo. Če bi želeli dati libanonsko zastavo – po napadih v Bejrutu, se izkaže, da je težko najti tako libanonsko zastavo, ki bi jo bilo mogoče uporabiti za profilno sliko. Norveški Libanonec, ki že dlje časa živi na Norveškem in ima norveško državljanstvo, je v napadu tedaj izgubil družino. Premier ni o tem rekel niti besede. Po napadih v Parizu pa je posebej izpostavil in tolažil žensko, ki je bila blizu eni od eksplozij. Vsi državljani ne štejemo enako.&quot;Pisali ste o človeški varnosti kot o svobodi pred pomanjkanjem in strahom. Danes varnosti, ki temelji na odsotnosti grožnje pomanjkanja in bede, ne poznamo več. Varnost je zreducirana na militarizacijo in varnostizacijo – krepitev represivnega aparata.&quot;Varnost lahko pomeni različne stvari. A v nemščini, francoščini in norveščini obstajajo različni izrazi za ta dva pojma. V angleščini, po drugi strani, ko nekdo reče 'security', pomislimo le na varnostizacijo mej, militarizacijo mejnih prehodov: meje so pretočne in luknjičave, zato jih je treba zaščititi z nasilnimi sredstvi ali z grožnjami nasilja. Ko govorimo o človeški varnosti, ta ni neposredno povezana z nasiljem, ampak gre predvsem za občutek varnosti. Tega danes v naših modernih družbah ne moremo zagotoviti precejšnjemu številu ljudi. To je najbolj žalostna razsežnost trenutne evropske realnosti. Ljudem ne moreš obljubiti, da bodo varni, če pridejo sem iz Afganistana ali Sirije.&quot;Kako se je zgodila ta redukcija varnosti? Je to povezano tudi z odmikom centrov odločanja vse dlje od ljudi, za birokratske sisteme? Zakaj je država še vedno močna, ko postavlja rezilno žico, ne pa ko zagotovi temeljne človeške varnosti?&quot;Oba procesa imam v mislih, ko govorim o manku demokratizacije znotraj globalizacije. Globalizacija postaja prav to: med ljudmi vse bolj pogost občutek, da imajo vse manj oblasti in priložnosti vplivati na pogoje, ki določajo njihova življenja. Odločitve se sprejema nekje drugje, na neki višji ravni. Ni možnosti soodločanja ali vpliva, ker so centri odločanja predaleč in premočni. Pomen lokalnosti, da veš, na koga se obrniti, kje lahko odgovorne srečaš, da se pritožiš, je pomemben. Tudi če te nato ne upoštevajo, jim lahko vsaj pogledaš v oči in poveš svojo zgodbo.Če so resnični odločevalci v oddaljeni prestolnici, kot je Bruselj, pa ta odnos hitro postane preveč oddaljen. To ustvarja negativno reakcijo proti EU in manjša zaupanje ljudi v Evropo.&quot;Kam vodijo ti oddaljeni centri kapitalske in odločevalske moči ter lokalna odrezanost, odtujenost? Se prepad veča v smeri distopije?&quot;Ali se prepad veča, je veliko vprašanje. Odvisno, kje si. V ZDA se nedvomno povečuje, vsaj če gledamo razporeditev bogastva.&quot;A ta trend vse večje neenakosti je enak po vsem svetu, od Evrope prek Afrike do Kitajske.&quot;Drži, v Afriki obstajajo kleptokracije, ki so popolnoma umaknjene in nepovezane z lastnimi družbami. V mnogih državah Evrope in tudi drugod raste nezadovoljstvo z demokracijo in nezaupanje vanjo. Tudi v Avstraliji. Tam ljudje živijo v sistemu, ki se zdi demokratičen – glasujejo na volitvah, obstaja svoboda izražanja. A večina medijev je v rokah nekaj družin in politiki so v postelji z rudarsko industrijo, ki vselej preglasi lokalne skupnosti. Ljudje imajo občutek, da v resnici ni demokracije, a dokler je gospodarstvo v redu, bo večina zadovoljna: če bodo le imeli dobre službe in ohranjali dober življenjski slog. Kljub temu pa obstaja zelo razširjeno razočaranje.Podobno je v Rusiji. Danes nihče več ne govori o demokraciji v Rusiji, četudi je bil to cilj v letih po padcu komunizma.&quot;Mnogi trdijo, da bi demokracija prinesla le kaos ali še kaj slabšega. Vas ti argumenti prepričajo? Lahko globalizacija deluje demokratično?&quot;Mislim, da ne more. Globalizacija nujno prinese občutek odtujenosti. Vse bolj sem prepričan, da je demokracija, v idealni obliki, lahko le lokalna. V EU je nekaj časa obstajalo sijajno načelo subsidiarnosti. Veljalo je, da se bo odločitve sprejelo na najnižji možni ravni. Če bi se to spoštovalo, bi ljudje lahko ohranili vsaj nekaj moči soodločanja o lastnih življenjih. Najnevarneje pa postane, ko resnične odločitve sprejemajo v korporacijah; ko jih ne sprejemajo več politiki – vseeno v Bruslju ali Ljubljani. Sestankov korporacij ne vidimo, zanje ne vemo in nanje nimamo dostopa.&quot;Omenjali ste voditelje, ki so imeli vizijo, da so sprejeli prelomne odločitve. Ali taki voditelji še obstajajo ali je kapitalski vpliv premočan?&quot;Ne, ni jih več. Precej šokantno je, da so se tako zelo povezali s centri moči. V politiki vidimo velike spremembe. Ni več optimistične vizije o prihodnosti, ki bi bila kredibilna in bi ji ljudje verjeli. Noben politik ni pripravljen reči, da smo sedaj na tej točki in bi bilo dobro, če bi bili čez dvajset let na oni točki – morda ne bo lahko, morda bo hudičevo težko, a gre za nujen premik. Take voditelje je imela skoraj vsaka država po drugi svetovni vojni. Splošni družbeni duh je odražal zavedanje, da je treba na novo zgraditi domovine in da bomo to lahko naredili le s skupnimi močmi. Obstajal je občutek kolektivnosti in kolektivnega cilja – za njegovo uresničitev je bil nujen trud vseh. Tudi zato so bili ljudje veseli in zadovoljni: imeli so občutek, da prispevajo k družbi, k nečemu, kar je vredno, pomembno in smiselno.&quot;Kaj vam vaše znanje iz antropologije pove o tem, kaj se zgodi z družbami, kulturami, ki nimajo te pozitivne, optimistične vizije?&quot;Mislim, da izgubijo. Ljudje, ki imajo v sebi več optimizma, imajo cilj, smer, kamor želijo. V Evropi je, kot da smo prešli zenit in tonemo. Ekonomsko zagotovo. Kitajska postaja nova supersila, islam ima v sebi več odgovorov, ko se pojavijo vprašanja identitete. Evropa je bila vselej polna dvomov sama vase, a zdaj se zdi, da ima dvomov več kot kdajkoli prej. Nimamo pojma, kje in kdo smo ter kam gremo.&quot;Strahovi, na katerih gradi desnica, so resnični?&quot;Desnica ima zelo močno orodje. To, da se morajo ljudje postaviti v bran proti Islamu in muslimanom, je lahko zelo močan povezovalni element. Nenadoma imajo zgodovinsko nalogo – očistiti Evropo vseh muslimanov. Preprosto sporočilo, jasna naloga.Nasproti temu pa imamo sprane, ambivalentne in dvomljive politike, ki nimajo črno-belih odgovorov, ker vidijo situacijo z različnih strani. A morda so prav zato med najboljšimi politiki, saj se ne poslužujejo avtoritarnih pristopov in sodb, četudi izpadejo šibki. To je sedanja polarizacija, s katero bomo morali živeti. Vedeti pa moramo, da preprostih rešitev ni.&quot;Govorica islamistov najde odsev v govorici ekstremne evropske desnice.&quot;Drži. Odvisni so drug od drugega, ker predstavljajo podobne poglede na svet. Do pred kratkim smo lahko evropsko politiko delili na levo in desno, med socialiste in konzervativce. Te delitve ni več.&quot;Slovenija je bila zaradi svoje &quot;belosti&quot; vzor norveškemu nacionalističnemu teroristu Andersu Behringu Breiviku. Zdaj smo na meje namestili rezilno žico. Čigava pričakovanja izpolnjujemo?&quot;To, da so bili v Ljubljani 'črnci' Albanci in prebivalci drugih balkanskih držav, se ve. Država ni bila nikoli etnično čista, a je šlo za nevidne manjšine, ki pa so jih vseeno člani družbe poznali in prepoznali. Porast in krepitev etničnega nacionalizma v osrednji in vzhodni Evropi je dejstvo. To vidimo na Poljskem, ki je mnogo večja in nevarnejša kot Slovenija. Politiki govorijo, da islam ni del evropske kulture, zato ne potrebujemo muslimanov.&quot;Se ti argumenti ne pojavljajo tudi v Skandinaviji?&quot;Ne na isti način. Imamo daljšo zgodovino sprejemanja migrantov. V prejšnji vladi smo imeli kulturno ministrico, ki je bila muslimanka, rojena in vzgojena na Norveškem. Res pa je, da poslušamo enake besedne zveze in mantre. Le nekoliko manj ekstremne kot na Madžarskem ali Poljskem.&quot;Pa je zgodovinska izkušnja dovolj močna, da bi se etnonacionalistične vzgibe vzhoda umirilo?&quot;Ne. Borimo se z enakimi nasprotji in težavami. Po pariških napadih je norveška ekstremna desnica pridobila veliko glasov. Že sedaj so v vladi s konzervativci, kar je sramota za Norveško. Javno mnenje je podobno evropskemu. Pogovarjava se o evropskem fenomenu in ne o nečem, kar bi bilo specifično za vzhodno in osrednjo Evropo. Tam je to le bolj izrazito – tudi zato, ker je tam manj priseljencev. Če želite najti evropsko prestolnico, kjer boste na ulicah videli večinoma bele obraze, morate na vzhod. Tega v Parizu, Berlinu, v Hamburgu ali Münchnu ni. Gre za resnično kozmopolitska mesta, kjer ima več kot polovica ljudi, ki jih srečate, drugačno družinsko zgodbo in ozadje.&quot;Kam je izginila ta kozmopolitskost? Nekoč je obstajala tudi v Vilniusu. Smo to popolnoma zbrisali iz evropskega DNA?&quot;Ne v celoti. Še vedno se čuti posledice nacizma, predvsem na vzhodu. V Sarajevu je multikulturnost izginila po razpadu Jugoslavije, ki je prinesel uničevalnost nacionalizmov. Ne bi rekel, da je tega konec. Za kratek čas, ko je bilo več optimizma, je to živelo. A zdaj živimo v času, ko je ljudi strah. To je slabo za idejo, ki podpira odprtost. Strah pomeni, da hočeš namestiti vrata, jih zapreti in zakleniti, saj se bojiš zunanjega sveta. To je naša realnost.&quot;In kje iskati resnično varnost?&quot;Nimam pripravljenih lahkih rešitev. A zdi se mi, da potrebujemo velik, kolektivni projekt – na svetu in na evropski celini. Moral bi biti povezan z vprašanjem podnebja in okolja, zahteval pa bo velike spremembe v življenjih vseh nas. Kot posamezniki se bomo morali spremeniti, a tudi naše družbe. Ne gre za to, ali se hočemo spremeniti. Moramo se. To bo mnogo bolj pomembno in hkrati težje kot vse drobne razprave in prepiri o hijabih in podobne neumnosti. Pri iskanju okoljskih rešitev bomo morali vsi sodelovati in prispevati svoj del. Lahko nam uspe. A to bo moral biti resnično velik projekt: 50 let v prihodnosti s sodelovanjem vseh. Če ga bomo znali določiti, se bomo nehali obremenjevati z drugimi majhnimi nesmisli.&quot;Pravite, da je pomembno, da v mislih nimamo le rekla &quot;naredi nekaj&quot;, ampak tudi &quot;sedi tam&quot;. Kaj to pomeni?&quot;Po navadi ljudje rečejo, ne sedi, naredi nekaj. Moj razmislek mi pravi, da morda nekateri delamo preveč. Preveč smo obsedeni s tem, da vseskozi delamo. Morali bi razmisliti, kako živeti dobro življenje – tudi bolj trajnostno in vzdržno: jesti manj mesa, manj potovati z letali, kupovati manj ... Usesti se in sedeti s skodelico čaja ter prebrati knjigo. To so radi počeli moji starši. Niso imeli veliko denarja. Niso bili revni, a nabor njihovih izbir je bil manjši. V naši sedanji kulturi pa je nekaj neumirjenega, begajočega. Tudi v tem leži del rešitev – kako lahko najdemo, na novo izumimo ali le ponovno odkrijemo prave vrednote življenja: odnose, ki jih imamo z drugimi, kako narediti stvari počasi, a kakovostno in smiselno. Razmislek v to smer bi prispeval k rešitvi podnebne krize, hkrati bi nas obrnil v novo smer, k drugačni prihodnosti, ki je boljša. Omogočil bi drugačno ekonomijo – bolj spodobno in ki jo vodijo druge vrednote. Tak razmislek nima veze s spori, ki sičijo prostor sedaj – nima veze z razlikami med verami, z nacionalizmi. Gre za pozitivno nalogo, z upanjem.&quot;</article-text>
		<article-text-transliterated>Eden najbolj priznanih antropologov, profesor socialne antropologije na univerzi v Oslu in predsednik evropskega združenja socialnih antropologov zbrano razkriva evropsko družbeno krajino. Slika ni lepa. Hkrati so na obzorju nujnosti in potenciali lepih, velikih zgodb. Norveški antropolog je avtor številnih znanstvenih del, med drugim monografij Majhni kraji, velike teme; Zastava, nacija in simbolizem v Evropi in Ameriki (Flag, Nation and Identity in Europe and America) ter Svet negotovosti (A World of Insecurity). Bil je pogost komentator ob sojenju norveškemu nacionalističnemu ekstremistu Andersu B. Breiviku, ki ga je citiral v svojem manifestu. V Ljubljani je predaval na tretjem mednarodnem simpoziju Zakaj svet potrebuje antropologe – s svojim delom ponuja jasne razloge.Kako danes razumeti Evropo? Ideja je bila, da se bo vzhod po padcu Berlinskega zidu približal zahodu. A z dviganjem ograj proti beguncem tudi v Sloveniji in govoru o omejitvah schengna se zdi, da se zahod bliža vzhodu.&quot;Nekaj zidov se je s ponovno združitvijo Evrope po koncu sovjetskega komunizma res porušilo. Lahko smo svobodno potovali. Vendar je to ljudi le še dodatno spominjalo in opominjalo na druge, nevidne zidove, ki ločujejo glede na življenjske priložnosti. Madžarsko gospodarstvo se komaj drži nad vodo in ljudem tam v primerjavi z Nemkami in Nemci ni lahko. Tudi ljudje v osrednji in vzhodni Evropi so bili ves čas opominjani na ta svoj slabši položaj. Poljaki, ki gredo delat v zahodno Evropo, imajo po navadi visoko ali višjo izobrazbo, končajo pa kot delavci v gradbeništvu, saj le tam najdejo delo. Zato je bila izkušnja zadnjih desetih, petindvajsetih let za mnoge Evropejce z vzhoda ponižujoča.Slovenska izkušnja je bila drugačna, saj ste bili kot najbogatejši del Jugoslavije v gospodarsko relativno dobrem položaju. Morda se je to spremenilo v zadnjem obdobju, a če pogledamo širše, ste bili najbližje zahodnoevropskim državam. Slovaška po drugi strani, tudi Poljska in Madžarska ter celo vzhodna Nemčija se še vedno soočajo s socialnimi problemi, ki so mnogo hujši kot v zahodni Nemčiji. Ta pomembna meja, četudi nevidna, še vedno obstaja.Potem pa je tu še drug dejavnik: ljudje globalizacijo vse bolj vidijo kot grožnjo in ne več kot priložnost. V devetdesetih je globalizacija še vedno predstavljala nekaj dobrega: pomenila je odprtost, padec mej in več komunikacije, stikov, lažje potovanje, investicije, priložnosti za zaposlitev, možnost študija v tujini ... Bilo je fantastično. Imeli smo internet! A po terorističnih napadih na New York in Pentagon se je začel pogled obračati. Vse več ljudi gleda na svet, ki je tam zunaj, s sumničenjem. Tuji svet je poln nevarnosti. Napadom 11. septembra 2001 je sledil cel niz zdravstvenih preplahov – od sarsa do ptičje gripe. Smrtonosne bolezni, ki se prenašajo po zraku, a pridejo od drugod in se nenadzorovano širijo, skupaj s terorizmom. Gre za enako 'resnico' – idejo: svoboda gibanja postane grožnja, ne pa priložnost. To je okvir te nove govorice, ki smo ji priča.&quot;Zdi se, da sta sedaj varnostna in zdravstvena grožnja prišli skupaj. Slovenske oblasti so policistom takoj dale rokavice in maske. Smo spet na prelomni točki?&quot;Po svoje. Ne vemo še, kaj bo iz sedanje situacije nastalo. A vseeno je dokaj očitno, da smo v prelomnih trenutkih. Zaupanje v evropski projekt je danes nižje kot kdajkoli doslej. Povsod. Tudi v Nemčiji so ljudje, ki dvomijo, da ima lahko EU prihodnost in da lahko ustvarimo integrirano Evropo z vsaj določeno stopnjo skupne identitete in sodelovanja. Časi so dramatični: z negotovostjo in finančnim položajem, kakršen je, z begunci in vse večjo polarizacijo v javnih debatah, ko pride do vprašanj identitete. Ne gre več toliko za tipična vprašanja naroda in narodnosti, ampak se vprašanja vrtijo predvsem okoli vsebine naroda. Redki govorijo, da je čas, da pustimo narod za sabo in postanemo vsi le Evropejci, pa je to nekaj, kar bi morda ljudje govorili v devetdesetih.Druga šokantna razsežnost sedanjosti je, če se spomnimo, da je tudi bosanska vojna povzročila, da je stotisoče beguncev prebegnilo proti severu in na zahod. O tem, ali se bo sprejelo te begunce, tedaj ni bilo debate. Sprejelo se jih je, nastanilo in poskrbelo zanje. Je bila razlika v tem, da so bili beli in Evropejci? Ali pa se je danes spremenilo še kaj drugega? Ne znam vam dati jasnega odgovora, a zagotovo se je zgodila dramatična sprememba, če pogledamo, kako se je govorilo o bosanskih beguncih in kako se danes govori o sirskih.&quot;Ali Afganistancih, Iračankah, Sudancih, Nigerijkah ... Čeprav je ekonomija že davno nadvladala politiko, se ločuje med političnimi in ekonomskimi begunci. Ob tem je Angela Merkel že pred leti rekla, da je multikulturalizem mrtev.&quot;To je v resnici zelo zanimivo, sploh če upoštevamo njene zadnje odločitve, ki so omogočile prihod številnih Sirk in Sircev v Nemčijo. Spomnim se, da sem tedaj pisal o tem, saj so skoraj identične besedne zveze uporabili ona, Nicolas Sarkozy in David Cameron. Glavni in najmočnejši politični voditelji Evrope. A mislim, da je Merklova tedaj govorila o tem, da je mrtev multikulturalizem kot raznolikost, ne pa različne etnične skupine. Skrbelo jo je in je zato pokopala kulturno raznolikost.&quot;Kaj bi bila ta razlika, o kateri govorite?&quot;Če se ne motim, bi to pomenilo, da problem za Merklovo ni, če ljudje pridejo iz različnih etničnih in kulturnih okolij, če se nato obnašajo na enak način, ko so tu. Morajo se torej integrirati. Multikulturalizem lahko pomeni omogočanje razlik, to pa lahko pripelje do obstoja vzporednih družb. Njeno tedanjo izjavo bi tako lahko razumeli kot opozorilo pred nastankom takih vzporednih družb. Da se Turki denimo ne naučijo nemško in se družijo le med sabo, imajo lastno neformalno ekonomijo. Somalci, ki se nikoli ne navadijo na kulturne navade Nemčije. V tej luči bi lahko rekli, da je morda govorila o tem, da potrebujemo skupne kulturne vrednote. In temu ne bi nujno nasprotoval.Vedno sem bil naklonjen raznolikosti, a tudi skeptičen do multikulturalizma, ki pogosto temelji na skupinski pripadnosti. Ideja je, da če si Tamilec, potem se moraš obnašati kot Tamilec. Sam verjamem, da bi morali ljudje svobodo izbirati, ne glede na to, kdo so. Hibridnost, pluralizem ali mešanje so vse drugačne rešitve kot multikulturnost. Predpostavljajo, da vzamemo nekaj od tu in nekaj od tam, da si sposodimo drug od drugega in ustvarimo nekaj novega. To danes ponekod po Evropi tudi srečamo, vključno z mojim rodnim krajem, Oslom. Ta pluralizem vidim med mladimi, ki prihajajo, ali pa so njihovi starši prišli z vseh mogočih koncev sveta. V Oslu so sedaj ustvarili novo kulturo mladih, novo govorico ...&quot;Opozarjate, da kulture niso ne racionalne ne homogene. V Sloveniji se desnica boji, da bi muslimanska oblačila napadla slovensko kulturo. Tudi Slavoj Žižek, ki ste ga omenili med predavanjem, pravi, da prepričanja nekaterih muslimanov niso skladna z zahodnimi vrednotami, karkoli bi te lahko bile ...&quot;Da, Žižku sledim že leta. In berem, kaj piše tudi v zadnjem času. Morda je del zabavne industrije, a govori tudi o raznolikosti in multikulturnosti – in ko govori o teh pojmih, postane očitno, da ne ve, o čem govori. S tem ko opisuje to kot parodijo, naredi iz sebe, preden se zave, glasnika ekstremne desnice. Ta vprašanja so mnogo bolj zapletena in večplastna. V zahodni Evropi je bilo narejenih veliko raziskav o hijabu. Pokazalo se je, da gre za kompleksno vprašanje: za mnoge ženske, verjetno za večino, je hijab le način, da potrdijo, kdo so. Da to povedo in izrazijo. V veliki večini, če ne v vseh primerih, ne gre za nič bolj dramatičnega. Moje kolegice na univerzi nosijo hijab, skupaj klepetamo ob kosilih, imajo družine, otroke poberejo iz vrtca, ko ponje ne more mož. Živijo življenje kot vsi drugi. Nobena grožnja niso za nikogar. Edina nevarnost v sedanji situaciji je, da bi se vse muslimane začelo povezovati z ekstremizmom in umikom iz družbe. Ljudem mora biti omogočeno, da kombinirajo in zmešajo svoje identitete. Končna kombinacija mora biti vsakič znova osebna odločitev.&quot;Pišete, da v Londonu obstaja 300 jezikov, v predelu Osla 160. Kako se lahko ljudje, če govorijo toliko različnih jezikov, pogovarjajo med sabo in sporazumevajo?&quot;To je pomembno vprašanje. In tu bi rekel, da zelo močna oblika multikulturalizma ni dobra ideja. Kajti kmalu lahko nastane situacija, ko imajo ljudje premalo skupnega, da bi lahko skupaj oblikovali in bili del iste družbe. Kar nekaj stvari moramo imeti skupnih, da imamo lahko družbo. Potrebno je soglasje, kako in kje šolati otroke, kako bomo zaslužili za preživetje in potrebujemo jezik komunikacije. Večina ljudi, ki sestavljajo to marvico 160 jezikov, govori tudi norveško. Drugače bi jim bilo še mnogo težje: ne bi mogli slediti novicam na televiziji, nič ne bi vedeli o politiki in družbi ... Ogromno stvari je, ki jih moraš razumeti, če želiš biti polnopraven sodelujoči v moderni družbi. Zato sem prepričan v moč in pomen skupnega jezika, ki ga delimo kot člani družbe. Zame je to tudi meja multikulturalizma. Skupni jezik je nujen.&quot;A države beguncem otežujejo prav vzpostavljanje najbolj temeljnih skupnih orodij. Nemčija, Danska, Švedska, Avstrija, celo Slovenija, ki ima že sedaj minimalne azilne standarde, še zaostrujejo začasnost podeljenega statusa, pravico do združevanja z družino ... Kaj so tu nevarnosti?&quot;Vse bolj omejujoče politike, ki jih v različnih preoblekah vidimo v večini evropskih držav, so gotovo recept za krepitev identitetnih politik in zelo verjetno tudi ekstremizmov. Najhitrejša in najbolj pomembna posledica bo, da se ljudje zaradi teh ukrepov enostavno ne bodo počutili dobrodošle. Kaj to pomeni? Da bodo razumeli, da večinska družba ne želi, da bi tudi oni postali del njih, del družbe. 'Prav, potem jim bom pa pokazal, da sem hudičevo lahko tudi nekdo drug. Sovražim Evropo! Sovražim dekadenco zahodne civilizacije,' je lahko stereotipen, a resničen odziv. Gre za zelo preprosto človeško psihologijo. Če do ljudi nisi zaupljiv in odprt, če si poln nezaupanja in sumničavosti, se bodo tudi oni obnašali tako. Zato to niso pametne in najboljše politike.&quot;Hkrati se s tem povečuje prekarnost, negotovost beguncev. Kdo bo vložil vse v učenje novega jezika, ustvarjanje novega življenja, če bo morda že čez dve leti prisiljen, da zapusti državo, ker bodo ugotovili, da je njegova domovina sedaj &quot;varna&quot;?&quot;Ljudem takoj res morda ne morete dati državljanstva, morda tudi ne dovoljenja za stalno prebivanje, a zagotovo je treba vsem takoj omogočiti, da se začnejo učiti jezika in da lahko nekaj delajo – služijo denar ali se izobražujejo. To mora biti prioriteta. Le tako se bomo izognili temu, da begunci ne bi bili integrirani, da ne bodo imeli dela in bodo zato morali prejemati socialno podporo. Taka situacija pa je nato sijajna podlaga za desnico, da prevzame politični prostor in govorico: 'Zakaj ne delajo?' 'Leni so.' 'Le izkoriščajo sistem ...' in podobne neumnosti.To potem ni dobro za nikogar. Najbolje bi bilo, da poskusimo ljudi čim prej integrirati. Tudi če se jih nato vrne, so vsaj imeli določeno izkušnjo znotraj druge kulture.Sedanja situacija, ko prihaja v kratkem času veliko beguncev, je težka. Ni enostavno. Je težko, drago in zagotovo pomeni vse to tudi pritisk na naše družbe. A to ne pomeni, da nam ne bo uspelo. Težke stvari smo v zgodovini že naredili. Na Norveškem, kjer je toliko denarja in toliko visoko izobraženih ljudi, ki nimajo dela, ni razloga, zakaj ne bi sprejeli in poskrbeli za begunce. To lahko naredimo. Imamo izbiro. V položaju, v katerem smo, ni nobenega determinizma – lahko se odločimo, kam želimo, da se naše družbe razvijajo.&quot;V projektu Pregreto (Overheated) raziskujete preplet financ in ekonomije, okolja in narave ter kulture in nacionalnosti. Slovenski filozof Tadej Troha opozarja, da se je finančna govorica preslikala na to, kako obravnavamo begunce – obstaja &quot;fiskalna&quot; meja, meja, koliko ljudi države &quot;zmorejo&quot;. Kako se krize prepletajo in vplivajo druga na drugo?&quot;Ne gre le za vplive finančne krize, ampak za posledice neoliberalnega, s trgom prepredenega načina razmišljanja. Tega v zahodni Evropi v osemdesetih in devetdesetih nismo poznali. Na Švedsko in Norveško je prišlo veliko beguncev iz Somalije, Afganistana, Iraka ... Ti ljudje so prišli iz uničenih držav, ki jih dejansko ni bilo, ki niso delovale. Potrebovali so zaščito. Debate, ali so 'le' ekonomski begunci ali so bili preganjani, ni bilo. Glavno izhodišče je bilo, da so bile njihove države uničene, deloma z našo pomočjo, in samoumevno je bilo, da jih je bilo treba sprejeti. Ekonomski vidik ni bil pomemben. Danes je postal glavni argument. Na Norveškem poslušamo le, kako je to, da bodo prišli, predrago in da begunci ne bodo delali ... Tudi če so številke vzete iz konteksta in so nerealne, postanejo srčika vseh pogovorov. Tega prej ni bilo ...&quot;Govorilo se je o človekovih pravicah?&quot;Da, o humanitarnih vrednotah: videli smo ljudi, ki so izgubili vse in potrebujejo zaščito, ki potrebujejo priložnost. To je nekaj, kar jim lahko damo, zato jim dajmo priložnost. Pred nekaj desetletji je bil to prevladujoči argument. A v vmesnem času sta se celotna evropska govorica in razmislek premaknila proti trgu in se pokorila tržni, kapitalski logiki. Danes imamo odnose, v katerih je manj pravic, manj optimizma in manj odprtosti. Želim si, da bi lahko rekel, da se bo to kmalu spremenilo. Vendar v resnici te spremembe ne vidim.&quot;Ideja je bila, da bo globalizacija, tudi če najprej ekonomska, za sabo pripeljala še demokracijo. Opozarjate, da je danes edina stvar, ki ni globalna in je je vse manj, prav demokracija.&quot;Drži.&quot;A sami trdite, da so med družbami razlike. Kako ohraniti mejo med rasizmom, ki bi trdil, da nekdo &quot;ni zrel za demokracijo&quot;, in zavedanjem, da prihajamo iz različnih okolij?&quot;Mnogi trdijo, da je vsak kulturni relativizem rasističen. Mislim, da to ne drži. Zame je rasizem nekaj zelo specifičnega. Gre za prepričanje o vrojenih, genetskih razlikah med ljudmi. Vendar vidimo, da tudi opozarjanje in prepričanje v kulturne razlike deluje podobno: razlikuje se na podlagi videza. Obstajata kulturna diskriminacija in nepotrpežljivost do integracije, ki postaja v Evropi, kjer je prej ni bilo, vse bolj opazna. Pričakuje in zahteva se, da ljudje takoj postanejo taki, kot smo mi. Nekoč je bilo mnogo več odprtosti, da lahko vsak ohrani svoj način življenja znotraj družine, neke širše vrednote ... Verjelo se je, da se bodo ljudje počasi vključili v družbo in odnos je bil bolj gostoljuben, humanističen, utemeljen na ideji države blagostanja. Sedaj trg dominira nad tem odnosom, ki je mnogo manj velikodušen.&quot;Tudi manj demokratičen?&quot;Zagotovo, vsaj ko pride do človekovih pravic. Jasno vidimo, da imamo različna življenja in vrednote. Po napadih v Parizu je bilo enostavno dati na svoj facebook francosko zastavo. Če bi želeli dati libanonsko zastavo – po napadih v Bejrutu, se izkaže, da je težko najti tako libanonsko zastavo, ki bi jo bilo mogoče uporabiti za profilno sliko. Norveški Libanonec, ki že dlje časa živi na Norveškem in ima norveško državljanstvo, je v napadu tedaj izgubil družino. Premier ni o tem rekel niti besede. Po napadih v Parizu pa je posebej izpostavil in tolažil žensko, ki je bila blizu eni od eksplozij. Vsi državljani ne štejemo enako.&quot;Pisali ste o človeški varnosti kot o svobodi pred pomanjkanjem in strahom. Danes varnosti, ki temelji na odsotnosti grožnje pomanjkanja in bede, ne poznamo več. Varnost je zreducirana na militarizacijo in varnostizacijo – krepitev represivnega aparata.&quot;Varnost lahko pomeni različne stvari. A v nemščini, francoščini in norveščini obstajajo različni izrazi za ta dva pojma. V angleščini, po drugi strani, ko nekdo reče 'security', pomislimo le na varnostizacijo mej, militarizacijo mejnih prehodov: meje so pretočne in luknjičave, zato jih je treba zaščititi z nasilnimi sredstvi ali z grožnjami nasilja. Ko govorimo o človeški varnosti, ta ni neposredno povezana z nasiljem, ampak gre predvsem za občutek varnosti. Tega danes v naših modernih družbah ne moremo zagotoviti precejšnjemu številu ljudi. To je najbolj žalostna razsežnost trenutne evropske realnosti. Ljudem ne moreš obljubiti, da bodo varni, če pridejo sem iz Afganistana ali Sirije.&quot;Kako se je zgodila ta redukcija varnosti? Je to povezano tudi z odmikom centrov odločanja vse dlje od ljudi, za birokratske sisteme? Zakaj je država še vedno močna, ko postavlja rezilno žico, ne pa ko zagotovi temeljne človeške varnosti?&quot;Oba procesa imam v mislih, ko govorim o manku demokratizacije znotraj globalizacije. Globalizacija postaja prav to: med ljudmi vse bolj pogost občutek, da imajo vse manj oblasti in priložnosti vplivati na pogoje, ki določajo njihova življenja. Odločitve se sprejema nekje drugje, na neki višji ravni. Ni možnosti soodločanja ali vpliva, ker so centri odločanja predaleč in premočni. Pomen lokalnosti, da veš, na koga se obrniti, kje lahko odgovorne srečaš, da se pritožiš, je pomemben. Tudi če te nato ne upoštevajo, jim lahko vsaj pogledaš v oči in poveš svojo zgodbo.Če so resnični odločevalci v oddaljeni prestolnici, kot je Bruselj, pa ta odnos hitro postane preveč oddaljen. To ustvarja negativno reakcijo proti EU in manjša zaupanje ljudi v Evropo.&quot;Kam vodijo ti oddaljeni centri kapitalske in odločevalske moči ter lokalna odrezanost, odtujenost? Se prepad veča v smeri distopije?&quot;Ali se prepad veča, je veliko vprašanje. Odvisno, kje si. V ZDA se nedvomno povečuje, vsaj če gledamo razporeditev bogastva.&quot;A ta trend vse večje neenakosti je enak po vsem svetu, od Evrope prek Afrike do Kitajske.&quot;Drži, v Afriki obstajajo kleptokracije, ki so popolnoma umaknjene in nepovezane z lastnimi družbami. V mnogih državah Evrope in tudi drugod raste nezadovoljstvo z demokracijo in nezaupanje vanjo. Tudi v Avstraliji. Tam ljudje živijo v sistemu, ki se zdi demokratičen – glasujejo na volitvah, obstaja svoboda izražanja. A večina medijev je v rokah nekaj družin in politiki so v postelji z rudarsko industrijo, ki vselej preglasi lokalne skupnosti. Ljudje imajo občutek, da v resnici ni demokracije, a dokler je gospodarstvo v redu, bo večina zadovoljna: če bodo le imeli dobre službe in ohranjali dober življenjski slog. Kljub temu pa obstaja zelo razširjeno razočaranje.Podobno je v Rusiji. Danes nihče več ne govori o demokraciji v Rusiji, četudi je bil to cilj v letih po padcu komunizma.&quot;Mnogi trdijo, da bi demokracija prinesla le kaos ali še kaj slabšega. Vas ti argumenti prepričajo? Lahko globalizacija deluje demokratično?&quot;Mislim, da ne more. Globalizacija nujno prinese občutek odtujenosti. Vse bolj sem prepričan, da je demokracija, v idealni obliki, lahko le lokalna. V EU je nekaj časa obstajalo sijajno načelo subsidiarnosti. Veljalo je, da se bo odločitve sprejelo na najnižji možni ravni. Če bi se to spoštovalo, bi ljudje lahko ohranili vsaj nekaj moči soodločanja o lastnih življenjih. Najnevarneje pa postane, ko resnične odločitve sprejemajo v korporacijah; ko jih ne sprejemajo več politiki – vseeno v Bruslju ali Ljubljani. Sestankov korporacij ne vidimo, zanje ne vemo in nanje nimamo dostopa.&quot;Omenjali ste voditelje, ki so imeli vizijo, da so sprejeli prelomne odločitve. Ali taki voditelji še obstajajo ali je kapitalski vpliv premočan?&quot;Ne, ni jih več. Precej šokantno je, da so se tako zelo povezali s centri moči. V politiki vidimo velike spremembe. Ni več optimistične vizije o prihodnosti, ki bi bila kredibilna in bi ji ljudje verjeli. Noben politik ni pripravljen reči, da smo sedaj na tej točki in bi bilo dobro, če bi bili čez dvajset let na oni točki – morda ne bo lahko, morda bo hudičevo težko, a gre za nujen premik. Take voditelje je imela skoraj vsaka država po drugi svetovni vojni. Splošni družbeni duh je odražal zavedanje, da je treba na novo zgraditi domovine in da bomo to lahko naredili le s skupnimi močmi. Obstajal je občutek kolektivnosti in kolektivnega cilja – za njegovo uresničitev je bil nujen trud vseh. Tudi zato so bili ljudje veseli in zadovoljni: imeli so občutek, da prispevajo k družbi, k nečemu, kar je vredno, pomembno in smiselno.&quot;Kaj vam vaše znanje iz antropologije pove o tem, kaj se zgodi z družbami, kulturami, ki nimajo te pozitivne, optimistične vizije?&quot;Mislim, da izgubijo. Ljudje, ki imajo v sebi več optimizma, imajo cilj, smer, kamor želijo. V Evropi je, kot da smo prešli zenit in tonemo. Ekonomsko zagotovo. Kitajska postaja nova supersila, islam ima v sebi več odgovorov, ko se pojavijo vprašanja identitete. Evropa je bila vselej polna dvomov sama vase, a zdaj se zdi, da ima dvomov več kot kdajkoli prej. Nimamo pojma, kje in kdo smo ter kam gremo.&quot;Strahovi, na katerih gradi desnica, so resnični?&quot;Desnica ima zelo močno orodje. To, da se morajo ljudje postaviti v bran proti Islamu in muslimanom, je lahko zelo močan povezovalni element. Nenadoma imajo zgodovinsko nalogo – očistiti Evropo vseh muslimanov. Preprosto sporočilo, jasna naloga.Nasproti temu pa imamo sprane, ambivalentne in dvomljive politike, ki nimajo črno-belih odgovorov, ker vidijo situacijo z različnih strani. A morda so prav zato med najboljšimi politiki, saj se ne poslužujejo avtoritarnih pristopov in sodb, četudi izpadejo šibki. To je sedanja polarizacija, s katero bomo morali živeti. Vedeti pa moramo, da preprostih rešitev ni.&quot;Govorica islamistov najde odsev v govorici ekstremne evropske desnice.&quot;Drži. Odvisni so drug od drugega, ker predstavljajo podobne poglede na svet. Do pred kratkim smo lahko evropsko politiko delili na levo in desno, med socialiste in konzervativce. Te delitve ni več.&quot;Slovenija je bila zaradi svoje &quot;belosti&quot; vzor norveškemu nacionalističnemu teroristu Andersu Behringu Breiviku. Zdaj smo na meje namestili rezilno žico. Čigava pričakovanja izpolnjujemo?&quot;To, da so bili v Ljubljani 'črnci' Albanci in prebivalci drugih balkanskih držav, se ve. Država ni bila nikoli etnično čista, a je šlo za nevidne manjšine, ki pa so jih vseeno člani družbe poznali in prepoznali. Porast in krepitev etničnega nacionalizma v osrednji in vzhodni Evropi je dejstvo. To vidimo na Poljskem, ki je mnogo večja in nevarnejša kot Slovenija. Politiki govorijo, da islam ni del evropske kulture, zato ne potrebujemo muslimanov.&quot;Se ti argumenti ne pojavljajo tudi v Skandinaviji?&quot;Ne na isti način. Imamo daljšo zgodovino sprejemanja migrantov. V prejšnji vladi smo imeli kulturno ministrico, ki je bila muslimanka, rojena in vzgojena na Norveškem. Res pa je, da poslušamo enake besedne zveze in mantre. Le nekoliko manj ekstremne kot na Madžarskem ali Poljskem.&quot;Pa je zgodovinska izkušnja dovolj močna, da bi se etnonacionalistične vzgibe vzhoda umirilo?&quot;Ne. Borimo se z enakimi nasprotji in težavami. Po pariških napadih je norveška ekstremna desnica pridobila veliko glasov. Že sedaj so v vladi s konzervativci, kar je sramota za Norveško. Javno mnenje je podobno evropskemu. Pogovarjava se o evropskem fenomenu in ne o nečem, kar bi bilo specifično za vzhodno in osrednjo Evropo. Tam je to le bolj izrazito – tudi zato, ker je tam manj priseljencev. Če želite najti evropsko prestolnico, kjer boste na ulicah videli večinoma bele obraze, morate na vzhod. Tega v Parizu, Berlinu, v Hamburgu ali Münchnu ni. Gre za resnično kozmopolitska mesta, kjer ima več kot polovica ljudi, ki jih srečate, drugačno družinsko zgodbo in ozadje.&quot;Kam je izginila ta kozmopolitskost? Nekoč je obstajala tudi v Vilniusu. Smo to popolnoma zbrisali iz evropskega DNA?&quot;Ne v celoti. Še vedno se čuti posledice nacizma, predvsem na vzhodu. V Sarajevu je multikulturnost izginila po razpadu Jugoslavije, ki je prinesel uničevalnost nacionalizmov. Ne bi rekel, da je tega konec. Za kratek čas, ko je bilo več optimizma, je to živelo. A zdaj živimo v času, ko je ljudi strah. To je slabo za idejo, ki podpira odprtost. Strah pomeni, da hočeš namestiti vrata, jih zapreti in zakleniti, saj se bojiš zunanjega sveta. To je naša realnost.&quot;In kje iskati resnično varnost?&quot;Nimam pripravljenih lahkih rešitev. A zdi se mi, da potrebujemo velik, kolektivni projekt – na svetu in na evropski celini. Moral bi biti povezan z vprašanjem podnebja in okolja, zahteval pa bo velike spremembe v življenjih vseh nas. Kot posamezniki se bomo morali spremeniti, a tudi naše družbe. Ne gre za to, ali se hočemo spremeniti. Moramo se. To bo mnogo bolj pomembno in hkrati težje kot vse drobne razprave in prepiri o hijabih in podobne neumnosti. Pri iskanju okoljskih rešitev bomo morali vsi sodelovati in prispevati svoj del. Lahko nam uspe. A to bo moral biti resnično velik projekt: 50 let v prihodnosti s sodelovanjem vseh. Če ga bomo znali določiti, se bomo nehali obremenjevati z drugimi majhnimi nesmisli.&quot;Pravite, da je pomembno, da v mislih nimamo le rekla &quot;naredi nekaj&quot;, ampak tudi &quot;sedi tam&quot;. Kaj to pomeni?&quot;Po navadi ljudje rečejo, ne sedi, naredi nekaj. Moj razmislek mi pravi, da morda nekateri delamo preveč. Preveč smo obsedeni s tem, da vseskozi delamo. Morali bi razmisliti, kako živeti dobro življenje – tudi bolj trajnostno in vzdržno: jesti manj mesa, manj potovati z letali, kupovati manj ... Usesti se in sedeti s skodelico čaja ter prebrati knjigo. To so radi počeli moji starši. Niso imeli veliko denarja. Niso bili revni, a nabor njihovih izbir je bil manjši. V naši sedanji kulturi pa je nekaj neumirjenega, begajočega. Tudi v tem leži del rešitev – kako lahko najdemo, na novo izumimo ali le ponovno odkrijemo prave vrednote življenja: odnose, ki jih imamo z drugimi, kako narediti stvari počasi, a kakovostno in smiselno. Razmislek v to smer bi prispeval k rešitvi podnebne krize, hkrati bi nas obrnil v novo smer, k drugačni prihodnosti, ki je boljša. Omogočil bi drugačno ekonomijo – bolj spodobno in ki jo vodijo druge vrednote. Tak razmislek nima veze s spori, ki sičijo prostor sedaj – nima veze z razlikami med verami, z nacionalizmi. Gre za pozitivno nalogo, z upanjem.&quot;</article-text-transliterated>
	</article>
	<comments>
		<comments-count>0</comments-count>
		<comments-list/>
	</comments>
</document>
