<document global-id="si-04-1449"><url>https://www.vecer.com//201507086127785-6127785</url><source-id>si-04</source-id><local-id>si-04-1449</local-id><source-name>Večer</source-name><article><article-title>EU: Prenovljena aplikacija Travel</article-title><article-title-transliterated>EU: Prenovljena aplikacija Travel</article-title-transliterated><article_time>2015-07-08</article_time><article-author>Srečko Klapš</article-author><article-text>Mreža evropskih potrošniških centrov je pred poletnimi počitnicami objavila novo verzijo brezplačne mobilne aplikacije ECC-net: Travel. Z njo se lahko potrošniki na potovanjih po državah Evropske unije, Norveški in Islandiji seznanijo s potrošniškimi pravicami v kateremkoli od 25 evropskih jezikov. Deluje tako, da je treba najprej izbrati državo in vrsto storitve (nakupovanje, potovanje, najem avtomobila, hotel, zdravje), aplikacija nato prikaže potrošnikove pravice. Po drugi strani omogoča tudi seznanjanje ponudnikov storitev in blaga s pravicami v njim razumljivem jeziku. V prenovljeni aplikaciji, ki deluje brez internetne povezave, je dodana tudi možnost Pomoč, ki vsebuje telefonske številke evropskih potrošniških centrov in kontakte veleposlaništev za nujne primere.</article-text><article-text-transliterated>Mreža evropskih potrošniških centrov je pred poletnimi počitnicami objavila novo verzijo brezplačne mobilne aplikacije ECC-net: Travel. Z njo se lahko potrošniki na potovanjih po državah Evropske unije, Norveški in Islandiji seznanijo s potrošniškimi pravicami v kateremkoli od 25 evropskih jezikov. Deluje tako, da je treba najprej izbrati državo in vrsto storitve (nakupovanje, potovanje, najem avtomobila, hotel, zdravje), aplikacija nato prikaže potrošnikove pravice. Po drugi strani omogoča tudi seznanjanje ponudnikov storitev in blaga s pravicami v njim razumljivem jeziku. V prenovljeni aplikaciji, ki deluje brez internetne povezave, je dodana tudi možnost Pomoč, ki vsebuje telefonske številke evropskih potrošniških centrov in kontakte veleposlaništev za nujne primere.</article-text-transliterated></article><comments><comments-count>0</comments-count><comments-list /></comments></document>