<?xml version="1.0" encoding="utf-8"?>
<document global-id="si-04-1059">
	<url>https://www.vecer.com//city-run-na-pustolovscino-v-domacem-mestu-6626575</url>
	<source-id>si-04</source-id>
	<local-id>1059</local-id>
	<source-name>Večer</source-name>
	<article>
		<article-title>City run: Na pustolovščino v domačem mestu</article-title>
		<article-title-transliterated>City run: Na pustolovščino v domačem mestu</article-title-transliterated>
		<article-time>2018-12-08</article-time>
		<article-author>Branka Bezjak</article-author>
		<article-text>Čeprav je ime dogodka dajalo vtis, da bo to še eden od tekov po mestu, a je bil današnji City run Maribor veliko več ali pa vse prej kot to. Udeleženci so lahko seveda od točke do točke, do katerih jih je usmerjal zemljevid, tudi tekli, a prvi vrsti je bil namen spoznati mesto in to njegove manj znane kotičke ali pa drobce, mimo katerih vsakodnevno hodimo, pa jih sploh ne opazimo, razlaga vodja projekta Lara Cafuta        Andrej Petelinšek Kaj se skriva pri kužnem znamenju in Rotovžu na Glavnem trgu   ​ ​Prijavljeni so tako na startu na Glavnem trgu dobili zemljevid, nato pa so se odpravili po središču mesta, kjer so morali reševati namige, da so na koncu rešili uganko, kdo je hudobni pustolovec. Kakšni dve uri prijetnega druženja, zabave ob fotografskih izzivih so bili deležni, na koncu pa so se okrepčali na cilju v hiši Stare trte. Pred njo po novem stoji tudi okvir, kjer se je mogoče fotografirati in deliti to našo posebnost svetovnega formata po družbenih omrežjih. Enak namen ima tudi napis Maribor pri kužnem znamenju, ki so ga prav tako postavili v okviru projekta.        Branka Bezjak Delimo lepe dele našega mesta, je namen napisov.     &quot;Super je bilo, namigi precej enostavni, sicer pa smo se v glavnem zelo prijetno družili,&quot; je po koncu današnjega dogodka povedala ena od udeleženk. Kakšnih petdeset se jih je opravilo pot, kar je za prvič odlično, pravi Cafuta: &quot;Zelo sem zadovoljna, da je tako uspelo.&quot; Pri projektu, ki ga je financirala Mestna občina Maribor preko Lokalnega sklada za mlade z idejami - Banka idej, zato je bil za udeležence tudi povsem brezplačen, so tako ali drugače sodelovali še Društvo kreativne mladine, Abandoned Cultural Heritage Slovenia, Design by Kreitner in podjetnice združene pod znamko Stride&amp;Seek. Vloga teh je bila nekoliko večja, za to priložnost so zasnovale poseben zemljevid. Po naključju smo se spoznale in se povezale, saj smo imele isto idejo, zato smo se odločile, da sodelujemo pri tem dogodku,&quot; razlaga Cafuta.       Andrej Petelinšek Lova za ugankami se lahko udeležijo tudi ljubljenčki.     Sicer pa so se prav letos začele ukvarjati z oblikovanjem pustolovskih zemljevidov. Naredile so jih že za osem slovenskih mest. Ob Mariboru še pustolovski zemljevid Ptuja, Celja, Murske Sobote, Pirana, Ljubljane, Bleda, Škofja Loka pa je tik pred izidom. Nabaviti jih je mogoče preko njihove spletne strani. Stride&amp;Seek so Katja Kolbl iz Murske Sobote, Tamara Malović iz Celja in Hayley Handford-Brown iz Velike Britanije. &quot; Omenjena trojica razlaga, da želijo z zemljevidi (namenoma niso naredile aplikacije) nagovoriti zlasti družine, da preživijo dan skupaj, se znova povežejo, tako nekoliko odmaknejo od elektronskih naprav. &quot;Zanimivo je torej tako za domačine, kakor za turiste,&quot; pravi Kolblova. Malovićeva pa izpostavlja, da so dale poudarek bolj skritim, manj znanimi kotičkom posameznih mest, ki pa imajo prav tako svoje zgodbe: &quot;V Ljubljani so mladi po testu zemljevida dejali, da že vse življenje hodijo mimo določenih točk, pa jih še niso opazili.&quot; Upajo še, da bodo s tem prodrle tudi v turistične programe mest, pa tudi v izobraževalne ustanove. Zemljevidi imajo namreč tudi izobraževalni in še kakšen vidik, na voljo so tudi v angleškem jeziku. Več o njihovem delu pa na https://www.miniadventures.si/ Tudi glavna snovalka današnjega dogodka Cafuta upa, da bodo v Mariboru prepoznali zemljevid kot zanimivo ponudbo za turiste in domačine. &quot;Zakaj bi moral z vodičem po mestu, ko pa ga lahko sam odkrivaš in se ob tem še zabavaš,&quot; dodaja mlada Mariborčanka, sicer študentka drugega letnika Fakultete za turizem v Brežicah. &quot;Pogrešam turistične table po mestu, to, da bi bile znamenitosti bolj izpostavljene. Ugotavljam tudi, da že Mariborčani ne poznajo znamenitosti mesta, zato je cilj tega projekta tudi, da spoznajo, raziščejo Maribor, da jih spodbudimo, da bolj opazujejo svojo okolico,&quot; je o razlogih za oblikovanje ideje dejala Cafuta. Sprva je imela precej pomislekov, ali naj svojo idejo sploh prijavi na razpis, saj ni imela nobenih izkušenj, zahteva pa takšna zadeva veliko dela in časa. In kdo je bil torej zmagovalec dogodka City run Maribor? Pravzaprav vsi, ki so rešili uganko in prišli do cilja. Nagrade pa vendarle bodo in sicer bodo v prihodnjih dneh organizatorji izžrebali srečneže, ki bodo prejeli praktične nagrade, ki so jih podarili lokalni proizvajalci, obrtniki.</article-text>
		<article-text-transliterated>Čeprav je ime dogodka dajalo vtis, da bo to še eden od tekov po mestu, a je bil današnji City run Maribor veliko več ali pa vse prej kot to. Udeleženci so lahko seveda od točke do točke, do katerih jih je usmerjal zemljevid, tudi tekli, a prvi vrsti je bil namen spoznati mesto in to njegove manj znane kotičke ali pa drobce, mimo katerih vsakodnevno hodimo, pa jih sploh ne opazimo, razlaga vodja projekta Lara Cafuta        Andrej Petelinšek Kaj se skriva pri kužnem znamenju in Rotovžu na Glavnem trgu   ​ ​Prijavljeni so tako na startu na Glavnem trgu dobili zemljevid, nato pa so se odpravili po središču mesta, kjer so morali reševati namige, da so na koncu rešili uganko, kdo je hudobni pustolovec. Kakšni dve uri prijetnega druženja, zabave ob fotografskih izzivih so bili deležni, na koncu pa so se okrepčali na cilju v hiši Stare trte. Pred njo po novem stoji tudi okvir, kjer se je mogoče fotografirati in deliti to našo posebnost svetovnega formata po družbenih omrežjih. Enak namen ima tudi napis Maribor pri kužnem znamenju, ki so ga prav tako postavili v okviru projekta.        Branka Bezjak Delimo lepe dele našega mesta, je namen napisov.     &quot;Super je bilo, namigi precej enostavni, sicer pa smo se v glavnem zelo prijetno družili,&quot; je po koncu današnjega dogodka povedala ena od udeleženk. Kakšnih petdeset se jih je opravilo pot, kar je za prvič odlično, pravi Cafuta: &quot;Zelo sem zadovoljna, da je tako uspelo.&quot; Pri projektu, ki ga je financirala Mestna občina Maribor preko Lokalnega sklada za mlade z idejami - Banka idej, zato je bil za udeležence tudi povsem brezplačen, so tako ali drugače sodelovali še Društvo kreativne mladine, Abandoned Cultural Heritage Slovenia, Design by Kreitner in podjetnice združene pod znamko Stride&amp;Seek. Vloga teh je bila nekoliko večja, za to priložnost so zasnovale poseben zemljevid. Po naključju smo se spoznale in se povezale, saj smo imele isto idejo, zato smo se odločile, da sodelujemo pri tem dogodku,&quot; razlaga Cafuta.       Andrej Petelinšek Lova za ugankami se lahko udeležijo tudi ljubljenčki.     Sicer pa so se prav letos začele ukvarjati z oblikovanjem pustolovskih zemljevidov. Naredile so jih že za osem slovenskih mest. Ob Mariboru še pustolovski zemljevid Ptuja, Celja, Murske Sobote, Pirana, Ljubljane, Bleda, Škofja Loka pa je tik pred izidom. Nabaviti jih je mogoče preko njihove spletne strani. Stride&amp;Seek so Katja Kolbl iz Murske Sobote, Tamara Malović iz Celja in Hayley Handford-Brown iz Velike Britanije. &quot; Omenjena trojica razlaga, da želijo z zemljevidi (namenoma niso naredile aplikacije) nagovoriti zlasti družine, da preživijo dan skupaj, se znova povežejo, tako nekoliko odmaknejo od elektronskih naprav. &quot;Zanimivo je torej tako za domačine, kakor za turiste,&quot; pravi Kolblova. Malovićeva pa izpostavlja, da so dale poudarek bolj skritim, manj znanimi kotičkom posameznih mest, ki pa imajo prav tako svoje zgodbe: &quot;V Ljubljani so mladi po testu zemljevida dejali, da že vse življenje hodijo mimo določenih točk, pa jih še niso opazili.&quot; Upajo še, da bodo s tem prodrle tudi v turistične programe mest, pa tudi v izobraževalne ustanove. Zemljevidi imajo namreč tudi izobraževalni in še kakšen vidik, na voljo so tudi v angleškem jeziku. Več o njihovem delu pa na https://www.miniadventures.si/ Tudi glavna snovalka današnjega dogodka Cafuta upa, da bodo v Mariboru prepoznali zemljevid kot zanimivo ponudbo za turiste in domačine. &quot;Zakaj bi moral z vodičem po mestu, ko pa ga lahko sam odkrivaš in se ob tem še zabavaš,&quot; dodaja mlada Mariborčanka, sicer študentka drugega letnika Fakultete za turizem v Brežicah. &quot;Pogrešam turistične table po mestu, to, da bi bile znamenitosti bolj izpostavljene. Ugotavljam tudi, da že Mariborčani ne poznajo znamenitosti mesta, zato je cilj tega projekta tudi, da spoznajo, raziščejo Maribor, da jih spodbudimo, da bolj opazujejo svojo okolico,&quot; je o razlogih za oblikovanje ideje dejala Cafuta. Sprva je imela precej pomislekov, ali naj svojo idejo sploh prijavi na razpis, saj ni imela nobenih izkušenj, zahteva pa takšna zadeva veliko dela in časa. In kdo je bil torej zmagovalec dogodka City run Maribor? Pravzaprav vsi, ki so rešili uganko in prišli do cilja. Nagrade pa vendarle bodo in sicer bodo v prihodnjih dneh organizatorji izžrebali srečneže, ki bodo prejeli praktične nagrade, ki so jih podarili lokalni proizvajalci, obrtniki.</article-text-transliterated>
	</article>
	<comments>
		<comments-count>1</comments-count>
		<comments-list>
			<comment comment-id="1">
				<comment-parent-id>,</comment-parent-id>
				<comment-text>Bilo je fenomenalno!Vsa čast Lari Cafuta in vsem ostalim za izvedbo projekta</comment-text>
				<comment-text-transliterated>Bilo je fenomenalno!Vsa čast Lari Cafuta in vsem ostalim za izvedbo projekta</comment-text-transliterated>
			</comment>
		</comments-list>
	</comments>
</document>
