<?xml version="1.0" encoding="utf-8"?>
<document global-id="si-04-1427">
	<url>https://www.vecer.com//duse-ubogih-6200317</url>
	<source-id>si-04</source-id>
	<local-id>1427</local-id>
	<source-name>Večer</source-name>
	<article>
		<article-title>Duše ubogih</article-title>
		<article-title-transliterated>Duše ubogih</article-title-transliterated>
		<article-time>2016-03-25</article-time>
		<article-author>Vid Kmetič</article-author>
		<article-text>Ljudske zgodbe o Pohorju je v začetku dvajsetega stoletja zbiral avstrijski raziskovalec Paul Schlosser in prvič prevedene v slovenščino so pri zavodu Gremo na Pohorje nedavno izšle njegove Pohorske pripovedke. Pod obronki Pohorja so kmetje pri oranju pogosto naleteli na ostanke starih zidov, pri Betnavskem dvorcu je v hrastovem gozdu nekoč stala evangeličanska cerkev s pokopališčem. Oboje so v času protireformacije zravnali z zemljo in kasneje tam postavili trojne vislice. Vse ta dejstva so zelo vplivala na ljudsko domišljijo.O Radvanju je Schlosser zapisal takole: &quot;Po legendi naj bi staro Radvanje, še pred turškimi časi, ležalo okrog šeststo korakov severovzhodno od današnje lege. Te okoliščine so bile torej ugodne za nastanek legend o pogreznjenem mestu, ki se po izročilu imenuje Stari Maribor. Okrog leta 1850 naj bi bila v gozdu še drevesa, kjer naj bi nekoč stal cerkveni zvonik pogreznjenega mesta. Stari Maribor ali Staro mesto pa imenujejo tudi rimski Maribor ali rimsko mesto. Na tem mestu so danes mokri travniki, iz katerih globine naj bi se med drugim slišalo zvonjenje zvonov. Po travnikih so večkrat videli poskakovati rdečkasto-rumeno svetlobo, ki je ni bilo mogoče ujeti. To naj bi bile duše ubogih.&quot;</article-text>
		<article-text-transliterated>Ljudske zgodbe o Pohorju je v začetku dvajsetega stoletja zbiral avstrijski raziskovalec Paul Schlosser in prvič prevedene v slovenščino so pri zavodu Gremo na Pohorje nedavno izšle njegove Pohorske pripovedke. Pod obronki Pohorja so kmetje pri oranju pogosto naleteli na ostanke starih zidov, pri Betnavskem dvorcu je v hrastovem gozdu nekoč stala evangeličanska cerkev s pokopališčem. Oboje so v času protireformacije zravnali z zemljo in kasneje tam postavili trojne vislice. Vse ta dejstva so zelo vplivala na ljudsko domišljijo.O Radvanju je Schlosser zapisal takole: &quot;Po legendi naj bi staro Radvanje, še pred turškimi časi, ležalo okrog šeststo korakov severovzhodno od današnje lege. Te okoliščine so bile torej ugodne za nastanek legend o pogreznjenem mestu, ki se po izročilu imenuje Stari Maribor. Okrog leta 1850 naj bi bila v gozdu še drevesa, kjer naj bi nekoč stal cerkveni zvonik pogreznjenega mesta. Stari Maribor ali Staro mesto pa imenujejo tudi rimski Maribor ali rimsko mesto. Na tem mestu so danes mokri travniki, iz katerih globine naj bi se med drugim slišalo zvonjenje zvonov. Po travnikih so večkrat videli poskakovati rdečkasto-rumeno svetlobo, ki je ni bilo mogoče ujeti. To naj bi bile duše ubogih.&quot;</article-text-transliterated>
	</article>
	<comments>
		<comments-count>0</comments-count>
		<comments-list/>
	</comments>
</document>
