<document global-id="si-04-143"><url>https://www.vecer.com//201505076114353-6114353</url><source-id>si-04</source-id><local-id>si-04-143</local-id><source-name>Večer</source-name><article><article-title>"Zaprtje hiše je škandal"</article-title><article-title-transliterated>"Zaprtje hiše je škandal"</article-title-transliterated><article_time>2015-05-07</article_time><article-author>MATEJA GROŠELJ</article-author><article-text>V Hiši hospica v Ljubljani, edini te vrste pri nas, od sredine aprila novih stanovalcev ne sprejemajo več. Pri njih biva samo še ena bolnica, iščejo ji novo namestitev. "Doživeli smo finančni zlom in izčrpanost zaposlenih ter prostovoljcev," razlaga predsednica društva Hospic, sicer diplomirana medicinska sestra zakonske in družinske terapije, Renata Jakob Roban. "Vlečeš vrečo do konca," odgovarja, zakaj sploh so toliko časa vztrajali brez koncesije, brez rednih sistemskih prihodkov, oprti sami nase in na svojo dobro voljo.
Samo še spomini?
"Na sveti večer, 24. decembra, pred petimi leti je k nam prišla prva gospa. S koliko zavzetosti smo ji odprli vrata," se spominja Tatjana Horvat, koordinatorica za hospic oskrbo na domu. K njim so se v teh letih zatekali umirat mladi in stari, bilo jih je več kot štiristo, s člani družin 1200. Kam naj gre 35-letnik, ki mu je do konca življenja ostalo samo še nekaj mesecev? Primerne institucije za njegove še zadnje potrebe razen Hiše hospica v Sloveniji nimamo. Naj ga njegovi sorodniki, pogosto tudi otroci, obiskujejo v domu upokojencev? V negovalni bolnišnici? Kje mu bodo, socialno obubožanemu, noč in dan brezplačno stregli, mu psihično stali ob strani? "Ne spreglejmo jih, ranljivih populacij, zato apeliram na državo, da pokaže svoj odnos, našo kulturo do njih," poziva Horvatova.
"Jezen sem, zaprtje Hiše hospica je škandal!" je vidno razburjen nevrolog z Inštituta za klinično nevrofiziologijo Janez Zidar. Vsak dan je z ljudmi, ki sami ne morejo dihati, jesti, se sporazumevati. Nekateri med njimi so zadnje dni življenja prebili tudi v hiši pod Golovcem. "Ta sredstva se morajo najti," je ogorčen nad vsemi dosedanjimi zapleti, prelaganji odgovornosti, izgovori, po drugi strani pa nad lepimi besedami in polnim razumevanjem. "Bolezen je draga," spomni, bolni ljudje pa, ko jih invalidsko upokojijo, dobijo drobiž. V hospicu za tiste, ki jih izberejo po predpisanem protokolu, skrbijo 24 ur brezplačno. Trije zaposleni bodo zdaj na cesti, brez pogodb, sodelavci, prostovoljci, kot je Matevž Pavčnik, so razočarani. "Sem sem prihajal s svojo psičko, po službi, štiri leta, in delal vse, kar je bilo treba. To je tragedija, kot da bi ukinili slovenski jezik."
Pet let "izjemnih izkušenj" si je v Hiši hospica nabral tudi družinski zdravnik s sicer tridesetletno delovno dobo Dean Klančič. "Trend je, da bi ljudje umirali doma, več kot polovica jih pri nas umre kjerkoli drugje, le doma ne." Model hospica se od drugih - od paliativnih oddelkov v bolnišnicah ali domovih za ostarele - razlikuje po miselnosti in pristopu. "To je model poslavljanja, kompleksna, celostna oskrba," razlaga Klančič. Pacienta, zato da se mu omogoči dostojna smrt, spremlja cel tim, ob njem so svojci kadarkoli, "hospic je dom v domu", pravi Robanova. Čakalne vrste, kot je v domovih za starejše, si bolniki, ki jim je do smrti ostal še mesec, dva, ne morejo privoščiti. Bo ob meni ljubeča oseba, bodo z menoj ravnali spoštljivo, bo bolelo? V hospicu pomagajo živeti zadnje dni brez teh skrbi.
Predlog je enostaven, toda ...
Letno bi taka hiša, kot je ljubljanska, potrebovala okoli petsto tisoč evrov. Lani je "pridelala" dvesto tisoč minusa, od januarja naprej še vsak mesec 45 tisoč. V svetu, pravi Klančič, 30 do 70 odstotkov stroškov pokrije država. "V Angliji, ki je močno tradicionalna, da država več, manj je zasebnega denarja." Shema, po kateri bi lahko financiranje najbolj razumno uredili pri nas - tako predlagajo v društvu Hospic - bi bila tridelna. Delovno ministrstvo bi plačalo zaposlene, ministrstvo za zdravje zdravstvene storitve, donatorji preostale potrebe. Predlog je enostaven, toda ... "Država naj pove, ali ljudje hospic potrebujejo ali ne. Če ja, naj pove, ali ga bomo imeli ali ne. Če ja, naj odloči, podpiše in odgovarja, da se bo to res zgodilo," je odločen Klančič. Tudi on kot zdravnik, primerja, se vsak dan odloči, ali bo nekomu napisal recept ali ne. In ko ga podpiše, to pa naredi stokrat na dan, je zanj odgovoren. Po njegovem so tudi kolebanja v zvezi s koncesijo nepotrebna; dva koncedenta sta mogoča, občina ali država, vsi domnevni zadržki okoli statusne ureditve so zgolj izgovori. "Rešitve so na dlani, če jih le želimo," je prepričan.
"V slovenski družbi je odnos do umiranja in smrti še vedno zavit v tančico številnih predsodkov, strahov in tabujev, ozaveščenost številnih umirajočih in tistih, ki delajo z njimi, pa nas sili, da vedno bolj odkrito spregovorimo tudi o življenju in smrti, o strahovih in stiskah, ki se ob umiranju dotaknejo vseh nas," pa na družbeno klimo opozarja Robanova. Odkar je leta 1995 onkologinja Metka Klevišar začela odstirati to tančico, se spreminja na bolje, a sramežljivo. Ne eno, ki jo skoraj zapiramo, več podobnih hiš bi potrebovali, menijo sogovorniki; vsaj še v Mariboru in morda na Dolenjskem.</article-text><article-text-transliterated>V Hiši hospica v Ljubljani, edini te vrste pri nas, od sredine aprila novih stanovalcev ne sprejemajo več. Pri njih biva samo še ena bolnica, iščejo ji novo namestitev. "Doživeli smo finančni zlom in izčrpanost zaposlenih ter prostovoljcev," razlaga predsednica društva Hospic, sicer diplomirana medicinska sestra zakonske in družinske terapije, Renata Jakob Roban. "Vlečeš vrečo do konca," odgovarja, zakaj sploh so toliko časa vztrajali brez koncesije, brez rednih sistemskih prihodkov, oprti sami nase in na svojo dobro voljo.
Samo še spomini?
"Na sveti večer, 24. decembra, pred petimi leti je k nam prišla prva gospa. S koliko zavzetosti smo ji odprli vrata," se spominja Tatjana Horvat, koordinatorica za hospic oskrbo na domu. K njim so se v teh letih zatekali umirat mladi in stari, bilo jih je več kot štiristo, s člani družin 1200. Kam naj gre 35-letnik, ki mu je do konca življenja ostalo samo še nekaj mesecev? Primerne institucije za njegove še zadnje potrebe razen Hiše hospica v Sloveniji nimamo. Naj ga njegovi sorodniki, pogosto tudi otroci, obiskujejo v domu upokojencev? V negovalni bolnišnici? Kje mu bodo, socialno obubožanemu, noč in dan brezplačno stregli, mu psihično stali ob strani? "Ne spreglejmo jih, ranljivih populacij, zato apeliram na državo, da pokaže svoj odnos, našo kulturo do njih," poziva Horvatova.
"Jezen sem, zaprtje Hiše hospica je škandal!" je vidno razburjen nevrolog z Inštituta za klinično nevrofiziologijo Janez Zidar. Vsak dan je z ljudmi, ki sami ne morejo dihati, jesti, se sporazumevati. Nekateri med njimi so zadnje dni življenja prebili tudi v hiši pod Golovcem. "Ta sredstva se morajo najti," je ogorčen nad vsemi dosedanjimi zapleti, prelaganji odgovornosti, izgovori, po drugi strani pa nad lepimi besedami in polnim razumevanjem. "Bolezen je draga," spomni, bolni ljudje pa, ko jih invalidsko upokojijo, dobijo drobiž. V hospicu za tiste, ki jih izberejo po predpisanem protokolu, skrbijo 24 ur brezplačno. Trije zaposleni bodo zdaj na cesti, brez pogodb, sodelavci, prostovoljci, kot je Matevž Pavčnik, so razočarani. "Sem sem prihajal s svojo psičko, po službi, štiri leta, in delal vse, kar je bilo treba. To je tragedija, kot da bi ukinili slovenski jezik."
Pet let "izjemnih izkušenj" si je v Hiši hospica nabral tudi družinski zdravnik s sicer tridesetletno delovno dobo Dean Klančič. "Trend je, da bi ljudje umirali doma, več kot polovica jih pri nas umre kjerkoli drugje, le doma ne." Model hospica se od drugih - od paliativnih oddelkov v bolnišnicah ali domovih za ostarele - razlikuje po miselnosti in pristopu. "To je model poslavljanja, kompleksna, celostna oskrba," razlaga Klančič. Pacienta, zato da se mu omogoči dostojna smrt, spremlja cel tim, ob njem so svojci kadarkoli, "hospic je dom v domu", pravi Robanova. Čakalne vrste, kot je v domovih za starejše, si bolniki, ki jim je do smrti ostal še mesec, dva, ne morejo privoščiti. Bo ob meni ljubeča oseba, bodo z menoj ravnali spoštljivo, bo bolelo? V hospicu pomagajo živeti zadnje dni brez teh skrbi.
Predlog je enostaven, toda ...
Letno bi taka hiša, kot je ljubljanska, potrebovala okoli petsto tisoč evrov. Lani je "pridelala" dvesto tisoč minusa, od januarja naprej še vsak mesec 45 tisoč. V svetu, pravi Klančič, 30 do 70 odstotkov stroškov pokrije država. "V Angliji, ki je močno tradicionalna, da država več, manj je zasebnega denarja." Shema, po kateri bi lahko financiranje najbolj razumno uredili pri nas - tako predlagajo v društvu Hospic - bi bila tridelna. Delovno ministrstvo bi plačalo zaposlene, ministrstvo za zdravje zdravstvene storitve, donatorji preostale potrebe. Predlog je enostaven, toda ... "Država naj pove, ali ljudje hospic potrebujejo ali ne. Če ja, naj pove, ali ga bomo imeli ali ne. Če ja, naj odloči, podpiše in odgovarja, da se bo to res zgodilo," je odločen Klančič. Tudi on kot zdravnik, primerja, se vsak dan odloči, ali bo nekomu napisal recept ali ne. In ko ga podpiše, to pa naredi stokrat na dan, je zanj odgovoren. Po njegovem so tudi kolebanja v zvezi s koncesijo nepotrebna; dva koncedenta sta mogoča, občina ali država, vsi domnevni zadržki okoli statusne ureditve so zgolj izgovori. "Rešitve so na dlani, če jih le želimo," je prepričan.
"V slovenski družbi je odnos do umiranja in smrti še vedno zavit v tančico številnih predsodkov, strahov in tabujev, ozaveščenost številnih umirajočih in tistih, ki delajo z njimi, pa nas sili, da vedno bolj odkrito spregovorimo tudi o življenju in smrti, o strahovih in stiskah, ki se ob umiranju dotaknejo vseh nas," pa na družbeno klimo opozarja Robanova. Odkar je leta 1995 onkologinja Metka Klevišar začela odstirati to tančico, se spreminja na bolje, a sramežljivo. Ne eno, ki jo skoraj zapiramo, več podobnih hiš bi potrebovali, menijo sogovorniki; vsaj še v Mariboru in morda na Dolenjskem.</article-text-transliterated></article><comments><comments-count>0</comments-count><comments-list /></comments></document>