<document global-id="si-04-1018"><url>https://www.vecer.com//celjski-skof-stanislav-lipovsek-nismo-cisto-na-tleh-6545728</url><source-id>si-04</source-id><local-id>si-04-1018</local-id><source-name>Večer</source-name><article><article-title>Celjski škof Stanislav Lipovšek: Nismo čisto na tleh</article-title><article-title-transliterated>Celjski škof Stanislav Lipovšek: Nismo čisto na tleh</article-title-transliterated><article_time>2018-08-18</article_time><article-author>Vanessa Čokl</article-author><article-text>Doma v Vojniku, kjer se je Stanislav Lipovšek julija 1943 rodil, mu bo nuncij, papežev diplomat v Sloveniji Juliusz Janusz, naslednjo nedeljo vodil slovesno zlatomašno bogoslužje s slovenskimi katoliškimi škofi. Petdeset let je duhovnik. Celjski škof, dolga leta mariborski stolni župnik, osem let, od 2010., vodi škofijo. To poletje je, zaradi pravila 75, sporočil v Vatikan, da se odpoveduje škofovski službi. Nuncij bo zato spet imel delo, poiskati bo treba novega škofa za Celje, tretjega že v dobrih desetih letih. Pričaka pod lipo, ki dela popoldansko senco na dvorišču škofije, pokaže, da je vesel obiska iz Maribora. V glasbeni šoli, ki se drži zidov škofije, nekdo igra na klavir, škof mrmraje lovi ritem. Empatičen kakor zmeraj. Vznesen kakor zmeraj. In kritičen. Tudi cerkveno samokritičen.

Leta 1972 ga je mariborski škof Maksimiljan Držečnik poslal na študij v Rim. Ko se je vrnil, je bil najprej župnijski upravitelj v Brezju v Mariboru. Leta 1982 je bil imenovan za stolnega kanonika in župnika vikarja in 1984. za stolnega župnika v Mariboru. Leta 1996 je bil tajnik Škofijskega odbora za pripravo prvega obiska papeža Janeza Pavla II., leta 1999 za glavnega tajnika Odbora Slovenske škofovske konference za pripravo papeževega obiska in beatifikacijo, razglasitev za blaženega, škofa Antona Martina Slomška. Začetnik mariborske velikonočne procesije po Slomškovem trgu je, božično polnočnico je tudi uvedel, uveljavil pa v postnem času križev pot po mariborskih ulicah ... Tudi vzgoja orglarjev je bila dolgo njegova preokupacija. Nekaj časa je začasno vodil mariborsko nadškofijo, ko je imela turbulentno kadrovsko dobo, ko je finančno nasedla. Odprt, spoštuje druge in drugačne. Ekumensko dela od začetka, povezuje katoliške kristjane s pravoslavnimi in evangeličanskimi.

Kar odločilno leto je 2018. za vas, gospod Lipovšek.
"2018. je zanimivo leto, ker je to osma obletnica začetka moje škofovske službe pa 50. obletnica začetka moje duhovniške službe, temu se po domače reče zlata maša, in vse to seveda nekoliko odmeva v mojem življenju. In še 75 let, to je za nas škofe tudi pomembna obletnica, ker smo povabljeni, da se pri tej starosti odpovemo službi. To je pametna ustanova, čisto prav je tako, in jaz sem to željo že uresničil. Papežu Frančišku sem napisal lepo pismo, da sem dopolnil 75 let in sem pripravljen sprejeti svojega naslednika. Naj odloči in naj ga izberejo."
Ampak odstop, vaša odpoved škofovski službi, to formalno še ni sprejeto?
"Ne. To bo prišlo ob svojem času. Ne bi si upal razmišljati o tem, prepustim božji previdnosti oziroma tistim, ki so poslej odgovorni za stvar. Tudi v Rimu je zdaj čas počitnic, ferragosto, in delajo bolj nujne stvari. Pa tudi nimajo samo nas, vsak dan menjajo, imenujejo tega in onega, veliko je tega. Z naše strani smo uredili vse, kar je treba. Škofje moramo tudi vedno, še pred 75. letom, dati predloge za svoje naslednike, tudi to sem naredil, zdaj pa bo imel veliko nalogo nuncij, da posreduje med krajevno Cerkvijo in centralo, vesoljno Cerkvijo. Tudi ko smo škofje bili letos pozimi na ad limina obisku pri papežu, smo že omenili v Rimu, da smo pred menjavo škofa."
Naredili ste si naslednike, potencialne škofe, ta leta v Celju?
"Seveda! Bolj za šalo v Cerkvi rečemo, da nam sicer manjka duhovnih poklicev, škofovske pa imamo! (Smeh.) Gotovo imajo nekateri primerne sposobnosti, so bolj angažirani, imajo karizmo, vedno se najdejo. Stoletno izkušnjo ima Cerkev, kako se ravna v takšni situaciji, in bomo tudi pri nas našli rešitev. Za menoj bo treba poiskati pa še škofa v Novem mestu."
Več imen ste napisali na svoj seznam primernih za škofa?
"Ja, seveda!"
Tri?
"Še več. In na koncu tri najbolj primerne. Zdaj pa odločajo drugi, tečejo tako imenovana posvetovanja, tako v krajevni Cerkvi kot med Slovenijo in Svetim sedežem, tu pa se že malo poznamo, tako da to ni tako težka naloga."
Iz katere župnije bo? Ali ste gledali bolj po ljudeh na škofiji? Kar nekaj je prodornih duhovnikov na območju celjske škofije.
"Vedno se izbira z območja škofije, ker je mentaliteta tudi važna pri tej stvari. Da kandidat pozna svoje okolje, svoje ljudi. Kakorkoli smo Slovenci majhni, se kar razlikujemo po značaju, mentaliteti, celo po jeziku, narečju."
Saj kdo se zdi tako zelo primeren, toliko iz materiala za škofa, da nazadnje ne bo.
"Ja, tu je vedno polno kombinacij in večkrat so to računi brez krčmarja.
Za papeža velja, da kdor gre v konklave kot papež, pride ven kot kardinal."







Igor Napast



In vendar ne vedno.
"Drži. Celo zmotili so se že, poslali čestitke nepravemu. No, pri nas ne bo takšnih težav. (Smeh.)"
Bo s Frankolovega? Novi škof. Branko Cestnik moli in misli in vidi in motivira. In kadrovsko bi bilo Celje za lep čas rešeno, mlad je še.
"Tudi je eden od možnih, ampak prosim ..."
Na vašem seznamu je?
"Zdaj pa že preveč sprašujete, tu imamo mi tako imenovano segreto pontificio. (Smeh.)"
No, ko so padale škofovske glave zaradi finančnega poloma mariborske Cerkve, se je kakšne kadrovske odločitve poskušalo tudi popravljati. Ni bilo vse srečno izbrano zadnja leta oziroma potrošilo se je ljudi, nuncij je še kar dolžnik tu.
"Ja, to je modrost. So pa po bitki seveda vsi generali, prej pa je včasih težko izbrati najboljše. Ampak pustimo zdaj to. Kar je bilo, je bilo, naučili smo se nekaj iz tega, posledice so tu, poskušali smo rešiti, kar se je rešiti dalo, tudi sam sem bil zraven kar precej, prepustimo drugo božji previdnosti in gremo naprej."
V Mariboru ste legenda tako rekoč. Leta in leta stolni župnik, leta in leta ime za Cerkev. Aktivistični, odprti, pastirski, ekumenski. Ampak ko ste prišli leta 2010 škofovat v Celje, ste se v resnici vrnili v cerkev, svojo prvo. Samo da je sv. Danijel od takrat stolnica. Izkušnjo dveh mest imate, Maribora in Celja, vse to je Štajerska, in vendar. Nadškof Cvikl, ki je v Maribor prišel po dolgi dobi Rima, se je dolgo privajal na Maribor, čeprav ni prvič v mestu.
"Seveda so nianse. Že v govoru. Kako pa govoriš, so me takoj korigirali, ko sem prišel domov po tridesetih letih Maribora, češ, čisto po mariborsko vlečeš. (Smeh.) Celje na primer ne ve, kaj je pubec, v Celju je fant. In takšne stvari. Jaz sem se zelo vživel v Maribor in v mariborščino, mi je všeč. Kakor tudi tukaj, ko se v Celju malo drugače zavije. Pač, to je moja domovina, moj kraj. V celjski cerkvi sv. Danijela me je leta 1968 škof Grmič posvetil v duhovnika in sem bil potem tukaj štiri leta kaplan. In že prej, štiri leta kot gimnazijec, tedaj tudi nismo hodili zavezanih oči okrog. Še zdaj imam zelo dobre vezi s sošolci. To so imenitni spomini. Potem so prišla štiri leta Rima, a sem bil še kar naprej tudi v Celju kot nekakšen počitniški kaplan. In potem Maribor in nato spet Celje, zato sem tu."







Igor Napast



Ljudje, verniki ... Maribor, Celje. Problemi so in niso isti, stiske vsakdanjega življenja.
"Maribor in Celje sta doživljala socialni kolaps, ko je prišlo do gospodarske krize, ki je potegnila potem za seboj še moralno krizo. Razpad mariborske industrije. Doživljal sem Tam, ko je bil še na vrhuncu. Ko sem leta 1976 prišel v Maribor, je bil Tam pojem. Obvladovali so ves Balkan, ves Bližnji vzhod. Metalna prav tako. In potem je vse propadlo. Ljudje so izgubili službe, nastopila je socialna kriza, zelo boleče je bilo in sem v Mariboru to doživljal skupaj z ljudmi. Po drugi strani je v Mariboru od nekdaj veliko priseljencev, iz Hrvaške in od drugod, in versko so ti ljudje zelo zanimivi, močno izročilo imajo, marsikaj je bilo mogoče narediti z njimi, pri verouku in na druge načine. V Celju pa socialno tudi ni bilo veliko boljše. Kakšne težave so bile v Cinkarni pa v Emu, številne velike firme so razpadle, čeprav se je občina zelo trudila, da nadaljujejo, oživijo spet. Nekaj se je posrečilo, a imata mesti ob Dravi in Savinji kar podobno usodo."
Z župani ima pa Celje le več sreče?
"To je dobro. V Mariboru so bile včasih težave. Tisti protesti ... Za mesto to ni dobro. Če se na občini ne morejo dogovoriti, je problem, in to se je večkrat dogajalo. V stolni župniji sem se trudil, vedno smo imeli dobre odnose tako z županom kot z občinsko upravo in z različnimi službami, poskušali smo dobro sodelovati za blagor meščanov in mesta. V Celju je priprave na škofijo spremljalo zelo pozitivno vzdušje. Bilo je tudi malo zgodovinskega navdiha, Celje ima že rimsko cerkveno zgodovino, Maribor je nima. V cerkvi v Preboldu se je na primer našla oltarna plošča, ki je najprej bila spomenik škofu iz 6. stoletja Gavdenciju. Imenitna stvar! Dalje. Maksimilijan Celjski. Celjski grofi so pustili sled. Tudi v stolnici. Pa v mnogih drugih cerkvah. Pleterje. Ptujska gora. Lepoglava. V Pragi je na Hradčanih v cerkvi sv. Vida, v stolnici, pokopana Barbara Celjska. V Krakovu Ana Celjska, poljska kraljica. Celo do Osmanskega cesarstva so Celjski prišli. Z Oglejem kot takratnim žariščem so imeli stike. Vse to je bilo. In potem je Slomšek, ki je bil s Ponikve in je v Celju hodil v gimnazijo, odločil: srce v Celju, razum v Mariboru. (Smeh.) Videl je, da je važno, da se Maribor utrdi. Severna meja. Sedež lavantinske škofije je prestavil v Maribor, to je bila zgodovinska državotvorna poteza. Njegova Visoka bogoslovna šola je bila zametek mariborske univerze ... Tako da Celje ima močno tradicijo, ki je danes lahko spodbuda, motivacija. Takrat so znali odgovoriti na znamenja časa. Danes naj bi tudi odgovorili na znamenja časa, a je seveda današnja situacija popolnoma drugačna."
V celjski škofiji je že 37 župnij brez stalnega duhovnika. Ni jih že dolgo in jih ne bo dovolj, da bi bil en župnik za eno župnijo.
"Prej ste omenili župnika na Frankolovem, ki je o tem malo več razmišljal in nam duhovnikom nekoč povedal takole. Nekaj kilometrov od nas teče Sotla in čez Sotlo ni več teh problemov.
Zagrebška nadškofija, varaždinska škofija nimata problema duhovnih poklicev. Povsod jih imajo dovolj, doma in v Rimu. Madžarska ima še manj problemov, Poljska in Slovaška tudi. Ta zahodni svet, se pravi Slovenci pa Avstrija, Nemčija, Belgija, Francija, Italija, Združene države Amerike ..., tu pa se zelo čuti negativni vpliv procesa sekularizacije na izbiro poklicev, ki zahtevajo angažma, predanost, pripravljenost biti za, se darovati. Saj pri nas tudi medicinci tožijo, da nimajo poklicev. Pa policisti. Vojska. Nismo mi edini, pri nas je to splošen pojav in vsi ti poklici terjajo biti na razpolago sočloveku. No, mi še vedno beremo Sveto pismo in tam sedmim suhim letom sledi sedem bogatih. Jaz sem še doživljal, da nas je bilo celo preveč. Tako tesno je bilo leta 1968 v Ljubljani, v bogoslovju, da ni bilo kam stopiti in kje spati. Petdeset let pozneje je situacija z duhovniki popolnoma drugačna."

Ponosen kot predsednik Sveta krščanskih cerkva pokaže originalne podpise pod izjavo ruske in srbske pravoslavne, katoliške slovenske in evangeličanske cerkve iz letošnjega julija, ob obletniški slovesnosti pri Ruski kapelici sto let od konca prve svetovne vojne. Na Blejskem otoku so jo podpisali - kronštadtsko-peterburški škof Nazarij, zagrebško-ljubljanski metropolit Porfirije, evangeličanski škof Geza Filo in Lipovšek - na stodrugo obletnico smrti ruskih ujetnikov pod Vršičem. Bila je to priložnost za bratsko versko srečanje in ekumenski pogovor. Ker “kristjani v preteklosti nismo bili vedno graditelji miru”. Ker “grobovi žrtev obeh svetovnih vojn, raztreseni po celi Evropi, kličejo: Nikoli več vojne! Umrli ruski ujetniki pod Vršičem kličejo: Nikoli več vojne!, kajti vojna je zločin proti Bogu in proti človeku”. Ker “mir ni nikoli za vedno pridobljen, neprestano ga je treba graditi”. Izjavo za molitev in delo za mir “v naših deželah in povsod po svetu” so podpisali na Bledu.

No, 1968. je bilo leto vsesplošnega vrenja. V Cerkvi pa prelomni drugi vatikanski koncil. Drugi časi.
"V devetdesetih, malo pred osamosvojitvijo, sem se dobesedno prerival, da sem v mariborski stolnici za polnočnico lahko prišel do oltarja. Reke vernikov so se takrat vile v stolnico. Danes imaš prostora, kolikor hočeš."
In nove generacije so, za zadeve vere nezainteresirane.
"Tudi."
Kaj vse se je zgodilo? Pri nas. Sekularizacija, napadalni ateizem, politično podložen? Zaspala Cerkev, utrujena, ki ne sliši ljudi? Zakaj, zakaj vse?
"Zakaj, to je veliko vprašanje. Veliko je razlogov. Pojav sekularizacije je pojav načina življenja, kakor da Boga ni. In istočasno zakonitosti tako imenovane porabniške družbe. Samo konzumirati, samo uživati. Dobro se imej, pa si že opravil svojo dolžnost. Saj je lepo, da si želimo dobro, ampak ... Papež Frančišek mlade ves čas spodbuja, naj se ne ulenijo, uspavajo, ampak se soočijo z realnimi problemi."
Pa saj je krščanstvo zelo dobro naučilo trpeti. Dolga vaja je to.
"Trpljenje? Kak posamezni moralist je morda šel v tej smeri, evangelij pa pravi: prihajam, da bi imeli življenje. Da bi ga imeli v polnosti. To je evangelij. Zakaj ni elana? Kako proti brezvoljnosti, apatiji, neangažiranosti? Tudi pri duhovnikih. To je zahtevno vprašanje. Logika 'briga me, ne grem na volitve'. In potem povsod tako. Nezainteresirano. Ja, to imamo. In vendar spet ni vse tako temno. Pred štirinajstimi dnevi sem imel v Velenju, ob jezeru, mašo za 400 skavtov. Zelo lep občutek je bil. 400 mladih pred teboj, ki so pripravljeni nekaj narediti. Kaj je lahko lepšega? Prepričan sem, da bo 15. septembra v Stični spet 6000 mladih. Angažiranih mladih. Tako da to je pozitivno, nismo čisto na tleh. Oktobra bo v Rimu sinoda o mladih. In prejšnja je bila o družini in tu tudi še imamo veliko dela. Kako pomagati tem, ki so omagali na skupni poti. To je vprašanje ločenih in na novo poročenih. Kdo tu trpi? Zakonci. In otroci."
In novi zakonci.
"In novi zakonci. Vse te mora Cerkev sprejemati, vključevati, ne izključevati. Še bolj so potrebni pomoči, če imajo brodolom na poti. Pa smo včasih v Cerkvi imeli kar čudne besede za takšne. Češ, vedno smo tako ravnali, pa bomo še jutri. O, ne! Pred sto leti je morda delovalo, danes ne deluje več! Zelo moramo paziti na znamenja časa, tudi v teh zadevah."
Ni več polnih maš, ste rekli. In potem so veliki cerkveni prazniki, romarski kot 15. avgust, in so božjepotne cerkve polne.
"Zakaj? Tam iščejo samega sebe. Tam iščejo Boga. In ga najdejo! Hvala Bogu."
Doma, v svoji domači cerkvi, ga pa ne najdejo?
"To pa je naloga! Naloga nove evangelizacije. Kako pomagati ljudem sredi sedanjega časa najti sledove večnosti. Božje sledove."







Igor Napast



Ostala sva pri več in več župnijah, ki si posojajo duhovnike. Ker jih manjka.
"Za nas je pomanjkanje duhovnikov izziv. Resno si postavljamo vprašanje, koliko smo bili mi krivi. Koliko smo tudi mi prispevali k temu. Mi v Cerkvi. Dogajanja v zvezi s finančnimi zadevami ali s pedofilskimi zadevami, to gotovo ni v dobro Cerkve, tega se jasno zavedamo. Pa ne samo to. Tudi kakšen klerikalizem bi se našel, se pravi premajhno zaupanje vernikom. Kaj nam pomagajo sinode, od rimskih do naših, če nam potem na terenu zmanjka pripravljenosti in tudi možnosti. Koliko ima Cerkev vrat, ki so odprta, da nas ljudje našega časa, zlasti mali, ubogi, oddaljeni, najdejo, to je vprašanje. Zakaj nas ne najdejo v svoji župniji. Včasih je res nemogoče. Župnik se razdaja, pa je starost, bolezen. V redovni skupnosti je to lažje in tudi morajo biti posebna mesta kot romarske cerkve, kjer lahko dobiš duhovno hrano in pomoč. Saj samostani so bili vedno duhovna žarišča. Benedikt, oče zapadnega meništva, je evropski misijon postavil na geslo moli in delaj, papež Janez Pavel II., ki je bil dvakrat v Mariboru ..."
... in obakrat ste vi bili stolni župnik.
"In obakrat sem ga sprejel v stolnici, to mi je v veliko veselje."
Premalo duhovnikov ...
"Problem župnij brez duhovnika zdaj rešujemo tudi na ta način, da bodo usposobljeni laiki vodili bogoslužje božje besede. Diakoni na primer pogrebe. Ampak je spet problem, ker so ljudje navajeni, da župnik vodi pogreb. Toda tako je, treba se bo navaditi. Tudi duhovniki se bodo morali. Tudi na to, da nekatere župnije preprosto izumirajo. Ker prebivalci umirajo. To bo tudi treba sprejeti. Če ni več mogoče imeti maše, bo bogoslužje božje besede, duhovnik bo pa prišel enkrat na mesec. Zanimivo, da ima Cerkev obrednik za situacijo, v kateri smo, ko je duhovnikov premalo in je župnija prazna, pripravljen že deset let. Tu smo bili več kot ažurni. Pred desetimi leti smo že mislili na to, pa še zdaj ni domače vsem duhovnikom niti vernikom. Pri nas, v celjski škofiji, ima en duhovnik ponekod že tri župnije. Slovenija ima to značilnost, da je dežela, ki je pokrita s cerkvami in cerkvicami, in to urejenimi cerkvami in cerkvicami. Pomeni, da tod bivajo dobri in verni ljudje. To so biseri duhovne kulture in narodne zavesti, tudi če so prazne. To je naše, to smo mi in to je treba ohraniti."

”Skrbi in vznemirja nas veliko stvari. Kar priznajmo, da smo že nekoliko utrujeni, morda tudi malodušni ali nejevoljni ob nenehnem soočanju s skrb vzbujajočimi pojavi in posledicami vsesplošne krize, ki ne popusti in se s svojimi zloveščimi lovkami priplazi celo v zavetje naših domov in družin, pa tudi nekatere cerkvene ustanove niso dovolj odporne proti tem pojavom. In če dodamo še vse druge preizkušnje, kot so bolezen, neuspeh v šoli, v službi v družini, in zraven še naravne nesreče, neurja, suša, požari, se zdi, da je mera polna in se zaskrbljeno vprašujemo, kam vse to vodi, kje je rešitev? Mnogi se sprašujejo, kako to, da se tudi v Cerkvi dogajajo nepravilnosti in zlorabe? Za marsikoga, ki ima bolj šibko vero, je to lahko razlog, da se še bolj odtuji in razočaran odide. S temi pojavi se moramo resno soočati in vedno računati s tem, da Cerkev sestavljamo ljudje, ki smo grešna bitja, da je Cerkev božje-človeška ustanova, ki je sveta, ker je njen ustanovitelj svet, pa tudi grešna, ker jo sestavljamo grešni ljudje.” Iz škofovega nagovora 15. avgusta, na praznik Marijinega vnebovzetja, v cerkvi v Petrovčah

Kljub vsemu je Katoliška cerkev v Sloveniji letos imela 20 novomašnikov. In vendar je to šele preblisk, po sušnih časih? Pričakovalo se je slej ko prej, ko jih je Sveti sedež pred dobrimi desetimi leti odobril, da bodo nove škofije, manjše, tudi celjska je ena od novih, večji pospešek duhovnim poklicem.
"Je preblisk, tudi malo srečno naključje, a sem trdno prepričan, da bo sledila duhovna pomlad. Mi molimo in delamo v tej smeri. To so druge silnice, niso nove škofije krive za manj duhovnih poklicev. Kako bi šele bilo brez novih škofij. Še huje najbrž."
Druge silnice. To, kar se je zgodilo v Mariboru, tudi ni bilo povabilo v Cerkev.
"Seveda ne. In različni drugi negativni pojavi. Ko je treba kardinala - ameriškega - odstaviti zaradi pedofilije, ki je pohujšanje. In tako dalje. Tudi duhovniki nismo vedno to, kar naj bi bili. Zame so to krepke duhovne vaje in klic k razmisleku, kaj bomo morali postoriti v domači hiši, da bomo bolj prepričljivi in bolj sprejemljivi, ne nazadnje tudi privlačni. Cerkev mora biti luč. Kristjan kvas, sol v družbi. Če ni luč, če je tema ... Tu smo včasih ... Zdaj nas rešuje Karitas. Gorje, če ne bi imeli Karitas. Karitas, ki se je, kot še druge sorodne organizacije, odzval na val beguncev pred dvema letoma. Bil sem med begunci in bil je Karitas, torej evangelij. Hvala Bogu. Dobili smo papeža Frančiška, pa mu žal vsi ne sledimo. Tako kot midva zdaj smo sedeli z njim v Rimu, ko smo bili slovenski škofje pri njem. Čisto vse lahko poveste, vse probleme, o vsem se lahko pogovarjamo, je rekel, samo tukaj naj ostane. In smo se! Nisem še doživel tako prisrčnega pogovora."
Revizijskega?
"Ja. Gotovo je evangelij naša pot in tu smo vsi poklicani k reviziji. Ali je naše govorjenje, naše vedenje res v skladu z evangelijem. Saj je. Posamezne deviacije, bodisi finančne bodisi moralne, so pa zelo boleče. Angažma Cerkve v današnjem času, da smo v službi človeka, in to malega človeka, na to moramo ves čas paziti. Odkar imamo evangelij, imamo v Cerkvi koncept. Je pa vprašanje, koliko smo mu zvesti."







Igor Napast



Ne maksimalno, to je menda jasno. Konkretno slovensko: ko so se tukajšnji ljudje, verni in neverni, najbolj ubadali s krizo svojih proračunov, s položnicami, ki jih niso imeli s čim plačati, s tem, da so brez službe, je vsaj pol tukajšnje Cerkve tajkunsko egoistično megalomansko zanašalo. Ni bila v službi človeka, kje pa!
"Res je. In spet nam odgovarja papež Frančišek v svoji zadnji okrožnici. Osem blagrov je pot. Da si čuteč, sočuten. Lačen sem bil in ste mi dali jesti, tujec sem bil in ste me sprejeli, žalosten sem bil in ste me potolažili, zbolel sem in ste prišli k meni ... Tu je prostor Cerkve. Ampak delamo mi to ali pa se obrnemo in gremo? Vidimo in živimo znamenja časa? Spet je nevarnost, da bi bili premalo pozorni. Celotna Evropa ne ve, kaj storiti z begunci. In tudi Cerkev. Saj ne moremo storiti veliko, nekaj pa, in to je dobrodelnost. Ampak nimamo koncepta. Koncept bi morali narediti državniki. Govorijo o Marshallovem planu za Afriko, tako kot je bil za Evropo. Zakaj pa ne! Ko begunci pridejo, jih kot sužnje strpajo v nekakšna taborišča. Oropajo jih dostojanstva. Evropa si tu koplje veliko krivdo. Tako se ne dela z ljudmi. Pa je kar veliko duhovnikov in vernikov, ki tega ne razumejo. Ko le morem, poskušam civilizirati. Spomnite se samo težav s priseljenci v Velenju. V Vojniku je zanimiva sirska družina. So integrirani. Dozidali so si hišo. Lepo se angažirajo. Ko sem bil v Mariboru, sem v jaslice dal polmesec pa judovski svečnik, muslimansko molitveno preprogo. Zakaj pa ne. Saj vsi molimo k Bogu. Dalje. Kaj storimo v Cerkvi za bolnike, ostarele, obnemogle? To so znamenja. Nenehno se moramo gledati v ogledalo."
Kaj ni že nekaj časa globoko v predalu? Ogledalo.
"Tudi včasih. Ali pa smo ga zamenjali za bolj samovšečno. To je tudi nevarnost. Da se vidimo boljši, kot smo. In spet to ni nič novega. Že Avguštin obračunava s pastirji, ki pasejo sami sebe."
Ima Cerkev v Sloveniji ta trenutek koncept? Občutek je, da ga nima.
"Mi pa vidimo to drugače. Koncept je evangelij. Trenutno čakamo novo vlado."
Spet. Še eno.
"Že nekaj časa nimamo sogovornika za svobodno opravljanje naših dejavnosti. Za vprašanje šolstva. Zanemarljivo malo je, koliko ima Cerkev pri nas na primer vpliva na vzgojo in izobraževanje mladih intelektualcev. To se načrtno ovira. Niti to, kar je ustavno sodišče določilo, se ne spoštuje. Zakaj ne more biti duhovna oskrba v vojski urejena prek vojaškega vikariata, zakaj se to ne uredi? In spet nimamo sogovornika. In še je teh stvari. Drobnih pravzaprav, a pomembnih. Tu se vrtimo na mestu. Odlaga se. Čakamo. Prav tako vprašanje duhovnikov kot javnih delavcev, ki imajo zasluge za skupni blagor, pa na primer njihovo pedagoško delo ni ovrednoteno, še zdaleč ne. Saj je bil v Ljubljani na obisku številka dva v Katoliški cerkvi, kardinal Parolin. Pa vatikanski zunanji minister je prišel. Pa so vsi po vrsti tožili, da ni pripravljenosti soočiti se, kako bi Cerkev lahko pripomogla k boljši splošni klimi v družbi. Dobro vemo, da Cerkev naj ne bi bila neposredno vključena v politiko. Nismo pa mi apolitični. Nismo samo opazovalci ali paraziti. Del tega sveta smo, za božjo voljo! Mi živimo tu, mi živimo v svetu. Drža kristjana ni, da bo že kako. Kristjan je angažiran. Ker je ljubezen angažma. Ker je smisel dajanje, razdajanje. To nam danes manjka, verujočim in neverujočim. Kristjan ni brezbarvna figura, ampak sol, kvas! Luč. Luč pa sveti! Najti v vsem tem pravo mesto, to je pa modrost. Evangelij je zelo angažiran, zelo političen v smislu, da je polis mesto, da so ljudje. Ne samo mi. Vsa Evropa se je odrekla judovsko-krščanskim in grško-rimskim koreninam, ko jih ni napisala v preambulo tako imenovane evropske ustave. Da bi vsaj omenili, od kod prihajamo. Zdaj pa ne vemo, od kod prihajamo, kje so naše korenine. Bojimo se, da bi to vedeli. Nimam občutka, da v Cerkvi spimo in da se nič ne dogaja. Slovenska škofovska konferenca premika zadeve, zahvaljujoč papežu Frančišku! Sploh letos, ko smo bili v Rimu in smo doživeli neke vrste revizijo vsak svojega dela in vsak svoje škofije in smo to soočili na ravni vesoljne Cerkve, tako da imamo zdaj situacijo pred seboj: to je dobro, to ni dobro. In to v klimi doma, ki pa je ne ustvarjamo samo mi."







Igor Napast



Pa perspektiva? Kaj vi vidite. Vedno manj župnikov bo imelo vedno več praznih župnij?
"Ne! Prepričan sem, da se ta trend ne bo obdržal dolgo. Obrnil se bo. Res pa trend gre od masovne Cerkve k manjšinski oziroma od kvantitete h kvaliteti, k angažiranim vernikom. Teh je veliko več kot nekoč, ko smo se še drenjali v cerkvi."
Ampak imate probleme z vrati.
"Drži. Nova evangelizacija pomeni odpirati vrata vsem ljudem, mi pa zelo grešimo. Naša bogoslužja niso prilagojena. Mi imamo pristop eno za vse, vzemi in pojdi. Naša pastorala je premalo segmentirana. To je posledica pomanjkanja kadrov, včasih pa tudi volje. Raje smo v šablonah."
Kako vidite reševanje situacije v Mariboru?
"Ne smemo pozabiti, da škoda ni bila samo finančna, ampak tudi moralna, pa je to še vedno nekoliko v ozadju. S sočutjem in prizadetostjo gledam na to, ker sem bil pač tudi zraven, celo bi lahko bil tudi malo kriv, pa lahko mirno zanikam, ker sem opozarjal, in to zelo zgodaj, vendar ni nič pomagalo. No, prepričan sem, da se bo saniralo. Dobro je, da je nadškof Cvikl v Mariboru, on ne gradi zidov, ampak mostove. Moramo pa še naprej paziti, da ne delamo novih napak. A se napake žal še delajo ponekod v Cerkvi na Slovenskem."
Ja?
"Nismo še prišli do prave modrosti."
Tudi finančne napake?
"Vse sorte je. Ampak pustimo to. Nekaj smo se naučili, a je treba biti čuječ. Kot pravi sv. Peter. Hudič hodi okrog kakor rjoveč lev. Išče, koga bi požrl. Ampak ostali smo trdni v veri, gremo dalje! Sv. Avguštin je rekel, da Cerkev potuje med tolažbami Boga in preizkušnjami sveta. Vedno med že in še ne. Bodočnost je, da še ni tako, kot naj bi bilo, je pa razlog v človekovi svobodi. Mi imamo ta veliki dar, da lahko rečemo ne. To je človekova svoboda. Ki pa se lahko zlorabi. Pater Gržan v svojih 95 tezah pravi, da je divji kapitalizem vražje delo. Razbiješ družino, da dobiš več potrošnikov, več posameznikov, ki več potrebujejo, več trošijo. In tako dalje, narediva zdaj tukaj zaklepaj. Nekaj sva jih že prej omenila. Hvala Bogu imamo nekaj duhovnikov, ki razmišljajo in so kažipoti."
Papeža Frančiška v Sloveniji ne bomo videli?
"Frančišek bi prišel, pa nima za kaj. Kanonizacija Slomška bi lahko bila takšna stvar, ampak ni še tako daleč. Prepočasi se premika, Slovenci smo malo okorni. Malo premalo imamo ponosa, da smo, kar smo. Trenutno smo vsi v Evropi v megli. Pozabili smo svoje korenine, identiteto. Ampak še vedno so prišli ljudje, ki so postali nosilci preporoda. Tudi med nami so takšni."</article-text><article-text-transliterated>Doma v Vojniku, kjer se je Stanislav Lipovšek julija 1943 rodil, mu bo nuncij, papežev diplomat v Sloveniji Juliusz Janusz, naslednjo nedeljo vodil slovesno zlatomašno bogoslužje s slovenskimi katoliškimi škofi. Petdeset let je duhovnik. Celjski škof, dolga leta mariborski stolni župnik, osem let, od 2010., vodi škofijo. To poletje je, zaradi pravila 75, sporočil v Vatikan, da se odpoveduje škofovski službi. Nuncij bo zato spet imel delo, poiskati bo treba novega škofa za Celje, tretjega že v dobrih desetih letih. Pričaka pod lipo, ki dela popoldansko senco na dvorišču škofije, pokaže, da je vesel obiska iz Maribora. V glasbeni šoli, ki se drži zidov škofije, nekdo igra na klavir, škof mrmraje lovi ritem. Empatičen kakor zmeraj. Vznesen kakor zmeraj. In kritičen. Tudi cerkveno samokritičen.

Leta 1972 ga je mariborski škof Maksimiljan Držečnik poslal na študij v Rim. Ko se je vrnil, je bil najprej župnijski upravitelj v Brezju v Mariboru. Leta 1982 je bil imenovan za stolnega kanonika in župnika vikarja in 1984. za stolnega župnika v Mariboru. Leta 1996 je bil tajnik Škofijskega odbora za pripravo prvega obiska papeža Janeza Pavla II., leta 1999 za glavnega tajnika Odbora Slovenske škofovske konference za pripravo papeževega obiska in beatifikacijo, razglasitev za blaženega, škofa Antona Martina Slomška. Začetnik mariborske velikonočne procesije po Slomškovem trgu je, božično polnočnico je tudi uvedel, uveljavil pa v postnem času križev pot po mariborskih ulicah ... Tudi vzgoja orglarjev je bila dolgo njegova preokupacija. Nekaj časa je začasno vodil mariborsko nadškofijo, ko je imela turbulentno kadrovsko dobo, ko je finančno nasedla. Odprt, spoštuje druge in drugačne. Ekumensko dela od začetka, povezuje katoliške kristjane s pravoslavnimi in evangeličanskimi.

Kar odločilno leto je 2018. za vas, gospod Lipovšek.
"2018. je zanimivo leto, ker je to osma obletnica začetka moje škofovske službe pa 50. obletnica začetka moje duhovniške službe, temu se po domače reče zlata maša, in vse to seveda nekoliko odmeva v mojem življenju. In še 75 let, to je za nas škofe tudi pomembna obletnica, ker smo povabljeni, da se pri tej starosti odpovemo službi. To je pametna ustanova, čisto prav je tako, in jaz sem to željo že uresničil. Papežu Frančišku sem napisal lepo pismo, da sem dopolnil 75 let in sem pripravljen sprejeti svojega naslednika. Naj odloči in naj ga izberejo."
Ampak odstop, vaša odpoved škofovski službi, to formalno še ni sprejeto?
"Ne. To bo prišlo ob svojem času. Ne bi si upal razmišljati o tem, prepustim božji previdnosti oziroma tistim, ki so poslej odgovorni za stvar. Tudi v Rimu je zdaj čas počitnic, ferragosto, in delajo bolj nujne stvari. Pa tudi nimajo samo nas, vsak dan menjajo, imenujejo tega in onega, veliko je tega. Z naše strani smo uredili vse, kar je treba. Škofje moramo tudi vedno, še pred 75. letom, dati predloge za svoje naslednike, tudi to sem naredil, zdaj pa bo imel veliko nalogo nuncij, da posreduje med krajevno Cerkvijo in centralo, vesoljno Cerkvijo. Tudi ko smo škofje bili letos pozimi na ad limina obisku pri papežu, smo že omenili v Rimu, da smo pred menjavo škofa."
Naredili ste si naslednike, potencialne škofe, ta leta v Celju?
"Seveda! Bolj za šalo v Cerkvi rečemo, da nam sicer manjka duhovnih poklicev, škofovske pa imamo! (Smeh.) Gotovo imajo nekateri primerne sposobnosti, so bolj angažirani, imajo karizmo, vedno se najdejo. Stoletno izkušnjo ima Cerkev, kako se ravna v takšni situaciji, in bomo tudi pri nas našli rešitev. Za menoj bo treba poiskati pa še škofa v Novem mestu."
Več imen ste napisali na svoj seznam primernih za škofa?
"Ja, seveda!"
Tri?
"Še več. In na koncu tri najbolj primerne. Zdaj pa odločajo drugi, tečejo tako imenovana posvetovanja, tako v krajevni Cerkvi kot med Slovenijo in Svetim sedežem, tu pa se že malo poznamo, tako da to ni tako težka naloga."
Iz katere župnije bo? Ali ste gledali bolj po ljudeh na škofiji? Kar nekaj je prodornih duhovnikov na območju celjske škofije.
"Vedno se izbira z območja škofije, ker je mentaliteta tudi važna pri tej stvari. Da kandidat pozna svoje okolje, svoje ljudi. Kakorkoli smo Slovenci majhni, se kar razlikujemo po značaju, mentaliteti, celo po jeziku, narečju."
Saj kdo se zdi tako zelo primeren, toliko iz materiala za škofa, da nazadnje ne bo.
"Ja, tu je vedno polno kombinacij in večkrat so to računi brez krčmarja.
Za papeža velja, da kdor gre v konklave kot papež, pride ven kot kardinal."







Igor Napast



In vendar ne vedno.
"Drži. Celo zmotili so se že, poslali čestitke nepravemu. No, pri nas ne bo takšnih težav. (Smeh.)"
Bo s Frankolovega? Novi škof. Branko Cestnik moli in misli in vidi in motivira. In kadrovsko bi bilo Celje za lep čas rešeno, mlad je še.
"Tudi je eden od možnih, ampak prosim ..."
Na vašem seznamu je?
"Zdaj pa že preveč sprašujete, tu imamo mi tako imenovano segreto pontificio. (Smeh.)"
No, ko so padale škofovske glave zaradi finančnega poloma mariborske Cerkve, se je kakšne kadrovske odločitve poskušalo tudi popravljati. Ni bilo vse srečno izbrano zadnja leta oziroma potrošilo se je ljudi, nuncij je še kar dolžnik tu.
"Ja, to je modrost. So pa po bitki seveda vsi generali, prej pa je včasih težko izbrati najboljše. Ampak pustimo zdaj to. Kar je bilo, je bilo, naučili smo se nekaj iz tega, posledice so tu, poskušali smo rešiti, kar se je rešiti dalo, tudi sam sem bil zraven kar precej, prepustimo drugo božji previdnosti in gremo naprej."
V Mariboru ste legenda tako rekoč. Leta in leta stolni župnik, leta in leta ime za Cerkev. Aktivistični, odprti, pastirski, ekumenski. Ampak ko ste prišli leta 2010 škofovat v Celje, ste se v resnici vrnili v cerkev, svojo prvo. Samo da je sv. Danijel od takrat stolnica. Izkušnjo dveh mest imate, Maribora in Celja, vse to je Štajerska, in vendar. Nadškof Cvikl, ki je v Maribor prišel po dolgi dobi Rima, se je dolgo privajal na Maribor, čeprav ni prvič v mestu.
"Seveda so nianse. Že v govoru. Kako pa govoriš, so me takoj korigirali, ko sem prišel domov po tridesetih letih Maribora, češ, čisto po mariborsko vlečeš. (Smeh.) Celje na primer ne ve, kaj je pubec, v Celju je fant. In takšne stvari. Jaz sem se zelo vživel v Maribor in v mariborščino, mi je všeč. Kakor tudi tukaj, ko se v Celju malo drugače zavije. Pač, to je moja domovina, moj kraj. V celjski cerkvi sv. Danijela me je leta 1968 škof Grmič posvetil v duhovnika in sem bil potem tukaj štiri leta kaplan. In že prej, štiri leta kot gimnazijec, tedaj tudi nismo hodili zavezanih oči okrog. Še zdaj imam zelo dobre vezi s sošolci. To so imenitni spomini. Potem so prišla štiri leta Rima, a sem bil še kar naprej tudi v Celju kot nekakšen počitniški kaplan. In potem Maribor in nato spet Celje, zato sem tu."







Igor Napast



Ljudje, verniki ... Maribor, Celje. Problemi so in niso isti, stiske vsakdanjega življenja.
"Maribor in Celje sta doživljala socialni kolaps, ko je prišlo do gospodarske krize, ki je potegnila potem za seboj še moralno krizo. Razpad mariborske industrije. Doživljal sem Tam, ko je bil še na vrhuncu. Ko sem leta 1976 prišel v Maribor, je bil Tam pojem. Obvladovali so ves Balkan, ves Bližnji vzhod. Metalna prav tako. In potem je vse propadlo. Ljudje so izgubili službe, nastopila je socialna kriza, zelo boleče je bilo in sem v Mariboru to doživljal skupaj z ljudmi. Po drugi strani je v Mariboru od nekdaj veliko priseljencev, iz Hrvaške in od drugod, in versko so ti ljudje zelo zanimivi, močno izročilo imajo, marsikaj je bilo mogoče narediti z njimi, pri verouku in na druge načine. V Celju pa socialno tudi ni bilo veliko boljše. Kakšne težave so bile v Cinkarni pa v Emu, številne velike firme so razpadle, čeprav se je občina zelo trudila, da nadaljujejo, oživijo spet. Nekaj se je posrečilo, a imata mesti ob Dravi in Savinji kar podobno usodo."
Z župani ima pa Celje le več sreče?
"To je dobro. V Mariboru so bile včasih težave. Tisti protesti ... Za mesto to ni dobro. Če se na občini ne morejo dogovoriti, je problem, in to se je večkrat dogajalo. V stolni župniji sem se trudil, vedno smo imeli dobre odnose tako z županom kot z občinsko upravo in z različnimi službami, poskušali smo dobro sodelovati za blagor meščanov in mesta. V Celju je priprave na škofijo spremljalo zelo pozitivno vzdušje. Bilo je tudi malo zgodovinskega navdiha, Celje ima že rimsko cerkveno zgodovino, Maribor je nima. V cerkvi v Preboldu se je na primer našla oltarna plošča, ki je najprej bila spomenik škofu iz 6. stoletja Gavdenciju. Imenitna stvar! Dalje. Maksimilijan Celjski. Celjski grofi so pustili sled. Tudi v stolnici. Pa v mnogih drugih cerkvah. Pleterje. Ptujska gora. Lepoglava. V Pragi je na Hradčanih v cerkvi sv. Vida, v stolnici, pokopana Barbara Celjska. V Krakovu Ana Celjska, poljska kraljica. Celo do Osmanskega cesarstva so Celjski prišli. Z Oglejem kot takratnim žariščem so imeli stike. Vse to je bilo. In potem je Slomšek, ki je bil s Ponikve in je v Celju hodil v gimnazijo, odločil: srce v Celju, razum v Mariboru. (Smeh.) Videl je, da je važno, da se Maribor utrdi. Severna meja. Sedež lavantinske škofije je prestavil v Maribor, to je bila zgodovinska državotvorna poteza. Njegova Visoka bogoslovna šola je bila zametek mariborske univerze ... Tako da Celje ima močno tradicijo, ki je danes lahko spodbuda, motivacija. Takrat so znali odgovoriti na znamenja časa. Danes naj bi tudi odgovorili na znamenja časa, a je seveda današnja situacija popolnoma drugačna."
V celjski škofiji je že 37 župnij brez stalnega duhovnika. Ni jih že dolgo in jih ne bo dovolj, da bi bil en župnik za eno župnijo.
"Prej ste omenili župnika na Frankolovem, ki je o tem malo več razmišljal in nam duhovnikom nekoč povedal takole. Nekaj kilometrov od nas teče Sotla in čez Sotlo ni več teh problemov.
Zagrebška nadškofija, varaždinska škofija nimata problema duhovnih poklicev. Povsod jih imajo dovolj, doma in v Rimu. Madžarska ima še manj problemov, Poljska in Slovaška tudi. Ta zahodni svet, se pravi Slovenci pa Avstrija, Nemčija, Belgija, Francija, Italija, Združene države Amerike ..., tu pa se zelo čuti negativni vpliv procesa sekularizacije na izbiro poklicev, ki zahtevajo angažma, predanost, pripravljenost biti za, se darovati. Saj pri nas tudi medicinci tožijo, da nimajo poklicev. Pa policisti. Vojska. Nismo mi edini, pri nas je to splošen pojav in vsi ti poklici terjajo biti na razpolago sočloveku. No, mi še vedno beremo Sveto pismo in tam sedmim suhim letom sledi sedem bogatih. Jaz sem še doživljal, da nas je bilo celo preveč. Tako tesno je bilo leta 1968 v Ljubljani, v bogoslovju, da ni bilo kam stopiti in kje spati. Petdeset let pozneje je situacija z duhovniki popolnoma drugačna."

Ponosen kot predsednik Sveta krščanskih cerkva pokaže originalne podpise pod izjavo ruske in srbske pravoslavne, katoliške slovenske in evangeličanske cerkve iz letošnjega julija, ob obletniški slovesnosti pri Ruski kapelici sto let od konca prve svetovne vojne. Na Blejskem otoku so jo podpisali - kronštadtsko-peterburški škof Nazarij, zagrebško-ljubljanski metropolit Porfirije, evangeličanski škof Geza Filo in Lipovšek - na stodrugo obletnico smrti ruskih ujetnikov pod Vršičem. Bila je to priložnost za bratsko versko srečanje in ekumenski pogovor. Ker “kristjani v preteklosti nismo bili vedno graditelji miru”. Ker “grobovi žrtev obeh svetovnih vojn, raztreseni po celi Evropi, kličejo: Nikoli več vojne! Umrli ruski ujetniki pod Vršičem kličejo: Nikoli več vojne!, kajti vojna je zločin proti Bogu in proti človeku”. Ker “mir ni nikoli za vedno pridobljen, neprestano ga je treba graditi”. Izjavo za molitev in delo za mir “v naših deželah in povsod po svetu” so podpisali na Bledu.

No, 1968. je bilo leto vsesplošnega vrenja. V Cerkvi pa prelomni drugi vatikanski koncil. Drugi časi.
"V devetdesetih, malo pred osamosvojitvijo, sem se dobesedno prerival, da sem v mariborski stolnici za polnočnico lahko prišel do oltarja. Reke vernikov so se takrat vile v stolnico. Danes imaš prostora, kolikor hočeš."
In nove generacije so, za zadeve vere nezainteresirane.
"Tudi."
Kaj vse se je zgodilo? Pri nas. Sekularizacija, napadalni ateizem, politično podložen? Zaspala Cerkev, utrujena, ki ne sliši ljudi? Zakaj, zakaj vse?
"Zakaj, to je veliko vprašanje. Veliko je razlogov. Pojav sekularizacije je pojav načina življenja, kakor da Boga ni. In istočasno zakonitosti tako imenovane porabniške družbe. Samo konzumirati, samo uživati. Dobro se imej, pa si že opravil svojo dolžnost. Saj je lepo, da si želimo dobro, ampak ... Papež Frančišek mlade ves čas spodbuja, naj se ne ulenijo, uspavajo, ampak se soočijo z realnimi problemi."
Pa saj je krščanstvo zelo dobro naučilo trpeti. Dolga vaja je to.
"Trpljenje? Kak posamezni moralist je morda šel v tej smeri, evangelij pa pravi: prihajam, da bi imeli življenje. Da bi ga imeli v polnosti. To je evangelij. Zakaj ni elana? Kako proti brezvoljnosti, apatiji, neangažiranosti? Tudi pri duhovnikih. To je zahtevno vprašanje. Logika 'briga me, ne grem na volitve'. In potem povsod tako. Nezainteresirano. Ja, to imamo. In vendar spet ni vse tako temno. Pred štirinajstimi dnevi sem imel v Velenju, ob jezeru, mašo za 400 skavtov. Zelo lep občutek je bil. 400 mladih pred teboj, ki so pripravljeni nekaj narediti. Kaj je lahko lepšega? Prepričan sem, da bo 15. septembra v Stični spet 6000 mladih. Angažiranih mladih. Tako da to je pozitivno, nismo čisto na tleh. Oktobra bo v Rimu sinoda o mladih. In prejšnja je bila o družini in tu tudi še imamo veliko dela. Kako pomagati tem, ki so omagali na skupni poti. To je vprašanje ločenih in na novo poročenih. Kdo tu trpi? Zakonci. In otroci."
In novi zakonci.
"In novi zakonci. Vse te mora Cerkev sprejemati, vključevati, ne izključevati. Še bolj so potrebni pomoči, če imajo brodolom na poti. Pa smo včasih v Cerkvi imeli kar čudne besede za takšne. Češ, vedno smo tako ravnali, pa bomo še jutri. O, ne! Pred sto leti je morda delovalo, danes ne deluje več! Zelo moramo paziti na znamenja časa, tudi v teh zadevah."
Ni več polnih maš, ste rekli. In potem so veliki cerkveni prazniki, romarski kot 15. avgust, in so božjepotne cerkve polne.
"Zakaj? Tam iščejo samega sebe. Tam iščejo Boga. In ga najdejo! Hvala Bogu."
Doma, v svoji domači cerkvi, ga pa ne najdejo?
"To pa je naloga! Naloga nove evangelizacije. Kako pomagati ljudem sredi sedanjega časa najti sledove večnosti. Božje sledove."







Igor Napast



Ostala sva pri več in več župnijah, ki si posojajo duhovnike. Ker jih manjka.
"Za nas je pomanjkanje duhovnikov izziv. Resno si postavljamo vprašanje, koliko smo bili mi krivi. Koliko smo tudi mi prispevali k temu. Mi v Cerkvi. Dogajanja v zvezi s finančnimi zadevami ali s pedofilskimi zadevami, to gotovo ni v dobro Cerkve, tega se jasno zavedamo. Pa ne samo to. Tudi kakšen klerikalizem bi se našel, se pravi premajhno zaupanje vernikom. Kaj nam pomagajo sinode, od rimskih do naših, če nam potem na terenu zmanjka pripravljenosti in tudi možnosti. Koliko ima Cerkev vrat, ki so odprta, da nas ljudje našega časa, zlasti mali, ubogi, oddaljeni, najdejo, to je vprašanje. Zakaj nas ne najdejo v svoji župniji. Včasih je res nemogoče. Župnik se razdaja, pa je starost, bolezen. V redovni skupnosti je to lažje in tudi morajo biti posebna mesta kot romarske cerkve, kjer lahko dobiš duhovno hrano in pomoč. Saj samostani so bili vedno duhovna žarišča. Benedikt, oče zapadnega meništva, je evropski misijon postavil na geslo moli in delaj, papež Janez Pavel II., ki je bil dvakrat v Mariboru ..."
... in obakrat ste vi bili stolni župnik.
"In obakrat sem ga sprejel v stolnici, to mi je v veliko veselje."
Premalo duhovnikov ...
"Problem župnij brez duhovnika zdaj rešujemo tudi na ta način, da bodo usposobljeni laiki vodili bogoslužje božje besede. Diakoni na primer pogrebe. Ampak je spet problem, ker so ljudje navajeni, da župnik vodi pogreb. Toda tako je, treba se bo navaditi. Tudi duhovniki se bodo morali. Tudi na to, da nekatere župnije preprosto izumirajo. Ker prebivalci umirajo. To bo tudi treba sprejeti. Če ni več mogoče imeti maše, bo bogoslužje božje besede, duhovnik bo pa prišel enkrat na mesec. Zanimivo, da ima Cerkev obrednik za situacijo, v kateri smo, ko je duhovnikov premalo in je župnija prazna, pripravljen že deset let. Tu smo bili več kot ažurni. Pred desetimi leti smo že mislili na to, pa še zdaj ni domače vsem duhovnikom niti vernikom. Pri nas, v celjski škofiji, ima en duhovnik ponekod že tri župnije. Slovenija ima to značilnost, da je dežela, ki je pokrita s cerkvami in cerkvicami, in to urejenimi cerkvami in cerkvicami. Pomeni, da tod bivajo dobri in verni ljudje. To so biseri duhovne kulture in narodne zavesti, tudi če so prazne. To je naše, to smo mi in to je treba ohraniti."

”Skrbi in vznemirja nas veliko stvari. Kar priznajmo, da smo že nekoliko utrujeni, morda tudi malodušni ali nejevoljni ob nenehnem soočanju s skrb vzbujajočimi pojavi in posledicami vsesplošne krize, ki ne popusti in se s svojimi zloveščimi lovkami priplazi celo v zavetje naših domov in družin, pa tudi nekatere cerkvene ustanove niso dovolj odporne proti tem pojavom. In če dodamo še vse druge preizkušnje, kot so bolezen, neuspeh v šoli, v službi v družini, in zraven še naravne nesreče, neurja, suša, požari, se zdi, da je mera polna in se zaskrbljeno vprašujemo, kam vse to vodi, kje je rešitev? Mnogi se sprašujejo, kako to, da se tudi v Cerkvi dogajajo nepravilnosti in zlorabe? Za marsikoga, ki ima bolj šibko vero, je to lahko razlog, da se še bolj odtuji in razočaran odide. S temi pojavi se moramo resno soočati in vedno računati s tem, da Cerkev sestavljamo ljudje, ki smo grešna bitja, da je Cerkev božje-človeška ustanova, ki je sveta, ker je njen ustanovitelj svet, pa tudi grešna, ker jo sestavljamo grešni ljudje.” Iz škofovega nagovora 15. avgusta, na praznik Marijinega vnebovzetja, v cerkvi v Petrovčah

Kljub vsemu je Katoliška cerkev v Sloveniji letos imela 20 novomašnikov. In vendar je to šele preblisk, po sušnih časih? Pričakovalo se je slej ko prej, ko jih je Sveti sedež pred dobrimi desetimi leti odobril, da bodo nove škofije, manjše, tudi celjska je ena od novih, večji pospešek duhovnim poklicem.
"Je preblisk, tudi malo srečno naključje, a sem trdno prepričan, da bo sledila duhovna pomlad. Mi molimo in delamo v tej smeri. To so druge silnice, niso nove škofije krive za manj duhovnih poklicev. Kako bi šele bilo brez novih škofij. Še huje najbrž."
Druge silnice. To, kar se je zgodilo v Mariboru, tudi ni bilo povabilo v Cerkev.
"Seveda ne. In različni drugi negativni pojavi. Ko je treba kardinala - ameriškega - odstaviti zaradi pedofilije, ki je pohujšanje. In tako dalje. Tudi duhovniki nismo vedno to, kar naj bi bili. Zame so to krepke duhovne vaje in klic k razmisleku, kaj bomo morali postoriti v domači hiši, da bomo bolj prepričljivi in bolj sprejemljivi, ne nazadnje tudi privlačni. Cerkev mora biti luč. Kristjan kvas, sol v družbi. Če ni luč, če je tema ... Tu smo včasih ... Zdaj nas rešuje Karitas. Gorje, če ne bi imeli Karitas. Karitas, ki se je, kot še druge sorodne organizacije, odzval na val beguncev pred dvema letoma. Bil sem med begunci in bil je Karitas, torej evangelij. Hvala Bogu. Dobili smo papeža Frančiška, pa mu žal vsi ne sledimo. Tako kot midva zdaj smo sedeli z njim v Rimu, ko smo bili slovenski škofje pri njem. Čisto vse lahko poveste, vse probleme, o vsem se lahko pogovarjamo, je rekel, samo tukaj naj ostane. In smo se! Nisem še doživel tako prisrčnega pogovora."
Revizijskega?
"Ja. Gotovo je evangelij naša pot in tu smo vsi poklicani k reviziji. Ali je naše govorjenje, naše vedenje res v skladu z evangelijem. Saj je. Posamezne deviacije, bodisi finančne bodisi moralne, so pa zelo boleče. Angažma Cerkve v današnjem času, da smo v službi človeka, in to malega človeka, na to moramo ves čas paziti. Odkar imamo evangelij, imamo v Cerkvi koncept. Je pa vprašanje, koliko smo mu zvesti."







Igor Napast



Ne maksimalno, to je menda jasno. Konkretno slovensko: ko so se tukajšnji ljudje, verni in neverni, najbolj ubadali s krizo svojih proračunov, s položnicami, ki jih niso imeli s čim plačati, s tem, da so brez službe, je vsaj pol tukajšnje Cerkve tajkunsko egoistično megalomansko zanašalo. Ni bila v službi človeka, kje pa!
"Res je. In spet nam odgovarja papež Frančišek v svoji zadnji okrožnici. Osem blagrov je pot. Da si čuteč, sočuten. Lačen sem bil in ste mi dali jesti, tujec sem bil in ste me sprejeli, žalosten sem bil in ste me potolažili, zbolel sem in ste prišli k meni ... Tu je prostor Cerkve. Ampak delamo mi to ali pa se obrnemo in gremo? Vidimo in živimo znamenja časa? Spet je nevarnost, da bi bili premalo pozorni. Celotna Evropa ne ve, kaj storiti z begunci. In tudi Cerkev. Saj ne moremo storiti veliko, nekaj pa, in to je dobrodelnost. Ampak nimamo koncepta. Koncept bi morali narediti državniki. Govorijo o Marshallovem planu za Afriko, tako kot je bil za Evropo. Zakaj pa ne! Ko begunci pridejo, jih kot sužnje strpajo v nekakšna taborišča. Oropajo jih dostojanstva. Evropa si tu koplje veliko krivdo. Tako se ne dela z ljudmi. Pa je kar veliko duhovnikov in vernikov, ki tega ne razumejo. Ko le morem, poskušam civilizirati. Spomnite se samo težav s priseljenci v Velenju. V Vojniku je zanimiva sirska družina. So integrirani. Dozidali so si hišo. Lepo se angažirajo. Ko sem bil v Mariboru, sem v jaslice dal polmesec pa judovski svečnik, muslimansko molitveno preprogo. Zakaj pa ne. Saj vsi molimo k Bogu. Dalje. Kaj storimo v Cerkvi za bolnike, ostarele, obnemogle? To so znamenja. Nenehno se moramo gledati v ogledalo."
Kaj ni že nekaj časa globoko v predalu? Ogledalo.
"Tudi včasih. Ali pa smo ga zamenjali za bolj samovšečno. To je tudi nevarnost. Da se vidimo boljši, kot smo. In spet to ni nič novega. Že Avguštin obračunava s pastirji, ki pasejo sami sebe."
Ima Cerkev v Sloveniji ta trenutek koncept? Občutek je, da ga nima.
"Mi pa vidimo to drugače. Koncept je evangelij. Trenutno čakamo novo vlado."
Spet. Še eno.
"Že nekaj časa nimamo sogovornika za svobodno opravljanje naših dejavnosti. Za vprašanje šolstva. Zanemarljivo malo je, koliko ima Cerkev pri nas na primer vpliva na vzgojo in izobraževanje mladih intelektualcev. To se načrtno ovira. Niti to, kar je ustavno sodišče določilo, se ne spoštuje. Zakaj ne more biti duhovna oskrba v vojski urejena prek vojaškega vikariata, zakaj se to ne uredi? In spet nimamo sogovornika. In še je teh stvari. Drobnih pravzaprav, a pomembnih. Tu se vrtimo na mestu. Odlaga se. Čakamo. Prav tako vprašanje duhovnikov kot javnih delavcev, ki imajo zasluge za skupni blagor, pa na primer njihovo pedagoško delo ni ovrednoteno, še zdaleč ne. Saj je bil v Ljubljani na obisku številka dva v Katoliški cerkvi, kardinal Parolin. Pa vatikanski zunanji minister je prišel. Pa so vsi po vrsti tožili, da ni pripravljenosti soočiti se, kako bi Cerkev lahko pripomogla k boljši splošni klimi v družbi. Dobro vemo, da Cerkev naj ne bi bila neposredno vključena v politiko. Nismo pa mi apolitični. Nismo samo opazovalci ali paraziti. Del tega sveta smo, za božjo voljo! Mi živimo tu, mi živimo v svetu. Drža kristjana ni, da bo že kako. Kristjan je angažiran. Ker je ljubezen angažma. Ker je smisel dajanje, razdajanje. To nam danes manjka, verujočim in neverujočim. Kristjan ni brezbarvna figura, ampak sol, kvas! Luč. Luč pa sveti! Najti v vsem tem pravo mesto, to je pa modrost. Evangelij je zelo angažiran, zelo političen v smislu, da je polis mesto, da so ljudje. Ne samo mi. Vsa Evropa se je odrekla judovsko-krščanskim in grško-rimskim koreninam, ko jih ni napisala v preambulo tako imenovane evropske ustave. Da bi vsaj omenili, od kod prihajamo. Zdaj pa ne vemo, od kod prihajamo, kje so naše korenine. Bojimo se, da bi to vedeli. Nimam občutka, da v Cerkvi spimo in da se nič ne dogaja. Slovenska škofovska konferenca premika zadeve, zahvaljujoč papežu Frančišku! Sploh letos, ko smo bili v Rimu in smo doživeli neke vrste revizijo vsak svojega dela in vsak svoje škofije in smo to soočili na ravni vesoljne Cerkve, tako da imamo zdaj situacijo pred seboj: to je dobro, to ni dobro. In to v klimi doma, ki pa je ne ustvarjamo samo mi."







Igor Napast



Pa perspektiva? Kaj vi vidite. Vedno manj župnikov bo imelo vedno več praznih župnij?
"Ne! Prepričan sem, da se ta trend ne bo obdržal dolgo. Obrnil se bo. Res pa trend gre od masovne Cerkve k manjšinski oziroma od kvantitete h kvaliteti, k angažiranim vernikom. Teh je veliko več kot nekoč, ko smo se še drenjali v cerkvi."
Ampak imate probleme z vrati.
"Drži. Nova evangelizacija pomeni odpirati vrata vsem ljudem, mi pa zelo grešimo. Naša bogoslužja niso prilagojena. Mi imamo pristop eno za vse, vzemi in pojdi. Naša pastorala je premalo segmentirana. To je posledica pomanjkanja kadrov, včasih pa tudi volje. Raje smo v šablonah."
Kako vidite reševanje situacije v Mariboru?
"Ne smemo pozabiti, da škoda ni bila samo finančna, ampak tudi moralna, pa je to še vedno nekoliko v ozadju. S sočutjem in prizadetostjo gledam na to, ker sem bil pač tudi zraven, celo bi lahko bil tudi malo kriv, pa lahko mirno zanikam, ker sem opozarjal, in to zelo zgodaj, vendar ni nič pomagalo. No, prepričan sem, da se bo saniralo. Dobro je, da je nadškof Cvikl v Mariboru, on ne gradi zidov, ampak mostove. Moramo pa še naprej paziti, da ne delamo novih napak. A se napake žal še delajo ponekod v Cerkvi na Slovenskem."
Ja?
"Nismo še prišli do prave modrosti."
Tudi finančne napake?
"Vse sorte je. Ampak pustimo to. Nekaj smo se naučili, a je treba biti čuječ. Kot pravi sv. Peter. Hudič hodi okrog kakor rjoveč lev. Išče, koga bi požrl. Ampak ostali smo trdni v veri, gremo dalje! Sv. Avguštin je rekel, da Cerkev potuje med tolažbami Boga in preizkušnjami sveta. Vedno med že in še ne. Bodočnost je, da še ni tako, kot naj bi bilo, je pa razlog v človekovi svobodi. Mi imamo ta veliki dar, da lahko rečemo ne. To je človekova svoboda. Ki pa se lahko zlorabi. Pater Gržan v svojih 95 tezah pravi, da je divji kapitalizem vražje delo. Razbiješ družino, da dobiš več potrošnikov, več posameznikov, ki več potrebujejo, več trošijo. In tako dalje, narediva zdaj tukaj zaklepaj. Nekaj sva jih že prej omenila. Hvala Bogu imamo nekaj duhovnikov, ki razmišljajo in so kažipoti."
Papeža Frančiška v Sloveniji ne bomo videli?
"Frančišek bi prišel, pa nima za kaj. Kanonizacija Slomška bi lahko bila takšna stvar, ampak ni še tako daleč. Prepočasi se premika, Slovenci smo malo okorni. Malo premalo imamo ponosa, da smo, kar smo. Trenutno smo vsi v Evropi v megli. Pozabili smo svoje korenine, identiteto. Ampak še vedno so prišli ljudje, ki so postali nosilci preporoda. Tudi med nami so takšni."</article-text-transliterated></article><comments><comments-count>0</comments-count><comments-list /></comments></document>