<document global-id="si-04-125"><url>https://www.vecer.com//201502236097717-6097717</url><source-id>si-04</source-id><local-id>si-04-125</local-id><source-name>Večer</source-name><article><article-title>"To ni lokalna veselica!"</article-title><article-title-transliterated>"To ni lokalna veselica!"</article-title-transliterated><article_time>2015-02-23</article_time><article-author>Matija Stepišnik</article-author><article-text>Predsedniku ne more nič do živega. In Borut Pahor je strastno vihtel našo zastavo tudi sredi včerajšnjega naliva pod Pohorjem. Četudi ga je marsikdo, poznavajoč njegov politični stil, pričakoval kar na pohorski strmini, kjer bi v težkih razmerah pomagal, se je tokrat raje varno namestil v naslonjač in v eter preko tviterja poslal fotografijo, na kateri drži "walkie-talkie", in pripis: "Predsednik ureja razmere na progi za drugi tek." Je imel pa (vsaj) z vremenom večjo srečo Miro Cerar, ki je v soboto prišel v sončni Maribor s srbskim kolegom Aleksandrom Vučićem, za njima pa je na VIP-tribuni sedela ekspremierka Alenka Bratušek, pa minister Janko Veber, župan Andrej Fištravec … Da mu nastopi pred večtisočglavo množico še ne gredo, je šef vlade demonstriral s "štorastim" nagovorom, ko se mu je pošteno tresel jezik.
To je bil tudi vikend, ko se družijo vplivneži, znani obrazi politike, gospodarstva, estrade, medijev, (bivše) športne legende … VIP-šotor in prostor sta bila nabito polna, tam pa vrh štajerskega gospodarstva, med njimi David Kastelic, Robert Senica, ki nadomešča Aleša Hauca, Boris Novak, Vilijem Pozeb, nato pa še član uprave SDH Matej Pirc in drugi menedžerji, profesorji, diplomati, vodje NK Maribor na čelu z Zlatom Zahovičem, šef policije Marjan Fank … Nekaj manj kot sicer je bilo poslancev, v nedeljo pa je kar nekaj pozornosti požel dolgoletni prvi mož NKBM Matjaž Kovačič.
"To ni le mariborska in štajerska zgodba, ampak je slovenski spektakel. Pa je prireditev vse bolj odvisna od nekaj dobro stoječih mariborskih in štajerskih podjetij, za ustrezno podporo, ki si jo takšna zgodba zasluži, nas je skoraj premalo. Pa to ni kdaj preveč značilno 'štajersko jamranje'. Zaslužila bi si boljši odnos gospodarstva nasploh, a se to prevečkrat obnaša, kot da je to neka lokalna veselica. In se radi pridejo slikat in podeljevat pokale, pri konkretni podpori pa jih ni," na vse bolj neizprosno matematiko, ki spremlja lisičke, opozori predsednik uprave Zavarovalnice Maribor, generalnega sponzorja tekmovanja, David Kastelic. Tomaž Orešič, po novem kot član uprave Elektroprivrede Srbije na (začasnem) delu v Beogradu, opaža podobno: "Redki so dogodki v Sloveniji, ki kot Zlata lisica izzovejo pozornost mednarodne poslovne javnosti. Veseli me, da se pojavljajo novi partnerji, ki v projektu vidijo poslovni interes, hkrati pa me čudi, da se še vedno percipira kot mariborski in ne kot slovenski." Vladimir Rukavina, prvi človek Narodnega doma, pa v smučarskem vikendu vidi "skozi fantastično izvedbo skorajda nemogočega, upajmo, oznanjevalko in znanilko, da se v Mariboru kljub vseprisotni letargiji zmore, če se stopi skupaj".
Najbolj na svoj način je bil tekme vesel evropski poslanec Lojze Peterle: "Z vlakom sem prihajal iz Bratislave, pa je bila pri Gradcu huda nesreča. Del avtocestnega mosta se je zrušil na progo in mi smo bili prvi vlak, ki se je, hvala bogu, varno ustavil." Drugo leto se vrne, če ne zaradi drugega, zaradi načrtov Alfija Nipiča. "Pred lisičjim vikendom bi naredil slovenski estradni 'open air' koncert," pravi legendarni pevec. "Evropsko podporo imaš," smeje pristavi Peterle. In Alfi mu je ponudil duet: Slovenija, od kod lepote tvoje, evropski poslanec pa bi bil zraven z nepogrešljivo ustno harmoniko, ki jo je vzel v roke tudi včeraj.</article-text><article-text-transliterated>Predsedniku ne more nič do živega. In Borut Pahor je strastno vihtel našo zastavo tudi sredi včerajšnjega naliva pod Pohorjem. Četudi ga je marsikdo, poznavajoč njegov politični stil, pričakoval kar na pohorski strmini, kjer bi v težkih razmerah pomagal, se je tokrat raje varno namestil v naslonjač in v eter preko tviterja poslal fotografijo, na kateri drži "walkie-talkie", in pripis: "Predsednik ureja razmere na progi za drugi tek." Je imel pa (vsaj) z vremenom večjo srečo Miro Cerar, ki je v soboto prišel v sončni Maribor s srbskim kolegom Aleksandrom Vučićem, za njima pa je na VIP-tribuni sedela ekspremierka Alenka Bratušek, pa minister Janko Veber, župan Andrej Fištravec … Da mu nastopi pred večtisočglavo množico še ne gredo, je šef vlade demonstriral s "štorastim" nagovorom, ko se mu je pošteno tresel jezik.
To je bil tudi vikend, ko se družijo vplivneži, znani obrazi politike, gospodarstva, estrade, medijev, (bivše) športne legende … VIP-šotor in prostor sta bila nabito polna, tam pa vrh štajerskega gospodarstva, med njimi David Kastelic, Robert Senica, ki nadomešča Aleša Hauca, Boris Novak, Vilijem Pozeb, nato pa še član uprave SDH Matej Pirc in drugi menedžerji, profesorji, diplomati, vodje NK Maribor na čelu z Zlatom Zahovičem, šef policije Marjan Fank … Nekaj manj kot sicer je bilo poslancev, v nedeljo pa je kar nekaj pozornosti požel dolgoletni prvi mož NKBM Matjaž Kovačič.
"To ni le mariborska in štajerska zgodba, ampak je slovenski spektakel. Pa je prireditev vse bolj odvisna od nekaj dobro stoječih mariborskih in štajerskih podjetij, za ustrezno podporo, ki si jo takšna zgodba zasluži, nas je skoraj premalo. Pa to ni kdaj preveč značilno 'štajersko jamranje'. Zaslužila bi si boljši odnos gospodarstva nasploh, a se to prevečkrat obnaša, kot da je to neka lokalna veselica. In se radi pridejo slikat in podeljevat pokale, pri konkretni podpori pa jih ni," na vse bolj neizprosno matematiko, ki spremlja lisičke, opozori predsednik uprave Zavarovalnice Maribor, generalnega sponzorja tekmovanja, David Kastelic. Tomaž Orešič, po novem kot član uprave Elektroprivrede Srbije na (začasnem) delu v Beogradu, opaža podobno: "Redki so dogodki v Sloveniji, ki kot Zlata lisica izzovejo pozornost mednarodne poslovne javnosti. Veseli me, da se pojavljajo novi partnerji, ki v projektu vidijo poslovni interes, hkrati pa me čudi, da se še vedno percipira kot mariborski in ne kot slovenski." Vladimir Rukavina, prvi človek Narodnega doma, pa v smučarskem vikendu vidi "skozi fantastično izvedbo skorajda nemogočega, upajmo, oznanjevalko in znanilko, da se v Mariboru kljub vseprisotni letargiji zmore, če se stopi skupaj".
Najbolj na svoj način je bil tekme vesel evropski poslanec Lojze Peterle: "Z vlakom sem prihajal iz Bratislave, pa je bila pri Gradcu huda nesreča. Del avtocestnega mosta se je zrušil na progo in mi smo bili prvi vlak, ki se je, hvala bogu, varno ustavil." Drugo leto se vrne, če ne zaradi drugega, zaradi načrtov Alfija Nipiča. "Pred lisičjim vikendom bi naredil slovenski estradni 'open air' koncert," pravi legendarni pevec. "Evropsko podporo imaš," smeje pristavi Peterle. In Alfi mu je ponudil duet: Slovenija, od kod lepote tvoje, evropski poslanec pa bi bil zraven z nepogrešljivo ustno harmoniko, ki jo je vzel v roke tudi včeraj.</article-text-transliterated></article><comments><comments-count>0</comments-count><comments-list /></comments></document>