<?xml version="1.0" encoding="utf-8"?>
<document global-id="si-04-1489">
	<url>https://www.vecer.com//erica-je-odvisna-od-seksa-in-pornografije-ter-sovrazi-kondome-6403686</url>
	<source-id>si-04</source-id>
	<local-id>1489</local-id>
	<source-name>Večer</source-name>
	<article>
		<article-title>Erica je odvisna od seksa in pornografije ter sovraži kondome</article-title>
		<article-title-transliterated>Erica je odvisna od seksa in pornografije ter sovraži kondome</article-title-transliterated>
		<article-time>2018-02-12</article-time>
		<article-author>D.Ži</article-author>
		<article-text>.embed-container {position: relative; padding-bottom: 145%; height: 0; overflow: hidden;}                      .embed-container iframe, .embed-container object, .embed-container embed { position: absolute; top: 0; left: 0; width: 100%; height: 95%; }                       Trnovo pot je prehodila 35-letna Erica Garza iz Los Angelesa, sicer huda odvisnica od seksa in pornografije, ki je o svoji dve desetletji trajajoči bitki napisala knjigo. &quot;Čutila sem mešanico sramu in vzburjenja. Odvisna sem že od dvanajstega leta,&quot; brez dlake na jeziku pripoveduje Erica, ki je nekoč kar štirikrat na teden prirejala hišne zabave, da bi tako lahko spoznala nove moške. Večinoma jih je osvojila s priznanjem, da rada gleda pornografske filme. &quot;Ko sem popila dovolj tekile in se počutila malce omamljeno, sem začela govoriti o porničih. Z lahkoto sem na prenosniku predvajala svoje najljubše prizore in moškim priznavala, da ne maram kondomov. Verjela sem, da jim bom tako še bolj všeč,&quot; je povedala za The Times.      Imela je nekaj resnih zvez, bila celo zaročena, a je ljubezen izpuhtela, ko si je vbila v glavo, da jo moški varajo. Triletno zvezo je uničila s tem, ko je partnerja prevarala z moškim, ki ga je spoznala na dopustu. Nato je spala še s francoskim natakarjem. O svoji odvisnosti govori kot o bolezni, zaradi katere je dneve preživljala v postelji ter ure in ure gledala pornografske filme. Najraje takšne s porednimi tajnicami, prsatimi medicinskimi sestrami, incestuidnimi navijačicami in posnetki, na katerih so ženske nezavestne.      Iz pekla pohote jo je rešil sedanji soprog Willow Neilson, s katerim ima tudi otroka. Poiskala je pomoč psihoterapevta, veliko ji je bojda pomagala tudi joga. Pravi, da se je vse začelo z gledanjem mehke pornografije, ko so njeni starši zaspali, prelomna točka je bil ogled intimnega posnetka Pamele Anderson in Tommyja Leeja. Takrat ji je bilo le 15 let. Nedolžnost je izgubila dve leti kasneje, a ugotovila, da jo le malo moških zadovolji. Po seksu si je pogosto morala pomagati še sama. Nekaj časa je bila obsedena s posnetkom, na katerem 620 moških občuje z eno samo žensko.</article-text>
		<article-text-transliterated>.embed-container {position: relative; padding-bottom: 145%; height: 0; overflow: hidden;}                      .embed-container iframe, .embed-container object, .embed-container embed { position: absolute; top: 0; left: 0; width: 100%; height: 95%; }                       Trnovo pot je prehodila 35-letna Erica Garza iz Los Angelesa, sicer huda odvisnica od seksa in pornografije, ki je o svoji dve desetletji trajajoči bitki napisala knjigo. &quot;Čutila sem mešanico sramu in vzburjenja. Odvisna sem že od dvanajstega leta,&quot; brez dlake na jeziku pripoveduje Erica, ki je nekoč kar štirikrat na teden prirejala hišne zabave, da bi tako lahko spoznala nove moške. Večinoma jih je osvojila s priznanjem, da rada gleda pornografske filme. &quot;Ko sem popila dovolj tekile in se počutila malce omamljeno, sem začela govoriti o porničih. Z lahkoto sem na prenosniku predvajala svoje najljubše prizore in moškim priznavala, da ne maram kondomov. Verjela sem, da jim bom tako še bolj všeč,&quot; je povedala za The Times.      Imela je nekaj resnih zvez, bila celo zaročena, a je ljubezen izpuhtela, ko si je vbila v glavo, da jo moški varajo. Triletno zvezo je uničila s tem, ko je partnerja prevarala z moškim, ki ga je spoznala na dopustu. Nato je spala še s francoskim natakarjem. O svoji odvisnosti govori kot o bolezni, zaradi katere je dneve preživljala v postelji ter ure in ure gledala pornografske filme. Najraje takšne s porednimi tajnicami, prsatimi medicinskimi sestrami, incestuidnimi navijačicami in posnetki, na katerih so ženske nezavestne.      Iz pekla pohote jo je rešil sedanji soprog Willow Neilson, s katerim ima tudi otroka. Poiskala je pomoč psihoterapevta, veliko ji je bojda pomagala tudi joga. Pravi, da se je vse začelo z gledanjem mehke pornografije, ko so njeni starši zaspali, prelomna točka je bil ogled intimnega posnetka Pamele Anderson in Tommyja Leeja. Takrat ji je bilo le 15 let. Nedolžnost je izgubila dve leti kasneje, a ugotovila, da jo le malo moških zadovolji. Po seksu si je pogosto morala pomagati še sama. Nekaj časa je bila obsedena s posnetkom, na katerem 620 moških občuje z eno samo žensko.</article-text-transliterated>
	</article>
	<comments>
		<comments-count>0</comments-count>
		<comments-list/>
	</comments>
</document>
