<?xml version="1.0" encoding="utf-8"?>
<document global-id="si-04-1200">
	<url>https://www.vecer.com//201502176096302-6096302</url>
	<source-id>si-04</source-id>
	<local-id>1200</local-id>
	<source-name>Večer</source-name>
	<article>
		<article-title>Denarja za učno pomoč spet ni</article-title>
		<article-title-transliterated>Denarja za učno pomoč spet ni</article-title-transliterated>
		<article-time>2015-02-17</article-time>
		<article-author>ŽIŠT FRANJA</article-author>
		<article-text>Dodatnega denarja za učno pomoč spet ali pa še vedno ni. Okrožnica, s katero bi ministrica preklicala tisto iz začetka januarja, ko je napovedala začasno ukinitev financiranja učne pomoči, je spisana, a na ministrstvu &quot;stoji&quot; že dva tedna, smo neuradno izvedeli. &quot;Kdaj boste šolam poslali okrožnico o tem, da bo učna pomoč financirana? Koliko denarja je za to namenjeno? Ima ministrstvo rešitev že pripravljeno?&quot; smo povprašali na ministrstvu za izobraževanje, znanost in šport. Da plačila učne pomoči ne morejo potrditi, dokler ne bo potrjen rebalans proračuna v parlamentu, so nam odgovorili s šolskega ministrstva in dodali, da pa so šolam nakazali denar za poplačilo plačnih nesorazmerij. Naslednja seja državnega zbora, ko naj bi se pogovarjali o rebalansu proračuna, bo šele 2. marca. Zaveza je bila le polovična O tem, kdaj bodo v šolah dobili uradno okrožnico, da bo dodatna strokovna pomoč, ki ni sistematizirana, plačana, kot je bila pred 1. januarjem letos, in kdaj bodo v šolah dobili denar, ki ga doslej še ni bilo, ministrico v javnem dopisovanju sprašuje tudi učiteljica slovenščine iz Šentjurja Bojana Potočnik. Šolska ministrica Stanislava Setnikar Cankar, ki je učiteljici odgovorila, potem ko ji je ta poslala več pisem, o financiranju učne pomoči v pismu ne piše. Za zdaj torej vse kaže, da denar za učno pomoč ni tako samoumeven, kot je bilo konec januarja po seji vlade mogoče razumeti ministrico. Da denarja za učno pomoč še vedno ni, je včeraj popoldne potrdila tudi ministrica: &quot;Ne morem še dati dokončnega odgovora, ker postopek sprejemanja proračuna še vedno traja. Dobili smo zagotovilo, da je to prioriteta, dali smo tudi polovično zavezo, da bomo poskušali tri ukrepe iz nabora desetih milijonov - na prvem mestu učno pomoč, selektivno plačevanje šol v naravi, zmanjšanje plačila interesnih dejavnosti - umakniti. Za to potrebujemo štiri milijone evrov, kar je v primerjavi s proračunom Slovenije minimalno denarja. Potrebujemo zagotovilo, da bomo ta denar dobili, in trdno sem prepričana, glede na razprave na vladi, da bomo do konca sprejema rebalansa proračuna 2015 našli rešitev.&quot; Ministrica je namreč na seji vladi dobila občutek, da se bo denar našel, k temu jih zavezuje tudi &quot;veliko število podpisov&quot;, ki jih je minuli teden v državnem zboru vložil sindikat Sviz. &quot;Takoj ko bomo zagotovilo dobili, bomo šole o tem obvestili. Če bi to naredili danes, bi znotraj našega proračuna morali poseči po drugih ukrepih,&quot; pojasnjuje ministrica in dodaja, da bi lahko varčevali le še pri materialnih stroških. Zaradi nejasnosti, kateri ukrepi bodo veljali in kateri ne, imajo v šolah veliko težav z organizacijo tudi šole v naravi. &quot;Staršem moramo najmanj tri mesece pred odhodom v šolo v naravi podati okvirno vsebino, končno ceno in način plačila,&quot; pravi ravnatelj OŠ Domžale Uroš Govc. Otroke bi radi peljali na morje konec junija, zato morajo najkasneje v enem mesecu izvedeti, kakšne načrte ima šolsko ministrstvo. &quot;Pogodbeno smo vezani tudi z upravljavci na lokaciji. Če šolo v naravi odpovemo, moramo vseeno plačati 25 odstotkov cene. Pogodbe zato še nisem podpisal,&quot; razlaga ravnatelj, ki ne želi podpisati pogodbe in odhoda kasneje odpovedati. Zato so nejevoljni tudi na drugi strani, saj so morali šoli umetno rezervirati termin, medtem ko bi lahko prostor tržili za druge, obenem pa so zaradi velikega števila učencev zainteresirani, da Domžalčani vseeno pridejo. Šole pripravljajo različno število šol v naravi, v Domžalah izvedejo štiri v devetih letih. Tri, ki potekajo v Centrih šolskih in obšolskih dejavnosti - njihovo delovanje sofinancira šolsko ministrstvo -, so bistveno cenejše in zanje subvencioniranja ne potrebujejo. Četrte, ki jo, podobno kot mnogo drugih šol, izvajajo na morju, v prihodnje, če financiranja ne bo, ne bodo mogli več načrtovati. Druge šole stisko za zdaj rešujejo tako, da šolo v naravi zaračunajo staršem z denarjem iz &quot;notranjih rezerv&quot; ali pa šolskega sklada. A denar iz šolskih skladov je namenjen za različne stvari, na OŠ Domžale z njim med drugim pomagajo pri šoli v naravi učencem iz socialno šibkejših družin. Če bi šolo v naravi plačali celi generaciji učencev, bi porabili ves denar iz sklada, v katerem naberejo okoli 5000 evrov. Ravnatelj dodaja, da bi ob vseh zapletih letošnjo šolo v naravi &quot;najraje&quot; odpovedal. Zalagajo že od septembra V OŠ Cirkovce so plavalno šolo v naravi izvedli že septembra in zanjo založili denar, zdaj pa ne vedo, če bodo denar dobili, pove ravnateljica Ivanka Korez. &quot;Pričakovali smo, da bo denar tako kot vsako leto maja letos na našem računu. Bomo videli, kaj se bo zgodilo. Težko za celo koledarsko leto staršem zaračunamo neko dejavnost,&quot; razmišlja sogovornica o možnih rešitvah, kako bodo prišli do okoli 3000 evrov, ki so jih založili za šolo v naravi. Podobno so ravnali na OŠ Ljudski vrt na Ptuju, pove ravnateljica Tatjana Vaupotič Zemljič. &quot;Mislim, da bo ministrstvo moralo nakazati ta denar. Od kod naj ga šola vzame?&quot; meni ravnateljica, ki je kritična do ministrskega sprejemanja &quot;horuk odločitev, brez razmisleka, ki niso v skladu z dinamiko šolskega dela&quot;. Zadnje čase država sprejema odločitve za nazaj, kar ravnateljem predstavlja velike težave pri načrtovanju dela, še poudari.</article-text>
		<article-text-transliterated>Dodatnega denarja za učno pomoč spet ali pa še vedno ni. Okrožnica, s katero bi ministrica preklicala tisto iz začetka januarja, ko je napovedala začasno ukinitev financiranja učne pomoči, je spisana, a na ministrstvu &quot;stoji&quot; že dva tedna, smo neuradno izvedeli. &quot;Kdaj boste šolam poslali okrožnico o tem, da bo učna pomoč financirana? Koliko denarja je za to namenjeno? Ima ministrstvo rešitev že pripravljeno?&quot; smo povprašali na ministrstvu za izobraževanje, znanost in šport. Da plačila učne pomoči ne morejo potrditi, dokler ne bo potrjen rebalans proračuna v parlamentu, so nam odgovorili s šolskega ministrstva in dodali, da pa so šolam nakazali denar za poplačilo plačnih nesorazmerij. Naslednja seja državnega zbora, ko naj bi se pogovarjali o rebalansu proračuna, bo šele 2. marca. Zaveza je bila le polovična O tem, kdaj bodo v šolah dobili uradno okrožnico, da bo dodatna strokovna pomoč, ki ni sistematizirana, plačana, kot je bila pred 1. januarjem letos, in kdaj bodo v šolah dobili denar, ki ga doslej še ni bilo, ministrico v javnem dopisovanju sprašuje tudi učiteljica slovenščine iz Šentjurja Bojana Potočnik. Šolska ministrica Stanislava Setnikar Cankar, ki je učiteljici odgovorila, potem ko ji je ta poslala več pisem, o financiranju učne pomoči v pismu ne piše. Za zdaj torej vse kaže, da denar za učno pomoč ni tako samoumeven, kot je bilo konec januarja po seji vlade mogoče razumeti ministrico. Da denarja za učno pomoč še vedno ni, je včeraj popoldne potrdila tudi ministrica: &quot;Ne morem še dati dokončnega odgovora, ker postopek sprejemanja proračuna še vedno traja. Dobili smo zagotovilo, da je to prioriteta, dali smo tudi polovično zavezo, da bomo poskušali tri ukrepe iz nabora desetih milijonov - na prvem mestu učno pomoč, selektivno plačevanje šol v naravi, zmanjšanje plačila interesnih dejavnosti - umakniti. Za to potrebujemo štiri milijone evrov, kar je v primerjavi s proračunom Slovenije minimalno denarja. Potrebujemo zagotovilo, da bomo ta denar dobili, in trdno sem prepričana, glede na razprave na vladi, da bomo do konca sprejema rebalansa proračuna 2015 našli rešitev.&quot; Ministrica je namreč na seji vladi dobila občutek, da se bo denar našel, k temu jih zavezuje tudi &quot;veliko število podpisov&quot;, ki jih je minuli teden v državnem zboru vložil sindikat Sviz. &quot;Takoj ko bomo zagotovilo dobili, bomo šole o tem obvestili. Če bi to naredili danes, bi znotraj našega proračuna morali poseči po drugih ukrepih,&quot; pojasnjuje ministrica in dodaja, da bi lahko varčevali le še pri materialnih stroških. Zaradi nejasnosti, kateri ukrepi bodo veljali in kateri ne, imajo v šolah veliko težav z organizacijo tudi šole v naravi. &quot;Staršem moramo najmanj tri mesece pred odhodom v šolo v naravi podati okvirno vsebino, končno ceno in način plačila,&quot; pravi ravnatelj OŠ Domžale Uroš Govc. Otroke bi radi peljali na morje konec junija, zato morajo najkasneje v enem mesecu izvedeti, kakšne načrte ima šolsko ministrstvo. &quot;Pogodbeno smo vezani tudi z upravljavci na lokaciji. Če šolo v naravi odpovemo, moramo vseeno plačati 25 odstotkov cene. Pogodbe zato še nisem podpisal,&quot; razlaga ravnatelj, ki ne želi podpisati pogodbe in odhoda kasneje odpovedati. Zato so nejevoljni tudi na drugi strani, saj so morali šoli umetno rezervirati termin, medtem ko bi lahko prostor tržili za druge, obenem pa so zaradi velikega števila učencev zainteresirani, da Domžalčani vseeno pridejo. Šole pripravljajo različno število šol v naravi, v Domžalah izvedejo štiri v devetih letih. Tri, ki potekajo v Centrih šolskih in obšolskih dejavnosti - njihovo delovanje sofinancira šolsko ministrstvo -, so bistveno cenejše in zanje subvencioniranja ne potrebujejo. Četrte, ki jo, podobno kot mnogo drugih šol, izvajajo na morju, v prihodnje, če financiranja ne bo, ne bodo mogli več načrtovati. Druge šole stisko za zdaj rešujejo tako, da šolo v naravi zaračunajo staršem z denarjem iz &quot;notranjih rezerv&quot; ali pa šolskega sklada. A denar iz šolskih skladov je namenjen za različne stvari, na OŠ Domžale z njim med drugim pomagajo pri šoli v naravi učencem iz socialno šibkejših družin. Če bi šolo v naravi plačali celi generaciji učencev, bi porabili ves denar iz sklada, v katerem naberejo okoli 5000 evrov. Ravnatelj dodaja, da bi ob vseh zapletih letošnjo šolo v naravi &quot;najraje&quot; odpovedal. Zalagajo že od septembra V OŠ Cirkovce so plavalno šolo v naravi izvedli že septembra in zanjo založili denar, zdaj pa ne vedo, če bodo denar dobili, pove ravnateljica Ivanka Korez. &quot;Pričakovali smo, da bo denar tako kot vsako leto maja letos na našem računu. Bomo videli, kaj se bo zgodilo. Težko za celo koledarsko leto staršem zaračunamo neko dejavnost,&quot; razmišlja sogovornica o možnih rešitvah, kako bodo prišli do okoli 3000 evrov, ki so jih založili za šolo v naravi. Podobno so ravnali na OŠ Ljudski vrt na Ptuju, pove ravnateljica Tatjana Vaupotič Zemljič. &quot;Mislim, da bo ministrstvo moralo nakazati ta denar. Od kod naj ga šola vzame?&quot; meni ravnateljica, ki je kritična do ministrskega sprejemanja &quot;horuk odločitev, brez razmisleka, ki niso v skladu z dinamiko šolskega dela&quot;. Zadnje čase država sprejema odločitve za nazaj, kar ravnateljem predstavlja velike težave pri načrtovanju dela, še poudari.</article-text-transliterated>
	</article>
	<comments>
		<comments-count>0</comments-count>
		<comments-list/>
	</comments>
</document>
