<?xml version="1.0" encoding="utf-8"?>
<document global-id="si-04-1451">
	<url>https://www.vecer.com//edina-vojna-na-katero-lahko-clovek-pristane-je-vojna-ki-jo-bije-s-seboj-6409826</url>
	<source-id>si-04</source-id>
	<local-id>1451</local-id>
	<source-name>Večer</source-name>
	<article>
		<article-title>Edina vojna, na katero lahko človek pristane, je vojna, ki jo bije s seboj</article-title>
		<article-title-transliterated>Edina vojna, na katero lahko človek pristane, je vojna, ki jo bije s seboj</article-title-transliterated>
		<article-time>2018-02-21</article-time>
		<article-author>Kristina Božič</article-author>
		<article-text>Pesniška zbirka Zbogom, fašisti je bila v BiH izdana pred leti. Vseeno se zdi, še posebej za Evropo boleče aktualna. Vi se poslavljate od fašista v sebi – je lahko slovo uspešno in dokončno? &quot;Naslov knjige je zelo političen. V pesmih pa gre za intimno borbo, kako reči zbogom fašistu, ki udarja v meni in razbija v vsakem od nas. Ta fašist pride najbolj do izraza prav v intimnih, osebnih odnosih. Nehal sem verjeti, da se lahko družba spremeni. Morda še vedno verjamem, a pomeniti mora intimno preobrazbo vsakega posameznika. Šele nato lahko pride do resničnih sprememb. Človeštvo se ni naučilo ničesar iz lastne zgodovine. Človek je le uspel prevarati samega sebe. A če zanemarimo tehnološki napredek, je kot da stojimo na mestu. Ljudje govorijo o vrnitvi fašizma. A Damir Avdić je sijajno dejal, kako se govori, da se je fašizem vrnil, kot da je nekje bil - v resnici pa je bil vseskozi tu, le agregatna stanja je menjal. Če govorimo o političnem fašizmu, je bil nekaj časa v obrambi, a nikoli ni bil do konca izkoreninjen in premagan. Javljal se je, tu in tam, v različnih oblikah. Mnogo ljudi misli, da gre pri fašizmu za gibanje, ki se je začelo v Italiji in ga povezujejo z nacizmom. A danes je fašizem še marsikaj drugega. Ločil se je od svojega izvornega gibanja in spremenil znake. Vsaka diktatura se naslanja na fašizem. Pesmi v knjigi se še najmanj ukvarjajo z dnevno politiko ali s politiko kot tako. Zbirka je politična v tolikšni meri, kot je politična ljubezen. A prepričan sem, da ljubezen je politična, kot tudi intimni medčloveški odnosi. To je zame celo edina politika, na katero bi človek moral in smel pristati. Edina vojna, na katero lahko človek pristane, je vojna, ki jo človek bije sam s seboj.&quot; A kaj se dogaja z družbo? Smo družbena bitja in kot pišete, morali bi paziti drug na drugega. &quot;Morali bi. Morali bi imeti empatijo, a je te med ljudmi v resnici najmanj. Vse je podrejeno osebnim interesom. Tudi odnosi se v današnji družbi zreducirajo na medosebne interese. Če se interesi ujemajo, potem se ujamemo in strinjamo. Zelo malo pa je zelo temeljnega človeškega prepoznavanja drug drugega na podlagi občutkov, želja, odnosa do sveta in življenja. Malo je topline. Ljudje ... kot bi se robotizirali. Kot da smo postali tovarniški proizvodnji trak. Tako se premikamo in odločamo. V družbo bi bilo treba vrniti zaupanje. Z vsem tem tekmovanjem, z vsemi interesi se izgubi prav medčloveško zaupanje. Kaj je danes imperativ? Kaj se zahteva, da se dokažemo in uspemo? So zahteve, ki so dejansko nečloveške: nagrabi si bogastvo, bodi slaven. ​Kot prvo, to ne moremo doseči vsi. Kot drugo, nobene potrebe ni, da to doseže kdorkoli. Zato bi bilo treba te zahteve zavrniti. Drugače dobimo družbo, v kateri vlada zavist, s tem pa pride do nezaupanja. Nezaupanje ustvarja samoto, v kateri vsak človek dela račune le zase in v lastnem interesu. To je današnja družba. Ob tem da se spet krepi religioznost – v njej ljudje vsak zase iščejo uteho.&quot; Nasilje je še vedno prisotno. Je v poeziji lažje opisovati očitno, vojno nasilje ali normalizirano nasilje sodobnosti? &quot;Tehnologija vojne se menja. Nemški notranji minister, ki se je ukvarjal z delovanjem skupine Rote Armee Fraktion, že tedaj ni več govoril o tem, da ima opravka z mladimi budalami, ki ne vedo, kaj počno. Dejal je, da postaja terorizem nova oblika vojskovanja. Nasilje je danes povsod. Le spremenilo je obliko. Nihče ni razglasil vojne, a vendar se vojne odvijajo. Nekoč so napovedali vojno, napadli, okupirali, druga stran se je branila in na koncu so podpisali premirje. Danes tega ni. ​Nato le še policijsko intervenira. Formalnopravno se vojna ne odvija nikjer. A kaj so potem te intervencije? Le nova oblika terorizma, ki je postal nova oblika vojne – urbani, gverilski boj. Cilj ni odprtje front, ampak ustvarjanje nervoze, psihoze in splošnega občutka negotovosti. Ta danes tako ali tako preveva posameznika. ​In te transformacije to le še stopnjujejo. Pozabljamo, da je v Franciji izredno stanje – že tri leta. Sedaj je normalno. Amerika je vojne tako ali tako prenesla na zasebnike in iz intervencij umaknila vsako čustveno komponento. Ljudje umirajo, a saj so podpisali pogodbo – ni več niti časti, da se boriš za svojo državo. Vse to so perfidni načini, ki nam želijo ustvariti občutek, da lahko živimo normalno v družbi, kjer ni nasilja, četudi se vojne odvijajo vseskozi. Na koncu so vse enake. Kot je dejal Leonard Cohen: vse so le nadaljevanje vojne med Atenami in Šparto. Milan Kundera je k temu dodal, da je vojna ta, ki je svetovni migrant – premika se med različnimi poldnevniki in zemljepisnimi širinami. Potuje. Lekcij se ne naučimo. In vojna je danes največji poslovni projekt, kar je denimo kar zanima kapitalizem – kako oplajati kapital.&quot;        Robert Balen ”Poezija je prostor osebnega boja. In včasih ne vem: naj bo poezija borba, naj prikaže vso grozoto sveta ali naj poskusi ustvariti ideal – lepoto? Zgubljam in iščem se v tem svetu.” - Marko Tomaš     Je skozi poezijo in pisanje še vedno lažje razumeti svet? &quot;Predvsem poskušam vzpostaviti intimne odnose z ljudmi. To je moj poskus sabotiranja sistema: poskusiti navezati oseben odnos, prijateljstvo. Tudi ljubezen je v tem pogledu subverzivna: je majhen, osebni terorizem proti svetu, ki želi celo ljubezen določiti skozi opise po točkah in pravila. Če preseže zapovedane okvire, potem ni več ljubezen. S takimi idejami, če jih vsaj ne prevprašujemo, umremo. Brez svobode idej ljudje nismo ljudje. Zahtevati in živeti pravico do idej ter prevpraševanja, kaj je kaj – to je moj osebni način boja za pravico, da lahko sam odločam o svojem življenju in usodi.&quot; V bosanskih medijih obstajata predvsem kriminal in politika. Razkritja afer se vrstijo, ni pa jasno, ali sledijo tudi sankcije in spremembe na bolje. &quot;Ključni sta prvi besedi: politika in kriminal. To je edino, kar v resnici obstaja. Na njiju temelji sistem, hkrati sta med seboj prepleteni. Iz kriminala nastajajo sodobna politika in nove ekonomske elite, ki vzpostavljajo politiko. To, da ni ničesar razen tega, je ključni problem sodobnosti. Vse ostalo so naše male, osebne bitke. Vojne pa so vedno kriminalni poslovni projekti – za prerazdelitev bogastva in oblikovanje novih elit. To so edine spremembe.&quot; Tako ni bilo vedno. &quot;Ni bilo. Obstajala so obdobja, ko je idealizem presegel to, celo v politiki. Ko so vrednote družb temeljile na duhovnih in idealističnih idejah. A se je hitro vse vrnilo v razklanost. Zato ne vem, ali je bilo v temeljih res drugače. Je pa sedanje kriminalno delovanje politike zelo odkrito in vsem na očeh. V tem je izjemna bahavost in ošabnost – kar je tipično za obnašanje kriminalcev.&quot; Prav zato se zdi, da je v intimnosti in subverzivnosti vaše poezije nekaj revolucionarnega. &quot;Morda. Poezija je osnovni zvok človeške duše, če damo na stran glasbo. V današnjem hitenju je morda celo prijaznejša do bralca kot proza. Poezija je najbolj temeljni del človekove notranjosti in zato bo zanjo v človeški družbi vedno prostor. A pišem o različnih temah v različnih formah. Najbolj zanimivo je, da je največ odzivov, ko pišem o nogometu.&quot; Zakaj? &quot;Ne vem. Meni se ne zdi razumljivo. A prav zato pogostokrat eksperimentiram s temo in formo.&quot;  Kolumne pišete na portalih lupiga in zurnal.info. Kakšni kolektivi so to? &quot;Ne vem, jaz pišem. In zdi se mi, kot da pišem en in isti tekst. Vseskozi govorim o istih vrednotah in stvareh. Poskušam razgraditi in razkriti brezsmiselnost posameznih družbenih in političnih gibanj. Razmišljam, da bi bilo zanimivo sabotirati kar imenujemo demokratični procesi. V času pred volitvami zavrniti sledenje predvolilnih kampanj političnih strank. Kaj bi se zgodilo, če bi to naredili vsi mediji? Kaj bi ostalo? Teme in delovanje medijskega sveta diktirajo in usmerjajo politiki. To je problem. V medijih in javnosti ni neodvisnih tem. Mediji so predvsem servis in izvajalci uslug ekonomsko-političnih elit, namesto da bi bili njihov nadzornik, ki bi zahteval boljše in pravilnejše delovanje, in bi zastavljal prava vprašanja ob pravih trenutkih. Kaj bi pomenilo, če bi sabotirali teme, ki jih ponujajo politiki, in bi se v predvolilne kampanje vneslo teme in vprašanja, ki se zdijo pomembna nam? Drugače le sledimo in sodelujemo v histeriji, ki jo želijo izzvati. Soustvarjamo atmosfero, ki si je želijo pred volitvami. V BiH so se predvolilne kampanje že začele, četudi bodo volitve šele oktobra. In vsa javnost, vsi mediji na to nasedajo.&quot; Obstaja kje razigranost, poniglavost domišljije, nespoštovanje ustaljenih idejnih okvirjev? &quot;Obstaja. A problem je, da se ljudje vse to bojijo uporabiti. Danes je treba biti realen – to je imperativ. Biti z nogami na zemlji – kaj to pomeni? Sam se vseskozi prevprašujem, zakaj moramo odrasti in kaj pomeni biti zrel, odgovoren človek? Se to meri po količini odgovornosti, ki jo prevzamemo? A to je stvar individualnih odločitev, ne gre za družbeno določeno in merljivo kategorijo. Biti razigran in kreativen – ko bi nam uspelo ohraniti, da se znamo igrati in biti polni domišljije. Če bi znali zaščititi otroka v sebi, ne bi imeli te praznine, te luknje v svoji notranjosti, ki jo čutimo, in nas sili v nostalgično pogledovanje v preteklost. Odrasli bi se morali mnogo več učiti od otrok in živali. A delamo ravno obratno: otroke silimo, da se zgledujejo po nas.&quot;  A zdi se, da je vse zelo resno – smo tik pred katastrofo, bo vojna? Od nas se pričakuje, da smo resni. &quot;A to pričakovanje končne katastrofe je postalo trajno stanje, v katerega se želi ukleščiti človeštvo. Biti v neprestanem pričakovanju katastrofe in ne misliti na nič več kot samo na to. Končna kataklizma se ne bo zgodila. V zahodnem svetu ne bo več frontalnih vojn. Obstajali bodo ulični boji in nasilje, ki bodo ustvarili drugačno obliko psihoze. Ta negotovost je morda celo hujša od odprte vojne, v kateri bi vedeli, da poteka boj in da lahko pride sovražnik tudi od zadaj. Sedaj ne vemo: ne spredaj ne zadaj, kaj je tam. Ne moreš se zanesti na zaščito niti na eni strani ne. S tem se ustvarja našo sodobno negotovost. In ta psihoza je nujni pogoj, da se nas ohranja v stanju, ko se nas nato lahko lažje uporabi za cilje in koristi sistema.&quot;        Robert Balen ”Vse to so na koncu igre, ki nam jih navržejo politiki, da bi nas lažje kontrolirali. In mnogo lažje je nadzirati množice, ki mislijo enako in uniformno, kot če imamo skupine posameznikov, ki mislijo in verjamejo vsak posvoje.” - Marko Tomaš    Vas v pesmih in kolumnah ni strah razkriti svojih nepopolnosti, tudi šibkosti in ranljivosti. To niso zaželjene lastnosti. Take iskrenosti sistem ne nagrajuje in je redka.  &quot;Tega ne razumem. Kajti v tem ni nobene hrabrosti. Gre le za še eno od kletk, v katere smo ujeti v sedanjem sistemu, v katerega je svoboda že vpisana. Je obljuba, da lahko lajamo proti sistemu. A v resnici gre za lajanje v luno. Vsak lahko to počne. Brez posledic. In dejansko pravice nimamo, saj nam je vsem le dovoljeno, da rečemo vse, kar želimo. To je klopčič, v katerega nas zapleta sistem. Smo svobodni? Obljubili so nam jo in v dokumentih piše, da jo imamo. Ne moremo reči, da nismo svobodni, če pa imamo vse te svoboščine, kajne? A kako naj bom kot človek svoboden po vaših pravilih? Po določilih nekoga drugega? Mar ne bi svoboda morala pomeniti, da ima človek, ko se rodi, pravico, da ostane živ – da lahko preživi, ne glede na to ali in kaj ter kje bo počel?&quot; Večini ljudi zadostuje stanje, kot je. Tudi če je svoboda le črka na papirju. Ne potrebujejo, morda celo ne želijo preverjati, kje so njene meje.  &quot;To je posledica vse vsiljene tekmovalnosti. Ljudje verjamejo, da bodo tako dokazali svojo izvrstnost, posebnost, si pridobili ugled. A tekmujemo lahko le v stvareh, ki so merljive: količina denarja, dobrin. Ob tem pa izgubimo vse stvari, ki jih ne moremo tako preprosto izmeriti. In to nemerljivo je v resnici tisto, kar povezuje družbo. Vsiljena tekmovalnost je nezdrava – ljudi sili v teptanje, v brezčutnost in brezobzirnost – vse to pa spet vodi v osamljenost. V to veliko samoto, v kateri živi današnji človek, če si to prizna ali ne. Pred letom in pol mi je belgijski profesor opisoval raziskavo, ki so jo naredili v Ameriki in ki je pokazala, da so ljudje v veliki večini raje izbrali možnost, da nekoč postanejo predsednik, kot enako blagostanje za vse. Enakopravnost vseh so bili pripravljeni zamenjati za iluzijo lastnega uspeha, možnost, da se vzpnejo na vrh prehrambene lestvice. V tem je težava. In te miselnosti je vse več tudi v Evropi. Ideal enakopravnosti – prepričanje, da je treba vsem dati vsaj enake možnosti ne glede na to, od kod so in kdo so njihovi starši – je v izumiranju.&quot; A v teh naših krajih smo poznali drugačno izkušnjo, mar ne? Je bilo tisto resnično? &quot;Bilo. Bilo. Kot Jugoslovan imam pogostokrat problem, da ljudje nikakor ne razumejo mojega pogleda na svet. Ni jim jasno in zdi se jim nadrealno, da sem odrasel v družbi, v kateri nismo bili rojeni vsi enaki, a smo imeli nato vsi nekako enake možnosti, da smo lahko nekaj postali. Imeli smo možnost, da smo šli v iste šole, k istemu zdravniku, ne glede na to ali so bili naši starši bolj premožni ali ne. V istem razredu so sedeli tako otrok rudarja, komunističnega uradnika kot zdravnika. Ta občutek enakopravnosti in gotovosti, varnosti, da bomo dobili enako priložnost in možnost, da nekaj naredimo v svojem življenju, da nekdo postanemo, vidim, da je bil nekaj posebnega. Kaj smo nato naredili s to priložnostjo in z možnostmi, ki smo jih dobili, kdo smo postali, je bilo nato odvisno od nas. A zaradi te izkušnje je moj pogled na politiko in svet zelo drugačen od pogleda, ki ga imajo v Nemčiji, Ameriki ...&quot; Pa je taka družba in tak pogled na svet še vedno nekaj, v kar verjamete? &quot;Nimam jasnih političnih prepričanj. Številni sistemi so propadli. Ne vem niti, ali sedanji vodi v lastni propad ali v popolni kaos. Vem pa, da je bila družba, zasnovana na ideji bratstva in enakosti, mnogo boljša od tega zdaj. Tedaj smo imeli upanje v prihodnost in občutek varnosti. Zagotovo je šlo za parole, a vseeno so vsaj kazale smer, kam želimo. V tem pogledu je bil jugoslovanski eksperiment nadrealen, a bil je dober začetek poti k nečemu boljšemu, ki pa ni bilo nikoli realizirano.&quot; Lahko po vojnah v devetdesetih o tem še vedno mislimo? Smo se soočili z zločini? &quot;Z ničemer se nismo soočili. Zakockali smo priložnost, ki smo jo imeli kot jugoslovanska družba. In glede na vse, kar se je zgodilo, vrnitve nazaj ni. Tudi zato se je vse zgodilo. Nazaj se ne da, a lahko bi se česa naučili. Da ni mogoče izbrisati 50 let zgodovine in da tudi zato naše družbe stojijo na mestu. Tu se vse zruši in nato gradi od začetka. Tudi nostalgijo. Preskoči se desetletja. Tako umanjkata kontinuiteta in proces sprememb, ki predstavljata razvoj zdravih družb, ki ne brišejo skupnih izkušenj.&quot; A brisanje in novo pisanje zgodovine se dogaja zdaj – ne le tu, tudi po Evropi.  &quot;Letos bo stoletnica ustanovitve Jugoslavije – Države Slovencev, Hrvatov in Srbov ter nato Kraljevine Srbov, Hrvatov in Slovencev. Zanimivo bo, ker se odpirajo arhivi. Ta skupna ideja ostaja v teh krajih. Ideja ne umre.​&quot; Ampak ali še govorimo o istih spominih, idejah – te se fašistično razdvaja? &quot;Da, naše spomine se nasilno fragmentira. Jemlje se nam pravico do intimnih spominov. Še posebej političnih. Vse, da ne bi prišli spet na idejo povezovanja in skupnega prostora. Danes lahko pogledamo, kje smo in kako lahko sodelujemo. V socialistični Jugoslaviji so te države doživele določen napredek, gradilo se je prav zaradi te dinamike med našimi državami. Podobno je v pravi ljubezenski zvezi – v kateri drugi iz tebe potegne tako vse najboljše kot vse najslabše. To je osnova, da gremo naprej, da se nekaj ustvari in zgradi. A te dinamike prave skupnosti ljudje ne razumejo.&quot; Kje smo zdaj? &quot;Nimam pojma. Ko govorimo o Jugoslaviji, govorimo o času, ko so naše državice, ki zdaj obstajajo na papirju, še bile subjekt lastne zgodbe in lastne zgodovine. Danes smo samo še objekt. Kot smo bili že prej v preteklosti: politično-zgodovinski objekt. Brez vpliva na svet.&quot; Ampak ali ne manjka ravno te predrznosti, da je vse mogoče? &quot;Vse je mogoče. A predpogoj za to je, da postaneš subjekt – da vzameš svojo zgodovino v lastne roke.&quot; Besede, stavki, so še vedno prostori lepote? &quot;Zagotovo. Ustvarjanje lepote je pomembno. Sploh ko se zdi vse tako grdo, kruto in nevzdržno, so ti žarki lepote kot upanje, ki je uspelo pobegniti. Upanje, da bo človek uvidel in začel težiti k lepemu, ne pa k uničenju. Problem večine je, da slabo prenašajo lepoto. Spomni jih, da so sami nepopolni. Zato jo sovražijo in želijo uničiti. Zaradi ljubosumja in nesposobnosti, da se bi sami spremenili in postali boljši. Raje uničimo kar je lepo, da bo vse čim bližje ravni, na kateri smo sami.&quot; Jezik je v naših krajih postal orodje izključevanja, delitev. Kako zaščititi jezik lepote? &quot;Tako da nad njim ne izvajamo nasilja. Predvsem ne vem pred čem bi bilo jezik potrebno zaščititi – razen pred nami samimi. A v tem smislu bi bilo bilo potrebno zaščititi tudi vse ostalo na svetu.&quot; Jezik naj bi se ščitilo tako, da se ga ohranja čistega. &quot;A kaj to pomeni? Čistoča je zelo fašistična ideja. Moj jezik vsak jezik, ki ga razumem in v katerem razumem samega sebe. Če govorim o prostoru Srbije, Črne gore, Hrvaške in Bosne obstaja tu zame le en jezik. Kako ga imenujemo? Kaj je? V Srbiji izhajajo moje knjige v originalu, v jeziku, v katerem jih pišem, pa četudi sledim v osnovi pravilom hrvaškega pravopisa. Ni res, da gre za različne jezike. Gre le še za en način, kako ljudi čim bolj razdeliti. In za to so pripravljeni tudi izvajati nasilje nad jezikom, ki se je razvijal in spreminjal v času naše skupne zgodovine. Zdaj bi želeli ugotoviti, kaj je v njem naše, to vzeti ven in to ograditi – to so popolne budalaščine. Namesto da bi se trudili, da nas je čim več, ki razumemo drug drugega, se trudimo, da se in v tem pogledu razločimo.&quot; Je Balkan prihodnost sveta? &quot;Upam, da ni. Svet gre lahko v katerokoli smer. Življenje je marsikaj in ni vedno sijajno. Morda so rešitev mikrokozmosi. Če je svoboda vpisana v sistem, imamo morda tudi pravico, da živimo, kot nam paše – ali vodi to v oblikovanje novodobnih plemen, ki ne bomo povezani po etničnem, ampak po filozofskem ključu? Ne vem. Je kaos na svetu? Je. Lahko se zgodi karkoli. Morda tudi srečamo pamet. In najdemo mir.&quot; V BiH je ideja državljanske države označena za grožnjo. Kako razumeti državljanstvo v 21. stoletju? &quot;To je vprašanje, ki ga nihče ne zastavlja. A je temeljno vprašanje, ki bi si ga morali zastaviti. Ta ideja države državljanov je trenutno nelegalna, saj je sedanji pravni okvir utemeljen na etničnem ključu. V BiH živimo ... ne gre za mir. Konflikt naj bi bil zamrznjen, a vojno se vodi z drugimi sredstvi, na druge načine. Obstajajo tri vzporedne javnosti, ki se ne želijo povezovati, ampak silijo v le še večja razhajanja in plašijo ena drugo.&quot; V BiH je 36 šol, ki so etnično razdeljene. Nekatere loči žica. Zakaj ljudje teh žic in ograj ne podrejo?  &quot;Ker smo neumni. Ker smo imbecili. To je najbolj enostaven odgovor. Ljudje hočejo verjeti, da je imela vojna smisel. A je treba vsem povedati, da so se borili in sodelovali v vojni za prazen nič. Šlo je za čisto sranje. V vojni so bili za to, da so si lahko kasneje tisti, ki so jih v vojno povlekli, prilastili in prerazdelili skupno dobro in družbeno bogastvo. Da si to človek prizna – da je bil izkoriščen –, je ponižujoče. Zato mnogi še vedno toliko dajo na stare cilje iz vojne. Meni je to mučno. Hkrati je postalo dolgočasno. To ni več družba. Ljudje so sprejeli mentaliteto taboriščnikov. Živijo, kot da bi bili v taborišču. To so sprejeli in v to vzgajajo otroke. V kaj bodo odrasli ne vem. Ne vem, kaj je rešitev za ta svet. A vem, da je nekaj globoko narobe z njim, da bi ljudje morali biti drugačni, da bi se morali drugače počutiti.&quot;  Marko Tomaš bo svoje pesmi v Mariboru predstavil naslednjo sredo, 28. februarja ob 18h v Art clubu &amp; cafeju Wetrinsky.          Robert Balen ”​Kot prvo, to ne moremo doseči vsi. Kot drugo, nobene potrebe ni, da to doseže kdorkoli. Zato bi bilo treba te zahteve zavrniti. Drugače dobimo družbo, v kateri vlada zavist, s tem pa pride do nezaupanja. Nezaupanje ustvarja samoto, v kateri vsak človek dela račune le zase in v lastnem interesu. To je današnja družba.” - Marko Tomaš</article-text>
		<article-text-transliterated>Pesniška zbirka Zbogom, fašisti je bila v BiH izdana pred leti. Vseeno se zdi, še posebej za Evropo boleče aktualna. Vi se poslavljate od fašista v sebi – je lahko slovo uspešno in dokončno? &quot;Naslov knjige je zelo političen. V pesmih pa gre za intimno borbo, kako reči zbogom fašistu, ki udarja v meni in razbija v vsakem od nas. Ta fašist pride najbolj do izraza prav v intimnih, osebnih odnosih. Nehal sem verjeti, da se lahko družba spremeni. Morda še vedno verjamem, a pomeniti mora intimno preobrazbo vsakega posameznika. Šele nato lahko pride do resničnih sprememb. Človeštvo se ni naučilo ničesar iz lastne zgodovine. Človek je le uspel prevarati samega sebe. A če zanemarimo tehnološki napredek, je kot da stojimo na mestu. Ljudje govorijo o vrnitvi fašizma. A Damir Avdić je sijajno dejal, kako se govori, da se je fašizem vrnil, kot da je nekje bil - v resnici pa je bil vseskozi tu, le agregatna stanja je menjal. Če govorimo o političnem fašizmu, je bil nekaj časa v obrambi, a nikoli ni bil do konca izkoreninjen in premagan. Javljal se je, tu in tam, v različnih oblikah. Mnogo ljudi misli, da gre pri fašizmu za gibanje, ki se je začelo v Italiji in ga povezujejo z nacizmom. A danes je fašizem še marsikaj drugega. Ločil se je od svojega izvornega gibanja in spremenil znake. Vsaka diktatura se naslanja na fašizem. Pesmi v knjigi se še najmanj ukvarjajo z dnevno politiko ali s politiko kot tako. Zbirka je politična v tolikšni meri, kot je politična ljubezen. A prepričan sem, da ljubezen je politična, kot tudi intimni medčloveški odnosi. To je zame celo edina politika, na katero bi človek moral in smel pristati. Edina vojna, na katero lahko človek pristane, je vojna, ki jo človek bije sam s seboj.&quot; A kaj se dogaja z družbo? Smo družbena bitja in kot pišete, morali bi paziti drug na drugega. &quot;Morali bi. Morali bi imeti empatijo, a je te med ljudmi v resnici najmanj. Vse je podrejeno osebnim interesom. Tudi odnosi se v današnji družbi zreducirajo na medosebne interese. Če se interesi ujemajo, potem se ujamemo in strinjamo. Zelo malo pa je zelo temeljnega človeškega prepoznavanja drug drugega na podlagi občutkov, želja, odnosa do sveta in življenja. Malo je topline. Ljudje ... kot bi se robotizirali. Kot da smo postali tovarniški proizvodnji trak. Tako se premikamo in odločamo. V družbo bi bilo treba vrniti zaupanje. Z vsem tem tekmovanjem, z vsemi interesi se izgubi prav medčloveško zaupanje. Kaj je danes imperativ? Kaj se zahteva, da se dokažemo in uspemo? So zahteve, ki so dejansko nečloveške: nagrabi si bogastvo, bodi slaven. ​Kot prvo, to ne moremo doseči vsi. Kot drugo, nobene potrebe ni, da to doseže kdorkoli. Zato bi bilo treba te zahteve zavrniti. Drugače dobimo družbo, v kateri vlada zavist, s tem pa pride do nezaupanja. Nezaupanje ustvarja samoto, v kateri vsak človek dela račune le zase in v lastnem interesu. To je današnja družba. Ob tem da se spet krepi religioznost – v njej ljudje vsak zase iščejo uteho.&quot; Nasilje je še vedno prisotno. Je v poeziji lažje opisovati očitno, vojno nasilje ali normalizirano nasilje sodobnosti? &quot;Tehnologija vojne se menja. Nemški notranji minister, ki se je ukvarjal z delovanjem skupine Rote Armee Fraktion, že tedaj ni več govoril o tem, da ima opravka z mladimi budalami, ki ne vedo, kaj počno. Dejal je, da postaja terorizem nova oblika vojskovanja. Nasilje je danes povsod. Le spremenilo je obliko. Nihče ni razglasil vojne, a vendar se vojne odvijajo. Nekoč so napovedali vojno, napadli, okupirali, druga stran se je branila in na koncu so podpisali premirje. Danes tega ni. ​Nato le še policijsko intervenira. Formalnopravno se vojna ne odvija nikjer. A kaj so potem te intervencije? Le nova oblika terorizma, ki je postal nova oblika vojne – urbani, gverilski boj. Cilj ni odprtje front, ampak ustvarjanje nervoze, psihoze in splošnega občutka negotovosti. Ta danes tako ali tako preveva posameznika. ​In te transformacije to le še stopnjujejo. Pozabljamo, da je v Franciji izredno stanje – že tri leta. Sedaj je normalno. Amerika je vojne tako ali tako prenesla na zasebnike in iz intervencij umaknila vsako čustveno komponento. Ljudje umirajo, a saj so podpisali pogodbo – ni več niti časti, da se boriš za svojo državo. Vse to so perfidni načini, ki nam želijo ustvariti občutek, da lahko živimo normalno v družbi, kjer ni nasilja, četudi se vojne odvijajo vseskozi. Na koncu so vse enake. Kot je dejal Leonard Cohen: vse so le nadaljevanje vojne med Atenami in Šparto. Milan Kundera je k temu dodal, da je vojna ta, ki je svetovni migrant – premika se med različnimi poldnevniki in zemljepisnimi širinami. Potuje. Lekcij se ne naučimo. In vojna je danes največji poslovni projekt, kar je denimo kar zanima kapitalizem – kako oplajati kapital.&quot;        Robert Balen ”Poezija je prostor osebnega boja. In včasih ne vem: naj bo poezija borba, naj prikaže vso grozoto sveta ali naj poskusi ustvariti ideal – lepoto? Zgubljam in iščem se v tem svetu.” - Marko Tomaš     Je skozi poezijo in pisanje še vedno lažje razumeti svet? &quot;Predvsem poskušam vzpostaviti intimne odnose z ljudmi. To je moj poskus sabotiranja sistema: poskusiti navezati oseben odnos, prijateljstvo. Tudi ljubezen je v tem pogledu subverzivna: je majhen, osebni terorizem proti svetu, ki želi celo ljubezen določiti skozi opise po točkah in pravila. Če preseže zapovedane okvire, potem ni več ljubezen. S takimi idejami, če jih vsaj ne prevprašujemo, umremo. Brez svobode idej ljudje nismo ljudje. Zahtevati in živeti pravico do idej ter prevpraševanja, kaj je kaj – to je moj osebni način boja za pravico, da lahko sam odločam o svojem življenju in usodi.&quot; V bosanskih medijih obstajata predvsem kriminal in politika. Razkritja afer se vrstijo, ni pa jasno, ali sledijo tudi sankcije in spremembe na bolje. &quot;Ključni sta prvi besedi: politika in kriminal. To je edino, kar v resnici obstaja. Na njiju temelji sistem, hkrati sta med seboj prepleteni. Iz kriminala nastajajo sodobna politika in nove ekonomske elite, ki vzpostavljajo politiko. To, da ni ničesar razen tega, je ključni problem sodobnosti. Vse ostalo so naše male, osebne bitke. Vojne pa so vedno kriminalni poslovni projekti – za prerazdelitev bogastva in oblikovanje novih elit. To so edine spremembe.&quot; Tako ni bilo vedno. &quot;Ni bilo. Obstajala so obdobja, ko je idealizem presegel to, celo v politiki. Ko so vrednote družb temeljile na duhovnih in idealističnih idejah. A se je hitro vse vrnilo v razklanost. Zato ne vem, ali je bilo v temeljih res drugače. Je pa sedanje kriminalno delovanje politike zelo odkrito in vsem na očeh. V tem je izjemna bahavost in ošabnost – kar je tipično za obnašanje kriminalcev.&quot; Prav zato se zdi, da je v intimnosti in subverzivnosti vaše poezije nekaj revolucionarnega. &quot;Morda. Poezija je osnovni zvok človeške duše, če damo na stran glasbo. V današnjem hitenju je morda celo prijaznejša do bralca kot proza. Poezija je najbolj temeljni del človekove notranjosti in zato bo zanjo v človeški družbi vedno prostor. A pišem o različnih temah v različnih formah. Najbolj zanimivo je, da je največ odzivov, ko pišem o nogometu.&quot; Zakaj? &quot;Ne vem. Meni se ne zdi razumljivo. A prav zato pogostokrat eksperimentiram s temo in formo.&quot;  Kolumne pišete na portalih lupiga in zurnal.info. Kakšni kolektivi so to? &quot;Ne vem, jaz pišem. In zdi se mi, kot da pišem en in isti tekst. Vseskozi govorim o istih vrednotah in stvareh. Poskušam razgraditi in razkriti brezsmiselnost posameznih družbenih in političnih gibanj. Razmišljam, da bi bilo zanimivo sabotirati kar imenujemo demokratični procesi. V času pred volitvami zavrniti sledenje predvolilnih kampanj političnih strank. Kaj bi se zgodilo, če bi to naredili vsi mediji? Kaj bi ostalo? Teme in delovanje medijskega sveta diktirajo in usmerjajo politiki. To je problem. V medijih in javnosti ni neodvisnih tem. Mediji so predvsem servis in izvajalci uslug ekonomsko-političnih elit, namesto da bi bili njihov nadzornik, ki bi zahteval boljše in pravilnejše delovanje, in bi zastavljal prava vprašanja ob pravih trenutkih. Kaj bi pomenilo, če bi sabotirali teme, ki jih ponujajo politiki, in bi se v predvolilne kampanje vneslo teme in vprašanja, ki se zdijo pomembna nam? Drugače le sledimo in sodelujemo v histeriji, ki jo želijo izzvati. Soustvarjamo atmosfero, ki si je želijo pred volitvami. V BiH so se predvolilne kampanje že začele, četudi bodo volitve šele oktobra. In vsa javnost, vsi mediji na to nasedajo.&quot; Obstaja kje razigranost, poniglavost domišljije, nespoštovanje ustaljenih idejnih okvirjev? &quot;Obstaja. A problem je, da se ljudje vse to bojijo uporabiti. Danes je treba biti realen – to je imperativ. Biti z nogami na zemlji – kaj to pomeni? Sam se vseskozi prevprašujem, zakaj moramo odrasti in kaj pomeni biti zrel, odgovoren človek? Se to meri po količini odgovornosti, ki jo prevzamemo? A to je stvar individualnih odločitev, ne gre za družbeno določeno in merljivo kategorijo. Biti razigran in kreativen – ko bi nam uspelo ohraniti, da se znamo igrati in biti polni domišljije. Če bi znali zaščititi otroka v sebi, ne bi imeli te praznine, te luknje v svoji notranjosti, ki jo čutimo, in nas sili v nostalgično pogledovanje v preteklost. Odrasli bi se morali mnogo več učiti od otrok in živali. A delamo ravno obratno: otroke silimo, da se zgledujejo po nas.&quot;  A zdi se, da je vse zelo resno – smo tik pred katastrofo, bo vojna? Od nas se pričakuje, da smo resni. &quot;A to pričakovanje končne katastrofe je postalo trajno stanje, v katerega se želi ukleščiti človeštvo. Biti v neprestanem pričakovanju katastrofe in ne misliti na nič več kot samo na to. Končna kataklizma se ne bo zgodila. V zahodnem svetu ne bo več frontalnih vojn. Obstajali bodo ulični boji in nasilje, ki bodo ustvarili drugačno obliko psihoze. Ta negotovost je morda celo hujša od odprte vojne, v kateri bi vedeli, da poteka boj in da lahko pride sovražnik tudi od zadaj. Sedaj ne vemo: ne spredaj ne zadaj, kaj je tam. Ne moreš se zanesti na zaščito niti na eni strani ne. S tem se ustvarja našo sodobno negotovost. In ta psihoza je nujni pogoj, da se nas ohranja v stanju, ko se nas nato lahko lažje uporabi za cilje in koristi sistema.&quot;        Robert Balen ”Vse to so na koncu igre, ki nam jih navržejo politiki, da bi nas lažje kontrolirali. In mnogo lažje je nadzirati množice, ki mislijo enako in uniformno, kot če imamo skupine posameznikov, ki mislijo in verjamejo vsak posvoje.” - Marko Tomaš    Vas v pesmih in kolumnah ni strah razkriti svojih nepopolnosti, tudi šibkosti in ranljivosti. To niso zaželjene lastnosti. Take iskrenosti sistem ne nagrajuje in je redka.  &quot;Tega ne razumem. Kajti v tem ni nobene hrabrosti. Gre le za še eno od kletk, v katere smo ujeti v sedanjem sistemu, v katerega je svoboda že vpisana. Je obljuba, da lahko lajamo proti sistemu. A v resnici gre za lajanje v luno. Vsak lahko to počne. Brez posledic. In dejansko pravice nimamo, saj nam je vsem le dovoljeno, da rečemo vse, kar želimo. To je klopčič, v katerega nas zapleta sistem. Smo svobodni? Obljubili so nam jo in v dokumentih piše, da jo imamo. Ne moremo reči, da nismo svobodni, če pa imamo vse te svoboščine, kajne? A kako naj bom kot človek svoboden po vaših pravilih? Po določilih nekoga drugega? Mar ne bi svoboda morala pomeniti, da ima človek, ko se rodi, pravico, da ostane živ – da lahko preživi, ne glede na to ali in kaj ter kje bo počel?&quot; Večini ljudi zadostuje stanje, kot je. Tudi če je svoboda le črka na papirju. Ne potrebujejo, morda celo ne želijo preverjati, kje so njene meje.  &quot;To je posledica vse vsiljene tekmovalnosti. Ljudje verjamejo, da bodo tako dokazali svojo izvrstnost, posebnost, si pridobili ugled. A tekmujemo lahko le v stvareh, ki so merljive: količina denarja, dobrin. Ob tem pa izgubimo vse stvari, ki jih ne moremo tako preprosto izmeriti. In to nemerljivo je v resnici tisto, kar povezuje družbo. Vsiljena tekmovalnost je nezdrava – ljudi sili v teptanje, v brezčutnost in brezobzirnost – vse to pa spet vodi v osamljenost. V to veliko samoto, v kateri živi današnji človek, če si to prizna ali ne. Pred letom in pol mi je belgijski profesor opisoval raziskavo, ki so jo naredili v Ameriki in ki je pokazala, da so ljudje v veliki večini raje izbrali možnost, da nekoč postanejo predsednik, kot enako blagostanje za vse. Enakopravnost vseh so bili pripravljeni zamenjati za iluzijo lastnega uspeha, možnost, da se vzpnejo na vrh prehrambene lestvice. V tem je težava. In te miselnosti je vse več tudi v Evropi. Ideal enakopravnosti – prepričanje, da je treba vsem dati vsaj enake možnosti ne glede na to, od kod so in kdo so njihovi starši – je v izumiranju.&quot; A v teh naših krajih smo poznali drugačno izkušnjo, mar ne? Je bilo tisto resnično? &quot;Bilo. Bilo. Kot Jugoslovan imam pogostokrat problem, da ljudje nikakor ne razumejo mojega pogleda na svet. Ni jim jasno in zdi se jim nadrealno, da sem odrasel v družbi, v kateri nismo bili rojeni vsi enaki, a smo imeli nato vsi nekako enake možnosti, da smo lahko nekaj postali. Imeli smo možnost, da smo šli v iste šole, k istemu zdravniku, ne glede na to ali so bili naši starši bolj premožni ali ne. V istem razredu so sedeli tako otrok rudarja, komunističnega uradnika kot zdravnika. Ta občutek enakopravnosti in gotovosti, varnosti, da bomo dobili enako priložnost in možnost, da nekaj naredimo v svojem življenju, da nekdo postanemo, vidim, da je bil nekaj posebnega. Kaj smo nato naredili s to priložnostjo in z možnostmi, ki smo jih dobili, kdo smo postali, je bilo nato odvisno od nas. A zaradi te izkušnje je moj pogled na politiko in svet zelo drugačen od pogleda, ki ga imajo v Nemčiji, Ameriki ...&quot; Pa je taka družba in tak pogled na svet še vedno nekaj, v kar verjamete? &quot;Nimam jasnih političnih prepričanj. Številni sistemi so propadli. Ne vem niti, ali sedanji vodi v lastni propad ali v popolni kaos. Vem pa, da je bila družba, zasnovana na ideji bratstva in enakosti, mnogo boljša od tega zdaj. Tedaj smo imeli upanje v prihodnost in občutek varnosti. Zagotovo je šlo za parole, a vseeno so vsaj kazale smer, kam želimo. V tem pogledu je bil jugoslovanski eksperiment nadrealen, a bil je dober začetek poti k nečemu boljšemu, ki pa ni bilo nikoli realizirano.&quot; Lahko po vojnah v devetdesetih o tem še vedno mislimo? Smo se soočili z zločini? &quot;Z ničemer se nismo soočili. Zakockali smo priložnost, ki smo jo imeli kot jugoslovanska družba. In glede na vse, kar se je zgodilo, vrnitve nazaj ni. Tudi zato se je vse zgodilo. Nazaj se ne da, a lahko bi se česa naučili. Da ni mogoče izbrisati 50 let zgodovine in da tudi zato naše družbe stojijo na mestu. Tu se vse zruši in nato gradi od začetka. Tudi nostalgijo. Preskoči se desetletja. Tako umanjkata kontinuiteta in proces sprememb, ki predstavljata razvoj zdravih družb, ki ne brišejo skupnih izkušenj.&quot; A brisanje in novo pisanje zgodovine se dogaja zdaj – ne le tu, tudi po Evropi.  &quot;Letos bo stoletnica ustanovitve Jugoslavije – Države Slovencev, Hrvatov in Srbov ter nato Kraljevine Srbov, Hrvatov in Slovencev. Zanimivo bo, ker se odpirajo arhivi. Ta skupna ideja ostaja v teh krajih. Ideja ne umre.​&quot; Ampak ali še govorimo o istih spominih, idejah – te se fašistično razdvaja? &quot;Da, naše spomine se nasilno fragmentira. Jemlje se nam pravico do intimnih spominov. Še posebej političnih. Vse, da ne bi prišli spet na idejo povezovanja in skupnega prostora. Danes lahko pogledamo, kje smo in kako lahko sodelujemo. V socialistični Jugoslaviji so te države doživele določen napredek, gradilo se je prav zaradi te dinamike med našimi državami. Podobno je v pravi ljubezenski zvezi – v kateri drugi iz tebe potegne tako vse najboljše kot vse najslabše. To je osnova, da gremo naprej, da se nekaj ustvari in zgradi. A te dinamike prave skupnosti ljudje ne razumejo.&quot; Kje smo zdaj? &quot;Nimam pojma. Ko govorimo o Jugoslaviji, govorimo o času, ko so naše državice, ki zdaj obstajajo na papirju, še bile subjekt lastne zgodbe in lastne zgodovine. Danes smo samo še objekt. Kot smo bili že prej v preteklosti: politično-zgodovinski objekt. Brez vpliva na svet.&quot; Ampak ali ne manjka ravno te predrznosti, da je vse mogoče? &quot;Vse je mogoče. A predpogoj za to je, da postaneš subjekt – da vzameš svojo zgodovino v lastne roke.&quot; Besede, stavki, so še vedno prostori lepote? &quot;Zagotovo. Ustvarjanje lepote je pomembno. Sploh ko se zdi vse tako grdo, kruto in nevzdržno, so ti žarki lepote kot upanje, ki je uspelo pobegniti. Upanje, da bo človek uvidel in začel težiti k lepemu, ne pa k uničenju. Problem večine je, da slabo prenašajo lepoto. Spomni jih, da so sami nepopolni. Zato jo sovražijo in želijo uničiti. Zaradi ljubosumja in nesposobnosti, da se bi sami spremenili in postali boljši. Raje uničimo kar je lepo, da bo vse čim bližje ravni, na kateri smo sami.&quot; Jezik je v naših krajih postal orodje izključevanja, delitev. Kako zaščititi jezik lepote? &quot;Tako da nad njim ne izvajamo nasilja. Predvsem ne vem pred čem bi bilo jezik potrebno zaščititi – razen pred nami samimi. A v tem smislu bi bilo bilo potrebno zaščititi tudi vse ostalo na svetu.&quot; Jezik naj bi se ščitilo tako, da se ga ohranja čistega. &quot;A kaj to pomeni? Čistoča je zelo fašistična ideja. Moj jezik vsak jezik, ki ga razumem in v katerem razumem samega sebe. Če govorim o prostoru Srbije, Črne gore, Hrvaške in Bosne obstaja tu zame le en jezik. Kako ga imenujemo? Kaj je? V Srbiji izhajajo moje knjige v originalu, v jeziku, v katerem jih pišem, pa četudi sledim v osnovi pravilom hrvaškega pravopisa. Ni res, da gre za različne jezike. Gre le še za en način, kako ljudi čim bolj razdeliti. In za to so pripravljeni tudi izvajati nasilje nad jezikom, ki se je razvijal in spreminjal v času naše skupne zgodovine. Zdaj bi želeli ugotoviti, kaj je v njem naše, to vzeti ven in to ograditi – to so popolne budalaščine. Namesto da bi se trudili, da nas je čim več, ki razumemo drug drugega, se trudimo, da se in v tem pogledu razločimo.&quot; Je Balkan prihodnost sveta? &quot;Upam, da ni. Svet gre lahko v katerokoli smer. Življenje je marsikaj in ni vedno sijajno. Morda so rešitev mikrokozmosi. Če je svoboda vpisana v sistem, imamo morda tudi pravico, da živimo, kot nam paše – ali vodi to v oblikovanje novodobnih plemen, ki ne bomo povezani po etničnem, ampak po filozofskem ključu? Ne vem. Je kaos na svetu? Je. Lahko se zgodi karkoli. Morda tudi srečamo pamet. In najdemo mir.&quot; V BiH je ideja državljanske države označena za grožnjo. Kako razumeti državljanstvo v 21. stoletju? &quot;To je vprašanje, ki ga nihče ne zastavlja. A je temeljno vprašanje, ki bi si ga morali zastaviti. Ta ideja države državljanov je trenutno nelegalna, saj je sedanji pravni okvir utemeljen na etničnem ključu. V BiH živimo ... ne gre za mir. Konflikt naj bi bil zamrznjen, a vojno se vodi z drugimi sredstvi, na druge načine. Obstajajo tri vzporedne javnosti, ki se ne želijo povezovati, ampak silijo v le še večja razhajanja in plašijo ena drugo.&quot; V BiH je 36 šol, ki so etnično razdeljene. Nekatere loči žica. Zakaj ljudje teh žic in ograj ne podrejo?  &quot;Ker smo neumni. Ker smo imbecili. To je najbolj enostaven odgovor. Ljudje hočejo verjeti, da je imela vojna smisel. A je treba vsem povedati, da so se borili in sodelovali v vojni za prazen nič. Šlo je za čisto sranje. V vojni so bili za to, da so si lahko kasneje tisti, ki so jih v vojno povlekli, prilastili in prerazdelili skupno dobro in družbeno bogastvo. Da si to človek prizna – da je bil izkoriščen –, je ponižujoče. Zato mnogi še vedno toliko dajo na stare cilje iz vojne. Meni je to mučno. Hkrati je postalo dolgočasno. To ni več družba. Ljudje so sprejeli mentaliteto taboriščnikov. Živijo, kot da bi bili v taborišču. To so sprejeli in v to vzgajajo otroke. V kaj bodo odrasli ne vem. Ne vem, kaj je rešitev za ta svet. A vem, da je nekaj globoko narobe z njim, da bi ljudje morali biti drugačni, da bi se morali drugače počutiti.&quot;  Marko Tomaš bo svoje pesmi v Mariboru predstavil naslednjo sredo, 28. februarja ob 18h v Art clubu &amp; cafeju Wetrinsky.          Robert Balen ”​Kot prvo, to ne moremo doseči vsi. Kot drugo, nobene potrebe ni, da to doseže kdorkoli. Zato bi bilo treba te zahteve zavrniti. Drugače dobimo družbo, v kateri vlada zavist, s tem pa pride do nezaupanja. Nezaupanje ustvarja samoto, v kateri vsak človek dela račune le zase in v lastnem interesu. To je današnja družba.” - Marko Tomaš</article-text-transliterated>
	</article>
	<comments>
		<comments-count>0</comments-count>
		<comments-list/>
	</comments>
</document>
