<?xml version="1.0" encoding="utf-8"?>
<document global-id="si-04-1319">
	<url>https://www.vecer.com//domacijski-voz-6691596</url>
	<source-id>si-04</source-id>
	<local-id>1319</local-id>
	<source-name>Večer</source-name>
	<article>
		<article-title>Domačijski voz</article-title>
		<article-title-transliterated>Domačijski voz</article-title-transliterated>
		<article-time>2019-04-13</article-time>
		<article-author>Mohor Hudej, publicist</article-author>
		<article-text>S tem časom so same težave. Podobno kot na letalu je z njim na letališčih. Včasih obležiš v njem kot prenažrt pujs, drugič ti po ptičje odfrči, a na letališčih ima človek običajno preveč časa, če ravno ne zamudi letala. Pravočasnost je sila redka stvar, nekako pa se podrazume, da si na letališču zmeraj v stresu. V mojem nedavnem primeru sem imel časa dovolj, saj sem pri izhodu pričakoval skupino, s katero sem v naslednjih dneh potoval. Sedel sem na newyorškem JFK, na bog ve katerem terminalu - in glede na to, da sem imel preobilico časa, sem si nekako moral krajšati čas do njihovega prihoda. Opazoval sem množice, ki so se valile s svojo prtljago skozi izhodna vrata. Nekateri sesuti od neprespane noči na letalu, s korakom galapaške želve. Spet drugi ravno nasprotno. Z očitno krajšim letom na grbi so se zagnali v smer, kjer so jih čakali šoferji z mini transparenti, na katerih so našli svoja imena, in oddirjali velikemu jabolku naproti. Vmes sem se sprehodil med letališkimi kioski, primerjal cene storitev s cenami po drugih letališčih in našo domačo gostilno pod blokom.   Če sem bil med tisto parado v središču dogajanja, vpet v meni izkušenjsko neznan ritual, sem na letališču, z revijo v roki, sedel na trdnejšem sedežu    Slednja primerjava me je ponovno odgnala na čakalne sedeže, kjer sem se nedolgo pred tem že dodobra naveličal sedenja. To sem nekajkrat ponovil in na koncu obvisel na podobi v reviji, ki sem jo hip pred tem, očitno jo je nekdo pozabil, prijel v roke in pričel prelistavati. Šlo je za neko modno revijo, ne vem točno katero. Modni trendi pač. Predvsem ženski, a tudi moški. Prisežem, običajno tega ne gledam, a tokrat sem. Vidim nekega tipa, manekena. Naj malo opišem videno. Najprej sem bil seveda presenečen, zgolj presenečen. Nikakor pa šokiran, ker dandanes si že stežka, vse je mogoče. Da ne dolgovezim: celosten videz je oblikovalec očitno povzel po domnevni obliki starogrških satirov. Tip je imel na glavi belo čipkasto krono, nekoliko spominjajočo na lovorov venec olimpijskih zmagovalcev, njegov torzo je bil odet v lahno, belo krzno, okoli nog je imel spiralno ovito prozorno tkanino, a to je bilo nekako zunaj tega, kar bi povzročalo šok ali celo zgražanje. Vizualna podoba nog je osupljivo izražala vtis kozjih tac. Jasno, da je za morebitni šok pri gledalcu primernejši predel okoli genitalij, ki so bila tozadevno opremljena. Moda so mu težko padala v precej ženskemu bikiniju podoben kroj spodnjic mavričnih barv. Kreator se je dotaknil tudi podobe njegovega izraza. Da bi dosegel učinek statične podobe satirskega izraza, mu je v usta namestil - v ta namen izdelano - kovinsko konstrukcijo, ki mu je raztegnila in preoblikovala običajni izgled obraza v večno obmirovan izraz. Izraz, ki ga v živo lahko človek sreča zgolj na skulpturah, na okamenelih dekoracijah gledaliških fasad in niš. Na tem izrazu so bila dodatno izstopajoča usta, čezmerno raztegnjena, pokončno in vzdolžno. No, če je kaj zarezalo vame, je bil to strah, da se mu bodo ustnice dobesedno scefrale. Na nek način se mi je tip zasmilil. Če je moral biti tudi na vaji takole razvešenih lic, si krepko zasluži ta keš, sem pomislil. Na koncu sem sklenil, da je videna podoba nekaj med tragiško masko, ki so si jo ob Dionizijevem prazniku nadeli tragiški igralci, in satirom, v moderni, rahlo gejevsko tipizirano stilski različici. Za hip me je prešinila misel, ob kateri sem se moral zasmejati, kako bi bilo, če bi ta modni trend dejansko postal praksa in bi se skozi izhodna vrata letališča valili tipi v sodobni satirski podobi. Toda New York je ne nazadnje tudi takšen. Nekaj let pred tem, ob mojem predhodnem obisku, sem namreč imel srečo, da sem vanj prišel ravno na dan, ko so istospolnim odobrili poroko. Temu na čast so v mestu priredili parado ponosa. Glede na to, da sem spolno precej dolgočasno bitje, da v življenju nisem imel istospolnih izkušenj, da mi je bilo neprijetno v družbi istospolnih, ker sem se zmeraj boljše počutil - če je že šlo za erotičen stik - v družbi žensk in nisem nekako nikoli našel ali zaznal v sebi morebitnega, latentnega nagiba v smeri istospolne sle, pa četudi so občasno padali na ta račun mastni vici, sem v razposajeni gneči istospolnih popolnoma zamrznil. Med vsemi tistimi mišičnjaki, ki bi se jih po mojem ustrašil še lastnik našega trgovinskega bifeja, sicer človek, ki dvigne več kot dvesto kil, sem se uzrl v svoji resnični podobi. Iztrgan iz časa in prostora, se mi je zazdelo, da sodim v kakšno Vorančevo pripoved, v kateri mi je dodeljena vloga orača, ki premočrtno daje smer volovski vpregi, da se končno zaseje seme bodoče revščine. Ves bebast sem se hehetal radoživim, razposajenim druščinam gejev, ki so - hvala bogu, da ima očitno tudi zanje posluh - dobili svoje pravice. Bil sem naravnost vesel, da imam možnost videti tako veselo druščino ljudi na kupu. Čez čas, ko sem se zavlekel, tam blizu trga Times Square, v nek pub in sem lahko v miru preletel razpoloženje moje zadnje ure, sem uzrl neskončen prepad med svetovno prestolnico in domačo razo. Podoben občutek me je spreletel na letališču ob podobi novega modnega trenda. Toda če sem bil med tisto parado v središču dogajanja, vpet v meni izkušenjsko neznan ritual, v moderne bakanalije (brez pejorativnega prizvoka), sem na letališču, z revijo v roki, sedel na trdnejšem sedežu. Sam, z možnostjo presoje z varne distance do videnega. Nisem imel impulza, ki me je na paradi razsrediščil. Po domače povedano, lahko sem se delal pametnega in pametoval izza svojih okopov. Nihče se mi ni prijazno, navihano smehljal, me radostno trepljal po rami, češ, nam je le uspelo, kot se mi je to dogajalo v stiku z mimoidočimi na paradi. Lahko sem v miru primerjal. Nehote mi je v misli kanil spomin na vožnjo do dunajskega letališča. Dan pred tem sem se s kombijem peljal v družbi nekega etnologa in neke dame, ki sta se skozi avstrijsko-štajerske griče zapletla v pogovor. Voznik je imel radijsko postajo nastavljeno na nek avstrijski, štajerski radio. Na njem sta bila izmenično glasba in pogovor. Glasbeni izbor bi najlažje orisal, da je glasbeni urednik v osemdesetih ali celo sedemdesetih zaspal sredi zabave na hotelski terasi kakšnega kvarnerskega otoka, kjer letujejo pretežno Nemci in Avstrijci. Zdaj se je končno vrnil na radio s svojim izborom. Tam, na zabavi, so zakupili teraso in imajo svojega didžeja. Kar je bilo modernejše glasbe, so bile nemške priredbe hitov, kot je recimo Next Door To Alice. V nemščini seveda. Na sploh sem dobil občutek, da so priredbe skladb originali in originali skladb tujek. Med to gornještajersko simfonijo se je etnolog razgovoril o svojem delu in dami pojasnjeval, da potuje nekam v Polinezijo, kjer bo za potrebe svoje raziskovalne naloge ali pa morda doktorata, ne vem natančno, raziskoval avtohtono nošo tamkajšnjih prebivalcev. Dama ga je vneto poslušala, medtem ko ji je razlagal razloge za modne trende plemenitega divjaka, da kanibalizem danes vidimo drugače kot so ga oni nekoč - in kot ga ne nazadnje vidijo tudi danes. Seveda se mu je nekaj upirala, češ da ni lepo jesti sočloveka, a jo je utišal z dodobra podprtimi argumenti, kakršni koli so pač že bili. Lahko se je zgolj strinjala in mu plašno prikimala. In ko mu je, je izrekel tisti, neštetokrat slišani: &quot;Nič novega si nismo izmislili.&quot; Z revijo gejevskega satira v roki sem pred izhodom, skozi katerega so se valile tradicionalne podobe Zemljanov enaindvajsetega stoletja, v krajevnih modnih različicah, pomislil na to, kaj bi na prihajajoči modni trend ali pa domnevni trend porekel etnolog. Ali bi bil zmožen dojeti trend sodobnega New Yorka, starogrško transformacijo satira v sodoben lik. Art, kot se reče. Ali je ta etnolog sposoben dojeti razkorak med sodobnim in nekdanjim satirom? Kako ga vidi? Tako kot dojema glasbo zgornještajerski glasbeni urednik, ki s svojim sladko postaranim okusom, vse prežemajočim sentimentom ne želi kogarkoli užaliti (še globalni hit mora biti v domačem jeziku)? Ali bi bil zmožen pred damo zagovarjati podobo modernega satira na enak način, kot je plemenitega divjaka spričo njegovega kanibalizma. Je zmožen velikodušnosti presoje v tem primeru? Ne vem. Namenil sem mu vlogo nekoga, ki je toleranten do vseh oblik preteklega, ki stežka sprejme, da se je svet z njim vred postaral in obtičal na neki kvarnerski terasi osemdesetih. Namenil sem mu podobno vlogo kot glasbenemu uredniku zgornještajerske radijske postaje, pa tudi tistemu iz spodnještajerske, ki je izbral glasbo, ki sem jo poslušal kasneje, ob mojem povratku v domovino. Namenil sem mu vlogo lokalnega pridigarja, interpreta, tolmača namembnosti kmečkega orodja, ki kot etnološki spominek visi obešen na skoraj sleherni fasadi slovenske podeželske, tipske hiše. V njem slutim navdušenje nad vso mrtvo dediščino, podobno letalskemu obroku Stephena Hawkinga, ki je hkrati tudi moja usoda, moža iz Vorančeve volovske vprege, deležnega te sreče, da sem v času obiska svetovne prestolnice prihranil minuto svojega življenja, vpreženega v voz preteklosti. Kot je rekel etnolog: nič novega si nismo izmislili. Po velikonočnih pirhih je čas za prvomajski golaž.</article-text>
		<article-text-transliterated>S tem časom so same težave. Podobno kot na letalu je z njim na letališčih. Včasih obležiš v njem kot prenažrt pujs, drugič ti po ptičje odfrči, a na letališčih ima človek običajno preveč časa, če ravno ne zamudi letala. Pravočasnost je sila redka stvar, nekako pa se podrazume, da si na letališču zmeraj v stresu. V mojem nedavnem primeru sem imel časa dovolj, saj sem pri izhodu pričakoval skupino, s katero sem v naslednjih dneh potoval. Sedel sem na newyorškem JFK, na bog ve katerem terminalu - in glede na to, da sem imel preobilico časa, sem si nekako moral krajšati čas do njihovega prihoda. Opazoval sem množice, ki so se valile s svojo prtljago skozi izhodna vrata. Nekateri sesuti od neprespane noči na letalu, s korakom galapaške želve. Spet drugi ravno nasprotno. Z očitno krajšim letom na grbi so se zagnali v smer, kjer so jih čakali šoferji z mini transparenti, na katerih so našli svoja imena, in oddirjali velikemu jabolku naproti. Vmes sem se sprehodil med letališkimi kioski, primerjal cene storitev s cenami po drugih letališčih in našo domačo gostilno pod blokom.   Če sem bil med tisto parado v središču dogajanja, vpet v meni izkušenjsko neznan ritual, sem na letališču, z revijo v roki, sedel na trdnejšem sedežu    Slednja primerjava me je ponovno odgnala na čakalne sedeže, kjer sem se nedolgo pred tem že dodobra naveličal sedenja. To sem nekajkrat ponovil in na koncu obvisel na podobi v reviji, ki sem jo hip pred tem, očitno jo je nekdo pozabil, prijel v roke in pričel prelistavati. Šlo je za neko modno revijo, ne vem točno katero. Modni trendi pač. Predvsem ženski, a tudi moški. Prisežem, običajno tega ne gledam, a tokrat sem. Vidim nekega tipa, manekena. Naj malo opišem videno. Najprej sem bil seveda presenečen, zgolj presenečen. Nikakor pa šokiran, ker dandanes si že stežka, vse je mogoče. Da ne dolgovezim: celosten videz je oblikovalec očitno povzel po domnevni obliki starogrških satirov. Tip je imel na glavi belo čipkasto krono, nekoliko spominjajočo na lovorov venec olimpijskih zmagovalcev, njegov torzo je bil odet v lahno, belo krzno, okoli nog je imel spiralno ovito prozorno tkanino, a to je bilo nekako zunaj tega, kar bi povzročalo šok ali celo zgražanje. Vizualna podoba nog je osupljivo izražala vtis kozjih tac. Jasno, da je za morebitni šok pri gledalcu primernejši predel okoli genitalij, ki so bila tozadevno opremljena. Moda so mu težko padala v precej ženskemu bikiniju podoben kroj spodnjic mavričnih barv. Kreator se je dotaknil tudi podobe njegovega izraza. Da bi dosegel učinek statične podobe satirskega izraza, mu je v usta namestil - v ta namen izdelano - kovinsko konstrukcijo, ki mu je raztegnila in preoblikovala običajni izgled obraza v večno obmirovan izraz. Izraz, ki ga v živo lahko človek sreča zgolj na skulpturah, na okamenelih dekoracijah gledaliških fasad in niš. Na tem izrazu so bila dodatno izstopajoča usta, čezmerno raztegnjena, pokončno in vzdolžno. No, če je kaj zarezalo vame, je bil to strah, da se mu bodo ustnice dobesedno scefrale. Na nek način se mi je tip zasmilil. Če je moral biti tudi na vaji takole razvešenih lic, si krepko zasluži ta keš, sem pomislil. Na koncu sem sklenil, da je videna podoba nekaj med tragiško masko, ki so si jo ob Dionizijevem prazniku nadeli tragiški igralci, in satirom, v moderni, rahlo gejevsko tipizirano stilski različici. Za hip me je prešinila misel, ob kateri sem se moral zasmejati, kako bi bilo, če bi ta modni trend dejansko postal praksa in bi se skozi izhodna vrata letališča valili tipi v sodobni satirski podobi. Toda New York je ne nazadnje tudi takšen. Nekaj let pred tem, ob mojem predhodnem obisku, sem namreč imel srečo, da sem vanj prišel ravno na dan, ko so istospolnim odobrili poroko. Temu na čast so v mestu priredili parado ponosa. Glede na to, da sem spolno precej dolgočasno bitje, da v življenju nisem imel istospolnih izkušenj, da mi je bilo neprijetno v družbi istospolnih, ker sem se zmeraj boljše počutil - če je že šlo za erotičen stik - v družbi žensk in nisem nekako nikoli našel ali zaznal v sebi morebitnega, latentnega nagiba v smeri istospolne sle, pa četudi so občasno padali na ta račun mastni vici, sem v razposajeni gneči istospolnih popolnoma zamrznil. Med vsemi tistimi mišičnjaki, ki bi se jih po mojem ustrašil še lastnik našega trgovinskega bifeja, sicer človek, ki dvigne več kot dvesto kil, sem se uzrl v svoji resnični podobi. Iztrgan iz časa in prostora, se mi je zazdelo, da sodim v kakšno Vorančevo pripoved, v kateri mi je dodeljena vloga orača, ki premočrtno daje smer volovski vpregi, da se končno zaseje seme bodoče revščine. Ves bebast sem se hehetal radoživim, razposajenim druščinam gejev, ki so - hvala bogu, da ima očitno tudi zanje posluh - dobili svoje pravice. Bil sem naravnost vesel, da imam možnost videti tako veselo druščino ljudi na kupu. Čez čas, ko sem se zavlekel, tam blizu trga Times Square, v nek pub in sem lahko v miru preletel razpoloženje moje zadnje ure, sem uzrl neskončen prepad med svetovno prestolnico in domačo razo. Podoben občutek me je spreletel na letališču ob podobi novega modnega trenda. Toda če sem bil med tisto parado v središču dogajanja, vpet v meni izkušenjsko neznan ritual, v moderne bakanalije (brez pejorativnega prizvoka), sem na letališču, z revijo v roki, sedel na trdnejšem sedežu. Sam, z možnostjo presoje z varne distance do videnega. Nisem imel impulza, ki me je na paradi razsrediščil. Po domače povedano, lahko sem se delal pametnega in pametoval izza svojih okopov. Nihče se mi ni prijazno, navihano smehljal, me radostno trepljal po rami, češ, nam je le uspelo, kot se mi je to dogajalo v stiku z mimoidočimi na paradi. Lahko sem v miru primerjal. Nehote mi je v misli kanil spomin na vožnjo do dunajskega letališča. Dan pred tem sem se s kombijem peljal v družbi nekega etnologa in neke dame, ki sta se skozi avstrijsko-štajerske griče zapletla v pogovor. Voznik je imel radijsko postajo nastavljeno na nek avstrijski, štajerski radio. Na njem sta bila izmenično glasba in pogovor. Glasbeni izbor bi najlažje orisal, da je glasbeni urednik v osemdesetih ali celo sedemdesetih zaspal sredi zabave na hotelski terasi kakšnega kvarnerskega otoka, kjer letujejo pretežno Nemci in Avstrijci. Zdaj se je končno vrnil na radio s svojim izborom. Tam, na zabavi, so zakupili teraso in imajo svojega didžeja. Kar je bilo modernejše glasbe, so bile nemške priredbe hitov, kot je recimo Next Door To Alice. V nemščini seveda. Na sploh sem dobil občutek, da so priredbe skladb originali in originali skladb tujek. Med to gornještajersko simfonijo se je etnolog razgovoril o svojem delu in dami pojasnjeval, da potuje nekam v Polinezijo, kjer bo za potrebe svoje raziskovalne naloge ali pa morda doktorata, ne vem natančno, raziskoval avtohtono nošo tamkajšnjih prebivalcev. Dama ga je vneto poslušala, medtem ko ji je razlagal razloge za modne trende plemenitega divjaka, da kanibalizem danes vidimo drugače kot so ga oni nekoč - in kot ga ne nazadnje vidijo tudi danes. Seveda se mu je nekaj upirala, češ da ni lepo jesti sočloveka, a jo je utišal z dodobra podprtimi argumenti, kakršni koli so pač že bili. Lahko se je zgolj strinjala in mu plašno prikimala. In ko mu je, je izrekel tisti, neštetokrat slišani: &quot;Nič novega si nismo izmislili.&quot; Z revijo gejevskega satira v roki sem pred izhodom, skozi katerega so se valile tradicionalne podobe Zemljanov enaindvajsetega stoletja, v krajevnih modnih različicah, pomislil na to, kaj bi na prihajajoči modni trend ali pa domnevni trend porekel etnolog. Ali bi bil zmožen dojeti trend sodobnega New Yorka, starogrško transformacijo satira v sodoben lik. Art, kot se reče. Ali je ta etnolog sposoben dojeti razkorak med sodobnim in nekdanjim satirom? Kako ga vidi? Tako kot dojema glasbo zgornještajerski glasbeni urednik, ki s svojim sladko postaranim okusom, vse prežemajočim sentimentom ne želi kogarkoli užaliti (še globalni hit mora biti v domačem jeziku)? Ali bi bil zmožen pred damo zagovarjati podobo modernega satira na enak način, kot je plemenitega divjaka spričo njegovega kanibalizma. Je zmožen velikodušnosti presoje v tem primeru? Ne vem. Namenil sem mu vlogo nekoga, ki je toleranten do vseh oblik preteklega, ki stežka sprejme, da se je svet z njim vred postaral in obtičal na neki kvarnerski terasi osemdesetih. Namenil sem mu podobno vlogo kot glasbenemu uredniku zgornještajerske radijske postaje, pa tudi tistemu iz spodnještajerske, ki je izbral glasbo, ki sem jo poslušal kasneje, ob mojem povratku v domovino. Namenil sem mu vlogo lokalnega pridigarja, interpreta, tolmača namembnosti kmečkega orodja, ki kot etnološki spominek visi obešen na skoraj sleherni fasadi slovenske podeželske, tipske hiše. V njem slutim navdušenje nad vso mrtvo dediščino, podobno letalskemu obroku Stephena Hawkinga, ki je hkrati tudi moja usoda, moža iz Vorančeve volovske vprege, deležnega te sreče, da sem v času obiska svetovne prestolnice prihranil minuto svojega življenja, vpreženega v voz preteklosti. Kot je rekel etnolog: nič novega si nismo izmislili. Po velikonočnih pirhih je čas za prvomajski golaž.</article-text-transliterated>
	</article>
	<comments>
		<comments-count>3</comments-count>
		<comments-list>
			<comment comment-id="1">
				<comment-parent-id>,</comment-parent-id>
				<comment-text>+</comment-text>
				<comment-text-transliterated>+</comment-text-transliterated>
			</comment>
			<comment comment-id="2">
				<comment-parent-id>,</comment-parent-id>
				<comment-text>++ bravo Mohor, duhovito in zanimivo branje</comment-text>
				<comment-text-transliterated>++ bravo Mohor, duhovito in zanimivo branje</comment-text-transliterated>
			</comment>
			<comment comment-id="3">
				<comment-parent-id>,</comment-parent-id>
				<comment-text>...bom prešaltu iz dela na večer zaradi mohorjevih kolumn! Fajn so!😉</comment-text>
				<comment-text-transliterated>...bom prešaltu iz dela na večer zaradi mohorjevih kolumn! Fajn so!😉</comment-text-transliterated>
			</comment>
		</comments-list>
	</comments>
</document>
