<document global-id="si-04-1075"><url>https://www.vecer.com//201505186116056-6116056</url><source-id>si-04</source-id><local-id>si-04-1075</local-id><source-name>Večer</source-name><article><article-title>DA NE BOSTE PREPUŠČENI LE IZVAJALCU</article-title><article-title-transliterated>DA NE BOSTE PREPUŠČENI LE IZVAJALCU</article-title-transliterated><article_time>2015-05-18</article_time><article-author>Večer</article-author><article-text>Temeljna pravila izvedbe fasadnega sistema je treba upoštevati že med načrtovanjem. Pri novogradnjah določijo fasadni sistem in izvedbo detajlov arhitekti, pri obnovah pa so ti praviloma prezrti, lastnik pa kot nestrokovnjak prepuščen izvajalcu. V takih primerih je kakovostno izvedena fasada prej izjema kot pravilo. V pomoč nam je lahko tehnična smernica za pravilno izvedbo kontaktnih toplotnoizolacijskih fasadnih sistemov, ki jo je pripravilo Gospodarsko interesno združenje proizvajalcev fasadnih sistemov in toplotnih izolacij. Tehnična smernica vsebuje tudi detajlne risbe za običajne primere, namenjena pa je naročnikom, projektantom, pripravljavcem javnih razpisov, glavnim izvajalcem, nadzornikom gradnje in izvajalcem fasadnih sistemov. Prinaša rešitve, ki prispevajo k povečanju vrednosti vsake stavbe, če jih upoštevajo vsi udeleženci pri gradbenem projektu.
Smernica, ki povzema standarde s tega področja, je dopolnjena z novimi tehnologijami in razširjenimi priporočili za izdelavo fasadnih sistemov. Najpomembnejše pa je, da je prosto dostopna na spletu, enostavno napisana v slovenskem jeziku in razumljiva. Kljub smernici, ki ponuja informacije o pravilni izvedbi fasadnih sistemov, svetujemo vsakomur, da za večje in zahtevnejše stavbe naroči projekt izvedbe z vsemi detajli.</article-text><article-text-transliterated>Temeljna pravila izvedbe fasadnega sistema je treba upoštevati že med načrtovanjem. Pri novogradnjah določijo fasadni sistem in izvedbo detajlov arhitekti, pri obnovah pa so ti praviloma prezrti, lastnik pa kot nestrokovnjak prepuščen izvajalcu. V takih primerih je kakovostno izvedena fasada prej izjema kot pravilo. V pomoč nam je lahko tehnična smernica za pravilno izvedbo kontaktnih toplotnoizolacijskih fasadnih sistemov, ki jo je pripravilo Gospodarsko interesno združenje proizvajalcev fasadnih sistemov in toplotnih izolacij. Tehnična smernica vsebuje tudi detajlne risbe za običajne primere, namenjena pa je naročnikom, projektantom, pripravljavcem javnih razpisov, glavnim izvajalcem, nadzornikom gradnje in izvajalcem fasadnih sistemov. Prinaša rešitve, ki prispevajo k povečanju vrednosti vsake stavbe, če jih upoštevajo vsi udeleženci pri gradbenem projektu.
Smernica, ki povzema standarde s tega področja, je dopolnjena z novimi tehnologijami in razširjenimi priporočili za izdelavo fasadnih sistemov. Najpomembnejše pa je, da je prosto dostopna na spletu, enostavno napisana v slovenskem jeziku in razumljiva. Kljub smernici, ki ponuja informacije o pravilni izvedbi fasadnih sistemov, svetujemo vsakomur, da za večje in zahtevnejše stavbe naroči projekt izvedbe z vsemi detajli.</article-text-transliterated></article><comments><comments-count>0</comments-count><comments-list /></comments></document>