<document global-id="si-04-1232"><url>https://www.vecer.com//direktorske-vice-in-vici-6390806</url><source-id>si-04</source-id><local-id>si-04-1232</local-id><source-name>Večer</source-name><article><article-title>Direktorske vice in vici</article-title><article-title-transliterated>Direktorske vice in vici</article-title-transliterated><article_time>2018-01-27</article_time><article-author>Tone Kregar, zgodovinar</article-author><article-text>Andrej Petelinšek



Aktualna stavka javnega sektorja v ničemer ne odstopa od siceršnje folklore na tem področju. Tudi vloge ostajajo iste. Kot običajno vsi vpleteni, od sindikatov do delodajalcev in predstavnikov države, poudarjajo lastne žrtve, sredi gozda objemajo vsak svoje drevo in si tudi z demagoškimi kriki, pretiravanji in posploševanji poskušajo izboriti boljše pogajalsko izhodišče ter vplivati tako na razplet kot na javno mnenje. Ki je tudi tokrat predvidljivo, saj je opredeljevanje odvisno predvsem od lastnega položaja, koristi in preračunljivosti. Tudi sam nisem izjema, le da ima moj zajec rahlo smolo, saj hkrati tiči vsaj v dveh grmih. Kot javni uslužbenec načeloma podpiram svoje, a odkar sem pred leti prevzel vodenje kolektiva, sem vsaj formalno na drugi strani. Čeprav mi plačo, tako kot kolegom, določa delodajalec, v konkretnem primeru država, imajo slednji legitimno možnost in pravico, da si prizadevajo za njeno zvišanje, medtem ko imam sam zavezane roke. Če sem torej z nogami v delavskem peklu, z glavo pa v delodajalskih nebesih, sem očitno v direktorskih vicah.
In če že v vicah, dajmo še o vicih. Svoje čase so bile šale o direktorjih zelo priljubljene, večina pa jih je namigovala na njihove več kot zgolj profesionalne odnose s tajnico ali pa na njihovo bistroumnost, obratno sorazmerno s politično pravovernostjo. A to je bilo še v prejšnjem režimu, demokracija pa je glede direktorskih vicev dosti bolj skopa, pravzaprav se ne spomnim, da bi zadnje čase sploh kakšnega slišal. Razen če kot vic ne razumemo zastrašujočih izjav iz sindikalnih pa tudi političnih vrst, da bo nedavni dvig plač ravnateljem in drugim direktorjem šel na rovaš tistih njihovih sodelavcev z najnižjimi dohodki.
Pohvalno je dvigniti glas za najšibkejše in najmanj slišane, a bi si zavoljo čisto navadne resnice, pa tudi ljubega miru, vendarle drznil pristaviti, da se večini direktorskih kolegov v kulturi, vzgoji in izobraževanju, to je pač krog, ki ga poznam in o katerem lahko sodim, plače niso prav nič zvišale in le redki so napredovali za kakšen razred. Pa še to na osnovi kvantitativnih meril in bore malo odvisno od tega, kako in koliko kdo dela oziroma v kakšni kondiciji je ustanova, ko jo ne le vodi in predstavlja, ampak pogosto tudi pooseblja. Kar je seveda že druga zgodba, povezana z uravnilovko, največjo in očitno nerešljivo težavo javnega sektorja, v katerem enako zaslužita tako tisti, ki voz vleče, kot tisti, ki zgolj sedi na njem. Skratka, povprečna direktorska plača na omenjenih področjih v primerjavi z najnižjo plačo v kolektivu še vedno komaj kaj presega razmerje 2:1. Kar je približno tako kot v socializmu in z izjemo skrajnih egalitaristov vsaj rahlo nelogično vsem, ki so kadarkoli vodili in odgovarjali za kaj več od lastnega gospodinjstva, za gospodarstvo in tamkajšnja menedžerska razmerja, ne glede na naravo lastništva pa popolnoma nepredstavljivo. Svežim kozmetičnim popravkom navkljub direktorjev dohodek praviloma še vedno ni najvišji oziroma ga bo kolega s primerljivo izobrazbo ob pravočasnih napredovanjih slej ko prej dohitel in prehitel. Poleg tega pa v omenjenih javnih zavodih in ustanovah praktično ni možnosti za druge bonitete, kaj šele pridobitniške mahinacije, saj je denarja premalo, nadzor pa prevelik. Kar je seveda prav, pa tudi sicer ne trdim, da gre za v nebo vpijočo krivico, ali da s(m)o razni ravnatelji, upravniki in direktorji reveži. Pravim le, da v našem primeru ne gre za nikakršno mastenje pri koritu na račun drugih in da bo tisti, ki mu gre prvenstveno za denar, kar je v teh časih prej kompliment kot žaljivka, svojo kariero že v osnovi zastavil drugače.







Andrej Petelinšek



A sodeč po burnih duhovih in pogostih aferah, ki spremljajo namestitve in razrešitve direktorjev, ta funkcija očitno ostaja privlačna. Deloma zato, ker v omejenem strokovnem okolju in zlasti na lokalnih nivojih predstavlja najvišjo karierno polico, priložnosti za vzpon nanjo pa so redke. Vsekakor jih je manj od ambicioznih posameznikov, ki želijo aktivneje prispevati k obči dobrobiti in razvoju, se tako realizirati in, čeprav z drobnimi črkami, vpisati v zgodovino. Obenem vsaj v tradicionalnejših okoljih s sabo še vedno prinaša določen ugled in veljavo, posledično pa razširitev socialne mreže, redno pojavljanje na straneh družabne kronike lokalnega časopisa in kakšen manjši privilegij. Dojemanje lastnega položaja na družbeni lestvici je sicer odvisno od vsakogar posebej, kar se zdi nekomu banalno, je spet drugemu sila imenitno, a le redki so tisti, ki jih žarki pomembnosti, naj bodo še tako medli, ne bi vsaj za hip zaslepili. Že res, da je zabavljanje čez tako imenovano elito eno najbolj priljubljenih početij današnjega časa, hkrati pa so neredki ostri jeziki za to, da se tudi sami uvrstijo vanjo, pripravljeni pojesti še kaj več od zarečenega kruha.


Kot običajno vsi vpleteni poudarjajo lastne žrtve, sredi gozda objemajo vsak svoje drevo ter si tudi z demagoškimi kriki, pretiravanji in posploševanji poskušajo izboriti boljše pogajalsko izhodišče ter vplivati tako na razplet kot na javno mnenje



Sicer pa, kako se sploh doseže tak položaj? Pogosta praksa je ta, da se na izpraznjeno mesto povzpne nekdo znotraj kolektiva, ki ima dovolj znanja, izkušenj in energije, po možnosti pa še podporo sodelavcev, kar je dobra popotnica za nadaljnje delo. Ta kandidat dobro ve, kaj ga čaka, zato najprej malce okleva, a se končno le pusti pregovoriti kolegom in lastni nečimrnosti. V primerih, ko so razmere v kolektivu slabe, delo pa neučinkovito, je najbrž bolje, da vajeti prevzame nekdo od zunaj, neobremenjen s hišnimi zdrahami in spletkami, še posebno, če ga ženejo strokovni izzivi in zdrava ambicija po ureditvi razmer, ne pa zgolj reševanje lastne eksistence. Kdorkoli že, v obeh primerih mora izpolnjevati razpisne kriterije, na koncu pa o zmagovalcu vedno, povsem legalno, odloči politika, le da enkrat manj politično, drugič bolj, kar je odvisno od nabora interesentov. In zato je najzanesljivejša pot na direktorski prestol ta, na kateri najprej postaneš pomemben ud vplivne politične stranke, nakar v kupčevanju z glasovi in položaji poskrbiš zase, kar je tudi tvoj glavni politični program. V tem primeru lahko računaš celo na malce prirejene in po svoji, pogosto nezadostni, meri ukrojene pogoje in kriterije. A tudi nervozno možnost, da boš na isti način, kot si prilezel na stolček, z njega nekoč tudi odletel. Izbrana pot seveda še ne pogojuje kasnejšega dela in na koncu šteje le to, kako se znajdeš na spolzkem terenu, med številnimi interesi od spodaj in od zgoraj ter pod drobnogledom javnosti, ki ji služiš. Moledujoč za vse bolj skopo odmerjena sredstva, s katerimi je treba vsako leto narediti več, odgovoren za zavod in ljudi v njem in zavezan etičnim in strokovnim standardom, po možnosti čim višjim.
Takole torej naš direktor lebdi v svojih javnosektorskih vicah in se otepa očitkov o zaslužkarstvu. Saj ne, da bi se nam smilil, konec koncev si je takšno usodo izbral sam, a njegova vloga ne vzbuja niti omembe vredne zavisti niti posmeha, ki sta glavna motiva za nastanek vicev. Kar pa utegne, podobno kot že v politiki, kmalu urediti negativna selekcija. In ko bosta velika želja po lastni tajnici, fikusu in vsaj navidezni pomembnosti ter primerno strankarsko zaledje dokončno premagala sposobnost in prizadevnost, takrat bo gotovo spet zaokrožil kakšen direktorski vic. Ne nujno smešen.</article-text><article-text-transliterated>Andrej Petelinšek



Aktualna stavka javnega sektorja v ničemer ne odstopa od siceršnje folklore na tem področju. Tudi vloge ostajajo iste. Kot običajno vsi vpleteni, od sindikatov do delodajalcev in predstavnikov države, poudarjajo lastne žrtve, sredi gozda objemajo vsak svoje drevo in si tudi z demagoškimi kriki, pretiravanji in posploševanji poskušajo izboriti boljše pogajalsko izhodišče ter vplivati tako na razplet kot na javno mnenje. Ki je tudi tokrat predvidljivo, saj je opredeljevanje odvisno predvsem od lastnega položaja, koristi in preračunljivosti. Tudi sam nisem izjema, le da ima moj zajec rahlo smolo, saj hkrati tiči vsaj v dveh grmih. Kot javni uslužbenec načeloma podpiram svoje, a odkar sem pred leti prevzel vodenje kolektiva, sem vsaj formalno na drugi strani. Čeprav mi plačo, tako kot kolegom, določa delodajalec, v konkretnem primeru država, imajo slednji legitimno možnost in pravico, da si prizadevajo za njeno zvišanje, medtem ko imam sam zavezane roke. Če sem torej z nogami v delavskem peklu, z glavo pa v delodajalskih nebesih, sem očitno v direktorskih vicah.
In če že v vicah, dajmo še o vicih. Svoje čase so bile šale o direktorjih zelo priljubljene, večina pa jih je namigovala na njihove več kot zgolj profesionalne odnose s tajnico ali pa na njihovo bistroumnost, obratno sorazmerno s politično pravovernostjo. A to je bilo še v prejšnjem režimu, demokracija pa je glede direktorskih vicev dosti bolj skopa, pravzaprav se ne spomnim, da bi zadnje čase sploh kakšnega slišal. Razen če kot vic ne razumemo zastrašujočih izjav iz sindikalnih pa tudi političnih vrst, da bo nedavni dvig plač ravnateljem in drugim direktorjem šel na rovaš tistih njihovih sodelavcev z najnižjimi dohodki.
Pohvalno je dvigniti glas za najšibkejše in najmanj slišane, a bi si zavoljo čisto navadne resnice, pa tudi ljubega miru, vendarle drznil pristaviti, da se večini direktorskih kolegov v kulturi, vzgoji in izobraževanju, to je pač krog, ki ga poznam in o katerem lahko sodim, plače niso prav nič zvišale in le redki so napredovali za kakšen razred. Pa še to na osnovi kvantitativnih meril in bore malo odvisno od tega, kako in koliko kdo dela oziroma v kakšni kondiciji je ustanova, ko jo ne le vodi in predstavlja, ampak pogosto tudi pooseblja. Kar je seveda že druga zgodba, povezana z uravnilovko, največjo in očitno nerešljivo težavo javnega sektorja, v katerem enako zaslužita tako tisti, ki voz vleče, kot tisti, ki zgolj sedi na njem. Skratka, povprečna direktorska plača na omenjenih področjih v primerjavi z najnižjo plačo v kolektivu še vedno komaj kaj presega razmerje 2:1. Kar je približno tako kot v socializmu in z izjemo skrajnih egalitaristov vsaj rahlo nelogično vsem, ki so kadarkoli vodili in odgovarjali za kaj več od lastnega gospodinjstva, za gospodarstvo in tamkajšnja menedžerska razmerja, ne glede na naravo lastništva pa popolnoma nepredstavljivo. Svežim kozmetičnim popravkom navkljub direktorjev dohodek praviloma še vedno ni najvišji oziroma ga bo kolega s primerljivo izobrazbo ob pravočasnih napredovanjih slej ko prej dohitel in prehitel. Poleg tega pa v omenjenih javnih zavodih in ustanovah praktično ni možnosti za druge bonitete, kaj šele pridobitniške mahinacije, saj je denarja premalo, nadzor pa prevelik. Kar je seveda prav, pa tudi sicer ne trdim, da gre za v nebo vpijočo krivico, ali da s(m)o razni ravnatelji, upravniki in direktorji reveži. Pravim le, da v našem primeru ne gre za nikakršno mastenje pri koritu na račun drugih in da bo tisti, ki mu gre prvenstveno za denar, kar je v teh časih prej kompliment kot žaljivka, svojo kariero že v osnovi zastavil drugače.







Andrej Petelinšek



A sodeč po burnih duhovih in pogostih aferah, ki spremljajo namestitve in razrešitve direktorjev, ta funkcija očitno ostaja privlačna. Deloma zato, ker v omejenem strokovnem okolju in zlasti na lokalnih nivojih predstavlja najvišjo karierno polico, priložnosti za vzpon nanjo pa so redke. Vsekakor jih je manj od ambicioznih posameznikov, ki želijo aktivneje prispevati k obči dobrobiti in razvoju, se tako realizirati in, čeprav z drobnimi črkami, vpisati v zgodovino. Obenem vsaj v tradicionalnejših okoljih s sabo še vedno prinaša določen ugled in veljavo, posledično pa razširitev socialne mreže, redno pojavljanje na straneh družabne kronike lokalnega časopisa in kakšen manjši privilegij. Dojemanje lastnega položaja na družbeni lestvici je sicer odvisno od vsakogar posebej, kar se zdi nekomu banalno, je spet drugemu sila imenitno, a le redki so tisti, ki jih žarki pomembnosti, naj bodo še tako medli, ne bi vsaj za hip zaslepili. Že res, da je zabavljanje čez tako imenovano elito eno najbolj priljubljenih početij današnjega časa, hkrati pa so neredki ostri jeziki za to, da se tudi sami uvrstijo vanjo, pripravljeni pojesti še kaj več od zarečenega kruha.


Kot običajno vsi vpleteni poudarjajo lastne žrtve, sredi gozda objemajo vsak svoje drevo ter si tudi z demagoškimi kriki, pretiravanji in posploševanji poskušajo izboriti boljše pogajalsko izhodišče ter vplivati tako na razplet kot na javno mnenje



Sicer pa, kako se sploh doseže tak položaj? Pogosta praksa je ta, da se na izpraznjeno mesto povzpne nekdo znotraj kolektiva, ki ima dovolj znanja, izkušenj in energije, po možnosti pa še podporo sodelavcev, kar je dobra popotnica za nadaljnje delo. Ta kandidat dobro ve, kaj ga čaka, zato najprej malce okleva, a se končno le pusti pregovoriti kolegom in lastni nečimrnosti. V primerih, ko so razmere v kolektivu slabe, delo pa neučinkovito, je najbrž bolje, da vajeti prevzame nekdo od zunaj, neobremenjen s hišnimi zdrahami in spletkami, še posebno, če ga ženejo strokovni izzivi in zdrava ambicija po ureditvi razmer, ne pa zgolj reševanje lastne eksistence. Kdorkoli že, v obeh primerih mora izpolnjevati razpisne kriterije, na koncu pa o zmagovalcu vedno, povsem legalno, odloči politika, le da enkrat manj politično, drugič bolj, kar je odvisno od nabora interesentov. In zato je najzanesljivejša pot na direktorski prestol ta, na kateri najprej postaneš pomemben ud vplivne politične stranke, nakar v kupčevanju z glasovi in položaji poskrbiš zase, kar je tudi tvoj glavni politični program. V tem primeru lahko računaš celo na malce prirejene in po svoji, pogosto nezadostni, meri ukrojene pogoje in kriterije. A tudi nervozno možnost, da boš na isti način, kot si prilezel na stolček, z njega nekoč tudi odletel. Izbrana pot seveda še ne pogojuje kasnejšega dela in na koncu šteje le to, kako se znajdeš na spolzkem terenu, med številnimi interesi od spodaj in od zgoraj ter pod drobnogledom javnosti, ki ji služiš. Moledujoč za vse bolj skopo odmerjena sredstva, s katerimi je treba vsako leto narediti več, odgovoren za zavod in ljudi v njem in zavezan etičnim in strokovnim standardom, po možnosti čim višjim.
Takole torej naš direktor lebdi v svojih javnosektorskih vicah in se otepa očitkov o zaslužkarstvu. Saj ne, da bi se nam smilil, konec koncev si je takšno usodo izbral sam, a njegova vloga ne vzbuja niti omembe vredne zavisti niti posmeha, ki sta glavna motiva za nastanek vicev. Kar pa utegne, podobno kot že v politiki, kmalu urediti negativna selekcija. In ko bosta velika želja po lastni tajnici, fikusu in vsaj navidezni pomembnosti ter primerno strankarsko zaledje dokončno premagala sposobnost in prizadevnost, takrat bo gotovo spet zaokrožil kakšen direktorski vic. Ne nujno smešen.</article-text-transliterated></article><comments><comments-count>0</comments-count><comments-list /></comments></document>