<document global-id="si-04-141"><url>https://www.vecer.com//201510116148920-6148920</url><source-id>si-04</source-id><local-id>si-04-141</local-id><source-name>Večer</source-name><article><article-title>"Za v nedeljo ob župci" ni moja glasba</article-title><article-title-transliterated>"Za v nedeljo ob župci" ni moja glasba</article-title-transliterated><article_time>2015-10-11</article_time><article-author>Bojan Tomažič</article-author><article-text>P rav na današnji dan leta 1958 je začela oddajati Televizija Ljubljana, pove na začetku pogovora 66-letni Dragan Bulič, upokojeni glasbeni urednik z radijske nacionalke, ki vse, kar se mu zdi pomembnega, arhivira. S kulijem na papir. Zapisal je tudi, da je imel predprejšnji torek zadnjo oddajo Štos na drugem sporedu radia. Leta 1979 je začel z oddajo z imenom SOS v soboto, od 1990. je budil spomine v torkovih poznih urah. V oddaji Še v torek obujamo spomine (Štos) se je poslovil od poslušalcev Vala 202. Zadnji večer je, slučajno, ker med pripravami ni vedel, da bo prav to zadnja oddaja, vrtel balade, pesmi o ljubezni in slovesih.
"Do konca oktobra počivam, 3. novembra začnem na prvem programu," je izvedel kasneje. "Še tukaj obujamo spomine" se bo reklo njegovemu novemu Štosu na prvem programu. Tja bodo prenesli oddaje za starejše, Val 202 bo za mlajše. Počel naj bi tisto, kar najraje počne: vrtel zase in za mnoge druge najboljšo glasbo vseh časov in med pesmimi povedal, kdo od glasbenikov ima rojstni dan, katera pesem je bila "na današnji dan pred tridesetimi, štiridesetimi ali petdesetimi leti na lestvicah", se z glasbeniki pogovarjal v živo.
Vabijo ga v žirijo glasbenih festivalov, v medijih je tudi s komentarji o ženskah po ločitvi. Pedanten zapisovalec podatkov šteje dvajset minut (zaradi zastojev v prometu na avtocesti in zabasanih vpadnic v Ljubljano sem zamudil na pogovor) za razlog, da človeku pove tudi nekaj krepkih. Sam se po mestu vozi s kolegom, v avto samo prisede, ko je treba. K Omarju Naberju enkrat tudi ni, ker ga je ta pozabil v Mariboru. Sem gor k nam je na glasbeno prireditev prišel z majico z napisom Ljubljana, moje mesto. Ima 1300 vinilk in okoli 4000 cedejev. Svojčas je zaradi dveh Dragov na radiu ime spremenil v Dragan. Rodil se je v Ljubljani, v maminem trebuhu je živel tudi v Gornji Radgoni, kjer je bil oče nekaj časa zaposlen.
Elvisa sem zamudil
Samo v Četrtkovem večeru in pri vas je (bilo) mogoče slišati staro glasbo. Gre za spomine, a vseeno tudi mlajše generacije opozarjate na to, da je treba poznati korenine?
Korenine je res mogoče spoznavati, vendar se mi zdi, da je to oddaja za tiste, ki so to glasbo poslušali. Radio je postal medij nekoliko starejših ljudi. So mi pa tudi stari okrog trideset rekli, da so pri meni že kaj zanimivega slišali.
Ni torej več norega časa radia iz filma Woodyja Allena, ko so se ljudje uredili za poslušanje radia in plesali ob njem?
Glasbeni radio še vedno je, obstajajo rock and roll postaje, ponudba vseh zvrsti je, vendar mlajši vse pogosteje poslušajo pesmi prek youtuba, kjer je mogoče vse najti. Res je, da iskalci dobijo informacije o izvajalcu ali obdobju, ki ga iščejo, vendar drugačne kot pri meni. Jaz sem tisto obdobje živel. Sem iz beat generacije, iz generacije Beatlesov in Stonesov, Elvisa sem, za razliko od kolega Riharda Kisliha, zamudil. Vse tisto, o čemer govorim v oddaji, sem fizično doživel, bodisi preko radia, posnetkov, arhivov, časopisov, živih nastopov bodisi srečanj z glasbeniki. V tem sem v prednosti pred mlajšimi, ki vrtijo glasbo. Številni niti imen glasbenikov ne znajo izgovoriti, Bowiejev priimek praviloma napačno izgovorijo. Na eni od radijskih postaj sem slišal celo reči napovedovalca, da bo naslednjo pesem zapel Joni Mitchell, ki je seveda ženska.
Šlagerji da, hiphop ne
Vaš pop rock, kot rečete glasbi, ki vam je blizu, se je s pojavom novih zvrsti širil, kajne?
Jaz tej glasbi res rečem pop rock. Vrtim tudi evergreene in - kot je rekel Dragan Nikolić v filmu Ko to tamo pjeva - šlagerje. Sem zelo širok glede glasbenega diapazona.
Začetki v glasbi niso obetali takšne raznovrstnosti, kot danes obstaja. Elektronske glasbe je vse več.
Začel sem z Beatli in Rollingi in Jimi Hendrix je takrat prihajal, naših izvajalcev, razen Belih vran in Mladih levov, nismo resno jemali. Slovenska popevka je bilo za nas odkritje tople vode. Na Radiu Študent, kjer sem začel delati leta 1970, smo vrteli Franka Zappo, Yes in drugo glasbo, ki je v Sloveniji še ni bilo mogoče slišati. Na Radiu Ljubljana sem bil prisiljen, maja 1974 sem prišel tja v službo, ta diapazon širiti, in ko sem slišal Majdo Sepe, Marjano Držaj in te pevce, kako znajo peti, sem si rekel, to pa je res nekaj nobel. Preveriti je bilo treba, kdo so originalni izvajalci pesmi, ki so jih priredili Beatlesi in Rollingi, in tako sem prišel do Chucka Berryja, Boja Diddleyja in drugih. Potem je prišel jazz, ko se je naša družina preselila iz Šiške na Vič, smo na TV že ujeli Italijo, sanremski festival, stare rockerje, in to ti ostane. Potem je prišel country, tudi disco, edino, kar me ni prepričalo, in tega ne skrivam, je hiphop.
Kaj pa punk?
Sem ga prebolel, v začetku ne, vendar so nekatere pesmi ostale, elektronska muzika in tehno me tudi nista pritegnila. Se mi zdi, da je podcenjevalno, če rečeš, da je to glasba kot tista, ki jo glasbeniki zaigrajo s klasičnimi instrumenti. Tudi death metal me ni pritegnil, ne glede na to, koliko ostrine in naboja ima. Rad slišim, kaj pevec poje in kako. So pa ljudje različni, nikogar ne obsojam zaradi tega, kaj mu je všeč.
Oče policijski inšpektor
Ste kot mladenič želeli biti podobni Beatlesom ali Stonesom?
Stonesi so res bili rockersko bolj divji, vendar so prva moja ljubezen le bili The Beatles. V Šiški sem imel prijatelja, njegov oče je velikokrat hodil v tujino in prinašal plošče Beatlesov in Kingsov. Help smo vsi v naši ulici poslušali. Televizijo smo hodili gledat v Šercerjev dom v Spodnji Šiški, za Robina Hooda smo navijali pred ekranom. Nikoli se nisem oblačil kot John Lennon, Paul McCartney ali Mick Jagger, oče je bil policijski inšpektor in pri nas sta bila red in disciplina. V gimnaziji sem imel daljše lase in mi je rekel, da so mu kolegi v službi rekli, kakšen hodim naokrog, ni pa me nagnal k frizerju. Okrog 1978. leta sem imel že brado in s Kislihom sva izgledala kot Al Kaida.
Kdaj ste stopili v tesnejši stik s slovenskimi rock izvajalci?
Moj brat je bil basist v skupini s Pavletom Kavcem, ki je imel kasneje skupino Oko. Prvi so v Sloveniji igrali pesmi Hendrixa, Creamov in drugih. Pavle je te pesmi prišel poslušat k meni. Na plesu v hali Tivoli sem videl Mlade leve, Bele vrane, spomnim se tudi nastopa benda Out, v katerem je pel Čarli Arhar, igrali so tudi Baby Come Back od Equalsov. To je bilo vse, kar je bilo slovenskega v šestdesetih letih. Kasneje je bilo izvajalcev veliko, seveda tudi z Juga: Bele strele, Crni biseri, Elipse in še kateri, Drugi način iz Zagreba je igral super na plesih v študentskem naselju. Pa Grupa Had in Nirvana. In seveda Boom festival 1972. leta. Nastopali so tudi Alarm, Mladi levi in Tomaž Domicelj.
Posesivnost
je naporna
Je slovenski rock capljal za svetom? Glede na to, da smo bili v pendrek državi?
Imeli smo vse od rocka, jazza, jazz rocka, folka in nihče ni s pendrekom mlatil po glasbenikih. So pa policisti vse vedeli, mi smo se dobivali v Platani, v Šumiju in v Bakhus baru, oče mi je rekel, da naj se pogovarjamo o glasbi in dekletih. Če bo kdo prišel provocirat o politikih, komunistih ali vladi, naj se raje v jezik ugriznem. Ker ne boš verjel, kdo vse hodi špecat k nam na policijo zato, ker ga imamo v šahu. Bodisi je naredil kakšen prekršek bodisi je "topel", ima kak greh in s tem se rešuje. Med njimi so bili znani ljudje.
In ste se pogovarjali o ženskah. Kot nazadnje, ko ste na radiu Mihi Šaleharju razlagali o tem, kako grozne znajo biti?
To so bili drugačni časi in naše izkušnje tudi. Zdaj sem razlagal o ženskih izpadih ljubosumnosti. Ko sem se fotografiral s kolegico in imel roko na njenem trebuhu, je ljubosumnost pri meni doma izbila dno. Si mislite, žena ljubosumna na 66 let starega moža?! Ljubosumnost je kot bolezen, droga ali pijača. Ko taka ženska pritiska nate, tudi sam nisi več takšen, kot si v resnici. Poskušaš uganiti, kaj misli, kaj vse si je zapomnila in podobno, a te vedno ujame pri besedi, ki se ji zdi sumljiva. Seveda sem tudi kaj prikrojil, da bi bil mir v hiši, a je potem, ko sem se zagovoril, ustrelila iz vseh topov. Sem ji rekel, pojdi na policijo delat, če me tako zaslišuješ. Posesivnost je naporna. Zato sem se ločil in zdaj mirno in zadovoljno živim.
So ženske v rocku tudi naporne?
Sploh ne. Zmerom so bile izjemne glasbenice, posebno pevke. In tudi za pogledati kolikor toliko.
Kaj vse je svetu dala pop rock glasba, pop kultura, mladi ljudje so hoteli biti podobni izvajalcem in tudi seksualno in druge revolucije so spodbudili rockerji ...
Glasbeniki so bili zmerom idoli - če je on probal, zakaj ne bi še jaz?! Trava se je razširila, še posebno med velikimi festivali se je delalo tudi vse mogoče, tetovaže so naredili popularni rockerji, krojili frizure.
Tudi pri nas?
Seveda. Naši glasbeniki so vedno na visokem nivoju. Nekaj več kot dva milijona nas je, a smo fenomen, v glasbi, po številu glasbenikov in medijev, dosegamo izjemne športne uspehe. Se je ena od naših pevk pogovarjala z veliko svetovno zvezdo o svetovni karieri. Če si pripravljena dati vse od sebe in dati vsakemu sebe, bo mogoče kaj iz tega, ji je rekel. Mnoge in mnogi so tako uspeli. Glasbeni posel je krut.
Ne vem, kako uspeva Modrijanom
Siddharta je razprodala stadion, skupina Big Foot Mama je napolnila dvorano Stožice. Domača glasba je lahko spektakel. Kaj pravite na to?
Sem vesel, čestitam jim. Bil sem pri Big Foot Mami na obletnici v Bežigradu, na katero so pripeljali Slaka, rockerji pridejo in pojejo V dolini tihi. Kje so to slišali, ne gre mi skupaj. Za Modrijane govorijo, da so slovenski Beatlesi ali Rollingi. Ne vem. Če bi znal odgovoriti, zakaj so uspešni, bi bil predsednik države. V Laškem so na festivalu igrali Zadovoljni Kranjci, odlični glasbeniki, a velike dvorane gotovo ne bi mogli razprodati. Modrijani pa zaradi ene pesmi dvakrat v enem dnevu razprodajo dvorano v Celju. Res ne vem, kako je to mogoče.
Narodno-zabavne glasbe nimate najraje?
Srečal sem se s Slakom, poznam aktualne narodno-zabavne skupine in njihove člane, ampak moram reči, da to nikoli ni bila moja glasba, ampak taka za v nedeljo ob župci. Nikoli je nisem preveč resno jemal, a je prišla za mano, ko sem se preselili na prvi spored. Gledal sem tudi oddajo Borisa Kopitarja in veliko tega spoznal, žal mi je, da so jo ukinili, lani sem bil na Noči Modrijanov v Celju in videl, kako močan projekt je to. V Avsenikovem muzeju v Begunjah sem tudi videl, koliko tujcev si ga pride ogledat. Samo čudiš se in gledaš.
Ali ni tudi radio naredil to, čemur bi lahko rekli "harmonika killed the guitar star"? Kakšno glasbeno kuliso nam postavljajo slovenske radijske postaje?
Radio poslušam v avtomobilu ali v gostilnah in torej nisem reden poslušalec. Pri komercialnih postajah je poudarek na hrvaški glasbi, razni njihovi pevci in klape se menjavajo eden za drugim, Val 202 je bolj alter usmerjen, slovenskega sredinskega rocka ne vrti, zmagovalnih pesmi s festivalov tudi ni mogoče slišati, poudarek je na hiphopu, rapu. Komercialni s Hrvati iščejo koristi skupaj z lastniki trač revij.
Televizija je zdaj drugačna in revije, ki pišejo o njej, tudi. Nastopajo drugačne zvezde kot pred desetletji.
V kmetijah in barih nastopajo anonimneži, ljudje pa to gledajo in še berejo o njih. Ko je Nina Osenar rekla, da gleda mehiške nadaljevanke, ker v njih nastopajo postavni moški, sem si jih nekaj ogledal, a so grozne. Naša krajevna skupnost je bila veliko boljša. Ne dojemam in mi ne gre v glavo, kako lahko kdo to spremlja. A pri nas te nič ne sme presenetiti.</article-text><article-text-transliterated>P rav na današnji dan leta 1958 je začela oddajati Televizija Ljubljana, pove na začetku pogovora 66-letni Dragan Bulič, upokojeni glasbeni urednik z radijske nacionalke, ki vse, kar se mu zdi pomembnega, arhivira. S kulijem na papir. Zapisal je tudi, da je imel predprejšnji torek zadnjo oddajo Štos na drugem sporedu radia. Leta 1979 je začel z oddajo z imenom SOS v soboto, od 1990. je budil spomine v torkovih poznih urah. V oddaji Še v torek obujamo spomine (Štos) se je poslovil od poslušalcev Vala 202. Zadnji večer je, slučajno, ker med pripravami ni vedel, da bo prav to zadnja oddaja, vrtel balade, pesmi o ljubezni in slovesih.
"Do konca oktobra počivam, 3. novembra začnem na prvem programu," je izvedel kasneje. "Še tukaj obujamo spomine" se bo reklo njegovemu novemu Štosu na prvem programu. Tja bodo prenesli oddaje za starejše, Val 202 bo za mlajše. Počel naj bi tisto, kar najraje počne: vrtel zase in za mnoge druge najboljšo glasbo vseh časov in med pesmimi povedal, kdo od glasbenikov ima rojstni dan, katera pesem je bila "na današnji dan pred tridesetimi, štiridesetimi ali petdesetimi leti na lestvicah", se z glasbeniki pogovarjal v živo.
Vabijo ga v žirijo glasbenih festivalov, v medijih je tudi s komentarji o ženskah po ločitvi. Pedanten zapisovalec podatkov šteje dvajset minut (zaradi zastojev v prometu na avtocesti in zabasanih vpadnic v Ljubljano sem zamudil na pogovor) za razlog, da človeku pove tudi nekaj krepkih. Sam se po mestu vozi s kolegom, v avto samo prisede, ko je treba. K Omarju Naberju enkrat tudi ni, ker ga je ta pozabil v Mariboru. Sem gor k nam je na glasbeno prireditev prišel z majico z napisom Ljubljana, moje mesto. Ima 1300 vinilk in okoli 4000 cedejev. Svojčas je zaradi dveh Dragov na radiu ime spremenil v Dragan. Rodil se je v Ljubljani, v maminem trebuhu je živel tudi v Gornji Radgoni, kjer je bil oče nekaj časa zaposlen.
Elvisa sem zamudil
Samo v Četrtkovem večeru in pri vas je (bilo) mogoče slišati staro glasbo. Gre za spomine, a vseeno tudi mlajše generacije opozarjate na to, da je treba poznati korenine?
Korenine je res mogoče spoznavati, vendar se mi zdi, da je to oddaja za tiste, ki so to glasbo poslušali. Radio je postal medij nekoliko starejših ljudi. So mi pa tudi stari okrog trideset rekli, da so pri meni že kaj zanimivega slišali.
Ni torej več norega časa radia iz filma Woodyja Allena, ko so se ljudje uredili za poslušanje radia in plesali ob njem?
Glasbeni radio še vedno je, obstajajo rock and roll postaje, ponudba vseh zvrsti je, vendar mlajši vse pogosteje poslušajo pesmi prek youtuba, kjer je mogoče vse najti. Res je, da iskalci dobijo informacije o izvajalcu ali obdobju, ki ga iščejo, vendar drugačne kot pri meni. Jaz sem tisto obdobje živel. Sem iz beat generacije, iz generacije Beatlesov in Stonesov, Elvisa sem, za razliko od kolega Riharda Kisliha, zamudil. Vse tisto, o čemer govorim v oddaji, sem fizično doživel, bodisi preko radia, posnetkov, arhivov, časopisov, živih nastopov bodisi srečanj z glasbeniki. V tem sem v prednosti pred mlajšimi, ki vrtijo glasbo. Številni niti imen glasbenikov ne znajo izgovoriti, Bowiejev priimek praviloma napačno izgovorijo. Na eni od radijskih postaj sem slišal celo reči napovedovalca, da bo naslednjo pesem zapel Joni Mitchell, ki je seveda ženska.
Šlagerji da, hiphop ne
Vaš pop rock, kot rečete glasbi, ki vam je blizu, se je s pojavom novih zvrsti širil, kajne?
Jaz tej glasbi res rečem pop rock. Vrtim tudi evergreene in - kot je rekel Dragan Nikolić v filmu Ko to tamo pjeva - šlagerje. Sem zelo širok glede glasbenega diapazona.
Začetki v glasbi niso obetali takšne raznovrstnosti, kot danes obstaja. Elektronske glasbe je vse več.
Začel sem z Beatli in Rollingi in Jimi Hendrix je takrat prihajal, naših izvajalcev, razen Belih vran in Mladih levov, nismo resno jemali. Slovenska popevka je bilo za nas odkritje tople vode. Na Radiu Študent, kjer sem začel delati leta 1970, smo vrteli Franka Zappo, Yes in drugo glasbo, ki je v Sloveniji še ni bilo mogoče slišati. Na Radiu Ljubljana sem bil prisiljen, maja 1974 sem prišel tja v službo, ta diapazon širiti, in ko sem slišal Majdo Sepe, Marjano Držaj in te pevce, kako znajo peti, sem si rekel, to pa je res nekaj nobel. Preveriti je bilo treba, kdo so originalni izvajalci pesmi, ki so jih priredili Beatlesi in Rollingi, in tako sem prišel do Chucka Berryja, Boja Diddleyja in drugih. Potem je prišel jazz, ko se je naša družina preselila iz Šiške na Vič, smo na TV že ujeli Italijo, sanremski festival, stare rockerje, in to ti ostane. Potem je prišel country, tudi disco, edino, kar me ni prepričalo, in tega ne skrivam, je hiphop.
Kaj pa punk?
Sem ga prebolel, v začetku ne, vendar so nekatere pesmi ostale, elektronska muzika in tehno me tudi nista pritegnila. Se mi zdi, da je podcenjevalno, če rečeš, da je to glasba kot tista, ki jo glasbeniki zaigrajo s klasičnimi instrumenti. Tudi death metal me ni pritegnil, ne glede na to, koliko ostrine in naboja ima. Rad slišim, kaj pevec poje in kako. So pa ljudje različni, nikogar ne obsojam zaradi tega, kaj mu je všeč.
Oče policijski inšpektor
Ste kot mladenič želeli biti podobni Beatlesom ali Stonesom?
Stonesi so res bili rockersko bolj divji, vendar so prva moja ljubezen le bili The Beatles. V Šiški sem imel prijatelja, njegov oče je velikokrat hodil v tujino in prinašal plošče Beatlesov in Kingsov. Help smo vsi v naši ulici poslušali. Televizijo smo hodili gledat v Šercerjev dom v Spodnji Šiški, za Robina Hooda smo navijali pred ekranom. Nikoli se nisem oblačil kot John Lennon, Paul McCartney ali Mick Jagger, oče je bil policijski inšpektor in pri nas sta bila red in disciplina. V gimnaziji sem imel daljše lase in mi je rekel, da so mu kolegi v službi rekli, kakšen hodim naokrog, ni pa me nagnal k frizerju. Okrog 1978. leta sem imel že brado in s Kislihom sva izgledala kot Al Kaida.
Kdaj ste stopili v tesnejši stik s slovenskimi rock izvajalci?
Moj brat je bil basist v skupini s Pavletom Kavcem, ki je imel kasneje skupino Oko. Prvi so v Sloveniji igrali pesmi Hendrixa, Creamov in drugih. Pavle je te pesmi prišel poslušat k meni. Na plesu v hali Tivoli sem videl Mlade leve, Bele vrane, spomnim se tudi nastopa benda Out, v katerem je pel Čarli Arhar, igrali so tudi Baby Come Back od Equalsov. To je bilo vse, kar je bilo slovenskega v šestdesetih letih. Kasneje je bilo izvajalcev veliko, seveda tudi z Juga: Bele strele, Crni biseri, Elipse in še kateri, Drugi način iz Zagreba je igral super na plesih v študentskem naselju. Pa Grupa Had in Nirvana. In seveda Boom festival 1972. leta. Nastopali so tudi Alarm, Mladi levi in Tomaž Domicelj.
Posesivnost
je naporna
Je slovenski rock capljal za svetom? Glede na to, da smo bili v pendrek državi?
Imeli smo vse od rocka, jazza, jazz rocka, folka in nihče ni s pendrekom mlatil po glasbenikih. So pa policisti vse vedeli, mi smo se dobivali v Platani, v Šumiju in v Bakhus baru, oče mi je rekel, da naj se pogovarjamo o glasbi in dekletih. Če bo kdo prišel provocirat o politikih, komunistih ali vladi, naj se raje v jezik ugriznem. Ker ne boš verjel, kdo vse hodi špecat k nam na policijo zato, ker ga imamo v šahu. Bodisi je naredil kakšen prekršek bodisi je "topel", ima kak greh in s tem se rešuje. Med njimi so bili znani ljudje.
In ste se pogovarjali o ženskah. Kot nazadnje, ko ste na radiu Mihi Šaleharju razlagali o tem, kako grozne znajo biti?
To so bili drugačni časi in naše izkušnje tudi. Zdaj sem razlagal o ženskih izpadih ljubosumnosti. Ko sem se fotografiral s kolegico in imel roko na njenem trebuhu, je ljubosumnost pri meni doma izbila dno. Si mislite, žena ljubosumna na 66 let starega moža?! Ljubosumnost je kot bolezen, droga ali pijača. Ko taka ženska pritiska nate, tudi sam nisi več takšen, kot si v resnici. Poskušaš uganiti, kaj misli, kaj vse si je zapomnila in podobno, a te vedno ujame pri besedi, ki se ji zdi sumljiva. Seveda sem tudi kaj prikrojil, da bi bil mir v hiši, a je potem, ko sem se zagovoril, ustrelila iz vseh topov. Sem ji rekel, pojdi na policijo delat, če me tako zaslišuješ. Posesivnost je naporna. Zato sem se ločil in zdaj mirno in zadovoljno živim.
So ženske v rocku tudi naporne?
Sploh ne. Zmerom so bile izjemne glasbenice, posebno pevke. In tudi za pogledati kolikor toliko.
Kaj vse je svetu dala pop rock glasba, pop kultura, mladi ljudje so hoteli biti podobni izvajalcem in tudi seksualno in druge revolucije so spodbudili rockerji ...
Glasbeniki so bili zmerom idoli - če je on probal, zakaj ne bi še jaz?! Trava se je razširila, še posebno med velikimi festivali se je delalo tudi vse mogoče, tetovaže so naredili popularni rockerji, krojili frizure.
Tudi pri nas?
Seveda. Naši glasbeniki so vedno na visokem nivoju. Nekaj več kot dva milijona nas je, a smo fenomen, v glasbi, po številu glasbenikov in medijev, dosegamo izjemne športne uspehe. Se je ena od naših pevk pogovarjala z veliko svetovno zvezdo o svetovni karieri. Če si pripravljena dati vse od sebe in dati vsakemu sebe, bo mogoče kaj iz tega, ji je rekel. Mnoge in mnogi so tako uspeli. Glasbeni posel je krut.
Ne vem, kako uspeva Modrijanom
Siddharta je razprodala stadion, skupina Big Foot Mama je napolnila dvorano Stožice. Domača glasba je lahko spektakel. Kaj pravite na to?
Sem vesel, čestitam jim. Bil sem pri Big Foot Mami na obletnici v Bežigradu, na katero so pripeljali Slaka, rockerji pridejo in pojejo V dolini tihi. Kje so to slišali, ne gre mi skupaj. Za Modrijane govorijo, da so slovenski Beatlesi ali Rollingi. Ne vem. Če bi znal odgovoriti, zakaj so uspešni, bi bil predsednik države. V Laškem so na festivalu igrali Zadovoljni Kranjci, odlični glasbeniki, a velike dvorane gotovo ne bi mogli razprodati. Modrijani pa zaradi ene pesmi dvakrat v enem dnevu razprodajo dvorano v Celju. Res ne vem, kako je to mogoče.
Narodno-zabavne glasbe nimate najraje?
Srečal sem se s Slakom, poznam aktualne narodno-zabavne skupine in njihove člane, ampak moram reči, da to nikoli ni bila moja glasba, ampak taka za v nedeljo ob župci. Nikoli je nisem preveč resno jemal, a je prišla za mano, ko sem se preselili na prvi spored. Gledal sem tudi oddajo Borisa Kopitarja in veliko tega spoznal, žal mi je, da so jo ukinili, lani sem bil na Noči Modrijanov v Celju in videl, kako močan projekt je to. V Avsenikovem muzeju v Begunjah sem tudi videl, koliko tujcev si ga pride ogledat. Samo čudiš se in gledaš.
Ali ni tudi radio naredil to, čemur bi lahko rekli "harmonika killed the guitar star"? Kakšno glasbeno kuliso nam postavljajo slovenske radijske postaje?
Radio poslušam v avtomobilu ali v gostilnah in torej nisem reden poslušalec. Pri komercialnih postajah je poudarek na hrvaški glasbi, razni njihovi pevci in klape se menjavajo eden za drugim, Val 202 je bolj alter usmerjen, slovenskega sredinskega rocka ne vrti, zmagovalnih pesmi s festivalov tudi ni mogoče slišati, poudarek je na hiphopu, rapu. Komercialni s Hrvati iščejo koristi skupaj z lastniki trač revij.
Televizija je zdaj drugačna in revije, ki pišejo o njej, tudi. Nastopajo drugačne zvezde kot pred desetletji.
V kmetijah in barih nastopajo anonimneži, ljudje pa to gledajo in še berejo o njih. Ko je Nina Osenar rekla, da gleda mehiške nadaljevanke, ker v njih nastopajo postavni moški, sem si jih nekaj ogledal, a so grozne. Naša krajevna skupnost je bila veliko boljša. Ne dojemam in mi ne gre v glavo, kako lahko kdo to spremlja. A pri nas te nič ne sme presenetiti.</article-text-transliterated></article><comments><comments-count>0</comments-count><comments-list /></comments></document>