<document global-id="si-04-140"><url>https://www.vecer.com//za-madrid-je-katalonija-problem-hocejo-jo-premagati-6374362</url><source-id>si-04</source-id><local-id>si-04-140</local-id><source-name>Večer</source-name><article><article-title>"Za Madrid je Katalonija problem, hočejo jo premagati"</article-title><article-title-transliterated>"Za Madrid je Katalonija problem, hočejo jo premagati"</article-title-transliterated><article_time>2017-12-28</article_time><article-author>Bojan Brezigar</article-author><article-text>Martxelo Otamendi je bil odgovorni urednik Egunkarie, edinega dnevnika v baskovskem jeziku, ki je bil ustanovljen leta 1990. Leta 2003 ga je zaprla Audiencia nacional, posebno špansko sodišče, ki se je ukvarjalo s terorizmom, organiziranim kriminalom, mafijo in podobnimi vprašanji. Pod obtožbo, da je baskovska teroristična organizacija Eta sofinancirala časopis, so aretirali vodstvo časopisa, tudi Otamendija, mučili so jih v zaporu, kar je leta kasneje z razsodbo potrdilo evropsko sodišče za človekove pravice, na koncu pa so vse oprostili. Država je zaplenila prostore časopisa, Egunkario pa so ukinili. Trije od šestih aretiranih, med njimi Otamendi, so kasneje zboleli za rakom in eden je celo umrl. Otamendi razlaga, da obstaja nova medicinska veda, psihoonkologija, ki povezuje psihološke obremenitve posameznika z obolelostjo za rakom. Ne trdi, da je njegova obolelost povezana z aretacijo in mučenjem, vendar tovrstne raziskave v medicini obstajajo.
Zaposleni pri Egunkarii so ustanovili nov časopis, Egunero, skromen listič, 16 strani dnevno, ki je zapolnil vrzel, kasneje so Baski ustanovili dnevnik Berria, ki ga zdaj vodi Otamendi, pomembna osebnost baskovske skupnosti v španski državi. Tokratni pogovor z njim pa ni zadeval Baskov, ampak vprašanje osamosvojitvenih dogajanj v Kataloniji z baskovskega zornega kota.


Španija je razlagala EU, da je to razbitje Evrope, da bodo sledili Baski, Flamci, na prepihu pa sta Italija, Francija in še kdo.



"Najprej moram povedati, da je identiteta za Katalonijo zelo pomembna. Že v 19. stoletju, okoli leta 1860, so Katalonci izdajali časopise in revije v svojem jeziku. Veliko dokumentov je obstajalo v katalonščini prej kot v španščini. Če greste v muzej nogometnega kluba Barcelona, boste videli pogodbe z nogometaši iz začetka 20. stoletja v katalonščini, revijo o nogometu so v katalonščini izdajali okoli leta 1925. Tudi zapisniki nogometnih sodnikov iz tistega časa so v katalonščini. Govorimo torej o naciji, ki ima velik čut za svojo identiteto, za svoj jezik. Je pa res, da v času Francove diktature Katalonci niso imeli političnega občutka; skratka, ni bilo močnega gibanja za neodvisnost. Sicer pa sta morala dva predsednika Katalonije, Francesc Macià in Lluis Companys, v izgnanstvo, ker sta razglasila republiko. Macià v Bruselj in nato v Latinsko Ameriko, Companys pa v Francijo, kjer so ga nacisti aretirali in izročili Francu, slednji pa ga je dal usmrtiti."
Kako je bilo z državljansko vojno? Je bila to vojna Francovih pristašev proti Kataloncem ali je bila to bolj vojna med samimi Katalonci, komunisti in anarhisti?
"Leta 1934 so v Kataloniji izbruhnili neredi, delavstvo se je uprlo, anarhisti so bili zelo številni, tudi veliko italijanskih anarhistov je prišlo v Katalonijo, bilo je veliko spopadov na levici, res pa je tudi, da se je del buržoazije opredelil za Španijo, torej v tistem času tudi za Franca. Ni pa nobenega dvoma o tem, da je Franco preganjal katalonščino. V Donostii, San Sebastianu, v baskovski deželi, imamo dokument, ki izkazuje, da so nekomu naložili globo, ker se je po telefonu pogovarjal v katalonščini. Po telefonu! V baskovski deželi, ne v Kataloniji. Taka je bila represija. Šele v šestdesetih letih prejšnjega stoletja je začela represija popuščati, ljudje so se pogovarjali v katalonščini, vendar je bil jezik prepovedan. Vse pobude so bile zgolj zasebne, oblasti so jih samo tolerirale. Po padcu diktature pa so Katalonci lahko razvijali svoj jezik in svojo kulturo, dolga leta je bilo gibanje za neodvisnost zelo šibko, Katalonci so bili v glavnem federalisti, želeli so samo večjo avtonomijo, podobno avtonomiji, ki jo uživajo Baski."







Albert Gea Katalonci bodo očitno še dolgo čakali na neodvisnost.



Baski in avtonomija</article-text><article-text-transliterated>Martxelo Otamendi je bil odgovorni urednik Egunkarie, edinega dnevnika v baskovskem jeziku, ki je bil ustanovljen leta 1990. Leta 2003 ga je zaprla Audiencia nacional, posebno špansko sodišče, ki se je ukvarjalo s terorizmom, organiziranim kriminalom, mafijo in podobnimi vprašanji. Pod obtožbo, da je baskovska teroristična organizacija Eta sofinancirala časopis, so aretirali vodstvo časopisa, tudi Otamendija, mučili so jih v zaporu, kar je leta kasneje z razsodbo potrdilo evropsko sodišče za človekove pravice, na koncu pa so vse oprostili. Država je zaplenila prostore časopisa, Egunkario pa so ukinili. Trije od šestih aretiranih, med njimi Otamendi, so kasneje zboleli za rakom in eden je celo umrl. Otamendi razlaga, da obstaja nova medicinska veda, psihoonkologija, ki povezuje psihološke obremenitve posameznika z obolelostjo za rakom. Ne trdi, da je njegova obolelost povezana z aretacijo in mučenjem, vendar tovrstne raziskave v medicini obstajajo.
Zaposleni pri Egunkarii so ustanovili nov časopis, Egunero, skromen listič, 16 strani dnevno, ki je zapolnil vrzel, kasneje so Baski ustanovili dnevnik Berria, ki ga zdaj vodi Otamendi, pomembna osebnost baskovske skupnosti v španski državi. Tokratni pogovor z njim pa ni zadeval Baskov, ampak vprašanje osamosvojitvenih dogajanj v Kataloniji z baskovskega zornega kota.


Španija je razlagala EU, da je to razbitje Evrope, da bodo sledili Baski, Flamci, na prepihu pa sta Italija, Francija in še kdo.



"Najprej moram povedati, da je identiteta za Katalonijo zelo pomembna. Že v 19. stoletju, okoli leta 1860, so Katalonci izdajali časopise in revije v svojem jeziku. Veliko dokumentov je obstajalo v katalonščini prej kot v španščini. Če greste v muzej nogometnega kluba Barcelona, boste videli pogodbe z nogometaši iz začetka 20. stoletja v katalonščini, revijo o nogometu so v katalonščini izdajali okoli leta 1925. Tudi zapisniki nogometnih sodnikov iz tistega časa so v katalonščini. Govorimo torej o naciji, ki ima velik čut za svojo identiteto, za svoj jezik. Je pa res, da v času Francove diktature Katalonci niso imeli političnega občutka; skratka, ni bilo močnega gibanja za neodvisnost. Sicer pa sta morala dva predsednika Katalonije, Francesc Macià in Lluis Companys, v izgnanstvo, ker sta razglasila republiko. Macià v Bruselj in nato v Latinsko Ameriko, Companys pa v Francijo, kjer so ga nacisti aretirali in izročili Francu, slednji pa ga je dal usmrtiti."
Kako je bilo z državljansko vojno? Je bila to vojna Francovih pristašev proti Kataloncem ali je bila to bolj vojna med samimi Katalonci, komunisti in anarhisti?
"Leta 1934 so v Kataloniji izbruhnili neredi, delavstvo se je uprlo, anarhisti so bili zelo številni, tudi veliko italijanskih anarhistov je prišlo v Katalonijo, bilo je veliko spopadov na levici, res pa je tudi, da se je del buržoazije opredelil za Španijo, torej v tistem času tudi za Franca. Ni pa nobenega dvoma o tem, da je Franco preganjal katalonščino. V Donostii, San Sebastianu, v baskovski deželi, imamo dokument, ki izkazuje, da so nekomu naložili globo, ker se je po telefonu pogovarjal v katalonščini. Po telefonu! V baskovski deželi, ne v Kataloniji. Taka je bila represija. Šele v šestdesetih letih prejšnjega stoletja je začela represija popuščati, ljudje so se pogovarjali v katalonščini, vendar je bil jezik prepovedan. Vse pobude so bile zgolj zasebne, oblasti so jih samo tolerirale. Po padcu diktature pa so Katalonci lahko razvijali svoj jezik in svojo kulturo, dolga leta je bilo gibanje za neodvisnost zelo šibko, Katalonci so bili v glavnem federalisti, želeli so samo večjo avtonomijo, podobno avtonomiji, ki jo uživajo Baski."







Albert Gea Katalonci bodo očitno še dolgo čakali na neodvisnost.



Baski in avtonomija</article-text-transliterated></article><comments><comments-count>0</comments-count><comments-list /></comments></document>