<document global-id="si-04-1063"><url>https://www.vecer.com//clugov-pozdrav-iz-bolsoja-v-maribor-10011027</url><source-id>si-04</source-id><local-id>si-04-1063</local-id><source-name>Večer</source-name><article><article-title>Clugov pozdrav iz Bolšoja v Maribor</article-title><article-title-transliterated>Clugov pozdrav iz Bolšoja v Maribor</article-title-transliterated><article_time>2019-05-19</article_time><article-author>pv</article-author><article-text>Kljub minornemu, tako rekoč samo internemu obveščanju o neposrednem prenosu baleta Petruška iz moskovskega gledališča Boljšoj, ki ga je na glasbo Stravinskega koreografiral in režiral Edward Clug, je mariborska publika danes zgledno zapolnila dvorano v Cineplexxu.







Gledališče Bolšoj Scenografija je delo Marka Japlja.



Predstave uvede moderatorka in pred Petruško se je v živo pogovarjala tudi z Edwardom Clugom. Publika, ki se je ob prihodu v kino še malce ozirala, ali bo videla tudi koreografa - videli pa smo scenografa moskovske predstave Marka Japlja - je dobila pravzaprav še več: pozdrav Cluga svojemu zvestemu občinstvu v slovenščini, ki so ga prenašali v šestdesetih državah po svetu. Ob izvrstnem baletu (odlična je bila tudi kombinacija z bolj klasičnim baletom Carmen) je bilo zadovoljstvo tako popolno.</article-text><article-text-transliterated>Kljub minornemu, tako rekoč samo internemu obveščanju o neposrednem prenosu baleta Petruška iz moskovskega gledališča Boljšoj, ki ga je na glasbo Stravinskega koreografiral in režiral Edward Clug, je mariborska publika danes zgledno zapolnila dvorano v Cineplexxu.







Gledališče Bolšoj Scenografija je delo Marka Japlja.



Predstave uvede moderatorka in pred Petruško se je v živo pogovarjala tudi z Edwardom Clugom. Publika, ki se je ob prihodu v kino še malce ozirala, ali bo videla tudi koreografa - videli pa smo scenografa moskovske predstave Marka Japlja - je dobila pravzaprav še več: pozdrav Cluga svojemu zvestemu občinstvu v slovenščini, ki so ga prenašali v šestdesetih državah po svetu. Ob izvrstnem baletu (odlična je bila tudi kombinacija z bolj klasičnim baletom Carmen) je bilo zadovoljstvo tako popolno.</article-text-transliterated></article><comments><comments-count>0</comments-count><comments-list /></comments></document>