<?xml version="1.0" encoding="utf-8"?>
<document global-id="si-04-1442">
	<url>https://www.vecer.com//dzingiskan-v-prleskih-goricah-6223597</url>
	<source-id>si-04</source-id>
	<local-id>1442</local-id>
	<source-name>Večer</source-name>
	<article>
		<article-title>Džingiskan v prleških goricah</article-title>
		<article-title-transliterated>Džingiskan v prleških goricah</article-title-transliterated>
		<article-time>2016-05-21</article-time>
		<article-author>Darka Zvonar Predan</article-author>
		<article-text>Težko je re?i, kaj je bolj zanimivo, njena poklicna kariera ali družinska zgodovina. Celjanka Vanja Samec, inženirka gradbeništva in geodezije z magisterijem, je ženska, nežna, topla, zgovorna, ki je uspela v izrazito moškem poklicu. Je strokovnjakinja za dolge mostove v svetovnem merilu in pravnukinja ljutomerskega predvojnega veljaka Josipa Murse, o ?igar življenju, delu in prednikih je pred nedavnim izšla privla?na monografija z naslovom Mursa, nepozabni napredni Slovenec. &quot;Prlekija ima mnogo velikanov – žal je ve?ina ostala v temi socialisti?nega režima,&quot; je zapisano v uvodu knjige, ki jo je s pomo?jo mladega zgodovinarja Rada Podgorelca in navdušenega lokalnega raziskovalca rodbine Mursa Denisa Raja izdala Vanja Samec, oblikovanje je prevzel Studio Marinšek, uredil pa jo je Drago Medved. Delovne dneve preživlja Vanja Samec bodisi v avstrijskem Gradcu, na vodilnem sedežu avstrijskega podjetja v lasti ameriške multinacionalke Bentley, bodisi na razli?nih koncih sveta, kamor jo vodijo njene službene poti, proste konce tedna pa v rodnem Celju, na rajski Sam?evini, ki se ji pozna, da je obnovo vodila roka izkušenega arhitekta, Vanjinega pokojnega o?eta Dušana Samca, danes pa bdi nad doma?ijo Vanjina mama, znana koncertna pevka Marija Bitenc. Arhitektka, tik pred diplomo v Gradcu, je tudi Vanjina h?i Maša. Obe, mati in h?i, se zdaj lotevata, seveda s pomo?jo strokovnjakov, še vinogradništva, v Prlekiji bosta obnovili z denacionalizacijo vrnjeni del?ek pradedove Mursovine. &quot;Zanimivo je,&quot; se posmeje, &quot;da se pri 55 letih podajam na pot vinogradništva, ki ga nikoli nisem študirala, praded Josip, šolani vinogradnik, pa je, ?eprav ni študiral gradbeništva, imel prvi v tedanji Jugoslaviji tovarno cementnih izdelkov in mozai?nih ploš?ic. In v Gradcu, samo ulico stran od našega stanovanja, je imel restavracijo. Kako je vse prepleteno, kot da bi nekdo pisal scenarij, v katerem se vse ujema.&quot; Kdaj ste prvi? stopil na prleško Mursovino? &quot;Na Mursovini, pri teti Marti v Globoki, sem bila s starši že kot triletna deklica. Seveda tudi kasneje. A posebno mesto v spominu zavzema moja petdesetletnica, ki sem si jo zaželela praznovati med vinskimi trtami, v Dvorcu Jeruzalem. Ko sem se tamkajšnjemu vodji prodaje Tihomirju Babi?u s Cvena predstavila kot pravnukinja Josipa Murse, sprva ni mogel do sape od za?udenja, da sploh še obstajajo sorodniki znanega rojaka. Napotil me je k ljudem, ki bi o mojem pradedu utegnili vedeti kaj ve?, in tako je nastala najprej Podgorel?eva diplomska naloga, nato knjiga.&quot; Bi lahko rekli, da se je ob njenem izidu pokazalo, da je zgodovinski spomin ljudi vendarle trdnejši od prizadevanja povojnih oblasti za izbris rodu Mursa?  &quot;Res si nisem mislila, da bo zanimanje ljudi tolikšno. Dvorana je bila nabito polna in zdaj želijo, da bi predstavitev knjige še ponovili v zadružnem domu na Cvenu. Ljudje so ponosni na svojega sokrajana, samo spomniti jih je bilo treba nanj. Moj praded je bil po drugi svetovni vojni dejansko pozabljena oseba, kot še marsikdo v tistem ?asu. Povojni komunisti?ni sistem je izbrisal vse tiste, ki so kaj imeli, ?etudi so imetje pridobili z lastnim delom, si ga skozi stoletja predajali iz ene v drugo generacijo in zanj skrbeli. ?e se v Sloveniji oziroma takratni Jugoslaviji po drugi svetovni vojni ne bi zgodila nacionalizacija, bi bili Slovenci danes kdove kje. Vsekakor veliko dlje, kot smo.&quot; Ne knjige ne oživljenih Mursovih vinogradov najbrž ne bi bilo brez negovanja družinskega spomina na imenitnega, izjemno naprednega prednika? &quot;Res je. Odraš?ala sem v družini, v kateri so bili družinske vezi in tradicija, spoštovanje prednikov in njihovega truda velikega pomena. Po osamosvojitvi Slovenije oziroma sprejetju zakona o denacionalizaciji pa sem spremljala o?etov neizmerni trud za vrnitev Mursovine. &quot; Vaš o?e, sin prezgodaj umrle Josipove h?erke Cilke, je bil na svojega prleškega deda menda zelo navezan. Najbrž vam je veliko pripovedoval o njem? &quot;Seveda. Vedela sem za njegove obsežne vinograde, tudi za tovarno cementnih izdelkov pa za belega konja Cigota, ki je bil izjemno bister in je pradedka celo sam prišel iskat v gorice. Ampak ko sem se za potrebe knjige zakopala v stare ?asopise, dostopne v Digitalni knjižnici, sem zbrala ogromno novih informacij in moj pogled na pradedka je dobil nove razsežnosti. Tedanji ?asopisi so, recimo, pisali zelo podrobno o volitvah in v teh ?lankih je velikokrat omenjeno Mursovo ime. Leta 1907 so potekale državnozborske volitve in kandidat Narodne napredne stranke je bil ravno Josip Mursa. Našla sem preko 400 ?lankov, ki omenjajo Murso in podrobno opisujejo njegovo delovanje v letih od 1881 do 1939. Pradedek je bil zelo natan?en, skrben ?lovek, izjemen gospodarstvenik. Pisma je pisal v dvojniku, ohranjena je njegova Knjiga pisem med letoma 1895 in 1899. V teh pismih je pisal slovensko, pa tudi nemško, v tedanji pisavi kurati, kar je precej težko razvozlati. Izjemen vir informacij. Mnogo pa je seveda izgubljenega. Praded je bil liberalec, ne takšen kot danes prebarvani komunisti, ampak pravi, napreden, sokol, ki je stremel k napredku za slovenski narod, domoljub, ki je veliko potoval in prinašal iz tujine dobre stvari, da bi jih cepil na doma?e okolje. &quot; Podjetni so bili že njegovi predniki? &quot;Drži, imel je tudi dobro gensko zasnovo. Rodovnik sega tja v leto 1613, ko zasledimo prednika v gorniškem registru križniške komende Velika Nedelja. Njegovi predniki so bili župani, trgovci, u?itelji, kmetovalci, gorniki - vinogradniki … On sam je v Mariboru kon?al Deželno sadjarsko in vinarsko šolo, ki je bila zelo dobra.&quot; In Maribor takrat svetovljanski? &quot;Tako je. V Mariboru se je prebudilo pradedkovo svetovljanstvo, ki ga je nosil v sebi. Ni bil samo vinogradnik in sadjar, ampak tudi konjerejec, za?etnik kasaštva v Ljutomeru, predsednik Dirkalnega društva med letoma 1898 in 1915. Ravno on je s svojim predsedovanjem poživil konjeništvo na Cvenu. Zanimivo je, da je bilo društvo takrat drugo po velikosti v takratni avstro-ogrski monarhiji. Pod Mursovim vplivom je nastala osrednja kmetijska zadruga z mlekarno, trsnico, drevesnico in bikorejo. Imel je ve? kot 150 hektarjev zemlje, na izredno rodovitni cvenski zemlji je gojil šparglje že davnega leta 1906 in jih izvažal v Avstrijo, obenem pa je imel še industrijo cementnih izdelkov ter prvo tovarno mozai?nih ploš?ic v jugoslovanskem prostoru. Križniški prior, gospod Janko Štampar iz Velike Nedelje, mi je pokazal arhivsko knjigo, v kateri je zapisano Mursovo delo v njihovi cerkvi – še danes obstojno in lepo ohranjeno –, pravi, da je to prva cerkev, ki jo je leta 1892 potlakoval mladi posestnik Josip Mursa iz Spodnjega Krapja, ker je v cerkvi ‘vuk lesene klopi najedel‘. V njem je bila o?itno želja po ustvarjanju v gradbeništvu, napredno cementno tehnologijo iz Avstrije je izboljšal in celo zaš?itil za vodo nepropustni cementni strešnik z dvojno zarezo na Patentnem uradu na Dunaju – davnega leta 1895. Iz bližine Salzburga, kjer še zdaj obstaja staro družinsko podjetje, s katerim je sodeloval, je uvažal cement in dodatke in s svojimi cementnimi izdelki obredel kraje vse do Sarajeva, do koder je segala avstro-ogrska monarhija. Leta 1895 je že razstavljal ?udovite cementne mozai?ne ploš?ice na razstavi na Ptuju, kjer je bil tudi nagrajen. &gt;&gt; Te so uporabljali po cerkvah in premožnejših hišah, vilah, v termalnih kopališ?ih; tudi stopniš?e v rojstni hiši znamenitega ljutomerskega filmarja dr. Karola Grossmanna, s katerim sta bila vrstnika, je tlakovano z njimi. In še marsikatera stara hiša, katere stanovalci v?asih niti ne vedo, kaj imajo, ko so ploš?ice o?iš?ene in zablestijo v vsej svoj lepoti, pa jim zasijejo o?i.&quot; Gradbeništvo je Mursovim o?itno v krvi? &quot;Ja, tudi Josipov sin je kon?al gradbeno fakulteto na Dunaju in bil kot inženir za nizke gradnje v Celju vodja prve regulacije Savinje, sodeloval je tudi pri gradnji mostu ?ez Ložnico, ob katerem stoji tudi naša hiša! Sam?evi, Mursova h?i Cilka se je namre? poro?ila v družino Samec, pa smo sploh vsi šli v tehni?ne poklice, moj o?e, moja h?i in jaz. Smo pa vsi mo?no navezani tudi na zemljo, o?e je na naši celjski doma?iji gojil celo šparglje in posadil trto za doma?e vino. Tudi mene je vino vedno zanimalo, z vsega sveta sem domov prinašala steklenice in želela pred leti narediti celo izpit za sommelierja. Temu se re?e, so me pou?ili, genetski spomin.&quot; Dinastija Mursa naj bi imela celo mongolske korenine? &quot;Takšno je ustno izro?ilo, ki, tako bi rekla, sode? po dolo?enih telesnih znakih v družini drži. Ko je Džingiskan osvajal Evropo, je najbrž kdo od njegovih osvajalcev ostal v naših goricah, in azijska kri se je zmešala s tukajšnjo. Re?i moram, da se Mursov rod ponaša z marljivostjo, vztrajnostjo, nepopustljivostjo. Vsi Murse so bili tako ali druga?e povezani z zemljo, tudi praded Josip je bil predvsem ponosen slovenski kmet. Bil je pripadnik kme?ke aristokracije, veleposestnik, ki je dajal kruh in obenem vodil cementno industrijo s tovarno mozai?nih izdelkov. Hkrati je bil dejaven na kulturnem in drugih podro?jih, igral je tamburico, bil je porotnik na mariborskem sodiš?u, organiziral je celo elektrifikacijo Cvena, podpiral slovenske študente na Dunaju in v Gradcu, kjer je imel dve restavraciji, prosvetljeval je prleške kmete, bil je ?ebelar in tehni?no izboljšal Neiserjev panj … Sploh ne vem, kako je vse to zmogel. S h?erko zdaj obnavljava dva hektarja in pol njegovih vinogradov, seveda s pomo?jo strokovnjakov, in vidiva, koliko truda to zahteva, on jih je imel 35 hektarjev, svoja stekleni?ena vina in penino z lastno etiketo, ob tem pa je po?el še vse drugo. Bil je za to, da se Slovenija postavi na svoje noge, in ne za usmerjenost na nemško stran, ki jo je naše krš?anstvo s Koroš?evo stranko tedaj mo?no zagovarjalo. Potem ko sem med brskanjem po arhivsko ohranjenih pismih dojela, k ?emu je težil, lahko re?em, da je bil za?etnik samostojnosti Slovenije. Leta 1918, po prvi svetovni vojni, je v pismu dr. Kukovcu, ?lanu slovenske narodne vlade, za zgled navajal ?ehe, kako se borijo za svojo državo in enotnost, ?eš, tako bi se morali tudi Slovenci.&quot; Imel pa je seveda tudi nasprotnike? &quot;Vsak, ki nekaj ima, bode v o?i. Praded je prihajal med ljudi z novostmi in vsaka novost naleti najprej na odpor. Seveda so ga zelo spoštovali, obenem pa je bilo tudi nekaj zavisti. Ljudi, ki so pri njem delali, je pla?eval z denarjem, ne samo s kruhom in z mastjo, in to je dolo?enim veleposestnikom, ki so prav tako potrebovali delavce, šlo na živce, saj so ljudje raje delali pri Mursi, kjer so nekaj zaslužili.&quot; Za delavce je torej lepo skrbel? &quot;Nekaterim je zagotovil tudi stanovanje, tam so lahko živeli z družino. Po drugi svetovni vojni je prišel na ?rno listo kot kapitalist, izkoriš?evalec. Pokazalo se je, koliko je malih ljudi, ki jim je praded dajal delo, oni pa so potem z užitkom razdejali to, kar je imel, iz gole maš?evalnosti in zavisti, ker sami tega niso imeli. Poslušala sem strašne zgodbe, kaj se je po vojni na teh koncih dogajalo z doma?imi ljudmi, kako so jih maltretirali, nekatere tudi pobili. Bila je sre?a, da pradeda vsaj to ni doletelo, oropali so ga, stroje zvozili v mlako, raztolkli vse, kar se je dalo, ob življenje pa ni bil. Bil je že star, z osmimi križi na ple?ih, in lahko si predstavljam, kako je trpel, ko je izgubljal vse, kar je ustvaril. To barbarstvo je podpiral povojni sistem.&quot; Vzeli so mu vse, ?eprav ni paktiral z Nemci? &quot;Tako se je godilo vsakomur, ki je nekaj imel, tudi Samcem v Celju, ?eprav je bila med vojno pri njih v kleti partizanska tiskarna. Grabežljivi, da ne re?em tatinski zakoni povojne jugoslovanske države so posestnikom, tovarnarjem odvzeli lastnino, mislim, da je kmetu lahko ostalo deset hektarjev. Seveda Josip nikoli ni paktiral z Nemci, kje pa! Med vojno je ostal na Krapju, Nemci ga niso izselili, so pa izselili na Hrvaško njegovo h?erko in zeta, ki sta imela Podravsko tiskarno, tudi to je kupil Josip za zeta in snaho, izobraženo Dunaj?anko, ki je odli?no govorila slovensko in igrala klavir.&quot; Koliko otrok je sploh imel? &quot;Sedem, pet h?erk in dva sina, vsi so bili v bistvu študirani. En sin je, kot re?eno, doštudiral gradbeništvo na Dunaju, drugi, ki je mlad umrl, je kon?al srednjo šolo za gradbeništvo in arhitekturo, moja babica Cilka, ki je bila umetniško nadarjena, igrala je citre in risala, je kon?ala licej v Gradcu, umrla je, ko je bil njen sin, moj o?e, star sedem let. Njena sestra, naša teta Marta, je kon?ala kmetijsko šolo, od mame in o?eta je dobila v dar posestvo Globoko z goricami, tam je kmetovala. Ena od h?era je bila u?iteljica, druga poštna uradnica, skratka, vsa dekleta so imela svoje poklice. Tudi moja prababica, Josipova žena, je bila po poklicu u?iteljica, kar je bilo za tiste ?ase in kraje zelo veliko. Naravnost nepredstavljivo pa je, da si je že tedaj praded Josip dopisoval s Parizom, ne samo z Dunajem in Budimpešto, na tujem je naro?al plakate, ki so, tehni?no brezhibno tudi za današnji ?as, predstavljali njegove izdelke. Pisemski papir s posebej oblikovano grafiko, ki je predstavljala tovarno cementnih izdelkov, je naro?il v Gradcu.&quot; Ko ste uspeli z zahtevkom za denacionalizacijo, ste se resno lotili obnove pradedovih vinogradov? &quot;Žalostno je, ker je bila tradicija prekinjena, in nadaljevati po 70 letih ni šala, vrh tega smo potomci šli na ?isto druge poklicne poti, tako da se morava zdaj s h?erko, ki je dedinja po mojem o?etu, naslanjati na znanje drugih. Je pa zaslužen za vse to moj o?e, ki mu je bila Mursovina po sprejetju zakona o denacionalizaciji prva in glavna misel. V Prlekiji je rasel, dedek ga je jemal povsod s seboj, bila sta si zelo blizu. Po osamosvojitvi se je o?e z vso energijo in znanjem, že upokojen, vrgel v denacionalizacijski projekt za vrnitev Mursovega imetja, pregledal na stotine arhivskih dokumentov, meril, risal, se ubadal s cenilci in vlagal denacionalizacijske zahtevke. Tudi sam je bil cenilec arhitekturne stroke. Imetje je bilo treba tudi razdeliti med še žive?e potomce Josipovih otrok in upoštevati, kaj so dobili njihovi predniki ali oni sami že za življenja. Zapuš?inska razprava se je seveda zelo vlekla, kon?ala se je leta 2012.&quot; Jo je o?e še doživel? &quot;Žal ne, je pa 2010. do?akal za?etek reševanja, tako da je dobil vsaj ob?utek, da gre vse skupaj v pravo smer in da bo pravici zadoš?eno. Želel je, da obdržimo zemljiš?a v naravi, ker je slutil, da bi sorodniki le-ta prodali in ne bi od Mursovine ni? ostalo. Sedaj smo spet lastniki Mursovih gozdov, njiv, travnikov, predvsem pa odli?nih vinogradniških leg.&quot; Kjer že davno ni ve? vinogradov, a bodo po vaši zaslugi spet? &quot;Kot sem rekla – v meni je vedno tlela ljubezen do vinogradništva. Ljubim odli?na vina. Odkar se s h?erko, ki je zdaj postala še za?etnica vinogradnica, saj je opravila vinogradniški te?aj v Mariboru, ukvarjava s tem, sva sre?ali v Prlekiji in Mariboru veliko ?udovitih, pridnih ljudi, pripravljenih pomagati. Žalostna sem le, ker vidim, da si ti ljudje želijo druga?nega sistema, s katerim bi bilo mogo?e dvigniti državo in sposobne posameznike, spremembe pa ni. Sama bom, ko bova s h?erko tako dale?, da bova za?eli pridelovati vino, storila vse, da bi se slovenski vinarji, vsaj prleški, bolj povezali, skupaj nastopili na tujem tržiš?u in pri tem držali ceno v skladu s kakovostjo, saj so naša vina odli?na, edinstvena. Posameznik je premajhen, da bi zunaj uspel, sploh ?e nima mo?nih zvez, skupinski nastop je prava rešitev, ki bi prinesla dovolj za vse.&quot; Službe zaradi vinogradništva najbrž ne boste pustili. Naj mi feministke oprostijo, ampak strokovnjakinja za dolge mostove res nevsakdanje zveni. Kako ste zašli na to moško podro?je? &quot;V osemdesetih sem doštudirala na ljubljanski gradbeni fakulteti, ki je res dobra, in potem še magistrirala iz ra?unalništva v gradbeništvu. Bila sem na izpopolnjevanju v Švici, pri strokovnjaku za lupinaste zgradbe, profesorju Islerju. Kratek ?as sem delala v celjskem Razvojnem centru, ampak takšnega profila tedaj pri nas seveda niso potrebovali, ?utila sem, da zame v Sloveniji ni in ne bo prihodnosti. Slu?ajno sre?anje o?eta s službenim kolegom iz Gradca je prineslo informacijo, da graško zasebno podjetje iš?e prav moj profil. Tako sem se leta 1989 podala ?ez mejo, najprej na poskusno delo, potem pa ostala vse do danes, le da je to isto podjetje danes v rokah Ameri?anov. Verjamem, da se vse v življenju zgodi z namenom.&quot; Torej ste bili nekakšna predhodnica današnje mlade generacije, ki že kar množi?no iš?e priložnost v tujini. &quot;Najbrž res. Vendar nisem šla na tuje s trebuhom za kruhom, moj motiv ni bil denar, ampak ambicija dose?i nekaj ve?.&quot; Menda vam je bilo takoj vše?, ker se delovni dan v Gradcu ni za?el, tako kot pri nas, s pitjem kavice in z debato o politiki pa o vsem drugem, samo o službi oziroma stroki ne. &quot;Res je, to mi je bilo zelo vše?. In mi je še.&quot; Danes ste na ?elu avstrijskega podjetja v lasti Ameri?anov in obenem glavni za mostove za ves svet. Lahko o tem poveste kaj ve?? &quot;Graško podjetje za razvoj softvera za mostove, v katerem sem se 1989. zaposlila, je leta 2007 kupila ameriška multinacionalka Bentley, ki se ukvarja z vsem, kar si lahko predstavljate pod besedami gradbeništvo, geodezija, arhitektura. V tem smo številka ena na svetu. Za mostove, ki so v gradbeništvu na samem vrhu piramide, saj zahtevajo znanje vseh gradbenih panog od geotehnike do nizkih in dalje visokih gradenj, niso imeli do nakupa našega podjetja nobenih rešitev, zahteva pa gradnja, sploh dolgih mostov z velikimi razponi, ogromno znanja.&quot; Kateri most na svetu vam je najbolj pri srcu? &quot;Brooklynski, ki je hibridna oblika vise?ega in poševno prednapetega mostu, je zelo lep, starinski, z žalostno zgodovino in s prisotnostjo ženske inteligence. Pri njegovi gradnji je, ker tehnologija še ni bila tako razvita kot danes, umrlo veliko ljudi. Zasnoval ga je nemški priseljenec Roebling, ki pa je med gradnjo umrl, delo je nadaljevala njegova žena, odli?na matemati?arka, ki je opravila vse zahtevne izra?une, in ga kon?al sin. Navdušujejo me zelo dolgi mostovi, ker vem, kaj vse se skriva za njimi, na kaj vse je treba misliti, da bo most varno in zanesljivo kljuboval vsem obtežnim razmeram. Mnogo rekorderjev, pri katerih smo sodelovali, sem videla ‘v živo‘. Ob?utki so nepopisni. Pred kratkim sem se vrnila s potovanja na Kitajsko, kamor sem bila vabljena kot klju?na govornica na mednarodno konferenco svetovnega združenja za mostove – in dano mi je bilo ob?udovati hongkonški Stonecutter, enega najdaljših prednapetih kabelskih mostov na svetu. Zaradi nevarnosti mo?nih tajfunov sta bila izra?un in analiza izjemno zapletena. Sodelovali smo tudi pri gradnji elegantnega mostu Sutong ?ez reko Jangce. Ta hip pa so posebno zanimivi plavajo?i mostovi, ki jih želijo graditi na Norveškem, da bi tako prek fjordov povezali jug in sever države. Stebri teh mostov so pritrjeni na ogromne plavajo?e platforme, ki so s kabli iz posebnega jekla, razvijajo ga v Južni Koreji, pritrjene na morsko dno. Govoriva o mostovih dolžine 7000 metrov. Imamo izjemno ?ast in obenem zahtevno nalogo – inovativno izpopolniti naš RM Bridge za potrebe plavajo?ih mostov, kjer je interakcija vetra in valov v ?asovni domeni izjemno zahteven projekt, edinstven v svetovnem merilu. Norveška vlada je za ta projekt, ki je za zdaj v študijski fazi, namenila veliko denarja, študije pa naj bi bile kon?ane leta 2018.&quot; Dela pri vas v Gradcu še kaj Slovencev? &quot;Odkar sem jaz tam, smo sprejeli kar nekaj ambicioznih fantov iz Slovenije.&quot; Pa dekleta? &quot;Še nobena se ni prijavila, imamo pa inženirko iz Srbije. Res pa se je zaposliti v tem podjetju, ki je zasebno, zelo težko, sito je zelo gosto, zahtevno, odprtih delovnih mest ni, ljudje pridejo k nam in mi se borimo, da jih nastavimo. Ve?krat re?em, da bi marsikdo v Sloveniji moral poskusiti v takšnem podjetju, da bi videl, kaj se pravi imeti službo in izkazovati pripadnost firmi. Seveda pa dobiš vse povrnjeno, pla?ilo je pošteno in možnost imaš, da se razvijaš.&quot; Naj ponovim, delate v moški panogi in za name?ek še na pomembnem vodilnem položaju, pravzaprav dveh. Recept za uspeh? &quot;Najbrž mešanica pridnosti, znanja in ambicije. Bila sem odli?na študentka, moj cilj ni bil nikoli se samo poro?iti in opravljati vsakdanje delo v katerikoli službi. Ko sem se zaposlila v graškem podjetju, ki takrat še ni bilo del multinacionalke, sem lahko delala vse, programirala, projektirala, šolala ljudi in se obenem u?ila od spoštovanih starejših kolegov, tako sem se oblikovala. Ob tem pa so v meni drugi za?eli odkrivati še poslovno žilico. Ob prehodu podjetja iz enega lastništva v drugo, ko so ga zapustili ljudje, pristojni za prodajo, so mi naložili še ta posel, ker sem znala že prej stranke prepri?ati o nakupu naših programov, seveda vedno na podlagi strokovnosti. Kajti ?e v naši panogi ne govoriš jezika mostograditeljev, stroke, te ne bo nih?e jemal resno, tudi moškega ne, kaj šele ženske.V vseh teh letih, ko sem predavala po svetu od Avstralije prek Kitajske do Vietnama in Evrope, Amerike, nisem nikjer imela slabega ob?utka, ker sem ženska. Res pa je, da je zame uspešnost vedno pogojena z znanjem, ne z ženskim ?ari.&quot; Kakšen je, po vaših izkušnjah, ugled Slovenije v svetu? In vaš odnos do nje? &quot;Seveda povsod, kjer me vprašajo, ponosno povem, da sem Slovenka. Nikoli tudi nisem razmišljala, da bi prevzela avstrijsko državljanstvo. Veliko tujcev sem pripeljala v Slovenijo, vsi so bili vzhi?eni nad našimi naravnimi lepotami, tudi lahko re?em, da je Slovenija do nedavnega zunaj uživala ugled. Pred dvema letoma pa se mi je prvi? zgodilo, da mi je kolega iz Nizozemske rekel: ‘Vanja, mislim, da si lahko kar vesela, da nisi zaposlena v Sloveniji, ko gledaš, kakšni škandali se dogajajo tam.‘ Takrat me je prvi? krepko zbodlo: tujci sledijo, kaj se dogaja v Sloveniji, in vsi ti škandali škodijo vsem nam, tudi tistim, ki uspešno plasirajo svoje izdelke v tujino. Skozi politi?ne zdrahe in tajkunske zgodbe dobivamo minus to?ke, Slovenija in slovenskost izgubljata spoštovanje in to me boli.&quot; Kaj se vam zdi pri nas najbolj narobe? &quot;Najprej mi pade na pamet to, da se politika razgalja pred državljani z vsemi umazanimi detajli. To, da imamo televizijski kanal, ki prenaša parlamentarne debate, je zame neumnost. V vsaki družini, v vsaki državi so problemi in povsod jih rešujejo za zaprtim vrati. ?e pereš umazano perilo pred ljudmi, pred katerim naj bi nastopal kot avtoriteta, ne moreš pri?akovati, da te bodo spoštovali. Slovenija tudi ni ve? pravna država. Za nekatere ljudi pri nas se zdi, da so kar izvzeti iz pravnega sistema, da zakoni zanje ne veljajo, in to je nedopustno. Namesto da bi bili za svoje po?etje kaznovani, samo rotirajo iz funkcije v funkcijo. Ljudje, ki so takšen pravni sistem naredili, bi morali odgovarjati. Poglejmo, recimo, vprašanje nepla?nikov, kako je mogo?e, da neko podjetje ne pla?uje prispevka delavcem, da se vrstijo pritožbe in se ni? ne zgodi. V Avstriji to urejajo s finan?no nadzorno službo, ?e podjetje do konca leta ne izpla?a trinajste in štirinajste pla?e, kaj šele prispevkov, mora najaviti ste?aj. Ne vem, zakaj tega pri nas ni mogo?e urediti. Tajkune pri nas zdaj resda obsojajo in pošiljajo v zapor, ki, mimogrede, sploh ni pravi zapor, toda kje je naropani denar? Treba bi jim bilo vzeti vse imetje do prababic in jih, po doma?e re?eno, sle?i do gat.&quot; Kako pa gledate na prodajo doma?ih podjetij tujcem? &quot;Uspešno podjetje se ne bi niti smelo prodati tujcu, kajti ni nujno, da bo tujec kot lastnik zainteresiran, da bi podjetje dobro uspevalo, lahko ga kupi zato, da si izprazni tržiš?e in uni?i konkurenco. Po navadi se v svetu tako dogaja. So pa seveda mogo?i tudi nakupi zaradi združevanja znanja in financ. V Sloveniji žal mislimo, da smo premajhni, da zato ne moremo biti konkuren?ni, da se ni? ne spla?a, da so samo veliki pomembni. S tem se nikakor ne strinjam. Pri Slovencih je vidno hlap?evstvo – to se vidi že na TV. Umre neki ameriški zveznik, pa mu v osrednjem dnevniku namenijo dolgih pet minut, ko se poslovi priznan slovenski strokovnjak, zanj ne bodo našli niti 20 sekund! Slovenci smo po svetu znani kot odli?ni umi, naši strokovnjaki so bili in so tudi danes cenjeni po raznih tujih podjetjih, velikih korporacijah. Zakaj ni možno, da ti isti umi na Slovenskem, v slovenskih podjetjih, naredijo nekaj, s ?imer bodo prodrli v svet, v svetovni vrh? Saj že imamo primere, ko mlada slovenska podjetja zelo uspešno sodelujejo s svetovno priznanimi korporacijami ali odkrijejo nekaj, ?esar ni odkril nih?e drug. Ali ni to dokaz, da je mogo?e tudi na Slovenskem kaj ?udovitega ustvariti in da ni treba vsega prodati? Sposobne, ki so se dokazali zunaj, bi po mojem morali kar najlepše povabiti domov in jim dati proste roke, da v doma?ih podjetjih brez zavisti, ?e dobijo ve?jo pla?o od manj sposobnih, nekaj naredijo. Imeti bi morali tudi možnost, da spremenijo oziroma prilagodijo razne neživljenjske predpise, ki zdaj ubijajo naše lastno gospodarstvo. Predvsem pa bi morali dobiti pristen ob?utek, da so cenjeni in zaželeni. Vse se da, ?e se ho?e.&quot; •</article-text>
		<article-text-transliterated>Težko je re?i, kaj je bolj zanimivo, njena poklicna kariera ali družinska zgodovina. Celjanka Vanja Samec, inženirka gradbeništva in geodezije z magisterijem, je ženska, nežna, topla, zgovorna, ki je uspela v izrazito moškem poklicu. Je strokovnjakinja za dolge mostove v svetovnem merilu in pravnukinja ljutomerskega predvojnega veljaka Josipa Murse, o ?igar življenju, delu in prednikih je pred nedavnim izšla privla?na monografija z naslovom Mursa, nepozabni napredni Slovenec. &quot;Prlekija ima mnogo velikanov – žal je ve?ina ostala v temi socialisti?nega režima,&quot; je zapisano v uvodu knjige, ki jo je s pomo?jo mladega zgodovinarja Rada Podgorelca in navdušenega lokalnega raziskovalca rodbine Mursa Denisa Raja izdala Vanja Samec, oblikovanje je prevzel Studio Marinšek, uredil pa jo je Drago Medved. Delovne dneve preživlja Vanja Samec bodisi v avstrijskem Gradcu, na vodilnem sedežu avstrijskega podjetja v lasti ameriške multinacionalke Bentley, bodisi na razli?nih koncih sveta, kamor jo vodijo njene službene poti, proste konce tedna pa v rodnem Celju, na rajski Sam?evini, ki se ji pozna, da je obnovo vodila roka izkušenega arhitekta, Vanjinega pokojnega o?eta Dušana Samca, danes pa bdi nad doma?ijo Vanjina mama, znana koncertna pevka Marija Bitenc. Arhitektka, tik pred diplomo v Gradcu, je tudi Vanjina h?i Maša. Obe, mati in h?i, se zdaj lotevata, seveda s pomo?jo strokovnjakov, še vinogradništva, v Prlekiji bosta obnovili z denacionalizacijo vrnjeni del?ek pradedove Mursovine. &quot;Zanimivo je,&quot; se posmeje, &quot;da se pri 55 letih podajam na pot vinogradništva, ki ga nikoli nisem študirala, praded Josip, šolani vinogradnik, pa je, ?eprav ni študiral gradbeništva, imel prvi v tedanji Jugoslaviji tovarno cementnih izdelkov in mozai?nih ploš?ic. In v Gradcu, samo ulico stran od našega stanovanja, je imel restavracijo. Kako je vse prepleteno, kot da bi nekdo pisal scenarij, v katerem se vse ujema.&quot; Kdaj ste prvi? stopil na prleško Mursovino? &quot;Na Mursovini, pri teti Marti v Globoki, sem bila s starši že kot triletna deklica. Seveda tudi kasneje. A posebno mesto v spominu zavzema moja petdesetletnica, ki sem si jo zaželela praznovati med vinskimi trtami, v Dvorcu Jeruzalem. Ko sem se tamkajšnjemu vodji prodaje Tihomirju Babi?u s Cvena predstavila kot pravnukinja Josipa Murse, sprva ni mogel do sape od za?udenja, da sploh še obstajajo sorodniki znanega rojaka. Napotil me je k ljudem, ki bi o mojem pradedu utegnili vedeti kaj ve?, in tako je nastala najprej Podgorel?eva diplomska naloga, nato knjiga.&quot; Bi lahko rekli, da se je ob njenem izidu pokazalo, da je zgodovinski spomin ljudi vendarle trdnejši od prizadevanja povojnih oblasti za izbris rodu Mursa?  &quot;Res si nisem mislila, da bo zanimanje ljudi tolikšno. Dvorana je bila nabito polna in zdaj želijo, da bi predstavitev knjige še ponovili v zadružnem domu na Cvenu. Ljudje so ponosni na svojega sokrajana, samo spomniti jih je bilo treba nanj. Moj praded je bil po drugi svetovni vojni dejansko pozabljena oseba, kot še marsikdo v tistem ?asu. Povojni komunisti?ni sistem je izbrisal vse tiste, ki so kaj imeli, ?etudi so imetje pridobili z lastnim delom, si ga skozi stoletja predajali iz ene v drugo generacijo in zanj skrbeli. ?e se v Sloveniji oziroma takratni Jugoslaviji po drugi svetovni vojni ne bi zgodila nacionalizacija, bi bili Slovenci danes kdove kje. Vsekakor veliko dlje, kot smo.&quot; Ne knjige ne oživljenih Mursovih vinogradov najbrž ne bi bilo brez negovanja družinskega spomina na imenitnega, izjemno naprednega prednika? &quot;Res je. Odraš?ala sem v družini, v kateri so bili družinske vezi in tradicija, spoštovanje prednikov in njihovega truda velikega pomena. Po osamosvojitvi Slovenije oziroma sprejetju zakona o denacionalizaciji pa sem spremljala o?etov neizmerni trud za vrnitev Mursovine. &quot; Vaš o?e, sin prezgodaj umrle Josipove h?erke Cilke, je bil na svojega prleškega deda menda zelo navezan. Najbrž vam je veliko pripovedoval o njem? &quot;Seveda. Vedela sem za njegove obsežne vinograde, tudi za tovarno cementnih izdelkov pa za belega konja Cigota, ki je bil izjemno bister in je pradedka celo sam prišel iskat v gorice. Ampak ko sem se za potrebe knjige zakopala v stare ?asopise, dostopne v Digitalni knjižnici, sem zbrala ogromno novih informacij in moj pogled na pradedka je dobil nove razsežnosti. Tedanji ?asopisi so, recimo, pisali zelo podrobno o volitvah in v teh ?lankih je velikokrat omenjeno Mursovo ime. Leta 1907 so potekale državnozborske volitve in kandidat Narodne napredne stranke je bil ravno Josip Mursa. Našla sem preko 400 ?lankov, ki omenjajo Murso in podrobno opisujejo njegovo delovanje v letih od 1881 do 1939. Pradedek je bil zelo natan?en, skrben ?lovek, izjemen gospodarstvenik. Pisma je pisal v dvojniku, ohranjena je njegova Knjiga pisem med letoma 1895 in 1899. V teh pismih je pisal slovensko, pa tudi nemško, v tedanji pisavi kurati, kar je precej težko razvozlati. Izjemen vir informacij. Mnogo pa je seveda izgubljenega. Praded je bil liberalec, ne takšen kot danes prebarvani komunisti, ampak pravi, napreden, sokol, ki je stremel k napredku za slovenski narod, domoljub, ki je veliko potoval in prinašal iz tujine dobre stvari, da bi jih cepil na doma?e okolje. &quot; Podjetni so bili že njegovi predniki? &quot;Drži, imel je tudi dobro gensko zasnovo. Rodovnik sega tja v leto 1613, ko zasledimo prednika v gorniškem registru križniške komende Velika Nedelja. Njegovi predniki so bili župani, trgovci, u?itelji, kmetovalci, gorniki - vinogradniki … On sam je v Mariboru kon?al Deželno sadjarsko in vinarsko šolo, ki je bila zelo dobra.&quot; In Maribor takrat svetovljanski? &quot;Tako je. V Mariboru se je prebudilo pradedkovo svetovljanstvo, ki ga je nosil v sebi. Ni bil samo vinogradnik in sadjar, ampak tudi konjerejec, za?etnik kasaštva v Ljutomeru, predsednik Dirkalnega društva med letoma 1898 in 1915. Ravno on je s svojim predsedovanjem poživil konjeništvo na Cvenu. Zanimivo je, da je bilo društvo takrat drugo po velikosti v takratni avstro-ogrski monarhiji. Pod Mursovim vplivom je nastala osrednja kmetijska zadruga z mlekarno, trsnico, drevesnico in bikorejo. Imel je ve? kot 150 hektarjev zemlje, na izredno rodovitni cvenski zemlji je gojil šparglje že davnega leta 1906 in jih izvažal v Avstrijo, obenem pa je imel še industrijo cementnih izdelkov ter prvo tovarno mozai?nih ploš?ic v jugoslovanskem prostoru. Križniški prior, gospod Janko Štampar iz Velike Nedelje, mi je pokazal arhivsko knjigo, v kateri je zapisano Mursovo delo v njihovi cerkvi – še danes obstojno in lepo ohranjeno –, pravi, da je to prva cerkev, ki jo je leta 1892 potlakoval mladi posestnik Josip Mursa iz Spodnjega Krapja, ker je v cerkvi ‘vuk lesene klopi najedel‘. V njem je bila o?itno želja po ustvarjanju v gradbeništvu, napredno cementno tehnologijo iz Avstrije je izboljšal in celo zaš?itil za vodo nepropustni cementni strešnik z dvojno zarezo na Patentnem uradu na Dunaju – davnega leta 1895. Iz bližine Salzburga, kjer še zdaj obstaja staro družinsko podjetje, s katerim je sodeloval, je uvažal cement in dodatke in s svojimi cementnimi izdelki obredel kraje vse do Sarajeva, do koder je segala avstro-ogrska monarhija. Leta 1895 je že razstavljal ?udovite cementne mozai?ne ploš?ice na razstavi na Ptuju, kjer je bil tudi nagrajen. &gt;&gt; Te so uporabljali po cerkvah in premožnejših hišah, vilah, v termalnih kopališ?ih; tudi stopniš?e v rojstni hiši znamenitega ljutomerskega filmarja dr. Karola Grossmanna, s katerim sta bila vrstnika, je tlakovano z njimi. In še marsikatera stara hiša, katere stanovalci v?asih niti ne vedo, kaj imajo, ko so ploš?ice o?iš?ene in zablestijo v vsej svoj lepoti, pa jim zasijejo o?i.&quot; Gradbeništvo je Mursovim o?itno v krvi? &quot;Ja, tudi Josipov sin je kon?al gradbeno fakulteto na Dunaju in bil kot inženir za nizke gradnje v Celju vodja prve regulacije Savinje, sodeloval je tudi pri gradnji mostu ?ez Ložnico, ob katerem stoji tudi naša hiša! Sam?evi, Mursova h?i Cilka se je namre? poro?ila v družino Samec, pa smo sploh vsi šli v tehni?ne poklice, moj o?e, moja h?i in jaz. Smo pa vsi mo?no navezani tudi na zemljo, o?e je na naši celjski doma?iji gojil celo šparglje in posadil trto za doma?e vino. Tudi mene je vino vedno zanimalo, z vsega sveta sem domov prinašala steklenice in želela pred leti narediti celo izpit za sommelierja. Temu se re?e, so me pou?ili, genetski spomin.&quot; Dinastija Mursa naj bi imela celo mongolske korenine? &quot;Takšno je ustno izro?ilo, ki, tako bi rekla, sode? po dolo?enih telesnih znakih v družini drži. Ko je Džingiskan osvajal Evropo, je najbrž kdo od njegovih osvajalcev ostal v naših goricah, in azijska kri se je zmešala s tukajšnjo. Re?i moram, da se Mursov rod ponaša z marljivostjo, vztrajnostjo, nepopustljivostjo. Vsi Murse so bili tako ali druga?e povezani z zemljo, tudi praded Josip je bil predvsem ponosen slovenski kmet. Bil je pripadnik kme?ke aristokracije, veleposestnik, ki je dajal kruh in obenem vodil cementno industrijo s tovarno mozai?nih izdelkov. Hkrati je bil dejaven na kulturnem in drugih podro?jih, igral je tamburico, bil je porotnik na mariborskem sodiš?u, organiziral je celo elektrifikacijo Cvena, podpiral slovenske študente na Dunaju in v Gradcu, kjer je imel dve restavraciji, prosvetljeval je prleške kmete, bil je ?ebelar in tehni?no izboljšal Neiserjev panj … Sploh ne vem, kako je vse to zmogel. S h?erko zdaj obnavljava dva hektarja in pol njegovih vinogradov, seveda s pomo?jo strokovnjakov, in vidiva, koliko truda to zahteva, on jih je imel 35 hektarjev, svoja stekleni?ena vina in penino z lastno etiketo, ob tem pa je po?el še vse drugo. Bil je za to, da se Slovenija postavi na svoje noge, in ne za usmerjenost na nemško stran, ki jo je naše krš?anstvo s Koroš?evo stranko tedaj mo?no zagovarjalo. Potem ko sem med brskanjem po arhivsko ohranjenih pismih dojela, k ?emu je težil, lahko re?em, da je bil za?etnik samostojnosti Slovenije. Leta 1918, po prvi svetovni vojni, je v pismu dr. Kukovcu, ?lanu slovenske narodne vlade, za zgled navajal ?ehe, kako se borijo za svojo državo in enotnost, ?eš, tako bi se morali tudi Slovenci.&quot; Imel pa je seveda tudi nasprotnike? &quot;Vsak, ki nekaj ima, bode v o?i. Praded je prihajal med ljudi z novostmi in vsaka novost naleti najprej na odpor. Seveda so ga zelo spoštovali, obenem pa je bilo tudi nekaj zavisti. Ljudi, ki so pri njem delali, je pla?eval z denarjem, ne samo s kruhom in z mastjo, in to je dolo?enim veleposestnikom, ki so prav tako potrebovali delavce, šlo na živce, saj so ljudje raje delali pri Mursi, kjer so nekaj zaslužili.&quot; Za delavce je torej lepo skrbel? &quot;Nekaterim je zagotovil tudi stanovanje, tam so lahko živeli z družino. Po drugi svetovni vojni je prišel na ?rno listo kot kapitalist, izkoriš?evalec. Pokazalo se je, koliko je malih ljudi, ki jim je praded dajal delo, oni pa so potem z užitkom razdejali to, kar je imel, iz gole maš?evalnosti in zavisti, ker sami tega niso imeli. Poslušala sem strašne zgodbe, kaj se je po vojni na teh koncih dogajalo z doma?imi ljudmi, kako so jih maltretirali, nekatere tudi pobili. Bila je sre?a, da pradeda vsaj to ni doletelo, oropali so ga, stroje zvozili v mlako, raztolkli vse, kar se je dalo, ob življenje pa ni bil. Bil je že star, z osmimi križi na ple?ih, in lahko si predstavljam, kako je trpel, ko je izgubljal vse, kar je ustvaril. To barbarstvo je podpiral povojni sistem.&quot; Vzeli so mu vse, ?eprav ni paktiral z Nemci? &quot;Tako se je godilo vsakomur, ki je nekaj imel, tudi Samcem v Celju, ?eprav je bila med vojno pri njih v kleti partizanska tiskarna. Grabežljivi, da ne re?em tatinski zakoni povojne jugoslovanske države so posestnikom, tovarnarjem odvzeli lastnino, mislim, da je kmetu lahko ostalo deset hektarjev. Seveda Josip nikoli ni paktiral z Nemci, kje pa! Med vojno je ostal na Krapju, Nemci ga niso izselili, so pa izselili na Hrvaško njegovo h?erko in zeta, ki sta imela Podravsko tiskarno, tudi to je kupil Josip za zeta in snaho, izobraženo Dunaj?anko, ki je odli?no govorila slovensko in igrala klavir.&quot; Koliko otrok je sploh imel? &quot;Sedem, pet h?erk in dva sina, vsi so bili v bistvu študirani. En sin je, kot re?eno, doštudiral gradbeništvo na Dunaju, drugi, ki je mlad umrl, je kon?al srednjo šolo za gradbeništvo in arhitekturo, moja babica Cilka, ki je bila umetniško nadarjena, igrala je citre in risala, je kon?ala licej v Gradcu, umrla je, ko je bil njen sin, moj o?e, star sedem let. Njena sestra, naša teta Marta, je kon?ala kmetijsko šolo, od mame in o?eta je dobila v dar posestvo Globoko z goricami, tam je kmetovala. Ena od h?era je bila u?iteljica, druga poštna uradnica, skratka, vsa dekleta so imela svoje poklice. Tudi moja prababica, Josipova žena, je bila po poklicu u?iteljica, kar je bilo za tiste ?ase in kraje zelo veliko. Naravnost nepredstavljivo pa je, da si je že tedaj praded Josip dopisoval s Parizom, ne samo z Dunajem in Budimpešto, na tujem je naro?al plakate, ki so, tehni?no brezhibno tudi za današnji ?as, predstavljali njegove izdelke. Pisemski papir s posebej oblikovano grafiko, ki je predstavljala tovarno cementnih izdelkov, je naro?il v Gradcu.&quot; Ko ste uspeli z zahtevkom za denacionalizacijo, ste se resno lotili obnove pradedovih vinogradov? &quot;Žalostno je, ker je bila tradicija prekinjena, in nadaljevati po 70 letih ni šala, vrh tega smo potomci šli na ?isto druge poklicne poti, tako da se morava zdaj s h?erko, ki je dedinja po mojem o?etu, naslanjati na znanje drugih. Je pa zaslužen za vse to moj o?e, ki mu je bila Mursovina po sprejetju zakona o denacionalizaciji prva in glavna misel. V Prlekiji je rasel, dedek ga je jemal povsod s seboj, bila sta si zelo blizu. Po osamosvojitvi se je o?e z vso energijo in znanjem, že upokojen, vrgel v denacionalizacijski projekt za vrnitev Mursovega imetja, pregledal na stotine arhivskih dokumentov, meril, risal, se ubadal s cenilci in vlagal denacionalizacijske zahtevke. Tudi sam je bil cenilec arhitekturne stroke. Imetje je bilo treba tudi razdeliti med še žive?e potomce Josipovih otrok in upoštevati, kaj so dobili njihovi predniki ali oni sami že za življenja. Zapuš?inska razprava se je seveda zelo vlekla, kon?ala se je leta 2012.&quot; Jo je o?e še doživel? &quot;Žal ne, je pa 2010. do?akal za?etek reševanja, tako da je dobil vsaj ob?utek, da gre vse skupaj v pravo smer in da bo pravici zadoš?eno. Želel je, da obdržimo zemljiš?a v naravi, ker je slutil, da bi sorodniki le-ta prodali in ne bi od Mursovine ni? ostalo. Sedaj smo spet lastniki Mursovih gozdov, njiv, travnikov, predvsem pa odli?nih vinogradniških leg.&quot; Kjer že davno ni ve? vinogradov, a bodo po vaši zaslugi spet? &quot;Kot sem rekla – v meni je vedno tlela ljubezen do vinogradništva. Ljubim odli?na vina. Odkar se s h?erko, ki je zdaj postala še za?etnica vinogradnica, saj je opravila vinogradniški te?aj v Mariboru, ukvarjava s tem, sva sre?ali v Prlekiji in Mariboru veliko ?udovitih, pridnih ljudi, pripravljenih pomagati. Žalostna sem le, ker vidim, da si ti ljudje želijo druga?nega sistema, s katerim bi bilo mogo?e dvigniti državo in sposobne posameznike, spremembe pa ni. Sama bom, ko bova s h?erko tako dale?, da bova za?eli pridelovati vino, storila vse, da bi se slovenski vinarji, vsaj prleški, bolj povezali, skupaj nastopili na tujem tržiš?u in pri tem držali ceno v skladu s kakovostjo, saj so naša vina odli?na, edinstvena. Posameznik je premajhen, da bi zunaj uspel, sploh ?e nima mo?nih zvez, skupinski nastop je prava rešitev, ki bi prinesla dovolj za vse.&quot; Službe zaradi vinogradništva najbrž ne boste pustili. Naj mi feministke oprostijo, ampak strokovnjakinja za dolge mostove res nevsakdanje zveni. Kako ste zašli na to moško podro?je? &quot;V osemdesetih sem doštudirala na ljubljanski gradbeni fakulteti, ki je res dobra, in potem še magistrirala iz ra?unalništva v gradbeništvu. Bila sem na izpopolnjevanju v Švici, pri strokovnjaku za lupinaste zgradbe, profesorju Islerju. Kratek ?as sem delala v celjskem Razvojnem centru, ampak takšnega profila tedaj pri nas seveda niso potrebovali, ?utila sem, da zame v Sloveniji ni in ne bo prihodnosti. Slu?ajno sre?anje o?eta s službenim kolegom iz Gradca je prineslo informacijo, da graško zasebno podjetje iš?e prav moj profil. Tako sem se leta 1989 podala ?ez mejo, najprej na poskusno delo, potem pa ostala vse do danes, le da je to isto podjetje danes v rokah Ameri?anov. Verjamem, da se vse v življenju zgodi z namenom.&quot; Torej ste bili nekakšna predhodnica današnje mlade generacije, ki že kar množi?no iš?e priložnost v tujini. &quot;Najbrž res. Vendar nisem šla na tuje s trebuhom za kruhom, moj motiv ni bil denar, ampak ambicija dose?i nekaj ve?.&quot; Menda vam je bilo takoj vše?, ker se delovni dan v Gradcu ni za?el, tako kot pri nas, s pitjem kavice in z debato o politiki pa o vsem drugem, samo o službi oziroma stroki ne. &quot;Res je, to mi je bilo zelo vše?. In mi je še.&quot; Danes ste na ?elu avstrijskega podjetja v lasti Ameri?anov in obenem glavni za mostove za ves svet. Lahko o tem poveste kaj ve?? &quot;Graško podjetje za razvoj softvera za mostove, v katerem sem se 1989. zaposlila, je leta 2007 kupila ameriška multinacionalka Bentley, ki se ukvarja z vsem, kar si lahko predstavljate pod besedami gradbeništvo, geodezija, arhitektura. V tem smo številka ena na svetu. Za mostove, ki so v gradbeništvu na samem vrhu piramide, saj zahtevajo znanje vseh gradbenih panog od geotehnike do nizkih in dalje visokih gradenj, niso imeli do nakupa našega podjetja nobenih rešitev, zahteva pa gradnja, sploh dolgih mostov z velikimi razponi, ogromno znanja.&quot; Kateri most na svetu vam je najbolj pri srcu? &quot;Brooklynski, ki je hibridna oblika vise?ega in poševno prednapetega mostu, je zelo lep, starinski, z žalostno zgodovino in s prisotnostjo ženske inteligence. Pri njegovi gradnji je, ker tehnologija še ni bila tako razvita kot danes, umrlo veliko ljudi. Zasnoval ga je nemški priseljenec Roebling, ki pa je med gradnjo umrl, delo je nadaljevala njegova žena, odli?na matemati?arka, ki je opravila vse zahtevne izra?une, in ga kon?al sin. Navdušujejo me zelo dolgi mostovi, ker vem, kaj vse se skriva za njimi, na kaj vse je treba misliti, da bo most varno in zanesljivo kljuboval vsem obtežnim razmeram. Mnogo rekorderjev, pri katerih smo sodelovali, sem videla ‘v živo‘. Ob?utki so nepopisni. Pred kratkim sem se vrnila s potovanja na Kitajsko, kamor sem bila vabljena kot klju?na govornica na mednarodno konferenco svetovnega združenja za mostove – in dano mi je bilo ob?udovati hongkonški Stonecutter, enega najdaljših prednapetih kabelskih mostov na svetu. Zaradi nevarnosti mo?nih tajfunov sta bila izra?un in analiza izjemno zapletena. Sodelovali smo tudi pri gradnji elegantnega mostu Sutong ?ez reko Jangce. Ta hip pa so posebno zanimivi plavajo?i mostovi, ki jih želijo graditi na Norveškem, da bi tako prek fjordov povezali jug in sever države. Stebri teh mostov so pritrjeni na ogromne plavajo?e platforme, ki so s kabli iz posebnega jekla, razvijajo ga v Južni Koreji, pritrjene na morsko dno. Govoriva o mostovih dolžine 7000 metrov. Imamo izjemno ?ast in obenem zahtevno nalogo – inovativno izpopolniti naš RM Bridge za potrebe plavajo?ih mostov, kjer je interakcija vetra in valov v ?asovni domeni izjemno zahteven projekt, edinstven v svetovnem merilu. Norveška vlada je za ta projekt, ki je za zdaj v študijski fazi, namenila veliko denarja, študije pa naj bi bile kon?ane leta 2018.&quot; Dela pri vas v Gradcu še kaj Slovencev? &quot;Odkar sem jaz tam, smo sprejeli kar nekaj ambicioznih fantov iz Slovenije.&quot; Pa dekleta? &quot;Še nobena se ni prijavila, imamo pa inženirko iz Srbije. Res pa se je zaposliti v tem podjetju, ki je zasebno, zelo težko, sito je zelo gosto, zahtevno, odprtih delovnih mest ni, ljudje pridejo k nam in mi se borimo, da jih nastavimo. Ve?krat re?em, da bi marsikdo v Sloveniji moral poskusiti v takšnem podjetju, da bi videl, kaj se pravi imeti službo in izkazovati pripadnost firmi. Seveda pa dobiš vse povrnjeno, pla?ilo je pošteno in možnost imaš, da se razvijaš.&quot; Naj ponovim, delate v moški panogi in za name?ek še na pomembnem vodilnem položaju, pravzaprav dveh. Recept za uspeh? &quot;Najbrž mešanica pridnosti, znanja in ambicije. Bila sem odli?na študentka, moj cilj ni bil nikoli se samo poro?iti in opravljati vsakdanje delo v katerikoli službi. Ko sem se zaposlila v graškem podjetju, ki takrat še ni bilo del multinacionalke, sem lahko delala vse, programirala, projektirala, šolala ljudi in se obenem u?ila od spoštovanih starejših kolegov, tako sem se oblikovala. Ob tem pa so v meni drugi za?eli odkrivati še poslovno žilico. Ob prehodu podjetja iz enega lastništva v drugo, ko so ga zapustili ljudje, pristojni za prodajo, so mi naložili še ta posel, ker sem znala že prej stranke prepri?ati o nakupu naših programov, seveda vedno na podlagi strokovnosti. Kajti ?e v naši panogi ne govoriš jezika mostograditeljev, stroke, te ne bo nih?e jemal resno, tudi moškega ne, kaj šele ženske.V vseh teh letih, ko sem predavala po svetu od Avstralije prek Kitajske do Vietnama in Evrope, Amerike, nisem nikjer imela slabega ob?utka, ker sem ženska. Res pa je, da je zame uspešnost vedno pogojena z znanjem, ne z ženskim ?ari.&quot; Kakšen je, po vaših izkušnjah, ugled Slovenije v svetu? In vaš odnos do nje? &quot;Seveda povsod, kjer me vprašajo, ponosno povem, da sem Slovenka. Nikoli tudi nisem razmišljala, da bi prevzela avstrijsko državljanstvo. Veliko tujcev sem pripeljala v Slovenijo, vsi so bili vzhi?eni nad našimi naravnimi lepotami, tudi lahko re?em, da je Slovenija do nedavnega zunaj uživala ugled. Pred dvema letoma pa se mi je prvi? zgodilo, da mi je kolega iz Nizozemske rekel: ‘Vanja, mislim, da si lahko kar vesela, da nisi zaposlena v Sloveniji, ko gledaš, kakšni škandali se dogajajo tam.‘ Takrat me je prvi? krepko zbodlo: tujci sledijo, kaj se dogaja v Sloveniji, in vsi ti škandali škodijo vsem nam, tudi tistim, ki uspešno plasirajo svoje izdelke v tujino. Skozi politi?ne zdrahe in tajkunske zgodbe dobivamo minus to?ke, Slovenija in slovenskost izgubljata spoštovanje in to me boli.&quot; Kaj se vam zdi pri nas najbolj narobe? &quot;Najprej mi pade na pamet to, da se politika razgalja pred državljani z vsemi umazanimi detajli. To, da imamo televizijski kanal, ki prenaša parlamentarne debate, je zame neumnost. V vsaki družini, v vsaki državi so problemi in povsod jih rešujejo za zaprtim vrati. ?e pereš umazano perilo pred ljudmi, pred katerim naj bi nastopal kot avtoriteta, ne moreš pri?akovati, da te bodo spoštovali. Slovenija tudi ni ve? pravna država. Za nekatere ljudi pri nas se zdi, da so kar izvzeti iz pravnega sistema, da zakoni zanje ne veljajo, in to je nedopustno. Namesto da bi bili za svoje po?etje kaznovani, samo rotirajo iz funkcije v funkcijo. Ljudje, ki so takšen pravni sistem naredili, bi morali odgovarjati. Poglejmo, recimo, vprašanje nepla?nikov, kako je mogo?e, da neko podjetje ne pla?uje prispevka delavcem, da se vrstijo pritožbe in se ni? ne zgodi. V Avstriji to urejajo s finan?no nadzorno službo, ?e podjetje do konca leta ne izpla?a trinajste in štirinajste pla?e, kaj šele prispevkov, mora najaviti ste?aj. Ne vem, zakaj tega pri nas ni mogo?e urediti. Tajkune pri nas zdaj resda obsojajo in pošiljajo v zapor, ki, mimogrede, sploh ni pravi zapor, toda kje je naropani denar? Treba bi jim bilo vzeti vse imetje do prababic in jih, po doma?e re?eno, sle?i do gat.&quot; Kako pa gledate na prodajo doma?ih podjetij tujcem? &quot;Uspešno podjetje se ne bi niti smelo prodati tujcu, kajti ni nujno, da bo tujec kot lastnik zainteresiran, da bi podjetje dobro uspevalo, lahko ga kupi zato, da si izprazni tržiš?e in uni?i konkurenco. Po navadi se v svetu tako dogaja. So pa seveda mogo?i tudi nakupi zaradi združevanja znanja in financ. V Sloveniji žal mislimo, da smo premajhni, da zato ne moremo biti konkuren?ni, da se ni? ne spla?a, da so samo veliki pomembni. S tem se nikakor ne strinjam. Pri Slovencih je vidno hlap?evstvo – to se vidi že na TV. Umre neki ameriški zveznik, pa mu v osrednjem dnevniku namenijo dolgih pet minut, ko se poslovi priznan slovenski strokovnjak, zanj ne bodo našli niti 20 sekund! Slovenci smo po svetu znani kot odli?ni umi, naši strokovnjaki so bili in so tudi danes cenjeni po raznih tujih podjetjih, velikih korporacijah. Zakaj ni možno, da ti isti umi na Slovenskem, v slovenskih podjetjih, naredijo nekaj, s ?imer bodo prodrli v svet, v svetovni vrh? Saj že imamo primere, ko mlada slovenska podjetja zelo uspešno sodelujejo s svetovno priznanimi korporacijami ali odkrijejo nekaj, ?esar ni odkril nih?e drug. Ali ni to dokaz, da je mogo?e tudi na Slovenskem kaj ?udovitega ustvariti in da ni treba vsega prodati? Sposobne, ki so se dokazali zunaj, bi po mojem morali kar najlepše povabiti domov in jim dati proste roke, da v doma?ih podjetjih brez zavisti, ?e dobijo ve?jo pla?o od manj sposobnih, nekaj naredijo. Imeti bi morali tudi možnost, da spremenijo oziroma prilagodijo razne neživljenjske predpise, ki zdaj ubijajo naše lastno gospodarstvo. Predvsem pa bi morali dobiti pristen ob?utek, da so cenjeni in zaželeni. Vse se da, ?e se ho?e.&quot; •</article-text-transliterated>
	</article>
	<comments>
		<comments-count>0</comments-count>
		<comments-list/>
	</comments>
</document>
