<?xml version="1.0" encoding="utf-8"?>
<document global-id="si-04-1201">
	<url>https://www.vecer.com//denarni-obliz-za-mamo-in-brata-do-smrti-pretepenega-gorazda-camernika-6277110</url>
	<source-id>si-04</source-id>
	<local-id>1201</local-id>
	<source-name>Večer</source-name>
	<article>
		<article-title>Denarni obliž za mamo in brata do smrti pretepenega Gorazda Čamernika</article-title>
		<article-title-transliterated>Denarni obliž za mamo in brata do smrti pretepenega Gorazda Čamernika</article-title-transliterated>
		<article-time>2017-07-04</article-time>
		<article-author>Tina Recek</article-author>
		<article-text>Letošnjega oktobra bo minilo deset let, odkar je pred ljubljanskim nočnim klubom Global v brutalnem pretepu umrl 20-letni Gorazd Čamernik iz Dragomerja pri Ljubljani. Njegov oče Danilo Čamernik je še brez centa odškodnine, čaka na revizijo na vrhovnem sodišču, medtem ko je mama Slavka in brat Matej oziroma njuna odvetnica Mateja Maček danes s toženimi strankami našla skupni jezik. Ker je poravnava potekala za zaprtimi vrati, znesek ni znan. A kot smo uspeli izvedeti od Mačkove, so se dogovorili, da bosta od zavarovalnice prejela znesek, ki je nižji od zahtevanega, a kljub temu sprejemljiv za njiju. Izplačala pa ga bo zavarovalnica Sava (prej zavarovalnica Maribor), pri kateri je imelo podjetje VIP sklenjeno zavarovanje in ki je skrbelo za varovanje.  Gorazd Čamernik je 7. oktobra 2007 s prijatelji proslavljal prijateljičin rojstni dan. Varnostnik jih v Global ni spustil, domnevno zaradi mladosti; dvajsetletnik naj bi mu zabrusil nekaj kletvic, potem pa se je s svojo družbo obrnil in odšel. Jezni varnostnik je poklical drugega varnostnika po radijski zvezi. Ko je ta prišel iz lokala, sta se pognala za skupino. Dohitela sta jo pri Konzorciju, tam je prvi varnostnik, kot so ugotovili sodniki, udaril Čamernika in s tem drugemu nakazal, kdo je tarča napada. Mladenič je utrpel več silovitih udarcev in brc. Dvajsetletnik je padel in z glavo treščil na tla. Poškodbe so bile tako hude, da je tri dni pozneje umrl v bolnišnici. Ljubljansko okrožno sodišče je oba varnostnika leta 2009 obsodilo na osem let zapora, kazen sta že odsedela. Sodni boj za odškodnino Najprej se je v sodni boj spustil oče Danilo Čamernik in zahteval 130 tisoč evrov odškodnine od obeh varnostnikov, odgovorno osebo podjetja VIP Varovanje (ki je zdaj že propadlo), Danijela Praštala, tedanjo Zavarovalnico Maribor (sedaj Zavarovalnica Sava), pri kateri je imelo podjetje sklenjeno zavarovanje, in državo, ki podeljuje licence družbam za varovanje. Sodišče mu je prisodilo bistveno manj, sicer 30 tisoč evrov. Ker so vpleteni vložili zahtevek za revizijo, je sedaj primer pod drobnogledom vrhovnih sodnikov, čigar odločitev še ni znana. Za očetom sta se še mama Slavka in brat Matej Čamernik odločila za tožbo. Prva je zahtevala 30 tisoč evrov, drugi pa 20 tisoč evrov. Tožnika sta v zasebni tožbi zapisala, da jima je resnično nerazumljivo, &quot;zakaj se vsi vpleteni v tragično Gorazdovo smrt na vse načine skušajo izogniti kakršnikoli odgovornosti, kot da jim Gorazdovo mlado življenje ne pomeni prav nič in je brez vrednosti&quot;. Tožbo sta uperila proti iste tožene stranke kot Danilo Čamernik, razen namesto v Praštala v Mirsada Begića, tedanjega direktorja VIP varovanja. V tožbi sta med drugim zapisala, da ju je Gorazdova smrt zelo prizadela in sta ob tem zelo trpela. Slavka Čamernik je več let jemala tudi zdravila za pomiritev in bila dalj časa v bolniškem staležu, Matej pa zaradi bratove izgube ni mogel končati mature in se je pozneje zaposlil. Prav tako je bilo zanju zelo psihično obremenjujoče odmevno medijsko spremljanje Gorazdove smrti ter sojenja varnostnikoma.</article-text>
		<article-text-transliterated>Letošnjega oktobra bo minilo deset let, odkar je pred ljubljanskim nočnim klubom Global v brutalnem pretepu umrl 20-letni Gorazd Čamernik iz Dragomerja pri Ljubljani. Njegov oče Danilo Čamernik je še brez centa odškodnine, čaka na revizijo na vrhovnem sodišču, medtem ko je mama Slavka in brat Matej oziroma njuna odvetnica Mateja Maček danes s toženimi strankami našla skupni jezik. Ker je poravnava potekala za zaprtimi vrati, znesek ni znan. A kot smo uspeli izvedeti od Mačkove, so se dogovorili, da bosta od zavarovalnice prejela znesek, ki je nižji od zahtevanega, a kljub temu sprejemljiv za njiju. Izplačala pa ga bo zavarovalnica Sava (prej zavarovalnica Maribor), pri kateri je imelo podjetje VIP sklenjeno zavarovanje in ki je skrbelo za varovanje.  Gorazd Čamernik je 7. oktobra 2007 s prijatelji proslavljal prijateljičin rojstni dan. Varnostnik jih v Global ni spustil, domnevno zaradi mladosti; dvajsetletnik naj bi mu zabrusil nekaj kletvic, potem pa se je s svojo družbo obrnil in odšel. Jezni varnostnik je poklical drugega varnostnika po radijski zvezi. Ko je ta prišel iz lokala, sta se pognala za skupino. Dohitela sta jo pri Konzorciju, tam je prvi varnostnik, kot so ugotovili sodniki, udaril Čamernika in s tem drugemu nakazal, kdo je tarča napada. Mladenič je utrpel več silovitih udarcev in brc. Dvajsetletnik je padel in z glavo treščil na tla. Poškodbe so bile tako hude, da je tri dni pozneje umrl v bolnišnici. Ljubljansko okrožno sodišče je oba varnostnika leta 2009 obsodilo na osem let zapora, kazen sta že odsedela. Sodni boj za odškodnino Najprej se je v sodni boj spustil oče Danilo Čamernik in zahteval 130 tisoč evrov odškodnine od obeh varnostnikov, odgovorno osebo podjetja VIP Varovanje (ki je zdaj že propadlo), Danijela Praštala, tedanjo Zavarovalnico Maribor (sedaj Zavarovalnica Sava), pri kateri je imelo podjetje sklenjeno zavarovanje, in državo, ki podeljuje licence družbam za varovanje. Sodišče mu je prisodilo bistveno manj, sicer 30 tisoč evrov. Ker so vpleteni vložili zahtevek za revizijo, je sedaj primer pod drobnogledom vrhovnih sodnikov, čigar odločitev še ni znana. Za očetom sta se še mama Slavka in brat Matej Čamernik odločila za tožbo. Prva je zahtevala 30 tisoč evrov, drugi pa 20 tisoč evrov. Tožnika sta v zasebni tožbi zapisala, da jima je resnično nerazumljivo, &quot;zakaj se vsi vpleteni v tragično Gorazdovo smrt na vse načine skušajo izogniti kakršnikoli odgovornosti, kot da jim Gorazdovo mlado življenje ne pomeni prav nič in je brez vrednosti&quot;. Tožbo sta uperila proti iste tožene stranke kot Danilo Čamernik, razen namesto v Praštala v Mirsada Begića, tedanjega direktorja VIP varovanja. V tožbi sta med drugim zapisala, da ju je Gorazdova smrt zelo prizadela in sta ob tem zelo trpela. Slavka Čamernik je več let jemala tudi zdravila za pomiritev in bila dalj časa v bolniškem staležu, Matej pa zaradi bratove izgube ni mogel končati mature in se je pozneje zaposlil. Prav tako je bilo zanju zelo psihično obremenjujoče odmevno medijsko spremljanje Gorazdove smrti ter sojenja varnostnikoma.</article-text-transliterated>
	</article>
	<comments>
		<comments-count>0</comments-count>
		<comments-list/>
	</comments>
</document>
