<?xml version="1.0" encoding="utf-8"?>
<document global-id="si-04-1235">
	<url>https://www.vecer.com//dispecerski-center-celo-za-porod-po-telefonu-6341056</url>
	<source-id>si-04</source-id>
	<local-id>1235</local-id>
	<source-name>Večer</source-name>
	<article>
		<article-title>Dispečerski center. Celo za porod po telefonu</article-title>
		<article-title-transliterated>Dispečerski center. Celo za porod po telefonu</article-title-transliterated>
		<article-time>2017-11-03</article-time>
		<article-author>Mitja Sagaj</article-author>
		<article-text>Dispečerski center bo začel delovati do konca letošnjega leta in na Trgu Leona Štuklja, s tem bo mesto pridobilo 60 novih delovnih mest,&quot; je bila ob vladnem obisku v Mariboru odločna ministrica za zdravje Milojka Kolar Celarc. Lani. Zato je, preden bomo ob koncu prihodnjega meseca že drugič zamenjali koledar, kakopak na mestu vprašanje, zakaj v kratkem času obnovljena stavba nekdanjega SDK v središču mesta še vedno sameva. Enoznačnega pojasnila sicer ni, a razumevanje vsaj nekoliko ponudi bogat seznam prednosti, ki jih bo ureditev dispečerstva v državi ponudila v primerjavi s sedanjim sistemom z regijskimi centri za obveščanje.        Andrej Petelinšek Kar je danes majhna soba z dvema pultoma ...    &quot;Odprtje in testna faza delovanja dispečerskega centra v Mariboru sta predvidena za začetek naslednjega leta,&quot; je zdaj uradno sporočilo z ministrstva za zdravje. Ki ga čakajo še mednarodni razpis za celovito informacijsko rešitev pa tudi še razpisi za nove zaposlitve - več kot 60 jih bo v Mariboru -, ki pa bodo objavljeni po objavi pravilnika o dispečerski službi zdravstva v Uradnem listu. Kar pa bo, tako vodja projekte skupine za vzpostavitev dispečerske službe v zdravstvu, sicer pa vodja reševalne postaje UKC Ljubljana Andrej Fink, predvidoma v dobrem mesecu dni. &quot;Ko bo objavljen pravilnik, bo dispečerska služba tudi uradno ustanovljena,&quot; pojasnjuje Fink, ki noče soditi, ali je bila usmeritev na nacionalnem nivoju - leta 1995 je bila dispečerska služba v zdravstvu poglavje projektne naloge za ustanovitev službe nujne medicinske pomoči (NMP), Slovenija pa je tedaj zagotovila denar le za NMP, ne pa tudi za dispečersko službo - pravilna. ​Ni poenotenega odziva na klice Začne pa sogovornik hitro naštevati številne prednosti, ki jih bo nova organiziranost, temelječa na nedavno prevzetem slovenskem indeksu za NMP, orodju, povzetem po uveljavljenem norveškem indeksu, prinesla. &quot;Med problemi danes je tudi to, da ni poenotenega odziva nujne medicinske pomoči za paciente z istimi težavami. Zato bomo uporabljali eno orodje, slovenski indeks za NMP, ki je triažni model za odločanje in pomaga, da vsak klic ovrednotimo na isti način, kjerkoli v državi,&quot; začne razlagati Andrej Fink in doda, da tudi pri dostopnih časih ne bo več razlik. Na kraj dogodka bo vselej odšla najbližja ekipa in &quot;vrtičkarstva&quot;, kot menda obstaja danes, ko se ekipe borijo za &quot;svoje&quot; območje, za &quot;svoje&quot; paciente, ne bo več. Zdaj se tudi čas izgublja z nepotrebnim postavljanjem vprašanj, poslej bo vsak klic na 112 dispečerju že ponudil elektronski podatek o lokaciji in vrsti dogodka in tudi opredelil stopnjo nujnosti.        Igor Napast ... bo v Mariboru nadomestil center s 17 dispečerskimi pulti.    &quot;Izvajali bomo tudi dva procesa, ki se danes ne izvajata vsakodnevno, ampak sporadično. Eden od teh je dajanje osnovnih navodil klicočemu, kako naj daje prvo pomoč. Recimo v primeru dušenja zaradi tujka pa za vodenje poroda preko telefona,&quot; ponazori primere Fink. Tehnologija, ki bo ponujala realne informacije o lokacijah in razpoložljivosti ekip, bo zelo olajšala delo, novost bo evidenca o javno dostopnih defibrilatorjih pa seznam premikajočih se defibrilatorjev v reševalnih vozilih za nenujne vožnje, mogoče bo izkoristiti tudi vsa prazna vozila, ki se zdaj morebiti nevede peljejo mimo kakšnega dogodka. &quot;Ne gre za negativni nadzor v smislu velikega brata, pač pa zgolj zato, da smo učinkoviti,&quot; pojasnjuje Fink. Tako bodo lahko tudi uporabili tako imenovane prve posredovalce, ki bodo prinesli defibrilatorje in se vključili v že začeto oživljanje, navodila zanj pa bodo klicatelji prejeli kar po telefonu. Hitenje bi prineslo napake Organizacijsko in vsebinsko pri snovanju dispečerske službe za zgled služijo dobre prakse v EU in širše pa tudi ob povsem blizu. Avstrijska Gradec in Celovec omenja sogovornik kot referenčna centra, prvi skrbi za območje z 850.000 prebivalci, drugi za območje z 1,2 milijona prebivalci. In ker je tudi v Sloveniji Izola iz načrta lokacij za dispečerske centre že izpadla, bosta torej Maribor in Ljubljana primerljiva. Od 144 do 155 ljudi naj bi skupno čez čas našlo delo v obeh centrih, nekaj več celo v Mariboru, kjer bodo potekala tudi vsa usposabljanja za nove sodelavce; prva dva nivoja usposabljanj bosta za vse v Mariboru, tretji nivo bo potekal na posamezni lokaciji. &quot;Manj kot dveh centrov ne moremo imeti zaradi redundance, zanesljivosti,&quot; pojasni Fink in doda, da so se pri snovanju dispečerstva primerjali tudi s kontrolo letalskega prometa, a tam, ker pač uporabljajo angleščino kot univerzalni jezik, lahko v primeru izpada za prevzem dela prosijo tudi katero od kontrol v sosednjih državah. V dispečerstvu tega pač ni. Ne hitijo, še pojasni sogovornik, &quot;večji ko bo časovni pritisk, več bo napak&quot;. Zdaj je v pripravi mednarodni razpis za celovito informacijsko rešitev, a po izkušnjah - novi ljubljanski dispečerski center pošteno zamuja z gradnjo prav zaradi revizij postopka - bo trajalo še nekaj časa. In ko bodo sistem vzpostavili, to ne bo na območju celotne države naenkrat, pač pa postopoma. &quot;To ne bo preklop z nič na ena,&quot; pravi Fink in dodaja, da se bosta najprej v novi sistem vključila Maribor in Ljubljana, območji pa se bosta začeli nato postopoma širiti.   &quot;Odprtje in testna faza delovanja dispečerskega centra v Mariboru sta predvidena za začetek naslednjega leta&quot;    Ne nazadnje je v nadgradnji tudi še radijski sistem DMR (Digital Mobile Radio), ki ga že uporablja uprava za zaščito in reševanje. Za predstavo, kak napredek predstavlja vzpostavitev dispečerskih centrov v primerjavi s sedanjimi centri za obveščanje, Fink postreže s podatkom, da bo sedanjo majhno sobo z dvema pultoma zgolj v Mariboru nadomestil center s 17 dispečerskimi pulti. &quot;Še en izplen novega sistema pa bo, da bomo imeli po vsaj enoletnem delovanju prvič na voljo tudi kakovostne podatke (med drugim tudi o razpoložljivih posteljah v bolnišnicah), kaj se v državi dogaja, da bomo lahko naredili analizo, ki bo služila za izdelavo nove mreže službe nujne medicinske pomoči,&quot; o sistemskih spremembah še pove Andrej Fink. In navrže še pogled v prihodnost - nova orodja bodo znala celo že pomagati napovedovati dogodke.</article-text>
		<article-text-transliterated>Dispečerski center bo začel delovati do konca letošnjega leta in na Trgu Leona Štuklja, s tem bo mesto pridobilo 60 novih delovnih mest,&quot; je bila ob vladnem obisku v Mariboru odločna ministrica za zdravje Milojka Kolar Celarc. Lani. Zato je, preden bomo ob koncu prihodnjega meseca že drugič zamenjali koledar, kakopak na mestu vprašanje, zakaj v kratkem času obnovljena stavba nekdanjega SDK v središču mesta še vedno sameva. Enoznačnega pojasnila sicer ni, a razumevanje vsaj nekoliko ponudi bogat seznam prednosti, ki jih bo ureditev dispečerstva v državi ponudila v primerjavi s sedanjim sistemom z regijskimi centri za obveščanje.        Andrej Petelinšek Kar je danes majhna soba z dvema pultoma ...    &quot;Odprtje in testna faza delovanja dispečerskega centra v Mariboru sta predvidena za začetek naslednjega leta,&quot; je zdaj uradno sporočilo z ministrstva za zdravje. Ki ga čakajo še mednarodni razpis za celovito informacijsko rešitev pa tudi še razpisi za nove zaposlitve - več kot 60 jih bo v Mariboru -, ki pa bodo objavljeni po objavi pravilnika o dispečerski službi zdravstva v Uradnem listu. Kar pa bo, tako vodja projekte skupine za vzpostavitev dispečerske službe v zdravstvu, sicer pa vodja reševalne postaje UKC Ljubljana Andrej Fink, predvidoma v dobrem mesecu dni. &quot;Ko bo objavljen pravilnik, bo dispečerska služba tudi uradno ustanovljena,&quot; pojasnjuje Fink, ki noče soditi, ali je bila usmeritev na nacionalnem nivoju - leta 1995 je bila dispečerska služba v zdravstvu poglavje projektne naloge za ustanovitev službe nujne medicinske pomoči (NMP), Slovenija pa je tedaj zagotovila denar le za NMP, ne pa tudi za dispečersko službo - pravilna. ​Ni poenotenega odziva na klice Začne pa sogovornik hitro naštevati številne prednosti, ki jih bo nova organiziranost, temelječa na nedavno prevzetem slovenskem indeksu za NMP, orodju, povzetem po uveljavljenem norveškem indeksu, prinesla. &quot;Med problemi danes je tudi to, da ni poenotenega odziva nujne medicinske pomoči za paciente z istimi težavami. Zato bomo uporabljali eno orodje, slovenski indeks za NMP, ki je triažni model za odločanje in pomaga, da vsak klic ovrednotimo na isti način, kjerkoli v državi,&quot; začne razlagati Andrej Fink in doda, da tudi pri dostopnih časih ne bo več razlik. Na kraj dogodka bo vselej odšla najbližja ekipa in &quot;vrtičkarstva&quot;, kot menda obstaja danes, ko se ekipe borijo za &quot;svoje&quot; območje, za &quot;svoje&quot; paciente, ne bo več. Zdaj se tudi čas izgublja z nepotrebnim postavljanjem vprašanj, poslej bo vsak klic na 112 dispečerju že ponudil elektronski podatek o lokaciji in vrsti dogodka in tudi opredelil stopnjo nujnosti.        Igor Napast ... bo v Mariboru nadomestil center s 17 dispečerskimi pulti.    &quot;Izvajali bomo tudi dva procesa, ki se danes ne izvajata vsakodnevno, ampak sporadično. Eden od teh je dajanje osnovnih navodil klicočemu, kako naj daje prvo pomoč. Recimo v primeru dušenja zaradi tujka pa za vodenje poroda preko telefona,&quot; ponazori primere Fink. Tehnologija, ki bo ponujala realne informacije o lokacijah in razpoložljivosti ekip, bo zelo olajšala delo, novost bo evidenca o javno dostopnih defibrilatorjih pa seznam premikajočih se defibrilatorjev v reševalnih vozilih za nenujne vožnje, mogoče bo izkoristiti tudi vsa prazna vozila, ki se zdaj morebiti nevede peljejo mimo kakšnega dogodka. &quot;Ne gre za negativni nadzor v smislu velikega brata, pač pa zgolj zato, da smo učinkoviti,&quot; pojasnjuje Fink. Tako bodo lahko tudi uporabili tako imenovane prve posredovalce, ki bodo prinesli defibrilatorje in se vključili v že začeto oživljanje, navodila zanj pa bodo klicatelji prejeli kar po telefonu. Hitenje bi prineslo napake Organizacijsko in vsebinsko pri snovanju dispečerske službe za zgled služijo dobre prakse v EU in širše pa tudi ob povsem blizu. Avstrijska Gradec in Celovec omenja sogovornik kot referenčna centra, prvi skrbi za območje z 850.000 prebivalci, drugi za območje z 1,2 milijona prebivalci. In ker je tudi v Sloveniji Izola iz načrta lokacij za dispečerske centre že izpadla, bosta torej Maribor in Ljubljana primerljiva. Od 144 do 155 ljudi naj bi skupno čez čas našlo delo v obeh centrih, nekaj več celo v Mariboru, kjer bodo potekala tudi vsa usposabljanja za nove sodelavce; prva dva nivoja usposabljanj bosta za vse v Mariboru, tretji nivo bo potekal na posamezni lokaciji. &quot;Manj kot dveh centrov ne moremo imeti zaradi redundance, zanesljivosti,&quot; pojasni Fink in doda, da so se pri snovanju dispečerstva primerjali tudi s kontrolo letalskega prometa, a tam, ker pač uporabljajo angleščino kot univerzalni jezik, lahko v primeru izpada za prevzem dela prosijo tudi katero od kontrol v sosednjih državah. V dispečerstvu tega pač ni. Ne hitijo, še pojasni sogovornik, &quot;večji ko bo časovni pritisk, več bo napak&quot;. Zdaj je v pripravi mednarodni razpis za celovito informacijsko rešitev, a po izkušnjah - novi ljubljanski dispečerski center pošteno zamuja z gradnjo prav zaradi revizij postopka - bo trajalo še nekaj časa. In ko bodo sistem vzpostavili, to ne bo na območju celotne države naenkrat, pač pa postopoma. &quot;To ne bo preklop z nič na ena,&quot; pravi Fink in dodaja, da se bosta najprej v novi sistem vključila Maribor in Ljubljana, območji pa se bosta začeli nato postopoma širiti.   &quot;Odprtje in testna faza delovanja dispečerskega centra v Mariboru sta predvidena za začetek naslednjega leta&quot;    Ne nazadnje je v nadgradnji tudi še radijski sistem DMR (Digital Mobile Radio), ki ga že uporablja uprava za zaščito in reševanje. Za predstavo, kak napredek predstavlja vzpostavitev dispečerskih centrov v primerjavi s sedanjimi centri za obveščanje, Fink postreže s podatkom, da bo sedanjo majhno sobo z dvema pultoma zgolj v Mariboru nadomestil center s 17 dispečerskimi pulti. &quot;Še en izplen novega sistema pa bo, da bomo imeli po vsaj enoletnem delovanju prvič na voljo tudi kakovostne podatke (med drugim tudi o razpoložljivih posteljah v bolnišnicah), kaj se v državi dogaja, da bomo lahko naredili analizo, ki bo služila za izdelavo nove mreže službe nujne medicinske pomoči,&quot; o sistemskih spremembah še pove Andrej Fink. In navrže še pogled v prihodnost - nova orodja bodo znala celo že pomagati napovedovati dogodke.</article-text-transliterated>
	</article>
	<comments>
		<comments-count>0</comments-count>
		<comments-list/>
	</comments>
</document>
