<document global-id="si-04-1413"><url>https://www.vecer.com//201507226130644-6130644</url><source-id>si-04</source-id><local-id>si-04-1413</local-id><source-name>Večer</source-name><article><article-title>Dubrovniške bombe brez teroristov</article-title><article-title-transliterated>Dubrovniške bombe brez teroristov</article-title-transliterated><article_time>2015-07-22</article_time><article-author>ZVONAR PREDAN DARKA</article-author><article-text>Letošnje Dubrovniške poletne igre, ki so predsinoči s premiero Osnovnih delcev po romanu Michela Houellebecqua v režiji Ivice Buljana doživele enega od vrhuncev tokratnega dubrovniškega poletja, na njih pa so nastopili z baletom Nevarna razmerja tudi mariborski gledališčniki, spet potrjujejo tezo o nevarnih razmerjih med kulturo in politiko. Tradicionalni festival, ki poteka od 10. julija do 25. avgusta na skoraj dvajset lokacijah, bi kmalu ostal brez te Buljanove predstave, potem ko je hrvaško notranje ministrstvo ocenilo, da pomeni gledališka izvedba Houellebecqovega romana visoko varnostno tveganje. K temu je ministrstvo in samega ministra spodbudil predsednik dubrovniško-neretvanske županije Nikola Dobroslavić, češ da bi predstava francoskega avtorja, znanega po islamofobnih stališčih, lahko žalila muslimansko manjšino v Dubrovniku. Zato je Dobroslavić predstavi tudi odrekel denar iz županijske blagajne, notranje ministrstvo je njegove argumente upoštevalo in zaplet je bil tu.
Eksplozija, a ne bombna
Houellebecquovi Osnovni delci, napisani v surovem, brutalnem jeziku in označeni za esej o koncu zgodovine in popolni dekadenci sodobne družbe, imajo bogato predzgodovino. Že ob izidu leta 1998 so močno razburkali francosko literarno občinstvo; ena od pomembnih literarnih revij je delo razglasila za najboljši roman leta, poleg navdušenja pa je požel tudi ogorčenje zaradi seksualne provokativnosti in obtožbe na račun reakcionarnosti, ker da odkrito napada liberalne vrednote in spolno permisivnost, dediščino svobodnjaških šestdesetih. Mani Gotovac, odgovorna za dramski program Dubrovniških poletnih iger, je letos to Buljanovo predstavo izbrala za festival, kot je razložila, zaradi želje, da pripelje v Dubrovnik le vrhunske stvaritve. Češ, predstava po Houellebecquovem romanu že pet let polni gledališke dvorane v Parizu, na oder so jo z uspehom postavili tudi v nekaterih drugih evropskih središčih. Vrh vsega pa o umetniških dilemah ne morejo odločati tisti, ki umetniških del sploh ne berejo in jih ne poznajo, je pribila Gotovčeva, ki ni bila jezna le na notranje ministrstvo, marveč tudi, ker je hrvaško ministrstvo za kulturo predstavo od začetka podpiralo, potem pa pokazalo do nje nekaj zadržanosti, češ, oceno notranjega ministrstva je treba upoštevati. A vendarle je sklenilo pokriti finančno luknjo, ki jo nastala, ko je denarno podporo odrekel Dubrovnik oziroma Dubrovniško-neretvanska županija.
Razburjenje, ki je pljusnilo tudi čez hrvaške meje, je obrodilo sadove: predstava z opaznim "slovenskim deležem" (dramaturg je Robert Waltl, avtor glasbe Mitja Vrhovnik Smrekar, enega glavnih junakov, polbrata Bruna, erotomana, igra Marko Mandić) je na repertoarju ostala, "pandemija strahu", o kateri je v zvezi z napovedano prepovedjo iz varnostnih razlogov govorila Gotovčeva, pa je Osnovnim delcem očitno koristila, saj je le še povečala zanimanje gledalcev. Ti so morali - in še morajo - prestati tudi poostrene varnostne preglede ob vstopu na prizorišče na Lovrijencu, kamor so predstavo zaradi varnostnih ukrepov prestavili s prvotno določenega prizorišča na plaži v dubrovniških Kuparih. Ne le premiere, že generalko je spremljal okrepljen policijski nadzor, včeraj, po premieri, pa so hrvaški medij poročali o eksploziji, a ne kakšne bombe, temveč seksa. In praviloma dodali, da ni v predstavi, označeni za kombinacijo performansa in kabareta, nobene sledi o žalitvi islama, pač pa veliko provokacije s popolnoma golimi ženskimi in moškimi telesi. Kar seveda ne izključuje kakšnih novih protestov, a ne zaradi žalitev muslimanov.
Četniki in granate
To pa ni bil edini kulturno-politični zaplet letošnjega dubrovniškega festivala. Spomladi je dvigovala temperaturo najava Gotovčeve, da bo na festivalu med igralskimi prvokategorniki nastopil tudi srbski igralec Nebojša Glogovac. Zaigral naj bi v predstavi Staše Zurovca Dubrovniška trilogija, v vlogi, ki jo je nekoč igral njegov veliki rojak Ljuba Tadić. Glogovac, ki je lani uspešno nastopal na Brionih v dramatizirani Krleževi noveli Pijana novembrska noč 1918, pa je bil igral tudi četniškega vodjo Dražo Mihailovića v nanizanki srbske televizije Ravna Gora. In to je zdaj razburilo duhove na Hrvaškem. "Sme človek, ki je igral Dražo, igrati v Dubrovniku?" tudi takšen naslov je bilo mogoče prebrati v hrvaških medijih, kar je druge spodbudilo k protivprašanju: "Okej, če ima Glogovac rad četnike, kaj pa bomo s tistimi, ki imajo radi ustaše?"
Najostreje je proti Glogovcu v Dubrovniku protestiral hrvaški igralec Siniša Ružić, ne zaradi Glogovčeve četniške vloge v nanizanki, marveč zaradi njegovih izjav o samem Draži Mihailoviću. Ružića je zmotilo, ker da je Glogovac v vrsti intervjujev Dražo označil za ljubeznivega, dobrega človeka, častnega vojaka, ki se je boril proti fašizmu. "Naj Glogovac misli o Draži, kar hoče, a če misli delati na Hrvaškem, bi moral, če je inteligenten, iz dostojnosti to zadržati zase," je pribil in opozoril, da lahko Glogovčeva festivalska zasedba preraste v incident, ker so festivalski odločevalci očitno pozabili, da je v Dubrovniku veliko ljudi, ki pa niso pozabili, kako so jih granatirali. Mani Gotovac se je na to odzvala s pojasnilom, da ni naloga ljudi v umetniških ustanovah ocenjevati politična stališča posameznikov, a Glogovac v Dubrovniški trilogiji potem vseeno ni zaigral, vendar po uradni razlagi zato, ker je bilo nemogoče uskladiti njegove in festivalske termine.</article-text><article-text-transliterated>Letošnje Dubrovniške poletne igre, ki so predsinoči s premiero Osnovnih delcev po romanu Michela Houellebecqua v režiji Ivice Buljana doživele enega od vrhuncev tokratnega dubrovniškega poletja, na njih pa so nastopili z baletom Nevarna razmerja tudi mariborski gledališčniki, spet potrjujejo tezo o nevarnih razmerjih med kulturo in politiko. Tradicionalni festival, ki poteka od 10. julija do 25. avgusta na skoraj dvajset lokacijah, bi kmalu ostal brez te Buljanove predstave, potem ko je hrvaško notranje ministrstvo ocenilo, da pomeni gledališka izvedba Houellebecqovega romana visoko varnostno tveganje. K temu je ministrstvo in samega ministra spodbudil predsednik dubrovniško-neretvanske županije Nikola Dobroslavić, češ da bi predstava francoskega avtorja, znanega po islamofobnih stališčih, lahko žalila muslimansko manjšino v Dubrovniku. Zato je Dobroslavić predstavi tudi odrekel denar iz županijske blagajne, notranje ministrstvo je njegove argumente upoštevalo in zaplet je bil tu.
Eksplozija, a ne bombna
Houellebecquovi Osnovni delci, napisani v surovem, brutalnem jeziku in označeni za esej o koncu zgodovine in popolni dekadenci sodobne družbe, imajo bogato predzgodovino. Že ob izidu leta 1998 so močno razburkali francosko literarno občinstvo; ena od pomembnih literarnih revij je delo razglasila za najboljši roman leta, poleg navdušenja pa je požel tudi ogorčenje zaradi seksualne provokativnosti in obtožbe na račun reakcionarnosti, ker da odkrito napada liberalne vrednote in spolno permisivnost, dediščino svobodnjaških šestdesetih. Mani Gotovac, odgovorna za dramski program Dubrovniških poletnih iger, je letos to Buljanovo predstavo izbrala za festival, kot je razložila, zaradi želje, da pripelje v Dubrovnik le vrhunske stvaritve. Češ, predstava po Houellebecquovem romanu že pet let polni gledališke dvorane v Parizu, na oder so jo z uspehom postavili tudi v nekaterih drugih evropskih središčih. Vrh vsega pa o umetniških dilemah ne morejo odločati tisti, ki umetniških del sploh ne berejo in jih ne poznajo, je pribila Gotovčeva, ki ni bila jezna le na notranje ministrstvo, marveč tudi, ker je hrvaško ministrstvo za kulturo predstavo od začetka podpiralo, potem pa pokazalo do nje nekaj zadržanosti, češ, oceno notranjega ministrstva je treba upoštevati. A vendarle je sklenilo pokriti finančno luknjo, ki jo nastala, ko je denarno podporo odrekel Dubrovnik oziroma Dubrovniško-neretvanska županija.
Razburjenje, ki je pljusnilo tudi čez hrvaške meje, je obrodilo sadove: predstava z opaznim "slovenskim deležem" (dramaturg je Robert Waltl, avtor glasbe Mitja Vrhovnik Smrekar, enega glavnih junakov, polbrata Bruna, erotomana, igra Marko Mandić) je na repertoarju ostala, "pandemija strahu", o kateri je v zvezi z napovedano prepovedjo iz varnostnih razlogov govorila Gotovčeva, pa je Osnovnim delcem očitno koristila, saj je le še povečala zanimanje gledalcev. Ti so morali - in še morajo - prestati tudi poostrene varnostne preglede ob vstopu na prizorišče na Lovrijencu, kamor so predstavo zaradi varnostnih ukrepov prestavili s prvotno določenega prizorišča na plaži v dubrovniških Kuparih. Ne le premiere, že generalko je spremljal okrepljen policijski nadzor, včeraj, po premieri, pa so hrvaški medij poročali o eksploziji, a ne kakšne bombe, temveč seksa. In praviloma dodali, da ni v predstavi, označeni za kombinacijo performansa in kabareta, nobene sledi o žalitvi islama, pač pa veliko provokacije s popolnoma golimi ženskimi in moškimi telesi. Kar seveda ne izključuje kakšnih novih protestov, a ne zaradi žalitev muslimanov.
Četniki in granate
To pa ni bil edini kulturno-politični zaplet letošnjega dubrovniškega festivala. Spomladi je dvigovala temperaturo najava Gotovčeve, da bo na festivalu med igralskimi prvokategorniki nastopil tudi srbski igralec Nebojša Glogovac. Zaigral naj bi v predstavi Staše Zurovca Dubrovniška trilogija, v vlogi, ki jo je nekoč igral njegov veliki rojak Ljuba Tadić. Glogovac, ki je lani uspešno nastopal na Brionih v dramatizirani Krleževi noveli Pijana novembrska noč 1918, pa je bil igral tudi četniškega vodjo Dražo Mihailovića v nanizanki srbske televizije Ravna Gora. In to je zdaj razburilo duhove na Hrvaškem. "Sme človek, ki je igral Dražo, igrati v Dubrovniku?" tudi takšen naslov je bilo mogoče prebrati v hrvaških medijih, kar je druge spodbudilo k protivprašanju: "Okej, če ima Glogovac rad četnike, kaj pa bomo s tistimi, ki imajo radi ustaše?"
Najostreje je proti Glogovcu v Dubrovniku protestiral hrvaški igralec Siniša Ružić, ne zaradi Glogovčeve četniške vloge v nanizanki, marveč zaradi njegovih izjav o samem Draži Mihailoviću. Ružića je zmotilo, ker da je Glogovac v vrsti intervjujev Dražo označil za ljubeznivega, dobrega človeka, častnega vojaka, ki se je boril proti fašizmu. "Naj Glogovac misli o Draži, kar hoče, a če misli delati na Hrvaškem, bi moral, če je inteligenten, iz dostojnosti to zadržati zase," je pribil in opozoril, da lahko Glogovčeva festivalska zasedba preraste v incident, ker so festivalski odločevalci očitno pozabili, da je v Dubrovniku veliko ljudi, ki pa niso pozabili, kako so jih granatirali. Mani Gotovac se je na to odzvala s pojasnilom, da ni naloga ljudi v umetniških ustanovah ocenjevati politična stališča posameznikov, a Glogovac v Dubrovniški trilogiji potem vseeno ni zaigral, vendar po uradni razlagi zato, ker je bilo nemogoče uskladiti njegove in festivalske termine.</article-text-transliterated></article><comments><comments-count>0</comments-count><comments-list /></comments></document>