<document global-id="si-04-1323"><url>https://www.vecer.com//201503116101702-6101702</url><source-id>si-04</source-id><local-id>si-04-1323</local-id><source-name>Večer</source-name><article><article-title>Domoljub z Viča</article-title><article-title-transliterated>Domoljub z Viča</article-title-transliterated><article_time>2015-03-11</article_time><article-author>Jurij Berložnik</article-author><article-text>Ferdinand Gnamuš, aktivni Dravograjčan, je ta teden praznoval osemdeseti rojstni dan. Nekaj dni prej je šel na medicino dela, da bi mu podaljšali vozniški izpit in glede na svoje odlično zdravstveno stanje ga je dobil še za tri leta, kolikor je najdaljše obdobje, za katerega ga lahko podaljšajo pri tej starosti. Nekdanjemu vodilnemu ravenske železarne, bil je član poslovodnega odbora, stres na delovnem mestu ni prišel do živega. So mu pa iz tistih časov ostale bogate izkušnje in razgledanost, ki ju je pridobil pri delu in na poslovnih potovanjih po svetu, v času, ko se je ta zdel precej večji kot se zdi danes, vsekakor pa Jugoslovanom še precej zaprt in težko nedostopen. "Takrat sem spoznal zahodno mentaliteto in jo lahko primerjal s povsem nasprotnim, jugoslovanskim razmišljanjem, kjer je bil pomemben le plan, plan, plan," se spominja Gnamuš.
V železarni je začel kot strojni ključavničar, a se je potem izobrazil še na srednji tehnični šoli, na visoki tehnični šoli je postal strojni inženir in potem končal še študij ekonomije. Leta 1974 je postal šef prodaje, štiri leta kasneje pa komercialni direktor železarne. Kot apolitičnemu človeku, ki ni hotel v komunistično partijo, kljub temu, da je bil na vodstvenem mestu, mu ni bilo lahko. Kot "nezanesljivega zaradi pogostih stikov s tujci" bi ga skoraj zamenjali, a sta takratni direktor in glavni kadrovik jamčila za Gnamuša in smel je ostati. Z nasmehom se danes spominja tistih časov. Pravi, da so ga obdržali zaradi njegovega dela, malo pa tudi zaradi takratnega predpisa, ki je zahteval, da mora vsaj en član poslovodnega odbora znati govoriti tuj jezik, da mora imeti opravljen zunanjetrgovinski izpit in fakultetno izobrazbo ekonomije. Gnamuš je vse to imel. V vodstvu železarne je ostal celo po velikem junijskem štrajku, leta 1991. "Spomnim se, bil sem na poti, ko me je poklical takratni direktor Jože Žunec in mi rekel 'nas so vse zamenjali, tebe pa so pustili'," se spominja Gnamuš, ki je v novem poslovodnem odboru postal pomočnik direktorja za trženje. Kot poslovodja se je zaposlil v mešani jugoslovansko avstrijski firmi Iuenna, ki jo je zaradi premoščanja težav z uvozom, izvozom in krediti v imenu železarne ustanovil dve leti prej. Leta 1996 se je upokojil, z 41. leti delovne dobe. "Ko sem potoval poslovno, sem ženi, ki je takrat, ob svoji službi, lepo skrbela za najino družino, vedno rekel, 'zdaj te ne morem peljat s sabo, ko bom v penziji pa greva skupaj'," in kot je povedal, je to obljubo držal, saj vsako leto na potovanjih skupaj 'odkrijeta' kak nov košček dotlej nepoznanega sveta.
A tudi po upokojitvi Gnamušu ni dolgčas. Po letu 1991se je namreč začel posvečati tudi politiki. V treh mandatih je bil dravograjski občinski svetnik, bil je med soustanovitelji občinskega odbora stranke krščanskih demokratov v Dravogradu in pobudnik ustanovitve občinskega odbora NSi. Razočaran je nad smerjo, ki jo po osamosvojitvi ubira Slovenija, a se je po drugi strani prepričal, da je na lokalnem nivoju vendarle mogoče tudi skozi politiko storiti veliko dobrega. Gnamuš je tudi član nadzornega odbora domoljubnega društva Franjo Malgaj, kabelske televizije v Dravogradu, član združenja za vrednote slovenske osamosvojitve. Trinajst let je predsedoval kulturnemu društvu godbe na pihala Ojstrica, aktiven je v turističnem društvu.</article-text><article-text-transliterated>Ferdinand Gnamuš, aktivni Dravograjčan, je ta teden praznoval osemdeseti rojstni dan. Nekaj dni prej je šel na medicino dela, da bi mu podaljšali vozniški izpit in glede na svoje odlično zdravstveno stanje ga je dobil še za tri leta, kolikor je najdaljše obdobje, za katerega ga lahko podaljšajo pri tej starosti. Nekdanjemu vodilnemu ravenske železarne, bil je član poslovodnega odbora, stres na delovnem mestu ni prišel do živega. So mu pa iz tistih časov ostale bogate izkušnje in razgledanost, ki ju je pridobil pri delu in na poslovnih potovanjih po svetu, v času, ko se je ta zdel precej večji kot se zdi danes, vsekakor pa Jugoslovanom še precej zaprt in težko nedostopen. "Takrat sem spoznal zahodno mentaliteto in jo lahko primerjal s povsem nasprotnim, jugoslovanskim razmišljanjem, kjer je bil pomemben le plan, plan, plan," se spominja Gnamuš.
V železarni je začel kot strojni ključavničar, a se je potem izobrazil še na srednji tehnični šoli, na visoki tehnični šoli je postal strojni inženir in potem končal še študij ekonomije. Leta 1974 je postal šef prodaje, štiri leta kasneje pa komercialni direktor železarne. Kot apolitičnemu človeku, ki ni hotel v komunistično partijo, kljub temu, da je bil na vodstvenem mestu, mu ni bilo lahko. Kot "nezanesljivega zaradi pogostih stikov s tujci" bi ga skoraj zamenjali, a sta takratni direktor in glavni kadrovik jamčila za Gnamuša in smel je ostati. Z nasmehom se danes spominja tistih časov. Pravi, da so ga obdržali zaradi njegovega dela, malo pa tudi zaradi takratnega predpisa, ki je zahteval, da mora vsaj en član poslovodnega odbora znati govoriti tuj jezik, da mora imeti opravljen zunanjetrgovinski izpit in fakultetno izobrazbo ekonomije. Gnamuš je vse to imel. V vodstvu železarne je ostal celo po velikem junijskem štrajku, leta 1991. "Spomnim se, bil sem na poti, ko me je poklical takratni direktor Jože Žunec in mi rekel 'nas so vse zamenjali, tebe pa so pustili'," se spominja Gnamuš, ki je v novem poslovodnem odboru postal pomočnik direktorja za trženje. Kot poslovodja se je zaposlil v mešani jugoslovansko avstrijski firmi Iuenna, ki jo je zaradi premoščanja težav z uvozom, izvozom in krediti v imenu železarne ustanovil dve leti prej. Leta 1996 se je upokojil, z 41. leti delovne dobe. "Ko sem potoval poslovno, sem ženi, ki je takrat, ob svoji službi, lepo skrbela za najino družino, vedno rekel, 'zdaj te ne morem peljat s sabo, ko bom v penziji pa greva skupaj'," in kot je povedal, je to obljubo držal, saj vsako leto na potovanjih skupaj 'odkrijeta' kak nov košček dotlej nepoznanega sveta.
A tudi po upokojitvi Gnamušu ni dolgčas. Po letu 1991se je namreč začel posvečati tudi politiki. V treh mandatih je bil dravograjski občinski svetnik, bil je med soustanovitelji občinskega odbora stranke krščanskih demokratov v Dravogradu in pobudnik ustanovitve občinskega odbora NSi. Razočaran je nad smerjo, ki jo po osamosvojitvi ubira Slovenija, a se je po drugi strani prepričal, da je na lokalnem nivoju vendarle mogoče tudi skozi politiko storiti veliko dobrega. Gnamuš je tudi član nadzornega odbora domoljubnega društva Franjo Malgaj, kabelske televizije v Dravogradu, član združenja za vrednote slovenske osamosvojitve. Trinajst let je predsedoval kulturnemu društvu godbe na pihala Ojstrica, aktiven je v turističnem društvu.</article-text-transliterated></article><comments><comments-count>0</comments-count><comments-list /></comments></document>