<?xml version="1.0" encoding="utf-8"?>
<document global-id="si-04-1479">
	<url>https://www.vecer.com//eni-s-treningom-drugi-z-ladjico-6236807</url>
	<source-id>si-04</source-id>
	<local-id>1479</local-id>
	<source-name>Večer</source-name>
	<article>
		<article-title>Eni s treningom, drugi z ladjico</article-title>
		<article-title-transliterated>Eni s treningom, drugi z ladjico</article-title-transliterated>
		<article-time>2016-10-04</article-time>
		<article-author>Franja Žišt</article-author>
		<article-text>&quot;Vozili smo se z ladjico po Ljubljanici. Ni slabo za prvi dan faksa, ne?&quot; se nasmehne bruc Lenart iz Škofje Loke, ko razlaga kolegom, kako je stopil v novo študijsko leto. Študiral bo arhitekturo in včeraj so si s sošolci ogledali vse mostove čez Ljubljanico. &quot;Jaz pa sem imel že prvi trening,&quot; doda njegov someščan Žan, ki obiskuje Fakulteto za šport. &quot;Dosti se bo treba učiti. Želim si, da bom na koncu imel toliko znanja, da bom dobil kakšno dobro službo,&quot; se ozre naprej &quot;difovec&quot;, kot pravijo študentom športne fakultete. Bodoči arhitekt pa pristavi: &quot;Ne pričakujem, da bom študentsko življenje izkoristil le za žur, ampak da bom tudi kaj odnesel od študija. Nam je pa že dekan danes rekel, da se moramo tudi zabavati, zato bom to dvoje skušal združiti.&quot; Študirati in žurati O prvem študijskem dnevu, kakšni so profesorji, katero študijsko smer je sploh kdo izbral, kje so bili na počitnicah, so včeraj tekli pogovori v univerzitetnih središčih. Pa tudi o pričakovanjih. &quot;Če bo dobra organizacija, se bo dalo študirati in žurati, zagotovo pa bo veliko težje, kot je bilo v srednji šoli,&quot; sta v en glas zatrjevala Mariborčana Vid in Martin, ki se bosta študijsko poglobila v kemijo. Da bo naporno in zabavno hkrati, sta se strinjali tudi Ptujčanki Ana in Valentina, ki sta že okusili, da je v Ljubljani vse nekoliko dražje. Bodoči farmacevtki, ki nimata štipendije, sta kar težko našli stanovanje. &quot;Očitno sva imeli previsoka pričakovanja, študentom pa oddajajo predvsem stara stanovanja z rabljeno opremo, cene pa so navite.&quot; Ana in Klavdija iz Brežic bosta raje prebivali v študentskem domu. &quot;Kakšno bo študentsko življenje? Tipično! Hodiš ven, učiš pa se šele takrat, ko je izpitno obdobje,&quot; je bila iskrena prva, študentka slovenščine in sociologije. Druga, študentka arheologije, pa je bolj previdno dodala: &quot;Strah, samo strah me je. Novo okolje, novi ljudje … Ampak verjamem, da bo tudi to izginilo.&quot; Mešanico pričakovanja in strahu je bilo v včerajšnjem sončnem popoldnevu zaznati pred najstarejšo univerzo pri nas. Strah je skušal razbliniti rektor Ivan Svetlik, ko se je spomnil svojega prestopa na fakulteto: &quot;Prav nobenih strahov nisem imel, samo velika pričakovanja po novem znanju in izkušnjah. Vedel sem, da je to prava pot v svet samostojnosti in odraslosti. Iz izkušenj lahko rečem, da je študij res pomemben. Malce za šalo, malce zares - morda celo najpomembnejša stvar na svetu, obštudijske dejavnosti pa najpomembnejša postranska stvar na svetu.&quot; Manj študentov, večji stroški Več tisoč študentov je preplavilo univerzitetna središča, poleg prestolnice še v Mariboru, na Primorskem in v Novi Gorici. Mladih na fakultetah je sicer zaradi demografskih dejavnikov vsako leto manj, delež vključenih v visokošolsko izobraževanje pa ostaja enak. S polovico študirajoče populacije smo še vedno nad evropskim povprečjem. &quot;Na prvi pogled se zdi študij dobro dostopen, a se med študenti kažejo velike razlike. Določeni študenti si namreč ne morejo privoščiti študija na finančno zahtevnejših smereh in zato izberejo alternativno izobraževalno pot. Glede na trend zaračunavanja vse višjih stroškov, povezanih s študijem, je le vprašanje časa, kdaj bomo ogrozili njegovo dostopnost,&quot; so ob začetku študijskega leta opozorili v Študentski organizaciji Slovenije. Ob tem pa naraščajo s študijem povezani stroški. &quot;Študentsko življenje je žal kljub maski ‘brezplačnega‘ povezano z nemalo stroški,&quot; poudarjajo študentje. Izračunali so, da neposredni stroški - vpisnina, izvedba vaj in ekskurzij, oprema, študijska literatura - študija znašajo okoli 100 evrov mesečno, za življenjske stroške (bivanje, prevoz, prehrana) pa študentje v povprečju odštejejo 470 evrov na mesec. &quot;Ni malo študentov, ki mesečno za študij odštejejo tudi blizu tisoč evrov, četudi ne plačujejo šolnine.&quot; Da je slika še bolj klavrna, so štipendije še vedno prenizke, bivanjske študentske kapacitete, predvsem v novejših študijskih središčih, pa neurejene, še pravijo študenti. Zdrahe na primorski univerzi Najbolj vroče pa se je študijsko leto začelo na primorski univerzi. Rektor univerze Dragan Marušič je s sklepom, ki ga je potrdil tudi senat univerze, odpovedal pogodbe za pedagoško delo dvanajstim zaposlenim. &quot;Med njimi so tudi taki, ki so postavljali študijske programe ali pa so bili njihovi nosilci. Gre za profesorje, ki so uveljavljeni tudi v svetu, doma pa so naleteli na prakso, ki je nikjer ne poznajo,&quot; razlaga profesor Rado Pišot. Raziskovalci, ki so zaposleni v Znanstvenoraziskovalnem središču, za zdaj je ta še del univerze, na univerzi ne bodo mogli več predavati, saj bo zavod postal samostojen, je odločil Marušič. Profesorji, ki odcepitev pozdravljajo, pa so prepričani, da je prepoved opravljanja pedagoške dejavnosti diskriminatorna. Na primorski univerzi pojasnjujejo, da je dvanajst zaposlenih opravljalo pedagoško delo, enako 3,6 polno zaposlenega učitelja, dela pa odslej ne morejo opravljati zaradi kolizije interesov (konkurenčne prepovedi). &quot;Ponudili smo jim možnost, da še naprej ostanejo zaposleni na univerzi in torej ne odidejo v novi zavod. Za to možnost se je odločila približno tretjina tedaj zaposlenih raziskovalcev v Znanstvenoraziskovalnem središču. Vsem drugim je bilo v postopku priprave oddelitvenega načrta ponujeno, da za prehodno obdobje enega leta ostanejo vpeti v pedagoški proces oziroma da lahko po oddelitvi z univerzo sodelujejo preko avtorskih pogodb. Obe ponujeni možnosti so najprej sprejeli, nato pa zavrnili,&quot; so še sporočili s primorske univerze, kjer so prepričani, da navedene spremembe ne bodo vplivale na kakovost poučevanja. Na ministrstvu za izobraževanje, znanost in šport ob zdrahah na primorski univerzi pravijo le, da je za zakonitost poslovanja odgovoren rektor in da ne morejo presoditi, ali so odpovedi povezane s procesi razdruževanja, čeprav je v elaboratu o razdružitvi omenjena tudi prekinitev pedagoških delovnih razmerij za nekatere zaposlene.</article-text>
		<article-text-transliterated>&quot;Vozili smo se z ladjico po Ljubljanici. Ni slabo za prvi dan faksa, ne?&quot; se nasmehne bruc Lenart iz Škofje Loke, ko razlaga kolegom, kako je stopil v novo študijsko leto. Študiral bo arhitekturo in včeraj so si s sošolci ogledali vse mostove čez Ljubljanico. &quot;Jaz pa sem imel že prvi trening,&quot; doda njegov someščan Žan, ki obiskuje Fakulteto za šport. &quot;Dosti se bo treba učiti. Želim si, da bom na koncu imel toliko znanja, da bom dobil kakšno dobro službo,&quot; se ozre naprej &quot;difovec&quot;, kot pravijo študentom športne fakultete. Bodoči arhitekt pa pristavi: &quot;Ne pričakujem, da bom študentsko življenje izkoristil le za žur, ampak da bom tudi kaj odnesel od študija. Nam je pa že dekan danes rekel, da se moramo tudi zabavati, zato bom to dvoje skušal združiti.&quot; Študirati in žurati O prvem študijskem dnevu, kakšni so profesorji, katero študijsko smer je sploh kdo izbral, kje so bili na počitnicah, so včeraj tekli pogovori v univerzitetnih središčih. Pa tudi o pričakovanjih. &quot;Če bo dobra organizacija, se bo dalo študirati in žurati, zagotovo pa bo veliko težje, kot je bilo v srednji šoli,&quot; sta v en glas zatrjevala Mariborčana Vid in Martin, ki se bosta študijsko poglobila v kemijo. Da bo naporno in zabavno hkrati, sta se strinjali tudi Ptujčanki Ana in Valentina, ki sta že okusili, da je v Ljubljani vse nekoliko dražje. Bodoči farmacevtki, ki nimata štipendije, sta kar težko našli stanovanje. &quot;Očitno sva imeli previsoka pričakovanja, študentom pa oddajajo predvsem stara stanovanja z rabljeno opremo, cene pa so navite.&quot; Ana in Klavdija iz Brežic bosta raje prebivali v študentskem domu. &quot;Kakšno bo študentsko življenje? Tipično! Hodiš ven, učiš pa se šele takrat, ko je izpitno obdobje,&quot; je bila iskrena prva, študentka slovenščine in sociologije. Druga, študentka arheologije, pa je bolj previdno dodala: &quot;Strah, samo strah me je. Novo okolje, novi ljudje … Ampak verjamem, da bo tudi to izginilo.&quot; Mešanico pričakovanja in strahu je bilo v včerajšnjem sončnem popoldnevu zaznati pred najstarejšo univerzo pri nas. Strah je skušal razbliniti rektor Ivan Svetlik, ko se je spomnil svojega prestopa na fakulteto: &quot;Prav nobenih strahov nisem imel, samo velika pričakovanja po novem znanju in izkušnjah. Vedel sem, da je to prava pot v svet samostojnosti in odraslosti. Iz izkušenj lahko rečem, da je študij res pomemben. Malce za šalo, malce zares - morda celo najpomembnejša stvar na svetu, obštudijske dejavnosti pa najpomembnejša postranska stvar na svetu.&quot; Manj študentov, večji stroški Več tisoč študentov je preplavilo univerzitetna središča, poleg prestolnice še v Mariboru, na Primorskem in v Novi Gorici. Mladih na fakultetah je sicer zaradi demografskih dejavnikov vsako leto manj, delež vključenih v visokošolsko izobraževanje pa ostaja enak. S polovico študirajoče populacije smo še vedno nad evropskim povprečjem. &quot;Na prvi pogled se zdi študij dobro dostopen, a se med študenti kažejo velike razlike. Določeni študenti si namreč ne morejo privoščiti študija na finančno zahtevnejših smereh in zato izberejo alternativno izobraževalno pot. Glede na trend zaračunavanja vse višjih stroškov, povezanih s študijem, je le vprašanje časa, kdaj bomo ogrozili njegovo dostopnost,&quot; so ob začetku študijskega leta opozorili v Študentski organizaciji Slovenije. Ob tem pa naraščajo s študijem povezani stroški. &quot;Študentsko življenje je žal kljub maski ‘brezplačnega‘ povezano z nemalo stroški,&quot; poudarjajo študentje. Izračunali so, da neposredni stroški - vpisnina, izvedba vaj in ekskurzij, oprema, študijska literatura - študija znašajo okoli 100 evrov mesečno, za življenjske stroške (bivanje, prevoz, prehrana) pa študentje v povprečju odštejejo 470 evrov na mesec. &quot;Ni malo študentov, ki mesečno za študij odštejejo tudi blizu tisoč evrov, četudi ne plačujejo šolnine.&quot; Da je slika še bolj klavrna, so štipendije še vedno prenizke, bivanjske študentske kapacitete, predvsem v novejših študijskih središčih, pa neurejene, še pravijo študenti. Zdrahe na primorski univerzi Najbolj vroče pa se je študijsko leto začelo na primorski univerzi. Rektor univerze Dragan Marušič je s sklepom, ki ga je potrdil tudi senat univerze, odpovedal pogodbe za pedagoško delo dvanajstim zaposlenim. &quot;Med njimi so tudi taki, ki so postavljali študijske programe ali pa so bili njihovi nosilci. Gre za profesorje, ki so uveljavljeni tudi v svetu, doma pa so naleteli na prakso, ki je nikjer ne poznajo,&quot; razlaga profesor Rado Pišot. Raziskovalci, ki so zaposleni v Znanstvenoraziskovalnem središču, za zdaj je ta še del univerze, na univerzi ne bodo mogli več predavati, saj bo zavod postal samostojen, je odločil Marušič. Profesorji, ki odcepitev pozdravljajo, pa so prepričani, da je prepoved opravljanja pedagoške dejavnosti diskriminatorna. Na primorski univerzi pojasnjujejo, da je dvanajst zaposlenih opravljalo pedagoško delo, enako 3,6 polno zaposlenega učitelja, dela pa odslej ne morejo opravljati zaradi kolizije interesov (konkurenčne prepovedi). &quot;Ponudili smo jim možnost, da še naprej ostanejo zaposleni na univerzi in torej ne odidejo v novi zavod. Za to možnost se je odločila približno tretjina tedaj zaposlenih raziskovalcev v Znanstvenoraziskovalnem središču. Vsem drugim je bilo v postopku priprave oddelitvenega načrta ponujeno, da za prehodno obdobje enega leta ostanejo vpeti v pedagoški proces oziroma da lahko po oddelitvi z univerzo sodelujejo preko avtorskih pogodb. Obe ponujeni možnosti so najprej sprejeli, nato pa zavrnili,&quot; so še sporočili s primorske univerze, kjer so prepričani, da navedene spremembe ne bodo vplivale na kakovost poučevanja. Na ministrstvu za izobraževanje, znanost in šport ob zdrahah na primorski univerzi pravijo le, da je za zakonitost poslovanja odgovoren rektor in da ne morejo presoditi, ali so odpovedi povezane s procesi razdruževanja, čeprav je v elaboratu o razdružitvi omenjena tudi prekinitev pedagoških delovnih razmerij za nekatere zaposlene.</article-text-transliterated>
	</article>
	<comments>
		<comments-count>0</comments-count>
		<comments-list/>
	</comments>
</document>
