<?xml version="1.0" encoding="utf-8"?>
<document global-id="si-04-1014">
	<url>https://www.vecer.com//201501056085517-6085517</url>
	<source-id>si-04</source-id>
	<local-id>1014</local-id>
	<source-name>Večer</source-name>
	<article>
		<article-title>Celjskemu vratarju se bodo uresničile sanje</article-title>
		<article-title-transliterated>Celjskemu vratarju se bodo uresničile sanje</article-title-transliterated>
		<article-time>2015-01-05</article-time>
		<article-author>Gordana Possnig</article-author>
		<article-text>V Zrečah je v teh dneh zbrana moška slovenska rokometna reprezentanca, ki se pripravlja na bližajoče se svetovno prvenstvo v Katarju, to se začne sredi meseca. Eden od treh vratarjev, ki se pripravljajo za nastopanje na prvenstvu in si skušajo zagotoviti mesto med potniki na prvenstvo, je tudi Matevž Skok, 28-letni Velenjčan v celjskem dresu. Za Skoka bi bilo to prvo veliko tekmovanje, saj je moral zaradi težav s poškodbami zapustiti zadnji dve veliki tekmovanji, evropsko in svetovno prvenstvo. Skok se skupaj s soigralci še kako dobro zaveda, kako pomembno delo čaka slovensko reprezentanco v Katarju. Slovenski cilj je namreč jasen: uvrstitev na kvalifikacijski turnir za olimpijske igre 2016 v Riu v Braziliji, za kar bo načeloma zadostovala uvrstitev na sedmo mesto. Rokometna reprezentanca je sicer nastopila na že dveh olimpijskih igrah, leta 2000 v Sydneyju in štiri leta kasneje v Atenah. Dobro delajo Matevža Skoka smo za pogovor zmotili pred začetkom zaključnega dela priprav v Zrečah: ''Dobro se pripravljamo na prvenstvo, kjer nas čakajo naporne in pomembne tekme. Z veseljem in nestrpnostjo pričakujemo tudi turnir na Danskem prihodnji konec tedna, kjer bodo naši nasprotniki Islandci, Danci in Švedi. Že pripravljalne tekme bodo pokazale, kje smo, kakšna je naša forma in kaj lahko pričakujemo od prvenstva, na katerem bodo naši cilji visoki. Sam v tej sezoni k sreči nimam težav s poškodbami kot v preteklosti. Verjetno tudi zaradi tega, ker sem se bolje pripravil na novo klubsko sezono. Želim si, da bi bil med izbranimi kandidati za prvenstvo v Katarju. Če mi bo to uspelo, želim čim bolje izkoristiti priložnost. Če pa priložnosti letos ne bom dobil, vem, da me čaka kakšno veliko tekmovanje v prihodnjih letih.'' Kljub temu da so trenutno vse Skokove misli usmerjene v reprezentančne cilje, pa ne more popolnoma odmisliti svojega kluba, kjer ga v pomladanskem delu sezone čakajo še dve evropski tekmi, nato pa končnici pokalnega tekmovanja in državnega prvenstva. Še kakšna zmaga v ligi prvakov ''V februarju me s Celjani čakata še tekmi v ligi prvakov. Klub temu da nimamo več možnosti, da se uvrstimo v osmino finala lige prvakov, se želimo od svojih zvestih navijačev v Zlatorogu posloviti z zmago nad Čehovskimi medvedi, ob tem pa se čim bolje zoperstaviti tudi madžarskemu Veszpremu. V Sloveniji želimo ubraniti naslov pokalnega in državnega prvaka. To bi bilo zame lepo slovo od Zlatoroga in Celja po štirih letih igranja v mestu ob Savinji.'' V naslednji sezoni bo Skok branil nemški bundesligi. Tam se bo pridružil še sedmim slovenskim rokometašem, ki si služijo kruh v najmočnejši rokometni ligi na svetu. Igranje v bundesligi je bilo dolga leta njegova skrita želja: ''Obstajala je možnost, da ostanem v Celju. O tem sem se pogovarjal tudi s trenerjem Brankom Tamšetom in direktorjem Gregorjem Planteuom. Višina nove pogodbe ni bila problem. Sam si želim predvsem napredovanja. To pa je v slovenski ligi, ki je iz leta v leto slabše kvalitete in iz katere vsi najboljši igralci odhajajo v tuje klube, zelo težko. Ponudbe sem imel iz Nemčije in Francije, na koncu sem se odločil za Lübeck, kjer bom svoje vratarsko znanje skušal nadgraditi v naslednjih dveh sezonah. Verjetno bo sprememba okolja težka, a z mano gresta žena in sin, ob tem pa sem se tudi že začel učiti nemškega jezika, da se bom lažje sporazumeval in prilagodil novemu okolju.'' Pomembna prelomnica In kaj ga bo najbolj spominjalo na Celje, kjer je bila dvorana Zlatorog njegov drugi dom v zadnjih letih? ''Igranje v Zlatorogu v celjskem dresu je bila zame pomembna športna prelomnica, ki se mi bo za vselej vtisnila v spomin. Zato me ob odhodu spremljajo mešani občutki. Za vedno mi bodo ostali v spominu čudoviti navijači, polna dvorana ob velikih evropskih tekmah ter skalpi evropskih velikanov,'' je dodal priljubljeni in vselej dobro razpoloženi &quot;Cole&quot;, v zadnjih letih prvi vratar v celjskem klubu.</article-text>
		<article-text-transliterated>V Zrečah je v teh dneh zbrana moška slovenska rokometna reprezentanca, ki se pripravlja na bližajoče se svetovno prvenstvo v Katarju, to se začne sredi meseca. Eden od treh vratarjev, ki se pripravljajo za nastopanje na prvenstvu in si skušajo zagotoviti mesto med potniki na prvenstvo, je tudi Matevž Skok, 28-letni Velenjčan v celjskem dresu. Za Skoka bi bilo to prvo veliko tekmovanje, saj je moral zaradi težav s poškodbami zapustiti zadnji dve veliki tekmovanji, evropsko in svetovno prvenstvo. Skok se skupaj s soigralci še kako dobro zaveda, kako pomembno delo čaka slovensko reprezentanco v Katarju. Slovenski cilj je namreč jasen: uvrstitev na kvalifikacijski turnir za olimpijske igre 2016 v Riu v Braziliji, za kar bo načeloma zadostovala uvrstitev na sedmo mesto. Rokometna reprezentanca je sicer nastopila na že dveh olimpijskih igrah, leta 2000 v Sydneyju in štiri leta kasneje v Atenah. Dobro delajo Matevža Skoka smo za pogovor zmotili pred začetkom zaključnega dela priprav v Zrečah: ''Dobro se pripravljamo na prvenstvo, kjer nas čakajo naporne in pomembne tekme. Z veseljem in nestrpnostjo pričakujemo tudi turnir na Danskem prihodnji konec tedna, kjer bodo naši nasprotniki Islandci, Danci in Švedi. Že pripravljalne tekme bodo pokazale, kje smo, kakšna je naša forma in kaj lahko pričakujemo od prvenstva, na katerem bodo naši cilji visoki. Sam v tej sezoni k sreči nimam težav s poškodbami kot v preteklosti. Verjetno tudi zaradi tega, ker sem se bolje pripravil na novo klubsko sezono. Želim si, da bi bil med izbranimi kandidati za prvenstvo v Katarju. Če mi bo to uspelo, želim čim bolje izkoristiti priložnost. Če pa priložnosti letos ne bom dobil, vem, da me čaka kakšno veliko tekmovanje v prihodnjih letih.'' Kljub temu da so trenutno vse Skokove misli usmerjene v reprezentančne cilje, pa ne more popolnoma odmisliti svojega kluba, kjer ga v pomladanskem delu sezone čakajo še dve evropski tekmi, nato pa končnici pokalnega tekmovanja in državnega prvenstva. Še kakšna zmaga v ligi prvakov ''V februarju me s Celjani čakata še tekmi v ligi prvakov. Klub temu da nimamo več možnosti, da se uvrstimo v osmino finala lige prvakov, se želimo od svojih zvestih navijačev v Zlatorogu posloviti z zmago nad Čehovskimi medvedi, ob tem pa se čim bolje zoperstaviti tudi madžarskemu Veszpremu. V Sloveniji želimo ubraniti naslov pokalnega in državnega prvaka. To bi bilo zame lepo slovo od Zlatoroga in Celja po štirih letih igranja v mestu ob Savinji.'' V naslednji sezoni bo Skok branil nemški bundesligi. Tam se bo pridružil še sedmim slovenskim rokometašem, ki si služijo kruh v najmočnejši rokometni ligi na svetu. Igranje v bundesligi je bilo dolga leta njegova skrita želja: ''Obstajala je možnost, da ostanem v Celju. O tem sem se pogovarjal tudi s trenerjem Brankom Tamšetom in direktorjem Gregorjem Planteuom. Višina nove pogodbe ni bila problem. Sam si želim predvsem napredovanja. To pa je v slovenski ligi, ki je iz leta v leto slabše kvalitete in iz katere vsi najboljši igralci odhajajo v tuje klube, zelo težko. Ponudbe sem imel iz Nemčije in Francije, na koncu sem se odločil za Lübeck, kjer bom svoje vratarsko znanje skušal nadgraditi v naslednjih dveh sezonah. Verjetno bo sprememba okolja težka, a z mano gresta žena in sin, ob tem pa sem se tudi že začel učiti nemškega jezika, da se bom lažje sporazumeval in prilagodil novemu okolju.'' Pomembna prelomnica In kaj ga bo najbolj spominjalo na Celje, kjer je bila dvorana Zlatorog njegov drugi dom v zadnjih letih? ''Igranje v Zlatorogu v celjskem dresu je bila zame pomembna športna prelomnica, ki se mi bo za vselej vtisnila v spomin. Zato me ob odhodu spremljajo mešani občutki. Za vedno mi bodo ostali v spominu čudoviti navijači, polna dvorana ob velikih evropskih tekmah ter skalpi evropskih velikanov,'' je dodal priljubljeni in vselej dobro razpoloženi &quot;Cole&quot;, v zadnjih letih prvi vratar v celjskem klubu.</article-text-transliterated>
	</article>
	<comments>
		<comments-count>0</comments-count>
		<comments-list/>
	</comments>
</document>
