<document global-id="si-04-1394"><url>https://www.vecer.com//201501126087112-6087112</url><source-id>si-04</source-id><local-id>si-04-1394</local-id><source-name>Večer</source-name><article><article-title>Družina je ukrajinsko žena</article-title><article-title-transliterated>Družina je ukrajinsko žena</article-title-transliterated><article_time>2015-01-12</article_time><article-author>MELITA FORSTNERIČ HAJNŠEK</article-author><article-text>Zgodovina ukrajinsko-slovenskih znanstvenih stikov sega v daljno leto 1822, ko je Prešernov prijatelj Matija Čop poučeval na gimnaziji v Lvovu klasično filologijo. Med letoma 1825 in 1827 je bil Čop na univerzi v Lvovu profesorski pripravnik.
Prodor slovenščine na lvovski univerzi se začne leta 2008, ko je odprl vrata lektorat slovenskega jezika in je Center za slovenščino kot drugi/tuji jezik v okviru programa Slovenščina na tujih univerzah tja napotil prvega učitelja slovenščine - Jerneja Ključevška, ki je predaval slovenščino kot drugi in tretji tuji jezik na Filološki fakulteti, Fakulteti za mednarodne odnose, Fakulteti za geografijo in Fakulteti za novinarstvo. O velikem povpraševanju po novem jeziku so pričale ponudbe izbirnega tečaja ne le v Lvovu, ampak tudi v Kijevu. Ključevšek je poučeval slovenščino tudi na Narodni univerzi Tarasa Ševčenka v Kijevu, študentom filoloških smeri. Pred petimi leti je lektorat pripadel še enemu Mariborčanu Primožu Lubeju, ki od letošnjega študijskega leta predava na dvopredmetnem študijskem programu slovenskega jezika in književnosti. V Lvovu je z ženo dr. Janjo Vollmaier Lubej, ki je bila pred tem lektorica v poljskem Lodžu.
Ta čas so univerzitetne počitnice in s hčerkama sta v januarju v Mariboru, kjer sicer bivata in je bilo njuno študijsko mesto. Oba sta študirala na tukajšnji Filozofski fakulteti, obema je bila mentorica dr. Silvija Borovnik. Janja je Radeljčanka, študirala je slovenistiko in predlani doktorirala iz književnosti s temo umetnika, umetnosti in umetniškega ustvarjanja v prozi sodobnih koroških avtorjev in avtoric. V Lodžu je bila lektorica slovenščine med letoma 2009 in 2011. Zadnja tri leta je v Lvovu. Odhod v tujino je povezan tudi z brezperspektivnostjo doma med drugim. Primož je Celjan, diplomiral je s temo meščanstva v dramskih delih Evalda Flisarja in odšel z ženo v Lodž. Nato se je pojavil razpis za Lvov.
''Ukrajina je največja evropska država po površini in razdalje po državi so ogromne. Od Donecka je do Lvova recimo večja razdalja kot od Lvova do Maribora. Med ljudmi se čuti žalost, napetost, beda, strah pred prihodnostjo,'' pravi Primož, ki že pet let živi in dela v najbolj evropskem, a večkulturnem ukrajinskem mestu z 800 tisoč prebivalci. Zgodovinsko gledano so bili Ukrajinci dolgo manjšina v mestu, Poljaki so prevladovali. Po drugi svetovni vojni pa je sovjetska oblast večino Poljakov deportirala na ozemlje današnje zahodne Poljske.
Univerza Ivana Franka, poimenovana po ukrajinskem pisatelju, je ugledna institucija, od letošnjega leta ste prerasli iz lektorata v študij slovenščine, kar je neverjeten dosežek za tako oddaljeno okolje. V Ukrajini ste v politično turbulentnih časih, za razvoj slovenistike pa očitno v zelo perspektivnih?
''Na tukajšnji univerzi smo v letošnjem študijskem letu začeli izvajati slovenščino kot študijsko smer, na katero se je vpisala prva generacija slovenistk. Tako imamo skupino devetih študentk, ki bodo diplomirale iz slovenščine. Kljub temu pa slovenščino še vedno poučujem tudi kot drugi ali tretji tuji jezik. Zanimanje za slovenski jezik je torej veliko, samo v letošnje študijskem letu imam več kot 60 študentov.''
Kakšni so motivi, da se nekdo iz Ukrajine odloči za študij slovenščine?
''Enoznačnega odgovora ni. Tudi v Sloveniji se odločajo za študij slovaščine, denimo. Raznovrstni so - od tega, da so bili pri nas in jim je bila dežela všeč, navdušile so jih naravne in kulturne znamenitosti, pa so hoteli spoznati jezik. Študentje vidijo veliko dodano vrednost študija v tem, da sem naravni govorec, kar ni praksa. Na naši katedri sem edini lektor, predavatelj iz tujine. Tudi gostovanja slovenskih pisateljev, ki jih prirejamo v okviru delovanja lektorata, so bila v preteklih letih zaslužna za takšno študijsko odločitev. V Lvovu so že bili Milan Jesih, Jani Virk, Suzana Tratnik, Gabrijela Babnik, Barbara Korun, Goran Vojnovič, Miha Mazzini, Lucija Stepančič in Andrej Makuc, ob vsakem gostovanju pa smo pripravili vzorčne prevode del. To so bili zmeraj zelo odmevni dogodki v lvovskih knjigarnah, z množico obiskovalcev, ne le študentov. Sodelujemo tudi pri mednarodnih kulturnih projektih, ki sočasno potekajo na vseh lektoratih slovenščine po svetu. Letos so študenti s pomočjo učiteljev v 22 jezikov prevedli knjižico Žepna slovenščina; to je nasploh prvi ukrajinsko-slovenski slovarček. Pred dvema letoma smo v ukrajinščino prevedli dokumentarne filme o Toporišiču, Cerkniškem jezeru in Juriju Gustinčiču ter priredili njihove projekcije. Tudi slovenski film Slovenka smo prevedli in ga prikazali.''
Tudi Ukrajinci poznajo
kozolec in copate
Zanimivo, da predavate ob Filološki fakulteti tudi študentom novinarstva in na Fakulteti za mednarodne odnose. To zahteva široko znanje?
''Veliko tekam po mestu. In se prilagajam. Pomembno je, da že tekoče govorim ukrajinsko. Študentom predavamo od letos kulturno zgodovino Slovenije, slovensko ljudsko slovstvo, zgodovino Slovenije, zgodovino slovenskega jezika, zgodovinsko slovnico slovenskega jezika, primerjalno zgodovinsko slovnico slovanskih jezikov ter teorijo in prakso prevajanja. Poučevanje slovenščine kot tujega jezika se povsem razlikuje od slovenističnega študija Slovencev. Recimo že tako preproste stvari, kot je besedni red, ki je Slovencem povsem samoumeven - 'dal sem mu ga'. Tujcu ta naslonski niz seveda ni samoumeven. Velike težave so pri glasoslovju. Mi nismo pozorni na široke in ozke samoglasnike, tega ukrajinska fonetika sploh nima. Ne le, da te glasove težko izgovarjajo, tudi prepoznajo jih ne.''
Sta si ukrajinščina in slovenščina kot slovanska jezika kaj podobni, imata kake skupne identitetne točke?
''Tudi Ukrajinci poznajo kozolec in copate. Da te povabijo domov, ni samoumevno. (Sicer pa so silno prijazni ljudje, kar se najbolj vidi na tržnici, doda Janja.) Tujci, ki prihajajo v Lvov, v glavnem govorijo rusko. Sicer pa je mesto središče ukrajinskega domoljubja in tukaj ruščine praktično ni. Jezika se tudi zelo razlikujeta. Sam govorim tekoče ukrajinsko, a mi pri razumevanju ruščine, sploh govorjene, ne pomaga kaj prida. 'Lažnih prijateljev', besed, ki zvenijo zelo podobno, a so povsem drugačne po pomenu, je med slovenščino in ukrajinščino kar nekaj. Recimo: srajca - sraca, če jo sklanjamo v srajci, v sraci, pomeni v ukrajinščini 'v riti'. Pa zapor je v ukrajinščini zaprtje. Ali pa beseda čolovik je moški, družina pa pomeni žena.''
''Nevarno območje''
prijazno mesto
Koliko vas ta čas predava na slovenističnem študiju v Lvovu?
''Za zdaj smo trije, poleg mene še dr. Natalija Horoz, ki je jezikoslovka, in Marijana Klimec, ki bo kmalu doktorirala iz hrvaške književnosti. Obe sta se v minulih letih intenzivno izobraževali v Ljubljani na Seminarjih slovenskega jezika, literature in kulture. Sam imam praktični del pouka, torej lektorske vaje. Hkrati bom predaval še na Fakulteti za novinarstvo.''
Je tekma med posameznimi slovanskimi jeziki na vaši katedri za slavistiko? Denimo med srbohrvatisti in slovenisti?
''Ni kakšne tekme. Sistem je tak, da se vsaki dve leti vpišeta dve smeri, ki po navadi nista obe južnoslovanski ali zahodnoslovanski. Študentje se sami odločajo denimo med kroatistiko in slovakistiko ali bohemistiko in srbistiko. Sami izberejo smer in za zdaj ni bilo težav glede števila študentov na določeni smeri. Sicer je največje zanimanje za bohemistiko, ker je na Češkem močna ukrajinska diaspora, med profesorji pa ni nobene tekmovalnosti za študente. V Lvovu je to najbrž posebnost.
Ko sem se prvič prijavljal za delovno mesto lektorja, bi šel kamorkoli, v Peking, Buenos Aires, Prago, Cleveland, tudi v Kijev, a zdaj mi je Lvov ne glede na to, da se mnogim od zunaj zdi Ukrajina 'nevarno območje', prijazno mesto.''
S Kijevom imate stike? S tamkajšnjim lektoratom slovenščine?
''Imamo stike, seveda. Lektorat slovenščine v Kijevu deluje na Univerzi Tarasa Ševčenka, kjer je lektorica dr. Inga Jarova, ki je nekaj let živela in študirala v Sloveniji, zdaj pa je zaposlena na slovenskem veleposlaništvu. Sodelujemo pri pripravi kulturnih dogodkov. V Kijevu so prevedli podnaslove dokumentarca o Fabianiju in Plečniku ter sodelovali pri prevodu Žepne slovenščine. Pisatelji, ki jih vsako leto povabimo v Lvov, običajno gostujejo tudi v Kijevu, kjer jih z velikim veseljem sprejme tamkajšnja profesorica za srbsko in hrvaško književnost Olena Dziuba Pogrebniak in z njimi priredi literarni večer. Spomladi bo oba lektorata obiskal Tone Partljič.''
Kako pa je živeti v Lvovu danes?
''Ukrajinska družba je družba nasprotij, zelo je razslojena. Po naših merilih je večina prebivalcev revna. Povprečni dohodek je bil še pred šestimi meseci dvesto petdeset evrov, od začetka vojne na vzhodu države pa je grivna devalvirala za 50 odstotkov. Problem je, ker je javni sektor zelo slabo plačan. Kupiti pa je mogoče vse, tudi vozni park je veliko boljši kot v Sloveniji. Polno je lexusov in podobnih razkošnih vozil. Bencin je malenkost cenejši. Ne kupujemo določenih ukrajinskih izdelkov, ker je bilo že kar nekaj afer in so nekateri oporečni, zlasti meso in mlečni izdelki. V trgovinah so po novem ob cenah ruskih izdelkov tudi ruske zastavice, ki kupce opozarjajo na bojkot teh izdelkov. Zanimivo, da ne moreš kupiti ženske revije v trafiki v ukrajinščini, le v ruščini. Tudi veliko TV-programov je v ruščini. In na televiziji gledamo najprej poročila o ruskih agresorjih, potem pa film o ruskih herojih.
Nekaj časa so bile na vpadnicah v Lvov barikade, kjer so preverjali voznike in potnike, da bi se ubranili pred morebitnimi provokatorji. Med ljudmi se čuti strah, med mladimi je veliko bega možganov. Zaradi pomanjkanja zaposlitvenih možnosti je življenje še posebno težko na podeželju, kjer izginjajo cele vasi. Želja po Zahodu je med ljudmi ogromna. Hrepenenje po EU je izjemno. Vsi imajo na registrskih tablicah že EU-znak. Tudi tajkune imajo in vedno znova jih na volitvah izvolijo, kar me zmeraj preseneti.
Lvov je turistično zelo razvit. Središče mesta je pod Unescovo zaščito, ogromna spalna naselja pa so socrealistična.''
Naj pridejo sem in bodo videli
Kje pa dobivate študijsko gradivo, knjige ...? Kako je s prevodi?
''Imamo določena sredstva, namenjena za nakup literature, Center za slovenščino kot drugi tuji jezik skrbi za to. Tudi Beletrina iz Ljubljane in Javna agencija za knjigo večkrat podarita kakšne knjige, tako da počasi izpopolnjujemo univerzitetno knjižnico. Ta čas razmišljava, da bi ukrajinsko literaturo približala Slovencem. Razen pesniških zbirk Ševčenka in Irvaneca ni v slovenščini ničesar. Najina želja je prevesti kak sodobni ukrajinski roman.
Pri prevajanju slovenskih avtorjev v ukrajinščino so že vidni rezultati: pravkar sta kolegici Natalija Horoz in Marijana Klimec prevedli roman Sukub Vlada Žabota, ki je izšel septembra lani. Še prej je prevajalka iz Harkova, Ljudmila Kancedal, prevedla Drevo brez imena Draga Jančarja. Z našo novo slovenistično generacijo bo najbrž še več možnosti za prevajanje.''
Vajin pogled na situacijo tukaj?
''Včasih se nama zdi, da si 1000 kilometrov iz domovine bolj Slovenec kot doma. Najbolj slab občutek je bil, ko so pred sodiščem protestirali v podporo Janši in so nosili napise 'Slovenija je Ukrajina' in 'Janša je Timošenkova'. Naj pridejo sem, pa bodo videli. Nič ni posploševati. Res je razlika med državama, a take poenostavitve so zelo nepravične.''
In odnos do Putina v Lvovu, ki je zelo proevropsko mesto?
''Zelo sovražen, tudi mediji so silno kritični, kar je glede na razmere razumljivo. Pozna se proevropskost zahodne Ukrajine, seveda. Tisti, ki so bili prozahodno naravnani, so po večini zapustili območja, ki jih nadzorujejo separatisti. Zanimivo pa je, da se jugovzhodni del države, ki je najbolj proruski, prekriva z območjem, kjer je bil izveden holodomor. In je zato tudi proruski, tedaj je umrlo več milijonov Ukrajincev in na ta območja so naselili rusko prebivalstvo. Tudi Ukrajinci, ki živijo vzhodno od Kijeva in govorijo rusko, se po nacionalnosti opredeljujejo za Ukrajince. Nisem prepričan, da je ravno jezik določevalec identitete pri Ukrajincih.''
Kaj pa je vsem Ukrajincem skupno, ne glede na to, ali so proruski ali proevropski?
''Tradicija, etnografska dediščina, zgodovina. Tudi mladi ljudje vedno več hodijo v narodnih nošah, višivankah. Tudi naše študentke. To je izraz zavednosti in domoljubnosti. Ko nas je v Lvovu obiskala dopisnica RTV Slovenija v Moskvi Vlasta Jeseničnik, so tri študentke samoiniciativno prišle na snemanje v višivankah, ukrajinskih narodnih oblačilih. Pri nas je kaj takega nepredstavljivo. V zahodnem delu Ukrajine jih boli, ker jih ruski mediji prikazujejo kot fašiste, nacionaliste, negativna propaganda je močna. In nasedajo ji.''</article-text><article-text-transliterated>Zgodovina ukrajinsko-slovenskih znanstvenih stikov sega v daljno leto 1822, ko je Prešernov prijatelj Matija Čop poučeval na gimnaziji v Lvovu klasično filologijo. Med letoma 1825 in 1827 je bil Čop na univerzi v Lvovu profesorski pripravnik.
Prodor slovenščine na lvovski univerzi se začne leta 2008, ko je odprl vrata lektorat slovenskega jezika in je Center za slovenščino kot drugi/tuji jezik v okviru programa Slovenščina na tujih univerzah tja napotil prvega učitelja slovenščine - Jerneja Ključevška, ki je predaval slovenščino kot drugi in tretji tuji jezik na Filološki fakulteti, Fakulteti za mednarodne odnose, Fakulteti za geografijo in Fakulteti za novinarstvo. O velikem povpraševanju po novem jeziku so pričale ponudbe izbirnega tečaja ne le v Lvovu, ampak tudi v Kijevu. Ključevšek je poučeval slovenščino tudi na Narodni univerzi Tarasa Ševčenka v Kijevu, študentom filoloških smeri. Pred petimi leti je lektorat pripadel še enemu Mariborčanu Primožu Lubeju, ki od letošnjega študijskega leta predava na dvopredmetnem študijskem programu slovenskega jezika in književnosti. V Lvovu je z ženo dr. Janjo Vollmaier Lubej, ki je bila pred tem lektorica v poljskem Lodžu.
Ta čas so univerzitetne počitnice in s hčerkama sta v januarju v Mariboru, kjer sicer bivata in je bilo njuno študijsko mesto. Oba sta študirala na tukajšnji Filozofski fakulteti, obema je bila mentorica dr. Silvija Borovnik. Janja je Radeljčanka, študirala je slovenistiko in predlani doktorirala iz književnosti s temo umetnika, umetnosti in umetniškega ustvarjanja v prozi sodobnih koroških avtorjev in avtoric. V Lodžu je bila lektorica slovenščine med letoma 2009 in 2011. Zadnja tri leta je v Lvovu. Odhod v tujino je povezan tudi z brezperspektivnostjo doma med drugim. Primož je Celjan, diplomiral je s temo meščanstva v dramskih delih Evalda Flisarja in odšel z ženo v Lodž. Nato se je pojavil razpis za Lvov.
''Ukrajina je največja evropska država po površini in razdalje po državi so ogromne. Od Donecka je do Lvova recimo večja razdalja kot od Lvova do Maribora. Med ljudmi se čuti žalost, napetost, beda, strah pred prihodnostjo,'' pravi Primož, ki že pet let živi in dela v najbolj evropskem, a večkulturnem ukrajinskem mestu z 800 tisoč prebivalci. Zgodovinsko gledano so bili Ukrajinci dolgo manjšina v mestu, Poljaki so prevladovali. Po drugi svetovni vojni pa je sovjetska oblast večino Poljakov deportirala na ozemlje današnje zahodne Poljske.
Univerza Ivana Franka, poimenovana po ukrajinskem pisatelju, je ugledna institucija, od letošnjega leta ste prerasli iz lektorata v študij slovenščine, kar je neverjeten dosežek za tako oddaljeno okolje. V Ukrajini ste v politično turbulentnih časih, za razvoj slovenistike pa očitno v zelo perspektivnih?
''Na tukajšnji univerzi smo v letošnjem študijskem letu začeli izvajati slovenščino kot študijsko smer, na katero se je vpisala prva generacija slovenistk. Tako imamo skupino devetih študentk, ki bodo diplomirale iz slovenščine. Kljub temu pa slovenščino še vedno poučujem tudi kot drugi ali tretji tuji jezik. Zanimanje za slovenski jezik je torej veliko, samo v letošnje študijskem letu imam več kot 60 študentov.''
Kakšni so motivi, da se nekdo iz Ukrajine odloči za študij slovenščine?
''Enoznačnega odgovora ni. Tudi v Sloveniji se odločajo za študij slovaščine, denimo. Raznovrstni so - od tega, da so bili pri nas in jim je bila dežela všeč, navdušile so jih naravne in kulturne znamenitosti, pa so hoteli spoznati jezik. Študentje vidijo veliko dodano vrednost študija v tem, da sem naravni govorec, kar ni praksa. Na naši katedri sem edini lektor, predavatelj iz tujine. Tudi gostovanja slovenskih pisateljev, ki jih prirejamo v okviru delovanja lektorata, so bila v preteklih letih zaslužna za takšno študijsko odločitev. V Lvovu so že bili Milan Jesih, Jani Virk, Suzana Tratnik, Gabrijela Babnik, Barbara Korun, Goran Vojnovič, Miha Mazzini, Lucija Stepančič in Andrej Makuc, ob vsakem gostovanju pa smo pripravili vzorčne prevode del. To so bili zmeraj zelo odmevni dogodki v lvovskih knjigarnah, z množico obiskovalcev, ne le študentov. Sodelujemo tudi pri mednarodnih kulturnih projektih, ki sočasno potekajo na vseh lektoratih slovenščine po svetu. Letos so študenti s pomočjo učiteljev v 22 jezikov prevedli knjižico Žepna slovenščina; to je nasploh prvi ukrajinsko-slovenski slovarček. Pred dvema letoma smo v ukrajinščino prevedli dokumentarne filme o Toporišiču, Cerkniškem jezeru in Juriju Gustinčiču ter priredili njihove projekcije. Tudi slovenski film Slovenka smo prevedli in ga prikazali.''
Tudi Ukrajinci poznajo
kozolec in copate
Zanimivo, da predavate ob Filološki fakulteti tudi študentom novinarstva in na Fakulteti za mednarodne odnose. To zahteva široko znanje?
''Veliko tekam po mestu. In se prilagajam. Pomembno je, da že tekoče govorim ukrajinsko. Študentom predavamo od letos kulturno zgodovino Slovenije, slovensko ljudsko slovstvo, zgodovino Slovenije, zgodovino slovenskega jezika, zgodovinsko slovnico slovenskega jezika, primerjalno zgodovinsko slovnico slovanskih jezikov ter teorijo in prakso prevajanja. Poučevanje slovenščine kot tujega jezika se povsem razlikuje od slovenističnega študija Slovencev. Recimo že tako preproste stvari, kot je besedni red, ki je Slovencem povsem samoumeven - 'dal sem mu ga'. Tujcu ta naslonski niz seveda ni samoumeven. Velike težave so pri glasoslovju. Mi nismo pozorni na široke in ozke samoglasnike, tega ukrajinska fonetika sploh nima. Ne le, da te glasove težko izgovarjajo, tudi prepoznajo jih ne.''
Sta si ukrajinščina in slovenščina kot slovanska jezika kaj podobni, imata kake skupne identitetne točke?
''Tudi Ukrajinci poznajo kozolec in copate. Da te povabijo domov, ni samoumevno. (Sicer pa so silno prijazni ljudje, kar se najbolj vidi na tržnici, doda Janja.) Tujci, ki prihajajo v Lvov, v glavnem govorijo rusko. Sicer pa je mesto središče ukrajinskega domoljubja in tukaj ruščine praktično ni. Jezika se tudi zelo razlikujeta. Sam govorim tekoče ukrajinsko, a mi pri razumevanju ruščine, sploh govorjene, ne pomaga kaj prida. 'Lažnih prijateljev', besed, ki zvenijo zelo podobno, a so povsem drugačne po pomenu, je med slovenščino in ukrajinščino kar nekaj. Recimo: srajca - sraca, če jo sklanjamo v srajci, v sraci, pomeni v ukrajinščini 'v riti'. Pa zapor je v ukrajinščini zaprtje. Ali pa beseda čolovik je moški, družina pa pomeni žena.''
''Nevarno območje''
prijazno mesto
Koliko vas ta čas predava na slovenističnem študiju v Lvovu?
''Za zdaj smo trije, poleg mene še dr. Natalija Horoz, ki je jezikoslovka, in Marijana Klimec, ki bo kmalu doktorirala iz hrvaške književnosti. Obe sta se v minulih letih intenzivno izobraževali v Ljubljani na Seminarjih slovenskega jezika, literature in kulture. Sam imam praktični del pouka, torej lektorske vaje. Hkrati bom predaval še na Fakulteti za novinarstvo.''
Je tekma med posameznimi slovanskimi jeziki na vaši katedri za slavistiko? Denimo med srbohrvatisti in slovenisti?
''Ni kakšne tekme. Sistem je tak, da se vsaki dve leti vpišeta dve smeri, ki po navadi nista obe južnoslovanski ali zahodnoslovanski. Študentje se sami odločajo denimo med kroatistiko in slovakistiko ali bohemistiko in srbistiko. Sami izberejo smer in za zdaj ni bilo težav glede števila študentov na določeni smeri. Sicer je največje zanimanje za bohemistiko, ker je na Češkem močna ukrajinska diaspora, med profesorji pa ni nobene tekmovalnosti za študente. V Lvovu je to najbrž posebnost.
Ko sem se prvič prijavljal za delovno mesto lektorja, bi šel kamorkoli, v Peking, Buenos Aires, Prago, Cleveland, tudi v Kijev, a zdaj mi je Lvov ne glede na to, da se mnogim od zunaj zdi Ukrajina 'nevarno območje', prijazno mesto.''
S Kijevom imate stike? S tamkajšnjim lektoratom slovenščine?
''Imamo stike, seveda. Lektorat slovenščine v Kijevu deluje na Univerzi Tarasa Ševčenka, kjer je lektorica dr. Inga Jarova, ki je nekaj let živela in študirala v Sloveniji, zdaj pa je zaposlena na slovenskem veleposlaništvu. Sodelujemo pri pripravi kulturnih dogodkov. V Kijevu so prevedli podnaslove dokumentarca o Fabianiju in Plečniku ter sodelovali pri prevodu Žepne slovenščine. Pisatelji, ki jih vsako leto povabimo v Lvov, običajno gostujejo tudi v Kijevu, kjer jih z velikim veseljem sprejme tamkajšnja profesorica za srbsko in hrvaško književnost Olena Dziuba Pogrebniak in z njimi priredi literarni večer. Spomladi bo oba lektorata obiskal Tone Partljič.''
Kako pa je živeti v Lvovu danes?
''Ukrajinska družba je družba nasprotij, zelo je razslojena. Po naših merilih je večina prebivalcev revna. Povprečni dohodek je bil še pred šestimi meseci dvesto petdeset evrov, od začetka vojne na vzhodu države pa je grivna devalvirala za 50 odstotkov. Problem je, ker je javni sektor zelo slabo plačan. Kupiti pa je mogoče vse, tudi vozni park je veliko boljši kot v Sloveniji. Polno je lexusov in podobnih razkošnih vozil. Bencin je malenkost cenejši. Ne kupujemo določenih ukrajinskih izdelkov, ker je bilo že kar nekaj afer in so nekateri oporečni, zlasti meso in mlečni izdelki. V trgovinah so po novem ob cenah ruskih izdelkov tudi ruske zastavice, ki kupce opozarjajo na bojkot teh izdelkov. Zanimivo, da ne moreš kupiti ženske revije v trafiki v ukrajinščini, le v ruščini. Tudi veliko TV-programov je v ruščini. In na televiziji gledamo najprej poročila o ruskih agresorjih, potem pa film o ruskih herojih.
Nekaj časa so bile na vpadnicah v Lvov barikade, kjer so preverjali voznike in potnike, da bi se ubranili pred morebitnimi provokatorji. Med ljudmi se čuti strah, med mladimi je veliko bega možganov. Zaradi pomanjkanja zaposlitvenih možnosti je življenje še posebno težko na podeželju, kjer izginjajo cele vasi. Želja po Zahodu je med ljudmi ogromna. Hrepenenje po EU je izjemno. Vsi imajo na registrskih tablicah že EU-znak. Tudi tajkune imajo in vedno znova jih na volitvah izvolijo, kar me zmeraj preseneti.
Lvov je turistično zelo razvit. Središče mesta je pod Unescovo zaščito, ogromna spalna naselja pa so socrealistična.''
Naj pridejo sem in bodo videli
Kje pa dobivate študijsko gradivo, knjige ...? Kako je s prevodi?
''Imamo določena sredstva, namenjena za nakup literature, Center za slovenščino kot drugi tuji jezik skrbi za to. Tudi Beletrina iz Ljubljane in Javna agencija za knjigo večkrat podarita kakšne knjige, tako da počasi izpopolnjujemo univerzitetno knjižnico. Ta čas razmišljava, da bi ukrajinsko literaturo približala Slovencem. Razen pesniških zbirk Ševčenka in Irvaneca ni v slovenščini ničesar. Najina želja je prevesti kak sodobni ukrajinski roman.
Pri prevajanju slovenskih avtorjev v ukrajinščino so že vidni rezultati: pravkar sta kolegici Natalija Horoz in Marijana Klimec prevedli roman Sukub Vlada Žabota, ki je izšel septembra lani. Še prej je prevajalka iz Harkova, Ljudmila Kancedal, prevedla Drevo brez imena Draga Jančarja. Z našo novo slovenistično generacijo bo najbrž še več možnosti za prevajanje.''
Vajin pogled na situacijo tukaj?
''Včasih se nama zdi, da si 1000 kilometrov iz domovine bolj Slovenec kot doma. Najbolj slab občutek je bil, ko so pred sodiščem protestirali v podporo Janši in so nosili napise 'Slovenija je Ukrajina' in 'Janša je Timošenkova'. Naj pridejo sem, pa bodo videli. Nič ni posploševati. Res je razlika med državama, a take poenostavitve so zelo nepravične.''
In odnos do Putina v Lvovu, ki je zelo proevropsko mesto?
''Zelo sovražen, tudi mediji so silno kritični, kar je glede na razmere razumljivo. Pozna se proevropskost zahodne Ukrajine, seveda. Tisti, ki so bili prozahodno naravnani, so po večini zapustili območja, ki jih nadzorujejo separatisti. Zanimivo pa je, da se jugovzhodni del države, ki je najbolj proruski, prekriva z območjem, kjer je bil izveden holodomor. In je zato tudi proruski, tedaj je umrlo več milijonov Ukrajincev in na ta območja so naselili rusko prebivalstvo. Tudi Ukrajinci, ki živijo vzhodno od Kijeva in govorijo rusko, se po nacionalnosti opredeljujejo za Ukrajince. Nisem prepričan, da je ravno jezik določevalec identitete pri Ukrajincih.''
Kaj pa je vsem Ukrajincem skupno, ne glede na to, ali so proruski ali proevropski?
''Tradicija, etnografska dediščina, zgodovina. Tudi mladi ljudje vedno več hodijo v narodnih nošah, višivankah. Tudi naše študentke. To je izraz zavednosti in domoljubnosti. Ko nas je v Lvovu obiskala dopisnica RTV Slovenija v Moskvi Vlasta Jeseničnik, so tri študentke samoiniciativno prišle na snemanje v višivankah, ukrajinskih narodnih oblačilih. Pri nas je kaj takega nepredstavljivo. V zahodnem delu Ukrajine jih boli, ker jih ruski mediji prikazujejo kot fašiste, nacionaliste, negativna propaganda je močna. In nasedajo ji.''</article-text-transliterated></article><comments><comments-count>0</comments-count><comments-list /></comments></document>