<?xml version="1.0" encoding="utf-8"?>
<document global-id="si-04-1178">
	<url>https://www.vecer.com//delavci-nigrada-zahtevajo-podroben-skrbni-pregled-poslovanja-od-leta-2013-naprej-6282440</url>
	<source-id>si-04</source-id>
	<local-id>1178</local-id>
	<source-name>Večer</source-name>
	<article>
		<article-title>Delavci Nigrada zahtevajo podroben skrbni pregled poslovanja od leta 2013 naprej</article-title>
		<article-title-transliterated>Delavci Nigrada zahtevajo podroben skrbni pregled poslovanja od leta 2013 naprej</article-title-transliterated>
		<article-time>2017-07-19</article-time>
		<article-author>Igor Selan</article-author>
		<article-text>Zaposleni v Nigradu imajo dovolj tega, da se večinski lastnik, mariborska občina, do podjetja obnaša kot do igračke in ga postopoma, a zanesljivo uničuje. Na današnji tiskovni konferenci, ki jo je sklical sindikat, udeležili pa so se ga tudi predstavniki sveta delavcev in nadzornega sveta (izmed zaposlenih), so opozorili, da niso zaposleni odgovorni za milijonsko izgubo podjetja, ampak odgovornost za to nosi občina, ki direktorje in nadzornike menjuje po tekočem traku, kar onemogoča konsistentno vodenje in upravljanje podetja.   Neprestano menjavanje direktorjev onemogoča konsistentno vodenje in upravljanje podetja    Tako so med drugim postregli s podatkom, da se je samo v mandatu župana Andreja Fištravca zamenjalo že osem direktorjev ter dvanajst nadzornikov, pri čemer jih je kar polovico zamenjala občina sama, druga polovica pa je odstopila zato, ker enostavno niso našli skupnega jezika z občino. &quot;Vse to kaže na pritiske na njih, ki so po zakonu nedopustni. Tako naprej več ne gre, večinski lastnik bo svoje razmišljanje moral spremeniti,&quot; je povedal Mišo Pušnik iz nadzornega sveta. Podobno je menil tudi predsednik sindikata Drago Buček: &quot;Skoraj polovica zaposlenih, 113, dela za plačilo, manjše od minimalne plače, kar ne zagotavlja spodobnega preživetja. Če direktorje neprestano menjujejo, sindikat na drugi strani nima sogovornika.&quot;  V mandatu župana Andreja Fištravca se je zamenjalo že osem direktorjev ter dvanajst nadzornikov  Da so se zaposleni na zboru delavcev sami odločili za torkov protest pred občino, je še dodal Buček in povedal, da prejemajo številne izraze podpore tudi iz drugih občinskih podjetij, kjer naj bi napovedovali, da se jim bodo, če bodo protestirali ponovno, pridružili.        Sašo Bizjak Torkovega protesta zaradi neustreznega kadrovanja direktorjev se je udeležilo več kot sto zaposlenih    Kot je povedal bivši direktor Srečko Hvauc, je sicer sindikat na zboru delavcev dobil polno podporo tudi za bolj radikalne ukrepe, a da je njihova primarna skrb zagotovitev zakonitih postopkov. &quot;Zaposleni bomo zahtevali podroben skrbni pregled poslovanja podjetja vse od začetka mandata sedanjega župana. Če večinski lastnik na to ne bo pristal, se bomo obrnili na za to pristojne organe in zahtevali odškodninsko in kazensko odgovornost. Dokumentov, ki dokazujejo nepravilnosti prejšnjih vodstev, ki jih je imenovala občina, imamo dovolj.&quot;        Andrej Petelinsek Zbor delavcev podjetja Nigrad je sindikatu dal mandat tudi za bolj radikalne ukrepe, o njih se bodo odločali po današnji seji nadzornega sveta    Še enkrat so poudarili tudi, da ne podpirajo imenovanja Marka Plečka za direktorja zaradi njega samega - čeprav so v isti sapi dodali, da je izboljšal poslovanje, predvsem pa komunikacijo z zaposlenimi - ampak zato, ker je skrajni čas, da se zagotovi stabilno poslovodstvo s polnim mandatom.  Župan Fištravec vztraja, da Plečku ne bo podal soglasja k imenovanju direktorja  Tik pred začetkom novinarske konference se je z izjavo za javnost oglasil tudi Fištravec. Ta še naprej vztraja, da Plečku ne bo podal soglasja k imenovanju direktorja. Od nadzornega sveta pričakuje, da bo v najkrajšem možnem času ponovil razpis za direktorja in poskrbel, da bo podjetje imelo poslovodno osebo, ki se bo sposobna soočiti z izzivi v podjetju in dejstvom, da občina Nigradu ni pripravljena plačevati bistveno višjih cen, kot so na trgu: &quot;Samo pri opravljanju del s strani Nigrada prihaja do situacij, kjer končna cena presega projektantsko oceno del. Pri asfaltnih prevlekah je cena presežena v povprečju za 27 odstotkov, medtem, ko je pri poslih z drugimi podjetji praksa, da je končna cena od projektantske ocene nižja, v povprečju za petino.&quot;  Fištravec: &quot;Poslovni model podjetja že dlje časa temelji izključno na poslih, ki jih zagotovi občina.&quot;  Jože Planinc, vodja zimske službe v Nigradu žogico vrne občini. &quot;Z občino imamo pogodbo za vzdrževanje cest vredno 16 milijonov evrov, nakaže pa nam jih manj kot osem. Potem pa so občani zaradi slabih cest jezni na Nigrad. Mi vseskozi opozarjamo na podfinanciranje, a občina enostavno ne ukrepa. Nastavlja pa direktorje, ki se na gradbeništvo evidentno ne spoznajo.&quot;  Občina nastavlja direktorje, ki se na gradbeništvo evidentno ne spoznajo  Nadalje Fištravec koz razlog za poziv nadzornemu svetu, da Plečka ne potrdi za direktorja, navaja, da je Nigrad, odkar ga vodi Plečko, tričetrt prihodkov ustvaril s poslovanjem z občino, v kar celo niso všteti prihodki iz poslovanja z drugimi občinskimi podjetji. &quot;Poslovni model podjetja že dlje časa temelji izključno na poslih, ki jih zagotovi občina direktno ali posredno. Iz tega jasno izhaja, da je za stabilizacijo poslovanja in obrat iz rdečih številk v tem času poskrbela prav občina,&quot;svoje navedbe izpred nekaj dni, da je občina tista, ki pravzaprav rešuje Nigrad, pojasnil Fištravec. Danes ob 17.00 uri se bo tako znova sestal nadzorni svet podjetja, ki bo odločal o eni sami točki, imenovanju direktorja. Od njegove odločitve so, tako Buček, odvisni nadaljni koraki sindikata, ki ne bo več mirno spremljal dogajanja.</article-text>
		<article-text-transliterated>Zaposleni v Nigradu imajo dovolj tega, da se večinski lastnik, mariborska občina, do podjetja obnaša kot do igračke in ga postopoma, a zanesljivo uničuje. Na današnji tiskovni konferenci, ki jo je sklical sindikat, udeležili pa so se ga tudi predstavniki sveta delavcev in nadzornega sveta (izmed zaposlenih), so opozorili, da niso zaposleni odgovorni za milijonsko izgubo podjetja, ampak odgovornost za to nosi občina, ki direktorje in nadzornike menjuje po tekočem traku, kar onemogoča konsistentno vodenje in upravljanje podetja.   Neprestano menjavanje direktorjev onemogoča konsistentno vodenje in upravljanje podetja    Tako so med drugim postregli s podatkom, da se je samo v mandatu župana Andreja Fištravca zamenjalo že osem direktorjev ter dvanajst nadzornikov, pri čemer jih je kar polovico zamenjala občina sama, druga polovica pa je odstopila zato, ker enostavno niso našli skupnega jezika z občino. &quot;Vse to kaže na pritiske na njih, ki so po zakonu nedopustni. Tako naprej več ne gre, večinski lastnik bo svoje razmišljanje moral spremeniti,&quot; je povedal Mišo Pušnik iz nadzornega sveta. Podobno je menil tudi predsednik sindikata Drago Buček: &quot;Skoraj polovica zaposlenih, 113, dela za plačilo, manjše od minimalne plače, kar ne zagotavlja spodobnega preživetja. Če direktorje neprestano menjujejo, sindikat na drugi strani nima sogovornika.&quot;  V mandatu župana Andreja Fištravca se je zamenjalo že osem direktorjev ter dvanajst nadzornikov  Da so se zaposleni na zboru delavcev sami odločili za torkov protest pred občino, je še dodal Buček in povedal, da prejemajo številne izraze podpore tudi iz drugih občinskih podjetij, kjer naj bi napovedovali, da se jim bodo, če bodo protestirali ponovno, pridružili.        Sašo Bizjak Torkovega protesta zaradi neustreznega kadrovanja direktorjev se je udeležilo več kot sto zaposlenih    Kot je povedal bivši direktor Srečko Hvauc, je sicer sindikat na zboru delavcev dobil polno podporo tudi za bolj radikalne ukrepe, a da je njihova primarna skrb zagotovitev zakonitih postopkov. &quot;Zaposleni bomo zahtevali podroben skrbni pregled poslovanja podjetja vse od začetka mandata sedanjega župana. Če večinski lastnik na to ne bo pristal, se bomo obrnili na za to pristojne organe in zahtevali odškodninsko in kazensko odgovornost. Dokumentov, ki dokazujejo nepravilnosti prejšnjih vodstev, ki jih je imenovala občina, imamo dovolj.&quot;        Andrej Petelinsek Zbor delavcev podjetja Nigrad je sindikatu dal mandat tudi za bolj radikalne ukrepe, o njih se bodo odločali po današnji seji nadzornega sveta    Še enkrat so poudarili tudi, da ne podpirajo imenovanja Marka Plečka za direktorja zaradi njega samega - čeprav so v isti sapi dodali, da je izboljšal poslovanje, predvsem pa komunikacijo z zaposlenimi - ampak zato, ker je skrajni čas, da se zagotovi stabilno poslovodstvo s polnim mandatom.  Župan Fištravec vztraja, da Plečku ne bo podal soglasja k imenovanju direktorja  Tik pred začetkom novinarske konference se je z izjavo za javnost oglasil tudi Fištravec. Ta še naprej vztraja, da Plečku ne bo podal soglasja k imenovanju direktorja. Od nadzornega sveta pričakuje, da bo v najkrajšem možnem času ponovil razpis za direktorja in poskrbel, da bo podjetje imelo poslovodno osebo, ki se bo sposobna soočiti z izzivi v podjetju in dejstvom, da občina Nigradu ni pripravljena plačevati bistveno višjih cen, kot so na trgu: &quot;Samo pri opravljanju del s strani Nigrada prihaja do situacij, kjer končna cena presega projektantsko oceno del. Pri asfaltnih prevlekah je cena presežena v povprečju za 27 odstotkov, medtem, ko je pri poslih z drugimi podjetji praksa, da je končna cena od projektantske ocene nižja, v povprečju za petino.&quot;  Fištravec: &quot;Poslovni model podjetja že dlje časa temelji izključno na poslih, ki jih zagotovi občina.&quot;  Jože Planinc, vodja zimske službe v Nigradu žogico vrne občini. &quot;Z občino imamo pogodbo za vzdrževanje cest vredno 16 milijonov evrov, nakaže pa nam jih manj kot osem. Potem pa so občani zaradi slabih cest jezni na Nigrad. Mi vseskozi opozarjamo na podfinanciranje, a občina enostavno ne ukrepa. Nastavlja pa direktorje, ki se na gradbeništvo evidentno ne spoznajo.&quot;  Občina nastavlja direktorje, ki se na gradbeništvo evidentno ne spoznajo  Nadalje Fištravec koz razlog za poziv nadzornemu svetu, da Plečka ne potrdi za direktorja, navaja, da je Nigrad, odkar ga vodi Plečko, tričetrt prihodkov ustvaril s poslovanjem z občino, v kar celo niso všteti prihodki iz poslovanja z drugimi občinskimi podjetji. &quot;Poslovni model podjetja že dlje časa temelji izključno na poslih, ki jih zagotovi občina direktno ali posredno. Iz tega jasno izhaja, da je za stabilizacijo poslovanja in obrat iz rdečih številk v tem času poskrbela prav občina,&quot;svoje navedbe izpred nekaj dni, da je občina tista, ki pravzaprav rešuje Nigrad, pojasnil Fištravec. Danes ob 17.00 uri se bo tako znova sestal nadzorni svet podjetja, ki bo odločal o eni sami točki, imenovanju direktorja. Od njegove odločitve so, tako Buček, odvisni nadaljni koraki sindikata, ki ne bo več mirno spremljal dogajanja.</article-text-transliterated>
	</article>
	<comments>
		<comments-count>0</comments-count>
		<comments-list/>
	</comments>
</document>
