<?xml version="1.0" encoding="utf-8"?>
<document global-id="si-04-1301">
	<url>https://www.vecer.com//dokazi-na-nasem-krozniku-6225398</url>
	<source-id>si-04</source-id>
	<local-id>1301</local-id>
	<source-name>Večer</source-name>
	<article>
		<article-title>Dokazi na našem krožniku</article-title>
		<article-title-transliterated>Dokazi na našem krožniku</article-title-transliterated>
		<article-time>2016-06-04</article-time>
		<article-author>Dragica Korade</article-author>
		<article-text>Najbolj slastna knjiga, kar sem jih kdaj urejala, je zapisala Jelka Ciglene?ki. Po njenih besedah je Svetlana Slapšak fantasti?na vodi?ka po svetu hrane: lepo po abecedi pojasni, kakšne simbolne pomene jemo skupaj z arti?okami, avokadom, bobom ... do torte in žara. “Tisti, ki jih je že kdaj povabila na ve?erjo, dobro veste, da to niso suha intelektualna izvajanja, spodaj je uživaška praksa. Tako lahko dobite tudi kup ?isto prakti?nih receptov. Recimo kaj jesti 29. 11., na god Jugoslavije, in kako naj sestavi prazni?no ve?erjo obubožani delavski in prekarni razred.” Ja, dokaz, da je ve?ina državljanov oropana demokracije in pravic, je na krožniku, je avtorica povzela debato o hrani v naših ?asih že pred dvema letoma, ko je predstavljala knjigo o zelju in spolnosti. Tudi zaradi te fantasti?ne študije, v kateri se prepletajo “visoke in nizke teme”, nimamo nobenega razloga, da bi podvomili o prvih uredniških besedah o najnovejši zbirki antropoloških esejev Svetlane Slapšak. Že pri zelju smo uživali ne samo v njenih (politi?nih) zgodbah o zelju in vrtnicah, marve? tudi pri opisovanju vojne med Srbi, Madžari in Romuni za - turško sarmo. Da o samih sarmah ne govorimo: vse tiste podrobnosti o tem, kaj vse lahko oviješ ali pa tudi skriješ v zeljnat list, lahko odstre samo nekdo, ki uživa v zavijanju hrane. Na?in, na katerega odstira te skrivnosti, pod?rtuje naslov nove knjige: Kuhinja z razgledom. In ko smo že pri užitkih: tisti, ki že dobro desetletje spremljajo njeno pisanje na straneh Ve?erove sobotne priloge, lahko iz tedna v teden spoznavajo, kako preprosto dobro zna ta razgledana kuharica iz vsakdanje stvari ustvariti umetnino, ki puš?a za seboj užitek ?itanja. Tudi zaradi teh kolumn tokrat nekaj generalij o avtorici vrhunskega formata: Svetlana Slapšak se je rodila v Beogradu 18. januarja 1948. Na tamkajšnji Filozofski fakulteti je leta 1975 magistrirala iz zgodovinske semantike grškega jezika, leta 1984 pa doktorirala z disertacijo Grške prevedenke v Slovarju Vuka Karadži?a. Do leta 1988 je bila zaposlena v Inštitutu za književnost in umetnost v Beogradu. Že med študijem je aktivno sodelovala v gibanjih za ?lovekove pravice, svobodo izražanja in zoper smrtno kazen, zaradi ?esar so ji trikrat odvzeli potni list: prvi? v letih 1968-73, drugi? 1975-77, tretji? 1988-90. Bila je preganjana, pretepena, leta 1988 pa so jo po montiranem sodnem procesu, na katerem je bila nazadnje oproš?ena, vrgli iz službe. Tri leta kasneje se je kon?no preselila v Ljubljano, kjer je od leta 1986 na Filozofski fakulteti predavala srbsko in hrvaško književnost, avantgardo in žensko književnost. Na Inštitutu za humanisti?ne študije (ISH v Ljubljani) je predavala študije spolov in antropologijo anti?nih svetov. Za svoje delo je prejela številne nagrade: Miloš Crnjanski za knjigo esejev leta 1990; American PEN Freedom of Expression Award, 1993; Helsinki Watch Award, 2000; Among 1000 Women for Peace, candidates for the Nobel Peace prize, 2005; in leta 2014 nagrado za knjigo esejev Mirko Kova?. Leta 2014 so jo upokojili. Ker prejema minimalno penzijo, ji je dostopna samo hrana revnih. • Dragica Korade</article-text>
		<article-text-transliterated>Najbolj slastna knjiga, kar sem jih kdaj urejala, je zapisala Jelka Ciglene?ki. Po njenih besedah je Svetlana Slapšak fantasti?na vodi?ka po svetu hrane: lepo po abecedi pojasni, kakšne simbolne pomene jemo skupaj z arti?okami, avokadom, bobom ... do torte in žara. “Tisti, ki jih je že kdaj povabila na ve?erjo, dobro veste, da to niso suha intelektualna izvajanja, spodaj je uživaška praksa. Tako lahko dobite tudi kup ?isto prakti?nih receptov. Recimo kaj jesti 29. 11., na god Jugoslavije, in kako naj sestavi prazni?no ve?erjo obubožani delavski in prekarni razred.” Ja, dokaz, da je ve?ina državljanov oropana demokracije in pravic, je na krožniku, je avtorica povzela debato o hrani v naših ?asih že pred dvema letoma, ko je predstavljala knjigo o zelju in spolnosti. Tudi zaradi te fantasti?ne študije, v kateri se prepletajo “visoke in nizke teme”, nimamo nobenega razloga, da bi podvomili o prvih uredniških besedah o najnovejši zbirki antropoloških esejev Svetlane Slapšak. Že pri zelju smo uživali ne samo v njenih (politi?nih) zgodbah o zelju in vrtnicah, marve? tudi pri opisovanju vojne med Srbi, Madžari in Romuni za - turško sarmo. Da o samih sarmah ne govorimo: vse tiste podrobnosti o tem, kaj vse lahko oviješ ali pa tudi skriješ v zeljnat list, lahko odstre samo nekdo, ki uživa v zavijanju hrane. Na?in, na katerega odstira te skrivnosti, pod?rtuje naslov nove knjige: Kuhinja z razgledom. In ko smo že pri užitkih: tisti, ki že dobro desetletje spremljajo njeno pisanje na straneh Ve?erove sobotne priloge, lahko iz tedna v teden spoznavajo, kako preprosto dobro zna ta razgledana kuharica iz vsakdanje stvari ustvariti umetnino, ki puš?a za seboj užitek ?itanja. Tudi zaradi teh kolumn tokrat nekaj generalij o avtorici vrhunskega formata: Svetlana Slapšak se je rodila v Beogradu 18. januarja 1948. Na tamkajšnji Filozofski fakulteti je leta 1975 magistrirala iz zgodovinske semantike grškega jezika, leta 1984 pa doktorirala z disertacijo Grške prevedenke v Slovarju Vuka Karadži?a. Do leta 1988 je bila zaposlena v Inštitutu za književnost in umetnost v Beogradu. Že med študijem je aktivno sodelovala v gibanjih za ?lovekove pravice, svobodo izražanja in zoper smrtno kazen, zaradi ?esar so ji trikrat odvzeli potni list: prvi? v letih 1968-73, drugi? 1975-77, tretji? 1988-90. Bila je preganjana, pretepena, leta 1988 pa so jo po montiranem sodnem procesu, na katerem je bila nazadnje oproš?ena, vrgli iz službe. Tri leta kasneje se je kon?no preselila v Ljubljano, kjer je od leta 1986 na Filozofski fakulteti predavala srbsko in hrvaško književnost, avantgardo in žensko književnost. Na Inštitutu za humanisti?ne študije (ISH v Ljubljani) je predavala študije spolov in antropologijo anti?nih svetov. Za svoje delo je prejela številne nagrade: Miloš Crnjanski za knjigo esejev leta 1990; American PEN Freedom of Expression Award, 1993; Helsinki Watch Award, 2000; Among 1000 Women for Peace, candidates for the Nobel Peace prize, 2005; in leta 2014 nagrado za knjigo esejev Mirko Kova?. Leta 2014 so jo upokojili. Ker prejema minimalno penzijo, ji je dostopna samo hrana revnih. • Dragica Korade</article-text-transliterated>
	</article>
	<comments>
		<comments-count>0</comments-count>
		<comments-list/>
	</comments>
</document>
