<?xml version="1.0" encoding="utf-8"?>
<document global-id="si-04-1226">
	<url>https://www.vecer.com//201601136176253-6176253</url>
	<source-id>si-04</source-id>
	<local-id>1226</local-id>
	<source-name>Večer</source-name>
	<article>
		<article-title>Dijakom prijazno?</article-title>
		<article-title-transliterated>Dijakom prijazno?</article-title-transliterated>
		<article-time>2016-01-13</article-time>
		<article-author>Melita Forstneric Hajnšek</article-author>
		<article-text>Nekaj ključnih nesporazumov se veže na zadnjo uprizoritev Ane Karenine v ljubljanski Drami. Prvi je, zakaj delati dramatizacijo romana za maturante, ki imajo letos Tolstojev roman kot obvezen naslov na slovenski maturi. Pretežak roman za nove generacije dijakov, je menila celo ruska pisateljica Marina Stepnova, sicer ljubiteljica Tolstoja, ko je bila na obisku v Sloveniji.Čemu potrebujejo dijaki dramsko priredbo, če je vendar treba razumeti in dojeti romaneskno strukturo dela v celoti? Če smo že slovenščino na maturi zastavili samo na najvišjem nivoju, torej zahtevno in upoštevajoč za materinščino obvezne visoke osnovne standarde. Ker današnja mladina nima koncentracije za tako epsko širino, ji je treba pomagati z dialogi, ekstraktom in izpostavljanjem temeljnih misli in poant zahtevnega dela? Ponuditi aktualno branje Ane Karenine v slikah? Ali res?To me malo spominja na tiste priročnike s kratkimi vsebinami literarnih del, ki so pred leti preplavili trg in šli za med. Samo da so ubogim dijakom prihranili dolgo(vezno) branje. Čudno, da take potrebe ni pri drugih ključnih predmetih. Nikomur ne pade na pamet, da bi poenostavljal, drugače približal integrale, odvode ali vektorje. A teatri lahko podobno kot založniki z maturantskimi predstavami pač služijo. Predstave Ane Karenine za red dijaški se vrstijo, nekatere gimnazije so jih že zakupile. Torej oprijemljivi poslovni uspeh za teater.Ne predstavljam si, kako bi v didaktičnem smislu predstava lahko pomagala bolje dojemati roman. In če že taka odločitev, je pa res vseeno, ali jo igrajo v prvi nacionalki države ali v Šentjakobu.In drugo nelagodje, nesporazum predstave? Zakaj dati sicer prominentnemu upokojenemu režiserju možnost popravnega izpita? Po desetletju postavlja Ano Karenino znova na istem odru z isto glavno igralko Polono Juh, a s prepolovljeno zasedbo, zaradi varčevanja. Dušan Jovanović ne potrebuje popravnih izpitov, bi pa bilo koristno in prav mladim, brezposelnim režiserjem ponuditi možnost sprejemnega izpita v nacionalni instituciji. Pregrešna misel, vem, a ob takih umetniških reciklažah ali reparacijah je pomislek upravičen. Posebej še, če predstava nikakor nima potenciala, ki ga tekst premore v izdatni meri. Literarni emblem pogubne ljubezenske izbire v najnovejši odrski priredbi ne dosega niti približno silovitosti in sijaja romanesknega originala.Prvi prizor, znamenito srečanje Ane in Vronskega na postaji ob smrti železničarja pod tiri, začne monolog železničarjeve vdove. Zvezdana Mlakar je s ponavljajočim se kričanjem ...''Pet otrok ga čaka doma, njega pa ne bo ...'' povsem nepotrebna in banalna širitev dramskega dogajanja, ki je tako že preobloženo z nenehnimi menjavami prizorov. Prizorišč pa ne, ker se je režiser s scenografinjo Jasno Vastl odločil za minimalistično premetavanje k(v)adrov v prostoru odra, nad katerim je dvignjen most in za njim platno. Vlak prihaja na njem in leseni vlakec, igračka na sceni, napoveduje zlovešči Anin konec, hkrati pa njeno nasilno ločitev od sina Serjože, ki ga je žrtvovala za prešuštno ljubezen.Polona Juh kot Ana je seveda posebna postavka predstave o usodnem ljubezenskem trikotniku in o krivdi in grehu poročene ženske, ki ljubi drugega. Vesolje njenih emocij je neizmerno in njen diapazon nezemeljski. Vsa njena duhovna stanja, zlasti v drugem delu, ko se lomi ob krivdi in dvomih, so precizno izrisana, bravurozna serija vseh odtenkov trpljenja, kesanja, samodestrukcije. Njeno telo pod subtilno lučjo deluje čedalje manj glamurozno in čedalje bolj od morfija in bolečine zlomljeno, njen obraz je zemljevid emocij. Magija njene igre je osupljiva. Na trenutke pomisliš ob večinsko statirajočih soigralcih, da bi lahko bila to tudi samo njena (mono)drama. Žal pa ne more rešiti celote.Karenin Matjaža Tribušona ji edini na sceni parira v vsem, tudi s sijajno gestiko. Zajedljivi, pedantni perfekcionist je edini soigralec, ki se lahko kosa z boleče precizno Juhovo. Vronski, ki je v romanu močan, polnokrvni lik, sicer vojaško pragmatičen, je v interpretaciji Klemena Janežiča bled, medel. Ni dostojna protiigra Juhovi. Zbledel je v trenutku ob njeni kot skalpel ostri igri, natančnem komponiranju partiture glasu in giba. Pomnimo zgolj njegove prihode in odhode. Celo v erotično nabitih prizorih ga skorajda ni čutiti.Predvsem glasba Draga Ivanuše daje predstavi dinamiko, prizori se nizajo z glasnimi glasbenimi poudarki. Kostumografija je - vsaj kar zadeva glavno protagonistko - posodobljena, prizemljena, nadčasovna. Jovanović je z dramaturginjo Darjo Dominkuš izpostavil družbeni kontekst nazorno, pragmatično, učinkovito - za šolsko rabo primerno.Kako brez mnogih ključnih likov romana, kot je Levin, kot je Kitty, ki se pojavi v predstavi mimogrede na začetku, in z vsemi redukcijami dojeti elementarno življenjsko stisko, ki jo s tako mojstrsko doslednostjo riše Tolstoj?Predstava, ki ni prav posrečen popravni izpit.</article-text>
		<article-text-transliterated>Nekaj ključnih nesporazumov se veže na zadnjo uprizoritev Ane Karenine v ljubljanski Drami. Prvi je, zakaj delati dramatizacijo romana za maturante, ki imajo letos Tolstojev roman kot obvezen naslov na slovenski maturi. Pretežak roman za nove generacije dijakov, je menila celo ruska pisateljica Marina Stepnova, sicer ljubiteljica Tolstoja, ko je bila na obisku v Sloveniji.Čemu potrebujejo dijaki dramsko priredbo, če je vendar treba razumeti in dojeti romaneskno strukturo dela v celoti? Če smo že slovenščino na maturi zastavili samo na najvišjem nivoju, torej zahtevno in upoštevajoč za materinščino obvezne visoke osnovne standarde. Ker današnja mladina nima koncentracije za tako epsko širino, ji je treba pomagati z dialogi, ekstraktom in izpostavljanjem temeljnih misli in poant zahtevnega dela? Ponuditi aktualno branje Ane Karenine v slikah? Ali res?To me malo spominja na tiste priročnike s kratkimi vsebinami literarnih del, ki so pred leti preplavili trg in šli za med. Samo da so ubogim dijakom prihranili dolgo(vezno) branje. Čudno, da take potrebe ni pri drugih ključnih predmetih. Nikomur ne pade na pamet, da bi poenostavljal, drugače približal integrale, odvode ali vektorje. A teatri lahko podobno kot založniki z maturantskimi predstavami pač služijo. Predstave Ane Karenine za red dijaški se vrstijo, nekatere gimnazije so jih že zakupile. Torej oprijemljivi poslovni uspeh za teater.Ne predstavljam si, kako bi v didaktičnem smislu predstava lahko pomagala bolje dojemati roman. In če že taka odločitev, je pa res vseeno, ali jo igrajo v prvi nacionalki države ali v Šentjakobu.In drugo nelagodje, nesporazum predstave? Zakaj dati sicer prominentnemu upokojenemu režiserju možnost popravnega izpita? Po desetletju postavlja Ano Karenino znova na istem odru z isto glavno igralko Polono Juh, a s prepolovljeno zasedbo, zaradi varčevanja. Dušan Jovanović ne potrebuje popravnih izpitov, bi pa bilo koristno in prav mladim, brezposelnim režiserjem ponuditi možnost sprejemnega izpita v nacionalni instituciji. Pregrešna misel, vem, a ob takih umetniških reciklažah ali reparacijah je pomislek upravičen. Posebej še, če predstava nikakor nima potenciala, ki ga tekst premore v izdatni meri. Literarni emblem pogubne ljubezenske izbire v najnovejši odrski priredbi ne dosega niti približno silovitosti in sijaja romanesknega originala.Prvi prizor, znamenito srečanje Ane in Vronskega na postaji ob smrti železničarja pod tiri, začne monolog železničarjeve vdove. Zvezdana Mlakar je s ponavljajočim se kričanjem ...''Pet otrok ga čaka doma, njega pa ne bo ...'' povsem nepotrebna in banalna širitev dramskega dogajanja, ki je tako že preobloženo z nenehnimi menjavami prizorov. Prizorišč pa ne, ker se je režiser s scenografinjo Jasno Vastl odločil za minimalistično premetavanje k(v)adrov v prostoru odra, nad katerim je dvignjen most in za njim platno. Vlak prihaja na njem in leseni vlakec, igračka na sceni, napoveduje zlovešči Anin konec, hkrati pa njeno nasilno ločitev od sina Serjože, ki ga je žrtvovala za prešuštno ljubezen.Polona Juh kot Ana je seveda posebna postavka predstave o usodnem ljubezenskem trikotniku in o krivdi in grehu poročene ženske, ki ljubi drugega. Vesolje njenih emocij je neizmerno in njen diapazon nezemeljski. Vsa njena duhovna stanja, zlasti v drugem delu, ko se lomi ob krivdi in dvomih, so precizno izrisana, bravurozna serija vseh odtenkov trpljenja, kesanja, samodestrukcije. Njeno telo pod subtilno lučjo deluje čedalje manj glamurozno in čedalje bolj od morfija in bolečine zlomljeno, njen obraz je zemljevid emocij. Magija njene igre je osupljiva. Na trenutke pomisliš ob večinsko statirajočih soigralcih, da bi lahko bila to tudi samo njena (mono)drama. Žal pa ne more rešiti celote.Karenin Matjaža Tribušona ji edini na sceni parira v vsem, tudi s sijajno gestiko. Zajedljivi, pedantni perfekcionist je edini soigralec, ki se lahko kosa z boleče precizno Juhovo. Vronski, ki je v romanu močan, polnokrvni lik, sicer vojaško pragmatičen, je v interpretaciji Klemena Janežiča bled, medel. Ni dostojna protiigra Juhovi. Zbledel je v trenutku ob njeni kot skalpel ostri igri, natančnem komponiranju partiture glasu in giba. Pomnimo zgolj njegove prihode in odhode. Celo v erotično nabitih prizorih ga skorajda ni čutiti.Predvsem glasba Draga Ivanuše daje predstavi dinamiko, prizori se nizajo z glasnimi glasbenimi poudarki. Kostumografija je - vsaj kar zadeva glavno protagonistko - posodobljena, prizemljena, nadčasovna. Jovanović je z dramaturginjo Darjo Dominkuš izpostavil družbeni kontekst nazorno, pragmatično, učinkovito - za šolsko rabo primerno.Kako brez mnogih ključnih likov romana, kot je Levin, kot je Kitty, ki se pojavi v predstavi mimogrede na začetku, in z vsemi redukcijami dojeti elementarno življenjsko stisko, ki jo s tako mojstrsko doslednostjo riše Tolstoj?Predstava, ki ni prav posrečen popravni izpit.</article-text-transliterated>
	</article>
	<comments>
		<comments-count>0</comments-count>
		<comments-list/>
	</comments>
</document>
