<?xml version="1.0" encoding="utf-8"?>
<document global-id="si-04-13">
	<url>https://www.vecer.com//201601166177780-6177780</url>
	<source-id>si-04</source-id>
	<local-id>13</local-id>
	<source-name>Večer</source-name>
	<article>
		<article-title>&quot;Dobro je v Sloveniji, a pogrešam družino&quot;</article-title>
		<article-title-transliterated>&quot;Dobro je v Sloveniji, a pogrešam družino&quot;</article-title-transliterated>
		<article-time>2016-01-16</article-time>
		<article-author>Urška Mlinarič</article-author>
		<article-text>Bil je 20. november lanskega leta, ko je 42-letni Haraj Kivork prvič stopil na slovenska tla. Do takrat ni še nikoli slišal za Slovenijo, kaj šele, da bi kdaj bil pri nas. Tako kot na stotisoče njegovih rojakov je tudi Haraj zaradi vojne, ki v Siriji divja že pet let, spoznal, da bo najvarneje, če z družino zapusti državo in se poda na pot proti EU. Ta pa se je za nekaj tisoč beguncev končala tragično. &quot;Slišal sem, kako težka in nevarna je pot čez morje. Nisem želel tvegati, da bi se kateri od mojih otrok - ti so stari sedem, šest, štiri, dve in pol leta - utopil. Zato sem za ženo in pet otrok najel stanovanje v Istanbulu, sam pa sem se s čolnom odpravil proti Grčiji. Štirideset nas je bilo v čolnu, ki se je pred grško obalo prevrnil, tako da smo do obale morali plavati. Na srečo smo vsi preživeli, saj med nami ni bilo otrok,&quot; ob pomoči prevajalke iz arabščine pripoveduje Haraj Kivork v eni od sob azilnega doma v Ljubljani, kamor namestijo vse, ki se odločijo v Sloveniji zaprositi za mednarodno zaščito. Največ Pakistancev V azilnem domu, ki sprejme 203 prosilce za azil, trenutno biva 117 prosilcev. &quot;Večina je samskih moških, sledijo družine s skupno 24 otroki, imajo pa tudi nekaj mladoletnikov brez spremstva,&quot; pove vodja azilnega doma Katarina Štrukelj. Med prosilci je trenutno največ Pakistancev in Irancev, sledijo Iračani, Afganistanci, Ukrajinci in Sirci.Tako kot večini beguncev in migrantov, ki potujejo po balkanski poti, je tudi Harajev cilj bil Nemčija. &quot;Tam je bil že moj nečak, zato sem se mu želel pridružiti. A ko sem prispel v Dobovo, mi je eden od prostovoljcev pojasnil, da mi bo tukaj bolje, saj bom hitreje dobil azil kot v Nemčiji, ki je že zasičena s prosilci za azil. To mi je potrdil tudi nečak, ki pravi, da jih je v azilnih domovih po deset v eni sobi. Sam je imel srečo, da si je lahko s še nekaj drugimi prosilci najel stanovanje, ki ga plačuje država, da bi tako razbremenila prepolne azilne domove. V Dobovi so mi tudi pojasnili, da bom, če dobim azil, sorodnike, ki so v Nemčiji, lahko tudi obiskal. In tako zdaj v Sloveniji čakam na odobritev azila,&quot; razlaga Haraj Kivork, ki se mu vsakič, ko spregovori o družini, zariše zaskrbljenost na obrazu. &quot;Skrbi me zanje. Nenehno razmišljam, kako so. Veliko kadim ... Želim si, da bi se mi, takoj ko dobim azil, pridružili. Po varni poti.&quot; V azilnem domu, pove, so mu pojasnili, da naj bi bilo v pol leta jasno, ali bo dobil azil.Slovenija mu je všeč, ker je majhna. Tudi ljudje so prijazni. Kot kristjan je že obiskal tudi cerkev. &quot;Šel sem k maši in bil presenečen, koliko ljudi je prišlo, saj sem slišal, da v Evropi ni veliko vernih ljudi.&quot; Nekoliko ga moti le mraz, saj ima zaradi sladkorne bolezni in posledično slabše prekrvavitve še večje težave zaradi hladu. &quot;Zadovoljen sem tudi z oskrbo in obravnavo v azilnem domu. Vse bo dobro, samo da se mi pridruži družina in da otroci začnejo obiskovati šolo. To si najbolj želim,&quot; večkrat ponovi. Ure slovenskega jezika Prosilci za azil imajo v domu vso potrebno oskrbo; poleg hrane in obleke imajo tudi pravico do nujnih zdravstvenih storitev, dodatne zdravstvene oskrbe pa so deležni, če to odobri posebna zdravstvena komisija. Otroci so takoj vključeni v šolo. Vsi prosilci za azil imajo vsakodnevno tudi ure slovenskega jezika, in kot ugotavlja Štrukljeva, so prosilci za azil, ki so prišli v Slovenijo v tako imenovanih begunskih valovih, zelo zainteresirani za učenje slovenskega jezika, kar nakazuje, da si resnično želijo ostati pri nas. Vedno pa jih je nekaj, ki Slovenijo zapustijo še pred koncem postopka. Iz begunskega vala je za zdaj takih 31, medtem ko je od 69 rešenih prošenj mednarodno zaščito dobila le petčlanska iranska družina. Skupno je sicer od srede septembra lani, ko se je Slovenija znašla na begunskem zemljevidu, do 13. januarja za mednarodno zaščito zaprosilo 149 ljudi. Največ iz Iraka, Afganistana, Irana in Pakistana. &quot;Pomaga mi prijatelj&quot; Haraj Kivork pravi, da se mu zdi slovenski jezik težek, a se trudi, saj se želi čim prej zaposliti. &quot;Sam želim služiti kruh zase in za svojo družino.&quot; Prosilci za azil imajo dostop do trga dela sicer šele po devetih mesecih, saj se reševanje prošnje za azil ob pritožbah najprej na upravno in nato še na vrhovno sodišče lahko vleče tudi leta. V sirskem Alepu avtomehanik. &quot;Do začetka vojne smo zelo dobro živeli, imel sem kar dve hiši, a sta bili obe med vojno porušeni. Zadnji dve leti je bilo življenje v Siriji še posebno težko. Ko ga vprašam, od česa so živeli, saj dela ni več imel, odgovori, da je prodal ves zlat nakit, ki sta ga imela s soprogo. Tudi stroški bivanja v Istanbulu so visoki. Za stanovanje mora soproga odšteti 500 ameriških dolarjev. &quot;Pomaga mi prijatelj, ki živi v Združenih arabskih emiratih. Vsak mesec mi nakaže določen znesek,&quot; pojasni in doda, da mu bo proti EU kmalu sledila tudi sestra, ki že en mesec biva skupaj z njegovo ženo v Turčiji. &quot;Ona bi rada v Nemčijo, k sinu. Dva brata, ki sta z družinama še v Siriji, se nameravata prav tako v kratkem prebiti v Evropo.Vodja azilnega doma Štrukljeva pravi, da je zdaj, ko je v domu nekoliko več prosilcev za azil, pač nekoliko bolj živahno. Na različne narodnosti ter njihove navade in običaje pa so že navajeni, saj so se s pripadniki teh narodov srečevali že v preteklosti. &quot;Zelo jim je pomembno, da se spomnimo praznikov, ki jih praznujejo. Največ pritožb pa imamo, ko 'pade' internetna povezava. To je njihovo osnovno komunikacijsko sredstvo s prijatelji in družino in takrat so pač nekoliko nejevoljni, a že kmalu bomo dobili zmogljivejši internet in bo tudi pritožb manj,&quot; še pove Štrukljeva.</article-text>
		<article-text-transliterated>Bil je 20. november lanskega leta, ko je 42-letni Haraj Kivork prvič stopil na slovenska tla. Do takrat ni še nikoli slišal za Slovenijo, kaj šele, da bi kdaj bil pri nas. Tako kot na stotisoče njegovih rojakov je tudi Haraj zaradi vojne, ki v Siriji divja že pet let, spoznal, da bo najvarneje, če z družino zapusti državo in se poda na pot proti EU. Ta pa se je za nekaj tisoč beguncev končala tragično. &quot;Slišal sem, kako težka in nevarna je pot čez morje. Nisem želel tvegati, da bi se kateri od mojih otrok - ti so stari sedem, šest, štiri, dve in pol leta - utopil. Zato sem za ženo in pet otrok najel stanovanje v Istanbulu, sam pa sem se s čolnom odpravil proti Grčiji. Štirideset nas je bilo v čolnu, ki se je pred grško obalo prevrnil, tako da smo do obale morali plavati. Na srečo smo vsi preživeli, saj med nami ni bilo otrok,&quot; ob pomoči prevajalke iz arabščine pripoveduje Haraj Kivork v eni od sob azilnega doma v Ljubljani, kamor namestijo vse, ki se odločijo v Sloveniji zaprositi za mednarodno zaščito. Največ Pakistancev V azilnem domu, ki sprejme 203 prosilce za azil, trenutno biva 117 prosilcev. &quot;Večina je samskih moških, sledijo družine s skupno 24 otroki, imajo pa tudi nekaj mladoletnikov brez spremstva,&quot; pove vodja azilnega doma Katarina Štrukelj. Med prosilci je trenutno največ Pakistancev in Irancev, sledijo Iračani, Afganistanci, Ukrajinci in Sirci.Tako kot večini beguncev in migrantov, ki potujejo po balkanski poti, je tudi Harajev cilj bil Nemčija. &quot;Tam je bil že moj nečak, zato sem se mu želel pridružiti. A ko sem prispel v Dobovo, mi je eden od prostovoljcev pojasnil, da mi bo tukaj bolje, saj bom hitreje dobil azil kot v Nemčiji, ki je že zasičena s prosilci za azil. To mi je potrdil tudi nečak, ki pravi, da jih je v azilnih domovih po deset v eni sobi. Sam je imel srečo, da si je lahko s še nekaj drugimi prosilci najel stanovanje, ki ga plačuje država, da bi tako razbremenila prepolne azilne domove. V Dobovi so mi tudi pojasnili, da bom, če dobim azil, sorodnike, ki so v Nemčiji, lahko tudi obiskal. In tako zdaj v Sloveniji čakam na odobritev azila,&quot; razlaga Haraj Kivork, ki se mu vsakič, ko spregovori o družini, zariše zaskrbljenost na obrazu. &quot;Skrbi me zanje. Nenehno razmišljam, kako so. Veliko kadim ... Želim si, da bi se mi, takoj ko dobim azil, pridružili. Po varni poti.&quot; V azilnem domu, pove, so mu pojasnili, da naj bi bilo v pol leta jasno, ali bo dobil azil.Slovenija mu je všeč, ker je majhna. Tudi ljudje so prijazni. Kot kristjan je že obiskal tudi cerkev. &quot;Šel sem k maši in bil presenečen, koliko ljudi je prišlo, saj sem slišal, da v Evropi ni veliko vernih ljudi.&quot; Nekoliko ga moti le mraz, saj ima zaradi sladkorne bolezni in posledično slabše prekrvavitve še večje težave zaradi hladu. &quot;Zadovoljen sem tudi z oskrbo in obravnavo v azilnem domu. Vse bo dobro, samo da se mi pridruži družina in da otroci začnejo obiskovati šolo. To si najbolj želim,&quot; večkrat ponovi. Ure slovenskega jezika Prosilci za azil imajo v domu vso potrebno oskrbo; poleg hrane in obleke imajo tudi pravico do nujnih zdravstvenih storitev, dodatne zdravstvene oskrbe pa so deležni, če to odobri posebna zdravstvena komisija. Otroci so takoj vključeni v šolo. Vsi prosilci za azil imajo vsakodnevno tudi ure slovenskega jezika, in kot ugotavlja Štrukljeva, so prosilci za azil, ki so prišli v Slovenijo v tako imenovanih begunskih valovih, zelo zainteresirani za učenje slovenskega jezika, kar nakazuje, da si resnično želijo ostati pri nas. Vedno pa jih je nekaj, ki Slovenijo zapustijo še pred koncem postopka. Iz begunskega vala je za zdaj takih 31, medtem ko je od 69 rešenih prošenj mednarodno zaščito dobila le petčlanska iranska družina. Skupno je sicer od srede septembra lani, ko se je Slovenija znašla na begunskem zemljevidu, do 13. januarja za mednarodno zaščito zaprosilo 149 ljudi. Največ iz Iraka, Afganistana, Irana in Pakistana. &quot;Pomaga mi prijatelj&quot; Haraj Kivork pravi, da se mu zdi slovenski jezik težek, a se trudi, saj se želi čim prej zaposliti. &quot;Sam želim služiti kruh zase in za svojo družino.&quot; Prosilci za azil imajo dostop do trga dela sicer šele po devetih mesecih, saj se reševanje prošnje za azil ob pritožbah najprej na upravno in nato še na vrhovno sodišče lahko vleče tudi leta. V sirskem Alepu avtomehanik. &quot;Do začetka vojne smo zelo dobro živeli, imel sem kar dve hiši, a sta bili obe med vojno porušeni. Zadnji dve leti je bilo življenje v Siriji še posebno težko. Ko ga vprašam, od česa so živeli, saj dela ni več imel, odgovori, da je prodal ves zlat nakit, ki sta ga imela s soprogo. Tudi stroški bivanja v Istanbulu so visoki. Za stanovanje mora soproga odšteti 500 ameriških dolarjev. &quot;Pomaga mi prijatelj, ki živi v Združenih arabskih emiratih. Vsak mesec mi nakaže določen znesek,&quot; pojasni in doda, da mu bo proti EU kmalu sledila tudi sestra, ki že en mesec biva skupaj z njegovo ženo v Turčiji. &quot;Ona bi rada v Nemčijo, k sinu. Dva brata, ki sta z družinama še v Siriji, se nameravata prav tako v kratkem prebiti v Evropo.Vodja azilnega doma Štrukljeva pravi, da je zdaj, ko je v domu nekoliko več prosilcev za azil, pač nekoliko bolj živahno. Na različne narodnosti ter njihove navade in običaje pa so že navajeni, saj so se s pripadniki teh narodov srečevali že v preteklosti. &quot;Zelo jim je pomembno, da se spomnimo praznikov, ki jih praznujejo. Največ pritožb pa imamo, ko 'pade' internetna povezava. To je njihovo osnovno komunikacijsko sredstvo s prijatelji in družino in takrat so pač nekoliko nejevoljni, a že kmalu bomo dobili zmogljivejši internet in bo tudi pritožb manj,&quot; še pove Štrukljeva.</article-text-transliterated>
	</article>
	<comments>
		<comments-count>0</comments-count>
		<comments-list/>
	</comments>
</document>
