<?xml version="1.0" encoding="utf-8"?>
<document global-id="si-04-1434">
	<url>https://www.vecer.com//dve-nobelovi-za-knjizevnost-petru-handkeju-in-olgi-tokarczuk-10075704</url>
	<source-id>si-04</source-id>
	<local-id>1434</local-id>
	<source-name>Večer</source-name>
	<article>
		<article-title>Dve Nobelovi za književnost, dve zveneči: Petru Handkeju in Olgi Tokarczuk</article-title>
		<article-title-transliterated>Dve Nobelovi za književnost, dve zveneči: Petru Handkeju in Olgi Tokarczuk</article-title-transliterated>
		<article-time>2019-10-10</article-time>
		<article-author>VČ</article-author>
		<article-text>Dobesedno v srcu Evrope je Švedska akademija, ki podeljuje Nobelove nagrade, našla nobelovca za književnost, oba sta na več načinov zelo znana Slovencem in povezana s temi kraji. Ena je poljska pisateljica Olga Tokarczuk (1962), drugi avstrijski literat in dramatik Peter Handke (1942, avstrijska Koroška), po materi tudi slovenskih korenin.       Ker lani nobel za književnost ni bil podeljen, zaradi škandala v komisiji za odločanje, sta zdaj dva, Poljakinja za 2018, Handke z letnico 2019. Nobelovo nagrado poljska pesnica dobi za &quot;narativno imaginacijo, ki z enciklopedično strastjo predstavlja prestopanje meja kot obliko življenja&quot;, piše v utemeljitvi. Olga Tokarczuk je bila leta 2013 nagrajena z vilenico, nagrado vsakoletnega slovenskega mednarodnega literarnega srečanja pri Sežani. Handke je nobelovec za &quot;vplivno delo, ki z jezikovno iznajdljivostjo raziskuje obrobje in specifičnost človekove izkušnje&quot;.  Oba sta prevedena v slovenščino. Več sledi.</article-text>
		<article-text-transliterated>Dobesedno v srcu Evrope je Švedska akademija, ki podeljuje Nobelove nagrade, našla nobelovca za književnost, oba sta na več načinov zelo znana Slovencem in povezana s temi kraji. Ena je poljska pisateljica Olga Tokarczuk (1962), drugi avstrijski literat in dramatik Peter Handke (1942, avstrijska Koroška), po materi tudi slovenskih korenin.       Ker lani nobel za književnost ni bil podeljen, zaradi škandala v komisiji za odločanje, sta zdaj dva, Poljakinja za 2018, Handke z letnico 2019. Nobelovo nagrado poljska pesnica dobi za &quot;narativno imaginacijo, ki z enciklopedično strastjo predstavlja prestopanje meja kot obliko življenja&quot;, piše v utemeljitvi. Olga Tokarczuk je bila leta 2013 nagrajena z vilenico, nagrado vsakoletnega slovenskega mednarodnega literarnega srečanja pri Sežani. Handke je nobelovec za &quot;vplivno delo, ki z jezikovno iznajdljivostjo raziskuje obrobje in specifičnost človekove izkušnje&quot;.  Oba sta prevedena v slovenščino. Več sledi.</article-text-transliterated>
	</article>
	<comments>
		<comments-count>0</comments-count>
		<comments-list/>
	</comments>
</document>
