<document global-id="si-04-1153"><url>https://www.vecer.com//david-vracko-kam-gre-mak-do-lune-in-nazaj-6388261</url><source-id>si-04</source-id><local-id>si-04-1153</local-id><source-name>Večer</source-name><article><article-title>David Vračko: Kam gre Mak? Do lune in nazaj.</article-title><article-title-transliterated>David Vračko: Kam gre Mak? Do lune in nazaj.</article-title-transliterated><article_time>2018-01-22</article_time><article-author>Zora Štok</article-author><article-text>David Vračko, ki je s svojo restavracijo Mak prispeval k prepoznavnosti ne le Maribora, pač pa tudi Slovenije na mednarodnem kulinaričnem zemljevidu, je sicer izjemno prijeten sogovornik, a ko je treba besede spraviti na papir, se kar kmalu izkaže, da je iskrivost v živo nekaj povsem drugega od tistega, kar se kaže na papirju. Ker David Vračko ni človek, ki bi na preprosto vprašanje odgovoril preprosto ali naravnost. Ne, njega misli zapeljejo drugam. Kot v kuhinji, kjer dela - sestavine so preproste, a tisto, kar se na koncu pokaže na krožniku, je vse prej kot to. Vsaka jed ima svojo zgodbo. In tako je tudi z njegovimi odgovori - vsak je kratka zgodba o odpičenem kuharju, ki z vprašanjem včasih sploh nima zveze.







Andrej Petelinšek David Vračko na prvi vtis bolj kot na kuharja spominja na bohemskega slikarja.



Prvi pogovor sva pred dvema letoma opravila v kleti Maka, ob vinilkah, ki so se z zvoki Pink Floydov, Arta in Garfunkla, Led Zeppelinov ... vrtele na gramofonu, in ob nenehnih pavzah, ker je imel David zgoraj goste in so ga vsake toliko potrebovali. Letos sem po tihem računala na kak bolj umirjen način pogovora, a ko sva se slišala po telefonu in se začela dogovarjati, kje bi ga jaz spraševala in on odgovarjal, je kar ustrelil: "A lahko pridete v Stražun? Popoldan se bom tam sprehajal s psom, pa se lahko pogovarjava." In sem šla. Se pogovarjat o ustvarjalnosti enega najprepoznavnejših slovenskih chefov nove generacije, medtem ko je svojemu Noirju metal palico, vmes pa natresel odgovore na vse tisto, kar nas pač zanima o nekom, ki že sedem let piše izjemno kulinarično zgodbo.
Mak danes? Sedmo leto se bo aprila izteklo ...
"Šesto leto. 1. april 2011. še vedno živim. Nekaj smučev je v tem času padlo pod ostrim nožem, krožniki so padli za svobodo, mehurčki v 'flaši' so plesali valček v kozarcu, lička so obmrknila v velikem loncu - zadnja mišica za nasmeh ženski, ki jo obožuješ, telečji jeziki nadomestijo poljub za oba, race so ukradle kuram jajce, sardelice so plavale na olju (rep v gobec), lignji so se družili s pujsom 'oliverom', smrček pujsa postregel z belim zlatom (tartuf) - zakaj ga je našel? Svobodo govora sem dopustil ostrigam, na ledu, limeti, limoni ali ocvirkih. S sušenimi stegni krškopoljca, na stari berkelci zavajal pretepe (kdo bi še). Čeprav v imenovalniku kdo ali kaj ostaja ideja …, v obrambi stoji čokolada … sladko, pozno, ledeno … sadje reši. V obliki kratkega šortija ali longdrinkiča. Pred tem je breskev in jabolko zadel tisti 'košl' s testisi kot zračni jordan, malo dimljeni, ampak dovolj volovski, da ni bil več bik. Mak gre v šolo."







Andrej Petelinšek V restavraciji Mak ni menijev. Obed je kulinarična pustolovščina z vodičem Davidom Vračkom.



Kaj snujete trenutno v Maku? Se bo obdržala začrtana smer, ki se je izkazala za uspešno, ali bodo kakšni premiki? V katero smer?
"Skoraj premica. Nekaj stavkov iz premikov in svojega boja sem že prebral, vendar sem na beli plošči hroščev - ta se vrti … in kamenje tudi. Vedno bomo iskali ideje. Tudi takrat, ko nam v kuhinji kaj ostane in potem razmišljamo, kako to uporabiti, da ne ostane neizkoriščeno."
Pa vendar, nekaj novega že nastaja?
"Ja. Nastaja miza za šest v kuhinji. Ja, dobro ste razumeli. Kuhinjo bom kmalu preuredil in po novem bo v njej miza za šest gostov. Ki bodo torej iz neposredne bližine gledali, kako ustvarjamo. Kako se dogovarjamo, kako jed nastaja. To pripravljamo."







Andrej Petelinšek



Mak je še vedno brez običajnega jedilnika?
"Seveda. Ker vedno presenetimo z nečim novim in drugačnim. Na našem jedilniku so vedno snacks &amp; dips, predjedi, vmesne jedi, glavne jedi, juhe, solate, sladice, priloge &amp; prikuhe, tart’s &amp; peciva, naravni sokovi, infuzije/čaji. Kaj se bo znašlo na krožniku, pa se dogovorimo. Predlagam, kombiniram, ustvarjam, poslušam gosta in si želim, da bi on prisluhnil meni, pogovorimo se in potem ... To smo mi."


"Kuhinjo bom kmalu preuredil in po novem bo v njej miza za šest gostov. Ki bodo torej iz neposredne bližine gledali, kako ustvarjamo"



Je organizacija dela še vedno kot "po stari cesti v Ljubljano, brez vinjete"?
"Haha, seveda. Ovinki. Tako je pač v gostinstvu. Avtocesta proti peklu. Ali proti nebesom. Highway to heaven."
Zelišča, vrt - za to še vedno skrbi mama? Se je že sprijaznila, da sta sinova ubrala drugo pot, kot jo je v gostinstvu prehodila ona?
"Seveda skrbi, kaj bi midva z Gregorjem brez nje. Pa tudi dedi Hanzi. Brez njiju ne bi bilo bratov Vračko. Vem, da kuham - in kuhava in igrava pingpong. Z bratom je življenje lepše in je edini, ki mu zaupam. Sem vam že povedal, da je bratska ljubezen brezpogojna. In vrtu se bo kmalu pridružila majhna farma. Ovce bomo imeli svoje."







Andrej Petelinšek



Ovce? Katero pa je sicer vaše najljubše meso?
"To pa je čisto osebno vprašanje. Pa vseeno, naj bo. Srnica. Kako lepo se da ustvarjati z njo. Pa prepelice, golobi ... Ampak o tem raje vprašajte gosta, katero meso je njemu najljubše."
Kdo sploh diktira kulinarične trende? Vodniki oziroma ocenjevalci, ki jih pišejo? Vrhunski kuharji?
"Kdo je vrhunski? Kuhanje ni diktatura … Je svoboda, za katero plačuješ z življenjem. Ni pomembno biti vojak - vojna je bolj pomembna. Greš na koncert Magnifica. A si lahko izbereš samo eno pesem? In zraven morda še katero od Sester?"


"Predlagam, kombiniram, ustvarjam, poslušam gosta in si želim, da bi on prisluhnil meni, pogovorimo se in potem ... To smo mi"



Vaš pogled na slovensko kulinariko na svetovni sceni? 
"Spektakularno. Od vzhodne zaseke do zahodne oljke pa naše najstarejše vinske trte. Vsi ramboti obvladajo kalašnikove, od Gostilna išče šefa ali Gostilna išče gosta. Saj veste, kaj želim povedati. Vsi tudi vsega ne poznajo. Poznate grški keks? Potem pa vzhičene mesne plošče za dve osebi. Pa kajmak in mekdunot. Vse to je scena."
Znamo dobro izkoristiti to, kar ste Ana Roš, J&amp;B, vi in še kdo, ki ste v tujini najbolj prepoznavni slovenski mojstri kuhalnice, naredili za promocijo naše države?
"Razen kuhanja ničesar nisem storil brezumnega. Vsi delamo, kot najbolje zmoremo. In to ponekod prepoznajo. Super. Ob tem - tudi stare jugoslovanske kuharice imajo informacije, kako plešeš džez, uživaš in medtem kaj kuhaš. Predvidevaš postaviti na krožnik tisto, kar naj bi ustrezalo … Vegeta? Vegetiranje? Sprašujem se, zakaj to ime ... Na naslednjo kocko postavljam cigarettes after sex."







Andrej Petelinšek



Kaj reči o michelinkah in drugih vodnikih, ki dajejo ocene restavracijam in jih vsak na svoj način razvrščajo? Koliko gostov več pride zaradi omembe restavracije v katerem od teh vodnikov?
"Prešeren je omenil nekaj o čevljih … Če slišiš kopita, ni nujno, da je to konj. Lahko je tudi zebra."
Kaj mislite, da bo na slovensko kulinarično sceno prinesla knjižna izdaja vodnika Gault &amp; Millau za Slovenijo? Kje bi lahko tičal razlog, da so se odločili za poseben vodnik za tako majhno območje, kot je Slovenija?
"Se spomnite mogoče nazaj, koliko vodnikov so prodali državljanom Slovenije? Manj ali več kot vinjet? Pri hamburgerjih nekateri že 'cenkajo' za ceno. Če sem malo resen - ni prav veliko gostov prišlo k meni, za katere bi vedel, da so se za obisk odločili zaradi mnenja v katerem od vodnikov."


"Ženska ne greši, ona molči. Od pretiranega molka skačeš čez plot. Tako je tudi v kulinariki"



Slovenska kulinarična scena danes? 
"Vsak se trudi po svoje. Ponujamo, gostje izbirajo. Gostinstvo ni hec, tudi preživeti je treba."
Pojavljanje v medijih? 
"Stvar izbire. Eni ja, eni ne. Ne bi ocenjeval. Kakor komu paše."
Kakšni so za vas posebni, nevsakdanji gosti? In kakšni gosti so za vas izziv?
"Sesalec. Vretenčar. Mnogoceličar. Imaginarni gost prihaja občasno z avtobusom in pusti veliko trinkgelda. Vsak gost je poseben. In vsak gost mora oditi zadovoljen. Za vsakega gosta se moraš potruditi, vsak si to zasluži. Nedavno je v Mak prišla skupina presnojedcev. To je bil za nas izziv. Sprejeli smo ga. In dobro opravili."
Maribor postaja pravo mesto picerij. Na vsakem koraku je kakšna. Zakaj?
"Tudi trafik je ogromno in polnilnic goriv. Hvala Mariboru, da je en sam Europark. Ampak o tem sva enkrat že govorila. Tudi v piceriji morajo dati vse od sebe in gostu ponuditi najboljšo pico, kar jih zmorejo narediti. Ker si gost to zasluži."
Kaj Mariboru na kulinaričnem področju še manjka?
"Hah, en šank rock. Pravljica o mavričnih ljudeh. Vsi nekam zrejo in na koncu slišijo Don't you cry. Življenje ni lahko."
Kaj vas drži v tako dobri formi, da Mak v sedmih letih ni klonil, zdrsnil navzdol?
"Luka, Vesna, Majda, Hanzi, brat, Alenka, stric, teta in vsi, ki me poznajo."
Kaj je tisti ključ, ki je restavracijo Mak, povsem netipično za naše okolje, ohranil točno takšno, kot ste si jo zamislili, jo zastavili? Da lahko vztrajate na tej vse prej kot lahko poti?
"Gušti in Polona, makova polja."
Še vedno brez kuharske kape na glavi?
"Seveda. Saj sva že rekla - plešavosti ne skrivam."
Razlika med domačimi in tujimi gosti?
"Ni razlike."
Kako se nekateri trendi odražajo pri vas, recimo jedi brez glutena, veganska prehrana? Je veliko gostov, ki pričakujejo takšno hrano?
"Vedno več. Meni je to izziv. A raje vem vnaprej, ob rezervaciji mize. Ampak če se zgodi ... na koncu smo vsi pepel brez krvi. Druge ponve, noži, priprava. Glutena ne uporabljam razen v kruhu. Cvetača-čokolada-lešnik. Bolj 'zajebani' gostje so tisti, ki ne marajo zelenjave … mu daš kos mesa."
Kaj bi naredili, če bi si nekdo pri vas zaželel pečeno postrv? Ali neko drugo povsem običajno jed?
"Pripravil bi mu jo. Po njegovih željah, če bi le imel sestavine. Tudi dunajca bi naredil, če bi kateri od gostov to želel. Zakaj pa ne? Nimam problema s tem, če nekdo ne bi jedel zgolj tistega, kar ponujam oziroma za kar se dogovorimo, da pripravim."
Sprašujem, ker sem slišala, da nekomu v eni najbolj cenjenih slovenskih restavracij niso hoteli speči mesa, kot je želel, pač pa je na krožnik dobil skorajda povsem surovo meso, z obrazložitvijo, da je to pač zdaj trendovsko.
"Kot sem rekel - sam s tem nimam problema. Če gost ve, kaj želi, mu to izpolnim. Pa čeprav je to dunajski zrezek. Bolj težavni so gostje, ki pametujejo, pa v resnici nimajo pojma. Ali o hrani ali o vinih, vseeno. Takšne hitro 'pogruntam' in jih po ovinkih pripeljem tja, kamor želim. Užitek pa je delati z gosti, ki s teboj debatirajo, a vedo, za kaj gre."
Kam vas vleče, da bi šli iskat kaj novega, morda preučit, preizkusit pri tujih kolegih, kar sami še niste počeli v svoji kuhinji?
"Ni panike. Delo s praški, 'back to the roots', manj je več, zelenjava, sadje, šampanjec ali penina, cava ali prosseco, amater ali profi? Tople vode ne odkrivam in ne prodajam, cenim kuharje in strežno osebje, ki me spremljajo."
Bo kmalu spet kakšno druženje vaših chefovskih kolegov pri vas, kot je bilo na primer ob peti obletnici Maka?
"Noro druženje je bilo tisto. Mlad sem 34,5 leta. Če bi me sovražili, ne bi bili tukaj takrat, zdaj. Pokrovčki se bodo naslednjič razvonjali s trikrat IN. Kaj to pomeni, ne povem."
Je v kleti še vedno gramofon z vinilkami? Pomaga pri sproščanju? Se ob poslušanju glasbe porodi kakšna ideja? Ali je potrebna kakšna druga stimulacija?
"Led zeppelin, The Beatles, The Doors, RS, Simon in Garfunkel … Pink Floyd. Mravljinčasta koža nastane ... zvokkkkkkkkkkkk."
Alain Ducasse, čigar kuharsko enciklopedijo imate tudi na svoji polici v Maku, je sklenil, da se posveti veganski kuhinji. Se to lahko zgodi tudi v Maku? Bi se lahko odrekli mesu, ribam?
"Dunajskemu in svinjski pečenki? Nikoli ali vedno. Človek ima različne grehe, čeprav mu župnik zaupa ženo za zmerom, obratno ne. Žensko k spovedi spravit? Ženska ne greši, ona molči. Od pretiranega molka skačeš čez plot. Tako je tudi v kulinariki. Od nečesa, kar misliš, da je za stalno, odideš nekam drugam."
Pa vendar, ali Ducassova poteza ne bo še koga potegnila za seboj? Trendi se očitno spreminjajo.
"Ne vem. Mene ne. Čeprav je njegova knjiga, ki jo imam, zame kot pohana kura. Pojesti jo je treba. Osnove. Druge knjige, ki jih imam, tudi od kuharjev in kuharic, pri katerih sem se učil, pa so nadgradnja. In popisane. Ker vsaka knjiga mora biti popisana."
Kaj najraje jeste? In česa ne marate?
"Najraje jem hrano in ne maram konzerv."
Kdo kuha doma, ko je Mak zaprt?
"David - wastefood."
Prosim?
"Pojemo, kar pripravimo v restavraciji, a ostane. In če ni pripravljeno, naredimo nekaj s sestavinami, ki so ostale. Nič ne vržemo proč."
Ko greste kam v tujino, kako se hranite? Pri kolegih, na ulici, v lokalnih gostilnah ali …
"Vedno z okusom."
Kako sta kaj z bratom? Oba pišeta lepo zgodbo, vsak malce drugačno, pa vendar. Se posvetujeta, debatirata, izmenjujeta ideje in izkušnje?
"Bo dovolj, da povem - brata Grimm sta pisala."
Morda ni na mestu, pa vendar vprašanje - katere naše kuharje cenite, kateri ustvarjajo svojo prepoznavno zgodbo?
"Vse. Se pa velikokrat slišim z Luko Koširjem. Gostilna Šentjošt pri Horjulu."
Kaj je sploh potrebno, da postaneš dober kuhar, mojster v tistem žlahtnem pomenu?
"Koncentracija in kompas."
Vaši sodelavci - koliko kreativnosti jim pustite, koliko lahko vplivajo na vaše odločitve?
"Skoraj ground zero."
Za konec se vrniva na začetek - v katero smer gre Makova pot?
"Do lune in nazaj. Če se opečeš, se bo zacelilo. In vedno iskreno. Znanje je edino, česar ti nihče ne more ukrasti."

Od 1 do 5Pica ali hamburger?
"Narodnosti ne izbiram, dokler je sestavina verodostojna. Včasih kebab ali samosa."

Gin tonic ali pivo?
"Tonic preganja komarje, pivo ženske, gin anonimne alkoholike. Rulander mi je všeč."

Pohorje pozimi ali poleti?
"Pomlad in jesen bolj 'rajcata' oko."

Film ali knjiga?
"Berem vejice in pike. Slišim jih med gledanjem igralcev."

Gore ali morje?
"Šteje nebotičnik? Spotaknem se vedno pri menjavi brzine na električnem stolu."</article-text><article-text-transliterated>David Vračko, ki je s svojo restavracijo Mak prispeval k prepoznavnosti ne le Maribora, pač pa tudi Slovenije na mednarodnem kulinaričnem zemljevidu, je sicer izjemno prijeten sogovornik, a ko je treba besede spraviti na papir, se kar kmalu izkaže, da je iskrivost v živo nekaj povsem drugega od tistega, kar se kaže na papirju. Ker David Vračko ni človek, ki bi na preprosto vprašanje odgovoril preprosto ali naravnost. Ne, njega misli zapeljejo drugam. Kot v kuhinji, kjer dela - sestavine so preproste, a tisto, kar se na koncu pokaže na krožniku, je vse prej kot to. Vsaka jed ima svojo zgodbo. In tako je tudi z njegovimi odgovori - vsak je kratka zgodba o odpičenem kuharju, ki z vprašanjem včasih sploh nima zveze.







Andrej Petelinšek David Vračko na prvi vtis bolj kot na kuharja spominja na bohemskega slikarja.



Prvi pogovor sva pred dvema letoma opravila v kleti Maka, ob vinilkah, ki so se z zvoki Pink Floydov, Arta in Garfunkla, Led Zeppelinov ... vrtele na gramofonu, in ob nenehnih pavzah, ker je imel David zgoraj goste in so ga vsake toliko potrebovali. Letos sem po tihem računala na kak bolj umirjen način pogovora, a ko sva se slišala po telefonu in se začela dogovarjati, kje bi ga jaz spraševala in on odgovarjal, je kar ustrelil: "A lahko pridete v Stražun? Popoldan se bom tam sprehajal s psom, pa se lahko pogovarjava." In sem šla. Se pogovarjat o ustvarjalnosti enega najprepoznavnejših slovenskih chefov nove generacije, medtem ko je svojemu Noirju metal palico, vmes pa natresel odgovore na vse tisto, kar nas pač zanima o nekom, ki že sedem let piše izjemno kulinarično zgodbo.
Mak danes? Sedmo leto se bo aprila izteklo ...
"Šesto leto. 1. april 2011. še vedno živim. Nekaj smučev je v tem času padlo pod ostrim nožem, krožniki so padli za svobodo, mehurčki v 'flaši' so plesali valček v kozarcu, lička so obmrknila v velikem loncu - zadnja mišica za nasmeh ženski, ki jo obožuješ, telečji jeziki nadomestijo poljub za oba, race so ukradle kuram jajce, sardelice so plavale na olju (rep v gobec), lignji so se družili s pujsom 'oliverom', smrček pujsa postregel z belim zlatom (tartuf) - zakaj ga je našel? Svobodo govora sem dopustil ostrigam, na ledu, limeti, limoni ali ocvirkih. S sušenimi stegni krškopoljca, na stari berkelci zavajal pretepe (kdo bi še). Čeprav v imenovalniku kdo ali kaj ostaja ideja …, v obrambi stoji čokolada … sladko, pozno, ledeno … sadje reši. V obliki kratkega šortija ali longdrinkiča. Pred tem je breskev in jabolko zadel tisti 'košl' s testisi kot zračni jordan, malo dimljeni, ampak dovolj volovski, da ni bil več bik. Mak gre v šolo."







Andrej Petelinšek V restavraciji Mak ni menijev. Obed je kulinarična pustolovščina z vodičem Davidom Vračkom.



Kaj snujete trenutno v Maku? Se bo obdržala začrtana smer, ki se je izkazala za uspešno, ali bodo kakšni premiki? V katero smer?
"Skoraj premica. Nekaj stavkov iz premikov in svojega boja sem že prebral, vendar sem na beli plošči hroščev - ta se vrti … in kamenje tudi. Vedno bomo iskali ideje. Tudi takrat, ko nam v kuhinji kaj ostane in potem razmišljamo, kako to uporabiti, da ne ostane neizkoriščeno."
Pa vendar, nekaj novega že nastaja?
"Ja. Nastaja miza za šest v kuhinji. Ja, dobro ste razumeli. Kuhinjo bom kmalu preuredil in po novem bo v njej miza za šest gostov. Ki bodo torej iz neposredne bližine gledali, kako ustvarjamo. Kako se dogovarjamo, kako jed nastaja. To pripravljamo."







Andrej Petelinšek



Mak je še vedno brez običajnega jedilnika?
"Seveda. Ker vedno presenetimo z nečim novim in drugačnim. Na našem jedilniku so vedno snacks &amp; dips, predjedi, vmesne jedi, glavne jedi, juhe, solate, sladice, priloge &amp; prikuhe, tart’s &amp; peciva, naravni sokovi, infuzije/čaji. Kaj se bo znašlo na krožniku, pa se dogovorimo. Predlagam, kombiniram, ustvarjam, poslušam gosta in si želim, da bi on prisluhnil meni, pogovorimo se in potem ... To smo mi."


"Kuhinjo bom kmalu preuredil in po novem bo v njej miza za šest gostov. Ki bodo torej iz neposredne bližine gledali, kako ustvarjamo"



Je organizacija dela še vedno kot "po stari cesti v Ljubljano, brez vinjete"?
"Haha, seveda. Ovinki. Tako je pač v gostinstvu. Avtocesta proti peklu. Ali proti nebesom. Highway to heaven."
Zelišča, vrt - za to še vedno skrbi mama? Se je že sprijaznila, da sta sinova ubrala drugo pot, kot jo je v gostinstvu prehodila ona?
"Seveda skrbi, kaj bi midva z Gregorjem brez nje. Pa tudi dedi Hanzi. Brez njiju ne bi bilo bratov Vračko. Vem, da kuham - in kuhava in igrava pingpong. Z bratom je življenje lepše in je edini, ki mu zaupam. Sem vam že povedal, da je bratska ljubezen brezpogojna. In vrtu se bo kmalu pridružila majhna farma. Ovce bomo imeli svoje."







Andrej Petelinšek



Ovce? Katero pa je sicer vaše najljubše meso?
"To pa je čisto osebno vprašanje. Pa vseeno, naj bo. Srnica. Kako lepo se da ustvarjati z njo. Pa prepelice, golobi ... Ampak o tem raje vprašajte gosta, katero meso je njemu najljubše."
Kdo sploh diktira kulinarične trende? Vodniki oziroma ocenjevalci, ki jih pišejo? Vrhunski kuharji?
"Kdo je vrhunski? Kuhanje ni diktatura … Je svoboda, za katero plačuješ z življenjem. Ni pomembno biti vojak - vojna je bolj pomembna. Greš na koncert Magnifica. A si lahko izbereš samo eno pesem? In zraven morda še katero od Sester?"


"Predlagam, kombiniram, ustvarjam, poslušam gosta in si želim, da bi on prisluhnil meni, pogovorimo se in potem ... To smo mi"



Vaš pogled na slovensko kulinariko na svetovni sceni? 
"Spektakularno. Od vzhodne zaseke do zahodne oljke pa naše najstarejše vinske trte. Vsi ramboti obvladajo kalašnikove, od Gostilna išče šefa ali Gostilna išče gosta. Saj veste, kaj želim povedati. Vsi tudi vsega ne poznajo. Poznate grški keks? Potem pa vzhičene mesne plošče za dve osebi. Pa kajmak in mekdunot. Vse to je scena."
Znamo dobro izkoristiti to, kar ste Ana Roš, J&amp;B, vi in še kdo, ki ste v tujini najbolj prepoznavni slovenski mojstri kuhalnice, naredili za promocijo naše države?
"Razen kuhanja ničesar nisem storil brezumnega. Vsi delamo, kot najbolje zmoremo. In to ponekod prepoznajo. Super. Ob tem - tudi stare jugoslovanske kuharice imajo informacije, kako plešeš džez, uživaš in medtem kaj kuhaš. Predvidevaš postaviti na krožnik tisto, kar naj bi ustrezalo … Vegeta? Vegetiranje? Sprašujem se, zakaj to ime ... Na naslednjo kocko postavljam cigarettes after sex."







Andrej Petelinšek



Kaj reči o michelinkah in drugih vodnikih, ki dajejo ocene restavracijam in jih vsak na svoj način razvrščajo? Koliko gostov več pride zaradi omembe restavracije v katerem od teh vodnikov?
"Prešeren je omenil nekaj o čevljih … Če slišiš kopita, ni nujno, da je to konj. Lahko je tudi zebra."
Kaj mislite, da bo na slovensko kulinarično sceno prinesla knjižna izdaja vodnika Gault &amp; Millau za Slovenijo? Kje bi lahko tičal razlog, da so se odločili za poseben vodnik za tako majhno območje, kot je Slovenija?
"Se spomnite mogoče nazaj, koliko vodnikov so prodali državljanom Slovenije? Manj ali več kot vinjet? Pri hamburgerjih nekateri že 'cenkajo' za ceno. Če sem malo resen - ni prav veliko gostov prišlo k meni, za katere bi vedel, da so se za obisk odločili zaradi mnenja v katerem od vodnikov."


"Ženska ne greši, ona molči. Od pretiranega molka skačeš čez plot. Tako je tudi v kulinariki"



Slovenska kulinarična scena danes? 
"Vsak se trudi po svoje. Ponujamo, gostje izbirajo. Gostinstvo ni hec, tudi preživeti je treba."
Pojavljanje v medijih? 
"Stvar izbire. Eni ja, eni ne. Ne bi ocenjeval. Kakor komu paše."
Kakšni so za vas posebni, nevsakdanji gosti? In kakšni gosti so za vas izziv?
"Sesalec. Vretenčar. Mnogoceličar. Imaginarni gost prihaja občasno z avtobusom in pusti veliko trinkgelda. Vsak gost je poseben. In vsak gost mora oditi zadovoljen. Za vsakega gosta se moraš potruditi, vsak si to zasluži. Nedavno je v Mak prišla skupina presnojedcev. To je bil za nas izziv. Sprejeli smo ga. In dobro opravili."
Maribor postaja pravo mesto picerij. Na vsakem koraku je kakšna. Zakaj?
"Tudi trafik je ogromno in polnilnic goriv. Hvala Mariboru, da je en sam Europark. Ampak o tem sva enkrat že govorila. Tudi v piceriji morajo dati vse od sebe in gostu ponuditi najboljšo pico, kar jih zmorejo narediti. Ker si gost to zasluži."
Kaj Mariboru na kulinaričnem področju še manjka?
"Hah, en šank rock. Pravljica o mavričnih ljudeh. Vsi nekam zrejo in na koncu slišijo Don't you cry. Življenje ni lahko."
Kaj vas drži v tako dobri formi, da Mak v sedmih letih ni klonil, zdrsnil navzdol?
"Luka, Vesna, Majda, Hanzi, brat, Alenka, stric, teta in vsi, ki me poznajo."
Kaj je tisti ključ, ki je restavracijo Mak, povsem netipično za naše okolje, ohranil točno takšno, kot ste si jo zamislili, jo zastavili? Da lahko vztrajate na tej vse prej kot lahko poti?
"Gušti in Polona, makova polja."
Še vedno brez kuharske kape na glavi?
"Seveda. Saj sva že rekla - plešavosti ne skrivam."
Razlika med domačimi in tujimi gosti?
"Ni razlike."
Kako se nekateri trendi odražajo pri vas, recimo jedi brez glutena, veganska prehrana? Je veliko gostov, ki pričakujejo takšno hrano?
"Vedno več. Meni je to izziv. A raje vem vnaprej, ob rezervaciji mize. Ampak če se zgodi ... na koncu smo vsi pepel brez krvi. Druge ponve, noži, priprava. Glutena ne uporabljam razen v kruhu. Cvetača-čokolada-lešnik. Bolj 'zajebani' gostje so tisti, ki ne marajo zelenjave … mu daš kos mesa."
Kaj bi naredili, če bi si nekdo pri vas zaželel pečeno postrv? Ali neko drugo povsem običajno jed?
"Pripravil bi mu jo. Po njegovih željah, če bi le imel sestavine. Tudi dunajca bi naredil, če bi kateri od gostov to želel. Zakaj pa ne? Nimam problema s tem, če nekdo ne bi jedel zgolj tistega, kar ponujam oziroma za kar se dogovorimo, da pripravim."
Sprašujem, ker sem slišala, da nekomu v eni najbolj cenjenih slovenskih restavracij niso hoteli speči mesa, kot je želel, pač pa je na krožnik dobil skorajda povsem surovo meso, z obrazložitvijo, da je to pač zdaj trendovsko.
"Kot sem rekel - sam s tem nimam problema. Če gost ve, kaj želi, mu to izpolnim. Pa čeprav je to dunajski zrezek. Bolj težavni so gostje, ki pametujejo, pa v resnici nimajo pojma. Ali o hrani ali o vinih, vseeno. Takšne hitro 'pogruntam' in jih po ovinkih pripeljem tja, kamor želim. Užitek pa je delati z gosti, ki s teboj debatirajo, a vedo, za kaj gre."
Kam vas vleče, da bi šli iskat kaj novega, morda preučit, preizkusit pri tujih kolegih, kar sami še niste počeli v svoji kuhinji?
"Ni panike. Delo s praški, 'back to the roots', manj je več, zelenjava, sadje, šampanjec ali penina, cava ali prosseco, amater ali profi? Tople vode ne odkrivam in ne prodajam, cenim kuharje in strežno osebje, ki me spremljajo."
Bo kmalu spet kakšno druženje vaših chefovskih kolegov pri vas, kot je bilo na primer ob peti obletnici Maka?
"Noro druženje je bilo tisto. Mlad sem 34,5 leta. Če bi me sovražili, ne bi bili tukaj takrat, zdaj. Pokrovčki se bodo naslednjič razvonjali s trikrat IN. Kaj to pomeni, ne povem."
Je v kleti še vedno gramofon z vinilkami? Pomaga pri sproščanju? Se ob poslušanju glasbe porodi kakšna ideja? Ali je potrebna kakšna druga stimulacija?
"Led zeppelin, The Beatles, The Doors, RS, Simon in Garfunkel … Pink Floyd. Mravljinčasta koža nastane ... zvokkkkkkkkkkkk."
Alain Ducasse, čigar kuharsko enciklopedijo imate tudi na svoji polici v Maku, je sklenil, da se posveti veganski kuhinji. Se to lahko zgodi tudi v Maku? Bi se lahko odrekli mesu, ribam?
"Dunajskemu in svinjski pečenki? Nikoli ali vedno. Človek ima različne grehe, čeprav mu župnik zaupa ženo za zmerom, obratno ne. Žensko k spovedi spravit? Ženska ne greši, ona molči. Od pretiranega molka skačeš čez plot. Tako je tudi v kulinariki. Od nečesa, kar misliš, da je za stalno, odideš nekam drugam."
Pa vendar, ali Ducassova poteza ne bo še koga potegnila za seboj? Trendi se očitno spreminjajo.
"Ne vem. Mene ne. Čeprav je njegova knjiga, ki jo imam, zame kot pohana kura. Pojesti jo je treba. Osnove. Druge knjige, ki jih imam, tudi od kuharjev in kuharic, pri katerih sem se učil, pa so nadgradnja. In popisane. Ker vsaka knjiga mora biti popisana."
Kaj najraje jeste? In česa ne marate?
"Najraje jem hrano in ne maram konzerv."
Kdo kuha doma, ko je Mak zaprt?
"David - wastefood."
Prosim?
"Pojemo, kar pripravimo v restavraciji, a ostane. In če ni pripravljeno, naredimo nekaj s sestavinami, ki so ostale. Nič ne vržemo proč."
Ko greste kam v tujino, kako se hranite? Pri kolegih, na ulici, v lokalnih gostilnah ali …
"Vedno z okusom."
Kako sta kaj z bratom? Oba pišeta lepo zgodbo, vsak malce drugačno, pa vendar. Se posvetujeta, debatirata, izmenjujeta ideje in izkušnje?
"Bo dovolj, da povem - brata Grimm sta pisala."
Morda ni na mestu, pa vendar vprašanje - katere naše kuharje cenite, kateri ustvarjajo svojo prepoznavno zgodbo?
"Vse. Se pa velikokrat slišim z Luko Koširjem. Gostilna Šentjošt pri Horjulu."
Kaj je sploh potrebno, da postaneš dober kuhar, mojster v tistem žlahtnem pomenu?
"Koncentracija in kompas."
Vaši sodelavci - koliko kreativnosti jim pustite, koliko lahko vplivajo na vaše odločitve?
"Skoraj ground zero."
Za konec se vrniva na začetek - v katero smer gre Makova pot?
"Do lune in nazaj. Če se opečeš, se bo zacelilo. In vedno iskreno. Znanje je edino, česar ti nihče ne more ukrasti."

Od 1 do 5Pica ali hamburger?
"Narodnosti ne izbiram, dokler je sestavina verodostojna. Včasih kebab ali samosa."

Gin tonic ali pivo?
"Tonic preganja komarje, pivo ženske, gin anonimne alkoholike. Rulander mi je všeč."

Pohorje pozimi ali poleti?
"Pomlad in jesen bolj 'rajcata' oko."

Film ali knjiga?
"Berem vejice in pike. Slišim jih med gledanjem igralcev."

Gore ali morje?
"Šteje nebotičnik? Spotaknem se vedno pri menjavi brzine na električnem stolu."</article-text-transliterated></article><comments><comments-count>0</comments-count><comments-list /></comments></document>