<?xml version="1.0" encoding="utf-8"?>
<document global-id="si-04-1119">
	<url>https://www.vecer.com//dan-sv-patrika-zeleno-ki-te-nosim-zeleno-6426352</url>
	<source-id>si-04</source-id>
	<local-id>1119</local-id>
	<source-name>Večer</source-name>
	<article>
		<article-title>Dan sv. Patrika: Zeleno, ki te nosim zeleno</article-title>
		<article-title-transliterated>Dan sv. Patrika: Zeleno, ki te nosim zeleno</article-title-transliterated>
		<article-time>2018-03-16</article-time>
		<article-author>Jaša Lorenčič</article-author>
		<article-text>Še preden je sploh kaj povedal o sebi, je nekako opozoril, da Irci res radi povedo zgodbo. Pa saj tudi James Joyce ni ravno štedil z besedami, ne? &quot;Točno tako!&quot; se je zarežal. Nato pa vzel zalet in na doooolgo pripovedoval. O najbolj globalnem irskem prazniku. Dnevu svetega Patrika, zavetnika Irske. Jutri, 17. marca, bo, če bo le lahko, gledal ragbi. Oblečen v zeleno stiskal pesti, da bodo Irci nažgali Angleže. Derbi. Skajpal bo domov, zeleni bodo nazdravljali zelenim. Bral bo SMS-e, ki bodo prileteli. In seveda tudi kaj popil. &quot;In se potem v nedeljo zjutraj spraševal, če je bil tisti zadnji viski res potreben, hehe.&quot; Dave Ryan je &quot;originalni&quot; Irec, rojen in vzgojen na jugozahodu otoka. Pa se mu je vseeno tako dopadlo, ko je pred par leti v Poštni ulici fasal na glavo tisti znameniti plišasti klobuk: &quot;Tako neverjetno fajn občutek je! Po mojem mnenju Saint Patrick's Day (dan svetega Patrika) ne zaostaja veliko za nočjo čarovnic. Zame je celo še večji globalni praznik.&quot;   &quot;Če si Irec, je to zate na dan svetega Patrika res dobro; če nisi, si pa častni Irec!&quot;</article-text>
		<article-text-transliterated>Še preden je sploh kaj povedal o sebi, je nekako opozoril, da Irci res radi povedo zgodbo. Pa saj tudi James Joyce ni ravno štedil z besedami, ne? &quot;Točno tako!&quot; se je zarežal. Nato pa vzel zalet in na doooolgo pripovedoval. O najbolj globalnem irskem prazniku. Dnevu svetega Patrika, zavetnika Irske. Jutri, 17. marca, bo, če bo le lahko, gledal ragbi. Oblečen v zeleno stiskal pesti, da bodo Irci nažgali Angleže. Derbi. Skajpal bo domov, zeleni bodo nazdravljali zelenim. Bral bo SMS-e, ki bodo prileteli. In seveda tudi kaj popil. &quot;In se potem v nedeljo zjutraj spraševal, če je bil tisti zadnji viski res potreben, hehe.&quot; Dave Ryan je &quot;originalni&quot; Irec, rojen in vzgojen na jugozahodu otoka. Pa se mu je vseeno tako dopadlo, ko je pred par leti v Poštni ulici fasal na glavo tisti znameniti plišasti klobuk: &quot;Tako neverjetno fajn občutek je! Po mojem mnenju Saint Patrick's Day (dan svetega Patrika) ne zaostaja veliko za nočjo čarovnic. Zame je celo še večji globalni praznik.&quot;   &quot;Če si Irec, je to zate na dan svetega Patrika res dobro; če nisi, si pa častni Irec!&quot;</article-text-transliterated>
	</article>
	<comments>
		<comments-count>0</comments-count>
		<comments-list/>
	</comments>
</document>
