<document global-id="si-04-1039"><url>https://www.vecer.com//cesar-je-nag-in-to-angleski-6229279</url><source-id>si-04</source-id><local-id>si-04-1039</local-id><source-name>Večer</source-name><article><article-title>Cesar je nag, in to angleški</article-title><article-title-transliterated>Cesar je nag, in to angleški</article-title-transliterated><article_time>2016-07-01</article_time><article-author>Melita Forstnerič Hajnšek</article-author><article-text>Že več kot osem tisoč je podpisanih pod peticijo, ki nasprotuje grozečemu poangleženju slovenskih univerz. Več kot štirideset pripomb je prišlo na novelo zakona o visokem šolstvu in dobra četrtina jih je problematizirala najbolj sporni člen, ki predlaga, da "se lahko predava v angleščini, če je del študijskega programa tudi v slovenščini". Kot da ne razumemo več slovensko v tej deželi ob četrtstoletnici njene samostojnosti. Univerzitetni malčki na svetovnem trgu se prodajamo za bagatelo in žrtvujemo svoj jezik.
Predlagano je očitno izrinjanje slovenskega jezika iz predavalnic za ceno internacionalizacije, ki jo univerzitetna oblast zamenjuje s komercializacijo. Naša materinščina je zgolj kolateralna škoda teh procesov. Saj še pomnimo pionirske čase, ko so nekateri univerzitetniki zavohali biznis na univerzi in vabili kitajske študente na našo ekonomijo. Zdaj je pohlep še večji, edina ovira na poti pa je nesrečni jezik, ki na slovenskih javnih univerzah - v času neznosne lahkosti bologne - je in mora biti slovenščina. Tako velevata ustava in zakon o javni rabi slovenščine.
Po zadnjem posvetu v državnem svetu, kjer so soočili akademsko, politično in civilno sfero ta teden - milostno so ga dovolili tisti, ki so za večjo uporabo angleščine na naših univerzah -, je zaskrbljenost vseh za slovenščino kot učnim jezikom v našem visokem šolstvu še večja. Da je šlo samo za kozmetiko, je očitno. Ob sprenevedavem prepričevanju, kako da je vsem mar za jezik, jim predvsem ni jasno, da angleščina ni nevtralen medij sporazumevanja za vse namene. Po brexitu pa je še posebej groteskna skrb za njeno prevladujočo, celo izključno rabo.
Združenje osrednjih institucij za uradne jezike v številnih evropskih državah - Efnil spremlja sedanjo težnjo po rabi angleščine kot jezika akademskega poučevanja v neangleško govorečih državah z globoko zaskrbljenostjo. Ta težnja po rabi angleščine namesto standardnih jezikov različnih držav pri univerzitetnem poučevanju in raziskovanju omejuje področja teh jezikov in njihov razvoj. Združenje svari pred rabo reduciranih različic angleščine kot prevladujočega ali izključnega sredstva pri poučevanju in objavljanju v drugih jezikovnih okoljih, saj to razvrednoti druge jezike in postopoma povzroči, da so čedalje bolj neprimerni za znanstveno razpravo.
Najbrž bo ministrstvo na čelu z dr. Majo Makovec Brenčič in rektorsko konferenco kot politično najmočnejšima deležnikoma na koncu doseglo svoje. Glede na glasovalni stroj v parlamentu ni pričakovati drugačnega razpleta kot dovoljeno anglifikacijo slovenskih univerz. V resnici barantajo s slovenščino zaradi pomanjkanja javnega denarja za izobraževanje.
Kot pravi prorektor mariborske univerze dr. Marko Jesenšek, si moramo prizadevati za resnično internacionalizacijo našega visokega šolstva, ki zahteva kakovost sporočila in ne sporočilo v angleščini. Anglifikacija slovenskih univerz je negativni elitizem in napačno razumevanje evropske jezikovne politike. Ministrica očitno ne spoštuje firenške deklaracije, ta svari prav pred temi manevri, ki jih hočejo uzakoniti zvečine tisti univerzitetniki, ki slovijo po sumljivih tržnih apetitih. Mnogi med njimi so bili na tapeti ob zadnjem nezakonitem univerzitetnem zaslužkarstvu.
Zanimivo, da nikogar od zagovornikov spreminjanja zakona ne skrbi preverjanje tujejezikovnega znanja in jezikovno usposabljanje za kakovostno pedagoško delo v tujih jezikih, torej angleščini. To je v celoti spregledano. Za vse je treba imeti habilitacijo na univerzi, evroangleščina pa je očitno lahko na poljubnem nivoju. Moderator posveta v državnem svetu je opozoril, da univerzitetniki celo v materinščini za svoje nastope potrebujejo napisana besedila. Kako je šele s suverenostjo njihovih nastopov in predavanj v angleščini?
Vsi slovenisti sicer niso enotni, nekaterim se zdi strah pred angleščino danes čitalniško patetičen, nazadnjaški. Nadaljevalci tradicije slovenista vodnika, Jožeta Toporišiča, pa kažejo odločno na golega cesarja. Internacionalizacija je (raz)prodaja slovenskega javnega visokošolskega izobraževanja. Glavna ovira pri tem je le še slovenski učni jezik, ki ga je treba prodati za nekaj (kitajskih?) cekinov. Univerze po svetu se vračajo k nacionalnim jezikom, mi pa hlapčevsko uzakonjamo evroangleščino.</article-text><article-text-transliterated>Že več kot osem tisoč je podpisanih pod peticijo, ki nasprotuje grozečemu poangleženju slovenskih univerz. Več kot štirideset pripomb je prišlo na novelo zakona o visokem šolstvu in dobra četrtina jih je problematizirala najbolj sporni člen, ki predlaga, da "se lahko predava v angleščini, če je del študijskega programa tudi v slovenščini". Kot da ne razumemo več slovensko v tej deželi ob četrtstoletnici njene samostojnosti. Univerzitetni malčki na svetovnem trgu se prodajamo za bagatelo in žrtvujemo svoj jezik.
Predlagano je očitno izrinjanje slovenskega jezika iz predavalnic za ceno internacionalizacije, ki jo univerzitetna oblast zamenjuje s komercializacijo. Naša materinščina je zgolj kolateralna škoda teh procesov. Saj še pomnimo pionirske čase, ko so nekateri univerzitetniki zavohali biznis na univerzi in vabili kitajske študente na našo ekonomijo. Zdaj je pohlep še večji, edina ovira na poti pa je nesrečni jezik, ki na slovenskih javnih univerzah - v času neznosne lahkosti bologne - je in mora biti slovenščina. Tako velevata ustava in zakon o javni rabi slovenščine.
Po zadnjem posvetu v državnem svetu, kjer so soočili akademsko, politično in civilno sfero ta teden - milostno so ga dovolili tisti, ki so za večjo uporabo angleščine na naših univerzah -, je zaskrbljenost vseh za slovenščino kot učnim jezikom v našem visokem šolstvu še večja. Da je šlo samo za kozmetiko, je očitno. Ob sprenevedavem prepričevanju, kako da je vsem mar za jezik, jim predvsem ni jasno, da angleščina ni nevtralen medij sporazumevanja za vse namene. Po brexitu pa je še posebej groteskna skrb za njeno prevladujočo, celo izključno rabo.
Združenje osrednjih institucij za uradne jezike v številnih evropskih državah - Efnil spremlja sedanjo težnjo po rabi angleščine kot jezika akademskega poučevanja v neangleško govorečih državah z globoko zaskrbljenostjo. Ta težnja po rabi angleščine namesto standardnih jezikov različnih držav pri univerzitetnem poučevanju in raziskovanju omejuje področja teh jezikov in njihov razvoj. Združenje svari pred rabo reduciranih različic angleščine kot prevladujočega ali izključnega sredstva pri poučevanju in objavljanju v drugih jezikovnih okoljih, saj to razvrednoti druge jezike in postopoma povzroči, da so čedalje bolj neprimerni za znanstveno razpravo.
Najbrž bo ministrstvo na čelu z dr. Majo Makovec Brenčič in rektorsko konferenco kot politično najmočnejšima deležnikoma na koncu doseglo svoje. Glede na glasovalni stroj v parlamentu ni pričakovati drugačnega razpleta kot dovoljeno anglifikacijo slovenskih univerz. V resnici barantajo s slovenščino zaradi pomanjkanja javnega denarja za izobraževanje.
Kot pravi prorektor mariborske univerze dr. Marko Jesenšek, si moramo prizadevati za resnično internacionalizacijo našega visokega šolstva, ki zahteva kakovost sporočila in ne sporočilo v angleščini. Anglifikacija slovenskih univerz je negativni elitizem in napačno razumevanje evropske jezikovne politike. Ministrica očitno ne spoštuje firenške deklaracije, ta svari prav pred temi manevri, ki jih hočejo uzakoniti zvečine tisti univerzitetniki, ki slovijo po sumljivih tržnih apetitih. Mnogi med njimi so bili na tapeti ob zadnjem nezakonitem univerzitetnem zaslužkarstvu.
Zanimivo, da nikogar od zagovornikov spreminjanja zakona ne skrbi preverjanje tujejezikovnega znanja in jezikovno usposabljanje za kakovostno pedagoško delo v tujih jezikih, torej angleščini. To je v celoti spregledano. Za vse je treba imeti habilitacijo na univerzi, evroangleščina pa je očitno lahko na poljubnem nivoju. Moderator posveta v državnem svetu je opozoril, da univerzitetniki celo v materinščini za svoje nastope potrebujejo napisana besedila. Kako je šele s suverenostjo njihovih nastopov in predavanj v angleščini?
Vsi slovenisti sicer niso enotni, nekaterim se zdi strah pred angleščino danes čitalniško patetičen, nazadnjaški. Nadaljevalci tradicije slovenista vodnika, Jožeta Toporišiča, pa kažejo odločno na golega cesarja. Internacionalizacija je (raz)prodaja slovenskega javnega visokošolskega izobraževanja. Glavna ovira pri tem je le še slovenski učni jezik, ki ga je treba prodati za nekaj (kitajskih?) cekinov. Univerze po svetu se vračajo k nacionalnim jezikom, mi pa hlapčevsko uzakonjamo evroangleščino.</article-text-transliterated></article><comments><comments-count>0</comments-count><comments-list /></comments></document>