<?xml version="1.0" encoding="utf-8"?>
<document global-id="si-04-1104">
	<url>https://www.vecer.com//201504076107758-6107758</url>
	<source-id>si-04</source-id>
	<local-id>1104</local-id>
	<source-name>Večer</source-name>
	<article>
		<article-title>Da preživiš, pride prav pomoč od zgoraj</article-title>
		<article-title-transliterated>Da preživiš, pride prav pomoč od zgoraj</article-title-transliterated>
		<article-time>2015-04-07</article-time>
		<article-author>UROŠ GRAMC</article-author>
		<article-text>Včasih je kot zaletav bikec, je dejal slovenski trener za hitre discipline Peter Pen o Klemnu Kosiju, 23-letnem Mariborčanu, ki se ne kiti s kolajnami z mladinskih prvenstev, a z leti postaja vse boljši. Slovenska javnost ga je pobližje spoznala, ko je januarja osvojil 14. mesto v smuku v Kitzbühlu, deseti je bil v superveleslalomu na svetovnem prvenstvu. Obetavni visokorasli smučar je bil včasih tudi nogometaš. Vijolična nalepka krasi njegovo čelado, tipično za mladeniča izpod Pohorja, kamor prihaja le na počitnice. &quot;Nimamo miru, čeprav vijolice že cvetijo, kmalu se bodo pasle krave. Mislil sem, da bom imel zdaj kak teden počitka, ampak bomo še potegnili, še imamo tekme,” je povedal Klemen Kosi, ki je v sredo na Krvavcu postal državni prvak v smuku, v soboto pa zmagal v slalomu Fis na Kopah. Kaj vas žene, da še kar vijugate, ko je Pohorje že zeleno? &quot;Želja, da bi uspel v smučanju. Večino življenja sem namenil temu, da bi bil uspešen športnik. Dolga sezona je za mano, komaj že razmišljam, tako sem utrujen. Velika noč bi morala biti podatek, da je konec, ampak bomo zdržali še ta teden, če smo že pet mesecev. Pavza bo kljub vsemu kratka, konkurenca ne spi, tega se zavedamo.&quot; Vam misli kljub temu kdaj uidejo v tople kraje? &quot;Maribor, to je zame topli kraj. Zelo malo časa sem doma - kot običajen človek v toplih krajih.&quot; Skoraj mu je izpahnil roko Verjetno vas potiskajo naprej tudi letošnji rezultati, sploh iz prestižnega Kitzbühla, tri tekme in vsakič točke svetovnega pokala. &quot;Kitzbühel je medijsko najbolj podprto prizorišče. Več kot 200 milijonov ljudi, če se ne motim, vidi tekme po televiziji. Celo v Ameriki jih gledajo, pa mi naših ne moremo, ko tam tekmujemo. Zelo me veseli, da mi je v Kitzbühlu uspelo doseči najboljše rezultate. To je potrdilo, da sem na dobri poti, in dalo motiv. Toda ni edini, z ene tekme težko vsak dan črpaš voljo. Hvaležen sem, da mi je bilo to namenjeno, toda delam naprej, kot da tega ne bi bilo.&quot; Pa vendar, tekmovalci občutite, kaj se dogaja v smučarskem Wimbledonu? &quot;Seveda. Avstrijci so smučarski narod, vse jih zanima, marsikdo te ogovori. Zato ti je v veselje priti v Kitzbühel, res pa je tudi, da je to zelo zahtevna tekma, ni zastonj tako veliko dogajanje okrog nje. Pred nekaj leti sem lahko le sanjal, da bom tam nastopil. Predlani je bil to moj prvi smuk za svetovni pokal. Priložnost sem dobil, ker se je moj zdajšnji trener Andrej Jerman na treningu poškodoval in nato celo zaključil kariero.&quot; Prvič so se vam na startu verjetno zelo tresla kolena. &quot;Drži, ampak le na prvem treningu sem imel veliko treme. To je bilo edino tako prizorišče. Zelo neprijeten je bil občutek na startu, a ko ga premagaš - in če imaš srečo, si naslednjič malo manj napet.&quot; Kolikokrat se moraš spustiti po Petelinjem grebenu, da lahko greš na polno? &quot;Sem šel že drugič, ampak mi je bilo žal, ker je malo manjkalo in se ne bi srečno končalo. Imel sem svojo predstavo, kako bo to izgledalo. Klubski trener Dušan Jaunik mi je razlagal, kaj mu je nekoč delalo na prečnem prehodu, kako mu je prekrižalo smuči. Je rekel, da je takrat občutil boga. Zdaj tudi jaz vem, kako je to.&quot; Ko se te dotakne bog? &quot;V takih situacijah potrebuješ pomoč od zgoraj.&quot; V cilju pa se ozreš po tribunah, kje je holivudski bog, Arnold Schwarzenegger? (Smeh) &quot;Na prvi tekmi sem si rekel, da moram pogledati, kaj bo okrog mene. V cilju se, ves srečen, da sem preživel, ozrem okrog in zdelo se mi je, da sem prišel dan prepozno, ker so bile tribune že prazne. Sem bil res tako dolgo na progi? Imel sem številko 47, ne najvišjo, zato sem bil šokiran. Letos je bila zgodba drugačna - imel sem številko 32, a nisem pričakoval izjemnega vzdušja. Uspel mi je še dober rezultat, poln sem bil adrenalina, da sem predstavniku opremljevalca, ki mi je prvi čestital, skoraj izpahnil roko. Nisem vedel, kaj se dogaja.&quot; Veliko malih, neopaznih korakov Kaj je bilo tako posebnega na svetovnem prvenstvu? &quot;V Beaver Creeku sem bil četrtič, toda točk svetovnega pokala prej tam nisem osvojil, vedno mi je malo zmanjkalo. Spet sem šel na polno, rekel sem si le: ne naredi neumne napake. Tista, ki sem jo, mi na srečo ni vzela veliko časa. Lepo, da se je tako poplačalo.&quot; Bi lahko dejali, da ste rojeni za velike tekme? &quot;Ne, ne bi bilo pošteno. Prepričan sem, da je veliko vlogo odigrala sreča. Vesel sem za te uspehe, ampak v življenju so mi uspele tudi druge tekme. Nekaj mi jih je moralo, da sem sploh prišel do sem. Žal mi je, da se spremlja le svetovni pokal, veliko truda in denarja vložiš, da sploh prideš do tega nivoja. Veliko je malih korakov, pot pa dolga.&quot; Do kod sežejo vaši cilji ali sanje, jim še vedno tako rečete? &quot;Še vedno so sanje, čeprav bi po tej sezoni morda lahko govoril že o ciljih. Sanje so še iz otroštva. V mlajših kategorijah nisem bil dostikrat na stopničkah. Zmagal nisem skoraj nikoli. V programu Fis sem se precej izboljšal, letos pa sem nekajkrat zmagal na tekmah nižjega ranga. Veliko mi pomeni, da napredujem. Težko pričakuješ, da bo šlo tako v nedogled, delnice se tudi dvigajo in spuščajo, bom pa vse naredil za kaj takega.&quot; Kdo vam kaže pot? &quot;Opazujem tekmece, pozoren sem na njihove kvalitete. Ni le eden, več jih je, najbolj pa sta mi všeč Hannes Reichelt in Christof Innerhofer. Primerjam se s sebi podobnimi - po konstituciji in načinu razmišljanja.&quot; Kaj pa Bode Miller? &quot;Ob Hermannu Maierju je moj idol iz preteklosti. Všeč mi je, ker je bil vsestranski, zmagal je v vseh disciplinah, dosegel vse, kar je bilo možno. Ampak ne bom ga v vsem posnemal in si ogledoval proge le dve minuti. Malo slabši čas ima takrat kot na tekmi. Malo se hecam, ampak temu elementu posvetim veliko časa. Reichelt in Innerhofer tudi, z njima sem bolj prijateljski, ju kdaj povprašam za mnenje. Toda nista le ta dva, vsi fantje so v redu, pravi šampioni. Ne posnemam pa vsega, marsikaj počnem le jaz.&quot; Vselej na polno na progo Pen je rekel, da ste izjemen tekmovalec in specifični tip, kar je dobro za vaš hribovski šport. Kaj to pomeni? &quot;Priznam, nisem običajen človek, nihče, ki je več zdoma kot doma, ni. Vsi smo specifični, jaz poskušam biti še bolj. Se ne oziram, kaj drugi mislijo o meni, je pa fajn, če kdo pove kaj pozitivnega. Energijo posvečam temu, da bi dobro smučal, naredil čim več za šport in za naše mesto, Maribor. Sem zaveden Štajerec. S Penom sva iz istega kraja, imava iste cilje.&quot; Kaj pa, da je rekel, da ste kot zaletav bikec? &quot;Verjetno opazi, da kaj naredim nepremišljeno, sploh na tekmi. Pa saj ve, da takrat ni čas za razmišljanje, še sam mi to reče. Dobro je, če se s starta poženeš kot bik, ki mu odprejo vrata. Kaj je pametno in kaj ne, zveš šele v cilju. Včasih se tveganje izide, če ne, ti očitajo, da si zaletav bikec. Da sam sebi ne bi kaj očital, se vedno maksimalno pripravim in na polno podam na progo.&quot; V tej sezoni je mlajši del smukaške ekipe naredil velik korak in zasenčil bolj izkušene. Ste jih razjezili, da vrnejo udarec? &quot;Od prihodu v ekipo pred tremi leti sem bil najmlajši, zdaj sem nekje na sredini. Čas hitro mine. Na treningih sem se vedno primerjal s starejšimi, od njih se učim. Težko komentiram njihovo smučanje, ker se v druge ne poglabljam. Vsakemu želim najboljše. Veliko so mi pomagali, jaz pa ne vem, če jim lahko, ker imam bistveno manj izkušenj. Na treningih ni bilo razlik med nami.&quot; Nogometaš, toda ne za Bayern Kdo je vaš najboljši prijatelj v ekipi, verjetno ne Rok Perko s čepico Olimpije? (Smeh) &quot;Mi smo ena ekipa! Kuhamo sami, pomivamo posodo, delimo sobe, veliko časa smo skupaj. Z Boštjanom Klinetom sva isti letnik, skupaj trenirava od malega, v srednji šoli sva bila sošolca, najboljše se poznava. Martin Čater je leto mlajši, tudi on je branikovec. Toda vsi smo Slovenci, govorimo isti jezik, čeprav se včasih ne razumemo, ko potegnemo po štajersko. Z grbom na čeladi rad pokažem, da je pomemben tudi Maribor.&quot; Ste srčen navijač mariborskega nogometa? &quot;Seveda. Bil sem najbrž na več nogometnih tekmah kot na smučarskih. Ampak kot gledalec. Vsakič, ko sem doma, grem in navijam na vzhodni tribuni. Poskušam narediti vzdušje. Viole na jugu pričakujejo, da sodelujemo.&quot; Brcate pa ne? &quot;Tri leta sem bil pri NK Radvanje. Saj sem ja Mariborčan, tu ni fanta, ki ne bi igral nogometa. Potem sem igral za kondicijski trening, ampak zdaj ni več časa, vse je podrejeno smučanju. Še za šolo ga ne najdem dovolj.&quot; Ste bili dober nogometaš? &quot;Bil sem v prvi ekipi, tudi nekaj golov sem zabil, ampak raje vprašajte moje trenerje. Mislim, da so bili zadovoljni z mano, nisem pa bil tako dober, da bi me kupil Inter ali Bayern. Sem vseeno rekel, da bom raje smučal (smeh). No, saj sem že od nekdaj vedel. Nesreča je le ta, da se ne moreš odločiti, za katero ekipo boš smučal. S ponosom sicer za Slovenijo, da ne bo pomote.&quot; Ob varčevalnih ukrepih na smučarski zvezi bi vam izbira prišla prav. &quot;Mislim, da nihče ne bi vozil za Slovenijo, če bi bila ta možnost.&quot; Ste bili v primerjavi s konkurenco podhranjeni? &quot;Da, finančno. Kuhal nam je pretežno Jerman, jedli smo veliko.&quot; Vam ni bilo treba pokazati kuharskih veščin? &quot;Ne, hvala bogu. Ne potrebujem urjenja še v tem. Marsikaj sem se moral naučiti, predvsem samostojnosti. A te čase moramo prebroditi, vsi se trudimo za boljše. Ni mi pa všeč, da moram marsikaj plačati. Saj ljudje bi morali razumeti, kako je, ko moraš plačevati, da lahko hodiš v službo.&quot; Že imate obrise naslednje sezone? &quot;Z Boštjanom in Martinom smo na klub in smučarsko zvezo poslali dopis, naj ekipa ostane nespremenjena. Da delamo naprej z zastavljenimi cilji. Mislimo, da smo pokazali napredek. Kdo bo trener, odločajo klubi in ljudje na zvezi. O tem ne razmišljam veliko, izvedeli pa smo, da nas en trener, Matija Grašič, zapušča. Upamo, da to ne bo vplivalo na naše cilje.&quot;</article-text>
		<article-text-transliterated>Včasih je kot zaletav bikec, je dejal slovenski trener za hitre discipline Peter Pen o Klemnu Kosiju, 23-letnem Mariborčanu, ki se ne kiti s kolajnami z mladinskih prvenstev, a z leti postaja vse boljši. Slovenska javnost ga je pobližje spoznala, ko je januarja osvojil 14. mesto v smuku v Kitzbühlu, deseti je bil v superveleslalomu na svetovnem prvenstvu. Obetavni visokorasli smučar je bil včasih tudi nogometaš. Vijolična nalepka krasi njegovo čelado, tipično za mladeniča izpod Pohorja, kamor prihaja le na počitnice. &quot;Nimamo miru, čeprav vijolice že cvetijo, kmalu se bodo pasle krave. Mislil sem, da bom imel zdaj kak teden počitka, ampak bomo še potegnili, še imamo tekme,” je povedal Klemen Kosi, ki je v sredo na Krvavcu postal državni prvak v smuku, v soboto pa zmagal v slalomu Fis na Kopah. Kaj vas žene, da še kar vijugate, ko je Pohorje že zeleno? &quot;Želja, da bi uspel v smučanju. Večino življenja sem namenil temu, da bi bil uspešen športnik. Dolga sezona je za mano, komaj že razmišljam, tako sem utrujen. Velika noč bi morala biti podatek, da je konec, ampak bomo zdržali še ta teden, če smo že pet mesecev. Pavza bo kljub vsemu kratka, konkurenca ne spi, tega se zavedamo.&quot; Vam misli kljub temu kdaj uidejo v tople kraje? &quot;Maribor, to je zame topli kraj. Zelo malo časa sem doma - kot običajen človek v toplih krajih.&quot; Skoraj mu je izpahnil roko Verjetno vas potiskajo naprej tudi letošnji rezultati, sploh iz prestižnega Kitzbühla, tri tekme in vsakič točke svetovnega pokala. &quot;Kitzbühel je medijsko najbolj podprto prizorišče. Več kot 200 milijonov ljudi, če se ne motim, vidi tekme po televiziji. Celo v Ameriki jih gledajo, pa mi naših ne moremo, ko tam tekmujemo. Zelo me veseli, da mi je v Kitzbühlu uspelo doseči najboljše rezultate. To je potrdilo, da sem na dobri poti, in dalo motiv. Toda ni edini, z ene tekme težko vsak dan črpaš voljo. Hvaležen sem, da mi je bilo to namenjeno, toda delam naprej, kot da tega ne bi bilo.&quot; Pa vendar, tekmovalci občutite, kaj se dogaja v smučarskem Wimbledonu? &quot;Seveda. Avstrijci so smučarski narod, vse jih zanima, marsikdo te ogovori. Zato ti je v veselje priti v Kitzbühel, res pa je tudi, da je to zelo zahtevna tekma, ni zastonj tako veliko dogajanje okrog nje. Pred nekaj leti sem lahko le sanjal, da bom tam nastopil. Predlani je bil to moj prvi smuk za svetovni pokal. Priložnost sem dobil, ker se je moj zdajšnji trener Andrej Jerman na treningu poškodoval in nato celo zaključil kariero.&quot; Prvič so se vam na startu verjetno zelo tresla kolena. &quot;Drži, ampak le na prvem treningu sem imel veliko treme. To je bilo edino tako prizorišče. Zelo neprijeten je bil občutek na startu, a ko ga premagaš - in če imaš srečo, si naslednjič malo manj napet.&quot; Kolikokrat se moraš spustiti po Petelinjem grebenu, da lahko greš na polno? &quot;Sem šel že drugič, ampak mi je bilo žal, ker je malo manjkalo in se ne bi srečno končalo. Imel sem svojo predstavo, kako bo to izgledalo. Klubski trener Dušan Jaunik mi je razlagal, kaj mu je nekoč delalo na prečnem prehodu, kako mu je prekrižalo smuči. Je rekel, da je takrat občutil boga. Zdaj tudi jaz vem, kako je to.&quot; Ko se te dotakne bog? &quot;V takih situacijah potrebuješ pomoč od zgoraj.&quot; V cilju pa se ozreš po tribunah, kje je holivudski bog, Arnold Schwarzenegger? (Smeh) &quot;Na prvi tekmi sem si rekel, da moram pogledati, kaj bo okrog mene. V cilju se, ves srečen, da sem preživel, ozrem okrog in zdelo se mi je, da sem prišel dan prepozno, ker so bile tribune že prazne. Sem bil res tako dolgo na progi? Imel sem številko 47, ne najvišjo, zato sem bil šokiran. Letos je bila zgodba drugačna - imel sem številko 32, a nisem pričakoval izjemnega vzdušja. Uspel mi je še dober rezultat, poln sem bil adrenalina, da sem predstavniku opremljevalca, ki mi je prvi čestital, skoraj izpahnil roko. Nisem vedel, kaj se dogaja.&quot; Veliko malih, neopaznih korakov Kaj je bilo tako posebnega na svetovnem prvenstvu? &quot;V Beaver Creeku sem bil četrtič, toda točk svetovnega pokala prej tam nisem osvojil, vedno mi je malo zmanjkalo. Spet sem šel na polno, rekel sem si le: ne naredi neumne napake. Tista, ki sem jo, mi na srečo ni vzela veliko časa. Lepo, da se je tako poplačalo.&quot; Bi lahko dejali, da ste rojeni za velike tekme? &quot;Ne, ne bi bilo pošteno. Prepričan sem, da je veliko vlogo odigrala sreča. Vesel sem za te uspehe, ampak v življenju so mi uspele tudi druge tekme. Nekaj mi jih je moralo, da sem sploh prišel do sem. Žal mi je, da se spremlja le svetovni pokal, veliko truda in denarja vložiš, da sploh prideš do tega nivoja. Veliko je malih korakov, pot pa dolga.&quot; Do kod sežejo vaši cilji ali sanje, jim še vedno tako rečete? &quot;Še vedno so sanje, čeprav bi po tej sezoni morda lahko govoril že o ciljih. Sanje so še iz otroštva. V mlajših kategorijah nisem bil dostikrat na stopničkah. Zmagal nisem skoraj nikoli. V programu Fis sem se precej izboljšal, letos pa sem nekajkrat zmagal na tekmah nižjega ranga. Veliko mi pomeni, da napredujem. Težko pričakuješ, da bo šlo tako v nedogled, delnice se tudi dvigajo in spuščajo, bom pa vse naredil za kaj takega.&quot; Kdo vam kaže pot? &quot;Opazujem tekmece, pozoren sem na njihove kvalitete. Ni le eden, več jih je, najbolj pa sta mi všeč Hannes Reichelt in Christof Innerhofer. Primerjam se s sebi podobnimi - po konstituciji in načinu razmišljanja.&quot; Kaj pa Bode Miller? &quot;Ob Hermannu Maierju je moj idol iz preteklosti. Všeč mi je, ker je bil vsestranski, zmagal je v vseh disciplinah, dosegel vse, kar je bilo možno. Ampak ne bom ga v vsem posnemal in si ogledoval proge le dve minuti. Malo slabši čas ima takrat kot na tekmi. Malo se hecam, ampak temu elementu posvetim veliko časa. Reichelt in Innerhofer tudi, z njima sem bolj prijateljski, ju kdaj povprašam za mnenje. Toda nista le ta dva, vsi fantje so v redu, pravi šampioni. Ne posnemam pa vsega, marsikaj počnem le jaz.&quot; Vselej na polno na progo Pen je rekel, da ste izjemen tekmovalec in specifični tip, kar je dobro za vaš hribovski šport. Kaj to pomeni? &quot;Priznam, nisem običajen človek, nihče, ki je več zdoma kot doma, ni. Vsi smo specifični, jaz poskušam biti še bolj. Se ne oziram, kaj drugi mislijo o meni, je pa fajn, če kdo pove kaj pozitivnega. Energijo posvečam temu, da bi dobro smučal, naredil čim več za šport in za naše mesto, Maribor. Sem zaveden Štajerec. S Penom sva iz istega kraja, imava iste cilje.&quot; Kaj pa, da je rekel, da ste kot zaletav bikec? &quot;Verjetno opazi, da kaj naredim nepremišljeno, sploh na tekmi. Pa saj ve, da takrat ni čas za razmišljanje, še sam mi to reče. Dobro je, če se s starta poženeš kot bik, ki mu odprejo vrata. Kaj je pametno in kaj ne, zveš šele v cilju. Včasih se tveganje izide, če ne, ti očitajo, da si zaletav bikec. Da sam sebi ne bi kaj očital, se vedno maksimalno pripravim in na polno podam na progo.&quot; V tej sezoni je mlajši del smukaške ekipe naredil velik korak in zasenčil bolj izkušene. Ste jih razjezili, da vrnejo udarec? &quot;Od prihodu v ekipo pred tremi leti sem bil najmlajši, zdaj sem nekje na sredini. Čas hitro mine. Na treningih sem se vedno primerjal s starejšimi, od njih se učim. Težko komentiram njihovo smučanje, ker se v druge ne poglabljam. Vsakemu želim najboljše. Veliko so mi pomagali, jaz pa ne vem, če jim lahko, ker imam bistveno manj izkušenj. Na treningih ni bilo razlik med nami.&quot; Nogometaš, toda ne za Bayern Kdo je vaš najboljši prijatelj v ekipi, verjetno ne Rok Perko s čepico Olimpije? (Smeh) &quot;Mi smo ena ekipa! Kuhamo sami, pomivamo posodo, delimo sobe, veliko časa smo skupaj. Z Boštjanom Klinetom sva isti letnik, skupaj trenirava od malega, v srednji šoli sva bila sošolca, najboljše se poznava. Martin Čater je leto mlajši, tudi on je branikovec. Toda vsi smo Slovenci, govorimo isti jezik, čeprav se včasih ne razumemo, ko potegnemo po štajersko. Z grbom na čeladi rad pokažem, da je pomemben tudi Maribor.&quot; Ste srčen navijač mariborskega nogometa? &quot;Seveda. Bil sem najbrž na več nogometnih tekmah kot na smučarskih. Ampak kot gledalec. Vsakič, ko sem doma, grem in navijam na vzhodni tribuni. Poskušam narediti vzdušje. Viole na jugu pričakujejo, da sodelujemo.&quot; Brcate pa ne? &quot;Tri leta sem bil pri NK Radvanje. Saj sem ja Mariborčan, tu ni fanta, ki ne bi igral nogometa. Potem sem igral za kondicijski trening, ampak zdaj ni več časa, vse je podrejeno smučanju. Še za šolo ga ne najdem dovolj.&quot; Ste bili dober nogometaš? &quot;Bil sem v prvi ekipi, tudi nekaj golov sem zabil, ampak raje vprašajte moje trenerje. Mislim, da so bili zadovoljni z mano, nisem pa bil tako dober, da bi me kupil Inter ali Bayern. Sem vseeno rekel, da bom raje smučal (smeh). No, saj sem že od nekdaj vedel. Nesreča je le ta, da se ne moreš odločiti, za katero ekipo boš smučal. S ponosom sicer za Slovenijo, da ne bo pomote.&quot; Ob varčevalnih ukrepih na smučarski zvezi bi vam izbira prišla prav. &quot;Mislim, da nihče ne bi vozil za Slovenijo, če bi bila ta možnost.&quot; Ste bili v primerjavi s konkurenco podhranjeni? &quot;Da, finančno. Kuhal nam je pretežno Jerman, jedli smo veliko.&quot; Vam ni bilo treba pokazati kuharskih veščin? &quot;Ne, hvala bogu. Ne potrebujem urjenja še v tem. Marsikaj sem se moral naučiti, predvsem samostojnosti. A te čase moramo prebroditi, vsi se trudimo za boljše. Ni mi pa všeč, da moram marsikaj plačati. Saj ljudje bi morali razumeti, kako je, ko moraš plačevati, da lahko hodiš v službo.&quot; Že imate obrise naslednje sezone? &quot;Z Boštjanom in Martinom smo na klub in smučarsko zvezo poslali dopis, naj ekipa ostane nespremenjena. Da delamo naprej z zastavljenimi cilji. Mislimo, da smo pokazali napredek. Kdo bo trener, odločajo klubi in ljudje na zvezi. O tem ne razmišljam veliko, izvedeli pa smo, da nas en trener, Matija Grašič, zapušča. Upamo, da to ne bo vplivalo na naše cilje.&quot;</article-text-transliterated>
	</article>
	<comments>
		<comments-count>0</comments-count>
		<comments-list/>
	</comments>
</document>
