<?xml version="1.0" encoding="utf-8"?>
<document global-id="si-04-1030">
	<url>https://www.vecer.com//cerar-o-azilnem-domu-v-mariboru-nic-za-hrbtom-ljudi-6237110</url>
	<source-id>si-04</source-id>
	<local-id>1030</local-id>
	<source-name>Večer</source-name>
	<article>
		<article-title>Cerar o azilnem domu v Mariboru: &quot;Nič za hrbtom ljudi&quot;</article-title>
		<article-title-transliterated>Cerar o azilnem domu v Mariboru: &quot;Nič za hrbtom ljudi&quot;</article-title-transliterated>
		<article-time>2016-10-06</article-time>
		<article-author>Branka Bezjak, Urška Mlinarič, Andreja Kutin Lednik, Matija Stepišnik</article-author>
		<article-text>&quot;Naše strokovne službe pregledujejo na več lokacijah po državi, ocenjujejo, ali so primerne, se dogovarjajo z lastniki, nič še ni dokončno odločeno,&quot; je o tem, kako daleč je namera o vzpostavitvi azilnega doma tudi v Mariboru, pojasnil državni sekretar na notranjem ministrstvu Boštjan Šefic. Potrdil je sicer informacije, da je v naboru objektov in lokacij tudi stavba v Sokolski ulici v Mariboru, a dodal, da zadeva še ni dorečena. &quot;Prostori se pregledujejo, ali so primerni, in če bomo našli skupni jezik tudi pri ceni in drugem, se pogodba lahko sklene. Še pred morebitnim dogovorom smo seznanili tudi predstavnike lokalnih skupnosti, ki v pogovoru niso izrazili nobenih zadržkov,&quot; je o sestanku na mariborski občni, ki je bil prejšnji petek, povedal Šefic. Lastnik objekta v Sokolski ulici je podjetje K2 Finance, d.o.o., kjer so nam prav tako dejali, da zadeve še niso dogovorjene, da podpis pogodbe še ni blizu. Gre za samski dom s poslovnimi prostori, dotrajan objekt, ki bi ga bilo treba delno obnoviti, umeščen med poslovno cono in naseljem hiš na Studencih. V 32 sobah se lahko namesti okoli 64 ljudi. Da je samski dom na prodaj, je razvidno tudi iz oglasa na spletu. Na občini za konsenz Z mariborske občine so sporočili, da je župan Maribora Andrej Fištravec ministrico za notranje zadeve Vesno Györkös Žnidar povabil na sestanek na občino, in sicer v ponedeljek, 10. oktobra, da njemu in mestnim svetnikom predstavi namere. Ali bo ministrica prišla, nam na ministrstvu še niso mogli odgovoriti. &quot;Mestna občina Maribor bo državi zagotovila vse potrebne informacije in sodelovala po svojih zmožnostih in zakonskih obvezah, vsekakor pa je pomembno, da je mariborska javnost z aktivnostmi države seznanjen. Naloga MOM je, da vztraja pri tem, da državni organi organe mesta celovito informirajo, da dobijo odgovore na vsa vprašanja in da se zagotovi ustrezna varnost. Vse z namenom, da se umestitev opravi s konsenzom lokalne skupnosti in z roko v roki z najbližjimi predvidenimi sosedi,&quot; je še komentiral župan. Ko smo govorili z Željkom Vogrinom, predsednikom mestne četrti Studenci in mestnim svetnikom NLS, ta z nameni ministrstva še ni bil seznanjen oziroma je zanje izvedel iz medijev. Tako s krajani o tem tudi še ni govoril ali imel kakšnih informacij. So pa iz te stranke županu Maribora že poslali zahtevo za sklic izredne seje mestnega sveta. Premier Cerar: &quot;Nič za hrbtom ljudi&quot; &quot;Ministrstvo za notranje zadeve preverja, kje bi bile možne dodatne azilne kapacitete, če bi se ponovil večji migracijski val. Delamo vse, da do težjih situacij ne bi prihajalo več, a se moramo pripraviti tudi na zahtevnejše scenarije,&quot; je za Večer ob robu prireditve Podravsko podjetje leta pojasnil premier Miro Cerar. &quot;Lokacija v Mariboru je le ena od možnih, gre za prvo fazo preverjanja in ni med prioritetnimi. Ljudje morajo vedeti, da ta vlada ne bo naredila nič za njihovim hrbtom. Vedno bomo poskrbeli za varnost ljudi, prizadevali si bomo, da migracije omejimo na minimum, ko bo šlo za kontrolirane prihode azilantov. Ne želim pa, da se v ljudi naseli strah, da se pojavlja hujskaštvo, kot smo ga videli lani. Slovenci smo bili vedno solidarni, če gre za nekaj deset ljudi, ki jih je treba sprejeti, ne bi smel biti problem. Tudi če bi šlo za nekaj sto ljudi. Če pa govorimo o velikih številkah, pa bi to bil velik izziv, a upam, da ga bomo na ravni EU preprečili,&quot; je še povedal. Zakaj torej Maribor? V objektih po državi, v katerih so zdaj nameščeni prosilci za azil, je sicer še veliko prostora. Skupno v vseh še za 237 oseb. Ob tem ima vlada v kontingenčnem načrtu v rezervi še namestitev na Debelem rtiču, kjer bi v tamkajšnjih bungalovih lahko namestili družine oziroma skupno 120 ljudi. Skupaj je torej prostora še za 347 ljudi, pri čemer lahko prosilec za azil biva na zasebnem naslovu, če ima to možnost. Zakaj se torej vlada dogovarja za izpostavo azilnega doma tudi v Mariboru, kjer bi radi zagotovili prostor za 70 ljudi? Zaradi morebitnega množičnejšega prihoda prosilcev za azil, čeprav ob vse večjem nadzoru zunanjih meja EU in držav na Balkanu te bojazni ni. Bolj verjetno je, da bo država morala izpostave aktivirati, saj se je zavezala, da bo do septembra prihodnje leto sprejela 567 prosilcev za azil iz Grčije in Italije. In ker so postopki odločanja o prošnjah za azil dolgotrajni, bi se trenutno delujoče kapacitete lahko napolnile. Do lanskega septembra, ko smo se soočili z množičnejšim prihodom beguncev in migrantov, z namestitvijo prosilcev za azil ni bilo prostorskih težav. Edini azilni dom v Ljubljani, ki sprejme do 203 ljudi, je zadostoval. Spomladi letos pa se je vlada odločila za odprtje še dveh izpostav, in sicer v Ljubljani, v Kotnikovi ulici, kjer je trenutno nameščenih 59 prosilcev za azil. Ta izpostava sicer sprejme do 90 oseb in je namenjena izključno samskim moškim. Izpostava v Logatcu, ki sprejme do 220 oseb, gosti družine. Trenutno tam biva 49 ljudi. Nobena od teh lokacij torej še nima zapolnjenih kapacitet. Šefic je še pojasnil, da bo morala biti lokacija za &quot;rezervni&quot; azilni dom vključena tudi v prenovljeni kontingentni načrt, ki ga mora potrditi še vlada. &quot;Sicer pa se ves čas skušamo dogovarjati, vladi gotovo ni v interesu, da bi na določeni lokaciji imela konflikte in proteste,&quot; je dodal. Andrej Špenga, prav tako državni sekretar na notranjem ministrstvu, sicer pa mariborski mestni svetnik SMC, pa, da imajo tako prednost objekti, ki so v državni lasti, in da je iskanje lokacij za dodaten azilni dom, če bi ta bil potreben, zgolj del aktivnosti, ki jih izvajajo: &quot;Drugo so aktivnosti na meji, tretje so spremembe zakona o tujcih, ki se prav tako pripravljajo.&quot;</article-text>
		<article-text-transliterated>&quot;Naše strokovne službe pregledujejo na več lokacijah po državi, ocenjujejo, ali so primerne, se dogovarjajo z lastniki, nič še ni dokončno odločeno,&quot; je o tem, kako daleč je namera o vzpostavitvi azilnega doma tudi v Mariboru, pojasnil državni sekretar na notranjem ministrstvu Boštjan Šefic. Potrdil je sicer informacije, da je v naboru objektov in lokacij tudi stavba v Sokolski ulici v Mariboru, a dodal, da zadeva še ni dorečena. &quot;Prostori se pregledujejo, ali so primerni, in če bomo našli skupni jezik tudi pri ceni in drugem, se pogodba lahko sklene. Še pred morebitnim dogovorom smo seznanili tudi predstavnike lokalnih skupnosti, ki v pogovoru niso izrazili nobenih zadržkov,&quot; je o sestanku na mariborski občni, ki je bil prejšnji petek, povedal Šefic. Lastnik objekta v Sokolski ulici je podjetje K2 Finance, d.o.o., kjer so nam prav tako dejali, da zadeve še niso dogovorjene, da podpis pogodbe še ni blizu. Gre za samski dom s poslovnimi prostori, dotrajan objekt, ki bi ga bilo treba delno obnoviti, umeščen med poslovno cono in naseljem hiš na Studencih. V 32 sobah se lahko namesti okoli 64 ljudi. Da je samski dom na prodaj, je razvidno tudi iz oglasa na spletu. Na občini za konsenz Z mariborske občine so sporočili, da je župan Maribora Andrej Fištravec ministrico za notranje zadeve Vesno Györkös Žnidar povabil na sestanek na občino, in sicer v ponedeljek, 10. oktobra, da njemu in mestnim svetnikom predstavi namere. Ali bo ministrica prišla, nam na ministrstvu še niso mogli odgovoriti. &quot;Mestna občina Maribor bo državi zagotovila vse potrebne informacije in sodelovala po svojih zmožnostih in zakonskih obvezah, vsekakor pa je pomembno, da je mariborska javnost z aktivnostmi države seznanjen. Naloga MOM je, da vztraja pri tem, da državni organi organe mesta celovito informirajo, da dobijo odgovore na vsa vprašanja in da se zagotovi ustrezna varnost. Vse z namenom, da se umestitev opravi s konsenzom lokalne skupnosti in z roko v roki z najbližjimi predvidenimi sosedi,&quot; je še komentiral župan. Ko smo govorili z Željkom Vogrinom, predsednikom mestne četrti Studenci in mestnim svetnikom NLS, ta z nameni ministrstva še ni bil seznanjen oziroma je zanje izvedel iz medijev. Tako s krajani o tem tudi še ni govoril ali imel kakšnih informacij. So pa iz te stranke županu Maribora že poslali zahtevo za sklic izredne seje mestnega sveta. Premier Cerar: &quot;Nič za hrbtom ljudi&quot; &quot;Ministrstvo za notranje zadeve preverja, kje bi bile možne dodatne azilne kapacitete, če bi se ponovil večji migracijski val. Delamo vse, da do težjih situacij ne bi prihajalo več, a se moramo pripraviti tudi na zahtevnejše scenarije,&quot; je za Večer ob robu prireditve Podravsko podjetje leta pojasnil premier Miro Cerar. &quot;Lokacija v Mariboru je le ena od možnih, gre za prvo fazo preverjanja in ni med prioritetnimi. Ljudje morajo vedeti, da ta vlada ne bo naredila nič za njihovim hrbtom. Vedno bomo poskrbeli za varnost ljudi, prizadevali si bomo, da migracije omejimo na minimum, ko bo šlo za kontrolirane prihode azilantov. Ne želim pa, da se v ljudi naseli strah, da se pojavlja hujskaštvo, kot smo ga videli lani. Slovenci smo bili vedno solidarni, če gre za nekaj deset ljudi, ki jih je treba sprejeti, ne bi smel biti problem. Tudi če bi šlo za nekaj sto ljudi. Če pa govorimo o velikih številkah, pa bi to bil velik izziv, a upam, da ga bomo na ravni EU preprečili,&quot; je še povedal. Zakaj torej Maribor? V objektih po državi, v katerih so zdaj nameščeni prosilci za azil, je sicer še veliko prostora. Skupno v vseh še za 237 oseb. Ob tem ima vlada v kontingenčnem načrtu v rezervi še namestitev na Debelem rtiču, kjer bi v tamkajšnjih bungalovih lahko namestili družine oziroma skupno 120 ljudi. Skupaj je torej prostora še za 347 ljudi, pri čemer lahko prosilec za azil biva na zasebnem naslovu, če ima to možnost. Zakaj se torej vlada dogovarja za izpostavo azilnega doma tudi v Mariboru, kjer bi radi zagotovili prostor za 70 ljudi? Zaradi morebitnega množičnejšega prihoda prosilcev za azil, čeprav ob vse večjem nadzoru zunanjih meja EU in držav na Balkanu te bojazni ni. Bolj verjetno je, da bo država morala izpostave aktivirati, saj se je zavezala, da bo do septembra prihodnje leto sprejela 567 prosilcev za azil iz Grčije in Italije. In ker so postopki odločanja o prošnjah za azil dolgotrajni, bi se trenutno delujoče kapacitete lahko napolnile. Do lanskega septembra, ko smo se soočili z množičnejšim prihodom beguncev in migrantov, z namestitvijo prosilcev za azil ni bilo prostorskih težav. Edini azilni dom v Ljubljani, ki sprejme do 203 ljudi, je zadostoval. Spomladi letos pa se je vlada odločila za odprtje še dveh izpostav, in sicer v Ljubljani, v Kotnikovi ulici, kjer je trenutno nameščenih 59 prosilcev za azil. Ta izpostava sicer sprejme do 90 oseb in je namenjena izključno samskim moškim. Izpostava v Logatcu, ki sprejme do 220 oseb, gosti družine. Trenutno tam biva 49 ljudi. Nobena od teh lokacij torej še nima zapolnjenih kapacitet. Šefic je še pojasnil, da bo morala biti lokacija za &quot;rezervni&quot; azilni dom vključena tudi v prenovljeni kontingentni načrt, ki ga mora potrditi še vlada. &quot;Sicer pa se ves čas skušamo dogovarjati, vladi gotovo ni v interesu, da bi na določeni lokaciji imela konflikte in proteste,&quot; je dodal. Andrej Špenga, prav tako državni sekretar na notranjem ministrstvu, sicer pa mariborski mestni svetnik SMC, pa, da imajo tako prednost objekti, ki so v državni lasti, in da je iskanje lokacij za dodaten azilni dom, če bi ta bil potreben, zgolj del aktivnosti, ki jih izvajajo: &quot;Drugo so aktivnosti na meji, tretje so spremembe zakona o tujcih, ki se prav tako pripravljajo.&quot;</article-text-transliterated>
	</article>
	<comments>
		<comments-count>0</comments-count>
		<comments-list/>
	</comments>
</document>
