<?xml version="1.0" encoding="utf-8"?>
<document global-id="si-04-1208">
	<url>https://www.vecer.com//desetletnica-nagrade-lux-6237471</url>
	<source-id>si-04</source-id>
	<local-id>1208</local-id>
	<source-name>Večer</source-name>
	<article>
		<article-title>Desetletnica nagrade Lux</article-title>
		<article-title-transliterated>Desetletnica nagrade Lux</article-title-transliterated>
		<article-time>2016-10-11</article-time>
		<article-author>Petra Vidali</article-author>
		<article-text>Po vsej Evropi so sinoči s sočasno projekcijo filma Mustang režiserke Deniz Gamze Ergüven zaznamovali desetletnico filmske nagrade Lux, ki jo podeljuje Evropski parlament. Film Mustang je nagrado Lux prejel lani in je bil tudi eden od petih nominirancev za tujejezičnega oskarja. V Sloveniji je projekcijo gostil Mestni kino Ptuj.Francosko-turško-nemška koprodukcija Mustang predstavi družbeno, z lokalnimi tradicijami podprto, zapiranje mladih deklet v Turčiji. Prikazuje pet močnih žensk, ki se želijo izviti iz patriarhalne in hinavske družbe. Poleg nominacije za tujejezičnega oskarja si je prislužil tudi nominacijo za zlati globus za najboljši film v tujem jeziku.Film so sočasno prikazali v 28 državah Evropske unije, v vseh 24 uradnih jezikih. Projekciji je sledil pogovor z režiserko v neposrednem prenosu iz Bruslja. Režiserki bodo lahko vprašanja preko twitterja zastavili tudi slovenski gledalci.Praznovanje je včeraj popoldne zaznamovalo tudi predavanje mednarodno uveljavljenega režiserja Kena Loacha o evropski kinematografiji, ki so ga v živo prenašali preko spleta, v razstavišču Evropskega parlamenta Parlamentarium pa so odprli razstavo o desetletnici obstoja nagrade, ki bo na ogled do 29. januarja.Slovenski gostitelj dogodka je bil Mestni kino Ptuj. Izbran je bil na podlagi dejstva, da je bil letošnji slovenski mladi ambasador filmske nagrade Lux in član mlade žirije 28 Times Cinema na Dnevih avtorjev na beneškem filmskem festivalu Tomi Petek odposlan prav iz Mestnega kina Ptuj.Mestni kino Ptuj je tudi prizorišče številnih kakovostnih in odmevnih dogodkov in projektov, zaradi česar ga je spletni portal Film New Europe prav te dni izbral za kino meseca.Namen evropske filmske nagrade Lux je podpreti evropsko kinematografijo in spodbuditi režiserje, da se lotijo vprašanj, povezanih z evropskimi vrednotami in socialnim položajem. Prvo nagrado je leta 2007 prejel film Z druge strani v režiji Fatiha Akina.Za deseto nagrado Lux se letos potegujejo filmi A peine j‘ouvre les yeux v režiji Leyle Bouzid, Ma vie de courgette, ki ga podpisuje Claude Barras ter film Toni Erdmann režiserke Maren Ade. Nagrado bodo podelili v novembru. (sta)</article-text>
		<article-text-transliterated>Po vsej Evropi so sinoči s sočasno projekcijo filma Mustang režiserke Deniz Gamze Ergüven zaznamovali desetletnico filmske nagrade Lux, ki jo podeljuje Evropski parlament. Film Mustang je nagrado Lux prejel lani in je bil tudi eden od petih nominirancev za tujejezičnega oskarja. V Sloveniji je projekcijo gostil Mestni kino Ptuj.Francosko-turško-nemška koprodukcija Mustang predstavi družbeno, z lokalnimi tradicijami podprto, zapiranje mladih deklet v Turčiji. Prikazuje pet močnih žensk, ki se želijo izviti iz patriarhalne in hinavske družbe. Poleg nominacije za tujejezičnega oskarja si je prislužil tudi nominacijo za zlati globus za najboljši film v tujem jeziku.Film so sočasno prikazali v 28 državah Evropske unije, v vseh 24 uradnih jezikih. Projekciji je sledil pogovor z režiserko v neposrednem prenosu iz Bruslja. Režiserki bodo lahko vprašanja preko twitterja zastavili tudi slovenski gledalci.Praznovanje je včeraj popoldne zaznamovalo tudi predavanje mednarodno uveljavljenega režiserja Kena Loacha o evropski kinematografiji, ki so ga v živo prenašali preko spleta, v razstavišču Evropskega parlamenta Parlamentarium pa so odprli razstavo o desetletnici obstoja nagrade, ki bo na ogled do 29. januarja.Slovenski gostitelj dogodka je bil Mestni kino Ptuj. Izbran je bil na podlagi dejstva, da je bil letošnji slovenski mladi ambasador filmske nagrade Lux in član mlade žirije 28 Times Cinema na Dnevih avtorjev na beneškem filmskem festivalu Tomi Petek odposlan prav iz Mestnega kina Ptuj.Mestni kino Ptuj je tudi prizorišče številnih kakovostnih in odmevnih dogodkov in projektov, zaradi česar ga je spletni portal Film New Europe prav te dni izbral za kino meseca.Namen evropske filmske nagrade Lux je podpreti evropsko kinematografijo in spodbuditi režiserje, da se lotijo vprašanj, povezanih z evropskimi vrednotami in socialnim položajem. Prvo nagrado je leta 2007 prejel film Z druge strani v režiji Fatiha Akina.Za deseto nagrado Lux se letos potegujejo filmi A peine j‘ouvre les yeux v režiji Leyle Bouzid, Ma vie de courgette, ki ga podpisuje Claude Barras ter film Toni Erdmann režiserke Maren Ade. Nagrado bodo podelili v novembru. (sta)</article-text-transliterated>
	</article>
	<comments>
		<comments-count>0</comments-count>
		<comments-list/>
	</comments>
</document>
