<document global-id="si-04-1377"><url>https://www.vecer.com//201506136122683-6122683</url><source-id>si-04</source-id><local-id>si-04-1377</local-id><source-name>Večer</source-name><article><article-title>Drugi</article-title><article-title-transliterated>Drugi</article-title-transliterated><article_time>2015-06-13</article_time><article-author>jutarnjihr</article-author><article-text>Volitve v Turčiji so zamajale premoč Stranke za pravičnost in razvoj (AKP). Odkar jo je Recep Tayyip Erdogan leta 2001 ustanovil, je zmagala na vseh parlamentarnih volitvah, pa tudi na lokalnih in predsedniških, ter spodkopala temelje sekularnega kemalizma. Med desetletjem na oblasti si je Erdogan najprej podredil vojaški vrh, nato pa je, ne da bi se odrekel republikanskemu nacionalizmu, uvedel svojo islamistično različico.
Vse to je bilo mogoče na krilih turškega gospodarskega uspeha. Od nedavnega pa turški gospodarski razvoj strmo pada, brezposelnost raste (trenutno znaša 11 odstotkov), lira vse bolj izgublja vrednosti ne pomaga niti premoč v nepremičninah in gradbeništvu. Poleg tega je Erdogan v preteklih nekaj letih, od junija 2013, ko je ob pomoči policije ustavil proteste v istanbulskem parku Gezi, in še posebej od avgusta 2014, ko je bil izvoljen za predsednika, pokazal nezmernost v napadih na opozicijo, novinarje in družbena omrežja. Vrhunec imperialnih pretenzij pa je bila gradnja nove predsedniške palače s 1150 sobami v vrednosti 600 milijonov dolarjev. Pomagala ni niti Erdoganova zunanja politika, ki se je leta 2011 podala na nevarno pot, uperjeno proti Zahodu. Erdogan je podprl Mursija in Muslimansko bratovščino ter po vojaškem udaru ohladil odnose z Egiptom. V Siriji je na skrivaj pomagal Islamski državi in odklonil pomoč kurdskim borcem, obleganim v mestu Kobane. Vse to je storil v upanju, da bo Turčija, kot v času otomanskega cesarstva, znova postala referenčna v arabskem svetu. Čeprav je po ruskem napadu na Ukrajino obsodil pregon krimskih tatarov, je našel skupni jezik s Putinom za turški tok, alternativni plinovod za izvoz ruskega plina na evropski trg, ki predstavlja zamenjavo za propadli južni tok.
S 83-odstotno udeležbo na volitvah je bil ustavljen Erdoganov marš proti putinizmu. Drugič po letu 1950, ko je prevagala protikemalistična opozicija, in letu 1983, ko je bila tri leta po vojnem udaru poražena stranka generalov MDP, je Turčija leta 2015 pokazala, kaj zmore dobro organizirana demokratična opozicija v premišljeni državi, je za jutarnji.hr napisal zgodovinar dr. Ivo Banac.</article-text><article-text-transliterated>Volitve v Turčiji so zamajale premoč Stranke za pravičnost in razvoj (AKP). Odkar jo je Recep Tayyip Erdogan leta 2001 ustanovil, je zmagala na vseh parlamentarnih volitvah, pa tudi na lokalnih in predsedniških, ter spodkopala temelje sekularnega kemalizma. Med desetletjem na oblasti si je Erdogan najprej podredil vojaški vrh, nato pa je, ne da bi se odrekel republikanskemu nacionalizmu, uvedel svojo islamistično različico.
Vse to je bilo mogoče na krilih turškega gospodarskega uspeha. Od nedavnega pa turški gospodarski razvoj strmo pada, brezposelnost raste (trenutno znaša 11 odstotkov), lira vse bolj izgublja vrednosti ne pomaga niti premoč v nepremičninah in gradbeništvu. Poleg tega je Erdogan v preteklih nekaj letih, od junija 2013, ko je ob pomoči policije ustavil proteste v istanbulskem parku Gezi, in še posebej od avgusta 2014, ko je bil izvoljen za predsednika, pokazal nezmernost v napadih na opozicijo, novinarje in družbena omrežja. Vrhunec imperialnih pretenzij pa je bila gradnja nove predsedniške palače s 1150 sobami v vrednosti 600 milijonov dolarjev. Pomagala ni niti Erdoganova zunanja politika, ki se je leta 2011 podala na nevarno pot, uperjeno proti Zahodu. Erdogan je podprl Mursija in Muslimansko bratovščino ter po vojaškem udaru ohladil odnose z Egiptom. V Siriji je na skrivaj pomagal Islamski državi in odklonil pomoč kurdskim borcem, obleganim v mestu Kobane. Vse to je storil v upanju, da bo Turčija, kot v času otomanskega cesarstva, znova postala referenčna v arabskem svetu. Čeprav je po ruskem napadu na Ukrajino obsodil pregon krimskih tatarov, je našel skupni jezik s Putinom za turški tok, alternativni plinovod za izvoz ruskega plina na evropski trg, ki predstavlja zamenjavo za propadli južni tok.
S 83-odstotno udeležbo na volitvah je bil ustavljen Erdoganov marš proti putinizmu. Drugič po letu 1950, ko je prevagala protikemalistična opozicija, in letu 1983, ko je bila tri leta po vojnem udaru poražena stranka generalov MDP, je Turčija leta 2015 pokazala, kaj zmore dobro organizirana demokratična opozicija v premišljeni državi, je za jutarnji.hr napisal zgodovinar dr. Ivo Banac.</article-text-transliterated></article><comments><comments-count>0</comments-count><comments-list /></comments></document>