<document global-id="si-04-1159"><url>https://www.vecer.com//debaterka-je-postala-zdravnica-6256818</url><source-id>si-04</source-id><local-id>si-04-1159</local-id><source-name>Večer</source-name><article><article-title>Debaterka je postala zdravnica</article-title><article-title-transliterated>Debaterka je postala zdravnica</article-title-transliterated><article_time>2017-04-12</article_time><article-author>Bernarda B. Peček</article-author><article-text>V prav posebno veselje mi je, ko pišem o mladih, ki jih spremljam vse od osnovnošolskih klopi. Tudi z Moniko Sobočan iz Gomilice sva se srečali že pred približno desetimi leti. Ker je bila kot dijakinja Gimnazije Franca Miklošiča Ljutomer zelo prizadevna kot debaterka in aktivna na področju mednarodnega sodelovanja, odlično pa je obvladala tudi tuje jezike, je bilo za mnoge nemajhno presenečenje, da se po končani srednji šoli ni odločila za družboslovno smer študija, temveč za študij medicine na Univerzi v Mariboru.
"Kolebala sem med študijem mednarodnih odnosov in medicino. Vse do zadnjega mi ni bilo jasno, kaj in kako naj se odločim. A imela sem odlično profesorico kemije na ljutomerski gimnaziji. Super je bila, sicer zahtevna, ampak vseeno me je uspela navdušiti za znanstvenoraziskovalno delo. Čeprav nisem bila med najboljšimi v tisti generaciji, sem imela vseeno dovolj točk, da sem se lahko vpisala, kamor sem želela," je povedala Monika Sobočan. Očitno se je odločila pravilno, kajti prav raziskovalno delo je tisto, ki jo najbolj zaznamuje in zaradi katerega je tudi prejela najvišjo Perlachovo nagrado Univerze v Mariboru za celotno študijsko obdobje. Pravzaprav je njen opus raziskovalnega dela tako bogat, da je močno presegla zahtevane pogoje (namesto dveh strokovnih člankov jih je imela napisanih kar šest).

Darja Remškar, diplomirana kulturologinja: "Moniko poznam že dobrih deset let. Že od nekdaj je bila izjemno ambiciozna in pri zastavljenih ciljih je vztrajala, dokler jih ni dosegla. Kar mi je pri njej bilo zmeraj všeč, je to, da je po doseženem cilju imela v mislih že nov izziv. O njenem karakterju največ pove dejstvo, da nikoli ne obupa. Sicer menim, da bi lahko v mlajših letih več uživala, vendar jo je njena delovna etika pripeljala do tega, kjer je sedaj."
Zalika Klemenc Ketiš, profesorica in mentorica: "Monika je izredno samoiniciativna študentka, z veliko idejami, ki jih je sposobna implementirati tudi v prakso. Je dobra organizatorka in obvlada uspešno komunikacijo. Je izredno prizadevna in delavna, ima jasno vizijo. Kot raziskovalka je samostojna, pripravljena se je učiti, sama išče odgovore na dileme, na katere naleti med raziskovanjem. Z njo je zelo dobro delati, saj je zanesljiva in ažurna."

O dosedanjem raziskovalnem delu je povedala: "Pri meni se je vse začelo, ko sem odšla na izmenjavo študentov v Nemčijo (v študijskem letu 2012/13). Tam mi je eden od profesorjev ponudil priložnost delati s transplantati jeter. Delali smo z miškami in ugotavljali, kako se njihov obrambni sistem odziva na operacije. Velikokrat sem odhajala iz laboratorija ob dveh ponoči ... Prav to delo me je veliko naučilo, mi dalo izkušnje za kasnejše delo. Potem pa sem se usmerila v medicinsko didaktiko, kajti močno si želim, da bi vsi skupaj izboljšali način poučevanja in celoten študijski proces. Pravzaprav sem se zadnja tri leta ukvarjala predvsem s tem področjem. V študijsko prakso smo uvedli virtualne bolnike, na podlagi dela z njimi pa naj bi se študentje bolje usposobili za delo v praksi, torej da bi bili bolj pripravljeni na praktično delo v bolnišnici. To je le pripomoček. Računalnikarji trdijo, da bodo lahko roboti čez nekaj let zamenjali zdravnike, a jaz osebno ne verjamem povsem v to." Seveda pa njen raziskovalni duh ne bo miroval niti v prihodnje, zato namerava še naprej aktivno sodelovati pri premagovanju prepada med generacijami. To bo lahko počela tudi kot koordinatorica Centra za izobraževanje v medicini pri Medicinski fakulteti Univerze v Mariboru, ki so ga ustanovili leta 2012 in je namenjen evalvaciji študijskega sistema iz potreb visokošolskih učiteljev, mladih zdravnikov in študentov. Zagotovo pa bo Monika Sobočan tudi v prihodnje našla še veliko izzivov, bodisi kot zdravnica (trenutno opravlja pripravništvo v Splošni bolnišnici Murska Sobota) bodisi kot raziskovalka.</article-text><article-text-transliterated>V prav posebno veselje mi je, ko pišem o mladih, ki jih spremljam vse od osnovnošolskih klopi. Tudi z Moniko Sobočan iz Gomilice sva se srečali že pred približno desetimi leti. Ker je bila kot dijakinja Gimnazije Franca Miklošiča Ljutomer zelo prizadevna kot debaterka in aktivna na področju mednarodnega sodelovanja, odlično pa je obvladala tudi tuje jezike, je bilo za mnoge nemajhno presenečenje, da se po končani srednji šoli ni odločila za družboslovno smer študija, temveč za študij medicine na Univerzi v Mariboru.
"Kolebala sem med študijem mednarodnih odnosov in medicino. Vse do zadnjega mi ni bilo jasno, kaj in kako naj se odločim. A imela sem odlično profesorico kemije na ljutomerski gimnaziji. Super je bila, sicer zahtevna, ampak vseeno me je uspela navdušiti za znanstvenoraziskovalno delo. Čeprav nisem bila med najboljšimi v tisti generaciji, sem imela vseeno dovolj točk, da sem se lahko vpisala, kamor sem želela," je povedala Monika Sobočan. Očitno se je odločila pravilno, kajti prav raziskovalno delo je tisto, ki jo najbolj zaznamuje in zaradi katerega je tudi prejela najvišjo Perlachovo nagrado Univerze v Mariboru za celotno študijsko obdobje. Pravzaprav je njen opus raziskovalnega dela tako bogat, da je močno presegla zahtevane pogoje (namesto dveh strokovnih člankov jih je imela napisanih kar šest).

Darja Remškar, diplomirana kulturologinja: "Moniko poznam že dobrih deset let. Že od nekdaj je bila izjemno ambiciozna in pri zastavljenih ciljih je vztrajala, dokler jih ni dosegla. Kar mi je pri njej bilo zmeraj všeč, je to, da je po doseženem cilju imela v mislih že nov izziv. O njenem karakterju največ pove dejstvo, da nikoli ne obupa. Sicer menim, da bi lahko v mlajših letih več uživala, vendar jo je njena delovna etika pripeljala do tega, kjer je sedaj."
Zalika Klemenc Ketiš, profesorica in mentorica: "Monika je izredno samoiniciativna študentka, z veliko idejami, ki jih je sposobna implementirati tudi v prakso. Je dobra organizatorka in obvlada uspešno komunikacijo. Je izredno prizadevna in delavna, ima jasno vizijo. Kot raziskovalka je samostojna, pripravljena se je učiti, sama išče odgovore na dileme, na katere naleti med raziskovanjem. Z njo je zelo dobro delati, saj je zanesljiva in ažurna."

O dosedanjem raziskovalnem delu je povedala: "Pri meni se je vse začelo, ko sem odšla na izmenjavo študentov v Nemčijo (v študijskem letu 2012/13). Tam mi je eden od profesorjev ponudil priložnost delati s transplantati jeter. Delali smo z miškami in ugotavljali, kako se njihov obrambni sistem odziva na operacije. Velikokrat sem odhajala iz laboratorija ob dveh ponoči ... Prav to delo me je veliko naučilo, mi dalo izkušnje za kasnejše delo. Potem pa sem se usmerila v medicinsko didaktiko, kajti močno si želim, da bi vsi skupaj izboljšali način poučevanja in celoten študijski proces. Pravzaprav sem se zadnja tri leta ukvarjala predvsem s tem področjem. V študijsko prakso smo uvedli virtualne bolnike, na podlagi dela z njimi pa naj bi se študentje bolje usposobili za delo v praksi, torej da bi bili bolj pripravljeni na praktično delo v bolnišnici. To je le pripomoček. Računalnikarji trdijo, da bodo lahko roboti čez nekaj let zamenjali zdravnike, a jaz osebno ne verjamem povsem v to." Seveda pa njen raziskovalni duh ne bo miroval niti v prihodnje, zato namerava še naprej aktivno sodelovati pri premagovanju prepada med generacijami. To bo lahko počela tudi kot koordinatorica Centra za izobraževanje v medicini pri Medicinski fakulteti Univerze v Mariboru, ki so ga ustanovili leta 2012 in je namenjen evalvaciji študijskega sistema iz potreb visokošolskih učiteljev, mladih zdravnikov in študentov. Zagotovo pa bo Monika Sobočan tudi v prihodnje našla še veliko izzivov, bodisi kot zdravnica (trenutno opravlja pripravništvo v Splošni bolnišnici Murska Sobota) bodisi kot raziskovalka.</article-text-transliterated></article><comments><comments-count>0</comments-count><comments-list /></comments></document>