<document global-id="si-04-103"><url>https://www.vecer.com//recepta-kako-postati-zlati-maturant-ni-6279310</url><source-id>si-04</source-id><local-id>si-04-103</local-id><source-name>Večer</source-name><article><article-title>"Recepta, kako postati zlati maturant, ni"</article-title><article-title-transliterated>"Recepta, kako postati zlati maturant, ni"</article-title-transliterated><article_time>2017-07-10</article_time><article-author>Barbara Bradač</article-author><article-text>V prostorih državnega izpitnega centra so včeraj predstavili rezultate letošnje mature, ki kažejo na več kot 93-odstotno uspešnost kandidatov. Ministrica za izobraževanje Maja Makovec Brenčič je z rezultati zadovoljna, bistvenih odstopanj od preteklih let ni.
Na Prvi diamantna dijakinja
Z uspehom na splošni maturi je izredno zadovoljen  Herman Pušnik, ravnatelj Prve gimnazije Maribor, kjer je kar 97,3 odstotka dijakov uspešno opravilo maturo. "Imamo tudi štiri zlate maturante in, kar nas še posebej veseli, diamantno dijakinjo Evo Malovrh, ki je dosegla vse možne točke," je zadovoljen Pušnik. Na Prvi gimnaziji že zadnjih deset let beležijo več kot 95-odstotno uspešnost na maturi. Čeprav je za maturanti veliko dela, pa ravnatelj izpostavlja, da dijaki potrebujejo predvsem pogovor. "Dobro je, da imajo priložnost, da se z nami pogovorijo, da lahko svoje stiske delijo z drugimi, da lahko dobijo potrditev ali priložnost za skupno načrtovanje. Ta povratna in sprotna informacija je zelo pomembna v pedagoškem procesu in na tem gradimo," pravi Pušnik. Prepričan je, da bo uspelo tudi tistim dijakom, ki jim je na spomladanskem roku spodrsnilo, in dodaja, da so jim na šoli na razpolago. Kandidati lahko v treh dneh po objavi rezultatov oddajo na Državni izpitni center zahtevo za vpogled v izpitno dokumentacijo in se na podlagi vpogleda morebiti odločijo za ugovor. Tisti, ki pri spomladanskem roku splošne mature niso bili uspešni, se lahko že danes na šoli prijavijo k jesenskemu izpitnemu roku splošne mature.
Sedem zlatih na II. gimnaziji
"Vsi smo nestrpno zjutraj čakali na objavo rezultatov, ne samo dijaki, tudi mi učitelji. Zelo sem zadovoljen z našimi dijaki. Od 174 dijakov in dijakinj, ki so opravljali splošno maturo, jih je uspešnih 168 in kar sedem imamo zlatih maturantov," je nasmejan povedal Ivan Lorenčič, ravnatelj II. gimnazije Maribor. Na tej šoli izvajajo tudi program mednarodne mature in le nekaj dni pred rezultati nacionalne mature so bili znani tudi ti rezultati. "Dijaki so se odlično izkazali, saj so dosegli povprečno oceno 39 točk od 45. Od 28 dijakov, ki so opravljali maturo, imamo 13 zlatih maturantov. Žal pa nismo imeli dijaka z vsemi 45 točkami, smo pa imeli kar tri dijake s 44 točkami," je z rezultati zadovoljna Polona Vehovar, koordinatorica mednarodne mature na II. gimnaziji. V Sloveniji je mednarodno maturo opravljalo 62 dijakov iz Slovenije in 22 tujcev. Dijak ljubljanske Gimnazije Bežigrad pa je dosegel vseh 45 točk.
Na III. gimnaziji so razočarani
"Še nikoli v zgodovini šole ni bilo toliko neuspešnih maturantov kot letos," je bil precej nejevoljen Janez Pastar, ravnatelj III. gimnazije Maribor, kjer je bilo na splošni maturi uspešnih 80 odstotkov dijakov, in na te je ponosen. "Med neuspešnimi je veliko tistih, ki niso našli poti k pouku tako obveznih kot tudi izbirnih predmetov," pojasnjuje Pastar. Zato pa je bila toliko bolj zadovoljna Darja Golob Malenšek, razredničarka 4. f razreda, kajti vsi njeni dijaki so maturo opravili. Pravi, da so zaslužni vsi učitelji, ki so učili maturitetne predmete. "Mislim, da mora učitelj vztrajati na začrtani poti, določiti meje, se jih držati in dopovedati dijakom, da sta znanje in trud potrebna. To so navsezadnje naši bodoči intelektualci," pravi Golob Malenškova. Veliko dijakov, kar okrog 40, se na tej šoli ni udeležilo podelitve maturitetnih spričeval.
Uspešni tudi na poklicni maturi
Na Gimnaziji in srednji kemijski šoli Ruše, kjer je splošno maturo opravilo 21 dijakov od 22, poklicno pa so opravili vsi dijaki, je ravnatelj Marjan Kukovič ponosen predvsem na deset zlatih maturantov s poklicne mature.

Eva Malovrh, Prva gimnazija Maribor"Priznam, da sem takoj ob 7. uri zjutraj pogledala preko spleta rezultate. Presenečena sem nad takim izidom. Pričakovala sem, da bom dobro pisala, spet pa ne tako dobro. Recepta, kako postati zlati maturant, ni, veliko je odvisno tudi od sreče. Ker se vidim kot zdravnica, sem se vpisala na medicino v Mariboru."


Matija Rudolf Lovrec, Prva gimnazija Maribor"Res me zanima, kje sem pri slovenščini izgubil en odstotek, zato bom tudi vpogledal v maturitetne pole. Čeprav nisem pričakoval tako dobrega rezultata. Zbral sem 33 točk od 34. Recept za zlatega maturanta pa je, da se vsa leta sproti učiš. Upam, da bom sprejet na Medicinsko fakulteto v Mariboru."


Andraž Martin Marinc, II. gimnazija Maribor"32 točk od 34 je rezultat, o katerem sem sanjal pred enim tednom. Tokratno noč sem kljub napetosti dobro prespal. Zelo sem zadovoljen in upam, da mi bo uspel vpis na mariborsko medicinsko fakulteto. Predvsem sprotno delo, reševanje nalog pred maturo in najpomembnejše - zaupanje vase, in uspeh ne izostane."


Maruša Čeh, III. gimnazija Maribor"Še kar sem zadovoljna z rezultatom, le angleščino sem želela imeti višje. Ocena štiri na višjem nivoju mi je prinesla šest točk. In prav anglistiko in pedagogiko bi rada študirala na Filozofski fakulteti v Mariboru. Malo bom še morala počakati, da vidim, ali bo dovolj točk za sprejem."


Škofijske
Na Gimnaziji Želimlje imajo zlato maturantko z vsemi možnimi točkami Nežo Jakob, je ena od (samo) 15 slovenskih maturantov, ki so letos na maturi dosegli vse točke. Na Škofijski klasični gimnaziji, Zavodu sv. Stanislava v Ljubljani,
imajo 12 zlatih maturantov. (va)</article-text><article-text-transliterated>V prostorih državnega izpitnega centra so včeraj predstavili rezultate letošnje mature, ki kažejo na več kot 93-odstotno uspešnost kandidatov. Ministrica za izobraževanje Maja Makovec Brenčič je z rezultati zadovoljna, bistvenih odstopanj od preteklih let ni.
Na Prvi diamantna dijakinja
Z uspehom na splošni maturi je izredno zadovoljen  Herman Pušnik, ravnatelj Prve gimnazije Maribor, kjer je kar 97,3 odstotka dijakov uspešno opravilo maturo. "Imamo tudi štiri zlate maturante in, kar nas še posebej veseli, diamantno dijakinjo Evo Malovrh, ki je dosegla vse možne točke," je zadovoljen Pušnik. Na Prvi gimnaziji že zadnjih deset let beležijo več kot 95-odstotno uspešnost na maturi. Čeprav je za maturanti veliko dela, pa ravnatelj izpostavlja, da dijaki potrebujejo predvsem pogovor. "Dobro je, da imajo priložnost, da se z nami pogovorijo, da lahko svoje stiske delijo z drugimi, da lahko dobijo potrditev ali priložnost za skupno načrtovanje. Ta povratna in sprotna informacija je zelo pomembna v pedagoškem procesu in na tem gradimo," pravi Pušnik. Prepričan je, da bo uspelo tudi tistim dijakom, ki jim je na spomladanskem roku spodrsnilo, in dodaja, da so jim na šoli na razpolago. Kandidati lahko v treh dneh po objavi rezultatov oddajo na Državni izpitni center zahtevo za vpogled v izpitno dokumentacijo in se na podlagi vpogleda morebiti odločijo za ugovor. Tisti, ki pri spomladanskem roku splošne mature niso bili uspešni, se lahko že danes na šoli prijavijo k jesenskemu izpitnemu roku splošne mature.
Sedem zlatih na II. gimnaziji
"Vsi smo nestrpno zjutraj čakali na objavo rezultatov, ne samo dijaki, tudi mi učitelji. Zelo sem zadovoljen z našimi dijaki. Od 174 dijakov in dijakinj, ki so opravljali splošno maturo, jih je uspešnih 168 in kar sedem imamo zlatih maturantov," je nasmejan povedal Ivan Lorenčič, ravnatelj II. gimnazije Maribor. Na tej šoli izvajajo tudi program mednarodne mature in le nekaj dni pred rezultati nacionalne mature so bili znani tudi ti rezultati. "Dijaki so se odlično izkazali, saj so dosegli povprečno oceno 39 točk od 45. Od 28 dijakov, ki so opravljali maturo, imamo 13 zlatih maturantov. Žal pa nismo imeli dijaka z vsemi 45 točkami, smo pa imeli kar tri dijake s 44 točkami," je z rezultati zadovoljna Polona Vehovar, koordinatorica mednarodne mature na II. gimnaziji. V Sloveniji je mednarodno maturo opravljalo 62 dijakov iz Slovenije in 22 tujcev. Dijak ljubljanske Gimnazije Bežigrad pa je dosegel vseh 45 točk.
Na III. gimnaziji so razočarani
"Še nikoli v zgodovini šole ni bilo toliko neuspešnih maturantov kot letos," je bil precej nejevoljen Janez Pastar, ravnatelj III. gimnazije Maribor, kjer je bilo na splošni maturi uspešnih 80 odstotkov dijakov, in na te je ponosen. "Med neuspešnimi je veliko tistih, ki niso našli poti k pouku tako obveznih kot tudi izbirnih predmetov," pojasnjuje Pastar. Zato pa je bila toliko bolj zadovoljna Darja Golob Malenšek, razredničarka 4. f razreda, kajti vsi njeni dijaki so maturo opravili. Pravi, da so zaslužni vsi učitelji, ki so učili maturitetne predmete. "Mislim, da mora učitelj vztrajati na začrtani poti, določiti meje, se jih držati in dopovedati dijakom, da sta znanje in trud potrebna. To so navsezadnje naši bodoči intelektualci," pravi Golob Malenškova. Veliko dijakov, kar okrog 40, se na tej šoli ni udeležilo podelitve maturitetnih spričeval.
Uspešni tudi na poklicni maturi
Na Gimnaziji in srednji kemijski šoli Ruše, kjer je splošno maturo opravilo 21 dijakov od 22, poklicno pa so opravili vsi dijaki, je ravnatelj Marjan Kukovič ponosen predvsem na deset zlatih maturantov s poklicne mature.

Eva Malovrh, Prva gimnazija Maribor"Priznam, da sem takoj ob 7. uri zjutraj pogledala preko spleta rezultate. Presenečena sem nad takim izidom. Pričakovala sem, da bom dobro pisala, spet pa ne tako dobro. Recepta, kako postati zlati maturant, ni, veliko je odvisno tudi od sreče. Ker se vidim kot zdravnica, sem se vpisala na medicino v Mariboru."


Matija Rudolf Lovrec, Prva gimnazija Maribor"Res me zanima, kje sem pri slovenščini izgubil en odstotek, zato bom tudi vpogledal v maturitetne pole. Čeprav nisem pričakoval tako dobrega rezultata. Zbral sem 33 točk od 34. Recept za zlatega maturanta pa je, da se vsa leta sproti učiš. Upam, da bom sprejet na Medicinsko fakulteto v Mariboru."


Andraž Martin Marinc, II. gimnazija Maribor"32 točk od 34 je rezultat, o katerem sem sanjal pred enim tednom. Tokratno noč sem kljub napetosti dobro prespal. Zelo sem zadovoljen in upam, da mi bo uspel vpis na mariborsko medicinsko fakulteto. Predvsem sprotno delo, reševanje nalog pred maturo in najpomembnejše - zaupanje vase, in uspeh ne izostane."


Maruša Čeh, III. gimnazija Maribor"Še kar sem zadovoljna z rezultatom, le angleščino sem želela imeti višje. Ocena štiri na višjem nivoju mi je prinesla šest točk. In prav anglistiko in pedagogiko bi rada študirala na Filozofski fakulteti v Mariboru. Malo bom še morala počakati, da vidim, ali bo dovolj točk za sprejem."


Škofijske
Na Gimnaziji Želimlje imajo zlato maturantko z vsemi možnimi točkami Nežo Jakob, je ena od (samo) 15 slovenskih maturantov, ki so letos na maturi dosegli vse točke. Na Škofijski klasični gimnaziji, Zavodu sv. Stanislava v Ljubljani,
imajo 12 zlatih maturantov. (va)</article-text-transliterated></article><comments><comments-count>0</comments-count><comments-list /></comments></document>