<document global-id="si-04-1022"><url>https://www.vecer.com//cene-psenice-za-mlinarje-kompromis-za-kmete-veliko-norcevanje-6511211</url><source-id>si-04</source-id><local-id>si-04-1022</local-id><source-name>Večer</source-name><article><article-title>Cene pšenice: za mlinarje kompromis, za kmete veliko norčevanje</article-title><article-title-transliterated>Cene pšenice: za mlinarje kompromis, za kmete veliko norčevanje</article-title-transliterated><article_time>2018-07-02</article_time><article-author>Janko Votek, Vestnik</article-author><article-text>V soboškem Mlinopeku so se vile že kolone traktorjev s požeto pšenico. Toda kmetje, ki so poželi in pripeljali pšenico v Mlinopek, še vedno niso vedeli, kakšna bo letošnja odkupna cena. Ob odkupu so potekala pogajanja med predstavniki kmetov in mlinarjev o letošnji odkupni ceni pšenice v soboškem Mlinopeku.
​Odmori za razmislek niso pomagali
Kot je v navadi že nekaj let, pogajanja niso potekala gladko in so pogajalci potrebovali tri odmore za razmislek. To jim ni veliko pomagalo, saj so se razšli brez dogovora. Bolje rečeno, kmetje so morali pristati na ponujeno ceno mlinarjev, povezanih v Zbornico kmetijskih in živilskih podjetij (ZKŽP). Ta pa je enaka lanski. Če sledimo izjavam ene in druge strani, gre za pošten kompromis, pravijo mlinarji, in "veliko norčevanje iz domače pšenice", pravijo kmetje. V svojih pogajalskih izhodiščih so mlinarji ponudili za pet evrov po toni nižje odkupne cene od lanskih. Kmetje pa so prišli s predlogom o povišanju cen za deset evrov po toni. Njihov predlog je bil 140-145 evrov za tono krmne pšenice - kakovostni razred C, 155 evrov za kakovostni razred B2 (11,5 do 12,5 odstotka beljakovin 74 hektolitrske teže), za razred B1 (12,6-13,5 odstotka beljakovin in 76 hektolitrske teže) in 185 evrov za razred A z več kot 13,5 odstotka beljakovin in 78 hektolitrske teže. Predstavnika kmetov Franc Štih in Franc Kučan sta povedala, da je šlo za "realni maksimum", ki je odraz gibanj pšenice na evropskih trgih, in tudi za testiranje odnosa predstavnikov ZKŽP do domačega pridelka, o katerem se na veliko govori, ko pride do konkretnih dogovarjanj o ceni tega pridelka, pa nastane zid.


Za prekmurske kmete je pomembno, da se zgodba z odkupom ne konča tako klavrno, kot se zdi na prvi pogled



Jasno je, da so bili kmetje pri postavljenih pogajalskih cenah pripravljeni popustiti, toda ne za več kot pet evrov. Pričakovali so za pet evrov po toni boljše cene od lanskih. S tem bi se približali evropskim povprečnim cenam.
Po izračunih kmetov si s tem ne bi popravili dohodka po hektarju pšenice, ampak bi vsaj delno nevtralizirali posledice neugodnih vremenskih razmer, ki jih pestijo od setve naprej.







Aleš Cipot Franc Kučan in Franc Štih skupaj z zadružniki nista prepričala mlinarjev. 



Pridelek za več kot petino manjši od lanskega
Alojz Varga, kmet, ki je pripeljal pšenico v Mlinopek, je realno pričakoval višjo ceno za vsaj pet evrov. Ko so ga pogajalci seznanili z rezultati pogajanj, je bil rahlo razočaran. Tatjana Zagorc, direktorica ZKŽP, je povedala, da so pridelovalcem ponudili korektne cene, saj ne gre za fiksne cene, ampak za cenovne razpone znotraj posameznega kakovostnega razreda, razen pri razredu C, kjer je cena fiksna 135 evrov za tono. Pri razredu B2 mlinarji ponujajo od 140 do 145 evrov, pri B1 od 150 do 165 in za razred A od 165 do 170 evrov za tono. Pogoji odkupa ostajajo nespremenjeni, poleg beljakovin in hektolitrske teže je eden od kriterijev za razvrščanje v kakovostne razrede padno število, ki ga evropski odkupovalci ne uporabljajo. Odbitna postavka so tudi primesi in stroški odkupa. Po požetih prvih hektarjih je jasno, da je pridelek za več kot petino manjši od lanskega in se giblje okrog petih ton. Vsebnost beljakovin je nad pričakovanji in se giblje okrog 14 odstotkov in več. Zaradi neugodnih vremenskih razmer (velike količine dežja) tik pred žetvijo in v času, ko bi se že morala začeti žetev, pa je podpovprečna hektolitrska teža, ki bo vplivala na razvrščanje pšenice v nižje kakovostne razrede. Za prekmurske kmete je pomembno, da se zgodba z odkupom vedno ne konča tako klavrno, kot se zdi na prvi pogled. Direktor Mlinopeka Jože Pojbič pravi, da so z domačimi kmeti vedno našli skupni jezik v zadovoljstvo obeh strani. To je tudi realno, saj je Mlinopek bil in ostaja največji kupec domače pšenice in je verjetno edini slovenski mlinar, za katerega vstop v Izbrano kakovost z zagotavljanjem porekla pšenice ne bi predstavljal problema.

Vpliv AgrocornaNa to, da odkupne cene ZKŽP niso fiksne, je pomembno vplivala objava odkupnih cen letošnjega pridelka drugega največjega kupca pomurske pšenice takoj za Mlinopekom, turniškega Agrocorna, ki pa ni v ZKŽP. Direktor Agrocorna Edvard Špilak je povedal, da so ceno krmne pšenice (razred C) v primerjavi z lanskim letom dvignili za deset evrov in je 140 evrov za tono. Razred B2 (beljakovine od 11 do 12,5 odstotka) odkupujejo za 145 evrov po toni, B1 (12,6-13,5 odstotka beljakovin) za 155 in razred A (13,5-14,3 odstotka beljakovin) za 165 evrov za tono. Pšenico, ki presega 14,3 odstotka beljakovin, pa plačajo 175 evrov za tono.
Pri odkupu upoštevajo le kriterij vsebnosti beljakovin in hektolitrsko težo. Prav tako ne odbijajo primesi. Pri Agrocornu velja opozoriti, da letos uveljavlja ugodnejše razpone vsebnosti beljakovin pri razvrščanju v posamezne kakovostne razrede. Za nadpovprečni dvig odkupne cene krmne pšenice pa so se odločili zaradi že napovedane nižje hektolitrske teže, ki lahko pridelek hitro potisne v nižji kakovostni razred.</article-text><article-text-transliterated>V soboškem Mlinopeku so se vile že kolone traktorjev s požeto pšenico. Toda kmetje, ki so poželi in pripeljali pšenico v Mlinopek, še vedno niso vedeli, kakšna bo letošnja odkupna cena. Ob odkupu so potekala pogajanja med predstavniki kmetov in mlinarjev o letošnji odkupni ceni pšenice v soboškem Mlinopeku.
​Odmori za razmislek niso pomagali
Kot je v navadi že nekaj let, pogajanja niso potekala gladko in so pogajalci potrebovali tri odmore za razmislek. To jim ni veliko pomagalo, saj so se razšli brez dogovora. Bolje rečeno, kmetje so morali pristati na ponujeno ceno mlinarjev, povezanih v Zbornico kmetijskih in živilskih podjetij (ZKŽP). Ta pa je enaka lanski. Če sledimo izjavam ene in druge strani, gre za pošten kompromis, pravijo mlinarji, in "veliko norčevanje iz domače pšenice", pravijo kmetje. V svojih pogajalskih izhodiščih so mlinarji ponudili za pet evrov po toni nižje odkupne cene od lanskih. Kmetje pa so prišli s predlogom o povišanju cen za deset evrov po toni. Njihov predlog je bil 140-145 evrov za tono krmne pšenice - kakovostni razred C, 155 evrov za kakovostni razred B2 (11,5 do 12,5 odstotka beljakovin 74 hektolitrske teže), za razred B1 (12,6-13,5 odstotka beljakovin in 76 hektolitrske teže) in 185 evrov za razred A z več kot 13,5 odstotka beljakovin in 78 hektolitrske teže. Predstavnika kmetov Franc Štih in Franc Kučan sta povedala, da je šlo za "realni maksimum", ki je odraz gibanj pšenice na evropskih trgih, in tudi za testiranje odnosa predstavnikov ZKŽP do domačega pridelka, o katerem se na veliko govori, ko pride do konkretnih dogovarjanj o ceni tega pridelka, pa nastane zid.


Za prekmurske kmete je pomembno, da se zgodba z odkupom ne konča tako klavrno, kot se zdi na prvi pogled



Jasno je, da so bili kmetje pri postavljenih pogajalskih cenah pripravljeni popustiti, toda ne za več kot pet evrov. Pričakovali so za pet evrov po toni boljše cene od lanskih. S tem bi se približali evropskim povprečnim cenam.
Po izračunih kmetov si s tem ne bi popravili dohodka po hektarju pšenice, ampak bi vsaj delno nevtralizirali posledice neugodnih vremenskih razmer, ki jih pestijo od setve naprej.







Aleš Cipot Franc Kučan in Franc Štih skupaj z zadružniki nista prepričala mlinarjev. 



Pridelek za več kot petino manjši od lanskega
Alojz Varga, kmet, ki je pripeljal pšenico v Mlinopek, je realno pričakoval višjo ceno za vsaj pet evrov. Ko so ga pogajalci seznanili z rezultati pogajanj, je bil rahlo razočaran. Tatjana Zagorc, direktorica ZKŽP, je povedala, da so pridelovalcem ponudili korektne cene, saj ne gre za fiksne cene, ampak za cenovne razpone znotraj posameznega kakovostnega razreda, razen pri razredu C, kjer je cena fiksna 135 evrov za tono. Pri razredu B2 mlinarji ponujajo od 140 do 145 evrov, pri B1 od 150 do 165 in za razred A od 165 do 170 evrov za tono. Pogoji odkupa ostajajo nespremenjeni, poleg beljakovin in hektolitrske teže je eden od kriterijev za razvrščanje v kakovostne razrede padno število, ki ga evropski odkupovalci ne uporabljajo. Odbitna postavka so tudi primesi in stroški odkupa. Po požetih prvih hektarjih je jasno, da je pridelek za več kot petino manjši od lanskega in se giblje okrog petih ton. Vsebnost beljakovin je nad pričakovanji in se giblje okrog 14 odstotkov in več. Zaradi neugodnih vremenskih razmer (velike količine dežja) tik pred žetvijo in v času, ko bi se že morala začeti žetev, pa je podpovprečna hektolitrska teža, ki bo vplivala na razvrščanje pšenice v nižje kakovostne razrede. Za prekmurske kmete je pomembno, da se zgodba z odkupom vedno ne konča tako klavrno, kot se zdi na prvi pogled. Direktor Mlinopeka Jože Pojbič pravi, da so z domačimi kmeti vedno našli skupni jezik v zadovoljstvo obeh strani. To je tudi realno, saj je Mlinopek bil in ostaja največji kupec domače pšenice in je verjetno edini slovenski mlinar, za katerega vstop v Izbrano kakovost z zagotavljanjem porekla pšenice ne bi predstavljal problema.

Vpliv AgrocornaNa to, da odkupne cene ZKŽP niso fiksne, je pomembno vplivala objava odkupnih cen letošnjega pridelka drugega največjega kupca pomurske pšenice takoj za Mlinopekom, turniškega Agrocorna, ki pa ni v ZKŽP. Direktor Agrocorna Edvard Špilak je povedal, da so ceno krmne pšenice (razred C) v primerjavi z lanskim letom dvignili za deset evrov in je 140 evrov za tono. Razred B2 (beljakovine od 11 do 12,5 odstotka) odkupujejo za 145 evrov po toni, B1 (12,6-13,5 odstotka beljakovin) za 155 in razred A (13,5-14,3 odstotka beljakovin) za 165 evrov za tono. Pšenico, ki presega 14,3 odstotka beljakovin, pa plačajo 175 evrov za tono.
Pri odkupu upoštevajo le kriterij vsebnosti beljakovin in hektolitrsko težo. Prav tako ne odbijajo primesi. Pri Agrocornu velja opozoriti, da letos uveljavlja ugodnejše razpone vsebnosti beljakovin pri razvrščanju v posamezne kakovostne razrede. Za nadpovprečni dvig odkupne cene krmne pšenice pa so se odločili zaradi že napovedane nižje hektolitrske teže, ki lahko pridelek hitro potisne v nižji kakovostni razred.</article-text-transliterated></article><comments><comments-count>0</comments-count><comments-list /></comments></document>