<document global-id="si-04-1349"><url>https://www.vecer.com//201512176169242-6169242</url><source-id>si-04</source-id><local-id>si-04-1349</local-id><source-name>Večer</source-name><article><article-title>Dragić na pico z Udrihom kljub polomljenemu zobu</article-title><article-title-transliterated>Dragić na pico z Udrihom kljub polomljenemu zobu</article-title-transliterated><article_time>2015-12-17</article_time><article-author>spletno uredništvo, sta</article-author><article-text>Slovenska košarkarja v ligi NBA Goran Dragić in Beno Udrih sta po sredini zmagi Miamija proti Brooklynu povedala, da sta prosti torek v New Yorku izkoristila za potep po mestu, nakupovanje in uživanje v lokalni prehrani. Namesto zajčka sta si tokrat privoščila pico, ki jo je moral Dragić pojesti na precej nenavaden način.

Vsak Newyorčan se zgraža, če opazi koga, da je pico z nožem in vilicami namesto cel trikotnik z rokami, vendar pa Dragiću zaradi bojne rane, to je polomljenega sekalca, zaradi katerega ima trenutno precej mornarski nasmeh, ni preostalo drugega.

"Sem imel probleme. Edini sem jedel z nožem in vilicami po koščkih in sem rekel Benu, glej, kako me vsi gledajo! Ampak bila je dobra pica. Še zmeraj bi raje pico burek v Ljubljani, ampak ni važno," je s še vedno širokim nasmehom dejal Dragić.

Zob se mu je odlomil na prejšnji tekmi v Atlanti, vendar to ni edina poškodba s katero se trenutno ubada. V slačilnici po tekmi je imel povezano nogo in opornico na zapestju. Udarec v obraz, ki ga je dobil od velikana Brooka Lopeza na tekmi v Brooklynu, pa ni pustil posledic.

"Udarci so sestavni del športa. Boli, ko te udari, ampak zdaj je v redu. Nikoli nisem imel problema z bolečino. Tudi v tem primeru ne. Edino težko je govoriti, še posebej v angleščini," je dejal Dragić, ki je med smehom dejal, da je 60-odstotno zdelan, ampak vesel, da lahko igra z ekipo in zmaguje.

"Rad bi igral z lepim nasmehom in celim zobom, da me ne bolita roka in noga. Čez noč se ne moreš pozdraviti. Jutri imamo prost dan, kar bo dobro za moje telo. Grem tudi k zobozdravniku. Drugače sem hodil v Phoenixu, tokrat pa prvič v Miamiju preko ekipe in bomo videli, če je v redu," je dejal.

Poleg vsega tega ga zdaj bolijo še noge. "Cel dan sva bila skupaj. Najprej sva šla k frizerju, potem nakupovat in nato jest. Beno zelo rad nakupuje in po celem dnevu so me bolele noge, zato sem mu rekel, da je bilo sicer lepo, ampak z njim več nikoli. New York je sicer zelo zanimiv za nakupe in smo se 'našopingirali' za vse praznike, ki prihajajo," je povedal Dragič.

Udrih, ki je v New Yorku igral za Knickse sedem mesecev do lanskega septembra, mesto pozna in ga je razkazal tudi soigralcu v Miamiju, s katerim zelo uživata, med drugim ker se lahko pogovarjata v slovenščini in dražita soigralce.

"Šla sva malce nakupovat za božička, ker smo imeli prosti dan. Peljal sem ga poskusit pico - Joe's Pizza, ki je zelo znana. Tam v Sohu je nekje. Vrhunska pica. Vsi gredo tja," je povedal Udrih in vzkliknil preko soigralcev do Dragića, naj njegove besede potrdi, kar je ta tudi storil.

"Potem sem ga peljal še v Magnolia Bakery na banana puding. Vrhunsko. Doma bi rekli 'avion'. Kot kaže, nama je dobro delo, saj smo nocoj zmagali," je povedal Udrih, ki je konec novembra za praznik Dan zahvalnosti prav tako z Dragićem v New Yorku poskusil zajčka namesto tradicionalnega purana.

Gurmanske pohode nameravata slovenska košarkarja nadaljevati okrog božiča, kjer bo Dragićev sin Mateo najprej užival v božičnem darilu iz New Yorka, kmalu pa bo moral v vrtec. Košarkarju se je novembra v Miamiju pridružila soproga Maja s sinom in hčerko Viktorijo. Pravi, da so se že navadili na novo okolje.

"Navadili so se, ampak je težko raziskovati mesto z dvema otrokoma. Zelo pomaga, ker je tukaj tudi babi in moji bodo kmalu prišli. Malega bomo kmalu peljali v vrtec in bo spoznal nove otroke, učiteljice in drugačen jezik. Vse mu bo novo in bomo videli kako bo," je še povedal Dragić.</article-text><article-text-transliterated>Slovenska košarkarja v ligi NBA Goran Dragić in Beno Udrih sta po sredini zmagi Miamija proti Brooklynu povedala, da sta prosti torek v New Yorku izkoristila za potep po mestu, nakupovanje in uživanje v lokalni prehrani. Namesto zajčka sta si tokrat privoščila pico, ki jo je moral Dragić pojesti na precej nenavaden način.

Vsak Newyorčan se zgraža, če opazi koga, da je pico z nožem in vilicami namesto cel trikotnik z rokami, vendar pa Dragiću zaradi bojne rane, to je polomljenega sekalca, zaradi katerega ima trenutno precej mornarski nasmeh, ni preostalo drugega.

"Sem imel probleme. Edini sem jedel z nožem in vilicami po koščkih in sem rekel Benu, glej, kako me vsi gledajo! Ampak bila je dobra pica. Še zmeraj bi raje pico burek v Ljubljani, ampak ni važno," je s še vedno širokim nasmehom dejal Dragić.

Zob se mu je odlomil na prejšnji tekmi v Atlanti, vendar to ni edina poškodba s katero se trenutno ubada. V slačilnici po tekmi je imel povezano nogo in opornico na zapestju. Udarec v obraz, ki ga je dobil od velikana Brooka Lopeza na tekmi v Brooklynu, pa ni pustil posledic.

"Udarci so sestavni del športa. Boli, ko te udari, ampak zdaj je v redu. Nikoli nisem imel problema z bolečino. Tudi v tem primeru ne. Edino težko je govoriti, še posebej v angleščini," je dejal Dragić, ki je med smehom dejal, da je 60-odstotno zdelan, ampak vesel, da lahko igra z ekipo in zmaguje.

"Rad bi igral z lepim nasmehom in celim zobom, da me ne bolita roka in noga. Čez noč se ne moreš pozdraviti. Jutri imamo prost dan, kar bo dobro za moje telo. Grem tudi k zobozdravniku. Drugače sem hodil v Phoenixu, tokrat pa prvič v Miamiju preko ekipe in bomo videli, če je v redu," je dejal.

Poleg vsega tega ga zdaj bolijo še noge. "Cel dan sva bila skupaj. Najprej sva šla k frizerju, potem nakupovat in nato jest. Beno zelo rad nakupuje in po celem dnevu so me bolele noge, zato sem mu rekel, da je bilo sicer lepo, ampak z njim več nikoli. New York je sicer zelo zanimiv za nakupe in smo se 'našopingirali' za vse praznike, ki prihajajo," je povedal Dragič.

Udrih, ki je v New Yorku igral za Knickse sedem mesecev do lanskega septembra, mesto pozna in ga je razkazal tudi soigralcu v Miamiju, s katerim zelo uživata, med drugim ker se lahko pogovarjata v slovenščini in dražita soigralce.

"Šla sva malce nakupovat za božička, ker smo imeli prosti dan. Peljal sem ga poskusit pico - Joe's Pizza, ki je zelo znana. Tam v Sohu je nekje. Vrhunska pica. Vsi gredo tja," je povedal Udrih in vzkliknil preko soigralcev do Dragića, naj njegove besede potrdi, kar je ta tudi storil.

"Potem sem ga peljal še v Magnolia Bakery na banana puding. Vrhunsko. Doma bi rekli 'avion'. Kot kaže, nama je dobro delo, saj smo nocoj zmagali," je povedal Udrih, ki je konec novembra za praznik Dan zahvalnosti prav tako z Dragićem v New Yorku poskusil zajčka namesto tradicionalnega purana.

Gurmanske pohode nameravata slovenska košarkarja nadaljevati okrog božiča, kjer bo Dragićev sin Mateo najprej užival v božičnem darilu iz New Yorka, kmalu pa bo moral v vrtec. Košarkarju se je novembra v Miamiju pridružila soproga Maja s sinom in hčerko Viktorijo. Pravi, da so se že navadili na novo okolje.

"Navadili so se, ampak je težko raziskovati mesto z dvema otrokoma. Zelo pomaga, ker je tukaj tudi babi in moji bodo kmalu prišli. Malega bomo kmalu peljali v vrtec in bo spoznal nove otroke, učiteljice in drugačen jezik. Vse mu bo novo in bomo videli kako bo," je še povedal Dragić.</article-text-transliterated></article><comments><comments-count>0</comments-count><comments-list /></comments></document>