<?xml version="1.0" encoding="utf-8"?>
<document global-id="si-04-1025">
	<url>https://www.vecer.com//center-tomaza-salamuna-v-ljubljani-6244563</url>
	<source-id>si-04</source-id>
	<local-id>1025</local-id>
	<source-name>Večer</source-name>
	<article>
		<article-title>Center Tomaža Šalamuna v Ljubljani</article-title>
		<article-title-transliterated>Center Tomaža Šalamuna v Ljubljani</article-title-transliterated>
		<article-time>2016-12-27</article-time>
		<article-author>sta, spletno uredništvo</article-author>
		<article-text>Na Cankarjevi v Ljubljani so odprli Center poezije Tomaža Šalamuna z obsežno, skoraj 100 metrov dolgo zbirko knjig, ki jih je podarila pesnikova žena Metka Krašovec. Knjižnica oziroma prostor kulturnih dogodkov bi po njenih besedah podprl tudi Šalamun, ki je rad delil svoje stvari. Zbrane je nagovoril tudi minister za kulturo Tone Peršak.  Center, ki so ga odprli nocoj, natanko dve leti po Šalamunovi smrti, bo deloval v prostorih Javnega sklada RS za kulturne dejavnosti (JSKD). Kot je na odprtju povedal direktor JSKD Igor Teršar, Center poezije Tomaža Šalamuna ne bo zgolj prostor s pesnikovimi knjigami, ampak bo živo srečevališče ljudi, ki imajo radi poezijo. Ob tem je spomnil na pomen Šalamuna, &quot;njegovih pesmi, fizične vseprisotnosti, neomajne energije, inteligence in esprija, ki je slovensko poezijo internacionaliziral&quot;.  Po besedah ministra za kulturo Toneta Peršaka je bil Šalamun pesnik, ki je prebil mnoge konvencije in predsodke o slovenski poeziji in o njeni vlogi. Šalamunov vstop v prostor slovenske poezije je pomenil pretres, &quot;zato je kar nekaj časa potreboval, da se je sprijaznil s pojmom Tomaž Šalamun&quot;, je poudaril Peršak. Obenem je zaslužen tudi za vpis slovenske poezije na svetovni zemljevid ter za uvrstitev slovenskega naroda med tiste z opazno poezijo. Omenil je tudi njegovo preprostost, odprtost in domačnost z ljudmi. &quot;Kamorkoli je prišel, se je počutil kot doma,&quot; je pojasnil.  Šalamunova soproga Metka Krašovec je dejala, da je vesela, da so v zgolj treh mesecih uspeli odpreti center. Po njenih besedah se je &quot;čudež začel odvijati&quot;, ko jo je Aleš Šteger spoznal s Teršarjem, ta pa povezal z ministrom. Pesnikova hči Ana Šalamun pa je dodala, da bi bil centra zagotovo vesel tudi njen pokojni brat David Šalamun.  Zbrane so nagovorili tudi pesnik Ivo Svetina, ki je med drugim izpostavil Šalamunovo misel, da poezija obstaja zato, ker človek ni Bog, to pa je najtežje spoznanje, predsednik Akademije znanosti in umetnosti (SAZU) Tadej Bajd in predsednik Zveze kulturnih društev Slovenije Jože Osterman. Center, ki bo deloval kot knjižnica, v kateri bo mogoče prebirati Šalamunove knjige - vsaka ima vtisnjen ekslibris - bo namenjen tudi predstavitvam, pogovorom in drugim kulturnim dogodkom. Prostor je zasnovan po idejnem načrtu Dekleva-Gregorič arhitektov, v njem so tudi stvaritve oblikovalke stekla Maje Pak. Skrbnik zbirke bo pisatelj in urednik Aleš Šteger. Zbirka vsebuje knjige poezije, literarne teorije in leposlovja, v njej pa je tudi precej izvirnih knjig uglednih tujih avtorjev s posvetili. V zbirki so tudi vse Šalamunove avtorske knjige in prevodi njegove poezije v 20 tujih jezikov ter revije, v katerih so objavljene njegove pesmi.  Tomaž Šalamun (1941-2014) je bil eden najboljših in najbolj plodnih slovenskih pesnikov. Svoj prihod na pesniško prizorišče je zaznamoval s pesniško zbirko Poker leta 1966. Bil je osrednji literarni predstavnik slovenske neoavantgarde, zlasti konceptualizma. Sodeloval je pri različnih umetniških projektih in v skupini literarnih in likovnih umetnikov OHO. V skoraj pol stoletja delovanja je izdal blizu 50 pesniških zbirk, njegova dela pa so dostopna tudi v številnih prevodih in antologijah.</article-text>
		<article-text-transliterated>Na Cankarjevi v Ljubljani so odprli Center poezije Tomaža Šalamuna z obsežno, skoraj 100 metrov dolgo zbirko knjig, ki jih je podarila pesnikova žena Metka Krašovec. Knjižnica oziroma prostor kulturnih dogodkov bi po njenih besedah podprl tudi Šalamun, ki je rad delil svoje stvari. Zbrane je nagovoril tudi minister za kulturo Tone Peršak.  Center, ki so ga odprli nocoj, natanko dve leti po Šalamunovi smrti, bo deloval v prostorih Javnega sklada RS za kulturne dejavnosti (JSKD). Kot je na odprtju povedal direktor JSKD Igor Teršar, Center poezije Tomaža Šalamuna ne bo zgolj prostor s pesnikovimi knjigami, ampak bo živo srečevališče ljudi, ki imajo radi poezijo. Ob tem je spomnil na pomen Šalamuna, &quot;njegovih pesmi, fizične vseprisotnosti, neomajne energije, inteligence in esprija, ki je slovensko poezijo internacionaliziral&quot;.  Po besedah ministra za kulturo Toneta Peršaka je bil Šalamun pesnik, ki je prebil mnoge konvencije in predsodke o slovenski poeziji in o njeni vlogi. Šalamunov vstop v prostor slovenske poezije je pomenil pretres, &quot;zato je kar nekaj časa potreboval, da se je sprijaznil s pojmom Tomaž Šalamun&quot;, je poudaril Peršak. Obenem je zaslužen tudi za vpis slovenske poezije na svetovni zemljevid ter za uvrstitev slovenskega naroda med tiste z opazno poezijo. Omenil je tudi njegovo preprostost, odprtost in domačnost z ljudmi. &quot;Kamorkoli je prišel, se je počutil kot doma,&quot; je pojasnil.  Šalamunova soproga Metka Krašovec je dejala, da je vesela, da so v zgolj treh mesecih uspeli odpreti center. Po njenih besedah se je &quot;čudež začel odvijati&quot;, ko jo je Aleš Šteger spoznal s Teršarjem, ta pa povezal z ministrom. Pesnikova hči Ana Šalamun pa je dodala, da bi bil centra zagotovo vesel tudi njen pokojni brat David Šalamun.  Zbrane so nagovorili tudi pesnik Ivo Svetina, ki je med drugim izpostavil Šalamunovo misel, da poezija obstaja zato, ker človek ni Bog, to pa je najtežje spoznanje, predsednik Akademije znanosti in umetnosti (SAZU) Tadej Bajd in predsednik Zveze kulturnih društev Slovenije Jože Osterman. Center, ki bo deloval kot knjižnica, v kateri bo mogoče prebirati Šalamunove knjige - vsaka ima vtisnjen ekslibris - bo namenjen tudi predstavitvam, pogovorom in drugim kulturnim dogodkom. Prostor je zasnovan po idejnem načrtu Dekleva-Gregorič arhitektov, v njem so tudi stvaritve oblikovalke stekla Maje Pak. Skrbnik zbirke bo pisatelj in urednik Aleš Šteger. Zbirka vsebuje knjige poezije, literarne teorije in leposlovja, v njej pa je tudi precej izvirnih knjig uglednih tujih avtorjev s posvetili. V zbirki so tudi vse Šalamunove avtorske knjige in prevodi njegove poezije v 20 tujih jezikov ter revije, v katerih so objavljene njegove pesmi.  Tomaž Šalamun (1941-2014) je bil eden najboljših in najbolj plodnih slovenskih pesnikov. Svoj prihod na pesniško prizorišče je zaznamoval s pesniško zbirko Poker leta 1966. Bil je osrednji literarni predstavnik slovenske neoavantgarde, zlasti konceptualizma. Sodeloval je pri različnih umetniških projektih in v skupini literarnih in likovnih umetnikov OHO. V skoraj pol stoletja delovanja je izdal blizu 50 pesniških zbirk, njegova dela pa so dostopna tudi v številnih prevodih in antologijah.</article-text-transliterated>
	</article>
	<comments>
		<comments-count>0</comments-count>
		<comments-list/>
	</comments>
</document>
