<document global-id="si-04-1361"><url>https://www.vecer.com//dragocenosti-tudi-na-podstresjih-6241669</url><source-id>si-04</source-id><local-id>si-04-1361</local-id><source-name>Večer</source-name><article><article-title>Dragocenosti tudi na podstrešjih</article-title><article-title-transliterated>Dragocenosti tudi na podstrešjih</article-title-transliterated><article_time>2016-12-02</article_time><article-author>Darja Lukman Žunec</article-author><article-text>Ptujčan
Franc Golob
, upokojeni učitelj geografije in zgodovine, je strasten in vesten zbiralec znamk in razglednic, tudi mineralov in kristalov. Že kot osnovnošolec je pričel zbirati znamke, razglednice pa zbira že kakih 40 let. Je ploden avtor številnih prispevkov z zgodovinsko tematiko, saj v njegovi bibliografiji najdemo kar 42 pomembnejših prispevkov za različne publikacije, o znamkah in razglednicah pa je doslej pripravil 24 razstav ali predstavitev.
Ena od teh bo tudi nocoj v hotelu Mitra, kjer bo prikazal razglednice z motivi mesta in reke Drave. Ob 130-letnici Turističnega društva (TD) Ptuj je pred kratkim pripravil odmevno razstavo starih razglednic. V svoji zbirki ima kar 1300 razglednic, na razstavi jih je pokazal 530. Najstarejša turistična razglednica je iz leta 1891, izdelana je v litografski tehniki, založilo jo je Ptujsko prometno društvo, predhodnik TD Ptuj, v nakladi 500 odtisov. Na njej je prikazana veduta s ptujskega griča, ki ga zdaj imenujemo Pod anteno, na njej je lepo videti Slovenski trg s stavbo, ki je bila tam, preden so leta 1896 zgradili gledališče.
"Razglednice sem predstavil po sklopih, ki mesto povezujejo denimo z vojaštvom, vinom in gostišči - ali prikazujejo ptujske trge in ulice, kulturne ustanove in šole, življenje z reko Dravo, parka Ljudski vrt in ob Dravi ter poglede na mesto z vseh strani. Vesel sem, da je razstava naletela na tako dober odziv, saj so si jo ogledali številni posamezniki in šole," je ponosen Golob.
​
Danes internet
, nekoč razglednice
Pomembno je vedeti, kar si v današnji dobi težko predstavljamo, da je bila razglednica takrat pomemben način komuniciranja in spoznavanja s svetom.
"Ljudje so jih skrbno hranili in ne tako kot danes - če jo kdo še sploh napiše, jo pogledaš in zavržeš, saj si tiste kraje lahko ogledaš na spletu. So pa zato razglednice enkraten zgodovinski vir, še posebej za minulo stoletje, saj slike povedo o mestu mnogo več kot besede," je očaran nad njimi sogovornik. Ker meščani razglednic niso hranili doma, pač pa so jih pošiljali drugam, je pravzaprav prava umetnosti, kako zbiratelj pride do njih. Golob pravi: "Najpogostejša je zamenjava z drugimi zbiratelji, saj oni zbirajo za svoj kraj in jaz za Ptuj, zato se hitro razvije menjava. Do njih pridem tudi na tradicionalnih ptujskih sejmih, ko ljudje prodajajo vse, kar so našli doma. Najbolj iskane so seveda razglednice, izdelane z litografsko tehniko, ker so tudi najstarejše. Za temi si pripravljen iti zelo daleč, tudi na filatelistična srečanja, denimo v Zagreb in Gradec. Na kakšno dragocenost lahko naletiš tudi, če kje pospravljajo podstrešje in si bil pravočasno zraven." Ker ima Golob za Ptuj neprecenljivo zbirko razglednic, vprašamo, kaj bo z njimi, ali jih bo kdaj morda predal muzeju, arhivu ali knjižnici. Pristavi, da za zdaj še ne ve, kako naprej.
Mesto in reka
Golob bo predstavil tudi, kako so nastajale razglednice, ki so se razvile iz dopisnic. Te so najprej delno ilustrirali, na koncu je celotno hrbtno stran zavzela slika - in tako nastane razglednica. Vendar na njih niso bili le motivi mesta, pogosto je namreč služila tudi kot reklama za tovarno, obrt, trgovino ali gostišče. "S pomočjo razglednic bom predstavil Dravo z obrežjem, kako se je spreminjala, tudi številne dejavnosti, kot so plavajoči mlin, jezovi, kopanje mivke, mestno kopališče, mitnice, splavi in ureditev parka ob Dravi. Osnovna šola Mladika je denimo imela naslov Na Pristanu 1." Zanimiv je tudi prikaz gradnje lesenih mostov, avstro-ogrskega in starojugoslovanskega, ki sta bila porušena v prvi oziroma v drugi svetovni vojni. Na razglednicah so motivi njegove obnove in začasni mostovi ter vsi mostovi, od železniškega do Puhovega. Ptujčani pomnijo mestno kopališče, bližnji meščani so denimo banje v njem uporabljali kot kopalnice. Med izredno posebnimi razglednicami Golob izpostavi motiv, kako je vojska tod vadila gradnjo pontonski mostov, plavajočih na čolnih.
Zanimivo je tudi, da so se prve barvne fotografije na razglednicah pojavile šele v času druge svetovne vojne. Vse prej so imele za osnovo črno-belo fotografijo in so bile ročno "kolorirane", kar je bilo tudi označeno. "Zato se denimo na barve hišnih pročelij, kot so videti na starih razglednicah, ne gre zanašati, saj so njihovi oblikovalci bolj skrbeli za barvno usklajenost razglednic kot za verodostojnost motiva," nam še zaupa Golob.
Daleč največ razglednic so založili knjigarnar in tiskar W. Blanke in njegovi nasledniki. Večinoma so bile opremljene v nemščini, za denar pa jih je Blanke včasih prevedel v slovenski jezik. Najbolj zaveden slovenski založnik je bil knjigarnar Janez N. Peteršič. Precej so jih izdajali tudi gostinci, trafikanti, trgovci, saj so služile kot reklame in vir zaslužka. Med avtorji fotografij gre omeniti predvsem poklicnega fotografa Johanna Winklerja, ki je najstarejši ptujski fotograf, saj je firmo ustanovil leta 1860.




Razglednice so enkraten zgodovinski vir, še posebno za minulo stoletje</article-text><article-text-transliterated>Ptujčan
Franc Golob
, upokojeni učitelj geografije in zgodovine, je strasten in vesten zbiralec znamk in razglednic, tudi mineralov in kristalov. Že kot osnovnošolec je pričel zbirati znamke, razglednice pa zbira že kakih 40 let. Je ploden avtor številnih prispevkov z zgodovinsko tematiko, saj v njegovi bibliografiji najdemo kar 42 pomembnejših prispevkov za različne publikacije, o znamkah in razglednicah pa je doslej pripravil 24 razstav ali predstavitev.
Ena od teh bo tudi nocoj v hotelu Mitra, kjer bo prikazal razglednice z motivi mesta in reke Drave. Ob 130-letnici Turističnega društva (TD) Ptuj je pred kratkim pripravil odmevno razstavo starih razglednic. V svoji zbirki ima kar 1300 razglednic, na razstavi jih je pokazal 530. Najstarejša turistična razglednica je iz leta 1891, izdelana je v litografski tehniki, založilo jo je Ptujsko prometno društvo, predhodnik TD Ptuj, v nakladi 500 odtisov. Na njej je prikazana veduta s ptujskega griča, ki ga zdaj imenujemo Pod anteno, na njej je lepo videti Slovenski trg s stavbo, ki je bila tam, preden so leta 1896 zgradili gledališče.
"Razglednice sem predstavil po sklopih, ki mesto povezujejo denimo z vojaštvom, vinom in gostišči - ali prikazujejo ptujske trge in ulice, kulturne ustanove in šole, življenje z reko Dravo, parka Ljudski vrt in ob Dravi ter poglede na mesto z vseh strani. Vesel sem, da je razstava naletela na tako dober odziv, saj so si jo ogledali številni posamezniki in šole," je ponosen Golob.
​
Danes internet
, nekoč razglednice
Pomembno je vedeti, kar si v današnji dobi težko predstavljamo, da je bila razglednica takrat pomemben način komuniciranja in spoznavanja s svetom.
"Ljudje so jih skrbno hranili in ne tako kot danes - če jo kdo še sploh napiše, jo pogledaš in zavržeš, saj si tiste kraje lahko ogledaš na spletu. So pa zato razglednice enkraten zgodovinski vir, še posebej za minulo stoletje, saj slike povedo o mestu mnogo več kot besede," je očaran nad njimi sogovornik. Ker meščani razglednic niso hranili doma, pač pa so jih pošiljali drugam, je pravzaprav prava umetnosti, kako zbiratelj pride do njih. Golob pravi: "Najpogostejša je zamenjava z drugimi zbiratelji, saj oni zbirajo za svoj kraj in jaz za Ptuj, zato se hitro razvije menjava. Do njih pridem tudi na tradicionalnih ptujskih sejmih, ko ljudje prodajajo vse, kar so našli doma. Najbolj iskane so seveda razglednice, izdelane z litografsko tehniko, ker so tudi najstarejše. Za temi si pripravljen iti zelo daleč, tudi na filatelistična srečanja, denimo v Zagreb in Gradec. Na kakšno dragocenost lahko naletiš tudi, če kje pospravljajo podstrešje in si bil pravočasno zraven." Ker ima Golob za Ptuj neprecenljivo zbirko razglednic, vprašamo, kaj bo z njimi, ali jih bo kdaj morda predal muzeju, arhivu ali knjižnici. Pristavi, da za zdaj še ne ve, kako naprej.
Mesto in reka
Golob bo predstavil tudi, kako so nastajale razglednice, ki so se razvile iz dopisnic. Te so najprej delno ilustrirali, na koncu je celotno hrbtno stran zavzela slika - in tako nastane razglednica. Vendar na njih niso bili le motivi mesta, pogosto je namreč služila tudi kot reklama za tovarno, obrt, trgovino ali gostišče. "S pomočjo razglednic bom predstavil Dravo z obrežjem, kako se je spreminjala, tudi številne dejavnosti, kot so plavajoči mlin, jezovi, kopanje mivke, mestno kopališče, mitnice, splavi in ureditev parka ob Dravi. Osnovna šola Mladika je denimo imela naslov Na Pristanu 1." Zanimiv je tudi prikaz gradnje lesenih mostov, avstro-ogrskega in starojugoslovanskega, ki sta bila porušena v prvi oziroma v drugi svetovni vojni. Na razglednicah so motivi njegove obnove in začasni mostovi ter vsi mostovi, od železniškega do Puhovega. Ptujčani pomnijo mestno kopališče, bližnji meščani so denimo banje v njem uporabljali kot kopalnice. Med izredno posebnimi razglednicami Golob izpostavi motiv, kako je vojska tod vadila gradnjo pontonski mostov, plavajočih na čolnih.
Zanimivo je tudi, da so se prve barvne fotografije na razglednicah pojavile šele v času druge svetovne vojne. Vse prej so imele za osnovo črno-belo fotografijo in so bile ročno "kolorirane", kar je bilo tudi označeno. "Zato se denimo na barve hišnih pročelij, kot so videti na starih razglednicah, ne gre zanašati, saj so njihovi oblikovalci bolj skrbeli za barvno usklajenost razglednic kot za verodostojnost motiva," nam še zaupa Golob.
Daleč največ razglednic so založili knjigarnar in tiskar W. Blanke in njegovi nasledniki. Večinoma so bile opremljene v nemščini, za denar pa jih je Blanke včasih prevedel v slovenski jezik. Najbolj zaveden slovenski založnik je bil knjigarnar Janez N. Peteršič. Precej so jih izdajali tudi gostinci, trafikanti, trgovci, saj so služile kot reklame in vir zaslužka. Med avtorji fotografij gre omeniti predvsem poklicnega fotografa Johanna Winklerja, ki je najstarejši ptujski fotograf, saj je firmo ustanovil leta 1860.




Razglednice so enkraten zgodovinski vir, še posebno za minulo stoletje</article-text-transliterated></article><comments><comments-count>0</comments-count><comments-list /></comments></document>