<?xml version="1.0" encoding="utf-8"?>
<document global-id="si-04-1245">
	<url>https://www.vecer.com//dnevnik-marjance-onic-6297424</url>
	<source-id>si-04</source-id>
	<local-id>1245</local-id>
	<source-name>Večer</source-name>
	<article>
		<article-title>Dnevnik Marjance Onič</article-title>
		<article-title-transliterated>Dnevnik Marjance Onič</article-title-transliterated>
		<article-time>2017-08-26</article-time>
		<article-author>Marjanca Onič</article-author>
		<article-text>Petek, 18. avgusta Petnajst minut čez polnoč je. Misli bežijo, odganjajo spanec. Kar lep čas nisem napisala poštenega stavka, nazadnje v spomin profesorici Joži Ambrož, ki je v veliki meri kriva, da že več kot dvajset let prelagam knjige skoraj tako kot mačka mlade. Nekateri pravijo temu mlatenje prazne slame, nekateri pa si kljub prostorski stiski omislijo bukvarno za kuliso filma, v katerem protagonista spretno plešeta tango. Med kupi knjig – tako čez palec ocenjujemo, da jih je milijon! Kaj takega lahko prenese le dobri stari Lubadar s svojo masivno leseno avstro-ogrsko konstrukcijo. Odlična gradnja, pozimi nas ne zebe preveč, poleti božansko hladi. Dopoldne obisk v prijaznem računovodskem podjetju, ki za nas skrbno opravlja vse potrebne zadeve, da tudi navzven delujemo, kot se šika. Birokracija je silna – jemlje energijo, kot bi te hotela odmakniti od lastne vsebine. Morda pa je to tudi njen namen. Mimogrede se lahko simpatičen razpis neopazno spremeni v poziv in ugotoviš, da si zdrsnil, ker si dve uri prepozno oddal vlogo. Ni važna vsebina, za sekunde gre! Popoldne bukvarna, uradno med 17. in 19. uro. Velikokrat pa naše prostovoljke odprejo prej in zame ni lepšega pogleda od tega, ko se čez pekarniško dvorišče približujem našemu vhodu in zagledam na stežaj odprta vrata. Zlate punce. Nina in Rozi skrbita za našo enoto v Poštni ulici, ki je od letos v italijanskih rokah, Tamara kraljuje v zgornjem nadstropju Bukvarne in se ubada z literaturo v tujih jezikih, Nataša pa v pritličju šarmantno sprejema knjige. Kako različni so današnji obiskovalci. Slovenske ljudske pravljice, vse za maturo, karkoli o Indijancih, zbrana dela Prežihovega Voranca in, ups, še en mladenič prihaja iz zgornjega nadstropja. Z njim gredo zbrana dela nemškega klasika v originalu. Malo pred osmo zvečer sem doma, veselje zavlada pri Lori (kraški ovčarki) in Sivki (muci v videzu sheebe). Ne delam si utvar, vsaj pri Sivki je v ozadju izključno felix. V postelji knjiga, tokrat me v sanje pelje Pascal Mercier s svojim Nočnim vlakom za Lizbono. Sobota, 19. avgusta Sobote so od vsega začetka - 21 let je bilo na letošnji kulturni praznik - v Bukvarni najbolj živahne. Danes smo tu že od osme ure, pripravljamo knjige za sejem Grajskih mojstrov, ki poteka pod okriljem Zavoda za turizem Maribor vsako tretjo in četrto soboto v mesecu. Lepo od njih, da so nas pred leti povabili k sodelovanju. Boštjan poskrbi za vso logistiko, tja in nazaj. Hvala Marinki in njenim sodelavkam v vseh centrih za socialno delo, s katerimi sodelujemo. Neprecenljiva je pomoč napotenih fantov, tu in tam tudi kakšnega dekleta. Obišče nas gospod Tone Partljič. Občutek imam, da rad zahaja k nam. Vedno nepozabne minute zanimivega klepeta. Nekako vselej razkrije, kaj novega pripravlja, in bi mu točno določena knjiga pri tem prišla prav. Imamo jo in širok nasmeh in zadovoljstvo na obeh straneh sta neprecenljiva. Spomnim se, ko sem ga pred leti poslušala na obisku na eni od osnovnih šol, ko je rekel &quot;dolgo nosim, potem pa imam lahek porod&quot;. Čim lažji porod želimo! Pospravljamo in čistimo pekarniško dvorišče. Ni nam težko, saj vemo, da drugi uporabniki v tem času zasluženo počivajo. Med tednom in v popoldanskih urah pa z veseljem vrnejo, ko mi kaj potrebujemo. Hvala vsem. Vsem skvoterjem pa Urški iz Infopeke in Maji iz MKC. Ob sobotah je miza v osrednjem prostoru rezervirana za šahiste. Veliki mojster Rado najprej vliva šahovsko znanje nadebudnemu Maksimu, kasneje so na vrsti še drugi izzivalci. Obisk prijetne družinice. Kako lepo je videti, ko starši neopazno budijo zanimanje za knjigo. Utrujenost za trenutek popusti, prelije se v upanje, da bralci še bodo, tudi čez leta. Knjige, knjige, knjige. Vsebine najrazličnejše, tudi jeziki.Vmes se med bogastvom pisane besede zablešči. Danes: ponatis Pesmi štirih, Marpurgi Zlate Vokač. Hvala vsem, ki se ob pospravljanju svojih knjižnic spomnijo na nas. Posebej razvrščamo knjige za domoznansko čitalnico, ki jo bomo jeseni odprli na novi lokaciji. Karkoli je o Mariboru priromalo v našo bukvarno, bo v teh prostorih našlo posebno mesto. O podjetjih, šolah, vrtcih, ustanovah, založbah in dela mariborskih avtorjev. Držimo pesti, da nam bo uspelo! Letnik izdelave me izdaja in komaj čakam na razvajanje pri &quot;sobabici&quot; Petri. Najina vnuka Žiga in Lana poskrbita, da je sprostitev popolna. Neverjetno, kako mi teh osem in šest let vliva energijo za naslednji teden. Svoje dodajo še najprijaznejše deževne kaplje tega poletja. Zgodaj zvečer Nočni vlak iztiri. Pade mi iz rok. Nedelja, 20. avgusta  V senci košate breze je čas za časopis Večer in sobotno Delo. V ponedeljek bomo držali pesti za lipe, v sredo pa bom na oglasno desko v Bukvarni nabila odlično Hertmansovo Odprto pismo Evropi - da bomo imeli malo poezije in vina tudi mi. Do solz pa me nasmejijo Izumitelji Boruta Planinšiča. Bravo! Lizbona je še daleč. S Pascalom sva v Bernu komaj vstopila.       Ciril Horjak    Ponedeljek, 21. avgusta Pred vrati Bukvarne me že čakajo knjige, kar precej jih je. In še prihajajo. Rado se iz finega gospoda, filozofa in šahista prelevi v fizičnega delavca. V dveh urah nama uspe izprazniti številne kartone in vrečke. Pri oblikovanju vsebinsko razdeljenih kupčkov pomaga še Darjan, tako da okoli pol osme ure zvečer že sedimo ob pijači kot &quot;fina gospoda&quot; na terasi Habakuka. Oglasi se Ramiz. Čez dvorišče s prijaznim pozdravom prikolesari naš pekarniški arhitekt Sašo. Prijetna utrujenost se preliva s pripadnostjo. Pred dnevi se je oglasila nekdanja skvoterka Marjetka Cunk, zadovoljna, da se v Pekarni še vedno dogaja. Leta 1995 je tudi ona pisala dnevnik in ga zaključila s Pingijevim stavkom &quot;Tu smo doma.&quot; Marjetka, sporočamo ti: &quot;Tu smo doma - še vedno!&quot; Torek, 22. avgusta Začnemo zgodaj dopoldne. Urejamo skladišče, odpiramo kartone, razporejamo knjige. Knjige v slovenskem jeziku ostanejo v pritličju, v tujih jezikih gredo v prvo nadstropje. Posebnost naše razvrstitve so zbirke, ki slikajo čudovito paleto slovenskega založništva zadnjih sto let. Iz kraljevine, iz časa kulturnega molka in obdobja po drugi svetovni vojni.Veliko založb, veliko zbirk, ujeti svetovi in zgodbe, ki čakajo, da se potopimo vanje in začutimo to, kar je čutil avtor ob ustvarjanju. Berimo in zaživimo vse te zgodbe in vsa ta življenja! Popoldne se oglasi gospod Vrečko, naš dolgoletni član in prijatelj. Po njegovi zaslugi visi na steni listina mesta Maribor, ki jo je naše društvo dobilo leta 1999. Klepet z njim je vedno prijeten. Katerokoli temo načnemo, vedno jo oplemeniti z odlomki iz točno določene knjige. Živi leksikon! Z Natašo urejava mladinske in otroške zbirke. Danes so na vrsti Mala slikanica in Zvezdica Mladinske knjige ter Pravljica in Mlada obzorja Založbe Obzorja. Rado filozofira in naju spravlja v smeh. Nočni vlak za Lizbono se ustavi v Parizu. Sreda, 23. avgusta Dan, ko imamo vrata odprta dopoldne in popoldne. Dopoldne za vse potrebno poskrbi Tamara, šahisti v globoki tišini vlečejo neponovljive poteze. Sama se odpravim v naše računovodstvo. Prijazne deklice uredijo vse, kar je potrebno. Če nama le uspe, se dobiva s svakinjo Silvo. Pol ure sproščenega klepeta o tem in onem. Kako se prileže! Delo naju priganja, tudi danes ne bova mogli na sprehod po Gosposki in Tyrševi. Popoldne v Bukvarni priprave na dva sejma ob koncu tedna. Grajski mojstri in Art kamp v Mestnem parku. Knjigic ne manjka, Nina in Rozi pa bosta obvladovali situacijo na terenu. Lizbona se bliža. Četrtek, 24. avgusta Vedno pogosteje se oglašajo srednješolci s seznami potrebnih učbenikov. Okoli tretjino zahtevane literature imamo, po ostalo bo treba v knjigarno. Neverjetno, kako korenito se skoraj vsako leto spremenijo matematika, fizika, kemija in drugi predmeti. Čudež znanosti! Včasih je dovolj samo malo drugačen vrstni red dveh ali treh odstavkov, pa učbenik več ne velja. Kljub temu bomo v začetku septembra organizirali tradicionalni sejem rabljenih učbenikov, na katerem bodo lahko dijaki sami trgovali.Vabljeni! Prihajajo knjige. Trije kartoni. Uaa! Hafis - človeka kar zmrazi od ugodja, biografija Edith Piaf (rezervirano za Ramiza, če jo bo hotel!), Dolarjev Spomin človeštva z uvodno vzhodnjaško mislijo KRALJI IN KNJIGE IMAJO MOČ! KRALJI UMIRAJO!</article-text>
		<article-text-transliterated>Petek, 18. avgusta Petnajst minut čez polnoč je. Misli bežijo, odganjajo spanec. Kar lep čas nisem napisala poštenega stavka, nazadnje v spomin profesorici Joži Ambrož, ki je v veliki meri kriva, da že več kot dvajset let prelagam knjige skoraj tako kot mačka mlade. Nekateri pravijo temu mlatenje prazne slame, nekateri pa si kljub prostorski stiski omislijo bukvarno za kuliso filma, v katerem protagonista spretno plešeta tango. Med kupi knjig – tako čez palec ocenjujemo, da jih je milijon! Kaj takega lahko prenese le dobri stari Lubadar s svojo masivno leseno avstro-ogrsko konstrukcijo. Odlična gradnja, pozimi nas ne zebe preveč, poleti božansko hladi. Dopoldne obisk v prijaznem računovodskem podjetju, ki za nas skrbno opravlja vse potrebne zadeve, da tudi navzven delujemo, kot se šika. Birokracija je silna – jemlje energijo, kot bi te hotela odmakniti od lastne vsebine. Morda pa je to tudi njen namen. Mimogrede se lahko simpatičen razpis neopazno spremeni v poziv in ugotoviš, da si zdrsnil, ker si dve uri prepozno oddal vlogo. Ni važna vsebina, za sekunde gre! Popoldne bukvarna, uradno med 17. in 19. uro. Velikokrat pa naše prostovoljke odprejo prej in zame ni lepšega pogleda od tega, ko se čez pekarniško dvorišče približujem našemu vhodu in zagledam na stežaj odprta vrata. Zlate punce. Nina in Rozi skrbita za našo enoto v Poštni ulici, ki je od letos v italijanskih rokah, Tamara kraljuje v zgornjem nadstropju Bukvarne in se ubada z literaturo v tujih jezikih, Nataša pa v pritličju šarmantno sprejema knjige. Kako različni so današnji obiskovalci. Slovenske ljudske pravljice, vse za maturo, karkoli o Indijancih, zbrana dela Prežihovega Voranca in, ups, še en mladenič prihaja iz zgornjega nadstropja. Z njim gredo zbrana dela nemškega klasika v originalu. Malo pred osmo zvečer sem doma, veselje zavlada pri Lori (kraški ovčarki) in Sivki (muci v videzu sheebe). Ne delam si utvar, vsaj pri Sivki je v ozadju izključno felix. V postelji knjiga, tokrat me v sanje pelje Pascal Mercier s svojim Nočnim vlakom za Lizbono. Sobota, 19. avgusta Sobote so od vsega začetka - 21 let je bilo na letošnji kulturni praznik - v Bukvarni najbolj živahne. Danes smo tu že od osme ure, pripravljamo knjige za sejem Grajskih mojstrov, ki poteka pod okriljem Zavoda za turizem Maribor vsako tretjo in četrto soboto v mesecu. Lepo od njih, da so nas pred leti povabili k sodelovanju. Boštjan poskrbi za vso logistiko, tja in nazaj. Hvala Marinki in njenim sodelavkam v vseh centrih za socialno delo, s katerimi sodelujemo. Neprecenljiva je pomoč napotenih fantov, tu in tam tudi kakšnega dekleta. Obišče nas gospod Tone Partljič. Občutek imam, da rad zahaja k nam. Vedno nepozabne minute zanimivega klepeta. Nekako vselej razkrije, kaj novega pripravlja, in bi mu točno določena knjiga pri tem prišla prav. Imamo jo in širok nasmeh in zadovoljstvo na obeh straneh sta neprecenljiva. Spomnim se, ko sem ga pred leti poslušala na obisku na eni od osnovnih šol, ko je rekel &quot;dolgo nosim, potem pa imam lahek porod&quot;. Čim lažji porod želimo! Pospravljamo in čistimo pekarniško dvorišče. Ni nam težko, saj vemo, da drugi uporabniki v tem času zasluženo počivajo. Med tednom in v popoldanskih urah pa z veseljem vrnejo, ko mi kaj potrebujemo. Hvala vsem. Vsem skvoterjem pa Urški iz Infopeke in Maji iz MKC. Ob sobotah je miza v osrednjem prostoru rezervirana za šahiste. Veliki mojster Rado najprej vliva šahovsko znanje nadebudnemu Maksimu, kasneje so na vrsti še drugi izzivalci. Obisk prijetne družinice. Kako lepo je videti, ko starši neopazno budijo zanimanje za knjigo. Utrujenost za trenutek popusti, prelije se v upanje, da bralci še bodo, tudi čez leta. Knjige, knjige, knjige. Vsebine najrazličnejše, tudi jeziki.Vmes se med bogastvom pisane besede zablešči. Danes: ponatis Pesmi štirih, Marpurgi Zlate Vokač. Hvala vsem, ki se ob pospravljanju svojih knjižnic spomnijo na nas. Posebej razvrščamo knjige za domoznansko čitalnico, ki jo bomo jeseni odprli na novi lokaciji. Karkoli je o Mariboru priromalo v našo bukvarno, bo v teh prostorih našlo posebno mesto. O podjetjih, šolah, vrtcih, ustanovah, založbah in dela mariborskih avtorjev. Držimo pesti, da nam bo uspelo! Letnik izdelave me izdaja in komaj čakam na razvajanje pri &quot;sobabici&quot; Petri. Najina vnuka Žiga in Lana poskrbita, da je sprostitev popolna. Neverjetno, kako mi teh osem in šest let vliva energijo za naslednji teden. Svoje dodajo še najprijaznejše deževne kaplje tega poletja. Zgodaj zvečer Nočni vlak iztiri. Pade mi iz rok. Nedelja, 20. avgusta  V senci košate breze je čas za časopis Večer in sobotno Delo. V ponedeljek bomo držali pesti za lipe, v sredo pa bom na oglasno desko v Bukvarni nabila odlično Hertmansovo Odprto pismo Evropi - da bomo imeli malo poezije in vina tudi mi. Do solz pa me nasmejijo Izumitelji Boruta Planinšiča. Bravo! Lizbona je še daleč. S Pascalom sva v Bernu komaj vstopila.       Ciril Horjak    Ponedeljek, 21. avgusta Pred vrati Bukvarne me že čakajo knjige, kar precej jih je. In še prihajajo. Rado se iz finega gospoda, filozofa in šahista prelevi v fizičnega delavca. V dveh urah nama uspe izprazniti številne kartone in vrečke. Pri oblikovanju vsebinsko razdeljenih kupčkov pomaga še Darjan, tako da okoli pol osme ure zvečer že sedimo ob pijači kot &quot;fina gospoda&quot; na terasi Habakuka. Oglasi se Ramiz. Čez dvorišče s prijaznim pozdravom prikolesari naš pekarniški arhitekt Sašo. Prijetna utrujenost se preliva s pripadnostjo. Pred dnevi se je oglasila nekdanja skvoterka Marjetka Cunk, zadovoljna, da se v Pekarni še vedno dogaja. Leta 1995 je tudi ona pisala dnevnik in ga zaključila s Pingijevim stavkom &quot;Tu smo doma.&quot; Marjetka, sporočamo ti: &quot;Tu smo doma - še vedno!&quot; Torek, 22. avgusta Začnemo zgodaj dopoldne. Urejamo skladišče, odpiramo kartone, razporejamo knjige. Knjige v slovenskem jeziku ostanejo v pritličju, v tujih jezikih gredo v prvo nadstropje. Posebnost naše razvrstitve so zbirke, ki slikajo čudovito paleto slovenskega založništva zadnjih sto let. Iz kraljevine, iz časa kulturnega molka in obdobja po drugi svetovni vojni.Veliko založb, veliko zbirk, ujeti svetovi in zgodbe, ki čakajo, da se potopimo vanje in začutimo to, kar je čutil avtor ob ustvarjanju. Berimo in zaživimo vse te zgodbe in vsa ta življenja! Popoldne se oglasi gospod Vrečko, naš dolgoletni član in prijatelj. Po njegovi zaslugi visi na steni listina mesta Maribor, ki jo je naše društvo dobilo leta 1999. Klepet z njim je vedno prijeten. Katerokoli temo načnemo, vedno jo oplemeniti z odlomki iz točno določene knjige. Živi leksikon! Z Natašo urejava mladinske in otroške zbirke. Danes so na vrsti Mala slikanica in Zvezdica Mladinske knjige ter Pravljica in Mlada obzorja Založbe Obzorja. Rado filozofira in naju spravlja v smeh. Nočni vlak za Lizbono se ustavi v Parizu. Sreda, 23. avgusta Dan, ko imamo vrata odprta dopoldne in popoldne. Dopoldne za vse potrebno poskrbi Tamara, šahisti v globoki tišini vlečejo neponovljive poteze. Sama se odpravim v naše računovodstvo. Prijazne deklice uredijo vse, kar je potrebno. Če nama le uspe, se dobiva s svakinjo Silvo. Pol ure sproščenega klepeta o tem in onem. Kako se prileže! Delo naju priganja, tudi danes ne bova mogli na sprehod po Gosposki in Tyrševi. Popoldne v Bukvarni priprave na dva sejma ob koncu tedna. Grajski mojstri in Art kamp v Mestnem parku. Knjigic ne manjka, Nina in Rozi pa bosta obvladovali situacijo na terenu. Lizbona se bliža. Četrtek, 24. avgusta Vedno pogosteje se oglašajo srednješolci s seznami potrebnih učbenikov. Okoli tretjino zahtevane literature imamo, po ostalo bo treba v knjigarno. Neverjetno, kako korenito se skoraj vsako leto spremenijo matematika, fizika, kemija in drugi predmeti. Čudež znanosti! Včasih je dovolj samo malo drugačen vrstni red dveh ali treh odstavkov, pa učbenik več ne velja. Kljub temu bomo v začetku septembra organizirali tradicionalni sejem rabljenih učbenikov, na katerem bodo lahko dijaki sami trgovali.Vabljeni! Prihajajo knjige. Trije kartoni. Uaa! Hafis - človeka kar zmrazi od ugodja, biografija Edith Piaf (rezervirano za Ramiza, če jo bo hotel!), Dolarjev Spomin človeštva z uvodno vzhodnjaško mislijo KRALJI IN KNJIGE IMAJO MOČ! KRALJI UMIRAJO!</article-text-transliterated>
	</article>
	<comments>
		<comments-count>0</comments-count>
		<comments-list/>
	</comments>
</document>
