<document global-id="si-04-1260"><url>https://www.vecer.com//dnevnik-podstresje-lahko-prepiha-samo-pol-leta-tujine-6437636</url><source-id>si-04</source-id><local-id>si-04-1260</local-id><source-name>Večer</source-name><article><article-title>Dnevnik: Podstrešje lahko prepiha samo pol leta tujine</article-title><article-title-transliterated>Dnevnik: Podstrešje lahko prepiha samo pol leta tujine</article-title-transliterated><article_time>2018-03-31</article_time><article-author>Jure Kotnik</article-author><article-text>/ PETEK, 23. MAREC
Danes vstanem bolj zgodaj in sem prej v biroju. Biro je pravi palček v primerjavi s tistimi, s katerimi sodelujem v zadnjem času. Nazadnje prejšnji teden v Belorusiji. MGP je biro, v katerem dela kar 200 arhitektov. Nadaljevali bodo idejno zasnovo Evropskega vrtca, ki ga pripravljamo skupaj z Rikom v mestu Mogilev, 200 kilometrov zahodno od Minska. Tam že imamo uspešno zgodbo. Prvi nizkoenergijski vrtec in največja javna zgradba v lesu je nazadnje prejela zlato medaljo arhitekturnega bienala v Minsku, konec meseca pa je med tremi finalisti EdAwards v St. Peterburgu. Upam, da bo kaj pomagalo kasneje - na poti skozi birokracijo.
V biroju smo trenutno trije, poleg Gregorja še Simona, Erasmusova študentka iz Brna. Po letih bivanja v tujini je to poskus uvoza mednarodnega okolja. Letno dobim okoli 30 prošenj iz tujine, Simona je prva, mogoče bo postalo praksa. Malo koordinacije skozi različne projekte in že sem na poti proti Žirem, kjer usklajujemo podobo novega prodajnega razstavišča. Namen je skozi prostor osvežiti identiteto Alpine z ambicijami, usmerjenimi na globalni trg. Pot do Žirov čez prelaz mimo Smrečja je postal že rutina. Na vrhu čaka nagrada - panoramski pogled, ki kar odtehta serijo ovinkov in vedno znova da občutek, da čas tu teče počasneje kot v dolini.
/ SOBOTA, 24. MAREC
Sobota je moj najljubši dan. Od nekdaj. Zjutraj vstaneš in imaš še cel vikend pred sabo, občutek enega samega potenciala. Ni frke z mejli, vse je bolj umirjeno. Vreme je tokrat bolj slabo, zato se v počasnem ritmu lotim pospravljanja stanovanja in likanja srajc – investicija v prihodnje dni.
/ NEDELJA, 25. MAREC
Brnik, tretjič v dveh tednih. Nazadnje sem priletel iz Varšave, tokrat je na sporedu Skopje. Prvič, pred desetimi leti, me je kar šokiralo, v kakšnem stanju je bilo mesto. Poleti, vročina, center sredi dneva zapuščen, propadajoče stavbe, vse skupaj je prej spominjalo na kakšno Ramalo. Pričakujem, da bo drugače, veliko sem slišal, tudi bral o velikopoteznih prenovah v antičnem stilu. Da vidimo.
Letalo je imelo še postanek v Prištini, optimizacija stroškov. Taksist me je čakal debelo uro, a je bil razumevajoč, tarifa za tujce zajema tudi uro čakanja. Na letališču so pred kratkim odstranili ime Aleksandra Velikega, ostala je še samo konstrukcija, ki je držala črke na vrhu zgradbe. Grški premier menda ni želel pristati, dokler niso odstranili napisa, novega imena še nimajo, pravi taksist. Si lahko predstavljam travmo - dvajset let negotovosti zaradi imena, iskanje identitete, pritiski grške in še kakšne druge strani. Škoda, da smo zamudili vlogo mediatorja, skupaj z milijoni evrov bi lahko v Atene poslali tudi to vprašanje.
Moj hotel stoji v samem centru mesta. Iz sobe se vidi pompoznemu konju Aleksandra Velikega na osrednjem trgu naravnost v rep. Butični hotel je, odprt je šele prvi mesec in se še lovijo, a so prijazni. Ogromno hotelov sem zamenjal v zadnjih petnajstih letih, uspešno, brez nezgode – no, če izvzamem utopljen telefon v skodelici čaja v moskovskem Ritzu. Tokrat se mi snamejo steklena vrata tuša in se sesujejo sama vase. Česa takšnega še nisem videl. Steklo je, kakor da bi eksplodiralo, poletelo na vse konce kopalnice. Nekaj ureznin po roki in nogi, površinsko. Rešeno v 15 minutah z novo sobo. Računam na naslednjih petnajst let miru.







Ciril Horjak



/ PONEDELJEK, 26. MAREC
Pri zajtrku sem sam. Neki Kitajci so menda še v hotelu, a so odšli malo pred menoj. Natakarju je dolgčas in išče pogovor. Zanima ga stanje v Sloveniji, jaz pa mu vračam žogico na njegovo stran, da izvem kaj aktualnega. Najbolj ga skrbi odhod mladih. Mene doma ravno nasprotno. Konkreten miselni preskok, »level up«, vidim še samo v obvezni Erasmus izmenjavi in še posebej obvezni poklicni praksi v tujini. Podstrešje lahko prepiha samo to: pol leta tujine, odprt sistem, z možnostjo odkupa kot pri vojaščini v stari Monarhiji za nostalgike. Pozitivni učinki zagotovljeni, če bi sledili še drugi, bi se kohezivnost stare celine hitro povečala.
Sledi uvodni sestanek z gostitelji, ministrstvom za delo, ki mu v originalu, za slovensko uho simpatično, rečejo ministrstvo za trud. Pot do tja me vodi preko osrednjega trga skozi Vrata Makedonije, ki je izpeljava pariškega slavoloka zmage. Nekaj podobnega sem videl v Mogilevu. Prej omenjeni biro je izdelal projekt za vstopno točko v mesto ob 750-letnici mesta. Za Ljubljano vem, da bi imel bolj slab želodec za takšen predlog. Že ko je Jančar navijal za posthumno gradnjo Plečnika, me je črvičilo. Da smo to razvojno stopnjo - sem upal že takrat - presegli. Je pa moč potegniti vzporednico med Plečnikom in današnjim Skopjem. Tudi on je iz Ljubljane, provincialnega mesta avstrijske monarhije, delal regionalno prestolnico, jo ovijal v plašč monumentalnosti s skrbno brušenim historicizmom ali, prijazneje rečeno, z zelo zgodnjim postmodernizmom, stran od ustaljenih germanskih vzorcev in z antiko navdahnjenim izraznim jezikom. S tem je že takrat pomagal oblikovati duh bodoče prestolnice. S prostorom, ki ga nagonsko začutiš kot privzdignjenega. To se mi zdi glavni prispevek v času, ko je bila arhitektura sicer že drugje. Poleg tega pa je Plečnik dodajal še avtorski prispevek, ki je bil kljub zunanji podobi mestoma globalno napreden. To je model, ki bi bil bolj primeren tudi za Skopje.
Nadalje stopam mimo serije velikih kipov raznih ljudi. Spet monumentalne dimenzije. Nekateri od njih so kar imaginarne osebe, drugi realne osebnosti iz makedonske zgodovine. Škoda, da se niso omejili na slednje, in če bi pod njimi še vestno pisalo, kdo so, bi že imeli del učilnice na prostem. Podobno kot v Parizu, ko na ulicah piše, po kom nosijo ime. Se spotoma česa naučiš. Lahko bi še dodali multimedijo na pametnih telefonih in voila – 21. stoletje.
/ TOREK, 27. MAREC
Zjutraj naredim nekaj birojskega dela še pred zajtrkom. Yael mi piše, da so v Parizu natisnili mojo publikacijo – smernice za načrtovanje vrtcev in otroških igrišč. Hkrati vidim, da Taku, japonski kolega, objavi, da je prejel mojo zadnjo knjigo, tretjo iz serije vrtcev. Ta je izšla nedavno pri avstralski založbi Images. V njej so trije njegovi vrtci – stotina njegovega opusa. Nepredstavljivo za naše razmere. Pravzaprav za kogarkoli v Evropi.
Ob enajstih imam predavanje na Svetovni banki. Srečam se z Bojano, s katero sodelujeva pri podobnem projektu v Srbiji. Lepo je delati z ljudmi s srcem. Po predavanju pregled dokumentacije trenutnih projektov vrtcev na ministrstvu. Projekti povprečni, razlike v ceni pa tudi dvakratniki razlike. Slednje videno tudi pri nas.
Zvečer se odpravim na večerjo preko starega mosta v stari, otomanski del. Strnjena zazidava uličic in skritih dvorišč je čisto nekaj drugega kot odprte avenije na drugi strani mesta. Skoraj prehiter prehod iz enega sveta v drugega. Vse skupaj je kar v klavrnem stanju in bolj mrtvo ob tej uri. Po poti do hotela se odpravim še do makedonske Opere in Baleta, ki je delo slovenskih arhitektov, Biro 71. Izjemen primer slovenske arhitekture za tisti čas še danes deluje z nabojem Zahe Hadid, povrhu se še lepo stara. Zgradba je sicer prej stala domala na obrežju, sedaj so jo v smeri reke obzidali s klasicističnimi palačami in jo umaknili v drugi plan. Škoda, prav lepo bi lahko razrahljala neohistoricizem in odprla pot ritmu novih stavb.
/ SREDA, 28. MAREC
Zjutraj pot iz Skopja, na podeželje. Soliden vrtec, svetel, prehoden. Ne bi bilo treba veliko, da se ga še malo sfrizira po kapaciteti in uporabnosti. Na ministrstvu kasneje premetavanje številk, kreiranje različnih scenarijev izvedbe, indeksiranje mest in potreb. Dobra možganska popestritev za intermezzo. Pot proti hotelu tokrat po drugi poti in spet med monumentalnimi fasadami. Ko vstopim na osrednji trg, oči vidijo Evropo, ušesa pa slišijo Meko - tuljenje mujezina z druge strani reke Vardar. Tukaj dobijo te fasade kontekst skrajnega roba evropske, krščanske, zahodne kulture. Učinkuje, monumentalnost opravi svoje delo, škoda le, da so pretiravali. Potrebovali bi tankočutnost našega arhitekta prof. Borisa Podrecce - on bi znal zajeti makedonsko dušo in kontekst ter ga preliti v poetično brezčasnost. Če kdo, potem on.
/ ČETRTEK, 29. MAREC
Zjutraj sestanek z ministrico. V bistvu me je presenetilo, da si ministrica želi takšno srečanje. Je pa dober obet za projekt, upam, da se bo nadaljevalo v tej smeri. Zadnji del tega dnevnika pišem, v bistvu brišem, v letalu in se spomnim Cirilovih besed: če se ti ustavi zagon pisanja, napiši, da te nekaj spominja na to in to pesem, in potem dodaš nekaj vrstic v rimah. Napačnemu je rekel.</article-text><article-text-transliterated>/ PETEK, 23. MAREC
Danes vstanem bolj zgodaj in sem prej v biroju. Biro je pravi palček v primerjavi s tistimi, s katerimi sodelujem v zadnjem času. Nazadnje prejšnji teden v Belorusiji. MGP je biro, v katerem dela kar 200 arhitektov. Nadaljevali bodo idejno zasnovo Evropskega vrtca, ki ga pripravljamo skupaj z Rikom v mestu Mogilev, 200 kilometrov zahodno od Minska. Tam že imamo uspešno zgodbo. Prvi nizkoenergijski vrtec in največja javna zgradba v lesu je nazadnje prejela zlato medaljo arhitekturnega bienala v Minsku, konec meseca pa je med tremi finalisti EdAwards v St. Peterburgu. Upam, da bo kaj pomagalo kasneje - na poti skozi birokracijo.
V biroju smo trenutno trije, poleg Gregorja še Simona, Erasmusova študentka iz Brna. Po letih bivanja v tujini je to poskus uvoza mednarodnega okolja. Letno dobim okoli 30 prošenj iz tujine, Simona je prva, mogoče bo postalo praksa. Malo koordinacije skozi različne projekte in že sem na poti proti Žirem, kjer usklajujemo podobo novega prodajnega razstavišča. Namen je skozi prostor osvežiti identiteto Alpine z ambicijami, usmerjenimi na globalni trg. Pot do Žirov čez prelaz mimo Smrečja je postal že rutina. Na vrhu čaka nagrada - panoramski pogled, ki kar odtehta serijo ovinkov in vedno znova da občutek, da čas tu teče počasneje kot v dolini.
/ SOBOTA, 24. MAREC
Sobota je moj najljubši dan. Od nekdaj. Zjutraj vstaneš in imaš še cel vikend pred sabo, občutek enega samega potenciala. Ni frke z mejli, vse je bolj umirjeno. Vreme je tokrat bolj slabo, zato se v počasnem ritmu lotim pospravljanja stanovanja in likanja srajc – investicija v prihodnje dni.
/ NEDELJA, 25. MAREC
Brnik, tretjič v dveh tednih. Nazadnje sem priletel iz Varšave, tokrat je na sporedu Skopje. Prvič, pred desetimi leti, me je kar šokiralo, v kakšnem stanju je bilo mesto. Poleti, vročina, center sredi dneva zapuščen, propadajoče stavbe, vse skupaj je prej spominjalo na kakšno Ramalo. Pričakujem, da bo drugače, veliko sem slišal, tudi bral o velikopoteznih prenovah v antičnem stilu. Da vidimo.
Letalo je imelo še postanek v Prištini, optimizacija stroškov. Taksist me je čakal debelo uro, a je bil razumevajoč, tarifa za tujce zajema tudi uro čakanja. Na letališču so pred kratkim odstranili ime Aleksandra Velikega, ostala je še samo konstrukcija, ki je držala črke na vrhu zgradbe. Grški premier menda ni želel pristati, dokler niso odstranili napisa, novega imena še nimajo, pravi taksist. Si lahko predstavljam travmo - dvajset let negotovosti zaradi imena, iskanje identitete, pritiski grške in še kakšne druge strani. Škoda, da smo zamudili vlogo mediatorja, skupaj z milijoni evrov bi lahko v Atene poslali tudi to vprašanje.
Moj hotel stoji v samem centru mesta. Iz sobe se vidi pompoznemu konju Aleksandra Velikega na osrednjem trgu naravnost v rep. Butični hotel je, odprt je šele prvi mesec in se še lovijo, a so prijazni. Ogromno hotelov sem zamenjal v zadnjih petnajstih letih, uspešno, brez nezgode – no, če izvzamem utopljen telefon v skodelici čaja v moskovskem Ritzu. Tokrat se mi snamejo steklena vrata tuša in se sesujejo sama vase. Česa takšnega še nisem videl. Steklo je, kakor da bi eksplodiralo, poletelo na vse konce kopalnice. Nekaj ureznin po roki in nogi, površinsko. Rešeno v 15 minutah z novo sobo. Računam na naslednjih petnajst let miru.







Ciril Horjak



/ PONEDELJEK, 26. MAREC
Pri zajtrku sem sam. Neki Kitajci so menda še v hotelu, a so odšli malo pred menoj. Natakarju je dolgčas in išče pogovor. Zanima ga stanje v Sloveniji, jaz pa mu vračam žogico na njegovo stran, da izvem kaj aktualnega. Najbolj ga skrbi odhod mladih. Mene doma ravno nasprotno. Konkreten miselni preskok, »level up«, vidim še samo v obvezni Erasmus izmenjavi in še posebej obvezni poklicni praksi v tujini. Podstrešje lahko prepiha samo to: pol leta tujine, odprt sistem, z možnostjo odkupa kot pri vojaščini v stari Monarhiji za nostalgike. Pozitivni učinki zagotovljeni, če bi sledili še drugi, bi se kohezivnost stare celine hitro povečala.
Sledi uvodni sestanek z gostitelji, ministrstvom za delo, ki mu v originalu, za slovensko uho simpatično, rečejo ministrstvo za trud. Pot do tja me vodi preko osrednjega trga skozi Vrata Makedonije, ki je izpeljava pariškega slavoloka zmage. Nekaj podobnega sem videl v Mogilevu. Prej omenjeni biro je izdelal projekt za vstopno točko v mesto ob 750-letnici mesta. Za Ljubljano vem, da bi imel bolj slab želodec za takšen predlog. Že ko je Jančar navijal za posthumno gradnjo Plečnika, me je črvičilo. Da smo to razvojno stopnjo - sem upal že takrat - presegli. Je pa moč potegniti vzporednico med Plečnikom in današnjim Skopjem. Tudi on je iz Ljubljane, provincialnega mesta avstrijske monarhije, delal regionalno prestolnico, jo ovijal v plašč monumentalnosti s skrbno brušenim historicizmom ali, prijazneje rečeno, z zelo zgodnjim postmodernizmom, stran od ustaljenih germanskih vzorcev in z antiko navdahnjenim izraznim jezikom. S tem je že takrat pomagal oblikovati duh bodoče prestolnice. S prostorom, ki ga nagonsko začutiš kot privzdignjenega. To se mi zdi glavni prispevek v času, ko je bila arhitektura sicer že drugje. Poleg tega pa je Plečnik dodajal še avtorski prispevek, ki je bil kljub zunanji podobi mestoma globalno napreden. To je model, ki bi bil bolj primeren tudi za Skopje.
Nadalje stopam mimo serije velikih kipov raznih ljudi. Spet monumentalne dimenzije. Nekateri od njih so kar imaginarne osebe, drugi realne osebnosti iz makedonske zgodovine. Škoda, da se niso omejili na slednje, in če bi pod njimi še vestno pisalo, kdo so, bi že imeli del učilnice na prostem. Podobno kot v Parizu, ko na ulicah piše, po kom nosijo ime. Se spotoma česa naučiš. Lahko bi še dodali multimedijo na pametnih telefonih in voila – 21. stoletje.
/ TOREK, 27. MAREC
Zjutraj naredim nekaj birojskega dela še pred zajtrkom. Yael mi piše, da so v Parizu natisnili mojo publikacijo – smernice za načrtovanje vrtcev in otroških igrišč. Hkrati vidim, da Taku, japonski kolega, objavi, da je prejel mojo zadnjo knjigo, tretjo iz serije vrtcev. Ta je izšla nedavno pri avstralski založbi Images. V njej so trije njegovi vrtci – stotina njegovega opusa. Nepredstavljivo za naše razmere. Pravzaprav za kogarkoli v Evropi.
Ob enajstih imam predavanje na Svetovni banki. Srečam se z Bojano, s katero sodelujeva pri podobnem projektu v Srbiji. Lepo je delati z ljudmi s srcem. Po predavanju pregled dokumentacije trenutnih projektov vrtcev na ministrstvu. Projekti povprečni, razlike v ceni pa tudi dvakratniki razlike. Slednje videno tudi pri nas.
Zvečer se odpravim na večerjo preko starega mosta v stari, otomanski del. Strnjena zazidava uličic in skritih dvorišč je čisto nekaj drugega kot odprte avenije na drugi strani mesta. Skoraj prehiter prehod iz enega sveta v drugega. Vse skupaj je kar v klavrnem stanju in bolj mrtvo ob tej uri. Po poti do hotela se odpravim še do makedonske Opere in Baleta, ki je delo slovenskih arhitektov, Biro 71. Izjemen primer slovenske arhitekture za tisti čas še danes deluje z nabojem Zahe Hadid, povrhu se še lepo stara. Zgradba je sicer prej stala domala na obrežju, sedaj so jo v smeri reke obzidali s klasicističnimi palačami in jo umaknili v drugi plan. Škoda, prav lepo bi lahko razrahljala neohistoricizem in odprla pot ritmu novih stavb.
/ SREDA, 28. MAREC
Zjutraj pot iz Skopja, na podeželje. Soliden vrtec, svetel, prehoden. Ne bi bilo treba veliko, da se ga še malo sfrizira po kapaciteti in uporabnosti. Na ministrstvu kasneje premetavanje številk, kreiranje različnih scenarijev izvedbe, indeksiranje mest in potreb. Dobra možganska popestritev za intermezzo. Pot proti hotelu tokrat po drugi poti in spet med monumentalnimi fasadami. Ko vstopim na osrednji trg, oči vidijo Evropo, ušesa pa slišijo Meko - tuljenje mujezina z druge strani reke Vardar. Tukaj dobijo te fasade kontekst skrajnega roba evropske, krščanske, zahodne kulture. Učinkuje, monumentalnost opravi svoje delo, škoda le, da so pretiravali. Potrebovali bi tankočutnost našega arhitekta prof. Borisa Podrecce - on bi znal zajeti makedonsko dušo in kontekst ter ga preliti v poetično brezčasnost. Če kdo, potem on.
/ ČETRTEK, 29. MAREC
Zjutraj sestanek z ministrico. V bistvu me je presenetilo, da si ministrica želi takšno srečanje. Je pa dober obet za projekt, upam, da se bo nadaljevalo v tej smeri. Zadnji del tega dnevnika pišem, v bistvu brišem, v letalu in se spomnim Cirilovih besed: če se ti ustavi zagon pisanja, napiši, da te nekaj spominja na to in to pesem, in potem dodaš nekaj vrstic v rimah. Napačnemu je rekel.</article-text-transliterated></article><comments><comments-count>0</comments-count><comments-list /></comments></document>