<document global-id="si-04-1270"><url>https://www.vecer.com//do-dviga-minimalne-place-z-dialogom-6615474</url><source-id>si-04</source-id><local-id>si-04-1270</local-id><source-name>Večer</source-name><article><article-title>Do dviga minimalne plače z dialogom</article-title><article-title-transliterated>Do dviga minimalne plače z dialogom</article-title-transliterated><article_time>2018-11-19</article_time><article-author>Urška Mlinarič</article-author><article-text>"Ni ga državljana, ki se ne bi strinjal, da je minimalna plača prenizka. Vendar pa je treba minimalno plačo dvigniti v socialnem dialogu. Žal mi je, da delodajalci niso pristopili k dialogu v okviru ekonomsko-socialnega sveta, saj bi na ta način lažje našli rešitev. Zato se bom osebno angažiral pri delodajalcih, da bi dialog stekel." Tako je na vprašanje poslanca Levice Mateja Tašnerja Vatovca, ali podpira dvig minimalne plače z letom 2020 na 700 evrov, izločitev vseh dodatkov iz nje in oblikovanje formule, po kateri bi bila omenjena plača za dvajset odstotkov višja od minimalnih stroškov, ob začetku parlamentarne seje odgovoril predsednik vlade Marjan Šarec. Ocenil je, da bi se bilo vse drugo lažje dogovoriti, če bi se najprej uskladili glede omenjene formule. Obenem pa je apeliral na poslance, da bi zakon sprejeli v roku, ki bi omogočil njegovo veljavnost že z januarjem 2019.

Bandelli le še s tekočimi posliPoslanci so se ob začetku parlamentarne seje seznanili z odstopom ministra za kohezijo Marka Bandellija. S tem je začel teči desetdnevni rok, v katerem mora predsednik vlade predlagati novega ministrskega kandidata oziroma sporočiti, kdo bo do nadaljnjega prevzel še ta resor. Do takrat bo tekoče posle opravljal Bandelli.

Na dialog in usklajevanje stavi premier Šarec tudi pri davčni reformi, za pripravo katere v dveh mesecih, odkar je na oblasti, vlada še ni imela časa. A nobenega davčnega ukrepa ne bo uveljavljala čez noč, je premier odgovoril poslancu NSi Jožefu Horvatu. In dodal, da bodo v davčni reformi stremeli k nižji obdavčitvi dela in višji obdavčitvi kapitala. Davčna reforma in ureditev minimalne plače sta le dve od aktivnosti, ki jih je premier naštel ob vprašanju Jerce Korče, poslanke iz njegove stranke, ko je želela slišati, kaj je vlada v tem času naredila in kaj načrtuje. Ob tem je navedel še sedanja pogajanja z javnim sektorjem pa načrtovanje strukturnih rešitev pri denarni socialni pomoči, saj jo nekateri, po njegovem, neupravičeno prejemajo, in je sistem treba prevetriti. "Največja zadeva, ki bo ta hip najbolj koristila državljanom, če bo sprejet zakon o izvrševanju proračuna, pa je višja povprečnina za občine,"je izpostavil premier.


Šarčeva davčna reforma naj bi prinesla nižjo obdavčitev dela in višjo obdavčitvi kapitala



Globalni dogovor o migracijah, tako imenovani marakeški sporazum pa skrbi SDS, zato je poslanec Danijel Krivec spraševal, zakaj ni dostopen tudi v slovenskem jeziku in zakaj vlada vztraja pri njegovi podpori, če mu večji del javnosti nasprotuje, saj da izenačuje ilegalne in legalne migracije. Da slednje nikakor ne drži in se o vsebini omenjenega sporazume veliko politizira, manipulira in izkrivlja dejstva, je ugovarjal premier. Poudaril je, da je globalni sporazum o migracijah začetek skupnega reševanja vprašanja množičnih migracij. "Če želimo, da je Slovenija v skupini držav, ki odgovorno rešuje vprašanje migracij, potem moramo pri tem sodelovati." Pojasnil je še, da države, ki sporazumu nasprotujejo, to počnejo iz notranjepolitičnih vzgibov. Slovenija ne podpira ilegalnih migracij. "Slovenska policija ima na tem področju situacijo pod kontrolo," je dejal in poudaril, da s podporo sporazumu država ne bo izgubila suverenosti. Dodal je, da je že naročil prevod dokumenta v slovenščino.
Osebno se namerava Šarec zavzeti tudi za izgradnjo odlagališča za nizko in srednje radioaktivne odpadke iz krške nuklearke v Vrbini pri Krškem, ki ga tamkajšnjim prebivalcem oblasti obljubljajo že štiri desetletja. Gradnja že teče, poskusno obratovanje naj bi steklo v letih 2020-2021, medtem ko naj bi v polnosti začelo obratovati leta 2022, je pojasnil poslancu SNS Dušanu Šišku.</article-text><article-text-transliterated>"Ni ga državljana, ki se ne bi strinjal, da je minimalna plača prenizka. Vendar pa je treba minimalno plačo dvigniti v socialnem dialogu. Žal mi je, da delodajalci niso pristopili k dialogu v okviru ekonomsko-socialnega sveta, saj bi na ta način lažje našli rešitev. Zato se bom osebno angažiral pri delodajalcih, da bi dialog stekel." Tako je na vprašanje poslanca Levice Mateja Tašnerja Vatovca, ali podpira dvig minimalne plače z letom 2020 na 700 evrov, izločitev vseh dodatkov iz nje in oblikovanje formule, po kateri bi bila omenjena plača za dvajset odstotkov višja od minimalnih stroškov, ob začetku parlamentarne seje odgovoril predsednik vlade Marjan Šarec. Ocenil je, da bi se bilo vse drugo lažje dogovoriti, če bi se najprej uskladili glede omenjene formule. Obenem pa je apeliral na poslance, da bi zakon sprejeli v roku, ki bi omogočil njegovo veljavnost že z januarjem 2019.

Bandelli le še s tekočimi posliPoslanci so se ob začetku parlamentarne seje seznanili z odstopom ministra za kohezijo Marka Bandellija. S tem je začel teči desetdnevni rok, v katerem mora predsednik vlade predlagati novega ministrskega kandidata oziroma sporočiti, kdo bo do nadaljnjega prevzel še ta resor. Do takrat bo tekoče posle opravljal Bandelli.

Na dialog in usklajevanje stavi premier Šarec tudi pri davčni reformi, za pripravo katere v dveh mesecih, odkar je na oblasti, vlada še ni imela časa. A nobenega davčnega ukrepa ne bo uveljavljala čez noč, je premier odgovoril poslancu NSi Jožefu Horvatu. In dodal, da bodo v davčni reformi stremeli k nižji obdavčitvi dela in višji obdavčitvi kapitala. Davčna reforma in ureditev minimalne plače sta le dve od aktivnosti, ki jih je premier naštel ob vprašanju Jerce Korče, poslanke iz njegove stranke, ko je želela slišati, kaj je vlada v tem času naredila in kaj načrtuje. Ob tem je navedel še sedanja pogajanja z javnim sektorjem pa načrtovanje strukturnih rešitev pri denarni socialni pomoči, saj jo nekateri, po njegovem, neupravičeno prejemajo, in je sistem treba prevetriti. "Največja zadeva, ki bo ta hip najbolj koristila državljanom, če bo sprejet zakon o izvrševanju proračuna, pa je višja povprečnina za občine,"je izpostavil premier.


Šarčeva davčna reforma naj bi prinesla nižjo obdavčitev dela in višjo obdavčitvi kapitala



Globalni dogovor o migracijah, tako imenovani marakeški sporazum pa skrbi SDS, zato je poslanec Danijel Krivec spraševal, zakaj ni dostopen tudi v slovenskem jeziku in zakaj vlada vztraja pri njegovi podpori, če mu večji del javnosti nasprotuje, saj da izenačuje ilegalne in legalne migracije. Da slednje nikakor ne drži in se o vsebini omenjenega sporazume veliko politizira, manipulira in izkrivlja dejstva, je ugovarjal premier. Poudaril je, da je globalni sporazum o migracijah začetek skupnega reševanja vprašanja množičnih migracij. "Če želimo, da je Slovenija v skupini držav, ki odgovorno rešuje vprašanje migracij, potem moramo pri tem sodelovati." Pojasnil je še, da države, ki sporazumu nasprotujejo, to počnejo iz notranjepolitičnih vzgibov. Slovenija ne podpira ilegalnih migracij. "Slovenska policija ima na tem področju situacijo pod kontrolo," je dejal in poudaril, da s podporo sporazumu država ne bo izgubila suverenosti. Dodal je, da je že naročil prevod dokumenta v slovenščino.
Osebno se namerava Šarec zavzeti tudi za izgradnjo odlagališča za nizko in srednje radioaktivne odpadke iz krške nuklearke v Vrbini pri Krškem, ki ga tamkajšnjim prebivalcem oblasti obljubljajo že štiri desetletja. Gradnja že teče, poskusno obratovanje naj bi steklo v letih 2020-2021, medtem ko naj bi v polnosti začelo obratovati leta 2022, je pojasnil poslancu SNS Dušanu Šišku.</article-text-transliterated></article><comments><comments-count>0</comments-count><comments-list /></comments></document>