<document global-id="si-04-1363"><url>https://www.vecer.com//201505226117592-6117592</url><source-id>si-04</source-id><local-id>si-04-1363</local-id><source-name>Večer</source-name><article><article-title>Drakula je vhod v nečloveško</article-title><article-title-transliterated>Drakula je vhod v nečloveško</article-title-transliterated><article_time>2015-05-22</article_time><article-author>Petra Vidali</article-author><article-text>Videti je, da je vampirski mit preprosto neizčrpen, po nekaj desetletjih vsakovrstnih filmskih upodobitev je znova osvojil prostor mladinske literature (saga Somrak) in zaznamoval nove generacije. Iz roda v rod se prenaša privlačnost strašljivega, tako kot se, metaforično seveda, prenaša kri.
Transilvanska mitologija je dosegla očitno optimalno formo v Stokerjevem romanu Drakula (1897), in ta je bil tudi osnova za tokratno "performativno gibalno-dramsko uprizoritev".
Ustvarjalci uprizoritve v mariborski Drami tako odgovarjajo na vprašanje, zakaj se mit vedno znova vrača in zakaj so ga izbrali sami:
"Na prestol modernih mitov se je s krvjo, srhljivo lepoto zla in z neustavljivo seksualnostjo ustoličil vampirski kralj noči. Zgodba, ki nastaja v svetu med zavestjo in podzavestjo, odpira vrata v srhljivo brezno (ne)izživetih fantazij oziroma sodobnih podob rajske večnosti, zdravljic ob krvavi ambroziji in uresničevanj vseh prikritih fantazem, nečimrnosti, obsesivnosti in želja. Drakula ni vhod v metafizično, Drakula je vhod v nečloveško."
Režijo Drakule podpisuje srbski režiser András Urbán (1970), o njem pravijo, da s sodobnim, provokativnim, nekonvencionalnim in odprtim gledališkim izrazom zaznamuje balkansko gledališče. Hišni režiser in direktor alternativnega gledališča Kostolanji Deže v Subotici pravi: "Uprizoritev določa svojo vsebino in elemente glede na pojme, kot so nesmrtnost, ljubezen, občutljivost za svetlobo in določena vrsta okužbe. Kuga. Vsi ti pojmi so postali skoraj glavni toposi naše 'fensi industrije' enaindvajsetega stoletja. Za uresničitev tega projekta se v procesu dela ustvarja poseben odrski jezik, ki temelji na vizualnosti, zvoku in posebnih prostorskih postavitvah akterjev uprizoritve, ki jo sestavljajo gibanje, geste in fizične akcije, vendar nikakor ne na način, kot to počne sodobni stilizirani ples. Igralec-izvajalec se obnaša kot akter v performansu, vsaka njegova prezentnost na odru je premišljena skozi prizmo dramskega igralca."
Nastopili bodo Matevž Biber (Drama SNG Maribor), Mia Biondić (ZKM), Dado Ćosić (ZKM), Jurij Drevenšek (Drama SNG Maribor), Davide Gagliardini (TDP), Edvin Liverić (ZKM), Gian Marco Pellecchia (TDP), Nika Rozman (Drama SNG Maribor) in Lucija Šerbedžija (ZKM).
Dramaturginja je Kata Gyarmati, scenograf Marko Japelj, kostumografinja Doris Kristić, oblikovalka odrskega giba Anikó Kiss, oblikovalca svetlobe Andras Urban in Tomaž Bezjak, skladateljica Irena Popović, oblikovalka maske Mirjana Djordjević in asistentka kostumografinje Marta Žegura.
Po premieri in ponovitvah v Drami SNG Maribor bo premiera v Zagrebačkom kazalištu mladih 26. septembra, v Teatro Due v Parmi pa 12. novembra.</article-text><article-text-transliterated>Videti je, da je vampirski mit preprosto neizčrpen, po nekaj desetletjih vsakovrstnih filmskih upodobitev je znova osvojil prostor mladinske literature (saga Somrak) in zaznamoval nove generacije. Iz roda v rod se prenaša privlačnost strašljivega, tako kot se, metaforično seveda, prenaša kri.
Transilvanska mitologija je dosegla očitno optimalno formo v Stokerjevem romanu Drakula (1897), in ta je bil tudi osnova za tokratno "performativno gibalno-dramsko uprizoritev".
Ustvarjalci uprizoritve v mariborski Drami tako odgovarjajo na vprašanje, zakaj se mit vedno znova vrača in zakaj so ga izbrali sami:
"Na prestol modernih mitov se je s krvjo, srhljivo lepoto zla in z neustavljivo seksualnostjo ustoličil vampirski kralj noči. Zgodba, ki nastaja v svetu med zavestjo in podzavestjo, odpira vrata v srhljivo brezno (ne)izživetih fantazij oziroma sodobnih podob rajske večnosti, zdravljic ob krvavi ambroziji in uresničevanj vseh prikritih fantazem, nečimrnosti, obsesivnosti in želja. Drakula ni vhod v metafizično, Drakula je vhod v nečloveško."
Režijo Drakule podpisuje srbski režiser András Urbán (1970), o njem pravijo, da s sodobnim, provokativnim, nekonvencionalnim in odprtim gledališkim izrazom zaznamuje balkansko gledališče. Hišni režiser in direktor alternativnega gledališča Kostolanji Deže v Subotici pravi: "Uprizoritev določa svojo vsebino in elemente glede na pojme, kot so nesmrtnost, ljubezen, občutljivost za svetlobo in določena vrsta okužbe. Kuga. Vsi ti pojmi so postali skoraj glavni toposi naše 'fensi industrije' enaindvajsetega stoletja. Za uresničitev tega projekta se v procesu dela ustvarja poseben odrski jezik, ki temelji na vizualnosti, zvoku in posebnih prostorskih postavitvah akterjev uprizoritve, ki jo sestavljajo gibanje, geste in fizične akcije, vendar nikakor ne na način, kot to počne sodobni stilizirani ples. Igralec-izvajalec se obnaša kot akter v performansu, vsaka njegova prezentnost na odru je premišljena skozi prizmo dramskega igralca."
Nastopili bodo Matevž Biber (Drama SNG Maribor), Mia Biondić (ZKM), Dado Ćosić (ZKM), Jurij Drevenšek (Drama SNG Maribor), Davide Gagliardini (TDP), Edvin Liverić (ZKM), Gian Marco Pellecchia (TDP), Nika Rozman (Drama SNG Maribor) in Lucija Šerbedžija (ZKM).
Dramaturginja je Kata Gyarmati, scenograf Marko Japelj, kostumografinja Doris Kristić, oblikovalka odrskega giba Anikó Kiss, oblikovalca svetlobe Andras Urban in Tomaž Bezjak, skladateljica Irena Popović, oblikovalka maske Mirjana Djordjević in asistentka kostumografinje Marta Žegura.
Po premieri in ponovitvah v Drami SNG Maribor bo premiera v Zagrebačkom kazalištu mladih 26. septembra, v Teatro Due v Parmi pa 12. novembra.</article-text-transliterated></article><comments><comments-count>0</comments-count><comments-list /></comments></document>