<?xml version="1.0" encoding="utf-8"?>
<document global-id="si-04-1140">
	<url>https://www.vecer.com//danijel-vevar-1934-2016-6251658</url>
	<source-id>si-04</source-id>
	<local-id>1140</local-id>
	<source-name>Večer</source-name>
	<article>
		<article-title>Danijel Vevar (1934-2016)</article-title>
		<article-title-transliterated>Danijel Vevar (1934-2016)</article-title-transliterated>
		<article-time>2017-03-16</article-time>
		<article-author>Dragomir Benko</article-author>
		<article-text>Danijel Vevar se je rodil leta 1934 v Mežici. V osnovno šolo so ga vpisali med okupacijo leta 1941. Leta 1944 so ga poslali k starim staršem v Bistrico v Rožni dolini na avstrijskem Koroškem (od tam je bila njegova mama). V Borovljah je obiskoval meščansko šolo. Leta 1946 se je vrnil v Mežico, kjer je končal osnovno šolanje. V gimnazijo je hodil na Ravne na Koroškem. Maturiral je leta 1953. V tistih letih je pomagal pri gradnji novega gimnazijskega poslopja, v katerem gimnazija domuje še danes. Na naravoslovni fakulteti Univerze v Ljubljani je študiral matematiko. Leta 1959 je diplomiral in si pridobil akademski naslov diplomirani matematik. Po treh letih poučevanja na osnovnih šolah na Prevaljah in na Ravnah na Koroškem se je 1. 9. 1962 zaposlil na Gimnaziji Ravne na Koroškem. Učil je matematiko, znanost, ki predstavlja osnovni jezik in metode razmišljanja, ki so osnova vseh znanstvenih področij, in je na različnih nivojih vgrajena v skorajda sleherno človekovo dejavnost. Polnih 39 let je predajal svoje znanje mladim. Upokojil se je 31. 8. 2001. Danija sem poznal kot učitelja in sodelavca. Številne generacije ravenskih maturantk in maturantov, več kot 8500 nas je že, se ga spominjamo kot pedantnega pedagoga, kot strogega, a korektnega ocenjevalca znanja. Bil je legenda matematičnega uma, njegov sloves se je raztezal daleč čez meje gimnazijskih zidov. Da je resen, strog, dosleden, nepopustljiv, natančen, to je vedel in okusil marsikdo. Bog ne daj, da si pozabil na rob, datum, da si napačno prepisal podatke, saj takih rezultatov ni upošteval ... &quot;Marinka, marinka, j‘di, što pa ne bo dojst, rodo, rodo ...&quot; so bile njegove priljubljene besede. Mogoče pa je bilo manj takih, ki so opazili njegovo dobrosrčno naravo, njegov notranji nasmeh in ubranost z okoljem. Navidezno nedostopen je bistro zrl v svet. Nič ni ušlo njegovim budnim očem, čeprav o tem, kar je vedel oziroma videl, ni prav veliko govoril. Profesor Danijel Vevar nas je, poleg večnih matematičnih resnic, aksiomov, izrekov, posledic le-teh, računanja ... naučil veliko več: predvsem reda in urejenosti, da mora vsak poskrbeti za svoje védenje, znanje in to tudi pokazati. Bil je dobra duša, vesten, srčen, dovtipen in šaljiv. Rad nam je (matematičnemu podmladku na šoli) svetoval, kako kakšno nerazumljivo matematično vsebino razložiti in približati dijakom. Da jo bodo lažje doumeli. Večkrat je za nas pripravil tudi strokovna predavanja, povezoval je različna področja. Njegova ljubezen je bil šah. Skorajda ni minil (glavni) odmor brez zagrizenih partij, dvobojev med njim in profesorji Stankom Lodrantom, Tonetom Sušnikom, Mihaelom Kodrinom ... Ob slovesu od spoštovanega in cenjenega Učitelja se lahko vprašamo: &quot;Quo vadis, Danijel Vevar?&quot; Morda nam odgovori: &quot;V globine neskončnosti, v svet matematičnih topologij, kjer se življenje nikoli ne konča, v svet lepote, kamor se stekajo vse dobre misli in dejanja.&quot;</article-text>
		<article-text-transliterated>Danijel Vevar se je rodil leta 1934 v Mežici. V osnovno šolo so ga vpisali med okupacijo leta 1941. Leta 1944 so ga poslali k starim staršem v Bistrico v Rožni dolini na avstrijskem Koroškem (od tam je bila njegova mama). V Borovljah je obiskoval meščansko šolo. Leta 1946 se je vrnil v Mežico, kjer je končal osnovno šolanje. V gimnazijo je hodil na Ravne na Koroškem. Maturiral je leta 1953. V tistih letih je pomagal pri gradnji novega gimnazijskega poslopja, v katerem gimnazija domuje še danes. Na naravoslovni fakulteti Univerze v Ljubljani je študiral matematiko. Leta 1959 je diplomiral in si pridobil akademski naslov diplomirani matematik. Po treh letih poučevanja na osnovnih šolah na Prevaljah in na Ravnah na Koroškem se je 1. 9. 1962 zaposlil na Gimnaziji Ravne na Koroškem. Učil je matematiko, znanost, ki predstavlja osnovni jezik in metode razmišljanja, ki so osnova vseh znanstvenih področij, in je na različnih nivojih vgrajena v skorajda sleherno človekovo dejavnost. Polnih 39 let je predajal svoje znanje mladim. Upokojil se je 31. 8. 2001. Danija sem poznal kot učitelja in sodelavca. Številne generacije ravenskih maturantk in maturantov, več kot 8500 nas je že, se ga spominjamo kot pedantnega pedagoga, kot strogega, a korektnega ocenjevalca znanja. Bil je legenda matematičnega uma, njegov sloves se je raztezal daleč čez meje gimnazijskih zidov. Da je resen, strog, dosleden, nepopustljiv, natančen, to je vedel in okusil marsikdo. Bog ne daj, da si pozabil na rob, datum, da si napačno prepisal podatke, saj takih rezultatov ni upošteval ... &quot;Marinka, marinka, j‘di, što pa ne bo dojst, rodo, rodo ...&quot; so bile njegove priljubljene besede. Mogoče pa je bilo manj takih, ki so opazili njegovo dobrosrčno naravo, njegov notranji nasmeh in ubranost z okoljem. Navidezno nedostopen je bistro zrl v svet. Nič ni ušlo njegovim budnim očem, čeprav o tem, kar je vedel oziroma videl, ni prav veliko govoril. Profesor Danijel Vevar nas je, poleg večnih matematičnih resnic, aksiomov, izrekov, posledic le-teh, računanja ... naučil veliko več: predvsem reda in urejenosti, da mora vsak poskrbeti za svoje védenje, znanje in to tudi pokazati. Bil je dobra duša, vesten, srčen, dovtipen in šaljiv. Rad nam je (matematičnemu podmladku na šoli) svetoval, kako kakšno nerazumljivo matematično vsebino razložiti in približati dijakom. Da jo bodo lažje doumeli. Večkrat je za nas pripravil tudi strokovna predavanja, povezoval je različna področja. Njegova ljubezen je bil šah. Skorajda ni minil (glavni) odmor brez zagrizenih partij, dvobojev med njim in profesorji Stankom Lodrantom, Tonetom Sušnikom, Mihaelom Kodrinom ... Ob slovesu od spoštovanega in cenjenega Učitelja se lahko vprašamo: &quot;Quo vadis, Danijel Vevar?&quot; Morda nam odgovori: &quot;V globine neskončnosti, v svet matematičnih topologij, kjer se življenje nikoli ne konča, v svet lepote, kamor se stekajo vse dobre misli in dejanja.&quot;</article-text-transliterated>
	</article>
	<comments>
		<comments-count>0</comments-count>
		<comments-list/>
	</comments>
</document>
