<?xml version="1.0" encoding="utf-8"?>
<document global-id="si-04-1061">
	<url>https://www.vecer.com//201507306132510-6132510</url>
	<source-id>si-04</source-id>
	<local-id>1061</local-id>
	<source-name>Večer</source-name>
	<article>
		<article-title>Clarkson, May in Hammond se selijo na Amazonovo televizijo</article-title>
		<article-title-transliterated>Clarkson, May in Hammond se selijo na Amazonovo televizijo</article-title-transliterated>
		<article-time>2015-07-30</article-time>
		<article-author>spletno uredništvo, sta</article-author>
		<article-text>Britanski televizijski voditelj Jeremy Clarkson se, potem ko so ga vodilni na BBC &quot;brcnili&quot; iz legendarne avtomobilistične oddaje Top Gear, seli na televizijo spletnega velikana Amazona. Kot so danes sporočili iz Amazona, bo skupaj s sovoditeljema iz Top Geara, Jamesom Mayem in Richardom Hammondom, v kratkem začel snemati novo oddajo o avtomobilih. Oddaja še nima imena, snemati se bo začela &quot;v kratkem&quot;, na zaslone pa naj bi prišla prihodnje leto. Zaenkrat so dogovorjene tri sezone. Clarkson je novico komentiral z besedami, da se počuti, &quot;kot bi zlezel iz dvokrilca v vesoljsko ladjo&quot;. May je temu dodal še pripombo, da je ironično, da so prav oni trije postali &quot;del nove dobe pametne televizije&quot;. Ameriški Amazon je največji spletni trgovec na svetu. Ponudbo je v sklopu svojega naročniškega paketa Amazon Prime v minulih letih med drugim razširil s spletno televizijo oziroma video vsebinami na zahtevo, podobno Netflixu. Top Gear si je vsak teden ogledalo kakih 350 milijonov ljudi po vse svetu. Oddaja televizije BBC, ki jo je leta ustvarjal omenjeni voditeljski trojček, je bila najbolj gledana tako imenovana infotainment oddaja. Velik del zaslug za priljubljenost Top Gear je imel Clarkson, znan po tem, da je brez dlake na jeziku. Mnogi so ga hvalili kot zabavnega, iskrenega in ljudskega človeka, medtem ko so mu drugi očitali, da je neolikan, žaljiv in nestrpen. Postajal je vse bolj sporna figura, obenem pa se je zapletel v več sporov s producenti in vodstvom BBC. Slednje ga je na koncu tudi stalo voditeljstva, saj so ga konec marca odpustili zaradi fizičnega napada na producenta. BBC je nato junija sporočil, da sta se za odhod odločila tudi sovoditelja May in Hammond, Top Gear pa bo po novem vodil znan obraz in dolgoletni voditelj BBC Chris Evans.</article-text>
		<article-text-transliterated>Britanski televizijski voditelj Jeremy Clarkson se, potem ko so ga vodilni na BBC &quot;brcnili&quot; iz legendarne avtomobilistične oddaje Top Gear, seli na televizijo spletnega velikana Amazona. Kot so danes sporočili iz Amazona, bo skupaj s sovoditeljema iz Top Geara, Jamesom Mayem in Richardom Hammondom, v kratkem začel snemati novo oddajo o avtomobilih. Oddaja še nima imena, snemati se bo začela &quot;v kratkem&quot;, na zaslone pa naj bi prišla prihodnje leto. Zaenkrat so dogovorjene tri sezone. Clarkson je novico komentiral z besedami, da se počuti, &quot;kot bi zlezel iz dvokrilca v vesoljsko ladjo&quot;. May je temu dodal še pripombo, da je ironično, da so prav oni trije postali &quot;del nove dobe pametne televizije&quot;. Ameriški Amazon je največji spletni trgovec na svetu. Ponudbo je v sklopu svojega naročniškega paketa Amazon Prime v minulih letih med drugim razširil s spletno televizijo oziroma video vsebinami na zahtevo, podobno Netflixu. Top Gear si je vsak teden ogledalo kakih 350 milijonov ljudi po vse svetu. Oddaja televizije BBC, ki jo je leta ustvarjal omenjeni voditeljski trojček, je bila najbolj gledana tako imenovana infotainment oddaja. Velik del zaslug za priljubljenost Top Gear je imel Clarkson, znan po tem, da je brez dlake na jeziku. Mnogi so ga hvalili kot zabavnega, iskrenega in ljudskega človeka, medtem ko so mu drugi očitali, da je neolikan, žaljiv in nestrpen. Postajal je vse bolj sporna figura, obenem pa se je zapletel v več sporov s producenti in vodstvom BBC. Slednje ga je na koncu tudi stalo voditeljstva, saj so ga konec marca odpustili zaradi fizičnega napada na producenta. BBC je nato junija sporočil, da sta se za odhod odločila tudi sovoditelja May in Hammond, Top Gear pa bo po novem vodil znan obraz in dolgoletni voditelj BBC Chris Evans.</article-text-transliterated>
	</article>
	<comments>
		<comments-count>0</comments-count>
		<comments-list/>
	</comments>
</document>
