<?xml version="1.0" encoding="utf-8"?>
<document global-id="si-04-1485">
	<url>https://www.vecer.com//epilog-navijaskega-incidenta-rusa-pogojno-obsodili-in-ga-izgnali-iz-slovenije-6313498</url>
	<source-id>si-04</source-id>
	<local-id>1485</local-id>
	<source-name>Večer</source-name>
	<article>
		<article-title>Epilog navijaškega incidenta: Rusa pogojno obsodili in ga izgnali iz Slovenije</article-title>
		<article-title-transliterated>Epilog navijaškega incidenta: Rusa pogojno obsodili in ga izgnali iz Slovenije</article-title-transliterated>
		<article-time>2017-09-21</article-time>
		<article-author>Vesna Lovrec</article-author>
		<article-text>Navijaški incident, ki se je prejšnji teden v Mariboru zgodil pred nogometno tekmo med vijoličnimi in moskovskim Spartakom, je že dobil pravnomočni epilog, ruski navijač, 25-letni Andrei Martianov, ki je zaradi napada na policista posebne enote moral v pripor, pa je že na poti v domovino. Pa ne zato, ker očitanega ne bi bil storil, ampak zato, ker se je za dejanje pokesal, saj mu je za zapahi postalo jasno, da ponudba, ki mu jo je v zameno za priznanje po hitrem postopku dala na mizo Saška Lutarič, ne bo dolgo aktualna. Po posvetovanju z odvetnikom Matejem Pirihom se je odločil, da jo bo zagrabil, dokler je še vroča in v sredo je s tožilko podpisal sporazum, da pristaja na pogojno kazen enega leta zapora s preizkusno dobo petih let in tudi  na stransko kazen petletnega izgona iz Slovenije. Zgovorni tatuji na navijaču Tožilka je obtožnico proti Rusu vložila neposredno, že dan po pripornem naroku (minulo soboto). V njej ga je obremenila, da je policista napadel s hrbtne strani v križišču Prežihove ulice in Gosposvetske ceste, še preden se je tekma v Ljudskem vrtu sploh pričela. Policista je udaril v glavo in po obrazu, obstaja verjetnost, da bo modrouniformirani zaradi tega izgubil sprednji zgornji zob. Policisti ruskega razgreteža niso prijeli neposredno po napadu, ker jim je zbežal. Ni pa za modrouniformirani dolgo ostal neznanec. Kot smo izvedeli neuradno, sta ga dva policista prepoznala s pomočjo video-nadzornih kamer, nameščenih v Ljudskem vrtu, in ko je že zapustil stadion, so ga ob 23.17 prijeli. Kazenski spis zoper navijača moskovskega Spartaka je Okrožno sodišče v Mariboru dodelilo Barbari Nerat, ki je predobravnavni narok zoper mladega ruskega državljana razpisala v trenutku, ko so ji iz tožilstva poslali podpisani sporazum o priznanju krivde. &quot;Izjemno hitro postopamo v vašem primeru,&quot; je Neratova danes točno opoldne dala vedeti obtoženemu ruskemu državljanu, ko so ga pravosodni policisti vklenjenega privedli na sodišče. Mladenič, ki je moskovskemu Spartaku zvestobo potrdil s tem, da ima na hrbtu tetoviran navijaški slogan &quot;zmaga ali smrt&quot;, na nogi pa špartanske bojevnike, je prikimal vsakemu njenemu stavku, prevajala mu jih je tolmačka za ruski jezik, sodnica pa je vsakič, ko je obtoženi rekel ja ali prikimal, še enkrat preverila, če res razume pravni pouk in posledice priznanja. Andrei Martianov je kimal kot po tekočem traku, sodnici je rekel, da dejanje obžaluje in jo prosil za čimprejšnjo izpustitev iz pripora. V Moskvi ima ženo in triletnega otroka, skrbelo ga je tudi za službo, ker ne ve, ali mu bo delodajalec lahko odpustil teden neupravičenega izostanka. Viole poskrbele za navijaški precedens O tem, da bo sodišče sledilo dogovoru v sporazumu, ni bilo nobenega dvoma, pa vendar je Neratova, preden je Rusu izrekla obsodilno sodbo in stransko kazen petletnega izgona tujca iz države, morala preveriti, kako si obtoženi predstavlja vrnitev domov. Še preden ji je ta odgovoril, je na klopi, namenjeni javnosti, dvignil roko znani pripadnik viol Roman Križnjak in poskrbel za navijaški precedens. Še prejšnji teden so se viole na mariborskih ulicah udarile z navijači Spartaka, zdaj pa so priporniku priskočile na pomoč. &quot;Jaz in moja partnerka bomo poskrbeli za to. Pripravljena sva ga odpeljati do katerekoli meje. Naredila bova tako, kot boste odločili vi. V stiku sva tudi z vodjo konzularnega oddelka veleposlaništva ruske federacije Alexeyem Abramovom,&quot; se je oglasil Križnjak in sodnici zdrdral urnike za letalske lete proti Moskvi. Ko je viola izjavil, da je pripravljen navijača za eno noč vzeti tudi pod svojo streho in z varščino garantirati, da mu ne bo pobegnil oziroma da mu ne bo pomagal pri begu, je vsa dvorana prasnila v smeh s sodnico vred. Pričakovano sodnica niti violi niti navijaču moskovskega Spartaka ni slepo zaupala. &quot;Ne morem slediti temu predlogu, da bi vas sodišče zaupalo prijateljem, glede na okoliščino, da je Roman Križnjak ustanovitelj navijaškega kluba Viole in predstavnik navijačev, ki so bili prejšnji teden vaši nasprotniki,&quot; je Neratova pojasnila, zakaj Martianov danes ne more prespati pri Križnjaku in nadaljevala, da bo ukrep pripora za obtoženega veljal do trenutka, ko ga bodo policisti pripeljali na mejni prehod Gruškovje. &quot;Že danes bomo uredili, da se vas s pomočjo policistov izžene iz Slovenije. Prijatelja, ki sta vam ponudila pomoč, pa vas lahko prevzameta na Gruškovju in vas odpeljeta v Beograd, da boste že to noč ujeli let za Moskvo,&quot; je odločila sodnica in razglasila, da je sodba zoper 25-letnega navijača, ki je priznal kaznivo dejanje napada na policista, za kar je predpisana kazen do pet let zapora, pravnomočna, ker sta se tako tožilstvo kot obramba odpovedali pravici do pritožbe.  Napadeni policist terjal 3900 evrov odškodnineNad dejstvom, da se je ruski navijač odgovornosti rešil s pogojno sodbo in petletno preizkusno dobo, ki je itak ne bo mogel prekršiti, glede na to, da se pet let ne sme vrniti v Slovenijo, prav gotovo ni navdušen policist Gregor B., ki jo je skupil po zobeh in bo najverjetneje sprednji zgornji zob tudi izgubil. Kot oškodovanec je v kazenskem postopku zoper Rusa priglasil premoženjski zahtevek v višini 3900 evrov in sodišču preko pooblaščenca Slavka Vesenjaka predlagal, naj o zahtevku odloči takoj oziroma, naj oškodovanec dokaže obžalovanje s tem, da mu povrne vsaj del zahtevane odškodnine. &quot;Oškodovanec pripominja, da je pomembno, da sodišče odloči o premoženjskem zahtevku, morda tudi ob upoštevanju posebnega pogoja. Glede na to, da je obtoženi ruski državljan, je verjetnost poplačila v civilnem postopku majhna, če bo obtoženi izgnan iz Slovenije, pa skoraj nična,&quot; je na zapisnik narekoval odvetnik Vesenjak. A sodišče predlogu ni sledilo, če bi mu, bi s tem prešlo okvirje podpisanega sporazuma o priznanju krivde. Tako je oškodovanemu policistu ostalo le, da od tujca zahtevano izterja s tožbo.</article-text>
		<article-text-transliterated>Navijaški incident, ki se je prejšnji teden v Mariboru zgodil pred nogometno tekmo med vijoličnimi in moskovskim Spartakom, je že dobil pravnomočni epilog, ruski navijač, 25-letni Andrei Martianov, ki je zaradi napada na policista posebne enote moral v pripor, pa je že na poti v domovino. Pa ne zato, ker očitanega ne bi bil storil, ampak zato, ker se je za dejanje pokesal, saj mu je za zapahi postalo jasno, da ponudba, ki mu jo je v zameno za priznanje po hitrem postopku dala na mizo Saška Lutarič, ne bo dolgo aktualna. Po posvetovanju z odvetnikom Matejem Pirihom se je odločil, da jo bo zagrabil, dokler je še vroča in v sredo je s tožilko podpisal sporazum, da pristaja na pogojno kazen enega leta zapora s preizkusno dobo petih let in tudi  na stransko kazen petletnega izgona iz Slovenije. Zgovorni tatuji na navijaču Tožilka je obtožnico proti Rusu vložila neposredno, že dan po pripornem naroku (minulo soboto). V njej ga je obremenila, da je policista napadel s hrbtne strani v križišču Prežihove ulice in Gosposvetske ceste, še preden se je tekma v Ljudskem vrtu sploh pričela. Policista je udaril v glavo in po obrazu, obstaja verjetnost, da bo modrouniformirani zaradi tega izgubil sprednji zgornji zob. Policisti ruskega razgreteža niso prijeli neposredno po napadu, ker jim je zbežal. Ni pa za modrouniformirani dolgo ostal neznanec. Kot smo izvedeli neuradno, sta ga dva policista prepoznala s pomočjo video-nadzornih kamer, nameščenih v Ljudskem vrtu, in ko je že zapustil stadion, so ga ob 23.17 prijeli. Kazenski spis zoper navijača moskovskega Spartaka je Okrožno sodišče v Mariboru dodelilo Barbari Nerat, ki je predobravnavni narok zoper mladega ruskega državljana razpisala v trenutku, ko so ji iz tožilstva poslali podpisani sporazum o priznanju krivde. &quot;Izjemno hitro postopamo v vašem primeru,&quot; je Neratova danes točno opoldne dala vedeti obtoženemu ruskemu državljanu, ko so ga pravosodni policisti vklenjenega privedli na sodišče. Mladenič, ki je moskovskemu Spartaku zvestobo potrdil s tem, da ima na hrbtu tetoviran navijaški slogan &quot;zmaga ali smrt&quot;, na nogi pa špartanske bojevnike, je prikimal vsakemu njenemu stavku, prevajala mu jih je tolmačka za ruski jezik, sodnica pa je vsakič, ko je obtoženi rekel ja ali prikimal, še enkrat preverila, če res razume pravni pouk in posledice priznanja. Andrei Martianov je kimal kot po tekočem traku, sodnici je rekel, da dejanje obžaluje in jo prosil za čimprejšnjo izpustitev iz pripora. V Moskvi ima ženo in triletnega otroka, skrbelo ga je tudi za službo, ker ne ve, ali mu bo delodajalec lahko odpustil teden neupravičenega izostanka. Viole poskrbele za navijaški precedens O tem, da bo sodišče sledilo dogovoru v sporazumu, ni bilo nobenega dvoma, pa vendar je Neratova, preden je Rusu izrekla obsodilno sodbo in stransko kazen petletnega izgona tujca iz države, morala preveriti, kako si obtoženi predstavlja vrnitev domov. Še preden ji je ta odgovoril, je na klopi, namenjeni javnosti, dvignil roko znani pripadnik viol Roman Križnjak in poskrbel za navijaški precedens. Še prejšnji teden so se viole na mariborskih ulicah udarile z navijači Spartaka, zdaj pa so priporniku priskočile na pomoč. &quot;Jaz in moja partnerka bomo poskrbeli za to. Pripravljena sva ga odpeljati do katerekoli meje. Naredila bova tako, kot boste odločili vi. V stiku sva tudi z vodjo konzularnega oddelka veleposlaništva ruske federacije Alexeyem Abramovom,&quot; se je oglasil Križnjak in sodnici zdrdral urnike za letalske lete proti Moskvi. Ko je viola izjavil, da je pripravljen navijača za eno noč vzeti tudi pod svojo streho in z varščino garantirati, da mu ne bo pobegnil oziroma da mu ne bo pomagal pri begu, je vsa dvorana prasnila v smeh s sodnico vred. Pričakovano sodnica niti violi niti navijaču moskovskega Spartaka ni slepo zaupala. &quot;Ne morem slediti temu predlogu, da bi vas sodišče zaupalo prijateljem, glede na okoliščino, da je Roman Križnjak ustanovitelj navijaškega kluba Viole in predstavnik navijačev, ki so bili prejšnji teden vaši nasprotniki,&quot; je Neratova pojasnila, zakaj Martianov danes ne more prespati pri Križnjaku in nadaljevala, da bo ukrep pripora za obtoženega veljal do trenutka, ko ga bodo policisti pripeljali na mejni prehod Gruškovje. &quot;Že danes bomo uredili, da se vas s pomočjo policistov izžene iz Slovenije. Prijatelja, ki sta vam ponudila pomoč, pa vas lahko prevzameta na Gruškovju in vas odpeljeta v Beograd, da boste že to noč ujeli let za Moskvo,&quot; je odločila sodnica in razglasila, da je sodba zoper 25-letnega navijača, ki je priznal kaznivo dejanje napada na policista, za kar je predpisana kazen do pet let zapora, pravnomočna, ker sta se tako tožilstvo kot obramba odpovedali pravici do pritožbe.  Napadeni policist terjal 3900 evrov odškodnineNad dejstvom, da se je ruski navijač odgovornosti rešil s pogojno sodbo in petletno preizkusno dobo, ki je itak ne bo mogel prekršiti, glede na to, da se pet let ne sme vrniti v Slovenijo, prav gotovo ni navdušen policist Gregor B., ki jo je skupil po zobeh in bo najverjetneje sprednji zgornji zob tudi izgubil. Kot oškodovanec je v kazenskem postopku zoper Rusa priglasil premoženjski zahtevek v višini 3900 evrov in sodišču preko pooblaščenca Slavka Vesenjaka predlagal, naj o zahtevku odloči takoj oziroma, naj oškodovanec dokaže obžalovanje s tem, da mu povrne vsaj del zahtevane odškodnine. &quot;Oškodovanec pripominja, da je pomembno, da sodišče odloči o premoženjskem zahtevku, morda tudi ob upoštevanju posebnega pogoja. Glede na to, da je obtoženi ruski državljan, je verjetnost poplačila v civilnem postopku majhna, če bo obtoženi izgnan iz Slovenije, pa skoraj nična,&quot; je na zapisnik narekoval odvetnik Vesenjak. A sodišče predlogu ni sledilo, če bi mu, bi s tem prešlo okvirje podpisanega sporazuma o priznanju krivde. Tako je oškodovanemu policistu ostalo le, da od tujca zahtevano izterja s tožbo.</article-text-transliterated>
	</article>
	<comments>
		<comments-count>0</comments-count>
		<comments-list/>
	</comments>
</document>
