<document global-id="si-04-1069"><url>https://www.vecer.com//cristina-battocletti-politiki-ki-mislijo-da-je-kultura-nicvredna-bodo-ubili-narod-10004844</url><source-id>si-04</source-id><local-id>si-04-1069</local-id><source-name>Večer</source-name><article><article-title>Cristina Battocletti: "Politiki, ki mislijo, da je kultura ničvredna, bodo ubili narod"</article-title><article-title-transliterated>Cristina Battocletti: "Politiki, ki mislijo, da je kultura ničvredna, bodo ubili narod"</article-title-transliterated><article_time>2019-05-07</article_time><article-author>Kristina Božič</article-author><article-text>Na začetku romana Hudičevo ogrinjalo govorite o domovini – heimatu. V današnjih časih nosi ta beseda tudi težke zvene izključevanja. Kaj vam pomeni?
Zame ni nič podobnega občutenjem, ki me spremljajo, ko sem v Furlaniji Julijski Krajini. Gre za občutek žalosti in sreče hkrati. Za zelo globok občutek. Je kot potres. Ko sem na avtocesti in potujem iz Veneta domov ter prečkam reko, vedno – če sem sama ali s hčerkama – zapojem smešno pesem o Furlaniji, ki jo pojejo tudi nogometni navijači. To je šala, ki pove, da smo doma. Nato se izriše obris gora... po sreči me preplavi občutek žalosti. Otroštvo ni nikoli linearno. Raste v meni in se dviguje vsakič znova na različne načine – odvisno od dogodkov iz vsakdana v Milanu.
A mej je več. In ko prestopam te meje vračanja domov, postanem spet isti otrok. Žalost. Knjiga je polna nostalgije. Je poklon otroštvu in očetu, zahvala za vse, česar me je naučil. Oče je bil glavni lik mojega otroštva. Umrl je, ko sem imela 13 let. Danes, štiri leta po tem ko je knjiga prvič izšla, razumem, da sem z njo zapolnila občutek nostalgije po letih, ko je bil oče še z menoj. Naučil me je odnosa z naravo, naučil me je toliko reči: kako voziti kolo, kako plavati – telo je zame pomembno, saj skozenj živim, doživljam naravo, izleti v gore so vedno duhovno bogastvo. Rada imam Matajur in druge gore okoli Čedada.
A knjigo ste posvetili hčerkama.
Da. Naslednjo, biografijo o Bobiju, Robertu Bazlenu, literarnemu kritiku in pisatelju iz Trsta, pa sem posvetila očetu. Držal je moje kolo, ko sem se ga učila voziti. Držal ga je, ko sem že vozila sama, a sem vseeno potrebovala občutek varnosti, moči in gotovosti. Naučil me je, kako biti zvesta in iskrena idealom. Bil je komunist, ki je resnično verjel v ideale.
V kakšne ideale?
V komunizem. A to ni bil komunizem Tita. S prijatelji je resnično verjel, da bi Italija lahko bila drugačna. Skoraj je šlo za religijo, a v resnici so bili popolnoma zavezani etiki: da si dober do tujca, ki ga srečaš in ti stoji nasproti. Da poskušaš pomagati tistim, ki niso tako srečni, kot si sam. Vem, da je imela moja družina srečo: moj oče in njegov oče sta bila odvetnika. Bili smo relativno bogati, malomeščanska družina. V Parizu in Milanu bi se nam smejali, a v Čedadu smo bili bogati in nekaj časa me je bilo tega sram. Zdelo se mi je, da bi se morala boriti za svojo izobrazbo. A če se vrnem na začetno vprašanje – vrnitev v Furlanijo je zame napol žalost in napol sreča. Sreča, ko vstopim v hišo, ki je še vedno ista hiša mojega otroštva.
Prevelika?
Da. A zelo lepa, s številnimi stopnišči in mnogimi sobami, ki se jih ni uporabljalo. Ki niso imele nobenega pomena. Z njimi se je zapravljalo prostor za nič: imeli smo tri jedilnice, a vedno jedli v eni. To je bila hiša mojega deda, v kateri so živele štiri družine. Ko so vsi umrli in je hiša prešla na mojega očeta, je postala zelo velika za le šest ljudi. Bila je strašljiva. Podstrešje je bilo prazno. Tam je bila le zastava, ki se jo je obesilo na državne praznike – na dan osvoboditve, 25. aprila ali na prvi maj – in nekaj starodavnih reči od nona. Tja smo se pritihotapili s prijatelji, tekali naokoli in nato zbežali, ko je kaj sumljivo zaropotalo. Danes je drugačna, v njej je več veselih kot žalostnih občutij. Tam živijo mama in brat z družino, hiša je polna veselja in otrok. Pred leti sem vzela očetove stvari, arhive in zapise ter jih odnesla v Milano, da jih bom arhivirala in prepustila kot zapuščino meni poznane zgodbe. V tem sta zame Čedad in hiša še vedno čarobna kraja. In prepričana sem, da lahko to čarobnost začutijo tudi drugi. Veliko stvari, tudi čudnih reči, se je tam zgodilo.


"Religije so mrtve ali umirajo. Ljudje ne morejo več verjeti v politične ideje in ideale, saj obstaja le režim potrošništva. Probleme in žalost se rešuje z nakupi. Nihče v družbi ti več ne dovoli biti človek, razen morda v zasebni sferi."



A dom, kot gre razbrati iz vašega romana, ni le vrnitev v varnost, ampak tudi v pretekle hierarhije, v odnose, v katerih je veliko krivic, mačizmov, verovanj v zarote, a tudi idealov... Kaj je ostalo od vrednot, o katerih vas je učil vaš oče?
Vrednote so se popolnoma spremenile. V družbi danes ne najdem in ne prepoznam več ničesar od stvari, ki me jih je naučil. Ljudje smo zgolj še potrošniki. Mladi nimajo razumevanja vrednot in idealov, kot sem ga imela sama. Ne verjame se več v idealizem. Kot da ni več mogoče. Po drugi svetovni vojni je bila ta vera mogoča in živa. Prihodnost se je zdela popolnoma drugačna od obetov danes. Vem, da sem zelo srečna. Lahko sem naredila, kar sem želela. Morda je šlo za naključja in srečo, a sem tudi trdo delala. Italija ostaja zelo mačistična družba. V podjetjih ženske še vedno nimajo enakih položajev kot moški niti plač. V Jugoslaviji ste imeli socializem in bilo je drugače. V Italiji je prevladoval močan katolicizem, ki vpliva na miselnost. Ženske so še vedno močno zadaj in to ni pogojeno z izobrazbo. Gre za družbene vzorce, ki ne dopustijo, da bi ženske prevzele glavne vloge. Temu moramo dodati še izključevanje mlajših. V Furlaniji je obstajal mačizem in prepričanje o večvrednosti vseh, ki so bili vsaj srednjih let.
​Roman opisuje, kako se poišče grešne kozle, ki morajo nositi krivdo za vse grehe mesta. Število umorov, ki se zgodijo, je surrealno, a ko umanjka racionalna razlaga, postane krivec hudič. Iracionalnost v nas prevlada. Hudič pa je vedno najbolj ranljiv in krhek človek v skupnosti. Spomnim se someščana, ki je pisal svojo poezijo na kamne. Podobno kot v šintoizmu, kjer se stvari uniči, da nič ne ostane. A je za seboj pustil zapuščino – generaciji pred mano in moji generaciji. Bil je popolnoma samosvoj, neulovljiv in neobvladljiv. Ko je umrl, so vse trgovine spustile žaluzije. Čedad je bil mesto z 12 000 prebivalci in 1000 vojaki. Italija se je bala socializma, komunistična stranka je bila močna. Bilo je smešno, a tega vzdušja strahu se spomnim.
Povedali ste, da vam je oče pojasnil tudi o delovanju Gladia, skupine, ki jo je podpirala ameriška Cia v boju proti komunističnim in socialističnim idejam. Kaj ste vedeli?
Da gre za desničarsko gibanje in organizacijo, ki je delovala in nadzorovala, da Italija ne bi postala del socialističnega bloka. Spomnim se, da mi je mama kasneje povedala, da je imel oče tri skrivališča, kamor bi se skril, če bi prišlo do vojaškega udara. Leta 1970 je Junio Valerio Borghese poskusil narediti udar, a mu ni uspelo. Ob meji je bil nenavaden kos države – bili smo meja z Balkanom in Jugoslavijo, zgodovinsko pa je ljudi razdvojil fašizem. Bili smo regionalna posebnost – najbolj čudni in zagotovo tudi bolj sumljivi kot tisti, ki so živeli ob meji s Švico in Francijo.
Kaj pa regije na jugu?
Te niso imele meje. Tam je morje, ki je postalo meja zdaj. Kraji, ki mejijo na nekaj tujega. Vseskozi me je zanimalo, zakaj se ni govorilo o življenjih ljudi na meji z Jugoslavijo, o njihovi resničnosti. Kasneje sem dobila nekaj takih knjig v roke, ko sem pisala Hudičevo ogrinjalo, pa sem čutila, da moram zmešati resničnost s fikcijo. Morda to ni resničnost, a je kar je občutil otrok.
Je vaš oče čutil pritiske, ker je bil komunist?
Bil je nepomemben član male provincialne politične skupine. Spomnim se časov pred volitvami, ko so imeli javne nagovore in je bil trg bolj ali manj prazen. Imel je štiri, pet prijateljev, s katerimi so se vsako soboto in nedeljo srečevali in debatirali, kako bi človeštvo lahko napredovalo. Resnično so verjeli v napredek. In da so del tega motorja prihodnosti. To je izjemen občutek, ki ga ne poznam. Trudim se po najboljših močeh, a oni so verjeli v nekaj več in mislim, da so tu ob meji to verjeli še bolj kot drugod.
Na lanskih lokalnih volitvah je večino v regiji dobila Liga skupaj z Brati Italije in Gibanjem petih zvezdic. Vas je to presenetilo?
Družba se je zelo spremenila. Levica nima voditelja. Demokratična stranka pod Matteom Renzijem je uporabila enake marketinške prijeme kot Silvio Berlusconi, levih volivcev pa ne moreš nagovoriti in prepričati s taktiko, ki so jo pred tem prepoznali za zlo. Berlusconi je spremenil italijansko družbo prek televizije in svojih oddaj. Kot da je zasejal virus. Uspeha posameznika, individualnih zgodb ljudi, ki jim je uspelo. A pomembnejša kot posamezne zgodbe o uspehu sta uspeh in napredek družbe kot celote. Berlusconi je vsakemu ponudil sanje, da mu bo morda uspelo. Grozljiv je tudi vpliv, ki ga je imel na žensko telo – ženske so postale kos mesa. Začel je s prodajo čustev na televiziji, kar danes prevladuje povsod. Ko je izgubil na volitvah, smo verjeli, da je prišlo do spremembe, a te ni bilo. Nato je prišlo Gibanje petih zvezd, ki je zelo populistično. Pomen izobrazbe in razgledanosti so izničili. Sedaj so sklenili zavezništvo z Ligo, ki ima vrednote, ki so enake rasizmu. Trdijo, da so edini problem Italije migracije. Ni problemov v gospodarstvu, v EU, ni javnega dolga niti revščine. Problem je le to, da ljudje prihajajo v italijanska pristanišča. Znotraj EU mora obstajati solidarnost, a ne moremo pričakovati, da bomo lahko ustavili ljudi, ki bežijo. Iščejo možnost dostojnega življenja, bežijo pred nasiljem in vojnami. Zapiranje pristanišč je kratkoročen ukrep. A ne vem, kaj se bo zgodilo na evropskih volitvah in kam vse skupaj gre.


"Zato je kultura bolj pomembna kot kdajkoli – ne potrebujemo navideznih in preprostih odgovorov, ampak iskrene razmisleke, ki odražajo zapletenost sveta, v katerem živimo."



Pišete o pomenu literarnega jezika, ki je neprimerno bogatejši od preprostega in privlačnega jezika zabavnih vsebin, o tem, kako družbe iščejo grešne kozle, če verjamejo v zarote, ste urednica kulturne priloge Domenica časopisa Il sole 24 ore. Kaj se je zgodilo z vlogo, ki jo ima v družbi kultura?
Sama se to pogosto sprašujem. V Domenici predstavljamo zelo raznolike glasove, od predstavnikov rimo-katoliške cerkve do umetnikov in znanstvenikov. Veljamo za resen časopis. Upam, da bo tako ostalo, četudi imamo težave, saj smo priloga finančnega dnevnika. Ustanovljeni smo bili pred šestintridesetimi leti z namenom, da se ponudi hrano za možgane bralcev. In za njihovo dušo. Doživeli smo izjemen uspeh in prepričana sem, da se kvaliteta ne bo nikoli končala. Vedno bodo obstajali bistri, inteligentni, poglobljeno razmišljujoči in iskreni ljudje širokih pogledov, ki se bodo upirali temu, da bi bili izumetničeni in narejeni. Vedno. Morda jih bo v nekem trenutku le peščica, a nato jih bo spet več. Trenutno smo v času, ko jih je vse manj. Skrbi me, kako daleč lahko nazadujemo. A sem prepričana, da boste nagrajeni, če ljudem ponudite nekaj dobrega in kvalitetnega.
Sodelovala sem na kar nekaj festivalih. Težava, ki jo vidim, je, da ljudje želijo le biti tam, se pokazati. Digitalizacija je ljudi osamila, želijo si stika in mnogi pridejo zato. Ne vem, koliko zares slišijo in o povedanem razmišljajo. Kultura hkrati postaja spektakel. Na dogodkih sodelujejo eni in isti obrazi, ki so zabavljaški in pišejo na preprost način. A kultura naj nam bi pomagala razmišljati o vse bolj zapletenih odnosih.
​Kultura mora biti dostopna vsem in država mora kulturnemu ustvarjanju namenjati denar. Težava je, da se zdaj kulturo rado povezuje z elitami. Prostor spoštovanja je nadomestilo sovraštvo. Ljudje imajo zelo nenavadne ideje – da so sodelujoči v informativnih oddajah plačani, da nastopijo, da novinarjem ni treba plačati za nič, saj nas vedno vabijo in za nas plačujejo drugi. Te laži me zelo razjezijo. Vem, da se naše družbe vse bolj razslojujejo. A kultura je kot javno zdravje. ​Po drugi svetovni vojni sta v Milanu leta 1947 Giorgio Strehler in Paolo Grassi ustanovila gledališče Piccolo Teatro. Na oder sta z mestnim in nato državnim denarjem postavila dela, ki jih nikoli prej nismo videli v Italiji. S svojim ustvarjanjem sta spremenila panoramo mesta in Milano še vedno velja za avantgardo gledališča. Danes ljudje pravijo, dajte nam raje hrane, kot da država financira kulturo. Zagotovo sta hrana za preživetje in zdravstvo prioriteta, a tudi kultura je hrana za človeško dušo in ne more priti na vrsto šele kasneje. Kultura je življenje. Imamo izjemne slikarje in pisatelje, dediščino celine, ki jo nosimo v sebi. V Italiji tudi največji revež ve, kdo je Giuseppe Verdi – marsikje po svetu je to znak svetovljanstva. Zato je kultura bolj pomembna kot kdajkoli – ne potrebujemo navideznih in preprostih odgovorov, ampak iskrene razmisleke, ki odražajo zapletenost sveta, v katerem živimo. Ljudje vemo, ali je pred nami nekaj, kar je resnično. Vsak lahko nekaj časa ohranja šov, a ljudje prepoznamo igro in neiskrenost. Ne vem, ali so vsi kulturni dogodki, ki jih imamo danes, tisto pravo. Vem pa, da bodo politiki, ki mislijo, da je kultura ničvredna, ubili narod.
Kaj je torej kultura?
Iskrenost. Tako ustvarjalcev kot kulturnih novinarjev. Premišljenost in poglobljenost. Zakaj so delavci želeli študirati po drugi svetovni vojni? Zakaj so se učili ob večerih ob svečah? Zakaj so želeli, da gredo njihovi otroci v šole? Ker so želeli, da bi živeli boljša življenja. Izgubljeno je to spoštovanje – do kulturnega in kultiviranega. Morda je to tudi posledica nespoštljivega odnosa, ki so ga ljudje, ki naj bi bili ljudje kulture, kazali. To je dobro prikazal švedski film Kvadrat Rubena Östlunda, nagrajenec Cannesa in nominiranec za tujejezičnega oskarja. Neiskrenost in površno delo imata visoko ceno. Ločiti moramo zabavo od kulture. Z zabavo ni nič narobe, a ni kultura. Moramo biti iskreni. Ločiti očaranost od resnične kvalitete, pisati brez strahu, da bomo nekoga užalili in bo zato maščevalen.
Kje najdete kulturo, romane, ki vam pomagajo razumeti svet? Se vračate h knjigam, ki vam jih je bral oče?
Oče mi ni nikoli rekel, kaj naj berem. Mama mi je dala v roke nekatere klasike, a skozi knjige me je gnala radovednost. Očarana sem bila nad ruskimi pisatelji – zdelo se mi je, da najbolje vidijo in razumejo naše duše. Ko sem odraščala, sem imela občutek, da je okolje, ki me obkroža, deževno, sivo, žalostno – izjema je bila veličastnost narave.
Zakaj je bilo okolje žalostno?
Čedad? Ker je bil zelo reven kraj z izjemo nekaterih družin, vključno z našo. Celotna regija je bila zelo revna, pokrajina emigracije. To se je začelo spreminjati šele s potresom leta 1976. Za preživele se je izkazalo, da je bil potres srečen dogodek, saj je Italija nenadoma postala pozorna tudi na našo regijo. Ker ni bilo mafije ali drugih kriminalnih združb, je bil denar za obnovo res porabljen za obnovo hiš in nove začetke obrtništva. A bilo je žalostno. Zdelo se je, da živimo na koncu sveta. Bilo je čarobno in lepo, a odmaknjeno. Napetost, ki jo je prinesla hladna vojna ter bližina meje, se je zajedla v ljudi in nato v otroke. Sedaj ni več tako. Več je občutka svobode. A meja je družine, v katerih so skupaj živeli Furlani in Slovenci, ločila. Dediščina fašizma je postala nezavedni rasizem. Italijani proti Slovencem.







Maria Cristina Vimercati ”Ljudje vemo, ali je pred nami nekaj, kar je resnično. Vsak lahko nekaj časa ohranja šov, a ljudje prepoznamo igro in neiskrenost,” pravi avtorica v slovenščino prevedenega romana Hudičevo ogrinjalo.



Kako ste kot otrok razumeli mejo? Pravite, da ste jo z očetom pogostokrat prečkala.
Da, dvakrat na teden sva šla z očetom na drugo stran. Zame je bilo to nekaj zabavnega in čarobnega. Nič nisem vedela o Golem otoku, vedela sem le, da grem v deželo, kjer se je socializem uresničeval. Bila sem mala komunistka, visoka meter in deset centimetrov. Stražarji so me fascinirali. Bili so visoki, neobičajno veliki. Še vedno se spomnim obraza enega od njih. V Jugoslaviji sva šla v mesnico in po mleko. Fructal je bil tam in Cockta, ki si jo še vedno naročim vsakič, ko pridem v Slovenijo. Ti obiski so pustili na meni globoke vtise. Ko sem začela delati kot novinarka, sta me zanimali predvsem literatura in zgodovina Balkana. Ti kraji so zame imeli v sebi čisto čarobnost.
Meje so danes postale manj vidne, a hkrati se jih utrjuje - gradi se fizične žičnate ograde, meje pa se na novo vzpostavljajo tudi znotraj družb in v glavah ljudi. Vi o tem pišete, čeprav ne pišete o mejah.
Mislim, da mora biti v literaturi tudi nekaj psihoanalize. (smeh) Imamo velik problem, saj ljudje nimajo več ničesar, v kar bi zares verjeli in čemur bi zaupali. Religije so mrtve ali umirajo. Ljudje ne morejo več verjeti v politične ideje in ideale, saj obstaja le režim potrošništva. Probleme in žalost se rešuje z nakupi. Nihče v družbi ti več ne dovoli biti človek, razen morda v zasebni sferi. Vidim veliko osamljenosti – tudi zaradi vseh tehnoloških naprav. Brez političnih idej, idealov ali verskih skupnosti, se lahko počutimo zelo osamljene in hitro postanemo cinični, če ne najdemo pravih prijateljev. Zato je v ljudeh veliko besa in obupa, ki ju moramo nekam usmeriti. Politiki nam zato ponujajo sovražnika. In govorijo o mejah. O še višjih in še bolj neprodušnih ograjah. Nekoč so obstajale meje med političnimi idejami. Teh danes ni več. Mislim, da trenutno niti ne razumemo, v kako zelo slabem stanju smo ljudje. Imamo hrano, velike količine oblek, lahko kupimo in gremo kamorkoli, če imamo denar. A v nas je vseeno bes, ker ne moremo več v nič zares verjeti onkraj morda individualnih ljubezni. Tudi zato se moramo učiti in moramo brati. Brez tega bomo vse bolj ozkogledi – meje in vse višji zidovi se bodo pojavili v glavah. In to lahko postane tudi način, s pomočjo katerega si bodo nekateri prisvajali oblast. Podobno kot v mojem Čedadu – tam najvišjo mejo in zid postavijo proti in okoli najbolj ranljivega prebivalca mesta.</article-text><article-text-transliterated>Na začetku romana Hudičevo ogrinjalo govorite o domovini – heimatu. V današnjih časih nosi ta beseda tudi težke zvene izključevanja. Kaj vam pomeni?
Zame ni nič podobnega občutenjem, ki me spremljajo, ko sem v Furlaniji Julijski Krajini. Gre za občutek žalosti in sreče hkrati. Za zelo globok občutek. Je kot potres. Ko sem na avtocesti in potujem iz Veneta domov ter prečkam reko, vedno – če sem sama ali s hčerkama – zapojem smešno pesem o Furlaniji, ki jo pojejo tudi nogometni navijači. To je šala, ki pove, da smo doma. Nato se izriše obris gora... po sreči me preplavi občutek žalosti. Otroštvo ni nikoli linearno. Raste v meni in se dviguje vsakič znova na različne načine – odvisno od dogodkov iz vsakdana v Milanu.
A mej je več. In ko prestopam te meje vračanja domov, postanem spet isti otrok. Žalost. Knjiga je polna nostalgije. Je poklon otroštvu in očetu, zahvala za vse, česar me je naučil. Oče je bil glavni lik mojega otroštva. Umrl je, ko sem imela 13 let. Danes, štiri leta po tem ko je knjiga prvič izšla, razumem, da sem z njo zapolnila občutek nostalgije po letih, ko je bil oče še z menoj. Naučil me je odnosa z naravo, naučil me je toliko reči: kako voziti kolo, kako plavati – telo je zame pomembno, saj skozenj živim, doživljam naravo, izleti v gore so vedno duhovno bogastvo. Rada imam Matajur in druge gore okoli Čedada.
A knjigo ste posvetili hčerkama.
Da. Naslednjo, biografijo o Bobiju, Robertu Bazlenu, literarnemu kritiku in pisatelju iz Trsta, pa sem posvetila očetu. Držal je moje kolo, ko sem se ga učila voziti. Držal ga je, ko sem že vozila sama, a sem vseeno potrebovala občutek varnosti, moči in gotovosti. Naučil me je, kako biti zvesta in iskrena idealom. Bil je komunist, ki je resnično verjel v ideale.
V kakšne ideale?
V komunizem. A to ni bil komunizem Tita. S prijatelji je resnično verjel, da bi Italija lahko bila drugačna. Skoraj je šlo za religijo, a v resnici so bili popolnoma zavezani etiki: da si dober do tujca, ki ga srečaš in ti stoji nasproti. Da poskušaš pomagati tistim, ki niso tako srečni, kot si sam. Vem, da je imela moja družina srečo: moj oče in njegov oče sta bila odvetnika. Bili smo relativno bogati, malomeščanska družina. V Parizu in Milanu bi se nam smejali, a v Čedadu smo bili bogati in nekaj časa me je bilo tega sram. Zdelo se mi je, da bi se morala boriti za svojo izobrazbo. A če se vrnem na začetno vprašanje – vrnitev v Furlanijo je zame napol žalost in napol sreča. Sreča, ko vstopim v hišo, ki je še vedno ista hiša mojega otroštva.
Prevelika?
Da. A zelo lepa, s številnimi stopnišči in mnogimi sobami, ki se jih ni uporabljalo. Ki niso imele nobenega pomena. Z njimi se je zapravljalo prostor za nič: imeli smo tri jedilnice, a vedno jedli v eni. To je bila hiša mojega deda, v kateri so živele štiri družine. Ko so vsi umrli in je hiša prešla na mojega očeta, je postala zelo velika za le šest ljudi. Bila je strašljiva. Podstrešje je bilo prazno. Tam je bila le zastava, ki se jo je obesilo na državne praznike – na dan osvoboditve, 25. aprila ali na prvi maj – in nekaj starodavnih reči od nona. Tja smo se pritihotapili s prijatelji, tekali naokoli in nato zbežali, ko je kaj sumljivo zaropotalo. Danes je drugačna, v njej je več veselih kot žalostnih občutij. Tam živijo mama in brat z družino, hiša je polna veselja in otrok. Pred leti sem vzela očetove stvari, arhive in zapise ter jih odnesla v Milano, da jih bom arhivirala in prepustila kot zapuščino meni poznane zgodbe. V tem sta zame Čedad in hiša še vedno čarobna kraja. In prepričana sem, da lahko to čarobnost začutijo tudi drugi. Veliko stvari, tudi čudnih reči, se je tam zgodilo.


"Religije so mrtve ali umirajo. Ljudje ne morejo več verjeti v politične ideje in ideale, saj obstaja le režim potrošništva. Probleme in žalost se rešuje z nakupi. Nihče v družbi ti več ne dovoli biti človek, razen morda v zasebni sferi."



A dom, kot gre razbrati iz vašega romana, ni le vrnitev v varnost, ampak tudi v pretekle hierarhije, v odnose, v katerih je veliko krivic, mačizmov, verovanj v zarote, a tudi idealov... Kaj je ostalo od vrednot, o katerih vas je učil vaš oče?
Vrednote so se popolnoma spremenile. V družbi danes ne najdem in ne prepoznam več ničesar od stvari, ki me jih je naučil. Ljudje smo zgolj še potrošniki. Mladi nimajo razumevanja vrednot in idealov, kot sem ga imela sama. Ne verjame se več v idealizem. Kot da ni več mogoče. Po drugi svetovni vojni je bila ta vera mogoča in živa. Prihodnost se je zdela popolnoma drugačna od obetov danes. Vem, da sem zelo srečna. Lahko sem naredila, kar sem želela. Morda je šlo za naključja in srečo, a sem tudi trdo delala. Italija ostaja zelo mačistična družba. V podjetjih ženske še vedno nimajo enakih položajev kot moški niti plač. V Jugoslaviji ste imeli socializem in bilo je drugače. V Italiji je prevladoval močan katolicizem, ki vpliva na miselnost. Ženske so še vedno močno zadaj in to ni pogojeno z izobrazbo. Gre za družbene vzorce, ki ne dopustijo, da bi ženske prevzele glavne vloge. Temu moramo dodati še izključevanje mlajših. V Furlaniji je obstajal mačizem in prepričanje o večvrednosti vseh, ki so bili vsaj srednjih let.
​Roman opisuje, kako se poišče grešne kozle, ki morajo nositi krivdo za vse grehe mesta. Število umorov, ki se zgodijo, je surrealno, a ko umanjka racionalna razlaga, postane krivec hudič. Iracionalnost v nas prevlada. Hudič pa je vedno najbolj ranljiv in krhek človek v skupnosti. Spomnim se someščana, ki je pisal svojo poezijo na kamne. Podobno kot v šintoizmu, kjer se stvari uniči, da nič ne ostane. A je za seboj pustil zapuščino – generaciji pred mano in moji generaciji. Bil je popolnoma samosvoj, neulovljiv in neobvladljiv. Ko je umrl, so vse trgovine spustile žaluzije. Čedad je bil mesto z 12 000 prebivalci in 1000 vojaki. Italija se je bala socializma, komunistična stranka je bila močna. Bilo je smešno, a tega vzdušja strahu se spomnim.
Povedali ste, da vam je oče pojasnil tudi o delovanju Gladia, skupine, ki jo je podpirala ameriška Cia v boju proti komunističnim in socialističnim idejam. Kaj ste vedeli?
Da gre za desničarsko gibanje in organizacijo, ki je delovala in nadzorovala, da Italija ne bi postala del socialističnega bloka. Spomnim se, da mi je mama kasneje povedala, da je imel oče tri skrivališča, kamor bi se skril, če bi prišlo do vojaškega udara. Leta 1970 je Junio Valerio Borghese poskusil narediti udar, a mu ni uspelo. Ob meji je bil nenavaden kos države – bili smo meja z Balkanom in Jugoslavijo, zgodovinsko pa je ljudi razdvojil fašizem. Bili smo regionalna posebnost – najbolj čudni in zagotovo tudi bolj sumljivi kot tisti, ki so živeli ob meji s Švico in Francijo.
Kaj pa regije na jugu?
Te niso imele meje. Tam je morje, ki je postalo meja zdaj. Kraji, ki mejijo na nekaj tujega. Vseskozi me je zanimalo, zakaj se ni govorilo o življenjih ljudi na meji z Jugoslavijo, o njihovi resničnosti. Kasneje sem dobila nekaj takih knjig v roke, ko sem pisala Hudičevo ogrinjalo, pa sem čutila, da moram zmešati resničnost s fikcijo. Morda to ni resničnost, a je kar je občutil otrok.
Je vaš oče čutil pritiske, ker je bil komunist?
Bil je nepomemben član male provincialne politične skupine. Spomnim se časov pred volitvami, ko so imeli javne nagovore in je bil trg bolj ali manj prazen. Imel je štiri, pet prijateljev, s katerimi so se vsako soboto in nedeljo srečevali in debatirali, kako bi človeštvo lahko napredovalo. Resnično so verjeli v napredek. In da so del tega motorja prihodnosti. To je izjemen občutek, ki ga ne poznam. Trudim se po najboljših močeh, a oni so verjeli v nekaj več in mislim, da so tu ob meji to verjeli še bolj kot drugod.
Na lanskih lokalnih volitvah je večino v regiji dobila Liga skupaj z Brati Italije in Gibanjem petih zvezdic. Vas je to presenetilo?
Družba se je zelo spremenila. Levica nima voditelja. Demokratična stranka pod Matteom Renzijem je uporabila enake marketinške prijeme kot Silvio Berlusconi, levih volivcev pa ne moreš nagovoriti in prepričati s taktiko, ki so jo pred tem prepoznali za zlo. Berlusconi je spremenil italijansko družbo prek televizije in svojih oddaj. Kot da je zasejal virus. Uspeha posameznika, individualnih zgodb ljudi, ki jim je uspelo. A pomembnejša kot posamezne zgodbe o uspehu sta uspeh in napredek družbe kot celote. Berlusconi je vsakemu ponudil sanje, da mu bo morda uspelo. Grozljiv je tudi vpliv, ki ga je imel na žensko telo – ženske so postale kos mesa. Začel je s prodajo čustev na televiziji, kar danes prevladuje povsod. Ko je izgubil na volitvah, smo verjeli, da je prišlo do spremembe, a te ni bilo. Nato je prišlo Gibanje petih zvezd, ki je zelo populistično. Pomen izobrazbe in razgledanosti so izničili. Sedaj so sklenili zavezništvo z Ligo, ki ima vrednote, ki so enake rasizmu. Trdijo, da so edini problem Italije migracije. Ni problemov v gospodarstvu, v EU, ni javnega dolga niti revščine. Problem je le to, da ljudje prihajajo v italijanska pristanišča. Znotraj EU mora obstajati solidarnost, a ne moremo pričakovati, da bomo lahko ustavili ljudi, ki bežijo. Iščejo možnost dostojnega življenja, bežijo pred nasiljem in vojnami. Zapiranje pristanišč je kratkoročen ukrep. A ne vem, kaj se bo zgodilo na evropskih volitvah in kam vse skupaj gre.


"Zato je kultura bolj pomembna kot kdajkoli – ne potrebujemo navideznih in preprostih odgovorov, ampak iskrene razmisleke, ki odražajo zapletenost sveta, v katerem živimo."



Pišete o pomenu literarnega jezika, ki je neprimerno bogatejši od preprostega in privlačnega jezika zabavnih vsebin, o tem, kako družbe iščejo grešne kozle, če verjamejo v zarote, ste urednica kulturne priloge Domenica časopisa Il sole 24 ore. Kaj se je zgodilo z vlogo, ki jo ima v družbi kultura?
Sama se to pogosto sprašujem. V Domenici predstavljamo zelo raznolike glasove, od predstavnikov rimo-katoliške cerkve do umetnikov in znanstvenikov. Veljamo za resen časopis. Upam, da bo tako ostalo, četudi imamo težave, saj smo priloga finančnega dnevnika. Ustanovljeni smo bili pred šestintridesetimi leti z namenom, da se ponudi hrano za možgane bralcev. In za njihovo dušo. Doživeli smo izjemen uspeh in prepričana sem, da se kvaliteta ne bo nikoli končala. Vedno bodo obstajali bistri, inteligentni, poglobljeno razmišljujoči in iskreni ljudje širokih pogledov, ki se bodo upirali temu, da bi bili izumetničeni in narejeni. Vedno. Morda jih bo v nekem trenutku le peščica, a nato jih bo spet več. Trenutno smo v času, ko jih je vse manj. Skrbi me, kako daleč lahko nazadujemo. A sem prepričana, da boste nagrajeni, če ljudem ponudite nekaj dobrega in kvalitetnega.
Sodelovala sem na kar nekaj festivalih. Težava, ki jo vidim, je, da ljudje želijo le biti tam, se pokazati. Digitalizacija je ljudi osamila, želijo si stika in mnogi pridejo zato. Ne vem, koliko zares slišijo in o povedanem razmišljajo. Kultura hkrati postaja spektakel. Na dogodkih sodelujejo eni in isti obrazi, ki so zabavljaški in pišejo na preprost način. A kultura naj nam bi pomagala razmišljati o vse bolj zapletenih odnosih.
​Kultura mora biti dostopna vsem in država mora kulturnemu ustvarjanju namenjati denar. Težava je, da se zdaj kulturo rado povezuje z elitami. Prostor spoštovanja je nadomestilo sovraštvo. Ljudje imajo zelo nenavadne ideje – da so sodelujoči v informativnih oddajah plačani, da nastopijo, da novinarjem ni treba plačati za nič, saj nas vedno vabijo in za nas plačujejo drugi. Te laži me zelo razjezijo. Vem, da se naše družbe vse bolj razslojujejo. A kultura je kot javno zdravje. ​Po drugi svetovni vojni sta v Milanu leta 1947 Giorgio Strehler in Paolo Grassi ustanovila gledališče Piccolo Teatro. Na oder sta z mestnim in nato državnim denarjem postavila dela, ki jih nikoli prej nismo videli v Italiji. S svojim ustvarjanjem sta spremenila panoramo mesta in Milano še vedno velja za avantgardo gledališča. Danes ljudje pravijo, dajte nam raje hrane, kot da država financira kulturo. Zagotovo sta hrana za preživetje in zdravstvo prioriteta, a tudi kultura je hrana za človeško dušo in ne more priti na vrsto šele kasneje. Kultura je življenje. Imamo izjemne slikarje in pisatelje, dediščino celine, ki jo nosimo v sebi. V Italiji tudi največji revež ve, kdo je Giuseppe Verdi – marsikje po svetu je to znak svetovljanstva. Zato je kultura bolj pomembna kot kdajkoli – ne potrebujemo navideznih in preprostih odgovorov, ampak iskrene razmisleke, ki odražajo zapletenost sveta, v katerem živimo. Ljudje vemo, ali je pred nami nekaj, kar je resnično. Vsak lahko nekaj časa ohranja šov, a ljudje prepoznamo igro in neiskrenost. Ne vem, ali so vsi kulturni dogodki, ki jih imamo danes, tisto pravo. Vem pa, da bodo politiki, ki mislijo, da je kultura ničvredna, ubili narod.
Kaj je torej kultura?
Iskrenost. Tako ustvarjalcev kot kulturnih novinarjev. Premišljenost in poglobljenost. Zakaj so delavci želeli študirati po drugi svetovni vojni? Zakaj so se učili ob večerih ob svečah? Zakaj so želeli, da gredo njihovi otroci v šole? Ker so želeli, da bi živeli boljša življenja. Izgubljeno je to spoštovanje – do kulturnega in kultiviranega. Morda je to tudi posledica nespoštljivega odnosa, ki so ga ljudje, ki naj bi bili ljudje kulture, kazali. To je dobro prikazal švedski film Kvadrat Rubena Östlunda, nagrajenec Cannesa in nominiranec za tujejezičnega oskarja. Neiskrenost in površno delo imata visoko ceno. Ločiti moramo zabavo od kulture. Z zabavo ni nič narobe, a ni kultura. Moramo biti iskreni. Ločiti očaranost od resnične kvalitete, pisati brez strahu, da bomo nekoga užalili in bo zato maščevalen.
Kje najdete kulturo, romane, ki vam pomagajo razumeti svet? Se vračate h knjigam, ki vam jih je bral oče?
Oče mi ni nikoli rekel, kaj naj berem. Mama mi je dala v roke nekatere klasike, a skozi knjige me je gnala radovednost. Očarana sem bila nad ruskimi pisatelji – zdelo se mi je, da najbolje vidijo in razumejo naše duše. Ko sem odraščala, sem imela občutek, da je okolje, ki me obkroža, deževno, sivo, žalostno – izjema je bila veličastnost narave.
Zakaj je bilo okolje žalostno?
Čedad? Ker je bil zelo reven kraj z izjemo nekaterih družin, vključno z našo. Celotna regija je bila zelo revna, pokrajina emigracije. To se je začelo spreminjati šele s potresom leta 1976. Za preživele se je izkazalo, da je bil potres srečen dogodek, saj je Italija nenadoma postala pozorna tudi na našo regijo. Ker ni bilo mafije ali drugih kriminalnih združb, je bil denar za obnovo res porabljen za obnovo hiš in nove začetke obrtništva. A bilo je žalostno. Zdelo se je, da živimo na koncu sveta. Bilo je čarobno in lepo, a odmaknjeno. Napetost, ki jo je prinesla hladna vojna ter bližina meje, se je zajedla v ljudi in nato v otroke. Sedaj ni več tako. Več je občutka svobode. A meja je družine, v katerih so skupaj živeli Furlani in Slovenci, ločila. Dediščina fašizma je postala nezavedni rasizem. Italijani proti Slovencem.







Maria Cristina Vimercati ”Ljudje vemo, ali je pred nami nekaj, kar je resnično. Vsak lahko nekaj časa ohranja šov, a ljudje prepoznamo igro in neiskrenost,” pravi avtorica v slovenščino prevedenega romana Hudičevo ogrinjalo.



Kako ste kot otrok razumeli mejo? Pravite, da ste jo z očetom pogostokrat prečkala.
Da, dvakrat na teden sva šla z očetom na drugo stran. Zame je bilo to nekaj zabavnega in čarobnega. Nič nisem vedela o Golem otoku, vedela sem le, da grem v deželo, kjer se je socializem uresničeval. Bila sem mala komunistka, visoka meter in deset centimetrov. Stražarji so me fascinirali. Bili so visoki, neobičajno veliki. Še vedno se spomnim obraza enega od njih. V Jugoslaviji sva šla v mesnico in po mleko. Fructal je bil tam in Cockta, ki si jo še vedno naročim vsakič, ko pridem v Slovenijo. Ti obiski so pustili na meni globoke vtise. Ko sem začela delati kot novinarka, sta me zanimali predvsem literatura in zgodovina Balkana. Ti kraji so zame imeli v sebi čisto čarobnost.
Meje so danes postale manj vidne, a hkrati se jih utrjuje - gradi se fizične žičnate ograde, meje pa se na novo vzpostavljajo tudi znotraj družb in v glavah ljudi. Vi o tem pišete, čeprav ne pišete o mejah.
Mislim, da mora biti v literaturi tudi nekaj psihoanalize. (smeh) Imamo velik problem, saj ljudje nimajo več ničesar, v kar bi zares verjeli in čemur bi zaupali. Religije so mrtve ali umirajo. Ljudje ne morejo več verjeti v politične ideje in ideale, saj obstaja le režim potrošništva. Probleme in žalost se rešuje z nakupi. Nihče v družbi ti več ne dovoli biti človek, razen morda v zasebni sferi. Vidim veliko osamljenosti – tudi zaradi vseh tehnoloških naprav. Brez političnih idej, idealov ali verskih skupnosti, se lahko počutimo zelo osamljene in hitro postanemo cinični, če ne najdemo pravih prijateljev. Zato je v ljudeh veliko besa in obupa, ki ju moramo nekam usmeriti. Politiki nam zato ponujajo sovražnika. In govorijo o mejah. O še višjih in še bolj neprodušnih ograjah. Nekoč so obstajale meje med političnimi idejami. Teh danes ni več. Mislim, da trenutno niti ne razumemo, v kako zelo slabem stanju smo ljudje. Imamo hrano, velike količine oblek, lahko kupimo in gremo kamorkoli, če imamo denar. A v nas je vseeno bes, ker ne moremo več v nič zares verjeti onkraj morda individualnih ljubezni. Tudi zato se moramo učiti in moramo brati. Brez tega bomo vse bolj ozkogledi – meje in vse višji zidovi se bodo pojavili v glavah. In to lahko postane tudi način, s pomočjo katerega si bodo nekateri prisvajali oblast. Podobno kot v mojem Čedadu – tam najvišjo mejo in zid postavijo proti in okoli najbolj ranljivega prebivalca mesta.</article-text-transliterated></article><comments><comments-count>0</comments-count><comments-list /></comments></document>