<?xml version="1.0" encoding="utf-8"?>
<document global-id="si-04-1342">
	<url>https://www.vecer.com//dovolj-vitamina-d-nam-lahko-zagotovi-samo-sonce-6359079</url>
	<source-id>si-04</source-id>
	<local-id>1342</local-id>
	<source-name>Večer</source-name>
	<article>
		<article-title>Dovolj vitamina D nam lahko zagotovi samo sonce</article-title>
		<article-title-transliterated>Dovolj vitamina D nam lahko zagotovi samo sonce</article-title-transliterated>
		<article-time>2017-12-03</article-time>
		<article-author>Bojan Tomažič</article-author>
		<article-text>Vitamin D ni zgolj antirahitični vitamin, kot so včasih menili, ampak mogočen hormon, ki vpliva na skoraj vse, kar se dogaja v naših telesih, na podlagi najnovejših raziskav piše Ivan Soče. Avtor knjige Vitamin D, ki so jo recenzirali tudi zdravniki, povzema, da je ta snov ključna pri učinkovitem imunskem sistemu. &quot;S sončenjem, kot edinim naravnim načinom preskrbe s tem vitaminom, ga zaradi geografskega položaja polovico leta ne moremo tvoriti, v drugi polovici leta moramo to nadoknaditi. S hrano ga lahko pridobimo največ do 10 odstotkov, torej je pomanjkanje tega vitamina naravno, nujno in logično. Če hočemo preprečiti strašansko zdravstveno škodo, ga moramo začeti redno dodajati v naravnih odmerkih.&quot;  Posebej pozorni pri otrocihDa se je težko je odločiti, katere skupine so zaradi pomanjkanja vitamina D najbolj v nevarnosti. &quot;Mislim, da bi morali biti bistveno bolj pozorni na otroke,&quot; je povedal Ivan Soče. &quot;Na njihov razvoj in kasnejše zdravje pomembno vpliva, ali njihove mamice imajo dovolj vitamina D in ali ga redno in obilno dajejo dojenčkom. Doječe mame so pogosto v zablodi, ko mislijo, da otrok dobi vse, kar potrebuje z njihovim mlekom. V materinem mleku skorajda ni vitamina D, razen če sama poskrbi, da s sončenjem ali s prehranskimi dopolnili dobi najmanj 7000 IE na dan. Otroci, ki so bili v maternici ali v zgodnjem otroštvu prikrajšani za zdrave ravni vitamina D, imajo veliko večja tveganja za številne avtoimunske bolezni, od atopičnega dermatitisa, multiple skleroze, alergij, neučinkovitega imunskega sistema do drugih bolezni. Dodatna težava je, da so otroci v povprečju predebeli, kar pomeni še manj vitamina D.&quot;  Na spletu je skoraj 100 milijonov objav o vitaminu D. &quot;Od vseh hranil v zadnjem desetletju znanstvenike, zdravnike in nutricioniste najbolj zanima in o njem je največ raziskav. Knjig o vitaminu D še ni veliko, ta je edina strokovno recenzirana knjiga v slovenščini. In 270 strani je ravno prav, do o vitaminu D napišeš vse, kar bi vsi odrasli morali vedeti, in da je knjiga zelo zanimiva za strokovno javnost, zdravnike, farmacevte in nutricioniste. V njej so ugotovitve skoraj 600 verodostojnih raziskav in člankov, ki so bili objavljeni v uglednih znanstvenih revijah,&quot; je povedal avtor. Sončenje je edini naravni način pridobivanja Edini naravni način pridobivanja vitamina D je pravilno sončenje. &quot;Poudarjam, da pravilno sončenje, če se sončimo namazani z zaščitnimi kremami, skozi steklo in podobno, od tvorjenja vitamina D ni skoraj nič. Pravilno sončenje je izpostavljenost čim večjega dela nezaščitene čiste kože neposrednim sončnim žarkom med 10. in 16. uro od aprila do začetka septembra. Le takrat sončni žarki padejo pod kotom, ki omogoča dobro tvorjenje vitamina D. V desetih do dvajsetih minutah izpostavljanja celega telesa tvorimo od 10 do 20 tisoč internacionalnih enot (IE) vitamina D in ustvarimo njegovo koncentracijo v krvi v obliki kalcidiola poprečno 50 nanongramov na mililiter. Kljub strahu pred rakom strokovnjaki povedo, da se brez neposrednega stika ultravijoličnih B-žarkov s kožo vitamin D ne tvori.&quot;    Pomemben oblikovalec našega zdravja in življenja     Po naravni poti je mogoče torej pridobiti dovolj vitamina D v najboljšem primeru v petih ali šestih mesecih. &quot;Razpolovna doba nakopičenega vitamina D je povprečno tri tedne, kar pomeni, da smo v preostanku leta praktično brez možnosti naravnega pridobivanja tega vitamina. A tudi takrat, ko bi lahko s pravilnim sončenjem tvorili dovolj vitamina D, smo večinoma v zaprtih prostorih: v vrtcih, šolah, pisarnah, tovarnah in drugje. Zaradi vsega tega in dodatnega strašenja s kožnim rakom so vse zdravstvene institucije tega sveta ugotovile, da obstaja zelo nevarna pandemija pomanjkanja vitamina D in je treba nujno sistemsko ukrepati. Vitamina D namreč v hrani skoraj ni in smo zaradi sodobnega načina življenja dobesedno obsojeni na njegovo stalno pomanjkanje,&quot; je prepričan Soče. Dr. Iztok Takač, doktor medicine in profesor na medicinski fakulteti v Mariboru, je v recenziji knjige napisal, da je Soče &quot;pripravil zahtevno in kompleksno zbirko podatkov o vplivu vitamina D, ki bo lahko koristila raziskovalcem, da se bodo lotili izredno pomembnega, a žal prepogosto spregledanega sopotnika ter oblikovalca našega zdravja in življenja&quot;. Tudi drugi strokovni recenzenti, doktorji znanosti, zdravniki, nutricionisti so ocenili, da je knjiga pomemben prispevek v skrbi za zdravje in da bi o vitaminu D morali spremeniti prakso v zdravstvenem sistemu in pri ravnanju posameznikov. &quot;V mariborskem UKC so laboratorijsko ugotovili, da 93 odstotkom nosečnic pomanjkanje vitamina D, kar je šokantno. Nekaj podobnega so ugotovili v ljubljanskem UKC pri starejših, v tisočih merjenjih v celem svetu so ugotovili enako. V svetu več kot 60 odstotkom ljudi primanjkuje vitamina D, čez zimo in zgodnjo pomlad pa več kot 90 odstotkom. To pomanjkanje ima tragične posledice za zdravje državljanov in državno blagajno,&quot; povzema ugotovitve.        Profimedia Brez neposrednega stika ultravijoličnih B-žarkov s kožo ni tvorjenja vitamina D.    Zdravljenje s svetlobo  Vrsto let je vitamin D veljal samo za preprečitev rahitisa. &quot;Tako so učili na medicinskih in drugih šolah, tako so učili v šolah in pisali v knjigah in časopisih. Odkritje, da je prav vitamin D eden od ključnih elementov imunskega sistema, je sprožilo plaz neštetih raziskav. Že leta 1896 je danski zdravnik dr. Finsen ustanovil Inštitut za svetlobo, ki ga je financirala tudi danska vlada. Ugotovil je, da lahko svetloba, sončna ali iz močne žarnice, ubije bakterije in omili posledice črnih koz. Za prispevek k medicinski znanosti je leta 1903 prejel Nobelovo nagrado. Od 800 bolnikov z lupusom, hude oblike avtoimunske bolezni, jih je bilo dokončno pozdravljenih 400. Le pri petih odstotkih bolnikov se stanje ni izboljšalo. Lupus še danes velja za neozdravljivo bolezen, ki jo blažijo s farmacevtskimi zdravili. Pred več kot stotimi leti je dr. Rollier odprl 36 klinik na nadmorski višini več kot 1700 metrov, da so lahko bolniki prejeli čim več ultravijoličnega sevanja, torej vitamina D. V klinikah so zdravili tuberkulozo, rahitis, črne koze, lupus, rane in druge kožne bolezni, vseh so našteli kar 165, s povprečno 80-odstotno uspešnostjo.&quot; Soče ugotavlja, da najuglednejši raziskovalci vitamina D vsega sveta menijo, &quot;da je vitamin D skoraj čudežna snov za preprečevanje in zdravljenje številnih avtoimunih bolezni, kot so multipla skleroza, revmatoidni artritis, diabetes tipa 1, psoriaze, bolezni srca, vseh vrst raka, kapi, nalezljivih bolezni, gripe, tuberkuloze, diabetesa tipa 2, demence, depresije, avtizma, Alzheimerjeve, nespečnosti, mišične šibkosti, bolečin, fibromialgije, osteoartritisa, osteoporoze, hipertenzije in da je vse to zapisano v dokumentih najuglednejših, endokrinoloških združenje, klinik, zdravstvenih organizacij&quot;. Vpliva na 30 organov Birokrati so seveda še v zaostanku. &quot;V EU velja uradno priporočen dnevni vnos za odrasle smešnih 200 IE, v Sloveniji 800 IIE, čeprav jih najuglednejši strokovnjaki predlagajo najmanj 4000, popolnoma varni in koristni odmerki so do 10.000, kolikor jih povprečno ustvarimo, če se pravilno sončimo.&quot; Neznanje je najpogostejši vzrok bolezni in znanje je najboljše zdravilo in preventiva, pravi Soče. &quot;V knjigi sem zbral dokaze, da vitamin D vpliva na več kot 30 pomembnih organov, neposredno na več kot 60 bolezni, da mogočno vpliva na imunski sistem in preprečevanje številnih bolezni. Knjiga je napisana tako, da jo razume prav vsak človek. Torej, znanje je zdaj na razpolago. Drugi ukrep je, da takoj danes začnemo vnos zadostnih količin vitamina D.&quot; Vitamin D smo nekoč dodajali v obliki ribjega olja. &quot;Skoraj vsi se spomnimo tega okusa. Danes so ti izdelki redki. Zdaj so moderni okusni ustni spreji, ki se absorbirajo skozi skoraj neverjetnih več kot 200 kvadratnih centimetrov ustne sluznice neposredno v kri. Zato ti izdelki ne napenjajo in ne povzročajo krčev.&quot; Nekateri izdelki so registrirani kot zdravila, nekateri vsebujejo škodljive dodatke, tudi tisti, ki so namenjeni novorojenčkom in dojenčkom in jih mame dobijo na recept. &quot;Izbrati je treba naravno obliko vitamina D brez drugih dodatkov. Prehranska dopolnila niso nadomestilo za hrano, ker vitamina D v hrani skoraj ni, ampak so nadomestilo pravilnega sončenja. Ko se sončimo, tudi ne jemljemo drugih vitaminov, mineralov, probiotikov, morda je izjema pri osteoporozi, ko je poleg vitamina D dobro jemati vitamina K2 in kalcij. Najpomembneje pa je, da ga jemljemo v pravih odmerkih, kar pomeni pri dojenčkih do 200 IE na kilogram teže, pri odraslih pa 75 IE na kilogram teže. Težave zaradi predoziranja so silno redke,&quot; je sklenil Ivan Soče.</article-text>
		<article-text-transliterated>Vitamin D ni zgolj antirahitični vitamin, kot so včasih menili, ampak mogočen hormon, ki vpliva na skoraj vse, kar se dogaja v naših telesih, na podlagi najnovejših raziskav piše Ivan Soče. Avtor knjige Vitamin D, ki so jo recenzirali tudi zdravniki, povzema, da je ta snov ključna pri učinkovitem imunskem sistemu. &quot;S sončenjem, kot edinim naravnim načinom preskrbe s tem vitaminom, ga zaradi geografskega položaja polovico leta ne moremo tvoriti, v drugi polovici leta moramo to nadoknaditi. S hrano ga lahko pridobimo največ do 10 odstotkov, torej je pomanjkanje tega vitamina naravno, nujno in logično. Če hočemo preprečiti strašansko zdravstveno škodo, ga moramo začeti redno dodajati v naravnih odmerkih.&quot;  Posebej pozorni pri otrocihDa se je težko je odločiti, katere skupine so zaradi pomanjkanja vitamina D najbolj v nevarnosti. &quot;Mislim, da bi morali biti bistveno bolj pozorni na otroke,&quot; je povedal Ivan Soče. &quot;Na njihov razvoj in kasnejše zdravje pomembno vpliva, ali njihove mamice imajo dovolj vitamina D in ali ga redno in obilno dajejo dojenčkom. Doječe mame so pogosto v zablodi, ko mislijo, da otrok dobi vse, kar potrebuje z njihovim mlekom. V materinem mleku skorajda ni vitamina D, razen če sama poskrbi, da s sončenjem ali s prehranskimi dopolnili dobi najmanj 7000 IE na dan. Otroci, ki so bili v maternici ali v zgodnjem otroštvu prikrajšani za zdrave ravni vitamina D, imajo veliko večja tveganja za številne avtoimunske bolezni, od atopičnega dermatitisa, multiple skleroze, alergij, neučinkovitega imunskega sistema do drugih bolezni. Dodatna težava je, da so otroci v povprečju predebeli, kar pomeni še manj vitamina D.&quot;  Na spletu je skoraj 100 milijonov objav o vitaminu D. &quot;Od vseh hranil v zadnjem desetletju znanstvenike, zdravnike in nutricioniste najbolj zanima in o njem je največ raziskav. Knjig o vitaminu D še ni veliko, ta je edina strokovno recenzirana knjiga v slovenščini. In 270 strani je ravno prav, do o vitaminu D napišeš vse, kar bi vsi odrasli morali vedeti, in da je knjiga zelo zanimiva za strokovno javnost, zdravnike, farmacevte in nutricioniste. V njej so ugotovitve skoraj 600 verodostojnih raziskav in člankov, ki so bili objavljeni v uglednih znanstvenih revijah,&quot; je povedal avtor. Sončenje je edini naravni način pridobivanja Edini naravni način pridobivanja vitamina D je pravilno sončenje. &quot;Poudarjam, da pravilno sončenje, če se sončimo namazani z zaščitnimi kremami, skozi steklo in podobno, od tvorjenja vitamina D ni skoraj nič. Pravilno sončenje je izpostavljenost čim večjega dela nezaščitene čiste kože neposrednim sončnim žarkom med 10. in 16. uro od aprila do začetka septembra. Le takrat sončni žarki padejo pod kotom, ki omogoča dobro tvorjenje vitamina D. V desetih do dvajsetih minutah izpostavljanja celega telesa tvorimo od 10 do 20 tisoč internacionalnih enot (IE) vitamina D in ustvarimo njegovo koncentracijo v krvi v obliki kalcidiola poprečno 50 nanongramov na mililiter. Kljub strahu pred rakom strokovnjaki povedo, da se brez neposrednega stika ultravijoličnih B-žarkov s kožo vitamin D ne tvori.&quot;    Pomemben oblikovalec našega zdravja in življenja     Po naravni poti je mogoče torej pridobiti dovolj vitamina D v najboljšem primeru v petih ali šestih mesecih. &quot;Razpolovna doba nakopičenega vitamina D je povprečno tri tedne, kar pomeni, da smo v preostanku leta praktično brez možnosti naravnega pridobivanja tega vitamina. A tudi takrat, ko bi lahko s pravilnim sončenjem tvorili dovolj vitamina D, smo večinoma v zaprtih prostorih: v vrtcih, šolah, pisarnah, tovarnah in drugje. Zaradi vsega tega in dodatnega strašenja s kožnim rakom so vse zdravstvene institucije tega sveta ugotovile, da obstaja zelo nevarna pandemija pomanjkanja vitamina D in je treba nujno sistemsko ukrepati. Vitamina D namreč v hrani skoraj ni in smo zaradi sodobnega načina življenja dobesedno obsojeni na njegovo stalno pomanjkanje,&quot; je prepričan Soče. Dr. Iztok Takač, doktor medicine in profesor na medicinski fakulteti v Mariboru, je v recenziji knjige napisal, da je Soče &quot;pripravil zahtevno in kompleksno zbirko podatkov o vplivu vitamina D, ki bo lahko koristila raziskovalcem, da se bodo lotili izredno pomembnega, a žal prepogosto spregledanega sopotnika ter oblikovalca našega zdravja in življenja&quot;. Tudi drugi strokovni recenzenti, doktorji znanosti, zdravniki, nutricionisti so ocenili, da je knjiga pomemben prispevek v skrbi za zdravje in da bi o vitaminu D morali spremeniti prakso v zdravstvenem sistemu in pri ravnanju posameznikov. &quot;V mariborskem UKC so laboratorijsko ugotovili, da 93 odstotkom nosečnic pomanjkanje vitamina D, kar je šokantno. Nekaj podobnega so ugotovili v ljubljanskem UKC pri starejših, v tisočih merjenjih v celem svetu so ugotovili enako. V svetu več kot 60 odstotkom ljudi primanjkuje vitamina D, čez zimo in zgodnjo pomlad pa več kot 90 odstotkom. To pomanjkanje ima tragične posledice za zdravje državljanov in državno blagajno,&quot; povzema ugotovitve.        Profimedia Brez neposrednega stika ultravijoličnih B-žarkov s kožo ni tvorjenja vitamina D.    Zdravljenje s svetlobo  Vrsto let je vitamin D veljal samo za preprečitev rahitisa. &quot;Tako so učili na medicinskih in drugih šolah, tako so učili v šolah in pisali v knjigah in časopisih. Odkritje, da je prav vitamin D eden od ključnih elementov imunskega sistema, je sprožilo plaz neštetih raziskav. Že leta 1896 je danski zdravnik dr. Finsen ustanovil Inštitut za svetlobo, ki ga je financirala tudi danska vlada. Ugotovil je, da lahko svetloba, sončna ali iz močne žarnice, ubije bakterije in omili posledice črnih koz. Za prispevek k medicinski znanosti je leta 1903 prejel Nobelovo nagrado. Od 800 bolnikov z lupusom, hude oblike avtoimunske bolezni, jih je bilo dokončno pozdravljenih 400. Le pri petih odstotkih bolnikov se stanje ni izboljšalo. Lupus še danes velja za neozdravljivo bolezen, ki jo blažijo s farmacevtskimi zdravili. Pred več kot stotimi leti je dr. Rollier odprl 36 klinik na nadmorski višini več kot 1700 metrov, da so lahko bolniki prejeli čim več ultravijoličnega sevanja, torej vitamina D. V klinikah so zdravili tuberkulozo, rahitis, črne koze, lupus, rane in druge kožne bolezni, vseh so našteli kar 165, s povprečno 80-odstotno uspešnostjo.&quot; Soče ugotavlja, da najuglednejši raziskovalci vitamina D vsega sveta menijo, &quot;da je vitamin D skoraj čudežna snov za preprečevanje in zdravljenje številnih avtoimunih bolezni, kot so multipla skleroza, revmatoidni artritis, diabetes tipa 1, psoriaze, bolezni srca, vseh vrst raka, kapi, nalezljivih bolezni, gripe, tuberkuloze, diabetesa tipa 2, demence, depresije, avtizma, Alzheimerjeve, nespečnosti, mišične šibkosti, bolečin, fibromialgije, osteoartritisa, osteoporoze, hipertenzije in da je vse to zapisano v dokumentih najuglednejših, endokrinoloških združenje, klinik, zdravstvenih organizacij&quot;. Vpliva na 30 organov Birokrati so seveda še v zaostanku. &quot;V EU velja uradno priporočen dnevni vnos za odrasle smešnih 200 IE, v Sloveniji 800 IIE, čeprav jih najuglednejši strokovnjaki predlagajo najmanj 4000, popolnoma varni in koristni odmerki so do 10.000, kolikor jih povprečno ustvarimo, če se pravilno sončimo.&quot; Neznanje je najpogostejši vzrok bolezni in znanje je najboljše zdravilo in preventiva, pravi Soče. &quot;V knjigi sem zbral dokaze, da vitamin D vpliva na več kot 30 pomembnih organov, neposredno na več kot 60 bolezni, da mogočno vpliva na imunski sistem in preprečevanje številnih bolezni. Knjiga je napisana tako, da jo razume prav vsak človek. Torej, znanje je zdaj na razpolago. Drugi ukrep je, da takoj danes začnemo vnos zadostnih količin vitamina D.&quot; Vitamin D smo nekoč dodajali v obliki ribjega olja. &quot;Skoraj vsi se spomnimo tega okusa. Danes so ti izdelki redki. Zdaj so moderni okusni ustni spreji, ki se absorbirajo skozi skoraj neverjetnih več kot 200 kvadratnih centimetrov ustne sluznice neposredno v kri. Zato ti izdelki ne napenjajo in ne povzročajo krčev.&quot; Nekateri izdelki so registrirani kot zdravila, nekateri vsebujejo škodljive dodatke, tudi tisti, ki so namenjeni novorojenčkom in dojenčkom in jih mame dobijo na recept. &quot;Izbrati je treba naravno obliko vitamina D brez drugih dodatkov. Prehranska dopolnila niso nadomestilo za hrano, ker vitamina D v hrani skoraj ni, ampak so nadomestilo pravilnega sončenja. Ko se sončimo, tudi ne jemljemo drugih vitaminov, mineralov, probiotikov, morda je izjema pri osteoporozi, ko je poleg vitamina D dobro jemati vitamina K2 in kalcij. Najpomembneje pa je, da ga jemljemo v pravih odmerkih, kar pomeni pri dojenčkih do 200 IE na kilogram teže, pri odraslih pa 75 IE na kilogram teže. Težave zaradi predoziranja so silno redke,&quot; je sklenil Ivan Soče.</article-text-transliterated>
	</article>
	<comments>
		<comments-count>0</comments-count>
		<comments-list/>
	</comments>
</document>
