<?xml version="1.0" encoding="utf-8"?>
<document global-id="si-04-1334">
	<url>https://www.vecer.com//dosje-o-pozabljenem-vzhodu-drzave-kako-je-vlada-prezrla-razvoj-regij-6245063</url>
	<source-id>si-04</source-id>
	<local-id>1334</local-id>
	<source-name>Večer</source-name>
	<article>
		<article-title>Dosje o pozabljenem vzhodu države: kako je vlada prezrla razvoj regij</article-title>
		<article-title-transliterated>Dosje o pozabljenem vzhodu države: kako je vlada prezrla razvoj regij</article-title-transliterated>
		<article-time>2017-01-03</article-time>
		<article-author>Petra Lesjak Tušek</article-author>
		<article-text>Za občine in razvojne statistične regije je v zaostrenih finančnih razmerah, ko se investicijski viri občinam neustavljivo krčijo, med ključnimi prilivi tudi razvojni evropski denar. A evropski denar, četudi pomeni leto 2017 že kar sredino nove finančne perspektive (2014-2020), regijam po dolgotrajnih usklajevanjih z ministrstvi in dopovedovanjih o nujnosti izvajanj ni na voljo v pričakovani in potrebni meri, sploh pa ne v obliki neposrednega črpanja namesto konkuriranja na razpisih. Vlada oziroma resorna ministrstva (zlasti gospodarsko ministrstvo in SVRK) so namreč pri razvojnem dialogu z regijami povsem odpovedala, zato so tudi tarča ostrih kritik iz več regij, še posebno glasnih iz Podravja, Pomurja in Koroške. Razočaranje, ker kljub zagotovilom še kar nimajo sklenjenih dogovorov za razvoj regij, je veliko zlasti v regijah, ki sodijo v kohezijsko regijo Vzhodna Slovenija. Regijam namreč kljub seriji projektov, ki so jih opredelile in sprejele v regionalnih razvojnih programih ter jih tudi oddale že konec leta 2015, na vladni ravni še leto dni potem niso odobrili niti prioritetnih projektov za neposredno črpanje, medtem ko je večina preostalih regijskih projektov očitno že odpisana.  Razvojni dialog z regijami obstal Ker gre (tudi) za projekte, kot so oskrba z vodo, čistilne naprave, kolesarske poti, torej za pomembno regijsko infrastrukturo, so regije v toliko večjih težavah, saj je razvoj marsikje omejen oziroma pogojen prav z osnovno infrastrukturo, iz katere sploh izhajajo nadaljnji razvojni projekti. Tako imenovani dogovori za razvoj regij so nov instrument regionalne politike, uveljavljen po zakonu o spodbujanju skladnega regionalnega razvoja ter v povezavi z evropsko kohezijsko politiko in črpanjem regionalnih razvojnih sredstev. Posebna razvojna sredstva v programskem obdobju 2014-2020 namreč regionalni politiki niso več na voljo na način, kot so bila v prejšnji finančni perspektivi, ko so bila po regijah porazdeljena po kvotah, ob upoštevanju razvojnih kazalnikov regij. Zdaj bi bilo torej treba v teritorialnem razvojnem dialogu med državo (ministrstvi) in regijami doreči obseg sredstev za sofinanciranje projektov. Gospodarsko ministrstvo, pod taktirko katerega že mesece poteka procedura usklajevanj, je sicer večkrat poudarilo, da je razkorak med pričakovanjem regij in razpoložljivim denarjem velik. Zdaj ministrstvo tudi samo priznava, da dogovori niso stekli optimalno in da so nastale težave, ki jih skušajo reševati. To je nedavno na Koroškem, ko je sodeloval na seji sveta regije, priznal tudi minister Zdravko Počivalšek. Razložil je, da zdaj skušajo pridobiti dodatne evropske vire in da najbrž tudi brez tega, da bi dodatno zagotovili še integralna sredstva, ne bo šlo. Hkrati je prikimaval očitkom, da se zdaj v večji meri financirajo projekti zahodnega, razvitejšega dela, in dodal, da celotno zadevo razrešujejo. Tako si prizadevajo, da bi v regijah v principu izvedli po tri opredeljene projekte, na Koroškem, kjer so v dogovorih kljub ostrim kritikam menda še najdlje, na primer čistilni napravi Prevalje in Črna ter kolesarsko pot v Dravogradu. Da je razvojni dialog povsem obstal in da spremljajo le še centralizacijo porabe evropskih sredstev, je ob tem opozoril predsednik sveta koroške regije in ravenski župan Tomaž Rožen. Politika sploh razume regionalni razvoj? V nezavidljivem položaju so tako regije kot občine. Izključni nosilci regionalnega razvoja so občine, največja težava pa je, da občine v okrnjenih proračunih nimajo več razvojnega denarja, ugotavlja Ivan Žagar, predsednik razvojnega sveta kohezijske regije Vzhodna Slovenija in župan Slovenske Bistrice. Po njegovi oceni je ključno vprašanje, ali politika sploh razume regionalni razvoj. &quot;Ne gre namreč za potrebe občin, ampak ljudi, ki na srečo v tej državi še živijo v regionalnih okoljih,&quot; poudarja Žagar.        Natalija Jurše    Potrebe po infrastrukturi, kot so jih opredelili v regijah, so dejanske in povsem realne, poleg tega so tesno povezane z gospodarstvom, saj pomenijo tudi infrastrukturno gospodarsko podporo in niso same sebi namen. Regionalnega razvoja torej ni in ne bo več, razmišlja Žagar. Ocenjuje, da so zdaj potrebni dva, trije koraki, in sicer je najprej treba vzeti v roke regionalne razvojne programe in vsebinsko izčistiti projekte, hkrati pa odpreti operativni program in s tem izvedbeni načrt ter zagotoviti denar. Žagar se namreč ne strinja z argumentacijo vlade oziroma ministrstev, da že sprejetega operativnega programa ni mogoče več na novo odpirati ob izvajanju nekaterih projektov, češ da bi to ustavilo implementacijo. Nasprotno, prepričan je, da se lahko vsebine prevetrijo vsaj na točkah, na katerih popolnoma stojijo, saj s tem ne bi vplivali na preostalo. Nekateri projekti na podlagi razpisov (in ne neposrednega financiranja) namreč tečejo in vsaj ti deloma zadevajo regije oziroma občine, kar pa vseeno ne razrešuje temeljnih problemov. Še večji razkorak med vzhodom in zahodom Iz podravske, pomurske in koroške regije so že zahtevali spremembe operativnega programa za zmanjševanje razlik med kohezijskima regijama, torej vzhodom in zahodom, ki morajo izhajati iz ključnih desetih projektov iz predlogov dogovorov za razvoj posamezne regije. Te zahteve bodo tudi tema predvidene januarske seje sveta kohezijske regije Vzhodna Slovenija. &quot;Ne zahtevamo drugega kot razvoj Slovenije, s tem pa tudi razvoj regij. To bi moral biti naš skupni cilj, ne nazadnje naj se gospodarska rast vrača tudi v okolja, iz katerih tudi izhaja,&quot; poudarja Žagar, ki hkrati pričakuje in apelira tudi na enoten nastop akterjev - lokalne ravni, gospodarstva pa tudi izobraževalnih institucij. Prepričan je še, da morajo biti nosilci projektov z območij, na katerih se izvajajo projekti, ne pa da se lahko ti šele naknadno priključujejo. V obdobju od 2014 do 2020 je opredeljenih za 3,1 milijarde evrov projektnih predlogov regij, pričakovano financiranje iz EU-skladov pa znaša 2,1 milijarde. Za osnovno delitev med skladoma - Evropskim skladom za regionalni razvoj (ESRR) in Evropskim socialnim skladom (ESS) - so med kohezijskima regijama Zahodna in Vzhodna Slovenija upoštevane razlike v razvitosti, potrebah in stanju na trgu dela ter napovedmi povečevanja stopnje tveganja revščine. Zahodni Sloveniji je tako načeloma namenjenih skupno 847 milijonov evrov, vzhodni pa skupno 1,26 milijarde evrov. Neodvisno od delitve med regijama pa je na voljo še dobra milijarda evrov iz kohezijskega sklada. Iz vzhodne regije je vse več kritik, da v praksi vsaj trenutno temu principu ne sledijo in da je več projektov odobrenih zahodu oziroma centru, na različnih področjih in pri različnih ciljih, kot denimo pri pomembnem cilju &quot;naložbe za rast in delovna mesta&quot;.    Regije opredelile na stotine projektov, izplen pa je ničen     Andrej Fištravec, mariborski župan v vlogi predsednika Razvojnega sveta regije Podravje: &quot;Teritorialnega dialoga praktično ni, ker vlada ne izvaja politike od spodaj navzgor, ampak je v nasprotju z evropskimi usmeritvami centralizirala ves denar, pri čemer lokalna okolja in regije uporablja samo za to, da ustvarja vtis dogovarjanja z lokalnimi okolji in regijami. Regije smo pripravile na stotine razvojnih projektov, ki jih je vlada s centraliziranim odločanjem obšla. Tako da se v realnosti postavlja pod vprašaj karkoli, kar predlagamo v regijah. Razkorak med vzhodno in zahodno regijo se povečuje in sedaj se dogaja tisto, na kar smo župani opozarjali od vsega začetka, da lokalne skupnosti nimamo nikakršnega vpliva na črpanje ‘lastnih‘ sredstev. Sedaj ni vprašanje, ali bo posamezna regija dobila enega ali tri prednostne projekte, ker realnost kaže, da ne bomo dobili ničesar. Slovenija de facto nima več regionalnega razvoja.&quot; (plt)  Dr. Miro Haček, strokovnjak za lokalno samoupravo s Fakultete za družbene vede: &quot;Sistem financiranja občin v Sloveniji je neustrezen iz več razlogov. Država občinam mora zagotoviti večinski delež finančnih sredstev, in to ne zato, ker bi občine tako želele, ampak zato, ker je sama postavila tak sistem financiranja občin. V zadnjih letih pa ta ista država občinam ne želi oziroma ne zmore zagotoviti niti tistega obsega financiranja, ki bi občinam omogočil opravljanje vseh tistih nujnih nalog, ki jim jih je naložila ta ista država. Poleg tega aktualna vlada arbitrarno ne upošteva zakonsko določenih predpisov, ki opredeljujejo višino državnega financiranja, z izgovorom varčevanja zaradi posledic gospodarske krize, po drugi strani pa se ta ista vlada trka po prsih z gospodarskimi dosežki in rastjo. V teh pogojih so se številne občine zatekle k izkoriščanju in pridobivanju evropskih sredstev, pri čemer so posamezne občine zelo uspešne, to pa za občine predstavlja eno redkih alternativ za razvoj lokalnih skupnosti. Čas bi bil, da se zgodba o konfliktu med državo in občinami konča in se najde skupni jezik, a zdi se, da za to ni ‘politične volje‘ s strani trenutne oblasti.&quot; (um)</article-text>
		<article-text-transliterated>Za občine in razvojne statistične regije je v zaostrenih finančnih razmerah, ko se investicijski viri občinam neustavljivo krčijo, med ključnimi prilivi tudi razvojni evropski denar. A evropski denar, četudi pomeni leto 2017 že kar sredino nove finančne perspektive (2014-2020), regijam po dolgotrajnih usklajevanjih z ministrstvi in dopovedovanjih o nujnosti izvajanj ni na voljo v pričakovani in potrebni meri, sploh pa ne v obliki neposrednega črpanja namesto konkuriranja na razpisih. Vlada oziroma resorna ministrstva (zlasti gospodarsko ministrstvo in SVRK) so namreč pri razvojnem dialogu z regijami povsem odpovedala, zato so tudi tarča ostrih kritik iz več regij, še posebno glasnih iz Podravja, Pomurja in Koroške. Razočaranje, ker kljub zagotovilom še kar nimajo sklenjenih dogovorov za razvoj regij, je veliko zlasti v regijah, ki sodijo v kohezijsko regijo Vzhodna Slovenija. Regijam namreč kljub seriji projektov, ki so jih opredelile in sprejele v regionalnih razvojnih programih ter jih tudi oddale že konec leta 2015, na vladni ravni še leto dni potem niso odobrili niti prioritetnih projektov za neposredno črpanje, medtem ko je večina preostalih regijskih projektov očitno že odpisana.  Razvojni dialog z regijami obstal Ker gre (tudi) za projekte, kot so oskrba z vodo, čistilne naprave, kolesarske poti, torej za pomembno regijsko infrastrukturo, so regije v toliko večjih težavah, saj je razvoj marsikje omejen oziroma pogojen prav z osnovno infrastrukturo, iz katere sploh izhajajo nadaljnji razvojni projekti. Tako imenovani dogovori za razvoj regij so nov instrument regionalne politike, uveljavljen po zakonu o spodbujanju skladnega regionalnega razvoja ter v povezavi z evropsko kohezijsko politiko in črpanjem regionalnih razvojnih sredstev. Posebna razvojna sredstva v programskem obdobju 2014-2020 namreč regionalni politiki niso več na voljo na način, kot so bila v prejšnji finančni perspektivi, ko so bila po regijah porazdeljena po kvotah, ob upoštevanju razvojnih kazalnikov regij. Zdaj bi bilo torej treba v teritorialnem razvojnem dialogu med državo (ministrstvi) in regijami doreči obseg sredstev za sofinanciranje projektov. Gospodarsko ministrstvo, pod taktirko katerega že mesece poteka procedura usklajevanj, je sicer večkrat poudarilo, da je razkorak med pričakovanjem regij in razpoložljivim denarjem velik. Zdaj ministrstvo tudi samo priznava, da dogovori niso stekli optimalno in da so nastale težave, ki jih skušajo reševati. To je nedavno na Koroškem, ko je sodeloval na seji sveta regije, priznal tudi minister Zdravko Počivalšek. Razložil je, da zdaj skušajo pridobiti dodatne evropske vire in da najbrž tudi brez tega, da bi dodatno zagotovili še integralna sredstva, ne bo šlo. Hkrati je prikimaval očitkom, da se zdaj v večji meri financirajo projekti zahodnega, razvitejšega dela, in dodal, da celotno zadevo razrešujejo. Tako si prizadevajo, da bi v regijah v principu izvedli po tri opredeljene projekte, na Koroškem, kjer so v dogovorih kljub ostrim kritikam menda še najdlje, na primer čistilni napravi Prevalje in Črna ter kolesarsko pot v Dravogradu. Da je razvojni dialog povsem obstal in da spremljajo le še centralizacijo porabe evropskih sredstev, je ob tem opozoril predsednik sveta koroške regije in ravenski župan Tomaž Rožen. Politika sploh razume regionalni razvoj? V nezavidljivem položaju so tako regije kot občine. Izključni nosilci regionalnega razvoja so občine, največja težava pa je, da občine v okrnjenih proračunih nimajo več razvojnega denarja, ugotavlja Ivan Žagar, predsednik razvojnega sveta kohezijske regije Vzhodna Slovenija in župan Slovenske Bistrice. Po njegovi oceni je ključno vprašanje, ali politika sploh razume regionalni razvoj. &quot;Ne gre namreč za potrebe občin, ampak ljudi, ki na srečo v tej državi še živijo v regionalnih okoljih,&quot; poudarja Žagar.        Natalija Jurše    Potrebe po infrastrukturi, kot so jih opredelili v regijah, so dejanske in povsem realne, poleg tega so tesno povezane z gospodarstvom, saj pomenijo tudi infrastrukturno gospodarsko podporo in niso same sebi namen. Regionalnega razvoja torej ni in ne bo več, razmišlja Žagar. Ocenjuje, da so zdaj potrebni dva, trije koraki, in sicer je najprej treba vzeti v roke regionalne razvojne programe in vsebinsko izčistiti projekte, hkrati pa odpreti operativni program in s tem izvedbeni načrt ter zagotoviti denar. Žagar se namreč ne strinja z argumentacijo vlade oziroma ministrstev, da že sprejetega operativnega programa ni mogoče več na novo odpirati ob izvajanju nekaterih projektov, češ da bi to ustavilo implementacijo. Nasprotno, prepričan je, da se lahko vsebine prevetrijo vsaj na točkah, na katerih popolnoma stojijo, saj s tem ne bi vplivali na preostalo. Nekateri projekti na podlagi razpisov (in ne neposrednega financiranja) namreč tečejo in vsaj ti deloma zadevajo regije oziroma občine, kar pa vseeno ne razrešuje temeljnih problemov. Še večji razkorak med vzhodom in zahodom Iz podravske, pomurske in koroške regije so že zahtevali spremembe operativnega programa za zmanjševanje razlik med kohezijskima regijama, torej vzhodom in zahodom, ki morajo izhajati iz ključnih desetih projektov iz predlogov dogovorov za razvoj posamezne regije. Te zahteve bodo tudi tema predvidene januarske seje sveta kohezijske regije Vzhodna Slovenija. &quot;Ne zahtevamo drugega kot razvoj Slovenije, s tem pa tudi razvoj regij. To bi moral biti naš skupni cilj, ne nazadnje naj se gospodarska rast vrača tudi v okolja, iz katerih tudi izhaja,&quot; poudarja Žagar, ki hkrati pričakuje in apelira tudi na enoten nastop akterjev - lokalne ravni, gospodarstva pa tudi izobraževalnih institucij. Prepričan je še, da morajo biti nosilci projektov z območij, na katerih se izvajajo projekti, ne pa da se lahko ti šele naknadno priključujejo. V obdobju od 2014 do 2020 je opredeljenih za 3,1 milijarde evrov projektnih predlogov regij, pričakovano financiranje iz EU-skladov pa znaša 2,1 milijarde. Za osnovno delitev med skladoma - Evropskim skladom za regionalni razvoj (ESRR) in Evropskim socialnim skladom (ESS) - so med kohezijskima regijama Zahodna in Vzhodna Slovenija upoštevane razlike v razvitosti, potrebah in stanju na trgu dela ter napovedmi povečevanja stopnje tveganja revščine. Zahodni Sloveniji je tako načeloma namenjenih skupno 847 milijonov evrov, vzhodni pa skupno 1,26 milijarde evrov. Neodvisno od delitve med regijama pa je na voljo še dobra milijarda evrov iz kohezijskega sklada. Iz vzhodne regije je vse več kritik, da v praksi vsaj trenutno temu principu ne sledijo in da je več projektov odobrenih zahodu oziroma centru, na različnih področjih in pri različnih ciljih, kot denimo pri pomembnem cilju &quot;naložbe za rast in delovna mesta&quot;.    Regije opredelile na stotine projektov, izplen pa je ničen     Andrej Fištravec, mariborski župan v vlogi predsednika Razvojnega sveta regije Podravje: &quot;Teritorialnega dialoga praktično ni, ker vlada ne izvaja politike od spodaj navzgor, ampak je v nasprotju z evropskimi usmeritvami centralizirala ves denar, pri čemer lokalna okolja in regije uporablja samo za to, da ustvarja vtis dogovarjanja z lokalnimi okolji in regijami. Regije smo pripravile na stotine razvojnih projektov, ki jih je vlada s centraliziranim odločanjem obšla. Tako da se v realnosti postavlja pod vprašaj karkoli, kar predlagamo v regijah. Razkorak med vzhodno in zahodno regijo se povečuje in sedaj se dogaja tisto, na kar smo župani opozarjali od vsega začetka, da lokalne skupnosti nimamo nikakršnega vpliva na črpanje ‘lastnih‘ sredstev. Sedaj ni vprašanje, ali bo posamezna regija dobila enega ali tri prednostne projekte, ker realnost kaže, da ne bomo dobili ničesar. Slovenija de facto nima več regionalnega razvoja.&quot; (plt)  Dr. Miro Haček, strokovnjak za lokalno samoupravo s Fakultete za družbene vede: &quot;Sistem financiranja občin v Sloveniji je neustrezen iz več razlogov. Država občinam mora zagotoviti večinski delež finančnih sredstev, in to ne zato, ker bi občine tako želele, ampak zato, ker je sama postavila tak sistem financiranja občin. V zadnjih letih pa ta ista država občinam ne želi oziroma ne zmore zagotoviti niti tistega obsega financiranja, ki bi občinam omogočil opravljanje vseh tistih nujnih nalog, ki jim jih je naložila ta ista država. Poleg tega aktualna vlada arbitrarno ne upošteva zakonsko določenih predpisov, ki opredeljujejo višino državnega financiranja, z izgovorom varčevanja zaradi posledic gospodarske krize, po drugi strani pa se ta ista vlada trka po prsih z gospodarskimi dosežki in rastjo. V teh pogojih so se številne občine zatekle k izkoriščanju in pridobivanju evropskih sredstev, pri čemer so posamezne občine zelo uspešne, to pa za občine predstavlja eno redkih alternativ za razvoj lokalnih skupnosti. Čas bi bil, da se zgodba o konfliktu med državo in občinami konča in se najde skupni jezik, a zdi se, da za to ni ‘politične volje‘ s strani trenutne oblasti.&quot; (um)</article-text-transliterated>
	</article>
	<comments>
		<comments-count>0</comments-count>
		<comments-list/>
	</comments>
</document>
