<document global-id="si-04-1197"><url>https://www.vecer.com//denar-odpira-vsa-vrata-6229913</url><source-id>si-04</source-id><local-id>si-04-1197</local-id><source-name>Večer</source-name><article><article-title>Denar odpira vsa vrata</article-title><article-title-transliterated>Denar odpira vsa vrata</article-title-transliterated><article_time>2016-07-07</article_time><article-author>Irena Ferluga</article-author><article-text>Nekaj gnilega je v deželi Slovenski, v kateri so kriminalistične preiskave postale del vsakdana. Od televizijskih prizorov prevažanja Ivana Zidarja s policijsko marico februarja 2008 po Ljubljani, prihodov in odhodov nekoč mogočnih direktorjev na sodišče in z njega, do obiska kriminalistov v Banki Slovenije, je preteklo osem kriznih let. Od sanacije bank decembra 2013 dalje so jo - prej med državljani eno najbolj zaupanja vrednih institucij v državi - spremljali javni dvomi o zakonitosti njenega ravnanja, ki je skupaj prineslo petmilijardni davkoplačevalski strošek, več kot pol milijona državljanov pa je čez noč ostalo brez premoženja, vloženega v podrejene obveznice in delnice bank.
Argument aktualnega guvernerja centralne banke, da je tako moral ukrepati, ker lastnica bank (država) ni storila, kar bi bila morala (dokapitalizirati banke), je na trhlih nogah. Kdo pa je predlagal parlamentu v sprejem noveliran Zakon o bančništvu, ki je podržavljenje bank omogočil, če ne vlada. Je valiti odgovornost na poslance, ki mnogokrat pritiskajo glasovalne gumbe, kakor se v poslanskih skupinah pač dogovorijo, izmikanje odgovornosti? Je že res, da nihče od varčevalcev v bankah ni izgubil prihrankov, a tudi to ni argument. Varčevalskega denarja se ne dotika nobena oblast, razen tiste na Cipru, ki pa je bil podoben eksperiment, kot je bila z metodo sanacije bank Slovenija. Ne le, da je šlo za korenček in palico, šlo je za denar. Kajti denar odpira vsa vrata, govori vse jezike, nima vonja, ne pozna barve in ne loči barve kože. Tudi za dobro plačane službe je očitno šlo. Na odgovor, zakaj je morala biti NKBM tako hitro in tako poceni prodana, Maribor še čaka.
Očitno le niso bili zaman dve leti in pol javni pozivi združenj malih delničarjev in vlaganje ovadb vse do ustavnega sodišča, naj Banka Slovenije razkrije prave podatke o izračunu globine bančne luknje. Utemeljeni sumi o zlorabi pooblastil so v morebitno sprego povezali tako revizorske hiše kot slovensko oblast. Včeraj se je končno premaknilo, a prezgodaj je napovedovati razlaščenim povrnitev premoženja. So preiskave morda tempirane na za 19. julij napovedano objavo mnenja Evropskega sodišča v Luksemburgu, za katero ga je zaprosilo slovensko ustavno sodišče? Vtis, da izbris ene kategorije upnikov le ni bil zgolj splet mednarodnih okoliščin, pa ostaja.</article-text><article-text-transliterated>Nekaj gnilega je v deželi Slovenski, v kateri so kriminalistične preiskave postale del vsakdana. Od televizijskih prizorov prevažanja Ivana Zidarja s policijsko marico februarja 2008 po Ljubljani, prihodov in odhodov nekoč mogočnih direktorjev na sodišče in z njega, do obiska kriminalistov v Banki Slovenije, je preteklo osem kriznih let. Od sanacije bank decembra 2013 dalje so jo - prej med državljani eno najbolj zaupanja vrednih institucij v državi - spremljali javni dvomi o zakonitosti njenega ravnanja, ki je skupaj prineslo petmilijardni davkoplačevalski strošek, več kot pol milijona državljanov pa je čez noč ostalo brez premoženja, vloženega v podrejene obveznice in delnice bank.
Argument aktualnega guvernerja centralne banke, da je tako moral ukrepati, ker lastnica bank (država) ni storila, kar bi bila morala (dokapitalizirati banke), je na trhlih nogah. Kdo pa je predlagal parlamentu v sprejem noveliran Zakon o bančništvu, ki je podržavljenje bank omogočil, če ne vlada. Je valiti odgovornost na poslance, ki mnogokrat pritiskajo glasovalne gumbe, kakor se v poslanskih skupinah pač dogovorijo, izmikanje odgovornosti? Je že res, da nihče od varčevalcev v bankah ni izgubil prihrankov, a tudi to ni argument. Varčevalskega denarja se ne dotika nobena oblast, razen tiste na Cipru, ki pa je bil podoben eksperiment, kot je bila z metodo sanacije bank Slovenija. Ne le, da je šlo za korenček in palico, šlo je za denar. Kajti denar odpira vsa vrata, govori vse jezike, nima vonja, ne pozna barve in ne loči barve kože. Tudi za dobro plačane službe je očitno šlo. Na odgovor, zakaj je morala biti NKBM tako hitro in tako poceni prodana, Maribor še čaka.
Očitno le niso bili zaman dve leti in pol javni pozivi združenj malih delničarjev in vlaganje ovadb vse do ustavnega sodišča, naj Banka Slovenije razkrije prave podatke o izračunu globine bančne luknje. Utemeljeni sumi o zlorabi pooblastil so v morebitno sprego povezali tako revizorske hiše kot slovensko oblast. Včeraj se je končno premaknilo, a prezgodaj je napovedovati razlaščenim povrnitev premoženja. So preiskave morda tempirane na za 19. julij napovedano objavo mnenja Evropskega sodišča v Luksemburgu, za katero ga je zaprosilo slovensko ustavno sodišče? Vtis, da izbris ene kategorije upnikov le ni bil zgolj splet mednarodnih okoliščin, pa ostaja.</article-text-transliterated></article><comments><comments-count>0</comments-count><comments-list /></comments></document>