<document global-id="si-04-1048"><url>https://www.vecer.com//cigan-ampak-karikiran-6643774</url><source-id>si-04</source-id><local-id>si-04-1048</local-id><source-name>Večer</source-name><article><article-title>Cigan, ampak karikiran</article-title><article-title-transliterated>Cigan, ampak karikiran</article-title-transliterated><article_time>2019-01-13</article_time><article-author>Petra Vidali</article-author><article-text>Čeprav je roman Kristiana Novaka Cigan, ampak najlepši (Ciganin, ali najlepši) v popularni percepciji postal "najlepša ljubezenska zgodba", je njegovo žanrsko izhodišče kriminalka. Za razlago osnovnega kriminalnega zapleta pa ni bilo mogoče veliko črtati, zato je pristal na odru skoraj ves zgodbeni kompleks, vključno z begunsko problematiko. Tako široka površina ne dopušča veliko poglobitev, vendar jo dramatizacija Ivorja Martinića vsaj za silo ohranja predvsem s ponavljajočimi se motivi strahov, ki prežijo na protagoniste, njenih, Mileninih "čoplekih" v trebuhu in njegovih, Sandijevi pajkih, ki pletejo niti v nočnih morah. Vseeno je takšnih niti bistveno premalo, da bi lahko Novakov realizem postal magičen, kot na neki način postane v romanu. Hkrati pa tudi kriminalna zgodba s skrčenjem - četudi se zdi na odru na trenutke razvlečena - postane skoraj preveč moralična, njena družbena kritičnost preveč servirana.
Vrteči se oder je ob večprostorskem dogajanju seveda logistična rešitev, ki pa nosi tudi druge dimenzije. Kakorkoli se obrne, kjerkoli se ustavi, je pravzaprav enak, dom je pri Kurdih, Romih ali Medžimurcih nekaj bolj ali manj lično zbitih desk. Kakorkoli obrnemo, ne morejo ubežati usodi. Zato med prizorišči ni rezov, temveč so prehajanja v vse smeri, zato so ob vsakokratnem dogajalnem fokusu na drugi strani stene ali ob strani ves čas tudi drugi akterji in zato je tudi njihovo prehajanje med prizorišči (večinoma) domišljeno in fluidno. To režijsko in scensko dobro urejanje odrskega prometa je ob izvrstni igri celotnega 25-članskega ansambla z Nino Violić kot Mileno na čelu velika odlika uprizoritve.



Tudi reakcije mariborske publike so pokazale, da je uprizoritev tako uspešna, ker se pri prenosu literature na oder zgodi komedizacija




Ampak to najbrž ni to, kar dela to uprizoritev tako popularno, da nenehno polni matično dvorano in da je bil zaseden tudi zadnji sedež v Veliki dvorani SNG Maribor. Tudi reakcije mariborske publike so pokazale, da je uprizoritev tako uspešna, ker je prenos zapisanega na oder v veliki meri tudi spremenil osnovni modus sporočila. Kar je v romanu resnobno ali celo tragično, lahko postane na odru komično. Najprej se to zgodi zaradi narečja. Transkripcija neknjižnega jezika otežuje branje in jo ljubijo samo resni ljubitelji literature, dialekt na odru pa je star recept za izvabljanje smeha. Kolikor lahko presodim, so igralci zagrebške Drame pri tem odlični. Če se je medžimurskim in romskim jezikovnim legam smejala slovenska publika, si lahko predstavljam, kako smešne morajo biti šele hrvaškemu občinstvu. Še veliko več zaslug za smeh kot dialekti pa imajo - Cigani. Tudi tu je bil na delu podoben transformacijski postopek kot pri jeziku, h karikiranju pa bistveno pripomore kostumografija. Publika rezgeta, ko mati protagonista Sandija samo odpre usta, čeprav ženska pač umira in je tragična junakinja. Svetle družinske prihodnosti s pravo straniščno školjko in celo luknjo pod njo so sprožale salve smeha, hihitanje pa modrost, da Cigani kradejo po malem, domorodci pa na veliko. Zanimivo je, da je tudi na slovenski strani meje ob prenosu literature v druge medije pognala podobna stereotipna romantična podoba Romov, pri kateri gre karikiranje z roko v roki z idealizacijo. Nad njo smo zlahka ogorčeni, ampak dejstvo je, da je to vendarle edini popularni diskurz, ki goji do Romov simpatije, pa četudi tako, da jih smeši.
Glede na vse spremembe, ki se zgodijo pri prenosu literarne snovi na oder (poudarjeno vlogo ima pri tem pregovorno cigansko pisana kostumografija), je pravzaprav režiser Ivica Buljan precej dobro držal niti v rokah, da uprizoritev ohranja vsaj nekaj izvorne problemske teže. Mimogrede, tudi kriminalka na odru je stvar žanrskih, bulvarskih gledališč, v naši tradiciji pa sploh skoraj neznanka. V kateri nekomedijski gledališki stvaritvi pa imamo na odru policiste, no? Tukaj pa so povsem resen faktor. Vseeno tudi po ogledu te uprizoritve še bolj čakamo na film po Novakovem prvem romanu, Črna mati zemla. Res bo zanimivo videti, kaj lahko njegovi literaturi vzame in da ta medij.</article-text><article-text-transliterated>Čeprav je roman Kristiana Novaka Cigan, ampak najlepši (Ciganin, ali najlepši) v popularni percepciji postal "najlepša ljubezenska zgodba", je njegovo žanrsko izhodišče kriminalka. Za razlago osnovnega kriminalnega zapleta pa ni bilo mogoče veliko črtati, zato je pristal na odru skoraj ves zgodbeni kompleks, vključno z begunsko problematiko. Tako široka površina ne dopušča veliko poglobitev, vendar jo dramatizacija Ivorja Martinića vsaj za silo ohranja predvsem s ponavljajočimi se motivi strahov, ki prežijo na protagoniste, njenih, Mileninih "čoplekih" v trebuhu in njegovih, Sandijevi pajkih, ki pletejo niti v nočnih morah. Vseeno je takšnih niti bistveno premalo, da bi lahko Novakov realizem postal magičen, kot na neki način postane v romanu. Hkrati pa tudi kriminalna zgodba s skrčenjem - četudi se zdi na odru na trenutke razvlečena - postane skoraj preveč moralična, njena družbena kritičnost preveč servirana.
Vrteči se oder je ob večprostorskem dogajanju seveda logistična rešitev, ki pa nosi tudi druge dimenzije. Kakorkoli se obrne, kjerkoli se ustavi, je pravzaprav enak, dom je pri Kurdih, Romih ali Medžimurcih nekaj bolj ali manj lično zbitih desk. Kakorkoli obrnemo, ne morejo ubežati usodi. Zato med prizorišči ni rezov, temveč so prehajanja v vse smeri, zato so ob vsakokratnem dogajalnem fokusu na drugi strani stene ali ob strani ves čas tudi drugi akterji in zato je tudi njihovo prehajanje med prizorišči (večinoma) domišljeno in fluidno. To režijsko in scensko dobro urejanje odrskega prometa je ob izvrstni igri celotnega 25-članskega ansambla z Nino Violić kot Mileno na čelu velika odlika uprizoritve.



Tudi reakcije mariborske publike so pokazale, da je uprizoritev tako uspešna, ker se pri prenosu literature na oder zgodi komedizacija




Ampak to najbrž ni to, kar dela to uprizoritev tako popularno, da nenehno polni matično dvorano in da je bil zaseden tudi zadnji sedež v Veliki dvorani SNG Maribor. Tudi reakcije mariborske publike so pokazale, da je uprizoritev tako uspešna, ker je prenos zapisanega na oder v veliki meri tudi spremenil osnovni modus sporočila. Kar je v romanu resnobno ali celo tragično, lahko postane na odru komično. Najprej se to zgodi zaradi narečja. Transkripcija neknjižnega jezika otežuje branje in jo ljubijo samo resni ljubitelji literature, dialekt na odru pa je star recept za izvabljanje smeha. Kolikor lahko presodim, so igralci zagrebške Drame pri tem odlični. Če se je medžimurskim in romskim jezikovnim legam smejala slovenska publika, si lahko predstavljam, kako smešne morajo biti šele hrvaškemu občinstvu. Še veliko več zaslug za smeh kot dialekti pa imajo - Cigani. Tudi tu je bil na delu podoben transformacijski postopek kot pri jeziku, h karikiranju pa bistveno pripomore kostumografija. Publika rezgeta, ko mati protagonista Sandija samo odpre usta, čeprav ženska pač umira in je tragična junakinja. Svetle družinske prihodnosti s pravo straniščno školjko in celo luknjo pod njo so sprožale salve smeha, hihitanje pa modrost, da Cigani kradejo po malem, domorodci pa na veliko. Zanimivo je, da je tudi na slovenski strani meje ob prenosu literature v druge medije pognala podobna stereotipna romantična podoba Romov, pri kateri gre karikiranje z roko v roki z idealizacijo. Nad njo smo zlahka ogorčeni, ampak dejstvo je, da je to vendarle edini popularni diskurz, ki goji do Romov simpatije, pa četudi tako, da jih smeši.
Glede na vse spremembe, ki se zgodijo pri prenosu literarne snovi na oder (poudarjeno vlogo ima pri tem pregovorno cigansko pisana kostumografija), je pravzaprav režiser Ivica Buljan precej dobro držal niti v rokah, da uprizoritev ohranja vsaj nekaj izvorne problemske teže. Mimogrede, tudi kriminalka na odru je stvar žanrskih, bulvarskih gledališč, v naši tradiciji pa sploh skoraj neznanka. V kateri nekomedijski gledališki stvaritvi pa imamo na odru policiste, no? Tukaj pa so povsem resen faktor. Vseeno tudi po ogledu te uprizoritve še bolj čakamo na film po Novakovem prvem romanu, Črna mati zemla. Res bo zanimivo videti, kaj lahko njegovi literaturi vzame in da ta medij.</article-text-transliterated></article><comments><comments-count>0</comments-count><comments-list /></comments></document>