<document global-id="si-04-1251"><url>https://www.vecer.com//dnevnik-in-glej-da-se-mi-ne-izgubis-potem-v-zivljenju-6267288</url><source-id>si-04</source-id><local-id>si-04-1251</local-id><source-name>Večer</source-name><article><article-title>Dnevnik: In glej, da se mi ne izgubiš potem, v življenju!</article-title><article-title-transliterated>Dnevnik: In glej, da se mi ne izgubiš potem, v življenju!</article-title-transliterated><article_time>2017-06-03</article_time><article-author>Neža Divjak, dijakinja Prve gimnazije Maribor</article-author><article-text>Petek, 26. maja
Matura (lat. examina matura, zrelostni izpit) je v preteklih štirih letih vse prevečkrat ponovljena beseda. Končno pa se spreminja v resničnost in dobiva pravo podobo. Pretekla tri leta na Prvi gimnaziji sem kot zunanja opazovalka spremljala dijake, ki so, eden bolj, drugi manj, nasmejani prihajali iz učilnic po verjetno (do zdaj) najpomembnejšem preizkusu znanja. Zdeli so se mi tako zelo zreli, sedaj pa sem na njihovem mestu sama.
Še danes, ko je maturitetna pola angleščine oddaljena le slabih štiriindvajset ur, težko verjamem. Dodatno težo daje to, da se hkrati zaključuje izjemno pomembno poglavje za razvijajočo se osebo. Sploh to zadnje leto na Prvi je minilo, kot bi trenil. Razmišljam naprej. S šolo, ki predstavlja velik del mojega življenja, zdaleč ne povezujem le pouka. Z njo povezujem profesorje, ki so se trudili čim več naučiti nas, včasih vse premalo zainteresirane dijake. Poseben čar so ji dajali sošolci. Sprašujem se, ali bi bila podobno srečna v kakšnem drugem razredu. Bi tudi tam našla samo sebe? Vedela ne bom nikoli, srednješolska izkušnja je ena sama in moja je zaključena. Ostajajo pa znanje in izkušnje, ki smo jih pridobili, ter prijatelji, ki smo jih spoznali. Končno začenjam dojemati, da je prav zares konec in da gre sedaj zares. Pred vsemi nami je le še zadnji, a tako pomemben dogodek. V posteljo se odpravim bolj zgodaj kot običajno. Moram se odpočiti, jutri je pomemben dan.
Sobota, 27. maja
Dejstvo, da sem pozno in le s težavo zatisnila oči, je očitno. Mislim, da tudi drugi niso spali veliko bolje. Zavedanje, da je to naša edina priložnost, da se izkažemo v znanju angleščine, nas dela bolj nervozne, kot je potrebno. Vsekakor so razpoloženja, ki jih vidim pri sošolcih, različna. Nekateri so precej samozavestni, saj je angleščina “le angleščina”, drugim pa ravno ta povzroča precejšnje preglavice. Čuti se nemir, ki pa se z začetkom pisanja poleže in pred vsako naslednjo polo ga je manj. Sploh se ne zavedamo in že je konec tistih treh ur in pol (z odmori, kakopak) in vse naše znanje, prelito na papir, je spravljeno v zaprto kuverto.
Sledi vsesplošno izmenjavanje vtisov - nekaj je negodovanja, nekaj smeha, predvsem pa ogromno povpraševanja po odgovorih. Sama ne morem reči, da je bila višja raven, na kateri sem maturo opravljala, kakšno posebno presenečenje, bolj so bili presenečeni tisti, ki so opravljali osnovno raven. Vedno se najde kdo, ki se mu izpit ne bo zdel posebno zapleten, pa tudi kdo, ki bo rekel, da težje pole še ni reševal. Narediti ne moremo nič, kakršnokoli razpravljanje o zahtevnosti izpita je brezplodno in pomeni le izgubo v tem času več kot potrebne energije. Kljub temu da je bil že dopoldan precej naporen in se kakršenkoli drugi dan po takem preizkusu ne bi več prav veliko učila, danes za kaj takega ni časa. Že v ponedeljek in nato ves teden se namreč vrstijo mature. Delo si poskušam čim bolje organizirati, nastavim si opomnike, kaj vse moram še ponoviti, a vsega ne izpolnim. Za to je deloma kriv prevelik optimizem v sestavljanju le-teh, deloma pa utrujenost. V upanju, da se bom zbudila ob človeški uri, kot pravijo moji starši, se odpravim v posteljo.
Nedelja, 28. maja
Odlično sem se naspala in se takoj po zajtrku potopila v zvezke za slovenščino. Z učenjem sem se premaknila na zrak pred hišo in vsaj tako nadoknadila sonce, v katerem so lahko drugi družinski člani uživali ves dan v polni meri. Sobo sem zapustila še iz drugega razloga – polna je nakopičenih zvezkov in listov, da med njimi komajda ločim. Zavedam se, da to ni najbolj primerno delovno okolje, a me po drugi strani pomirja, saj dokazuje, da sem delala.
O današnjem dnevu pa ni veliko povedati. Bil je produktiven, kolikor je le mogoče, še vedno pa imam občutek, da bi si lahko privoščila kak odmor manj. Verjamem, da je pri večini maturantov podobno. Dejstvo, da smo vsi polnozaposleni s pripravami, dokazujejo tudi zreducirani pogovori s prijatelji. Zadnje dni se ti večinoma vrtijo le o maturi. Zaspim lažje kot pred dneva dnevoma, saj pred jutrišnjo maturo iz slovenščine ne čutim posebnega strahu. Verjetno zaradi tega, ker je polovica ocene že določena z esejem, deloma pa zato, ker sem se na maturitetni tempo že navadila.
Ponedeljek, 29. maja
Kako sem se zmotila! Celotno situacijo sem popolnoma napačno ocenila. Razčlemba je bila strašno zahtevna in zdi se mi, da težje, čeprav smo različne razčlembe reševali celo leto, še nisem pisala. Prav gotovo imam tak občutek deloma zaradi tega, ker je edina, ki je zares pomembna, sem pa prepričana, da je bila med zahtevnejšimi. Razočaranje me začasno vrže iz tira in mi pobere moči za učenje. Nekoliko se tolažim s tem, da se je večini zdela podobno težka, a večina naj ne bi bila merilo. Zavedam se, da za študij potrebujem zelo dobro opravljeno maturo, a da niti v moji naravi ni, da stvari prepustim in rečem, da mi je vseeno. Tak pristop se mi zdi v temelju popolnoma zgrešen. Delali smo štiri leta in sedaj moramo pokazati primeren nivo znanja, pa čeprav nekateri točk za študij ne potrebujejo. To dolgujemo predvsem sebi.
Nisem popolnoma prepričana, ali naj si malo odpočijem ali pa se takoj lotim dela, da ne bom tudi v sredo, ko pišem kemijo, razočarana. Izberem uro oddiha, ker vem, da si v takem zanosu ne bi kaj veliko zapomnila. Čez nekaj časa sem končno rešim tega “slovenskega afekta” in se lotim drugega dela. Ugotovim, da sta za mano oba jezikovna predmeta. Še vedno mislim, da je naravoslovje moje močnejše področje, zato upam, da bom po opravljeni kemiji, biologiji in matematiki bolj zadovoljna.
Torek, 30. maja
Izkupiček današnjega dneva: pogrizen noht (čeprav si nohtov nikoli nisem grizla), gora kemijskih nalog in velika tesnoba v meni. Zmanjkalo mi je papirja, kartuše in grafita (ponovim: alotropna modifikacija ogljika – organska kemija). Daje me utrujenost, h kateri dodatno pripomore vročina, čutim tudi, kako razdražljiva postajam. Celoten dan je skrajno žalosten.
Sreda, 31. maja
Marsikatero jutro spim dlje, kot bi smela, toda današnje ni take vrste. Nervoza me zbudi zgodaj. K sreči pa je občutek po opravljenem za večino dijakov, tudi zame, veliko bolj pozitiven kot pred dvema dnevoma. Da mi tako zelo potrebno voljo do učenja, saj se mature še ne končujejo. Preostanek dneva presedim za zvezki. To je trenutno pač moje edino opravilo. Naučila sem se namreč, da moram s časom ravnati smotrno. Motivacijo mi daje vedenje, da je polovica mature že končana, še bolj pa me navdihuje pričakovanje poletja.
Četrtek, 1. junija
Sonce pripeka, selim se z ene strani hiše na drugo, kljub temu pa mi je spomladansko sonce veliko bolj povšeči kot poletno. Tako lep pomladni dan je. Spomni me na Kosmačev roman Pomladni dan, ki sem ga brala takrat, ko sem imela še nekoliko več časa. Povezavo vidim še drugje - besedilo je določeno za maturitetno besedilo drugo leto – in v zadnjem zapisu spremljave moje mature mi misel uhaja k naslednji generaciji maturantov. Spomnim se pogovora med pisateljem in njegovim očetom. Ta ga spremlja del poti na ilegalnem pobegu čez mejo.
“No, zdaj pa kar pojdi!” pravi oče in poišče mojo roko. “Previdno hodi! … In glej, da se mi ne izgubiš! …”
“Saj poznam pot,” zašepetam.
“Hočem reči, da se mi ne izgubiš potem … kasneje … v življenju, kakor pravimo.”
“Ne bom se, ne,” z muko izdavim.
“Saj vem, da se ne boš,” pravi in mi strese roko. “No, zašel boš že včasih. A to ni tako hudo. Kdor nikdar ne zagazi na krivo pot, nemara sploh ne ve, da je bil na pravi … Ali me poslušaš?”
“Poslušam.”
Ne morem reči, da se nikoli ne bom izgubila, najverjetneje bom velikokrat zašla. Verjamem pa, da mi bo marsikaj, kar mi je dala Prva, takrat v veliko pomoč. Hvaležna sem za pridobljeno znanje. To je vredno veliko, a ni vse. Pomembni so pristni odnosi, ki jih je bilo tukaj – tako s profesorji kot tudi sošolci – ogromno. Prepričana sem, da se prijateljske vezi, ki so se vzpostavile v letošnji generaciji maturantov Prve, ne bodo kar tako pretrgale. In zato sem vesela, da sem bila štiri leta del Prve. Pred štirimi leti sem bila v času vpisa v velikem precepu – dolgo sem izbirala med Prvo in II. gimnazijo. Nikoli ne bom vedela, kako bi bilo drugje, vem pa, kako je bilo na Prvi, in srečna sem, da sem jo izbrala. Izbrala bi jo znova. •</article-text><article-text-transliterated>Petek, 26. maja
Matura (lat. examina matura, zrelostni izpit) je v preteklih štirih letih vse prevečkrat ponovljena beseda. Končno pa se spreminja v resničnost in dobiva pravo podobo. Pretekla tri leta na Prvi gimnaziji sem kot zunanja opazovalka spremljala dijake, ki so, eden bolj, drugi manj, nasmejani prihajali iz učilnic po verjetno (do zdaj) najpomembnejšem preizkusu znanja. Zdeli so se mi tako zelo zreli, sedaj pa sem na njihovem mestu sama.
Še danes, ko je maturitetna pola angleščine oddaljena le slabih štiriindvajset ur, težko verjamem. Dodatno težo daje to, da se hkrati zaključuje izjemno pomembno poglavje za razvijajočo se osebo. Sploh to zadnje leto na Prvi je minilo, kot bi trenil. Razmišljam naprej. S šolo, ki predstavlja velik del mojega življenja, zdaleč ne povezujem le pouka. Z njo povezujem profesorje, ki so se trudili čim več naučiti nas, včasih vse premalo zainteresirane dijake. Poseben čar so ji dajali sošolci. Sprašujem se, ali bi bila podobno srečna v kakšnem drugem razredu. Bi tudi tam našla samo sebe? Vedela ne bom nikoli, srednješolska izkušnja je ena sama in moja je zaključena. Ostajajo pa znanje in izkušnje, ki smo jih pridobili, ter prijatelji, ki smo jih spoznali. Končno začenjam dojemati, da je prav zares konec in da gre sedaj zares. Pred vsemi nami je le še zadnji, a tako pomemben dogodek. V posteljo se odpravim bolj zgodaj kot običajno. Moram se odpočiti, jutri je pomemben dan.
Sobota, 27. maja
Dejstvo, da sem pozno in le s težavo zatisnila oči, je očitno. Mislim, da tudi drugi niso spali veliko bolje. Zavedanje, da je to naša edina priložnost, da se izkažemo v znanju angleščine, nas dela bolj nervozne, kot je potrebno. Vsekakor so razpoloženja, ki jih vidim pri sošolcih, različna. Nekateri so precej samozavestni, saj je angleščina “le angleščina”, drugim pa ravno ta povzroča precejšnje preglavice. Čuti se nemir, ki pa se z začetkom pisanja poleže in pred vsako naslednjo polo ga je manj. Sploh se ne zavedamo in že je konec tistih treh ur in pol (z odmori, kakopak) in vse naše znanje, prelito na papir, je spravljeno v zaprto kuverto.
Sledi vsesplošno izmenjavanje vtisov - nekaj je negodovanja, nekaj smeha, predvsem pa ogromno povpraševanja po odgovorih. Sama ne morem reči, da je bila višja raven, na kateri sem maturo opravljala, kakšno posebno presenečenje, bolj so bili presenečeni tisti, ki so opravljali osnovno raven. Vedno se najde kdo, ki se mu izpit ne bo zdel posebno zapleten, pa tudi kdo, ki bo rekel, da težje pole še ni reševal. Narediti ne moremo nič, kakršnokoli razpravljanje o zahtevnosti izpita je brezplodno in pomeni le izgubo v tem času več kot potrebne energije. Kljub temu da je bil že dopoldan precej naporen in se kakršenkoli drugi dan po takem preizkusu ne bi več prav veliko učila, danes za kaj takega ni časa. Že v ponedeljek in nato ves teden se namreč vrstijo mature. Delo si poskušam čim bolje organizirati, nastavim si opomnike, kaj vse moram še ponoviti, a vsega ne izpolnim. Za to je deloma kriv prevelik optimizem v sestavljanju le-teh, deloma pa utrujenost. V upanju, da se bom zbudila ob človeški uri, kot pravijo moji starši, se odpravim v posteljo.
Nedelja, 28. maja
Odlično sem se naspala in se takoj po zajtrku potopila v zvezke za slovenščino. Z učenjem sem se premaknila na zrak pred hišo in vsaj tako nadoknadila sonce, v katerem so lahko drugi družinski člani uživali ves dan v polni meri. Sobo sem zapustila še iz drugega razloga – polna je nakopičenih zvezkov in listov, da med njimi komajda ločim. Zavedam se, da to ni najbolj primerno delovno okolje, a me po drugi strani pomirja, saj dokazuje, da sem delala.
O današnjem dnevu pa ni veliko povedati. Bil je produktiven, kolikor je le mogoče, še vedno pa imam občutek, da bi si lahko privoščila kak odmor manj. Verjamem, da je pri večini maturantov podobno. Dejstvo, da smo vsi polnozaposleni s pripravami, dokazujejo tudi zreducirani pogovori s prijatelji. Zadnje dni se ti večinoma vrtijo le o maturi. Zaspim lažje kot pred dneva dnevoma, saj pred jutrišnjo maturo iz slovenščine ne čutim posebnega strahu. Verjetno zaradi tega, ker je polovica ocene že določena z esejem, deloma pa zato, ker sem se na maturitetni tempo že navadila.
Ponedeljek, 29. maja
Kako sem se zmotila! Celotno situacijo sem popolnoma napačno ocenila. Razčlemba je bila strašno zahtevna in zdi se mi, da težje, čeprav smo različne razčlembe reševali celo leto, še nisem pisala. Prav gotovo imam tak občutek deloma zaradi tega, ker je edina, ki je zares pomembna, sem pa prepričana, da je bila med zahtevnejšimi. Razočaranje me začasno vrže iz tira in mi pobere moči za učenje. Nekoliko se tolažim s tem, da se je večini zdela podobno težka, a večina naj ne bi bila merilo. Zavedam se, da za študij potrebujem zelo dobro opravljeno maturo, a da niti v moji naravi ni, da stvari prepustim in rečem, da mi je vseeno. Tak pristop se mi zdi v temelju popolnoma zgrešen. Delali smo štiri leta in sedaj moramo pokazati primeren nivo znanja, pa čeprav nekateri točk za študij ne potrebujejo. To dolgujemo predvsem sebi.
Nisem popolnoma prepričana, ali naj si malo odpočijem ali pa se takoj lotim dela, da ne bom tudi v sredo, ko pišem kemijo, razočarana. Izberem uro oddiha, ker vem, da si v takem zanosu ne bi kaj veliko zapomnila. Čez nekaj časa sem končno rešim tega “slovenskega afekta” in se lotim drugega dela. Ugotovim, da sta za mano oba jezikovna predmeta. Še vedno mislim, da je naravoslovje moje močnejše področje, zato upam, da bom po opravljeni kemiji, biologiji in matematiki bolj zadovoljna.
Torek, 30. maja
Izkupiček današnjega dneva: pogrizen noht (čeprav si nohtov nikoli nisem grizla), gora kemijskih nalog in velika tesnoba v meni. Zmanjkalo mi je papirja, kartuše in grafita (ponovim: alotropna modifikacija ogljika – organska kemija). Daje me utrujenost, h kateri dodatno pripomore vročina, čutim tudi, kako razdražljiva postajam. Celoten dan je skrajno žalosten.
Sreda, 31. maja
Marsikatero jutro spim dlje, kot bi smela, toda današnje ni take vrste. Nervoza me zbudi zgodaj. K sreči pa je občutek po opravljenem za večino dijakov, tudi zame, veliko bolj pozitiven kot pred dvema dnevoma. Da mi tako zelo potrebno voljo do učenja, saj se mature še ne končujejo. Preostanek dneva presedim za zvezki. To je trenutno pač moje edino opravilo. Naučila sem se namreč, da moram s časom ravnati smotrno. Motivacijo mi daje vedenje, da je polovica mature že končana, še bolj pa me navdihuje pričakovanje poletja.
Četrtek, 1. junija
Sonce pripeka, selim se z ene strani hiše na drugo, kljub temu pa mi je spomladansko sonce veliko bolj povšeči kot poletno. Tako lep pomladni dan je. Spomni me na Kosmačev roman Pomladni dan, ki sem ga brala takrat, ko sem imela še nekoliko več časa. Povezavo vidim še drugje - besedilo je določeno za maturitetno besedilo drugo leto – in v zadnjem zapisu spremljave moje mature mi misel uhaja k naslednji generaciji maturantov. Spomnim se pogovora med pisateljem in njegovim očetom. Ta ga spremlja del poti na ilegalnem pobegu čez mejo.
“No, zdaj pa kar pojdi!” pravi oče in poišče mojo roko. “Previdno hodi! … In glej, da se mi ne izgubiš! …”
“Saj poznam pot,” zašepetam.
“Hočem reči, da se mi ne izgubiš potem … kasneje … v življenju, kakor pravimo.”
“Ne bom se, ne,” z muko izdavim.
“Saj vem, da se ne boš,” pravi in mi strese roko. “No, zašel boš že včasih. A to ni tako hudo. Kdor nikdar ne zagazi na krivo pot, nemara sploh ne ve, da je bil na pravi … Ali me poslušaš?”
“Poslušam.”
Ne morem reči, da se nikoli ne bom izgubila, najverjetneje bom velikokrat zašla. Verjamem pa, da mi bo marsikaj, kar mi je dala Prva, takrat v veliko pomoč. Hvaležna sem za pridobljeno znanje. To je vredno veliko, a ni vse. Pomembni so pristni odnosi, ki jih je bilo tukaj – tako s profesorji kot tudi sošolci – ogromno. Prepričana sem, da se prijateljske vezi, ki so se vzpostavile v letošnji generaciji maturantov Prve, ne bodo kar tako pretrgale. In zato sem vesela, da sem bila štiri leta del Prve. Pred štirimi leti sem bila v času vpisa v velikem precepu – dolgo sem izbirala med Prvo in II. gimnazijo. Nikoli ne bom vedela, kako bi bilo drugje, vem pa, kako je bilo na Prvi, in srečna sem, da sem jo izbrala. Izbrala bi jo znova. •</article-text-transliterated></article><comments><comments-count>0</comments-count><comments-list /></comments></document>