<document global-id="si-04-112"><url>https://www.vecer.com//slovensko-gledalisce-je-ze-zmeraj-prevec-zaprto-6238314</url><source-id>si-04</source-id><local-id>si-04-112</local-id><source-name>Večer</source-name><article><article-title>"Slovensko gledališče je že zmeraj preveč zaprto"</article-title><article-title-transliterated>"Slovensko gledališče je že zmeraj preveč zaprto"</article-title-transliterated><article_time>2016-10-20</article_time><article-author>Petra Zemljič</article-author><article-text>Festival Borštnikovo srečanje bo jutri gostil prestižni Rezidenztheater iz Münchna z uprizoritvijo Kdo se boji Virginije Woolf? v režiji intendanta Martina Kušeja, ki je letos tudi član strokovne žirije. Nemško gostovanje izdatno podpira Goethe Institut Ljubljana, Kušej pa se, kot je zanj značilno, posveča temnim in temačnim igram odnosov finega meščanstva. Zanimajo ga predvsem pred pričami izvajani sodobni čustveni dvoboji, ki prizadenejo protagoniste globoko v dušo in srce.

Martin Kušej je, kot je razbrati iz uradnih podatkov, najprej študiral nemški jezik s književnostjo in športne vede na Univerzi v Gradcu, nato pa leta 1982 pričel s študijem režije na Visoki šoli za glasbo in upodabljajočo umetnost v Gradcu. Od leta 1986 deluje kot dramski režiser, svojo ustvarjalno pozornost namenja tudi operi. Doslej je režiral v eminentnih gledališčih skoraj vseh evropskih mest (Gradec, München, Celovec, Stuttgart, Hamburg, Berlin, Dunaj, Verona, Zürich, Amsterdam, Pariz, Madrid, Ljubljana). Za svoje uprizoritve je prejel številne mednarodne nagrade, nagrado na Berliner Theatertreffen, nagrado Nestroy in nagrado Faust. Od leta 2011 kot intendant vodi Residenztheater v Münchnu. V obširnem razponu njegovih uprizorjenih del omenimo le najaktualnejša: nedavno je za Royal Opera House v londonskem Covent Gardnu pripravil svojo verzijo Mozartovega Idomenea in z Die Entführung aus dem Serail sodeloval na Festivalu Aix en Provence, njegova zadnja uprizoritev pa je Ivanov Antona Čehova na odru münchenskega Residenztheatra. Doslej je režiral okoli 105 komadov.

Slovenski teater pozna, tukaj je delal že večkrat, nazadnje leta 2007. Prvič je kot asistent režije v SNG Dramo Ljubljana prišel že leta 1986 in zato je, kot navaja, slovenski teater njegova skrivna ljubezen. Pozna tudi njegove križe in težave (predvsem finančne narave), za "svoj" teater na Bavarskem pa zatrjuje, da še zmeraj dela v paradižu. Tudi finančnem, saj je za predstave (okoli 22 premier na leto) dovolj denarja, teater mora "pridelati" le 20 odstotkov. Redko se vrača in ustvarja v Avstriji, od koder je doma. "Avstrija še zmeraj misli, da je en tak otok, dolina šentflorjanska, če hočete. Scena tam je samozadostna, zaprta, " pravi Kušej, ki te vzporednica povleče tudi s slovenskim gledališčem. Ocen kot član letošnje žirije seveda ne more dati, pravi pa, da je doslej videl različne teatrske forme, zelo raznolike. "Občutek pa imam, da je slovensko gledališče še zmeraj zelo zaprto in imamo premalo mednarodnih povezav. Te se mi zdijo zelo, zelo pomembne."

Kakšnega slovenskega teksta v münchenskem Residenztheatru še niso uprizorili. Kušej je že razmišljal o uprizoritvi Lepe Vide ali Dogodka v mestu Gogi, a zanimanja za tekste, ki so nastali na območju bivše Jugoslavije, tam pač ni. "Spomnim sem, da sem na oder postavil Krleževe tekste in predstava je bila na Dunaju razprodana. Ko smo jo selili v München, pa nič. To je verjetno bolj manjšinski program, a vendarle gostimo režiserje s tega območja: Matejo Koležnik, Oliverja Frljića in Ivico Buljana."

Sicer pa režiser, ki je pravkar začel drugi petletni mandat v Residenztheatru in kamor letno pride 233 tisoč gledalcev, stavi na igralce, ki so najvažnejši del teatra. Stavi na zgodbo in dramatične konflikte, postdramatični načini uprizarjanja so zanj slepa ulica. Obožuje različne forme teatra, dela opero, komedijo, klasiko, krstne uprizoritve. Vsak režiser ali igralec pa mora, je še prepričan, najprej obvladati obrtni del gledališke umetnosti.</article-text><article-text-transliterated>Festival Borštnikovo srečanje bo jutri gostil prestižni Rezidenztheater iz Münchna z uprizoritvijo Kdo se boji Virginije Woolf? v režiji intendanta Martina Kušeja, ki je letos tudi član strokovne žirije. Nemško gostovanje izdatno podpira Goethe Institut Ljubljana, Kušej pa se, kot je zanj značilno, posveča temnim in temačnim igram odnosov finega meščanstva. Zanimajo ga predvsem pred pričami izvajani sodobni čustveni dvoboji, ki prizadenejo protagoniste globoko v dušo in srce.

Martin Kušej je, kot je razbrati iz uradnih podatkov, najprej študiral nemški jezik s književnostjo in športne vede na Univerzi v Gradcu, nato pa leta 1982 pričel s študijem režije na Visoki šoli za glasbo in upodabljajočo umetnost v Gradcu. Od leta 1986 deluje kot dramski režiser, svojo ustvarjalno pozornost namenja tudi operi. Doslej je režiral v eminentnih gledališčih skoraj vseh evropskih mest (Gradec, München, Celovec, Stuttgart, Hamburg, Berlin, Dunaj, Verona, Zürich, Amsterdam, Pariz, Madrid, Ljubljana). Za svoje uprizoritve je prejel številne mednarodne nagrade, nagrado na Berliner Theatertreffen, nagrado Nestroy in nagrado Faust. Od leta 2011 kot intendant vodi Residenztheater v Münchnu. V obširnem razponu njegovih uprizorjenih del omenimo le najaktualnejša: nedavno je za Royal Opera House v londonskem Covent Gardnu pripravil svojo verzijo Mozartovega Idomenea in z Die Entführung aus dem Serail sodeloval na Festivalu Aix en Provence, njegova zadnja uprizoritev pa je Ivanov Antona Čehova na odru münchenskega Residenztheatra. Doslej je režiral okoli 105 komadov.

Slovenski teater pozna, tukaj je delal že večkrat, nazadnje leta 2007. Prvič je kot asistent režije v SNG Dramo Ljubljana prišel že leta 1986 in zato je, kot navaja, slovenski teater njegova skrivna ljubezen. Pozna tudi njegove križe in težave (predvsem finančne narave), za "svoj" teater na Bavarskem pa zatrjuje, da še zmeraj dela v paradižu. Tudi finančnem, saj je za predstave (okoli 22 premier na leto) dovolj denarja, teater mora "pridelati" le 20 odstotkov. Redko se vrača in ustvarja v Avstriji, od koder je doma. "Avstrija še zmeraj misli, da je en tak otok, dolina šentflorjanska, če hočete. Scena tam je samozadostna, zaprta, " pravi Kušej, ki te vzporednica povleče tudi s slovenskim gledališčem. Ocen kot član letošnje žirije seveda ne more dati, pravi pa, da je doslej videl različne teatrske forme, zelo raznolike. "Občutek pa imam, da je slovensko gledališče še zmeraj zelo zaprto in imamo premalo mednarodnih povezav. Te se mi zdijo zelo, zelo pomembne."

Kakšnega slovenskega teksta v münchenskem Residenztheatru še niso uprizorili. Kušej je že razmišljal o uprizoritvi Lepe Vide ali Dogodka v mestu Gogi, a zanimanja za tekste, ki so nastali na območju bivše Jugoslavije, tam pač ni. "Spomnim sem, da sem na oder postavil Krleževe tekste in predstava je bila na Dunaju razprodana. Ko smo jo selili v München, pa nič. To je verjetno bolj manjšinski program, a vendarle gostimo režiserje s tega območja: Matejo Koležnik, Oliverja Frljića in Ivico Buljana."

Sicer pa režiser, ki je pravkar začel drugi petletni mandat v Residenztheatru in kamor letno pride 233 tisoč gledalcev, stavi na igralce, ki so najvažnejši del teatra. Stavi na zgodbo in dramatične konflikte, postdramatični načini uprizarjanja so zanj slepa ulica. Obožuje različne forme teatra, dela opero, komedijo, klasiko, krstne uprizoritve. Vsak režiser ali igralec pa mora, je še prepričan, najprej obvladati obrtni del gledališke umetnosti.</article-text-transliterated></article><comments><comments-count>0</comments-count><comments-list /></comments></document>