<document global-id="si-04-1335"><url>https://www.vecer.com//dosje-o-staranju-in-starosti-bil-a-sem-nekdo-in-se-zmeraj-sem-6240118</url><source-id>si-04</source-id><local-id>si-04-1335</local-id><source-name>Večer</source-name><article><article-title>Dosje o staranju in starosti: Bil(a) sem nekdo. In še zmeraj sem</article-title><article-title-transliterated>Dosje o staranju in starosti: Bil(a) sem nekdo. In še zmeraj sem</article-title-transliterated><article_time>2016-11-14</article_time><article-author>Glorija Lorenci,
Tanja Milakovič</article-author><article-text>Ne bomo se zapletali v množico teorij ali bog ne daj celo lepih misli in citatov o tem, kdaj človek zdrsne med starejše, stare. Pri nas med 55. in 64. letom dela le še 35 odstotkov starejših, torej jih je 65 odstotkov v tem starostnem obdobju in starejših formalno definiranih, da so "neproduktivni", in ker podobe staranja niso neodvisne od ekonomije, so jim odpisane tudi vrednote prevladujoče kapitalistične ideologije, kot so kariernost, fleksibilnost, inovativnost, tekmovalnost, agresivnost ... Tej logiki sledimo tudi mediji, ključni pripovedovalci zgodb o starosti; analiza novinarskih prispevkov o starejših, objavljenih v petnajstih slovenskih medijih v obdobju od 28. marca do 1. junija 2016, je pokazala, da prevladuje poročanje o starejših kot o finančnem bremenu za družbo in grožnji državni blaginji. Grožnja tako niso tisti, ki so krizo povzročili, ampak starajoča se populacija. V stereotipnem, včasih tudi staromrzniškem jeziku: betežni, izčrpani, za časom, nemočni, manjvredni ... Edinstveno pri tem pa je, da imamo predsodke do skupine, ki ji bomo predvidoma nekoč pripadali tudi sami.







Infografika Uroš Šoštarič 


Fakultete ni zanimalo in jaz se nisem ponujala
Okrog nas je brez števila dobrih zgledov, da je staranje smiselni del človeškega življenja. Romana Šifrer. Zaposlitev: ZPIZ. Tako piše na njenem FB-profilu. Germanistka, najprej v gimnaziji, kasneje na fakulteti. Upokojena pred 23 leti, ko jih je imela 54. Vdova. "Ne razmišljam, da sem stara, ne vem, zakaj bi. Danes lahko delam, kar hočem. Grem v gledališče, na koncert, ukvarjam se s svojimi šestimi vnuki - toliko, kolikor si sama odmerim, ker moj čas ni samo zanje -, berem dobre knjige, naročena sem na nešteto časopisov, kartam pri prijateljih ali jih povabim domov v Bresternico, grem k sosedi na kavo, plavam in redno jemljem pohodne palice v roke. Pravim, da sem sama sebi svoj pes, ker se redno vodim na sprehode. Obožujem svojo svobodo in se potrudim, da mi je lepo. Ja, seveda imam nekaj bolezni, ampak jih ignoriram in na srečo imam visok prag za bolečino in nizkega za jamranje, sploh ga ne prenesem."
Legendarna profesorica. "Nobena človekova sposobnost ne ugasne tisti trenutek, ko te pošljejo med ‘neproduktivne‘. Prvih deset let po penziji sem se spraševala, zakaj, za vraga, me ne ponucajo za izobraževanje učiteljev germanistike, ko pa vedo, da imam poučevanje v malem prstu. Okoli 30 fasciklov predavanj imam še vedno shranjenih, od tega, kako se predava literatura v nemščini, do tega, kakšen mora biti izpitni režim ... To je bilo moje poklicno delo in nič ni bilo lepšega od tega, ko sem predavala po Sloveniji in so se na koncu učitelji zgrnili okrog mene in spraševali, spraševali ... Pohvala dekana, ja, saj šteje, ampak največ mi je pomenilo, če so se študentom radovedno iskrile oči. Veliko znanja in izkušenj bi lahko generacijam predala še tudi po upokojitvi, a fakultete ni zanimalo, jaz pa se nisem ponujala. Premalo so me izkoristili."
Dnevnik piše vsakodnevno že celih 40 let. V njih je črno na belem, koliko ljudi je spravila vse do mednarodnih certifikatov iz znanja tujega jezika, "ker polovičarstva pa se ne bomo šli". Ne zna nehati - danes do jezikovnih certifikatov spravlja vnuke in njihove prijatelje. Podpira mlade umetnike in šola otroka v Etiopiji, vse vnuke, od tridesetletnika do šestletnice, je naučila plavati in nedelja, se ve, je dan, ko skuha zanje kosilo, ki mu sledi dolg klepet. Če ni ravno sedla za volan in se odpeljala k sestri v Italijo, k nečakom v München ali na Dunaj ... "Najbolje pa se počutim, ko me pokliče katera od prijateljic in reče, pridi, nujno potrebujem tvoj smeh in dobro voljo."
Prostovoljec od jutra
Edi Sever je tisti motor, ki si je za Hišo generacij v Zgornji Kungoti zamislil rešitev, kako bi lahko postala dosegljiva za ljudi, ki jim je predaleč in sami nimajo prevoza. Društvo upokojencev, ki mu predseduje, je v kungoških podjetjih pravzaprav neverjetno hitro za ta čas nabralo dovolj donacij, da je lahko kupilo rabljen, dobro ohranjen avtomobil. "V dobrem mesecu in pol smo opravili že nad 2000 kilometrov." Edi Sever je upokojenec od leta 2010. O kakšnem upokojitvenem sindromu ni utegnil razglabljati; žena je bila hudo bolna. Imajo pa mnogi ljudje velike stiske, ko se za njimi zaprejo službena vrata, pravi. "Ko gre človek v pokoj, se znajde v drugi vlogi. Včasih so govorili, da je upokojitev najtežja za policiste, vojake, direktorje ... Ni res, tudi delavec v skladišču ali za tekočim trakom lahko ima ob upokojitvi velike težave, če ne zna zapolniti nastale praznine. Hiša generacij je prostor, kjer se marsikdo izpove."
Z dušo in srcem je prostovoljec. "In tudi s telesom," se nasmeji. "Že od zgodnjega jutra, ko sedem za računalnik. Ko vidiš, da si človeku pomagal, je to neverjeten vir energije." V Sloveniji je med aktivnimi prostovoljci kar 85 odstotkov starejših od 60 let in prostovoljne ure, ki jih opravijo na področjih socialnih in humanitarnih dejavnosti, se štejejo v milijonih. "Državo ven vlečemo," pravi Sever. Pod Urbanom ima hiško, kos vinograda, sadovnjak, tam si polni baterije. "No, nisem najbolj zdrav, lani sem imel tri operacije, letos srčni infarkt. Ampak ne bom se pustil, ni govora!"
Ne se ozirati v preteklost
Adela Kelhar, sociologinja, štiri leta upokojena, je bila v Svetovalnem centru za otroke, mladostnike in starše Maribor zaposlena do svojega 70. leta, za seboj ima 48 delovnih let. Še zmeraj vodi Klub teorije izbire, vodila je nekaj sto delavnic, na katerih se je po Glasserjevi teoriji svobodne izbire več tisoč odraslih učilo, kako kakovostno živeti s seboj in bližnjimi, kako se samospoštovati - in še zmeraj jo pocukajo za rokav, ali se ne bi nemara spet dobili. "Že v preteklosti, zdaj pa še bolj, se je pozabljalo, da ima človek, ki živi dalj časa, veliko izkušenj. Bogatijo njega in ljudi, s katerimi živi. Izkušnja je najvažnejša stvar. Lahko veliko prebereš, veliko veš, a to ni izkušnja. Kot tudi med znanjem in modrostjo ni preprostega enačaja."
V kulturi, v kateri živimo, težko dajemo drug drugemu priznanje, pravi. "V ospredju je, kako razvrednotiti drugega, kako mu povedati, česar ne opravlja, kot bi bilo treba, namesto da bi videli, kaj je dobro naredil. V takšni kulturi moraš biti močan, da se te to boleče ne dotakne. Ne more pa se te dotakniti, ko znaš s seboj. Ko se spoštuješ in veš za svojo vrednost." Glasserjeva znanstvena teorija, da lahko vsak človek iz sebe naredi vse, kar hoče, ampak vse lahko naredi samo pri sebi in samo v sedanjosti, jo je osvojila. "Ne se ozirati v preteklost, ker potem greš nazaj v svoje prepade, v boleče globočine in ne najdeš koraka naprej."
Upokojitev - težka izkušnja? "Nikakor, četudi sem v svojem delu brezmejno uživala. Ustvarjam, pletem, kvačkam, imam vrt, moj način, kako sebi dati priznanje, pa je, da veliko hodim. Poleti - živim na deželi - najraje med žitnimi polji."
V zvezi društev upokojencev Slovenije pravijo: "Upokojencev je toliko, da so velika potrošniška skupina, ki soustvarja gospodarsko rast. Ne pozabimo, da kar 75 odstotkov starejših od 65 let pomaga otrokom in vnukom, tako finančno kot s skrbjo zanje." Vendar pri nas kljub dejstvu, da je stranka, ki zastopa upokojence, že leta v vladi, sistemske težave ostajajo. Kot je v soboto na konferenci Revščina, mimimalni prihodek, minimalna pokojnina, ki jo je prav s stranko DeSUS pripravila Evropska demokratska stranka, ugotavljal ekonomist
dr. Igor Masten
, je slovenski pokojinski sistem v nezavidljem položaju. Težava je nizka zaposlenost starejših od 55 let in pa tistih med 15 in 25. Nekdo, ki se že kot mlad ujame v past prenizkih dohodkov in je podvržen tveganju revščine, ima majhne možnosti, da se iz te pasti do visoke starosti izvleče. Potrebujemo ciljno ukrepanje. Delovna mesta, ki so prilagojena zdravju in sposobnostim starejših, ter šolanje kadrov, ki lahko službe dejsnako tudi dobijo. "To ni raketna znanost. So primeri dobrih praks, v na bor ukrepov je treba le povezati to, kar potrebujemo," je pojasnil Masten
. (dr)




Edinstveno pri tem pa je, da imamo predsodke do skupine, ki ji bomo predvidoma nekoč pripadali tudi sami</article-text><article-text-transliterated>Ne bomo se zapletali v množico teorij ali bog ne daj celo lepih misli in citatov o tem, kdaj človek zdrsne med starejše, stare. Pri nas med 55. in 64. letom dela le še 35 odstotkov starejših, torej jih je 65 odstotkov v tem starostnem obdobju in starejših formalno definiranih, da so "neproduktivni", in ker podobe staranja niso neodvisne od ekonomije, so jim odpisane tudi vrednote prevladujoče kapitalistične ideologije, kot so kariernost, fleksibilnost, inovativnost, tekmovalnost, agresivnost ... Tej logiki sledimo tudi mediji, ključni pripovedovalci zgodb o starosti; analiza novinarskih prispevkov o starejših, objavljenih v petnajstih slovenskih medijih v obdobju od 28. marca do 1. junija 2016, je pokazala, da prevladuje poročanje o starejših kot o finančnem bremenu za družbo in grožnji državni blaginji. Grožnja tako niso tisti, ki so krizo povzročili, ampak starajoča se populacija. V stereotipnem, včasih tudi staromrzniškem jeziku: betežni, izčrpani, za časom, nemočni, manjvredni ... Edinstveno pri tem pa je, da imamo predsodke do skupine, ki ji bomo predvidoma nekoč pripadali tudi sami.







Infografika Uroš Šoštarič 


Fakultete ni zanimalo in jaz se nisem ponujala
Okrog nas je brez števila dobrih zgledov, da je staranje smiselni del človeškega življenja. Romana Šifrer. Zaposlitev: ZPIZ. Tako piše na njenem FB-profilu. Germanistka, najprej v gimnaziji, kasneje na fakulteti. Upokojena pred 23 leti, ko jih je imela 54. Vdova. "Ne razmišljam, da sem stara, ne vem, zakaj bi. Danes lahko delam, kar hočem. Grem v gledališče, na koncert, ukvarjam se s svojimi šestimi vnuki - toliko, kolikor si sama odmerim, ker moj čas ni samo zanje -, berem dobre knjige, naročena sem na nešteto časopisov, kartam pri prijateljih ali jih povabim domov v Bresternico, grem k sosedi na kavo, plavam in redno jemljem pohodne palice v roke. Pravim, da sem sama sebi svoj pes, ker se redno vodim na sprehode. Obožujem svojo svobodo in se potrudim, da mi je lepo. Ja, seveda imam nekaj bolezni, ampak jih ignoriram in na srečo imam visok prag za bolečino in nizkega za jamranje, sploh ga ne prenesem."
Legendarna profesorica. "Nobena človekova sposobnost ne ugasne tisti trenutek, ko te pošljejo med ‘neproduktivne‘. Prvih deset let po penziji sem se spraševala, zakaj, za vraga, me ne ponucajo za izobraževanje učiteljev germanistike, ko pa vedo, da imam poučevanje v malem prstu. Okoli 30 fasciklov predavanj imam še vedno shranjenih, od tega, kako se predava literatura v nemščini, do tega, kakšen mora biti izpitni režim ... To je bilo moje poklicno delo in nič ni bilo lepšega od tega, ko sem predavala po Sloveniji in so se na koncu učitelji zgrnili okrog mene in spraševali, spraševali ... Pohvala dekana, ja, saj šteje, ampak največ mi je pomenilo, če so se študentom radovedno iskrile oči. Veliko znanja in izkušenj bi lahko generacijam predala še tudi po upokojitvi, a fakultete ni zanimalo, jaz pa se nisem ponujala. Premalo so me izkoristili."
Dnevnik piše vsakodnevno že celih 40 let. V njih je črno na belem, koliko ljudi je spravila vse do mednarodnih certifikatov iz znanja tujega jezika, "ker polovičarstva pa se ne bomo šli". Ne zna nehati - danes do jezikovnih certifikatov spravlja vnuke in njihove prijatelje. Podpira mlade umetnike in šola otroka v Etiopiji, vse vnuke, od tridesetletnika do šestletnice, je naučila plavati in nedelja, se ve, je dan, ko skuha zanje kosilo, ki mu sledi dolg klepet. Če ni ravno sedla za volan in se odpeljala k sestri v Italijo, k nečakom v München ali na Dunaj ... "Najbolje pa se počutim, ko me pokliče katera od prijateljic in reče, pridi, nujno potrebujem tvoj smeh in dobro voljo."
Prostovoljec od jutra
Edi Sever je tisti motor, ki si je za Hišo generacij v Zgornji Kungoti zamislil rešitev, kako bi lahko postala dosegljiva za ljudi, ki jim je predaleč in sami nimajo prevoza. Društvo upokojencev, ki mu predseduje, je v kungoških podjetjih pravzaprav neverjetno hitro za ta čas nabralo dovolj donacij, da je lahko kupilo rabljen, dobro ohranjen avtomobil. "V dobrem mesecu in pol smo opravili že nad 2000 kilometrov." Edi Sever je upokojenec od leta 2010. O kakšnem upokojitvenem sindromu ni utegnil razglabljati; žena je bila hudo bolna. Imajo pa mnogi ljudje velike stiske, ko se za njimi zaprejo službena vrata, pravi. "Ko gre človek v pokoj, se znajde v drugi vlogi. Včasih so govorili, da je upokojitev najtežja za policiste, vojake, direktorje ... Ni res, tudi delavec v skladišču ali za tekočim trakom lahko ima ob upokojitvi velike težave, če ne zna zapolniti nastale praznine. Hiša generacij je prostor, kjer se marsikdo izpove."
Z dušo in srcem je prostovoljec. "In tudi s telesom," se nasmeji. "Že od zgodnjega jutra, ko sedem za računalnik. Ko vidiš, da si človeku pomagal, je to neverjeten vir energije." V Sloveniji je med aktivnimi prostovoljci kar 85 odstotkov starejših od 60 let in prostovoljne ure, ki jih opravijo na področjih socialnih in humanitarnih dejavnosti, se štejejo v milijonih. "Državo ven vlečemo," pravi Sever. Pod Urbanom ima hiško, kos vinograda, sadovnjak, tam si polni baterije. "No, nisem najbolj zdrav, lani sem imel tri operacije, letos srčni infarkt. Ampak ne bom se pustil, ni govora!"
Ne se ozirati v preteklost
Adela Kelhar, sociologinja, štiri leta upokojena, je bila v Svetovalnem centru za otroke, mladostnike in starše Maribor zaposlena do svojega 70. leta, za seboj ima 48 delovnih let. Še zmeraj vodi Klub teorije izbire, vodila je nekaj sto delavnic, na katerih se je po Glasserjevi teoriji svobodne izbire več tisoč odraslih učilo, kako kakovostno živeti s seboj in bližnjimi, kako se samospoštovati - in še zmeraj jo pocukajo za rokav, ali se ne bi nemara spet dobili. "Že v preteklosti, zdaj pa še bolj, se je pozabljalo, da ima človek, ki živi dalj časa, veliko izkušenj. Bogatijo njega in ljudi, s katerimi živi. Izkušnja je najvažnejša stvar. Lahko veliko prebereš, veliko veš, a to ni izkušnja. Kot tudi med znanjem in modrostjo ni preprostega enačaja."
V kulturi, v kateri živimo, težko dajemo drug drugemu priznanje, pravi. "V ospredju je, kako razvrednotiti drugega, kako mu povedati, česar ne opravlja, kot bi bilo treba, namesto da bi videli, kaj je dobro naredil. V takšni kulturi moraš biti močan, da se te to boleče ne dotakne. Ne more pa se te dotakniti, ko znaš s seboj. Ko se spoštuješ in veš za svojo vrednost." Glasserjeva znanstvena teorija, da lahko vsak človek iz sebe naredi vse, kar hoče, ampak vse lahko naredi samo pri sebi in samo v sedanjosti, jo je osvojila. "Ne se ozirati v preteklost, ker potem greš nazaj v svoje prepade, v boleče globočine in ne najdeš koraka naprej."
Upokojitev - težka izkušnja? "Nikakor, četudi sem v svojem delu brezmejno uživala. Ustvarjam, pletem, kvačkam, imam vrt, moj način, kako sebi dati priznanje, pa je, da veliko hodim. Poleti - živim na deželi - najraje med žitnimi polji."
V zvezi društev upokojencev Slovenije pravijo: "Upokojencev je toliko, da so velika potrošniška skupina, ki soustvarja gospodarsko rast. Ne pozabimo, da kar 75 odstotkov starejših od 65 let pomaga otrokom in vnukom, tako finančno kot s skrbjo zanje." Vendar pri nas kljub dejstvu, da je stranka, ki zastopa upokojence, že leta v vladi, sistemske težave ostajajo. Kot je v soboto na konferenci Revščina, mimimalni prihodek, minimalna pokojnina, ki jo je prav s stranko DeSUS pripravila Evropska demokratska stranka, ugotavljal ekonomist
dr. Igor Masten
, je slovenski pokojinski sistem v nezavidljem položaju. Težava je nizka zaposlenost starejših od 55 let in pa tistih med 15 in 25. Nekdo, ki se že kot mlad ujame v past prenizkih dohodkov in je podvržen tveganju revščine, ima majhne možnosti, da se iz te pasti do visoke starosti izvleče. Potrebujemo ciljno ukrepanje. Delovna mesta, ki so prilagojena zdravju in sposobnostim starejših, ter šolanje kadrov, ki lahko službe dejsnako tudi dobijo. "To ni raketna znanost. So primeri dobrih praks, v na bor ukrepov je treba le povezati to, kar potrebujemo," je pojasnil Masten
. (dr)




Edinstveno pri tem pa je, da imamo predsodke do skupine, ki ji bomo predvidoma nekoč pripadali tudi sami</article-text-transliterated></article><comments><comments-count>0</comments-count><comments-list /></comments></document>