<?xml version="1.0" encoding="utf-8"?>
<document global-id="si-04-1133">
	<url>https://www.vecer.com//danes-na-pikniku-z-vami-tudi-dan-d-katarza-bo-lahko-kruta-6234264</url>
	<source-id>si-04</source-id>
	<local-id>1133</local-id>
	<source-name>Večer</source-name>
	<article>
		<article-title>Danes na pikniku z vami tudi Dan D: &quot;Katarza bo, lahko kruta.&quot;</article-title>
		<article-title-transliterated>Danes na pikniku z vami tudi Dan D: &quot;Katarza bo, lahko kruta.&quot;</article-title-transliterated>
		<article-time>2016-08-27</article-time>
		<article-author>Bojan Tomažič</article-author>
		<article-text>Tomislav Jovanović - Tokac in Nikola Sekulović sta prijetna sogovornika, ne zmanjka jima besed. Čeprav sta prava muzikanta, se je z njima zanimivo pogovarjati še o čem drugem. Na primer o smislu. Pod Pohorje pridete igrat. Kaj vesta o Mariboru? Nikola: &quot;V Mariboru sem preživel tri lepa leta svojega življenja, eno leto kot vojak, dve v ljubezni in v študentskem domu na Tyrševi. Rad imam Maribor, čutim ga kot svojega in z veseljem se tja vračam tudi zdaj, ko živim v Ljubljani.&quot; Tokac: &quot;Kot prišlek s Hrvaškega sem spoznaval vse regionalne navade in kulture v Sloveniji. Štajerske karakterne črte so drugačne kot dolenjske, Maribor paše na moj karakter, eni bi rekli, da je purgersko mesto, ima nekaj tega pridiha, bolj je odprto, bolj je živo.&quot; Na majhnem prostoru je toliko različnosti, da se ne znamo niti več pogovarjati. Tokac: &quot; Ko sem podrobneje spoznaval Slovenijo, je bil to zame kulturni šok, po tridesetih kilometrih se namreč že popolnoma spremeni infrastruktura. Štajerska, Gorenjska, Primorska, Dolenjska, ljudje so na en način isti, po drugi strani povsem različni. Bi pričakoval, da imajo v eni državi skupne interese, ampak ne, tu se drobijo na lokalne, ampak lokalci vendarle znajo stopiti skupaj. Se mi pa zdi, da je ta duh drobljenja po vsem svetu prisoten.&quot; Nikola:  &quot;Bolj ko smo si podobni, bolj drug drugega živciramo in bi želeli biti drugačni od onega, ki smo mu podobni - tudi to je ena od resnic. Manjša ko je skupnost, večja je potreba po razlikovanju, obstajajo otoške države v Pacifiku in v Afriki, kjer v okviru majhnih skupnosti obstajajo različni jeziki, tako različni, da si jih na velikih teritorijih ne moreš niti zamisliti. Bolj ko si utesnjen, večja je ta potreba po razlikovanju, po drugi strani pa se mi zdi, da živimo v iluziji, da se v majhnem prostoru vsi poznamo. To je ena od največjih neumnosti v Sloveniji. Če pogledaš politiko, šport, kulturo, jaz ne vem, kdo s kom spi, me pa vedno znova preseneti, ko mi rečejo, joj, stari, ti ne veš, da je oni poročen s sestrično od onega, potem pridejo na svetlo še ugotovitve obveščevalnih služb in drugih lukrativnih poklicev.&quot; Slovenska različnost na nekaj kilometrih        Robert Balen   So tako različne tudi glasbene scene? Tokac: &quot;Eni glasbeniki so se odločili za popolnoma zabavljaški del, ki omogoča, da preživijo - in jih ne zanima angažiranost. Sam pa menim, da je osnovno poslanstvo glasbenika, da je njegovo delo odraz časa. Da govori o času, ki ga živimo. Včasih se ni bilo tako težko pozicionirati. Zdaj prav ne veš, kaj bi kritiziral, ker je konformizem vsepovsod. Vendarle pa indiferentnost ljudi govori o času, v katerem smo.&quot; Nikola: &quot;Glasbeniki smo v zadnjih tridesetih letih zagrešili vrsto grehov. Eden od teh je, da se glasba danes dojema kot nekaj, kar je zelo primerno za dušo in srce, pozabljamo pa, da je glasba velik del svoje zgodovine bila tudi za možgane. Ker možganov v glasbi v zadnjih tridesetih letih ni ravno veliko, se neposredno čuti v tem, da je glasba izgubila povezavo s socialnimi gibanji. Rokenrol v zadnjih šestdesetih letih je bil povezan z rasnim vprašanjem, s feminizmom, z vojno v Vietnamu, s socialnimi razlikami, s tehnološkim napredkom, fasciniran je bil nad vesoljem, povezoval se je z znanostjo in drugimi umetnostmi. To so bila močna gibala, ki so omogočala, da je nek dolgolasi, lahko tudi zadrogirani hipi rekel, hm, in je nekaj deset tisoč ljudi šlo na ulice protestirat. Tega pojava danes nimamo več. Menim, da je to začasno stanje, ker je poslanstvo nas, glasbenikov, da te povezave poskušamo vsaj obuditi. Ne bo pa jih mogoče, če se bomo obnašali tako, kot se obnaša večina kreativcev na tem področju, in bomo samo ustvarjali potrošne dobrine. Ne, da jih ne znamo, znamo jih in lahko uživamo v tem, vendar to ni vse v življenju, mora biti še nekaj več.&quot; Mega hita Voda in Čas sta vas spremenila in letvico nastavila zelo visoko. Vam in drugim glasbenikom. Kaj pravita na to? Kako ste se odzvali? Tokac: &quot;Če resno delaš, hočeš vsakič sebe preseči. Jaz imam to frustracijo, da pet let po vsaki plošči potrebujem, da jo zares dojamem, da jo začnem poslušati in da nimam problemov z njo. Vedno sam sebe lovim in je torej to neskončni proces.&quot; Vlagati energijo, biti trmast, imeti vizijo, si želeti in imeti talent. Kaj je še treba za to, da narediš nekaj dobrega v glasbi? Tokac:  &quot;Neko posvečenost moraš imeti, ne moreš vsega tega delati zaradi žensk in rokenrola. To je lahko spodbuda na začetku, potem je vse to mimo. Če imaš talent, ga moraš začeti razvijati, negovati, to zahteva veliko več dela, kot ga ljudje opazijo. In sploh ne gre za druge, ampak zate, ali si pripravljen več vložiti, kot je sploh potrebno.&quot; Nikola: &quot;Nihče od nas nima preveč časa, pozornosti, energije in denarja. Ko se odločiš te stvari angažirati zares, mora to imeti smisel. Lahko ga najdeš znotraj sebe, tako, da si v skladu sam s sabo, drugi smisel je v komunikaciji z zunanjim svetom, z drugimi ljudmi. Če se vprašanje smisla postavi na pravilen način, vlaganje časa, pozornosti, energije in denarja ni več problem. Če pa v tem svetu ne investiraš in ne investiraš več, kot je treba, ni presežkov. Vsi imamo površno življenje, ampak takrat, ko se odločiš zavestno, načrtno, želiš ustvariti presežek, ker je to edino, kar te lahko pripelje v novo poglavje. Najlažje pa je reciklirati in ohranjati status quo. Če pa želiš nekaj povedati, boš to storil. Bob Dylan je celo ukradel kitaro za to. Treba je iz lagodja in ne smemo več kazati na druge, moramo pogledati vase in videti, kaj nas žene. Center ni prednost, če nisi dober Dan D je novomeški bed, a vendarle ste vi, Nikola, že dolga leta Ljubljančan. Je torej lažje, če si iz centra? Nikola: &quot;Suvereno trdim, da to, če si iz centra, ni odločilna prednost. Že prej so v glasbi bili tudi projekti, kot je bil Provinca vrača udarec, v katerem so se združevali tisti, ki so bili z obrobij. Zdaj je večina najpomembnejših ljudi na pop in rock estradi iz province, v narodnozabavni sceni pa skoraj vsi. Fama o prestolnici kot o nekem leglu za ustvarjalca ni prava. Zelo pragmatično je to, neka komunikacijska frekvenca je vendarle močnejša in lahko pripelje do tega, da postane predsednik države ali drugi pomemben politik nekdo iz Trbovelj, Prekmurja, Grosuplja ali drugod. Tudi olimpijske medalje so osvojili ljudje z obrobja. Z mitologijo, ki se ji reče majhnost province do prestolnice in majhnosti Slovenije proti svetu, škodimo sebi.&quot; Tokac: Od nekdaj se je šlo v epicenter. V prejšnji državi je tudi bilo treba iti v Zagreb, Beograd, v Sarajevo. Pomembna je iniciativa in ne, od kod prihajaš. Jasno je, da smo neko obdobje gravitirali na Ljubljano, ker je bilo to potrebno. So pa tu tako kratke razdalje, da se ni treba seliti v center.&quot; Ali torej ni bilo vam težje prodreti kot Siddharti in Big Foot Mami? Tokac:  &quot;Mogoče se to lahko meri v času. Če si odločen in imaš željo in voljo, je odvisno, ali bo trajalo deset, dvajset ali trideset let. Pri nas je trajalo skoraj deset let, da smo se afirmirali, Siddharti verjetno manj, ampak v vsakem primeru so tudi ti bendi vložili v to, da so tam, kjer so zdaj. Želja je bila tudi pri njih in odrekanja tudi.&quot; Oster kitarski rock je pri nas mainstream. Poleg imamo pa na študentskih žurih narodnjake. Nekaj tu manjka , ali ne? Tokac: Če gre v kitarski glasbi samo za zadovoljevanje osnovnih primarnih čustev, potem je hreščeča kitara zame približno isto kot harmonika. Ni mi torej čudno, da se je to nekako zvezalo skupaj, ker je zmanjkalo iniciative tudi pri rockerski srenji. Narodnjaška srenja je postala zelo ambiciozna. Ko gledam narodnjake, vidim najboljše ženske, vse so pobrali. Ne vem, kaj bi si mislil, vem pa da je prisotna anomalija.&quot; Nikola: &quot;Narodno-zabavna scena je bila dolgo zapostavljena, getoizirana. S kapitalizmom so v devetdesetih s sporedov izginjale urbane oddaje in na to mesto so prišle oddaje, ki poudarjajo tradicionalnost. Narodno-zabavna glasba se je tudi modernizirala, kar prej ni bilo mogoče.        Robert Balen   Skozi dno vidiš svet, poje vaša pesem. Ga ne vidimo razločno? Tokac: &quot;Se mi zdi, da skozi dno preredko pogledamo svet. Pogledati resnici v oči in jo živeti - ni enostavno.&quot; Čas tudi ne zaceli ran temu svetu.  Tokac:  Shizofreno je. Kot magneti se odbijamo drugi od drugih, zaradi tehnologije še veliko bolj. Katarza očitno bo, lahko kruta.&quot; Nikola : V osemdesetih in devetdesetih je bila super vrednota pohlep, danes se imenuje strah. Ne mine dan, da se tudi mi, ki nam ni treba živeti s strahom, ne zbudimo z mislimi, da potrebujemo nekaj časa za umiritev. Strah paralizira in imaš občasne in tudi že trajne pomračitve uma. Pogasimo ga lahko z zaupanjem. To je prvi korak, potem je komunikacija lažja. To negujemo mi v bendu. Ne zaradi marketinških floskul, da bo publiki to lepo zvenelo, ampak suvereno stojimo za tem. Veliko imamo pevk, ki pojejo, da ljubijo samo njega, a se ve, da se kurbajo. V vseh kompleksnostih je treba peljati stvari na osnovne delce k prvinskosti in na tej osnovi komunicirati in potem komunikacija postane ne površna, ampak bogata in globoka - in življenje postane zanimivo.&quot; Tokac: &quot;Ne bi bilo zabavno in lepo, če bi bili v bendu vsi enaki. Raznolikost karakterjev in to, da nimamo istih želja, naredi delo težje. Vendar sploh ne bi bilo zabavno in lepo, če bi bili vsi enaki. Priti skupaj zaradi istega interesa in zaradi nekega cilja povoziti sebe, je travmatično.&quot; Nikola:  &quot;Brez timskega dela danes ni mogoče nič narediti. Kompromise je treba delati, če za njimi stoji smisel.&quot; Kako danes nagovoriti poslušalca, ko imajo celo kataklistične pesmi metalcev preveliko konkurenco v realnosti? Tokac:  &quot;Če se vprašaš, kako nagovoriti, je to narobe pristop. Mi ne moremo konkurirati z enimi, eni ne morejo konkurirati z nami, tako pridemo do tega, da je edini nagovor ta, da greš proti sebi in se izločiš od trga. Odmakniti se od udobja in konformizma je edini način, da najdeš kanal za komuniciranje z ljudmi. In to je treba, če si že v glasbi.&quot; Nikola: Internet 21 stoletja je poln nasvetov, ki bojda vsi držijo. Deset nasvetov, kako se prikupiti svojim fenom, obstaja. Če tako manipuliraš, je vprašanje smiselnosti tega početja.&quot; Treba je torej biti iskren in dober in bo to povrnjeno? Ljudje večinoma ne živijo tako. Tokac:  Čuti se kritičnost, cinizem je prisoten. Ljudje v svojih sobah so dobri in glasni, ko pridejo ven, se to spremeni. Neko novo krščanstvo se mora zgoditi, nova ljubezen. Seveda ne gre za to, da boš nagrajen po smrti, gre za življenje tukaj. Nikola: Definicija dobrega in slabega je zelo različna. Nosi breme religije, kjer izgubljamo bitko eni proti drugim - in izgubljamo komunikacijo in razumevanje. Razum tu nič ne velja.&quot; .  &quot;Sem vedno v tem procesu nastajanja besedil, ne gre drugače. Tudi če bi hotel, je to zavzelo prevelik del mojega življenja Niti ne znam kaj drugega in tudi ne želim si,&quot; o tem, kaj zdaj nastaja, pove Tomislav Jovanović - Tokac. &quot;Ko se bom zbudil brez besede v mislih, bom vedel, da nimam tu več kaj delati - in se s pisanjem ne bom več ukvarjal, ker bi onesnaževal prostor. Raziskujem sebe in svoja razmišljanja in skušam biti čim bolj iskren. Obenem, priznam, izkoriščam poezijo, da bi prenesel skozi umetnost svoje misli, formo sem si izgradil. Vzorce pa je tako treba vedno razbijati - in Dan D to ves čas počne.&quot;  &quot;Imamo zelo veliko različnih stvari za povedat in znamo poskrbeti za žur, za dušo in srce bomo igrali na Večerovem pikniku - in v tem bomo tudi uživali,&quot; Nikola Sekulović napove, kaj se bo v soboto po 21. uri dogajalo pod Pohorjem. &quot;Znamo tudi razdeliti naše podobe in jih separatno predstaviti tistim, ki jih zanimajo. Znamo tudi zaigrati nekaj umetniškega, zateženega. Za tisti spored bomo občinstvo izrecno obvestili. V Mariboru pa bo samo zabava. Se veselimo.&quot;  Pod Pohorjem bomo zaigrali za dušo in srce</article-text>
		<article-text-transliterated>Tomislav Jovanović - Tokac in Nikola Sekulović sta prijetna sogovornika, ne zmanjka jima besed. Čeprav sta prava muzikanta, se je z njima zanimivo pogovarjati še o čem drugem. Na primer o smislu. Pod Pohorje pridete igrat. Kaj vesta o Mariboru? Nikola: &quot;V Mariboru sem preživel tri lepa leta svojega življenja, eno leto kot vojak, dve v ljubezni in v študentskem domu na Tyrševi. Rad imam Maribor, čutim ga kot svojega in z veseljem se tja vračam tudi zdaj, ko živim v Ljubljani.&quot; Tokac: &quot;Kot prišlek s Hrvaškega sem spoznaval vse regionalne navade in kulture v Sloveniji. Štajerske karakterne črte so drugačne kot dolenjske, Maribor paše na moj karakter, eni bi rekli, da je purgersko mesto, ima nekaj tega pridiha, bolj je odprto, bolj je živo.&quot; Na majhnem prostoru je toliko različnosti, da se ne znamo niti več pogovarjati. Tokac: &quot; Ko sem podrobneje spoznaval Slovenijo, je bil to zame kulturni šok, po tridesetih kilometrih se namreč že popolnoma spremeni infrastruktura. Štajerska, Gorenjska, Primorska, Dolenjska, ljudje so na en način isti, po drugi strani povsem različni. Bi pričakoval, da imajo v eni državi skupne interese, ampak ne, tu se drobijo na lokalne, ampak lokalci vendarle znajo stopiti skupaj. Se mi pa zdi, da je ta duh drobljenja po vsem svetu prisoten.&quot; Nikola:  &quot;Bolj ko smo si podobni, bolj drug drugega živciramo in bi želeli biti drugačni od onega, ki smo mu podobni - tudi to je ena od resnic. Manjša ko je skupnost, večja je potreba po razlikovanju, obstajajo otoške države v Pacifiku in v Afriki, kjer v okviru majhnih skupnosti obstajajo različni jeziki, tako različni, da si jih na velikih teritorijih ne moreš niti zamisliti. Bolj ko si utesnjen, večja je ta potreba po razlikovanju, po drugi strani pa se mi zdi, da živimo v iluziji, da se v majhnem prostoru vsi poznamo. To je ena od največjih neumnosti v Sloveniji. Če pogledaš politiko, šport, kulturo, jaz ne vem, kdo s kom spi, me pa vedno znova preseneti, ko mi rečejo, joj, stari, ti ne veš, da je oni poročen s sestrično od onega, potem pridejo na svetlo še ugotovitve obveščevalnih služb in drugih lukrativnih poklicev.&quot; Slovenska različnost na nekaj kilometrih        Robert Balen   So tako različne tudi glasbene scene? Tokac: &quot;Eni glasbeniki so se odločili za popolnoma zabavljaški del, ki omogoča, da preživijo - in jih ne zanima angažiranost. Sam pa menim, da je osnovno poslanstvo glasbenika, da je njegovo delo odraz časa. Da govori o času, ki ga živimo. Včasih se ni bilo tako težko pozicionirati. Zdaj prav ne veš, kaj bi kritiziral, ker je konformizem vsepovsod. Vendarle pa indiferentnost ljudi govori o času, v katerem smo.&quot; Nikola: &quot;Glasbeniki smo v zadnjih tridesetih letih zagrešili vrsto grehov. Eden od teh je, da se glasba danes dojema kot nekaj, kar je zelo primerno za dušo in srce, pozabljamo pa, da je glasba velik del svoje zgodovine bila tudi za možgane. Ker možganov v glasbi v zadnjih tridesetih letih ni ravno veliko, se neposredno čuti v tem, da je glasba izgubila povezavo s socialnimi gibanji. Rokenrol v zadnjih šestdesetih letih je bil povezan z rasnim vprašanjem, s feminizmom, z vojno v Vietnamu, s socialnimi razlikami, s tehnološkim napredkom, fasciniran je bil nad vesoljem, povezoval se je z znanostjo in drugimi umetnostmi. To so bila močna gibala, ki so omogočala, da je nek dolgolasi, lahko tudi zadrogirani hipi rekel, hm, in je nekaj deset tisoč ljudi šlo na ulice protestirat. Tega pojava danes nimamo več. Menim, da je to začasno stanje, ker je poslanstvo nas, glasbenikov, da te povezave poskušamo vsaj obuditi. Ne bo pa jih mogoče, če se bomo obnašali tako, kot se obnaša večina kreativcev na tem področju, in bomo samo ustvarjali potrošne dobrine. Ne, da jih ne znamo, znamo jih in lahko uživamo v tem, vendar to ni vse v življenju, mora biti še nekaj več.&quot; Mega hita Voda in Čas sta vas spremenila in letvico nastavila zelo visoko. Vam in drugim glasbenikom. Kaj pravita na to? Kako ste se odzvali? Tokac: &quot;Če resno delaš, hočeš vsakič sebe preseči. Jaz imam to frustracijo, da pet let po vsaki plošči potrebujem, da jo zares dojamem, da jo začnem poslušati in da nimam problemov z njo. Vedno sam sebe lovim in je torej to neskončni proces.&quot; Vlagati energijo, biti trmast, imeti vizijo, si želeti in imeti talent. Kaj je še treba za to, da narediš nekaj dobrega v glasbi? Tokac:  &quot;Neko posvečenost moraš imeti, ne moreš vsega tega delati zaradi žensk in rokenrola. To je lahko spodbuda na začetku, potem je vse to mimo. Če imaš talent, ga moraš začeti razvijati, negovati, to zahteva veliko več dela, kot ga ljudje opazijo. In sploh ne gre za druge, ampak zate, ali si pripravljen več vložiti, kot je sploh potrebno.&quot; Nikola: &quot;Nihče od nas nima preveč časa, pozornosti, energije in denarja. Ko se odločiš te stvari angažirati zares, mora to imeti smisel. Lahko ga najdeš znotraj sebe, tako, da si v skladu sam s sabo, drugi smisel je v komunikaciji z zunanjim svetom, z drugimi ljudmi. Če se vprašanje smisla postavi na pravilen način, vlaganje časa, pozornosti, energije in denarja ni več problem. Če pa v tem svetu ne investiraš in ne investiraš več, kot je treba, ni presežkov. Vsi imamo površno življenje, ampak takrat, ko se odločiš zavestno, načrtno, želiš ustvariti presežek, ker je to edino, kar te lahko pripelje v novo poglavje. Najlažje pa je reciklirati in ohranjati status quo. Če pa želiš nekaj povedati, boš to storil. Bob Dylan je celo ukradel kitaro za to. Treba je iz lagodja in ne smemo več kazati na druge, moramo pogledati vase in videti, kaj nas žene. Center ni prednost, če nisi dober Dan D je novomeški bed, a vendarle ste vi, Nikola, že dolga leta Ljubljančan. Je torej lažje, če si iz centra? Nikola: &quot;Suvereno trdim, da to, če si iz centra, ni odločilna prednost. Že prej so v glasbi bili tudi projekti, kot je bil Provinca vrača udarec, v katerem so se združevali tisti, ki so bili z obrobij. Zdaj je večina najpomembnejših ljudi na pop in rock estradi iz province, v narodnozabavni sceni pa skoraj vsi. Fama o prestolnici kot o nekem leglu za ustvarjalca ni prava. Zelo pragmatično je to, neka komunikacijska frekvenca je vendarle močnejša in lahko pripelje do tega, da postane predsednik države ali drugi pomemben politik nekdo iz Trbovelj, Prekmurja, Grosuplja ali drugod. Tudi olimpijske medalje so osvojili ljudje z obrobja. Z mitologijo, ki se ji reče majhnost province do prestolnice in majhnosti Slovenije proti svetu, škodimo sebi.&quot; Tokac: Od nekdaj se je šlo v epicenter. V prejšnji državi je tudi bilo treba iti v Zagreb, Beograd, v Sarajevo. Pomembna je iniciativa in ne, od kod prihajaš. Jasno je, da smo neko obdobje gravitirali na Ljubljano, ker je bilo to potrebno. So pa tu tako kratke razdalje, da se ni treba seliti v center.&quot; Ali torej ni bilo vam težje prodreti kot Siddharti in Big Foot Mami? Tokac:  &quot;Mogoče se to lahko meri v času. Če si odločen in imaš željo in voljo, je odvisno, ali bo trajalo deset, dvajset ali trideset let. Pri nas je trajalo skoraj deset let, da smo se afirmirali, Siddharti verjetno manj, ampak v vsakem primeru so tudi ti bendi vložili v to, da so tam, kjer so zdaj. Želja je bila tudi pri njih in odrekanja tudi.&quot; Oster kitarski rock je pri nas mainstream. Poleg imamo pa na študentskih žurih narodnjake. Nekaj tu manjka , ali ne? Tokac: Če gre v kitarski glasbi samo za zadovoljevanje osnovnih primarnih čustev, potem je hreščeča kitara zame približno isto kot harmonika. Ni mi torej čudno, da se je to nekako zvezalo skupaj, ker je zmanjkalo iniciative tudi pri rockerski srenji. Narodnjaška srenja je postala zelo ambiciozna. Ko gledam narodnjake, vidim najboljše ženske, vse so pobrali. Ne vem, kaj bi si mislil, vem pa da je prisotna anomalija.&quot; Nikola: &quot;Narodno-zabavna scena je bila dolgo zapostavljena, getoizirana. S kapitalizmom so v devetdesetih s sporedov izginjale urbane oddaje in na to mesto so prišle oddaje, ki poudarjajo tradicionalnost. Narodno-zabavna glasba se je tudi modernizirala, kar prej ni bilo mogoče.        Robert Balen   Skozi dno vidiš svet, poje vaša pesem. Ga ne vidimo razločno? Tokac: &quot;Se mi zdi, da skozi dno preredko pogledamo svet. Pogledati resnici v oči in jo živeti - ni enostavno.&quot; Čas tudi ne zaceli ran temu svetu.  Tokac:  Shizofreno je. Kot magneti se odbijamo drugi od drugih, zaradi tehnologije še veliko bolj. Katarza očitno bo, lahko kruta.&quot; Nikola : V osemdesetih in devetdesetih je bila super vrednota pohlep, danes se imenuje strah. Ne mine dan, da se tudi mi, ki nam ni treba živeti s strahom, ne zbudimo z mislimi, da potrebujemo nekaj časa za umiritev. Strah paralizira in imaš občasne in tudi že trajne pomračitve uma. Pogasimo ga lahko z zaupanjem. To je prvi korak, potem je komunikacija lažja. To negujemo mi v bendu. Ne zaradi marketinških floskul, da bo publiki to lepo zvenelo, ampak suvereno stojimo za tem. Veliko imamo pevk, ki pojejo, da ljubijo samo njega, a se ve, da se kurbajo. V vseh kompleksnostih je treba peljati stvari na osnovne delce k prvinskosti in na tej osnovi komunicirati in potem komunikacija postane ne površna, ampak bogata in globoka - in življenje postane zanimivo.&quot; Tokac: &quot;Ne bi bilo zabavno in lepo, če bi bili v bendu vsi enaki. Raznolikost karakterjev in to, da nimamo istih želja, naredi delo težje. Vendar sploh ne bi bilo zabavno in lepo, če bi bili vsi enaki. Priti skupaj zaradi istega interesa in zaradi nekega cilja povoziti sebe, je travmatično.&quot; Nikola:  &quot;Brez timskega dela danes ni mogoče nič narediti. Kompromise je treba delati, če za njimi stoji smisel.&quot; Kako danes nagovoriti poslušalca, ko imajo celo kataklistične pesmi metalcev preveliko konkurenco v realnosti? Tokac:  &quot;Če se vprašaš, kako nagovoriti, je to narobe pristop. Mi ne moremo konkurirati z enimi, eni ne morejo konkurirati z nami, tako pridemo do tega, da je edini nagovor ta, da greš proti sebi in se izločiš od trga. Odmakniti se od udobja in konformizma je edini način, da najdeš kanal za komuniciranje z ljudmi. In to je treba, če si že v glasbi.&quot; Nikola: Internet 21 stoletja je poln nasvetov, ki bojda vsi držijo. Deset nasvetov, kako se prikupiti svojim fenom, obstaja. Če tako manipuliraš, je vprašanje smiselnosti tega početja.&quot; Treba je torej biti iskren in dober in bo to povrnjeno? Ljudje večinoma ne živijo tako. Tokac:  Čuti se kritičnost, cinizem je prisoten. Ljudje v svojih sobah so dobri in glasni, ko pridejo ven, se to spremeni. Neko novo krščanstvo se mora zgoditi, nova ljubezen. Seveda ne gre za to, da boš nagrajen po smrti, gre za življenje tukaj. Nikola: Definicija dobrega in slabega je zelo različna. Nosi breme religije, kjer izgubljamo bitko eni proti drugim - in izgubljamo komunikacijo in razumevanje. Razum tu nič ne velja.&quot; .  &quot;Sem vedno v tem procesu nastajanja besedil, ne gre drugače. Tudi če bi hotel, je to zavzelo prevelik del mojega življenja Niti ne znam kaj drugega in tudi ne želim si,&quot; o tem, kaj zdaj nastaja, pove Tomislav Jovanović - Tokac. &quot;Ko se bom zbudil brez besede v mislih, bom vedel, da nimam tu več kaj delati - in se s pisanjem ne bom več ukvarjal, ker bi onesnaževal prostor. Raziskujem sebe in svoja razmišljanja in skušam biti čim bolj iskren. Obenem, priznam, izkoriščam poezijo, da bi prenesel skozi umetnost svoje misli, formo sem si izgradil. Vzorce pa je tako treba vedno razbijati - in Dan D to ves čas počne.&quot;  &quot;Imamo zelo veliko različnih stvari za povedat in znamo poskrbeti za žur, za dušo in srce bomo igrali na Večerovem pikniku - in v tem bomo tudi uživali,&quot; Nikola Sekulović napove, kaj se bo v soboto po 21. uri dogajalo pod Pohorjem. &quot;Znamo tudi razdeliti naše podobe in jih separatno predstaviti tistim, ki jih zanimajo. Znamo tudi zaigrati nekaj umetniškega, zateženega. Za tisti spored bomo občinstvo izrecno obvestili. V Mariboru pa bo samo zabava. Se veselimo.&quot;  Pod Pohorjem bomo zaigrali za dušo in srce</article-text-transliterated>
	</article>
	<comments>
		<comments-count>0</comments-count>
		<comments-list/>
	</comments>
</document>
