<document global-id="si-04-1297"><url>https://www.vecer.com//dodatki-za-stalno-pripravljenost-po-dveh-letih-afera-se-vedno-v-kolesju-sodisc-6407296</url><source-id>si-04</source-id><local-id>si-04-1297</local-id><source-name>Večer</source-name><article><article-title>Dodatki za stalno pripravljenost: Po dveh letih afera še vedno v kolesju sodišč</article-title><article-title-transliterated>Dodatki za stalno pripravljenost: Po dveh letih afera še vedno v kolesju sodišč</article-title-transliterated><article_time>2018-02-17</article_time><article-author>Franja Žišt</article-author><article-text>Dobri dve leti po aferi z dodatki za stalno pripravljenost, ki so jih neupravičeno izplačevali na devetih ljubljanskih fakultetah, afera še vedno nima epiloga. Potem ko so na fakultetah sporno prakso prenehali, morajo svoje povedati še sodišča. Specializirano državno tožilstvo je na ljubljansko okrožno sodišče vložilo sedem zahtev za preiskavo 18 fizičnih oseb zaradi 18 kaznivih dejanj zlorabe uradnega položaja. O treh zahtevah je sodišče že odločilo in izdalo sklep za preiskavo desetih oseb. Domnevno so med njimi predvsem tisti, ki so v obdobju izplačevanja dodatka vodili fakultete, v prvi vrsti dekani fakultet.
Zaposlenim na ekonomski fakulteti največ denarja
Največ denarja so izplačali zaposlenim na ljubljanski ekonomski fakulteti, kjer je dodatek prejemalo 66 zaposlenih. Izplačevanje dodatkov so sicer takoj prenehali, na vprašanje, ali po aferi zaposleni ne opravljajo več nalog, za katere so prejemali to plačilo, ali za to delo niso več plačani ali pa so našli ustreznejši institut za izplačilo njihovih nalog, s fakultete odgovarjajo, da so v celoti izvršili odločbo inšpektorata: "Državne organe smo večkrat pozvali k urejanju izplačila dodatka za stalno pripravljenost na ravni celotnega javnega sektorja. Še vedno zagotavljamo izpolnjevanje mednarodnih standardov kakovosti in delo s soglasjem zaposlenih organiziramo tako, da ostajamo ugledna in prepoznavna mednarodna poslovno ekonomska šola."


Enemu zaposlenemu, ki dodatka ni hotel vrniti, je sodišče ugodilo



Postopkov, ki potekajo na sodiščih, ne morejo komentirati, je pa jasno, da sta med preiskovanimi gotovo nekdanji dekan in finančni minister Dušan Mramor in aktualna dekanka Metka Tekavčič, ki sta prejete dodatke vrnila. Dogovor o vračilu je fakulteta sklenila s 65 zaposlenimi, ki bodo skupaj vrnili dobrih 116 tisoč evrov neto. Ena oseba ni hotela vračati denarja, zato je fakulteta sprožila tožbo, dobil pa jo je zaposleni. Sodišče je odločilo, da mu dodatka ni treba vračati, saj je zaposleni izpolnil obveznosti do delodajalca. Podobno se je v tožbo podala še ena oseba s Fakultete za družbene vede Univerze v Ljubljani, ki je bila druga po višini izplačanih dodatkov. Na vseh fakultetah skupaj so dogovore o vračilu sklenili s 159 zaposlenimi, tri so vračila zaradi nizke plače oprostili.
Na ekonomski fakulteti pravijo, da je dve leti po aferi jasno, "da je situacija, v kateri se je znašla Univerza v Ljubljani in znotraj nje naša fakulteta, posledica neurejenih razmer na tem področju". Poudarjajo, da je dodatek v zadnjih letih prejemalo več kot 20 tisoč zaposlenih v javnem sektorju, ministrstvo pa je ob fakultetah pregledalo le še 15 drugih ustanov, ki so dodatek izplačevale.
Inšpektoratu je jasno
A glavna inšpektorica za javno upravo Lidija Apohal Vučković pravi, da razmere vendarle niso tako zelo neurejene, kot pravijo na fakultetah. Inšpektoratu je namreč vseskozi jasno, "kaj stalna pripravljenost je in kaj ni". Po aferi so v usmerjenih nadzorih, teh je bilo petnajst, kjer so preučevali zgolj stalno pripravljenost, in vseh ostalih nadzorih ugotovili, da nepravilnosti pri odrejanju in izplačevanju praviloma ni, sploh pa nikjer niso ugotovili tega, kar so na fakultetah, kjer so institut dodatka za stalno pripravljenost napačno razumeli. Ureditve so sicer zelo različne, med napakami, ki so jih našli, pa so bile, da nekateri niso imeli ustrezno urejenih pravnih podlag, ponekod niso bili izdani konkretni akti konkretnemu javnemu uslužbenci, ponekod ni bilo skladnosti med odrejeno in izplačano pripravljenostjo ali pa je bil dodatek izračunan od napačne osnove. "Ne gre pa za prevladujočo ugotovitev, da je zadeva neurejena," izpostavi inšpektorica.
Sprememb zakonodaje zato ne potrebujemo. So pa ugotovili, da obstajajo področja, kjer pravnih podlag ni, se pa potreba po dodatku za stalno pripravljenost občasno pojavi. Za ilustracijo - v študentskih domovih, ko morajo včasih posredovati zaradi nočnega kaljenja miru. "Pravne podlage na področju izobraževanja sploh ni, ne v kolektivni pogodbi ne v zakonu," opozori inšpektorica. Težave pa vidi tudi v odrejanju stalne pripravljenosti 365 dni na leto. "Je to res dopustno? Tu gre za poseg v prosti čas." Vlada in sindikati v dveh letih o tem vprašanju niso našli skupnega jezika. V tem času se tudi država in ljubljanska univerza nista mogli dogovoriti za vračilo vrnjenih dodatkov, fakultete in univerzo pa menda čaka še skrbni pregled računskega sodišča.</article-text><article-text-transliterated>Dobri dve leti po aferi z dodatki za stalno pripravljenost, ki so jih neupravičeno izplačevali na devetih ljubljanskih fakultetah, afera še vedno nima epiloga. Potem ko so na fakultetah sporno prakso prenehali, morajo svoje povedati še sodišča. Specializirano državno tožilstvo je na ljubljansko okrožno sodišče vložilo sedem zahtev za preiskavo 18 fizičnih oseb zaradi 18 kaznivih dejanj zlorabe uradnega položaja. O treh zahtevah je sodišče že odločilo in izdalo sklep za preiskavo desetih oseb. Domnevno so med njimi predvsem tisti, ki so v obdobju izplačevanja dodatka vodili fakultete, v prvi vrsti dekani fakultet.
Zaposlenim na ekonomski fakulteti največ denarja
Največ denarja so izplačali zaposlenim na ljubljanski ekonomski fakulteti, kjer je dodatek prejemalo 66 zaposlenih. Izplačevanje dodatkov so sicer takoj prenehali, na vprašanje, ali po aferi zaposleni ne opravljajo več nalog, za katere so prejemali to plačilo, ali za to delo niso več plačani ali pa so našli ustreznejši institut za izplačilo njihovih nalog, s fakultete odgovarjajo, da so v celoti izvršili odločbo inšpektorata: "Državne organe smo večkrat pozvali k urejanju izplačila dodatka za stalno pripravljenost na ravni celotnega javnega sektorja. Še vedno zagotavljamo izpolnjevanje mednarodnih standardov kakovosti in delo s soglasjem zaposlenih organiziramo tako, da ostajamo ugledna in prepoznavna mednarodna poslovno ekonomska šola."


Enemu zaposlenemu, ki dodatka ni hotel vrniti, je sodišče ugodilo



Postopkov, ki potekajo na sodiščih, ne morejo komentirati, je pa jasno, da sta med preiskovanimi gotovo nekdanji dekan in finančni minister Dušan Mramor in aktualna dekanka Metka Tekavčič, ki sta prejete dodatke vrnila. Dogovor o vračilu je fakulteta sklenila s 65 zaposlenimi, ki bodo skupaj vrnili dobrih 116 tisoč evrov neto. Ena oseba ni hotela vračati denarja, zato je fakulteta sprožila tožbo, dobil pa jo je zaposleni. Sodišče je odločilo, da mu dodatka ni treba vračati, saj je zaposleni izpolnil obveznosti do delodajalca. Podobno se je v tožbo podala še ena oseba s Fakultete za družbene vede Univerze v Ljubljani, ki je bila druga po višini izplačanih dodatkov. Na vseh fakultetah skupaj so dogovore o vračilu sklenili s 159 zaposlenimi, tri so vračila zaradi nizke plače oprostili.
Na ekonomski fakulteti pravijo, da je dve leti po aferi jasno, "da je situacija, v kateri se je znašla Univerza v Ljubljani in znotraj nje naša fakulteta, posledica neurejenih razmer na tem področju". Poudarjajo, da je dodatek v zadnjih letih prejemalo več kot 20 tisoč zaposlenih v javnem sektorju, ministrstvo pa je ob fakultetah pregledalo le še 15 drugih ustanov, ki so dodatek izplačevale.
Inšpektoratu je jasno
A glavna inšpektorica za javno upravo Lidija Apohal Vučković pravi, da razmere vendarle niso tako zelo neurejene, kot pravijo na fakultetah. Inšpektoratu je namreč vseskozi jasno, "kaj stalna pripravljenost je in kaj ni". Po aferi so v usmerjenih nadzorih, teh je bilo petnajst, kjer so preučevali zgolj stalno pripravljenost, in vseh ostalih nadzorih ugotovili, da nepravilnosti pri odrejanju in izplačevanju praviloma ni, sploh pa nikjer niso ugotovili tega, kar so na fakultetah, kjer so institut dodatka za stalno pripravljenost napačno razumeli. Ureditve so sicer zelo različne, med napakami, ki so jih našli, pa so bile, da nekateri niso imeli ustrezno urejenih pravnih podlag, ponekod niso bili izdani konkretni akti konkretnemu javnemu uslužbenci, ponekod ni bilo skladnosti med odrejeno in izplačano pripravljenostjo ali pa je bil dodatek izračunan od napačne osnove. "Ne gre pa za prevladujočo ugotovitev, da je zadeva neurejena," izpostavi inšpektorica.
Sprememb zakonodaje zato ne potrebujemo. So pa ugotovili, da obstajajo področja, kjer pravnih podlag ni, se pa potreba po dodatku za stalno pripravljenost občasno pojavi. Za ilustracijo - v študentskih domovih, ko morajo včasih posredovati zaradi nočnega kaljenja miru. "Pravne podlage na področju izobraževanja sploh ni, ne v kolektivni pogodbi ne v zakonu," opozori inšpektorica. Težave pa vidi tudi v odrejanju stalne pripravljenosti 365 dni na leto. "Je to res dopustno? Tu gre za poseg v prosti čas." Vlada in sindikati v dveh letih o tem vprašanju niso našli skupnega jezika. V tem času se tudi država in ljubljanska univerza nista mogli dogovoriti za vračilo vrnjenih dodatkov, fakultete in univerzo pa menda čaka še skrbni pregled računskega sodišča.</article-text-transliterated></article><comments><comments-count>0</comments-count><comments-list /></comments></document>