<document global-id="si-04-1466"><url>https://www.vecer.com//201511086155978-6155978</url><source-id>si-04</source-id><local-id>si-04-1466</local-id><source-name>Večer</source-name><article><article-title>En starček ni prihodnost vinske Slovenije</article-title><article-title-transliterated>En starček ni prihodnost vinske Slovenije</article-title-transliterated><article_time>2015-11-08</article_time><article-author>Aljoša StojičAljoša Stojič</article-author><article-text>Predlaga, da se dobiva v Vinoteki Vodnega stolpa. Ob modrem pinotu, njemu vselej ljubi penini, se jezik lažje razveže. Že zlasti, ko prek Drave poboža toplo jesensko sonce. Ena ura intervjuja se z Janezom Verbotnom razvleče v dve in še nekaj zraven. Priznani mariborski vinski strokovnjak si za pogovor o vinu vzame čas, četudi mu ga - kot tipičnemu upokojencu - vselej zmanjkuje. Na pogovor je prihitel s sestanka. Bližal se je tradicionalni salon VinDel v Habakaku, ki ga je postavil na noge, zdaj je vajeti prepustil Dejanu Baierju.
Janez Verboten nam je potrpežljivo razlagal o svojem življenjskem poslanstvu - vinu. Njegovem prvem in zadnjem dekletu, večni ljubezni. Službeno pot je začel pri Agrokombinatu Maribor. Nadaljeval jo je na poslovni skupnosti za vinogradništvo in vinarstvo Slovenije, tam je skrbel za marketing slovenskih zaščitenih vinskih znamk; pravi, da teh skorajda ni več. V Vinagu je bil komercialni direktor, od tam se je preselil v zasebno firmo v Ljubljani. Nazadnje, desetletje pred lansko upokojitvijo, je z Baierjem ustanovil zavod SloVino.
Stari vinagovec
Propad Vinaga vas gotovo pekli.
Kot staremu vinagovcu mi je hudo. Ta del Slovenije potrebuje dobrega vinarja, Vinag je bil svojčas odličen povezovalec in promotor. Klet bo sicer ostala - kot turistična, zgodovinska znamenitost. Še bolj me moti, ko gledam neurejene griče. S pevko Neco Falk, mojo sošolko na srednji kmetijski, sva nosila gnoj na Kalvarijo. Vsi tamkajšnji vinogradi so bili obdelani, okolico Maribora je bilo lepo za pogledati. Nekoč smo v Avstrijo hodili po banane, doma pa smo imeli lepo obdelane vinograde. Zdaj smo dobili banane, namesto vinogradov pa na pobočjih raste šuma. Razvoj je šel v napačno smer, kar opažam tudi pri sommelierjih: vsi bi bili radi šefi, nihče ne bi več stregel gostu.
Imate vinograd?
Ne več. Prevzel sem ga od očeta, na Kozjaku, med Bresternico in Kamnico, na izjemno ugodni legi. Pridelovali smo rumeni muškat, sauvignon. Pa sem pred petnajstimi leti nehal s tem, ker bi imel za intenzivno vinogradništvo preveč dela pa premalo časa. Polovičarstvo me ne zanima. V Sloveniji je ogromno dobrih vin in cenovno ugodnih, z njimi pa lahko shajajo le profesionalni vinogradniki.
Malih vinogradnikov je dosti, sploh ker smo se naposlušali, kako da jih bo vstop v EU izbrisal z obličja Zemlje. Kar 28 tisoč pridelovalcev grozdja je vpisanih v slovenski register.
K sreči so ostali. Velik del bremena po vstopu v EU območje so prevzeli veliki vinogradniki. Mali so se pač znašli po svoje, pogosto s sivo ekonomijo. Velike kleti morajo delati transparentno, s popolno evidenco. Mali pa včasih gredo po svoje in jim s tem kar nagajajo.
Bodo davčne blagajne kaj spremenile?
Deloma bodo zajezile sivo ekonomijo, popolnoma pa ne. Ljudje so iznajdljivi.
Ste se ljubezni do vinogradništva nalezli od očeta?
Za grozdje sem se bolj začel zanimati v šoli, po srednji kmetijski sem šel študirat agronomijo. Tam me je delo v naravi, z grozdjem in vinom pritegnilo.
Radi poudarjate kakovost slovenskih vin, kar se od bivšega direktorja zavoda SloVino navsezadnje pričakuje.
Naš potrošnik ceni slovenska vina, se pa pri nakupu odloči na osnovi debeline denarnice. Cenejša vina niso nujno kakovostno slabša, kar ljudje vedo. Na identiteto našega vina imajo odločilen vpliv tuje trgovske verige, te favorizirajo tiste produkte, ki se jim izplačajo. Zato je na njihovih policah več tujega vina.
Tudi makedonskega, ki ima pri nas zaničevalen podton.
Da so makedonska vina slaba, je napačen stereotip. Vinag je ogromno makedonskih vin izvozil v Ameriko, Anglijo, Skandinavijo. Ne vem, kdo si je izmislil, da smo slabo makedonsko vino mešali z mariborčanom. Ni tako preprosto.
 
Res je, da južnoameriška vina, avstralska in ameriška niso slaba pa še sorazmerno poceni so.
Primernih cen, bi rekel. Dobra vina so povsod po svetu, tudi slaba. Zame je odločilno, da se naša vina po kakovosti lahko primerjajo s tujimi. In jih pri marsikateri sorti presežejo.
Vino se ne vrača
čez noč
Še dvajset let nazaj ni bilo gostilne brez špricarja (naročali so ga na meter), povozilo ga je pivo.
Se pa navade spreminjajo in vse več mladih spet prisega na vino. Pivo, breezerji in druge uvožene pijače so še dominantne, ampak naročijo si tudi kozarec vina. Ne gre čez noč. Priljubljenost vina je stvar vinskega marketinga.
Nekoč priljubljena štajerska varianta liter-liter (vina in slatine) se ne bo več vrnila?
Ne, definitivno ne. Vinska kultura je v porastu. Vse več je vinskih prireditev, konkurenca je dobrodošla.
Štajerci se zmrdujejo, kako je mogoče, da ima dvodnevni vinski festival nevinorodna Ljubljana, Maribor pa manjšega, enodnevnega.
Narobe. Mi, če govorim v imenu Salona VinDel, prav z Ljubljano odlično sodelujemo in se dopolnjujemo. Naj se dogaja okoli vina karkoli - samo to je za vinarje pomembno.
Kaj pa nešpricana "brajdovščina", sploh danes, ko je v modi bio in eko?
Haha, za sok bi jo toplo priporočal, za vino ne. Fragolin mu pravijo, okus ima po divjih jagodah, je pa to vino samorodnica. Te imajo v sebi preveč metilnega alkohola. Sem kot mlad poskusil šmarnico, ampak samo enkrat.
Spominjam se namiznega vina En starček, v socializmu malodane čislanega.
Bilo je nekoč, davno. Prihodnost vinske Slovenije ni starček, temveč vino v malih kakovostnih serijah, v raznolikosti, ki jo premoremo. Tipični primer naše dobre zgodbe je radgonska penina.
Kako je z enotnim nastopom slovenskih vin na svetovnem trgu. Gre le za prazna govoričenja? In vsak vinar raje trga grozdno pogačo le zase?
Promocija slovenskih vin šepa, nekako od osamosvojitve dalje, nismo jo znali spraviti na skupni imenovalec. Različne organizacije in kleti se poskušajo prebiti po svoje. Vinski del je postal privesek gospodarstva in turizma. Ni skupne vinske strategije, vzor pa ni daleč. Poglejmo čez mejo. Avstrija ima skupen nastop, skupno promocijo, zlasti po aferi antifriz. Zaradi kontinuitete so bolj prepoznavni. V Düsseldorfu, tam je eden najbolj prominentnih vinskih sejmov, trčiš v avstrijski paviljon, še preden si videl karkoli drugega. Slovenski razstavni prostor je nekje zadaj, skrit. Zaradi tega, ker nismo prisotni vsako leto. Enkrat se predstavlja slovenska organizacija, drugič neka vinska klet, enkrat v enem kraju, drugič v drugem. Za poenotenje interesov in skupni nastop vinogradnikov država ni storila praktično nič.
Pa so naši vinogradniki storili dovolj za samopromocijo?
Njim so prej zvezali roke, kot da bi jim pomagali. Evropska sredstva lahko pridobijo, če izpolnijo razpisne pogoje EU. Ampak to pri nas ni bilo dovolj in so postavili še notranje administrativne bariere. Dosti evropskega denarja, ki bi ga lahko namenili za promocijo vin, se je razlilo.
Gotovo veste za predsodek, da so vsi vinogradniki alkoholiki?
Poznam ga, a ne drži. Kdor se ukvarja z dobrim vinom, pridelovalec ali enolog, po navadi ni alkoholik, ker se mu ne bi izšlo. So pa bili primeri, se spomnim iz Vinaga, ko je kaj vina ostalo v cevi in so si dečki nalivali.
In do konca oprali sode?
V resnici smo imeli v kleti težave tudi z alkoholizmom, tega ne zanikam. Vsako pravilo ima svoje izjeme.
Lignji, škampi in pice niso turizem na kmetih
Kako se v promocijo vin vključujejo turistične kmetije?
V Mariboru in okolici solidno. Kupna moč gostov je mnoge gostince prisilila, da dajo poudarek hrani. Ampak lignji in škampi pa pice po moje ne sodijo na turistične kmetije.
Bolj krača, kranjska klobasa, vampi? In dobro vino?
Točno tako. Na avstrijski strani je vinski izbor širši. Zadnjič smo na njihovi vinski cesti, na poti od Tementove kleti, stali v nepregledni koloni!
Avstrijci znajo, tega ne ugotavljamo zgolj v vinogradnštvu. Trideset let nazaj jih je kot strela z jasnega zadela afera antifriz, a so se hitro pobrali. Kaj se je takrat zgodilo?
Antifriz so dodajali vinom za večjo viskoznost. Na Gradiščanskem, ne na avstrijskem Štajerskem, so ga dolivali navadnim vinom in s tem navidezno višali njegovo kakovost. S prevaro so ustvarili ledeno vino, denimo.
Je kdo umrl od antifriza?
V Avstriji ne. Kolikor vem, je eden zaradi antifriza preminill v podobni aferi v Italiji.
Ste pokusili to zloglasno avstrijsko vino?
Polno steklenic še imam v kleti z raznih sejmom. Problem je, da ne vem, v kateri je antifriz in v kateri ne. V majhnih količinah gotovo ne škodi.
Spremljate teransko vojno s Hrvati?
Površno. Teran je bil od nekdaj tam in tu, mi smo jih prehiteli pri zaščiti sorte, že v nekdanji Jugoslaviji smo delali na tem. Je pa še ena reč: teran ima zelo ozek krog odjemalcev, le do Italije seže. Ko sem na tujih sejmih promoviral teran, niti nisem prišel do konca stavka, že so mi zaprli usta s "saj vemo, da vsako vino ni užitno".
Koliko vina na Slovenskem ostane nepopitega?
Malo. Letno ga v povprečju pridelamo med osemdeset in sto milijoni litrov. Dve tretjini sort je belih.
Letošnja letina?
Bo dobra. Jesen je prekrasna - tudi za vinogradnike.</article-text><article-text-transliterated>Predlaga, da se dobiva v Vinoteki Vodnega stolpa. Ob modrem pinotu, njemu vselej ljubi penini, se jezik lažje razveže. Že zlasti, ko prek Drave poboža toplo jesensko sonce. Ena ura intervjuja se z Janezom Verbotnom razvleče v dve in še nekaj zraven. Priznani mariborski vinski strokovnjak si za pogovor o vinu vzame čas, četudi mu ga - kot tipičnemu upokojencu - vselej zmanjkuje. Na pogovor je prihitel s sestanka. Bližal se je tradicionalni salon VinDel v Habakaku, ki ga je postavil na noge, zdaj je vajeti prepustil Dejanu Baierju.
Janez Verboten nam je potrpežljivo razlagal o svojem življenjskem poslanstvu - vinu. Njegovem prvem in zadnjem dekletu, večni ljubezni. Službeno pot je začel pri Agrokombinatu Maribor. Nadaljeval jo je na poslovni skupnosti za vinogradništvo in vinarstvo Slovenije, tam je skrbel za marketing slovenskih zaščitenih vinskih znamk; pravi, da teh skorajda ni več. V Vinagu je bil komercialni direktor, od tam se je preselil v zasebno firmo v Ljubljani. Nazadnje, desetletje pred lansko upokojitvijo, je z Baierjem ustanovil zavod SloVino.
Stari vinagovec
Propad Vinaga vas gotovo pekli.
Kot staremu vinagovcu mi je hudo. Ta del Slovenije potrebuje dobrega vinarja, Vinag je bil svojčas odličen povezovalec in promotor. Klet bo sicer ostala - kot turistična, zgodovinska znamenitost. Še bolj me moti, ko gledam neurejene griče. S pevko Neco Falk, mojo sošolko na srednji kmetijski, sva nosila gnoj na Kalvarijo. Vsi tamkajšnji vinogradi so bili obdelani, okolico Maribora je bilo lepo za pogledati. Nekoč smo v Avstrijo hodili po banane, doma pa smo imeli lepo obdelane vinograde. Zdaj smo dobili banane, namesto vinogradov pa na pobočjih raste šuma. Razvoj je šel v napačno smer, kar opažam tudi pri sommelierjih: vsi bi bili radi šefi, nihče ne bi več stregel gostu.
Imate vinograd?
Ne več. Prevzel sem ga od očeta, na Kozjaku, med Bresternico in Kamnico, na izjemno ugodni legi. Pridelovali smo rumeni muškat, sauvignon. Pa sem pred petnajstimi leti nehal s tem, ker bi imel za intenzivno vinogradništvo preveč dela pa premalo časa. Polovičarstvo me ne zanima. V Sloveniji je ogromno dobrih vin in cenovno ugodnih, z njimi pa lahko shajajo le profesionalni vinogradniki.
Malih vinogradnikov je dosti, sploh ker smo se naposlušali, kako da jih bo vstop v EU izbrisal z obličja Zemlje. Kar 28 tisoč pridelovalcev grozdja je vpisanih v slovenski register.
K sreči so ostali. Velik del bremena po vstopu v EU območje so prevzeli veliki vinogradniki. Mali so se pač znašli po svoje, pogosto s sivo ekonomijo. Velike kleti morajo delati transparentno, s popolno evidenco. Mali pa včasih gredo po svoje in jim s tem kar nagajajo.
Bodo davčne blagajne kaj spremenile?
Deloma bodo zajezile sivo ekonomijo, popolnoma pa ne. Ljudje so iznajdljivi.
Ste se ljubezni do vinogradništva nalezli od očeta?
Za grozdje sem se bolj začel zanimati v šoli, po srednji kmetijski sem šel študirat agronomijo. Tam me je delo v naravi, z grozdjem in vinom pritegnilo.
Radi poudarjate kakovost slovenskih vin, kar se od bivšega direktorja zavoda SloVino navsezadnje pričakuje.
Naš potrošnik ceni slovenska vina, se pa pri nakupu odloči na osnovi debeline denarnice. Cenejša vina niso nujno kakovostno slabša, kar ljudje vedo. Na identiteto našega vina imajo odločilen vpliv tuje trgovske verige, te favorizirajo tiste produkte, ki se jim izplačajo. Zato je na njihovih policah več tujega vina.
Tudi makedonskega, ki ima pri nas zaničevalen podton.
Da so makedonska vina slaba, je napačen stereotip. Vinag je ogromno makedonskih vin izvozil v Ameriko, Anglijo, Skandinavijo. Ne vem, kdo si je izmislil, da smo slabo makedonsko vino mešali z mariborčanom. Ni tako preprosto.
 
Res je, da južnoameriška vina, avstralska in ameriška niso slaba pa še sorazmerno poceni so.
Primernih cen, bi rekel. Dobra vina so povsod po svetu, tudi slaba. Zame je odločilno, da se naša vina po kakovosti lahko primerjajo s tujimi. In jih pri marsikateri sorti presežejo.
Vino se ne vrača
čez noč
Še dvajset let nazaj ni bilo gostilne brez špricarja (naročali so ga na meter), povozilo ga je pivo.
Se pa navade spreminjajo in vse več mladih spet prisega na vino. Pivo, breezerji in druge uvožene pijače so še dominantne, ampak naročijo si tudi kozarec vina. Ne gre čez noč. Priljubljenost vina je stvar vinskega marketinga.
Nekoč priljubljena štajerska varianta liter-liter (vina in slatine) se ne bo več vrnila?
Ne, definitivno ne. Vinska kultura je v porastu. Vse več je vinskih prireditev, konkurenca je dobrodošla.
Štajerci se zmrdujejo, kako je mogoče, da ima dvodnevni vinski festival nevinorodna Ljubljana, Maribor pa manjšega, enodnevnega.
Narobe. Mi, če govorim v imenu Salona VinDel, prav z Ljubljano odlično sodelujemo in se dopolnjujemo. Naj se dogaja okoli vina karkoli - samo to je za vinarje pomembno.
Kaj pa nešpricana "brajdovščina", sploh danes, ko je v modi bio in eko?
Haha, za sok bi jo toplo priporočal, za vino ne. Fragolin mu pravijo, okus ima po divjih jagodah, je pa to vino samorodnica. Te imajo v sebi preveč metilnega alkohola. Sem kot mlad poskusil šmarnico, ampak samo enkrat.
Spominjam se namiznega vina En starček, v socializmu malodane čislanega.
Bilo je nekoč, davno. Prihodnost vinske Slovenije ni starček, temveč vino v malih kakovostnih serijah, v raznolikosti, ki jo premoremo. Tipični primer naše dobre zgodbe je radgonska penina.
Kako je z enotnim nastopom slovenskih vin na svetovnem trgu. Gre le za prazna govoričenja? In vsak vinar raje trga grozdno pogačo le zase?
Promocija slovenskih vin šepa, nekako od osamosvojitve dalje, nismo jo znali spraviti na skupni imenovalec. Različne organizacije in kleti se poskušajo prebiti po svoje. Vinski del je postal privesek gospodarstva in turizma. Ni skupne vinske strategije, vzor pa ni daleč. Poglejmo čez mejo. Avstrija ima skupen nastop, skupno promocijo, zlasti po aferi antifriz. Zaradi kontinuitete so bolj prepoznavni. V Düsseldorfu, tam je eden najbolj prominentnih vinskih sejmov, trčiš v avstrijski paviljon, še preden si videl karkoli drugega. Slovenski razstavni prostor je nekje zadaj, skrit. Zaradi tega, ker nismo prisotni vsako leto. Enkrat se predstavlja slovenska organizacija, drugič neka vinska klet, enkrat v enem kraju, drugič v drugem. Za poenotenje interesov in skupni nastop vinogradnikov država ni storila praktično nič.
Pa so naši vinogradniki storili dovolj za samopromocijo?
Njim so prej zvezali roke, kot da bi jim pomagali. Evropska sredstva lahko pridobijo, če izpolnijo razpisne pogoje EU. Ampak to pri nas ni bilo dovolj in so postavili še notranje administrativne bariere. Dosti evropskega denarja, ki bi ga lahko namenili za promocijo vin, se je razlilo.
Gotovo veste za predsodek, da so vsi vinogradniki alkoholiki?
Poznam ga, a ne drži. Kdor se ukvarja z dobrim vinom, pridelovalec ali enolog, po navadi ni alkoholik, ker se mu ne bi izšlo. So pa bili primeri, se spomnim iz Vinaga, ko je kaj vina ostalo v cevi in so si dečki nalivali.
In do konca oprali sode?
V resnici smo imeli v kleti težave tudi z alkoholizmom, tega ne zanikam. Vsako pravilo ima svoje izjeme.
Lignji, škampi in pice niso turizem na kmetih
Kako se v promocijo vin vključujejo turistične kmetije?
V Mariboru in okolici solidno. Kupna moč gostov je mnoge gostince prisilila, da dajo poudarek hrani. Ampak lignji in škampi pa pice po moje ne sodijo na turistične kmetije.
Bolj krača, kranjska klobasa, vampi? In dobro vino?
Točno tako. Na avstrijski strani je vinski izbor širši. Zadnjič smo na njihovi vinski cesti, na poti od Tementove kleti, stali v nepregledni koloni!
Avstrijci znajo, tega ne ugotavljamo zgolj v vinogradnštvu. Trideset let nazaj jih je kot strela z jasnega zadela afera antifriz, a so se hitro pobrali. Kaj se je takrat zgodilo?
Antifriz so dodajali vinom za večjo viskoznost. Na Gradiščanskem, ne na avstrijskem Štajerskem, so ga dolivali navadnim vinom in s tem navidezno višali njegovo kakovost. S prevaro so ustvarili ledeno vino, denimo.
Je kdo umrl od antifriza?
V Avstriji ne. Kolikor vem, je eden zaradi antifriza preminill v podobni aferi v Italiji.
Ste pokusili to zloglasno avstrijsko vino?
Polno steklenic še imam v kleti z raznih sejmom. Problem je, da ne vem, v kateri je antifriz in v kateri ne. V majhnih količinah gotovo ne škodi.
Spremljate teransko vojno s Hrvati?
Površno. Teran je bil od nekdaj tam in tu, mi smo jih prehiteli pri zaščiti sorte, že v nekdanji Jugoslaviji smo delali na tem. Je pa še ena reč: teran ima zelo ozek krog odjemalcev, le do Italije seže. Ko sem na tujih sejmih promoviral teran, niti nisem prišel do konca stavka, že so mi zaprli usta s "saj vemo, da vsako vino ni užitno".
Koliko vina na Slovenskem ostane nepopitega?
Malo. Letno ga v povprečju pridelamo med osemdeset in sto milijoni litrov. Dve tretjini sort je belih.
Letošnja letina?
Bo dobra. Jesen je prekrasna - tudi za vinogradnike.</article-text-transliterated></article><comments><comments-count>0</comments-count><comments-list /></comments></document>