<?xml version="1.0" encoding="utf-8"?>
<document global-id="si-04-1130">
	<url>https://www.vecer.com//danes-mednarodni-dan-knjig-za-otroke-6205566</url>
	<source-id>si-04</source-id>
	<local-id>1130</local-id>
	<source-name>Večer</source-name>
	<article>
		<article-title>Danes mednarodni dan knjig za otroke</article-title>
		<article-title-transliterated>Danes mednarodni dan knjig za otroke</article-title-transliterated>
		<article-time>2016-04-02</article-time>
		<article-author>Melita Forstnerič Hajnšek</article-author>
		<article-text>Mednarodna zveza za mladinsko književnost (IBBY) je na pobudo nemške pisateljice Jelle Lepman rojstni dan danskega pravljičarja Hansa C. Andersena, 2. april, razglasila za mednarodni dan knjig za otroke, da bi na praznični način opozorila, kako pomembno je branje za otrokov razvoj, še posebej branje kakovostne mladinske literature. Odločitev o praznovanju so sprejeli na mednarodnem kongresu IBBY v Ljubljani leta 1967. Od tedaj vsako leto druga nacionalna sekcija pripravi plakat in poslanico, ki jo preved ejo vse sekcije (letos jih je 77) in ob tem tudi vsaka država pripravi različne bralnospodbujevalne aktivnosti. Letos je poslanico in plakat pripravila brazilska sekcija IBBY; z naslovom Nekoč je ... (bila knjižnica). Pripoveduje o deklici Luizi, ki je prvič obiskala knjižnico, se včlanila in si izposodila le eno knjigo, toda domov ni prišla sama, spremljalo jo je mnogo knjižnih junakov ...Poslanico je napisala Luciana Sandroni , plakat pa je ustvaril ilustrator Ziraldo . V slovenščino jo je prevedla Tina Mahkota , Praznovanje 2. aprila že po tradiciji zasnujeta Slovenska sekcija IBBY in Mestna knjižnica Ljubljana, Pionirska – center za mladinsko književnost in knjižničarstvo, potem pa gredo spodbude po Sloveniji, zamejstvu in med Slovenci po svetu. Letos ga bodo in so ga že proslavili z dvema večjima dogodkoma: gost večera ob mednarodnem dnevu knjig za otroke, ki ga tradicionalno prirejajo v Društvu slovenskih pisateljev, je bil 31. aprila Tone Partljič, letošnji dobitnik Prešernove nagrade, ki je s svojim ustvarjanjem in delom pomembno zaznamoval tudi mladinsko književnost. Včeraj, 1. aprila, pa so na pogovor povabili pisatelja Damijana Šinigoja,13. aprila pa pripravljajo simpozij Meje mojega jezika so meje mojega sveta (Ludwig Wittgenstein 1889 – 1951) v Mestni knjižnici Ljubljana. Sodelovali bodo dr. Marko Stabej, dr. Boža Krakar Vogel, dr. Simona Klemenčič, mag. Tilka Jamnik, Arne Hodalič, Pavle Učakar, dr. Peter Svetina in Boštjan Gorenc. Izbrani referati bodo objavljeni v reviji Otrok in knjiga. Letošnjo bralno akcijo ob 2. aprilu so namenili knjižnici. Pripravili so okvirni seznam priporočenih knjig na temo knjižnice, knjige in branje. Priporočajo, da vsak udeleženec po svoje – glede na zmožnosti, zanimanja in želje bralcev – pripravi razstavo gradiva, oblikuje spodbude za branje, organizira bralna srečanja in različne prireditve. K branju spodbujajo v vrtcih, osnovnih in srednjih šolah, v splošnih in šolskih knjižnicah, knjigarnah, medijih tako otroke in mladino kot odrasle in starejše; spodbujajo zasebno branje, posameznike, skupine, javnost ... Akcija bo potekala od 21. marca, svetovnega dneva poezije, preko 2. aprila – mednarodnega dneva knjig za otroke, preko Slovenskih dnevov knjige, 23. aprila – svetovnega dneva knjige in avtorskih pravic, Noči knjige, in vse do konca šolskega leta. Pobudnika in krovna organizatorja bralnospodbujevalne akcije sta – kot že nekaj let - Slovenska sekcija IBBY in MKL, Pionirska – center za mladinsko književnost in knjižničarstvo. Soorganizatorji pa so Bralno društvo Slovenije, Društvo Bralna značka Slovenije – ZPMS, DSP – sekcija za mladinsko književnost, Mariborska knjižnica, revija Otrok in knjiga.</article-text>
		<article-text-transliterated>Mednarodna zveza za mladinsko književnost (IBBY) je na pobudo nemške pisateljice Jelle Lepman rojstni dan danskega pravljičarja Hansa C. Andersena, 2. april, razglasila za mednarodni dan knjig za otroke, da bi na praznični način opozorila, kako pomembno je branje za otrokov razvoj, še posebej branje kakovostne mladinske literature. Odločitev o praznovanju so sprejeli na mednarodnem kongresu IBBY v Ljubljani leta 1967. Od tedaj vsako leto druga nacionalna sekcija pripravi plakat in poslanico, ki jo preved ejo vse sekcije (letos jih je 77) in ob tem tudi vsaka država pripravi različne bralnospodbujevalne aktivnosti. Letos je poslanico in plakat pripravila brazilska sekcija IBBY; z naslovom Nekoč je ... (bila knjižnica). Pripoveduje o deklici Luizi, ki je prvič obiskala knjižnico, se včlanila in si izposodila le eno knjigo, toda domov ni prišla sama, spremljalo jo je mnogo knjižnih junakov ...Poslanico je napisala Luciana Sandroni , plakat pa je ustvaril ilustrator Ziraldo . V slovenščino jo je prevedla Tina Mahkota , Praznovanje 2. aprila že po tradiciji zasnujeta Slovenska sekcija IBBY in Mestna knjižnica Ljubljana, Pionirska – center za mladinsko književnost in knjižničarstvo, potem pa gredo spodbude po Sloveniji, zamejstvu in med Slovenci po svetu. Letos ga bodo in so ga že proslavili z dvema večjima dogodkoma: gost večera ob mednarodnem dnevu knjig za otroke, ki ga tradicionalno prirejajo v Društvu slovenskih pisateljev, je bil 31. aprila Tone Partljič, letošnji dobitnik Prešernove nagrade, ki je s svojim ustvarjanjem in delom pomembno zaznamoval tudi mladinsko književnost. Včeraj, 1. aprila, pa so na pogovor povabili pisatelja Damijana Šinigoja,13. aprila pa pripravljajo simpozij Meje mojega jezika so meje mojega sveta (Ludwig Wittgenstein 1889 – 1951) v Mestni knjižnici Ljubljana. Sodelovali bodo dr. Marko Stabej, dr. Boža Krakar Vogel, dr. Simona Klemenčič, mag. Tilka Jamnik, Arne Hodalič, Pavle Učakar, dr. Peter Svetina in Boštjan Gorenc. Izbrani referati bodo objavljeni v reviji Otrok in knjiga. Letošnjo bralno akcijo ob 2. aprilu so namenili knjižnici. Pripravili so okvirni seznam priporočenih knjig na temo knjižnice, knjige in branje. Priporočajo, da vsak udeleženec po svoje – glede na zmožnosti, zanimanja in želje bralcev – pripravi razstavo gradiva, oblikuje spodbude za branje, organizira bralna srečanja in različne prireditve. K branju spodbujajo v vrtcih, osnovnih in srednjih šolah, v splošnih in šolskih knjižnicah, knjigarnah, medijih tako otroke in mladino kot odrasle in starejše; spodbujajo zasebno branje, posameznike, skupine, javnost ... Akcija bo potekala od 21. marca, svetovnega dneva poezije, preko 2. aprila – mednarodnega dneva knjig za otroke, preko Slovenskih dnevov knjige, 23. aprila – svetovnega dneva knjige in avtorskih pravic, Noči knjige, in vse do konca šolskega leta. Pobudnika in krovna organizatorja bralnospodbujevalne akcije sta – kot že nekaj let - Slovenska sekcija IBBY in MKL, Pionirska – center za mladinsko književnost in knjižničarstvo. Soorganizatorji pa so Bralno društvo Slovenije, Društvo Bralna značka Slovenije – ZPMS, DSP – sekcija za mladinsko književnost, Mariborska knjižnica, revija Otrok in knjiga.</article-text-transliterated>
	</article>
	<comments>
		<comments-count>0</comments-count>
		<comments-list/>
	</comments>
</document>
