<document global-id="si-04-1122"><url>https://www.vecer.com//dan-sestdesetih-jezikov-in-ne-samo-enega-6236338</url><source-id>si-04</source-id><local-id>si-04-1122</local-id><source-name>Večer</source-name><article><article-title>Dan šestdesetih jezikov in ne samo enega</article-title><article-title-transliterated>Dan šestdesetih jezikov in ne samo enega</article-title-transliterated><article_time>2016-09-27</article_time><article-author>Bojan Tomažič</article-author><article-text>"Z Majo govoriva slovensko, z malima se pogovarjam nemško," Polona Gaind Jančar, ki živi na Dunaju, njen mož je nemško govoreč, pove jezikovno zgodbo svoje družine. Včeraj je bil evropski dan jezikov, ki naj bi predvsem spodbujal učenje tujih jezikov, da bi se bolje spoznavali, evropska in tudi naša realnost pa piše kompleksne življenjske zgodbe. "Za starejšo hčerko je materni jezik slovenščina, za mlajša hčerko in sina je materinščina nemščina, slovenščino delno razumeta. Znata povedati nekaj slovenskih besed, da je mama vesela," se nasmehne sogovornica.Če bi lahko še enkrat izbirala, bi z vsemi svojimi otroki govorila slovensko, ne samo z najstarejšo, rojeno v Mariboru. "Ker se najbolje počutim v slovenščini, otroci imajo za nemščino dovolj priložnosti v vrtcu, šoli in pri obšolskih dejavnostih in v komunikaciji z možem Oliverjem, ki je Avstrijec in je nemščina njegov materni jezik. Opažam, da z malima ne morem tako sproščeno govoriti kot z Majo, ker se moram preveč ukvarjati s samim jezikom."Polonin materni jezik je po desetletju in pol, kar živi v tujini, seveda še slovenščina, četudi včasih sanja v nemščini in bere vedno več nemških knjig, "ker so pač bolj dosegljive". "Morda se sliši čudno, ampak s tem je nekoliko povezan odnos do tujih jezikov. Tako kot je pri nas v Sloveniji jasno, da se učimo tuje jezike, so tukaj samozadostni z nemščino. Ker jim televizija vse servira v nemščini, vse je sinhronizirano, vse knjige so prevedene ... Ni torej neke zunanje motivacije za učenje tujih jezikov." Čeprav se otroci v šoli učijo angleščine od prvega razreda, je nemščina zanje najpomembnejša. Polonina mlajša pa takrat, ko pridejo v Maribor, gledata pač risanke v angleščini.
Brezposelni
se učijo nemščineV Andragoški zavod Maribor Ljudsko univerzo prihajajo vsakodnevno v jezikovno šolo zelo različni ljudje. Tudi nepismene državljane Slovenije opismenjujejo, prosilci za azil in drugi priseljenci se učijo osnov slovenščine, tudi priprave na izpit iz slovenskega jezika na osnovni ravni opravljajo. Poleg gradbenih in kovinarskih delavcev iz Bosne se slovenščine učijo tudi drugi prišleki, s Kube, iz Dominikanske republike, Japonske, Afrike in v zadnjem času tudi Turčije in arabskih dežel. "Upokojenci, ki bi radi nadoknadili, česar se v aktivni dobi niso naučili, se pridejo učit angleščine, nekoliko manj se jih odloči za nemščino, zanimanje je tudi za španščino. Pri aktivnih odraslih pa je v zadnjih letih povečano zanimanje za nemščino," ugotavlja Neža Bojnec Naterer z Ljudske univerze. Brezposelni se tam učijo osnov nemščine za opravljanje enostavnih del čez mejo, vse več je tudi takšnih, ki nadgrajujejo znanje nemškega jezika za bolj zahtevna dela. Število odraslih v aktivni dobi, ki se učijo angleško, v zadnjih letih na Ljudski univerzi upada.Z obmejnega območja z Avstrijo hodi veliko ljudi na delo čez mejo. Čezmejnih delavcev, ki seveda znajo nemško in slovensko, pri nas ne razumejo, zato se pojavljajo komunikacijski zapleti. Če bi v Ljubljani razumeli jezik nerazvitih obmejnih krajev, bi bilo še več ljudi, ki bi nosili avstrijske plače v Slovenijo in bi denar tu porabili. Odkar je unija na obeh straneh, naši učenci obiskujejo tudi avstrijske šole. V avstrijski Radgoni je šolanje za naše učence brezplačno, tam imajo dvojezično šolo, kar seveda bogati odnose na meji. "Morda je svojevrsten paradoks, da se jezikovna zavest pogosto okrepi šele ob izkušnji tujine in občutku tujstva," pravi Norma Bale, profesorica, pisateljica, kolumnistka in direktorica iz Gornje Radgone, ki tudi sodeluje pri delu dvojezične šole, in meni, da ugodno prispeva h klimi na meji. Z znanjem jezika bodo naši seveda tudi v prednosti, če bodo tam iskali delo.Baletova opozori na to, da je materni jezik vsakega od nas narečni. "Jezik, v katerega se rodimo, seveda ni knjižni, ampak je narečni oziroma je to jezik najbolj zamejene družinske celice. Ta jezikovna izkušnja je zaznamovana z izjemnim čustvenim nabojem. Nato se skozi življenje priučimo knjižnega jezika, razvijamo kak svoj skrivni jezik, uporabljamo žargon, posegamo po modnih frazah, manipuliramo s prvinami naštudirane nebesedne komunikacije, se izražamo z emotikoni." Že zgodaj nas skušajo izpostaviti učenju tujih jezikov, ker to pripadnikom majhnega naroda menda povečuje možnosti za uspeh v javnem in zasebnem. "Mimogrede iz tujejezičnih telenovel in šovov poribimo še besede ljubezni in najbolj nenavadne besedne skovanke. Toda preden tako jezikovno oboroženi planemo v surov in tekmovalen tuji svet, se spodobi, da se naučimo jezika soseda. Razumeti sosedstvo namreč vzbuja upanje, da nekoč nekje pred tujim ne bo treba postavljati bodečih žic. Metaforičnih in konkretnih," je za to, da bi se Slovenci ob avstrijski meji učili nemščine in oni na drugi strani Mure slovenščine. Oboje zdaj počnejo, le da je naših tam iz ekonomskih razlogov in tudi bližine šol več.
Angleščina je bolj
uradna od uradnih jezikovV Evropski uniji je več kot 60 jezikov, 24 jih je uradnih. Enega, angleščino, delajo bolj uradnega od drugih. "V povezavi je treba spremeniti poglede na jezik in se učiti več jezikov in ne le enega, ki naj mu povsod dajejo prednost," dr. Marko Jesenšek, profesor s Filozofske fakultete Univerze v Mariboru, opozori na še eno zelo pomembno realnost ob zdajšnji obeležitvi evropskega dneva jezikov. Seveda se tudi sam zavzema za to, da bi se ljudje učili tujih jezikov, čim več, naši otroci bodo potrebovali vsaj trojezičnost, ob dnevu jezikov pa je pravšnji sogovornik tudi zato, ker vneto opozarja na odnos do slovenščine pri nas."Prvotna ideja dneva jezikov je bila, da bi se jih naučili čim več, da se meje podirajo, da je sporazumevanje boljše. Vendar jezik ni samo sporazumevanje, je tudi kultura, tudi najintimnejše reči izrazimo v njem," reče. Z jezikom si ali te ni, ponovi tisto, kar so Slovenci v zgodovini že večkrat skusili. "Pri nas se je z neoliberalizacijo naredil premik, po katerem slovenski jezik ni več vrednota." Če ne bo slovenščine, bo pa nemščina ali angleščina, je tisto, kar nam ponujajo. "Žalostno je, da se moramo v Toporišičevem letu srečevati z enakimi vprašanji, s kakršnimi se je on v času SFRJ. Če bi v takratnih njegovih člankih v 7 dni in drugih časopisih besedo Jugoslavija zamenjali z EU in srbohrvaščino z angleščino, bi bili danes zelo aktualni."Poudarja, da angleščina postaja jezik elite. "Angleščina je v EU površni, trivialni jezik sporazumevanja. Govorijo ga ljudje, ki znajo od dva do tri tisoč besed, s čimer ni mogoče izraziti toliko stvari kot z maternim jezikom, v katerem uporabljamo dvajset, trideset ali štirideset tisoč besed." Evropo je združila različnost in jo bo tudi držala skupaj, spomni. Vse to so Nemci, Francozi in Španci že spoznali in se zoperstavljajo temu, da bi bil en jezik bolj uraden od drugih.Pri Slovencih se zgodovina ponavlja, nas nič ne izuči. "Po nemškutarjih, iliristih in jugoslovenarjih imamo zdaj ljudi, ki služijo angleščini. Kratkoročno so prišli skozi, dolgoročno pa se bodo stvari postavile na pravo mesto," upa dr. Marko Jesenšek. Jutri se bo o tem govorilo na odboru za kulturo v parlamentu. "Stroka je naredila svoje. Pri politiki pa odpovesta logika in pamet, tam gre samo za kupčkanje. Tudi ko gre za tako pomembno stvar, kot je jezik."</article-text><article-text-transliterated>"Z Majo govoriva slovensko, z malima se pogovarjam nemško," Polona Gaind Jančar, ki živi na Dunaju, njen mož je nemško govoreč, pove jezikovno zgodbo svoje družine. Včeraj je bil evropski dan jezikov, ki naj bi predvsem spodbujal učenje tujih jezikov, da bi se bolje spoznavali, evropska in tudi naša realnost pa piše kompleksne življenjske zgodbe. "Za starejšo hčerko je materni jezik slovenščina, za mlajša hčerko in sina je materinščina nemščina, slovenščino delno razumeta. Znata povedati nekaj slovenskih besed, da je mama vesela," se nasmehne sogovornica.Če bi lahko še enkrat izbirala, bi z vsemi svojimi otroki govorila slovensko, ne samo z najstarejšo, rojeno v Mariboru. "Ker se najbolje počutim v slovenščini, otroci imajo za nemščino dovolj priložnosti v vrtcu, šoli in pri obšolskih dejavnostih in v komunikaciji z možem Oliverjem, ki je Avstrijec in je nemščina njegov materni jezik. Opažam, da z malima ne morem tako sproščeno govoriti kot z Majo, ker se moram preveč ukvarjati s samim jezikom."Polonin materni jezik je po desetletju in pol, kar živi v tujini, seveda še slovenščina, četudi včasih sanja v nemščini in bere vedno več nemških knjig, "ker so pač bolj dosegljive". "Morda se sliši čudno, ampak s tem je nekoliko povezan odnos do tujih jezikov. Tako kot je pri nas v Sloveniji jasno, da se učimo tuje jezike, so tukaj samozadostni z nemščino. Ker jim televizija vse servira v nemščini, vse je sinhronizirano, vse knjige so prevedene ... Ni torej neke zunanje motivacije za učenje tujih jezikov." Čeprav se otroci v šoli učijo angleščine od prvega razreda, je nemščina zanje najpomembnejša. Polonina mlajša pa takrat, ko pridejo v Maribor, gledata pač risanke v angleščini.
Brezposelni
se učijo nemščineV Andragoški zavod Maribor Ljudsko univerzo prihajajo vsakodnevno v jezikovno šolo zelo različni ljudje. Tudi nepismene državljane Slovenije opismenjujejo, prosilci za azil in drugi priseljenci se učijo osnov slovenščine, tudi priprave na izpit iz slovenskega jezika na osnovni ravni opravljajo. Poleg gradbenih in kovinarskih delavcev iz Bosne se slovenščine učijo tudi drugi prišleki, s Kube, iz Dominikanske republike, Japonske, Afrike in v zadnjem času tudi Turčije in arabskih dežel. "Upokojenci, ki bi radi nadoknadili, česar se v aktivni dobi niso naučili, se pridejo učit angleščine, nekoliko manj se jih odloči za nemščino, zanimanje je tudi za španščino. Pri aktivnih odraslih pa je v zadnjih letih povečano zanimanje za nemščino," ugotavlja Neža Bojnec Naterer z Ljudske univerze. Brezposelni se tam učijo osnov nemščine za opravljanje enostavnih del čez mejo, vse več je tudi takšnih, ki nadgrajujejo znanje nemškega jezika za bolj zahtevna dela. Število odraslih v aktivni dobi, ki se učijo angleško, v zadnjih letih na Ljudski univerzi upada.Z obmejnega območja z Avstrijo hodi veliko ljudi na delo čez mejo. Čezmejnih delavcev, ki seveda znajo nemško in slovensko, pri nas ne razumejo, zato se pojavljajo komunikacijski zapleti. Če bi v Ljubljani razumeli jezik nerazvitih obmejnih krajev, bi bilo še več ljudi, ki bi nosili avstrijske plače v Slovenijo in bi denar tu porabili. Odkar je unija na obeh straneh, naši učenci obiskujejo tudi avstrijske šole. V avstrijski Radgoni je šolanje za naše učence brezplačno, tam imajo dvojezično šolo, kar seveda bogati odnose na meji. "Morda je svojevrsten paradoks, da se jezikovna zavest pogosto okrepi šele ob izkušnji tujine in občutku tujstva," pravi Norma Bale, profesorica, pisateljica, kolumnistka in direktorica iz Gornje Radgone, ki tudi sodeluje pri delu dvojezične šole, in meni, da ugodno prispeva h klimi na meji. Z znanjem jezika bodo naši seveda tudi v prednosti, če bodo tam iskali delo.Baletova opozori na to, da je materni jezik vsakega od nas narečni. "Jezik, v katerega se rodimo, seveda ni knjižni, ampak je narečni oziroma je to jezik najbolj zamejene družinske celice. Ta jezikovna izkušnja je zaznamovana z izjemnim čustvenim nabojem. Nato se skozi življenje priučimo knjižnega jezika, razvijamo kak svoj skrivni jezik, uporabljamo žargon, posegamo po modnih frazah, manipuliramo s prvinami naštudirane nebesedne komunikacije, se izražamo z emotikoni." Že zgodaj nas skušajo izpostaviti učenju tujih jezikov, ker to pripadnikom majhnega naroda menda povečuje možnosti za uspeh v javnem in zasebnem. "Mimogrede iz tujejezičnih telenovel in šovov poribimo še besede ljubezni in najbolj nenavadne besedne skovanke. Toda preden tako jezikovno oboroženi planemo v surov in tekmovalen tuji svet, se spodobi, da se naučimo jezika soseda. Razumeti sosedstvo namreč vzbuja upanje, da nekoč nekje pred tujim ne bo treba postavljati bodečih žic. Metaforičnih in konkretnih," je za to, da bi se Slovenci ob avstrijski meji učili nemščine in oni na drugi strani Mure slovenščine. Oboje zdaj počnejo, le da je naših tam iz ekonomskih razlogov in tudi bližine šol več.
Angleščina je bolj
uradna od uradnih jezikovV Evropski uniji je več kot 60 jezikov, 24 jih je uradnih. Enega, angleščino, delajo bolj uradnega od drugih. "V povezavi je treba spremeniti poglede na jezik in se učiti več jezikov in ne le enega, ki naj mu povsod dajejo prednost," dr. Marko Jesenšek, profesor s Filozofske fakultete Univerze v Mariboru, opozori na še eno zelo pomembno realnost ob zdajšnji obeležitvi evropskega dneva jezikov. Seveda se tudi sam zavzema za to, da bi se ljudje učili tujih jezikov, čim več, naši otroci bodo potrebovali vsaj trojezičnost, ob dnevu jezikov pa je pravšnji sogovornik tudi zato, ker vneto opozarja na odnos do slovenščine pri nas."Prvotna ideja dneva jezikov je bila, da bi se jih naučili čim več, da se meje podirajo, da je sporazumevanje boljše. Vendar jezik ni samo sporazumevanje, je tudi kultura, tudi najintimnejše reči izrazimo v njem," reče. Z jezikom si ali te ni, ponovi tisto, kar so Slovenci v zgodovini že večkrat skusili. "Pri nas se je z neoliberalizacijo naredil premik, po katerem slovenski jezik ni več vrednota." Če ne bo slovenščine, bo pa nemščina ali angleščina, je tisto, kar nam ponujajo. "Žalostno je, da se moramo v Toporišičevem letu srečevati z enakimi vprašanji, s kakršnimi se je on v času SFRJ. Če bi v takratnih njegovih člankih v 7 dni in drugih časopisih besedo Jugoslavija zamenjali z EU in srbohrvaščino z angleščino, bi bili danes zelo aktualni."Poudarja, da angleščina postaja jezik elite. "Angleščina je v EU površni, trivialni jezik sporazumevanja. Govorijo ga ljudje, ki znajo od dva do tri tisoč besed, s čimer ni mogoče izraziti toliko stvari kot z maternim jezikom, v katerem uporabljamo dvajset, trideset ali štirideset tisoč besed." Evropo je združila različnost in jo bo tudi držala skupaj, spomni. Vse to so Nemci, Francozi in Španci že spoznali in se zoperstavljajo temu, da bi bil en jezik bolj uraden od drugih.Pri Slovencih se zgodovina ponavlja, nas nič ne izuči. "Po nemškutarjih, iliristih in jugoslovenarjih imamo zdaj ljudi, ki služijo angleščini. Kratkoročno so prišli skozi, dolgoročno pa se bodo stvari postavile na pravo mesto," upa dr. Marko Jesenšek. Jutri se bo o tem govorilo na odboru za kulturo v parlamentu. "Stroka je naredila svoje. Pri politiki pa odpovesta logika in pamet, tam gre samo za kupčkanje. Tudi ko gre za tako pomembno stvar, kot je jezik."</article-text-transliterated></article><comments><comments-count>0</comments-count><comments-list /></comments></document>