<?xml version="1.0" encoding="utf-8"?>
<document global-id="si-04-1298">
	<url>https://www.vecer.com//201501286091436-6091436</url>
	<source-id>si-04</source-id>
	<local-id>1298</local-id>
	<source-name>Večer</source-name>
	<article>
		<article-title>Dogovor</article-title>
		<article-title-transliterated>Dogovor</article-title-transliterated>
		<article-time>2015-01-28</article-time>
		<article-author>Urška Mlinarič</article-author>
		<article-text>Nikakršno presenečenje ni, da je vladi in občinam uspelo najti skupen jezik, ki naj bi ga v teh dneh okronali s podpisom varčevalnega dogovora. Obe strani sta se zavedali, da je dogovor nujen. Sicer jih župani ne bi odnesli le s praskami, temveč že kar z ranami, ker bi morali krepko zarezati v občinske proračune. Bolelo pa bi tudi vlado, ki se je zavedala, da jo lahko doleti tudi ustavna presoja zaradi enostranskih ukrepov. Zlasti na področju državnega sofinanciranja občinskih projektov, o katerih je sprva menila, da jih letos občinam sploh ne bi plačala. Občine so lahko zdaj zadovoljne, saj vsaj za zdaj povprečnina - to je tisti znesek, ki ga občine dobijo na občana za izvajanje zakonsko določenih nalog - ostaja takšna, kot je določena v zakonu o izvrševanju proračuna. Res je znesek nižji od lanskega, vendar so si občine izborile še interventni zakon in si v njem zagotovile nekaj dodatnih milijonov evrov. Še več naj bi jih bilo čez pol leta, ko naj bi vlada uresničila svojo obljubo, da bo s sistemskimi ukrepi občinam omogočala znižanje izdatkov še za okoli 23 milijonov evrov. Že res, da so županom tudi pretekle vlade obljubljale, da bodo zmanjšale število njihovih nalog, a so takoj, ko so proračun sestavile, na obljubo pozabile. Iz tovrstnih izkušenj so se župani očitno nekaj tudi naučili, zato zdaj zahtevajo pisno zagotovilo vlade, da bo izpolnila obljube. In s tem tudi občinske želje po klestenju stroškov tam, kjer bomo to na svoji koži, tudi finančno, občutili davkoplačevalci. Kdo drug pa lahko prevzame stroške za nižanje kriterijev pri šolskih prevozih, ukinjanje podružničnih šol, spreminjanje standardov in normativov v vrtcih, ki so jih zdaj spet potegnili iz predala. Zdaj župani radi omenjajo tudi nižje subvencije za domove za ostarele, manj drago oskrbo na domu ter nižje subvencije najemnin. Ob vsem skupaj zato izzvenijo nekoliko absurdno trditve županov, da si teh stroškov ne želijo prevaliti na pleča občanov. Na svoja naj jih prevzame država. Kot da bi župani pozabili, da so ta pleča naša, skupna, davkoplačevalska. Sicer pa bo tako tudi, če se je vlada z župani pogovarjala s figo v žepu.</article-text>
		<article-text-transliterated>Nikakršno presenečenje ni, da je vladi in občinam uspelo najti skupen jezik, ki naj bi ga v teh dneh okronali s podpisom varčevalnega dogovora. Obe strani sta se zavedali, da je dogovor nujen. Sicer jih župani ne bi odnesli le s praskami, temveč že kar z ranami, ker bi morali krepko zarezati v občinske proračune. Bolelo pa bi tudi vlado, ki se je zavedala, da jo lahko doleti tudi ustavna presoja zaradi enostranskih ukrepov. Zlasti na področju državnega sofinanciranja občinskih projektov, o katerih je sprva menila, da jih letos občinam sploh ne bi plačala. Občine so lahko zdaj zadovoljne, saj vsaj za zdaj povprečnina - to je tisti znesek, ki ga občine dobijo na občana za izvajanje zakonsko določenih nalog - ostaja takšna, kot je določena v zakonu o izvrševanju proračuna. Res je znesek nižji od lanskega, vendar so si občine izborile še interventni zakon in si v njem zagotovile nekaj dodatnih milijonov evrov. Še več naj bi jih bilo čez pol leta, ko naj bi vlada uresničila svojo obljubo, da bo s sistemskimi ukrepi občinam omogočala znižanje izdatkov še za okoli 23 milijonov evrov. Že res, da so županom tudi pretekle vlade obljubljale, da bodo zmanjšale število njihovih nalog, a so takoj, ko so proračun sestavile, na obljubo pozabile. Iz tovrstnih izkušenj so se župani očitno nekaj tudi naučili, zato zdaj zahtevajo pisno zagotovilo vlade, da bo izpolnila obljube. In s tem tudi občinske želje po klestenju stroškov tam, kjer bomo to na svoji koži, tudi finančno, občutili davkoplačevalci. Kdo drug pa lahko prevzame stroške za nižanje kriterijev pri šolskih prevozih, ukinjanje podružničnih šol, spreminjanje standardov in normativov v vrtcih, ki so jih zdaj spet potegnili iz predala. Zdaj župani radi omenjajo tudi nižje subvencije za domove za ostarele, manj drago oskrbo na domu ter nižje subvencije najemnin. Ob vsem skupaj zato izzvenijo nekoliko absurdno trditve županov, da si teh stroškov ne želijo prevaliti na pleča občanov. Na svoja naj jih prevzame država. Kot da bi župani pozabili, da so ta pleča naša, skupna, davkoplačevalska. Sicer pa bo tako tudi, če se je vlada z župani pogovarjala s figo v žepu.</article-text-transliterated>
	</article>
	<comments>
		<comments-count>0</comments-count>
		<comments-list/>
	</comments>
</document>
