<?xml version="1.0" encoding="utf-8"?>
<document global-id="si-04-1161">
	<url>https://www.vecer.com//debatirali-o-aktualnih-temah-6194654</url>
	<source-id>si-04</source-id>
	<local-id>1161</local-id>
	<source-name>Večer</source-name>
	<article>
		<article-title>Debatirali o aktualnih temah</article-title>
		<article-title-transliterated>Debatirali o aktualnih temah</article-title-transliterated>
		<article-time>2016-03-09</article-time>
		<article-author>Nataša Gider</article-author>
		<article-text>Na Gimnaziji Franca Miklošiča Ljutomer je potekal v sodelovanju z Zavodom Za in Proti 14. mednarodni debatni turnir. Gostili so več kot 200 debaterjev ter njihovih mentorjev in sodnikov iz Bosne in Hercegovine, Češke, Danske, Hrvaške, Italije, Švice, Nizozemske, Romunije, Slovenije, Srbije, Turčije, Velike Britanije in Združenih držav Amerike. Zmagovalci turnirja, na katerem se je pomerilo 50 ekip, so debaterji z Danske. V veliki finale se je uvrstila še ekipa iz ZDA. Izmed slovenskih ekip se je najvišje zavihtela ekipa Gimnazije Bežigrad iz Ljubljane, ki je izpadla v polfinalu. Ekipi GFML Ljutomer B (Sanja Hošpel, Anja Zadravec, Hana Rakuša) in Ljutomer A (Betka Perc, Vanja Vogrinec, Helena Beznec) sta se uvrstili na 21. in 22. mesto. V sklopu mednarodnega debatnega turnirja je potekalo tudi državno tekmovanje v angleški debati. Slavila je ekipa Gimnazije Bežigrad, drugo mesto je zasedla Druga gimnazija Maribor, tretje pa Gimnazija Trbovlje. Ekipa GFML Ljutomer B je osvojila četrto, ekipa GFML Ljutomer A pa peto mesto. “Debata vihari možgane, razvija retorične spretnosti, oblikuje ozaveščenega in kritičnega posameznika, ki zna na eni strani jasno, prepričljivo in argumentirano zagovarjati svoja stališča, na drugi pa prisluhniti in razumeti popolnoma nasprotne argumente ter vzpostaviti dialog,” je ob odprtju turnirja povedal ravnatelj GFML Zvonko Kustec. Turnir je po njegovih besedah tudi priložnost za razvijanje aktivnega državljanstva pri mladih, pa tudi za nova poznanstva in prijateljstva ter spoznavanje drugačnih kulturnih vzorcev in navad. Sodelujoči na letošnjem mednarodnem debatnem turnirju so v angleškem jeziku debatirali na tri pripravljene teme: Obžalujemo prevladujoči diskurz, ki ženske v konfliktih in humanitarnih krizah prikazuje kot nenasilne in ranljive; Za Zahod bi moral biti najpomembnejši partner na Srednjem vzhodu Iran in ne Savdska Arabija; Družbeni razred je pomembnejši kot rasa. Profesorica angleškega jezika na GFML Liana Miholič pravi, da so bile teme “nekoliko težje kot običajno, saj je turnir priprava za svetovno debatno prvenstvo, ki bo julija v Nemčiji”.</article-text>
		<article-text-transliterated>Na Gimnaziji Franca Miklošiča Ljutomer je potekal v sodelovanju z Zavodom Za in Proti 14. mednarodni debatni turnir. Gostili so več kot 200 debaterjev ter njihovih mentorjev in sodnikov iz Bosne in Hercegovine, Češke, Danske, Hrvaške, Italije, Švice, Nizozemske, Romunije, Slovenije, Srbije, Turčije, Velike Britanije in Združenih držav Amerike. Zmagovalci turnirja, na katerem se je pomerilo 50 ekip, so debaterji z Danske. V veliki finale se je uvrstila še ekipa iz ZDA. Izmed slovenskih ekip se je najvišje zavihtela ekipa Gimnazije Bežigrad iz Ljubljane, ki je izpadla v polfinalu. Ekipi GFML Ljutomer B (Sanja Hošpel, Anja Zadravec, Hana Rakuša) in Ljutomer A (Betka Perc, Vanja Vogrinec, Helena Beznec) sta se uvrstili na 21. in 22. mesto. V sklopu mednarodnega debatnega turnirja je potekalo tudi državno tekmovanje v angleški debati. Slavila je ekipa Gimnazije Bežigrad, drugo mesto je zasedla Druga gimnazija Maribor, tretje pa Gimnazija Trbovlje. Ekipa GFML Ljutomer B je osvojila četrto, ekipa GFML Ljutomer A pa peto mesto. “Debata vihari možgane, razvija retorične spretnosti, oblikuje ozaveščenega in kritičnega posameznika, ki zna na eni strani jasno, prepričljivo in argumentirano zagovarjati svoja stališča, na drugi pa prisluhniti in razumeti popolnoma nasprotne argumente ter vzpostaviti dialog,” je ob odprtju turnirja povedal ravnatelj GFML Zvonko Kustec. Turnir je po njegovih besedah tudi priložnost za razvijanje aktivnega državljanstva pri mladih, pa tudi za nova poznanstva in prijateljstva ter spoznavanje drugačnih kulturnih vzorcev in navad. Sodelujoči na letošnjem mednarodnem debatnem turnirju so v angleškem jeziku debatirali na tri pripravljene teme: Obžalujemo prevladujoči diskurz, ki ženske v konfliktih in humanitarnih krizah prikazuje kot nenasilne in ranljive; Za Zahod bi moral biti najpomembnejši partner na Srednjem vzhodu Iran in ne Savdska Arabija; Družbeni razred je pomembnejši kot rasa. Profesorica angleškega jezika na GFML Liana Miholič pravi, da so bile teme “nekoliko težje kot običajno, saj je turnir priprava za svetovno debatno prvenstvo, ki bo julija v Nemčiji”.</article-text-transliterated>
	</article>
	<comments>
		<comments-count>0</comments-count>
		<comments-list/>
	</comments>
</document>
