<document global-id="si-04-1350"><url>https://www.vecer.com//drago-bulc-zaradi-nageljnov-in-nez-sem-moral-postati-svetnik-6591413</url><source-id>si-04</source-id><local-id>si-04-1350</local-id><source-name>Večer</source-name><article><article-title>Drago Bulc: “Zaradi nageljnov in než sem moral postati svetnik”</article-title><article-title-transliterated>Drago Bulc: “Zaradi nageljnov in než sem moral postati svetnik”</article-title-transliterated><article_time>2018-10-12</article_time><article-author>Barbara Gavez Volčjak</article-author><article-text>Staroste slovenskega turističnega novinarstva Draga Bulca ni treba posebej predstavljati. Z Radia Ljubljana, kjer je začel novinarsko kariero, se je leta 1983 preselil čez cesto na TV Ljubljana oziroma pozneje RTV Slovenija in tam pred nekaj leti končal poklicno pot kot urednik oddaje Na lepše. Predsednik Društva turističnih novinarjev Slovenije pa tudi v pokoju ne počiva, temveč bi si želel znova zagnati kako vseslovensko akcijo, ki bi opozorila na morebitne pomanjkljivosti v trenutno sicer cvetočem slovenskem turizmu. Izkušenj s tega področja mu ne manjka, v 80-ih letih preteklega stoletja je skupaj z dr. Darkom Mavrom iz tedanjega Zbora smučarskih učiteljev zagnal odmevno akcijo Zlata snežinka, v kateri so ocenjevali slovenska smučišča. Od leta 1983 je na televiziji vodil projekt podeljevanja turističnih nageljnov in bodečih než, v katerem so nagrajevali dobre in opozarjali manj dobre udeležence v domači turistični ponudbi. V razvedrilnem programu nacionalne televizije pa je nekaj časa v oddaji Turistika imel zelo odmevno rubriko Bulc vas gleda. In kako danes gleda na razmere v slo- venskem turizmu ter še posebno na poročanje o turizmu v Sloveniji?
Kaj vas je spodbudilo, da ste leta 1981 na Valu 202 uvedli akcijo Zlata snežinka? 
“Takrat so slovenski smučarji že dosegali vrhunske uspehe v svetovnem merilu, naša smučišča pa so bila precej zastarela. Ker so k nam prihajali tudi tuji gostje, predvsem Švedi in Angleži, se mi je zdelo prav, da bi tudi naše smučarske delavce, od upraviteljev smučišč do navadnih žičničarjev, nekdo opozoril, kaj bi bilo treba izboljšati. Smučarski učitelji so tedaj že ocenjevali varnost na smučiščih, na mojo pobudo smo ocenjevanje razširili na urejenost smučišč in dodatno turistično ponudbo. Da smo bili objektivni, dokazuje to, da je priznanje prvih pet let zmeraj dobilo smučišče Krvavec, kjer so se dela lotili najresneje. Pozneje je sedem let zapovrstjo prevladovala Rogla, ki se je lahko pohvalila še s termami in velikim številom prenočišč. V zadnjem letu ocenjevanja je zmagalo Mariborsko Pohorje, nato pa so projekt ukinili.”
Kaj ste po vašem mnenju z akcijo dosegli, kakšni so bili učinki tega prizadevanja?
“Kar nekaj stvari se je premaknilo, zgrajeni sta bili na primer novi dostavni žičnici na Vogel, nekatere druge so bile posodobljene, uredili so Kranjsko Goro. Predvsem pa se je spremenila miselnost upravljavcev smučišč, saj so si začeli prizadevati za večjo kakovost. Akcija je bila zelo odmevna, saj so jo podpirali vsi večji slovenski mediji in s tem ustvarili večji pritisk na odločevalce.”
Menite, da bi bila podobna akcija smiselna tudi danes, čeprav se morajo turistični delavci v boju za obiskovalce tako ali tako nenehno prilagajati in dokazovati?
“Z nekaj prijatelji in sodelavci sem že začel razmišljati o tem. Po tehnični plati se danes slovenska smučišča lahko kosajo s tujimi, zato bi bilo morda dobro spodbuditi še turistično ponudbo. Medijem bi bila taka akcija zanimiva za pritegnitev publike, žičničarji pa bi dobili nevtralen pogled zunanjega opazovalca.”
Potrebo po opozarjanju na prednosti in pomanjkljivosti v turizmu ste poleg osnovnega novinarskega poslanstva - poročanja o dogodkih - torej ohranili tudi po preselitvi na televizijo. Tam ste podeljevali turistične nageljne in bodeče neže.
“Akcija podeljevanja nageljnov in než je obstajala pred mojim prihodom, a prevzel sem jo z obema rokama. Začutil sem namreč, da lahko na televiziji stvari tudi pokažeš, ne le poveš. V drugi polovici 80-ih let in ob osamosvojitvi je bilo namreč v Sloveniji kar močno razširjeno ozaveščanje o turizmu kot gospodarskem potencialu, takrat so se uveljavili slogani Slovenija, moja dežela, Turizem smo ljudje, Turizem nas bogati. Nageljni in neže so delovali nekako po principu korenčka in palice: pohvalili smo veliko dobrih iniciativ, tu in tam pa zbodli kakšno slabo. Toda naredili smo tudi veliko koristnega, denimo odstavili šest slabih direktorjev na področju turizma, ki so morali oditi, ker so povzročali turistično sramoto. Zaradi podeljene neže je bil obnovljen tudi Ljubljanski grad, danes najbolj obiskana turistična znamenitost v državi.”
Pa vam je pri vseh teh ocenjevanjih kdo kdaj kaj zameril, vas gledal postrani?
“Zaradi njih sem postal skoraj svetnik, saj sem moral v zasebnem življenju paziti na vsak korak. Prejemniki než so mi hoteli dokazati neobjektivnost in so me poskušali očrniti pri zasebnih zadevah, prejemnikov nageljnov sem se moral ogibati, da mi ne bi kdo očital zastonjkarstva. Čeprav nazivov nikoli nisem podeljeval sam, ampak so bili dobitniki izbrani s konsenzom 15 članov komisije. Predloge pa sem se vedno trudil zelo dobro utemeljiti, tudi z videomaterialom.”







Osebni arhiv Spomnimo se ga po nepogrešljivem metuljčku.



Že vsaj 40 let poklicno, skoraj 50 let pa zasebno spremljate turizem. Opažate skozi leta kake spremembe v turizmu in v poročanju o njem?
“Hkrati s spremembami v družbi se je seveda spreminjal tudi turizem. Veliko sta prispevala razvoj prometnih sredstev in pocenitev letov med celinami, ki so si jih nekoč lahko privoščili samo bogati. Pravo revolucijo pa je v zadnjem času povzročil internet: potovalne agencije so skoraj izumrle, potrebne so le še v velikih državah in tam, kjer ne znajo tujih jezikov. V razvitem svetu pa vsi uporabljamo pametni telefon, z njim iščemo podatke, plačujemo storitve, kar med potjo rezerviramo prenočišče.”
Kako se v tem vedno hitreje vrtečem se stroju godi Sloveniji?
“Tudi pri nas so se sprostile rezerve pri prenočiščih. Ljudje, ki so nekoč gradili ogromne hiše zase in za otroke, danes pa bivajo sami, lahko del hiš oddajajo. Njihovo ponudbo bi lahko združili v tako imenovane razpršene hotele s skupno recepcijo, da se najemodajalcem ne bi bilo treba ukvarjati z birokracijo. Prav tako imamo praznih veliko bivalnih vikendov, zidanic, hramov. To bi bila idealna prenočišča za sodobne turiste, ki so neodvisni, pridejo peš ali s kolesom in iščejo nova doživetja. Škoda, da ne deluje mariborsko letališče, kamor bi lahko pritegnili nizkocenovne in čarterske prevoznike. Leži tik ob avtocesti, v okolici pa je veliko zanimivosti: Prekmurje, zdravilišča, Dravsko polje, Pohorje, Koroška.”

Homo turisticus“Tak naslov oddaje, ki sem jo urejal in vodil na TV Slovenija, sem izbral zaradi spoznanja, da v sodobni družbi vsi potujemo. Pogosto se znajdemo tudi v dvojni vlogi: ko zasebno odidemo na počitnice ali izlet, smo potrošniki turističnih storitev, ko imamo v službi opravka s tujcem - bodisi smo trgovci, avtomehaniki, muzejski vodiči bodisi dejansko zaposleni v turizmu -, pa se prelevimo v ponudnike. Danes ni dejavnosti, ki ne bi bila povezana s turizmom. Zato še vedno velja, da smo turizem ljudje.”

Pa gre turistično novinarstvo v korak z novimi razmerami? Kako ga vidite zdaj, ko ste nekoliko manj vpeti v vsakdanje dogajanje?
“Zanimivo je, da so imeli v času socializma vsi večji mediji v Jugoslaviji in tudi v Sloveniji specializirane novinarje za področje turizma. Danes, ko ta panoga v Sloveniji prinaša 13 odstotkov bruto domačega proizvoda, pa se vodstvom medijskih hiš to ne zdi potrebno. Poleg tega je 90 odstotkov poročanja o turizmu plačanega, to pa niso verodostojne novinarske informacije. Toda proti takemu trendu se je težko boriti. Nova kakovost v turizmu so tudi družbeni mediji, vendar objav blogerjev ne moremo šteti za resno turistično novinarstvo. Tiste, ki imajo veliko sledilcev, organizatorji povabijo na ogled znamenitosti in jim za objavo plačajo. V Društvu turističnih novinarjev Slovenije skušamo ohranjati strokovno turistično novinarstvo, to pomeni, da poročamo z vseh vidikov tega fenomena sodobnega časa: ekonomskega, kulturnega, športnega, rekreativnega. V tej vlogi vidim društvo tudi v prihodnje, še posebno, če nam uspe našo dejavnost razširiti na vso Evropsko unijo, da bi bil torej sedež evropskega združenja turističnih novinarjev v Sloveniji. Tako bi kot ena od institucij EU lahko promovirali resno turistično novinarstvo. Seveda pa si bomo morali podporo zagotoviti s kvalitetnim delom. Prav zato smo pred kratkim zagnali prenovljeno spletno stran, na kateri bomo morali tudi mi izkoristiti vpliv interneta na obveščanje ljudi.”







Barbara Gavez Volčjak Na študijski turi s turističnimi novinarji Slovenije v Termah Snovik



Kakšna pa je vaša napoved za prihodnost - tako turizma kot poročanja o njem?
“Kot vemo, Sloveniji trenutno dobro kaže, pridobila je mednarodni ugled kot prva zelena turistična država, Ljubljana je bila zelena turistična prestolnica, vse gre v smer trajnostnega turizma. Vendar bomo ob takem razvoju potrebovali tudi kvalitetne medije. Občutek imam, da se med vsemi najbolje drži radio, ker ga lahko poslušamo kjerkoli, Slovenci pa sploh veliko časa prebijemo v avtu. Ob pametni uredniški politiki lahko radijske postaje posredujejo pomembne vsebine.
Po mojem mnenju se bodo klasični mediji obdržali, vendar se bodo vedno bolj povezovali s sodobnimi internetnimi mediji, ki se prav tako čistijo. Ostajajo samo najboljši.”</article-text><article-text-transliterated>Staroste slovenskega turističnega novinarstva Draga Bulca ni treba posebej predstavljati. Z Radia Ljubljana, kjer je začel novinarsko kariero, se je leta 1983 preselil čez cesto na TV Ljubljana oziroma pozneje RTV Slovenija in tam pred nekaj leti končal poklicno pot kot urednik oddaje Na lepše. Predsednik Društva turističnih novinarjev Slovenije pa tudi v pokoju ne počiva, temveč bi si želel znova zagnati kako vseslovensko akcijo, ki bi opozorila na morebitne pomanjkljivosti v trenutno sicer cvetočem slovenskem turizmu. Izkušenj s tega področja mu ne manjka, v 80-ih letih preteklega stoletja je skupaj z dr. Darkom Mavrom iz tedanjega Zbora smučarskih učiteljev zagnal odmevno akcijo Zlata snežinka, v kateri so ocenjevali slovenska smučišča. Od leta 1983 je na televiziji vodil projekt podeljevanja turističnih nageljnov in bodečih než, v katerem so nagrajevali dobre in opozarjali manj dobre udeležence v domači turistični ponudbi. V razvedrilnem programu nacionalne televizije pa je nekaj časa v oddaji Turistika imel zelo odmevno rubriko Bulc vas gleda. In kako danes gleda na razmere v slo- venskem turizmu ter še posebno na poročanje o turizmu v Sloveniji?
Kaj vas je spodbudilo, da ste leta 1981 na Valu 202 uvedli akcijo Zlata snežinka? 
“Takrat so slovenski smučarji že dosegali vrhunske uspehe v svetovnem merilu, naša smučišča pa so bila precej zastarela. Ker so k nam prihajali tudi tuji gostje, predvsem Švedi in Angleži, se mi je zdelo prav, da bi tudi naše smučarske delavce, od upraviteljev smučišč do navadnih žičničarjev, nekdo opozoril, kaj bi bilo treba izboljšati. Smučarski učitelji so tedaj že ocenjevali varnost na smučiščih, na mojo pobudo smo ocenjevanje razširili na urejenost smučišč in dodatno turistično ponudbo. Da smo bili objektivni, dokazuje to, da je priznanje prvih pet let zmeraj dobilo smučišče Krvavec, kjer so se dela lotili najresneje. Pozneje je sedem let zapovrstjo prevladovala Rogla, ki se je lahko pohvalila še s termami in velikim številom prenočišč. V zadnjem letu ocenjevanja je zmagalo Mariborsko Pohorje, nato pa so projekt ukinili.”
Kaj ste po vašem mnenju z akcijo dosegli, kakšni so bili učinki tega prizadevanja?
“Kar nekaj stvari se je premaknilo, zgrajeni sta bili na primer novi dostavni žičnici na Vogel, nekatere druge so bile posodobljene, uredili so Kranjsko Goro. Predvsem pa se je spremenila miselnost upravljavcev smučišč, saj so si začeli prizadevati za večjo kakovost. Akcija je bila zelo odmevna, saj so jo podpirali vsi večji slovenski mediji in s tem ustvarili večji pritisk na odločevalce.”
Menite, da bi bila podobna akcija smiselna tudi danes, čeprav se morajo turistični delavci v boju za obiskovalce tako ali tako nenehno prilagajati in dokazovati?
“Z nekaj prijatelji in sodelavci sem že začel razmišljati o tem. Po tehnični plati se danes slovenska smučišča lahko kosajo s tujimi, zato bi bilo morda dobro spodbuditi še turistično ponudbo. Medijem bi bila taka akcija zanimiva za pritegnitev publike, žičničarji pa bi dobili nevtralen pogled zunanjega opazovalca.”
Potrebo po opozarjanju na prednosti in pomanjkljivosti v turizmu ste poleg osnovnega novinarskega poslanstva - poročanja o dogodkih - torej ohranili tudi po preselitvi na televizijo. Tam ste podeljevali turistične nageljne in bodeče neže.
“Akcija podeljevanja nageljnov in než je obstajala pred mojim prihodom, a prevzel sem jo z obema rokama. Začutil sem namreč, da lahko na televiziji stvari tudi pokažeš, ne le poveš. V drugi polovici 80-ih let in ob osamosvojitvi je bilo namreč v Sloveniji kar močno razširjeno ozaveščanje o turizmu kot gospodarskem potencialu, takrat so se uveljavili slogani Slovenija, moja dežela, Turizem smo ljudje, Turizem nas bogati. Nageljni in neže so delovali nekako po principu korenčka in palice: pohvalili smo veliko dobrih iniciativ, tu in tam pa zbodli kakšno slabo. Toda naredili smo tudi veliko koristnega, denimo odstavili šest slabih direktorjev na področju turizma, ki so morali oditi, ker so povzročali turistično sramoto. Zaradi podeljene neže je bil obnovljen tudi Ljubljanski grad, danes najbolj obiskana turistična znamenitost v državi.”
Pa vam je pri vseh teh ocenjevanjih kdo kdaj kaj zameril, vas gledal postrani?
“Zaradi njih sem postal skoraj svetnik, saj sem moral v zasebnem življenju paziti na vsak korak. Prejemniki než so mi hoteli dokazati neobjektivnost in so me poskušali očrniti pri zasebnih zadevah, prejemnikov nageljnov sem se moral ogibati, da mi ne bi kdo očital zastonjkarstva. Čeprav nazivov nikoli nisem podeljeval sam, ampak so bili dobitniki izbrani s konsenzom 15 članov komisije. Predloge pa sem se vedno trudil zelo dobro utemeljiti, tudi z videomaterialom.”







Osebni arhiv Spomnimo se ga po nepogrešljivem metuljčku.



Že vsaj 40 let poklicno, skoraj 50 let pa zasebno spremljate turizem. Opažate skozi leta kake spremembe v turizmu in v poročanju o njem?
“Hkrati s spremembami v družbi se je seveda spreminjal tudi turizem. Veliko sta prispevala razvoj prometnih sredstev in pocenitev letov med celinami, ki so si jih nekoč lahko privoščili samo bogati. Pravo revolucijo pa je v zadnjem času povzročil internet: potovalne agencije so skoraj izumrle, potrebne so le še v velikih državah in tam, kjer ne znajo tujih jezikov. V razvitem svetu pa vsi uporabljamo pametni telefon, z njim iščemo podatke, plačujemo storitve, kar med potjo rezerviramo prenočišče.”
Kako se v tem vedno hitreje vrtečem se stroju godi Sloveniji?
“Tudi pri nas so se sprostile rezerve pri prenočiščih. Ljudje, ki so nekoč gradili ogromne hiše zase in za otroke, danes pa bivajo sami, lahko del hiš oddajajo. Njihovo ponudbo bi lahko združili v tako imenovane razpršene hotele s skupno recepcijo, da se najemodajalcem ne bi bilo treba ukvarjati z birokracijo. Prav tako imamo praznih veliko bivalnih vikendov, zidanic, hramov. To bi bila idealna prenočišča za sodobne turiste, ki so neodvisni, pridejo peš ali s kolesom in iščejo nova doživetja. Škoda, da ne deluje mariborsko letališče, kamor bi lahko pritegnili nizkocenovne in čarterske prevoznike. Leži tik ob avtocesti, v okolici pa je veliko zanimivosti: Prekmurje, zdravilišča, Dravsko polje, Pohorje, Koroška.”

Homo turisticus“Tak naslov oddaje, ki sem jo urejal in vodil na TV Slovenija, sem izbral zaradi spoznanja, da v sodobni družbi vsi potujemo. Pogosto se znajdemo tudi v dvojni vlogi: ko zasebno odidemo na počitnice ali izlet, smo potrošniki turističnih storitev, ko imamo v službi opravka s tujcem - bodisi smo trgovci, avtomehaniki, muzejski vodiči bodisi dejansko zaposleni v turizmu -, pa se prelevimo v ponudnike. Danes ni dejavnosti, ki ne bi bila povezana s turizmom. Zato še vedno velja, da smo turizem ljudje.”

Pa gre turistično novinarstvo v korak z novimi razmerami? Kako ga vidite zdaj, ko ste nekoliko manj vpeti v vsakdanje dogajanje?
“Zanimivo je, da so imeli v času socializma vsi večji mediji v Jugoslaviji in tudi v Sloveniji specializirane novinarje za področje turizma. Danes, ko ta panoga v Sloveniji prinaša 13 odstotkov bruto domačega proizvoda, pa se vodstvom medijskih hiš to ne zdi potrebno. Poleg tega je 90 odstotkov poročanja o turizmu plačanega, to pa niso verodostojne novinarske informacije. Toda proti takemu trendu se je težko boriti. Nova kakovost v turizmu so tudi družbeni mediji, vendar objav blogerjev ne moremo šteti za resno turistično novinarstvo. Tiste, ki imajo veliko sledilcev, organizatorji povabijo na ogled znamenitosti in jim za objavo plačajo. V Društvu turističnih novinarjev Slovenije skušamo ohranjati strokovno turistično novinarstvo, to pomeni, da poročamo z vseh vidikov tega fenomena sodobnega časa: ekonomskega, kulturnega, športnega, rekreativnega. V tej vlogi vidim društvo tudi v prihodnje, še posebno, če nam uspe našo dejavnost razširiti na vso Evropsko unijo, da bi bil torej sedež evropskega združenja turističnih novinarjev v Sloveniji. Tako bi kot ena od institucij EU lahko promovirali resno turistično novinarstvo. Seveda pa si bomo morali podporo zagotoviti s kvalitetnim delom. Prav zato smo pred kratkim zagnali prenovljeno spletno stran, na kateri bomo morali tudi mi izkoristiti vpliv interneta na obveščanje ljudi.”







Barbara Gavez Volčjak Na študijski turi s turističnimi novinarji Slovenije v Termah Snovik



Kakšna pa je vaša napoved za prihodnost - tako turizma kot poročanja o njem?
“Kot vemo, Sloveniji trenutno dobro kaže, pridobila je mednarodni ugled kot prva zelena turistična država, Ljubljana je bila zelena turistična prestolnica, vse gre v smer trajnostnega turizma. Vendar bomo ob takem razvoju potrebovali tudi kvalitetne medije. Občutek imam, da se med vsemi najbolje drži radio, ker ga lahko poslušamo kjerkoli, Slovenci pa sploh veliko časa prebijemo v avtu. Ob pametni uredniški politiki lahko radijske postaje posredujejo pomembne vsebine.
Po mojem mnenju se bodo klasični mediji obdržali, vendar se bodo vedno bolj povezovali s sodobnimi internetnimi mediji, ki se prav tako čistijo. Ostajajo samo najboljši.”</article-text-transliterated></article><comments><comments-count>0</comments-count><comments-list /></comments></document>