<?xml version="1.0" encoding="utf-8"?>
<document global-id="si-04-1231">
	<url>https://www.vecer.com//direktorica-drustva-up-vsi-bi-spreminjali-svet-nihce-sebe-6556528</url>
	<source-id>si-04</source-id>
	<local-id>1231</local-id>
	<source-name>Večer</source-name>
	<article>
		<article-title>Direktorica društva Up: Vsi bi spreminjali svet, nihče sebe</article-title>
		<article-title-transliterated>Direktorica društva Up: Vsi bi spreminjali svet, nihče sebe</article-title-transliterated>
		<article-time>2018-09-01</article-time>
		<article-author>Urška Mlinarič</article-author>
		<article-text>V avgustu, leto in pol zatem, ko je visoko noseča pripešačila v Slovenijo, je Somalka Firdews s svojo tukaj rojeno hčerkico Sabreen, za kateri skrbi vaše društvo Up, vendarle dobila mednarodno zaščito. Kaj sta morali v tem času prestati in koliko energije ste morali v društvu vložiti, da je do tega prišlo? &quot;Odobritev mednarodne zaščite za somalsko družinico ni bila odvisna od sreče, temveč je bila sprejeta na podlagi strokovne obravnave pristojnega ministrstva in upoštevanja evropskih direktiv. Naš pristop ni bil zgolj humanitaren, temveč holističen, saj je dajal celotno podporo pri vključevanju v slovensko okolje. Mamico Firdews smo vpisali v šolo za opismenjevanje zaradi lažjega usvajanja socialnih veščin pri komunikaciji s širšo socialno mrežo, deklico pa smo vpisali v vrtec, kjer je zaradi izredno sprejemljivega učnega okolja izjemno napredovala. Njeno socialno aktivacijo ohranjamo trajnostno, ker so begunci pogostokrat nerazumljeni in izključeni iz družbenega okolja, potrebujejo pomoč in podporo predvsem pogumnih ljudi.&quot; Vsakodnevno delate s prosilci za azil in begunci. Naredi država dovolj za njihovo integracijo? Kakšno pomoč bosta potrebovali Fiwders in Sabreen zdaj? &quot;Firdews in Sabreen se iz azilnega doma selita v integracijsko hišo, kjer bosta deležni nadaljnje podpore. Ne želimo si ustvarjati novih ranljivih skupin in izkoriščati socialnih transferjev, temveč prispevati k družbi, blaginji in ohranjati socialno aktivacijo ranljivih skupin. Iščemo prvo zaposlitev za somalsko mamico in njeno opolnomočenje. Družinica mora zaživeti neodvisno, samostojno in predvsem kakovostno, z veliko mero lastne odgovornosti in samoiniciativnosti. Delo s prosilci za mednarodno zaščito pomeni skupek povezovanj vladnih in nevladnih institucij, kakovosten državni aparat. Integracija beguncev pa večletno prizadevanje obeh strani. Ne glede na evropske direktive po sprejetju beguncev k nam ne prihajajo zgolj roke, noge in možgani, temveč ljudje, ki jih moramo najprej osvoboditi lastnih travm in v njih vzbuditi občutek varnosti, zaščite, zaupanja, ki ga beli človek sploh še lahko ponudi.&quot;   Utopično je pričakovati, da bo politika slekla muslimansko žensko. Še bolj jo bo ovila. Mentalno. In to v veliko bolj radikalna oblačila    Delate z ranljivimi, spoznavate njihove stiske in težave, po drugi strani pa se soočamo z vsakodnevno politično in medijsko gonjo, v zadnjem obdobju zlasti do beguncev, prosilcev za azil, migrantov. Kako si sami razlagate zavračanje ranljivih? &quot;Gostimo relativno majhen delež prisilno razseljenih oseb. Te migracije le imaginarno lahko označimo kot prostovoljne. Migracije niso evropski problem, še najmanj pa slovenski. Gre za globalni izziv, s katerim se soočamo vsi. Tisti, ki v tem vidimo smisel osredotočanja na človekove pravice, evropske vrednote, socialne ureditve in kakovosten trg dela, lahko razvijamo nove metode interdisciplinarnega dela in medkulturne perspektive. Biti moramo kreativni, podjetni, dinamični, sposobni kritično ovrednotiti obstoječe migracijske sisteme v okviru integracijskih politik. Generacije priseljencev pred nami so se ukvarjale z eksistenčnimi vprašanji, nove generacije pa s strategijami formalnopravnega in praktičnega urejanja medkulturnih odnosov.&quot;  Faila Pašić Bišić je tudi obraz Evrope; bila je ambasadroka EU leta boja proti revščini in socialni izključenosti, njena podoba je bila tudi na evropskem koledarju žensk, ki navdihujejo. Vsa njena širša in ožja družina se ukvarja s humanitarnimi projekti, Faila je zelo zgodaj v najrevnejše dela sveta peljala tudi sinova Omarja in Ismaila, da se, kot nam je pred časom povedala, “učita smisla življenja”.  Slovenski javnosti ste znani kot ena prvih muslimank, ki so se izpostavile z naglavno ruto. Čeprav je nabor dela, ki se mu posvečate, zelo pester, pa mnogi v vas vidijo le to naglavno ruto kot simbol islama, ki ogroža evropske vrednote. Kako odgovarjate na take pomisleke? &quot;Ljudje govorijo in se pogovarjajo s hidžabi, nikabi, burkiniji, ne z ženskami, ki tak način oblačenja prakticirajo. Hidžab nas postavi v posledični del politike sejanja strahu in ključni objekt kulturnega trka. Napeto ozračje, ki ohranja konflikt in ga iz dneva v dan krepi, je čas, ki se ga muslimanke zelo dobro zavedamo. Prihajamo v ospredje družbeno-političnega življenja. Hidžab je reprezentator drugačnosti, zaradi tega tudi objekt rasizma, diskriminacije in groženj. Zelo bi se ponižala, če bi dovolila, da me kdo ustrahuje, mi grozi, in bi tako postala objekt izlivanja frustracij, strahu, stigmatizacije na robu družbe. Tega si nikoli ne bi oprostila. Tako kot se znam postaviti v bran ranljivim skupinam in posameznikom, je povsem razumljivo, da se znam postaviti tudi zase. Brez strahu in odvečnega polemiziranja. Kdorkoli se zna postaviti zase, se bo vedno znal postaviti za kogarkoli drugega. Enostavna življenjska filozofija. Izjemno veliko žensk, ki prakticirajo islamski način oblačenja, je mladih in izobraženih, zelo predanih in ljubečih, ki ne ogrožajo nikogar. Nihče me še ni prepričal, da moj način oblačenja in pozicioniranje v družbi ustvarjata podrejenost, neizobraženost, diskriminacijo znotraj skupnosti, socialno izključenost, revščino in intelektualno bedo. Glede na to, da nihče nima moči presoditi, kakšen način oblačenja je za žensko najboljši, je edino pravilno zagotavljati svobodo odločanja.&quot; Pa vendarle, ali se ženske, ki nosijo nikab, ki nima temeljev v islamski veri in jih prav tako ne zapoveduje Koran, ne izolirajo do določene mere same? Četudi bi v javnosti lahko hodile z nikabom, pa je ni evropske države, kjer bi se lahko zaposlile. &quot;Nikab, hidžab, burka ... vse to je zelo sprejemljivo, dokler je to osebna odločitev žensk. Ko gre za prisilo, je potrebna pozornost institucij. V Sloveniji ga nosijo predvsem Slovenke, ki so islam sprejele za svojo novo religijo. Zanimiva primerjava. Zahodna kultura je res preplavila svet, toda ideje liberalizma in predvsem individualizma imajo v drugih civilizacijah zelo malo odziva. Nekomu ukazovati v imenu vrednot evropskega sekularizma, naj se sleče, je podobno, kot nekomu ukazovati v imenu islama, naj se popolnoma zakrije. Če bi namesto pasti čustvenih in prvinskih odzivov uporabili znanje, izkušnje in intelekt, bi oblačilno prakso muslimank zelo cenili. Zelo utopično je pričakovati, da bo politika slekla muslimansko žensko. Še bolj jo bo ovila. Mentalno. V veliko bolj radikalna oblačila in to bo ena najbolj zgrešenih investicij družbeno-političnih ureditev.&quot; Zakaj nikab tako iritira evropsko javnost? Celo v Sloveniji jih tisti, ki mu nasprotujejo, zmerjajo z rjuharicami? &quot;Ker se nočejo sleči ... Prakticiranje islamskega načina življenja je danes veliko bolj premišljeno, racionalizirano in reflektirano. Ta oblačilna koda manifestno izraža versko pripadnost, ki je v Evropi vse bolj osovražena. Verska ideologija, ki ji sledi kultura Zahoda, se v praksi izkaže za neučinkovito, ko gre za avtomatsko latentno povzročeni konflikt. Evropske vlade ne upoštevajo dejstva, da imamo muslimani več vidikov identitete, ki se nenehno dopolnjujejo z novimi vsebinami in elementi. Medtem ko se manjši del muslimanske skupnosti asimilira ali izolira samoiniciativno ali pa je takšno vedenje rezultat državne politike, si večina muslimanov želi integracije v evropsko družbo. Zopet se soočamo s perspektivami in dilemami muslimanov v Evropi, v ospredje pa vedno postavljamo muslimansko žensko, ki prakticira islamski način oblačenja. Vsaka prepoved pomeni stigmatizacijo, saj je utopično pričakovati, da bodo muslimanke opustile svojo oblačilno prakso. Antropologija pozna ta pojav; dokazovanja prevlade, politične in vojaške moči preko ženskih teles. Evropa je ranjena in podvržena nevarnostim, a vsak maščevalen ukrep, ki ni posameznikov, temveč formalen in na ravni države, je vprašanje, ki nima enoznačnega odgovora. A eno ostaja: muslimani smo največje žrtve ekstremizma.&quot;   En človek je popolnoma zadosti, da spremeni tok življenja in svet preusmeri v novo gonilno silo. Tako je tudi en človek dovolj, da vse uniči    Koliko vas po dvajsetih letih izpostavljanja še zabolijo zmerljivke, ko v vas vidijo le žensko, muslimanko, &quot;tisto na -ić, ki naj se vrne v Bosno&quot;, pa čeprav ste sami rojeni v Sloveniji? &quot;To, da sem rojena v Sloveniji, je moja velika prednost. Zahod je moj naravni svet, v katerega sem vključena kulturno, družbeno ..., na način, v katerem ohranjam sebe in svojo osebno identiteto. Biti aktivni del zahodne družbe pomeni biti vsevključujoč, kreativen, pogumen, kritičen, dialoški, predvsem pa koristen. Če pa kdo v tem prispevku v družbi vidi težavo in to propagira kot nevarno, potem to ni problem aktivizma, temveč problem lastne pasivnosti in cone ugodja. Vsi bi spreminjali svet, nihče pa ne bi spremenil sebe.&quot; Kakšna je cena, ki jo plačujete muslimanke v Sloveniji, ker nosite naglavne rute? &quot;9,90 evra, kolikor stane vstopnica v Vodnem mestu Atlantis. V burkiniju si tako zagotoviš prvo novico na BBC-ju, CNN-u, v Timesu. Plačamo, kolikor smo pripravljene plačati za to. Socialna distanca narašča, kar seveda lahko ovira mirno sobivanje. Vprašanju sprejemanja sem posvetila dober del življenja, nenehno. Čas je, da se posvetim resnejšim strategijam in ljudem, ki so razumljivi, tolerantni in vsevključujoči.&quot; Plavate proti toku, s čimer sledite svojemu načelu, da niso dovolj le znanje in želje po spremembah, temveč je ključen pogum, ki določi človekovo mesto v družbi. Vidite v Sloveniji kritično maso, ki je pripravljena prevzeti odgovornost za tovrstne spremembe? &quot;Slovenija premore nekaj izjemnih ljudi. Borba za človekove pravice pa je brezčasna. Ljudje so se za njih borili v preteklosti, danes se borimo mi, jutri se bo kdo drug. Človekove pravice niso nekaj samoumevnega, a vseeno občudujem ljudi, ki premorejo toliko poguma, da se zanje borijo. Zavzemanje za človekove pravice pomeni zavzemati se za ljudi, ki so kakorkoli komurkoli neprijetni. En človek je popolnoma zadosti, da spremeni tok življenja in svet preusmeri v novo gonilno silo. Tako je tudi en človek dovolj, da vse uniči. Kogar današnji čas in razvrednotenje človeka presenečata, ta je moral prespati dober del življenja. Naloga Slovenije ni, da posameznikom dodeljuje in podeljuje posebne pravice, je pa njena temeljna naloga, da človekove pravice ščiti. Posameznik ima toliko avtonomije in svobode, kolikor mu jo sistem omogoča oziroma kolikor jo je sposoben sam uveljaviti.&quot;        Osebni Arhiv    Izhajate iz kraja, ki so ga sooblikovali, soustvarjali, gradili ekonomski migranti, tudi vaši starši. Je mogoče reči, da je na Jesenicah multikulturnost, sobivanje vzorno? &quot;Jesenice so medkulturno mesto, kjer je multikulturalizem postal orodje za kreiranje pravičnejše družbe. Nove realnosti spodbujajo nove smernice. A postavimo si vprašanje, koliko sta pojma 'enakost' in 'enaka obravnava' sploh realna. Ovrednoti ali razvrednoti nas že ime, poreklo, kraj, v katerem si rojen. Ali imata otroka, ki nosita ime Ahmed in Miha, enake možnosti? Jeseničani nismo začetniki. Multikulturalizem spremljamo, analiziramo in reflektiramo kot dinamičen pojav, ki ne odseva zgolj zaključne vladne politike, temveč prevladujejo etika, morala in možnost lastne izbire. Na Jesenicah se nikdar ni zgodila kulturna konfliktnost, zgodila pa se je povezovalna struktura, ki je bila v vseh situacijah zelo učinkovita. Preprosti ljudje s preprostimi življenjskimi filozofijami dajanja in sprejemanja.&quot; Zakaj Slovenija bolj ne promovira uspešne integracije bosanskih muslimanov v slovensko družbo? &quot;Ker nisem prepričana, da je Slovenija z integracijo bosanskih muslimanov zadovoljna. Integracija ni zgolj učenje slovenskega jezika in participacija na trgu dela, pa tudi ne zgolj folklora in kulinarika. Veliko bosanskih muslimanov odlično govori slovenski jezik in so aktivno vključeni v trg dela, a so socialno popolnoma izključeni. Socialna integracija mora biti jasno opredeljena, kaj želijo od nas in kaj želimo mi. Integracija ni asimilacija, pri kateri se od posameznika oziroma skupine pričakuje utapljanje enega naroda v kulturi drugega. Zakaj je domoljubje za nekoga domoljubje, za druge pa zločin? Bo negovanje bosanskega jezika in tradicionalnih navad postalo kaznivo dejanje? Glavne značilnosti integracijskega procesa so namreč ohranjevanje etničnih in narodnostnih razlik med skupinami, ki dajejo torej možnost, da posamezniki lahko ohranjajo lastno etnično identiteto, in možnost za vključevanje različnih skupnosti v širšo družbo, v kateri prevladuje podčrtan kulturni pluralizem.&quot;</article-text>
		<article-text-transliterated>V avgustu, leto in pol zatem, ko je visoko noseča pripešačila v Slovenijo, je Somalka Firdews s svojo tukaj rojeno hčerkico Sabreen, za kateri skrbi vaše društvo Up, vendarle dobila mednarodno zaščito. Kaj sta morali v tem času prestati in koliko energije ste morali v društvu vložiti, da je do tega prišlo? &quot;Odobritev mednarodne zaščite za somalsko družinico ni bila odvisna od sreče, temveč je bila sprejeta na podlagi strokovne obravnave pristojnega ministrstva in upoštevanja evropskih direktiv. Naš pristop ni bil zgolj humanitaren, temveč holističen, saj je dajal celotno podporo pri vključevanju v slovensko okolje. Mamico Firdews smo vpisali v šolo za opismenjevanje zaradi lažjega usvajanja socialnih veščin pri komunikaciji s širšo socialno mrežo, deklico pa smo vpisali v vrtec, kjer je zaradi izredno sprejemljivega učnega okolja izjemno napredovala. Njeno socialno aktivacijo ohranjamo trajnostno, ker so begunci pogostokrat nerazumljeni in izključeni iz družbenega okolja, potrebujejo pomoč in podporo predvsem pogumnih ljudi.&quot; Vsakodnevno delate s prosilci za azil in begunci. Naredi država dovolj za njihovo integracijo? Kakšno pomoč bosta potrebovali Fiwders in Sabreen zdaj? &quot;Firdews in Sabreen se iz azilnega doma selita v integracijsko hišo, kjer bosta deležni nadaljnje podpore. Ne želimo si ustvarjati novih ranljivih skupin in izkoriščati socialnih transferjev, temveč prispevati k družbi, blaginji in ohranjati socialno aktivacijo ranljivih skupin. Iščemo prvo zaposlitev za somalsko mamico in njeno opolnomočenje. Družinica mora zaživeti neodvisno, samostojno in predvsem kakovostno, z veliko mero lastne odgovornosti in samoiniciativnosti. Delo s prosilci za mednarodno zaščito pomeni skupek povezovanj vladnih in nevladnih institucij, kakovosten državni aparat. Integracija beguncev pa večletno prizadevanje obeh strani. Ne glede na evropske direktive po sprejetju beguncev k nam ne prihajajo zgolj roke, noge in možgani, temveč ljudje, ki jih moramo najprej osvoboditi lastnih travm in v njih vzbuditi občutek varnosti, zaščite, zaupanja, ki ga beli človek sploh še lahko ponudi.&quot;   Utopično je pričakovati, da bo politika slekla muslimansko žensko. Še bolj jo bo ovila. Mentalno. In to v veliko bolj radikalna oblačila    Delate z ranljivimi, spoznavate njihove stiske in težave, po drugi strani pa se soočamo z vsakodnevno politično in medijsko gonjo, v zadnjem obdobju zlasti do beguncev, prosilcev za azil, migrantov. Kako si sami razlagate zavračanje ranljivih? &quot;Gostimo relativno majhen delež prisilno razseljenih oseb. Te migracije le imaginarno lahko označimo kot prostovoljne. Migracije niso evropski problem, še najmanj pa slovenski. Gre za globalni izziv, s katerim se soočamo vsi. Tisti, ki v tem vidimo smisel osredotočanja na človekove pravice, evropske vrednote, socialne ureditve in kakovosten trg dela, lahko razvijamo nove metode interdisciplinarnega dela in medkulturne perspektive. Biti moramo kreativni, podjetni, dinamični, sposobni kritično ovrednotiti obstoječe migracijske sisteme v okviru integracijskih politik. Generacije priseljencev pred nami so se ukvarjale z eksistenčnimi vprašanji, nove generacije pa s strategijami formalnopravnega in praktičnega urejanja medkulturnih odnosov.&quot;  Faila Pašić Bišić je tudi obraz Evrope; bila je ambasadroka EU leta boja proti revščini in socialni izključenosti, njena podoba je bila tudi na evropskem koledarju žensk, ki navdihujejo. Vsa njena širša in ožja družina se ukvarja s humanitarnimi projekti, Faila je zelo zgodaj v najrevnejše dela sveta peljala tudi sinova Omarja in Ismaila, da se, kot nam je pred časom povedala, “učita smisla življenja”.  Slovenski javnosti ste znani kot ena prvih muslimank, ki so se izpostavile z naglavno ruto. Čeprav je nabor dela, ki se mu posvečate, zelo pester, pa mnogi v vas vidijo le to naglavno ruto kot simbol islama, ki ogroža evropske vrednote. Kako odgovarjate na take pomisleke? &quot;Ljudje govorijo in se pogovarjajo s hidžabi, nikabi, burkiniji, ne z ženskami, ki tak način oblačenja prakticirajo. Hidžab nas postavi v posledični del politike sejanja strahu in ključni objekt kulturnega trka. Napeto ozračje, ki ohranja konflikt in ga iz dneva v dan krepi, je čas, ki se ga muslimanke zelo dobro zavedamo. Prihajamo v ospredje družbeno-političnega življenja. Hidžab je reprezentator drugačnosti, zaradi tega tudi objekt rasizma, diskriminacije in groženj. Zelo bi se ponižala, če bi dovolila, da me kdo ustrahuje, mi grozi, in bi tako postala objekt izlivanja frustracij, strahu, stigmatizacije na robu družbe. Tega si nikoli ne bi oprostila. Tako kot se znam postaviti v bran ranljivim skupinam in posameznikom, je povsem razumljivo, da se znam postaviti tudi zase. Brez strahu in odvečnega polemiziranja. Kdorkoli se zna postaviti zase, se bo vedno znal postaviti za kogarkoli drugega. Enostavna življenjska filozofija. Izjemno veliko žensk, ki prakticirajo islamski način oblačenja, je mladih in izobraženih, zelo predanih in ljubečih, ki ne ogrožajo nikogar. Nihče me še ni prepričal, da moj način oblačenja in pozicioniranje v družbi ustvarjata podrejenost, neizobraženost, diskriminacijo znotraj skupnosti, socialno izključenost, revščino in intelektualno bedo. Glede na to, da nihče nima moči presoditi, kakšen način oblačenja je za žensko najboljši, je edino pravilno zagotavljati svobodo odločanja.&quot; Pa vendarle, ali se ženske, ki nosijo nikab, ki nima temeljev v islamski veri in jih prav tako ne zapoveduje Koran, ne izolirajo do določene mere same? Četudi bi v javnosti lahko hodile z nikabom, pa je ni evropske države, kjer bi se lahko zaposlile. &quot;Nikab, hidžab, burka ... vse to je zelo sprejemljivo, dokler je to osebna odločitev žensk. Ko gre za prisilo, je potrebna pozornost institucij. V Sloveniji ga nosijo predvsem Slovenke, ki so islam sprejele za svojo novo religijo. Zanimiva primerjava. Zahodna kultura je res preplavila svet, toda ideje liberalizma in predvsem individualizma imajo v drugih civilizacijah zelo malo odziva. Nekomu ukazovati v imenu vrednot evropskega sekularizma, naj se sleče, je podobno, kot nekomu ukazovati v imenu islama, naj se popolnoma zakrije. Če bi namesto pasti čustvenih in prvinskih odzivov uporabili znanje, izkušnje in intelekt, bi oblačilno prakso muslimank zelo cenili. Zelo utopično je pričakovati, da bo politika slekla muslimansko žensko. Še bolj jo bo ovila. Mentalno. V veliko bolj radikalna oblačila in to bo ena najbolj zgrešenih investicij družbeno-političnih ureditev.&quot; Zakaj nikab tako iritira evropsko javnost? Celo v Sloveniji jih tisti, ki mu nasprotujejo, zmerjajo z rjuharicami? &quot;Ker se nočejo sleči ... Prakticiranje islamskega načina življenja je danes veliko bolj premišljeno, racionalizirano in reflektirano. Ta oblačilna koda manifestno izraža versko pripadnost, ki je v Evropi vse bolj osovražena. Verska ideologija, ki ji sledi kultura Zahoda, se v praksi izkaže za neučinkovito, ko gre za avtomatsko latentno povzročeni konflikt. Evropske vlade ne upoštevajo dejstva, da imamo muslimani več vidikov identitete, ki se nenehno dopolnjujejo z novimi vsebinami in elementi. Medtem ko se manjši del muslimanske skupnosti asimilira ali izolira samoiniciativno ali pa je takšno vedenje rezultat državne politike, si večina muslimanov želi integracije v evropsko družbo. Zopet se soočamo s perspektivami in dilemami muslimanov v Evropi, v ospredje pa vedno postavljamo muslimansko žensko, ki prakticira islamski način oblačenja. Vsaka prepoved pomeni stigmatizacijo, saj je utopično pričakovati, da bodo muslimanke opustile svojo oblačilno prakso. Antropologija pozna ta pojav; dokazovanja prevlade, politične in vojaške moči preko ženskih teles. Evropa je ranjena in podvržena nevarnostim, a vsak maščevalen ukrep, ki ni posameznikov, temveč formalen in na ravni države, je vprašanje, ki nima enoznačnega odgovora. A eno ostaja: muslimani smo največje žrtve ekstremizma.&quot;   En človek je popolnoma zadosti, da spremeni tok življenja in svet preusmeri v novo gonilno silo. Tako je tudi en človek dovolj, da vse uniči    Koliko vas po dvajsetih letih izpostavljanja še zabolijo zmerljivke, ko v vas vidijo le žensko, muslimanko, &quot;tisto na -ić, ki naj se vrne v Bosno&quot;, pa čeprav ste sami rojeni v Sloveniji? &quot;To, da sem rojena v Sloveniji, je moja velika prednost. Zahod je moj naravni svet, v katerega sem vključena kulturno, družbeno ..., na način, v katerem ohranjam sebe in svojo osebno identiteto. Biti aktivni del zahodne družbe pomeni biti vsevključujoč, kreativen, pogumen, kritičen, dialoški, predvsem pa koristen. Če pa kdo v tem prispevku v družbi vidi težavo in to propagira kot nevarno, potem to ni problem aktivizma, temveč problem lastne pasivnosti in cone ugodja. Vsi bi spreminjali svet, nihče pa ne bi spremenil sebe.&quot; Kakšna je cena, ki jo plačujete muslimanke v Sloveniji, ker nosite naglavne rute? &quot;9,90 evra, kolikor stane vstopnica v Vodnem mestu Atlantis. V burkiniju si tako zagotoviš prvo novico na BBC-ju, CNN-u, v Timesu. Plačamo, kolikor smo pripravljene plačati za to. Socialna distanca narašča, kar seveda lahko ovira mirno sobivanje. Vprašanju sprejemanja sem posvetila dober del življenja, nenehno. Čas je, da se posvetim resnejšim strategijam in ljudem, ki so razumljivi, tolerantni in vsevključujoči.&quot; Plavate proti toku, s čimer sledite svojemu načelu, da niso dovolj le znanje in želje po spremembah, temveč je ključen pogum, ki določi človekovo mesto v družbi. Vidite v Sloveniji kritično maso, ki je pripravljena prevzeti odgovornost za tovrstne spremembe? &quot;Slovenija premore nekaj izjemnih ljudi. Borba za človekove pravice pa je brezčasna. Ljudje so se za njih borili v preteklosti, danes se borimo mi, jutri se bo kdo drug. Človekove pravice niso nekaj samoumevnega, a vseeno občudujem ljudi, ki premorejo toliko poguma, da se zanje borijo. Zavzemanje za človekove pravice pomeni zavzemati se za ljudi, ki so kakorkoli komurkoli neprijetni. En človek je popolnoma zadosti, da spremeni tok življenja in svet preusmeri v novo gonilno silo. Tako je tudi en človek dovolj, da vse uniči. Kogar današnji čas in razvrednotenje človeka presenečata, ta je moral prespati dober del življenja. Naloga Slovenije ni, da posameznikom dodeljuje in podeljuje posebne pravice, je pa njena temeljna naloga, da človekove pravice ščiti. Posameznik ima toliko avtonomije in svobode, kolikor mu jo sistem omogoča oziroma kolikor jo je sposoben sam uveljaviti.&quot;        Osebni Arhiv    Izhajate iz kraja, ki so ga sooblikovali, soustvarjali, gradili ekonomski migranti, tudi vaši starši. Je mogoče reči, da je na Jesenicah multikulturnost, sobivanje vzorno? &quot;Jesenice so medkulturno mesto, kjer je multikulturalizem postal orodje za kreiranje pravičnejše družbe. Nove realnosti spodbujajo nove smernice. A postavimo si vprašanje, koliko sta pojma 'enakost' in 'enaka obravnava' sploh realna. Ovrednoti ali razvrednoti nas že ime, poreklo, kraj, v katerem si rojen. Ali imata otroka, ki nosita ime Ahmed in Miha, enake možnosti? Jeseničani nismo začetniki. Multikulturalizem spremljamo, analiziramo in reflektiramo kot dinamičen pojav, ki ne odseva zgolj zaključne vladne politike, temveč prevladujejo etika, morala in možnost lastne izbire. Na Jesenicah se nikdar ni zgodila kulturna konfliktnost, zgodila pa se je povezovalna struktura, ki je bila v vseh situacijah zelo učinkovita. Preprosti ljudje s preprostimi življenjskimi filozofijami dajanja in sprejemanja.&quot; Zakaj Slovenija bolj ne promovira uspešne integracije bosanskih muslimanov v slovensko družbo? &quot;Ker nisem prepričana, da je Slovenija z integracijo bosanskih muslimanov zadovoljna. Integracija ni zgolj učenje slovenskega jezika in participacija na trgu dela, pa tudi ne zgolj folklora in kulinarika. Veliko bosanskih muslimanov odlično govori slovenski jezik in so aktivno vključeni v trg dela, a so socialno popolnoma izključeni. Socialna integracija mora biti jasno opredeljena, kaj želijo od nas in kaj želimo mi. Integracija ni asimilacija, pri kateri se od posameznika oziroma skupine pričakuje utapljanje enega naroda v kulturi drugega. Zakaj je domoljubje za nekoga domoljubje, za druge pa zločin? Bo negovanje bosanskega jezika in tradicionalnih navad postalo kaznivo dejanje? Glavne značilnosti integracijskega procesa so namreč ohranjevanje etničnih in narodnostnih razlik med skupinami, ki dajejo torej možnost, da posamezniki lahko ohranjajo lastno etnično identiteto, in možnost za vključevanje različnih skupnosti v širšo družbo, v kateri prevladuje podčrtan kulturni pluralizem.&quot;</article-text-transliterated>
	</article>
	<comments>
		<comments-count>0</comments-count>
		<comments-list/>
	</comments>
</document>
