<document global-id="si-04-1478"><url>https://www.vecer.com//eni-pre-posteni-drugi-sploh-ne-6285780</url><source-id>si-04</source-id><local-id>si-04-1478</local-id><source-name>Večer</source-name><article><article-title>Eni (pre)pošteni, drugi sploh ne</article-title><article-title-transliterated>Eni (pre)pošteni, drugi sploh ne</article-title-transliterated><article_time>2017-07-30</article_time><article-author>Zoran Mijatovič</article-author><article-text>Vsa štiri leta med 2010 in 2013, ko je kot po tekočem traku osvajal naslove svetovnega prvaka, na Madžarskem ni mogel zlesti na najvišjo stopničko. Tokrat pač. Na enajsti dirki letošnje sezone v formuli ena je Sebastian Vettel še četrtič zmagal in se utrdil na vodilnem položaju v skupnem seštevku. Z izjemo petkovih treningov, ki ju je dobil Red Bullov Daniel Ricciardo, je ves konec tedna na madžarskem Hungaroringu pri Budimpešti kazalo na Ferrarijevo prevlado. Sebastian Vettel in Kimi Räikkönen sta podirala rekorde steze tako na sobotnem treningu kot v kvalifikacijah, za konkurenco sta bila neulovljiva še na dirki. Resnici na ljubo: sodeč po videnem, je bil Finec na dirki še hitrejši od Nemca. Zmaga bi mu gotovo dobro dela, saj mu je to nazadnje presenetljivo uspelo na prvi dirki v Avstraliji leta 2013, takrat še z Lotusom, ne nazadnje pa ima kot Finec na Madžarskem veliko navijačev, saj obe državi povezuje tudi ugrofinski izvor jezika.
No, Räikkonen je Vettlu večji del dirke tesno sledil, a napadel ni, saj Nemec sodeluje v napeti bitki za naslov prvaka. Enako sicer velja tudi za Lewisa Hamiltona, ki ga je moštveni tekmec pri Mercedesu Valtteri Bottas v 49. krogu spustil na tretje mesto, da bi se boril s ferrarijema. A ker je na razmeroma počasni progi prehitevanje skoraj nemogoče, Hamiltonu ni uspelo napasti vodilnih. Šele v zadnjem ovinku je Britanec tako Fincu vrnil mesto na odru za zmagovalce. Tudi zato zdaj v skupnem seštevku za Vettlom zaostaja za 14 in ne za enajst točk, kot bi lahko.
Moštveni šefi v Mercedesovi garaži s sicer pošteno, ne pa tudi koristno potezo niso bili zadovoljni. Tudi zato, ker je Hamilton Bottasa predse spustil na tvegan način. Tik za Fincem je namreč že grozil Max Verstappen. Za razliko od uvidevnih sotekmovalcev pri Ferrariju in Mercedesu pa se prav 19-letni dirkač Red Bulla tokrat ni prav izkazal v razmerju do svojega moštvenega kolega. V drugem zavoju dirke je namreč trčil v Daniela Ricciarda, ki je posledično moral odstopiti, sam pa se je po desetsekundni kazni zavihtel na peto mesto. Čeprav je končal še za njim, pa se je imel česa veseliti dvakratni svetovni prvak Fernando Alonso. Šesto mesto je namreč najboljši rezultat McLaren Honde v letošnji sezoni.
Dirkači bodo zdaj odšli na počitnice, sezona pa se nadaljuje šele čez štiri tedne v belgijskem Spa-Francorchampsu, kjer dirkače pričakuje najbolj znameniti ovinek v celem koledarju, Eau Rouge. Tam svoje vozniške spretnosti rad pili tudi slovenski smučarski skakalec Jurij Tepeš.</article-text><article-text-transliterated>Vsa štiri leta med 2010 in 2013, ko je kot po tekočem traku osvajal naslove svetovnega prvaka, na Madžarskem ni mogel zlesti na najvišjo stopničko. Tokrat pač. Na enajsti dirki letošnje sezone v formuli ena je Sebastian Vettel še četrtič zmagal in se utrdil na vodilnem položaju v skupnem seštevku. Z izjemo petkovih treningov, ki ju je dobil Red Bullov Daniel Ricciardo, je ves konec tedna na madžarskem Hungaroringu pri Budimpešti kazalo na Ferrarijevo prevlado. Sebastian Vettel in Kimi Räikkönen sta podirala rekorde steze tako na sobotnem treningu kot v kvalifikacijah, za konkurenco sta bila neulovljiva še na dirki. Resnici na ljubo: sodeč po videnem, je bil Finec na dirki še hitrejši od Nemca. Zmaga bi mu gotovo dobro dela, saj mu je to nazadnje presenetljivo uspelo na prvi dirki v Avstraliji leta 2013, takrat še z Lotusom, ne nazadnje pa ima kot Finec na Madžarskem veliko navijačev, saj obe državi povezuje tudi ugrofinski izvor jezika.
No, Räikkonen je Vettlu večji del dirke tesno sledil, a napadel ni, saj Nemec sodeluje v napeti bitki za naslov prvaka. Enako sicer velja tudi za Lewisa Hamiltona, ki ga je moštveni tekmec pri Mercedesu Valtteri Bottas v 49. krogu spustil na tretje mesto, da bi se boril s ferrarijema. A ker je na razmeroma počasni progi prehitevanje skoraj nemogoče, Hamiltonu ni uspelo napasti vodilnih. Šele v zadnjem ovinku je Britanec tako Fincu vrnil mesto na odru za zmagovalce. Tudi zato zdaj v skupnem seštevku za Vettlom zaostaja za 14 in ne za enajst točk, kot bi lahko.
Moštveni šefi v Mercedesovi garaži s sicer pošteno, ne pa tudi koristno potezo niso bili zadovoljni. Tudi zato, ker je Hamilton Bottasa predse spustil na tvegan način. Tik za Fincem je namreč že grozil Max Verstappen. Za razliko od uvidevnih sotekmovalcev pri Ferrariju in Mercedesu pa se prav 19-letni dirkač Red Bulla tokrat ni prav izkazal v razmerju do svojega moštvenega kolega. V drugem zavoju dirke je namreč trčil v Daniela Ricciarda, ki je posledično moral odstopiti, sam pa se je po desetsekundni kazni zavihtel na peto mesto. Čeprav je končal še za njim, pa se je imel česa veseliti dvakratni svetovni prvak Fernando Alonso. Šesto mesto je namreč najboljši rezultat McLaren Honde v letošnji sezoni.
Dirkači bodo zdaj odšli na počitnice, sezona pa se nadaljuje šele čez štiri tedne v belgijskem Spa-Francorchampsu, kjer dirkače pričakuje najbolj znameniti ovinek v celem koledarju, Eau Rouge. Tam svoje vozniške spretnosti rad pili tudi slovenski smučarski skakalec Jurij Tepeš.</article-text-transliterated></article><comments><comments-count>0</comments-count><comments-list /></comments></document>