<document global-id="si-04-1329"><url>https://www.vecer.com//donald-trump-sreca-moza-iz-davosa-6393841</url><source-id>si-04</source-id><local-id>si-04-1329</local-id><source-name>Večer</source-name><article><article-title>Donald Trump sreča moža iz Davosa</article-title><article-title-transliterated>Donald Trump sreča moža iz Davosa</article-title-transliterated><article_time>2018-01-30</article_time><article-author>Nina L. Hruščova, rusko-ameriška profesorica mednarodnih odnosov, Inštitut za svetovno politiko,
Project Syndicate</article-author><article-text>Če noče gora k Mohamedu, mora pač Mohamed h gori, pravi pregovor, ki ga je očitno imel v mislih ameriški predsednik Donald Trump, ko se je odločil, da se vendarle udeleži letošnjega Svetovnega gospodarskega foruma v švicarskem Davosu (čeprav bi nedvomno zanikal vsakršno povezavo med seboj in prerokom Mohamedom).
Svetovne poslovne, finančne in politične voditelje, ki se vsako leto zberejo v Davosu, je novica, da se jim bo letos pridružil tudi Trump, verjetno precej šokirala. Večji del svetovne elite, ki jo predstavlja druščina v Davosu, do Trumpa že tako ne čuti spoštovanja, njihov prezir do njega pa se je po njegovih rasističnih žaljivkah o "shithole countries", kot je poimenoval manj razvite države, verjetno še poglobil.
Toda med konferenco smo bili nedvomno priča tudi hlapčevskemu prilizovanju, katerega namen bo laskati Trumpovi nečimrnosti. Udeleženci se mu bodo izmenično prilizovali in ga spodbujali, medtem ko bo nespretno poskušal zagovarjati, česar itak ni mogoče zagovarjati, začenši z njegovim pristopom Najprej Amerika. Navsezadnje gre za iste ljudi, ki so lani klečeplazili pred kitajskim predsednikom Xi Jinpingom, ko se je kar sam razglasil za novega svetovnega šampiona globalizacije in na pravilih temelječe mednarodne ureditve. Nekateri svetovni voditelji v Davosu imajo precej razlogov za prilizovanje Trumpu. Še posebno zagnano mu utegne popuščati britanska premierka Theresa May, potem ko se zaradi možnosti množičnih demonstracij ni mogel udeležiti odprtja novega ameriškega veleposlaništva v Londonu. Zaradi bližajočega se brexita in izgube podpore doma si Velika Britanija ne more privoščiti nobenega dodatnega poslabšanja svojih "posebnih odnosov" z ZDA. Vlada Mayeve se v obupu še naprej slepi, da bo Trump Veliki Britaniji ponudil dober trgovinski dogovor.


"Za Trumpa ni udeležba na forumu v Davosu nič več – in nič manj – kot še ena predstava"



Toda čeprav Trump še tako hrepeni po klečeplazcih, se to ne zdi dovolj privlačen razlog, da bi se udeležil ekonomskega foruma v Davosu. Tudi v ZDA ne manjka priliznjencev brez hrbtenice, tako v njegovi vladi kot med republikanci v kongresu. Na začetku tega meseca sta se arkansaški senator Tom Cotton in georgijski senator David Perdue trudila zagovarjati Trumpove odkrito rasistične komentarje z zatrjevanjem, da se ne spomnita, da bi ga slišala reči "shithole" (usrana luknja), in da je najverjetneje rekel "shithouse" (beznica, op. prev.). Bi lahko bil njun zagovor še bolj nesmiseln?
Toda vsi udeleženci foruma v Davosu niso pripravljeni ubrati tega pristopa. Francoski predsednik Emmanuel Macron in nemška kanclerka Angela Merkel se bosta Trumpu verjetno poskušala izogniti. Macron se je doslej do Trumpa obnašal pametno: lansko poletje ga je denimo povabil na vojaško parado ob dnevu padca Bastilje, vendar ga je večkrat tudi javno izzval, denimo z drznim stiskom roke ob njunem prvem srečanju ali z zagovarjanjem iranskega jedrskega sporazuma. Kar zadeva Merklovo, ni mogoče spregledati, da so njena napeta in mučna srečanja s Trumpom skoraj tako legendarna kot njena hladna druženja z njegovim domnevnim junakom, ruskim predsednikom Vladimirjem Putinom.











Za zdaj ni mogoče reči, kako se bodo do Trumpa v Davosu obnašali afriški voditelji, med katerimi so mnogi javno obsodili njegove komentarje ter od njega zahtevali, da jih prekliče in se zanje opraviči. Hkrati ni jasno, ali bodo novinarji spoštljivo držali jezik za zobmi ali pa ga bodo bombardirali tako kot nizozemski tisk bombardira Petra Hoekstro, novega ameriškega veleposlanika na Nizozemskem. Radi bi namreč dosegli, da bi Hoekstra odgovarjal za laži, ki jih je izrekel leta 2015, in sicer da je kaos v državi povzročilo "islamsko gibanje" in da so se v državi pojavile "nevarne cone", kjer živijo pretežno muslimani.
Zakaj se je odločil udeležiti foruma v Davosu, ni jasno tudi spričo nevarnosti, da ga utegnejo tam nekateri zasmehovati ali se celo norčevati iz njega. Edini razlog, ki mi pade na misel, je ta, da se namerava prikupiti pri domačih volivcih, s tem da bo pokazal ves svoj ekonomski nacionalizem, ksenofobne priseljenske politike, antipatijo do tiska in prezir do mednarodnih institucij. Ne glede na to, ali bodo njegovi komentarji sprejeti z glasnim neodobravanjem ali tišino, bo ponosno tvitnil, da se razlog skriva v tem, da on v nasprotju s svojim predhodnikom Barackom Obamo dejansko brani ameriške interese.
Republikanski senator Jeff Flake iz Arizone je nedavno Trumpa obsodil, ker je uporabil Stalinovo zloglasno frazo "sovražniki ljudstva", ko je opisoval svobodo tiska. Flake, ki se mu tako kot mnogim drugim republikancem letos izteče zadnji mandat v kongresu, je to frazo seveda vzel preveč dobesedno. Ko jo je izrekel Stalin, za katerim je stal celotni strašljivi sovjetski varnostni aparat, je dejansko pomenila smrtno obsodbo za milijone ljudi. Toda ko iste besede izusti Trump, na katerega z nezaupanjem gleda večji del ameriškega varnostnega aparata, so le del njegovega retoričnega spektakla, s katerim usmerja lojalnost in antipatije svojih privržencev.
Za Trumpa ni udeležba na forumu v Davosu nič več – in nič manj – kot še ena predstava. Zato udeležencem konference priporočam mojo priredbo posmehljive pesmi Osipa Mandelštama z naslovom Kavkazijec iz Kremlja, znano tudi kot epigram o Stalinu, ki je pesnika stala življenja.
Hribovec iz Bele hiše
Živimo, vendar ne čutimo zemlje, na kateri bivamo.
Deset korakov stran ne moreš več slišati naših besed.
Toda vedno ko se pojavi besedica ali tvit, se razveseli hribovec iz Bele hiše.
Deset drobcenih prstkov na njegovih debelušnih rokah govori besede, zvite in hkrati brez teže, na njegovi butici sedi ogromna lisica, oranžno sveti se njegova polt.
Obdan s sluzjo priliznjenih svetovalcev se igračka s pokloni polmož.
Eden pozdravlja, drugi mijavka, tretji smrka.
Nenadoma dvigne svoj mezinec in eksplodira.
Spodbuja k zločinom, kot bi metal podkve, eno v dimlje, eno v čelo, sence, oko.</article-text><article-text-transliterated>Če noče gora k Mohamedu, mora pač Mohamed h gori, pravi pregovor, ki ga je očitno imel v mislih ameriški predsednik Donald Trump, ko se je odločil, da se vendarle udeleži letošnjega Svetovnega gospodarskega foruma v švicarskem Davosu (čeprav bi nedvomno zanikal vsakršno povezavo med seboj in prerokom Mohamedom).
Svetovne poslovne, finančne in politične voditelje, ki se vsako leto zberejo v Davosu, je novica, da se jim bo letos pridružil tudi Trump, verjetno precej šokirala. Večji del svetovne elite, ki jo predstavlja druščina v Davosu, do Trumpa že tako ne čuti spoštovanja, njihov prezir do njega pa se je po njegovih rasističnih žaljivkah o "shithole countries", kot je poimenoval manj razvite države, verjetno še poglobil.
Toda med konferenco smo bili nedvomno priča tudi hlapčevskemu prilizovanju, katerega namen bo laskati Trumpovi nečimrnosti. Udeleženci se mu bodo izmenično prilizovali in ga spodbujali, medtem ko bo nespretno poskušal zagovarjati, česar itak ni mogoče zagovarjati, začenši z njegovim pristopom Najprej Amerika. Navsezadnje gre za iste ljudi, ki so lani klečeplazili pred kitajskim predsednikom Xi Jinpingom, ko se je kar sam razglasil za novega svetovnega šampiona globalizacije in na pravilih temelječe mednarodne ureditve. Nekateri svetovni voditelji v Davosu imajo precej razlogov za prilizovanje Trumpu. Še posebno zagnano mu utegne popuščati britanska premierka Theresa May, potem ko se zaradi možnosti množičnih demonstracij ni mogel udeležiti odprtja novega ameriškega veleposlaništva v Londonu. Zaradi bližajočega se brexita in izgube podpore doma si Velika Britanija ne more privoščiti nobenega dodatnega poslabšanja svojih "posebnih odnosov" z ZDA. Vlada Mayeve se v obupu še naprej slepi, da bo Trump Veliki Britaniji ponudil dober trgovinski dogovor.


"Za Trumpa ni udeležba na forumu v Davosu nič več – in nič manj – kot še ena predstava"



Toda čeprav Trump še tako hrepeni po klečeplazcih, se to ne zdi dovolj privlačen razlog, da bi se udeležil ekonomskega foruma v Davosu. Tudi v ZDA ne manjka priliznjencev brez hrbtenice, tako v njegovi vladi kot med republikanci v kongresu. Na začetku tega meseca sta se arkansaški senator Tom Cotton in georgijski senator David Perdue trudila zagovarjati Trumpove odkrito rasistične komentarje z zatrjevanjem, da se ne spomnita, da bi ga slišala reči "shithole" (usrana luknja), in da je najverjetneje rekel "shithouse" (beznica, op. prev.). Bi lahko bil njun zagovor še bolj nesmiseln?
Toda vsi udeleženci foruma v Davosu niso pripravljeni ubrati tega pristopa. Francoski predsednik Emmanuel Macron in nemška kanclerka Angela Merkel se bosta Trumpu verjetno poskušala izogniti. Macron se je doslej do Trumpa obnašal pametno: lansko poletje ga je denimo povabil na vojaško parado ob dnevu padca Bastilje, vendar ga je večkrat tudi javno izzval, denimo z drznim stiskom roke ob njunem prvem srečanju ali z zagovarjanjem iranskega jedrskega sporazuma. Kar zadeva Merklovo, ni mogoče spregledati, da so njena napeta in mučna srečanja s Trumpom skoraj tako legendarna kot njena hladna druženja z njegovim domnevnim junakom, ruskim predsednikom Vladimirjem Putinom.











Za zdaj ni mogoče reči, kako se bodo do Trumpa v Davosu obnašali afriški voditelji, med katerimi so mnogi javno obsodili njegove komentarje ter od njega zahtevali, da jih prekliče in se zanje opraviči. Hkrati ni jasno, ali bodo novinarji spoštljivo držali jezik za zobmi ali pa ga bodo bombardirali tako kot nizozemski tisk bombardira Petra Hoekstro, novega ameriškega veleposlanika na Nizozemskem. Radi bi namreč dosegli, da bi Hoekstra odgovarjal za laži, ki jih je izrekel leta 2015, in sicer da je kaos v državi povzročilo "islamsko gibanje" in da so se v državi pojavile "nevarne cone", kjer živijo pretežno muslimani.
Zakaj se je odločil udeležiti foruma v Davosu, ni jasno tudi spričo nevarnosti, da ga utegnejo tam nekateri zasmehovati ali se celo norčevati iz njega. Edini razlog, ki mi pade na misel, je ta, da se namerava prikupiti pri domačih volivcih, s tem da bo pokazal ves svoj ekonomski nacionalizem, ksenofobne priseljenske politike, antipatijo do tiska in prezir do mednarodnih institucij. Ne glede na to, ali bodo njegovi komentarji sprejeti z glasnim neodobravanjem ali tišino, bo ponosno tvitnil, da se razlog skriva v tem, da on v nasprotju s svojim predhodnikom Barackom Obamo dejansko brani ameriške interese.
Republikanski senator Jeff Flake iz Arizone je nedavno Trumpa obsodil, ker je uporabil Stalinovo zloglasno frazo "sovražniki ljudstva", ko je opisoval svobodo tiska. Flake, ki se mu tako kot mnogim drugim republikancem letos izteče zadnji mandat v kongresu, je to frazo seveda vzel preveč dobesedno. Ko jo je izrekel Stalin, za katerim je stal celotni strašljivi sovjetski varnostni aparat, je dejansko pomenila smrtno obsodbo za milijone ljudi. Toda ko iste besede izusti Trump, na katerega z nezaupanjem gleda večji del ameriškega varnostnega aparata, so le del njegovega retoričnega spektakla, s katerim usmerja lojalnost in antipatije svojih privržencev.
Za Trumpa ni udeležba na forumu v Davosu nič več – in nič manj – kot še ena predstava. Zato udeležencem konference priporočam mojo priredbo posmehljive pesmi Osipa Mandelštama z naslovom Kavkazijec iz Kremlja, znano tudi kot epigram o Stalinu, ki je pesnika stala življenja.
Hribovec iz Bele hiše
Živimo, vendar ne čutimo zemlje, na kateri bivamo.
Deset korakov stran ne moreš več slišati naših besed.
Toda vedno ko se pojavi besedica ali tvit, se razveseli hribovec iz Bele hiše.
Deset drobcenih prstkov na njegovih debelušnih rokah govori besede, zvite in hkrati brez teže, na njegovi butici sedi ogromna lisica, oranžno sveti se njegova polt.
Obdan s sluzjo priliznjenih svetovalcev se igračka s pokloni polmož.
Eden pozdravlja, drugi mijavka, tretji smrka.
Nenadoma dvigne svoj mezinec in eksplodira.
Spodbuja k zločinom, kot bi metal podkve, eno v dimlje, eno v čelo, sence, oko.</article-text-transliterated></article><comments><comments-count>0</comments-count><comments-list /></comments></document>