<document global-id="si-04-1282"><url>https://www.vecer.com//201509296145653-6145653</url><source-id>si-04</source-id><local-id>si-04-1282</local-id><source-name>Večer</source-name><article><article-title>Dobili volitve, izgubili referendum</article-title><article-title-transliterated>Dobili volitve, izgubili referendum</article-title-transliterated><article_time>2015-09-29</article_time><article-author>Zvezdana Bercko</article-author><article-text>"Zmagali smo," je po razglasitvi izidov nedeljskih regionalnih volitev v Kataloniji vzkliknil predsednik katalonske vlade Artur Mas in poudaril, da so stranke, ki se zavzemajo za neodvisnost od Španije, oziroma tako imenovani separatisti dobili jasen mandat za ustanovitev neodvisne države. Mas se je namreč odločil volitve povezati z glasovanjem o neodvisnosti Katalonije, ker španska vlada vztrajno zavrača izvedbo dejanskega referenduma o tem vprašanju. V Madridu, kjer katalonskim odcepitvenim težnjam seveda nasprotujejo, se z Masovo trditvijo o plebiscitarnem pomenu volilnega izida nikakor ne strinjajo. "Separatisti so dobili sedeže, niso pa dobili glasov, torej so izgubili na plebiscitu," je v odzivu na izide poudaril vodja španskih opozicijskih socialistov Pedro Sanchez.
Mas: Dvojna zmaga je naša
Zmagovalka volitev je res enotna lista Skupaj za da (Junts pel Si), ki jo sestavljajo Masova konservativna Demokratična konvergenca Katalonije (CDC), strankarska naveza Levica/Zeleni (ICV), Katalonska republikanska levica (ERC) in še nekaj manjših skupin, vendar je dobila le 39,57 odstotka glasov. To pomeni 62 sedežev v 135-članskem regionalnem parlamentu v Barceloni. V koaliciji s skrajno levo, marksistično in odcepitvi prav tako naklonjeno Kandidaturo za ljudsko enotnost (CUP) bo sicer imela večino v parlamentu, saj je CUP dobila deset sedežev. Skupaj jih bosta tako imeli 72. Tudi skupaj zagovorniki neodvisnosti niso dobili absolutne večine glasov, ki bi bila potrebna za plebiscitarno odločitev, če bi bile nedeljske volitve tudi dejansko referendum. CUP je dobila 8,21 odstotka glasov, skupaj jih imajo odcepitvi naklonjene stranke in liste samo 47,9 odstotka, s čimer so za las zgrešile večino.
Mas kljub temu vztraja pri jasni zmagi odcepitvenih teženj. "Danes slavimo dvojno zmago. Zmagal je 'da' in zmagala je demokracija," je že v nedeljo zvečer dejal zbrani množici v Barceloni in dodal, da jim ta zmaga daje jasen mandat za izvedbo 18-mesečnega načrta, ki bo vodil v razglasitev neodvisne Katalonije. Vlada premierja Mariana Rajoya v Madridu, ki ne dovoli izvedbe referenduma, se sklicuje na z ustavo določeno enotnost španskega naroda, češ da bi kršili ustavno določilo, po katerem lahko referendum o suverenosti skliče zgolj nacionalna vlada, na njem pa da bi morali glasovati vsi Španci. Na volišča na regionalnih volitvah je v nedeljo prišlo 77 odstotkov katalonskih volivcev od skupno 5,5 milijona, od tega jih je 1,9 milijona glasovalo za Masovo listo Skupaj za da.
Državljani z novimi obrazi
"Te volitve bi morale enkrat za vselej končati razpravo o neodvisnosti," je dejal tiskovni predstavnik vladajoče španske Ljudske stranke (PP) Pablo Casado. Izpostavil je, da separatisti niso uspeli, ker niso dobili večine glasov. Ob tem je napovedal, da bo vlada v Madridu "še naprej branila enotnost Španije".
Ljudska stranka je sicer največja poraženka teh volitev, dobila je le 8,5 odstotka glasov in enajst sedežev, kar je osem sedežev manj, kot jih je imela doslej. To je eden najslabših volilnih izidov za Ljudsko stranko v Kataloniji sploh in kaže na nadaljnje upadanje priljubljenosti te stranke, ki je že na majskih volitvah v nekaterih drugih španskih regijah in na občinskih volitvah izgubila 2,5 milijona glasov. Poraženci volitev so tudi opozicijski socialisti, nič kaj obetaven rezultat z devetimi odstotki osvojenih glasov je zabeležila tudi leva stranka Podemos (Zmoremo), ki je doživela bistveni padec podpore v primerjavi z majskimi regionalnimi in lokalnimi volitvami.
Očitno pa so se številni neodvisnosti nenaklonjeni Katalonci obrnili k desnosredinski stranki Ciutadans (Državljani), regionalni podružnici sredinske stranke Ciudadanos, ki je v primerjavi z volitvami leta 2012 več kot podvojila svoj rezultat in je zdaj z 18 odstotki glasov in 25 sedeži druga najmočnejša stranka v katalonskem parlamentu. "So podporniki španske ustave, vendar imajo veliko bolj jasno izdelane ideje kot Ljudska stranka. Ob tem imajo še nekaj, kar je danes v Španiji izjemno pomembno - to so novi obrazi," pravi Emilio Sáenz-Francés, profesor mednarodnih odnosov z madridske univerze Comillas.
Mas ni nepogrešljiv
Kako se bo novoizvoljeni katalonski parlament lotil vprašanja katalonske prihodnosti, bo odvisno predvsem od tega, ali in koliko bo lista Skupaj za da, sestavljena iz strank z levega in desnega političnega pola, našla skupni jezik s skrajno levo CUP. CUP je že pred volitvami napovedala, da bo podprla nadaljevanje prizadevanj za neodvisnost Katalonije, če bodo tej ideji naklonjene stranke dobile večino sedežev in glasov, je pa pod vprašaj postavila Masovo vodenje prihodnje vlade, saj naj bi bila prav njegova desnosredinska vlada odgovorna za uvedbo strogih varčevalnih ukrepov v zadnjih letih, njegovo stranko CDC pa pretresajo tudi korupcijski škandali.
Predstavnica marksistične CUP Anna Gabriel je v nedeljo zvečer potrdila, da se bo projekt neodvisnosti Katalonije nadaljeval, dodala pa je, da "Artur Mas pri tem ni nepogrešljiv". CUP se tudi zavzema za razglasitev neodvisnosti Katalonije prej kot v 18 mesecih, kar predvideva Masov načrt.</article-text><article-text-transliterated>"Zmagali smo," je po razglasitvi izidov nedeljskih regionalnih volitev v Kataloniji vzkliknil predsednik katalonske vlade Artur Mas in poudaril, da so stranke, ki se zavzemajo za neodvisnost od Španije, oziroma tako imenovani separatisti dobili jasen mandat za ustanovitev neodvisne države. Mas se je namreč odločil volitve povezati z glasovanjem o neodvisnosti Katalonije, ker španska vlada vztrajno zavrača izvedbo dejanskega referenduma o tem vprašanju. V Madridu, kjer katalonskim odcepitvenim težnjam seveda nasprotujejo, se z Masovo trditvijo o plebiscitarnem pomenu volilnega izida nikakor ne strinjajo. "Separatisti so dobili sedeže, niso pa dobili glasov, torej so izgubili na plebiscitu," je v odzivu na izide poudaril vodja španskih opozicijskih socialistov Pedro Sanchez.
Mas: Dvojna zmaga je naša
Zmagovalka volitev je res enotna lista Skupaj za da (Junts pel Si), ki jo sestavljajo Masova konservativna Demokratična konvergenca Katalonije (CDC), strankarska naveza Levica/Zeleni (ICV), Katalonska republikanska levica (ERC) in še nekaj manjših skupin, vendar je dobila le 39,57 odstotka glasov. To pomeni 62 sedežev v 135-članskem regionalnem parlamentu v Barceloni. V koaliciji s skrajno levo, marksistično in odcepitvi prav tako naklonjeno Kandidaturo za ljudsko enotnost (CUP) bo sicer imela večino v parlamentu, saj je CUP dobila deset sedežev. Skupaj jih bosta tako imeli 72. Tudi skupaj zagovorniki neodvisnosti niso dobili absolutne večine glasov, ki bi bila potrebna za plebiscitarno odločitev, če bi bile nedeljske volitve tudi dejansko referendum. CUP je dobila 8,21 odstotka glasov, skupaj jih imajo odcepitvi naklonjene stranke in liste samo 47,9 odstotka, s čimer so za las zgrešile večino.
Mas kljub temu vztraja pri jasni zmagi odcepitvenih teženj. "Danes slavimo dvojno zmago. Zmagal je 'da' in zmagala je demokracija," je že v nedeljo zvečer dejal zbrani množici v Barceloni in dodal, da jim ta zmaga daje jasen mandat za izvedbo 18-mesečnega načrta, ki bo vodil v razglasitev neodvisne Katalonije. Vlada premierja Mariana Rajoya v Madridu, ki ne dovoli izvedbe referenduma, se sklicuje na z ustavo določeno enotnost španskega naroda, češ da bi kršili ustavno določilo, po katerem lahko referendum o suverenosti skliče zgolj nacionalna vlada, na njem pa da bi morali glasovati vsi Španci. Na volišča na regionalnih volitvah je v nedeljo prišlo 77 odstotkov katalonskih volivcev od skupno 5,5 milijona, od tega jih je 1,9 milijona glasovalo za Masovo listo Skupaj za da.
Državljani z novimi obrazi
"Te volitve bi morale enkrat za vselej končati razpravo o neodvisnosti," je dejal tiskovni predstavnik vladajoče španske Ljudske stranke (PP) Pablo Casado. Izpostavil je, da separatisti niso uspeli, ker niso dobili večine glasov. Ob tem je napovedal, da bo vlada v Madridu "še naprej branila enotnost Španije".
Ljudska stranka je sicer največja poraženka teh volitev, dobila je le 8,5 odstotka glasov in enajst sedežev, kar je osem sedežev manj, kot jih je imela doslej. To je eden najslabših volilnih izidov za Ljudsko stranko v Kataloniji sploh in kaže na nadaljnje upadanje priljubljenosti te stranke, ki je že na majskih volitvah v nekaterih drugih španskih regijah in na občinskih volitvah izgubila 2,5 milijona glasov. Poraženci volitev so tudi opozicijski socialisti, nič kaj obetaven rezultat z devetimi odstotki osvojenih glasov je zabeležila tudi leva stranka Podemos (Zmoremo), ki je doživela bistveni padec podpore v primerjavi z majskimi regionalnimi in lokalnimi volitvami.
Očitno pa so se številni neodvisnosti nenaklonjeni Katalonci obrnili k desnosredinski stranki Ciutadans (Državljani), regionalni podružnici sredinske stranke Ciudadanos, ki je v primerjavi z volitvami leta 2012 več kot podvojila svoj rezultat in je zdaj z 18 odstotki glasov in 25 sedeži druga najmočnejša stranka v katalonskem parlamentu. "So podporniki španske ustave, vendar imajo veliko bolj jasno izdelane ideje kot Ljudska stranka. Ob tem imajo še nekaj, kar je danes v Španiji izjemno pomembno - to so novi obrazi," pravi Emilio Sáenz-Francés, profesor mednarodnih odnosov z madridske univerze Comillas.
Mas ni nepogrešljiv
Kako se bo novoizvoljeni katalonski parlament lotil vprašanja katalonske prihodnosti, bo odvisno predvsem od tega, ali in koliko bo lista Skupaj za da, sestavljena iz strank z levega in desnega političnega pola, našla skupni jezik s skrajno levo CUP. CUP je že pred volitvami napovedala, da bo podprla nadaljevanje prizadevanj za neodvisnost Katalonije, če bodo tej ideji naklonjene stranke dobile večino sedežev in glasov, je pa pod vprašaj postavila Masovo vodenje prihodnje vlade, saj naj bi bila prav njegova desnosredinska vlada odgovorna za uvedbo strogih varčevalnih ukrepov v zadnjih letih, njegovo stranko CDC pa pretresajo tudi korupcijski škandali.
Predstavnica marksistične CUP Anna Gabriel je v nedeljo zvečer potrdila, da se bo projekt neodvisnosti Katalonije nadaljeval, dodala pa je, da "Artur Mas pri tem ni nepogrešljiv". CUP se tudi zavzema za razglasitev neodvisnosti Katalonije prej kot v 18 mesecih, kar predvideva Masov načrt.</article-text-transliterated></article><comments><comments-count>0</comments-count><comments-list /></comments></document>