<?xml version="1.0" encoding="utf-8"?>
<document global-id="si-04-1262">
	<url>https://www.vecer.com//dnevnik-raziskujem-in-uzivam-kot-se-nikoli-prej-6362404</url>
	<source-id>si-04</source-id>
	<local-id>1262</local-id>
	<source-name>Večer</source-name>
	<article>
		<article-title>Dnevnik: Raziskujem in uživam kot še nikoli prej</article-title>
		<article-title-transliterated>Dnevnik: Raziskujem in uživam kot še nikoli prej</article-title-transliterated>
		<article-time>2017-12-09</article-time>
		<article-author>Mitja Rupnik</article-author>
		<article-text>Petek, 1. december Jutro na Kitajskem je vsaj zame precej rutinska zadeva. Zbujam se zgodaj, kave sicer ne pijem več na balkonu zaradi izredno hladnega in močnega vetra, vendar ima moj apartma velika okna, tako da se z veseljem še nastavim zimskemu soncu in opazujem delavce, ki z izredno hitrostjo premikajo hrib pred mojim oknom - tu bo kmalu stala nova zgradba univerze. Ob osmih zapustim študentski apartma, ki ga delim z Gvajancem, Pakistancem, Korejcem in Egipčanom. Redne ure potekajo od 8.30 do 12. ure, nato pa kosilo v eni od številnih restavracij v trinadstropni kantini, v zgornjem nadstropju nakupovalnega centra ali pa zunaj, v ulicah pred našim kampusom. Toliko o vsakem delavnem dnevu, vsaj zjutraj. Prave dogodivščine se začnejo kasneje, po kosilu.    Kljub temu da popoldan nimam pouka, se skorajda vsak dan hitro zapolni. Študij, pomoč kitajskim študentom, večerja s prijatelji v sosednji sobi. Med nami, tujci, že vlada žalostno razpoloženje, saj nas bo kmalu zapustila večina prijateljev, ki so tu za le en semester. Zato večino časa preživljam v družbi, ki se skoraj vsak teden veča. Danes smo par uric preživeli ob zmrznjenem jezeru, v katerega smo zmetali vsaj 15 kilogramov kamnov, odlomljenih kosov ledu in odkrušenih opek, zvečer pa bomo še nekaj časa uživali v družbi in glasbi. Sobota, 2. december Dan se začne z včerajšnjim tračem. Kdo je bluzil s kom na zabavi, koga sploh ni bilo, ker se je s kom zataknil na ogrevanju - tukaj smo kot mala vas, vsakdo ve vse. Tudi sam rad počenčam, tako tudi jutro hitro mine. Danes moj prijatelj z Švice praznuje 21. rojstni dan. Hrana, ki jo bo pripravil, naj bi bila tipično evropejska, kar izredno pogrešam. Tukaj žal ni poceni dobrega kruha, sira ali mleka kakor doma. Ker je njegov cimer iz Tadžikistana, bo na zabavi tudi šiškebab. Vzdušje bo bolj umirjeno, švicarsko, pogrešalo se bo fondi in raklet. Večino dneva izkoristim predvsem za opravljanje dolžnosti okoli apartmaja, perilo in dohitevanje nalog ter ciljev, ki mi jih ni uspelo opraviti med tednom. Večino dneva sicer preživim ob cimrovem računalniku, kjer sestavljam filmček za pouk - reklame v kitajskem jeziku. Zanimivo se mi zdi, da so vse druge skupine do zdaj posnele minutne posnetke, medtem ko se je moja skupina odločila za več krajših posnetkov, ki bodo delovale kot reklamni blok, torej bolj realistično. Sicer je dela malo več, vendar je končni izdelek precej boljši. Pouk tukaj je zanimiv - bolj zahteven in intenziven, vendar dosti bolj učinkovit. Nedelja, 3. december Danes prvič ta konec tedna zapuščam kampus, v katerem živim. To univerzo trenutno obiskuje več kot 20.000 ljudi. Kljub temu da smo vsi mladi in daleč od doma, so popoldnevi večinoma prazni - nikjer ni nikogar, čeprav je vreme precej spodobno. Pravzaprav resno gnečo vidim le zjutraj, ko grem k uri, in ob poldnevu, ko se vsi odpravijo na kosilo, vendar to hitro mine. Težko je opisati to gnečo in vedno znova me preseneti dejstvo, da je skoraj petina človeštva iz Kitajske. Ne spomnim se, kdaj sem nazadnje videl nabito poln avtobus ali povsem zapolnjen vlak v Sloveniji - tukaj je situacija povsem obratna. Prazni so le kafiči, v katerih ne ponujajo čajev, v te občasno &quot;zalutamo&quot; le tujci, danes tudi jaz. Preživim razmeroma deloven dan, tri kavice, skoraj sto strani materiala in nekaj ur kasneje tudi sam zapustim lokal. Zvečer se povabim k Italijankam, ironično sosedam, na večerjo. Nabral sem si pestro skupino znancev, poleg kitajskega jezika in kulture se posredno učim še italijansko, špansko, rusko. Ponosno lahko povem, da že pridno vlečem na ušesa in občasno celo razumem celotne stavke. Predstavljajte si lik Antonia Banderasa iz 13. bojevnika, le bolj belega, zaraščenega ter z očali - tako nekako se počutim, ko sem in tja presenetim svoje gostiteljice z odgovorom ali popravkom (seveda v angleščini ali kitajščini). Pa vendar mislim, da ne bodo pozabile tistega večera, ko sem se preizkušal kot prevajalec pevca Erosa Ramazzottija, ki je po mojem ugibanju v pesmi Parla Con Me pel o neuspelih zobozdravniških posegih ... Ponedeljek, 4. december Po povsem povprečnem jutru se za spremembo odpravim v kavarno drugi dan zapored. Zveni povsem povprečno, vendar je tu kava izredno draga reč. Brez heca, za isti denar kot kavo tukaj dobim en velik obrok, riž in pijačo v običajni restavraciji. Za lažjo primerjavo si lahko kitajski juan skorajda enačite s kunami. Na mesec jih tukaj dobim 3000, kar sicer za evropske razmere zveni malo, vendar je več kot dovolj - tudi z drago kavico sem ter tja. Te mi sicer večinoma kupijo kitajski študentje, ki jim pomagam z angleščino ali nemščino. Pogosto me preseneti, kako malo dejansko plačam za kako reč. Tako stane avtobus do najbližjega mesta le en juan, do centra Daliana, okoli uro vožnje stran, pa osem njih. V klubu lahko dobiš neomejeno pijače za stotaka, a je to mogoče posebna cena za belce. Kavo sem plačal z mobitelom, s katerim sem poskeniral QR-kodo. Presenetljivo preprosto, človek skorajda izgubi pregled nad denarjem - svet dobesedno na konici prsta, s katerim vtipkaš PIN. Zelo priročno, vendar strašno, če malo pomisliš o sistemu, ki stoji za vsem tem, in možnih šibkih točkah. Najbolj strašno je seveda, kako hitro sem se sam navadil na ta način plačevanja - le zaradi priročnosti. Oborožen s tem znanjem bom zdaj pisal o svoji najljubši nogometni ekipi.        Ciril Horjak    Torek, 5. december Današnji dan preživim kot kurirček. Hladno vreme, oster veter in splošna nepripravljenost sta pokosila večino prijateljev iz tropskih in vročih krajev, pa tudi kar precej ljudi, ki naj bi bili vajeni mrzlega vremena. Danes smo bili na uri le štirje od dvajsetih. Na srečo imajo kitajski študentski domovi postajo s skorajda neomejeno vrelo pitno vodo, kar olajša celotno oskrbo s čajem, vendar je situacija kljub temu kar naporna - skoraj nikogar ni, s katerim bi lahko šel na kosilo. Popoldan je minil v logističnih pripravah za izpite, ki bodo takoj po novem letu - za čistopis zapiskov in prevajanje. Napredujem hitro, a vendar je materiala kar precej, tako da bo delo verjetno trajalo skoraj cel teden. Moj cilj na Kitajskem je seveda izboljšanje svojega znanja jezika in, zares, napredek je neverjeten v primerjavi z Slovenijo, kljub izredni kvaliteti svojih učiteljev, saj sem večino časa prisiljen govoriti v kitajščini - skoraj nedosegljivo v Sloveniji razen ob izredni mentalni disciplini. Sreda, 6. december Dan mine kakor po navadi, kljub &quot;zdravniškim&quot; posegom. Kljub vsemu, kar je treba napraviti čez dan, je zame najbolj pomembno najti nekaj časa za prijatelje. Moramo se pogovoriti o marsičem in petkova zabava je še vedno glavna tema in najbolj pereča težava. Na srečo se večina problemov reši hitro, pa vendar - čez dva dni bodo nastali novi. Tako ciklično poteka moje življenje na Kitajskem. Ker ostajam večinoma nevtralen, ljudje radi vprašajo za moje mnenje, kakšen nasvet ter sem ter tja celo kako posredovanje. Rad jim ustrežem, saj vem, da ni prijetno biti sam v tuji deželi, Poleg tega pa mi je všeč biti neke vrste starosta. Za sošolce, ki bodo odšli januarja, pripravljam pisma - spominke, ki govorijo o lepih, skupnih časih. Zanimivo, kako hitro smo se navezali in kako intimno, vendar sploh ne presenetljivo, saj živimo izredno blizu, se skupaj hranimo, učimo, spodbujamo. Nekateri preprosto &quot;kliknemo&quot;, četudi nimamo dosti skupnega. Tako je moja najboljša prijateljica v kampusu iz Mehike, deliva si le smisel za humor ter radovednost. V Mehiki namerava odpreti bar ob plaži na polotoku Jukatan. Ko pridem na obisk, bo prva kava zastonj. Četrtek, 7. december Zaradi nezanesljivega interneta ta del besedila pišem zgodaj zjutraj, ob kavi. Gledam hrib, že večidel zravnan s tlemi. Danes smo izpolnili vprašalnik o tem, kaj si želimo v novi stavbi. Osebno si želim le prostor, ki je mešanica med kavarno in čitalnico v knjižnici, kjer bi lahko bolj udobno študiral. Poleg očitnih reči, kot so družina, punca, prijatelji, jezik, pogrešam tudi mize, ki stojijo na koncu hodnikov na filofaksu v Ljubljani. Tam sem se vajen učiti. Mogoče tudi kako udobno kavarno znotraj faksa, saj znotraj dobimo kavo le &quot;to-go&quot;. Po kosilu bom stopil do jezera, ki je zdaj že izgubilo svojo ledeno prevleko - nekdo bo že tam. Načrtovanje je tukaj nesmiselno. Preveč je ljudi, preveč je stvari. Sledim svojemu dau, improviziram, raziskujem, povezujem - predvsem pa uživam kot še nikoli prej. Slovenci smo od nekdaj uspevali med pričkanjem drugih, močnejših narodov. Lepo vas pozdravljam iz sončne Kitajske.</article-text>
		<article-text-transliterated>Petek, 1. december Jutro na Kitajskem je vsaj zame precej rutinska zadeva. Zbujam se zgodaj, kave sicer ne pijem več na balkonu zaradi izredno hladnega in močnega vetra, vendar ima moj apartma velika okna, tako da se z veseljem še nastavim zimskemu soncu in opazujem delavce, ki z izredno hitrostjo premikajo hrib pred mojim oknom - tu bo kmalu stala nova zgradba univerze. Ob osmih zapustim študentski apartma, ki ga delim z Gvajancem, Pakistancem, Korejcem in Egipčanom. Redne ure potekajo od 8.30 do 12. ure, nato pa kosilo v eni od številnih restavracij v trinadstropni kantini, v zgornjem nadstropju nakupovalnega centra ali pa zunaj, v ulicah pred našim kampusom. Toliko o vsakem delavnem dnevu, vsaj zjutraj. Prave dogodivščine se začnejo kasneje, po kosilu.    Kljub temu da popoldan nimam pouka, se skorajda vsak dan hitro zapolni. Študij, pomoč kitajskim študentom, večerja s prijatelji v sosednji sobi. Med nami, tujci, že vlada žalostno razpoloženje, saj nas bo kmalu zapustila večina prijateljev, ki so tu za le en semester. Zato večino časa preživljam v družbi, ki se skoraj vsak teden veča. Danes smo par uric preživeli ob zmrznjenem jezeru, v katerega smo zmetali vsaj 15 kilogramov kamnov, odlomljenih kosov ledu in odkrušenih opek, zvečer pa bomo še nekaj časa uživali v družbi in glasbi. Sobota, 2. december Dan se začne z včerajšnjim tračem. Kdo je bluzil s kom na zabavi, koga sploh ni bilo, ker se je s kom zataknil na ogrevanju - tukaj smo kot mala vas, vsakdo ve vse. Tudi sam rad počenčam, tako tudi jutro hitro mine. Danes moj prijatelj z Švice praznuje 21. rojstni dan. Hrana, ki jo bo pripravil, naj bi bila tipično evropejska, kar izredno pogrešam. Tukaj žal ni poceni dobrega kruha, sira ali mleka kakor doma. Ker je njegov cimer iz Tadžikistana, bo na zabavi tudi šiškebab. Vzdušje bo bolj umirjeno, švicarsko, pogrešalo se bo fondi in raklet. Večino dneva izkoristim predvsem za opravljanje dolžnosti okoli apartmaja, perilo in dohitevanje nalog ter ciljev, ki mi jih ni uspelo opraviti med tednom. Večino dneva sicer preživim ob cimrovem računalniku, kjer sestavljam filmček za pouk - reklame v kitajskem jeziku. Zanimivo se mi zdi, da so vse druge skupine do zdaj posnele minutne posnetke, medtem ko se je moja skupina odločila za več krajših posnetkov, ki bodo delovale kot reklamni blok, torej bolj realistično. Sicer je dela malo več, vendar je končni izdelek precej boljši. Pouk tukaj je zanimiv - bolj zahteven in intenziven, vendar dosti bolj učinkovit. Nedelja, 3. december Danes prvič ta konec tedna zapuščam kampus, v katerem živim. To univerzo trenutno obiskuje več kot 20.000 ljudi. Kljub temu da smo vsi mladi in daleč od doma, so popoldnevi večinoma prazni - nikjer ni nikogar, čeprav je vreme precej spodobno. Pravzaprav resno gnečo vidim le zjutraj, ko grem k uri, in ob poldnevu, ko se vsi odpravijo na kosilo, vendar to hitro mine. Težko je opisati to gnečo in vedno znova me preseneti dejstvo, da je skoraj petina človeštva iz Kitajske. Ne spomnim se, kdaj sem nazadnje videl nabito poln avtobus ali povsem zapolnjen vlak v Sloveniji - tukaj je situacija povsem obratna. Prazni so le kafiči, v katerih ne ponujajo čajev, v te občasno &quot;zalutamo&quot; le tujci, danes tudi jaz. Preživim razmeroma deloven dan, tri kavice, skoraj sto strani materiala in nekaj ur kasneje tudi sam zapustim lokal. Zvečer se povabim k Italijankam, ironično sosedam, na večerjo. Nabral sem si pestro skupino znancev, poleg kitajskega jezika in kulture se posredno učim še italijansko, špansko, rusko. Ponosno lahko povem, da že pridno vlečem na ušesa in občasno celo razumem celotne stavke. Predstavljajte si lik Antonia Banderasa iz 13. bojevnika, le bolj belega, zaraščenega ter z očali - tako nekako se počutim, ko sem in tja presenetim svoje gostiteljice z odgovorom ali popravkom (seveda v angleščini ali kitajščini). Pa vendar mislim, da ne bodo pozabile tistega večera, ko sem se preizkušal kot prevajalec pevca Erosa Ramazzottija, ki je po mojem ugibanju v pesmi Parla Con Me pel o neuspelih zobozdravniških posegih ... Ponedeljek, 4. december Po povsem povprečnem jutru se za spremembo odpravim v kavarno drugi dan zapored. Zveni povsem povprečno, vendar je tu kava izredno draga reč. Brez heca, za isti denar kot kavo tukaj dobim en velik obrok, riž in pijačo v običajni restavraciji. Za lažjo primerjavo si lahko kitajski juan skorajda enačite s kunami. Na mesec jih tukaj dobim 3000, kar sicer za evropske razmere zveni malo, vendar je več kot dovolj - tudi z drago kavico sem ter tja. Te mi sicer večinoma kupijo kitajski študentje, ki jim pomagam z angleščino ali nemščino. Pogosto me preseneti, kako malo dejansko plačam za kako reč. Tako stane avtobus do najbližjega mesta le en juan, do centra Daliana, okoli uro vožnje stran, pa osem njih. V klubu lahko dobiš neomejeno pijače za stotaka, a je to mogoče posebna cena za belce. Kavo sem plačal z mobitelom, s katerim sem poskeniral QR-kodo. Presenetljivo preprosto, človek skorajda izgubi pregled nad denarjem - svet dobesedno na konici prsta, s katerim vtipkaš PIN. Zelo priročno, vendar strašno, če malo pomisliš o sistemu, ki stoji za vsem tem, in možnih šibkih točkah. Najbolj strašno je seveda, kako hitro sem se sam navadil na ta način plačevanja - le zaradi priročnosti. Oborožen s tem znanjem bom zdaj pisal o svoji najljubši nogometni ekipi.        Ciril Horjak    Torek, 5. december Današnji dan preživim kot kurirček. Hladno vreme, oster veter in splošna nepripravljenost sta pokosila večino prijateljev iz tropskih in vročih krajev, pa tudi kar precej ljudi, ki naj bi bili vajeni mrzlega vremena. Danes smo bili na uri le štirje od dvajsetih. Na srečo imajo kitajski študentski domovi postajo s skorajda neomejeno vrelo pitno vodo, kar olajša celotno oskrbo s čajem, vendar je situacija kljub temu kar naporna - skoraj nikogar ni, s katerim bi lahko šel na kosilo. Popoldan je minil v logističnih pripravah za izpite, ki bodo takoj po novem letu - za čistopis zapiskov in prevajanje. Napredujem hitro, a vendar je materiala kar precej, tako da bo delo verjetno trajalo skoraj cel teden. Moj cilj na Kitajskem je seveda izboljšanje svojega znanja jezika in, zares, napredek je neverjeten v primerjavi z Slovenijo, kljub izredni kvaliteti svojih učiteljev, saj sem večino časa prisiljen govoriti v kitajščini - skoraj nedosegljivo v Sloveniji razen ob izredni mentalni disciplini. Sreda, 6. december Dan mine kakor po navadi, kljub &quot;zdravniškim&quot; posegom. Kljub vsemu, kar je treba napraviti čez dan, je zame najbolj pomembno najti nekaj časa za prijatelje. Moramo se pogovoriti o marsičem in petkova zabava je še vedno glavna tema in najbolj pereča težava. Na srečo se večina problemov reši hitro, pa vendar - čez dva dni bodo nastali novi. Tako ciklično poteka moje življenje na Kitajskem. Ker ostajam večinoma nevtralen, ljudje radi vprašajo za moje mnenje, kakšen nasvet ter sem ter tja celo kako posredovanje. Rad jim ustrežem, saj vem, da ni prijetno biti sam v tuji deželi, Poleg tega pa mi je všeč biti neke vrste starosta. Za sošolce, ki bodo odšli januarja, pripravljam pisma - spominke, ki govorijo o lepih, skupnih časih. Zanimivo, kako hitro smo se navezali in kako intimno, vendar sploh ne presenetljivo, saj živimo izredno blizu, se skupaj hranimo, učimo, spodbujamo. Nekateri preprosto &quot;kliknemo&quot;, četudi nimamo dosti skupnega. Tako je moja najboljša prijateljica v kampusu iz Mehike, deliva si le smisel za humor ter radovednost. V Mehiki namerava odpreti bar ob plaži na polotoku Jukatan. Ko pridem na obisk, bo prva kava zastonj. Četrtek, 7. december Zaradi nezanesljivega interneta ta del besedila pišem zgodaj zjutraj, ob kavi. Gledam hrib, že večidel zravnan s tlemi. Danes smo izpolnili vprašalnik o tem, kaj si želimo v novi stavbi. Osebno si želim le prostor, ki je mešanica med kavarno in čitalnico v knjižnici, kjer bi lahko bolj udobno študiral. Poleg očitnih reči, kot so družina, punca, prijatelji, jezik, pogrešam tudi mize, ki stojijo na koncu hodnikov na filofaksu v Ljubljani. Tam sem se vajen učiti. Mogoče tudi kako udobno kavarno znotraj faksa, saj znotraj dobimo kavo le &quot;to-go&quot;. Po kosilu bom stopil do jezera, ki je zdaj že izgubilo svojo ledeno prevleko - nekdo bo že tam. Načrtovanje je tukaj nesmiselno. Preveč je ljudi, preveč je stvari. Sledim svojemu dau, improviziram, raziskujem, povezujem - predvsem pa uživam kot še nikoli prej. Slovenci smo od nekdaj uspevali med pričkanjem drugih, močnejših narodov. Lepo vas pozdravljam iz sončne Kitajske.</article-text-transliterated>
	</article>
	<comments>
		<comments-count>0</comments-count>
		<comments-list/>
	</comments>
</document>
