<document global-id="si-04-1305"><url>https://www.vecer.com//zacela-se-je-letosnja-dokumentarna-zetev-10061046</url><source-id>si-04</source-id><local-id>si-04-1305</local-id><source-name>Večer</source-name><article><article-title>Dokumentarni filmi v Mariboru: V Sodnem stolpu 36 dokumentarcev, debate ...</article-title><article-title-transliterated>Dokumentarni filmi v Mariboru: V Sodnem stolpu 36 dokumentarcev, debate ...</article-title-transliterated><article_time>2019-09-04</article_time><article-author>Petra Zemljič</article-author><article-text>Danes se v Mariboru začenja petdnevno druženje filmskih ustvarjalcev in ljubiteljev dokumentarnega žanra - 8. mednarodni festival dokumentarnega filma DOKUDOC. V Sodnem stolpu bo na ogled 36 izbranih slovenskih in tujih dokumentarnih del, slišali pa bomo tudi kar nekaj pogovorov z režiserji in ustvarjalci. Začelo se bo torej drevi ob 18. uri s filmom Vprašanje identitete režiserke Sabrine Morena, slavnostno odprtje pa je ob 20. uri, ko bo po glasbenem uvodu na ogled še film Bend vs Brend režiserk Hanne Szentpeteri &amp; Simone Jerala. Vse festivalske projekcije so brezplačne.
Programska selektorica Maja Malus Azhdari pravi, da so na odprti poziv dobili 65 prijav. "Za prikaz sem izbrala program, kjer dokumentarna zvrst ponuja inovativen prikaz realnosti, teme so raznovrstne, v letošnji ediciji zasledimo glasbene filme, filme o migracijah, videli bomo nekaj portretov, tuji filmi pa letos ponujajo jazz, plezanje in zgodbe, ki jih pišejo vode. Program ne izpostavlja določene festivalske tematike, prikazuje novejše filme slovenskih ustarjalcev. Festival ne usmerja produkcije in izbora vsebin, se pa trudi povečati distribucijo slovenskega dokumentarnega filma." DOKU žirija v sestavi Mako Sajko, Damjan Kozole, Siniša Gačić in Petra Seliškar pa bo tudi letos enemu slovenskemu dokumentarnemu filmu podelila naziv DOKU IZBRANI 2019.







Sašo Bizjak Letošnji mednarodni festival dokumentarnega filma je nared. 



V sekciji DOKU retro se letos poklanjajo režiserki in scenaristki Alenki Auersperger, saj ji bodo za izjemen prispevek k razvoju slovenskega dokumentarnega filma podelili plaketo DOKUMENTARNO IME 2019. Alenka Auersperger je avtorica treh monografskih publikacij: Kitajski zapiski (1994), Popotni kronogrami (2003) in Iskalci grala (2004). Sicer je avtorica več kot 50 dokumentarnih filmov in reportaž. Blizu so ji pripovedi starih ljudi, na primer Jožefa Čudna ali princese Rechbach. Od prvih filmskih začetkov dopisnice TV Ljubljana iz Sarajeva, prek številnih filmskih dokumentarcev s socialno vsebino - od Romov, zapornikov, brezdomcev, osamljencev, se je po dveletnem bivanju na Kitajskem in dveletnem na Madžarskem osredotočila predvsem na narodnostna vprašanja. Nekatera njena zadnja dela na Televiziji Slovenija so povezana s poskusi oživljanja nemške manjšine. Predvajanje dokumentarnih filmov njenih izbranih del bo v nedeljo, 8. septembra, ob 18. uri, v Sodnem stolpu.
Stalnica DOKUDOC programa ostajajo DOKU pogovori, kjer bo s Sabino Đogić, filmsko režiserko in producentko, beseda tekla o starševstvu v povezavi s filmskih ustvarjanjem; kakšni so torej socialni, finančni, ustvarjalni in časovni pogoji za samozaposlene starše na avdiovizualnem področju ter zakoni in strahovi, s katerimi se ta sektor sooča. Govorili bodo filmski ustvarjalci, predstavniki vlade, zavoda za zdravstveno zavarovanje, centra za socialno delo, društva Asociacije in Filmskega centra.







Sašo Bizjak Ribak, uradna maskota festivala



Brezplačni sta DOKU delavnici. Ena bo na temo avtorstva v dokumentarnem filmu, vodi jo režiser Dimitar Anakiev. Zasnova in odprt koncept delavnice temeljita na razmišljanju in filmskem jeziku, poudarjata pa kvaliteto, lastno angažiranost in avtorski pristop pri ustvarjanju dokumentarnih filmov, napovedujejo organizatorji. Skozi sklop teoretičnega dela delavnice bodo udeleženci spoznali dokumentarni film, osnove scenarija, filmsko montažo ter se v praktičnem delu tudi preizkusili v snemanju in montaži dokumentarnega filma. Druga delavnica bo na temo pisanja filmske kritike z Arminom Fatićem, novinarjem in filmskim kritikom, ki sodeluje s številnimi časopisi in festivali v Jugovzhodni Evropi. Zanimajo ga eksperimentalni snemalni pristopi sodobnih filmskih ustvarjalcev in družbena vloga filma v sodobnem svetu. V petek in soboto bo zdaj že tradicionalna DOKU zabava v Gustafu v Pekarni.</article-text><article-text-transliterated>Danes se v Mariboru začenja petdnevno druženje filmskih ustvarjalcev in ljubiteljev dokumentarnega žanra - 8. mednarodni festival dokumentarnega filma DOKUDOC. V Sodnem stolpu bo na ogled 36 izbranih slovenskih in tujih dokumentarnih del, slišali pa bomo tudi kar nekaj pogovorov z režiserji in ustvarjalci. Začelo se bo torej drevi ob 18. uri s filmom Vprašanje identitete režiserke Sabrine Morena, slavnostno odprtje pa je ob 20. uri, ko bo po glasbenem uvodu na ogled še film Bend vs Brend režiserk Hanne Szentpeteri &amp; Simone Jerala. Vse festivalske projekcije so brezplačne.
Programska selektorica Maja Malus Azhdari pravi, da so na odprti poziv dobili 65 prijav. "Za prikaz sem izbrala program, kjer dokumentarna zvrst ponuja inovativen prikaz realnosti, teme so raznovrstne, v letošnji ediciji zasledimo glasbene filme, filme o migracijah, videli bomo nekaj portretov, tuji filmi pa letos ponujajo jazz, plezanje in zgodbe, ki jih pišejo vode. Program ne izpostavlja določene festivalske tematike, prikazuje novejše filme slovenskih ustarjalcev. Festival ne usmerja produkcije in izbora vsebin, se pa trudi povečati distribucijo slovenskega dokumentarnega filma." DOKU žirija v sestavi Mako Sajko, Damjan Kozole, Siniša Gačić in Petra Seliškar pa bo tudi letos enemu slovenskemu dokumentarnemu filmu podelila naziv DOKU IZBRANI 2019.







Sašo Bizjak Letošnji mednarodni festival dokumentarnega filma je nared. 



V sekciji DOKU retro se letos poklanjajo režiserki in scenaristki Alenki Auersperger, saj ji bodo za izjemen prispevek k razvoju slovenskega dokumentarnega filma podelili plaketo DOKUMENTARNO IME 2019. Alenka Auersperger je avtorica treh monografskih publikacij: Kitajski zapiski (1994), Popotni kronogrami (2003) in Iskalci grala (2004). Sicer je avtorica več kot 50 dokumentarnih filmov in reportaž. Blizu so ji pripovedi starih ljudi, na primer Jožefa Čudna ali princese Rechbach. Od prvih filmskih začetkov dopisnice TV Ljubljana iz Sarajeva, prek številnih filmskih dokumentarcev s socialno vsebino - od Romov, zapornikov, brezdomcev, osamljencev, se je po dveletnem bivanju na Kitajskem in dveletnem na Madžarskem osredotočila predvsem na narodnostna vprašanja. Nekatera njena zadnja dela na Televiziji Slovenija so povezana s poskusi oživljanja nemške manjšine. Predvajanje dokumentarnih filmov njenih izbranih del bo v nedeljo, 8. septembra, ob 18. uri, v Sodnem stolpu.
Stalnica DOKUDOC programa ostajajo DOKU pogovori, kjer bo s Sabino Đogić, filmsko režiserko in producentko, beseda tekla o starševstvu v povezavi s filmskih ustvarjanjem; kakšni so torej socialni, finančni, ustvarjalni in časovni pogoji za samozaposlene starše na avdiovizualnem področju ter zakoni in strahovi, s katerimi se ta sektor sooča. Govorili bodo filmski ustvarjalci, predstavniki vlade, zavoda za zdravstveno zavarovanje, centra za socialno delo, društva Asociacije in Filmskega centra.







Sašo Bizjak Ribak, uradna maskota festivala



Brezplačni sta DOKU delavnici. Ena bo na temo avtorstva v dokumentarnem filmu, vodi jo režiser Dimitar Anakiev. Zasnova in odprt koncept delavnice temeljita na razmišljanju in filmskem jeziku, poudarjata pa kvaliteto, lastno angažiranost in avtorski pristop pri ustvarjanju dokumentarnih filmov, napovedujejo organizatorji. Skozi sklop teoretičnega dela delavnice bodo udeleženci spoznali dokumentarni film, osnove scenarija, filmsko montažo ter se v praktičnem delu tudi preizkusili v snemanju in montaži dokumentarnega filma. Druga delavnica bo na temo pisanja filmske kritike z Arminom Fatićem, novinarjem in filmskim kritikom, ki sodeluje s številnimi časopisi in festivali v Jugovzhodni Evropi. Zanimajo ga eksperimentalni snemalni pristopi sodobnih filmskih ustvarjalcev in družbena vloga filma v sodobnem svetu. V petek in soboto bo zdaj že tradicionalna DOKU zabava v Gustafu v Pekarni.</article-text-transliterated></article><comments><comments-count>0</comments-count><comments-list /></comments></document>